,position,handedness,player,pitcher,p_throws,lineup_spot,away_team,home_team,status,rating,team,playerid,FanDuel,DraftKings,pred_hr,pred_odds,diff,HR,date,sb_odds,sb_hr,sb_under_odds,sb_under_pred,under_pred,pick,profit
0,2B,R,Nico Hoerner,Max Fried,L,1,CHC,NYY,away,3.94,CHC,663538.0,1100.0,950.0,11.3,785.0,315.0,0,2025-07-12,950.0,9.5,-953.0,90.5,88.7,0,0.0
1,RF,L,Kyle Tucker,Max Fried,L,2,CHC,NYY,away,6.5,CHC,663656.0,350.0,425.0,18.6,438.0,-13.0,0,2025-07-12,350.0,22.2,-350.0,77.8,81.4,0,0.0
2,DH,R,Seiya Suzuki,Max Fried,L,3,CHC,NYY,away,7.64,CHC,673548.0,400.0,475.0,21.9,357.0,118.0,0,2025-07-12,400.0,20.0,-400.0,80.0,78.1,0,0.0
3,C,R,Carson Kelly,Max Fried,L,4,CHC,NYY,away,5.47,CHC,608348.0,680.0,650.0,15.6,541.0,139.0,1,2025-07-12,650.0,13.3,-652.0,86.7,84.4,0,0.0
4,CF,L,Pete Crow-Armstrong,Max Fried,L,5,CHC,NYY,away,6.53,CHC,691718.0,440.0,475.0,18.7,435.0,40.0,0,2025-07-12,440.0,18.5,-441.0,81.5,81.3,0,0.0
5,SS,R,Dansby Swanson,Max Fried,L,6,CHC,NYY,away,6.37,CHC,621020.0,630.0,700.0,18.2,449.0,251.0,0,2025-07-12,630.0,13.700000000000001,-630.0,86.3,81.8,0,0.0
6,LF,S,Ian Happ,Max Fried,L,7,CHC,NYY,away,5.68,CHC,664023.0,680.0,750.0,16.2,517.0,233.0,0,2025-07-12,680.0,12.8,-681.0,87.2,83.8,0,0.0
7,1B,R,Justin Turner,Max Fried,L,8,CHC,NYY,away,3.95,CHC,457759.0,900.0,,11.3,785.0,115.0,0,2025-07-12,900.0,10.0,-900.0,90.0,88.7,0,0.0
8,3B,R,Jon Berti,Max Fried,L,9,CHC,NYY,away,3.66,CHC,542932.0,1060.0,1500.0,10.5,852.0,648.0,0,2025-07-12,1060.0,8.6,-1063.0,91.4,89.5,0,0.0
9,1B,R,Paul Goldschmidt,Matthew Boyd,L,1,CHC,NYY,home,6.18,NYY,502671.0,480.0,350.0,17.7,465.0,15.0,0,2025-07-12,350.0,22.2,-350.0,77.8,82.3,0,0.0
10,LF,L,Cody Bellinger,Matthew Boyd,L,2,CHC,NYY,home,4.96,NYY,641355.0,500.0,450.0,14.2,604.0,-104.0,0,2025-07-12,450.0,18.2,-449.0,81.8,85.8,0,0.0
11,RF,R,Aaron Judge,Matthew Boyd,L,3,CHC,NYY,home,10.77,NYY,592450.0,176.0,190.0,30.8,225.0,-35.0,1,2025-07-12,176.0,36.199999999999996,-176.0,63.800000000000004,69.2,0,0.0
12,DH,R,Giancarlo Stanton,Matthew Boyd,L,4,CHC,NYY,home,6.57,NYY,519317.0,280.0,260.0,18.8,432.0,-152.0,0,2025-07-12,260.0,27.800000000000004,-260.0,72.19999999999999,81.2,0,0.0
13,2B,L,Jazz Chisholm,Matthew Boyd,L,5,CHC,NYY,home,6.67,NYY,665862.0,390.0,500.0,19.1,424.0,76.0,0,2025-07-12,390.0,20.4,-390.0,79.6,80.9,0,0.0
14,CF,L,Trent Grisham,Matthew Boyd,L,6,CHC,NYY,home,6.25,NYY,663757.0,400.0,450.0,17.9,459.0,-9.0,0,2025-07-12,400.0,20.0,-400.0,80.0,82.1,0,0.0
15,SS,R,Anthony Volpe,Matthew Boyd,L,7,CHC,NYY,home,4.88,NYY,683011.0,630.0,550.0,14.000000000000002,614.0,16.0,0,2025-07-12,550.0,15.4,-549.0,84.6,86.0,0,0.0
16,C,L,Austin Wells,Matthew Boyd,L,8,CHC,NYY,home,5.38,NYY,669224.0,480.0,450.0,15.4,549.0,-69.0,0,2025-07-12,450.0,18.2,-449.0,81.8,84.6,0,0.0
17,3B,R,Oswald Peraza,Matthew Boyd,L,9,CHC,NYY,home,5.7,NYY,672724.0,830.0,700.0,16.3,513.0,317.0,0,2025-07-12,700.0,12.5,-700.0,87.5,83.7,0,0.0
18,SS,L,J.P. Crawford,Casey Mize,R,1,SEA,DET,away,4.65,SEA,641487.0,900.0,1000.0,13.3,652.0,348.0,0,2025-07-12,900.0,10.0,-900.0,90.0,86.7,0,0.0
19,C,S,Cal Raleigh,Casey Mize,R,3,SEA,DET,away,7.16,SEA,663728.0,255.0,250.0,20.5,388.0,-133.0,0,2025-07-12,250.0,28.599999999999998,-250.0,71.4,79.5,0,0.0
20,LF,R,Randy Arozarena,Casey Mize,R,4,SEA,DET,away,4.91,SEA,668227.0,600.0,500.0,14.000000000000002,614.0,-14.0,1,2025-07-12,500.0,16.7,-499.0,83.3,86.0,0,0.0
21,DH,S,Jorge Polanco,Casey Mize,R,5,SEA,DET,away,5.06,SEA,593871.0,560.0,600.0,14.499999999999998,590.0,10.0,0,2025-07-12,560.0,15.2,-558.0,84.8,85.5,0,0.0
22,1B,L,Luke Raley,Casey Mize,R,6,SEA,DET,away,6.03,SEA,670042.0,560.0,650.0,17.2,481.0,169.0,1,2025-07-12,560.0,15.2,-558.0,84.8,82.8,0,0.0
23,RF,L,Dominic Canzone,Casey Mize,R,7,SEA,DET,away,5.72,SEA,686527.0,540.0,650.0,16.400000000000002,510.0,140.0,0,2025-07-12,540.0,15.6,-541.0,84.4,83.6,0,0.0
24,3B,R,Ben Williamson,Casey Mize,R,8,SEA,DET,away,2.97,SEA,810938.0,1100.0,1500.0,8.5,1076.0,424.0,0,2025-07-12,1100.0,8.3,-1105.0,91.7,91.5,0,0.0
25,2B,L,Cole Young,Casey Mize,R,9,SEA,DET,away,3.56,SEA,702284.0,1060.0,1600.0,10.2,880.0,720.0,0,2025-07-12,1060.0,8.6,-1063.0,91.4,89.8,0,0.0
26,DH,L,Colt Keith,George Kirby,R,1,SEA,DET,home,5.83,DET,690993.0,700.0,600.0,16.7,499.0,201.0,0,2025-07-12,600.0,14.299999999999999,-599.0,85.7,83.3,0,0.0
27,2B,R,Gleyber Torres,George Kirby,R,2,SEA,DET,home,3.96,DET,650402.0,750.0,900.0,11.3,785.0,115.0,0,2025-07-12,750.0,11.799999999999999,-747.0,88.2,88.7,0,0.0
28,RF,S,Wenceel Perez,George Kirby,R,3,SEA,DET,home,4.71,DET,672761.0,750.0,600.0,13.5,641.0,109.0,0,2025-07-12,600.0,14.299999999999999,-599.0,85.7,86.5,0,0.0
29,LF,L,Riley Greene,George Kirby,R,4,SEA,DET,home,6.22,DET,682985.0,430.0,500.0,17.8,462.0,38.0,1,2025-07-12,430.0,18.9,-429.0,81.1,82.2,0,0.0
30,1B,R,Spencer Torkelson,George Kirby,R,5,SEA,DET,home,4.78,DET,679529.0,450.0,550.0,13.7,630.0,-80.0,0,2025-07-12,450.0,18.2,-449.0,81.8,86.3,0,0.0
31,3B,L,Zach McKinstry,George Kirby,R,6,SEA,DET,home,3.75,DET,656716.0,900.0,850.0,10.7,835.0,65.0,1,2025-07-12,850.0,10.5,-852.0,89.5,89.3,0,0.0
32,CF,R,Matt Vierling,George Kirby,R,7,SEA,DET,home,4.5,DET,663837.0,830.0,900.0,12.9,675.0,225.0,0,2025-07-12,830.0,10.8,-826.0,89.2,87.1,0,0.0
33,SS,L,Trey Sweeney,George Kirby,R,8,SEA,DET,home,4.98,DET,700242.0,750.0,650.0,14.2,604.0,146.0,0,2025-07-12,650.0,13.3,-652.0,86.7,85.8,0,0.0
34,C,R,Jake Rogers,George Kirby,R,9,SEA,DET,home,4.31,DET,668670.0,800.0,450.0,12.3,713.0,87.0,0,2025-07-12,450.0,18.2,-449.0,81.8,87.7,0,0.0
35,1B,L,Spencer Horwitz,Travis Adams,R,1,PIT,MIN,away,6.27,PIT,687462.0,560.0,550.0,17.9,459.0,101.0,0,2025-07-12,550.0,15.4,-549.0,84.6,82.1,0,0.0
36,DH,R,Andrew McCutchen,Travis Adams,R,2,PIT,MIN,away,5.27,PIT,457705.0,480.0,500.0,15.1,562.0,-62.0,0,2025-07-12,480.0,17.2,-481.0,82.8,84.9,0,0.0
37,RF,S,Bryan Reynolds,Travis Adams,R,3,PIT,MIN,away,6.42,PIT,668804.0,480.0,450.0,18.4,443.0,37.0,0,2025-07-12,450.0,18.2,-449.0,81.8,81.6,0,0.0
38,2B,R,Nick Gonzales,Travis Adams,R,4,PIT,MIN,away,4.23,PIT,693304.0,680.0,600.0,12.1,726.0,-46.0,0,2025-07-12,600.0,14.299999999999999,-599.0,85.7,87.9,0,0.0
39,CF,L,Oneil Cruz,Travis Adams,R,5,PIT,MIN,away,8.45,PIT,665833.0,310.0,285.0,24.2,313.0,-3.0,0,2025-07-12,285.0,26.0,-285.0,74.0,75.8,0,0.0
40,3B,R,Ke'Bryan Hayes,Travis Adams,R,6,PIT,MIN,away,3.58,PIT,663647.0,870.0,900.0,10.2,880.0,20.0,0,2025-07-12,870.0,10.299999999999999,-871.0,89.7,89.8,0,0.0
41,SS,R,Isiah Kiner-Falefa,Travis Adams,R,9,PIT,MIN,away,2.46,PIT,643396.0,1300.0,1100.0,7.000000000000001,1329.0,-29.0,0,2025-07-12,1100.0,8.3,-1105.0,91.7,93.0,0,0.0
42,CF,R,Byron Buxton,Mike Burrows,R,1,PIT,MIN,home,6.01,MIN,621439.0,285.0,275.0,17.2,481.0,-196.0,1,2025-07-12,275.0,26.700000000000003,-275.0,73.3,82.8,0,0.0
43,LF,S,Willi Castro,Mike Burrows,R,2,PIT,MIN,home,4.64,MIN,650489.0,630.0,475.0,13.3,652.0,-22.0,1,2025-07-12,475.0,17.4,-475.0,82.6,86.7,0,0.0
44,RF,L,Trevor Larnach,Mike Burrows,R,3,PIT,MIN,home,6.24,MIN,663616.0,560.0,370.0,17.8,462.0,98.0,0,2025-07-12,370.0,21.3,-369.0,78.7,82.2,0,0.0
45,C,R,Ryan Jeffers,Mike Burrows,R,4,PIT,MIN,home,4.97,MIN,680777.0,600.0,550.0,14.2,604.0,-4.0,0,2025-07-12,550.0,15.4,-549.0,84.6,85.8,0,0.0
46,SS,S,Brooks Lee,Mike Burrows,R,5,PIT,MIN,home,4.37,MIN,686797.0,520.0,425.0,12.5,700.0,-180.0,0,2025-07-12,425.0,19.0,-426.0,81.0,87.5,0,0.0
47,DH,L,Matt Wallner,Mike Burrows,R,6,PIT,MIN,home,6.84,MIN,670242.0,420.0,400.0,19.6,410.0,10.0,1,2025-07-12,400.0,20.0,-400.0,80.0,80.4,0,0.0
48,3B,R,Royce Lewis,Mike Burrows,R,7,PIT,MIN,home,5.01,MIN,668904.0,630.0,400.0,14.3,599.0,31.0,0,2025-07-12,400.0,20.0,-400.0,80.0,85.7,0,0.0
49,1B,R,Ty France,Mike Burrows,R,8,PIT,MIN,home,3.6,MIN,664034.0,900.0,550.0,10.3,871.0,29.0,0,2025-07-12,550.0,15.4,-549.0,84.6,89.7,0,0.0
50,2B,L,Kody Clemens,Mike Burrows,R,9,PIT,MIN,home,5.77,MIN,665019.0,400.0,290.0,16.5,506.0,-106.0,1,2025-07-12,290.0,25.6,-291.0,74.4,83.5,0,0.0
51,RF,R,Ronald Acuna,Erick Fedde,R,1,ATL,STL,away,6.61,ATL,660670.0,340.0,320.0,18.9,429.0,-89.0,1,2025-07-12,320.0,23.799999999999997,-320.0,76.2,81.1,0,0.0
52,1B,L,Matt Olson,Erick Fedde,R,2,ATL,STL,away,6.67,ATL,621566.0,330.0,310.0,19.1,424.0,-94.0,0,2025-07-12,310.0,24.4,-310.0,75.6,80.9,0,0.0
53,DH,R,Marcell Ozuna,Erick Fedde,R,3,ATL,STL,away,5.96,ATL,542303.0,470.0,425.0,17.0,488.0,-18.0,1,2025-07-12,425.0,19.0,-426.0,81.0,83.0,0,0.0
54,LF,S,Jurickson Profar,Erick Fedde,R,5,ATL,STL,away,4.89,ATL,595777.0,680.0,700.0,14.000000000000002,614.0,86.0,0,2025-07-12,680.0,12.8,-681.0,87.2,86.0,0,0.0
55,C,L,Drake Baldwin,Erick Fedde,R,6,ATL,STL,away,5.02,ATL,686948.0,750.0,,14.4,594.0,156.0,0,2025-07-12,750.0,11.799999999999999,-747.0,88.2,85.6,0,0.0
56,2B,S,Ozzie Albies,Erick Fedde,R,7,ATL,STL,away,3.32,ATL,645277.0,600.0,500.0,9.5,953.0,-353.0,0,2025-07-12,500.0,16.7,-499.0,83.3,90.5,0,0.0
57,CF,L,Michael Harris II,Erick Fedde,R,8,ATL,STL,away,4.25,ATL,671739.0,700.0,600.0,12.2,720.0,-20.0,0,2025-07-12,600.0,14.299999999999999,-599.0,85.7,87.8,0,0.0
58,SS,R,Nick Allen,Erick Fedde,R,9,ATL,STL,away,2.29,ATL,669397.0,1200.0,1200.0,6.5,1438.0,-238.0,0,2025-07-12,1200.0,7.7,-1199.0,92.3,93.5,1,0.83
59,C,R,William Contreras,Shinnosuke Ogasawara,L,2,WSH,MIL,home,5.51,MIL,661388.0,540.0,350.0,15.8,533.0,7.0,0,2025-07-12,350.0,22.2,-350.0,77.8,84.2,0,0.0
60,2B,S,Xavier Edwards,Trevor Rogers,L,1,MIA,BAL,away,2.84,MIA,669364.0,1060.0,750.0,8.1,1135.0,-75.0,1,2025-07-12,750.0,11.799999999999999,-747.0,88.2,91.9,0,0.0
61,DH,R,Agustin Ramirez,Trevor Rogers,L,2,MIA,BAL,away,6.08,MIA,682663.0,370.0,475.0,17.4,475.0,0.0,0,2025-07-12,370.0,21.3,-369.0,78.7,82.6,0,0.0
62,SS,R,Otto Lopez,Trevor Rogers,L,3,MIA,BAL,away,4.61,MIA,672640.0,750.0,600.0,13.2,658.0,92.0,0,2025-07-12,600.0,14.299999999999999,-599.0,85.7,86.8,0,0.0
63,RF,R,Heriberto Hernandez,Trevor Rogers,L,4,MIA,BAL,away,3.81,MIA,681715.0,600.0,650.0,10.9,817.0,-167.0,0,2025-07-12,600.0,14.299999999999999,-599.0,85.7,89.1,0,0.0
64,1B,R,Eric Wagaman,Trevor Rogers,L,5,MIA,BAL,away,4.76,MIA,676572.0,560.0,600.0,13.6,635.0,-35.0,0,2025-07-12,560.0,15.2,-558.0,84.8,86.4,0,0.0
65,LF,R,Dane Myers,Trevor Rogers,L,7,MIA,BAL,away,5.62,MIA,667472.0,630.0,550.0,16.1,521.0,109.0,0,2025-07-12,550.0,15.4,-549.0,84.6,83.9,0,0.0
66,C,R,Nick Fortes,Trevor Rogers,L,8,MIA,BAL,away,3.33,MIA,663743.0,750.0,700.0,9.5,953.0,-203.0,0,2025-07-12,700.0,12.5,-700.0,87.5,90.5,0,0.0
67,CF,R,Derek Hill,Trevor Rogers,L,9,MIA,BAL,away,5.57,MIA,656537.0,800.0,650.0,15.9,529.0,271.0,0,2025-07-12,650.0,13.3,-652.0,86.7,84.1,0,0.0
68,2B,L,Jackson Holliday,Janson Junk,R,1,MIA,BAL,home,3.47,BAL,702616.0,420.0,425.0,9.9,910.0,-485.0,0,2025-07-12,420.0,19.2,-421.0,80.8,90.1,0,0.0
69,3B,R,Jordan Westburg,Janson Junk,R,2,MIA,BAL,home,5.56,BAL,676059.0,330.0,340.0,15.9,529.0,-189.0,0,2025-07-12,330.0,23.3,-329.0,76.7,84.1,0,0.0
70,SS,L,Gunnar Henderson,Janson Junk,R,3,MIA,BAL,home,6.65,BAL,683002.0,350.0,340.0,19.0,426.0,-76.0,0,2025-07-12,340.0,22.7,-341.0,77.3,81.0,0,0.0
71,1B,L,Ryan O'Hearn,Janson Junk,R,4,MIA,BAL,home,5.83,BAL,656811.0,360.0,425.0,16.7,499.0,-74.0,0,2025-07-12,360.0,21.7,-361.0,78.3,83.3,0,0.0
72,RF,R,Ramon Laureano,Janson Junk,R,5,MIA,BAL,home,4.61,BAL,657656.0,400.0,425.0,13.2,658.0,-233.0,0,2025-07-12,400.0,20.0,-400.0,80.0,86.8,0,0.0
73,LF,L,Colton Cowser,Janson Junk,R,6,MIA,BAL,home,6.12,BAL,681297.0,400.0,380.0,17.5,471.0,-71.0,0,2025-07-12,380.0,20.8,-381.0,79.2,82.5,0,0.0
74,DH,R,Tyler O'Neill,Janson Junk,R,7,MIA,BAL,home,5.28,BAL,641933.0,420.0,450.0,15.1,562.0,-112.0,0,2025-07-12,420.0,19.2,-421.0,80.8,84.9,0,0.0
75,CF,L,Cedric Mullins,Janson Junk,R,8,MIA,BAL,home,3.98,BAL,656775.0,460.0,475.0,11.4,777.0,-302.0,0,2025-07-12,460.0,17.9,-459.0,82.1,88.6,0,0.0
76,C,R,Jacob Stallings,Janson Junk,R,9,MIA,BAL,home,2.72,BAL,607732.0,900.0,800.0,7.8,1182.0,-282.0,0,2025-07-12,800.0,11.1,-801.0,88.9,92.2,1,1.25
77,DH,L,Shohei Ohtani,Landen Roupp,R,1,LAD,SF,away,8.5,LAD,660271.0,300.0,285.0,24.3,312.0,-12.0,0,2025-07-12,285.0,26.0,-285.0,74.0,75.7,0,0.0
78,SS,R,Mookie Betts,Landen Roupp,R,2,LAD,SF,away,3.77,LAD,605141.0,800.0,700.0,10.8,826.0,-26.0,0,2025-07-12,700.0,12.5,-700.0,87.5,89.2,0,0.0
79,1B,L,Freddie Freeman,Landen Roupp,R,3,LAD,SF,away,5.29,LAD,518692.0,800.0,700.0,15.1,562.0,238.0,0,2025-07-12,700.0,12.5,-700.0,87.5,84.9,0,0.0
80,RF,R,Teoscar Hernandez,Landen Roupp,R,5,LAD,SF,away,4.61,LAD,606192.0,750.0,650.0,13.2,658.0,92.0,0,2025-07-12,650.0,13.3,-652.0,86.7,86.8,0,0.0
81,CF,R,Andy Pages,Landen Roupp,R,6,LAD,SF,away,3.56,LAD,681624.0,750.0,600.0,10.2,880.0,-130.0,0,2025-07-12,600.0,14.299999999999999,-599.0,85.7,89.8,0,0.0
82,LF,L,Michael Conforto,Landen Roupp,R,7,LAD,SF,away,4.06,LAD,624424.0,830.0,650.0,11.6,762.0,68.0,0,2025-07-12,650.0,13.3,-652.0,86.7,88.4,0,0.0
83,3B,S,Tommy Edman,Landen Roupp,R,8,LAD,SF,away,3.31,LAD,669242.0,1100.0,1000.0,9.5,953.0,147.0,0,2025-07-12,1000.0,9.1,-999.0,90.9,90.5,0,0.0
84,2B,L,Hyeseong Kim,Landen Roupp,R,9,LAD,SF,away,2.59,LAD,808975.0,1400.0,,7.399999999999999,1251.0,149.0,0,2025-07-12,1400.0,6.7,-1393.0,93.3,92.6,0,0.0
85,RF,L,Mike Yastrzemski,Emmet Sheehan,R,1,LAD,SF,home,4.68,SF,573262.0,600.0,550.0,13.4,646.0,-46.0,0,2025-07-12,550.0,15.4,-549.0,84.6,86.6,0,0.0
86,DH,L,Rafael Devers,Emmet Sheehan,R,2,LAD,SF,home,6.77,SF,646240.0,470.0,350.0,19.4,415.0,55.0,0,2025-07-12,350.0,22.2,-350.0,77.8,80.6,0,0.0
87,LF,R,Heliot Ramos,Emmet Sheehan,R,3,LAD,SF,home,3.94,SF,671218.0,630.0,475.0,11.3,785.0,-155.0,0,2025-07-12,475.0,17.4,-475.0,82.6,88.7,0,0.0
88,3B,R,Matt Chapman,Emmet Sheehan,R,4,LAD,SF,home,4.66,SF,656305.0,500.0,400.0,13.3,652.0,-152.0,0,2025-07-12,400.0,20.0,-400.0,80.0,86.7,0,0.0
89,CF,L,Jung Hoo Lee,Emmet Sheehan,R,5,LAD,SF,home,3.38,SF,808982.0,1100.0,800.0,9.7,931.0,169.0,0,2025-07-12,800.0,11.1,-801.0,88.9,90.3,0,0.0
90,SS,R,Willy Adames,Emmet Sheehan,R,6,LAD,SF,home,4.54,SF,642715.0,680.0,500.0,13.0,669.0,11.0,0,2025-07-12,500.0,16.7,-499.0,83.3,87.0,0,0.0
91,C,S,Patrick Bailey,Emmet Sheehan,R,8,LAD,SF,home,2.9,SF,672275.0,1200.0,,8.3,1105.0,95.0,0,2025-07-12,1200.0,7.7,-1199.0,92.3,91.7,0,0.0
92,2B,R,Casey Schmitt,Emmet Sheehan,R,9,LAD,SF,home,3.26,SF,669477.0,900.0,750.0,9.3,975.0,-75.0,0,2025-07-12,750.0,11.799999999999999,-747.0,88.2,90.7,0,0.0
93,DH,R,Yandy Diaz,Garrett Crochet,L,1,TB,BOS,away,7.06,TB,650490.0,600.0,600.0,20.200000000000003,395.0,205.0,0,2025-07-12,600.0,14.299999999999999,-599.0,85.7,79.8,0,0.0
94,SS,R,Ha-Seong Kim,Garrett Crochet,L,2,TB,BOS,away,6.43,TB,673490.0,1000.0,850.0,18.4,443.0,557.0,0,2025-07-12,850.0,10.5,-852.0,89.5,81.6,0,0.0
95,3B,R,Junior Caminero,Garrett Crochet,L,3,TB,BOS,away,6.8,TB,691406.0,560.0,500.0,19.4,415.0,145.0,0,2025-07-12,500.0,16.7,-499.0,83.3,80.6,0,0.0
96,CF,S,Jake Mangum,Garrett Crochet,L,5,TB,BOS,away,3.66,TB,663968.0,1100.0,1400.0,10.5,852.0,548.0,0,2025-07-12,1100.0,8.3,-1105.0,91.7,89.5,0,0.0
97,LF,R,Christopher Morel,Garrett Crochet,L,6,TB,BOS,away,6.02,TB,666624.0,600.0,600.0,17.2,481.0,119.0,0,2025-07-12,600.0,14.299999999999999,-599.0,85.7,82.8,0,0.0
98,RF,R,Jose Caballero,Garrett Crochet,L,7,TB,BOS,away,3.46,TB,676609.0,1060.0,1200.0,9.9,910.0,290.0,0,2025-07-12,1060.0,8.6,-1063.0,91.4,90.1,0,0.0
99,2B,S,Taylor Walls,Garrett Crochet,L,8,TB,BOS,away,2.6,TB,670764.0,1100.0,1300.0,7.399999999999999,1251.0,49.0,0,2025-07-12,1100.0,8.3,-1105.0,91.7,92.6,0,0.0
100,C,R,Danny Jansen,Garrett Crochet,L,9,TB,BOS,away,3.67,TB,643376.0,800.0,650.0,10.5,852.0,-52.0,0,2025-07-12,650.0,13.3,-652.0,86.7,89.5,0,0.0
101,LF,L,Jarren Duran,Shane Baz,R,1,TB,BOS,home,6.11,BOS,680776.0,600.0,425.0,17.5,471.0,129.0,0,2025-07-12,425.0,19.0,-426.0,81.0,82.5,0,0.0
102,C,R,Carlos Narvaez,Shane Baz,R,4,TB,BOS,home,4.38,BOS,665966.0,,600.0,12.5,700.0,,0,2025-07-12,,,,,87.5,0,0.0
103,RF,L,Wilyer Abreu,Shane Baz,R,5,TB,BOS,home,6.6,BOS,677800.0,,425.0,18.9,429.0,,0,2025-07-12,,,,,81.1,0,0.0
104,1B,S,Abraham Toro,Shane Baz,R,6,TB,BOS,home,4.06,BOS,647351.0,900.0,950.0,11.6,762.0,188.0,0,2025-07-12,900.0,10.0,-900.0,90.0,88.4,0,0.0
105,SS,R,Trevor Story,Shane Baz,R,7,TB,BOS,home,4.58,BOS,596115.0,600.0,400.0,13.1,663.0,-63.0,0,2025-07-12,400.0,20.0,-400.0,80.0,86.9,0,0.0
106,2B,L,Marcelo Mayer,Shane Baz,R,8,TB,BOS,home,5.38,BOS,691785.0,680.0,700.0,15.4,549.0,151.0,0,2025-07-12,680.0,12.8,-681.0,87.2,84.6,0,0.0
107,CF,R,Ceddanne Rafaela,Shane Baz,R,9,TB,BOS,home,5.31,BOS,678882.0,630.0,700.0,15.2,558.0,142.0,0,2025-07-12,630.0,13.700000000000001,-630.0,86.3,84.8,0,0.0
108,LF,L,Steven Kwan,Sean Burke,R,1,CLE,CWS,away,4.66,CLE,680757.0,700.0,650.0,13.3,652.0,48.0,0,2025-07-12,650.0,13.3,-652.0,86.7,86.7,0,0.0
109,DH,L,Kyle Manzardo,Sean Burke,R,2,CLE,CWS,away,6.26,CLE,700932.0,360.0,295.0,17.9,459.0,-99.0,1,2025-07-12,295.0,25.3,-295.0,74.7,82.1,0,0.0
110,3B,S,Jose Ramirez,Sean Burke,R,3,CLE,CWS,away,5.89,CLE,608070.0,300.0,255.0,16.8,495.0,-195.0,0,2025-07-12,255.0,28.199999999999996,-255.0,71.80000000000001,83.2,0,0.0
111,1B,S,Carlos Santana,Sean Burke,R,4,CLE,CWS,away,4.95,CLE,467793.0,460.0,390.0,14.2,604.0,-144.0,0,2025-07-12,390.0,20.4,-390.0,79.6,85.8,0,0.0
112,2B,L,Daniel Schneemann,Sean Burke,R,5,CLE,CWS,away,7.07,CLE,682177.0,470.0,500.0,20.200000000000003,395.0,105.0,0,2025-07-12,470.0,17.5,-471.0,82.5,79.8,0,0.0
113,CF,S,Angel Martinez,Sean Burke,R,6,CLE,CWS,away,4.22,CLE,682657.0,680.0,500.0,12.1,726.0,-46.0,0,2025-07-12,500.0,16.7,-499.0,83.3,87.9,0,0.0
114,RF,L,Nolan Jones,Sean Burke,R,8,CLE,CWS,away,6.23,CLE,666134.0,600.0,450.0,17.8,462.0,138.0,0,2025-07-12,450.0,18.2,-449.0,81.8,82.2,0,0.0
115,SS,S,Brayan Rocchio,Sean Burke,R,9,CLE,CWS,away,3.67,CLE,677587.0,900.0,950.0,10.5,852.0,98.0,0,2025-07-12,900.0,10.0,-900.0,90.0,89.5,0,0.0
116,RF,L,Mike Tauchman,Tanner Bibee,R,1,CLE,CWS,home,5.48,CWS,643565.0,540.0,500.0,15.7,537.0,3.0,0,2025-07-12,500.0,16.7,-499.0,83.3,84.3,0,0.0
117,2B,R,Chase Meidroth,Tanner Bibee,R,2,CLE,CWS,home,3.41,CWS,805367.0,750.0,800.0,9.8,920.0,-120.0,0,2025-07-12,750.0,11.799999999999999,-747.0,88.2,90.2,0,0.0
118,LF,L,Andrew Benintendi,Tanner Bibee,R,3,CLE,CWS,home,6.92,CWS,643217.0,520.0,380.0,19.8,405.0,115.0,0,2025-07-12,380.0,20.8,-381.0,79.2,80.2,0,0.0
119,1B,R,Miguel Vargas,Tanner Bibee,R,4,CLE,CWS,home,4.77,CWS,678246.0,480.0,360.0,13.6,635.0,-155.0,0,2025-07-12,360.0,21.7,-361.0,78.3,86.4,0,0.0
120,C,L,Kyle Teel,Tanner Bibee,R,5,CLE,CWS,home,6.47,CWS,691019.0,630.0,600.0,18.5,441.0,189.0,0,2025-07-12,600.0,14.299999999999999,-599.0,85.7,81.5,0,0.0
121,CF,R,Luis Robert,Tanner Bibee,R,6,CLE,CWS,home,5.41,CWS,673357.0,420.0,400.0,15.5,545.0,-125.0,0,2025-07-12,400.0,20.0,-400.0,80.0,84.5,0,0.0
122,DH,R,Lenyn Sosa,Tanner Bibee,R,7,CLE,CWS,home,4.26,CWS,672820.0,560.0,,12.2,720.0,-160.0,0,2025-07-12,560.0,15.2,-558.0,84.8,87.8,0,0.0
123,3B,L,Josh Rojas,Tanner Bibee,R,9,CLE,CWS,home,4.32,CWS,668942.0,800.0,750.0,12.4,706.0,94.0,0,2025-07-12,750.0,11.799999999999999,-747.0,88.2,87.6,0,0.0
124,LF,L,Brandon Nimmo,Michael Lorenzen,R,1,NYM,KC,away,5.9,NYM,607043.0,450.0,425.0,16.900000000000002,492.0,-42.0,0,2025-07-12,425.0,19.0,-426.0,81.0,83.1,0,0.0
125,SS,S,Francisco Lindor,Michael Lorenzen,R,2,NYM,KC,away,5.06,NYM,596019.0,450.0,450.0,14.499999999999998,590.0,-140.0,0,2025-07-12,450.0,18.2,-449.0,81.8,85.5,0,0.0
126,RF,L,Juan Soto,Michael Lorenzen,R,3,NYM,KC,away,7.52,NYM,665742.0,330.0,350.0,21.5,365.0,-15.0,1,2025-07-12,330.0,23.3,-329.0,76.7,78.5,0,0.0
127,1B,R,Pete Alonso,Michael Lorenzen,R,4,NYM,KC,away,6.52,NYM,624413.0,310.0,330.0,18.6,438.0,-108.0,0,2025-07-12,310.0,24.4,-310.0,75.6,81.4,0,0.0
128,DH,R,Mark Vientos,Michael Lorenzen,R,5,NYM,KC,away,4.43,NYM,668901.0,600.0,450.0,12.7,687.0,-87.0,0,2025-07-12,450.0,18.2,-449.0,81.8,87.3,0,0.0
129,CF,L,Jeff McNeil,Michael Lorenzen,R,6,NYM,KC,away,3.78,NYM,643446.0,800.0,750.0,10.8,826.0,-26.0,0,2025-07-12,750.0,11.799999999999999,-747.0,88.2,89.2,0,0.0
130,C,R,Luis Torrens,Michael Lorenzen,R,8,NYM,KC,away,5.07,NYM,620443.0,900.0,950.0,14.499999999999998,590.0,360.0,0,2025-07-12,900.0,10.0,-900.0,90.0,85.5,0,0.0
131,2B,L,Brett Baty,Michael Lorenzen,R,9,NYM,KC,away,4.89,NYM,683146.0,,700.0,14.000000000000002,614.0,,0,2025-07-12,,,,,86.0,0,0.0
132,2B,R,Jonathan India,Frankie Montas,R,1,NYM,KC,home,4.19,KC,663697.0,870.0,600.0,12.0,733.0,137.0,0,2025-07-12,600.0,14.299999999999999,-599.0,85.7,88.0,0,0.0
133,SS,R,Bobby Witt,Frankie Montas,R,2,NYM,KC,home,6.92,KC,677951.0,450.0,390.0,19.8,405.0,45.0,0,2025-07-12,390.0,20.4,-390.0,79.6,80.2,0,0.0
134,1B,L,Vinnie Pasquantino,Frankie Montas,R,3,NYM,KC,home,5.11,KC,686469.0,500.0,500.0,14.6,585.0,-85.0,0,2025-07-12,500.0,16.7,-499.0,83.3,85.4,0,0.0
135,3B,R,Maikel Garcia,Frankie Montas,R,4,NYM,KC,home,4.21,KC,672580.0,900.0,850.0,12.0,733.0,167.0,0,2025-07-12,850.0,10.5,-852.0,89.5,88.0,0,0.0
136,DH,R,Salvador Perez,Frankie Montas,R,5,NYM,KC,home,5.61,KC,521692.0,480.0,425.0,16.0,525.0,-45.0,0,2025-07-12,425.0,19.0,-426.0,81.0,84.0,0,0.0
137,RF,L,Jac Caglianone,Frankie Montas,R,6,NYM,KC,home,4.21,KC,695506.0,500.0,700.0,12.0,733.0,-33.0,0,2025-07-12,500.0,16.7,-499.0,83.3,88.0,0,0.0
138,LF,R,Nick Loftin,Frankie Montas,R,7,NYM,KC,home,3.63,KC,679845.0,900.0,800.0,10.4,862.0,38.0,0,2025-07-12,800.0,11.1,-801.0,88.9,89.6,0,0.0
139,CF,L,Kyle Isbel,Frankie Montas,R,9,NYM,KC,home,3.34,KC,664728.0,1060.0,800.0,9.6,942.0,118.0,0,2025-07-12,800.0,11.1,-801.0,88.9,90.4,0,0.0
140,SS,L,CJ Abrams,Brandon Woodruff,R,1,WSH,MIL,away,7.05,WSH,682928.0,480.0,450.0,20.200000000000003,395.0,85.0,0,2025-07-12,450.0,18.2,-449.0,81.8,79.8,0,0.0
141,LF,L,James Wood,Brandon Woodruff,R,2,WSH,MIL,away,9.9,WSH,695578.0,350.0,380.0,28.3,253.0,127.0,0,2025-07-12,350.0,22.2,-350.0,77.8,71.7,0,0.0
142,2B,L,Luis Garcia,Brandon Woodruff,R,3,WSH,MIL,away,7.72,WSH,671277.0,560.0,500.0,22.1,352.0,208.0,0,2025-07-12,500.0,16.7,-499.0,83.3,77.9,0,0.0
143,1B,L,Nathaniel Lowe,Brandon Woodruff,R,4,WSH,MIL,away,6.24,WSH,663993.0,600.0,500.0,17.8,462.0,138.0,0,2025-07-12,500.0,16.7,-499.0,83.3,82.2,0,0.0
144,DH,S,Josh Bell,Brandon Woodruff,R,5,WSH,MIL,away,6.71,WSH,605137.0,520.0,425.0,19.2,421.0,99.0,0,2025-07-12,425.0,19.0,-426.0,81.0,80.8,0,0.0
145,RF,L,Daylen Lile,Brandon Woodruff,R,7,WSH,MIL,away,5.43,WSH,695734.0,830.0,750.0,15.5,545.0,285.0,1,2025-07-12,750.0,11.799999999999999,-747.0,88.2,84.5,0,0.0
146,C,R,Riley Adams,Brandon Woodruff,R,8,WSH,MIL,away,5.57,WSH,656180.0,870.0,600.0,15.9,529.0,341.0,0,2025-07-12,600.0,14.299999999999999,-599.0,85.7,84.1,0,0.0
147,CF,R,Jacob Young,Brandon Woodruff,R,9,WSH,MIL,away,3.42,WSH,696285.0,1400.0,1600.0,9.8,920.0,680.0,0,2025-07-12,1400.0,6.7,-1393.0,93.3,90.2,0,0.0
148,CF,R,Jackson Chourio,Shinnosuke Ogasawara,L,1,WSH,MIL,home,6.19,MIL,694192.0,450.0,400.0,17.7,465.0,-15.0,0,2025-07-12,400.0,20.0,-400.0,80.0,82.3,0,0.0
149,DH,L,Christian Yelich,Shinnosuke Ogasawara,L,3,WSH,MIL,home,5.5,MIL,592885.0,360.0,500.0,15.7,537.0,-37.0,0,2025-07-12,360.0,21.7,-361.0,78.3,84.3,0,0.0
150,LF,S,Isaac Collins,Shinnosuke Ogasawara,L,4,WSH,MIL,home,4.13,MIL,686555.0,750.0,600.0,11.8,747.0,3.0,0,2025-07-12,600.0,14.299999999999999,-599.0,85.7,88.2,0,0.0
151,3B,R,Caleb Durbin,Shinnosuke Ogasawara,L,5,WSH,MIL,home,4.65,MIL,702332.0,,,13.3,652.0,,0,2025-07-12,,,,,86.7,0,0.0
152,RF,L,Sal Frelick,Shinnosuke Ogasawara,L,6,WSH,MIL,home,3.38,MIL,686217.0,830.0,650.0,9.7,931.0,-101.0,0,2025-07-12,650.0,13.3,-652.0,86.7,90.3,0,0.0
153,1B,R,Andrew Vaughn,Shinnosuke Ogasawara,L,7,WSH,MIL,home,5.91,MIL,683734.0,430.0,280.0,16.900000000000002,492.0,-62.0,0,2025-07-12,280.0,26.3,-280.0,73.7,83.1,0,0.0
154,2B,L,Brice Turang,Shinnosuke Ogasawara,L,8,WSH,MIL,home,3.66,MIL,668930.0,900.0,750.0,10.5,852.0,48.0,0,2025-07-12,750.0,11.799999999999999,-747.0,88.2,89.5,0,0.0
155,SS,R,Joey Ortiz,Shinnosuke Ogasawara,L,9,WSH,MIL,home,3.77,MIL,687401.0,830.0,500.0,10.8,826.0,4.0,0,2025-07-12,500.0,16.7,-499.0,83.3,89.2,0,0.0
156,2B,R,Marcus Semien,Framber Valdez,L,1,TEX,HOU,away,5.14,TEX,543760.0,830.0,850.0,14.7,580.0,270.0,1,2025-07-12,830.0,10.8,-826.0,89.2,85.3,0,0.0
157,LF,R,Wyatt Langford,Framber Valdez,L,2,TEX,HOU,away,6.32,TEX,694671.0,600.0,650.0,18.1,452.0,198.0,0,2025-07-12,600.0,14.299999999999999,-599.0,85.7,81.9,0,0.0
158,SS,L,Corey Seager,Framber Valdez,L,3,TEX,HOU,away,6.14,TEX,608369.0,430.0,550.0,17.599999999999998,468.0,82.0,0,2025-07-12,430.0,18.9,-429.0,81.1,82.4,0,0.0
159,RF,R,Adolis Garcia,Framber Valdez,L,4,TEX,HOU,away,6.3,TEX,666969.0,750.0,650.0,18.0,456.0,294.0,0,2025-07-12,650.0,13.3,-652.0,86.7,82.0,0,0.0
160,1B,R,Jake Burger,Framber Valdez,L,5,TEX,HOU,away,5.68,TEX,669394.0,560.0,600.0,16.2,517.0,83.0,0,2025-07-12,560.0,15.2,-558.0,84.8,83.8,0,0.0
161,DH,S,Jonah Heim,Framber Valdez,L,6,TEX,HOU,away,3.99,TEX,641680.0,900.0,850.0,11.4,777.0,123.0,0,2025-07-12,850.0,10.5,-852.0,89.5,88.6,0,0.0
162,C,R,Kyle Higashioka,Framber Valdez,L,7,TEX,HOU,away,5.03,TEX,543309.0,,,14.4,594.0,,1,2025-07-12,,,,,85.6,0,0.0
163,3B,R,Ezequiel Duran,Framber Valdez,L,8,TEX,HOU,away,3.34,TEX,677649.0,1200.0,1100.0,9.6,942.0,258.0,0,2025-07-12,1100.0,8.3,-1105.0,91.7,90.4,0,0.0
164,CF,S,Sam Haggerty,Framber Valdez,L,9,TEX,HOU,away,2.75,TEX,664059.0,1300.0,1000.0,7.9,1166.0,134.0,0,2025-07-12,1000.0,9.1,-999.0,90.9,92.1,0,0.0
165,3B,R,Isaac Paredes,Jacob deGrom,R,1,TEX,HOU,home,3.63,HOU,670623.0,560.0,450.0,10.4,862.0,-302.0,0,2025-07-12,450.0,18.2,-449.0,81.8,89.6,0,0.0
166,RF,R,Cam Smith,Jacob deGrom,R,2,TEX,HOU,home,3.69,HOU,701358.0,830.0,600.0,10.6,843.0,-13.0,0,2025-07-12,600.0,14.299999999999999,-599.0,85.7,89.4,0,0.0
167,LF,R,Jose Altuve,Jacob deGrom,R,3,TEX,HOU,home,4.17,HOU,514888.0,630.0,550.0,11.9,740.0,-110.0,1,2025-07-12,550.0,15.4,-549.0,84.6,88.1,0,0.0
168,1B,R,Christian Walker,Jacob deGrom,R,4,TEX,HOU,home,6.12,HOU,572233.0,560.0,425.0,17.5,471.0,89.0,0,2025-07-12,425.0,19.0,-426.0,81.0,82.5,0,0.0
169,C,R,Yainer Diaz,Jacob deGrom,R,5,TEX,HOU,home,4.71,HOU,673237.0,680.0,650.0,13.5,641.0,39.0,1,2025-07-12,650.0,13.3,-652.0,86.7,86.5,0,0.0
170,DH,S,Cooper Hummel,Jacob deGrom,R,6,TEX,HOU,home,3.86,HOU,669450.0,,900.0,11.0,809.0,,0,2025-07-12,,,,,89.0,0,0.0
171,CF,L,Taylor Trammell,Jacob deGrom,R,8,TEX,HOU,home,2.36,HOU,666211.0,870.0,,6.7,1393.0,-523.0,0,2025-07-12,870.0,10.299999999999999,-871.0,89.7,93.3,1,1.15
172,SS,R,Zack Short,Jacob deGrom,R,9,TEX,HOU,home,2.55,HOU,670097.0,,,7.3,1270.0,,0,2025-07-12,,,,,92.7,0,0.0
173,SS,R,Trea Turner,Yu Darvish,R,1,PHI,SD,away,4.56,PHI,607208.0,500.0,650.0,13.0,669.0,-19.0,0,2025-07-12,500.0,16.7,-499.0,83.3,87.0,0,0.0
174,DH,L,Kyle Schwarber,Yu Darvish,R,2,PHI,SD,away,7.95,PHI,656941.0,240.0,230.0,22.7,341.0,-101.0,0,2025-07-12,230.0,30.3,-230.0,69.7,77.3,0,0.0
175,1B,L,Bryce Harper,Yu Darvish,R,3,PHI,SD,away,5.69,PHI,547180.0,330.0,300.0,16.3,513.0,-183.0,0,2025-07-12,300.0,25.0,-300.0,75.0,83.7,0,0.0
176,3B,R,Alec Bohm,Yu Darvish,R,4,PHI,SD,away,4.37,PHI,664761.0,600.0,750.0,12.5,700.0,50.0,0,2025-07-12,600.0,14.299999999999999,-599.0,85.7,87.5,0,0.0
177,RF,R,Nick Castellanos,Yu Darvish,R,5,PHI,SD,away,4.73,PHI,592206.0,500.0,550.0,13.5,641.0,-91.0,0,2025-07-12,500.0,16.7,-499.0,83.3,86.5,0,0.0
178,LF,L,Max Kepler,Yu Darvish,R,6,PHI,SD,away,5.36,PHI,596146.0,480.0,475.0,15.3,554.0,-74.0,0,2025-07-12,475.0,17.4,-475.0,82.6,84.7,0,0.0
179,C,R,J.T. Realmuto,Yu Darvish,R,7,PHI,SD,away,4.24,PHI,592663.0,600.0,600.0,12.1,726.0,-126.0,0,2025-07-12,600.0,14.299999999999999,-599.0,85.7,87.9,0,0.0
180,2B,L,Bryson Stott,Yu Darvish,R,8,PHI,SD,away,4.26,PHI,681082.0,680.0,800.0,12.2,720.0,80.0,0,2025-07-12,680.0,12.8,-681.0,87.2,87.8,0,0.0
181,CF,L,Brandon Marsh,Yu Darvish,R,9,PHI,SD,away,4.66,PHI,669016.0,680.0,650.0,13.3,652.0,28.0,0,2025-07-12,650.0,13.3,-652.0,86.7,86.7,0,0.0
182,RF,R,Fernando Tatis,Zack Wheeler,R,1,PHI,SD,home,6.44,SD,665487.0,420.0,390.0,18.4,443.0,-23.0,0,2025-07-12,390.0,20.4,-390.0,79.6,81.6,0,0.0
183,1B,L,Luis Arraez,Zack Wheeler,R,2,PHI,SD,home,3.16,SD,650333.0,1060.0,1100.0,9.0,1011.0,89.0,0,2025-07-12,1060.0,8.6,-1063.0,91.4,91.0,0,0.0
184,3B,R,Manny Machado,Zack Wheeler,R,3,PHI,SD,home,5.23,SD,592518.0,450.0,425.0,15.0,567.0,-117.0,0,2025-07-12,425.0,19.0,-426.0,81.0,85.0,0,0.0
185,LF,L,Gavin Sheets,Zack Wheeler,R,4,PHI,SD,home,5.27,SD,657757.0,560.0,500.0,15.1,562.0,-2.0,0,2025-07-12,500.0,16.7,-499.0,83.3,84.9,0,0.0
186,CF,L,Jackson Merrill,Zack Wheeler,R,5,PHI,SD,home,5.62,SD,701538.0,600.0,500.0,16.1,521.0,79.0,1,2025-07-12,500.0,16.7,-499.0,83.3,83.9,0,0.0
187,SS,R,Xander Bogaerts,Zack Wheeler,R,6,PHI,SD,home,3.01,SD,593428.0,750.0,850.0,8.6,1063.0,-213.0,0,2025-07-12,750.0,11.799999999999999,-747.0,88.2,91.4,1,1.34
188,2B,L,Jake Cronenworth,Zack Wheeler,R,7,PHI,SD,home,4.98,SD,630105.0,630.0,600.0,14.2,604.0,26.0,0,2025-07-12,600.0,14.299999999999999,-599.0,85.7,85.8,0,0.0
189,DH,L,Trenton Brooks,Zack Wheeler,R,8,PHI,SD,home,4.16,SD,670092.0,830.0,800.0,11.9,740.0,90.0,0,2025-07-12,800.0,11.1,-801.0,88.9,88.1,0,0.0
190,C,R,Martin Maldonado,Zack Wheeler,R,9,PHI,SD,home,4.49,SD,455117.0,870.0,1000.0,12.8,681.0,319.0,0,2025-07-12,870.0,10.299999999999999,-871.0,89.7,87.2,0,0.0
191,2B,S,Ketel Marte,Yusei Kikuchi,L,1,ARI,LAA,away,8.08,ARI,606466.0,240.0,255.0,23.1,333.0,-78.0,0,2025-07-12,240.0,29.4,-240.0,70.6,76.9,0,0.0
192,CF,L,Corbin Carroll,Yusei Kikuchi,L,2,ARI,LAA,away,7.0,ARI,682998.0,360.0,340.0,20.0,400.0,-40.0,0,2025-07-12,340.0,22.7,-341.0,77.3,80.0,0,0.0
193,LF,R,Lourdes Gurriel,Yusei Kikuchi,L,3,ARI,LAA,away,5.26,ARI,666971.0,480.0,450.0,15.0,567.0,-87.0,0,2025-07-12,450.0,18.2,-449.0,81.8,85.0,0,0.0
194,DH,R,Eugenio Suarez,Yusei Kikuchi,L,4,ARI,LAA,away,7.0,ARI,553993.0,340.0,285.0,20.0,400.0,-60.0,1,2025-07-12,285.0,26.0,-285.0,74.0,80.0,0,0.0
195,RF,R,Randal Grichuk,Yusei Kikuchi,L,5,ARI,LAA,away,6.55,ARI,545341.0,420.0,360.0,18.7,435.0,-15.0,0,2025-07-12,360.0,21.7,-361.0,78.3,81.3,0,0.0
196,1B,L,Josh Naylor,Yusei Kikuchi,L,6,ARI,LAA,away,4.7,ARI,647304.0,500.0,425.0,13.4,646.0,-146.0,0,2025-07-12,425.0,19.0,-426.0,81.0,86.6,0,0.0
197,SS,S,Geraldo Perdomo,Yusei Kikuchi,L,7,ARI,LAA,away,4.15,ARI,672695.0,900.0,800.0,11.9,740.0,160.0,0,2025-07-12,800.0,11.1,-801.0,88.9,88.1,0,0.0
198,C,R,James McCann,Yusei Kikuchi,L,9,ARI,LAA,away,6.46,ARI,543510.0,680.0,550.0,18.5,441.0,239.0,0,2025-07-12,550.0,15.4,-549.0,84.6,81.5,0,0.0
199,SS,R,Zach Neto,Zac Gallen,R,1,ARI,LAA,home,6.85,LAA,687263.0,430.0,400.0,19.6,410.0,20.0,0,2025-07-12,400.0,20.0,-400.0,80.0,80.4,0,0.0
200,1B,L,Nolan Schanuel,Zac Gallen,R,2,ARI,LAA,home,5.41,LAA,694384.0,830.0,750.0,15.5,545.0,285.0,0,2025-07-12,750.0,11.799999999999999,-747.0,88.2,84.5,0,0.0
201,DH,R,Mike Trout,Zac Gallen,R,3,ARI,LAA,home,7.37,LAA,545361.0,285.0,230.0,21.1,374.0,-89.0,1,2025-07-12,230.0,30.3,-230.0,69.7,78.9,0,0.0
202,LF,R,Taylor Ward,Zac Gallen,R,4,ARI,LAA,home,6.86,LAA,621493.0,440.0,370.0,19.6,410.0,30.0,0,2025-07-12,370.0,21.3,-369.0,78.7,80.4,0,0.0
203,CF,R,Jo Adell,Zac Gallen,R,5,ARI,LAA,home,6.56,LAA,666176.0,390.0,350.0,18.8,432.0,-42.0,0,2025-07-12,350.0,22.2,-350.0,77.8,81.2,0,0.0
204,RF,R,Jorge Soler,Zac Gallen,R,6,ARI,LAA,home,6.27,LAA,624585.0,470.0,425.0,17.9,459.0,11.0,0,2025-07-12,425.0,19.0,-426.0,81.0,82.1,0,0.0
205,3B,S,Yoan Moncada,Zac Gallen,R,8,ARI,LAA,home,5.65,LAA,660162.0,520.0,425.0,16.2,517.0,3.0,0,2025-07-12,425.0,19.0,-426.0,81.0,83.8,0,0.0
206,2B,S,Luis Rengifo,Zac Gallen,R,9,ARI,LAA,home,4.23,LAA,650859.0,1000.0,900.0,12.1,726.0,274.0,0,2025-07-12,900.0,10.0,-900.0,90.0,87.9,0,0.0
207,3B,R,Ernie Clement,Jacob Lopez,L,1,TOR,ATH,away,4.22,TOR,676391.0,700.0,550.0,12.1,726.0,-26.0,0,2025-07-12,550.0,15.4,-549.0,84.6,87.9,0,0.0
208,RF,R,George Springer,Jacob Lopez,L,2,TOR,ATH,away,6.79,TOR,543807.0,340.0,320.0,19.4,415.0,-75.0,0,2025-07-12,320.0,23.799999999999997,-320.0,76.2,80.6,0,0.0
209,1B,R,Vladimir Guerrero,Jacob Lopez,L,3,TOR,ATH,away,7.11,TOR,665489.0,340.0,280.0,20.3,393.0,-53.0,0,2025-07-12,280.0,26.3,-280.0,73.7,79.7,0,0.0
210,SS,R,Bo Bichette,Jacob Lopez,L,4,TOR,ATH,away,4.79,TOR,666182.0,500.0,380.0,13.7,630.0,-130.0,0,2025-07-12,380.0,20.8,-381.0,79.2,86.3,0,0.0
211,DH,R,Alejandro Kirk,Jacob Lopez,L,5,TOR,ATH,away,4.63,TOR,672386.0,520.0,475.0,13.2,658.0,-138.0,0,2025-07-12,475.0,17.4,-475.0,82.6,86.8,0,0.0
212,LF,R,Davis Schneider,Jacob Lopez,L,6,TOR,ATH,away,5.44,TOR,676914.0,500.0,360.0,15.6,541.0,-41.0,0,2025-07-12,360.0,21.7,-361.0,78.3,84.4,0,0.0
213,CF,R,Myles Straw,Jacob Lopez,L,7,TOR,ATH,away,3.56,TOR,664702.0,1200.0,1000.0,10.2,880.0,320.0,0,2025-07-12,1000.0,9.1,-999.0,90.9,89.8,0,0.0
214,2B,R,Leo Jimenez,Jacob Lopez,L,9,TOR,ATH,away,3.67,TOR,677870.0,900.0,900.0,10.5,852.0,48.0,1,2025-07-12,900.0,10.0,-900.0,90.0,89.5,0,0.0
215,RF,L,Lawrence Butler,Kevin Gausman,R,1,TOR,ATH,home,5.75,ATH,671732.0,450.0,425.0,16.400000000000002,510.0,-60.0,0,2025-07-12,425.0,19.0,-426.0,81.0,83.6,0,0.0
216,SS,R,Jacob Wilson,Kevin Gausman,R,2,TOR,ATH,home,3.05,ATH,805779.0,680.0,,8.7,1049.0,-369.0,0,2025-07-12,680.0,12.8,-681.0,87.2,91.3,0,0.0
217,DH,R,Brent Rooker,Kevin Gausman,R,3,TOR,ATH,home,6.15,ATH,667670.0,350.0,295.0,17.599999999999998,468.0,-118.0,1,2025-07-12,295.0,25.3,-295.0,74.7,82.4,0,0.0
218,1B,L,Nick Kurtz,Kevin Gausman,R,4,TOR,ATH,home,7.87,ATH,701762.0,350.0,330.0,22.5,344.0,6.0,0,2025-07-12,330.0,23.3,-329.0,76.7,77.5,0,0.0
219,3B,R,Miguel Andujar,Kevin Gausman,R,5,TOR,ATH,home,3.51,ATH,609280.0,,750.0,10.0,900.0,,0,2025-07-12,,,,,90.0,0,0.0
220,C,R,Shea Langeliers,Kevin Gausman,R,6,TOR,ATH,home,5.46,ATH,669127.0,350.0,320.0,15.6,541.0,-191.0,0,2025-07-12,320.0,23.799999999999997,-320.0,76.2,84.4,0,0.0
221,LF,L,Tyler Soderstrom,Kevin Gausman,R,7,TOR,ATH,home,6.79,ATH,691016.0,480.0,425.0,19.4,415.0,65.0,0,2025-07-12,425.0,19.0,-426.0,81.0,80.6,0,0.0
222,CF,R,Denzel Clarke,Kevin Gausman,R,9,TOR,ATH,home,4.62,ATH,672016.0,870.0,650.0,13.2,658.0,212.0,0,2025-07-12,650.0,13.3,-652.0,86.7,86.8,0,0.0
223,LF,L,Jarren Duran,Colin Rea,R,1,BOS,CHC,away,6.21,BOS,680776.0,500.0,500.0,17.8,462.0,38.0,0,2025-07-18,500.0,16.7,-499.0,83.3,82.2,0,0.0
224,3B,R,Alex Bregman,Colin Rea,R,2,BOS,CHC,away,5.32,BOS,608324.0,450.0,550.0,15.2,558.0,-8.0,0,2025-07-18,450.0,18.2,-449.0,81.8,84.8,0,0.0
225,C,R,Carlos Narvaez,Colin Rea,R,4,BOS,CHC,away,4.13,BOS,665966.0,750.0,800.0,11.8,747.0,53.0,0,2025-07-18,750.0,11.799999999999999,-747.0,88.2,88.2,0,0.0
226,RF,L,Wilyer Abreu,Colin Rea,R,5,BOS,CHC,away,6.64,BOS,677800.0,440.0,450.0,19.0,426.0,24.0,0,2025-07-18,440.0,18.5,-441.0,81.5,81.0,0,0.0
227,SS,R,Trevor Story,Colin Rea,R,6,BOS,CHC,away,4.37,BOS,596115.0,600.0,650.0,12.5,700.0,-50.0,0,2025-07-18,600.0,14.299999999999999,-599.0,85.7,87.5,0,0.0
228,2B,L,Marcelo Mayer,Colin Rea,R,7,BOS,CHC,away,5.19,BOS,691785.0,750.0,750.0,14.8,576.0,174.0,0,2025-07-18,750.0,11.799999999999999,-747.0,88.2,85.2,0,0.0
229,CF,R,Ceddanne Rafaela,Colin Rea,R,8,BOS,CHC,away,4.51,BOS,678882.0,800.0,650.0,12.9,675.0,125.0,0,2025-07-18,650.0,13.3,-652.0,86.7,87.1,0,0.0
230,1B,S,Abraham Toro,Colin Rea,R,9,BOS,CHC,away,3.46,BOS,647351.0,900.0,750.0,9.9,910.0,-10.0,0,2025-07-18,750.0,11.799999999999999,-747.0,88.2,90.1,0,0.0
231,1B,L,Michael Busch,Lucas Giolito,R,1,BOS,CHC,home,7.48,CHC,683737.0,440.0,425.0,21.4,367.0,73.0,0,2025-07-18,425.0,19.0,-426.0,81.0,78.6,0,0.0
232,RF,L,Kyle Tucker,Lucas Giolito,R,2,BOS,CHC,home,6.36,CHC,663656.0,520.0,500.0,18.2,449.0,71.0,0,2025-07-18,500.0,16.7,-499.0,83.3,81.8,0,0.0
233,DH,R,Seiya Suzuki,Lucas Giolito,R,3,BOS,CHC,home,5.77,CHC,673548.0,400.0,400.0,16.5,506.0,-106.0,1,2025-07-18,400.0,20.0,-400.0,80.0,83.5,0,0.0
234,CF,L,Pete Crow-Armstrong,Lucas Giolito,R,4,BOS,CHC,home,6.13,CHC,691718.0,390.0,400.0,17.5,471.0,-71.0,0,2025-07-18,390.0,20.4,-390.0,79.6,82.5,0,0.0
235,C,R,Carson Kelly,Lucas Giolito,R,5,BOS,CHC,home,3.69,CHC,608348.0,680.0,700.0,10.6,843.0,-143.0,0,2025-07-18,680.0,12.8,-681.0,87.2,89.4,0,0.0
236,LF,S,Ian Happ,Lucas Giolito,R,6,BOS,CHC,home,4.52,CHC,664023.0,600.0,600.0,12.9,675.0,-75.0,0,2025-07-18,600.0,14.299999999999999,-599.0,85.7,87.1,0,0.0
237,SS,R,Dansby Swanson,Lucas Giolito,R,7,BOS,CHC,home,4.14,CHC,621020.0,750.0,700.0,11.8,747.0,3.0,0,2025-07-18,700.0,12.5,-700.0,87.5,88.2,0,0.0
238,2B,R,Nico Hoerner,Lucas Giolito,R,8,BOS,CHC,home,2.57,CHC,663538.0,1700.0,1600.0,7.399999999999999,1251.0,449.0,0,2025-07-18,1600.0,5.8999999999999995,-1595.0,94.1,92.6,0,0.0
239,3B,R,Matt Shaw,Lucas Giolito,R,9,BOS,CHC,home,3.16,CHC,807713.0,1200.0,1100.0,9.0,1011.0,189.0,0,2025-07-18,1100.0,8.3,-1105.0,91.7,91.0,0,0.0
240,2B,R,Chase Meidroth,Bailey Falter,L,2,CWS,PIT,away,4.03,CWS,805367.0,900.0,800.0,11.5,770.0,130.0,0,2025-07-18,800.0,11.1,-801.0,88.9,88.5,0,0.0
241,LF,L,Andrew Benintendi,Bailey Falter,L,3,CWS,PIT,away,5.38,CWS,643217.0,680.0,700.0,15.4,549.0,151.0,0,2025-07-18,680.0,12.8,-681.0,87.2,84.6,0,0.0
242,1B,R,Miguel Vargas,Bailey Falter,L,4,CWS,PIT,away,4.61,CWS,678246.0,680.0,600.0,13.2,658.0,22.0,0,2025-07-18,600.0,14.299999999999999,-599.0,85.7,86.8,0,0.0
243,CF,R,Luis Robert,Bailey Falter,L,6,CWS,PIT,away,5.36,CWS,673357.0,560.0,475.0,15.3,554.0,6.0,1,2025-07-18,475.0,17.4,-475.0,82.6,84.7,0,0.0
244,DH,R,Lenyn Sosa,Bailey Falter,L,7,CWS,PIT,away,4.64,CWS,672820.0,800.0,650.0,13.3,652.0,148.0,0,2025-07-18,650.0,13.3,-652.0,86.7,86.7,0,0.0
245,LF,R,Tommy Pham,Jonathan Cannon,R,1,CWS,PIT,home,3.98,PIT,502054.0,,700.0,11.4,777.0,,0,2025-07-18,,,,,88.6,0,0.0
246,DH,R,Andrew McCutchen,Jonathan Cannon,R,2,CWS,PIT,home,4.84,PIT,457705.0,540.0,600.0,13.8,625.0,-25.0,0,2025-07-18,540.0,15.6,-541.0,84.4,86.2,0,0.0
247,RF,S,Bryan Reynolds,Jonathan Cannon,R,3,CWS,PIT,home,5.78,PIT,668804.0,520.0,500.0,16.5,506.0,14.0,0,2025-07-18,500.0,16.7,-499.0,83.3,83.5,0,0.0
248,2B,R,Nick Gonzales,Jonathan Cannon,R,4,CWS,PIT,home,3.76,PIT,693304.0,800.0,750.0,10.8,826.0,-26.0,0,2025-07-18,750.0,11.799999999999999,-747.0,88.2,89.2,0,0.0
249,CF,L,Oneil Cruz,Jonathan Cannon,R,5,CWS,PIT,home,8.09,PIT,665833.0,350.0,425.0,23.1,333.0,92.0,0,2025-07-18,350.0,22.2,-350.0,77.8,76.9,0,0.0
250,3B,R,Ke'Bryan Hayes,Jonathan Cannon,R,6,CWS,PIT,home,3.43,PIT,663647.0,1060.0,1200.0,9.8,920.0,280.0,0,2025-07-18,1060.0,8.6,-1063.0,91.4,90.2,0,0.0
251,1B,L,Spencer Horwitz,Jonathan Cannon,R,7,CWS,PIT,home,5.12,PIT,687462.0,750.0,700.0,14.6,585.0,165.0,0,2025-07-18,700.0,12.5,-700.0,87.5,85.4,0,0.0
252,C,R,Joey Bart,Jonathan Cannon,R,8,CWS,PIT,home,4.02,PIT,663698.0,,,11.5,770.0,,0,2025-07-18,,,,,88.5,0,0.0
253,SS,R,Isiah Kiner-Falefa,Jonathan Cannon,R,9,CWS,PIT,home,2.52,PIT,643396.0,1400.0,1500.0,7.199999999999999,1289.0,211.0,0,2025-07-18,1400.0,6.7,-1393.0,93.3,92.8,0,0.0
254,RF,R,Fernando Tatis,Michael Soroka,R,1,SD,WSH,away,6.93,SD,665487.0,360.0,320.0,19.8,405.0,-45.0,0,2025-07-18,320.0,23.799999999999997,-320.0,76.2,80.2,0,0.0
255,1B,L,Luis Arraez,Michael Soroka,R,2,SD,WSH,away,3.66,SD,650333.0,1060.0,900.0,10.5,852.0,208.0,0,2025-07-18,900.0,10.0,-900.0,90.0,89.5,0,0.0
256,3B,R,Manny Machado,Michael Soroka,R,3,SD,WSH,away,6.1,SD,592518.0,420.0,340.0,17.4,475.0,-55.0,1,2025-07-18,340.0,22.7,-341.0,77.3,82.6,0,0.0
257,LF,L,Gavin Sheets,Michael Soroka,R,4,SD,WSH,away,5.79,SD,657757.0,560.0,550.0,16.6,502.0,58.0,0,2025-07-18,550.0,15.4,-549.0,84.6,83.4,0,0.0
258,SS,R,Xander Bogaerts,Michael Soroka,R,5,SD,WSH,away,3.58,SD,593428.0,750.0,600.0,10.2,880.0,-130.0,0,2025-07-18,600.0,14.299999999999999,-599.0,85.7,89.8,0,0.0
259,CF,L,Jackson Merrill,Michael Soroka,R,6,SD,WSH,away,5.82,SD,701538.0,460.0,350.0,16.6,502.0,-42.0,0,2025-07-18,350.0,22.2,-350.0,77.8,83.4,0,0.0
260,2B,L,Jake Cronenworth,Michael Soroka,R,7,SD,WSH,away,5.06,SD,630105.0,680.0,600.0,14.499999999999998,590.0,90.0,0,2025-07-18,600.0,14.299999999999999,-599.0,85.7,85.5,0,0.0
261,DH,L,Trenton Brooks,Michael Soroka,R,8,SD,WSH,away,4.06,SD,670092.0,700.0,700.0,11.6,762.0,-62.0,0,2025-07-18,700.0,12.5,-700.0,87.5,88.4,0,0.0
262,SS,L,CJ Abrams,Dylan Cease,R,1,SD,WSH,home,5.21,WSH,682928.0,600.0,550.0,14.9,571.0,29.0,1,2025-07-18,550.0,15.4,-549.0,84.6,85.1,0,0.0
263,LF,L,James Wood,Dylan Cease,R,2,SD,WSH,home,8.09,WSH,695578.0,440.0,425.0,23.1,333.0,107.0,0,2025-07-18,425.0,19.0,-426.0,81.0,76.9,0,0.0
264,2B,L,Luis Garcia,Dylan Cease,R,3,SD,WSH,home,5.88,WSH,671277.0,600.0,500.0,16.8,495.0,105.0,0,2025-07-18,500.0,16.7,-499.0,83.3,83.2,0,0.0
265,1B,L,Nathaniel Lowe,Dylan Cease,R,4,SD,WSH,home,4.81,WSH,663993.0,630.0,550.0,13.8,625.0,5.0,0,2025-07-18,550.0,15.4,-549.0,84.6,86.2,0,0.0
266,DH,S,Josh Bell,Dylan Cease,R,5,SD,WSH,home,5.39,WSH,605137.0,560.0,500.0,15.4,549.0,11.0,0,2025-07-18,500.0,16.7,-499.0,83.3,84.6,0,0.0
267,RF,L,Daylen Lile,Dylan Cease,R,7,SD,WSH,home,3.71,WSH,695734.0,900.0,650.0,10.6,843.0,57.0,0,2025-07-18,650.0,13.3,-652.0,86.7,89.4,0,0.0
268,C,R,Riley Adams,Dylan Cease,R,8,SD,WSH,home,5.17,WSH,656180.0,900.0,650.0,14.8,576.0,324.0,0,2025-07-18,650.0,13.3,-652.0,86.7,85.2,0,0.0
269,CF,R,Jacob Young,Dylan Cease,R,9,SD,WSH,home,2.58,WSH,696285.0,1400.0,1300.0,7.399999999999999,1251.0,149.0,0,2025-07-18,1300.0,7.1,-1308.0,92.9,92.6,0,0.0
270,SS,R,Zach Neto,Jesus Luzardo,L,1,LAA,PHI,away,7.19,LAA,687263.0,480.0,450.0,20.6,385.0,95.0,0,2025-07-18,450.0,18.2,-449.0,81.8,79.4,0,0.0
271,1B,L,Nolan Schanuel,Jesus Luzardo,L,2,LAA,PHI,away,3.17,LAA,694384.0,1000.0,1100.0,9.1,999.0,101.0,0,2025-07-18,1000.0,9.1,-999.0,90.9,90.9,0,0.0
272,DH,R,Mike Trout,Jesus Luzardo,L,3,LAA,PHI,away,5.89,LAA,545361.0,390.0,330.0,16.8,495.0,-105.0,0,2025-07-18,330.0,23.3,-329.0,76.7,83.2,0,0.0
273,LF,R,Taylor Ward,Jesus Luzardo,L,4,LAA,PHI,away,6.53,LAA,621493.0,500.0,500.0,18.7,435.0,65.0,1,2025-07-18,500.0,16.7,-499.0,83.3,81.3,0,0.0
274,CF,R,Jo Adell,Jesus Luzardo,L,5,LAA,PHI,away,7.1,LAA,666176.0,450.0,425.0,20.3,393.0,57.0,1,2025-07-18,425.0,19.0,-426.0,81.0,79.7,0,0.0
275,RF,R,Jorge Soler,Jesus Luzardo,L,6,LAA,PHI,away,5.6,LAA,624585.0,560.0,425.0,16.0,525.0,35.0,1,2025-07-18,425.0,19.0,-426.0,81.0,84.0,0,0.0
276,2B,S,Luis Rengifo,Jesus Luzardo,L,9,LAA,PHI,away,3.22,LAA,650859.0,900.0,800.0,9.2,987.0,-87.0,0,2025-07-18,800.0,11.1,-801.0,88.9,90.8,0,0.0
277,SS,R,Trea Turner,Jose Soriano,R,1,LAA,PHI,home,4.5,PHI,607208.0,600.0,,12.9,675.0,-75.0,0,2025-07-18,600.0,14.299999999999999,-599.0,85.7,87.1,0,0.0
278,DH,L,Kyle Schwarber,Jose Soriano,R,2,LAA,PHI,home,8.05,PHI,656941.0,360.0,,23.0,335.0,25.0,1,2025-07-18,360.0,21.7,-361.0,78.3,77.0,0,0.0
279,1B,L,Bryce Harper,Jose Soriano,R,3,LAA,PHI,home,5.43,PHI,547180.0,500.0,,15.5,545.0,-45.0,1,2025-07-18,500.0,16.7,-499.0,83.3,84.5,0,0.0
280,3B,R,Alec Bohm,Jose Soriano,R,4,LAA,PHI,home,4.23,PHI,664761.0,1060.0,,12.1,726.0,334.0,0,2025-07-18,1060.0,8.6,-1063.0,91.4,87.9,0,0.0
281,RF,R,Nick Castellanos,Jose Soriano,R,5,LAA,PHI,home,4.81,PHI,592206.0,600.0,,13.8,625.0,-25.0,0,2025-07-18,600.0,14.299999999999999,-599.0,85.7,86.2,0,0.0
282,2B,L,Bryson Stott,Jose Soriano,R,6,LAA,PHI,home,4.73,PHI,681082.0,600.0,,13.5,641.0,-41.0,0,2025-07-18,600.0,14.299999999999999,-599.0,85.7,86.5,0,0.0
283,C,R,J.T. Realmuto,Jose Soriano,R,7,LAA,PHI,home,4.13,PHI,592663.0,630.0,,11.8,747.0,-117.0,0,2025-07-18,630.0,13.700000000000001,-630.0,86.3,88.2,0,0.0
284,LF,L,Max Kepler,Jose Soriano,R,8,LAA,PHI,home,5.08,PHI,596146.0,500.0,,14.499999999999998,590.0,-90.0,0,2025-07-18,500.0,16.7,-499.0,83.3,85.5,0,0.0
285,CF,L,Brandon Marsh,Jose Soriano,R,9,LAA,PHI,home,5.04,PHI,669016.0,750.0,,14.4,594.0,156.0,0,2025-07-18,750.0,11.799999999999999,-747.0,88.2,85.6,0,0.0
286,RF,L,Mike Yastrzemski,Chris Bassitt,R,1,SF,TOR,away,5.68,SF,573262.0,470.0,380.0,16.2,517.0,-47.0,0,2025-07-18,380.0,20.8,-381.0,79.2,83.8,0,0.0
287,LF,R,Heliot Ramos,Chris Bassitt,R,2,SF,TOR,away,5.36,SF,671218.0,540.0,475.0,15.3,554.0,-14.0,0,2025-07-18,475.0,17.4,-475.0,82.6,84.7,0,0.0
288,DH,L,Rafael Devers,Chris Bassitt,R,3,SF,TOR,away,7.04,SF,646240.0,370.0,330.0,20.1,398.0,-28.0,0,2025-07-18,330.0,23.3,-329.0,76.7,79.9,0,0.0
289,3B,R,Matt Chapman,Chris Bassitt,R,4,SF,TOR,away,6.44,SF,656305.0,460.0,400.0,18.4,443.0,17.0,0,2025-07-18,400.0,20.0,-400.0,80.0,81.6,0,0.0
290,SS,R,Willy Adames,Chris Bassitt,R,5,SF,TOR,away,5.8,SF,642715.0,560.0,425.0,16.6,502.0,58.0,0,2025-07-18,425.0,19.0,-426.0,81.0,83.4,0,0.0
291,CF,L,Jung Hoo Lee,Chris Bassitt,R,6,SF,TOR,away,4.34,SF,808982.0,900.0,700.0,12.4,706.0,194.0,0,2025-07-18,700.0,12.5,-700.0,87.5,87.6,0,0.0
292,2B,R,Casey Schmitt,Chris Bassitt,R,7,SF,TOR,away,4.56,SF,669477.0,630.0,600.0,13.0,669.0,-39.0,0,2025-07-18,600.0,14.299999999999999,-599.0,85.7,87.0,0,0.0
293,1B,L,Dominic Smith,Chris Bassitt,R,8,SF,TOR,away,5.29,SF,642086.0,830.0,750.0,15.1,562.0,268.0,0,2025-07-18,750.0,11.799999999999999,-747.0,88.2,84.9,0,0.0
294,C,S,Patrick Bailey,Chris Bassitt,R,9,SF,TOR,away,3.96,SF,672275.0,900.0,800.0,11.3,785.0,115.0,0,2025-07-18,800.0,11.1,-801.0,88.9,88.7,0,0.0
295,CF,L,Nathan Lukes,Justin Verlander,R,1,SF,TOR,home,3.9,TOR,664770.0,750.0,550.0,11.2,793.0,-43.0,0,2025-07-18,550.0,15.4,-549.0,84.6,88.8,0,0.0
296,DH,R,George Springer,Justin Verlander,R,2,SF,TOR,home,5.98,TOR,543807.0,400.0,330.0,17.1,485.0,-85.0,0,2025-07-18,330.0,23.3,-329.0,76.7,82.9,0,0.0
297,1B,R,Vladimir Guerrero,Justin Verlander,R,3,SF,TOR,home,6.12,TOR,665489.0,360.0,330.0,17.5,471.0,-111.0,0,2025-07-18,330.0,23.3,-329.0,76.7,82.5,0,0.0
298,SS,R,Bo Bichette,Justin Verlander,R,4,SF,TOR,home,4.07,TOR,666182.0,540.0,450.0,11.6,762.0,-222.0,0,2025-07-18,450.0,18.2,-449.0,81.8,88.4,0,0.0
299,RF,L,Addison Barger,Justin Verlander,R,5,SF,TOR,home,5.67,TOR,680718.0,430.0,425.0,16.2,517.0,-87.0,0,2025-07-18,425.0,19.0,-426.0,81.0,83.8,0,0.0
300,C,R,Alejandro Kirk,Justin Verlander,R,6,SF,TOR,home,4.51,TOR,672386.0,600.0,600.0,12.9,675.0,-75.0,0,2025-07-18,600.0,14.299999999999999,-599.0,85.7,87.1,0,0.0
301,3B,L,Will Wagner,Justin Verlander,R,7,SF,TOR,home,3.61,TOR,695238.0,,800.0,10.3,871.0,,0,2025-07-18,,,,,89.7,0,0.0
302,2B,R,Ernie Clement,Justin Verlander,R,8,SF,TOR,home,2.55,TOR,676391.0,800.0,800.0,7.3,1270.0,-470.0,0,2025-07-18,800.0,11.1,-801.0,88.9,92.7,1,1.25
303,LF,L,Joey Loperfido,Justin Verlander,R,9,SF,TOR,home,5.84,TOR,694388.0,630.0,600.0,16.7,499.0,131.0,0,2025-07-18,600.0,14.299999999999999,-599.0,85.7,83.3,0,0.0
304,RF,L,Lawrence Butler,Slade Cecconi,R,1,ATH,CLE,away,6.23,ATH,671732.0,480.0,400.0,17.8,462.0,18.0,0,2025-07-18,400.0,20.0,-400.0,80.0,82.2,0,0.0
305,SS,R,Jacob Wilson,Slade Cecconi,R,2,ATH,CLE,away,2.76,ATH,805779.0,1060.0,850.0,7.9,1166.0,-106.0,0,2025-07-18,850.0,10.5,-852.0,89.5,92.1,0,0.0
306,DH,R,Brent Rooker,Slade Cecconi,R,3,ATH,CLE,away,6.47,ATH,667670.0,430.0,390.0,18.5,441.0,-11.0,1,2025-07-18,390.0,20.4,-390.0,79.6,81.5,0,0.0
307,1B,L,Nick Kurtz,Slade Cecconi,R,4,ATH,CLE,away,8.48,ATH,701762.0,340.0,340.0,24.3,312.0,28.0,0,2025-07-18,340.0,22.7,-341.0,77.3,75.7,0,0.0
308,3B,R,Miguel Andujar,Slade Cecconi,R,5,ATH,CLE,away,3.09,ATH,609280.0,830.0,850.0,8.799999999999999,1036.0,-186.0,0,2025-07-18,830.0,10.8,-826.0,89.2,91.2,1,1.21
309,C,R,Shea Langeliers,Slade Cecconi,R,6,ATH,CLE,away,4.63,ATH,669127.0,470.0,380.0,13.2,658.0,-188.0,1,2025-07-18,380.0,20.8,-381.0,79.2,86.8,0,0.0
310,LF,L,Tyler Soderstrom,Slade Cecconi,R,7,ATH,CLE,away,6.65,ATH,691016.0,450.0,425.0,19.0,426.0,24.0,0,2025-07-18,425.0,19.0,-426.0,81.0,81.0,0,0.0
311,CF,R,Denzel Clarke,Slade Cecconi,R,9,ATH,CLE,away,3.56,ATH,672016.0,1060.0,750.0,10.2,880.0,180.0,0,2025-07-18,750.0,11.799999999999999,-747.0,88.2,89.8,0,0.0
312,RF,L,Nolan Jones,JP Sears,L,2,ATH,CLE,home,4.36,CLE,666134.0,800.0,600.0,12.5,700.0,100.0,0,2025-07-18,600.0,14.299999999999999,-599.0,85.7,87.5,0,0.0
313,3B,S,Jose Ramirez,JP Sears,L,3,ATH,CLE,home,5.07,CLE,608070.0,350.0,280.0,14.499999999999998,590.0,-240.0,0,2025-07-18,280.0,26.3,-280.0,73.7,85.5,0,0.0
314,1B,S,Carlos Santana,JP Sears,L,5,ATH,CLE,home,4.34,CLE,467793.0,540.0,450.0,12.4,706.0,-166.0,0,2025-07-18,450.0,18.2,-449.0,81.8,87.6,0,0.0
315,CF,S,Angel Martinez,JP Sears,L,7,ATH,CLE,home,3.5,CLE,682657.0,800.0,600.0,10.0,900.0,-100.0,0,2025-07-18,600.0,14.299999999999999,-599.0,85.7,90.0,0,0.0
316,C,L,Bo Naylor,JP Sears,L,8,ATH,CLE,home,4.26,CLE,666310.0,630.0,550.0,12.2,720.0,-90.0,0,2025-07-18,550.0,15.4,-549.0,84.6,87.8,0,0.0
317,SS,S,Brayan Rocchio,JP Sears,L,9,ATH,CLE,home,3.21,CLE,677587.0,1000.0,850.0,9.2,987.0,13.0,0,2025-07-18,850.0,10.5,-852.0,89.5,90.8,0,0.0
318,CF,L,TJ Friedl,Sean Manaea,L,1,CIN,NYM,away,3.05,CIN,670770.0,900.0,1000.0,8.7,1049.0,-49.0,0,2025-07-18,900.0,10.0,-900.0,90.0,91.3,0,0.0
319,2B,R,Matt McLain,Sean Manaea,L,2,CIN,NYM,away,5.35,CIN,680574.0,600.0,550.0,15.3,554.0,46.0,1,2025-07-18,550.0,15.4,-549.0,84.6,84.7,0,0.0
320,SS,S,Elly De La Cruz,Sean Manaea,L,3,CIN,NYM,away,6.95,CIN,682829.0,480.0,600.0,19.9,403.0,197.0,0,2025-07-18,480.0,17.2,-481.0,82.8,80.1,0,0.0
321,DH,R,Austin Hays,Sean Manaea,L,4,CIN,NYM,away,6.98,CIN,669720.0,540.0,500.0,20.0,400.0,140.0,1,2025-07-18,500.0,16.7,-499.0,83.3,80.0,0,0.0
322,1B,R,Spencer Steer,Sean Manaea,L,6,CIN,NYM,away,4.25,CIN,668715.0,600.0,650.0,12.2,720.0,-70.0,0,2025-07-18,600.0,14.299999999999999,-599.0,85.7,87.8,0,0.0
323,C,R,Tyler Stephenson,Sean Manaea,L,7,CIN,NYM,away,5.84,CIN,663886.0,600.0,600.0,16.7,499.0,101.0,1,2025-07-18,600.0,14.299999999999999,-599.0,85.7,83.3,0,0.0
324,3B,R,Noelvi Marte,Sean Manaea,L,9,CIN,NYM,away,4.57,CIN,682622.0,630.0,750.0,13.1,663.0,87.0,0,2025-07-18,630.0,13.700000000000001,-630.0,86.3,86.9,0,0.0
325,SS,S,Francisco Lindor,Nick Lodolo,L,1,CIN,NYM,home,5.07,NYM,596019.0,390.0,330.0,14.499999999999998,590.0,-200.0,0,2025-07-18,330.0,23.3,-329.0,76.7,85.5,0,0.0
326,DH,R,Mark Vientos,Nick Lodolo,L,2,CIN,NYM,home,5.42,NYM,668901.0,470.0,475.0,15.5,545.0,-70.0,0,2025-07-18,470.0,17.5,-471.0,82.5,84.5,0,0.0
327,RF,L,Juan Soto,Nick Lodolo,L,3,CIN,NYM,home,6.32,NYM,665742.0,480.0,500.0,18.1,452.0,48.0,1,2025-07-18,480.0,17.2,-481.0,82.8,81.9,0,0.0
328,1B,R,Pete Alonso,Nick Lodolo,L,4,CIN,NYM,home,6.97,NYM,624413.0,300.0,340.0,19.9,403.0,-63.0,0,2025-07-18,300.0,25.0,-300.0,75.0,80.1,0,0.0
329,LF,L,Brandon Nimmo,Nick Lodolo,L,5,CIN,NYM,home,4.63,NYM,607043.0,750.0,650.0,13.2,658.0,92.0,0,2025-07-18,650.0,13.3,-652.0,86.7,86.8,0,0.0
330,3B,S,Ronny Mauricio,Nick Lodolo,L,6,CIN,NYM,home,4.53,NYM,677595.0,,600.0,13.0,669.0,,0,2025-07-18,,,,,87.0,0,0.0
331,CF,R,Tyrone Taylor,Nick Lodolo,L,7,CIN,NYM,home,4.14,NYM,621438.0,750.0,650.0,11.8,747.0,3.0,0,2025-07-18,650.0,13.3,-652.0,86.7,88.2,0,0.0
332,C,R,Luis Torrens,Nick Lodolo,L,8,CIN,NYM,home,5.53,NYM,620443.0,750.0,700.0,15.8,533.0,217.0,0,2025-07-18,700.0,12.5,-700.0,87.5,84.2,0,0.0
333,2B,L,Jeff McNeil,Nick Lodolo,L,9,CIN,NYM,home,2.42,NYM,643446.0,870.0,950.0,6.9,1349.0,-399.0,0,2025-07-18,870.0,10.299999999999999,-871.0,89.7,93.1,1,1.15
334,DH,R,Jonathan India,Sandy Alcantara,R,1,KC,MIA,away,3.87,KC,663697.0,680.0,700.0,11.1,801.0,-101.0,0,2025-07-18,680.0,12.8,-681.0,87.2,88.9,0,0.0
335,SS,R,Bobby Witt,Sandy Alcantara,R,2,KC,MIA,away,6.38,KC,677951.0,400.0,475.0,18.2,449.0,26.0,0,2025-07-18,400.0,20.0,-400.0,80.0,81.8,0,0.0
336,1B,L,Vinnie Pasquantino,Sandy Alcantara,R,3,KC,MIA,away,5.62,KC,686469.0,470.0,475.0,16.1,521.0,-46.0,0,2025-07-18,470.0,17.5,-471.0,82.5,83.9,0,0.0
337,3B,R,Maikel Garcia,Sandy Alcantara,R,4,KC,MIA,away,3.88,KC,672580.0,900.0,1100.0,11.1,801.0,299.0,0,2025-07-18,900.0,10.0,-900.0,90.0,88.9,0,0.0
338,C,R,Salvador Perez,Sandy Alcantara,R,5,KC,MIA,away,5.16,KC,521692.0,450.0,475.0,14.8,576.0,-101.0,0,2025-07-18,450.0,18.2,-449.0,81.8,85.2,0,0.0
339,RF,L,Jac Caglianone,Sandy Alcantara,R,6,KC,MIA,away,4.36,KC,695506.0,540.0,550.0,12.5,700.0,-150.0,0,2025-07-18,540.0,15.6,-541.0,84.4,87.5,0,0.0
340,LF,R,Nick Loftin,Sandy Alcantara,R,8,KC,MIA,away,3.19,KC,679845.0,,,9.1,999.0,,0,2025-07-18,,,,,90.9,0,0.0
341,CF,L,Kyle Isbel,Sandy Alcantara,R,9,KC,MIA,away,4.02,KC,664728.0,1000.0,1000.0,11.5,770.0,230.0,0,2025-07-18,1000.0,9.1,-999.0,90.9,88.5,0,0.0
342,2B,S,Xavier Edwards,Seth Lugo,R,1,KC,MIA,home,3.58,MIA,669364.0,1100.0,900.0,10.2,880.0,220.0,0,2025-07-18,900.0,10.0,-900.0,90.0,89.8,0,0.0
343,RF,L,Jesus Sanchez,Seth Lugo,R,2,KC,MIA,home,7.57,MIA,660821.0,450.0,400.0,21.7,361.0,89.0,1,2025-07-18,400.0,20.0,-400.0,80.0,78.3,0,0.0
344,C,R,Agustin Ramirez,Seth Lugo,R,3,KC,MIA,home,4.88,MIA,682663.0,400.0,425.0,14.000000000000002,614.0,-189.0,0,2025-07-18,400.0,20.0,-400.0,80.0,86.0,0,0.0
345,LF,L,Kyle Stowers,Seth Lugo,R,4,KC,MIA,home,7.68,MIA,669065.0,350.0,370.0,22.0,355.0,15.0,1,2025-07-18,350.0,22.2,-350.0,77.8,78.0,0,0.0
346,SS,R,Otto Lopez,Seth Lugo,R,5,KC,MIA,home,4.58,MIA,672640.0,600.0,750.0,13.1,663.0,87.0,0,2025-07-18,600.0,14.299999999999999,-599.0,85.7,86.9,0,0.0
347,DH,L,Liam Hicks,Seth Lugo,R,7,KC,MIA,home,4.36,MIA,689414.0,830.0,900.0,12.5,700.0,200.0,0,2025-07-18,830.0,10.8,-826.0,89.2,87.5,0,0.0
348,CF,R,Dane Myers,Seth Lugo,R,8,KC,MIA,home,4.56,MIA,667472.0,830.0,850.0,13.0,669.0,181.0,0,2025-07-18,830.0,10.8,-826.0,89.2,87.0,0,0.0
349,3B,L,Graham Pauley,Seth Lugo,R,9,KC,MIA,home,4.59,MIA,688363.0,,,13.1,663.0,,0,2025-07-18,,,,,86.9,0,0.0
350,LF,S,Jasson Dominguez,Spencer Strider,R,1,NYY,ATL,away,4.61,NYY,691176.0,600.0,500.0,13.2,658.0,-58.0,0,2025-07-18,500.0,16.7,-499.0,83.3,86.8,0,0.0
351,RF,R,Aaron Judge,Spencer Strider,R,2,NYY,ATL,away,7.92,NYY,592450.0,235.0,245.0,22.7,341.0,-96.0,0,2025-07-18,235.0,29.9,-234.0,70.1,77.3,0,0.0
352,CF,L,Cody Bellinger,Spencer Strider,R,3,NYY,ATL,away,5.21,NYY,641355.0,480.0,500.0,14.9,571.0,-71.0,0,2025-07-18,480.0,17.2,-481.0,82.8,85.1,0,0.0
353,DH,R,Giancarlo Stanton,Spencer Strider,R,4,NYY,ATL,away,6.56,NYY,519317.0,420.0,450.0,18.8,432.0,18.0,0,2025-07-18,420.0,19.2,-421.0,80.8,81.2,0,0.0
354,2B,L,Jazz Chisholm,Spencer Strider,R,5,NYY,ATL,away,7.32,NYY,665862.0,400.0,400.0,20.9,378.0,22.0,0,2025-07-18,400.0,20.0,-400.0,80.0,79.1,0,0.0
355,C,L,Austin Wells,Spencer Strider,R,7,NYY,ATL,away,5.69,NYY,669224.0,480.0,380.0,16.3,513.0,-33.0,0,2025-07-18,380.0,20.8,-381.0,79.2,83.7,0,0.0
356,SS,R,Anthony Volpe,Spencer Strider,R,8,NYY,ATL,away,4.02,NYY,683011.0,1000.0,900.0,11.5,770.0,230.0,0,2025-07-18,900.0,10.0,-900.0,90.0,88.5,0,0.0
357,RF,R,Ronald Acuna,Max Fried,L,1,NYY,ATL,home,7.16,ATL,660670.0,420.0,450.0,20.5,388.0,62.0,0,2025-07-18,420.0,19.2,-421.0,80.8,79.5,0,0.0
358,1B,L,Matt Olson,Max Fried,L,2,NYY,ATL,home,6.03,ATL,621566.0,450.0,400.0,17.2,481.0,-31.0,0,2025-07-18,400.0,20.0,-400.0,80.0,82.8,0,0.0
359,LF,S,Jurickson Profar,Max Fried,L,3,NYY,ATL,home,4.31,ATL,595777.0,540.0,850.0,12.3,713.0,137.0,0,2025-07-18,540.0,15.6,-541.0,84.4,87.7,0,0.0
360,2B,S,Ozzie Albies,Max Fried,L,5,NYY,ATL,home,3.47,ATL,645277.0,900.0,700.0,9.9,910.0,-10.0,1,2025-07-18,700.0,12.5,-700.0,87.5,90.1,0,0.0
361,C,R,Sean Murphy,Max Fried,L,6,NYY,ATL,home,3.64,ATL,669221.0,430.0,500.0,10.4,862.0,-362.0,0,2025-07-18,430.0,18.9,-429.0,81.1,89.6,0,0.0
362,3B,R,Nacho Alvarez,Max Fried,L,7,NYY,ATL,home,3.98,ATL,805373.0,,1200.0,11.4,777.0,,0,2025-07-18,,,,,88.6,0,0.0
363,CF,L,Michael Harris II,Max Fried,L,8,NYY,ATL,home,3.58,ATL,671739.0,1060.0,750.0,10.2,880.0,180.0,0,2025-07-18,750.0,11.799999999999999,-747.0,88.2,89.8,0,0.0
364,SS,R,Nick Allen,Max Fried,L,9,NYY,ATL,home,2.82,ATL,669397.0,1400.0,1900.0,8.1,1135.0,765.0,0,2025-07-18,1400.0,6.7,-1393.0,93.3,91.9,0,0.0
365,2B,L,Jackson Holliday,Taj Bradley,R,1,BAL,TB,away,6.32,BAL,702616.0,630.0,425.0,18.1,452.0,178.0,0,2025-07-18,425.0,19.0,-426.0,81.0,81.9,0,0.0
366,3B,R,Jordan Westburg,Taj Bradley,R,2,BAL,TB,away,5.85,BAL,676059.0,440.0,400.0,16.7,499.0,-59.0,0,2025-07-18,400.0,20.0,-400.0,80.0,83.3,0,0.0
367,SS,L,Gunnar Henderson,Taj Bradley,R,3,BAL,TB,away,5.67,BAL,683002.0,450.0,350.0,16.2,517.0,-67.0,0,2025-07-18,350.0,22.2,-350.0,77.8,83.8,0,0.0
368,1B,L,Ryan O'Hearn,Taj Bradley,R,4,BAL,TB,away,5.57,BAL,656811.0,600.0,450.0,15.9,529.0,71.0,0,2025-07-18,450.0,18.2,-449.0,81.8,84.1,0,0.0
369,RF,R,Ramon Laureano,Taj Bradley,R,5,BAL,TB,away,5.18,BAL,657656.0,540.0,450.0,14.8,576.0,-36.0,0,2025-07-18,450.0,18.2,-449.0,81.8,85.2,0,0.0
370,LF,L,Colton Cowser,Taj Bradley,R,6,BAL,TB,away,5.59,BAL,681297.0,480.0,425.0,16.0,525.0,-45.0,0,2025-07-18,425.0,19.0,-426.0,81.0,84.0,0,0.0
371,CF,L,Cedric Mullins,Taj Bradley,R,8,BAL,TB,away,3.9,BAL,656775.0,560.0,550.0,11.2,793.0,-233.0,0,2025-07-18,550.0,15.4,-549.0,84.6,88.8,0,0.0
372,C,R,Jacob Stallings,Taj Bradley,R,9,BAL,TB,away,2.93,BAL,607732.0,1000.0,950.0,8.4,1090.0,-90.0,0,2025-07-18,950.0,9.5,-953.0,90.5,91.6,0,0.0
373,CF,L,Chandler Simpson,Charlie Morton,R,1,BAL,TB,home,3.39,TB,802415.0,800.0,650.0,9.7,931.0,-131.0,0,2025-07-18,650.0,13.3,-652.0,86.7,90.3,0,0.0
374,1B,L,Jonathan Aranda,Charlie Morton,R,2,BAL,TB,home,6.38,TB,666018.0,520.0,500.0,18.2,449.0,71.0,0,2025-07-18,500.0,16.7,-499.0,83.3,81.8,0,0.0
375,DH,R,Yandy Diaz,Charlie Morton,R,3,BAL,TB,home,5.52,TB,650490.0,540.0,425.0,15.8,533.0,7.0,1,2025-07-18,425.0,19.0,-426.0,81.0,84.2,0,0.0
376,LF,S,Jake Mangum,Charlie Morton,R,4,BAL,TB,home,3.59,TB,663968.0,1000.0,1000.0,10.3,871.0,129.0,0,2025-07-18,1000.0,9.1,-999.0,90.9,89.7,0,0.0
377,RF,L,Josh Lowe,Charlie Morton,R,5,BAL,TB,home,5.1,TB,666139.0,680.0,550.0,14.6,585.0,95.0,0,2025-07-18,550.0,15.4,-549.0,84.6,85.4,0,0.0
378,3B,R,Junior Caminero,Charlie Morton,R,6,BAL,TB,home,6.03,TB,691406.0,320.0,350.0,17.2,481.0,-131.0,1,2025-07-18,320.0,23.799999999999997,-320.0,76.2,82.8,0,0.0
379,SS,R,Ha-Seong Kim,Charlie Morton,R,7,BAL,TB,home,3.73,TB,673490.0,870.0,850.0,10.7,835.0,35.0,0,2025-07-18,850.0,10.5,-852.0,89.5,89.3,0,0.0
380,2B,S,Taylor Walls,Charlie Morton,R,8,BAL,TB,home,2.92,TB,670764.0,1100.0,950.0,8.4,1090.0,10.0,0,2025-07-18,950.0,9.5,-953.0,90.5,91.6,0,0.0
381,C,R,Danny Jansen,Charlie Morton,R,9,BAL,TB,home,3.67,TB,643376.0,600.0,700.0,10.5,852.0,-152.0,1,2025-07-18,600.0,14.299999999999999,-599.0,85.7,89.5,0,0.0
382,2B,R,Gleyber Torres,Patrick Corbin,L,2,DET,TEX,away,6.47,DET,650402.0,520.0,550.0,18.5,441.0,109.0,0,2025-07-18,520.0,16.1,-521.0,83.9,81.5,0,0.0
383,RF,S,Wenceel Perez,Patrick Corbin,L,3,DET,TEX,away,6.09,DET,672761.0,560.0,550.0,17.4,475.0,85.0,0,2025-07-18,550.0,15.4,-549.0,84.6,82.6,0,0.0
384,LF,L,Riley Greene,Patrick Corbin,L,4,DET,TEX,away,6.88,DET,682985.0,400.0,425.0,19.7,408.0,17.0,0,2025-07-18,400.0,20.0,-400.0,80.0,80.3,0,0.0
385,1B,R,Spencer Torkelson,Patrick Corbin,L,5,DET,TEX,away,7.06,DET,679529.0,340.0,350.0,20.200000000000003,395.0,-45.0,0,2025-07-18,340.0,22.7,-341.0,77.3,79.8,0,0.0
386,3B,L,Zach McKinstry,Patrick Corbin,L,6,DET,TEX,away,4.43,DET,656716.0,800.0,950.0,12.7,687.0,263.0,0,2025-07-18,800.0,11.1,-801.0,88.9,87.3,0,0.0
387,C,R,Dillon Dingler,Patrick Corbin,L,7,DET,TEX,away,5.32,DET,693307.0,630.0,600.0,15.2,558.0,72.0,0,2025-07-18,600.0,14.299999999999999,-599.0,85.7,84.8,0,0.0
388,SS,R,Javier Baez,Patrick Corbin,L,9,DET,TEX,away,4.52,DET,595879.0,600.0,650.0,12.9,675.0,-25.0,0,2025-07-18,600.0,14.299999999999999,-599.0,85.7,87.1,0,0.0
389,3B,L,Josh Smith,Reese Olson,R,1,DET,TEX,home,5.03,TEX,669701.0,680.0,700.0,14.4,594.0,106.0,0,2025-07-18,680.0,12.8,-681.0,87.2,85.6,0,0.0
390,SS,L,Corey Seager,Reese Olson,R,2,DET,TEX,home,7.19,TEX,608369.0,350.0,340.0,20.6,385.0,-35.0,0,2025-07-18,340.0,22.7,-341.0,77.3,79.4,0,0.0
391,2B,R,Marcus Semien,Reese Olson,R,3,DET,TEX,home,3.96,TEX,543760.0,560.0,500.0,11.3,785.0,-225.0,0,2025-07-18,500.0,16.7,-499.0,83.3,88.7,0,0.0
392,RF,R,Adolis Garcia,Reese Olson,R,4,DET,TEX,home,5.85,TEX,666969.0,500.0,380.0,16.7,499.0,1.0,0,2025-07-18,380.0,20.8,-381.0,79.2,83.3,0,0.0
393,CF,L,Evan Carter,Reese Olson,R,5,DET,TEX,home,5.4,TEX,694497.0,750.0,700.0,15.4,549.0,201.0,0,2025-07-18,700.0,12.5,-700.0,87.5,84.6,0,0.0
394,LF,R,Wyatt Langford,Reese Olson,R,6,DET,TEX,home,5.22,TEX,694671.0,520.0,475.0,14.9,571.0,-51.0,0,2025-07-18,475.0,17.4,-475.0,82.6,85.1,0,0.0
395,C,S,Jonah Heim,Reese Olson,R,7,DET,TEX,home,4.38,TEX,641680.0,750.0,650.0,12.5,700.0,50.0,0,2025-07-18,650.0,13.3,-652.0,86.7,87.5,0,0.0
396,DH,R,Kyle Higashioka,Reese Olson,R,9,DET,TEX,home,3.7,TEX,543309.0,600.0,,10.6,843.0,-243.0,0,2025-07-18,600.0,14.299999999999999,-599.0,85.7,89.4,0,0.0
397,CF,R,Byron Buxton,Kyle Freeland,L,1,MIN,COL,away,7.68,MIN,621439.0,215.0,195.0,22.0,355.0,-140.0,1,2025-07-18,195.0,33.900000000000006,-195.0,66.1,78.0,0,0.0
398,DH,R,Ryan Jeffers,Kyle Freeland,L,2,MIN,COL,away,6.31,MIN,680777.0,450.0,320.0,18.0,456.0,-6.0,0,2025-07-18,320.0,23.799999999999997,-320.0,76.2,82.0,0,0.0
399,SS,R,Carlos Correa,Kyle Freeland,L,3,MIN,COL,away,6.45,MIN,621043.0,470.0,340.0,18.4,443.0,27.0,0,2025-07-18,340.0,22.7,-341.0,77.3,81.6,0,0.0
400,RF,S,Willi Castro,Kyle Freeland,L,4,MIN,COL,away,5.28,MIN,650489.0,630.0,550.0,15.1,562.0,68.0,1,2025-07-18,550.0,15.4,-549.0,84.6,84.9,0,0.0
401,1B,R,Ty France,Kyle Freeland,L,5,MIN,COL,away,5.98,MIN,664034.0,560.0,550.0,17.1,485.0,75.0,0,2025-07-18,550.0,15.4,-549.0,84.6,82.9,0,0.0
402,3B,R,Royce Lewis,Kyle Freeland,L,6,MIN,COL,away,6.43,MIN,668904.0,470.0,360.0,18.4,443.0,27.0,0,2025-07-18,360.0,21.7,-361.0,78.3,81.6,0,0.0
403,LF,R,Harrison Bader,Kyle Freeland,L,7,MIN,COL,away,6.38,MIN,664056.0,480.0,425.0,18.2,449.0,31.0,0,2025-07-18,425.0,19.0,-426.0,81.0,81.8,0,0.0
404,2B,S,Brooks Lee,Kyle Freeland,L,8,MIN,COL,away,4.34,MIN,686797.0,630.0,500.0,12.4,706.0,-76.0,0,2025-07-18,500.0,16.7,-499.0,83.3,87.6,0,0.0
405,C,R,Christian Vazquez,Kyle Freeland,L,9,MIN,COL,away,4.11,MIN,543877.0,800.0,750.0,11.8,747.0,53.0,0,2025-07-18,750.0,11.799999999999999,-747.0,88.2,88.2,0,0.0
406,DH,R,Tyler Freeman,Chris Paddack,R,1,MIN,COL,home,3.41,COL,671289.0,830.0,700.0,9.8,920.0,-90.0,0,2025-07-18,700.0,12.5,-700.0,87.5,90.2,0,0.0
407,LF,R,Jordan Beck,Chris Paddack,R,3,MIN,COL,home,5.31,COL,687597.0,600.0,500.0,15.2,558.0,42.0,1,2025-07-18,500.0,16.7,-499.0,83.3,84.8,0,0.0
408,RF,L,Mickey Moniak,Chris Paddack,R,5,MIN,COL,home,6.27,COL,666160.0,420.0,360.0,17.9,459.0,-39.0,0,2025-07-18,360.0,21.7,-361.0,78.3,82.1,0,0.0
409,1B,S,Michael Toglia,Chris Paddack,R,6,MIN,COL,home,5.88,COL,669911.0,430.0,350.0,16.8,495.0,-65.0,0,2025-07-18,350.0,22.2,-350.0,77.8,83.2,0,0.0
410,3B,L,Ryan McMahon,Chris Paddack,R,7,MIN,COL,home,6.74,COL,641857.0,500.0,425.0,19.3,418.0,82.0,1,2025-07-18,425.0,19.0,-426.0,81.0,80.7,0,0.0
411,CF,R,Brenton Doyle,Chris Paddack,R,8,MIN,COL,home,5.55,COL,686668.0,600.0,500.0,15.9,529.0,71.0,0,2025-07-18,500.0,16.7,-499.0,83.3,84.1,0,0.0
412,LF,L,Brendan Donovan,Brandon Pfaadt,R,1,STL,ARI,away,5.54,STL,680977.0,750.0,600.0,15.8,533.0,217.0,0,2025-07-18,600.0,14.299999999999999,-599.0,85.7,84.2,0,0.0
413,DH,R,Ivan Herrera,Brandon Pfaadt,R,2,STL,ARI,away,3.98,STL,671056.0,800.0,700.0,11.4,777.0,23.0,0,2025-07-18,700.0,12.5,-700.0,87.5,88.6,0,0.0
414,RF,L,Alec Burleson,Brandon Pfaadt,R,3,STL,ARI,away,5.78,STL,676475.0,500.0,400.0,16.5,506.0,-6.0,0,2025-07-18,400.0,20.0,-400.0,80.0,83.5,0,0.0
415,C,R,William Contreras,Tyler Glasnow,R,2,MIL,LAD,away,4.55,MIL,661388.0,560.0,500.0,13.0,669.0,-109.0,0,2025-07-18,500.0,16.7,-499.0,83.3,87.0,0,0.0
416,3B,R,Nolan Arenado,Brandon Pfaadt,R,5,STL,ARI,away,3.68,STL,571448.0,520.0,450.0,10.5,852.0,-332.0,0,2025-07-18,450.0,18.2,-449.0,81.8,89.5,0,0.0
417,SS,R,Masyn Winn,Brandon Pfaadt,R,6,STL,ARI,away,3.89,STL,691026.0,1000.0,,11.1,801.0,199.0,0,2025-07-18,1000.0,9.1,-999.0,90.9,88.9,0,0.0
418,C,R,Pedro Pages,Brandon Pfaadt,R,8,STL,ARI,away,3.95,STL,686780.0,900.0,850.0,11.3,785.0,115.0,0,2025-07-18,850.0,10.5,-852.0,89.5,88.7,0,0.0
419,RF,L,Corbin Carroll,Andre Pallante,R,1,STL,ARI,home,5.92,ARI,682998.0,420.0,360.0,16.900000000000002,492.0,-72.0,0,2025-07-18,360.0,21.7,-361.0,78.3,83.1,0,0.0
420,SS,S,Geraldo Perdomo,Andre Pallante,R,3,STL,ARI,home,3.35,ARI,672695.0,1060.0,750.0,9.6,942.0,118.0,0,2025-07-18,750.0,11.799999999999999,-747.0,88.2,90.4,0,0.0
421,1B,L,Josh Naylor,Andre Pallante,R,4,STL,ARI,home,4.7,ARI,647304.0,750.0,475.0,13.4,646.0,104.0,0,2025-07-18,475.0,17.4,-475.0,82.6,86.6,0,0.0
422,3B,R,Eugenio Suarez,Andre Pallante,R,5,STL,ARI,home,4.66,ARI,553993.0,450.0,390.0,13.3,652.0,-202.0,0,2025-07-18,390.0,20.4,-390.0,79.6,86.7,0,0.0
423,DH,R,Lourdes Gurriel,Andre Pallante,R,6,STL,ARI,home,3.33,ARI,666971.0,900.0,750.0,9.5,953.0,-53.0,0,2025-07-18,750.0,11.799999999999999,-747.0,88.2,90.5,0,0.0
424,CF,L,Alek Thomas,Andre Pallante,R,8,STL,ARI,home,4.52,ARI,677950.0,1000.0,850.0,12.9,675.0,325.0,0,2025-07-18,850.0,10.5,-852.0,89.5,87.1,0,0.0
425,C,S,Jose Herrera,Andre Pallante,R,9,STL,ARI,home,2.33,ARI,645444.0,1400.0,1000.0,6.7,1393.0,7.0,0,2025-07-18,1000.0,9.1,-999.0,90.9,93.3,0,0.0
426,3B,R,Isaac Paredes,Luis Castillo,R,1,HOU,SEA,away,3.6,HOU,670623.0,520.0,450.0,10.3,871.0,-351.0,0,2025-07-18,450.0,18.2,-449.0,81.8,89.7,0,0.0
427,RF,R,Cam Smith,Luis Castillo,R,2,HOU,SEA,away,3.08,HOU,701358.0,750.0,700.0,8.799999999999999,1036.0,-286.0,0,2025-07-18,700.0,12.5,-700.0,87.5,91.2,0,0.0
428,LF,R,Jose Altuve,Luis Castillo,R,3,HOU,SEA,away,4.14,HOU,514888.0,630.0,600.0,11.8,747.0,-117.0,0,2025-07-18,600.0,14.299999999999999,-599.0,85.7,88.2,0,0.0
429,1B,R,Christian Walker,Luis Castillo,R,4,HOU,SEA,away,5.53,HOU,572233.0,480.0,400.0,15.8,533.0,-53.0,0,2025-07-18,400.0,20.0,-400.0,80.0,84.2,0,0.0
430,DH,S,Victor Caratini,Luis Castillo,R,5,HOU,SEA,away,4.78,HOU,605170.0,630.0,600.0,13.7,630.0,0.0,0,2025-07-18,600.0,14.299999999999999,-599.0,85.7,86.3,0,0.0
431,C,R,Yainer Diaz,Luis Castillo,R,6,HOU,SEA,away,4.51,HOU,673237.0,630.0,550.0,12.9,675.0,-45.0,0,2025-07-18,550.0,15.4,-549.0,84.6,87.1,0,0.0
432,CF,L,Taylor Trammell,Luis Castillo,R,7,HOU,SEA,away,4.74,HOU,666211.0,630.0,,13.6,635.0,-5.0,0,2025-07-18,630.0,13.700000000000001,-630.0,86.3,86.4,0,0.0
433,SS,R,Mauricio Dubon,Luis Castillo,R,8,HOU,SEA,away,2.84,HOU,643289.0,1100.0,950.0,8.1,1135.0,-35.0,0,2025-07-18,950.0,9.5,-953.0,90.5,91.9,0,0.0
434,SS,L,J.P. Crawford,Brandon Walter,L,1,HOU,SEA,home,3.64,SEA,641487.0,900.0,950.0,10.4,862.0,88.0,0,2025-07-18,900.0,10.0,-900.0,90.0,89.6,0,0.0
435,DH,S,Cal Raleigh,Brandon Walter,L,3,HOU,SEA,home,7.48,SEA,663728.0,250.0,260.0,21.4,367.0,-107.0,0,2025-07-18,250.0,28.599999999999998,-250.0,71.4,78.6,0,0.0
436,LF,R,Randy Arozarena,Brandon Walter,L,4,HOU,SEA,home,5.8,SEA,668227.0,480.0,475.0,16.6,502.0,-22.0,1,2025-07-18,475.0,17.4,-475.0,82.6,83.4,0,0.0
437,1B,R,Donovan Solano,Brandon Walter,L,5,HOU,SEA,home,3.66,SEA,456781.0,900.0,1000.0,10.5,852.0,148.0,0,2025-07-18,900.0,10.0,-900.0,90.0,89.5,0,0.0
438,C,R,Mitch Garver,Brandon Walter,L,6,HOU,SEA,home,4.66,SEA,641598.0,470.0,500.0,13.3,652.0,-152.0,1,2025-07-18,470.0,17.5,-471.0,82.5,86.7,0,0.0
439,RF,R,Dylan Moore,Brandon Walter,L,7,HOU,SEA,home,4.58,SEA,664238.0,680.0,650.0,13.1,663.0,17.0,0,2025-07-18,650.0,13.3,-652.0,86.7,86.9,0,0.0
440,3B,R,Ben Williamson,Brandon Walter,L,8,HOU,SEA,home,3.19,SEA,810938.0,1100.0,1100.0,9.1,999.0,101.0,0,2025-07-18,1100.0,8.3,-1105.0,91.7,90.9,0,0.0
441,CF,R,Jackson Chourio,Tyler Glasnow,R,3,MIL,LAD,away,4.93,MIL,694192.0,520.0,450.0,14.099999999999998,609.0,-89.0,0,2025-07-18,450.0,18.2,-449.0,81.8,85.9,0,0.0
442,DH,L,Christian Yelich,Tyler Glasnow,R,4,MIL,LAD,away,5.62,MIL,592885.0,630.0,650.0,16.1,521.0,129.0,0,2025-07-18,630.0,13.700000000000001,-630.0,86.3,83.9,0,0.0
443,1B,R,Andrew Vaughn,Tyler Glasnow,R,5,MIL,LAD,away,6.11,MIL,683734.0,,450.0,17.5,471.0,,0,2025-07-18,,,,,82.5,0,0.0
444,LF,S,Isaac Collins,Tyler Glasnow,R,6,MIL,LAD,away,3.48,MIL,686555.0,830.0,750.0,10.0,900.0,-70.0,0,2025-07-18,750.0,11.799999999999999,-747.0,88.2,90.0,0,0.0
445,2B,L,Brice Turang,Tyler Glasnow,R,7,MIL,LAD,away,3.86,MIL,668930.0,1100.0,950.0,11.0,809.0,291.0,0,2025-07-18,950.0,9.5,-953.0,90.5,89.0,0,0.0
446,3B,R,Caleb Durbin,Tyler Glasnow,R,8,MIL,LAD,away,3.43,MIL,702332.0,1060.0,1200.0,9.8,920.0,280.0,1,2025-07-18,1060.0,8.6,-1063.0,91.4,90.2,0,0.0
447,SS,R,Joey Ortiz,Tyler Glasnow,R,9,MIL,LAD,away,3.43,MIL,687401.0,830.0,900.0,9.8,920.0,-20.0,0,2025-07-18,830.0,10.8,-826.0,89.2,90.2,0,0.0
448,DH,L,Shohei Ohtani,Quinn Priester,R,1,MIL,LAD,home,9.5,LAD,660271.0,200.0,180.0,27.200000000000003,268.0,-68.0,0,2025-07-18,180.0,35.699999999999996,-180.0,64.30000000000001,72.8,0,0.0
449,SS,R,Mookie Betts,Quinn Priester,R,2,MIL,LAD,home,4.36,LAD,605141.0,450.0,450.0,12.5,700.0,-250.0,0,2025-07-18,450.0,18.2,-449.0,81.8,87.5,0,0.0
450,C,R,Will Smith,Quinn Priester,R,3,MIL,LAD,home,5.56,LAD,669257.0,400.0,450.0,15.9,529.0,-79.0,0,2025-07-18,400.0,20.0,-400.0,80.0,84.1,0,0.0
451,1B,L,Freddie Freeman,Quinn Priester,R,4,MIL,LAD,home,6.13,LAD,518692.0,500.0,425.0,17.5,471.0,29.0,0,2025-07-18,425.0,19.0,-426.0,81.0,82.5,0,0.0
452,RF,R,Teoscar Hernandez,Quinn Priester,R,5,MIL,LAD,home,5.71,LAD,606192.0,520.0,425.0,16.3,513.0,7.0,0,2025-07-18,425.0,19.0,-426.0,81.0,83.7,0,0.0
453,CF,R,Andy Pages,Quinn Priester,R,6,MIL,LAD,home,4.59,LAD,681624.0,450.0,450.0,13.1,663.0,-213.0,0,2025-07-18,450.0,18.2,-449.0,81.8,86.9,0,0.0
454,2B,S,Tommy Edman,Quinn Priester,R,7,MIL,LAD,home,4.03,LAD,669242.0,750.0,800.0,11.5,770.0,30.0,0,2025-07-18,750.0,11.799999999999999,-747.0,88.2,88.5,0,0.0
455,3B,R,Miguel Rojas,Quinn Priester,R,8,MIL,LAD,home,3.07,LAD,500743.0,,,8.799999999999999,1036.0,,0,2025-07-18,,,,,91.2,0,0.0
456,LF,R,Heliot Ramos,Eric Lauer,L,1,SF,TOR,away,6.99,SF,671218.0,350.0,380.0,20.0,400.0,-20.0,0,2025-07-19,350.0,22.2,-350.0,77.8,80.0,0,0.0
457,DH,L,Rafael Devers,Eric Lauer,L,2,SF,TOR,away,6.18,SF,646240.0,350.0,390.0,17.7,465.0,-75.0,0,2025-07-19,350.0,22.2,-350.0,77.8,82.3,0,0.0
458,SS,R,Willy Adames,Eric Lauer,L,3,SF,TOR,away,6.05,SF,642715.0,370.0,370.0,17.299999999999997,478.0,-108.0,1,2025-07-19,370.0,21.3,-369.0,78.7,82.7,0,0.0
459,3B,R,Matt Chapman,Eric Lauer,L,4,SF,TOR,away,6.04,SF,656305.0,350.0,360.0,17.299999999999997,478.0,-118.0,0,2025-07-19,350.0,22.2,-350.0,77.8,82.7,0,0.0
460,1B,R,Wilmer Flores,Eric Lauer,L,5,SF,TOR,away,3.98,SF,527038.0,600.0,500.0,11.4,777.0,-177.0,0,2025-07-19,500.0,16.7,-499.0,83.3,88.6,0,0.0
461,2B,R,Casey Schmitt,Eric Lauer,L,6,SF,TOR,away,4.81,SF,669477.0,500.0,500.0,13.8,625.0,-125.0,0,2025-07-19,500.0,16.7,-499.0,83.3,86.2,0,0.0
462,CF,L,Jung Hoo Lee,Eric Lauer,L,7,SF,TOR,away,3.13,SF,808982.0,800.0,600.0,9.0,1011.0,-211.0,0,2025-07-19,600.0,14.299999999999999,-599.0,85.7,91.0,0,0.0
463,RF,R,Luis Matos,Eric Lauer,L,8,SF,TOR,away,3.8,SF,682641.0,500.0,600.0,10.9,817.0,-217.0,0,2025-07-19,500.0,16.7,-499.0,83.3,89.1,0,0.0
464,3B,R,Ernie Clement,Logan Webb,R,1,SF,TOR,home,2.55,TOR,676391.0,1000.0,1000.0,7.3,1270.0,-270.0,0,2025-07-19,1000.0,9.1,-999.0,90.9,92.7,1,1.0
465,RF,R,George Springer,Logan Webb,R,2,SF,TOR,home,2.18,TOR,543807.0,470.0,500.0,6.2,1513.0,-1013.0,0,2025-07-19,470.0,17.5,-471.0,82.5,93.8,0,0.0
466,1B,R,Vladimir Guerrero,Logan Webb,R,3,SF,TOR,home,5.61,TOR,665489.0,400.0,500.0,16.0,525.0,-25.0,0,2025-07-19,400.0,20.0,-400.0,80.0,84.0,0,0.0
467,SS,R,Bo Bichette,Logan Webb,R,4,SF,TOR,home,4.1,TOR,666182.0,630.0,600.0,11.7,755.0,-125.0,0,2025-07-19,600.0,14.299999999999999,-599.0,85.7,88.3,0,0.0
468,CF,L,TJ Friedl,Clay Holmes,R,1,CIN,NYM,away,3.09,CIN,670770.0,600.0,900.0,8.799999999999999,1036.0,-136.0,0,2025-07-19,600.0,14.299999999999999,-599.0,85.7,91.2,0,0.0
469,DH,R,Matt McLain,Clay Holmes,R,2,CIN,NYM,away,3.95,CIN,680574.0,560.0,550.0,11.3,785.0,-225.0,0,2025-07-19,550.0,15.4,-549.0,84.6,88.7,0,0.0
470,SS,S,Elly De La Cruz,Clay Holmes,R,3,CIN,NYM,away,5.14,CIN,682829.0,500.0,650.0,14.7,580.0,70.0,0,2025-07-19,500.0,16.7,-499.0,83.3,85.3,0,0.0
471,LF,R,Austin Hays,Clay Holmes,R,4,CIN,NYM,away,4.29,CIN,669720.0,540.0,600.0,12.3,713.0,-113.0,0,2025-07-19,540.0,15.6,-541.0,84.4,87.7,0,0.0
472,1B,R,Spencer Steer,Clay Holmes,R,5,CIN,NYM,away,3.07,CIN,668715.0,520.0,750.0,8.799999999999999,1036.0,-286.0,0,2025-07-19,520.0,16.1,-521.0,83.9,91.2,0,0.0
473,3B,R,Noelvi Marte,Clay Holmes,R,6,CIN,NYM,away,3.7,CIN,682622.0,680.0,750.0,10.6,843.0,-93.0,0,2025-07-19,680.0,12.8,-681.0,87.2,89.4,0,0.0
474,C,R,Tyler Stephenson,Clay Holmes,R,7,CIN,NYM,away,3.75,CIN,663886.0,520.0,750.0,10.7,835.0,-85.0,0,2025-07-19,520.0,16.1,-521.0,83.9,89.3,0,0.0
475,LF,L,Brandon Nimmo,Nick Martinez,R,1,CIN,NYM,home,5.64,NYM,607043.0,330.0,380.0,16.1,521.0,-141.0,0,2025-07-19,330.0,23.3,-329.0,76.7,83.9,0,0.0
476,SS,S,Francisco Lindor,Nick Martinez,R,2,CIN,NYM,home,4.85,NYM,596019.0,390.0,400.0,13.900000000000002,619.0,-219.0,0,2025-07-19,390.0,20.4,-390.0,79.6,86.1,0,0.0
477,RF,L,Juan Soto,Nick Martinez,R,3,CIN,NYM,home,7.03,NYM,665742.0,285.0,275.0,20.1,398.0,-113.0,0,2025-07-19,275.0,26.700000000000003,-275.0,73.3,79.9,0,0.0
478,1B,R,Pete Alonso,Nick Martinez,R,4,CIN,NYM,home,5.94,NYM,624413.0,300.0,270.0,17.0,488.0,-188.0,0,2025-07-19,270.0,27.0,-270.0,73.0,83.0,0,0.0
479,DH,R,Mark Vientos,Nick Martinez,R,5,CIN,NYM,home,4.25,NYM,668901.0,440.0,550.0,12.2,720.0,-170.0,0,2025-07-19,440.0,18.5,-441.0,81.5,87.8,0,0.0
480,CF,L,Jeff McNeil,Nick Martinez,R,6,CIN,NYM,home,3.05,NYM,643446.0,470.0,650.0,8.7,1049.0,-399.0,0,2025-07-19,470.0,17.5,-471.0,82.5,91.3,0,0.0
481,3B,S,Ronny Mauricio,Nick Martinez,R,7,CIN,NYM,home,3.65,NYM,677595.0,450.0,475.0,10.4,862.0,-387.0,0,2025-07-19,450.0,18.2,-449.0,81.8,89.6,0,0.0
482,C,R,Luis Torrens,Nick Martinez,R,8,CIN,NYM,home,4.25,NYM,620443.0,750.0,900.0,12.2,720.0,180.0,0,2025-07-19,750.0,11.799999999999999,-747.0,88.2,87.8,0,0.0
483,2B,L,Brett Baty,Nick Martinez,R,9,CIN,NYM,home,3.8,NYM,683146.0,560.0,650.0,10.9,817.0,-167.0,1,2025-07-19,560.0,15.2,-558.0,84.8,89.1,0,0.0
484,DH,R,Jonathan India,Cal Quantrill,R,1,KC,MIA,away,4.15,KC,663697.0,680.0,550.0,11.9,740.0,-60.0,0,2025-07-19,550.0,15.4,-549.0,84.6,88.1,0,0.0
485,SS,R,Bobby Witt,Cal Quantrill,R,2,KC,MIA,away,6.75,KC,677951.0,390.0,370.0,19.3,418.0,-28.0,0,2025-07-19,370.0,21.3,-369.0,78.7,80.7,0,0.0
486,1B,L,Vinnie Pasquantino,Cal Quantrill,R,3,KC,MIA,away,5.84,KC,686469.0,500.0,450.0,16.7,499.0,1.0,0,2025-07-19,450.0,18.2,-449.0,81.8,83.3,0,0.0
487,3B,R,Maikel Garcia,Cal Quantrill,R,4,KC,MIA,away,3.98,KC,672580.0,870.0,800.0,11.4,777.0,93.0,0,2025-07-19,800.0,11.1,-801.0,88.9,88.6,0,0.0
488,C,R,Salvador Perez,Cal Quantrill,R,5,KC,MIA,away,5.4,KC,521692.0,350.0,370.0,15.4,549.0,-179.0,1,2025-07-19,350.0,22.2,-350.0,77.8,84.6,0,0.0
489,2B,L,Adam Frazier,Cal Quantrill,R,7,KC,MIA,away,3.56,KC,624428.0,,,10.2,880.0,,0,2025-07-19,,,,,89.8,0,0.0
490,LF,R,Nick Loftin,Cal Quantrill,R,8,KC,MIA,away,3.33,KC,679845.0,870.0,900.0,9.5,953.0,-53.0,0,2025-07-19,870.0,10.299999999999999,-871.0,89.7,90.5,0,0.0
491,2B,S,Xavier Edwards,Michael Wacha,R,1,KC,MIA,home,3.27,MIA,669364.0,1060.0,1600.0,9.4,964.0,636.0,0,2025-07-19,1060.0,8.6,-1063.0,91.4,90.6,0,0.0
492,RF,L,Jesus Sanchez,Michael Wacha,R,2,KC,MIA,home,7.42,MIA,660821.0,500.0,425.0,21.2,372.0,128.0,0,2025-07-19,425.0,19.0,-426.0,81.0,78.8,0,0.0
493,C,R,Agustin Ramirez,Michael Wacha,R,3,KC,MIA,home,4.95,MIA,682663.0,450.0,450.0,14.2,604.0,-154.0,0,2025-07-19,450.0,18.2,-449.0,81.8,85.8,0,0.0
494,LF,L,Kyle Stowers,Michael Wacha,R,4,KC,MIA,home,7.59,MIA,669065.0,420.0,475.0,21.7,361.0,114.0,0,2025-07-19,420.0,19.2,-421.0,80.8,78.3,0,0.0
495,SS,R,Otto Lopez,Michael Wacha,R,5,KC,MIA,home,4.22,MIA,672640.0,680.0,750.0,12.1,726.0,24.0,0,2025-07-19,680.0,12.8,-681.0,87.2,87.9,0,0.0
496,1B,R,Eric Wagaman,Michael Wacha,R,6,KC,MIA,home,3.67,MIA,676572.0,900.0,,10.5,852.0,48.0,0,2025-07-19,900.0,10.0,-900.0,90.0,89.5,0,0.0
497,DH,L,Liam Hicks,Michael Wacha,R,7,KC,MIA,home,4.03,MIA,689414.0,870.0,900.0,11.5,770.0,130.0,0,2025-07-19,870.0,10.299999999999999,-871.0,89.7,88.5,0,0.0
498,CF,R,Dane Myers,Michael Wacha,R,8,KC,MIA,home,4.3,MIA,667472.0,830.0,900.0,12.3,713.0,187.0,0,2025-07-19,830.0,10.8,-826.0,89.2,87.7,0,0.0
499,3B,L,Graham Pauley,Michael Wacha,R,9,KC,MIA,home,4.33,MIA,688363.0,800.0,850.0,12.4,706.0,144.0,0,2025-07-19,800.0,11.1,-801.0,88.9,87.6,0,0.0
500,SS,R,Zach Neto,Taijuan Walker,R,1,LAA,PHI,away,5.91,LAA,687263.0,370.0,370.0,16.900000000000002,492.0,-122.0,0,2025-07-19,370.0,21.3,-369.0,78.7,83.1,0,0.0
501,1B,L,Nolan Schanuel,Taijuan Walker,R,2,LAA,PHI,away,5.24,LAA,694384.0,900.0,700.0,15.0,567.0,333.0,0,2025-07-19,700.0,12.5,-700.0,87.5,85.0,0,0.0
502,DH,R,Mike Trout,Taijuan Walker,R,3,LAA,PHI,away,6.87,LAA,545361.0,300.0,260.0,19.6,410.0,-110.0,0,2025-07-19,260.0,27.800000000000004,-260.0,72.19999999999999,80.4,0,0.0
503,LF,R,Taylor Ward,Taijuan Walker,R,4,LAA,PHI,away,5.84,LAA,621493.0,360.0,380.0,16.7,499.0,-119.0,1,2025-07-19,360.0,21.7,-361.0,78.3,83.3,0,0.0
504,CF,R,Jo Adell,Taijuan Walker,R,5,LAA,PHI,away,5.53,LAA,666176.0,340.0,330.0,15.8,533.0,-193.0,1,2025-07-19,330.0,23.3,-329.0,76.7,84.2,0,0.0
505,3B,S,Yoan Moncada,Taijuan Walker,R,6,LAA,PHI,away,4.75,LAA,660162.0,500.0,450.0,13.6,635.0,-135.0,1,2025-07-19,450.0,18.2,-449.0,81.8,86.4,0,0.0
506,RF,R,Jorge Soler,Taijuan Walker,R,7,LAA,PHI,away,4.65,LAA,624585.0,430.0,450.0,13.3,652.0,-202.0,0,2025-07-19,430.0,18.9,-429.0,81.1,86.7,0,0.0
507,2B,S,Luis Rengifo,Taijuan Walker,R,9,LAA,PHI,away,3.09,LAA,650859.0,1000.0,950.0,8.799999999999999,1036.0,-36.0,0,2025-07-19,950.0,9.5,-953.0,90.5,91.2,0,0.0
508,SS,R,Trea Turner,Yusei Kikuchi,L,1,LAA,PHI,home,5.78,PHI,607208.0,460.0,380.0,16.5,506.0,-46.0,0,2025-07-19,380.0,20.8,-381.0,79.2,83.5,0,0.0
509,1B,L,Bryce Harper,Yusei Kikuchi,L,2,LAA,PHI,home,6.24,PHI,547180.0,340.0,320.0,17.8,462.0,-122.0,1,2025-07-19,320.0,23.799999999999997,-320.0,76.2,82.2,0,0.0
510,DH,L,Kyle Schwarber,Yusei Kikuchi,L,4,LAA,PHI,home,7.02,PHI,656941.0,255.0,230.0,20.1,398.0,-143.0,1,2025-07-19,230.0,30.3,-230.0,69.7,79.9,0,0.0
511,RF,R,Nick Castellanos,Yusei Kikuchi,L,5,LAA,PHI,home,5.24,PHI,592206.0,520.0,390.0,15.0,567.0,-47.0,0,2025-07-19,390.0,20.4,-390.0,79.6,85.0,0,0.0
512,C,R,J.T. Realmuto,Yusei Kikuchi,L,6,LAA,PHI,home,5.87,PHI,592663.0,560.0,425.0,16.8,495.0,65.0,0,2025-07-19,425.0,19.0,-426.0,81.0,83.2,0,0.0
513,2B,R,Edmundo Sosa,Yusei Kikuchi,L,7,LAA,PHI,home,4.73,PHI,624641.0,630.0,550.0,13.5,641.0,-11.0,0,2025-07-19,550.0,15.4,-549.0,84.6,86.5,0,0.0
514,CF,R,Johan Rojas,Yusei Kikuchi,L,9,LAA,PHI,home,4.01,PHI,679032.0,1060.0,800.0,11.5,770.0,290.0,0,2025-07-19,800.0,11.1,-801.0,88.9,88.5,0,0.0
515,RF,L,Mike Tauchman,Mike Burrows,R,1,CWS,PIT,away,4.77,CWS,643565.0,680.0,700.0,13.6,635.0,65.0,0,2025-07-19,680.0,12.8,-681.0,87.2,86.4,0,0.0
516,2B,R,Chase Meidroth,Mike Burrows,R,2,CWS,PIT,away,2.98,CWS,805367.0,1000.0,1000.0,8.5,1076.0,-76.0,0,2025-07-19,1000.0,9.1,-999.0,90.9,91.5,0,0.0
517,LF,L,Andrew Benintendi,Mike Burrows,R,3,CWS,PIT,away,6.11,CWS,643217.0,600.0,600.0,17.5,471.0,129.0,0,2025-07-19,600.0,14.299999999999999,-599.0,85.7,82.5,0,0.0
518,1B,R,Miguel Vargas,Mike Burrows,R,4,CWS,PIT,away,4.11,CWS,678246.0,560.0,600.0,11.8,747.0,-147.0,0,2025-07-19,560.0,15.2,-558.0,84.8,88.2,0,0.0
519,C,L,Kyle Teel,Mike Burrows,R,5,CWS,PIT,away,5.48,CWS,691019.0,830.0,750.0,15.7,537.0,293.0,0,2025-07-19,750.0,11.799999999999999,-747.0,88.2,84.3,0,0.0
520,CF,R,Luis Robert,Mike Burrows,R,6,CWS,PIT,away,4.56,CWS,673357.0,560.0,550.0,13.0,669.0,-109.0,0,2025-07-19,550.0,15.4,-549.0,84.6,87.0,0,0.0
521,DH,R,Lenyn Sosa,Mike Burrows,R,7,CWS,PIT,away,3.83,CWS,672820.0,680.0,650.0,11.0,809.0,-129.0,0,2025-07-19,650.0,13.3,-652.0,86.7,89.0,0,0.0
522,3B,L,Josh Rojas,Mike Burrows,R,9,CWS,PIT,away,3.7,CWS,668942.0,1060.0,950.0,10.6,843.0,217.0,0,2025-07-19,950.0,9.5,-953.0,90.5,89.4,0,0.0
523,LF,R,Tommy Pham,Adrian Houser,R,1,CWS,PIT,home,3.62,PIT,502054.0,800.0,750.0,10.4,862.0,-62.0,0,2025-07-19,750.0,11.799999999999999,-747.0,88.2,89.6,0,0.0
524,DH,R,Andrew McCutchen,Adrian Houser,R,2,CWS,PIT,home,4.55,PIT,457705.0,680.0,600.0,13.0,669.0,11.0,0,2025-07-19,600.0,14.299999999999999,-599.0,85.7,87.0,0,0.0
525,RF,S,Bryan Reynolds,Adrian Houser,R,3,CWS,PIT,home,5.53,PIT,668804.0,560.0,475.0,15.8,533.0,27.0,0,2025-07-19,475.0,17.4,-475.0,82.6,84.2,0,0.0
526,2B,R,Nick Gonzales,Adrian Houser,R,4,CWS,PIT,home,3.42,PIT,693304.0,870.0,700.0,9.8,920.0,-50.0,0,2025-07-19,700.0,12.5,-700.0,87.5,90.2,0,0.0
527,CF,L,Oneil Cruz,Adrian Houser,R,5,CWS,PIT,home,7.44,PIT,665833.0,420.0,370.0,21.3,369.0,51.0,0,2025-07-19,370.0,21.3,-369.0,78.7,78.7,0,0.0
528,3B,R,Ke'Bryan Hayes,Adrian Houser,R,6,CWS,PIT,home,3.12,PIT,663647.0,1100.0,1300.0,8.9,1024.0,276.0,0,2025-07-19,1100.0,8.3,-1105.0,91.7,91.1,0,0.0
529,1B,L,Spencer Horwitz,Adrian Houser,R,7,CWS,PIT,home,4.65,PIT,687462.0,830.0,750.0,13.3,652.0,178.0,0,2025-07-19,750.0,11.799999999999999,-747.0,88.2,86.7,0,0.0
530,SS,R,Isiah Kiner-Falefa,Adrian Houser,R,9,CWS,PIT,home,2.23,PIT,643396.0,1400.0,1400.0,6.4,1462.0,-62.0,0,2025-07-19,1400.0,6.7,-1393.0,93.3,93.6,0,0.0
531,DH,L,Luis Arraez,Mitchell Parker,L,1,SD,WSH,away,2.59,SD,650333.0,1300.0,1100.0,7.399999999999999,1251.0,49.0,0,2025-07-19,1100.0,8.3,-1105.0,91.7,92.6,0,0.0
532,3B,R,Manny Machado,Mitchell Parker,L,2,SD,WSH,away,7.35,SD,592518.0,330.0,340.0,21.0,376.0,-36.0,0,2025-07-19,330.0,23.3,-329.0,76.7,79.0,0,0.0
533,CF,L,Jackson Merrill,Mitchell Parker,L,3,SD,WSH,away,5.08,SD,701538.0,500.0,550.0,14.499999999999998,590.0,-40.0,0,2025-07-19,500.0,16.7,-499.0,83.3,85.5,0,0.0
534,RF,R,Fernando Tatis,Mitchell Parker,L,4,SD,WSH,away,6.3,SD,665487.0,390.0,310.0,18.0,456.0,-66.0,0,2025-07-19,310.0,24.4,-310.0,75.6,82.0,0,0.0
535,SS,R,Xander Bogaerts,Mitchell Parker,L,5,SD,WSH,away,4.94,SD,593428.0,800.0,600.0,14.099999999999998,609.0,191.0,0,2025-07-19,600.0,14.299999999999999,-599.0,85.7,85.9,0,0.0
536,LF,L,Gavin Sheets,Mitchell Parker,L,6,SD,WSH,away,4.5,SD,657757.0,600.0,600.0,12.9,675.0,-75.0,0,2025-07-19,600.0,14.299999999999999,-599.0,85.7,87.1,0,0.0
537,2B,R,Jose Iglesias,Mitchell Parker,L,7,SD,WSH,away,3.59,SD,578428.0,1400.0,1100.0,10.3,871.0,529.0,0,2025-07-19,1100.0,8.3,-1105.0,91.7,89.7,0,0.0
538,1B,L,Jake Cronenworth,Mitchell Parker,L,8,SD,WSH,away,3.63,SD,630105.0,700.0,700.0,10.4,862.0,-162.0,0,2025-07-19,700.0,12.5,-700.0,87.5,89.6,0,0.0
539,C,R,Martin Maldonado,Mitchell Parker,L,9,SD,WSH,away,5.64,SD,455117.0,800.0,750.0,16.1,521.0,279.0,0,2025-07-19,750.0,11.799999999999999,-747.0,88.2,83.9,0,0.0
540,SS,L,CJ Abrams,Yu Darvish,R,1,SD,WSH,home,5.18,WSH,682928.0,480.0,550.0,14.8,576.0,-26.0,0,2025-07-19,480.0,17.2,-481.0,82.8,85.2,0,0.0
541,LF,L,James Wood,Yu Darvish,R,2,SD,WSH,home,7.71,WSH,695578.0,420.0,425.0,22.1,352.0,73.0,0,2025-07-19,420.0,19.2,-421.0,80.8,77.9,0,0.0
542,2B,L,Luis Garcia,Yu Darvish,R,3,SD,WSH,home,5.79,WSH,671277.0,520.0,600.0,16.6,502.0,98.0,0,2025-07-19,520.0,16.1,-521.0,83.9,83.4,0,0.0
543,1B,L,Nathaniel Lowe,Yu Darvish,R,4,SD,WSH,home,4.61,WSH,663993.0,560.0,550.0,13.2,658.0,-98.0,1,2025-07-19,550.0,15.4,-549.0,84.6,86.8,0,0.0
544,DH,S,Josh Bell,Yu Darvish,R,5,SD,WSH,home,5.21,WSH,605137.0,470.0,550.0,14.9,571.0,-21.0,0,2025-07-19,470.0,17.5,-471.0,82.5,85.1,0,0.0
545,RF,L,Daylen Lile,Yu Darvish,R,7,SD,WSH,home,3.75,WSH,695734.0,870.0,800.0,10.7,835.0,35.0,0,2025-07-19,800.0,11.1,-801.0,88.9,89.3,0,0.0
546,CF,R,Jacob Young,Yu Darvish,R,9,SD,WSH,home,2.36,WSH,696285.0,1500.0,1500.0,6.7,1393.0,107.0,0,2025-07-19,1500.0,6.2,-1513.0,93.8,93.3,0,0.0
547,DH,L,Colt Keith,Kumar Rocker,R,1,DET,TEX,away,7.26,DET,690993.0,540.0,550.0,20.8,381.0,169.0,0,2025-07-19,540.0,15.6,-541.0,84.4,79.2,0,0.0
548,2B,R,Gleyber Torres,Kumar Rocker,R,2,DET,TEX,away,5.16,DET,650402.0,600.0,650.0,14.8,576.0,74.0,0,2025-07-19,600.0,14.299999999999999,-599.0,85.7,85.2,0,0.0
549,RF,S,Wenceel Perez,Kumar Rocker,R,3,DET,TEX,away,5.97,DET,672761.0,560.0,500.0,17.1,485.0,75.0,0,2025-07-19,500.0,16.7,-499.0,83.3,82.9,0,0.0
550,LF,L,Riley Greene,Kumar Rocker,R,4,DET,TEX,away,7.35,DET,682985.0,340.0,400.0,21.0,376.0,24.0,1,2025-07-19,340.0,22.7,-341.0,77.3,79.0,0,0.0
551,1B,R,Spencer Torkelson,Kumar Rocker,R,5,DET,TEX,away,5.47,DET,679529.0,400.0,450.0,15.6,541.0,-91.0,0,2025-07-19,400.0,20.0,-400.0,80.0,84.4,0,0.0
552,3B,L,Zach McKinstry,Kumar Rocker,R,6,DET,TEX,away,4.39,DET,656716.0,800.0,650.0,12.6,694.0,106.0,0,2025-07-19,650.0,13.3,-652.0,86.7,87.4,0,0.0
553,CF,L,Parker Meadows,Kumar Rocker,R,8,DET,TEX,away,5.02,DET,678009.0,680.0,700.0,14.4,594.0,106.0,0,2025-07-19,680.0,12.8,-681.0,87.2,85.6,0,0.0
554,3B,L,Josh Smith,Keider Montero,R,1,DET,TEX,home,5.33,TEX,669701.0,630.0,750.0,15.2,558.0,192.0,0,2025-07-19,630.0,13.700000000000001,-630.0,86.3,84.8,0,0.0
555,SS,L,Corey Seager,Keider Montero,R,2,DET,TEX,home,7.88,TEX,608369.0,300.0,360.0,22.5,344.0,16.0,0,2025-07-19,300.0,25.0,-300.0,75.0,77.5,0,0.0
556,2B,R,Marcus Semien,Keider Montero,R,3,DET,TEX,home,4.26,TEX,543760.0,480.0,450.0,12.2,720.0,-240.0,0,2025-07-19,450.0,18.2,-449.0,81.8,87.8,0,0.0
557,RF,R,Adolis Garcia,Keider Montero,R,4,DET,TEX,home,5.93,TEX,666969.0,400.0,425.0,17.0,488.0,-63.0,0,2025-07-19,400.0,20.0,-400.0,80.0,83.0,0,0.0
558,CF,L,Evan Carter,Keider Montero,R,5,DET,TEX,home,5.81,TEX,694497.0,630.0,550.0,16.6,502.0,128.0,0,2025-07-19,550.0,15.4,-549.0,84.6,83.4,0,0.0
559,LF,R,Wyatt Langford,Keider Montero,R,6,DET,TEX,home,5.46,TEX,694671.0,470.0,500.0,15.6,541.0,-41.0,0,2025-07-19,470.0,17.5,-471.0,82.5,84.4,0,0.0
560,C,S,Jonah Heim,Keider Montero,R,7,DET,TEX,home,4.62,TEX,641680.0,700.0,700.0,13.2,658.0,42.0,0,2025-07-19,700.0,12.5,-700.0,87.5,86.8,0,0.0
561,1B,L,Rowdy Tellez,Keider Montero,R,8,DET,TEX,home,3.01,TEX,642133.0,,500.0,8.6,1063.0,,1,2025-07-19,,,,,91.4,0,0.0
562,DH,R,Kyle Higashioka,Keider Montero,R,9,DET,TEX,home,3.94,TEX,543309.0,480.0,500.0,11.3,785.0,-285.0,0,2025-07-19,480.0,17.2,-481.0,82.8,88.7,0,0.0
563,2B,L,Jackson Holliday,Zack Littell,R,1,BAL,TB,away,6.51,BAL,702616.0,480.0,475.0,18.6,438.0,42.0,0,2025-07-19,475.0,17.4,-475.0,82.6,81.4,0,0.0
564,3B,R,Jordan Westburg,Zack Littell,R,2,BAL,TB,away,6.6,BAL,676059.0,400.0,310.0,18.9,429.0,-29.0,0,2025-07-19,310.0,24.4,-310.0,75.6,81.1,0,0.0
565,SS,L,Gunnar Henderson,Zack Littell,R,3,BAL,TB,away,6.22,BAL,683002.0,370.0,300.0,17.8,462.0,-92.0,0,2025-07-19,300.0,25.0,-300.0,75.0,82.2,0,0.0
566,1B,L,Ryan O'Hearn,Zack Littell,R,4,BAL,TB,away,6.0,BAL,656811.0,560.0,500.0,17.2,481.0,79.0,0,2025-07-19,500.0,16.7,-499.0,83.3,82.8,0,0.0
567,RF,R,Ramon Laureano,Zack Littell,R,5,BAL,TB,away,5.51,BAL,657656.0,470.0,400.0,15.8,533.0,-63.0,0,2025-07-19,400.0,20.0,-400.0,80.0,84.2,0,0.0
568,LF,L,Colton Cowser,Zack Littell,R,6,BAL,TB,away,6.13,BAL,681297.0,400.0,340.0,17.5,471.0,-71.0,0,2025-07-19,340.0,22.7,-341.0,77.3,82.5,0,0.0
569,DH,R,Tyler O'Neill,Zack Littell,R,7,BAL,TB,away,5.39,BAL,641933.0,370.0,350.0,15.4,549.0,-179.0,0,2025-07-19,350.0,22.2,-350.0,77.8,84.6,0,0.0
570,CF,L,Cedric Mullins,Zack Littell,R,8,BAL,TB,away,4.6,BAL,656775.0,470.0,425.0,13.2,658.0,-188.0,0,2025-07-19,425.0,19.0,-426.0,81.0,86.8,0,0.0
571,C,R,Jacob Stallings,Zack Littell,R,9,BAL,TB,away,3.51,BAL,607732.0,1000.0,900.0,10.0,900.0,100.0,0,2025-07-19,900.0,10.0,-900.0,90.0,90.0,0,0.0
572,CF,L,Chandler Simpson,Dean Kremer,R,1,BAL,TB,home,3.37,TB,802415.0,900.0,1100.0,9.6,942.0,158.0,0,2025-07-19,900.0,10.0,-900.0,90.0,90.4,0,0.0
573,2B,L,Brandon Lowe,Dean Kremer,R,2,BAL,TB,home,6.58,TB,664040.0,330.0,340.0,18.8,432.0,-92.0,0,2025-07-19,330.0,23.3,-329.0,76.7,81.2,0,0.0
574,DH,R,Yandy Diaz,Dean Kremer,R,3,BAL,TB,home,5.38,TB,650490.0,430.0,380.0,15.4,549.0,-119.0,0,2025-07-19,380.0,20.8,-381.0,79.2,84.6,0,0.0
575,1B,L,Jonathan Aranda,Dean Kremer,R,4,BAL,TB,home,2.74,TB,666018.0,520.0,360.0,7.8,1182.0,-662.0,0,2025-07-19,360.0,21.7,-361.0,78.3,92.2,0,0.0
576,3B,R,Junior Caminero,Dean Kremer,R,5,BAL,TB,home,6.15,TB,691406.0,330.0,340.0,17.599999999999998,468.0,-128.0,0,2025-07-19,330.0,23.3,-329.0,76.7,82.4,0,0.0
577,RF,L,Josh Lowe,Dean Kremer,R,6,BAL,TB,home,4.63,TB,666139.0,630.0,475.0,13.2,658.0,-28.0,0,2025-07-19,475.0,17.4,-475.0,82.6,86.8,0,0.0
578,LF,S,Jake Mangum,Dean Kremer,R,7,BAL,TB,home,3.22,TB,663968.0,1000.0,1100.0,9.2,987.0,113.0,0,2025-07-19,1000.0,9.1,-999.0,90.9,90.8,0,0.0
579,SS,R,Ha-Seong Kim,Dean Kremer,R,8,BAL,TB,home,3.37,TB,673490.0,870.0,800.0,9.6,942.0,-72.0,0,2025-07-19,800.0,11.1,-801.0,88.9,90.4,0,0.0
580,SS,R,Jacob Wilson,Logan Allen,L,1,ATH,CLE,away,3.54,ATH,805779.0,1000.0,750.0,10.1,890.0,110.0,1,2025-07-19,750.0,11.799999999999999,-747.0,88.2,89.9,0,0.0
581,RF,R,Brent Rooker,Logan Allen,L,2,ATH,CLE,away,7.53,ATH,667670.0,340.0,370.0,21.5,365.0,5.0,0,2025-07-19,340.0,22.7,-341.0,77.3,78.5,0,0.0
582,DH,L,Nick Kurtz,Logan Allen,L,3,ATH,CLE,away,6.82,ATH,701762.0,390.0,450.0,19.5,413.0,37.0,1,2025-07-19,390.0,20.4,-390.0,79.6,80.5,0,0.0
583,C,R,Shea Langeliers,Logan Allen,L,4,ATH,CLE,away,5.82,ATH,669127.0,450.0,450.0,16.6,502.0,-52.0,1,2025-07-19,450.0,18.2,-449.0,81.8,83.4,0,0.0
584,LF,R,Miguel Andujar,Logan Allen,L,5,ATH,CLE,away,4.29,ATH,609280.0,900.0,800.0,12.3,713.0,187.0,0,2025-07-19,800.0,11.1,-801.0,88.9,87.7,0,0.0
585,2B,R,Luis Urias,Logan Allen,L,6,ATH,CLE,away,4.34,ATH,649966.0,,600.0,12.4,706.0,,0,2025-07-19,,,,,87.6,0,0.0
586,3B,R,Max Muncy,Logan Allen,L,8,ATH,CLE,away,5.52,ATH,691777.0,630.0,700.0,15.8,533.0,167.0,0,2025-07-19,630.0,13.700000000000001,-630.0,86.3,84.2,0,0.0
587,CF,R,Denzel Clarke,Logan Allen,L,9,ATH,CLE,away,4.57,ATH,672016.0,1000.0,750.0,13.1,663.0,337.0,0,2025-07-19,750.0,11.799999999999999,-747.0,88.2,86.9,0,0.0
588,3B,S,Jose Ramirez,Luis Severino,R,3,ATH,CLE,home,5.34,CLE,608070.0,350.0,310.0,15.3,554.0,-204.0,1,2025-07-19,310.0,24.4,-310.0,75.6,84.7,0,0.0
589,1B,S,Carlos Santana,Luis Severino,R,4,ATH,CLE,home,4.37,CLE,467793.0,520.0,500.0,12.5,700.0,-180.0,0,2025-07-19,500.0,16.7,-499.0,83.3,87.5,0,0.0
590,CF,S,Angel Martinez,Luis Severino,R,5,ATH,CLE,home,3.45,CLE,682657.0,630.0,650.0,9.9,910.0,-260.0,0,2025-07-19,630.0,13.700000000000001,-630.0,86.3,90.1,0,0.0
591,RF,L,Nolan Jones,Luis Severino,R,6,ATH,CLE,home,5.52,CLE,666134.0,750.0,550.0,15.8,533.0,217.0,0,2025-07-19,550.0,15.4,-549.0,84.6,84.2,0,0.0
592,SS,S,Brayan Rocchio,Luis Severino,R,9,ATH,CLE,home,3.13,CLE,677587.0,1100.0,1300.0,9.0,1011.0,289.0,0,2025-07-19,1100.0,8.3,-1105.0,91.7,91.0,0,0.0
593,RF,R,Aaron Judge,Joey Wentz,L,2,NYY,ATL,away,7.39,NYY,592450.0,180.0,170.0,21.1,374.0,-194.0,0,2025-07-19,170.0,37.0,-170.0,63.0,78.9,0,0.0
594,CF,L,Cody Bellinger,Joey Wentz,L,3,NYY,ATL,away,3.37,NYY,641355.0,470.0,400.0,9.6,942.0,-472.0,1,2025-07-19,400.0,20.0,-400.0,80.0,90.4,0,0.0
595,DH,R,Giancarlo Stanton,Joey Wentz,L,4,NYY,ATL,away,4.68,NYY,519317.0,300.0,275.0,13.4,646.0,-346.0,0,2025-07-19,275.0,26.700000000000003,-275.0,73.3,86.6,0,0.0
596,2B,L,Jazz Chisholm,Joey Wentz,L,5,NYY,ATL,away,4.36,NYY,665862.0,470.0,425.0,12.5,700.0,-230.0,0,2025-07-19,425.0,19.0,-426.0,81.0,87.5,0,0.0
597,1B,R,Paul Goldschmidt,Joey Wentz,L,6,NYY,ATL,away,3.37,NYY,502671.0,540.0,400.0,9.6,942.0,-402.0,0,2025-07-19,400.0,20.0,-400.0,80.0,90.4,0,0.0
598,C,L,Austin Wells,Joey Wentz,L,7,NYY,ATL,away,3.3,NYY,669224.0,560.0,450.0,9.4,964.0,-404.0,0,2025-07-19,450.0,18.2,-449.0,81.8,90.6,0,0.0
599,SS,R,Anthony Volpe,Joey Wentz,L,8,NYY,ATL,away,2.67,NYY,683011.0,830.0,700.0,7.6,1216.0,-386.0,1,2025-07-19,700.0,12.5,-700.0,87.5,92.4,0,0.0
600,3B,R,Oswald Peraza,Joey Wentz,L,9,NYY,ATL,away,3.26,NYY,672724.0,900.0,800.0,9.3,975.0,-75.0,0,2025-07-19,800.0,11.1,-801.0,88.9,90.7,0,0.0
601,LF,S,Jurickson Profar,Will Warren,R,1,NYY,ATL,home,4.72,ATL,595777.0,600.0,650.0,13.5,641.0,9.0,0,2025-07-19,600.0,14.299999999999999,-599.0,85.7,86.5,0,0.0
602,1B,L,Matt Olson,Will Warren,R,2,NYY,ATL,home,6.77,ATL,621566.0,400.0,330.0,19.4,415.0,-15.0,0,2025-07-19,330.0,23.3,-329.0,76.7,80.6,0,0.0
603,RF,R,Ronald Acuna,Will Warren,R,3,NYY,ATL,home,6.8,ATL,660670.0,350.0,340.0,19.4,415.0,-65.0,0,2025-07-19,340.0,22.7,-341.0,77.3,80.6,0,0.0
604,C,L,Drake Baldwin,Will Warren,R,4,NYY,ATL,home,5.09,ATL,686948.0,,,14.6,585.0,,0,2025-07-19,,,,,85.4,0,0.0
605,DH,R,Marcell Ozuna,Will Warren,R,5,NYY,ATL,home,5.65,ATL,542303.0,520.0,,16.2,517.0,3.0,0,2025-07-19,520.0,16.1,-521.0,83.9,83.8,0,0.0
606,2B,S,Ozzie Albies,Will Warren,R,6,NYY,ATL,home,3.88,ATL,645277.0,600.0,550.0,11.1,801.0,-201.0,1,2025-07-19,550.0,15.4,-549.0,84.6,88.9,0,0.0
607,3B,R,Nacho Alvarez,Will Warren,R,7,NYY,ATL,home,3.42,ATL,805373.0,,,9.8,920.0,,0,2025-07-19,,,,,90.2,0,0.0
608,CF,L,Michael Harris II,Will Warren,R,8,NYY,ATL,home,4.45,ATL,671739.0,900.0,700.0,12.7,687.0,213.0,1,2025-07-19,700.0,12.5,-700.0,87.5,87.3,0,0.0
609,SS,R,Nick Allen,Will Warren,R,9,NYY,ATL,home,2.21,ATL,669397.0,1500.0,1800.0,6.3,1487.0,313.0,0,2025-07-19,1500.0,6.2,-1513.0,93.8,93.7,0,0.0
610,DH,R,Rob Refsnyder,Shota Imanaga,L,1,BOS,CHC,away,6.8,BOS,608701.0,560.0,500.0,19.4,415.0,145.0,0,2025-07-19,500.0,16.7,-499.0,83.3,80.6,0,0.0
611,2B,R,Romy Gonzalez,Shota Imanaga,L,2,BOS,CHC,away,7.4,BOS,663853.0,400.0,425.0,21.2,372.0,53.0,0,2025-07-19,400.0,20.0,-400.0,80.0,78.8,0,0.0
612,3B,R,Alex Bregman,Shota Imanaga,L,3,BOS,CHC,away,5.99,BOS,608324.0,400.0,340.0,17.1,485.0,-85.0,0,2025-07-19,340.0,22.7,-341.0,77.3,82.9,0,0.0
613,SS,R,Trevor Story,Shota Imanaga,L,6,BOS,CHC,away,4.79,BOS,596115.0,430.0,360.0,13.7,630.0,-200.0,0,2025-07-19,360.0,21.7,-361.0,78.3,86.3,0,0.0
614,LF,L,Jarren Duran,Shota Imanaga,L,7,BOS,CHC,away,4.82,BOS,680776.0,600.0,600.0,13.8,625.0,-25.0,0,2025-07-19,600.0,14.299999999999999,-599.0,85.7,86.2,0,0.0
615,1B,S,Abraham Toro,Shota Imanaga,L,8,BOS,CHC,away,3.81,BOS,647351.0,700.0,550.0,10.9,817.0,-117.0,0,2025-07-19,550.0,15.4,-549.0,84.6,89.1,0,0.0
616,CF,R,Ceddanne Rafaela,Shota Imanaga,L,9,BOS,CHC,away,6.02,BOS,678882.0,600.0,450.0,17.2,481.0,119.0,0,2025-07-19,450.0,18.2,-449.0,81.8,82.8,0,0.0
617,1B,L,Michael Busch,Brayan Bello,R,1,BOS,CHC,home,6.57,CHC,683737.0,400.0,320.0,18.8,432.0,-32.0,1,2025-07-19,320.0,23.799999999999997,-320.0,76.2,81.2,0,0.0
618,RF,L,Kyle Tucker,Brayan Bello,R,2,BOS,CHC,home,5.99,CHC,663656.0,390.0,390.0,17.1,485.0,-95.0,1,2025-07-19,390.0,20.4,-390.0,79.6,82.9,0,0.0
619,DH,R,Seiya Suzuki,Brayan Bello,R,3,BOS,CHC,home,6.11,CHC,673548.0,400.0,380.0,17.5,471.0,-71.0,0,2025-07-19,380.0,20.8,-381.0,79.2,82.5,0,0.0
620,CF,L,Pete Crow-Armstrong,Brayan Bello,R,4,BOS,CHC,home,5.97,CHC,691718.0,370.0,380.0,17.1,485.0,-105.0,1,2025-07-19,370.0,21.3,-369.0,78.7,82.9,0,0.0
621,LF,S,Ian Happ,Brayan Bello,R,6,BOS,CHC,home,5.12,CHC,664023.0,560.0,400.0,14.6,585.0,-25.0,1,2025-07-19,400.0,20.0,-400.0,80.0,85.4,0,0.0
622,SS,R,Dansby Swanson,Brayan Bello,R,7,BOS,CHC,home,3.87,CHC,621020.0,600.0,550.0,11.1,801.0,-201.0,0,2025-07-19,550.0,15.4,-549.0,84.6,88.9,0,0.0
623,2B,R,Nico Hoerner,Brayan Bello,R,8,BOS,CHC,home,2.5,CHC,663538.0,1200.0,1200.0,7.199999999999999,1289.0,-89.0,0,2025-07-19,1200.0,7.7,-1199.0,92.3,92.8,0,0.0
624,3B,R,Matt Shaw,Brayan Bello,R,9,BOS,CHC,home,2.95,CHC,807713.0,1100.0,900.0,8.4,1090.0,10.0,1,2025-07-19,900.0,10.0,-900.0,90.0,91.6,0,0.0
625,LF,L,Brendan Donovan,Ryne Nelson,R,1,STL,ARI,away,5.31,STL,680977.0,750.0,650.0,15.2,558.0,192.0,0,2025-07-19,650.0,13.3,-652.0,86.7,84.8,0,0.0
626,DH,R,Ivan Herrera,Ryne Nelson,R,2,STL,ARI,away,3.77,STL,671056.0,680.0,600.0,10.8,826.0,-146.0,0,2025-07-19,600.0,14.299999999999999,-599.0,85.7,89.2,0,0.0
627,RF,L,Alec Burleson,Ryne Nelson,R,3,STL,ARI,away,5.12,STL,676475.0,500.0,475.0,14.6,585.0,-85.0,1,2025-07-19,475.0,17.4,-475.0,82.6,85.4,0,0.0
628,C,R,William Contreras,Emmet Sheehan,R,2,MIL,LAD,away,4.02,MIL,661388.0,440.0,320.0,11.5,770.0,-330.0,0,2025-07-19,320.0,23.799999999999997,-320.0,76.2,88.5,0,0.0
629,3B,R,Nolan Arenado,Ryne Nelson,R,5,STL,ARI,away,3.31,STL,571448.0,750.0,600.0,9.5,953.0,-203.0,0,2025-07-19,600.0,14.299999999999999,-599.0,85.7,90.5,0,0.0
630,SS,R,Masyn Winn,Ryne Nelson,R,6,STL,ARI,away,3.13,STL,691026.0,900.0,850.0,9.0,1011.0,-111.0,0,2025-07-19,850.0,10.5,-852.0,89.5,91.0,0,0.0
631,C,R,Pedro Pages,Ryne Nelson,R,8,STL,ARI,away,2.94,STL,686780.0,830.0,800.0,8.4,1090.0,-260.0,0,2025-07-19,800.0,11.1,-801.0,88.9,91.6,1,1.25
632,RF,L,Corbin Carroll,Sonny Gray,R,1,STL,ARI,home,6.16,ARI,682998.0,450.0,330.0,17.599999999999998,468.0,-18.0,0,2025-07-19,330.0,23.3,-329.0,76.7,82.4,0,0.0
633,SS,S,Geraldo Perdomo,Sonny Gray,R,2,STL,ARI,home,3.74,ARI,672695.0,1100.0,1000.0,10.7,835.0,265.0,0,2025-07-19,1000.0,9.1,-999.0,90.9,89.3,0,0.0
634,1B,L,Josh Naylor,Sonny Gray,R,3,STL,ARI,home,5.17,ARI,647304.0,870.0,800.0,14.8,576.0,294.0,0,2025-07-19,800.0,11.1,-801.0,88.9,85.2,0,0.0
635,3B,R,Eugenio Suarez,Sonny Gray,R,4,STL,ARI,home,2.31,ARI,553993.0,360.0,350.0,6.6000000000000005,1415.0,-1055.0,1,2025-07-19,350.0,22.2,-350.0,77.8,93.4,0,0.0
636,LF,R,Lourdes Gurriel,Sonny Gray,R,5,STL,ARI,home,4.0,ARI,666971.0,830.0,700.0,11.4,777.0,53.0,0,2025-07-19,700.0,12.5,-700.0,87.5,88.6,0,0.0
637,DH,L,Adrian Del Castillo,Sonny Gray,R,6,STL,ARI,home,5.64,ARI,680728.0,,700.0,16.1,521.0,,0,2025-07-19,,,,,83.9,0,0.0
638,2B,R,Blaze Alexander,Sonny Gray,R,7,STL,ARI,home,1.18,ARI,677942.0,1060.0,1000.0,3.4000000000000004,2841.0,-1781.0,0,2025-07-19,1000.0,9.1,-999.0,90.9,96.6,1,1.0
639,CF,L,Alek Thomas,Sonny Gray,R,8,STL,ARI,home,4.89,ARI,677950.0,1100.0,1000.0,14.000000000000002,614.0,486.0,0,2025-07-19,1000.0,9.1,-999.0,90.9,86.0,0,0.0
640,CF,R,Byron Buxton,Antonio Senzatela,R,1,MIN,COL,away,6.75,MIN,621439.0,210.0,195.0,19.3,418.0,-208.0,0,2025-07-19,195.0,33.900000000000006,-195.0,66.1,80.7,0,0.0
641,LF,S,Willi Castro,Antonio Senzatela,R,2,MIN,COL,away,4.56,MIN,650489.0,600.0,500.0,13.0,669.0,-69.0,0,2025-07-19,500.0,16.7,-499.0,83.3,87.0,0,0.0
642,DH,L,Trevor Larnach,Antonio Senzatela,R,3,MIN,COL,away,6.02,MIN,663616.0,450.0,370.0,17.2,481.0,-31.0,0,2025-07-19,370.0,21.3,-369.0,78.7,82.8,0,0.0
643,C,R,Ryan Jeffers,Antonio Senzatela,R,4,MIN,COL,away,5.57,MIN,680777.0,420.0,400.0,15.9,529.0,-109.0,0,2025-07-19,400.0,20.0,-400.0,80.0,84.1,0,0.0
644,SS,R,Carlos Correa,Antonio Senzatela,R,5,MIN,COL,away,5.06,MIN,621043.0,520.0,400.0,14.499999999999998,590.0,-70.0,0,2025-07-19,400.0,20.0,-400.0,80.0,85.5,0,0.0
645,2B,S,Brooks Lee,Antonio Senzatela,R,6,MIN,COL,away,4.37,MIN,686797.0,,,12.5,700.0,,0,2025-07-19,,,,,87.5,0,0.0
646,RF,L,Matt Wallner,Antonio Senzatela,R,7,MIN,COL,away,6.74,MIN,670242.0,350.0,350.0,19.3,418.0,-68.0,0,2025-07-19,350.0,22.2,-350.0,77.8,80.7,0,0.0
647,1B,L,Kody Clemens,Antonio Senzatela,R,9,MIN,COL,away,6.33,MIN,665019.0,340.0,320.0,18.1,452.0,-112.0,0,2025-07-19,320.0,23.799999999999997,-320.0,76.2,81.9,0,0.0
648,2B,L,Brice Turang,Emmet Sheehan,R,1,MIL,LAD,away,4.14,MIL,668930.0,900.0,850.0,11.8,747.0,153.0,0,2025-07-19,850.0,10.5,-852.0,89.5,88.2,0,0.0
649,CF,R,Jackson Chourio,Emmet Sheehan,R,3,MIL,LAD,away,4.82,MIL,694192.0,420.0,350.0,13.8,625.0,-205.0,0,2025-07-19,350.0,22.2,-350.0,77.8,86.2,0,0.0
650,DH,L,Christian Yelich,Emmet Sheehan,R,4,MIL,LAD,away,5.33,MIL,592885.0,430.0,380.0,15.2,558.0,-128.0,0,2025-07-19,380.0,20.8,-381.0,79.2,84.8,0,0.0
651,1B,R,Andrew Vaughn,Emmet Sheehan,R,5,MIL,LAD,away,6.18,MIL,683734.0,430.0,350.0,17.7,465.0,-35.0,0,2025-07-19,350.0,22.2,-350.0,77.8,82.3,0,0.0
652,LF,S,Isaac Collins,Emmet Sheehan,R,6,MIL,LAD,away,3.14,MIL,686555.0,630.0,600.0,9.0,1011.0,-381.0,1,2025-07-19,600.0,14.299999999999999,-599.0,85.7,91.0,0,0.0
653,3B,R,Caleb Durbin,Emmet Sheehan,R,8,MIL,LAD,away,3.07,MIL,702332.0,900.0,750.0,8.799999999999999,1036.0,-136.0,0,2025-07-19,750.0,11.799999999999999,-747.0,88.2,91.2,0,0.0
654,SS,R,Joey Ortiz,Emmet Sheehan,R,9,MIL,LAD,away,3.12,MIL,687401.0,830.0,700.0,8.9,1024.0,-194.0,1,2025-07-19,700.0,12.5,-700.0,87.5,91.1,0,0.0
655,DH,L,Shohei Ohtani,Freddy Peralta,R,1,MIL,LAD,home,9.21,LAD,660271.0,176.0,190.0,26.3,280.0,-90.0,1,2025-07-19,176.0,36.199999999999996,-176.0,63.800000000000004,73.7,0,0.0
656,1B,L,Freddie Freeman,Freddy Peralta,R,3,MIL,LAD,home,5.58,LAD,518692.0,500.0,400.0,16.0,525.0,-25.0,0,2025-07-19,400.0,20.0,-400.0,80.0,84.0,0,0.0
657,C,R,Will Smith,Freddy Peralta,R,4,MIL,LAD,home,5.37,LAD,669257.0,370.0,390.0,15.4,549.0,-159.0,0,2025-07-19,370.0,21.3,-369.0,78.7,84.6,0,0.0
658,RF,R,Teoscar Hernandez,Freddy Peralta,R,5,MIL,LAD,home,5.97,LAD,606192.0,450.0,380.0,17.1,485.0,-35.0,0,2025-07-19,380.0,20.8,-381.0,79.2,82.9,0,0.0
659,CF,R,Andy Pages,Freddy Peralta,R,6,MIL,LAD,home,4.67,LAD,681624.0,450.0,390.0,13.4,646.0,-196.0,0,2025-07-19,390.0,20.4,-390.0,79.6,86.6,0,0.0
660,LF,L,Michael Conforto,Freddy Peralta,R,7,MIL,LAD,home,5.07,LAD,624424.0,600.0,500.0,14.499999999999998,590.0,10.0,0,2025-07-19,500.0,16.7,-499.0,83.3,85.5,0,0.0
661,3B,S,Tommy Edman,Freddy Peralta,R,8,MIL,LAD,home,3.91,LAD,669242.0,600.0,600.0,11.2,793.0,-193.0,1,2025-07-19,600.0,14.299999999999999,-599.0,85.7,88.8,0,0.0
662,2B,L,Hyeseong Kim,Freddy Peralta,R,9,MIL,LAD,home,1.52,LAD,808975.0,900.0,750.0,4.3,2226.0,-1326.0,0,2025-07-19,750.0,11.799999999999999,-747.0,88.2,95.7,1,1.34
663,3B,R,Isaac Paredes,Logan Evans,R,1,HOU,SEA,away,4.75,HOU,670623.0,500.0,450.0,13.6,635.0,-135.0,0,2025-07-19,450.0,18.2,-449.0,81.8,86.4,0,0.0
664,RF,R,Cam Smith,Logan Evans,R,2,HOU,SEA,away,4.44,HOU,701358.0,830.0,600.0,12.7,687.0,143.0,0,2025-07-19,600.0,14.299999999999999,-599.0,85.7,87.3,0,0.0
665,LF,R,Jose Altuve,Logan Evans,R,3,HOU,SEA,away,4.87,HOU,514888.0,600.0,600.0,13.900000000000002,619.0,-19.0,0,2025-07-19,600.0,14.299999999999999,-599.0,85.7,86.1,0,0.0
666,1B,R,Christian Walker,Logan Evans,R,4,HOU,SEA,away,6.85,HOU,572233.0,470.0,400.0,19.6,410.0,60.0,0,2025-07-19,400.0,20.0,-400.0,80.0,80.4,0,0.0
667,DH,S,Victor Caratini,Logan Evans,R,5,HOU,SEA,away,5.58,HOU,605170.0,600.0,600.0,16.0,525.0,75.0,0,2025-07-19,600.0,14.299999999999999,-599.0,85.7,84.0,0,0.0
668,C,R,Yainer Diaz,Logan Evans,R,6,HOU,SEA,away,5.16,HOU,673237.0,560.0,500.0,14.8,576.0,-16.0,0,2025-07-19,500.0,16.7,-499.0,83.3,85.2,0,0.0
669,CF,L,Taylor Trammell,Logan Evans,R,7,HOU,SEA,away,4.92,HOU,666211.0,680.0,600.0,14.099999999999998,609.0,71.0,0,2025-07-19,600.0,14.299999999999999,-599.0,85.7,85.9,0,0.0
670,SS,R,Mauricio Dubon,Logan Evans,R,8,HOU,SEA,away,3.34,HOU,643289.0,1100.0,1000.0,9.6,942.0,158.0,0,2025-07-19,1000.0,9.1,-999.0,90.9,90.4,0,0.0
671,SS,L,J.P. Crawford,Lance McCullers,R,1,HOU,SEA,home,5.34,SEA,641487.0,900.0,750.0,15.3,554.0,346.0,0,2025-07-19,750.0,11.799999999999999,-747.0,88.2,84.7,0,0.0
672,C,S,Cal Raleigh,Lance McCullers,R,3,HOU,SEA,home,8.24,SEA,663728.0,255.0,230.0,23.6,324.0,-69.0,0,2025-07-19,230.0,30.3,-230.0,69.7,76.4,0,0.0
673,LF,R,Randy Arozarena,Lance McCullers,R,4,HOU,SEA,home,5.29,SEA,668227.0,450.0,360.0,15.1,562.0,-112.0,0,2025-07-19,360.0,21.7,-361.0,78.3,84.9,0,0.0
674,DH,S,Jorge Polanco,Lance McCullers,R,5,HOU,SEA,home,5.58,SEA,593871.0,560.0,450.0,16.0,525.0,35.0,0,2025-07-19,450.0,18.2,-449.0,81.8,84.0,0,0.0
675,1B,L,Luke Raley,Lance McCullers,R,6,HOU,SEA,home,6.12,SEA,670042.0,600.0,500.0,17.5,471.0,129.0,0,2025-07-19,500.0,16.7,-499.0,83.3,82.5,0,0.0
676,RF,L,Dominic Canzone,Lance McCullers,R,7,HOU,SEA,home,6.44,SEA,686527.0,600.0,475.0,18.4,443.0,157.0,0,2025-07-19,475.0,17.4,-475.0,82.6,81.6,0,0.0
677,3B,R,Ben Williamson,Lance McCullers,R,8,HOU,SEA,home,3.37,SEA,810938.0,,,9.6,942.0,,0,2025-07-19,,,,,90.4,0,0.0
678,2B,L,Cole Young,Lance McCullers,R,9,HOU,SEA,home,4.19,SEA,702284.0,1060.0,1000.0,12.0,733.0,327.0,0,2025-07-19,1000.0,9.1,-999.0,90.9,88.0,0,0.0
679,CF,L,Jung Hoo Lee,Jose Berrios,R,1,SF,TOR,away,4.96,SF,808982.0,680.0,600.0,14.2,604.0,76.0,0,2025-07-20,600.0,14.299999999999999,-599.0,85.7,85.8,0,0.0
680,LF,R,Heliot Ramos,Jose Berrios,R,2,SF,TOR,away,5.24,SF,671218.0,420.0,400.0,15.0,567.0,-147.0,0,2025-07-20,400.0,20.0,-400.0,80.0,85.0,0,0.0
681,DH,L,Rafael Devers,Jose Berrios,R,3,SF,TOR,away,6.98,SF,646240.0,320.0,310.0,20.0,400.0,-80.0,0,2025-07-20,310.0,24.4,-310.0,75.6,80.0,0,0.0
682,SS,R,Willy Adames,Jose Berrios,R,4,SF,TOR,away,6.24,SF,642715.0,350.0,340.0,17.8,462.0,-112.0,0,2025-07-20,340.0,22.7,-341.0,77.3,82.2,0,0.0
683,RF,L,Mike Yastrzemski,Jose Berrios,R,5,SF,TOR,away,5.67,SF,573262.0,500.0,340.0,16.2,517.0,-17.0,0,2025-07-20,340.0,22.7,-341.0,77.3,83.8,0,0.0
684,3B,R,Matt Chapman,Jose Berrios,R,6,SF,TOR,away,6.42,SF,656305.0,360.0,330.0,18.4,443.0,-83.0,1,2025-07-20,330.0,23.3,-329.0,76.7,81.6,0,0.0
685,1B,L,Dominic Smith,Jose Berrios,R,7,SF,TOR,away,5.87,SF,642086.0,750.0,750.0,16.8,495.0,255.0,0,2025-07-20,750.0,11.799999999999999,-747.0,88.2,83.2,0,0.0
686,2B,L,Brett Wisely,Jose Berrios,R,8,SF,TOR,away,4.3,SF,689172.0,750.0,700.0,12.3,713.0,37.0,0,2025-07-20,700.0,12.5,-700.0,87.5,87.7,0,0.0
687,C,R,Andrew Knizner,Jose Berrios,R,9,SF,TOR,away,3.67,SF,668800.0,750.0,800.0,10.5,852.0,-52.0,0,2025-07-20,750.0,11.799999999999999,-747.0,88.2,89.5,0,0.0
688,3B,R,Ernie Clement,Robbie Ray,L,1,SF,TOR,home,4.14,TOR,676391.0,680.0,550.0,11.8,747.0,-67.0,0,2025-07-20,550.0,15.4,-549.0,84.6,88.2,0,0.0
689,DH,R,George Springer,Robbie Ray,L,2,SF,TOR,home,6.56,TOR,543807.0,400.0,400.0,18.8,432.0,-32.0,1,2025-07-20,400.0,20.0,-400.0,80.0,81.2,0,0.0
690,1B,R,Vladimir Guerrero,Robbie Ray,L,3,SF,TOR,home,6.79,TOR,665489.0,370.0,400.0,19.4,415.0,-15.0,1,2025-07-20,370.0,21.3,-369.0,78.7,80.6,0,0.0
691,SS,R,Bo Bichette,Robbie Ray,L,4,SF,TOR,home,5.05,TOR,666182.0,500.0,450.0,14.4,594.0,-94.0,0,2025-07-20,450.0,18.2,-449.0,81.8,85.6,0,0.0
692,C,R,Alejandro Kirk,Robbie Ray,L,5,SF,TOR,home,5.11,TOR,672386.0,560.0,550.0,14.6,585.0,-25.0,0,2025-07-20,550.0,15.4,-549.0,84.6,85.4,0,0.0
693,RF,L,Addison Barger,Robbie Ray,L,6,SF,TOR,home,3.6,TOR,680718.0,560.0,550.0,10.3,871.0,-311.0,1,2025-07-20,550.0,15.4,-549.0,84.6,89.7,0,0.0
694,LF,R,Davis Schneider,Robbie Ray,L,7,SF,TOR,home,6.28,TOR,676914.0,520.0,500.0,18.0,456.0,64.0,0,2025-07-20,500.0,16.7,-499.0,83.3,82.0,0,0.0
695,2B,R,Leo Jimenez,Robbie Ray,L,8,SF,TOR,home,4.13,TOR,677870.0,680.0,700.0,11.8,747.0,-47.0,0,2025-07-20,680.0,12.8,-681.0,87.2,88.2,0,0.0
696,CF,R,Myles Straw,Robbie Ray,L,9,SF,TOR,home,3.95,TOR,664702.0,1700.0,1600.0,11.3,785.0,915.0,0,2025-07-20,1600.0,5.8999999999999995,-1595.0,94.1,88.7,0,0.0
697,2B,L,Jackson Holliday,Ryan Pepiot,R,1,BAL,TB,away,6.58,BAL,702616.0,500.0,500.0,18.8,432.0,68.0,1,2025-07-20,500.0,16.7,-499.0,83.3,81.2,0,0.0
698,3B,R,Jordan Westburg,Ryan Pepiot,R,2,BAL,TB,away,5.93,BAL,676059.0,350.0,330.0,17.0,488.0,-138.0,0,2025-07-20,330.0,23.3,-329.0,76.7,83.0,0,0.0
699,SS,L,Gunnar Henderson,Ryan Pepiot,R,3,BAL,TB,away,5.8,BAL,683002.0,360.0,360.0,16.6,502.0,-142.0,0,2025-07-20,360.0,21.7,-361.0,78.3,83.4,0,0.0
700,1B,L,Ryan O'Hearn,Ryan Pepiot,R,4,BAL,TB,away,5.6,BAL,656811.0,500.0,500.0,16.0,525.0,-25.0,1,2025-07-20,500.0,16.7,-499.0,83.3,84.0,0,0.0
701,RF,R,Ramon Laureano,Ryan Pepiot,R,5,BAL,TB,away,5.49,BAL,657656.0,480.0,400.0,15.7,537.0,-57.0,0,2025-07-20,400.0,20.0,-400.0,80.0,84.3,0,0.0
702,LF,L,Colton Cowser,Ryan Pepiot,R,6,BAL,TB,away,5.95,BAL,681297.0,430.0,400.0,17.0,488.0,-58.0,0,2025-07-20,400.0,20.0,-400.0,80.0,83.0,0,0.0
703,DH,R,Tyler O'Neill,Ryan Pepiot,R,7,BAL,TB,away,5.51,BAL,641933.0,370.0,310.0,15.8,533.0,-163.0,0,2025-07-20,310.0,24.4,-310.0,75.6,84.2,0,0.0
704,CF,L,Cedric Mullins,Ryan Pepiot,R,8,BAL,TB,away,4.56,BAL,656775.0,540.0,500.0,13.0,669.0,-129.0,0,2025-07-20,500.0,16.7,-499.0,83.3,87.0,0,0.0
705,DH,R,Yandy Diaz,Trevor Rogers,L,1,BAL,TB,home,6.44,TB,650490.0,450.0,425.0,18.4,443.0,7.0,0,2025-07-20,425.0,19.0,-426.0,81.0,81.6,0,0.0
706,SS,R,Ha-Seong Kim,Trevor Rogers,L,2,BAL,TB,home,4.36,TB,673490.0,600.0,650.0,12.5,700.0,-50.0,0,2025-07-20,600.0,14.299999999999999,-599.0,85.7,87.5,0,0.0
707,3B,R,Junior Caminero,Trevor Rogers,L,3,BAL,TB,home,5.92,TB,691406.0,340.0,330.0,16.900000000000002,492.0,-152.0,0,2025-07-20,330.0,23.3,-329.0,76.7,83.1,0,0.0
708,CF,S,Jake Mangum,Trevor Rogers,L,5,BAL,TB,home,3.48,TB,663968.0,1060.0,1100.0,10.0,900.0,200.0,0,2025-07-20,1060.0,8.6,-1063.0,91.4,90.0,0,0.0
709,LF,R,Christopher Morel,Trevor Rogers,L,6,BAL,TB,home,6.3,TB,666624.0,470.0,380.0,18.0,456.0,14.0,0,2025-07-20,380.0,20.8,-381.0,79.2,82.0,0,0.0
710,RF,R,Jose Caballero,Trevor Rogers,L,7,BAL,TB,home,4.03,TB,676609.0,900.0,1000.0,11.5,770.0,230.0,0,2025-07-20,900.0,10.0,-900.0,90.0,88.5,0,0.0
711,2B,S,Taylor Walls,Trevor Rogers,L,8,BAL,TB,home,2.83,TB,670764.0,900.0,1100.0,8.1,1135.0,-35.0,0,2025-07-20,900.0,10.0,-900.0,90.0,91.9,0,0.0
712,C,R,Danny Jansen,Trevor Rogers,L,9,BAL,TB,home,4.25,TB,643376.0,520.0,550.0,12.2,720.0,-170.0,1,2025-07-20,520.0,16.1,-521.0,83.9,87.8,0,0.0
713,LF,S,Jasson Dominguez,Grant Holmes,R,1,NYY,ATL,away,4.93,NYY,691176.0,560.0,500.0,14.099999999999998,609.0,-49.0,0,2025-07-20,500.0,16.7,-499.0,83.3,85.9,0,0.0
714,RF,R,Aaron Judge,Grant Holmes,R,2,NYY,ATL,away,8.54,NYY,592450.0,158.0,170.0,24.4,310.0,-140.0,1,2025-07-20,158.0,38.800000000000004,-158.0,61.199999999999996,75.6,0,0.0
715,CF,L,Cody Bellinger,Grant Holmes,R,3,NYY,ATL,away,4.92,NYY,641355.0,540.0,400.0,14.099999999999998,609.0,-69.0,0,2025-07-20,400.0,20.0,-400.0,80.0,85.9,0,0.0
716,DH,R,Giancarlo Stanton,Grant Holmes,R,4,NYY,ATL,away,6.52,NYY,519317.0,285.0,295.0,18.6,438.0,-143.0,0,2025-07-20,285.0,26.0,-285.0,74.0,81.4,0,0.0
717,2B,L,Jazz Chisholm,Grant Holmes,R,5,NYY,ATL,away,6.61,NYY,665862.0,450.0,390.0,18.9,429.0,21.0,0,2025-07-20,390.0,20.4,-390.0,79.6,81.1,0,0.0
718,1B,R,Paul Goldschmidt,Grant Holmes,R,6,NYY,ATL,away,4.19,NYY,502671.0,560.0,550.0,12.0,733.0,-173.0,0,2025-07-20,550.0,15.4,-549.0,84.6,88.0,0,0.0
719,SS,R,Anthony Volpe,Grant Holmes,R,8,NYY,ATL,away,3.4,NYY,683011.0,750.0,650.0,9.7,931.0,-181.0,0,2025-07-20,650.0,13.3,-652.0,86.7,90.3,0,0.0
720,LF,S,Jurickson Profar,Marcus Stroman,R,1,NYY,ATL,home,4.91,ATL,595777.0,600.0,650.0,14.000000000000002,614.0,36.0,0,2025-07-20,600.0,14.299999999999999,-599.0,85.7,86.0,0,0.0
721,1B,L,Matt Olson,Marcus Stroman,R,2,NYY,ATL,home,7.17,ATL,621566.0,400.0,320.0,20.5,388.0,12.0,1,2025-07-20,320.0,23.799999999999997,-320.0,76.2,79.5,0,0.0
722,RF,R,Ronald Acuna,Marcus Stroman,R,3,NYY,ATL,home,6.4,ATL,660670.0,340.0,380.0,18.3,446.0,-66.0,1,2025-07-20,340.0,22.7,-341.0,77.3,81.7,0,0.0
723,C,L,Drake Baldwin,Marcus Stroman,R,4,NYY,ATL,home,4.88,ATL,686948.0,520.0,500.0,14.000000000000002,614.0,-94.0,0,2025-07-20,500.0,16.7,-499.0,83.3,86.0,0,0.0
724,DH,R,Sean Murphy,Marcus Stroman,R,5,NYY,ATL,home,5.16,ATL,669221.0,,,14.8,576.0,,0,2025-07-20,,,,,85.2,0,0.0
725,2B,S,Ozzie Albies,Marcus Stroman,R,6,NYY,ATL,home,3.88,ATL,645277.0,560.0,500.0,11.1,801.0,-241.0,0,2025-07-20,500.0,16.7,-499.0,83.3,88.9,0,0.0
726,3B,R,Nacho Alvarez,Marcus Stroman,R,7,NYY,ATL,home,3.27,ATL,805373.0,,800.0,9.4,964.0,,0,2025-07-20,,,,,90.6,0,0.0
727,CF,L,Michael Harris II,Marcus Stroman,R,8,NYY,ATL,home,4.07,ATL,671739.0,750.0,550.0,11.6,762.0,-12.0,0,2025-07-20,550.0,15.4,-549.0,84.6,88.4,0,0.0
728,SS,R,Nick Allen,Marcus Stroman,R,9,NYY,ATL,home,2.14,ATL,669397.0,1400.0,1400.0,6.1,1539.0,-139.0,0,2025-07-20,1400.0,6.7,-1393.0,93.3,93.9,0,0.0
729,DH,L,Luis Arraez,MacKenzie Gore,L,1,SD,WSH,away,2.51,SD,650333.0,1300.0,1300.0,7.199999999999999,1289.0,11.0,0,2025-07-20,1300.0,7.1,-1308.0,92.9,92.8,0,0.0
730,3B,R,Manny Machado,MacKenzie Gore,L,2,SD,WSH,away,7.63,SD,592518.0,320.0,330.0,21.8,359.0,-29.0,0,2025-07-20,320.0,23.799999999999997,-320.0,76.2,78.2,0,0.0
731,RF,R,Fernando Tatis,MacKenzie Gore,L,4,SD,WSH,away,6.36,SD,665487.0,400.0,400.0,18.2,449.0,-49.0,0,2025-07-20,400.0,20.0,-400.0,80.0,81.8,0,0.0
732,SS,R,Xander Bogaerts,MacKenzie Gore,L,5,SD,WSH,away,4.79,SD,593428.0,680.0,650.0,13.7,630.0,50.0,1,2025-07-20,650.0,13.3,-652.0,86.7,86.3,0,0.0
733,LF,L,Gavin Sheets,MacKenzie Gore,L,6,SD,WSH,away,4.54,SD,657757.0,680.0,700.0,13.0,669.0,31.0,0,2025-07-20,680.0,12.8,-681.0,87.2,87.0,0,0.0
734,2B,R,Jose Iglesias,MacKenzie Gore,L,7,SD,WSH,away,3.44,SD,578428.0,1300.0,1200.0,9.8,920.0,380.0,0,2025-07-20,1200.0,7.7,-1199.0,92.3,90.2,0,0.0
735,1B,L,Jake Cronenworth,MacKenzie Gore,L,8,SD,WSH,away,3.65,SD,630105.0,750.0,850.0,10.4,862.0,-12.0,0,2025-07-20,750.0,11.799999999999999,-747.0,88.2,89.6,0,0.0
736,SS,L,CJ Abrams,Nick Pivetta,R,1,SD,WSH,home,5.57,WSH,682928.0,470.0,500.0,15.9,529.0,-29.0,0,2025-07-20,470.0,17.5,-471.0,82.5,84.1,0,0.0
737,LF,L,James Wood,Nick Pivetta,R,2,SD,WSH,home,8.17,WSH,695578.0,360.0,425.0,23.4,327.0,98.0,0,2025-07-20,360.0,21.7,-361.0,78.3,76.6,0,0.0
738,2B,L,Luis Garcia,Nick Pivetta,R,3,SD,WSH,home,6.14,WSH,671277.0,500.0,500.0,17.599999999999998,468.0,32.0,0,2025-07-20,500.0,16.7,-499.0,83.3,82.4,0,0.0
739,1B,L,Nathaniel Lowe,Nick Pivetta,R,4,SD,WSH,home,5.03,WSH,663993.0,520.0,500.0,14.4,594.0,-74.0,0,2025-07-20,500.0,16.7,-499.0,83.3,85.6,0,0.0
740,RF,L,Daylen Lile,Nick Pivetta,R,7,SD,WSH,home,4.09,WSH,695734.0,750.0,800.0,11.7,755.0,45.0,0,2025-07-20,750.0,11.799999999999999,-747.0,88.2,88.3,0,0.0
741,C,R,Riley Adams,Nick Pivetta,R,8,SD,WSH,home,5.27,WSH,656180.0,630.0,600.0,15.1,562.0,68.0,1,2025-07-20,600.0,14.299999999999999,-599.0,85.7,84.9,0,0.0
742,CF,R,Jacob Young,Nick Pivetta,R,9,SD,WSH,home,2.79,WSH,696285.0,1200.0,1400.0,8.0,1150.0,250.0,0,2025-07-20,1200.0,7.7,-1199.0,92.3,92.0,0,0.0
743,SS,R,Zach Neto,Ranger Suarez,L,1,LAA,PHI,away,6.79,LAA,687263.0,450.0,425.0,19.4,415.0,35.0,0,2025-07-20,425.0,19.0,-426.0,81.0,80.6,0,0.0
744,1B,L,Nolan Schanuel,Ranger Suarez,L,2,LAA,PHI,away,3.36,LAA,694384.0,1000.0,850.0,9.6,942.0,58.0,0,2025-07-20,850.0,10.5,-852.0,89.5,90.4,0,0.0
745,DH,R,Mike Trout,Ranger Suarez,L,3,LAA,PHI,away,6.07,LAA,545361.0,340.0,360.0,17.4,475.0,-115.0,0,2025-07-20,340.0,22.7,-341.0,77.3,82.6,0,0.0
746,LF,R,Taylor Ward,Ranger Suarez,L,4,LAA,PHI,away,7.15,LAA,621493.0,470.0,400.0,20.4,390.0,80.0,0,2025-07-20,400.0,20.0,-400.0,80.0,79.6,0,0.0
747,CF,R,Jo Adell,Ranger Suarez,L,5,LAA,PHI,away,6.82,LAA,666176.0,420.0,390.0,19.5,413.0,7.0,0,2025-07-20,390.0,20.4,-390.0,79.6,80.5,0,0.0
748,RF,R,Jorge Soler,Ranger Suarez,L,6,LAA,PHI,away,5.58,LAA,624585.0,400.0,380.0,16.0,525.0,-125.0,0,2025-07-20,380.0,20.8,-381.0,79.2,84.0,0,0.0
749,2B,S,Luis Rengifo,Ranger Suarez,L,9,LAA,PHI,away,3.14,LAA,650859.0,1060.0,750.0,9.0,1011.0,49.0,0,2025-07-20,750.0,11.799999999999999,-747.0,88.2,91.0,0,0.0
750,SS,R,Trea Turner,Jose Soriano,R,1,LAA,PHI,home,4.5,PHI,607208.0,630.0,475.0,12.9,675.0,-45.0,0,2025-07-20,475.0,17.4,-475.0,82.6,87.1,0,0.0
751,DH,L,Kyle Schwarber,Jose Soriano,R,2,LAA,PHI,home,8.05,PHI,656941.0,255.0,240.0,23.0,335.0,-80.0,0,2025-07-20,240.0,29.4,-240.0,70.6,77.0,0,0.0
752,1B,L,Bryce Harper,Jose Soriano,R,3,LAA,PHI,home,5.43,PHI,547180.0,390.0,330.0,15.5,545.0,-155.0,0,2025-07-20,330.0,23.3,-329.0,76.7,84.5,0,0.0
753,RF,R,Nick Castellanos,Jose Soriano,R,4,LAA,PHI,home,4.83,PHI,592206.0,600.0,500.0,13.8,625.0,-25.0,0,2025-07-20,500.0,16.7,-499.0,83.3,86.2,0,0.0
754,2B,L,Bryson Stott,Jose Soriano,R,5,LAA,PHI,home,4.8,PHI,681082.0,1000.0,800.0,13.7,630.0,370.0,0,2025-07-20,800.0,11.1,-801.0,88.9,86.3,0,0.0
755,LF,L,Max Kepler,Jose Soriano,R,7,LAA,PHI,home,5.15,PHI,596146.0,600.0,500.0,14.7,580.0,20.0,0,2025-07-20,500.0,16.7,-499.0,83.3,85.3,0,0.0
756,CF,L,Brandon Marsh,Jose Soriano,R,9,LAA,PHI,home,5.04,PHI,669016.0,630.0,475.0,14.4,594.0,36.0,0,2025-07-20,475.0,17.4,-475.0,82.6,85.6,0,0.0
757,SS,R,Chase Meidroth,Andrew Heaney,L,1,CWS,PIT,away,3.99,CWS,805367.0,800.0,950.0,11.4,777.0,173.0,0,2025-07-20,800.0,11.1,-801.0,88.9,88.6,0,0.0
758,RF,R,Austin Slater,Andrew Heaney,L,2,CWS,PIT,away,5.18,CWS,596103.0,560.0,550.0,14.8,576.0,-16.0,0,2025-07-20,550.0,15.4,-549.0,84.6,85.2,0,0.0
759,1B,R,Miguel Vargas,Andrew Heaney,L,3,CWS,PIT,away,4.45,CWS,678246.0,520.0,500.0,12.7,687.0,-167.0,1,2025-07-20,500.0,16.7,-499.0,83.3,87.3,0,0.0
760,C,S,Edgar Quero,Andrew Heaney,L,4,CWS,PIT,away,2.96,CWS,700337.0,700.0,600.0,8.5,1076.0,-376.0,0,2025-07-20,600.0,14.299999999999999,-599.0,85.7,91.5,0,0.0
761,CF,R,Luis Robert,Andrew Heaney,L,6,CWS,PIT,away,5.49,CWS,673357.0,500.0,400.0,15.7,537.0,-37.0,0,2025-07-20,400.0,20.0,-400.0,80.0,84.3,0,0.0
762,2B,R,Lenyn Sosa,Andrew Heaney,L,7,CWS,PIT,away,4.63,CWS,672820.0,630.0,650.0,13.2,658.0,-8.0,0,2025-07-20,630.0,13.700000000000001,-630.0,86.3,86.8,0,0.0
763,LF,R,Michael A. Taylor,Andrew Heaney,L,9,CWS,PIT,away,6.07,CWS,572191.0,560.0,550.0,17.4,475.0,85.0,0,2025-07-20,550.0,15.4,-549.0,84.6,82.6,0,0.0
764,DH,R,Andrew McCutchen,Aaron Civale,R,2,CWS,PIT,home,4.88,PIT,457705.0,630.0,475.0,14.000000000000002,614.0,16.0,0,2025-07-20,475.0,17.4,-475.0,82.6,86.0,0,0.0
765,RF,S,Bryan Reynolds,Aaron Civale,R,3,CWS,PIT,home,5.81,PIT,668804.0,480.0,500.0,16.6,502.0,-2.0,0,2025-07-20,480.0,17.2,-481.0,82.8,83.4,0,0.0
766,2B,R,Nick Gonzales,Aaron Civale,R,4,CWS,PIT,home,3.94,PIT,693304.0,680.0,750.0,11.3,785.0,-35.0,0,2025-07-20,680.0,12.8,-681.0,87.2,88.7,0,0.0
767,CF,L,Oneil Cruz,Aaron Civale,R,5,CWS,PIT,home,7.63,PIT,665833.0,390.0,370.0,21.8,359.0,31.0,0,2025-07-20,370.0,21.3,-369.0,78.7,78.2,0,0.0
768,3B,R,Ke'Bryan Hayes,Aaron Civale,R,6,CWS,PIT,home,3.41,PIT,663647.0,870.0,850.0,9.8,920.0,-50.0,0,2025-07-20,850.0,10.5,-852.0,89.5,90.2,0,0.0
769,1B,L,Spencer Horwitz,Aaron Civale,R,7,CWS,PIT,home,4.67,PIT,687462.0,630.0,650.0,13.4,646.0,4.0,0,2025-07-20,630.0,13.700000000000001,-630.0,86.3,86.6,0,0.0
770,C,R,Joey Bart,Aaron Civale,R,8,CWS,PIT,home,3.82,PIT,663698.0,750.0,750.0,10.9,817.0,-67.0,0,2025-07-20,750.0,11.799999999999999,-747.0,88.2,89.1,0,0.0
771,SS,R,Isiah Kiner-Falefa,Aaron Civale,R,9,CWS,PIT,home,2.38,PIT,643396.0,1100.0,,6.800000000000001,1371.0,-271.0,0,2025-07-20,1100.0,8.3,-1105.0,91.7,93.2,1,0.9
772,RF,L,Lawrence Butler,Gavin Williams,R,1,ATH,CLE,away,5.68,ATH,671732.0,440.0,500.0,16.2,517.0,-17.0,0,2025-07-20,440.0,18.5,-441.0,81.5,83.8,0,0.0
773,SS,R,Jacob Wilson,Gavin Williams,R,2,ATH,CLE,away,2.28,ATH,805779.0,1200.0,1200.0,6.5,1438.0,-238.0,0,2025-07-20,1200.0,7.7,-1199.0,92.3,93.5,1,0.83
774,DH,R,Brent Rooker,Gavin Williams,R,3,ATH,CLE,away,5.98,ATH,667670.0,430.0,475.0,17.1,485.0,-10.0,0,2025-07-20,430.0,18.9,-429.0,81.1,82.9,0,0.0
775,1B,L,Nick Kurtz,Gavin Williams,R,4,ATH,CLE,away,7.87,ATH,701762.0,400.0,340.0,22.5,344.0,56.0,0,2025-07-20,340.0,22.7,-341.0,77.3,77.5,0,0.0
776,C,R,Shea Langeliers,Gavin Williams,R,6,ATH,CLE,away,4.21,ATH,669127.0,470.0,425.0,12.0,733.0,-263.0,0,2025-07-20,425.0,19.0,-426.0,81.0,88.0,0,0.0
777,LF,L,Tyler Soderstrom,Gavin Williams,R,7,ATH,CLE,away,6.16,ATH,691016.0,520.0,500.0,17.599999999999998,468.0,52.0,0,2025-07-20,500.0,16.7,-499.0,83.3,82.4,0,0.0
778,CF,R,Denzel Clarke,Gavin Williams,R,9,ATH,CLE,away,3.33,ATH,672016.0,900.0,1000.0,9.5,953.0,47.0,0,2025-07-20,900.0,10.0,-900.0,90.0,90.5,0,0.0
779,DH,R,David Fry,Jeffrey Springs,L,2,ATH,CLE,home,5.48,CLE,681807.0,430.0,500.0,15.7,537.0,-37.0,0,2025-07-20,430.0,18.9,-429.0,81.1,84.3,0,0.0
780,3B,S,Jose Ramirez,Jeffrey Springs,L,3,ATH,CLE,home,5.03,CLE,608070.0,360.0,400.0,14.4,594.0,-194.0,0,2025-07-20,360.0,21.7,-361.0,78.3,85.6,0,0.0
781,1B,S,Carlos Santana,Jeffrey Springs,L,4,ATH,CLE,home,4.45,CLE,467793.0,500.0,425.0,12.7,687.0,-187.0,0,2025-07-20,425.0,19.0,-426.0,81.0,87.3,0,0.0
782,CF,S,Angel Martinez,Jeffrey Springs,L,5,ATH,CLE,home,3.7,CLE,682657.0,800.0,500.0,10.6,843.0,-43.0,1,2025-07-20,500.0,16.7,-499.0,83.3,89.4,0,0.0
783,RF,L,Nolan Jones,Jeffrey Springs,L,6,ATH,CLE,home,4.43,CLE,666134.0,750.0,600.0,12.7,687.0,63.0,0,2025-07-20,600.0,14.299999999999999,-599.0,85.7,87.3,0,0.0
784,2B,R,Will Wilson,Jeffrey Springs,L,7,ATH,CLE,home,4.34,CLE,669717.0,800.0,800.0,12.4,706.0,94.0,0,2025-07-20,800.0,11.1,-801.0,88.9,87.6,0,0.0
785,C,R,Austin Hedges,Jeffrey Springs,L,8,ATH,CLE,home,3.39,CLE,595978.0,800.0,800.0,9.7,931.0,-131.0,0,2025-07-20,800.0,11.1,-801.0,88.9,90.3,0,0.0
786,SS,S,Brayan Rocchio,Jeffrey Springs,L,9,ATH,CLE,home,3.22,CLE,677587.0,1100.0,950.0,9.2,987.0,113.0,0,2025-07-20,950.0,9.5,-953.0,90.5,90.8,0,0.0
787,CF,L,TJ Friedl,David Peterson,L,1,CIN,NYM,away,2.6,CIN,670770.0,870.0,1000.0,7.399999999999999,1251.0,-251.0,0,2025-07-20,870.0,10.299999999999999,-871.0,89.7,92.6,1,1.15
788,DH,R,Matt McLain,David Peterson,L,2,CIN,NYM,away,4.75,CIN,680574.0,560.0,500.0,13.6,635.0,-75.0,0,2025-07-20,500.0,16.7,-499.0,83.3,86.4,0,0.0
789,SS,S,Elly De La Cruz,David Peterson,L,3,CIN,NYM,away,6.22,CIN,682829.0,520.0,600.0,17.8,462.0,138.0,0,2025-07-20,520.0,16.1,-521.0,83.9,82.2,0,0.0
790,LF,R,Austin Hays,David Peterson,L,4,CIN,NYM,away,6.34,CIN,669720.0,560.0,500.0,18.1,452.0,108.0,0,2025-07-20,500.0,16.7,-499.0,83.3,81.9,0,0.0
791,1B,R,Spencer Steer,David Peterson,L,5,CIN,NYM,away,3.96,CIN,668715.0,750.0,750.0,11.3,785.0,-35.0,0,2025-07-20,750.0,11.799999999999999,-747.0,88.2,88.7,0,0.0
792,3B,R,Noelvi Marte,David Peterson,L,6,CIN,NYM,away,4.27,CIN,682622.0,630.0,800.0,12.2,720.0,80.0,0,2025-07-20,630.0,13.700000000000001,-630.0,86.3,87.8,0,0.0
793,C,R,Tyler Stephenson,David Peterson,L,7,CIN,NYM,away,5.34,CIN,663886.0,560.0,650.0,15.3,554.0,96.0,0,2025-07-20,560.0,15.2,-558.0,84.8,84.7,0,0.0
794,2B,R,Santiago Espinal,David Peterson,L,8,CIN,NYM,away,3.15,CIN,669289.0,1000.0,1200.0,9.0,1011.0,189.0,0,2025-07-20,1000.0,9.1,-999.0,90.9,91.0,0,0.0
795,RF,R,Connor Joe,David Peterson,L,9,CIN,NYM,away,3.59,CIN,656582.0,1000.0,,10.3,871.0,129.0,0,2025-07-20,1000.0,9.1,-999.0,90.9,89.7,0,0.0
796,SS,S,Francisco Lindor,Andrew Abbott,L,1,CIN,NYM,home,5.06,NYM,596019.0,310.0,320.0,14.499999999999998,590.0,-270.0,0,2025-07-20,310.0,24.4,-310.0,75.6,85.5,0,0.0
797,DH,R,Mark Vientos,Andrew Abbott,L,2,CIN,NYM,home,5.49,NYM,668901.0,430.0,340.0,15.7,537.0,-107.0,0,2025-07-20,340.0,22.7,-341.0,77.3,84.3,0,0.0
798,RF,L,Juan Soto,Andrew Abbott,L,3,CIN,NYM,home,6.2,NYM,665742.0,330.0,380.0,17.7,465.0,-85.0,0,2025-07-20,330.0,23.3,-329.0,76.7,82.3,0,0.0
799,1B,R,Pete Alonso,Andrew Abbott,L,4,CIN,NYM,home,6.81,NYM,624413.0,265.0,255.0,19.5,413.0,-148.0,0,2025-07-20,255.0,28.199999999999996,-255.0,71.80000000000001,80.5,0,0.0
800,LF,L,Brandon Nimmo,Andrew Abbott,L,5,CIN,NYM,home,4.43,NYM,607043.0,470.0,500.0,12.7,687.0,-187.0,0,2025-07-20,470.0,17.5,-471.0,82.5,87.3,0,0.0
801,CF,R,Tyrone Taylor,Andrew Abbott,L,7,CIN,NYM,home,3.92,NYM,621438.0,700.0,600.0,11.2,793.0,-93.0,0,2025-07-20,600.0,14.299999999999999,-599.0,85.7,88.8,0,0.0
802,C,R,Luis Torrens,Andrew Abbott,L,8,CIN,NYM,home,5.27,NYM,620443.0,830.0,500.0,15.1,562.0,268.0,0,2025-07-20,500.0,16.7,-499.0,83.3,84.9,0,0.0
803,2B,L,Jeff McNeil,Andrew Abbott,L,9,CIN,NYM,home,2.45,NYM,643446.0,870.0,1000.0,7.000000000000001,1329.0,-329.0,0,2025-07-20,870.0,10.299999999999999,-871.0,89.7,93.0,1,1.15
804,2B,R,Jonathan India,Janson Junk,R,1,KC,MIA,away,4.11,KC,663697.0,600.0,700.0,11.8,747.0,-47.0,0,2025-07-20,600.0,14.299999999999999,-599.0,85.7,88.2,0,0.0
805,SS,R,Bobby Witt,Janson Junk,R,2,KC,MIA,away,6.71,KC,677951.0,400.0,350.0,19.2,421.0,-21.0,0,2025-07-20,350.0,22.2,-350.0,77.8,80.8,0,0.0
806,DH,L,Vinnie Pasquantino,Janson Junk,R,3,KC,MIA,away,5.64,KC,686469.0,470.0,500.0,16.1,521.0,-21.0,0,2025-07-20,470.0,17.5,-471.0,82.5,83.9,0,0.0
807,3B,R,Maikel Garcia,Janson Junk,R,4,KC,MIA,away,3.81,KC,672580.0,900.0,1000.0,10.9,817.0,183.0,0,2025-07-20,900.0,10.0,-900.0,90.0,89.1,0,0.0
808,1B,R,Salvador Perez,Janson Junk,R,5,KC,MIA,away,5.07,KC,521692.0,480.0,450.0,14.499999999999998,590.0,-110.0,1,2025-07-20,450.0,18.2,-449.0,81.8,85.5,0,0.0
809,RF,L,Jac Caglianone,Janson Junk,R,6,KC,MIA,away,4.38,KC,695506.0,600.0,550.0,12.5,700.0,-100.0,0,2025-07-20,550.0,15.4,-549.0,84.6,87.5,0,0.0
810,LF,L,Adam Frazier,Janson Junk,R,7,KC,MIA,away,3.21,KC,624428.0,900.0,1300.0,9.2,987.0,313.0,0,2025-07-20,900.0,10.0,-900.0,90.0,90.8,0,0.0
811,C,R,Freddy Fermin,Janson Junk,R,8,KC,MIA,away,2.81,KC,666023.0,900.0,950.0,8.0,1150.0,-200.0,0,2025-07-20,900.0,10.0,-900.0,90.0,92.0,1,1.11
812,CF,L,Kyle Isbel,Janson Junk,R,9,KC,MIA,away,3.25,KC,664728.0,1100.0,1100.0,9.3,975.0,125.0,0,2025-07-20,1100.0,8.3,-1105.0,91.7,90.7,0,0.0
813,2B,S,Xavier Edwards,Kris Bubic,L,1,KC,MIA,home,2.92,MIA,669364.0,1400.0,1800.0,8.4,1090.0,710.0,0,2025-07-20,1400.0,6.7,-1393.0,93.3,91.6,0,0.0
814,DH,R,Agustin Ramirez,Kris Bubic,L,2,KC,MIA,home,6.27,MIA,682663.0,480.0,475.0,17.9,459.0,21.0,0,2025-07-20,475.0,17.4,-475.0,82.6,82.1,0,0.0
815,SS,R,Otto Lopez,Kris Bubic,L,3,KC,MIA,home,4.36,MIA,672640.0,870.0,900.0,12.5,700.0,200.0,0,2025-07-20,870.0,10.299999999999999,-871.0,89.7,87.5,0,0.0
816,RF,R,Heriberto Hernandez,Kris Bubic,L,4,KC,MIA,home,4.19,MIA,681715.0,,800.0,12.0,733.0,,0,2025-07-20,,,,,88.0,0,0.0
817,1B,R,Eric Wagaman,Kris Bubic,L,5,KC,MIA,home,4.23,MIA,676572.0,,600.0,12.1,726.0,,0,2025-07-20,,,,,87.9,0,0.0
818,LF,R,Dane Myers,Kris Bubic,L,6,KC,MIA,home,4.73,MIA,667472.0,900.0,750.0,13.5,641.0,259.0,0,2025-07-20,750.0,11.799999999999999,-747.0,88.2,86.5,0,0.0
819,3B,R,Javier Sanoja,Kris Bubic,L,9,KC,MIA,home,2.39,MIA,691594.0,,1300.0,6.800000000000001,1371.0,,0,2025-07-20,,,,,93.2,0,0.0
820,2B,R,Romy Gonzalez,Cade Horton,R,2,BOS,CHC,away,5.95,BOS,663853.0,,,17.0,488.0,,0,2025-07-20,,,,,83.0,0,0.0
821,C,R,Carlos Narvaez,Cade Horton,R,4,BOS,CHC,away,4.41,BOS,665966.0,750.0,750.0,12.6,694.0,56.0,0,2025-07-20,750.0,11.799999999999999,-747.0,88.2,87.4,0,0.0
822,SS,R,Trevor Story,Cade Horton,R,5,BOS,CHC,away,4.83,BOS,596115.0,630.0,700.0,13.8,625.0,75.0,0,2025-07-20,630.0,13.700000000000001,-630.0,86.3,86.2,0,0.0
823,LF,L,Jarren Duran,Cade Horton,R,6,BOS,CHC,away,6.2,BOS,680776.0,630.0,600.0,17.7,465.0,165.0,0,2025-07-20,600.0,14.299999999999999,-599.0,85.7,82.3,0,0.0
824,3B,L,Marcelo Mayer,Cade Horton,R,8,BOS,CHC,away,5.84,BOS,691785.0,900.0,900.0,16.7,499.0,401.0,0,2025-07-20,900.0,10.0,-900.0,90.0,83.3,0,0.0
825,CF,R,Ceddanne Rafaela,Cade Horton,R,9,BOS,CHC,away,2.25,BOS,678882.0,800.0,800.0,6.4,1462.0,-662.0,0,2025-07-20,800.0,11.1,-801.0,88.9,93.6,1,1.25
826,LF,S,Ian Happ,Garrett Crochet,L,1,BOS,CHC,home,5.05,CHC,664023.0,900.0,900.0,14.4,594.0,306.0,0,2025-07-20,900.0,10.0,-900.0,90.0,85.6,0,0.0
827,RF,L,Kyle Tucker,Garrett Crochet,L,2,BOS,CHC,home,5.42,CHC,663656.0,680.0,650.0,15.5,545.0,135.0,0,2025-07-20,650.0,13.3,-652.0,86.7,84.5,0,0.0
828,DH,R,Seiya Suzuki,Garrett Crochet,L,3,BOS,CHC,home,6.69,CHC,673548.0,600.0,650.0,19.1,424.0,226.0,0,2025-07-20,600.0,14.299999999999999,-599.0,85.7,80.9,0,0.0
829,C,R,Carson Kelly,Garrett Crochet,L,4,BOS,CHC,home,4.65,CHC,608348.0,870.0,750.0,13.3,652.0,218.0,0,2025-07-20,750.0,11.799999999999999,-747.0,88.2,86.7,0,0.0
830,SS,R,Dansby Swanson,Garrett Crochet,L,5,BOS,CHC,home,5.32,CHC,621020.0,900.0,1000.0,15.2,558.0,442.0,0,2025-07-20,900.0,10.0,-900.0,90.0,84.8,0,0.0
831,CF,L,Pete Crow-Armstrong,Garrett Crochet,L,6,BOS,CHC,home,4.87,CHC,691718.0,560.0,750.0,13.900000000000002,619.0,131.0,0,2025-07-20,560.0,15.2,-558.0,84.8,86.1,0,0.0
832,2B,R,Nico Hoerner,Garrett Crochet,L,7,BOS,CHC,home,2.73,CHC,663538.0,1200.0,1200.0,7.8,1182.0,18.0,0,2025-07-20,1200.0,7.7,-1199.0,92.3,92.2,0,0.0
833,LF,S,Willi Castro,German Marquez,R,2,MIN,COL,away,5.07,MIN,650489.0,480.0,450.0,14.499999999999998,590.0,-110.0,0,2025-07-20,450.0,18.2,-449.0,81.8,85.5,0,0.0
834,DH,L,Trevor Larnach,German Marquez,R,3,MIN,COL,away,5.9,MIN,663616.0,420.0,360.0,16.900000000000002,492.0,-72.0,0,2025-07-20,360.0,21.7,-361.0,78.3,83.1,0,0.0
835,SS,R,Carlos Correa,German Marquez,R,5,MIN,COL,away,5.07,MIN,621043.0,440.0,475.0,14.499999999999998,590.0,-115.0,0,2025-07-20,440.0,18.5,-441.0,81.5,85.5,0,0.0
836,RF,L,Matt Wallner,German Marquez,R,7,MIN,COL,away,6.52,MIN,670242.0,290.0,250.0,18.6,438.0,-148.0,1,2025-07-20,250.0,28.599999999999998,-250.0,71.4,81.4,0,0.0
837,3B,R,Royce Lewis,German Marquez,R,8,MIN,COL,away,5.63,MIN,668904.0,400.0,360.0,16.1,521.0,-121.0,1,2025-07-20,360.0,21.7,-361.0,78.3,83.9,0,0.0
838,1B,L,Kody Clemens,German Marquez,R,9,MIN,COL,away,6.27,MIN,665019.0,255.0,230.0,17.9,459.0,-204.0,0,2025-07-20,230.0,30.3,-230.0,69.7,82.1,0,0.0
839,C,R,Hunter Goodman,Joe Ryan,R,2,MIN,COL,home,6.08,COL,696100.0,320.0,275.0,17.4,475.0,-155.0,0,2025-07-20,275.0,26.700000000000003,-275.0,73.3,82.6,0,0.0
840,LF,R,Jordan Beck,Joe Ryan,R,3,MIN,COL,home,5.1,COL,687597.0,520.0,500.0,14.6,585.0,-65.0,0,2025-07-20,500.0,16.7,-499.0,83.3,85.4,0,0.0
841,RF,L,Mickey Moniak,Joe Ryan,R,5,MIN,COL,home,6.2,COL,666160.0,330.0,350.0,17.7,465.0,-115.0,1,2025-07-20,330.0,23.3,-329.0,76.7,82.3,0,0.0
842,1B,S,Michael Toglia,Joe Ryan,R,6,MIN,COL,home,5.63,COL,669911.0,440.0,400.0,16.1,521.0,-81.0,0,2025-07-20,400.0,20.0,-400.0,80.0,83.9,0,0.0
843,3B,L,Ryan McMahon,Joe Ryan,R,7,MIN,COL,home,6.37,COL,641857.0,390.0,400.0,18.2,449.0,-49.0,0,2025-07-20,390.0,20.4,-390.0,79.6,81.8,0,0.0
844,2B,R,Orlando Arcia,Joe Ryan,R,9,MIN,COL,home,3.13,COL,606115.0,,,9.0,1011.0,,0,2025-07-20,,,,,91.0,0,0.0
845,3B,R,Mauricio Dubon,Bryan Woo,R,1,HOU,SEA,away,2.76,HOU,643289.0,1100.0,1300.0,7.9,1166.0,134.0,0,2025-07-20,1100.0,8.3,-1105.0,91.7,92.1,0,0.0
846,RF,R,Cam Smith,Bryan Woo,R,2,HOU,SEA,away,2.85,HOU,701358.0,800.0,700.0,8.200000000000001,1120.0,-320.0,0,2025-07-20,700.0,12.5,-700.0,87.5,91.8,0,0.0
847,LF,R,Jose Altuve,Bryan Woo,R,3,HOU,SEA,away,3.96,HOU,514888.0,500.0,475.0,11.3,785.0,-285.0,0,2025-07-20,475.0,17.4,-475.0,82.6,88.7,0,0.0
848,1B,R,Christian Walker,Bryan Woo,R,4,HOU,SEA,away,5.44,HOU,572233.0,500.0,425.0,15.6,541.0,-41.0,1,2025-07-20,425.0,19.0,-426.0,81.0,84.4,0,0.0
849,DH,S,Victor Caratini,Bryan Woo,R,5,HOU,SEA,away,4.54,HOU,605170.0,630.0,600.0,13.0,669.0,-39.0,0,2025-07-20,600.0,14.299999999999999,-599.0,85.7,87.0,0,0.0
850,C,R,Yainer Diaz,Bryan Woo,R,6,HOU,SEA,away,4.29,HOU,673237.0,600.0,600.0,12.3,713.0,-113.0,0,2025-07-20,600.0,14.299999999999999,-599.0,85.7,87.7,0,0.0
851,CF,L,Taylor Trammell,Bryan Woo,R,7,HOU,SEA,away,4.52,HOU,666211.0,630.0,750.0,12.9,675.0,75.0,1,2025-07-20,630.0,13.700000000000001,-630.0,86.3,87.1,0,0.0
852,SS,L,J.P. Crawford,Hunter Brown,R,1,HOU,SEA,home,3.88,SEA,641487.0,900.0,900.0,11.1,801.0,99.0,0,2025-07-20,900.0,10.0,-900.0,90.0,88.9,0,0.0
853,DH,S,Cal Raleigh,Hunter Brown,R,3,HOU,SEA,home,6.87,SEA,663728.0,285.0,265.0,19.6,410.0,-125.0,0,2025-07-20,265.0,27.400000000000002,-265.0,72.6,80.4,0,0.0
854,LF,R,Randy Arozarena,Hunter Brown,R,4,HOU,SEA,home,4.66,SEA,668227.0,450.0,450.0,13.3,652.0,-202.0,0,2025-07-20,450.0,18.2,-449.0,81.8,86.7,0,0.0
855,CF,R,Jackson Chourio,Clayton Kershaw,L,1,MIL,LAD,away,5.45,MIL,694192.0,450.0,500.0,15.6,541.0,-41.0,0,2025-07-20,450.0,18.2,-449.0,81.8,84.4,0,0.0
856,C,R,William Contreras,Clayton Kershaw,L,2,MIL,LAD,away,4.78,MIL,661388.0,480.0,475.0,13.7,630.0,-150.0,0,2025-07-20,475.0,17.4,-475.0,82.6,86.3,0,0.0
857,LF,S,Isaac Collins,Clayton Kershaw,L,4,MIL,LAD,away,3.67,MIL,686555.0,630.0,450.0,10.5,852.0,-222.0,0,2025-07-20,450.0,18.2,-449.0,81.8,89.5,0,0.0
858,3B,R,Caleb Durbin,Clayton Kershaw,L,5,MIL,LAD,away,4.15,MIL,702332.0,900.0,650.0,11.9,740.0,160.0,0,2025-07-20,650.0,13.3,-652.0,86.7,88.1,0,0.0
859,1B,R,Andrew Vaughn,Clayton Kershaw,L,7,MIL,LAD,away,6.09,MIL,683734.0,470.0,380.0,17.4,475.0,-5.0,0,2025-07-20,380.0,20.8,-381.0,79.2,82.6,0,0.0
860,SS,R,Joey Ortiz,Clayton Kershaw,L,9,MIL,LAD,away,3.8,MIL,687401.0,630.0,650.0,10.9,817.0,-167.0,0,2025-07-20,630.0,13.700000000000001,-630.0,86.3,89.1,0,0.0
861,DH,L,Shohei Ohtani,Jose Quintana,L,1,MIL,LAD,home,7.51,LAD,660271.0,200.0,195.0,21.5,365.0,-165.0,1,2025-07-20,195.0,33.900000000000006,-195.0,66.1,78.5,0,0.0
862,SS,R,Mookie Betts,Jose Quintana,L,2,MIL,LAD,home,5.4,LAD,605141.0,,475.0,15.4,549.0,,0,2025-07-20,,,,,84.6,0,0.0
863,1B,L,Freddie Freeman,Jose Quintana,L,3,MIL,LAD,home,4.81,LAD,518692.0,520.0,475.0,13.8,625.0,-105.0,0,2025-07-20,475.0,17.4,-475.0,82.6,86.2,0,0.0
864,C,R,Will Smith,Jose Quintana,L,4,MIL,LAD,home,7.2,LAD,669257.0,,310.0,20.6,385.0,,0,2025-07-20,,,,,79.4,0,0.0
865,RF,R,Teoscar Hernandez,Jose Quintana,L,5,MIL,LAD,home,7.24,LAD,606192.0,370.0,380.0,20.7,383.0,-3.0,0,2025-07-20,370.0,21.3,-369.0,78.7,79.3,0,0.0
866,CF,R,Andy Pages,Jose Quintana,L,6,MIL,LAD,home,5.37,LAD,681624.0,430.0,500.0,15.4,549.0,-49.0,0,2025-07-20,430.0,18.9,-429.0,81.1,84.6,0,0.0
867,3B,S,Tommy Edman,Jose Quintana,L,8,MIL,LAD,home,4.47,LAD,669242.0,560.0,650.0,12.8,681.0,-31.0,0,2025-07-20,560.0,15.2,-558.0,84.8,87.2,0,0.0
868,2B,L,Hyeseong Kim,Jose Quintana,L,9,MIL,LAD,home,3.88,LAD,808975.0,630.0,,11.1,801.0,-171.0,0,2025-07-20,630.0,13.700000000000001,-630.0,86.3,88.9,0,0.0
869,LF,L,Brendan Donovan,Merrill Kelly,R,1,STL,ARI,away,5.65,STL,680977.0,870.0,550.0,16.2,517.0,353.0,0,2025-07-20,550.0,15.4,-549.0,84.6,83.8,0,0.0
870,DH,R,Ivan Herrera,Merrill Kelly,R,2,STL,ARI,away,4.07,STL,671056.0,750.0,700.0,11.6,762.0,-12.0,0,2025-07-20,700.0,12.5,-700.0,87.5,88.4,0,0.0
871,RF,L,Alec Burleson,Merrill Kelly,R,3,STL,ARI,away,5.47,STL,676475.0,560.0,370.0,15.6,541.0,19.0,0,2025-07-20,370.0,21.3,-369.0,78.7,84.4,0,0.0
872,3B,R,Nolan Arenado,Merrill Kelly,R,5,STL,ARI,away,3.44,STL,571448.0,800.0,700.0,9.8,920.0,-120.0,0,2025-07-20,700.0,12.5,-700.0,87.5,90.2,0,0.0
873,SS,R,Masyn Winn,Merrill Kelly,R,6,STL,ARI,away,3.48,STL,691026.0,900.0,700.0,10.0,900.0,0.0,0,2025-07-20,700.0,12.5,-700.0,87.5,90.0,0,0.0
874,RF,L,Corbin Carroll,Miles Mikolas,R,1,STL,ARI,home,6.38,ARI,682998.0,340.0,275.0,18.2,449.0,-109.0,0,2025-07-20,275.0,26.700000000000003,-275.0,73.3,81.8,0,0.0
875,SS,S,Geraldo Perdomo,Miles Mikolas,R,3,STL,ARI,home,3.94,ARI,672695.0,870.0,600.0,11.3,785.0,85.0,0,2025-07-20,600.0,14.299999999999999,-599.0,85.7,88.7,0,0.0
876,3B,R,Eugenio Suarez,Miles Mikolas,R,4,STL,ARI,home,5.12,ARI,553993.0,320.0,295.0,14.6,585.0,-265.0,1,2025-07-20,295.0,25.3,-295.0,74.7,85.4,0,0.0
877,1B,L,Josh Naylor,Miles Mikolas,R,5,STL,ARI,home,5.38,ARI,647304.0,630.0,380.0,15.4,549.0,81.0,0,2025-07-20,380.0,20.8,-381.0,79.2,84.6,0,0.0
878,DH,L,Adrian Del Castillo,Miles Mikolas,R,7,STL,ARI,home,5.93,ARI,680728.0,750.0,380.0,17.0,488.0,262.0,0,2025-07-20,380.0,20.8,-381.0,79.2,83.0,0,0.0
879,CF,L,Alek Thomas,Miles Mikolas,R,8,STL,ARI,home,5.12,ARI,677950.0,900.0,600.0,14.6,585.0,315.0,0,2025-07-20,600.0,14.299999999999999,-599.0,85.7,85.4,0,0.0
880,C,S,Jose Herrera,Miles Mikolas,R,9,STL,ARI,home,2.95,ARI,645444.0,1200.0,900.0,8.4,1090.0,110.0,0,2025-07-20,900.0,10.0,-900.0,90.0,91.6,0,0.0
881,DH,L,Colt Keith,Jacob Latz,L,1,DET,TEX,away,4.46,DET,690993.0,,,12.8,681.0,,0,2025-07-20,,,,,87.2,0,0.0
882,2B,R,Gleyber Torres,Jacob Latz,L,2,DET,TEX,away,4.34,DET,650402.0,700.0,475.0,12.4,706.0,-6.0,0,2025-07-20,475.0,17.4,-475.0,82.6,87.6,0,0.0
883,RF,S,Wenceel Perez,Jacob Latz,L,3,DET,TEX,away,4.01,DET,672761.0,630.0,550.0,11.5,770.0,-140.0,0,2025-07-20,550.0,15.4,-549.0,84.6,88.5,0,0.0
884,LF,L,Riley Greene,Jacob Latz,L,4,DET,TEX,away,5.07,DET,682985.0,360.0,380.0,14.499999999999998,590.0,-210.0,0,2025-07-20,360.0,21.7,-361.0,78.3,85.5,0,0.0
885,1B,R,Spencer Torkelson,Jacob Latz,L,5,DET,TEX,away,4.48,DET,679529.0,400.0,310.0,12.8,681.0,-281.0,0,2025-07-20,310.0,24.4,-310.0,75.6,87.2,0,0.0
886,3B,L,Zach McKinstry,Jacob Latz,L,6,DET,TEX,away,3.13,DET,656716.0,870.0,750.0,9.0,1011.0,-141.0,0,2025-07-20,750.0,11.799999999999999,-747.0,88.2,91.0,0,0.0
887,C,R,Dillon Dingler,Jacob Latz,L,7,DET,TEX,away,3.43,DET,693307.0,750.0,500.0,9.8,920.0,-170.0,0,2025-07-20,500.0,16.7,-499.0,83.3,90.2,0,0.0
888,SS,R,Javier Baez,Jacob Latz,L,9,DET,TEX,away,3.17,DET,595879.0,800.0,600.0,9.1,999.0,-199.0,0,2025-07-20,600.0,14.299999999999999,-599.0,85.7,90.9,0,0.0
889,2B,R,Marcus Semien,Tarik Skubal,L,1,DET,TEX,home,5.08,TEX,543760.0,600.0,700.0,14.499999999999998,590.0,110.0,0,2025-07-20,600.0,14.299999999999999,-599.0,85.7,85.5,0,0.0
890,LF,R,Wyatt Langford,Tarik Skubal,L,2,DET,TEX,home,6.63,TEX,694671.0,560.0,500.0,19.0,426.0,134.0,0,2025-07-20,500.0,16.7,-499.0,83.3,81.0,0,0.0
891,SS,L,Corey Seager,Tarik Skubal,L,3,DET,TEX,home,6.49,TEX,608369.0,400.0,425.0,18.6,438.0,-13.0,0,2025-07-20,400.0,20.0,-400.0,80.0,81.4,0,0.0
892,RF,R,Adolis Garcia,Tarik Skubal,L,4,DET,TEX,home,6.02,TEX,666969.0,520.0,600.0,17.2,481.0,119.0,0,2025-07-20,520.0,16.1,-521.0,83.9,82.8,0,0.0
893,1B,R,Ezequiel Duran,Tarik Skubal,L,5,DET,TEX,home,3.68,TEX,677649.0,1200.0,1200.0,10.5,852.0,348.0,0,2025-07-20,1200.0,7.7,-1199.0,92.3,89.5,0,0.0
894,DH,S,Jonah Heim,Tarik Skubal,L,6,DET,TEX,home,4.02,TEX,641680.0,750.0,750.0,11.5,770.0,-20.0,0,2025-07-20,750.0,11.799999999999999,-747.0,88.2,88.5,0,0.0
895,C,R,Kyle Higashioka,Tarik Skubal,L,7,DET,TEX,home,5.43,TEX,543309.0,600.0,700.0,15.5,545.0,155.0,0,2025-07-20,600.0,14.299999999999999,-599.0,85.7,84.5,0,0.0
896,2B,L,Jackson Holliday,Tanner Bibee,R,1,BAL,CLE,away,6.88,BAL,702616.0,630.0,650.0,19.7,408.0,242.0,0,2025-07-21,630.0,13.700000000000001,-630.0,86.3,80.3,0,0.0
897,3B,R,Jordan Westburg,Tanner Bibee,R,2,BAL,CLE,away,5.22,BAL,676059.0,520.0,425.0,14.9,571.0,-51.0,0,2025-07-21,425.0,19.0,-426.0,81.0,85.1,0,0.0
898,SS,L,Gunnar Henderson,Tanner Bibee,R,3,BAL,CLE,away,6.18,BAL,683002.0,520.0,400.0,17.7,465.0,55.0,0,2025-07-21,400.0,20.0,-400.0,80.0,82.3,0,0.0
899,1B,L,Ryan O'Hearn,Tanner Bibee,R,4,BAL,CLE,away,5.83,BAL,656811.0,630.0,600.0,16.7,499.0,131.0,0,2025-07-21,600.0,14.299999999999999,-599.0,85.7,83.3,0,0.0
900,LF,R,Ramon Laureano,Tanner Bibee,R,5,BAL,CLE,away,4.84,BAL,657656.0,560.0,550.0,13.8,625.0,-65.0,1,2025-07-21,550.0,15.4,-549.0,84.6,86.2,0,0.0
901,DH,L,Colton Cowser,Tanner Bibee,R,6,BAL,CLE,away,6.08,BAL,681297.0,520.0,425.0,17.4,475.0,45.0,0,2025-07-21,425.0,19.0,-426.0,81.0,82.6,0,0.0
902,RF,R,Tyler O'Neill,Tanner Bibee,R,7,BAL,CLE,away,4.8,BAL,641933.0,470.0,425.0,13.7,630.0,-160.0,0,2025-07-21,425.0,19.0,-426.0,81.0,86.3,0,0.0
903,CF,L,Cedric Mullins,Tanner Bibee,R,8,BAL,CLE,away,4.25,BAL,656775.0,600.0,475.0,12.2,720.0,-120.0,0,2025-07-21,475.0,17.4,-475.0,82.6,87.8,0,0.0
904,C,R,Alex Jackson,Tanner Bibee,R,9,BAL,CLE,away,2.91,BAL,656577.0,900.0,900.0,8.3,1105.0,-205.0,0,2025-07-21,900.0,10.0,-900.0,90.0,91.7,1,1.11
905,LF,L,Steven Kwan,Tomoyuki Sugano,R,1,BAL,CLE,home,4.96,CLE,680757.0,1060.0,900.0,14.2,604.0,456.0,0,2025-07-21,900.0,10.0,-900.0,90.0,85.8,0,0.0
906,CF,S,Angel Martinez,Tomoyuki Sugano,R,2,BAL,CLE,home,4.67,CLE,682657.0,830.0,800.0,13.4,646.0,184.0,0,2025-07-21,800.0,11.1,-801.0,88.9,86.6,0,0.0
907,3B,S,Jose Ramirez,Tomoyuki Sugano,R,3,BAL,CLE,home,6.49,CLE,608070.0,370.0,330.0,18.6,438.0,-68.0,1,2025-07-21,330.0,23.3,-329.0,76.7,81.4,0,0.0
908,DH,L,Kyle Manzardo,Tomoyuki Sugano,R,4,BAL,CLE,home,6.61,CLE,700932.0,390.0,425.0,18.9,429.0,-4.0,1,2025-07-21,390.0,20.4,-390.0,79.6,81.1,0,0.0
909,1B,S,Carlos Santana,Tomoyuki Sugano,R,5,BAL,CLE,home,5.5,CLE,467793.0,520.0,500.0,15.7,537.0,-17.0,0,2025-07-21,500.0,16.7,-499.0,83.3,84.3,0,0.0
910,RF,L,Nolan Jones,Tomoyuki Sugano,R,6,BAL,CLE,home,6.38,CLE,666134.0,830.0,650.0,18.2,449.0,381.0,0,2025-07-21,650.0,13.3,-652.0,86.7,81.8,0,0.0
911,2B,L,Daniel Schneemann,Tomoyuki Sugano,R,7,BAL,CLE,home,6.35,CLE,682177.0,700.0,600.0,18.2,449.0,251.0,0,2025-07-21,600.0,14.299999999999999,-599.0,85.7,81.8,0,0.0
912,SS,S,Brayan Rocchio,Tomoyuki Sugano,R,8,BAL,CLE,home,4.08,CLE,677587.0,1100.0,1100.0,11.7,755.0,345.0,0,2025-07-21,1100.0,8.3,-1105.0,91.7,88.3,0,0.0
913,C,L,Bo Naylor,Tomoyuki Sugano,R,9,BAL,CLE,home,5.82,CLE,666310.0,560.0,475.0,16.6,502.0,58.0,1,2025-07-21,475.0,17.4,-475.0,82.6,83.4,0,0.0
914,3B,L,Colt Keith,Paul Skenes,R,1,DET,PIT,away,5.48,DET,690993.0,900.0,700.0,15.7,537.0,363.0,0,2025-07-21,700.0,12.5,-700.0,87.5,84.3,0,0.0
915,2B,R,Gleyber Torres,Paul Skenes,R,2,DET,PIT,away,3.36,DET,650402.0,900.0,900.0,9.6,942.0,-42.0,0,2025-07-21,900.0,10.0,-900.0,90.0,90.4,0,0.0
916,DH,L,Riley Greene,Paul Skenes,R,3,DET,PIT,away,6.13,DET,682985.0,400.0,425.0,17.5,471.0,-46.0,0,2025-07-21,400.0,20.0,-400.0,80.0,82.5,0,0.0
917,1B,R,Spencer Torkelson,Paul Skenes,R,4,DET,PIT,away,3.97,DET,679529.0,520.0,500.0,11.4,777.0,-257.0,0,2025-07-21,500.0,16.7,-499.0,83.3,88.6,0,0.0
918,RF,L,Zach McKinstry,Paul Skenes,R,5,DET,PIT,away,3.51,DET,656716.0,900.0,950.0,10.0,900.0,50.0,0,2025-07-21,900.0,10.0,-900.0,90.0,90.0,0,0.0
919,C,R,Dillon Dingler,Paul Skenes,R,6,DET,PIT,away,3.4,DET,693307.0,900.0,700.0,9.7,931.0,-31.0,0,2025-07-21,700.0,12.5,-700.0,87.5,90.3,0,0.0
920,CF,L,Parker Meadows,Paul Skenes,R,7,DET,PIT,away,4.84,DET,678009.0,900.0,900.0,13.8,625.0,275.0,0,2025-07-21,900.0,10.0,-900.0,90.0,86.2,0,0.0
921,LF,R,Matt Vierling,Paul Skenes,R,8,DET,PIT,away,3.04,DET,663837.0,1300.0,1100.0,8.7,1049.0,251.0,0,2025-07-21,1100.0,8.3,-1105.0,91.7,91.3,0,0.0
922,SS,L,Trey Sweeney,Paul Skenes,R,9,DET,PIT,away,4.01,DET,700242.0,1100.0,900.0,11.5,770.0,330.0,0,2025-07-21,900.0,10.0,-900.0,90.0,88.5,0,0.0
923,1B,L,Spencer Horwitz,Jack Flaherty,R,1,DET,PIT,home,5.81,PIT,687462.0,800.0,700.0,16.6,502.0,298.0,0,2025-07-21,700.0,12.5,-700.0,87.5,83.4,0,0.0
924,DH,R,Andrew McCutchen,Jack Flaherty,R,2,DET,PIT,home,4.54,PIT,457705.0,630.0,500.0,13.0,669.0,-39.0,0,2025-07-21,500.0,16.7,-499.0,83.3,87.0,0,0.0
925,RF,S,Bryan Reynolds,Jack Flaherty,R,3,DET,PIT,home,5.52,PIT,668804.0,560.0,550.0,15.8,533.0,27.0,0,2025-07-21,550.0,15.4,-549.0,84.6,84.2,0,0.0
926,2B,R,Nick Gonzales,Jack Flaherty,R,4,DET,PIT,home,3.75,PIT,693304.0,900.0,850.0,10.7,835.0,65.0,0,2025-07-21,850.0,10.5,-852.0,89.5,89.3,0,0.0
927,CF,L,Oneil Cruz,Jack Flaherty,R,5,DET,PIT,home,8.03,PIT,665833.0,390.0,370.0,23.0,335.0,55.0,0,2025-07-21,370.0,21.3,-369.0,78.7,77.0,0,0.0
928,3B,R,Ke'Bryan Hayes,Jack Flaherty,R,6,DET,PIT,home,3.42,PIT,663647.0,1300.0,900.0,9.8,920.0,380.0,0,2025-07-21,900.0,10.0,-900.0,90.0,90.2,0,0.0
929,LF,L,Jack Suwinski,Jack Flaherty,R,7,DET,PIT,home,4.86,PIT,669261.0,600.0,550.0,13.900000000000002,619.0,-19.0,0,2025-07-21,550.0,15.4,-549.0,84.6,86.1,0,0.0
930,C,R,Henry Davis,Jack Flaherty,R,8,DET,PIT,home,4.2,PIT,680779.0,900.0,1100.0,12.0,733.0,367.0,0,2025-07-21,900.0,10.0,-900.0,90.0,88.0,0,0.0
931,SS,R,Isiah Kiner-Falefa,Jack Flaherty,R,9,DET,PIT,home,2.67,PIT,643396.0,1700.0,1600.0,7.6,1216.0,484.0,0,2025-07-21,1600.0,5.8999999999999995,-1595.0,94.1,92.4,0,0.0
932,RF,R,Fernando Tatis,Eury Perez,R,1,SD,MIA,away,6.42,SD,665487.0,460.0,310.0,18.4,443.0,17.0,0,2025-07-21,310.0,24.4,-310.0,75.6,81.6,0,0.0
933,1B,L,Luis Arraez,Eury Perez,R,2,SD,MIA,away,3.24,SD,650333.0,870.0,850.0,9.3,975.0,-105.0,0,2025-07-21,850.0,10.5,-852.0,89.5,90.7,0,0.0
934,3B,R,Manny Machado,Eury Perez,R,3,SD,MIA,away,5.24,SD,592518.0,450.0,370.0,15.0,567.0,-117.0,0,2025-07-21,370.0,21.3,-369.0,78.7,85.0,0,0.0
935,LF,L,Gavin Sheets,Eury Perez,R,4,SD,MIA,away,5.39,SD,657757.0,540.0,380.0,15.4,549.0,-9.0,0,2025-07-21,380.0,20.8,-381.0,79.2,84.6,0,0.0
936,SS,R,Xander Bogaerts,Eury Perez,R,5,SD,MIA,away,3.02,SD,593428.0,750.0,750.0,8.6,1063.0,-313.0,0,2025-07-21,750.0,11.799999999999999,-747.0,88.2,91.4,1,1.34
937,CF,L,Jackson Merrill,Eury Perez,R,6,SD,MIA,away,5.74,SD,701538.0,600.0,550.0,16.400000000000002,510.0,90.0,0,2025-07-21,550.0,15.4,-549.0,84.6,83.6,0,0.0
938,DH,L,Jake Cronenworth,Eury Perez,R,7,SD,MIA,away,5.16,SD,630105.0,630.0,600.0,14.8,576.0,54.0,0,2025-07-21,600.0,14.299999999999999,-599.0,85.7,85.2,0,0.0
939,2B,R,Jose Iglesias,Eury Perez,R,8,SD,MIA,away,2.13,SD,578428.0,1300.0,1000.0,6.1,1539.0,-239.0,0,2025-07-21,1000.0,9.1,-999.0,90.9,93.9,1,1.0
940,C,R,Martin Maldonado,Eury Perez,R,9,SD,MIA,away,4.23,SD,455117.0,800.0,950.0,12.1,726.0,224.0,0,2025-07-21,800.0,11.1,-801.0,88.9,87.9,0,0.0
941,2B,S,Xavier Edwards,Randy Vasquez,R,1,SD,MIA,home,3.64,MIA,669364.0,1000.0,1500.0,10.4,862.0,638.0,0,2025-07-21,1000.0,9.1,-999.0,90.9,89.6,0,0.0
942,RF,L,Jesus Sanchez,Randy Vasquez,R,2,SD,MIA,home,7.33,MIA,660821.0,520.0,400.0,21.0,376.0,144.0,0,2025-07-21,400.0,20.0,-400.0,80.0,79.0,0,0.0
943,SS,R,Otto Lopez,Randy Vasquez,R,3,SD,MIA,home,4.64,MIA,672640.0,680.0,600.0,13.3,652.0,28.0,0,2025-07-21,600.0,14.299999999999999,-599.0,85.7,86.7,0,0.0
944,C,R,Agustin Ramirez,Randy Vasquez,R,4,SD,MIA,home,5.35,MIA,682663.0,540.0,390.0,15.3,554.0,-14.0,0,2025-07-21,390.0,20.4,-390.0,79.6,84.7,0,0.0
945,LF,L,Kyle Stowers,Randy Vasquez,R,5,SD,MIA,home,7.34,MIA,669065.0,400.0,330.0,21.0,376.0,24.0,1,2025-07-21,330.0,23.3,-329.0,76.7,79.0,0,0.0
946,1B,L,Liam Hicks,Randy Vasquez,R,6,SD,MIA,home,4.12,MIA,689414.0,800.0,700.0,11.8,747.0,53.0,0,2025-07-21,700.0,12.5,-700.0,87.5,88.2,0,0.0
947,DH,R,Heriberto Hernandez,Randy Vasquez,R,7,SD,MIA,home,5.75,MIA,681715.0,700.0,650.0,16.400000000000002,510.0,190.0,0,2025-07-21,650.0,13.3,-652.0,86.7,83.6,0,0.0
948,3B,L,Graham Pauley,Randy Vasquez,R,8,SD,MIA,home,4.33,MIA,688363.0,800.0,750.0,12.4,706.0,94.0,0,2025-07-21,750.0,11.799999999999999,-747.0,88.2,87.6,0,0.0
949,CF,R,Dane Myers,Randy Vasquez,R,9,SD,MIA,home,4.0,MIA,667472.0,870.0,850.0,11.4,777.0,93.0,0,2025-07-21,850.0,10.5,-852.0,89.5,88.6,0,0.0
950,CF,L,TJ Friedl,Jake Irvin,R,1,CIN,WSH,away,4.6,CIN,670770.0,680.0,550.0,13.2,658.0,22.0,0,2025-07-21,550.0,15.4,-549.0,84.6,86.8,0,0.0
951,2B,R,Matt McLain,Jake Irvin,R,2,CIN,WSH,away,5.36,CIN,680574.0,450.0,400.0,15.3,554.0,-104.0,0,2025-07-21,400.0,20.0,-400.0,80.0,84.7,0,0.0
952,SS,S,Elly De La Cruz,Jake Irvin,R,3,CIN,WSH,away,7.63,CIN,682829.0,400.0,290.0,21.8,359.0,41.0,0,2025-07-21,290.0,25.6,-291.0,74.4,78.2,0,0.0
953,LF,R,Austin Hays,Jake Irvin,R,4,CIN,WSH,away,5.65,CIN,669720.0,360.0,380.0,16.2,517.0,-137.0,0,2025-07-21,360.0,21.7,-361.0,78.3,83.8,0,0.0
954,DH,L,Gavin Lux,Jake Irvin,R,5,CIN,WSH,away,4.96,CIN,666158.0,800.0,650.0,14.2,604.0,196.0,0,2025-07-21,650.0,13.3,-652.0,86.7,85.8,0,0.0
955,1B,R,Spencer Steer,Jake Irvin,R,6,CIN,WSH,away,4.6,CIN,668715.0,560.0,425.0,13.2,658.0,-98.0,0,2025-07-21,425.0,19.0,-426.0,81.0,86.8,0,0.0
956,3B,R,Noelvi Marte,Jake Irvin,R,7,CIN,WSH,away,5.82,CIN,682622.0,560.0,450.0,16.6,502.0,58.0,0,2025-07-21,450.0,18.2,-449.0,81.8,83.4,0,0.0
957,RF,L,Jake Fraley,Jake Irvin,R,8,CIN,WSH,away,4.33,CIN,641584.0,800.0,650.0,12.4,706.0,94.0,0,2025-07-21,650.0,13.3,-652.0,86.7,87.6,0,0.0
958,C,R,Jose Trevino,Jake Irvin,R,9,CIN,WSH,away,3.32,CIN,624431.0,750.0,750.0,9.5,953.0,-203.0,0,2025-07-21,750.0,11.799999999999999,-747.0,88.2,90.5,1,1.34
959,SS,L,CJ Abrams,Brady Singer,R,1,CIN,WSH,home,5.42,WSH,682928.0,540.0,400.0,15.5,545.0,-5.0,0,2025-07-21,400.0,20.0,-400.0,80.0,84.5,0,0.0
960,LF,L,James Wood,Brady Singer,R,2,CIN,WSH,home,7.99,WSH,695578.0,370.0,310.0,22.9,337.0,33.0,0,2025-07-21,310.0,24.4,-310.0,75.6,77.1,0,0.0
961,DH,S,Josh Bell,Brady Singer,R,3,CIN,WSH,home,5.42,WSH,605137.0,600.0,450.0,15.5,545.0,55.0,1,2025-07-21,450.0,18.2,-449.0,81.8,84.5,0,0.0
962,1B,L,Nathaniel Lowe,Brady Singer,R,4,CIN,WSH,home,4.76,WSH,663993.0,600.0,550.0,13.6,635.0,-35.0,0,2025-07-21,550.0,15.4,-549.0,84.6,86.4,0,0.0
963,RF,L,Daylen Lile,Brady Singer,R,6,CIN,WSH,home,4.02,WSH,695734.0,750.0,550.0,11.5,770.0,-20.0,0,2025-07-21,550.0,15.4,-549.0,84.6,88.5,0,0.0
964,2B,R,Amed Rosario,Brady Singer,R,7,CIN,WSH,home,3.5,WSH,642708.0,750.0,750.0,10.0,900.0,-150.0,0,2025-07-21,750.0,11.799999999999999,-747.0,88.2,90.0,1,1.34
965,C,R,Riley Adams,Brady Singer,R,8,CIN,WSH,home,4.55,WSH,656180.0,800.0,600.0,13.0,669.0,131.0,0,2025-07-21,600.0,14.299999999999999,-599.0,85.7,87.0,0,0.0
966,CF,R,Jacob Young,Brady Singer,R,9,CIN,WSH,home,2.58,WSH,696285.0,1300.0,1200.0,7.399999999999999,1251.0,49.0,0,2025-07-21,1200.0,7.7,-1199.0,92.3,92.6,0,0.0
967,LF,L,Jarren Duran,Zack Wheeler,R,1,BOS,PHI,away,5.99,BOS,680776.0,560.0,550.0,17.1,485.0,75.0,1,2025-07-21,550.0,15.4,-549.0,84.6,82.9,0,0.0
968,3B,R,Alex Bregman,Zack Wheeler,R,2,BOS,PHI,away,4.82,BOS,608324.0,560.0,550.0,13.8,625.0,-65.0,0,2025-07-21,550.0,15.4,-549.0,84.6,86.2,0,0.0
969,SS,R,Trevor Story,Zack Wheeler,R,4,BOS,PHI,away,4.12,BOS,596115.0,600.0,550.0,11.8,747.0,-147.0,0,2025-07-21,550.0,15.4,-549.0,84.6,88.2,0,0.0
970,RF,L,Wilyer Abreu,Zack Wheeler,R,5,BOS,PHI,away,6.51,BOS,677800.0,420.0,425.0,18.6,438.0,-13.0,0,2025-07-21,420.0,19.2,-421.0,80.8,81.4,0,0.0
971,CF,R,Ceddanne Rafaela,Zack Wheeler,R,6,BOS,PHI,away,4.64,BOS,678882.0,630.0,700.0,13.3,652.0,48.0,0,2025-07-21,630.0,13.700000000000001,-630.0,86.3,86.7,0,0.0
972,2B,L,Marcelo Mayer,Zack Wheeler,R,7,BOS,PHI,away,5.44,BOS,691785.0,870.0,750.0,15.6,541.0,329.0,0,2025-07-21,750.0,11.799999999999999,-747.0,88.2,84.4,0,0.0
973,C,R,Carlos Narvaez,Zack Wheeler,R,8,BOS,PHI,away,3.53,BOS,665966.0,1060.0,750.0,10.1,890.0,170.0,0,2025-07-21,750.0,11.799999999999999,-747.0,88.2,89.9,0,0.0
974,1B,S,Abraham Toro,Zack Wheeler,R,9,BOS,PHI,away,3.64,BOS,647351.0,1060.0,950.0,10.4,862.0,198.0,0,2025-07-21,950.0,9.5,-953.0,90.5,89.6,0,0.0
975,SS,R,Trea Turner,Walker Buehler,R,1,BOS,PHI,home,4.65,PHI,607208.0,540.0,550.0,13.3,652.0,-102.0,0,2025-07-21,540.0,15.6,-541.0,84.4,86.7,0,0.0
976,DH,L,Kyle Schwarber,Walker Buehler,R,2,BOS,PHI,home,8.33,PHI,656941.0,235.0,245.0,23.8,320.0,-75.0,0,2025-07-21,235.0,29.9,-234.0,70.1,76.2,0,0.0
977,1B,L,Bryce Harper,Walker Buehler,R,3,BOS,PHI,home,6.03,PHI,547180.0,340.0,340.0,17.2,481.0,-141.0,0,2025-07-21,340.0,22.7,-341.0,77.3,82.8,0,0.0
978,RF,R,Nick Castellanos,Walker Buehler,R,4,BOS,PHI,home,4.99,PHI,592206.0,560.0,450.0,14.3,599.0,-39.0,0,2025-07-21,450.0,18.2,-449.0,81.8,85.7,0,0.0
979,C,R,J.T. Realmuto,Walker Buehler,R,5,BOS,PHI,home,4.41,PHI,592663.0,680.0,500.0,12.6,694.0,-14.0,0,2025-07-21,500.0,16.7,-499.0,83.3,87.4,0,0.0
980,CF,L,Brandon Marsh,Walker Buehler,R,6,BOS,PHI,home,5.01,PHI,669016.0,870.0,850.0,14.3,599.0,271.0,0,2025-07-21,850.0,10.5,-852.0,89.5,85.7,0,0.0
981,LF,L,Max Kepler,Walker Buehler,R,8,BOS,PHI,home,4.73,PHI,596146.0,560.0,650.0,13.5,641.0,9.0,0,2025-07-21,560.0,15.2,-558.0,84.8,86.5,0,0.0
982,2B,L,Bryson Stott,Walker Buehler,R,9,BOS,PHI,home,3.89,PHI,681082.0,900.0,900.0,11.1,801.0,99.0,0,2025-07-21,900.0,10.0,-900.0,90.0,88.9,0,0.0
983,CF,L,Trent Grisham,Kevin Gausman,R,1,NYY,TOR,away,6.89,NYY,663757.0,420.0,500.0,19.7,408.0,92.0,0,2025-07-21,420.0,19.2,-421.0,80.8,80.3,0,0.0
984,RF,R,Aaron Judge,Kevin Gausman,R,2,NYY,TOR,away,9.02,NYY,592450.0,186.0,180.0,25.8,288.0,-102.0,0,2025-07-21,180.0,35.699999999999996,-180.0,64.30000000000001,74.2,0,0.0
985,2B,L,Jazz Chisholm,Kevin Gausman,R,3,NYY,TOR,away,7.06,NYY,665862.0,360.0,425.0,20.200000000000003,395.0,30.0,0,2025-07-21,360.0,21.7,-361.0,78.3,79.8,0,0.0
986,DH,R,Giancarlo Stanton,Kevin Gausman,R,4,NYY,TOR,away,7.82,NYY,519317.0,240.0,270.0,22.4,346.0,-76.0,1,2025-07-21,240.0,29.4,-240.0,70.6,77.6,0,0.0
987,LF,S,Jasson Dominguez,Kevin Gausman,R,5,NYY,TOR,away,4.58,NYY,691176.0,630.0,600.0,13.1,663.0,-33.0,0,2025-07-21,600.0,14.299999999999999,-599.0,85.7,86.9,0,0.0
988,1B,R,Paul Goldschmidt,Kevin Gausman,R,6,NYY,TOR,away,4.7,NYY,502671.0,600.0,475.0,13.4,646.0,-46.0,0,2025-07-21,475.0,17.4,-475.0,82.6,86.6,0,0.0
989,C,L,Austin Wells,Kevin Gausman,R,7,NYY,TOR,away,5.55,NYY,669224.0,420.0,500.0,15.9,529.0,-29.0,0,2025-07-21,420.0,19.2,-421.0,80.8,84.1,0,0.0
990,SS,R,Anthony Volpe,Kevin Gausman,R,8,NYY,TOR,away,4.47,NYY,683011.0,830.0,600.0,12.8,681.0,149.0,0,2025-07-21,600.0,14.299999999999999,-599.0,85.7,87.2,0,0.0
991,3B,R,Oswald Peraza,Kevin Gausman,R,9,NYY,TOR,away,5.15,NYY,672724.0,900.0,800.0,14.7,580.0,320.0,0,2025-07-21,800.0,11.1,-801.0,88.9,85.3,0,0.0
992,3B,R,Ernie Clement,Carlos Rodon,L,1,NYY,TOR,home,4.44,TOR,676391.0,800.0,750.0,12.7,687.0,113.0,0,2025-07-21,750.0,11.799999999999999,-747.0,88.2,87.3,0,0.0
993,DH,R,George Springer,Carlos Rodon,L,2,NYY,TOR,home,6.7,TOR,543807.0,400.0,425.0,19.2,421.0,4.0,0,2025-07-21,400.0,20.0,-400.0,80.0,80.8,0,0.0
994,1B,R,Vladimir Guerrero,Carlos Rodon,L,3,NYY,TOR,home,6.72,TOR,665489.0,400.0,400.0,19.2,421.0,-21.0,0,2025-07-21,400.0,20.0,-400.0,80.0,80.8,0,0.0
995,SS,R,Bo Bichette,Carlos Rodon,L,4,NYY,TOR,home,5.25,TOR,666182.0,520.0,500.0,15.0,567.0,-47.0,0,2025-07-21,500.0,16.7,-499.0,83.3,85.0,0,0.0
996,C,R,Alejandro Kirk,Carlos Rodon,L,5,NYY,TOR,home,5.47,TOR,672386.0,600.0,550.0,15.6,541.0,59.0,0,2025-07-21,550.0,15.4,-549.0,84.6,84.4,0,0.0
997,LF,R,Davis Schneider,Carlos Rodon,L,6,NYY,TOR,home,6.17,TOR,676914.0,560.0,550.0,17.599999999999998,468.0,92.0,0,2025-07-21,550.0,15.4,-549.0,84.6,82.4,0,0.0
998,CF,R,Myles Straw,Carlos Rodon,L,7,NYY,TOR,home,4.64,TOR,664702.0,1300.0,1600.0,13.3,652.0,948.0,0,2025-07-21,1300.0,7.1,-1308.0,92.9,86.7,0,0.0
999,2B,R,Leo Jimenez,Carlos Rodon,L,8,NYY,TOR,home,4.38,TOR,677870.0,900.0,850.0,12.5,700.0,200.0,0,2025-07-21,850.0,10.5,-852.0,89.5,87.5,0,0.0
1000,RF,L,Joey Loperfido,Carlos Rodon,L,9,NYY,TOR,home,4.41,TOR,694388.0,870.0,900.0,12.6,694.0,206.0,0,2025-07-21,870.0,10.299999999999999,-871.0,89.7,87.4,0,0.0
1001,SS,R,Zach Neto,Kodai Senga,R,1,LAA,NYM,away,6.06,LAA,687263.0,440.0,425.0,17.299999999999997,478.0,-38.0,0,2025-07-21,425.0,19.0,-426.0,81.0,82.7,0,0.0
1002,1B,L,Nolan Schanuel,Kodai Senga,R,2,LAA,NYM,away,4.69,LAA,694384.0,1000.0,1000.0,13.4,646.0,354.0,0,2025-07-21,1000.0,9.1,-999.0,90.9,86.6,0,0.0
1003,DH,R,Mike Trout,Kodai Senga,R,3,LAA,NYM,away,6.85,LAA,545361.0,285.0,290.0,19.6,410.0,-120.0,0,2025-07-21,285.0,26.0,-285.0,74.0,80.4,0,0.0
1004,LF,R,Taylor Ward,Kodai Senga,R,4,LAA,NYM,away,6.28,LAA,621493.0,430.0,450.0,18.0,456.0,-6.0,0,2025-07-21,430.0,18.9,-429.0,81.1,82.0,0,0.0
1005,CF,R,Jo Adell,Kodai Senga,R,5,LAA,NYM,away,5.86,LAA,666176.0,350.0,380.0,16.8,495.0,-115.0,0,2025-07-21,350.0,22.2,-350.0,77.8,83.2,0,0.0
1006,3B,S,Yoan Moncada,Kodai Senga,R,6,LAA,NYM,away,4.72,LAA,660162.0,520.0,600.0,13.5,641.0,-41.0,0,2025-07-21,520.0,16.1,-521.0,83.9,86.5,0,0.0
1007,C,R,Logan O'Hoppe,Kodai Senga,R,7,LAA,NYM,away,5.11,LAA,681351.0,440.0,340.0,14.6,585.0,-145.0,1,2025-07-21,340.0,22.7,-341.0,77.3,85.4,0,0.0
1008,RF,L,LaMonte Wade,Kodai Senga,R,8,LAA,NYM,away,4.29,LAA,664774.0,870.0,850.0,12.3,713.0,157.0,0,2025-07-21,850.0,10.5,-852.0,89.5,87.7,0,0.0
1009,2B,S,Luis Rengifo,Kodai Senga,R,9,LAA,NYM,away,3.23,LAA,650859.0,1060.0,1100.0,9.2,987.0,113.0,0,2025-07-21,1060.0,8.6,-1063.0,91.4,90.8,0,0.0
1010,LF,L,Brandon Nimmo,Tyler Anderson,L,1,LAA,NYM,home,6.37,NYM,607043.0,400.0,450.0,18.2,449.0,1.0,0,2025-07-21,400.0,20.0,-400.0,80.0,81.8,0,0.0
1011,SS,S,Francisco Lindor,Tyler Anderson,L,2,LAA,NYM,home,5.95,NYM,596019.0,340.0,330.0,17.0,488.0,-148.0,0,2025-07-21,330.0,23.3,-329.0,76.7,83.0,0,0.0
1012,RF,L,Juan Soto,Tyler Anderson,L,3,LAA,NYM,home,7.37,NYM,665742.0,265.0,240.0,21.1,374.0,-109.0,0,2025-07-21,240.0,29.4,-240.0,70.6,78.9,0,0.0
1013,1B,R,Pete Alonso,Tyler Anderson,L,4,LAA,NYM,home,8.28,NYM,624413.0,300.0,300.0,23.7,322.0,-22.0,0,2025-07-21,300.0,25.0,-300.0,75.0,76.3,0,0.0
1014,CF,L,Jeff McNeil,Tyler Anderson,L,5,LAA,NYM,home,3.51,NYM,643446.0,870.0,750.0,10.0,900.0,-30.0,0,2025-07-21,750.0,11.799999999999999,-747.0,88.2,90.0,0,0.0
1015,DH,R,Mark Vientos,Tyler Anderson,L,6,LAA,NYM,home,6.23,NYM,668901.0,470.0,425.0,17.8,462.0,8.0,0,2025-07-21,425.0,19.0,-426.0,81.0,82.2,0,0.0
1016,3B,L,Brett Baty,Tyler Anderson,L,7,LAA,NYM,home,4.63,NYM,683146.0,540.0,550.0,13.2,658.0,-108.0,1,2025-07-21,540.0,15.6,-541.0,84.4,86.8,0,0.0
1017,C,R,Francisco Alvarez,Tyler Anderson,L,8,LAA,NYM,home,5.73,NYM,682626.0,560.0,550.0,16.400000000000002,510.0,50.0,0,2025-07-21,550.0,15.4,-549.0,84.6,83.6,0,0.0
1018,2B,R,Luisangel Acuna,Tyler Anderson,L,9,LAA,NYM,home,2.79,NYM,682668.0,900.0,1000.0,8.0,1150.0,-150.0,0,2025-07-21,900.0,10.0,-900.0,90.0,92.0,1,1.11
1019,CF,L,Jung Hoo Lee,Bryce Elder,R,1,SF,ATL,away,4.9,SF,808982.0,750.0,850.0,14.000000000000002,614.0,236.0,0,2025-07-21,750.0,11.799999999999999,-747.0,88.2,86.0,0,0.0
1020,LF,R,Heliot Ramos,Bryce Elder,R,2,SF,ATL,away,4.56,SF,671218.0,520.0,380.0,13.0,669.0,-149.0,0,2025-07-21,380.0,20.8,-381.0,79.2,87.0,0,0.0
1021,DH,L,Rafael Devers,Bryce Elder,R,3,SF,ATL,away,7.27,SF,646240.0,310.0,285.0,20.8,381.0,-71.0,0,2025-07-21,285.0,26.0,-285.0,74.0,79.2,0,0.0
1022,SS,R,Willy Adames,Bryce Elder,R,4,SF,ATL,away,5.5,SF,642715.0,370.0,350.0,15.7,537.0,-167.0,1,2025-07-21,350.0,22.2,-350.0,77.8,84.3,0,0.0
1023,3B,R,Matt Chapman,Bryce Elder,R,5,SF,ATL,away,5.85,SF,656305.0,340.0,340.0,16.7,499.0,-159.0,0,2025-07-21,340.0,22.7,-341.0,77.3,83.3,0,0.0
1024,RF,L,Mike Yastrzemski,Bryce Elder,R,6,SF,ATL,away,5.29,SF,573262.0,450.0,425.0,15.1,562.0,-112.0,0,2025-07-21,425.0,19.0,-426.0,81.0,84.9,0,0.0
1025,1B,R,Wilmer Flores,Bryce Elder,R,7,SF,ATL,away,3.25,SF,527038.0,870.0,850.0,9.3,975.0,-105.0,0,2025-07-21,850.0,10.5,-852.0,89.5,90.7,0,0.0
1026,2B,R,Casey Schmitt,Bryce Elder,R,8,SF,ATL,away,4.06,SF,669477.0,630.0,700.0,11.6,762.0,-62.0,0,2025-07-21,630.0,13.700000000000001,-630.0,86.3,88.4,0,0.0
1027,C,S,Patrick Bailey,Bryce Elder,R,9,SF,ATL,away,4.1,SF,672275.0,1060.0,800.0,11.7,755.0,305.0,0,2025-07-21,800.0,11.1,-801.0,88.9,88.3,0,0.0
1028,LF,S,Jurickson Profar,Hayden Birdsong,R,1,SF,ATL,home,4.64,ATL,595777.0,500.0,500.0,13.3,652.0,-152.0,0,2025-07-21,500.0,16.7,-499.0,83.3,86.7,0,0.0
1029,1B,L,Matt Olson,Hayden Birdsong,R,2,SF,ATL,home,7.03,ATL,621566.0,320.0,285.0,20.1,398.0,-78.0,0,2025-07-21,285.0,26.0,-285.0,74.0,79.9,0,0.0
1030,RF,R,Ronald Acuna,Hayden Birdsong,R,3,SF,ATL,home,6.09,ATL,660670.0,310.0,310.0,17.4,475.0,-165.0,0,2025-07-21,310.0,24.4,-310.0,75.6,82.6,0,0.0
1031,DH,L,Drake Baldwin,Hayden Birdsong,R,4,SF,ATL,home,5.47,ATL,686948.0,450.0,475.0,15.6,541.0,-66.0,0,2025-07-21,450.0,18.2,-449.0,81.8,84.4,0,0.0
1032,2B,S,Ozzie Albies,Hayden Birdsong,R,5,SF,ATL,home,3.84,ATL,645277.0,520.0,500.0,11.0,809.0,-289.0,0,2025-07-21,500.0,16.7,-499.0,83.3,89.0,0,0.0
1033,C,R,Sean Murphy,Hayden Birdsong,R,6,SF,ATL,home,4.83,ATL,669221.0,420.0,310.0,13.8,625.0,-205.0,0,2025-07-21,310.0,24.4,-310.0,75.6,86.2,0,0.0
1034,3B,R,Nacho Alvarez,Hayden Birdsong,R,7,SF,ATL,home,3.07,ATL,805373.0,,800.0,8.799999999999999,1036.0,,0,2025-07-21,,,,,91.2,0,0.0
1035,CF,L,Michael Harris II,Hayden Birdsong,R,8,SF,ATL,home,4.09,ATL,671739.0,600.0,550.0,11.7,755.0,-155.0,0,2025-07-21,550.0,15.4,-549.0,84.6,88.3,0,0.0
1036,SS,R,Nick Allen,Hayden Birdsong,R,9,SF,ATL,home,1.99,ATL,669397.0,1400.0,1400.0,5.7,1654.0,-254.0,0,2025-07-21,1400.0,6.7,-1393.0,93.3,94.3,1,0.72
1037,RF,L,Mike Tauchman,Shane Baz,R,1,CWS,TB,away,4.5,CWS,643565.0,750.0,600.0,12.9,675.0,75.0,0,2025-07-21,600.0,14.299999999999999,-599.0,85.7,87.1,0,0.0
1038,SS,R,Chase Meidroth,Shane Baz,R,2,CWS,TB,away,3.11,CWS,805367.0,870.0,750.0,8.9,1024.0,-154.0,0,2025-07-21,750.0,11.799999999999999,-747.0,88.2,91.1,1,1.34
1039,DH,L,Andrew Benintendi,Shane Baz,R,3,CWS,TB,away,5.89,CWS,643217.0,470.0,425.0,16.8,495.0,-25.0,0,2025-07-21,425.0,19.0,-426.0,81.0,83.2,0,0.0
1040,1B,R,Miguel Vargas,Shane Baz,R,4,CWS,TB,away,4.27,CWS,678246.0,520.0,450.0,12.2,720.0,-200.0,1,2025-07-21,450.0,18.2,-449.0,81.8,87.8,0,0.0
1041,C,L,Kyle Teel,Shane Baz,R,5,CWS,TB,away,5.21,CWS,691019.0,750.0,650.0,14.9,571.0,179.0,0,2025-07-21,650.0,13.3,-652.0,86.7,85.1,0,0.0
1042,CF,R,Luis Robert,Shane Baz,R,6,CWS,TB,away,5.01,CWS,673357.0,500.0,390.0,14.3,599.0,-99.0,0,2025-07-21,390.0,20.4,-390.0,79.6,85.7,0,0.0
1043,2B,R,Lenyn Sosa,Shane Baz,R,8,CWS,TB,away,4.16,CWS,672820.0,800.0,650.0,11.9,740.0,60.0,0,2025-07-21,650.0,13.3,-652.0,86.7,88.1,0,0.0
1044,LF,S,Brooks Baldwin,Shane Baz,R,9,CWS,TB,away,4.02,CWS,681460.0,800.0,700.0,11.5,770.0,30.0,1,2025-07-21,700.0,12.5,-700.0,87.5,88.5,0,0.0
1045,CF,L,Chandler Simpson,Sean Burke,R,1,CWS,TB,home,3.4,TB,802415.0,1400.0,900.0,9.7,931.0,469.0,0,2025-07-21,900.0,10.0,-900.0,90.0,90.3,0,0.0
1046,DH,R,Yandy Diaz,Sean Burke,R,2,CWS,TB,home,5.59,TB,650490.0,400.0,300.0,16.0,525.0,-125.0,1,2025-07-21,300.0,25.0,-300.0,75.0,84.0,0,0.0
1047,1B,L,Jonathan Aranda,Sean Burke,R,3,CWS,TB,home,6.43,TB,666018.0,400.0,310.0,18.4,443.0,-43.0,0,2025-07-21,310.0,24.4,-310.0,75.6,81.6,0,0.0
1048,3B,R,Junior Caminero,Sean Burke,R,4,CWS,TB,home,6.42,TB,691406.0,260.0,205.0,18.4,443.0,-183.0,0,2025-07-21,205.0,32.800000000000004,-205.0,67.19999999999999,81.6,0,0.0
1049,RF,L,Josh Lowe,Sean Burke,R,5,CWS,TB,home,5.24,TB,666139.0,540.0,320.0,15.0,567.0,-27.0,0,2025-07-21,320.0,23.799999999999997,-320.0,76.2,85.0,0,0.0
1050,SS,R,Ha-Seong Kim,Sean Burke,R,6,CWS,TB,home,3.74,TB,673490.0,750.0,500.0,10.7,835.0,-85.0,0,2025-07-21,500.0,16.7,-499.0,83.3,89.3,0,0.0
1051,LF,R,Christopher Morel,Sean Burke,R,7,CWS,TB,home,6.03,TB,666624.0,420.0,400.0,17.2,481.0,-61.0,0,2025-07-21,400.0,20.0,-400.0,80.0,82.8,0,0.0
1052,C,R,Danny Jansen,Sean Burke,R,8,CWS,TB,home,4.11,TB,643376.0,450.0,340.0,11.8,747.0,-297.0,0,2025-07-21,340.0,22.7,-341.0,77.3,88.2,0,0.0
1053,2B,S,Taylor Walls,Sean Burke,R,9,CWS,TB,home,2.77,TB,670764.0,900.0,900.0,7.9,1166.0,-266.0,0,2025-07-21,900.0,10.0,-900.0,90.0,92.1,1,1.11
1054,CF,L,Lawrence Butler,Jack Leiter,R,1,ATH,TEX,away,6.73,ATH,671732.0,470.0,450.0,19.2,421.0,49.0,0,2025-07-21,450.0,18.2,-449.0,81.8,80.8,0,0.0
1055,SS,R,Jacob Wilson,Jack Leiter,R,2,ATH,TEX,away,3.25,ATH,805779.0,1060.0,1000.0,9.3,975.0,85.0,0,2025-07-21,1000.0,9.1,-999.0,90.9,90.7,0,0.0
1056,1B,L,Nick Kurtz,Jack Leiter,R,3,ATH,TEX,away,9.54,ATH,701762.0,300.0,300.0,27.3,266.0,34.0,1,2025-07-21,300.0,25.0,-300.0,75.0,72.7,0,0.0
1057,DH,R,Brent Rooker,Jack Leiter,R,4,ATH,TEX,away,7.01,ATH,667670.0,400.0,380.0,20.0,400.0,0.0,0,2025-07-21,380.0,20.8,-381.0,79.2,80.0,0,0.0
1058,C,R,Shea Langeliers,Jack Leiter,R,5,ATH,TEX,away,5.6,ATH,669127.0,420.0,425.0,16.0,525.0,-100.0,0,2025-07-21,420.0,19.2,-421.0,80.8,84.0,0,0.0
1059,LF,L,Tyler Soderstrom,Jack Leiter,R,6,ATH,TEX,away,7.69,ATH,691016.0,460.0,475.0,22.0,355.0,120.0,0,2025-07-21,460.0,17.9,-459.0,82.1,78.0,0,0.0
1060,RF,R,Miguel Andujar,Jack Leiter,R,7,ATH,TEX,away,1.56,ATH,609280.0,870.0,,4.5,2122.0,-1252.0,0,2025-07-21,870.0,10.299999999999999,-871.0,89.7,95.5,1,1.15
1061,3B,R,Max Muncy,Jack Leiter,R,8,ATH,TEX,away,2.27,ATH,691777.0,480.0,750.0,6.5,1438.0,-688.0,0,2025-07-21,480.0,17.2,-481.0,82.8,93.5,0,0.0
1062,2B,R,Luis Urias,Jack Leiter,R,9,ATH,TEX,away,3.74,ATH,649966.0,800.0,750.0,10.7,835.0,-35.0,0,2025-07-21,750.0,11.799999999999999,-747.0,88.2,89.3,0,0.0
1063,CF,R,Michael Helman,Jacob Lopez,L,1,ATH,TEX,home,3.98,TEX,680737.0,540.0,550.0,11.4,777.0,-227.0,1,2025-07-21,540.0,15.6,-541.0,84.4,88.6,0,0.0
1064,SS,L,Corey Seager,Jacob Lopez,L,2,ATH,TEX,home,8.37,TEX,608369.0,285.0,330.0,23.9,318.0,12.0,0,2025-07-21,285.0,26.0,-285.0,74.0,76.1,0,0.0
1065,2B,R,Marcus Semien,Jacob Lopez,L,3,ATH,TEX,home,4.74,TEX,543760.0,560.0,475.0,13.6,635.0,-75.0,0,2025-07-21,475.0,17.4,-475.0,82.6,86.4,0,0.0
1066,RF,R,Adolis Garcia,Jacob Lopez,L,4,ATH,TEX,home,5.11,TEX,666969.0,480.0,400.0,14.6,585.0,-105.0,0,2025-07-21,400.0,20.0,-400.0,80.0,85.4,0,0.0
1067,LF,R,Wyatt Langford,Jacob Lopez,L,5,ATH,TEX,home,5.86,TEX,694671.0,450.0,380.0,16.8,495.0,-45.0,0,2025-07-21,380.0,20.8,-381.0,79.2,83.2,0,0.0
1068,C,R,Kyle Higashioka,Jacob Lopez,L,6,ATH,TEX,home,4.63,TEX,543309.0,600.0,500.0,13.2,658.0,-58.0,0,2025-07-21,500.0,16.7,-499.0,83.3,86.8,0,0.0
1069,1B,L,Josh Smith,Jacob Lopez,L,7,ATH,TEX,home,3.21,TEX,669701.0,870.0,800.0,9.2,987.0,-117.0,0,2025-07-21,800.0,11.1,-801.0,88.9,90.8,0,0.0
1070,3B,R,Josh Jung,Jacob Lopez,L,8,ATH,TEX,home,4.66,TEX,673962.0,700.0,550.0,13.3,652.0,48.0,1,2025-07-21,550.0,15.4,-549.0,84.6,86.7,0,0.0
1071,DH,R,Jonathan India,Ben Brown,R,1,KC,CHC,away,4.4,KC,663697.0,900.0,700.0,12.6,694.0,206.0,0,2025-07-21,700.0,12.5,-700.0,87.5,87.4,0,0.0
1072,SS,R,Bobby Witt,Ben Brown,R,2,KC,CHC,away,7.14,KC,677951.0,520.0,425.0,20.4,390.0,130.0,0,2025-07-21,425.0,19.0,-426.0,81.0,79.6,0,0.0
1073,1B,L,Vinnie Pasquantino,Ben Brown,R,3,KC,CHC,away,5.51,KC,686469.0,750.0,475.0,15.8,533.0,217.0,0,2025-07-21,475.0,17.4,-475.0,82.6,84.2,0,0.0
1074,3B,R,Maikel Garcia,Ben Brown,R,4,KC,CHC,away,4.07,KC,672580.0,1000.0,1000.0,11.6,762.0,238.0,0,2025-07-21,1000.0,9.1,-999.0,90.9,88.4,0,0.0
1075,C,R,Salvador Perez,Ben Brown,R,5,KC,CHC,away,5.44,KC,521692.0,560.0,500.0,15.6,541.0,19.0,1,2025-07-21,500.0,16.7,-499.0,83.3,84.4,0,0.0
1076,RF,L,Jac Caglianone,Ben Brown,R,6,KC,CHC,away,3.86,KC,695506.0,830.0,650.0,11.0,809.0,21.0,1,2025-07-21,650.0,13.3,-652.0,86.7,89.0,0,0.0
1077,2B,R,Nick Loftin,Ben Brown,R,7,KC,CHC,away,3.97,KC,679845.0,1060.0,900.0,11.4,777.0,283.0,0,2025-07-21,900.0,10.0,-900.0,90.0,88.6,0,0.0
1078,LF,L,John Rave,Ben Brown,R,8,KC,CHC,away,4.43,KC,670231.0,1000.0,850.0,12.7,687.0,313.0,1,2025-07-21,850.0,10.5,-852.0,89.5,87.3,0,0.0
1079,CF,L,Kyle Isbel,Ben Brown,R,9,KC,CHC,away,3.49,KC,664728.0,1300.0,950.0,10.0,900.0,400.0,0,2025-07-21,950.0,9.5,-953.0,90.5,90.0,0,0.0
1080,2B,R,Nico Hoerner,Noah Cameron,L,1,KC,CHC,home,3.8,CHC,663538.0,1300.0,900.0,10.9,817.0,483.0,0,2025-07-21,900.0,10.0,-900.0,90.0,89.1,0,0.0
1081,RF,L,Kyle Tucker,Noah Cameron,L,2,KC,CHC,home,5.44,CHC,663656.0,500.0,425.0,15.6,541.0,-41.0,0,2025-07-21,425.0,19.0,-426.0,81.0,84.4,0,0.0
1082,CF,R,Seiya Suzuki,Noah Cameron,L,3,KC,CHC,home,6.75,CHC,673548.0,470.0,390.0,19.3,418.0,52.0,0,2025-07-21,390.0,20.4,-390.0,79.6,80.7,0,0.0
1083,C,R,Carson Kelly,Noah Cameron,L,4,KC,CHC,home,5.41,CHC,608348.0,680.0,600.0,15.5,545.0,135.0,1,2025-07-21,600.0,14.299999999999999,-599.0,85.7,84.5,0,0.0
1084,LF,S,Ian Happ,Noah Cameron,L,5,KC,CHC,home,5.04,CHC,664023.0,750.0,750.0,14.4,594.0,156.0,0,2025-07-21,750.0,11.799999999999999,-747.0,88.2,85.6,0,0.0
1085,SS,R,Dansby Swanson,Noah Cameron,L,6,KC,CHC,home,5.83,CHC,621020.0,630.0,600.0,16.7,499.0,131.0,0,2025-07-21,600.0,14.299999999999999,-599.0,85.7,83.3,0,0.0
1086,1B,L,Michael Busch,Noah Cameron,L,7,KC,CHC,home,5.63,CHC,683737.0,440.0,500.0,16.1,521.0,-21.0,0,2025-07-21,440.0,18.5,-441.0,81.5,83.9,0,0.0
1087,DH,R,Justin Turner,Noah Cameron,L,8,KC,CHC,home,3.9,CHC,457759.0,1060.0,800.0,11.2,793.0,267.0,0,2025-07-21,800.0,11.1,-801.0,88.9,88.8,0,0.0
1088,3B,R,Matt Shaw,Noah Cameron,L,9,KC,CHC,home,3.76,CHC,807713.0,1300.0,1000.0,10.8,826.0,474.0,1,2025-07-21,1000.0,9.1,-999.0,90.9,89.2,0,0.0
1089,2B,L,Brendan Donovan,Austin Gomber,L,1,STL,COL,away,5.24,STL,680977.0,500.0,475.0,15.0,567.0,-67.0,0,2025-07-21,475.0,17.4,-475.0,82.6,85.0,0,0.0
1090,SS,R,Masyn Winn,Austin Gomber,L,2,STL,COL,away,5.69,STL,691026.0,520.0,600.0,16.3,513.0,87.0,0,2025-07-21,520.0,16.1,-521.0,83.9,83.7,0,0.0
1091,DH,R,Ivan Herrera,Austin Gomber,L,3,STL,COL,away,7.77,STL,671056.0,390.0,290.0,22.2,350.0,40.0,0,2025-07-21,290.0,25.6,-291.0,74.4,77.8,0,0.0
1092,C,R,William Contreras,George Kirby,R,2,MIL,SEA,away,3.55,MIL,661388.0,630.0,600.0,10.2,880.0,-250.0,0,2025-07-21,600.0,14.299999999999999,-599.0,85.7,89.8,0,0.0
1093,RF,R,Jordan Walker,Austin Gomber,L,5,STL,COL,away,7.41,STL,691023.0,560.0,370.0,21.2,372.0,188.0,0,2025-07-21,370.0,21.3,-369.0,78.7,78.8,0,0.0
1094,3B,R,Nolan Arenado,Austin Gomber,L,6,STL,COL,away,5.26,STL,571448.0,440.0,260.0,15.0,567.0,-127.0,0,2025-07-21,260.0,27.800000000000004,-260.0,72.19999999999999,85.0,0,0.0
1095,C,R,Pedro Pages,Austin Gomber,L,8,STL,COL,away,4.86,STL,686780.0,540.0,500.0,13.900000000000002,619.0,-79.0,0,2025-07-21,500.0,16.7,-499.0,83.3,86.1,0,0.0
1096,2B,L,Brice Turang,George Kirby,R,1,MIL,SEA,away,3.96,MIL,668930.0,1000.0,800.0,11.3,785.0,215.0,0,2025-07-21,800.0,11.1,-801.0,88.9,88.7,0,0.0
1097,CF,R,Jackson Chourio,George Kirby,R,3,MIL,SEA,away,4.13,MIL,694192.0,500.0,475.0,11.8,747.0,-247.0,0,2025-07-21,475.0,17.4,-475.0,82.6,88.2,0,0.0
1098,DH,L,Christian Yelich,George Kirby,R,4,MIL,SEA,away,5.01,MIL,592885.0,520.0,550.0,14.3,599.0,-49.0,0,2025-07-21,520.0,16.1,-521.0,83.9,85.7,0,0.0
1099,1B,R,Andrew Vaughn,George Kirby,R,5,MIL,SEA,away,5.23,MIL,683734.0,520.0,475.0,15.0,567.0,-47.0,0,2025-07-21,475.0,17.4,-475.0,82.6,85.0,0,0.0
1100,LF,S,Isaac Collins,George Kirby,R,6,MIL,SEA,away,3.06,MIL,686555.0,900.0,950.0,8.799999999999999,1036.0,-86.0,0,2025-07-21,900.0,10.0,-900.0,90.0,91.2,0,0.0
1101,RF,S,Blake Perkins,George Kirby,R,7,MIL,SEA,away,3.81,MIL,663368.0,1300.0,1100.0,10.9,817.0,483.0,0,2025-07-21,1100.0,8.3,-1105.0,91.7,89.1,0,0.0
1102,SS,R,Joey Ortiz,George Kirby,R,9,MIL,SEA,away,2.82,MIL,687401.0,1000.0,1100.0,8.1,1135.0,-35.0,0,2025-07-21,1000.0,9.1,-999.0,90.9,91.9,0,0.0
1103,SS,L,J.P. Crawford,Brandon Woodruff,R,1,MIL,SEA,home,5.04,SEA,641487.0,870.0,950.0,14.4,594.0,356.0,0,2025-07-21,870.0,10.299999999999999,-871.0,89.7,85.6,0,0.0
1104,C,S,Cal Raleigh,Brandon Woodruff,R,3,MIL,SEA,home,8.62,SEA,663728.0,260.0,245.0,24.7,305.0,-45.0,0,2025-07-21,245.0,28.999999999999996,-245.0,71.0,75.3,0,0.0
1105,LF,R,Randy Arozarena,Brandon Woodruff,R,4,MIL,SEA,home,5.79,SEA,668227.0,390.0,400.0,16.6,502.0,-102.0,0,2025-07-21,390.0,20.4,-390.0,79.6,83.4,0,0.0
1106,DH,S,Jorge Polanco,Brandon Woodruff,R,5,MIL,SEA,home,2.37,SEA,593871.0,600.0,550.0,6.800000000000001,1371.0,-771.0,0,2025-07-21,550.0,15.4,-549.0,84.6,93.2,0,0.0
1107,1B,L,Luke Raley,Brandon Woodruff,R,6,MIL,SEA,home,6.16,SEA,670042.0,600.0,700.0,17.599999999999998,468.0,232.0,0,2025-07-21,600.0,14.299999999999999,-599.0,85.7,82.4,0,0.0
1108,RF,L,Dominic Canzone,Brandon Woodruff,R,7,MIL,SEA,home,6.44,SEA,686527.0,560.0,600.0,18.4,443.0,157.0,0,2025-07-21,560.0,15.2,-558.0,84.8,81.6,0,0.0
1109,3B,R,Ben Williamson,Brandon Woodruff,R,8,MIL,SEA,home,3.31,SEA,810938.0,1300.0,1300.0,9.5,953.0,347.0,0,2025-07-21,1300.0,7.1,-1308.0,92.9,90.5,0,0.0
1110,2B,L,Cole Young,Brandon Woodruff,R,9,MIL,SEA,home,3.85,SEA,702284.0,1100.0,1100.0,11.0,809.0,291.0,0,2025-07-21,1100.0,8.3,-1105.0,91.7,89.0,0,0.0
1111,RF,R,Cam Smith,Zac Gallen,R,1,HOU,ARI,away,3.43,HOU,701358.0,870.0,800.0,9.8,920.0,-50.0,0,2025-07-21,800.0,11.1,-801.0,88.9,90.2,0,0.0
1112,LF,R,Jose Altuve,Zac Gallen,R,2,HOU,ARI,away,4.22,HOU,514888.0,600.0,600.0,12.1,726.0,-126.0,0,2025-07-21,600.0,14.299999999999999,-599.0,85.7,87.9,0,0.0
1113,DH,S,Victor Caratini,Zac Gallen,R,3,HOU,ARI,away,4.99,HOU,605170.0,560.0,650.0,14.3,599.0,51.0,0,2025-07-21,560.0,15.2,-558.0,84.8,85.7,0,0.0
1114,1B,R,Christian Walker,Zac Gallen,R,4,HOU,ARI,away,5.39,HOU,572233.0,520.0,390.0,15.4,549.0,-29.0,0,2025-07-21,390.0,20.4,-390.0,79.6,84.6,0,0.0
1115,CF,L,Taylor Trammell,Zac Gallen,R,6,HOU,ARI,away,4.75,HOU,666211.0,700.0,600.0,13.6,635.0,65.0,0,2025-07-21,600.0,14.299999999999999,-599.0,85.7,86.4,0,0.0
1116,3B,R,Mauricio Dubon,Zac Gallen,R,7,HOU,ARI,away,2.73,HOU,643289.0,1100.0,950.0,7.8,1182.0,-82.0,0,2025-07-21,950.0,9.5,-953.0,90.5,92.2,0,0.0
1117,SS,R,Zack Short,Zac Gallen,R,8,HOU,ARI,away,2.81,HOU,670097.0,,,8.0,1150.0,,0,2025-07-21,,,,,92.0,0,0.0
1118,DH,S,Ketel Marte,Colton Gordon,L,1,HOU,ARI,home,6.88,ARI,606466.0,320.0,330.0,19.7,408.0,-78.0,0,2025-07-21,320.0,23.799999999999997,-320.0,76.2,80.3,0,0.0
1119,CF,L,Corbin Carroll,Colton Gordon,L,2,HOU,ARI,home,5.58,ARI,682998.0,480.0,500.0,16.0,525.0,-25.0,0,2025-07-21,480.0,17.2,-481.0,82.8,84.0,0,0.0
1120,LF,R,Lourdes Gurriel,Colton Gordon,L,3,HOU,ARI,home,4.91,ARI,666971.0,600.0,600.0,14.000000000000002,614.0,-14.0,0,2025-07-21,600.0,14.299999999999999,-599.0,85.7,86.0,0,0.0
1121,3B,R,Eugenio Suarez,Colton Gordon,L,4,HOU,ARI,home,6.15,ARI,553993.0,290.0,270.0,17.599999999999998,468.0,-178.0,1,2025-07-21,270.0,27.0,-270.0,73.0,82.4,0,0.0
1122,1B,L,Josh Naylor,Colton Gordon,L,5,HOU,ARI,home,3.77,ARI,647304.0,800.0,600.0,10.8,826.0,-26.0,0,2025-07-21,600.0,14.299999999999999,-599.0,85.7,89.2,0,0.0
1123,RF,R,Randal Grichuk,Colton Gordon,L,6,HOU,ARI,home,6.1,ARI,545341.0,500.0,500.0,17.4,475.0,25.0,0,2025-07-21,500.0,16.7,-499.0,83.3,82.6,0,0.0
1124,C,R,James McCann,Colton Gordon,L,7,HOU,ARI,home,5.41,ARI,543510.0,630.0,700.0,15.5,545.0,155.0,0,2025-07-21,630.0,13.700000000000001,-630.0,86.3,84.5,0,0.0
1125,2B,R,Blaze Alexander,Colton Gordon,L,8,HOU,ARI,home,5.09,ARI,677942.0,900.0,900.0,14.6,585.0,315.0,0,2025-07-21,900.0,10.0,-900.0,90.0,85.4,0,0.0
1126,SS,S,Geraldo Perdomo,Colton Gordon,L,9,HOU,ARI,home,1.53,ARI,672695.0,1300.0,1000.0,4.4,2173.0,-873.0,0,2025-07-21,1000.0,9.1,-999.0,90.9,95.6,1,1.0
1127,CF,R,Byron Buxton,Dustin May,R,1,MIN,LAD,away,6.8,MIN,621439.0,310.0,235.0,19.4,415.0,-105.0,1,2025-07-21,235.0,29.9,-234.0,70.1,80.6,0,0.0
1128,LF,S,Willi Castro,Dustin May,R,2,MIN,LAD,away,4.84,MIN,650489.0,700.0,750.0,13.8,625.0,125.0,0,2025-07-21,700.0,12.5,-700.0,87.5,86.2,0,0.0
1129,DH,L,Trevor Larnach,Dustin May,R,3,MIN,LAD,away,5.62,MIN,663616.0,540.0,380.0,16.1,521.0,19.0,0,2025-07-21,380.0,20.8,-381.0,79.2,83.9,0,0.0
1130,C,R,Ryan Jeffers,Dustin May,R,4,MIN,LAD,away,5.19,MIN,680777.0,,390.0,14.8,576.0,,0,2025-07-21,,,,,85.2,0,0.0
1131,SS,R,Carlos Correa,Dustin May,R,5,MIN,LAD,away,5.19,MIN,621043.0,520.0,450.0,14.8,576.0,-56.0,0,2025-07-21,450.0,18.2,-449.0,81.8,85.2,0,0.0
1132,2B,S,Brooks Lee,Dustin May,R,6,MIN,LAD,away,4.12,MIN,686797.0,,700.0,11.8,747.0,,0,2025-07-21,,,,,88.2,0,0.0
1133,RF,L,Matt Wallner,Dustin May,R,7,MIN,LAD,away,6.71,MIN,670242.0,400.0,390.0,19.2,421.0,-21.0,0,2025-07-21,390.0,20.4,-390.0,79.6,80.8,0,0.0
1134,3B,R,Royce Lewis,Dustin May,R,8,MIN,LAD,away,5.77,MIN,668904.0,600.0,450.0,16.5,506.0,94.0,0,2025-07-21,450.0,18.2,-449.0,81.8,83.5,0,0.0
1135,1B,L,Kody Clemens,Dustin May,R,9,MIN,LAD,away,6.02,MIN,665019.0,400.0,380.0,17.2,481.0,-81.0,0,2025-07-21,380.0,20.8,-381.0,79.2,82.8,0,0.0
1136,DH,L,Shohei Ohtani,David Festa,R,1,MIN,LAD,home,10.15,LAD,660271.0,172.0,135.0,29.0,245.0,-73.0,1,2025-07-21,135.0,42.6,-135.0,57.4,71.0,0,0.0
1137,SS,R,Mookie Betts,David Festa,R,2,MIN,LAD,home,5.0,LAD,605141.0,430.0,295.0,14.3,599.0,-169.0,0,2025-07-21,295.0,25.3,-295.0,74.7,85.7,0,0.0
1138,1B,L,Freddie Freeman,David Festa,R,3,MIN,LAD,home,6.23,LAD,518692.0,,,17.8,462.0,,0,2025-07-21,,,,,82.2,0,0.0
1139,C,R,Will Smith,David Festa,R,4,MIN,LAD,home,6.39,LAD,669257.0,340.0,350.0,18.3,446.0,-96.0,1,2025-07-21,340.0,22.7,-341.0,77.3,81.7,0,0.0
1140,RF,R,Teoscar Hernandez,David Festa,R,5,MIN,LAD,home,6.66,LAD,606192.0,340.0,285.0,19.0,426.0,-86.0,0,2025-07-21,285.0,26.0,-285.0,74.0,81.0,0,0.0
1141,CF,R,Andy Pages,David Festa,R,6,MIN,LAD,home,5.36,LAD,681624.0,390.0,300.0,15.3,554.0,-164.0,1,2025-07-21,300.0,25.0,-300.0,75.0,84.7,0,0.0
1142,LF,L,Michael Conforto,David Festa,R,7,MIN,LAD,home,5.55,LAD,624424.0,470.0,400.0,15.9,529.0,-59.0,0,2025-07-21,400.0,20.0,-400.0,80.0,84.1,0,0.0
1143,3B,S,Tommy Edman,David Festa,R,8,MIN,LAD,home,2.28,LAD,669242.0,750.0,650.0,6.5,1438.0,-688.0,0,2025-07-21,650.0,13.3,-652.0,86.7,93.5,0,0.0
1144,2B,L,Hyeseong Kim,David Festa,R,9,MIN,LAD,home,3.69,LAD,808975.0,870.0,850.0,10.6,843.0,27.0,0,2025-07-21,850.0,10.5,-852.0,89.5,89.4,0,0.0
1145,1B,L,Colt Keith,Jake Irvin,R,1,DET,WSH,away,6.9,DET,690993.0,450.0,390.0,19.900000000000002,403.0,47.0,0,2025-07-03,390.0,20.4,-390.0,79.6,80.1,0,0.0
1146,2B,R,Gleyber Torres,Jake Irvin,R,2,DET,WSH,away,4.86,DET,650402.0,630.0,475.0,14.000000000000002,614.0,16.0,0,2025-07-03,475.0,17.4,-475.0,82.6,86.0,0,0.0
1147,LF,L,Riley Greene,Jake Irvin,R,4,DET,WSH,away,7.08,DET,682985.0,310.0,250.0,20.4,390.0,-80.0,0,2025-07-03,250.0,28.599999999999998,-250.0,71.4,79.6,0,0.0
1148,DH,R,Spencer Torkelson,Jake Irvin,R,5,DET,WSH,away,5.37,DET,679529.0,360.0,380.0,15.5,545.0,-165.0,1,2025-07-03,360.0,21.7,-361.0,78.3,84.5,0,0.0
1149,3B,L,Zach McKinstry,Jake Irvin,R,6,DET,WSH,away,4.33,DET,656716.0,800.0,650.0,12.5,700.0,100.0,0,2025-07-03,650.0,13.3,-652.0,86.7,87.5,0,0.0
1150,C,R,Dillon Dingler,Jake Irvin,R,7,DET,WSH,away,4.52,DET,693307.0,600.0,475.0,13.0,669.0,-69.0,0,2025-07-03,475.0,17.4,-475.0,82.6,87.0,0,0.0
1151,CF,L,Parker Meadows,Jake Irvin,R,8,DET,WSH,away,5.59,DET,678009.0,630.0,500.0,16.1,521.0,109.0,0,2025-07-03,500.0,16.7,-499.0,83.3,83.9,0,0.0
1152,SS,L,CJ Abrams,Dietrich Enns,L,1,DET,WSH,home,3.98,WSH,682928.0,450.0,475.0,11.5,770.0,-295.0,0,2025-07-03,450.0,18.2,-449.0,81.8,88.5,0,0.0
1153,LF,L,James Wood,Dietrich Enns,L,2,DET,WSH,home,5.6,WSH,695578.0,420.0,350.0,16.1,521.0,-101.0,1,2025-07-03,350.0,22.2,-350.0,77.8,83.9,0,0.0
1154,2B,R,Amed Rosario,Dietrich Enns,L,3,DET,WSH,home,4.9,WSH,642708.0,680.0,600.0,14.099999999999998,609.0,71.0,0,2025-07-03,600.0,14.299999999999999,-599.0,85.7,85.9,0,0.0
1155,1B,L,Nathaniel Lowe,Dietrich Enns,L,4,DET,WSH,home,3.61,WSH,663993.0,600.0,550.0,10.4,862.0,-262.0,0,2025-07-03,550.0,15.4,-549.0,84.6,89.6,0,0.0
1156,RF,R,Alex Call,Dietrich Enns,L,5,DET,WSH,home,4.07,WSH,669743.0,700.0,550.0,11.700000000000001,755.0,-55.0,0,2025-07-03,550.0,15.4,-549.0,84.6,88.3,0,0.0
1157,DH,R,Paul DeJong,Dietrich Enns,L,6,DET,WSH,home,3.53,WSH,657557.0,470.0,450.0,10.2,880.0,-410.0,1,2025-07-03,450.0,18.2,-449.0,81.8,89.8,0,0.0
1158,C,R,Riley Adams,Dietrich Enns,L,8,DET,WSH,home,4.81,WSH,656180.0,600.0,550.0,13.8,625.0,-25.0,0,2025-07-03,550.0,15.4,-549.0,84.6,86.2,0,0.0
1159,CF,R,Jacob Young,Dietrich Enns,L,9,DET,WSH,home,2.59,WSH,696285.0,1300.0,1100.0,7.5,1233.0,67.0,0,2025-07-03,1100.0,8.3,-1105.0,91.7,92.5,0,0.0
1160,CF,L,Trent Grisham,Chris Bassitt,R,1,NYY,TOR,away,6.71,NYY,663757.0,480.0,475.0,19.3,418.0,62.0,1,2025-07-03,475.0,17.4,-475.0,82.6,80.7,0,0.0
1161,1B,L,Ben Rice,Chris Bassitt,R,2,NYY,TOR,away,6.5,NYY,700250.0,390.0,360.0,18.7,435.0,-45.0,0,2025-07-03,360.0,21.7,-361.0,78.3,81.3,0,0.0
1162,DH,R,Aaron Judge,Chris Bassitt,R,3,NYY,TOR,away,9.93,NYY,592450.0,200.0,215.0,28.599999999999998,250.0,-35.0,0,2025-07-03,200.0,33.300000000000004,-200.0,66.69999999999999,71.4,0,0.0
1163,RF,L,Cody Bellinger,Chris Bassitt,R,4,NYY,TOR,away,4.71,NYY,641355.0,470.0,475.0,13.600000000000001,635.0,-160.0,0,2025-07-03,470.0,17.5,-471.0,82.5,86.4,0,0.0
1164,3B,L,Jazz Chisholm Jr.,Chris Bassitt,R,5,NYY,TOR,away,6.46,NYY,665862.0,400.0,425.0,18.6,438.0,-13.0,0,2025-07-03,400.0,20.0,-400.0,80.0,81.4,0,0.0
1165,SS,R,Anthony Volpe,Chris Bassitt,R,7,NYY,TOR,away,4.06,NYY,683011.0,630.0,600.0,11.700000000000001,755.0,-125.0,0,2025-07-03,600.0,14.299999999999999,-599.0,85.7,88.3,0,0.0
1166,C,L,Austin Wells,Chris Bassitt,R,8,NYY,TOR,away,5.1,NYY,669224.0,470.0,400.0,14.7,580.0,-110.0,0,2025-07-03,400.0,20.0,-400.0,80.0,85.3,0,0.0
1167,2B,R,Oswald Peraza,Chris Bassitt,R,9,NYY,TOR,away,4.92,NYY,672724.0,870.0,1000.0,14.2,604.0,396.0,0,2025-07-03,870.0,10.299999999999999,-871.0,89.7,85.8,0,0.0
1168,CF,L,Nathan Lukes,Clarke Schmidt,R,1,NYY,TOR,home,4.28,TOR,664770.0,900.0,900.0,12.3,713.0,187.0,0,2025-07-03,900.0,10.0,-900.0,90.0,87.7,0,0.0
1169,DH,R,George Springer,Clarke Schmidt,R,2,NYY,TOR,home,6.28,TOR,543807.0,430.0,360.0,18.099999999999998,452.0,-22.0,1,2025-07-03,360.0,21.7,-361.0,78.3,81.9,0,0.0
1170,1B,R,Vladimir Guerrero Jr.,Clarke Schmidt,R,3,NYY,TOR,home,6.46,TOR,665489.0,370.0,320.0,18.6,438.0,-68.0,0,2025-07-03,320.0,23.799999999999997,-320.0,76.2,81.4,0,0.0
1171,RF,L,Addison Barger,Clarke Schmidt,R,4,NYY,TOR,home,5.66,TOR,680718.0,500.0,475.0,16.3,513.0,-13.0,1,2025-07-03,475.0,17.4,-475.0,82.6,83.7,0,0.0
1172,C,R,Alejandro Kirk,Clarke Schmidt,R,5,NYY,TOR,home,4.51,TOR,672386.0,750.0,700.0,13.0,669.0,81.0,0,2025-07-03,700.0,12.5,-700.0,87.5,87.0,0,0.0
1173,SS,R,Ernie Clement,Clarke Schmidt,R,6,NYY,TOR,home,2.81,TOR,676391.0,900.0,700.0,8.1,1135.0,-235.0,0,2025-07-03,700.0,12.5,-700.0,87.5,91.9,0,0.0
1174,3B,L,Will Wagner,Clarke Schmidt,R,7,NYY,TOR,home,3.41,TOR,695238.0,900.0,900.0,9.8,920.0,-20.0,0,2025-07-03,900.0,10.0,-900.0,90.0,90.2,0,0.0
1175,LF,R,Davis Schneider,Clarke Schmidt,R,8,NYY,TOR,home,3.58,TOR,676914.0,680.0,550.0,10.299999999999999,871.0,-191.0,0,2025-07-03,550.0,15.4,-549.0,84.6,89.7,0,0.0
1176,CF,R,Jackson Chourio,David Peterson,L,1,MIL,NYM,away,5.26,MIL,694192.0,750.0,550.0,15.1,562.0,188.0,0,2025-07-03,550.0,15.4,-549.0,84.6,84.9,0,0.0
1177,C,R,William Contreras,David Peterson,L,2,MIL,NYM,away,4.73,MIL,661388.0,750.0,650.0,13.600000000000001,635.0,115.0,0,2025-07-03,650.0,13.3,-652.0,86.7,86.4,0,0.0
1178,DH,L,Christian Yelich,David Peterson,L,3,MIL,NYM,away,3.51,MIL,592885.0,800.0,750.0,10.100000000000001,890.0,-90.0,0,2025-07-03,750.0,11.799999999999999,-747.0,88.2,89.9,0,0.0
1179,1B,R,Rhys Hoskins,David Peterson,L,4,MIL,NYM,away,5.49,MIL,656555.0,500.0,475.0,15.8,533.0,-33.0,0,2025-07-03,475.0,17.4,-475.0,82.6,84.2,0,0.0
1180,LF,S,Isaac Collins,David Peterson,L,5,MIL,NYM,away,2.94,MIL,686555.0,870.0,700.0,8.5,1076.0,-206.0,0,2025-07-03,700.0,12.5,-700.0,87.5,91.5,0,0.0
1181,RF,L,Sal Frelick,David Peterson,L,6,MIL,NYM,away,2.23,MIL,686217.0,1500.0,1600.0,6.4,1462.0,138.0,0,2025-07-03,1500.0,6.2,-1513.0,93.8,93.6,0,0.0
1182,3B,R,Caleb Durbin,David Peterson,L,7,MIL,NYM,away,3.84,MIL,702332.0,1200.0,1000.0,11.1,801.0,399.0,0,2025-07-03,1000.0,9.1,-999.0,90.9,88.9,0,0.0
1183,2B,L,Brice Turang,David Peterson,L,8,MIL,NYM,away,2.82,MIL,668930.0,1400.0,1100.0,8.1,1135.0,265.0,0,2025-07-03,1100.0,8.3,-1105.0,91.7,91.9,0,0.0
1184,SS,R,Joey Ortiz,David Peterson,L,9,MIL,NYM,away,3.82,MIL,687401.0,900.0,700.0,11.0,809.0,91.0,0,2025-07-03,700.0,12.5,-700.0,87.5,89.0,0,0.0
1185,DH,R,Starling Marte,Jose Quintana,L,1,MIL,NYM,home,4.6,NYM,516782.0,700.0,800.0,13.200000000000001,658.0,142.0,0,2025-07-03,700.0,12.5,-700.0,87.5,86.8,0,0.0
1186,SS,S,Francisco Lindor,Jose Quintana,L,2,MIL,NYM,home,5.33,NYM,596019.0,430.0,450.0,15.299999999999999,554.0,-104.0,0,2025-07-03,430.0,18.9,-429.0,81.1,84.7,0,0.0
1187,RF,L,Juan Soto,Jose Quintana,L,3,MIL,NYM,home,6.74,NYM,665742.0,420.0,450.0,19.400000000000002,415.0,35.0,0,2025-07-03,420.0,19.2,-421.0,80.8,80.6,0,0.0
1188,1B,R,Pete Alonso,Jose Quintana,L,4,MIL,NYM,home,6.69,NYM,624413.0,340.0,330.0,19.3,418.0,-78.0,0,2025-07-03,330.0,23.3,-329.0,76.7,80.7,0,0.0
1189,LF,L,Brandon Nimmo,Jose Quintana,L,5,MIL,NYM,home,4.64,NYM,607043.0,680.0,550.0,13.4,646.0,34.0,1,2025-07-03,550.0,15.4,-549.0,84.6,86.6,0,0.0
1190,3B,R,Mark Vientos,Jose Quintana,L,6,MIL,NYM,home,5.18,NYM,668901.0,600.0,550.0,14.899999999999999,571.0,29.0,0,2025-07-03,550.0,15.4,-549.0,84.6,85.1,0,0.0
1191,C,R,Luis Torrens,Jose Quintana,L,7,MIL,NYM,home,6.26,NYM,620443.0,750.0,750.0,18.0,456.0,294.0,0,2025-07-03,750.0,11.799999999999999,-747.0,88.2,82.0,0,0.0
1192,CF,R,Tyrone Taylor,Jose Quintana,L,9,MIL,NYM,home,4.12,NYM,621438.0,830.0,700.0,11.899999999999999,740.0,90.0,0,2025-07-03,700.0,12.5,-700.0,87.5,88.1,0,0.0
1193,SS,R,Zach Neto,Bryce Elder,R,1,LAA,ATL,away,5.24,LAA,687263.0,430.0,400.0,15.1,562.0,-132.0,1,2025-07-03,400.0,20.0,-400.0,80.0,84.9,0,0.0
1194,1B,L,Nolan Schanuel,Bryce Elder,R,2,LAA,ATL,away,5.14,LAA,694384.0,900.0,900.0,14.799999999999999,576.0,324.0,1,2025-07-03,900.0,10.0,-900.0,90.0,85.2,0,0.0
1195,DH,R,Mike Trout,Bryce Elder,R,3,LAA,ATL,away,7.28,LAA,545361.0,300.0,290.0,21.0,376.0,-76.0,0,2025-07-03,290.0,25.6,-291.0,74.4,79.0,0,0.0
1196,LF,R,Taylor Ward,Bryce Elder,R,4,LAA,ATL,away,6.09,LAA,621493.0,360.0,380.0,17.5,471.0,-91.0,0,2025-07-03,360.0,21.7,-361.0,78.3,82.5,0,0.0
1197,CF,R,Jo Adell,Bryce Elder,R,5,LAA,ATL,away,5.81,LAA,666176.0,390.0,360.0,16.7,499.0,-109.0,0,2025-07-03,360.0,21.7,-361.0,78.3,83.3,0,0.0
1198,RF,R,Jorge Soler,Bryce Elder,R,6,LAA,ATL,away,5.15,LAA,624585.0,520.0,450.0,14.799999999999999,576.0,-56.0,0,2025-07-03,450.0,18.2,-449.0,81.8,85.2,0,0.0
1199,C,R,Logan O'Hoppe,Bryce Elder,R,7,LAA,ATL,away,5.17,LAA,681351.0,460.0,400.0,14.899999999999999,571.0,-111.0,0,2025-07-03,400.0,20.0,-400.0,80.0,85.1,0,0.0
1200,3B,S,Luis Rengifo,Bryce Elder,R,8,LAA,ATL,away,3.68,LAA,650859.0,900.0,950.0,10.6,843.0,107.0,0,2025-07-03,900.0,10.0,-900.0,90.0,89.4,0,0.0
1201,LF,L,Steven Kwan,Cade Horton,R,1,CLE,CHC,away,4.39,CLE,680757.0,1000.0,800.0,12.6,694.0,306.0,0,2025-07-03,800.0,11.1,-801.0,88.9,87.4,0,0.0
1202,DH,L,Kyle Manzardo,Cade Horton,R,2,CLE,CHC,away,5.88,CLE,700932.0,520.0,400.0,16.900000000000002,492.0,28.0,0,2025-07-03,400.0,20.0,-400.0,80.0,83.1,0,0.0
1203,1B,S,Carlos Santana,Cade Horton,R,4,CLE,CHC,away,4.6,CLE,467793.0,600.0,500.0,13.200000000000001,658.0,-58.0,0,2025-07-03,500.0,16.7,-499.0,83.3,86.8,0,0.0
1204,CF,R,Lane Thomas,Cade Horton,R,5,CLE,CHC,away,3.63,CLE,657041.0,600.0,500.0,10.4,862.0,-262.0,0,2025-07-03,500.0,16.7,-499.0,83.3,89.6,0,0.0
1205,RF,L,Nolan Jones,Cade Horton,R,6,CLE,CHC,away,5.91,CLE,666134.0,900.0,650.0,17.0,488.0,412.0,0,2025-07-03,650.0,13.3,-652.0,86.7,83.0,0,0.0
1206,C,L,Bo Naylor,Cade Horton,R,8,CLE,CHC,away,5.42,CLE,666310.0,600.0,425.0,15.6,541.0,59.0,0,2025-07-03,425.0,19.0,-426.0,81.0,84.4,0,0.0
1207,SS,S,Brayan Rocchio,Cade Horton,R,9,CLE,CHC,away,3.39,CLE,677587.0,1300.0,1000.0,9.8,920.0,380.0,0,2025-07-03,1000.0,9.1,-999.0,90.9,90.2,0,0.0
1208,RF,L,Mike Yastrzemski,Brandon Pfaadt,R,1,SF,ARI,away,5.61,SF,573262.0,540.0,475.0,16.1,521.0,19.0,0,2025-07-03,475.0,17.4,-475.0,82.6,83.9,0,0.0
1209,DH,L,Rafael Devers,Brandon Pfaadt,R,2,SF,ARI,away,6.69,SF,646240.0,340.0,330.0,19.3,418.0,-78.0,0,2025-07-03,330.0,23.3,-329.0,76.7,80.7,0,0.0
1210,LF,R,Heliot Ramos,Brandon Pfaadt,R,3,SF,ARI,away,4.52,SF,671218.0,470.0,450.0,13.0,669.0,-199.0,0,2025-07-03,450.0,18.2,-449.0,81.8,87.0,0,0.0
1211,CF,L,Jung Hoo Lee,Brandon Pfaadt,R,5,SF,ARI,away,4.21,SF,808982.0,900.0,800.0,12.1,726.0,174.0,0,2025-07-03,800.0,11.1,-801.0,88.9,87.9,0,0.0
1212,SS,R,Willy Adames,Brandon Pfaadt,R,6,SF,ARI,away,5.03,SF,642715.0,480.0,550.0,14.499999999999998,590.0,-40.0,0,2025-07-03,480.0,17.2,-481.0,82.8,85.5,0,0.0
1213,2B,R,Tyler Fitzgerald,Brandon Pfaadt,R,9,SF,ARI,away,3.21,SF,666149.0,900.0,850.0,9.2,987.0,-87.0,0,2025-07-03,850.0,10.5,-852.0,89.5,90.8,0,0.0
1214,DH,S,Ketel Marte,Robbie Ray,L,1,SF,ARI,home,6.18,ARI,606466.0,285.0,285.0,17.8,462.0,-177.0,1,2025-07-03,285.0,26.0,-285.0,74.0,82.2,0,0.0
1215,SS,S,Geraldo Perdomo,Robbie Ray,L,2,SF,ARI,home,2.94,ARI,672695.0,1060.0,950.0,8.5,1076.0,-16.0,0,2025-07-03,950.0,9.5,-953.0,90.5,91.5,0,0.0
1216,LF,R,Lourdes Gurriel Jr.,Robbie Ray,L,3,SF,ARI,home,4.37,ARI,666971.0,540.0,550.0,12.6,694.0,-144.0,0,2025-07-03,540.0,15.6,-541.0,84.4,87.4,0,0.0
1217,RF,R,Randal Grichuk,Robbie Ray,L,5,SF,ARI,home,5.46,ARI,545341.0,560.0,400.0,15.7,537.0,23.0,0,2025-07-03,400.0,20.0,-400.0,80.0,84.3,0,0.0
1218,2B,R,Blaze Alexander,Robbie Ray,L,6,SF,ARI,home,3.94,ARI,677942.0,870.0,650.0,11.3,785.0,85.0,0,2025-07-03,650.0,13.3,-652.0,86.7,88.7,0,0.0
1219,C,R,James McCann,Robbie Ray,L,7,SF,ARI,home,6.97,ARI,543510.0,800.0,600.0,20.1,398.0,402.0,0,2025-07-03,600.0,14.299999999999999,-599.0,85.7,79.9,0,0.0
1220,1B,R,Tim Tawa,Robbie Ray,L,8,SF,ARI,home,4.1,ARI,694374.0,830.0,650.0,11.799999999999999,747.0,83.0,0,2025-07-03,650.0,13.3,-652.0,86.7,88.2,0,0.0
1221,CF,L,Alek Thomas,Robbie Ray,L,9,SF,ARI,home,4.0,ARI,677950.0,900.0,900.0,11.5,770.0,130.0,0,2025-07-03,900.0,10.0,-900.0,90.0,88.5,0,0.0
1222,SS,L,J.P. Crawford,Seth Lugo,R,1,KC,SEA,home,4.65,SEA,641487.0,800.0,700.0,13.4,646.0,154.0,0,2025-07-03,700.0,12.5,-700.0,87.5,86.6,0,0.0
1223,C,S,Cal Raleigh,Seth Lugo,R,3,KC,SEA,home,7.22,SEA,663728.0,220.0,240.0,20.8,381.0,-141.0,0,2025-07-03,220.0,31.2,-221.0,68.8,79.2,0,0.0
1224,DH,S,Jorge Polanco,Seth Lugo,R,4,KC,SEA,home,5.12,SEA,593871.0,600.0,550.0,14.7,580.0,20.0,1,2025-07-03,550.0,15.4,-549.0,84.6,85.3,0,0.0
1225,LF,R,Randy Arozarena,Seth Lugo,R,5,KC,SEA,home,4.61,SEA,668227.0,450.0,450.0,13.3,652.0,-202.0,0,2025-07-03,450.0,18.2,-449.0,81.8,86.7,0,0.0
1226,1B,L,Luke Raley,Seth Lugo,R,6,KC,SEA,home,6.38,SEA,670042.0,500.0,475.0,18.4,443.0,57.0,0,2025-07-03,475.0,17.4,-475.0,82.6,81.6,0,0.0
1227,RF,L,Dominic Canzone,Seth Lugo,R,7,KC,SEA,home,5.78,SEA,686527.0,520.0,425.0,16.6,502.0,18.0,1,2025-07-03,425.0,19.0,-426.0,81.0,83.4,0,0.0
1228,3B,R,Ben Williamson,Seth Lugo,R,8,KC,SEA,home,2.97,SEA,810938.0,1100.0,900.0,8.5,1076.0,24.0,0,2025-07-03,900.0,10.0,-900.0,90.0,91.5,0,0.0
1229,2B,L,Cole Young,Seth Lugo,R,9,KC,SEA,home,3.9,SEA,702284.0,1060.0,900.0,11.200000000000001,793.0,267.0,0,2025-07-03,900.0,10.0,-900.0,90.0,88.8,0,0.0
1230,RF,L,Mike Tauchman,Dustin May,R,1,CWS,LAD,away,5.52,CWS,643565.0,560.0,600.0,15.9,529.0,71.0,0,2025-07-03,560.0,15.2,-558.0,84.8,84.1,0,0.0
1231,SS,R,Chase Meidroth,Dustin May,R,2,CWS,LAD,away,3.46,CWS,805367.0,1000.0,850.0,10.0,900.0,100.0,0,2025-07-03,850.0,10.5,-852.0,89.5,90.0,0,0.0
1232,LF,L,Andrew Benintendi,Dustin May,R,3,CWS,LAD,away,5.93,CWS,643217.0,600.0,600.0,17.1,485.0,115.0,0,2025-07-03,600.0,14.299999999999999,-599.0,85.7,82.9,0,0.0
1233,1B,R,Miguel Vargas,Dustin May,R,4,CWS,LAD,away,4.88,CWS,678246.0,480.0,425.0,14.000000000000002,614.0,-134.0,0,2025-07-03,425.0,19.0,-426.0,81.0,86.0,0,0.0
1234,C,L,Kyle Teel,Dustin May,R,5,CWS,LAD,away,5.6,CWS,691019.0,800.0,700.0,16.1,521.0,279.0,0,2025-07-03,700.0,12.5,-700.0,87.5,83.9,0,0.0
1235,2B,R,Lenyn Sosa,Dustin May,R,6,CWS,LAD,away,4.57,CWS,672820.0,750.0,650.0,13.200000000000001,658.0,92.0,0,2025-07-03,650.0,13.3,-652.0,86.7,86.8,0,0.0
1236,3B,L,Josh Rojas,Dustin May,R,8,CWS,LAD,away,4.74,CWS,668942.0,1060.0,1000.0,13.600000000000001,635.0,425.0,0,2025-07-03,1000.0,9.1,-999.0,90.9,86.4,0,0.0
1237,DH,L,Shohei Ohtani,Aaron Civale,R,1,CWS,LAD,home,10.35,LAD,660271.0,144.0,120.0,29.799999999999997,236.0,-92.0,0,2025-07-03,120.0,45.5,-120.0,54.5,70.2,0,0.0
1238,SS,R,Mookie Betts,Aaron Civale,R,2,CWS,LAD,home,5.0,LAD,605141.0,420.0,360.0,14.399999999999999,594.0,-174.0,1,2025-07-03,360.0,21.7,-361.0,78.3,85.6,0,0.0
1239,1B,L,Freddie Freeman,Aaron Civale,R,3,CWS,LAD,home,6.2,LAD,518692.0,390.0,320.0,17.8,462.0,-72.0,0,2025-07-03,320.0,23.799999999999997,-320.0,76.2,82.2,0,0.0
1240,CF,R,Andy Pages,Aaron Civale,R,6,CWS,LAD,home,5.18,LAD,681624.0,300.0,255.0,14.899999999999999,571.0,-271.0,0,2025-07-03,255.0,28.199999999999996,-255.0,71.80000000000001,85.1,0,0.0
1241,LF,L,Michael Conforto,Aaron Civale,R,7,CWS,LAD,home,4.73,LAD,624424.0,420.0,330.0,13.600000000000001,635.0,-215.0,1,2025-07-03,330.0,23.3,-329.0,76.7,86.4,0,0.0
1242,2B,S,Tommy Edman,Aaron Civale,R,9,CWS,LAD,home,3.66,LAD,669242.0,560.0,550.0,10.5,852.0,-292.0,0,2025-07-03,550.0,15.4,-549.0,84.6,89.5,0,0.0
1243,2B,L,Brendan Donovan,Colin Rea,R,1,STL,CHC,away,5.21,STL,680977.0,560.0,550.0,15.0,567.0,-7.0,1,2025-07-04,550.0,15.4,-549.0,84.6,85.0,0,0.0
1244,SS,R,Masyn Winn,Colin Rea,R,2,STL,CHC,away,3.94,STL,691026.0,520.0,425.0,11.3,785.0,-265.0,0,2025-07-04,425.0,19.0,-426.0,81.0,88.7,0,0.0
1245,RF,L,Alec Burleson,Colin Rea,R,3,STL,CHC,away,5.56,STL,676475.0,370.0,380.0,16.0,525.0,-145.0,0,2025-07-04,370.0,21.3,-369.0,78.7,84.0,0,0.0
1246,C,R,William Contreras,Sandy Alcantara,R,4,MIL,MIA,away,4.45,MIL,661388.0,630.0,550.0,12.8,681.0,-51.0,0,2025-07-04,550.0,15.4,-549.0,84.6,87.2,0,0.0
1247,LF,L,Lars Nootbaar,Colin Rea,R,5,STL,CHC,away,5.64,STL,663457.0,420.0,450.0,16.2,517.0,-67.0,0,2025-07-04,420.0,19.2,-421.0,80.8,83.8,0,0.0
1248,3B,R,Nolan Arenado,Colin Rea,R,6,STL,CHC,away,3.38,STL,571448.0,480.0,550.0,9.700000000000001,931.0,-381.0,0,2025-07-04,480.0,17.2,-481.0,82.8,90.3,0,0.0
1249,DH,L,Nolan Gorman,Colin Rea,R,7,STL,CHC,away,6.15,STL,669357.0,350.0,360.0,17.7,465.0,-105.0,0,2025-07-04,350.0,22.2,-350.0,77.8,82.3,0,0.0
1250,C,R,Pedro Pages,Colin Rea,R,8,STL,CHC,away,3.66,STL,686780.0,520.0,550.0,10.5,852.0,-302.0,0,2025-07-04,520.0,16.1,-521.0,83.9,89.5,0,0.0
1251,LF,S,Ian Happ,Miles Mikolas,R,1,STL,CHC,home,6.37,CHC,664023.0,350.0,340.0,18.3,446.0,-96.0,0,2025-07-04,340.0,22.7,-341.0,77.3,81.7,0,0.0
1252,RF,L,Kyle Tucker,Miles Mikolas,R,2,STL,CHC,home,7.2,CHC,663656.0,280.0,370.0,20.7,383.0,-13.0,0,2025-07-04,280.0,26.3,-280.0,73.7,79.3,0,0.0
1253,DH,R,Seiya Suzuki,Miles Mikolas,R,3,STL,CHC,home,6.15,CHC,673548.0,285.0,320.0,17.7,465.0,-145.0,1,2025-07-04,285.0,26.0,-285.0,74.0,82.3,0,0.0
1254,CF,L,Pete Crow-Armstrong,Miles Mikolas,R,4,STL,CHC,home,6.27,CHC,691718.0,340.0,340.0,18.0,456.0,-116.0,1,2025-07-04,340.0,22.7,-341.0,77.3,82.0,0,0.0
1255,SS,R,Dansby Swanson,Miles Mikolas,R,5,STL,CHC,home,4.78,CHC,621020.0,430.0,425.0,13.8,625.0,-195.0,1,2025-07-04,425.0,19.0,-426.0,81.0,86.2,0,0.0
1256,1B,L,Michael Busch,Miles Mikolas,R,6,STL,CHC,home,7.05,CHC,683737.0,430.0,450.0,20.3,393.0,57.0,1,2025-07-04,430.0,18.9,-429.0,81.1,79.7,0,0.0
1257,C,R,Carson Kelly,Miles Mikolas,R,7,STL,CHC,home,3.9,CHC,608348.0,500.0,500.0,11.200000000000001,793.0,-293.0,1,2025-07-04,500.0,16.7,-499.0,83.3,88.8,0,0.0
1258,2B,R,Nico Hoerner,Miles Mikolas,R,8,STL,CHC,home,3.08,CHC,663538.0,1060.0,1200.0,8.9,1024.0,176.0,0,2025-07-04,1060.0,8.6,-1063.0,91.4,91.1,0,0.0
1259,3B,R,Matt Shaw,Miles Mikolas,R,9,STL,CHC,home,3.69,CHC,807713.0,800.0,900.0,10.6,843.0,57.0,0,2025-07-04,800.0,11.1,-801.0,88.9,89.4,0,0.0
1260,LF,S,Jasson Dominguez,Justin Hagenman,R,1,NYY,NYM,away,4.25,NYY,691176.0,540.0,475.0,12.2,720.0,-180.0,1,2025-07-04,475.0,17.4,-475.0,82.6,87.8,0,0.0
1261,RF,R,Aaron Judge,Justin Hagenman,R,2,NYY,NYM,away,7.56,NYY,592450.0,172.0,165.0,21.8,359.0,-187.0,1,2025-07-04,165.0,37.7,-165.0,62.3,78.2,0,0.0
1262,CF,L,Cody Bellinger,Justin Hagenman,R,3,NYY,NYM,away,2.68,NYY,641355.0,520.0,450.0,7.7,1199.0,-679.0,1,2025-07-04,450.0,18.2,-449.0,81.8,92.3,0,0.0
1263,DH,R,Giancarlo Stanton,Justin Hagenman,R,4,NYY,NYM,away,3.7,NYY,519317.0,290.0,275.0,10.6,843.0,-553.0,0,2025-07-04,275.0,26.700000000000003,-275.0,73.3,89.4,0,0.0
1264,3B,L,Jazz Chisholm Jr.,Justin Hagenman,R,5,NYY,NYM,away,3.42,NYY,665862.0,400.0,320.0,9.8,920.0,-520.0,0,2025-07-04,320.0,23.799999999999997,-320.0,76.2,90.2,0,0.0
1265,1B,R,Paul Goldschmidt,Justin Hagenman,R,6,NYY,NYM,away,3.15,NYY,502671.0,600.0,450.0,9.1,999.0,-399.0,0,2025-07-04,450.0,18.2,-449.0,81.8,90.9,0,0.0
1266,C,L,J.C. Escarra,Justin Hagenman,R,7,NYY,NYM,away,2.67,NYY,641555.0,680.0,600.0,7.7,1199.0,-519.0,0,2025-07-04,600.0,14.299999999999999,-599.0,85.7,92.3,0,0.0
1267,SS,R,Anthony Volpe,Justin Hagenman,R,8,NYY,NYM,away,3.27,NYY,683011.0,870.0,850.0,9.4,964.0,-94.0,0,2025-07-04,850.0,10.5,-852.0,89.5,90.6,0,0.0
1268,2B,R,DJ LeMahieu,Justin Hagenman,R,9,NYY,NYM,away,3.14,NYY,518934.0,1060.0,1000.0,9.0,1011.0,49.0,0,2025-07-04,1000.0,9.1,-999.0,90.9,91.0,0,0.0
1269,LF,L,Brandon Nimmo,Marcus Stroman,R,1,NYY,NYM,home,6.0,NYM,607043.0,470.0,400.0,17.299999999999997,478.0,-8.0,0,2025-07-04,400.0,20.0,-400.0,80.0,82.7,0,0.0
1270,SS,S,Francisco Lindor,Marcus Stroman,R,2,NYY,NYM,home,5.88,NYM,596019.0,400.0,370.0,16.900000000000002,492.0,-92.0,0,2025-07-04,370.0,21.3,-369.0,78.7,83.1,0,0.0
1271,RF,L,Juan Soto,Marcus Stroman,R,3,NYY,NYM,home,8.41,NYM,665742.0,340.0,320.0,24.2,313.0,27.0,1,2025-07-04,320.0,23.799999999999997,-320.0,76.2,75.8,0,0.0
1272,1B,R,Pete Alonso,Marcus Stroman,R,4,NYY,NYM,home,6.53,NYM,624413.0,320.0,240.0,18.8,432.0,-112.0,0,2025-07-04,240.0,29.4,-240.0,70.6,81.2,0,0.0
1273,2B,L,Jeff McNeil,Marcus Stroman,R,5,NYY,NYM,home,3.88,NYM,643446.0,800.0,650.0,11.200000000000001,793.0,7.0,1,2025-07-04,650.0,13.3,-652.0,86.7,88.8,0,0.0
1274,C,R,Luis Torrens,Marcus Stroman,R,6,NYY,NYM,home,5.97,NYM,620443.0,830.0,750.0,17.2,481.0,349.0,0,2025-07-04,750.0,11.799999999999999,-747.0,88.2,82.8,0,0.0
1275,3B,L,Brett Baty,Marcus Stroman,R,7,NYY,NYM,home,5.78,NYM,683146.0,630.0,600.0,16.6,502.0,128.0,1,2025-07-04,600.0,14.299999999999999,-599.0,85.7,83.4,0,0.0
1276,DH,S,Ronny Mauricio,Marcus Stroman,R,8,NYY,NYM,home,3.92,NYM,677595.0,630.0,600.0,11.3,785.0,-155.0,0,2025-07-04,600.0,14.299999999999999,-599.0,85.7,88.7,0,0.0
1277,CF,R,Tyrone Taylor,Marcus Stroman,R,9,NYY,NYM,home,3.78,NYM,621438.0,900.0,750.0,10.9,817.0,83.0,0,2025-07-04,750.0,11.799999999999999,-747.0,88.2,89.1,0,0.0
1278,RF,L,Josh Lowe,Chris Paddack,R,1,TB,MIN,away,6.14,TB,666139.0,340.0,295.0,17.7,465.0,-125.0,0,2025-07-04,295.0,25.3,-295.0,74.7,82.3,0,0.0
1279,DH,R,Yandy Diaz,Chris Paddack,R,2,TB,MIN,away,4.98,TB,650490.0,420.0,360.0,14.299999999999999,599.0,-179.0,0,2025-07-04,360.0,21.7,-361.0,78.3,85.7,0,0.0
1280,2B,L,Brandon Lowe,Chris Paddack,R,3,TB,MIN,away,6.66,TB,664040.0,220.0,270.0,19.2,421.0,-151.0,0,2025-07-04,220.0,31.2,-221.0,68.8,80.8,0,0.0
1281,3B,R,Junior Caminero,Chris Paddack,R,4,TB,MIN,away,6.42,TB,691406.0,285.0,300.0,18.5,441.0,-141.0,0,2025-07-04,285.0,26.0,-285.0,74.0,81.5,0,0.0
1282,1B,L,Jonathan Aranda,Chris Paddack,R,5,TB,MIN,away,6.87,TB,666018.0,290.0,270.0,19.8,405.0,-115.0,0,2025-07-04,270.0,27.0,-270.0,73.0,80.2,0,0.0
1283,LF,S,Jake Mangum,Chris Paddack,R,6,TB,MIN,away,3.84,TB,663968.0,600.0,550.0,11.1,801.0,-201.0,0,2025-07-04,550.0,15.4,-549.0,84.6,88.9,0,0.0
1284,SS,R,Ha-Seong Kim,Chris Paddack,R,7,TB,MIN,away,3.87,TB,673490.0,700.0,700.0,11.1,801.0,-101.0,0,2025-07-04,700.0,12.5,-700.0,87.5,88.9,0,0.0
1285,CF,L,Chandler Simpson,Chris Paddack,R,8,TB,MIN,away,3.46,TB,802415.0,900.0,1000.0,10.0,900.0,100.0,0,2025-07-04,900.0,10.0,-900.0,90.0,90.0,0,0.0
1286,C,R,Danny Jansen,Chris Paddack,R,9,TB,MIN,away,3.57,TB,643376.0,520.0,550.0,10.299999999999999,871.0,-321.0,0,2025-07-04,520.0,16.1,-521.0,83.9,89.7,0,0.0
1287,CF,R,Byron Buxton,Zack Littell,R,1,TB,MIN,home,6.48,MIN,621439.0,196.0,205.0,18.7,435.0,-230.0,0,2025-07-04,196.0,33.800000000000004,-196.0,66.19999999999999,81.3,0,0.0
1288,2B,S,Willi Castro,Zack Littell,R,2,TB,MIN,home,4.84,MIN,650489.0,480.0,425.0,13.900000000000002,619.0,-139.0,0,2025-07-04,425.0,19.0,-426.0,81.0,86.1,0,0.0
1289,RF,L,Trevor Larnach,Zack Littell,R,3,TB,MIN,home,6.23,MIN,663616.0,340.0,300.0,17.9,459.0,-119.0,0,2025-07-04,300.0,25.0,-300.0,75.0,82.1,0,0.0
1290,SS,R,Carlos Correa,Zack Littell,R,4,TB,MIN,home,4.34,MIN,621043.0,500.0,500.0,12.5,700.0,-200.0,0,2025-07-04,500.0,16.7,-499.0,83.3,87.5,0,0.0
1291,C,R,Ryan Jeffers,Zack Littell,R,5,TB,MIN,home,4.96,MIN,680777.0,420.0,425.0,14.299999999999999,599.0,-174.0,0,2025-07-04,420.0,19.2,-421.0,80.8,85.7,0,0.0
1292,DH,L,Matt Wallner,Zack Littell,R,6,TB,MIN,home,7.41,MIN,670242.0,240.0,240.0,21.3,369.0,-129.0,0,2025-07-04,240.0,29.4,-240.0,70.6,78.7,0,0.0
1293,3B,R,Royce Lewis,Zack Littell,R,7,TB,MIN,home,5.72,MIN,668904.0,370.0,380.0,16.5,506.0,-126.0,0,2025-07-04,370.0,21.3,-369.0,78.7,83.5,0,0.0
1294,1B,R,Ty France,Zack Littell,R,8,TB,MIN,home,4.44,MIN,664034.0,630.0,650.0,12.8,681.0,-31.0,0,2025-07-04,630.0,13.700000000000001,-630.0,86.3,87.2,0,0.0
1295,LF,R,Harrison Bader,Zack Littell,R,9,TB,MIN,home,4.53,MIN,664056.0,750.0,700.0,13.0,669.0,81.0,1,2025-07-04,700.0,12.5,-700.0,87.5,87.0,0,0.0
1296,1B,L,Spencer Horwitz,Bryan Woo,R,1,PIT,SEA,away,5.08,PIT,687462.0,630.0,500.0,14.6,585.0,45.0,0,2025-07-04,500.0,16.7,-499.0,83.3,85.4,0,0.0
1297,DH,R,Andrew McCutchen,Bryan Woo,R,2,PIT,SEA,away,4.45,PIT,457705.0,630.0,550.0,12.8,681.0,-51.0,0,2025-07-04,550.0,15.4,-549.0,84.6,87.2,0,0.0
1298,RF,S,Bryan Reynolds,Bryan Woo,R,3,PIT,SEA,away,5.44,PIT,668804.0,600.0,500.0,15.7,537.0,63.0,0,2025-07-04,500.0,16.7,-499.0,83.3,84.3,0,0.0
1299,2B,R,Nick Gonzales,Bryan Woo,R,4,PIT,SEA,away,3.42,PIT,693304.0,830.0,800.0,9.8,920.0,-90.0,0,2025-07-04,800.0,11.1,-801.0,88.9,90.2,0,0.0
1300,CF,L,Oneil Cruz,Bryan Woo,R,5,PIT,SEA,away,7.69,PIT,665833.0,430.0,350.0,22.1,352.0,78.0,0,2025-07-04,350.0,22.2,-350.0,77.8,77.9,0,0.0
1301,3B,R,Ke'Bryan Hayes,Bryan Woo,R,6,PIT,SEA,away,3.12,PIT,663647.0,1000.0,900.0,9.0,1011.0,-11.0,0,2025-07-04,900.0,10.0,-900.0,90.0,91.0,0,0.0
1302,LF,L,Adam Frazier,Bryan Woo,R,7,PIT,SEA,away,3.21,PIT,624428.0,900.0,1100.0,9.2,987.0,113.0,0,2025-07-04,900.0,10.0,-900.0,90.0,90.8,0,0.0
1303,C,R,Joey Bart,Bryan Woo,R,8,PIT,SEA,away,4.1,PIT,663698.0,900.0,950.0,11.799999999999999,747.0,203.0,0,2025-07-04,900.0,10.0,-900.0,90.0,88.2,0,0.0
1304,SS,R,Isiah Kiner-Falefa,Bryan Woo,R,9,PIT,SEA,away,2.4,PIT,643396.0,1400.0,1300.0,6.9,1349.0,51.0,0,2025-07-04,1300.0,7.1,-1308.0,92.9,93.1,0,0.0
1305,SS,L,J.P. Crawford,Bailey Falter,L,1,PIT,SEA,home,3.94,SEA,641487.0,830.0,600.0,11.3,785.0,45.0,0,2025-07-04,600.0,14.299999999999999,-599.0,85.7,88.7,0,0.0
1306,DH,S,Cal Raleigh,Bailey Falter,L,3,PIT,SEA,home,7.24,SEA,663728.0,250.0,230.0,20.8,381.0,-131.0,1,2025-07-04,230.0,30.3,-230.0,69.7,79.2,0,0.0
1307,LF,R,Randy Arozarena,Bailey Falter,L,4,PIT,SEA,home,6.24,SEA,668227.0,470.0,380.0,18.0,456.0,14.0,1,2025-07-04,380.0,20.8,-381.0,79.2,82.0,0,0.0
1308,1B,R,Donovan Solano,Bailey Falter,L,5,PIT,SEA,home,4.23,SEA,456781.0,830.0,700.0,12.2,720.0,110.0,0,2025-07-04,700.0,12.5,-700.0,87.5,87.8,0,0.0
1309,C,R,Mitch Garver,Bailey Falter,L,6,PIT,SEA,home,5.37,SEA,641598.0,480.0,425.0,15.5,545.0,-65.0,0,2025-07-04,425.0,19.0,-426.0,81.0,84.5,0,0.0
1310,RF,R,Dylan Moore,Bailey Falter,L,7,PIT,SEA,home,5.45,SEA,664238.0,800.0,650.0,15.7,537.0,263.0,1,2025-07-04,650.0,13.3,-652.0,86.7,84.3,0,0.0
1311,3B,R,Ben Williamson,Bailey Falter,L,8,PIT,SEA,home,3.47,SEA,810938.0,1060.0,800.0,10.0,900.0,160.0,0,2025-07-04,800.0,11.1,-801.0,88.9,90.0,0,0.0
1312,2B,L,Cole Young,Bailey Falter,L,9,PIT,SEA,home,3.45,SEA,702284.0,900.0,1000.0,9.9,910.0,90.0,0,2025-07-04,900.0,10.0,-900.0,90.0,90.1,0,0.0
1313,1B,L,Josh Smith,Randy Vasquez,R,1,TEX,SD,away,5.08,TEX,669701.0,680.0,600.0,14.6,585.0,95.0,0,2025-07-04,600.0,14.299999999999999,-599.0,85.7,85.4,0,0.0
1314,SS,L,Corey Seager,Randy Vasquez,R,2,TEX,SD,away,7.47,TEX,608369.0,330.0,320.0,21.5,365.0,-35.0,0,2025-07-04,320.0,23.799999999999997,-320.0,76.2,78.5,0,0.0
1315,2B,R,Marcus Semien,Randy Vasquez,R,3,TEX,SD,away,4.44,TEX,543760.0,500.0,475.0,12.8,681.0,-181.0,0,2025-07-04,475.0,17.4,-475.0,82.6,87.2,0,0.0
1316,RF,R,Adolis Garcia,Randy Vasquez,R,4,TEX,SD,away,6.29,TEX,666969.0,360.0,425.0,18.099999999999998,452.0,-27.0,0,2025-07-04,360.0,21.7,-361.0,78.3,81.9,0,0.0
1317,LF,L,Alejandro Osuna,Randy Vasquez,R,5,TEX,SD,away,5.27,TEX,696030.0,830.0,750.0,15.2,558.0,272.0,0,2025-07-04,750.0,11.799999999999999,-747.0,88.2,84.8,0,0.0
1318,C,S,Jonah Heim,Randy Vasquez,R,6,TEX,SD,away,4.48,TEX,641680.0,600.0,650.0,12.9,675.0,-25.0,0,2025-07-04,600.0,14.299999999999999,-599.0,85.7,87.1,0,0.0
1319,DH,R,Jake Burger,Randy Vasquez,R,7,TEX,SD,away,5.96,TEX,669394.0,400.0,390.0,17.2,481.0,-81.0,0,2025-07-04,390.0,20.4,-390.0,79.6,82.8,0,0.0
1320,CF,S,Sam Haggerty,Randy Vasquez,R,9,TEX,SD,away,2.87,TEX,664059.0,900.0,1000.0,8.3,1105.0,-105.0,0,2025-07-04,900.0,10.0,-900.0,90.0,91.7,0,0.0
1321,RF,R,Fernando Tatis Jr.,Kumar Rocker,R,1,TEX,SD,home,7.23,SD,665487.0,400.0,370.0,20.8,381.0,19.0,0,2025-07-04,370.0,21.3,-369.0,78.7,79.2,0,0.0
1322,CF,L,Jackson Merrill,Kumar Rocker,R,2,TEX,SD,home,6.12,SD,701538.0,470.0,425.0,17.599999999999998,468.0,2.0,0,2025-07-04,425.0,19.0,-426.0,81.0,82.4,0,0.0
1323,3B,R,Manny Machado,Kumar Rocker,R,3,TEX,SD,home,5.44,SD,592518.0,400.0,400.0,15.7,537.0,-137.0,1,2025-07-04,400.0,20.0,-400.0,80.0,84.3,0,0.0
1324,1B,L,Luis Arraez,Kumar Rocker,R,4,TEX,SD,home,3.04,SD,650333.0,1500.0,1300.0,8.7,1049.0,451.0,0,2025-07-04,1300.0,7.1,-1308.0,92.9,91.3,0,0.0
1325,LF,L,Gavin Sheets,Kumar Rocker,R,5,TEX,SD,home,4.85,SD,657757.0,520.0,450.0,14.000000000000002,614.0,-94.0,0,2025-07-04,450.0,18.2,-449.0,81.8,86.0,0,0.0
1326,SS,R,Xander Bogaerts,Kumar Rocker,R,6,TEX,SD,home,3.12,SD,593428.0,900.0,850.0,9.0,1011.0,-111.0,0,2025-07-04,850.0,10.5,-852.0,89.5,91.0,0,0.0
1327,2B,L,Jake Cronenworth,Kumar Rocker,R,7,TEX,SD,home,4.72,SD,630105.0,680.0,550.0,13.600000000000001,635.0,45.0,0,2025-07-04,550.0,15.4,-549.0,84.6,86.4,0,0.0
1328,DH,L,Trenton Brooks,Kumar Rocker,R,8,TEX,SD,home,4.95,SD,670092.0,750.0,600.0,14.2,604.0,146.0,0,2025-07-04,600.0,14.299999999999999,-599.0,85.7,85.8,0,0.0
1329,C,R,Martin Maldonado,Kumar Rocker,R,9,TEX,SD,home,4.11,SD,455117.0,1400.0,1200.0,11.799999999999999,747.0,653.0,0,2025-07-04,1200.0,7.7,-1199.0,92.3,88.2,0,0.0
1330,SS,R,Zach Neto,Eric Lauer,L,1,LAA,TOR,away,6.98,LAA,687263.0,350.0,300.0,20.1,398.0,-48.0,0,2025-07-04,300.0,25.0,-300.0,75.0,79.9,0,0.0
1331,1B,L,Nolan Schanuel,Eric Lauer,L,2,LAA,TOR,away,3.13,LAA,694384.0,870.0,800.0,9.0,1011.0,-141.0,0,2025-07-04,800.0,11.1,-801.0,88.9,91.0,0,0.0
1332,DH,R,Mike Trout,Eric Lauer,L,3,LAA,TOR,away,7.09,LAA,545361.0,290.0,320.0,20.4,390.0,-70.0,0,2025-07-04,290.0,25.6,-291.0,74.4,79.6,0,0.0
1333,LF,R,Taylor Ward,Eric Lauer,L,4,LAA,TOR,away,6.92,LAA,621493.0,330.0,360.0,19.900000000000002,403.0,-43.0,0,2025-07-04,330.0,23.3,-329.0,76.7,80.1,0,0.0
1334,CF,R,Jo Adell,Eric Lauer,L,5,LAA,TOR,away,6.45,LAA,666176.0,290.0,320.0,18.6,438.0,-118.0,1,2025-07-04,290.0,25.6,-291.0,74.4,81.4,0,0.0
1335,RF,R,Jorge Soler,Eric Lauer,L,6,LAA,TOR,away,5.47,LAA,624585.0,420.0,360.0,15.7,537.0,-117.0,0,2025-07-04,360.0,21.7,-361.0,78.3,84.3,0,0.0
1336,3B,S,Luis Rengifo,Eric Lauer,L,8,LAA,TOR,away,2.98,LAA,650859.0,630.0,650.0,8.6,1063.0,-413.0,0,2025-07-04,630.0,13.700000000000001,-630.0,86.3,91.4,0,0.0
1337,2B,R,Kevin Newman,Eric Lauer,L,9,LAA,TOR,away,2.84,LAA,621028.0,1060.0,950.0,8.200000000000001,1120.0,-60.0,0,2025-07-04,950.0,9.5,-953.0,90.5,91.8,0,0.0
1338,SS,R,Bo Bichette,Kyle Hendricks,R,1,LAA,TOR,home,5.2,TOR,666182.0,460.0,450.0,15.0,567.0,-107.0,0,2025-07-04,450.0,18.2,-449.0,81.8,85.0,0,0.0
1339,RF,L,Addison Barger,Kyle Hendricks,R,2,LAA,TOR,home,6.86,TOR,680718.0,370.0,360.0,19.7,408.0,-38.0,0,2025-07-04,360.0,21.7,-361.0,78.3,80.3,0,0.0
1340,C,R,Alejandro Kirk,Kyle Hendricks,R,4,LAA,TOR,home,5.68,TOR,672386.0,520.0,500.0,16.3,513.0,7.0,0,2025-07-04,500.0,16.7,-499.0,83.3,83.7,0,0.0
1341,DH,R,George Springer,Kyle Hendricks,R,5,LAA,TOR,home,6.6,TOR,543807.0,330.0,340.0,19.0,426.0,-86.0,0,2025-07-04,330.0,23.3,-329.0,76.7,81.0,0,0.0
1342,LF,L,Nathan Lukes,Kyle Hendricks,R,6,LAA,TOR,home,4.71,TOR,664770.0,870.0,800.0,13.600000000000001,635.0,235.0,0,2025-07-04,800.0,11.1,-801.0,88.9,86.4,0,0.0
1343,3B,R,Ernie Clement,Kyle Hendricks,R,7,LAA,TOR,home,3.63,TOR,676391.0,870.0,750.0,10.4,862.0,8.0,0,2025-07-04,750.0,11.799999999999999,-747.0,88.2,89.6,0,0.0
1344,2B,L,Andres Gimenez,Kyle Hendricks,R,8,LAA,TOR,home,4.21,TOR,665926.0,750.0,750.0,12.1,726.0,24.0,0,2025-07-04,750.0,11.799999999999999,-747.0,88.2,87.9,0,0.0
1345,DH,L,Colt Keith,Slade Cecconi,R,1,DET,CLE,away,7.47,DET,690993.0,500.0,450.0,21.5,365.0,135.0,0,2025-07-04,450.0,18.2,-449.0,81.8,78.5,0,0.0
1346,2B,R,Gleyber Torres,Slade Cecconi,R,2,DET,CLE,away,4.5,DET,650402.0,600.0,550.0,13.0,669.0,-69.0,0,2025-07-04,550.0,15.4,-549.0,84.6,87.0,0,0.0
1347,RF,S,Wenceel Perez,Slade Cecconi,R,3,DET,CLE,away,6.36,DET,672761.0,500.0,450.0,18.3,446.0,54.0,1,2025-07-04,450.0,18.2,-449.0,81.8,81.7,0,0.0
1348,LF,L,Riley Greene,Slade Cecconi,R,4,DET,CLE,away,8.37,DET,682985.0,320.0,310.0,24.099999999999998,315.0,5.0,0,2025-07-04,310.0,24.4,-310.0,75.6,75.9,0,0.0
1349,1B,R,Spencer Torkelson,Slade Cecconi,R,5,DET,CLE,away,5.08,DET,679529.0,440.0,450.0,14.6,585.0,-135.0,0,2025-07-04,440.0,18.5,-441.0,81.5,85.4,0,0.0
1350,3B,L,Zach McKinstry,Slade Cecconi,R,6,DET,CLE,away,4.29,DET,656716.0,750.0,600.0,12.3,713.0,37.0,1,2025-07-04,600.0,14.299999999999999,-599.0,85.7,87.7,0,0.0
1351,CF,L,Parker Meadows,Slade Cecconi,R,8,DET,CLE,away,5.34,DET,678009.0,500.0,500.0,15.4,549.0,-49.0,0,2025-07-04,500.0,16.7,-499.0,83.3,84.6,0,0.0
1352,RF,L,Sal Frelick,Sandy Alcantara,R,1,MIL,MIA,away,4.27,MIL,686217.0,1100.0,1000.0,12.3,713.0,387.0,0,2025-07-04,1000.0,9.1,-999.0,90.9,87.7,0,0.0
1353,CF,R,Jackson Chourio,Sandy Alcantara,R,2,MIL,MIA,away,4.98,MIL,694192.0,520.0,500.0,14.299999999999999,599.0,-79.0,0,2025-07-04,500.0,16.7,-499.0,83.3,85.7,0,0.0
1354,DH,L,Christian Yelich,Sandy Alcantara,R,3,MIL,MIA,away,6.14,MIL,592885.0,560.0,550.0,17.7,465.0,95.0,0,2025-07-04,550.0,15.4,-549.0,84.6,82.3,0,0.0
1355,2B,L,Brice Turang,Sandy Alcantara,R,5,MIL,MIA,away,4.86,MIL,668930.0,1100.0,850.0,14.000000000000002,614.0,486.0,0,2025-07-04,850.0,10.5,-852.0,89.5,86.0,0,0.0
1356,LF,S,Isaac Collins,Sandy Alcantara,R,7,MIL,MIA,away,3.63,MIL,686555.0,870.0,950.0,10.4,862.0,88.0,0,2025-07-04,870.0,10.299999999999999,-871.0,89.7,89.6,0,0.0
1357,3B,R,Caleb Durbin,Sandy Alcantara,R,8,MIL,MIA,away,3.24,MIL,702332.0,900.0,1100.0,9.3,975.0,125.0,0,2025-07-04,900.0,10.0,-900.0,90.0,90.7,0,0.0
1358,SS,R,Joey Ortiz,Sandy Alcantara,R,9,MIL,MIA,away,1.75,MIL,687401.0,1060.0,850.0,5.0,1900.0,-840.0,0,2025-07-04,850.0,10.5,-852.0,89.5,95.0,1,1.17
1359,2B,S,Xavier Edwards,Quinn Priester,R,1,MIL,MIA,home,2.75,MIA,669364.0,1400.0,1000.0,7.9,1166.0,234.0,0,2025-07-04,1000.0,9.1,-999.0,90.9,92.1,0,0.0
1360,RF,L,Jesus Sanchez,Quinn Priester,R,2,MIL,MIA,home,7.03,MIA,660821.0,540.0,450.0,20.200000000000003,395.0,145.0,0,2025-07-04,450.0,18.2,-449.0,81.8,79.8,0,0.0
1361,SS,R,Otto Lopez,Quinn Priester,R,3,MIL,MIA,home,4.07,MIA,672640.0,870.0,700.0,11.700000000000001,755.0,115.0,1,2025-07-04,700.0,12.5,-700.0,87.5,88.3,0,0.0
1362,C,R,Agustin Ramirez,Quinn Priester,R,4,MIL,MIA,home,3.91,MIA,682663.0,630.0,450.0,11.3,785.0,-155.0,0,2025-07-04,450.0,18.2,-449.0,81.8,88.7,0,0.0
1363,LF,L,Kyle Stowers,Quinn Priester,R,5,MIL,MIA,home,6.24,MIA,669065.0,480.0,500.0,18.0,456.0,44.0,0,2025-07-04,480.0,17.2,-481.0,82.8,82.0,0,0.0
1364,1B,R,Eric Wagaman,Quinn Priester,R,6,MIL,MIA,home,3.2,MIA,676572.0,900.0,850.0,9.2,987.0,-87.0,0,2025-07-04,850.0,10.5,-852.0,89.5,90.8,0,0.0
1365,DH,L,Liam Hicks,Quinn Priester,R,7,MIL,MIA,home,3.54,MIA,689414.0,1000.0,950.0,10.2,880.0,120.0,0,2025-07-04,950.0,9.5,-953.0,90.5,89.8,0,0.0
1366,3B,R,Connor Norby,Quinn Priester,R,8,MIL,MIA,home,3.77,MIA,681393.0,870.0,650.0,10.9,817.0,53.0,1,2025-07-04,650.0,13.3,-652.0,86.7,89.1,0,0.0
1367,CF,R,Dane Myers,Quinn Priester,R,9,MIL,MIA,home,4.39,MIA,667472.0,900.0,850.0,12.6,694.0,206.0,0,2025-07-04,850.0,10.5,-852.0,89.5,87.4,0,0.0
1368,2B,L,Jackson Holliday,Spencer Strider,R,1,BAL,ATL,away,6.6,BAL,702616.0,630.0,550.0,19.0,426.0,204.0,0,2025-07-04,550.0,15.4,-549.0,84.6,81.0,0,0.0
1369,SS,L,Gunnar Henderson,Spencer Strider,R,3,BAL,ATL,away,6.33,BAL,683002.0,480.0,500.0,18.2,449.0,51.0,0,2025-07-04,480.0,17.2,-481.0,82.8,81.8,0,0.0
1370,1B,L,Ryan O'Hearn,Spencer Strider,R,4,BAL,ATL,away,5.95,BAL,656811.0,600.0,650.0,17.1,485.0,165.0,0,2025-07-04,600.0,14.299999999999999,-599.0,85.7,82.9,0,0.0
1371,RF,R,Ramon Laureano,Spencer Strider,R,5,BAL,ATL,away,5.4,BAL,657656.0,630.0,700.0,15.5,545.0,155.0,0,2025-07-04,630.0,13.700000000000001,-630.0,86.3,84.5,0,0.0
1372,LF,L,Colton Cowser,Spencer Strider,R,6,BAL,ATL,away,7.23,BAL,681297.0,540.0,425.0,20.8,381.0,159.0,0,2025-07-04,425.0,19.0,-426.0,81.0,79.2,0,0.0
1373,C,R,Gary Sanchez,Spencer Strider,R,7,BAL,ATL,away,4.87,BAL,596142.0,460.0,600.0,14.000000000000002,614.0,-14.0,0,2025-07-04,460.0,17.9,-459.0,82.1,86.0,0,0.0
1374,CF,L,Cedric Mullins,Spencer Strider,R,9,BAL,ATL,away,4.38,BAL,656775.0,560.0,550.0,12.6,694.0,-134.0,1,2025-07-04,550.0,15.4,-549.0,84.6,87.4,0,0.0
1375,1B,L,Matt Olson,Charlie Morton,R,2,BAL,ATL,home,6.85,ATL,621566.0,320.0,300.0,19.7,408.0,-88.0,0,2025-07-04,300.0,25.0,-300.0,75.0,80.3,0,0.0
1376,DH,R,Marcell Ozuna,Charlie Morton,R,3,BAL,ATL,home,6.44,ATL,542303.0,480.0,450.0,18.5,441.0,39.0,0,2025-07-04,450.0,18.2,-449.0,81.8,81.5,0,0.0
1377,3B,R,Austin Riley,Charlie Morton,R,4,BAL,ATL,home,6.09,ATL,663586.0,450.0,450.0,17.5,471.0,-21.0,0,2025-07-04,450.0,18.2,-449.0,81.8,82.5,0,0.0
1378,LF,S,Jurickson Profar,Charlie Morton,R,5,BAL,ATL,home,4.0,ATL,595777.0,680.0,600.0,11.5,770.0,-90.0,0,2025-07-04,600.0,14.299999999999999,-599.0,85.7,88.5,0,0.0
1379,C,L,Drake Baldwin,Charlie Morton,R,6,BAL,ATL,home,5.21,ATL,686948.0,600.0,550.0,15.0,567.0,33.0,1,2025-07-04,550.0,15.4,-549.0,84.6,85.0,0,0.0
1380,2B,S,Ozzie Albies,Charlie Morton,R,7,BAL,ATL,home,3.77,ATL,645277.0,750.0,600.0,10.9,817.0,-67.0,0,2025-07-04,600.0,14.299999999999999,-599.0,85.7,89.1,0,0.0
1381,CF,L,Michael Harris II,Charlie Morton,R,8,BAL,ATL,home,5.04,ATL,671739.0,630.0,550.0,14.499999999999998,590.0,40.0,0,2025-07-04,550.0,15.4,-549.0,84.6,85.5,0,0.0
1382,SS,R,Nick Allen,Charlie Morton,R,9,BAL,ATL,home,2.22,ATL,669397.0,1200.0,1500.0,6.4,1462.0,38.0,0,2025-07-04,1200.0,7.7,-1199.0,92.3,93.6,0,0.0
1383,RF,L,Mike Tauchman,Antonio Senzatela,R,1,CWS,COL,away,5.66,CWS,643565.0,560.0,650.0,16.3,513.0,137.0,0,2025-07-04,560.0,15.2,-558.0,84.8,83.7,0,0.0
1384,2B,R,Chase Meidroth,Antonio Senzatela,R,2,CWS,COL,away,3.74,CWS,805367.0,1000.0,950.0,10.8,826.0,174.0,0,2025-07-04,950.0,9.5,-953.0,90.5,89.2,0,0.0
1385,LF,L,Andrew Benintendi,Antonio Senzatela,R,3,CWS,COL,away,6.71,CWS,643217.0,480.0,550.0,19.3,418.0,132.0,0,2025-07-04,480.0,17.2,-481.0,82.8,80.7,0,0.0
1386,3B,R,Miguel Vargas,Antonio Senzatela,R,4,CWS,COL,away,5.07,CWS,678246.0,400.0,360.0,14.6,585.0,-185.0,0,2025-07-04,360.0,21.7,-361.0,78.3,85.4,0,0.0
1387,CF,R,Michael A. Taylor,Antonio Senzatela,R,9,CWS,COL,away,6.17,CWS,572191.0,500.0,650.0,17.8,462.0,188.0,0,2025-07-04,500.0,16.7,-499.0,83.3,82.2,0,0.0
1388,DH,R,Tyler Freeman,Adrian Houser,R,1,CWS,COL,home,3.78,COL,671289.0,800.0,850.0,10.9,817.0,33.0,0,2025-07-04,800.0,11.1,-801.0,88.9,89.1,0,0.0
1389,C,R,Hunter Goodman,Adrian Houser,R,2,CWS,COL,home,7.13,COL,696100.0,320.0,280.0,20.5,388.0,-68.0,0,2025-07-04,280.0,26.3,-280.0,73.7,79.5,0,0.0
1390,LF,R,Jordan Beck,Adrian Houser,R,3,CWS,COL,home,5.25,COL,687597.0,560.0,450.0,15.1,562.0,-2.0,0,2025-07-04,450.0,18.2,-449.0,81.8,84.9,0,0.0
1391,3B,L,Ryan McMahon,Adrian Houser,R,4,CWS,COL,home,6.87,COL,641857.0,430.0,360.0,19.8,405.0,25.0,0,2025-07-04,360.0,21.7,-361.0,78.3,80.2,0,0.0
1392,2B,R,Thairo Estrada,Adrian Houser,R,5,CWS,COL,home,3.43,COL,642731.0,830.0,900.0,9.9,910.0,-10.0,0,2025-07-04,830.0,10.8,-826.0,89.2,90.1,0,0.0
1393,1B,S,Michael Toglia,Adrian Houser,R,7,CWS,COL,home,6.0,COL,669911.0,460.0,425.0,17.299999999999997,478.0,-18.0,0,2025-07-04,425.0,19.0,-426.0,81.0,82.7,0,0.0
1394,RF,L,Mickey Moniak,Adrian Houser,R,8,CWS,COL,home,5.01,COL,666160.0,500.0,475.0,14.399999999999999,594.0,-94.0,0,2025-07-04,475.0,17.4,-475.0,82.6,85.6,0,0.0
1395,3B,R,Isaac Paredes,Ben Casparius,R,1,HOU,LAD,away,3.37,HOU,670623.0,420.0,390.0,9.700000000000001,931.0,-511.0,1,2025-07-04,390.0,20.4,-390.0,79.6,90.3,0,0.0
1396,CF,R,Jake Meyers,Ben Casparius,R,2,HOU,LAD,away,3.64,HOU,676694.0,680.0,650.0,10.5,852.0,-172.0,0,2025-07-04,650.0,13.3,-652.0,86.7,89.5,0,0.0
1397,2B,R,Jose Altuve,Ben Casparius,R,3,HOU,LAD,away,3.68,HOU,514888.0,500.0,475.0,10.6,843.0,-343.0,1,2025-07-04,475.0,17.4,-475.0,82.6,89.4,0,0.0
1398,RF,R,Cam Smith,Ben Casparius,R,4,HOU,LAD,away,3.52,HOU,701358.0,630.0,500.0,10.100000000000001,890.0,-260.0,0,2025-07-04,500.0,16.7,-499.0,83.3,89.9,0,0.0
1399,DH,S,Victor Caratini,Ben Casparius,R,5,HOU,LAD,away,3.61,HOU,605170.0,560.0,500.0,10.4,862.0,-302.0,1,2025-07-04,500.0,16.7,-499.0,83.3,89.6,0,0.0
1400,C,R,Yainer Diaz,Ben Casparius,R,6,HOU,LAD,away,3.63,HOU,673237.0,520.0,425.0,10.4,862.0,-342.0,0,2025-07-04,425.0,19.0,-426.0,81.0,89.6,0,0.0
1401,1B,R,Christian Walker,Ben Casparius,R,7,HOU,LAD,away,4.54,HOU,572233.0,440.0,390.0,13.100000000000001,663.0,-223.0,1,2025-07-04,390.0,20.4,-390.0,79.6,86.9,0,0.0
1402,LF,S,Cooper Hummel,Ben Casparius,R,8,HOU,LAD,away,2.61,HOU,669450.0,900.0,850.0,7.5,1233.0,-333.0,0,2025-07-04,850.0,10.5,-852.0,89.5,92.5,1,1.17
1403,SS,R,Mauricio Dubon,Ben Casparius,R,9,HOU,LAD,away,2.28,HOU,643289.0,1060.0,900.0,6.6000000000000005,1415.0,-355.0,0,2025-07-04,900.0,10.0,-900.0,90.0,93.4,1,1.11
1404,DH,L,Shohei Ohtani,Lance McCullers,R,1,HOU,LAD,home,11.59,LAD,660271.0,172.0,170.0,33.4,199.0,-27.0,0,2025-07-04,170.0,37.0,-170.0,63.0,66.6,0,0.0
1405,SS,R,Mookie Betts,Lance McCullers,R,2,HOU,LAD,home,5.88,LAD,605141.0,430.0,360.0,16.900000000000002,492.0,-62.0,0,2025-07-04,360.0,21.7,-361.0,78.3,83.1,0,0.0
1406,1B,L,Freddie Freeman,Lance McCullers,R,3,HOU,LAD,home,6.83,LAD,518692.0,390.0,390.0,19.7,408.0,-18.0,0,2025-07-04,390.0,20.4,-390.0,79.6,80.3,0,0.0
1407,C,R,Will Smith,Lance McCullers,R,4,HOU,LAD,home,6.54,LAD,669257.0,360.0,390.0,18.8,432.0,-42.0,1,2025-07-04,360.0,21.7,-361.0,78.3,81.2,0,0.0
1408,RF,R,Teoscar Hernandez,Lance McCullers,R,5,HOU,LAD,home,6.83,LAD,606192.0,390.0,350.0,19.7,408.0,-18.0,0,2025-07-04,350.0,22.2,-350.0,77.8,80.3,0,0.0
1409,CF,R,Andy Pages,Lance McCullers,R,6,HOU,LAD,home,5.93,LAD,681624.0,330.0,350.0,17.1,485.0,-135.0,0,2025-07-04,330.0,23.3,-329.0,76.7,82.9,0,0.0
1410,LF,L,Michael Conforto,Lance McCullers,R,7,HOU,LAD,home,6.13,LAD,624424.0,500.0,475.0,17.599999999999998,468.0,32.0,0,2025-07-04,475.0,17.4,-475.0,82.6,82.4,0,0.0
1411,2B,S,Tommy Edman,Lance McCullers,R,8,HOU,LAD,home,4.88,LAD,669242.0,630.0,700.0,14.000000000000002,614.0,86.0,0,2025-07-04,630.0,13.700000000000001,-630.0,86.3,86.0,0,0.0
1412,3B,R,Miguel Rojas,Lance McCullers,R,9,HOU,LAD,home,4.04,LAD,500743.0,830.0,750.0,11.600000000000001,762.0,68.0,0,2025-07-04,750.0,11.799999999999999,-747.0,88.2,88.4,0,0.0
1413,2B,R,Jonathan India,Eduardo Rodriguez,L,1,KC,ARI,away,5.25,KC,663697.0,830.0,750.0,15.1,562.0,268.0,0,2025-07-04,750.0,11.799999999999999,-747.0,88.2,84.9,0,0.0
1414,3B,R,Maikel Garcia,Eduardo Rodriguez,L,3,KC,ARI,away,4.73,KC,672580.0,900.0,850.0,13.600000000000001,635.0,265.0,0,2025-07-04,850.0,10.5,-852.0,89.5,86.4,0,0.0
1415,DH,L,Vinnie Pasquantino,Eduardo Rodriguez,L,4,KC,ARI,away,4.45,KC,686469.0,480.0,600.0,12.8,681.0,-81.0,1,2025-07-04,480.0,17.2,-481.0,82.8,87.2,0,0.0
1416,1B,R,Salvador Perez,Eduardo Rodriguez,L,5,KC,ARI,away,6.2,KC,521692.0,520.0,425.0,17.8,462.0,58.0,0,2025-07-04,425.0,19.0,-426.0,81.0,82.2,0,0.0
1417,LF,R,Mark Canha,Eduardo Rodriguez,L,6,KC,ARI,away,4.0,KC,592192.0,1300.0,950.0,11.5,770.0,530.0,1,2025-07-04,950.0,9.5,-953.0,90.5,88.5,0,0.0
1418,RF,L,Jac Caglianone,Eduardo Rodriguez,L,7,KC,ARI,away,4.88,KC,695506.0,870.0,750.0,14.000000000000002,614.0,256.0,0,2025-07-04,750.0,11.799999999999999,-747.0,88.2,86.0,0,0.0
1419,C,R,Freddy Fermin,Eduardo Rodriguez,L,8,KC,ARI,away,3.42,KC,666023.0,900.0,800.0,9.8,920.0,-20.0,0,2025-07-04,800.0,11.1,-801.0,88.9,90.2,0,0.0
1420,2B,S,Ketel Marte,Kris Bubic,L,1,KC,ARI,home,6.0,ARI,606466.0,350.0,370.0,17.299999999999997,478.0,-108.0,0,2025-07-04,350.0,22.2,-350.0,77.8,82.7,0,0.0
1421,SS,S,Geraldo Perdomo,Kris Bubic,L,2,KC,ARI,home,2.86,ARI,672695.0,1000.0,950.0,8.200000000000001,1120.0,-120.0,0,2025-07-04,950.0,9.5,-953.0,90.5,91.8,0,0.0
1422,LF,R,Lourdes Gurriel Jr.,Kris Bubic,L,3,KC,ARI,home,3.95,ARI,666971.0,500.0,600.0,11.4,777.0,-177.0,0,2025-07-04,500.0,16.7,-499.0,83.3,88.6,0,0.0
1423,DH,R,Eugenio Suarez,Kris Bubic,L,4,KC,ARI,home,5.09,ARI,553993.0,350.0,400.0,14.7,580.0,-180.0,1,2025-07-04,350.0,22.2,-350.0,77.8,85.3,0,0.0
1424,RF,R,Randal Grichuk,Kris Bubic,L,5,KC,ARI,home,4.79,ARI,545341.0,500.0,450.0,13.8,625.0,-125.0,0,2025-07-04,450.0,18.2,-449.0,81.8,86.2,0,0.0
1425,1B,L,Josh Naylor,Kris Bubic,L,6,KC,ARI,home,3.13,ARI,647304.0,800.0,800.0,9.0,1011.0,-211.0,0,2025-07-04,800.0,11.1,-801.0,88.9,91.0,1,1.25
1426,CF,R,Tim Tawa,Kris Bubic,L,7,KC,ARI,home,3.53,ARI,694374.0,750.0,650.0,10.2,880.0,-130.0,0,2025-07-04,650.0,13.3,-652.0,86.7,89.8,0,0.0
1427,3B,R,Blaze Alexander,Kris Bubic,L,8,KC,ARI,home,2.91,ARI,677942.0,870.0,850.0,8.4,1090.0,-220.0,0,2025-07-04,850.0,10.5,-852.0,89.5,91.6,1,1.17
1428,CF,L,Jung Hoo Lee,JP Sears,L,1,SF,ATH,away,3.91,SF,808982.0,460.0,500.0,11.3,785.0,-285.0,0,2025-07-04,460.0,17.9,-459.0,82.1,88.7,0,0.0
1429,SS,R,Willy Adames,JP Sears,L,2,SF,ATH,away,6.1,SF,642715.0,280.0,250.0,17.599999999999998,468.0,-188.0,0,2025-07-04,250.0,28.599999999999998,-250.0,71.4,82.4,0,0.0
1430,LF,R,Heliot Ramos,JP Sears,L,3,SF,ATH,away,7.31,SF,671218.0,250.0,225.0,21.0,376.0,-126.0,0,2025-07-04,225.0,30.8,-225.0,69.2,79.0,0,0.0
1431,3B,R,Wilmer Flores,JP Sears,L,4,SF,ATH,away,4.34,SF,527038.0,390.0,340.0,12.5,700.0,-310.0,0,2025-07-04,340.0,22.7,-341.0,77.3,87.5,0,0.0
1432,DH,L,Rafael Devers,JP Sears,L,5,SF,ATH,away,5.35,SF,646240.0,260.0,260.0,15.4,549.0,-289.0,0,2025-07-04,260.0,27.800000000000004,-260.0,72.19999999999999,84.6,0,0.0
1433,C,S,Patrick Bailey,JP Sears,L,8,SF,ATH,away,3.95,SF,672275.0,480.0,475.0,11.4,777.0,-297.0,0,2025-07-04,475.0,17.4,-475.0,82.6,88.6,0,0.0
1434,2B,R,Tyler Fitzgerald,JP Sears,L,9,SF,ATH,away,4.68,SF,666149.0,480.0,400.0,13.5,641.0,-161.0,0,2025-07-04,400.0,20.0,-400.0,80.0,86.5,0,0.0
1435,RF,L,Lawrence Butler,Justin Verlander,R,1,SF,ATH,home,5.84,ATH,671732.0,360.0,330.0,16.8,495.0,-135.0,0,2025-07-04,330.0,23.3,-329.0,76.7,83.2,0,0.0
1436,SS,R,Jacob Wilson,Justin Verlander,R,2,SF,ATH,home,2.38,ATH,805779.0,630.0,550.0,6.9,1349.0,-719.0,0,2025-07-04,550.0,15.4,-549.0,84.6,93.1,0,0.0
1437,DH,R,Brent Rooker,Justin Verlander,R,3,SF,ATH,home,6.13,ATH,667670.0,300.0,235.0,17.599999999999998,468.0,-168.0,0,2025-07-04,235.0,29.9,-234.0,70.1,82.4,0,0.0
1438,1B,L,Nick Kurtz,Justin Verlander,R,4,SF,ATH,home,8.11,ATH,701762.0,340.0,310.0,23.3,329.0,11.0,1,2025-07-04,310.0,24.4,-310.0,75.6,76.7,0,0.0
1439,C,R,Shea Langeliers,Justin Verlander,R,5,SF,ATH,home,4.85,ATH,669127.0,285.0,255.0,14.000000000000002,614.0,-329.0,0,2025-07-04,255.0,28.199999999999996,-255.0,71.80000000000001,86.0,0,0.0
1440,LF,L,Tyler Soderstrom,Justin Verlander,R,6,SF,ATH,home,6.45,ATH,691016.0,420.0,350.0,18.6,438.0,-18.0,0,2025-07-04,350.0,22.2,-350.0,77.8,81.4,0,0.0
1441,3B,R,Max Muncy,Justin Verlander,R,7,SF,ATH,home,6.41,ATH,691777.0,420.0,390.0,18.4,443.0,-23.0,0,2025-07-04,390.0,20.4,-390.0,79.6,81.6,0,0.0
1442,CF,R,Denzel Clarke,Justin Verlander,R,9,SF,ATH,home,4.02,ATH,672016.0,700.0,600.0,11.600000000000001,762.0,-62.0,1,2025-07-04,600.0,14.299999999999999,-599.0,85.7,88.4,0,0.0
1443,CF,R,Byron Buxton,Taj Bradley,R,1,TB,MIN,home,6.4,MIN,621439.0,300.0,275.0,18.4,443.0,-143.0,0,2025-07-05,275.0,26.700000000000003,-275.0,73.3,81.6,0,0.0
1444,2B,S,Willi Castro,Taj Bradley,R,2,TB,MIN,home,4.41,MIN,650489.0,630.0,550.0,12.7,687.0,-57.0,0,2025-07-05,550.0,15.4,-549.0,84.6,87.3,0,0.0
1445,DH,L,Trevor Larnach,Taj Bradley,R,3,TB,MIN,home,6.06,MIN,663616.0,560.0,475.0,17.4,475.0,85.0,0,2025-07-05,475.0,17.4,-475.0,82.6,82.6,0,0.0
1446,SS,R,Carlos Correa,Taj Bradley,R,4,TB,MIN,home,4.45,MIN,621043.0,600.0,600.0,12.8,681.0,-81.0,0,2025-07-05,600.0,14.299999999999999,-599.0,85.7,87.2,0,0.0
1447,C,R,Ryan Jeffers,Taj Bradley,R,5,TB,MIN,home,4.7,MIN,680777.0,520.0,475.0,13.5,641.0,-121.0,0,2025-07-05,475.0,17.4,-475.0,82.6,86.5,0,0.0
1448,RF,L,Matt Wallner,Taj Bradley,R,6,TB,MIN,home,7.03,MIN,670242.0,310.0,275.0,20.200000000000003,395.0,-85.0,0,2025-07-05,275.0,26.700000000000003,-275.0,73.3,79.8,0,0.0
1449,3B,R,Royce Lewis,Taj Bradley,R,7,TB,MIN,home,5.36,MIN,668904.0,520.0,400.0,15.4,549.0,-29.0,0,2025-07-05,400.0,20.0,-400.0,80.0,84.6,0,0.0
1450,1B,L,Kody Clemens,Taj Bradley,R,8,TB,MIN,home,5.8,MIN,665019.0,480.0,450.0,16.7,499.0,-19.0,1,2025-07-05,450.0,18.2,-449.0,81.8,83.3,0,0.0
1451,LF,R,Harrison Bader,Taj Bradley,R,9,TB,MIN,home,3.86,MIN,664056.0,680.0,700.0,11.1,801.0,-101.0,0,2025-07-05,680.0,12.8,-681.0,87.2,88.9,0,0.0
1452,2B,L,Brendan Donovan,Jordan Wicks,L,1,STL,CHC,away,4.06,STL,680977.0,480.0,450.0,11.700000000000001,755.0,-275.0,0,2025-07-05,450.0,18.2,-449.0,81.8,88.3,0,0.0
1453,SS,R,Masyn Winn,Jordan Wicks,L,2,STL,CHC,away,4.24,STL,691026.0,450.0,425.0,12.2,720.0,-270.0,0,2025-07-05,425.0,19.0,-426.0,81.0,87.8,0,0.0
1454,C,R,William Contreras,Cal Quantrill,R,4,MIL,MIA,away,4.34,MIL,661388.0,560.0,475.0,12.5,700.0,-140.0,0,2025-07-05,475.0,17.4,-475.0,82.6,87.5,0,0.0
1455,RF,L,Alec Burleson,Jordan Wicks,L,4,STL,CHC,away,4.08,STL,676475.0,330.0,290.0,11.700000000000001,755.0,-425.0,1,2025-07-05,290.0,25.6,-291.0,74.4,88.3,0,0.0
1456,LF,L,Lars Nootbaar,Jordan Wicks,L,6,STL,CHC,away,4.04,STL,663457.0,370.0,290.0,11.600000000000001,762.0,-392.0,0,2025-07-05,290.0,25.6,-291.0,74.4,88.4,0,0.0
1457,DH,L,Nolan Gorman,Jordan Wicks,L,7,STL,CHC,away,4.52,STL,669357.0,330.0,310.0,13.0,669.0,-339.0,1,2025-07-05,310.0,24.4,-310.0,75.6,87.0,0,0.0
1458,C,R,Pedro Pages,Jordan Wicks,L,8,STL,CHC,away,3.21,STL,686780.0,450.0,360.0,9.2,987.0,-537.0,0,2025-07-05,360.0,21.7,-361.0,78.3,90.8,0,0.0
1459,LF,S,Ian Happ,Matthew Liberatore,L,1,STL,CHC,home,5.38,CHC,664023.0,300.0,285.0,15.5,545.0,-245.0,0,2025-07-05,285.0,26.0,-285.0,74.0,84.5,0,0.0
1460,RF,L,Kyle Tucker,Matthew Liberatore,L,2,STL,CHC,home,5.23,CHC,663656.0,320.0,360.0,15.1,562.0,-202.0,0,2025-07-05,320.0,23.799999999999997,-320.0,76.2,84.9,0,0.0
1461,DH,R,Seiya Suzuki,Matthew Liberatore,L,3,STL,CHC,home,5.47,CHC,673548.0,220.0,220.0,15.7,537.0,-317.0,0,2025-07-05,220.0,31.2,-221.0,68.8,84.3,0,0.0
1462,C,R,Carson Kelly,Matthew Liberatore,L,4,STL,CHC,home,3.69,CHC,608348.0,340.0,300.0,10.6,843.0,-503.0,1,2025-07-05,300.0,25.0,-300.0,75.0,89.4,0,0.0
1463,SS,R,Dansby Swanson,Matthew Liberatore,L,5,STL,CHC,home,4.29,CHC,621020.0,310.0,285.0,12.3,713.0,-403.0,0,2025-07-05,285.0,26.0,-285.0,74.0,87.7,0,0.0
1464,CF,L,Pete Crow-Armstrong,Matthew Liberatore,L,6,STL,CHC,home,4.15,CHC,691718.0,480.0,425.0,11.899999999999999,740.0,-260.0,0,2025-07-05,425.0,19.0,-426.0,81.0,88.1,0,0.0
1465,2B,R,Nico Hoerner,Matthew Liberatore,L,7,STL,CHC,home,2.6,CHC,663538.0,750.0,700.0,7.5,1233.0,-483.0,0,2025-07-05,700.0,12.5,-700.0,87.5,92.5,0,0.0
1466,1B,R,Justin Turner,Matthew Liberatore,L,8,STL,CHC,home,2.75,CHC,457759.0,450.0,425.0,7.9,1166.0,-716.0,0,2025-07-05,425.0,19.0,-426.0,81.0,92.1,0,0.0
1467,3B,R,Matt Shaw,Matthew Liberatore,L,9,STL,CHC,home,2.96,CHC,807713.0,520.0,500.0,8.5,1076.0,-556.0,0,2025-07-05,500.0,16.7,-499.0,83.3,91.5,0,0.0
1468,SS,R,Zach Neto,Max Scherzer,R,1,LAA,TOR,away,6.77,LAA,687263.0,420.0,330.0,19.5,413.0,7.0,0,2025-07-05,330.0,23.3,-329.0,76.7,80.5,0,0.0
1469,1B,L,Nolan Schanuel,Max Scherzer,R,2,LAA,TOR,away,5.26,LAA,694384.0,750.0,450.0,15.1,562.0,188.0,0,2025-07-05,450.0,18.2,-449.0,81.8,84.9,0,0.0
1470,DH,R,Mike Trout,Max Scherzer,R,3,LAA,TOR,away,8.75,LAA,545361.0,260.0,220.0,25.2,297.0,-37.0,0,2025-07-05,220.0,31.2,-221.0,68.8,74.8,0,0.0
1471,LF,R,Taylor Ward,Max Scherzer,R,4,LAA,TOR,away,7.47,LAA,621493.0,420.0,330.0,21.5,365.0,55.0,0,2025-07-05,330.0,23.3,-329.0,76.7,78.5,0,0.0
1472,CF,R,Jo Adell,Max Scherzer,R,5,LAA,TOR,away,6.79,LAA,666176.0,420.0,330.0,19.5,413.0,7.0,0,2025-07-05,330.0,23.3,-329.0,76.7,80.5,0,0.0
1473,RF,R,Jorge Soler,Max Scherzer,R,6,LAA,TOR,away,6.11,LAA,624585.0,430.0,380.0,17.599999999999998,468.0,-38.0,0,2025-07-05,380.0,20.8,-381.0,79.2,82.4,0,0.0
1474,3B,S,Luis Rengifo,Max Scherzer,R,8,LAA,TOR,away,3.55,LAA,650859.0,830.0,750.0,10.2,880.0,-50.0,0,2025-07-05,750.0,11.799999999999999,-747.0,88.2,89.8,0,0.0
1475,SS,R,Bo Bichette,Jack Kochanowicz,R,1,LAA,TOR,home,4.28,TOR,666182.0,480.0,425.0,12.3,713.0,-233.0,0,2025-07-05,425.0,19.0,-426.0,81.0,87.7,0,0.0
1476,RF,L,Addison Barger,Jack Kochanowicz,R,2,LAA,TOR,home,6.05,TOR,680718.0,340.0,330.0,17.4,475.0,-135.0,0,2025-07-05,330.0,23.3,-329.0,76.7,82.6,0,0.0
1477,1B,R,Vladimir Guerrero Jr.,Jack Kochanowicz,R,3,LAA,TOR,home,6.07,TOR,665489.0,360.0,320.0,17.5,471.0,-111.0,0,2025-07-05,320.0,23.799999999999997,-320.0,76.2,82.5,0,0.0
1478,C,R,Alejandro Kirk,Jack Kochanowicz,R,4,LAA,TOR,home,4.74,TOR,672386.0,560.0,550.0,13.600000000000001,635.0,-75.0,0,2025-07-05,550.0,15.4,-549.0,84.6,86.4,0,0.0
1479,DH,R,George Springer,Jack Kochanowicz,R,5,LAA,TOR,home,5.78,TOR,543807.0,500.0,500.0,16.6,502.0,-2.0,1,2025-07-05,500.0,16.7,-499.0,83.3,83.4,0,0.0
1480,LF,L,Nathan Lukes,Jack Kochanowicz,R,6,LAA,TOR,home,4.12,TOR,664770.0,900.0,500.0,11.899999999999999,740.0,160.0,0,2025-07-05,500.0,16.7,-499.0,83.3,88.1,0,0.0
1481,3B,R,Ernie Clement,Jack Kochanowicz,R,7,LAA,TOR,home,3.01,TOR,676391.0,1000.0,650.0,8.7,1049.0,-49.0,0,2025-07-05,650.0,13.3,-652.0,86.7,91.3,0,0.0
1482,1B,R,Romy Gonzalez,Mitchell Parker,L,1,BOS,WSH,away,6.53,BOS,663853.0,430.0,330.0,18.8,432.0,-2.0,0,2025-07-05,330.0,23.3,-329.0,76.7,81.2,0,0.0
1483,DH,R,Rob Refsnyder,Mitchell Parker,L,3,BOS,WSH,away,6.33,BOS,608701.0,400.0,425.0,18.2,449.0,-24.0,0,2025-07-05,400.0,20.0,-400.0,80.0,81.8,0,0.0
1484,C,R,Carlos Narvaez,Mitchell Parker,L,4,BOS,WSH,away,5.7,BOS,665966.0,470.0,400.0,16.400000000000002,510.0,-40.0,0,2025-07-05,400.0,20.0,-400.0,80.0,83.6,0,0.0
1485,SS,R,Trevor Story,Mitchell Parker,L,5,BOS,WSH,away,4.62,BOS,596115.0,470.0,400.0,13.3,652.0,-182.0,0,2025-07-05,400.0,20.0,-400.0,80.0,86.7,0,0.0
1486,LF,L,Jarren Duran,Mitchell Parker,L,6,BOS,WSH,away,4.33,BOS,680776.0,520.0,500.0,12.5,700.0,-180.0,0,2025-07-05,500.0,16.7,-499.0,83.3,87.5,0,0.0
1487,CF,R,Ceddanne Rafaela,Mitchell Parker,L,7,BOS,WSH,away,5.52,BOS,678882.0,540.0,400.0,15.9,529.0,11.0,1,2025-07-05,400.0,20.0,-400.0,80.0,84.1,0,0.0
1488,3B,R,Nate Eaton,Mitchell Parker,L,9,BOS,WSH,away,2.0,BOS,681987.0,680.0,800.0,5.800000000000001,1624.0,-824.0,0,2025-07-05,680.0,12.8,-681.0,87.2,94.2,0,0.0
1489,SS,L,CJ Abrams,Walker Buehler,R,1,BOS,WSH,home,6.29,WSH,682928.0,430.0,400.0,18.099999999999998,452.0,-22.0,0,2025-07-05,400.0,20.0,-400.0,80.0,81.9,0,0.0
1490,LF,L,James Wood,Walker Buehler,R,2,BOS,WSH,home,8.4,WSH,695578.0,370.0,350.0,24.2,313.0,57.0,0,2025-07-05,350.0,22.2,-350.0,77.8,75.8,0,0.0
1491,1B,L,Nathaniel Lowe,Walker Buehler,R,4,BOS,WSH,home,5.77,WSH,663993.0,560.0,500.0,16.6,502.0,58.0,0,2025-07-05,500.0,16.7,-499.0,83.3,83.4,0,0.0
1492,DH,S,Josh Bell,Walker Buehler,R,5,BOS,WSH,home,6.1,WSH,605137.0,520.0,425.0,17.599999999999998,468.0,52.0,0,2025-07-05,425.0,19.0,-426.0,81.0,82.4,0,0.0
1493,RF,L,Daylen Lile,Walker Buehler,R,7,BOS,WSH,home,4.37,WSH,695734.0,680.0,600.0,12.6,694.0,-14.0,0,2025-07-05,600.0,14.299999999999999,-599.0,85.7,87.4,0,0.0
1494,CF,R,Jacob Young,Walker Buehler,R,9,BOS,WSH,home,2.77,WSH,696285.0,2500.0,1300.0,8.0,1150.0,1350.0,0,2025-07-05,1300.0,7.1,-1308.0,92.9,92.0,0,0.0
1495,CF,L,TJ Friedl,Ranger Suarez,L,1,CIN,PHI,away,2.61,CIN,670770.0,750.0,750.0,7.5,1233.0,-483.0,0,2025-07-05,750.0,11.799999999999999,-747.0,88.2,92.5,1,1.34
1496,DH,R,Matt McLain,Ranger Suarez,L,2,CIN,PHI,away,5.01,CIN,680574.0,600.0,450.0,14.399999999999999,594.0,6.0,0,2025-07-05,450.0,18.2,-449.0,81.8,85.6,0,0.0
1497,SS,S,Elly De La Cruz,Ranger Suarez,L,3,CIN,PHI,away,6.83,CIN,682829.0,540.0,475.0,19.7,408.0,132.0,0,2025-07-05,475.0,17.4,-475.0,82.6,80.3,0,0.0
1498,LF,R,Austin Hays,Ranger Suarez,L,4,CIN,PHI,away,6.65,CIN,669720.0,560.0,400.0,19.1,424.0,136.0,0,2025-07-05,400.0,20.0,-400.0,80.0,80.9,0,0.0
1499,C,R,Tyler Stephenson,Ranger Suarez,L,5,CIN,PHI,away,5.57,CIN,663886.0,600.0,425.0,16.0,525.0,75.0,0,2025-07-05,425.0,19.0,-426.0,81.0,84.0,0,0.0
1500,1B,R,Spencer Steer,Ranger Suarez,L,6,CIN,PHI,away,3.9,CIN,668715.0,600.0,550.0,11.200000000000001,793.0,-193.0,0,2025-07-05,550.0,15.4,-549.0,84.6,88.8,0,0.0
1501,2B,R,Santiago Espinal,Ranger Suarez,L,9,CIN,PHI,away,3.06,CIN,669289.0,1100.0,1000.0,8.799999999999999,1036.0,64.0,0,2025-07-05,1000.0,9.1,-999.0,90.9,91.2,0,0.0
1502,SS,R,Trea Turner,Nick Lodolo,L,1,CIN,PHI,home,5.42,PHI,607208.0,450.0,360.0,15.6,541.0,-91.0,0,2025-07-05,360.0,21.7,-361.0,78.3,84.4,0,0.0
1503,1B,L,Bryce Harper,Nick Lodolo,L,2,CIN,PHI,home,5.39,PHI,547180.0,400.0,350.0,15.5,545.0,-145.0,0,2025-07-05,350.0,22.2,-350.0,77.8,84.5,0,0.0
1504,3B,R,Alec Bohm,Nick Lodolo,L,3,CIN,PHI,home,5.23,PHI,664761.0,600.0,380.0,15.1,562.0,38.0,1,2025-07-05,380.0,20.8,-381.0,79.2,84.9,0,0.0
1505,DH,L,Kyle Schwarber,Nick Lodolo,L,4,CIN,PHI,home,7.34,PHI,656941.0,240.0,255.0,21.099999999999998,374.0,-119.0,1,2025-07-05,240.0,29.4,-240.0,70.6,78.9,0,0.0
1506,RF,R,Nick Castellanos,Nick Lodolo,L,5,CIN,PHI,home,5.46,PHI,592206.0,520.0,400.0,15.7,537.0,-17.0,0,2025-07-05,400.0,20.0,-400.0,80.0,84.3,0,0.0
1507,C,R,J.T. Realmuto,Nick Lodolo,L,6,CIN,PHI,home,5.74,PHI,592663.0,600.0,425.0,16.5,506.0,94.0,0,2025-07-05,425.0,19.0,-426.0,81.0,83.5,0,0.0
1508,2B,R,Edmundo Sosa,Nick Lodolo,L,7,CIN,PHI,home,4.67,PHI,624641.0,750.0,500.0,13.4,646.0,104.0,1,2025-07-05,500.0,16.7,-499.0,83.3,86.6,0,0.0
1509,CF,R,Johan Rojas,Nick Lodolo,L,9,CIN,PHI,home,4.02,PHI,679032.0,830.0,1000.0,11.600000000000001,762.0,238.0,0,2025-07-05,830.0,10.8,-826.0,89.2,88.4,0,0.0
1510,2B,L,Jackson Holliday,Dylan Dodd,L,1,BAL,ATL,away,3.59,BAL,702616.0,800.0,700.0,10.299999999999999,871.0,-71.0,0,2025-07-05,700.0,12.5,-700.0,87.5,89.7,0,0.0
1511,3B,R,Jordan Westburg,Dylan Dodd,L,2,BAL,ATL,away,4.47,BAL,676059.0,600.0,700.0,12.9,675.0,25.0,1,2025-07-05,600.0,14.299999999999999,-599.0,85.7,87.1,0,0.0
1512,SS,L,Gunnar Henderson,Dylan Dodd,L,3,BAL,ATL,away,3.37,BAL,683002.0,560.0,700.0,9.700000000000001,931.0,-231.0,0,2025-07-05,560.0,15.2,-558.0,84.8,90.3,0,0.0
1513,1B,L,Ryan O'Hearn,Dylan Dodd,L,4,BAL,ATL,away,2.77,BAL,656811.0,750.0,700.0,8.0,1150.0,-400.0,0,2025-07-05,700.0,12.5,-700.0,87.5,92.0,0,0.0
1514,DH,R,Tyler O'Neill,Dylan Dodd,L,5,BAL,ATL,away,4.37,BAL,641933.0,560.0,550.0,12.6,694.0,-134.0,1,2025-07-05,550.0,15.4,-549.0,84.6,87.4,0,0.0
1515,RF,R,Ramon Laureano,Dylan Dodd,L,6,BAL,ATL,away,3.23,BAL,657656.0,600.0,600.0,9.3,975.0,-375.0,0,2025-07-05,600.0,14.299999999999999,-599.0,85.7,90.7,0,0.0
1516,LF,L,Colton Cowser,Dylan Dodd,L,7,BAL,ATL,away,3.74,BAL,681297.0,560.0,550.0,10.8,826.0,-266.0,1,2025-07-05,550.0,15.4,-549.0,84.6,89.2,0,0.0
1517,C,R,Gary Sanchez,Dylan Dodd,L,8,BAL,ATL,away,3.21,BAL,596142.0,630.0,550.0,9.2,987.0,-357.0,0,2025-07-05,550.0,15.4,-549.0,84.6,90.8,0,0.0
1518,CF,L,Cedric Mullins,Dylan Dodd,L,9,BAL,ATL,away,2.36,BAL,656775.0,680.0,800.0,6.800000000000001,1371.0,-571.0,0,2025-07-05,680.0,12.8,-681.0,87.2,93.2,0,0.0
1519,1B,L,Matt Olson,Dean Kremer,R,2,BAL,ATL,home,6.94,ATL,621566.0,290.0,255.0,20.0,400.0,-110.0,1,2025-07-05,255.0,28.199999999999996,-255.0,71.80000000000001,80.0,0,0.0
1520,DH,R,Marcell Ozuna,Dean Kremer,R,3,BAL,ATL,home,6.28,ATL,542303.0,470.0,390.0,18.099999999999998,452.0,18.0,0,2025-07-05,390.0,20.4,-390.0,79.6,81.9,0,0.0
1521,3B,R,Austin Riley,Dean Kremer,R,4,BAL,ATL,home,6.42,ATL,663586.0,430.0,400.0,18.5,441.0,-11.0,1,2025-07-05,400.0,20.0,-400.0,80.0,81.5,0,0.0
1522,LF,S,Jurickson Profar,Dean Kremer,R,5,BAL,ATL,home,4.33,ATL,595777.0,600.0,550.0,12.5,700.0,-100.0,0,2025-07-05,550.0,15.4,-549.0,84.6,87.5,0,0.0
1523,2B,S,Ozzie Albies,Dean Kremer,R,7,BAL,ATL,home,3.75,ATL,645277.0,700.0,650.0,10.8,826.0,-126.0,0,2025-07-05,650.0,13.3,-652.0,86.7,89.2,0,0.0
1524,CF,L,Michael Harris II,Dean Kremer,R,8,BAL,ATL,home,4.53,ATL,671739.0,630.0,600.0,13.0,669.0,-39.0,0,2025-07-05,600.0,14.299999999999999,-599.0,85.7,87.0,0,0.0
1525,SS,R,Nick Allen,Dean Kremer,R,9,BAL,ATL,home,2.17,ATL,669397.0,1500.0,1200.0,6.2,1513.0,-13.0,0,2025-07-05,1200.0,7.7,-1199.0,92.3,93.8,0,0.0
1526,LF,L,Cody Bellinger,Frankie Montas,R,2,NYY,NYM,away,5.14,NYY,641355.0,480.0,400.0,14.799999999999999,576.0,-96.0,0,2025-07-05,400.0,20.0,-400.0,80.0,85.2,0,0.0
1527,RF,R,Aaron Judge,Frankie Montas,R,3,NYY,NYM,away,9.57,NYY,592450.0,168.0,230.0,27.500000000000004,264.0,-34.0,0,2025-07-05,168.0,37.3,-168.0,62.7,72.5,0,0.0
1528,3B,L,Jazz Chisholm Jr.,Frankie Montas,R,5,NYY,NYM,away,6.34,NYY,665862.0,420.0,380.0,18.2,449.0,-29.0,1,2025-07-05,380.0,20.8,-381.0,79.2,81.8,0,0.0
1529,SS,R,Anthony Volpe,Frankie Montas,R,7,NYY,NYM,away,3.99,NYY,683011.0,800.0,600.0,11.5,770.0,30.0,1,2025-07-05,600.0,14.299999999999999,-599.0,85.7,88.5,0,0.0
1530,C,L,Austin Wells,Frankie Montas,R,8,NYY,NYM,away,5.03,NYY,669224.0,470.0,450.0,14.499999999999998,590.0,-120.0,1,2025-07-05,450.0,18.2,-449.0,81.8,85.5,0,0.0
1531,2B,R,DJ LeMahieu,Frankie Montas,R,9,NYY,NYM,away,3.6,NYY,518934.0,1060.0,900.0,10.4,862.0,198.0,0,2025-07-05,900.0,10.0,-900.0,90.0,89.6,0,0.0
1532,SS,S,Francisco Lindor,Carlos Rodon,L,1,NYY,NYM,home,5.71,NYM,596019.0,390.0,350.0,16.400000000000002,510.0,-120.0,0,2025-07-05,350.0,22.2,-350.0,77.8,83.6,0,0.0
1533,DH,R,Starling Marte,Carlos Rodon,L,2,NYY,NYM,home,4.79,NYM,516782.0,680.0,650.0,13.8,625.0,55.0,0,2025-07-05,650.0,13.3,-652.0,86.7,86.2,0,0.0
1534,RF,L,Juan Soto,Carlos Rodon,L,3,NYY,NYM,home,6.62,NYM,665742.0,400.0,400.0,19.1,424.0,-24.0,0,2025-07-05,400.0,20.0,-400.0,80.0,80.9,0,0.0
1535,1B,R,Pete Alonso,Carlos Rodon,L,4,NYY,NYM,home,6.95,NYM,624413.0,420.0,300.0,20.0,400.0,20.0,1,2025-07-05,300.0,25.0,-300.0,75.0,80.0,0,0.0
1536,LF,L,Brandon Nimmo,Carlos Rodon,L,5,NYY,NYM,home,4.74,NYM,607043.0,600.0,500.0,13.600000000000001,635.0,-35.0,1,2025-07-05,500.0,16.7,-499.0,83.3,86.4,0,0.0
1537,3B,R,Mark Vientos,Carlos Rodon,L,6,NYY,NYM,home,5.68,NYM,668901.0,500.0,450.0,16.3,513.0,-13.0,0,2025-07-05,450.0,18.2,-449.0,81.8,83.7,0,0.0
1538,CF,R,Tyrone Taylor,Carlos Rodon,L,8,NYY,NYM,home,4.41,NYM,621438.0,750.0,700.0,12.7,687.0,63.0,0,2025-07-05,700.0,12.5,-700.0,87.5,87.3,0,0.0
1539,RF,L,Sal Frelick,Cal Quantrill,R,1,MIL,MIA,away,4.28,MIL,686217.0,830.0,900.0,12.3,713.0,187.0,0,2025-07-05,830.0,10.8,-826.0,89.2,87.7,0,0.0
1540,CF,R,Jackson Chourio,Cal Quantrill,R,2,MIL,MIA,away,5.01,MIL,694192.0,520.0,400.0,14.399999999999999,594.0,-74.0,0,2025-07-05,400.0,20.0,-400.0,80.0,85.6,0,0.0
1541,DH,L,Christian Yelich,Cal Quantrill,R,3,MIL,MIA,away,6.42,MIL,592885.0,540.0,500.0,18.5,441.0,99.0,0,2025-07-05,500.0,16.7,-499.0,83.3,81.5,0,0.0
1542,2B,L,Brice Turang,Cal Quantrill,R,5,MIL,MIA,away,4.91,MIL,668930.0,1000.0,900.0,14.099999999999998,609.0,391.0,0,2025-07-05,900.0,10.0,-900.0,90.0,85.9,0,0.0
1543,1B,R,Rhys Hoskins,Cal Quantrill,R,6,MIL,MIA,away,5.07,MIL,656555.0,440.0,340.0,14.6,585.0,-145.0,0,2025-07-05,340.0,22.7,-341.0,77.3,85.4,0,0.0
1544,LF,S,Isaac Collins,Cal Quantrill,R,7,MIL,MIA,away,3.36,MIL,686555.0,800.0,950.0,9.700000000000001,931.0,19.0,0,2025-07-05,800.0,11.1,-801.0,88.9,90.3,0,0.0
1545,3B,R,Caleb Durbin,Cal Quantrill,R,8,MIL,MIA,away,3.17,MIL,702332.0,900.0,650.0,9.1,999.0,-99.0,0,2025-07-05,650.0,13.3,-652.0,86.7,90.9,0,0.0
1546,SS,R,Joey Ortiz,Cal Quantrill,R,9,MIL,MIA,away,3.14,MIL,687401.0,800.0,950.0,9.0,1011.0,-61.0,0,2025-07-05,800.0,11.1,-801.0,88.9,91.0,0,0.0
1547,2B,S,Xavier Edwards,Chad Patrick,R,1,MIL,MIA,home,2.75,MIA,669364.0,1200.0,1200.0,7.9,1166.0,34.0,0,2025-07-05,1200.0,7.7,-1199.0,92.3,92.1,0,0.0
1548,RF,L,Jesus Sanchez,Chad Patrick,R,2,MIL,MIA,home,6.18,MIA,660821.0,540.0,425.0,17.8,462.0,78.0,0,2025-07-05,425.0,19.0,-426.0,81.0,82.2,0,0.0
1549,SS,R,Otto Lopez,Chad Patrick,R,3,MIL,MIA,home,3.85,MIA,672640.0,900.0,750.0,11.1,801.0,99.0,0,2025-07-05,750.0,11.799999999999999,-747.0,88.2,88.9,0,0.0
1550,C,R,Agustin Ramirez,Chad Patrick,R,4,MIL,MIA,home,1.04,MIA,682663.0,560.0,500.0,3.0,3233.0,-2673.0,0,2025-07-05,500.0,16.7,-499.0,83.3,97.0,0,0.0
1551,LF,L,Kyle Stowers,Chad Patrick,R,5,MIL,MIA,home,5.09,MIA,669065.0,520.0,450.0,14.7,580.0,-60.0,1,2025-07-05,450.0,18.2,-449.0,81.8,85.3,0,0.0
1552,1B,R,Eric Wagaman,Chad Patrick,R,6,MIL,MIA,home,3.08,MIA,676572.0,870.0,850.0,8.9,1024.0,-154.0,0,2025-07-05,850.0,10.5,-852.0,89.5,91.1,1,1.17
1553,DH,L,Liam Hicks,Chad Patrick,R,7,MIL,MIA,home,0.89,MIA,689414.0,900.0,750.0,2.6,3746.0,-2846.0,0,2025-07-05,750.0,11.799999999999999,-747.0,88.2,97.4,1,1.34
1554,3B,R,Connor Norby,Chad Patrick,R,8,MIL,MIA,home,3.32,MIA,681393.0,830.0,750.0,9.6,942.0,-112.0,0,2025-07-05,750.0,11.799999999999999,-747.0,88.2,90.4,0,0.0
1555,CF,R,Dane Myers,Chad Patrick,R,9,MIL,MIA,home,3.71,MIA,667472.0,830.0,750.0,10.7,835.0,-5.0,0,2025-07-05,750.0,11.799999999999999,-747.0,88.2,89.3,0,0.0
1556,2B,R,Jonathan India,Ryne Nelson,R,1,KC,ARI,away,3.91,KC,663697.0,870.0,700.0,11.3,785.0,85.0,0,2025-07-05,700.0,12.5,-700.0,87.5,88.7,0,0.0
1557,3B,R,Maikel Garcia,Ryne Nelson,R,3,KC,ARI,away,3.36,KC,672580.0,1060.0,950.0,9.700000000000001,931.0,129.0,0,2025-07-05,950.0,9.5,-953.0,90.5,90.3,0,0.0
1558,1B,L,Vinnie Pasquantino,Ryne Nelson,R,4,KC,ARI,away,4.49,KC,686469.0,480.0,425.0,12.9,675.0,-195.0,0,2025-07-05,425.0,19.0,-426.0,81.0,87.1,0,0.0
1559,C,R,Salvador Perez,Ryne Nelson,R,5,KC,ARI,away,4.72,KC,521692.0,560.0,450.0,13.600000000000001,635.0,-75.0,0,2025-07-05,450.0,18.2,-449.0,81.8,86.4,0,0.0
1560,DH,L,Jac Caglianone,Ryne Nelson,R,6,KC,ARI,away,4.32,KC,695506.0,750.0,750.0,12.4,706.0,44.0,0,2025-07-05,750.0,11.799999999999999,-747.0,88.2,87.6,0,0.0
1561,LF,R,Nick Loftin,Ryne Nelson,R,7,KC,ARI,away,3.49,KC,679845.0,1060.0,900.0,10.0,900.0,160.0,0,2025-07-05,900.0,10.0,-900.0,90.0,90.0,0,0.0
1562,CF,L,Kyle Isbel,Ryne Nelson,R,9,KC,ARI,away,2.98,KC,664728.0,1200.0,1100.0,8.6,1063.0,137.0,0,2025-07-05,1100.0,8.3,-1105.0,91.7,91.4,0,0.0
1563,SS,S,Geraldo Perdomo,Michael Wacha,R,1,KC,ARI,home,3.32,ARI,672695.0,870.0,700.0,9.6,942.0,-72.0,0,2025-07-05,700.0,12.5,-700.0,87.5,90.4,0,0.0
1564,DH,L,Pavin Smith,Michael Wacha,R,3,KC,ARI,home,6.35,ARI,656976.0,560.0,475.0,18.3,446.0,114.0,0,2025-07-05,475.0,17.4,-475.0,82.6,81.7,0,0.0
1565,1B,L,Josh Naylor,Michael Wacha,R,4,KC,ARI,home,4.88,ARI,647304.0,750.0,550.0,14.000000000000002,614.0,136.0,0,2025-07-05,550.0,15.4,-549.0,84.6,86.0,0,0.0
1566,3B,R,Eugenio Suarez,Michael Wacha,R,5,KC,ARI,home,5.13,ARI,553993.0,330.0,320.0,14.799999999999999,576.0,-246.0,0,2025-07-05,320.0,23.799999999999997,-320.0,76.2,85.2,0,0.0
1567,LF,R,Lourdes Gurriel Jr.,Michael Wacha,R,6,KC,ARI,home,3.28,ARI,666971.0,680.0,650.0,9.4,964.0,-284.0,0,2025-07-05,650.0,13.3,-652.0,86.7,90.6,0,0.0
1568,CF,L,Alek Thomas,Michael Wacha,R,8,KC,ARI,home,4.95,ARI,677950.0,830.0,750.0,14.2,604.0,226.0,0,2025-07-05,750.0,11.799999999999999,-747.0,88.2,85.8,0,0.0
1569,2B,R,Gleyber Torres,Logan Allen,L,1,DET,CLE,away,5.51,DET,650402.0,480.0,390.0,15.9,529.0,-49.0,0,2025-07-05,390.0,20.4,-390.0,79.6,84.1,0,0.0
1570,DH,R,Jahmai Jones,Logan Allen,L,2,DET,CLE,away,6.87,DET,663330.0,560.0,500.0,19.8,405.0,155.0,0,2025-07-05,500.0,16.7,-499.0,83.3,80.2,0,0.0
1571,1B,R,Spencer Torkelson,Logan Allen,L,4,DET,CLE,away,5.72,DET,679529.0,400.0,310.0,16.5,506.0,-106.0,1,2025-07-05,310.0,24.4,-310.0,75.6,83.5,0,0.0
1572,CF,R,Matt Vierling,Logan Allen,L,5,DET,CLE,away,5.89,DET,663837.0,800.0,650.0,17.0,488.0,312.0,0,2025-07-05,650.0,13.3,-652.0,86.7,83.0,0,0.0
1573,RF,S,Wenceel Perez,Logan Allen,L,6,DET,CLE,away,5.11,DET,672761.0,520.0,500.0,14.7,580.0,-60.0,0,2025-07-05,500.0,16.7,-499.0,83.3,85.3,0,0.0
1574,SS,R,Javier Baez,Logan Allen,L,8,DET,CLE,away,4.32,DET,595879.0,600.0,475.0,12.4,706.0,-106.0,0,2025-07-05,475.0,17.4,-475.0,82.6,87.6,0,0.0
1575,3B,L,Zach McKinstry,Logan Allen,L,9,DET,CLE,away,3.26,DET,656716.0,830.0,1000.0,9.4,964.0,36.0,0,2025-07-05,830.0,10.8,-826.0,89.2,90.6,0,0.0
1576,LF,L,Steven Kwan,Casey Mize,R,1,DET,CLE,home,4.33,CLE,680757.0,1060.0,800.0,12.5,700.0,360.0,0,2025-07-05,800.0,11.1,-801.0,88.9,87.5,0,0.0
1577,DH,L,Kyle Manzardo,Casey Mize,R,2,DET,CLE,home,6.15,CLE,700932.0,340.0,400.0,17.7,465.0,-65.0,0,2025-07-05,340.0,22.7,-341.0,77.3,82.3,0,0.0
1578,3B,S,Jose Ramirez,Casey Mize,R,3,DET,CLE,home,5.51,CLE,608070.0,400.0,380.0,15.9,529.0,-129.0,0,2025-07-05,380.0,20.8,-381.0,79.2,84.1,0,0.0
1579,1B,S,Carlos Santana,Casey Mize,R,4,DET,CLE,home,5.29,CLE,467793.0,450.0,400.0,15.2,558.0,-108.0,0,2025-07-05,400.0,20.0,-400.0,80.0,84.8,0,0.0
1580,SS,L,Daniel Schneemann,Casey Mize,R,6,DET,CLE,home,6.07,CLE,682177.0,630.0,650.0,17.5,471.0,179.0,0,2025-07-05,630.0,13.700000000000001,-630.0,86.3,82.5,0,0.0
1581,RF,L,Nolan Jones,Casey Mize,R,7,DET,CLE,home,5.77,CLE,666134.0,680.0,550.0,16.6,502.0,178.0,0,2025-07-05,550.0,15.4,-549.0,84.6,83.4,0,0.0
1582,3B,R,Isaac Paredes,Justin Wrobleski,L,1,HOU,LAD,away,4.86,HOU,670623.0,420.0,450.0,14.000000000000002,614.0,-164.0,0,2025-07-05,420.0,19.2,-421.0,80.8,86.0,0,0.0
1583,CF,R,Jake Meyers,Justin Wrobleski,L,2,HOU,LAD,away,5.56,HOU,676694.0,680.0,600.0,16.0,525.0,155.0,0,2025-07-05,600.0,14.299999999999999,-599.0,85.7,84.0,0,0.0
1584,2B,R,Jose Altuve,Justin Wrobleski,L,3,HOU,LAD,away,5.57,HOU,514888.0,480.0,450.0,16.0,525.0,-45.0,0,2025-07-05,450.0,18.2,-449.0,81.8,84.0,0,0.0
1585,RF,R,Cam Smith,Justin Wrobleski,L,4,HOU,LAD,away,7.09,HOU,701358.0,560.0,500.0,20.4,390.0,170.0,0,2025-07-05,500.0,16.7,-499.0,83.3,79.6,0,0.0
1586,DH,S,Victor Caratini,Justin Wrobleski,L,5,HOU,LAD,away,5.41,HOU,605170.0,540.0,475.0,15.6,541.0,-1.0,0,2025-07-05,475.0,17.4,-475.0,82.6,84.4,0,0.0
1587,C,R,Yainer Diaz,Justin Wrobleski,L,6,HOU,LAD,away,5.62,HOU,673237.0,560.0,475.0,16.2,517.0,43.0,1,2025-07-05,475.0,17.4,-475.0,82.6,83.8,0,0.0
1588,1B,R,Christian Walker,Justin Wrobleski,L,7,HOU,LAD,away,6.02,HOU,572233.0,450.0,400.0,17.299999999999997,478.0,-28.0,0,2025-07-05,400.0,20.0,-400.0,80.0,82.7,0,0.0
1589,SS,R,Mauricio Dubon,Justin Wrobleski,L,9,HOU,LAD,away,3.39,HOU,643289.0,900.0,1000.0,9.8,920.0,80.0,0,2025-07-05,900.0,10.0,-900.0,90.0,90.2,0,0.0
1590,DH,L,Shohei Ohtani,Framber Valdez,L,1,HOU,LAD,home,7.68,LAD,660271.0,240.0,330.0,22.1,352.0,-22.0,0,2025-07-05,240.0,29.4,-240.0,70.6,77.9,0,0.0
1591,SS,R,Mookie Betts,Framber Valdez,L,2,HOU,LAD,home,5.23,LAD,605141.0,500.0,500.0,15.1,562.0,-62.0,1,2025-07-05,500.0,16.7,-499.0,83.3,84.9,0,0.0
1592,C,R,Will Smith,Framber Valdez,L,3,HOU,LAD,home,6.15,LAD,669257.0,420.0,500.0,17.7,465.0,35.0,0,2025-07-05,420.0,19.2,-421.0,80.8,82.3,0,0.0
1593,1B,L,Freddie Freeman,Framber Valdez,L,4,HOU,LAD,home,4.35,LAD,518692.0,480.0,650.0,12.5,700.0,-50.0,0,2025-07-05,480.0,17.2,-481.0,82.8,87.5,0,0.0
1594,RF,R,Teoscar Hernandez,Framber Valdez,L,5,HOU,LAD,home,6.97,LAD,606192.0,480.0,500.0,20.1,398.0,102.0,0,2025-07-05,480.0,17.2,-481.0,82.8,79.9,0,0.0
1595,CF,R,Andy Pages,Framber Valdez,L,6,HOU,LAD,home,5.01,LAD,681624.0,430.0,650.0,14.399999999999999,594.0,56.0,0,2025-07-05,430.0,18.9,-429.0,81.1,85.6,0,0.0
1596,2B,S,Tommy Edman,Framber Valdez,L,7,HOU,LAD,home,4.25,LAD,669242.0,600.0,600.0,12.2,720.0,-120.0,0,2025-07-05,600.0,14.299999999999999,-599.0,85.7,87.8,0,0.0
1597,LF,R,Enrique Hernandez,Framber Valdez,L,8,HOU,LAD,home,4.71,LAD,571771.0,560.0,700.0,13.600000000000001,635.0,65.0,0,2025-07-05,560.0,15.2,-558.0,84.8,86.4,0,0.0
1598,RF,L,Mike Tauchman,German Marquez,R,1,CWS,COL,away,5.69,CWS,643565.0,540.0,390.0,16.400000000000002,510.0,30.0,0,2025-07-05,390.0,20.4,-390.0,79.6,83.6,0,0.0
1599,C,L,Kyle Teel,German Marquez,R,5,CWS,COL,away,5.98,CWS,691019.0,600.0,750.0,17.2,481.0,269.0,0,2025-07-05,600.0,14.299999999999999,-599.0,85.7,82.8,0,0.0
1600,CF,R,Michael A. Taylor,German Marquez,R,8,CWS,COL,away,6.16,CWS,572191.0,750.0,800.0,17.7,465.0,335.0,1,2025-07-05,750.0,11.799999999999999,-747.0,88.2,82.3,0,0.0
1601,3B,L,Josh Rojas,German Marquez,R,9,CWS,COL,away,4.98,CWS,668942.0,1060.0,1200.0,14.299999999999999,599.0,601.0,0,2025-07-05,1060.0,8.6,-1063.0,91.4,85.7,0,0.0
1602,DH,R,Tyler Freeman,Jonathan Cannon,R,1,CWS,COL,home,3.91,COL,671289.0,700.0,550.0,11.3,785.0,-85.0,0,2025-07-05,550.0,15.4,-549.0,84.6,88.7,0,0.0
1603,C,R,Hunter Goodman,Jonathan Cannon,R,2,CWS,COL,home,6.92,COL,696100.0,220.0,200.0,19.900000000000002,403.0,-183.0,0,2025-07-05,200.0,33.300000000000004,-200.0,66.69999999999999,80.1,0,0.0
1604,LF,R,Jordan Beck,Jonathan Cannon,R,3,CWS,COL,home,5.75,COL,687597.0,420.0,310.0,16.5,506.0,-86.0,0,2025-07-05,310.0,24.4,-310.0,75.6,83.5,0,0.0
1605,3B,L,Ryan McMahon,Jonathan Cannon,R,4,CWS,COL,home,7.45,COL,641857.0,450.0,330.0,21.4,367.0,83.0,0,2025-07-05,330.0,23.3,-329.0,76.7,78.6,0,0.0
1606,2B,R,Thairo Estrada,Jonathan Cannon,R,5,CWS,COL,home,3.46,COL,642731.0,800.0,600.0,10.0,900.0,-100.0,0,2025-07-05,600.0,14.299999999999999,-599.0,85.7,90.0,0,0.0
1607,1B,S,Michael Toglia,Jonathan Cannon,R,7,CWS,COL,home,6.15,COL,669911.0,420.0,350.0,17.7,465.0,-45.0,0,2025-07-05,350.0,22.2,-350.0,77.8,82.3,0,0.0
1608,RF,L,Mickey Moniak,Jonathan Cannon,R,8,CWS,COL,home,5.65,COL,666160.0,420.0,450.0,16.3,513.0,-63.0,0,2025-07-05,420.0,19.2,-421.0,80.8,83.7,0,0.0
1609,1B,L,Josh Smith,Stephen Kolek,R,1,TEX,SD,away,3.6,TEX,669701.0,900.0,800.0,10.4,862.0,38.0,1,2025-07-05,800.0,11.1,-801.0,88.9,89.6,0,0.0
1610,SS,L,Corey Seager,Stephen Kolek,R,2,TEX,SD,away,5.67,TEX,608369.0,360.0,360.0,16.3,513.0,-153.0,0,2025-07-05,360.0,21.7,-361.0,78.3,83.7,0,0.0
1611,2B,R,Marcus Semien,Stephen Kolek,R,3,TEX,SD,away,3.3,TEX,543760.0,470.0,475.0,9.5,953.0,-478.0,0,2025-07-05,470.0,17.5,-471.0,82.5,90.5,0,0.0
1612,RF,R,Adolis Garcia,Stephen Kolek,R,4,TEX,SD,away,4.49,TEX,666969.0,520.0,500.0,12.9,675.0,-155.0,0,2025-07-05,500.0,16.7,-499.0,83.3,87.1,0,0.0
1613,C,S,Jonah Heim,Stephen Kolek,R,6,TEX,SD,away,3.41,TEX,641680.0,750.0,700.0,9.8,920.0,-170.0,0,2025-07-05,700.0,12.5,-700.0,87.5,90.2,0,0.0
1614,DH,R,Jake Burger,Stephen Kolek,R,7,TEX,SD,away,4.58,TEX,669394.0,450.0,450.0,13.200000000000001,658.0,-208.0,0,2025-07-05,450.0,18.2,-449.0,81.8,86.8,0,0.0
1615,RF,R,Fernando Tatis Jr.,Patrick Corbin,L,1,TEX,SD,home,7.63,SD,665487.0,350.0,340.0,22.0,355.0,-5.0,0,2025-07-05,340.0,22.7,-341.0,77.3,78.0,0,0.0
1616,CF,L,Jackson Merrill,Patrick Corbin,L,2,TEX,SD,home,5.76,SD,701538.0,450.0,500.0,16.6,502.0,-2.0,0,2025-07-05,450.0,18.2,-449.0,81.8,83.4,0,0.0
1617,3B,R,Manny Machado,Patrick Corbin,L,3,TEX,SD,home,7.2,SD,592518.0,300.0,300.0,20.7,383.0,-83.0,0,2025-07-05,300.0,25.0,-300.0,75.0,79.3,0,0.0
1618,1B,L,Luis Arraez,Patrick Corbin,L,4,TEX,SD,home,2.87,SD,650333.0,1300.0,1200.0,8.3,1105.0,195.0,0,2025-07-05,1200.0,7.7,-1199.0,92.3,91.7,0,0.0
1619,LF,L,Gavin Sheets,Patrick Corbin,L,5,TEX,SD,home,4.75,SD,657757.0,600.0,600.0,13.700000000000001,630.0,-30.0,0,2025-07-05,600.0,14.299999999999999,-599.0,85.7,86.3,0,0.0
1620,2B,L,Jake Cronenworth,Patrick Corbin,L,7,TEX,SD,home,4.33,SD,630105.0,600.0,650.0,12.5,700.0,-50.0,1,2025-07-05,600.0,14.299999999999999,-599.0,85.7,87.5,0,0.0
1621,RF,L,Mike Yastrzemski,Luis Severino,R,1,SF,ATH,away,5.46,SF,573262.0,440.0,340.0,15.7,537.0,-97.0,0,2025-07-05,340.0,22.7,-341.0,77.3,84.3,0,0.0
1622,DH,L,Rafael Devers,Luis Severino,R,2,SF,ATH,away,6.33,SF,646240.0,285.0,220.0,18.2,449.0,-164.0,0,2025-07-05,220.0,31.2,-221.0,68.8,81.8,0,0.0
1623,LF,R,Heliot Ramos,Luis Severino,R,3,SF,ATH,away,4.46,SF,671218.0,450.0,290.0,12.8,681.0,-231.0,1,2025-07-05,290.0,25.6,-291.0,74.4,87.2,0,0.0
1624,CF,L,Jung Hoo Lee,Luis Severino,R,5,SF,ATH,away,3.96,SF,808982.0,900.0,550.0,11.4,777.0,123.0,0,2025-07-05,550.0,15.4,-549.0,84.6,88.6,0,0.0
1625,SS,R,Willy Adames,Luis Severino,R,6,SF,ATH,away,5.08,SF,642715.0,400.0,400.0,14.6,585.0,-185.0,0,2025-07-05,400.0,20.0,-400.0,80.0,85.4,0,0.0
1626,1B,L,Dominic Smith,Luis Severino,R,7,SF,ATH,away,4.92,SF,642086.0,600.0,475.0,14.2,604.0,-4.0,0,2025-07-05,475.0,17.4,-475.0,82.6,85.8,0,0.0
1627,C,S,Patrick Bailey,Luis Severino,R,8,SF,ATH,away,3.58,SF,672275.0,900.0,700.0,10.299999999999999,871.0,29.0,0,2025-07-05,700.0,12.5,-700.0,87.5,89.7,0,0.0
1628,RF,L,Lawrence Butler,Logan Webb,R,1,SF,ATH,home,4.84,ATH,671732.0,560.0,450.0,13.900000000000002,619.0,-59.0,0,2025-07-05,450.0,18.2,-449.0,81.8,86.1,0,0.0
1629,SS,R,Jacob Wilson,Logan Webb,R,2,SF,ATH,home,0.89,ATH,805779.0,800.0,850.0,2.6,3746.0,-2896.0,0,2025-07-05,800.0,11.1,-801.0,88.9,97.4,1,1.25
1630,DH,R,Brent Rooker,Logan Webb,R,3,SF,ATH,home,5.38,ATH,667670.0,420.0,400.0,15.5,545.0,-125.0,0,2025-07-05,400.0,20.0,-400.0,80.0,84.5,0,0.0
1631,1B,L,Nick Kurtz,Logan Webb,R,4,SF,ATH,home,8.15,ATH,701762.0,480.0,450.0,23.5,326.0,154.0,0,2025-07-05,450.0,18.2,-449.0,81.8,76.5,0,0.0
1632,C,R,Shea Langeliers,Logan Webb,R,5,SF,ATH,home,4.86,ATH,669127.0,520.0,425.0,14.000000000000002,614.0,-94.0,0,2025-07-05,425.0,19.0,-426.0,81.0,86.0,0,0.0
1633,LF,L,Tyler Soderstrom,Logan Webb,R,6,SF,ATH,home,5.78,ATH,691016.0,630.0,500.0,16.6,502.0,128.0,0,2025-07-05,500.0,16.7,-499.0,83.3,83.4,0,0.0
1634,3B,R,Max Muncy,Logan Webb,R,8,SF,ATH,home,5.31,ATH,691777.0,750.0,750.0,15.299999999999999,554.0,196.0,0,2025-07-05,750.0,11.799999999999999,-747.0,88.2,84.7,0,0.0
1635,CF,R,Denzel Clarke,Logan Webb,R,9,SF,ATH,home,3.46,ATH,672016.0,900.0,850.0,10.0,900.0,0.0,0,2025-07-05,850.0,10.5,-852.0,89.5,90.0,0,0.0
1636,1B,L,Spencer Horwitz,Luis Castillo,R,1,PIT,SEA,away,5.31,PIT,687462.0,750.0,650.0,15.299999999999999,554.0,196.0,0,2025-07-05,650.0,13.3,-652.0,86.7,84.7,0,0.0
1637,DH,R,Andrew McCutchen,Luis Castillo,R,2,PIT,SEA,away,4.66,PIT,457705.0,630.0,600.0,13.4,646.0,-16.0,0,2025-07-05,600.0,14.299999999999999,-599.0,85.7,86.6,0,0.0
1638,RF,S,Bryan Reynolds,Luis Castillo,R,3,PIT,SEA,away,5.53,PIT,668804.0,600.0,600.0,15.9,529.0,71.0,0,2025-07-05,600.0,14.299999999999999,-599.0,85.7,84.1,0,0.0
1639,2B,R,Nick Gonzales,Luis Castillo,R,4,PIT,SEA,away,3.59,PIT,693304.0,870.0,850.0,10.299999999999999,871.0,-1.0,0,2025-07-05,850.0,10.5,-852.0,89.5,89.7,0,0.0
1640,CF,L,Oneil Cruz,Luis Castillo,R,5,PIT,SEA,away,7.77,PIT,665833.0,440.0,425.0,22.400000000000002,346.0,94.0,0,2025-07-05,425.0,19.0,-426.0,81.0,77.6,0,0.0
1641,3B,R,Ke'Bryan Hayes,Luis Castillo,R,6,PIT,SEA,away,3.29,PIT,663647.0,1000.0,1000.0,9.5,953.0,47.0,0,2025-07-05,1000.0,9.1,-999.0,90.9,90.5,0,0.0
1642,LF,R,Tommy Pham,Luis Castillo,R,7,PIT,SEA,away,3.33,PIT,502054.0,900.0,900.0,9.6,942.0,-42.0,0,2025-07-05,900.0,10.0,-900.0,90.0,90.4,0,0.0
1643,SS,R,Isiah Kiner-Falefa,Luis Castillo,R,9,PIT,SEA,away,2.64,PIT,643396.0,1300.0,1200.0,7.6,1216.0,84.0,0,2025-07-05,1200.0,7.7,-1199.0,92.3,92.4,0,0.0
1644,SS,L,J.P. Crawford,Mike Burrows,R,1,PIT,SEA,home,4.42,SEA,641487.0,830.0,700.0,12.7,687.0,143.0,0,2025-07-05,700.0,12.5,-700.0,87.5,87.3,0,0.0
1645,C,S,Cal Raleigh,Mike Burrows,R,3,PIT,SEA,home,6.39,SEA,663728.0,240.0,205.0,18.4,443.0,-203.0,0,2025-07-05,205.0,32.800000000000004,-205.0,67.19999999999999,81.6,0,0.0
1646,DH,S,Jorge Polanco,Mike Burrows,R,4,PIT,SEA,home,4.69,SEA,593871.0,600.0,425.0,13.5,641.0,-41.0,0,2025-07-05,425.0,19.0,-426.0,81.0,86.5,0,0.0
1647,LF,R,Randy Arozarena,Mike Burrows,R,5,PIT,SEA,home,4.9,SEA,668227.0,480.0,390.0,14.099999999999998,609.0,-129.0,0,2025-07-05,390.0,20.4,-390.0,79.6,85.9,0,0.0
1648,1B,L,Luke Raley,Mike Burrows,R,6,PIT,SEA,home,5.92,SEA,670042.0,470.0,400.0,17.0,488.0,-18.0,0,2025-07-05,400.0,20.0,-400.0,80.0,83.0,0,0.0
1649,RF,L,Dominic Canzone,Mike Burrows,R,7,PIT,SEA,home,5.55,SEA,686527.0,520.0,425.0,16.0,525.0,-5.0,0,2025-07-05,425.0,19.0,-426.0,81.0,84.0,0,0.0
1650,3B,R,Ben Williamson,Mike Burrows,R,8,PIT,SEA,home,2.56,SEA,810938.0,1000.0,1200.0,7.3999999999999995,1251.0,-51.0,0,2025-07-05,1000.0,9.1,-999.0,90.9,92.6,0,0.0
1651,2B,L,Cole Young,Mike Burrows,R,9,PIT,SEA,home,3.4,SEA,702284.0,1060.0,900.0,9.8,920.0,140.0,0,2025-07-05,900.0,10.0,-900.0,90.0,90.2,0,0.0
1652,2B,L,Jackson Holliday,Grant Holmes,R,1,BAL,ATL,away,6.34,BAL,702616.0,560.0,500.0,18.2,449.0,111.0,1,2025-07-06,500.0,16.7,-499.0,83.3,81.8,0,0.0
1653,RF,R,Ramon Laureano,Grant Holmes,R,2,BAL,ATL,away,5.4,BAL,657656.0,560.0,475.0,15.5,545.0,15.0,0,2025-07-06,475.0,17.4,-475.0,82.6,84.5,0,0.0
1654,SS,L,Gunnar Henderson,Grant Holmes,R,3,BAL,ATL,away,5.95,BAL,683002.0,430.0,340.0,17.1,485.0,-55.0,0,2025-07-06,340.0,22.7,-341.0,77.3,82.9,0,0.0
1655,DH,L,Ryan O'Hearn,Grant Holmes,R,4,BAL,ATL,away,5.13,BAL,656811.0,520.0,450.0,14.799999999999999,576.0,-56.0,0,2025-07-06,450.0,18.2,-449.0,81.8,85.2,0,0.0
1656,LF,L,Colton Cowser,Grant Holmes,R,6,BAL,ATL,away,6.06,BAL,681297.0,500.0,425.0,17.4,475.0,25.0,0,2025-07-06,425.0,19.0,-426.0,81.0,82.6,0,0.0
1657,CF,L,Cedric Mullins,Grant Holmes,R,7,BAL,ATL,away,3.62,BAL,656775.0,600.0,475.0,10.4,862.0,-262.0,0,2025-07-06,475.0,17.4,-475.0,82.6,89.6,0,0.0
1658,LF,S,Jurickson Profar,Trevor Rogers,L,1,BAL,ATL,home,3.91,ATL,595777.0,630.0,550.0,11.3,785.0,-155.0,0,2025-07-06,550.0,15.4,-549.0,84.6,88.7,0,0.0
1659,1B,L,Matt Olson,Trevor Rogers,L,2,BAL,ATL,home,5.93,ATL,621566.0,390.0,330.0,17.1,485.0,-95.0,0,2025-07-06,330.0,23.3,-329.0,76.7,82.9,0,0.0
1660,3B,R,Austin Riley,Trevor Rogers,L,3,BAL,ATL,home,6.68,ATL,663586.0,350.0,310.0,19.2,421.0,-71.0,0,2025-07-06,310.0,24.4,-310.0,75.6,80.8,0,0.0
1661,C,R,Sean Murphy,Trevor Rogers,L,4,BAL,ATL,home,6.69,ATL,669221.0,500.0,400.0,19.3,418.0,82.0,1,2025-07-06,400.0,20.0,-400.0,80.0,80.7,0,0.0
1662,2B,S,Ozzie Albies,Trevor Rogers,L,5,BAL,ATL,home,3.7,ATL,645277.0,680.0,550.0,10.6,843.0,-163.0,0,2025-07-06,550.0,15.4,-549.0,84.6,89.4,0,0.0
1663,SS,R,Nick Allen,Trevor Rogers,L,9,BAL,ATL,home,2.85,ATL,669397.0,1200.0,900.0,8.200000000000001,1120.0,80.0,0,2025-07-06,900.0,10.0,-900.0,90.0,91.8,0,0.0
1664,RF,R,Alex Call,Garrett Crochet,L,1,BOS,WSH,home,4.69,WSH,669743.0,1000.0,700.0,13.5,641.0,359.0,0,2025-07-06,700.0,12.5,-700.0,87.5,86.5,0,0.0
1665,LF,L,James Wood,Garrett Crochet,L,2,BOS,WSH,home,6.32,WSH,695578.0,520.0,550.0,18.2,449.0,101.0,0,2025-07-06,520.0,16.1,-521.0,83.9,81.8,0,0.0
1666,2B,R,Amed Rosario,Garrett Crochet,L,3,BOS,WSH,home,4.7,WSH,642708.0,900.0,800.0,13.5,641.0,259.0,0,2025-07-06,800.0,11.1,-801.0,88.9,86.5,0,0.0
1667,1B,L,Nathaniel Lowe,Garrett Crochet,L,4,BOS,WSH,home,3.78,WSH,663993.0,900.0,750.0,10.9,817.0,83.0,0,2025-07-06,750.0,11.799999999999999,-747.0,88.2,89.1,0,0.0
1668,SS,R,Paul DeJong,Garrett Crochet,L,5,BOS,WSH,home,3.84,WSH,657557.0,750.0,650.0,11.1,801.0,-51.0,0,2025-07-06,650.0,13.3,-652.0,86.7,88.9,0,0.0
1669,CF,R,Jacob Young,Garrett Crochet,L,9,BOS,WSH,home,2.53,WSH,696285.0,1700.0,1100.0,7.3,1270.0,430.0,0,2025-07-06,1100.0,8.3,-1105.0,91.7,92.7,0,0.0
1670,CF,L,TJ Friedl,Zack Wheeler,R,1,CIN,PHI,away,4.11,CIN,670770.0,800.0,650.0,11.799999999999999,747.0,53.0,0,2025-07-06,650.0,13.3,-652.0,86.7,88.2,0,0.0
1671,2B,R,Matt McLain,Zack Wheeler,R,2,CIN,PHI,away,4.84,CIN,680574.0,600.0,500.0,13.900000000000002,619.0,-19.0,0,2025-07-06,500.0,16.7,-499.0,83.3,86.1,0,0.0
1672,SS,S,Elly De La Cruz,Zack Wheeler,R,3,CIN,PHI,away,7.18,CIN,682829.0,440.0,390.0,20.7,383.0,57.0,0,2025-07-06,390.0,20.4,-390.0,79.6,79.3,0,0.0
1673,DH,R,Austin Hays,Zack Wheeler,R,4,CIN,PHI,away,4.84,CIN,669720.0,560.0,500.0,13.900000000000002,619.0,-59.0,1,2025-07-06,500.0,16.7,-499.0,83.3,86.1,0,0.0
1674,LF,L,Gavin Lux,Zack Wheeler,R,5,CIN,PHI,away,4.89,CIN,666158.0,870.0,800.0,14.099999999999998,609.0,261.0,0,2025-07-06,800.0,11.1,-801.0,88.9,85.9,0,0.0
1675,1B,R,Spencer Steer,Zack Wheeler,R,6,CIN,PHI,away,3.75,CIN,668715.0,750.0,650.0,10.8,826.0,-76.0,0,2025-07-06,650.0,13.3,-652.0,86.7,89.2,0,0.0
1676,C,R,Tyler Stephenson,Zack Wheeler,R,7,CIN,PHI,away,4.72,CIN,663886.0,600.0,600.0,13.600000000000001,635.0,-35.0,0,2025-07-06,600.0,14.299999999999999,-599.0,85.7,86.4,0,0.0
1677,RF,L,Will Benson,Zack Wheeler,R,8,CIN,PHI,away,9.32,CIN,666181.0,630.0,550.0,26.8,273.0,357.0,0,2025-07-06,550.0,15.4,-549.0,84.6,73.2,0,0.0
1678,SS,R,Trea Turner,Chase Burns,R,1,CIN,PHI,home,4.83,PHI,607208.0,430.0,400.0,13.900000000000002,619.0,-189.0,0,2025-07-06,400.0,20.0,-400.0,80.0,86.1,0,0.0
1679,DH,L,Kyle Schwarber,Chase Burns,R,2,CIN,PHI,home,7.99,PHI,656941.0,215.0,200.0,23.0,335.0,-120.0,0,2025-07-06,200.0,33.300000000000004,-200.0,66.69999999999999,77.0,0,0.0
1680,1B,L,Bryce Harper,Chase Burns,R,3,CIN,PHI,home,5.95,PHI,547180.0,330.0,260.0,17.1,485.0,-155.0,0,2025-07-06,260.0,27.800000000000004,-260.0,72.19999999999999,82.9,0,0.0
1681,3B,R,Alec Bohm,Chase Burns,R,4,CIN,PHI,home,4.4,PHI,664761.0,560.0,500.0,12.7,687.0,-127.0,0,2025-07-06,500.0,16.7,-499.0,83.3,87.3,0,0.0
1682,RF,R,Nick Castellanos,Chase Burns,R,5,CIN,PHI,home,4.49,PHI,592206.0,500.0,400.0,12.9,675.0,-175.0,0,2025-07-06,400.0,20.0,-400.0,80.0,87.1,0,0.0
1683,LF,L,Max Kepler,Chase Burns,R,6,CIN,PHI,home,5.01,PHI,596146.0,390.0,350.0,14.399999999999999,594.0,-204.0,0,2025-07-06,350.0,22.2,-350.0,77.8,85.6,0,0.0
1684,C,R,J.T. Realmuto,Chase Burns,R,7,CIN,PHI,home,4.31,PHI,592663.0,560.0,425.0,12.4,706.0,-146.0,0,2025-07-06,425.0,19.0,-426.0,81.0,87.6,0,0.0
1685,2B,L,Bryson Stott,Chase Burns,R,8,CIN,PHI,home,3.79,PHI,681082.0,800.0,700.0,10.9,817.0,-17.0,1,2025-07-06,700.0,12.5,-700.0,87.5,89.1,0,0.0
1686,CF,L,Brandon Marsh,Chase Burns,R,9,CIN,PHI,home,4.26,PHI,669016.0,700.0,600.0,12.3,713.0,-13.0,0,2025-07-06,600.0,14.299999999999999,-599.0,85.7,87.7,0,0.0
1687,SS,R,Zach Neto,Kevin Gausman,R,1,LAA,TOR,away,5.58,LAA,687263.0,420.0,390.0,16.1,521.0,-101.0,0,2025-07-06,390.0,20.4,-390.0,79.6,83.9,0,0.0
1688,1B,L,Nolan Schanuel,Kevin Gausman,R,2,LAA,TOR,away,4.27,LAA,694384.0,750.0,1100.0,12.3,713.0,387.0,0,2025-07-06,750.0,11.799999999999999,-747.0,88.2,87.7,0,0.0
1689,DH,R,Mike Trout,Kevin Gausman,R,3,LAA,TOR,away,7.05,LAA,545361.0,280.0,275.0,20.3,393.0,-113.0,1,2025-07-06,275.0,26.700000000000003,-275.0,73.3,79.7,0,0.0
1690,LF,R,Taylor Ward,Kevin Gausman,R,4,LAA,TOR,away,5.9,LAA,621493.0,360.0,360.0,17.0,488.0,-128.0,0,2025-07-06,360.0,21.7,-361.0,78.3,83.0,0,0.0
1691,CF,R,Jo Adell,Kevin Gausman,R,5,LAA,TOR,away,5.4,LAA,666176.0,360.0,425.0,15.5,545.0,-120.0,0,2025-07-06,360.0,21.7,-361.0,78.3,84.5,0,0.0
1692,C,R,Logan O'Hoppe,Kevin Gausman,R,6,LAA,TOR,away,5.79,LAA,681351.0,360.0,400.0,16.7,499.0,-99.0,0,2025-07-06,360.0,21.7,-361.0,78.3,83.3,0,0.0
1693,2B,S,Luis Rengifo,Kevin Gausman,R,7,LAA,TOR,away,3.57,LAA,650859.0,830.0,1200.0,10.299999999999999,871.0,329.0,0,2025-07-06,830.0,10.8,-826.0,89.2,89.7,0,0.0
1694,3B,R,Ernie Clement,Tyler Anderson,L,1,LAA,TOR,home,5.26,TOR,676391.0,600.0,600.0,15.1,562.0,38.0,0,2025-07-06,600.0,14.299999999999999,-599.0,85.7,84.9,0,0.0
1695,DH,R,George Springer,Tyler Anderson,L,2,LAA,TOR,home,7.65,TOR,543807.0,340.0,380.0,22.0,355.0,25.0,0,2025-07-06,340.0,22.7,-341.0,77.3,78.0,0,0.0
1696,1B,R,Vladimir Guerrero Jr.,Tyler Anderson,L,3,LAA,TOR,home,7.61,TOR,665489.0,310.0,310.0,21.9,357.0,-47.0,0,2025-07-06,310.0,24.4,-310.0,75.6,78.1,0,0.0
1697,SS,R,Bo Bichette,Tyler Anderson,L,4,LAA,TOR,home,5.92,TOR,666182.0,470.0,450.0,17.0,488.0,-18.0,1,2025-07-06,450.0,18.2,-449.0,81.8,83.0,0,0.0
1698,C,R,Alejandro Kirk,Tyler Anderson,L,5,LAA,TOR,home,5.96,TOR,672386.0,470.0,500.0,17.2,481.0,19.0,0,2025-07-06,470.0,17.5,-471.0,82.5,82.8,0,0.0
1699,LF,R,Davis Schneider,Tyler Anderson,L,6,LAA,TOR,home,5.6,TOR,676914.0,480.0,600.0,16.1,521.0,79.0,0,2025-07-06,480.0,17.2,-481.0,82.8,83.9,0,0.0
1700,CF,R,Myles Straw,Tyler Anderson,L,7,LAA,TOR,home,5.35,TOR,664702.0,1060.0,1400.0,15.4,549.0,851.0,0,2025-07-06,1060.0,8.6,-1063.0,91.4,84.6,0,0.0
1701,2B,R,Leo Jimenez,Tyler Anderson,L,9,LAA,TOR,home,2.82,TOR,677870.0,870.0,950.0,8.1,1135.0,-185.0,0,2025-07-06,870.0,10.299999999999999,-871.0,89.7,91.9,1,1.15
1702,2B,L,Colt Keith,Gavin Williams,R,1,DET,CLE,away,6.93,DET,690993.0,630.0,400.0,19.900000000000002,403.0,227.0,0,2025-07-06,400.0,20.0,-400.0,80.0,80.1,0,0.0
1703,LF,L,Riley Greene,Gavin Williams,R,3,DET,CLE,away,8.18,DET,682985.0,350.0,350.0,23.5,326.0,24.0,1,2025-07-06,350.0,22.2,-350.0,77.8,76.5,0,0.0
1704,1B,R,Spencer Torkelson,Gavin Williams,R,4,DET,CLE,away,4.61,DET,679529.0,400.0,370.0,13.3,652.0,-252.0,0,2025-07-06,370.0,21.3,-369.0,78.7,86.7,0,0.0
1705,RF,S,Wenceel Perez,Gavin Williams,R,5,DET,CLE,away,5.29,DET,672761.0,600.0,425.0,15.2,558.0,42.0,0,2025-07-06,425.0,19.0,-426.0,81.0,84.8,0,0.0
1706,C,R,Dillon Dingler,Gavin Williams,R,6,DET,CLE,away,3.96,DET,693307.0,750.0,600.0,11.4,777.0,-27.0,0,2025-07-06,600.0,14.299999999999999,-599.0,85.7,88.6,0,0.0
1707,CF,L,Parker Meadows,Gavin Williams,R,7,DET,CLE,away,5.44,DET,678009.0,750.0,600.0,15.7,537.0,213.0,0,2025-07-06,600.0,14.299999999999999,-599.0,85.7,84.3,0,0.0
1708,3B,R,Javier Baez,Gavin Williams,R,8,DET,CLE,away,3.53,DET,595879.0,830.0,600.0,10.2,880.0,-50.0,0,2025-07-06,600.0,14.299999999999999,-599.0,85.7,89.8,0,0.0
1709,LF,L,Steven Kwan,Tarik Skubal,L,1,DET,CLE,home,3.19,CLE,680757.0,1500.0,1200.0,9.2,987.0,513.0,0,2025-07-06,1200.0,7.7,-1199.0,92.3,90.8,0,0.0
1710,DH,R,David Fry,Tarik Skubal,L,2,DET,CLE,home,4.42,CLE,681807.0,630.0,700.0,12.7,687.0,13.0,0,2025-07-06,630.0,13.700000000000001,-630.0,86.3,87.3,0,0.0
1711,3B,S,Jose Ramirez,Tarik Skubal,L,3,DET,CLE,home,4.72,CLE,608070.0,520.0,425.0,13.600000000000001,635.0,-115.0,0,2025-07-06,425.0,19.0,-426.0,81.0,86.4,0,0.0
1712,1B,S,Carlos Santana,Tarik Skubal,L,4,DET,CLE,home,4.38,CLE,467793.0,680.0,650.0,12.6,694.0,-14.0,0,2025-07-06,650.0,13.3,-652.0,86.7,87.4,0,0.0
1713,CF,S,Angel Martinez,Tarik Skubal,L,5,DET,CLE,home,3.05,CLE,682657.0,1060.0,950.0,8.799999999999999,1036.0,24.0,0,2025-07-06,950.0,9.5,-953.0,90.5,91.2,0,0.0
1714,C,R,Austin Hedges,Tarik Skubal,L,8,DET,CLE,home,3.0,CLE,595978.0,1100.0,1200.0,8.6,1063.0,137.0,0,2025-07-06,1100.0,8.3,-1105.0,91.7,91.4,0,0.0
1715,SS,S,Brayan Rocchio,Tarik Skubal,L,9,DET,CLE,home,3.14,CLE,677587.0,1300.0,1200.0,9.0,1011.0,289.0,0,2025-07-06,1200.0,7.7,-1199.0,92.3,91.0,0,0.0
1716,RF,R,Aaron Judge,Brandon Waddell,L,3,NYY,NYM,away,8.8,NYY,592450.0,154.0,155.0,25.3,295.0,-140.0,1,2025-07-06,154.0,39.4,-154.0,60.6,74.7,0,0.0
1717,DH,R,Giancarlo Stanton,Brandon Waddell,L,4,NYY,NYM,away,5.09,NYY,519317.0,285.0,295.0,14.7,580.0,-285.0,0,2025-07-06,285.0,26.0,-285.0,74.0,85.3,0,0.0
1718,LF,L,Cody Bellinger,Brandon Waddell,L,5,NYY,NYM,away,3.38,NYY,641355.0,430.0,350.0,9.700000000000001,931.0,-501.0,0,2025-07-06,350.0,22.2,-350.0,77.8,90.3,0,0.0
1719,SS,R,Anthony Volpe,Brandon Waddell,L,6,NYY,NYM,away,3.45,NYY,683011.0,630.0,550.0,9.9,910.0,-280.0,0,2025-07-06,550.0,15.4,-549.0,84.6,90.1,0,0.0
1720,2B,R,DJ LeMahieu,Brandon Waddell,L,7,NYY,NYM,away,3.28,NYY,518934.0,870.0,700.0,9.4,964.0,-94.0,0,2025-07-06,700.0,12.5,-700.0,87.5,90.6,0,0.0
1721,C,L,Austin Wells,Brandon Waddell,L,8,NYY,NYM,away,3.67,NYY,669224.0,540.0,450.0,10.6,843.0,-303.0,1,2025-07-06,450.0,18.2,-449.0,81.8,89.4,0,0.0
1722,LF,R,Starling Marte,Max Fried,L,1,NYY,NYM,home,4.92,NYM,516782.0,900.0,950.0,14.2,604.0,346.0,0,2025-07-06,900.0,10.0,-900.0,90.0,85.8,0,0.0
1723,SS,S,Francisco Lindor,Max Fried,L,2,NYY,NYM,home,5.61,NYM,596019.0,480.0,425.0,16.1,521.0,-41.0,0,2025-07-06,425.0,19.0,-426.0,81.0,83.9,0,0.0
1724,RF,L,Juan Soto,Max Fried,L,3,NYY,NYM,home,7.24,NYM,665742.0,420.0,500.0,20.8,381.0,119.0,0,2025-07-06,420.0,19.2,-421.0,80.8,79.2,0,0.0
1725,1B,R,Pete Alonso,Max Fried,L,4,NYY,NYM,home,7.02,NYM,624413.0,450.0,425.0,20.200000000000003,395.0,55.0,0,2025-07-06,425.0,19.0,-426.0,81.0,79.8,0,0.0
1726,DH,L,Brandon Nimmo,Max Fried,L,5,NYY,NYM,home,4.8,NYM,607043.0,560.0,650.0,13.8,625.0,25.0,0,2025-07-06,560.0,15.2,-558.0,84.8,86.2,0,0.0
1727,3B,R,Mark Vientos,Max Fried,L,6,NYY,NYM,home,5.48,NYM,668901.0,600.0,600.0,15.8,533.0,67.0,0,2025-07-06,600.0,14.299999999999999,-599.0,85.7,84.2,0,0.0
1728,CF,R,Tyrone Taylor,Max Fried,L,7,NYY,NYM,home,4.34,NYM,621438.0,900.0,850.0,12.5,700.0,200.0,0,2025-07-06,850.0,10.5,-852.0,89.5,87.5,0,0.0
1729,RF,L,Sal Frelick,Edward Cabrera,R,1,MIL,MIA,away,4.31,MIL,686217.0,1000.0,850.0,12.4,706.0,294.0,0,2025-07-06,850.0,10.5,-852.0,89.5,87.6,0,0.0
1730,DH,R,William Contreras,Edward Cabrera,R,2,MIL,MIA,away,4.77,MIL,661388.0,750.0,500.0,13.700000000000001,630.0,120.0,0,2025-07-06,500.0,16.7,-499.0,83.3,86.3,0,0.0
1731,LF,L,Christian Yelich,Edward Cabrera,R,3,MIL,MIA,away,6.46,MIL,592885.0,560.0,500.0,18.6,438.0,122.0,0,2025-07-06,500.0,16.7,-499.0,83.3,81.4,0,0.0
1732,CF,R,Jackson Chourio,Edward Cabrera,R,4,MIL,MIA,away,5.12,MIL,694192.0,630.0,500.0,14.7,580.0,50.0,1,2025-07-06,500.0,16.7,-499.0,83.3,85.3,0,0.0
1733,2B,L,Brice Turang,Edward Cabrera,R,5,MIL,MIA,away,4.99,MIL,668930.0,800.0,750.0,14.399999999999999,594.0,206.0,0,2025-07-06,750.0,11.799999999999999,-747.0,88.2,85.6,0,0.0
1734,3B,R,Caleb Durbin,Edward Cabrera,R,6,MIL,MIA,away,3.58,MIL,702332.0,830.0,650.0,10.299999999999999,871.0,-41.0,0,2025-07-06,650.0,13.3,-652.0,86.7,89.7,0,0.0
1735,1B,L,Jake Bauers,Edward Cabrera,R,7,MIL,MIA,away,5.99,MIL,641343.0,600.0,475.0,17.2,481.0,119.0,0,2025-07-06,475.0,17.4,-475.0,82.6,82.8,0,0.0
1736,DH,R,Yandy Diaz,Joe Ryan,R,1,TB,MIN,away,4.64,TB,650490.0,450.0,500.0,13.4,646.0,-146.0,0,2025-07-06,450.0,18.2,-449.0,81.8,86.6,0,0.0
1737,2B,L,Brandon Lowe,Joe Ryan,R,2,TB,MIN,away,6.51,TB,664040.0,330.0,310.0,18.7,435.0,-105.0,0,2025-07-06,310.0,24.4,-310.0,75.6,81.3,0,0.0
1738,3B,R,Junior Caminero,Joe Ryan,R,3,TB,MIN,away,6.67,TB,691406.0,390.0,370.0,19.2,421.0,-31.0,0,2025-07-06,370.0,21.3,-369.0,78.7,80.8,0,0.0
1739,1B,L,Jonathan Aranda,Joe Ryan,R,4,TB,MIN,away,6.88,TB,666018.0,470.0,400.0,19.8,405.0,65.0,0,2025-07-06,400.0,20.0,-400.0,80.0,80.2,0,0.0
1740,LF,S,Jake Mangum,Joe Ryan,R,5,TB,MIN,away,3.75,TB,663968.0,900.0,1000.0,10.8,826.0,174.0,0,2025-07-06,900.0,10.0,-900.0,90.0,89.2,0,0.0
1741,SS,S,Taylor Walls,Joe Ryan,R,7,TB,MIN,away,3.27,TB,670764.0,900.0,800.0,9.4,964.0,-64.0,1,2025-07-06,800.0,11.1,-801.0,88.9,90.6,0,0.0
1742,CF,L,Chandler Simpson,Joe Ryan,R,8,TB,MIN,away,3.52,TB,802415.0,1300.0,1400.0,10.100000000000001,890.0,510.0,0,2025-07-06,1300.0,7.1,-1308.0,92.9,89.9,0,0.0
1743,C,L,Matt Thaiss,Joe Ryan,R,9,TB,MIN,away,4.96,TB,642136.0,900.0,750.0,14.299999999999999,599.0,301.0,0,2025-07-06,750.0,11.799999999999999,-747.0,88.2,85.7,0,0.0
1744,CF,R,Byron Buxton,Drew Rasmussen,R,1,TB,MIN,home,5.14,MIN,621439.0,340.0,290.0,14.799999999999999,576.0,-236.0,1,2025-07-06,290.0,25.6,-291.0,74.4,85.2,0,0.0
1745,LF,S,Willi Castro,Drew Rasmussen,R,2,TB,MIN,home,3.78,MIN,650489.0,830.0,750.0,10.9,817.0,13.0,0,2025-07-06,750.0,11.799999999999999,-747.0,88.2,89.1,0,0.0
1746,RF,L,Trevor Larnach,Drew Rasmussen,R,3,TB,MIN,home,4.58,MIN,663616.0,680.0,450.0,13.200000000000001,658.0,22.0,0,2025-07-06,450.0,18.2,-449.0,81.8,86.8,0,0.0
1747,SS,R,Carlos Correa,Drew Rasmussen,R,4,TB,MIN,home,3.57,MIN,621043.0,600.0,450.0,10.299999999999999,871.0,-271.0,0,2025-07-06,450.0,18.2,-449.0,81.8,89.7,0,0.0
1748,2B,S,Brooks Lee,Drew Rasmussen,R,5,TB,MIN,home,3.08,MIN,686797.0,870.0,450.0,8.9,1024.0,-154.0,0,2025-07-06,450.0,18.2,-449.0,81.8,91.1,0,0.0
1749,DH,L,Matt Wallner,Drew Rasmussen,R,6,TB,MIN,home,5.13,MIN,670242.0,450.0,370.0,14.799999999999999,576.0,-126.0,0,2025-07-06,370.0,21.3,-369.0,78.7,85.2,0,0.0
1750,C,R,Christian Vazquez,Drew Rasmussen,R,9,TB,MIN,home,2.61,MIN,543877.0,1400.0,1500.0,7.5,1233.0,267.0,0,2025-07-06,1400.0,6.7,-1393.0,93.3,92.5,0,0.0
1751,RF,L,Mike Tauchman,Chase Dollander,R,1,CWS,COL,away,5.74,CWS,643565.0,500.0,550.0,16.5,506.0,44.0,0,2025-07-06,500.0,16.7,-499.0,83.3,83.5,0,0.0
1752,2B,R,Chase Meidroth,Chase Dollander,R,2,CWS,COL,away,3.88,CWS,805367.0,870.0,950.0,11.200000000000001,793.0,157.0,0,2025-07-06,870.0,10.299999999999999,-871.0,89.7,88.8,0,0.0
1753,LF,L,Andrew Benintendi,Chase Dollander,R,3,CWS,COL,away,6.74,CWS,643217.0,400.0,550.0,19.400000000000002,415.0,135.0,0,2025-07-06,400.0,20.0,-400.0,80.0,80.6,0,0.0
1754,3B,R,Miguel Vargas,Chase Dollander,R,4,CWS,COL,away,5.06,CWS,678246.0,450.0,500.0,14.6,585.0,-85.0,0,2025-07-06,450.0,18.2,-449.0,81.8,85.4,0,0.0
1755,CF,L,Mickey Moniak,Shane Smith,R,1,CWS,COL,home,5.86,COL,666160.0,420.0,390.0,16.900000000000002,492.0,-72.0,1,2025-07-06,390.0,20.4,-390.0,79.6,83.1,0,0.0
1756,LF,R,Jordan Beck,Shane Smith,R,2,CWS,COL,home,4.99,COL,687597.0,500.0,450.0,14.399999999999999,594.0,-94.0,0,2025-07-06,450.0,18.2,-449.0,81.8,85.6,0,0.0
1757,2B,R,Thairo Estrada,Shane Smith,R,3,CWS,COL,home,3.17,COL,642731.0,870.0,600.0,9.1,999.0,-129.0,0,2025-07-06,600.0,14.299999999999999,-599.0,85.7,90.9,0,0.0
1758,1B,S,Michael Toglia,Shane Smith,R,4,CWS,COL,home,6.41,COL,669911.0,480.0,400.0,18.4,443.0,37.0,1,2025-07-06,400.0,20.0,-400.0,80.0,81.6,0,0.0
1759,3B,L,Ryan McMahon,Shane Smith,R,5,CWS,COL,home,6.75,COL,641857.0,480.0,380.0,19.400000000000002,415.0,65.0,0,2025-07-06,380.0,20.8,-381.0,79.2,80.6,0,0.0
1760,1B,L,Spencer Horwitz,George Kirby,R,1,PIT,SEA,away,5.22,PIT,687462.0,830.0,550.0,15.0,567.0,263.0,0,2025-07-06,550.0,15.4,-549.0,84.6,85.0,0,0.0
1761,DH,R,Andrew McCutchen,George Kirby,R,2,PIT,SEA,away,4.4,PIT,457705.0,630.0,600.0,12.7,687.0,-57.0,0,2025-07-06,600.0,14.299999999999999,-599.0,85.7,87.3,0,0.0
1762,RF,S,Bryan Reynolds,George Kirby,R,3,PIT,SEA,away,5.2,PIT,668804.0,680.0,475.0,15.0,567.0,113.0,0,2025-07-06,475.0,17.4,-475.0,82.6,85.0,0,0.0
1763,2B,R,Nick Gonzales,George Kirby,R,4,PIT,SEA,away,3.31,PIT,693304.0,750.0,750.0,9.5,953.0,-203.0,0,2025-07-06,750.0,11.799999999999999,-747.0,88.2,90.5,1,1.34
1764,CF,L,Oneil Cruz,George Kirby,R,5,PIT,SEA,away,7.8,PIT,665833.0,450.0,500.0,22.5,344.0,156.0,0,2025-07-06,450.0,18.2,-449.0,81.8,77.5,0,0.0
1765,LF,R,Tommy Pham,George Kirby,R,6,PIT,SEA,away,3.1,PIT,502054.0,1100.0,800.0,8.9,1024.0,76.0,0,2025-07-06,800.0,11.1,-801.0,88.9,91.1,0,0.0
1766,C,R,Henry Davis,George Kirby,R,8,PIT,SEA,away,4.05,PIT,680779.0,870.0,750.0,11.700000000000001,755.0,115.0,0,2025-07-06,750.0,11.799999999999999,-747.0,88.2,88.3,0,0.0
1767,SS,R,Isiah Kiner-Falefa,George Kirby,R,9,PIT,SEA,away,2.42,PIT,643396.0,1400.0,1100.0,7.000000000000001,1329.0,71.0,0,2025-07-06,1100.0,8.3,-1105.0,91.7,93.0,0,0.0
1768,SS,L,J.P. Crawford,Paul Skenes,R,1,PIT,SEA,home,3.48,SEA,641487.0,1100.0,750.0,10.0,900.0,200.0,0,2025-07-06,750.0,11.799999999999999,-747.0,88.2,90.0,0,0.0
1769,DH,S,Cal Raleigh,Paul Skenes,R,3,PIT,SEA,home,5.93,SEA,663728.0,370.0,310.0,17.1,485.0,-115.0,0,2025-07-06,310.0,24.4,-310.0,75.6,82.9,0,0.0
1770,2B,S,Jorge Polanco,Paul Skenes,R,4,PIT,SEA,home,3.89,SEA,593871.0,700.0,600.0,11.200000000000001,793.0,-93.0,0,2025-07-06,600.0,14.299999999999999,-599.0,85.7,88.8,0,0.0
1771,LF,R,Randy Arozarena,Paul Skenes,R,5,PIT,SEA,home,3.97,SEA,668227.0,830.0,600.0,11.4,777.0,53.0,1,2025-07-06,600.0,14.299999999999999,-599.0,85.7,88.6,0,0.0
1772,1B,L,Luke Raley,Paul Skenes,R,6,PIT,SEA,home,5.79,SEA,670042.0,750.0,650.0,16.7,499.0,251.0,0,2025-07-06,650.0,13.3,-652.0,86.7,83.3,0,0.0
1773,RF,L,Dominic Canzone,Paul Skenes,R,8,PIT,SEA,home,5.06,SEA,686527.0,800.0,600.0,14.6,585.0,215.0,0,2025-07-06,600.0,14.299999999999999,-599.0,85.7,85.4,0,0.0
1774,DH,L,Shohei Ohtani,Ryan Gusto,R,1,HOU,LAD,home,10.38,LAD,660271.0,158.0,160.0,29.9,234.0,-74.0,0,2025-07-06,158.0,38.800000000000004,-158.0,61.199999999999996,70.1,0,0.0
1775,SS,R,Mookie Betts,Ryan Gusto,R,2,HOU,LAD,home,4.76,LAD,605141.0,370.0,310.0,13.700000000000001,630.0,-260.0,0,2025-07-06,310.0,24.4,-310.0,75.6,86.3,0,0.0
1776,1B,L,Freddie Freeman,Ryan Gusto,R,3,HOU,LAD,home,5.86,LAD,518692.0,430.0,370.0,16.900000000000002,492.0,-62.0,0,2025-07-06,370.0,21.3,-369.0,78.7,83.1,0,0.0
1777,CF,R,Andy Pages,Ryan Gusto,R,4,HOU,LAD,home,5.21,LAD,681624.0,320.0,320.0,15.0,567.0,-247.0,0,2025-07-06,320.0,23.799999999999997,-320.0,76.2,85.0,0,0.0
1778,LF,L,Michael Conforto,Ryan Gusto,R,5,HOU,LAD,home,5.19,LAD,624424.0,480.0,425.0,14.899999999999999,571.0,-91.0,0,2025-07-06,425.0,19.0,-426.0,81.0,85.1,0,0.0
1779,2B,R,Jonathan India,Anthony DeSclafani,R,1,KC,ARI,away,3.65,KC,663697.0,830.0,750.0,10.5,852.0,-22.0,0,2025-07-06,750.0,11.799999999999999,-747.0,88.2,89.5,0,0.0
1780,1B,L,Vinnie Pasquantino,Anthony DeSclafani,R,3,KC,ARI,away,3.87,KC,686469.0,500.0,425.0,11.1,801.0,-301.0,0,2025-07-06,425.0,19.0,-426.0,81.0,88.9,0,0.0
1781,DH,R,Salvador Perez,Anthony DeSclafani,R,4,KC,ARI,away,4.3,KC,521692.0,520.0,475.0,12.4,706.0,-186.0,1,2025-07-06,475.0,17.4,-475.0,82.6,87.6,0,0.0
1782,RF,L,Jac Caglianone,Anthony DeSclafani,R,6,KC,ARI,away,3.87,KC,695506.0,630.0,500.0,11.1,801.0,-171.0,0,2025-07-06,500.0,16.7,-499.0,83.3,88.9,0,0.0
1783,LF,L,John Rave,Anthony DeSclafani,R,8,KC,ARI,away,3.62,KC,670231.0,870.0,900.0,10.4,862.0,38.0,0,2025-07-06,870.0,10.299999999999999,-871.0,89.7,89.6,0,0.0
1784,CF,L,Kyle Isbel,Anthony DeSclafani,R,9,KC,ARI,away,2.64,KC,664728.0,1060.0,1100.0,7.6,1216.0,-116.0,0,2025-07-06,1060.0,8.6,-1063.0,91.4,92.4,0,0.0
1785,RF,L,Corbin Carroll,Michael Lorenzen,R,1,KC,ARI,home,6.0,ARI,682998.0,350.0,300.0,17.299999999999997,478.0,-128.0,0,2025-07-06,300.0,25.0,-300.0,75.0,82.7,0,0.0
1786,2B,S,Ketel Marte,Michael Lorenzen,R,2,KC,ARI,home,6.46,ARI,606466.0,300.0,450.0,18.6,438.0,12.0,0,2025-07-06,300.0,25.0,-300.0,75.0,81.4,0,0.0
1787,SS,S,Geraldo Perdomo,Michael Lorenzen,R,3,KC,ARI,home,3.29,ARI,672695.0,900.0,950.0,9.5,953.0,-3.0,0,2025-07-06,900.0,10.0,-900.0,90.0,90.5,0,0.0
1788,1B,L,Josh Naylor,Michael Lorenzen,R,4,KC,ARI,home,4.87,ARI,647304.0,560.0,475.0,14.000000000000002,614.0,-54.0,0,2025-07-06,475.0,17.4,-475.0,82.6,86.0,0,0.0
1789,3B,R,Eugenio Suarez,Michael Lorenzen,R,5,KC,ARI,home,5.07,ARI,553993.0,330.0,400.0,14.6,585.0,-185.0,0,2025-07-06,330.0,23.3,-329.0,76.7,85.4,0,0.0
1790,CF,L,Alek Thomas,Michael Lorenzen,R,8,KC,ARI,home,4.9,ARI,677950.0,870.0,850.0,14.099999999999998,609.0,261.0,0,2025-07-06,850.0,10.5,-852.0,89.5,85.9,0,0.0
1791,C,S,Jose Herrera,Michael Lorenzen,R,9,KC,ARI,home,2.31,ARI,645444.0,1200.0,1700.0,6.6000000000000005,1415.0,285.0,0,2025-07-06,1200.0,7.7,-1199.0,92.3,93.4,0,0.0
1792,LF,L,Brendan Donovan,Matthew Boyd,L,1,STL,CHC,away,3.89,STL,680977.0,900.0,850.0,11.200000000000001,793.0,107.0,0,2025-07-06,850.0,10.5,-852.0,89.5,88.8,0,0.0
1793,SS,R,Masyn Winn,Matthew Boyd,L,2,STL,CHC,away,4.09,STL,691026.0,870.0,750.0,11.799999999999999,747.0,123.0,0,2025-07-06,750.0,11.799999999999999,-747.0,88.2,88.2,0,0.0
1794,RF,L,Alec Burleson,Matthew Boyd,L,3,STL,CHC,away,3.82,STL,676475.0,900.0,800.0,11.0,809.0,91.0,0,2025-07-06,800.0,11.1,-801.0,88.9,89.0,0,0.0
1795,LF,S,Ian Happ,Erick Fedde,R,1,STL,CHC,home,6.83,CHC,664023.0,500.0,450.0,19.7,408.0,92.0,0,2025-07-06,450.0,18.2,-449.0,81.8,80.3,0,0.0
1796,RF,L,Kyle Tucker,Erick Fedde,R,2,STL,CHC,home,7.24,CHC,663656.0,430.0,400.0,20.8,381.0,49.0,0,2025-07-06,400.0,20.0,-400.0,80.0,79.2,0,0.0
1797,DH,R,Seiya Suzuki,Erick Fedde,R,3,STL,CHC,home,6.79,CHC,673548.0,460.0,450.0,19.5,413.0,47.0,1,2025-07-06,450.0,18.2,-449.0,81.8,80.5,0,0.0
1798,CF,L,Pete Crow-Armstrong,Erick Fedde,R,4,STL,CHC,home,6.19,CHC,691718.0,500.0,400.0,17.8,462.0,38.0,0,2025-07-06,400.0,20.0,-400.0,80.0,82.2,0,0.0
1799,SS,R,Dansby Swanson,Erick Fedde,R,5,STL,CHC,home,4.65,CHC,621020.0,560.0,500.0,13.4,646.0,-86.0,0,2025-07-06,500.0,16.7,-499.0,83.3,86.6,0,0.0
1800,1B,L,Michael Busch,Erick Fedde,R,6,STL,CHC,home,6.06,CHC,683737.0,450.0,400.0,17.4,475.0,-25.0,0,2025-07-06,400.0,20.0,-400.0,80.0,82.6,0,0.0
1801,2B,R,Nico Hoerner,Erick Fedde,R,8,STL,CHC,home,2.84,CHC,663538.0,1500.0,900.0,8.200000000000001,1120.0,380.0,0,2025-07-06,900.0,10.0,-900.0,90.0,91.8,0,0.0
1802,3B,R,Matt Shaw,Erick Fedde,R,9,STL,CHC,home,3.28,CHC,807713.0,1400.0,850.0,9.4,964.0,436.0,0,2025-07-06,850.0,10.5,-852.0,89.5,90.6,0,0.0
1803,2B,R,Marcus Semien,Adrian Morejon,L,1,TEX,SD,away,3.62,TEX,543760.0,560.0,500.0,10.4,862.0,-302.0,0,2025-07-06,500.0,16.7,-499.0,83.3,89.6,0,0.0
1804,LF,R,Wyatt Langford,Adrian Morejon,L,2,TEX,SD,away,4.61,TEX,694671.0,450.0,475.0,13.3,652.0,-177.0,0,2025-07-06,450.0,18.2,-449.0,81.8,86.7,0,0.0
1805,SS,L,Corey Seager,Adrian Morejon,L,3,TEX,SD,away,5.13,TEX,608369.0,400.0,350.0,14.799999999999999,576.0,-176.0,0,2025-07-06,350.0,22.2,-350.0,77.8,85.2,0,0.0
1806,RF,R,Adolis Garcia,Adrian Morejon,L,4,TEX,SD,away,4.14,TEX,666969.0,500.0,425.0,11.899999999999999,740.0,-240.0,0,2025-07-06,425.0,19.0,-426.0,81.0,88.1,0,0.0
1807,1B,R,Jake Burger,Adrian Morejon,L,5,TEX,SD,away,4.25,TEX,669394.0,460.0,360.0,12.2,720.0,-260.0,0,2025-07-06,360.0,21.7,-361.0,78.3,87.8,0,0.0
1808,DH,S,Jonah Heim,Adrian Morejon,L,6,TEX,SD,away,0.11,TEX,641680.0,560.0,550.0,0.3,33233.0,-32673.0,0,2025-07-06,550.0,15.4,-549.0,84.6,99.7,0,0.0
1809,C,R,Kyle Higashioka,Adrian Morejon,L,7,TEX,SD,away,3.09,TEX,543309.0,540.0,550.0,8.9,1024.0,-474.0,0,2025-07-06,540.0,15.6,-541.0,84.4,91.1,0,0.0
1810,CF,S,Sam Haggerty,Adrian Morejon,L,9,TEX,SD,away,1.96,TEX,664059.0,800.0,800.0,5.6000000000000005,1686.0,-886.0,0,2025-07-06,800.0,11.1,-801.0,88.9,94.4,1,1.25
1811,DH,L,Luis Arraez,Jack Leiter,R,1,TEX,SD,home,3.78,SD,650333.0,830.0,900.0,10.9,817.0,83.0,0,2025-07-06,830.0,10.8,-826.0,89.2,89.1,0,0.0
1812,3B,R,Manny Machado,Jack Leiter,R,2,TEX,SD,home,6.03,SD,592518.0,440.0,340.0,17.4,475.0,-35.0,0,2025-07-06,340.0,22.7,-341.0,77.3,82.6,0,0.0
1813,CF,L,Jackson Merrill,Jack Leiter,R,3,TEX,SD,home,6.44,SD,701538.0,480.0,370.0,18.5,441.0,39.0,0,2025-07-06,370.0,21.3,-369.0,78.7,81.5,0,0.0
1814,RF,R,Fernando Tatis Jr.,Jack Leiter,R,4,TEX,SD,home,7.5,SD,665487.0,390.0,330.0,21.6,363.0,27.0,0,2025-07-06,330.0,23.3,-329.0,76.7,78.4,0,0.0
1815,SS,R,Xander Bogaerts,Jack Leiter,R,5,TEX,SD,home,3.85,SD,593428.0,680.0,750.0,11.1,801.0,-51.0,0,2025-07-06,680.0,12.8,-681.0,87.2,88.9,0,0.0
1816,LF,L,Gavin Sheets,Jack Leiter,R,6,TEX,SD,home,5.57,SD,657757.0,520.0,475.0,16.0,525.0,-5.0,0,2025-07-06,475.0,17.4,-475.0,82.6,84.0,0,0.0
1817,1B,L,Jake Cronenworth,Jack Leiter,R,8,TEX,SD,home,3.3,SD,630105.0,630.0,500.0,9.5,953.0,-323.0,0,2025-07-06,500.0,16.7,-499.0,83.3,90.5,0,0.0
1818,SS,R,Willy Adames,Jacob Lopez,L,2,SF,ATH,away,5.76,SF,642715.0,450.0,300.0,16.6,502.0,-52.0,1,2025-07-06,300.0,25.0,-300.0,75.0,83.4,0,0.0
1819,LF,R,Heliot Ramos,Jacob Lopez,L,3,SF,ATH,away,6.63,SF,671218.0,420.0,250.0,19.1,424.0,-4.0,0,2025-07-06,250.0,28.599999999999998,-250.0,71.4,80.9,0,0.0
1820,3B,R,Matt Chapman,Jacob Lopez,L,4,SF,ATH,away,5.81,SF,656305.0,310.0,190.0,16.7,499.0,-189.0,0,2025-07-06,190.0,34.5,-190.0,65.5,83.3,0,0.0
1821,DH,L,Rafael Devers,Jacob Lopez,L,5,SF,ATH,away,5.53,SF,646240.0,430.0,255.0,15.9,529.0,-99.0,0,2025-07-06,255.0,28.199999999999996,-255.0,71.80000000000001,84.1,0,0.0
1822,1B,R,Wilmer Flores,Jacob Lopez,L,6,SF,ATH,away,3.26,SF,527038.0,560.0,360.0,9.4,964.0,-404.0,0,2025-07-06,360.0,21.7,-361.0,78.3,90.6,0,0.0
1823,2B,R,Tyler Fitzgerald,Jacob Lopez,L,9,SF,ATH,away,2.48,SF,666149.0,870.0,550.0,7.1,1308.0,-438.0,1,2025-07-06,550.0,15.4,-549.0,84.6,92.9,0,0.0
1824,RF,L,Lawrence Butler,Hayden Birdsong,R,1,SF,ATH,home,6.18,ATH,671732.0,420.0,310.0,17.8,462.0,-42.0,0,2025-07-06,310.0,24.4,-310.0,75.6,82.2,0,0.0
1825,SS,R,Jacob Wilson,Hayden Birdsong,R,2,SF,ATH,home,2.69,ATH,805779.0,900.0,800.0,7.7,1199.0,-299.0,0,2025-07-06,800.0,11.1,-801.0,88.9,92.3,1,1.25
1826,DH,R,Brent Rooker,Hayden Birdsong,R,3,SF,ATH,home,6.71,ATH,667670.0,330.0,310.0,19.3,418.0,-88.0,0,2025-07-06,310.0,24.4,-310.0,75.6,80.7,0,0.0
1827,1B,L,Nick Kurtz,Hayden Birdsong,R,4,SF,ATH,home,8.42,ATH,701762.0,400.0,290.0,24.2,313.0,87.0,0,2025-07-06,290.0,25.6,-291.0,74.4,75.8,0,0.0
1828,C,R,Shea Langeliers,Hayden Birdsong,R,5,SF,ATH,home,5.23,ATH,669127.0,320.0,300.0,15.1,562.0,-242.0,0,2025-07-06,300.0,25.0,-300.0,75.0,84.9,0,0.0
1829,LF,L,Tyler Soderstrom,Hayden Birdsong,R,6,SF,ATH,home,6.09,ATH,691016.0,500.0,370.0,17.5,471.0,29.0,1,2025-07-06,370.0,21.3,-369.0,78.7,82.5,0,0.0
1830,2B,R,Zack Gelof,Hayden Birdsong,R,7,SF,ATH,home,3.86,ATH,680869.0,680.0,500.0,11.1,801.0,-121.0,0,2025-07-06,500.0,16.7,-499.0,83.3,88.9,0,0.0
1831,3B,R,Max Muncy,Hayden Birdsong,R,8,SF,ATH,home,6.52,ATH,691777.0,680.0,650.0,18.8,432.0,248.0,0,2025-07-06,650.0,13.3,-652.0,86.7,81.2,0,0.0
1832,CF,R,Denzel Clarke,Hayden Birdsong,R,9,SF,ATH,home,3.69,ATH,672016.0,870.0,800.0,10.6,843.0,27.0,0,2025-07-06,800.0,11.1,-801.0,88.9,89.4,0,0.0
1833,DH,R,Yandy Diaz,Keider Montero,R,1,TB,DET,away,4.93,TB,650490.0,520.0,475.0,14.2,604.0,-84.0,0,2025-07-07,475.0,17.4,-475.0,82.6,85.8,0,0.0
1834,1B,L,Jonathan Aranda,Keider Montero,R,2,TB,DET,away,6.6,TB,666018.0,480.0,390.0,19.0,426.0,54.0,0,2025-07-07,390.0,20.4,-390.0,79.6,81.0,0,0.0
1835,3B,R,Junior Caminero,Keider Montero,R,3,TB,DET,away,6.41,TB,691406.0,350.0,330.0,18.4,443.0,-93.0,0,2025-07-07,330.0,23.3,-329.0,76.7,81.6,0,0.0
1836,RF,L,Josh Lowe,Keider Montero,R,4,TB,DET,away,5.36,TB,666139.0,800.0,700.0,15.4,549.0,251.0,0,2025-07-07,700.0,12.5,-700.0,87.5,84.6,0,0.0
1837,LF,S,Jake Mangum,Keider Montero,R,5,TB,DET,away,3.41,TB,663968.0,1060.0,1100.0,9.8,920.0,180.0,0,2025-07-07,1060.0,8.6,-1063.0,91.4,90.2,0,0.0
1838,2B,R,Jose Caballero,Keider Montero,R,6,TB,DET,away,3.51,TB,676609.0,900.0,1200.0,10.100000000000001,890.0,310.0,0,2025-07-07,900.0,10.0,-900.0,90.0,89.9,0,0.0
1839,CF,L,Chandler Simpson,Keider Montero,R,7,TB,DET,away,3.15,TB,802415.0,1500.0,1500.0,9.1,999.0,501.0,0,2025-07-07,1500.0,6.2,-1513.0,93.8,90.9,0,0.0
1840,SS,S,Taylor Walls,Keider Montero,R,8,TB,DET,away,2.98,TB,670764.0,870.0,750.0,8.6,1063.0,-193.0,0,2025-07-07,750.0,11.799999999999999,-747.0,88.2,91.4,1,1.34
1841,C,R,Danny Jansen,Keider Montero,R,9,TB,DET,away,3.56,TB,643376.0,560.0,550.0,10.2,880.0,-320.0,0,2025-07-07,550.0,15.4,-549.0,84.6,89.8,0,0.0
1842,DH,L,Colt Keith,Shane Baz,R,1,TB,DET,home,6.13,DET,690993.0,700.0,600.0,17.599999999999998,468.0,232.0,1,2025-07-07,600.0,14.299999999999999,-599.0,85.7,82.4,0,0.0
1843,2B,R,Gleyber Torres,Shane Baz,R,2,TB,DET,home,4.39,DET,650402.0,750.0,650.0,12.6,694.0,56.0,0,2025-07-07,650.0,13.3,-652.0,86.7,87.4,0,0.0
1844,RF,L,Zach McKinstry,Shane Baz,R,3,TB,DET,home,4.02,DET,656716.0,600.0,650.0,11.600000000000001,762.0,-112.0,1,2025-07-07,600.0,14.299999999999999,-599.0,85.7,88.4,0,0.0
1845,LF,L,Riley Greene,Shane Baz,R,4,TB,DET,home,6.76,DET,682985.0,440.0,450.0,19.5,413.0,37.0,0,2025-07-07,440.0,18.5,-441.0,81.5,80.5,0,0.0
1846,1B,R,Spencer Torkelson,Shane Baz,R,5,TB,DET,home,4.74,DET,679529.0,500.0,475.0,13.600000000000001,635.0,-135.0,0,2025-07-07,475.0,17.4,-475.0,82.6,86.4,0,0.0
1847,C,R,Dillon Dingler,Shane Baz,R,6,TB,DET,home,4.14,DET,693307.0,630.0,650.0,11.899999999999999,740.0,-90.0,0,2025-07-07,630.0,13.700000000000001,-630.0,86.3,88.1,0,0.0
1848,CF,L,Parker Meadows,Shane Baz,R,7,TB,DET,home,5.47,DET,678009.0,700.0,700.0,15.7,537.0,163.0,0,2025-07-07,700.0,12.5,-700.0,87.5,84.3,0,0.0
1849,SS,L,Trey Sweeney,Shane Baz,R,8,TB,DET,home,4.7,DET,700242.0,800.0,750.0,13.5,641.0,159.0,0,2025-07-07,750.0,11.799999999999999,-747.0,88.2,86.5,0,0.0
1850,3B,R,Javier Baez,Shane Baz,R,9,TB,DET,home,3.75,DET,595879.0,830.0,900.0,10.8,826.0,74.0,1,2025-07-07,830.0,10.8,-826.0,89.2,89.2,0,0.0
1851,RF,R,Tyler Freeman,Richard Fitts,R,1,COL,BOS,away,3.18,COL,671289.0,800.0,750.0,9.2,987.0,-187.0,0,2025-07-07,750.0,11.799999999999999,-747.0,88.2,90.8,1,1.34
1852,C,R,Hunter Goodman,Richard Fitts,R,2,COL,BOS,away,6.25,COL,696100.0,320.0,310.0,18.0,456.0,-136.0,0,2025-07-07,310.0,24.4,-310.0,75.6,82.0,0,0.0
1853,LF,L,Mickey Moniak,Richard Fitts,R,3,COL,BOS,away,5.23,COL,666160.0,450.0,400.0,15.1,562.0,-112.0,0,2025-07-07,400.0,20.0,-400.0,80.0,84.9,0,0.0
1854,2B,R,Thairo Estrada,Richard Fitts,R,4,COL,BOS,away,3.18,COL,642731.0,800.0,800.0,9.2,987.0,-187.0,0,2025-07-07,800.0,11.1,-801.0,88.9,90.8,1,1.25
1855,1B,S,Michael Toglia,Richard Fitts,R,5,COL,BOS,away,3.14,COL,669911.0,500.0,475.0,9.0,1011.0,-511.0,0,2025-07-07,475.0,17.4,-475.0,82.6,91.0,0,0.0
1856,3B,L,Ryan McMahon,Richard Fitts,R,6,COL,BOS,away,5.85,COL,641857.0,520.0,475.0,16.8,495.0,25.0,0,2025-07-07,475.0,17.4,-475.0,82.6,83.2,0,0.0
1857,CF,R,Brenton Doyle,Richard Fitts,R,7,COL,BOS,away,4.96,COL,686668.0,560.0,550.0,14.299999999999999,599.0,-39.0,0,2025-07-07,550.0,15.4,-549.0,84.6,85.7,0,0.0
1858,3B,R,Nate Eaton,Austin Gomber,L,1,COL,BOS,home,5.95,BOS,681987.0,560.0,500.0,17.1,485.0,75.0,0,2025-07-07,500.0,16.7,-499.0,83.3,82.9,0,0.0
1859,2B,R,Romy Gonzalez,Austin Gomber,L,2,COL,BOS,home,7.21,BOS,663853.0,310.0,275.0,20.8,381.0,-71.0,1,2025-07-07,275.0,26.700000000000003,-275.0,73.3,79.2,0,0.0
1860,LF,R,Rob Refsnyder,Austin Gomber,L,4,COL,BOS,home,7.99,BOS,608701.0,400.0,390.0,23.0,335.0,65.0,0,2025-07-07,390.0,20.4,-390.0,79.6,77.0,0,0.0
1861,SS,R,Trevor Story,Austin Gomber,L,5,COL,BOS,home,5.16,BOS,596115.0,340.0,270.0,14.899999999999999,571.0,-231.0,0,2025-07-07,270.0,27.0,-270.0,73.0,85.1,0,0.0
1862,C,R,Carlos Narvaez,Austin Gomber,L,6,COL,BOS,home,6.19,BOS,665966.0,400.0,340.0,17.8,462.0,-62.0,0,2025-07-07,340.0,22.7,-341.0,77.3,82.2,0,0.0
1863,RF,L,Wilyer Abreu,Austin Gomber,L,7,COL,BOS,home,4.89,BOS,677800.0,350.0,320.0,14.099999999999998,609.0,-259.0,0,2025-07-07,320.0,23.799999999999997,-320.0,76.2,85.9,0,0.0
1864,1B,S,Abraham Toro,Austin Gomber,L,8,COL,BOS,home,4.37,BOS,647351.0,520.0,475.0,12.6,694.0,-174.0,0,2025-07-07,475.0,17.4,-475.0,82.6,87.4,0,0.0
1865,CF,R,Ceddanne Rafaela,Austin Gomber,L,9,COL,BOS,home,6.4,BOS,678882.0,400.0,350.0,18.4,443.0,-43.0,1,2025-07-07,350.0,22.2,-350.0,77.8,81.6,0,0.0
1866,2B,S,Xavier Edwards,Brady Singer,R,1,MIA,CIN,away,4.1,MIA,669364.0,1060.0,950.0,11.799999999999999,747.0,313.0,0,2025-07-07,950.0,9.5,-953.0,90.5,88.2,0,0.0
1867,RF,L,Jesus Sanchez,Brady Singer,R,2,MIA,CIN,away,8.78,MIA,660821.0,420.0,360.0,25.3,295.0,125.0,0,2025-07-07,360.0,21.7,-361.0,78.3,74.7,0,0.0
1868,C,R,Agustin Ramirez,Brady Singer,R,3,MIA,CIN,away,5.63,MIA,682663.0,390.0,370.0,16.2,517.0,-127.0,1,2025-07-07,370.0,21.3,-369.0,78.7,83.8,0,0.0
1869,DH,L,Liam Hicks,Brady Singer,R,4,MIA,CIN,away,5.13,MIA,689414.0,560.0,600.0,14.799999999999999,576.0,24.0,0,2025-07-07,560.0,15.2,-558.0,84.8,85.2,0,0.0
1870,LF,L,Kyle Stowers,Brady Singer,R,5,MIA,CIN,away,7.94,MIA,669065.0,340.0,310.0,22.900000000000002,337.0,3.0,0,2025-07-07,310.0,24.4,-310.0,75.6,77.1,0,0.0
1871,1B,R,Eric Wagaman,Brady Singer,R,6,MIA,CIN,away,4.35,MIA,676572.0,600.0,600.0,12.5,700.0,-100.0,0,2025-07-07,600.0,14.299999999999999,-599.0,85.7,87.5,0,0.0
1872,3B,R,Connor Norby,Brady Singer,R,7,MIA,CIN,away,5.45,MIA,681393.0,540.0,550.0,15.7,537.0,13.0,0,2025-07-07,540.0,15.6,-541.0,84.4,84.3,0,0.0
1873,CF,R,Derek Hill,Brady Singer,R,8,MIA,CIN,away,6.84,MIA,656537.0,800.0,800.0,19.7,408.0,392.0,0,2025-07-07,800.0,11.1,-801.0,88.9,80.3,0,0.0
1874,SS,R,Javier Sanoja,Brady Singer,R,9,MIA,CIN,away,3.0,MIA,691594.0,750.0,850.0,8.6,1063.0,-213.0,0,2025-07-07,750.0,11.799999999999999,-747.0,88.2,91.4,1,1.34
1875,CF,L,TJ Friedl,Janson Junk,R,1,MIA,CIN,home,5.38,CIN,670770.0,500.0,450.0,15.5,545.0,-45.0,0,2025-07-07,450.0,18.2,-449.0,81.8,84.5,0,0.0
1876,2B,R,Matt McLain,Janson Junk,R,2,MIA,CIN,home,5.69,CIN,680574.0,420.0,400.0,16.400000000000002,510.0,-90.0,0,2025-07-07,400.0,20.0,-400.0,80.0,83.6,0,0.0
1877,SS,S,Elly De La Cruz,Janson Junk,R,3,MIA,CIN,home,8.25,CIN,682829.0,320.0,295.0,23.7,322.0,-2.0,0,2025-07-07,295.0,25.3,-295.0,74.7,76.3,0,0.0
1878,LF,R,Austin Hays,Janson Junk,R,4,MIA,CIN,home,5.56,CIN,669720.0,420.0,400.0,16.0,525.0,-105.0,0,2025-07-07,400.0,20.0,-400.0,80.0,84.0,0,0.0
1879,DH,L,Gavin Lux,Janson Junk,R,5,MIA,CIN,home,5.57,CIN,666158.0,680.0,650.0,16.0,525.0,155.0,0,2025-07-07,650.0,13.3,-652.0,86.7,84.0,0,0.0
1880,1B,R,Spencer Steer,Janson Junk,R,6,MIA,CIN,home,4.3,CIN,668715.0,470.0,425.0,12.4,706.0,-236.0,0,2025-07-07,425.0,19.0,-426.0,81.0,87.6,0,0.0
1881,C,R,Tyler Stephenson,Janson Junk,R,7,MIA,CIN,home,5.14,CIN,663886.0,480.0,475.0,14.799999999999999,576.0,-96.0,0,2025-07-07,475.0,17.4,-475.0,82.6,85.2,0,0.0
1882,RF,L,Will Benson,Janson Junk,R,8,MIA,CIN,home,10.39,CIN,666181.0,450.0,400.0,29.9,234.0,216.0,0,2025-07-07,400.0,20.0,-400.0,80.0,70.1,0,0.0
1883,3B,R,Noelvi Marte,Janson Junk,R,9,MIA,CIN,home,3.97,CIN,682622.0,560.0,500.0,11.4,777.0,-217.0,0,2025-07-07,500.0,16.7,-499.0,83.3,88.6,0,0.0
1884,CF,L,Nathan Lukes,Sean Burke,R,1,TOR,CWS,away,5.05,TOR,664770.0,870.0,850.0,14.499999999999998,590.0,280.0,1,2025-07-07,850.0,10.5,-852.0,89.5,85.5,0,0.0
1885,DH,R,George Springer,Sean Burke,R,2,TOR,CWS,away,6.54,TOR,543807.0,330.0,290.0,18.8,432.0,-102.0,0,2025-07-07,290.0,25.6,-291.0,74.4,81.2,0,0.0
1886,1B,R,Vladimir Guerrero,Sean Burke,R,3,TOR,CWS,away,7.46,TOR,665489.0,310.0,310.0,21.5,365.0,-55.0,0,2025-07-07,310.0,24.4,-310.0,75.6,78.5,0,0.0
1887,SS,R,Bo Bichette,Sean Burke,R,4,TOR,CWS,away,4.73,TOR,666182.0,520.0,450.0,13.600000000000001,635.0,-115.0,0,2025-07-07,450.0,18.2,-449.0,81.8,86.4,0,0.0
1888,RF,L,Addison Barger,Sean Burke,R,5,TOR,CWS,away,6.9,TOR,680718.0,390.0,380.0,19.900000000000002,403.0,-13.0,1,2025-07-07,380.0,20.8,-381.0,79.2,80.1,0,0.0
1889,C,R,Alejandro Kirk,Sean Burke,R,6,TOR,CWS,away,5.11,TOR,672386.0,560.0,500.0,14.7,580.0,-20.0,0,2025-07-07,500.0,16.7,-499.0,83.3,85.3,0,0.0
1890,3B,L,Will Wagner,Sean Burke,R,7,TOR,CWS,away,4.99,TOR,695238.0,830.0,800.0,14.399999999999999,594.0,236.0,0,2025-07-07,800.0,11.1,-801.0,88.9,85.6,0,0.0
1891,2B,R,Ernie Clement,Sean Burke,R,8,TOR,CWS,away,3.26,TOR,676391.0,900.0,850.0,9.4,964.0,-64.0,0,2025-07-07,850.0,10.5,-852.0,89.5,90.6,0,0.0
1892,LF,L,Joey Loperfido,Sean Burke,R,9,TOR,CWS,away,5.3,TOR,694388.0,800.0,750.0,15.299999999999999,554.0,246.0,1,2025-07-07,750.0,11.799999999999999,-747.0,88.2,84.7,0,0.0
1893,RF,L,Mike Tauchman,Jose Berrios,R,1,TOR,CWS,home,1.98,CWS,643565.0,560.0,600.0,5.7,1654.0,-1054.0,0,2025-07-07,560.0,15.2,-558.0,84.8,94.3,0,0.0
1894,2B,R,Chase Meidroth,Jose Berrios,R,2,TOR,CWS,home,3.75,CWS,805367.0,870.0,800.0,10.8,826.0,44.0,0,2025-07-07,800.0,11.1,-801.0,88.9,89.2,0,0.0
1895,LF,L,Andrew Benintendi,Jose Berrios,R,3,TOR,CWS,home,6.69,CWS,643217.0,480.0,500.0,19.3,418.0,82.0,0,2025-07-07,480.0,17.2,-481.0,82.8,80.7,0,0.0
1896,1B,R,Miguel Vargas,Jose Berrios,R,4,TOR,CWS,home,4.97,CWS,678246.0,500.0,450.0,14.299999999999999,599.0,-99.0,0,2025-07-07,450.0,18.2,-449.0,81.8,85.7,0,0.0
1897,C,L,Kyle Teel,Jose Berrios,R,5,TOR,CWS,home,6.37,CWS,691019.0,680.0,600.0,18.3,446.0,234.0,0,2025-07-07,600.0,14.299999999999999,-599.0,85.7,81.7,0,0.0
1898,DH,R,Lenyn Sosa,Jose Berrios,R,6,TOR,CWS,home,4.82,CWS,672820.0,630.0,650.0,13.900000000000002,619.0,31.0,0,2025-07-07,630.0,13.700000000000001,-630.0,86.3,86.1,0,0.0
1899,CF,S,Brooks Baldwin,Jose Berrios,R,8,TOR,CWS,home,5.19,CWS,681460.0,600.0,550.0,14.899999999999999,571.0,29.0,0,2025-07-07,550.0,15.4,-549.0,84.6,85.1,0,0.0
1900,3B,L,Josh Rojas,Jose Berrios,R,9,TOR,CWS,home,5.18,CWS,668942.0,1000.0,900.0,14.899999999999999,571.0,429.0,0,2025-07-07,900.0,10.0,-900.0,90.0,85.1,0,0.0
1901,LF,R,Tommy Pham,Noah Cameron,L,1,PIT,KC,away,5.3,PIT,502054.0,830.0,650.0,15.299999999999999,554.0,276.0,1,2025-07-07,650.0,13.3,-652.0,86.7,84.7,0,0.0
1902,DH,R,Andrew McCutchen,Noah Cameron,L,2,PIT,KC,away,6.2,PIT,457705.0,630.0,550.0,17.8,462.0,168.0,0,2025-07-07,550.0,15.4,-549.0,84.6,82.2,0,0.0
1903,RF,S,Bryan Reynolds,Noah Cameron,L,3,PIT,KC,away,5.95,PIT,668804.0,630.0,550.0,17.1,485.0,145.0,0,2025-07-07,550.0,15.4,-549.0,84.6,82.9,0,0.0
1904,2B,R,Nick Gonzales,Noah Cameron,L,4,PIT,KC,away,6.09,PIT,693304.0,800.0,600.0,17.5,471.0,329.0,0,2025-07-07,600.0,14.299999999999999,-599.0,85.7,82.5,0,0.0
1905,3B,R,Ke'Bryan Hayes,Noah Cameron,L,5,PIT,KC,away,4.5,PIT,663647.0,870.0,800.0,13.0,669.0,201.0,0,2025-07-07,800.0,11.1,-801.0,88.9,87.0,0,0.0
1906,CF,R,Alexander Canario,Noah Cameron,L,6,PIT,KC,away,7.65,PIT,672744.0,800.0,,22.0,355.0,445.0,0,2025-07-07,800.0,11.1,-801.0,88.9,78.0,0,0.0
1907,C,R,Henry Davis,Noah Cameron,L,7,PIT,KC,away,5.54,PIT,680779.0,750.0,650.0,15.9,529.0,221.0,0,2025-07-07,650.0,13.3,-652.0,86.7,84.1,0,0.0
1908,1B,R,Jared Triolo,Noah Cameron,L,8,PIT,KC,away,4.34,PIT,669707.0,900.0,900.0,12.5,700.0,200.0,0,2025-07-07,900.0,10.0,-900.0,90.0,87.5,0,0.0
1909,SS,R,Isiah Kiner-Falefa,Noah Cameron,L,9,PIT,KC,away,3.32,PIT,643396.0,1500.0,1300.0,9.6,942.0,558.0,0,2025-07-07,1300.0,7.1,-1308.0,92.9,90.4,0,0.0
1910,2B,R,Jonathan India,Andrew Heaney,L,1,PIT,KC,home,5.08,KC,663697.0,750.0,650.0,14.6,585.0,165.0,0,2025-07-07,650.0,13.3,-652.0,86.7,85.4,0,0.0
1911,SS,R,Bobby Witt,Andrew Heaney,L,2,PIT,KC,home,6.33,KC,677951.0,420.0,370.0,18.2,449.0,-29.0,1,2025-07-07,370.0,21.3,-369.0,78.7,81.8,0,0.0
1912,1B,L,Vinnie Pasquantino,Andrew Heaney,L,3,PIT,KC,home,4.07,KC,686469.0,560.0,550.0,11.700000000000001,755.0,-195.0,1,2025-07-07,550.0,15.4,-549.0,84.6,88.3,0,0.0
1913,3B,R,Maikel Garcia,Andrew Heaney,L,4,PIT,KC,home,4.47,KC,672580.0,900.0,650.0,12.9,675.0,225.0,0,2025-07-07,650.0,13.3,-652.0,86.7,87.1,0,0.0
1914,C,R,Salvador Perez,Andrew Heaney,L,5,PIT,KC,home,6.24,KC,521692.0,400.0,360.0,18.0,456.0,-56.0,1,2025-07-07,360.0,21.7,-361.0,78.3,82.0,0,0.0
1915,RF,L,Jac Caglianone,Andrew Heaney,L,6,PIT,KC,home,4.65,KC,695506.0,750.0,700.0,13.4,646.0,104.0,0,2025-07-07,700.0,12.5,-700.0,87.5,86.6,0,0.0
1916,DH,R,Mark Canha,Andrew Heaney,L,7,PIT,KC,home,3.75,KC,592192.0,870.0,700.0,10.8,826.0,44.0,0,2025-07-07,700.0,12.5,-700.0,87.5,89.2,0,0.0
1917,LF,R,Nick Loftin,Andrew Heaney,L,8,PIT,KC,home,4.29,KC,679845.0,1000.0,800.0,12.3,713.0,287.0,1,2025-07-07,800.0,11.1,-801.0,88.9,87.7,0,0.0
1918,CF,L,Kyle Isbel,Andrew Heaney,L,9,PIT,KC,home,2.51,KC,664728.0,1300.0,1300.0,7.199999999999999,1289.0,11.0,0,2025-07-07,1300.0,7.1,-1308.0,92.9,92.8,0,0.0
1919,DH,L,Shohei Ohtani,Freddy Peralta,R,1,LAD,MIL,away,10.0,LAD,660271.0,200.0,210.0,28.799999999999997,247.0,-37.0,0,2025-07-07,200.0,33.300000000000004,-200.0,66.69999999999999,71.2,0,0.0
1920,SS,R,Mookie Betts,Freddy Peralta,R,2,LAD,MIL,away,3.78,LAD,605141.0,450.0,450.0,10.9,817.0,-367.0,0,2025-07-07,450.0,18.2,-449.0,81.8,89.1,0,0.0
1921,1B,L,Freddie Freeman,Freddy Peralta,R,3,LAD,MIL,away,5.75,LAD,518692.0,500.0,425.0,16.5,506.0,-6.0,0,2025-07-07,425.0,19.0,-426.0,81.0,83.5,0,0.0
1922,C,R,Will Smith,Freddy Peralta,R,4,LAD,MIL,away,4.74,LAD,669257.0,460.0,500.0,13.600000000000001,635.0,-135.0,0,2025-07-07,460.0,17.9,-459.0,82.1,86.4,0,0.0
1923,RF,R,Andy Pages,Freddy Peralta,R,5,LAD,MIL,away,4.39,LAD,681624.0,600.0,475.0,12.6,694.0,-94.0,0,2025-07-07,475.0,17.4,-475.0,82.6,87.4,0,0.0
1924,LF,L,Michael Conforto,Freddy Peralta,R,6,LAD,MIL,away,5.41,LAD,624424.0,600.0,500.0,15.6,541.0,59.0,0,2025-07-07,500.0,16.7,-499.0,83.3,84.4,0,0.0
1925,2B,L,Hyeseong Kim,Freddy Peralta,R,7,LAD,MIL,away,3.9,LAD,808975.0,1060.0,900.0,11.200000000000001,793.0,267.0,0,2025-07-07,900.0,10.0,-900.0,90.0,88.8,0,0.0
1926,3B,R,Miguel Rojas,Freddy Peralta,R,8,LAD,MIL,away,2.82,LAD,500743.0,800.0,650.0,8.1,1135.0,-335.0,0,2025-07-07,650.0,13.3,-652.0,86.7,91.9,0,0.0
1927,CF,L,James Outman,Freddy Peralta,R,9,LAD,MIL,away,3.64,LAD,681546.0,600.0,380.0,10.5,852.0,-252.0,0,2025-07-07,380.0,20.8,-381.0,79.2,89.5,0,0.0
1928,RF,L,Sal Frelick,Yoshinobu Yamamoto,R,1,LAD,MIL,home,3.96,MIL,686217.0,1100.0,1100.0,11.4,777.0,323.0,0,2025-07-07,1100.0,8.3,-1105.0,91.7,88.6,0,0.0
1929,C,R,William Contreras,Yoshinobu Yamamoto,R,2,LAD,MIL,home,4.47,MIL,661388.0,600.0,500.0,12.9,675.0,-75.0,0,2025-07-07,500.0,16.7,-499.0,83.3,87.1,0,0.0
1930,CF,R,Jackson Chourio,Yoshinobu Yamamoto,R,3,LAD,MIL,home,4.71,MIL,694192.0,630.0,500.0,13.600000000000001,635.0,-5.0,0,2025-07-07,500.0,16.7,-499.0,83.3,86.4,0,0.0
1931,DH,L,Christian Yelich,Yoshinobu Yamamoto,R,4,LAD,MIL,home,5.99,MIL,592885.0,630.0,500.0,17.2,481.0,149.0,1,2025-07-07,500.0,16.7,-499.0,83.3,82.8,0,0.0
1932,1B,R,Andrew Vaughn,Yoshinobu Yamamoto,R,5,LAD,MIL,home,4.78,MIL,683734.0,560.0,390.0,13.8,625.0,-65.0,1,2025-07-07,390.0,20.4,-390.0,79.6,86.2,0,0.0
1933,LF,S,Isaac Collins,Yoshinobu Yamamoto,R,6,LAD,MIL,home,3.14,MIL,686555.0,900.0,1000.0,9.0,1011.0,-11.0,0,2025-07-07,900.0,10.0,-900.0,90.0,91.0,0,0.0
1934,2B,L,Brice Turang,Yoshinobu Yamamoto,R,7,LAD,MIL,home,3.99,MIL,668930.0,1400.0,1100.0,11.5,770.0,630.0,0,2025-07-07,1100.0,8.3,-1105.0,91.7,88.5,0,0.0
1935,3B,R,Caleb Durbin,Yoshinobu Yamamoto,R,8,LAD,MIL,home,3.21,MIL,702332.0,1100.0,950.0,9.2,987.0,113.0,0,2025-07-07,950.0,9.5,-953.0,90.5,90.8,0,0.0
1936,SS,R,Andruw Monasterio,Yoshinobu Yamamoto,R,9,LAD,MIL,home,3.18,MIL,655316.0,1000.0,500.0,9.2,987.0,13.0,0,2025-07-07,500.0,16.7,-499.0,83.3,90.8,0,0.0
1937,LF,L,Steven Kwan,Colton Gordon,L,1,CLE,HOU,away,3.6,CLE,680757.0,1060.0,1000.0,10.4,862.0,198.0,0,2025-07-07,1000.0,9.1,-999.0,90.9,89.6,0,0.0
1938,DH,R,David Fry,Colton Gordon,L,2,CLE,HOU,away,5.66,CLE,681807.0,500.0,500.0,16.3,513.0,-13.0,1,2025-07-07,500.0,16.7,-499.0,83.3,83.7,0,0.0
1939,3B,S,Jose Ramirez,Colton Gordon,L,3,CLE,HOU,away,5.66,CLE,608070.0,390.0,360.0,16.3,513.0,-123.0,1,2025-07-07,360.0,21.7,-361.0,78.3,83.7,0,0.0
1940,1B,S,Carlos Santana,Colton Gordon,L,4,CLE,HOU,away,4.91,CLE,467793.0,520.0,475.0,14.099999999999998,609.0,-89.0,0,2025-07-07,475.0,17.4,-475.0,82.6,85.9,0,0.0
1941,RF,L,Nolan Jones,Colton Gordon,L,5,CLE,HOU,away,4.44,CLE,666134.0,870.0,800.0,12.8,681.0,189.0,0,2025-07-07,800.0,11.1,-801.0,88.9,87.2,0,0.0
1942,CF,S,Angel Martinez,Colton Gordon,L,6,CLE,HOU,away,3.78,CLE,682657.0,830.0,850.0,10.9,817.0,33.0,0,2025-07-07,830.0,10.8,-826.0,89.2,89.1,0,0.0
1943,2B,R,Will Wilson,Colton Gordon,L,7,CLE,HOU,away,4.95,CLE,669717.0,830.0,750.0,14.2,604.0,226.0,0,2025-07-07,750.0,11.799999999999999,-747.0,88.2,85.8,0,0.0
1944,C,L,Bo Naylor,Colton Gordon,L,8,CLE,HOU,away,4.36,CLE,666310.0,830.0,700.0,12.5,700.0,130.0,0,2025-07-07,700.0,12.5,-700.0,87.5,87.5,0,0.0
1945,SS,S,Brayan Rocchio,Colton Gordon,L,9,CLE,HOU,away,3.53,CLE,677587.0,1060.0,1200.0,10.2,880.0,320.0,0,2025-07-07,1060.0,8.6,-1063.0,91.4,89.8,0,0.0
1946,3B,R,Isaac Paredes,Tanner Bibee,R,1,CLE,HOU,home,3.76,HOU,670623.0,480.0,450.0,10.8,826.0,-346.0,1,2025-07-07,450.0,18.2,-449.0,81.8,89.2,0,0.0
1947,RF,R,Cam Smith,Tanner Bibee,R,2,CLE,HOU,home,3.72,HOU,701358.0,680.0,550.0,10.7,835.0,-155.0,0,2025-07-07,550.0,15.4,-549.0,84.6,89.3,0,0.0
1948,2B,R,Jose Altuve,Tanner Bibee,R,3,CLE,HOU,home,4.17,HOU,514888.0,520.0,500.0,12.0,733.0,-213.0,0,2025-07-07,500.0,16.7,-499.0,83.3,88.0,0,0.0
1949,C,R,Yainer Diaz,Tanner Bibee,R,4,CLE,HOU,home,4.45,HOU,673237.0,520.0,500.0,12.8,681.0,-161.0,0,2025-07-07,500.0,16.7,-499.0,83.3,87.2,0,0.0
1950,1B,S,Victor Caratini,Tanner Bibee,R,5,CLE,HOU,home,5.03,HOU,605170.0,520.0,475.0,14.499999999999998,590.0,-70.0,1,2025-07-07,475.0,17.4,-475.0,82.6,85.5,0,0.0
1951,DH,S,Cooper Hummel,Tanner Bibee,R,6,CLE,HOU,home,3.92,HOU,669450.0,870.0,900.0,11.3,785.0,115.0,0,2025-07-07,870.0,10.299999999999999,-871.0,89.7,88.7,0,0.0
1952,SS,R,Zack Short,Tanner Bibee,R,8,CLE,HOU,home,3.04,HOU,670097.0,900.0,950.0,8.7,1049.0,-99.0,0,2025-07-07,900.0,10.0,-900.0,90.0,91.3,0,0.0
1953,DH,S,Sam Haggerty,Yusei Kikuchi,L,1,TEX,LAA,away,3.82,TEX,664059.0,1000.0,800.0,11.0,809.0,191.0,0,2025-07-07,800.0,11.1,-801.0,88.9,89.0,0,0.0
1954,SS,L,Corey Seager,Yusei Kikuchi,L,2,TEX,LAA,away,8.45,TEX,608369.0,300.0,300.0,24.3,312.0,-12.0,1,2025-07-07,300.0,25.0,-300.0,75.0,75.7,0,0.0
1955,2B,R,Marcus Semien,Yusei Kikuchi,L,3,TEX,LAA,away,5.57,TEX,543760.0,630.0,600.0,16.0,525.0,105.0,0,2025-07-07,600.0,14.299999999999999,-599.0,85.7,84.0,0,0.0
1956,RF,R,Adolis Garcia,Yusei Kikuchi,L,4,TEX,LAA,away,6.17,TEX,666969.0,440.0,450.0,17.8,462.0,-12.0,0,2025-07-07,440.0,18.5,-441.0,81.5,82.2,0,0.0
1957,LF,R,Wyatt Langford,Yusei Kikuchi,L,5,TEX,LAA,away,7.15,TEX,694671.0,420.0,425.0,20.599999999999998,385.0,40.0,0,2025-07-07,420.0,19.2,-421.0,80.8,79.4,0,0.0
1958,C,S,Jonah Heim,Yusei Kikuchi,L,6,TEX,LAA,away,4.2,TEX,641680.0,540.0,600.0,12.1,726.0,-126.0,0,2025-07-07,540.0,15.6,-541.0,84.4,87.9,0,0.0
1959,1B,R,Jake Burger,Yusei Kikuchi,L,7,TEX,LAA,away,7.32,TEX,669394.0,420.0,390.0,21.099999999999998,374.0,46.0,0,2025-07-07,390.0,20.4,-390.0,79.6,78.9,0,0.0
1960,3B,R,Ezequiel Duran,Yusei Kikuchi,L,8,TEX,LAA,away,3.99,TEX,677649.0,1000.0,900.0,11.5,770.0,230.0,0,2025-07-07,900.0,10.0,-900.0,90.0,88.5,0,0.0
1961,SS,R,Zach Neto,Jacob deGrom,R,1,TEX,LAA,home,6.06,LAA,687263.0,500.0,475.0,17.4,475.0,25.0,0,2025-07-07,475.0,17.4,-475.0,82.6,82.6,0,0.0
1962,1B,L,Nolan Schanuel,Jacob deGrom,R,2,TEX,LAA,home,4.88,LAA,694384.0,870.0,850.0,14.000000000000002,614.0,256.0,0,2025-07-07,850.0,10.5,-852.0,89.5,86.0,0,0.0
1963,DH,R,Mike Trout,Jacob deGrom,R,3,TEX,LAA,home,7.54,LAA,545361.0,350.0,340.0,21.7,361.0,-11.0,0,2025-07-07,340.0,22.7,-341.0,77.3,78.3,0,0.0
1964,LF,R,Taylor Ward,Jacob deGrom,R,4,TEX,LAA,home,6.24,LAA,621493.0,480.0,400.0,18.0,456.0,24.0,0,2025-07-07,400.0,20.0,-400.0,80.0,82.0,0,0.0
1965,CF,R,Jo Adell,Jacob deGrom,R,5,TEX,LAA,home,6.15,LAA,666176.0,440.0,400.0,17.7,465.0,-25.0,0,2025-07-07,400.0,20.0,-400.0,80.0,82.3,0,0.0
1966,RF,R,Jorge Soler,Jacob deGrom,R,6,TEX,LAA,home,5.66,LAA,624585.0,480.0,425.0,16.3,513.0,-33.0,0,2025-07-07,425.0,19.0,-426.0,81.0,83.7,0,0.0
1967,2B,S,Luis Rengifo,Jacob deGrom,R,7,TEX,LAA,home,3.68,LAA,650859.0,1060.0,1000.0,10.6,843.0,217.0,0,2025-07-07,1000.0,9.1,-999.0,90.9,89.4,0,0.0
1968,C,R,Travis d'Arnaud,Jacob deGrom,R,8,TEX,LAA,home,2.79,LAA,518595.0,630.0,,8.0,1150.0,-520.0,1,2025-07-07,630.0,13.700000000000001,-630.0,86.3,92.0,0,0.0
1969,RF,R,Fernando Tatis,Zac Gallen,R,1,ARI,SD,home,7.49,SD,665487.0,320.0,295.0,21.6,363.0,-43.0,0,2025-07-07,295.0,25.3,-295.0,74.7,78.4,0,0.0
1970,CF,L,Jackson Merrill,Zac Gallen,R,2,ARI,SD,home,6.79,SD,701538.0,440.0,400.0,19.5,413.0,27.0,0,2025-07-07,400.0,20.0,-400.0,80.0,80.5,0,0.0
1971,3B,R,Manny Machado,Zac Gallen,R,3,ARI,SD,home,6.12,SD,592518.0,340.0,320.0,17.599999999999998,468.0,-128.0,1,2025-07-07,320.0,23.799999999999997,-320.0,76.2,82.4,0,0.0
1972,1B,L,Luis Arraez,Zac Gallen,R,4,ARI,SD,home,3.66,SD,650333.0,1700.0,1900.0,10.5,852.0,1048.0,0,2025-07-07,1700.0,5.6000000000000005,-1686.0,94.4,89.5,0,0.0
1973,LF,L,Gavin Sheets,Zac Gallen,R,5,ARI,SD,home,5.72,SD,657757.0,560.0,500.0,16.5,506.0,54.0,0,2025-07-07,500.0,16.7,-499.0,83.3,83.5,0,0.0
1974,SS,R,Xander Bogaerts,Zac Gallen,R,6,ARI,SD,home,3.82,SD,593428.0,800.0,800.0,11.0,809.0,-9.0,0,2025-07-07,800.0,11.1,-801.0,88.9,89.0,0,0.0
1975,2B,L,Jake Cronenworth,Zac Gallen,R,7,ARI,SD,home,5.76,SD,630105.0,630.0,550.0,16.6,502.0,128.0,0,2025-07-07,550.0,15.4,-549.0,84.6,83.4,0,0.0
1976,DH,L,Trenton Brooks,Zac Gallen,R,8,ARI,SD,home,6.11,SD,670092.0,680.0,750.0,17.599999999999998,468.0,282.0,0,2025-07-07,680.0,12.8,-681.0,87.2,82.4,0,0.0
1977,C,R,Martin Maldonado,Zac Gallen,R,9,ARI,SD,home,5.1,SD,455117.0,1060.0,1000.0,14.7,580.0,480.0,0,2025-07-07,1000.0,9.1,-999.0,90.9,85.3,0,0.0
1978,SS,R,Trea Turner,Landen Roupp,R,1,PHI,SF,away,4.15,PHI,607208.0,900.0,800.0,11.899999999999999,740.0,160.0,0,2025-07-07,800.0,11.1,-801.0,88.9,88.1,0,0.0
1979,DH,L,Kyle Schwarber,Landen Roupp,R,2,PHI,SF,away,6.62,PHI,656941.0,420.0,390.0,19.1,424.0,-4.0,0,2025-07-07,390.0,20.4,-390.0,79.6,80.9,0,0.0
1980,1B,L,Bryce Harper,Landen Roupp,R,3,PHI,SF,away,3.95,PHI,547180.0,630.0,550.0,11.4,777.0,-147.0,0,2025-07-07,550.0,15.4,-549.0,84.6,88.6,0,0.0
1981,3B,R,Alec Bohm,Landen Roupp,R,4,PHI,SF,away,3.83,PHI,664761.0,1300.0,1200.0,11.0,809.0,491.0,0,2025-07-07,1200.0,7.7,-1199.0,92.3,89.0,0,0.0
1982,RF,R,Nick Castellanos,Landen Roupp,R,5,PHI,SF,away,4.02,PHI,592206.0,870.0,850.0,11.600000000000001,762.0,108.0,0,2025-07-07,850.0,10.5,-852.0,89.5,88.4,0,0.0
1983,LF,L,Max Kepler,Landen Roupp,R,6,PHI,SF,away,3.44,PHI,596146.0,870.0,850.0,9.9,910.0,-40.0,0,2025-07-07,850.0,10.5,-852.0,89.5,90.1,0,0.0
1984,C,R,J.T. Realmuto,Landen Roupp,R,7,PHI,SF,away,3.75,PHI,592663.0,1060.0,850.0,10.8,826.0,234.0,0,2025-07-07,850.0,10.5,-852.0,89.5,89.2,0,0.0
1985,2B,L,Bryson Stott,Landen Roupp,R,8,PHI,SF,away,3.38,PHI,681082.0,1400.0,1300.0,9.700000000000001,931.0,469.0,0,2025-07-07,1300.0,7.1,-1308.0,92.9,90.3,0,0.0
1986,CF,L,Brandon Marsh,Landen Roupp,R,9,PHI,SF,away,3.75,PHI,669016.0,1100.0,1100.0,10.8,826.0,274.0,0,2025-07-07,1100.0,8.3,-1105.0,91.7,89.2,0,0.0
1987,LF,R,Heliot Ramos,Cristopher Sanchez,L,1,PHI,SF,home,5.78,SF,671218.0,680.0,550.0,16.6,502.0,178.0,0,2025-07-07,550.0,15.4,-549.0,84.6,83.4,0,0.0
1988,DH,L,Rafael Devers,Cristopher Sanchez,L,2,PHI,SF,home,4.21,SF,646240.0,630.0,550.0,12.1,726.0,-96.0,0,2025-07-07,550.0,15.4,-549.0,84.6,87.9,0,0.0
1989,SS,R,Willy Adames,Cristopher Sanchez,L,3,PHI,SF,home,4.71,SF,642715.0,680.0,700.0,13.600000000000001,635.0,65.0,0,2025-07-07,680.0,12.8,-681.0,87.2,86.4,0,0.0
1990,3B,R,Matt Chapman,Cristopher Sanchez,L,4,PHI,SF,home,5.22,SF,656305.0,520.0,450.0,15.0,567.0,-47.0,0,2025-07-07,450.0,18.2,-449.0,81.8,85.0,0,0.0
1991,1B,R,Wilmer Flores,Cristopher Sanchez,L,5,PHI,SF,home,3.59,SF,527038.0,870.0,800.0,10.299999999999999,871.0,-1.0,0,2025-07-07,800.0,11.1,-801.0,88.9,89.7,0,0.0
1992,CF,L,Jung Hoo Lee,Cristopher Sanchez,L,7,PHI,SF,home,2.72,SF,808982.0,1100.0,1100.0,7.8,1182.0,-82.0,0,2025-07-07,1100.0,8.3,-1105.0,91.7,92.2,0,0.0
1993,RF,R,Luis Matos,Cristopher Sanchez,L,8,PHI,SF,home,3.95,SF,682641.0,1000.0,1000.0,11.4,777.0,223.0,0,2025-07-07,1000.0,9.1,-999.0,90.9,88.6,0,0.0
1994,C,S,Patrick Bailey,Cristopher Sanchez,L,9,PHI,SF,home,3.07,SF,672275.0,1500.0,1200.0,8.799999999999999,1036.0,464.0,0,2025-07-07,1200.0,7.7,-1199.0,92.3,91.2,0,0.0
1995,LF,L,Brandon Nimmo,Brandon Young,R,1,NYM,BAL,away,6.48,NYM,607043.0,320.0,340.0,18.7,435.0,-95.0,0,2025-07-08,320.0,23.799999999999997,-320.0,76.2,81.3,0,0.0
1996,SS,S,Francisco Lindor,Brandon Young,R,2,NYM,BAL,away,6.51,NYM,596019.0,340.0,310.0,18.7,435.0,-95.0,1,2025-07-08,310.0,24.4,-310.0,75.6,81.3,0,0.0
1997,RF,L,Juan Soto,Brandon Young,R,3,NYM,BAL,away,9.39,NYM,665742.0,240.0,285.0,27.0,270.0,15.0,0,2025-07-08,240.0,29.4,-240.0,70.6,73.0,0,0.0
1998,1B,R,Pete Alonso,Brandon Young,R,4,NYM,BAL,away,5.92,NYM,624413.0,285.0,350.0,17.0,488.0,-138.0,1,2025-07-08,285.0,26.0,-285.0,74.0,83.0,0,0.0
1999,DH,L,Jesse Winker,Brandon Young,R,5,NYM,BAL,away,5.29,NYM,608385.0,560.0,550.0,15.2,558.0,2.0,0,2025-07-08,550.0,15.4,-549.0,84.6,84.8,0,0.0
2000,CF,L,Jeff McNeil,Brandon Young,R,6,NYM,BAL,away,4.29,NYM,643446.0,540.0,475.0,12.3,713.0,-173.0,0,2025-07-08,475.0,17.4,-475.0,82.6,87.7,0,0.0
2001,C,R,Luis Torrens,Brandon Young,R,7,NYM,BAL,away,4.89,NYM,620443.0,750.0,700.0,14.099999999999998,609.0,141.0,0,2025-07-08,700.0,12.5,-700.0,87.5,85.9,0,0.0
2002,3B,S,Ronny Mauricio,Brandon Young,R,8,NYM,BAL,away,4.45,NYM,677595.0,560.0,550.0,12.8,681.0,-121.0,1,2025-07-08,550.0,15.4,-549.0,84.6,87.2,0,0.0
2003,2B,L,Brett Baty,Brandon Young,R,9,NYM,BAL,away,4.91,NYM,683146.0,600.0,600.0,14.099999999999998,609.0,-9.0,0,2025-07-08,600.0,14.299999999999999,-599.0,85.7,85.9,0,0.0
2004,2B,L,Jackson Holliday,Clay Holmes,R,1,NYM,BAL,home,5.29,BAL,702616.0,540.0,550.0,15.2,558.0,-8.0,1,2025-07-08,540.0,15.6,-541.0,84.4,84.8,0,0.0
2005,3B,R,Jordan Westburg,Clay Holmes,R,2,NYM,BAL,home,4.97,BAL,676059.0,470.0,500.0,14.299999999999999,599.0,-99.0,0,2025-07-08,470.0,17.5,-471.0,82.5,85.7,0,0.0
2006,SS,L,Gunnar Henderson,Clay Holmes,R,3,NYM,BAL,home,4.81,BAL,683002.0,450.0,370.0,13.8,625.0,-175.0,0,2025-07-08,370.0,21.3,-369.0,78.7,86.2,0,0.0
2007,1B,L,Ryan O'Hearn,Clay Holmes,R,4,NYM,BAL,home,4.19,BAL,656811.0,520.0,500.0,12.1,726.0,-206.0,0,2025-07-08,500.0,16.7,-499.0,83.3,87.9,0,0.0
2008,RF,R,Ramon Laureano,Clay Holmes,R,5,NYM,BAL,home,3.72,BAL,657656.0,630.0,600.0,10.7,835.0,-205.0,0,2025-07-08,600.0,14.299999999999999,-599.0,85.7,89.3,0,0.0
2009,LF,L,Colton Cowser,Clay Holmes,R,6,NYM,BAL,home,4.58,BAL,681297.0,420.0,390.0,13.200000000000001,658.0,-238.0,0,2025-07-08,390.0,20.4,-390.0,79.6,86.8,0,0.0
2010,DH,R,Tyler O'Neill,Clay Holmes,R,7,NYM,BAL,home,4.71,BAL,641933.0,560.0,475.0,13.600000000000001,635.0,-75.0,0,2025-07-08,475.0,17.4,-475.0,82.6,86.4,0,0.0
2011,CF,L,Cedric Mullins,Clay Holmes,R,8,NYM,BAL,home,3.25,BAL,656775.0,560.0,475.0,9.4,964.0,-404.0,0,2025-07-08,475.0,17.4,-475.0,82.6,90.6,0,0.0
2012,C,R,Jacob Stallings,Clay Holmes,R,9,NYM,BAL,home,2.5,BAL,607732.0,1200.0,1100.0,7.199999999999999,1289.0,-89.0,0,2025-07-08,1100.0,8.3,-1105.0,91.7,92.8,0,0.0
2013,DH,R,Yandy Diaz,Jack Flaherty,R,1,TB,DET,away,4.94,TB,650490.0,450.0,350.0,14.2,604.0,-154.0,0,2025-07-08,350.0,22.2,-350.0,77.8,85.8,0,0.0
2014,1B,L,Jonathan Aranda,Jack Flaherty,R,2,TB,DET,away,6.61,TB,666018.0,500.0,425.0,19.0,426.0,74.0,1,2025-07-08,425.0,19.0,-426.0,81.0,81.0,0,0.0
2015,3B,R,Junior Caminero,Jack Flaherty,R,3,TB,DET,away,6.55,TB,691406.0,420.0,400.0,18.9,429.0,-9.0,0,2025-07-08,400.0,20.0,-400.0,80.0,81.1,0,0.0
2016,RF,L,Josh Lowe,Jack Flaherty,R,4,TB,DET,away,5.42,TB,666139.0,680.0,600.0,15.6,541.0,139.0,0,2025-07-08,600.0,14.299999999999999,-599.0,85.7,84.4,0,0.0
2017,SS,R,Ha-Seong Kim,Jack Flaherty,R,5,TB,DET,away,3.72,TB,673490.0,870.0,850.0,10.7,835.0,35.0,0,2025-07-08,850.0,10.5,-852.0,89.5,89.3,0,0.0
2018,LF,S,Jake Mangum,Jack Flaherty,R,6,TB,DET,away,3.51,TB,663968.0,1400.0,1400.0,10.100000000000001,890.0,510.0,0,2025-07-08,1400.0,6.7,-1393.0,93.3,89.9,0,0.0
2019,CF,L,Chandler Simpson,Jack Flaherty,R,7,TB,DET,away,3.26,TB,802415.0,2200.0,2200.0,9.4,964.0,1236.0,0,2025-07-08,2200.0,4.3,-2226.0,95.7,90.6,0,0.0
2020,2B,R,Jose Caballero,Jack Flaherty,R,8,TB,DET,away,3.4,TB,676609.0,1100.0,1200.0,9.8,920.0,280.0,0,2025-07-08,1100.0,8.3,-1105.0,91.7,90.2,0,0.0
2021,C,L,Matt Thaiss,Jack Flaherty,R,9,TB,DET,away,4.74,TB,642136.0,1060.0,850.0,13.600000000000001,635.0,425.0,0,2025-07-08,850.0,10.5,-852.0,89.5,86.4,0,0.0
2022,DH,L,Colt Keith,Ryan Pepiot,R,1,TB,DET,home,6.6,DET,690993.0,630.0,550.0,19.0,426.0,204.0,1,2025-07-08,550.0,15.4,-549.0,84.6,81.0,0,0.0
2023,2B,R,Gleyber Torres,Ryan Pepiot,R,2,TB,DET,home,4.85,DET,650402.0,680.0,650.0,14.000000000000002,614.0,66.0,0,2025-07-08,650.0,13.3,-652.0,86.7,86.0,0,0.0
2024,LF,L,Riley Greene,Ryan Pepiot,R,3,TB,DET,home,7.3,DET,682985.0,440.0,390.0,21.0,376.0,64.0,0,2025-07-08,390.0,20.4,-390.0,79.6,79.0,0,0.0
2025,1B,R,Spencer Torkelson,Ryan Pepiot,R,4,TB,DET,home,5.2,DET,679529.0,420.0,425.0,15.0,567.0,-142.0,1,2025-07-08,420.0,19.2,-421.0,80.8,85.0,0,0.0
2026,RF,S,Wenceel Perez,Ryan Pepiot,R,5,TB,DET,home,5.74,DET,672761.0,900.0,900.0,16.5,506.0,394.0,0,2025-07-08,900.0,10.0,-900.0,90.0,83.5,0,0.0
2027,C,R,Dillon Dingler,Ryan Pepiot,R,6,TB,DET,home,4.35,DET,693307.0,750.0,650.0,12.5,700.0,50.0,0,2025-07-08,650.0,13.3,-652.0,86.7,87.5,0,0.0
2028,3B,L,Zach McKinstry,Ryan Pepiot,R,7,TB,DET,home,4.06,DET,656716.0,1000.0,900.0,11.700000000000001,755.0,245.0,0,2025-07-08,900.0,10.0,-900.0,90.0,88.3,0,0.0
2029,CF,R,Matt Vierling,Ryan Pepiot,R,8,TB,DET,home,5.46,DET,663837.0,800.0,700.0,15.7,537.0,263.0,0,2025-07-08,700.0,12.5,-700.0,87.5,84.3,0,0.0
2030,SS,R,Javier Baez,Ryan Pepiot,R,9,TB,DET,home,1.57,DET,595879.0,750.0,600.0,4.5,2122.0,-1372.0,0,2025-07-08,600.0,14.299999999999999,-599.0,85.7,95.5,0,0.0
2031,SS,L,J.P. Crawford,Will Warren,R,1,SEA,NYY,away,5.43,SEA,641487.0,750.0,700.0,15.6,541.0,209.0,0,2025-07-08,700.0,12.5,-700.0,87.5,84.4,0,0.0
2032,DH,R,Johnathan Rodriguez,Hunter Brown,R,8,CLE,HOU,away,2.81,CLE,671286.0,,,8.1,1135.0,,0,2025-07-08,,,,,91.9,0,0.0
2033,C,S,Cal Raleigh,Will Warren,R,3,SEA,NYY,away,8.88,SEA,663728.0,176.0,175.0,25.6,291.0,-115.0,1,2025-07-08,175.0,36.4,-175.0,63.6,74.4,0,0.0
2034,LF,R,Randy Arozarena,Will Warren,R,4,SEA,NYY,away,5.38,SEA,668227.0,480.0,500.0,15.5,545.0,-45.0,0,2025-07-08,480.0,17.2,-481.0,82.8,84.5,0,0.0
2035,DH,S,Jorge Polanco,Will Warren,R,5,SEA,NYY,away,6.66,SEA,593871.0,500.0,425.0,19.2,421.0,79.0,0,2025-07-08,425.0,19.0,-426.0,81.0,80.8,0,0.0
2036,1B,L,Luke Raley,Will Warren,R,6,SEA,NYY,away,7.5,SEA,670042.0,470.0,450.0,21.6,363.0,107.0,0,2025-07-08,450.0,18.2,-449.0,81.8,78.4,0,0.0
2037,RF,L,Dominic Canzone,Will Warren,R,7,SEA,NYY,away,6.78,SEA,686527.0,400.0,380.0,19.5,413.0,-13.0,0,2025-07-08,380.0,20.8,-381.0,79.2,80.5,0,0.0
2038,3B,R,Ben Williamson,Will Warren,R,8,SEA,NYY,away,3.31,SEA,810938.0,1300.0,1400.0,9.5,953.0,447.0,0,2025-07-08,1300.0,7.1,-1308.0,92.9,90.5,0,0.0
2039,2B,L,Cole Young,Will Warren,R,9,SEA,NYY,away,4.58,SEA,702284.0,870.0,850.0,13.200000000000001,658.0,212.0,0,2025-07-08,850.0,10.5,-852.0,89.5,86.8,0,0.0
2040,LF,S,Jasson Dominguez,Logan Gilbert,R,1,SEA,NYY,home,5.43,NYY,691176.0,360.0,320.0,15.6,541.0,-181.0,0,2025-07-08,320.0,23.799999999999997,-320.0,76.2,84.4,0,0.0
2041,RF,R,Aaron Judge,Logan Gilbert,R,2,SEA,NYY,home,8.75,NYY,592450.0,186.0,190.0,25.2,297.0,-107.0,1,2025-07-08,186.0,35.0,-186.0,65.0,74.8,0,0.0
2042,CF,L,Cody Bellinger,Logan Gilbert,R,3,SEA,NYY,home,5.03,NYY,641355.0,370.0,330.0,14.499999999999998,590.0,-220.0,0,2025-07-08,330.0,23.3,-329.0,76.7,85.5,0,0.0
2043,DH,R,Giancarlo Stanton,Logan Gilbert,R,4,SEA,NYY,home,6.31,NYY,519317.0,330.0,300.0,18.2,449.0,-119.0,1,2025-07-08,300.0,25.0,-300.0,75.0,81.8,0,0.0
2044,2B,L,Jazz Chisholm,Logan Gilbert,R,5,SEA,NYY,home,7.26,NYY,665862.0,340.0,295.0,20.9,378.0,-38.0,0,2025-07-08,295.0,25.3,-295.0,74.7,79.1,0,0.0
2045,1B,R,Paul Goldschmidt,Logan Gilbert,R,6,SEA,NYY,home,4.6,NYY,502671.0,540.0,500.0,13.200000000000001,658.0,-118.0,0,2025-07-08,500.0,16.7,-499.0,83.3,86.8,0,0.0
2046,C,L,Austin Wells,Logan Gilbert,R,7,SEA,NYY,home,5.87,NYY,669224.0,350.0,310.0,16.900000000000002,492.0,-142.0,1,2025-07-08,310.0,24.4,-310.0,75.6,83.1,0,0.0
2047,SS,R,Anthony Volpe,Logan Gilbert,R,8,SEA,NYY,home,3.75,NYY,683011.0,830.0,800.0,10.8,826.0,4.0,0,2025-07-08,800.0,11.1,-801.0,88.9,89.2,0,0.0
2048,3B,R,Oswald Peraza,Logan Gilbert,R,9,SEA,NYY,home,4.86,NYY,672724.0,870.0,800.0,14.000000000000002,614.0,256.0,0,2025-07-08,800.0,11.1,-801.0,88.9,86.0,0,0.0
2049,RF,R,Tyler Freeman,Brayan Bello,R,1,COL,BOS,away,3.05,COL,671289.0,1100.0,1000.0,8.799999999999999,1036.0,64.0,0,2025-07-08,1000.0,9.1,-999.0,90.9,91.2,0,0.0
2050,C,R,Hunter Goodman,Brayan Bello,R,2,COL,BOS,away,5.96,COL,696100.0,520.0,450.0,17.2,481.0,39.0,1,2025-07-08,450.0,18.2,-449.0,81.8,82.8,0,0.0
2051,DH,L,Mickey Moniak,Brayan Bello,R,3,COL,BOS,away,5.46,COL,666160.0,540.0,500.0,15.7,537.0,3.0,0,2025-07-08,500.0,16.7,-499.0,83.3,84.3,0,0.0
2052,LF,R,Jordan Beck,Brayan Bello,R,4,COL,BOS,away,4.35,COL,687597.0,870.0,800.0,12.5,700.0,170.0,0,2025-07-08,800.0,11.1,-801.0,88.9,87.5,0,0.0
2053,1B,S,Michael Toglia,Brayan Bello,R,5,COL,BOS,away,5.67,COL,669911.0,630.0,550.0,16.3,513.0,117.0,0,2025-07-08,550.0,15.4,-549.0,84.6,83.7,0,0.0
2054,3B,L,Ryan McMahon,Brayan Bello,R,6,COL,BOS,away,6.25,COL,641857.0,600.0,600.0,18.0,456.0,144.0,0,2025-07-08,600.0,14.299999999999999,-599.0,85.7,82.0,0,0.0
2055,CF,R,Brenton Doyle,Brayan Bello,R,7,COL,BOS,away,5.41,COL,686668.0,900.0,800.0,15.6,541.0,359.0,0,2025-07-08,800.0,11.1,-801.0,88.9,84.4,0,0.0
2056,2B,R,Orlando Arcia,Brayan Bello,R,8,COL,BOS,away,3.15,COL,606115.0,1500.0,1300.0,9.1,999.0,501.0,0,2025-07-08,1300.0,7.1,-1308.0,92.9,90.9,0,0.0
2057,3B,R,Nate Eaton,Kyle Freeland,L,1,COL,BOS,home,5.79,BOS,681987.0,680.0,700.0,16.7,499.0,201.0,0,2025-07-08,680.0,12.8,-681.0,87.2,83.3,0,0.0
2058,2B,R,Romy Gonzalez,Kyle Freeland,L,2,COL,BOS,home,7.17,BOS,663853.0,420.0,425.0,20.599999999999998,385.0,40.0,0,2025-07-08,420.0,19.2,-421.0,80.8,79.4,0,0.0
2059,DH,R,Rob Refsnyder,Kyle Freeland,L,4,COL,BOS,home,7.29,BOS,608701.0,470.0,500.0,21.0,376.0,124.0,0,2025-07-08,470.0,17.5,-471.0,82.5,79.0,0,0.0
2060,SS,R,Trevor Story,Kyle Freeland,L,5,COL,BOS,home,4.99,BOS,596115.0,400.0,425.0,14.399999999999999,594.0,-169.0,1,2025-07-08,400.0,20.0,-400.0,80.0,85.6,0,0.0
2061,CF,R,Ceddanne Rafaela,Kyle Freeland,L,6,COL,BOS,home,6.38,BOS,678882.0,450.0,475.0,18.4,443.0,32.0,0,2025-07-08,450.0,18.2,-449.0,81.8,81.6,0,0.0
2062,LF,L,Jarren Duran,Kyle Freeland,L,7,COL,BOS,home,4.48,BOS,680776.0,680.0,800.0,12.9,675.0,125.0,1,2025-07-08,680.0,12.8,-681.0,87.2,87.1,0,0.0
2063,1B,S,Abraham Toro,Kyle Freeland,L,8,COL,BOS,home,4.1,BOS,647351.0,630.0,650.0,11.799999999999999,747.0,-97.0,0,2025-07-08,630.0,13.700000000000001,-630.0,86.3,88.2,0,0.0
2064,C,R,Connor Wong,Kyle Freeland,L,9,COL,BOS,home,4.29,BOS,657136.0,800.0,850.0,12.3,713.0,137.0,0,2025-07-08,800.0,11.1,-801.0,88.9,87.7,0,0.0
2065,2B,S,Xavier Edwards,Nick Martinez,R,1,MIA,CIN,away,3.56,MIA,669364.0,1200.0,1100.0,10.2,880.0,320.0,0,2025-07-08,1100.0,8.3,-1105.0,91.7,89.8,0,0.0
2066,RF,L,Jesus Sanchez,Nick Martinez,R,2,MIA,CIN,away,7.38,MIA,660821.0,360.0,330.0,21.2,372.0,-12.0,0,2025-07-08,330.0,23.3,-329.0,76.7,78.8,0,0.0
2067,SS,R,Otto Lopez,Nick Martinez,R,3,MIA,CIN,away,4.51,MIA,672640.0,560.0,550.0,13.0,669.0,-109.0,0,2025-07-08,550.0,15.4,-549.0,84.6,87.0,0,0.0
2068,C,R,Agustin Ramirez,Nick Martinez,R,4,MIA,CIN,away,5.63,MIA,682663.0,350.0,330.0,16.2,517.0,-167.0,0,2025-07-08,330.0,23.3,-329.0,76.7,83.8,0,0.0
2069,LF,L,Kyle Stowers,Nick Martinez,R,5,MIA,CIN,away,6.75,MIA,669065.0,330.0,320.0,19.400000000000002,415.0,-85.0,0,2025-07-08,320.0,23.799999999999997,-320.0,76.2,80.6,0,0.0
2070,3B,R,Connor Norby,Nick Martinez,R,6,MIA,CIN,away,4.59,MIA,681393.0,520.0,500.0,13.200000000000001,658.0,-138.0,0,2025-07-08,500.0,16.7,-499.0,83.3,86.8,0,0.0
2071,1B,L,Liam Hicks,Nick Martinez,R,7,MIA,CIN,away,3.78,MIA,689414.0,800.0,750.0,10.9,817.0,-17.0,0,2025-07-08,750.0,11.799999999999999,-747.0,88.2,89.1,0,0.0
2072,DH,R,Heriberto Hernandez,Nick Martinez,R,8,MIA,CIN,away,4.6,MIA,681715.0,560.0,,13.200000000000001,658.0,-98.0,0,2025-07-08,560.0,15.2,-558.0,84.8,86.8,0,0.0
2073,CF,R,Dane Myers,Nick Martinez,R,9,MIA,CIN,away,4.55,MIA,667472.0,630.0,600.0,13.100000000000001,663.0,-33.0,0,2025-07-08,600.0,14.299999999999999,-599.0,85.7,86.9,0,0.0
2074,CF,L,TJ Friedl,Eury Perez,R,1,MIA,CIN,home,5.1,CIN,670770.0,500.0,425.0,14.7,580.0,-80.0,0,2025-07-08,425.0,19.0,-426.0,81.0,85.3,0,0.0
2075,2B,R,Matt McLain,Eury Perez,R,2,MIA,CIN,home,5.63,CIN,680574.0,420.0,350.0,16.2,517.0,-97.0,1,2025-07-08,350.0,22.2,-350.0,77.8,83.8,0,0.0
2076,SS,S,Elly De La Cruz,Eury Perez,R,3,MIA,CIN,home,8.52,CIN,682829.0,320.0,285.0,24.5,308.0,12.0,0,2025-07-08,285.0,26.0,-285.0,74.0,75.5,0,0.0
2077,DH,R,Austin Hays,Eury Perez,R,4,MIA,CIN,home,5.69,CIN,669720.0,440.0,340.0,16.400000000000002,510.0,-70.0,0,2025-07-08,340.0,22.7,-341.0,77.3,83.6,0,0.0
2078,LF,L,Gavin Lux,Eury Perez,R,5,MIA,CIN,home,5.79,CIN,666158.0,700.0,700.0,16.7,499.0,201.0,0,2025-07-08,700.0,12.5,-700.0,87.5,83.3,0,0.0
2079,1B,R,Spencer Steer,Eury Perez,R,6,MIA,CIN,home,4.52,CIN,668715.0,470.0,425.0,13.0,669.0,-199.0,0,2025-07-08,425.0,19.0,-426.0,81.0,87.0,0,0.0
2080,RF,L,Will Benson,Eury Perez,R,7,MIA,CIN,home,10.71,CIN,666181.0,430.0,425.0,30.8,225.0,205.0,0,2025-07-08,425.0,19.0,-426.0,81.0,69.2,0,0.0
2081,C,R,Jose Trevino,Eury Perez,R,8,MIA,CIN,home,3.21,CIN,624431.0,560.0,600.0,9.2,987.0,-387.0,0,2025-07-08,560.0,15.2,-558.0,84.8,90.8,0,0.0
2082,3B,R,Noelvi Marte,Eury Perez,R,9,MIA,CIN,home,4.21,CIN,682622.0,560.0,500.0,12.1,726.0,-166.0,0,2025-07-08,500.0,16.7,-499.0,83.3,87.9,0,0.0
2083,CF,L,Nathan Lukes,Aaron Civale,R,1,TOR,CWS,away,5.06,TOR,664770.0,700.0,550.0,14.6,585.0,115.0,0,2025-07-08,550.0,15.4,-549.0,84.6,85.4,0,0.0
2084,DH,R,George Springer,Aaron Civale,R,2,TOR,CWS,away,6.75,TOR,543807.0,300.0,300.0,19.400000000000002,415.0,-115.0,0,2025-07-08,300.0,25.0,-300.0,75.0,80.6,0,0.0
2085,1B,R,Vladimir Guerrero,Aaron Civale,R,3,TOR,CWS,away,7.3,TOR,665489.0,310.0,275.0,21.0,376.0,-66.0,0,2025-07-08,275.0,26.700000000000003,-275.0,73.3,79.0,0,0.0
2086,SS,R,Bo Bichette,Aaron Civale,R,4,TOR,CWS,away,4.54,TOR,666182.0,470.0,350.0,13.100000000000001,663.0,-193.0,0,2025-07-08,350.0,22.2,-350.0,77.8,86.9,0,0.0
2087,3B,L,Addison Barger,Aaron Civale,R,5,TOR,CWS,away,6.33,TOR,680718.0,300.0,265.0,18.2,449.0,-149.0,0,2025-07-08,265.0,27.400000000000002,-265.0,72.6,81.8,0,0.0
2088,C,R,Alejandro Kirk,Aaron Civale,R,6,TOR,CWS,away,4.65,TOR,672386.0,520.0,450.0,13.4,646.0,-126.0,0,2025-07-08,450.0,18.2,-449.0,81.8,86.6,0,0.0
2089,RF,L,Joey Loperfido,Aaron Civale,R,7,TOR,CWS,away,4.46,TOR,694388.0,680.0,500.0,12.8,681.0,-1.0,0,2025-07-08,500.0,16.7,-499.0,83.3,87.2,0,0.0
2090,2B,R,Ernie Clement,Aaron Civale,R,8,TOR,CWS,away,2.87,TOR,676391.0,800.0,650.0,8.3,1105.0,-305.0,0,2025-07-08,650.0,13.3,-652.0,86.7,91.7,0,0.0
2091,LF,R,Davis Schneider,Aaron Civale,R,9,TOR,CWS,away,3.85,TOR,676914.0,600.0,650.0,11.1,801.0,-151.0,1,2025-07-08,600.0,14.299999999999999,-599.0,85.7,88.9,0,0.0
2092,RF,L,Mike Tauchman,Chris Bassitt,R,1,TOR,CWS,home,6.16,CWS,643565.0,600.0,550.0,17.7,465.0,135.0,0,2025-07-08,550.0,15.4,-549.0,84.6,82.3,0,0.0
2093,2B,R,Lenyn Sosa,Chris Bassitt,R,2,TOR,CWS,home,4.83,CWS,672820.0,600.0,750.0,13.900000000000002,619.0,131.0,0,2025-07-08,600.0,14.299999999999999,-599.0,85.7,86.1,0,0.0
2094,DH,L,Andrew Benintendi,Chris Bassitt,R,3,TOR,CWS,home,6.67,CWS,643217.0,500.0,550.0,19.2,421.0,129.0,0,2025-07-08,500.0,16.7,-499.0,83.3,80.8,0,0.0
2095,1B,R,Miguel Vargas,Chris Bassitt,R,4,TOR,CWS,home,5.07,CWS,678246.0,520.0,550.0,14.6,585.0,-35.0,0,2025-07-08,520.0,16.1,-521.0,83.9,85.4,0,0.0
2096,C,L,Kyle Teel,Chris Bassitt,R,5,TOR,CWS,home,6.03,CWS,691019.0,680.0,750.0,17.4,475.0,275.0,0,2025-07-08,680.0,12.8,-681.0,87.2,82.6,0,0.0
2097,CF,R,Luis Robert,Chris Bassitt,R,6,TOR,CWS,home,5.01,CWS,673357.0,560.0,550.0,14.399999999999999,594.0,-34.0,0,2025-07-08,550.0,15.4,-549.0,84.6,85.6,0,0.0
2098,3B,L,Josh Rojas,Chris Bassitt,R,9,TOR,CWS,home,4.74,CWS,668942.0,1000.0,1100.0,13.600000000000001,635.0,465.0,1,2025-07-08,1000.0,9.1,-999.0,90.9,86.4,0,0.0
2099,1B,L,Spencer Horwitz,Seth Lugo,R,1,PIT,KC,away,5.53,PIT,687462.0,1000.0,800.0,15.9,529.0,471.0,0,2025-07-08,800.0,11.1,-801.0,88.9,84.1,0,0.0
2100,RF,S,Bryan Reynolds,Seth Lugo,R,3,PIT,KC,away,5.31,PIT,668804.0,630.0,600.0,15.299999999999999,554.0,76.0,0,2025-07-08,600.0,14.299999999999999,-599.0,85.7,84.7,0,0.0
2101,2B,R,Nick Gonzales,Seth Lugo,R,4,PIT,KC,away,3.86,PIT,693304.0,870.0,800.0,11.1,801.0,69.0,1,2025-07-08,800.0,11.1,-801.0,88.9,88.9,0,0.0
2102,CF,L,Oneil Cruz,Seth Lugo,R,5,PIT,KC,away,7.74,PIT,665833.0,470.0,450.0,22.3,348.0,122.0,1,2025-07-08,450.0,18.2,-449.0,81.8,77.7,0,0.0
2103,3B,R,Ke'Bryan Hayes,Seth Lugo,R,6,PIT,KC,away,3.46,PIT,663647.0,1100.0,1100.0,10.0,900.0,200.0,0,2025-07-08,1100.0,8.3,-1105.0,91.7,90.0,0,0.0
2104,LF,R,Tommy Pham,Seth Lugo,R,7,PIT,KC,away,3.68,PIT,502054.0,1060.0,1100.0,10.6,843.0,257.0,0,2025-07-08,1060.0,8.6,-1063.0,91.4,89.4,0,0.0
2105,SS,R,Isiah Kiner-Falefa,Seth Lugo,R,9,PIT,KC,away,2.69,PIT,643396.0,1500.0,1400.0,7.7,1199.0,301.0,0,2025-07-08,1400.0,6.7,-1393.0,93.3,92.3,0,0.0
2106,DH,R,Jonathan India,Mitch Keller,R,1,PIT,KC,home,3.79,KC,663697.0,1000.0,700.0,10.9,817.0,183.0,0,2025-07-08,700.0,12.5,-700.0,87.5,89.1,0,0.0
2107,SS,R,Bobby Witt,Mitch Keller,R,2,PIT,KC,home,6.23,KC,677951.0,560.0,450.0,17.9,459.0,101.0,0,2025-07-08,450.0,18.2,-449.0,81.8,82.1,0,0.0
2108,1B,L,Vinnie Pasquantino,Mitch Keller,R,3,PIT,KC,home,4.68,KC,686469.0,680.0,550.0,13.5,641.0,39.0,0,2025-07-08,550.0,15.4,-549.0,84.6,86.5,0,0.0
2109,3B,R,Maikel Garcia,Mitch Keller,R,4,PIT,KC,home,3.3,KC,672580.0,900.0,1000.0,9.5,953.0,47.0,0,2025-07-08,900.0,10.0,-900.0,90.0,90.5,0,0.0
2110,C,R,Salvador Perez,Mitch Keller,R,5,PIT,KC,home,4.84,KC,521692.0,600.0,475.0,13.900000000000002,619.0,-19.0,0,2025-07-08,475.0,17.4,-475.0,82.6,86.1,0,0.0
2111,RF,L,Jac Caglianone,Mitch Keller,R,6,PIT,KC,home,4.54,KC,695506.0,750.0,800.0,13.100000000000001,663.0,137.0,1,2025-07-08,750.0,11.799999999999999,-747.0,88.2,86.9,0,0.0
2112,2B,R,Nick Loftin,Mitch Keller,R,7,PIT,KC,home,3.54,KC,679845.0,1100.0,1000.0,10.2,880.0,220.0,1,2025-07-08,1000.0,9.1,-999.0,90.9,89.8,0,0.0
2113,LF,L,John Rave,Mitch Keller,R,8,PIT,KC,home,4.44,KC,670231.0,1060.0,1000.0,12.8,681.0,379.0,0,2025-07-08,1000.0,9.1,-999.0,90.9,87.2,0,0.0
2114,CF,L,Kyle Isbel,Mitch Keller,R,9,PIT,KC,home,3.34,KC,664728.0,1100.0,1000.0,9.6,942.0,158.0,0,2025-07-08,1000.0,9.1,-999.0,90.9,90.4,0,0.0
2115,DH,L,Shohei Ohtani,Jacob Misiorowski,R,1,LAD,MIL,away,10.08,LAD,660271.0,210.0,160.0,28.999999999999996,245.0,-35.0,1,2025-07-08,160.0,38.5,-160.0,61.5,71.0,0,0.0
2116,SS,R,Mookie Betts,Jacob Misiorowski,R,2,LAD,MIL,away,3.5,LAD,605141.0,520.0,425.0,10.100000000000001,890.0,-370.0,0,2025-07-08,425.0,19.0,-426.0,81.0,89.9,0,0.0
2117,1B,L,Freddie Freeman,Jacob Misiorowski,R,3,LAD,MIL,away,5.41,LAD,518692.0,520.0,425.0,15.6,541.0,-21.0,0,2025-07-08,425.0,19.0,-426.0,81.0,84.4,0,0.0
2118,RF,R,Andy Pages,Jacob Misiorowski,R,4,LAD,MIL,away,2.48,LAD,681624.0,500.0,475.0,7.1,1308.0,-808.0,0,2025-07-08,475.0,17.4,-475.0,82.6,92.9,0,0.0
2119,LF,L,Michael Conforto,Jacob Misiorowski,R,5,LAD,MIL,away,2.67,LAD,624424.0,480.0,500.0,7.7,1199.0,-699.0,0,2025-07-08,480.0,17.2,-481.0,82.8,92.3,0,0.0
2120,2B,L,Hyeseong Kim,Jacob Misiorowski,R,6,LAD,MIL,away,2.01,LAD,808975.0,830.0,800.0,5.800000000000001,1624.0,-794.0,0,2025-07-08,800.0,11.1,-801.0,88.9,94.2,1,1.25
2121,C,L,Dalton Rushing,Jacob Misiorowski,R,7,LAD,MIL,away,4.15,LAD,687221.0,750.0,650.0,11.899999999999999,740.0,10.0,0,2025-07-08,650.0,13.3,-652.0,86.7,88.1,0,0.0
2122,CF,L,James Outman,Jacob Misiorowski,R,8,LAD,MIL,away,8.44,LAD,681546.0,520.0,600.0,24.3,312.0,288.0,0,2025-07-08,520.0,16.1,-521.0,83.9,75.7,0,0.0
2123,3B,R,Miguel Rojas,Jacob Misiorowski,R,9,LAD,MIL,away,2.32,LAD,500743.0,750.0,850.0,6.7,1393.0,-543.0,0,2025-07-08,750.0,11.799999999999999,-747.0,88.2,93.3,1,1.34
2124,CF,R,Jackson Chourio,Clayton Kershaw,L,1,LAD,MIL,home,5.26,MIL,694192.0,520.0,500.0,15.1,562.0,-42.0,0,2025-07-08,500.0,16.7,-499.0,83.3,84.9,0,0.0
2125,C,R,William Contreras,Clayton Kershaw,L,2,LAD,MIL,home,4.82,MIL,661388.0,600.0,450.0,13.900000000000002,619.0,-19.0,0,2025-07-08,450.0,18.2,-449.0,81.8,86.1,0,0.0
2126,DH,L,Christian Yelich,Clayton Kershaw,L,3,LAD,MIL,home,4.42,MIL,592885.0,390.0,450.0,12.7,687.0,-237.0,0,2025-07-08,390.0,20.4,-390.0,79.6,87.3,0,0.0
2127,LF,S,Isaac Collins,Clayton Kershaw,L,4,LAD,MIL,home,2.93,MIL,686555.0,870.0,650.0,8.4,1090.0,-220.0,0,2025-07-08,650.0,13.3,-652.0,86.7,91.6,0,0.0
2128,RF,L,Sal Frelick,Clayton Kershaw,L,6,LAD,MIL,home,2.58,MIL,686217.0,900.0,800.0,7.3999999999999995,1251.0,-351.0,1,2025-07-08,800.0,11.1,-801.0,88.9,92.6,1,-10.0
2129,1B,R,Andrew Vaughn,Clayton Kershaw,L,7,LAD,MIL,home,5.39,MIL,683734.0,560.0,450.0,15.5,545.0,15.0,0,2025-07-08,450.0,18.2,-449.0,81.8,84.5,0,0.0
2130,2B,L,Brice Turang,Clayton Kershaw,L,8,LAD,MIL,home,2.84,MIL,668930.0,870.0,850.0,8.200000000000001,1120.0,-250.0,0,2025-07-08,850.0,10.5,-852.0,89.5,91.8,1,1.17
2131,SS,R,Joey Ortiz,Clayton Kershaw,L,9,LAD,MIL,home,3.73,MIL,687401.0,870.0,850.0,10.7,835.0,35.0,0,2025-07-08,850.0,10.5,-852.0,89.5,89.3,0,0.0
2132,LF,S,Ian Happ,Simeon Woods Richardson,R,1,CHC,MIN,away,5.67,CHC,664023.0,420.0,390.0,16.3,513.0,-93.0,0,2025-07-08,390.0,20.4,-390.0,79.6,83.7,0,0.0
2133,RF,L,Kyle Tucker,Simeon Woods Richardson,R,2,CHC,MIN,away,7.37,CHC,663656.0,340.0,320.0,21.2,372.0,-32.0,0,2025-07-08,320.0,23.799999999999997,-320.0,76.2,78.8,0,0.0
2134,DH,R,Seiya Suzuki,Simeon Woods Richardson,R,3,CHC,MIN,away,6.29,CHC,673548.0,300.0,285.0,18.099999999999998,452.0,-152.0,0,2025-07-08,285.0,26.0,-285.0,74.0,81.9,0,0.0
2135,CF,L,Pete Crow-Armstrong,Simeon Woods Richardson,R,4,CHC,MIN,away,6.29,CHC,691718.0,360.0,330.0,18.099999999999998,452.0,-92.0,0,2025-07-08,330.0,23.3,-329.0,76.7,81.9,0,0.0
2136,1B,L,Michael Busch,Simeon Woods Richardson,R,5,CHC,MIN,away,7.45,CHC,683737.0,360.0,330.0,21.4,367.0,-7.0,0,2025-07-08,330.0,23.3,-329.0,76.7,78.6,0,0.0
2137,SS,R,Dansby Swanson,Simeon Woods Richardson,R,6,CHC,MIN,away,4.7,CHC,621020.0,440.0,450.0,13.5,641.0,-191.0,0,2025-07-08,440.0,18.5,-441.0,81.5,86.5,0,0.0
2138,C,R,Carson Kelly,Simeon Woods Richardson,R,7,CHC,MIN,away,2.06,CHC,608348.0,520.0,550.0,5.8999999999999995,1595.0,-1045.0,0,2025-07-08,520.0,16.1,-521.0,83.9,94.1,0,0.0
2139,2B,R,Nico Hoerner,Simeon Woods Richardson,R,8,CHC,MIN,away,2.8,CHC,663538.0,1060.0,1000.0,8.1,1135.0,-75.0,0,2025-07-08,1000.0,9.1,-999.0,90.9,91.9,0,0.0
2140,3B,R,Matt Shaw,Simeon Woods Richardson,R,9,CHC,MIN,away,3.41,CHC,807713.0,900.0,850.0,9.8,920.0,-20.0,0,2025-07-08,850.0,10.5,-852.0,89.5,90.2,0,0.0
2141,CF,R,Byron Buxton,Shota Imanaga,L,1,CHC,MIN,home,6.78,MIN,621439.0,255.0,225.0,19.5,413.0,-158.0,0,2025-07-08,225.0,30.8,-225.0,69.2,80.5,0,0.0
2142,DH,R,Ryan Jeffers,Shota Imanaga,L,2,CHC,MIN,home,5.43,MIN,680777.0,430.0,390.0,15.6,541.0,-111.0,1,2025-07-08,390.0,20.4,-390.0,79.6,84.4,0,0.0
2143,RF,S,Willi Castro,Shota Imanaga,L,3,CHC,MIN,home,3.94,MIN,650489.0,560.0,500.0,11.3,785.0,-225.0,1,2025-07-08,500.0,16.7,-499.0,83.3,88.7,0,0.0
2144,SS,R,Carlos Correa,Shota Imanaga,L,4,CHC,MIN,home,5.38,MIN,621043.0,460.0,425.0,15.5,545.0,-85.0,0,2025-07-08,425.0,19.0,-426.0,81.0,84.5,0,0.0
2145,3B,R,Royce Lewis,Shota Imanaga,L,5,CHC,MIN,home,6.13,MIN,668904.0,500.0,475.0,17.599999999999998,468.0,32.0,0,2025-07-08,475.0,17.4,-475.0,82.6,82.4,0,0.0
2146,LF,R,Harrison Bader,Shota Imanaga,L,6,CHC,MIN,home,5.55,MIN,664056.0,420.0,380.0,16.0,525.0,-105.0,1,2025-07-08,380.0,20.8,-381.0,79.2,84.0,0,0.0
2147,1B,R,Ty France,Shota Imanaga,L,7,CHC,MIN,home,4.95,MIN,664034.0,600.0,600.0,14.2,604.0,-4.0,0,2025-07-08,600.0,14.299999999999999,-599.0,85.7,85.8,0,0.0
2148,2B,S,Brooks Lee,Shota Imanaga,L,8,CHC,MIN,home,3.56,MIN,686797.0,750.0,700.0,10.2,880.0,-130.0,0,2025-07-08,700.0,12.5,-700.0,87.5,89.8,0,0.0
2149,C,R,Christian Vazquez,Shota Imanaga,L,9,CHC,MIN,home,3.57,MIN,543877.0,800.0,800.0,10.299999999999999,871.0,-71.0,0,2025-07-08,800.0,11.1,-801.0,88.9,89.7,0,0.0
2150,SS,L,CJ Abrams,Sonny Gray,R,1,WSH,STL,away,5.71,WSH,682928.0,870.0,950.0,16.400000000000002,510.0,440.0,0,2025-07-08,870.0,10.299999999999999,-871.0,89.7,83.6,0,0.0
2151,LF,L,James Wood,Sonny Gray,R,2,WSH,STL,away,7.34,WSH,695578.0,520.0,500.0,21.099999999999998,374.0,146.0,0,2025-07-08,500.0,16.7,-499.0,83.3,78.9,0,0.0
2152,2B,L,Luis Garcia,Sonny Gray,R,3,WSH,STL,away,6.16,WSH,671277.0,900.0,1000.0,17.7,465.0,535.0,0,2025-07-08,900.0,10.0,-900.0,90.0,82.3,0,0.0
2153,1B,L,Nathaniel Lowe,Sonny Gray,R,4,WSH,STL,away,5.05,WSH,663993.0,900.0,800.0,14.499999999999998,590.0,310.0,0,2025-07-08,800.0,11.1,-801.0,88.9,85.5,0,0.0
2154,DH,S,Josh Bell,Sonny Gray,R,5,WSH,STL,away,5.65,WSH,605137.0,800.0,850.0,16.3,513.0,337.0,0,2025-07-08,800.0,11.1,-801.0,88.9,83.7,0,0.0
2155,RF,L,Daylen Lile,Sonny Gray,R,7,WSH,STL,away,4.08,WSH,695734.0,1100.0,1300.0,11.700000000000001,755.0,545.0,0,2025-07-08,1100.0,8.3,-1105.0,91.7,88.3,0,0.0
2156,CF,R,Jacob Young,Sonny Gray,R,9,WSH,STL,away,2.51,WSH,696285.0,2000.0,1900.0,7.199999999999999,1289.0,711.0,0,2025-07-08,1900.0,5.0,-1900.0,95.0,92.8,0,0.0
2157,LF,L,Brendan Donovan,Jake Irvin,R,1,WSH,STL,home,5.29,STL,680977.0,630.0,550.0,15.2,558.0,72.0,1,2025-07-08,550.0,15.4,-549.0,84.6,84.8,0,0.0
2158,SS,R,Masyn Winn,Jake Irvin,R,2,WSH,STL,home,3.94,STL,691026.0,800.0,800.0,11.3,785.0,15.0,0,2025-07-08,800.0,11.1,-801.0,88.9,88.7,0,0.0
2159,DH,L,Alec Burleson,Jake Irvin,R,3,WSH,STL,home,5.21,STL,676475.0,460.0,425.0,15.0,567.0,-107.0,0,2025-07-08,425.0,19.0,-426.0,81.0,85.0,0,0.0
2160,3B,L,Nolan Gorman,Jake Irvin,R,5,WSH,STL,home,6.63,STL,669357.0,340.0,360.0,19.1,424.0,-64.0,0,2025-07-08,340.0,22.7,-341.0,77.3,80.9,0,0.0
2161,RF,L,Lars Nootbaar,Jake Irvin,R,7,WSH,STL,home,5.65,STL,663457.0,500.0,400.0,16.3,513.0,-13.0,1,2025-07-08,400.0,20.0,-400.0,80.0,83.7,0,0.0
2162,C,R,Pedro Pages,Jake Irvin,R,8,WSH,STL,home,4.09,STL,686780.0,700.0,475.0,11.799999999999999,747.0,-47.0,0,2025-07-08,475.0,17.4,-475.0,82.6,88.2,0,0.0
2163,LF,L,Steven Kwan,Hunter Brown,R,1,CLE,HOU,away,3.66,CLE,680757.0,,1100.0,10.5,852.0,,0,2025-07-08,,,,,89.5,0,0.0
2164,RF,L,Nolan Jones,Hunter Brown,R,2,CLE,HOU,away,5.51,CLE,666134.0,,700.0,15.9,529.0,,0,2025-07-08,,,,,84.1,0,0.0
2165,3B,S,Jose Ramirez,Hunter Brown,R,3,CLE,HOU,away,5.12,CLE,608070.0,,400.0,14.7,580.0,,1,2025-07-08,,,,,85.3,0,0.0
2166,1B,S,Carlos Santana,Hunter Brown,R,4,CLE,HOU,away,4.54,CLE,467793.0,,650.0,13.100000000000001,663.0,,0,2025-07-08,,,,,86.9,0,0.0
2167,2B,L,Daniel Schneemann,Hunter Brown,R,5,CLE,HOU,away,5.51,CLE,682177.0,,650.0,15.9,529.0,,0,2025-07-08,,,,,84.1,0,0.0
2168,CF,S,Angel Martinez,Hunter Brown,R,6,CLE,HOU,away,3.03,CLE,682657.0,,650.0,8.7,1049.0,,1,2025-07-08,,,,,91.3,0,0.0
2169,C,L,Bo Naylor,Hunter Brown,R,7,CLE,HOU,away,4.99,CLE,666310.0,,650.0,14.399999999999999,594.0,,0,2025-07-08,,,,,85.6,0,0.0
2170,SS,S,Brayan Rocchio,Hunter Brown,R,9,CLE,HOU,away,2.98,CLE,677587.0,,1100.0,8.6,1063.0,,1,2025-07-08,,,,,91.4,0,0.0
2171,3B,R,Isaac Paredes,Joey Cantillo,L,1,CLE,HOU,home,3.8,HOU,670623.0,,425.0,10.9,817.0,,0,2025-07-08,,,,,89.1,0,0.0
2172,RF,R,Cam Smith,Joey Cantillo,L,2,CLE,HOU,home,5.51,HOU,701358.0,,750.0,15.9,529.0,,0,2025-07-08,,,,,84.1,0,0.0
2173,DH,R,Jose Altuve,Joey Cantillo,L,3,CLE,HOU,home,4.02,HOU,514888.0,,600.0,11.600000000000001,762.0,,0,2025-07-08,,,,,88.4,0,0.0
2174,C,R,Yainer Diaz,Joey Cantillo,L,4,CLE,HOU,home,4.2,HOU,673237.0,,425.0,12.1,726.0,,0,2025-07-08,,,,,87.9,0,0.0
2175,1B,S,Victor Caratini,Joey Cantillo,L,5,CLE,HOU,home,4.04,HOU,605170.0,,650.0,11.600000000000001,762.0,,0,2025-07-08,,,,,88.4,0,0.0
2176,LF,S,Cooper Hummel,Joey Cantillo,L,6,CLE,HOU,home,3.06,HOU,669450.0,,1000.0,8.799999999999999,1036.0,,0,2025-07-08,,,,,91.2,0,0.0
2177,2B,R,Mauricio Dubon,Joey Cantillo,L,7,CLE,HOU,home,2.63,HOU,643289.0,,1000.0,7.6,1216.0,,0,2025-07-08,,,,,92.4,0,0.0
2178,SS,R,Zack Short,Joey Cantillo,L,8,CLE,HOU,home,2.55,HOU,670097.0,,1000.0,7.3,1270.0,,0,2025-07-08,,,,,92.7,0,0.0
2179,3B,L,Josh Smith,Jose Soriano,R,1,TEX,LAA,away,5.06,TEX,669701.0,750.0,700.0,14.6,585.0,165.0,0,2025-07-08,700.0,12.5,-700.0,87.5,85.4,0,0.0
2180,SS,L,Corey Seager,Jose Soriano,R,2,TEX,LAA,away,7.28,TEX,608369.0,430.0,390.0,21.0,376.0,54.0,1,2025-07-08,390.0,20.4,-390.0,79.6,79.0,0,0.0
2181,2B,R,Marcus Semien,Jose Soriano,R,3,TEX,LAA,away,4.29,TEX,543760.0,750.0,550.0,12.3,713.0,37.0,0,2025-07-08,550.0,15.4,-549.0,84.6,87.7,0,0.0
2182,RF,R,Adolis Garcia,Jose Soriano,R,4,TEX,LAA,away,6.03,TEX,666969.0,520.0,425.0,17.4,475.0,45.0,0,2025-07-08,425.0,19.0,-426.0,81.0,82.6,0,0.0
2183,CF,L,Evan Carter,Jose Soriano,R,5,TEX,LAA,away,5.79,TEX,694497.0,750.0,550.0,16.7,499.0,251.0,0,2025-07-08,550.0,15.4,-549.0,84.6,83.3,0,0.0
2184,LF,R,Wyatt Langford,Jose Soriano,R,6,TEX,LAA,away,5.06,TEX,694671.0,470.0,500.0,14.6,585.0,-85.0,1,2025-07-08,470.0,17.5,-471.0,82.5,85.4,0,0.0
2185,C,S,Jonah Heim,Jose Soriano,R,7,TEX,LAA,away,5.12,TEX,641680.0,900.0,700.0,14.7,580.0,320.0,0,2025-07-08,700.0,12.5,-700.0,87.5,85.3,0,0.0
2186,1B,R,Jake Burger,Jose Soriano,R,8,TEX,LAA,away,5.96,TEX,669394.0,470.0,450.0,17.2,481.0,-11.0,1,2025-07-08,450.0,18.2,-449.0,81.8,82.8,0,0.0
2187,DH,R,Kyle Higashioka,Jose Soriano,R,9,TEX,LAA,away,3.9,TEX,543309.0,630.0,600.0,11.200000000000001,793.0,-163.0,0,2025-07-08,600.0,14.299999999999999,-599.0,85.7,88.8,0,0.0
2188,SS,R,Zach Neto,Nathan Eovaldi,R,1,TEX,LAA,home,5.7,LAA,687263.0,430.0,425.0,16.400000000000002,510.0,-80.0,0,2025-07-08,425.0,19.0,-426.0,81.0,83.6,0,0.0
2189,1B,L,Nolan Schanuel,Nathan Eovaldi,R,2,TEX,LAA,home,4.49,LAA,694384.0,830.0,650.0,12.9,675.0,155.0,0,2025-07-08,650.0,13.3,-652.0,86.7,87.1,0,0.0
2190,DH,R,Mike Trout,Nathan Eovaldi,R,3,TEX,LAA,home,7.66,LAA,545361.0,300.0,285.0,22.0,355.0,-55.0,0,2025-07-08,285.0,26.0,-285.0,74.0,78.0,0,0.0
2191,LF,R,Taylor Ward,Nathan Eovaldi,R,4,TEX,LAA,home,6.55,LAA,621493.0,420.0,370.0,18.9,429.0,-9.0,0,2025-07-08,370.0,21.3,-369.0,78.7,81.1,0,0.0
2192,CF,R,Jo Adell,Nathan Eovaldi,R,5,TEX,LAA,home,5.44,LAA,666176.0,350.0,380.0,15.7,537.0,-157.0,0,2025-07-08,350.0,22.2,-350.0,77.8,84.3,0,0.0
2193,C,R,Logan O'Hoppe,Nathan Eovaldi,R,7,TEX,LAA,home,6.22,LAA,681351.0,470.0,450.0,17.9,459.0,11.0,0,2025-07-08,450.0,18.2,-449.0,81.8,82.1,0,0.0
2194,2B,S,Luis Rengifo,Nathan Eovaldi,R,9,TEX,LAA,home,3.56,LAA,650859.0,1000.0,800.0,10.2,880.0,120.0,0,2025-07-08,800.0,11.1,-801.0,88.9,89.8,0,0.0
2195,RF,L,Corbin Carroll,Nick Pivetta,R,1,ARI,SD,away,6.89,ARI,682998.0,320.0,295.0,19.8,405.0,-85.0,0,2025-07-08,295.0,25.3,-295.0,74.7,80.2,0,0.0
2196,2B,S,Ketel Marte,Nick Pivetta,R,2,ARI,SD,away,7.85,ARI,606466.0,450.0,390.0,22.6,342.0,108.0,0,2025-07-08,390.0,20.4,-390.0,79.6,77.4,0,0.0
2197,SS,S,Geraldo Perdomo,Nick Pivetta,R,3,ARI,SD,away,3.8,ARI,672695.0,830.0,750.0,10.9,817.0,13.0,0,2025-07-08,750.0,11.799999999999999,-747.0,88.2,89.1,0,0.0
2198,1B,L,Josh Naylor,Nick Pivetta,R,4,ARI,SD,away,5.39,ARI,647304.0,500.0,475.0,15.5,545.0,-45.0,0,2025-07-08,475.0,17.4,-475.0,82.6,84.5,0,0.0
2199,3B,R,Eugenio Suarez,Nick Pivetta,R,5,ARI,SD,away,5.78,ARI,553993.0,280.0,330.0,16.6,502.0,-172.0,0,2025-07-08,280.0,26.3,-280.0,73.7,83.4,0,0.0
2200,LF,R,Lourdes Gurriel,Nick Pivetta,R,6,ARI,SD,away,4.26,ARI,666971.0,560.0,600.0,12.3,713.0,-113.0,0,2025-07-08,560.0,15.2,-558.0,84.8,87.7,0,0.0
2201,DH,L,Jake McCarthy,Nick Pivetta,R,7,ARI,SD,away,4.71,ARI,664983.0,870.0,1000.0,13.600000000000001,635.0,365.0,0,2025-07-08,870.0,10.299999999999999,-871.0,89.7,86.4,0,0.0
2202,CF,L,Alek Thomas,Nick Pivetta,R,8,ARI,SD,away,6.06,ARI,677950.0,800.0,750.0,17.4,475.0,325.0,0,2025-07-08,750.0,11.799999999999999,-747.0,88.2,82.6,0,0.0
2203,C,S,Jose Herrera,Nick Pivetta,R,9,ARI,SD,away,2.86,ARI,645444.0,1060.0,1700.0,8.200000000000001,1120.0,580.0,0,2025-07-08,1060.0,8.6,-1063.0,91.4,91.8,0,0.0
2204,RF,R,Fernando Tatis,Merrill Kelly,R,1,ARI,SD,home,7.52,SD,665487.0,400.0,340.0,21.6,363.0,37.0,0,2025-07-08,340.0,22.7,-341.0,77.3,78.4,0,0.0
2205,CF,L,Jackson Merrill,Merrill Kelly,R,2,ARI,SD,home,6.35,SD,701538.0,520.0,425.0,18.3,446.0,74.0,0,2025-07-08,425.0,19.0,-426.0,81.0,81.7,0,0.0
2206,3B,R,Manny Machado,Merrill Kelly,R,3,ARI,SD,home,6.0,SD,592518.0,430.0,400.0,17.299999999999997,478.0,-48.0,0,2025-07-08,400.0,20.0,-400.0,80.0,82.7,0,0.0
2207,1B,L,Luis Arraez,Merrill Kelly,R,4,ARI,SD,home,3.59,SD,650333.0,1300.0,1600.0,10.299999999999999,871.0,729.0,1,2025-07-08,1300.0,7.1,-1308.0,92.9,89.7,0,0.0
2208,LF,L,Gavin Sheets,Merrill Kelly,R,5,ARI,SD,home,5.71,SD,657757.0,560.0,600.0,16.400000000000002,510.0,90.0,0,2025-07-08,560.0,15.2,-558.0,84.8,83.6,0,0.0
2209,SS,R,Xander Bogaerts,Merrill Kelly,R,6,ARI,SD,home,3.91,SD,593428.0,830.0,950.0,11.3,785.0,165.0,0,2025-07-08,830.0,10.8,-826.0,89.2,88.7,0,0.0
2210,2B,L,Jake Cronenworth,Merrill Kelly,R,7,ARI,SD,home,5.69,SD,630105.0,560.0,650.0,16.400000000000002,510.0,140.0,0,2025-07-08,560.0,15.2,-558.0,84.8,83.6,0,0.0
2211,DH,L,Trenton Brooks,Merrill Kelly,R,8,ARI,SD,home,5.66,SD,670092.0,870.0,,16.3,513.0,357.0,0,2025-07-08,870.0,10.299999999999999,-871.0,89.7,83.7,0,0.0
2212,SS,R,Trea Turner,Robbie Ray,L,1,PHI,SF,away,4.92,PHI,607208.0,630.0,550.0,14.2,604.0,26.0,0,2025-07-08,550.0,15.4,-549.0,84.6,85.8,0,0.0
2213,1B,L,Bryce Harper,Robbie Ray,L,2,PHI,SF,away,5.0,PHI,547180.0,460.0,500.0,14.399999999999999,594.0,-94.0,0,2025-07-08,460.0,17.9,-459.0,82.1,85.6,0,0.0
2214,3B,R,Alec Bohm,Robbie Ray,L,3,PHI,SF,away,4.67,PHI,664761.0,680.0,600.0,13.4,646.0,34.0,0,2025-07-08,600.0,14.299999999999999,-599.0,85.7,86.6,0,0.0
2215,DH,L,Kyle Schwarber,Robbie Ray,L,4,PHI,SF,away,5.66,PHI,656941.0,420.0,370.0,16.3,513.0,-93.0,1,2025-07-08,370.0,21.3,-369.0,78.7,83.7,0,0.0
2216,RF,R,Nick Castellanos,Robbie Ray,L,5,PHI,SF,away,4.59,PHI,592206.0,700.0,600.0,13.200000000000001,658.0,42.0,0,2025-07-08,600.0,14.299999999999999,-599.0,85.7,86.8,0,0.0
2217,2B,R,Edmundo Sosa,Robbie Ray,L,7,PHI,SF,away,4.24,PHI,624641.0,870.0,750.0,12.2,720.0,150.0,0,2025-07-08,750.0,11.799999999999999,-747.0,88.2,87.8,0,0.0
2218,CF,R,Johan Rojas,Robbie Ray,L,9,PHI,SF,away,3.39,PHI,679032.0,1500.0,1500.0,9.8,920.0,580.0,0,2025-07-08,1500.0,6.2,-1513.0,93.8,90.2,0,0.0
2219,RF,L,Mike Yastrzemski,Taijuan Walker,R,1,PHI,SF,home,5.72,SF,573262.0,560.0,475.0,16.5,506.0,54.0,0,2025-07-08,475.0,17.4,-475.0,82.6,83.5,0,0.0
2220,DH,L,Rafael Devers,Taijuan Walker,R,2,PHI,SF,home,7.01,SF,646240.0,400.0,330.0,20.200000000000003,395.0,5.0,0,2025-07-08,330.0,23.3,-329.0,76.7,79.8,0,0.0
2221,LF,R,Heliot Ramos,Taijuan Walker,R,3,PHI,SF,home,4.96,SF,671218.0,470.0,425.0,14.299999999999999,599.0,-129.0,0,2025-07-08,425.0,19.0,-426.0,81.0,85.7,0,0.0
2222,3B,R,Matt Chapman,Taijuan Walker,R,4,PHI,SF,home,5.31,SF,656305.0,440.0,370.0,15.299999999999999,554.0,-114.0,0,2025-07-08,370.0,21.3,-369.0,78.7,84.7,0,0.0
2223,CF,L,Jung Hoo Lee,Taijuan Walker,R,5,PHI,SF,home,3.94,SF,808982.0,1000.0,850.0,11.3,785.0,215.0,0,2025-07-08,850.0,10.5,-852.0,89.5,88.7,0,0.0
2224,SS,R,Willy Adames,Taijuan Walker,R,6,PHI,SF,home,4.54,SF,642715.0,560.0,450.0,13.100000000000001,663.0,-103.0,0,2025-07-08,450.0,18.2,-449.0,81.8,86.9,0,0.0
2225,C,S,Patrick Bailey,Taijuan Walker,R,8,PHI,SF,home,3.35,SF,672275.0,1000.0,950.0,9.6,942.0,58.0,1,2025-07-08,950.0,9.5,-953.0,90.5,90.4,0,0.0
2226,2B,R,Casey Schmitt,Taijuan Walker,R,9,PHI,SF,home,3.62,SF,669477.0,630.0,,10.4,862.0,-232.0,0,2025-07-08,630.0,13.700000000000001,-630.0,86.3,89.6,0,0.0
2227,1B,L,Matt Olson,Jeffrey Springs,L,2,ATL,ATH,away,6.08,ATL,621566.0,300.0,265.0,17.5,471.0,-171.0,0,2025-07-08,265.0,27.400000000000002,-265.0,72.6,82.5,0,0.0
2228,3B,R,Austin Riley,Jeffrey Springs,L,3,ATL,ATH,away,7.05,ATL,663586.0,250.0,230.0,20.3,393.0,-143.0,0,2025-07-08,230.0,30.3,-230.0,69.7,79.7,0,0.0
2229,DH,R,Marcell Ozuna,Jeffrey Springs,L,4,ATL,ATH,away,6.74,ATL,542303.0,360.0,350.0,19.400000000000002,415.0,-55.0,0,2025-07-08,350.0,22.2,-350.0,77.8,80.6,0,0.0
2230,LF,S,Jurickson Profar,Jeffrey Springs,L,5,ATL,ATH,away,3.66,ATL,595777.0,520.0,475.0,10.5,852.0,-332.0,0,2025-07-08,475.0,17.4,-475.0,82.6,89.5,0,0.0
2231,2B,S,Ozzie Albies,Jeffrey Springs,L,6,ATL,ATH,away,4.05,ATL,645277.0,520.0,500.0,11.700000000000001,755.0,-235.0,0,2025-07-08,500.0,16.7,-499.0,83.3,88.3,0,0.0
2232,C,R,Sean Murphy,Jeffrey Springs,L,7,ATL,ATH,away,7.06,ATL,669221.0,360.0,340.0,20.3,393.0,-33.0,0,2025-07-08,340.0,22.7,-341.0,77.3,79.7,0,0.0
2233,SS,R,Nick Allen,Jeffrey Springs,L,9,ATL,ATH,away,3.25,ATL,669397.0,1200.0,1200.0,9.4,964.0,236.0,0,2025-07-08,1200.0,7.7,-1199.0,92.3,90.6,0,0.0
2234,RF,L,Lawrence Butler,Didier Fuentes,R,1,ATL,ATH,home,5.88,ATH,671732.0,400.0,390.0,16.900000000000002,492.0,-92.0,1,2025-07-08,390.0,20.4,-390.0,79.6,83.1,0,0.0
2235,SS,R,Jacob Wilson,Didier Fuentes,R,2,ATL,ATH,home,2.61,ATH,805779.0,800.0,800.0,7.5,1233.0,-433.0,0,2025-07-08,800.0,11.1,-801.0,88.9,92.5,1,1.25
2236,DH,R,Brent Rooker,Didier Fuentes,R,3,ATL,ATH,home,6.53,ATH,667670.0,340.0,295.0,18.8,432.0,-92.0,1,2025-07-08,295.0,25.3,-295.0,74.7,81.2,0,0.0
2237,1B,L,Nick Kurtz,Didier Fuentes,R,4,ATL,ATH,home,7.92,ATH,701762.0,320.0,310.0,22.8,339.0,-19.0,1,2025-07-08,310.0,24.4,-310.0,75.6,77.2,0,0.0
2238,C,R,Shea Langeliers,Didier Fuentes,R,5,ATL,ATH,home,5.16,ATH,669127.0,340.0,300.0,14.899999999999999,571.0,-231.0,0,2025-07-08,300.0,25.0,-300.0,75.0,85.1,0,0.0
2239,LF,L,Tyler Soderstrom,Didier Fuentes,R,6,ATL,ATH,home,6.95,ATH,691016.0,460.0,425.0,20.0,400.0,60.0,0,2025-07-08,425.0,19.0,-426.0,81.0,80.0,0,0.0
2240,2B,R,Zack Gelof,Didier Fuentes,R,7,ATL,ATH,home,4.78,ATH,680869.0,600.0,550.0,13.8,625.0,-25.0,0,2025-07-08,550.0,15.4,-549.0,84.6,86.2,0,0.0
2241,3B,R,Max Muncy,Didier Fuentes,R,8,ATL,ATH,home,6.45,ATH,691777.0,600.0,600.0,18.6,438.0,162.0,1,2025-07-08,600.0,14.299999999999999,-599.0,85.7,81.4,0,0.0
2242,CF,R,Denzel Clarke,Didier Fuentes,R,9,ATL,ATH,home,4.34,ATH,672016.0,750.0,700.0,12.5,700.0,50.0,0,2025-07-08,700.0,12.5,-700.0,87.5,87.5,0,0.0
2243,RF,L,Nathan Lukes,Adrian Houser,R,1,TOR,CWS,away,5.08,TOR,664770.0,830.0,800.0,14.6,585.0,245.0,0,2025-07-09,800.0,11.1,-801.0,88.9,85.4,0,0.0
2244,SS,R,Bo Bichette,Adrian Houser,R,2,TOR,CWS,away,4.82,TOR,666182.0,630.0,600.0,13.900000000000002,619.0,11.0,0,2025-07-09,600.0,14.299999999999999,-599.0,85.7,86.1,0,0.0
2245,DH,R,Vladimir Guerrero,Adrian Houser,R,3,TOR,CWS,away,7.05,TOR,665489.0,400.0,370.0,20.3,393.0,7.0,0,2025-07-09,370.0,21.3,-369.0,78.7,79.7,0,0.0
2246,3B,L,Addison Barger,Adrian Houser,R,4,TOR,CWS,away,6.73,TOR,680718.0,350.0,320.0,19.400000000000002,415.0,-65.0,0,2025-07-09,320.0,23.799999999999997,-320.0,76.2,80.6,0,0.0
2247,1B,L,Will Wagner,Adrian Houser,R,5,TOR,CWS,away,4.78,TOR,695238.0,750.0,750.0,13.8,625.0,125.0,0,2025-07-09,750.0,11.799999999999999,-747.0,88.2,86.2,0,0.0
2248,LF,L,Joey Loperfido,Adrian Houser,R,6,TOR,CWS,away,4.97,TOR,694388.0,680.0,600.0,14.299999999999999,599.0,81.0,0,2025-07-09,600.0,14.299999999999999,-599.0,85.7,85.7,0,0.0
2249,CF,R,Myles Straw,Adrian Houser,R,7,TOR,CWS,away,3.02,TOR,664702.0,1060.0,1200.0,8.7,1049.0,151.0,0,2025-07-09,1060.0,8.6,-1063.0,91.4,91.3,0,0.0
2250,C,S,Tyler Heineman,Adrian Houser,R,8,TOR,CWS,away,3.53,TOR,623168.0,900.0,1000.0,10.2,880.0,120.0,0,2025-07-09,900.0,10.0,-900.0,90.0,89.8,0,0.0
2251,2B,R,Leo Jimenez,Adrian Houser,R,9,TOR,CWS,away,4.04,TOR,677870.0,870.0,850.0,11.600000000000001,762.0,108.0,0,2025-07-09,850.0,10.5,-852.0,89.5,88.4,0,0.0
2252,2B,R,Chase Meidroth,Eric Lauer,L,1,TOR,CWS,home,4.05,CWS,805367.0,800.0,750.0,11.700000000000001,755.0,45.0,0,2025-07-09,750.0,11.799999999999999,-747.0,88.2,88.3,0,0.0
2253,RF,R,Austin Slater,Eric Lauer,L,2,TOR,CWS,home,5.3,CWS,596103.0,560.0,500.0,15.299999999999999,554.0,6.0,0,2025-07-09,500.0,16.7,-499.0,83.3,84.7,0,0.0
2254,3B,R,Miguel Vargas,Eric Lauer,L,3,TOR,CWS,home,4.47,CWS,678246.0,470.0,450.0,12.9,675.0,-205.0,0,2025-07-09,450.0,18.2,-449.0,81.8,87.1,0,0.0
2255,C,S,Edgar Quero,Eric Lauer,L,4,TOR,CWS,home,2.73,CWS,700337.0,750.0,700.0,7.9,1166.0,-416.0,0,2025-07-09,700.0,12.5,-700.0,87.5,92.1,0,0.0
2256,CF,R,Luis Robert,Eric Lauer,L,5,TOR,CWS,home,5.15,CWS,673357.0,470.0,475.0,14.799999999999999,576.0,-101.0,0,2025-07-09,470.0,17.5,-471.0,82.5,85.2,0,0.0
2257,DH,R,Lenyn Sosa,Eric Lauer,L,6,TOR,CWS,home,4.23,CWS,672820.0,630.0,750.0,12.2,720.0,30.0,0,2025-07-09,630.0,13.700000000000001,-630.0,86.3,87.8,0,0.0
2258,LF,R,Michael A. Taylor,Eric Lauer,L,9,TOR,CWS,home,5.28,CWS,572191.0,630.0,600.0,15.2,558.0,72.0,0,2025-07-09,600.0,14.299999999999999,-599.0,85.7,84.8,0,0.0
2259,DH,L,Shohei Ohtani,Jose Quintana,L,1,LAD,MIL,away,8.17,LAD,660271.0,250.0,265.0,23.5,326.0,-61.0,0,2025-07-09,250.0,28.599999999999998,-250.0,71.4,76.5,0,0.0
2260,SS,R,Mookie Betts,Jose Quintana,L,2,LAD,MIL,away,5.0,LAD,605141.0,500.0,475.0,14.399999999999999,594.0,-94.0,0,2025-07-09,475.0,17.4,-475.0,82.6,85.6,0,0.0
2261,C,R,Will Smith,Jose Quintana,L,3,LAD,MIL,away,6.25,LAD,669257.0,500.0,500.0,18.0,456.0,44.0,0,2025-07-09,500.0,16.7,-499.0,83.3,82.0,0,0.0
2262,1B,L,Freddie Freeman,Jose Quintana,L,4,LAD,MIL,away,4.72,LAD,518692.0,560.0,550.0,13.600000000000001,635.0,-75.0,0,2025-07-09,550.0,15.4,-549.0,84.6,86.4,0,0.0
2263,RF,R,Andy Pages,Jose Quintana,L,5,LAD,MIL,away,5.06,LAD,681624.0,560.0,550.0,14.6,585.0,-25.0,0,2025-07-09,550.0,15.4,-549.0,84.6,85.4,0,0.0
2264,2B,S,Tommy Edman,Jose Quintana,L,6,LAD,MIL,away,4.24,LAD,669242.0,560.0,600.0,12.2,720.0,-120.0,0,2025-07-09,560.0,15.2,-558.0,84.8,87.8,0,0.0
2265,3B,R,Miguel Rojas,Jose Quintana,L,7,LAD,MIL,away,3.34,LAD,500743.0,680.0,900.0,9.6,942.0,-42.0,0,2025-07-09,680.0,12.8,-681.0,87.2,90.4,0,0.0
2266,LF,R,Esteury Ruiz,Jose Quintana,L,8,LAD,MIL,away,5.37,LAD,665923.0,1060.0,,15.5,545.0,515.0,0,2025-07-09,1060.0,8.6,-1063.0,91.4,84.5,0,0.0
2267,CF,L,James Outman,Jose Quintana,L,9,LAD,MIL,away,7.27,LAD,681546.0,630.0,,20.9,378.0,252.0,0,2025-07-09,630.0,13.700000000000001,-630.0,86.3,79.1,0,0.0
2268,RF,L,Sal Frelick,Tyler Glasnow,R,1,LAD,MIL,home,4.83,MIL,686217.0,870.0,650.0,13.900000000000002,619.0,251.0,0,2025-07-09,650.0,13.3,-652.0,86.7,86.1,0,0.0
2269,C,R,William Contreras,Tyler Glasnow,R,2,LAD,MIL,home,5.34,MIL,661388.0,630.0,500.0,15.4,549.0,81.0,0,2025-07-09,500.0,16.7,-499.0,83.3,84.6,0,0.0
2270,CF,R,Jackson Chourio,Tyler Glasnow,R,3,LAD,MIL,home,5.35,MIL,694192.0,560.0,380.0,15.4,549.0,11.0,0,2025-07-09,380.0,20.8,-381.0,79.2,84.6,0,0.0
2271,DH,L,Christian Yelich,Tyler Glasnow,R,4,LAD,MIL,home,6.53,MIL,592885.0,500.0,500.0,18.8,432.0,68.0,0,2025-07-09,500.0,16.7,-499.0,83.3,81.2,0,0.0
2272,LF,S,Isaac Collins,Tyler Glasnow,R,5,LAD,MIL,home,3.95,MIL,686555.0,900.0,650.0,11.4,777.0,123.0,0,2025-07-09,650.0,13.3,-652.0,86.7,88.6,0,0.0
2273,2B,L,Brice Turang,Tyler Glasnow,R,6,LAD,MIL,home,4.81,MIL,668930.0,1060.0,750.0,13.8,625.0,435.0,0,2025-07-09,750.0,11.799999999999999,-747.0,88.2,86.2,0,0.0
2274,3B,R,Caleb Durbin,Tyler Glasnow,R,7,LAD,MIL,home,3.91,MIL,702332.0,1100.0,750.0,11.3,785.0,315.0,0,2025-07-09,750.0,11.799999999999999,-747.0,88.2,88.7,0,0.0
2275,1B,L,Jake Bauers,Tyler Glasnow,R,8,LAD,MIL,home,6.58,MIL,641343.0,560.0,600.0,18.9,429.0,171.0,0,2025-07-09,560.0,15.2,-558.0,84.8,81.1,0,0.0
2276,SS,R,Joey Ortiz,Tyler Glasnow,R,9,LAD,MIL,home,3.9,MIL,687401.0,800.0,650.0,11.200000000000001,793.0,7.0,0,2025-07-09,650.0,13.3,-652.0,86.7,88.8,0,0.0
2277,SS,R,Trea Turner,Justin Verlander,R,1,PHI,SF,away,4.0,PHI,607208.0,750.0,650.0,11.5,770.0,-20.0,0,2025-07-09,650.0,13.3,-652.0,86.7,88.5,0,0.0
2278,DH,L,Kyle Schwarber,Justin Verlander,R,2,PHI,SF,away,6.65,PHI,656941.0,330.0,360.0,19.1,424.0,-64.0,1,2025-07-09,330.0,23.3,-329.0,76.7,80.9,0,0.0
2279,1B,L,Bryce Harper,Justin Verlander,R,3,PHI,SF,away,4.63,PHI,547180.0,540.0,425.0,13.3,652.0,-112.0,1,2025-07-09,425.0,19.0,-426.0,81.0,86.7,0,0.0
2280,3B,R,Alec Bohm,Justin Verlander,R,4,PHI,SF,away,3.78,PHI,664761.0,870.0,900.0,10.9,817.0,83.0,0,2025-07-09,870.0,10.299999999999999,-871.0,89.7,89.1,0,0.0
2281,RF,R,Nick Castellanos,Justin Verlander,R,5,PHI,SF,away,4.06,PHI,592206.0,870.0,650.0,11.700000000000001,755.0,115.0,0,2025-07-09,650.0,13.3,-652.0,86.7,88.3,0,0.0
2282,LF,L,Max Kepler,Justin Verlander,R,6,PHI,SF,away,4.71,PHI,596146.0,680.0,650.0,13.600000000000001,635.0,45.0,0,2025-07-09,650.0,13.3,-652.0,86.7,86.4,0,0.0
2283,C,R,J.T. Realmuto,Justin Verlander,R,7,PHI,SF,away,4.07,PHI,592663.0,900.0,650.0,11.700000000000001,755.0,145.0,0,2025-07-09,650.0,13.3,-652.0,86.7,88.3,0,0.0
2284,2B,L,Bryson Stott,Justin Verlander,R,8,PHI,SF,away,4.1,PHI,681082.0,1000.0,1000.0,11.799999999999999,747.0,253.0,0,2025-07-09,1000.0,9.1,-999.0,90.9,88.2,0,0.0
2285,CF,L,Brandon Marsh,Justin Verlander,R,9,PHI,SF,away,4.51,PHI,669016.0,1060.0,850.0,13.0,669.0,391.0,0,2025-07-09,850.0,10.5,-852.0,89.5,87.0,0,0.0
2286,LF,R,Heliot Ramos,Jesus Luzardo,L,1,PHI,SF,home,2.08,SF,671218.0,560.0,450.0,6.0,1567.0,-1007.0,0,2025-07-09,450.0,18.2,-449.0,81.8,94.0,0,0.0
2287,DH,L,Rafael Devers,Jesus Luzardo,L,2,PHI,SF,home,4.64,SF,646240.0,560.0,650.0,13.4,646.0,4.0,0,2025-07-09,560.0,15.2,-558.0,84.8,86.6,0,0.0
2288,SS,R,Willy Adames,Jesus Luzardo,L,3,PHI,SF,home,5.17,SF,642715.0,600.0,650.0,14.899999999999999,571.0,79.0,0,2025-07-09,600.0,14.299999999999999,-599.0,85.7,85.1,0,0.0
2289,3B,R,Matt Chapman,Jesus Luzardo,L,4,PHI,SF,home,5.52,SF,656305.0,520.0,475.0,15.9,529.0,-9.0,0,2025-07-09,475.0,17.4,-475.0,82.6,84.1,0,0.0
2290,1B,R,Wilmer Flores,Jesus Luzardo,L,5,PHI,SF,home,3.74,SF,527038.0,870.0,700.0,10.8,826.0,44.0,0,2025-07-09,700.0,12.5,-700.0,87.5,89.2,0,0.0
2291,2B,R,Casey Schmitt,Jesus Luzardo,L,6,PHI,SF,home,4.73,SF,669477.0,830.0,700.0,13.600000000000001,635.0,195.0,0,2025-07-09,700.0,12.5,-700.0,87.5,86.4,0,0.0
2292,CF,L,Jung Hoo Lee,Jesus Luzardo,L,7,PHI,SF,home,3.07,SF,808982.0,1200.0,1100.0,8.799999999999999,1036.0,164.0,0,2025-07-09,1100.0,8.3,-1105.0,91.7,91.2,0,0.0
2293,RF,R,Luis Matos,Jesus Luzardo,L,8,PHI,SF,home,3.9,SF,682641.0,800.0,850.0,11.200000000000001,793.0,57.0,0,2025-07-09,800.0,11.1,-801.0,88.9,88.8,0,0.0
2294,C,R,Andrew Knizner,Jesus Luzardo,L,9,PHI,SF,home,3.93,SF,668800.0,1060.0,750.0,11.3,785.0,275.0,0,2025-07-09,750.0,11.799999999999999,-747.0,88.2,88.7,0,0.0
2295,DH,R,Yandy Diaz,Reese Olson,R,1,TB,DET,away,4.75,TB,650490.0,630.0,550.0,13.700000000000001,630.0,0.0,0,2025-07-09,550.0,15.4,-549.0,84.6,86.3,0,0.0
2296,3B,R,Junior Caminero,Reese Olson,R,3,TB,DET,away,5.86,TB,691406.0,470.0,475.0,16.900000000000002,492.0,-17.0,1,2025-07-09,470.0,17.5,-471.0,82.5,83.1,0,0.0
2297,1B,L,Jonathan Aranda,Reese Olson,R,4,TB,DET,away,6.14,TB,666018.0,600.0,500.0,17.7,465.0,135.0,0,2025-07-09,500.0,16.7,-499.0,83.3,82.3,0,0.0
2298,LF,S,Jake Mangum,Reese Olson,R,5,TB,DET,away,3.11,TB,663968.0,1300.0,1200.0,9.0,1011.0,289.0,0,2025-07-09,1200.0,7.7,-1199.0,92.3,91.0,0,0.0
2299,RF,L,Josh Lowe,Reese Olson,R,6,TB,DET,away,4.98,TB,666139.0,680.0,800.0,14.299999999999999,599.0,201.0,0,2025-07-09,680.0,12.8,-681.0,87.2,85.7,0,0.0
2300,SS,R,Ha-Seong Kim,Reese Olson,R,7,TB,DET,away,3.41,TB,673490.0,900.0,950.0,9.8,920.0,30.0,0,2025-07-09,900.0,10.0,-900.0,90.0,90.2,0,0.0
2301,CF,L,Chandler Simpson,Reese Olson,R,8,TB,DET,away,1.29,TB,802415.0,1700.0,1900.0,3.6999999999999997,2603.0,-703.0,0,2025-07-09,1700.0,5.6000000000000005,-1686.0,94.4,96.3,1,0.59
2302,C,R,Danny Jansen,Reese Olson,R,9,TB,DET,away,3.3,TB,643376.0,630.0,500.0,9.5,953.0,-323.0,0,2025-07-09,500.0,16.7,-499.0,83.3,90.5,0,0.0
2303,DH,L,Colt Keith,Zack Littell,R,1,TB,DET,home,6.49,DET,690993.0,560.0,550.0,18.7,435.0,125.0,0,2025-07-09,550.0,15.4,-549.0,84.6,81.3,0,0.0
2304,2B,R,Gleyber Torres,Zack Littell,R,2,TB,DET,home,4.56,DET,650402.0,600.0,500.0,13.100000000000001,663.0,-63.0,0,2025-07-09,500.0,16.7,-499.0,83.3,86.9,0,0.0
2305,RF,S,Wenceel Perez,Zack Littell,R,3,TB,DET,home,6.03,DET,672761.0,630.0,600.0,17.4,475.0,155.0,0,2025-07-09,600.0,14.299999999999999,-599.0,85.7,82.6,0,0.0
2306,LF,L,Riley Greene,Zack Littell,R,4,TB,DET,home,7.53,DET,682985.0,330.0,350.0,21.7,361.0,-11.0,0,2025-07-09,330.0,23.3,-329.0,76.7,78.3,0,0.0
2307,1B,R,Spencer Torkelson,Zack Littell,R,5,TB,DET,home,4.9,DET,679529.0,420.0,350.0,14.099999999999998,609.0,-189.0,0,2025-07-09,350.0,22.2,-350.0,77.8,85.9,0,0.0
2308,3B,L,Zach McKinstry,Zack Littell,R,6,TB,DET,home,4.34,DET,656716.0,680.0,600.0,12.5,700.0,-20.0,0,2025-07-09,600.0,14.299999999999999,-599.0,85.7,87.5,0,0.0
2309,CF,L,Parker Meadows,Zack Littell,R,8,TB,DET,home,5.42,DET,678009.0,630.0,600.0,15.6,541.0,89.0,0,2025-07-09,600.0,14.299999999999999,-599.0,85.7,84.4,0,0.0
2310,LF,L,Cody Bellinger,Logan Evans,R,2,SEA,NYY,home,5.81,NYY,641355.0,400.0,500.0,16.7,499.0,1.0,0,2025-07-09,400.0,20.0,-400.0,80.0,83.3,0,0.0
2311,RF,R,Aaron Judge,Logan Evans,R,3,SEA,NYY,home,10.26,NYY,592450.0,172.0,200.0,29.5,239.0,-39.0,0,2025-07-09,172.0,36.8,-172.0,63.2,70.5,0,0.0
2312,DH,R,Giancarlo Stanton,Logan Evans,R,4,SEA,NYY,home,6.34,NYY,519317.0,330.0,320.0,18.2,449.0,-119.0,0,2025-07-09,320.0,23.799999999999997,-320.0,76.2,81.8,0,0.0
2313,2B,L,Jazz Chisholm,Logan Evans,R,5,SEA,NYY,home,7.06,NYY,665862.0,350.0,350.0,20.3,393.0,-43.0,1,2025-07-09,350.0,22.2,-350.0,77.8,79.7,0,0.0
2314,1B,R,Paul Goldschmidt,Logan Evans,R,6,SEA,NYY,home,5.12,NYY,502671.0,,500.0,14.7,580.0,,0,2025-07-09,,,,,85.3,0,0.0
2315,SS,R,Anthony Volpe,Logan Evans,R,7,SEA,NYY,home,3.93,NYY,683011.0,600.0,700.0,11.3,785.0,-85.0,0,2025-07-09,600.0,14.299999999999999,-599.0,85.7,88.7,0,0.0
2316,C,L,Austin Wells,Logan Evans,R,8,SEA,NYY,home,5.4,NYY,669224.0,,340.0,15.5,545.0,,0,2025-07-09,,,,,84.5,0,0.0
2317,3B,R,Oswald Peraza,Logan Evans,R,9,SEA,NYY,home,4.88,NYY,672724.0,750.0,800.0,14.000000000000002,614.0,186.0,0,2025-07-09,750.0,11.799999999999999,-747.0,88.2,86.0,0,0.0
2318,DH,R,Tyler Freeman,Lucas Giolito,R,1,COL,BOS,away,3.34,COL,671289.0,900.0,800.0,9.6,942.0,-42.0,0,2025-07-09,800.0,11.1,-801.0,88.9,90.4,0,0.0
2319,LF,R,Jordan Beck,Lucas Giolito,R,3,COL,BOS,away,4.89,COL,687597.0,750.0,600.0,14.099999999999998,609.0,141.0,0,2025-07-09,600.0,14.299999999999999,-599.0,85.7,85.9,0,0.0
2320,1B,S,Michael Toglia,Lucas Giolito,R,6,COL,BOS,away,6.19,COL,669911.0,600.0,500.0,17.8,462.0,138.0,0,2025-07-09,500.0,16.7,-499.0,83.3,82.2,0,0.0
2321,3B,L,Ryan McMahon,Lucas Giolito,R,7,COL,BOS,away,6.46,COL,641857.0,560.0,475.0,18.6,438.0,122.0,0,2025-07-09,475.0,17.4,-475.0,82.6,81.4,0,0.0
2322,CF,R,Brenton Doyle,Lucas Giolito,R,8,COL,BOS,away,5.05,COL,686668.0,630.0,475.0,14.499999999999998,590.0,40.0,0,2025-07-09,475.0,17.4,-475.0,82.6,85.5,0,0.0
2323,LF,L,Jarren Duran,Antonio Senzatela,R,1,COL,BOS,home,6.21,BOS,680776.0,630.0,425.0,17.9,459.0,171.0,1,2025-07-09,425.0,19.0,-426.0,81.0,82.1,0,0.0
2324,C,R,Carlos Narvaez,Antonio Senzatela,R,4,COL,BOS,home,4.6,BOS,665966.0,800.0,550.0,13.200000000000001,658.0,142.0,1,2025-07-09,550.0,15.4,-549.0,84.6,86.8,0,0.0
2325,RF,L,Wilyer Abreu,Antonio Senzatela,R,5,COL,BOS,home,7.35,BOS,677800.0,430.0,400.0,21.2,372.0,58.0,1,2025-07-09,400.0,20.0,-400.0,80.0,78.8,0,0.0
2326,SS,R,Trevor Story,Antonio Senzatela,R,6,COL,BOS,home,4.81,BOS,596115.0,560.0,475.0,13.8,625.0,-65.0,0,2025-07-09,475.0,17.4,-475.0,82.6,86.2,0,0.0
2327,3B,L,Marcelo Mayer,Antonio Senzatela,R,7,COL,BOS,home,6.39,BOS,691785.0,900.0,850.0,18.4,443.0,457.0,0,2025-07-09,850.0,10.5,-852.0,89.5,81.6,0,0.0
2328,2B,L,David Hamilton,Antonio Senzatela,R,8,COL,BOS,home,4.32,BOS,666152.0,,1000.0,12.4,706.0,,0,2025-07-09,,,,,87.6,0,0.0
2329,2B,S,Xavier Edwards,Andrew Abbott,L,1,MIA,CIN,away,3.46,MIA,669364.0,1200.0,1200.0,10.0,900.0,300.0,0,2025-07-09,1200.0,7.7,-1199.0,92.3,90.0,0,0.0
2330,DH,R,Agustin Ramirez,Andrew Abbott,L,2,MIA,CIN,away,8.37,MIA,682663.0,340.0,370.0,24.099999999999998,315.0,55.0,0,2025-07-09,340.0,22.7,-341.0,77.3,75.9,0,0.0
2331,SS,R,Otto Lopez,Andrew Abbott,L,3,MIA,CIN,away,5.1,MIA,672640.0,560.0,550.0,14.7,580.0,-20.0,0,2025-07-09,550.0,15.4,-549.0,84.6,85.3,0,0.0
2332,RF,R,Heriberto Hernandez,Andrew Abbott,L,4,MIA,CIN,away,5.4,MIA,681715.0,560.0,650.0,15.5,545.0,105.0,0,2025-07-09,560.0,15.2,-558.0,84.8,84.5,0,0.0
2333,1B,R,Eric Wagaman,Andrew Abbott,L,5,MIA,CIN,away,5.9,MIA,676572.0,520.0,500.0,17.0,488.0,32.0,0,2025-07-09,500.0,16.7,-499.0,83.3,83.0,0,0.0
2334,3B,R,Connor Norby,Andrew Abbott,L,6,MIA,CIN,away,6.03,MIA,681393.0,480.0,550.0,17.4,475.0,75.0,1,2025-07-09,480.0,17.2,-481.0,82.8,82.6,0,0.0
2335,LF,R,Dane Myers,Andrew Abbott,L,7,MIA,CIN,away,6.39,MIA,667472.0,540.0,500.0,18.4,443.0,97.0,0,2025-07-09,500.0,16.7,-499.0,83.3,81.6,0,0.0
2336,C,R,Nick Fortes,Andrew Abbott,L,8,MIA,CIN,away,4.16,MIA,663743.0,750.0,700.0,12.0,733.0,17.0,0,2025-07-09,700.0,12.5,-700.0,87.5,88.0,0,0.0
2337,CF,R,Derek Hill,Andrew Abbott,L,9,MIA,CIN,away,6.66,MIA,656537.0,700.0,750.0,19.2,421.0,329.0,0,2025-07-09,700.0,12.5,-700.0,87.5,80.8,0,0.0
2338,CF,L,TJ Friedl,Sandy Alcantara,R,1,MIA,CIN,home,5.48,CIN,670770.0,540.0,550.0,15.8,533.0,17.0,0,2025-07-09,540.0,15.6,-541.0,84.4,84.2,0,0.0
2339,2B,R,Matt McLain,Sandy Alcantara,R,2,MIA,CIN,home,5.89,CIN,680574.0,440.0,450.0,17.0,488.0,-38.0,0,2025-07-09,440.0,18.5,-441.0,81.5,83.0,0,0.0
2340,SS,S,Elly De La Cruz,Sandy Alcantara,R,3,MIA,CIN,home,8.86,CIN,682829.0,420.0,380.0,25.5,292.0,128.0,0,2025-07-09,380.0,20.8,-381.0,79.2,74.5,0,0.0
2341,DH,R,Austin Hays,Sandy Alcantara,R,4,MIA,CIN,home,5.97,CIN,669720.0,480.0,475.0,17.2,481.0,-1.0,0,2025-07-09,475.0,17.4,-475.0,82.6,82.8,0,0.0
2342,LF,L,Gavin Lux,Sandy Alcantara,R,5,MIA,CIN,home,6.34,CIN,666158.0,680.0,750.0,18.2,449.0,301.0,0,2025-07-09,680.0,12.8,-681.0,87.2,81.8,0,0.0
2343,1B,R,Spencer Steer,Sandy Alcantara,R,6,MIA,CIN,home,4.87,CIN,668715.0,500.0,550.0,14.000000000000002,614.0,-64.0,0,2025-07-09,500.0,16.7,-499.0,83.3,86.0,0,0.0
2344,C,R,Tyler Stephenson,Sandy Alcantara,R,7,MIA,CIN,home,5.57,CIN,663886.0,600.0,500.0,16.0,525.0,75.0,0,2025-07-09,500.0,16.7,-499.0,83.3,84.0,0,0.0
2345,RF,L,Will Benson,Sandy Alcantara,R,8,MIA,CIN,home,10.8,CIN,666181.0,460.0,475.0,31.1,222.0,253.0,1,2025-07-09,460.0,17.9,-459.0,82.1,68.9,0,0.0
2346,3B,R,Noelvi Marte,Sandy Alcantara,R,9,MIA,CIN,home,2.28,CIN,682622.0,630.0,550.0,6.6000000000000005,1415.0,-785.0,1,2025-07-09,550.0,15.4,-549.0,84.6,93.4,0,0.0
2347,LF,R,Tommy Pham,Kris Bubic,L,1,PIT,KC,away,4.21,PIT,502054.0,900.0,1000.0,12.1,726.0,274.0,0,2025-07-09,900.0,10.0,-900.0,90.0,87.9,0,0.0
2348,DH,R,Andrew McCutchen,Kris Bubic,L,2,PIT,KC,away,5.06,PIT,457705.0,870.0,1000.0,14.6,585.0,415.0,0,2025-07-09,870.0,10.299999999999999,-871.0,89.7,85.4,0,0.0
2349,RF,S,Bryan Reynolds,Kris Bubic,L,3,PIT,KC,away,5.23,PIT,668804.0,870.0,950.0,15.1,562.0,388.0,0,2025-07-09,870.0,10.299999999999999,-871.0,89.7,84.9,0,0.0
2350,2B,R,Nick Gonzales,Kris Bubic,L,4,PIT,KC,away,4.51,PIT,693304.0,830.0,850.0,13.0,669.0,181.0,0,2025-07-09,830.0,10.8,-826.0,89.2,87.0,0,0.0
2351,3B,R,Ke'Bryan Hayes,Kris Bubic,L,5,PIT,KC,away,3.36,PIT,663647.0,1060.0,1200.0,9.700000000000001,931.0,269.0,0,2025-07-09,1060.0,8.6,-1063.0,91.4,90.3,0,0.0
2352,1B,R,Jared Triolo,Kris Bubic,L,8,PIT,KC,away,3.23,PIT,669707.0,1300.0,1600.0,9.3,975.0,625.0,0,2025-07-09,1300.0,7.1,-1308.0,92.9,90.7,0,0.0
2353,SS,R,Isiah Kiner-Falefa,Kris Bubic,L,9,PIT,KC,away,2.38,PIT,643396.0,1800.0,1700.0,6.9,1349.0,451.0,0,2025-07-09,1700.0,5.6000000000000005,-1686.0,94.4,93.1,0,0.0
2354,2B,R,Jonathan India,Bailey Falter,L,1,PIT,KC,home,5.02,KC,663697.0,750.0,700.0,14.399999999999999,594.0,156.0,0,2025-07-09,700.0,12.5,-700.0,87.5,85.6,0,0.0
2355,SS,R,Bobby Witt,Bailey Falter,L,2,PIT,KC,home,6.66,KC,677951.0,370.0,370.0,19.2,421.0,-51.0,0,2025-07-09,370.0,21.3,-369.0,78.7,80.8,0,0.0
2356,1B,L,Vinnie Pasquantino,Bailey Falter,L,3,PIT,KC,home,4.07,KC,686469.0,520.0,500.0,11.700000000000001,755.0,-235.0,0,2025-07-09,500.0,16.7,-499.0,83.3,88.3,0,0.0
2357,3B,R,Maikel Garcia,Bailey Falter,L,4,PIT,KC,home,4.26,KC,672580.0,870.0,650.0,12.3,713.0,157.0,0,2025-07-09,650.0,13.3,-652.0,86.7,87.7,0,0.0
2358,C,R,Salvador Perez,Bailey Falter,L,5,PIT,KC,home,6.39,KC,521692.0,420.0,360.0,18.4,443.0,-23.0,1,2025-07-09,360.0,21.7,-361.0,78.3,81.6,0,0.0
2359,RF,L,Jac Caglianone,Bailey Falter,L,6,PIT,KC,home,4.71,KC,695506.0,700.0,550.0,13.600000000000001,635.0,65.0,1,2025-07-09,550.0,15.4,-549.0,84.6,86.4,0,0.0
2360,LF,S,Ian Happ,David Festa,R,1,CHC,MIN,away,5.61,CHC,664023.0,470.0,390.0,16.1,521.0,-51.0,0,2025-07-09,390.0,20.4,-390.0,79.6,83.9,0,0.0
2361,RF,L,Kyle Tucker,David Festa,R,2,CHC,MIN,away,7.35,CHC,663656.0,370.0,350.0,21.2,372.0,-2.0,0,2025-07-09,350.0,22.2,-350.0,77.8,78.8,0,0.0
2362,DH,R,Seiya Suzuki,David Festa,R,3,CHC,MIN,away,6.39,CHC,673548.0,350.0,330.0,18.4,443.0,-93.0,0,2025-07-09,330.0,23.3,-329.0,76.7,81.6,0,0.0
2363,CF,L,Pete Crow-Armstrong,David Festa,R,4,CHC,MIN,away,6.16,CHC,691718.0,390.0,360.0,17.7,465.0,-75.0,0,2025-07-09,360.0,21.7,-361.0,78.3,82.3,0,0.0
2364,SS,R,Dansby Swanson,David Festa,R,5,CHC,MIN,away,4.75,CHC,621020.0,540.0,475.0,13.700000000000001,630.0,-90.0,0,2025-07-09,475.0,17.4,-475.0,82.6,86.3,0,0.0
2365,1B,L,Michael Busch,David Festa,R,6,CHC,MIN,away,7.44,CHC,683737.0,390.0,370.0,21.4,367.0,23.0,0,2025-07-09,370.0,21.3,-369.0,78.7,78.6,0,0.0
2366,2B,R,Nico Hoerner,David Festa,R,8,CHC,MIN,away,2.76,CHC,663538.0,1000.0,1300.0,7.9,1166.0,134.0,0,2025-07-09,1000.0,9.1,-999.0,90.9,92.1,0,0.0
2367,CF,R,Byron Buxton,Cade Horton,R,1,CHC,MIN,home,6.2,MIN,621439.0,280.0,265.0,17.8,462.0,-182.0,0,2025-07-09,265.0,27.400000000000002,-265.0,72.6,82.2,0,0.0
2368,LF,S,Willi Castro,Cade Horton,R,2,CHC,MIN,home,4.93,MIN,650489.0,750.0,750.0,14.2,604.0,146.0,0,2025-07-09,750.0,11.799999999999999,-747.0,88.2,85.8,0,0.0
2369,DH,L,Trevor Larnach,Cade Horton,R,3,CHC,MIN,home,6.48,MIN,663616.0,500.0,475.0,18.7,435.0,65.0,0,2025-07-09,475.0,17.4,-475.0,82.6,81.3,0,0.0
2370,SS,R,Carlos Correa,Cade Horton,R,4,CHC,MIN,home,4.83,MIN,621043.0,520.0,600.0,13.900000000000002,619.0,-19.0,0,2025-07-09,520.0,16.1,-521.0,83.9,86.1,0,0.0
2371,C,R,Ryan Jeffers,Cade Horton,R,6,CHC,MIN,home,4.9,MIN,680777.0,600.0,500.0,14.099999999999998,609.0,-9.0,0,2025-07-09,500.0,16.7,-499.0,83.3,85.9,0,0.0
2372,RF,L,Matt Wallner,Cade Horton,R,7,CHC,MIN,home,7.78,MIN,670242.0,420.0,400.0,22.400000000000002,346.0,74.0,1,2025-07-09,400.0,20.0,-400.0,80.0,77.6,0,0.0
2373,3B,R,Royce Lewis,Cade Horton,R,8,CHC,MIN,home,5.72,MIN,668904.0,540.0,400.0,16.5,506.0,34.0,0,2025-07-09,400.0,20.0,-400.0,80.0,83.5,0,0.0
2374,SS,L,CJ Abrams,Andre Pallante,R,1,WSH,STL,away,4.96,WSH,682928.0,800.0,650.0,14.299999999999999,599.0,201.0,0,2025-07-09,650.0,13.3,-652.0,86.7,85.7,0,0.0
2375,LF,L,James Wood,Andre Pallante,R,2,WSH,STL,away,7.21,WSH,695578.0,560.0,500.0,20.8,381.0,179.0,1,2025-07-09,500.0,16.7,-499.0,83.3,79.2,0,0.0
2376,1B,L,Nathaniel Lowe,Andre Pallante,R,4,WSH,STL,away,4.57,WSH,663993.0,1000.0,850.0,13.200000000000001,658.0,342.0,1,2025-07-09,850.0,10.5,-852.0,89.5,86.8,0,0.0
2377,DH,S,Josh Bell,Andre Pallante,R,5,WSH,STL,away,5.09,WSH,605137.0,900.0,700.0,14.7,580.0,320.0,0,2025-07-09,700.0,12.5,-700.0,87.5,85.3,0,0.0
2378,C,R,Riley Adams,Andre Pallante,R,8,WSH,STL,away,4.46,WSH,656180.0,1060.0,1100.0,12.8,681.0,419.0,0,2025-07-09,1060.0,8.6,-1063.0,91.4,87.2,0,0.0
2379,CF,R,Jacob Young,Andre Pallante,R,9,WSH,STL,away,2.07,WSH,696285.0,2000.0,1900.0,6.0,1567.0,433.0,0,2025-07-09,1900.0,5.0,-1900.0,95.0,94.0,0,0.0
2380,LF,L,Brendan Donovan,MacKenzie Gore,L,1,WSH,STL,home,4.15,STL,680977.0,870.0,700.0,11.899999999999999,740.0,130.0,0,2025-07-09,700.0,12.5,-700.0,87.5,88.1,0,0.0
2381,SS,R,Masyn Winn,MacKenzie Gore,L,2,WSH,STL,home,4.6,STL,691026.0,870.0,700.0,13.200000000000001,658.0,212.0,0,2025-07-09,700.0,12.5,-700.0,87.5,86.8,0,0.0
2382,RF,L,Alec Burleson,MacKenzie Gore,L,3,WSH,STL,home,3.96,STL,676475.0,540.0,500.0,11.4,777.0,-237.0,0,2025-07-09,500.0,16.7,-499.0,83.3,88.6,0,0.0
2383,3B,R,Nolan Arenado,MacKenzie Gore,L,5,WSH,STL,home,4.05,STL,571448.0,600.0,550.0,11.700000000000001,755.0,-155.0,0,2025-07-09,550.0,15.4,-549.0,84.6,88.3,0,0.0
2384,C,R,Yohel Pozo,MacKenzie Gore,L,8,WSH,STL,home,3.18,STL,650968.0,,750.0,9.2,987.0,,0,2025-07-09,,,,,90.8,0,0.0
2385,LF,L,Steven Kwan,Brandon Walter,L,1,CLE,HOU,away,3.42,CLE,680757.0,1060.0,1000.0,9.8,920.0,140.0,0,2025-07-09,1000.0,9.1,-999.0,90.9,90.2,0,0.0
2386,DH,R,David Fry,Brandon Walter,L,2,CLE,HOU,away,5.0,CLE,681807.0,540.0,550.0,14.399999999999999,594.0,-44.0,0,2025-07-09,540.0,15.6,-541.0,84.4,85.6,0,0.0
2387,3B,S,Jose Ramirez,Brandon Walter,L,3,CLE,HOU,away,5.42,CLE,608070.0,420.0,380.0,15.6,541.0,-121.0,1,2025-07-09,380.0,20.8,-381.0,79.2,84.4,0,0.0
2388,1B,S,Carlos Santana,Brandon Walter,L,4,CLE,HOU,away,4.76,CLE,467793.0,520.0,550.0,13.700000000000001,630.0,-80.0,0,2025-07-09,520.0,16.1,-521.0,83.9,86.3,0,0.0
2389,CF,S,Angel Martinez,Brandon Walter,L,5,CLE,HOU,away,3.33,CLE,682657.0,750.0,800.0,9.6,942.0,-142.0,1,2025-07-09,750.0,11.799999999999999,-747.0,88.2,90.4,0,0.0
2390,2B,R,Will Wilson,Brandon Walter,L,7,CLE,HOU,away,4.18,CLE,669717.0,830.0,900.0,12.0,733.0,167.0,0,2025-07-09,830.0,10.8,-826.0,89.2,88.0,0,0.0
2391,C,R,Austin Hedges,Brandon Walter,L,8,CLE,HOU,away,2.96,CLE,595978.0,1000.0,1100.0,8.5,1076.0,24.0,0,2025-07-09,1000.0,9.1,-999.0,90.9,91.5,0,0.0
2392,SS,S,Brayan Rocchio,Brandon Walter,L,9,CLE,HOU,away,2.96,CLE,677587.0,1100.0,1100.0,8.5,1076.0,24.0,0,2025-07-09,1100.0,8.3,-1105.0,91.7,91.5,0,0.0
2393,DH,R,Isaac Paredes,Slade Cecconi,R,1,CLE,HOU,home,3.98,HOU,670623.0,450.0,340.0,11.5,770.0,-320.0,0,2025-07-09,340.0,22.7,-341.0,77.3,88.5,0,0.0
2394,2B,R,Jose Altuve,Slade Cecconi,R,3,CLE,HOU,home,4.66,HOU,514888.0,500.0,475.0,13.4,646.0,-146.0,0,2025-07-09,475.0,17.4,-475.0,82.6,86.6,0,0.0
2395,RF,R,Cam Smith,Slade Cecconi,R,4,CLE,HOU,home,3.9,HOU,701358.0,630.0,550.0,11.200000000000001,793.0,-163.0,0,2025-07-09,550.0,15.4,-549.0,84.6,88.8,0,0.0
2396,C,R,Yainer Diaz,Slade Cecconi,R,5,CLE,HOU,home,4.79,HOU,673237.0,470.0,450.0,13.8,625.0,-155.0,0,2025-07-09,450.0,18.2,-449.0,81.8,86.2,0,0.0
2397,1B,S,Victor Caratini,Slade Cecconi,R,6,CLE,HOU,home,5.32,HOU,605170.0,480.0,475.0,15.299999999999999,554.0,-74.0,0,2025-07-09,475.0,17.4,-475.0,82.6,84.7,0,0.0
2398,LF,S,Cooper Hummel,Slade Cecconi,R,7,CLE,HOU,home,4.01,HOU,669450.0,750.0,600.0,11.5,770.0,-20.0,0,2025-07-09,600.0,14.299999999999999,-599.0,85.7,88.5,0,0.0
2399,3B,R,Mauricio Dubon,Slade Cecconi,R,8,CLE,HOU,home,2.97,HOU,643289.0,700.0,750.0,8.5,1076.0,-326.0,0,2025-07-09,700.0,12.5,-700.0,87.5,91.5,0,0.0
2400,SS,R,Zack Short,Slade Cecconi,R,9,CLE,HOU,home,3.09,HOU,670097.0,870.0,750.0,8.9,1024.0,-154.0,0,2025-07-09,750.0,11.799999999999999,-747.0,88.2,91.1,1,1.34
2401,3B,L,Josh Smith,Kyle Hendricks,R,1,TEX,LAA,away,5.89,TEX,669701.0,500.0,425.0,17.0,488.0,12.0,0,2025-07-09,425.0,19.0,-426.0,81.0,83.0,0,0.0
2402,SS,L,Corey Seager,Kyle Hendricks,R,2,TEX,LAA,away,8.07,TEX,608369.0,230.0,210.0,23.200000000000003,331.0,-101.0,0,2025-07-09,210.0,32.300000000000004,-210.0,67.69999999999999,76.8,0,0.0
2403,2B,R,Marcus Semien,Kyle Hendricks,R,3,TEX,LAA,away,5.23,TEX,543760.0,400.0,320.0,15.1,562.0,-162.0,1,2025-07-09,320.0,23.799999999999997,-320.0,76.2,84.9,0,0.0
2404,RF,R,Adolis Garcia,Kyle Hendricks,R,4,TEX,LAA,away,6.95,TEX,666969.0,320.0,300.0,20.0,400.0,-80.0,0,2025-07-09,300.0,25.0,-300.0,75.0,80.0,0,0.0
2405,CF,L,Evan Carter,Kyle Hendricks,R,5,TEX,LAA,away,6.6,TEX,694497.0,520.0,400.0,19.0,426.0,94.0,0,2025-07-09,400.0,20.0,-400.0,80.0,81.0,0,0.0
2406,LF,R,Wyatt Langford,Kyle Hendricks,R,6,TEX,LAA,away,6.17,TEX,694671.0,360.0,330.0,17.8,462.0,-102.0,0,2025-07-09,330.0,23.3,-329.0,76.7,82.2,0,0.0
2407,C,S,Jonah Heim,Kyle Hendricks,R,7,TEX,LAA,away,5.63,TEX,641680.0,520.0,450.0,16.2,517.0,3.0,0,2025-07-09,450.0,18.2,-449.0,81.8,83.8,0,0.0
2408,1B,R,Jake Burger,Kyle Hendricks,R,8,TEX,LAA,away,7.16,TEX,669394.0,360.0,280.0,20.599999999999998,385.0,-25.0,0,2025-07-09,280.0,26.3,-280.0,73.7,79.4,0,0.0
2409,DH,R,Kyle Higashioka,Kyle Hendricks,R,9,TEX,LAA,away,4.63,TEX,543309.0,500.0,500.0,13.3,652.0,-152.0,1,2025-07-09,500.0,16.7,-499.0,83.3,86.7,0,0.0
2410,SS,R,Zach Neto,Kumar Rocker,R,1,TEX,LAA,home,5.69,LAA,687263.0,370.0,370.0,16.400000000000002,510.0,-140.0,0,2025-07-09,370.0,21.3,-369.0,78.7,83.6,0,0.0
2411,1B,L,Nolan Schanuel,Kumar Rocker,R,2,TEX,LAA,home,4.74,LAA,694384.0,800.0,750.0,13.600000000000001,635.0,165.0,0,2025-07-09,750.0,11.799999999999999,-747.0,88.2,86.4,0,0.0
2412,DH,R,Mike Trout,Kumar Rocker,R,3,TEX,LAA,home,7.31,LAA,545361.0,285.0,285.0,21.0,376.0,-91.0,1,2025-07-09,285.0,26.0,-285.0,74.0,79.0,0,0.0
2413,LF,R,Taylor Ward,Kumar Rocker,R,4,TEX,LAA,home,6.28,LAA,621493.0,400.0,425.0,18.099999999999998,452.0,-27.0,0,2025-07-09,400.0,20.0,-400.0,80.0,81.9,0,0.0
2414,CF,R,Jo Adell,Kumar Rocker,R,5,TEX,LAA,home,5.58,LAA,666176.0,340.0,310.0,16.1,521.0,-181.0,0,2025-07-09,310.0,24.4,-310.0,75.6,83.9,0,0.0
2415,RF,R,Jorge Soler,Kumar Rocker,R,6,TEX,LAA,home,5.09,LAA,624585.0,560.0,550.0,14.7,580.0,-20.0,1,2025-07-09,550.0,15.4,-549.0,84.6,85.3,0,0.0
2416,3B,S,Yoan Moncada,Kumar Rocker,R,8,TEX,LAA,home,4.51,LAA,660162.0,420.0,425.0,13.0,669.0,-244.0,0,2025-07-09,420.0,19.2,-421.0,80.8,87.0,0,0.0
2417,2B,S,Luis Rengifo,Kumar Rocker,R,9,TEX,LAA,home,2.98,LAA,650859.0,900.0,900.0,8.6,1063.0,-163.0,0,2025-07-09,900.0,10.0,-900.0,90.0,91.4,1,1.11
2418,RF,L,Corbin Carroll,Dylan Cease,R,1,ARI,SD,away,6.34,ARI,682998.0,285.0,260.0,18.2,449.0,-164.0,1,2025-07-09,260.0,27.800000000000004,-260.0,72.19999999999999,81.8,0,0.0
2419,2B,S,Ketel Marte,Dylan Cease,R,2,ARI,SD,away,7.05,ARI,606466.0,470.0,400.0,20.3,393.0,77.0,0,2025-07-09,400.0,20.0,-400.0,80.0,79.7,0,0.0
2420,SS,S,Geraldo Perdomo,Dylan Cease,R,3,ARI,SD,away,3.45,ARI,672695.0,830.0,700.0,9.9,910.0,-80.0,1,2025-07-09,700.0,12.5,-700.0,87.5,90.1,0,0.0
2421,3B,R,Eugenio Suarez,Dylan Cease,R,5,ARI,SD,away,5.26,ARI,553993.0,360.0,400.0,15.1,562.0,-162.0,1,2025-07-09,360.0,21.7,-361.0,78.3,84.9,0,0.0
2422,DH,R,Lourdes Gurriel,Dylan Cease,R,6,ARI,SD,away,3.6,ARI,666971.0,520.0,500.0,10.4,862.0,-342.0,0,2025-07-09,500.0,16.7,-499.0,83.3,89.6,0,0.0
2423,LF,L,Jake McCarthy,Dylan Cease,R,7,ARI,SD,away,4.3,ARI,664983.0,1100.0,1000.0,12.4,706.0,394.0,0,2025-07-09,1000.0,9.1,-999.0,90.9,87.6,0,0.0
2424,CF,L,Alek Thomas,Dylan Cease,R,9,ARI,SD,away,5.45,ARI,677950.0,830.0,800.0,15.7,537.0,293.0,0,2025-07-09,800.0,11.1,-801.0,88.9,84.3,0,0.0
2425,RF,R,Fernando Tatis,Brandon Pfaadt,R,1,ARI,SD,home,7.55,SD,665487.0,340.0,340.0,21.7,361.0,-21.0,0,2025-07-09,340.0,22.7,-341.0,77.3,78.3,0,0.0
2426,CF,L,Jackson Merrill,Brandon Pfaadt,R,2,ARI,SD,home,6.58,SD,701538.0,500.0,475.0,18.9,429.0,71.0,0,2025-07-09,475.0,17.4,-475.0,82.6,81.1,0,0.0
2427,3B,R,Manny Machado,Brandon Pfaadt,R,3,ARI,SD,home,5.78,SD,592518.0,370.0,360.0,16.6,502.0,-132.0,0,2025-07-09,360.0,21.7,-361.0,78.3,83.4,0,0.0
2428,1B,L,Luis Arraez,Brandon Pfaadt,R,4,ARI,SD,home,3.72,SD,650333.0,1300.0,1000.0,10.7,835.0,465.0,0,2025-07-09,1000.0,9.1,-999.0,90.9,89.3,0,0.0
2429,LF,L,Gavin Sheets,Brandon Pfaadt,R,5,ARI,SD,home,5.53,SD,657757.0,470.0,475.0,15.9,529.0,-54.0,1,2025-07-09,470.0,17.5,-471.0,82.5,84.1,0,0.0
2430,SS,R,Xander Bogaerts,Brandon Pfaadt,R,6,ARI,SD,home,3.58,SD,593428.0,630.0,750.0,10.299999999999999,871.0,-121.0,0,2025-07-09,630.0,13.700000000000001,-630.0,86.3,89.7,0,0.0
2431,2B,L,Jake Cronenworth,Brandon Pfaadt,R,7,ARI,SD,home,5.61,SD,630105.0,560.0,550.0,16.1,521.0,39.0,0,2025-07-09,550.0,15.4,-549.0,84.6,83.9,0,0.0
2432,DH,L,Trenton Brooks,Brandon Pfaadt,R,8,ARI,SD,home,5.87,SD,670092.0,680.0,600.0,16.900000000000002,492.0,188.0,0,2025-07-09,600.0,14.299999999999999,-599.0,85.7,83.1,0,0.0
2433,C,R,Martin Maldonado,Brandon Pfaadt,R,9,ARI,SD,home,5.09,SD,455117.0,1000.0,1000.0,14.7,580.0,420.0,0,2025-07-09,1000.0,9.1,-999.0,90.9,85.3,0,0.0
2434,RF,R,Ronald Acuna,Mitch Spence,R,1,ATL,ATH,away,5.81,ATL,660670.0,310.0,295.0,16.7,499.0,-189.0,1,2025-07-09,295.0,25.3,-295.0,74.7,83.3,0,0.0
2435,1B,L,Matt Olson,Mitch Spence,R,2,ATL,ATH,away,5.81,ATL,621566.0,285.0,235.0,16.7,499.0,-214.0,0,2025-07-09,235.0,29.9,-234.0,70.1,83.3,0,0.0
2436,DH,R,Marcell Ozuna,Mitch Spence,R,3,ATL,ATH,away,5.87,ATL,542303.0,430.0,310.0,16.900000000000002,492.0,-62.0,1,2025-07-09,310.0,24.4,-310.0,75.6,83.1,0,0.0
2437,3B,R,Austin Riley,Mitch Spence,R,4,ATL,ATH,away,5.2,ATL,663586.0,340.0,300.0,15.0,567.0,-227.0,1,2025-07-09,300.0,25.0,-300.0,75.0,85.0,0,0.0
2438,LF,S,Jurickson Profar,Mitch Spence,R,5,ATL,ATH,away,2.87,ATL,595777.0,520.0,600.0,8.3,1105.0,-505.0,0,2025-07-09,520.0,16.1,-521.0,83.9,91.7,0,0.0
2439,C,L,Drake Baldwin,Mitch Spence,R,6,ATL,ATH,away,5.12,ATL,686948.0,460.0,475.0,14.7,580.0,-105.0,1,2025-07-09,460.0,17.9,-459.0,82.1,85.3,0,0.0
2440,2B,S,Ozzie Albies,Mitch Spence,R,7,ATL,ATH,away,3.16,ATL,645277.0,600.0,450.0,9.1,999.0,-399.0,0,2025-07-09,450.0,18.2,-449.0,81.8,90.9,0,0.0
2441,CF,L,Michael Harris II,Mitch Spence,R,8,ATL,ATH,away,4.27,ATL,671739.0,680.0,450.0,12.3,713.0,-33.0,0,2025-07-09,450.0,18.2,-449.0,81.8,87.7,0,0.0
2442,SS,R,Nick Allen,Mitch Spence,R,9,ATL,ATH,away,2.07,ATL,669397.0,1500.0,1700.0,6.0,1567.0,133.0,0,2025-07-09,1500.0,6.2,-1513.0,93.8,94.0,0,0.0
2443,RF,L,Lawrence Butler,Bryce Elder,R,1,ATL,ATH,home,6.27,ATH,671732.0,420.0,310.0,18.0,456.0,-36.0,0,2025-07-09,310.0,24.4,-310.0,75.6,82.0,0,0.0
2444,DH,R,Brent Rooker,Bryce Elder,R,3,ATL,ATH,home,6.56,ATH,667670.0,285.0,285.0,18.9,429.0,-144.0,0,2025-07-09,285.0,26.0,-285.0,74.0,81.1,0,0.0
2445,1B,L,Nick Kurtz,Bryce Elder,R,4,ATL,ATH,home,8.91,ATH,701762.0,340.0,300.0,25.6,291.0,49.0,0,2025-07-09,300.0,25.0,-300.0,75.0,74.4,0,0.0
2446,C,R,Shea Langeliers,Bryce Elder,R,5,ATL,ATH,home,5.63,ATH,669127.0,330.0,270.0,16.2,517.0,-187.0,0,2025-07-09,270.0,27.0,-270.0,73.0,83.8,0,0.0
2447,LF,L,Tyler Soderstrom,Bryce Elder,R,6,ATL,ATH,home,6.75,ATH,691016.0,400.0,340.0,19.400000000000002,415.0,-15.0,0,2025-07-09,340.0,22.7,-341.0,77.3,80.6,0,0.0
2448,2B,R,Zack Gelof,Bryce Elder,R,7,ATL,ATH,home,4.33,ATH,680869.0,540.0,400.0,12.5,700.0,-160.0,0,2025-07-09,400.0,20.0,-400.0,80.0,87.5,0,0.0
2449,3B,R,Max Muncy,Bryce Elder,R,8,ATL,ATH,home,6.71,ATH,691777.0,500.0,500.0,19.3,418.0,82.0,0,2025-07-09,500.0,16.7,-499.0,83.3,80.7,0,0.0
2450,CF,R,Denzel Clarke,Bryce Elder,R,9,ATL,ATH,home,4.29,ATH,672016.0,830.0,600.0,12.3,713.0,117.0,0,2025-07-09,600.0,14.299999999999999,-599.0,85.7,87.7,0,0.0
2451,LF,L,Steven Kwan,Shane Smith,R,1,CLE,CWS,away,4.2,CLE,680757.0,1000.0,850.0,12.1,726.0,274.0,0,2025-07-11,850.0,10.5,-852.0,89.5,87.9,0,0.0
2452,DH,L,Kyle Manzardo,Shane Smith,R,2,CLE,CWS,away,5.82,CLE,700932.0,420.0,380.0,16.8,495.0,-75.0,0,2025-07-11,380.0,20.8,-381.0,79.2,83.2,0,0.0
2453,3B,S,Jose Ramirez,Shane Smith,R,3,CLE,CWS,away,5.48,CLE,608070.0,340.0,310.0,15.8,533.0,-193.0,1,2025-07-11,310.0,24.4,-310.0,75.6,84.2,0,0.0
2454,1B,S,Carlos Santana,Shane Smith,R,4,CLE,CWS,away,4.73,CLE,467793.0,470.0,450.0,13.600000000000001,635.0,-165.0,1,2025-07-11,450.0,18.2,-449.0,81.8,86.4,0,0.0
2455,2B,L,Daniel Schneemann,Shane Smith,R,5,CLE,CWS,away,6.78,CLE,682177.0,520.0,450.0,19.5,413.0,107.0,1,2025-07-11,450.0,18.2,-449.0,81.8,80.5,0,0.0
2456,CF,S,Angel Martinez,Shane Smith,R,6,CLE,CWS,away,3.92,CLE,682657.0,600.0,600.0,11.3,785.0,-185.0,1,2025-07-11,600.0,14.299999999999999,-599.0,85.7,88.7,0,0.0
2457,C,L,Bo Naylor,Shane Smith,R,7,CLE,CWS,away,5.55,CLE,666310.0,430.0,450.0,16.0,525.0,-75.0,0,2025-07-11,430.0,18.9,-429.0,81.1,84.0,0,0.0
2458,RF,L,Nolan Jones,Shane Smith,R,8,CLE,CWS,away,2.57,CLE,666134.0,600.0,500.0,7.3999999999999995,1251.0,-651.0,0,2025-07-11,500.0,16.7,-499.0,83.3,92.6,0,0.0
2459,SS,S,Brayan Rocchio,Shane Smith,R,9,CLE,CWS,away,3.38,CLE,677587.0,1000.0,950.0,9.700000000000001,931.0,69.0,0,2025-07-11,950.0,9.5,-953.0,90.5,90.3,0,0.0
2460,2B,R,Chase Meidroth,Logan Allen,L,1,CLE,CWS,home,4.58,CWS,805367.0,900.0,1000.0,13.200000000000001,658.0,342.0,0,2025-07-11,900.0,10.0,-900.0,90.0,86.8,0,0.0
2461,RF,R,Austin Slater,Logan Allen,L,2,CLE,CWS,home,5.41,CWS,596103.0,630.0,650.0,15.6,541.0,109.0,0,2025-07-11,630.0,13.700000000000001,-630.0,86.3,84.4,0,0.0
2462,3B,R,Miguel Vargas,Logan Allen,L,3,CLE,CWS,home,5.18,CWS,678246.0,420.0,380.0,14.899999999999999,571.0,-151.0,0,2025-07-11,380.0,20.8,-381.0,79.2,85.1,0,0.0
2463,C,S,Edgar Quero,Logan Allen,L,5,CLE,CWS,home,3.58,CWS,700337.0,630.0,500.0,10.299999999999999,871.0,-241.0,0,2025-07-11,500.0,16.7,-499.0,83.3,89.7,0,0.0
2464,CF,R,Luis Robert,Logan Allen,L,6,CLE,CWS,home,6.22,CWS,673357.0,420.0,450.0,17.9,459.0,-9.0,1,2025-07-11,420.0,19.2,-421.0,80.8,82.1,0,0.0
2465,DH,R,Lenyn Sosa,Logan Allen,L,7,CLE,CWS,home,4.93,CWS,672820.0,560.0,600.0,14.2,604.0,-4.0,1,2025-07-11,560.0,15.2,-558.0,84.8,85.8,0,0.0
2466,2B,S,Xavier Edwards,Dean Kremer,R,1,MIA,BAL,away,3.67,MIA,669364.0,1060.0,1400.0,10.6,843.0,557.0,0,2025-07-11,1060.0,8.6,-1063.0,91.4,89.4,0,0.0
2467,RF,L,Jesus Sanchez,Dean Kremer,R,2,MIA,BAL,away,7.58,MIA,660821.0,400.0,370.0,21.8,359.0,41.0,0,2025-07-11,370.0,21.3,-369.0,78.7,78.2,0,0.0
2468,SS,R,Otto Lopez,Dean Kremer,R,3,MIA,BAL,away,4.74,MIA,672640.0,630.0,600.0,13.600000000000001,635.0,-5.0,1,2025-07-11,600.0,14.299999999999999,-599.0,85.7,86.4,0,0.0
2469,C,R,Agustin Ramirez,Dean Kremer,R,4,MIA,BAL,away,4.58,MIA,682663.0,520.0,475.0,13.200000000000001,658.0,-138.0,0,2025-07-11,475.0,17.4,-475.0,82.6,86.8,0,0.0
2470,LF,L,Kyle Stowers,Dean Kremer,R,5,MIA,BAL,away,7.43,MIA,669065.0,340.0,350.0,21.4,367.0,-17.0,0,2025-07-11,340.0,22.7,-341.0,77.3,78.6,0,0.0
2471,1B,R,Eric Wagaman,Dean Kremer,R,6,MIA,BAL,away,3.66,MIA,676572.0,680.0,700.0,10.5,852.0,-152.0,0,2025-07-11,680.0,12.8,-681.0,87.2,89.5,0,0.0
2472,DH,L,Liam Hicks,Dean Kremer,R,7,MIA,BAL,away,4.07,MIA,689414.0,750.0,750.0,11.700000000000001,755.0,-5.0,0,2025-07-11,750.0,11.799999999999999,-747.0,88.2,88.3,0,0.0
2473,3B,R,Connor Norby,Dean Kremer,R,8,MIA,BAL,away,3.75,MIA,681393.0,680.0,600.0,10.8,826.0,-146.0,0,2025-07-11,600.0,14.299999999999999,-599.0,85.7,89.2,0,0.0
2474,2B,L,Jackson Holliday,Edward Cabrera,R,1,MIA,BAL,home,7.04,BAL,702616.0,500.0,475.0,20.3,393.0,107.0,0,2025-07-11,475.0,17.4,-475.0,82.6,79.7,0,0.0
2475,3B,R,Jordan Westburg,Edward Cabrera,R,2,MIA,BAL,home,5.15,BAL,676059.0,540.0,450.0,14.799999999999999,576.0,-36.0,0,2025-07-11,450.0,18.2,-449.0,81.8,85.2,0,0.0
2476,SS,L,Gunnar Henderson,Edward Cabrera,R,3,MIA,BAL,home,6.79,BAL,683002.0,420.0,360.0,19.5,413.0,7.0,0,2025-07-11,360.0,21.7,-361.0,78.3,80.5,0,0.0
2477,1B,L,Ryan O'Hearn,Edward Cabrera,R,4,MIA,BAL,home,6.06,BAL,656811.0,560.0,500.0,17.4,475.0,85.0,0,2025-07-11,500.0,16.7,-499.0,83.3,82.6,0,0.0
2478,RF,R,Ramon Laureano,Edward Cabrera,R,5,MIA,BAL,home,4.97,BAL,657656.0,630.0,500.0,14.299999999999999,599.0,31.0,0,2025-07-11,500.0,16.7,-499.0,83.3,85.7,0,0.0
2479,LF,L,Colton Cowser,Edward Cabrera,R,6,MIA,BAL,home,6.52,BAL,681297.0,450.0,400.0,18.8,432.0,18.0,0,2025-07-11,400.0,20.0,-400.0,80.0,81.2,0,0.0
2480,DH,R,Tyler O'Neill,Edward Cabrera,R,7,MIA,BAL,home,5.59,BAL,641933.0,500.0,425.0,16.1,521.0,-21.0,0,2025-07-11,425.0,19.0,-426.0,81.0,83.9,0,0.0
2481,CF,L,Cedric Mullins,Edward Cabrera,R,8,MIA,BAL,home,4.99,BAL,656775.0,520.0,475.0,14.399999999999999,594.0,-74.0,0,2025-07-11,475.0,17.4,-475.0,82.6,85.6,0,0.0
2482,C,R,Jacob Stallings,Edward Cabrera,R,9,MIA,BAL,home,3.03,BAL,607732.0,1060.0,1200.0,8.7,1049.0,151.0,0,2025-07-11,1060.0,8.6,-1063.0,91.4,91.3,0,0.0
2483,RF,L,Kyle Tucker,Carlos Rodon,L,2,CHC,NYY,away,6.44,CHC,663656.0,340.0,300.0,18.5,441.0,-101.0,0,2025-07-11,300.0,25.0,-300.0,75.0,81.5,0,0.0
2484,DH,R,Seiya Suzuki,Carlos Rodon,L,3,CHC,NYY,away,7.29,CHC,673548.0,420.0,400.0,21.0,376.0,44.0,0,2025-07-11,400.0,20.0,-400.0,80.0,79.0,0,0.0
2485,C,R,Carson Kelly,Carlos Rodon,L,4,CHC,NYY,away,5.64,CHC,608348.0,500.0,450.0,16.2,517.0,-17.0,0,2025-07-11,450.0,18.2,-449.0,81.8,83.8,0,0.0
2486,SS,R,Dansby Swanson,Carlos Rodon,L,5,CHC,NYY,away,6.56,CHC,621020.0,440.0,500.0,18.9,429.0,71.0,0,2025-07-11,440.0,18.5,-441.0,81.5,81.1,0,0.0
2487,CF,L,Pete Crow-Armstrong,Carlos Rodon,L,6,CHC,NYY,away,6.34,CHC,691718.0,420.0,370.0,18.2,449.0,-29.0,0,2025-07-11,370.0,21.3,-369.0,78.7,81.8,0,0.0
2488,2B,R,Nico Hoerner,Carlos Rodon,L,7,CHC,NYY,away,3.88,CHC,663538.0,1000.0,850.0,11.200000000000001,793.0,207.0,0,2025-07-11,850.0,10.5,-852.0,89.5,88.8,0,0.0
2489,3B,R,Matt Shaw,Carlos Rodon,L,9,CHC,NYY,away,4.24,CHC,807713.0,900.0,700.0,12.2,720.0,180.0,0,2025-07-11,700.0,12.5,-700.0,87.5,87.8,0,0.0
2490,LF,S,Jasson Dominguez,Chris Flexen,R,1,CHC,NYY,home,4.96,NYY,691176.0,430.0,320.0,14.299999999999999,599.0,-169.0,0,2025-07-11,320.0,23.799999999999997,-320.0,76.2,85.7,0,0.0
2491,RF,R,Aaron Judge,Chris Flexen,R,2,CHC,NYY,home,9.21,NYY,592450.0,118.0,155.0,26.5,277.0,-122.0,0,2025-07-11,118.0,45.9,-118.0,54.1,73.5,0,0.0
2492,CF,L,Cody Bellinger,Chris Flexen,R,3,CHC,NYY,home,5.12,NYY,641355.0,420.0,330.0,14.7,580.0,-160.0,1,2025-07-11,330.0,23.3,-329.0,76.7,85.3,0,0.0
2493,2B,L,Jazz Chisholm,Chris Flexen,R,5,CHC,NYY,home,6.76,NYY,665862.0,340.0,320.0,19.5,413.0,-73.0,0,2025-07-11,320.0,23.799999999999997,-320.0,76.2,80.5,0,0.0
2494,1B,R,Paul Goldschmidt,Chris Flexen,R,6,CHC,NYY,home,4.3,NYY,502671.0,450.0,330.0,12.4,706.0,-256.0,0,2025-07-11,330.0,23.3,-329.0,76.7,87.6,0,0.0
2495,SS,R,Anthony Volpe,Chris Flexen,R,8,CHC,NYY,home,3.44,NYY,683011.0,600.0,500.0,9.9,910.0,-310.0,0,2025-07-11,500.0,16.7,-499.0,83.3,90.1,0,0.0
2496,3B,R,Oswald Peraza,Chris Flexen,R,9,CHC,NYY,home,4.15,NYY,672724.0,750.0,700.0,11.899999999999999,740.0,10.0,0,2025-07-11,700.0,12.5,-700.0,87.5,88.1,0,0.0
2497,LF,L,Jarren Duran,Joe Boyle,R,1,TB,BOS,home,5.73,BOS,680776.0,630.0,500.0,16.5,506.0,124.0,0,2025-07-11,500.0,16.7,-499.0,83.3,83.5,0,0.0
2498,1B,S,Abraham Toro,Joe Boyle,R,3,TB,BOS,home,3.77,BOS,647351.0,800.0,750.0,10.9,817.0,-17.0,0,2025-07-11,750.0,11.799999999999999,-747.0,88.2,89.1,0,0.0
2499,C,R,Carlos Narvaez,Joe Boyle,R,4,TB,BOS,home,2.85,BOS,665966.0,800.0,550.0,8.200000000000001,1120.0,-320.0,0,2025-07-11,550.0,15.4,-549.0,84.6,91.8,0,0.0
2500,RF,L,Wilyer Abreu,Joe Boyle,R,5,TB,BOS,home,6.17,BOS,677800.0,450.0,450.0,17.8,462.0,-12.0,0,2025-07-11,450.0,18.2,-449.0,81.8,82.2,0,0.0
2501,SS,R,Trevor Story,Joe Boyle,R,6,TB,BOS,home,4.12,BOS,596115.0,750.0,550.0,11.899999999999999,740.0,10.0,0,2025-07-11,550.0,15.4,-549.0,84.6,88.1,0,0.0
2502,3B,L,Marcelo Mayer,Joe Boyle,R,8,TB,BOS,home,4.49,BOS,691785.0,750.0,750.0,12.9,675.0,75.0,0,2025-07-11,750.0,11.799999999999999,-747.0,88.2,87.1,0,0.0
2503,CF,R,Ceddanne Rafaela,Joe Boyle,R,9,TB,BOS,home,4.59,BOS,678882.0,750.0,700.0,13.200000000000001,658.0,92.0,1,2025-07-11,700.0,12.5,-700.0,87.5,86.8,0,0.0
2504,SS,L,J.P. Crawford,Tarik Skubal,L,1,SEA,DET,away,3.5,SEA,641487.0,1060.0,1000.0,10.100000000000001,890.0,170.0,0,2025-07-11,1000.0,9.1,-999.0,90.9,89.9,0,0.0
2505,C,S,Cal Raleigh,Tarik Skubal,L,3,SEA,DET,away,6.53,SEA,663728.0,390.0,450.0,18.8,432.0,18.0,1,2025-07-11,390.0,20.4,-390.0,79.6,81.2,0,0.0
2506,LF,R,Randy Arozarena,Tarik Skubal,L,4,SEA,DET,away,5.52,SEA,668227.0,630.0,650.0,15.9,529.0,121.0,0,2025-07-11,630.0,13.700000000000001,-630.0,86.3,84.1,0,0.0
2507,DH,S,Jorge Polanco,Tarik Skubal,L,5,SEA,DET,away,4.93,SEA,593871.0,,850.0,14.2,604.0,,0,2025-07-11,,,,,85.8,0,0.0
2508,3B,R,Ben Williamson,Tarik Skubal,L,8,SEA,DET,away,3.75,SEA,810938.0,1200.0,1300.0,10.8,826.0,474.0,0,2025-07-11,1200.0,7.7,-1199.0,92.3,89.2,0,0.0
2509,DH,L,Colt Keith,Luis Castillo,R,1,SEA,DET,home,6.22,DET,690993.0,540.0,400.0,17.9,459.0,81.0,0,2025-07-11,400.0,20.0,-400.0,80.0,82.1,0,0.0
2510,2B,R,Gleyber Torres,Luis Castillo,R,2,SEA,DET,home,4.35,DET,650402.0,750.0,600.0,12.5,700.0,50.0,0,2025-07-11,600.0,14.299999999999999,-599.0,85.7,87.5,0,0.0
2511,RF,S,Wenceel Perez,Luis Castillo,R,3,SEA,DET,home,5.0,DET,672761.0,500.0,600.0,14.399999999999999,594.0,6.0,0,2025-07-11,500.0,16.7,-499.0,83.3,85.6,0,0.0
2512,LF,L,Riley Greene,Luis Castillo,R,4,SEA,DET,home,6.35,DET,682985.0,350.0,370.0,18.3,446.0,-76.0,0,2025-07-11,350.0,22.2,-350.0,77.8,81.7,0,0.0
2513,1B,R,Spencer Torkelson,Luis Castillo,R,5,SEA,DET,home,5.0,DET,679529.0,470.0,370.0,14.399999999999999,594.0,-124.0,0,2025-07-11,370.0,21.3,-369.0,78.7,85.6,0,0.0
2514,3B,L,Zach McKinstry,Luis Castillo,R,6,SEA,DET,home,3.89,DET,656716.0,750.0,750.0,11.200000000000001,793.0,-43.0,0,2025-07-11,750.0,11.799999999999999,-747.0,88.2,88.8,0,0.0
2515,C,R,Dillon Dingler,Luis Castillo,R,7,SEA,DET,home,4.03,DET,693307.0,900.0,600.0,11.600000000000001,762.0,138.0,0,2025-07-11,600.0,14.299999999999999,-599.0,85.7,88.4,0,0.0
2516,CF,L,Parker Meadows,Luis Castillo,R,8,SEA,DET,home,5.05,DET,678009.0,750.0,750.0,14.499999999999998,590.0,160.0,0,2025-07-11,750.0,11.799999999999999,-747.0,88.2,85.5,0,0.0
2517,SS,R,Javier Baez,Luis Castillo,R,9,SEA,DET,home,3.58,DET,595879.0,900.0,700.0,10.299999999999999,871.0,29.0,0,2025-07-11,700.0,12.5,-700.0,87.5,89.7,0,0.0
2518,DH,R,Tyler Freeman,Chase Burns,R,1,COL,CIN,away,3.92,COL,671289.0,600.0,600.0,11.3,785.0,-185.0,0,2025-07-11,600.0,14.299999999999999,-599.0,85.7,88.7,0,0.0
2519,C,R,Hunter Goodman,Chase Burns,R,2,COL,CIN,away,7.1,COL,696100.0,280.0,280.0,20.4,390.0,-110.0,0,2025-07-11,280.0,26.3,-280.0,73.7,79.6,0,0.0
2520,LF,R,Jordan Beck,Chase Burns,R,3,COL,CIN,away,5.85,COL,687597.0,540.0,500.0,16.8,495.0,45.0,0,2025-07-11,500.0,16.7,-499.0,83.3,83.2,0,0.0
2521,RF,L,Mickey Moniak,Chase Burns,R,5,COL,CIN,away,6.84,COL,666160.0,350.0,400.0,19.7,408.0,-8.0,0,2025-07-11,350.0,22.2,-350.0,77.8,80.3,0,0.0
2522,1B,S,Michael Toglia,Chase Burns,R,6,COL,CIN,away,7.01,COL,669911.0,440.0,360.0,20.200000000000003,395.0,45.0,0,2025-07-11,360.0,21.7,-361.0,78.3,79.8,0,0.0
2523,3B,L,Ryan McMahon,Chase Burns,R,7,COL,CIN,away,7.07,COL,641857.0,450.0,450.0,20.3,393.0,57.0,1,2025-07-11,450.0,18.2,-449.0,81.8,79.7,0,0.0
2524,CF,R,Brenton Doyle,Chase Burns,R,8,COL,CIN,away,5.21,COL,686668.0,520.0,500.0,15.0,567.0,-47.0,0,2025-07-11,500.0,16.7,-499.0,83.3,85.0,0,0.0
2525,CF,L,TJ Friedl,German Marquez,R,1,COL,CIN,home,5.39,CIN,670770.0,520.0,425.0,15.5,545.0,-25.0,0,2025-07-11,425.0,19.0,-426.0,81.0,84.5,0,0.0
2526,2B,R,Matt McLain,German Marquez,R,2,COL,CIN,home,5.59,CIN,680574.0,350.0,330.0,16.1,521.0,-171.0,0,2025-07-11,330.0,23.3,-329.0,76.7,83.9,0,0.0
2527,SS,S,Elly De La Cruz,German Marquez,R,3,COL,CIN,home,8.74,CIN,682829.0,285.0,265.0,25.2,297.0,-12.0,0,2025-07-11,265.0,27.400000000000002,-265.0,72.6,74.8,0,0.0
2528,DH,R,Austin Hays,German Marquez,R,4,COL,CIN,home,6.1,CIN,669720.0,340.0,320.0,17.599999999999998,468.0,-128.0,0,2025-07-11,320.0,23.799999999999997,-320.0,76.2,82.4,0,0.0
2529,LF,L,Gavin Lux,German Marquez,R,5,COL,CIN,home,5.45,CIN,666158.0,560.0,450.0,15.7,537.0,23.0,0,2025-07-11,450.0,18.2,-449.0,81.8,84.3,0,0.0
2530,1B,R,Spencer Steer,German Marquez,R,6,COL,CIN,home,4.64,CIN,668715.0,420.0,475.0,13.4,646.0,-171.0,0,2025-07-11,420.0,19.2,-421.0,80.8,86.6,0,0.0
2531,C,R,Tyler Stephenson,German Marquez,R,7,COL,CIN,home,5.78,CIN,663886.0,390.0,425.0,16.6,502.0,-77.0,0,2025-07-11,390.0,20.4,-390.0,79.6,83.4,0,0.0
2532,RF,L,Will Benson,German Marquez,R,8,COL,CIN,home,8.11,CIN,666181.0,310.0,290.0,23.3,329.0,-19.0,0,2025-07-11,290.0,25.6,-291.0,74.4,76.7,0,0.0
2533,3B,R,Noelvi Marte,German Marquez,R,9,COL,CIN,home,5.27,CIN,682622.0,480.0,500.0,15.2,558.0,-58.0,1,2025-07-11,480.0,17.2,-481.0,82.8,84.8,0,0.0
2534,LF,L,Brandon Nimmo,Michael Wacha,R,1,NYM,KC,away,6.0,NYM,607043.0,430.0,340.0,17.299999999999997,478.0,-48.0,0,2025-07-11,340.0,22.7,-341.0,77.3,82.7,0,0.0
2535,SS,S,Francisco Lindor,Michael Wacha,R,2,NYM,KC,away,4.86,NYM,596019.0,420.0,350.0,14.000000000000002,614.0,-194.0,1,2025-07-11,350.0,22.2,-350.0,77.8,86.0,0,0.0
2536,RF,L,Juan Soto,Michael Wacha,R,3,NYM,KC,away,7.44,NYM,665742.0,340.0,310.0,21.4,367.0,-27.0,1,2025-07-11,310.0,24.4,-310.0,75.6,78.6,0,0.0
2537,1B,R,Pete Alonso,Michael Wacha,R,4,NYM,KC,away,6.52,NYM,624413.0,310.0,260.0,18.8,432.0,-122.0,0,2025-07-11,260.0,27.800000000000004,-260.0,72.19999999999999,81.2,0,0.0
2538,CF,L,Jeff McNeil,Michael Wacha,R,6,NYM,KC,away,3.72,NYM,643446.0,680.0,550.0,10.7,835.0,-155.0,0,2025-07-11,550.0,15.4,-549.0,84.6,89.3,0,0.0
2539,3B,S,Ronny Mauricio,Michael Wacha,R,7,NYM,KC,away,2.24,NYM,677595.0,630.0,475.0,6.4,1462.0,-832.0,0,2025-07-11,475.0,17.4,-475.0,82.6,93.6,0,0.0
2540,C,R,Luis Torrens,Michael Wacha,R,8,NYM,KC,away,5.0,NYM,620443.0,1000.0,700.0,14.399999999999999,594.0,406.0,0,2025-07-11,700.0,12.5,-700.0,87.5,85.6,0,0.0
2541,2B,L,Brett Baty,Michael Wacha,R,9,NYM,KC,away,5.0,NYM,683146.0,750.0,700.0,14.399999999999999,594.0,156.0,0,2025-07-11,700.0,12.5,-700.0,87.5,85.6,0,0.0
2542,SS,L,CJ Abrams,Quinn Priester,R,1,WSH,MIL,away,5.44,WSH,682928.0,560.0,550.0,15.7,537.0,23.0,0,2025-07-11,550.0,15.4,-549.0,84.6,84.3,0,0.0
2543,LF,L,James Wood,Quinn Priester,R,2,WSH,MIL,away,8.18,WSH,695578.0,450.0,450.0,23.5,326.0,124.0,0,2025-07-11,450.0,18.2,-449.0,81.8,76.5,0,0.0
2544,2B,L,Luis Garcia,Quinn Priester,R,3,WSH,MIL,away,6.03,WSH,671277.0,630.0,,17.4,475.0,155.0,0,2025-07-11,630.0,13.700000000000001,-630.0,86.3,82.6,0,0.0
2545,1B,L,Nathaniel Lowe,Quinn Priester,R,4,WSH,MIL,away,4.69,WSH,663993.0,600.0,750.0,13.5,641.0,109.0,0,2025-07-11,600.0,14.299999999999999,-599.0,85.7,86.5,0,0.0
2546,DH,S,Josh Bell,Quinn Priester,R,5,WSH,MIL,away,5.3,WSH,605137.0,560.0,550.0,15.299999999999999,554.0,6.0,0,2025-07-11,550.0,15.4,-549.0,84.6,84.7,0,0.0
2547,RF,L,Daylen Lile,Quinn Priester,R,7,WSH,MIL,away,4.06,WSH,695734.0,900.0,950.0,11.700000000000001,755.0,195.0,0,2025-07-11,900.0,10.0,-900.0,90.0,88.3,0,0.0
2548,C,R,Riley Adams,Quinn Priester,R,8,WSH,MIL,away,3.83,WSH,656180.0,870.0,750.0,11.0,809.0,61.0,1,2025-07-11,750.0,11.799999999999999,-747.0,88.2,89.0,0,0.0
2549,CF,R,Jackson Chourio,Mitchell Parker,L,1,WSH,MIL,home,5.49,MIL,694192.0,440.0,425.0,15.8,533.0,-93.0,0,2025-07-11,425.0,19.0,-426.0,81.0,84.2,0,0.0
2550,C,R,William Contreras,Mitchell Parker,L,2,WSH,MIL,home,5.18,MIL,661388.0,480.0,350.0,14.899999999999999,571.0,-91.0,0,2025-07-11,350.0,22.2,-350.0,77.8,85.1,0,0.0
2551,DH,L,Christian Yelich,Mitchell Parker,L,3,WSH,MIL,home,4.75,MIL,592885.0,390.0,425.0,13.700000000000001,630.0,-205.0,1,2025-07-11,390.0,20.4,-390.0,79.6,86.3,0,0.0
2552,LF,S,Isaac Collins,Mitchell Parker,L,4,WSH,MIL,home,3.69,MIL,686555.0,600.0,500.0,10.6,843.0,-243.0,0,2025-07-11,500.0,16.7,-499.0,83.3,89.4,0,0.0
2553,3B,R,Caleb Durbin,Mitchell Parker,L,5,WSH,MIL,home,4.71,MIL,702332.0,630.0,600.0,13.600000000000001,635.0,-5.0,0,2025-07-11,600.0,14.299999999999999,-599.0,85.7,86.4,0,0.0
2554,RF,L,Sal Frelick,Mitchell Parker,L,6,WSH,MIL,home,3.16,MIL,686217.0,750.0,850.0,9.1,999.0,-149.0,0,2025-07-11,750.0,11.799999999999999,-747.0,88.2,90.9,0,0.0
2555,1B,R,Andrew Vaughn,Mitchell Parker,L,7,WSH,MIL,home,5.87,MIL,683734.0,480.0,370.0,16.900000000000002,492.0,-12.0,1,2025-07-11,370.0,21.3,-369.0,78.7,83.1,0,0.0
2556,2B,L,Brice Turang,Mitchell Parker,L,8,WSH,MIL,home,3.33,MIL,668930.0,830.0,1000.0,9.6,942.0,58.0,0,2025-07-11,830.0,10.8,-826.0,89.2,90.4,0,0.0
2557,SS,R,Joey Ortiz,Mitchell Parker,L,9,WSH,MIL,home,4.27,MIL,687401.0,680.0,750.0,12.3,713.0,37.0,0,2025-07-11,680.0,12.8,-681.0,87.2,87.7,0,0.0
2558,1B,L,Spencer Horwitz,Joe Ryan,R,1,PIT,MIN,away,5.95,PIT,687462.0,560.0,500.0,17.1,485.0,75.0,0,2025-07-11,500.0,16.7,-499.0,83.3,82.9,0,0.0
2559,DH,R,Andrew McCutchen,Joe Ryan,R,2,PIT,MIN,away,4.7,PIT,457705.0,560.0,550.0,13.5,641.0,-81.0,0,2025-07-11,550.0,15.4,-549.0,84.6,86.5,0,0.0
2560,RF,S,Bryan Reynolds,Joe Ryan,R,3,PIT,MIN,away,5.76,PIT,668804.0,500.0,425.0,16.6,502.0,-2.0,0,2025-07-11,425.0,19.0,-426.0,81.0,83.4,0,0.0
2561,2B,R,Nick Gonzales,Joe Ryan,R,4,PIT,MIN,away,4.02,PIT,693304.0,750.0,850.0,11.600000000000001,762.0,88.0,0,2025-07-11,750.0,11.799999999999999,-747.0,88.2,88.4,0,0.0
2562,CF,L,Oneil Cruz,Joe Ryan,R,5,PIT,MIN,away,8.94,PIT,665833.0,340.0,320.0,25.7,289.0,51.0,0,2025-07-11,320.0,23.799999999999997,-320.0,76.2,74.3,0,0.0
2563,3B,R,Ke'Bryan Hayes,Joe Ryan,R,6,PIT,MIN,away,3.61,PIT,663647.0,1060.0,1100.0,10.4,862.0,238.0,0,2025-07-11,1060.0,8.6,-1063.0,91.4,89.6,0,0.0
2564,LF,R,Tommy Pham,Joe Ryan,R,7,PIT,MIN,away,3.44,PIT,502054.0,800.0,850.0,9.9,910.0,-60.0,0,2025-07-11,800.0,11.1,-801.0,88.9,90.1,0,0.0
2565,SS,R,Isiah Kiner-Falefa,Joe Ryan,R,9,PIT,MIN,away,2.62,PIT,643396.0,1400.0,1300.0,7.5,1233.0,167.0,0,2025-07-11,1300.0,7.1,-1308.0,92.9,92.5,0,0.0
2566,CF,R,Byron Buxton,Paul Skenes,R,1,PIT,MIN,home,5.31,MIN,621439.0,,,15.299999999999999,554.0,,0,2025-07-11,,,,,84.7,0,0.0
2567,LF,S,Willi Castro,Paul Skenes,R,2,PIT,MIN,home,3.83,MIN,650489.0,750.0,800.0,11.0,809.0,-9.0,0,2025-07-11,750.0,11.799999999999999,-747.0,88.2,89.0,0,0.0
2568,DH,L,Trevor Larnach,Paul Skenes,R,3,PIT,MIN,home,5.46,MIN,663616.0,520.0,600.0,15.7,537.0,63.0,1,2025-07-11,520.0,16.1,-521.0,83.9,84.3,0,0.0
2569,SS,R,Carlos Correa,Paul Skenes,R,4,PIT,MIN,home,3.68,MIN,621043.0,750.0,800.0,10.6,843.0,-43.0,0,2025-07-11,750.0,11.799999999999999,-747.0,88.2,89.4,0,0.0
2570,2B,S,Brooks Lee,Paul Skenes,R,5,PIT,MIN,home,3.67,MIN,686797.0,630.0,550.0,10.6,843.0,-213.0,0,2025-07-11,550.0,15.4,-549.0,84.6,89.4,0,0.0
2571,RF,L,Matt Wallner,Paul Skenes,R,7,PIT,MIN,home,6.28,MIN,670242.0,500.0,450.0,18.099999999999998,452.0,48.0,0,2025-07-11,450.0,18.2,-449.0,81.8,81.9,0,0.0
2572,3B,R,Royce Lewis,Paul Skenes,R,8,PIT,MIN,home,4.56,MIN,668904.0,560.0,500.0,13.100000000000001,663.0,-103.0,0,2025-07-11,500.0,16.7,-499.0,83.3,86.9,0,0.0
2573,1B,L,Kody Clemens,Paul Skenes,R,9,PIT,MIN,home,5.83,MIN,665019.0,460.0,450.0,16.8,495.0,-35.0,0,2025-07-11,450.0,18.2,-449.0,81.8,83.2,0,0.0
2574,3B,L,Josh Smith,Lance McCullers,R,1,TEX,HOU,away,6.14,TEX,669701.0,700.0,750.0,17.7,465.0,285.0,0,2025-07-11,700.0,12.5,-700.0,87.5,82.3,0,0.0
2575,SS,L,Corey Seager,Lance McCullers,R,2,TEX,HOU,away,8.87,TEX,608369.0,330.0,390.0,25.5,292.0,98.0,0,2025-07-11,330.0,23.3,-329.0,76.7,74.5,0,0.0
2576,2B,R,Marcus Semien,Lance McCullers,R,3,TEX,HOU,away,5.29,TEX,543760.0,560.0,500.0,15.2,558.0,2.0,0,2025-07-11,500.0,16.7,-499.0,83.3,84.8,0,0.0
2577,RF,R,Adolis Garcia,Lance McCullers,R,4,TEX,HOU,away,6.71,TEX,666969.0,440.0,425.0,19.3,418.0,22.0,1,2025-07-11,425.0,19.0,-426.0,81.0,80.7,0,0.0
2578,CF,L,Evan Carter,Lance McCullers,R,5,TEX,HOU,away,6.25,TEX,694497.0,750.0,900.0,18.0,456.0,444.0,0,2025-07-11,750.0,11.799999999999999,-747.0,88.2,82.0,0,0.0
2579,LF,R,Wyatt Langford,Lance McCullers,R,6,TEX,HOU,away,6.26,TEX,694671.0,500.0,500.0,18.0,456.0,44.0,1,2025-07-11,500.0,16.7,-499.0,83.3,82.0,0,0.0
2580,C,S,Jonah Heim,Lance McCullers,R,7,TEX,HOU,away,5.04,TEX,641680.0,560.0,750.0,14.499999999999998,590.0,160.0,0,2025-07-11,560.0,15.2,-558.0,84.8,85.5,0,0.0
2581,1B,R,Jake Burger,Lance McCullers,R,8,TEX,HOU,away,6.38,TEX,669394.0,480.0,400.0,18.4,443.0,37.0,0,2025-07-11,400.0,20.0,-400.0,80.0,81.6,0,0.0
2582,DH,R,Kyle Higashioka,Lance McCullers,R,9,TEX,HOU,away,4.49,TEX,543309.0,560.0,600.0,12.9,675.0,-75.0,0,2025-07-11,560.0,15.2,-558.0,84.8,87.1,0,0.0
2583,3B,R,Isaac Paredes,Jack Leiter,R,1,TEX,HOU,home,4.17,HOU,670623.0,400.0,400.0,12.0,733.0,-333.0,0,2025-07-11,400.0,20.0,-400.0,80.0,88.0,0,0.0
2584,LF,R,Jose Altuve,Jack Leiter,R,3,TEX,HOU,home,4.66,HOU,514888.0,520.0,550.0,13.4,646.0,-96.0,0,2025-07-11,520.0,16.1,-521.0,83.9,86.6,0,0.0
2585,RF,R,Cam Smith,Jack Leiter,R,4,TEX,HOU,home,1.56,HOU,701358.0,630.0,550.0,4.5,2122.0,-1492.0,0,2025-07-11,550.0,15.4,-549.0,84.6,95.5,0,0.0
2586,1B,R,Christian Walker,Jack Leiter,R,5,TEX,HOU,home,6.43,HOU,572233.0,450.0,320.0,18.5,441.0,9.0,0,2025-07-11,320.0,23.799999999999997,-320.0,76.2,81.5,0,0.0
2587,C,R,Yainer Diaz,Jack Leiter,R,6,TEX,HOU,home,5.08,HOU,673237.0,520.0,550.0,14.6,585.0,-35.0,0,2025-07-11,520.0,16.1,-521.0,83.9,85.4,0,0.0
2588,DH,S,Cooper Hummel,Jack Leiter,R,7,TEX,HOU,home,1.9,HOU,669450.0,800.0,950.0,5.5,1718.0,-768.0,0,2025-07-11,800.0,11.1,-801.0,88.9,94.5,1,1.25
2589,RF,R,Ronald Acuna,Matthew Liberatore,L,1,ATL,STL,away,5.5,ATL,660670.0,340.0,330.0,15.8,533.0,-193.0,0,2025-07-11,330.0,23.3,-329.0,76.7,84.2,0,0.0
2590,1B,L,Matt Olson,Matthew Liberatore,L,2,ATL,STL,away,5.45,ATL,621566.0,480.0,400.0,15.7,537.0,-57.0,0,2025-07-11,400.0,20.0,-400.0,80.0,84.3,0,0.0
2591,3B,R,Austin Riley,Matthew Liberatore,L,3,ATL,STL,away,5.42,ATL,663586.0,350.0,255.0,15.6,541.0,-191.0,0,2025-07-11,255.0,28.199999999999996,-255.0,71.80000000000001,84.4,0,0.0
2592,LF,S,Jurickson Profar,Matthew Liberatore,L,5,ATL,STL,away,3.94,ATL,595777.0,450.0,600.0,11.3,785.0,-185.0,0,2025-07-11,450.0,18.2,-449.0,81.8,88.7,0,0.0
2593,2B,S,Ozzie Albies,Matthew Liberatore,L,6,ATL,STL,away,2.82,ATL,645277.0,560.0,550.0,8.1,1135.0,-575.0,0,2025-07-11,550.0,15.4,-549.0,84.6,91.9,0,0.0
2594,C,R,Sean Murphy,Matthew Liberatore,L,7,ATL,STL,away,4.55,ATL,669221.0,420.0,390.0,13.100000000000001,663.0,-243.0,1,2025-07-11,390.0,20.4,-390.0,79.6,86.9,0,0.0
2595,CF,L,Michael Harris II,Matthew Liberatore,L,8,ATL,STL,away,3.39,ATL,671739.0,680.0,750.0,9.8,920.0,-170.0,0,2025-07-11,680.0,12.8,-681.0,87.2,90.2,0,0.0
2596,SS,R,Nick Allen,Matthew Liberatore,L,9,ATL,STL,away,2.27,ATL,669397.0,1060.0,1100.0,6.5,1438.0,-338.0,0,2025-07-11,1060.0,8.6,-1063.0,91.4,93.5,1,0.94
2597,2B,L,Brendan Donovan,Grant Holmes,R,1,ATL,STL,home,5.31,STL,680977.0,630.0,450.0,15.299999999999999,554.0,76.0,0,2025-07-11,450.0,18.2,-449.0,81.8,84.7,0,0.0
2598,SS,R,Masyn Winn,Grant Holmes,R,2,ATL,STL,home,3.81,STL,691026.0,750.0,550.0,11.0,809.0,-59.0,0,2025-07-11,550.0,15.4,-549.0,84.6,89.0,0,0.0
2599,RF,L,Alec Burleson,Grant Holmes,R,3,ATL,STL,home,5.09,STL,676475.0,450.0,380.0,14.7,580.0,-130.0,0,2025-07-11,380.0,20.8,-381.0,79.2,85.3,0,0.0
2600,LF,L,Lars Nootbaar,Grant Holmes,R,5,ATL,STL,home,5.02,STL,663457.0,500.0,425.0,14.399999999999999,594.0,-94.0,0,2025-07-11,425.0,19.0,-426.0,81.0,85.6,0,0.0
2601,3B,R,Nolan Arenado,Grant Holmes,R,6,ATL,STL,home,3.3,STL,571448.0,600.0,500.0,9.5,953.0,-353.0,0,2025-07-11,500.0,16.7,-499.0,83.3,90.5,0,0.0
2602,DH,L,Nolan Gorman,Grant Holmes,R,7,ATL,STL,home,5.43,STL,669357.0,430.0,400.0,15.6,541.0,-111.0,0,2025-07-11,400.0,20.0,-400.0,80.0,84.4,0,0.0
2603,C,R,Pedro Pages,Grant Holmes,R,8,ATL,STL,home,3.37,STL,686780.0,630.0,650.0,9.700000000000001,931.0,-281.0,0,2025-07-11,630.0,13.700000000000001,-630.0,86.3,90.3,0,0.0
2604,2B,S,Ketel Marte,Tyler Anderson,L,1,ARI,LAA,away,8.58,ARI,606466.0,240.0,215.0,24.7,305.0,-65.0,0,2025-07-11,215.0,31.7,-215.0,68.3,75.3,0,0.0
2605,LF,R,Lourdes Gurriel,Tyler Anderson,L,3,ARI,LAA,away,5.4,ARI,666971.0,470.0,370.0,15.5,545.0,-75.0,0,2025-07-11,370.0,21.3,-369.0,78.7,84.5,0,0.0
2606,DH,R,Eugenio Suarez,Tyler Anderson,L,4,ARI,LAA,away,8.08,ARI,553993.0,285.0,255.0,23.3,329.0,-44.0,0,2025-07-11,255.0,28.199999999999996,-255.0,71.80000000000001,76.7,0,0.0
2607,RF,R,Randal Grichuk,Tyler Anderson,L,5,ARI,LAA,away,7.57,ARI,545341.0,,265.0,21.8,359.0,,1,2025-07-11,,,,,78.2,0,0.0
2608,1B,L,Josh Naylor,Tyler Anderson,L,6,ARI,LAA,away,5.26,ARI,647304.0,470.0,360.0,15.1,562.0,-92.0,0,2025-07-11,360.0,21.7,-361.0,78.3,84.9,0,0.0
2609,SS,S,Geraldo Perdomo,Tyler Anderson,L,7,ARI,LAA,away,4.72,ARI,672695.0,870.0,850.0,13.600000000000001,635.0,235.0,0,2025-07-11,850.0,10.5,-852.0,89.5,86.4,0,0.0
2610,SS,R,Zach Neto,Ryne Nelson,R,1,ARI,LAA,home,6.43,LAA,687263.0,360.0,350.0,18.5,441.0,-81.0,1,2025-07-11,350.0,22.2,-350.0,77.8,81.5,0,0.0
2611,1B,L,Nolan Schanuel,Ryne Nelson,R,2,ARI,LAA,home,4.43,LAA,694384.0,800.0,750.0,12.8,681.0,119.0,0,2025-07-11,750.0,11.799999999999999,-747.0,88.2,87.2,0,0.0
2612,DH,R,Mike Trout,Ryne Nelson,R,3,ARI,LAA,home,6.78,LAA,545361.0,220.0,225.0,19.5,413.0,-188.0,0,2025-07-11,220.0,31.2,-221.0,68.8,80.5,0,0.0
2613,LF,R,Taylor Ward,Ryne Nelson,R,4,ARI,LAA,home,6.43,LAA,621493.0,400.0,370.0,18.5,441.0,-41.0,0,2025-07-11,370.0,21.3,-369.0,78.7,81.5,0,0.0
2614,CF,R,Jo Adell,Ryne Nelson,R,5,ARI,LAA,home,5.97,LAA,666176.0,320.0,300.0,17.2,481.0,-161.0,0,2025-07-11,300.0,25.0,-300.0,75.0,82.8,0,0.0
2615,C,R,Logan O'Hoppe,Ryne Nelson,R,7,ARI,LAA,home,4.75,LAA,681351.0,420.0,400.0,13.700000000000001,630.0,-210.0,0,2025-07-11,400.0,20.0,-400.0,80.0,86.3,0,0.0
2616,3B,S,Yoan Moncada,Ryne Nelson,R,8,ARI,LAA,home,4.53,LAA,660162.0,480.0,500.0,13.0,669.0,-169.0,1,2025-07-11,480.0,17.2,-481.0,82.8,87.0,0,0.0
2617,2B,S,Luis Rengifo,Ryne Nelson,R,9,ARI,LAA,home,3.26,LAA,650859.0,900.0,800.0,9.4,964.0,-64.0,0,2025-07-11,800.0,11.1,-801.0,88.9,90.6,0,0.0
2618,DH,L,Luis Arraez,Ranger Suarez,L,1,PHI,SD,home,2.06,SD,650333.0,1060.0,1200.0,5.8999999999999995,1595.0,-395.0,0,2025-07-11,1060.0,8.6,-1063.0,91.4,94.1,1,0.94
2619,3B,R,Manny Machado,Ranger Suarez,L,2,PHI,SD,home,6.8,SD,592518.0,370.0,340.0,19.6,410.0,-40.0,1,2025-07-11,340.0,22.7,-341.0,77.3,80.4,0,0.0
2620,CF,L,Jackson Merrill,Ranger Suarez,L,3,PHI,SD,home,4.27,SD,701538.0,800.0,750.0,12.3,713.0,87.0,0,2025-07-11,750.0,11.799999999999999,-747.0,88.2,87.7,0,0.0
2621,RF,R,Fernando Tatis,Ranger Suarez,L,4,PHI,SD,home,5.81,SD,665487.0,420.0,450.0,16.7,499.0,-49.0,0,2025-07-11,420.0,19.2,-421.0,80.8,83.3,0,0.0
2622,SS,R,Xander Bogaerts,Ranger Suarez,L,5,PHI,SD,home,4.08,SD,593428.0,800.0,1000.0,11.700000000000001,755.0,245.0,0,2025-07-11,800.0,11.1,-801.0,88.9,88.3,0,0.0
2623,LF,L,Gavin Sheets,Ranger Suarez,L,6,PHI,SD,home,3.94,SD,657757.0,700.0,800.0,11.3,785.0,15.0,0,2025-07-11,700.0,12.5,-700.0,87.5,88.7,0,0.0
2624,2B,R,Jose Iglesias,Ranger Suarez,L,7,PHI,SD,home,2.87,SD,578428.0,1200.0,1400.0,8.3,1105.0,295.0,0,2025-07-11,1200.0,7.7,-1199.0,92.3,91.7,0,0.0
2625,1B,L,Jake Cronenworth,Ranger Suarez,L,8,PHI,SD,home,3.44,SD,630105.0,900.0,950.0,9.9,910.0,40.0,0,2025-07-11,900.0,10.0,-900.0,90.0,90.1,0,0.0
2626,CF,L,Nathan Lukes,Luis Severino,R,1,TOR,ATH,away,4.16,TOR,664770.0,680.0,650.0,12.0,733.0,-53.0,0,2025-07-11,650.0,13.3,-652.0,86.7,88.0,0,0.0
2627,DH,R,George Springer,Luis Severino,R,2,TOR,ATH,away,6.36,TOR,543807.0,360.0,330.0,18.3,446.0,-86.0,0,2025-07-11,330.0,23.3,-329.0,76.7,81.7,0,0.0
2628,1B,R,Vladimir Guerrero,Luis Severino,R,3,TOR,ATH,away,6.35,TOR,665489.0,350.0,300.0,18.3,446.0,-96.0,0,2025-07-11,300.0,25.0,-300.0,75.0,81.7,0,0.0
2629,SS,R,Bo Bichette,Luis Severino,R,4,TOR,ATH,away,3.9,TOR,666182.0,460.0,310.0,11.200000000000001,793.0,-333.0,0,2025-07-11,310.0,24.4,-310.0,75.6,88.8,0,0.0
2630,RF,L,Addison Barger,Luis Severino,R,5,TOR,ATH,away,6.16,TOR,680718.0,350.0,235.0,17.7,465.0,-115.0,0,2025-07-11,235.0,29.9,-234.0,70.1,82.3,0,0.0
2631,C,R,Alejandro Kirk,Luis Severino,R,6,TOR,ATH,away,4.46,TOR,672386.0,560.0,390.0,12.8,681.0,-121.0,0,2025-07-11,390.0,20.4,-390.0,79.6,87.2,0,0.0
2632,3B,L,Will Wagner,Luis Severino,R,7,TOR,ATH,away,3.85,TOR,695238.0,800.0,500.0,11.1,801.0,-1.0,0,2025-07-11,500.0,16.7,-499.0,83.3,88.9,0,0.0
2633,2B,R,Ernie Clement,Luis Severino,R,8,TOR,ATH,away,2.73,TOR,676391.0,870.0,700.0,7.9,1166.0,-296.0,0,2025-07-11,700.0,12.5,-700.0,87.5,92.1,0,0.0
2634,RF,L,Lawrence Butler,Max Scherzer,R,1,TOR,ATH,home,6.44,ATH,671732.0,340.0,300.0,18.5,441.0,-101.0,0,2025-07-11,300.0,25.0,-300.0,75.0,81.5,0,0.0
2635,DH,R,Brent Rooker,Max Scherzer,R,3,TOR,ATH,home,7.15,ATH,667670.0,300.0,300.0,20.599999999999998,385.0,-85.0,0,2025-07-11,300.0,25.0,-300.0,75.0,79.4,0,0.0
2636,1B,L,Nick Kurtz,Max Scherzer,R,4,TOR,ATH,home,8.23,ATH,701762.0,285.0,255.0,23.7,322.0,-37.0,1,2025-07-11,255.0,28.199999999999996,-255.0,71.80000000000001,76.3,0,0.0
2637,C,R,Shea Langeliers,Max Scherzer,R,5,TOR,ATH,home,5.4,ATH,669127.0,300.0,230.0,15.5,545.0,-245.0,0,2025-07-11,230.0,30.3,-230.0,69.7,84.5,0,0.0
2638,3B,R,Miguel Andujar,Max Scherzer,R,6,TOR,ATH,home,3.47,ATH,609280.0,750.0,700.0,10.0,900.0,-150.0,0,2025-07-11,700.0,12.5,-700.0,87.5,90.0,0,0.0
2639,LF,L,Tyler Soderstrom,Max Scherzer,R,7,TOR,ATH,home,6.31,ATH,691016.0,400.0,310.0,18.2,449.0,-49.0,1,2025-07-11,310.0,24.4,-310.0,75.6,81.8,0,0.0
2640,2B,R,Zack Gelof,Max Scherzer,R,8,TOR,ATH,home,4.59,ATH,680869.0,560.0,600.0,13.200000000000001,658.0,-58.0,0,2025-07-11,560.0,15.2,-558.0,84.8,86.8,0,0.0
2641,CF,R,Denzel Clarke,Max Scherzer,R,9,TOR,ATH,home,4.29,ATH,672016.0,800.0,700.0,12.3,713.0,87.0,0,2025-07-11,700.0,12.5,-700.0,87.5,87.7,0,0.0
2642,DH,L,Shohei Ohtani,Logan Webb,R,1,LAD,SF,away,7.6,LAD,660271.0,390.0,330.0,21.9,357.0,33.0,1,2025-07-11,330.0,23.3,-329.0,76.7,78.1,0,0.0
2643,SS,R,Mookie Betts,Logan Webb,R,2,LAD,SF,away,1.41,LAD,605141.0,1060.0,700.0,4.1000000000000005,2339.0,-1279.0,0,2025-07-11,700.0,12.5,-700.0,87.5,95.9,0,0.0
2644,1B,L,Freddie Freeman,Logan Webb,R,3,LAD,SF,away,5.24,LAD,518692.0,800.0,800.0,15.1,562.0,238.0,0,2025-07-11,800.0,11.1,-801.0,88.9,84.9,0,0.0
2645,C,R,Will Smith,Logan Webb,R,4,LAD,SF,away,4.33,LAD,669257.0,1000.0,850.0,12.5,700.0,300.0,0,2025-07-11,850.0,10.5,-852.0,89.5,87.5,0,0.0
2646,RF,R,Teoscar Hernandez,Logan Webb,R,5,LAD,SF,away,4.07,LAD,606192.0,1060.0,800.0,11.700000000000001,755.0,305.0,0,2025-07-11,800.0,11.1,-801.0,88.9,88.3,0,0.0
2647,CF,R,Andy Pages,Logan Webb,R,6,LAD,SF,away,3.85,LAD,681624.0,1060.0,850.0,11.1,801.0,259.0,0,2025-07-11,850.0,10.5,-852.0,89.5,88.9,0,0.0
2648,LF,L,Michael Conforto,Logan Webb,R,7,LAD,SF,away,4.3,LAD,624424.0,1060.0,900.0,12.4,706.0,354.0,1,2025-07-11,900.0,10.0,-900.0,90.0,87.6,0,0.0
2649,3B,S,Tommy Edman,Logan Webb,R,8,LAD,SF,away,3.66,LAD,669242.0,1300.0,1100.0,10.5,852.0,448.0,0,2025-07-11,1100.0,8.3,-1105.0,91.7,89.5,0,0.0
2650,2B,L,Hyeseong Kim,Logan Webb,R,9,LAD,SF,away,2.86,LAD,808975.0,1700.0,1300.0,8.200000000000001,1120.0,580.0,0,2025-07-11,1300.0,7.1,-1308.0,92.9,91.8,0,0.0
2651,RF,L,Mike Yastrzemski,Dustin May,R,1,LAD,SF,home,5.22,SF,573262.0,800.0,500.0,15.0,567.0,233.0,0,2025-07-11,500.0,16.7,-499.0,83.3,85.0,0,0.0
2652,DH,L,Rafael Devers,Dustin May,R,2,LAD,SF,home,5.82,SF,646240.0,470.0,450.0,16.8,495.0,-25.0,0,2025-07-11,450.0,18.2,-449.0,81.8,83.2,0,0.0
2653,LF,R,Heliot Ramos,Dustin May,R,3,LAD,SF,home,4.48,SF,671218.0,700.0,500.0,12.9,675.0,25.0,0,2025-07-11,500.0,16.7,-499.0,83.3,87.1,0,0.0
2654,3B,R,Matt Chapman,Dustin May,R,4,LAD,SF,home,5.03,SF,656305.0,500.0,400.0,14.499999999999998,590.0,-90.0,0,2025-07-11,400.0,20.0,-400.0,80.0,85.5,0,0.0
2655,CF,L,Jung Hoo Lee,Dustin May,R,5,LAD,SF,home,3.9,SF,808982.0,1400.0,1000.0,11.200000000000001,793.0,607.0,0,2025-07-11,1000.0,9.1,-999.0,90.9,88.8,0,0.0
2656,SS,R,Willy Adames,Dustin May,R,6,LAD,SF,home,4.75,SF,642715.0,680.0,475.0,13.700000000000001,630.0,50.0,1,2025-07-11,475.0,17.4,-475.0,82.6,86.3,0,0.0
2657,C,S,Patrick Bailey,Dustin May,R,8,LAD,SF,home,3.53,SF,672275.0,1200.0,1100.0,10.2,880.0,320.0,0,2025-07-11,1100.0,8.3,-1105.0,91.7,89.8,0,0.0
2658,2B,R,Casey Schmitt,Dustin May,R,9,LAD,SF,home,3.75,SF,669477.0,1060.0,800.0,10.8,826.0,234.0,0,2025-07-11,800.0,11.1,-801.0,88.9,89.2,0,0.0
