stat,pre_split,prior_year,two_years,league_average,correlation,pre_split_bbe,prior_bbe,two_years_bbe,data_points
xwobacon,0.0,0.021,0.015,0.964,0.3,0,10,10,1602
la,0.0,0.173,0.163,0.665,1.49,0,10,10,1602
ev,0.0,0.082,0.057,0.862,0.05,0,10,10,1602
gb/fb,0.0,0.145,0.114,0.742,1.25,0,10,10,1602
x_move,0.0,0.804,0.12,0.076,0.91,0,10,10,1602
z_move,0.0,0.243,0.091,0.666,2.12,0,10,10,1602
extension,0.0,0.876,0.101,0.023,0.03,0,10,10,1602
velo,0.0,0.576,0.424,0.0,0.07,0,10,10,1602
spin_rate,0.0,0.532,0.033,0.434,0.2,0,10,10,1602
whiff,0.0,0.18,0.178,0.642,0.61,0,10,10,1602
hh,0.0,0.066,0.101,0.833,0.41,0,10,10,1602
ld,0.0,0.0,0.0,1.0,0.53,0,10,10,1602
barrel,0.0,0.027,0.014,0.96,1.18,0,10,10,1602
weak,0.0,0.165,0.103,0.732,0.52,0,10,10,1602
hr,0.0,0.054,0.013,0.933,1.21,0,10,10,1602
swing%,0.0,0.186,0.186,0.628,0.17,0,10,10,1602
chase%,0.0,0.179,0.154,0.666,0.48,0,10,10,1602
xwobacon,0.07,0.036,0.029,0.866,0.13,10,10,10,1365
la,0.527,0.1,0.086,0.287,0.84,10,10,10,1365
ev,0.273,0.057,0.046,0.624,0.03,10,10,10,1365
gb/fb,0.328,0.05,0.066,0.557,0.71,10,10,10,1365
x_move,0.929,0.015,0.015,0.04,0.18,10,10,10,1365
z_move,0.946,0.0,0.0,0.054,0.24,10,10,10,1365
extension,0.781,0.175,0.029,0.016,0.02,10,10,10,1365
velo,0.987,0.004,0.005,0.004,0.01,10,10,10,1365
spin_rate,1.0,0.0,0.0,0.0,0.03,10,10,10,1365
whiff,0.583,0.092,0.064,0.261,0.36,10,10,10,1365
hh,0.191,0.059,0.068,0.681,0.2,10,10,10,1365
ld,0.029,0.022,0.017,0.933,0.19,10,10,10,1365
barrel,0.095,0.033,0.04,0.832,0.48,10,10,10,1365
weak,0.401,0.111,0.071,0.417,0.31,10,10,10,1365
hr,0.036,0.05,0.035,0.88,0.48,10,10,10,1365
swing%,0.307,0.163,0.132,0.398,0.1,10,10,10,1365
chase%,0.513,0.115,0.041,0.331,0.29,10,10,10,1365
xwobacon,0.186,0.026,0.003,0.785,0.12,25,10,10,1062
la,0.755,0.068,0.039,0.139,0.71,25,10,10,1062
ev,0.453,0.055,0.037,0.455,0.03,25,10,10,1062
gb/fb,0.366,0.079,0.065,0.49,0.87,25,10,10,1062
x_move,0.949,0.0,0.009,0.042,0.14,25,10,10,1062
z_move,0.957,0.0,0.0,0.043,0.18,25,10,10,1062
extension,0.85,0.099,0.029,0.022,0.01,25,10,10,1062
velo,0.993,0.0,0.002,0.005,0.01,25,10,10,1062
spin_rate,1.0,0.0,0.0,0.0,0.02,25,10,10,1062
whiff,0.79,0.039,0.101,0.071,0.27,25,10,10,1062
hh,0.344,0.057,0.076,0.523,0.19,25,10,10,1062
ld,0.067,0.015,0.002,0.916,0.19,25,10,10,1062
barrel,0.195,0.028,0.003,0.774,0.47,25,10,10,1062
weak,0.67,0.062,0.042,0.225,0.26,25,10,10,1062
hr,0.106,0.035,0.013,0.847,0.48,25,10,10,1062
swing%,0.515,0.125,0.079,0.281,0.09,25,10,10,1062
chase%,0.694,0.077,0.056,0.173,0.24,25,10,10,1062
xwobacon,0.255,0.012,0.018,0.715,0.12,50,10,10,714
la,0.863,0.011,0.009,0.117,0.58,50,10,10,714
ev,0.587,0.041,0.025,0.347,0.02,50,10,10,714
gb/fb,0.473,0.006,0.026,0.494,0.77,50,10,10,714
x_move,0.951,0.0,0.014,0.035,0.12,50,10,10,714
z_move,0.953,0.005,0.0,0.042,0.14,50,10,10,714
extension,0.908,0.057,0.003,0.033,0.01,50,10,10,714
velo,1.0,0.0,0.0,0.0,0.01,50,10,10,714
spin_rate,0.996,0.0,0.0,0.004,0.02,50,10,10,714
whiff,0.868,0.021,0.048,0.063,0.23,50,10,10,714
hh,0.467,0.056,0.029,0.448,0.17,50,10,10,714
ld,0.099,0.016,0.002,0.883,0.2,50,10,10,714
barrel,0.325,0.0,0.022,0.653,0.44,50,10,10,714
weak,0.772,0.045,0.018,0.165,0.22,50,10,10,714
hr,0.211,0.02,0.033,0.735,0.48,50,10,10,714
swing%,0.673,0.065,0.032,0.23,0.08,50,10,10,714
chase%,0.793,0.04,0.039,0.128,0.21,50,10,10,714
xwobacon,0.31,0.001,0.013,0.676,0.12,75,10,10,451
la,0.859,0.0,0.025,0.116,0.56,75,10,10,451
ev,0.642,0.017,0.006,0.334,0.02,75,10,10,451
gb/fb,0.647,0.0,0.0,0.353,0.62,75,10,10,451
x_move,0.958,0.0,0.015,0.026,0.1,75,10,10,451
z_move,0.969,0.0,0.0,0.031,0.1,75,10,10,451
extension,0.933,0.035,0.0,0.032,0.01,75,10,10,451
velo,1.0,0.0,0.0,0.0,0.01,75,10,10,451
spin_rate,0.999,0.0,0.0,0.001,0.02,75,10,10,451
whiff,0.906,0.003,0.035,0.055,0.21,75,10,10,451
hh,0.502,0.035,0.044,0.419,0.17,75,10,10,451
ld,0.214,0.025,0.006,0.755,0.21,75,10,10,451
barrel,0.403,0.017,0.002,0.579,0.45,75,10,10,451
weak,0.839,0.0,0.052,0.11,0.22,75,10,10,451
hr,0.271,0.021,0.033,0.675,0.48,75,10,10,451
swing%,0.749,0.034,0.048,0.17,0.07,75,10,10,451
chase%,0.817,0.032,0.046,0.104,0.2,75,10,10,451
xwobacon,0.385,0.041,0.001,0.572,0.11,100,10,10,259
la,0.872,0.013,0.022,0.093,0.5,100,10,10,259
ev,0.703,0.058,0.0,0.239,0.02,100,10,10,259
gb/fb,0.849,0.0,0.08,0.07,0.75,100,10,10,259
x_move,0.936,0.0,0.029,0.035,0.11,100,10,10,259
z_move,0.941,0.035,0.0,0.024,0.14,100,10,10,259
extension,0.918,0.051,0.0,0.031,0.01,100,10,10,259
velo,1.0,0.0,0.0,0.0,0.01,100,10,10,259
spin_rate,0.99,0.0,0.0,0.01,0.02,100,10,10,259
whiff,0.87,0.037,0.006,0.087,0.2,100,10,10,259
hh,0.558,0.045,0.001,0.395,0.16,100,10,10,259
ld,0.357,0.009,0.0,0.634,0.2,100,10,10,259
barrel,0.403,0.019,0.0,0.578,0.45,100,10,10,259
weak,0.872,0.015,0.027,0.085,0.17,100,10,10,259
hr,0.284,0.025,0.05,0.641,0.5,100,10,10,259
swing%,0.776,0.068,0.013,0.144,0.07,100,10,10,259
chase%,0.83,0.009,0.018,0.142,0.18,100,10,10,259
xwobacon,0.0,0.017,0.041,0.943,0.3,0,25,10,1550
la,0.0,0.359,0.145,0.496,1.44,0,25,10,1550
ev,0.0,0.186,0.063,0.75,0.05,0,25,10,1550
gb/fb,0.0,0.243,0.116,0.642,1.34,0,25,10,1550
x_move,0.0,0.67,0.184,0.146,0.87,0,25,10,1550
z_move,0.0,0.31,0.069,0.621,2.15,0,25,10,1550
extension,0.0,0.893,0.086,0.021,0.03,0,25,10,1550
velo,0.0,0.548,0.452,0.0,0.07,0,25,10,1550
spin_rate,0.0,0.602,0.0,0.398,0.21,0,25,10,1550
whiff,0.0,0.408,0.124,0.468,0.61,0,25,10,1550
hh,0.0,0.134,0.068,0.798,0.4,0,25,10,1550
ld,0.0,0.089,0.0,0.911,0.52,0,25,10,1550
barrel,0.0,0.044,0.01,0.946,1.14,0,25,10,1550
weak,0.0,0.332,0.106,0.562,0.51,0,25,10,1550
hr,0.0,0.117,0.0,0.883,1.18,0,25,10,1550
swing%,0.0,0.412,0.139,0.449,0.17,0,25,10,1550
chase%,0.0,0.362,0.088,0.549,0.46,0,25,10,1550
xwobacon,0.073,0.093,0.031,0.803,0.13,10,25,10,1328
la,0.55,0.169,0.047,0.234,0.84,10,25,10,1328
ev,0.272,0.128,0.032,0.569,0.03,10,25,10,1328
gb/fb,0.362,0.15,0.059,0.429,0.8,10,25,10,1328
x_move,0.925,0.004,0.033,0.038,0.19,10,25,10,1328
z_move,0.954,0.0,0.0,0.046,0.24,10,25,10,1328
extension,0.779,0.176,0.028,0.018,0.02,10,25,10,1328
velo,0.989,0.004,0.004,0.003,0.01,10,25,10,1328
spin_rate,1.0,0.0,0.0,0.0,0.03,10,25,10,1328
whiff,0.584,0.205,0.065,0.146,0.37,10,25,10,1328
hh,0.187,0.131,0.032,0.65,0.2,10,25,10,1328
ld,0.029,0.043,0.023,0.905,0.19,10,25,10,1328
barrel,0.087,0.071,0.02,0.822,0.48,10,25,10,1328
weak,0.418,0.181,0.081,0.32,0.31,10,25,10,1328
hr,0.04,0.107,0.023,0.83,0.48,10,25,10,1328
swing%,0.282,0.29,0.113,0.315,0.1,10,25,10,1328
chase%,0.491,0.164,0.047,0.298,0.29,10,25,10,1328
xwobacon,0.186,0.053,0.016,0.745,0.12,25,25,10,1039
la,0.781,0.081,0.031,0.108,0.68,25,25,10,1039
ev,0.445,0.093,0.058,0.403,0.03,25,25,10,1039
gb/fb,0.381,0.173,0.02,0.426,0.86,25,25,10,1039
x_move,0.952,0.0,0.011,0.037,0.13,25,25,10,1039
z_move,0.95,0.0,0.0,0.05,0.18,25,25,10,1039
extension,0.841,0.119,0.018,0.021,0.01,25,25,10,1039
velo,0.991,0.0,0.001,0.008,0.01,25,25,10,1039
spin_rate,1.0,0.0,0.0,0.0,0.02,25,25,10,1039
whiff,0.815,0.09,0.053,0.041,0.28,25,25,10,1039
hh,0.348,0.134,0.067,0.451,0.19,25,25,10,1039
ld,0.074,0.034,0.01,0.883,0.19,25,25,10,1039
barrel,0.202,0.075,0.029,0.694,0.48,25,25,10,1039
weak,0.656,0.117,0.051,0.176,0.26,25,25,10,1039
hr,0.103,0.079,0.024,0.794,0.48,25,25,10,1039
swing%,0.506,0.198,0.055,0.24,0.09,25,25,10,1039
chase%,0.71,0.106,0.057,0.127,0.24,25,25,10,1039
xwobacon,0.257,0.07,0.004,0.669,0.12,50,25,10,706
la,0.87,0.08,0.0,0.049,0.59,50,25,10,706
ev,0.564,0.131,0.007,0.297,0.02,50,25,10,706
gb/fb,0.48,0.152,0.0,0.368,0.8,50,25,10,706
x_move,0.959,0.006,0.0,0.035,0.12,50,25,10,706
z_move,0.953,0.0,0.0,0.047,0.13,50,25,10,706
extension,0.899,0.068,0.0,0.033,0.01,50,25,10,706
velo,0.998,0.0,0.0,0.002,0.01,50,25,10,706
spin_rate,0.999,0.0,0.0,0.001,0.02,50,25,10,706
whiff,0.889,0.059,0.038,0.014,0.23,50,25,10,706
hh,0.44,0.141,0.0,0.419,0.17,50,25,10,706
ld,0.113,0.029,0.011,0.846,0.21,50,25,10,706
barrel,0.317,0.092,0.029,0.562,0.43,50,25,10,706
weak,0.782,0.068,0.017,0.133,0.22,50,25,10,706
hr,0.197,0.096,0.032,0.674,0.47,50,25,10,706
swing%,0.645,0.148,0.031,0.175,0.08,50,25,10,706
chase%,0.782,0.081,0.067,0.07,0.2,50,25,10,706
xwobacon,0.284,0.045,0.0,0.67,0.12,75,25,10,445
la,0.866,0.063,0.016,0.055,0.56,75,25,10,445
ev,0.604,0.117,0.008,0.27,0.02,75,25,10,445
gb/fb,0.743,0.082,0.0,0.175,0.77,75,25,10,445
x_move,0.951,0.011,0.0,0.037,0.11,75,25,10,445
z_move,0.962,0.0,0.0,0.038,0.12,75,25,10,445
extension,0.943,0.025,0.0,0.032,0.01,75,25,10,445
velo,1.0,0.0,0.0,0.0,0.01,75,25,10,445
spin_rate,1.0,0.0,0.0,0.0,0.02,75,25,10,445
whiff,0.869,0.026,0.05,0.056,0.21,75,25,10,445
hh,0.478,0.147,0.0,0.375,0.17,75,25,10,445
ld,0.213,0.01,0.023,0.754,0.21,75,25,10,445
barrel,0.381,0.027,0.011,0.582,0.45,75,25,10,445
weak,0.839,0.1,0.001,0.06,0.22,75,25,10,445
hr,0.258,0.063,0.016,0.663,0.48,75,25,10,445
swing%,0.743,0.062,0.045,0.15,0.07,75,25,10,445
chase%,0.823,0.011,0.054,0.112,0.2,75,25,10,445
xwobacon,0.38,0.011,0.06,0.549,0.11,100,25,10,255
la,0.864,0.029,0.001,0.106,0.52,100,25,10,255
ev,0.672,0.137,0.04,0.151,0.02,100,25,10,255
gb/fb,0.786,0.109,0.0,0.105,0.73,100,25,10,255
x_move,0.954,0.0,0.014,0.032,0.1,100,25,10,255
z_move,0.962,0.022,0.0,0.016,0.13,100,25,10,255
extension,0.916,0.054,0.0,0.029,0.01,100,25,10,255
velo,1.0,0.0,0.0,0.0,0.01,100,25,10,255
spin_rate,0.989,0.0,0.0,0.011,0.02,100,25,10,255
whiff,0.905,0.011,0.0,0.084,0.2,100,25,10,255
hh,0.537,0.121,0.071,0.27,0.16,100,25,10,255
ld,0.352,0.013,0.049,0.586,0.2,100,25,10,255
barrel,0.403,0.012,0.034,0.551,0.44,100,25,10,255
weak,0.922,0.029,0.0,0.049,0.18,100,25,10,255
hr,0.277,0.099,0.028,0.596,0.5,100,25,10,255
swing%,0.786,0.086,0.0,0.128,0.07,100,25,10,255
chase%,0.82,0.0,0.068,0.112,0.18,100,25,10,255
xwobacon,0.0,0.135,0.04,0.825,0.3,0,50,10,1394
la,0.0,0.507,0.086,0.407,1.44,0,50,10,1394
ev,0.0,0.311,0.04,0.65,0.05,0,50,10,1394
gb/fb,0.0,0.248,0.107,0.645,1.38,0,50,10,1394
x_move,0.0,0.628,0.255,0.117,0.88,0,50,10,1394
z_move,0.0,0.27,0.14,0.59,2.06,0,50,10,1394
extension,0.0,0.96,0.026,0.014,0.03,0,50,10,1394
velo,0.0,0.489,0.401,0.11,0.07,0,50,10,1394
spin_rate,0.0,0.681,0.0,0.319,0.21,0,50,10,1394
whiff,0.0,0.56,0.186,0.253,0.62,0,50,10,1394
hh,0.0,0.303,0.096,0.601,0.41,0,50,10,1394
ld,0.0,0.155,0.0,0.845,0.51,0,50,10,1394
barrel,0.0,0.194,0.0,0.806,1.13,0,50,10,1394
weak,0.0,0.526,0.077,0.397,0.51,0,50,10,1394
hr,0.0,0.204,0.006,0.79,1.13,0,50,10,1394
swing%,0.0,0.524,0.117,0.358,0.16,0,50,10,1394
chase%,0.0,0.439,0.109,0.452,0.46,0,50,10,1394
xwobacon,0.076,0.17,0.004,0.75,0.13,10,50,10,1209
la,0.504,0.234,0.04,0.221,0.85,10,50,10,1209
ev,0.262,0.247,0.011,0.479,0.03,10,50,10,1209
gb/fb,0.325,0.396,0.0,0.279,0.76,10,50,10,1209
x_move,0.929,0.0,0.026,0.046,0.18,10,50,10,1209
z_move,0.941,0.0,0.0,0.059,0.24,10,50,10,1209
extension,0.768,0.216,0.002,0.015,0.02,10,50,10,1209
velo,0.988,0.004,0.004,0.004,0.01,10,50,10,1209
spin_rate,0.991,0.0,0.0,0.009,0.03,10,50,10,1209
whiff,0.568,0.32,0.039,0.073,0.36,10,50,10,1209
hh,0.181,0.264,0.021,0.534,0.2,10,50,10,1209
ld,0.033,0.115,0.008,0.843,0.19,10,50,10,1209
barrel,0.079,0.146,0.013,0.761,0.47,10,50,10,1209
weak,0.407,0.3,0.037,0.257,0.3,10,50,10,1209
hr,0.03,0.169,0.008,0.792,0.47,10,50,10,1209
swing%,0.238,0.385,0.096,0.281,0.1,10,50,10,1209
chase%,0.493,0.204,0.05,0.253,0.28,10,50,10,1209
xwobacon,0.178,0.078,0.027,0.717,0.12,25,50,10,963
la,0.763,0.107,0.028,0.102,0.69,25,50,10,963
ev,0.434,0.138,0.036,0.392,0.03,25,50,10,963
gb/fb,0.342,0.279,0.0,0.379,0.91,25,50,10,963
x_move,0.949,0.0,0.026,0.025,0.16,25,50,10,963
z_move,0.942,0.0,0.0,0.058,0.19,25,50,10,963
extension,0.845,0.117,0.02,0.018,0.01,25,50,10,963
velo,0.995,0.0,0.001,0.004,0.01,25,50,10,963
spin_rate,1.0,0.0,0.0,0.0,0.03,25,50,10,963
whiff,0.803,0.108,0.073,0.015,0.28,25,50,10,963
hh,0.316,0.18,0.056,0.447,0.18,25,50,10,963
ld,0.079,0.081,0.013,0.827,0.19,25,50,10,963
barrel,0.176,0.108,0.031,0.685,0.47,25,50,10,963
weak,0.651,0.177,0.038,0.134,0.26,25,50,10,963
hr,0.098,0.152,0.025,0.725,0.47,25,50,10,963
swing%,0.469,0.29,0.053,0.189,0.09,25,50,10,963
chase%,0.691,0.124,0.063,0.123,0.23,25,50,10,963
xwobacon,0.291,0.081,0.018,0.61,0.12,50,50,10,658
la,0.882,0.062,0.03,0.026,0.57,50,50,10,658
ev,0.568,0.165,0.0,0.267,0.02,50,50,10,658
gb/fb,0.433,0.301,0.0,0.266,0.75,50,50,10,658
x_move,0.955,0.0,0.017,0.028,0.12,50,50,10,658
z_move,0.949,0.002,0.0,0.049,0.16,50,50,10,658
extension,0.888,0.082,0.0,0.03,0.01,50,50,10,658
velo,0.997,0.0,0.0,0.003,0.01,50,50,10,658
spin_rate,0.995,0.0,0.0,0.005,0.02,50,50,10,658
whiff,0.878,0.06,0.042,0.02,0.24,50,50,10,658
hh,0.424,0.178,0.017,0.381,0.17,50,50,10,658
ld,0.134,0.084,0.0,0.781,0.21,50,50,10,658
barrel,0.34,0.094,0.028,0.538,0.45,50,50,10,658
weak,0.777,0.112,0.013,0.098,0.23,50,50,10,658
hr,0.18,0.123,0.031,0.666,0.48,50,50,10,658
swing%,0.591,0.196,0.064,0.149,0.08,50,50,10,658
chase%,0.772,0.059,0.058,0.111,0.21,50,50,10,658
xwobacon,0.289,0.042,0.0,0.669,0.12,75,50,10,419
la,0.899,0.041,0.0,0.061,0.58,75,50,10,419
ev,0.637,0.12,0.009,0.234,0.02,75,50,10,419
gb/fb,0.525,0.144,0.0,0.331,0.72,75,50,10,419
x_move,0.956,0.0,0.007,0.037,0.12,75,50,10,419
z_move,0.956,0.009,0.0,0.035,0.11,75,50,10,419
extension,0.92,0.049,0.0,0.031,0.01,75,50,10,419
velo,1.0,0.0,0.0,0.0,0.01,75,50,10,419
spin_rate,1.0,0.0,0.0,0.0,0.02,75,50,10,419
whiff,0.877,0.009,0.065,0.048,0.22,75,50,10,419
hh,0.472,0.19,0.034,0.304,0.17,75,50,10,419
ld,0.177,0.087,0.0,0.736,0.21,75,50,10,419
barrel,0.389,0.04,0.011,0.56,0.46,75,50,10,419
weak,0.836,0.104,0.014,0.046,0.22,75,50,10,419
hr,0.263,0.087,0.036,0.614,0.48,75,50,10,419
swing%,0.747,0.066,0.076,0.111,0.07,75,50,10,419
chase%,0.809,0.056,0.0,0.135,0.2,75,50,10,419
xwobacon,0.398,0.094,0.005,0.504,0.11,100,50,10,245
la,0.869,0.028,0.0,0.103,0.51,100,50,10,245
ev,0.678,0.086,0.005,0.23,0.02,100,50,10,245
gb/fb,0.807,0.05,0.0,0.143,0.44,100,50,10,245
x_move,0.937,0.0,0.022,0.041,0.11,100,50,10,245
z_move,0.968,0.023,0.0,0.009,0.12,100,50,10,245
extension,0.925,0.045,0.0,0.031,0.01,100,50,10,245
velo,0.999,0.0,0.0,0.0,0.01,100,50,10,245
spin_rate,0.994,0.0,0.0,0.006,0.02,100,50,10,245
whiff,0.882,0.029,0.0,0.09,0.2,100,50,10,245
hh,0.531,0.174,0.011,0.284,0.16,100,50,10,245
ld,0.33,0.058,0.036,0.576,0.2,100,50,10,245
barrel,0.398,0.058,0.03,0.514,0.45,100,50,10,245
weak,0.918,0.036,0.011,0.035,0.18,100,50,10,245
hr,0.263,0.121,0.0,0.616,0.51,100,50,10,245
swing%,0.748,0.099,0.028,0.125,0.07,100,50,10,245
chase%,0.822,0.063,0.049,0.066,0.18,100,50,10,245
xwobacon,0.0,0.153,0.0,0.847,0.29,0,75,10,1193
la,0.0,0.551,0.09,0.359,1.38,0,75,10,1193
ev,0.0,0.471,0.019,0.51,0.05,0,75,10,1193
gb/fb,0.0,0.56,0.003,0.437,1.39,0,75,10,1193
x_move,0.0,0.747,0.2,0.053,0.91,0,75,10,1193
z_move,0.0,0.274,0.068,0.657,2.26,0,75,10,1193
extension,0.0,0.982,0.001,0.016,0.03,0,75,10,1193
velo,0.0,0.545,0.444,0.011,0.07,0,75,10,1193
spin_rate,0.0,0.481,0.0,0.519,0.2,0,75,10,1193
whiff,0.0,0.653,0.074,0.273,0.63,0,75,10,1193
hh,0.0,0.402,0.034,0.563,0.39,0,75,10,1193
ld,0.0,0.154,0.0,0.846,0.49,0,75,10,1193
barrel,0.0,0.231,0.0,0.769,1.18,0,75,10,1193
weak,0.0,0.535,0.07,0.395,0.5,0,75,10,1193
hr,0.0,0.262,0.004,0.734,1.14,0,75,10,1193
swing%,0.0,0.647,0.091,0.263,0.15,0,75,10,1193
chase%,0.0,0.611,0.008,0.381,0.46,0,75,10,1193
xwobacon,0.072,0.192,0.024,0.713,0.12,10,75,10,1049
la,0.537,0.275,0.072,0.117,0.84,10,75,10,1049
ev,0.261,0.338,0.044,0.356,0.03,10,75,10,1049
gb/fb,0.332,0.333,0.046,0.289,0.8,10,75,10,1049
x_move,0.932,0.011,0.024,0.033,0.17,10,75,10,1049
z_move,0.942,0.0,0.0,0.058,0.24,10,75,10,1049
extension,0.775,0.211,0.005,0.009,0.02,10,75,10,1049
velo,0.992,0.003,0.003,0.003,0.01,10,75,10,1049
spin_rate,1.0,0.0,0.0,0.0,0.03,10,75,10,1049
whiff,0.573,0.323,0.038,0.066,0.36,10,75,10,1049
hh,0.182,0.267,0.055,0.496,0.19,10,75,10,1049
ld,0.03,0.112,0.019,0.84,0.19,10,75,10,1049
barrel,0.082,0.194,0.036,0.688,0.47,10,75,10,1049
weak,0.391,0.41,0.086,0.113,0.3,10,75,10,1049
hr,0.032,0.218,0.03,0.72,0.47,10,75,10,1049
swing%,0.23,0.474,0.036,0.26,0.09,10,75,10,1049
chase%,0.481,0.242,0.025,0.252,0.28,10,75,10,1049
xwobacon,0.17,0.139,0.013,0.678,0.12,25,75,10,853
la,0.743,0.138,0.028,0.09,0.68,25,75,10,853
ev,0.429,0.213,0.006,0.352,0.03,25,75,10,853
gb/fb,0.411,0.195,0.0,0.394,0.93,25,75,10,853
x_move,0.938,0.0,0.023,0.039,0.15,25,75,10,853
z_move,0.943,0.0,0.002,0.056,0.17,25,75,10,853
extension,0.841,0.14,0.002,0.017,0.01,25,75,10,853
velo,0.989,0.0,0.003,0.007,0.01,25,75,10,853
spin_rate,1.0,0.0,0.0,0.0,0.02,25,75,10,853
whiff,0.807,0.142,0.033,0.017,0.29,25,75,10,853
hh,0.316,0.278,0.012,0.394,0.18,25,75,10,853
ld,0.071,0.108,0.013,0.808,0.19,25,75,10,853
barrel,0.174,0.161,0.0,0.665,0.46,25,75,10,853
weak,0.633,0.219,0.034,0.114,0.26,25,75,10,853
hr,0.1,0.171,0.023,0.706,0.47,25,75,10,853
swing%,0.435,0.325,0.061,0.179,0.08,25,75,10,853
chase%,0.666,0.162,0.018,0.154,0.23,25,75,10,853
xwobacon,0.278,0.141,0.003,0.579,0.12,50,75,10,599
la,0.882,0.04,0.025,0.053,0.56,50,75,10,599
ev,0.544,0.203,0.0,0.253,0.02,50,75,10,599
gb/fb,0.466,0.127,0.0,0.407,0.71,50,75,10,599
x_move,0.953,0.0,0.013,0.034,0.11,50,75,10,599
z_move,0.942,0.004,0.0,0.054,0.16,50,75,10,599
extension,0.875,0.099,0.0,0.027,0.01,50,75,10,599
velo,0.994,0.0,0.0,0.006,0.01,50,75,10,599
spin_rate,1.0,0.0,0.0,0.0,0.02,50,75,10,599
whiff,0.864,0.094,0.006,0.036,0.23,50,75,10,599
hh,0.412,0.235,0.012,0.341,0.16,50,75,10,599
ld,0.115,0.103,0.027,0.755,0.21,50,75,10,599
barrel,0.327,0.083,0.017,0.573,0.44,50,75,10,599
weak,0.786,0.141,0.0,0.073,0.22,50,75,10,599
hr,0.177,0.233,0.031,0.559,0.47,50,75,10,599
swing%,0.565,0.266,0.035,0.134,0.08,50,75,10,599
chase%,0.762,0.161,0.019,0.058,0.2,50,75,10,599
xwobacon,0.302,0.127,0.0,0.571,0.12,75,75,10,390
la,0.905,0.015,0.042,0.038,0.56,75,75,10,390
ev,0.596,0.167,0.0,0.237,0.02,75,75,10,390
gb/fb,0.528,0.472,0.0,0.0,0.67,75,75,10,390
x_move,0.953,0.0,0.019,0.028,0.12,75,75,10,390
z_move,0.972,0.0,0.0,0.028,0.14,75,75,10,390
extension,0.937,0.035,0.0,0.028,0.01,75,75,10,390
velo,0.997,0.0,0.001,0.002,0.01,75,75,10,390
spin_rate,1.0,0.0,0.0,0.0,0.02,75,75,10,390
whiff,0.879,0.056,0.007,0.058,0.21,75,75,10,390
hh,0.438,0.241,0.034,0.288,0.16,75,75,10,390
ld,0.182,0.097,0.0,0.72,0.2,75,75,10,390
barrel,0.398,0.057,0.0,0.545,0.45,75,75,10,390
weak,0.799,0.127,0.0,0.074,0.21,75,75,10,390
hr,0.237,0.202,0.02,0.541,0.47,75,75,10,390
swing%,0.71,0.134,0.039,0.118,0.07,75,75,10,390
chase%,0.808,0.075,0.042,0.075,0.2,75,75,10,390
xwobacon,0.367,0.018,0.0,0.615,0.11,100,75,10,235
la,0.868,0.015,0.006,0.111,0.52,100,75,10,235
ev,0.683,0.106,0.0,0.211,0.02,100,75,10,235
gb/fb,0.826,0.0,0.027,0.147,0.46,100,75,10,235
x_move,0.917,0.0,0.035,0.047,0.1,100,75,10,235
z_move,0.971,0.021,0.0,0.008,0.14,100,75,10,235
extension,0.93,0.044,0.0,0.025,0.01,100,75,10,235
velo,1.0,0.0,0.0,0.0,0.01,100,75,10,235
spin_rate,1.0,0.0,0.0,0.0,0.02,100,75,10,235
whiff,0.868,0.0,0.05,0.082,0.2,100,75,10,235
hh,0.543,0.187,0.0,0.27,0.16,100,75,10,235
ld,0.355,0.059,0.0,0.586,0.2,100,75,10,235
barrel,0.382,0.11,0.001,0.506,0.46,100,75,10,235
weak,0.906,0.0,0.05,0.044,0.18,100,75,10,235
hr,0.247,0.206,0.01,0.536,0.5,100,75,10,235
swing%,0.695,0.203,0.0,0.102,0.07,100,75,10,235
chase%,0.783,0.068,0.047,0.103,0.18,100,75,10,235
xwobacon,0.0,0.258,0.0,0.742,0.28,0,100,10,969
la,0.0,0.605,0.039,0.356,1.35,0,100,10,969
ev,0.0,0.457,0.069,0.474,0.05,0,100,10,969
gb/fb,0.0,0.613,0.079,0.307,1.24,0,100,10,969
x_move,0.0,0.721,0.134,0.145,0.9,0,100,10,969
z_move,0.0,0.221,0.111,0.668,2.16,0,100,10,969
extension,0.0,0.974,0.0,0.026,0.03,0,100,10,969
velo,0.0,0.513,0.411,0.076,0.07,0,100,10,969
spin_rate,0.0,0.51,0.0,0.49,0.18,0,100,10,969
whiff,0.0,0.65,0.118,0.232,0.57,0,100,10,969
hh,0.0,0.39,0.117,0.493,0.37,0,100,10,969
ld,0.0,0.28,0.0,0.72,0.44,0,100,10,969
barrel,0.0,0.275,0.001,0.725,0.99,0,100,10,969
weak,0.0,0.699,0.001,0.3,0.49,0,100,10,969
hr,0.0,0.303,0.0,0.697,1.09,0,100,10,969
swing%,0.0,0.655,0.111,0.234,0.14,0,100,10,969
chase%,0.0,0.478,0.099,0.423,0.44,0,100,10,969
xwobacon,0.083,0.186,0.005,0.726,0.13,10,100,10,872
la,0.561,0.267,0.036,0.137,0.85,10,100,10,872
ev,0.27,0.347,0.027,0.356,0.03,10,100,10,872
gb/fb,0.332,0.439,0.0,0.228,0.72,10,100,10,872
x_move,0.942,0.002,0.034,0.022,0.19,10,100,10,872
z_move,0.948,0.0,0.0,0.052,0.25,10,100,10,872
extension,0.769,0.215,0.001,0.014,0.02,10,100,10,872
velo,0.99,0.003,0.004,0.003,0.01,10,100,10,872
spin_rate,0.993,0.0,0.0,0.007,0.03,10,100,10,872
whiff,0.554,0.326,0.031,0.089,0.37,10,100,10,872
hh,0.179,0.349,0.032,0.44,0.19,10,100,10,872
ld,0.029,0.142,0.017,0.811,0.19,10,100,10,872
barrel,0.095,0.212,0.018,0.675,0.47,10,100,10,872
weak,0.4,0.353,0.06,0.187,0.3,10,100,10,872
hr,0.029,0.262,0.024,0.685,0.47,10,100,10,872
swing%,0.239,0.491,0.074,0.196,0.09,10,100,10,872
chase%,0.477,0.277,0.006,0.241,0.27,10,100,10,872
xwobacon,0.174,0.166,0.034,0.626,0.12,25,100,10,735
la,0.719,0.139,0.008,0.134,0.69,25,100,10,735
ev,0.437,0.263,0.021,0.279,0.02,25,100,10,735
gb/fb,0.331,0.028,0.02,0.622,0.85,25,100,10,735
x_move,0.942,0.0,0.03,0.029,0.15,25,100,10,735
z_move,0.949,0.0,0.0,0.051,0.18,25,100,10,735
extension,0.822,0.157,0.0,0.021,0.01,25,100,10,735
velo,0.995,0.0,0.001,0.004,0.01,25,100,10,735
spin_rate,1.0,0.0,0.0,0.0,0.02,25,100,10,735
whiff,0.772,0.202,0.026,0.0,0.28,25,100,10,735
hh,0.318,0.306,0.049,0.326,0.17,25,100,10,735
ld,0.072,0.128,0.011,0.789,0.19,25,100,10,735
barrel,0.175,0.195,0.014,0.616,0.45,25,100,10,735
weak,0.61,0.24,0.0,0.151,0.25,25,100,10,735
hr,0.084,0.277,0.017,0.621,0.46,25,100,10,735
swing%,0.416,0.391,0.046,0.146,0.08,25,100,10,735
chase%,0.674,0.218,0.007,0.101,0.24,25,100,10,735
xwobacon,0.264,0.17,0.011,0.555,0.12,50,100,10,523
la,0.879,0.083,0.0,0.038,0.56,50,100,10,523
ev,0.546,0.197,0.019,0.238,0.02,50,100,10,523
gb/fb,0.355,0.394,0.0,0.251,0.67,50,100,10,523
x_move,0.95,0.0,0.007,0.043,0.11,50,100,10,523
z_move,0.963,0.0,0.0,0.037,0.15,50,100,10,523
extension,0.874,0.095,0.0,0.031,0.01,50,100,10,523
velo,0.993,0.0,0.001,0.006,0.01,50,100,10,523
spin_rate,1.0,0.0,0.0,0.0,0.02,50,100,10,523
whiff,0.848,0.119,0.003,0.03,0.23,50,100,10,523
hh,0.422,0.283,0.0,0.295,0.16,50,100,10,523
ld,0.108,0.085,0.002,0.805,0.2,50,100,10,523
barrel,0.305,0.2,0.029,0.466,0.43,50,100,10,523
weak,0.776,0.115,0.0,0.109,0.22,50,100,10,523
hr,0.155,0.264,0.037,0.543,0.46,50,100,10,523
swing%,0.555,0.286,0.041,0.118,0.07,50,100,10,523
chase%,0.737,0.169,0.0,0.094,0.21,50,100,10,523
xwobacon,0.305,0.107,0.0,0.588,0.12,75,100,10,346
la,0.914,0.057,0.0,0.029,0.58,75,100,10,346
ev,0.562,0.181,0.024,0.234,0.02,75,100,10,346
gb/fb,0.677,0.01,0.099,0.213,0.62,75,100,10,346
x_move,0.93,0.0,0.028,0.042,0.12,75,100,10,346
z_move,0.945,0.0,0.0,0.055,0.16,75,100,10,346
extension,0.946,0.02,0.0,0.035,0.01,75,100,10,346
velo,1.0,0.0,0.0,0.0,0.01,75,100,10,346
spin_rate,1.0,0.0,0.0,0.0,0.02,75,100,10,346
whiff,0.913,0.035,0.046,0.005,0.21,75,100,10,346
hh,0.416,0.315,0.028,0.241,0.15,75,100,10,346
ld,0.176,0.082,0.0,0.742,0.2,75,100,10,346
barrel,0.396,0.056,0.008,0.541,0.45,75,100,10,346
weak,0.779,0.132,0.03,0.059,0.2,75,100,10,346
hr,0.214,0.195,0.023,0.568,0.48,75,100,10,346
swing%,0.748,0.099,0.06,0.093,0.07,75,100,10,346
chase%,0.79,0.126,0.0,0.084,0.21,75,100,10,346
xwobacon,0.395,0.107,0.039,0.459,0.11,100,100,10,215
la,0.867,0.003,0.001,0.129,0.51,100,100,10,215
ev,0.661,0.15,0.012,0.178,0.02,100,100,10,215
gb/fb,0.843,0.151,0.0,0.006,0.8,100,100,10,215
x_move,0.934,0.0,0.03,0.035,0.11,100,100,10,215
z_move,0.946,0.021,0.007,0.026,0.14,100,100,10,215
extension,0.944,0.023,0.0,0.033,0.01,100,100,10,215
velo,1.0,0.0,0.0,0.0,0.01,100,100,10,215
spin_rate,0.996,0.0,0.0,0.004,0.02,100,100,10,215
whiff,0.85,0.06,0.03,0.061,0.2,100,100,10,215
hh,0.502,0.246,0.053,0.2,0.15,100,100,10,215
ld,0.306,0.099,0.021,0.574,0.19,100,100,10,215
barrel,0.372,0.092,0.054,0.483,0.45,100,100,10,215
weak,0.855,0.051,0.0,0.094,0.18,100,100,10,215
hr,0.222,0.2,0.034,0.543,0.51,100,100,10,215
swing%,0.718,0.122,0.087,0.073,0.07,100,100,10,215
chase%,0.786,0.083,0.053,0.078,0.18,100,100,10,215
xwobacon,0.0,0.026,0.051,0.923,0.31,0,10,25,1485
la,0.0,0.182,0.26,0.558,1.48,0,10,25,1485
ev,0.0,0.04,0.154,0.806,0.05,0,10,25,1485
gb/fb,0.0,0.086,0.261,0.653,1.27,0,10,25,1485
x_move,0.0,0.723,0.073,0.204,0.91,0,10,25,1485
z_move,0.0,0.278,0.098,0.624,2.1,0,10,25,1485
extension,0.0,0.854,0.119,0.027,0.03,0,10,25,1485
velo,0.0,0.515,0.485,0.0,0.07,0,10,25,1485
spin_rate,0.0,0.566,0.0,0.434,0.2,0,10,25,1485
whiff,0.0,0.181,0.288,0.531,0.64,0,10,25,1485
hh,0.0,0.079,0.148,0.773,0.42,0,10,25,1485
ld,0.0,0.0,0.049,0.951,0.54,0,10,25,1485
barrel,0.0,0.052,0.0,0.948,1.14,0,10,25,1485
weak,0.0,0.162,0.269,0.569,0.51,0,10,25,1485
hr,0.0,0.046,0.108,0.846,1.19,0,10,25,1485
swing%,0.0,0.177,0.347,0.477,0.17,0,10,25,1485
chase%,0.0,0.182,0.271,0.547,0.46,0,10,25,1485
xwobacon,0.067,0.028,0.068,0.837,0.12,10,10,25,1277
la,0.514,0.063,0.17,0.252,0.87,10,10,25,1277
ev,0.262,0.041,0.102,0.595,0.03,10,10,25,1277
gb/fb,0.325,0.061,0.186,0.428,0.79,10,10,25,1277
x_move,0.943,0.016,0.0,0.04,0.16,10,10,25,1277
z_move,0.951,0.0,0.0,0.049,0.23,10,10,25,1277
extension,0.772,0.181,0.03,0.017,0.02,10,10,25,1277
velo,0.987,0.004,0.005,0.004,0.01,10,10,25,1277
spin_rate,0.99,0.0,0.0,0.01,0.03,10,10,25,1277
whiff,0.577,0.077,0.146,0.201,0.36,10,10,25,1277
hh,0.173,0.061,0.131,0.636,0.2,10,10,25,1277
ld,0.032,0.012,0.044,0.912,0.19,10,10,25,1277
barrel,0.076,0.043,0.058,0.823,0.47,10,10,25,1277
weak,0.41,0.083,0.17,0.337,0.3,10,10,25,1277
hr,0.032,0.033,0.074,0.86,0.48,10,10,25,1277
swing%,0.298,0.121,0.223,0.359,0.1,10,10,25,1277
chase%,0.489,0.054,0.097,0.359,0.29,10,10,25,1277
xwobacon,0.179,0.025,0.076,0.719,0.12,25,10,25,1000
la,0.753,0.058,0.047,0.142,0.7,25,10,25,1000
ev,0.438,0.055,0.098,0.408,0.03,25,10,25,1000
gb/fb,0.341,0.041,0.12,0.498,0.83,25,10,25,1000
x_move,0.938,0.009,0.023,0.03,0.13,25,10,25,1000
z_move,0.95,0.0,0.0,0.05,0.18,25,10,25,1000
extension,0.86,0.087,0.034,0.02,0.01,25,10,25,1000
velo,0.996,0.0,0.0,0.004,0.01,25,10,25,1000
spin_rate,0.996,0.0,0.004,0.0,0.03,25,10,25,1000
whiff,0.796,0.044,0.109,0.051,0.28,25,10,25,1000
hh,0.326,0.062,0.111,0.5,0.18,25,10,25,1000
ld,0.073,0.019,0.048,0.86,0.19,25,10,25,1000
barrel,0.193,0.0,0.083,0.724,0.47,25,10,25,1000
weak,0.657,0.054,0.1,0.19,0.26,25,10,25,1000
hr,0.098,0.019,0.089,0.794,0.47,25,10,25,1000
swing%,0.504,0.102,0.174,0.22,0.09,25,10,25,1000
chase%,0.708,0.056,0.1,0.136,0.24,25,10,25,1000
xwobacon,0.265,0.015,0.048,0.672,0.12,50,10,25,684
la,0.875,0.027,0.086,0.012,0.59,50,10,25,684
ev,0.57,0.035,0.095,0.3,0.02,50,10,25,684
gb/fb,0.438,0.042,0.127,0.392,0.86,50,10,25,684
x_move,0.956,0.0,0.007,0.036,0.11,50,10,25,684
z_move,0.954,0.0,0.0,0.046,0.14,50,10,25,684
extension,0.89,0.074,0.003,0.033,0.01,50,10,25,684
velo,0.999,0.0,0.0,0.001,0.01,50,10,25,684
spin_rate,0.998,0.0,0.0,0.002,0.02,50,10,25,684
whiff,0.881,0.033,0.086,0.0,0.24,50,10,25,684
hh,0.43,0.056,0.08,0.434,0.17,50,10,25,684
ld,0.106,0.003,0.014,0.877,0.2,50,10,25,684
barrel,0.336,0.025,0.087,0.553,0.44,50,10,25,684
weak,0.776,0.003,0.078,0.143,0.23,50,10,25,684
hr,0.191,0.025,0.094,0.69,0.47,50,10,25,684
swing%,0.617,0.069,0.154,0.16,0.08,50,10,25,684
chase%,0.777,0.022,0.073,0.128,0.2,50,10,25,684
xwobacon,0.304,0.015,0.062,0.619,0.12,75,10,25,437
la,0.888,0.047,0.017,0.048,0.57,75,10,25,437
ev,0.634,0.035,0.061,0.27,0.02,75,10,25,437
gb/fb,0.879,0.0,0.042,0.078,0.67,75,10,25,437
x_move,0.949,0.016,0.005,0.03,0.12,75,10,25,437
z_move,0.956,0.003,0.0,0.041,0.1,75,10,25,437
extension,0.937,0.027,0.0,0.036,0.01,75,10,25,437
velo,1.0,0.0,0.0,0.0,0.01,75,10,25,437
spin_rate,1.0,0.0,0.0,0.0,0.02,75,10,25,437
whiff,0.877,0.014,0.068,0.041,0.21,75,10,25,437
hh,0.508,0.037,0.082,0.372,0.17,75,10,25,437
ld,0.205,0.037,0.062,0.696,0.2,75,10,25,437
barrel,0.417,0.0,0.058,0.525,0.46,75,10,25,437
weak,0.86,0.045,0.041,0.054,0.22,75,10,25,437
hr,0.279,0.005,0.09,0.626,0.48,75,10,25,437
swing%,0.735,0.012,0.115,0.138,0.07,75,10,25,437
chase%,0.818,0.072,0.013,0.097,0.2,75,10,25,437
xwobacon,0.374,0.011,0.067,0.549,0.11,100,10,25,251
la,0.875,0.059,0.0,0.066,0.52,100,10,25,251
ev,0.694,0.037,0.026,0.243,0.02,100,10,25,251
gb/fb,0.839,0.0,0.063,0.099,0.44,100,10,25,251
x_move,0.955,0.0,0.013,0.032,0.1,100,10,25,251
z_move,0.971,0.019,0.0,0.009,0.13,100,10,25,251
extension,0.938,0.029,0.0,0.033,0.01,100,10,25,251
velo,0.999,0.0,0.0,0.001,0.01,100,10,25,251
spin_rate,0.991,0.0,0.0,0.009,0.02,100,10,25,251
whiff,0.882,0.0,0.005,0.113,0.2,100,10,25,251
hh,0.544,0.049,0.06,0.347,0.16,100,10,25,251
ld,0.35,0.0,0.0,0.65,0.2,100,10,25,251
barrel,0.418,0.018,0.033,0.531,0.45,100,10,25,251
weak,0.904,0.024,0.045,0.028,0.18,100,10,25,251
hr,0.277,0.0,0.099,0.624,0.5,100,10,25,251
swing%,0.807,0.064,0.006,0.123,0.07,100,10,25,251
chase%,0.791,0.005,0.118,0.086,0.18,100,10,25,251
xwobacon,0.0,0.037,0.014,0.949,0.3,0,25,25,1442
la,0.0,0.313,0.196,0.491,1.45,0,25,25,1442
ev,0.0,0.137,0.163,0.7,0.05,0,25,25,1442
gb/fb,0.0,0.274,0.248,0.479,1.3,0,25,25,1442
x_move,0.0,0.722,0.068,0.21,0.91,0,25,25,1442
z_move,0.0,0.259,0.191,0.55,2.14,0,25,25,1442
extension,0.0,0.87,0.126,0.004,0.03,0,25,25,1442
velo,0.0,0.514,0.447,0.038,0.07,0,25,25,1442
spin_rate,0.0,0.53,0.0,0.47,0.2,0,25,25,1442
whiff,0.0,0.29,0.33,0.381,0.62,0,25,25,1442
hh,0.0,0.168,0.178,0.654,0.42,0,25,25,1442
ld,0.0,0.036,0.011,0.953,0.52,0,25,25,1442
barrel,0.0,0.039,0.0,0.961,1.22,0,25,25,1442
weak,0.0,0.289,0.239,0.472,0.5,0,25,25,1442
hr,0.0,0.129,0.048,0.823,1.15,0,25,25,1442
swing%,0.0,0.325,0.289,0.386,0.16,0,25,25,1442
chase%,0.0,0.253,0.193,0.554,0.44,0,25,25,1442
xwobacon,0.071,0.041,0.062,0.827,0.12,10,25,25,1246
la,0.507,0.151,0.11,0.232,0.87,10,25,25,1246
ev,0.267,0.087,0.097,0.549,0.03,10,25,25,1246
gb/fb,0.34,0.102,0.155,0.404,0.87,10,25,25,1246
x_move,0.941,0.0,0.018,0.041,0.16,10,25,25,1246
z_move,0.942,0.0,0.0,0.058,0.22,10,25,25,1246
extension,0.779,0.169,0.037,0.015,0.02,10,25,25,1246
velo,0.987,0.004,0.005,0.004,0.01,10,25,25,1246
spin_rate,0.994,0.0,0.0,0.006,0.03,10,25,25,1246
whiff,0.555,0.151,0.143,0.151,0.35,10,25,25,1246
hh,0.186,0.099,0.113,0.602,0.2,10,25,25,1246
ld,0.033,0.038,0.022,0.907,0.19,10,25,25,1246
barrel,0.084,0.059,0.039,0.818,0.48,10,25,25,1246
weak,0.396,0.175,0.127,0.302,0.31,10,25,25,1246
hr,0.028,0.076,0.067,0.829,0.48,10,25,25,1246
swing%,0.266,0.232,0.225,0.276,0.1,10,25,25,1246
chase%,0.48,0.154,0.059,0.307,0.28,10,25,25,1246
xwobacon,0.181,0.027,0.058,0.734,0.12,25,25,25,979
la,0.747,0.064,0.069,0.12,0.67,25,25,25,979
ev,0.449,0.035,0.104,0.412,0.03,25,25,25,979
gb/fb,0.361,0.113,0.144,0.383,0.84,25,25,25,979
x_move,0.943,0.0,0.027,0.03,0.13,25,25,25,979
z_move,0.959,0.0,0.0,0.041,0.18,25,25,25,979
extension,0.857,0.092,0.03,0.02,0.01,25,25,25,979
velo,0.991,0.0,0.001,0.008,0.01,25,25,25,979
spin_rate,1.0,0.0,0.0,0.0,0.02,25,25,25,979
whiff,0.786,0.077,0.098,0.038,0.28,25,25,25,979
hh,0.342,0.116,0.111,0.431,0.19,25,25,25,979
ld,0.074,0.001,0.046,0.879,0.19,25,25,25,979
barrel,0.198,0.04,0.089,0.673,0.47,25,25,25,979
weak,0.638,0.115,0.086,0.162,0.26,25,25,25,979
hr,0.095,0.059,0.08,0.766,0.47,25,25,25,979
swing%,0.473,0.171,0.156,0.201,0.09,25,25,25,979
chase%,0.714,0.099,0.051,0.136,0.24,25,25,25,979
xwobacon,0.269,0.052,0.045,0.633,0.12,50,25,25,678
la,0.861,0.042,0.042,0.055,0.59,50,25,25,678
ev,0.569,0.077,0.055,0.3,0.02,50,25,25,678
gb/fb,0.517,0.076,0.144,0.263,0.88,50,25,25,678
x_move,0.955,0.0,0.014,0.03,0.11,50,25,25,678
z_move,0.952,0.0,0.001,0.047,0.13,50,25,25,678
extension,0.9,0.064,0.002,0.034,0.01,50,25,25,678
velo,1.0,0.0,0.0,0.0,0.01,50,25,25,678
spin_rate,1.0,0.0,0.0,0.0,0.02,50,25,25,678
whiff,0.894,0.055,0.05,0.0,0.23,50,25,25,678
hh,0.425,0.122,0.077,0.376,0.17,50,25,25,678
ld,0.119,0.04,0.012,0.829,0.2,50,25,25,678
barrel,0.334,0.079,0.054,0.533,0.46,50,25,25,678
weak,0.781,0.053,0.043,0.124,0.23,50,25,25,678
hr,0.188,0.074,0.064,0.674,0.48,50,25,25,678
swing%,0.6,0.144,0.086,0.17,0.08,50,25,25,678
chase%,0.768,0.048,0.097,0.086,0.21,50,25,25,678
xwobacon,0.293,0.053,0.022,0.632,0.12,75,25,25,433
la,0.891,0.054,0.023,0.031,0.55,75,25,25,433
ev,0.636,0.079,0.0,0.285,0.02,75,25,25,433
gb/fb,0.729,0.089,0.035,0.146,0.88,75,25,25,433
x_move,0.952,0.015,0.001,0.032,0.12,75,25,25,433
z_move,0.961,0.001,0.0,0.039,0.11,75,25,25,433
extension,0.934,0.031,0.0,0.035,0.01,75,25,25,433
velo,1.0,0.0,0.0,0.0,0.01,75,25,25,433
spin_rate,1.0,0.0,0.0,0.0,0.02,75,25,25,433
whiff,0.859,0.067,0.062,0.012,0.21,75,25,25,433
hh,0.503,0.115,0.022,0.36,0.17,75,25,25,433
ld,0.187,0.065,0.019,0.729,0.2,75,25,25,433
barrel,0.41,0.014,0.0,0.576,0.45,75,25,25,433
weak,0.845,0.046,0.013,0.097,0.22,75,25,25,433
hr,0.244,0.057,0.081,0.618,0.48,75,25,25,433
swing%,0.704,0.068,0.111,0.117,0.07,75,25,25,433
chase%,0.81,0.017,0.032,0.141,0.2,75,25,25,433
xwobacon,0.373,0.029,0.026,0.573,0.11,100,25,25,248
la,0.865,0.027,0.03,0.078,0.51,100,25,25,248
ev,0.678,0.043,0.019,0.26,0.02,100,25,25,248
gb/fb,0.806,0.083,0.089,0.021,0.77,100,25,25,248
x_move,0.958,0.0,0.007,0.035,0.1,100,25,25,248
z_move,0.989,0.011,0.0,0.0,0.11,100,25,25,248
extension,0.923,0.045,0.0,0.032,0.01,100,25,25,248
velo,0.999,0.0,0.0,0.001,0.01,100,25,25,248
spin_rate,0.99,0.0,0.0,0.01,0.02,100,25,25,248
whiff,0.874,0.0,0.083,0.043,0.19,100,25,25,248
hh,0.549,0.078,0.009,0.364,0.16,100,25,25,248
ld,0.343,0.033,0.0,0.624,0.2,100,25,25,248
barrel,0.413,0.072,0.04,0.475,0.44,100,25,25,248
weak,0.921,0.023,0.025,0.031,0.18,100,25,25,248
hr,0.251,0.069,0.078,0.602,0.5,100,25,25,248
swing%,0.771,0.078,0.035,0.115,0.07,100,25,25,248
chase%,0.789,0.114,0.026,0.071,0.18,100,25,25,248
xwobacon,0.0,0.128,0.014,0.859,0.3,0,50,25,1301
la,0.0,0.39,0.252,0.358,1.42,0,50,25,1301
ev,0.0,0.238,0.102,0.659,0.05,0,50,25,1301
gb/fb,0.0,0.324,0.181,0.495,1.39,0,50,25,1301
x_move,0.0,0.795,0.032,0.173,0.9,0,50,25,1301
z_move,0.0,0.278,0.04,0.682,2.25,0,50,25,1301
extension,0.0,0.943,0.057,0.0,0.03,0,50,25,1301
velo,0.0,0.461,0.398,0.14,0.07,0,50,25,1301
spin_rate,0.0,0.499,0.0,0.501,0.2,0,50,25,1301
whiff,0.0,0.485,0.2,0.316,0.63,0,50,25,1301
hh,0.0,0.235,0.176,0.589,0.39,0,50,25,1301
ld,0.0,0.14,0.0,0.86,0.5,0,50,25,1301
barrel,0.0,0.119,0.034,0.847,1.16,0,50,25,1301
weak,0.0,0.461,0.232,0.307,0.52,0,50,25,1301
hr,0.0,0.153,0.012,0.835,1.12,0,50,25,1301
swing%,0.0,0.43,0.235,0.334,0.16,0,50,25,1301
chase%,0.0,0.367,0.136,0.497,0.45,0,50,25,1301
xwobacon,0.074,0.124,0.075,0.726,0.12,10,50,25,1135
la,0.537,0.204,0.11,0.149,0.83,10,50,25,1135
ev,0.253,0.215,0.085,0.447,0.03,10,50,25,1135
gb/fb,0.352,0.28,0.098,0.271,0.87,10,50,25,1135
x_move,0.935,0.009,0.027,0.029,0.22,10,50,25,1135
z_move,0.944,0.0,0.0,0.056,0.27,10,50,25,1135
extension,0.786,0.18,0.023,0.011,0.02,10,50,25,1135
velo,0.985,0.005,0.005,0.005,0.01,10,50,25,1135
spin_rate,0.99,0.001,0.0,0.009,0.03,10,50,25,1135
whiff,0.568,0.211,0.158,0.063,0.37,10,50,25,1135
hh,0.162,0.225,0.097,0.515,0.19,10,50,25,1135
ld,0.039,0.092,0.033,0.836,0.19,10,50,25,1135
barrel,0.085,0.123,0.091,0.701,0.47,10,50,25,1135
weak,0.386,0.292,0.15,0.172,0.31,10,50,25,1135
hr,0.024,0.149,0.063,0.764,0.47,10,50,25,1135
swing%,0.24,0.333,0.175,0.252,0.1,10,50,25,1135
chase%,0.487,0.205,0.055,0.252,0.29,10,50,25,1135
xwobacon,0.166,0.11,0.062,0.662,0.12,25,50,25,909
la,0.733,0.108,0.022,0.137,0.66,25,50,25,909
ev,0.415,0.19,0.081,0.313,0.03,25,50,25,909
gb/fb,0.321,0.148,0.17,0.36,0.95,25,50,25,909
x_move,0.948,0.0,0.031,0.021,0.15,25,50,25,909
z_move,0.958,0.0,0.0,0.042,0.2,25,50,25,909
extension,0.853,0.104,0.024,0.019,0.01,25,50,25,909
velo,0.993,0.0,0.002,0.005,0.01,25,50,25,909
spin_rate,1.0,0.0,0.0,0.0,0.03,25,50,25,909
whiff,0.782,0.147,0.065,0.006,0.27,25,50,25,909
hh,0.3,0.191,0.103,0.405,0.18,25,50,25,909
ld,0.081,0.109,0.05,0.761,0.19,25,50,25,909
barrel,0.166,0.147,0.059,0.628,0.46,25,50,25,909
weak,0.654,0.165,0.047,0.133,0.26,25,50,25,909
hr,0.082,0.157,0.055,0.707,0.46,25,50,25,909
swing%,0.446,0.244,0.168,0.142,0.08,25,50,25,909
chase%,0.673,0.124,0.073,0.13,0.24,25,50,25,909
xwobacon,0.256,0.101,0.043,0.6,0.11,50,50,25,635
la,0.872,0.063,0.007,0.058,0.6,50,50,25,635
ev,0.55,0.133,0.032,0.285,0.02,50,50,25,635
gb/fb,0.498,0.088,0.129,0.285,0.81,50,50,25,635
x_move,0.945,0.0,0.03,0.025,0.11,50,50,25,635
z_move,0.938,0.002,0.002,0.058,0.15,50,50,25,635
extension,0.898,0.07,0.0,0.033,0.01,50,50,25,635
velo,1.0,0.0,0.0,0.0,0.01,50,50,25,635
spin_rate,0.999,0.0,0.0,0.001,0.02,50,50,25,635
whiff,0.885,0.027,0.089,0.0,0.24,50,50,25,635
hh,0.398,0.148,0.08,0.375,0.17,50,50,25,635
ld,0.107,0.108,0.051,0.734,0.2,50,50,25,635
barrel,0.323,0.145,0.022,0.51,0.45,50,50,25,635
weak,0.759,0.118,0.024,0.1,0.22,50,50,25,635
hr,0.176,0.143,0.055,0.626,0.47,50,50,25,635
swing%,0.599,0.169,0.088,0.143,0.08,50,50,25,635
chase%,0.748,0.137,0.051,0.064,0.2,50,50,25,635
xwobacon,0.286,0.077,0.096,0.541,0.12,75,50,25,409
la,0.893,0.015,0.049,0.044,0.57,75,50,25,409
ev,0.597,0.114,0.07,0.219,0.02,75,50,25,409
gb/fb,0.694,0.109,0.001,0.195,0.75,75,50,25,409
x_move,0.946,0.012,0.007,0.034,0.12,75,50,25,409
z_move,0.969,0.0,0.0,0.031,0.12,75,50,25,409
extension,0.944,0.021,0.0,0.036,0.01,75,50,25,409
velo,0.997,0.0,0.001,0.002,0.01,75,50,25,409
spin_rate,1.0,0.0,0.0,0.0,0.02,75,50,25,409
whiff,0.895,0.011,0.069,0.024,0.22,75,50,25,409
hh,0.442,0.211,0.072,0.276,0.16,75,50,25,409
ld,0.187,0.071,0.008,0.733,0.2,75,50,25,409
barrel,0.395,0.047,0.072,0.486,0.45,75,50,25,409
weak,0.812,0.064,0.027,0.097,0.22,75,50,25,409
hr,0.258,0.076,0.09,0.577,0.48,75,50,25,409
swing%,0.726,0.086,0.072,0.115,0.07,75,50,25,409
chase%,0.788,0.09,0.014,0.108,0.2,75,50,25,409
xwobacon,0.381,0.123,0.074,0.422,0.11,100,50,25,239
la,0.866,0.038,0.017,0.078,0.51,100,50,25,239
ev,0.666,0.087,0.039,0.208,0.02,100,50,25,239
gb/fb,0.823,0.0,0.051,0.126,0.8,100,50,25,239
x_move,0.927,0.0,0.031,0.042,0.11,100,50,25,239
z_move,0.979,0.016,0.0,0.004,0.11,100,50,25,239
extension,0.935,0.031,0.0,0.034,0.01,100,50,25,239
velo,1.0,0.0,0.0,0.0,0.01,100,50,25,239
spin_rate,1.0,0.0,0.0,0.0,0.02,100,50,25,239
whiff,0.856,0.0,0.083,0.061,0.2,100,50,25,239
hh,0.483,0.149,0.074,0.294,0.16,100,50,25,239
ld,0.362,0.087,0.0,0.551,0.2,100,50,25,239
barrel,0.381,0.045,0.03,0.544,0.45,100,50,25,239
weak,0.909,0.069,0.0,0.022,0.18,100,50,25,239
hr,0.242,0.085,0.086,0.587,0.51,100,50,25,239
swing%,0.744,0.082,0.066,0.107,0.07,100,50,25,239
chase%,0.79,0.059,0.031,0.121,0.18,100,50,25,239
xwobacon,0.0,0.095,0.107,0.798,0.3,0,75,25,907
la,0.0,0.482,0.074,0.444,1.54,0,75,25,907
ev,0.0,0.39,0.12,0.49,0.05,0,75,25,907
gb/fb,0.0,0.358,0.107,0.535,1.46,0,75,25,907
x_move,0.0,0.713,0.066,0.221,0.88,0,75,25,907
z_move,0.0,0.234,0.247,0.518,2.09,0,75,25,907
extension,0.0,0.951,0.027,0.022,0.03,0,75,25,907
velo,0.0,0.471,0.438,0.091,0.06,0,75,25,907
spin_rate,0.0,0.405,0.0,0.595,0.2,0,75,25,907
whiff,0.0,0.527,0.308,0.165,0.59,0,75,25,907
hh,0.0,0.224,0.139,0.638,0.37,0,75,25,907
ld,0.0,0.201,0.012,0.787,0.48,0,75,25,907
barrel,0.0,0.144,0.033,0.822,1.25,0,75,25,907
weak,0.0,0.48,0.115,0.405,0.51,0,75,25,907
hr,0.0,0.189,0.049,0.762,1.02,0,75,25,907
swing%,0.0,0.613,0.168,0.218,0.15,0,75,25,907
chase%,0.0,0.446,0.213,0.341,0.44,0,75,25,907
xwobacon,0.071,0.157,0.086,0.687,0.12,10,75,25,991
la,0.56,0.257,0.068,0.115,0.82,10,75,25,991
ev,0.253,0.287,0.095,0.365,0.03,10,75,25,991
gb/fb,0.379,0.2,0.126,0.295,0.87,10,75,25,991
x_move,0.936,0.004,0.025,0.036,0.17,10,75,25,991
z_move,0.943,0.0,0.0,0.057,0.26,10,75,25,991
extension,0.778,0.209,0.004,0.008,0.02,10,75,25,991
velo,0.988,0.004,0.004,0.004,0.01,10,75,25,991
spin_rate,0.996,0.0,0.0,0.004,0.03,10,75,25,991
whiff,0.553,0.298,0.078,0.072,0.35,10,75,25,991
hh,0.17,0.269,0.098,0.463,0.19,10,75,25,991
ld,0.036,0.101,0.077,0.786,0.19,10,75,25,991
barrel,0.091,0.188,0.082,0.639,0.48,10,75,25,991
weak,0.392,0.301,0.106,0.202,0.31,10,75,25,991
hr,0.028,0.217,0.049,0.705,0.47,10,75,25,991
swing%,0.219,0.448,0.127,0.206,0.09,10,75,25,991
chase%,0.472,0.239,0.058,0.231,0.29,10,75,25,991
xwobacon,0.151,0.119,0.036,0.695,0.12,25,75,25,667
la,0.774,0.119,0.013,0.095,0.73,25,75,25,667
ev,0.405,0.172,0.084,0.339,0.02,25,75,25,667
gb/fb,0.357,0.056,0.091,0.497,0.93,25,75,25,667
x_move,0.935,0.0,0.033,0.032,0.15,25,75,25,667
z_move,0.933,0.0,0.002,0.064,0.18,25,75,25,667
extension,0.821,0.136,0.023,0.019,0.01,25,75,25,667
velo,0.99,0.0,0.003,0.007,0.01,25,75,25,667
spin_rate,0.977,0.0,0.023,0.0,0.03,25,75,25,667
whiff,0.769,0.133,0.098,0.0,0.29,25,75,25,667
hh,0.283,0.212,0.121,0.385,0.15,25,75,25,667
ld,0.068,0.098,0.0,0.834,0.19,25,75,25,667
barrel,0.195,0.122,0.081,0.602,0.45,25,75,25,667
weak,0.647,0.189,0.035,0.129,0.26,25,75,25,667
hr,0.099,0.201,0.064,0.635,0.45,25,75,25,667
swing%,0.416,0.364,0.064,0.156,0.08,25,75,25,667
chase%,0.68,0.194,0.022,0.104,0.24,25,75,25,667
xwobacon,0.259,0.13,0.042,0.57,0.12,50,75,25,495
la,0.883,0.041,0.0,0.077,0.6,50,75,25,495
ev,0.536,0.191,0.043,0.229,0.02,50,75,25,495
gb/fb,0.463,0.029,0.09,0.417,0.84,50,75,25,495
x_move,0.956,0.0,0.015,0.029,0.11,50,75,25,495
z_move,0.947,0.002,0.0,0.051,0.13,50,75,25,495
extension,0.852,0.111,0.0,0.036,0.01,50,75,25,495
velo,0.988,0.0,0.0,0.011,0.01,50,75,25,495
spin_rate,0.979,0.0,0.0,0.021,0.02,50,75,25,495
whiff,0.868,0.095,0.036,0.0,0.25,50,75,25,495
hh,0.402,0.232,0.074,0.292,0.15,50,75,25,495
ld,0.093,0.073,0.014,0.82,0.2,50,75,25,495
barrel,0.339,0.202,0.024,0.435,0.43,50,75,25,495
weak,0.788,0.106,0.037,0.07,0.23,50,75,25,495
hr,0.155,0.248,0.027,0.57,0.48,50,75,25,495
swing%,0.571,0.227,0.068,0.135,0.08,50,75,25,495
chase%,0.774,0.135,0.07,0.021,0.21,50,75,25,495
xwobacon,0.267,0.057,0.037,0.639,0.12,75,75,25,333
la,0.881,0.077,0.0,0.043,0.59,75,75,25,333
ev,0.584,0.159,0.006,0.251,0.02,75,75,25,333
gb/fb,0.641,0.0,0.038,0.321,0.61,75,75,25,333
x_move,0.942,0.0,0.032,0.027,0.11,75,75,25,333
z_move,0.957,0.0,0.0,0.043,0.15,75,75,25,333
extension,0.908,0.049,0.0,0.043,0.01,75,75,25,333
velo,0.994,0.0,0.002,0.005,0.01,75,75,25,333
spin_rate,0.987,0.0,0.0,0.013,0.02,75,75,25,333
whiff,0.885,0.044,0.043,0.028,0.21,75,75,25,333
hh,0.41,0.205,0.015,0.37,0.16,75,75,25,333
ld,0.148,0.041,0.001,0.81,0.21,75,75,25,333
barrel,0.393,0.071,0.031,0.504,0.46,75,75,25,333
weak,0.835,0.124,0.0,0.041,0.21,75,75,25,333
hr,0.214,0.125,0.025,0.637,0.49,75,75,25,333
swing%,0.697,0.121,0.11,0.072,0.07,75,75,25,333
chase%,0.814,0.063,0.041,0.083,0.2,75,75,25,333
xwobacon,0.41,0.045,0.029,0.516,0.11,100,75,25,201
la,0.879,0.051,0.0,0.07,0.55,100,75,25,201
ev,0.677,0.131,0.03,0.162,0.02,100,75,25,201
gb/fb,0.799,0.002,0.027,0.171,0.6,100,75,25,201
x_move,0.957,0.0,0.018,0.025,0.1,100,75,25,201
z_move,0.98,0.018,0.0,0.002,0.12,100,75,25,201
extension,0.932,0.023,0.0,0.045,0.01,100,75,25,201
velo,1.0,0.0,0.0,0.0,0.01,100,75,25,201
spin_rate,0.999,0.0,0.0,0.001,0.02,100,75,25,201
whiff,0.834,0.069,0.06,0.037,0.19,100,75,25,201
hh,0.511,0.218,0.042,0.229,0.15,100,75,25,201
ld,0.4,0.085,0.004,0.511,0.2,100,75,25,201
barrel,0.447,0.001,0.029,0.524,0.47,100,75,25,201
weak,0.919,0.0,0.021,0.059,0.18,100,75,25,201
hr,0.222,0.207,0.06,0.512,0.51,100,75,25,201
swing%,0.742,0.11,0.004,0.143,0.07,100,75,25,201
chase%,0.83,0.003,0.111,0.057,0.19,100,75,25,201
xwobacon,0.0,0.159,0.055,0.787,0.29,0,100,25,926
la,0.0,0.6,0.079,0.321,1.41,0,100,25,926
ev,0.0,0.436,0.111,0.453,0.05,0,100,25,926
gb/fb,0.0,0.167,0.242,0.591,1.24,0,100,25,926
x_move,0.0,0.743,0.0,0.257,0.85,0,100,25,926
z_move,0.0,0.265,0.101,0.635,1.91,0,100,25,926
extension,0.0,0.972,0.014,0.014,0.03,0,100,25,926
velo,0.0,0.535,0.405,0.06,0.07,0,100,25,926
spin_rate,0.0,0.654,0.0,0.346,0.18,0,100,25,926
whiff,0.0,0.579,0.146,0.274,0.56,0,100,25,926
hh,0.0,0.368,0.147,0.486,0.37,0,100,25,926
ld,0.0,0.279,0.026,0.695,0.46,0,100,25,926
barrel,0.0,0.139,0.117,0.744,1.03,0,100,25,926
weak,0.0,0.564,0.123,0.312,0.47,0,100,25,926
hr,0.0,0.247,0.079,0.673,1.05,0,100,25,926
swing%,0.0,0.597,0.143,0.26,0.14,0,100,25,926
chase%,0.0,0.512,0.177,0.312,0.43,0,100,25,926
xwobacon,0.067,0.194,0.053,0.686,0.12,10,100,25,690
la,0.548,0.257,0.05,0.145,0.92,10,100,25,690
ev,0.258,0.329,0.058,0.356,0.03,10,100,25,690
gb/fb,0.332,0.442,0.109,0.117,0.72,10,100,25,690
x_move,0.922,0.035,0.0,0.043,0.17,10,100,25,690
z_move,0.919,0.0,0.0,0.081,0.23,10,100,25,690
extension,0.719,0.244,0.021,0.015,0.02,10,100,25,690
velo,0.987,0.004,0.005,0.004,0.01,10,100,25,690
spin_rate,0.992,0.003,0.0,0.006,0.03,10,100,25,690
whiff,0.529,0.257,0.136,0.078,0.37,10,100,25,690
hh,0.156,0.302,0.087,0.456,0.17,10,100,25,690
ld,0.026,0.173,0.028,0.772,0.18,10,100,25,690
barrel,0.088,0.198,0.079,0.635,0.44,10,100,25,690
weak,0.414,0.338,0.059,0.189,0.3,10,100,25,690
hr,0.029,0.288,0.073,0.61,0.46,10,100,25,690
swing%,0.227,0.452,0.137,0.184,0.09,10,100,25,690
chase%,0.467,0.274,0.111,0.148,0.27,10,100,25,690
xwobacon,0.176,0.183,0.056,0.585,0.12,25,100,25,708
la,0.731,0.17,0.015,0.085,0.66,25,100,25,708
ev,0.434,0.23,0.076,0.26,0.02,25,100,25,708
gb/fb,0.313,0.189,0.041,0.457,0.84,25,100,25,708
x_move,0.936,0.0,0.036,0.028,0.16,25,100,25,708
z_move,0.949,0.0,0.0,0.051,0.2,25,100,25,708
extension,0.833,0.144,0.001,0.022,0.01,25,100,25,708
velo,0.989,0.0,0.004,0.007,0.01,25,100,25,708
spin_rate,1.0,0.0,0.0,0.0,0.02,25,100,25,708
whiff,0.763,0.192,0.033,0.011,0.28,25,100,25,708
hh,0.314,0.268,0.08,0.339,0.17,25,100,25,708
ld,0.082,0.122,0.023,0.773,0.19,25,100,25,708
barrel,0.188,0.173,0.102,0.537,0.45,25,100,25,708
weak,0.62,0.233,0.033,0.115,0.25,25,100,25,708
hr,0.072,0.25,0.084,0.594,0.45,25,100,25,708
swing%,0.398,0.373,0.107,0.121,0.08,25,100,25,708
chase%,0.666,0.165,0.054,0.115,0.24,25,100,25,708
xwobacon,0.273,0.189,0.025,0.512,0.11,50,100,25,510
la,0.883,0.045,0.0,0.072,0.6,50,100,25,510
ev,0.546,0.181,0.048,0.225,0.02,50,100,25,510
gb/fb,0.501,0.193,0.024,0.282,0.92,50,100,25,510
x_move,0.951,0.0,0.008,0.041,0.11,50,100,25,510
z_move,0.961,0.0,0.0,0.039,0.15,50,100,25,510
extension,0.888,0.077,0.0,0.035,0.01,50,100,25,510
velo,0.99,0.0,0.002,0.008,0.01,50,100,25,510
spin_rate,0.995,0.0,0.0,0.005,0.02,50,100,25,510
whiff,0.837,0.068,0.094,0.0,0.24,50,100,25,510
hh,0.415,0.241,0.029,0.316,0.16,50,100,25,510
ld,0.129,0.074,0.0,0.796,0.2,50,100,25,510
barrel,0.325,0.166,0.052,0.457,0.43,50,100,25,510
weak,0.776,0.108,0.0,0.116,0.22,50,100,25,510
hr,0.145,0.296,0.062,0.498,0.46,50,100,25,510
swing%,0.573,0.225,0.086,0.115,0.08,50,100,25,510
chase%,0.737,0.097,0.084,0.081,0.21,50,100,25,510
xwobacon,0.306,0.133,0.008,0.552,0.12,75,100,25,339
la,0.909,0.071,0.0,0.02,0.56,75,100,25,339
ev,0.562,0.178,0.025,0.235,0.02,75,100,25,339
gb/fb,0.581,0.096,0.065,0.258,0.77,75,100,25,339
x_move,0.938,0.0,0.027,0.035,0.12,75,100,25,339
z_move,0.964,0.0,0.0,0.036,0.17,75,100,25,339
extension,0.948,0.013,0.0,0.039,0.01,75,100,25,339
velo,0.999,0.0,0.0,0.0,0.01,75,100,25,339
spin_rate,0.999,0.0,0.0,0.001,0.02,75,100,25,339
whiff,0.91,0.031,0.059,0.0,0.21,75,100,25,339
hh,0.415,0.271,0.017,0.297,0.16,75,100,25,339
ld,0.192,0.121,0.009,0.678,0.2,75,100,25,339
barrel,0.405,0.084,0.0,0.511,0.46,75,100,25,339
weak,0.776,0.19,0.0,0.034,0.21,75,100,25,339
hr,0.204,0.229,0.008,0.56,0.48,75,100,25,339
swing%,0.719,0.093,0.108,0.08,0.07,75,100,25,339
chase%,0.781,0.136,0.011,0.072,0.2,75,100,25,339
xwobacon,0.402,0.078,0.036,0.484,0.11,100,100,25,210
la,0.88,0.0,0.0,0.12,0.52,100,100,25,210
ev,0.662,0.118,0.059,0.16,0.02,100,100,25,210
gb/fb,0.882,0.053,0.058,0.007,0.83,100,100,25,210
x_move,0.934,0.0,0.024,0.042,0.11,100,100,25,210
z_move,0.957,0.024,0.0,0.019,0.14,100,100,25,210
extension,0.942,0.019,0.0,0.039,0.01,100,100,25,210
velo,1.0,0.0,0.0,0.0,0.01,100,100,25,210
spin_rate,0.999,0.0,0.0,0.001,0.02,100,100,25,210
whiff,0.865,0.0,0.015,0.12,0.2,100,100,25,210
hh,0.518,0.258,0.043,0.181,0.15,100,100,25,210
ld,0.314,0.098,0.0,0.587,0.2,100,100,25,210
barrel,0.428,0.009,0.054,0.509,0.47,100,100,25,210
weak,0.883,0.018,0.039,0.06,0.18,100,100,25,210
hr,0.21,0.191,0.137,0.461,0.5,100,100,25,210
swing%,0.723,0.161,0.063,0.053,0.07,100,100,25,210
chase%,0.807,0.068,0.014,0.11,0.18,100,100,25,210
xwobacon,0.0,0.011,0.083,0.906,0.3,0,10,50,1262
la,0.0,0.185,0.374,0.441,1.48,0,10,50,1262
ev,0.0,0.092,0.227,0.681,0.05,0,10,50,1262
gb/fb,0.0,0.001,0.435,0.564,1.14,0,10,50,1262
x_move,0.0,0.715,0.09,0.195,0.93,0,10,50,1262
z_move,0.0,0.255,0.074,0.67,2.11,0,10,50,1262
extension,0.0,0.839,0.137,0.024,0.03,0,10,50,1262
velo,0.0,0.539,0.435,0.025,0.07,0,10,50,1262
spin_rate,0.0,0.546,0.0,0.454,0.21,0,10,50,1262
whiff,0.0,0.117,0.575,0.308,0.62,0,10,50,1262
hh,0.0,0.084,0.276,0.641,0.4,0,10,50,1262
ld,0.0,0.0,0.026,0.974,0.51,0,10,50,1262
barrel,0.0,0.031,0.071,0.898,1.12,0,10,50,1262
weak,0.0,0.136,0.396,0.468,0.5,0,10,50,1262
hr,0.0,0.05,0.06,0.89,1.17,0,10,50,1262
swing%,0.0,0.149,0.482,0.368,0.16,0,10,50,1262
chase%,0.0,0.086,0.408,0.506,0.46,0,10,50,1262
xwobacon,0.06,0.037,0.115,0.788,0.12,10,10,50,1097
la,0.56,0.064,0.186,0.19,0.81,10,10,50,1097
ev,0.251,0.027,0.21,0.512,0.03,10,10,50,1097
gb/fb,0.366,0.006,0.266,0.362,0.83,10,10,50,1097
x_move,0.934,0.016,0.009,0.041,0.17,10,10,50,1097
z_move,0.947,0.0,0.0,0.053,0.22,10,10,50,1097
extension,0.791,0.157,0.041,0.011,0.02,10,10,50,1097
velo,0.992,0.0,0.004,0.004,0.01,10,10,50,1097
spin_rate,0.994,0.0,0.0,0.006,0.03,10,10,50,1097
whiff,0.528,0.083,0.268,0.122,0.35,10,10,50,1097
hh,0.174,0.058,0.242,0.526,0.19,10,10,50,1097
ld,0.021,0.04,0.073,0.866,0.18,10,10,50,1097
barrel,0.09,0.03,0.113,0.767,0.47,10,10,50,1097
weak,0.409,0.09,0.248,0.252,0.31,10,10,50,1097
hr,0.028,0.043,0.131,0.799,0.48,10,10,50,1097
swing%,0.274,0.107,0.358,0.262,0.1,10,10,50,1097
chase%,0.473,0.075,0.13,0.322,0.28,10,10,50,1097
xwobacon,0.163,0.03,0.124,0.683,0.12,25,10,50,871
la,0.753,0.045,0.061,0.142,0.67,25,10,50,871
ev,0.426,0.034,0.174,0.366,0.03,25,10,50,871
gb/fb,0.38,0.052,0.113,0.456,0.92,25,10,50,871
x_move,0.945,0.0,0.028,0.027,0.15,25,10,50,871
z_move,0.952,0.0,0.0,0.048,0.18,25,10,50,871
extension,0.829,0.106,0.049,0.015,0.01,25,10,50,871
velo,1.0,0.0,0.0,0.0,0.01,25,10,50,871
spin_rate,1.0,0.0,0.0,0.0,0.02,25,10,50,871
whiff,0.758,0.072,0.169,0.0,0.28,25,10,50,871
hh,0.32,0.014,0.227,0.439,0.18,25,10,50,871
ld,0.069,0.016,0.076,0.838,0.19,25,10,50,871
barrel,0.184,0.022,0.121,0.673,0.46,25,10,50,871
weak,0.651,0.077,0.132,0.139,0.26,25,10,50,871
hr,0.089,0.03,0.13,0.752,0.47,25,10,50,871
swing%,0.461,0.077,0.275,0.187,0.09,25,10,50,871
chase%,0.664,0.027,0.145,0.164,0.23,25,10,50,871
xwobacon,0.252,0.032,0.068,0.648,0.11,50,10,50,620
la,0.851,0.025,0.022,0.102,0.61,50,10,50,620
ev,0.556,0.045,0.111,0.288,0.02,50,10,50,620
gb/fb,0.584,0.0,0.042,0.374,0.72,50,10,50,620
x_move,0.951,0.016,0.012,0.021,0.11,50,10,50,620
z_move,0.957,0.0,0.006,0.037,0.14,50,10,50,620
extension,0.901,0.06,0.006,0.033,0.01,50,10,50,620
velo,0.996,0.0,0.0,0.004,0.01,50,10,50,620
spin_rate,0.995,0.0,0.0,0.005,0.02,50,10,50,620
whiff,0.861,0.0,0.129,0.01,0.24,50,10,50,620
hh,0.404,0.048,0.111,0.437,0.17,50,10,50,620
ld,0.082,0.0,0.071,0.847,0.2,50,10,50,620
barrel,0.301,0.032,0.073,0.594,0.43,50,10,50,620
weak,0.775,0.027,0.059,0.139,0.22,50,10,50,620
hr,0.183,0.067,0.142,0.608,0.46,50,10,50,620
swing%,0.623,0.049,0.165,0.163,0.08,50,10,50,620
chase%,0.763,0.005,0.114,0.117,0.21,50,10,50,620
xwobacon,0.292,0.018,0.134,0.555,0.12,75,10,50,402
la,0.882,0.047,0.004,0.066,0.56,75,10,50,402
ev,0.647,0.028,0.08,0.245,0.02,75,10,50,402
gb/fb,0.649,0.004,0.105,0.242,0.57,75,10,50,402
x_move,0.962,0.011,0.0,0.026,0.11,75,10,50,402
z_move,0.959,0.005,0.0,0.036,0.12,75,10,50,402
extension,0.946,0.018,0.0,0.035,0.01,75,10,50,402
velo,1.0,0.0,0.0,0.0,0.01,75,10,50,402
spin_rate,1.0,0.0,0.0,0.0,0.02,75,10,50,402
whiff,0.917,0.0,0.083,0.0,0.21,75,10,50,402
hh,0.448,0.036,0.143,0.373,0.17,75,10,50,402
ld,0.193,0.03,0.051,0.726,0.21,75,10,50,402
barrel,0.398,0.006,0.092,0.504,0.45,75,10,50,402
weak,0.808,0.031,0.084,0.077,0.21,75,10,50,402
hr,0.227,0.044,0.124,0.605,0.47,75,10,50,402
swing%,0.73,0.049,0.107,0.114,0.07,75,10,50,402
chase%,0.833,0.016,0.003,0.148,0.2,75,10,50,402
xwobacon,0.369,0.0,0.071,0.56,0.11,100,10,50,227
la,0.877,0.005,0.016,0.102,0.53,100,10,50,227
ev,0.672,0.0,0.085,0.243,0.02,100,10,50,227
gb/fb,0.924,0.0,0.03,0.046,0.77,100,10,50,227
x_move,0.935,0.0,0.02,0.045,0.11,100,10,50,227
z_move,0.986,0.014,0.0,0.0,0.11,100,10,50,227
extension,0.926,0.042,0.0,0.032,0.01,100,10,50,227
velo,1.0,0.0,0.0,0.0,0.01,100,10,50,227
spin_rate,1.0,0.0,0.0,0.0,0.02,100,10,50,227
whiff,0.866,0.018,0.018,0.098,0.18,100,10,50,227
hh,0.536,0.0,0.166,0.298,0.16,100,10,50,227
ld,0.332,0.003,0.034,0.631,0.2,100,10,50,227
barrel,0.402,0.003,0.028,0.567,0.46,100,10,50,227
weak,0.919,0.023,0.025,0.032,0.18,100,10,50,227
hr,0.261,0.0,0.118,0.621,0.5,100,10,50,227
swing%,0.771,0.064,0.051,0.114,0.07,100,10,50,227
chase%,0.793,0.019,0.097,0.09,0.18,100,10,50,227
xwobacon,0.0,0.007,0.098,0.895,0.3,0,25,50,1233
la,0.0,0.249,0.285,0.466,1.48,0,25,50,1233
ev,0.0,0.138,0.25,0.612,0.05,0,25,50,1233
gb/fb,0.0,0.34,0.202,0.458,1.41,0,25,50,1233
x_move,0.0,0.772,0.034,0.194,0.9,0,25,50,1233
z_move,0.0,0.323,0.0,0.677,2.19,0,25,50,1233
extension,0.0,0.87,0.109,0.02,0.03,0,25,50,1233
velo,0.0,0.509,0.421,0.069,0.07,0,25,50,1233
spin_rate,0.0,0.441,0.0,0.559,0.21,0,25,50,1233
whiff,0.0,0.281,0.41,0.309,0.61,0,25,50,1233
hh,0.0,0.149,0.283,0.568,0.39,0,25,50,1233
ld,0.0,0.035,0.017,0.948,0.5,0,25,50,1233
barrel,0.0,0.0,0.098,0.902,1.04,0,25,50,1233
weak,0.0,0.227,0.328,0.445,0.52,0,25,50,1233
hr,0.0,0.062,0.085,0.853,1.14,0,25,50,1233
swing%,0.0,0.27,0.404,0.325,0.16,0,25,50,1233
chase%,0.0,0.235,0.331,0.434,0.45,0,25,50,1233
xwobacon,0.066,0.045,0.093,0.796,0.13,10,25,50,1074
la,0.561,0.086,0.175,0.179,0.86,10,25,50,1074
ev,0.266,0.105,0.152,0.478,0.03,10,25,50,1074
gb/fb,0.336,0.14,0.281,0.244,0.76,10,25,50,1074
x_move,0.931,0.018,0.013,0.038,0.17,10,25,50,1074
z_move,0.95,0.0,0.0,0.05,0.22,10,25,50,1074
extension,0.784,0.162,0.043,0.011,0.02,10,25,50,1074
velo,0.995,0.0,0.002,0.003,0.01,10,25,50,1074
spin_rate,0.99,0.0,0.0,0.01,0.03,10,25,50,1074
whiff,0.524,0.111,0.203,0.162,0.34,10,25,50,1074
hh,0.172,0.11,0.203,0.515,0.2,10,25,50,1074
ld,0.024,0.047,0.05,0.879,0.19,10,25,50,1074
barrel,0.094,0.043,0.069,0.794,0.49,10,25,50,1074
weak,0.43,0.153,0.195,0.222,0.31,10,25,50,1074
hr,0.028,0.06,0.103,0.808,0.49,10,25,50,1074
swing%,0.264,0.248,0.262,0.226,0.1,10,25,50,1074
chase%,0.467,0.092,0.117,0.325,0.28,10,25,50,1074
xwobacon,0.176,0.045,0.088,0.691,0.12,25,25,50,858
la,0.762,0.093,0.054,0.09,0.66,25,25,50,858
ev,0.429,0.077,0.134,0.36,0.03,25,25,50,858
gb/fb,0.332,0.065,0.091,0.513,0.88,25,25,50,858
x_move,0.947,0.0,0.033,0.019,0.15,25,25,50,858
z_move,0.953,0.0,0.0,0.047,0.18,25,25,50,858
extension,0.846,0.096,0.042,0.016,0.01,25,25,50,858
velo,0.994,0.0,0.0,0.006,0.01,25,25,50,858
spin_rate,1.0,0.0,0.0,0.0,0.02,25,25,50,858
whiff,0.77,0.036,0.18,0.013,0.29,25,25,50,858
hh,0.313,0.096,0.201,0.389,0.18,25,25,50,858
ld,0.06,0.048,0.071,0.821,0.19,25,25,50,858
barrel,0.194,0.047,0.108,0.652,0.46,25,25,50,858
weak,0.632,0.089,0.137,0.142,0.25,25,25,50,858
hr,0.094,0.082,0.1,0.724,0.47,25,25,50,858
swing%,0.446,0.181,0.202,0.171,0.08,25,25,50,858
chase%,0.692,0.075,0.093,0.139,0.24,25,25,50,858
xwobacon,0.256,0.051,0.069,0.624,0.11,50,25,50,618
la,0.859,0.005,0.058,0.078,0.61,50,25,50,618
ev,0.558,0.054,0.116,0.272,0.02,50,25,50,618
gb/fb,0.524,0.039,0.033,0.404,0.84,50,25,50,618
x_move,0.953,0.012,0.008,0.027,0.11,50,25,50,618
z_move,0.958,0.0,0.004,0.038,0.14,50,25,50,618
extension,0.905,0.059,0.003,0.033,0.01,50,25,50,618
velo,0.996,0.0,0.0,0.004,0.01,50,25,50,618
spin_rate,0.995,0.0,0.0,0.005,0.02,50,25,50,618
whiff,0.873,0.024,0.1,0.003,0.24,50,25,50,618
hh,0.407,0.11,0.112,0.371,0.17,50,25,50,618
ld,0.088,0.022,0.084,0.805,0.2,50,25,50,618
barrel,0.3,0.036,0.065,0.6,0.43,50,25,50,618
weak,0.765,0.017,0.076,0.141,0.22,50,25,50,618
hr,0.192,0.053,0.123,0.632,0.47,50,25,50,618
swing%,0.616,0.085,0.145,0.153,0.08,50,25,50,618
chase%,0.76,0.024,0.094,0.122,0.21,50,25,50,618
xwobacon,0.287,0.073,0.128,0.512,0.12,75,25,50,401
la,0.884,0.014,0.025,0.077,0.57,75,25,50,401
ev,0.624,0.059,0.103,0.214,0.02,75,25,50,401
gb/fb,0.602,0.075,0.002,0.321,0.78,75,25,50,401
x_move,0.963,0.01,0.0,0.028,0.11,75,25,50,401
z_move,0.959,0.004,0.0,0.037,0.12,75,25,50,401
extension,0.94,0.025,0.0,0.035,0.01,75,25,50,401
velo,1.0,0.0,0.0,0.0,0.01,75,25,50,401
spin_rate,1.0,0.0,0.0,0.0,0.02,75,25,50,401
whiff,0.913,0.0,0.087,0.0,0.21,75,25,50,401
hh,0.422,0.095,0.176,0.307,0.17,75,25,50,401
ld,0.199,0.027,0.0,0.774,0.21,75,25,50,401
barrel,0.388,0.055,0.089,0.469,0.45,75,25,50,401
weak,0.807,0.073,0.056,0.064,0.21,75,25,50,401
hr,0.236,0.035,0.105,0.624,0.48,75,25,50,401
swing%,0.745,0.037,0.091,0.128,0.07,75,25,50,401
chase%,0.827,0.04,0.021,0.112,0.2,75,25,50,401
xwobacon,0.37,0.002,0.097,0.531,0.11,100,25,50,226
la,0.88,0.0,0.0,0.12,0.53,100,25,50,226
ev,0.654,0.031,0.1,0.215,0.02,100,25,50,226
gb/fb,0.911,0.0,0.057,0.032,0.76,100,25,50,226
x_move,0.935,0.0,0.02,0.046,0.11,100,25,50,226
z_move,0.986,0.014,0.0,0.0,0.11,100,25,50,226
extension,0.931,0.036,0.0,0.033,0.01,100,25,50,226
velo,1.0,0.0,0.0,0.0,0.01,100,25,50,226
spin_rate,1.0,0.0,0.0,0.0,0.02,100,25,50,226
whiff,0.865,0.0,0.035,0.1,0.18,100,25,50,226
hh,0.485,0.104,0.195,0.216,0.16,100,25,50,226
ld,0.338,0.0,0.003,0.659,0.2,100,25,50,226
barrel,0.401,0.0,0.045,0.554,0.46,100,25,50,226
weak,0.923,0.022,0.005,0.051,0.18,100,25,50,226
hr,0.267,0.034,0.13,0.57,0.5,100,25,50,226
swing%,0.753,0.068,0.073,0.106,0.07,100,25,50,226
chase%,0.788,0.0,0.111,0.101,0.18,100,25,50,226
xwobacon,0.0,0.122,0.01,0.869,0.29,0,50,50,1115
la,0.0,0.401,0.252,0.347,1.44,0,50,50,1115
ev,0.0,0.327,0.139,0.534,0.05,0,50,50,1115
gb/fb,0.0,0.23,0.167,0.604,1.37,0,50,50,1115
x_move,0.0,0.726,0.091,0.183,0.89,0,50,50,1115
z_move,0.0,0.295,0.0,0.705,2.11,0,50,50,1115
extension,0.0,0.935,0.045,0.02,0.03,0,50,50,1115
velo,0.0,0.451,0.387,0.163,0.07,0,50,50,1115
spin_rate,0.0,0.431,0.0,0.569,0.21,0,50,50,1115
whiff,0.0,0.371,0.348,0.282,0.57,0,50,50,1115
hh,0.0,0.184,0.287,0.529,0.41,0,50,50,1115
ld,0.0,0.137,0.0,0.863,0.48,0,50,50,1115
barrel,0.0,0.143,0.011,0.846,1.02,0,50,50,1115
weak,0.0,0.316,0.246,0.438,0.49,0,50,50,1115
hr,0.0,0.184,0.07,0.747,1.11,0,50,50,1115
swing%,0.0,0.392,0.345,0.263,0.15,0,50,50,1115
chase%,0.0,0.382,0.252,0.366,0.43,0,50,50,1115
xwobacon,0.061,0.092,0.106,0.741,0.12,10,50,50,979
la,0.577,0.192,0.111,0.12,0.87,10,50,50,979
ev,0.249,0.153,0.197,0.402,0.03,10,50,50,979
gb/fb,0.384,0.306,0.246,0.064,0.82,10,50,50,979
x_move,0.927,0.018,0.0,0.056,0.17,10,50,50,979
z_move,0.939,0.0,0.001,0.06,0.23,10,50,50,979
extension,0.786,0.181,0.025,0.008,0.02,10,50,50,979
velo,0.993,0.0,0.003,0.004,0.01,10,50,50,979
spin_rate,0.993,0.002,0.0,0.005,0.03,10,50,50,979
whiff,0.541,0.171,0.232,0.056,0.36,10,50,50,979
hh,0.161,0.185,0.175,0.478,0.19,10,50,50,979
ld,0.021,0.094,0.089,0.796,0.18,10,50,50,979
barrel,0.09,0.08,0.106,0.724,0.48,10,50,50,979
weak,0.417,0.233,0.186,0.164,0.32,10,50,50,979
hr,0.024,0.144,0.094,0.739,0.47,10,50,50,979
swing%,0.256,0.28,0.248,0.216,0.1,10,50,50,979
chase%,0.471,0.205,0.122,0.202,0.28,10,50,50,979
xwobacon,0.151,0.102,0.104,0.643,0.12,25,50,50,801
la,0.731,0.126,0.046,0.098,0.69,25,50,50,801
ev,0.436,0.127,0.08,0.358,0.03,25,50,50,801
gb/fb,0.325,0.194,0.023,0.458,0.72,25,50,50,801
x_move,0.933,0.0,0.031,0.036,0.14,25,50,50,801
z_move,0.948,0.0,0.0,0.052,0.19,25,50,50,801
extension,0.84,0.11,0.035,0.015,0.01,25,50,50,801
velo,0.992,0.0,0.001,0.007,0.01,25,50,50,801
spin_rate,1.0,0.0,0.0,0.0,0.02,25,50,50,801
whiff,0.771,0.059,0.169,0.0,0.27,25,50,50,801
hh,0.307,0.185,0.164,0.344,0.17,25,50,50,801
ld,0.054,0.095,0.052,0.799,0.18,25,50,50,801
barrel,0.165,0.139,0.095,0.601,0.46,25,50,50,801
weak,0.594,0.162,0.079,0.164,0.25,25,50,50,801
hr,0.084,0.168,0.14,0.608,0.45,25,50,50,801
swing%,0.425,0.2,0.221,0.154,0.08,25,50,50,801
chase%,0.67,0.095,0.119,0.116,0.24,25,50,50,801
xwobacon,0.255,0.105,0.14,0.501,0.11,50,50,50,579
la,0.869,0.016,0.053,0.062,0.6,50,50,50,579
ev,0.572,0.127,0.084,0.217,0.02,50,50,50,579
gb/fb,0.494,0.165,0.02,0.321,0.85,50,50,50,579
x_move,0.95,0.018,0.002,0.029,0.11,50,50,50,579
z_move,0.952,0.0,0.0,0.048,0.15,50,50,50,579
extension,0.897,0.074,0.0,0.03,0.01,50,50,50,579
velo,0.994,0.0,0.0,0.006,0.01,50,50,50,579
spin_rate,0.99,0.0,0.0,0.01,0.02,50,50,50,579
whiff,0.884,0.0,0.116,0.0,0.24,50,50,50,579
hh,0.411,0.15,0.087,0.352,0.17,50,50,50,579
ld,0.092,0.089,0.082,0.737,0.2,50,50,50,579
barrel,0.316,0.072,0.111,0.501,0.45,50,50,50,579
weak,0.774,0.068,0.091,0.067,0.23,50,50,50,579
hr,0.159,0.152,0.108,0.58,0.47,50,50,50,579
swing%,0.595,0.134,0.105,0.166,0.08,50,50,50,579
chase%,0.755,0.062,0.093,0.091,0.21,50,50,50,579
xwobacon,0.286,0.073,0.052,0.589,0.12,75,50,50,379
la,0.895,0.058,0.0,0.047,0.58,75,50,50,379
ev,0.597,0.114,0.105,0.184,0.02,75,50,50,379
gb/fb,0.667,0.063,0.007,0.263,0.89,75,50,50,379
x_move,0.96,0.0,0.006,0.034,0.11,75,50,50,379
z_move,0.947,0.005,0.0,0.048,0.14,75,50,50,379
extension,0.939,0.025,0.0,0.036,0.01,75,50,50,379
velo,0.996,0.0,0.002,0.002,0.01,75,50,50,379
spin_rate,1.0,0.0,0.0,0.0,0.02,75,50,50,379
whiff,0.906,0.0,0.094,0.0,0.21,75,50,50,379
hh,0.413,0.165,0.136,0.286,0.16,75,50,50,379
ld,0.177,0.089,0.042,0.692,0.2,75,50,50,379
barrel,0.398,0.031,0.007,0.564,0.45,75,50,50,379
weak,0.817,0.133,0.024,0.027,0.22,75,50,50,379
hr,0.208,0.106,0.115,0.571,0.47,75,50,50,379
swing%,0.754,0.055,0.073,0.119,0.07,75,50,50,379
chase%,0.814,0.048,0.021,0.118,0.2,75,50,50,379
xwobacon,0.375,0.064,0.061,0.5,0.11,100,50,50,218
la,0.873,0.0,0.0,0.127,0.53,100,50,50,218
ev,0.694,0.073,0.038,0.195,0.02,100,50,50,218
gb/fb,0.915,0.0,0.07,0.016,0.78,100,50,50,218
x_move,0.922,0.0,0.034,0.044,0.11,100,50,50,218
z_move,0.972,0.019,0.0,0.009,0.12,100,50,50,218
extension,0.928,0.035,0.0,0.037,0.01,100,50,50,218
velo,1.0,0.0,0.0,0.0,0.01,100,50,50,218
spin_rate,0.994,0.0,0.0,0.006,0.02,100,50,50,218
whiff,0.849,0.0,0.045,0.107,0.18,100,50,50,218
hh,0.532,0.1,0.111,0.258,0.16,100,50,50,218
ld,0.319,0.121,0.008,0.551,0.19,100,50,50,218
barrel,0.428,0.026,0.0,0.545,0.48,100,50,50,218
weak,0.929,0.014,0.015,0.042,0.18,100,50,50,218
hr,0.215,0.183,0.067,0.535,0.5,100,50,50,218
swing%,0.726,0.098,0.1,0.076,0.07,100,50,50,218
chase%,0.761,0.077,0.103,0.059,0.18,100,50,50,218
xwobacon,0.0,0.216,0.0,0.784,0.3,0,75,50,973
la,0.0,0.457,0.206,0.337,1.42,0,75,50,973
ev,0.0,0.409,0.114,0.477,0.05,0,75,50,973
gb/fb,0.0,0.512,0.136,0.351,1.38,0,75,50,973
x_move,0.0,0.717,0.0,0.283,0.89,0,75,50,973
z_move,0.0,0.36,0.1,0.54,2.01,0,75,50,973
extension,0.0,0.98,0.014,0.006,0.03,0,75,50,973
velo,0.0,0.477,0.392,0.131,0.07,0,75,50,973
spin_rate,0.0,0.438,0.0,0.562,0.19,0,75,50,973
whiff,0.0,0.47,0.295,0.236,0.59,0,75,50,973
hh,0.0,0.325,0.179,0.497,0.38,0,75,50,973
ld,0.0,0.218,0.0,0.782,0.48,0,75,50,973
barrel,0.0,0.218,0.013,0.769,1.15,0,75,50,973
weak,0.0,0.52,0.272,0.208,0.48,0,75,50,973
hr,0.0,0.24,0.073,0.687,1.09,0,75,50,973
swing%,0.0,0.49,0.252,0.258,0.15,0,75,50,973
chase%,0.0,0.516,0.275,0.209,0.43,0,75,50,973
xwobacon,0.062,0.13,0.118,0.691,0.12,10,75,50,865
la,0.532,0.22,0.063,0.185,0.84,10,75,50,865
ev,0.247,0.304,0.116,0.333,0.03,10,75,50,865
gb/fb,0.326,0.451,0.18,0.042,0.82,10,75,50,865
x_move,0.92,0.024,0.015,0.042,0.18,10,75,50,865
z_move,0.932,0.0,0.0,0.068,0.27,10,75,50,865
extension,0.772,0.211,0.012,0.005,0.02,10,75,50,865
velo,0.993,0.0,0.003,0.004,0.01,10,75,50,865
spin_rate,0.996,0.0,0.0,0.004,0.03,10,75,50,865
whiff,0.522,0.239,0.218,0.021,0.34,10,75,50,865
hh,0.163,0.259,0.172,0.406,0.19,10,75,50,865
ld,0.027,0.11,0.067,0.796,0.18,10,75,50,865
barrel,0.086,0.197,0.082,0.635,0.48,10,75,50,865
weak,0.369,0.353,0.129,0.149,0.31,10,75,50,865
hr,0.027,0.164,0.092,0.718,0.47,10,75,50,865
swing%,0.226,0.409,0.177,0.187,0.09,10,75,50,865
chase%,0.473,0.261,0.08,0.186,0.28,10,75,50,865
xwobacon,0.169,0.116,0.091,0.625,0.12,25,75,50,720
la,0.745,0.175,0.008,0.072,0.64,25,75,50,720
ev,0.436,0.196,0.154,0.214,0.02,25,75,50,720
gb/fb,0.319,0.044,0.151,0.486,0.84,25,75,50,720
x_move,0.939,0.0,0.035,0.026,0.16,25,75,50,720
z_move,0.956,0.0,0.0,0.044,0.2,25,75,50,720
extension,0.838,0.133,0.016,0.013,0.01,25,75,50,720
velo,0.988,0.0,0.004,0.008,0.01,25,75,50,720
spin_rate,0.982,0.0,0.018,0.0,0.03,25,75,50,720
whiff,0.792,0.125,0.083,0.0,0.28,25,75,50,720
hh,0.318,0.21,0.178,0.293,0.16,25,75,50,720
ld,0.072,0.087,0.019,0.822,0.19,25,75,50,720
barrel,0.169,0.157,0.115,0.558,0.46,25,75,50,720
weak,0.595,0.212,0.047,0.146,0.25,25,75,50,720
hr,0.091,0.225,0.07,0.614,0.45,25,75,50,720
swing%,0.416,0.295,0.166,0.123,0.08,25,75,50,720
chase%,0.662,0.122,0.097,0.119,0.23,25,75,50,720
xwobacon,0.26,0.114,0.04,0.586,0.12,50,75,50,532
la,0.863,0.086,0.02,0.031,0.57,50,75,50,532
ev,0.51,0.124,0.065,0.301,0.02,50,75,50,532
gb/fb,0.435,0.173,0.055,0.337,0.8,50,75,50,532
x_move,0.953,0.0,0.017,0.03,0.12,50,75,50,532
z_move,0.944,0.0,0.0,0.056,0.18,50,75,50,532
extension,0.892,0.08,0.0,0.029,0.01,50,75,50,532
velo,0.991,0.0,0.0,0.009,0.01,50,75,50,532
spin_rate,1.0,0.0,0.0,0.0,0.02,50,75,50,532
whiff,0.863,0.005,0.12,0.012,0.23,50,75,50,532
hh,0.387,0.207,0.075,0.331,0.16,50,75,50,532
ld,0.096,0.062,0.065,0.777,0.21,50,75,50,532
barrel,0.338,0.086,0.08,0.497,0.45,50,75,50,532
weak,0.779,0.081,0.032,0.108,0.22,50,75,50,532
hr,0.151,0.208,0.087,0.554,0.47,50,75,50,532
swing%,0.551,0.203,0.114,0.132,0.07,50,75,50,532
chase%,0.757,0.129,0.085,0.03,0.21,50,75,50,532
xwobacon,0.293,0.107,0.001,0.6,0.12,75,75,50,354
la,0.867,0.089,0.0,0.043,0.57,75,75,50,354
ev,0.588,0.069,0.098,0.245,0.02,75,75,50,354
gb/fb,0.751,0.111,0.057,0.082,0.84,75,75,50,354
x_move,0.939,0.0,0.03,0.031,0.11,75,75,50,354
z_move,0.96,0.0,0.0,0.04,0.15,75,75,50,354
extension,0.938,0.028,0.0,0.034,0.01,75,75,50,354
velo,0.992,0.0,0.001,0.008,0.01,75,75,50,354
spin_rate,1.0,0.0,0.0,0.0,0.02,75,75,50,354
whiff,0.859,0.034,0.106,0.0,0.21,75,75,50,354
hh,0.436,0.182,0.096,0.285,0.16,75,75,50,354
ld,0.17,0.124,0.0,0.706,0.2,75,75,50,354
barrel,0.428,0.013,0.023,0.536,0.48,75,75,50,354
weak,0.82,0.147,0.0,0.033,0.21,75,75,50,354
hr,0.203,0.179,0.099,0.519,0.47,75,75,50,354
swing%,0.719,0.048,0.121,0.112,0.07,75,75,50,354
chase%,0.807,0.082,0.046,0.064,0.21,75,75,50,354
xwobacon,0.361,0.06,0.038,0.541,0.11,100,75,50,210
la,0.873,0.01,0.0,0.117,0.55,100,75,50,210
ev,0.659,0.097,0.053,0.192,0.02,100,75,50,210
gb/fb,0.77,0.207,0.006,0.017,0.78,100,75,50,210
x_move,0.923,0.0,0.029,0.049,0.11,100,75,50,210
z_move,0.995,0.005,0.0,0.0,0.12,100,75,50,210
extension,0.94,0.029,0.0,0.031,0.01,100,75,50,210
velo,0.996,0.0,0.002,0.002,0.01,100,75,50,210
spin_rate,0.997,0.0,0.0,0.003,0.02,100,75,50,210
whiff,0.848,0.0,0.028,0.125,0.19,100,75,50,210
hh,0.536,0.127,0.076,0.261,0.16,100,75,50,210
ld,0.309,0.131,0.024,0.536,0.19,100,75,50,210
barrel,0.36,0.048,0.027,0.565,0.46,100,75,50,210
weak,0.883,0.021,0.0,0.097,0.17,100,75,50,210
hr,0.213,0.162,0.121,0.503,0.5,100,75,50,210
swing%,0.723,0.09,0.071,0.116,0.07,100,75,50,210
chase%,0.772,0.062,0.15,0.016,0.18,100,75,50,210
xwobacon,0.0,0.184,0.0,0.816,0.29,0,100,50,817
la,0.0,0.439,0.19,0.371,1.47,0,100,50,817
ev,0.0,0.35,0.222,0.428,0.05,0,100,50,817
gb/fb,0.0,0.387,0.316,0.297,1.38,0,100,50,817
x_move,0.0,0.78,0.0,0.22,0.91,0,100,50,817
z_move,0.0,0.327,0.089,0.585,1.92,0,100,50,817
extension,0.0,0.966,0.034,0.0,0.03,0,100,50,817
velo,0.0,0.483,0.332,0.185,0.06,0,100,50,817
spin_rate,0.0,0.502,0.0,0.498,0.19,0,100,50,817
whiff,0.0,0.427,0.289,0.284,0.56,0,100,50,817
hh,0.0,0.325,0.154,0.521,0.38,0,100,50,817
ld,0.0,0.323,0.0,0.677,0.45,0,100,50,817
barrel,0.0,0.226,0.071,0.703,0.99,0,100,50,817
weak,0.0,0.644,0.183,0.174,0.47,0,100,50,817
hr,0.0,0.282,0.093,0.625,1.03,0,100,50,817
swing%,0.0,0.577,0.242,0.181,0.14,0,100,50,817
chase%,0.0,0.443,0.315,0.242,0.42,0,100,50,817
xwobacon,0.076,0.21,0.062,0.652,0.12,10,100,50,742
la,0.566,0.255,0.028,0.151,0.88,10,100,50,742
ev,0.246,0.327,0.11,0.317,0.03,10,100,50,742
gb/fb,0.386,0.251,0.234,0.129,0.79,10,100,50,742
x_move,0.9,0.027,0.011,0.062,0.19,10,100,50,742
z_move,0.932,0.0,0.0,0.068,0.22,10,100,50,742
extension,0.765,0.217,0.012,0.006,0.02,10,100,50,742
velo,0.988,0.004,0.004,0.004,0.01,10,100,50,742
spin_rate,0.992,0.003,0.002,0.003,0.03,10,100,50,742
whiff,0.508,0.249,0.195,0.047,0.35,10,100,50,742
hh,0.15,0.346,0.101,0.404,0.18,10,100,50,742
ld,0.034,0.141,0.071,0.754,0.18,10,100,50,742
barrel,0.086,0.209,0.087,0.619,0.47,10,100,50,742
weak,0.396,0.347,0.168,0.089,0.31,10,100,50,742
hr,0.023,0.251,0.12,0.607,0.46,10,100,50,742
swing%,0.222,0.432,0.149,0.197,0.09,10,100,50,742
chase%,0.442,0.251,0.075,0.231,0.27,10,100,50,742
xwobacon,0.172,0.143,0.095,0.589,0.11,25,100,50,632
la,0.756,0.2,0.0,0.044,0.62,25,100,50,632
ev,0.439,0.165,0.113,0.283,0.02,25,100,50,632
gb/fb,0.297,0.109,0.174,0.42,0.77,25,100,50,632
x_move,0.944,0.0,0.019,0.037,0.14,25,100,50,632
z_move,0.944,0.0,0.0,0.056,0.2,25,100,50,632
extension,0.843,0.137,0.0,0.019,0.01,25,100,50,632
velo,0.996,0.0,0.001,0.002,0.01,25,100,50,632
spin_rate,0.995,0.0,0.0,0.005,0.02,25,100,50,632
whiff,0.743,0.135,0.121,0.0,0.27,25,100,50,632
hh,0.322,0.203,0.179,0.296,0.16,25,100,50,632
ld,0.063,0.163,0.021,0.753,0.19,25,100,50,632
barrel,0.178,0.186,0.101,0.536,0.44,25,100,50,632
weak,0.598,0.244,0.044,0.114,0.24,25,100,50,632
hr,0.076,0.245,0.101,0.578,0.45,25,100,50,632
swing%,0.388,0.394,0.109,0.11,0.08,25,100,50,632
chase%,0.646,0.142,0.108,0.104,0.24,25,100,50,632
xwobacon,0.25,0.134,0.062,0.555,0.11,50,100,50,466
la,0.871,0.034,0.0,0.096,0.59,50,100,50,466
ev,0.513,0.167,0.105,0.216,0.02,50,100,50,466
gb/fb,0.451,0.007,0.047,0.494,0.7,50,100,50,466
x_move,0.932,0.0,0.021,0.047,0.12,50,100,50,466
z_move,0.953,0.0,0.007,0.041,0.17,50,100,50,466
extension,0.888,0.078,0.0,0.034,0.01,50,100,50,466
velo,0.992,0.0,0.0,0.008,0.01,50,100,50,466
spin_rate,0.999,0.0,0.0,0.001,0.02,50,100,50,466
whiff,0.832,0.073,0.094,0.0,0.23,50,100,50,466
hh,0.393,0.239,0.083,0.285,0.16,50,100,50,466
ld,0.084,0.146,0.03,0.74,0.2,50,100,50,466
barrel,0.299,0.182,0.054,0.465,0.43,50,100,50,466
weak,0.755,0.105,0.028,0.113,0.22,50,100,50,466
hr,0.154,0.21,0.117,0.519,0.46,50,100,50,466
swing%,0.573,0.212,0.092,0.123,0.07,50,100,50,466
chase%,0.696,0.121,0.107,0.076,0.21,50,100,50,466
xwobacon,0.285,0.068,0.087,0.56,0.12,75,100,50,315
la,0.854,0.072,0.0,0.073,0.57,75,100,50,315
ev,0.535,0.063,0.063,0.339,0.02,75,100,50,315
gb/fb,0.679,0.006,0.034,0.282,0.76,75,100,50,315
x_move,0.944,0.0,0.015,0.041,0.11,75,100,50,315
z_move,0.976,0.0,0.0,0.024,0.15,75,100,50,315
extension,0.954,0.005,0.0,0.041,0.01,75,100,50,315
velo,0.991,0.0,0.003,0.006,0.01,75,100,50,315
spin_rate,1.0,0.0,0.0,0.0,0.02,75,100,50,315
whiff,0.932,0.0,0.068,0.0,0.21,75,100,50,315
hh,0.397,0.219,0.096,0.288,0.16,75,100,50,315
ld,0.155,0.09,0.056,0.699,0.2,75,100,50,315
barrel,0.402,0.103,0.115,0.38,0.44,75,100,50,315
weak,0.784,0.119,0.005,0.092,0.2,75,100,50,315
hr,0.189,0.187,0.1,0.525,0.48,75,100,50,315
swing%,0.717,0.089,0.106,0.088,0.07,75,100,50,315
chase%,0.781,0.07,0.064,0.085,0.2,75,100,50,315
xwobacon,0.391,0.009,0.056,0.544,0.11,100,100,50,192
la,0.866,0.048,0.0,0.086,0.51,100,100,50,192
ev,0.641,0.112,0.046,0.201,0.02,100,100,50,192
gb/fb,0.861,0.0,0.034,0.105,0.87,100,100,50,192
x_move,0.926,0.0,0.029,0.045,0.11,100,100,50,192
z_move,0.963,0.023,0.01,0.004,0.12,100,100,50,192
extension,0.957,0.005,0.0,0.038,0.01,100,100,50,192
velo,1.0,0.0,0.0,0.0,0.01,100,100,50,192
spin_rate,1.0,0.0,0.0,0.0,0.02,100,100,50,192
whiff,0.858,0.0,0.065,0.076,0.2,100,100,50,192
hh,0.481,0.232,0.051,0.236,0.15,100,100,50,192
ld,0.304,0.088,0.0,0.608,0.2,100,100,50,192
barrel,0.415,0.037,0.0,0.548,0.45,100,100,50,192
weak,0.871,0.012,0.013,0.104,0.18,100,100,50,192
hr,0.196,0.127,0.151,0.527,0.51,100,100,50,192
swing%,0.711,0.115,0.104,0.071,0.07,100,100,50,192
chase%,0.798,0.023,0.101,0.078,0.18,100,100,50,192
xwobacon,0.0,0.038,0.102,0.86,0.31,0,10,75,1056
la,0.0,0.105,0.514,0.381,1.45,0,10,75,1056
ev,0.0,0.042,0.454,0.504,0.05,0,10,75,1056
gb/fb,0.0,0.072,0.571,0.357,1.26,0,10,75,1056
x_move,0.0,0.734,0.085,0.181,0.88,0,10,75,1056
z_move,0.0,0.331,0.0,0.669,2.16,0,10,75,1056
extension,0.0,0.846,0.134,0.02,0.03,0,10,75,1056
velo,0.0,0.496,0.475,0.029,0.07,0,10,75,1056
spin_rate,0.0,0.517,0.0,0.483,0.21,0,10,75,1056
whiff,0.0,0.201,0.473,0.326,0.61,0,10,75,1056
hh,0.0,0.078,0.347,0.575,0.42,0,10,75,1056
ld,0.0,0.011,0.0,0.989,0.49,0,10,75,1056
barrel,0.0,0.046,0.039,0.916,1.16,0,10,75,1056
weak,0.0,0.102,0.569,0.328,0.5,0,10,75,1056
hr,0.0,0.063,0.083,0.854,1.12,0,10,75,1056
swing%,0.0,0.116,0.556,0.328,0.16,0,10,75,1056
chase%,0.0,0.162,0.447,0.391,0.45,0,10,75,1056
xwobacon,0.07,0.023,0.138,0.768,0.12,10,10,75,926
la,0.575,0.033,0.181,0.21,0.85,10,10,75,926
ev,0.256,0.082,0.258,0.403,0.03,10,10,75,926
gb/fb,0.356,0.0,0.311,0.333,0.76,10,10,75,926
x_move,0.926,0.032,0.01,0.033,0.16,10,10,75,926
z_move,0.927,0.0,0.0,0.073,0.19,10,10,75,926
extension,0.763,0.176,0.05,0.01,0.02,10,10,75,926
velo,0.993,0.0,0.004,0.004,0.01,10,10,75,926
spin_rate,0.994,0.003,0.0,0.002,0.03,10,10,75,926
whiff,0.534,0.018,0.278,0.169,0.36,10,10,75,926
hh,0.192,0.062,0.272,0.474,0.19,10,10,75,926
ld,0.031,0.006,0.116,0.847,0.18,10,10,75,926
barrel,0.097,0.028,0.144,0.731,0.48,10,10,75,926
weak,0.426,0.065,0.282,0.227,0.31,10,10,75,926
hr,0.038,0.035,0.184,0.743,0.48,10,10,75,926
swing%,0.265,0.088,0.424,0.224,0.1,10,10,75,926
chase%,0.478,0.073,0.217,0.232,0.28,10,10,75,926
xwobacon,0.147,0.0,0.141,0.712,0.11,25,10,75,742
la,0.764,0.012,0.102,0.122,0.68,25,10,75,742
ev,0.427,0.018,0.214,0.341,0.02,25,10,75,742
gb/fb,0.386,0.058,0.089,0.466,0.86,25,10,75,742
x_move,0.94,0.0,0.057,0.004,0.15,25,10,75,742
z_move,0.945,0.0,0.0,0.055,0.18,25,10,75,742
extension,0.843,0.097,0.042,0.017,0.01,25,10,75,742
velo,0.99,0.0,0.003,0.007,0.01,25,10,75,742
spin_rate,0.999,0.0,0.0,0.001,0.02,25,10,75,742
whiff,0.759,0.018,0.196,0.027,0.29,25,10,75,742
hh,0.289,0.023,0.286,0.402,0.17,25,10,75,742
ld,0.056,0.001,0.108,0.834,0.18,25,10,75,742
barrel,0.18,0.022,0.124,0.675,0.45,25,10,75,742
weak,0.645,0.006,0.182,0.167,0.26,25,10,75,742
hr,0.105,0.015,0.164,0.716,0.47,25,10,75,742
swing%,0.448,0.078,0.302,0.172,0.08,25,10,75,742
chase%,0.693,0.04,0.137,0.13,0.24,25,10,75,742
xwobacon,0.242,0.014,0.157,0.587,0.11,50,10,75,547
la,0.834,0.039,0.014,0.113,0.61,50,10,75,547
ev,0.517,0.048,0.189,0.246,0.02,50,10,75,547
gb/fb,0.466,0.025,0.133,0.376,0.72,50,10,75,547
x_move,0.959,0.006,0.013,0.021,0.11,50,10,75,547
z_move,0.945,0.0,0.0,0.055,0.15,50,10,75,547
extension,0.89,0.064,0.013,0.034,0.01,50,10,75,547
velo,0.995,0.0,0.0,0.005,0.01,50,10,75,547
spin_rate,0.998,0.0,0.0,0.002,0.02,50,10,75,547
whiff,0.832,0.045,0.123,0.0,0.24,50,10,75,547
hh,0.395,0.057,0.161,0.387,0.16,50,10,75,547
ld,0.08,0.0,0.081,0.839,0.2,50,10,75,547
barrel,0.334,0.009,0.137,0.519,0.44,50,10,75,547
weak,0.787,0.038,0.063,0.112,0.23,50,10,75,547
hr,0.17,0.038,0.234,0.558,0.46,50,10,75,547
swing%,0.597,0.061,0.201,0.14,0.08,50,10,75,547
chase%,0.763,0.04,0.127,0.07,0.21,50,10,75,547
xwobacon,0.264,0.039,0.055,0.642,0.12,75,10,75,361
la,0.879,0.027,0.018,0.076,0.58,75,10,75,361
ev,0.615,0.05,0.116,0.219,0.02,75,10,75,361
gb/fb,0.692,0.0,0.271,0.037,0.74,75,10,75,361
x_move,0.974,0.0,0.006,0.02,0.11,75,10,75,361
z_move,0.944,0.002,0.0,0.054,0.13,75,10,75,361
extension,0.92,0.039,0.0,0.041,0.01,75,10,75,361
velo,1.0,0.0,0.0,0.0,0.01,75,10,75,361
spin_rate,1.0,0.0,0.0,0.0,0.02,75,10,75,361
whiff,0.887,0.0,0.113,0.0,0.21,75,10,75,361
hh,0.446,0.06,0.154,0.339,0.16,75,10,75,361
ld,0.169,0.0,0.0,0.831,0.2,75,10,75,361
barrel,0.382,0.029,0.045,0.543,0.45,75,10,75,361
weak,0.827,0.045,0.063,0.065,0.21,75,10,75,361
hr,0.216,0.045,0.156,0.583,0.48,75,10,75,361
swing%,0.719,0.062,0.11,0.11,0.07,75,10,75,361
chase%,0.84,0.031,0.07,0.058,0.2,75,10,75,361
xwobacon,0.392,0.009,0.095,0.504,0.11,100,10,75,209
la,0.882,0.02,0.002,0.096,0.51,100,10,75,209
ev,0.706,0.006,0.119,0.169,0.02,100,10,75,209
gb/fb,0.753,0.014,0.001,0.232,0.44,100,10,75,209
x_move,0.96,0.0,0.014,0.026,0.1,100,10,75,209
z_move,0.974,0.026,0.0,0.0,0.1,100,10,75,209
extension,0.922,0.037,0.0,0.041,0.01,100,10,75,209
velo,1.0,0.0,0.0,0.0,0.01,100,10,75,209
spin_rate,0.999,0.0,0.0,0.001,0.02,100,10,75,209
whiff,0.851,0.0,0.0,0.149,0.2,100,10,75,209
hh,0.559,0.04,0.182,0.219,0.16,100,10,75,209
ld,0.369,0.035,0.0,0.597,0.2,100,10,75,209
barrel,0.41,0.0,0.003,0.587,0.46,100,10,75,209
weak,0.903,0.028,0.0,0.069,0.17,100,10,75,209
hr,0.25,0.0,0.167,0.583,0.5,100,10,75,209
swing%,0.747,0.081,0.061,0.111,0.07,100,10,75,209
chase%,0.823,0.0,0.162,0.015,0.18,100,10,75,209
xwobacon,0.0,0.0,0.202,0.798,0.31,0,25,75,1033
la,0.0,0.165,0.405,0.429,1.44,0,25,75,1033
ev,0.0,0.128,0.404,0.469,0.05,0,25,75,1033
gb/fb,0.0,0.088,0.45,0.462,1.23,0,25,75,1033
x_move,0.0,0.621,0.234,0.146,0.91,0,25,75,1033
z_move,0.0,0.351,0.075,0.573,2.03,0,25,75,1033
extension,0.0,0.876,0.109,0.015,0.03,0,25,75,1033
velo,0.0,0.47,0.412,0.118,0.07,0,25,75,1033
spin_rate,0.0,0.658,0.0,0.342,0.21,0,25,75,1033
whiff,0.0,0.292,0.51,0.198,0.64,0,25,75,1033
hh,0.0,0.093,0.355,0.552,0.4,0,25,75,1033
ld,0.0,0.0,0.0,1.0,0.49,0,25,75,1033
barrel,0.0,0.035,0.084,0.881,1.14,0,25,75,1033
weak,0.0,0.167,0.504,0.329,0.49,0,25,75,1033
hr,0.0,0.086,0.208,0.706,1.07,0,25,75,1033
swing%,0.0,0.241,0.492,0.266,0.15,0,25,75,1033
chase%,0.0,0.275,0.435,0.291,0.45,0,25,75,1033
xwobacon,0.072,0.025,0.117,0.787,0.12,10,25,75,907
la,0.557,0.126,0.122,0.195,0.87,10,25,75,907
ev,0.242,0.134,0.206,0.418,0.03,10,25,75,907
gb/fb,0.37,0.153,0.25,0.227,0.79,10,25,75,907
x_move,0.934,0.0,0.038,0.029,0.17,10,25,75,907
z_move,0.943,0.0,0.0,0.057,0.21,10,25,75,907
extension,0.754,0.187,0.047,0.012,0.02,10,25,75,907
velo,0.997,0.0,0.001,0.002,0.01,10,25,75,907
spin_rate,0.987,0.003,0.0,0.009,0.03,10,25,75,907
whiff,0.545,0.063,0.293,0.098,0.36,10,25,75,907
hh,0.176,0.116,0.22,0.489,0.19,10,25,75,907
ld,0.024,0.015,0.129,0.832,0.18,10,25,75,907
barrel,0.103,0.031,0.116,0.751,0.47,10,25,75,907
weak,0.403,0.165,0.256,0.176,0.31,10,25,75,907
hr,0.035,0.072,0.195,0.698,0.47,10,25,75,907
swing%,0.26,0.205,0.357,0.178,0.09,10,25,75,907
chase%,0.463,0.112,0.247,0.178,0.28,10,25,75,907
xwobacon,0.147,0.044,0.142,0.667,0.11,25,25,75,731
la,0.764,0.085,0.044,0.106,0.67,25,25,75,731
ev,0.421,0.064,0.2,0.315,0.02,25,25,75,731
gb/fb,0.317,0.118,0.153,0.412,0.86,25,25,75,731
x_move,0.953,0.0,0.047,0.0,0.15,25,25,75,731
z_move,0.952,0.0,0.0,0.048,0.17,25,25,75,731
extension,0.836,0.107,0.037,0.021,0.01,25,25,75,731
velo,0.989,0.0,0.0,0.011,0.01,25,25,75,731
spin_rate,0.986,0.0,0.014,0.0,0.03,25,25,75,731
whiff,0.744,0.0,0.23,0.026,0.28,25,25,75,731
hh,0.308,0.094,0.239,0.36,0.17,25,25,75,731
ld,0.055,0.039,0.126,0.78,0.18,25,25,75,731
barrel,0.181,0.057,0.179,0.583,0.45,25,25,75,731
weak,0.615,0.115,0.159,0.112,0.26,25,25,75,731
hr,0.092,0.076,0.176,0.655,0.46,25,25,75,731
swing%,0.436,0.172,0.247,0.145,0.08,25,25,75,731
chase%,0.676,0.061,0.158,0.105,0.24,25,25,75,731
xwobacon,0.245,0.029,0.09,0.636,0.11,50,25,75,545
la,0.834,0.019,0.039,0.108,0.61,50,25,75,545
ev,0.543,0.037,0.142,0.278,0.02,50,25,75,545
gb/fb,0.467,0.084,0.02,0.428,0.79,50,25,75,545
x_move,0.957,0.011,0.013,0.02,0.11,50,25,75,545
z_move,0.95,0.0,0.0,0.05,0.15,50,25,75,545
extension,0.887,0.073,0.006,0.035,0.01,50,25,75,545
velo,0.996,0.0,0.0,0.004,0.01,50,25,75,545
spin_rate,0.997,0.0,0.0,0.003,0.02,50,25,75,545
whiff,0.825,0.026,0.149,0.0,0.24,50,25,75,545
hh,0.397,0.062,0.149,0.392,0.16,50,25,75,545
ld,0.078,0.032,0.019,0.872,0.21,50,25,75,545
barrel,0.321,0.046,0.089,0.545,0.44,50,25,75,545
weak,0.789,0.008,0.094,0.109,0.22,50,25,75,545
hr,0.186,0.066,0.141,0.607,0.47,50,25,75,545
swing%,0.573,0.113,0.201,0.113,0.07,50,25,75,545
chase%,0.769,0.043,0.132,0.057,0.21,50,25,75,545
xwobacon,0.248,0.001,0.123,0.628,0.12,75,25,75,360
la,0.89,0.012,0.0,0.098,0.58,75,25,75,360
ev,0.622,0.021,0.131,0.225,0.02,75,25,75,360
gb/fb,0.75,0.0,0.019,0.231,0.75,75,25,75,360
x_move,0.975,0.0,0.005,0.019,0.11,75,25,75,360
z_move,0.942,0.004,0.0,0.054,0.13,75,25,75,360
extension,0.915,0.044,0.0,0.041,0.01,75,25,75,360
velo,1.0,0.0,0.0,0.0,0.01,75,25,75,360
spin_rate,1.0,0.0,0.0,0.0,0.02,75,25,75,360
whiff,0.882,0.024,0.094,0.0,0.21,75,25,75,360
hh,0.446,0.032,0.184,0.338,0.16,75,25,75,360
ld,0.156,0.024,0.039,0.781,0.2,75,25,75,360
barrel,0.374,0.024,0.061,0.541,0.45,75,25,75,360
weak,0.833,0.006,0.092,0.069,0.22,75,25,75,360
hr,0.198,0.091,0.18,0.532,0.47,75,25,75,360
swing%,0.711,0.037,0.153,0.099,0.07,75,25,75,360
chase%,0.841,0.034,0.068,0.057,0.2,75,25,75,360
xwobacon,0.392,0.001,0.097,0.51,0.11,100,25,75,208
la,0.88,0.038,0.0,0.082,0.51,100,25,75,208
ev,0.713,0.055,0.137,0.096,0.02,100,25,75,208
gb/fb,0.795,0.121,0.03,0.054,0.79,100,25,75,208
x_move,0.96,0.0,0.015,0.025,0.1,100,25,75,208
z_move,0.974,0.025,0.0,0.001,0.11,100,25,75,208
extension,0.923,0.035,0.0,0.042,0.01,100,25,75,208
velo,1.0,0.0,0.0,0.0,0.01,100,25,75,208
spin_rate,0.999,0.0,0.0,0.001,0.02,100,25,75,208
whiff,0.847,0.015,0.0,0.138,0.2,100,25,75,208
hh,0.578,0.052,0.135,0.235,0.16,100,25,75,208
ld,0.364,0.019,0.066,0.551,0.2,100,25,75,208
barrel,0.405,0.0,0.043,0.551,0.46,100,25,75,208
weak,0.901,0.053,0.0,0.046,0.17,100,25,75,208
hr,0.221,0.034,0.19,0.554,0.5,100,25,75,208
swing%,0.732,0.139,0.008,0.121,0.07,100,25,75,208
chase%,0.826,0.011,0.151,0.013,0.18,100,25,75,208
xwobacon,0.0,0.114,0.117,0.769,0.29,0,50,75,932
la,0.0,0.414,0.278,0.308,1.47,0,50,75,932
ev,0.0,0.343,0.208,0.449,0.05,0,50,75,932
gb/fb,0.0,0.303,0.112,0.585,1.4,0,50,75,932
x_move,0.0,0.64,0.183,0.178,0.91,0,50,75,932
z_move,0.0,0.27,0.122,0.608,1.9,0,50,75,932
extension,0.0,0.925,0.062,0.014,0.03,0,50,75,932
velo,0.0,0.448,0.388,0.164,0.07,0,50,75,932
spin_rate,0.0,0.438,0.0,0.562,0.2,0,50,75,932
whiff,0.0,0.371,0.506,0.123,0.6,0,50,75,932
hh,0.0,0.22,0.294,0.486,0.39,0,50,75,932
ld,0.0,0.051,0.102,0.846,0.45,0,50,75,932
barrel,0.0,0.063,0.017,0.92,1.09,0,50,75,932
weak,0.0,0.406,0.327,0.267,0.49,0,50,75,932
hr,0.0,0.159,0.07,0.771,1.04,0,50,75,932
swing%,0.0,0.363,0.406,0.23,0.15,0,50,75,932
chase%,0.0,0.427,0.357,0.216,0.43,0,50,75,932
xwobacon,0.067,0.133,0.095,0.704,0.12,10,50,75,826
la,0.549,0.145,0.166,0.139,0.89,10,50,75,826
ev,0.239,0.184,0.194,0.382,0.03,10,50,75,826
gb/fb,0.386,0.14,0.344,0.13,0.83,10,50,75,826
x_move,0.927,0.015,0.018,0.041,0.18,10,50,75,826
z_move,0.94,0.0,0.0,0.06,0.22,10,50,75,826
extension,0.75,0.233,0.002,0.016,0.02,10,50,75,826
velo,0.991,0.0,0.005,0.005,0.01,10,50,75,826
spin_rate,0.991,0.003,0.003,0.003,0.03,10,50,75,826
whiff,0.526,0.235,0.215,0.024,0.36,10,50,75,826
hh,0.162,0.176,0.213,0.449,0.18,10,50,75,826
ld,0.027,0.033,0.077,0.863,0.18,10,50,75,826
barrel,0.092,0.111,0.132,0.665,0.47,10,50,75,826
weak,0.409,0.272,0.125,0.194,0.31,10,50,75,826
hr,0.03,0.141,0.163,0.665,0.46,10,50,75,826
swing%,0.228,0.307,0.303,0.162,0.09,10,50,75,826
chase%,0.443,0.232,0.187,0.138,0.27,10,50,75,826
xwobacon,0.164,0.092,0.13,0.613,0.12,25,50,75,681
la,0.758,0.088,0.041,0.113,0.69,25,50,75,681
ev,0.421,0.156,0.117,0.306,0.02,25,50,75,681
gb/fb,0.356,0.097,0.034,0.513,0.79,25,50,75,681
x_move,0.938,0.0,0.041,0.021,0.15,25,50,75,681
z_move,0.943,0.0,0.0,0.057,0.18,25,50,75,681
extension,0.842,0.11,0.031,0.017,0.01,25,50,75,681
velo,0.996,0.0,0.0,0.004,0.01,25,50,75,681
spin_rate,0.978,0.0,0.022,0.0,0.03,25,50,75,681
whiff,0.743,0.067,0.176,0.014,0.28,25,50,75,681
hh,0.306,0.165,0.204,0.325,0.17,25,50,75,681
ld,0.062,0.083,0.063,0.791,0.19,25,50,75,681
barrel,0.191,0.106,0.171,0.532,0.46,25,50,75,681
weak,0.615,0.12,0.171,0.093,0.25,25,50,75,681
hr,0.097,0.142,0.154,0.606,0.44,25,50,75,681
swing%,0.398,0.287,0.186,0.128,0.08,25,50,75,681
chase%,0.66,0.129,0.119,0.091,0.23,25,50,75,681
xwobacon,0.234,0.098,0.106,0.563,0.11,50,50,75,512
la,0.851,0.099,0.0,0.05,0.61,50,50,75,512
ev,0.548,0.133,0.109,0.211,0.02,50,50,75,512
gb/fb,0.435,0.049,0.118,0.398,0.79,50,50,75,512
x_move,0.955,0.004,0.012,0.029,0.11,50,50,75,512
z_move,0.935,0.004,0.011,0.05,0.13,50,50,75,512
extension,0.886,0.079,0.0,0.035,0.01,50,50,75,512
velo,0.998,0.0,0.0,0.002,0.01,50,50,75,512
spin_rate,0.995,0.0,0.0,0.005,0.02,50,50,75,512
whiff,0.852,0.0,0.148,0.0,0.24,50,50,75,512
hh,0.384,0.136,0.161,0.319,0.16,50,50,75,512
ld,0.067,0.065,0.071,0.797,0.2,50,50,75,512
barrel,0.309,0.117,0.122,0.452,0.44,50,50,75,512
weak,0.775,0.101,0.025,0.098,0.22,50,50,75,512
hr,0.159,0.149,0.17,0.522,0.46,50,50,75,512
swing%,0.557,0.151,0.166,0.127,0.07,50,50,75,512
chase%,0.774,0.043,0.133,0.049,0.21,50,50,75,512
xwobacon,0.279,0.024,0.119,0.578,0.12,75,50,75,342
la,0.885,0.039,0.0,0.076,0.6,75,50,75,342
ev,0.636,0.052,0.112,0.2,0.02,75,50,75,342
gb/fb,0.614,0.031,0.025,0.33,0.84,75,50,75,342
x_move,0.96,0.0,0.016,0.024,0.11,75,50,75,342
z_move,0.951,0.0,0.0,0.049,0.16,75,50,75,342
extension,0.918,0.04,0.0,0.041,0.01,75,50,75,342
velo,1.0,0.0,0.0,0.0,0.01,75,50,75,342
spin_rate,0.989,0.0,0.0,0.011,0.02,75,50,75,342
whiff,0.864,0.0,0.136,0.0,0.22,75,50,75,342
hh,0.462,0.116,0.143,0.279,0.17,75,50,75,342
ld,0.128,0.098,0.091,0.683,0.2,75,50,75,342
barrel,0.414,0.0,0.092,0.494,0.48,75,50,75,342
weak,0.842,0.053,0.077,0.028,0.21,75,50,75,342
hr,0.201,0.049,0.204,0.546,0.48,75,50,75,342
swing%,0.705,0.101,0.115,0.08,0.07,75,50,75,342
chase%,0.826,0.033,0.083,0.058,0.2,75,50,75,342
xwobacon,0.399,0.078,0.106,0.417,0.11,100,50,75,200
la,0.902,0.032,0.0,0.066,0.51,100,50,75,200
ev,0.698,0.1,0.096,0.106,0.02,100,50,75,200
gb/fb,0.867,0.0,0.011,0.122,0.84,100,50,75,200
x_move,0.929,0.0,0.034,0.038,0.11,100,50,75,200
z_move,0.961,0.029,0.0,0.01,0.12,100,50,75,200
extension,0.927,0.029,0.0,0.044,0.01,100,50,75,200
velo,1.0,0.0,0.0,0.0,0.01,100,50,75,200
spin_rate,0.994,0.0,0.0,0.006,0.02,100,50,75,200
whiff,0.852,0.0,0.03,0.118,0.19,100,50,75,200
hh,0.556,0.076,0.166,0.202,0.15,100,50,75,200
ld,0.338,0.052,0.123,0.487,0.2,100,50,75,200
barrel,0.409,0.076,0.043,0.472,0.46,100,50,75,200
weak,0.908,0.034,0.005,0.053,0.18,100,50,75,200
hr,0.255,0.114,0.057,0.574,0.51,100,50,75,200
swing%,0.714,0.119,0.06,0.108,0.07,100,50,75,200
chase%,0.839,0.0,0.155,0.005,0.18,100,50,75,200
xwobacon,0.0,0.006,0.046,0.948,0.3,0,75,75,832
la,0.0,0.443,0.256,0.301,1.42,0,75,75,832
ev,0.0,0.33,0.33,0.34,0.05,0,75,75,832
gb/fb,0.0,0.497,0.305,0.199,1.4,0,75,75,832
x_move,0.0,0.817,0.031,0.151,0.89,0,75,75,832
z_move,0.0,0.266,0.117,0.617,1.97,0,75,75,832
extension,0.0,0.96,0.019,0.022,0.03,0,75,75,832
velo,0.0,0.499,0.464,0.037,0.07,0,75,75,832
spin_rate,0.0,0.496,0.0,0.504,0.2,0,75,75,832
whiff,0.0,0.449,0.357,0.194,0.58,0,75,75,832
hh,0.0,0.197,0.335,0.468,0.38,0,75,75,832
ld,0.0,0.126,0.01,0.864,0.46,0,75,75,832
barrel,0.0,0.129,0.054,0.817,1.07,0,75,75,832
weak,0.0,0.46,0.288,0.252,0.52,0,75,75,832
hr,0.0,0.213,0.029,0.758,1.02,0,75,75,832
swing%,0.0,0.444,0.398,0.158,0.14,0,75,75,832
chase%,0.0,0.491,0.399,0.11,0.44,0,75,75,832
xwobacon,0.079,0.107,0.088,0.726,0.12,10,75,75,743
la,0.591,0.175,0.092,0.143,0.86,10,75,75,743
ev,0.258,0.287,0.137,0.317,0.03,10,75,75,743
gb/fb,0.376,0.285,0.339,0.0,0.88,10,75,75,743
x_move,0.938,0.008,0.029,0.025,0.17,10,75,75,743
z_move,0.932,0.0,0.0,0.068,0.22,10,75,75,743
extension,0.763,0.21,0.017,0.011,0.02,10,75,75,743
velo,0.989,0.0,0.006,0.006,0.01,10,75,75,743
spin_rate,0.999,0.0,0.0,0.0,0.03,10,75,75,743
whiff,0.516,0.242,0.242,0.0,0.36,10,75,75,743
hh,0.176,0.268,0.183,0.373,0.18,10,75,75,743
ld,0.029,0.092,0.08,0.799,0.18,10,75,75,743
barrel,0.108,0.119,0.121,0.652,0.48,10,75,75,743
weak,0.428,0.343,0.117,0.112,0.31,10,75,75,743
hr,0.035,0.188,0.143,0.633,0.46,10,75,75,743
swing%,0.227,0.389,0.229,0.155,0.09,10,75,75,743
chase%,0.471,0.257,0.14,0.132,0.27,10,75,75,743
xwobacon,0.161,0.122,0.096,0.622,0.12,25,75,75,623
la,0.793,0.119,0.026,0.062,0.73,25,75,75,623
ev,0.432,0.2,0.154,0.215,0.02,25,75,75,623
gb/fb,0.353,0.104,0.114,0.428,0.9,25,75,75,623
x_move,0.927,0.014,0.029,0.03,0.14,25,75,75,623
z_move,0.932,0.0,0.0,0.068,0.16,25,75,75,623
extension,0.827,0.141,0.014,0.018,0.01,25,75,75,623
velo,0.989,0.0,0.003,0.008,0.01,25,75,75,623
spin_rate,0.981,0.0,0.019,0.0,0.03,25,75,75,623
whiff,0.756,0.107,0.136,0.0,0.28,25,75,75,623
hh,0.307,0.22,0.189,0.283,0.16,25,75,75,623
ld,0.065,0.091,0.063,0.782,0.18,25,75,75,623
barrel,0.191,0.123,0.13,0.557,0.46,25,75,75,623
weak,0.641,0.223,0.065,0.071,0.26,25,75,75,623
hr,0.093,0.186,0.15,0.572,0.44,25,75,75,623
swing%,0.386,0.318,0.187,0.109,0.08,25,75,75,623
chase%,0.669,0.12,0.137,0.074,0.24,25,75,75,623
xwobacon,0.257,0.057,0.104,0.581,0.11,50,75,75,474
la,0.85,0.048,0.0,0.102,0.56,50,75,75,474
ev,0.533,0.132,0.134,0.2,0.02,50,75,75,474
gb/fb,0.52,0.077,0.026,0.377,0.86,50,75,75,474
x_move,0.946,0.0,0.021,0.033,0.11,50,75,75,474
z_move,0.945,0.001,0.0,0.053,0.13,50,75,75,474
extension,0.86,0.105,0.0,0.035,0.01,50,75,75,474
velo,0.989,0.0,0.0,0.011,0.01,50,75,75,474
spin_rate,0.982,0.0,0.0,0.018,0.02,50,75,75,474
whiff,0.844,0.054,0.102,0.0,0.24,50,75,75,474
hh,0.404,0.13,0.164,0.302,0.16,50,75,75,474
ld,0.066,0.071,0.067,0.796,0.21,50,75,75,474
barrel,0.332,0.013,0.169,0.486,0.43,50,75,75,474
weak,0.765,0.124,0.081,0.03,0.23,50,75,75,474
hr,0.173,0.129,0.16,0.538,0.47,50,75,75,474
swing%,0.527,0.224,0.161,0.089,0.07,50,75,75,474
chase%,0.752,0.07,0.124,0.054,0.21,50,75,75,474
xwobacon,0.27,0.112,0.051,0.567,0.12,75,75,75,324
la,0.872,0.122,0.0,0.006,0.58,75,75,75,324
ev,0.589,0.116,0.107,0.188,0.02,75,75,75,324
gb/fb,0.593,0.014,0.196,0.196,0.9,75,75,75,324
x_move,0.955,0.0,0.029,0.016,0.11,75,75,75,324
z_move,0.949,0.0,0.0,0.051,0.14,75,75,75,324
extension,0.926,0.034,0.0,0.04,0.01,75,75,75,324
velo,0.99,0.0,0.003,0.006,0.01,75,75,75,324
spin_rate,0.99,0.0,0.0,0.01,0.02,75,75,75,324
whiff,0.906,0.0,0.094,0.0,0.22,75,75,75,324
hh,0.437,0.115,0.148,0.3,0.16,75,75,75,324
ld,0.146,0.036,0.016,0.801,0.21,75,75,75,324
barrel,0.389,0.095,0.054,0.462,0.46,75,75,75,324
weak,0.818,0.088,0.04,0.054,0.21,75,75,75,324
hr,0.189,0.156,0.193,0.463,0.47,75,75,75,324
swing%,0.7,0.125,0.077,0.098,0.07,75,75,75,324
chase%,0.828,0.049,0.071,0.052,0.2,75,75,75,324
xwobacon,0.386,0.009,0.068,0.537,0.11,100,75,75,195
la,0.893,0.0,0.036,0.071,0.54,100,75,75,195
ev,0.665,0.116,0.086,0.133,0.02,100,75,75,195
gb/fb,0.834,0.0,0.022,0.145,0.84,100,75,75,195
x_move,0.927,0.0,0.042,0.031,0.11,100,75,75,195
z_move,0.978,0.022,0.0,0.0,0.12,100,75,75,195
extension,0.932,0.027,0.0,0.041,0.01,100,75,75,195
velo,1.0,0.0,0.0,0.0,0.01,100,75,75,195
spin_rate,0.996,0.0,0.0,0.004,0.02,100,75,75,195
whiff,0.84,0.06,0.002,0.099,0.19,100,75,75,195
hh,0.527,0.204,0.123,0.146,0.15,100,75,75,195
ld,0.344,0.014,0.031,0.612,0.2,100,75,75,195
barrel,0.394,0.095,0.0,0.511,0.46,100,75,75,195
weak,0.896,0.0,0.015,0.089,0.17,100,75,75,195
hr,0.239,0.126,0.109,0.526,0.51,100,75,75,195
swing%,0.669,0.148,0.073,0.111,0.07,100,75,75,195
chase%,0.811,0.0,0.179,0.01,0.18,100,75,75,195
xwobacon,0.0,0.057,0.037,0.905,0.29,0,100,75,707
la,0.0,0.538,0.101,0.36,1.46,0,100,75,707
ev,0.0,0.234,0.267,0.499,0.05,0,100,75,707
gb/fb,0.0,0.475,0.15,0.375,1.28,0,100,75,707
x_move,0.0,0.743,0.006,0.251,0.92,0,100,75,707
z_move,0.0,0.225,0.069,0.706,1.94,0,100,75,707
extension,0.0,0.968,0.017,0.015,0.03,0,100,75,707
velo,0.0,0.438,0.379,0.182,0.06,0,100,75,707
spin_rate,0.0,0.416,0.0,0.584,0.17,0,100,75,707
whiff,0.0,0.569,0.431,0.0,0.58,0,100,75,707
hh,0.0,0.127,0.264,0.609,0.38,0,100,75,707
ld,0.0,0.221,0.043,0.735,0.43,0,100,75,707
barrel,0.0,0.116,0.049,0.835,1.0,0,100,75,707
weak,0.0,0.513,0.262,0.224,0.47,0,100,75,707
hr,0.0,0.248,0.03,0.722,0.95,0,100,75,707
swing%,0.0,0.524,0.364,0.113,0.14,0,100,75,707
chase%,0.0,0.475,0.447,0.078,0.43,0,100,75,707
xwobacon,0.076,0.181,0.083,0.66,0.12,10,100,75,643
la,0.562,0.247,0.018,0.173,0.81,10,100,75,643
ev,0.259,0.271,0.154,0.317,0.03,10,100,75,643
gb/fb,0.373,0.223,0.349,0.055,0.73,10,100,75,643
x_move,0.915,0.036,0.011,0.038,0.18,10,100,75,643
z_move,0.931,0.0,0.0,0.069,0.25,10,100,75,643
extension,0.763,0.214,0.008,0.015,0.02,10,100,75,643
velo,0.987,0.004,0.005,0.004,0.01,10,100,75,643
spin_rate,0.978,0.018,0.0,0.004,0.03,10,100,75,643
whiff,0.507,0.151,0.342,0.0,0.36,10,100,75,643
hh,0.163,0.233,0.156,0.447,0.18,10,100,75,643
ld,0.022,0.127,0.087,0.765,0.18,10,100,75,643
barrel,0.104,0.167,0.118,0.611,0.46,10,100,75,643
weak,0.406,0.305,0.149,0.14,0.31,10,100,75,643
hr,0.031,0.239,0.15,0.58,0.46,10,100,75,643
swing%,0.234,0.394,0.226,0.146,0.09,10,100,75,643
chase%,0.447,0.275,0.17,0.109,0.26,10,100,75,643
xwobacon,0.18,0.063,0.096,0.661,0.12,25,100,75,550
la,0.776,0.135,0.0,0.09,0.7,25,100,75,550
ev,0.461,0.166,0.174,0.199,0.02,25,100,75,550
gb/fb,0.318,0.193,0.085,0.404,0.85,25,100,75,550
x_move,0.926,0.0,0.058,0.015,0.14,25,100,75,550
z_move,0.948,0.0,0.0,0.052,0.16,25,100,75,550
extension,0.822,0.158,0.001,0.019,0.01,25,100,75,550
velo,0.993,0.0,0.002,0.005,0.01,25,100,75,550
spin_rate,1.0,0.0,0.0,0.0,0.02,25,100,75,550
whiff,0.747,0.072,0.181,0.0,0.29,25,100,75,550
hh,0.313,0.18,0.201,0.306,0.16,25,100,75,550
ld,0.061,0.13,0.068,0.741,0.19,25,100,75,550
barrel,0.221,0.083,0.122,0.575,0.45,25,100,75,550
weak,0.662,0.176,0.051,0.111,0.25,25,100,75,550
hr,0.087,0.173,0.161,0.579,0.44,25,100,75,550
swing%,0.393,0.294,0.207,0.105,0.08,25,100,75,550
chase%,0.688,0.102,0.124,0.086,0.24,25,100,75,550
xwobacon,0.259,0.142,0.051,0.548,0.11,50,100,75,416
la,0.883,0.011,0.0,0.106,0.59,50,100,75,416
ev,0.553,0.149,0.119,0.179,0.02,50,100,75,416
gb/fb,0.445,0.043,0.068,0.444,0.79,50,100,75,416
x_move,0.94,0.0,0.032,0.029,0.11,50,100,75,416
z_move,0.957,0.002,0.0,0.041,0.13,50,100,75,416
extension,0.875,0.086,0.0,0.039,0.01,50,100,75,416
velo,0.999,0.0,0.0,0.001,0.01,50,100,75,416
spin_rate,0.978,0.0,0.0,0.022,0.02,50,100,75,416
whiff,0.793,0.06,0.148,0.0,0.23,50,100,75,416
hh,0.4,0.208,0.106,0.286,0.16,50,100,75,416
ld,0.074,0.102,0.031,0.794,0.21,50,100,75,416
barrel,0.354,0.12,0.089,0.437,0.43,50,100,75,416
weak,0.795,0.055,0.006,0.144,0.22,50,100,75,416
hr,0.151,0.235,0.144,0.47,0.46,50,100,75,416
swing%,0.531,0.2,0.168,0.102,0.07,50,100,75,416
chase%,0.735,0.121,0.094,0.05,0.21,50,100,75,416
xwobacon,0.273,0.113,0.039,0.575,0.12,75,100,75,289
la,0.874,0.087,0.0,0.039,0.54,75,100,75,289
ev,0.578,0.122,0.103,0.196,0.02,75,100,75,289
gb/fb,0.685,0.015,0.018,0.282,0.81,75,100,75,289
x_move,0.954,0.0,0.027,0.019,0.11,75,100,75,289
z_move,0.953,0.0,0.0,0.047,0.16,75,100,75,289
extension,0.935,0.021,0.0,0.044,0.01,75,100,75,289
velo,0.997,0.001,0.001,0.001,0.01,75,100,75,289
spin_rate,0.993,0.0,0.0,0.007,0.02,75,100,75,289
whiff,0.915,0.0,0.085,0.0,0.22,75,100,75,289
hh,0.455,0.289,0.021,0.236,0.16,75,100,75,289
ld,0.162,0.061,0.0,0.777,0.2,75,100,75,289
barrel,0.394,0.132,0.055,0.418,0.44,75,100,75,289
weak,0.802,0.141,0.0,0.057,0.21,75,100,75,289
hr,0.155,0.212,0.143,0.49,0.48,75,100,75,289
swing%,0.698,0.106,0.123,0.074,0.07,75,100,75,289
chase%,0.789,0.088,0.11,0.013,0.2,75,100,75,289
xwobacon,0.407,0.041,0.079,0.472,0.11,100,100,75,180
la,0.872,0.0,0.008,0.121,0.49,100,100,75,180
ev,0.684,0.079,0.059,0.178,0.02,100,100,75,180
gb/fb,0.957,0.038,0.005,0.0,0.82,100,100,75,180
x_move,0.927,0.0,0.031,0.042,0.11,100,100,75,180
z_move,0.963,0.03,0.0,0.008,0.12,100,100,75,180
extension,0.924,0.032,0.0,0.043,0.01,100,100,75,180
velo,1.0,0.0,0.0,0.0,0.01,100,100,75,180
spin_rate,1.0,0.0,0.0,0.0,0.02,100,100,75,180
whiff,0.834,0.022,0.043,0.102,0.19,100,100,75,180
hh,0.553,0.157,0.079,0.211,0.15,100,100,75,180
ld,0.325,0.0,0.0,0.675,0.2,100,100,75,180
barrel,0.418,0.045,0.089,0.448,0.45,100,100,75,180
weak,0.908,0.02,0.003,0.068,0.17,100,100,75,180
hr,0.179,0.164,0.223,0.434,0.5,100,100,75,180
swing%,0.656,0.189,0.097,0.058,0.07,100,100,75,180
chase%,0.83,0.0,0.138,0.032,0.19,100,100,75,180
xwobacon,0.0,0.009,0.16,0.831,0.3,0,10,100,835
la,0.0,0.136,0.509,0.355,1.49,0,10,100,835
ev,0.0,0.064,0.447,0.489,0.05,0,10,100,835
gb/fb,0.0,0.038,0.493,0.469,1.3,0,10,100,835
x_move,0.0,0.65,0.162,0.187,0.87,0,10,100,835
z_move,0.0,0.161,0.191,0.648,1.85,0,10,100,835
extension,0.0,0.814,0.182,0.004,0.03,0,10,100,835
velo,0.0,0.446,0.406,0.147,0.06,0,10,100,835
spin_rate,0.0,0.54,0.0,0.46,0.22,0,10,100,835
whiff,0.0,0.121,0.633,0.246,0.6,0,10,100,835
hh,0.0,0.0,0.363,0.637,0.39,0,10,100,835
ld,0.0,0.018,0.149,0.833,0.47,0,10,100,835
barrel,0.0,0.007,0.163,0.83,1.03,0,10,100,835
weak,0.0,0.071,0.653,0.277,0.49,0,10,100,835
hr,0.0,0.055,0.207,0.737,1.02,0,10,100,835
swing%,0.0,0.125,0.64,0.234,0.14,0,10,100,835
chase%,0.0,0.116,0.516,0.368,0.42,0,10,100,835
xwobacon,0.083,0.022,0.195,0.701,0.12,10,10,100,747
la,0.549,0.069,0.223,0.159,0.86,10,10,100,747
ev,0.267,0.053,0.21,0.469,0.03,10,10,100,747
gb/fb,0.38,0.0,0.579,0.04,0.74,10,10,100,747
x_move,0.924,0.043,0.013,0.019,0.16,10,10,100,747
z_move,0.932,0.0,0.0,0.068,0.2,10,10,100,747
extension,0.75,0.181,0.056,0.012,0.02,10,10,100,747
velo,0.984,0.0,0.007,0.009,0.01,10,10,100,747
spin_rate,0.991,0.0,0.009,0.0,0.03,10,10,100,747
whiff,0.528,0.0,0.361,0.11,0.36,10,10,100,747
hh,0.185,0.031,0.289,0.496,0.18,10,10,100,747
ld,0.02,0.02,0.135,0.825,0.18,10,10,100,747
barrel,0.112,0.045,0.211,0.632,0.48,10,10,100,747
weak,0.438,0.096,0.313,0.153,0.31,10,10,100,747
hr,0.034,0.026,0.24,0.699,0.48,10,10,100,747
swing%,0.243,0.08,0.49,0.187,0.09,10,10,100,747
chase%,0.457,0.078,0.251,0.214,0.29,10,10,100,747
xwobacon,0.154,0.004,0.165,0.677,0.12,25,10,100,621
la,0.749,0.057,0.069,0.125,0.67,25,10,100,621
ev,0.441,0.032,0.205,0.321,0.02,25,10,100,621
gb/fb,0.457,0.041,0.11,0.392,0.8,25,10,100,621
x_move,0.935,0.035,0.013,0.017,0.15,25,10,100,621
z_move,0.952,0.0,0.0,0.048,0.16,25,10,100,621
extension,0.84,0.098,0.04,0.022,0.01,25,10,100,621
velo,0.992,0.0,0.0,0.008,0.01,25,10,100,621
spin_rate,0.987,0.0,0.013,0.0,0.03,25,10,100,621
whiff,0.709,0.023,0.268,0.0,0.28,25,10,100,621
hh,0.297,0.028,0.286,0.389,0.17,25,10,100,621
ld,0.043,0.0,0.154,0.803,0.19,25,10,100,621
barrel,0.167,0.014,0.182,0.637,0.46,25,10,100,621
weak,0.645,0.029,0.223,0.103,0.27,25,10,100,621
hr,0.089,0.028,0.225,0.658,0.47,25,10,100,621
swing%,0.403,0.036,0.413,0.148,0.08,25,10,100,621
chase%,0.684,0.013,0.212,0.091,0.24,25,10,100,621
xwobacon,0.267,0.04,0.14,0.553,0.11,50,10,100,465
la,0.863,0.012,0.073,0.052,0.62,50,10,100,465
ev,0.547,0.026,0.175,0.252,0.02,50,10,100,465
gb/fb,0.524,0.008,0.25,0.218,0.79,50,10,100,465
x_move,0.94,0.021,0.017,0.022,0.11,50,10,100,465
z_move,0.941,0.0,0.0,0.059,0.14,50,10,100,465
extension,0.888,0.059,0.018,0.035,0.01,50,10,100,465
velo,0.989,0.0,0.001,0.01,0.01,50,10,100,465
spin_rate,0.997,0.0,0.0,0.003,0.02,50,10,100,465
whiff,0.82,0.0,0.179,0.0,0.24,50,10,100,465
hh,0.378,0.035,0.206,0.381,0.16,50,10,100,465
ld,0.068,0.014,0.108,0.809,0.2,50,10,100,465
barrel,0.348,0.039,0.163,0.451,0.44,50,10,100,465
weak,0.803,0.032,0.089,0.076,0.23,50,10,100,465
hr,0.178,0.025,0.205,0.592,0.48,50,10,100,465
swing%,0.55,0.074,0.232,0.143,0.07,50,10,100,465
chase%,0.798,0.002,0.167,0.033,0.21,50,10,100,465
xwobacon,0.286,0.028,0.199,0.487,0.12,75,10,100,317
la,0.872,0.062,0.0,0.066,0.57,75,10,100,317
ev,0.637,0.013,0.22,0.13,0.02,75,10,100,317
gb/fb,0.748,0.0,0.252,0.0,0.77,75,10,100,317
x_move,0.96,0.0,0.017,0.023,0.11,75,10,100,317
z_move,0.933,0.007,0.0,0.06,0.13,75,10,100,317
extension,0.918,0.036,0.0,0.046,0.01,75,10,100,317
velo,0.991,0.0,0.004,0.006,0.01,75,10,100,317
spin_rate,0.983,0.0,0.0,0.017,0.02,75,10,100,317
whiff,0.898,0.013,0.089,0.0,0.21,75,10,100,317
hh,0.488,0.036,0.216,0.26,0.17,75,10,100,317
ld,0.191,0.007,0.065,0.737,0.2,75,10,100,317
barrel,0.406,0.029,0.233,0.331,0.45,75,10,100,317
weak,0.843,0.055,0.074,0.027,0.22,75,10,100,317
hr,0.176,0.058,0.222,0.544,0.48,75,10,100,317
swing%,0.694,0.003,0.213,0.09,0.07,75,10,100,317
chase%,0.838,0.059,0.056,0.047,0.2,75,10,100,317
xwobacon,0.399,0.0,0.183,0.418,0.11,100,10,100,184
la,0.866,0.01,0.0,0.124,0.48,100,10,100,184
ev,0.746,0.003,0.178,0.074,0.02,100,10,100,184
gb/fb,0.919,0.025,0.0,0.056,0.45,100,10,100,184
x_move,0.926,0.0,0.03,0.045,0.11,100,10,100,184
z_move,0.959,0.025,0.0,0.016,0.12,100,10,100,184
extension,0.935,0.018,0.0,0.047,0.01,100,10,100,184
velo,1.0,0.0,0.0,0.0,0.01,100,10,100,184
spin_rate,0.992,0.0,0.0,0.008,0.02,100,10,100,184
whiff,0.872,0.0,0.074,0.053,0.18,100,10,100,184
hh,0.602,0.011,0.267,0.12,0.16,100,10,100,184
ld,0.333,0.006,0.075,0.586,0.19,100,10,100,184
barrel,0.442,0.0,0.037,0.521,0.48,100,10,100,184
weak,0.908,0.026,0.0,0.066,0.17,100,10,100,184
hr,0.249,0.026,0.166,0.558,0.5,100,10,100,184
swing%,0.665,0.086,0.099,0.151,0.07,100,10,100,184
chase%,0.83,0.015,0.155,0.0,0.18,100,10,100,184
xwobacon,0.0,0.0,0.135,0.865,0.3,0,25,100,819
la,0.0,0.201,0.455,0.344,1.47,0,25,100,819
ev,0.0,0.183,0.32,0.497,0.05,0,25,100,819
gb/fb,0.0,0.16,0.436,0.404,1.33,0,25,100,819
x_move,0.0,0.66,0.0,0.34,0.83,0,25,100,819
z_move,0.0,0.337,0.031,0.632,1.65,0,25,100,819
extension,0.0,0.815,0.173,0.012,0.03,0,25,100,819
velo,0.0,0.425,0.36,0.216,0.06,0,25,100,819
spin_rate,0.0,0.44,0.0,0.56,0.22,0,25,100,819
whiff,0.0,0.277,0.512,0.211,0.59,0,25,100,819
hh,0.0,0.149,0.318,0.533,0.38,0,25,100,819
ld,0.0,0.0,0.103,0.897,0.47,0,25,100,819
barrel,0.0,0.024,0.121,0.855,0.99,0,25,100,819
weak,0.0,0.144,0.524,0.333,0.49,0,25,100,819
hr,0.0,0.119,0.187,0.694,1.01,0,25,100,819
swing%,0.0,0.268,0.559,0.173,0.14,0,25,100,819
chase%,0.0,0.138,0.496,0.366,0.42,0,25,100,819
xwobacon,0.083,0.033,0.118,0.766,0.12,10,25,100,733
la,0.541,0.098,0.181,0.181,0.84,10,25,100,733
ev,0.254,0.148,0.16,0.438,0.03,10,25,100,733
gb/fb,0.315,0.091,0.496,0.097,0.73,10,25,100,733
x_move,0.923,0.035,0.023,0.019,0.17,10,25,100,733
z_move,0.925,0.0,0.0,0.075,0.21,10,25,100,733
extension,0.762,0.166,0.057,0.015,0.02,10,25,100,733
velo,0.981,0.0,0.008,0.011,0.01,10,25,100,733
spin_rate,0.992,0.003,0.003,0.003,0.03,10,25,100,733
whiff,0.517,0.116,0.319,0.048,0.37,10,25,100,733
hh,0.173,0.096,0.249,0.482,0.18,10,25,100,733
ld,0.018,0.016,0.107,0.859,0.18,10,25,100,733
barrel,0.11,0.051,0.161,0.678,0.48,10,25,100,733
weak,0.402,0.186,0.226,0.187,0.3,10,25,100,733
hr,0.035,0.047,0.204,0.714,0.48,10,25,100,733
swing%,0.236,0.158,0.443,0.162,0.09,10,25,100,733
chase%,0.432,0.114,0.239,0.215,0.29,10,25,100,733
xwobacon,0.162,0.035,0.15,0.653,0.12,25,25,100,614
la,0.769,0.027,0.128,0.077,0.68,25,25,100,614
ev,0.433,0.047,0.224,0.296,0.03,25,25,100,614
gb/fb,0.432,0.028,0.333,0.207,0.92,25,25,100,614
x_move,0.936,0.027,0.022,0.015,0.15,25,25,100,614
z_move,0.951,0.0,0.0,0.049,0.16,25,25,100,614
extension,0.845,0.1,0.036,0.019,0.01,25,25,100,614
velo,0.991,0.0,0.0,0.009,0.01,25,25,100,614
spin_rate,0.986,0.0,0.014,0.0,0.03,25,25,100,614
whiff,0.752,0.02,0.228,0.0,0.29,25,25,100,614
hh,0.308,0.085,0.288,0.319,0.17,25,25,100,614
ld,0.055,0.016,0.119,0.81,0.19,25,25,100,614
barrel,0.186,0.036,0.223,0.555,0.46,25,25,100,614
weak,0.669,0.038,0.195,0.098,0.27,25,25,100,614
hr,0.094,0.064,0.194,0.648,0.47,25,25,100,614
swing%,0.404,0.155,0.316,0.124,0.08,25,25,100,614
chase%,0.69,0.108,0.172,0.03,0.24,25,25,100,614
xwobacon,0.252,0.093,0.157,0.498,0.11,50,25,100,464
la,0.863,0.105,0.0,0.032,0.61,50,25,100,464
ev,0.528,0.059,0.184,0.228,0.02,50,25,100,464
gb/fb,0.47,0.121,0.036,0.372,0.77,50,25,100,464
x_move,0.94,0.019,0.018,0.023,0.11,50,25,100,464
z_move,0.941,0.0,0.0,0.059,0.14,50,25,100,464
extension,0.884,0.064,0.017,0.035,0.01,50,25,100,464
velo,0.989,0.0,0.0,0.011,0.01,50,25,100,464
spin_rate,0.996,0.0,0.0,0.004,0.02,50,25,100,464
whiff,0.82,0.02,0.16,0.0,0.24,50,25,100,464
hh,0.374,0.076,0.176,0.374,0.16,50,25,100,464
ld,0.067,0.036,0.085,0.812,0.2,50,25,100,464
barrel,0.344,0.083,0.18,0.393,0.43,50,25,100,464
weak,0.796,0.065,0.079,0.059,0.23,50,25,100,464
hr,0.165,0.1,0.219,0.517,0.47,50,25,100,464
swing%,0.549,0.087,0.228,0.136,0.07,50,25,100,464
chase%,0.785,0.068,0.146,0.0,0.21,50,25,100,464
xwobacon,0.285,0.023,0.178,0.514,0.12,75,25,100,316
la,0.866,0.069,0.014,0.051,0.58,75,25,100,316
ev,0.629,0.09,0.122,0.159,0.02,75,25,100,316
gb/fb,0.786,0.112,0.086,0.015,0.78,75,25,100,316
x_move,0.96,0.0,0.017,0.023,0.11,75,25,100,316
z_move,0.933,0.009,0.0,0.059,0.13,75,25,100,316
extension,0.919,0.034,0.0,0.046,0.01,75,25,100,316
velo,0.991,0.0,0.004,0.006,0.01,75,25,100,316
spin_rate,0.983,0.0,0.0,0.017,0.02,75,25,100,316
whiff,0.898,0.0,0.102,0.0,0.21,75,25,100,316
hh,0.455,0.107,0.196,0.241,0.17,75,25,100,316
ld,0.191,0.05,0.002,0.757,0.2,75,25,100,316
barrel,0.419,0.056,0.16,0.365,0.46,75,25,100,316
weak,0.841,0.1,0.051,0.007,0.22,75,25,100,316
hr,0.187,0.0,0.237,0.576,0.49,75,25,100,316
swing%,0.7,0.0,0.181,0.119,0.07,75,25,100,316
chase%,0.837,0.0,0.114,0.049,0.2,75,25,100,316
xwobacon,0.388,0.067,0.145,0.4,0.11,100,25,100,183
la,0.861,0.059,0.0,0.08,0.48,100,25,100,183
ev,0.732,0.048,0.119,0.101,0.02,100,25,100,183
gb/fb,0.949,0.051,0.0,0.0,0.79,100,25,100,183
x_move,0.926,0.0,0.028,0.046,0.11,100,25,100,183
z_move,0.959,0.027,0.0,0.014,0.12,100,25,100,183
extension,0.925,0.029,0.0,0.047,0.01,100,25,100,183
velo,1.0,0.0,0.0,0.0,0.01,100,25,100,183
spin_rate,0.992,0.0,0.0,0.008,0.02,100,25,100,183
whiff,0.884,0.0,0.033,0.083,0.18,100,25,100,183
hh,0.604,0.0,0.282,0.115,0.16,100,25,100,183
ld,0.341,0.062,0.0,0.597,0.19,100,25,100,183
barrel,0.433,0.05,0.038,0.479,0.47,100,25,100,183
weak,0.907,0.002,0.017,0.074,0.17,100,25,100,183
hr,0.228,0.0,0.199,0.573,0.5,100,25,100,183
swing%,0.654,0.117,0.093,0.137,0.07,100,25,100,183
chase%,0.826,0.0,0.174,0.0,0.18,100,25,100,183
xwobacon,0.0,0.108,0.155,0.737,0.28,0,50,100,745
la,0.0,0.226,0.403,0.371,1.48,0,50,100,745
ev,0.0,0.147,0.34,0.513,0.05,0,50,100,745
gb/fb,0.0,0.233,0.366,0.401,1.23,0,50,100,745
x_move,0.0,0.734,0.194,0.072,0.87,0,50,100,745
z_move,0.0,0.3,0.035,0.665,1.73,0,50,100,745
extension,0.0,0.87,0.115,0.015,0.03,0,50,100,745
velo,0.0,0.447,0.323,0.229,0.06,0,50,100,745
spin_rate,0.0,0.368,0.0,0.632,0.23,0,50,100,745
whiff,0.0,0.304,0.517,0.179,0.57,0,50,100,745
hh,0.0,0.115,0.38,0.504,0.38,0,50,100,745
ld,0.0,0.038,0.083,0.879,0.44,0,50,100,745
barrel,0.0,0.068,0.142,0.789,0.9,0,50,100,745
weak,0.0,0.311,0.509,0.18,0.46,0,50,100,745
hr,0.0,0.106,0.198,0.696,0.99,0,50,100,745
swing%,0.0,0.347,0.476,0.177,0.13,0,50,100,745
chase%,0.0,0.403,0.364,0.234,0.4,0,50,100,745
xwobacon,0.07,0.103,0.113,0.715,0.12,10,50,100,671
la,0.548,0.147,0.161,0.144,0.89,10,50,100,671
ev,0.232,0.15,0.184,0.434,0.03,10,50,100,671
gb/fb,0.302,0.17,0.504,0.025,0.78,10,50,100,671
x_move,0.944,0.031,0.02,0.004,0.19,10,50,100,671
z_move,0.931,0.0,0.0,0.069,0.21,10,50,100,671
extension,0.742,0.239,0.003,0.016,0.02,10,50,100,671
velo,0.984,0.0,0.007,0.01,0.01,10,50,100,671
spin_rate,0.989,0.009,0.002,0.0,0.03,10,50,100,671
whiff,0.463,0.18,0.357,0.0,0.35,10,50,100,671
hh,0.151,0.126,0.233,0.49,0.18,10,50,100,671
ld,0.014,0.066,0.076,0.844,0.18,10,50,100,671
barrel,0.101,0.13,0.172,0.597,0.46,10,50,100,671
weak,0.364,0.201,0.254,0.181,0.31,10,50,100,671
hr,0.031,0.127,0.22,0.622,0.46,10,50,100,671
swing%,0.215,0.318,0.317,0.15,0.09,10,50,100,671
chase%,0.428,0.128,0.249,0.195,0.28,10,50,100,671
xwobacon,0.145,0.106,0.184,0.565,0.11,25,50,100,573
la,0.753,0.164,0.037,0.047,0.73,25,50,100,573
ev,0.405,0.174,0.203,0.218,0.02,25,50,100,573
gb/fb,0.359,0.117,0.143,0.382,0.87,25,50,100,573
x_move,0.951,0.0,0.037,0.013,0.15,25,50,100,573
z_move,0.944,0.0,0.0,0.056,0.16,25,50,100,573
extension,0.829,0.12,0.033,0.019,0.01,25,50,100,573
velo,0.983,0.0,0.005,0.012,0.01,25,50,100,573
spin_rate,0.986,0.0,0.014,0.0,0.03,25,50,100,573
whiff,0.738,0.0,0.262,0.0,0.28,25,50,100,573
hh,0.259,0.11,0.311,0.321,0.17,25,50,100,573
ld,0.045,0.034,0.106,0.815,0.19,25,50,100,573
barrel,0.18,0.078,0.237,0.505,0.46,25,50,100,573
weak,0.628,0.197,0.093,0.082,0.25,25,50,100,573
hr,0.091,0.142,0.219,0.549,0.44,25,50,100,573
swing%,0.382,0.216,0.281,0.121,0.08,25,50,100,573
chase%,0.685,0.096,0.126,0.092,0.24,25,50,100,573
xwobacon,0.254,0.103,0.139,0.504,0.11,50,50,100,437
la,0.86,0.055,0.045,0.04,0.62,50,50,100,437
ev,0.544,0.102,0.141,0.212,0.02,50,50,100,437
gb/fb,0.478,0.048,0.102,0.372,0.79,50,50,100,437
x_move,0.941,0.0,0.033,0.026,0.12,50,50,100,437
z_move,0.938,0.002,0.0,0.06,0.13,50,50,100,437
extension,0.861,0.102,0.0,0.037,0.01,50,50,100,437
velo,0.985,0.0,0.0,0.015,0.01,50,50,100,437
spin_rate,0.997,0.0,0.0,0.003,0.02,50,50,100,437
whiff,0.824,0.009,0.167,0.0,0.23,50,50,100,437
hh,0.354,0.157,0.164,0.325,0.16,50,50,100,437
ld,0.089,0.068,0.124,0.719,0.21,50,50,100,437
barrel,0.321,0.064,0.209,0.406,0.44,50,50,100,437
weak,0.803,0.072,0.084,0.041,0.23,50,50,100,437
hr,0.15,0.14,0.189,0.521,0.48,50,50,100,437
swing%,0.518,0.132,0.209,0.141,0.07,50,50,100,437
chase%,0.769,0.033,0.14,0.058,0.21,50,50,100,437
xwobacon,0.269,0.04,0.155,0.536,0.12,75,50,100,302
la,0.849,0.146,0.0,0.004,0.58,75,50,100,302
ev,0.613,0.088,0.121,0.177,0.02,75,50,100,302
gb/fb,0.828,0.101,0.033,0.038,0.76,75,50,100,302
x_move,0.945,0.0,0.023,0.033,0.11,75,50,100,302
z_move,0.954,0.005,0.001,0.039,0.14,75,50,100,302
extension,0.917,0.036,0.0,0.047,0.01,75,50,100,302
velo,0.992,0.0,0.003,0.005,0.01,75,50,100,302
spin_rate,0.99,0.0,0.0,0.01,0.02,75,50,100,302
whiff,0.878,0.0,0.122,0.0,0.21,75,50,100,302
hh,0.443,0.146,0.174,0.237,0.16,75,50,100,302
ld,0.187,0.046,0.072,0.695,0.2,75,50,100,302
barrel,0.403,0.0,0.226,0.37,0.46,75,50,100,302
weak,0.807,0.087,0.086,0.02,0.21,75,50,100,302
hr,0.181,0.029,0.25,0.54,0.49,75,50,100,302
swing%,0.674,0.041,0.173,0.112,0.07,75,50,100,302
chase%,0.845,0.032,0.083,0.041,0.2,75,50,100,302
xwobacon,0.439,0.018,0.263,0.28,0.11,100,50,100,177
la,0.925,0.0,0.0,0.075,0.5,100,50,100,177
ev,0.736,0.14,0.115,0.009,0.02,100,50,100,177
gb/fb,0.893,0.0,0.022,0.085,0.9,100,50,100,177
x_move,0.951,0.0,0.023,0.025,0.09,100,50,100,177
z_move,0.975,0.025,0.0,0.0,0.12,100,50,100,177
extension,0.926,0.026,0.0,0.048,0.01,100,50,100,177
velo,1.0,0.0,0.0,0.0,0.01,100,50,100,177
spin_rate,0.997,0.0,0.0,0.003,0.02,100,50,100,177
whiff,0.891,0.0,0.085,0.023,0.18,100,50,100,177
hh,0.614,0.122,0.256,0.007,0.15,100,50,100,177
ld,0.342,0.003,0.062,0.593,0.19,100,50,100,177
barrel,0.444,0.0,0.131,0.425,0.49,100,50,100,177
weak,0.963,0.0,0.031,0.006,0.18,100,50,100,177
hr,0.236,0.067,0.182,0.515,0.5,100,50,100,177
swing%,0.708,0.137,0.0,0.155,0.07,100,50,100,177
chase%,0.831,0.067,0.102,0.0,0.18,100,50,100,177
xwobacon,0.0,0.129,0.103,0.769,0.29,0,75,100,681
la,0.0,0.386,0.305,0.309,1.52,0,75,100,681
ev,0.0,0.33,0.33,0.34,0.05,0,75,100,681
gb/fb,0.0,0.434,0.267,0.299,1.41,0,75,100,681
x_move,0.0,0.803,0.044,0.153,0.89,0,75,100,681
z_move,0.0,0.408,0.003,0.589,1.74,0,75,100,681
extension,0.0,0.967,0.033,0.0,0.03,0,75,100,681
velo,0.0,0.492,0.443,0.065,0.06,0,75,100,681
spin_rate,0.0,0.283,0.0,0.717,0.21,0,75,100,681
whiff,0.0,0.42,0.53,0.051,0.55,0,75,100,681
hh,0.0,0.157,0.403,0.44,0.4,0,75,100,681
ld,0.0,0.232,0.081,0.687,0.45,0,75,100,681
barrel,0.0,0.113,0.118,0.77,0.98,0,75,100,681
weak,0.0,0.404,0.379,0.217,0.49,0,75,100,681
hr,0.0,0.218,0.126,0.656,0.95,0,75,100,681
swing%,0.0,0.463,0.416,0.121,0.14,0,75,100,681
chase%,0.0,0.323,0.424,0.253,0.4,0,75,100,681
xwobacon,0.083,0.1,0.138,0.679,0.12,10,75,100,614
la,0.587,0.249,0.014,0.151,0.88,10,75,100,614
ev,0.235,0.296,0.134,0.335,0.03,10,75,100,614
gb/fb,0.372,0.323,0.306,0.0,0.88,10,75,100,614
x_move,0.935,0.045,0.0,0.02,0.17,10,75,100,614
z_move,0.926,0.0,0.0,0.074,0.19,10,75,100,614
extension,0.763,0.211,0.012,0.015,0.02,10,75,100,614
velo,0.983,0.0,0.006,0.011,0.01,10,75,100,614
spin_rate,0.993,0.007,0.0,0.0,0.03,10,75,100,614
whiff,0.515,0.207,0.278,0.0,0.36,10,75,100,614
hh,0.159,0.213,0.195,0.432,0.17,10,75,100,614
ld,0.025,0.077,0.096,0.802,0.18,10,75,100,614
barrel,0.11,0.129,0.191,0.57,0.49,10,75,100,614
weak,0.413,0.338,0.208,0.042,0.31,10,75,100,614
hr,0.036,0.153,0.189,0.623,0.47,10,75,100,614
swing%,0.225,0.339,0.295,0.141,0.09,10,75,100,614
chase%,0.404,0.226,0.191,0.179,0.26,10,75,100,614
xwobacon,0.158,0.12,0.124,0.598,0.11,25,75,100,527
la,0.756,0.151,0.045,0.048,0.71,25,75,100,527
ev,0.398,0.119,0.175,0.307,0.02,25,75,100,527
gb/fb,0.405,0.169,0.0,0.426,0.94,25,75,100,527
x_move,0.918,0.018,0.049,0.015,0.15,25,75,100,527
z_move,0.933,0.0,0.0,0.067,0.18,25,75,100,527
extension,0.851,0.104,0.023,0.022,0.01,25,75,100,527
velo,0.989,0.0,0.0,0.01,0.01,25,75,100,527
spin_rate,0.977,0.0,0.023,0.0,0.03,25,75,100,527
whiff,0.748,0.0,0.252,0.0,0.28,25,75,100,527
hh,0.262,0.162,0.213,0.362,0.16,25,75,100,527
ld,0.057,0.033,0.131,0.779,0.19,25,75,100,527
barrel,0.202,0.139,0.168,0.49,0.45,25,75,100,527
weak,0.675,0.204,0.082,0.039,0.25,25,75,100,527
hr,0.098,0.16,0.2,0.542,0.45,25,75,100,527
swing%,0.361,0.289,0.269,0.082,0.08,25,75,100,527
chase%,0.648,0.199,0.084,0.07,0.23,25,75,100,527
xwobacon,0.251,0.143,0.12,0.486,0.11,50,75,100,407
la,0.896,0.062,0.011,0.031,0.59,50,75,100,407
ev,0.521,0.122,0.143,0.215,0.02,50,75,100,407
gb/fb,0.523,0.024,0.072,0.382,0.77,50,75,100,407
x_move,0.949,0.017,0.0,0.033,0.11,50,75,100,407
z_move,0.931,0.0,0.009,0.06,0.12,50,75,100,407
extension,0.861,0.105,0.0,0.033,0.01,50,75,100,407
velo,0.989,0.0,0.0,0.011,0.01,50,75,100,407
spin_rate,0.985,0.0,0.0,0.015,0.02,50,75,100,407
whiff,0.816,0.006,0.178,0.0,0.23,50,75,100,407
hh,0.34,0.195,0.139,0.326,0.16,50,75,100,407
ld,0.088,0.03,0.064,0.817,0.2,50,75,100,407
barrel,0.317,0.126,0.152,0.406,0.43,50,75,100,407
weak,0.782,0.143,0.035,0.04,0.23,50,75,100,407
hr,0.164,0.179,0.199,0.458,0.47,50,75,100,407
swing%,0.535,0.127,0.21,0.129,0.07,50,75,100,407
chase%,0.77,0.05,0.159,0.021,0.22,50,75,100,407
xwobacon,0.258,0.124,0.176,0.442,0.12,75,75,100,286
la,0.875,0.121,0.0,0.004,0.59,75,75,100,286
ev,0.582,0.141,0.135,0.142,0.02,75,75,100,286
gb/fb,0.651,0.138,0.078,0.134,0.99,75,75,100,286
x_move,0.948,0.0,0.029,0.022,0.11,75,75,100,286
z_move,0.952,0.001,0.0,0.047,0.16,75,75,100,286
extension,0.926,0.029,0.0,0.045,0.01,75,75,100,286
velo,0.991,0.0,0.003,0.006,0.01,75,75,100,286
spin_rate,0.99,0.0,0.0,0.01,0.02,75,75,100,286
whiff,0.87,0.0,0.13,0.0,0.21,75,75,100,286
hh,0.434,0.23,0.157,0.178,0.16,75,75,100,286
ld,0.186,0.115,0.045,0.654,0.2,75,75,100,286
barrel,0.377,0.059,0.201,0.363,0.45,75,75,100,286
weak,0.847,0.077,0.059,0.018,0.21,75,75,100,286
hr,0.187,0.059,0.239,0.516,0.48,75,75,100,286
swing%,0.665,0.053,0.202,0.08,0.07,75,75,100,286
chase%,0.828,0.069,0.1,0.002,0.2,75,75,100,286
xwobacon,0.42,0.034,0.139,0.407,0.11,100,75,100,173
la,0.879,0.062,0.0,0.058,0.51,100,75,100,173
ev,0.727,0.054,0.153,0.066,0.02,100,75,100,173
gb/fb,0.982,0.0,0.018,0.0,0.84,100,75,100,173
x_move,0.906,0.0,0.051,0.043,0.11,100,75,100,173
z_move,0.979,0.017,0.0,0.004,0.13,100,75,100,173
extension,0.934,0.024,0.0,0.043,0.01,100,75,100,173
velo,0.992,0.0,0.007,0.0,0.01,100,75,100,173
spin_rate,0.997,0.0,0.0,0.003,0.02,100,75,100,173
whiff,0.886,0.0,0.057,0.057,0.19,100,75,100,173
hh,0.637,0.117,0.144,0.102,0.16,100,75,100,173
ld,0.359,0.018,0.083,0.54,0.2,100,75,100,173
barrel,0.433,0.122,0.0,0.445,0.48,100,75,100,173
weak,0.966,0.001,0.019,0.014,0.18,100,75,100,173
hr,0.232,0.097,0.168,0.502,0.51,100,75,100,173
swing%,0.62,0.205,0.06,0.115,0.07,100,75,100,173
chase%,0.835,0.0,0.165,0.0,0.18,100,75,100,173
xwobacon,0.0,0.077,0.0,0.923,0.3,0,100,100,585
la,0.0,0.471,0.32,0.209,1.52,0,100,100,585
ev,0.0,0.33,0.33,0.34,0.05,0,100,100,585
gb/fb,0.0,0.194,0.361,0.445,1.42,0,100,100,585
x_move,0.0,0.903,0.024,0.072,0.92,0,100,100,585
z_move,0.0,0.338,0.006,0.656,1.76,0,100,100,585
extension,0.0,0.939,0.052,0.01,0.03,0,100,100,585
velo,0.0,0.54,0.457,0.003,0.06,0,100,100,585
spin_rate,0.0,0.293,0.281,0.426,0.19,0,100,100,585
whiff,0.0,0.585,0.376,0.039,0.55,0,100,100,585
hh,0.0,0.131,0.359,0.509,0.41,0,100,100,585
ld,0.0,0.154,0.006,0.84,0.45,0,100,100,585
barrel,0.0,0.174,0.062,0.764,1.03,0,100,100,585
weak,0.0,0.438,0.407,0.155,0.46,0,100,100,585
hr,0.0,0.265,0.101,0.634,0.96,0,100,100,585
swing%,0.0,0.548,0.393,0.058,0.14,0,100,100,585
chase%,0.0,0.329,0.313,0.358,0.39,0,100,100,585
xwobacon,0.075,0.205,0.127,0.593,0.12,10,100,100,536
la,0.558,0.265,0.041,0.136,0.92,10,100,100,536
ev,0.223,0.304,0.129,0.345,0.03,10,100,100,536
gb/fb,0.419,0.208,0.373,0.0,0.89,10,100,100,536
x_move,0.922,0.067,0.01,0.001,0.19,10,100,100,536
z_move,0.92,0.0,0.0,0.08,0.21,10,100,100,536
extension,0.746,0.218,0.012,0.025,0.02,10,100,100,536
velo,0.985,0.011,0.002,0.002,0.01,10,100,100,536
spin_rate,0.99,0.01,0.0,0.0,0.03,10,100,100,536
whiff,0.487,0.274,0.239,0.0,0.35,10,100,100,536
hh,0.129,0.274,0.209,0.387,0.17,10,100,100,536
ld,0.015,0.15,0.052,0.783,0.18,10,100,100,536
barrel,0.111,0.159,0.162,0.568,0.48,10,100,100,536
weak,0.412,0.437,0.106,0.046,0.32,10,100,100,536
hr,0.035,0.178,0.233,0.554,0.46,10,100,100,536
swing%,0.211,0.422,0.233,0.135,0.09,10,100,100,536
chase%,0.383,0.231,0.179,0.207,0.26,10,100,100,536
xwobacon,0.166,0.126,0.063,0.645,0.11,25,100,100,462
la,0.773,0.197,0.0,0.03,0.66,25,100,100,462
ev,0.428,0.188,0.171,0.214,0.02,25,100,100,462
gb/fb,0.405,0.162,0.011,0.422,0.94,25,100,100,462
x_move,0.93,0.017,0.048,0.005,0.17,25,100,100,462
z_move,0.933,0.0,0.0,0.067,0.18,25,100,100,462
extension,0.851,0.105,0.018,0.026,0.01,25,100,100,462
velo,0.992,0.0,0.003,0.005,0.01,25,100,100,462
spin_rate,1.0,0.0,0.0,0.0,0.02,25,100,100,462
whiff,0.731,0.094,0.176,0.0,0.29,25,100,100,462
hh,0.287,0.198,0.219,0.296,0.16,25,100,100,462
ld,0.045,0.092,0.034,0.828,0.19,25,100,100,462
barrel,0.22,0.114,0.161,0.505,0.46,25,100,100,462
weak,0.636,0.297,0.0,0.068,0.25,25,100,100,462
hr,0.083,0.204,0.181,0.532,0.44,25,100,100,462
swing%,0.348,0.343,0.214,0.096,0.08,25,100,100,462
chase%,0.653,0.156,0.104,0.086,0.24,25,100,100,462
xwobacon,0.255,0.125,0.091,0.529,0.11,50,100,100,354
la,0.859,0.109,0.0,0.031,0.56,50,100,100,354
ev,0.535,0.163,0.13,0.172,0.02,50,100,100,354
gb/fb,0.389,0.118,0.058,0.435,0.81,50,100,100,354
x_move,0.94,0.005,0.019,0.036,0.11,50,100,100,354
z_move,0.955,0.0,0.0,0.045,0.16,50,100,100,354
extension,0.869,0.091,0.0,0.04,0.01,50,100,100,354
velo,0.997,0.0,0.0,0.002,0.01,50,100,100,354
spin_rate,0.986,0.0,0.0,0.014,0.02,50,100,100,354
whiff,0.83,0.0,0.17,0.0,0.23,50,100,100,354
hh,0.391,0.245,0.12,0.244,0.16,50,100,100,354
ld,0.071,0.063,0.086,0.78,0.2,50,100,100,354
barrel,0.341,0.192,0.074,0.393,0.44,50,100,100,354
weak,0.761,0.089,0.044,0.106,0.21,50,100,100,354
hr,0.149,0.218,0.157,0.476,0.47,50,100,100,354
swing%,0.551,0.186,0.171,0.092,0.08,50,100,100,354
chase%,0.771,0.122,0.108,0.0,0.22,50,100,100,354
xwobacon,0.294,0.153,0.014,0.54,0.11,75,100,100,254
la,0.884,0.102,0.0,0.014,0.54,75,100,100,254
ev,0.605,0.139,0.094,0.162,0.02,75,100,100,254
gb/fb,0.658,0.0,0.072,0.27,0.84,75,100,100,254
x_move,0.959,0.0,0.017,0.025,0.11,75,100,100,254
z_move,0.936,0.0,0.0,0.064,0.17,75,100,100,254
extension,0.924,0.027,0.0,0.049,0.01,75,100,100,254
velo,0.999,0.0,0.001,0.001,0.01,75,100,100,254
spin_rate,0.988,0.0,0.0,0.012,0.02,75,100,100,254
whiff,0.908,0.0,0.092,0.0,0.22,75,100,100,254
hh,0.44,0.227,0.135,0.198,0.16,75,100,100,254
ld,0.193,0.138,0.03,0.639,0.19,75,100,100,254
barrel,0.413,0.063,0.044,0.48,0.46,75,100,100,254
weak,0.773,0.209,0.0,0.018,0.21,75,100,100,254
hr,0.173,0.135,0.167,0.525,0.49,75,100,100,254
swing%,0.687,0.117,0.128,0.068,0.07,75,100,100,254
chase%,0.808,0.092,0.078,0.022,0.21,75,100,100,254
xwobacon,0.38,0.036,0.102,0.482,0.1,100,100,100,159
la,0.912,0.0,0.0,0.088,0.52,100,100,100,159
ev,0.634,0.133,0.134,0.099,0.02,100,100,100,159
gb/fb,0.946,0.0,0.004,0.05,0.86,100,100,100,159
x_move,0.951,0.0,0.017,0.032,0.09,100,100,100,159
z_move,0.967,0.033,0.0,0.0,0.13,100,100,100,159
extension,0.937,0.014,0.0,0.05,0.01,100,100,100,159
velo,1.0,0.0,0.0,0.0,0.01,100,100,100,159
spin_rate,0.997,0.0,0.0,0.003,0.02,100,100,100,159
whiff,0.885,0.0,0.108,0.007,0.19,100,100,100,159
hh,0.532,0.129,0.189,0.15,0.14,100,100,100,159
ld,0.32,0.013,0.006,0.661,0.19,100,100,100,159
barrel,0.422,0.046,0.055,0.477,0.43,100,100,100,159
weak,0.929,0.0,0.035,0.036,0.18,100,100,100,159
hr,0.226,0.083,0.155,0.536,0.51,100,100,100,159
swing%,0.666,0.178,0.042,0.114,0.07,100,100,100,159
chase%,0.785,0.0,0.176,0.038,0.19,100,100,100,159
