1752852758049	geckodriver	INFO	Listening on 127.0.0.1:63546
1752852761117	mozrunner::runner	INFO	Running command: "C:\\Program Files\\Mozilla Firefox\\firefox.exe" "--marionette" "--width=950" "--height=1025" "--remote-deb ... 7" "--remote-allow-hosts" "localhost" "-no-remote" "-profile" "C:\\Users\\brend\\AppData\\Local\\Temp\\rust_mozprofilezCsqEb"
console.warn: services.settings: Ignoring preference override of remote settings server
console.warn: services.settings: Allow by setting MOZ_REMOTE_SETTINGS_DEVTOOLS=1 in the environment
Dynamically enable window occlusion 0
1752852762251	Marionette	INFO	Marionette enabled
console.error: "Warning: unrecognized command line flag" "-width"
console.error: "Warning: unrecognized command line flag" "-height"
1752852762427	Marionette	INFO	Listening on port 63562
Read port: 63562
WebDriver BiDi listening on ws://127.0.0.1:63547
1752852762509	RemoteAgent	WARN	TLS certificate errors will be ignored for this session
1752852767290	Marionette	WARN	Ignoring event 'DOMContentLoaded' because document has an invalid readyState of 'complete'.
JavaScript error: https://a.amxrtb.com/js/cframe.js#gdpr=0&gdpr_consent=&cc=US, line 1: SecurityError: The operation is insecure.
JavaScript error: https://a.amxrtb.com/js/cframe.js#gdpr=0&gdpr_consent=&cc=US, line 1: SecurityError: The operation is insecure.
JavaScript error: https://a.amxrtb.com/js/cframe.js#gdpr=0&gdpr_consent=&cc=US, line 1: SecurityError: The operation is insecure.
JavaScript warning: https://player.aniview.com/ssync/62f53b2c7850d0786f227f64/ssync.html?gdpr=0&gdpr_consent=&pid=62f53b2c7850d0786f227f64&r=https%3A%2F%2Fvisitor.us-east4.gcp.omnitagjs.com%2Fvisitor%2Fsync%3Fgdpr%3D0%26gdpr_consent%3D%26name%3DANIVIEW%26ttl%3D720%26uid%3De8ecb87ff2ef3a3b16ba16c51e7986ac%26visitor%3D%255BAV_UID%255D, line 82: unreachable code after return statement
JavaScript warning: https://player.aniview.com/ssync/62f53b2c7850d0786f227f64/ssync.html?gdpr=0&gdpr_consent=&pid=62f53b2c7850d0786f227f64&r=https%3A%2F%2Fvisitor.us-east4.gcp.omnitagjs.com%2Fvisitor%2Fsync%3Fgdpr%3D0%26gdpr_consent%3D%26name%3DANIVIEW%26ttl%3D720%26uid%3De8ecb87ff2ef3a3b16ba16c51e7986ac%26visitor%3D%255BAV_UID%255D, line 82: unreachable code after return statement
1752852775000	Marionette	WARN	Ignoring event 'pageshow' because document has an invalid readyState of 'uninitialized'.
1752852775124	Marionette	WARN	Ignoring event 'pageshow' because document has an invalid readyState of 'uninitialized'.
1752852775582	Marionette	WARN	Ignoring event 'pageshow' because document has an invalid readyState of 'uninitialized'.
1752852775589	Marionette	WARN	Ignoring event 'pageshow' because document has an invalid readyState of 'uninitialized'.
JavaScript error: https://a.amxrtb.com/js/cframe.js#gdpr=0&gdpr_consent=&cc=US, line 1: SecurityError: The operation is insecure.
1752852784524	Marionette	INFO	Stopped listening on port 63562
Dynamically enable window occlusion 1
console.error: "Failed to fetch https://ads.mozilla.org/v1/delete_user:" "NetworkError when attempting to fetch resource."
console.warn: TopSitesFeed: Failed to fetch data from MARS server: NetworkError when attempting to fetch resource.
JavaScript error: , line 0: TypeError: NetworkError when attempting to fetch resource.
JavaScript error: , line 0: TypeError: NetworkError when attempting to fetch resource.
JavaScript error: , line 0: TypeError: NetworkError when attempting to fetch resource.
JavaScript error: , line 0: TypeError: NetworkError when attempting to fetch resource.
JavaScript error: resource://services-settings/RemoteSettingsClient.sys.mjs, line 101: Error: Unknown callback
1752857026971	geckodriver	INFO	Listening on 127.0.0.1:61786
1752857030034	mozrunner::runner	INFO	Running command: "C:\\Program Files\\Mozilla Firefox\\firefox.exe" "--marionette" "--width=950" "--height=1025" "--remote-deb ... 7" "--remote-allow-hosts" "localhost" "-no-remote" "-profile" "C:\\Users\\brend\\AppData\\Local\\Temp\\rust_mozprofiledhnLk7"
console.warn: services.settings: Ignoring preference override of remote settings server
console.warn: services.settings: Allow by setting MOZ_REMOTE_SETTINGS_DEVTOOLS=1 in the environment
Dynamically enable window occlusion 0
1752857031541	Marionette	INFO	Marionette enabled
console.error: "Warning: unrecognized command line flag" "-width"
console.error: "Warning: unrecognized command line flag" "-height"
1752857031724	Marionette	INFO	Listening on port 61794
WebDriver BiDi listening on ws://127.0.0.1:61787
Read port: 61794
1752857031853	RemoteAgent	WARN	TLS certificate errors will be ignored for this session
1752857035720	Marionette	WARN	Ignoring event 'DOMContentLoaded' because document has an invalid readyState of 'complete'.
JavaScript error: https://a.amxrtb.com/js/cframe.js#gdpr=0&gdpr_consent=&cc=US, line 1: SecurityError: The operation is insecure.
1752857043664	Marionette	WARN	Ignoring event 'pageshow' because document has an invalid readyState of 'uninitialized'.
1752857043915	Marionette	WARN	Ignoring event 'pageshow' because document has an invalid readyState of 'uninitialized'.
JavaScript warning: https://player.aniview.com/ssync/62f53b2c7850d0786f227f64/ssync.html?gdpr=0&gdpr_consent=&pid=62f53b2c7850d0786f227f64&r=https%3A%2F%2Fvisitor.us-east4.gcp.omnitagjs.com%2Fvisitor%2Fsync%3Fgdpr%3D0%26gdpr_consent%3D%26name%3DANIVIEW%26ttl%3D720%26uid%3De8ecb87ff2ef3a3b16ba16c51e7986ac%26visitor%3D%255BAV_UID%255D, line 82: unreachable code after return statement
JavaScript warning: https://player.aniview.com/ssync/62f53b2c7850d0786f227f64/ssync.html?gdpr=0&gdpr_consent=&pid=62f53b2c7850d0786f227f64&r=https%3A%2F%2Fvisitor.us-east4.gcp.omnitagjs.com%2Fvisitor%2Fsync%3Fgdpr%3D0%26gdpr_consent%3D%26name%3DANIVIEW%26ttl%3D720%26uid%3De8ecb87ff2ef3a3b16ba16c51e7986ac%26visitor%3D%255BAV_UID%255D, line 82: unreachable code after return statement
JavaScript error: https://a.amxrtb.com/js/cframe.js#gdpr=0&gdpr_consent=&cc=US, line 1: SecurityError: The operation is insecure.
1752857046277	Marionette	WARN	Ignoring event 'pageshow' because document has an invalid readyState of 'uninitialized'.
1752857046282	Marionette	WARN	Ignoring event 'pageshow' because document has an invalid readyState of 'uninitialized'.
JavaScript error: https://a.amxrtb.com/js/cframe.js#gdpr=0&gdpr_consent=&cc=US, line 1: SecurityError: The operation is insecure.
1752857055808	Marionette	INFO	Stopped listening on port 61794
Dynamically enable window occlusion 1
console.error: "Failed to fetch https://ads.mozilla.org/v1/delete_user:" "NetworkError when attempting to fetch resource."
console.warn: TopSitesFeed: Failed to fetch data from MARS server: NetworkError when attempting to fetch resource.
JavaScript error: , line 0: TypeError: NetworkError when attempting to fetch resource.
JavaScript error: resource://services-settings/RemoteSettingsClient.sys.mjs, line 101: Error: Unknown callback
1752857475255	geckodriver	INFO	Listening on 127.0.0.1:57923
1752857478294	mozrunner::runner	INFO	Running command: "C:\\Program Files\\Mozilla Firefox\\firefox.exe" "--marionette" "--width=1350" "--height=1025" "--remote-de ... 4" "--remote-allow-hosts" "localhost" "-no-remote" "-profile" "C:\\Users\\brend\\AppData\\Local\\Temp\\rust_mozprofile3ma44c"
console.warn: services.settings: Ignoring preference override of remote settings server
console.warn: services.settings: Allow by setting MOZ_REMOTE_SETTINGS_DEVTOOLS=1 in the environment
Dynamically enable window occlusion 0
1752857479401	Marionette	INFO	Marionette enabled
console.error: "Warning: unrecognized command line flag" "-width"
console.error: "Warning: unrecognized command line flag" "-height"
1752857479553	Marionette	INFO	Listening on port 57932
WebDriver BiDi listening on ws://127.0.0.1:57924
Read port: 57932
1752857479681	RemoteAgent	WARN	TLS certificate errors will be ignored for this session
1752857596145	Marionette	INFO	Stopped listening on port 57932
Dynamically enable window occlusion 1
JavaScript warning: https://crazyninjaodds.com/ScriptResource.axd?d=NJmAwtEo3Ipnlaxl6CMhvpAd71mSnzuAUze8MAwh0NS-JoaA3QRk-C0pQ5NAOrkmRDutu_yU9PDJqiNkR6AjQUuIeQbcZBIIwKmKAVZqrELN9uDlxcylIa41MzdQ-24ZDTxEt0Hylljm1t_xxTtqcTRw3DZnAR6kgknLKTVYhNM1&t=2a9d95e3, line 5: Script terminated by timeout at:
Function.createDelegate/<@https://crazyninjaodds.com/ScriptResource.axd?d=NJmAwtEo3Ipnlaxl6CMhvpAd71mSnzuAUze8MAwh0NS-JoaA3QRk-C0pQ5NAOrkmRDutu_yU9PDJqiNkR6AjQUuIeQbcZBIIwKmKAVZqrELN9uDlxcylIa41MzdQ-24ZDTxEt0Hylljm1t_xxTtqcTRw3DZnAR6kgknLKTVYhNM1&t=2a9d95e3:5:295

console.error: "Failed to fetch https://ads.mozilla.org/v1/delete_user:" "NetworkError when attempting to fetch resource."
console.warn: TopSitesFeed: Failed to fetch data from MARS server: NetworkError when attempting to fetch resource.
JavaScript error: resource://services-settings/RemoteSettingsClient.sys.mjs, line 101: Error: Unknown callback
1752933075822	geckodriver	INFO	Listening on 127.0.0.1:59114
1752933078896	mozrunner::runner	INFO	Running command: "C:\\Program Files\\Mozilla Firefox\\firefox.exe" "--marionette" "--width=950" "--height=1025" "--remote-deb ... 5" "--remote-allow-hosts" "localhost" "-no-remote" "-profile" "C:\\Users\\brend\\AppData\\Local\\Temp\\rust_mozprofileYqEu5R"
console.warn: services.settings: Ignoring preference override of remote settings server
console.warn: services.settings: Allow by setting MOZ_REMOTE_SETTINGS_DEVTOOLS=1 in the environment
Dynamically enable window occlusion 0
1752933080207	Marionette	INFO	Marionette enabled
console.error: "Warning: unrecognized command line flag" "-width"
console.error: "Warning: unrecognized command line flag" "-height"
1752933080390	Marionette	INFO	Listening on port 59124
WebDriver BiDi listening on ws://127.0.0.1:59115
Read port: 59124
1752933080520	RemoteAgent	WARN	TLS certificate errors will be ignored for this session
1752933084559	Marionette	WARN	Ignoring event 'DOMContentLoaded' because document has an invalid readyState of 'complete'.
JavaScript error: https://a.amxrtb.com/js/cframe.js#gdpr=0&gdpr_consent=&cc=US, line 1: SecurityError: The operation is insecure.
1752933092432	Marionette	WARN	Ignoring event 'pageshow' because document has an invalid readyState of 'uninitialized'.
JavaScript warning: https://player.aniview.com/ssync/62f53b2c7850d0786f227f64/ssync.html?gdpr=0&gdpr_consent=&pid=62f53b2c7850d0786f227f64&r=https%3A%2F%2Fvisitor.us-east4.gcp.omnitagjs.com%2Fvisitor%2Fsync%3Fgdpr%3D0%26gdpr_consent%3D%26name%3DANIVIEW%26ttl%3D720%26uid%3De8ecb87ff2ef3a3b16ba16c51e7986ac%26visitor%3D%255BAV_UID%255D, line 82: unreachable code after return statement
JavaScript warning: https://player.aniview.com/ssync/62f53b2c7850d0786f227f64/ssync.html?gdpr=0&gdpr_consent=&pid=62f53b2c7850d0786f227f64&r=https%3A%2F%2Fvisitor.us-east4.gcp.omnitagjs.com%2Fvisitor%2Fsync%3Fgdpr%3D0%26gdpr_consent%3D%26name%3DANIVIEW%26ttl%3D720%26uid%3De8ecb87ff2ef3a3b16ba16c51e7986ac%26visitor%3D%255BAV_UID%255D, line 82: unreachable code after return statement
1752933093341	Marionette	WARN	Ignoring event 'pageshow' because document has an invalid readyState of 'uninitialized'.
JavaScript error: https://a.amxrtb.com/js/cframe.js#gdpr=0&gdpr_consent=&cc=US, line 1: SecurityError: The operation is insecure.
JavaScript error: resource://devtools/client/jsonview/Sniffer.sys.mjs, line 53: NS_ERROR_NOT_AVAILABLE: Component returned failure code: 0x80040111 (NS_ERROR_NOT_AVAILABLE) [nsIChannel.contentType]
JavaScript error: resource://devtools/client/jsonview/Sniffer.sys.mjs, line 53: NS_ERROR_NOT_AVAILABLE: Component returned failure code: 0x80040111 (NS_ERROR_NOT_AVAILABLE) [nsIChannel.contentType]
1752933096836	Marionette	WARN	Ignoring event 'pageshow' because document has an invalid readyState of 'uninitialized'.
1752933096841	Marionette	WARN	Ignoring event 'pageshow' because document has an invalid readyState of 'uninitialized'.
1752933103659	Marionette	INFO	Stopped listening on port 59124
Dynamically enable window occlusion 1
console.error: "Failed to fetch https://ads.mozilla.org/v1/delete_user:" "NetworkError when attempting to fetch resource."
console.warn: TopSitesFeed: Failed to fetch data from MARS server: NetworkError when attempting to fetch resource.
JavaScript error: , line 0: TypeError: NetworkError when attempting to fetch resource.
JavaScript error: , line 0: TypeError: NetworkError when attempting to fetch resource.
JavaScript error: , line 0: TypeError: NetworkError when attempting to fetch resource.
JavaScript error: , line 0: TypeError: NetworkError when attempting to fetch resource.
JavaScript error: resource://services-settings/RemoteSettingsClient.sys.mjs, line 101: Error: Unknown callback
1752935557954	geckodriver	INFO	Listening on 127.0.0.1:51249
1752935561034	mozrunner::runner	INFO	Running command: "C:\\Program Files\\Mozilla Firefox\\firefox.exe" "--marionette" "--width=1350" "--height=1025" "--remote-de ... 0" "--remote-allow-hosts" "localhost" "-no-remote" "-profile" "C:\\Users\\brend\\AppData\\Local\\Temp\\rust_mozprofileYTYZ2I"
console.warn: services.settings: Ignoring preference override of remote settings server
console.warn: services.settings: Allow by setting MOZ_REMOTE_SETTINGS_DEVTOOLS=1 in the environment
Dynamically enable window occlusion 0
1752935562332	Marionette	INFO	Marionette enabled
console.error: "Warning: unrecognized command line flag" "-width"
console.error: "Warning: unrecognized command line flag" "-height"
1752935562508	Marionette	INFO	Listening on port 51259
WebDriver BiDi listening on ws://127.0.0.1:51250
Read port: 51259
1752935562660	RemoteAgent	WARN	TLS certificate errors will be ignored for this session
1752935678726	Marionette	INFO	Stopped listening on port 51259
Dynamically enable window occlusion 1
console.error: "Failed to fetch https://ads.mozilla.org/v1/delete_user:" "NetworkError when attempting to fetch resource."
console.warn: TopSitesFeed: Failed to fetch data from MARS server: NetworkError when attempting to fetch resource.
JavaScript error: resource://services-settings/RemoteSettingsClient.sys.mjs, line 101: Error: Unknown callback
1753020830531	geckodriver	INFO	Listening on 127.0.0.1:52698
1753020833623	mozrunner::runner	INFO	Running command: "C:\\Program Files\\Mozilla Firefox\\firefox.exe" "--marionette" "--width=950" "--height=1025" "--remote-deb ... 9" "--remote-allow-hosts" "localhost" "-no-remote" "-profile" "C:\\Users\\brend\\AppData\\Local\\Temp\\rust_mozprofileEgMNnB"
console.warn: services.settings: Ignoring preference override of remote settings server
console.warn: services.settings: Allow by setting MOZ_REMOTE_SETTINGS_DEVTOOLS=1 in the environment
Dynamically enable window occlusion 0
1753020834926	Marionette	INFO	Marionette enabled
console.error: "Warning: unrecognized command line flag" "-width"
console.error: "Warning: unrecognized command line flag" "-height"
1753020835050	Marionette	INFO	Listening on port 52707
WebDriver BiDi listening on ws://127.0.0.1:52699
Read port: 52707
1753020835235	RemoteAgent	WARN	TLS certificate errors will be ignored for this session
1753020839141	Marionette	WARN	Ignoring event 'DOMContentLoaded' because document has an invalid readyState of 'complete'.
JavaScript warning: https://pagead2.googlesyndication.com/bg/GXqJlvPKmIbiLe5DehF1k8-uRnpgZ0ra2eEHfebNYQk.js, line 4897: unreachable code after return statement
JavaScript warning: https://pagead2.googlesyndication.com/bg/GXqJlvPKmIbiLe5DehF1k8-uRnpgZ0ra2eEHfebNYQk.js, line 4897: unreachable code after return statement
JavaScript warning: https://pagead2.googlesyndication.com/bg/GXqJlvPKmIbiLe5DehF1k8-uRnpgZ0ra2eEHfebNYQk.js, line 4897: unreachable code after return statement
JavaScript warning: https://pagead2.googlesyndication.com/bg/GXqJlvPKmIbiLe5DehF1k8-uRnpgZ0ra2eEHfebNYQk.js, line 4897: unreachable code after return statement
JavaScript warning: https://pagead2.googlesyndication.com/bg/GXqJlvPKmIbiLe5DehF1k8-uRnpgZ0ra2eEHfebNYQk.js, line 4897: unreachable code after return statement
JavaScript warning: https://pagead2.googlesyndication.com/bg/GXqJlvPKmIbiLe5DehF1k8-uRnpgZ0ra2eEHfebNYQk.js, line 4897: unreachable code after return statement
JavaScript warning: https://pagead2.googlesyndication.com/bg/GXqJlvPKmIbiLe5DehF1k8-uRnpgZ0ra2eEHfebNYQk.js, line 4897: unreachable code after return statement
JavaScript warning: https://pagead2.googlesyndication.com/bg/GXqJlvPKmIbiLe5DehF1k8-uRnpgZ0ra2eEHfebNYQk.js line 2 > eval, line 4897: unreachable code after return statement
JavaScript warning: https://pagead2.googlesyndication.com/bg/GXqJlvPKmIbiLe5DehF1k8-uRnpgZ0ra2eEHfebNYQk.js line 2 > eval, line 4897: unreachable code after return statement
JavaScript warning: https://pagead2.googlesyndication.com/bg/GXqJlvPKmIbiLe5DehF1k8-uRnpgZ0ra2eEHfebNYQk.js line 2 > eval line 4897 > eval, line 1: unreachable code after return statement
JavaScript warning: https://pagead2.googlesyndication.com/bg/GXqJlvPKmIbiLe5DehF1k8-uRnpgZ0ra2eEHfebNYQk.js line 2 > eval line 4897 > eval line 1 > eval, line 1: unreachable code after return statement
JavaScript warning: https://pagead2.googlesyndication.com/bg/GXqJlvPKmIbiLe5DehF1k8-uRnpgZ0ra2eEHfebNYQk.js line 2 > eval, line 4897: unreachable code after return statement
JavaScript warning: https://pagead2.googlesyndication.com/bg/GXqJlvPKmIbiLe5DehF1k8-uRnpgZ0ra2eEHfebNYQk.js line 2 > eval, line 4897: unreachable code after return statement
JavaScript warning: https://pagead2.googlesyndication.com/bg/GXqJlvPKmIbiLe5DehF1k8-uRnpgZ0ra2eEHfebNYQk.js line 2 > eval, line 4897: unreachable code after return statement
JavaScript warning: https://pagead2.googlesyndication.com/bg/GXqJlvPKmIbiLe5DehF1k8-uRnpgZ0ra2eEHfebNYQk.js line 2 > eval, line 4897: unreachable code after return statement
JavaScript warning: https://pagead2.googlesyndication.com/bg/GXqJlvPKmIbiLe5DehF1k8-uRnpgZ0ra2eEHfebNYQk.js line 2 > eval line 4897 > eval line 1 > eval, line 1: unreachable code after return statement
JavaScript warning: https://pagead2.googlesyndication.com/bg/GXqJlvPKmIbiLe5DehF1k8-uRnpgZ0ra2eEHfebNYQk.js line 2 > eval line 4897 > eval line 1 > eval line 1 > eval, line 1: unreachable code after return statement
JavaScript error: https://a.amxrtb.com/js/cframe.js#gdpr=0&gdpr_consent=&cc=US, line 1: SecurityError: The operation is insecure.
1753020846133	Marionette	WARN	Ignoring event 'pageshow' because document has an invalid readyState of 'uninitialized'.
JavaScript warning: https://player.aniview.com/ssync/62f53b2c7850d0786f227f64/ssync.html?gdpr=0&gdpr_consent=&pid=62f53b2c7850d0786f227f64&r=https%3A%2F%2Fvisitor.us-east4.gcp.omnitagjs.com%2Fvisitor%2Fsync%3Fgdpr%3D0%26gdpr_consent%3D%26name%3DANIVIEW%26ttl%3D720%26uid%3De8ecb87ff2ef3a3b16ba16c51e7986ac%26visitor%3D%255BAV_UID%255D, line 82: unreachable code after return statement
1753020848187	Marionette	WARN	Ignoring event 'pageshow' because document has an invalid readyState of 'uninitialized'.
JavaScript warning: https://player.aniview.com/ssync/62f53b2c7850d0786f227f64/ssync.html?gdpr=0&gdpr_consent=&pid=62f53b2c7850d0786f227f64&r=https%3A%2F%2Fvisitor.us-east4.gcp.omnitagjs.com%2Fvisitor%2Fsync%3Fgdpr%3D0%26gdpr_consent%3D%26name%3DANIVIEW%26ttl%3D720%26uid%3De8ecb87ff2ef3a3b16ba16c51e7986ac%26visitor%3D%255BAV_UID%255D, line 82: unreachable code after return statement
JavaScript error: https://a.amxrtb.com/js/cframe.js#gdpr=0&gdpr_consent=&cc=US, line 1: SecurityError: The operation is insecure.
1753020849128	Marionette	WARN	Ignoring event 'pageshow' because document has an invalid readyState of 'uninitialized'.
1753020849135	Marionette	WARN	Ignoring event 'pageshow' because document has an invalid readyState of 'uninitialized'.
1753020858974	Marionette	INFO	Stopped listening on port 52707
Dynamically enable window occlusion 1
console.error: "Failed to fetch https://ads.mozilla.org/v1/delete_user:" "NetworkError when attempting to fetch resource."
console.warn: TopSitesFeed: Failed to fetch data from MARS server: NetworkError when attempting to fetch resource.
JavaScript error: , line 0: TypeError: NetworkError when attempting to fetch resource.
JavaScript error: , line 0: TypeError: NetworkError when attempting to fetch resource.
JavaScript error: , line 0: TypeError: NetworkError when attempting to fetch resource.
JavaScript error: , line 0: TypeError: NetworkError when attempting to fetch resource.
JavaScript error: , line 0: TypeError: NetworkError when attempting to fetch resource.
JavaScript error: resource://services-settings/RemoteSettingsClient.sys.mjs, line 101: Error: Unknown callback
[GFX1-]: VideoBridgeParent receives IPC close with reason=AbnormalShutdown
1753021434718	geckodriver	INFO	Listening on 127.0.0.1:59999
1753021437775	mozrunner::runner	INFO	Running command: "C:\\Program Files\\Mozilla Firefox\\firefox.exe" "--marionette" "--width=1350" "--height=1025" "--remote-de ... 0" "--remote-allow-hosts" "localhost" "-no-remote" "-profile" "C:\\Users\\brend\\AppData\\Local\\Temp\\rust_mozprofile8KYkUd"
console.warn: services.settings: Ignoring preference override of remote settings server
console.warn: services.settings: Allow by setting MOZ_REMOTE_SETTINGS_DEVTOOLS=1 in the environment
Dynamically enable window occlusion 0
1753021438947	Marionette	INFO	Marionette enabled
console.error: "Warning: unrecognized command line flag" "-width"
console.error: "Warning: unrecognized command line flag" "-height"
1753021439107	Marionette	INFO	Listening on port 60009
WebDriver BiDi listening on ws://127.0.0.1:60000
Read port: 60009
1753021439267	RemoteAgent	WARN	TLS certificate errors will be ignored for this session
1753021737339	Marionette	INFO	Stopped listening on port 60009
Dynamically enable window occlusion 1
console.error: "Failed to fetch https://ads.mozilla.org/v1/delete_user:" "NetworkError when attempting to fetch resource."
console.warn: TopSitesFeed: Failed to fetch data from MARS server: NetworkError when attempting to fetch resource.
JavaScript error: resource://services-settings/RemoteSettingsClient.sys.mjs, line 101: Error: Unknown callback
: services.settings: Allow by setting MOZ_REMOTE_SETTINGS_DEVTOOLS=1 in the environment
Dynamically enable window occlusion 0
1753021481229	Marionette	INFO	Marionette enabled
console.error: "Warning: unrecognized command line flag" "-width"
console.error: "Warning: unrecognized command line flag" "-height"
1753021481379	Marionette	INFO	Listening on port 60049
WebDriver BiDi listening on ws://127.0.0.1:60040
Read port: 60049
1753021481537	RemoteAgent	WARN	TLS certificate errors will be ignored for this session
1753021602024	Marionette	INFO	Stopped listening on port 60049
Dynamically enable window occlusion 1
console.error: "Failed to fetch https://ads.mozilla.org/v1/delete_user:" "NetworkError when attempting to fetch resource."
console.warn: TopSitesFeed: Failed to fetch data from MARS server: NetworkError when attempting to fetch resource.
JavaScript error: resource://services-settings/RemoteSettingsClient.sys.mjs, line 101: Error: Unknown callback
1753131418533	geckodriver	INFO	Listening on 127.0.0.1:52523
1753131421634	mozrunner::runner	INFO	Running command: "C:\\Program Files\\Mozilla Firefox\\firefox.exe" "--marionette" "--width=950" "--height=1025" "--remote-deb ... 4" "--remote-allow-hosts" "localhost" "-no-remote" "-profile" "C:\\Users\\brend\\AppData\\Local\\Temp\\rust_mozprofilerpV7yF"
console.warn: services.settings: Ignoring preference override of remote settings server
console.warn: services.settings: Allow by setting MOZ_REMOTE_SETTINGS_DEVTOOLS=1 in the environment
Dynamically enable window occlusion 0
1753131422940	Marionette	INFO	Marionette enabled
console.error: "Warning: unrecognized command line flag" "-width"
console.error: "Warning: unrecognized command line flag" "-height"
1753131423120	Marionette	INFO	Listening on port 52534
WebDriver BiDi listening on ws://127.0.0.1:52524
Read port: 52534
1753131423307	RemoteAgent	WARN	TLS certificate errors will be ignored for this session
JavaScript error: https://bet.rotowire.com/js/app.js, line 1: ReferenceError: ktag is not defined
1753131435577	Marionette	WARN	Ignoring event 'pageshow' because document has an invalid readyState of 'uninitialized'.
1753131436049	Marionette	WARN	Ignoring event 'pageshow' because document has an invalid readyState of 'uninitialized'.
1753131436140	Marionette	WARN	Ignoring event 'pageshow' because document has an invalid readyState of 'uninitialized'.
1753131436215	Marionette	WARN	Ignoring event 'pageshow' because document has an invalid readyState of 'uninitialized'.
JavaScript error: https://a.amxrtb.com/js/cframe.js#gdpr=0&gdpr_consent=&cc=US, line 1: SecurityError: The operation is insecure.
1753131436457	Marionette	WARN	Ignoring event 'pageshow' because document has an invalid readyState of 'uninitialized'.
1753131436461	Marionette	WARN	Ignoring event 'pageshow' because document has an invalid readyState of 'uninitialized'.
1753131436511	Marionette	WARN	Ignoring event 'pageshow' because document has an invalid readyState of 'uninitialized'.
1753131436680	Marionette	WARN	Ignoring event 'pageshow' because document has an invalid readyState of 'uninitialized'.
1753131436689	Marionette	WARN	Ignoring event 'pageshow' because document has an invalid readyState of 'uninitialized'.
1753131436707	Marionette	WARN	Ignoring event 'pageshow' because document has an invalid readyState of 'uninitialized'.
1753131436741	Marionette	WARN	Ignoring event 'pageshow' because document has an invalid readyState of 'uninitialized'.
1753131436767	Marionette	WARN	Ignoring event 'pageshow' because document has an invalid readyState of 'uninitialized'.
1753131436867	Marionette	WARN	Ignoring event 'pageshow' because document has an invalid readyState of 'uninitialized'.
1753131437069	Marionette	WARN	Ignoring event 'pageshow' because document has an invalid readyState of 'uninitialized'.
1753131437207	Marionette	WARN	Ignoring event 'pageshow' because document has an invalid readyState of 'uninitialized'.
1753131437258	Marionette	WARN	Ignoring event 'pageshow' because document has an invalid readyState of 'uninitialized'.
1753131437273	Marionette	WARN	Ignoring event 'pageshow' because document has an invalid readyState of 'uninitialized'.
1753131437312	Marionette	WARN	Ignoring event 'pageshow' because document has an invalid readyState of 'uninitialized'.
1753131437312	Marionette	WARN	Ignoring event 'pageshow' because document has an invalid readyState of 'uninitialized'.
1753131437340	Marionette	WARN	Ignoring event 'pageshow' because document has an invalid readyState of 'uninitialized'.
1753131437356	Marionette	WARN	Ignoring event 'pageshow' because document has an invalid readyState of 'uninitialized'.
1753131437364	Marionette	WARN	Ignoring event 'pageshow' because document has an invalid readyState of 'uninitialized'.
1753131437368	Marionette	WARN	Ignoring event 'pageshow' because document has an invalid readyState of 'uninitialized'.
1753131437425	Marionette	WARN	Ignoring event 'pageshow' because document has an invalid readyState of 'uninitialized'.
1753131438040	Marionette	WARN	Ignoring event 'pageshow' because document has an invalid readyState of 'uninitialized'.
JavaScript error: https://a.amxrtb.com/js/cframe.js#gdpr=0&gdpr_consent=&cc=US, line 1: SecurityError: The operation is insecure.
1753131439045	Marionette	WARN	Ignoring event 'pageshow' because document has an invalid readyState of 'uninitialized'.
1753131447231	Marionette	INFO	Stopped listening on port 52534
Dynamically enable window occlusion 1
JavaScript warning: , line 0: Script terminated by timeout at:

console.error: "Failed to fetch https://ads.mozilla.org/v1/delete_user:" "NetworkError when attempting to fetch resource."
console.warn: TopSitesFeed: Failed to fetch data from MARS server: NetworkError when attempting to fetch resource.
JavaScript error: resource://services-settings/RemoteSettingsClient.sys.mjs, line 101: Error: Unknown callback
1753132852171	geckodriver	INFO	Listening on 127.0.0.1:53591
1753132855191	mozrunner::runner	INFO	Running command: "C:\\Program Files\\Mozilla Firefox\\firefox.exe" "--marionette" "--width=1350" "--height=1025" "--remote-de ... 2" "--remote-allow-hosts" "localhost" "-no-remote" "-profile" "C:\\Users\\brend\\AppData\\Local\\Temp\\rust_mozprofile4IqYfv"
console.warn: services.settings: Ignoring preference override of remote settings server
console.warn: services.settings: Allow by setting MOZ_REMOTE_SETTINGS_DEVTOOLS=1 in the environment
Dynamically enable window occlusion 0
1753132856314	Marionette	INFO	Marionette enabled
console.error: "Warning: unrecognized command line flag" "-width"
console.error: "Warning: unrecognized command line flag" "-height"
1753132856471	Marionette	INFO	Listening on port 53602
WebDriver BiDi listening on ws://127.0.0.1:53592
Read port: 53602
1753132856601	RemoteAgent	WARN	TLS certificate errors will be ignored for this session
1753132859756	Marionette	WARN	Ignoring event 'pageshow' because document has an invalid readyState of 'uninitialized'.
Exiting due to channel error.
Listening on 127.0.0.1:53702
1753132994092	mozrunner::runner	INFO	Running command: "C:\\Program Files\\Mozilla Firefox\\firefox.exe" "--marionette" "--width=1350" "--height=1025" "--remote-de ... 3" "--remote-allow-hosts" "localhost" "-no-remote" "-profile" "C:\\Users\\brend\\AppData\\Local\\Temp\\rust_mozprofileP85Q0u"
console.warn: services.settings: Ignoring preference override of remote settings server
console.warn: services.settings: Allow by setting MOZ_REMOTE_SETTINGS_DEVTOOLS=1 in the environment
Dynamically enable window occlusion 0
1753132995179	Marionette	INFO	Marionette enabled
console.error: "Warning: unrecognized command line flag" "-width"
console.error: "Warning: unrecognized command line flag" "-height"
1753132995342	Marionette	INFO	Listening on port 53712
WebDriver BiDi listening on ws://127.0.0.1:53703
Read port: 53712
1753132995478	RemoteAgent	WARN	TLS certificate errors will be ignored for this session
1753133116039	Marionette	INFO	Stopped listening on port 53712
Dynamically enable window occlusion 1
console.error: "Failed to fetch https://ads.mozilla.org/v1/delete_user:" "NetworkError when attempting to fetch resource."
console.warn: TopSitesFeed: Failed to fetch data from MARS server: NetworkError when attempting to fetch resource.
JavaScript error: resource://services-settings/RemoteSettingsClient.sys.mjs, line 101: Error: Unknown callback
1753800325522	geckodriver	INFO	Listening on 127.0.0.1:61697
1753800328602	mozrunner::runner	INFO	Running command: "C:\\Program Files\\Mozilla Firefox\\firefox.exe" "--marionette" "--width=1350" "--height=1025" "--remote-de ... 8" "--remote-allow-hosts" "localhost" "-no-remote" "-profile" "C:\\Users\\brend\\AppData\\Local\\Temp\\rust_mozprofileIHYo69"
console.warn: services.settings: Ignoring preference override of remote settings server
console.warn: services.settings: Allow by setting MOZ_REMOTE_SETTINGS_DEVTOOLS=1 in the environment
Dynamically enable window occlusion 0
1753800329878	Marionette	INFO	Marionette enabled
console.error: "Warning: unrecognized command line flag" "-width"
console.error: "Warning: unrecognized command line flag" "-height"
1753800330056	Marionette	INFO	Listening on port 61713
WebDriver BiDi listening on ws://127.0.0.1:61698
Read port: 61713
1753800330208	RemoteAgent	WARN	TLS certificate errors will be ignored for this session
JavaScript error: , line 0: NotFoundError: No such JSProcessActor 'DevToolsProcess'
JavaScript error: , line 0: NotFoundError: No such JSProcessActor 'DevToolsProcess'
JavaScript error: , line 0: NotFoundError: No such JSProcessActor 'DevToolsProcess'
1753800507445	Marionette	INFO	Stopped listening on port 61713
Dynamically enable window occlusion 1
console.error: "Failed to fetch https://ads.mozilla.org/v1/delete_user:" "NetworkError when attempting to fetch resource."
console.warn: TopSitesFeed: Failed to fetch data from MARS server: NetworkError when attempting to fetch resource.
JavaScript error: resource://services-settings/RemoteSettingsClient.sys.mjs, line 101: Error: Unknown callback
ror: "Warning: unrecognized command line flag" "-height"
1753800500121	Marionette	INFO	Listening on port 61839
WebDriver BiDi listening on ws://127.0.0.1:61829
Read port: 61839
1753800500264	RemoteAgent	WARN	TLS certificate errors will be ignored for this session
1753800609993	Marionette	INFO	Stopped listening on port 61839
Dynamically enable window occlusion 1
console.error: "Failed to fetch https://ads.mozilla.org/v1/delete_user:" "NetworkError when attempting to fetch resource."
console.warn: TopSitesFeed: Failed to fetch data from MARS server: NetworkError when attempting to fetch resource.
JavaScript error: resource://services-settings/RemoteSettingsClient.sys.mjs, line 101: Error: Unknown callback
1753800864939	geckodriver	INFO	Listening on 127.0.0.1:62074
1753800867956	mozrunner::runner	INFO	Running command: "C:\\Program Files\\Mozilla Firefox\\firefox.exe" "--marionette" "--width=1350" "--height=1025" "--remote-de ... 5" "--remote-allow-hosts" "localhost" "-no-remote" "-profile" "C:\\Users\\brend\\AppData\\Local\\Temp\\rust_mozprofileMzt72V"
console.warn: services.settings: Ignoring preference override of remote settings server
console.warn: services.settings: Allow by setting MOZ_REMOTE_SETTINGS_DEVTOOLS=1 in the environment
Dynamically enable window occlusion 0
1753800869054	Marionette	INFO	Marionette enabled
console.error: "Warning: unrecognized command line flag" "-width"
console.error: "Warning: unrecognized command line flag" "-height"
1753800869200	Marionette	INFO	Listening on port 62085
WebDriver BiDi listening on ws://127.0.0.1:62075
Read port: 62085
1753800869326	RemoteAgent	WARN	TLS certificate errors will be ignored for this session
1753801014967	Marionette	INFO	Stopped listening on port 62085
Dynamically enable window occlusion 1
console.error: "Failed to fetch https://ads.mozilla.org/v1/delete_user:" "NetworkError when attempting to fetch resource."
console.warn: TopSitesFeed: Failed to fetch data from MARS server: NetworkError when attempting to fetch resource.
JavaScript error: resource://services-settings/RemoteSettingsClient.sys.mjs, line 101: Error: Unknown callback
1754276506599	geckodriver	INFO	Listening on 127.0.0.1:54438
1754276509695	mozrunner::runner	INFO	Running command: "C:\\Program Files\\Mozilla Firefox\\firefox.exe" "--marionette" "--width=950" "--height=1025" "--remote-deb ... 9" "--remote-allow-hosts" "localhost" "-no-remote" "-profile" "C:\\Users\\brend\\AppData\\Local\\Temp\\rust_mozprofiler87ope"
console.warn: services.settings: Ignoring preference override of remote settings server
console.warn: services.settings: Allow by setting MOZ_REMOTE_SETTINGS_DEVTOOLS=1 in the environment
Dynamically enable window occlusion 0
1754276510882	Marionette	INFO	Marionette enabled
console.error: "Warning: unrecognized command line flag" "-width"
console.error: "Warning: unrecognized command line flag" "-height"
1754276511061	Marionette	INFO	Listening on port 54453
WebDriver BiDi listening on ws://127.0.0.1:54439
Read port: 54453
1754276511204	RemoteAgent	WARN	TLS certificate errors will be ignored for this session
JavaScript warning: https://scripts.webcontentassessor.com/scripts/d432d2cc1ea079030ef54edcb8b458c211934a1174311c663c3909a0d1af4105, line 1: unreachable code after return statement
1754276546452	Marionette	WARN	Ignoring event 'DOMContentLoaded' because document has an invalid readyState of 'complete'.
1754276560778	Marionette	WARN	Ignoring event 'pageshow' because document has an invalid readyState of 'uninitialized'.
1754276560779	Marionette	WARN	Ignoring event 'pageshow' because document has an invalid readyState of 'uninitialized'.
1754276568412	Marionette	WARN	Ignoring event 'pageshow' because document has an invalid readyState of 'uninitialized'.
1754276572565	Marionette	WARN	Ignoring event 'pageshow' because document has an invalid readyState of 'uninitialized'.
1754276573736	Marionette	WARN	Ignoring event 'pageshow' because document has an invalid readyState of 'uninitialized'.
1754276574753	Marionette	WARN	Ignoring event 'pageshow' because document has an invalid readyState of 'uninitialized'.
1754276575613	Marionette	INFO	Stopped listening on port 54453
Dynamically enable window occlusion 1
JavaScript warning: https://www.rotowire.com/frontend/assets/js/rotowire.min.js?v=217, line 66: Script terminated by timeout at:
e@https://www.rotowire.com/frontend/assets/js/rotowire.min.js?v=217:66:1871

console.error: "Failed to fetch https://ads.mozilla.org/v1/delete_user:" "NetworkError when attempting to fetch resource."
console.warn: TopSitesFeed: Failed to fetch data from MARS server: NetworkError when attempting to fetch resource.
JavaScript error: , line 0: TypeError: NetworkError when attempting to fetch resource.
JavaScript error: resource://services-settings/RemoteSettingsClient.sys.mjs, line 101: Error: Unknown callback
1754399811351	geckodriver	INFO	Listening on 127.0.0.1:64537
1754399814423	mozrunner::runner	INFO	Running command: "C:\\Program Files\\Mozilla Firefox\\firefox.exe" "--marionette" "--width=950" "--height=1025" "--remote-deb ... 8" "--remote-allow-hosts" "localhost" "-no-remote" "-profile" "C:\\Users\\brend\\AppData\\Local\\Temp\\rust_mozprofile9tfLVL"
console.warn: services.settings: Ignoring preference override of remote settings server
console.warn: services.settings: Allow by setting MOZ_REMOTE_SETTINGS_DEVTOOLS=1 in the environment
Dynamically enable window occlusion 0
1754399815750	Marionette	INFO	Marionette enabled
console.error: "Warning: unrecognized command line flag" "-width"
console.error: "Warning: unrecognized command line flag" "-height"
1754399815927	Marionette	INFO	Listening on port 64553
Read port: 64553
WebDriver BiDi listening on ws://127.0.0.1:64538
1754399816004	RemoteAgent	WARN	TLS certificate errors will be ignored for this session
JavaScript warning: https://scripts.webcontentassessor.com/scripts/d432d2cc1ea079030ef54edcb8b458c211934a1174311c663c3909a0d1af4105, line 1: unreachable code after return statement
1754399834683	Marionette	WARN	Ignoring event 'DOMContentLoaded' because document has an invalid readyState of 'complete'.
1754399838963	Marionette	WARN	Ignoring event 'pageshow' because document has an invalid readyState of 'uninitialized'.
1754399838977	Marionette	WARN	Ignoring event 'pageshow' because document has an invalid readyState of 'uninitialized'.
1754399840888	Marionette	WARN	Ignoring event 'pageshow' because document has an invalid readyState of 'uninitialized'.
1754399842579	Marionette	WARN	Ignoring event 'pageshow' because document has an invalid readyState of 'uninitialized'.
1754399842898	Marionette	WARN	Ignoring event 'pageshow' because document has an invalid readyState of 'uninitialized'.
1754399844108	Marionette	WARN	Ignoring event 'pageshow' because document has an invalid readyState of 'uninitialized'.
1754399844258	Marionette	WARN	Ignoring event 'pageshow' because document has an invalid readyState of 'uninitialized'.
1754399845262	Marionette	WARN	Ignoring event 'pageshow' because document has an invalid readyState of 'uninitialized'.
1754399845267	Marionette	WARN	Ignoring event 'pageshow' because document has an invalid readyState of 'uninitialized'.
1754399845366	Marionette	WARN	Ignoring event 'pageshow' because document has an invalid readyState of 'uninitialized'.
1754399846235	Marionette	WARN	Ignoring event 'pageshow' because document has an invalid readyState of 'uninitialized'.
1754399846806	Marionette	WARN	Ignoring event 'pageshow' because document has an invalid readyState of 'uninitialized'.
1754399847861	Marionette	WARN	Ignoring event 'pageshow' because document has an invalid readyState of 'uninitialized'.
1754399848139	Marionette	WARN	Ignoring event 'pageshow' because document has an invalid readyState of 'uninitialized'.
1754399848169	Marionette	WARN	Ignoring event 'pageshow' because document has an invalid readyState of 'uninitialized'.
1754399848211	Marionette	WARN	Ignoring event 'pageshow' because document has an invalid readyState of 'uninitialized'.
JavaScript warning: https://pagead2.googlesyndication.com/bg/AZAUIlE6_N6jsB6dga0xqR3xA9rGSsalMyqXBQnoQMw.js, line 2: unreachable code after return statement
JavaScript warning: https://pagead2.googlesyndication.com/bg/AZAUIlE6_N6jsB6dga0xqR3xA9rGSsalMyqXBQnoQMw.js, line 2243: unreachable code after return statement
JavaScript warning: https://pagead2.googlesyndication.com/bg/AZAUIlE6_N6jsB6dga0xqR3xA9rGSsalMyqXBQnoQMw.js, line 2243: unreachable code after return statement
JavaScript warning: https://pagead2.googlesyndication.com/bg/AZAUIlE6_N6jsB6dga0xqR3xA9rGSsalMyqXBQnoQMw.js, line 2243: unreachable code after return statement
JavaScript warning: https://pagead2.googlesyndication.com/bg/AZAUIlE6_N6jsB6dga0xqR3xA9rGSsalMyqXBQnoQMw.js, line 2243: unreachable code after return statement
JavaScript warning: https://pagead2.googlesyndication.com/bg/AZAUIlE6_N6jsB6dga0xqR3xA9rGSsalMyqXBQnoQMw.js, line 2243: unreachable code after return statement
JavaScript warning: https://pagead2.googlesyndication.com/bg/AZAUIlE6_N6jsB6dga0xqR3xA9rGSsalMyqXBQnoQMw.js, line 2243: unreachable code after return statement
JavaScript warning: https://pagead2.googlesyndication.com/bg/AZAUIlE6_N6jsB6dga0xqR3xA9rGSsalMyqXBQnoQMw.js, line 2243: unreachable code after return statement
JavaScript warning: https://pagead2.googlesyndication.com/bg/AZAUIlE6_N6jsB6dga0xqR3xA9rGSsalMyqXBQnoQMw.js line 2 > eval, line 2243: unreachable code after return statement
JavaScript warning: https://pagead2.googlesyndication.com/bg/AZAUIlE6_N6jsB6dga0xqR3xA9rGSsalMyqXBQnoQMw.js line 2 > eval, line 2243: unreachable code after return statement
JavaScript warning: https://pagead2.googlesyndication.com/bg/AZAUIlE6_N6jsB6dga0xqR3xA9rGSsalMyqXBQnoQMw.js line 2 > eval, line 2243: unreachable code after return statement
JavaScript warning: https://pagead2.googlesyndication.com/bg/AZAUIlE6_N6jsB6dga0xqR3xA9rGSsalMyqXBQnoQMw.js line 2 > eval, line 2243: unreachable code after return statement
JavaScript warning: https://pagead2.googlesyndication.com/bg/AZAUIlE6_N6jsB6dga0xqR3xA9rGSsalMyqXBQnoQMw.js line 2 > eval, line 1: unreachable code after return statement
JavaScript warning: https://pagead2.googlesyndication.com/bg/AZAUIlE6_N6jsB6dga0xqR3xA9rGSsalMyqXBQnoQMw.js line 2 > eval line 2243 > eval, line 1: unreachable code after return statement
JavaScript warning: https://pagead2.googlesyndication.com/bg/AZAUIlE6_N6jsB6dga0xqR3xA9rGSsalMyqXBQnoQMw.js line 2 > eval line 2243 > eval, line 1: unreachable code after return statement
JavaScript warning: https://pagead2.googlesyndication.com/bg/AZAUIlE6_N6jsB6dga0xqR3xA9rGSsalMyqXBQnoQMw.js line 2 > eval line 2243 > eval line 1 > eval, line 1: unreachable code after return statement
JavaScript warning: https://pagead2.googlesyndication.com/bg/AZAUIlE6_N6jsB6dga0xqR3xA9rGSsalMyqXBQnoQMw.js line 2 > eval line 2243 > eval, line 1: unreachable code after return statement
JavaScript warning: https://pagead2.googlesyndication.com/bg/AZAUIlE6_N6jsB6dga0xqR3xA9rGSsalMyqXBQnoQMw.js line 2 > eval line 2243 > eval line 1 > eval, line 1: unreachable code after return statement
JavaScript warning: https://pagead2.googlesyndication.com/bg/AZAUIlE6_N6jsB6dga0xqR3xA9rGSsalMyqXBQnoQMw.js line 2 > eval, line 2243: unreachable code after return statement
JavaScript warning: https://pagead2.googlesyndication.com/bg/AZAUIlE6_N6jsB6dga0xqR3xA9rGSsalMyqXBQnoQMw.js line 2 > eval, line 2243: unreachable code after return statement
JavaScript warning: https://pagead2.googlesyndication.com/bg/AZAUIlE6_N6jsB6dga0xqR3xA9rGSsalMyqXBQnoQMw.js line 2 > eval line 2243 > eval line 1 > eval, line 1: unreachable code after return statement
JavaScript warning: https://pagead2.googlesyndication.com/bg/AZAUIlE6_N6jsB6dga0xqR3xA9rGSsalMyqXBQnoQMw.js line 2 > eval line 2243 > eval line 1 > eval, line 1: unreachable code after return statement
JavaScript warning: https://pagead2.googlesyndication.com/bg/AZAUIlE6_N6jsB6dga0xqR3xA9rGSsalMyqXBQnoQMw.js line 2 > eval line 2243 > eval line 1 > eval, line 1: unreachable code after return statement
JavaScript warning: https://pagead2.googlesyndication.com/bg/AZAUIlE6_N6jsB6dga0xqR3xA9rGSsalMyqXBQnoQMw.js line 2 > eval line 2243 > eval line 1 > eval line 1 > eval, line 1: unreachable code after return statement
JavaScript warning: https://pagead2.googlesyndication.com/bg/AZAUIlE6_N6jsB6dga0xqR3xA9rGSsalMyqXBQnoQMw.js line 2 > eval line 2243 > eval line 1 > eval line 1 > eval, line 1: unreachable code after return statement
JavaScript warning: https://pagead2.googlesyndication.com/bg/AZAUIlE6_N6jsB6dga0xqR3xA9rGSsalMyqXBQnoQMw.js line 2 > eval line 2243 > eval line 1 > eval line 1 > eval, line 1: unreachable code after return statement
1754399850502	Marionette	WARN	Ignoring event 'pageshow' because document has an invalid readyState of 'uninitialized'.
1754399852560	Marionette	WARN	Ignoring event 'pageshow' because document has an invalid readyState of 'uninitialized'.
JavaScript warning: https://player.aniview.com/ssync/62f53b2c7850d0786f227f64/ssync.html?gdpr=0&gdpr_consent=&pid=62f53b2c7850d0786f227f64&r=https%3A%2F%2Fvisitor.us-east4.gcp.omnitagjs.com%2Fvisitor%2Fsync%3Fgdpr%3D0%26gdpr_consent%3D%26name%3DANIVIEW%26ttl%3D720%26uid%3De8ecb87ff2ef3a3b16ba16c51e7986ac%26visitor%3D%255BAV_UID%255D, line 82: unreachable code after return statement
JavaScript warning: https://imasdk.googleapis.com/js/core/bridge3.709.0_en.html#fid=goog_1019859647, line 11: Script terminated by timeout at:
v@https://imasdk.googleapis.com/js/core/bridge3.709.0_en.html#fid=goog_1019859647:11:367
$E/this.X@https://imasdk.googleapis.com/js/core/bridge3.709.0_en.html#fid=goog_1019859647:471:37

JavaScript warning: https://imasdk.googleapis.com/js/core/bridge3.709.0_en.html#fid=goog_368262161, line 474: Script terminated by timeout at:
$E.prototype.j@https://imasdk.googleapis.com/js/core/bridge3.709.0_en.html#fid=goog_368262161:474:329
$E/this.X@https://imasdk.googleapis.com/js/core/bridge3.709.0_en.html#fid=goog_368262161:471:327

1754399888492	Marionette	INFO	Stopped listening on port 64553
Dynamically enable window occlusion 1
JavaScript warning: https://www.rotowire.com/frontend/assets/js/rotowire.min.js?v=217, line 66: Script terminated by timeout at:
e@https://www.rotowire.com/frontend/assets/js/rotowire.min.js?v=217:66:1871

console.error: "Failed to fetch https://ads.mozilla.org/v1/delete_user:" "NetworkError when attempting to fetch resource."
console.warn: TopSitesFeed: Failed to fetch data from MARS server: NetworkError when attempting to fetch resource.
JavaScript error: , line 0: TypeError: NetworkError when attempting to fetch resource.
JavaScript error: , line 0: TypeError: NetworkError when attempting to fetch resource.
JavaScript error: , line 0: TypeError: NetworkError when attempting to fetch resource.
JavaScript error: , line 0: TypeError: NetworkError when attempting to fetch resource.
JavaScript error: , line 0: TypeError: NetworkError when attempting to fetch resource.
JavaScript error: resource://services-settings/RemoteSettingsClient.sys.mjs, line 101: Error: Unknown callback
[GFX1-]: VideoBridgeParent receives IPC close with reason=AbnormalShutdown
1754400125877	geckodriver	INFO	Listening on 127.0.0.1:49682
1754400128894	mozrunner::runner	INFO	Running command: "C:\\Program Files\\Mozilla Firefox\\firefox.exe" "--marionette" "--width=1350" "--height=1025" "--remote-de ... 3" "--remote-allow-hosts" "localhost" "-no-remote" "-profile" "C:\\Users\\brend\\AppData\\Local\\Temp\\rust_mozprofilej3x66M"
console.warn: services.settings: Ignoring preference override of remote settings server
console.warn: services.settings: Allow by setting MOZ_REMOTE_SETTINGS_DEVTOOLS=1 in the environment
Dynamically enable window occlusion 0
1754400129995	Marionette	INFO	Marionette enabled
console.error: "Warning: unrecognized command line flag" "-width"
console.error: "Warning: unrecognized command line flag" "-height"
1754400130141	Marionette	INFO	Listening on port 49693
WebDriver BiDi listening on ws://127.0.0.1:49683
Read port: 49693
1754400130269	RemoteAgent	WARN	TLS certificate errors will be ignored for this session
1754400277464	Marionette	INFO	Stopped listening on port 49693
Dynamically enable window occlusion 1
console.error: "Failed to fetch https://ads.mozilla.org/v1/delete_user:" "NetworkError when attempting to fetch resource."
console.warn: TopSitesFeed: Failed to fetch data from MARS server: NetworkError when attempting to fetch resource.
JavaScript error: resource://services-settings/RemoteSettingsClient.sys.mjs, line 101: Error: Unknown callback
1754421339797	geckodriver	INFO	Listening on 127.0.0.1:51501
1754421342864	mozrunner::runner	INFO	Running command: "C:\\Program Files\\Mozilla Firefox\\firefox.exe" "--marionette" "--width=1350" "--height=1025" "--remote-de ... 2" "--remote-allow-hosts" "localhost" "-no-remote" "-profile" "C:\\Users\\brend\\AppData\\Local\\Temp\\rust_mozprofilearZuDq"
console.warn: services.settings: Ignoring preference override of remote settings server
console.warn: services.settings: Allow by setting MOZ_REMOTE_SETTINGS_DEVTOOLS=1 in the environment
Dynamically enable window occlusion 0
1754421344115	Marionette	INFO	Marionette enabled
console.error: "Warning: unrecognized command line flag" "-width"
console.error: "Warning: unrecognized command line flag" "-height"
1754421344273	Marionette	INFO	Listening on port 51511
Read port: 51511
WebDriver BiDi listening on ws://127.0.0.1:51502
1754421344347	RemoteAgent	WARN	TLS certificate errors will be ignored for this session
1754421461651	Marionette	INFO	Stopped listening on port 51511
Dynamically enable window occlusion 1
console.error: "Failed to fetch https://ads.mozilla.org/v1/delete_user:" "NetworkError when attempting to fetch resource."
console.warn: TopSitesFeed: Failed to fetch data from MARS server: NetworkError when attempting to fetch resource.
JavaScript error: resource://services-settings/RemoteSettingsClient.sys.mjs, line 101: Error: Unknown callback
1754505788824	geckodriver	INFO	Listening on 127.0.0.1:58128
1754505791885	mozrunner::runner	INFO	Running command: "C:\\Program Files\\Mozilla Firefox\\firefox.exe" "--marionette" "--width=950" "--height=1025" "--remote-deb ... 9" "--remote-allow-hosts" "localhost" "-no-remote" "-profile" "C:\\Users\\brend\\AppData\\Local\\Temp\\rust_mozprofilegvt8Dl"
console.warn: services.settings: Ignoring preference override of remote settings server
console.warn: services.settings: Allow by setting MOZ_REMOTE_SETTINGS_DEVTOOLS=1 in the environment
Dynamically enable window occlusion 0
1754505792557	Marionette	INFO	Marionette enabled
console.error: "Warning: unrecognized command line flag" "-width"
console.error: "Warning: unrecognized command line flag" "-height"
1754505792731	Marionette	INFO	Listening on port 58140
WebDriver BiDi listening on ws://127.0.0.1:58129
Read port: 58140
1754505792886	RemoteAgent	WARN	TLS certificate errors will be ignored for this session
JavaScript warning: https://scripts.webcontentassessor.com/scripts/d432d2cc1ea079030ef54edcb8b458c211934a1174311c663c3909a0d1af4105, line 1: unreachable code after return statement
1754505825353	Marionette	INFO	Stopped listening on port 58140
Dynamically enable window occlusion 1
console.error: "Failed to fetch https://ads.mozilla.org/v1/delete_user:" "NetworkError when attempting to fetch resource."
console.warn: TopSitesFeed: Failed to fetch data from MARS server: NetworkError when attempting to fetch resource.
console.error: services.settings: 
Object
  - prototype Object
    - columnNumber = 0
    - data = null
    - filename = resource://gre/modules/ServiceRequest.sys.mjs
    - lineNumber = 126
    - location = {"name":"open","filename":"resource://gre/modules/ServiceRequest.sys.mjs","sourceId":27,"lineNumber":126,"columnNumber":11,"asyncCause":null,"asyncCaller":null,"caller":{"filename":"resource://services-settings/Utils.sys.mjs","name":"fetch/<","sourceId":26,"lineNumber":268,"columnNumber":15,"asyncCause":null,"asyncCaller":null,"caller":{"filename":"resource://services-settings/Utils.sys.mjs","name":"fetch","sourceId":26,"lineNumber":219,"columnNumber":12,"asyncCause":null,"asyncCaller":null,"caller":{"filename":"resource://services-settings/RemoteSettingsClient.sys.mjs","name":"validateCollectionSignature","sourceId":24,"lineNumber":1075,"columnNumber":47,"asyncCause":null,"asyncCaller":null,"caller":{"filename":"resource://services-settings/RemoteSettingsClient.sys.mjs","name":"maybeSync","sourceId":24,"lineNumber":790,"columnNumber":26,"asyncCause":null,"asyncCaller":null,"caller":null,"formattedStack":"maybeSync@resource://services-settings/RemoteSettingsClient.sys.mjs:790:26\n","nativeSavedFrame":{}},"formattedStack":"validateCollectionSignature@resource://services-settings/RemoteSettingsClient.sys.mjs:1075:47\nmaybeSync@resource://services-settings/RemoteSettingsClient.sys.mjs:790:26\n","nativeSavedFrame":{}},"formattedStack":"fetch@resource://services-settings/Utils.sys.mjs:219:12\nvalidateCollectionSignature@resource://services-settings/RemoteSettingsClient.sys.mjs:1075:47\nmaybeSync@resource://services-settings/RemoteSettingsClient.sys.mjs:790:26\n","nativeSavedFrame":{}},"formattedStack":"fetch/<@resource://services-settings/Utils.sys.mjs:268:15\nfetch@resource://services-settings/Utils.sys.mjs:219:12\nvalidateCollectionSignature@resource://services-settings/RemoteSettingsClient.sys.mjs:1075:47\nmaybeSync@resource://services-settings/RemoteSettingsClient.sys.mjs:790:26\n","nativeSavedFrame":{}},"formattedStack":"open@resource://gre/modules/ServiceRequest.sys.mjs:126:11\nfetch/<@resource://services-settings/Utils.sys.mjs:268:15\nfetch@resource://services-settings/Utils.sys.mjs:219:12\nvalidateCollectionSignature@resource://services-settings/RemoteSettingsClient.sys.mjs:1075:47\nmaybeSync@resource://services-settings/RemoteSettingsClient.sys.mjs:790:26\n","nativeSavedFrame":{}}
    - message = 
    - name = 
    - result = 2152071198
    - stack = open@resource://gre/modules/ServiceRequest.sys.mjs:126:11|fetch/<@resource://services-settings/Utils.sys.mjs:268:15|fetch@resource://services-settings/Utils.sys.mjs:219:12|validateCollectionSignature@resource://services-settings/RemoteSettingsClient.sys.mjs:1075:47|maybeSync@resource://services-settings/RemoteSettingsClient.sys.mjs:790:26|
  - prototype Object
console.warn: services.settings: main/mfcdm-origins-list sync interrupted by shutdown
console.warn: services.settings: main/doh-config sync interrupted by shutdown
console.warn: services.settings: main/fingerprinting-protection-overrides sync interrupted by shutdown
console.warn: services.settings: main/translations-wasm sync interrupted by shutdown
console.warn: services.settings: main/partitioning-exempt-urls sync interrupted by shutdown
console.warn: services.settings: blocklists/gfx sync interrupted by shutdown
console.warn: services.settings: main/cfr sync interrupted by shutdown
console.warn: services.settings: main/search-config-icons sync interrupted by shutdown
console.warn: services.settings: main/search-default-override-allowlist sync interrupted by shutdown
console.warn: services.settings: main/top-sites sync interrupted by shutdown
console.warn: services.settings: main/newtab-wallpapers-v2 sync interrupted by shutdown
console.warn: services.settings: main/password-rules sync interrupted by shutdown
console.warn: services.settings: main/url-parser-default-unknown-schemes-interventions sync interrupted by shutdown
console.warn: services.settings: main/url-classifier-skip-urls sync interrupted by shutdown
console.warn: services.settings: main/websites-with-shared-credential-backends sync interrupted by shutdown
console.warn: services.settings: main/normandy-recipes-capabilities sync interrupted by shutdown
console.warn: services.settings: main/remote-permissions sync interrupted by shutdown
console.warn: services.settings: main/search-categorization sync interrupted by shutdown
console.warn: services.settings: main/third-party-cookie-blocking-exempt-urls sync interrupted by shutdown
console.warn: services.settings: main/cookie-banner-rules-list sync interrupted by shutdown
console.warn: services.settings: main/urlbar-persisted-search-terms sync interrupted by shutdown
console.warn: services.settings: main/search-config-overrides-v2 sync interrupted by shutdown
console.warn: services.settings: main/query-stripping sync interrupted by shutdown
console.warn: services.settings: main/addons-manager-settings sync interrupted by shutdown
console.warn: services.settings: main/fxmonitor-breaches sync interrupted by shutdown
console.warn: services.settings: main/password-recipes sync interrupted by shutdown
console.warn: services.settings: main/language-dictionaries sync interrupted by shutdown
console.warn: services.settings: main/devtools-devices sync interrupted by shutdown
console.warn: services.settings: main/doh-providers sync interrupted by shutdown
console.warn: services.settings: main/hijack-blocklists sync interrupted by shutdown
console.warn: services.settings: main/anti-tracking-url-decoration sync interrupted by shutdown
console.warn: services.settings: main/sites-classification sync interrupted by shutdown
console.error: ({details:{id:"85fc8c6a-75fc-501e-9d4b-08306b7f81e6", last_modified:1751018358372, bucket:"main", collection:"moz-essential-domain-fallbacks", host:"firefox.settings.services.mozilla.com"}})
JavaScript error: resource://services-settings/RemoteSettingsClient.sys.mjs, line 101: Error: Unknown callback
1754505901819	geckodriver	INFO	Listening on 127.0.0.1:58343
1754505904853	mozrunner::runner	INFO	Running command: "C:\\Program Files\\Mozilla Firefox\\firefox.exe" "--marionette" "--width=1350" "--height=1025" "--remote-de ... 4" "--remote-allow-hosts" "localhost" "-no-remote" "-profile" "C:\\Users\\brend\\AppData\\Local\\Temp\\rust_mozprofilexVZujp"
console.warn: services.settings: Ignoring preference override of remote settings server
console.warn: services.settings: Allow by setting MOZ_REMOTE_SETTINGS_DEVTOOLS=1 in the environment
Dynamically enable window occlusion 0
1754505905954	Marionette	INFO	Marionette enabled
console.error: "Warning: unrecognized command line flag" "-width"
console.error: "Warning: unrecognized command line flag" "-height"
1754505906104	Marionette	INFO	Listening on port 58353
WebDriver BiDi listening on ws://127.0.0.1:58344
Read port: 58353
1754505906232	RemoteAgent	WARN	TLS certificate errors will be ignored for this session
1754505989318	Marionette	INFO	Stopped listening on port 58353
Dynamically enable window occlusion 1
console.error: "Failed to fetch https://ads.mozilla.org/v1/delete_user:" "NetworkError when attempting to fetch resource."
console.warn: TopSitesFeed: Failed to fetch data from MARS server: NetworkError when attempting to fetch resource.
JavaScript error: resource://services-settings/RemoteSettingsClient.sys.mjs, line 101: Error: Unknown callback
1754599210604	geckodriver	INFO	Listening on 127.0.0.1:50947
1754599213672	mozrunner::runner	INFO	Running command: "C:\\Program Files\\Mozilla Firefox\\firefox.exe" "--marionette" "--width=950" "--height=1025" "--remote-deb ... 8" "--remote-allow-hosts" "localhost" "-no-remote" "-profile" "C:\\Users\\brend\\AppData\\Local\\Temp\\rust_mozprofilepUDUil"
console.warn: services.settings: Ignoring preference override of remote settings server
console.warn: services.settings: Allow by setting MOZ_REMOTE_SETTINGS_DEVTOOLS=1 in the environment
Dynamically enable window occlusion 0
1754599214944	Marionette	INFO	Marionette enabled
console.error: "Warning: unrecognized command line flag" "-width"
console.error: "Warning: unrecognized command line flag" "-height"
1754599215121	Marionette	INFO	Listening on port 50958
WebDriver BiDi listening on ws://127.0.0.1:50948
Read port: 50958
1754599215271	RemoteAgent	WARN	TLS certificate errors will be ignored for this session
JavaScript warning: https://scripts.webcontentassessor.com/scripts/d432d2cc1ea079030ef54edcb8b458c211934a1174311c663c3909a0d1af4105, line 1: unreachable code after return statement
1754599220538	Marionette	WARN	Ignoring event 'DOMContentLoaded' because document has an invalid readyState of 'complete'.
1754599223780	Marionette	WARN	Ignoring event 'pageshow' because document has an invalid readyState of 'uninitialized'.
1754599224610	Marionette	WARN	Ignoring event 'pageshow' because document has an invalid readyState of 'uninitialized'.
1754599226908	Marionette	WARN	Ignoring event 'pageshow' because document has an invalid readyState of 'uninitialized'.
JavaScript warning: https://pagead2.googlesyndication.com/bg/JxAw7nNYr1CaUlHzQYYfjw_IjY6skMil1nOht4hO3qA.js, line 2333: unreachable code after return statement
JavaScript warning: https://pagead2.googlesyndication.com/bg/JxAw7nNYr1CaUlHzQYYfjw_IjY6skMil1nOht4hO3qA.js, line 2333: unreachable code after return statement
JavaScript warning: https://pagead2.googlesyndication.com/bg/JxAw7nNYr1CaUlHzQYYfjw_IjY6skMil1nOht4hO3qA.js, line 2333: unreachable code after return statement
JavaScript warning: https://pagead2.googlesyndication.com/bg/JxAw7nNYr1CaUlHzQYYfjw_IjY6skMil1nOht4hO3qA.js, line 2333: unreachable code after return statement
JavaScript warning: https://pagead2.googlesyndication.com/bg/JxAw7nNYr1CaUlHzQYYfjw_IjY6skMil1nOht4hO3qA.js, line 2333: unreachable code after return statement
JavaScript warning: https://pagead2.googlesyndication.com/bg/JxAw7nNYr1CaUlHzQYYfjw_IjY6skMil1nOht4hO3qA.js, line 2333: unreachable code after return statement
JavaScript warning: https://pagead2.googlesyndication.com/bg/JxAw7nNYr1CaUlHzQYYfjw_IjY6skMil1nOht4hO3qA.js line 2 > eval, line 2333: unreachable code after return statement
JavaScript warning: https://pagead2.googlesyndication.com/bg/JxAw7nNYr1CaUlHzQYYfjw_IjY6skMil1nOht4hO3qA.js line 2 > eval, line 2333: unreachable code after return statement
JavaScript warning: https://pagead2.googlesyndication.com/bg/JxAw7nNYr1CaUlHzQYYfjw_IjY6skMil1nOht4hO3qA.js line 2 > eval, line 2333: unreachable code after return statement
JavaScript warning: https://pagead2.googlesyndication.com/bg/JxAw7nNYr1CaUlHzQYYfjw_IjY6skMil1nOht4hO3qA.js line 2 > eval, line 1: unreachable code after return statement
JavaScript warning: https://pagead2.googlesyndication.com/bg/JxAw7nNYr1CaUlHzQYYfjw_IjY6skMil1nOht4hO3qA.js line 2 > eval line 2333 > eval, line 1: unreachable code after return statement
JavaScript warning: https://pagead2.googlesyndication.com/bg/JxAw7nNYr1CaUlHzQYYfjw_IjY6skMil1nOht4hO3qA.js line 2 > eval line 2333 > eval, line 1: unreachable code after return statement
JavaScript warning: https://pagead2.googlesyndication.com/bg/JxAw7nNYr1CaUlHzQYYfjw_IjY6skMil1nOht4hO3qA.js line 2 > eval line 2333 > eval line 1 > eval, line 1: unreachable code after return statement
JavaScript warning: https://pagead2.googlesyndication.com/bg/JxAw7nNYr1CaUlHzQYYfjw_IjY6skMil1nOht4hO3qA.js line 2 > eval, line 2333: unreachable code after return statement
JavaScript warning: https://pagead2.googlesyndication.com/bg/JxAw7nNYr1CaUlHzQYYfjw_IjY6skMil1nOht4hO3qA.js line 2 > eval, line 2333: unreachable code after return statement
JavaScript warning: https://pagead2.googlesyndication.com/bg/JxAw7nNYr1CaUlHzQYYfjw_IjY6skMil1nOht4hO3qA.js line 2 > eval, line 2333: unreachable code after return statement
JavaScript warning: https://pagead2.googlesyndication.com/bg/JxAw7nNYr1CaUlHzQYYfjw_IjY6skMil1nOht4hO3qA.js line 2 > eval line 2333 > eval line 1 > eval, line 1: unreachable code after return statement
JavaScript warning: https://pagead2.googlesyndication.com/bg/JxAw7nNYr1CaUlHzQYYfjw_IjY6skMil1nOht4hO3qA.js line 2 > eval line 2333 > eval line 1 > eval, line 1: unreachable code after return statement
JavaScript warning: https://pagead2.googlesyndication.com/bg/JxAw7nNYr1CaUlHzQYYfjw_IjY6skMil1nOht4hO3qA.js line 2 > eval line 2333 > eval line 1 > eval line 1 > eval, line 1: unreachable code after return statement
JavaScript warning: https://pagead2.googlesyndication.com/bg/JxAw7nNYr1CaUlHzQYYfjw_IjY6skMil1nOht4hO3qA.js line 2 > eval line 2333 > eval line 1 > eval line 1 > eval, line 1: unreachable code after return statement
1754599228722	Marionette	WARN	Ignoring event 'pageshow' because document has an invalid readyState of 'uninitialized'.
1754599233935	Marionette	WARN	Ignoring event 'pageshow' because document has an invalid readyState of 'uninitialized'.
1754599233966	Marionette	WARN	Ignoring event 'pageshow' because document has an invalid readyState of 'uninitialized'.
JavaScript warning: https://player.aniview.com/ssync/62f53b2c7850d0786f227f64/ssync.html?gdpr=0&gdpr_consent=&pid=62f53b2c7850d0786f227f64&r=https%3A%2F%2Fvisitor.us-east4.gcp.omnitagjs.com%2Fvisitor%2Fsync%3Fgdpr%3D0%26gdpr_consent%3D%26name%3DANIVIEW%26ttl%3D720%26uid%3De8ecb87ff2ef3a3b16ba16c51e7986ac%26visitor%3D%255BAV_UID%255D, line 82: unreachable code after return statement
1754599238255	Marionette	WARN	Ignoring event 'pageshow' because document has an invalid readyState of 'uninitialized'.
1754599245121	Marionette	INFO	Stopped listening on port 50958
Dynamically enable window occlusion 1
console.error: "Failed to fetch https://ads.mozilla.org/v1/delete_user:" "NetworkError when attempting to fetch resource."
console.warn: TopSitesFeed: Failed to fetch data from MARS server: NetworkError when attempting to fetch resource.
JavaScript error: , line 0: TypeError: NetworkError when attempting to fetch resource.
JavaScript error: , line 0: TypeError: NetworkError when attempting to fetch resource.
console.warn: services.settings: Error retrieving the getLastModified timestamp from blocklists/addons-bloomfilters RemoteSettingsClient Message: Error: IndexedDB: blocklists/addons-bloomfilters getLastModified() IndexedDB:  execute() The application is shutting down
console.error: services.settings: 
  Message: [Exception... "AddonManager is not initialized"  nsresult: "0xc1f30001 (NS_ERROR_NOT_INITIALIZED)"  location: "JS frame :: resource://gre/modules/AddonManager.sys.mjs :: getAddonTypesByProvider :: line 3744"  data: no]
  Stack:
    getAddonTypesByProvider@resource://gre/modules/AddonManager.sys.mjs:3744:24
@resource://gre/modules/Blocklist.sys.mjs:71:35
_onUpdate@resource://gre/modules/Blocklist.sys.mjs:1189:59

console.warn: services.settings: main/nimbus-desktop-experiments sync interrupted by shutdown
console.error: (new Error("IndexedDB: main/quicksuggest-amp getLastModified() IndexedDB:  execute() The application is shutting down", "resource://services-settings/IDBHelpers.sys.mjs", 16))
JavaScript error: resource://services-settings/RemoteSettingsClient.sys.mjs, line 101: Error: Unknown callback
[GFX1-]: VideoBridgeParent receives IPC close with reason=AbnormalShutdown
1754601992823	geckodriver	INFO	Listening on 127.0.0.1:50890
1754601995880	mozrunner::runner	INFO	Running command: "C:\\Program Files\\Mozilla Firefox\\firefox.exe" "--marionette" "--width=950" "--height=1025" "--remote-deb ... 1" "--remote-allow-hosts" "localhost" "-no-remote" "-profile" "C:\\Users\\brend\\AppData\\Local\\Temp\\rust_mozprofileVAT2cc"
console.warn: services.settings: Ignoring preference override of remote settings server
console.warn: services.settings: Allow by setting MOZ_REMOTE_SETTINGS_DEVTOOLS=1 in the environment
Dynamically enable window occlusion 0
1754601997169	Marionette	INFO	Marionette enabled
console.error: "Warning: unrecognized command line flag" "-width"
console.error: "Warning: unrecognized command line flag" "-height"
1754601997347	Marionette	INFO	Listening on port 50900
WebDriver BiDi listening on ws://127.0.0.1:50891
Read port: 50900
1754601997501	RemoteAgent	WARN	TLS certificate errors will be ignored for this session
JavaScript warning: https://scripts.webcontentassessor.com/scripts/d432d2cc1ea079030ef54edcb8b458c211934a1174311c663c3909a0d1af4105, line 1: unreachable code after return statement
1754602002046	Marionette	WARN	Ignoring event 'DOMContentLoaded' because document has an invalid readyState of 'complete'.
1754602005024	Marionette	WARN	Ignoring event 'pageshow' because document has an invalid readyState of 'interactive'.
1754602005045	Marionette	WARN	Ignoring event 'pageshow' because document has an invalid readyState of 'loading'.
1754602005449	Marionette	WARN	Ignoring event 'pageshow' because document has an invalid readyState of 'interactive'.
1754602005683	Marionette	WARN	Ignoring event 'pageshow' because document has an invalid readyState of 'loading'.
1754602009866	Marionette	WARN	Ignoring event 'pageshow' because document has an invalid readyState of 'uninitialized'.
1754602009883	Marionette	WARN	Ignoring event 'pageshow' because document has an invalid readyState of 'uninitialized'.
1754602010246	Marionette	WARN	Ignoring event 'pageshow' because document has an invalid readyState of 'uninitialized'.
1754602010473	Marionette	WARN	Ignoring event 'pageshow' because document has an invalid readyState of 'uninitialized'.
1754602010481	Marionette	WARN	Ignoring event 'pageshow' because document has an invalid readyState of 'uninitialized'.
JavaScript warning: https://player.aniview.com/ssync/62f53b2c7850d0786f227f64/ssync.html?gdpr=0&gdpr_consent=&pid=62f53b2c7850d0786f227f64&r=https%3A%2F%2Fvisitor.us-east4.gcp.omnitagjs.com%2Fvisitor%2Fsync%3Fgdpr%3D0%26gdpr_consent%3D%26name%3DANIVIEW%26ttl%3D720%26uid%3De8ecb87ff2ef3a3b16ba16c51e7986ac%26visitor%3D%255BAV_UID%255D, line 82: unreachable code after return statement
JavaScript warning: https://player.aniview.com/ssync/62f53b2c7850d0786f227f64/ssync.html?gdpr=0&gdpr_consent=&pid=62f53b2c7850d0786f227f64&r=https%3A%2F%2Fvisitor.us-east4.gcp.omnitagjs.com%2Fvisitor%2Fsync%3Fgdpr%3D0%26gdpr_consent%3D%26name%3DANIVIEW%26ttl%3D720%26uid%3De8ecb87ff2ef3a3b16ba16c51e7986ac%26visitor%3D%255BAV_UID%255D, line 82: unreachable code after return statement
1754602015862	Marionette	WARN	Ignoring event 'pageshow' because document has an invalid readyState of 'uninitialized'.
1754602015871	Marionette	WARN	Ignoring event 'pageshow' because document has an invalid readyState of 'uninitialized'.
1754602016620	Marionette	WARN	Ignoring event 'pageshow' because document has an invalid readyState of 'uninitialized'.
1754602016624	Marionette	WARN	Ignoring event 'pageshow' because document has an invalid readyState of 'uninitialized'.
1754602019886	Marionette	INFO	Stopped listening on port 50900
Dynamically enable window occlusion 1
console.error: "Failed to fetch https://ads.mozilla.org/v1/delete_user:" "NetworkError when attempting to fetch resource."
console.warn: TopSitesFeed: Failed to fetch data from MARS server: NetworkError when attempting to fetch resource.
JavaScript warning: https://cdn.flashtalking.com/frameworks/js/gsap/3.1.1/gsap.min.js, line 10: Script terminated by timeout at:
Jj@https://cdn.flashtalking.com/frameworks/js/gsap/3.1.1/gsap.min.js:10:11906

JavaScript warning: https://ced-ns.sascdn.com/diff/js/modules/cmp.js, line 1: Script terminated by timeout at:
683/searchApi/this.retryInterval<@https://ced-ns.sascdn.com/diff/js/modules/cmp.js:1:8849

JavaScript error: https://eus.rubiconproject.com/usync.js, line 4: : 
JavaScript error: , line 0: TypeError: NetworkError when attempting to fetch resource.
JavaScript error: , line 0: TypeError: NetworkError when attempting to fetch resource.
JavaScript error: , line 0: TypeError: NetworkError when attempting to fetch resource.
JavaScript error: , line 0: TypeError: NetworkError when attempting to fetch resource.
JavaScript error: resource://services-settings/RemoteSettingsClient.sys.mjs, line 101: Error: Unknown callback
1754602087797	geckodriver	INFO	Listening on 127.0.0.1:59088
1754602090804	mozrunner::runner	INFO	Running command: "C:\\Program Files\\Mozilla Firefox\\firefox.exe" "--marionette" "--width=1350" "--height=1025" "--remote-de ... 9" "--remote-allow-hosts" "localhost" "-no-remote" "-profile" "C:\\Users\\brend\\AppData\\Local\\Temp\\rust_mozprofile8cMGuF"
console.warn: services.settings: Ignoring preference override of remote settings server
console.warn: services.settings: Allow by setting MOZ_REMOTE_SETTINGS_DEVTOOLS=1 in the environment
Dynamically enable window occlusion 0
1754602092041	Marionette	INFO	Marionette enabled
console.error: "Warning: unrecognized command line flag" "-width"
console.error: "Warning: unrecognized command line flag" "-height"
1754602092192	Marionette	INFO	Listening on port 59098
WebDriver BiDi listening on ws://127.0.0.1:59089
Read port: 59098
1754602092335	RemoteAgent	WARN	TLS certificate errors will be ignored for this session
JavaScript warning: https://crazyninjaodds.com/ScriptResource.axd?d=NJmAwtEo3Ipnlaxl6CMhvpAd71mSnzuAUze8MAwh0NS-JoaA3QRk-C0pQ5NAOrkmRDutu_yU9PDJqiNkR6AjQUuIeQbcZBIIwKmKAVZqrELN9uDlxcylIa41MzdQ-24ZDTxEt0Hylljm1t_xxTtqcTRw3DZnAR6kgknLKTVYhNM1&t=2a9d95e3, line 5: Script terminated by timeout at:
Array.clone@https://crazyninjaodds.com/ScriptResource.axd?d=NJmAwtEo3Ipnlaxl6CMhvpAd71mSnzuAUze8MAwh0NS-JoaA3QRk-C0pQ5NAOrkmRDutu_yU9PDJqiNkR6AjQUuIeQbcZBIIwKmKAVZqrELN9uDlxcylIa41MzdQ-24ZDTxEt0Hylljm1t_xxTtqcTRw3DZnAR6kgknLKTVYhNM1&t=2a9d95e3:5:12041
dispose@https://crazyninjaodds.com/ScriptResource.axd?d=NJmAwtEo3Ipnlaxl6CMhvpAd71mSnzuAUze8MAwh0NS-JoaA3QRk-C0pQ5NAOrkmRDutu_yU9PDJqiNkR6AjQUuIeQbcZBIIwKmKAVZqrELN9uDlxcylIa41MzdQ-24ZDTxEt0Hylljm1t_xxTtqcTRw3DZnAR6kgknLKTVYhNM1&t=2a9d95e3:5:68156
_unloadHandler@https://crazyninjaodds.com/ScriptResource.axd?d=NJmAwtEo3Ipnlaxl6CMhvpAd71mSnzuAUze8MAwh0NS-JoaA3QRk-C0pQ5NAOrkmRDutu_yU9PDJqiNkR6AjQUuIeQbcZBIIwKmKAVZqrELN9uDlxcylIa41MzdQ-24ZDTxEt0Hylljm1t_xxTtqcTRw3DZnAR6kgknLKTVYhNM1&t=2a9d95e3:5:72364
Function.createDelegate/<@https://crazyninjaodds.com/ScriptResource.axd?d=NJmAwtEo3Ipnlaxl6CMhvpAd71mSnzuAUze8MAwh0NS-JoaA3QRk-C0pQ5NAOrkmRDutu_yU9PDJqiNkR6AjQUuIeQbcZBIIwKmKAVZqrELN9uDlxcylIa41MzdQ-24ZDTxEt0Hylljm1t_xxTtqcTRw3DZnAR6kgknLKTVYhNM1&t=2a9d95e3:5:307
b@https://crazyninjaodds.com/ScriptResource.axd?d=NJmAwtEo3Ipnlaxl6CMhvpAd71mSnzuAUze8MAwh0NS-JoaA3QRk-C0pQ5NAOrkmRDutu_yU9PDJqiNkR6AjQUuIeQbcZBIIwKmKAVZqrELN9uDlxcylIa41MzdQ-24ZDTxEt0Hylljm1t_xxTtqcTRw3DZnAR6kgknLKTVYhNM1&t=2a9d95e3:5:57482

1754602115948	Marionette	INFO	Stopped listening on port 59098
Dynamically enable window occlusion 1
console.error: "Failed to fetch https://ads.mozilla.org/v1/delete_user:" "NetworkError when attempting to fetch resource."
console.warn: TopSitesFeed: Failed to fetch data from MARS server: NetworkError when attempting to fetch resource.
JavaScript error: resource://services-settings/RemoteSettingsClient.sys.mjs, line 101: Error: Unknown callback
1754602164731	geckodriver	INFO	Listening on 127.0.0.1:59154
1754602167756	mozrunner::runner	INFO	Running command: "C:\\Program Files\\Mozilla Firefox\\firefox.exe" "--marionette" "--width=1350" "--height=1025" "--remote-de ... 5" "--remote-allow-hosts" "localhost" "-no-remote" "-profile" "C:\\Users\\brend\\AppData\\Local\\Temp\\rust_mozprofileiJSiLb"
console.warn: services.settings: Ignoring preference override of remote settings server
console.warn: services.settings: Allow by setting MOZ_REMOTE_SETTINGS_DEVTOOLS=1 in the environment
Dynamically enable window occlusion 0
1754602168309	Marionette	INFO	Marionette enabled
console.error: "Warning: unrecognized command line flag" "-width"
console.error: "Warning: unrecognized command line flag" "-height"
1754602168467	Marionette	INFO	Listening on port 59164
WebDriver BiDi listening on ws://127.0.0.1:59155
Read port: 59164
1754602168642	RemoteAgent	WARN	TLS certificate errors will be ignored for this session
1754602192345	Marionette	INFO	Stopped listening on port 59164
Dynamically enable window occlusion 1
console.error: "Failed to fetch https://ads.mozilla.org/v1/delete_user:" "NetworkError when attempting to fetch resource."
console.warn: TopSitesFeed: Failed to fetch data from MARS server: NetworkError when attempting to fetch resource.
JavaScript error: resource://services-settings/RemoteSettingsClient.sys.mjs, line 101: Error: Unknown callback
1754654794651	geckodriver	INFO	Listening on 127.0.0.1:65049
1754654797745	mozrunner::runner	INFO	Running command: "C:\\Program Files\\Mozilla Firefox\\firefox.exe" "--marionette" "--width=950" "--height=1025" "--remote-deb ... 0" "--remote-allow-hosts" "localhost" "-no-remote" "-profile" "C:\\Users\\brend\\AppData\\Local\\Temp\\rust_mozprofilexLBYvx"
console.warn: services.settings: Ignoring preference override of remote settings server
console.warn: services.settings: Allow by setting MOZ_REMOTE_SETTINGS_DEVTOOLS=1 in the environment
Dynamically enable window occlusion 0
1754654799045	Marionette	INFO	Marionette enabled
console.error: "Warning: unrecognized command line flag" "-width"
console.error: "Warning: unrecognized command line flag" "-height"
1754654799300	Marionette	INFO	Listening on port 65057
WebDriver BiDi listening on ws://127.0.0.1:65050
Read port: 65057
1754654799445	RemoteAgent	WARN	TLS certificate errors will be ignored for this session
JavaScript warning: https://scripts.webcontentassessor.com/scripts/d432d2cc1ea079030ef54edcb8b458c211934a1174311c663c3909a0d1af4105, line 1: unreachable code after return statement
1754654803895	Marionette	WARN	Ignoring event 'DOMContentLoaded' because document has an invalid readyState of 'complete'.
JavaScript warning: https://pagead2.googlesyndication.com/bg/OaBNr5IhkYeGIMk7IBHETq5pXXgOSV5CsxE-_B18JCY.js, line 4135: unreachable code after return statement
JavaScript warning: https://pagead2.googlesyndication.com/bg/OaBNr5IhkYeGIMk7IBHETq5pXXgOSV5CsxE-_B18JCY.js, line 4135: unreachable code after return statement
JavaScript warning: https://pagead2.googlesyndication.com/bg/OaBNr5IhkYeGIMk7IBHETq5pXXgOSV5CsxE-_B18JCY.js, line 4135: unreachable code after return statement
JavaScript warning: https://pagead2.googlesyndication.com/bg/OaBNr5IhkYeGIMk7IBHETq5pXXgOSV5CsxE-_B18JCY.js, line 4135: unreachable code after return statement
JavaScript warning: https://pagead2.googlesyndication.com/bg/OaBNr5IhkYeGIMk7IBHETq5pXXgOSV5CsxE-_B18JCY.js, line 4135: unreachable code after return statement
JavaScript warning: https://pagead2.googlesyndication.com/bg/OaBNr5IhkYeGIMk7IBHETq5pXXgOSV5CsxE-_B18JCY.js, line 4135: unreachable code after return statement
JavaScript warning: https://pagead2.googlesyndication.com/bg/OaBNr5IhkYeGIMk7IBHETq5pXXgOSV5CsxE-_B18JCY.js, line 4135: unreachable code after return statement
JavaScript warning: https://pagead2.googlesyndication.com/bg/OaBNr5IhkYeGIMk7IBHETq5pXXgOSV5CsxE-_B18JCY.js, line 4135: unreachable code after return statement
JavaScript warning: https://pagead2.googlesyndication.com/bg/OaBNr5IhkYeGIMk7IBHETq5pXXgOSV5CsxE-_B18JCY.js, line 4135: unreachable code after return statement
JavaScript warning: https://pagead2.googlesyndication.com/bg/OaBNr5IhkYeGIMk7IBHETq5pXXgOSV5CsxE-_B18JCY.js line 2 > eval, line 4135: unreachable code after return statement
JavaScript warning: https://pagead2.googlesyndication.com/bg/OaBNr5IhkYeGIMk7IBHETq5pXXgOSV5CsxE-_B18JCY.js line 2 > eval, line 4135: unreachable code after return statement
JavaScript warning: https://pagead2.googlesyndication.com/bg/OaBNr5IhkYeGIMk7IBHETq5pXXgOSV5CsxE-_B18JCY.js line 2 > eval, line 4135: unreachable code after return statement
JavaScript warning: https://pagead2.googlesyndication.com/bg/OaBNr5IhkYeGIMk7IBHETq5pXXgOSV5CsxE-_B18JCY.js line 2 > eval line 4135 > eval, line 1: unreachable code after return statement
JavaScript warning: https://pagead2.googlesyndication.com/bg/OaBNr5IhkYeGIMk7IBHETq5pXXgOSV5CsxE-_B18JCY.js line 2 > eval line 4135 > eval line 1 > eval, line 1: unreachable code after return statement
JavaScript warning: https://pagead2.googlesyndication.com/bg/OaBNr5IhkYeGIMk7IBHETq5pXXgOSV5CsxE-_B18JCY.js line 2 > eval line 4135 > eval, line 1: unreachable code after return statement
JavaScript warning: https://pagead2.googlesyndication.com/bg/OaBNr5IhkYeGIMk7IBHETq5pXXgOSV5CsxE-_B18JCY.js line 2 > eval line 4135 > eval line 1 > eval, line 1: unreachable code after return statement
JavaScript warning: https://pagead2.googlesyndication.com/bg/OaBNr5IhkYeGIMk7IBHETq5pXXgOSV5CsxE-_B18JCY.js line 2 > eval, line 4135: unreachable code after return statement
JavaScript warning: https://pagead2.googlesyndication.com/bg/OaBNr5IhkYeGIMk7IBHETq5pXXgOSV5CsxE-_B18JCY.js line 2 > eval, line 4135: unreachable code after return statement
JavaScript warning: https://pagead2.googlesyndication.com/bg/OaBNr5IhkYeGIMk7IBHETq5pXXgOSV5CsxE-_B18JCY.js line 2 > eval, line 4135: unreachable code after return statement
JavaScript warning: https://pagead2.googlesyndication.com/bg/OaBNr5IhkYeGIMk7IBHETq5pXXgOSV5CsxE-_B18JCY.js line 2 > eval, line 4135: unreachable code after return statement
JavaScript warning: https://pagead2.googlesyndication.com/bg/OaBNr5IhkYeGIMk7IBHETq5pXXgOSV5CsxE-_B18JCY.js line 2 > eval line 4135 > eval line 1 > eval, line 1: unreachable code after return statement
JavaScript warning: https://pagead2.googlesyndication.com/bg/OaBNr5IhkYeGIMk7IBHETq5pXXgOSV5CsxE-_B18JCY.js line 2 > eval line 4135 > eval line 1 > eval, line 1: unreachable code after return statement
JavaScript warning: https://pagead2.googlesyndication.com/bg/OaBNr5IhkYeGIMk7IBHETq5pXXgOSV5CsxE-_B18JCY.js line 2 > eval line 4135 > eval line 1 > eval line 1 > eval, line 1: unreachable code after return statement
JavaScript warning: https://pagead2.googlesyndication.com/bg/OaBNr5IhkYeGIMk7IBHETq5pXXgOSV5CsxE-_B18JCY.js line 2 > eval line 4135 > eval line 1 > eval line 1 > eval, line 1: unreachable code after return statement
1754654808057	Marionette	WARN	Ignoring event 'pageshow' because document has an invalid readyState of 'uninitialized'.
1754654808333	Marionette	WARN	Ignoring event 'pageshow' because document has an invalid readyState of 'uninitialized'.
1754654810299	Marionette	WARN	Ignoring event 'pageshow' because document has an invalid readyState of 'uninitialized'.
1754654812235	Marionette	WARN	Ignoring event 'pageshow' because document has an invalid readyState of 'uninitialized'.
1754654814490	Marionette	WARN	Ignoring event 'pageshow' because document has an invalid readyState of 'uninitialized'.
JavaScript warning: https://player.aniview.com/ssync/62f53b2c7850d0786f227f64/ssync.html?gdpr=0&gdpr_consent=&pid=62f53b2c7850d0786f227f64&r=https%3A%2F%2Fvisitor.us-east4.gcp.omnitagjs.com%2Fvisitor%2Fsync%3Fgdpr%3D0%26gdpr_consent%3D%26name%3DANIVIEW%26ttl%3D720%26uid%3De8ecb87ff2ef3a3b16ba16c51e7986ac%26visitor%3D%255BAV_UID%255D, line 82: unreachable code after return statement
JavaScript warning: https://player.aniview.com/ssync/62f53b2c7850d0786f227f64/ssync.html?gdpr=0&gdpr_consent=&pid=62f53b2c7850d0786f227f64&r=https%3A%2F%2Fvisitor.us-east4.gcp.omnitagjs.com%2Fvisitor%2Fsync%3Fgdpr%3D0%26gdpr_consent%3D%26name%3DANIVIEW%26ttl%3D720%26uid%3De8ecb87ff2ef3a3b16ba16c51e7986ac%26visitor%3D%255BAV_UID%255D, line 82: unreachable code after return statement
1754654816183	Marionette	WARN	Ignoring event 'pageshow' because document has an invalid readyState of 'uninitialized'.
1754654816235	Marionette	WARN	Ignoring event 'pageshow' because document has an invalid readyState of 'uninitialized'.
1754654822528	Marionette	WARN	Ignoring event 'pageshow' because document has an invalid readyState of 'uninitialized'.
1754654838788	Marionette	INFO	Stopped listening on port 65057
Dynamically enable window occlusion 1
JavaScript warning: https://ts.amazon-adsystem.com/tg/resources/vue/web-display/mrc/csm_view_onlytpmv1.js?bidRequestId=1i7myxga6ct1nGRQStPrsQ&srcName=CS&gdprConsent=true&campaignId=581886450821709461&ep=%5B%22ara%22%2C%22vue%22%2C%22forensics%22%2C%22forensics-ntd%22%2C%22pst%22%5D&creativeId=581983804844273022&bidId=AShemzV7aoV3pSY2sPN7iQ&advertiserId=1703278301&clickDestnUrl=https%3A%2F%2Fwww.tri.hondadealers.com%2F&gdpr=0&tungstenCSMLoggingFrameworkUrl=tungsten-service.prod.na.adsqtungsten.a9.amazon.dev%2Fcsm%2F&tsEndpoint=https%3A%2F%2Fsq-tungsten-ts.amazon-adsystem.com%2Fnoop%2F&adId=581689109310183299&au=https%3A%2F%2Faax-events-cell01-cf.us-east.aps.axp.amazon-adsystem.com%2Fx%2Fpx%2FRAEoXps1e2qFd6UmNrDze4kAAAGYiZPv3wEAAAJYAQBhcHNfdHhuX2JpZDIgICBhcHNfdHhuX2ltcDEgICCFRAwl%2F%3Ft%3D%24%7BAAX_TYPE%7D%26p%3D%24%7BAAX_PAYLOAD%7D%26bx%3Dv1_CGrnRwsw-e278weiBOwxmiT_eklAToIvr659nmLSr5PHcpAK9KwiRcwX5Qh_nDyxlZZk1ZNjwGfzhnm6WSMhBnEb_0_jNqiJThFUOBEgEgPwR98k5G8twKo-DxS-Ybz3ENTcYEus6ZRNQhl_wQuDFhocbhpbX54gXQM9Af9lCk3Wl7bo0AhiAgfgYcSxaOb8anMAbcSOz9dRRnJsPJpJZPsDi8yvj5wnCl_QNqJu3QoWpIJu27ukQw0zm0qkyVxJHmb1NOzDuE51gXJDB9JaYDmkX1iVjQnQF-vm_o7NZqImHn2kwYCpoCy5RwvNNrSOw9QipbBGcv_yvafdKNuIUZlM_M9XZxI98ogg5-5VIMJyz1MgU3uY01WOwMkvUVvhRSdpyXmAnFkMowLoEYOKRDhfB8r7t95EVLxDGE1L5ip1KMxwvgkFLGxxyZgoKRZof-DNOZG7teLjHiFIWXWaxcxIHReF3Ej2aiVkdMp0-NDxTXgDkZ2M_zOEDCglV9Lj06kHt1geQvVX1FNI5hjitBbQbgVtSHguBhPXaRXca-OGDQioGj5a0VY8I1fYbj35E6182IURfCuT3Rc8xBF9gK17g1yhSFn_QnfRGQ&zone=USEast&is3p=true&ntdUrl=www.btd-cmh.tq-tungsten.com%2F&pm=%7B%22ac%22%3A%5B%22au%22%5D%2C%22at%22%3A%5B%22au%22%5D%2C%22av%22%3A%5B%22au%22%5D%2C%22v%22%3A%5B%22au%22%5D%7D&targetElement=window&instrUrl=https%3A%2F%2Faax-events-cell01-cf.us-east.aps.axp.amazon-adsystem.com%2Fx%2Fpx%2FJAEoXps1e2qFd6UmNrDze4kAAAGYiZPqpwEAAAJYAQBhcHNfdHhuX2JpZDIgICBhcHNfdHhuX2ltcDEgICCFRAwl%2F&sourceid=600&expname=UNITAG_DISPLAY_ROLLOUT_5500&expbucket=T&sourcetype=dtb&traffictype=web&mediatype=display, line 1: Script terminated by timeout at:
a.setInterval/<@https://ts.amazon-adsystem.com/tg/resources/vue/web-display/mrc/csm_view_onlytpmv1.js?bidRequestId=1i7myxga6ct1nGRQStPrsQ&srcName=CS&gdprConsent=true&campaignId=581886450821709461&ep=%5B%22ara%22%2C%22vue%22%2C%22forensics%22%2C%22forensics-ntd%22%2C%22pst%22%5D&creativeId=581983804844273022&bidId=AShemzV7aoV3pSY2sPN7iQ&advertiserId=1703278301&clickDestnUrl=https%3A%2F%2Fwww.tri.hondadealers.com%2F&gdpr=0&tungstenCSMLoggingFrameworkUrl=tungsten-service.prod.na.adsqtungsten.a9.amazon.dev%2Fcsm%2F&tsEndpoint=https%3A%2F%2Fsq-tungsten-ts.amazon-adsystem.com%2Fnoop%2F&adId=581689109310183299&au=https%3A%2F%2Faax-events-cell01-cf.us-east.aps.axp.amazon-adsystem.com%2Fx%2Fpx%2FRAEoXps1e2qFd6UmNrDze4kAAAGYiZPv3wEAAAJYAQBhcHNfdHhuX2JpZDIgICBhcHNfdHhuX2ltcDEgICCFRAwl%2F%3Ft%3D%24%7BAAX_TYPE%7D%26p%3D%24%7BAAX_PAYLOAD%7D%26bx%3Dv1_CGrnRwsw-e278weiBOwxmiT_eklAToIvr659nmLSr5PHcpAK9KwiRcwX5Qh_nDyxlZZk1ZNjwGfzhnm6WSMhBnEb_0_jNqiJThFUOBEgEgPwR98k5G8twKo-DxS-Ybz3ENTcYEus6ZRNQhl_wQuDFhocbhpbX54gXQM9Af9lCk3Wl7bo0AhiAgfgYcSxaOb8anMAbcSOz9dRRnJsPJpJZPsDi8yvj5wnCl_QNqJu3QoWpIJu27ukQw0zm0qkyVxJHmb1NOzDuE51gXJDB9JaYDmkX1iVjQnQF-vm_o7NZqImHn2kwYCpoCy5RwvNNrSOw9QipbBGcv_yvafdKNuIUZlM_M9XZxI98ogg5-5VIMJyz1MgU3uY01WOwMkvUVvhRSdpyXmAnFkMowLoEYOKRDhfB8r7t95EVLxDGE1L5ip1KMxwvgkFLGxxyZgoKRZof-DNOZG7teLjHiFIWXWaxcxIHReF3Ej2aiVkdMp0-NDxTXgDkZ2M_zOEDCglV9Lj06kHt1geQvVX1FNI5hjitBbQbgVtSHguBhPXaRXca-OGDQioGj5a0VY8I1fYbj35E6182IURfCuT3Rc8xBF9gK17g1yhSFn_QnfRGQ&zone=USEast&is3p=true&ntdUrl=www.btd-cmh.tq-tungsten.com%2F&pm=%7B%22ac%22%3A%5B%22au%22%5D%2C%22at%22%3A%5B%22au%22%5D%2C%22av%22%3A%5B%22au%22%5D%2C%22v%22%3A%5B%22au%22%5D%7D&targetElement=window&instrUrl=https%3A%2F%2Faax-events-cell01-cf.us-east.aps.axp.amazon-adsystem.com%2Fx%2Fpx%2FJAEoXps1e2qFd6UmNrDze4kAAAGYiZPqpwEAAAJYAQBhcHNfdHhuX2JpZDIgICBhcHNfdHhuX2ltcDEgICCFRAwl%2F&sourceid=600&expname=UNITAG_DISPLAY_ROLLOUT_5500&expbucket=T&sourcetype=dtb&traffictype=web&mediatype=display:1:12561

JavaScript warning: https://www.rotowire.com/frontend/assets/js/rotowire.min.js?v=217, line 66: Script terminated by timeout at:
e@https://www.rotowire.com/frontend/assets/js/rotowire.min.js?v=217:66:1871

console.error: "Failed to fetch https://ads.mozilla.org/v1/delete_user:" "NetworkError when attempting to fetch resource."
console.warn: TopSitesFeed: Failed to fetch data from MARS server: NetworkError when attempting to fetch resource.
JavaScript error: , line 0: TypeError: NetworkError when attempting to fetch resource.
JavaScript error: , line 0: TypeError: NetworkError when attempting to fetch resource.
JavaScript error: , line 0: TypeError: NetworkError when attempting to fetch resource.
JavaScript error: , line 0: TypeError: NetworkError when attempting to fetch resource.
JavaScript error: , line 0: TypeError: NetworkError when attempting to fetch resource.
JavaScript error: resource://services-settings/RemoteSettingsClient.sys.mjs, line 101: Error: Unknown callback
[GFX1-]: VideoBridgeParent receives IPC close with reason=AbnormalShutdown
1754654850811	geckodriver	INFO	Listening on 127.0.0.1:49977
1754654853849	mozrunner::runner	INFO	Running command: "C:\\Program Files\\Mozilla Firefox\\firefox.exe" "--marionette" "--width=1350" "--height=1025" "--remote-de ... 8" "--remote-allow-hosts" "localhost" "-no-remote" "-profile" "C:\\Users\\brend\\AppData\\Local\\Temp\\rust_mozprofilete8ch7"
console.warn: services.settings: Ignoring preference override of remote settings server
console.warn: services.settings: Allow by setting MOZ_REMOTE_SETTINGS_DEVTOOLS=1 in the environment
Dynamically enable window occlusion 0
1754654855325	Marionette	INFO	Marionette enabled
console.error: "Warning: unrecognized command line flag" "-width"
console.error: "Warning: unrecognized command line flag" "-height"
1754654855502	Marionette	INFO	Listening on port 49985
WebDriver BiDi listening on ws://127.0.0.1:49978
Read port: 49985
1754654855692	RemoteAgent	WARN	TLS certificate errors will be ignored for this session
1754655003606	Marionette	INFO	Stopped listening on port 49985
Dynamically enable window occlusion 1
console.error: "Failed to fetch https://ads.mozilla.org/v1/delete_user:" "NetworkError when attempting to fetch resource."
console.warn: TopSitesFeed: Failed to fetch data from MARS server: NetworkError when attempting to fetch resource.
JavaScript error: resource://services-settings/RemoteSettingsClient.sys.mjs, line 101: Error: Unknown callback
1754749013744	geckodriver	INFO	Listening on 127.0.0.1:51492
1754749016828	mozrunner::runner	INFO	Running command: "C:\\Program Files\\Mozilla Firefox\\firefox.exe" "--marionette" "--width=950" "--height=1025" "--remote-deb ... 3" "--remote-allow-hosts" "localhost" "-no-remote" "-profile" "C:\\Users\\brend\\AppData\\Local\\Temp\\rust_mozprofileP4zgfX"
console.warn: services.settings: Ignoring preference override of remote settings server
console.warn: services.settings: Allow by setting MOZ_REMOTE_SETTINGS_DEVTOOLS=1 in the environment
Dynamically enable window occlusion 0
1754749018823	Marionette	INFO	Marionette enabled
console.error: "Warning: unrecognized command line flag" "-width"
console.error: "Warning: unrecognized command line flag" "-height"
1754749019008	Marionette	INFO	Listening on port 51501
WebDriver BiDi listening on ws://127.0.0.1:51493
Read port: 51501
1754749019149	RemoteAgent	WARN	TLS certificate errors will be ignored for this session
JavaScript warning: https://scripts.webcontentassessor.com/scripts/d432d2cc1ea079030ef54edcb8b458c211934a1174311c663c3909a0d1af4105, line 1: unreachable code after return statement
1754749023381	Marionette	WARN	Ignoring event 'DOMContentLoaded' because document has an invalid readyState of 'complete'.
1754749028075	Marionette	WARN	Ignoring event 'pageshow' because document has an invalid readyState of 'interactive'.
1754749028098	Marionette	WARN	Ignoring event 'pageshow' because document has an invalid readyState of 'loading'.
1754749030014	Marionette	WARN	Ignoring event 'pageshow' because document has an invalid readyState of 'uninitialized'.
1754749030401	Marionette	WARN	Ignoring event 'pageshow' because document has an invalid readyState of 'uninitialized'.
1754749030472	Marionette	WARN	Ignoring event 'pageshow' because document has an invalid readyState of 'uninitialized'.
1754749030547	Marionette	WARN	Ignoring event 'pageshow' because document has an invalid readyState of 'uninitialized'.
1754749034876	Marionette	WARN	Ignoring event 'pageshow' because document has an invalid readyState of 'uninitialized'.
1754749034911	Marionette	WARN	Ignoring event 'pageshow' because document has an invalid readyState of 'uninitialized'.
1754749035154	Marionette	WARN	Ignoring event 'pageshow' because document has an invalid readyState of 'uninitialized'.
JavaScript warning: https://player.aniview.com/ssync/62f53b2c7850d0786f227f64/ssync.html?gdpr=0&gdpr_consent=&pid=62f53b2c7850d0786f227f64&r=https%3A%2F%2Fvisitor.us-east4.gcp.omnitagjs.com%2Fvisitor%2Fsync%3Fgdpr%3D0%26gdpr_consent%3D%26name%3DANIVIEW%26ttl%3D720%26uid%3De8ecb87ff2ef3a3b16ba16c51e7986ac%26visitor%3D%255BAV_UID%255D, line 82: unreachable code after return statement
1754749036503	Marionette	WARN	Ignoring event 'pageshow' because document has an invalid readyState of 'uninitialized'.
1754749036793	Marionette	WARN	Ignoring event 'pageshow' because document has an invalid readyState of 'uninitialized'.
1754749036979	Marionette	WARN	Ignoring event 'pageshow' because document has an invalid readyState of 'uninitialized'.
1754749037185	Marionette	WARN	Ignoring event 'pageshow' because document has an invalid readyState of 'uninitialized'.
JavaScript warning: https://player.aniview.com/ssync/62f53b2c7850d0786f227f64/ssync.html?gdpr=0&gdpr_consent=&pid=62f53b2c7850d0786f227f64&r=https%3A%2F%2Fvisitor.us-east4.gcp.omnitagjs.com%2Fvisitor%2Fsync%3Fgdpr%3D0%26gdpr_consent%3D%26name%3DANIVIEW%26ttl%3D720%26uid%3De8ecb87ff2ef3a3b16ba16c51e7986ac%26visitor%3D%255BAV_UID%255D, line 82: unreachable code after return statement
1754749041177	Marionette	WARN	Ignoring event 'pageshow' because document has an invalid readyState of 'uninitialized'.
1754749043339	Marionette	WARN	Ignoring event 'pageshow' because document has an invalid readyState of 'uninitialized'.
Missing chrome or resource URL: chrome://browser/skin/aboutSessionRestore-window-icon.png
Missing chrome or resource URL: chrome://browser/skin/abyss/img/waterfox-abyss-preview.svg
1754749045935	Marionette	WARN	Ignoring event 'pageshow' because document has an invalid readyState of 'uninitialized'.
1754749047752	Marionette	WARN	Ignoring event 'pageshow' because document has an invalid readyState of 'uninitialized'.
JavaScript warning: https://pagead2.googlesyndication.com/bg/hrqBUOJ5G1DL6qlc-WIqdZcamgBjB4IlFSn_KJ8S81I.js, line 4968: unreachable code after return statement
JavaScript warning: https://pagead2.googlesyndication.com/bg/hrqBUOJ5G1DL6qlc-WIqdZcamgBjB4IlFSn_KJ8S81I.js, line 4968: unreachable code after return statement
JavaScript warning: https://pagead2.googlesyndication.com/bg/hrqBUOJ5G1DL6qlc-WIqdZcamgBjB4IlFSn_KJ8S81I.js, line 4968: unreachable code after return statement
JavaScript warning: https://pagead2.googlesyndication.com/bg/hrqBUOJ5G1DL6qlc-WIqdZcamgBjB4IlFSn_KJ8S81I.js, line 4968: unreachable code after return statement
JavaScript warning: https://pagead2.googlesyndication.com/bg/hrqBUOJ5G1DL6qlc-WIqdZcamgBjB4IlFSn_KJ8S81I.js, line 4968: unreachable code after return statement
JavaScript warning: https://pagead2.googlesyndication.com/bg/hrqBUOJ5G1DL6qlc-WIqdZcamgBjB4IlFSn_KJ8S81I.js, line 4968: unreachable code after return statement
JavaScript warning: https://pagead2.googlesyndication.com/bg/hrqBUOJ5G1DL6qlc-WIqdZcamgBjB4IlFSn_KJ8S81I.js, line 4968: unreachable code after return statement
JavaScript warning: https://pagead2.googlesyndication.com/bg/hrqBUOJ5G1DL6qlc-WIqdZcamgBjB4IlFSn_KJ8S81I.js, line 4968: unreachable code after return statement
JavaScript warning: https://pagead2.googlesyndication.com/bg/hrqBUOJ5G1DL6qlc-WIqdZcamgBjB4IlFSn_KJ8S81I.js, line 4968: unreachable code after return statement
JavaScript warning: https://pagead2.googlesyndication.com/bg/hrqBUOJ5G1DL6qlc-WIqdZcamgBjB4IlFSn_KJ8S81I.js, line 4968: unreachable code after return statement
JavaScript warning: https://pagead2.googlesyndication.com/bg/hrqBUOJ5G1DL6qlc-WIqdZcamgBjB4IlFSn_KJ8S81I.js line 2 > eval, line 4968: unreachable code after return statement
JavaScript warning: https://pagead2.googlesyndication.com/bg/hrqBUOJ5G1DL6qlc-WIqdZcamgBjB4IlFSn_KJ8S81I.js line 2 > eval, line 4968: unreachable code after return statement
JavaScript warning: https://pagead2.googlesyndication.com/bg/hrqBUOJ5G1DL6qlc-WIqdZcamgBjB4IlFSn_KJ8S81I.js line 2 > eval, line 4968: unreachable code after return statement
JavaScript warning: https://pagead2.googlesyndication.com/bg/hrqBUOJ5G1DL6qlc-WIqdZcamgBjB4IlFSn_KJ8S81I.js line 2 > eval, line 4968: unreachable code after return statement
JavaScript warning: https://pagead2.googlesyndication.com/bg/hrqBUOJ5G1DL6qlc-WIqdZcamgBjB4IlFSn_KJ8S81I.js line 2 > eval, line 4968: unreachable code after return statement
JavaScript warning: https://pagead2.googlesyndication.com/bg/hrqBUOJ5G1DL6qlc-WIqdZcamgBjB4IlFSn_KJ8S81I.js line 2 > eval line 4968 > eval, line 1: unreachable code after return statement
JavaScript warning: https://pagead2.googlesyndication.com/bg/hrqBUOJ5G1DL6qlc-WIqdZcamgBjB4IlFSn_KJ8S81I.js line 2 > eval line 4968 > eval line 1 > eval, line 1: unreachable code after return statement
JavaScript warning: https://pagead2.googlesyndication.com/bg/hrqBUOJ5G1DL6qlc-WIqdZcamgBjB4IlFSn_KJ8S81I.js line 2 > eval line 4968 > eval, line 1: unreachable code after return statement
JavaScript warning: https://pagead2.googlesyndication.com/bg/hrqBUOJ5G1DL6qlc-WIqdZcamgBjB4IlFSn_KJ8S81I.js line 2 > eval line 4968 > eval line 1 > eval, line 1: unreachable code after return statement
JavaScript warning: https://pagead2.googlesyndication.com/bg/hrqBUOJ5G1DL6qlc-WIqdZcamgBjB4IlFSn_KJ8S81I.js line 2 > eval line 4968 > eval, line 1: unreachable code after return statement
JavaScript warning: https://pagead2.googlesyndication.com/bg/hrqBUOJ5G1DL6qlc-WIqdZcamgBjB4IlFSn_KJ8S81I.js line 2 > eval line 4968 > eval line 1 > eval, line 1: unreachable code after return statement
JavaScript warning: https://pagead2.googlesyndication.com/bg/hrqBUOJ5G1DL6qlc-WIqdZcamgBjB4IlFSn_KJ8S81I.js line 2 > eval, line 4968: unreachable code after return statement
JavaScript warning: https://pagead2.googlesyndication.com/bg/hrqBUOJ5G1DL6qlc-WIqdZcamgBjB4IlFSn_KJ8S81I.js line 2 > eval, line 4968: unreachable code after return statement
JavaScript warning: https://pagead2.googlesyndication.com/bg/hrqBUOJ5G1DL6qlc-WIqdZcamgBjB4IlFSn_KJ8S81I.js line 2 > eval, line 4968: unreachable code after return statement
JavaScript warning: https://pagead2.googlesyndication.com/bg/hrqBUOJ5G1DL6qlc-WIqdZcamgBjB4IlFSn_KJ8S81I.js line 2 > eval, line 4968: unreachable code after return statement
JavaScript warning: https://pagead2.googlesyndication.com/bg/hrqBUOJ5G1DL6qlc-WIqdZcamgBjB4IlFSn_KJ8S81I.js line 2 > eval line 4968 > eval line 1 > eval, line 1: unreachable code after return statement
JavaScript warning: https://pagead2.googlesyndication.com/bg/hrqBUOJ5G1DL6qlc-WIqdZcamgBjB4IlFSn_KJ8S81I.js line 2 > eval line 4968 > eval line 1 > eval, line 1: unreachable code after return statement
JavaScript warning: https://pagead2.googlesyndication.com/bg/hrqBUOJ5G1DL6qlc-WIqdZcamgBjB4IlFSn_KJ8S81I.js line 2 > eval line 4968 > eval line 1 > eval, line 1: unreachable code after return statement
JavaScript warning: https://pagead2.googlesyndication.com/bg/hrqBUOJ5G1DL6qlc-WIqdZcamgBjB4IlFSn_KJ8S81I.js line 2 > eval line 4968 > eval line 1 > eval, line 1: unreachable code after return statement
JavaScript warning: https://pagead2.googlesyndication.com/bg/hrqBUOJ5G1DL6qlc-WIqdZcamgBjB4IlFSn_KJ8S81I.js line 2 > eval line 4968 > eval line 1 > eval line 1 > eval, line 1: unreachable code after return statement
JavaScript warning: https://pagead2.googlesyndication.com/bg/hrqBUOJ5G1DL6qlc-WIqdZcamgBjB4IlFSn_KJ8S81I.js line 2 > eval line 4968 > eval line 1 > eval line 1 > eval, line 1: unreachable code after return statement
JavaScript warning: https://pagead2.googlesyndication.com/bg/hrqBUOJ5G1DL6qlc-WIqdZcamgBjB4IlFSn_KJ8S81I.js line 2 > eval line 4968 > eval line 1 > eval line 1 > eval, line 1: unreachable code after return statement
JavaScript warning: https://pagead2.googlesyndication.com/bg/hrqBUOJ5G1DL6qlc-WIqdZcamgBjB4IlFSn_KJ8S81I.js line 2 > eval line 4968 > eval line 1 > eval line 1 > eval, line 1: unreachable code after return statement
Missing chrome or resource URL: chrome://browser/skin/aboutSessionRestore-window-icon.png
Missing chrome or resource URL: chrome://browser/skin/abyss/img/waterfox-abyss-preview.svg
1754749071366	Marionette	INFO	Stopped listening on port 51501
Dynamically enable window occlusion 1
JavaScript warning: https://cdn.flashtalking.com/frameworks/js/gsap/3.1.1/gsap.min.js, line 10: Script terminated by timeout at:
Jj@https://cdn.flashtalking.com/frameworks/js/gsap/3.1.1/gsap.min.js:10:11906

console.error: "Failed to fetch https://ads.mozilla.org/v1/delete_user:" "NetworkError when attempting to fetch resource."
console.warn: TopSitesFeed: Failed to fetch data from MARS server: NetworkError when attempting to fetch resource.
JavaScript error: https://sync.adkernel.com/user-sync?zone=218872&r=https://image2.pubmatic.com/AdServer/Pug?vcode=bz0yJnR5cGU9MSZjb2RlPTM2MjgmdGw9MjE2MDA=&piggybackCookie={UID}&gdpr=0&gdpr_consent=&us_privacy=&gpp=&gpp_sid=, line 8: NS_ERROR_UNEXPECTED: 
JavaScript error: https://sync.adkernel.com/user-sync?zone=218872&r=https://image2.pubmatic.com/AdServer/Pug?vcode=bz0yJnR5cGU9MSZjb2RlPTM2MjgmdGw9MjE2MDA=&piggybackCookie={UID}&gdpr=0&gdpr_consent=&us_privacy=&gpp=&gpp_sid=, line 8: NS_ERROR_UNEXPECTED: 
JavaScript error: , line 0: TypeError: NetworkError when attempting to fetch resource.
JavaScript error: , line 0: TypeError: NetworkError when attempting to fetch resource.
JavaScript error: , line 0: TypeError: NetworkError when attempting to fetch resource.
JavaScript error: , line 0: TypeError: NetworkError when attempting to fetch resource.
JavaScript error: , line 0: TypeError: NetworkError when attempting to fetch resource.
JavaScript error: , line 0: TypeError: NetworkError when attempting to fetch resource.
[GFX1-]: VideoBridgeParent receives IPC close with reason=AbnJavaScript error: resource://services-settings/RemoteSettingsClient.sys.mjs, line 101: Error: Unknown callback
ormalShutdown
1754749085312	geckodriver	INFO	Listening on 127.0.0.1:49831
1754749088361	mozrunner::runner	INFO	Running command: "C:\\Program Files\\Mozilla Firefox\\firefox.exe" "--marionette" "--width=1350" "--height=1025" "--remote-de ... 2" "--remote-allow-hosts" "localhost" "-no-remote" "-profile" "C:\\Users\\brend\\AppData\\Local\\Temp\\rust_mozprofilenK5cDP"
console.warn: services.settings: Ignoring preference override of remote settings server
console.warn: services.settings: Allow by setting MOZ_REMOTE_SETTINGS_DEVTOOLS=1 in the environment
Dynamically enable window occlusion 0
1754749089606	Marionette	INFO	Marionette enabled
console.error: "Warning: unrecognized command line flag" "-width"
console.error: "Warning: unrecognized command line flag" "-height"
1754749089764	Marionette	INFO	Listening on port 49839
WebDriver BiDi listening on ws://127.0.0.1:49832
Read port: 49839
1754749089870	RemoteAgent	WARN	TLS certificate errors will be ignored for this session
1754749204578	Marionette	INFO	Stopped listening on port 49839
Dynamically enable window occlusion 1
console.error: "Failed to fetch https://ads.mozilla.org/v1/delete_user:" "NetworkError when attempting to fetch resource."
console.warn: TopSitesFeed: Failed to fetch data from MARS server: NetworkError when attempting to fetch resource.
JavaScript error: resource://services-settings/RemoteSettingsClient.sys.mjs, line 101: Error: Unknown callback
1754825115772	geckodriver	INFO	Listening on 127.0.0.1:53691
1754825118845	mozrunner::runner	INFO	Running command: "C:\\Program Files\\Mozilla Firefox\\firefox.exe" "--marionette" "--width=950" "--height=1025" "--remote-deb ... 2" "--remote-allow-hosts" "localhost" "-no-remote" "-profile" "C:\\Users\\brend\\AppData\\Local\\Temp\\rust_mozprofileipVp5O"
console.warn: services.settings: Ignoring preference override of remote settings server
console.warn: services.settings: Allow by setting MOZ_REMOTE_SETTINGS_DEVTOOLS=1 in the environment
Dynamically enable window occlusion 0
1754825121028	Marionette	INFO	Marionette enabled
console.error: "Warning: unrecognized command line flag" "-width"
console.error: "Warning: unrecognized command line flag" "-height"
1754825121261	Marionette	INFO	Listening on port 53699
Read port: 53699
WebDriver BiDi listening on ws://127.0.0.1:53692
1754825121398	RemoteAgent	WARN	TLS certificate errors will be ignored for this session
JavaScript warning: https://scripts.webcontentassessor.com/scripts/d432d2cc1ea079030ef54edcb8b458c211934a1174311c663c3909a0d1af4105, line 1: unreachable code after return statement
1754825127054	Marionette	WARN	Ignoring event 'DOMContentLoaded' because document has an invalid readyState of 'complete'.
1754825131752	Marionette	WARN	Ignoring event 'pageshow' because document has an invalid readyState of 'interactive'.
1754825132070	Marionette	WARN	Ignoring event 'pageshow' because document has an invalid readyState of 'loading'.
1754825136292	Marionette	WARN	Ignoring event 'pageshow' because document has an invalid readyState of 'uninitialized'.
1754825136641	Marionette	WARN	Ignoring event 'pageshow' because document has an invalid readyState of 'uninitialized'.
1754825137928	Marionette	WARN	Ignoring event 'pageshow' because document has an invalid readyState of 'uninitialized'.
JavaScript warning: https://pagead2.googlesyndication.com/bg/hrqBUOJ5G1DL6qlc-WIqdZcamgBjB4IlFSn_KJ8S81I.js, line 7564: unreachable code after return statement
JavaScript warning: https://pagead2.googlesyndication.com/bg/hrqBUOJ5G1DL6qlc-WIqdZcamgBjB4IlFSn_KJ8S81I.js, line 7564: unreachable code after return statement
JavaScript warning: https://pagead2.googlesyndication.com/bg/hrqBUOJ5G1DL6qlc-WIqdZcamgBjB4IlFSn_KJ8S81I.js, line 7564: unreachable code after return statement
JavaScript warning: https://pagead2.googlesyndication.com/bg/hrqBUOJ5G1DL6qlc-WIqdZcamgBjB4IlFSn_KJ8S81I.js, line 7564: unreachable code after return statement
JavaScript warning: https://pagead2.googlesyndication.com/bg/hrqBUOJ5G1DL6qlc-WIqdZcamgBjB4IlFSn_KJ8S81I.js, line 7564: unreachable code after return statement
JavaScript warning: https://pagead2.googlesyndication.com/bg/hrqBUOJ5G1DL6qlc-WIqdZcamgBjB4IlFSn_KJ8S81I.js, line 7564: unreachable code after return statement
JavaScript warning: https://pagead2.googlesyndication.com/bg/hrqBUOJ5G1DL6qlc-WIqdZcamgBjB4IlFSn_KJ8S81I.js, line 7564: unreachable code after return statement
JavaScript warning: https://pagead2.googlesyndication.com/bg/hrqBUOJ5G1DL6qlc-WIqdZcamgBjB4IlFSn_KJ8S81I.js, line 7564: unreachable code after return statement
JavaScript warning: https://pagead2.googlesyndication.com/bg/hrqBUOJ5G1DL6qlc-WIqdZcamgBjB4IlFSn_KJ8S81I.js, line 7564: unreachable code after return statement
JavaScript warning: https://pagead2.googlesyndication.com/bg/hrqBUOJ5G1DL6qlc-WIqdZcamgBjB4IlFSn_KJ8S81I.js, line 7564: unreachable code after return statement
JavaScript warning: https://pagead2.googlesyndication.com/bg/hrqBUOJ5G1DL6qlc-WIqdZcamgBjB4IlFSn_KJ8S81I.js line 2 > eval, line 7564: unreachable code after return statement
JavaScript warning: https://pagead2.googlesyndication.com/bg/hrqBUOJ5G1DL6qlc-WIqdZcamgBjB4IlFSn_KJ8S81I.js line 2 > eval, line 7564: unreachable code after return statement
JavaScript warning: https://pagead2.googlesyndication.com/bg/hrqBUOJ5G1DL6qlc-WIqdZcamgBjB4IlFSn_KJ8S81I.js line 2 > eval, line 7564: unreachable code after return statement
JavaScript warning: https://pagead2.googlesyndication.com/bg/hrqBUOJ5G1DL6qlc-WIqdZcamgBjB4IlFSn_KJ8S81I.js line 2 > eval, line 7564: unreachable code after return statement
JavaScript warning: https://pagead2.googlesyndication.com/bg/hrqBUOJ5G1DL6qlc-WIqdZcamgBjB4IlFSn_KJ8S81I.js line 2 > eval, line 7564: unreachable code after return statement
JavaScript warning: https://pagead2.googlesyndication.com/bg/hrqBUOJ5G1DL6qlc-WIqdZcamgBjB4IlFSn_KJ8S81I.js line 2 > eval, line 1: unreachable code after return statement
JavaScript warning: https://pagead2.googlesyndication.com/bg/hrqBUOJ5G1DL6qlc-WIqdZcamgBjB4IlFSn_KJ8S81I.js line 2 > eval line 7564 > eval, line 1: unreachable code after return statement
JavaScript warning: https://pagead2.googlesyndication.com/bg/hrqBUOJ5G1DL6qlc-WIqdZcamgBjB4IlFSn_KJ8S81I.js line 2 > eval line 7564 > eval, line 1: unreachable code after return statement
JavaScript warning: https://pagead2.googlesyndication.com/bg/hrqBUOJ5G1DL6qlc-WIqdZcamgBjB4IlFSn_KJ8S81I.js line 2 > eval line 7564 > eval line 1 > eval, line 1: unreachable code after return statement
JavaScript warning: https://pagead2.googlesyndication.com/bg/hrqBUOJ5G1DL6qlc-WIqdZcamgBjB4IlFSn_KJ8S81I.js line 2 > eval line 7564 > eval, line 1: unreachable code after return statement
JavaScript warning: https://pagead2.googlesyndication.com/bg/hrqBUOJ5G1DL6qlc-WIqdZcamgBjB4IlFSn_KJ8S81I.js line 2 > eval line 7564 > eval line 1 > eval, line 1: unreachable code after return statement
JavaScript warning: https://pagead2.googlesyndication.com/bg/hrqBUOJ5G1DL6qlc-WIqdZcamgBjB4IlFSn_KJ8S81I.js line 2 > eval, line 7564: unreachable code after return statement
JavaScript warning: https://pagead2.googlesyndication.com/bg/hrqBUOJ5G1DL6qlc-WIqdZcamgBjB4IlFSn_KJ8S81I.js line 2 > eval, line 7564: unreachable code after return statement
JavaScript warning: https://pagead2.googlesyndication.com/bg/hrqBUOJ5G1DL6qlc-WIqdZcamgBjB4IlFSn_KJ8S81I.js line 2 > eval, line 7564: unreachable code after return statement
JavaScript warning: https://pagead2.googlesyndication.com/bg/hrqBUOJ5G1DL6qlc-WIqdZcamgBjB4IlFSn_KJ8S81I.js line 2 > eval, line 7564: unreachable code after return statement
JavaScript warning: https://pagead2.googlesyndication.com/bg/hrqBUOJ5G1DL6qlc-WIqdZcamgBjB4IlFSn_KJ8S81I.js line 2 > eval line 7564 > eval line 1 > eval, line 1: unreachable code after return statement
JavaScript warning: https://pagead2.googlesyndication.com/bg/hrqBUOJ5G1DL6qlc-WIqdZcamgBjB4IlFSn_KJ8S81I.js line 2 > eval line 7564 > eval line 1 > eval, line 1: unreachable code after return statement
JavaScript warning: https://pagead2.googlesyndication.com/bg/hrqBUOJ5G1DL6qlc-WIqdZcamgBjB4IlFSn_KJ8S81I.js line 2 > eval line 7564 > eval line 1 > eval, line 1: unreachable code after return statement
JavaScript warning: https://pagead2.googlesyndication.com/bg/hrqBUOJ5G1DL6qlc-WIqdZcamgBjB4IlFSn_KJ8S81I.js line 2 > eval line 7564 > eval line 1 > eval, line 1: unreachable code after return statement
JavaScript warning: https://pagead2.googlesyndication.com/bg/hrqBUOJ5G1DL6qlc-WIqdZcamgBjB4IlFSn_KJ8S81I.js line 2 > eval line 7564 > eval line 1 > eval line 1 > eval, line 1: unreachable code after return statement
JavaScript warning: https://pagead2.googlesyndication.com/bg/hrqBUOJ5G1DL6qlc-WIqdZcamgBjB4IlFSn_KJ8S81I.js line 2 > eval line 7564 > eval line 1 > eval line 1 > eval, line 1: unreachable code after return statement
JavaScript warning: https://pagead2.googlesyndication.com/bg/hrqBUOJ5G1DL6qlc-WIqdZcamgBjB4IlFSn_KJ8S81I.js line 2 > eval line 7564 > eval line 1 > eval line 1 > eval, line 1: unreachable code after return statement
JavaScript warning: https://pagead2.googlesyndication.com/bg/hrqBUOJ5G1DL6qlc-WIqdZcamgBjB4IlFSn_KJ8S81I.js line 2 > eval line 7564 > eval line 1 > eval line 1 > eval, line 1: unreachable code after return statement
1754825138196	Marionette	WARN	Ignoring event 'pageshow' because document has an invalid readyState of 'uninitialized'.
1754825139066	Marionette	WARN	Ignoring event 'pageshow' because document has an invalid readyState of 'uninitialized'.
1754825139072	Marionette	WARN	Ignoring event 'pageshow' because document has an invalid readyState of 'uninitialized'.
1754825140410	Marionette	WARN	Ignoring event 'pageshow' because document has an invalid readyState of 'uninitialized'.
1754825140613	Marionette	WARN	Ignoring event 'pageshow' because document has an invalid readyState of 'uninitialized'.
1754825140928	Marionette	WARN	Ignoring event 'pageshow' because document has an invalid readyState of 'uninitialized'.
JavaScript warning: https://player.aniview.com/ssync/62f53b2c7850d0786f227f64/ssync.html?gdpr=0&gdpr_consent=&pid=62f53b2c7850d0786f227f64&r=https%3A%2F%2Fvisitor.us-east4.gcp.omnitagjs.com%2Fvisitor%2Fsync%3Fgdpr%3D0%26gdpr_consent%3D%26name%3DANIVIEW%26ttl%3D720%26uid%3De8ecb87ff2ef3a3b16ba16c51e7986ac%26visitor%3D%255BAV_UID%255D, line 82: unreachable code after return statement
JavaScript warning: https://player.aniview.com/ssync/62f53b2c7850d0786f227f64/ssync.html?gdpr=0&gdpr_consent=&pid=62f53b2c7850d0786f227f64&r=https%3A%2F%2Fvisitor.us-east4.gcp.omnitagjs.com%2Fvisitor%2Fsync%3Fgdpr%3D0%26gdpr_consent%3D%26name%3DANIVIEW%26ttl%3D720%26uid%3De8ecb87ff2ef3a3b16ba16c51e7986ac%26visitor%3D%255BAV_UID%255D, line 82: unreachable code after return statement
1754825155203	Marionette	WARN	Ignoring event 'pageshow' because document has an invalid readyState of 'uninitialized'.
1754825156970	Marionette	WARN	Ignoring event 'pageshow' because document has an invalid readyState of 'uninitialized'.
1754825156979	Marionette	WARN	Ignoring event 'pageshow' because document has an invalid readyState of 'uninitialized'.
1754825156986	Marionette	WARN	Ignoring event 'pageshow' because document has an invalid readyState of 'uninitialized'.
JavaScript error: , line 0: NotSupportedError: The media resource indicated by the src attribute or assigned media provider object was not suitable.
1754825192072	Marionette	INFO	Stopped listening on port 53699
Dynamically enable window occlusion 1
console.error: "Failed to fetch https://ads.mozilla.org/v1/delete_user:" "NetworkError when attempting to fetch resource."
console.warn: TopSitesFeed: Failed to fetch data from MARS server: NetworkError when attempting to fetch resource.
JavaScript error: , line 0: TypeError: NetworkError when attempting to fetch resource.
JavaScript error: , line 0: TypeError: NetworkError when attempting to fetch resource.
JavaScript error: , line 0: TypeError: NetworkError when attempting to fetch resource.
JavaScript error: , line 0: TypeError: NetworkError when attempting to fetch resource.
JavaScript error: , line 0: TypeError: NetworkError when attempting to fetch resource.
JavaScript error: , line 0: AbortError: The operation was aborted. 
JavaScript error: resource://services-settings/RemoteSettingsClient.sys.mjs, line 101: Error: Unknown callback
[GFX1-]: VideoBridgeParent receives IPC close with reason=AbnormalShutdown
1754825204759	geckodriver	INFO	Listening on 127.0.0.1:52220
1754825207766	mozrunner::runner	INFO	Running command: "C:\\Program Files\\Mozilla Firefox\\firefox.exe" "--marionette" "--width=1350" "--height=1025" "--remote-de ... 1" "--remote-allow-hosts" "localhost" "-no-remote" "-profile" "C:\\Users\\brend\\AppData\\Local\\Temp\\rust_mozprofileIC1uo6"
console.warn: services.settings: Ignoring preference override of remote settings server
console.warn: services.settings: Allow by setting MOZ_REMOTE_SETTINGS_DEVTOOLS=1 in the environment
Dynamically enable window occlusion 0
1754825209677	Marionette	INFO	Marionette enabled
console.error: "Warning: unrecognized command line flag" "-width"
console.error: "Warning: unrecognized command line flag" "-height"
1754825209893	Marionette	INFO	Listening on port 52228
WebDriver BiDi listening on ws://127.0.0.1:52221
Read port: 52228
1754825210105	RemoteAgent	WARN	TLS certificate errors will be ignored for this session
1754825335025	Marionette	INFO	Stopped listening on port 52228
Dynamically enable window occlusion 1
console.error: "Failed to fetch https://ads.mozilla.org/v1/delete_user:" "NetworkError when attempting to fetch resource."
console.warn: TopSitesFeed: Failed to fetch data from MARS server: NetworkError when attempting to fetch resource.
JavaScript error: resource://services-settings/RemoteSettingsClient.sys.mjs, line 101: Error: Unknown callback
1754920409215	geckodriver	INFO	Listening on 127.0.0.1:55272
1754920412296	mozrunner::runner	INFO	Running command: "C:\\Program Files\\Mozilla Firefox\\firefox.exe" "--marionette" "--width=950" "--height=1025" "--remote-deb ... 3" "--remote-allow-hosts" "localhost" "-no-remote" "-profile" "C:\\Users\\brend\\AppData\\Local\\Temp\\rust_mozprofileboKniR"
console.warn: services.settings: Ignoring preference override of remote settings server
console.warn: services.settings: Allow by setting MOZ_REMOTE_SETTINGS_DEVTOOLS=1 in the environment
Dynamically enable window occlusion 0
1754920413075	Marionette	INFO	Marionette enabled
console.error: "Warning: unrecognized command line flag" "-width"
console.error: "Warning: unrecognized command line flag" "-height"
1754920413253	Marionette	INFO	Listening on port 55282
WebDriver BiDi listening on ws://127.0.0.1:55273
Read port: 55282
1754920413408	RemoteAgent	WARN	TLS certificate errors will be ignored for this session
JavaScript warning: https://scripts.webcontentassessor.com/scripts/d432d2cc1ea079030ef54edcb8b458c211934a1174311c663c3909a0d1af4105, line 1: unreachable code after return statement
1754920417822	Marionette	WARN	Ignoring event 'DOMContentLoaded' because document has an invalid readyState of 'complete'.
1754920421107	Marionette	WARN	Ignoring event 'pageshow' because document has an invalid readyState of 'interactive'.
1754920421130	Marionette	WARN	Ignoring event 'pageshow' because document has an invalid readyState of 'loading'.
JavaScript error: https://aax-events-cell01-cf.us-east.aps.axp.amazon-adsystem.com/e/dtb/admi?b=JJ5vfj5g_0XSRI7jZ147tSMAAAGYmWiAhwEAAAJYAQBhcHNfdHhuX2JpZDIgICBhcHNfdHhuX2ltcDEgICBExskA&rnd=6434375559311754920421406&pp=r0lcsg&p=1uhhlhc&crid=2408_668865344, line 4: SecurityError: Permission denied to access property "omid" on cross-origin object
1754920424214	Marionette	WARN	Ignoring event 'pageshow' because document has an invalid readyState of 'uninitialized'.
1754920424505	Marionette	WARN	Ignoring event 'pageshow' because document has an invalid readyState of 'uninitialized'.
1754920425600	Marionette	WARN	Ignoring event 'pageshow' because document has an invalid readyState of 'uninitialized'.
1754920427626	Marionette	WARN	Ignoring event 'pageshow' because document has an invalid readyState of 'uninitialized'.
1754920427915	Marionette	WARN	Ignoring event 'pageshow' because document has an invalid readyState of 'uninitialized'.
1754920427946	Marionette	WARN	Ignoring event 'pageshow' because document has an invalid readyState of 'uninitialized'.
1754920428618	Marionette	WARN	Ignoring event 'pageshow' because document has an invalid readyState of 'uninitialized'.
1754920428699	Marionette	WARN	Ignoring event 'pageshow' because document has an invalid readyState of 'uninitialized'.
1754920430374	Marionette	WARN	Ignoring event 'pageshow' because document has an invalid readyState of 'uninitialized'.
1754920431205	Marionette	WARN	Ignoring event 'pageshow' because document has an invalid readyState of 'uninitialized'.
1754920431946	Marionette	WARN	Ignoring event 'pageshow' because document has an invalid readyState of 'uninitialized'.
1754920431952	Marionette	WARN	Ignoring event 'pageshow' because document has an invalid readyState of 'uninitialized'.
JavaScript warning: https://player.aniview.com/ssync/62f53b2c7850d0786f227f64/ssync.html?gdpr=0&gdpr_consent=&pid=62f53b2c7850d0786f227f64&r=https%3A%2F%2Fvisitor.us-east4.gcp.omnitagjs.com%2Fvisitor%2Fsync%3Fgdpr%3D0%26gdpr_consent%3D%26name%3DANIVIEW%26ttl%3D720%26uid%3De8ecb87ff2ef3a3b16ba16c51e7986ac%26visitor%3D%255BAV_UID%255D, line 82: unreachable code after return statement
JavaScript warning: https://player.aniview.com/ssync/62f53b2c7850d0786f227f64/ssync.html?gdpr=0&gdpr_consent=&pid=62f53b2c7850d0786f227f64&r=https%3A%2F%2Fvisitor.us-east4.gcp.omnitagjs.com%2Fvisitor%2Fsync%3Fgdpr%3D0%26gdpr_consent%3D%26name%3DANIVIEW%26ttl%3D720%26uid%3De8ecb87ff2ef3a3b16ba16c51e7986ac%26visitor%3D%255BAV_UID%255D, line 82: unreachable code after return statement
1754920438615	Marionette	WARN	Ignoring event 'pageshow' because document has an invalid readyState of 'uninitialized'.
1754920441617	Marionette	WARN	Ignoring event 'pageshow' because document has an invalid readyState of 'uninitialized'.
1754920453348	Marionette	INFO	Stopped listening on port 55282
Dynamically enable window occlusion 1
JavaScript warning: https://www.rotowire.com/frontend/assets/js/rotowire.min.js?v=217, line 66: Script terminated by timeout at:
e@https://www.rotowire.com/frontend/assets/js/rotowire.min.js?v=217:66:1871

JavaScript warning: https://m.media-amazon.com/images/I/A1szpDPmLwL.js, line 27: Script terminated by timeout at:
i@https://m.media-amazon.com/images/I/A1szpDPmLwL.js:27:514422

console.error: "Failed to fetch https://ads.mozilla.org/v1/delete_user:" "NetworkError when attempting to fetch resource."
console.warn: TopSitesFeed: Failed to fetch data from MARS server: NetworkError when attempting to fetch resource.
JavaScript error: , line 0: TypeError: NetworkError when attempting to fetch resource.
JavaScript error: , line 0: TypeError: NetworkError when attempting to fetch resource.
JavaScript error: , line 0: TypeError: NetworkError when attempting to fetch resource.
JavaScript error: resource://services-settings/RemoteSettingsClient.sys.mjs, line 101: Error: Unknown callback
1754920463324	geckodriver	INFO	Listening on 127.0.0.1:53764
1754920466377	mozrunner::runner	INFO	Running command: "C:\\Program Files\\Mozilla Firefox\\firefox.exe" "--marionette" "--width=1350" "--height=1025" "--remote-de ... 5" "--remote-allow-hosts" "localhost" "-no-remote" "-profile" "C:\\Users\\brend\\AppData\\Local\\Temp\\rust_mozprofileSALGnR"
console.warn: services.settings: Ignoring preference override of remote settings server
console.warn: services.settings: Allow by setting MOZ_REMOTE_SETTINGS_DEVTOOLS=1 in the environment
Dynamically enable window occlusion 0
1754920467580	Marionette	INFO	Marionette enabled
console.error: "Warning: unrecognized command line flag" "-width"
console.error: "Warning: unrecognized command line flag" "-height"
1754920467733	Marionette	INFO	Listening on port 53776
WebDriver BiDi listening on ws://127.0.0.1:53765
Read port: 53776
1754920467857	RemoteAgent	WARN	TLS certificate errors will be ignored for this session
1754920553070	Marionette	INFO	Stopped listening on port 53776
Dynamically enable window occlusion 1
console.error: "Failed to fetch https://ads.mozilla.org/v1/delete_user:" "NetworkError when attempting to fetch resource."
console.warn: TopSitesFeed: Failed to fetch data from MARS server: NetworkError when attempting to fetch resource.
JavaScript error: resource://services-settings/RemoteSettingsClient.sys.mjs, line 101: Error: Unknown callback
1755009648059	geckodriver	INFO	Listening on 127.0.0.1:58000
1755009651149	mozrunner::runner	INFO	Running command: "C:\\Program Files\\Mozilla Firefox\\firefox.exe" "--marionette" "--width=950" "--height=1025" "--remote-deb ... 1" "--remote-allow-hosts" "localhost" "-no-remote" "-profile" "C:\\Users\\brend\\AppData\\Local\\Temp\\rust_mozprofilebNf2Ax"
console.warn: services.settings: Ignoring preference override of remote settings server
console.warn: services.settings: Allow by setting MOZ_REMOTE_SETTINGS_DEVTOOLS=1 in the environment
Dynamically enable window occlusion 0
1755009652705	Marionette	INFO	Marionette enabled
console.error: "Warning: unrecognized command line flag" "-width"
console.error: "Warning: unrecognized command line flag" "-height"
1755009652967	Marionette	INFO	Listening on port 58015
WebDriver BiDi listening on ws://127.0.0.1:58001
Read port: 58015
1755009653156	RemoteAgent	WARN	TLS certificate errors will be ignored for this session
console.warn: RSLoader: Recipe train-hop-pilot-to-beta-start-and-stop not returned from collection nimbus-secure-experiments because it contains feature newtabTrainhopAddon, which is disallowed for that collection.
console.warn: RSLoader: Recipe train-hop-pilot-to-beta-start-and-wait-for-escape-hatch-signal not returned from collection nimbus-secure-experiments because it contains feature newtabTrainhopAddon, which is disallowed for that collection.
console.warn: RSLoader: Recipe train-hop-pilot-to-beta-start-and-wait-for-major-version-bump not returned from collection nimbus-secure-experiments because it contains feature newtabTrainhopAddon, which is disallowed for that collection.
JavaScript warning: https://scripts.webcontentassessor.com/scripts/d432d2cc1ea079030ef54edcb8b458c211934a1174311c663c3909a0d1af4105, line 1: unreachable code after return statement
1755009662272	Marionette	WARN	Ignoring event 'DOMContentLoaded' because document has an invalid readyState of 'complete'.
1755009667447	Marionette	WARN	Ignoring event 'pageshow' because document has an invalid readyState of 'interactive'.
1755009667496	Marionette	WARN	Ignoring event 'pageshow' because document has an invalid readyState of 'interactive'.
1755009667541	Marionette	WARN	Ignoring event 'pageshow' because document has an invalid readyState of 'interactive'.
1755009667608	Marionette	WARN	Ignoring event 'pageshow' because document has an invalid readyState of 'loading'.
1755009667629	Marionette	WARN	Ignoring event 'pageshow' because document has an invalid readyState of 'loading'.
1755009667656	Marionette	WARN	Ignoring event 'pageshow' because document has an invalid readyState of 'loading'.
1755009669858	Marionette	WARN	Ignoring event 'pageshow' because document has an invalid readyState of 'uninitialized'.
1755009671573	Marionette	WARN	Ignoring event 'pageshow' because document has an invalid readyState of 'uninitialized'.
1755009672068	Marionette	WARN	Ignoring event 'pageshow' because document has an invalid readyState of 'uninitialized'.
JavaScript warning: https://player.aniview.com/ssync/62f53b2c7850d0786f227f64/ssync.html?gdpr=0&gdpr_consent=&pid=62f53b2c7850d0786f227f64&r=https%3A%2F%2Fvisitor.us-east4.gcp.omnitagjs.com%2Fvisitor%2Fsync%3Fgdpr%3D0%26gdpr_consent%3D%26name%3DANIVIEW%26ttl%3D720%26uid%3De8ecb87ff2ef3a3b16ba16c51e7986ac%26visitor%3D%255BAV_UID%255D, line 82: unreachable code after return statement
JavaScript warning: https://pagead2.googlesyndication.com/bg/hrqBUOJ5G1DL6qlc-WIqdZcamgBjB4IlFSn_KJ8S81I.js, line 3289: unreachable code after return statement
JavaScript warning: https://pagead2.googlesyndication.com/bg/hrqBUOJ5G1DL6qlc-WIqdZcamgBjB4IlFSn_KJ8S81I.js, line 3289: unreachable code after return statement
JavaScript warning: https://pagead2.googlesyndication.com/bg/hrqBUOJ5G1DL6qlc-WIqdZcamgBjB4IlFSn_KJ8S81I.js, line 3289: unreachable code after return statement
JavaScript warning: https://pagead2.googlesyndication.com/bg/hrqBUOJ5G1DL6qlc-WIqdZcamgBjB4IlFSn_KJ8S81I.js, line 3289: unreachable code after return statement
JavaScript warning: https://pagead2.googlesyndication.com/bg/hrqBUOJ5G1DL6qlc-WIqdZcamgBjB4IlFSn_KJ8S81I.js, line 3289: unreachable code after return statement
JavaScript warning: https://pagead2.googlesyndication.com/bg/hrqBUOJ5G1DL6qlc-WIqdZcamgBjB4IlFSn_KJ8S81I.js, line 3289: unreachable code after return statement
JavaScript warning: https://pagead2.googlesyndication.com/bg/hrqBUOJ5G1DL6qlc-WIqdZcamgBjB4IlFSn_KJ8S81I.js, line 3289: unreachable code after return statement
JavaScript warning: https://pagead2.googlesyndication.com/bg/hrqBUOJ5G1DL6qlc-WIqdZcamgBjB4IlFSn_KJ8S81I.js, line 3289: unreachable code after return statement
JavaScript warning: https://pagead2.googlesyndication.com/bg/hrqBUOJ5G1DL6qlc-WIqdZcamgBjB4IlFSn_KJ8S81I.js, line 3289: unreachable code after return statement
JavaScript warning: https://pagead2.googlesyndication.com/bg/hrqBUOJ5G1DL6qlc-WIqdZcamgBjB4IlFSn_KJ8S81I.js, line 3289: unreachable code after return statement
JavaScript warning: https://pagead2.googlesyndication.com/bg/hrqBUOJ5G1DL6qlc-WIqdZcamgBjB4IlFSn_KJ8S81I.js line 2 > eval, line 3289: unreachable code after return statement
JavaScript warning: https://pagead2.googlesyndication.com/bg/hrqBUOJ5G1DL6qlc-WIqdZcamgBjB4IlFSn_KJ8S81I.js line 2 > eval, line 3289: unreachable code after return statement
JavaScript warning: https://pagead2.googlesyndication.com/bg/hrqBUOJ5G1DL6qlc-WIqdZcamgBjB4IlFSn_KJ8S81I.js line 2 > eval, line 3289: unreachable code after return statement
JavaScript warning: https://pagead2.googlesyndication.com/bg/hrqBUOJ5G1DL6qlc-WIqdZcamgBjB4IlFSn_KJ8S81I.js line 2 > eval, line 3289: unreachable code after return statement
JavaScript warning: https://pagead2.googlesyndication.com/bg/hrqBUOJ5G1DL6qlc-WIqdZcamgBjB4IlFSn_KJ8S81I.js line 2 > eval, line 3289: unreachable code after return statement
JavaScript warning: https://pagead2.googlesyndication.com/bg/hrqBUOJ5G1DL6qlc-WIqdZcamgBjB4IlFSn_KJ8S81I.js line 2 > eval, line 1: unreachable code after return statement
JavaScript warning: https://pagead2.googlesyndication.com/bg/hrqBUOJ5G1DL6qlc-WIqdZcamgBjB4IlFSn_KJ8S81I.js line 2 > eval line 3289 > eval, line 1: unreachable code after return statement
JavaScript warning: https://pagead2.googlesyndication.com/bg/hrqBUOJ5G1DL6qlc-WIqdZcamgBjB4IlFSn_KJ8S81I.js line 2 > eval, line 1: unreachable code after return statement
JavaScript warning: https://pagead2.googlesyndication.com/bg/hrqBUOJ5G1DL6qlc-WIqdZcamgBjB4IlFSn_KJ8S81I.js line 2 > eval line 3289 > eval, line 1: unreachable code after return statement
JavaScript warning: https://pagead2.googlesyndication.com/bg/hrqBUOJ5G1DL6qlc-WIqdZcamgBjB4IlFSn_KJ8S81I.js line 2 > eval, line 1: unreachable code after return statement
JavaScript warning: https://pagead2.googlesyndication.com/bg/hrqBUOJ5G1DL6qlc-WIqdZcamgBjB4IlFSn_KJ8S81I.js line 2 > eval line 3289 > eval, line 1: unreachable code after return statement
JavaScript warning: https://pagead2.googlesyndication.com/bg/hrqBUOJ5G1DL6qlc-WIqdZcamgBjB4IlFSn_KJ8S81I.js line 2 > eval, line 3289: unreachable code after return statement
JavaScript warning: https://pagead2.googlesyndication.com/bg/hrqBUOJ5G1DL6qlc-WIqdZcamgBjB4IlFSn_KJ8S81I.js line 2 > eval, line 3289: unreachable code after return statement
JavaScript warning: https://pagead2.googlesyndication.com/bg/hrqBUOJ5G1DL6qlc-WIqdZcamgBjB4IlFSn_KJ8S81I.js line 2 > eval, line 3289: unreachable code after return statement
JavaScript warning: https://pagead2.googlesyndication.com/bg/hrqBUOJ5G1DL6qlc-WIqdZcamgBjB4IlFSn_KJ8S81I.js line 2 > eval, line 3289: unreachable code after return statement
JavaScript warning: https://pagead2.googlesyndication.com/bg/hrqBUOJ5G1DL6qlc-WIqdZcamgBjB4IlFSn_KJ8S81I.js line 2 > eval line 3289 > eval line 1 > eval, line 1: unreachable code after return statement
JavaScript warning: https://pagead2.googlesyndication.com/bg/hrqBUOJ5G1DL6qlc-WIqdZcamgBjB4IlFSn_KJ8S81I.js line 2 > eval line 3289 > eval line 1 > eval, line 1: unreachable code after return statement
JavaScript warning: https://pagead2.googlesyndication.com/bg/hrqBUOJ5G1DL6qlc-WIqdZcamgBjB4IlFSn_KJ8S81I.js line 2 > eval line 3289 > eval line 1 > eval, line 1: unreachable code after return statement
JavaScript warning: https://pagead2.googlesyndication.com/bg/hrqBUOJ5G1DL6qlc-WIqdZcamgBjB4IlFSn_KJ8S81I.js line 2 > eval line 3289 > eval line 1 > eval, line 1: unreachable code after return statement
JavaScript warning: https://pagead2.googlesyndication.com/bg/hrqBUOJ5G1DL6qlc-WIqdZcamgBjB4IlFSn_KJ8S81I.js line 2 > eval line 3289 > eval line 1 > eval line 1 > eval, line 1: unreachable code after return statement
JavaScript warning: https://pagead2.googlesyndication.com/bg/hrqBUOJ5G1DL6qlc-WIqdZcamgBjB4IlFSn_KJ8S81I.js line 2 > eval line 3289 > eval line 1 > eval line 1 > eval, line 1: unreachable code after return statement
JavaScript warning: https://pagead2.googlesyndication.com/bg/hrqBUOJ5G1DL6qlc-WIqdZcamgBjB4IlFSn_KJ8S81I.js line 2 > eval line 3289 > eval line 1 > eval line 1 > eval, line 1: unreachable code after return statement
JavaScript warning: https://pagead2.googlesyndication.com/bg/hrqBUOJ5G1DL6qlc-WIqdZcamgBjB4IlFSn_KJ8S81I.js line 2 > eval line 3289 > eval line 1 > eval line 1 > eval, line 1: unreachable code after return statement
1755009681844	Marionette	WARN	Ignoring event 'pageshow' because document has an invalid readyState of 'uninitialized'.
1755009683460	Marionette	WARN	Ignoring event 'pageshow' because document has an invalid readyState of 'uninitialized'.
1755009683469	Marionette	WARN	Ignoring event 'pageshow' because document has an invalid readyState of 'uninitialized'.
1755009683474	Marionette	WARN	Ignoring event 'pageshow' because document has an invalid readyState of 'uninitialized'.
1755009683476	Marionette	WARN	Ignoring event 'pageshow' because document has an invalid readyState of 'uninitialized'.
1755009683479	Marionette	WARN	Ignoring event 'pageshow' because document has an invalid readyState of 'uninitialized'.
1755009683481	Marionette	WARN	Ignoring event 'pageshow' because document has an invalid readyState of 'uninitialized'.
1755009683483	Marionette	WARN	Ignoring event 'pageshow' because document has an invalid readyState of 'uninitialized'.
1755009683591	Marionette	WARN	Ignoring event 'pageshow' because document has an invalid readyState of 'uninitialized'.
1755009683863	Marionette	WARN	Ignoring event 'pageshow' because document has an invalid readyState of 'uninitialized'.
1755009683977	Marionette	WARN	Ignoring event 'pageshow' because document has an invalid readyState of 'uninitialized'.
1755009684221	Marionette	WARN	Ignoring event 'pageshow' because document has an invalid readyState of 'uninitialized'.
1755009684504	Marionette	WARN	Ignoring event 'pageshow' because document has an invalid readyState of 'uninitialized'.
1755009684695	Marionette	WARN	Ignoring event 'pageshow' because document has an invalid readyState of 'uninitialized'.
1755009687749	Marionette	WARN	Ignoring event 'pageshow' because document has an invalid readyState of 'uninitialized'.
1755009687950	Marionette	INFO	Stopped listening on port 58015
Dynamically enable window occlusion 1
console.error: "Failed to fetch https://ads.mozilla.org/v1/delete_user:" "NetworkError when attempting to fetch resource."
console.error: services.settings: 
Object
  - prototype Object
    - columnNumber = 0
    - data = null
    - filename = resource://gre/modules/ServiceRequest.sys.mjs
    - lineNumber = 126
    - location = {"name":"open","filename":"resource://gre/modules/ServiceRequest.sys.mjs","sourceId":27,"lineNumber":126,"columnNumber":11,"asyncCause":null,"asyncCaller":null,"caller":{"filename":"resource://services-settings/Utils.sys.mjs","name":"fetch/<","sourceId":26,"lineNumber":268,"columnNumber":15,"asyncCause":null,"asyncCaller":null,"caller":{"filename":"resource://services-settings/Utils.sys.mjs","name":"fetch","sourceId":26,"lineNumber":219,"columnNumber":12,"asyncCause":null,"asyncCaller":null,"caller":{"filename":"resource://services-common/kinto-http-client.sys.mjs","name":"timedFetch/<","sourceId":640,"lineNumber":569,"columnNumber":12,"asyncCause":null,"asyncCaller":null,"caller":{"filename":"resource://services-common/kinto-http-client.sys.mjs","name":"timedFetch","sourceId":640,"lineNumber":544,"columnNumber":12,"asyncCause":null,"asyncCaller":null,"caller":{"filename":"resource://services-common/kinto-http-client.sys.mjs","name":"request","sourceId":640,"lineNumber":634,"columnNumber":33,"asyncCause":null,"asyncCaller":null,"caller":{"filename":"resource://services-common/kinto-http-client.sys.mjs","name":"execute","sourceId":640,"lineNumber":2643,"columnNumber":36,"asyncCause":null,"asyncCaller":null,"caller":{"filename":"resource://services-common/kinto-http-client.sys.mjs","name":"getData","sourceId":640,"lineNumber":1119,"columnNumber":40,"asyncCause":null,"asyncCaller":null,"caller":{"filename":"resource://services-settings/RemoteSettingsClient.sys.mjs","name":"maybeSync","sourceId":24,"lineNumber":780,"columnNumber":54,"asyncCause":null,"asyncCaller":null,"caller":null,"formattedStack":"maybeSync@resource://services-settings/RemoteSettingsClient.sys.mjs:780:54\n","nativeSavedFrame":{}},"formattedStack":"getData@resource://services-common/kinto-http-client.sys.mjs:1119:40\nmaybeSync@resource://services-settings/RemoteSettingsClient.sys.mjs:780:54\n","nativeSavedFrame":{}},"formattedStack":"execute@resource://services-common/kinto-http-client.sys.mjs:2643:36\ngetData@resource://services-common/kinto-http-client.sys.mjs:1119:40\nmaybeSync@resource://services-settings/RemoteSettingsClient.sys.mjs:780:54\n","nativeSavedFrame":{}},"formattedStack":"request@resource://services-common/kinto-http-client.sys.mjs:634:33\nexecute@resource://services-common/kinto-http-client.sys.mjs:2643:36\ngetData@resource://services-common/kinto-http-client.sys.mjs:1119:40\nmaybeSync@resource://services-settings/RemoteSettingsClient.sys.mjs:780:54\n","nativeSavedFrame":{}},"formattedStack":"timedFetch@resource://services-common/kinto-http-client.sys.mjs:544:12\nrequest@resource://services-common/kinto-http-client.sys.mjs:634:33\nexecute@resource://services-common/kinto-http-client.sys.mjs:2643:36\ngetData@resource://services-common/kinto-http-client.sys.mjs:1119:40\nmaybeSync@resource://services-settings/RemoteSettingsClient.sys.mjs:780:54\n","nativeSavedFrame":{}},"formattedStack":"timedFetch/<@resource://services-common/kinto-http-client.sys.mjs:569:12\ntimedFetch@resource://services-common/kinto-http-client.sys.mjs:544:12\nrequest@resource://services-common/kinto-http-client.sys.mjs:634:33\nexecute@resource://services-common/kinto-http-client.sys.mjs:2643:36\ngetData@resource://services-common/kinto-http-client.sys.mjs:1119:40\nmaybeSync@resource://services-settings/RemoteSettingsClient.sys.mjs:780:54\n","nativeSavedFrame":{}},"formattedStack":"fetch@resource://services-settings/Utils.sys.mjs:219:12\ntimedFetch/<@resource://services-common/kinto-http-client.sys.mjs:569:12\ntimedFetch@resource://services-common/kinto-http-client.sys.mjs:544:12\nrequest@resource://services-common/kinto-http-client.sys.mjs:634:33\nexecute@resource://services-common/kinto-http-client.sys.mjs:2643:36\ngetData@resource://services-common/kinto-http-client.sys.mjs:1119:40\nmaybeSync@resource://services-settings/RemoteSettingsClient.sys.mjs:780:54\n","nativeSavedFrame":{}},"formattedStack":"fetch/<@resource://services-settings/Utils.sys.mjs:268:15\nfetch@resource://services-settings/Utils.sys.mjs:219:12\ntimedFetch/<@resource://services-common/kinto-http-client.sys.mjs:569:12\ntimedFetch@resource://services-common/kinto-http-client.sys.mjs:544:12\nrequest@resource://services-common/kinto-http-client.sys.mjs:634:33\nexecute@resource://services-common/kinto-http-client.sys.mjs:2643:36\ngetData@resource://services-common/kinto-http-client.sys.mjs:1119:40\nmaybeSync@resource://services-settings/RemoteSettingsClient.sys.mjs:780:54\n","nativeSavedFrame":{}},"formattedStack":"open@resource://gre/modules/ServiceRequest.sys.mjs:126:11\nfetch/<@resource://services-settings/Utils.sys.mjs:268:15\nfetch@resource://services-settings/Utils.sys.mjs:219:12\ntimedFetch/<@resource://services-common/kinto-http-client.sys.mjs:569:12\ntimedFetch@resource://services-common/kinto-http-client.sys.mjs:544:12\nrequest@resource://services-common/kinto-http-client.sys.mjs:634:33\nexecute@resource://services-common/kinto-http-client.sys.mjs:2643:36\ngetData@resource://services-common/kinto-http-client.sys.mjs:1119:40\nmaybeSync@resource://services-settings/RemoteSettingsClient.sys.mjs:780:54\n","nativeSavedFrame":{}}
    - message = 
    - name = 
    - result = 2152071198
    - stack = open@resource://gre/modules/ServiceRequest.sys.mjs:126:11|fetch/<@resource://services-settings/Utils.sys.mjs:268:15|fetch@resource://services-settings/Utils.sys.mjs:219:12|timedFetch/<@resource://services-common/kinto-http-client.sys.mjs:569:12|timedFetch@resource://services-common/kinto-http-client.sys.mjs:544:12|request@resource://services-common/kinto-http-client.sys.mjs:634:33|execute@resource://services-common/kinto-http-client.sys.mjs:2643:36|getData@resource://services-common/kinto-http-client.sys.mjs:1119:40|maybeSync@resource://services-settings/RemoteSettingsClient.sys.mjs:780:54|
  - prototype Object
console.warn: TopSitesFeed: Failed to fetch data from MARS server: NetworkError when attempting to fetch resource.
console.warn: services.settings: main/websites-with-shared-credential-backends sync interrupted by shutdown
console.warn: services.settings: main/normandy-recipes-capabilities sync interrupted by shutdown
console.warn: services.settings: main/remote-permissions sync interrupted by shutdown
console.warn: services.settings: main/search-categorization sync interrupted by shutdown
console.warn: services.settings: main/third-party-cookie-blocking-exempt-urls sync interrupted by shutdown
console.warn: services.settings: main/cookie-banner-rules-list sync interrupted by shutdown
console.warn: services.settings: main/urlbar-persisted-search-terms sync interrupted by shutdown
JavaScript error: , line 0: TypeError: NetworkError when attempting to fetch resource.
JavaScript error: , line 0: TypeError: NetworkError when attempting to fetch resource.
JavaScript error: , line 0: TypeError: NetworkError when attempting to fetch resource.
JavaScript error: , line 0: TypeError: NetworkError when attempting to fetch resource.
JavaScript error: , line 0: TypeError: NetworkError when attempting to fetch resource.
JavaScript error: , line 0: TypeError: NetworkError when attempting to fetch resource.
JavaScript error: , line 0: TypeError: NetworkError when attempting to fetch resource.
console.warn: services.settings: main/search-config-overrides-v2 sync interrupted by shutdown
console.warn: services.settings: main/query-stripping sync interrupted by shutdown
console.warn: services.settings: main/addons-manager-settings sync interrupted by shutdown
console.warn: services.settings: main/fxmonitor-breaches sync interrupted by shutdown
console.warn: services.settings: main/password-recipes sync interrupted by shutdown
console.warn: services.settings: main/language-dictionaries sync interrupted by shutdown
console.warn: services.settings: main/devtools-devices sync interrupted by shutdown
console.warn: services.settings: main/doh-providers sync interrupted by shutdown
console.warn: services.settings: main/hijack-blocklists sync interrupted by shutdown
console.warn: services.settings: main/anti-tracking-url-decoration sync interrupted by shutdown
console.warn: services.settings: main/sites-classification sync interrupted by shutdown
console.error: ({details:{id:"2a96d2c2-ee2c-92d9-4415-3996dd1aef47", last_modified:1739471652383, bucket:"main", collection:"url-classifier-skip-urls", host:"firefox.settings.services.mozilla.com"}})
JavaScript error: resource://services-settings/RemoteSettingsClient.sys.mjs, line 101: Error: Unknown callback
[GFX1-]: VideoBridgeParent receives IPC close with reason=AbnormalShutdown
1755009704975	geckodriver	INFO	Listening on 127.0.0.1:64438
1755009708009	mozrunner::runner	INFO	Running command: "C:\\Program Files\\Mozilla Firefox\\firefox.exe" "--marionette" "--width=1350" "--height=1025" "--remote-de ... 9" "--remote-allow-hosts" "localhost" "-no-remote" "-profile" "C:\\Users\\brend\\AppData\\Local\\Temp\\rust_mozprofilez4iTmZ"
console.warn: services.settings: Ignoring preference override of remote settings server
console.warn: services.settings: Allow by setting MOZ_REMOTE_SETTINGS_DEVTOOLS=1 in the environment
Dynamically enable window occlusion 0
1755009709505	Marionette	INFO	Marionette enabled
console.error: "Warning: unrecognized command line flag" "-width"
console.error: "Warning: unrecognized command line flag" "-height"
1755009709763	Marionette	INFO	Listening on port 64446
WebDriver BiDi listening on ws://127.0.0.1:64439
Read port: 64446
1755009709975	RemoteAgent	WARN	TLS certificate errors will be ignored for this session
console.warn: RSLoader: Recipe train-hop-pilot-to-beta-start-and-stop not returned from collection nimbus-secure-experiments because it contains feature newtabTrainhopAddon, which is disallowed for that collection.
console.warn: RSLoader: Recipe train-hop-pilot-to-beta-start-and-wait-for-escape-hatch-signal not returned from collection nimbus-secure-experiments because it contains feature newtabTrainhopAddon, which is disallowed for that collection.
console.warn: RSLoader: Recipe train-hop-pilot-to-beta-start-and-wait-for-major-version-bump not returned from collection nimbus-secure-experiments because it contains feature newtabTrainhopAddon, which is disallowed for that collection.
1755009837643	Marionette	INFO	Stopped listening on port 64446
Dynamically enable window occlusion 1
console.error: "Failed to fetch https://ads.mozilla.org/v1/delete_user:" "NetworkError when attempting to fetch resource."
console.warn: TopSitesFeed: Failed to fetch data from MARS server: NetworkError when attempting to fetch resource.
JavaScript error: resource://services-settings/RemoteSettingsClient.sys.mjs, line 101: Error: Unknown callback
1755030356812	geckodriver	INFO	Listening on 127.0.0.1:50583
1755030359900	mozrunner::runner	INFO	Running command: "C:\\Program Files\\Mozilla Firefox\\firefox.exe" "--marionette" "--width=950" "--height=1025" "--remote-deb ... 4" "--remote-allow-hosts" "localhost" "-no-remote" "-profile" "C:\\Users\\brend\\AppData\\Local\\Temp\\rust_mozprofilegetJSI"
console.warn: services.settings: Ignoring preference override of remote settings server
console.warn: services.settings: Allow by setting MOZ_REMOTE_SETTINGS_DEVTOOLS=1 in the environment
Dynamically enable window occlusion 0
1755030361299	Marionette	INFO	Marionette enabled
console.error: "Warning: unrecognized command line flag" "-width"
console.error: "Warning: unrecognized command line flag" "-height"
1755030361490	Marionette	INFO	Listening on port 50591
WebDriver BiDi listening on ws://127.0.0.1:50584
Read port: 50591
1755030361637	RemoteAgent	WARN	TLS certificate errors will be ignored for this session
console.warn: RSLoader: Recipe train-hop-pilot-to-beta-start-and-stop not returned from collection nimbus-secure-experiments because it contains feature newtabTrainhopAddon, which is disallowed for that collection.
console.warn: RSLoader: Recipe train-hop-pilot-to-beta-start-and-wait-for-escape-hatch-signal not returned from collection nimbus-secure-experiments because it contains feature newtabTrainhopAddon, which is disallowed for that collection.
console.warn: RSLoader: Recipe train-hop-pilot-to-beta-start-and-wait-for-major-version-bump not returned from collection nimbus-secure-experiments because it contains feature newtabTrainhopAddon, which is disallowed for that collection.
JavaScript warning: https://scripts.webcontentassessor.com/scripts/d432d2cc1ea079030ef54edcb8b458c211934a1174311c663c3909a0d1af4105, line 1: unreachable code after return statement
1755030367108	Marionette	WARN	Ignoring event 'DOMContentLoaded' because document has an invalid readyState of 'complete'.
1755030372476	Marionette	WARN	Ignoring event 'pageshow' because document has an invalid readyState of 'interactive'.
1755030372513	Marionette	WARN	Ignoring event 'pageshow' because document has an invalid readyState of 'loading'.
1755030372730	Marionette	WARN	Ignoring event 'pageshow' because document has an invalid readyState of 'uninitialized'.
1755030373003	Marionette	WARN	Ignoring event 'pageshow' because document has an invalid readyState of 'uninitialized'.
1755030373352	Marionette	WARN	Ignoring event 'pageshow' because document has an invalid readyState of 'uninitialized'.
1755030375800	Marionette	WARN	Ignoring event 'pageshow' because document has an invalid readyState of 'uninitialized'.
1755030375812	Marionette	WARN	Ignoring event 'pageshow' because document has an invalid readyState of 'uninitialized'.
1755030378174	Marionette	WARN	Ignoring event 'pageshow' because document has an invalid readyState of 'uninitialized'.
1755030378414	Marionette	WARN	Ignoring event 'pageshow' because document has an invalid readyState of 'uninitialized'.
JavaScript warning: https://pagead2.googlesyndication.com/bg/hrqBUOJ5G1DL6qlc-WIqdZcamgBjB4IlFSn_KJ8S81I.js, line 2156: unreachable code after return statement
JavaScript warning: https://pagead2.googlesyndication.com/bg/hrqBUOJ5G1DL6qlc-WIqdZcamgBjB4IlFSn_KJ8S81I.js, line 2156: unreachable code after return statement
JavaScript warning: https://pagead2.googlesyndication.com/bg/hrqBUOJ5G1DL6qlc-WIqdZcamgBjB4IlFSn_KJ8S81I.js, line 2156: unreachable code after return statement
JavaScript warning: https://pagead2.googlesyndication.com/bg/hrqBUOJ5G1DL6qlc-WIqdZcamgBjB4IlFSn_KJ8S81I.js, line 2156: unreachable code after return statement
JavaScript warning: https://pagead2.googlesyndication.com/bg/hrqBUOJ5G1DL6qlc-WIqdZcamgBjB4IlFSn_KJ8S81I.js, line 2156: unreachable code after return statement
JavaScript warning: https://pagead2.googlesyndication.com/bg/hrqBUOJ5G1DL6qlc-WIqdZcamgBjB4IlFSn_KJ8S81I.js, line 2156: unreachable code after return statement
JavaScript warning: https://pagead2.googlesyndication.com/bg/hrqBUOJ5G1DL6qlc-WIqdZcamgBjB4IlFSn_KJ8S81I.js, line 2156: unreachable code after return statement
JavaScript warning: https://pagead2.googlesyndication.com/bg/hrqBUOJ5G1DL6qlc-WIqdZcamgBjB4IlFSn_KJ8S81I.js, line 2156: unreachable code after return statement
JavaScript warning: https://pagead2.googlesyndication.com/bg/hrqBUOJ5G1DL6qlc-WIqdZcamgBjB4IlFSn_KJ8S81I.js, line 2156: unreachable code after return statement
JavaScript warning: https://pagead2.googlesyndication.com/bg/hrqBUOJ5G1DL6qlc-WIqdZcamgBjB4IlFSn_KJ8S81I.js, line 2156: unreachable code after return statement
JavaScript warning: https://pagead2.googlesyndication.com/bg/hrqBUOJ5G1DL6qlc-WIqdZcamgBjB4IlFSn_KJ8S81I.js line 2 > eval, line 2156: unreachable code after return statement
JavaScript warning: https://pagead2.googlesyndication.com/bg/hrqBUOJ5G1DL6qlc-WIqdZcamgBjB4IlFSn_KJ8S81I.js line 2 > eval, line 2156: unreachable code after return statement
JavaScript warning: https://pagead2.googlesyndication.com/bg/hrqBUOJ5G1DL6qlc-WIqdZcamgBjB4IlFSn_KJ8S81I.js line 2 > eval, line 2156: unreachable code after return statement
JavaScript warning: https://pagead2.googlesyndication.com/bg/hrqBUOJ5G1DL6qlc-WIqdZcamgBjB4IlFSn_KJ8S81I.js line 2 > eval, line 2156: unreachable code after return statement
JavaScript warning: https://pagead2.googlesyndication.com/bg/hrqBUOJ5G1DL6qlc-WIqdZcamgBjB4IlFSn_KJ8S81I.js line 2 > eval, line 2156: unreachable code after return statement
JavaScript warning: https://pagead2.googlesyndication.com/bg/hrqBUOJ5G1DL6qlc-WIqdZcamgBjB4IlFSn_KJ8S81I.js line 2 > eval, line 1: unreachable code after return statement
JavaScript warning: https://pagead2.googlesyndication.com/bg/hrqBUOJ5G1DL6qlc-WIqdZcamgBjB4IlFSn_KJ8S81I.js line 2 > eval line 2156 > eval, line 1: unreachable code after return statement
JavaScript warning: https://pagead2.googlesyndication.com/bg/hrqBUOJ5G1DL6qlc-WIqdZcamgBjB4IlFSn_KJ8S81I.js line 2 > eval, line 1: unreachable code after return statement
JavaScript warning: https://pagead2.googlesyndication.com/bg/hrqBUOJ5G1DL6qlc-WIqdZcamgBjB4IlFSn_KJ8S81I.js line 2 > eval line 2156 > eval, line 1: unreachable code after return statement
JavaScript warning: https://pagead2.googlesyndication.com/bg/hrqBUOJ5G1DL6qlc-WIqdZcamgBjB4IlFSn_KJ8S81I.js line 2 > eval, line 1: unreachable code after return statement
JavaScript warning: https://pagead2.googlesyndication.com/bg/hrqBUOJ5G1DL6qlc-WIqdZcamgBjB4IlFSn_KJ8S81I.js line 2 > eval line 2156 > eval, line 1: unreachable code after return statement
JavaScript warning: https://pagead2.googlesyndication.com/bg/hrqBUOJ5G1DL6qlc-WIqdZcamgBjB4IlFSn_KJ8S81I.js line 2 > eval, line 2156: unreachable code after return statement
JavaScript warning: https://pagead2.googlesyndication.com/bg/hrqBUOJ5G1DL6qlc-WIqdZcamgBjB4IlFSn_KJ8S81I.js line 2 > eval, line 2156: unreachable code after return statement
JavaScript warning: https://pagead2.googlesyndication.com/bg/hrqBUOJ5G1DL6qlc-WIqdZcamgBjB4IlFSn_KJ8S81I.js line 2 > eval, line 2156: unreachable code after return statement
JavaScript warning: https://pagead2.googlesyndication.com/bg/hrqBUOJ5G1DL6qlc-WIqdZcamgBjB4IlFSn_KJ8S81I.js line 2 > eval, line 2156: unreachable code after return statement
JavaScript warning: https://pagead2.googlesyndication.com/bg/hrqBUOJ5G1DL6qlc-WIqdZcamgBjB4IlFSn_KJ8S81I.js line 2 > eval line 2156 > eval line 1 > eval, line 1: unreachable code after return statement
JavaScript warning: https://pagead2.googlesyndication.com/bg/hrqBUOJ5G1DL6qlc-WIqdZcamgBjB4IlFSn_KJ8S81I.js line 2 > eval line 2156 > eval line 1 > eval, line 1: unreachable code after return statement
JavaScript warning: https://pagead2.googlesyndication.com/bg/hrqBUOJ5G1DL6qlc-WIqdZcamgBjB4IlFSn_KJ8S81I.js line 2 > eval line 2156 > eval line 1 > eval, line 1: unreachable code after return statement
JavaScript warning: https://pagead2.googlesyndication.com/bg/hrqBUOJ5G1DL6qlc-WIqdZcamgBjB4IlFSn_KJ8S81I.js line 2 > eval line 2156 > eval line 1 > eval, line 1: unreachable code after return statement
JavaScript warning: https://pagead2.googlesyndication.com/bg/hrqBUOJ5G1DL6qlc-WIqdZcamgBjB4IlFSn_KJ8S81I.js line 2 > eval line 2156 > eval line 1 > eval line 1 > eval, line 1: unreachable code after return statement
JavaScript warning: https://pagead2.googlesyndication.com/bg/hrqBUOJ5G1DL6qlc-WIqdZcamgBjB4IlFSn_KJ8S81I.js line 2 > eval line 2156 > eval line 1 > eval line 1 > eval, line 1: unreachable code after return statement
JavaScript warning: https://pagead2.googlesyndication.com/bg/hrqBUOJ5G1DL6qlc-WIqdZcamgBjB4IlFSn_KJ8S81I.js line 2 > eval line 2156 > eval line 1 > eval line 1 > eval, line 1: unreachable code after return statement
JavaScript warning: https://pagead2.googlesyndication.com/bg/hrqBUOJ5G1DL6qlc-WIqdZcamgBjB4IlFSn_KJ8S81I.js line 2 > eval line 2156 > eval line 1 > eval line 1 > eval, line 1: unreachable code after return statement
JavaScript warning: https://player.aniview.com/ssync/62f53b2c7850d0786f227f64/ssync.html?gdpr=0&gdpr_consent=&pid=62f53b2c7850d0786f227f64&r=https%3A%2F%2Fvisitor.us-east4.gcp.omnitagjs.com%2Fvisitor%2Fsync%3Fgdpr%3D0%26gdpr_consent%3D%26name%3DANIVIEW%26ttl%3D720%26uid%3De8ecb87ff2ef3a3b16ba16c51e7986ac%26visitor%3D%255BAV_UID%255D, line 82: unreachable code after return statement
JavaScript warning: https://player.aniview.com/ssync/62f53b2c7850d0786f227f64/ssync.html?gdpr=0&gdpr_consent=&pid=62f53b2c7850d0786f227f64&r=https%3A%2F%2Fvisitor.us-east4.gcp.omnitagjs.com%2Fvisitor%2Fsync%3Fgdpr%3D0%26gdpr_consent%3D%26name%3DANIVIEW%26ttl%3D720%26uid%3De8ecb87ff2ef3a3b16ba16c51e7986ac%26visitor%3D%255BAV_UID%255D, line 82: unreachable code after return statement
1755030383692	Marionette	WARN	Ignoring event 'pageshow' because document has an invalid readyState of 'uninitialized'.
1755030383762	Marionette	WARN	Ignoring event 'pageshow' because document has an invalid readyState of 'uninitialized'.
1755030383765	Marionette	WARN	Ignoring event 'pageshow' because document has an invalid readyState of 'uninitialized'.
1755030383850	Marionette	WARN	Ignoring event 'pageshow' because document has an invalid readyState of 'uninitialized'.
1755030384400	Marionette	WARN	Ignoring event 'pageshow' because document has an invalid readyState of 'uninitialized'.
1755030384454	Marionette	WARN	Ignoring event 'pageshow' because document has an invalid readyState of 'uninitialized'.
1755030385118	Marionette	WARN	Ignoring event 'pageshow' because document has an invalid readyState of 'uninitialized'.
1755030385608	Marionette	WARN	Ignoring event 'pageshow' because document has an invalid readyState of 'uninitialized'.
1755030385615	Marionette	WARN	Ignoring event 'pageshow' because document has an invalid readyState of 'uninitialized'.
1755030386354	Marionette	WARN	Ignoring event 'pageshow' because document has an invalid readyState of 'uninitialized'.
1755030386370	Marionette	WARN	Ignoring event 'pageshow' because document has an invalid readyState of 'uninitialized'.
1755030386434	Marionette	WARN	Ignoring event 'pageshow' because document has an invalid readyState of 'uninitialized'.
1755030392139	Marionette	WARN	Ignoring event 'pageshow' because document has an invalid readyState of 'uninitialized'.
1755030392414	Marionette	WARN	Ignoring event 'pageshow' because document has an invalid readyState of 'uninitialized'.
1755030396239	Marionette	WARN	Ignoring event 'pageshow' because document has an invalid readyState of 'uninitialized'.
1755030396671	Marionette	WARN	Ignoring event 'pageshow' because document has an invalid readyState of 'uninitialized'.
1755030398435	Marionette	WARN	Ignoring event 'pageshow' because document has an invalid readyState of 'uninitialized'.
1755030399248	Marionette	WARN	Ignoring event 'pageshow' because document has an invalid readyState of 'uninitialized'.
1755030399887	Marionette	WARN	Ignoring event 'pageshow' because document has an invalid readyState of 'uninitialized'.
1755030399992	Marionette	WARN	Ignoring event 'pageshow' because document has an invalid readyState of 'uninitialized'.
1755030400214	Marionette	WARN	Ignoring event 'pageshow' because document has an invalid readyState of 'uninitialized'.
1755030400766	Marionette	WARN	Ignoring event 'pageshow' because document has an invalid readyState of 'uninitialized'.
1755030400800	Marionette	WARN	Ignoring event 'pageshow' because document has an invalid readyState of 'uninitialized'.
1755030406938	Marionette	WARN	Ignoring event 'pageshow' because document has an invalid readyState of 'uninitialized'.
1755030410743	Marionette	INFO	Stopped listening on port 50591
Dynamically enable window occlusion 1
console.error: "Failed to fetch https://ads.mozilla.org/v1/delete_user:" "NetworkError when attempting to fetch resource."
console.warn: TopSitesFeed: Failed to fetch data from MARS server: NetworkError when attempting to fetch resource.
JavaScript error: , line 0: TypeError: NetworkError when attempting to fetch resource.
[GFX1-]: VideoBridgeParent receives IPC close with reason=AbnormalShutdown
JavaScript error: resource://services-settings/RemoteSettingsClient.sys.mjs, line 101: Error: Unknown callback
1755030423352	geckodriver	INFO	Listening on 127.0.0.1:52875
1755030426422	mozrunner::runner	INFO	Running command: "C:\\Program Files\\Mozilla Firefox\\firefox.exe" "--marionette" "--width=1350" "--height=1025" "--remote-de ... 6" "--remote-allow-hosts" "localhost" "-no-remote" "-profile" "C:\\Users\\brend\\AppData\\Local\\Temp\\rust_mozprofileCeIn8T"
console.warn: services.settings: Ignoring preference override of remote settings server
console.warn: services.settings: Allow by setting MOZ_REMOTE_SETTINGS_DEVTOOLS=1 in the environment
Dynamically enable window occlusion 0
1755030427718	Marionette	INFO	Marionette enabled
console.error: "Warning: unrecognized command line flag" "-width"
console.error: "Warning: unrecognized command line flag" "-height"
1755030427874	Marionette	INFO	Listening on port 52883
WebDriver BiDi listening on ws://127.0.0.1:52876
Read port: 52883
1755030428001	RemoteAgent	WARN	TLS certificate errors will be ignored for this session
console.warn: RSLoader: Recipe train-hop-pilot-to-beta-start-and-stop not returned from collection nimbus-secure-experiments because it contains feature newtabTrainhopAddon, which is disallowed for that collection.
console.warn: RSLoader: Recipe train-hop-pilot-to-beta-start-and-wait-for-escape-hatch-signal not returned from collection nimbus-secure-experiments because it contains feature newtabTrainhopAddon, which is disallowed for that collection.
console.warn: RSLoader: Recipe train-hop-pilot-to-beta-start-and-wait-for-major-version-bump not returned from collection nimbus-secure-experiments because it contains feature newtabTrainhopAddon, which is disallowed for that collection.
1755030543877	Marionette	INFO	Stopped listening on port 52883
Dynamically enable window occlusion 1
console.error: "Failed to fetch https://ads.mozilla.org/v1/delete_user:" "NetworkError when attempting to fetch resource."
console.warn: TopSitesFeed: Failed to fetch data from MARS server: NetworkError when attempting to fetch resource.
JavaScript error: resource://services-settings/RemoteSettingsClient.sys.mjs, line 101: Error: Unknown callback
1755098141603	geckodriver	INFO	Listening on 127.0.0.1:50718
1755098144683	mozrunner::runner	INFO	Running command: "C:\\Program Files\\Mozilla Firefox\\firefox.exe" "--marionette" "--width=950" "--height=1025" "--remote-deb ... 9" "--remote-allow-hosts" "localhost" "-no-remote" "-profile" "C:\\Users\\brend\\AppData\\Local\\Temp\\rust_mozprofilezwS4wo"
console.warn: services.settings: Ignoring preference override of remote settings server
console.warn: services.settings: Allow by setting MOZ_REMOTE_SETTINGS_DEVTOOLS=1 in the environment
Dynamically enable window occlusion 0
1755098146024	Marionette	INFO	Marionette enabled
console.error: "Warning: unrecognized command line flag" "-width"
console.error: "Warning: unrecognized command line flag" "-height"
1755098146158	Marionette	INFO	Listening on port 50727
WebDriver BiDi listening on ws://127.0.0.1:50719
Read port: 50727
1755098146299	RemoteAgent	WARN	TLS certificate errors will be ignored for this session
console.warn: RSLoader: Recipe train-hop-pilot-to-beta-start-and-stop not returned from collection nimbus-secure-experiments because it contains feature newtabTrainhopAddon, which is disallowed for that collection.
console.warn: RSLoader: Recipe train-hop-pilot-to-beta-start-and-wait-for-escape-hatch-signal not returned from collection nimbus-secure-experiments because it contains feature newtabTrainhopAddon, which is disallowed for that collection.
console.warn: RSLoader: Recipe train-hop-pilot-to-beta-start-and-wait-for-major-version-bump not returned from collection nimbus-secure-experiments because it contains feature newtabTrainhopAddon, which is disallowed for that collection.
JavaScript warning: https://scripts.webcontentassessor.com/scripts/d432d2cc1ea079030ef54edcb8b458c211934a1174311c663c3909a0d1af4105, line 1: unreachable code after return statement
1755098153247	Marionette	WARN	Ignoring event 'DOMContentLoaded' because document has an invalid readyState of 'complete'.
1755098156775	Marionette	WARN	Ignoring event 'pageshow' because document has an invalid readyState of 'interactive'.
1755098156797	Marionette	WARN	Ignoring event 'pageshow' because document has an invalid readyState of 'interactive'.
1755098156821	Marionette	WARN	Ignoring event 'pageshow' because document has an invalid readyState of 'loading'.
1755098156836	Marionette	WARN	Ignoring event 'pageshow' because document has an invalid readyState of 'loading'.
1755098158447	Marionette	WARN	Ignoring event 'pageshow' because document has an invalid readyState of 'interactive'.
1755098158888	Marionette	WARN	Ignoring event 'pageshow' because document has an invalid readyState of 'loading'.
1755098159126	Marionette	WARN	Ignoring event 'pageshow' because document has an invalid readyState of 'uninitialized'.
1755098159158	Marionette	WARN	Ignoring event 'pageshow' because document has an invalid readyState of 'uninitialized'.
1755098160219	Marionette	WARN	Ignoring event 'pageshow' because document has an invalid readyState of 'uninitialized'.
1755098160372	Marionette	WARN	Ignoring event 'pageshow' because document has an invalid readyState of 'uninitialized'.
1755098164585	Marionette	WARN	Ignoring event 'pageshow' because document has an invalid readyState of 'uninitialized'.
1755098164967	Marionette	WARN	Ignoring event 'pageshow' because document has an invalid readyState of 'uninitialized'.
1755098165076	Marionette	WARN	Ignoring event 'pageshow' because document has an invalid readyState of 'uninitialized'.
JavaScript warning: https://player.aniview.com/ssync/62f53b2c7850d0786f227f64/ssync.html?gdpr=0&gdpr_consent=&pid=62f53b2c7850d0786f227f64&r=https%3A%2F%2Fvisitor.us-east4.gcp.omnitagjs.com%2Fvisitor%2Fsync%3Fgdpr%3D0%26gdpr_consent%3D%26name%3DANIVIEW%26ttl%3D720%26uid%3De8ecb87ff2ef3a3b16ba16c51e7986ac%26visitor%3D%255BAV_UID%255D, line 82: unreachable code after return statement
JavaScript warning: https://player.aniview.com/ssync/62f53b2c7850d0786f227f64/ssync.html?gdpr=0&gdpr_consent=&pid=62f53b2c7850d0786f227f64&r=https%3A%2F%2Fvisitor.us-east4.gcp.omnitagjs.com%2Fvisitor%2Fsync%3Fgdpr%3D0%26gdpr_consent%3D%26name%3DANIVIEW%26ttl%3D720%26uid%3De8ecb87ff2ef3a3b16ba16c51e7986ac%26visitor%3D%255BAV_UID%255D, line 82: unreachable code after return statement
JavaScript warning: https://pagead2.googlesyndication.com/bg/JxAw7nNYr1CaUlHzQYYfjw_IjY6skMil1nOht4hO3qA.js, line 6917: unreachable code after return statement
JavaScript warning: https://pagead2.googlesyndication.com/bg/JxAw7nNYr1CaUlHzQYYfjw_IjY6skMil1nOht4hO3qA.js, line 6917: unreachable code after return statement
JavaScript warning: https://pagead2.googlesyndication.com/bg/JxAw7nNYr1CaUlHzQYYfjw_IjY6skMil1nOht4hO3qA.js, line 6917: unreachable code after return statement
JavaScript warning: https://pagead2.googlesyndication.com/bg/JxAw7nNYr1CaUlHzQYYfjw_IjY6skMil1nOht4hO3qA.js, line 6917: unreachable code after return statement
JavaScript warning: https://pagead2.googlesyndication.com/bg/JxAw7nNYr1CaUlHzQYYfjw_IjY6skMil1nOht4hO3qA.js, line 6917: unreachable code after return statement
JavaScript warning: https://pagead2.googlesyndication.com/bg/JxAw7nNYr1CaUlHzQYYfjw_IjY6skMil1nOht4hO3qA.js, line 6917: unreachable code after return statement
JavaScript warning: https://pagead2.googlesyndication.com/bg/JxAw7nNYr1CaUlHzQYYfjw_IjY6skMil1nOht4hO3qA.js line 2 > eval, line 6917: unreachable code after return statement
JavaScript warning: https://pagead2.googlesyndication.com/bg/JxAw7nNYr1CaUlHzQYYfjw_IjY6skMil1nOht4hO3qA.js line 2 > eval, line 6917: unreachable code after return statement
JavaScript warning: https://pagead2.googlesyndication.com/bg/JxAw7nNYr1CaUlHzQYYfjw_IjY6skMil1nOht4hO3qA.js line 2 > eval, line 6917: unreachable code after return statement
JavaScript warning: https://pagead2.googlesyndication.com/bg/JxAw7nNYr1CaUlHzQYYfjw_IjY6skMil1nOht4hO3qA.js line 2 > eval, line 1: unreachable code after return statement
JavaScript warning: https://pagead2.googlesyndication.com/bg/JxAw7nNYr1CaUlHzQYYfjw_IjY6skMil1nOht4hO3qA.js line 2 > eval line 6917 > eval, line 1: unreachable code after return statement
JavaScript warning: https://pagead2.googlesyndication.com/bg/JxAw7nNYr1CaUlHzQYYfjw_IjY6skMil1nOht4hO3qA.js line 2 > eval, line 1: unreachable code after return statement
JavaScript warning: https://pagead2.googlesyndication.com/bg/JxAw7nNYr1CaUlHzQYYfjw_IjY6skMil1nOht4hO3qA.js line 2 > eval line 6917 > eval, line 1: unreachable code after return statement
JavaScript warning: https://pagead2.googlesyndication.com/bg/JxAw7nNYr1CaUlHzQYYfjw_IjY6skMil1nOht4hO3qA.js line 2 > eval, line 6917: unreachable code after return statement
JavaScript warning: https://pagead2.googlesyndication.com/bg/JxAw7nNYr1CaUlHzQYYfjw_IjY6skMil1nOht4hO3qA.js line 2 > eval, line 6917: unreachable code after return statement
JavaScript warning: https://pagead2.googlesyndication.com/bg/JxAw7nNYr1CaUlHzQYYfjw_IjY6skMil1nOht4hO3qA.js line 2 > eval, line 6917: unreachable code after return statement
JavaScript warning: https://pagead2.googlesyndication.com/bg/JxAw7nNYr1CaUlHzQYYfjw_IjY6skMil1nOht4hO3qA.js line 2 > eval line 6917 > eval line 1 > eval, line 1: unreachable code after return statement
JavaScript warning: https://pagead2.googlesyndication.com/bg/JxAw7nNYr1CaUlHzQYYfjw_IjY6skMil1nOht4hO3qA.js line 2 > eval line 6917 > eval line 1 > eval, line 1: unreachable code after return statement
JavaScript warning: https://pagead2.googlesyndication.com/bg/JxAw7nNYr1CaUlHzQYYfjw_IjY6skMil1nOht4hO3qA.js line 2 > eval line 6917 > eval line 1 > eval line 1 > eval, line 1: unreachable code after return statement
JavaScript warning: https://pagead2.googlesyndication.com/bg/JxAw7nNYr1CaUlHzQYYfjw_IjY6skMil1nOht4hO3qA.js line 2 > eval line 6917 > eval line 1 > eval line 1 > eval, line 1: unreachable code after return statement
1755098170632	Marionette	WARN	Ignoring event 'pageshow' because document has an invalid readyState of 'uninitialized'.
1755098170637	Marionette	WARN	Ignoring event 'pageshow' because document has an invalid readyState of 'uninitialized'.
1755098171807	Marionette	INFO	Stopped listening on port 50727
Dynamically enable window occlusion 1
console.error: "Failed to fetch https://ads.mozilla.org/v1/delete_user:" "NetworkError when attempting to fetch resource."
console.warn: TopSitesFeed: Failed to fetch data from MARS server: NetworkError when attempting to fetch resource.
JavaScript error: https://sync.adkernel.com/user-sync?gdpr=0&gdpr_consent=&r=https%3A%2F%2Fvisitor.us-east4.gcp.omnitagjs.com%2Fvisitor%2Fsync%3Fgdpr%3D0%26gdpr_consent%3D%26name%3DSTRONGMETRICS%26ttl%3D720%26uid%3D84e758200d24051d4c62795c5b9604bd%26visitor%3D&zone=260835, line 9: NS_ERROR_UNEXPECTED: 
JavaScript error: https://static.cloudflareinsights.com/beacon.min.js/vcd15cbe7772f49c399c6a5babf22c1241717689176015, line 1: : 
JavaScript error: , line 0: AbortError: The operation was aborted. 
JavaScript error: , line 0: AbortError: The operation was aborted. 
JavaScript error: , line 0: TypeError: NetworkError when attempting to fetch resource.
JavaScript error: , line 0: TypeError: NetworkError when attempting to fetch resource.
JavaScript error: , line 0: TypeError: NetworkError when attempting to fetch resource.
JavaScript error: , line 0: TypeError: NetworkError when attempting to fetch resource.
JavaScript error: , line 0: TypeError: NetworkError when attempting to fetch resource.
JavaScript error: resource://services-settings/RemoteSettingsClient.sys.mjs, line 101: Error: Unknown callback
1755098184996	geckodriver	INFO	Listening on 127.0.0.1:65125
1755098188027	mozrunner::runner	INFO	Running command: "C:\\Program Files\\Mozilla Firefox\\firefox.exe" "--marionette" "--width=1350" "--height=1025" "--remote-de ... 6" "--remote-allow-hosts" "localhost" "-no-remote" "-profile" "C:\\Users\\brend\\AppData\\Local\\Temp\\rust_mozprofileDKF18L"
console.warn: services.settings: Ignoring preference override of remote settings server
console.warn: services.settings: Allow by setting MOZ_REMOTE_SETTINGS_DEVTOOLS=1 in the environment
Dynamically enable window occlusion 0
1755098189105	Marionette	INFO	Marionette enabled
console.error: "Warning: unrecognized command line flag" "-width"
console.error: "Warning: unrecognized command line flag" "-height"
1755098189259	Marionette	INFO	Listening on port 65133
WebDriver BiDi listening on ws://127.0.0.1:65126
Read port: 65133
1755098189413	RemoteAgent	WARN	TLS certificate errors will be ignored for this session
console.warn: RSLoader: Recipe train-hop-pilot-to-beta-start-and-stop not returned from collection nimbus-secure-experiments because it contains feature newtabTrainhopAddon, which is disallowed for that collection.
console.warn: RSLoader: Recipe train-hop-pilot-to-beta-start-and-wait-for-escape-hatch-signal not returned from collection nimbus-secure-experiments because it contains feature newtabTrainhopAddon, which is disallowed for that collection.
console.warn: RSLoader: Recipe train-hop-pilot-to-beta-start-and-wait-for-major-version-bump not returned from collection nimbus-secure-experiments because it contains feature newtabTrainhopAddon, which is disallowed for that collection.
1755098306150	Marionette	INFO	Stopped listening on port 65133
Dynamically enable window occlusion 1
console.error: "Failed to fetch https://ads.mozilla.org/v1/delete_user:" "NetworkError when attempting to fetch resource."
console.warn: TopSitesFeed: Failed to fetch data from MARS server: NetworkError when attempting to fetch resource.
JavaScript error: resource://services-settings/RemoteSettingsClient.sys.mjs, line 101: Error: Unknown callback
1755183700044	geckodriver	INFO	Listening on 127.0.0.1:50387
1755183703126	mozrunner::runner	INFO	Running command: "C:\\Program Files\\Mozilla Firefox\\firefox.exe" "--marionette" "--width=950" "--height=1025" "--remote-deb ... 8" "--remote-allow-hosts" "localhost" "-no-remote" "-profile" "C:\\Users\\brend\\AppData\\Local\\Temp\\rust_mozprofile7n9tGv"
console.warn: services.settings: Ignoring preference override of remote settings server
console.warn: services.settings: Allow by setting MOZ_REMOTE_SETTINGS_DEVTOOLS=1 in the environment
Dynamically enable window occlusion 0
1755183705145	Marionette	INFO	Marionette enabled
console.error: "Warning: unrecognized command line flag" "-width"
console.error: "Warning: unrecognized command line flag" "-height"
1755183705284	Marionette	INFO	Listening on port 50395
WebDriver BiDi listening on ws://127.0.0.1:50388
Read port: 50395
1755183705429	RemoteAgent	WARN	TLS certificate errors will be ignored for this session
console.warn: RSLoader: Recipe train-hop-pilot-to-beta-start-and-stop not returned from collection nimbus-secure-experiments because it contains feature newtabTrainhopAddon, which is disallowed for that collection.
console.warn: RSLoader: Recipe train-hop-pilot-to-beta-start-and-wait-for-escape-hatch-signal not returned from collection nimbus-secure-experiments because it contains feature newtabTrainhopAddon, which is disallowed for that collection.
console.warn: RSLoader: Recipe train-hop-pilot-to-beta-start-and-wait-for-major-version-bump not returned from collection nimbus-secure-experiments because it contains feature newtabTrainhopAddon, which is disallowed for that collection.
JavaScript warning: https://scripts.webcontentassessor.com/scripts/d432d2cc1ea079030ef54edcb8b458c211934a1174311c663c3909a0d1af4105, line 1: unreachable code after return statement
1755183709303	Marionette	WARN	Ignoring event 'DOMContentLoaded' because document has an invalid readyState of 'complete'.
1755183712264	Marionette	WARN	Ignoring event 'pageshow' because document has an invalid readyState of 'interactive'.
1755183712285	Marionette	WARN	Ignoring event 'pageshow' because document has an invalid readyState of 'loading'.
1755183712794	Marionette	WARN	Ignoring event 'pageshow' because document has an invalid readyState of 'interactive'.
1755183713007	Marionette	WARN	Ignoring event 'pageshow' because document has an invalid readyState of 'loading'.
1755183713678	Marionette	WARN	Ignoring event 'pageshow' because document has an invalid readyState of 'uninitialized'.
JavaScript warning: https://pagead2.googlesyndication.com/bg/qONcPSV0dD9uBtIhcvA3MpZ3c6n7CuA1EgDhITmDuF4.js, line 45: unreachable code after return statement
JavaScript warning: https://pagead2.googlesyndication.com/bg/qONcPSV0dD9uBtIhcvA3MpZ3c6n7CuA1EgDhITmDuF4.js, line 45: unreachable code after return statement
JavaScript warning: https://pagead2.googlesyndication.com/bg/qONcPSV0dD9uBtIhcvA3MpZ3c6n7CuA1EgDhITmDuF4.js, line 45: unreachable code after return statement
JavaScript warning: https://pagead2.googlesyndication.com/bg/qONcPSV0dD9uBtIhcvA3MpZ3c6n7CuA1EgDhITmDuF4.js, line 45: unreachable code after return statement
JavaScript warning: https://pagead2.googlesyndication.com/bg/qONcPSV0dD9uBtIhcvA3MpZ3c6n7CuA1EgDhITmDuF4.js, line 45: unreachable code after return statement
JavaScript warning: https://pagead2.googlesyndication.com/bg/qONcPSV0dD9uBtIhcvA3MpZ3c6n7CuA1EgDhITmDuF4.js, line 45: unreachable code after return statement
JavaScript warning: https://pagead2.googlesyndication.com/bg/qONcPSV0dD9uBtIhcvA3MpZ3c6n7CuA1EgDhITmDuF4.js line 2 > eval, line 45: unreachable code after return statement
JavaScript warning: https://pagead2.googlesyndication.com/bg/qONcPSV0dD9uBtIhcvA3MpZ3c6n7CuA1EgDhITmDuF4.js line 2 > eval, line 1: unreachable code after return statement
JavaScript warning: https://pagead2.googlesyndication.com/bg/qONcPSV0dD9uBtIhcvA3MpZ3c6n7CuA1EgDhITmDuF4.js line 2 > eval line 45 > eval, line 1: unreachable code after return statement
JavaScript warning: https://pagead2.googlesyndication.com/bg/qONcPSV0dD9uBtIhcvA3MpZ3c6n7CuA1EgDhITmDuF4.js line 2 > eval, line 45: unreachable code after return statement
JavaScript warning: https://pagead2.googlesyndication.com/bg/qONcPSV0dD9uBtIhcvA3MpZ3c6n7CuA1EgDhITmDuF4.js line 2 > eval, line 45: unreachable code after return statement
JavaScript warning: https://pagead2.googlesyndication.com/bg/qONcPSV0dD9uBtIhcvA3MpZ3c6n7CuA1EgDhITmDuF4.js line 2 > eval, line 45: unreachable code after return statement
JavaScript warning: https://pagead2.googlesyndication.com/bg/qONcPSV0dD9uBtIhcvA3MpZ3c6n7CuA1EgDhITmDuF4.js line 2 > eval line 45 > eval line 1 > eval, line 1: unreachable code after return statement
JavaScript warning: https://pagead2.googlesyndication.com/bg/qONcPSV0dD9uBtIhcvA3MpZ3c6n7CuA1EgDhITmDuF4.js line 2 > eval line 45 > eval line 1 > eval, line 1: unreachable code after return statement
JavaScript warning: https://pagead2.googlesyndication.com/bg/qONcPSV0dD9uBtIhcvA3MpZ3c6n7CuA1EgDhITmDuF4.js line 2 > eval line 45 > eval line 1 > eval line 1 > eval, line 1: unreachable code after return statement
JavaScript warning: https://pagead2.googlesyndication.com/bg/qONcPSV0dD9uBtIhcvA3MpZ3c6n7CuA1EgDhITmDuF4.js line 2 > eval line 45 > eval line 1 > eval line 1 > eval, line 1: unreachable code after return statement
1755183714350	Marionette	WARN	Ignoring event 'pageshow' because document has an invalid readyState of 'uninitialized'.
1755183720067	Marionette	WARN	Ignoring event 'pageshow' because document has an invalid readyState of 'uninitialized'.
1755183720642	Marionette	WARN	Ignoring event 'pageshow' because document has an invalid readyState of 'uninitialized'.
1755183725097	Marionette	WARN	Ignoring event 'pageshow' because document has an invalid readyState of 'uninitialized'.
1755183725103	Marionette	WARN	Ignoring event 'pageshow' because document has an invalid readyState of 'uninitialized'.
JavaScript warning: https://player.aniview.com/ssync/62f53b2c7850d0786f227f64/ssync.html?gdpr=0&gdpr_consent=&pid=62f53b2c7850d0786f227f64&r=https%3A%2F%2Fvisitor.us-east4.gcp.omnitagjs.com%2Fvisitor%2Fsync%3Fgdpr%3D0%26gdpr_consent%3D%26name%3DANIVIEW%26ttl%3D720%26uid%3De8ecb87ff2ef3a3b16ba16c51e7986ac%26visitor%3D%255BAV_UID%255D, line 82: unreachable code after return statement
1755183726978	Marionette	WARN	Ignoring event 'pageshow' because document has an invalid readyState of 'uninitialized'.
1755183727062	Marionette	WARN	Ignoring event 'pageshow' because document has an invalid readyState of 'uninitialized'.
JavaScript warning: https://player.aniview.com/ssync/62f53b2c7850d0786f227f64/ssync.html?gdpr=0&gdpr_consent=&pid=62f53b2c7850d0786f227f64&r=https%3A%2F%2Fvisitor.us-east4.gcp.omnitagjs.com%2Fvisitor%2Fsync%3Fgdpr%3D0%26gdpr_consent%3D%26name%3DANIVIEW%26ttl%3D720%26uid%3De8ecb87ff2ef3a3b16ba16c51e7986ac%26visitor%3D%255BAV_UID%255D, line 82: unreachable code after return statement
1755183740994	Marionette	INFO	Stopped listening on port 50395
Dynamically enable window occlusion 1
JavaScript warning: https://ajs-assets.ftstatic.com/ftUtils.js, line 1: Script terminated by timeout at:
impressionWatcher/<@https://ajs-assets.ftstatic.com/ftUtils.js:1:38281

console.error: "Failed to fetch https://ads.mozilla.org/v1/delete_user:" "NetworkError when attempting to fetch resource."
console.warn: TopSitesFeed: Failed to fetch data from MARS server: NetworkError when attempting to fetch resource.
JavaScript error: , line 0: TypeError: NetworkError when attempting to fetch resource.
JavaScript error: , line 0: TypeError: NetworkError when attempting to fetch resource.
JavaScript error: , line 0: TypeError: NetworkError when attempting to fetch resource.
JavaScript error: , line 0: TypeError: NetworkError when attempting to fetch resource.
JavaScript error: , line 0: TypeError: NetworkError when attempting to fetch resource.
JavaScript error: resource://services-settings/RemoteSettingsClient.sys.mjs, line 101: Error: Unknown callback
[GFX1-]: VideoBridgeParent receives IPC close with reason=AbnormalShutdown
1755183749660	geckodriver	INFO	Listening on 127.0.0.1:51060
1755183752678	mozrunner::runner	INFO	Running command: "C:\\Program Files\\Mozilla Firefox\\firefox.exe" "--marionette" "--width=1350" "--height=1025" "--remote-de ... 1" "--remote-allow-hosts" "localhost" "-no-remote" "-profile" "C:\\Users\\brend\\AppData\\Local\\Temp\\rust_mozprofilePhPqps"
console.warn: services.settings: Ignoring preference override of remote settings server
console.warn: services.settings: Allow by setting MOZ_REMOTE_SETTINGS_DEVTOOLS=1 in the environment
Dynamically enable window occlusion 0
1755183754431	Marionette	INFO	Marionette enabled
console.error: "Warning: unrecognized command line flag" "-width"
console.error: "Warning: unrecognized command line flag" "-height"
1755183754584	Marionette	INFO	Listening on port 51070
WebDriver BiDi listening on ws://127.0.0.1:51061
Read port: 51070
1755183754693	RemoteAgent	WARN	TLS certificate errors will be ignored for this session
console.warn: RSLoader: Recipe train-hop-pilot-to-beta-start-and-stop not returned from collection nimbus-secure-experiments because it contains feature newtabTrainhopAddon, which is disallowed for that collection.
console.warn: RSLoader: Recipe train-hop-pilot-to-beta-start-and-wait-for-escape-hatch-signal not returned from collection nimbus-secure-experiments because it contains feature newtabTrainhopAddon, which is disallowed for that collection.
console.warn: RSLoader: Recipe train-hop-pilot-to-beta-start-and-wait-for-major-version-bump not returned from collection nimbus-secure-experiments because it contains feature newtabTrainhopAddon, which is disallowed for that collection.
1755183810581	Marionette	INFO	Stopped listening on port 51070
Dynamically enable window occlusion 1
JavaScript warning: https://crazyninjaodds.com/ScriptResource.axd?d=NJmAwtEo3Ipnlaxl6CMhvpAd71mSnzuAUze8MAwh0NS-JoaA3QRk-C0pQ5NAOrkmRDutu_yU9PDJqiNkR6AjQUuIeQbcZBIIwKmKAVZqrELN9uDlxcylIa41MzdQ-24ZDTxEt0Hylljm1t_xxTtqcTRw3DZnAR6kgknLKTVYhNM1&t=2a9d95e3, line 5: Script terminated by timeout at:
Function.createDelegate/<@https://crazyninjaodds.com/ScriptResource.axd?d=NJmAwtEo3Ipnlaxl6CMhvpAd71mSnzuAUze8MAwh0NS-JoaA3QRk-C0pQ5NAOrkmRDutu_yU9PDJqiNkR6AjQUuIeQbcZBIIwKmKAVZqrELN9uDlxcylIa41MzdQ-24ZDTxEt0Hylljm1t_xxTtqcTRw3DZnAR6kgknLKTVYhNM1&t=2a9d95e3:5:295

console.error: "Failed to fetch https://ads.mozilla.org/v1/delete_user:" "NetworkError when attempting to fetch resource."
console.warn: TopSitesFeed: Failed to fetch data from MARS server: NetworkError when attempting to fetch resource.
JavaScript error: resource://services-settings/RemoteSettingsClient.sys.mjs, line 101: Error: Unknown callback
1755363233707	geckodriver	INFO	Listening on 127.0.0.1:55480
1755363236793	mozrunner::runner	INFO	Running command: "C:\\Program Files\\Mozilla Firefox\\firefox.exe" "--marionette" "--width=950" "--height=1025" "--remote-deb ... 1" "--remote-allow-hosts" "localhost" "-no-remote" "-profile" "C:\\Users\\brend\\AppData\\Local\\Temp\\rust_mozprofile0bSKDy"
console.warn: services.settings: Ignoring preference override of remote settings server
console.warn: services.settings: Allow by setting MOZ_REMOTE_SETTINGS_DEVTOOLS=1 in the environment
Dynamically enable window occlusion 0
1755363238146	Marionette	INFO	Marionette enabled
console.error: "Warning: unrecognized command line flag" "-width"
console.error: "Warning: unrecognized command line flag" "-height"
1755363238327	Marionette	INFO	Listening on port 55489
WebDriver BiDi listening on ws://127.0.0.1:55481
Read port: 55489
1755363238475	RemoteAgent	WARN	TLS certificate errors will be ignored for this session
console.warn: RSLoader: Recipe train-hop-pilot-to-beta-start-and-wait-for-escape-hatch-signal not returned from collection nimbus-secure-experiments because it contains feature newtabTrainhopAddon, which is disallowed for that collection.
console.warn: RSLoader: Recipe train-hop-pilot-to-beta-start-and-wait-for-major-version-bump not returned from collection nimbus-secure-experiments because it contains feature newtabTrainhopAddon, which is disallowed for that collection.
JavaScript warning: https://scripts.webcontentassessor.com/scripts/d432d2cc1ea079030ef54edcb8b458c211934a1174311c663c3909a0d1af4105, line 1: unreachable code after return statement
1755363242567	Marionette	WARN	Ignoring event 'DOMContentLoaded' because document has an invalid readyState of 'complete'.
1755363245073	Marionette	WARN	Ignoring event 'pageshow' because document has an invalid readyState of 'interactive'.
1755363245141	Marionette	WARN	Ignoring event 'pageshow' because document has an invalid readyState of 'loading'.
1755363245554	Marionette	WARN	Ignoring event 'pageshow' because document has an invalid readyState of 'interactive'.
1755363245642	Marionette	WARN	Ignoring event 'pageshow' because document has an invalid readyState of 'loading'.
1755363249032	Marionette	WARN	Ignoring event 'pageshow' because document has an invalid readyState of 'uninitialized'.
1755363249689	Marionette	WARN	Ignoring event 'pageshow' because document has an invalid readyState of 'uninitialized'.
1755363250042	Marionette	WARN	Ignoring event 'pageshow' because document has an invalid readyState of 'uninitialized'.
JavaScript warning: https://player.aniview.com/ssync/62f53b2c7850d0786f227f64/ssync.html?gdpr=0&gdpr_consent=&pid=62f53b2c7850d0786f227f64&r=https%3A%2F%2Fvisitor.us-east4.gcp.omnitagjs.com%2Fvisitor%2Fsync%3Fgdpr%3D0%26gdpr_consent%3D%26name%3DANIVIEW%26ttl%3D720%26uid%3De8ecb87ff2ef3a3b16ba16c51e7986ac%26visitor%3D%255BAV_UID%255D, line 82: unreachable code after return statement
JavaScript warning: https://player.aniview.com/ssync/62f53b2c7850d0786f227f64/ssync.html?gdpr=0&gdpr_consent=&pid=62f53b2c7850d0786f227f64&r=https%3A%2F%2Fvisitor.us-east4.gcp.omnitagjs.com%2Fvisitor%2Fsync%3Fgdpr%3D0%26gdpr_consent%3D%26name%3DANIVIEW%26ttl%3D720%26uid%3De8ecb87ff2ef3a3b16ba16c51e7986ac%26visitor%3D%255BAV_UID%255D, line 82: unreachable code after return statement
1755363251974	Marionette	WARN	Ignoring event 'pageshow' because document has an invalid readyState of 'uninitialized'.
1755363252040	Marionette	WARN	Ignoring event 'pageshow' because document has an invalid readyState of 'uninitialized'.
1755363252291	Marionette	WARN	Ignoring event 'pageshow' because document has an invalid readyState of 'uninitialized'.
1755363254025	Marionette	WARN	Ignoring event 'pageshow' because document has an invalid readyState of 'uninitialized'.
1755363255323	Marionette	WARN	Ignoring event 'pageshow' because document has an invalid readyState of 'uninitialized'.
1755363267541	Marionette	INFO	Stopped listening on port 55489
Dynamically enable window occlusion 1
JavaScript warning: https://www.rotowire.com/frontend/assets/js/rotowire.min.js?v=219, line 66: Script terminated by timeout at:
e@https://www.rotowire.com/frontend/assets/js/rotowire.min.js?v=219:66:1871

console.error: "Failed to fetch https://ads.mozilla.org/v1/delete_user:" "NetworkError when attempting to fetch resource."
console.warn: TopSitesFeed: Failed to fetch data from MARS server: NetworkError when attempting to fetch resource.
JavaScript error: , line 0: TypeError: NetworkError when attempting to fetch resource.
JavaScript error: , line 0: TypeError: NetworkError when attempting to fetch resource.
JavaScript error: , line 0: TypeError: NetworkError when attempting to fetch resource.
JavaScript error: , line 0: TypeError: NetworkError when attempting to fetch resource.
JavaScript error: , line 0: TypeError: NetworkError when attempting to fetch resource.
JavaScript error: resource://gre/modules/UpdateService.sys.mjs, line 5453: 
1755363268816	addons.xpi	ERROR	System addon update list error [Exception... "<no message>"  nsresult: "0x8046001e (<unknown>)"  location: "JS frame :: resource://gre/modules/ServiceRequest.sys.mjs :: open :: line 126"  data: no]
console.error: (new Error("Polling for changes failed: .", "resource://services-settings/remote-settings.sys.mjs", 434))
console.error: Region.sys.mjs: "Error fetching region" (new TypeError("NetworkError when attempting to fetch resource.", ""))
console.error: Region.sys.mjs: "Failed to fetch region" (new Error("NO_RESULT", "resource://gre/modules/Region.sys.mjs", 396))
JavaScript error: resource://services-settings/RemoteSettingsClient.sys.mjs, line 101: Error: Unknown callback
1755363278412	geckodriver	INFO	Listening on 127.0.0.1:50776
1755363281439	mozrunner::runner	INFO	Running command: "C:\\Program Files\\Mozilla Firefox\\firefox.exe" "--marionette" "--width=1350" "--height=1025" "--remote-de ... 7" "--remote-allow-hosts" "localhost" "-no-remote" "-profile" "C:\\Users\\brend\\AppData\\Local\\Temp\\rust_mozprofileNiYC9Z"
console.warn: services.settings: Ignoring preference override of remote settings server
console.warn: services.settings: Allow by setting MOZ_REMOTE_SETTINGS_DEVTOOLS=1 in the environment
Dynamically enable window occlusion 0
1755363282580	Marionette	INFO	Marionette enabled
console.error: "Warning: unrecognized command line flag" "-width"
console.error: "Warning: unrecognized command line flag" "-height"
1755363282741	Marionette	INFO	Listening on port 50786
WebDriver BiDi listening on ws://127.0.0.1:50777
Read port: 50786
1755363282845	RemoteAgent	WARN	TLS certificate errors will be ignored for this session
console.warn: RSLoader: Recipe train-hop-pilot-to-beta-start-and-wait-for-escape-hatch-signal not returned from collection nimbus-secure-experiments because it contains feature newtabTrainhopAddon, which is disallowed for that collection.
console.warn: RSLoader: Recipe train-hop-pilot-to-beta-start-and-wait-for-major-version-bump not returned from collection nimbus-secure-experiments because it contains feature newtabTrainhopAddon, which is disallowed for that collection.
1755363395788	Marionette	INFO	Stopped listening on port 50786
Dynamically enable window occlusion 1
console.error: "Failed to fetch https://ads.mozilla.org/v1/delete_user:" "NetworkError when attempting to fetch resource."
console.warn: TopSitesFeed: Failed to fetch data from MARS server: NetworkError when attempting to fetch resource.
JavaScript error: resource://services-settings/RemoteSettingsClient.sys.mjs, line 101: Error: Unknown callback
1755450537681	geckodriver	INFO	Listening on 127.0.0.1:52172
1755450540745	mozrunner::runner	INFO	Running command: "C:\\Program Files\\Mozilla Firefox\\firefox.exe" "--marionette" "--width=950" "--height=1025" "--remote-deb ... 3" "--remote-allow-hosts" "localhost" "-no-remote" "-profile" "C:\\Users\\brend\\AppData\\Local\\Temp\\rust_mozprofileYqLpez"
console.warn: services.settings: Ignoring preference override of remote settings server
console.warn: services.settings: Allow by setting MOZ_REMOTE_SETTINGS_DEVTOOLS=1 in the environment
Dynamically enable window occlusion 0
1755450542770	Marionette	INFO	Marionette enabled
console.error: "Warning: unrecognized command line flag" "-width"
console.error: "Warning: unrecognized command line flag" "-height"
1755450542964	Marionette	INFO	Listening on port 52181
WebDriver BiDi listening on ws://127.0.0.1:52173
Read port: 52181
1755450543161	RemoteAgent	WARN	TLS certificate errors will be ignored for this session
console.warn: RSLoader: Recipe train-hop-pilot-to-beta-start-and-wait-for-escape-hatch-signal not returned from collection nimbus-secure-experiments because it contains feature newtabTrainhopAddon, which is disallowed for that collection.
console.warn: RSLoader: Recipe train-hop-pilot-to-beta-start-and-wait-for-major-version-bump not returned from collection nimbus-secure-experiments because it contains feature newtabTrainhopAddon, which is disallowed for that collection.
JavaScript warning: https://scripts.webcontentassessor.com/scripts/d432d2cc1ea079030ef54edcb8b458c211934a1174311c663c3909a0d1af4105, line 1: unreachable code after return statement
1755450548088	Marionette	WARN	Ignoring event 'DOMContentLoaded' because document has an invalid readyState of 'complete'.
1755450551142	Marionette	WARN	Ignoring event 'pageshow' because document has an invalid readyState of 'interactive'.
1755450551568	Marionette	WARN	Ignoring event 'pageshow' because document has an invalid readyState of 'interactive'.
1755450551645	Marionette	WARN	Ignoring event 'pageshow' because document has an invalid readyState of 'interactive'.
1755450551849	Marionette	WARN	Ignoring event 'pageshow' because document has an invalid readyState of 'loading'.
1755450551918	Marionette	WARN	Ignoring event 'pageshow' because document has an invalid readyState of 'loading'.
1755450552531	Marionette	WARN	Ignoring event 'pageshow' because document has an invalid readyState of 'uninitialized'.
1755450553040	Marionette	WARN	Ignoring event 'pageshow' because document has an invalid readyState of 'uninitialized'.
1755450556497	Marionette	WARN	Ignoring event 'pageshow' because document has an invalid readyState of 'uninitialized'.
JavaScript warning: https://pagead2.googlesyndication.com/bg/qONcPSV0dD9uBtIhcvA3MpZ3c6n7CuA1EgDhITmDuF4.js, line 5058: unreachable code after return statement
JavaScript warning: https://pagead2.googlesyndication.com/bg/qONcPSV0dD9uBtIhcvA3MpZ3c6n7CuA1EgDhITmDuF4.js, line 5058: unreachable code after return statement
JavaScript warning: https://pagead2.googlesyndication.com/bg/qONcPSV0dD9uBtIhcvA3MpZ3c6n7CuA1EgDhITmDuF4.js, line 5058: unreachable code after return statement
JavaScript warning: https://pagead2.googlesyndication.com/bg/qONcPSV0dD9uBtIhcvA3MpZ3c6n7CuA1EgDhITmDuF4.js, line 5058: unreachable code after return statement
JavaScript warning: https://pagead2.googlesyndication.com/bg/qONcPSV0dD9uBtIhcvA3MpZ3c6n7CuA1EgDhITmDuF4.js, line 5058: unreachable code after return statement
JavaScript warning: https://pagead2.googlesyndication.com/bg/qONcPSV0dD9uBtIhcvA3MpZ3c6n7CuA1EgDhITmDuF4.js, line 5058: unreachable code after return statement
JavaScript warning: https://pagead2.googlesyndication.com/bg/qONcPSV0dD9uBtIhcvA3MpZ3c6n7CuA1EgDhITmDuF4.js line 2 > eval, line 5058: unreachable code after return statement
JavaScript warning: https://pagead2.googlesyndication.com/bg/qONcPSV0dD9uBtIhcvA3MpZ3c6n7CuA1EgDhITmDuF4.js line 2 > eval, line 1: unreachable code after return statement
JavaScript warning: https://pagead2.googlesyndication.com/bg/qONcPSV0dD9uBtIhcvA3MpZ3c6n7CuA1EgDhITmDuF4.js line 2 > eval line 5058 > eval, line 1: unreachable code after return statement
JavaScript warning: https://pagead2.googlesyndication.com/bg/qONcPSV0dD9uBtIhcvA3MpZ3c6n7CuA1EgDhITmDuF4.js line 2 > eval, line 5058: unreachable code after return statement
JavaScript warning: https://pagead2.googlesyndication.com/bg/qONcPSV0dD9uBtIhcvA3MpZ3c6n7CuA1EgDhITmDuF4.js line 2 > eval, line 5058: unreachable code after return statement
JavaScript warning: https://pagead2.googlesyndication.com/bg/qONcPSV0dD9uBtIhcvA3MpZ3c6n7CuA1EgDhITmDuF4.js line 2 > eval, line 5058: unreachable code after return statement
JavaScript warning: https://pagead2.googlesyndication.com/bg/qONcPSV0dD9uBtIhcvA3MpZ3c6n7CuA1EgDhITmDuF4.js line 2 > eval line 5058 > eval line 1 > eval, line 1: unreachable code after return statement
JavaScript warning: https://pagead2.googlesyndication.com/bg/qONcPSV0dD9uBtIhcvA3MpZ3c6n7CuA1EgDhITmDuF4.js line 2 > eval line 5058 > eval line 1 > eval, line 1: unreachable code after return statement
JavaScript warning: https://pagead2.googlesyndication.com/bg/qONcPSV0dD9uBtIhcvA3MpZ3c6n7CuA1EgDhITmDuF4.js line 2 > eval line 5058 > eval line 1 > eval line 1 > eval, line 1: unreachable code after return statement
JavaScript warning: https://pagead2.googlesyndication.com/bg/qONcPSV0dD9uBtIhcvA3MpZ3c6n7CuA1EgDhITmDuF4.js line 2 > eval line 5058 > eval line 1 > eval line 1 > eval, line 1: unreachable code after return statement
1755450560255	Marionette	WARN	Ignoring event 'pageshow' because document has an invalid readyState of 'uninitialized'.
1755450561199	Marionette	WARN	Ignoring event 'pageshow' because document has an invalid readyState of 'uninitialized'.
JavaScript warning: https://player.aniview.com/ssync/62f53b2c7850d0786f227f64/ssync.html?gdpr=0&gdpr_consent=&pid=62f53b2c7850d0786f227f64&r=https%3A%2F%2Fvisitor.us-east4.gcp.omnitagjs.com%2Fvisitor%2Fsync%3Fgdpr%3D0%26gdpr_consent%3D%26name%3DANIVIEW%26ttl%3D720%26uid%3De8ecb87ff2ef3a3b16ba16c51e7986ac%26visitor%3D%255BAV_UID%255D, line 82: unreachable code after return statement
1755450565853	Marionette	WARN	Ignoring event 'pageshow' because document has an invalid readyState of 'uninitialized'.
1755450566263	Marionette	WARN	Ignoring event 'pageshow' because document has an invalid readyState of 'uninitialized'.
1755450566378	Marionette	WARN	Ignoring event 'pageshow' because document has an invalid readyState of 'uninitialized'.
1755450568204	Marionette	WARN	Ignoring event 'pageshow' because document has an invalid readyState of 'uninitialized'.
JavaScript warning: https://player.aniview.com/ssync/62f53b2c7850d0786f227f64/ssync.html?gdpr=0&gdpr_consent=&pid=62f53b2c7850d0786f227f64&r=https%3A%2F%2Fvisitor.us-east4.gcp.omnitagjs.com%2Fvisitor%2Fsync%3Fgdpr%3D0%26gdpr_consent%3D%26name%3DANIVIEW%26ttl%3D720%26uid%3De8ecb87ff2ef3a3b16ba16c51e7986ac%26visitor%3D%255BAV_UID%255D, line 82: unreachable code after return statement
1755450571137	Marionette	WARN	Ignoring event 'pageshow' because document has an invalid readyState of 'uninitialized'.
1755450587253	Marionette	WARN	Ignoring event 'pageshow' because document has an invalid readyState of 'interactive'.
1755450587474	Marionette	WARN	Ignoring event 'pageshow' because document has an invalid readyState of 'interactive'.
1755450587576	Marionette	WARN	Ignoring event 'pageshow' because document has an invalid readyState of 'loading'.
1755450587649	Marionette	WARN	Ignoring event 'pageshow' because document has an invalid readyState of 'loading'.
1755450600897	Marionette	INFO	Stopped listening on port 52181
Dynamically enable window occlusion 1
JavaScript warning: https://ajs-assets.ftstatic.com/ftUtils.js, line 1: Script terminated by timeout at:
impressionWatcher/<@https://ajs-assets.ftstatic.com/ftUtils.js:1:38281

console.error: "Failed to fetch https://ads.mozilla.org/v1/delete_user:" "NetworkError when attempting to fetch resource."
console.warn: TopSitesFeed: Failed to fetch data from MARS server: NetworkError when attempting to fetch resource.
JavaScript error: , line 0: TypeError: NetworkError when attempting to fetch resource.
JavaScript error: , line 0: TypeError: NetworkError when attempting to fetch resource.
JavaScript error: , line 0: TypeError: NetworkError when attempting to fetch resource.
JavaScript error: , line 0: TypeError: NetworkError when attempting to fetch resource.
JavaScript error: , line 0: TypeError: NetworkError when attempting to fetch resource.
JavaScript error: , line 0: AbortError: The operation was aborted. 
JavaScript error: , line 0: AbortError: The operation was aborted. 
*** UTM:SVC TimerManager:registerTimer called after profile-before-change notification. Ignoring timer registration for id: telemetry_untrustedmodules_ping
JavaScript error: resource://services-settings/RemoteSettingsClient.sys.mjs, line 101: Error: Unknown callback
[GFX1-]: VideoBridgeParent receives IPC close with reason=AbnormalShutdown
1755450616506	geckodriver	INFO	Listening on 127.0.0.1:56280
1755450619542	mozrunner::runner	INFO	Running command: "C:\\Program Files\\Mozilla Firefox\\firefox.exe" "--marionette" "--width=1350" "--height=1025" "--remote-de ... 1" "--remote-allow-hosts" "localhost" "-no-remote" "-profile" "C:\\Users\\brend\\AppData\\Local\\Temp\\rust_mozprofilezlklz0"
console.warn: services.settings: Ignoring preference override of remote settings server
console.warn: services.settings: Allow by setting MOZ_REMOTE_SETTINGS_DEVTOOLS=1 in the environment
Dynamically enable window occlusion 0
1755450620549	Marionette	INFO	Marionette enabled
console.error: "Warning: unrecognized command line flag" "-width"
console.error: "Warning: unrecognized command line flag" "-height"
1755450620727	Marionette	INFO	Listening on port 56291
WebDriver BiDi listening on ws://127.0.0.1:56281
Read port: 56291
1755450620889	RemoteAgent	WARN	TLS certificate errors will be ignored for this session
console.warn: RSLoader: Recipe train-hop-pilot-to-beta-start-and-wait-for-escape-hatch-signal not returned from collection nimbus-secure-experiments because it contains feature newtabTrainhopAddon, which is disallowed for that collection.
console.warn: RSLoader: Recipe train-hop-pilot-to-beta-start-and-wait-for-major-version-bump not returned from collection nimbus-secure-experiments because it contains feature newtabTrainhopAddon, which is disallowed for that collection.
1755453486534	Marionette	INFO	Stopped listening on port 56291
Dynamically enable window occlusion 1
console.error: "Failed to fetch https://ads.mozilla.org/v1/delete_user:" "NetworkError when attempting to fetch resource."
console.warn: TopSitesFeed: Failed to fetch data from MARS server: NetworkError when attempting to fetch resource.
JavaScript error: resource://services-settings/RemoteSettingsClient.sys.mjs, line 101: Error: Unknown callback
1755632424521	geckodriver	INFO	Listening on 127.0.0.1:54639
1755632427648	mozrunner::runner	INFO	Running command: "C:\\Program Files\\Mozilla Firefox\\firefox.exe" "--marionette" "--width=950" "--height=1025" "--remote-deb ... 0" "--remote-allow-hosts" "localhost" "-no-remote" "-profile" "C:\\Users\\brend\\AppData\\Local\\Temp\\rust_mozprofileNKrIpU"
1755632569427	geckodriver	INFO	Listening on 127.0.0.1:54677
1755632572476	mozrunner::runner	INFO	Running command: "C:\\Program Files\\Mozilla Firefox\\firefox.exe" "--marionette" "--width=950" "--height=1025" "--remote-deb ... 8" "--remote-allow-hosts" "localhost" "-no-remote" "-profile" "C:\\Users\\brend\\AppData\\Local\\Temp\\rust_mozprofilevziira"
console.warn: services.settings: Ignoring preference override of remote settings server
console.warn: services.settings: Allow by setting MOZ_REMOTE_SETTINGS_DEVTOOLS=1 in the environment
Dynamically enable window occlusion 0
1755632573607	Marionette	INFO	Marionette enabled
console.error: "Warning: unrecognized command line flag" "-width"
console.error: "Warning: unrecognized command line flag" "-height"
1755632573691	Marionette	INFO	Listening on port 54689
WebDriver BiDi listening on ws://127.0.0.1:54678
Read port: 54689
1755632573877	RemoteAgent	WARN	TLS certificate errors will be ignored for this session
JavaScript warning: https://scripts.webcontentassessor.com/scripts/d432d2cc1ea079030ef54edcb8b458c211934a1174311c663c3909a0d1af4105, line 1: unreachable code after return statement
1755632579772	Marionette	WARN	Ignoring event 'DOMContentLoaded' because document has an invalid readyState of 'complete'.
1755632588555	Marionette	WARN	Ignoring event 'pageshow' because document has an invalid readyState of 'uninitialized'.
1755632588702	Marionette	WARN	Ignoring event 'pageshow' because document has an invalid readyState of 'uninitialized'.
JavaScript warning: https://pagead2.googlesyndication.com/bg/qONcPSV0dD9uBtIhcvA3MpZ3c6n7CuA1EgDhITmDuF4.js, line 6192: unreachable code after return statement
JavaScript warning: https://pagead2.googlesyndication.com/bg/qONcPSV0dD9uBtIhcvA3MpZ3c6n7CuA1EgDhITmDuF4.js, line 6192: unreachable code after return statement
JavaScript warning: https://pagead2.googlesyndication.com/bg/qONcPSV0dD9uBtIhcvA3MpZ3c6n7CuA1EgDhITmDuF4.js, line 6192: unreachable code after return statement
JavaScript warning: https://pagead2.googlesyndication.com/bg/qONcPSV0dD9uBtIhcvA3MpZ3c6n7CuA1EgDhITmDuF4.js, line 6192: unreachable code after return statement
JavaScript warning: https://pagead2.googlesyndication.com/bg/qONcPSV0dD9uBtIhcvA3MpZ3c6n7CuA1EgDhITmDuF4.js, line 6192: unreachable code after return statement
JavaScript warning: https://pagead2.googlesyndication.com/bg/qONcPSV0dD9uBtIhcvA3MpZ3c6n7CuA1EgDhITmDuF4.js, line 6192: unreachable code after return statement
JavaScript warning: https://pagead2.googlesyndication.com/bg/qONcPSV0dD9uBtIhcvA3MpZ3c6n7CuA1EgDhITmDuF4.js line 2 > eval, line 6192: unreachable code after return statement
JavaScript warning: https://pagead2.googlesyndication.com/bg/qONcPSV0dD9uBtIhcvA3MpZ3c6n7CuA1EgDhITmDuF4.js line 2 > eval, line 1: unreachable code after return statement
JavaScript warning: https://pagead2.googlesyndication.com/bg/qONcPSV0dD9uBtIhcvA3MpZ3c6n7CuA1EgDhITmDuF4.js line 2 > eval line 6192 > eval, line 1: unreachable code after return statement
JavaScript warning: https://pagead2.googlesyndication.com/bg/qONcPSV0dD9uBtIhcvA3MpZ3c6n7CuA1EgDhITmDuF4.js line 2 > eval, line 6192: unreachable code after return statement
JavaScript warning: https://pagead2.googlesyndication.com/bg/qONcPSV0dD9uBtIhcvA3MpZ3c6n7CuA1EgDhITmDuF4.js line 2 > eval, line 6192: unreachable code after return statement
JavaScript warning: https://pagead2.googlesyndication.com/bg/qONcPSV0dD9uBtIhcvA3MpZ3c6n7CuA1EgDhITmDuF4.js line 2 > eval, line 6192: unreachable code after return statement
JavaScript warning: https://pagead2.googlesyndication.com/bg/qONcPSV0dD9uBtIhcvA3MpZ3c6n7CuA1EgDhITmDuF4.js line 2 > eval line 6192 > eval line 1 > eval, line 1: unreachable code after return statement
JavaScript warning: https://pagead2.googlesyndication.com/bg/qONcPSV0dD9uBtIhcvA3MpZ3c6n7CuA1EgDhITmDuF4.js line 2 > eval line 6192 > eval line 1 > eval, line 1: unreachable code after return statement
JavaScript warning: https://pagead2.googlesyndication.com/bg/qONcPSV0dD9uBtIhcvA3MpZ3c6n7CuA1EgDhITmDuF4.js line 2 > eval line 6192 > eval line 1 > eval line 1 > eval, line 1: unreachable code after return statement
JavaScript warning: https://pagead2.googlesyndication.com/bg/qONcPSV0dD9uBtIhcvA3MpZ3c6n7CuA1EgDhITmDuF4.js line 2 > eval line 6192 > eval line 1 > eval line 1 > eval, line 1: unreachable code after return statement
1755632591528	Marionette	WARN	Ignoring event 'pageshow' because document has an invalid readyState of 'uninitialized'.
JavaScript warning: https://player.aniview.com/ssync/62f53b2c7850d0786f227f64/ssync.html?gdpr=0&gdpr_consent=&pid=62f53b2c7850d0786f227f64&r=https%3A%2F%2Fvisitor.us-east4.gcp.omnitagjs.com%2Fvisitor%2Fsync%3Fgdpr%3D0%26gdpr_consent%3D%26name%3DANIVIEW%26ttl%3D720%26uid%3De8ecb87ff2ef3a3b16ba16c51e7986ac%26visitor%3D%255BAV_UID%255D, line 82: unreachable code after return statement
1755632592509	Marionette	WARN	Ignoring event 'pageshow' because document has an invalid readyState of 'uninitialized'.
1755632600187	Marionette	WARN	Ignoring event 'pageshow' because document has an invalid readyState of 'uninitialized'.
1755632609012	Marionette	WARN	Ignoring event 'pageshow' because document has an invalid readyState of 'uninitialized'.
1755632609021	Marionette	WARN	Ignoring event 'pageshow' because document has an invalid readyState of 'uninitialized'.
1755632609214	Marionette	WARN	Ignoring event 'pageshow' because document has an invalid readyState of 'uninitialized'.
1755632615023	Marionette	WARN	Ignoring event 'pageshow' because document has an invalid readyState of 'uninitialized'.
1755632615082	Marionette	WARN	Ignoring event 'pageshow' because document has an invalid readyState of 'uninitialized'.
1755632615146	Marionette	WARN	Ignoring event 'pageshow' because document has an invalid readyState of 'uninitialized'.
1755632625323	Marionette	INFO	Stopped listening on port 54689
Dynamically enable window occlusion 1
console.error: "Failed to fetch https://ads.mozilla.org/v1/delete_user:" "NetworkError when attempting to fetch resource."
console.warn: TopSitesFeed: Failed to fetch data from MARS server: NetworkError when attempting to fetch resource.
JavaScript error: , line 0: TypeError: NetworkError when attempting to fetch resource.
JavaScript error: , line 0: TypeError: NetworkError when attempting to fetch resource.
JavaScript error: , line 0: TypeError: NetworkError when attempting to fetch resource.
JavaScript error: , line 0: TypeError: NetworkError when attempting to fetch resource.
JavaScript error: , line 0: TypeError: NetworkError when attempting to fetch resource.
JavaScript error: resource://services-settings/RemoteSettingsClient.sys.mjs, line 102: Error: Unknown callback
[GFX1-]: VideoBridgeParent receives IPC close with reason=AbnormalShutdown
1755632786403	geckodriver	INFO	Listening on 127.0.0.1:60908
1755632789441	mozrunner::runner	INFO	Running command: "C:\\Program Files\\Mozilla Firefox\\firefox.exe" "--marionette" "--width=1350" "--height=1025" "--remote-de ... 9" "--remote-allow-hosts" "localhost" "-no-remote" "-profile" "C:\\Users\\brend\\AppData\\Local\\Temp\\rust_mozprofileRlUWQM"
console.warn: services.settings: Ignoring preference override of remote settings server
console.warn: services.settings: Allow by setting MOZ_REMOTE_SETTINGS_DEVTOOLS=1 in the environment
Dynamically enable window occlusion 0
1755632790697	Marionette	INFO	Marionette enabled
console.error: "Warning: unrecognized command line flag" "-width"
console.error: "Warning: unrecognized command line flag" "-height"
1755632790780	Marionette	INFO	Listening on port 60917
WebDriver BiDi listening on ws://127.0.0.1:60909
Read port: 60917
1755632790919	RemoteAgent	WARN	TLS certificate errors will be ignored for this session
JavaScript error: resource:///modules/UrlbarInput.sys.mjs, line 4417: TypeError: event.target.closest is not a function
1755633086704	Marionette	INFO	Stopped listening on port 60917
Dynamically enable window occlusion 1
console.error: "Failed to fetch https://ads.mozilla.org/v1/delete_user:" "NetworkError when attempting to fetch resource."
console.warn: TopSitesFeed: Failed to fetch data from MARS server: NetworkError when attempting to fetch resource.
JavaScript error: resource://services-settings/RemoteSettingsClient.sys.mjs, line 102: Error: Unknown callback
1755700135470	geckodriver	INFO	Listening on 127.0.0.1:53840
1755700138545	mozrunner::runner	INFO	Running command: "C:\\Program Files\\Mozilla Firefox\\firefox.exe" "--marionette" "--width=950" "--height=1025" "--remote-deb ... 1" "--remote-allow-hosts" "localhost" "-no-remote" "-profile" "C:\\Users\\brend\\AppData\\Local\\Temp\\rust_mozprofileqDdePo"
console.warn: services.settings: Ignoring preference override of remote settings server
console.warn: services.settings: Allow by setting MOZ_REMOTE_SETTINGS_DEVTOOLS=1 in the environment
Dynamically enable window occlusion 0
1755700139843	Marionette	INFO	Marionette enabled
console.error: "Warning: unrecognized command line flag" "-width"
console.error: "Warning: unrecognized command line flag" "-height"
1755700139942	Marionette	INFO	Listening on port 53849
WebDriver BiDi listening on ws://127.0.0.1:53841
Read port: 53849
1755700140068	RemoteAgent	WARN	TLS certificate errors will be ignored for this session
JavaScript error: https://bet.rotowire.com/js/app.js, line 1: ReferenceError: ktag is not defined
JavaScript warning: https://scripts.webcontentassessor.com/scripts/d432d2cc1ea079030ef54edcb8b458c211934a1174311c663c3909a0d1af4105, line 1: unreachable code after return statement
1755700155830	Marionette	WARN	Ignoring event 'pageshow' because document has an invalid readyState of 'uninitialized'.
1755700155838	Marionette	WARN	Ignoring event 'pageshow' because document has an invalid readyState of 'uninitialized'.
1755700155906	Marionette	WARN	Ignoring event 'pageshow' because document has an invalid readyState of 'uninitialized'.
1755700155914	Marionette	WARN	Ignoring event 'pageshow' because document has an invalid readyState of 'uninitialized'.
1755700155944	Marionette	WARN	Ignoring event 'pageshow' because document has an invalid readyState of 'uninitialized'.
1755700155993	Marionette	WARN	Ignoring event 'pageshow' because document has an invalid readyState of 'uninitialized'.
1755700156023	Marionette	WARN	Ignoring event 'pageshow' because document has an invalid readyState of 'uninitialized'.
1755700156182	Marionette	WARN	Ignoring event 'pageshow' because document has an invalid readyState of 'uninitialized'.
1755700156485	Marionette	WARN	Ignoring event 'pageshow' because document has an invalid readyState of 'uninitialized'.
1755700156546	Marionette	WARN	Ignoring event 'pageshow' because document has an invalid readyState of 'uninitialized'.
1755700156582	Marionette	WARN	Ignoring event 'pageshow' because document has an invalid readyState of 'uninitialized'.
1755700156585	Marionette	WARN	Ignoring event 'pageshow' because document has an invalid readyState of 'uninitialized'.
1755700156637	Marionette	WARN	Ignoring event 'pageshow' because document has an invalid readyState of 'uninitialized'.
1755700156642	Marionette	WARN	Ignoring event 'pageshow' because document has an invalid readyState of 'uninitialized'.
1755700156753	Marionette	WARN	Ignoring event 'pageshow' because document has an invalid readyState of 'uninitialized'.
1755700156760	Marionette	WARN	Ignoring event 'pageshow' because document has an invalid readyState of 'uninitialized'.
1755700156791	Marionette	WARN	Ignoring event 'pageshow' because document has an invalid readyState of 'uninitialized'.
1755700156806	Marionette	WARN	Ignoring event 'pageshow' because document has an invalid readyState of 'uninitialized'.
1755700157282	Marionette	WARN	Ignoring event 'pageshow' because document has an invalid readyState of 'uninitialized'.
1755700157310	Marionette	WARN	Ignoring event 'pageshow' because document has an invalid readyState of 'uninitialized'.
1755700157335	Marionette	WARN	Ignoring event 'pageshow' because document has an invalid readyState of 'uninitialized'.
1755700157859	Marionette	WARN	Ignoring event 'pageshow' because document has an invalid readyState of 'uninitialized'.
1755700157888	Marionette	WARN	Ignoring event 'pageshow' because document has an invalid readyState of 'uninitialized'.
1755700157913	Marionette	WARN	Ignoring event 'pageshow' because document has an invalid readyState of 'uninitialized'.
1755700158008	Marionette	WARN	Ignoring event 'pageshow' because document has an invalid readyState of 'uninitialized'.
1755700158104	Marionette	WARN	Ignoring event 'pageshow' because document has an invalid readyState of 'uninitialized'.
1755700158180	Marionette	WARN	Ignoring event 'pageshow' because document has an invalid readyState of 'uninitialized'.
1755700158212	Marionette	WARN	Ignoring event 'pageshow' because document has an invalid readyState of 'uninitialized'.
1755700158937	Marionette	WARN	Ignoring event 'pageshow' because document has an invalid readyState of 'uninitialized'.
1755700160260	Marionette	WARN	Ignoring event 'pageshow' because document has an invalid readyState of 'uninitialized'.
1755700160831	Marionette	WARN	Ignoring event 'pageshow' because document has an invalid readyState of 'uninitialized'.
1755700160840	Marionette	WARN	Ignoring event 'pageshow' because document has an invalid readyState of 'uninitialized'.
1755700162463	Marionette	WARN	Ignoring event 'pageshow' because document has an invalid readyState of 'uninitialized'.
1755700162599	Marionette	WARN	Ignoring event 'pageshow' because document has an invalid readyState of 'uninitialized'.
1755700162634	Marionette	WARN	Ignoring event 'pageshow' because document has an invalid readyState of 'uninitialized'.
1755700162784	Marionette	WARN	Ignoring event 'pageshow' because document has an invalid readyState of 'uninitialized'.
1755700163374	Marionette	WARN	Ignoring event 'pageshow' because document has an invalid readyState of 'uninitialized'.
1755700163408	Marionette	WARN	Ignoring event 'pageshow' because document has an invalid readyState of 'uninitialized'.
1755700163411	Marionette	WARN	Ignoring event 'pageshow' because document has an invalid readyState of 'uninitialized'.
1755700169723	Marionette	INFO	Stopped listening on port 53849
Dynamically enable window occlusion 1
console.error: "Failed to fetch https://ads.mozilla.org/v1/delete_user:" "NetworkError when attempting to fetch resource."
console.warn: TopSitesFeed: Failed to fetch data from MARS server: NetworkError when attempting to fetch resource.
1755700170537	addons.xpi	ERROR	System addon update list error [Exception... "<no message>"  nsresult: "0x8046001e (<unknown>)"  location: "JS frame :: resource://gre/modules/ServiceRequest.sys.mjs :: open :: line 126"  data: no]
console.error: (new Error("Polling for changes failed: .", "resource://services-settings/remote-settings.sys.mjs", 434))
console.error: Region.sys.mjs: "Error fetching region" (new TypeError("NetworkError when attempting to fetch resource.", ""))
console.error: Region.sys.mjs: "Failed to fetch region" (new Error("NO_RESULT", "resource://gre/modules/Region.sys.mjs", 396))
JavaScript error: resource://services-settings/RemoteSettingsClient.sys.mjs, line 102: Error: Unknown callback
1755700181342	geckodriver	INFO	Listening on 127.0.0.1:55441
1755700184369	mozrunner::runner	INFO	Running command: "C:\\Program Files\\Mozilla Firefox\\firefox.exe" "--marionette" "--width=1350" "--height=1025" "--remote-de ... 2" "--remote-allow-hosts" "localhost" "-no-remote" "-profile" "C:\\Users\\brend\\AppData\\Local\\Temp\\rust_mozprofileJiHB4C"
console.warn: services.settings: Ignoring preference override of remote settings server
console.warn: services.settings: Allow by setting MOZ_REMOTE_SETTINGS_DEVTOOLS=1 in the environment
Dynamically enable window occlusion 0
1755700184721	Marionette	INFO	Marionette enabled
console.error: "Warning: unrecognized command line flag" "-width"
console.error: "Warning: unrecognized command line flag" "-height"
1755700184804	Marionette	INFO	Listening on port 55451
WebDriver BiDi listening on ws://127.0.0.1:55442
Read port: 55451
1755700184941	RemoteAgent	WARN	TLS certificate errors will be ignored for this session
1755700188421	Marionette	WARN	Ignoring event 'pageshow' because document has an invalid readyState of 'uninitialized'.
Exiting due to channel error.
Exiting due to channel error.
Exiting due to channel error.
Exiting due to channel error.
1755714771757	geckodriver	INFO	Listening on 127.0.0.1:50184
1755714774849	mozrunner::runner	INFO	Running command: "C:\\Program Files\\Mozilla Firefox\\firefox.exe" "--marionette" "--width=950" "--height=1025" "--remote-deb ... 5" "--remote-allow-hosts" "localhost" "-no-remote" "-profile" "C:\\Users\\brend\\AppData\\Local\\Temp\\rust_mozprofile4YEyhq"
console.warn: services.settings: Ignoring preference override of remote settings server
console.warn: services.settings: Allow by setting MOZ_REMOTE_SETTINGS_DEVTOOLS=1 in the environment
Dynamically enable window occlusion 0
1755714776766	Marionette	INFO	Marionette enabled
console.error: "Warning: unrecognized command line flag" "-width"
console.error: "Warning: unrecognized command line flag" "-height"
1755714776970	Marionette	INFO	Listening on port 50192
WebDriver BiDi listening on ws://127.0.0.1:50185
Read port: 50192
1755714777200	RemoteAgent	WARN	TLS certificate errors will be ignored for this session
JavaScript warning: https://scripts.webcontentassessor.com/scripts/d432d2cc1ea079030ef54edcb8b458c211934a1174311c663c3909a0d1af4105, line 1: unreachable code after return statement
1755714785749	Marionette	WARN	Ignoring event 'DOMContentLoaded' because document has an invalid readyState of 'complete'.
1755714793088	Marionette	WARN	Ignoring event 'pageshow' because document has an invalid readyState of 'uninitialized'.
1755714793223	Marionette	WARN	Ignoring event 'pageshow' because document has an invalid readyState of 'uninitialized'.
1755714793933	Marionette	WARN	Ignoring event 'pageshow' because document has an invalid readyState of 'uninitialized'.
1755714797529	Marionette	WARN	Ignoring event 'pageshow' because document has an invalid readyState of 'uninitialized'.
1755714797542	Marionette	WARN	Ignoring event 'pageshow' because document has an invalid readyState of 'uninitialized'.
1755714798151	Marionette	WARN	Ignoring event 'pageshow' because document has an invalid readyState of 'uninitialized'.
1755714799852	Marionette	WARN	Ignoring event 'pageshow' because document has an invalid readyState of 'uninitialized'.
1755714799863	Marionette	WARN	Ignoring event 'pageshow' because document has an invalid readyState of 'uninitialized'.
1755714802432	Marionette	WARN	Ignoring event 'pageshow' because document has an invalid readyState of 'uninitialized'.
1755714802695	Marionette	WARN	Ignoring event 'pageshow' because document has an invalid readyState of 'uninitialized'.
1755714804032	Marionette	WARN	Ignoring event 'pageshow' because document has an invalid readyState of 'uninitialized'.
1755714804042	Marionette	WARN	Ignoring event 'pageshow' because document has an invalid readyState of 'uninitialized'.
1755714804043	Marionette	WARN	Ignoring event 'pageshow' because document has an invalid readyState of 'uninitialized'.
1755714804056	Marionette	WARN	Ignoring event 'pageshow' because document has an invalid readyState of 'uninitialized'.
1755714804083	Marionette	WARN	Ignoring event 'pageshow' because document has an invalid readyState of 'uninitialized'.
1755714804086	Marionette	WARN	Ignoring event 'pageshow' because document has an invalid readyState of 'uninitialized'.
1755714804088	Marionette	WARN	Ignoring event 'pageshow' because document has an invalid readyState of 'uninitialized'.
1755714804217	Marionette	WARN	Ignoring event 'pageshow' because document has an invalid readyState of 'uninitialized'.
1755714804416	Marionette	WARN	Ignoring event 'pageshow' because document has an invalid readyState of 'uninitialized'.
JavaScript warning: https://pagead2.googlesyndication.com/bg/_aIj3k-xZ30Z4TsAP8KCzXAHV6Nw7DhaD7ZIPYfk51c.js, line 3176: unreachable code after return statement
JavaScript warning: https://pagead2.googlesyndication.com/bg/_aIj3k-xZ30Z4TsAP8KCzXAHV6Nw7DhaD7ZIPYfk51c.js, line 3176: unreachable code after return statement
JavaScript warning: https://pagead2.googlesyndication.com/bg/_aIj3k-xZ30Z4TsAP8KCzXAHV6Nw7DhaD7ZIPYfk51c.js, line 3176: unreachable code after return statement
JavaScript warning: https://pagead2.googlesyndication.com/bg/_aIj3k-xZ30Z4TsAP8KCzXAHV6Nw7DhaD7ZIPYfk51c.js, line 3176: unreachable code after return statement
JavaScript warning: https://pagead2.googlesyndication.com/bg/_aIj3k-xZ30Z4TsAP8KCzXAHV6Nw7DhaD7ZIPYfk51c.js line 2 > eval, line 3176: unreachable code after return statement
JavaScript warning: https://pagead2.googlesyndication.com/bg/_aIj3k-xZ30Z4TsAP8KCzXAHV6Nw7DhaD7ZIPYfk51c.js line 2 > eval, line 3176: unreachable code after return statement
JavaScript warning: https://pagead2.googlesyndication.com/bg/_aIj3k-xZ30Z4TsAP8KCzXAHV6Nw7DhaD7ZIPYfk51c.js line 2 > eval, line 3176: unreachable code after return statement
JavaScript warning: https://pagead2.googlesyndication.com/bg/_aIj3k-xZ30Z4TsAP8KCzXAHV6Nw7DhaD7ZIPYfk51c.js line 2 > eval, line 1: unreachable code after return statement
JavaScript warning: https://pagead2.googlesyndication.com/bg/_aIj3k-xZ30Z4TsAP8KCzXAHV6Nw7DhaD7ZIPYfk51c.js line 2 > eval line 3176 > eval, line 1: unreachable code after return statement
JavaScript warning: https://pagead2.googlesyndication.com/bg/_aIj3k-xZ30Z4TsAP8KCzXAHV6Nw7DhaD7ZIPYfk51c.js line 2 > eval, line 1: unreachable code after return statement
JavaScript warning: https://pagead2.googlesyndication.com/bg/_aIj3k-xZ30Z4TsAP8KCzXAHV6Nw7DhaD7ZIPYfk51c.js line 2 > eval line 3176 > eval, line 1: unreachable code after return statement
JavaScript warning: https://pagead2.googlesyndication.com/bg/_aIj3k-xZ30Z4TsAP8KCzXAHV6Nw7DhaD7ZIPYfk51c.js line 2 > eval, line 3176: unreachable code after return statement
JavaScript warning: https://pagead2.googlesyndication.com/bg/_aIj3k-xZ30Z4TsAP8KCzXAHV6Nw7DhaD7ZIPYfk51c.js line 2 > eval line 3176 > eval line 1 > eval, line 1: unreachable code after return statement
JavaScript warning: https://pagead2.googlesyndication.com/bg/_aIj3k-xZ30Z4TsAP8KCzXAHV6Nw7DhaD7ZIPYfk51c.js line 2 > eval line 3176 > eval line 1 > eval, line 1: unreachable code after return statement
JavaScript warning: https://pagead2.googlesyndication.com/bg/_aIj3k-xZ30Z4TsAP8KCzXAHV6Nw7DhaD7ZIPYfk51c.js line 2 > eval line 3176 > eval line 1 > eval, line 1: unreachable code after return statement
JavaScript warning: https://pagead2.googlesyndication.com/bg/_aIj3k-xZ30Z4TsAP8KCzXAHV6Nw7DhaD7ZIPYfk51c.js line 2 > eval line 3176 > eval line 1 > eval line 1 > eval, line 1: unreachable code after return statement
JavaScript warning: https://pagead2.googlesyndication.com/bg/_aIj3k-xZ30Z4TsAP8KCzXAHV6Nw7DhaD7ZIPYfk51c.js line 2 > eval line 3176 > eval line 1 > eval line 1 > eval, line 1: unreachable code after return statement
JavaScript warning: https://pagead2.googlesyndication.com/bg/_aIj3k-xZ30Z4TsAP8KCzXAHV6Nw7DhaD7ZIPYfk51c.js line 2 > eval line 3176 > eval line 1 > eval line 1 > eval, line 1: unreachable code after return statement
JavaScript warning: https://player.aniview.com/ssync/62f53b2c7850d0786f227f64/ssync.html?gdpr=0&gdpr_consent=&pid=62f53b2c7850d0786f227f64&r=https%3A%2F%2Fvisitor.us-east4.gcp.omnitagjs.com%2Fvisitor%2Fsync%3Fgdpr%3D0%26gdpr_consent%3D%26name%3DANIVIEW%26ttl%3D720%26uid%3De8ecb87ff2ef3a3b16ba16c51e7986ac%26visitor%3D%255BAV_UID%255D, line 82: unreachable code after return statement
JavaScript warning: https://player.aniview.com/ssync/62f53b2c7850d0786f227f64/ssync.html?gdpr=0&gdpr_consent=&pid=62f53b2c7850d0786f227f64&r=https%3A%2F%2Fvisitor.us-east4.gcp.omnitagjs.com%2Fvisitor%2Fsync%3Fgdpr%3D0%26gdpr_consent%3D%26name%3DANIVIEW%26ttl%3D720%26uid%3De8ecb87ff2ef3a3b16ba16c51e7986ac%26visitor%3D%255BAV_UID%255D, line 82: unreachable code after return statement
1755714808386	Marionette	WARN	Ignoring event 'pageshow' because document has an invalid readyState of 'uninitialized'.
1755714809319	Marionette	WARN	Ignoring event 'pageshow' because document has an invalid readyState of 'uninitialized'.
1755714809328	Marionette	WARN	Ignoring event 'pageshow' because document has an invalid readyState of 'uninitialized'.
1755714810292	Marionette	INFO	Stopped listening on port 50192
Dynamically enable window occlusion 1
JavaScript warning: https://www.rotowire.com/frontend/assets/js/rotowire.min.js?v=219, line 66: Script terminated by timeout at:
e@https://www.rotowire.com/frontend/assets/js/rotowire.min.js?v=219:66:1871

console.error: "Failed to fetch https://ads.mozilla.org/v1/delete_user:" "NetworkError when attempting to fetch resource."
console.warn: TopSitesFeed: Failed to fetch data from MARS server: NetworkError when attempting to fetch resource.
console.error: services.settings: 
  security-state/cert-revocations Signature failed  [Exception... "<no message>"  nsresult: "0x8046001e (<unknown>)"  location: "JS frame :: resource://gre/modules/ServiceRequest.sys.mjs :: open :: line 126"  data: no]
console.error: services.settings: 
Object
  - prototype Object
    - columnNumber = 0
    - data = null
    - filename = resource://gre/modules/ServiceRequest.sys.mjs
    - lineNumber = 126
    - location = {"name":"open","filename":"resource://gre/modules/ServiceRequest.sys.mjs","sourceId":27,"lineNumber":126,"columnNumber":11,"asyncCause":null,"asyncCaller":null,"caller":{"filename":"resource://services-settings/Utils.sys.mjs","name":"fetch/<","sourceId":26,"lineNumber":268,"columnNumber":15,"asyncCause":null,"asyncCaller":null,"caller":{"filename":"resource://services-settings/Utils.sys.mjs","name":"fetch","sourceId":26,"lineNumber":219,"columnNumber":12,"asyncCause":null,"asyncCaller":null,"caller":{"filename":"resource://services-settings/RemoteSettingsClient.sys.mjs","name":"validateCollectionSignature","sourceId":24,"lineNumber":1077,"columnNumber":47,"asyncCause":null,"asyncCaller":null,"caller":{"filename":"resource://services-settings/RemoteSettingsClient.sys.mjs","name":"_importChanges","sourceId":24,"lineNumber":1163,"columnNumber":20,"asyncCause":null,"asyncCaller":null,"caller":null,"formattedStack":"_importChanges@resource://services-settings/RemoteSettingsClient.sys.mjs:1163:20\n","nativeSavedFrame":{}},"formattedStack":"validateCollectionSignature@resource://services-settings/RemoteSettingsClient.sys.mjs:1077:47\n_importChanges@resource://services-settings/RemoteSettingsClient.sys.mjs:1163:20\n","nativeSavedFrame":{}},"formattedStack":"fetch@resource://services-settings/Utils.sys.mjs:219:12\nvalidateCollectionSignature@resource://services-settings/RemoteSettingsClient.sys.mjs:1077:47\n_importChanges@resource://services-settings/RemoteSettingsClient.sys.mjs:1163:20\n","nativeSavedFrame":{}},"formattedStack":"fetch/<@resource://services-settings/Utils.sys.mjs:268:15\nfetch@resource://services-settings/Utils.sys.mjs:219:12\nvalidateCollectionSignature@resource://services-settings/RemoteSettingsClient.sys.mjs:1077:47\n_importChanges@resource://services-settings/RemoteSettingsClient.sys.mjs:1163:20\n","nativeSavedFrame":{}},"formattedStack":"open@resource://gre/modules/ServiceRequest.sys.mjs:126:11\nfetch/<@resource://services-settings/Utils.sys.mjs:268:15\nfetch@resource://services-settings/Utils.sys.mjs:219:12\nvalidateCollectionSignature@resource://services-settings/RemoteSettingsClient.sys.mjs:1077:47\n_importChanges@resource://services-settings/RemoteSettingsClient.sys.mjs:1163:20\n","nativeSavedFrame":{}}
    - message = 
    - name = 
    - result = 2152071198
    - stack = open@resource://gre/modules/ServiceRequest.sys.mjs:126:11|fetch/<@resource://services-settings/Utils.sys.mjs:268:15|fetch@resource://services-settings/Utils.sys.mjs:219:12|validateCollectionSignature@resource://services-settings/RemoteSettingsClient.sys.mjs:1077:47|_importChanges@resource://services-settings/RemoteSettingsClient.sys.mjs:1163:20|
  - prototype Object
console.warn: services.settings: blocklists/addons-bloomfilters sync interrupted by shutdown
console.warn: services.settings: security-state/intermediates sync interrupted by shutdown
console.warn: services.settings: main/url-classifier-exceptions sync interrupted by shutdown
console.warn: services.settings: main/nimbus-secure-experiments sync interrupted by shutdown
console.warn: services.settings: main/tracking-protection-lists sync interrupted by shutdown
console.warn: services.settings: main/search-telemetry-v2 sync interrupted by shutdown
console.warn: services.settings: main/search-config-v2 sync interrupted by shutdown
console.warn: services.settings: security-state/onecrl sync interrupted by shutdown
console.warn: services.settings: main/devtools-compatibility-browsers sync interrupted by shutdown
console.warn: services.settings: main/message-groups sync interrupted by shutdown
console.warn: services.settings: main/translations-models sync interrupted by shutdown
console.error: (new TypeError("WeakMap key null must be an object", "chrome://remote/content/shared/WindowManager.sys.mjs", 189))
console.warn: services.settings: main/moz-essential-domain-fallbacks sync interrupted by shutdown
console.warn: services.settings: main/mfcdm-origins-list sync interrupted by shutdown
console.warn: services.settings: main/doh-config sync interrupted by shutdown
console.warn: services.settings: main/fingerprinting-protection-overrides sync interrupted by shutdown
console.warn: services.settings: main/translations-wasm sync interrupted by shutdown
console.warn: services.settings: main/partitioning-exempt-urls sync interrupted by shutdown
console.warn: services.settings: blocklists/gfx sync interrupted by shutdown
console.error: (new TypeError("WeakMap key null must be an object", "chrome://remote/content/shared/WindowManager.sys.mjs", 189))
console.error: (new TypeError("WeakMap key null must be an object", "chrome://remote/content/shared/WindowManager.sys.mjs", 189))
console.warn: services.settings: main/cfr sync interrupted by shutdown
console.warn: services.settings: main/search-config-icons sync interrupted by shutdown
console.error: (new TypeError("WeakMap key null must be an object", "chrome://remote/content/shared/WindowManager.sys.mjs", 189))
console.warn: services.settings: main/search-default-override-allowlist sync interrupted by shutdown
console.warn: services.settings: main/top-sites sync interrupted by shutdown
console.warn: services.settings: main/newtab-wallpapers-v2 sync interrupted by shutdown
console.error: (new TypeError("WeakMap key null must be an object", "chrome://remote/content/shared/WindowManager.sys.mjs", 189))
console.warn: services.settings: main/password-rules sync interrupted by shutdown
console.error: (new TypeError("WeakMap key null must be an object", "chrome://remote/content/shared/WindowManager.sys.mjs", 189))
console.error: (new TypeError("WeakMap key null must be an object", "chrome://remote/content/shared/WindowManager.sys.mjs", 189))
console.error: (new TypeError("WeakMap key null must be an object", "chrome://remote/content/shared/WindowManager.sys.mjs", 189))
console.error: (new TypeError("WeakMap key null must be an object", "chrome://remote/content/shared/WindowManager.sys.mjs", 189))
console.error: (new TypeError("WeakMap key null must be an object", "chrome://remote/content/shared/WindowManager.sys.mjs", 189))
console.error: (new TypeError("WeakMap key null must be an object", "chrome://remote/content/shared/WindowManager.sys.mjs", 189))
console.error: (new TypeError("WeakMap key null must be an object", "chrome://remote/content/shared/WindowManager.sys.mjs", 189))
console.error: (new TypeError("WeakMap key null must be an object", "chrome://remote/content/shared/WindowManager.sys.mjs", 189))
console.error: (new TypeError("WeakMap key null must be an object", "chrome://remote/content/shared/WindowManager.sys.mjs", 189))
console.error: (new TypeError("WeakMap key null must be an object", "chrome://remote/content/shared/WindowManager.sys.mjs", 189))
console.error: (new TypeError("WeakMap key null must be an object", "chrome://remote/content/shared/WindowManager.sys.mjs", 189))
console.error: (new TypeError("WeakMap key null must be an object", "chrome://remote/content/shared/WindowManager.sys.mjs", 189))
console.error: (new TypeError("WeakMap key null must be an object", "chrome://remote/content/shared/WindowManager.sys.mjs", 189))
console.error: (new TypeError("WeakMap key null must be an object", "chrome://remote/content/shared/WindowManager.sys.mjs", 189))
console.error: (new TypeError("WeakMap key null must be an object", "chrome://remote/content/shared/WindowManager.sys.mjs", 189))
console.error: (new TypeError("WeakMap key null must be an object", "chrome://remote/content/shared/WindowManager.sys.mjs", 189))
console.error: (new TypeError("WeakMap key null must be an object", "chrome://remote/content/shared/WindowManager.sys.mjs", 189))
console.error: (new TypeError("WeakMap key null must be an object", "chrome://remote/content/shared/WindowManager.sys.mjs", 189))
console.error: (new TypeError("WeakMap key null must be an object", "chrome://remote/content/shared/WindowManager.sys.mjs", 189))
console.error: (new TypeError("WeakMap key null must be an object", "chrome://remote/content/shared/WindowManager.sys.mjs", 189))
console.error: (new TypeError("WeakMap key null must be an object", "chrome://remote/content/shared/WindowManager.sys.mjs", 189))
console.error: (new TypeError("WeakMap key null must be an object", "chrome://remote/content/shared/WindowManager.sys.mjs", 189))
console.error: (new TypeError("WeakMap key null must be an object", "chrome://remote/content/shared/WindowManager.sys.mjs", 189))
console.error: (new TypeError("WeakMap key null must be an object", "chrome://remote/content/shared/WindowManager.sys.mjs", 189))
console.error: (new TypeError("WeakMap key null must be an object", "chrome://remote/content/shared/WindowManager.sys.mjs", 189))
console.error: (new TypeError("WeakMap key null must be an object", "chrome://remote/content/shared/WindowManager.sys.mjs", 189))
console.error: (new TypeError("WeakMap key null must be an object", "chrome://remote/content/shared/WindowManager.sys.mjs", 189))
console.error: (new TypeError("WeakMap key null must be an object", "chrome://remote/content/shared/WindowManager.sys.mjs", 189))
console.error: (new TypeError("WeakMap key null must be an object", "chrome://remote/content/shared/WindowManager.sys.mjs", 189))
console.error: (new TypeError("WeakMap key null must be an object", "chrome://remote/content/shared/WindowManager.sys.mjs", 189))
console.error: (new TypeError("WeakMap key null must be an object", "chrome://remote/content/shared/WindowManager.sys.mjs", 189))
console.error: (new TypeError("WeakMap key null must be an object", "chrome://remote/content/shared/WindowManager.sys.mjs", 189))
console.error: (new TypeError("WeakMap key null must be an object", "chrome://remote/content/shared/WindowManager.sys.mjs", 189))
console.error: (new TypeError("WeakMap key null must be an object", "chrome://remote/content/shared/WindowManager.sys.mjs", 189))
console.error: (new TypeError("WeakMap key null must be an object", "chrome://remote/content/shared/WindowManager.sys.mjs", 189))
console.warn: services.settings: main/url-parser-default-unknown-schemes-interventions sync interrupted by shutdown
console.error: (new TypeError("WeakMap key null must be an object", "chrome://remote/content/shared/WindowManager.sys.mjs", 189))
console.warn: services.settings: main/url-classifier-skip-urls sync interrupted by shutdown
console.error: (new TypeError("WeakMap key null must be an object", "chrome://remote/content/shared/WindowManager.sys.mjs", 189))
console.error: (new TypeError("WeakMap key null must be an object", "chrome://remote/content/shared/WindowManager.sys.mjs", 189))
console.warn: services.settings: main/websites-with-shared-credential-backends sync interrupted by shutdown
console.warn: services.settings: main/normandy-recipes-capabilities sync interrupted by shutdown
console.error: (new TypeError("WeakMap key null must be an object", "chrome://remote/content/shared/WindowManager.sys.mjs", 189))
console.warn: services.settings: main/remote-permissions sync interrupted by shutdown
console.error: (new TypeError("WeakMap key null must be an object", "chrome://remote/content/shared/WindowManager.sys.mjs", 189))
console.warn: services.settings: main/search-categorization sync interrupted by shutdown
console.error: (new TypeError("WeakMap key null must be an object", "chrome://remote/content/shared/WindowManager.sys.mjs", 189))
console.error: (new TypeError("WeakMap key null must be an object", "chrome://remote/content/shared/WindowManager.sys.mjs", 189))
console.error: (new TypeError("WeakMap key null must be an object", "chrome://remote/content/shared/WindowManager.sys.mjs", 189))
console.error: (new TypeError("WeakMap key null must be an object", "chrome://remote/content/shared/WindowManager.sys.mjs", 189))
console.error: (new TypeError("WeakMap key null must be an object", "chrome://remote/content/shared/WindowManager.sys.mjs", 189))
console.error: (new TypeError("WeakMap key null must be an object", "chrome://remote/content/shared/WindowManager.sys.mjs", 189))
console.warn: services.settings: main/third-party-cookie-blocking-exempt-urls sync interrupted by shutdown
console.error: (new TypeError("WeakMap key null must be an object", "chrome://remote/content/shared/WindowManager.sys.mjs", 189))
console.error: (new TypeError("WeakMap key null must be an object", "chrome://remote/content/shared/WindowManager.sys.mjs", 189))
console.error: (new TypeError("WeakMap key null must be an object", "chrome://remote/content/shared/WindowManager.sys.mjs", 189))
console.error: (new TypeError("WeakMap key null must be an object", "chrome://remote/content/shared/WindowManager.sys.mjs", 189))
console.error: (new TypeError("WeakMap key null must be an object", "chrome://remote/content/shared/WindowManager.sys.mjs", 189))
console.warn: services.settings: main/cookie-banner-rules-list sync interrupted by shutdown
console.error: (new TypeError("WeakMap key null must be an object", "chrome://remote/content/shared/WindowManager.sys.mjs", 189))
console.error: (new TypeError("WeakMap key null must be an object", "chrome://remote/content/shared/WindowManager.sys.mjs", 189))
console.error: (new TypeError("WeakMap key null must be an object", "chrome://remote/content/shared/WindowManager.sys.mjs", 189))
console.error: (new TypeError("WeakMap key null must be an object", "chrome://remote/content/shared/WindowManager.sys.mjs", 189))
console.error: (new TypeError("WeakMap key null must be an object", "chrome://remote/content/shared/WindowManager.sys.mjs", 189))
console.error: (new TypeError("WeakMap key null must be an object", "chrome://remote/content/shared/WindowManager.sys.mjs", 189))
console.error: (new TypeError("WeakMap key null must be an object", "chrome://remote/content/shared/WindowManager.sys.mjs", 189))
console.error: (new TypeError("WeakMap key null must be an object", "chrome://remote/content/shared/WindowManager.sys.mjs", 189))
console.warn: services.settings: main/urlbar-persisted-search-terms sync interrupted by shutdown
console.error: (new TypeError("WeakMap key null must be an object", "chrome://remote/content/shared/WindowManager.sys.mjs", 189))
console.error: (new TypeError("WeakMap key null must be an object", "chrome://remote/content/shared/WindowManager.sys.mjs", 189))
console.error: (new TypeError("WeakMap key null must be an object", "chrome://remote/content/shared/WindowManager.sys.mjs", 189))
console.error: (new TypeError("WeakMap key null must be an object", "chrome://remote/content/shared/WindowManager.sys.mjs", 189))
console.warn: services.settings: main/search-config-overrides-v2 sync interrupted by shutdown
console.error: (new TypeError("WeakMap key null must be an object", "chrome://remote/content/shared/WindowManager.sys.mjs", 189))
console.warn: services.settings: main/query-stripping sync interrupted by shutdown
console.warn: services.settings: main/addons-manager-settings sync interrupted by shutdown
console.warn: services.settings: main/fxmonitor-breaches sync interrupted by shutdown
console.error: (new TypeError("WeakMap key null must be an object", "chrome://remote/content/shared/WindowManager.sys.mjs", 189))
console.error: (new TypeError("WeakMap key null must be an object", "chrome://remote/content/shared/WindowManager.sys.mjs", 189))
console.error: (new TypeError("WeakMap key null must be an object", "chrome://remote/content/shared/WindowManager.sys.mjs", 189))
console.error: (new TypeError("WeakMap key null must be an object", "chrome://remote/content/shared/WindowManager.sys.mjs", 189))
console.warn: services.settings: main/password-recipes sync interrupted by shutdown
console.error: (new TypeError("WeakMap key null must be an object", "chrome://remote/content/shared/WindowManager.sys.mjs", 189))
console.error: (new TypeError("WeakMap key null must be an object", "chrome://remote/content/shared/WindowManager.sys.mjs", 189))
console.error: (new TypeError("WeakMap key null must be an object", "chrome://remote/content/shared/WindowManager.sys.mjs", 189))
console.warn: services.settings: main/language-dictionaries sync interrupted by shutdown
console.error: (new TypeError("WeakMap key null must be an object", "chrome://remote/content/shared/WindowManager.sys.mjs", 189))
console.error: (new TypeError("WeakMap key null must be an object", "chrome://remote/content/shared/WindowManager.sys.mjs", 189))
console.warn: services.settings: main/devtools-devices sync interrupted by shutdown
console.warn: services.settings: main/doh-providers sync interrupted by shutdown
console.error: (new TypeError("WeakMap key null must be an object", "chrome://remote/content/shared/WindowManager.sys.mjs", 189))
console.error: (new TypeError("WeakMap key null must be an object", "chrome://remote/content/shared/WindowManager.sys.mjs", 189))
console.error: (new TypeError("WeakMap key null must be an object", "chrome://remote/content/shared/WindowManager.sys.mjs", 189))
console.error: (new TypeError("WeakMap key null must be an object", "chrome://remote/content/shared/WindowManager.sys.mjs", 189))
console.error: (new TypeError("WeakMap key null must be an object", "chrome://remote/content/shared/WindowManager.sys.mjs", 189))
console.error: (new TypeError("WeakMap key null must be an object", "chrome://remote/content/shared/WindowManager.sys.mjs", 189))
console.error: (new TypeError("WeakMap key null must be an object", "chrome://remote/content/shared/WindowManager.sys.mjs", 189))
console.error: (new TypeError("WeakMap key null must be an object", "chrome://remote/content/shared/WindowManager.sys.mjs", 189))
console.error: (new TypeError("WeakMap key null must be an object", "chrome://remote/content/shared/WindowManager.sys.mjs", 189))
console.error: (new TypeError("WeakMap key null must be an object", "chrome://remote/content/shared/WindowManager.sys.mjs", 189))
console.error: (new TypeError("WeakMap key null must be an object", "chrome://remote/content/shared/WindowManager.sys.mjs", 189))
console.error: (new TypeError("WeakMap key null must be an object", "chrome://remote/content/shared/WindowManager.sys.mjs", 189))
console.error: (new TypeError("WeakMap key null must be an object", "chrome://remote/content/shared/WindowManager.sys.mjs", 189))
console.warn: services.settings: main/hijack-blocklists sync interrupted by shutdown
console.error: (new TypeError("WeakMap key null must be an object", "chrome://remote/content/shared/WindowManager.sys.mjs", 189))
console.error: (new TypeError("WeakMap key null must be an object", "chrome://remote/content/shared/WindowManager.sys.mjs", 189))
console.error: (new TypeError("WeakMap key null must be an object", "chrome://remote/content/shared/WindowManager.sys.mjs", 189))
console.error: (new TypeError("WeakMap key null must be an object", "chrome://remote/content/shared/WindowManager.sys.mjs", 189))
console.error: (new TypeError("WeakMap key null must be an object", "chrome://remote/content/shared/WindowManager.sys.mjs", 189))
console.error: (new TypeError("WeakMap key null must be an object", "chrome://remote/content/shared/WindowManager.sys.mjs", 189))
console.error: (new TypeError("WeakMap key null must be an object", "chrome://remote/content/shared/WindowManager.sys.mjs", 189))
console.warn: services.settings: main/anti-tracking-url-decoration sync interrupted by shutdown
console.warn: services.settings: main/sites-classification sync interrupted by shutdown
console.error: (new TypeError("WeakMap key null must be an object", "chrome://remote/content/shared/WindowManager.sys.mjs", 189))
console.error: (new TypeError("WeakMap key null must be an object", "chrome://remote/content/shared/WindowManager.sys.mjs", 189))
console.error: (new TypeError("WeakMap key null must be an object", "chrome://remote/content/shared/WindowManager.sys.mjs", 189))
console.error: (new TypeError("WeakMap key null must be an object", "chrome://remote/content/shared/WindowManager.sys.mjs", 189))
console.error: ({details:{id:"eae22ba6-631d-fcab-fa53-8a7c5adb39a9", last_modified:1755701830939, bucket:"security-state", collection:"cert-revocations", host:"firefox.settings.services.mozilla.com"}})
console.error: (new TypeError("WeakMap key null must be an object", "chrome://remote/content/shared/WindowManager.sys.mjs", 189))
console.error: (new TypeError("WeakMap key null must be an object", "chrome://remote/content/shared/WindowManager.sys.mjs", 189))
console.error: (new TypeError("WeakMap key null must be an object", "chrome://remote/content/shared/WindowManager.sys.mjs", 189))
console.error: (new TypeError("WeakMap key null must be an object", "chrome://remote/content/shared/WindowManager.sys.mjs", 189))
console.error: (new TypeError("WeakMap key null must be an object", "chrome://remote/content/shared/WindowManager.sys.mjs", 189))
console.error: (new TypeError("WeakMap key null must be an object", "chrome://remote/content/shared/WindowManager.sys.mjs", 189))
console.error: (new TypeError("WeakMap key null must be an object", "chrome://remote/content/shared/WindowManager.sys.mjs", 189))
console.error: (new TypeError("WeakMap key null must be an object", "chrome://remote/content/shared/WindowManager.sys.mjs", 189))
console.error: (new TypeError("WeakMap key null must be an object", "chrome://remote/content/shared/WindowManager.sys.mjs", 189))
console.error: (new TypeError("WeakMap key null must be an object", "chrome://remote/content/shared/WindowManager.sys.mjs", 189))
console.error: (new TypeError("WeakMap key null must be an object", "chrome://remote/content/shared/WindowManager.sys.mjs", 189))
console.error: (new TypeError("WeakMap key null must be an object", "chrome://remote/content/shared/WindowManager.sys.mjs", 189))
console.error: (new TypeError("WeakMap key null must be an object", "chrome://remote/content/shared/WindowManager.sys.mjs", 189))
console.error: (new TypeError("WeakMap key null must be an object", "chrome://remote/content/shared/WindowManager.sys.mjs", 189))
console.error: (new TypeError("WeakMap key null must be an object", "chrome://remote/content/shared/WindowManager.sys.mjs", 189))
console.error: (new TypeError("WeakMap key null must be an object", "chrome://remote/content/shared/WindowManager.sys.mjs", 189))
console.error: (new TypeError("WeakMap key null must be an object", "chrome://remote/content/shared/WindowManager.sys.mjs", 189))
console.error: (new TypeError("WeakMap key null must be an object", "chrome://remote/content/shared/WindowManager.sys.mjs", 189))
console.error: (new TypeError("WeakMap key null must be an object", "chrome://remote/content/shared/WindowManager.sys.mjs", 189))
console.error: (new TypeError("WeakMap key null must be an object", "chrome://remote/content/shared/WindowManager.sys.mjs", 189))
console.error: (new TypeError("WeakMap key null must be an object", "chrome://remote/content/shared/WindowManager.sys.mjs", 189))
console.error: (new TypeError("WeakMap key null must be an object", "chrome://remote/content/shared/WindowManager.sys.mjs", 189))
console.error: (new TypeError("WeakMap key null must be an object", "chrome://remote/content/shared/WindowManager.sys.mjs", 189))
console.error: (new TypeError("WeakMap key null must be an object", "chrome://remote/content/shared/WindowManager.sys.mjs", 189))
console.error: (new TypeError("WeakMap key null must be an object", "chrome://remote/content/shared/WindowManager.sys.mjs", 189))
console.error: (new TypeError("WeakMap key null must be an object", "chrome://remote/content/shared/WindowManager.sys.mjs", 189))
console.error: (new TypeError("WeakMap key null must be an object", "chrome://remote/content/shared/WindowManager.sys.mjs", 189))
console.error: (new TypeError("WeakMap key null must be an object", "chrome://remote/content/shared/WindowManager.sys.mjs", 189))
console.error: (new TypeError("WeakMap key null must be an object", "chrome://remote/content/shared/WindowManager.sys.mjs", 189))
console.error: (new TypeError("WeakMap key null must be an object", "chrome://remote/content/shared/WindowManager.sys.mjs", 189))
console.error: (new TypeError("WeakMap key null must be an object", "chrome://remote/content/shared/WindowManager.sys.mjs", 189))
console.error: (new TypeError("WeakMap key null must be an object", "chrome://remote/content/shared/WindowManager.sys.mjs", 189))
console.error: (new TypeError("WeakMap key null must be an object", "chrome://remote/content/shared/WindowManager.sys.mjs", 189))
console.error: (new TypeError("WeakMap key null must be an object", "chrome://remote/content/shared/WindowManager.sys.mjs", 189))
console.error: (new TypeError("WeakMap key null must be an object", "chrome://remote/content/shared/WindowManager.sys.mjs", 189))
console.error: (new TypeError("WeakMap key null must be an object", "chrome://remote/content/shared/WindowManager.sys.mjs", 189))
console.error: (new TypeError("WeakMap key null must be an object", "chrome://remote/content/shared/WindowManager.sys.mjs", 189))
console.error: (new TypeError("WeakMap key null must be an object", "chrome://remote/content/shared/WindowManager.sys.mjs", 189))
console.error: (new TypeError("WeakMap key null must be an object", "chrome://remote/content/shared/WindowManager.sys.mjs", 189))
console.error: (new TypeError("WeakMap key null must be an object", "chrome://remote/content/shared/WindowManager.sys.mjs", 189))
console.error: (new TypeError("WeakMap key null must be an object", "chrome://remote/content/shared/WindowManager.sys.mjs", 189))
console.error: (new TypeError("WeakMap key null must be an object", "chrome://remote/content/shared/WindowManager.sys.mjs", 189))
console.error: (new TypeError("WeakMap key null must be an object", "chrome://remote/content/shared/WindowManager.sys.mjs", 189))
console.error: (new TypeError("WeakMap key null must be an object", "chrome://remote/content/shared/WindowManager.sys.mjs", 189))
console.error: (new TypeError("WeakMap key null must be an object", "chrome://remote/content/shared/WindowManager.sys.mjs", 189))
console.error: (new TypeError("WeakMap key null must be an object", "chrome://remote/content/shared/WindowManager.sys.mjs", 189))
console.error: (new TypeError("WeakMap key null must be an object", "chrome://remote/content/shared/WindowManager.sys.mjs", 189))
console.error: (new TypeError("WeakMap key null must be an object", "chrome://remote/content/shared/WindowManager.sys.mjs", 189))
console.error: (new TypeError("WeakMap key null must be an object", "chrome://remote/content/shared/WindowManager.sys.mjs", 189))
console.error: (new TypeError("WeakMap key null must be an object", "chrome://remote/content/shared/WindowManager.sys.mjs", 189))
console.error: (new TypeError("WeakMap key null must be an object", "chrome://remote/content/shared/WindowManager.sys.mjs", 189))
console.error: (new TypeError("WeakMap key null must be an object", "chrome://remote/content/shared/WindowManager.sys.mjs", 189))
console.error: (new TypeError("WeakMap key null must be an object", "chrome://remote/content/shared/WindowManager.sys.mjs", 189))
console.error: (new TypeError("WeakMap key null must be an object", "chrome://remote/content/shared/WindowManager.sys.mjs", 189))
console.error: (new TypeError("WeakMap key null must be an object", "chrome://remote/content/shared/WindowManager.sys.mjs", 189))
console.error: (new TypeError("WeakMap key null must be an object", "chrome://remote/content/shared/WindowManager.sys.mjs", 189))
console.error: (new TypeError("WeakMap key null must be an object", "chrome://remote/content/shared/WindowManager.sys.mjs", 189))
console.error: (new TypeError("WeakMap key null must be an object", "chrome://remote/content/shared/WindowManager.sys.mjs", 189))
console.error: (new TypeError("WeakMap key null must be an object", "chrome://remote/content/shared/WindowManager.sys.mjs", 189))
console.error: (new TypeError("WeakMap key null must be an object", "chrome://remote/content/shared/WindowManager.sys.mjs", 189))
console.error: (new TypeError("WeakMap key null must be an object", "chrome://remote/content/shared/WindowManager.sys.mjs", 189))
console.error: (new TypeError("WeakMap key null must be an object", "chrome://remote/content/shared/WindowManager.sys.mjs", 189))
console.error: (new TypeError("WeakMap key null must be an object", "chrome://remote/content/shared/WindowManager.sys.mjs", 189))
console.error: (new TypeError("WeakMap key null must be an object", "chrome://remote/content/shared/WindowManager.sys.mjs", 189))
console.error: (new TypeError("WeakMap key null must be an object", "chrome://remote/content/shared/WindowManager.sys.mjs", 189))
console.error: (new TypeError("WeakMap key null must be an object", "chrome://remote/content/shared/WindowManager.sys.mjs", 189))
console.error: (new TypeError("WeakMap key null must be an object", "chrome://remote/content/shared/WindowManager.sys.mjs", 189))
console.error: (new TypeError("WeakMap key null must be an object", "chrome://remote/content/shared/WindowManager.sys.mjs", 189))
console.error: (new TypeError("WeakMap key null must be an object", "chrome://remote/content/shared/WindowManager.sys.mjs", 189))
console.error: (new TypeError("WeakMap key null must be an object", "chrome://remote/content/shared/WindowManager.sys.mjs", 189))
console.error: (new TypeError("WeakMap key null must be an object", "chrome://remote/content/shared/WindowManager.sys.mjs", 189))
console.error: (new TypeError("WeakMap key null must be an object", "chrome://remote/content/shared/WindowManager.sys.mjs", 189))
console.error: (new TypeError("WeakMap key null must be an object", "chrome://remote/content/shared/WindowManager.sys.mjs", 189))
console.error: (new TypeError("WeakMap key null must be an object", "chrome://remote/content/shared/WindowManager.sys.mjs", 189))
console.error: (new TypeError("WeakMap key null must be an object", "chrome://remote/content/shared/WindowManager.sys.mjs", 189))
console.error: (new TypeError("WeakMap key null must be an object", "chrome://remote/content/shared/WindowManager.sys.mjs", 189))
console.error: (new TypeError("WeakMap key null must be an object", "chrome://remote/content/shared/WindowManager.sys.mjs", 189))
console.error: (new TypeError("WeakMap key null must be an object", "chrome://remote/content/shared/WindowManager.sys.mjs", 189))
console.error: (new TypeError("WeakMap key null must be an object", "chrome://remote/content/shared/WindowManager.sys.mjs", 189))
console.error: (new TypeError("WeakMap key null must be an object", "chrome://remote/content/shared/WindowManager.sys.mjs", 189))
console.error: (new TypeError("WeakMap key null must be an object", "chrome://remote/content/shared/WindowManager.sys.mjs", 189))
console.error: (new TypeError("WeakMap key null must be an object", "chrome://remote/content/shared/WindowManager.sys.mjs", 189))
console.error: (new TypeError("WeakMap key null must be an object", "chrome://remote/content/shared/WindowManager.sys.mjs", 189))
console.error: (new TypeError("WeakMap key null must be an object", "chrome://remote/content/shared/WindowManager.sys.mjs", 189))
console.error: (new TypeError("WeakMap key null must be an object", "chrome://remote/content/shared/WindowManager.sys.mjs", 189))
console.error: (new TypeError("WeakMap key null must be an object", "chrome://remote/content/shared/WindowManager.sys.mjs", 189))
console.error: (new TypeError("WeakMap key null must be an object", "chrome://remote/content/shared/WindowManager.sys.mjs", 189))
console.error: (new TypeError("WeakMap key null must be an object", "chrome://remote/content/shared/WindowManager.sys.mjs", 189))
console.error: (new TypeError("WeakMap key null must be an object", "chrome://remote/content/shared/WindowManager.sys.mjs", 189))
console.error: (new TypeError("WeakMap key null must be an object", "chrome://remote/content/shared/WindowManager.sys.mjs", 189))
console.error: (new TypeError("WeakMap key null must be an object", "chrome://remote/content/shared/WindowManager.sys.mjs", 189))
console.error: (new TypeError("WeakMap key null must be an object", "chrome://remote/content/shared/WindowManager.sys.mjs", 189))
console.error: (new TypeError("WeakMap key null must be an object", "chrome://remote/content/shared/WindowManager.sys.mjs", 189))
console.error: (new TypeError("WeakMap key null must be an object", "chrome://remote/content/shared/WindowManager.sys.mjs", 189))
console.error: (new TypeError("WeakMap key null must be an object", "chrome://remote/content/shared/WindowManager.sys.mjs", 189))
console.error: (new TypeError("WeakMap key null must be an object", "chrome://remote/content/shared/WindowManager.sys.mjs", 189))
console.error: (new TypeError("WeakMap key null must be an object", "chrome://remote/content/shared/WindowManager.sys.mjs", 189))
console.error: (new TypeError("WeakMap key null must be an object", "chrome://remote/content/shared/WindowManager.sys.mjs", 189))
console.error: (new TypeError("WeakMap key null must be an object", "chrome://remote/content/shared/WindowManager.sys.mjs", 189))
console.error: (new TypeError("WeakMap key null must be an object", "chrome://remote/content/shared/WindowManager.sys.mjs", 189))
console.error: (new TypeError("WeakMap key null must be an object", "chrome://remote/content/shared/WindowManager.sys.mjs", 189))
console.error: (new TypeError("WeakMap key null must be an object", "chrome://remote/content/shared/WindowManager.sys.mjs", 189))
console.error: (new TypeError("WeakMap key null must be an object", "chrome://remote/content/shared/WindowManager.sys.mjs", 189))
console.error: (new TypeError("WeakMap key null must be an object", "chrome://remote/content/shared/WindowManager.sys.mjs", 189))
console.error: (new TypeError("WeakMap key null must be an object", "chrome://remote/content/shared/WindowManager.sys.mjs", 189))
console.error: (new TypeError("WeakMap key null must be an object", "chrome://remote/content/shared/WindowManager.sys.mjs", 189))
console.error: (new TypeError("WeakMap key null must be an object", "chrome://remote/content/shared/WindowManager.sys.mjs", 189))
console.error: (new TypeError("WeakMap key null must be an object", "chrome://remote/content/shared/WindowManager.sys.mjs", 189))
console.error: (new TypeError("WeakMap key null must be an object", "chrome://remote/content/shared/WindowManager.sys.mjs", 189))
console.error: (new TypeError("WeakMap key null must be an object", "chrome://remote/content/shared/WindowManager.sys.mjs", 189))
console.error: (new TypeError("WeakMap key null must be an object", "chrome://remote/content/shared/WindowManager.sys.mjs", 189))
console.error: (new TypeError("WeakMap key null must be an object", "chrome://remote/content/shared/WindowManager.sys.mjs", 189))
console.error: (new TypeError("WeakMap key null must be an object", "chrome://remote/content/shared/WindowManager.sys.mjs", 189))
console.error: (new TypeError("WeakMap key null must be an object", "chrome://remote/content/shared/WindowManager.sys.mjs", 189))
console.error: (new TypeError("WeakMap key null must be an object", "chrome://remote/content/shared/WindowManager.sys.mjs", 189))
console.error: (new TypeError("WeakMap key null must be an object", "chrome://remote/content/shared/WindowManager.sys.mjs", 189))
console.error: (new TypeError("WeakMap key null must be an object", "chrome://remote/content/shared/WindowManager.sys.mjs", 189))
console.error: (new TypeError("WeakMap key null must be an object", "chrome://remote/content/shared/WindowManager.sys.mjs", 189))
console.error: (new TypeError("WeakMap key null must be an object", "chrome://remote/content/shared/WindowManager.sys.mjs", 189))
console.error: (new TypeError("WeakMap key null must be an object", "chrome://remote/content/shared/WindowManager.sys.mjs", 189))
console.error: (new TypeError("WeakMap key null must be an object", "chrome://remote/content/shared/WindowManager.sys.mjs", 189))
console.error: (new TypeError("WeakMap key null must be an object", "chrome://remote/content/shared/WindowManager.sys.mjs", 189))
console.error: (new TypeError("WeakMap key null must be an object", "chrome://remote/content/shared/WindowManager.sys.mjs", 189))
console.error: (new TypeError("WeakMap key null must be an object", "chrome://remote/content/shared/WindowManager.sys.mjs", 189))
console.error: (new TypeError("WeakMap key null must be an object", "chrome://remote/content/shared/WindowManager.sys.mjs", 189))
console.error: (new TypeError("WeakMap key null must be an object", "chrome://remote/content/shared/WindowManager.sys.mjs", 189))
console.error: (new TypeError("WeakMap key null must be an object", "chrome://remote/content/shared/WindowManager.sys.mjs", 189))
console.error: (new TypeError("WeakMap key null must be an object", "chrome://remote/content/shared/WindowManager.sys.mjs", 189))
console.error: (new TypeError("WeakMap key null must be an object", "chrome://remote/content/shared/WindowManager.sys.mjs", 189))
console.error: (new TypeError("WeakMap key null must be an object", "chrome://remote/content/shared/WindowManager.sys.mjs", 189))
console.error: (new TypeError("WeakMap key null must be an object", "chrome://remote/content/shared/WindowManager.sys.mjs", 189))
console.error: (new TypeError("WeakMap key null must be an object", "chrome://remote/content/shared/WindowManager.sys.mjs", 189))
console.error: (new TypeError("WeakMap key null must be an object", "chrome://remote/content/shared/WindowManager.sys.mjs", 189))
console.error: (new TypeError("WeakMap key null must be an object", "chrome://remote/content/shared/WindowManager.sys.mjs", 189))
console.error: (new TypeError("WeakMap key null must be an object", "chrome://remote/content/shared/WindowManager.sys.mjs", 189))
console.error: (new TypeError("WeakMap key null must be an object", "chrome://remote/content/shared/WindowManager.sys.mjs", 189))
console.error: (new TypeError("WeakMap key null must be an object", "chrome://remote/content/shared/WindowManager.sys.mjs", 189))
console.error: (new TypeError("WeakMap key null must be an object", "chrome://remote/content/shared/WindowManager.sys.mjs", 189))
console.error: (new TypeError("WeakMap key null must be an object", "chrome://remote/content/shared/WindowManager.sys.mjs", 189))
JavaScript error: , line 0: TypeError: NetworkError when attempting to fetch resource.
JavaScript error: , line 0: TypeError: NetworkError when attempting to fetch resource.
JavaScript error: , line 0: TypeError: NetworkError when attempting to fetch resource.
JavaScript error: , line 0: TypeError: NetworkError when attempting to fetch resource.
JavaScript error: , line 0: TypeError: NetworkError when attempting to fetch resource.
JavaScript error: resource://services-settings/RemoteSettingsClient.sys.mjs, line 102: Error: Unknown callback
[GFX1-]: VideoBridgeParent receives IPC close with reason=AbnormalShutdown
1755714832074	geckodriver	INFO	Listening on 127.0.0.1:61932
1755714835080	mozrunner::runner	INFO	Running command: "C:\\Program Files\\Mozilla Firefox\\firefox.exe" "--marionette" "--width=1350" "--height=1025" "--remote-de ... 3" "--remote-allow-hosts" "localhost" "-no-remote" "-profile" "C:\\Users\\brend\\AppData\\Local\\Temp\\rust_mozprofile41xIcs"
console.warn: services.settings: Ignoring preference override of remote settings server
console.warn: services.settings: Allow by setting MOZ_REMOTE_SETTINGS_DEVTOOLS=1 in the environment
Dynamically enable window occlusion 0
1755714836628	Marionette	INFO	Marionette enabled
console.error: "Warning: unrecognized command line flag" "-width"
console.error: "Warning: unrecognized command line flag" "-height"
1755714836798	Marionette	INFO	Listening on port 61940
WebDriver BiDi listening on ws://127.0.0.1:61933
Read port: 61940
1755714837058	RemoteAgent	WARN	TLS certificate errors will be ignored for this session
1755714895563	Marionette	INFO	Stopped listening on port 61940
Dynamically enable window occlusion 1
console.error: "Failed to fetch https://ads.mozilla.org/v1/delete_user:" "NetworkError when attempting to fetch resource."
console.warn: TopSitesFeed: Failed to fetch data from MARS server: NetworkError when attempting to fetch resource.
JavaScript error: resource://services-settings/RemoteSettingsClient.sys.mjs, line 102: Error: Unknown callback
1755714942152	geckodriver	INFO	Listening on 127.0.0.1:61989
1755714945165	mozrunner::runner	INFO	Running command: "C:\\Program Files\\Mozilla Firefox\\firefox.exe" "--marionette" "--width=1350" "--height=1025" "--remote-de ... 0" "--remote-allow-hosts" "localhost" "-no-remote" "-profile" "C:\\Users\\brend\\AppData\\Local\\Temp\\rust_mozprofilePwJ7cU"
console.warn: services.settings: Ignoring preference override of remote settings server
console.warn: services.settings: Allow by setting MOZ_REMOTE_SETTINGS_DEVTOOLS=1 in the environment
Dynamically enable window occlusion 0
1755714946767	Marionette	INFO	Marionette enabled
console.error: "Warning: unrecognized command line flag" "-width"
console.error: "Warning: unrecognized command line flag" "-height"
1755714946937	Marionette	INFO	Listening on port 61999
WebDriver BiDi listening on ws://127.0.0.1:61990
Read port: 61999
1755714947151	RemoteAgent	WARN	TLS certificate errors will be ignored for this session
1755715536523	Marionette	INFO	Stopped listening on port 61999
Dynamically enable window occlusion 1
console.error: "Failed to fetch https://ads.mozilla.org/v1/delete_user:" "NetworkError when attempting to fetch resource."
console.warn: TopSitesFeed: Failed to fetch data from MARS server: NetworkError when attempting to fetch resource.
JavaScript error: resource://services-settings/RemoteSettingsClient.sys.mjs, line 102: Error: Unknown callback
: services.settings: Allow by setting MOZ_REMOTE_SETTINGS_DEVTOOLS=1 in the environment
Dynamically enable window occlusion 0
1755715203379	Marionette	INFO	Marionette enabled
console.error: "Warning: unrecognized command line flag" "-width"
console.error: "Warning: unrecognized command line flag" "-height"
1755715203555	Marionette	INFO	Listening on port 62166
WebDriver BiDi listening on ws://127.0.0.1:62158
Read port: 62166
1755715203765	RemoteAgent	WARN	TLS certificate errors will be ignored for this session
1755715209708	Marionette	WARN	Ignoring event 'pageshow' because document has an invalid readyState of 'uninitialized'.
console.error: (new NetworkError("Network error: TypeError: NetworkError: Network request failed", "resource://services-settings/RemoteSettingsClient.sys.mjs", 109))
1755715537448	Marionette	INFO	Stopped listening on port 62166
Dynamically enable window occlusion 1
console.error: "Failed to fetch https://ads.mozilla.org/v1/delete_user:" "NetworkError when attempting to fetch resource."
console.warn: TopSitesFeed: Failed to fetch data from MARS server: NetworkError when attempting to fetch resource.
JavaScript error: resource://services-settings/RemoteSettingsClient.sys.mjs, line 102: Error: Unknown callback
: services.settings: Allow by setting MOZ_REMOTE_SETTINGS_DEVTOOLS=1 in the environment
Dynamically enable window occlusion 0
1755715267022	Marionette	INFO	Marionette enabled
console.error: "Warning: unrecognized command line flag" "-width"
console.error: "Warning: unrecognized command line flag" "-height"
1755715267198	Marionette	INFO	Listening on port 62231
WebDriver BiDi listening on ws://127.0.0.1:62220
Read port: 62231
1755715267450	RemoteAgent	WARN	TLS certificate errors will be ignored for this session
1755715514418	Marionette	INFO	Stopped listening on port 62231
Dynamically enable window occlusion 1
console.error: "Failed to fetch https://ads.mozilla.org/v1/delete_user:" "NetworkError when attempting to fetch resource."
console.warn: TopSitesFeed: Failed to fetch data from MARS server: NetworkError when attempting to fetch resource.
JavaScript error: resource://services-settings/RemoteSettingsClient.sys.mjs, line 102: Error: Unknown callback
1755799308213	geckodriver	INFO	Listening on 127.0.0.1:63413
1755799311279	mozrunner::runner	INFO	Running command: "C:\\Program Files\\Mozilla Firefox\\firefox.exe" "--marionette" "--width=1350" "--height=1025" "--remote-de ... 4" "--remote-allow-hosts" "localhost" "-no-remote" "-profile" "C:\\Users\\brend\\AppData\\Local\\Temp\\rust_mozprofileG9o1wg"
console.warn: services.settings: Ignoring preference override of remote settings server
console.warn: services.settings: Allow by setting MOZ_REMOTE_SETTINGS_DEVTOOLS=1 in the environment
Dynamically enable window occlusion 0
1755799312445	Marionette	INFO	Marionette enabled
console.error: "Warning: unrecognized command line flag" "-width"
console.error: "Warning: unrecognized command line flag" "-height"
1755799312541	Marionette	INFO	Listening on port 63425
WebDriver BiDi listening on ws://127.0.0.1:63414
Read port: 63425
1755799312685	RemoteAgent	WARN	TLS certificate errors will be ignored for this session
1755799416411	Marionette	INFO	Stopped listening on port 63425
Dynamically enable window occlusion 1
console.error: "Failed to fetch https://ads.mozilla.org/v1/delete_user:" "NetworkError when attempting to fetch resource."
console.warn: TopSitesFeed: Failed to fetch data from MARS server: NetworkError when attempting to fetch resource.
JavaScript error: resource://services-settings/RemoteSettingsClient.sys.mjs, line 102: Error: Unknown callback
1755801920155	geckodriver	INFO	Listening on 127.0.0.1:63772
1755801923212	mozrunner::runner	INFO	Running command: "C:\\Program Files\\Mozilla Firefox\\firefox.exe" "--marionette" "--width=950" "--height=1025" "--remote-deb ... 3" "--remote-allow-hosts" "localhost" "-no-remote" "-profile" "C:\\Users\\brend\\AppData\\Local\\Temp\\rust_mozprofilevPA2X5"
console.warn: services.settings: Ignoring preference override of remote settings server
console.warn: services.settings: Allow by setting MOZ_REMOTE_SETTINGS_DEVTOOLS=1 in the environment
Dynamically enable window occlusion 0
1755801924677	Marionette	INFO	Marionette enabled
console.error: "Warning: unrecognized command line flag" "-width"
console.error: "Warning: unrecognized command line flag" "-height"
1755801924773	Marionette	INFO	Listening on port 63780
WebDriver BiDi listening on ws://127.0.0.1:63773
Read port: 63780
1755801924916	RemoteAgent	WARN	TLS certificate errors will be ignored for this session
JavaScript warning: https://scripts.webcontentassessor.com/scripts/d432d2cc1ea079030ef54edcb8b458c211934a1174311c663c3909a0d1af4105, line 1: unreachable code after return statement
1755801929517	Marionette	WARN	Ignoring event 'DOMContentLoaded' because document has an invalid readyState of 'complete'.
1755801935904	Marionette	WARN	Ignoring event 'pageshow' because document has an invalid readyState of 'uninitialized'.
1755801937973	Marionette	WARN	Ignoring event 'pageshow' because document has an invalid readyState of 'uninitialized'.
JavaScript warning: https://player.aniview.com/ssync/62f53b2c7850d0786f227f64/ssync.html?gdpr=0&gdpr_consent=&pid=62f53b2c7850d0786f227f64&r=https%3A%2F%2Fvisitor.us-east4.gcp.omnitagjs.com%2Fvisitor%2Fsync%3Fgdpr%3D0%26gdpr_consent%3D%26name%3DANIVIEW%26ttl%3D720%26uid%3De8ecb87ff2ef3a3b16ba16c51e7986ac%26visitor%3D%255BAV_UID%255D, line 82: unreachable code after return statement
1755801939753	Marionette	WARN	Ignoring event 'pageshow' because document has an invalid readyState of 'uninitialized'.
JavaScript warning: https://player.aniview.com/ssync/62f53b2c7850d0786f227f64/ssync.html?gdpr=0&gdpr_consent=&pid=62f53b2c7850d0786f227f64&r=https%3A%2F%2Fvisitor.us-east4.gcp.omnitagjs.com%2Fvisitor%2Fsync%3Fgdpr%3D0%26gdpr_consent%3D%26name%3DANIVIEW%26ttl%3D720%26uid%3De8ecb87ff2ef3a3b16ba16c51e7986ac%26visitor%3D%255BAV_UID%255D, line 82: unreachable code after return statement
1755801943405	Marionette	WARN	Ignoring event 'pageshow' because document has an invalid readyState of 'uninitialized'.
1755801943492	Marionette	WARN	Ignoring event 'pageshow' because document has an invalid readyState of 'uninitialized'.
1755801943496	Marionette	WARN	Ignoring event 'pageshow' because document has an invalid readyState of 'uninitialized'.
1755801944089	Marionette	WARN	Ignoring event 'pageshow' because document has an invalid readyState of 'uninitialized'.
1755801944115	Marionette	WARN	Ignoring event 'pageshow' because document has an invalid readyState of 'uninitialized'.
1755801944497	Marionette	WARN	Ignoring event 'pageshow' because document has an invalid readyState of 'uninitialized'.
1755801944552	Marionette	WARN	Ignoring event 'pageshow' because document has an invalid readyState of 'uninitialized'.
1755801944650	Marionette	WARN	Ignoring event 'pageshow' because document has an invalid readyState of 'uninitialized'.
1755801945647	Marionette	WARN	Ignoring event 'pageshow' because document has an invalid readyState of 'uninitialized'.
1755801953312	Marionette	WARN	Ignoring event 'pageshow' because document has an invalid readyState of 'uninitialized'.
1755801960627	Marionette	INFO	Stopped listening on port 63780
Dynamically enable window occlusion 1
console.error: "Failed to fetch https://ads.mozilla.org/v1/delete_user:" "NetworkError when attempting to fetch resource."
console.warn: TopSitesFeed: Failed to fetch data from MARS server: NetworkError when attempting to fetch resource.
JavaScript error: , line 0: TypeError: NetworkError when attempting to fetch resource.
JavaScript error: , line 0: TypeError: NetworkError when attempting to fetch resource.
JavaScript error: , line 0: TypeError: NetworkError when attempting to fetch resource.
JavaScript error: , line 0: TypeError: NetworkError when attempting to fetch resource.
JavaScript error: resource://services-settings/RemoteSettingsClient.sys.mjs, line 102: Error: Unknown callback
1755881811859	geckodriver	INFO	Listening on 127.0.0.1:57576
1755881814950	mozrunner::runner	INFO	Running command: "C:\\Program Files\\Mozilla Firefox\\firefox.exe" "--marionette" "--width=950" "--height=1025" "--remote-deb ... 7" "--remote-allow-hosts" "localhost" "-no-remote" "-profile" "C:\\Users\\brend\\AppData\\Local\\Temp\\rust_mozprofileKZSHFx"
console.warn: services.settings: Ignoring preference override of remote settings server
console.warn: services.settings: Allow by setting MOZ_REMOTE_SETTINGS_DEVTOOLS=1 in the environment
Dynamically enable window occlusion 0
1755881816271	Marionette	INFO	Marionette enabled
console.error: "Warning: unrecognized command line flag" "-width"
console.error: "Warning: unrecognized command line flag" "-height"
1755881816378	Marionette	INFO	Listening on port 57585
WebDriver BiDi listening on ws://127.0.0.1:57577
Read port: 57585
1755881816526	RemoteAgent	WARN	TLS certificate errors will be ignored for this session
JavaScript warning: https://scripts.webcontentassessor.com/scripts/d432d2cc1ea079030ef54edcb8b458c211934a1174311c663c3909a0d1af4105, line 1: unreachable code after return statement
1755881822388	Marionette	WARN	Ignoring event 'DOMContentLoaded' because document has an invalid readyState of 'complete'.
1755881826208	Marionette	WARN	Ignoring event 'pageshow' because document has an invalid readyState of 'uninitialized'.
1755881826888	Marionette	WARN	Ignoring event 'pageshow' because document has an invalid readyState of 'uninitialized'.
JavaScript warning: https://pagead2.googlesyndication.com/bg/w_rD9ZLaIUzf8tz5uGe43QC13teVX8xQS6CL4xzxcXc.js, line 2: unreachable code after return statement
JavaScript warning: https://pagead2.googlesyndication.com/bg/w_rD9ZLaIUzf8tz5uGe43QC13teVX8xQS6CL4xzxcXc.js, line 5977: unreachable code after return statement
JavaScript warning: https://pagead2.googlesyndication.com/bg/w_rD9ZLaIUzf8tz5uGe43QC13teVX8xQS6CL4xzxcXc.js, line 5977: unreachable code after return statement
JavaScript warning: https://pagead2.googlesyndication.com/bg/w_rD9ZLaIUzf8tz5uGe43QC13teVX8xQS6CL4xzxcXc.js, line 5977: unreachable code after return statement
JavaScript warning: https://pagead2.googlesyndication.com/bg/w_rD9ZLaIUzf8tz5uGe43QC13teVX8xQS6CL4xzxcXc.js line 2 > eval, line 5977: unreachable code after return statement
JavaScript warning: https://pagead2.googlesyndication.com/bg/w_rD9ZLaIUzf8tz5uGe43QC13teVX8xQS6CL4xzxcXc.js line 2 > eval, line 5977: unreachable code after return statement
JavaScript warning: https://pagead2.googlesyndication.com/bg/w_rD9ZLaIUzf8tz5uGe43QC13teVX8xQS6CL4xzxcXc.js line 2 > eval, line 1: unreachable code after return statement
JavaScript warning: https://pagead2.googlesyndication.com/bg/w_rD9ZLaIUzf8tz5uGe43QC13teVX8xQS6CL4xzxcXc.js line 2 > eval line 5977 > eval, line 1: unreachable code after return statement
JavaScript warning: https://pagead2.googlesyndication.com/bg/w_rD9ZLaIUzf8tz5uGe43QC13teVX8xQS6CL4xzxcXc.js line 2 > eval, line 1: unreachable code after return statement
JavaScript warning: https://pagead2.googlesyndication.com/bg/w_rD9ZLaIUzf8tz5uGe43QC13teVX8xQS6CL4xzxcXc.js line 2 > eval line 5977 > eval, line 1: unreachable code after return statement
JavaScript warning: https://pagead2.googlesyndication.com/bg/w_rD9ZLaIUzf8tz5uGe43QC13teVX8xQS6CL4xzxcXc.js line 2 > eval, line 5977: unreachable code after return statement
JavaScript warning: https://pagead2.googlesyndication.com/bg/w_rD9ZLaIUzf8tz5uGe43QC13teVX8xQS6CL4xzxcXc.js line 2 > eval line 5977 > eval line 1 > eval, line 1: unreachable code after return statement
JavaScript warning: https://pagead2.googlesyndication.com/bg/w_rD9ZLaIUzf8tz5uGe43QC13teVX8xQS6CL4xzxcXc.js line 2 > eval line 5977 > eval line 1 > eval, line 1: unreachable code after return statement
JavaScript warning: https://pagead2.googlesyndication.com/bg/w_rD9ZLaIUzf8tz5uGe43QC13teVX8xQS6CL4xzxcXc.js line 2 > eval line 5977 > eval line 1 > eval line 1 > eval, line 1: unreachable code after return statement
JavaScript warning: https://pagead2.googlesyndication.com/bg/w_rD9ZLaIUzf8tz5uGe43QC13teVX8xQS6CL4xzxcXc.js line 2 > eval line 5977 > eval line 1 > eval line 1 > eval, line 1: unreachable code after return statement
1755881836646	Marionette	WARN	Ignoring event 'pageshow' because document has an invalid readyState of 'uninitialized'.
1755881836696	Marionette	WARN	Ignoring event 'pageshow' because document has an invalid readyState of 'uninitialized'.
JavaScript warning: https://player.aniview.com/ssync/62f53b2c7850d0786f227f64/ssync.html?gdpr=0&gdpr_consent=&pid=62f53b2c7850d0786f227f64&r=https%3A%2F%2Fvisitor.us-east4.gcp.omnitagjs.com%2Fvisitor%2Fsync%3Fgdpr%3D0%26gdpr_consent%3D%26name%3DANIVIEW%26ttl%3D720%26uid%3De8ecb87ff2ef3a3b16ba16c51e7986ac%26visitor%3D%255BAV_UID%255D, line 82: unreachable code after return statement
1755881836802	Marionette	WARN	Ignoring event 'pageshow' because document has an invalid readyState of 'uninitialized'.
1755881836957	Marionette	WARN	Ignoring event 'pageshow' because document has an invalid readyState of 'uninitialized'.
JavaScript warning: https://player.aniview.com/ssync/62f53b2c7850d0786f227f64/ssync.html?gdpr=0&gdpr_consent=&pid=62f53b2c7850d0786f227f64&r=https%3A%2F%2Fvisitor.us-east4.gcp.omnitagjs.com%2Fvisitor%2Fsync%3Fgdpr%3D0%26gdpr_consent%3D%26name%3DANIVIEW%26ttl%3D720%26uid%3De8ecb87ff2ef3a3b16ba16c51e7986ac%26visitor%3D%255BAV_UID%255D, line 82: unreachable code after return statement
1755881837537	Marionette	WARN	Ignoring event 'pageshow' because document has an invalid readyState of 'uninitialized'.
1755881839477	Marionette	WARN	Ignoring event 'pageshow' because document has an invalid readyState of 'uninitialized'.
1755881839484	Marionette	WARN	Ignoring event 'pageshow' because document has an invalid readyState of 'uninitialized'.
1755881869958	Marionette	WARN	Ignoring event 'pageshow' because document has an invalid readyState of 'uninitialized'.
[Child 22500, MediaDecoderStateMachine #1] WARNING: Decoder=21d7c8ce700 Decode error: NS_ERROR_DOM_MEDIA_DEMUXER_ERR (0x806e000c): file /builds/worker/checkouts/gecko/dom/media/MediaDecoderStateMachineBase.cpp:168
1755881893346	Marionette	INFO	Stopped listening on port 57585
Dynamically enable window occlusion 1
JavaScript warning: https://www.rotowire.com/frontend/assets/js/rotowire.min.js?v=219, line 66: Script terminated by timeout at:
e@https://www.rotowire.com/frontend/assets/js/rotowire.min.js?v=219:66:1871

console.error: "Failed to fetch https://ads.mozilla.org/v1/delete_user:" "NetworkError when attempting to fetch resource."
console.warn: TopSitesFeed: Failed to fetch data from MARS server: NetworkError when attempting to fetch resource.
JavaScript error: , line 0: TypeError: NetworkError when attempting to fetch resource.
JavaScript error: , line 0: TypeError: NetworkError when attempting to fetch resource.
JavaScript error: , line 0: TypeError: NetworkError when attempting to fetch resource.
JavaScript error: , line 0: TypeError: NetworkError when attempting to fetch resource.
JavaScript error: , line 0: TypeError: NetworkError when attempting to fetch resource.
JavaScript error: resource://services-settings/RemoteSettingsClient.sys.mjs, line 102: Error: Unknown callback
[GFX1-]: VideoBridgeParent receives IPC close with reason=AbnormalShutdown
1755881907325	geckodriver	INFO	Listening on 127.0.0.1:57288
1755881910353	mozrunner::runner	INFO	Running command: "C:\\Program Files\\Mozilla Firefox\\firefox.exe" "--marionette" "--width=1350" "--height=1025" "--remote-de ... 9" "--remote-allow-hosts" "localhost" "-no-remote" "-profile" "C:\\Users\\brend\\AppData\\Local\\Temp\\rust_mozprofileS8QhP6"
console.warn: services.settings: Ignoring preference override of remote settings server
console.warn: services.settings: Allow by setting MOZ_REMOTE_SETTINGS_DEVTOOLS=1 in the environment
Dynamically enable window occlusion 0
1755881911655	Marionette	INFO	Marionette enabled
console.error: "Warning: unrecognized command line flag" "-width"
console.error: "Warning: unrecognized command line flag" "-height"
1755881911765	Marionette	INFO	Listening on port 57296
WebDriver BiDi listening on ws://127.0.0.1:57289
Read port: 57296
1755881911965	RemoteAgent	WARN	TLS certificate errors will be ignored for this session
1755882016374	Marionette	INFO	Stopped listening on port 57296
Dynamically enable window occlusion 1
console.error: "Failed to fetch https://ads.mozilla.org/v1/delete_user:" "NetworkError when attempting to fetch resource."
console.warn: TopSitesFeed: Failed to fetch data from MARS server: NetworkError when attempting to fetch resource.
JavaScript error: resource://services-settings/RemoteSettingsClient.sys.mjs, line 102: Error: Unknown callback
1755882235019	geckodriver	INFO	Listening on 127.0.0.1:57430
1755882238060	mozrunner::runner	INFO	Running command: "C:\\Program Files\\Mozilla Firefox\\firefox.exe" "--marionette" "--width=950" "--height=1025" "--remote-deb ... 1" "--remote-allow-hosts" "localhost" "-no-remote" "-profile" "C:\\Users\\brend\\AppData\\Local\\Temp\\rust_mozprofileciGhyJ"
console.warn: services.settings: Ignoring preference override of remote settings server
console.warn: services.settings: Allow by setting MOZ_REMOTE_SETTINGS_DEVTOOLS=1 in the environment
Dynamically enable window occlusion 0
1755882239156	Marionette	INFO	Marionette enabled
console.error: "Warning: unrecognized command line flag" "-width"
console.error: "Warning: unrecognized command line flag" "-height"
1755882239242	Marionette	INFO	Listening on port 57440
WebDriver BiDi listening on ws://127.0.0.1:57431
Read port: 57440
1755882239368	RemoteAgent	WARN	TLS certificate errors will be ignored for this session
JavaScript warning: https://scripts.webcontentassessor.com/scripts/d432d2cc1ea079030ef54edcb8b458c211934a1174311c663c3909a0d1af4105, line 1: unreachable code after return statement
1755882244785	Marionette	WARN	Ignoring event 'DOMContentLoaded' because document has an invalid readyState of 'complete'.
1755882247455	Marionette	WARN	Ignoring event 'pageshow' because document has an invalid readyState of 'uninitialized'.
1755882250397	Marionette	WARN	Ignoring event 'pageshow' because document has an invalid readyState of 'uninitialized'.
1755882250730	Marionette	WARN	Ignoring event 'pageshow' because document has an invalid readyState of 'uninitialized'.
JavaScript warning: https://pagead2.googlesyndication.com/bg/w_rD9ZLaIUzf8tz5uGe43QC13teVX8xQS6CL4xzxcXc.js, line 2: unreachable code after return statement
JavaScript warning: https://pagead2.googlesyndication.com/bg/w_rD9ZLaIUzf8tz5uGe43QC13teVX8xQS6CL4xzxcXc.js, line 5008: unreachable code after return statement
JavaScript warning: https://pagead2.googlesyndication.com/bg/w_rD9ZLaIUzf8tz5uGe43QC13teVX8xQS6CL4xzxcXc.js, line 5008: unreachable code after return statement
JavaScript warning: https://pagead2.googlesyndication.com/bg/w_rD9ZLaIUzf8tz5uGe43QC13teVX8xQS6CL4xzxcXc.js, line 5008: unreachable code after return statement
JavaScript warning: https://pagead2.googlesyndication.com/bg/w_rD9ZLaIUzf8tz5uGe43QC13teVX8xQS6CL4xzxcXc.js line 2 > eval, line 5008: unreachable code after return statement
JavaScript warning: https://pagead2.googlesyndication.com/bg/w_rD9ZLaIUzf8tz5uGe43QC13teVX8xQS6CL4xzxcXc.js line 2 > eval, line 5008: unreachable code after return statement
JavaScript warning: https://pagead2.googlesyndication.com/bg/w_rD9ZLaIUzf8tz5uGe43QC13teVX8xQS6CL4xzxcXc.js line 2 > eval line 5008 > eval, line 1: unreachable code after return statement
JavaScript warning: https://pagead2.googlesyndication.com/bg/w_rD9ZLaIUzf8tz5uGe43QC13teVX8xQS6CL4xzxcXc.js line 2 > eval line 5008 > eval line 1 > eval, line 1: unreachable code after return statement
JavaScript warning: https://pagead2.googlesyndication.com/bg/w_rD9ZLaIUzf8tz5uGe43QC13teVX8xQS6CL4xzxcXc.js line 2 > eval line 5008 > eval, line 1: unreachable code after return statement
JavaScript warning: https://pagead2.googlesyndication.com/bg/w_rD9ZLaIUzf8tz5uGe43QC13teVX8xQS6CL4xzxcXc.js line 2 > eval line 5008 > eval line 1 > eval, line 1: unreachable code after return statement
JavaScript warning: https://pagead2.googlesyndication.com/bg/w_rD9ZLaIUzf8tz5uGe43QC13teVX8xQS6CL4xzxcXc.js line 2 > eval, line 5008: unreachable code after return statement
JavaScript warning: https://pagead2.googlesyndication.com/bg/w_rD9ZLaIUzf8tz5uGe43QC13teVX8xQS6CL4xzxcXc.js line 2 > eval line 5008 > eval line 1 > eval, line 1: unreachable code after return statement
JavaScript warning: https://pagead2.googlesyndication.com/bg/w_rD9ZLaIUzf8tz5uGe43QC13teVX8xQS6CL4xzxcXc.js line 2 > eval line 5008 > eval line 1 > eval, line 1: unreachable code after return statement
JavaScript warning: https://pagead2.googlesyndication.com/bg/w_rD9ZLaIUzf8tz5uGe43QC13teVX8xQS6CL4xzxcXc.js line 2 > eval line 5008 > eval line 1 > eval line 1 > eval, line 1: unreachable code after return statement
JavaScript warning: https://pagead2.googlesyndication.com/bg/w_rD9ZLaIUzf8tz5uGe43QC13teVX8xQS6CL4xzxcXc.js line 2 > eval line 5008 > eval line 1 > eval line 1 > eval, line 1: unreachable code after return statement
1755882255668	Marionette	WARN	Ignoring event 'pageshow' because document has an invalid readyState of 'uninitialized'.
1755882255688	Marionette	WARN	Ignoring event 'pageshow' because document has an invalid readyState of 'uninitialized'.
JavaScript warning: https://player.aniview.com/ssync/62f53b2c7850d0786f227f64/ssync.html?gdpr=0&gdpr_consent=&pid=62f53b2c7850d0786f227f64&r=https%3A%2F%2Fvisitor.us-east4.gcp.omnitagjs.com%2Fvisitor%2Fsync%3Fgdpr%3D0%26gdpr_consent%3D%26name%3DANIVIEW%26ttl%3D720%26uid%3De8ecb87ff2ef3a3b16ba16c51e7986ac%26visitor%3D%255BAV_UID%255D, line 82: unreachable code after return statement
JavaScript warning: https://player.aniview.com/ssync/62f53b2c7850d0786f227f64/ssync.html?gdpr=0&gdpr_consent=&pid=62f53b2c7850d0786f227f64&r=https%3A%2F%2Fvisitor.us-east4.gcp.omnitagjs.com%2Fvisitor%2Fsync%3Fgdpr%3D0%26gdpr_consent%3D%26name%3DANIVIEW%26ttl%3D720%26uid%3De8ecb87ff2ef3a3b16ba16c51e7986ac%26visitor%3D%255BAV_UID%255D, line 82: unreachable code after return statement
1755882256672	Marionette	WARN	Ignoring event 'pageshow' because document has an invalid readyState of 'uninitialized'.
1755882256678	Marionette	WARN	Ignoring event 'pageshow' because document has an invalid readyState of 'uninitialized'.
1755882260366	Marionette	WARN	Ignoring event 'pageshow' because document has an invalid readyState of 'uninitialized'.
1755882260403	Marionette	WARN	Ignoring event 'pageshow' because document has an invalid readyState of 'uninitialized'.
1755882268559	Marionette	INFO	Stopped listening on port 57440
Dynamically enable window occlusion 1
JavaScript warning: https://www.rotowire.com/frontend/assets/js/rotowire.min.js?v=219, line 66: Script terminated by timeout at:
e@https://www.rotowire.com/frontend/assets/js/rotowire.min.js?v=219:66:1871

console.error: "Failed to fetch https://ads.mozilla.org/v1/delete_user:" "NetworkError when attempting to fetch resource."
console.warn: TopSitesFeed: Failed to fetch data from MARS server: NetworkError when attempting to fetch resource.
JavaScript error: , line 0: TypeError: NetworkError when attempting to fetch resource.
JavaScript error: , line 0: TypeError: NetworkError when attempting to fetch resource.
JavaScript error: , line 0: TypeError: NetworkError when attempting to fetch resource.
JavaScript error: , line 0: TypeError: NetworkError when attempting to fetch resource.
JavaScript error: , line 0: TypeError: NetworkError when attempting to fetch resource.
console.error: (new Error("Polling for changes failed: .", "resource://services-settings/remote-settings.sys.mjs", 434))
1755882270300	addons.xpi	ERROR	System addon update list error [Exception... "<no message>"  nsresult: "0x8046001e (<unknown>)"  location: "JS frame :: resource://gre/modules/ServiceRequest.sys.mjs :: open :: line 126"  data: no]
console.error: Region.sys.mjs: "Error fetching region" (new TypeError("NetworkError when attempting to fetch resource.", "resource://gre/modules/Region.sys.mjs", 730))
console.error: Region.sys.mjs: "Failed to fetch region" (new Error("NO_RESULT", "resource://gre/modules/Region.sys.mjs", 396))
JavaScript error: resource://services-settings/RemoteSettingsClient.sys.mjs, line 102: Error: Unknown callback
[GFX1-]: VideoBridgeParent receives IPC close with reason=AbnormalShutdown
1755882339521	geckodriver	INFO	Listening on 127.0.0.1:57651
1755882342549	mozrunner::runner	INFO	Running command: "C:\\Program Files\\Mozilla Firefox\\firefox.exe" "--marionette" "--width=1350" "--height=1025" "--remote-de ... 2" "--remote-allow-hosts" "localhost" "-no-remote" "-profile" "C:\\Users\\brend\\AppData\\Local\\Temp\\rust_mozprofileptv2xR"
console.warn: services.settings: Ignoring preference override of remote settings server
console.warn: services.settings: Allow by setting MOZ_REMOTE_SETTINGS_DEVTOOLS=1 in the environment
Dynamically enable window occlusion 0
1755882342986	Marionette	INFO	Marionette enabled
console.error: "Warning: unrecognized command line flag" "-width"
console.error: "Warning: unrecognized command line flag" "-height"
1755882343068	Marionette	INFO	Listening on port 57662
WebDriver BiDi listening on ws://127.0.0.1:57652
Read port: 57662
1755882343288	RemoteAgent	WARN	TLS certificate errors will be ignored for this session
1755882531675	Marionette	INFO	Stopped listening on port 57662
Dynamically enable window occlusion 1
console.error: "Failed to fetch https://ads.mozilla.org/v1/delete_user:" "NetworkError when attempting to fetch resource."
console.warn: TopSitesFeed: Failed to fetch data from MARS server: NetworkError when attempting to fetch resource.
JavaScript error: resource://services-settings/RemoteSettingsClient.sys.mjs, line 102: Error: Unknown callback
1755899814083	geckodriver	INFO	Listening on 127.0.0.1:58801
1755899817145	mozrunner::runner	INFO	Running command: "C:\\Program Files\\Mozilla Firefox\\firefox.exe" "--marionette" "--width=950" "--height=1025" "--remote-deb ... 2" "--remote-allow-hosts" "localhost" "-no-remote" "-profile" "C:\\Users\\brend\\AppData\\Local\\Temp\\rust_mozprofilevpssKG"
console.warn: services.settings: Ignoring preference override of remote settings server
console.warn: services.settings: Allow by setting MOZ_REMOTE_SETTINGS_DEVTOOLS=1 in the environment
Dynamically enable window occlusion 0
1755899819154	Marionette	INFO	Marionette enabled
console.error: "Warning: unrecognized command line flag" "-width"
console.error: "Warning: unrecognized command line flag" "-height"
1755899819258	Marionette	INFO	Listening on port 58810
Read port: 58810
WebDriver BiDi listening on ws://127.0.0.1:58802
1755899819336	RemoteAgent	WARN	TLS certificate errors will be ignored for this session
JavaScript warning: https://scripts.webcontentassessor.com/scripts/d432d2cc1ea079030ef54edcb8b458c211934a1174311c663c3909a0d1af4105, line 1: unreachable code after return statement
1755899824018	Marionette	WARN	Ignoring event 'DOMContentLoaded' because document has an invalid readyState of 'complete'.
1755899827665	Marionette	WARN	Ignoring event 'pageshow' because document has an invalid readyState of 'uninitialized'.
Missing chrome or resource URL: chrome://browser/skin/aboutSessionRestore-window-icon.png
Missing chrome or resource URL: chrome://browser/skin/abyss/img/waterfox-abyss-preview.svg
1755899828426	Marionette	WARN	Ignoring event 'pageshow' because document has an invalid readyState of 'uninitialized'.
JavaScript warning: https://pagead2.googlesyndication.com/bg/w_rD9ZLaIUzf8tz5uGe43QC13teVX8xQS6CL4xzxcXc.js, line 2: unreachable code after return statement
JavaScript warning: https://pagead2.googlesyndication.com/bg/w_rD9ZLaIUzf8tz5uGe43QC13teVX8xQS6CL4xzxcXc.js, line 4767: unreachable code after return statement
JavaScript warning: https://pagead2.googlesyndication.com/bg/w_rD9ZLaIUzf8tz5uGe43QC13teVX8xQS6CL4xzxcXc.js, line 4767: unreachable code after return statement
JavaScript warning: https://pagead2.googlesyndication.com/bg/w_rD9ZLaIUzf8tz5uGe43QC13teVX8xQS6CL4xzxcXc.js, line 4767: unreachable code after return statement
JavaScript warning: https://pagead2.googlesyndication.com/bg/w_rD9ZLaIUzf8tz5uGe43QC13teVX8xQS6CL4xzxcXc.js line 2 > eval, line 4767: unreachable code after return statement
JavaScript warning: https://pagead2.googlesyndication.com/bg/w_rD9ZLaIUzf8tz5uGe43QC13teVX8xQS6CL4xzxcXc.js line 2 > eval, line 4767: unreachable code after return statement
JavaScript warning: https://pagead2.googlesyndication.com/bg/w_rD9ZLaIUzf8tz5uGe43QC13teVX8xQS6CL4xzxcXc.js line 2 > eval line 4767 > eval, line 1: unreachable code after return statement
JavaScript warning: https://pagead2.googlesyndication.com/bg/w_rD9ZLaIUzf8tz5uGe43QC13teVX8xQS6CL4xzxcXc.js line 2 > eval line 4767 > eval line 1 > eval, line 1: unreachable code after return statement
JavaScript warning: https://pagead2.googlesyndication.com/bg/w_rD9ZLaIUzf8tz5uGe43QC13teVX8xQS6CL4xzxcXc.js line 2 > eval line 4767 > eval, line 1: unreachable code after return statement
JavaScript warning: https://pagead2.googlesyndication.com/bg/w_rD9ZLaIUzf8tz5uGe43QC13teVX8xQS6CL4xzxcXc.js line 2 > eval line 4767 > eval line 1 > eval, line 1: unreachable code after return statement
JavaScript warning: https://pagead2.googlesyndication.com/bg/w_rD9ZLaIUzf8tz5uGe43QC13teVX8xQS6CL4xzxcXc.js line 2 > eval, line 4767: unreachable code after return statement
JavaScript warning: https://pagead2.googlesyndication.com/bg/w_rD9ZLaIUzf8tz5uGe43QC13teVX8xQS6CL4xzxcXc.js line 2 > eval line 4767 > eval line 1 > eval, line 1: unreachable code after return statement
JavaScript warning: https://pagead2.googlesyndication.com/bg/w_rD9ZLaIUzf8tz5uGe43QC13teVX8xQS6CL4xzxcXc.js line 2 > eval line 4767 > eval line 1 > eval, line 1: unreachable code after return statement
JavaScript warning: https://pagead2.googlesyndication.com/bg/w_rD9ZLaIUzf8tz5uGe43QC13teVX8xQS6CL4xzxcXc.js line 2 > eval line 4767 > eval line 1 > eval line 1 > eval, line 1: unreachable code after return statement
JavaScript warning: https://pagead2.googlesyndication.com/bg/w_rD9ZLaIUzf8tz5uGe43QC13teVX8xQS6CL4xzxcXc.js line 2 > eval line 4767 > eval line 1 > eval line 1 > eval, line 1: unreachable code after return statement
1755899833661	Marionette	WARN	Ignoring event 'pageshow' because document has an invalid readyState of 'uninitialized'.
1755899834221	Marionette	WARN	Ignoring event 'pageshow' because document has an invalid readyState of 'uninitialized'.
1755899835835	Marionette	WARN	Ignoring event 'pageshow' because document has an invalid readyState of 'uninitialized'.
1755899835844	Marionette	WARN	Ignoring event 'pageshow' because document has an invalid readyState of 'uninitialized'.
JavaScript warning: https://player.aniview.com/ssync/62f53b2c7850d0786f227f64/ssync.html?gdpr=0&gdpr_consent=&pid=62f53b2c7850d0786f227f64&r=https%3A%2F%2Fvisitor.us-east4.gcp.omnitagjs.com%2Fvisitor%2Fsync%3Fgdpr%3D0%26gdpr_consent%3D%26name%3DANIVIEW%26ttl%3D720%26uid%3De8ecb87ff2ef3a3b16ba16c51e7986ac%26visitor%3D%255BAV_UID%255D, line 82: unreachable code after return statement
1755899837604	Marionette	WARN	Ignoring event 'pageshow' because document has an invalid readyState of 'uninitialized'.
1755899837842	Marionette	WARN	Ignoring event 'pageshow' because document has an invalid readyState of 'uninitialized'.
1755899838068	Marionette	WARN	Ignoring event 'pageshow' because document has an invalid readyState of 'uninitialized'.
JavaScript warning: https://player.aniview.com/ssync/62f53b2c7850d0786f227f64/ssync.html?gdpr=0&gdpr_consent=&pid=62f53b2c7850d0786f227f64&r=https%3A%2F%2Fvisitor.us-east4.gcp.omnitagjs.com%2Fvisitor%2Fsync%3Fgdpr%3D0%26gdpr_consent%3D%26name%3DANIVIEW%26ttl%3D720%26uid%3De8ecb87ff2ef3a3b16ba16c51e7986ac%26visitor%3D%255BAV_UID%255D, line 82: unreachable code after return statement
1755899849131	Marionette	WARN	Ignoring event 'pageshow' because document has an invalid readyState of 'uninitialized'.
JavaScript error: javascript:void;, line 1: SyntaxError: expected expression, got ';'
1755899858917	Marionette	INFO	Stopped listening on port 58810
Dynamically enable window occlusion 1
console.error: "Failed to fetch https://ads.mozilla.org/v1/delete_user:" "NetworkError when attempting to fetch resource."
console.warn: TopSitesFeed: Failed to fetch data from MARS server: NetworkError when attempting to fetch resource.
JavaScript error: , line 0: TypeError: NetworkError when attempting to fetch resource.
JavaScript error: , line 0: TypeError: NetworkError when attempting to fetch resource.
JavaScript error: , line 0: TypeError: NetworkError when attempting to fetch resource.
JavaScript error: , line 0: TypeError: NetworkError when attempting to fetch resource.
JavaScript error: , line 0: TypeError: NetworkError when attempting to fetch resource.
JavaScript error: resource://services-settings/RemoteSettingsClient.sys.mjs, line 102: Error: Unknown callback
[GFX1-]: VideoBridgeParent receives IPC close with reason=AbnormalShutdown
1755899870865	geckodriver	INFO	Listening on 127.0.0.1:53533
1755899873884	mozrunner::runner	INFO	Running command: "C:\\Program Files\\Mozilla Firefox\\firefox.exe" "--marionette" "--width=1350" "--height=1025" "--remote-de ... 4" "--remote-allow-hosts" "localhost" "-no-remote" "-profile" "C:\\Users\\brend\\AppData\\Local\\Temp\\rust_mozprofileJcmQAH"
console.warn: services.settings: Ignoring preference override of remote settings server
console.warn: services.settings: Allow by setting MOZ_REMOTE_SETTINGS_DEVTOOLS=1 in the environment
Dynamically enable window occlusion 0
1755899874999	Marionette	INFO	Marionette enabled
console.error: "Warning: unrecognized command line flag" "-width"
console.error: "Warning: unrecognized command line flag" "-height"
1755899875077	Marionette	INFO	Listening on port 53545
WebDriver BiDi listening on ws://127.0.0.1:53534
Read port: 53545
1755899875174	RemoteAgent	WARN	TLS certificate errors will be ignored for this session
1755900063694	Marionette	INFO	Stopped listening on port 53545
Dynamically enable window occlusion 1
console.error: "Failed to fetch https://ads.mozilla.org/v1/delete_user:" "NetworkError when attempting to fetch resource."
console.warn: TopSitesFeed: Failed to fetch data from MARS server: NetworkError when attempting to fetch resource.
JavaScript error: resource://services-settings/RemoteSettingsClient.sys.mjs, line 102: Error: Unknown callback
1755966090494	geckodriver	INFO	Listening on 127.0.0.1:56162
1755966093591	mozrunner::runner	INFO	Running command: "C:\\Program Files\\Mozilla Firefox\\firefox.exe" "--marionette" "--width=950" "--height=1025" "--remote-deb ... 3" "--remote-allow-hosts" "localhost" "-no-remote" "-profile" "C:\\Users\\brend\\AppData\\Local\\Temp\\rust_mozprofilekIVTr6"
console.warn: services.settings: Ignoring preference override of remote settings server
console.warn: services.settings: Allow by setting MOZ_REMOTE_SETTINGS_DEVTOOLS=1 in the environment
Dynamically enable window occlusion 0
1755966094941	Marionette	INFO	Marionette enabled
console.error: "Warning: unrecognized command line flag" "-width"
console.error: "Warning: unrecognized command line flag" "-height"
1755966095044	Marionette	INFO	Listening on port 56171
WebDriver BiDi listening on ws://127.0.0.1:56163
Read port: 56171
1755966095205	RemoteAgent	WARN	TLS certificate errors will be ignored for this session
JavaScript warning: https://scripts.webcontentassessor.com/scripts/d432d2cc1ea079030ef54edcb8b458c211934a1174311c663c3909a0d1af4105, line 1: unreachable code after return statement
1755966100332	Marionette	WARN	Ignoring event 'DOMContentLoaded' because document has an invalid readyState of 'complete'.
1755966106735	Marionette	WARN	Ignoring event 'pageshow' because document has an invalid readyState of 'uninitialized'.
1755966109681	Marionette	WARN	Ignoring event 'pageshow' because document has an invalid readyState of 'uninitialized'.
1755966109777	Marionette	WARN	Ignoring event 'pageshow' because document has an invalid readyState of 'uninitialized'.
1755966110282	Marionette	WARN	Ignoring event 'pageshow' because document has an invalid readyState of 'uninitialized'.
1755966110300	Marionette	WARN	Ignoring event 'pageshow' because document has an invalid readyState of 'uninitialized'.
JavaScript warning: https://player.aniview.com/ssync/62f53b2c7850d0786f227f64/ssync.html?gdpr=0&gdpr_consent=&pid=62f53b2c7850d0786f227f64&r=https%3A%2F%2Fvisitor.us-east4.gcp.omnitagjs.com%2Fvisitor%2Fsync%3Fgdpr%3D0%26gdpr_consent%3D%26name%3DANIVIEW%26ttl%3D720%26uid%3De8ecb87ff2ef3a3b16ba16c51e7986ac%26visitor%3D%255BAV_UID%255D, line 82: unreachable code after return statement
JavaScript warning: https://player.aniview.com/ssync/62f53b2c7850d0786f227f64/ssync.html?gdpr=0&gdpr_consent=&pid=62f53b2c7850d0786f227f64&r=https%3A%2F%2Fvisitor.us-east4.gcp.omnitagjs.com%2Fvisitor%2Fsync%3Fgdpr%3D0%26gdpr_consent%3D%26name%3DANIVIEW%26ttl%3D720%26uid%3De8ecb87ff2ef3a3b16ba16c51e7986ac%26visitor%3D%255BAV_UID%255D, line 82: unreachable code after return statement
1755966111601	Marionette	WARN	Ignoring event 'pageshow' because document has an invalid readyState of 'uninitialized'.
1755966112035	Marionette	WARN	Ignoring event 'pageshow' because document has an invalid readyState of 'uninitialized'.
1755966117109	Marionette	WARN	Ignoring event 'pageshow' because document has an invalid readyState of 'uninitialized'.
JavaScript error: https://usync.ingage.tech/?gdpr=&gdpr_consent=&us_privacy=&redirect=https%3A%2F%2Fcookies.nextmillmedia.com%2Fsetuid%3Fbidder%3Dinsticator%26nmuid%3D4469f85c-7663-4adf-b30d-a818a934aa59%26gdpr%3D%26gdpr_consent%3D%26us_privacy%3D%26uid%3D%24UID, line 1: TypeError: can't access property "document", a.contentWindow is null
1755966136698	Marionette	WARN	Ignoring event 'pageshow' because document has an invalid readyState of 'uninitialized'.
1755966146125	Marionette	INFO	Stopped listening on port 56171
Dynamically enable window occlusion 1
JavaScript warning: https://www.rotowire.com/frontend/assets/js/rotowire.min.js?v=219, line 66: Script terminated by timeout at:
e@https://www.rotowire.com/frontend/assets/js/rotowire.min.js?v=219:66:1871

console.error: "Failed to fetch https://ads.mozilla.org/v1/delete_user:" "NetworkError when attempting to fetch resource."
console.warn: TopSitesFeed: Failed to fetch data from MARS server: NetworkError when attempting to fetch resource.
JavaScript error: , line 0: TypeError: NetworkError when attempting to fetch resource.
JavaScript error: , line 0: TypeError: NetworkError when attempting to fetch resource.
JavaScript error: , line 0: TypeError: NetworkError when attempting to fetch resource.
JavaScript error: , line 0: TypeError: NetworkError when attempting to fetch resource.
JavaScript error: resource://services-settings/RemoteSettingsClient.sys.mjs, line 102: Error: Unknown callback
1755966159510	geckodriver	INFO	Listening on 127.0.0.1:57600
1755966162536	mozrunner::runner	INFO	Running command: "C:\\Program Files\\Mozilla Firefox\\firefox.exe" "--marionette" "--width=1350" "--height=1025" "--remote-de ... 1" "--remote-allow-hosts" "localhost" "-no-remote" "-profile" "C:\\Users\\brend\\AppData\\Local\\Temp\\rust_mozprofilezG2iRc"
console.warn: services.settings: Ignoring preference override of remote settings server
console.warn: services.settings: Allow by setting MOZ_REMOTE_SETTINGS_DEVTOOLS=1 in the environment
Dynamically enable window occlusion 0
1755966163224	Marionette	INFO	Marionette enabled
console.error: "Warning: unrecognized command line flag" "-width"
console.error: "Warning: unrecognized command line flag" "-height"
1755966163323	Marionette	INFO	Listening on port 57608
WebDriver BiDi listening on ws://127.0.0.1:57601
Read port: 57608
1755966163456	RemoteAgent	WARN	TLS certificate errors will be ignored for this session
1755966339721	Marionette	INFO	Stopped listening on port 57608
Dynamically enable window occlusion 1
console.error: "Failed to fetch https://ads.mozilla.org/v1/delete_user:" "NetworkError when attempting to fetch resource."
console.warn: TopSitesFeed: Failed to fetch data from MARS server: NetworkError when attempting to fetch resource.
JavaScript error: resource://services-settings/RemoteSettingsClient.sys.mjs, line 102: Error: Unknown callback
1755967896296	geckodriver	INFO	Listening on 127.0.0.1:58187
1755967899391	mozrunner::runner	INFO	Running command: "C:\\Program Files\\Mozilla Firefox\\firefox.exe" "--marionette" "--width=950" "--height=1025" "--remote-deb ... 8" "--remote-allow-hosts" "localhost" "-no-remote" "-profile" "C:\\Users\\brend\\AppData\\Local\\Temp\\rust_mozprofileV8oXs4"
console.warn: services.settings: Ignoring preference override of remote settings server
console.warn: services.settings: Allow by setting MOZ_REMOTE_SETTINGS_DEVTOOLS=1 in the environment
Dynamically enable window occlusion 0
1755967900205	Marionette	INFO	Marionette enabled
console.error: "Warning: unrecognized command line flag" "-width"
console.error: "Warning: unrecognized command line flag" "-height"
1755967900299	Marionette	INFO	Listening on port 58195
WebDriver BiDi listening on ws://127.0.0.1:58188
Read port: 58195
1755967900504	RemoteAgent	WARN	TLS certificate errors will be ignored for this session
JavaScript warning: https://scripts.webcontentassessor.com/scripts/d432d2cc1ea079030ef54edcb8b458c211934a1174311c663c3909a0d1af4105, line 1: unreachable code after return statement
1755967904590	Marionette	WARN	Ignoring event 'DOMContentLoaded' because document has an invalid readyState of 'complete'.
1755967910063	Marionette	WARN	Ignoring event 'pageshow' because document has an invalid readyState of 'uninitialized'.
1755967912230	Marionette	WARN	Ignoring event 'pageshow' because document has an invalid readyState of 'uninitialized'.
1755967912305	Marionette	WARN	Ignoring event 'pageshow' because document has an invalid readyState of 'uninitialized'.
JavaScript warning: https://player.aniview.com/ssync/62f53b2c7850d0786f227f64/ssync.html?gdpr=0&gdpr_consent=&pid=62f53b2c7850d0786f227f64&r=https%3A%2F%2Fvisitor.us-east4.gcp.omnitagjs.com%2Fvisitor%2Fsync%3Fgdpr%3D0%26gdpr_consent%3D%26name%3DANIVIEW%26ttl%3D720%26uid%3De8ecb87ff2ef3a3b16ba16c51e7986ac%26visitor%3D%255BAV_UID%255D, line 82: unreachable code after return statement
JavaScript warning: https://player.aniview.com/ssync/62f53b2c7850d0786f227f64/ssync.html?gdpr=0&gdpr_consent=&pid=62f53b2c7850d0786f227f64&r=https%3A%2F%2Fvisitor.us-east4.gcp.omnitagjs.com%2Fvisitor%2Fsync%3Fgdpr%3D0%26gdpr_consent%3D%26name%3DANIVIEW%26ttl%3D720%26uid%3De8ecb87ff2ef3a3b16ba16c51e7986ac%26visitor%3D%255BAV_UID%255D, line 82: unreachable code after return statement
1755967913355	Marionette	WARN	Ignoring event 'pageshow' because document has an invalid readyState of 'uninitialized'.
1755967916683	Marionette	WARN	Ignoring event 'pageshow' because document has an invalid readyState of 'uninitialized'.
1755967916722	Marionette	WARN	Ignoring event 'pageshow' because document has an invalid readyState of 'uninitialized'.
1755967921029	Marionette	WARN	Ignoring event 'pageshow' because document has an invalid readyState of 'uninitialized'.
1755967921157	Marionette	WARN	Ignoring event 'pageshow' because document has an invalid readyState of 'uninitialized'.
1755967921419	Marionette	WARN	Ignoring event 'pageshow' because document has an invalid readyState of 'uninitialized'.
1755967921784	Marionette	WARN	Ignoring event 'pageshow' because document has an invalid readyState of 'uninitialized'.
1755967929684	Marionette	WARN	Ignoring event 'pageshow' because document has an invalid readyState of 'uninitialized'.
1755967929715	Marionette	WARN	Ignoring event 'pageshow' because document has an invalid readyState of 'uninitialized'.
1755967943427	Marionette	INFO	Stopped listening on port 58195
Dynamically enable window occlusion 1
console.error: "Failed to fetch https://ads.mozilla.org/v1/delete_user:" "NetworkError when attempting to fetch resource."
console.warn: TopSitesFeed: Failed to fetch data from MARS server: NetworkError when attempting to fetch resource.
JavaScript error: , line 0: TypeError: NetworkError when attempting to fetch resource.
JavaScript error: , line 0: TypeError: NetworkError when attempting to fetch resource.
JavaScript error: , line 0: TypeError: NetworkError when attempting to fetch resource.
JavaScript error: , line 0: TypeError: NetworkError when attempting to fetch resource.
JavaScript error: https://sync.adkernel.com/user-sync?zone=218872&r=https://image2.pubmatic.com/AdServer/Pug?vcode=bz0yJnR5cGU9MSZjb2RlPTM2MjgmdGw9MjE2MDA=&piggybackCookie={UID}&gdpr=0&gdpr_consent=&us_privacy=&gpp=&gpp_sid=, line 9: NS_ERROR_UNEXPECTED: 
JavaScript error: resource://services-settings/RemoteSettingsClient.sys.mjs, line 102: Error: Unknown callback
1755968348828	geckodriver	INFO	Listening on 127.0.0.1:64421
1755968351868	mozrunner::runner	INFO	Running command: "C:\\Program Files\\Mozilla Firefox\\firefox.exe" "--marionette" "--width=1350" "--height=1025" "--remote-de ... 2" "--remote-allow-hosts" "localhost" "-no-remote" "-profile" "C:\\Users\\brend\\AppData\\Local\\Temp\\rust_mozprofileMpzqrz"
console.warn: services.settings: Ignoring preference override of remote settings server
console.warn: services.settings: Allow by setting MOZ_REMOTE_SETTINGS_DEVTOOLS=1 in the environment
Dynamically enable window occlusion 0
1755968353079	Marionette	INFO	Marionette enabled
console.error: "Warning: unrecognized command line flag" "-width"
console.error: "Warning: unrecognized command line flag" "-height"
1755968353158	Marionette	INFO	Listening on port 64431
WebDriver BiDi listening on ws://127.0.0.1:64422
Read port: 64431
1755968353256	RemoteAgent	WARN	TLS certificate errors will be ignored for this session
1755968528986	Marionette	INFO	Stopped listening on port 64431
Dynamically enable window occlusion 1
console.error: "Failed to fetch https://ads.mozilla.org/v1/delete_user:" "NetworkError when attempting to fetch resource."
console.warn: TopSitesFeed: Failed to fetch data from MARS server: NetworkError when attempting to fetch resource.
JavaScript error: resource://services-settings/RemoteSettingsClient.sys.mjs, line 102: Error: Unknown callback
1756051084411	geckodriver	INFO	Listening on 127.0.0.1:53097
1756051087496	mozrunner::runner	INFO	Running command: "C:\\Program Files\\Mozilla Firefox\\firefox.exe" "--marionette" "--width=950" "--height=1025" "--remote-deb ... 8" "--remote-allow-hosts" "localhost" "-no-remote" "-profile" "C:\\Users\\brend\\AppData\\Local\\Temp\\rust_mozprofileeU4JW5"
console.warn: services.settings: Ignoring preference override of remote settings server
console.warn: services.settings: Allow by setting MOZ_REMOTE_SETTINGS_DEVTOOLS=1 in the environment
Dynamically enable window occlusion 0
1756051087989	Marionette	INFO	Marionette enabled
console.error: "Warning: unrecognized command line flag" "-width"
console.error: "Warning: unrecognized command line flag" "-height"
1756051088087	Marionette	INFO	Listening on port 53106
WebDriver BiDi listening on ws://127.0.0.1:53098
Read port: 53106
1756051088202	RemoteAgent	WARN	TLS certificate errors will be ignored for this session
JavaScript warning: https://scripts.webcontentassessor.com/scripts/d432d2cc1ea079030ef54edcb8b458c211934a1174311c663c3909a0d1af4105, line 1: unreachable code after return statement
1756051092802	Marionette	WARN	Ignoring event 'DOMContentLoaded' because document has an invalid readyState of 'complete'.
1756051097741	Marionette	WARN	Ignoring event 'pageshow' because document has an invalid readyState of 'uninitialized'.
1756051097911	Marionette	WARN	Ignoring event 'pageshow' because document has an invalid readyState of 'uninitialized'.
JavaScript warning: https://pagead2.googlesyndication.com/bg/Z-SsKYkj_Kr8t4L84tyvkiZZMnLnK5CX23Vh5jPe2Hs.js, line 4308: unreachable code after return statement
JavaScript warning: https://pagead2.googlesyndication.com/bg/Z-SsKYkj_Kr8t4L84tyvkiZZMnLnK5CX23Vh5jPe2Hs.js, line 4308: unreachable code after return statement
JavaScript warning: https://pagead2.googlesyndication.com/bg/Z-SsKYkj_Kr8t4L84tyvkiZZMnLnK5CX23Vh5jPe2Hs.js, line 4308: unreachable code after return statement
JavaScript warning: https://pagead2.googlesyndication.com/bg/Z-SsKYkj_Kr8t4L84tyvkiZZMnLnK5CX23Vh5jPe2Hs.js, line 4308: unreachable code after return statement
JavaScript warning: https://pagead2.googlesyndication.com/bg/Z-SsKYkj_Kr8t4L84tyvkiZZMnLnK5CX23Vh5jPe2Hs.js, line 4308: unreachable code after return statement
JavaScript warning: https://pagead2.googlesyndication.com/bg/Z-SsKYkj_Kr8t4L84tyvkiZZMnLnK5CX23Vh5jPe2Hs.js line 2 > eval, line 4308: unreachable code after return statement
JavaScript warning: https://pagead2.googlesyndication.com/bg/Z-SsKYkj_Kr8t4L84tyvkiZZMnLnK5CX23Vh5jPe2Hs.js line 2 > eval, line 4308: unreachable code after return statement
JavaScript warning: https://pagead2.googlesyndication.com/bg/Z-SsKYkj_Kr8t4L84tyvkiZZMnLnK5CX23Vh5jPe2Hs.js line 2 > eval, line 4308: unreachable code after return statement
JavaScript warning: https://pagead2.googlesyndication.com/bg/Z-SsKYkj_Kr8t4L84tyvkiZZMnLnK5CX23Vh5jPe2Hs.js line 2 > eval line 4308 > eval, line 1: unreachable code after return statement
JavaScript warning: https://pagead2.googlesyndication.com/bg/Z-SsKYkj_Kr8t4L84tyvkiZZMnLnK5CX23Vh5jPe2Hs.js line 2 > eval line 4308 > eval line 1 > eval, line 1: unreachable code after return statement
JavaScript warning: https://pagead2.googlesyndication.com/bg/Z-SsKYkj_Kr8t4L84tyvkiZZMnLnK5CX23Vh5jPe2Hs.js line 2 > eval, line 4308: unreachable code after return statement
JavaScript warning: https://pagead2.googlesyndication.com/bg/Z-SsKYkj_Kr8t4L84tyvkiZZMnLnK5CX23Vh5jPe2Hs.js line 2 > eval, line 4308: unreachable code after return statement
JavaScript warning: https://pagead2.googlesyndication.com/bg/Z-SsKYkj_Kr8t4L84tyvkiZZMnLnK5CX23Vh5jPe2Hs.js line 2 > eval line 4308 > eval line 1 > eval, line 1: unreachable code after return statement
JavaScript warning: https://pagead2.googlesyndication.com/bg/Z-SsKYkj_Kr8t4L84tyvkiZZMnLnK5CX23Vh5jPe2Hs.js line 2 > eval line 4308 > eval line 1 > eval, line 1: unreachable code after return statement
JavaScript warning: https://pagead2.googlesyndication.com/bg/Z-SsKYkj_Kr8t4L84tyvkiZZMnLnK5CX23Vh5jPe2Hs.js line 2 > eval line 4308 > eval line 1 > eval line 1 > eval, line 1: unreachable code after return statement
JavaScript warning: https://pagead2.googlesyndication.com/bg/Z-SsKYkj_Kr8t4L84tyvkiZZMnLnK5CX23Vh5jPe2Hs.js line 2 > eval line 4308 > eval line 1 > eval line 1 > eval, line 1: unreachable code after return statement
1756051102218	Marionette	WARN	Ignoring event 'pageshow' because document has an invalid readyState of 'uninitialized'.
1756051104411	Marionette	WARN	Ignoring event 'pageshow' because document has an invalid readyState of 'uninitialized'.
1756051104526	Marionette	WARN	Ignoring event 'pageshow' because document has an invalid readyState of 'uninitialized'.
1756051104663	Marionette	WARN	Ignoring event 'pageshow' because document has an invalid readyState of 'uninitialized'.
JavaScript warning: https://player.aniview.com/ssync/62f53b2c7850d0786f227f64/ssync.html?gdpr=0&gdpr_consent=&pid=62f53b2c7850d0786f227f64&r=https%3A%2F%2Fvisitor.us-east4.gcp.omnitagjs.com%2Fvisitor%2Fsync%3Fgdpr%3D0%26gdpr_consent%3D%26name%3DANIVIEW%26ttl%3D720%26uid%3De8ecb87ff2ef3a3b16ba16c51e7986ac%26visitor%3D%255BAV_UID%255D, line 82: unreachable code after return statement
JavaScript warning: https://player.aniview.com/ssync/62f53b2c7850d0786f227f64/ssync.html?gdpr=0&gdpr_consent=&pid=62f53b2c7850d0786f227f64&r=https%3A%2F%2Fvisitor.us-east4.gcp.omnitagjs.com%2Fvisitor%2Fsync%3Fgdpr%3D0%26gdpr_consent%3D%26name%3DANIVIEW%26ttl%3D720%26uid%3De8ecb87ff2ef3a3b16ba16c51e7986ac%26visitor%3D%255BAV_UID%255D, line 82: unreachable code after return statement
1756051108070	Marionette	WARN	Ignoring event 'pageshow' because document has an invalid readyState of 'uninitialized'.
1756051108076	Marionette	WARN	Ignoring event 'pageshow' because document has an invalid readyState of 'uninitialized'.
1756051111558	Marionette	WARN	Ignoring event 'pageshow' because document has an invalid readyState of 'uninitialized'.
1756051116681	Marionette	WARN	Ignoring event 'pageshow' because document has an invalid readyState of 'uninitialized'.
1756051133315	Marionette	WARN	Ignoring event 'pageshow' because document has an invalid readyState of 'uninitialized'.
1756051154727	Marionette	INFO	Stopped listening on port 53106
Dynamically enable window occlusion 1
console.error: "Failed to fetch https://ads.mozilla.org/v1/delete_user:" "NetworkError when attempting to fetch resource."
console.warn: TopSitesFeed: Failed to fetch data from MARS server: NetworkError when attempting to fetch resource.
JavaScript warning: https://www.rotowire.com/frontend/assets/js/rotowire.min.js?v=219, line 66: Script terminated by timeout at:
e@https://www.rotowire.com/frontend/assets/js/rotowire.min.js?v=219:66:1871

JavaScript warning: https://a.amxrtb.com/js/cframe.js#gdpr=0&gdpr_consent=&cc=US, line 1: Script terminated by timeout at:
a@https://a.amxrtb.com/js/cframe.js#gdpr=0&gdpr_consent=&cc=US:1:181
v@https://a.amxrtb.com/js/cframe.js#gdpr=0&gdpr_consent=&cc=US:1:6556

JavaScript error: , line 0: TypeError: NetworkError when attempting to fetch resource.
JavaScript error: , line 0: TypeError: NetworkError when attempting to fetch resource.
JavaScript error: , line 0: TypeError: NetworkError when attempting to fetch resource.
JavaScript error: , line 0: TypeError: NetworkError when attempting to fetch resource.
JavaScript error: , line 0: TypeError: NetworkError when attempting to fetch resource.
JavaScript warning: https://gum.criteo.com/syncframe?origin=publishertagids&topUrl=www.rotowire.com&gdpr=0&gdpr_consent=#{%22bundle%22:{%22origin%22:0},%22optout%22:{%22value%22:false,%22origin%22:0},%22tld%22:%22rotowire.com%22,%22topUrl%22:%22www.rotowire.com%22,%22version%22:162,%22origin%22:%22publishertagids%22,%22requestId%22:%220.5217351939786694%22}, line 13: Script terminated by timeout at:
o.prototype.flushEventQueue@https://gum.criteo.com/syncframe?origin=publishertagids&topUrl=www.rotowire.com&gdpr=0&gdpr_consent=#{%22bundle%22:{%22origin%22:0},%22optout%22:{%22value%22:false,%22origin%22:0},%22tld%22:%22rotowire.com%22,%22topUrl%22:%22www.rotowire.com%22,%22version%22:162,%22origin%22:%22publishertagids%22,%22requestId%22:%220.5217351939786694%22}:13:3137
o/<@https://gum.criteo.com/syncframe?origin=publishertagids&topUrl=www.rotowire.com&gdpr=0&gdpr_consent=#{%22bundle%22:{%22origin%22:0},%22optout%22:{%22value%22:false,%22origin%22:0},%22tld%22:%22rotowire.com%22,%22topUrl%22:%22www.rotowire.com%22,%22version%22:162,%22origin%22:%22publishertagids%22,%22requestId%22:%220.5217351939786694%22}:13:3642

JavaScript error: resource://services-settings/RemoteSettingsClient.sys.mjs, line 102: Error: Unknown callback
[GFX1-]: VideoBridgeParent receives IPC close with reason=AbnormalShutdown
1756051169057	geckodriver	INFO	Listening on 127.0.0.1:51701
1756051172089	mozrunner::runner	INFO	Running command: "C:\\Program Files\\Mozilla Firefox\\firefox.exe" "--marionette" "--width=1350" "--height=1025" "--remote-de ... 2" "--remote-allow-hosts" "localhost" "-no-remote" "-profile" "C:\\Users\\brend\\AppData\\Local\\Temp\\rust_mozprofileKczNhA"
console.warn: services.settings: Ignoring preference override of remote settings server
console.warn: services.settings: Allow by setting MOZ_REMOTE_SETTINGS_DEVTOOLS=1 in the environment
Dynamically enable window occlusion 0
1756051173340	Marionette	INFO	Marionette enabled
console.error: "Warning: unrecognized command line flag" "-width"
console.error: "Warning: unrecognized command line flag" "-height"
1756051173443	Marionette	INFO	Listening on port 51709
WebDriver BiDi listening on ws://127.0.0.1:51702
Read port: 51709
1756051173589	RemoteAgent	WARN	TLS certificate errors will be ignored for this session
1756051360725	Marionette	INFO	Stopped listening on port 51709
Dynamically enable window occlusion 1
JavaScript warning: https://crazyninjaodds.com/ScriptResource.axd?d=NJmAwtEo3Ipnlaxl6CMhvpAd71mSnzuAUze8MAwh0NS-JoaA3QRk-C0pQ5NAOrkmRDutu_yU9PDJqiNkR6AjQUuIeQbcZBIIwKmKAVZqrELN9uDlxcylIa41MzdQ-24ZDTxEt0Hylljm1t_xxTtqcTRw3DZnAR6kgknLKTVYhNM1&t=2a9d95e3, line 5: Script terminated by timeout at:
Function.createDelegate/<@https://crazyninjaodds.com/ScriptResource.axd?d=NJmAwtEo3Ipnlaxl6CMhvpAd71mSnzuAUze8MAwh0NS-JoaA3QRk-C0pQ5NAOrkmRDutu_yU9PDJqiNkR6AjQUuIeQbcZBIIwKmKAVZqrELN9uDlxcylIa41MzdQ-24ZDTxEt0Hylljm1t_xxTtqcTRw3DZnAR6kgknLKTVYhNM1&t=2a9d95e3:5:295

console.error: "Failed to fetch https://ads.mozilla.org/v1/delete_user:" "NetworkError when attempting to fetch resource."
console.warn: TopSitesFeed: Failed to fetch data from MARS server: NetworkError when attempting to fetch resource.
JavaScript error: resource://services-settings/RemoteSettingsClient.sys.mjs, line 102: Error: Unknown callback
1756154970797	geckodriver	INFO	Listening on 127.0.0.1:53198
1756154973860	mozrunner::runner	INFO	Running command: "C:\\Program Files\\Mozilla Firefox\\firefox.exe" "--marionette" "--width=950" "--height=1025" "--remote-deb ... 9" "--remote-allow-hosts" "localhost" "-no-remote" "-profile" "C:\\Users\\brend\\AppData\\Local\\Temp\\rust_mozprofileJXIqAy"
console.warn: services.settings: Ignoring preference override of remote settings server
console.warn: services.settings: Allow by setting MOZ_REMOTE_SETTINGS_DEVTOOLS=1 in the environment
Dynamically enable window occlusion 0
1756154975470	Marionette	INFO	Marionette enabled
console.error: "Warning: unrecognized command line flag" "-width"
console.error: "Warning: unrecognized command line flag" "-height"
1756154975635	Marionette	INFO	Listening on port 53210
WebDriver BiDi listening on ws://127.0.0.1:53199
Read port: 53210
1756154975842	RemoteAgent	WARN	TLS certificate errors will be ignored for this session
JavaScript warning: https://scripts.webcontentassessor.com/scripts/d432d2cc1ea079030ef54edcb8b458c211934a1174311c663c3909a0d1af4105, line 1: unreachable code after return statement
1756154983939	Marionette	WARN	Ignoring event 'DOMContentLoaded' because document has an invalid readyState of 'complete'.
1756154994249	Marionette	WARN	Ignoring event 'pageshow' because document has an invalid readyState of 'uninitialized'.
1756154994476	Marionette	WARN	Ignoring event 'pageshow' because document has an invalid readyState of 'uninitialized'.
JavaScript warning: https://player.aniview.com/ssync/62f53b2c7850d0786f227f64/ssync.html?gdpr=0&gdpr_consent=&pid=62f53b2c7850d0786f227f64&r=https%3A%2F%2Fvisitor.us-east4.gcp.omnitagjs.com%2Fvisitor%2Fsync%3Fgdpr%3D0%26gdpr_consent%3D%26name%3DANIVIEW%26ttl%3D720%26uid%3De8ecb87ff2ef3a3b16ba16c51e7986ac%26visitor%3D%255BAV_UID%255D, line 82: unreachable code after return statement
1756154995150	Marionette	WARN	Ignoring event 'pageshow' because document has an invalid readyState of 'uninitialized'.
JavaScript warning: https://player.aniview.com/ssync/62f53b2c7850d0786f227f64/ssync.html?gdpr=0&gdpr_consent=&pid=62f53b2c7850d0786f227f64&r=https%3A%2F%2Fvisitor.us-east4.gcp.omnitagjs.com%2Fvisitor%2Fsync%3Fgdpr%3D0%26gdpr_consent%3D%26name%3DANIVIEW%26ttl%3D720%26uid%3De8ecb87ff2ef3a3b16ba16c51e7986ac%26visitor%3D%255BAV_UID%255D, line 82: unreachable code after return statement
1756154996077	Marionette	WARN	Ignoring event 'pageshow' because document has an invalid readyState of 'uninitialized'.
JavaScript warning: https://pagead2.googlesyndication.com/bg/lKZyTpD4VK6LLvVwomwxwkL7Yq0q5_XKYMolh3Rpxh8.js, line 2: unreachable code after return statement
JavaScript warning: https://pagead2.googlesyndication.com/bg/lKZyTpD4VK6LLvVwomwxwkL7Yq0q5_XKYMolh3Rpxh8.js, line 4768: unreachable code after return statement
JavaScript warning: https://pagead2.googlesyndication.com/bg/lKZyTpD4VK6LLvVwomwxwkL7Yq0q5_XKYMolh3Rpxh8.js, line 4768: unreachable code after return statement
JavaScript warning: https://pagead2.googlesyndication.com/bg/lKZyTpD4VK6LLvVwomwxwkL7Yq0q5_XKYMolh3Rpxh8.js, line 4768: unreachable code after return statement
JavaScript warning: https://pagead2.googlesyndication.com/bg/lKZyTpD4VK6LLvVwomwxwkL7Yq0q5_XKYMolh3Rpxh8.js line 2 > eval, line 4768: unreachable code after return statement
JavaScript warning: https://pagead2.googlesyndication.com/bg/lKZyTpD4VK6LLvVwomwxwkL7Yq0q5_XKYMolh3Rpxh8.js line 2 > eval, line 4768: unreachable code after return statement
1756155005476	Marionette	WARN	Ignoring event 'pageshow' because document has an invalid readyState of 'uninitialized'.
1756155005763	Marionette	WARN	Ignoring event 'pageshow' because document has an invalid readyState of 'uninitialized'.
1756155008249	Marionette	WARN	Ignoring event 'pageshow' because document has an invalid readyState of 'uninitialized'.
1756155011889	Marionette	WARN	Ignoring event 'pageshow' because document has an invalid readyState of 'uninitialized'.
1756155018339	Marionette	WARN	Ignoring event 'pageshow' because document has an invalid readyState of 'uninitialized'.
1756155019426	Marionette	WARN	Ignoring event 'pageshow' because document has an invalid readyState of 'uninitialized'.
1756155025169	Marionette	WARN	Ignoring event 'pageshow' because document has an invalid readyState of 'uninitialized'.
JavaScript error: https://a.amxrtb.com/js/cframe.js#gdpr=0&gdpr_consent=&cc=US, line 1: TypeError: URL constructor:  is not a valid URL.
1756155039492	Marionette	WARN	Ignoring event 'pageshow' because document has an invalid readyState of 'uninitialized'.
JavaScript error: javascript:void;, line 1: SyntaxError: expected expression, got ';'
1756155047457	Marionette	INFO	Stopped listening on port 53210
Dynamically enable window occlusion 1
JavaScript warning: https://www.rotowire.com/frontend/assets/js/rotowire.min.js?v=219, line 66: Script terminated by timeout at:
e@https://www.rotowire.com/frontend/assets/js/rotowire.min.js?v=219:66:1871

console.error: "Failed to fetch https://ads.mozilla.org/v1/delete_user:" "NetworkError when attempting to fetch resource."
console.warn: TopSitesFeed: Failed to fetch data from MARS server: NetworkError when attempting to fetch resource.
JavaScript error: , line 0: TypeError: NetworkError when attempting to fetch resource.
JavaScript error: , line 0: TypeError: NetworkError when attempting to fetch resource.
JavaScript error: , line 0: TypeError: NetworkError when attempting to fetch resource.
JavaScript error: , line 0: TypeError: NetworkError when attempting to fetch resource.
JavaScript error: resource://services-settings/RemoteSettingsClient.sys.mjs, line 102: Error: Unknown callback
[GFX1-]: VideoBridgeParent receives IPC close with reason=AbnormalShutdown
1756155061770	geckodriver	INFO	Listening on 127.0.0.1:59046
1756155064777	mozrunner::runner	INFO	Running command: "C:\\Program Files\\Mozilla Firefox\\firefox.exe" "--marionette" "--width=1350" "--height=1025" "--remote-de ... 7" "--remote-allow-hosts" "localhost" "-no-remote" "-profile" "C:\\Users\\brend\\AppData\\Local\\Temp\\rust_mozprofileEFS3eU"
console.warn: services.settings: Ignoring preference override of remote settings server
console.warn: services.settings: Allow by setting MOZ_REMOTE_SETTINGS_DEVTOOLS=1 in the environment
Dynamically enable window occlusion 0
1756155065842	Marionette	INFO	Marionette enabled
console.error: "Warning: unrecognized command line flag" "-width"
console.error: "Warning: unrecognized command line flag" "-height"
1756155066000	Marionette	INFO	Listening on port 59056
WebDriver BiDi listening on ws://127.0.0.1:59047
Read port: 59056
1756155066243	RemoteAgent	WARN	TLS certificate errors will be ignored for this session
1756155242422	Marionette	INFO	Stopped listening on port 59056
Dynamically enable window occlusion 1
console.error: "Failed to fetch https://ads.mozilla.org/v1/delete_user:" "NetworkError when attempting to fetch resource."
console.warn: TopSitesFeed: Failed to fetch data from MARS server: NetworkError when attempting to fetch resource.
JavaScript error: resource://services-settings/RemoteSettingsClient.sys.mjs, line 102: Error: Unknown callback
1756160990538	geckodriver	INFO	Listening on 127.0.0.1:63406
1756160993605	mozrunner::runner	INFO	Running command: "C:\\Program Files\\Mozilla Firefox\\firefox.exe" "--marionette" "--width=950" "--height=1025" "--remote-deb ... 7" "--remote-allow-hosts" "localhost" "-no-remote" "-profile" "C:\\Users\\brend\\AppData\\Local\\Temp\\rust_mozprofilepHxFjN"
console.warn: services.settings: Ignoring preference override of remote settings server
console.warn: services.settings: Allow by setting MOZ_REMOTE_SETTINGS_DEVTOOLS=1 in the environment
Dynamically enable window occlusion 0
1756160994888	Marionette	INFO	Marionette enabled
console.error: "Warning: unrecognized command line flag" "-width"
console.error: "Warning: unrecognized command line flag" "-height"
1756160994988	Marionette	INFO	Listening on port 63416
WebDriver BiDi listening on ws://127.0.0.1:63407
Read port: 63416
1756160995124	RemoteAgent	WARN	TLS certificate errors will be ignored for this session
JavaScript error: https://bet.rotowire.com/js/app.js, line 1: ReferenceError: ktag is not defined
JavaScript warning: https://scripts.webcontentassessor.com/scripts/d432d2cc1ea079030ef54edcb8b458c211934a1174311c663c3909a0d1af4105, line 1: unreachable code after return statement
1756161007781	Marionette	WARN	Ignoring event 'pageshow' because document has an invalid readyState of 'uninitialized'.
1756161007990	Marionette	WARN	Ignoring event 'pageshow' because document has an invalid readyState of 'uninitialized'.
1756161008080	Marionette	WARN	Ignoring event 'pageshow' because document has an invalid readyState of 'uninitialized'.
1756161008175	Marionette	WARN	Ignoring event 'pageshow' because document has an invalid readyState of 'uninitialized'.
1756161008501	Marionette	WARN	Ignoring event 'pageshow' because document has an invalid readyState of 'uninitialized'.
1756161008703	Marionette	WARN	Ignoring event 'pageshow' because document has an invalid readyState of 'uninitialized'.
1756161008736	Marionette	WARN	Ignoring event 'pageshow' because document has an invalid readyState of 'uninitialized'.
1756161008790	Marionette	WARN	Ignoring event 'pageshow' because document has an invalid readyState of 'uninitialized'.
1756161008880	Marionette	WARN	Ignoring event 'pageshow' because document has an invalid readyState of 'uninitialized'.
1756161008940	Marionette	WARN	Ignoring event 'pageshow' because document has an invalid readyState of 'uninitialized'.
1756161009051	Marionette	WARN	Ignoring event 'pageshow' because document has an invalid readyState of 'uninitialized'.
1756161009256	Marionette	WARN	Ignoring event 'pageshow' because document has an invalid readyState of 'uninitialized'.
1756161009272	Marionette	WARN	Ignoring event 'pageshow' because document has an invalid readyState of 'uninitialized'.
1756161009665	Marionette	WARN	Ignoring event 'pageshow' because document has an invalid readyState of 'uninitialized'.
1756161009670	Marionette	WARN	Ignoring event 'pageshow' because document has an invalid readyState of 'uninitialized'.
1756161009675	Marionette	WARN	Ignoring event 'pageshow' because document has an invalid readyState of 'uninitialized'.
1756161009687	Marionette	WARN	Ignoring event 'pageshow' because document has an invalid readyState of 'uninitialized'.
1756161009718	Marionette	WARN	Ignoring event 'pageshow' because document has an invalid readyState of 'uninitialized'.
1756161009952	Marionette	WARN	Ignoring event 'pageshow' because document has an invalid readyState of 'uninitialized'.
1756161009959	Marionette	WARN	Ignoring event 'pageshow' because document has an invalid readyState of 'uninitialized'.
1756161009961	Marionette	WARN	Ignoring event 'pageshow' because document has an invalid readyState of 'uninitialized'.
1756161010081	Marionette	WARN	Ignoring event 'pageshow' because document has an invalid readyState of 'uninitialized'.
1756161010085	Marionette	WARN	Ignoring event 'pageshow' because document has an invalid readyState of 'uninitialized'.
1756161010090	Marionette	WARN	Ignoring event 'pageshow' because document has an invalid readyState of 'uninitialized'.
1756161010321	Marionette	WARN	Ignoring event 'pageshow' because document has an invalid readyState of 'uninitialized'.
1756161010395	Marionette	WARN	Ignoring event 'pageshow' because document has an invalid readyState of 'uninitialized'.
1756161010447	Marionette	WARN	Ignoring event 'pageshow' because document has an invalid readyState of 'uninitialized'.
1756161010453	Marionette	WARN	Ignoring event 'pageshow' because document has an invalid readyState of 'uninitialized'.
1756161011148	Marionette	WARN	Ignoring event 'pageshow' because document has an invalid readyState of 'uninitialized'.
1756161011593	Marionette	WARN	Ignoring event 'pageshow' because document has an invalid readyState of 'uninitialized'.
1756161012304	Marionette	WARN	Ignoring event 'pageshow' because document has an invalid readyState of 'uninitialized'.
1756161014312	Marionette	WARN	Ignoring event 'pageshow' because document has an invalid readyState of 'uninitialized'.
1756161014360	Marionette	WARN	Ignoring event 'pageshow' because document has an invalid readyState of 'uninitialized'.
1756161014426	Marionette	WARN	Ignoring event 'pageshow' because document has an invalid readyState of 'uninitialized'.
1756161014443	Marionette	WARN	Ignoring event 'pageshow' because document has an invalid readyState of 'uninitialized'.
1756161014445	Marionette	WARN	Ignoring event 'pageshow' because document has an invalid readyState of 'uninitialized'.
1756161016113	Marionette	INFO	Stopped listening on port 63416
Dynamically enable window occlusion 1
console.error: "Failed to fetch https://ads.mozilla.org/v1/delete_user:" "NetworkError when attempting to fetch resource."
console.warn: TopSitesFeed: Failed to fetch data from MARS server: NetworkError when attempting to fetch resource.
JavaScript error: resource://services-settings/RemoteSettingsClient.sys.mjs, line 102: Error: Unknown callback
1756161318390	geckodriver	INFO	Listening on 127.0.0.1:65304
1756161321416	mozrunner::runner	INFO	Running command: "C:\\Program Files\\Mozilla Firefox\\firefox.exe" "--marionette" "--width=950" "--height=1025" "--remote-deb ... 5" "--remote-allow-hosts" "localhost" "-no-remote" "-profile" "C:\\Users\\brend\\AppData\\Local\\Temp\\rust_mozprofileoEHynY"
console.warn: services.settings: Ignoring preference override of remote settings server
console.warn: services.settings: Allow by setting MOZ_REMOTE_SETTINGS_DEVTOOLS=1 in the environment
Dynamically enable window occlusion 0
1756161322523	Marionette	INFO	Marionette enabled
console.error: "Warning: unrecognized command line flag" "-width"
console.error: "Warning: unrecognized command line flag" "-height"
1756161322603	Marionette	INFO	Listening on port 65314
WebDriver BiDi listening on ws://127.0.0.1:65305
Read port: 65314
1756161322703	RemoteAgent	WARN	TLS certificate errors will be ignored for this session
JavaScript error: https://bet.rotowire.com/js/app.js, line 1: ReferenceError: ktag is not defined
JavaScript warning: https://scripts.webcontentassessor.com/scripts/d432d2cc1ea079030ef54edcb8b458c211934a1174311c663c3909a0d1af4105, line 1: unreachable code after return statement
1756161335881	Marionette	WARN	Ignoring event 'pageshow' because document has an invalid readyState of 'uninitialized'.
1756161336136	Marionette	WARN	Ignoring event 'pageshow' because document has an invalid readyState of 'uninitialized'.
1756161336172	Marionette	WARN	Ignoring event 'pageshow' because document has an invalid readyState of 'uninitialized'.
1756161336223	Marionette	WARN	Ignoring event 'pageshow' because document has an invalid readyState of 'uninitialized'.
1756161336285	Marionette	WARN	Ignoring event 'pageshow' because document has an invalid readyState of 'uninitialized'.
1756161336463	Marionette	WARN	Ignoring event 'pageshow' because document has an invalid readyState of 'uninitialized'.
1756161336538	Marionette	WARN	Ignoring event 'pageshow' because document has an invalid readyState of 'uninitialized'.
1756161336549	Marionette	WARN	Ignoring event 'pageshow' because document has an invalid readyState of 'uninitialized'.
1756161336554	Marionette	WARN	Ignoring event 'pageshow' because document has an invalid readyState of 'uninitialized'.
1756161336832	Marionette	WARN	Ignoring event 'pageshow' because document has an invalid readyState of 'uninitialized'.
1756161336880	Marionette	WARN	Ignoring event 'pageshow' because document has an invalid readyState of 'uninitialized'.
1756161336972	Marionette	WARN	Ignoring event 'pageshow' because document has an invalid readyState of 'uninitialized'.
1756161337041	Marionette	WARN	Ignoring event 'pageshow' because document has an invalid readyState of 'uninitialized'.
1756161337094	Marionette	WARN	Ignoring event 'pageshow' because document has an invalid readyState of 'uninitialized'.
1756161337232	Marionette	WARN	Ignoring event 'pageshow' because document has an invalid readyState of 'uninitialized'.
1756161337239	Marionette	WARN	Ignoring event 'pageshow' because document has an invalid readyState of 'uninitialized'.
1756161337265	Marionette	WARN	Ignoring event 'pageshow' because document has an invalid readyState of 'uninitialized'.
1756161337297	Marionette	WARN	Ignoring event 'pageshow' because document has an invalid readyState of 'uninitialized'.
1756161337314	Marionette	WARN	Ignoring event 'pageshow' because document has an invalid readyState of 'uninitialized'.
1756161337384	Marionette	WARN	Ignoring event 'pageshow' because document has an invalid readyState of 'uninitialized'.
1756161337386	Marionette	WARN	Ignoring event 'pageshow' because document has an invalid readyState of 'uninitialized'.
1756161337403	Marionette	WARN	Ignoring event 'pageshow' because document has an invalid readyState of 'uninitialized'.
1756161337413	Marionette	WARN	Ignoring event 'pageshow' because document has an invalid readyState of 'uninitialized'.
1756161337477	Marionette	WARN	Ignoring event 'pageshow' because document has an invalid readyState of 'uninitialized'.
1756161337672	Marionette	WARN	Ignoring event 'pageshow' because document has an invalid readyState of 'uninitialized'.
1756161337701	Marionette	WARN	Ignoring event 'pageshow' because document has an invalid readyState of 'uninitialized'.
1756161342815	Marionette	WARN	Ignoring event 'pageshow' because document has an invalid readyState of 'uninitialized'.
1756161342847	Marionette	INFO	Stopped listening on port 65314
Dynamically enable window occlusion 1
console.error: "Failed to fetch https://ads.mozilla.org/v1/delete_user:" "NetworkError when attempting to fetch resource."
console.warn: TopSitesFeed: Failed to fetch data from MARS server: NetworkError when attempting to fetch resource.
JavaScript error: resource://services-settings/RemoteSettingsClient.sys.mjs, line 102: Error: Unknown callback
1756174134124	geckodriver	INFO	Listening on 127.0.0.1:52753
1756174137216	mozrunner::runner	INFO	Running command: "C:\\Program Files\\Mozilla Firefox\\firefox.exe" "--marionette" "--width=950" "--height=1025" "--remote-deb ... 4" "--remote-allow-hosts" "localhost" "-no-remote" "-profile" "C:\\Users\\brend\\AppData\\Local\\Temp\\rust_mozprofilexLr7yj"
console.warn: services.settings: Ignoring preference override of remote settings server
console.warn: services.settings: Allow by setting MOZ_REMOTE_SETTINGS_DEVTOOLS=1 in the environment
Dynamically enable window occlusion 0
1756174138679	Marionette	INFO	Marionette enabled
console.error: "Warning: unrecognized command line flag" "-width"
console.error: "Warning: unrecognized command line flag" "-height"
1756174138840	Marionette	INFO	Listening on port 52765
WebDriver BiDi listening on ws://127.0.0.1:52754
Read port: 52765
1756174139127	RemoteAgent	WARN	TLS certificate errors will be ignored for this session
JavaScript warning: https://scripts.webcontentassessor.com/scripts/d432d2cc1ea079030ef54edcb8b458c211934a1174311c663c3909a0d1af4105, line 1: unreachable code after return statement
1756174145490	Marionette	WARN	Ignoring event 'DOMContentLoaded' because document has an invalid readyState of 'complete'.
1756174149541	Marionette	WARN	Ignoring event 'pageshow' because document has an invalid readyState of 'uninitialized'.
JavaScript warning: https://pagead2.googlesyndication.com/bg/KFZgcazt29xIkKw5eHQUTy0GnG8v8GjhQ_5367xBPz0.js, line 1454: unreachable code after return statement
JavaScript warning: https://pagead2.googlesyndication.com/bg/KFZgcazt29xIkKw5eHQUTy0GnG8v8GjhQ_5367xBPz0.js, line 1454: unreachable code after return statement
JavaScript warning: https://pagead2.googlesyndication.com/bg/KFZgcazt29xIkKw5eHQUTy0GnG8v8GjhQ_5367xBPz0.js, line 1454: unreachable code after return statement
JavaScript warning: https://pagead2.googlesyndication.com/bg/KFZgcazt29xIkKw5eHQUTy0GnG8v8GjhQ_5367xBPz0.js, line 1454: unreachable code after return statement
JavaScript warning: https://pagead2.googlesyndication.com/bg/KFZgcazt29xIkKw5eHQUTy0GnG8v8GjhQ_5367xBPz0.js, line 1454: unreachable code after return statement
JavaScript warning: https://pagead2.googlesyndication.com/bg/KFZgcazt29xIkKw5eHQUTy0GnG8v8GjhQ_5367xBPz0.js, line 1454: unreachable code after return statement
JavaScript warning: https://pagead2.googlesyndication.com/bg/KFZgcazt29xIkKw5eHQUTy0GnG8v8GjhQ_5367xBPz0.js line 2 > eval, line 1454: unreachable code after return statement
JavaScript warning: https://pagead2.googlesyndication.com/bg/KFZgcazt29xIkKw5eHQUTy0GnG8v8GjhQ_5367xBPz0.js line 2 > eval, line 1454: unreachable code after return statement
JavaScript warning: https://pagead2.googlesyndication.com/bg/KFZgcazt29xIkKw5eHQUTy0GnG8v8GjhQ_5367xBPz0.js line 2 > eval, line 1454: unreachable code after return statement
JavaScript warning: https://pagead2.googlesyndication.com/bg/KFZgcazt29xIkKw5eHQUTy0GnG8v8GjhQ_5367xBPz0.js line 2 > eval, line 1: unreachable code after return statement
JavaScript warning: https://pagead2.googlesyndication.com/bg/KFZgcazt29xIkKw5eHQUTy0GnG8v8GjhQ_5367xBPz0.js line 2 > eval line 1454 > eval, line 1: unreachable code after return statement
1756174150196	Marionette	WARN	Ignoring event 'pageshow' because document has an invalid readyState of 'uninitialized'.
JavaScript warning: https://pagead2.googlesyndication.com/bg/KFZgcazt29xIkKw5eHQUTy0GnG8v8GjhQ_5367xBPz0.js line 2 > eval, line 1: unreachable code after return statement
JavaScript warning: https://pagead2.googlesyndication.com/bg/KFZgcazt29xIkKw5eHQUTy0GnG8v8GjhQ_5367xBPz0.js line 2 > eval line 1454 > eval, line 1: unreachable code after return statement
JavaScript warning: https://pagead2.googlesyndication.com/bg/KFZgcazt29xIkKw5eHQUTy0GnG8v8GjhQ_5367xBPz0.js line 2 > eval, line 1454: unreachable code after return statement
JavaScript warning: https://pagead2.googlesyndication.com/bg/KFZgcazt29xIkKw5eHQUTy0GnG8v8GjhQ_5367xBPz0.js line 2 > eval, line 1454: unreachable code after return statement
JavaScript warning: https://pagead2.googlesyndication.com/bg/KFZgcazt29xIkKw5eHQUTy0GnG8v8GjhQ_5367xBPz0.js line 2 > eval line 1454 > eval line 1 > eval, line 1: unreachable code after return statement
JavaScript warning: https://pagead2.googlesyndication.com/bg/KFZgcazt29xIkKw5eHQUTy0GnG8v8GjhQ_5367xBPz0.js line 2 > eval line 1454 > eval line 1 > eval, line 1: unreachable code after return statement
JavaScript warning: https://pagead2.googlesyndication.com/bg/KFZgcazt29xIkKw5eHQUTy0GnG8v8GjhQ_5367xBPz0.js line 2 > eval line 1454 > eval line 1 > eval, line 1: unreachable code after return statement
JavaScript warning: https://pagead2.googlesyndication.com/bg/KFZgcazt29xIkKw5eHQUTy0GnG8v8GjhQ_5367xBPz0.js line 2 > eval line 1454 > eval line 1 > eval line 1 > eval, line 1: unreachable code after return statement
JavaScript warning: https://pagead2.googlesyndication.com/bg/KFZgcazt29xIkKw5eHQUTy0GnG8v8GjhQ_5367xBPz0.js line 2 > eval line 1454 > eval line 1 > eval line 1 > eval, line 1: unreachable code after return statement
JavaScript warning: https://pagead2.googlesyndication.com/bg/KFZgcazt29xIkKw5eHQUTy0GnG8v8GjhQ_5367xBPz0.js line 2 > eval line 1454 > eval line 1 > eval line 1 > eval, line 1: unreachable code after return statement
1756174156565	Marionette	WARN	Ignoring event 'pageshow' because document has an invalid readyState of 'uninitialized'.
1756174156671	Marionette	WARN	Ignoring event 'pageshow' because document has an invalid readyState of 'uninitialized'.
1756174156736	Marionette	WARN	Ignoring event 'pageshow' because document has an invalid readyState of 'uninitialized'.
JavaScript warning: https://player.aniview.com/ssync/62f53b2c7850d0786f227f64/ssync.html?gdpr=0&gdpr_consent=&pid=62f53b2c7850d0786f227f64&r=https%3A%2F%2Fvisitor.us-east4.gcp.omnitagjs.com%2Fvisitor%2Fsync%3Fgdpr%3D0%26gdpr_consent%3D%26name%3DANIVIEW%26ttl%3D720%26uid%3De8ecb87ff2ef3a3b16ba16c51e7986ac%26visitor%3D%255BAV_UID%255D, line 82: unreachable code after return statement
1756174161519	Marionette	WARN	Ignoring event 'pageshow' because document has an invalid readyState of 'uninitialized'.
1756174164153	Marionette	WARN	Ignoring event 'pageshow' because document has an invalid readyState of 'uninitialized'.
JavaScript error: https://live.primis.tech/live/liveVideo.php?vpaidManager=sekindo&s=58057&ri=6C69766553746174737C736B317B54307D7B64323032352D30382D32365F30357D7B7331373236333236367D7B4333307D7B53643364334C6E4A766447393361584A6C4C6D4E7662513D3D7D7B6266697265666F787D7B716465736B746F707D7B6F77696E646F77737D7B583330307D7B593235307D7B66317D7B7251554A55494338675547786865575679556D566D636D567A61434176494455674C7942535A575A795A584E6F4D7A413D7D7B4C32303731327DFEFE&cudi=pip-MTA4LwI5LwEjMS4lNTM%3D&userUA=Mozilla%2F5.0+%28Windows+NT+10.0%3B+Win64%3B+x64%3B+rv%3A142.0%29+Gecko%2F20100101+Firefox%2F142.0&debugInformation=ABT+%2F+PlayerRefresh+%2F+5+%2F+Refresh30&isWePassGdpr=1&schain=1.0%2C1%21snack-media.com%2CSNM_3524%2C1&noViewableMidrollPolicy=off&isDoublePreroll=0&autoSkipVideoSec=22&c2pWaitTime=10&sdkv=&isSinglePageFloatSupport=0&availCampaigns=&isAmpIframe=0&tagKeywords=&cbuster=1756174148&csuuid=68ad1744157ef&debugInfo=17263266_ABT+%2F+PlayerRefresh+%2F+5+%2F+Refresh30&debugPlayerSession=&pubUrlDEMO=&isAsyncDEMO=0&customPlaylistIdDEMO=&sta=17263266&showLogo=0&clkUrl=&plMult=-1&schedule=eyJwcmVfcm9sbCI6MSwiZ2FwIjoiYXV0byJ9&content=plembed3ed0wjitvqoy&secondaryContent=&x=300&y=250&pubUrl=https%3A%2F%2Fwww.rotowire.com%2Fbaseball%2Fdaily-lineups.php&contentNum=1&flow_closeBtn=1&flowCloseTimeout=0&flow_closeButtonPosition=right&flow_direction=br&flow_horizontalOffset=0&flow_bottomOffset=90&impGap=1&flow_width=350&flow_height=197&videoType=flow&isOriginImg=0&gdpr=0&gdprConsent=&contentFeedId=&geoLati=40.7665&geoLong=-73.1216&vpTemplate=20712&flowMode=both&isRealPreroll=0&playerApiId=117470&isApp=0&ccpa=0&ccpaConsent=1---&subId=&appName=&appBundleId=https%3A%2F%2Fwww.rotowire.com%2Fbaseball%2Fdaily-lineups.php&appStoreUrl=&diaid=&appPrivacyPolicy=&appIsPaid=&appDeveloper=&appId=&appVersion=&sdkv=&enableResizeObserverInapp=0&isAppJs=0, line 2274: TypeError: can't access property "onAdLoaded", this.reportsBlocker is undefined
console.warn: WindowsJumpLists: "Failed to fetch favicon for " "https://www.rotowire.com/baseball/daily-lineups.php" [Exception... "Failure"  nsresult: "0x80004005 (NS_ERROR_FAILURE)"  location: "<unknown>"  data: no]
JavaScript error: https://live.primis.tech/live/liveVideo.php?vpaidManager=sekindo&s=58057&ri=6C69766553746174737C736B317B54307D7B64323032352D30382D32365F30357D7B7331373236333236367D7B4333307D7B53643364334C6E4A766447393361584A6C4C6D4E7662513D3D7D7B6266697265666F787D7B716465736B746F707D7B6F77696E646F77737D7B583330307D7B593235307D7B66317D7B7251554A55494338675547786865575679556D566D636D567A61434176494455674C7942535A575A795A584E6F4D7A413D7D7B4C32303731327DFEFE&cudi=pip-MTA4LwI5LwEjMS4lNTM%3D&userUA=Mozilla%2F5.0+%28Windows+NT+10.0%3B+Win64%3B+x64%3B+rv%3A142.0%29+Gecko%2F20100101+Firefox%2F142.0&debugInformation=ABT+%2F+PlayerRefresh+%2F+5+%2F+Refresh30&isWePassGdpr=1&schain=1.0%2C1%21snack-media.com%2CSNM_3524%2C1&noViewableMidrollPolicy=off&isDoublePreroll=0&autoSkipVideoSec=22&c2pWaitTime=10&sdkv=&isSinglePageFloatSupport=0&availCampaigns=&isAmpIframe=0&tagKeywords=&cbuster=1756174148&csuuid=68ad1744157ef&debugInfo=17263266_ABT+%2F+PlayerRefresh+%2F+5+%2F+Refresh30&debugPlayerSession=&pubUrlDEMO=&isAsyncDEMO=0&customPlaylistIdDEMO=&sta=17263266&showLogo=0&clkUrl=&plMult=-1&schedule=eyJwcmVfcm9sbCI6MSwiZ2FwIjoiYXV0byJ9&content=plembed3ed0wjitvqoy&secondaryContent=&x=300&y=250&pubUrl=https%3A%2F%2Fwww.rotowire.com%2Fbaseball%2Fdaily-lineups.php&contentNum=1&flow_closeBtn=1&flowCloseTimeout=0&flow_closeButtonPosition=right&flow_direction=br&flow_horizontalOffset=0&flow_bottomOffset=90&impGap=1&flow_width=350&flow_height=197&videoType=flow&isOriginImg=0&gdpr=0&gdprConsent=&contentFeedId=&geoLati=40.7665&geoLong=-73.1216&vpTemplate=20712&flowMode=both&isRealPreroll=0&playerApiId=117470&isApp=0&ccpa=0&ccpaConsent=1---&subId=&appName=&appBundleId=https%3A%2F%2Fwww.rotowire.com%2Fbaseball%2Fdaily-lineups.php&appStoreUrl=&diaid=&appPrivacyPolicy=&appIsPaid=&appDeveloper=&appId=&appVersion=&sdkv=&enableResizeObserverInapp=0&isAppJs=0, line 2274: TypeError: can't access property "onAdVideoComplete", this.reportsBlocker is undefined
1756174284850	Marionette	WARN	Ignoring event 'DOMContentLoaded' because document has an invalid readyState of 'complete'.
JavaScript warning: https://www.googletagmanager.com/gtag/js?id=G-DJZM5GNYZ8&cx=c&gtm=4e58p0h2, line 501: Script terminated by timeout at:
Hq@https://www.googletagmanager.com/gtag/js?id=G-DJZM5GNYZ8&cx=c&gtm=4e58p0h2:501:285
v@https://www.googletagmanager.com/gtag/js?id=G-DJZM5GNYZ8&cx=c&gtm=4e58p0h2:503:496
wn@https://www.googletagmanager.com/gtag/js?id=G-DJZM5GNYZ8&cx=c&gtm=4e58p0h2:467:513
Vq@https://www.googletagmanager.com/gtag/js?id=G-DJZM5GNYZ8&cx=c&gtm=4e58p0h2:504:408
Uq.prototype.flush@https://www.googletagmanager.com/gtag/js?id=G-DJZM5GNYZ8&cx=c&gtm=4e58p0h2:508:379
Uq.prototype.push@https://www.googletagmanager.com/gtag/js?id=G-DJZM5GNYZ8&cx=c&gtm=4e58p0h2:506:379
Lq@https://www.googletagmanager.com/gtag/js?id=G-DJZM5GNYZ8&cx=c&gtm=4e58p0h2:501:540
oO/<@https://www.googletagmanager.com/gtag/js?id=G-DJZM5GNYZ8&cx=c&gtm=4e58p0h2:944:164
k.Vn/<@https://www.googletagmanager.com/gtag/js?id=G-DJZM5GNYZ8&cx=c&gtm=4e58p0h2:883:126
k.Vn/c/<@https://www.googletagmanager.com/gtag/js?id=G-DJZM5GNYZ8&cx=c&gtm=4e58p0h2:882:418

1756174312882	Marionette	INFO	Stopped listening on port 52765
Dynamically enable window occlusion 1
console.error: "Failed to fetch https://ads.mozilla.org/v1/delete_user:" "NetworkError when attempting to fetch resource."
console.warn: TopSitesFeed: Failed to fetch data from MARS server: NetworkError when attempting to fetch resource.
JavaScript error: resource://services-settings/RemoteSettingsClient.sys.mjs, line 102: Error: Unknown callback
[GFX1-]: VideoBridgeParent receives IPC close with reason=AbnormalShutdown
sole.error: "Warning: unrecognized command line flag" "-width"
console.error: "Warning: unrecognized command line flag" "-height"
1756174277128	Marionette	INFO	Listening on port 64650
WebDriver BiDi listening on ws://127.0.0.1:64639
Read port: 64650
1756174277334	RemoteAgent	WARN	TLS certificate errors will be ignored for this session
1756174291607	Marionette	INFO	Stopped listening on port 64650
Dynamically enable window occlusion 1
console.error: "Failed to fetch https://ads.mozilla.org/v1/delete_user:" "NetworkError when attempting to fetch resource."
console.warn: TopSitesFeed: Failed to fetch data from MARS server: NetworkError when attempting to fetch resource.
JavaScript error: resource://services-settings/RemoteSettingsClient.sys.mjs, line 102: Error: Unknown callback
1756246716071	geckodriver	INFO	Listening on 127.0.0.1:52545
1756246719182	mozrunner::runner	INFO	Running command: "C:\\Program Files\\Mozilla Firefox\\firefox.exe" "--marionette" "--width=950" "--height=1025" "--remote-deb ... 6" "--remote-allow-hosts" "localhost" "-no-remote" "-profile" "C:\\Users\\brend\\AppData\\Local\\Temp\\rust_mozprofileoAmWER"
console.warn: services.settings: Ignoring preference override of remote settings server
console.warn: services.settings: Allow by setting MOZ_REMOTE_SETTINGS_DEVTOOLS=1 in the environment
Dynamically enable window occlusion 0
1756246720495	Marionette	INFO	Marionette enabled
console.error: "Warning: unrecognized command line flag" "-width"
console.error: "Warning: unrecognized command line flag" "-height"
1756246720602	Marionette	INFO	Listening on port 52555
WebDriver BiDi listening on ws://127.0.0.1:52546
Read port: 52555
1756246720795	RemoteAgent	WARN	TLS certificate errors will be ignored for this session
JavaScript warning: https://scripts.webcontentassessor.com/scripts/d432d2cc1ea079030ef54edcb8b458c211934a1174311c663c3909a0d1af4105, line 1: unreachable code after return statement
1756246726545	Marionette	WARN	Ignoring event 'DOMContentLoaded' because document has an invalid readyState of 'complete'.
1756246734448	Marionette	WARN	Ignoring event 'pageshow' because document has an invalid readyState of 'uninitialized'.
1756246735293	Marionette	WARN	Ignoring event 'pageshow' because document has an invalid readyState of 'uninitialized'.
Missing chrome or resource URL: chrome://browser/skin/aboutSessionRestore-window-icon.png
Missing chrome or resource URL: chrome://browser/skin/abyss/img/waterfox-abyss-preview.svg
JavaScript warning: https://player.aniview.com/ssync/62f53b2c7850d0786f227f64/ssync.html?gdpr=0&gdpr_consent=&pid=62f53b2c7850d0786f227f64&r=https%3A%2F%2Fvisitor.us-east4.gcp.omnitagjs.com%2Fvisitor%2Fsync%3Fgdpr%3D0%26gdpr_consent%3D%26name%3DANIVIEW%26ttl%3D720%26uid%3De8ecb87ff2ef3a3b16ba16c51e7986ac%26visitor%3D%255BAV_UID%255D, line 82: unreachable code after return statement
JavaScript warning: https://player.aniview.com/ssync/62f53b2c7850d0786f227f64/ssync.html?gdpr=0&gdpr_consent=&pid=62f53b2c7850d0786f227f64&r=https%3A%2F%2Fvisitor.us-east4.gcp.omnitagjs.com%2Fvisitor%2Fsync%3Fgdpr%3D0%26gdpr_consent%3D%26name%3DANIVIEW%26ttl%3D720%26uid%3De8ecb87ff2ef3a3b16ba16c51e7986ac%26visitor%3D%255BAV_UID%255D, line 82: unreachable code after return statement
JavaScript warning: https://pagead2.googlesyndication.com/bg/YEb5ANdaKFM7oQAQgH-RXgos2R15QXsKcbFr3_TuSlE.js, line 2835: unreachable code after return statement
JavaScript warning: https://pagead2.googlesyndication.com/bg/YEb5ANdaKFM7oQAQgH-RXgos2R15QXsKcbFr3_TuSlE.js, line 2835: unreachable code after return statement
JavaScript warning: https://pagead2.googlesyndication.com/bg/YEb5ANdaKFM7oQAQgH-RXgos2R15QXsKcbFr3_TuSlE.js, line 2835: unreachable code after return statement
JavaScript warning: https://pagead2.googlesyndication.com/bg/YEb5ANdaKFM7oQAQgH-RXgos2R15QXsKcbFr3_TuSlE.js, line 2835: unreachable code after return statement
JavaScript warning: https://pagead2.googlesyndication.com/bg/YEb5ANdaKFM7oQAQgH-RXgos2R15QXsKcbFr3_TuSlE.js line 2 > eval, line 2835: unreachable code after return statement
JavaScript warning: https://pagead2.googlesyndication.com/bg/YEb5ANdaKFM7oQAQgH-RXgos2R15QXsKcbFr3_TuSlE.js line 2 > eval, line 1: unreachable code after return statement
JavaScript warning: https://pagead2.googlesyndication.com/bg/YEb5ANdaKFM7oQAQgH-RXgos2R15QXsKcbFr3_TuSlE.js line 2 > eval line 2835 > eval, line 1: unreachable code after return statement
JavaScript warning: https://pagead2.googlesyndication.com/bg/YEb5ANdaKFM7oQAQgH-RXgos2R15QXsKcbFr3_TuSlE.js line 2 > eval, line 2835: unreachable code after return statement
JavaScript warning: https://pagead2.googlesyndication.com/bg/YEb5ANdaKFM7oQAQgH-RXgos2R15QXsKcbFr3_TuSlE.js line 2 > eval, line 2835: unreachable code after return statement
JavaScript warning: https://pagead2.googlesyndication.com/bg/YEb5ANdaKFM7oQAQgH-RXgos2R15QXsKcbFr3_TuSlE.js line 2 > eval, line 2835: unreachable code after return statement
JavaScript warning: https://pagead2.googlesyndication.com/bg/YEb5ANdaKFM7oQAQgH-RXgos2R15QXsKcbFr3_TuSlE.js line 2 > eval line 2835 > eval line 1 > eval, line 1: unreachable code after return statement
JavaScript warning: https://pagead2.googlesyndication.com/bg/YEb5ANdaKFM7oQAQgH-RXgos2R15QXsKcbFr3_TuSlE.js line 2 > eval line 2835 > eval line 1 > eval line 1 > eval, line 1: unreachable code after return statement
1756246739971	Marionette	WARN	Ignoring event 'pageshow' because document has an invalid readyState of 'uninitialized'.
1756246740420	Marionette	WARN	Ignoring event 'pageshow' because document has an invalid readyState of 'uninitialized'.
JavaScript error: https://usync.ingage.tech/?gdpr=&gdpr_consent=&us_privacy=&redirect=https%3A%2F%2Fcookies.nextmillmedia.com%2Fsetuid%3Fbidder%3Dinsticator%26nmuid%3D969baa6d-fa37-4dfb-b162-60fa4b32e767%26gdpr%3D%26gdpr_consent%3D%26us_privacy%3D%26uid%3D%24UID, line 1: TypeError: can't access property "document", a.contentWindow is null
1756246745239	Marionette	WARN	Ignoring event 'pageshow' because document has an invalid readyState of 'uninitialized'.
1756246749024	Marionette	WARN	Ignoring event 'pageshow' because document has an invalid readyState of 'uninitialized'.
1756246753955	Marionette	WARN	Ignoring event 'pageshow' because document has an invalid readyState of 'uninitialized'.
1756246755252	Marionette	INFO	Stopped listening on port 52555
Dynamically enable window occlusion 1
JavaScript warning: https://www.rotowire.com/baseball/daily-lineups.php line 2 > injectedScript, line 1: Script terminated by timeout at:
load</Rt/</<@https://www.rotowire.com/baseball/daily-lineups.php line 2 > injectedScript:1:31355

console.error: "Failed to fetch https://ads.mozilla.org/v1/delete_user:" "NetworkError when attempting to fetch resource."
console.warn: TopSitesFeed: Failed to fetch data from MARS server: NetworkError when attempting to fetch resource.
console.error: RemoteSecuritySettings: 
  failed to download CRLite filter
Object
  - prototype Object
    - columnNumber = 0
    - data = null
    - filename = resource://gre/modules/ServiceRequest.sys.mjs
    - lineNumber = 126
    - location = {"name":"open","filename":"resource://gre/modules/ServiceRequest.sys.mjs","sourceId":27,"lineNumber":126,"columnNumber":11,"asyncCause":null,"asyncCaller":null,"caller":{"filename":"resource://services-settings/Utils.sys.mjs","name":"fetch/<","sourceId":26,"lineNumber":268,"columnNumber":15,"asyncCause":null,"asyncCaller":null,"caller":{"filename":"resource://services-settings/Utils.sys.mjs","name":"fetch","sourceId":26,"lineNumber":219,"columnNumber":12,"asyncCause":null,"asyncCaller":null,"caller":{"filename":"resource://services-settings/Attachments.sys.mjs","name":"_fetchAttachment","sourceId":25,"lineNumber":560,"columnNumber":35,"asyncCause":null,"asyncCaller":null,"caller":{"filename":"resource://services-settings/Attachments.sys.mjs","name":"downloadAsBytes","sourceId":25,"lineNumber":537,"columnNumber":35,"asyncCause":null,"asyncCaller":null,"caller":null,"formattedStack":"downloadAsBytes@resource://services-settings/Attachments.sys.mjs:537:35\n","nativeSavedFrame":{}},"formattedStack":"_fetchAttachment@resource://services-settings/Attachments.sys.mjs:560:35\ndownloadAsBytes@resource://services-settings/Attachments.sys.mjs:537:35\n","nativeSavedFrame":{}},"formattedStack":"fetch@resource://services-settings/Utils.sys.mjs:219:12\n_fetchAttachment@resource://services-settings/Attachments.sys.mjs:560:35\ndownloadAsBytes@resource://services-settings/Attachments.sys.mjs:537:35\n","nativeSavedFrame":{}},"formattedStack":"fetch/<@resource://services-settings/Utils.sys.mjs:268:15\nfetch@resource://services-settings/Utils.sys.mjs:219:12\n_fetchAttachment@resource://services-settings/Attachments.sys.mjs:560:35\ndownloadAsBytes@resource://services-settings/Attachments.sys.mjs:537:35\n","nativeSavedFrame":{}},"formattedStack":"open@resource://gre/modules/ServiceRequest.sys.mjs:126:11\nfetch/<@resource://services-settings/Utils.sys.mjs:268:15\nfetch@resource://services-settings/Utils.sys.mjs:219:12\n_fetchAttachment@resource://services-settings/Attachments.sys.mjs:560:35\ndownloadAsBytes@resource://services-settings/Attachments.sys.mjs:537:35\n","nativeSavedFrame":{}}
    - message = 
    - name = 
    - result = 2152071198
    - stack = open@resource://gre/modules/ServiceRequest.sys.mjs:126:11|fetch/<@resource://services-settings/Utils.sys.mjs:268:15|fetch@resource://services-settings/Utils.sys.mjs:219:12|_fetchAttachment@resource://services-settings/Attachments.sys.mjs:560:35|downloadAsBytes@resource://services-settings/Attachments.sys.mjs:537:35|
  - prototype Object
console.error: RemoteSecuritySettings: 
  failed to download CRLite filter
Object
  - prototype Object
    - columnNumber = 0
    - data = null
    - filename = resource://gre/modules/ServiceRequest.sys.mjs
    - lineNumber = 126
    - location = {"name":"open","filename":"resource://gre/modules/ServiceRequest.sys.mjs","sourceId":27,"lineNumber":126,"columnNumber":11,"asyncCause":null,"asyncCaller":null,"caller":{"filename":"resource://services-settings/Utils.sys.mjs","name":"fetch/<","sourceId":26,"lineNumber":268,"columnNumber":15,"asyncCause":null,"asyncCaller":null,"caller":{"filename":"resource://services-settings/Utils.sys.mjs","name":"fetch","sourceId":26,"lineNumber":219,"columnNumber":12,"asyncCause":null,"asyncCaller":null,"caller":{"filename":"resource://services-settings/Attachments.sys.mjs","name":"_fetchAttachment","sourceId":25,"lineNumber":560,"columnNumber":35,"asyncCause":null,"asyncCaller":null,"caller":{"filename":"resource://services-settings/Attachments.sys.mjs","name":"downloadAsBytes","sourceId":25,"lineNumber":537,"columnNumber":35,"asyncCause":null,"asyncCaller":null,"caller":null,"formattedStack":"downloadAsBytes@resource://services-settings/Attachments.sys.mjs:537:35\n","nativeSavedFrame":{}},"formattedStack":"_fetchAttachment@resource://services-settings/Attachments.sys.mjs:560:35\ndownloadAsBytes@resource://services-settings/Attachments.sys.mjs:537:35\n","nativeSavedFrame":{}},"formattedStack":"fetch@resource://services-settings/Utils.sys.mjs:219:12\n_fetchAttachment@resource://services-settings/Attachments.sys.mjs:560:35\ndownloadAsBytes@resource://services-settings/Attachments.sys.mjs:537:35\n","nativeSavedFrame":{}},"formattedStack":"fetch/<@resource://services-settings/Utils.sys.mjs:268:15\nfetch@resource://services-settings/Utils.sys.mjs:219:12\n_fetchAttachment@resource://services-settings/Attachments.sys.mjs:560:35\ndownloadAsBytes@resource://services-settings/Attachments.sys.mjs:537:35\n","nativeSavedFrame":{}},"formattedStack":"open@resource://gre/modules/ServiceRequest.sys.mjs:126:11\nfetch/<@resource://services-settings/Utils.sys.mjs:268:15\nfetch@resource://services-settings/Utils.sys.mjs:219:12\n_fetchAttachment@resource://services-settings/Attachments.sys.mjs:560:35\ndownloadAsBytes@resource://services-settings/Attachments.sys.mjs:537:35\n","nativeSavedFrame":{}}
    - message = 
    - name = 
    - result = 2152071198
    - stack = open@resource://gre/modules/ServiceRequest.sys.mjs:126:11|fetch/<@resource://services-settings/Utils.sys.mjs:268:15|fetch@resource://services-settings/Utils.sys.mjs:219:12|_fetchAttachment@resource://services-settings/Attachments.sys.mjs:560:35|downloadAsBytes@resource://services-settings/Attachments.sys.mjs:537:35|
  - prototype Object
console.error: RemoteSecuritySettings: 
  failed to download CRLite filter
Object
  - prototype Object
    - columnNumber = 0
    - data = null
    - filename = resource://gre/modules/ServiceRequest.sys.mjs
    - lineNumber = 126
    - location = {"name":"open","filename":"resource://gre/modules/ServiceRequest.sys.mjs","sourceId":27,"lineNumber":126,"columnNumber":11,"asyncCause":null,"asyncCaller":null,"caller":{"filename":"resource://services-settings/Utils.sys.mjs","name":"fetch/<","sourceId":26,"lineNumber":268,"columnNumber":15,"asyncCause":null,"asyncCaller":null,"caller":{"filename":"resource://services-settings/Utils.sys.mjs","name":"fetch","sourceId":26,"lineNumber":219,"columnNumber":12,"asyncCause":null,"asyncCaller":null,"caller":{"filename":"resource://services-settings/Attachments.sys.mjs","name":"_fetchAttachment","sourceId":25,"lineNumber":560,"columnNumber":35,"asyncCause":null,"asyncCaller":null,"caller":{"filename":"resource://services-settings/Attachments.sys.mjs","name":"downloadAsBytes","sourceId":25,"lineNumber":537,"columnNumber":35,"asyncCause":null,"asyncCaller":null,"caller":null,"formattedStack":"downloadAsBytes@resource://services-settings/Attachments.sys.mjs:537:35\n","nativeSavedFrame":{}},"formattedStack":"_fetchAttachment@resource://services-settings/Attachments.sys.mjs:560:35\ndownloadAsBytes@resource://services-settings/Attachments.sys.mjs:537:35\n","nativeSavedFrame":{}},"formattedStack":"fetch@resource://services-settings/Utils.sys.mjs:219:12\n_fetchAttachment@resource://services-settings/Attachments.sys.mjs:560:35\ndownloadAsBytes@resource://services-settings/Attachments.sys.mjs:537:35\n","nativeSavedFrame":{}},"formattedStack":"fetch/<@resource://services-settings/Utils.sys.mjs:268:15\nfetch@resource://services-settings/Utils.sys.mjs:219:12\n_fetchAttachment@resource://services-settings/Attachments.sys.mjs:560:35\ndownloadAsBytes@resource://services-settings/Attachments.sys.mjs:537:35\n","nativeSavedFrame":{}},"formattedStack":"open@resource://gre/modules/ServiceRequest.sys.mjs:126:11\nfetch/<@resource://services-settings/Utils.sys.mjs:268:15\nfetch@resource://services-settings/Utils.sys.mjs:219:12\n_fetchAttachment@resource://services-settings/Attachments.sys.mjs:560:35\ndownloadAsBytes@resource://services-settings/Attachments.sys.mjs:537:35\n","nativeSavedFrame":{}}
    - message = 
    - name = 
    - result = 2152071198
    - stack = open@resource://gre/modules/ServiceRequest.sys.mjs:126:11|fetch/<@resource://services-settings/Utils.sys.mjs:268:15|fetch@resource://services-settings/Utils.sys.mjs:219:12|_fetchAttachment@resource://services-settings/Attachments.sys.mjs:560:35|downloadAsBytes@resource://services-settings/Attachments.sys.mjs:537:35|
  - prototype Object
console.error: RemoteSecuritySettings: 
  failed to download CRLite filter
Object
  - prototype Object
    - columnNumber = 0
    - data = null
    - filename = resource://gre/modules/ServiceRequest.sys.mjs
    - lineNumber = 126
    - location = {"name":"open","filename":"resource://gre/modules/ServiceRequest.sys.mjs","sourceId":27,"lineNumber":126,"columnNumber":11,"asyncCause":null,"asyncCaller":null,"caller":{"filename":"resource://services-settings/Utils.sys.mjs","name":"fetch/<","sourceId":26,"lineNumber":268,"columnNumber":15,"asyncCause":null,"asyncCaller":null,"caller":{"filename":"resource://services-settings/Utils.sys.mjs","name":"fetch","sourceId":26,"lineNumber":219,"columnNumber":12,"asyncCause":null,"asyncCaller":null,"caller":{"filename":"resource://services-settings/Attachments.sys.mjs","name":"_fetchAttachment","sourceId":25,"lineNumber":560,"columnNumber":35,"asyncCause":null,"asyncCaller":null,"caller":{"filename":"resource://services-settings/Attachments.sys.mjs","name":"downloadAsBytes","sourceId":25,"lineNumber":537,"columnNumber":35,"asyncCause":null,"asyncCaller":null,"caller":null,"formattedStack":"downloadAsBytes@resource://services-settings/Attachments.sys.mjs:537:35\n","nativeSavedFrame":{}},"formattedStack":"_fetchAttachment@resource://services-settings/Attachments.sys.mjs:560:35\ndownloadAsBytes@resource://services-settings/Attachments.sys.mjs:537:35\n","nativeSavedFrame":{}},"formattedStack":"fetch@resource://services-settings/Utils.sys.mjs:219:12\n_fetchAttachment@resource://services-settings/Attachments.sys.mjs:560:35\ndownloadAsBytes@resource://services-settings/Attachments.sys.mjs:537:35\n","nativeSavedFrame":{}},"formattedStack":"fetch/<@resource://services-settings/Utils.sys.mjs:268:15\nfetch@resource://services-settings/Utils.sys.mjs:219:12\n_fetchAttachment@resource://services-settings/Attachments.sys.mjs:560:35\ndownloadAsBytes@resource://services-settings/Attachments.sys.mjs:537:35\n","nativeSavedFrame":{}},"formattedStack":"open@resource://gre/modules/ServiceRequest.sys.mjs:126:11\nfetch/<@resource://services-settings/Utils.sys.mjs:268:15\nfetch@resource://services-settings/Utils.sys.mjs:219:12\n_fetchAttachment@resource://services-settings/Attachments.sys.mjs:560:35\ndownloadAsBytes@resource://services-settings/Attachments.sys.mjs:537:35\n","nativeSavedFrame":{}}
    - message = 
    - name = 
    - result = 2152071198
    - stack = open@resource://gre/modules/ServiceRequest.sys.mjs:126:11|fetch/<@resource://services-settings/Utils.sys.mjs:268:15|fetch@resource://services-settings/Utils.sys.mjs:219:12|_fetchAttachment@resource://services-settings/Attachments.sys.mjs:560:35|downloadAsBytes@resource://services-settings/Attachments.sys.mjs:537:35|
  - prototype Object
console.error: RemoteSecuritySettings: 
  failed to download CRLite filter
Object
  - prototype Object
    - columnNumber = 0
    - data = null
    - filename = resource://gre/modules/ServiceRequest.sys.mjs
    - lineNumber = 126
    - location = {"name":"open","filename":"resource://gre/modules/ServiceRequest.sys.mjs","sourceId":27,"lineNumber":126,"columnNumber":11,"asyncCause":null,"asyncCaller":null,"caller":{"filename":"resource://services-settings/Utils.sys.mjs","name":"fetch/<","sourceId":26,"lineNumber":268,"columnNumber":15,"asyncCause":null,"asyncCaller":null,"caller":{"filename":"resource://services-settings/Utils.sys.mjs","name":"fetch","sourceId":26,"lineNumber":219,"columnNumber":12,"asyncCause":null,"asyncCaller":null,"caller":{"filename":"resource://services-settings/Attachments.sys.mjs","name":"_fetchAttachment","sourceId":25,"lineNumber":560,"columnNumber":35,"asyncCause":null,"asyncCaller":null,"caller":{"filename":"resource://services-settings/Attachments.sys.mjs","name":"downloadAsBytes","sourceId":25,"lineNumber":537,"columnNumber":35,"asyncCause":null,"asyncCaller":null,"caller":null,"formattedStack":"downloadAsBytes@resource://services-settings/Attachments.sys.mjs:537:35\n","nativeSavedFrame":{}},"formattedStack":"_fetchAttachment@resource://services-settings/Attachments.sys.mjs:560:35\ndownloadAsBytes@resource://services-settings/Attachments.sys.mjs:537:35\n","nativeSavedFrame":{}},"formattedStack":"fetch@resource://services-settings/Utils.sys.mjs:219:12\n_fetchAttachment@resource://services-settings/Attachments.sys.mjs:560:35\ndownloadAsBytes@resource://services-settings/Attachments.sys.mjs:537:35\n","nativeSavedFrame":{}},"formattedStack":"fetch/<@resource://services-settings/Utils.sys.mjs:268:15\nfetch@resource://services-settings/Utils.sys.mjs:219:12\n_fetchAttachment@resource://services-settings/Attachments.sys.mjs:560:35\ndownloadAsBytes@resource://services-settings/Attachments.sys.mjs:537:35\n","nativeSavedFrame":{}},"formattedStack":"open@resource://gre/modules/ServiceRequest.sys.mjs:126:11\nfetch/<@resource://services-settings/Utils.sys.mjs:268:15\nfetch@resource://services-settings/Utils.sys.mjs:219:12\n_fetchAttachment@resource://services-settings/Attachments.sys.mjs:560:35\ndownloadAsBytes@resource://services-settings/Attachments.sys.mjs:537:35\n","nativeSavedFrame":{}}
    - message = 
    - name = 
    - result = 2152071198
    - stack = open@resource://gre/modules/ServiceRequest.sys.mjs:126:11|fetch/<@resource://services-settings/Utils.sys.mjs:268:15|fetch@resource://services-settings/Utils.sys.mjs:219:12|_fetchAttachment@resource://services-settings/Attachments.sys.mjs:560:35|downloadAsBytes@resource://services-settings/Attachments.sys.mjs:537:35|
  - prototype Object
console.error: RemoteSecuritySettings: 
  failed to download CRLite filter
Object
  - prototype Object
    - columnNumber = 0
    - data = null
    - filename = resource://gre/modules/ServiceRequest.sys.mjs
    - lineNumber = 126
    - location = {"name":"open","filename":"resource://gre/modules/ServiceRequest.sys.mjs","sourceId":27,"lineNumber":126,"columnNumber":11,"asyncCause":null,"asyncCaller":null,"caller":{"filename":"resource://services-settings/Utils.sys.mjs","name":"fetch/<","sourceId":26,"lineNumber":268,"columnNumber":15,"asyncCause":null,"asyncCaller":null,"caller":{"filename":"resource://services-settings/Utils.sys.mjs","name":"fetch","sourceId":26,"lineNumber":219,"columnNumber":12,"asyncCause":null,"asyncCaller":null,"caller":{"filename":"resource://services-settings/Attachments.sys.mjs","name":"_fetchAttachment","sourceId":25,"lineNumber":560,"columnNumber":35,"asyncCause":null,"asyncCaller":null,"caller":{"filename":"resource://services-settings/Attachments.sys.mjs","name":"downloadAsBytes","sourceId":25,"lineNumber":537,"columnNumber":35,"asyncCause":null,"asyncCaller":null,"caller":null,"formattedStack":"downloadAsBytes@resource://services-settings/Attachments.sys.mjs:537:35\n","nativeSavedFrame":{}},"formattedStack":"_fetchAttachment@resource://services-settings/Attachments.sys.mjs:560:35\ndownloadAsBytes@resource://services-settings/Attachments.sys.mjs:537:35\n","nativeSavedFrame":{}},"formattedStack":"fetch@resource://services-settings/Utils.sys.mjs:219:12\n_fetchAttachment@resource://services-settings/Attachments.sys.mjs:560:35\ndownloadAsBytes@resource://services-settings/Attachments.sys.mjs:537:35\n","nativeSavedFrame":{}},"formattedStack":"fetch/<@resource://services-settings/Utils.sys.mjs:268:15\nfetch@resource://services-settings/Utils.sys.mjs:219:12\n_fetchAttachment@resource://services-settings/Attachments.sys.mjs:560:35\ndownloadAsBytes@resource://services-settings/Attachments.sys.mjs:537:35\n","nativeSavedFrame":{}},"formattedStack":"open@resource://gre/modules/ServiceRequest.sys.mjs:126:11\nfetch/<@resource://services-settings/Utils.sys.mjs:268:15\nfetch@resource://services-settings/Utils.sys.mjs:219:12\n_fetchAttachment@resource://services-settings/Attachments.sys.mjs:560:35\ndownloadAsBytes@resource://services-settings/Attachments.sys.mjs:537:35\n","nativeSavedFrame":{}}
    - message = 
    - name = 
    - result = 2152071198
    - stack = open@resource://gre/modules/ServiceRequest.sys.mjs:126:11|fetch/<@resource://services-settings/Utils.sys.mjs:268:15|fetch@resource://services-settings/Utils.sys.mjs:219:12|_fetchAttachment@resource://services-settings/Attachments.sys.mjs:560:35|downloadAsBytes@resource://services-settings/Attachments.sys.mjs:537:35|
  - prototype Object
console.error: RemoteSecuritySettings: 
  failed to download CRLite filter
Object
  - prototype Object
    - columnNumber = 0
    - data = null
    - filename = resource://gre/modules/ServiceRequest.sys.mjs
    - lineNumber = 126
    - location = {"name":"open","filename":"resource://gre/modules/ServiceRequest.sys.mjs","sourceId":27,"lineNumber":126,"columnNumber":11,"asyncCause":null,"asyncCaller":null,"caller":{"filename":"resource://services-settings/Utils.sys.mjs","name":"fetch/<","sourceId":26,"lineNumber":268,"columnNumber":15,"asyncCause":null,"asyncCaller":null,"caller":{"filename":"resource://services-settings/Utils.sys.mjs","name":"fetch","sourceId":26,"lineNumber":219,"columnNumber":12,"asyncCause":null,"asyncCaller":null,"caller":{"filename":"resource://services-settings/Attachments.sys.mjs","name":"_fetchAttachment","sourceId":25,"lineNumber":560,"columnNumber":35,"asyncCause":null,"asyncCaller":null,"caller":{"filename":"resource://services-settings/Attachments.sys.mjs","name":"downloadAsBytes","sourceId":25,"lineNumber":537,"columnNumber":35,"asyncCause":null,"asyncCaller":null,"caller":null,"formattedStack":"downloadAsBytes@resource://services-settings/Attachments.sys.mjs:537:35\n","nativeSavedFrame":{}},"formattedStack":"_fetchAttachment@resource://services-settings/Attachments.sys.mjs:560:35\ndownloadAsBytes@resource://services-settings/Attachments.sys.mjs:537:35\n","nativeSavedFrame":{}},"formattedStack":"fetch@resource://services-settings/Utils.sys.mjs:219:12\n_fetchAttachment@resource://services-settings/Attachments.sys.mjs:560:35\ndownloadAsBytes@resource://services-settings/Attachments.sys.mjs:537:35\n","nativeSavedFrame":{}},"formattedStack":"fetch/<@resource://services-settings/Utils.sys.mjs:268:15\nfetch@resource://services-settings/Utils.sys.mjs:219:12\n_fetchAttachment@resource://services-settings/Attachments.sys.mjs:560:35\ndownloadAsBytes@resource://services-settings/Attachments.sys.mjs:537:35\n","nativeSavedFrame":{}},"formattedStack":"open@resource://gre/modules/ServiceRequest.sys.mjs:126:11\nfetch/<@resource://services-settings/Utils.sys.mjs:268:15\nfetch@resource://services-settings/Utils.sys.mjs:219:12\n_fetchAttachment@resource://services-settings/Attachments.sys.mjs:560:35\ndownloadAsBytes@resource://services-settings/Attachments.sys.mjs:537:35\n","nativeSavedFrame":{}}
    - message = 
    - name = 
    - result = 2152071198
    - stack = open@resource://gre/modules/ServiceRequest.sys.mjs:126:11|fetch/<@resource://services-settings/Utils.sys.mjs:268:15|fetch@resource://services-settings/Utils.sys.mjs:219:12|_fetchAttachment@resource://services-settings/Attachments.sys.mjs:560:35|downloadAsBytes@resource://services-settings/Attachments.sys.mjs:537:35|
  - prototype Object
console.error: RemoteSecuritySettings: 
  failed to download CRLite filter
Object
  - prototype Object
    - columnNumber = 0
    - data = null
    - filename = resource://gre/modules/ServiceRequest.sys.mjs
    - lineNumber = 126
    - location = {"name":"open","filename":"resource://gre/modules/ServiceRequest.sys.mjs","sourceId":27,"lineNumber":126,"columnNumber":11,"asyncCause":null,"asyncCaller":null,"caller":{"filename":"resource://services-settings/Utils.sys.mjs","name":"fetch/<","sourceId":26,"lineNumber":268,"columnNumber":15,"asyncCause":null,"asyncCaller":null,"caller":{"filename":"resource://services-settings/Utils.sys.mjs","name":"fetch","sourceId":26,"lineNumber":219,"columnNumber":12,"asyncCause":null,"asyncCaller":null,"caller":{"filename":"resource://services-settings/Attachments.sys.mjs","name":"_fetchAttachment","sourceId":25,"lineNumber":560,"columnNumber":35,"asyncCause":null,"asyncCaller":null,"caller":{"filename":"resource://services-settings/Attachments.sys.mjs","name":"downloadAsBytes","sourceId":25,"lineNumber":537,"columnNumber":35,"asyncCause":null,"asyncCaller":null,"caller":null,"formattedStack":"downloadAsBytes@resource://services-settings/Attachments.sys.mjs:537:35\n","nativeSavedFrame":{}},"formattedStack":"_fetchAttachment@resource://services-settings/Attachments.sys.mjs:560:35\ndownloadAsBytes@resource://services-settings/Attachments.sys.mjs:537:35\n","nativeSavedFrame":{}},"formattedStack":"fetch@resource://services-settings/Utils.sys.mjs:219:12\n_fetchAttachment@resource://services-settings/Attachments.sys.mjs:560:35\ndownloadAsBytes@resource://services-settings/Attachments.sys.mjs:537:35\n","nativeSavedFrame":{}},"formattedStack":"fetch/<@resource://services-settings/Utils.sys.mjs:268:15\nfetch@resource://services-settings/Utils.sys.mjs:219:12\n_fetchAttachment@resource://services-settings/Attachments.sys.mjs:560:35\ndownloadAsBytes@resource://services-settings/Attachments.sys.mjs:537:35\n","nativeSavedFrame":{}},"formattedStack":"open@resource://gre/modules/ServiceRequest.sys.mjs:126:11\nfetch/<@resource://services-settings/Utils.sys.mjs:268:15\nfetch@resource://services-settings/Utils.sys.mjs:219:12\n_fetchAttachment@resource://services-settings/Attachments.sys.mjs:560:35\ndownloadAsBytes@resource://services-settings/Attachments.sys.mjs:537:35\n","nativeSavedFrame":{}}
    - message = 
    - name = 
    - result = 2152071198
    - stack = open@resource://gre/modules/ServiceRequest.sys.mjs:126:11|fetch/<@resource://services-settings/Utils.sys.mjs:268:15|fetch@resource://services-settings/Utils.sys.mjs:219:12|_fetchAttachment@resource://services-settings/Attachments.sys.mjs:560:35|downloadAsBytes@resource://services-settings/Attachments.sys.mjs:537:35|
  - prototype Object
console.error: RemoteSecuritySettings: 
  failed to download CRLite filter
Object
  - prototype Object
    - columnNumber = 0
    - data = null
    - filename = resource://gre/modules/ServiceRequest.sys.mjs
    - lineNumber = 126
    - location = {"name":"open","filename":"resource://gre/modules/ServiceRequest.sys.mjs","sourceId":27,"lineNumber":126,"columnNumber":11,"asyncCause":null,"asyncCaller":null,"caller":{"filename":"resource://services-settings/Utils.sys.mjs","name":"fetch/<","sourceId":26,"lineNumber":268,"columnNumber":15,"asyncCause":null,"asyncCaller":null,"caller":{"filename":"resource://services-settings/Utils.sys.mjs","name":"fetch","sourceId":26,"lineNumber":219,"columnNumber":12,"asyncCause":null,"asyncCaller":null,"caller":{"filename":"resource://services-settings/Attachments.sys.mjs","name":"_fetchAttachment","sourceId":25,"lineNumber":560,"columnNumber":35,"asyncCause":null,"asyncCaller":null,"caller":{"filename":"resource://services-settings/Attachments.sys.mjs","name":"downloadAsBytes","sourceId":25,"lineNumber":537,"columnNumber":35,"asyncCause":null,"asyncCaller":null,"caller":null,"formattedStack":"downloadAsBytes@resource://services-settings/Attachments.sys.mjs:537:35\n","nativeSavedFrame":{}},"formattedStack":"_fetchAttachment@resource://services-settings/Attachments.sys.mjs:560:35\ndownloadAsBytes@resource://services-settings/Attachments.sys.mjs:537:35\n","nativeSavedFrame":{}},"formattedStack":"fetch@resource://services-settings/Utils.sys.mjs:219:12\n_fetchAttachment@resource://services-settings/Attachments.sys.mjs:560:35\ndownloadAsBytes@resource://services-settings/Attachments.sys.mjs:537:35\n","nativeSavedFrame":{}},"formattedStack":"fetch/<@resource://services-settings/Utils.sys.mjs:268:15\nfetch@resource://services-settings/Utils.sys.mjs:219:12\n_fetchAttachment@resource://services-settings/Attachments.sys.mjs:560:35\ndownloadAsBytes@resource://services-settings/Attachments.sys.mjs:537:35\n","nativeSavedFrame":{}},"formattedStack":"open@resource://gre/modules/ServiceRequest.sys.mjs:126:11\nfetch/<@resource://services-settings/Utils.sys.mjs:268:15\nfetch@resource://services-settings/Utils.sys.mjs:219:12\n_fetchAttachment@resource://services-settings/Attachments.sys.mjs:560:35\ndownloadAsBytes@resource://services-settings/Attachments.sys.mjs:537:35\n","nativeSavedFrame":{}}
    - message = 
    - name = 
    - result = 2152071198
    - stack = open@resource://gre/modules/ServiceRequest.sys.mjs:126:11|fetch/<@resource://services-settings/Utils.sys.mjs:268:15|fetch@resource://services-settings/Utils.sys.mjs:219:12|_fetchAttachment@resource://services-settings/Attachments.sys.mjs:560:35|downloadAsBytes@resource://services-settings/Attachments.sys.mjs:537:35|
  - prototype Object
console.error: RemoteSecuritySettings: 
  failed to download CRLite filter
Object
  - prototype Object
    - columnNumber = 0
    - data = null
    - filename = resource://gre/modules/ServiceRequest.sys.mjs
    - lineNumber = 126
    - location = {"name":"open","filename":"resource://gre/modules/ServiceRequest.sys.mjs","sourceId":27,"lineNumber":126,"columnNumber":11,"asyncCause":null,"asyncCaller":null,"caller":{"filename":"resource://services-settings/Utils.sys.mjs","name":"fetch/<","sourceId":26,"lineNumber":268,"columnNumber":15,"asyncCause":null,"asyncCaller":null,"caller":{"filename":"resource://services-settings/Utils.sys.mjs","name":"fetch","sourceId":26,"lineNumber":219,"columnNumber":12,"asyncCause":null,"asyncCaller":null,"caller":{"filename":"resource://services-settings/Attachments.sys.mjs","name":"_fetchAttachment","sourceId":25,"lineNumber":560,"columnNumber":35,"asyncCause":null,"asyncCaller":null,"caller":{"filename":"resource://services-settings/Attachments.sys.mjs","name":"downloadAsBytes","sourceId":25,"lineNumber":537,"columnNumber":35,"asyncCause":null,"asyncCaller":null,"caller":null,"formattedStack":"downloadAsBytes@resource://services-settings/Attachments.sys.mjs:537:35\n","nativeSavedFrame":{}},"formattedStack":"_fetchAttachment@resource://services-settings/Attachments.sys.mjs:560:35\ndownloadAsBytes@resource://services-settings/Attachments.sys.mjs:537:35\n","nativeSavedFrame":{}},"formattedStack":"fetch@resource://services-settings/Utils.sys.mjs:219:12\n_fetchAttachment@resource://services-settings/Attachments.sys.mjs:560:35\ndownloadAsBytes@resource://services-settings/Attachments.sys.mjs:537:35\n","nativeSavedFrame":{}},"formattedStack":"fetch/<@resource://services-settings/Utils.sys.mjs:268:15\nfetch@resource://services-settings/Utils.sys.mjs:219:12\n_fetchAttachment@resource://services-settings/Attachments.sys.mjs:560:35\ndownloadAsBytes@resource://services-settings/Attachments.sys.mjs:537:35\n","nativeSavedFrame":{}},"formattedStack":"open@resource://gre/modules/ServiceRequest.sys.mjs:126:11\nfetch/<@resource://services-settings/Utils.sys.mjs:268:15\nfetch@resource://services-settings/Utils.sys.mjs:219:12\n_fetchAttachment@resource://services-settings/Attachments.sys.mjs:560:35\ndownloadAsBytes@resource://services-settings/Attachments.sys.mjs:537:35\n","nativeSavedFrame":{}}
    - message = 
    - name = 
    - result = 2152071198
    - stack = open@resource://gre/modules/ServiceRequest.sys.mjs:126:11|fetch/<@resource://services-settings/Utils.sys.mjs:268:15|fetch@resource://services-settings/Utils.sys.mjs:219:12|_fetchAttachment@resource://services-settings/Attachments.sys.mjs:560:35|downloadAsBytes@resource://services-settings/Attachments.sys.mjs:537:35|
  - prototype Object
console.error: RemoteSecuritySettings: 
  failed to download CRLite filter
Object
  - prototype Object
    - columnNumber = 0
    - data = null
    - filename = resource://gre/modules/ServiceRequest.sys.mjs
    - lineNumber = 126
    - location = {"name":"open","filename":"resource://gre/modules/ServiceRequest.sys.mjs","sourceId":27,"lineNumber":126,"columnNumber":11,"asyncCause":null,"asyncCaller":null,"caller":{"filename":"resource://services-settings/Utils.sys.mjs","name":"fetch/<","sourceId":26,"lineNumber":268,"columnNumber":15,"asyncCause":null,"asyncCaller":null,"caller":{"filename":"resource://services-settings/Utils.sys.mjs","name":"fetch","sourceId":26,"lineNumber":219,"columnNumber":12,"asyncCause":null,"asyncCaller":null,"caller":{"filename":"resource://services-settings/Attachments.sys.mjs","name":"_fetchAttachment","sourceId":25,"lineNumber":560,"columnNumber":35,"asyncCause":null,"asyncCaller":null,"caller":{"filename":"resource://services-settings/Attachments.sys.mjs","name":"downloadAsBytes","sourceId":25,"lineNumber":537,"columnNumber":35,"asyncCause":null,"asyncCaller":null,"caller":null,"formattedStack":"downloadAsBytes@resource://services-settings/Attachments.sys.mjs:537:35\n","nativeSavedFrame":{}},"formattedStack":"_fetchAttachment@resource://services-settings/Attachments.sys.mjs:560:35\ndownloadAsBytes@resource://services-settings/Attachments.sys.mjs:537:35\n","nativeSavedFrame":{}},"formattedStack":"fetch@resource://services-settings/Utils.sys.mjs:219:12\n_fetchAttachment@resource://services-settings/Attachments.sys.mjs:560:35\ndownloadAsBytes@resource://services-settings/Attachments.sys.mjs:537:35\n","nativeSavedFrame":{}},"formattedStack":"fetch/<@resource://services-settings/Utils.sys.mjs:268:15\nfetch@resource://services-settings/Utils.sys.mjs:219:12\n_fetchAttachment@resource://services-settings/Attachments.sys.mjs:560:35\ndownloadAsBytes@resource://services-settings/Attachments.sys.mjs:537:35\n","nativeSavedFrame":{}},"formattedStack":"open@resource://gre/modules/ServiceRequest.sys.mjs:126:11\nfetch/<@resource://services-settings/Utils.sys.mjs:268:15\nfetch@resource://services-settings/Utils.sys.mjs:219:12\n_fetchAttachment@resource://services-settings/Attachments.sys.mjs:560:35\ndownloadAsBytes@resource://services-settings/Attachments.sys.mjs:537:35\n","nativeSavedFrame":{}}
    - message = 
    - name = 
    - result = 2152071198
    - stack = open@resource://gre/modules/ServiceRequest.sys.mjs:126:11|fetch/<@resource://services-settings/Utils.sys.mjs:268:15|fetch@resource://services-settings/Utils.sys.mjs:219:12|_fetchAttachment@resource://services-settings/Attachments.sys.mjs:560:35|downloadAsBytes@resource://services-settings/Attachments.sys.mjs:537:35|
  - prototype Object
console.error: RemoteSecuritySettings: 
  failed to download CRLite filter
Object
  - prototype Object
    - columnNumber = 0
    - data = null
    - filename = resource://gre/modules/ServiceRequest.sys.mjs
    - lineNumber = 126
    - location = {"name":"open","filename":"resource://gre/modules/ServiceRequest.sys.mjs","sourceId":27,"lineNumber":126,"columnNumber":11,"asyncCause":null,"asyncCaller":null,"caller":{"filename":"resource://services-settings/Utils.sys.mjs","name":"fetch/<","sourceId":26,"lineNumber":268,"columnNumber":15,"asyncCause":null,"asyncCaller":null,"caller":{"filename":"resource://services-settings/Utils.sys.mjs","name":"fetch","sourceId":26,"lineNumber":219,"columnNumber":12,"asyncCause":null,"asyncCaller":null,"caller":{"filename":"resource://services-settings/Attachments.sys.mjs","name":"_fetchAttachment","sourceId":25,"lineNumber":560,"columnNumber":35,"asyncCause":null,"asyncCaller":null,"caller":{"filename":"resource://services-settings/Attachments.sys.mjs","name":"downloadAsBytes","sourceId":25,"lineNumber":537,"columnNumber":35,"asyncCause":null,"asyncCaller":null,"caller":null,"formattedStack":"downloadAsBytes@resource://services-settings/Attachments.sys.mjs:537:35\n","nativeSavedFrame":{}},"formattedStack":"_fetchAttachment@resource://services-settings/Attachments.sys.mjs:560:35\ndownloadAsBytes@resource://services-settings/Attachments.sys.mjs:537:35\n","nativeSavedFrame":{}},"formattedStack":"fetch@resource://services-settings/Utils.sys.mjs:219:12\n_fetchAttachment@resource://services-settings/Attachments.sys.mjs:560:35\ndownloadAsBytes@resource://services-settings/Attachments.sys.mjs:537:35\n","nativeSavedFrame":{}},"formattedStack":"fetch/<@resource://services-settings/Utils.sys.mjs:268:15\nfetch@resource://services-settings/Utils.sys.mjs:219:12\n_fetchAttachment@resource://services-settings/Attachments.sys.mjs:560:35\ndownloadAsBytes@resource://services-settings/Attachments.sys.mjs:537:35\n","nativeSavedFrame":{}},"formattedStack":"open@resource://gre/modules/ServiceRequest.sys.mjs:126:11\nfetch/<@resource://services-settings/Utils.sys.mjs:268:15\nfetch@resource://services-settings/Utils.sys.mjs:219:12\n_fetchAttachment@resource://services-settings/Attachments.sys.mjs:560:35\ndownloadAsBytes@resource://services-settings/Attachments.sys.mjs:537:35\n","nativeSavedFrame":{}}
    - message = 
    - name = 
    - result = 2152071198
    - stack = open@resource://gre/modules/ServiceRequest.sys.mjs:126:11|fetch/<@resource://services-settings/Utils.sys.mjs:268:15|fetch@resource://services-settings/Utils.sys.mjs:219:12|_fetchAttachment@resource://services-settings/Attachments.sys.mjs:560:35|downloadAsBytes@resource://services-settings/Attachments.sys.mjs:537:35|
  - prototype Object
console.error: RemoteSecuritySettings: 
  failed to download CRLite filter
Object
  - prototype Object
    - columnNumber = 0
    - data = null
    - filename = resource://gre/modules/ServiceRequest.sys.mjs
    - lineNumber = 126
    - location = {"name":"open","filename":"resource://gre/modules/ServiceRequest.sys.mjs","sourceId":27,"lineNumber":126,"columnNumber":11,"asyncCause":null,"asyncCaller":null,"caller":{"filename":"resource://services-settings/Utils.sys.mjs","name":"fetch/<","sourceId":26,"lineNumber":268,"columnNumber":15,"asyncCause":null,"asyncCaller":null,"caller":{"filename":"resource://services-settings/Utils.sys.mjs","name":"fetch","sourceId":26,"lineNumber":219,"columnNumber":12,"asyncCause":null,"asyncCaller":null,"caller":{"filename":"resource://services-settings/Attachments.sys.mjs","name":"_fetchAttachment","sourceId":25,"lineNumber":560,"columnNumber":35,"asyncCause":null,"asyncCaller":null,"caller":{"filename":"resource://services-settings/Attachments.sys.mjs","name":"downloadAsBytes","sourceId":25,"lineNumber":537,"columnNumber":35,"asyncCause":null,"asyncCaller":null,"caller":null,"formattedStack":"downloadAsBytes@resource://services-settings/Attachments.sys.mjs:537:35\n","nativeSavedFrame":{}},"formattedStack":"_fetchAttachment@resource://services-settings/Attachments.sys.mjs:560:35\ndownloadAsBytes@resource://services-settings/Attachments.sys.mjs:537:35\n","nativeSavedFrame":{}},"formattedStack":"fetch@resource://services-settings/Utils.sys.mjs:219:12\n_fetchAttachment@resource://services-settings/Attachments.sys.mjs:560:35\ndownloadAsBytes@resource://services-settings/Attachments.sys.mjs:537:35\n","nativeSavedFrame":{}},"formattedStack":"fetch/<@resource://services-settings/Utils.sys.mjs:268:15\nfetch@resource://services-settings/Utils.sys.mjs:219:12\n_fetchAttachment@resource://services-settings/Attachments.sys.mjs:560:35\ndownloadAsBytes@resource://services-settings/Attachments.sys.mjs:537:35\n","nativeSavedFrame":{}},"formattedStack":"open@resource://gre/modules/ServiceRequest.sys.mjs:126:11\nfetch/<@resource://services-settings/Utils.sys.mjs:268:15\nfetch@resource://services-settings/Utils.sys.mjs:219:12\n_fetchAttachment@resource://services-settings/Attachments.sys.mjs:560:35\ndownloadAsBytes@resource://services-settings/Attachments.sys.mjs:537:35\n","nativeSavedFrame":{}}
    - message = 
    - name = 
    - result = 2152071198
    - stack = open@resource://gre/modules/ServiceRequest.sys.mjs:126:11|fetch/<@resource://services-settings/Utils.sys.mjs:268:15|fetch@resource://services-settings/Utils.sys.mjs:219:12|_fetchAttachment@resource://services-settings/Attachments.sys.mjs:560:35|downloadAsBytes@resource://services-settings/Attachments.sys.mjs:537:35|
  - prototype Object
console.error: RemoteSecuritySettings: 
  failed to download CRLite filter
Object
  - prototype Object
    - columnNumber = 0
    - data = null
    - filename = resource://gre/modules/ServiceRequest.sys.mjs
    - lineNumber = 126
    - location = {"name":"open","filename":"resource://gre/modules/ServiceRequest.sys.mjs","sourceId":27,"lineNumber":126,"columnNumber":11,"asyncCause":null,"asyncCaller":null,"caller":{"filename":"resource://services-settings/Utils.sys.mjs","name":"fetch/<","sourceId":26,"lineNumber":268,"columnNumber":15,"asyncCause":null,"asyncCaller":null,"caller":{"filename":"resource://services-settings/Utils.sys.mjs","name":"fetch","sourceId":26,"lineNumber":219,"columnNumber":12,"asyncCause":null,"asyncCaller":null,"caller":{"filename":"resource://services-settings/Attachments.sys.mjs","name":"_fetchAttachment","sourceId":25,"lineNumber":560,"columnNumber":35,"asyncCause":null,"asyncCaller":null,"caller":{"filename":"resource://services-settings/Attachments.sys.mjs","name":"downloadAsBytes","sourceId":25,"lineNumber":537,"columnNumber":35,"asyncCause":null,"asyncCaller":null,"caller":null,"formattedStack":"downloadAsBytes@resource://services-settings/Attachments.sys.mjs:537:35\n","nativeSavedFrame":{}},"formattedStack":"_fetchAttachment@resource://services-settings/Attachments.sys.mjs:560:35\ndownloadAsBytes@resource://services-settings/Attachments.sys.mjs:537:35\n","nativeSavedFrame":{}},"formattedStack":"fetch@resource://services-settings/Utils.sys.mjs:219:12\n_fetchAttachment@resource://services-settings/Attachments.sys.mjs:560:35\ndownloadAsBytes@resource://services-settings/Attachments.sys.mjs:537:35\n","nativeSavedFrame":{}},"formattedStack":"fetch/<@resource://services-settings/Utils.sys.mjs:268:15\nfetch@resource://services-settings/Utils.sys.mjs:219:12\n_fetchAttachment@resource://services-settings/Attachments.sys.mjs:560:35\ndownloadAsBytes@resource://services-settings/Attachments.sys.mjs:537:35\n","nativeSavedFrame":{}},"formattedStack":"open@resource://gre/modules/ServiceRequest.sys.mjs:126:11\nfetch/<@resource://services-settings/Utils.sys.mjs:268:15\nfetch@resource://services-settings/Utils.sys.mjs:219:12\n_fetchAttachment@resource://services-settings/Attachments.sys.mjs:560:35\ndownloadAsBytes@resource://services-settings/Attachments.sys.mjs:537:35\n","nativeSavedFrame":{}}
    - message = 
    - name = 
    - result = 2152071198
    - stack = open@resource://gre/modules/ServiceRequest.sys.mjs:126:11|fetch/<@resource://services-settings/Utils.sys.mjs:268:15|fetch@resource://services-settings/Utils.sys.mjs:219:12|_fetchAttachment@resource://services-settings/Attachments.sys.mjs:560:35|downloadAsBytes@resource://services-settings/Attachments.sys.mjs:537:35|
  - prototype Object
console.error: RemoteSecuritySettings: 
  failed to download CRLite filter
Object
  - prototype Object
    - columnNumber = 0
    - data = null
    - filename = resource://gre/modules/ServiceRequest.sys.mjs
    - lineNumber = 126
    - location = {"name":"open","filename":"resource://gre/modules/ServiceRequest.sys.mjs","sourceId":27,"lineNumber":126,"columnNumber":11,"asyncCause":null,"asyncCaller":null,"caller":{"filename":"resource://services-settings/Utils.sys.mjs","name":"fetch/<","sourceId":26,"lineNumber":268,"columnNumber":15,"asyncCause":null,"asyncCaller":null,"caller":{"filename":"resource://services-settings/Utils.sys.mjs","name":"fetch","sourceId":26,"lineNumber":219,"columnNumber":12,"asyncCause":null,"asyncCaller":null,"caller":{"filename":"resource://services-settings/Attachments.sys.mjs","name":"_fetchAttachment","sourceId":25,"lineNumber":560,"columnNumber":35,"asyncCause":null,"asyncCaller":null,"caller":{"filename":"resource://services-settings/Attachments.sys.mjs","name":"downloadAsBytes","sourceId":25,"lineNumber":537,"columnNumber":35,"asyncCause":null,"asyncCaller":null,"caller":null,"formattedStack":"downloadAsBytes@resource://services-settings/Attachments.sys.mjs:537:35\n","nativeSavedFrame":{}},"formattedStack":"_fetchAttachment@resource://services-settings/Attachments.sys.mjs:560:35\ndownloadAsBytes@resource://services-settings/Attachments.sys.mjs:537:35\n","nativeSavedFrame":{}},"formattedStack":"fetch@resource://services-settings/Utils.sys.mjs:219:12\n_fetchAttachment@resource://services-settings/Attachments.sys.mjs:560:35\ndownloadAsBytes@resource://services-settings/Attachments.sys.mjs:537:35\n","nativeSavedFrame":{}},"formattedStack":"fetch/<@resource://services-settings/Utils.sys.mjs:268:15\nfetch@resource://services-settings/Utils.sys.mjs:219:12\n_fetchAttachment@resource://services-settings/Attachments.sys.mjs:560:35\ndownloadAsBytes@resource://services-settings/Attachments.sys.mjs:537:35\n","nativeSavedFrame":{}},"formattedStack":"open@resource://gre/modules/ServiceRequest.sys.mjs:126:11\nfetch/<@resource://services-settings/Utils.sys.mjs:268:15\nfetch@resource://services-settings/Utils.sys.mjs:219:12\n_fetchAttachment@resource://services-settings/Attachments.sys.mjs:560:35\ndownloadAsBytes@resource://services-settings/Attachments.sys.mjs:537:35\n","nativeSavedFrame":{}}
    - message = 
    - name = 
    - result = 2152071198
    - stack = open@resource://gre/modules/ServiceRequest.sys.mjs:126:11|fetch/<@resource://services-settings/Utils.sys.mjs:268:15|fetch@resource://services-settings/Utils.sys.mjs:219:12|_fetchAttachment@resource://services-settings/Attachments.sys.mjs:560:35|downloadAsBytes@resource://services-settings/Attachments.sys.mjs:537:35|
  - prototype Object
console.error: RemoteSecuritySettings: 
  failed to download CRLite filter
Object
  - prototype Object
    - columnNumber = 0
    - data = null
    - filename = resource://gre/modules/ServiceRequest.sys.mjs
    - lineNumber = 126
    - location = {"name":"open","filename":"resource://gre/modules/ServiceRequest.sys.mjs","sourceId":27,"lineNumber":126,"columnNumber":11,"asyncCause":null,"asyncCaller":null,"caller":{"filename":"resource://services-settings/Utils.sys.mjs","name":"fetch/<","sourceId":26,"lineNumber":268,"columnNumber":15,"asyncCause":null,"asyncCaller":null,"caller":{"filename":"resource://services-settings/Utils.sys.mjs","name":"fetch","sourceId":26,"lineNumber":219,"columnNumber":12,"asyncCause":null,"asyncCaller":null,"caller":{"filename":"resource://services-settings/Attachments.sys.mjs","name":"_fetchAttachment","sourceId":25,"lineNumber":560,"columnNumber":35,"asyncCause":null,"asyncCaller":null,"caller":{"filename":"resource://services-settings/Attachments.sys.mjs","name":"downloadAsBytes","sourceId":25,"lineNumber":537,"columnNumber":35,"asyncCause":null,"asyncCaller":null,"caller":null,"formattedStack":"downloadAsBytes@resource://services-settings/Attachments.sys.mjs:537:35\n","nativeSavedFrame":{}},"formattedStack":"_fetchAttachment@resource://services-settings/Attachments.sys.mjs:560:35\ndownloadAsBytes@resource://services-settings/Attachments.sys.mjs:537:35\n","nativeSavedFrame":{}},"formattedStack":"fetch@resource://services-settings/Utils.sys.mjs:219:12\n_fetchAttachment@resource://services-settings/Attachments.sys.mjs:560:35\ndownloadAsBytes@resource://services-settings/Attachments.sys.mjs:537:35\n","nativeSavedFrame":{}},"formattedStack":"fetch/<@resource://services-settings/Utils.sys.mjs:268:15\nfetch@resource://services-settings/Utils.sys.mjs:219:12\n_fetchAttachment@resource://services-settings/Attachments.sys.mjs:560:35\ndownloadAsBytes@resource://services-settings/Attachments.sys.mjs:537:35\n","nativeSavedFrame":{}},"formattedStack":"open@resource://gre/modules/ServiceRequest.sys.mjs:126:11\nfetch/<@resource://services-settings/Utils.sys.mjs:268:15\nfetch@resource://services-settings/Utils.sys.mjs:219:12\n_fetchAttachment@resource://services-settings/Attachments.sys.mjs:560:35\ndownloadAsBytes@resource://services-settings/Attachments.sys.mjs:537:35\n","nativeSavedFrame":{}}
    - message = 
    - name = 
    - result = 2152071198
    - stack = open@resource://gre/modules/ServiceRequest.sys.mjs:126:11|fetch/<@resource://services-settings/Utils.sys.mjs:268:15|fetch@resource://services-settings/Utils.sys.mjs:219:12|_fetchAttachment@resource://services-settings/Attachments.sys.mjs:560:35|downloadAsBytes@resource://services-settings/Attachments.sys.mjs:537:35|
  - prototype Object
console.error: RemoteSecuritySettings: 
  failed to download CRLite filter
Object
  - prototype Object
    - columnNumber = 0
    - data = null
    - filename = resource://gre/modules/ServiceRequest.sys.mjs
    - lineNumber = 126
    - location = {"name":"open","filename":"resource://gre/modules/ServiceRequest.sys.mjs","sourceId":27,"lineNumber":126,"columnNumber":11,"asyncCause":null,"asyncCaller":null,"caller":{"filename":"resource://services-settings/Utils.sys.mjs","name":"fetch/<","sourceId":26,"lineNumber":268,"columnNumber":15,"asyncCause":null,"asyncCaller":null,"caller":{"filename":"resource://services-settings/Utils.sys.mjs","name":"fetch","sourceId":26,"lineNumber":219,"columnNumber":12,"asyncCause":null,"asyncCaller":null,"caller":{"filename":"resource://services-settings/Attachments.sys.mjs","name":"_fetchAttachment","sourceId":25,"lineNumber":560,"columnNumber":35,"asyncCause":null,"asyncCaller":null,"caller":{"filename":"resource://services-settings/Attachments.sys.mjs","name":"downloadAsBytes","sourceId":25,"lineNumber":537,"columnNumber":35,"asyncCause":null,"asyncCaller":null,"caller":null,"formattedStack":"downloadAsBytes@resource://services-settings/Attachments.sys.mjs:537:35\n","nativeSavedFrame":{}},"formattedStack":"_fetchAttachment@resource://services-settings/Attachments.sys.mjs:560:35\ndownloadAsBytes@resource://services-settings/Attachments.sys.mjs:537:35\n","nativeSavedFrame":{}},"formattedStack":"fetch@resource://services-settings/Utils.sys.mjs:219:12\n_fetchAttachment@resource://services-settings/Attachments.sys.mjs:560:35\ndownloadAsBytes@resource://services-settings/Attachments.sys.mjs:537:35\n","nativeSavedFrame":{}},"formattedStack":"fetch/<@resource://services-settings/Utils.sys.mjs:268:15\nfetch@resource://services-settings/Utils.sys.mjs:219:12\n_fetchAttachment@resource://services-settings/Attachments.sys.mjs:560:35\ndownloadAsBytes@resource://services-settings/Attachments.sys.mjs:537:35\n","nativeSavedFrame":{}},"formattedStack":"open@resource://gre/modules/ServiceRequest.sys.mjs:126:11\nfetch/<@resource://services-settings/Utils.sys.mjs:268:15\nfetch@resource://services-settings/Utils.sys.mjs:219:12\n_fetchAttachment@resource://services-settings/Attachments.sys.mjs:560:35\ndownloadAsBytes@resource://services-settings/Attachments.sys.mjs:537:35\n","nativeSavedFrame":{}}
    - message = 
    - name = 
    - result = 2152071198
    - stack = open@resource://gre/modules/ServiceRequest.sys.mjs:126:11|fetch/<@resource://services-settings/Utils.sys.mjs:268:15|fetch@resource://services-settings/Utils.sys.mjs:219:12|_fetchAttachment@resource://services-settings/Attachments.sys.mjs:560:35|downloadAsBytes@resource://services-settings/Attachments.sys.mjs:537:35|
  - prototype Object
console.error: RemoteSecuritySettings: 
  failed to download CRLite filter
Object
  - prototype Object
    - columnNumber = 0
    - data = null
    - filename = resource://gre/modules/ServiceRequest.sys.mjs
    - lineNumber = 126
    - location = {"name":"open","filename":"resource://gre/modules/ServiceRequest.sys.mjs","sourceId":27,"lineNumber":126,"columnNumber":11,"asyncCause":null,"asyncCaller":null,"caller":{"filename":"resource://services-settings/Utils.sys.mjs","name":"fetch/<","sourceId":26,"lineNumber":268,"columnNumber":15,"asyncCause":null,"asyncCaller":null,"caller":{"filename":"resource://services-settings/Utils.sys.mjs","name":"fetch","sourceId":26,"lineNumber":219,"columnNumber":12,"asyncCause":null,"asyncCaller":null,"caller":{"filename":"resource://services-settings/Attachments.sys.mjs","name":"_fetchAttachment","sourceId":25,"lineNumber":560,"columnNumber":35,"asyncCause":null,"asyncCaller":null,"caller":{"filename":"resource://services-settings/Attachments.sys.mjs","name":"downloadAsBytes","sourceId":25,"lineNumber":537,"columnNumber":35,"asyncCause":null,"asyncCaller":null,"caller":null,"formattedStack":"downloadAsBytes@resource://services-settings/Attachments.sys.mjs:537:35\n","nativeSavedFrame":{}},"formattedStack":"_fetchAttachment@resource://services-settings/Attachments.sys.mjs:560:35\ndownloadAsBytes@resource://services-settings/Attachments.sys.mjs:537:35\n","nativeSavedFrame":{}},"formattedStack":"fetch@resource://services-settings/Utils.sys.mjs:219:12\n_fetchAttachment@resource://services-settings/Attachments.sys.mjs:560:35\ndownloadAsBytes@resource://services-settings/Attachments.sys.mjs:537:35\n","nativeSavedFrame":{}},"formattedStack":"fetch/<@resource://services-settings/Utils.sys.mjs:268:15\nfetch@resource://services-settings/Utils.sys.mjs:219:12\n_fetchAttachment@resource://services-settings/Attachments.sys.mjs:560:35\ndownloadAsBytes@resource://services-settings/Attachments.sys.mjs:537:35\n","nativeSavedFrame":{}},"formattedStack":"open@resource://gre/modules/ServiceRequest.sys.mjs:126:11\nfetch/<@resource://services-settings/Utils.sys.mjs:268:15\nfetch@resource://services-settings/Utils.sys.mjs:219:12\n_fetchAttachment@resource://services-settings/Attachments.sys.mjs:560:35\ndownloadAsBytes@resource://services-settings/Attachments.sys.mjs:537:35\n","nativeSavedFrame":{}}
    - message = 
    - name = 
    - result = 2152071198
    - stack = open@resource://gre/modules/ServiceRequest.sys.mjs:126:11|fetch/<@resource://services-settings/Utils.sys.mjs:268:15|fetch@resource://services-settings/Utils.sys.mjs:219:12|_fetchAttachment@resource://services-settings/Attachments.sys.mjs:560:35|downloadAsBytes@resource://services-settings/Attachments.sys.mjs:537:35|
  - prototype Object
console.error: RemoteSecuritySettings: 
  failed to download CRLite filter
Object
  - prototype Object
    - columnNumber = 0
    - data = null
    - filename = resource://gre/modules/ServiceRequest.sys.mjs
    - lineNumber = 126
    - location = {"name":"open","filename":"resource://gre/modules/ServiceRequest.sys.mjs","sourceId":27,"lineNumber":126,"columnNumber":11,"asyncCause":null,"asyncCaller":null,"caller":{"filename":"resource://services-settings/Utils.sys.mjs","name":"fetch/<","sourceId":26,"lineNumber":268,"columnNumber":15,"asyncCause":null,"asyncCaller":null,"caller":{"filename":"resource://services-settings/Utils.sys.mjs","name":"fetch","sourceId":26,"lineNumber":219,"columnNumber":12,"asyncCause":null,"asyncCaller":null,"caller":{"filename":"resource://services-settings/Attachments.sys.mjs","name":"_fetchAttachment","sourceId":25,"lineNumber":560,"columnNumber":35,"asyncCause":null,"asyncCaller":null,"caller":{"filename":"resource://services-settings/Attachments.sys.mjs","name":"downloadAsBytes","sourceId":25,"lineNumber":537,"columnNumber":35,"asyncCause":null,"asyncCaller":null,"caller":null,"formattedStack":"downloadAsBytes@resource://services-settings/Attachments.sys.mjs:537:35\n","nativeSavedFrame":{}},"formattedStack":"_fetchAttachment@resource://services-settings/Attachments.sys.mjs:560:35\ndownloadAsBytes@resource://services-settings/Attachments.sys.mjs:537:35\n","nativeSavedFrame":{}},"formattedStack":"fetch@resource://services-settings/Utils.sys.mjs:219:12\n_fetchAttachment@resource://services-settings/Attachments.sys.mjs:560:35\ndownloadAsBytes@resource://services-settings/Attachments.sys.mjs:537:35\n","nativeSavedFrame":{}},"formattedStack":"fetch/<@resource://services-settings/Utils.sys.mjs:268:15\nfetch@resource://services-settings/Utils.sys.mjs:219:12\n_fetchAttachment@resource://services-settings/Attachments.sys.mjs:560:35\ndownloadAsBytes@resource://services-settings/Attachments.sys.mjs:537:35\n","nativeSavedFrame":{}},"formattedStack":"open@resource://gre/modules/ServiceRequest.sys.mjs:126:11\nfetch/<@resource://services-settings/Utils.sys.mjs:268:15\nfetch@resource://services-settings/Utils.sys.mjs:219:12\n_fetchAttachment@resource://services-settings/Attachments.sys.mjs:560:35\ndownloadAsBytes@resource://services-settings/Attachments.sys.mjs:537:35\n","nativeSavedFrame":{}}
    - message = 
    - name = 
    - result = 2152071198
    - stack = open@resource://gre/modules/ServiceRequest.sys.mjs:126:11|fetch/<@resource://services-settings/Utils.sys.mjs:268:15|fetch@resource://services-settings/Utils.sys.mjs:219:12|_fetchAttachment@resource://services-settings/Attachments.sys.mjs:560:35|downloadAsBytes@resource://services-settings/Attachments.sys.mjs:537:35|
  - prototype Object
console.error: RemoteSecuritySettings: 
  failed to download CRLite filter
Object
  - prototype Object
    - columnNumber = 0
    - data = null
    - filename = resource://gre/modules/ServiceRequest.sys.mjs
    - lineNumber = 126
    - location = {"name":"open","filename":"resource://gre/modules/ServiceRequest.sys.mjs","sourceId":27,"lineNumber":126,"columnNumber":11,"asyncCause":null,"asyncCaller":null,"caller":{"filename":"resource://services-settings/Utils.sys.mjs","name":"fetch/<","sourceId":26,"lineNumber":268,"columnNumber":15,"asyncCause":null,"asyncCaller":null,"caller":{"filename":"resource://services-settings/Utils.sys.mjs","name":"fetch","sourceId":26,"lineNumber":219,"columnNumber":12,"asyncCause":null,"asyncCaller":null,"caller":{"filename":"resource://services-settings/Attachments.sys.mjs","name":"_fetchAttachment","sourceId":25,"lineNumber":560,"columnNumber":35,"asyncCause":null,"asyncCaller":null,"caller":{"filename":"resource://services-settings/Attachments.sys.mjs","name":"downloadAsBytes","sourceId":25,"lineNumber":537,"columnNumber":35,"asyncCause":null,"asyncCaller":null,"caller":null,"formattedStack":"downloadAsBytes@resource://services-settings/Attachments.sys.mjs:537:35\n","nativeSavedFrame":{}},"formattedStack":"_fetchAttachment@resource://services-settings/Attachments.sys.mjs:560:35\ndownloadAsBytes@resource://services-settings/Attachments.sys.mjs:537:35\n","nativeSavedFrame":{}},"formattedStack":"fetch@resource://services-settings/Utils.sys.mjs:219:12\n_fetchAttachment@resource://services-settings/Attachments.sys.mjs:560:35\ndownloadAsBytes@resource://services-settings/Attachments.sys.mjs:537:35\n","nativeSavedFrame":{}},"formattedStack":"fetch/<@resource://services-settings/Utils.sys.mjs:268:15\nfetch@resource://services-settings/Utils.sys.mjs:219:12\n_fetchAttachment@resource://services-settings/Attachments.sys.mjs:560:35\ndownloadAsBytes@resource://services-settings/Attachments.sys.mjs:537:35\n","nativeSavedFrame":{}},"formattedStack":"open@resource://gre/modules/ServiceRequest.sys.mjs:126:11\nfetch/<@resource://services-settings/Utils.sys.mjs:268:15\nfetch@resource://services-settings/Utils.sys.mjs:219:12\n_fetchAttachment@resource://services-settings/Attachments.sys.mjs:560:35\ndownloadAsBytes@resource://services-settings/Attachments.sys.mjs:537:35\n","nativeSavedFrame":{}}
    - message = 
    - name = 
    - result = 2152071198
    - stack = open@resource://gre/modules/ServiceRequest.sys.mjs:126:11|fetch/<@resource://services-settings/Utils.sys.mjs:268:15|fetch@resource://services-settings/Utils.sys.mjs:219:12|_fetchAttachment@resource://services-settings/Attachments.sys.mjs:560:35|downloadAsBytes@resource://services-settings/Attachments.sys.mjs:537:35|
  - prototype Object
console.error: RemoteSecuritySettings: 
  failed to download CRLite filter
Object
  - prototype Object
    - columnNumber = 0
    - data = null
    - filename = resource://gre/modules/ServiceRequest.sys.mjs
    - lineNumber = 126
    - location = {"name":"open","filename":"resource://gre/modules/ServiceRequest.sys.mjs","sourceId":27,"lineNumber":126,"columnNumber":11,"asyncCause":null,"asyncCaller":null,"caller":{"filename":"resource://services-settings/Utils.sys.mjs","name":"fetch/<","sourceId":26,"lineNumber":268,"columnNumber":15,"asyncCause":null,"asyncCaller":null,"caller":{"filename":"resource://services-settings/Utils.sys.mjs","name":"fetch","sourceId":26,"lineNumber":219,"columnNumber":12,"asyncCause":null,"asyncCaller":null,"caller":{"filename":"resource://services-settings/Attachments.sys.mjs","name":"_fetchAttachment","sourceId":25,"lineNumber":560,"columnNumber":35,"asyncCause":null,"asyncCaller":null,"caller":{"filename":"resource://services-settings/Attachments.sys.mjs","name":"downloadAsBytes","sourceId":25,"lineNumber":537,"columnNumber":35,"asyncCause":null,"asyncCaller":null,"caller":null,"formattedStack":"downloadAsBytes@resource://services-settings/Attachments.sys.mjs:537:35\n","nativeSavedFrame":{}},"formattedStack":"_fetchAttachment@resource://services-settings/Attachments.sys.mjs:560:35\ndownloadAsBytes@resource://services-settings/Attachments.sys.mjs:537:35\n","nativeSavedFrame":{}},"formattedStack":"fetch@resource://services-settings/Utils.sys.mjs:219:12\n_fetchAttachment@resource://services-settings/Attachments.sys.mjs:560:35\ndownloadAsBytes@resource://services-settings/Attachments.sys.mjs:537:35\n","nativeSavedFrame":{}},"formattedStack":"fetch/<@resource://services-settings/Utils.sys.mjs:268:15\nfetch@resource://services-settings/Utils.sys.mjs:219:12\n_fetchAttachment@resource://services-settings/Attachments.sys.mjs:560:35\ndownloadAsBytes@resource://services-settings/Attachments.sys.mjs:537:35\n","nativeSavedFrame":{}},"formattedStack":"open@resource://gre/modules/ServiceRequest.sys.mjs:126:11\nfetch/<@resource://services-settings/Utils.sys.mjs:268:15\nfetch@resource://services-settings/Utils.sys.mjs:219:12\n_fetchAttachment@resource://services-settings/Attachments.sys.mjs:560:35\ndownloadAsBytes@resource://services-settings/Attachments.sys.mjs:537:35\n","nativeSavedFrame":{}}
    - message = 
    - name = 
    - result = 2152071198
    - stack = open@resource://gre/modules/ServiceRequest.sys.mjs:126:11|fetch/<@resource://services-settings/Utils.sys.mjs:268:15|fetch@resource://services-settings/Utils.sys.mjs:219:12|_fetchAttachment@resource://services-settings/Attachments.sys.mjs:560:35|downloadAsBytes@resource://services-settings/Attachments.sys.mjs:537:35|
  - prototype Object
console.error: RemoteSecuritySettings: 
  failed to download CRLite filter
Object
  - prototype Object
    - columnNumber = 0
    - data = null
    - filename = resource://gre/modules/ServiceRequest.sys.mjs
    - lineNumber = 126
    - location = {"name":"open","filename":"resource://gre/modules/ServiceRequest.sys.mjs","sourceId":27,"lineNumber":126,"columnNumber":11,"asyncCause":null,"asyncCaller":null,"caller":{"filename":"resource://services-settings/Utils.sys.mjs","name":"fetch/<","sourceId":26,"lineNumber":268,"columnNumber":15,"asyncCause":null,"asyncCaller":null,"caller":{"filename":"resource://services-settings/Utils.sys.mjs","name":"fetch","sourceId":26,"lineNumber":219,"columnNumber":12,"asyncCause":null,"asyncCaller":null,"caller":{"filename":"resource://services-settings/Attachments.sys.mjs","name":"_fetchAttachment","sourceId":25,"lineNumber":560,"columnNumber":35,"asyncCause":null,"asyncCaller":null,"caller":{"filename":"resource://services-settings/Attachments.sys.mjs","name":"downloadAsBytes","sourceId":25,"lineNumber":537,"columnNumber":35,"asyncCause":null,"asyncCaller":null,"caller":null,"formattedStack":"downloadAsBytes@resource://services-settings/Attachments.sys.mjs:537:35\n","nativeSavedFrame":{}},"formattedStack":"_fetchAttachment@resource://services-settings/Attachments.sys.mjs:560:35\ndownloadAsBytes@resource://services-settings/Attachments.sys.mjs:537:35\n","nativeSavedFrame":{}},"formattedStack":"fetch@resource://services-settings/Utils.sys.mjs:219:12\n_fetchAttachment@resource://services-settings/Attachments.sys.mjs:560:35\ndownloadAsBytes@resource://services-settings/Attachments.sys.mjs:537:35\n","nativeSavedFrame":{}},"formattedStack":"fetch/<@resource://services-settings/Utils.sys.mjs:268:15\nfetch@resource://services-settings/Utils.sys.mjs:219:12\n_fetchAttachment@resource://services-settings/Attachments.sys.mjs:560:35\ndownloadAsBytes@resource://services-settings/Attachments.sys.mjs:537:35\n","nativeSavedFrame":{}},"formattedStack":"open@resource://gre/modules/ServiceRequest.sys.mjs:126:11\nfetch/<@resource://services-settings/Utils.sys.mjs:268:15\nfetch@resource://services-settings/Utils.sys.mjs:219:12\n_fetchAttachment@resource://services-settings/Attachments.sys.mjs:560:35\ndownloadAsBytes@resource://services-settings/Attachments.sys.mjs:537:35\n","nativeSavedFrame":{}}
    - message = 
    - name = 
    - result = 2152071198
    - stack = open@resource://gre/modules/ServiceRequest.sys.mjs:126:11|fetch/<@resource://services-settings/Utils.sys.mjs:268:15|fetch@resource://services-settings/Utils.sys.mjs:219:12|_fetchAttachment@resource://services-settings/Attachments.sys.mjs:560:35|downloadAsBytes@resource://services-settings/Attachments.sys.mjs:537:35|
  - prototype Object
console.error: RemoteSecuritySettings: 
  failed to download CRLite filter
Object
  - prototype Object
    - columnNumber = 0
    - data = null
    - filename = resource://gre/modules/ServiceRequest.sys.mjs
    - lineNumber = 126
    - location = {"name":"open","filename":"resource://gre/modules/ServiceRequest.sys.mjs","sourceId":27,"lineNumber":126,"columnNumber":11,"asyncCause":null,"asyncCaller":null,"caller":{"filename":"resource://services-settings/Utils.sys.mjs","name":"fetch/<","sourceId":26,"lineNumber":268,"columnNumber":15,"asyncCause":null,"asyncCaller":null,"caller":{"filename":"resource://services-settings/Utils.sys.mjs","name":"fetch","sourceId":26,"lineNumber":219,"columnNumber":12,"asyncCause":null,"asyncCaller":null,"caller":{"filename":"resource://services-settings/Attachments.sys.mjs","name":"_fetchAttachment","sourceId":25,"lineNumber":560,"columnNumber":35,"asyncCause":null,"asyncCaller":null,"caller":{"filename":"resource://services-settings/Attachments.sys.mjs","name":"downloadAsBytes","sourceId":25,"lineNumber":537,"columnNumber":35,"asyncCause":null,"asyncCaller":null,"caller":null,"formattedStack":"downloadAsBytes@resource://services-settings/Attachments.sys.mjs:537:35\n","nativeSavedFrame":{}},"formattedStack":"_fetchAttachment@resource://services-settings/Attachments.sys.mjs:560:35\ndownloadAsBytes@resource://services-settings/Attachments.sys.mjs:537:35\n","nativeSavedFrame":{}},"formattedStack":"fetch@resource://services-settings/Utils.sys.mjs:219:12\n_fetchAttachment@resource://services-settings/Attachments.sys.mjs:560:35\ndownloadAsBytes@resource://services-settings/Attachments.sys.mjs:537:35\n","nativeSavedFrame":{}},"formattedStack":"fetch/<@resource://services-settings/Utils.sys.mjs:268:15\nfetch@resource://services-settings/Utils.sys.mjs:219:12\n_fetchAttachment@resource://services-settings/Attachments.sys.mjs:560:35\ndownloadAsBytes@resource://services-settings/Attachments.sys.mjs:537:35\n","nativeSavedFrame":{}},"formattedStack":"open@resource://gre/modules/ServiceRequest.sys.mjs:126:11\nfetch/<@resource://services-settings/Utils.sys.mjs:268:15\nfetch@resource://services-settings/Utils.sys.mjs:219:12\n_fetchAttachment@resource://services-settings/Attachments.sys.mjs:560:35\ndownloadAsBytes@resource://services-settings/Attachments.sys.mjs:537:35\n","nativeSavedFrame":{}}
    - message = 
    - name = 
    - result = 2152071198
    - stack = open@resource://gre/modules/ServiceRequest.sys.mjs:126:11|fetch/<@resource://services-settings/Utils.sys.mjs:268:15|fetch@resource://services-settings/Utils.sys.mjs:219:12|_fetchAttachment@resource://services-settings/Attachments.sys.mjs:560:35|downloadAsBytes@resource://services-settings/Attachments.sys.mjs:537:35|
  - prototype Object
console.error: RemoteSecuritySettings: 
  failed to download CRLite filter
Object
  - prototype Object
    - columnNumber = 0
    - data = null
    - filename = resource://gre/modules/ServiceRequest.sys.mjs
    - lineNumber = 126
    - location = {"name":"open","filename":"resource://gre/modules/ServiceRequest.sys.mjs","sourceId":27,"lineNumber":126,"columnNumber":11,"asyncCause":null,"asyncCaller":null,"caller":{"filename":"resource://services-settings/Utils.sys.mjs","name":"fetch/<","sourceId":26,"lineNumber":268,"columnNumber":15,"asyncCause":null,"asyncCaller":null,"caller":{"filename":"resource://services-settings/Utils.sys.mjs","name":"fetch","sourceId":26,"lineNumber":219,"columnNumber":12,"asyncCause":null,"asyncCaller":null,"caller":{"filename":"resource://services-settings/Attachments.sys.mjs","name":"_fetchAttachment","sourceId":25,"lineNumber":560,"columnNumber":35,"asyncCause":null,"asyncCaller":null,"caller":{"filename":"resource://services-settings/Attachments.sys.mjs","name":"downloadAsBytes","sourceId":25,"lineNumber":537,"columnNumber":35,"asyncCause":null,"asyncCaller":null,"caller":null,"formattedStack":"downloadAsBytes@resource://services-settings/Attachments.sys.mjs:537:35\n","nativeSavedFrame":{}},"formattedStack":"_fetchAttachment@resource://services-settings/Attachments.sys.mjs:560:35\ndownloadAsBytes@resource://services-settings/Attachments.sys.mjs:537:35\n","nativeSavedFrame":{}},"formattedStack":"fetch@resource://services-settings/Utils.sys.mjs:219:12\n_fetchAttachment@resource://services-settings/Attachments.sys.mjs:560:35\ndownloadAsBytes@resource://services-settings/Attachments.sys.mjs:537:35\n","nativeSavedFrame":{}},"formattedStack":"fetch/<@resource://services-settings/Utils.sys.mjs:268:15\nfetch@resource://services-settings/Utils.sys.mjs:219:12\n_fetchAttachment@resource://services-settings/Attachments.sys.mjs:560:35\ndownloadAsBytes@resource://services-settings/Attachments.sys.mjs:537:35\n","nativeSavedFrame":{}},"formattedStack":"open@resource://gre/modules/ServiceRequest.sys.mjs:126:11\nfetch/<@resource://services-settings/Utils.sys.mjs:268:15\nfetch@resource://services-settings/Utils.sys.mjs:219:12\n_fetchAttachment@resource://services-settings/Attachments.sys.mjs:560:35\ndownloadAsBytes@resource://services-settings/Attachments.sys.mjs:537:35\n","nativeSavedFrame":{}}
    - message = 
    - name = 
    - result = 2152071198
    - stack = open@resource://gre/modules/ServiceRequest.sys.mjs:126:11|fetch/<@resource://services-settings/Utils.sys.mjs:268:15|fetch@resource://services-settings/Utils.sys.mjs:219:12|_fetchAttachment@resource://services-settings/Attachments.sys.mjs:560:35|downloadAsBytes@resource://services-settings/Attachments.sys.mjs:537:35|
  - prototype Object
console.error: RemoteSecuritySettings: 
  failed to download CRLite filter
Object
  - prototype Object
    - columnNumber = 0
    - data = null
    - filename = resource://gre/modules/ServiceRequest.sys.mjs
    - lineNumber = 126
    - location = {"name":"open","filename":"resource://gre/modules/ServiceRequest.sys.mjs","sourceId":27,"lineNumber":126,"columnNumber":11,"asyncCause":null,"asyncCaller":null,"caller":{"filename":"resource://services-settings/Utils.sys.mjs","name":"fetch/<","sourceId":26,"lineNumber":268,"columnNumber":15,"asyncCause":null,"asyncCaller":null,"caller":{"filename":"resource://services-settings/Utils.sys.mjs","name":"fetch","sourceId":26,"lineNumber":219,"columnNumber":12,"asyncCause":null,"asyncCaller":null,"caller":{"filename":"resource://services-settings/Attachments.sys.mjs","name":"_fetchAttachment","sourceId":25,"lineNumber":560,"columnNumber":35,"asyncCause":null,"asyncCaller":null,"caller":{"filename":"resource://services-settings/Attachments.sys.mjs","name":"downloadAsBytes","sourceId":25,"lineNumber":537,"columnNumber":35,"asyncCause":null,"asyncCaller":null,"caller":null,"formattedStack":"downloadAsBytes@resource://services-settings/Attachments.sys.mjs:537:35\n","nativeSavedFrame":{}},"formattedStack":"_fetchAttachment@resource://services-settings/Attachments.sys.mjs:560:35\ndownloadAsBytes@resource://services-settings/Attachments.sys.mjs:537:35\n","nativeSavedFrame":{}},"formattedStack":"fetch@resource://services-settings/Utils.sys.mjs:219:12\n_fetchAttachment@resource://services-settings/Attachments.sys.mjs:560:35\ndownloadAsBytes@resource://services-settings/Attachments.sys.mjs:537:35\n","nativeSavedFrame":{}},"formattedStack":"fetch/<@resource://services-settings/Utils.sys.mjs:268:15\nfetch@resource://services-settings/Utils.sys.mjs:219:12\n_fetchAttachment@resource://services-settings/Attachments.sys.mjs:560:35\ndownloadAsBytes@resource://services-settings/Attachments.sys.mjs:537:35\n","nativeSavedFrame":{}},"formattedStack":"open@resource://gre/modules/ServiceRequest.sys.mjs:126:11\nfetch/<@resource://services-settings/Utils.sys.mjs:268:15\nfetch@resource://services-settings/Utils.sys.mjs:219:12\n_fetchAttachment@resource://services-settings/Attachments.sys.mjs:560:35\ndownloadAsBytes@resource://services-settings/Attachments.sys.mjs:537:35\n","nativeSavedFrame":{}}
    - message = 
    - name = 
    - result = 2152071198
    - stack = open@resource://gre/modules/ServiceRequest.sys.mjs:126:11|fetch/<@resource://services-settings/Utils.sys.mjs:268:15|fetch@resource://services-settings/Utils.sys.mjs:219:12|_fetchAttachment@resource://services-settings/Attachments.sys.mjs:560:35|downloadAsBytes@resource://services-settings/Attachments.sys.mjs:537:35|
  - prototype Object
console.error: RemoteSecuritySettings: 
  failed to download CRLite filter
Object
  - prototype Object
    - columnNumber = 0
    - data = null
    - filename = resource://gre/modules/ServiceRequest.sys.mjs
    - lineNumber = 126
    - location = {"name":"open","filename":"resource://gre/modules/ServiceRequest.sys.mjs","sourceId":27,"lineNumber":126,"columnNumber":11,"asyncCause":null,"asyncCaller":null,"caller":{"filename":"resource://services-settings/Utils.sys.mjs","name":"fetch/<","sourceId":26,"lineNumber":268,"columnNumber":15,"asyncCause":null,"asyncCaller":null,"caller":{"filename":"resource://services-settings/Utils.sys.mjs","name":"fetch","sourceId":26,"lineNumber":219,"columnNumber":12,"asyncCause":null,"asyncCaller":null,"caller":{"filename":"resource://services-settings/Attachments.sys.mjs","name":"_fetchAttachment","sourceId":25,"lineNumber":560,"columnNumber":35,"asyncCause":null,"asyncCaller":null,"caller":{"filename":"resource://services-settings/Attachments.sys.mjs","name":"downloadAsBytes","sourceId":25,"lineNumber":537,"columnNumber":35,"asyncCause":null,"asyncCaller":null,"caller":null,"formattedStack":"downloadAsBytes@resource://services-settings/Attachments.sys.mjs:537:35\n","nativeSavedFrame":{}},"formattedStack":"_fetchAttachment@resource://services-settings/Attachments.sys.mjs:560:35\ndownloadAsBytes@resource://services-settings/Attachments.sys.mjs:537:35\n","nativeSavedFrame":{}},"formattedStack":"fetch@resource://services-settings/Utils.sys.mjs:219:12\n_fetchAttachment@resource://services-settings/Attachments.sys.mjs:560:35\ndownloadAsBytes@resource://services-settings/Attachments.sys.mjs:537:35\n","nativeSavedFrame":{}},"formattedStack":"fetch/<@resource://services-settings/Utils.sys.mjs:268:15\nfetch@resource://services-settings/Utils.sys.mjs:219:12\n_fetchAttachment@resource://services-settings/Attachments.sys.mjs:560:35\ndownloadAsBytes@resource://services-settings/Attachments.sys.mjs:537:35\n","nativeSavedFrame":{}},"formattedStack":"open@resource://gre/modules/ServiceRequest.sys.mjs:126:11\nfetch/<@resource://services-settings/Utils.sys.mjs:268:15\nfetch@resource://services-settings/Utils.sys.mjs:219:12\n_fetchAttachment@resource://services-settings/Attachments.sys.mjs:560:35\ndownloadAsBytes@resource://services-settings/Attachments.sys.mjs:537:35\n","nativeSavedFrame":{}}
    - message = 
    - name = 
    - result = 2152071198
    - stack = open@resource://gre/modules/ServiceRequest.sys.mjs:126:11|fetch/<@resource://services-settings/Utils.sys.mjs:268:15|fetch@resource://services-settings/Utils.sys.mjs:219:12|_fetchAttachment@resource://services-settings/Attachments.sys.mjs:560:35|downloadAsBytes@resource://services-settings/Attachments.sys.mjs:537:35|
  - prototype Object
console.error: RemoteSecuritySettings: 
  failed to download CRLite filter
Object
  - prototype Object
    - columnNumber = 0
    - data = null
    - filename = resource://gre/modules/ServiceRequest.sys.mjs
    - lineNumber = 126
    - location = {"name":"open","filename":"resource://gre/modules/ServiceRequest.sys.mjs","sourceId":27,"lineNumber":126,"columnNumber":11,"asyncCause":null,"asyncCaller":null,"caller":{"filename":"resource://services-settings/Utils.sys.mjs","name":"fetch/<","sourceId":26,"lineNumber":268,"columnNumber":15,"asyncCause":null,"asyncCaller":null,"caller":{"filename":"resource://services-settings/Utils.sys.mjs","name":"fetch","sourceId":26,"lineNumber":219,"columnNumber":12,"asyncCause":null,"asyncCaller":null,"caller":{"filename":"resource://services-settings/Attachments.sys.mjs","name":"_fetchAttachment","sourceId":25,"lineNumber":560,"columnNumber":35,"asyncCause":null,"asyncCaller":null,"caller":{"filename":"resource://services-settings/Attachments.sys.mjs","name":"downloadAsBytes","sourceId":25,"lineNumber":537,"columnNumber":35,"asyncCause":null,"asyncCaller":null,"caller":null,"formattedStack":"downloadAsBytes@resource://services-settings/Attachments.sys.mjs:537:35\n","nativeSavedFrame":{}},"formattedStack":"_fetchAttachment@resource://services-settings/Attachments.sys.mjs:560:35\ndownloadAsBytes@resource://services-settings/Attachments.sys.mjs:537:35\n","nativeSavedFrame":{}},"formattedStack":"fetch@resource://services-settings/Utils.sys.mjs:219:12\n_fetchAttachment@resource://services-settings/Attachments.sys.mjs:560:35\ndownloadAsBytes@resource://services-settings/Attachments.sys.mjs:537:35\n","nativeSavedFrame":{}},"formattedStack":"fetch/<@resource://services-settings/Utils.sys.mjs:268:15\nfetch@resource://services-settings/Utils.sys.mjs:219:12\n_fetchAttachment@resource://services-settings/Attachments.sys.mjs:560:35\ndownloadAsBytes@resource://services-settings/Attachments.sys.mjs:537:35\n","nativeSavedFrame":{}},"formattedStack":"open@resource://gre/modules/ServiceRequest.sys.mjs:126:11\nfetch/<@resource://services-settings/Utils.sys.mjs:268:15\nfetch@resource://services-settings/Utils.sys.mjs:219:12\n_fetchAttachment@resource://services-settings/Attachments.sys.mjs:560:35\ndownloadAsBytes@resource://services-settings/Attachments.sys.mjs:537:35\n","nativeSavedFrame":{}}
    - message = 
    - name = 
    - result = 2152071198
    - stack = open@resource://gre/modules/ServiceRequest.sys.mjs:126:11|fetch/<@resource://services-settings/Utils.sys.mjs:268:15|fetch@resource://services-settings/Utils.sys.mjs:219:12|_fetchAttachment@resource://services-settings/Attachments.sys.mjs:560:35|downloadAsBytes@resource://services-settings/Attachments.sys.mjs:537:35|
  - prototype Object
console.error: RemoteSecuritySettings: 
  failed to download CRLite filter
Object
  - prototype Object
    - columnNumber = 0
    - data = null
    - filename = resource://gre/modules/ServiceRequest.sys.mjs
    - lineNumber = 126
    - location = {"name":"open","filename":"resource://gre/modules/ServiceRequest.sys.mjs","sourceId":27,"lineNumber":126,"columnNumber":11,"asyncCause":null,"asyncCaller":null,"caller":{"filename":"resource://services-settings/Utils.sys.mjs","name":"fetch/<","sourceId":26,"lineNumber":268,"columnNumber":15,"asyncCause":null,"asyncCaller":null,"caller":{"filename":"resource://services-settings/Utils.sys.mjs","name":"fetch","sourceId":26,"lineNumber":219,"columnNumber":12,"asyncCause":null,"asyncCaller":null,"caller":{"filename":"resource://services-settings/Attachments.sys.mjs","name":"_fetchAttachment","sourceId":25,"lineNumber":560,"columnNumber":35,"asyncCause":null,"asyncCaller":null,"caller":{"filename":"resource://services-settings/Attachments.sys.mjs","name":"downloadAsBytes","sourceId":25,"lineNumber":537,"columnNumber":35,"asyncCause":null,"asyncCaller":null,"caller":null,"formattedStack":"downloadAsBytes@resource://services-settings/Attachments.sys.mjs:537:35\n","nativeSavedFrame":{}},"formattedStack":"_fetchAttachment@resource://services-settings/Attachments.sys.mjs:560:35\ndownloadAsBytes@resource://services-settings/Attachments.sys.mjs:537:35\n","nativeSavedFrame":{}},"formattedStack":"fetch@resource://services-settings/Utils.sys.mjs:219:12\n_fetchAttachment@resource://services-settings/Attachments.sys.mjs:560:35\ndownloadAsBytes@resource://services-settings/Attachments.sys.mjs:537:35\n","nativeSavedFrame":{}},"formattedStack":"fetch/<@resource://services-settings/Utils.sys.mjs:268:15\nfetch@resource://services-settings/Utils.sys.mjs:219:12\n_fetchAttachment@resource://services-settings/Attachments.sys.mjs:560:35\ndownloadAsBytes@resource://services-settings/Attachments.sys.mjs:537:35\n","nativeSavedFrame":{}},"formattedStack":"open@resource://gre/modules/ServiceRequest.sys.mjs:126:11\nfetch/<@resource://services-settings/Utils.sys.mjs:268:15\nfetch@resource://services-settings/Utils.sys.mjs:219:12\n_fetchAttachment@resource://services-settings/Attachments.sys.mjs:560:35\ndownloadAsBytes@resource://services-settings/Attachments.sys.mjs:537:35\n","nativeSavedFrame":{}}
    - message = 
    - name = 
    - result = 2152071198
    - stack = open@resource://gre/modules/ServiceRequest.sys.mjs:126:11|fetch/<@resource://services-settings/Utils.sys.mjs:268:15|fetch@resource://services-settings/Utils.sys.mjs:219:12|_fetchAttachment@resource://services-settings/Attachments.sys.mjs:560:35|downloadAsBytes@resource://services-settings/Attachments.sys.mjs:537:35|
  - prototype Object
console.error: RemoteSecuritySettings: 
  failed to download CRLite filter
Object
  - prototype Object
    - columnNumber = 0
    - data = null
    - filename = resource://gre/modules/ServiceRequest.sys.mjs
    - lineNumber = 126
    - location = {"name":"open","filename":"resource://gre/modules/ServiceRequest.sys.mjs","sourceId":27,"lineNumber":126,"columnNumber":11,"asyncCause":null,"asyncCaller":null,"caller":{"filename":"resource://services-settings/Utils.sys.mjs","name":"fetch/<","sourceId":26,"lineNumber":268,"columnNumber":15,"asyncCause":null,"asyncCaller":null,"caller":{"filename":"resource://services-settings/Utils.sys.mjs","name":"fetch","sourceId":26,"lineNumber":219,"columnNumber":12,"asyncCause":null,"asyncCaller":null,"caller":{"filename":"resource://services-settings/Attachments.sys.mjs","name":"_fetchAttachment","sourceId":25,"lineNumber":560,"columnNumber":35,"asyncCause":null,"asyncCaller":null,"caller":{"filename":"resource://services-settings/Attachments.sys.mjs","name":"downloadAsBytes","sourceId":25,"lineNumber":537,"columnNumber":35,"asyncCause":null,"asyncCaller":null,"caller":null,"formattedStack":"downloadAsBytes@resource://services-settings/Attachments.sys.mjs:537:35\n","nativeSavedFrame":{}},"formattedStack":"_fetchAttachment@resource://services-settings/Attachments.sys.mjs:560:35\ndownloadAsBytes@resource://services-settings/Attachments.sys.mjs:537:35\n","nativeSavedFrame":{}},"formattedStack":"fetch@resource://services-settings/Utils.sys.mjs:219:12\n_fetchAttachment@resource://services-settings/Attachments.sys.mjs:560:35\ndownloadAsBytes@resource://services-settings/Attachments.sys.mjs:537:35\n","nativeSavedFrame":{}},"formattedStack":"fetch/<@resource://services-settings/Utils.sys.mjs:268:15\nfetch@resource://services-settings/Utils.sys.mjs:219:12\n_fetchAttachment@resource://services-settings/Attachments.sys.mjs:560:35\ndownloadAsBytes@resource://services-settings/Attachments.sys.mjs:537:35\n","nativeSavedFrame":{}},"formattedStack":"open@resource://gre/modules/ServiceRequest.sys.mjs:126:11\nfetch/<@resource://services-settings/Utils.sys.mjs:268:15\nfetch@resource://services-settings/Utils.sys.mjs:219:12\n_fetchAttachment@resource://services-settings/Attachments.sys.mjs:560:35\ndownloadAsBytes@resource://services-settings/Attachments.sys.mjs:537:35\n","nativeSavedFrame":{}}
    - message = 
    - name = 
    - result = 2152071198
    - stack = open@resource://gre/modules/ServiceRequest.sys.mjs:126:11|fetch/<@resource://services-settings/Utils.sys.mjs:268:15|fetch@resource://services-settings/Utils.sys.mjs:219:12|_fetchAttachment@resource://services-settings/Attachments.sys.mjs:560:35|downloadAsBytes@resource://services-settings/Attachments.sys.mjs:537:35|
  - prototype Object
console.error: RemoteSecuritySettings: 
  failed to download CRLite filter
Object
  - prototype Object
    - columnNumber = 0
    - data = null
    - filename = resource://gre/modules/ServiceRequest.sys.mjs
    - lineNumber = 126
    - location = {"name":"open","filename":"resource://gre/modules/ServiceRequest.sys.mjs","sourceId":27,"lineNumber":126,"columnNumber":11,"asyncCause":null,"asyncCaller":null,"caller":{"filename":"resource://services-settings/Utils.sys.mjs","name":"fetch/<","sourceId":26,"lineNumber":268,"columnNumber":15,"asyncCause":null,"asyncCaller":null,"caller":{"filename":"resource://services-settings/Utils.sys.mjs","name":"fetch","sourceId":26,"lineNumber":219,"columnNumber":12,"asyncCause":null,"asyncCaller":null,"caller":{"filename":"resource://services-settings/Attachments.sys.mjs","name":"_fetchAttachment","sourceId":25,"lineNumber":560,"columnNumber":35,"asyncCause":null,"asyncCaller":null,"caller":{"filename":"resource://services-settings/Attachments.sys.mjs","name":"downloadAsBytes","sourceId":25,"lineNumber":537,"columnNumber":35,"asyncCause":null,"asyncCaller":null,"caller":null,"formattedStack":"downloadAsBytes@resource://services-settings/Attachments.sys.mjs:537:35\n","nativeSavedFrame":{}},"formattedStack":"_fetchAttachment@resource://services-settings/Attachments.sys.mjs:560:35\ndownloadAsBytes@resource://services-settings/Attachments.sys.mjs:537:35\n","nativeSavedFrame":{}},"formattedStack":"fetch@resource://services-settings/Utils.sys.mjs:219:12\n_fetchAttachment@resource://services-settings/Attachments.sys.mjs:560:35\ndownloadAsBytes@resource://services-settings/Attachments.sys.mjs:537:35\n","nativeSavedFrame":{}},"formattedStack":"fetch/<@resource://services-settings/Utils.sys.mjs:268:15\nfetch@resource://services-settings/Utils.sys.mjs:219:12\n_fetchAttachment@resource://services-settings/Attachments.sys.mjs:560:35\ndownloadAsBytes@resource://services-settings/Attachments.sys.mjs:537:35\n","nativeSavedFrame":{}},"formattedStack":"open@resource://gre/modules/ServiceRequest.sys.mjs:126:11\nfetch/<@resource://services-settings/Utils.sys.mjs:268:15\nfetch@resource://services-settings/Utils.sys.mjs:219:12\n_fetchAttachment@resource://services-settings/Attachments.sys.mjs:560:35\ndownloadAsBytes@resource://services-settings/Attachments.sys.mjs:537:35\n","nativeSavedFrame":{}}
    - message = 
    - name = 
    - result = 2152071198
    - stack = open@resource://gre/modules/ServiceRequest.sys.mjs:126:11|fetch/<@resource://services-settings/Utils.sys.mjs:268:15|fetch@resource://services-settings/Utils.sys.mjs:219:12|_fetchAttachment@resource://services-settings/Attachments.sys.mjs:560:35|downloadAsBytes@resource://services-settings/Attachments.sys.mjs:537:35|
  - prototype Object
console.error: RemoteSecuritySettings: 
  failed to download CRLite filter
Object
  - prototype Object
    - columnNumber = 0
    - data = null
    - filename = resource://gre/modules/ServiceRequest.sys.mjs
    - lineNumber = 126
    - location = {"name":"open","filename":"resource://gre/modules/ServiceRequest.sys.mjs","sourceId":27,"lineNumber":126,"columnNumber":11,"asyncCause":null,"asyncCaller":null,"caller":{"filename":"resource://services-settings/Utils.sys.mjs","name":"fetch/<","sourceId":26,"lineNumber":268,"columnNumber":15,"asyncCause":null,"asyncCaller":null,"caller":{"filename":"resource://services-settings/Utils.sys.mjs","name":"fetch","sourceId":26,"lineNumber":219,"columnNumber":12,"asyncCause":null,"asyncCaller":null,"caller":{"filename":"resource://services-settings/Attachments.sys.mjs","name":"_fetchAttachment","sourceId":25,"lineNumber":560,"columnNumber":35,"asyncCause":null,"asyncCaller":null,"caller":{"filename":"resource://services-settings/Attachments.sys.mjs","name":"downloadAsBytes","sourceId":25,"lineNumber":537,"columnNumber":35,"asyncCause":null,"asyncCaller":null,"caller":null,"formattedStack":"downloadAsBytes@resource://services-settings/Attachments.sys.mjs:537:35\n","nativeSavedFrame":{}},"formattedStack":"_fetchAttachment@resource://services-settings/Attachments.sys.mjs:560:35\ndownloadAsBytes@resource://services-settings/Attachments.sys.mjs:537:35\n","nativeSavedFrame":{}},"formattedStack":"fetch@resource://services-settings/Utils.sys.mjs:219:12\n_fetchAttachment@resource://services-settings/Attachments.sys.mjs:560:35\ndownloadAsBytes@resource://services-settings/Attachments.sys.mjs:537:35\n","nativeSavedFrame":{}},"formattedStack":"fetch/<@resource://services-settings/Utils.sys.mjs:268:15\nfetch@resource://services-settings/Utils.sys.mjs:219:12\n_fetchAttachment@resource://services-settings/Attachments.sys.mjs:560:35\ndownloadAsBytes@resource://services-settings/Attachments.sys.mjs:537:35\n","nativeSavedFrame":{}},"formattedStack":"open@resource://gre/modules/ServiceRequest.sys.mjs:126:11\nfetch/<@resource://services-settings/Utils.sys.mjs:268:15\nfetch@resource://services-settings/Utils.sys.mjs:219:12\n_fetchAttachment@resource://services-settings/Attachments.sys.mjs:560:35\ndownloadAsBytes@resource://services-settings/Attachments.sys.mjs:537:35\n","nativeSavedFrame":{}}
    - message = 
    - name = 
    - result = 2152071198
    - stack = open@resource://gre/modules/ServiceRequest.sys.mjs:126:11|fetch/<@resource://services-settings/Utils.sys.mjs:268:15|fetch@resource://services-settings/Utils.sys.mjs:219:12|_fetchAttachment@resource://services-settings/Attachments.sys.mjs:560:35|downloadAsBytes@resource://services-settings/Attachments.sys.mjs:537:35|
  - prototype Object
console.error: RemoteSecuritySettings: 
  failed to download CRLite filter
Object
  - prototype Object
    - columnNumber = 0
    - data = null
    - filename = resource://gre/modules/ServiceRequest.sys.mjs
    - lineNumber = 126
    - location = {"name":"open","filename":"resource://gre/modules/ServiceRequest.sys.mjs","sourceId":27,"lineNumber":126,"columnNumber":11,"asyncCause":null,"asyncCaller":null,"caller":{"filename":"resource://services-settings/Utils.sys.mjs","name":"fetch/<","sourceId":26,"lineNumber":268,"columnNumber":15,"asyncCause":null,"asyncCaller":null,"caller":{"filename":"resource://services-settings/Utils.sys.mjs","name":"fetch","sourceId":26,"lineNumber":219,"columnNumber":12,"asyncCause":null,"asyncCaller":null,"caller":{"filename":"resource://services-settings/Attachments.sys.mjs","name":"_fetchAttachment","sourceId":25,"lineNumber":560,"columnNumber":35,"asyncCause":null,"asyncCaller":null,"caller":{"filename":"resource://services-settings/Attachments.sys.mjs","name":"downloadAsBytes","sourceId":25,"lineNumber":537,"columnNumber":35,"asyncCause":null,"asyncCaller":null,"caller":null,"formattedStack":"downloadAsBytes@resource://services-settings/Attachments.sys.mjs:537:35\n","nativeSavedFrame":{}},"formattedStack":"_fetchAttachment@resource://services-settings/Attachments.sys.mjs:560:35\ndownloadAsBytes@resource://services-settings/Attachments.sys.mjs:537:35\n","nativeSavedFrame":{}},"formattedStack":"fetch@resource://services-settings/Utils.sys.mjs:219:12\n_fetchAttachment@resource://services-settings/Attachments.sys.mjs:560:35\ndownloadAsBytes@resource://services-settings/Attachments.sys.mjs:537:35\n","nativeSavedFrame":{}},"formattedStack":"fetch/<@resource://services-settings/Utils.sys.mjs:268:15\nfetch@resource://services-settings/Utils.sys.mjs:219:12\n_fetchAttachment@resource://services-settings/Attachments.sys.mjs:560:35\ndownloadAsBytes@resource://services-settings/Attachments.sys.mjs:537:35\n","nativeSavedFrame":{}},"formattedStack":"open@resource://gre/modules/ServiceRequest.sys.mjs:126:11\nfetch/<@resource://services-settings/Utils.sys.mjs:268:15\nfetch@resource://services-settings/Utils.sys.mjs:219:12\n_fetchAttachment@resource://services-settings/Attachments.sys.mjs:560:35\ndownloadAsBytes@resource://services-settings/Attachments.sys.mjs:537:35\n","nativeSavedFrame":{}}
    - message = 
    - name = 
    - result = 2152071198
    - stack = open@resource://gre/modules/ServiceRequest.sys.mjs:126:11|fetch/<@resource://services-settings/Utils.sys.mjs:268:15|fetch@resource://services-settings/Utils.sys.mjs:219:12|_fetchAttachment@resource://services-settings/Attachments.sys.mjs:560:35|downloadAsBytes@resource://services-settings/Attachments.sys.mjs:537:35|
  - prototype Object
console.error: RemoteSecuritySettings: 
  failed to download CRLite filter
Object
  - prototype Object
    - columnNumber = 0
    - data = null
    - filename = resource://gre/modules/ServiceRequest.sys.mjs
    - lineNumber = 126
    - location = {"name":"open","filename":"resource://gre/modules/ServiceRequest.sys.mjs","sourceId":27,"lineNumber":126,"columnNumber":11,"asyncCause":null,"asyncCaller":null,"caller":{"filename":"resource://services-settings/Utils.sys.mjs","name":"fetch/<","sourceId":26,"lineNumber":268,"columnNumber":15,"asyncCause":null,"asyncCaller":null,"caller":{"filename":"resource://services-settings/Utils.sys.mjs","name":"fetch","sourceId":26,"lineNumber":219,"columnNumber":12,"asyncCause":null,"asyncCaller":null,"caller":{"filename":"resource://services-settings/Attachments.sys.mjs","name":"_fetchAttachment","sourceId":25,"lineNumber":560,"columnNumber":35,"asyncCause":null,"asyncCaller":null,"caller":{"filename":"resource://services-settings/Attachments.sys.mjs","name":"downloadAsBytes","sourceId":25,"lineNumber":537,"columnNumber":35,"asyncCause":null,"asyncCaller":null,"caller":null,"formattedStack":"downloadAsBytes@resource://services-settings/Attachments.sys.mjs:537:35\n","nativeSavedFrame":{}},"formattedStack":"_fetchAttachment@resource://services-settings/Attachments.sys.mjs:560:35\ndownloadAsBytes@resource://services-settings/Attachments.sys.mjs:537:35\n","nativeSavedFrame":{}},"formattedStack":"fetch@resource://services-settings/Utils.sys.mjs:219:12\n_fetchAttachment@resource://services-settings/Attachments.sys.mjs:560:35\ndownloadAsBytes@resource://services-settings/Attachments.sys.mjs:537:35\n","nativeSavedFrame":{}},"formattedStack":"fetch/<@resource://services-settings/Utils.sys.mjs:268:15\nfetch@resource://services-settings/Utils.sys.mjs:219:12\n_fetchAttachment@resource://services-settings/Attachments.sys.mjs:560:35\ndownloadAsBytes@resource://services-settings/Attachments.sys.mjs:537:35\n","nativeSavedFrame":{}},"formattedStack":"open@resource://gre/modules/ServiceRequest.sys.mjs:126:11\nfetch/<@resource://services-settings/Utils.sys.mjs:268:15\nfetch@resource://services-settings/Utils.sys.mjs:219:12\n_fetchAttachment@resource://services-settings/Attachments.sys.mjs:560:35\ndownloadAsBytes@resource://services-settings/Attachments.sys.mjs:537:35\n","nativeSavedFrame":{}}
    - message = 
    - name = 
    - result = 2152071198
    - stack = open@resource://gre/modules/ServiceRequest.sys.mjs:126:11|fetch/<@resource://services-settings/Utils.sys.mjs:268:15|fetch@resource://services-settings/Utils.sys.mjs:219:12|_fetchAttachment@resource://services-settings/Attachments.sys.mjs:560:35|downloadAsBytes@resource://services-settings/Attachments.sys.mjs:537:35|
  - prototype Object
console.error: RemoteSecuritySettings: 
  failed to download CRLite filter
Object
  - prototype Object
    - columnNumber = 0
    - data = null
    - filename = resource://gre/modules/ServiceRequest.sys.mjs
    - lineNumber = 126
    - location = {"name":"open","filename":"resource://gre/modules/ServiceRequest.sys.mjs","sourceId":27,"lineNumber":126,"columnNumber":11,"asyncCause":null,"asyncCaller":null,"caller":{"filename":"resource://services-settings/Utils.sys.mjs","name":"fetch/<","sourceId":26,"lineNumber":268,"columnNumber":15,"asyncCause":null,"asyncCaller":null,"caller":{"filename":"resource://services-settings/Utils.sys.mjs","name":"fetch","sourceId":26,"lineNumber":219,"columnNumber":12,"asyncCause":null,"asyncCaller":null,"caller":{"filename":"resource://services-settings/Attachments.sys.mjs","name":"_fetchAttachment","sourceId":25,"lineNumber":560,"columnNumber":35,"asyncCause":null,"asyncCaller":null,"caller":{"filename":"resource://services-settings/Attachments.sys.mjs","name":"downloadAsBytes","sourceId":25,"lineNumber":537,"columnNumber":35,"asyncCause":null,"asyncCaller":null,"caller":null,"formattedStack":"downloadAsBytes@resource://services-settings/Attachments.sys.mjs:537:35\n","nativeSavedFrame":{}},"formattedStack":"_fetchAttachment@resource://services-settings/Attachments.sys.mjs:560:35\ndownloadAsBytes@resource://services-settings/Attachments.sys.mjs:537:35\n","nativeSavedFrame":{}},"formattedStack":"fetch@resource://services-settings/Utils.sys.mjs:219:12\n_fetchAttachment@resource://services-settings/Attachments.sys.mjs:560:35\ndownloadAsBytes@resource://services-settings/Attachments.sys.mjs:537:35\n","nativeSavedFrame":{}},"formattedStack":"fetch/<@resource://services-settings/Utils.sys.mjs:268:15\nfetch@resource://services-settings/Utils.sys.mjs:219:12\n_fetchAttachment@resource://services-settings/Attachments.sys.mjs:560:35\ndownloadAsBytes@resource://services-settings/Attachments.sys.mjs:537:35\n","nativeSavedFrame":{}},"formattedStack":"open@resource://gre/modules/ServiceRequest.sys.mjs:126:11\nfetch/<@resource://services-settings/Utils.sys.mjs:268:15\nfetch@resource://services-settings/Utils.sys.mjs:219:12\n_fetchAttachment@resource://services-settings/Attachments.sys.mjs:560:35\ndownloadAsBytes@resource://services-settings/Attachments.sys.mjs:537:35\n","nativeSavedFrame":{}}
    - message = 
    - name = 
    - result = 2152071198
    - stack = open@resource://gre/modules/ServiceRequest.sys.mjs:126:11|fetch/<@resource://services-settings/Utils.sys.mjs:268:15|fetch@resource://services-settings/Utils.sys.mjs:219:12|_fetchAttachment@resource://services-settings/Attachments.sys.mjs:560:35|downloadAsBytes@resource://services-settings/Attachments.sys.mjs:537:35|
  - prototype Object
JavaScript error: , line 0: TypeError: NetworkError when attempting to fetch resource.
JavaScript error: , line 0: AbortError: The operation was aborted. 
JavaScript error: , line 0: AbortError: The operation was aborted. 
JavaScript error: resource://services-settings/RemoteSettingsClient.sys.mjs, line 102: Error: Unknown callback
1756246768736	geckodriver	INFO	Listening on 127.0.0.1:57340
1756246771789	mozrunner::runner	INFO	Running command: "C:\\Program Files\\Mozilla Firefox\\firefox.exe" "--marionette" "--width=1350" "--height=1025" "--remote-de ... 1" "--remote-allow-hosts" "localhost" "-no-remote" "-profile" "C:\\Users\\brend\\AppData\\Local\\Temp\\rust_mozprofileo0yyuf"
console.warn: services.settings: Ignoring preference override of remote settings server
console.warn: services.settings: Allow by setting MOZ_REMOTE_SETTINGS_DEVTOOLS=1 in the environment
Dynamically enable window occlusion 0
1756246773004	Marionette	INFO	Marionette enabled
console.error: "Warning: unrecognized command line flag" "-width"
console.error: "Warning: unrecognized command line flag" "-height"
1756246773086	Marionette	INFO	Listening on port 57348
WebDriver BiDi listening on ws://127.0.0.1:57341
Read port: 57348
1756246773186	RemoteAgent	WARN	TLS certificate errors will be ignored for this session
1756246887883	Marionette	INFO	Stopped listening on port 57348
Dynamically enable window occlusion 1
console.error: "Failed to fetch https://ads.mozilla.org/v1/delete_user:" "NetworkError when attempting to fetch resource."
console.warn: TopSitesFeed: Failed to fetch data from MARS server: NetworkError when attempting to fetch resource.
JavaScript error: resource://services-settings/RemoteSettingsClient.sys.mjs, line 102: Error: Unknown callback
1756313876715	geckodriver	INFO	Listening on 127.0.0.1:60741
1756313879769	mozrunner::runner	INFO	Running command: "C:\\Program Files\\Mozilla Firefox\\firefox.exe" "--marionette" "--width=950" "--height=1025" "--remote-deb ... 2" "--remote-allow-hosts" "localhost" "-no-remote" "-profile" "C:\\Users\\brend\\AppData\\Local\\Temp\\rust_mozprofileiyfd5z"
console.warn: services.settings: Ignoring preference override of remote settings server
console.warn: services.settings: Allow by setting MOZ_REMOTE_SETTINGS_DEVTOOLS=1 in the environment
Dynamically enable window occlusion 0
1756313881414	Marionette	INFO	Marionette enabled
console.error: "Warning: unrecognized command line flag" "-width"
console.error: "Warning: unrecognized command line flag" "-height"
1756313881580	Marionette	INFO	Listening on port 60762
WebDriver BiDi listening on ws://127.0.0.1:60742
Read port: 60762
1756313881782	RemoteAgent	WARN	TLS certificate errors will be ignored for this session
JavaScript warning: https://scripts.webcontentassessor.com/scripts/d432d2cc1ea079030ef54edcb8b458c211934a1174311c663c3909a0d1af4105, line 1: unreachable code after return statement
1756313889973	Marionette	WARN	Ignoring event 'DOMContentLoaded' because document has an invalid readyState of 'complete'.
1756313906569	Marionette	INFO	Stopped listening on port 60762
Dynamically enable window occlusion 1
console.error: "Failed to fetch https://ads.mozilla.org/v1/delete_user:" "NetworkError when attempting to fetch resource."
console.warn: TopSitesFeed: Failed to fetch data from MARS server: NetworkError when attempting to fetch resource.
JavaScript error: resource://services-settings/RemoteSettingsClient.sys.mjs, line 102: Error: Unknown callback
1756313922419	geckodriver	INFO	Listening on 127.0.0.1:60985
1756313925467	mozrunner::runner	INFO	Running command: "C:\\Program Files\\Mozilla Firefox\\firefox.exe" "--marionette" "--width=1350" "--height=1025" "--remote-de ... 6" "--remote-allow-hosts" "localhost" "-no-remote" "-profile" "C:\\Users\\brend\\AppData\\Local\\Temp\\rust_mozprofilegU9zZU"
console.warn: services.settings: Ignoring preference override of remote settings server
console.warn: services.settings: Allow by setting MOZ_REMOTE_SETTINGS_DEVTOOLS=1 in the environment
Dynamically enable window occlusion 0
1756313927008	Marionette	INFO	Marionette enabled
console.error: "Warning: unrecognized command line flag" "-width"
console.error: "Warning: unrecognized command line flag" "-height"
1756313927145	Marionette	INFO	Listening on port 60995
WebDriver BiDi listening on ws://127.0.0.1:60986
Read port: 60995
1756313927327	RemoteAgent	WARN	TLS certificate errors will be ignored for this session
1756313942249	Marionette	WARN	Ignoring event 'pageshow' because document has an invalid readyState of 'uninitialized'.
1756314629306	Marionette	INFO	Stopped listening on port 60995
Dynamically enable window occlusion 1
console.error: "Failed to fetch https://ads.mozilla.org/v1/delete_user:" "NetworkError when attempting to fetch resource."
console.warn: TopSitesFeed: Failed to fetch data from MARS server: NetworkError when attempting to fetch resource.
JavaScript error: resource://services-settings/RemoteSettingsClient.sys.mjs, line 102: Error: Unknown callback
: services.settings: Allow by setting MOZ_REMOTE_SETTINGS_DEVTOOLS=1 in the environment
Dynamically enable window occlusion 0
1756313960867	Marionette	INFO	Marionette enabled
console.error: "Warning: unrecognized command line flag" "-width"
console.error: "Warning: unrecognized command line flag" "-height"
1756313961008	Marionette	INFO	Listening on port 61069
WebDriver BiDi listening on ws://127.0.0.1:61041
Read port: 61069
1756313961215	RemoteAgent	WARN	TLS certificate errors will be ignored for this session
1756314141081	Marionette	INFO	Stopped listening on port 61069
Dynamically enable window occlusion 1
console.error: "Failed to fetch https://ads.mozilla.org/v1/delete_user:" "NetworkError when attempting to fetch resource."
console.warn: TopSitesFeed: Failed to fetch data from MARS server: NetworkError when attempting to fetch resource.
JavaScript error: resource://services-settings/RemoteSettingsClient.sys.mjs, line 102: Error: Unknown callback
1756401020717	geckodriver	INFO	Listening on 127.0.0.1:59535
1756401023777	mozrunner::runner	INFO	Running command: "C:\\Program Files\\Mozilla Firefox\\firefox.exe" "--marionette" "--width=950" "--height=1025" "--remote-deb ... 6" "--remote-allow-hosts" "localhost" "-no-remote" "-profile" "C:\\Users\\brend\\AppData\\Local\\Temp\\rust_mozprofileDf7TEp"
console.warn: services.settings: Ignoring preference override of remote settings server
console.warn: services.settings: Allow by setting MOZ_REMOTE_SETTINGS_DEVTOOLS=1 in the environment
Dynamically enable window occlusion 0
1756401025041	Marionette	INFO	Marionette enabled
console.error: "Warning: unrecognized command line flag" "-width"
console.error: "Warning: unrecognized command line flag" "-height"
1756401025135	Marionette	INFO	Listening on port 59545
WebDriver BiDi listening on ws://127.0.0.1:59536
Read port: 59545
1756401025279	RemoteAgent	WARN	TLS certificate errors will be ignored for this session
JavaScript warning: https://scripts.webcontentassessor.com/scripts/d432d2cc1ea079030ef54edcb8b458c211934a1174311c663c3909a0d1af4105, line 1: unreachable code after return statement
1756401030100	Marionette	WARN	Ignoring event 'DOMContentLoaded' because document has an invalid readyState of 'complete'.
1756401033228	Marionette	WARN	Ignoring event 'pageshow' because document has an invalid readyState of 'interactive'.
1756401033285	Marionette	WARN	Ignoring event 'pageshow' because document has an invalid readyState of 'interactive'.
1756401033450	Marionette	WARN	Ignoring event 'pageshow' because document has an invalid readyState of 'loading'.
1756401033477	Marionette	WARN	Ignoring event 'pageshow' because document has an invalid readyState of 'loading'.
1756401033795	Marionette	WARN	Ignoring event 'pageshow' because document has an invalid readyState of 'interactive'.
1756401033936	Marionette	WARN	Ignoring event 'pageshow' because document has an invalid readyState of 'loading'.
1756401034085	Marionette	WARN	Ignoring event 'pageshow' because document has an invalid readyState of 'uninitialized'.
1756401034439	Marionette	WARN	Ignoring event 'pageshow' because document has an invalid readyState of 'uninitialized'.
1756401036189	Marionette	WARN	Ignoring event 'pageshow' because document has an invalid readyState of 'uninitialized'.
JavaScript warning: https://pagead2.googlesyndication.com/bg/w_rD9ZLaIUzf8tz5uGe43QC13teVX8xQS6CL4xzxcXc.js, line 2: unreachable code after return statement
JavaScript warning: https://pagead2.googlesyndication.com/bg/w_rD9ZLaIUzf8tz5uGe43QC13teVX8xQS6CL4xzxcXc.js, line 6364: unreachable code after return statement
JavaScript warning: https://pagead2.googlesyndication.com/bg/w_rD9ZLaIUzf8tz5uGe43QC13teVX8xQS6CL4xzxcXc.js, line 6364: unreachable code after return statement
JavaScript warning: https://pagead2.googlesyndication.com/bg/w_rD9ZLaIUzf8tz5uGe43QC13teVX8xQS6CL4xzxcXc.js, line 6364: unreachable code after return statement
JavaScript warning: https://pagead2.googlesyndication.com/bg/w_rD9ZLaIUzf8tz5uGe43QC13teVX8xQS6CL4xzxcXc.js line 2 > eval, line 6364: unreachable code after return statement
JavaScript warning: https://pagead2.googlesyndication.com/bg/w_rD9ZLaIUzf8tz5uGe43QC13teVX8xQS6CL4xzxcXc.js line 2 > eval, line 6364: unreachable code after return statement
JavaScript warning: https://pagead2.googlesyndication.com/bg/w_rD9ZLaIUzf8tz5uGe43QC13teVX8xQS6CL4xzxcXc.js line 2 > eval line 6364 > eval, line 1: unreachable code after return statement
JavaScript warning: https://pagead2.googlesyndication.com/bg/w_rD9ZLaIUzf8tz5uGe43QC13teVX8xQS6CL4xzxcXc.js line 2 > eval line 6364 > eval line 1 > eval, line 1: unreachable code after return statement
JavaScript warning: https://pagead2.googlesyndication.com/bg/w_rD9ZLaIUzf8tz5uGe43QC13teVX8xQS6CL4xzxcXc.js line 2 > eval line 6364 > eval, line 1: unreachable code after return statement
JavaScript warning: https://pagead2.googlesyndication.com/bg/w_rD9ZLaIUzf8tz5uGe43QC13teVX8xQS6CL4xzxcXc.js line 2 > eval line 6364 > eval line 1 > eval, line 1: unreachable code after return statement
JavaScript warning: https://pagead2.googlesyndication.com/bg/w_rD9ZLaIUzf8tz5uGe43QC13teVX8xQS6CL4xzxcXc.js line 2 > eval, line 6364: unreachable code after return statement
JavaScript warning: https://pagead2.googlesyndication.com/bg/w_rD9ZLaIUzf8tz5uGe43QC13teVX8xQS6CL4xzxcXc.js line 2 > eval line 6364 > eval line 1 > eval, line 1: unreachable code after return statement
JavaScript warning: https://pagead2.googlesyndication.com/bg/w_rD9ZLaIUzf8tz5uGe43QC13teVX8xQS6CL4xzxcXc.js line 2 > eval line 6364 > eval line 1 > eval, line 1: unreachable code after return statement
JavaScript warning: https://pagead2.googlesyndication.com/bg/w_rD9ZLaIUzf8tz5uGe43QC13teVX8xQS6CL4xzxcXc.js line 2 > eval line 6364 > eval line 1 > eval line 1 > eval, line 1: unreachable code after return statement
JavaScript warning: https://pagead2.googlesyndication.com/bg/w_rD9ZLaIUzf8tz5uGe43QC13teVX8xQS6CL4xzxcXc.js line 2 > eval line 6364 > eval line 1 > eval line 1 > eval, line 1: unreachable code after return statement
1756401037994	Marionette	WARN	Ignoring event 'pageshow' because document has an invalid readyState of 'uninitialized'.
1756401038409	Marionette	WARN	Ignoring event 'pageshow' because document has an invalid readyState of 'uninitialized'.
JavaScript warning: https://player.aniview.com/ssync/62f53b2c7850d0786f227f64/ssync.html?gdpr=0&gdpr_consent=&pid=62f53b2c7850d0786f227f64&r=https%3A%2F%2Fvisitor.us-east4.gcp.omnitagjs.com%2Fvisitor%2Fsync%3Fgdpr%3D0%26gdpr_consent%3D%26name%3DANIVIEW%26ttl%3D720%26uid%3De8ecb87ff2ef3a3b16ba16c51e7986ac%26visitor%3D%255BAV_UID%255D, line 82: unreachable code after return statement
JavaScript warning: https://player.aniview.com/ssync/62f53b2c7850d0786f227f64/ssync.html?gdpr=0&gdpr_consent=&pid=62f53b2c7850d0786f227f64&r=https%3A%2F%2Fvisitor.us-east4.gcp.omnitagjs.com%2Fvisitor%2Fsync%3Fgdpr%3D0%26gdpr_consent%3D%26name%3DANIVIEW%26ttl%3D720%26uid%3De8ecb87ff2ef3a3b16ba16c51e7986ac%26visitor%3D%255BAV_UID%255D, line 82: unreachable code after return statement
1756401040168	Marionette	WARN	Ignoring event 'pageshow' because document has an invalid readyState of 'uninitialized'.
1756401040989	Marionette	WARN	Ignoring event 'pageshow' because document has an invalid readyState of 'uninitialized'.
1756401043139	Marionette	WARN	Ignoring event 'pageshow' because document has an invalid readyState of 'uninitialized'.
1756401044677	Marionette	WARN	Ignoring event 'pageshow' because document has an invalid readyState of 'uninitialized'.
1756401044758	Marionette	WARN	Ignoring event 'pageshow' because document has an invalid readyState of 'uninitialized'.
JavaScript error: javascript:void;, line 1: SyntaxError: expected expression, got ';'
1756401045247	Marionette	WARN	Ignoring event 'pageshow' because document has an invalid readyState of 'uninitialized'.
1756401045499	Marionette	WARN	Ignoring event 'pageshow' because document has an invalid readyState of 'uninitialized'.
1756401045546	Marionette	WARN	Ignoring event 'pageshow' because document has an invalid readyState of 'uninitialized'.
1756401052998	Marionette	INFO	Stopped listening on port 59545
Dynamically enable window occlusion 1
JavaScript warning: https://www.rotowire.com/frontend/assets/js/rotowire.min.js?v=219, line 66: Script terminated by timeout at:
e@https://www.rotowire.com/frontend/assets/js/rotowire.min.js?v=219:66:1871

JavaScript warning: https://cdn.flashtalking.com/frameworks/js/gsap/3.1.1/gsap.min.js, line 10: Script terminated by timeout at:
Jj@https://cdn.flashtalking.com/frameworks/js/gsap/3.1.1/gsap.min.js:10:11906

JavaScript warning: https://ads.simpli.padsquad.com/templates/simpli-tag/v3/vidstream-guest.js, line 1: Script terminated by timeout at:
t/<@https://ads.simpli.padsquad.com/templates/simpli-tag/v3/vidstream-guest.js:1:8488

console.error: "Failed to fetch https://ads.mozilla.org/v1/delete_user:" "NetworkError when attempting to fetch resource."
console.warn: TopSitesFeed: Failed to fetch data from MARS server: NetworkError when attempting to fetch resource.
JavaScript error: , line 0: TypeError: NetworkError when attempting to fetch resource.
JavaScript error: , line 0: TypeError: NetworkError when attempting to fetch resource.
JavaScript error: , line 0: TypeError: NetworkError when attempting to fetch resource.
JavaScript error: , line 0: TypeError: NetworkError when attempting to fetch resource.
JavaScript error: , line 0: TypeError: NetworkError when attempting to fetch resource.
JavaScript error: , line 0: TypeError: NetworkError when attempting to fetch resource.
JavaScript error: , line 0: TypeError: NetworkError when attempting to fetch resource.
JavaScript error: resource://services-settings/RemoteSettingsClient.sys.mjs, line 102: Error: Unknown callback
[GFX1-]: VideoBridgeParent receives IPC close with reason=AbnormalShutdown
1756401061651	geckodriver	INFO	Listening on 127.0.0.1:52290
1756401064684	mozrunner::runner	INFO	Running command: "C:\\Program Files\\Mozilla Firefox\\firefox.exe" "--marionette" "--width=1350" "--height=1025" "--remote-de ... 1" "--remote-allow-hosts" "localhost" "-no-remote" "-profile" "C:\\Users\\brend\\AppData\\Local\\Temp\\rust_mozprofilejC7kIs"
console.warn: services.settings: Ignoring preference override of remote settings server
console.warn: services.settings: Allow by setting MOZ_REMOTE_SETTINGS_DEVTOOLS=1 in the environment
Dynamically enable window occlusion 0
1756401065777	Marionette	INFO	Marionette enabled
console.error: "Warning: unrecognized command line flag" "-width"
console.error: "Warning: unrecognized command line flag" "-height"
1756401065859	Marionette	INFO	Listening on port 52298
WebDriver BiDi listening on ws://127.0.0.1:52291
Read port: 52298
1756401065980	RemoteAgent	WARN	TLS certificate errors will be ignored for this session
1756401163447	Marionette	INFO	Stopped listening on port 52298
Dynamically enable window occlusion 1
console.error: "Failed to fetch https://ads.mozilla.org/v1/delete_user:" "NetworkError when attempting to fetch resource."
console.warn: TopSitesFeed: Failed to fetch data from MARS server: NetworkError when attempting to fetch resource.
JavaScript error: resource://services-settings/RemoteSettingsClient.sys.mjs, line 102: Error: Unknown callback
1756503551599	geckodriver	INFO	Listening on 127.0.0.1:54940
1756503554684	mozrunner::runner	INFO	Running command: "C:\\Program Files\\Mozilla Firefox\\firefox.exe" "--marionette" "--width=950" "--height=1025" "--remote-deb ... 1" "--remote-allow-hosts" "localhost" "-no-remote" "-profile" "C:\\Users\\brend\\AppData\\Local\\Temp\\rust_mozprofileUxJUe9"
console.warn: services.settings: Ignoring preference override of remote settings server
console.warn: services.settings: Allow by setting MOZ_REMOTE_SETTINGS_DEVTOOLS=1 in the environment
Dynamically enable window occlusion 0
1756503555041	Marionette	INFO	Marionette enabled
console.error: "Warning: unrecognized command line flag" "-width"
console.error: "Warning: unrecognized command line flag" "-height"
1756503555137	Marionette	INFO	Listening on port 54952
WebDriver BiDi listening on ws://127.0.0.1:54941
Read port: 54952
1756503555279	RemoteAgent	WARN	TLS certificate errors will be ignored for this session
JavaScript warning: https://scripts.webcontentassessor.com/scripts/d432d2cc1ea079030ef54edcb8b458c211934a1174311c663c3909a0d1af4105, line 1: unreachable code after return statement
1756503559744	Marionette	WARN	Ignoring event 'DOMContentLoaded' because document has an invalid readyState of 'complete'.
JavaScript warning: https://statics.creativecdn.com/gVjZ1Ndkf70EUNId03sqN63IgO3lDOB9/main/extra.js, line 1: unreachable code after return statement
1756503565244	Marionette	WARN	Ignoring event 'pageshow' because document has an invalid readyState of 'uninitialized'.
JavaScript warning: https://pagead2.googlesyndication.com/bg/yhg0IW0PMx-vYJBFi1TDNnEYVA5-S-RNPj0TPR0aXss.js, line 7292: unreachable code after return statement
JavaScript warning: https://pagead2.googlesyndication.com/bg/yhg0IW0PMx-vYJBFi1TDNnEYVA5-S-RNPj0TPR0aXss.js, line 7292: unreachable code after return statement
JavaScript warning: https://pagead2.googlesyndication.com/bg/yhg0IW0PMx-vYJBFi1TDNnEYVA5-S-RNPj0TPR0aXss.js, line 7292: unreachable code after return statement
JavaScript warning: https://pagead2.googlesyndication.com/bg/yhg0IW0PMx-vYJBFi1TDNnEYVA5-S-RNPj0TPR0aXss.js, line 7292: unreachable code after return statement
JavaScript warning: https://pagead2.googlesyndication.com/bg/yhg0IW0PMx-vYJBFi1TDNnEYVA5-S-RNPj0TPR0aXss.js, line 7292: unreachable code after return statement
JavaScript warning: https://pagead2.googlesyndication.com/bg/yhg0IW0PMx-vYJBFi1TDNnEYVA5-S-RNPj0TPR0aXss.js line 2 > eval, line 7292: unreachable code after return statement
JavaScript warning: https://pagead2.googlesyndication.com/bg/yhg0IW0PMx-vYJBFi1TDNnEYVA5-S-RNPj0TPR0aXss.js line 2 > eval, line 7292: unreachable code after return statement
JavaScript warning: https://pagead2.googlesyndication.com/bg/yhg0IW0PMx-vYJBFi1TDNnEYVA5-S-RNPj0TPR0aXss.js line 2 > eval, line 1: unreachable code after return statement
JavaScript warning: https://pagead2.googlesyndication.com/bg/yhg0IW0PMx-vYJBFi1TDNnEYVA5-S-RNPj0TPR0aXss.js line 2 > eval line 7292 > eval, line 1: unreachable code after return statement
JavaScript warning: https://pagead2.googlesyndication.com/bg/yhg0IW0PMx-vYJBFi1TDNnEYVA5-S-RNPj0TPR0aXss.js line 2 > eval, line 1: unreachable code after return statement
JavaScript warning: https://pagead2.googlesyndication.com/bg/yhg0IW0PMx-vYJBFi1TDNnEYVA5-S-RNPj0TPR0aXss.js line 2 > eval line 7292 > eval, line 1: unreachable code after return statement
JavaScript warning: https://pagead2.googlesyndication.com/bg/yhg0IW0PMx-vYJBFi1TDNnEYVA5-S-RNPj0TPR0aXss.js line 2 > eval, line 7292: unreachable code after return statement
JavaScript warning: https://pagead2.googlesyndication.com/bg/yhg0IW0PMx-vYJBFi1TDNnEYVA5-S-RNPj0TPR0aXss.js line 2 > eval, line 7292: unreachable code after return statement
JavaScript warning: https://pagead2.googlesyndication.com/bg/yhg0IW0PMx-vYJBFi1TDNnEYVA5-S-RNPj0TPR0aXss.js line 2 > eval, line 7292: unreachable code after return statement
JavaScript warning: https://pagead2.googlesyndication.com/bg/yhg0IW0PMx-vYJBFi1TDNnEYVA5-S-RNPj0TPR0aXss.js line 2 > eval line 7292 > eval line 1 > eval, line 1: unreachable code after return statement
JavaScript warning: https://pagead2.googlesyndication.com/bg/yhg0IW0PMx-vYJBFi1TDNnEYVA5-S-RNPj0TPR0aXss.js line 2 > eval line 7292 > eval line 1 > eval, line 1: unreachable code after return statement
JavaScript warning: https://pagead2.googlesyndication.com/bg/yhg0IW0PMx-vYJBFi1TDNnEYVA5-S-RNPj0TPR0aXss.js line 2 > eval line 7292 > eval line 1 > eval line 1 > eval, line 1: unreachable code after return statement
JavaScript warning: https://pagead2.googlesyndication.com/bg/yhg0IW0PMx-vYJBFi1TDNnEYVA5-S-RNPj0TPR0aXss.js line 2 > eval line 7292 > eval line 1 > eval line 1 > eval, line 1: unreachable code after return statement
1756503565679	Marionette	WARN	Ignoring event 'pageshow' because document has an invalid readyState of 'uninitialized'.
1756503566882	Marionette	WARN	Ignoring event 'pageshow' because document has an invalid readyState of 'uninitialized'.
1756503567410	Marionette	WARN	Ignoring event 'pageshow' because document has an invalid readyState of 'uninitialized'.
JavaScript warning: https://player.aniview.com/ssync/62f53b2c7850d0786f227f64/ssync.html?gdpr=0&gdpr_consent=&pid=62f53b2c7850d0786f227f64&r=https%3A%2F%2Fvisitor.us-east4.gcp.omnitagjs.com%2Fvisitor%2Fsync%3Fgdpr%3D0%26gdpr_consent%3D%26name%3DANIVIEW%26ttl%3D720%26uid%3De8ecb87ff2ef3a3b16ba16c51e7986ac%26visitor%3D%255BAV_UID%255D, line 82: unreachable code after return statement
1756503569481	Marionette	WARN	Ignoring event 'pageshow' because document has an invalid readyState of 'uninitialized'.
1756503569526	Marionette	WARN	Ignoring event 'pageshow' because document has an invalid readyState of 'uninitialized'.
JavaScript warning: https://player.aniview.com/ssync/62f53b2c7850d0786f227f64/ssync.html?gdpr=0&gdpr_consent=&pid=62f53b2c7850d0786f227f64&r=https%3A%2F%2Fvisitor.us-east4.gcp.omnitagjs.com%2Fvisitor%2Fsync%3Fgdpr%3D0%26gdpr_consent%3D%26name%3DANIVIEW%26ttl%3D720%26uid%3De8ecb87ff2ef3a3b16ba16c51e7986ac%26visitor%3D%255BAV_UID%255D, line 82: unreachable code after return statement
JavaScript warning: https://imasdk.googleapis.com/js/core/bridge3.717.1_en.html#fid=goog_1590811384, line 53: Script terminated by timeout at:
Va@https://imasdk.googleapis.com/js/core/bridge3.717.1_en.html#fid=goog_1590811384:53:306
pF.prototype.sendBeacon@https://imasdk.googleapis.com/js/core/bridge3.717.1_en.html#fid=goog_1590811384:475:218
pF.prototype.j@https://imasdk.googleapis.com/js/core/bridge3.717.1_en.html#fid=goog_1590811384:473:167
pF/this.X@https://imasdk.googleapis.com/js/core/bridge3.717.1_en.html#fid=goog_1590811384:470:327

1756503570538	Marionette	WARN	Ignoring event 'pageshow' because document has an invalid readyState of 'uninitialized'.
1756503570563	Marionette	WARN	Ignoring event 'pageshow' because document has an invalid readyState of 'uninitialized'.
1756503573625	Marionette	WARN	Ignoring event 'pageshow' because document has an invalid readyState of 'uninitialized'.
JavaScript warning: https://imasdk.googleapis.com/js/core/bridge3.717.1_en.html#fid=goog_1454761697, line 11: Script terminated by timeout at:
v@https://imasdk.googleapis.com/js/core/bridge3.717.1_en.html#fid=goog_1454761697:11:289
pF/this.X@https://imasdk.googleapis.com/js/core/bridge3.717.1_en.html#fid=goog_1454761697:470:37

JavaScript warning: https://imasdk.googleapis.com/js/core/bridge3.717.1_en.html#fid=goog_1116479906, line 53: Script terminated by timeout at:
Va@https://imasdk.googleapis.com/js/core/bridge3.717.1_en.html#fid=goog_1116479906:53:306
pF.prototype.sendBeacon@https://imasdk.googleapis.com/js/core/bridge3.717.1_en.html#fid=goog_1116479906:475:218
pF.prototype.j@https://imasdk.googleapis.com/js/core/bridge3.717.1_en.html#fid=goog_1116479906:473:167
pF/this.X@https://imasdk.googleapis.com/js/core/bridge3.717.1_en.html#fid=goog_1116479906:470:327

1756503588843	Marionette	INFO	Stopped listening on port 54952
Dynamically enable window occlusion 1
console.error: "Failed to fetch https://ads.mozilla.org/v1/delete_user:" "NetworkError when attempting to fetch resource."
console.warn: TopSitesFeed: Failed to fetch data from MARS server: NetworkError when attempting to fetch resource.
JavaScript error: , line 0: TypeError: NetworkError when attempting to fetch resource.
JavaScript error: , line 0: TypeError: NetworkError when attempting to fetch resource.
JavaScript error: , line 0: TypeError: NetworkError when attempting to fetch resource.
JavaScript error: , line 0: TypeError: NetworkError when attempting to fetch resource.
JavaScript error: , line 0: TypeError: NetworkError when attempting to fetch resource.
JavaScript error: resource://services-settings/RemoteSettingsClient.sys.mjs, line 102: Error: Unknown callback
[GFX1-]: VideoBridgeParent receives IPC close with reason=AbnormalShutdown
1756503601004	geckodriver	INFO	Listening on 127.0.0.1:63795
1756503604048	mozrunner::runner	INFO	Running command: "C:\\Program Files\\Mozilla Firefox\\firefox.exe" "--marionette" "--width=1350" "--height=1025" "--remote-de ... 6" "--remote-allow-hosts" "localhost" "-no-remote" "-profile" "C:\\Users\\brend\\AppData\\Local\\Temp\\rust_mozprofileeSzqZf"
console.warn: services.settings: Ignoring preference override of remote settings server
console.warn: services.settings: Allow by setting MOZ_REMOTE_SETTINGS_DEVTOOLS=1 in the environment
Dynamically enable window occlusion 0
1756503605270	Marionette	INFO	Marionette enabled
console.error: "Warning: unrecognized command line flag" "-width"
console.error: "Warning: unrecognized command line flag" "-height"
1756503605348	Marionette	INFO	Listening on port 63806
WebDriver BiDi listening on ws://127.0.0.1:63796
Read port: 63806
1756503605446	RemoteAgent	WARN	TLS certificate errors will be ignored for this session
1756503719370	Marionette	INFO	Stopped listening on port 63806
Dynamically enable window occlusion 1
console.error: "Failed to fetch https://ads.mozilla.org/v1/delete_user:" "NetworkError when attempting to fetch resource."
console.warn: TopSitesFeed: Failed to fetch data from MARS server: NetworkError when attempting to fetch resource.
JavaScript error: resource://services-settings/RemoteSettingsClient.sys.mjs, line 102: Error: Unknown callback
