hh,barrel,weak,ld,whiff,chase%,swing%,xwobacon,max_ev,ev,la,gb/fb,player_name,playerid,pitch,count,bip,pred_hr,plat_disc
1.15,0.81,0.84,1.06,0.76,1.17,1.08,1.04,1.06,0.99,1.14,0.97,CJ Abrams,682928,CH,256,57,0.93,-0.67
1.19,0.95,1.02,0.72,1.04,2.98,1.08,0.82,1.07,1.01,1.14,0.66,CJ Abrams,682928,CU,189,37,1.57,-0.67
0.96,0.96,1.09,0.85,0.89,0.82,1.03,0.94,1.03,1.0,0.91,1.05,CJ Abrams,682928,FF,613,108,0.94,-0.67
0.97,1.6,0.87,1.03,0.7,2.32,1.01,1.12,1.11,1.01,1.38,0.74,CJ Abrams,682928,FS,109,24,1.96,-0.67
0.88,0.98,0.98,1.21,0.81,2.27,1.05,1.02,1.11,0.98,1.5,0.96,CJ Abrams,682928,KC,47,8,1.41,-0.67
1.25,1.62,1.07,0.99,1.13,3.01,0.95,1.0,1.23,1.02,1.36,0.72,CJ Abrams,682928,KN,6,1,2.13,-0.67
0.86,1.03,0.9,1.1,0.96,1.12,1.12,1.0,1.04,0.99,1.72,0.82,CJ Abrams,682928,SI,329,70,1.15,-0.67
1.29,0.89,0.92,0.78,1.02,1.03,1.12,1.07,1.02,1.02,1.12,0.96,CJ Abrams,682928,SL,357,55,1.15,-0.67
1.0,0.98,1.21,1.5,1.05,2.97,1.02,0.98,1.07,0.99,0.9,0.95,CJ Abrams,682928,ST,141,23,1.3,-0.67
1.14,1.0,0.98,1.05,1.03,2.31,1.05,1.01,1.2,1.02,0.99,1.1,CJ Abrams,682928,SV,26,6,1.35,-0.67
1.58,2.57,0.68,1.37,0.94,1.6,0.77,1.17,1.32,1.07,1.75,0.61,CJ Abrams,682928,FO,10,2,2.22,-0.67
1.32,1.12,0.98,0.98,0.79,1.01,1.14,1.12,1.07,1.02,1.09,0.89,Wilyer Abreu,677800,CH,191,37,1.21,-1.05
1.29,1.96,0.73,0.99,0.88,2.31,1.03,1.42,1.07,1.06,1.35,0.71,Wilyer Abreu,677800,CU,127,17,2.51,-1.05
0.99,1.49,0.43,0.76,1.15,0.86,1.04,1.0,1.04,1.0,1.68,0.33,Wilyer Abreu,677800,FF,720,81,1.43,-1.05
1.02,1.56,0.68,0.71,0.68,1.95,1.01,1.04,1.11,1.01,3.03,0.54,Wilyer Abreu,677800,FS,85,19,2.37,-1.05
1.13,1.01,0.79,1.11,0.74,2.15,1.06,1.05,1.14,1.02,1.67,0.81,Wilyer Abreu,677800,KC,38,6,1.48,-1.05
1.35,1.62,1.07,1.14,1.16,2.78,0.93,1.08,1.24,1.03,1.26,0.83,Wilyer Abreu,677800,KN,5,1,2.04,-1.05
1.05,0.49,0.9,1.43,1.32,0.87,1.01,1.08,1.04,1.0,1.7,0.88,Wilyer Abreu,677800,SI,211,41,0.72,-1.05
1.65,1.89,0.74,1.08,0.97,2.67,1.14,1.28,1.06,1.04,1.37,0.85,Wilyer Abreu,677800,SL,185,34,2.27,-1.05
1.53,1.63,0.92,0.79,0.87,2.58,1.03,1.07,1.09,1.04,1.17,0.86,Wilyer Abreu,677800,ST,85,16,2.06,-1.05
1.14,1.34,0.93,0.98,0.95,2.06,1.01,1.13,1.21,1.02,1.13,0.87,Wilyer Abreu,677800,SV,6,2,1.72,-1.05
1.63,2.67,0.77,1.43,0.88,1.53,0.78,1.2,1.32,1.07,1.43,0.75,Wilyer Abreu,677800,FO,2,1,2.17,-1.05
1.09,1.44,0.92,0.95,0.84,2.12,1.14,1.08,1.07,1.02,1.19,0.87,Maximo Acosta,691185,CU,6,1,1.7,0.74
0.93,1.28,1.52,0.76,1.11,3.51,0.95,1.06,1.01,0.99,0.61,1.3,Maximo Acosta,691185,FF,28,6,2.23,0.74
1.08,1.54,0.87,0.91,1.84,3.07,1.04,1.1,1.01,1.01,2.48,0.59,Maximo Acosta,691185,SI,9,4,2.55,0.74
1.12,0.97,0.94,1.11,0.84,2.9,0.97,1.0,1.03,1.02,0.99,0.94,Maximo Acosta,691185,SL,22,2,1.5,0.74
1.19,1.03,1.29,0.99,0.85,2.31,1.05,1.04,1.07,1.03,0.67,1.68,Maximo Acosta,691185,ST,8,1,1.4,0.74
1.06,1.02,0.78,1.02,0.86,1.75,0.94,1.04,1.05,1.01,1.63,0.67,Luisangel Acuna,682668,CH,14,5,1.46,-1.87
1.03,0.9,1.08,1.03,0.93,2.34,1.14,1.0,1.07,1.0,0.86,1.4,Luisangel Acuna,682668,CU,6,2,1.24,-1.87
1.01,0.32,1.58,1.18,0.84,1.41,0.99,0.88,0.99,1.01,0.56,1.76,Luisangel Acuna,682668,FF,63,9,0.5,-1.87
1.21,1.25,0.8,1.03,0.74,2.02,0.91,1.06,1.11,1.03,2.03,0.67,Luisangel Acuna,682668,FS,6,3,1.82,-1.87
0.78,0.45,1.24,0.9,1.25,3.28,1.09,0.84,1.04,0.96,-0.15,1.33,Luisangel Acuna,682668,SI,17,11,0.96,-1.87
0.58,0.43,1.26,1.13,0.78,3.06,0.99,0.86,1.02,0.94,0.65,1.41,Luisangel Acuna,682668,SL,19,3,1.04,-1.87
1.08,1.07,0.88,1.05,0.78,1.98,1.05,1.02,1.13,1.01,1.66,0.78,Luisangel Acuna,682668,KC,14,2,1.5,-1.87
0.95,0.68,1.23,0.96,0.87,2.21,0.99,0.89,1.05,1.01,0.76,1.09,Luisangel Acuna,682668,ST,56,11,1.1,-1.87
1.11,1.01,0.97,0.97,0.92,1.9,1.02,0.99,1.19,1.01,0.81,1.18,Luisangel Acuna,682668,SV,4,2,1.2,-1.87
1.39,1.28,0.81,1.15,0.98,2.34,0.93,1.19,1.08,1.08,1.47,0.99,Ronald Acuna,660670,CH,73,16,1.82,-0.45
1.17,1.41,0.91,1.01,0.85,2.2,1.08,1.18,1.09,1.04,1.14,1.03,Ronald Acuna,660670,CU,32,6,1.8,-0.45
1.18,1.76,0.81,0.75,1.7,0.47,0.95,1.19,1.06,1.04,1.17,0.91,Ronald Acuna,660670,FF,349,41,1.67,-0.45
1.07,1.25,0.87,0.99,0.79,2.34,0.9,1.02,1.11,1.01,1.85,0.71,Ronald Acuna,660670,FS,24,3,1.86,-0.45
1.02,1.41,0.87,1.0,0.75,2.04,1.05,1.0,1.13,1.0,1.65,0.85,Ronald Acuna,660670,KC,10,2,1.68,-0.45
1.19,1.9,0.8,1.0,1.51,1.19,0.98,1.3,1.08,1.03,1.81,1.1,Ronald Acuna,660670,SI,174,29,2.11,-0.45
1.05,1.01,1.23,0.75,0.89,3.85,0.96,1.0,1.05,1.0,0.7,1.25,Ronald Acuna,660670,SL,105,17,2.04,-0.45
1.61,1.86,1.09,0.92,0.91,2.69,1.03,1.38,1.1,1.07,0.75,1.43,Ronald Acuna,660670,ST,65,14,2.42,-0.45
1.28,1.01,0.88,1.14,0.92,1.9,1.01,1.05,1.21,1.03,1.16,0.88,Ronald Acuna,660670,SV,5,2,1.27,-0.45
1.27,1.33,0.75,1.16,1.36,3.87,0.95,1.08,1.04,1.0,1.24,1.09,Willy Adames,642715,CH,179,23,2.06,-0.45
1.02,0.92,0.81,0.86,0.98,2.48,0.96,0.87,1.06,1.0,1.76,0.98,Willy Adames,642715,CU,137,10,1.52,-0.45
1.11,1.57,0.65,0.87,0.86,0.78,0.98,1.09,1.02,1.01,1.31,0.52,Willy Adames,642715,FF,876,145,1.47,-0.45
1.02,1.04,0.77,1.27,0.98,2.9,0.93,1.05,1.09,1.01,2.05,0.64,Willy Adames,642715,FS,91,10,1.81,-0.45
1.02,0.91,0.77,1.18,0.82,1.99,1.09,1.01,1.11,1.01,1.85,0.82,Willy Adames,642715,KC,48,7,1.32,-0.45
0.74,1.13,1.02,0.86,1.42,1.08,0.99,0.93,1.03,0.94,1.23,0.73,Willy Adames,642715,SI,521,108,1.22,-0.45
1.36,2.09,0.55,1.3,1.15,1.05,1.05,1.32,1.03,1.02,1.53,0.47,Willy Adames,642715,SL,434,63,1.85,-0.45
1.07,0.85,0.62,1.18,1.1,3.37,1.03,1.1,1.07,1.0,1.45,0.49,Willy Adames,642715,ST,186,29,1.73,-0.45
1.13,1.11,1.02,0.97,0.99,2.05,1.01,1.03,1.2,1.01,1.03,1.12,Willy Adames,642715,SV,9,2,1.45,-0.45
1.42,2.5,0.79,1.55,0.92,1.55,0.79,1.22,1.29,1.03,1.57,0.66,Willy Adames,642715,FO,7,3,2.1,-0.45
1.5,1.09,0.73,1.14,1.04,2.67,1.07,1.12,1.05,1.07,1.4,1.3,Riley Adams,656180,CH,66,13,1.59,-0.97
1.19,1.01,0.92,0.95,0.93,2.75,1.07,0.95,1.08,1.01,1.4,0.99,Riley Adams,656180,CU,29,1,1.57,-0.97
1.11,1.75,1.09,0.73,1.54,5.31,1.06,1.18,1.02,0.99,1.0,1.13,Riley Adams,656180,FF,145,24,3.14,-0.97
1.02,1.48,0.82,1.06,0.78,1.99,1.03,1.04,1.14,1.01,1.85,0.7,Riley Adams,656180,KC,7,1,1.79,-0.97
1.05,0.5,1.01,1.14,1.38,2.66,1.03,1.0,1.07,0.99,-0.07,1.54,Riley Adams,656180,SI,109,21,0.79,-0.97
1.19,1.54,1.08,0.58,1.04,3.09,1.01,1.1,1.03,1.01,0.69,1.33,Riley Adams,656180,SL,112,18,2.23,-0.97
1.3,0.86,1.19,1.04,0.94,2.45,0.95,0.95,1.08,1.04,0.79,1.43,Riley Adams,656180,ST,31,4,1.26,-0.97
1.57,2.57,1.01,0.93,1.16,2.99,0.94,1.26,1.08,1.02,0.91,1.17,Jo Adell,666176,CH,125,18,2.8,-0.75
1.11,1.39,0.93,0.87,1.19,3.86,1.19,1.0,1.09,1.01,1.37,0.66,Jo Adell,666176,CU,76,5,2.22,-0.75
1.06,1.72,0.98,1.01,1.17,0.96,1.14,1.24,1.07,1.01,1.08,0.9,Jo Adell,666176,FF,633,90,1.66,-0.75
1.38,1.49,0.72,1.09,0.87,2.4,0.9,1.11,1.1,1.03,2.25,0.52,Jo Adell,666176,FS,55,2,2.14,-0.75
1.07,1.34,0.93,0.8,0.73,1.98,1.04,1.0,1.13,1.01,1.63,0.63,Jo Adell,666176,KC,22,1,1.8,-0.75
1.23,1.31,1.17,1.11,1.25,1.31,1.19,1.07,1.06,1.02,0.48,1.61,Jo Adell,666176,SI,317,74,1.04,-0.75
1.46,2.08,0.77,1.2,1.2,1.34,1.0,1.55,1.1,1.06,1.35,0.67,Jo Adell,666176,SL,298,43,2.34,-0.75
1.09,0.64,1.09,0.69,0.7,1.54,1.02,0.82,1.06,0.98,0.99,3.48,Jo Adell,666176,ST,191,20,0.7,-0.75
1.22,1.38,0.93,1.12,0.92,2.06,1.0,1.16,1.22,1.03,1.08,1.06,Jo Adell,666176,SV,9,2,1.66,-0.75
1.02,1.05,0.88,1.02,0.88,2.02,0.96,1.02,1.05,1.0,1.5,0.74,Nick Ahmed,605113,CH,69,14,1.52,-0.52
0.77,0.7,1.18,0.65,0.78,2.78,1.2,0.82,1.04,0.99,0.89,1.33,Nick Ahmed,605113,CU,51,10,1.31,-0.52
0.78,0.6,1.41,0.89,1.26,3.2,1.05,0.82,1.0,0.96,0.85,1.49,Nick Ahmed,605113,FF,270,56,1.35,-0.52
1.12,1.31,0.81,1.04,0.83,2.2,0.93,1.02,1.11,1.02,1.97,0.65,Nick Ahmed,605113,FS,10,1,1.83,-0.52
0.8,0.91,1.01,0.92,0.8,2.57,1.15,0.98,1.1,0.95,0.84,1.07,Nick Ahmed,605113,KC,31,6,1.37,-0.52
0.66,0.9,0.99,1.3,1.14,0.92,1.02,1.02,0.98,0.96,1.95,0.38,Nick Ahmed,605113,SI,153,33,1.12,-0.52
0.92,0.93,1.08,0.93,0.79,2.54,1.0,0.97,1.03,0.99,0.83,1.25,Nick Ahmed,605113,SL,127,20,1.41,-0.52
1.17,0.92,1.19,0.98,0.84,2.29,1.04,1.04,1.08,1.02,0.77,1.69,Nick Ahmed,605113,ST,66,11,1.34,-0.52
0.76,0.29,1.1,1.1,0.49,1.09,1.17,0.78,1.01,0.99,1.22,1.31,Ozzie Albies,645277,CH,200,51,0.31,0.0
0.53,0.09,1.04,0.7,0.7,1.35,1.18,0.47,0.99,0.93,1.82,0.57,Ozzie Albies,645277,CU,129,29,0.36,0.0
0.87,0.82,0.68,0.97,1.0,1.16,1.15,0.85,1.02,0.98,1.36,0.71,Ozzie Albies,645277,FF,546,103,0.75,0.0
0.74,0.38,0.7,1.34,0.61,2.1,0.92,0.95,1.06,1.0,2.17,0.49,Ozzie Albies,645277,FS,71,11,1.08,0.0
0.98,0.97,0.85,1.0,0.73,2.1,1.03,0.93,1.12,1.0,1.73,0.7,Ozzie Albies,645277,KC,34,11,1.42,0.0
1.35,1.62,1.07,0.99,1.14,2.78,0.94,1.04,1.24,1.03,1.23,0.89,Ozzie Albies,645277,KN,7,1,2.06,0.0
0.95,0.42,0.66,1.03,1.14,1.2,1.2,0.83,0.99,1.02,3.06,0.65,Ozzie Albies,645277,SI,202,45,0.97,0.0
1.11,1.27,1.03,1.04,0.92,1.07,1.16,1.03,1.03,1.03,0.97,1.08,Ozzie Albies,645277,SL,187,37,1.11,0.0
0.99,0.44,0.95,1.09,0.72,2.47,1.18,0.98,1.02,0.98,1.03,1.31,Ozzie Albies,645277,ST,88,22,0.97,0.0
1.27,1.04,0.93,1.12,0.92,2.08,1.01,1.06,1.21,1.03,1.1,1.04,Ozzie Albies,645277,SV,6,2,1.36,0.0
1.03,1.34,0.98,0.81,0.88,2.03,0.96,0.99,1.03,1.0,1.18,0.93,Blaze Alexander,677942,CH,58,14,1.68,-0.99
1.06,1.26,0.96,1.06,0.87,2.41,1.09,1.03,1.08,1.02,1.11,1.16,Blaze Alexander,677942,CU,32,4,1.54,-0.99
1.2,1.5,0.93,1.07,1.6,3.16,0.92,1.13,1.02,1.03,0.9,1.08,Blaze Alexander,677942,FF,248,30,2.04,-0.99
1.01,1.26,0.77,1.16,0.74,1.95,0.94,1.05,1.1,1.01,2.15,0.65,Blaze Alexander,677942,FS,4,2,1.73,-0.99
0.96,1.07,0.88,0.91,0.72,1.77,1.03,0.97,1.12,1.0,1.64,0.84,Blaze Alexander,677942,KC,16,2,1.46,-0.99
0.84,0.57,1.23,0.73,1.77,2.6,0.98,0.82,1.03,0.97,0.36,1.11,Blaze Alexander,677942,SI,121,25,1.11,-0.99
0.98,1.11,1.19,1.06,0.87,1.87,1.1,0.84,1.03,1.03,0.85,0.94,Blaze Alexander,677942,SL,133,25,1.06,-0.99
1.26,1.18,0.99,1.08,1.02,2.59,1.06,1.11,1.09,1.04,0.83,1.57,Blaze Alexander,677942,ST,49,7,1.55,-0.99
1.19,1.01,0.97,1.14,0.94,1.98,1.03,1.05,1.21,1.03,1.04,1.1,Blaze Alexander,677942,SV,6,2,1.27,-0.99
0.88,0.8,1.32,0.89,1.31,4.35,0.96,0.87,1.0,0.96,0.81,1.51,CJ Alexander,680769,FF,5,1,1.86,0.0
1.03,1.3,0.75,1.07,0.75,1.96,0.92,1.03,1.08,1.01,2.19,0.56,CJ Alexander,680769,FS,8,2,1.8,0.0
1.01,1.01,0.98,1.11,0.78,2.31,0.97,1.03,1.03,1.01,0.93,1.06,CJ Alexander,680769,SL,4,1,1.37,0.0
1.16,1.23,0.89,1.01,0.84,2.1,0.95,1.03,1.04,1.02,1.39,0.82,CJ Alexander,680769,CH,5,1,1.61,0.0
1.01,1.01,0.92,1.1,0.85,2.03,1.14,1.03,1.06,1.01,1.16,0.99,CJ Alexander,680769,CU,4,1,1.27,0.0
1.04,1.11,0.82,0.94,0.77,1.88,1.06,1.0,1.12,1.01,1.66,0.78,CJ Alexander,680769,KC,5,1,1.51,0.0
1.19,1.03,1.17,0.99,0.8,2.13,1.04,1.09,1.06,1.03,0.73,1.36,CJ Alexander,680769,ST,3,1,1.42,0.0
1.16,1.23,0.89,1.01,0.86,2.01,0.95,1.03,1.05,1.03,1.35,0.82,Greg Allen,656185,CH,9,1,1.58,0.0
0.86,0.69,1.35,0.82,1.19,3.76,0.97,0.88,1.0,0.96,0.57,1.56,Greg Allen,656185,FF,13,4,1.61,0.0
0.98,1.18,0.81,1.02,2.1,3.71,1.05,1.01,1.02,0.99,2.61,0.58,Greg Allen,656185,SI,9,1,2.38,0.0
1.09,1.01,1.08,0.99,0.76,2.31,0.97,1.0,1.03,1.01,0.9,1.17,Greg Allen,656185,SL,7,1,1.42,0.0
0.91,0.48,1.05,0.95,0.67,1.84,1.11,0.84,1.0,0.96,1.15,0.92,Nick Allen,669397,CH,27,3,0.84,-0.8
0.81,0.61,1.21,0.72,0.78,2.25,1.01,0.8,1.04,0.97,0.93,1.17,Nick Allen,669397,CU,37,2,1.14,-0.8
0.48,0.06,1.16,0.78,0.87,1.0,0.99,0.62,0.97,0.94,1.1,1.93,Nick Allen,669397,FF,113,29,0.16,-0.8
1.01,1.17,0.85,1.06,0.82,2.06,0.95,1.02,1.09,1.01,1.98,0.72,Nick Allen,669397,FS,8,4,1.7,-0.8
0.97,1.11,0.82,1.09,0.74,1.96,1.04,1.03,1.13,1.0,1.81,0.72,Nick Allen,669397,KC,7,1,1.54,-0.8
0.66,0.1,1.18,1.26,0.8,1.12,0.96,0.84,0.97,0.97,0.71,1.28,Nick Allen,669397,SI,37,10,0.18,-0.8
0.47,0.09,1.29,1.13,0.83,1.09,1.02,0.91,0.97,0.92,0.87,1.11,Nick Allen,669397,SL,64,15,0.43,-0.8
0.72,0.44,0.93,0.7,0.94,1.92,1.06,0.88,1.04,1.0,0.97,1.2,Nick Allen,669397,ST,14,4,0.97,-0.8
1.15,1.05,1.0,1.01,0.96,2.14,1.01,1.03,1.18,0.99,0.89,1.09,Nick Allen,669397,SV,6,1,1.37,-0.8
1.53,2.49,0.97,1.36,0.78,0.99,1.01,1.3,1.1,1.06,0.7,1.15,Pete Alonso,624413,CH,185,41,1.81,-0.9
1.3,1.78,0.74,1.36,0.92,2.48,0.87,1.11,1.09,1.05,1.3,0.73,Pete Alonso,624413,CU,142,16,1.86,-0.9
1.41,2.05,0.73,0.79,1.26,1.01,1.03,1.27,1.07,1.07,1.28,0.76,Pete Alonso,624413,FF,821,118,2.05,-0.9
1.37,1.51,0.8,1.11,0.86,2.15,0.95,1.08,1.11,1.03,1.81,1.0,Pete Alonso,624413,FS,79,16,1.84,-0.9
1.18,1.23,0.85,1.24,0.95,2.59,1.1,1.14,1.13,1.02,1.44,1.07,Pete Alonso,624413,KC,38,2,1.68,-0.9
1.13,2.05,0.83,1.46,0.99,1.06,0.98,1.13,1.07,1.0,2.27,0.75,Pete Alonso,624413,SI,603,114,1.8,-0.9
0.98,2.01,0.91,1.26,1.05,1.19,0.96,1.14,1.09,1.0,1.01,0.92,Pete Alonso,624413,SL,527,80,1.61,-0.9
1.58,1.1,1.15,0.87,0.77,3.0,0.88,1.17,1.09,1.07,0.56,2.51,Pete Alonso,624413,ST,172,23,1.79,-0.9
0.79,0.13,1.16,0.72,0.72,0.94,1.16,0.67,0.99,0.94,1.57,1.18,Jose Altuve,514888,CH,258,53,0.42,-0.5
0.72,0.88,1.23,0.86,0.86,2.93,1.2,0.91,1.06,0.92,0.56,2.28,Jose Altuve,514888,CU,159,23,1.26,-0.5
0.94,0.99,1.07,1.0,0.74,2.03,0.98,1.03,1.01,0.97,1.07,0.86,Jose Altuve,514888,FF,639,143,1.44,-0.5
0.95,1.75,0.87,1.06,0.75,2.28,0.92,1.13,1.08,1.01,1.74,0.79,Jose Altuve,514888,FS,96,14,2.17,-0.5
1.05,0.89,0.84,0.95,0.76,1.97,1.1,0.96,1.11,0.98,1.9,0.68,Jose Altuve,514888,KC,34,7,1.43,-0.5
0.81,0.89,1.01,0.95,0.79,1.53,0.96,0.92,1.03,0.92,2.83,0.71,Jose Altuve,514888,SI,448,102,1.64,-0.5
0.58,0.56,1.15,1.05,0.77,1.2,1.14,0.82,1.04,0.95,1.08,1.17,Jose Altuve,514888,SL,440,86,0.58,-0.5
0.65,0.42,1.08,0.58,0.86,1.47,1.15,0.87,1.06,0.96,0.94,1.16,Jose Altuve,514888,ST,164,39,0.9,-0.5
1.14,1.02,0.91,1.02,0.93,2.08,1.0,1.02,1.2,1.01,1.21,0.97,Jose Altuve,514888,SV,14,4,1.4,-0.5
1.25,1.67,0.74,1.0,0.89,2.05,0.9,1.1,1.06,1.03,1.52,0.78,Francisco Alvarez,682626,CH,103,19,1.94,-1.01
0.97,0.86,1.07,0.97,0.98,2.42,1.1,0.87,1.09,1.0,1.18,1.16,Francisco Alvarez,682626,CU,88,21,1.24,-1.01
1.45,1.97,0.96,1.24,1.47,1.18,1.01,1.33,1.06,1.06,0.79,1.03,Francisco Alvarez,682626,FF,331,50,1.76,-1.01
1.13,1.7,0.8,1.0,0.8,1.97,0.92,1.18,1.11,1.04,1.95,0.65,Francisco Alvarez,682626,FS,44,5,2.2,-1.01
1.03,1.05,0.91,0.89,0.79,2.03,1.04,0.96,1.13,1.0,1.61,0.83,Francisco Alvarez,682626,KC,29,4,1.52,-1.01
1.1,0.38,1.19,0.54,1.51,3.47,0.99,0.87,1.03,1.0,0.15,2.21,Francisco Alvarez,682626,SI,242,41,1.26,-1.01
1.26,0.89,1.41,0.6,1.03,2.03,0.94,0.87,1.03,1.02,0.29,1.98,Francisco Alvarez,682626,SL,271,49,1.2,-1.01
1.04,0.65,0.92,1.0,1.24,2.98,1.03,0.93,1.06,1.03,0.99,1.05,Francisco Alvarez,682626,ST,92,15,1.3,-1.01
1.25,1.05,0.91,1.14,0.93,2.01,0.99,1.04,1.21,1.02,1.09,1.04,Francisco Alvarez,682626,SV,10,1,1.3,-1.01
0.93,0.8,1.04,1.01,0.83,2.15,1.09,0.92,1.07,0.98,1.16,0.84,Nacho Alvarez,805373,CU,2,1,1.19,-2.09
0.94,0.74,0.95,1.3,1.19,4.59,1.01,1.0,1.01,0.97,0.93,1.07,Nacho Alvarez,805373,FF,44,4,1.75,-2.09
1.12,1.31,0.74,1.04,0.75,1.88,0.91,1.07,1.11,1.02,2.16,0.65,Nacho Alvarez,805373,FS,1,1,1.84,-2.09
0.85,0.38,0.72,1.03,1.46,2.32,0.78,0.92,1.01,0.99,3.02,0.72,Nacho Alvarez,805373,SI,33,6,1.61,-2.09
0.94,0.72,0.97,0.74,0.82,2.58,0.98,0.88,1.02,0.99,1.06,1.06,Nacho Alvarez,805373,SL,15,5,1.37,-2.09
1.01,0.87,1.2,1.24,0.87,2.37,0.99,1.04,1.06,1.02,0.78,1.27,Nacho Alvarez,805373,ST,8,1,1.25,-2.09
1.08,1.15,0.92,1.1,0.78,2.04,0.93,1.0,1.05,1.03,1.44,0.88,Nacho Alvarez,805373,CH,28,3,1.49,-2.09
1.29,2.13,0.52,1.12,0.87,2.17,0.98,1.27,1.07,1.05,2.2,0.31,Yordan Alvarez,670541,CH,177,42,2.5,0.06
1.18,1.51,0.88,1.1,0.93,2.49,1.01,1.1,1.09,1.02,1.13,0.98,Yordan Alvarez,670541,CU,158,26,1.79,0.06
0.96,1.17,0.79,0.73,0.55,0.93,0.92,1.0,1.06,1.04,1.18,0.89,Yordan Alvarez,670541,FF,814,145,1.28,0.06
1.17,1.6,0.7,1.24,0.83,2.47,1.01,1.19,1.12,1.03,2.2,0.61,Yordan Alvarez,670541,FS,100,29,2.16,0.06
1.0,1.28,0.83,1.07,0.74,1.97,1.02,1.01,1.13,1.0,1.7,0.66,Yordan Alvarez,670541,KC,60,11,1.6,0.06
1.18,2.01,0.71,1.07,1.03,2.07,1.04,1.28,1.06,1.04,2.12,0.64,Yordan Alvarez,670541,SI,273,74,2.45,0.06
1.16,1.58,0.79,1.11,0.79,2.14,0.98,1.13,1.06,1.05,1.27,0.88,Yordan Alvarez,670541,SL,328,67,1.79,0.06
1.17,0.99,0.97,1.09,0.79,2.55,1.04,1.0,1.08,1.03,0.93,1.28,Yordan Alvarez,670541,ST,119,24,1.34,0.06
1.23,1.05,0.93,1.01,0.92,2.04,1.01,1.01,1.21,1.02,1.11,0.93,Yordan Alvarez,670541,SV,14,1,1.37,0.06
1.0,0.97,0.92,1.07,0.89,2.32,0.93,0.96,1.03,1.0,1.25,0.75,Adael Amador,691182,CH,11,3,1.41,0.0
0.94,0.8,1.13,0.88,0.81,2.11,1.12,0.9,1.06,1.01,1.02,1.23,Adael Amador,691182,CU,13,2,1.17,0.0
0.63,0.62,1.24,0.91,0.71,1.31,0.89,0.9,0.96,0.9,0.95,0.71,Adael Amador,691182,FF,51,13,0.99,0.0
0.91,1.11,0.75,0.88,0.81,2.08,0.94,0.98,1.08,1.01,2.27,0.46,Adael Amador,691182,FS,4,2,1.83,0.0
1.03,1.1,0.84,0.97,0.71,1.81,1.03,0.99,1.14,1.01,1.72,0.78,Adael Amador,691182,KC,6,2,1.48,0.0
0.87,0.86,0.85,0.91,0.69,2.33,0.96,0.91,1.02,1.0,1.25,0.93,Adael Amador,691182,SL,7,2,1.34,0.0
1.2,0.97,1.2,1.06,0.88,2.52,1.09,0.98,1.08,1.02,0.71,1.69,Adael Amador,691182,ST,7,1,1.26,0.0
1.09,1.31,0.87,1.02,1.59,3.08,1.07,1.09,1.02,0.99,1.57,0.8,Adael Amador,691182,SI,43,10,2.04,0.0
1.19,1.1,0.94,1.04,0.86,1.85,0.94,1.02,1.05,1.01,1.2,0.91,Jacob Amaya,676070,CH,23,4,1.39,-1.17
1.01,1.01,1.01,0.95,0.85,2.12,1.04,0.97,1.09,1.01,1.12,1.07,Jacob Amaya,676070,CU,20,1,1.37,-1.17
0.86,0.43,1.53,0.81,1.08,3.65,0.89,0.72,1.02,0.97,0.77,1.56,Jacob Amaya,676070,FF,123,13,1.39,-1.17
0.74,0.74,0.98,0.98,1.47,2.81,1.03,0.87,1.01,0.97,1.73,0.79,Jacob Amaya,676070,SI,38,7,1.5,-1.17
1.1,0.81,0.99,1.09,0.81,1.95,0.9,0.97,1.03,1.03,0.8,1.55,Jacob Amaya,676070,SL,36,7,1.03,-1.17
1.0,0.86,1.19,0.86,0.75,2.28,1.0,0.94,1.06,1.01,0.84,1.44,Jacob Amaya,676070,ST,33,4,1.32,-1.17
1.01,0.79,0.88,1.14,0.93,2.17,1.09,0.91,1.05,1.0,1.08,0.92,Miguel Amaya,665804,CH,125,34,1.0,-0.43
0.9,0.82,1.05,0.98,0.78,1.88,1.06,0.97,1.07,0.99,1.19,1.13,Miguel Amaya,665804,CU,65,9,1.2,-0.43
0.88,1.11,1.16,1.3,0.75,3.01,1.04,0.98,1.01,0.99,0.89,1.31,Miguel Amaya,665804,FF,360,74,1.45,-0.43
1.1,1.21,0.74,1.28,0.87,2.34,0.95,1.04,1.1,1.02,2.29,0.64,Miguel Amaya,665804,FS,44,6,1.75,-0.43
0.98,1.08,0.87,0.91,0.81,1.89,1.05,0.96,1.13,1.0,1.77,0.68,Miguel Amaya,665804,KC,14,4,1.53,-0.43
1.06,1.36,0.86,0.95,1.43,2.17,1.21,1.14,1.02,1.0,2.02,0.67,Miguel Amaya,665804,SI,250,61,1.98,-0.43
1.05,0.6,1.03,0.83,0.85,2.08,1.0,0.83,1.03,0.98,0.86,0.88,Miguel Amaya,665804,SL,216,41,0.99,-0.43
1.05,0.66,0.87,1.03,0.94,2.48,1.04,1.03,1.06,1.02,1.17,1.05,Miguel Amaya,665804,ST,115,18,1.3,-0.43
1.15,1.05,1.0,1.01,0.93,1.97,1.02,1.01,1.2,1.01,0.97,1.09,Miguel Amaya,665804,SV,1,1,1.31,-0.43
1.14,1.0,0.89,1.03,1.04,2.79,1.02,0.99,1.06,1.01,1.28,0.83,Tim Anderson,641313,CH,105,18,1.58,-0.71
1.12,1.03,0.96,1.09,0.85,2.23,1.13,0.99,1.08,1.02,1.1,1.15,Tim Anderson,641313,CU,44,11,1.27,-0.71
0.93,0.34,1.78,0.76,1.25,2.37,1.06,0.75,0.99,0.99,0.37,1.92,Tim Anderson,641313,FF,272,41,0.88,-0.71
1.08,1.26,0.79,1.0,0.77,2.05,0.91,1.01,1.1,1.01,2.08,0.57,Tim Anderson,641313,FS,20,2,1.81,-0.71
0.95,1.06,0.88,0.94,0.77,1.99,1.06,1.0,1.13,1.0,1.54,0.77,Tim Anderson,641313,KC,19,5,1.51,-0.71
1.25,1.62,1.18,0.99,1.24,3.13,0.95,1.0,1.23,1.02,1.16,0.89,Tim Anderson,641313,KN,7,1,2.13,-0.71
0.78,0.54,1.07,0.72,1.46,2.33,1.12,0.9,1.01,0.98,0.24,1.86,Tim Anderson,641313,SI,181,35,0.9,-0.71
0.78,0.49,1.24,1.17,0.97,2.25,1.11,0.93,1.01,0.97,0.56,1.65,Tim Anderson,641313,SL,142,31,0.78,-0.71
1.03,0.82,1.21,0.94,0.9,2.63,1.08,0.92,1.07,1.03,0.76,1.51,Tim Anderson,641313,ST,72,10,1.27,-0.71
1.21,0.76,0.92,1.33,0.74,2.64,1.12,0.96,1.02,1.0,1.34,0.97,Miguel Andujar,609280,CH,125,29,1.14,-0.81
1.06,0.67,0.81,0.95,0.87,2.45,1.1,0.94,1.07,1.0,1.41,0.95,Miguel Andujar,609280,CU,72,11,1.25,-0.81
0.99,0.85,1.49,0.75,0.41,1.14,1.12,0.86,1.01,1.01,0.69,1.74,Miguel Andujar,609280,FF,260,66,0.9,-0.81
1.21,1.2,0.86,0.95,0.76,2.36,0.95,1.01,1.1,1.02,1.72,0.73,Miguel Andujar,609280,FS,18,7,1.79,-0.81
1.07,0.99,0.75,1.12,0.72,1.83,1.04,1.05,1.13,1.01,1.7,0.85,Miguel Andujar,609280,KC,27,5,1.37,-0.81
1.12,0.25,1.12,0.95,0.35,1.24,1.11,0.85,1.04,0.98,0.91,1.0,Miguel Andujar,609280,SI,244,56,0.49,-0.81
0.78,0.23,1.21,0.85,0.82,1.05,1.0,0.86,1.04,0.95,0.69,1.42,Miguel Andujar,609280,SL,249,49,0.48,-0.81
0.74,0.58,1.24,1.13,0.96,2.54,1.03,0.83,1.04,0.98,0.97,1.92,Miguel Andujar,609280,ST,113,18,0.93,-0.81
1.15,1.05,0.98,1.01,0.93,1.97,1.01,1.01,1.21,1.02,1.05,1.07,Miguel Andujar,609280,SV,6,1,1.33,-0.81
1.01,2.21,1.08,0.93,1.19,2.48,0.84,1.26,1.08,1.01,0.93,1.07,Roman Anthony,701350,CH,156,26,2.56,1.53
1.41,0.6,1.09,0.85,0.92,2.05,1.05,0.9,1.06,1.03,0.88,0.96,Roman Anthony,701350,CU,85,13,1.05,1.53
1.57,1.99,1.21,1.21,0.8,0.7,0.75,1.37,1.06,1.07,0.67,1.45,Roman Anthony,701350,FF,347,53,1.81,1.53
1.02,1.0,0.85,1.11,0.95,2.3,0.91,1.06,1.09,1.01,1.12,0.98,Roman Anthony,701350,FS,46,8,1.45,1.53
1.04,1.04,0.93,0.87,0.85,2.06,0.98,0.97,1.14,1.01,1.49,0.91,Roman Anthony,701350,KC,34,3,1.54,1.53
1.02,2.25,0.76,1.04,2.07,3.44,0.78,1.38,1.02,1.05,2.12,0.57,Roman Anthony,701350,SI,186,23,3.3,1.53
1.34,1.64,1.53,0.53,1.01,2.82,0.89,1.11,1.04,1.06,0.19,1.96,Roman Anthony,701350,SL,160,19,2.24,1.53
1.37,0.88,1.36,0.85,0.98,2.74,0.93,0.96,1.08,1.03,0.64,2.12,Roman Anthony,701350,ST,76,5,1.45,1.53
1.22,1.0,0.71,1.57,0.55,1.13,0.98,1.26,1.05,1.03,1.48,0.7,Jonathan Aranda,666018,CH,59,20,1.11,-1.69
1.39,0.55,1.08,1.04,0.95,2.41,1.09,1.02,1.07,1.06,0.73,2.0,Jonathan Aranda,666018,CU,59,5,1.01,-1.69
1.27,1.51,0.76,1.02,1.14,1.52,0.97,1.25,1.04,1.03,1.08,0.77,Jonathan Aranda,666018,FF,178,21,1.73,-1.69
1.21,1.23,0.62,1.05,0.73,1.87,0.96,1.18,1.09,1.03,1.99,0.53,Jonathan Aranda,666018,FS,32,7,1.83,-1.69
1.0,1.46,0.82,1.03,0.8,2.07,1.05,1.03,1.14,1.01,1.9,0.66,Jonathan Aranda,666018,KC,5,1,1.82,-1.69
1.28,1.53,0.78,1.5,1.28,1.0,1.02,1.24,1.02,1.05,1.28,1.25,Jonathan Aranda,666018,SI,79,17,1.25,-1.69
1.61,2.09,0.5,1.18,0.85,1.24,1.0,1.45,1.04,1.06,1.26,0.77,Jonathan Aranda,666018,SL,34,5,2.05,-1.69
1.16,0.94,1.02,1.17,0.76,2.49,1.09,1.06,1.08,1.02,0.74,1.66,Jonathan Aranda,666018,ST,39,6,1.23,-1.69
1.17,1.15,0.91,1.01,0.97,2.05,1.01,1.04,1.21,1.02,1.17,0.99,Jonathan Aranda,666018,SV,9,1,1.47,-1.69
0.93,0.67,0.85,1.16,0.82,2.31,0.97,1.01,1.03,1.02,1.09,1.1,Orlando Arcia,606115,CH,149,28,1.14,-0.76
1.0,0.81,1.05,1.02,0.86,2.78,1.07,0.93,1.07,1.01,1.02,1.34,Orlando Arcia,606115,CU,125,14,1.31,-0.76
0.89,0.78,0.96,0.75,1.03,1.12,1.12,0.72,0.99,0.99,1.23,1.06,Orlando Arcia,606115,FF,676,119,0.71,-0.76
1.01,1.15,0.97,0.9,0.88,2.15,0.92,0.99,1.09,1.01,1.07,0.88,Orlando Arcia,606115,FS,59,9,1.55,-0.76
0.99,1.03,0.86,1.01,0.76,1.86,1.05,0.97,1.13,1.0,1.74,0.69,Orlando Arcia,606115,KC,60,6,1.43,-0.76
0.8,0.56,1.3,0.88,1.03,0.69,1.27,0.89,1.0,0.97,-0.56,1.83,Orlando Arcia,606115,SI,452,108,0.06,-0.76
0.69,0.23,1.61,0.63,1.0,1.91,0.98,0.62,1.01,0.96,0.03,2.44,Orlando Arcia,606115,SL,412,66,0.41,-0.76
0.9,0.41,1.3,1.0,0.95,1.97,1.06,0.86,1.04,0.99,0.71,1.66,Orlando Arcia,606115,ST,199,43,0.74,-0.76
1.11,1.01,0.97,0.97,0.96,2.23,1.06,0.99,1.2,1.02,1.02,0.95,Orlando Arcia,606115,SV,14,2,1.37,-0.76
1.22,0.04,0.96,1.02,0.76,2.71,1.09,0.72,1.04,1.01,1.66,0.83,Nolan Arenado,571448,CH,219,50,0.8,-0.55
1.06,0.72,0.79,1.38,0.69,2.36,1.14,1.05,1.06,1.0,1.37,1.06,Nolan Arenado,571448,CU,92,18,1.08,-0.55
0.77,0.72,0.95,0.56,0.53,1.22,1.04,0.76,0.98,0.95,1.34,0.78,Nolan Arenado,571448,FF,788,151,0.99,-0.55
0.96,0.95,0.85,1.19,0.76,2.16,0.93,1.0,1.06,1.01,1.77,0.85,Nolan Arenado,571448,FS,72,15,1.44,-0.55
0.92,1.03,0.93,0.86,0.65,1.99,1.02,0.93,1.13,0.99,1.56,0.82,Nolan Arenado,571448,KC,35,8,1.48,-0.55
1.3,1.56,1.14,1.11,1.12,2.68,0.96,1.05,1.23,1.03,1.22,0.89,Nolan Arenado,571448,KN,5,2,1.95,-0.55
1.31,0.24,0.89,0.72,0.48,0.92,0.89,0.82,1.0,1.0,2.28,0.87,Nolan Arenado,571448,SI,431,89,0.92,-0.55
1.11,0.55,1.11,1.01,0.86,1.2,1.0,0.86,0.99,0.99,1.0,1.05,Nolan Arenado,571448,SL,407,80,0.67,-0.55
0.65,0.2,0.83,0.77,0.78,2.1,1.02,0.66,1.01,0.93,1.26,1.0,Nolan Arenado,571448,ST,215,44,0.64,-0.55
1.15,1.05,0.91,1.14,0.96,2.03,1.01,1.04,1.21,1.02,1.09,0.99,Nolan Arenado,571448,SV,8,1,1.31,-0.55
1.16,0.8,1.24,1.12,1.3,3.57,1.17,1.08,1.07,1.0,-0.13,1.37,Gabriel Arias,672356,CH,58,15,1.37,-0.48
1.14,2.16,0.91,0.86,1.28,2.26,1.25,1.2,1.08,1.03,1.0,1.0,Gabriel Arias,672356,CU,35,8,2.22,-0.48
1.18,1.55,1.08,0.94,1.79,1.87,1.19,1.14,1.05,1.02,0.82,1.34,Gabriel Arias,672356,FF,139,18,1.65,-0.48
1.01,1.1,1.23,0.58,2.02,2.42,1.24,0.98,1.05,1.0,-0.51,1.74,Gabriel Arias,672356,SI,120,19,1.2,-0.48
1.22,0.97,1.18,0.71,1.34,1.27,1.07,1.0,1.06,1.04,0.74,1.28,Gabriel Arias,672356,SL,113,20,1.19,-0.48
0.99,1.22,1.16,1.18,1.18,3.45,1.18,0.94,1.06,1.02,0.84,1.43,Gabriel Arias,672356,ST,56,10,1.57,-0.48
1.19,1.01,0.97,0.97,0.92,1.9,1.03,1.06,1.21,1.02,1.05,0.95,Gabriel Arias,672356,SV,2,2,1.39,-0.48
1.16,1.26,0.86,1.0,1.05,2.61,0.97,1.01,1.11,1.02,1.97,0.7,Gabriel Arias,672356,FS,36,2,1.93,-0.48
0.97,1.04,0.77,0.87,0.8,2.14,1.08,0.99,1.14,1.0,1.86,0.6,Gabriel Arias,672356,KC,27,3,1.64,-0.48
1.18,0.61,1.23,0.54,1.06,1.15,0.87,0.88,1.05,1.0,-0.13,1.3,Randy Arozarena,668227,CH,269,46,0.75,-1.03
1.33,1.63,0.91,0.99,0.87,3.15,1.12,1.12,1.08,1.01,1.23,0.93,Randy Arozarena,668227,CU,150,20,2.15,-1.03
1.39,1.74,0.69,0.89,1.42,0.67,0.9,1.29,1.04,1.05,1.08,0.84,Randy Arozarena,668227,FF,801,97,1.72,-1.03
1.01,0.99,0.85,0.99,0.83,2.2,0.92,0.92,1.09,1.0,2.06,0.6,Randy Arozarena,668227,FS,67,8,1.61,-1.03
1.05,1.47,0.8,0.98,0.77,2.17,1.04,1.07,1.13,1.0,1.83,0.59,Randy Arozarena,668227,KC,53,8,1.92,-1.03
1.2,0.91,0.86,0.88,1.68,0.72,0.87,1.01,1.05,1.02,2.01,0.93,Randy Arozarena,668227,SI,523,77,1.28,-1.03
0.9,0.95,1.15,1.54,1.18,1.13,0.9,1.07,1.05,1.01,0.5,2.12,Randy Arozarena,668227,SL,445,53,0.61,-1.03
1.35,1.75,1.16,0.95,0.97,1.3,0.92,1.22,1.06,1.04,0.62,1.95,Randy Arozarena,668227,ST,228,37,1.69,-1.03
1.12,0.96,0.99,0.92,0.9,2.25,1.05,0.94,1.2,1.01,1.36,1.07,Randy Arozarena,668227,SV,23,2,1.42,-1.03
0.56,0.07,0.93,1.16,0.26,1.09,0.99,0.79,1.04,1.0,1.14,0.9,Luis Arraez,650333,CH,196,48,0.22,-0.7
0.53,0.08,0.85,1.42,0.06,0.96,1.13,0.98,0.97,0.96,1.0,0.96,Luis Arraez,650333,CU,147,31,0.14,-0.7
0.43,0.15,1.35,1.05,0.2,1.43,1.01,0.71,0.94,0.95,0.72,1.13,Luis Arraez,650333,FF,926,231,0.32,-0.7
0.77,0.72,0.86,0.97,0.48,1.81,0.95,0.92,1.05,1.0,1.88,0.81,Luis Arraez,650333,FS,72,18,1.29,-0.7
0.93,0.99,0.78,1.02,0.7,1.91,1.01,1.01,1.12,1.0,1.83,0.7,Luis Arraez,650333,KC,34,8,1.49,-0.7
0.42,0.17,1.06,1.04,0.24,1.12,1.06,0.72,0.96,0.96,1.1,1.08,Luis Arraez,650333,SI,433,125,0.25,-0.7
0.32,0.15,1.07,1.35,0.3,1.03,1.03,0.71,0.95,0.94,1.07,0.73,Luis Arraez,650333,SL,264,54,0.05,-0.7
0.54,0.06,1.01,1.13,0.31,1.81,1.06,0.77,0.98,1.01,0.96,0.93,Luis Arraez,650333,ST,126,31,0.37,-0.7
1.04,0.96,1.01,0.95,0.91,2.02,1.01,0.97,1.18,1.0,1.19,1.19,Luis Arraez,650333,SV,14,3,1.33,-0.7
0.89,0.77,1.36,0.91,1.2,3.83,0.93,0.9,1.0,0.97,0.74,1.54,Drew Avans,682183,FF,20,1,1.72,-0.23
0.94,1.17,0.96,0.93,0.8,2.08,0.92,0.95,1.07,1.0,1.51,0.82,Drew Avans,682183,FS,12,4,1.6,-0.23
0.85,1.1,0.68,1.1,1.73,3.47,1.1,1.09,1.0,0.98,2.93,0.47,Drew Avans,682183,SI,18,3,2.37,-0.23
1.09,1.01,0.98,1.14,0.73,2.31,0.98,1.01,1.04,1.02,0.93,1.09,Drew Avans,682183,SL,4,1,1.31,-0.23
1.19,1.03,1.29,0.99,0.84,2.22,1.04,1.03,1.07,1.04,0.61,1.68,Drew Avans,682183,ST,4,1,1.34,-0.23
1.12,1.08,0.82,1.21,0.82,2.06,0.95,1.08,1.05,1.02,1.54,0.73,Jose Azocar,640492,CH,34,10,1.5,-0.72
1.08,1.0,0.98,0.98,0.82,2.21,1.15,0.98,1.08,1.01,1.11,1.07,Jose Azocar,640492,CU,6,2,1.32,-0.72
0.88,0.76,1.48,0.9,1.22,4.69,1.01,0.88,1.03,0.98,0.63,1.59,Jose Azocar,640492,FF,112,11,1.93,-0.72
1.05,1.22,0.76,0.96,0.76,1.83,0.9,1.02,1.1,1.01,2.02,0.61,Jose Azocar,640492,FS,8,3,1.73,-0.72
0.94,1.07,0.88,0.91,0.74,1.9,1.07,0.95,1.11,0.98,1.62,0.78,Jose Azocar,640492,KC,5,2,1.45,-0.72
0.92,1.06,0.87,1.08,1.73,3.54,1.04,0.98,1.01,0.97,2.18,0.63,Jose Azocar,640492,SI,33,8,2.08,-0.72
1.0,0.97,0.93,1.11,0.75,2.26,1.0,1.02,1.04,1.01,1.0,1.1,Jose Azocar,640492,SL,51,10,1.31,-0.72
1.1,0.95,1.22,0.98,0.8,2.19,1.06,0.99,1.07,1.02,0.77,1.46,Jose Azocar,640492,ST,18,4,1.28,-0.72
1.23,1.05,0.91,1.01,1.0,2.22,1.03,1.06,1.21,1.02,1.07,1.09,Jose Azocar,640492,SV,4,1,1.45,-0.72
1.13,1.1,0.89,0.91,1.1,2.22,0.93,1.0,1.06,1.02,1.62,0.95,Akil Baddoo,668731,CH,52,4,1.67,-0.92
1.0,1.0,1.0,0.94,0.9,2.47,1.17,0.96,1.08,1.01,1.15,1.03,Akil Baddoo,668731,CU,17,2,1.42,-0.92
0.97,0.89,1.27,0.96,1.28,3.96,0.99,0.92,1.03,0.98,0.8,1.35,Akil Baddoo,668731,FF,93,18,1.79,-0.92
1.03,1.27,0.76,1.05,0.78,2.02,0.92,1.03,1.1,1.02,2.14,0.67,Akil Baddoo,668731,FS,30,4,1.8,-0.92
0.98,1.19,0.69,1.02,1.8,3.4,1.06,1.04,1.03,0.99,3.06,0.58,Akil Baddoo,668731,SI,34,7,2.42,-0.92
1.09,0.97,1.05,1.06,0.77,2.3,0.97,1.0,1.05,1.01,0.92,1.2,Akil Baddoo,668731,SL,44,5,1.34,-0.92
1.23,0.99,1.13,0.95,0.89,2.33,1.06,1.12,1.09,1.03,0.74,1.46,Akil Baddoo,668731,ST,16,2,1.5,-0.92
1.15,1.05,0.91,1.01,0.93,1.97,1.01,1.05,1.21,1.02,1.06,1.09,Akil Baddoo,668731,SV,3,1,1.37,-0.92
0.77,0.21,1.06,0.87,1.19,3.24,0.94,0.68,1.05,0.96,1.3,0.87,Harrison Bader,664056,CH,141,21,1.1,-0.7
1.04,0.96,0.93,1.03,0.89,2.21,1.09,0.95,1.06,0.99,1.34,1.1,Harrison Bader,664056,CU,104,21,1.3,-0.7
1.33,1.08,1.01,0.98,1.02,1.74,0.96,1.0,1.03,1.02,1.0,1.46,Harrison Bader,664056,FF,435,75,1.25,-0.7
1.13,1.54,0.76,1.11,0.84,2.14,0.92,1.08,1.1,1.01,1.98,0.73,Harrison Bader,664056,FS,33,9,1.94,-0.7
0.95,1.09,0.92,0.96,0.82,2.0,1.02,0.97,1.13,1.0,1.67,0.8,Harrison Bader,664056,KC,18,3,1.54,-0.7
0.94,1.27,1.31,1.11,0.45,0.92,0.98,0.97,1.05,0.96,0.63,1.1,Harrison Bader,664056,SI,328,74,1.01,-0.7
1.08,2.12,1.14,0.83,1.14,1.04,0.97,1.11,1.04,0.96,1.0,0.72,Harrison Bader,664056,SL,346,58,1.95,-0.7
1.1,1.37,1.49,0.96,1.16,3.34,1.02,1.15,1.08,1.0,0.55,1.59,Harrison Bader,664056,ST,101,17,2.12,-0.7
1.32,1.05,0.91,1.01,0.91,1.97,1.01,1.05,1.22,1.03,1.06,1.09,Harrison Bader,664056,SV,7,1,1.36,-0.7
1.12,1.1,0.98,0.95,0.82,1.96,0.94,1.01,1.04,1.0,1.19,0.88,Ji Hwan Bae,678225,CH,52,11,1.49,-1.44
1.04,1.1,1.01,1.01,0.84,2.12,1.13,0.98,1.08,1.01,1.09,1.1,Ji Hwan Bae,678225,CU,27,4,1.34,-1.44
0.84,0.84,1.46,0.81,1.32,4.31,0.98,0.86,1.02,0.97,0.68,1.42,Ji Hwan Bae,678225,FF,113,14,1.92,-1.44
1.04,1.31,0.74,1.04,0.83,2.04,0.91,1.02,1.1,1.02,2.27,0.53,Ji Hwan Bae,678225,FS,8,1,1.87,-1.44
0.97,1.11,0.82,0.94,0.72,1.96,1.04,1.0,1.14,1.0,1.76,0.78,Ji Hwan Bae,678225,KC,4,1,1.57,-1.44
1.07,1.68,0.94,0.91,1.92,2.58,1.11,1.05,1.03,0.98,1.38,0.64,Ji Hwan Bae,678225,SI,58,13,2.06,-1.44
1.08,1.31,0.97,1.06,0.8,2.34,0.97,1.1,1.05,1.02,0.99,0.99,Ji Hwan Bae,678225,SL,20,2,1.68,-1.44
1.28,1.46,1.17,1.14,0.81,2.13,1.01,1.1,1.09,1.04,0.73,1.56,Ji Hwan Bae,678225,ST,7,1,1.55,-1.44
0.72,0.89,1.22,0.46,1.07,3.65,1.08,0.86,1.03,0.96,0.33,1.21,Javier Baez,595879,CH,80,13,1.76,-0.67
1.1,0.85,1.11,1.27,1.13,3.96,1.32,1.04,1.06,1.02,0.7,1.42,Javier Baez,595879,CU,43,8,1.49,-0.67
0.98,0.56,1.01,1.26,1.23,1.49,1.06,1.07,1.01,1.01,0.89,0.84,Javier Baez,595879,FF,277,54,0.83,-0.67
1.08,1.38,0.77,1.16,0.91,2.32,0.93,1.09,1.1,1.02,2.18,0.63,Javier Baez,595879,FS,24,2,1.97,-0.67
1.04,1.32,0.98,0.81,0.81,2.05,1.11,0.94,1.12,1.0,1.64,0.7,Javier Baez,595879,KC,19,5,1.71,-0.67
0.84,0.5,1.32,0.73,0.71,1.55,0.94,0.79,1.0,0.99,-0.68,1.72,Javier Baez,595879,SI,145,41,0.38,-0.67
1.0,0.56,1.41,0.78,0.95,1.46,1.17,0.82,1.05,0.99,0.6,2.23,Javier Baez,595879,SL,212,43,0.65,-0.67
0.88,1.1,0.96,0.84,1.55,2.29,1.35,0.82,1.03,0.98,1.12,0.52,Javier Baez,595879,ST,166,24,1.25,-0.67
1.13,0.99,0.94,1.19,0.95,2.17,1.04,1.04,1.2,1.01,1.08,1.12,Javier Baez,595879,SV,9,3,1.27,-0.67
0.74,0.63,0.99,1.04,1.18,0.88,0.97,0.83,1.03,0.96,1.39,1.61,Patrick Bailey,672275,CH,289,44,0.6,0.0
0.76,0.7,1.21,0.64,0.84,1.95,1.15,0.83,1.06,0.98,0.6,1.34,Patrick Bailey,672275,CU,132,26,1.02,0.0
1.05,0.53,0.99,0.85,1.07,0.84,0.98,0.87,1.0,1.01,0.99,1.12,Patrick Bailey,672275,FF,614,101,0.63,0.0
0.86,0.86,0.9,0.78,0.93,2.88,0.95,0.86,1.07,0.99,1.41,0.79,Patrick Bailey,672275,FS,66,11,1.61,0.0
0.93,1.36,0.85,0.87,0.76,2.19,1.1,1.0,1.12,1.0,1.75,0.66,Patrick Bailey,672275,KC,36,11,1.81,0.0
1.25,1.62,1.18,0.99,1.18,2.89,0.95,1.0,1.23,1.02,1.17,0.89,Patrick Bailey,672275,KN,6,1,2.06,0.0
0.91,0.68,0.63,1.45,1.13,1.92,0.94,1.13,0.99,1.01,2.26,0.46,Patrick Bailey,672275,SI,199,38,1.35,0.0
1.24,0.69,0.89,1.1,1.17,3.68,1.11,1.05,1.02,0.99,0.93,0.69,Patrick Bailey,672275,SL,182,28,1.6,0.0
1.19,0.61,0.81,0.69,0.98,2.36,1.04,0.89,1.08,1.03,1.09,0.95,Patrick Bailey,672275,ST,80,12,1.22,0.0
1.17,1.08,0.79,1.17,0.88,1.9,0.93,1.08,1.06,1.02,1.52,0.88,Luken Baker,663609,CH,16,3,1.45,0.32
0.89,0.63,1.32,0.9,1.33,4.32,0.95,0.86,1.01,0.98,0.88,1.44,Luken Baker,663609,FF,69,6,1.78,0.32
0.97,1.28,0.79,1.02,1.74,2.74,1.02,0.9,1.04,1.01,3.07,0.59,Luken Baker,663609,SI,24,8,2.12,0.32
1.06,0.96,0.99,0.98,0.83,2.55,0.93,0.99,1.05,1.02,0.96,1.07,Luken Baker,663609,SL,45,6,1.47,0.32
1.28,1.38,1.09,1.23,0.84,2.16,1.03,1.11,1.09,1.03,0.77,1.35,Luken Baker,663609,ST,13,3,1.47,0.32
1.13,0.98,0.98,0.92,0.84,2.05,1.13,0.98,1.08,1.02,1.12,1.15,Luken Baker,663609,CU,7,2,1.3,0.32
1.04,1.58,0.82,0.94,0.73,1.81,1.05,1.03,1.14,1.01,1.88,0.63,Luken Baker,663609,KC,1,1,1.85,0.32
0.93,1.42,1.04,1.27,0.8,0.83,1.03,1.22,1.04,0.99,1.1,0.81,Brooks Baldwin,681460,CH,34,11,1.36,0.0
1.04,0.93,0.94,0.86,0.94,2.69,1.1,0.92,1.08,1.01,1.31,0.94,Brooks Baldwin,681460,CU,21,4,1.51,0.0
0.85,0.82,1.06,0.69,1.21,1.53,1.04,0.83,0.99,0.98,1.28,0.8,Brooks Baldwin,681460,FF,216,34,1.16,0.0
1.1,1.44,0.93,1.35,0.75,2.1,0.96,1.07,1.11,1.02,1.67,0.83,Brooks Baldwin,681460,FS,18,6,1.65,0.0
0.99,0.97,0.86,0.97,0.68,1.66,1.05,0.97,1.12,1.01,1.85,0.89,Brooks Baldwin,681460,KC,3,1,1.37,0.0
1.21,1.45,0.76,1.24,1.64,3.03,1.04,1.25,1.04,1.0,2.23,0.67,Brooks Baldwin,681460,SI,30,4,2.35,0.0
1.06,1.44,0.95,1.26,0.83,2.73,1.1,1.14,1.03,1.0,0.89,1.21,Brooks Baldwin,681460,SL,57,15,1.68,0.0
1.27,1.01,1.43,1.08,0.78,2.14,1.03,1.01,1.08,1.01,0.7,1.59,Brooks Baldwin,681460,ST,13,3,1.31,0.0
1.15,1.05,0.91,1.01,0.97,2.05,1.02,1.05,1.21,1.02,1.07,1.09,Brooks Baldwin,681460,SV,3,1,1.39,0.0
1.23,0.55,1.39,0.67,0.72,3.51,1.04,0.73,1.03,0.99,-0.01,1.86,Drake Baldwin,686948,CH,156,29,1.12,0.57
1.13,1.23,1.08,1.1,1.03,2.24,1.11,1.14,1.09,1.01,0.82,1.12,Drake Baldwin,686948,CU,111,19,1.55,0.57
1.21,1.37,1.65,1.22,0.98,0.82,1.09,1.08,1.02,1.03,0.47,2.57,Drake Baldwin,686948,FF,320,56,0.98,0.57
1.63,2.67,0.7,1.65,0.89,1.47,0.77,1.21,1.33,1.07,1.5,0.7,Drake Baldwin,686948,FO,2,1,2.03,0.57
1.22,1.31,0.87,0.77,0.64,1.66,0.92,1.06,1.1,1.03,1.6,0.63,Drake Baldwin,686948,FS,44,13,1.8,0.57
1.04,1.11,0.82,0.94,0.75,1.88,1.03,0.96,1.14,1.01,1.89,0.63,Drake Baldwin,686948,KC,15,1,1.55,0.57
0.97,0.24,1.22,1.19,0.49,0.87,0.98,0.83,1.03,1.01,-1.14,1.66,Drake Baldwin,686948,SI,302,64,-0.4,0.57
1.23,1.75,1.05,0.38,0.81,0.95,1.1,1.13,1.07,1.06,1.0,0.95,Drake Baldwin,686948,SL,194,36,1.93,0.57
1.55,2.1,0.93,1.55,0.79,2.05,0.95,1.39,1.09,1.06,0.9,1.31,Drake Baldwin,686948,ST,65,7,1.99,0.57
1.15,1.42,0.85,1.26,0.93,1.91,0.99,1.02,1.21,1.03,1.27,1.02,Drake Baldwin,686948,SV,13,3,1.39,0.57
1.14,1.36,1.04,1.01,0.74,1.74,0.94,1.0,1.05,1.03,0.9,1.12,Moises Ballesteros,694208,CH,32,10,1.41,0.0
1.01,1.01,1.01,0.95,0.82,2.12,1.1,0.97,1.06,1.01,1.09,1.07,Moises Ballesteros,694208,CU,8,1,1.33,0.0
0.89,0.72,1.4,0.99,1.15,3.73,0.99,0.96,1.01,0.98,0.63,1.8,Moises Ballesteros,694208,FF,24,3,1.62,0.0
0.94,0.94,1.1,0.92,0.72,2.07,0.97,0.93,1.02,1.01,0.81,1.27,Moises Ballesteros,694208,SL,7,3,1.23,0.0
1.75,1.94,0.94,0.73,0.86,0.97,1.03,1.37,1.07,1.07,1.02,0.69,Addison Barger,680718,CH,119,31,2.14,-1.43
1.08,0.66,1.18,0.75,1.02,2.83,0.97,0.8,1.06,0.99,0.64,1.19,Addison Barger,680718,CU,63,7,1.23,-1.43
1.03,0.97,0.98,1.08,0.97,1.0,1.02,0.95,1.07,1.01,0.95,1.32,Addison Barger,680718,FF,265,49,0.81,-1.43
1.22,2.44,0.75,0.89,0.86,2.02,0.95,1.41,1.11,1.03,1.9,0.5,Addison Barger,680718,FS,42,8,2.95,-1.43
1.35,2.08,0.86,1.31,1.31,1.46,1.1,1.18,1.07,1.05,0.89,1.67,Addison Barger,680718,SI,118,23,1.55,-1.43
1.77,1.2,0.88,1.01,1.13,1.28,1.06,1.11,1.06,1.06,0.91,1.51,Addison Barger,680718,SL,78,6,1.17,-1.43
1.51,1.54,1.19,0.72,0.91,2.75,1.02,1.22,1.09,1.05,0.73,1.16,Addison Barger,680718,ST,74,10,2.25,-1.43
0.94,1.0,0.82,0.99,0.68,2.0,0.99,0.96,1.12,0.99,1.79,0.85,Addison Barger,680718,KC,39,4,1.47,-1.43
1.13,1.03,0.91,1.06,0.79,1.81,0.96,1.04,1.05,1.01,1.13,1.01,Austin Barnes,605131,CH,31,14,1.31,-1.24
1.11,1.01,1.01,0.95,0.84,2.16,1.12,0.96,1.09,1.02,1.11,1.07,Austin Barnes,605131,CU,25,1,1.32,-1.24
0.71,0.43,1.31,0.93,1.12,2.49,0.94,0.85,1.02,0.96,0.74,1.28,Austin Barnes,605131,FF,211,32,1.06,-1.24
1.05,1.3,0.8,1.07,0.76,1.92,0.91,1.04,1.1,1.02,2.1,0.65,Austin Barnes,605131,FS,15,2,1.79,-1.24
1.0,1.08,0.89,1.03,0.74,1.82,1.05,0.98,1.13,1.0,1.72,0.78,Austin Barnes,605131,KC,3,1,1.44,-1.24
0.8,0.82,1.1,0.94,1.37,2.45,1.03,0.89,1.01,0.96,2.08,0.81,Austin Barnes,605131,SI,128,29,1.63,-1.24
1.0,0.83,1.13,1.01,0.85,2.6,0.95,0.93,1.03,0.99,0.75,1.18,Austin Barnes,605131,SL,89,12,1.29,-1.24
1.21,1.26,1.18,1.03,0.87,2.21,1.01,1.09,1.09,1.03,0.73,1.57,Austin Barnes,605131,ST,51,6,1.53,-1.24
1.15,1.05,0.91,1.17,0.93,1.97,1.01,1.06,1.21,1.02,1.08,1.02,Austin Barnes,605131,SV,3,1,1.29,-1.24
1.14,1.18,0.93,1.02,0.83,2.05,0.96,1.0,1.06,1.02,1.27,0.88,Tucker Barnhart,571466,CH,27,5,1.49,0.17
1.01,1.01,0.99,0.98,0.84,2.05,1.12,0.97,1.08,1.01,1.11,1.05,Tucker Barnhart,571466,CU,15,1,1.28,0.17
0.75,0.66,1.51,0.96,0.98,3.19,0.91,0.84,1.0,0.95,0.69,1.82,Tucker Barnhart,571466,FF,139,23,1.37,0.17
1.25,1.62,1.18,0.99,1.16,2.78,0.95,1.01,1.22,1.01,1.02,0.89,Tucker Barnhart,571466,KN,3,1,1.99,0.17
0.88,1.13,0.78,1.14,1.83,3.57,0.99,0.99,1.03,0.98,2.26,0.59,Tucker Barnhart,571466,SI,47,2,2.12,0.17
0.88,1.08,1.22,1.11,1.02,2.58,1.02,0.9,1.02,0.97,0.29,1.29,Tucker Barnhart,571466,SL,62,11,1.17,0.17
1.3,0.97,1.19,1.13,0.78,2.2,1.04,1.04,1.09,1.04,0.72,1.59,Tucker Barnhart,571466,ST,35,4,1.23,0.17
1.15,1.05,0.91,1.01,1.0,2.05,1.0,1.01,1.21,1.02,1.17,0.89,Tucker Barnhart,571466,SV,9,1,1.39,0.17
1.12,1.18,0.79,1.14,0.74,2.11,0.97,1.05,1.04,1.03,1.52,0.66,Jose Barrero,676480,CH,14,2,1.55,-0.29
1.01,1.01,1.01,0.95,0.91,2.2,1.14,0.97,1.06,1.01,1.01,1.07,Jose Barrero,676480,CU,7,1,1.32,-0.29
0.86,0.96,1.26,0.76,1.13,3.82,1.02,0.9,1.0,0.95,0.9,1.1,Jose Barrero,676480,FF,31,6,1.93,-0.29
0.98,1.1,0.83,0.95,1.75,3.47,1.0,0.98,1.02,0.99,2.3,0.68,Jose Barrero,676480,SI,25,3,2.2,-0.29
0.87,0.87,0.84,0.85,0.79,2.2,1.02,0.86,1.01,1.0,1.37,0.81,Jose Barrero,676480,SL,24,5,1.29,-0.29
1.23,0.99,1.13,1.11,0.83,2.41,1.03,1.07,1.07,1.04,0.73,1.35,Jose Barrero,676480,ST,17,2,1.37,-0.29
1.13,1.11,0.9,1.21,0.88,2.25,0.96,1.01,1.05,1.02,1.28,0.88,Jorge Barrosa,678489,CH,5,2,1.4,0.0
1.09,0.95,0.95,0.88,0.79,1.89,1.16,0.95,1.08,1.01,1.31,1.16,Jorge Barrosa,678489,CU,4,3,1.25,0.0
0.87,0.51,1.39,0.99,0.96,3.35,0.99,0.81,0.99,0.93,0.65,0.98,Jorge Barrosa,678489,FF,15,2,1.28,0.0
0.98,1.12,0.66,1.0,1.72,3.12,1.03,0.96,1.02,1.0,3.18,0.48,Jorge Barrosa,678489,SI,15,5,2.25,0.0
1.01,0.95,1.01,0.93,0.84,2.64,0.99,0.96,1.04,1.01,0.95,1.08,Jorge Barrosa,678489,SL,5,1,1.47,0.0
1.31,0.89,0.81,1.43,0.91,2.28,0.94,1.08,1.04,1.02,1.44,0.71,Joey Bart,663698,CH,76,15,1.29,-0.66
1.03,1.04,0.89,0.99,0.91,2.68,1.01,0.98,1.08,1.01,1.33,0.83,Joey Bart,663698,CU,58,8,1.6,-0.66
1.04,1.27,1.18,1.13,1.02,0.73,0.85,1.12,1.04,1.0,0.7,1.51,Joey Bart,663698,FF,310,41,1.13,-0.66
1.08,1.24,0.85,1.06,0.83,2.26,0.89,1.03,1.1,1.02,1.79,0.7,Joey Bart,663698,FS,27,4,1.78,-0.66
1.03,1.1,0.84,1.04,0.78,2.04,1.0,1.01,1.14,1.01,1.75,0.75,Joey Bart,663698,KC,16,2,1.56,-0.66
0.97,1.87,1.3,0.95,1.3,0.96,0.78,0.99,1.06,0.98,0.66,1.31,Joey Bart,663698,SI,248,41,1.54,-0.66
0.96,0.84,1.56,0.75,1.07,1.15,1.0,0.89,1.04,0.99,0.19,2.01,Joey Bart,663698,SL,196,35,0.84,-0.66
0.79,0.51,1.35,0.7,0.93,2.75,0.96,0.85,1.03,0.98,0.68,1.15,Joey Bart,663698,ST,84,15,1.33,-0.66
1.23,1.05,0.91,1.01,0.94,2.05,1.02,1.05,1.21,1.03,1.05,1.09,Joey Bart,663698,SV,7,1,1.38,-0.66
1.09,0.98,0.73,1.12,0.81,1.78,0.96,1.02,1.05,1.0,2.12,0.7,Samuel Basallo,694212,CH,24,7,1.47,-0.14
1.16,1.01,0.92,0.95,0.8,2.03,1.13,1.01,1.07,1.02,1.12,1.07,Samuel Basallo,694212,CU,7,1,1.32,-0.14
0.84,0.82,1.56,0.88,1.01,3.66,1.1,0.86,1.02,0.98,0.72,1.71,Samuel Basallo,694212,FF,28,11,1.63,-0.14
0.98,1.1,0.76,1.1,1.89,3.33,1.03,1.05,1.02,0.99,2.67,0.51,Samuel Basallo,694212,SI,15,3,2.24,-0.14
1.05,0.97,1.04,0.95,0.89,2.43,0.97,1.0,1.03,1.02,0.85,1.26,Samuel Basallo,694212,SL,18,2,1.42,-0.14
1.28,1.03,1.29,0.99,0.75,2.31,1.05,1.03,1.07,1.03,0.62,1.68,Samuel Basallo,694212,ST,13,1,1.36,-0.14
1.22,2.21,1.04,0.99,0.94,2.43,0.97,1.15,1.08,1.03,0.23,1.84,Brett Baty,683146,CH,74,19,1.99,-0.5
0.93,1.13,1.19,0.9,0.98,2.69,1.03,0.99,1.08,1.02,0.54,1.38,Brett Baty,683146,CU,51,5,1.53,-0.5
1.21,1.17,1.36,0.96,1.23,0.66,1.06,1.07,1.06,1.01,0.67,1.38,Brett Baty,683146,FF,198,32,1.07,-0.5
1.01,0.91,1.1,0.75,0.77,2.3,0.92,0.92,1.11,1.03,0.8,1.04,Brett Baty,683146,FS,33,4,1.42,-0.5
0.93,0.99,0.96,0.89,0.75,2.19,1.06,0.89,1.12,0.99,1.42,1.0,Brett Baty,683146,KC,17,3,1.38,-0.5
1.27,2.73,0.84,1.17,1.6,2.3,1.01,1.47,1.05,1.05,1.38,0.9,Brett Baty,683146,SI,91,16,2.89,-0.5
0.94,1.03,1.26,1.34,0.77,2.61,0.91,0.97,1.03,0.96,0.45,1.33,Brett Baty,683146,SL,107,13,1.2,-0.5
1.23,1.02,1.57,0.78,0.87,2.19,0.97,0.88,1.05,1.01,0.56,2.46,Brett Baty,683146,ST,40,6,1.29,-0.5
1.15,1.05,1.0,1.01,0.92,2.05,0.98,1.03,1.2,1.01,1.06,1.09,Brett Baty,683146,SV,10,1,1.41,-0.5
1.23,0.78,0.81,1.28,0.82,2.12,0.84,1.02,1.06,1.02,1.42,0.91,Jake Bauers,641343,CH,199,21,1.22,0.6
1.14,1.16,0.92,0.8,0.89,2.29,1.06,0.96,1.07,1.0,1.29,0.82,Jake Bauers,641343,CU,107,15,1.61,0.6
0.97,1.37,1.36,0.58,1.15,0.64,0.88,1.11,1.01,0.98,0.98,0.91,Jake Bauers,641343,FF,539,58,1.7,0.6
1.13,1.29,0.73,1.04,0.89,2.3,0.88,1.05,1.1,1.02,2.44,0.54,Jake Bauers,641343,FS,57,5,2.03,0.6
0.94,0.91,0.68,1.22,0.9,2.26,1.05,0.9,1.11,1.0,2.15,0.47,Jake Bauers,641343,KC,47,6,1.34,0.6
0.9,1.7,0.81,1.07,1.64,2.14,0.95,1.1,1.02,1.0,2.68,0.68,Jake Bauers,641343,SI,165,25,2.31,0.6
1.16,0.99,1.03,1.16,0.98,2.88,1.0,0.96,1.04,1.01,1.03,1.24,Jake Bauers,641343,SL,178,19,1.42,0.6
1.43,1.0,1.03,1.09,0.96,2.49,1.08,0.99,1.08,1.03,0.96,1.13,Jake Bauers,641343,ST,81,14,1.33,0.6
1.15,1.05,1.0,1.01,0.97,2.05,1.02,1.02,1.2,1.01,1.06,1.09,Jake Bauers,641343,SV,3,1,1.38,0.6
1.18,1.49,0.81,0.96,0.86,2.02,0.91,1.09,1.04,1.01,1.69,0.72,Dylan Beavers,687637,CH,32,7,1.93,-0.8
0.96,0.93,1.34,1.15,0.85,3.07,0.87,1.09,1.01,0.98,0.62,1.69,Dylan Beavers,687637,FF,72,7,1.63,-0.8
0.91,1.1,0.76,1.1,1.84,3.18,0.98,1.01,1.02,0.99,2.68,0.51,Dylan Beavers,687637,SI,20,3,2.17,-0.8
1.05,0.97,0.94,0.95,0.77,2.24,0.99,0.98,1.03,1.02,1.04,1.17,Dylan Beavers,687637,SL,10,2,1.36,-0.8
0.8,2.46,1.01,0.78,1.07,2.04,1.04,1.23,1.04,0.93,0.81,0.66,Jordan Beck,687597,CH,41,7,2.52,-1.14
0.93,0.61,1.34,0.83,1.1,3.44,1.09,0.89,1.06,0.97,0.58,2.44,Jordan Beck,687597,CU,43,3,1.33,-1.14
1.11,1.36,0.59,1.5,1.38,1.46,0.97,1.28,1.05,1.02,1.17,0.84,Jordan Beck,687597,FF,196,21,1.33,-1.14
1.0,1.25,0.84,0.96,0.79,1.88,0.9,0.99,1.09,1.0,1.92,0.65,Jordan Beck,687597,FS,18,5,1.72,-1.14
0.96,1.1,0.81,0.85,0.76,2.14,1.02,0.97,1.12,0.99,1.76,0.57,Jordan Beck,687597,KC,8,3,1.67,-1.14
1.25,1.62,1.07,1.14,1.14,2.89,0.96,1.06,1.23,1.02,1.29,0.83,Jordan Beck,687597,KN,2,1,2.04,-1.14
0.94,0.72,1.22,1.13,0.97,0.98,0.92,0.98,1.02,1.0,-0.22,2.14,Jordan Beck,687597,SI,116,27,0.38,-1.14
0.71,0.73,1.07,1.15,1.13,1.52,1.02,0.9,1.05,0.95,1.08,0.94,Jordan Beck,687597,SL,155,23,0.86,-1.14
1.04,1.44,0.68,0.82,1.25,2.96,1.11,1.17,1.05,1.03,1.17,0.64,Jordan Beck,687597,ST,34,10,2.12,-1.14
1.18,1.39,0.98,0.98,1.05,2.48,1.05,1.14,1.21,1.02,1.07,0.97,Jordan Beck,687597,SV,4,1,1.86,-1.14
1.63,2.67,0.77,1.43,1.01,1.71,0.79,1.17,1.31,1.06,1.42,0.75,Jordan Beck,687597,FO,7,1,2.18,-1.14
0.73,0.75,1.15,0.54,1.21,1.12,0.87,0.88,1.06,0.95,0.62,0.95,Josh Bell,605137,CH,407,74,1.07,0.0
0.9,1.34,1.02,0.79,1.17,2.97,1.17,0.95,1.1,1.0,1.33,1.01,Josh Bell,605137,CU,129,23,1.9,0.0
1.23,1.16,1.54,0.99,0.78,1.01,1.04,0.98,1.05,1.02,0.5,2.07,Josh Bell,605137,FF,734,146,0.98,0.0
1.06,0.56,0.93,1.06,0.57,2.44,0.91,0.97,1.1,1.0,0.59,1.28,Josh Bell,605137,FS,95,17,1.01,0.0
1.04,1.75,0.93,1.09,0.79,2.02,1.03,1.08,1.14,1.0,1.39,0.87,Josh Bell,605137,KC,27,2,1.85,0.0
1.35,1.62,1.07,1.14,1.14,2.78,0.95,1.08,1.23,1.02,1.27,0.83,Josh Bell,605137,KN,4,1,2.03,0.0
1.14,1.26,0.85,0.88,1.11,0.9,0.84,1.0,1.02,1.02,1.57,0.7,Josh Bell,605137,SI,285,62,1.4,0.0
1.57,2.01,1.06,0.62,1.02,0.93,1.05,1.0,1.07,1.06,1.02,1.14,Josh Bell,605137,SL,232,42,1.72,0.0
1.33,1.35,1.01,0.88,0.65,2.07,1.07,1.08,1.08,1.02,1.01,0.64,Josh Bell,605137,ST,99,12,1.71,0.0
1.52,2.67,0.77,1.43,0.91,1.65,0.77,1.17,1.32,1.07,1.41,0.75,Josh Bell,605137,FO,7,1,2.17,0.0
1.23,1.5,0.91,1.01,0.96,2.14,1.01,1.2,1.22,1.03,1.12,0.89,Josh Bell,605137,SV,7,1,1.89,0.0
0.68,0.14,1.09,0.74,0.55,1.27,0.87,0.76,1.05,0.96,1.14,0.75,Cody Bellinger,641355,CH,214,45,0.66,-0.64
1.27,0.29,0.79,0.78,0.78,3.12,1.24,0.89,1.03,1.03,1.2,0.74,Cody Bellinger,641355,CU,163,22,1.19,-0.64
0.86,1.22,0.77,0.83,0.82,1.02,1.07,0.97,1.01,0.99,1.22,0.52,Cody Bellinger,641355,FF,660,146,1.21,-0.64
0.82,0.32,1.04,1.15,0.63,2.56,1.0,0.83,1.07,0.96,1.06,1.1,Cody Bellinger,641355,FS,93,19,0.84,-0.64
1.06,1.07,0.98,0.87,0.79,2.4,1.07,0.94,1.13,1.0,1.39,0.95,Cody Bellinger,641355,KC,41,9,1.56,-0.64
0.98,0.6,0.67,1.52,0.78,1.08,1.01,1.03,1.0,1.01,2.52,0.52,Cody Bellinger,641355,SI,323,75,0.92,-0.64
1.15,1.1,0.55,0.72,0.79,0.99,1.06,0.87,1.01,1.02,1.75,0.43,Cody Bellinger,641355,SL,252,42,1.15,-0.64
1.06,0.69,1.25,1.43,0.48,1.79,0.93,1.0,1.05,1.01,0.92,2.06,Cody Bellinger,641355,ST,131,26,0.8,-0.64
1.19,1.01,0.88,1.14,0.93,2.07,1.01,1.08,1.21,1.02,1.16,0.88,Cody Bellinger,641355,SV,11,2,1.37,-0.64
0.73,1.05,0.87,1.08,0.73,1.06,0.98,0.95,1.01,0.97,1.91,0.54,Andrew Benintendi,643217,CH,238,54,1.23,-0.62
0.74,0.74,0.83,1.05,0.75,1.79,1.08,0.95,1.07,0.98,1.6,0.8,Andrew Benintendi,643217,CU,124,34,1.14,-0.62
0.96,1.46,0.74,0.77,0.94,0.91,1.05,0.93,1.0,1.0,1.33,0.61,Andrew Benintendi,643217,FF,687,116,1.3,-0.62
1.15,1.09,0.89,0.93,0.73,1.81,0.91,0.87,1.08,1.01,1.71,0.78,Andrew Benintendi,643217,FS,89,19,1.4,-0.62
0.99,0.99,0.89,0.88,0.68,1.95,1.01,0.98,1.12,0.99,1.42,0.84,Andrew Benintendi,643217,KC,12,4,1.45,-0.62
0.75,1.14,0.86,0.96,0.59,0.96,1.03,0.97,0.99,0.98,2.1,0.67,Andrew Benintendi,643217,SI,289,56,1.37,-0.62
1.03,1.21,0.9,1.14,1.14,1.05,1.17,1.01,1.02,1.0,1.11,0.86,Andrew Benintendi,643217,SL,244,49,1.0,-0.62
1.0,0.94,1.04,0.99,0.95,2.21,1.0,1.02,1.06,1.0,0.97,1.37,Andrew Benintendi,643217,ST,102,21,1.36,-0.62
1.26,1.54,0.9,1.25,1.09,2.12,0.98,1.23,1.05,1.02,1.08,0.85,Will Benson,666181,CH,174,13,1.79,-0.09
1.0,1.22,0.77,1.21,1.06,2.42,1.09,1.1,1.08,1.02,1.36,0.98,Will Benson,666181,CU,132,15,1.56,-0.09
1.19,1.38,0.75,0.87,1.43,0.71,1.18,1.08,1.02,1.03,1.22,0.58,Will Benson,666181,FF,552,77,1.25,-0.09
1.07,1.16,0.93,0.82,0.9,2.17,0.92,1.0,1.1,1.01,1.52,0.88,Will Benson,666181,FS,73,11,1.75,-0.09
1.03,1.07,0.82,1.05,0.81,1.87,1.02,1.02,1.13,1.01,1.74,0.78,Will Benson,666181,KC,46,2,1.48,-0.09
0.95,1.1,0.89,1.37,1.88,2.37,1.06,1.09,1.03,0.99,1.83,0.81,Will Benson,666181,SI,215,38,1.58,-0.09
1.2,1.76,0.81,1.22,1.17,3.03,1.0,1.21,1.05,1.03,1.04,0.89,Will Benson,666181,SL,191,9,2.13,-0.09
1.25,1.17,1.31,1.05,1.03,2.67,1.02,1.08,1.08,1.02,0.63,1.58,Will Benson,666181,ST,112,12,1.61,-0.09
1.06,0.77,0.99,0.79,0.84,2.43,1.01,0.87,1.02,1.01,1.41,1.15,Warming Bernabel,682653,CH,52,12,1.39,-1.75
0.95,0.95,1.13,0.88,0.81,1.89,1.08,0.93,1.05,0.97,0.74,1.24,Warming Bernabel,682653,CU,20,3,1.15,-1.75
0.9,0.42,0.86,1.55,0.51,3.16,1.1,1.02,0.97,0.97,0.9,1.04,Warming Bernabel,682653,FF,107,26,0.93,-1.75
1.04,1.11,0.82,0.94,0.79,1.88,1.06,1.0,1.14,1.01,1.74,0.78,Warming Bernabel,682653,KC,8,1,1.53,-1.75
1.07,0.53,0.98,0.61,1.41,4.29,1.17,0.73,1.03,1.0,1.72,0.65,Warming Bernabel,682653,SI,82,17,1.84,-1.75
0.88,1.08,0.93,1.42,0.7,2.3,0.98,1.1,1.02,0.99,1.08,1.02,Warming Bernabel,682653,SL,45,11,1.33,-1.75
1.2,0.82,1.04,1.24,0.84,2.41,1.12,1.01,1.08,1.01,0.93,1.44,Warming Bernabel,682653,ST,34,7,1.1,-1.75
1.15,1.05,1.0,1.01,0.93,1.97,1.01,1.03,1.21,1.02,1.03,1.09,Warming Bernabel,682653,SV,2,1,1.36,-1.75
1.06,0.95,1.12,0.97,0.77,1.86,0.94,0.93,1.03,1.01,0.71,1.17,Jon Berti,542932,CH,20,5,1.14,-0.39
0.82,0.42,1.3,0.94,1.32,1.64,1.07,0.89,1.03,0.98,0.47,3.07,Jon Berti,542932,FF,136,24,0.51,-0.39
0.8,0.55,1.12,1.13,1.59,2.69,1.04,0.94,1.04,0.96,0.96,1.28,Jon Berti,542932,SI,34,10,1.13,-0.39
0.89,0.81,0.99,1.14,0.72,2.19,0.99,0.96,1.04,1.0,0.87,1.06,Jon Berti,542932,SL,32,7,1.1,-0.39
1.06,1.33,1.1,1.0,0.76,2.17,1.07,0.99,1.08,1.02,0.97,1.25,Jon Berti,542932,CU,22,4,1.5,-0.39
0.97,1.11,0.82,0.94,0.75,1.88,1.02,0.95,1.13,1.0,1.86,0.63,Jon Berti,542932,KC,8,1,1.53,-0.39
1.24,0.85,1.43,0.82,0.84,2.03,0.98,1.03,1.09,1.03,0.46,2.44,Jon Berti,542932,ST,30,6,1.25,-0.39
1.08,1.15,0.81,0.84,0.9,1.06,1.0,0.79,1.0,1.02,2.16,0.61,Mookie Betts,605141,CH,165,36,1.24,-0.56
0.94,0.97,0.85,0.9,0.8,1.94,1.06,0.91,1.04,1.01,1.42,0.52,Mookie Betts,605141,CU,109,17,1.33,-0.56
0.73,0.41,0.78,1.39,0.35,0.81,0.75,0.94,0.98,0.98,0.99,0.69,Mookie Betts,605141,FF,722,130,0.38,-0.56
1.1,1.38,0.66,1.01,0.77,2.21,0.89,1.16,1.1,1.02,2.51,0.51,Mookie Betts,605141,FS,55,13,2.22,-0.56
1.0,0.85,0.85,0.92,0.65,1.82,1.08,0.91,1.12,0.98,1.69,0.84,Mookie Betts,605141,KC,30,4,1.25,-0.56
1.35,1.62,1.07,0.99,1.24,2.78,0.94,1.03,1.24,1.03,1.22,0.89,Mookie Betts,605141,KN,8,1,2.04,-0.56
0.96,0.58,0.84,1.0,0.35,0.83,0.87,0.97,0.99,1.02,2.21,0.82,Mookie Betts,605141,SI,361,78,1.08,-0.56
0.71,0.86,0.75,0.71,0.75,0.95,0.91,0.76,1.01,1.0,1.52,0.8,Mookie Betts,605141,SL,297,62,0.92,-0.56
0.97,0.4,0.38,0.87,0.71,1.14,0.98,0.8,1.02,1.02,1.45,0.39,Mookie Betts,605141,ST,157,28,0.54,-0.56
1.23,1.05,0.91,1.14,0.92,2.05,1.0,1.04,1.21,1.02,1.1,0.99,Mookie Betts,605141,SV,4,1,1.32,-0.56
1.43,1.74,0.77,1.51,0.9,1.41,1.22,1.23,1.08,1.04,1.89,0.73,Bo Bichette,666182,CH,57,12,1.61,-0.84
1.17,1.0,0.55,0.83,0.96,2.13,1.14,1.15,1.1,1.04,1.48,0.72,Bo Bichette,666182,CU,45,7,1.62,-0.84
1.26,0.74,1.41,1.14,0.72,0.99,1.05,0.97,1.03,1.02,0.38,2.5,Bo Bichette,666182,FF,340,62,0.51,-0.84
1.08,1.38,0.84,1.14,0.72,1.95,0.93,1.08,1.1,1.0,1.59,0.7,Bo Bichette,666182,FS,21,2,1.7,-0.84
0.99,1.61,0.88,0.95,0.78,2.53,1.06,1.04,1.12,0.99,1.68,0.66,Bo Bichette,666182,KC,19,4,2.06,-0.84
1.12,0.58,1.21,1.41,0.74,1.27,1.07,1.02,1.04,1.02,-0.37,2.59,Bo Bichette,666182,SI,256,57,0.11,-0.84
1.02,0.83,1.12,1.36,0.7,1.24,1.2,1.03,1.07,1.02,0.66,2.02,Bo Bichette,666182,SL,225,56,0.56,-0.84
0.97,1.31,0.93,0.83,0.77,1.7,1.21,1.11,1.06,1.01,0.85,0.61,Bo Bichette,666182,ST,105,24,1.53,-0.84
1.21,1.05,0.98,1.01,0.97,2.14,1.02,1.04,1.21,1.02,1.07,1.05,Bo Bichette,666182,SV,8,1,1.43,-0.84
1.02,1.01,0.86,1.03,1.02,2.52,0.89,0.95,1.04,1.01,1.64,0.66,Cavan Biggio,624415,CH,97,12,1.62,-0.12
1.03,0.97,0.9,1.06,0.92,2.24,1.05,0.98,1.08,1.01,1.29,0.91,Cavan Biggio,624415,CU,61,3,1.35,-0.12
0.88,0.63,0.98,1.17,0.78,1.25,0.89,0.88,0.97,0.98,1.13,0.94,Cavan Biggio,624415,FF,326,51,0.71,-0.12
1.25,1.62,1.07,0.99,1.17,3.01,0.94,1.0,1.23,1.03,1.34,0.72,Cavan Biggio,624415,KN,11,1,2.13,-0.12
0.82,0.84,0.73,1.11,1.49,2.78,0.95,0.95,1.01,0.98,3.1,0.54,Cavan Biggio,624415,SI,118,20,1.95,-0.12
1.02,0.89,0.89,1.06,0.8,2.25,0.87,1.03,1.03,1.0,1.08,0.85,Cavan Biggio,624415,SL,131,12,1.4,-0.12
1.14,1.08,1.24,1.01,0.83,2.06,0.97,1.0,1.08,1.02,0.73,1.46,Cavan Biggio,624415,ST,62,5,1.34,-0.12
0.94,1.17,0.74,0.93,0.78,1.92,0.9,1.01,1.07,1.0,2.22,0.44,Cavan Biggio,624415,FS,20,4,1.82,-0.12
1.12,1.18,0.87,0.98,0.89,2.36,0.88,0.99,1.05,1.01,1.67,0.82,Tyler Black,672012,CH,32,2,1.74,0.19
0.97,0.97,1.04,0.91,0.81,1.96,1.14,0.92,1.07,1.0,1.01,1.1,Tyler Black,672012,CU,16,3,1.19,0.19
0.77,0.51,1.29,1.02,0.92,2.72,0.97,0.85,1.0,0.97,0.76,0.99,Tyler Black,672012,FF,82,11,1.13,0.19
1.12,1.31,0.76,1.17,0.77,1.98,0.91,1.06,1.11,1.02,2.18,0.62,Tyler Black,672012,FS,10,1,1.79,0.19
0.97,1.11,0.91,0.94,0.73,1.88,1.02,0.98,1.13,1.0,1.73,0.78,Tyler Black,672012,KC,5,1,1.55,0.19
0.93,1.12,0.76,1.17,1.92,3.31,1.04,1.03,1.04,0.99,2.8,0.56,Tyler Black,672012,SI,25,3,2.2,0.19
0.98,0.95,1.07,1.05,0.76,2.37,0.96,0.96,1.04,1.0,0.97,1.0,Tyler Black,672012,SL,15,4,1.35,0.19
1.32,0.99,1.13,1.11,0.82,2.33,1.04,1.04,1.09,1.04,0.79,1.35,Tyler Black,672012,ST,17,2,1.32,0.19
0.83,0.59,0.62,0.78,1.52,0.78,1.0,0.69,1.0,0.98,3.01,0.57,JJ Bleday,668709,CH,373,64,0.97,-0.09
1.02,0.77,0.9,0.88,0.9,2.14,0.97,0.94,1.04,0.99,1.36,0.81,JJ Bleday,668709,CU,200,20,1.34,-0.09
1.08,0.88,0.86,0.9,0.59,1.0,0.89,0.85,1.02,1.0,1.19,1.1,JJ Bleday,668709,FF,756,160,0.85,-0.09
0.8,0.87,0.97,0.77,1.09,2.38,0.92,0.84,1.07,0.98,1.31,0.81,JJ Bleday,668709,FS,112,16,1.44,-0.09
0.97,0.94,0.93,0.96,0.74,1.83,1.03,0.93,1.12,1.0,1.76,0.84,JJ Bleday,668709,KC,46,12,1.37,-0.09
1.16,1.14,0.82,0.81,1.11,1.22,0.98,1.0,0.99,1.02,2.43,0.41,JJ Bleday,668709,SI,282,65,1.7,-0.09
1.03,1.42,0.8,1.03,1.06,2.12,0.91,1.2,1.02,1.0,1.32,0.67,JJ Bleday,668709,SL,378,56,1.93,-0.09
0.92,0.86,1.08,1.02,0.96,2.17,0.92,0.97,1.07,1.01,0.81,0.96,JJ Bleday,668709,ST,138,15,1.26,-0.09
1.23,1.5,0.91,1.17,0.92,1.97,1.01,1.09,1.22,1.03,1.1,1.02,JJ Bleday,668709,SV,5,1,1.56,-0.09
1.15,1.13,0.91,0.96,0.92,1.95,0.96,1.03,1.06,1.02,1.35,0.9,Ryan Bliss,669208,CH,33,5,1.53,-1.95
1.09,1.44,0.92,1.07,0.89,2.1,1.15,1.04,1.09,1.02,1.23,0.96,Ryan Bliss,669208,CU,10,1,1.56,-1.95
0.91,0.79,1.43,1.04,1.39,3.55,0.95,0.96,1.02,0.97,0.69,1.76,Ryan Bliss,669208,FF,82,9,1.62,-1.95
0.97,1.38,0.76,0.96,1.91,3.45,1.03,1.04,1.03,0.99,2.77,0.5,Ryan Bliss,669208,SI,49,8,2.53,-1.95
1.04,1.1,1.02,1.04,0.74,2.0,0.94,1.04,1.04,1.01,0.76,1.25,Ryan Bliss,669208,SL,49,12,1.33,-1.95
1.15,1.05,1.19,0.99,0.81,2.14,1.01,1.02,1.08,1.02,0.67,1.57,Ryan Bliss,669208,ST,11,2,1.32,-1.95
1.11,1.01,0.88,0.97,0.96,1.98,1.03,0.98,1.2,1.02,1.22,0.88,Ryan Bliss,669208,SV,4,2,1.33,-1.95
1.18,1.31,1.15,0.66,1.21,1.06,0.92,0.94,1.05,0.99,1.38,1.11,Xander Bogaerts,593428,CH,145,27,1.51,-0.78
0.96,0.77,0.96,1.27,0.71,1.96,0.93,1.02,1.05,1.0,0.88,1.03,Xander Bogaerts,593428,CU,111,17,1.02,-0.78
1.01,0.73,0.91,0.87,0.57,0.89,0.9,0.93,1.03,1.01,0.9,1.42,Xander Bogaerts,593428,FF,482,106,0.76,-0.78
1.52,2.67,0.7,1.65,0.89,1.53,0.77,1.25,1.31,1.06,1.51,0.7,Xander Bogaerts,593428,FO,1,1,2.11,-0.78
1.11,2.04,0.75,0.89,0.84,2.2,0.9,1.13,1.1,1.03,2.01,0.57,Xander Bogaerts,593428,FS,43,7,2.46,-0.78
1.0,1.04,0.85,1.02,0.8,2.16,0.98,0.96,1.12,0.99,1.81,0.68,Xander Bogaerts,593428,KC,43,3,1.55,-0.78
0.85,0.65,1.1,1.23,0.81,1.01,0.9,0.92,1.04,0.98,-0.07,1.97,Xander Bogaerts,593428,SI,375,68,0.24,-0.78
0.82,0.85,0.99,1.27,0.93,0.86,0.81,1.08,1.02,1.0,0.73,0.71,Xander Bogaerts,593428,SL,307,59,0.86,-0.78
0.45,0.08,1.36,0.94,0.8,1.15,0.98,0.7,1.04,0.96,0.96,1.4,Xander Bogaerts,593428,ST,141,32,0.32,-0.78
1.11,1.01,0.88,1.29,0.92,1.9,1.01,1.12,1.2,1.02,1.1,1.02,Xander Bogaerts,593428,SV,5,2,1.25,-0.78
1.21,0.71,1.03,0.9,0.73,1.67,0.99,0.95,1.03,1.02,0.68,1.09,Alec Bohm,664761,CH,168,39,0.97,-0.86
1.12,0.83,1.05,0.62,0.75,2.17,1.12,0.9,1.06,1.02,0.49,1.31,Alec Bohm,664761,CU,102,20,1.17,-0.86
1.01,0.65,1.33,1.34,0.55,0.82,1.04,0.98,1.02,1.0,0.64,2.17,Alec Bohm,664761,FF,665,127,0.4,-0.86
1.12,1.12,0.83,1.01,0.73,1.87,0.91,1.0,1.1,1.02,2.25,0.69,Alec Bohm,664761,FS,26,6,1.71,-0.86
1.1,0.84,1.05,0.86,0.63,1.8,1.01,0.92,1.12,1.01,1.08,1.02,Alec Bohm,664761,KC,14,2,1.19,-0.86
1.1,1.13,1.08,1.15,0.45,1.0,1.03,1.0,1.02,1.01,0.32,1.65,Alec Bohm,664761,SI,434,118,0.72,-0.86
1.0,0.98,1.34,0.88,0.8,0.94,1.02,1.01,1.01,1.03,0.34,1.45,Alec Bohm,664761,SL,344,82,0.94,-0.86
1.02,0.98,0.75,1.23,0.65,1.94,0.98,1.06,1.07,1.02,1.02,0.82,Alec Bohm,664761,ST,175,38,1.17,-0.86
1.35,1.62,1.18,0.99,1.16,2.78,0.92,1.02,1.24,1.03,1.2,0.89,Alec Bohm,664761,KN,8,1,2.07,-0.86
1.15,0.97,0.94,1.08,0.88,2.08,0.98,0.98,1.06,1.03,1.38,0.79,Sean Bouchard,656248,CH,29,8,1.37,-0.84
0.91,0.91,1.01,1.0,0.93,1.99,1.09,0.96,1.07,1.0,0.96,1.0,Sean Bouchard,656248,CU,34,4,1.17,-0.84
0.74,0.57,1.22,0.75,1.31,2.76,0.92,0.8,1.0,0.96,1.02,1.08,Sean Bouchard,656248,FF,148,17,1.34,-0.84
1.04,1.31,0.74,1.04,0.82,2.04,0.89,1.05,1.1,1.02,2.13,0.65,Sean Bouchard,656248,FS,14,1,1.86,-0.84
1.35,1.62,1.07,1.14,1.2,2.89,0.95,1.03,1.23,1.03,1.28,0.83,Sean Bouchard,656248,KN,4,1,2.0,-0.84
0.86,1.05,0.76,1.08,1.7,3.33,0.96,0.97,1.02,0.99,2.84,0.58,Sean Bouchard,656248,SI,69,10,2.2,-0.84
1.17,0.65,1.12,0.92,0.91,2.48,0.98,0.93,1.03,1.01,0.87,1.11,Sean Bouchard,656248,SL,77,13,1.24,-0.84
1.21,1.03,1.17,1.14,0.89,2.38,0.98,1.09,1.09,1.03,0.73,1.56,Sean Bouchard,656248,ST,17,1,1.41,-0.84
1.15,1.05,0.91,1.01,0.92,1.97,0.99,1.01,1.21,1.02,1.13,0.89,Sean Bouchard,656248,SV,9,1,1.36,-0.84
1.14,0.55,0.95,1.28,0.59,1.73,0.9,1.08,1.02,1.03,1.06,1.88,Alex Bregman,608324,CH,198,37,0.88,-0.29
1.1,0.95,1.02,0.86,0.79,2.21,0.97,0.93,1.07,0.98,1.02,1.04,Alex Bregman,608324,CU,128,16,1.37,-0.29
1.14,0.88,0.96,0.85,0.39,0.7,0.9,0.96,1.01,1.02,1.17,0.92,Alex Bregman,608324,FF,794,185,0.98,-0.29
1.29,1.88,0.7,1.03,0.65,1.92,0.9,1.16,1.1,1.01,2.16,0.48,Alex Bregman,608324,FS,54,9,2.27,-0.29
1.16,1.26,0.85,0.8,0.66,1.68,1.04,1.0,1.12,1.0,1.6,0.86,Alex Bregman,608324,KC,39,8,1.6,-0.29
1.08,1.02,0.69,0.89,0.6,0.79,0.92,1.0,1.0,1.02,3.39,0.58,Alex Bregman,608324,SI,474,125,1.7,-0.29
0.9,0.97,0.75,1.15,0.88,0.98,0.85,0.92,1.02,1.0,1.47,0.73,Alex Bregman,608324,SL,363,66,0.93,-0.29
1.36,1.21,0.95,0.73,0.81,2.61,0.94,0.94,1.05,1.02,0.95,0.78,Alex Bregman,608324,ST,165,19,1.71,-0.29
1.2,1.04,0.93,1.16,0.92,2.02,0.99,1.07,1.21,1.02,1.12,1.02,Alex Bregman,608324,SV,14,2,1.34,-0.29
1.52,2.67,0.77,1.43,0.89,1.47,0.77,1.17,1.31,1.06,1.44,0.75,Alex Bregman,608324,FO,1,1,2.12,-0.29
0.92,0.9,0.87,1.11,0.74,1.7,1.07,1.0,1.04,0.99,1.33,0.88,Will Brennan,686823,CH,190,65,1.14,-0.17
1.01,0.85,1.11,0.54,0.58,1.79,1.16,0.74,1.03,1.0,0.95,1.04,Will Brennan,686823,CU,74,18,1.07,-0.17
0.87,0.63,1.34,0.89,1.05,2.93,0.97,0.88,1.01,0.97,0.76,1.38,Will Brennan,686823,FF,444,71,1.35,-0.17
1.07,1.22,0.89,1.34,0.75,2.65,1.05,1.05,1.08,0.99,1.3,1.43,Will Brennan,686823,FS,54,15,1.46,-0.17
1.01,1.09,0.87,0.96,0.75,1.88,1.05,0.98,1.13,1.0,1.72,0.75,Will Brennan,686823,KC,21,3,1.5,-0.17
1.25,1.62,1.18,0.99,1.14,2.78,0.96,1.0,1.23,1.02,1.18,0.89,Will Brennan,686823,KN,3,1,2.02,-0.17
0.98,0.87,1.02,0.96,1.49,2.41,1.07,0.92,1.01,0.98,0.93,1.29,Will Brennan,686823,SI,124,39,1.23,-0.17
1.0,0.98,0.93,0.77,0.71,1.85,1.07,0.86,1.04,1.0,1.38,1.02,Will Brennan,686823,SL,157,38,1.28,-0.17
0.96,1.03,1.03,1.35,0.84,2.06,1.08,1.01,1.08,1.02,0.91,1.46,Will Brennan,686823,ST,57,13,1.05,-0.17
1.24,1.42,0.85,1.1,0.88,1.91,1.03,1.09,1.21,1.01,1.24,0.88,Will Brennan,686823,SV,7,3,1.58,-0.17
1.01,0.85,0.95,0.97,0.9,2.03,0.89,0.95,1.04,1.03,1.31,1.13,Jonah Bride,681146,CH,89,16,1.31,0.04
0.94,1.0,1.14,0.86,0.87,2.18,1.0,0.9,1.06,0.99,0.78,1.18,Jonah Bride,681146,CU,103,10,1.3,0.04
0.82,0.43,0.95,0.87,0.4,2.02,0.85,0.82,0.97,0.99,0.94,1.46,Jonah Bride,681146,FF,326,65,0.86,0.04
1.04,1.31,0.81,1.04,0.82,1.99,0.92,1.02,1.1,1.02,2.02,0.65,Jonah Bride,681146,FS,26,1,1.78,0.04
1.01,1.07,0.88,0.91,0.72,1.82,1.0,0.97,1.13,0.99,1.6,0.68,Jonah Bride,681146,KC,20,2,1.49,0.04
0.86,1.17,0.99,0.89,1.51,2.76,0.88,0.95,1.0,0.97,1.25,0.84,Jonah Bride,681146,SI,215,40,1.79,0.04
0.88,0.84,1.18,0.79,0.89,2.87,0.78,0.91,1.02,0.98,0.88,1.38,Jonah Bride,681146,SL,181,20,1.61,0.04
1.15,0.89,1.11,1.05,0.86,2.22,0.91,0.99,1.07,1.02,0.77,1.56,Jonah Bride,681146,ST,86,10,1.23,0.04
1.15,1.05,0.91,1.01,0.93,1.97,1.01,1.02,1.21,1.02,1.14,0.89,Jonah Bride,681146,SV,2,1,1.37,0.04
1.16,1.56,0.85,1.08,0.81,2.07,0.93,1.11,1.06,1.03,1.52,0.71,Trenton Brooks,670092,CH,10,2,1.88,0.0
0.92,0.92,1.09,0.99,0.82,1.97,1.12,0.93,1.05,0.99,1.19,1.01,Trenton Brooks,670092,CU,10,1,1.22,0.0
0.96,0.85,1.26,0.69,0.98,3.68,1.0,0.88,1.0,0.97,0.85,1.46,Trenton Brooks,670092,FF,48,10,1.8,0.0
1.05,1.3,0.73,1.19,0.75,1.9,0.9,1.09,1.1,1.01,2.23,0.59,Trenton Brooks,670092,FS,12,2,1.8,0.0
0.89,1.12,0.76,0.97,1.81,3.49,1.04,0.96,1.03,0.99,2.92,0.5,Trenton Brooks,670092,SI,12,3,2.34,0.0
1.05,0.97,1.04,1.11,0.86,2.33,1.01,1.02,1.05,1.02,0.9,1.17,Trenton Brooks,670092,SL,12,2,1.32,0.0
1.19,1.03,1.29,0.99,0.83,2.13,1.03,1.03,1.09,1.03,0.69,1.68,Trenton Brooks,670092,ST,7,1,1.34,0.0
1.09,1.12,0.99,0.89,1.11,2.02,0.95,1.03,1.04,1.0,0.96,0.93,Seth Brown,664913,CH,209,40,1.51,0.33
1.07,0.9,1.02,0.94,0.96,2.56,1.11,0.96,1.08,0.99,1.05,1.05,Seth Brown,664913,CU,102,11,1.39,0.33
1.18,0.94,0.96,1.36,0.97,2.6,1.08,1.06,1.02,1.0,1.02,1.13,Seth Brown,664913,FF,480,92,1.26,0.33
1.14,1.4,0.85,1.0,1.08,2.75,0.92,1.04,1.11,1.02,1.59,0.91,Seth Brown,664913,FS,99,11,1.97,0.33
0.98,1.1,0.84,0.93,0.74,1.95,1.03,0.96,1.13,1.0,1.77,0.68,Seth Brown,664913,KC,46,2,1.54,0.33
0.83,0.86,0.87,1.12,1.38,2.5,1.11,0.93,1.04,0.98,2.38,0.74,Seth Brown,664913,SI,137,38,1.58,0.33
1.19,1.16,0.97,0.92,0.95,2.36,0.99,1.02,1.06,1.0,0.94,1.07,Seth Brown,664913,SL,247,31,1.55,0.33
1.46,0.82,1.16,0.94,1.0,3.13,1.05,0.93,1.06,1.0,0.81,1.47,Seth Brown,664913,ST,91,7,1.43,0.33
1.15,1.05,0.91,1.01,0.93,1.97,1.01,1.01,1.21,1.02,1.23,1.02,Seth Brown,664913,SV,2,1,1.37,0.33
1.63,2.67,0.7,1.43,0.99,1.59,0.77,1.21,1.32,1.07,1.53,0.61,Seth Brown,664913,FO,8,1,2.23,0.33
0.99,0.92,1.0,0.81,0.82,2.16,0.92,0.92,1.04,1.0,1.32,0.83,Vidal Brujan,660644,CH,116,22,1.49,0.0
0.88,0.84,1.14,0.92,0.81,2.01,1.15,0.89,1.07,1.0,0.94,1.65,Vidal Brujan,660644,CU,72,17,1.05,0.0
0.86,0.21,1.29,1.02,0.85,1.9,1.12,0.79,1.01,0.96,0.62,1.45,Vidal Brujan,660644,FF,383,66,0.48,0.0
0.95,0.9,0.87,1.2,0.88,1.93,0.96,1.0,1.07,0.99,1.25,0.84,Vidal Brujan,660644,FS,45,10,1.18,0.0
1.0,1.09,0.87,1.03,0.71,1.77,1.04,0.99,1.13,1.0,1.72,0.77,Vidal Brujan,660644,KC,9,3,1.44,0.0
1.25,1.62,1.18,0.99,1.16,2.78,0.95,1.0,1.23,1.02,1.12,0.89,Vidal Brujan,660644,KN,3,1,2.01,0.0
0.81,0.62,1.09,0.81,1.6,3.15,1.06,0.91,0.99,0.96,-0.06,1.12,Vidal Brujan,660644,SI,118,20,1.17,0.0
1.03,0.77,1.09,1.09,0.86,2.64,0.97,0.94,1.04,1.01,0.89,1.23,Vidal Brujan,660644,SL,146,19,1.25,0.0
1.23,0.83,1.09,0.98,0.82,2.01,1.05,1.01,1.08,1.03,0.78,1.55,Vidal Brujan,660644,ST,43,13,1.14,0.0
1.22,1.53,0.75,1.15,1.19,2.5,0.94,1.15,1.06,1.03,1.79,0.54,Kris Bryant,592178,CH,56,6,2.07,-1.11
1.05,1.41,0.89,0.92,1.02,2.65,1.16,1.03,1.08,1.02,1.22,0.93,Kris Bryant,592178,CU,33,2,1.79,-1.11
0.87,0.84,1.26,1.3,1.07,2.33,1.05,0.9,0.99,0.99,0.78,1.18,Kris Bryant,592178,FF,174,34,1.0,-1.11
1.06,1.31,0.79,1.04,0.82,2.05,0.92,1.03,1.1,1.02,2.05,0.65,Kris Bryant,592178,FS,16,1,1.82,-1.11
1.01,1.07,0.8,0.91,0.79,2.13,1.07,0.93,1.13,1.01,2.0,0.63,Kris Bryant,592178,KC,14,2,1.59,-1.11
0.82,0.85,0.8,1.03,1.74,2.89,1.0,0.92,1.02,0.98,2.64,0.6,Kris Bryant,592178,SI,97,19,1.86,-1.11
1.02,0.89,1.08,1.02,0.91,2.96,0.99,0.94,1.03,0.99,1.07,1.0,Kris Bryant,592178,SL,115,12,1.52,-1.11
1.14,0.98,1.15,1.14,0.95,2.6,1.03,1.06,1.08,1.03,0.73,1.43,Kris Bryant,592178,ST,53,3,1.4,-1.11
1.21,2.06,0.79,1.34,1.06,1.84,1.0,1.1,1.07,1.02,1.73,0.91,Jake Burger,669394,CH,252,46,1.88,-0.38
1.17,1.05,0.94,0.96,0.88,2.06,1.13,0.98,1.08,1.04,1.36,0.91,Jake Burger,669394,CU,114,18,1.4,-0.38
1.22,2.05,1.03,0.98,1.21,1.71,1.16,1.23,1.06,1.02,1.14,0.71,Jake Burger,669394,FF,486,78,2.11,-0.38
1.17,1.69,0.74,0.92,0.84,2.25,1.07,1.08,1.09,1.02,2.5,0.78,Jake Burger,669394,FS,62,14,2.25,-0.38
1.04,1.38,0.93,0.95,0.9,2.11,1.04,0.96,1.14,1.02,1.35,0.94,Jake Burger,669394,KC,23,1,1.59,-0.38
1.31,1.2,0.87,1.24,0.85,1.38,1.19,1.09,1.06,1.0,1.49,0.96,Jake Burger,669394,SI,424,105,1.21,-0.38
1.14,1.18,1.12,0.71,1.19,0.98,1.14,1.04,1.07,1.03,0.96,1.35,Jake Burger,669394,SL,338,59,1.27,-0.38
1.14,1.32,1.08,1.13,1.19,3.1,1.14,1.15,1.09,1.04,0.9,1.42,Jake Burger,669394,ST,179,31,1.84,-0.38
1.19,1.05,0.91,1.01,0.99,2.2,1.02,1.05,1.21,1.02,1.1,1.07,Jake Burger,669394,SV,8,1,1.44,-0.38
0.93,1.27,0.97,0.94,0.57,0.91,1.01,0.98,1.05,1.01,1.1,1.12,Alec Burleson,676475,CH,201,57,1.14,-0.71
0.97,0.79,0.84,0.94,0.77,1.9,0.95,0.97,1.06,1.03,1.02,1.05,Alec Burleson,676475,CU,167,28,1.15,-0.71
1.06,1.15,0.82,1.0,0.75,1.18,1.11,1.0,1.01,1.02,1.16,0.93,Alec Burleson,676475,FF,717,168,1.09,-0.71
0.86,0.54,0.91,1.35,0.75,2.32,0.98,0.99,1.09,1.0,1.08,0.94,Alec Burleson,676475,FS,95,28,0.95,-0.71
1.29,1.28,0.92,0.88,0.66,1.86,1.07,1.08,1.13,1.03,1.17,1.05,Alec Burleson,676475,KC,32,6,1.58,-0.71
0.87,0.89,0.8,0.92,0.82,0.96,1.16,0.9,1.03,1.0,2.34,0.5,Alec Burleson,676475,SI,267,68,1.17,-0.71
1.2,0.87,1.01,0.83,0.61,0.97,0.95,0.99,1.04,1.03,0.82,1.19,Alec Burleson,676475,SL,303,59,0.97,-0.71
1.25,1.61,0.77,1.26,0.86,2.19,1.02,1.26,1.08,1.04,0.95,1.09,Alec Burleson,676475,ST,140,24,1.76,-0.71
1.15,1.05,1.0,1.01,0.92,2.22,1.02,1.01,1.2,1.01,1.02,1.09,Alec Burleson,676475,SV,12,1,1.4,-0.71
1.3,3.09,0.84,0.91,1.26,0.85,1.01,1.6,1.07,1.04,1.51,0.64,Michael Busch,683737,CH,264,38,3.04,-1.11
0.76,1.75,1.1,0.66,0.92,1.05,0.94,1.11,1.04,1.01,0.94,0.78,Michael Busch,683737,CU,192,20,1.86,-1.11
1.22,1.77,0.72,1.04,0.76,0.87,1.01,1.26,1.02,1.03,1.01,0.74,Michael Busch,683737,FF,863,120,1.62,-1.11
1.01,0.78,0.79,1.06,1.04,2.44,0.89,0.98,1.08,1.02,2.0,0.69,Michael Busch,683737,FS,103,16,1.58,-1.11
0.92,1.05,0.85,1.16,0.81,2.03,1.02,0.99,1.12,1.0,1.78,0.78,Michael Busch,683737,KC,22,1,1.43,-1.11
0.84,1.69,0.84,1.09,1.15,0.74,0.96,1.0,1.0,0.99,1.51,0.62,Michael Busch,683737,SI,247,43,1.39,-1.11
0.95,1.84,0.79,1.04,1.24,0.94,0.96,1.17,1.03,1.0,1.36,0.63,Michael Busch,683737,SL,294,39,1.73,-1.11
1.17,1.07,0.9,1.32,0.93,1.75,0.95,0.97,1.06,1.04,0.92,0.91,Michael Busch,683737,ST,160,21,1.0,-1.11
1.21,1.05,0.91,1.17,0.97,2.1,1.03,1.04,1.21,1.02,1.08,1.02,Michael Busch,683737,SV,3,1,1.29,-1.11
0.8,0.69,1.13,0.81,1.36,0.83,1.0,0.86,1.06,0.99,0.44,1.9,Lawrence Butler,671732,CH,282,53,0.53,-0.35
1.39,0.99,0.79,1.33,0.94,2.69,0.95,1.15,1.09,1.05,1.29,0.86,Lawrence Butler,671732,CU,81,17,1.55,-0.35
1.01,1.05,1.16,1.21,1.35,0.97,1.06,1.06,1.05,1.03,0.72,1.23,Lawrence Butler,671732,FF,675,91,0.9,-0.35
1.08,0.59,0.44,1.28,1.11,2.63,0.91,1.15,1.09,1.01,2.64,0.64,Lawrence Butler,671732,FS,70,12,1.69,-0.35
1.27,1.67,0.93,1.0,0.86,2.05,1.0,1.12,1.14,1.03,1.28,0.91,Lawrence Butler,671732,KC,29,2,1.9,-0.35
0.96,1.12,1.12,0.98,1.21,1.29,0.92,0.98,1.04,1.0,-0.69,1.78,Lawrence Butler,671732,SI,205,46,0.64,-0.35
1.2,2.25,1.2,1.31,1.1,0.94,0.94,1.15,1.08,1.02,0.75,1.4,Lawrence Butler,671732,SL,213,38,1.62,-0.35
1.21,1.18,1.18,1.07,1.14,2.5,0.9,1.06,1.09,1.01,0.69,1.78,Lawrence Butler,671732,ST,92,11,1.53,-0.35
1.23,1.05,0.91,1.01,0.93,2.05,0.99,1.04,1.22,1.03,1.03,1.09,Lawrence Butler,671732,SV,6,1,1.37,-0.35
1.42,1.83,0.81,1.25,1.37,3.28,0.97,1.32,1.05,1.02,1.48,0.57,Byron Buxton,621439,CH,189,22,2.54,-0.37
1.17,2.07,0.76,1.2,1.13,2.98,1.18,1.3,1.08,1.02,1.36,0.74,Byron Buxton,621439,CU,80,8,2.42,-0.37
1.4,1.65,0.76,0.93,1.05,1.03,1.1,1.07,1.06,1.06,1.29,0.75,Byron Buxton,621439,FF,440,86,1.47,-0.37
1.47,1.62,0.67,0.87,0.77,1.7,0.86,1.17,1.11,1.05,2.24,0.65,Byron Buxton,621439,FS,40,1,2.19,-0.37
1.09,1.38,0.93,0.78,0.77,1.96,1.01,0.94,1.13,1.0,1.77,0.79,Byron Buxton,621439,KC,40,6,1.78,-0.37
1.2,1.56,0.82,0.87,1.5,1.15,1.16,1.04,1.04,1.0,2.36,0.55,Byron Buxton,621439,SI,218,43,1.8,-0.37
1.28,2.1,0.96,1.22,1.32,1.08,1.0,1.43,1.06,1.03,0.79,1.07,Byron Buxton,621439,SL,255,49,1.96,-0.37
1.71,2.61,0.6,1.11,1.0,2.58,1.14,1.47,1.07,1.08,1.08,0.58,Byron Buxton,621439,ST,96,23,2.74,-0.37
0.83,0.48,0.9,1.38,0.87,1.97,0.92,0.98,1.0,0.96,1.5,1.2,Jose Caballero,676609,CH,157,21,0.9,-0.53
0.92,1.05,1.08,0.83,0.85,2.07,0.89,0.89,1.07,0.99,1.03,0.97,Jose Caballero,676609,CU,113,10,1.42,-0.53
0.67,0.54,1.15,1.11,1.27,1.65,1.07,0.89,0.99,0.93,1.18,1.06,Jose Caballero,676609,FF,524,73,0.84,-0.53
0.98,1.04,0.72,1.31,0.8,1.87,0.9,1.02,1.08,1.0,2.5,0.61,Jose Caballero,676609,FS,34,10,1.56,-0.53
0.99,1.05,0.86,1.03,0.83,2.03,1.03,1.01,1.12,0.99,1.64,0.81,Jose Caballero,676609,KC,33,4,1.5,-0.53
0.93,1.3,0.82,1.2,0.84,0.54,0.93,0.96,1.05,0.98,2.33,0.57,Jose Caballero,676609,SI,326,75,1.25,-0.53
0.78,0.7,1.28,0.99,1.03,1.2,0.98,0.88,1.01,0.93,0.85,1.42,Jose Caballero,676609,SL,364,54,0.79,-0.53
0.73,0.79,0.96,1.45,0.96,2.96,0.92,1.04,1.05,0.98,1.05,1.04,Jose Caballero,676609,ST,147,26,1.32,-0.53
1.08,1.08,1.0,1.13,0.89,1.88,1.0,1.0,1.19,1.0,1.19,0.81,Jose Caballero,676609,SV,15,4,1.31,-0.53
0.86,0.74,1.12,0.89,0.92,1.83,0.92,0.96,1.02,0.98,0.69,1.31,Oswaldo Cabrera,665828,CH,168,42,1.11,0.0
0.9,0.78,1.12,1.11,0.78,2.27,1.1,0.94,1.05,1.01,0.98,1.22,Oswaldo Cabrera,665828,CU,92,15,1.11,0.0
0.9,0.29,1.07,1.12,1.17,2.81,1.03,0.77,1.0,1.0,0.9,1.13,Oswaldo Cabrera,665828,FF,377,60,0.78,0.0
0.9,0.99,0.87,1.06,0.71,2.01,0.94,0.98,1.09,1.01,1.88,0.85,Oswaldo Cabrera,665828,FS,66,12,1.51,0.0
0.71,0.57,0.84,1.09,1.39,2.7,1.0,0.89,1.01,0.97,2.41,0.68,Oswaldo Cabrera,665828,SI,152,22,1.52,0.0
1.03,0.68,0.84,1.28,0.66,1.92,1.03,1.01,1.04,1.0,1.02,1.1,Oswaldo Cabrera,665828,SL,177,38,0.89,0.0
1.18,0.89,1.26,0.94,0.84,2.41,1.06,0.96,1.07,1.02,0.68,1.77,Oswaldo Cabrera,665828,ST,68,12,1.26,0.0
1.15,1.05,0.91,1.01,1.02,2.3,1.02,1.01,1.21,1.02,1.15,0.89,Oswaldo Cabrera,665828,SV,9,1,1.46,0.0
1.04,1.11,0.82,0.94,0.78,2.11,1.05,1.0,1.14,1.01,1.74,0.78,Oswaldo Cabrera,665828,KC,13,1,1.61,0.0
0.9,1.1,1.12,0.81,0.88,2.24,0.99,0.99,1.09,0.98,1.5,1.52,Jac Caglianone,695506,CH,67,16,1.7,0.72
0.99,0.77,1.25,0.87,0.96,2.75,1.14,0.88,1.09,1.01,0.69,1.71,Jac Caglianone,695506,CU,53,8,1.22,0.72
1.06,0.72,1.48,0.81,1.01,5.06,1.15,0.93,1.05,1.01,0.46,2.22,Jac Caglianone,695506,FF,155,27,1.96,0.72
1.52,2.67,0.77,1.43,0.95,1.71,0.78,1.17,1.31,1.05,1.32,0.75,Jac Caglianone,695506,FO,6,1,2.16,0.72
1.01,1.17,0.88,0.93,0.76,2.08,0.89,0.97,1.09,1.01,1.6,0.66,Jac Caglianone,695506,FS,26,4,1.65,0.72
1.08,1.45,0.9,1.13,0.8,1.85,1.07,1.0,1.13,1.02,1.57,0.85,Jac Caglianone,695506,KC,20,4,1.54,0.72
0.67,2.0,1.06,0.77,1.57,2.98,0.98,1.05,1.04,0.96,0.44,0.69,Jac Caglianone,695506,SI,72,17,2.27,0.72
0.98,1.16,0.88,0.92,0.84,2.48,1.08,1.1,1.05,1.0,0.66,0.83,Jac Caglianone,695506,SL,92,21,1.58,0.72
1.55,1.67,1.16,0.78,0.95,2.23,1.03,1.17,1.09,1.05,0.79,1.3,Jac Caglianone,695506,ST,42,7,2.04,0.72
1.17,1.65,0.84,1.1,0.95,2.21,0.99,1.06,1.06,1.03,1.47,0.71,Owen Caissie,683357,CH,20,3,1.85,0.0
0.83,0.99,1.17,1.07,1.16,3.79,0.96,0.97,1.01,0.97,0.89,1.32,Owen Caissie,683357,FF,28,5,1.8,0.0
0.88,1.06,0.8,1.23,1.77,3.21,1.07,1.05,1.01,0.99,2.13,0.64,Owen Caissie,683357,SI,12,4,1.93,0.0
1.12,0.97,0.94,0.95,0.74,2.24,0.99,0.95,1.02,1.01,1.01,0.83,Owen Caissie,683357,SL,8,2,1.34,0.0
1.0,0.78,0.93,0.84,0.9,2.07,0.9,0.99,1.03,1.01,1.12,1.1,Alex Call,669743,CH,33,10,1.36,-1.06
0.94,0.79,1.06,0.77,0.86,2.19,0.98,0.88,1.07,1.01,1.0,0.97,Alex Call,669743,CU,25,5,1.29,-1.06
0.59,0.63,0.89,0.94,0.79,0.58,0.85,0.83,0.99,0.98,1.08,0.76,Alex Call,669743,FF,172,23,0.59,-1.06
1.04,1.28,0.73,1.1,0.76,2.18,0.93,1.05,1.09,1.0,2.47,0.56,Alex Call,669743,FS,15,2,1.94,-1.06
1.04,1.06,0.81,1.16,0.72,1.9,1.02,0.99,1.13,1.01,1.83,0.74,Alex Call,669743,KC,25,3,1.4,-1.06
0.65,0.68,1.08,1.27,0.82,1.13,0.82,0.96,1.0,0.99,0.31,1.04,Alex Call,669743,SI,98,21,0.57,-1.06
0.8,0.49,1.25,1.0,0.59,1.17,0.83,0.92,1.05,1.0,0.82,1.17,Alex Call,669743,SL,71,10,0.79,-1.06
1.02,0.99,1.14,1.0,0.75,1.81,0.92,0.94,1.05,1.02,0.8,2.23,Alex Call,669743,ST,18,3,1.07,-1.06
1.15,1.05,0.91,1.01,0.93,1.97,1.01,1.04,1.21,1.02,1.05,1.09,Alex Call,669743,SV,3,1,1.35,-1.06
1.1,1.59,0.71,1.14,1.08,2.63,0.96,1.16,1.06,1.03,1.71,0.56,Daz Cameron,663662,CH,96,11,2.12,-1.15
1.04,0.93,0.92,1.02,0.82,1.95,1.09,0.99,1.08,1.02,1.2,0.97,Daz Cameron,663662,CU,25,7,1.24,-1.15
0.9,0.78,1.51,0.79,1.1,2.77,1.0,0.91,1.01,0.98,0.52,1.67,Daz Cameron,663662,FF,250,36,1.43,-1.15
1.11,1.23,0.73,1.01,0.74,1.98,0.94,1.05,1.1,1.0,2.2,0.52,Daz Cameron,663662,FS,22,5,1.83,-1.15
1.12,1.49,0.85,1.02,0.71,1.68,1.02,1.06,1.13,1.02,1.59,0.85,Daz Cameron,663662,KC,9,3,1.67,-1.15
1.05,1.05,0.99,0.75,1.69,2.38,1.08,0.89,1.04,1.02,1.41,1.05,Daz Cameron,663662,SI,124,28,1.55,-1.15
1.12,1.21,0.92,1.24,0.77,2.24,0.97,1.08,1.05,1.02,1.06,1.16,Daz Cameron,663662,SL,101,16,1.44,-1.15
1.19,0.93,1.13,1.02,0.83,2.28,1.04,0.99,1.08,1.02,0.83,1.2,Daz Cameron,663662,ST,39,8,1.29,-1.15
1.44,0.98,0.97,0.57,0.91,1.23,1.13,1.02,1.08,1.04,1.16,0.8,Junior Caminero,691406,CH,54,10,1.36,-0.49
1.18,1.69,1.4,0.59,1.18,2.79,1.24,1.08,1.12,1.02,0.26,1.39,Junior Caminero,691406,CU,22,6,2.07,-0.49
1.28,2.07,0.94,0.6,1.37,1.33,1.1,1.32,1.08,1.05,0.94,0.93,Junior Caminero,691406,FF,133,27,2.28,-0.49
0.99,0.63,0.76,1.07,0.81,1.98,1.02,0.97,1.14,1.01,1.74,0.99,Junior Caminero,691406,FS,14,2,1.17,-0.49
1.1,0.97,0.88,0.83,0.77,1.93,1.01,0.93,1.14,1.02,1.94,0.79,Junior Caminero,691406,KC,7,1,1.55,-0.49
1.31,1.29,1.2,0.6,1.16,1.45,1.0,0.97,1.09,1.05,0.95,1.78,Junior Caminero,691406,SI,152,33,1.48,-0.49
1.28,2.65,1.09,0.92,0.87,1.33,0.95,1.13,1.06,1.05,0.84,1.19,Junior Caminero,691406,SL,129,19,2.17,-0.49
0.98,0.91,0.9,1.2,0.83,1.32,1.17,1.12,1.11,1.01,0.77,1.27,Junior Caminero,691406,ST,70,16,0.9,-0.49
1.35,1.31,0.94,0.92,1.04,2.37,1.04,1.2,1.22,1.05,1.05,0.95,Junior Caminero,691406,SV,7,2,1.89,-0.49
1.27,0.81,1.01,1.29,1.12,2.9,0.89,1.05,1.05,1.01,0.55,1.39,Kristian Campbell,692225,CH,100,11,1.25,-0.59
1.14,1.19,0.79,1.02,0.73,2.23,1.05,1.01,1.07,1.02,1.61,0.87,Kristian Campbell,692225,CU,49,8,1.58,-0.59
1.42,0.52,1.52,0.81,0.79,0.65,0.97,1.04,1.04,1.04,0.29,3.64,Kristian Campbell,692225,FF,258,37,0.53,-0.59
1.08,1.26,0.79,1.16,0.86,2.61,0.91,1.04,1.09,1.0,2.1,0.66,Kristian Campbell,692225,FS,37,2,1.92,-0.59
0.97,1.11,0.91,0.94,0.74,1.81,1.0,0.95,1.13,1.0,1.57,0.78,Kristian Campbell,692225,KC,14,1,1.45,-0.59
0.71,0.0,1.36,0.69,1.19,1.36,1.0,0.76,1.02,0.96,-0.85,1.64,Kristian Campbell,692225,SI,218,48,0.0,-0.59
0.79,1.22,0.84,0.9,1.29,0.95,0.85,0.82,1.0,0.98,1.08,0.84,Kristian Campbell,692225,SL,206,31,0.99,-0.59
1.25,1.21,1.35,1.21,0.9,2.15,0.89,1.07,1.08,1.02,0.68,1.47,Kristian Campbell,692225,ST,87,8,1.45,-0.59
1.15,1.05,0.91,1.01,0.92,2.05,1.02,1.01,1.21,1.02,1.2,1.02,Kristian Campbell,692225,SV,3,1,1.38,-0.59
1.15,1.08,0.92,0.93,0.84,2.15,0.9,0.99,1.05,1.01,1.35,0.77,Gustavo Campero,672569,CH,32,6,1.58,0.0
0.99,0.92,0.99,0.89,0.85,1.93,1.14,0.96,1.07,1.01,1.21,1.04,Gustavo Campero,672569,CU,13,2,1.27,0.0
0.81,0.89,1.21,0.81,1.06,4.18,0.99,1.01,1.0,0.96,0.85,1.4,Gustavo Campero,672569,FF,72,16,2.07,0.0
0.95,1.1,0.97,1.01,0.84,2.05,0.91,0.94,1.1,1.0,1.32,0.87,Gustavo Campero,672569,FS,10,3,1.44,0.0
0.94,1.47,0.75,1.05,1.86,3.42,1.05,1.09,1.03,0.99,3.08,0.52,Gustavo Campero,672569,SI,6,2,2.66,0.0
1.04,0.96,1.03,1.13,0.77,2.34,0.96,1.04,1.03,1.0,0.91,1.07,Gustavo Campero,672569,SL,24,5,1.37,0.0
0.97,1.11,0.91,0.94,0.73,1.81,1.03,0.96,1.13,1.0,1.66,0.78,Gustavo Campero,672569,KC,4,1,1.48,0.0
1.19,1.03,1.17,0.99,0.88,2.31,1.05,1.01,1.09,1.03,0.76,1.36,Gustavo Campero,672569,ST,11,1,1.37,0.0
0.97,0.93,0.98,0.87,0.83,2.18,0.95,0.9,1.04,1.01,1.22,0.84,Luis Campusano,669134,CH,81,21,1.38,-0.87
0.9,1.37,0.75,1.23,0.84,2.17,1.15,1.09,1.09,1.03,1.1,1.31,Luis Campusano,669134,CU,55,15,1.39,-0.87
0.94,0.73,1.3,0.85,1.09,2.7,0.92,0.88,1.02,0.98,0.65,1.5,Luis Campusano,669134,FF,288,65,1.32,-0.87
1.1,1.29,0.84,1.02,0.73,2.0,0.92,1.03,1.11,1.02,2.05,0.68,Luis Campusano,669134,FS,22,3,1.82,-0.87
0.98,1.08,0.88,0.99,0.79,2.08,1.06,0.98,1.13,1.0,1.71,0.75,Luis Campusano,669134,KC,14,4,1.53,-0.87
0.81,0.96,1.02,0.87,1.51,2.72,1.02,0.87,1.02,0.97,1.55,0.79,Luis Campusano,669134,SI,242,59,1.62,-0.87
1.04,0.79,1.15,0.87,0.82,2.0,1.03,0.94,1.04,1.02,0.91,1.23,Luis Campusano,669134,SL,172,38,1.2,-0.87
0.83,0.56,0.88,1.01,0.81,2.08,1.03,0.95,1.08,0.98,1.04,1.08,Luis Campusano,669134,ST,51,14,1.0,-0.87
1.15,1.05,1.0,1.01,0.94,2.22,0.99,1.01,1.21,1.02,0.98,1.09,Luis Campusano,669134,SV,12,1,1.4,-0.87
1.26,1.37,1.14,0.84,1.28,3.4,1.02,0.99,1.06,1.01,0.87,1.12,Alexander Canario,672744,CH,11,2,2.01,-1.22
1.13,1.65,0.83,1.14,0.97,2.44,1.08,1.15,1.09,1.03,1.24,0.94,Alexander Canario,672744,CU,10,1,1.89,-1.22
1.14,1.51,1.36,1.25,1.34,1.29,1.15,1.05,1.04,0.98,0.73,1.62,Alexander Canario,672744,FF,37,7,1.18,-1.22
0.9,0.6,1.15,0.71,1.82,1.64,1.17,0.93,1.02,0.95,0.74,0.97,Alexander Canario,672744,SI,12,1,1.01,-1.22
1.08,2.03,0.63,1.22,1.12,3.39,1.0,1.32,1.04,1.03,1.3,0.59,Alexander Canario,672744,SL,15,1,2.58,-1.22
1.52,2.67,0.7,1.43,0.92,1.47,0.76,1.16,1.32,1.07,1.64,0.7,Alexander Canario,672744,FO,5,1,2.15,-1.22
1.12,1.22,0.69,0.96,0.92,1.99,0.94,0.99,1.09,1.02,2.43,0.41,Alexander Canario,672744,FS,26,3,1.84,-1.22
0.87,1.0,1.06,0.84,0.82,2.08,1.11,0.91,1.11,0.96,1.09,0.98,Alexander Canario,672744,KC,11,4,1.33,-1.22
1.23,0.99,1.13,1.11,0.93,2.6,1.03,1.12,1.1,1.04,0.71,1.68,Alexander Canario,672744,ST,41,2,1.46,-1.22
1.15,1.05,0.91,1.01,0.94,2.22,1.02,1.02,1.21,1.02,1.12,0.89,Alexander Canario,672744,SV,8,1,1.44,-1.22
1.2,0.84,1.0,1.04,0.95,2.4,1.08,0.92,1.04,1.01,1.19,0.97,Jeimer Candelario,600869,CH,222,61,1.24,0.0
0.94,0.85,1.2,0.84,1.24,4.55,1.04,0.84,1.02,0.95,0.38,1.49,Jeimer Candelario,600869,CU,193,18,1.74,0.0
0.84,1.31,1.41,0.81,1.0,2.66,1.05,0.97,1.01,0.98,0.83,1.08,Jeimer Candelario,600869,FF,524,99,1.84,0.0
1.06,1.5,0.69,0.97,0.89,2.24,0.95,1.0,1.1,1.03,2.29,0.53,Jeimer Candelario,600869,FS,68,14,2.01,0.0
1.05,0.95,0.71,0.95,0.93,2.71,0.98,0.94,1.12,1.0,2.21,0.48,Jeimer Candelario,600869,KC,75,5,1.78,0.0
0.88,1.37,0.96,0.93,1.36,2.55,1.06,0.95,1.0,0.99,1.78,0.77,Jeimer Candelario,600869,SI,177,48,1.88,0.0
1.11,0.82,1.0,0.97,1.12,3.61,0.97,0.87,1.02,1.0,0.93,0.86,Jeimer Candelario,600869,SL,213,22,1.57,0.0
1.14,0.9,1.2,1.16,0.87,2.2,1.0,1.02,1.08,1.01,0.74,1.45,Jeimer Candelario,600869,ST,84,13,1.2,0.0
1.15,1.05,0.98,1.04,0.93,1.97,1.01,1.04,1.21,1.02,1.05,1.07,Jeimer Candelario,600869,SV,9,1,1.36,0.0
1.31,1.3,0.88,1.02,0.73,2.19,0.97,1.09,1.03,1.04,1.22,0.93,Mark Canha,592192,CH,150,25,1.67,-1.02
1.06,0.85,0.92,1.02,0.88,2.07,1.06,0.97,1.07,1.01,1.19,0.97,Mark Canha,592192,CU,105,13,1.21,-1.02
0.79,0.08,1.22,0.62,1.08,2.66,1.03,0.6,0.96,0.96,1.22,1.07,Mark Canha,592192,FF,610,87,0.88,-1.02
1.01,1.2,0.73,1.1,0.75,1.9,0.92,1.01,1.09,1.01,2.44,0.58,Mark Canha,592192,FS,34,5,1.75,-1.02
0.99,1.09,0.87,0.96,0.76,1.87,1.01,0.98,1.12,0.99,1.62,0.75,Mark Canha,592192,KC,31,3,1.49,-1.02
1.16,0.9,0.88,1.1,1.06,1.75,0.99,1.0,1.01,1.01,2.46,0.83,Mark Canha,592192,SI,345,66,1.54,-1.02
0.77,0.58,1.2,0.93,0.79,2.24,0.86,0.8,1.02,0.97,1.01,0.99,Mark Canha,592192,SL,354,52,1.09,-1.02
0.99,0.66,1.38,1.07,0.83,2.1,0.9,0.89,1.06,1.0,0.65,2.17,Mark Canha,592192,ST,160,25,0.93,-1.02
1.23,1.05,0.91,1.17,0.97,2.05,1.0,1.09,1.21,1.03,1.08,1.02,Mark Canha,592192,SV,7,1,1.36,-1.02
1.36,1.03,0.87,0.79,0.94,2.78,1.02,0.99,1.06,1.02,0.81,0.95,Dominic Canzone,686527,CH,113,21,1.58,0.16
1.07,1.74,0.89,1.04,0.9,2.39,1.1,1.13,1.09,1.02,1.23,0.87,Dominic Canzone,686527,CU,78,8,1.97,0.16
1.08,1.59,1.12,1.06,0.92,1.99,1.07,1.17,1.07,1.04,0.68,1.99,Dominic Canzone,686527,FF,143,26,1.63,0.16
1.14,1.21,0.82,1.12,0.82,2.22,0.96,1.09,1.1,1.02,1.73,0.76,Dominic Canzone,686527,FS,48,13,1.73,0.16
0.94,1.03,1.0,0.9,0.77,2.21,1.09,0.93,1.12,1.01,1.38,0.91,Dominic Canzone,686527,KC,29,4,1.46,0.16
1.18,1.04,1.07,0.9,1.61,2.34,0.95,1.03,1.03,1.03,0.66,2.26,Dominic Canzone,686527,SI,60,14,1.36,0.16
1.18,1.37,1.04,1.26,1.09,3.08,1.02,1.1,1.04,1.02,0.97,1.42,Dominic Canzone,686527,SL,105,15,1.76,0.16
1.36,0.99,1.13,0.9,0.83,2.25,1.04,1.08,1.08,1.05,0.82,0.89,Dominic Canzone,686527,ST,47,7,1.54,0.16
0.89,0.89,0.96,0.84,0.92,2.01,1.09,0.9,1.06,1.01,1.22,1.05,Vinny Capra,681962,CU,1,1,1.25,-1.01
0.89,0.79,1.13,1.04,0.57,2.48,1.06,0.92,0.98,0.98,0.95,1.25,Vinny Capra,681962,FF,4,2,1.21,-1.01
1.15,0.99,1.36,0.95,0.8,2.05,1.04,0.98,1.08,1.02,0.75,1.68,Vinny Capra,681962,ST,4,2,1.29,-1.01
0.97,0.93,1.18,0.92,1.03,2.37,0.93,0.86,1.04,0.97,0.93,1.03,Vinny Capra,681962,CH,49,8,1.33,-1.01
1.05,1.22,0.91,0.96,0.81,1.75,0.93,1.01,1.1,1.02,1.9,0.76,Vinny Capra,681962,FS,8,3,1.68,-1.01
1.04,1.11,0.82,1.09,0.71,1.81,1.04,0.98,1.14,1.01,1.82,0.72,Vinny Capra,681962,KC,6,1,1.42,-1.01
1.03,0.74,0.82,1.11,1.61,2.99,0.94,1.03,1.01,1.0,2.03,0.83,Vinny Capra,681962,SI,72,12,1.75,-1.01
0.85,0.63,1.19,0.77,0.9,2.04,0.95,0.82,1.02,0.97,0.92,0.98,Vinny Capra,681962,SL,58,12,1.12,-1.01
1.23,1.05,1.0,1.01,0.97,2.05,1.0,1.03,1.21,1.02,1.02,1.09,Vinny Capra,681962,SV,7,1,1.38,-1.01
0.85,0.9,1.14,0.64,1.06,0.98,0.95,0.88,1.03,0.98,0.72,0.84,Victor Caratini,605170,CH,155,30,1.03,0.0
0.98,1.43,1.03,0.91,0.93,2.14,0.86,1.03,1.07,1.01,1.23,0.82,Victor Caratini,605170,CU,94,10,1.84,0.0
0.93,0.72,1.24,0.97,0.44,0.9,1.05,0.88,1.02,0.98,0.85,1.05,Victor Caratini,605170,FF,340,76,0.71,0.0
0.9,1.09,1.01,0.71,0.89,1.5,0.98,0.89,1.06,0.96,1.0,0.72,Victor Caratini,605170,FS,59,13,1.29,0.0
0.96,1.03,0.86,0.93,0.87,2.14,1.01,0.96,1.13,1.01,1.71,0.76,Victor Caratini,605170,KC,35,4,1.55,0.0
0.94,0.51,0.75,0.73,0.96,1.39,1.05,0.96,1.02,1.01,2.2,1.48,Victor Caratini,605170,SI,109,20,1.2,0.0
1.59,0.7,1.05,1.27,0.92,1.83,0.95,1.05,1.03,1.06,0.9,2.13,Victor Caratini,605170,SL,123,21,0.87,0.0
1.18,1.71,0.8,1.3,0.63,1.94,1.08,1.21,1.07,1.05,0.96,1.27,Victor Caratini,605170,ST,35,4,1.61,0.0
1.15,1.05,1.0,1.01,0.97,2.05,1.0,1.02,1.21,1.02,1.02,1.09,Victor Caratini,605170,SV,6,1,1.37,0.0
0.86,1.06,0.93,1.17,0.96,2.54,0.87,1.02,1.02,1.01,1.04,0.79,Dylan Carlson,666185,CH,166,26,1.51,0.0
0.82,0.75,1.02,1.0,0.77,2.02,1.04,0.92,1.05,0.99,1.11,1.18,Dylan Carlson,666185,CU,76,10,1.1,0.0
0.8,0.76,0.78,1.05,1.09,0.66,1.03,0.8,0.98,0.98,1.33,0.6,Dylan Carlson,666185,FF,397,53,0.53,0.0
1.52,2.67,0.7,1.65,0.92,1.47,0.77,1.21,1.32,1.06,1.47,0.7,Dylan Carlson,666185,FO,4,1,2.03,0.0
0.99,1.24,0.84,1.08,0.8,2.15,0.9,1.02,1.09,1.01,1.91,0.71,Dylan Carlson,666185,FS,28,6,1.75,0.0
0.98,1.1,0.88,0.97,0.72,1.83,1.04,0.96,1.13,1.0,1.73,0.74,Dylan Carlson,666185,KC,13,2,1.47,0.0
0.9,1.31,0.72,0.7,1.44,2.07,1.15,1.01,1.01,0.97,2.8,0.33,Dylan Carlson,666185,SI,135,24,2.16,0.0
0.92,0.6,1.14,1.2,0.9,2.53,0.98,0.92,1.04,0.99,0.95,1.14,Dylan Carlson,666185,SL,135,16,1.07,0.0
1.01,0.87,1.4,1.03,0.85,2.32,0.98,0.99,1.07,1.02,0.65,1.79,Dylan Carlson,666185,ST,42,6,1.28,0.0
1.15,1.92,0.77,1.03,0.8,0.92,1.15,1.1,1.03,1.02,1.88,0.43,Kerry Carpenter,681481,CH,170,36,1.75,-1.42
1.19,1.1,0.96,0.94,1.08,2.43,1.13,1.13,1.08,1.04,1.35,0.91,Kerry Carpenter,681481,CU,95,10,1.76,-1.42
1.13,1.64,0.96,0.93,1.06,1.54,1.11,1.13,1.01,1.02,1.3,0.71,Kerry Carpenter,681481,FF,302,54,1.79,-1.42
1.14,2.23,0.65,1.33,0.81,2.64,0.99,1.25,1.1,1.03,2.47,0.54,Kerry Carpenter,681481,FS,35,9,2.64,-1.42
1.0,1.06,0.79,0.9,0.77,1.88,1.05,0.99,1.14,1.01,1.74,0.78,Kerry Carpenter,681481,KC,24,3,1.51,-1.42
1.3,1.49,0.61,1.5,1.19,1.25,1.0,1.43,1.03,1.06,2.39,0.63,Kerry Carpenter,681481,SI,126,23,1.91,-1.42
1.07,1.72,0.49,0.92,1.03,3.38,1.04,1.09,1.03,1.03,1.57,0.52,Kerry Carpenter,681481,SL,169,27,2.31,-1.42
1.15,1.64,1.12,0.65,0.93,2.29,1.09,1.11,1.08,1.02,0.88,0.85,Kerry Carpenter,681481,ST,88,9,2.09,-1.42
1.06,0.96,0.94,1.04,0.88,1.95,1.03,1.02,1.18,1.01,1.06,1.06,Kerry Carpenter,681481,SV,11,2,1.26,-1.42
1.23,1.86,1.14,0.85,1.02,2.63,0.92,1.17,1.04,1.01,1.08,1.84,Corbin Carroll,682998,CH,251,52,2.3,-0.56
1.23,2.6,0.88,1.38,0.83,2.78,1.17,1.55,1.09,1.02,0.97,0.83,Corbin Carroll,682998,CU,160,19,2.78,-0.56
1.26,1.84,0.66,1.18,1.21,1.29,0.92,1.33,1.07,1.04,1.23,0.79,Corbin Carroll,682998,FF,981,161,1.87,-0.56
1.23,1.97,0.98,0.57,0.7,2.05,0.97,1.24,1.1,1.06,1.01,0.7,Corbin Carroll,682998,FS,70,13,2.47,-0.56
1.19,1.28,0.91,0.82,0.72,2.21,1.04,1.05,1.14,1.01,1.67,0.84,Corbin Carroll,682998,KC,42,8,1.87,-0.56
1.17,1.4,1.24,1.0,1.12,2.98,0.97,0.98,1.22,1.01,1.04,1.05,Corbin Carroll,682998,KN,20,5,1.9,-0.56
0.85,0.42,1.07,0.65,1.29,1.04,1.04,0.8,1.03,1.0,0.47,0.68,Corbin Carroll,682998,SI,384,86,0.57,-0.56
1.41,1.28,0.79,1.12,0.87,1.04,1.03,1.11,1.07,1.04,1.07,1.2,Corbin Carroll,682998,SL,363,65,1.14,-0.56
1.25,1.1,0.79,1.27,0.78,2.78,1.02,0.98,1.08,1.04,1.11,0.77,Corbin Carroll,682998,ST,123,22,1.37,-0.56
1.28,1.08,0.92,0.94,0.89,1.93,1.01,1.02,1.21,1.03,1.08,1.11,Corbin Carroll,682998,SV,16,3,1.37,-0.56
1.69,3.7,0.68,1.37,0.88,1.54,0.79,1.31,1.32,1.08,1.51,0.66,Corbin Carroll,682998,FO,9,2,2.89,-0.56
0.66,0.58,1.02,0.85,1.1,2.15,0.85,1.01,1.0,0.96,0.97,1.19,Evan Carter,694497,CH,80,13,1.32,-0.66
1.03,0.73,1.13,0.95,0.91,2.11,1.05,0.96,1.06,0.99,0.7,1.35,Evan Carter,694497,CU,50,5,1.09,-0.66
0.76,0.73,1.12,0.98,0.75,0.48,0.9,0.85,1.02,0.96,1.02,1.22,Evan Carter,694497,FF,223,41,0.6,-0.66
1.06,1.25,0.89,0.9,0.93,2.21,0.94,0.98,1.09,1.02,1.8,0.68,Evan Carter,694497,FS,40,4,1.81,-0.66
1.12,1.4,0.76,1.1,0.74,1.88,1.01,1.09,1.13,1.01,1.89,0.58,Evan Carter,694497,KC,15,1,1.76,-0.66
0.79,0.62,1.28,0.69,0.75,1.31,0.97,0.78,1.01,0.98,1.02,1.19,Evan Carter,694497,SI,84,17,0.92,-0.66
1.04,0.97,1.05,1.02,0.88,2.48,0.95,0.96,1.04,1.01,0.93,0.97,Evan Carter,694497,SL,92,7,1.4,-0.66
1.19,0.96,1.11,1.04,0.84,2.21,1.01,1.07,1.09,1.03,0.77,1.25,Evan Carter,694497,ST,24,3,1.37,-0.66
1.25,1.62,1.07,0.99,1.16,2.78,0.96,1.01,1.23,1.03,1.3,0.72,Evan Carter,694497,KN,1,1,2.05,-0.66
1.15,1.05,0.91,1.01,1.0,2.14,1.01,1.01,1.21,1.02,1.18,0.89,Evan Carter,694497,SV,6,1,1.42,-0.66
1.26,1.11,0.87,1.23,1.06,2.21,0.97,1.04,1.07,1.01,1.53,0.57,Triston Casas,671213,CH,113,21,1.51,1.26
0.99,1.34,0.98,0.9,0.83,2.07,1.1,1.06,1.08,1.0,1.29,0.81,Triston Casas,671213,CU,86,10,1.72,1.26
1.27,1.16,1.36,1.35,1.1,2.51,1.01,0.99,1.03,0.99,0.65,1.21,Triston Casas,671213,FF,289,47,1.31,1.26
1.14,1.25,0.79,1.03,0.88,1.98,0.87,1.05,1.1,1.03,1.97,0.66,Triston Casas,671213,FS,58,4,1.79,1.26
1.02,1.21,0.93,0.91,0.77,2.04,1.04,0.99,1.13,1.0,1.63,0.78,Triston Casas,671213,KC,35,4,1.65,1.26
1.1,2.07,0.72,1.17,1.68,2.67,1.13,1.19,1.04,1.02,2.78,0.5,Triston Casas,671213,SI,102,19,2.66,1.26
0.99,1.05,0.97,1.0,0.98,2.69,0.9,0.97,1.03,0.99,1.02,0.98,Triston Casas,671213,SL,157,13,1.56,1.26
1.23,0.95,1.23,1.04,0.88,2.21,1.0,1.06,1.09,1.01,0.66,1.49,Triston Casas,671213,ST,58,6,1.34,1.26
1.15,1.05,0.91,1.01,0.93,2.05,0.98,1.03,1.21,1.02,1.12,0.89,Triston Casas,671213,SV,7,1,1.41,1.26
0.9,1.11,0.58,1.02,1.21,1.27,1.26,0.98,1.05,1.0,2.37,0.46,Nick Castellanos,592206,CH,215,45,1.32,-0.55
0.78,1.27,1.08,1.12,1.02,2.8,1.38,0.98,1.04,0.97,1.08,1.05,Nick Castellanos,592206,CU,160,37,1.5,-0.55
1.01,1.12,0.84,1.13,1.12,1.01,1.2,1.08,1.01,1.01,0.9,0.97,Nick Castellanos,592206,FF,625,117,0.93,-0.55
1.13,1.23,0.75,1.3,0.79,2.47,0.96,1.12,1.09,1.01,2.57,0.57,Nick Castellanos,592206,FS,51,10,1.99,-0.55
1.01,1.26,0.91,1.02,0.97,2.7,1.12,1.07,1.12,1.01,1.58,0.84,Nick Castellanos,592206,KC,22,5,1.86,-0.55
1.33,2.16,1.07,1.11,1.19,2.92,0.95,1.14,1.24,1.03,1.3,0.81,Nick Castellanos,592206,KN,5,1,2.47,-0.55
0.82,1.17,0.95,1.38,0.79,1.3,1.2,1.19,1.03,1.01,1.02,0.9,Nick Castellanos,592206,SI,338,66,1.13,-0.55
0.65,0.74,1.18,0.86,1.16,1.33,1.19,0.9,1.03,0.96,0.8,0.95,Nick Castellanos,592206,SL,546,111,0.88,-0.55
0.81,0.83,0.45,0.49,0.98,1.06,1.37,0.83,1.05,1.0,1.53,0.4,Nick Castellanos,592206,ST,215,39,0.91,-0.55
1.13,1.11,1.02,1.01,0.99,2.2,1.03,1.01,1.19,1.01,0.97,1.12,Nick Castellanos,592206,SV,17,2,1.41,-0.55
0.99,1.02,0.95,0.86,1.13,1.12,1.1,0.91,1.05,0.97,0.79,1.29,Willi Castro,650489,CH,345,61,0.87,0.0
0.84,0.55,1.09,1.12,1.01,3.09,1.35,0.74,1.02,0.94,0.81,1.22,Willi Castro,650489,CU,177,29,0.8,0.0
0.99,0.96,1.0,1.04,1.12,0.88,1.01,1.0,1.03,0.98,0.96,0.84,Willi Castro,650489,FF,906,136,0.93,0.0
0.82,0.75,0.97,1.33,0.95,3.04,1.08,0.96,1.08,0.98,1.5,1.02,Willi Castro,650489,FS,116,21,1.35,0.0
1.01,1.25,0.88,0.86,0.74,2.01,1.02,1.0,1.12,0.99,1.87,0.73,Willi Castro,650489,KC,60,13,1.78,0.0
1.35,1.62,1.07,0.99,1.16,2.89,0.95,1.04,1.23,1.03,1.23,0.89,Willi Castro,650489,KN,2,1,2.09,0.0
0.91,1.55,0.95,0.97,1.45,0.94,1.0,1.07,1.05,1.02,0.36,1.18,Willi Castro,650489,SI,248,46,1.17,0.0
1.08,0.17,1.14,1.1,1.23,3.28,1.23,1.01,1.01,0.98,0.49,1.15,Willi Castro,650489,SL,320,44,1.02,0.0
1.26,1.03,0.9,0.86,0.7,2.03,1.09,1.06,1.06,1.03,0.88,0.84,Willi Castro,650489,ST,100,18,1.41,0.0
1.06,0.96,0.99,0.92,0.93,1.96,1.02,0.96,1.18,1.0,1.09,1.18,Willi Castro,650489,SV,6,1,1.28,0.0
1.05,0.93,0.7,1.09,0.98,2.61,0.95,0.99,1.05,1.02,1.82,0.58,Andres Chaparro,665953,CH,55,8,1.6,-3.16
1.04,1.36,1.02,0.87,0.84,2.03,1.15,1.06,1.09,1.0,1.03,0.95,Andres Chaparro,665953,CU,33,5,1.64,-3.16
0.9,0.71,1.59,0.8,1.13,4.0,1.04,0.87,1.02,0.97,0.77,1.66,Andres Chaparro,665953,FF,160,25,1.8,-3.16
1.01,1.17,0.81,1.09,0.81,2.16,0.93,1.07,1.1,1.0,1.72,0.61,Andres Chaparro,665953,FS,24,4,1.71,-3.16
0.94,1.07,0.96,0.91,0.78,1.98,1.07,0.94,1.13,1.01,1.5,0.84,Andres Chaparro,665953,KC,16,2,1.45,-3.16
1.0,1.53,0.77,0.92,1.75,3.32,1.03,1.0,1.02,1.0,2.58,0.59,Andres Chaparro,665953,SI,74,20,2.47,-3.16
1.1,1.14,1.02,1.02,0.84,2.46,0.96,0.98,1.05,1.01,1.05,1.16,Andres Chaparro,665953,SL,90,13,1.51,-3.16
0.86,0.74,1.31,0.87,0.72,2.08,1.07,0.89,1.05,1.0,0.62,1.39,Andres Chaparro,665953,ST,39,9,1.08,-3.16
1.23,1.05,1.0,1.01,0.92,1.97,1.01,1.02,1.21,1.03,1.01,1.09,Andres Chaparro,665953,SV,5,1,1.34,-3.16
1.64,1.53,0.6,0.73,0.97,2.52,1.02,1.14,1.07,1.08,1.88,0.91,Matt Chapman,656305,CH,195,33,2.22,-0.45
1.2,1.01,0.79,1.02,0.76,2.25,0.99,0.97,1.08,1.02,1.52,0.82,Matt Chapman,656305,CU,130,17,1.44,-0.45
0.99,1.41,0.71,1.21,1.29,0.72,0.9,1.19,1.05,1.03,1.15,1.03,Matt Chapman,656305,FF,916,130,1.25,-0.45
1.31,1.73,0.69,1.03,0.72,2.1,0.91,1.15,1.11,1.03,2.25,0.6,Matt Chapman,656305,FS,41,8,2.24,-0.45
1.03,1.07,0.88,1.05,0.81,2.18,1.03,1.0,1.13,1.0,1.62,0.78,Matt Chapman,656305,KC,38,2,1.53,-0.45
1.35,2.31,1.07,0.99,1.16,2.78,0.95,1.07,1.24,1.03,1.32,0.72,Matt Chapman,656305,KN,2,1,2.49,-0.45
1.19,1.09,0.73,0.76,0.85,0.62,0.89,1.02,1.05,1.07,2.04,0.82,Matt Chapman,656305,SI,467,102,1.4,-0.45
1.24,1.55,0.91,0.93,0.99,0.99,0.87,1.19,1.06,1.02,1.3,0.8,Matt Chapman,656305,SL,478,65,1.72,-0.45
1.19,0.83,1.42,1.13,0.77,1.99,0.88,0.97,1.08,1.05,0.59,2.59,Matt Chapman,656305,ST,224,21,1.01,-0.45
1.29,1.41,0.91,0.97,0.9,1.83,1.0,1.13,1.21,1.03,1.05,1.03,Matt Chapman,656305,SV,6,4,1.64,-0.45
0.84,0.63,1.27,0.46,1.27,1.1,0.89,0.91,1.06,0.98,0.31,1.99,Jazz Chisholm,665862,CH,278,48,0.92,-0.99
1.28,2.12,0.85,0.59,1.0,3.44,1.12,1.2,1.06,0.99,1.26,0.68,Jazz Chisholm,665862,CU,166,19,2.88,-0.99
1.28,1.72,0.63,0.85,1.29,0.76,1.02,1.29,1.03,1.02,1.19,0.61,Jazz Chisholm,665862,FF,742,128,1.75,-0.99
1.12,1.3,0.75,1.28,0.98,2.46,0.92,1.12,1.1,1.02,2.33,0.74,Jazz Chisholm,665862,FS,126,20,1.97,-0.99
1.13,2.08,0.85,1.19,0.79,2.26,1.03,1.2,1.13,1.01,1.73,0.83,Jazz Chisholm,665862,KC,39,4,2.27,-0.99
1.25,1.62,1.18,1.14,1.28,3.01,0.97,1.02,1.21,1.01,1.28,0.83,Jazz Chisholm,665862,KN,5,1,2.06,-0.99
1.1,2.27,0.91,0.75,1.39,1.05,1.0,1.22,1.03,0.99,1.13,0.73,Jazz Chisholm,665862,SI,362,75,2.18,-0.99
0.99,1.72,0.99,0.72,1.29,0.99,0.93,1.08,1.03,0.97,0.98,0.72,Jazz Chisholm,665862,SL,359,35,1.72,-0.99
1.31,0.56,1.33,0.83,0.93,2.53,0.9,0.85,1.05,1.01,0.8,1.82,Jazz Chisholm,665862,ST,153,29,1.16,-0.99
1.16,1.04,0.99,1.0,0.9,2.1,1.02,1.02,1.2,1.01,1.13,0.94,Jazz Chisholm,665862,SV,7,2,1.43,-0.99
1.04,1.93,1.1,0.95,1.02,2.11,1.03,1.19,1.04,0.97,0.46,1.29,Jackson Chourio,694192,CH,176,31,1.96,-0.27
1.04,1.26,1.13,1.24,0.94,2.44,1.15,1.15,1.08,1.02,0.65,1.96,Jackson Chourio,694192,CU,123,23,1.42,-0.27
1.0,0.73,0.96,1.07,1.07,1.33,1.11,0.96,1.02,1.0,1.01,1.09,Jackson Chourio,694192,FF,614,104,0.81,-0.27
1.22,1.65,0.75,1.45,0.65,1.5,0.94,1.28,1.1,1.04,1.52,0.67,Jackson Chourio,694192,FS,32,9,1.71,-0.27
1.04,1.05,0.93,0.98,0.81,2.08,1.07,0.97,1.12,1.01,1.54,0.79,Jackson Chourio,694192,KC,34,6,1.47,-0.27
1.35,1.62,1.18,0.99,1.16,2.89,0.95,1.03,1.24,1.03,1.21,0.89,Jackson Chourio,694192,KN,2,1,2.11,-0.27
1.12,1.11,1.18,0.95,1.24,1.26,1.09,0.98,1.03,1.0,-0.01,1.33,Jackson Chourio,694192,SI,449,82,0.84,-0.27
0.88,1.28,1.0,1.27,1.01,1.09,1.11,1.07,1.05,0.99,0.85,1.36,Jackson Chourio,694192,SL,355,74,0.98,-0.27
0.68,0.94,0.99,0.86,0.94,1.23,1.34,0.95,1.06,0.97,0.92,0.83,Jackson Chourio,694192,ST,142,40,0.93,-0.27
1.26,1.01,0.92,1.06,0.93,1.97,1.03,1.06,1.21,1.03,1.06,1.01,Jackson Chourio,694192,SV,13,5,1.32,-0.27
1.04,1.1,0.89,1.07,0.85,2.14,0.95,1.07,1.03,1.02,1.05,0.95,Nathan Church,701675,CH,11,4,1.47,-0.43
1.01,1.01,0.92,1.1,0.89,2.38,1.13,1.02,1.07,1.02,1.16,0.99,Nathan Church,701675,CU,12,1,1.37,-0.43
0.93,0.63,1.39,0.76,1.33,3.67,1.01,0.83,0.99,0.98,0.66,1.3,Nathan Church,701675,FF,34,6,1.57,-0.43
0.95,1.13,0.78,1.14,1.77,3.59,1.05,1.03,1.02,0.99,2.5,0.59,Nathan Church,701675,SI,7,2,2.22,-0.43
1.17,1.3,1.03,0.85,0.71,2.29,0.99,1.1,1.03,1.03,0.75,1.27,Nathan Church,701675,SL,15,5,1.7,-0.43
1.19,1.03,1.17,0.99,0.87,2.31,1.03,1.05,1.06,1.03,0.74,1.36,Nathan Church,701675,ST,7,1,1.43,-0.43
1.26,0.98,0.97,0.96,1.15,2.84,0.97,1.08,1.07,1.04,0.95,1.2,Denzel Clarke,672016,CH,54,7,1.66,-1.31
0.95,0.87,1.07,0.82,0.91,2.44,1.09,0.89,1.08,1.01,0.86,1.16,Denzel Clarke,672016,CU,38,5,1.28,-1.31
1.26,1.04,1.48,0.66,1.36,3.97,0.96,1.07,1.05,1.02,0.77,1.76,Denzel Clarke,672016,FF,201,27,2.3,-1.31
1.2,1.22,0.76,0.96,0.74,1.91,0.87,1.02,1.11,1.01,1.87,0.61,Denzel Clarke,672016,FS,19,3,1.72,-1.31
0.97,1.04,0.93,0.87,0.72,1.76,1.02,0.96,1.14,1.01,1.25,0.91,Denzel Clarke,672016,KC,15,3,1.35,-1.31
0.84,1.47,0.96,0.89,1.83,4.17,1.0,1.14,1.03,0.94,0.61,0.57,Denzel Clarke,672016,SI,118,18,2.42,-1.31
0.93,0.55,1.02,1.01,0.95,2.45,0.98,0.99,1.04,1.02,0.79,1.05,Denzel Clarke,672016,SL,93,14,1.16,-1.31
1.28,1.32,1.12,1.16,0.82,2.47,1.03,1.04,1.09,1.03,0.82,1.45,Denzel Clarke,672016,ST,43,5,1.5,-1.31
1.23,1.05,0.91,1.01,0.97,2.14,1.02,1.05,1.21,1.02,1.05,1.09,Denzel Clarke,672016,SV,2,1,1.41,-1.31
0.84,1.09,0.9,0.55,0.91,2.08,0.97,0.94,1.02,0.98,1.8,0.58,Jonatan Clase,682729,CH,32,6,1.87,0.0
0.91,0.87,1.3,0.84,1.14,3.08,0.97,0.96,1.01,0.99,0.88,1.03,Jonatan Clase,682729,FF,108,17,1.72,0.0
1.0,1.23,0.83,1.02,0.72,1.88,0.91,0.99,1.09,1.01,1.98,0.64,Jonatan Clase,682729,FS,26,7,1.68,0.0
0.91,1.03,0.72,0.88,1.78,3.1,0.99,0.93,1.03,0.99,2.99,0.49,Jonatan Clase,682729,SI,27,3,2.22,0.0
1.06,1.09,0.94,0.78,0.8,2.32,1.01,0.99,1.04,0.98,1.0,0.82,Jonatan Clase,682729,SL,27,8,1.58,0.0
1.28,0.97,1.1,1.08,0.85,2.09,1.01,1.09,1.09,1.02,0.76,1.48,Jonatan Clase,682729,ST,16,1,1.3,0.0
1.13,0.98,0.98,0.92,0.91,2.65,1.09,1.0,1.08,1.01,0.98,1.15,Jonatan Clase,682729,CU,31,2,1.49,0.0
1.15,1.05,1.0,1.01,0.93,1.97,1.01,1.02,1.2,1.01,1.07,1.09,Jonatan Clase,682729,SV,2,1,1.36,0.0
1.39,1.11,0.91,1.41,0.9,2.22,0.91,1.12,1.05,1.04,1.33,1.0,Kody Clemens,665019,CH,24,7,1.43,-0.58
1.16,1.08,1.05,1.18,0.96,2.89,1.01,1.07,1.08,1.0,0.7,1.35,Kody Clemens,665019,CU,25,1,1.5,-0.58
1.07,1.12,0.86,0.76,1.14,1.22,1.07,0.93,1.0,1.03,1.17,0.65,Kody Clemens,665019,FF,163,29,1.21,-0.58
0.86,1.22,1.01,1.01,0.72,1.78,1.01,1.0,1.09,1.0,0.96,1.17,Kody Clemens,665019,FS,18,3,1.33,-0.58
0.95,1.08,0.95,0.92,0.74,1.82,1.02,0.94,1.12,0.99,1.36,0.83,Kody Clemens,665019,KC,6,1,1.38,-0.58
1.19,1.17,1.0,1.17,1.39,2.35,1.02,1.11,1.03,1.0,1.63,1.0,Kody Clemens,665019,SI,64,15,1.73,-0.58
1.22,1.21,0.99,0.99,0.79,2.85,0.95,1.07,1.05,1.03,0.91,0.82,Kody Clemens,665019,SL,79,12,1.79,-0.58
1.32,1.48,1.02,1.25,0.79,2.31,1.02,1.1,1.09,1.03,0.87,1.37,Kody Clemens,665019,ST,45,6,1.55,-0.58
1.15,1.05,0.91,1.01,0.88,2.14,1.03,1.01,1.2,1.02,1.24,1.02,Kody Clemens,665019,SV,9,1,1.41,-0.58
0.78,0.07,0.74,1.21,0.62,1.21,1.22,0.83,1.0,0.98,1.7,0.63,Ernie Clement,676391,CH,155,46,0.3,-0.71
0.42,0.22,1.13,0.89,0.54,1.78,1.15,0.68,1.05,0.95,1.33,0.95,Ernie Clement,676391,CU,74,23,0.59,-0.71
0.63,0.65,0.68,1.02,0.54,1.4,1.09,0.79,0.99,0.98,1.3,0.53,Ernie Clement,676391,FF,402,96,0.65,-0.71
1.0,1.42,0.76,0.91,0.72,2.12,1.0,1.0,1.08,1.0,2.33,0.55,Ernie Clement,676391,FS,17,8,1.99,-0.71
0.97,0.96,0.88,1.2,0.77,1.97,1.06,1.02,1.12,1.0,1.55,0.87,Ernie Clement,676391,KC,21,4,1.3,-0.71
0.61,0.08,0.85,1.06,0.23,1.27,1.05,0.85,0.99,0.97,2.38,0.7,Ernie Clement,676391,SI,268,78,0.76,-0.71
0.68,0.35,1.12,1.03,0.52,0.82,1.15,0.79,0.98,0.98,0.84,1.17,Ernie Clement,676391,SL,240,63,0.24,-0.71
0.37,0.07,0.78,1.13,0.68,1.14,1.16,0.84,1.03,0.96,1.11,0.8,Ernie Clement,676391,ST,134,40,0.21,-0.71
1.25,1.62,1.18,0.99,1.16,2.78,0.95,1.01,1.23,1.03,1.19,0.89,Ernie Clement,676391,KN,3,1,2.04,-0.71
1.11,1.01,0.88,0.97,0.97,2.23,1.03,1.0,1.2,1.02,1.16,0.78,Ernie Clement,676391,SV,10,2,1.43,-0.71
0.76,0.24,1.3,0.98,1.14,0.91,0.96,0.75,1.0,0.95,0.93,1.36,Isaac Collins,686555,FF,35,1,0.34,0.0
0.81,0.13,1.09,0.81,0.87,0.77,1.0,0.82,1.04,1.03,0.11,1.17,Isaac Collins,686555,SI,15,4,0.13,0.0
1.48,1.69,1.1,1.19,0.89,2.69,0.97,1.17,1.09,1.05,0.75,1.35,Isaac Collins,686555,ST,3,1,1.92,0.0
0.74,1.0,1.24,0.61,0.85,0.87,0.79,0.99,1.01,0.97,0.63,1.28,Isaac Collins,686555,CH,164,31,1.26,0.0
1.14,1.19,0.88,0.87,0.88,2.4,0.91,0.97,1.07,1.02,1.09,0.74,Isaac Collins,686555,CU,88,8,1.63,0.0
1.07,0.77,0.73,0.93,0.81,2.14,0.9,1.01,1.09,1.02,2.47,0.62,Isaac Collins,686555,FS,78,13,1.73,0.0
1.08,1.45,0.9,0.99,0.72,2.0,1.03,1.03,1.13,1.01,1.65,0.73,Isaac Collins,686555,KC,23,4,1.77,0.0
1.42,1.22,0.85,1.45,0.82,2.54,0.92,1.24,1.04,1.0,0.71,1.04,Isaac Collins,686555,SL,146,19,1.51,0.0
1.17,1.26,0.97,1.22,0.94,0.95,0.97,0.89,1.08,1.03,1.15,1.02,Michael Conforto,624424,CH,272,53,0.87,-0.23
1.19,1.48,1.09,0.89,1.05,3.0,0.99,0.98,1.07,1.01,1.03,1.07,Michael Conforto,624424,CU,161,11,1.95,-0.23
1.08,1.16,0.95,0.92,1.06,0.74,0.9,1.12,1.04,1.01,0.9,1.15,Michael Conforto,624424,FF,728,117,1.21,-0.23
1.07,1.12,0.83,0.98,0.83,2.19,0.9,1.01,1.09,1.02,1.68,0.71,Michael Conforto,624424,FS,76,12,1.68,-0.23
1.16,1.44,0.79,0.83,0.86,1.98,1.07,1.08,1.13,1.02,1.81,0.68,Michael Conforto,624424,KC,31,2,1.92,-0.23
1.04,1.01,0.9,1.22,1.1,1.08,1.07,1.12,1.06,1.01,0.5,1.61,Michael Conforto,624424,SI,203,50,0.79,-0.23
0.92,1.0,0.76,0.74,0.87,2.11,0.95,0.96,1.04,1.02,1.45,1.31,Michael Conforto,624424,SL,216,35,1.51,-0.23
1.32,0.65,1.07,1.21,0.86,2.51,1.01,1.03,1.07,1.02,0.8,2.05,Michael Conforto,624424,ST,111,12,1.04,-0.23
1.23,1.05,0.98,1.01,0.91,2.12,1.02,1.04,1.2,1.01,0.96,1.05,Michael Conforto,624424,SV,4,1,1.39,-0.23
1.14,1.29,1.03,1.02,0.83,1.77,0.97,1.04,1.05,1.02,1.2,1.08,Griffin Conine,665052,CH,31,8,1.51,-0.05
1.03,1.36,0.96,0.99,0.89,2.37,1.12,1.0,1.08,1.0,0.99,0.92,Griffin Conine,665052,CU,37,4,1.56,-0.05
1.03,1.45,1.07,1.44,1.35,2.89,0.95,1.19,1.04,1.0,0.77,1.36,Griffin Conine,665052,FF,111,15,1.74,-0.05
1.1,1.18,0.94,0.94,0.92,2.17,0.95,0.98,1.1,1.02,1.69,0.78,Griffin Conine,665052,FS,13,3,1.7,-0.05
1.08,1.07,0.88,0.91,0.85,1.9,1.03,1.0,1.13,1.01,1.78,0.68,Griffin Conine,665052,KC,18,2,1.59,-0.05
1.05,1.1,0.8,0.99,1.82,3.46,1.01,0.99,1.04,1.0,2.41,0.66,Griffin Conine,665052,SI,30,5,2.2,-0.05
1.06,1.01,0.93,1.0,0.76,2.11,0.96,0.97,1.04,1.02,1.11,0.98,Griffin Conine,665052,SL,38,6,1.34,-0.05
1.2,0.95,1.34,0.95,0.82,2.12,1.01,0.97,1.08,1.03,0.69,1.85,Griffin Conine,665052,ST,21,4,1.25,-0.05
1.52,2.67,0.77,1.43,0.89,1.47,0.77,1.17,1.32,1.06,1.37,0.75,Griffin Conine,665052,FO,2,1,2.1,-0.05
1.11,0.94,1.05,1.03,0.89,1.05,1.0,1.05,1.09,1.04,0.52,3.65,William Contreras,661388,CH,259,37,0.64,-0.39
1.21,1.5,0.8,1.09,0.86,1.92,0.96,1.04,1.09,1.04,1.16,0.81,William Contreras,661388,CU,143,14,1.55,-0.39
1.17,0.82,1.23,0.91,0.96,0.79,0.96,0.97,1.04,1.03,0.57,1.94,William Contreras,661388,FF,778,128,0.74,-0.39
1.74,2.67,0.7,1.43,0.88,1.53,0.77,1.21,1.33,1.07,1.44,0.75,William Contreras,661388,FO,4,1,2.16,-0.39
1.18,1.15,0.86,1.14,1.01,2.2,0.91,1.12,1.11,1.04,1.29,0.83,William Contreras,661388,FS,85,11,1.62,-0.39
1.0,1.42,0.91,1.11,0.7,1.77,1.0,1.03,1.14,1.02,1.54,0.95,William Contreras,661388,KC,55,10,1.57,-0.39
1.19,1.07,1.07,0.9,1.0,0.84,1.02,1.08,1.08,1.04,-0.11,2.0,William Contreras,661388,SI,513,112,0.75,-0.39
0.95,0.29,1.36,0.9,0.97,1.13,1.01,0.84,1.07,0.99,0.38,2.04,William Contreras,661388,SL,418,77,0.36,-0.39
1.17,0.69,1.26,0.79,0.93,1.7,0.92,0.96,1.09,1.01,0.66,1.32,William Contreras,661388,ST,197,22,1.13,-0.39
1.19,1.01,0.88,0.97,0.99,1.98,0.99,1.04,1.21,1.03,1.12,0.95,William Contreras,661388,SV,12,2,1.39,-0.39
1.51,2.78,0.5,1.46,1.06,2.95,0.98,1.4,1.07,1.08,1.85,0.44,Willson Contreras,575929,CH,114,12,2.91,-0.45
1.09,1.07,0.95,1.0,1.16,2.5,1.12,1.08,1.07,1.04,0.88,1.29,Willson Contreras,575929,CU,79,14,1.48,-0.45
1.33,2.08,0.95,1.16,1.22,0.87,0.94,1.44,1.06,1.03,0.97,0.92,Willson Contreras,575929,FF,492,62,2.02,-0.45
1.21,1.2,0.78,1.15,0.88,2.53,0.93,1.05,1.09,1.03,1.87,0.57,Willson Contreras,575929,FS,50,6,1.81,-0.45
1.07,1.02,0.76,1.23,0.75,1.92,0.98,1.08,1.14,1.01,1.89,0.73,Willson Contreras,575929,KC,23,1,1.48,-0.45
1.35,2.31,1.07,1.14,1.14,2.78,0.96,1.16,1.24,1.03,1.3,0.83,Willson Contreras,575929,KN,2,1,2.5,-0.45
1.02,1.25,1.03,1.08,0.85,1.01,1.03,1.04,1.08,0.99,0.63,1.01,Willson Contreras,575929,SI,182,33,1.03,-0.45
1.04,1.43,1.23,1.11,1.12,1.16,1.11,1.06,1.06,1.0,0.66,1.52,Willson Contreras,575929,SL,242,34,1.17,-0.45
1.34,2.26,0.93,1.19,1.32,3.85,1.22,1.43,1.1,1.05,1.05,1.05,Willson Contreras,575929,ST,99,20,2.89,-0.45
1.15,1.05,0.91,1.01,1.01,2.22,0.99,1.02,1.21,1.02,1.13,0.89,Willson Contreras,575929,SV,17,1,1.45,-0.45
1.19,0.52,0.88,1.15,0.86,1.35,0.96,1.16,1.07,1.03,0.96,0.9,Carlos Correa,621043,CH,133,25,0.96,-0.79
1.13,1.23,0.97,0.81,0.73,2.56,1.2,1.0,1.08,0.99,1.23,0.93,Carlos Correa,621043,CU,68,12,1.71,-0.79
1.24,0.79,1.19,1.21,0.77,1.07,0.94,1.04,1.04,1.03,0.69,2.15,Carlos Correa,621043,FF,359,55,0.71,-0.79
1.12,1.34,0.82,1.24,0.7,2.02,0.93,1.1,1.11,1.03,1.94,0.6,Carlos Correa,621043,FS,31,6,1.77,-0.79
1.11,1.14,0.91,0.88,0.76,1.89,1.0,0.98,1.14,1.01,1.67,0.86,Carlos Correa,621043,KC,12,2,1.59,-0.79
1.13,1.22,1.08,0.84,0.73,1.17,1.01,1.03,1.06,1.01,0.75,1.07,Carlos Correa,621043,SI,290,57,1.26,-0.79
1.04,0.52,0.93,1.31,1.12,1.08,0.92,1.13,1.06,1.03,0.59,1.3,Carlos Correa,621043,SL,223,47,0.62,-0.79
1.1,1.02,1.32,0.95,0.93,2.34,0.99,1.02,1.07,1.01,0.63,1.39,Carlos Correa,621043,ST,131,36,1.46,-0.79
1.19,1.46,0.97,0.97,0.94,1.98,1.0,1.1,1.21,1.03,1.11,0.95,Carlos Correa,621043,SV,11,2,1.73,-0.79
1.22,1.53,0.75,1.31,0.97,1.84,0.96,1.12,1.07,1.04,1.43,0.97,Carlos Cortes,666126,CH,26,6,1.56,0.56
1.09,1.01,0.92,0.95,0.85,2.03,1.14,0.99,1.09,1.01,1.17,1.07,Carlos Cortes,666126,CU,4,1,1.3,0.56
1.01,0.37,1.06,1.15,1.06,3.96,1.09,0.83,1.01,1.0,1.11,1.59,Carlos Cortes,666126,FF,71,16,1.22,0.56
1.01,1.26,0.79,1.0,0.87,2.05,0.92,0.98,1.08,1.0,2.27,0.66,Carlos Cortes,666126,FS,13,2,1.82,0.56
0.97,1.11,0.91,0.94,0.72,1.81,1.03,0.97,1.13,1.0,1.7,0.78,Carlos Cortes,666126,KC,6,1,1.5,0.56
0.86,0.94,0.8,0.8,1.53,2.71,1.02,0.93,1.02,0.96,1.9,0.86,Carlos Cortes,666126,SI,32,7,1.75,0.56
1.16,0.94,0.91,1.07,0.73,2.35,0.95,1.03,1.05,1.02,1.04,1.18,Carlos Cortes,666126,SL,17,3,1.37,0.56
0.82,0.36,0.76,1.11,1.37,2.14,0.95,1.02,1.05,1.0,0.9,0.94,Colton Cowser,681297,CH,355,54,0.91,-0.49
0.97,1.53,1.15,0.77,1.18,2.7,1.02,1.01,1.07,1.0,1.01,1.01,Colton Cowser,681297,CU,168,19,2.02,-0.49
1.23,1.73,1.09,0.79,1.05,0.73,0.93,1.16,1.06,1.04,0.95,1.11,Colton Cowser,681297,FF,734,106,1.69,-0.49
0.81,1.11,1.04,0.71,0.92,2.0,0.95,0.91,1.08,1.02,1.59,0.8,Colton Cowser,681297,FS,99,14,1.68,-0.49
1.02,1.12,0.87,0.93,0.81,1.96,0.99,1.03,1.14,1.01,1.72,0.79,Colton Cowser,681297,KC,63,9,1.65,-0.49
1.31,0.99,0.85,0.92,1.46,2.23,0.88,1.15,1.03,1.05,1.84,0.93,Colton Cowser,681297,SI,302,42,1.89,-0.49
0.97,1.36,1.1,1.05,1.01,2.19,0.9,1.09,1.06,0.97,1.13,0.93,Colton Cowser,681297,SL,289,50,1.78,-0.49
1.16,1.25,1.38,0.84,1.16,2.99,0.96,1.06,1.09,1.02,0.66,1.67,Colton Cowser,681297,ST,132,14,1.92,-0.49
1.23,1.5,0.91,1.17,0.92,1.97,1.01,1.08,1.22,1.03,1.09,1.02,Colton Cowser,681297,SV,5,1,1.55,-0.49
1.42,0.51,0.69,1.25,0.5,0.75,0.83,1.15,1.04,1.04,1.49,0.82,J.P. Crawford,641487,CH,171,30,0.84,-0.47
0.93,0.91,0.94,1.18,0.64,2.49,1.06,0.96,1.06,1.0,1.24,1.4,J.P. Crawford,641487,CU,67,8,1.24,-0.47
0.67,0.6,1.38,1.23,0.98,0.63,0.93,0.88,0.99,0.96,0.72,1.19,J.P. Crawford,641487,FF,675,89,0.45,-0.47
1.31,0.73,0.65,0.99,0.61,1.5,0.85,0.95,1.08,1.04,2.58,0.56,J.P. Crawford,641487,FS,47,10,1.41,-0.47
0.94,1.0,0.84,0.99,0.76,2.01,1.06,0.96,1.12,1.0,1.87,0.65,J.P. Crawford,641487,KC,30,7,1.49,-0.47
0.93,0.85,1.08,1.06,1.14,0.83,0.84,0.96,1.03,0.96,0.88,1.01,J.P. Crawford,641487,SI,310,52,0.85,-0.47
1.19,1.04,0.99,1.11,0.74,0.9,1.05,1.14,1.02,0.99,0.93,0.82,J.P. Crawford,641487,SL,304,39,1.09,-0.47
1.03,0.64,1.27,1.0,0.87,2.69,0.97,0.86,1.05,0.97,0.78,1.38,J.P. Crawford,641487,ST,102,19,1.16,-0.47
1.2,1.38,0.9,1.0,0.95,2.03,0.98,1.08,1.21,1.03,1.17,0.92,J.P. Crawford,641487,SV,10,2,1.66,-0.47
0.91,1.29,0.8,0.94,1.01,2.45,0.98,1.11,1.05,1.01,1.62,0.69,Dylan Crews,686611,CH,45,7,1.96,-0.28
0.89,0.82,1.01,0.79,0.84,2.02,1.12,0.94,1.07,0.99,0.99,1.06,Dylan Crews,686611,CU,31,5,1.23,-0.28
0.99,1.78,1.22,0.78,1.29,4.24,0.97,1.1,1.03,1.01,0.64,1.37,Dylan Crews,686611,FF,145,32,2.64,-0.28
1.14,1.23,0.87,0.97,0.84,2.28,0.91,1.02,1.1,1.01,1.56,0.75,Dylan Crews,686611,FS,13,2,1.75,-0.28
0.91,1.05,0.93,1.01,0.78,2.01,1.07,0.97,1.11,0.99,1.23,0.84,Dylan Crews,686611,KC,18,1,1.34,-0.28
1.01,1.77,1.14,0.73,0.86,0.95,1.03,1.07,1.02,1.02,0.62,1.04,Dylan Crews,686611,SI,69,16,1.58,-0.28
0.82,1.06,1.02,0.74,1.06,2.75,0.91,1.03,1.04,1.02,0.88,1.54,Dylan Crews,686611,SL,80,8,1.75,-0.28
1.11,1.0,1.01,1.01,0.86,2.08,0.99,1.14,1.07,1.03,0.66,1.49,Dylan Crews,686611,ST,64,9,1.38,-0.28
1.23,1.05,1.0,1.01,0.93,1.97,1.0,1.03,1.22,1.03,1.02,1.09,Dylan Crews,686611,SV,4,1,1.36,-0.28
1.63,2.67,0.7,1.65,0.89,1.47,0.75,1.25,1.33,1.07,1.47,0.7,Dylan Crews,686611,FO,5,1,2.09,-0.28
1.16,1.23,0.81,1.01,0.88,2.01,0.96,1.02,1.04,1.02,1.7,0.76,Blaine Crim,688760,CH,3,1,1.64,-0.54
0.95,1.13,0.78,0.98,1.78,3.45,1.06,0.97,1.02,0.99,2.68,0.51,Blaine Crim,688760,SI,14,2,2.26,-0.54
1.01,1.01,1.08,0.99,0.83,2.5,0.97,0.98,1.03,1.01,0.85,1.17,Blaine Crim,688760,SL,7,1,1.44,-0.54
0.99,1.35,0.93,0.74,1.01,2.46,0.96,0.87,1.03,1.02,1.66,0.67,Jake Cronenworth,630105,CH,196,41,1.86,-0.96
1.12,0.48,1.08,1.23,0.9,2.64,1.02,0.81,1.04,1.0,1.29,0.74,Jake Cronenworth,630105,CU,180,17,0.97,-0.96
0.83,0.65,1.1,0.79,0.54,0.84,0.9,0.83,1.01,0.97,0.93,1.05,Jake Cronenworth,630105,FF,1118,151,0.74,-0.96
1.14,0.95,0.8,1.33,0.9,2.52,0.92,1.0,1.09,1.03,1.88,0.71,Jake Cronenworth,630105,FS,80,18,1.49,-0.96
0.98,1.06,0.83,1.01,0.79,2.12,0.98,0.97,1.13,1.0,1.83,0.74,Jake Cronenworth,630105,KC,54,5,1.56,-0.96
0.85,0.43,1.26,0.89,0.67,0.86,0.9,0.94,0.99,0.95,-0.18,1.98,Jake Cronenworth,630105,SI,440,108,0.35,-0.96
1.41,2.36,0.78,0.67,0.88,2.08,0.93,1.07,1.0,1.0,1.49,0.57,Jake Cronenworth,630105,SL,295,50,2.48,-0.96
1.2,0.9,0.97,1.11,0.75,2.02,0.97,1.03,1.08,1.05,0.98,0.96,Jake Cronenworth,630105,ST,119,17,1.24,-0.96
1.21,0.99,0.98,0.95,0.93,1.93,0.99,1.03,1.21,1.03,1.05,1.06,Jake Cronenworth,630105,SV,16,4,1.36,-0.96
1.09,0.9,0.8,1.27,0.8,1.12,1.31,1.08,1.02,1.02,1.55,0.9,Pete Crow-Armstrong,691718,CH,149,31,0.9,-0.29
1.15,2.17,0.85,1.45,0.86,1.26,1.37,1.3,1.08,1.0,1.43,1.1,Pete Crow-Armstrong,691718,CU,101,23,1.72,-0.29
1.28,1.87,0.59,0.88,1.49,1.5,1.16,1.19,1.01,1.01,1.44,0.41,Pete Crow-Armstrong,691718,FF,493,86,1.92,-0.29
1.2,0.59,1.11,0.95,0.76,2.42,1.07,0.92,1.08,1.0,0.37,0.98,Pete Crow-Armstrong,691718,FS,79,13,0.98,-0.29
0.93,1.01,0.81,0.88,0.84,2.51,1.14,0.92,1.13,1.0,2.24,0.6,Pete Crow-Armstrong,691718,KC,25,7,1.74,-0.29
0.91,2.26,0.75,0.85,1.62,1.3,1.21,1.15,1.04,0.97,2.93,0.37,Pete Crow-Armstrong,691718,SI,189,40,2.53,-0.29
1.3,0.57,0.97,0.72,1.12,1.74,1.36,0.83,1.01,0.97,1.31,0.87,Pete Crow-Armstrong,691718,SL,159,28,0.89,-0.29
1.02,1.45,0.76,1.35,0.87,3.4,1.26,1.01,1.06,0.99,1.33,0.49,Pete Crow-Armstrong,691718,ST,78,15,1.73,-0.29
1.11,0.95,1.0,0.91,0.91,1.85,1.04,0.94,1.2,1.03,1.18,1.03,Pete Crow-Armstrong,691718,SV,10,4,1.25,-0.29
1.26,1.98,1.05,0.66,1.37,1.24,0.86,1.04,1.12,1.08,0.47,1.5,Oneil Cruz,665833,CH,279,46,1.72,-1.09
1.24,2.23,0.76,0.97,1.53,3.71,0.98,1.22,1.13,1.09,1.52,0.75,Oneil Cruz,665833,CU,254,33,2.9,-1.09
1.42,1.82,1.2,0.8,0.95,0.95,0.88,1.26,1.14,1.07,0.65,1.6,Oneil Cruz,665833,FF,603,106,1.84,-1.09
1.26,2.76,0.76,1.5,0.95,3.1,0.89,1.38,1.14,1.07,1.56,1.06,Oneil Cruz,665833,FS,132,16,2.88,-1.09
1.05,0.83,1.12,0.83,0.89,2.76,1.0,0.91,1.14,1.0,0.52,1.29,Oneil Cruz,665833,KC,82,4,1.32,-1.09
1.21,1.24,1.17,0.46,1.57,1.27,0.88,0.93,1.1,1.06,-0.67,1.75,Oneil Cruz,665833,SI,313,57,1.0,-1.09
1.51,3.38,0.95,0.91,1.34,1.02,0.91,1.36,1.14,1.1,0.92,1.04,Oneil Cruz,665833,SL,387,54,2.77,-1.09
1.49,2.72,1.07,1.61,1.27,3.37,0.9,1.42,1.13,1.08,0.69,1.87,Oneil Cruz,665833,ST,143,15,2.68,-1.09
1.19,1.01,0.97,0.97,0.97,2.07,1.04,1.0,1.2,1.02,1.14,1.1,Oneil Cruz,665833,SV,9,2,1.36,-1.09
1.26,1.12,0.84,1.13,0.85,2.18,0.93,1.04,1.06,1.03,1.48,0.72,Bobby Dalbec,666915,CH,60,7,1.54,-0.72
1.01,0.99,1.02,0.93,0.85,2.13,1.12,0.96,1.08,1.01,1.02,1.12,Bobby Dalbec,666915,CU,33,3,1.29,-0.72
0.94,0.69,1.31,0.87,1.39,4.42,0.96,0.86,1.01,0.97,0.81,1.26,Bobby Dalbec,666915,FF,143,8,1.85,-0.72
1.04,1.31,0.76,1.04,0.77,1.96,0.92,1.01,1.1,1.01,2.42,0.62,Bobby Dalbec,666915,FS,8,1,1.87,-0.72
0.88,1.07,0.83,0.96,1.84,3.42,1.05,0.94,1.02,0.98,2.05,0.63,Bobby Dalbec,666915,SI,48,6,2.02,-0.72
1.04,0.95,0.92,1.08,0.83,2.46,0.95,1.02,1.05,1.02,1.06,1.05,Bobby Dalbec,666915,SL,74,7,1.42,-0.72
1.17,0.99,1.16,1.06,0.83,2.19,1.02,1.03,1.09,1.03,0.79,1.53,Bobby Dalbec,666915,ST,24,5,1.3,-0.72
1.16,1.23,0.89,1.01,0.87,2.1,0.93,1.05,1.04,1.02,1.22,0.82,Logan Davidson,669722,CH,10,1,1.6,0.0
0.92,0.69,1.21,0.82,1.17,3.92,0.96,0.87,1.01,0.98,0.8,1.27,Logan Davidson,669722,FF,26,4,1.7,0.0
1.18,1.4,0.89,1.04,0.85,2.67,0.99,1.05,1.05,1.01,1.4,0.98,Henry Davis,680779,CH,39,5,1.85,-1.37
1.08,0.67,0.61,0.89,0.73,2.12,1.17,0.92,1.06,1.01,1.71,0.67,Henry Davis,680779,CU,21,1,1.18,-1.37
0.95,1.27,0.97,0.95,1.56,1.65,1.23,0.97,1.02,0.97,1.35,0.85,Henry Davis,680779,FF,154,19,1.36,-1.37
1.1,1.26,0.71,1.0,0.84,2.2,0.94,1.0,1.1,1.02,2.53,0.56,Henry Davis,680779,FS,14,2,1.94,-1.37
1.07,1.5,0.83,0.7,1.55,3.3,1.14,1.0,1.02,0.96,3.5,0.5,Henry Davis,680779,SI,115,16,2.85,-1.37
1.24,1.95,0.69,1.48,0.94,1.39,1.01,1.11,1.04,1.01,1.38,0.57,Henry Davis,680779,SL,100,9,1.5,-1.37
1.39,1.11,1.16,0.88,0.86,2.5,1.02,0.98,1.09,1.04,0.88,1.61,Henry Davis,680779,ST,36,3,1.51,-1.37
1.52,2.67,0.7,1.43,0.89,1.47,0.77,1.18,1.31,1.06,1.61,0.7,Henry Davis,680779,FO,1,1,2.17,-1.37
1.11,1.11,0.82,0.94,0.82,2.04,1.02,1.0,1.14,1.01,1.76,0.78,Henry Davis,680779,KC,16,1,1.6,-1.37
1.06,1.44,0.88,1.06,0.91,1.77,0.99,1.11,1.06,1.0,1.45,0.68,Bryan De La Cruz,650559,CH,193,46,1.72,-0.18
1.1,0.74,0.89,0.92,0.88,2.34,1.18,0.89,1.07,1.01,1.37,0.94,Bryan De La Cruz,650559,CU,123,21,1.19,-0.18
1.06,1.1,1.0,1.18,1.31,2.88,1.09,1.01,1.01,0.99,0.95,1.25,Bryan De La Cruz,650559,FF,684,118,1.46,-0.18
1.08,1.3,0.83,0.95,0.82,2.28,0.93,1.01,1.11,1.02,1.99,0.72,Bryan De La Cruz,650559,FS,69,11,1.9,-0.18
1.08,1.45,0.82,0.99,0.83,2.08,1.07,1.09,1.13,1.01,1.76,0.59,Bryan De La Cruz,650559,KC,23,4,1.88,-0.18
1.3,1.56,1.14,0.95,1.2,2.68,0.99,1.0,1.23,1.03,1.21,0.78,Bryan De La Cruz,650559,KN,6,2,1.98,-0.18
1.04,1.1,0.9,1.0,1.76,2.34,1.11,1.05,1.03,1.01,1.73,0.85,Bryan De La Cruz,650559,SI,374,80,1.7,-0.18
1.05,1.1,0.94,1.11,0.91,1.96,0.97,1.02,1.04,1.01,0.96,0.93,Bryan De La Cruz,650559,SL,471,70,1.3,-0.18
1.17,0.66,1.24,1.0,0.91,1.95,1.03,0.94,1.06,1.02,0.73,1.7,Bryan De La Cruz,650559,ST,231,31,0.96,-0.18
0.77,1.28,1.09,1.16,1.16,1.05,0.92,1.06,1.07,0.99,0.61,0.95,Elly De La Cruz,682829,CH,402,69,1.12,0.0
1.05,1.74,1.07,0.91,0.93,2.46,0.82,1.2,1.07,1.01,0.54,1.08,Elly De La Cruz,682829,CU,242,26,2.13,0.0
1.25,1.67,1.34,1.0,1.47,1.07,0.97,1.23,1.08,1.04,0.69,1.79,Elly De La Cruz,682829,FF,906,131,1.65,0.0
1.13,1.62,0.89,0.78,0.98,2.53,0.92,1.0,1.11,1.01,1.94,0.65,Elly De La Cruz,682829,FS,108,11,2.25,0.0
1.05,1.29,0.97,0.9,0.91,2.28,0.95,1.04,1.14,1.01,1.59,0.84,Elly De La Cruz,682829,KC,68,5,1.88,0.0
1.21,1.56,1.14,0.95,1.24,2.92,0.97,0.97,1.22,1.02,1.24,0.78,Elly De La Cruz,682829,KN,11,2,2.03,0.0
1.07,2.46,1.05,1.15,1.56,2.26,0.93,1.17,1.04,1.02,0.87,1.05,Elly De La Cruz,682829,SI,268,45,2.29,0.0
1.09,0.43,1.41,0.79,1.0,1.04,0.95,0.94,1.06,1.02,0.1,1.97,Elly De La Cruz,682829,SL,290,48,0.58,0.0
1.37,1.03,1.09,1.23,1.05,3.15,0.95,1.23,1.11,1.03,0.67,1.68,Elly De La Cruz,682829,ST,160,16,1.73,0.0
1.19,1.01,0.97,0.97,1.0,2.23,1.0,1.03,1.21,1.03,0.98,1.18,Elly De La Cruz,682829,SV,17,2,1.41,0.0
1.23,1.22,0.9,1.04,1.11,3.07,1.04,1.05,1.05,1.01,1.51,0.76,Paul DeJong,657557,CH,190,27,1.92,-0.68
1.12,0.85,0.74,1.18,1.03,2.51,1.16,0.92,1.06,1.01,1.56,0.65,Paul DeJong,657557,CU,105,17,1.21,-0.68
1.38,1.4,0.79,0.94,1.36,2.69,1.11,1.05,1.02,1.0,1.24,0.65,Paul DeJong,657557,FF,621,80,1.82,-0.68
1.04,1.43,0.77,1.18,0.91,2.53,0.94,1.09,1.1,1.02,2.11,0.64,Paul DeJong,657557,FS,26,3,2.02,-0.68
0.97,1.11,0.84,0.94,0.82,2.04,1.05,0.99,1.13,1.0,1.74,0.78,Paul DeJong,657557,KC,24,1,1.58,-0.68
1.03,1.75,0.71,1.14,1.26,2.56,1.27,1.19,1.02,0.99,2.83,0.43,Paul DeJong,657557,SI,302,63,2.44,-0.68
1.04,0.79,0.7,1.4,0.91,1.82,1.11,0.9,1.02,0.97,1.54,0.83,Paul DeJong,657557,SL,313,51,0.78,-0.68
1.14,0.81,0.9,0.88,0.97,2.67,1.11,0.97,1.06,1.03,1.09,0.73,Paul DeJong,657557,ST,120,23,1.43,-0.68
1.19,1.46,0.88,1.14,0.98,2.07,1.03,1.2,1.21,1.03,1.11,0.88,Paul DeJong,657557,SV,8,2,1.75,-0.68
1.52,2.67,0.77,1.43,0.89,1.47,0.77,1.17,1.31,1.06,1.38,0.75,Paul DeJong,657557,FO,1,1,2.11,-0.68
1.04,1.02,0.84,1.0,0.91,2.35,1.0,0.94,1.04,1.0,1.78,0.86,Jonny DeLuca,676356,CH,97,22,1.54,-0.35
0.93,0.79,1.0,1.06,0.77,2.23,1.09,0.92,1.06,0.99,1.02,1.28,Jonny DeLuca,676356,CU,75,18,1.08,-0.35
0.78,0.78,1.2,0.9,1.09,3.4,1.0,0.87,1.0,0.94,0.92,0.96,Jonny DeLuca,676356,FF,372,52,1.59,-0.35
1.04,1.21,0.85,0.99,0.74,1.95,0.92,1.03,1.09,1.01,1.69,0.76,Jonny DeLuca,676356,FS,31,4,1.67,-0.35
0.94,1.07,0.8,0.91,0.74,1.9,1.03,0.95,1.13,1.0,2.04,0.63,Jonny DeLuca,676356,KC,11,2,1.58,-0.35
0.86,0.73,0.83,0.93,1.58,2.46,1.09,0.96,1.02,0.99,2.22,0.57,Jonny DeLuca,676356,SI,236,48,1.63,-0.35
0.98,0.56,1.13,1.03,0.78,2.02,1.04,0.95,1.02,0.97,0.85,1.33,Jonny DeLuca,676356,SL,262,52,0.96,-0.35
1.1,0.82,1.19,0.95,0.93,2.7,1.11,1.0,1.07,1.01,0.78,1.56,Jonny DeLuca,676356,ST,126,29,1.37,-0.35
1.07,0.99,0.94,0.94,1.01,2.33,1.03,1.0,1.2,1.01,1.06,1.03,Jonny DeLuca,676356,SV,17,3,1.43,-0.35
1.21,1.12,0.76,1.36,0.91,2.14,0.97,1.14,1.06,1.03,1.57,0.71,Adrian Del Castillo,680728,CH,52,7,1.5,0.05
1.09,0.89,0.88,0.95,0.95,2.43,1.03,0.96,1.07,1.02,1.36,0.75,Adrian Del Castillo,680728,CU,19,2,1.45,0.05
0.93,0.59,0.77,0.97,1.17,3.2,1.08,0.76,1.01,0.98,1.2,0.53,Adrian Del Castillo,680728,FF,106,18,1.17,0.05
1.04,1.31,0.74,1.17,0.82,2.01,0.9,1.08,1.1,1.02,2.17,0.62,Adrian Del Castillo,680728,FS,16,1,1.82,0.05
0.93,0.97,0.74,1.15,1.89,3.34,1.0,0.95,1.02,0.98,3.05,0.51,Adrian Del Castillo,680728,SI,55,14,2.13,0.05
1.12,1.45,0.91,0.95,0.92,2.76,0.94,1.08,1.05,1.02,1.04,0.88,Adrian Del Castillo,680728,SL,35,3,1.94,0.05
1.15,0.99,1.13,0.98,0.91,2.45,1.05,1.0,1.07,1.02,0.86,1.56,Adrian Del Castillo,680728,ST,17,2,1.39,0.05
1.52,1.2,1.13,0.79,1.1,1.04,0.95,1.04,1.05,1.07,0.59,1.69,Rafael Devers,646240,CH,186,48,1.17,-1.3
1.27,2.4,0.51,1.24,1.01,2.67,1.17,1.46,1.09,1.07,1.4,0.8,Rafael Devers,646240,CU,141,26,2.61,-1.3
1.53,1.9,0.82,0.77,1.71,0.82,0.99,1.35,1.06,1.06,1.04,0.88,Rafael Devers,646240,FF,907,69,2.0,-1.3
1.33,2.01,0.69,1.03,0.89,2.27,0.98,1.4,1.11,1.06,1.34,0.61,Rafael Devers,646240,FS,81,24,2.48,-1.3
1.02,1.34,0.8,1.05,0.85,2.36,1.07,0.97,1.13,1.01,1.86,0.7,Rafael Devers,646240,KC,40,9,1.72,-1.3
1.35,1.62,1.07,0.99,1.16,2.78,0.95,1.04,1.24,1.03,1.23,0.89,Rafael Devers,646240,KN,3,1,2.05,-1.3
1.23,1.41,1.21,0.84,1.26,0.98,1.07,1.02,1.05,1.03,-0.66,1.69,Rafael Devers,646240,SI,354,81,0.82,-1.3
1.47,2.63,0.67,1.25,0.95,1.04,1.06,1.31,1.07,1.05,1.45,0.71,Rafael Devers,646240,SL,288,51,2.13,-1.3
1.27,0.56,0.98,1.38,0.96,2.86,0.98,1.07,1.08,1.04,0.73,1.62,Rafael Devers,646240,ST,130,24,1.06,-1.3
1.21,1.35,0.82,1.07,0.86,2.07,1.02,1.12,1.21,1.04,1.18,0.78,Rafael Devers,646240,SV,20,7,1.64,-1.3
1.47,2.57,0.82,1.37,0.89,1.66,0.78,1.13,1.3,1.05,1.29,0.81,Rafael Devers,646240,FO,9,2,2.08,-1.3
1.11,1.95,0.74,1.1,1.0,2.05,0.94,1.15,1.06,1.03,1.86,0.73,Zach Dezenzo,701305,CH,14,2,2.18,-1.38
0.97,0.96,1.04,1.09,0.87,2.16,1.09,1.01,1.08,1.0,1.17,1.18,Zach Dezenzo,701305,CU,17,2,1.31,-1.38
0.98,1.04,0.9,1.09,1.3,3.79,0.97,0.93,1.03,0.98,1.1,0.79,Zach Dezenzo,701305,FF,68,3,1.77,-1.38
1.04,1.27,0.85,1.01,0.81,2.06,0.9,1.01,1.09,1.01,2.03,0.69,Zach Dezenzo,701305,FS,10,1,1.81,-1.38
0.86,1.29,0.88,1.16,1.21,2.21,1.09,1.13,1.03,0.99,2.11,0.7,Zach Dezenzo,701305,SI,45,13,1.9,-1.38
1.08,1.18,1.03,1.06,0.99,2.95,0.88,1.06,1.04,1.0,0.78,1.23,Zach Dezenzo,701305,SL,37,8,1.72,-1.38
1.18,1.31,1.12,0.93,0.9,2.32,1.04,1.03,1.08,1.03,0.84,1.28,Zach Dezenzo,701305,ST,24,2,1.61,-1.38
1.15,1.05,1.0,1.01,0.93,1.97,1.02,1.01,1.2,1.02,0.96,1.09,Zach Dezenzo,701305,SV,1,1,1.31,-1.38
1.04,1.11,0.91,0.94,0.73,1.81,1.04,0.98,1.14,1.01,1.71,0.78,Zach Dezenzo,701305,KC,3,1,1.51,-1.38
1.07,1.05,0.8,0.84,0.96,2.13,1.05,0.92,1.04,1.01,1.42,0.77,Elias Diaz,553869,CH,136,33,1.43,-0.34
1.21,0.91,1.04,0.84,0.86,2.25,1.12,0.93,1.07,1.01,0.9,1.3,Elias Diaz,553869,CU,93,20,1.25,-0.34
0.9,0.63,1.19,0.93,1.54,1.14,0.98,0.8,1.02,0.99,1.14,1.69,Elias Diaz,553869,FF,369,43,0.69,-0.34
1.17,2.07,0.72,0.96,0.87,2.06,0.92,1.18,1.11,1.03,2.21,0.56,Elias Diaz,553869,FS,25,3,2.5,-0.34
1.01,1.0,0.9,0.84,0.88,2.16,1.1,0.92,1.12,1.01,1.5,0.78,Elias Diaz,553869,KC,26,4,1.46,-0.34
1.3,1.56,1.04,0.95,1.18,2.68,0.97,1.03,1.23,1.03,1.26,0.78,Elias Diaz,553869,KN,3,2,2.01,-0.34
1.06,1.09,0.99,0.9,0.95,0.79,1.16,0.9,1.04,1.0,1.98,0.87,Elias Diaz,553869,SI,257,76,1.15,-0.34
0.63,0.51,0.93,0.89,1.22,1.01,1.11,0.82,1.02,0.97,0.97,1.67,Elias Diaz,553869,SL,197,39,0.45,-0.34
0.7,0.49,1.07,0.77,1.06,2.54,1.12,0.77,1.02,0.97,1.02,1.11,Elias Diaz,553869,ST,108,21,1.04,-0.34
1.18,1.02,0.98,0.98,0.97,1.94,1.01,1.04,1.21,1.03,1.02,1.15,Elias Diaz,553869,SV,17,1,1.35,-0.34
0.82,1.01,1.21,0.62,1.0,1.16,1.19,0.96,1.04,0.97,0.72,1.28,Yainer Diaz,673237,CH,221,65,1.15,-0.91
1.11,0.53,1.29,0.91,0.99,1.97,1.26,0.9,1.09,1.03,0.27,3.58,Yainer Diaz,673237,CU,138,31,0.49,-0.91
1.13,0.96,1.01,1.15,0.98,1.76,1.21,1.08,1.03,1.03,0.92,1.24,Yainer Diaz,673237,FF,628,86,1.1,-0.91
1.05,1.25,0.87,1.07,0.77,2.46,1.03,1.08,1.1,1.0,1.56,0.84,Yainer Diaz,673237,FS,58,16,1.78,-0.91
1.0,1.03,0.88,1.01,0.78,2.1,1.06,0.98,1.13,1.0,1.69,0.78,Yainer Diaz,673237,KC,52,4,1.49,-0.91
1.35,1.62,1.07,0.99,1.16,2.78,0.96,1.05,1.24,1.03,1.24,0.89,Yainer Diaz,673237,KN,1,1,2.07,-0.91
1.03,1.27,1.05,0.99,0.62,1.32,1.25,1.08,1.03,1.04,0.29,1.87,Yainer Diaz,673237,SI,323,97,0.97,-0.91
1.01,1.05,0.97,1.04,0.85,1.33,1.23,1.11,1.04,1.02,0.81,1.09,Yainer Diaz,673237,SL,384,102,1.09,-0.91
0.8,0.95,1.31,0.91,0.91,1.27,1.4,0.87,1.06,0.98,0.62,2.01,Yainer Diaz,673237,ST,182,48,0.68,-0.91
1.16,0.91,0.96,1.03,0.94,1.95,0.98,1.04,1.21,1.01,0.87,1.1,Yainer Diaz,673237,SV,22,5,1.23,-0.91
1.39,1.29,0.98,0.93,0.54,1.08,1.12,1.06,1.1,1.07,0.37,1.51,Yandy Diaz,650490,CH,176,44,1.0,-0.9
1.17,0.86,1.0,0.62,0.41,1.69,1.1,1.0,1.1,1.05,0.79,2.99,Yandy Diaz,650490,CU,105,28,1.08,-0.9
1.3,1.48,0.95,1.15,0.95,0.8,0.91,1.26,1.05,1.06,0.83,1.31,Yandy Diaz,650490,FF,797,113,1.38,-0.9
1.08,0.72,0.89,1.0,0.65,2.22,0.91,0.98,1.1,1.02,1.39,1.11,Yandy Diaz,650490,FS,79,18,1.32,-0.9
1.02,1.11,0.89,0.94,0.78,2.09,1.04,0.96,1.14,1.0,1.65,0.75,Yandy Diaz,650490,KC,16,1,1.55,-0.9
1.09,1.05,1.17,0.9,0.94,0.91,0.88,1.03,1.06,1.02,-0.52,1.87,Yandy Diaz,650490,SI,559,111,0.68,-0.9
1.32,1.39,1.3,0.97,0.52,0.95,0.89,0.97,1.08,1.06,0.23,2.71,Yandy Diaz,650490,SL,362,86,0.91,-0.9
1.33,1.08,0.94,0.91,0.72,2.16,1.02,1.15,1.11,1.07,0.77,1.24,Yandy Diaz,650490,ST,164,36,1.54,-0.9
1.16,1.29,1.05,1.09,0.95,2.0,1.01,1.12,1.21,1.02,0.85,1.21,Yandy Diaz,650490,SV,15,4,1.52,-0.9
1.29,1.46,0.57,1.74,0.73,2.47,1.03,1.28,1.04,1.04,1.95,0.56,Dillon Dingler,693307,CH,34,5,1.76,-0.86
0.95,1.36,0.96,1.12,1.05,2.8,1.04,1.09,1.07,1.0,1.25,0.95,Dillon Dingler,693307,CU,13,1,1.85,-0.86
1.07,0.92,0.51,1.22,1.13,1.07,1.02,1.18,1.01,1.01,1.21,0.73,Dillon Dingler,693307,FF,110,17,1.0,-0.86
1.21,2.06,0.7,1.02,0.76,2.23,1.0,1.27,1.1,1.02,2.31,0.53,Dillon Dingler,693307,FS,7,1,2.62,-0.86
1.05,1.05,0.84,0.9,0.82,1.96,1.04,0.95,1.13,1.01,1.75,0.63,Dillon Dingler,693307,KC,7,2,1.52,-0.86
1.13,1.98,1.01,0.94,0.94,1.18,1.01,1.19,1.04,1.0,1.44,0.74,Dillon Dingler,693307,SI,68,12,2.02,-0.86
0.84,0.3,0.88,1.27,0.67,1.19,1.1,0.92,1.05,0.98,1.14,1.26,Dillon Dingler,693307,SL,36,8,0.36,-0.86
1.21,0.55,0.92,1.39,1.24,3.92,1.08,1.07,1.06,1.04,0.82,1.74,Dillon Dingler,693307,ST,33,4,1.33,-0.86
1.15,1.05,0.91,1.01,1.04,2.39,0.98,1.01,1.21,1.02,1.2,1.02,Dillon Dingler,693307,SV,20,1,1.5,-0.86
0.84,1.05,1.0,0.52,0.94,1.33,1.09,0.94,1.05,1.01,1.11,0.71,Jasson Dominguez,691176,CH,37,9,1.4,0.0
1.06,0.37,1.47,1.1,1.08,1.11,0.86,0.93,1.02,0.98,0.79,2.02,Jasson Dominguez,691176,FF,125,13,0.62,0.0
0.99,1.05,0.91,1.01,0.84,2.35,1.07,0.95,1.13,0.99,1.85,0.69,Jasson Dominguez,691176,KC,3,1,1.6,0.0
1.42,1.66,0.78,0.61,0.88,0.98,0.98,0.94,1.02,1.04,2.84,0.34,Jasson Dominguez,691176,SI,13,3,2.04,0.0
1.91,1.15,0.63,1.12,1.02,1.41,1.17,1.24,1.07,1.08,1.21,0.78,Jasson Dominguez,691176,SL,32,7,1.31,0.0
1.45,0.78,1.11,1.02,0.89,3.03,1.04,0.95,1.08,1.03,0.89,1.5,Jasson Dominguez,691176,ST,13,1,1.36,0.0
1.69,1.05,0.83,1.08,1.08,3.35,1.37,1.39,1.1,1.08,0.8,2.59,Jasson Dominguez,691176,CU,125,24,1.78,0.0
1.11,1.71,1.01,1.31,0.76,2.58,0.96,1.04,1.11,1.02,1.03,1.22,Jasson Dominguez,691176,FS,81,16,1.72,0.0
1.23,1.05,0.91,1.01,0.93,2.05,1.01,1.04,1.21,1.02,1.14,0.89,Jasson Dominguez,691176,SV,2,1,1.42,0.0
1.2,1.42,0.89,1.42,0.66,0.97,0.98,1.18,1.01,1.04,0.81,1.27,Brendan Donovan,680977,CH,228,53,1.07,-0.83
1.0,0.87,0.61,1.14,0.54,1.42,0.86,0.93,1.02,1.01,1.55,0.53,Brendan Donovan,680977,CU,175,35,1.02,-0.83
0.89,0.97,1.18,1.09,0.39,0.85,0.9,0.95,1.02,0.99,0.92,1.08,Brendan Donovan,680977,FF,908,186,0.9,-0.83
1.13,1.11,0.81,1.19,0.78,2.17,0.94,1.06,1.09,1.03,1.26,0.91,Brendan Donovan,680977,FS,91,20,1.43,-0.83
1.07,0.94,0.84,0.97,0.72,1.97,1.04,0.95,1.12,1.01,1.9,0.6,Brendan Donovan,680977,KC,33,7,1.46,-0.83
0.95,0.59,1.06,1.05,0.63,0.87,0.89,0.81,1.02,0.99,0.35,1.03,Brendan Donovan,680977,SI,393,85,0.34,-0.83
1.08,0.65,1.07,1.2,0.6,0.84,0.92,0.94,1.03,1.03,0.69,1.83,Brendan Donovan,680977,SL,291,49,0.45,-0.83
1.15,1.18,0.98,1.65,0.77,2.41,1.0,1.23,1.07,1.04,0.78,1.53,Brendan Donovan,680977,ST,138,29,1.3,-0.83
1.12,1.02,1.05,0.98,0.92,1.98,0.98,0.99,1.2,1.01,0.9,1.16,Brendan Donovan,680977,SV,12,1,1.3,-0.83
1.2,1.48,0.88,1.53,1.06,2.97,1.0,1.22,1.06,1.02,1.04,1.21,Brenton Doyle,686668,CH,150,27,1.77,-0.55
0.86,1.25,1.0,0.91,0.77,1.6,1.18,0.93,1.07,1.01,0.89,1.06,Brenton Doyle,686668,CU,144,22,1.18,-0.55
1.17,1.43,1.36,0.87,1.28,1.19,1.03,1.08,1.02,1.02,0.7,1.31,Brenton Doyle,686668,FF,641,119,1.47,-0.55
1.1,1.75,0.71,1.03,0.86,2.26,0.97,1.2,1.1,1.01,2.47,0.51,Brenton Doyle,686668,FS,33,4,2.44,-0.55
1.04,1.69,0.84,1.03,0.79,2.07,1.07,1.05,1.13,1.01,1.75,0.71,Brenton Doyle,686668,KC,52,7,1.91,-0.55
0.93,1.35,0.98,0.85,0.63,1.06,0.99,1.05,1.02,1.0,0.8,1.12,Brenton Doyle,686668,SI,406,96,1.3,-0.55
0.95,0.89,1.01,0.94,1.2,0.94,1.12,0.98,1.04,1.0,0.86,1.08,Brenton Doyle,686668,SL,354,54,0.85,-0.55
0.79,1.57,1.11,1.53,1.04,0.79,1.14,1.19,1.06,1.0,0.89,1.16,Brenton Doyle,686668,ST,152,33,1.1,-0.55
1.13,1.01,0.97,1.01,0.94,2.11,1.03,1.01,1.2,1.0,0.98,0.98,Brenton Doyle,686668,SV,18,2,1.33,-0.55
1.63,2.67,0.77,1.43,0.88,1.65,0.77,1.2,1.32,1.07,1.43,0.75,Brenton Doyle,686668,FO,13,1,2.21,-0.55
0.71,0.42,1.09,0.93,0.78,1.61,1.06,0.83,1.06,0.98,0.57,1.3,Mauricio Dubon,643289,CH,106,27,0.57,-0.54
0.6,0.69,1.04,1.08,0.56,1.81,1.23,0.86,1.04,0.94,1.27,1.14,Mauricio Dubon,643289,CU,69,22,0.86,-0.54
0.63,0.09,1.18,0.86,0.86,1.42,1.12,0.72,0.96,0.94,0.98,0.88,Mauricio Dubon,643289,FF,482,95,0.41,-0.54
1.01,1.45,0.9,1.07,0.66,1.84,0.96,1.0,1.08,1.0,1.89,0.73,Mauricio Dubon,643289,FS,30,5,1.73,-0.54
1.0,0.92,0.8,0.85,0.65,1.86,1.1,0.88,1.11,1.0,1.89,0.68,Mauricio Dubon,643289,KC,26,12,1.35,-0.54
0.72,0.66,0.79,1.04,0.4,1.38,1.08,0.98,1.02,0.97,2.65,0.6,Mauricio Dubon,643289,SI,288,76,1.34,-0.54
0.51,0.05,1.32,1.04,0.68,1.09,1.2,0.79,1.01,0.92,0.74,1.39,Mauricio Dubon,643289,SL,223,57,0.17,-0.54
0.61,0.41,1.02,0.74,0.69,2.18,1.12,0.8,1.01,0.96,1.09,0.78,Mauricio Dubon,643289,ST,105,34,0.99,-0.54
1.15,1.05,0.91,1.01,0.97,2.05,1.01,1.01,1.2,1.01,1.24,1.02,Mauricio Dubon,643289,SV,4,1,1.4,-0.54
1.29,1.08,0.94,1.01,0.82,2.03,0.91,1.06,1.07,1.04,1.28,1.02,Blake Dunn,694362,CH,21,3,1.53,0.11
0.9,1.12,1.48,0.95,1.43,3.86,0.92,1.0,1.01,0.94,0.61,1.54,Blake Dunn,694362,FF,36,3,2.03,0.11
1.07,1.27,0.85,1.01,0.75,1.9,0.91,1.01,1.1,1.01,1.9,0.69,Blake Dunn,694362,FS,4,1,1.72,0.11
0.76,0.97,1.11,0.77,1.77,3.84,1.0,0.89,1.01,0.96,1.12,0.97,Blake Dunn,694362,SI,15,3,1.96,0.11
0.98,0.91,1.07,1.13,0.79,2.66,0.92,0.96,1.04,1.0,0.95,1.28,Blake Dunn,694362,SL,23,4,1.35,0.11
1.02,0.95,0.86,1.03,0.87,2.24,1.11,1.02,1.08,1.02,1.22,0.93,Blake Dunn,694362,CU,28,3,1.35,0.11
1.28,1.46,1.17,0.99,0.84,2.31,1.06,1.13,1.09,1.04,0.75,1.36,Blake Dunn,694362,ST,8,1,1.75,0.11
1.18,1.11,0.98,1.07,0.9,2.01,0.91,1.0,1.06,1.02,1.37,0.87,Oliver Dunn,686554,CH,37,6,1.48,0.54
1.04,1.0,0.94,0.94,0.83,2.06,1.06,0.98,1.08,1.01,1.21,0.94,Oliver Dunn,686554,CU,34,2,1.37,0.54
0.92,0.83,1.46,0.74,1.42,3.46,0.94,0.95,1.02,0.96,0.64,1.82,Oliver Dunn,686554,FF,133,19,1.78,0.54
1.03,1.27,0.83,1.01,0.81,1.97,0.9,1.04,1.1,1.02,1.7,0.7,Oliver Dunn,686554,FS,20,4,1.72,0.54
0.97,1.11,0.91,0.94,0.75,1.81,1.04,0.96,1.13,1.0,1.58,0.78,Oliver Dunn,686554,KC,6,1,1.45,0.54
1.01,0.96,0.76,1.03,1.71,2.91,1.02,1.01,1.04,1.0,2.34,0.57,Oliver Dunn,686554,SI,63,10,1.93,0.54
1.0,0.86,1.05,1.12,0.81,2.16,0.98,0.98,1.04,1.01,0.84,1.3,Oliver Dunn,686554,SL,44,6,1.14,0.54
1.21,1.03,1.17,1.14,0.84,2.15,1.02,1.07,1.09,1.03,0.73,1.56,Oliver Dunn,686554,ST,23,1,1.29,0.54
1.15,1.05,0.91,1.01,0.93,1.97,1.01,1.03,1.21,1.02,1.13,0.89,Oliver Dunn,686554,SV,3,1,1.38,0.54
1.05,1.44,1.01,1.04,0.87,1.91,1.08,1.04,1.06,1.02,1.15,1.01,Ezequiel Duran,677649,CH,85,29,1.56,0.01
0.98,0.77,0.96,0.96,0.84,2.4,1.09,0.88,1.08,0.98,1.54,0.83,Ezequiel Duran,677649,CU,37,3,1.31,0.01
1.01,0.17,1.31,0.79,1.11,3.82,1.09,0.8,1.0,0.96,0.53,1.42,Ezequiel Duran,677649,FF,313,50,1.2,0.01
1.01,1.24,0.87,1.02,0.74,2.08,0.92,1.01,1.09,1.01,1.63,0.72,Ezequiel Duran,677649,FS,17,4,1.67,0.01
0.98,1.06,0.83,1.04,0.73,2.16,1.06,0.98,1.13,1.01,1.82,0.64,Ezequiel Duran,677649,KC,17,3,1.54,0.01
0.88,0.66,0.9,1.01,1.42,2.27,1.12,0.96,1.02,0.98,1.76,0.81,Ezequiel Duran,677649,SI,187,43,1.33,0.01
0.98,0.49,1.12,0.99,0.92,2.26,1.07,0.87,1.05,0.97,0.92,1.45,Ezequiel Duran,677649,SL,185,35,0.91,0.01
1.01,0.58,1.24,0.78,0.96,3.07,1.15,0.86,1.07,0.98,1.05,1.68,Ezequiel Duran,677649,ST,96,22,1.35,0.01
1.23,1.05,0.91,1.17,0.93,1.97,1.01,1.04,1.21,1.03,1.1,1.02,Ezequiel Duran,677649,SV,3,1,1.26,0.01
1.09,0.85,0.91,0.8,1.01,0.95,1.0,0.95,1.13,1.05,1.11,1.27,Jarren Duran,680776,CH,245,54,0.95,-0.89
1.07,0.62,1.27,0.71,1.07,2.77,1.15,0.85,1.08,1.02,0.32,2.12,Jarren Duran,680776,CU,187,46,1.05,-0.89
1.15,1.27,0.95,1.06,1.15,1.08,0.96,1.11,1.06,1.03,0.92,1.09,Jarren Duran,680776,FF,1039,142,1.25,-0.89
1.0,1.89,0.79,0.95,1.02,2.67,0.98,1.28,1.12,1.05,1.25,0.63,Jarren Duran,680776,FS,101,26,2.45,-0.89
0.88,1.11,1.05,1.01,0.76,2.12,1.01,0.97,1.11,0.99,1.14,1.01,Jarren Duran,680776,KC,45,9,1.42,-0.89
1.35,2.31,1.07,1.14,1.16,2.78,0.94,1.16,1.24,1.03,1.29,0.83,Jarren Duran,680776,KN,4,1,2.51,-0.89
0.99,0.95,1.21,0.93,1.31,1.13,0.89,1.01,1.04,1.01,-0.98,1.6,Jarren Duran,680776,SI,403,82,0.56,-0.89
1.15,1.61,0.8,1.12,1.12,1.17,1.08,1.1,1.06,1.04,1.1,1.39,Jarren Duran,680776,SL,391,69,1.32,-0.89
1.25,1.54,0.97,1.13,0.91,2.63,1.07,0.95,1.1,1.03,0.95,0.89,Jarren Duran,680776,ST,140,21,1.59,-0.89
1.32,0.94,1.01,1.02,0.96,1.95,1.01,1.02,1.21,1.04,0.97,1.17,Jarren Duran,680776,SV,21,8,1.25,-0.89
1.58,2.57,0.75,1.37,0.88,1.54,0.77,1.2,1.33,1.07,1.38,0.81,Jarren Duran,680776,FO,4,2,2.14,-0.89
0.98,1.19,0.93,0.88,0.75,1.97,0.93,0.82,1.01,0.97,1.32,0.78,Caleb Durbin,702332,CH,84,14,1.36,-0.65
0.93,0.63,1.12,0.74,0.71,1.87,0.98,0.92,1.05,0.99,0.65,1.44,Caleb Durbin,702332,CU,93,12,1.05,-0.65
0.63,0.61,1.21,0.85,0.28,1.08,0.91,0.72,0.97,0.92,1.15,0.76,Caleb Durbin,702332,FF,440,110,0.74,-0.65
1.52,2.67,0.7,1.43,0.89,1.47,0.77,1.16,1.31,1.06,1.63,0.7,Caleb Durbin,702332,FO,1,1,2.15,-0.65
0.98,1.04,0.73,0.98,0.77,1.97,0.9,0.91,1.07,1.0,2.45,0.66,Caleb Durbin,702332,FS,48,7,1.64,-0.65
0.94,1.07,0.88,1.05,0.79,1.9,1.05,0.99,1.13,1.0,1.51,0.78,Caleb Durbin,702332,KC,12,2,1.39,-0.65
0.71,0.38,1.26,0.81,0.46,0.89,0.95,0.82,1.02,0.95,-0.12,2.51,Caleb Durbin,702332,SI,295,76,0.17,-0.65
0.54,0.0,0.78,1.13,0.85,0.88,0.97,0.94,1.04,0.95,1.0,1.24,Caleb Durbin,702332,SL,218,41,0.22,-0.65
0.84,0.36,1.33,0.96,0.71,2.09,0.92,0.8,1.04,0.96,1.04,2.37,Caleb Durbin,702332,ST,127,20,0.8,-0.65
1.21,1.1,0.89,0.91,0.76,2.14,0.95,1.0,1.05,1.03,1.28,0.82,Nate Eaton,681987,CH,21,4,1.55,-0.73
1.01,1.01,1.01,0.95,0.85,2.2,1.1,0.98,1.07,1.01,1.1,1.07,Nate Eaton,681987,CU,18,1,1.37,-0.73
0.96,0.66,1.3,0.79,1.06,4.26,0.9,0.88,1.01,0.98,0.73,1.21,Nate Eaton,681987,FF,47,5,1.86,-0.73
1.11,1.11,0.91,0.94,0.74,1.81,1.04,0.99,1.12,1.01,1.62,0.78,Nate Eaton,681987,KC,7,1,1.5,-0.73
0.95,1.63,0.78,0.98,1.84,3.3,1.04,1.14,1.02,1.0,2.3,0.51,Nate Eaton,681987,SI,11,2,2.6,-0.73
1.17,0.87,0.84,0.85,0.78,2.38,1.03,0.97,1.02,1.01,1.19,0.79,Nate Eaton,681987,SL,19,5,1.43,-0.73
1.15,0.99,1.24,1.11,0.8,2.05,1.03,1.05,1.06,1.02,0.74,1.35,Nate Eaton,681987,ST,6,2,1.28,-0.73
1.05,0.4,1.4,0.48,0.79,1.13,0.88,0.8,1.05,1.02,0.23,1.68,Tommy Edman,669242,CH,104,15,0.69,0.0
1.11,1.13,1.01,1.28,0.95,2.58,1.05,1.15,1.05,1.03,0.63,1.51,Tommy Edman,669242,CU,49,4,1.41,0.0
0.63,0.51,1.12,1.04,0.89,1.19,0.97,0.9,1.0,0.93,1.0,0.82,Tommy Edman,669242,FF,190,43,0.74,0.0
0.84,0.89,0.86,1.13,0.71,1.83,0.92,1.05,1.09,1.0,1.46,0.7,Tommy Edman,669242,FS,24,7,1.36,0.0
1.11,0.84,0.85,1.1,0.67,1.79,1.07,0.93,1.11,1.01,1.58,0.74,Tommy Edman,669242,KC,6,1,1.12,0.0
0.99,0.97,0.86,1.19,1.22,1.02,1.02,1.09,1.02,1.01,1.36,0.72,Tommy Edman,669242,SI,49,9,1.08,0.0
1.34,0.58,1.12,1.37,0.57,1.79,1.09,0.99,1.03,1.02,0.76,1.33,Tommy Edman,669242,SL,57,12,0.67,0.0
1.24,1.15,0.99,1.02,0.8,2.29,0.93,1.04,1.08,1.03,0.86,0.96,Tommy Edman,669242,ST,32,1,1.51,0.0
0.37,0.0,1.23,0.66,0.6,1.03,0.97,0.77,1.0,0.91,0.69,1.2,Xavier Edwards,669364,CH,147,37,0.42,0.0
0.44,0.17,1.05,1.29,0.71,2.2,0.99,0.83,1.01,0.95,0.6,1.26,Xavier Edwards,669364,CU,96,22,0.43,0.0
0.74,0.19,1.37,1.12,0.55,0.87,0.97,0.8,0.98,0.94,0.58,1.46,Xavier Edwards,669364,FF,445,59,0.18,0.0
0.74,0.76,1.02,0.73,0.78,2.32,0.88,0.83,1.06,0.99,1.04,0.73,Xavier Edwards,669364,FS,32,4,1.35,0.0
0.99,0.89,0.82,1.07,0.66,1.59,1.02,0.97,1.12,1.01,1.67,0.8,Xavier Edwards,669364,KC,19,7,1.2,0.0
1.25,1.62,1.18,0.99,1.16,2.78,0.95,1.0,1.23,1.02,1.09,0.89,Xavier Edwards,669364,KN,3,1,2.0,0.0
0.75,0.18,1.05,0.74,0.49,0.68,1.02,0.83,0.99,0.98,0.91,1.4,Xavier Edwards,669364,SI,175,33,0.37,0.0
0.7,0.15,0.83,1.12,0.34,0.93,1.07,0.92,1.03,0.99,1.07,0.76,Xavier Edwards,669364,SL,92,17,0.33,0.0
0.86,0.39,1.04,1.32,0.57,1.56,0.97,1.05,1.04,1.0,0.7,1.15,Xavier Edwards,669364,ST,53,10,0.66,0.0
1.52,2.67,0.77,1.43,0.92,1.59,0.77,1.17,1.31,1.05,1.46,0.75,Xavier Edwards,669364,FO,4,1,2.17,0.0
1.19,1.01,1.06,0.97,0.91,2.07,1.0,1.01,1.21,1.01,0.8,1.18,Xavier Edwards,669364,SV,8,2,1.32,0.0
1.21,1.1,0.89,1.07,0.77,2.06,0.91,1.01,1.06,1.01,1.34,0.76,Tim Elko,671284,CH,24,4,1.48,-0.67
1.13,1.41,0.89,0.92,0.85,2.31,1.15,1.05,1.09,1.02,1.2,0.93,Tim Elko,671284,CU,19,2,1.71,-0.67
0.96,0.99,1.57,0.93,1.15,3.64,0.98,1.0,1.03,0.97,0.41,1.68,Tim Elko,671284,FF,69,5,1.83,-0.67
0.89,0.9,1.06,0.77,1.72,3.32,1.0,0.83,1.04,1.0,1.09,0.78,Tim Elko,671284,SI,44,8,1.67,-0.67
1.24,0.87,0.94,1.0,1.05,2.85,1.01,1.02,1.05,1.03,0.95,1.18,Tim Elko,671284,SL,42,5,1.47,-0.67
1.24,1.28,1.08,0.82,0.86,2.12,1.02,1.05,1.1,1.04,1.08,1.26,Tim Elko,671284,ST,28,6,1.69,-0.67
1.14,0.93,1.18,0.77,0.76,1.79,0.89,0.9,1.06,1.02,0.72,1.38,Jerar Encarnacion,666464,CH,46,8,1.21,-0.62
1.14,0.77,1.06,0.72,0.83,2.15,1.14,0.96,1.09,1.03,1.08,1.09,Jerar Encarnacion,666464,CU,33,8,1.34,-0.62
1.18,1.33,1.25,1.0,1.18,3.36,0.98,1.18,1.03,1.01,0.76,1.12,Jerar Encarnacion,666464,FF,123,13,2.16,-0.62
1.04,1.31,0.74,1.04,0.75,1.93,0.91,1.02,1.1,1.02,2.31,0.53,Jerar Encarnacion,666464,FS,6,1,1.84,-0.62
1.11,1.11,0.82,1.09,0.74,1.88,1.04,1.03,1.14,1.01,1.78,0.72,Jerar Encarnacion,666464,KC,9,1,1.5,-0.62
1.25,1.62,1.07,0.99,1.2,2.89,0.96,1.05,1.23,1.03,1.24,0.89,Jerar Encarnacion,666464,KN,2,1,2.1,-0.62
1.05,1.06,0.73,1.13,1.73,3.24,1.04,1.06,1.03,1.0,2.19,0.78,Jerar Encarnacion,666464,SI,93,16,2.0,-0.62
1.05,1.0,1.24,1.13,0.87,2.49,1.02,0.98,1.05,1.01,0.57,1.78,Jerar Encarnacion,666464,SL,79,18,1.23,-0.62
1.24,1.25,1.28,0.95,0.85,2.37,1.06,1.07,1.09,1.03,0.67,1.45,Jerar Encarnacion,666464,ST,46,9,1.61,-0.62
1.06,0.98,0.95,0.83,0.81,2.29,0.96,0.92,1.04,1.01,1.39,0.95,Christian Encarnacion-Strand,687952,CH,33,7,1.52,-0.65
1.07,1.25,0.85,1.1,0.8,2.28,1.15,1.02,1.08,1.02,1.38,0.79,Christian Encarnacion-Strand,687952,CU,27,3,1.51,-0.65
1.22,0.79,0.75,0.47,1.33,5.91,1.15,0.97,1.03,0.99,1.5,0.94,Christian Encarnacion-Strand,687952,FF,144,22,2.72,-0.65
1.09,1.71,0.74,1.09,0.79,2.08,0.94,1.18,1.11,1.02,2.49,0.57,Christian Encarnacion-Strand,687952,FS,18,4,2.32,-0.65
1.03,1.57,0.84,0.97,0.75,1.98,1.05,1.1,1.14,1.01,1.79,0.67,Christian Encarnacion-Strand,687952,KC,16,2,1.95,-0.65
0.77,1.62,1.1,0.95,0.97,1.45,1.15,0.93,1.02,0.96,2.61,0.83,Christian Encarnacion-Strand,687952,SI,88,16,1.88,-0.65
1.25,1.04,0.81,1.04,1.0,3.82,1.12,1.02,1.05,1.03,1.33,0.74,Christian Encarnacion-Strand,687952,SL,63,14,1.9,-0.65
1.23,0.83,1.26,1.03,0.76,2.17,1.05,0.98,1.07,1.01,0.65,1.65,Christian Encarnacion-Strand,687952,ST,30,6,1.13,-0.65
1.33,1.23,0.81,1.17,0.81,2.1,0.96,1.06,1.05,1.03,1.49,0.76,Tristin English,663536,CH,9,1,1.55,-1.0
0.95,0.72,1.26,0.99,1.15,4.51,0.98,0.92,1.0,0.98,0.74,1.67,Tristin English,663536,FF,35,3,1.8,-1.0
0.92,1.01,0.78,1.03,1.76,3.09,1.03,0.92,1.01,1.0,2.62,0.55,Tristin English,663536,SI,18,5,1.98,-1.0
1.01,0.94,1.1,0.92,0.78,2.54,0.99,0.92,1.03,1.01,0.81,1.1,Tristin English,663536,SL,25,3,1.37,-1.0
1.19,1.03,1.17,0.99,0.81,2.13,1.03,1.02,1.07,1.04,0.75,1.56,Tristin English,663536,ST,4,1,1.32,-1.0
1.15,1.05,1.0,1.01,0.93,1.97,1.01,1.02,1.19,1.02,0.95,1.09,Tristin English,663536,SV,2,1,1.32,-1.0
1.18,0.98,0.89,1.12,0.85,1.69,0.94,1.03,1.06,1.01,1.07,0.89,J.C. Escarra,641555,CH,30,7,1.19,0.29
0.95,0.87,1.07,0.82,0.88,2.1,1.03,0.87,1.07,1.0,0.99,1.16,J.C. Escarra,641555,CU,47,5,1.22,0.29
0.84,0.64,1.61,0.43,0.15,0.82,1.02,0.64,1.0,1.0,0.64,3.51,J.C. Escarra,641555,FF,126,30,0.49,0.29
1.05,1.22,0.84,0.96,0.71,1.91,0.87,0.97,1.1,1.02,2.2,0.71,J.C. Escarra,641555,FS,26,3,1.77,0.29
0.96,0.74,0.82,1.26,1.53,2.85,1.03,1.05,1.02,1.01,2.37,0.77,J.C. Escarra,641555,SI,44,12,1.71,0.29
1.14,1.18,0.94,0.9,0.89,2.44,0.96,1.03,1.04,1.03,1.01,1.29,J.C. Escarra,641555,SL,53,8,1.62,0.29
1.28,1.46,1.17,0.99,0.82,2.4,0.96,1.1,1.09,1.04,0.75,1.36,J.C. Escarra,641555,ST,23,1,1.78,0.29
0.54,0.5,0.84,1.19,0.42,1.04,0.93,0.76,0.97,0.99,1.73,0.65,Santiago Espinal,669289,CH,108,27,0.56,-0.83
0.94,0.66,1.05,0.97,0.7,1.8,0.97,0.81,1.06,1.01,1.35,0.77,Santiago Espinal,669289,CU,101,17,1.0,-0.83
0.6,0.07,1.13,1.06,0.63,1.16,1.0,0.69,0.98,0.97,0.96,1.24,Santiago Espinal,669289,FF,494,92,0.14,-0.83
0.9,1.04,0.88,0.86,0.73,1.71,0.92,0.91,1.08,1.0,1.83,0.77,Santiago Espinal,669289,FS,30,10,1.48,-0.83
0.96,1.17,0.92,0.97,0.74,1.89,0.97,0.97,1.12,1.0,1.54,0.8,Santiago Espinal,669289,KC,34,4,1.52,-0.83
1.25,1.62,1.07,0.99,1.14,2.78,0.96,1.0,1.22,1.02,1.44,0.83,Santiago Espinal,669289,KN,2,1,2.07,-0.83
0.81,0.22,1.14,0.9,0.61,1.18,1.03,0.85,0.99,0.98,0.17,2.66,Santiago Espinal,669289,SI,241,54,0.15,-0.83
0.58,0.0,0.8,0.88,0.67,0.76,0.92,0.73,1.01,0.95,1.35,0.66,Santiago Espinal,669289,SL,249,52,0.25,-0.83
0.9,0.49,0.97,0.94,0.68,1.48,0.99,0.83,1.05,1.0,1.12,0.95,Santiago Espinal,669289,ST,108,22,0.74,-0.83
1.11,1.01,0.97,1.14,0.96,2.15,1.0,1.01,1.19,1.01,1.18,1.02,Santiago Espinal,669289,SV,8,2,1.33,-0.83
1.04,0.83,1.04,0.97,0.83,2.49,0.99,0.96,1.05,1.01,0.96,1.14,Thairo Estrada,642731,CH,87,17,1.34,-0.41
1.11,0.9,1.04,1.04,0.86,2.16,1.13,0.95,1.07,1.01,1.03,1.32,Thairo Estrada,642731,CU,113,14,1.15,-0.41
0.76,0.35,1.28,0.83,0.7,1.25,1.0,0.79,1.02,0.98,0.68,1.31,Thairo Estrada,642731,FF,345,76,0.56,-0.41
1.26,0.72,1.36,0.73,0.73,1.99,1.01,0.87,1.07,0.98,0.36,1.64,Thairo Estrada,642731,FS,54,14,1.02,-0.41
0.63,0.72,1.14,0.48,0.33,0.93,1.11,0.81,1.0,0.94,-0.43,1.86,Thairo Estrada,642731,SI,247,66,0.42,-0.41
0.9,0.68,0.95,1.17,1.06,2.28,1.16,0.88,1.02,0.98,0.88,1.37,Thairo Estrada,642731,SL,236,45,0.81,-0.41
0.86,0.59,1.23,0.95,0.97,2.31,1.1,0.79,1.04,0.98,0.9,1.53,Thairo Estrada,642731,ST,114,30,0.91,-0.41
1.01,1.07,0.88,0.91,0.74,1.9,1.07,0.98,1.13,1.01,1.66,0.84,Thairo Estrada,642731,KC,5,2,1.5,-0.41
1.15,1.05,0.91,1.01,0.93,1.97,0.99,1.01,1.21,1.02,1.15,0.89,Thairo Estrada,642731,SV,5,1,1.37,-0.41
1.09,1.06,0.87,0.87,1.05,2.33,0.95,0.96,1.04,1.0,1.63,0.76,Stuart Fairchild,656413,CH,107,10,1.67,0.05
1.03,0.99,0.93,0.97,0.87,2.04,1.08,0.95,1.08,1.01,1.29,0.97,Stuart Fairchild,656413,CU,55,3,1.31,0.05
0.99,1.2,1.13,0.89,1.28,2.41,1.06,1.03,1.02,0.93,1.11,0.84,Stuart Fairchild,656413,FF,235,52,1.73,0.05
1.07,1.72,0.72,1.01,0.83,2.0,0.9,1.07,1.1,1.02,2.39,0.49,Stuart Fairchild,656413,FS,20,1,2.19,0.05
0.89,1.19,0.95,0.86,1.59,2.15,1.08,0.99,1.02,0.95,1.43,0.84,Stuart Fairchild,656413,SI,144,41,1.64,0.05
0.95,1.01,0.99,1.0,0.9,2.29,0.98,0.93,1.03,0.99,1.24,1.01,Stuart Fairchild,656413,SL,148,22,1.4,0.05
1.14,0.99,1.28,0.95,0.89,2.27,1.0,1.0,1.08,1.02,0.74,1.56,Stuart Fairchild,656413,ST,47,5,1.39,0.05
1.08,1.03,0.8,1.03,0.74,1.9,0.99,0.93,1.03,1.03,1.95,0.49,Kyle Farmer,571657,CH,83,18,1.45,-1.13
0.95,1.16,0.88,1.19,0.82,2.08,1.17,1.01,1.06,1.01,1.34,0.82,Kyle Farmer,571657,CU,68,16,1.33,-1.13
0.75,0.28,1.16,1.03,0.91,1.04,0.99,0.85,0.98,0.98,0.97,1.68,Kyle Farmer,571657,FF,335,55,0.42,-1.13
1.07,1.22,0.81,1.22,0.76,2.02,0.93,1.0,1.1,1.0,2.25,0.62,Kyle Farmer,571657,FS,12,3,1.67,-1.13
0.99,1.07,0.82,0.94,0.75,1.96,1.05,0.95,1.13,1.01,1.99,0.66,Kyle Farmer,571657,KC,18,2,1.56,-1.13
0.73,0.16,1.08,1.29,0.73,1.32,0.93,0.82,0.97,0.94,1.75,1.27,Kyle Farmer,571657,SI,95,18,0.51,-1.13
0.76,0.98,1.14,0.66,0.78,2.78,1.08,0.75,0.99,0.96,0.87,1.06,Kyle Farmer,571657,SL,140,30,1.41,-1.13
0.96,0.91,1.14,1.44,0.9,2.41,1.04,0.96,1.06,1.0,0.85,1.68,Kyle Farmer,571657,ST,46,5,0.98,-1.13
1.19,1.46,0.88,1.29,0.92,1.9,1.02,1.12,1.21,1.03,1.12,1.02,Kyle Farmer,571657,SV,3,2,1.48,-1.13
1.02,1.08,0.93,0.89,1.02,2.33,0.95,0.93,1.03,1.01,1.38,0.73,Hunter Feduccia,676439,CH,5,1,1.58,-0.68
1.09,1.01,0.99,0.95,0.89,2.37,1.12,0.98,1.09,1.01,1.2,1.03,Hunter Feduccia,676439,CU,2,1,1.44,-0.68
0.95,0.85,1.28,0.93,1.17,3.07,0.98,0.93,1.02,0.99,0.89,1.36,Hunter Feduccia,676439,FF,18,2,1.56,-0.68
1.04,1.31,0.79,1.04,0.75,1.94,0.89,1.04,1.09,1.01,1.9,0.65,Hunter Feduccia,676439,FS,1,1,1.77,-0.68
0.91,1.42,0.78,1.01,1.65,3.09,1.02,0.99,1.03,0.99,2.82,0.67,Hunter Feduccia,676439,SI,9,4,2.35,-0.68
0.94,0.94,1.1,0.92,0.8,2.44,0.97,0.92,1.03,1.0,1.0,1.27,Hunter Feduccia,676439,SL,23,3,1.39,-0.68
1.36,1.46,1.17,1.14,0.79,2.4,1.04,1.11,1.1,1.04,0.73,1.56,Hunter Feduccia,676439,ST,15,1,1.63,-0.68
0.64,0.43,1.11,1.06,0.99,2.22,1.01,0.79,1.02,0.95,1.2,1.65,Freddy Fermin,666023,CH,124,22,0.81,-0.57
0.88,0.93,0.84,0.92,0.9,2.0,1.07,0.92,1.07,0.99,1.71,0.69,Freddy Fermin,666023,CU,84,12,1.39,-0.57
0.86,0.52,1.74,0.75,1.04,1.42,1.08,0.8,1.01,0.97,0.44,2.14,Freddy Fermin,666023,FF,471,92,0.73,-0.57
1.2,1.24,0.86,1.04,0.71,2.02,0.94,0.99,1.1,1.02,2.0,0.77,Freddy Fermin,666023,FS,35,10,1.7,-0.57
0.86,0.91,0.91,0.88,0.67,1.48,1.07,0.92,1.12,0.99,1.57,0.77,Freddy Fermin,666023,KC,19,4,1.22,-0.57
1.35,1.62,1.07,0.99,1.16,2.78,0.96,1.02,1.23,1.03,1.32,0.72,Freddy Fermin,666023,KN,1,1,2.07,-0.57
0.97,0.5,1.0,1.1,1.05,1.24,1.17,0.92,1.0,0.99,0.85,2.26,Freddy Fermin,666023,SI,247,68,0.41,-0.57
1.24,0.23,0.75,0.78,0.94,2.28,0.97,0.79,1.0,1.01,1.41,0.83,Freddy Fermin,666023,SL,192,27,0.92,-0.57
1.11,0.97,0.75,1.04,0.83,2.09,1.02,0.93,1.06,1.03,1.21,1.02,Freddy Fermin,666023,ST,102,14,1.17,-0.57
1.17,1.05,0.93,1.01,0.94,2.05,0.98,1.04,1.21,1.02,1.06,1.09,Freddy Fermin,666023,SV,11,1,1.4,-0.57
1.12,1.13,0.82,0.94,0.84,2.31,0.95,0.97,1.05,1.01,1.76,0.72,Jose Fermin,665877,CH,41,6,1.69,-0.48
0.99,0.99,0.99,0.93,0.82,2.08,1.1,0.95,1.07,1.0,1.2,0.95,Jose Fermin,665877,CU,14,1,1.33,-0.48
0.91,0.5,1.51,1.05,0.8,2.81,0.96,0.86,1.01,0.97,0.71,1.52,Jose Fermin,665877,FF,90,23,1.15,-0.48
0.94,0.92,0.88,0.84,1.58,2.83,1.03,0.93,1.02,0.98,2.71,0.74,Jose Fermin,665877,SI,73,16,2.03,-0.48
1.02,0.89,1.13,1.02,0.74,2.21,0.92,0.98,1.04,1.01,0.83,1.25,Jose Fermin,665877,SL,53,8,1.29,-0.48
1.22,1.0,1.14,1.09,0.82,2.15,0.98,1.07,1.09,1.04,0.75,1.41,Jose Fermin,665877,ST,15,1,1.34,-0.48
1.04,1.31,0.74,1.2,0.73,1.88,0.92,1.05,1.1,1.01,2.19,0.61,Jose Fermin,665877,FS,4,1,1.72,-0.48
0.82,0.6,1.36,0.64,0.83,2.08,1.1,0.74,1.0,0.97,-0.39,2.35,Yanquiel Fernandez,692585,CH,52,16,0.55,1.0
1.32,0.95,0.95,1.03,1.05,3.01,1.07,0.99,1.09,1.02,1.09,1.16,Yanquiel Fernandez,692585,CU,58,3,1.52,1.0
0.55,0.72,0.54,1.23,0.91,2.72,1.05,0.87,1.01,0.98,1.26,0.7,Yanquiel Fernandez,692585,FF,132,27,1.02,1.0
1.12,1.31,0.81,1.04,0.79,2.12,0.92,1.02,1.1,1.01,2.09,0.65,Yanquiel Fernandez,692585,FS,5,1,1.84,1.0
0.95,1.06,0.8,0.91,1.79,3.35,1.06,0.92,1.03,1.0,3.09,0.55,Yanquiel Fernandez,692585,SI,19,4,2.29,1.0
1.16,0.94,1.01,1.07,0.85,2.82,1.03,1.0,1.05,1.01,0.76,1.27,Yanquiel Fernandez,692585,SL,31,3,1.38,1.0
1.23,0.99,1.36,0.95,0.82,2.41,1.05,0.99,1.08,1.02,0.63,1.81,Yanquiel Fernandez,692585,ST,15,2,1.36,1.0
1.25,1.23,0.81,1.17,0.81,2.01,0.95,1.08,1.05,1.03,1.48,0.76,Ryan Fitzgerald,680837,CH,3,1,1.55,-0.58
0.89,0.72,1.4,0.85,1.2,3.73,0.96,0.91,1.0,0.97,0.67,1.56,Ryan Fitzgerald,680837,FF,13,3,1.69,-0.58
0.95,1.06,0.95,0.91,1.74,3.35,1.02,0.93,1.02,0.99,1.86,0.73,Ryan Fitzgerald,680837,SI,12,4,1.99,-0.58
1.05,1.4,0.94,1.11,0.76,2.33,0.99,1.06,1.04,1.02,1.01,0.94,Ryan Fitzgerald,680837,SL,4,2,1.63,-0.58
1.19,1.03,1.17,1.14,0.81,2.13,1.01,1.1,1.07,1.03,0.69,1.56,Ryan Fitzgerald,680837,ST,6,1,1.32,-0.58
1.15,1.05,1.0,1.01,0.93,2.05,1.01,1.02,1.19,1.02,0.96,1.09,Ryan Fitzgerald,680837,SV,2,1,1.35,-0.58
0.87,0.9,1.0,0.92,1.24,3.47,0.99,0.98,1.05,0.96,1.42,1.02,Tyler Fitzgerald,666149,CH,136,16,1.88,-0.99
1.05,1.12,0.97,0.89,0.8,1.96,1.08,0.89,1.06,0.98,1.42,0.81,Tyler Fitzgerald,666149,CU,69,9,1.39,-0.99
0.99,0.72,0.93,1.16,1.11,1.08,1.04,0.89,0.99,0.98,1.07,0.66,Tyler Fitzgerald,666149,FF,368,73,0.65,-0.99
0.95,1.19,0.86,1.1,0.8,2.11,0.92,0.97,1.08,1.0,1.71,0.73,Tyler Fitzgerald,666149,FS,29,2,1.57,-0.99
1.0,1.1,0.88,0.93,0.82,2.18,1.06,0.97,1.13,1.0,1.68,0.75,Tyler Fitzgerald,666149,KC,23,2,1.59,-0.99
1.05,0.5,1.0,1.04,0.88,0.84,1.14,0.99,0.99,0.96,1.24,0.77,Tyler Fitzgerald,666149,SI,244,42,0.7,-0.99
0.52,0.56,0.8,0.9,1.33,2.75,1.06,0.72,0.99,0.93,1.75,0.65,Tyler Fitzgerald,666149,SL,217,31,1.19,-0.99
0.99,1.02,1.28,1.15,1.04,3.1,1.06,1.01,1.05,0.99,0.76,1.34,Tyler Fitzgerald,666149,ST,115,10,1.55,-0.99
1.15,1.05,0.91,1.01,0.97,2.03,1.0,1.01,1.21,1.02,1.16,0.92,Tyler Fitzgerald,666149,SV,3,1,1.38,-0.99
1.14,0.97,0.62,1.56,0.89,1.24,0.97,1.04,1.05,1.01,1.62,0.85,Wilmer Flores,527038,CH,98,17,0.84,-0.86
0.93,0.8,0.85,0.93,0.78,2.25,1.05,0.96,1.06,1.0,1.31,0.99,Wilmer Flores,527038,CU,46,8,1.31,-0.86
0.7,0.62,0.96,0.89,0.61,1.18,1.08,0.71,0.99,0.95,1.21,0.92,Wilmer Flores,527038,FF,283,54,0.58,-0.86
0.96,1.11,0.88,0.91,0.79,2.07,0.91,0.91,1.07,0.99,2.25,0.66,Wilmer Flores,527038,FS,19,7,1.74,-0.86
0.88,1.01,0.82,1.09,0.78,2.11,1.01,1.03,1.12,0.99,1.91,0.66,Wilmer Flores,527038,KC,11,2,1.59,-0.86
1.07,0.75,0.86,0.88,0.4,1.19,1.01,0.92,0.99,0.96,1.91,1.37,Wilmer Flores,527038,SI,204,48,1.08,-0.86
0.55,0.15,1.01,1.02,0.89,1.44,0.83,0.77,0.96,0.93,1.29,0.67,Wilmer Flores,527038,SL,126,15,0.6,-0.86
1.13,0.76,1.15,1.02,0.92,2.62,0.9,0.9,1.04,0.98,0.87,1.42,Wilmer Flores,527038,ST,83,15,1.25,-0.86
1.15,1.05,0.91,1.01,0.93,1.97,1.02,1.01,1.21,1.02,1.23,1.02,Wilmer Flores,527038,SV,1,1,1.36,-0.86
0.85,0.58,1.09,0.87,0.91,2.04,0.96,0.83,1.04,0.95,0.71,1.03,Nick Fortes,663743,CH,94,26,0.93,-0.4
0.96,0.78,1.07,0.84,0.82,1.88,1.01,0.85,1.06,1.0,0.93,1.17,Nick Fortes,663743,CU,73,13,1.05,-0.4
0.9,0.4,1.27,0.56,0.62,1.5,1.07,0.56,0.98,0.94,1.15,1.1,Nick Fortes,663743,FF,325,68,0.64,-0.4
1.21,1.69,0.79,1.03,0.73,1.8,0.92,1.05,1.11,1.03,1.89,0.77,Nick Fortes,663743,FS,12,3,1.9,-0.4
1.04,1.04,0.93,1.02,0.75,2.14,1.02,0.95,1.13,1.0,2.0,0.79,Nick Fortes,663743,KC,25,3,1.59,-0.4
0.72,0.5,0.92,1.39,0.76,2.45,0.96,0.9,1.03,0.94,2.84,1.01,Nick Fortes,663743,SI,257,69,1.36,-0.4
1.4,0.31,1.1,0.93,0.88,1.88,0.96,0.9,1.03,1.01,0.81,1.7,Nick Fortes,663743,SL,167,37,0.74,-0.4
1.26,0.88,1.38,0.9,0.73,2.03,0.97,0.97,1.05,1.0,0.79,1.44,Nick Fortes,663743,ST,86,25,1.32,-0.4
1.19,1.01,0.88,0.97,0.92,1.98,1.0,1.02,1.21,1.01,1.2,1.1,Nick Fortes,663743,SV,7,2,1.37,-0.4
0.87,0.62,0.71,1.13,0.96,1.69,0.95,1.04,1.03,1.02,2.09,0.71,Jake Fraley,641584,CH,158,31,1.28,0.13
0.95,0.81,0.96,0.95,0.9,2.43,1.01,0.89,1.06,1.0,1.28,0.92,Jake Fraley,641584,CU,145,16,1.31,0.13
0.63,0.43,1.68,1.35,0.57,0.9,1.11,0.89,1.0,0.92,0.68,1.5,Jake Fraley,641584,FF,392,93,0.37,0.13
0.96,1.33,0.75,0.88,0.97,2.35,0.98,0.98,1.08,1.01,2.22,0.57,Jake Fraley,641584,FS,81,12,1.98,0.13
0.92,0.98,0.88,0.96,0.79,1.98,1.07,0.95,1.11,0.98,1.82,0.75,Jake Fraley,641584,KC,30,12,1.46,0.13
1.34,1.46,1.08,0.95,0.86,1.86,1.09,1.03,1.03,0.99,1.21,1.02,Jake Fraley,641584,SL,170,35,1.62,0.13
1.19,0.88,1.13,0.93,0.86,2.25,1.02,0.96,1.07,1.02,0.89,1.31,Jake Fraley,641584,ST,57,11,1.29,0.13
0.93,0.69,0.72,1.23,1.78,3.31,0.96,1.01,1.02,1.0,2.19,0.78,Jake Fraley,641584,SI,78,13,1.73,0.13
1.06,0.11,1.21,0.79,0.83,0.77,1.05,0.63,1.04,1.0,0.68,1.01,Ty France,664034,CH,170,30,0.06,-0.97
1.06,1.11,0.97,1.11,0.87,2.28,1.19,1.1,1.05,1.03,1.28,0.74,Ty France,664034,CU,95,15,1.55,-0.97
0.94,0.62,1.18,0.88,0.83,1.08,1.0,0.93,1.01,0.97,0.71,1.76,Ty France,664034,FF,727,119,0.72,-0.97
1.19,2.04,0.78,1.09,0.75,2.2,0.94,1.21,1.1,1.01,1.87,0.68,Ty France,664034,FS,25,3,2.38,-0.97
1.07,1.42,0.81,1.01,0.77,2.14,1.03,0.98,1.13,1.01,1.82,0.65,Ty France,664034,KC,15,3,1.74,-0.97
1.03,0.64,1.07,1.07,0.94,0.9,1.13,0.93,1.03,1.01,0.44,2.31,Ty France,664034,SI,352,85,0.32,-0.97
1.26,1.64,0.96,0.89,0.87,1.04,1.14,1.16,1.03,1.04,1.14,0.67,Ty France,664034,SL,327,62,1.64,-0.97
1.29,1.64,0.68,0.96,1.15,3.22,1.13,1.0,1.06,1.05,1.29,0.71,Ty France,664034,ST,160,27,1.99,-0.97
1.16,1.35,0.87,1.28,0.99,1.92,0.99,1.12,1.22,1.02,1.12,0.99,Ty France,664034,SV,19,3,1.45,-0.97
0.62,0.29,0.67,1.61,0.66,1.84,1.0,1.12,0.99,1.01,1.72,0.68,Adam Frazier,624428,CH,149,32,0.82,-0.23
0.43,0.11,1.27,0.94,0.6,0.99,1.2,0.7,0.99,0.95,0.66,1.1,Adam Frazier,624428,CU,81,9,0.1,-0.23
0.65,0.18,1.14,1.33,0.72,1.11,1.01,0.78,0.97,0.94,1.03,0.87,Adam Frazier,624428,FF,412,73,0.19,-0.23
0.53,0.65,1.13,1.13,0.72,1.98,0.96,0.81,1.02,0.96,0.79,0.84,Adam Frazier,624428,FS,47,10,0.83,-0.23
0.75,0.59,0.89,1.33,0.79,0.81,0.91,0.88,0.96,0.98,2.24,0.66,Adam Frazier,624428,SI,143,32,0.78,-0.23
0.74,0.03,0.7,1.56,0.69,1.27,1.15,0.91,0.95,0.97,1.2,0.7,Adam Frazier,624428,SL,172,25,0.04,-0.23
0.88,0.67,1.37,1.2,0.82,1.85,1.05,0.88,1.04,0.99,0.61,1.74,Adam Frazier,624428,ST,62,7,0.73,-0.23
1.23,1.05,0.91,1.17,0.92,1.97,1.02,1.05,1.21,1.03,1.11,1.02,Adam Frazier,624428,SV,2,1,1.28,-0.23
1.52,2.67,0.7,1.43,0.9,1.59,0.78,1.21,1.32,1.07,1.45,0.75,Adam Frazier,624428,FO,6,1,2.19,-0.23
0.97,1.04,1.01,0.87,0.76,1.99,1.03,0.92,1.13,1.01,1.4,0.91,Adam Frazier,624428,KC,21,3,1.43,-0.23
1.26,1.06,0.94,0.87,1.07,1.91,0.87,0.98,1.05,1.02,1.15,0.88,Alex Freeland,690976,CH,53,5,1.46,0.0
1.09,1.01,1.01,0.95,0.89,2.12,1.04,0.96,1.08,1.01,1.12,1.07,Alex Freeland,690976,CU,27,1,1.35,0.0
1.01,1.01,1.06,0.73,1.07,3.65,0.88,0.8,1.01,0.96,1.26,0.74,Alex Freeland,690976,FF,128,16,1.91,0.0
1.04,1.31,0.81,1.04,0.79,2.04,0.86,1.02,1.1,1.01,2.04,0.65,Alex Freeland,690976,FS,18,1,1.83,0.0
0.97,1.11,0.91,0.94,0.73,1.81,1.02,0.96,1.13,1.0,1.56,0.78,Alex Freeland,690976,KC,6,1,1.45,0.0
0.92,1.43,0.73,1.28,1.68,2.71,0.99,1.02,1.02,0.99,3.15,0.55,Alex Freeland,690976,SI,51,7,2.21,0.0
1.13,0.91,1.16,0.89,0.84,2.56,0.89,0.95,1.04,1.02,0.84,1.18,Alex Freeland,690976,SL,46,4,1.48,0.0
1.28,1.38,1.09,1.07,0.79,2.16,1.05,1.24,1.09,1.04,0.75,1.46,Alex Freeland,690976,ST,12,3,1.73,0.0
1.17,1.58,0.86,1.35,0.74,1.91,0.97,1.08,1.06,1.03,1.22,0.89,Cody Freeman,683227,CH,22,5,1.51,-1.12
1.01,1.01,1.01,0.95,0.8,2.12,1.1,0.97,1.08,1.01,1.13,1.07,Cody Freeman,683227,CU,11,1,1.35,-1.12
0.74,0.8,1.24,0.71,0.91,4.93,1.07,0.82,1.0,0.96,0.92,1.36,Cody Freeman,683227,FF,48,12,2.07,-1.12
1.04,1.31,0.81,1.04,0.74,1.96,0.91,1.02,1.09,1.01,1.91,0.65,Cody Freeman,683227,FS,3,1,1.75,-1.12
0.97,1.11,0.82,0.94,0.73,1.88,1.04,0.96,1.13,1.0,1.84,0.63,Cody Freeman,683227,KC,3,1,1.53,-1.12
0.98,1.01,0.85,0.87,1.64,3.67,1.02,0.92,1.03,0.99,2.99,0.59,Cody Freeman,683227,SI,21,5,2.39,-1.12
1.31,0.87,1.03,1.16,0.65,2.67,1.0,1.02,1.04,1.01,0.83,1.38,Cody Freeman,683227,SL,28,5,1.29,-1.12
1.28,1.03,1.17,0.99,0.82,2.13,1.03,1.05,1.09,1.04,0.7,1.68,Cody Freeman,683227,ST,9,1,1.33,-1.12
0.94,1.43,1.14,1.41,0.93,3.62,0.89,1.03,1.06,1.03,0.52,1.3,Freddie Freeman,518692,CH,243,34,1.74,-0.65
1.33,0.98,0.63,1.06,0.82,3.04,1.11,1.03,1.06,1.04,1.66,0.82,Freddie Freeman,518692,CU,156,27,1.66,-0.65
1.0,1.17,0.89,1.1,0.99,0.79,1.18,1.07,1.04,1.0,0.96,0.98,Freddie Freeman,518692,FF,787,158,0.94,-0.65
1.52,2.67,0.7,1.65,0.87,1.47,0.77,1.23,1.32,1.07,1.49,0.7,Freddie Freeman,518692,FO,2,1,2.06,-0.65
1.18,1.0,0.63,1.43,0.81,2.72,0.88,1.08,1.07,1.03,2.35,0.5,Freddie Freeman,518692,FS,81,12,1.74,-0.65
1.01,1.01,0.85,0.88,0.86,2.46,1.04,0.99,1.13,1.0,1.87,0.62,Freddie Freeman,518692,KC,46,6,1.76,-0.65
1.3,1.56,1.04,0.95,1.17,3.15,0.96,1.01,1.23,1.02,1.42,0.63,Freddie Freeman,518692,KN,7,2,2.19,-0.65
1.26,1.38,0.74,0.96,1.49,1.15,1.2,1.17,1.06,1.03,1.87,0.6,Freddie Freeman,518692,SI,448,94,1.63,-0.65
0.81,1.39,0.66,1.05,1.1,0.94,0.96,1.14,1.04,1.02,1.43,0.6,Freddie Freeman,518692,SL,352,43,1.43,-0.65
1.32,0.96,0.86,1.52,0.93,2.49,1.07,1.15,1.07,1.05,0.92,0.87,Freddie Freeman,518692,ST,165,27,1.22,-0.65
1.4,0.89,0.91,1.09,0.66,1.6,0.99,0.88,1.05,1.05,1.43,1.02,Tyler Freeman,671289,CH,132,33,1.0,-0.86
1.27,0.81,0.95,0.84,0.76,2.09,1.07,0.99,1.06,1.03,1.07,1.0,Tyler Freeman,671289,CU,62,16,1.3,-0.86
0.83,0.11,1.44,1.05,0.33,1.02,0.98,0.83,1.0,0.97,0.69,1.51,Tyler Freeman,671289,FF,463,78,0.32,-0.86
1.12,1.61,0.82,0.96,0.77,1.94,0.9,1.04,1.1,1.02,1.91,0.62,Tyler Freeman,671289,FS,20,6,1.98,-0.86
1.02,1.04,0.9,0.92,0.69,1.93,1.01,0.96,1.11,0.99,1.28,0.78,Tyler Freeman,671289,KC,25,5,1.38,-0.86
0.87,0.38,1.27,0.82,0.38,0.93,1.02,0.84,1.02,0.98,-0.32,2.63,Tyler Freeman,671289,SI,244,52,0.1,-0.86
0.98,0.43,1.04,0.94,0.82,1.18,0.95,0.82,1.03,1.03,0.84,1.26,Tyler Freeman,671289,SL,222,52,0.53,-0.86
1.32,0.6,0.89,1.19,0.57,1.91,1.03,1.01,1.06,1.03,0.8,1.2,Tyler Freeman,671289,ST,89,19,0.83,-0.86
1.11,1.01,0.97,0.97,0.9,2.07,1.01,1.01,1.2,1.02,1.09,0.95,Tyler Freeman,671289,SV,9,2,1.39,-0.86
0.7,0.39,1.5,1.64,0.68,0.73,1.0,0.92,1.03,0.96,0.39,5.77,Sal Frelick,686217,CH,198,46,-0.4,-0.67
0.84,0.48,1.18,0.93,0.64,2.01,0.87,0.87,1.02,0.99,0.49,1.49,Sal Frelick,686217,CU,164,17,0.84,-0.67
0.59,0.36,1.27,0.88,0.47,1.36,0.9,0.76,1.0,0.94,0.92,1.44,Sal Frelick,686217,FF,709,154,0.63,-0.67
0.87,0.98,0.97,1.36,0.53,1.88,0.96,1.02,1.07,1.0,1.11,1.42,Sal Frelick,686217,FS,52,14,1.07,-0.67
0.94,1.05,0.91,0.93,0.69,1.95,0.98,0.98,1.11,0.98,1.54,0.74,Sal Frelick,686217,KC,43,4,1.51,-0.67
0.66,0.19,1.18,0.69,0.5,1.08,0.95,0.78,0.98,0.95,0.16,1.14,Sal Frelick,686217,SI,285,62,0.35,-0.67
0.84,0.21,0.99,1.43,0.49,0.77,1.0,1.04,1.0,0.94,0.74,1.83,Sal Frelick,686217,SL,246,39,0.15,-0.67
0.7,0.48,1.51,0.89,0.76,1.82,0.84,0.83,1.02,0.99,0.64,1.87,Sal Frelick,686217,ST,113,18,0.9,-0.67
0.89,0.47,0.93,1.43,0.93,0.84,0.85,0.9,1.01,0.97,0.96,0.94,TJ Friedl,670770,CH,131,25,0.31,-0.46
0.87,1.11,1.11,0.47,1.03,2.23,0.92,0.8,1.03,0.98,0.92,0.8,TJ Friedl,670770,CU,104,9,1.59,-0.46
0.74,0.32,1.16,0.98,0.46,0.89,0.8,0.76,1.0,0.95,1.05,1.09,TJ Friedl,670770,FF,437,93,0.47,-0.46
0.89,0.71,0.98,1.34,0.83,1.88,0.89,0.87,1.07,0.96,1.22,1.45,TJ Friedl,670770,FS,58,7,0.8,-0.46
1.01,1.15,0.84,1.01,0.78,2.0,1.01,1.02,1.13,1.01,1.78,0.76,TJ Friedl,670770,KC,25,6,1.61,-0.46
0.64,0.0,1.23,1.03,0.42,0.62,0.84,0.75,1.0,0.91,0.73,2.09,TJ Friedl,670770,SI,191,43,-0.01,-0.46
1.42,0.65,0.81,1.3,0.84,0.97,0.84,0.96,0.99,0.98,1.15,0.85,TJ Friedl,670770,SL,116,25,0.62,-0.46
0.94,0.59,1.57,1.15,0.98,2.37,0.96,0.97,1.07,0.98,0.42,2.35,TJ Friedl,670770,ST,60,9,0.99,-0.46
1.11,1.01,1.06,0.97,0.99,2.07,1.02,1.0,1.19,1.0,0.88,1.18,TJ Friedl,670770,SV,8,2,1.32,-0.46
1.24,0.75,0.8,0.98,0.94,2.97,0.96,0.91,1.05,1.01,1.74,0.93,David Fry,681807,CH,153,22,1.54,-1.04
0.9,0.94,0.91,0.89,0.85,2.09,1.06,0.92,1.05,1.0,1.38,1.03,David Fry,681807,CU,72,13,1.34,-1.04
1.12,1.23,0.78,0.86,1.12,1.26,1.18,0.87,1.0,0.99,1.39,0.52,David Fry,681807,FF,432,73,1.13,-1.04
1.74,2.67,0.7,1.43,0.88,1.47,0.77,1.22,1.32,1.07,1.55,0.61,David Fry,681807,FO,3,1,2.21,-1.04
1.13,1.13,0.71,1.22,0.92,2.18,0.96,1.04,1.1,1.03,2.25,0.49,David Fry,681807,FS,20,5,1.69,-1.04
1.04,1.11,0.91,0.94,0.73,2.04,1.03,0.96,1.12,0.99,1.64,0.78,David Fry,681807,KC,13,1,1.54,-1.04
1.25,1.62,1.07,0.99,1.17,2.78,0.94,1.04,1.23,1.02,1.25,0.89,David Fry,681807,KN,10,1,2.07,-1.04
1.06,0.86,0.83,1.2,1.74,2.76,1.03,0.95,1.02,0.99,2.44,0.69,David Fry,681807,SI,277,65,1.67,-1.04
1.09,1.21,1.04,0.92,0.87,1.97,0.99,0.96,1.03,0.98,1.07,1.0,David Fry,681807,SL,268,36,1.45,-1.04
1.22,0.93,1.26,0.87,0.92,2.61,1.02,0.93,1.07,1.0,0.87,1.33,David Fry,681807,ST,116,12,1.46,-1.04
1.24,0.99,0.85,0.94,0.93,1.83,1.01,1.02,1.21,1.02,1.27,0.95,David Fry,681807,SV,11,3,1.35,-1.04
1.21,1.18,0.87,0.98,0.88,2.11,0.89,1.01,1.06,1.03,1.61,0.71,Braxton Fulford,690924,CH,25,2,1.68,-1.29
0.99,0.84,0.94,1.08,0.97,2.54,1.18,1.0,1.07,1.0,1.2,1.0,Braxton Fulford,690924,CU,38,6,1.32,-1.29
1.11,1.3,1.01,1.12,1.09,3.05,1.04,1.04,1.02,0.98,1.05,0.8,Braxton Fulford,690924,FF,109,17,1.79,-1.29
1.04,1.31,0.81,1.04,0.78,2.04,0.92,1.03,1.1,1.02,2.1,0.65,Braxton Fulford,690924,FS,8,1,1.84,-1.29
0.94,1.07,0.88,0.91,0.72,1.74,1.06,0.93,1.13,1.0,1.79,0.68,Braxton Fulford,690924,KC,2,2,1.44,-1.29
0.99,0.94,0.73,1.44,1.53,3.15,0.99,1.1,1.04,1.0,2.37,0.7,Braxton Fulford,690924,SI,37,7,1.85,-1.29
1.07,0.63,0.9,0.77,0.76,2.04,1.04,0.93,1.03,1.01,0.88,0.73,Braxton Fulford,690924,SL,48,12,1.13,-1.29
1.28,1.03,1.17,0.99,1.08,2.94,1.07,1.02,1.08,1.03,0.79,1.56,Braxton Fulford,690924,ST,23,1,1.56,-1.29
1.33,1.02,0.73,1.02,1.04,3.02,1.19,1.17,1.04,1.04,1.43,0.72,Adolis Garcia,666969,CH,254,52,1.83,-0.44
0.84,1.38,1.02,1.22,0.92,2.81,1.32,0.94,1.06,0.99,1.13,1.06,Adolis Garcia,666969,CU,90,15,1.45,-0.44
1.15,1.34,0.82,0.97,1.52,1.43,1.05,1.04,1.04,1.05,1.04,0.92,Adolis Garcia,666969,FF,880,112,1.33,-0.44
1.15,1.69,0.87,1.08,1.1,3.01,0.98,1.12,1.09,1.02,1.53,0.75,Adolis Garcia,666969,FS,62,9,2.24,-0.44
1.0,1.38,0.93,0.95,0.73,2.23,1.05,0.97,1.13,0.99,1.46,0.79,Adolis Garcia,666969,KC,23,1,1.69,-0.44
1.21,2.29,0.82,0.86,1.39,1.05,0.94,1.18,1.06,1.05,2.45,0.48,Adolis Garcia,666969,SI,459,78,2.47,-0.44
1.0,0.67,0.47,1.04,1.09,1.28,1.13,0.92,1.04,1.02,1.45,0.69,Adolis Garcia,666969,SL,351,72,0.72,-0.44
1.14,1.96,0.78,0.63,1.02,1.31,1.16,1.14,1.07,1.04,1.47,0.97,Adolis Garcia,666969,ST,216,38,2.03,-0.44
1.23,1.5,0.91,1.17,0.94,2.22,1.0,1.09,1.22,1.03,1.1,1.02,Adolis Garcia,666969,SV,10,1,1.65,-0.44
0.87,0.78,0.71,1.1,0.85,1.2,1.06,1.11,1.06,1.0,1.3,1.09,Luis Garcia,671277,CH,231,57,1.0,-0.98
0.91,0.53,1.2,1.09,0.8,1.0,1.42,0.8,1.06,1.01,0.71,1.17,Luis Garcia,671277,CU,195,35,0.23,-0.98
1.13,1.04,1.36,0.96,0.72,1.34,0.96,1.04,1.01,1.01,0.61,1.51,Luis Garcia,671277,FF,518,110,1.19,-0.98
0.87,0.76,1.17,1.14,0.73,2.47,1.05,1.02,1.06,0.97,-0.49,2.04,Luis Garcia,671277,FS,89,19,0.77,-0.98
1.12,1.96,0.7,1.34,0.74,2.15,1.09,1.18,1.14,1.01,2.04,0.64,Luis Garcia,671277,KC,45,9,2.09,-0.98
1.21,1.56,1.14,1.11,1.29,3.04,0.96,1.04,1.21,1.01,1.05,0.89,Luis Garcia,671277,KN,14,2,2.0,-0.98
1.02,1.09,1.05,0.83,0.89,1.33,1.16,0.97,1.03,1.0,0.47,0.85,Luis Garcia,671277,SI,285,63,1.03,-0.98
1.23,0.87,0.81,1.09,1.07,1.16,1.14,1.07,1.03,1.05,1.05,1.08,Luis Garcia,671277,SL,236,55,0.9,-0.98
1.29,1.09,1.0,1.08,0.68,2.27,1.16,1.08,1.08,1.04,0.8,1.04,Luis Garcia,671277,ST,101,26,1.36,-0.98
1.17,1.34,1.0,0.95,0.96,2.15,1.03,1.05,1.21,1.01,0.9,1.01,Luis Garcia,671277,SV,10,2,1.59,-0.98
1.47,2.57,0.82,1.37,0.94,1.73,0.78,1.14,1.3,1.05,1.3,0.81,Luis Garcia,671277,FO,14,2,2.12,-0.98
1.05,1.46,1.07,1.32,0.53,0.76,0.94,1.07,1.05,0.98,0.54,1.32,Maikel Garcia,672580,CH,129,34,0.94,-0.67
0.94,0.34,1.34,0.92,0.57,1.94,1.08,0.85,1.06,1.0,0.54,1.93,Maikel Garcia,672580,CU,96,26,0.66,-0.67
1.12,0.69,1.13,1.29,0.72,0.64,0.82,1.03,1.02,1.03,0.54,1.9,Maikel Garcia,672580,FF,812,132,0.48,-0.67
0.99,0.92,0.88,1.12,0.74,1.91,0.86,0.97,1.1,1.0,1.63,0.61,Maikel Garcia,672580,FS,38,8,1.38,-0.67
1.0,0.74,0.93,0.9,0.64,1.81,1.11,0.94,1.11,0.99,1.71,0.72,Maikel Garcia,672580,KC,31,8,1.28,-0.67
1.19,0.72,0.94,0.95,0.48,0.7,0.78,0.98,1.02,1.05,0.93,1.11,Maikel Garcia,672580,SI,412,94,0.81,-0.67
0.98,0.21,1.2,1.14,0.62,1.01,0.79,0.88,1.04,1.02,0.5,1.56,Maikel Garcia,672580,SL,433,96,0.31,-0.67
0.81,1.19,1.18,0.69,0.58,0.85,0.92,0.95,1.05,1.01,0.8,1.52,Maikel Garcia,672580,ST,172,41,1.19,-0.67
1.19,1.11,0.95,0.97,0.92,2.0,1.02,1.05,1.21,1.02,1.07,1.12,Maikel Garcia,672580,SV,9,2,1.44,-0.67
1.23,0.62,0.98,1.24,1.07,2.3,0.86,0.97,1.04,1.05,1.03,1.64,Mitch Garver,641598,CH,200,29,1.01,-0.85
1.03,0.9,0.95,1.03,0.93,2.53,0.99,0.99,1.07,1.01,1.11,1.06,Mitch Garver,641598,CU,135,5,1.41,-0.85
1.2,1.44,0.71,0.8,1.07,0.83,0.97,1.05,1.0,1.04,1.34,1.0,Mitch Garver,641598,FF,471,71,1.39,-0.85
1.01,1.26,0.79,1.0,0.8,1.89,0.88,0.99,1.1,1.02,2.18,0.57,Mitch Garver,641598,FS,19,2,1.78,-0.85
1.02,1.11,0.82,0.94,0.74,1.9,0.98,0.98,1.14,1.0,1.79,0.75,Mitch Garver,641598,KC,23,1,1.56,-0.85
0.93,0.9,0.79,1.01,1.29,0.83,0.87,0.91,1.01,1.0,2.61,0.53,Mitch Garver,641598,SI,279,41,1.29,-0.85
0.83,0.45,0.94,0.92,1.23,2.04,0.85,0.76,1.02,0.99,1.35,0.93,Mitch Garver,641598,SL,399,52,0.93,-0.85
1.14,0.74,0.95,1.23,1.14,2.61,0.93,1.05,1.06,1.02,0.88,0.96,Mitch Garver,641598,ST,157,16,1.27,-0.85
1.11,0.95,0.91,1.06,0.98,2.18,1.03,0.99,1.2,1.02,1.16,0.95,Mitch Garver,641598,SV,16,4,1.3,-0.85
1.01,0.97,0.79,0.95,1.01,1.91,0.88,0.91,1.03,1.0,1.77,0.73,Mickey Gasper,681508,CH,12,2,1.42,0.0
0.73,0.37,0.92,0.58,0.79,3.03,0.85,0.66,1.02,0.96,1.28,1.29,Mickey Gasper,681508,FF,37,4,1.22,0.0
0.97,1.11,0.84,0.94,0.74,1.84,1.02,0.95,1.13,1.0,1.85,0.66,Mickey Gasper,681508,KC,8,1,1.52,0.0
0.95,1.29,0.86,0.9,1.52,2.61,0.99,0.97,1.03,1.0,1.99,0.63,Mickey Gasper,681508,SI,13,2,1.97,0.0
1.23,1.05,0.91,1.17,0.92,2.05,1.02,1.09,1.22,1.03,1.08,1.02,Mickey Gasper,681508,SV,2,1,1.35,0.0
1.24,0.95,0.95,0.88,0.8,2.49,1.12,0.94,1.08,1.0,1.08,0.82,Mickey Gasper,681508,CU,25,3,1.4,0.0
1.04,1.31,0.81,1.04,0.81,2.04,0.91,1.02,1.1,1.02,2.07,0.65,Mickey Gasper,681508,FS,11,1,1.82,0.0
1.12,0.97,0.94,1.11,0.82,2.8,0.92,1.0,1.04,1.01,1.06,0.94,Mickey Gasper,681508,SL,47,2,1.51,0.0
1.08,1.18,0.98,1.14,1.13,2.45,1.0,1.03,1.04,1.02,1.22,0.96,Zack Gelof,680869,CH,194,29,1.56,-0.5
0.93,0.95,1.06,0.95,0.96,2.08,1.15,0.98,1.06,1.0,0.98,1.18,Zack Gelof,680869,CU,135,19,1.26,-0.5
1.03,0.92,1.26,1.0,1.27,2.84,1.03,0.95,1.02,0.98,0.81,1.28,Zack Gelof,680869,FF,525,95,1.46,-0.5
1.09,1.08,0.83,1.02,1.09,2.51,0.95,0.94,1.09,1.0,2.0,0.58,Zack Gelof,680869,FS,52,6,1.72,-0.5
0.91,1.34,1.06,0.89,0.93,2.28,1.05,0.95,1.11,0.97,0.86,0.91,Zack Gelof,680869,KC,43,7,1.56,-0.5
0.92,1.18,0.84,0.95,2.25,2.78,1.01,0.92,1.02,0.97,2.64,0.69,Zack Gelof,680869,SI,422,56,2.04,-0.5
1.13,1.08,0.9,0.87,1.01,2.11,0.97,1.0,1.04,1.03,1.12,0.79,Zack Gelof,680869,SL,373,39,1.51,-0.5
1.2,1.04,1.03,1.0,1.01,1.04,1.25,1.01,1.05,1.02,0.78,1.29,Zack Gelof,680869,ST,169,37,0.86,-0.5
1.14,1.04,0.97,1.0,0.99,2.19,1.03,1.01,1.19,1.01,0.95,1.04,Zack Gelof,680869,SV,14,2,1.37,-0.5
1.17,1.15,0.92,0.94,0.91,2.12,0.94,0.96,1.02,1.01,1.35,0.88,Drew Gilbert,687551,CH,17,3,1.53,-0.73
0.91,0.91,1.01,0.85,0.84,1.91,1.09,0.89,1.04,1.0,1.3,0.73,Drew Gilbert,687551,CU,21,4,1.28,-0.73
0.83,0.87,1.25,0.94,1.16,3.44,1.03,0.91,0.99,0.95,0.86,1.17,Drew Gilbert,687551,FF,42,9,1.64,-0.73
0.98,1.1,0.83,0.95,1.75,3.33,1.06,0.97,1.02,1.0,2.09,0.68,Drew Gilbert,687551,SI,7,3,2.05,-0.73
1.01,1.01,0.98,0.99,0.83,2.78,0.93,0.99,1.03,1.02,0.96,0.95,Drew Gilbert,687551,SL,23,1,1.57,-0.73
1.19,1.03,1.17,0.99,0.89,2.31,1.03,1.02,1.07,1.03,0.73,1.36,Drew Gilbert,687551,ST,11,1,1.39,-0.73
0.53,0.2,1.13,1.08,0.72,1.04,1.11,0.84,1.01,0.96,0.57,1.08,Andres Gimenez,665926,CH,253,56,0.22,-0.75
0.93,0.62,0.99,1.16,0.85,2.67,1.09,1.06,1.07,1.02,0.86,1.23,Andres Gimenez,665926,CU,116,17,1.21,-0.75
0.83,0.49,1.16,1.05,1.06,1.16,1.1,0.94,0.99,0.97,0.85,1.06,Andres Gimenez,665926,FF,735,157,0.65,-0.75
1.52,2.67,0.7,1.65,0.89,1.53,0.77,1.25,1.32,1.06,1.5,0.7,Andres Gimenez,665926,FO,1,1,2.11,-0.75
0.85,1.27,0.95,1.26,0.73,2.28,0.96,1.12,1.08,1.0,1.21,1.01,Andres Gimenez,665926,FS,79,16,1.61,-0.75
0.99,1.1,0.96,0.86,0.76,1.85,1.09,0.94,1.12,1.01,1.33,0.89,Andres Gimenez,665926,KC,46,9,1.39,-0.75
0.6,0.55,1.27,0.7,1.25,2.26,1.06,0.83,0.99,0.93,0.01,1.64,Andres Gimenez,665926,SI,353,85,0.86,-0.75
0.98,0.62,1.22,0.85,0.72,0.91,1.1,0.88,1.0,0.99,0.42,2.13,Andres Gimenez,665926,SL,408,68,0.47,-0.75
0.74,0.44,1.08,1.11,0.73,1.48,1.11,1.01,1.06,1.0,0.75,1.46,Andres Gimenez,665926,ST,149,37,0.68,-0.75
1.17,1.05,1.0,1.01,0.92,2.17,1.01,1.02,1.21,1.02,0.98,1.09,Andres Gimenez,665926,SV,19,1,1.39,-0.75
1.3,1.74,0.6,1.85,0.9,0.9,1.1,1.31,1.05,1.05,1.29,0.87,Paul Goldschmidt,502671,CH,233,41,1.14,-0.8
1.12,1.5,0.96,1.06,0.63,1.7,0.95,1.11,1.08,1.03,1.13,1.41,Paul Goldschmidt,502671,CU,128,14,1.6,-0.8
1.23,1.07,0.93,1.09,0.87,0.98,1.1,1.08,1.02,1.0,1.16,1.19,Paul Goldschmidt,502671,FF,861,136,1.04,-0.8
0.87,0.97,0.92,1.04,0.67,1.9,1.01,0.84,1.08,1.02,1.59,0.85,Paul Goldschmidt,502671,FS,87,15,1.19,-0.8
0.95,0.97,0.85,0.86,0.7,1.83,0.99,0.92,1.13,1.01,1.85,0.71,Paul Goldschmidt,502671,KC,47,9,1.47,-0.8
1.3,1.56,1.04,1.11,1.17,2.68,0.96,1.05,1.23,1.03,1.3,0.72,Paul Goldschmidt,502671,KN,7,2,1.95,-0.8
1.02,1.34,0.81,1.1,1.19,1.45,1.23,1.02,1.04,0.99,2.36,0.44,Paul Goldschmidt,502671,SI,438,81,1.59,-0.8
1.11,0.86,0.91,1.24,1.01,0.82,0.83,1.2,1.04,1.01,0.82,1.04,Paul Goldschmidt,502671,SL,442,54,0.98,-0.8
1.2,0.72,0.84,0.94,0.88,1.9,0.83,0.98,1.07,1.05,1.05,0.93,Paul Goldschmidt,502671,ST,253,41,1.19,-0.8
1.08,1.0,1.03,0.95,0.92,1.96,0.98,0.98,1.2,1.02,0.98,1.04,Paul Goldschmidt,502671,SV,8,1,1.32,-0.8
1.12,1.36,0.89,1.09,0.88,2.19,1.03,1.16,1.05,1.03,1.04,0.95,Nick Gonzales,693304,CH,111,28,1.69,-1.23
0.95,0.97,1.04,0.9,0.89,2.03,1.18,0.94,1.07,0.98,0.88,1.55,Nick Gonzales,693304,CU,84,12,1.14,-1.23
1.08,0.8,1.15,0.9,1.14,0.96,1.19,0.93,1.0,0.98,0.83,1.43,Nick Gonzales,693304,FF,361,51,0.74,-1.23
0.93,1.24,0.88,0.99,0.79,2.1,0.95,0.95,1.08,0.99,1.7,0.66,Nick Gonzales,693304,FS,22,6,1.64,-1.23
0.94,1.17,0.94,0.93,0.83,2.15,1.07,0.94,1.13,1.0,1.47,0.81,Nick Gonzales,693304,KC,36,4,1.53,-1.23
1.17,0.41,1.17,0.83,1.09,0.86,1.26,0.92,1.03,1.04,-0.58,3.5,Nick Gonzales,693304,SI,237,62,-0.12,-1.23
0.66,0.29,1.25,0.56,0.96,0.91,1.28,0.8,1.03,0.97,0.7,1.5,Nick Gonzales,693304,SL,265,62,0.47,-1.23
1.06,0.88,0.91,1.17,0.82,1.62,1.09,1.0,1.04,1.04,0.88,1.41,Nick Gonzales,693304,ST,132,34,0.88,-1.23
1.24,1.42,0.85,1.26,0.92,1.83,1.04,1.19,1.21,1.03,1.15,0.88,Nick Gonzales,693304,SV,8,3,1.55,-1.23
1.51,1.15,0.84,1.1,0.79,2.12,0.96,1.06,1.07,1.04,1.54,0.71,Oscar Gonzalez,660757,CH,21,3,1.58,-1.3
1.13,0.98,0.89,1.07,0.83,2.14,1.13,1.04,1.09,1.02,1.18,1.07,Oscar Gonzalez,660757,CU,10,2,1.31,-1.3
1.12,1.23,1.43,0.98,1.28,5.59,1.1,0.98,1.02,0.97,0.53,1.46,Oscar Gonzalez,660757,FF,69,8,2.45,-1.3
1.12,1.22,0.84,1.12,0.79,2.15,0.95,1.06,1.1,1.02,2.04,0.71,Oscar Gonzalez,660757,FS,8,3,1.78,-1.3
0.9,1.04,0.93,1.02,0.72,1.91,1.03,0.97,1.12,0.99,1.48,0.85,Oscar Gonzalez,660757,KC,12,3,1.38,-1.3
0.99,0.94,1.02,0.8,1.68,3.29,1.12,0.89,1.03,0.98,1.08,0.92,Oscar Gonzalez,660757,SI,30,7,1.66,-1.3
1.0,1.04,0.9,1.08,0.84,2.79,1.13,1.0,1.06,1.01,0.92,0.84,Oscar Gonzalez,660757,SL,41,12,1.43,-1.3
1.28,0.88,1.36,0.85,0.86,2.2,1.06,1.01,1.09,1.03,0.59,1.81,Oscar Gonzalez,660757,ST,13,5,1.31,-1.3
1.69,2.22,0.9,0.45,1.21,2.53,1.03,1.24,1.07,1.09,0.81,0.86,Romy Gonzalez,663853,CH,100,17,2.68,-1.5
1.15,1.23,0.84,1.26,1.1,2.6,1.09,1.11,1.09,1.03,1.18,0.94,Romy Gonzalez,663853,CU,51,7,1.57,-1.5
1.45,1.69,1.02,1.56,0.95,1.1,1.16,1.35,1.05,1.05,0.46,2.68,Romy Gonzalez,663853,FF,228,34,1.1,-1.5
1.01,1.15,0.87,1.03,0.89,2.09,0.95,1.05,1.1,1.01,1.4,0.82,Romy Gonzalez,663853,FS,13,3,1.59,-1.5
1.04,1.11,0.84,0.94,0.84,2.34,1.03,1.0,1.14,1.01,1.75,0.78,Romy Gonzalez,663853,KC,37,1,1.7,-1.5
0.94,0.74,1.24,1.39,1.54,3.23,1.12,0.99,1.03,1.01,-1.17,1.77,Romy Gonzalez,663853,SI,126,29,0.61,-1.5
1.36,1.35,1.32,0.77,0.93,0.96,1.1,1.01,1.06,1.06,0.43,1.77,Romy Gonzalez,663853,SL,128,30,1.15,-1.5
1.39,1.42,1.33,1.32,0.9,2.95,1.07,1.09,1.08,1.04,0.64,1.64,Romy Gonzalez,663853,ST,66,9,1.64,-1.5
1.15,0.99,1.12,0.94,0.97,2.08,1.01,0.99,1.21,1.02,0.78,1.27,Romy Gonzalez,663853,SV,13,3,1.3,-1.5
1.09,2.2,1.04,1.23,1.05,1.21,1.18,1.27,1.11,1.05,1.37,0.85,Hunter Goodman,696100,CH,81,21,1.98,-1.01
1.39,1.23,0.92,0.63,1.29,3.15,1.14,1.12,1.07,1.02,0.95,0.93,Hunter Goodman,696100,CU,50,7,2.09,-1.01
1.1,2.0,0.72,0.73,1.38,1.25,1.11,1.14,1.03,1.01,1.27,0.51,Hunter Goodman,696100,FF,259,37,1.95,-1.01
1.23,1.22,0.71,1.12,0.96,2.62,0.93,1.11,1.11,1.03,2.1,0.68,Hunter Goodman,696100,FS,17,3,1.98,-1.01
1.12,1.03,0.86,0.86,0.79,2.03,1.02,0.95,1.13,1.01,1.83,0.82,Hunter Goodman,696100,KC,16,4,1.57,-1.01
1.22,1.73,0.6,0.8,1.0,1.19,1.12,1.16,1.05,1.05,3.34,0.56,Hunter Goodman,696100,SI,120,30,2.34,-1.01
1.43,1.23,1.19,0.91,1.09,1.34,1.25,1.09,1.07,1.03,0.55,1.38,Hunter Goodman,696100,SL,122,26,1.19,-1.01
0.93,0.98,1.28,0.67,1.25,1.51,1.34,0.88,1.11,0.98,1.14,1.31,Hunter Goodman,696100,ST,93,14,1.17,-1.01
1.47,2.57,0.68,1.6,0.91,1.73,0.79,1.2,1.31,1.06,1.62,0.61,Hunter Goodman,696100,FO,11,2,2.11,-1.01
1.28,1.01,0.88,0.97,1.15,2.32,1.03,1.01,1.21,1.03,1.18,0.78,Hunter Goodman,696100,SV,23,2,1.47,-1.01
0.8,0.63,0.86,1.0,1.14,1.83,1.03,1.01,1.03,1.0,1.89,0.48,Nolan Gorman,669357,CH,168,31,1.36,-0.57
1.04,0.92,0.67,1.14,1.12,2.84,1.12,1.06,1.07,1.03,1.51,0.56,Nolan Gorman,669357,CU,120,16,1.56,-0.57
1.02,1.45,0.6,1.26,1.46,0.75,0.94,1.18,1.04,1.0,1.39,0.41,Nolan Gorman,669357,FF,614,58,1.31,-0.57
1.07,1.31,0.83,1.2,0.85,2.38,0.96,1.05,1.09,1.0,1.92,0.64,Nolan Gorman,669357,FS,57,8,1.8,-0.57
1.04,1.04,0.77,1.02,1.0,2.6,1.04,1.02,1.14,1.01,1.78,0.68,Nolan Gorman,669357,KC,45,3,1.71,-0.57
1.25,1.62,1.18,0.99,1.25,2.89,0.96,1.01,1.22,1.01,1.11,0.89,Nolan Gorman,669357,KN,10,1,2.05,-0.57
0.8,2.08,0.69,1.26,1.93,2.98,0.95,1.37,1.03,0.97,2.78,0.35,Nolan Gorman,669357,SI,196,32,3.04,-0.57
0.97,1.49,0.64,0.99,1.0,2.8,1.01,1.07,1.03,1.0,1.48,0.38,Nolan Gorman,669357,SL,184,34,2.0,-0.57
1.01,1.36,1.28,0.72,1.02,2.2,1.02,1.03,1.09,0.99,0.67,1.31,Nolan Gorman,669357,ST,80,6,1.75,-0.57
1.28,1.05,0.98,1.01,0.99,2.24,1.04,1.03,1.21,1.03,1.06,1.05,Nolan Gorman,669357,SV,7,1,1.43,-0.57
1.12,1.18,0.95,0.98,0.89,2.27,0.93,1.01,1.04,1.02,1.31,0.88,Matt Gorski,685301,CH,20,2,1.63,-0.93
1.17,0.95,0.86,1.03,0.93,2.32,1.19,0.99,1.07,1.02,1.3,0.76,Matt Gorski,685301,CU,19,3,1.34,-0.93
0.98,1.06,1.31,1.02,1.35,4.64,0.94,1.06,1.02,0.98,0.66,1.67,Matt Gorski,685301,FF,36,2,2.2,-0.93
1.12,1.22,0.84,1.12,0.79,2.23,0.92,1.06,1.08,1.01,1.85,0.71,Matt Gorski,685301,FS,13,3,1.77,-0.93
0.95,1.54,0.66,0.91,1.75,3.65,1.03,0.96,1.01,0.99,3.45,0.36,Matt Gorski,685301,SI,19,4,2.78,-0.93
1.02,1.3,1.13,1.0,0.96,2.67,1.0,1.14,1.04,1.01,0.51,1.18,Matt Gorski,685301,SL,42,5,1.76,-0.93
1.15,0.99,1.36,0.95,0.78,2.33,1.03,1.0,1.05,1.01,0.54,1.81,Matt Gorski,685301,ST,18,2,1.34,-0.93
1.26,1.85,0.82,1.22,0.86,1.74,0.95,1.15,1.07,1.04,1.56,0.71,Tristan Gray,656484,CH,16,3,1.89,-0.56
0.9,0.67,1.28,0.8,1.17,3.97,1.0,0.87,1.03,0.98,0.8,1.26,Tristan Gray,656484,FF,37,4,1.73,-0.56
1.12,1.07,0.85,0.92,1.87,3.26,1.02,1.01,1.03,1.01,2.46,0.69,Tristan Gray,656484,SI,22,3,2.22,-0.56
1.12,0.97,0.94,1.11,1.01,2.8,1.01,1.04,1.05,1.01,0.95,1.17,Tristan Gray,656484,SL,27,2,1.47,-0.56
0.91,0.91,1.1,0.85,0.84,2.17,1.16,0.88,1.06,1.0,1.03,1.25,Tristan Gray,656484,CU,10,4,1.21,-0.56
1.25,2.25,0.73,1.36,1.28,1.12,1.03,1.22,1.09,1.05,1.83,0.64,Riley Greene,682985,CH,378,63,1.93,-1.0
1.33,2.9,0.63,1.59,1.04,3.28,1.04,1.32,1.08,1.06,1.62,0.88,Riley Greene,682985,CU,182,17,2.79,-1.0
0.95,1.66,1.24,1.14,1.23,0.87,1.05,1.2,1.06,0.98,0.87,0.87,Riley Greene,682985,FF,710,99,1.54,-1.0
1.26,2.75,0.61,1.52,1.23,2.84,1.02,1.37,1.1,1.06,1.93,0.8,Riley Greene,682985,FS,85,14,2.8,-1.0
1.09,1.2,0.81,0.94,0.88,2.42,1.07,1.01,1.14,1.01,1.77,0.74,Riley Greene,682985,KC,31,5,1.76,-1.0
1.09,0.8,1.21,0.73,1.1,0.7,1.01,0.85,1.06,0.98,0.1,2.99,Riley Greene,682985,SI,350,64,0.38,-1.0
1.37,3.39,0.6,0.86,1.3,1.1,1.05,1.68,1.08,1.07,1.7,0.4,Riley Greene,682985,SL,292,39,3.39,-1.0
1.32,2.57,0.94,1.14,0.99,2.84,1.09,1.53,1.08,1.02,0.91,0.84,Riley Greene,682985,ST,131,16,2.94,-1.0
1.18,1.02,1.05,0.98,0.92,2.34,1.01,1.01,1.2,1.02,0.99,1.16,Riley Greene,682985,SV,14,1,1.45,-1.0
1.66,1.3,0.79,1.45,0.8,1.72,1.03,1.18,1.07,1.06,1.43,1.34,Randal Grichuk,545341,CH,135,37,1.32,-0.69
1.17,0.77,0.97,1.1,0.82,2.63,1.06,1.05,1.08,1.01,0.87,1.2,Randal Grichuk,545341,CU,70,8,1.3,-0.69
1.07,1.54,0.79,0.94,0.79,1.09,1.01,1.1,1.06,1.02,1.3,0.61,Randal Grichuk,545341,FF,337,71,1.54,-0.69
1.07,1.32,0.76,0.97,0.74,1.99,0.94,1.03,1.1,1.02,2.22,0.6,Randal Grichuk,545341,FS,11,1,1.88,-0.69
1.03,1.22,0.81,0.97,0.8,2.02,1.02,0.99,1.14,1.01,1.82,0.76,Randal Grichuk,545341,KC,20,2,1.64,-0.69
1.45,2.94,0.65,1.48,0.15,2.11,0.99,1.3,1.05,1.06,2.95,0.63,Randal Grichuk,545341,SI,175,38,2.93,-0.69
1.2,1.21,0.91,0.64,0.74,1.45,1.01,0.95,1.06,1.02,1.53,1.63,Randal Grichuk,545341,SL,189,28,1.47,-0.69
1.47,1.21,1.5,1.06,0.88,2.66,0.98,1.05,1.09,1.02,0.37,2.32,Randal Grichuk,545341,ST,60,8,1.5,-0.69
1.08,2.14,0.95,0.69,0.86,1.14,0.86,1.18,1.05,0.99,0.88,0.75,Trent Grisham,663757,CH,75,10,2.12,-0.8
1.08,1.24,1.11,0.76,0.74,1.78,0.88,0.99,1.04,1.02,0.82,1.03,Trent Grisham,663757,CU,49,5,1.55,-0.8
1.21,1.8,0.64,0.78,0.84,0.38,0.8,1.14,1.02,1.04,1.3,0.67,Trent Grisham,663757,FF,308,43,1.64,-0.8
1.09,1.23,1.04,0.75,0.73,2.0,0.87,0.97,1.06,1.01,1.49,0.69,Trent Grisham,663757,FS,31,7,1.8,-0.8
0.97,1.23,0.84,1.06,1.1,0.96,0.94,1.15,1.03,1.0,1.35,0.79,Trent Grisham,663757,SI,100,20,1.38,-0.8
1.11,1.05,1.21,0.79,0.89,3.08,0.71,0.9,1.01,0.98,0.82,2.68,Trent Grisham,663757,SL,86,7,1.64,-0.8
1.03,0.91,1.51,1.22,0.66,1.67,0.95,1.06,1.07,1.0,0.39,1.94,Trent Grisham,663757,ST,51,9,1.03,-0.8
1.19,1.46,0.97,0.97,0.96,1.98,1.02,1.13,1.21,1.01,0.98,0.95,Trent Grisham,663757,SV,6,2,1.72,-0.8
0.97,1.11,0.82,0.94,0.82,2.11,0.97,0.95,1.13,1.0,1.95,0.72,Trent Grisham,663757,KC,26,1,1.64,-0.8
1.46,1.46,0.89,0.99,0.82,1.0,0.93,1.1,1.13,1.06,0.87,2.12,Vladimir Guerrero,665489,CH,259,57,1.21,-0.35
1.1,1.64,1.09,0.99,0.79,1.89,1.03,1.05,1.09,1.03,1.05,1.34,Vladimir Guerrero,665489,CU,66,21,1.69,-0.35
1.21,1.37,1.0,1.16,0.88,0.53,0.8,1.2,1.08,1.05,0.73,1.72,Vladimir Guerrero,665489,FF,787,126,1.15,-0.35
1.13,2.26,0.8,0.93,0.87,2.02,0.96,1.17,1.12,1.03,2.01,0.6,Vladimir Guerrero,665489,FS,62,15,2.54,-0.35
1.01,1.26,0.93,0.92,0.8,1.98,1.05,1.09,1.13,0.99,1.43,0.73,Vladimir Guerrero,665489,KC,31,9,1.73,-0.35
1.2,1.15,1.0,1.04,0.75,1.0,0.89,1.04,1.12,1.06,-0.31,2.12,Vladimir Guerrero,665489,SI,588,132,0.65,-0.35
1.19,2.06,1.12,1.19,0.76,0.81,0.92,1.2,1.11,1.03,0.56,1.53,Vladimir Guerrero,665489,SL,366,66,1.53,-0.35
1.51,2.41,1.08,0.85,0.97,2.24,1.04,1.38,1.12,1.07,0.94,1.17,Vladimir Guerrero,665489,ST,213,53,2.69,-0.35
1.06,1.04,0.87,0.9,0.87,1.95,1.04,0.98,1.2,1.02,1.17,0.96,Vladimir Guerrero,665489,SV,13,5,1.35,-0.35
1.04,1.0,1.07,0.89,0.7,1.89,0.94,0.94,1.05,1.01,1.03,1.13,Luis Guillorme,641645,CH,72,26,1.32,0.49
1.01,0.88,0.91,1.16,0.82,2.02,1.14,1.05,1.08,1.02,1.18,1.13,Luis Guillorme,641645,CU,44,13,1.18,0.49
0.79,0.51,1.43,0.89,1.15,2.96,0.93,0.78,0.98,0.97,0.75,1.75,Luis Guillorme,641645,FF,331,33,1.17,0.49
0.87,1.0,1.07,0.78,0.73,1.9,0.9,0.86,1.08,1.0,0.95,0.88,Luis Guillorme,641645,FS,30,8,1.31,0.49
0.96,1.1,0.86,0.93,0.74,1.81,1.04,0.97,1.13,1.0,1.71,0.8,Luis Guillorme,641645,KC,8,2,1.48,0.49
0.86,1.14,0.87,1.0,1.76,3.39,1.0,0.98,1.02,0.98,1.93,0.79,Luis Guillorme,641645,SI,111,11,2.06,0.49
0.94,0.98,0.94,1.08,0.78,2.31,0.95,0.99,1.04,1.0,1.01,0.99,Luis Guillorme,641645,SL,90,16,1.35,0.49
1.08,0.78,1.23,1.06,0.72,2.07,1.04,1.0,1.06,1.02,0.82,1.06,Luis Guillorme,641645,ST,35,8,1.19,0.49
0.67,0.08,0.89,0.86,0.96,1.34,1.11,0.82,1.02,0.98,1.31,0.69,Lourdes Gurriel,666971,CH,206,45,0.54,-0.64
1.23,1.72,0.94,1.06,1.0,3.05,1.16,1.06,1.07,0.99,1.17,0.73,Lourdes Gurriel,666971,CU,97,10,2.04,-0.64
0.99,0.57,0.99,1.05,0.52,0.98,1.06,0.83,1.01,0.98,1.01,0.94,Lourdes Gurriel,666971,FF,702,137,0.5,-0.64
1.21,1.08,0.78,1.44,0.99,3.15,1.04,1.12,1.08,1.02,1.96,0.66,Lourdes Gurriel,666971,FS,48,7,1.82,-0.64
0.96,0.97,0.87,1.02,0.7,1.68,1.07,0.95,1.12,1.0,1.84,0.84,Lourdes Gurriel,666971,KC,46,9,1.32,-0.64
1.4,1.46,0.96,0.89,1.04,3.08,0.98,1.06,1.23,1.03,1.39,0.73,Lourdes Gurriel,666971,KN,13,4,2.17,-0.64
1.03,1.51,0.93,1.32,0.44,1.16,1.02,1.07,1.02,1.0,1.56,0.81,Lourdes Gurriel,666971,SI,330,73,1.36,-0.64
1.14,0.72,0.69,1.06,0.95,1.16,1.04,0.94,1.02,1.01,1.4,0.78,Lourdes Gurriel,666971,SL,347,74,0.81,-0.64
0.74,1.58,1.13,0.98,0.89,1.23,1.26,0.96,1.04,0.95,1.19,0.96,Lourdes Gurriel,666971,ST,150,28,1.35,-0.64
1.09,0.99,0.87,1.11,0.94,2.06,1.01,1.0,1.19,1.01,1.22,0.92,Lourdes Gurriel,666971,SV,10,2,1.28,-0.64
1.2,1.04,0.76,0.86,0.78,2.09,0.94,0.91,1.06,1.01,1.98,0.74,Yuli Gurriel,493329,CH,20,2,1.59,-0.64
0.8,0.62,1.32,0.88,1.03,4.75,1.01,0.84,1.01,0.94,0.83,1.3,Yuli Gurriel,493329,FF,102,15,1.87,-0.64
1.12,1.31,0.74,1.2,0.77,1.88,0.87,1.1,1.11,1.02,2.17,0.61,Yuli Gurriel,493329,FS,13,1,1.8,-0.64
0.88,0.94,0.68,0.89,1.58,3.04,1.03,0.92,1.02,0.99,3.23,0.47,Yuli Gurriel,493329,SI,47,12,2.17,-0.64
1.17,0.87,1.07,0.85,0.83,2.61,0.97,0.94,1.04,1.02,0.96,1.15,Yuli Gurriel,493329,SL,35,5,1.46,-0.64
1.19,1.01,1.27,0.97,0.79,2.14,1.0,1.03,1.09,1.03,0.7,1.65,Yuli Gurriel,493329,ST,13,3,1.36,-0.64
0.97,1.11,0.91,0.94,0.72,1.96,1.05,0.96,1.13,1.0,1.68,0.78,Yuli Gurriel,493329,KC,2,1,1.52,-0.64
1.05,0.99,1.02,0.97,0.89,2.45,1.11,0.96,1.08,1.01,1.08,1.09,Eric Haase,606992,CU,20,3,1.39,-0.72
0.86,1.29,1.34,0.96,1.34,3.46,0.92,1.1,1.02,0.97,0.74,1.18,Eric Haase,606992,FF,82,13,2.15,-0.72
1.03,1.3,0.8,1.03,0.76,1.94,0.9,1.01,1.09,1.01,2.05,0.65,Eric Haase,606992,FS,7,2,1.77,-0.72
1.01,1.07,0.88,0.91,0.72,1.82,1.05,0.98,1.13,1.0,1.7,0.84,Eric Haase,606992,KC,3,2,1.49,-0.72
1.25,1.62,1.07,0.99,1.16,2.78,0.96,1.05,1.23,1.03,1.24,0.89,Eric Haase,606992,KN,1,1,2.07,-0.72
1.0,1.16,0.87,0.9,1.84,4.03,1.03,0.95,1.03,0.97,2.04,0.67,Eric Haase,606992,SI,27,5,2.31,-0.72
1.04,1.3,0.92,1.19,0.87,2.58,0.99,1.11,1.05,1.02,0.98,1.08,Eric Haase,606992,SL,64,5,1.64,-0.72
1.02,0.81,1.03,1.06,0.96,2.57,1.05,1.09,1.07,1.0,0.86,1.15,Eric Haase,606992,ST,22,3,1.42,-0.72
1.01,1.49,0.89,0.96,0.96,2.11,0.99,1.19,1.06,1.0,1.28,0.77,Eric Haase,606992,CH,30,7,1.97,-0.72
1.15,1.05,1.0,1.01,0.97,2.14,1.02,1.03,1.2,1.01,0.91,1.09,Eric Haase,606992,SV,2,1,1.37,-0.72
1.04,0.55,1.21,0.73,1.05,2.04,0.98,0.87,1.04,0.99,0.7,1.94,Sam Haggerty,664059,CH,9,2,0.99,0.0
1.06,0.8,0.98,0.88,0.8,2.13,1.11,0.98,1.07,1.01,1.05,0.91,Sam Haggerty,664059,CU,3,1,1.27,0.0
0.84,0.3,1.46,0.88,1.25,1.32,1.02,0.89,1.02,0.96,0.52,1.49,Sam Haggerty,664059,FF,19,4,0.64,0.0
0.96,0.6,0.89,1.13,0.98,1.12,1.24,1.02,1.01,1.03,1.59,0.66,Sam Haggerty,664059,SI,9,1,0.86,0.0
1.16,0.71,1.19,0.84,0.87,2.48,0.93,0.93,1.03,0.97,0.59,1.18,Sam Haggerty,664059,SL,12,1,1.28,0.0
1.16,1.17,0.74,1.09,0.87,2.16,0.93,1.04,1.1,1.03,2.24,0.71,Sam Haggerty,664059,FS,33,4,1.78,0.0
1.35,1.62,1.07,1.14,1.16,2.78,0.95,1.03,1.23,1.03,1.29,0.83,Sam Haggerty,664059,KN,2,1,1.97,0.0
0.98,0.85,1.2,0.97,0.8,1.85,1.06,1.05,1.06,1.01,0.78,1.7,Sam Haggerty,664059,ST,18,6,1.19,0.0
1.15,1.05,1.0,1.01,0.93,1.97,1.01,1.02,1.21,1.02,1.01,1.09,Sam Haggerty,664059,SV,2,1,1.34,0.0
0.65,0.8,1.05,0.76,1.02,1.73,0.96,0.83,1.04,0.97,1.19,0.78,David Hamilton,666152,CH,131,25,1.19,0.32
1.07,0.92,0.92,1.16,0.87,1.75,1.02,1.06,1.07,1.0,1.12,1.02,David Hamilton,666152,CU,106,15,1.18,0.32
0.65,0.62,0.84,1.03,0.81,1.25,0.95,0.8,0.98,0.95,1.07,0.92,David Hamilton,666152,FF,360,72,0.61,0.32
1.05,1.07,0.86,0.85,0.83,2.03,0.93,0.98,1.09,1.01,1.68,0.65,David Hamilton,666152,FS,53,7,1.65,0.32
0.94,1.05,0.83,1.03,0.76,1.87,1.03,1.01,1.12,1.0,1.78,0.77,David Hamilton,666152,KC,25,4,1.49,0.32
0.81,0.83,0.95,1.04,1.36,2.19,0.98,0.94,1.01,0.99,1.04,1.14,David Hamilton,666152,SI,154,43,1.18,0.32
0.94,0.85,0.97,0.98,0.8,2.31,0.91,0.86,1.02,0.96,1.27,0.86,David Hamilton,666152,SL,160,20,1.28,0.32
1.18,0.95,1.11,1.03,0.82,2.25,1.0,0.99,1.07,1.02,0.83,1.36,David Hamilton,666152,ST,56,4,1.28,0.32
1.52,2.67,0.77,1.43,0.92,1.59,0.78,1.17,1.31,1.06,1.37,0.75,David Hamilton,666152,FO,2,1,2.14,0.32
1.15,1.05,1.0,1.01,0.91,2.05,0.99,1.02,1.21,1.02,1.04,1.09,David Hamilton,666152,SV,11,1,1.38,0.32
0.99,1.1,0.8,0.96,0.89,1.99,0.94,0.97,1.04,0.99,1.63,0.84,Garrett Hampson,641658,CH,87,19,1.51,-0.68
0.98,0.91,0.89,0.9,0.89,2.33,1.07,0.93,1.07,1.01,1.33,0.78,Garrett Hampson,641658,CU,66,10,1.4,-0.68
0.77,0.35,1.28,1.01,0.92,3.59,0.97,0.73,0.97,0.95,1.15,1.69,Garrett Hampson,641658,FF,284,54,1.19,-0.68
1.01,1.17,0.81,0.93,0.75,1.92,0.95,1.03,1.09,1.01,2.11,0.61,Garrett Hampson,641658,FS,18,4,1.79,-0.68
1.08,1.07,0.88,0.91,0.75,1.98,1.03,0.95,1.13,0.99,1.99,0.56,Garrett Hampson,641658,KC,15,2,1.62,-0.68
0.9,0.93,0.94,0.82,1.56,2.31,0.95,0.96,1.01,0.97,1.25,0.97,Garrett Hampson,641658,SI,107,30,1.53,-0.68
0.73,0.67,1.13,0.86,0.74,1.66,0.9,0.79,1.01,0.97,1.13,1.16,Garrett Hampson,641658,SL,154,19,0.97,-0.68
1.13,0.95,1.18,1.07,0.9,2.59,0.99,1.03,1.08,1.02,0.76,1.45,Garrett Hampson,641658,ST,60,6,1.42,-0.68
1.25,1.15,0.84,0.94,0.79,1.88,0.95,1.03,1.04,1.02,1.56,0.62,Maverick Handley,668974,CH,13,3,1.6,-1.1
0.98,0.91,0.92,0.85,0.84,1.99,1.1,0.93,1.05,1.0,1.19,0.82,Maverick Handley,668974,CU,19,4,1.28,-1.1
0.89,0.72,1.26,0.85,1.3,3.73,0.96,0.88,1.01,0.98,0.74,1.27,Maverick Handley,668974,FF,54,3,1.65,-1.1
0.82,0.9,1.06,0.93,1.86,2.88,1.04,0.88,1.0,0.95,0.85,0.93,Maverick Handley,668974,SI,42,8,1.4,-1.1
1.24,0.94,1.01,0.92,0.82,2.54,0.98,1.04,1.03,1.02,0.9,1.1,Maverick Handley,668974,SL,24,3,1.52,-1.1
1.15,0.99,1.24,0.95,1.04,2.6,1.07,1.03,1.06,1.02,0.63,1.81,Maverick Handley,668974,ST,20,2,1.43,-1.1
0.76,0.51,0.99,0.75,1.02,0.87,0.91,0.87,1.04,0.99,0.76,1.08,Ian Happ,664023,CH,445,73,0.67,0.0
0.8,1.41,0.44,1.51,1.0,1.17,1.07,1.27,1.05,0.97,2.0,0.31,Ian Happ,664023,CU,165,15,1.47,0.0
1.18,0.93,0.71,1.05,0.97,0.61,0.84,0.97,1.04,1.0,1.18,0.79,Ian Happ,664023,FF,980,135,0.82,0.0
1.01,1.07,0.82,1.16,0.94,2.57,0.89,1.03,1.07,1.01,2.1,0.9,Ian Happ,664023,FS,148,18,1.79,0.0
1.07,0.99,0.81,1.04,0.72,2.05,1.08,1.06,1.14,1.0,1.54,0.89,Ian Happ,664023,KC,38,10,1.45,0.0
1.04,2.78,0.68,1.2,0.85,0.47,0.91,1.34,1.05,1.04,2.61,0.6,Ian Happ,664023,SI,321,59,2.55,0.0
1.08,1.89,0.86,0.73,1.0,0.93,1.09,1.12,1.02,1.0,1.36,0.7,Ian Happ,664023,SL,260,41,1.84,0.0
1.46,0.79,0.84,1.25,0.84,2.28,1.0,1.14,1.08,1.06,0.72,1.44,Ian Happ,664023,ST,155,18,1.12,0.0
1.15,1.05,0.91,1.01,0.93,1.97,1.01,1.01,1.21,1.02,1.15,0.89,Ian Happ,664023,SV,2,1,1.36,0.0
1.05,1.11,0.73,1.46,1.04,1.16,1.02,1.17,1.08,1.04,1.46,0.62,Bryce Harper,547180,CH,270,57,1.13,-0.18
1.28,0.8,1.03,1.02,1.34,1.23,1.42,1.07,1.06,0.99,0.58,1.14,Bryce Harper,547180,CU,215,36,0.74,-0.18
1.25,2.1,0.95,1.18,1.21,1.11,1.05,1.28,1.06,1.04,0.99,0.72,Bryce Harper,547180,FF,769,93,1.86,-0.18
1.34,1.2,0.93,0.96,0.72,2.24,0.99,1.01,1.09,1.05,1.37,1.32,Bryce Harper,547180,FS,93,23,1.58,-0.18
1.0,1.13,0.95,1.15,0.93,2.32,1.13,0.95,1.13,0.99,1.43,0.67,Bryce Harper,547180,KC,55,10,1.41,-0.18
1.18,1.53,1.09,0.93,1.09,2.79,0.96,0.97,1.22,1.02,1.32,0.93,Bryce Harper,547180,KN,2,2,1.99,-0.18
1.15,0.5,1.02,1.01,0.9,1.22,1.13,1.01,1.04,1.01,0.19,1.62,Bryce Harper,547180,SI,343,75,0.47,-0.18
1.19,1.39,0.69,0.87,1.25,1.24,1.16,1.1,1.06,1.03,1.3,0.74,Bryce Harper,547180,SL,350,59,1.44,-0.18
1.33,2.51,0.74,1.35,1.14,3.52,1.1,1.5,1.1,1.06,1.01,0.61,Bryce Harper,547180,ST,140,22,2.92,-0.18
1.26,1.14,0.92,1.13,0.9,2.26,1.04,1.07,1.21,1.03,1.13,0.98,Bryce Harper,547180,SV,33,5,1.47,-0.18
1.47,2.57,0.82,1.37,0.86,1.6,0.79,1.18,1.31,1.06,1.4,0.81,Bryce Harper,547180,FO,4,2,2.16,-0.18
0.8,0.75,1.19,0.79,0.78,1.29,1.17,1.01,1.06,0.98,0.14,1.7,Michael Harris II,671739,CH,204,46,0.8,-0.67
1.36,1.4,0.97,1.7,1.08,1.47,1.32,1.41,1.09,1.1,0.77,2.28,Michael Harris II,671739,CU,109,28,1.11,-0.67
1.2,1.09,1.18,1.11,0.81,1.29,1.17,1.1,1.05,1.01,0.67,1.45,Michael Harris II,671739,FF,605,111,1.05,-0.67
1.05,1.01,0.92,0.57,0.98,2.78,1.03,0.97,1.13,1.01,0.1,1.17,Michael Harris II,671739,FS,37,6,1.47,-0.67
0.98,1.16,0.92,1.03,0.8,2.22,1.1,0.99,1.13,0.99,1.53,0.91,Michael Harris II,671739,KC,57,13,1.53,-0.67
1.35,1.62,1.07,0.99,1.16,2.78,0.95,1.06,1.24,1.03,1.23,0.89,Michael Harris II,671739,KN,3,1,2.08,-0.67
1.05,0.56,1.36,0.48,0.91,1.23,1.09,0.81,1.05,1.0,-1.35,1.63,Michael Harris II,671739,SI,246,59,0.25,-0.67
1.23,1.36,0.77,0.89,1.04,1.11,1.25,1.17,1.07,1.05,1.24,0.79,Michael Harris II,671739,SL,185,31,1.43,-0.67
1.03,0.95,1.19,0.6,1.17,3.14,1.15,1.05,1.08,1.03,0.9,1.51,Michael Harris II,671739,ST,77,13,1.89,-0.67
1.32,0.99,0.94,0.94,0.9,1.83,1.03,1.03,1.21,1.04,0.99,1.03,Michael Harris II,671739,SV,5,3,1.29,-0.67
1.52,2.67,0.7,1.65,0.96,1.59,0.77,1.26,1.32,1.07,1.48,0.7,Michael Harris II,671739,FO,5,1,2.14,-0.67
1.08,1.11,0.91,1.06,0.91,2.17,0.95,1.02,1.05,1.01,1.22,0.9,Brett Harris,695391,CH,49,7,1.48,-1.45
1.13,1.41,0.89,1.21,0.84,2.05,1.08,1.08,1.09,1.02,1.22,0.99,Brett Harris,695391,CU,14,2,1.51,-1.45
0.79,0.42,1.1,0.78,0.86,2.79,0.93,0.74,1.01,0.95,1.07,1.31,Brett Harris,695391,FF,170,26,1.11,-1.45
1.04,1.31,0.81,1.04,0.77,1.94,0.9,1.02,1.1,1.02,1.99,0.65,Brett Harris,695391,FS,8,1,1.77,-1.45
1.07,1.0,0.9,0.88,1.61,2.92,0.96,0.94,1.03,0.99,2.14,0.84,Brett Harris,695391,SI,101,15,1.94,-1.45
0.92,0.85,1.09,0.83,0.76,2.3,0.95,0.89,1.03,1.0,0.85,1.06,Brett Harris,695391,SL,59,12,1.3,-1.45
1.14,1.12,1.26,0.93,0.81,2.1,1.04,1.03,1.07,1.0,0.61,1.44,Brett Harris,695391,ST,45,11,1.41,-1.45
1.07,1.07,0.73,1.21,1.77,3.23,1.03,1.05,1.02,1.0,2.71,0.52,Dustin Harris,687957,SI,5,2,2.12,-0.14
1.02,1.25,0.88,0.94,0.72,2.07,1.02,1.01,1.02,1.0,1.2,0.8,Dustin Harris,687957,SL,5,2,1.55,-0.14
1.12,1.18,0.79,0.98,0.86,2.27,0.97,1.01,1.04,1.03,1.66,0.66,Dustin Harris,687957,CH,11,2,1.69,-0.14
1.09,1.01,0.92,1.1,0.91,2.46,1.13,1.02,1.07,1.02,1.14,0.99,Dustin Harris,687957,CU,16,1,1.39,-0.14
0.8,0.58,1.56,0.98,0.98,3.41,0.97,0.85,0.98,0.96,0.67,2.18,Dustin Harris,687957,FF,54,8,1.34,-0.14
0.97,1.11,0.82,1.09,0.75,1.88,1.04,0.99,1.11,1.0,1.69,0.72,Dustin Harris,687957,KC,4,1,1.42,-0.14
1.18,1.39,0.67,1.05,0.8,1.56,0.87,1.1,1.05,1.02,1.85,0.51,Robert Hassell III,690987,CH,60,9,1.73,-0.39
0.86,0.99,0.87,0.97,0.95,2.33,1.19,0.9,1.04,1.0,1.15,1.29,Robert Hassell III,690987,CU,68,14,1.19,-0.39
1.22,1.65,1.84,0.49,1.21,2.44,1.24,1.38,0.99,1.02,0.34,1.39,Robert Hassell III,690987,FF,129,28,2.59,-0.39
1.52,2.67,0.77,1.43,0.96,1.65,0.77,1.17,1.32,1.06,1.4,0.75,Robert Hassell III,690987,FO,5,1,2.17,-0.39
1.12,1.22,0.84,1.12,0.8,2.07,0.9,1.06,1.1,1.0,1.94,0.71,Robert Hassell III,690987,FS,15,3,1.75,-0.39
0.97,1.11,0.91,0.94,0.82,2.11,1.05,0.95,1.13,0.99,1.64,0.78,Robert Hassell III,690987,KC,12,1,1.54,-0.39
0.8,0.62,0.96,1.16,1.58,2.35,1.04,0.89,1.03,0.96,1.22,0.82,Robert Hassell III,690987,SI,54,15,1.04,-0.39
0.96,0.59,1.05,1.2,0.83,2.15,0.97,1.03,1.04,1.02,0.56,2.25,Robert Hassell III,690987,SL,60,13,0.84,-0.39
1.19,0.96,1.2,0.92,0.88,2.25,1.03,1.0,1.08,1.03,0.7,1.57,Robert Hassell III,690987,ST,21,3,1.33,-0.39
0.87,0.26,1.13,0.88,0.7,1.65,0.93,0.77,1.03,0.98,0.7,1.97,Ke'Bryan Hayes,663647,CH,134,33,0.48,-0.57
0.91,0.87,1.06,0.96,1.01,1.86,1.05,1.02,1.07,0.99,0.64,1.39,Ke'Bryan Hayes,663647,CU,50,9,1.12,-0.57
1.01,0.38,1.1,1.09,0.83,1.33,0.97,0.76,1.01,1.01,0.94,1.31,Ke'Bryan Hayes,663647,FF,379,63,0.4,-0.57
1.04,1.2,0.85,1.27,0.74,2.14,0.89,1.03,1.08,1.01,1.92,0.76,Ke'Bryan Hayes,663647,FS,28,6,1.62,-0.57
1.27,0.95,0.97,0.92,0.75,1.98,1.07,0.97,1.13,1.02,1.22,1.0,Ke'Bryan Hayes,663647,KC,19,5,1.31,-0.57
1.15,0.42,1.07,0.81,0.3,1.02,0.91,0.92,1.03,1.03,-0.4,1.64,Ke'Bryan Hayes,663647,SI,366,69,0.3,-0.57
1.14,0.6,1.2,0.95,0.94,0.97,0.92,0.96,1.03,1.02,0.51,2.44,Ke'Bryan Hayes,663647,SL,248,52,0.58,-0.57
0.89,0.74,1.31,0.79,1.12,1.54,0.9,0.86,1.04,0.96,0.8,2.05,Ke'Bryan Hayes,663647,ST,132,26,0.98,-0.57
1.15,1.05,0.91,1.01,0.93,1.97,0.99,1.05,1.21,1.02,1.06,1.09,Ke'Bryan Hayes,663647,SV,6,1,1.37,-0.57
1.63,3.8,0.7,1.43,0.89,1.47,0.77,1.3,1.33,1.07,1.54,0.61,Ke'Bryan Hayes,663647,FO,1,1,2.9,-0.57
1.26,1.02,0.83,1.4,1.18,2.75,1.09,1.25,1.04,1.03,1.5,0.72,Austin Hays,669720,CH,83,14,1.72,-0.85
0.9,0.99,1.07,1.14,1.11,2.6,1.16,0.98,1.05,1.0,0.93,1.26,Austin Hays,669720,CU,64,8,1.3,-0.85
0.94,1.86,1.04,0.77,0.78,1.61,1.07,1.11,1.0,0.99,1.13,0.72,Austin Hays,669720,FF,235,55,2.0,-0.85
1.21,1.19,0.71,1.15,0.87,1.94,0.93,1.0,1.1,1.02,2.58,0.65,Austin Hays,669720,FS,15,2,1.73,-0.85
0.93,0.92,0.97,0.9,0.76,2.08,1.07,0.99,1.11,0.98,1.25,1.1,Austin Hays,669720,KC,5,1,1.38,-0.85
0.67,1.71,1.08,1.09,1.3,1.36,1.1,1.1,1.02,0.97,0.99,2.31,Austin Hays,669720,SI,150,40,1.43,-0.85
0.9,0.99,0.97,0.6,1.32,0.91,1.09,0.87,1.04,1.04,1.1,0.94,Austin Hays,669720,SL,169,30,1.05,-0.85
1.19,0.65,1.07,0.98,1.14,2.66,1.01,0.96,1.07,1.05,0.71,1.99,Austin Hays,669720,ST,65,15,1.13,-0.85
1.23,1.05,0.91,1.17,0.99,1.97,1.0,1.09,1.22,1.03,1.08,1.02,Austin Hays,669720,SV,10,1,1.33,-0.85
1.1,1.03,0.89,1.04,1.13,2.73,0.96,0.99,1.03,1.0,1.35,0.81,Austin Hedges,595978,CH,31,4,1.62,-0.53
1.02,0.88,0.97,0.83,0.88,2.25,1.1,0.88,1.08,1.0,1.23,0.87,Austin Hedges,595978,CU,32,3,1.31,-0.53
0.8,0.07,0.62,0.62,1.1,1.46,1.12,0.56,0.98,0.98,1.67,0.63,Austin Hedges,595978,FF,185,28,0.38,-0.53
1.03,1.64,0.78,0.96,0.76,1.94,0.92,1.08,1.1,1.02,2.35,0.52,Austin Hedges,595978,FS,9,3,2.17,-0.53
1.03,1.43,0.81,1.26,1.66,2.94,1.12,0.94,1.0,0.99,3.5,0.63,Austin Hedges,595978,SI,76,16,2.25,-0.53
1.04,0.62,0.88,1.1,1.0,2.74,0.98,0.88,1.03,0.99,1.32,0.96,Austin Hedges,595978,SL,111,17,1.19,-0.53
1.12,0.84,1.27,0.94,0.93,2.25,1.06,0.94,1.08,1.0,0.73,1.47,Austin Hedges,595978,ST,36,3,1.21,-0.53
0.76,0.72,1.18,0.57,0.71,1.21,1.1,0.71,1.01,0.99,0.45,1.16,Jonah Heim,641680,CH,225,61,0.66,0.0
1.2,0.65,0.97,0.95,0.77,2.63,1.05,0.92,1.05,1.0,0.99,1.29,Jonah Heim,641680,CU,121,23,1.18,0.0
0.73,0.43,1.03,1.1,1.15,0.91,1.11,0.84,0.99,0.97,0.97,1.15,Jonah Heim,641680,FF,697,137,0.36,0.0
0.99,1.37,0.78,0.92,0.84,2.33,0.98,1.04,1.08,1.01,2.12,0.71,Jonah Heim,641680,FS,65,16,2.01,0.0
0.88,0.99,1.02,0.93,0.76,2.13,1.02,0.93,1.11,1.0,1.4,0.95,Jonah Heim,641680,KC,43,5,1.43,0.0
1.19,2.12,0.79,1.24,1.61,2.4,0.97,1.14,1.01,1.03,2.21,0.64,Jonah Heim,641680,SI,211,56,2.39,0.0
1.26,0.73,0.98,0.4,0.65,1.37,1.14,0.73,1.01,0.97,1.14,0.93,Jonah Heim,641680,SL,197,29,0.97,0.0
1.04,0.85,1.19,0.85,0.71,1.61,1.12,0.81,1.06,1.02,0.84,1.32,Jonah Heim,641680,ST,59,8,0.89,0.0
1.21,1.11,0.97,0.97,0.94,2.13,1.02,1.04,1.21,1.02,0.97,1.13,Jonah Heim,641680,SV,8,2,1.44,0.0
1.25,1.62,1.07,0.99,1.16,2.78,0.96,1.0,1.23,1.02,1.37,0.72,Jonah Heim,641680,KN,1,1,2.06,0.0
0.71,0.36,1.2,0.96,0.7,1.67,1.05,0.8,0.97,0.94,0.87,1.63,Tyler Heineman,623168,FF,22,3,0.6,0.0
0.87,0.75,0.78,1.21,1.75,2.71,1.02,0.91,1.01,0.94,2.93,0.58,Tyler Heineman,623168,SI,9,1,1.69,0.0
1.09,1.5,0.91,0.88,0.72,2.53,0.97,1.06,1.04,1.01,1.35,0.59,Tyler Heineman,623168,SL,11,1,2.02,0.0
0.86,0.64,0.98,0.68,1.01,2.39,1.06,0.79,1.02,0.92,1.36,0.9,Tyler Heineman,623168,CH,72,15,1.26,0.0
0.98,0.91,1.01,1.0,0.84,2.17,1.15,0.94,1.06,1.0,1.09,1.0,Tyler Heineman,623168,CU,29,4,1.21,0.0
1.05,1.22,0.76,0.96,0.77,1.99,0.92,0.98,1.09,1.01,2.5,0.57,Tyler Heineman,623168,FS,17,3,1.87,0.0
0.91,0.95,1.04,0.81,0.77,2.02,1.06,0.88,1.11,0.97,1.01,1.05,Tyler Heineman,623168,KC,23,5,1.25,0.0
1.23,0.99,1.13,1.11,0.86,2.33,1.02,1.11,1.09,1.03,0.75,1.35,Tyler Heineman,623168,ST,12,2,1.41,0.0
1.19,1.46,0.88,0.97,0.96,2.07,1.03,1.1,1.21,1.02,1.15,0.78,Tyler Heineman,623168,SV,4,2,1.74,0.0
1.16,1.23,0.89,1.01,0.89,2.03,0.96,1.03,1.04,1.02,1.3,0.82,Michael Helman,680737,CH,3,1,1.56,-0.7
0.93,0.92,1.26,0.92,1.3,3.63,1.01,0.89,1.0,0.97,0.89,1.32,Michael Helman,680737,FF,12,3,1.71,-0.7
0.92,1.21,1.09,0.84,0.72,2.15,0.98,1.04,1.03,1.0,0.97,1.03,Michael Helman,680737,SL,10,2,1.66,-0.7
0.95,0.95,0.95,0.88,0.82,2.15,1.16,0.97,1.04,0.99,0.95,1.0,Michael Helman,680737,CU,6,3,1.28,-0.7
1.27,1.02,0.7,1.34,1.1,1.12,1.01,1.19,1.07,1.05,1.24,1.28,Gunnar Henderson,683002,CH,381,71,1.02,-0.62
0.92,1.42,1.13,0.73,1.24,2.86,1.06,0.97,1.07,1.01,1.21,1.18,Gunnar Henderson,683002,CU,166,28,2.0,-0.62
1.37,0.96,1.18,0.93,1.06,0.81,0.99,1.17,1.06,1.05,0.5,2.37,Gunnar Henderson,683002,FF,944,126,0.97,-0.62
1.08,1.12,0.78,1.45,0.88,1.91,1.0,1.18,1.1,1.05,1.72,0.63,Gunnar Henderson,683002,FS,115,27,1.48,-0.62
1.14,0.99,0.9,0.91,0.68,1.86,1.1,1.05,1.13,1.01,1.37,0.77,Gunnar Henderson,683002,KC,52,12,1.45,-0.62
1.12,0.87,1.13,0.66,0.74,1.11,0.93,0.96,1.04,1.01,0.63,1.24,Gunnar Henderson,683002,SI,463,81,1.08,-0.62
1.22,1.2,1.29,1.03,0.93,0.95,0.85,1.15,1.06,1.04,0.72,2.05,Gunnar Henderson,683002,SL,356,60,1.25,-0.62
1.8,2.29,0.88,1.34,0.95,2.64,0.98,1.44,1.1,1.07,0.9,1.25,Gunnar Henderson,683002,ST,170,25,2.44,-0.62
1.23,1.29,0.91,1.15,0.92,1.8,1.02,1.16,1.21,1.03,1.07,1.05,Gunnar Henderson,683002,SV,6,2,1.5,-0.62
1.08,0.87,0.99,0.98,0.78,1.97,0.95,0.99,1.05,1.0,1.08,1.07,Darell Hernaiz,687231,CH,55,18,1.27,-0.61
0.98,0.86,1.03,0.92,0.85,2.24,1.1,0.98,1.07,1.01,1.03,1.38,Darell Hernaiz,687231,CU,38,3,1.28,-0.61
0.92,0.67,1.18,1.13,0.82,2.83,1.04,0.83,1.0,0.98,0.79,1.04,Darell Hernaiz,687231,FF,143,25,1.07,-0.61
0.89,0.62,1.12,0.89,1.69,3.34,1.06,0.84,1.03,0.98,0.61,1.32,Darell Hernaiz,687231,SI,89,17,1.26,-0.61
0.87,1.1,1.16,1.19,0.66,2.04,0.92,0.97,1.02,0.97,0.89,1.52,Darell Hernaiz,687231,SL,77,13,1.23,-0.61
0.98,0.82,1.19,1.09,0.73,2.0,1.05,1.01,1.06,1.0,0.69,1.73,Darell Hernaiz,687231,ST,40,7,1.06,-0.61
1.15,1.05,0.91,1.17,0.99,2.05,1.04,1.09,1.21,1.02,1.09,1.02,Darell Hernaiz,687231,SV,4,1,1.35,-0.61
0.97,1.22,0.91,0.96,0.79,2.07,0.94,0.96,1.09,1.02,1.53,0.76,Darell Hernaiz,687231,FS,10,3,1.6,-0.61
0.9,1.04,1.01,0.87,0.76,1.91,1.03,0.92,1.11,0.99,1.39,0.91,Darell Hernaiz,687231,KC,12,3,1.41,-0.61
1.15,2.17,1.14,1.11,0.9,2.3,1.07,1.03,1.05,1.01,1.12,0.94,Enrique Hernandez,571771,CH,114,26,2.04,-1.22
1.14,0.79,0.98,0.91,0.88,2.68,1.11,0.88,1.06,1.02,1.2,0.88,Enrique Hernandez,571771,CU,87,16,1.33,-1.22
1.02,0.99,0.57,0.86,1.17,0.93,0.98,1.04,1.02,1.03,1.29,0.76,Enrique Hernandez,571771,FF,461,91,1.1,-1.22
1.63,2.67,0.77,1.43,0.88,1.53,0.77,1.18,1.33,1.07,1.36,0.75,Enrique Hernandez,571771,FO,3,1,2.13,-1.22
1.16,1.2,0.73,0.98,0.81,2.06,0.93,1.08,1.1,1.03,2.12,0.59,Enrique Hernandez,571771,FS,34,5,1.87,-1.22
1.06,1.73,0.84,0.98,0.8,1.87,1.09,1.0,1.13,1.01,1.86,0.66,Enrique Hernandez,571771,KC,23,4,1.86,-1.22
0.99,0.31,0.97,0.79,1.57,3.35,1.09,0.76,1.02,1.03,1.79,0.85,Enrique Hernandez,571771,SI,303,65,1.39,-1.22
0.94,0.77,0.94,0.86,1.01,2.58,1.08,0.88,1.0,0.99,1.21,1.02,Enrique Hernandez,571771,SL,255,37,1.31,-1.22
1.05,0.81,1.06,1.2,0.98,2.7,0.97,1.04,1.07,1.0,0.87,1.49,Enrique Hernandez,571771,ST,114,20,1.31,-1.22
1.15,1.05,1.0,1.01,0.93,1.97,1.02,1.02,1.21,1.02,1.01,1.09,Enrique Hernandez,571771,SV,1,1,1.34,-1.22
1.27,1.91,0.83,1.05,1.16,2.46,1.0,1.33,1.07,1.05,1.21,0.97,Heriberto Hernandez,681715,CH,72,9,2.35,-0.9
1.06,1.33,0.82,1.15,0.96,2.08,1.08,1.06,1.09,1.02,1.43,0.85,Heriberto Hernandez,681715,CU,38,4,1.54,-0.9
0.78,0.55,1.15,0.85,1.47,0.65,0.98,0.73,1.01,0.96,1.08,0.91,Heriberto Hernandez,681715,FF,196,35,0.5,-0.9
1.12,1.86,0.74,1.04,0.84,2.12,0.85,1.15,1.11,1.02,2.29,0.53,Heriberto Hernandez,681715,FS,25,1,2.38,-0.9
1.04,1.11,0.91,0.94,0.73,1.81,1.03,0.99,1.14,1.01,1.72,0.78,Heriberto Hernandez,681715,KC,4,1,1.53,-0.9
1.0,0.46,0.82,0.74,2.03,0.6,1.01,1.05,1.03,1.0,1.02,0.62,Heriberto Hernandez,681715,SI,126,32,0.83,-0.9
0.83,1.22,1.14,0.84,1.16,2.07,0.97,1.12,1.03,0.98,0.96,1.22,Heriberto Hernandez,681715,SL,109,19,1.76,-0.9
1.34,1.64,1.12,0.75,1.05,2.7,1.07,1.03,1.07,1.05,0.87,1.15,Heriberto Hernandez,681715,ST,63,8,2.01,-0.9
1.06,0.79,0.86,0.96,1.24,2.43,1.03,1.15,1.06,0.99,0.93,0.76,Teoscar Hernandez,606192,CH,197,43,1.52,-0.83
1.12,2.31,0.97,0.67,0.99,2.08,1.22,1.18,1.1,1.0,1.36,0.71,Teoscar Hernandez,606192,CU,160,27,2.51,-0.83
1.17,2.13,1.24,1.28,1.35,0.85,1.09,1.29,1.05,1.03,0.71,1.21,Teoscar Hernandez,606192,FF,739,94,1.7,-0.83
1.12,1.39,0.72,1.11,0.98,2.24,0.97,1.1,1.11,1.03,2.28,0.74,Teoscar Hernandez,606192,FS,50,11,1.98,-0.83
0.92,1.45,0.86,0.87,0.81,1.78,1.08,0.96,1.12,0.99,1.63,0.7,Teoscar Hernandez,606192,KC,49,12,1.65,-0.83
1.21,1.56,1.25,0.95,1.24,3.04,0.96,0.97,1.22,1.02,1.01,0.96,Teoscar Hernandez,606192,KN,13,2,2.03,-0.83
1.03,0.83,1.28,0.65,0.87,1.0,0.99,1.06,1.04,1.01,-0.52,1.49,Teoscar Hernandez,606192,SI,498,89,0.83,-0.83
1.01,1.59,1.11,0.9,1.3,0.94,1.08,1.13,1.06,0.99,0.53,0.99,Teoscar Hernandez,606192,SL,503,76,1.41,-0.83
1.18,1.5,0.73,0.81,1.17,3.07,1.02,1.05,1.08,1.03,1.14,0.65,Teoscar Hernandez,606192,ST,222,23,2.07,-0.83
1.15,1.05,1.0,1.01,0.93,1.97,1.02,1.02,1.21,1.02,1.04,1.09,Teoscar Hernandez,606192,SV,1,1,1.35,-0.83
1.44,1.21,0.89,1.17,0.98,2.43,0.89,1.07,1.06,1.02,1.25,0.75,Ivan Herrera,671056,CH,79,13,1.64,-1.25
1.15,1.14,0.89,0.77,0.94,1.89,1.03,1.1,1.06,1.04,0.99,1.13,Ivan Herrera,671056,CU,50,6,1.57,-1.25
1.05,0.74,1.59,0.89,0.66,0.89,0.91,0.88,1.04,0.99,0.64,2.67,Ivan Herrera,671056,FF,325,46,0.71,-1.25
1.52,2.67,0.7,1.43,0.89,1.53,0.77,1.22,1.31,1.06,1.57,0.61,Ivan Herrera,671056,FO,2,1,2.24,-1.25
1.15,1.06,0.8,1.03,0.75,2.08,0.95,1.02,1.1,1.02,1.59,0.64,Ivan Herrera,671056,FS,27,5,1.54,-1.25
1.08,1.17,0.84,0.97,0.83,2.2,1.02,1.0,1.14,1.0,1.62,0.77,Ivan Herrera,671056,KC,29,4,1.63,-1.25
1.06,0.85,0.94,1.21,1.14,1.03,1.01,1.13,1.06,1.0,1.25,1.6,Ivan Herrera,671056,SI,221,43,0.97,-1.25
1.41,2.7,1.11,1.06,0.97,1.25,1.01,1.42,1.06,1.07,0.77,1.05,Ivan Herrera,671056,SL,139,29,2.45,-1.25
1.21,0.99,1.01,1.18,0.97,2.47,0.99,1.06,1.09,1.05,0.79,1.51,Ivan Herrera,671056,ST,82,13,1.31,-1.25
0.61,0.61,1.07,0.75,1.07,2.25,0.91,0.8,0.99,0.96,1.3,0.93,Jose Herrera,645444,CH,59,14,1.26,0.0
1.02,0.82,1.05,1.03,0.82,1.99,1.03,0.95,1.07,1.0,0.99,1.33,Jose Herrera,645444,CU,52,6,1.1,0.0
0.79,0.18,1.41,1.08,0.61,0.59,0.76,0.65,0.99,0.91,1.06,0.95,Jose Herrera,645444,FF,211,31,0.21,0.0
0.97,1.19,0.81,0.95,0.74,1.86,0.86,0.95,1.09,1.0,2.24,0.62,Jose Herrera,645444,FS,9,1,1.74,0.0
0.97,1.11,0.82,0.94,0.75,1.88,1.01,1.01,1.13,1.0,1.86,0.63,Jose Herrera,645444,KC,10,1,1.62,0.0
1.25,1.62,1.07,0.99,1.16,2.78,0.95,1.0,1.22,1.02,1.4,0.83,Jose Herrera,645444,KN,2,1,2.06,0.0
0.8,0.5,0.7,1.28,1.52,1.95,0.84,0.83,0.99,0.98,3.08,0.45,Jose Herrera,645444,SI,47,5,1.28,0.0
0.84,0.7,1.13,0.67,0.9,2.33,0.97,0.83,1.01,1.0,0.89,0.9,Jose Herrera,645444,SL,47,7,1.29,0.0
1.05,0.78,1.11,1.02,0.76,1.94,0.96,1.04,1.06,0.99,0.77,1.33,Jose Herrera,645444,ST,21,1,1.18,0.0
1.15,1.05,1.0,1.01,1.0,2.14,1.01,1.03,1.21,1.02,1.06,1.09,Jose Herrera,645444,SV,7,1,1.42,0.0
1.12,0.95,0.9,0.89,1.1,2.77,0.97,0.93,1.05,1.02,1.19,0.73,Jason Heyward,518792,CH,136,26,1.56,0.21
0.96,1.25,1.11,0.98,0.8,2.16,1.15,0.91,1.07,1.0,0.91,1.19,Jason Heyward,518792,CU,64,8,1.32,0.21
1.08,0.57,1.33,0.45,0.77,1.99,1.0,0.79,1.02,0.97,0.67,1.64,Jason Heyward,518792,FF,344,72,1.11,0.21
1.1,1.26,0.73,1.0,0.85,2.4,0.93,1.05,1.11,1.02,2.31,0.64,Jason Heyward,518792,FS,51,2,2.0,0.21
1.04,1.11,0.91,0.94,0.74,1.96,1.05,0.97,1.14,1.01,1.68,0.78,Jason Heyward,518792,KC,7,1,1.53,0.21
1.25,1.62,1.18,0.99,1.14,2.78,0.96,1.01,1.23,1.02,1.22,0.89,Jason Heyward,518792,KN,2,1,2.05,0.21
0.98,0.49,1.01,0.68,1.28,2.29,0.96,0.84,1.01,0.98,1.59,1.13,Jason Heyward,518792,SI,119,28,1.32,0.21
1.07,1.3,0.9,1.03,0.89,3.11,0.97,1.1,1.04,1.0,0.97,1.1,Jason Heyward,518792,SL,138,13,1.89,0.21
1.16,0.97,1.19,1.03,0.85,2.53,1.04,0.98,1.07,1.01,0.88,1.43,Jason Heyward,518792,ST,52,6,1.38,0.21
0.84,0.26,0.97,0.84,0.79,1.87,0.86,0.8,1.0,0.98,1.27,0.49,Liam Hicks,689414,CH,138,24,0.92,0.05
0.78,0.63,1.12,0.88,0.65,1.78,0.79,0.85,1.04,0.99,0.81,0.9,Liam Hicks,689414,CU,103,12,1.03,0.05
0.61,0.56,0.89,1.49,0.65,0.51,0.84,0.94,1.01,0.96,0.97,0.98,Liam Hicks,689414,FF,399,86,0.27,0.05
0.84,0.86,0.92,1.65,0.72,1.87,0.91,0.99,1.08,0.95,1.79,0.73,Liam Hicks,689414,FS,48,11,1.05,0.05
1.01,1.54,0.88,0.91,0.76,1.9,0.93,1.0,1.13,1.0,1.73,0.68,Liam Hicks,689414,KC,32,2,1.86,0.05
0.46,0.0,1.12,1.09,0.67,0.86,0.77,0.71,0.98,0.95,-0.08,1.59,Liam Hicks,689414,SI,188,35,-0.22,0.05
0.92,0.1,1.36,0.87,0.66,2.11,0.83,0.77,0.97,0.94,0.25,1.33,Liam Hicks,689414,SL,173,27,0.6,0.05
1.19,0.96,1.2,1.23,0.75,2.07,0.88,1.08,1.08,1.02,0.76,1.35,Liam Hicks,689414,ST,46,3,1.29,0.05
1.15,1.05,1.0,1.01,0.93,1.97,1.0,1.04,1.21,1.02,1.07,1.09,Liam Hicks,689414,SV,4,1,1.39,0.05
1.02,1.29,1.0,1.03,0.98,2.57,0.97,0.93,1.03,1.0,1.42,0.77,Kyle Higashioka,543309,CH,97,16,1.69,-1.45
1.03,1.45,1.0,0.88,0.86,2.75,1.02,1.04,1.07,1.02,1.15,0.9,Kyle Higashioka,543309,CU,83,11,1.96,-1.45
1.1,1.01,0.54,1.13,0.45,0.95,1.01,0.99,1.0,1.02,1.2,0.63,Kyle Higashioka,543309,FF,218,39,0.83,-1.45
1.03,1.14,0.72,1.12,0.85,2.11,0.92,1.02,1.09,1.01,2.26,0.56,Kyle Higashioka,543309,FS,36,4,1.73,-1.45
1.05,1.43,0.91,0.9,0.75,1.99,1.0,0.97,1.13,1.0,1.56,0.73,Kyle Higashioka,543309,KC,17,1,1.72,-1.45
1.29,1.09,0.69,1.41,0.6,0.87,1.05,0.96,1.02,1.02,3.21,0.45,Kyle Higashioka,543309,SI,221,48,1.27,-1.45
0.88,0.67,0.84,1.15,0.98,1.4,0.95,1.07,1.01,0.97,1.48,0.8,Kyle Higashioka,543309,SL,185,27,1.1,-1.45
1.12,0.98,1.14,1.03,1.01,2.8,0.91,1.03,1.08,1.01,0.71,1.3,Kyle Higashioka,543309,ST,86,9,1.54,-1.45
1.35,1.62,1.07,1.14,1.16,2.78,0.96,1.04,1.24,1.03,1.28,0.83,Kyle Higashioka,543309,KN,1,1,1.97,-1.45
1.24,1.57,0.86,1.11,0.99,2.36,0.95,1.11,1.06,1.02,1.49,0.72,Derek Hill,656537,CH,67,8,1.94,-1.57
1.03,0.82,1.06,1.09,0.92,2.31,1.12,1.01,1.07,1.0,0.83,1.17,Derek Hill,656537,CU,33,5,1.18,-1.57
1.23,1.19,1.94,0.83,1.29,3.67,0.99,1.09,1.02,0.98,0.08,2.9,Derek Hill,656537,FF,151,23,2.02,-1.57
1.08,1.21,0.77,1.28,0.85,2.34,0.92,1.1,1.1,1.01,1.98,0.67,Derek Hill,656537,FS,19,4,1.77,-1.57
0.97,1.04,0.93,0.87,0.84,2.06,1.09,0.92,1.13,1.01,1.68,0.85,Derek Hill,656537,KC,9,3,1.49,-1.57
1.25,1.62,1.18,0.99,1.16,2.78,0.95,1.02,1.22,1.02,1.08,0.89,Derek Hill,656537,KN,2,1,2.02,-1.57
1.09,1.65,0.88,1.13,1.66,3.11,1.07,1.08,1.04,1.01,1.7,0.95,Derek Hill,656537,SI,103,26,2.16,-1.57
0.97,1.22,1.06,1.33,0.95,3.01,1.05,1.04,1.05,1.01,1.0,1.23,Derek Hill,656537,SL,110,19,1.56,-1.57
1.12,1.37,1.23,0.87,1.01,3.3,1.14,1.02,1.07,1.03,0.7,1.25,Derek Hill,656537,ST,58,11,1.93,-1.57
1.24,1.96,0.83,0.88,0.94,2.32,0.9,1.09,1.06,1.04,1.55,0.63,Sam Hilliard,656541,CH,75,4,2.29,0.75
1.12,0.99,1.08,0.99,0.82,2.15,1.13,0.96,1.08,1.02,1.02,1.16,Sam Hilliard,656541,CU,52,13,1.27,0.75
0.94,1.16,1.38,0.8,1.77,4.47,0.97,1.03,1.03,0.98,0.79,1.51,Sam Hilliard,656541,FF,201,20,2.37,0.75
1.17,1.25,0.77,0.99,0.75,1.95,0.91,1.03,1.1,1.03,2.23,0.68,Sam Hilliard,656541,FS,16,3,1.83,0.75
1.04,1.25,0.74,1.12,1.75,3.3,1.02,0.98,1.04,1.01,2.82,0.6,Sam Hilliard,656541,SI,90,16,2.23,0.75
1.09,1.08,1.05,1.16,0.91,2.6,0.99,1.07,1.05,1.02,0.95,1.47,Sam Hilliard,656541,SL,93,12,1.49,0.75
1.3,1.6,1.14,0.94,0.82,2.16,1.02,1.08,1.09,1.02,0.8,1.3,Sam Hilliard,656541,ST,44,8,1.76,0.75
1.13,1.17,0.92,0.97,0.94,2.4,0.97,1.01,1.05,1.02,1.49,0.84,Rece Hinds,677956,CH,20,3,1.71,1.06
1.02,1.37,0.95,1.03,0.91,2.24,1.14,1.14,1.09,1.01,1.11,0.93,Rece Hinds,677956,CU,15,3,1.72,1.06
0.91,1.0,1.34,1.02,1.39,4.03,0.98,0.98,1.02,0.98,0.72,1.45,Rece Hinds,677956,FF,59,8,1.91,1.06
1.05,1.24,0.96,0.84,1.56,2.59,1.07,1.02,1.04,1.01,1.74,0.86,Rece Hinds,677956,SI,16,3,1.95,1.06
1.02,1.49,0.99,1.03,1.08,2.84,1.02,1.12,1.05,1.02,0.98,1.18,Rece Hinds,677956,SL,48,10,1.94,1.06
1.28,1.46,1.17,0.99,0.84,2.13,1.04,1.2,1.1,1.04,0.74,1.36,Rece Hinds,677956,ST,4,1,1.8,1.06
1.12,1.18,0.95,0.98,0.8,1.86,0.95,1.0,1.03,1.02,1.31,0.88,Keston Hiura,669374,CH,2,2,1.49,-0.96
0.99,0.99,0.99,1.05,0.81,2.12,1.14,0.99,1.06,1.01,1.1,1.07,Keston Hiura,669374,CU,3,1,1.27,-0.96
0.84,0.73,1.5,0.98,1.38,3.95,0.99,0.91,0.98,0.95,0.81,1.56,Keston Hiura,669374,FF,36,1,1.75,-0.96
1.01,1.07,0.88,1.05,0.74,1.98,1.06,0.96,1.11,1.01,1.64,0.78,Keston Hiura,669374,KC,6,2,1.41,-0.96
0.88,1.13,0.76,1.01,1.74,3.82,1.06,0.98,1.01,0.99,2.66,0.5,Keston Hiura,669374,SI,10,2,2.36,-0.96
1.03,0.95,0.97,1.09,0.78,2.29,0.97,1.0,1.04,1.02,0.92,1.05,Keston Hiura,669374,SL,24,4,1.3,-0.96
1.19,1.01,1.3,1.01,0.8,2.11,1.05,1.03,1.07,1.03,0.68,1.68,Keston Hiura,669374,ST,9,3,1.3,-0.96
0.59,0.33,0.79,1.37,0.43,1.08,1.22,0.87,0.98,0.99,1.7,0.66,Nico Hoerner,663538,CH,148,43,0.36,-0.53
0.61,0.9,1.23,0.78,0.72,2.4,0.99,0.86,1.03,0.97,0.75,1.35,Nico Hoerner,663538,CU,136,21,1.33,-0.53
0.84,0.06,1.34,0.89,0.31,1.13,1.04,0.78,0.97,0.97,0.78,1.46,Nico Hoerner,663538,FF,699,151,0.33,-0.53
0.85,1.09,0.81,1.31,0.7,2.16,0.96,1.02,1.07,0.98,1.92,0.59,Nico Hoerner,663538,FS,60,20,1.52,-0.53
0.98,0.99,0.84,1.05,0.67,1.72,1.05,0.99,1.12,1.0,1.69,0.73,Nico Hoerner,663538,KC,23,8,1.34,-0.53
0.76,0.35,0.95,1.0,0.23,1.01,0.97,0.89,0.98,0.99,1.35,0.88,Nico Hoerner,663538,SI,506,113,0.65,-0.53
0.56,0.2,1.18,0.79,0.69,1.14,1.01,0.8,0.99,0.95,1.1,0.99,Nico Hoerner,663538,SL,371,78,0.61,-0.53
0.55,0.27,1.36,0.86,0.57,1.21,1.04,0.81,1.03,0.95,0.8,1.31,Nico Hoerner,663538,ST,193,45,0.57,-0.53
1.11,1.01,0.95,0.97,0.92,2.0,1.02,1.04,1.19,1.01,1.01,0.91,Nico Hoerner,663538,SV,6,2,1.38,-0.53
1.02,0.95,1.07,0.96,0.93,1.12,0.95,0.93,1.03,1.0,0.8,1.2,Jackson Holliday,702616,CH,104,17,0.92,-0.79
0.81,1.29,1.15,0.96,0.7,2.16,1.18,0.97,1.08,0.98,1.04,1.26,Jackson Holliday,702616,CU,49,6,1.47,-0.79
1.16,1.19,1.2,1.05,1.12,0.58,0.94,1.11,1.01,1.02,0.61,1.54,Jackson Holliday,702616,FF,282,36,1.02,-0.79
0.85,0.55,1.09,0.88,0.83,1.85,0.98,0.91,1.07,1.01,0.76,1.17,Jackson Holliday,702616,FS,34,8,0.95,-0.79
1.05,1.0,0.88,0.96,0.69,2.15,1.1,0.99,1.13,1.02,1.52,0.85,Jackson Holliday,702616,KC,17,4,1.46,-0.79
0.94,1.07,0.95,1.03,1.56,1.37,0.97,0.98,1.01,1.0,0.51,1.18,Jackson Holliday,702616,SI,92,17,0.95,-0.79
1.01,1.16,0.79,0.91,0.95,0.89,1.05,1.05,1.03,1.02,1.19,0.78,Jackson Holliday,702616,SL,120,12,1.17,-0.79
1.07,0.88,1.54,0.76,0.88,1.63,1.01,0.96,1.06,1.0,0.54,1.57,Jackson Holliday,702616,ST,53,6,1.23,-0.79
1.17,1.01,0.97,0.97,0.95,1.98,0.99,1.01,1.21,1.02,1.0,1.13,Jackson Holliday,702616,SV,6,2,1.33,-0.79
0.67,0.48,0.95,0.71,0.66,1.21,0.88,0.77,0.99,0.96,1.13,0.79,Spencer Horwitz,687462,CH,199,39,0.79,-0.98
1.2,1.14,0.87,1.09,0.69,2.18,1.05,0.99,1.05,1.01,1.54,0.92,Spencer Horwitz,687462,CU,70,13,1.47,-0.98
0.86,0.68,0.98,1.2,0.66,0.55,0.94,0.9,0.99,0.97,0.96,1.21,Spencer Horwitz,687462,FF,514,72,0.43,-0.98
1.04,1.18,0.79,1.06,0.68,1.87,0.93,1.09,1.08,1.01,1.78,0.65,Spencer Horwitz,687462,FS,84,21,1.68,-0.98
1.03,1.4,0.86,0.97,0.73,1.99,0.99,1.02,1.13,1.0,1.77,0.68,Spencer Horwitz,687462,KC,35,4,1.79,-0.98
0.85,1.2,0.86,1.26,1.09,0.86,0.98,1.07,1.01,1.0,0.95,0.81,Spencer Horwitz,687462,SI,253,42,0.97,-0.98
1.26,0.8,0.95,1.12,0.75,2.49,1.04,1.03,0.99,1.02,1.18,0.99,Spencer Horwitz,687462,SL,184,33,1.34,-0.98
1.29,1.55,1.28,0.85,0.89,2.82,1.01,1.01,1.07,1.02,0.71,1.25,Spencer Horwitz,687462,ST,93,12,1.94,-0.98
1.11,1.01,0.97,1.14,0.92,1.98,1.01,1.05,1.2,1.01,0.95,1.1,Spencer Horwitz,687462,SV,5,2,1.25,-0.98
1.29,1.24,0.98,0.99,0.83,2.27,0.96,0.96,1.03,1.04,1.65,1.05,Rhys Hoskins,656555,CH,122,32,1.66,-0.65
1.19,1.38,0.95,1.22,0.94,2.23,0.99,1.13,1.08,1.01,0.98,1.07,Rhys Hoskins,656555,CU,133,14,1.59,-0.65
1.43,1.48,0.49,0.85,1.03,0.71,0.98,1.07,1.01,1.02,1.43,0.45,Rhys Hoskins,656555,FF,657,82,1.36,-0.65
1.0,1.29,0.67,1.0,0.83,1.98,0.85,1.0,1.09,1.02,2.7,0.52,Rhys Hoskins,656555,FS,37,5,1.97,-0.65
1.02,1.38,0.84,0.78,0.69,2.11,0.97,0.97,1.12,0.99,2.01,0.5,Rhys Hoskins,656555,KC,48,6,1.96,-0.65
1.21,1.74,0.6,1.51,0.75,0.76,0.95,1.15,1.03,1.01,3.7,0.43,Rhys Hoskins,656555,SI,440,72,1.93,-0.65
1.17,0.27,0.68,1.22,1.22,0.8,0.76,0.94,1.01,1.0,1.41,0.82,Rhys Hoskins,656555,SL,443,42,0.47,-0.65
1.09,1.35,1.02,0.75,1.03,3.01,0.89,0.96,1.07,0.99,1.02,0.94,Rhys Hoskins,656555,ST,167,25,1.98,-0.65
1.15,1.27,0.99,1.26,1.23,2.76,1.02,1.04,1.04,1.01,0.51,1.52,Brady House,691781,CH,74,12,1.36,-1.09
1.02,0.95,0.95,1.18,1.02,2.32,1.15,0.99,1.08,1.01,1.19,1.08,Brady House,691781,CU,28,3,1.23,-1.09
1.29,0.37,1.03,1.2,1.36,4.62,1.21,0.94,1.04,1.04,0.57,1.42,Brady House,691781,FF,163,28,1.33,-1.09
1.09,1.17,0.74,1.25,0.82,2.08,0.94,1.09,1.1,1.03,2.08,0.71,Brady House,691781,FS,20,4,1.68,-1.09
1.08,1.0,0.9,0.99,0.73,1.85,1.1,1.02,1.13,1.0,1.6,0.91,Brady House,691781,KC,16,4,1.41,-1.09
1.25,1.62,1.07,0.99,1.16,2.89,0.95,1.04,1.23,1.03,1.24,0.89,Brady House,691781,KN,2,1,2.1,-1.09
0.97,0.0,0.95,0.85,1.38,1.27,1.26,1.0,1.04,0.96,-0.12,0.83,Brady House,691781,SI,168,39,0.24,-1.09
1.28,1.08,1.1,1.47,1.04,2.33,1.14,1.25,1.05,1.06,0.64,1.35,Brady House,691781,SL,114,23,1.32,-1.09
1.06,1.24,1.14,0.68,0.9,2.07,1.18,1.11,1.08,1.02,0.87,0.72,Brady House,691781,ST,74,19,1.78,-1.09
0.95,0.94,0.96,0.94,2.01,3.84,1.02,0.97,1.01,1.0,1.55,0.87,Sam Huff,669087,SI,5,1,2.02,-0.39
1.17,1.65,0.76,1.26,1.02,2.04,0.93,1.22,1.04,1.03,1.51,0.65,Sam Huff,669087,CH,27,3,1.93,-0.39
1.09,1.01,0.92,0.95,0.87,2.12,1.11,1.01,1.07,1.02,1.13,1.07,Sam Huff,669087,CU,13,1,1.36,-0.39
0.83,1.51,1.12,0.94,1.28,3.6,0.98,1.02,1.0,0.98,0.88,0.85,Sam Huff,669087,FF,85,9,2.18,-0.39
0.95,0.87,1.13,1.0,0.86,2.2,0.98,0.94,1.02,1.01,0.64,1.48,Sam Huff,669087,SL,25,5,1.13,-0.39
1.28,1.03,1.29,0.99,0.96,2.31,1.03,1.02,1.07,1.03,0.65,1.68,Sam Huff,669087,ST,21,1,1.37,-0.39
1.15,1.05,1.0,1.01,0.93,2.05,1.01,1.04,1.17,1.01,0.87,1.09,Sam Huff,669087,SV,2,1,1.35,-0.39
1.11,1.83,0.91,0.76,1.01,2.11,0.91,0.96,1.04,1.01,1.39,0.69,Cooper Hummel,669450,CH,1,1,2.03,0.0
1.2,0.89,1.2,0.87,0.87,2.42,1.0,0.93,1.04,1.02,0.79,1.23,Cooper Hummel,669450,SL,5,2,1.36,0.0
1.3,1.35,1.16,0.96,0.88,2.29,1.04,1.18,1.09,1.04,0.72,1.5,Cooper Hummel,669450,ST,1,1,1.75,0.0
1.13,0.98,0.89,1.07,1.0,2.39,1.04,1.04,1.09,1.02,1.18,1.07,Cooper Hummel,669450,CU,44,2,1.43,0.0
0.86,0.88,1.09,0.85,1.1,2.86,0.83,0.87,1.04,1.0,0.97,1.22,Cooper Hummel,669450,FF,158,21,1.52,0.0
1.04,1.31,0.74,1.04,0.82,2.28,0.97,1.01,1.1,1.02,2.36,0.53,Cooper Hummel,669450,FS,13,1,1.93,0.0
1.0,1.26,0.77,1.14,1.39,2.67,1.0,1.18,1.04,1.02,2.14,0.81,Cooper Hummel,669450,SI,54,11,2.1,0.0
1.16,1.21,0.85,1.03,0.87,2.11,0.92,1.01,1.06,1.02,1.49,0.75,Jacob Hurtubise,674441,CH,31,3,1.6,0.47
1.01,0.96,0.96,1.01,0.79,1.92,1.13,1.0,1.08,1.02,1.13,1.12,Jacob Hurtubise,674441,CU,19,2,1.22,0.47
0.8,0.63,1.32,0.97,1.11,3.6,0.96,0.87,1.0,0.95,0.77,1.36,Jacob Hurtubise,674441,FF,109,18,1.5,0.47
0.97,1.11,0.82,0.94,0.73,2.04,1.03,0.95,1.13,1.0,2.04,0.72,Jacob Hurtubise,674441,KC,19,1,1.62,0.47
1.25,1.62,1.07,1.14,1.2,2.78,0.96,1.08,1.23,1.03,1.27,0.83,Jacob Hurtubise,674441,KN,3,1,2.03,0.47
0.91,1.1,0.76,1.26,1.84,3.62,1.03,1.09,1.03,0.99,2.73,0.59,Jacob Hurtubise,674441,SI,28,3,2.3,0.47
0.99,0.99,1.06,1.01,0.75,2.26,0.95,0.97,1.05,1.01,0.89,1.2,Jacob Hurtubise,674441,SL,21,3,1.34,0.47
1.11,0.96,1.09,0.92,0.81,1.98,1.04,0.99,1.06,1.02,0.85,1.19,Jacob Hurtubise,674441,ST,9,3,1.28,0.47
1.07,1.07,0.83,1.04,0.88,2.09,1.04,1.1,1.06,1.03,1.11,1.28,Andy Ibanez,628451,CH,111,23,1.42,-0.98
0.95,0.75,0.97,0.88,0.81,2.13,1.11,0.83,1.05,1.0,1.32,0.96,Andy Ibanez,628451,CU,74,11,1.12,-0.98
0.81,0.99,1.02,0.85,1.04,3.3,0.97,0.89,0.99,0.98,1.08,0.78,Andy Ibanez,628451,FF,313,46,1.74,-0.98
1.04,1.31,0.76,1.17,0.78,1.98,0.91,1.07,1.1,1.01,2.17,0.62,Andy Ibanez,628451,FS,9,1,1.8,-0.98
1.01,1.07,0.88,1.05,0.81,2.05,1.07,1.01,1.13,1.0,1.68,0.78,Andy Ibanez,628451,KC,10,2,1.51,-0.98
0.75,0.21,0.61,1.06,1.09,2.28,1.01,0.78,1.0,0.99,2.53,0.64,Andy Ibanez,628451,SI,138,28,1.02,-0.98
0.97,0.86,1.09,0.86,0.77,2.03,1.11,0.91,1.04,1.02,1.06,1.03,Andy Ibanez,628451,SL,118,25,1.22,-0.98
1.06,0.76,1.19,1.09,0.74,2.11,1.09,0.99,1.06,1.02,0.72,1.27,Andy Ibanez,628451,ST,59,13,1.07,-0.98
1.02,0.96,1.06,1.1,0.92,2.43,0.96,0.96,1.04,1.0,1.25,1.81,Jose Iglesias,578428,CH,67,16,1.34,-0.77
0.57,0.52,1.22,1.02,0.78,2.61,1.11,0.84,1.02,0.97,0.93,1.17,Jose Iglesias,578428,CU,60,11,1.04,-0.77
0.67,0.09,2.11,1.0,0.6,1.46,0.95,0.75,0.97,0.91,0.38,5.07,Jose Iglesias,578428,FF,358,75,0.16,-0.77
1.12,1.1,0.86,1.03,0.72,1.92,0.95,1.03,1.1,1.01,1.73,0.84,Jose Iglesias,578428,FS,29,4,1.57,-0.77
1.28,0.38,0.84,1.83,0.52,1.14,1.0,1.2,1.03,1.03,-0.15,2.03,Jose Iglesias,578428,SI,184,39,-0.04,-0.77
0.81,0.06,1.37,0.44,0.61,1.18,1.12,0.71,0.95,0.94,0.43,1.23,Jose Iglesias,578428,SL,208,47,0.44,-0.77
0.87,0.4,1.1,1.12,0.76,2.76,1.04,0.96,1.02,1.01,0.79,2.09,Jose Iglesias,578428,ST,65,21,0.96,-0.77
1.15,1.05,0.91,1.17,0.93,2.14,1.01,1.08,1.21,1.02,1.09,1.02,Jose Iglesias,578428,SV,11,1,1.37,-0.77
1.01,1.0,0.9,0.99,0.72,1.77,1.02,0.98,1.13,1.0,1.31,0.91,Jose Iglesias,578428,KC,16,4,1.29,-0.77
1.31,1.28,0.91,0.92,0.91,3.14,0.88,1.14,1.05,1.02,1.07,0.91,Jonathan India,663697,CH,178,23,2.1,-0.49
0.79,0.81,1.44,0.62,0.73,1.56,0.95,0.87,1.07,0.97,0.42,1.91,Jonathan India,663697,CU,132,24,1.07,-0.49
0.9,0.74,0.81,0.98,0.7,0.75,0.86,0.9,1.03,0.97,1.22,0.73,Jonathan India,663697,FF,841,118,0.77,-0.49
1.52,2.67,0.77,1.43,0.89,1.53,0.77,1.18,1.31,1.05,1.46,0.75,Jonathan India,663697,FO,1,1,2.16,-0.49
1.11,1.18,0.82,1.09,0.79,2.08,0.86,1.04,1.09,1.0,2.21,0.59,Jonathan India,663697,FS,59,6,1.83,-0.49
0.98,0.95,0.93,0.98,0.72,1.71,0.96,0.94,1.12,1.01,1.34,0.93,Jonathan India,663697,KC,49,5,1.24,-0.49
0.81,0.31,1.08,0.71,0.96,0.57,0.85,0.86,1.03,0.98,1.8,0.76,Jonathan India,663697,SI,560,109,0.88,-0.49
0.69,0.75,1.01,1.17,0.84,0.87,0.82,0.97,1.03,0.98,1.21,0.86,Jonathan India,663697,SL,439,67,0.86,-0.49
1.3,1.28,1.05,1.05,0.68,1.82,0.82,1.1,1.07,1.04,0.94,1.12,Jonathan India,663697,ST,164,25,1.56,-0.49
1.15,1.15,0.94,0.99,0.95,2.01,0.98,1.06,1.2,1.01,1.1,0.93,Jonathan India,663697,SV,18,3,1.51,-0.49
0.72,0.44,1.24,0.95,0.62,0.99,1.07,0.86,1.02,0.97,0.78,1.56,Kyle Isbel,664728,CH,215,55,0.5,-0.92
0.98,0.38,1.28,0.86,0.94,3.05,1.03,0.9,1.06,0.95,0.32,1.86,Kyle Isbel,664728,CU,154,19,1.07,-0.92
0.82,0.34,1.39,1.12,0.68,0.86,0.92,0.79,1.01,0.96,0.68,2.14,Kyle Isbel,664728,FF,508,80,0.23,-0.92
0.97,0.7,0.88,0.99,0.83,1.8,0.93,0.87,1.1,1.0,1.8,0.81,Kyle Isbel,664728,FS,62,20,1.18,-0.92
0.94,0.95,0.96,0.95,0.7,2.04,1.02,0.94,1.13,0.97,1.29,0.85,Kyle Isbel,664728,KC,41,11,1.34,-0.92
1.06,0.56,1.42,0.95,0.22,0.81,0.87,0.84,1.03,1.01,-1.28,3.26,Kyle Isbel,664728,SI,191,44,-0.18,-0.92
1.15,0.16,1.0,0.89,0.8,1.95,1.01,0.68,1.01,0.98,1.18,0.95,Kyle Isbel,664728,SL,184,34,0.55,-0.92
1.14,0.46,1.43,0.87,0.81,2.02,0.95,0.87,1.06,0.99,0.69,2.03,Kyle Isbel,664728,ST,75,13,0.92,-0.92
1.15,1.05,1.0,1.04,0.91,1.97,1.03,1.02,1.21,1.02,1.02,1.07,Kyle Isbel,664728,SV,2,1,1.32,-0.92
1.52,2.67,0.77,1.43,0.89,1.47,0.77,1.19,1.3,1.05,1.39,0.75,Kyle Isbel,664728,FO,1,1,2.14,-0.92
1.15,1.22,0.86,1.0,0.94,2.45,0.96,1.0,1.06,1.01,1.6,0.75,Alex Jackson,656577,CH,60,9,1.74,-2.28
0.99,0.97,1.18,0.52,1.4,2.78,1.08,0.85,1.01,0.99,1.05,0.97,Alex Jackson,656577,FF,221,32,1.7,-2.28
1.12,1.31,0.74,1.04,0.84,2.04,0.91,1.03,1.1,1.02,2.29,0.53,Alex Jackson,656577,FS,11,1,1.88,-2.28
1.05,1.07,0.8,1.02,0.73,1.84,1.06,0.98,1.14,1.01,1.85,0.75,Alex Jackson,656577,KC,6,2,1.45,-2.28
0.94,1.4,0.9,1.07,1.83,3.68,1.0,0.94,1.04,0.98,2.32,0.56,Alex Jackson,656577,SI,89,15,2.33,-2.28
1.07,0.91,1.05,0.95,0.98,2.94,0.99,0.91,1.04,0.99,0.94,1.2,Alex Jackson,656577,SL,115,16,1.45,-2.28
1.09,1.01,1.3,1.0,0.97,2.4,1.05,1.03,1.07,1.01,0.63,1.8,Alex Jackson,656577,ST,44,5,1.38,-2.28
1.09,1.01,0.92,1.1,0.82,2.29,1.16,1.01,1.09,1.02,1.21,0.99,Alex Jackson,656577,CU,7,1,1.33,-2.28
1.19,1.46,0.97,1.14,0.94,1.9,1.02,1.13,1.22,1.03,1.02,1.1,Alex Jackson,656577,SV,7,2,1.58,-2.28
1.25,1.15,0.76,1.1,1.02,2.45,0.98,1.04,1.06,1.03,1.71,0.58,Jeremiah Jackson,669236,CH,24,3,1.7,0.42
0.95,0.95,0.95,1.03,0.86,2.06,1.11,1.03,1.07,1.01,1.15,1.16,Jeremiah Jackson,669236,CU,14,3,1.3,0.42
0.97,0.82,1.42,0.74,1.14,4.28,1.03,0.9,1.02,0.99,0.78,1.71,Jeremiah Jackson,669236,FF,69,11,1.96,0.42
1.04,1.31,0.74,1.04,0.75,1.88,0.91,1.02,1.1,1.01,2.33,0.53,Jeremiah Jackson,669236,FS,2,1,1.83,0.42
1.01,1.07,0.8,1.2,0.71,1.9,1.05,1.08,1.14,1.0,1.81,0.72,Jeremiah Jackson,669236,KC,5,2,1.48,0.42
1.16,1.22,0.82,0.95,1.59,3.14,1.0,1.04,1.04,1.02,2.37,0.69,Jeremiah Jackson,669236,SI,64,12,2.25,0.42
0.88,1.14,1.29,0.72,0.75,2.36,1.01,0.86,1.04,0.98,0.67,1.28,Jeremiah Jackson,669236,SL,37,9,1.47,0.42
1.39,1.03,1.26,0.73,0.78,1.97,1.11,1.05,1.06,1.04,0.53,1.61,Jeremiah Jackson,669236,ST,46,13,1.39,0.42
0.94,0.93,1.01,1.06,0.92,1.95,0.94,0.99,1.03,0.99,1.05,0.87,Travis Jankowski,608671,CH,105,18,1.28,0.96
1.02,0.87,1.16,0.96,0.83,1.92,1.04,0.94,1.07,1.02,0.98,1.35,Travis Jankowski,608671,CU,41,5,1.17,0.96
0.81,0.25,1.33,0.99,0.72,1.57,0.99,0.78,1.0,0.95,0.58,1.99,Travis Jankowski,608671,FF,319,71,0.41,0.96
0.98,1.04,0.95,0.82,0.86,2.37,0.96,0.99,1.08,1.01,1.34,0.82,Travis Jankowski,608671,FS,33,7,1.68,0.96
1.11,1.11,0.82,0.94,0.7,1.88,1.04,1.0,1.14,1.0,1.76,0.78,Travis Jankowski,608671,KC,9,1,1.54,0.96
0.85,0.78,1.02,0.83,1.65,3.03,1.06,0.88,1.02,0.96,1.5,1.07,Travis Jankowski,608671,SI,115,19,1.6,0.96
0.67,0.94,1.57,0.82,0.94,2.18,0.9,0.85,1.0,0.94,0.56,2.0,Travis Jankowski,608671,SL,128,15,1.28,0.96
1.17,0.99,1.24,1.11,0.84,2.37,1.01,1.06,1.08,1.02,0.61,1.68,Travis Jankowski,608671,ST,25,2,1.33,0.96
1.31,0.93,0.92,0.93,1.03,2.56,0.99,0.9,1.03,0.99,1.69,0.72,Danny Jansen,643376,CH,105,17,1.56,-0.65
1.04,0.87,0.81,0.92,0.79,2.16,0.98,0.92,1.06,1.01,1.41,0.7,Danny Jansen,643376,CU,92,5,1.34,-0.65
0.99,0.89,0.7,0.92,1.02,0.86,0.92,0.77,1.0,0.99,1.6,0.41,Danny Jansen,643376,FF,431,59,0.82,-0.65
1.14,1.24,0.74,1.02,0.82,2.12,0.89,1.01,1.1,1.02,2.27,0.65,Danny Jansen,643376,FS,27,4,1.85,-0.65
1.02,1.08,0.89,0.92,0.75,1.9,1.02,0.95,1.13,0.99,1.68,0.7,Danny Jansen,643376,KC,22,1,1.5,-0.65
1.35,2.31,1.07,0.99,1.16,2.78,0.95,1.06,1.23,1.03,1.3,0.72,Danny Jansen,643376,KN,3,1,2.47,-0.65
1.05,0.52,0.62,1.12,1.12,0.77,0.91,0.88,0.98,0.99,3.73,0.36,Danny Jansen,643376,SI,253,54,1.23,-0.65
0.89,0.79,0.85,1.1,0.74,1.71,0.83,0.98,1.02,0.97,1.38,0.86,Danny Jansen,643376,SL,237,39,1.18,-0.65
1.32,1.49,0.82,1.02,0.74,1.53,0.99,0.97,1.06,1.02,1.27,0.98,Danny Jansen,643376,ST,84,17,1.38,-0.65
1.15,1.05,1.0,1.01,0.94,2.03,1.0,1.03,1.2,1.02,1.04,1.09,Danny Jansen,643376,SV,6,1,1.39,-0.65
1.07,1.03,0.72,0.97,1.11,3.09,0.92,1.1,1.06,1.02,1.58,0.62,Ryan Jeffers,680777,CH,153,27,1.97,-0.34
1.05,1.01,0.88,0.96,0.87,2.05,0.91,0.99,1.07,1.02,1.27,0.71,Ryan Jeffers,680777,CU,109,13,1.46,-0.34
1.1,0.88,0.79,1.1,0.56,1.48,0.88,0.95,1.04,1.01,1.06,1.03,Ryan Jeffers,680777,FF,535,98,0.95,-0.34
1.01,1.25,0.76,1.03,0.85,2.09,0.89,0.98,1.09,1.01,2.37,0.59,Ryan Jeffers,680777,FS,28,3,1.84,-0.34
0.92,1.04,0.91,0.9,0.81,2.09,1.0,0.93,1.11,0.98,1.76,0.74,Ryan Jeffers,680777,KC,30,3,1.56,-0.34
1.01,1.08,0.94,0.94,0.64,1.27,0.86,0.87,1.03,0.99,1.97,0.7,Ryan Jeffers,680777,SI,351,77,1.35,-0.34
0.92,0.71,0.98,1.36,1.01,0.89,0.87,1.06,1.06,1.0,0.71,1.25,Ryan Jeffers,680777,SL,309,58,0.62,-0.34
0.95,1.05,0.97,0.89,0.93,2.86,1.02,0.95,1.07,1.02,1.15,1.23,Ryan Jeffers,680777,ST,135,22,1.62,-0.34
1.16,0.92,0.82,1.04,0.85,1.92,0.99,1.07,1.2,1.02,1.15,0.94,Ryan Jeffers,680777,SV,13,3,1.31,-0.34
1.04,1.38,0.85,0.96,0.9,2.34,0.95,1.01,1.03,1.01,1.58,0.68,Leo Jimenez,677870,CH,74,12,1.83,-1.57
1.04,0.93,0.89,0.9,0.79,1.98,1.12,0.95,1.08,1.01,1.21,0.95,Leo Jimenez,677870,CU,50,5,1.25,-1.57
1.06,0.89,1.27,1.35,1.09,3.77,0.91,1.04,1.01,0.99,0.66,1.47,Leo Jimenez,677870,FF,259,24,1.62,-1.57
1.12,1.22,0.76,0.96,0.87,2.15,0.96,1.05,1.1,1.03,1.94,0.76,Leo Jimenez,677870,FS,19,3,1.81,-1.57
0.94,1.07,0.88,1.05,0.71,1.74,1.05,0.95,1.13,1.0,1.73,0.78,Leo Jimenez,677870,KC,6,2,1.35,-1.57
0.84,1.01,1.02,0.86,1.52,2.55,1.05,0.93,1.02,0.97,1.72,0.65,Leo Jimenez,677870,SI,160,32,1.74,-1.57
1.01,0.92,0.99,1.02,0.85,2.79,0.96,0.97,1.04,1.01,0.95,1.02,Leo Jimenez,677870,SL,142,21,1.46,-1.57
1.22,1.46,1.15,0.73,0.81,2.15,1.04,0.98,1.07,1.04,0.85,1.6,Leo Jimenez,677870,ST,59,13,1.67,-1.57
1.15,1.05,0.91,1.01,0.91,2.22,1.01,1.02,1.21,1.02,1.13,0.89,Leo Jimenez,677870,SV,7,1,1.44,-1.57
1.08,1.33,0.91,1.06,0.97,1.89,0.94,1.08,1.06,1.01,1.17,1.0,Connor Joe,656582,CH,181,25,1.57,-0.62
1.02,1.1,1.08,0.92,0.91,1.92,1.08,0.95,1.07,1.0,1.1,1.32,Connor Joe,656582,CU,94,15,1.32,-0.62
0.91,0.46,0.98,1.25,0.66,1.85,0.91,0.83,1.01,0.99,1.11,0.88,Connor Joe,656582,FF,441,73,0.68,-0.62
0.83,1.04,0.73,0.82,0.83,1.73,0.92,0.9,1.07,1.01,2.32,0.57,Connor Joe,656582,FS,32,7,1.62,-0.62
1.07,1.43,0.85,0.92,0.78,2.03,1.04,1.0,1.14,1.01,1.74,0.71,Connor Joe,656582,KC,33,3,1.78,-0.62
0.99,0.89,0.9,0.86,1.43,2.42,0.93,0.93,1.03,0.99,2.01,0.91,Connor Joe,656582,SI,296,61,1.69,-0.62
0.9,0.72,0.94,1.09,0.82,1.86,0.9,0.9,1.04,0.98,1.11,0.85,Connor Joe,656582,SL,314,53,1.01,-0.62
1.12,1.01,1.24,0.83,0.9,2.06,0.99,0.95,1.07,1.0,0.77,1.48,Connor Joe,656582,ST,123,16,1.35,-0.62
1.11,1.01,0.88,0.97,1.02,2.07,1.0,0.97,1.2,1.01,1.31,0.88,Connor Joe,656582,SV,13,2,1.38,-0.62
0.97,0.98,1.04,1.05,0.9,2.24,0.96,0.97,1.02,0.98,1.08,1.03,Bryce Johnson,669369,CH,33,9,1.36,0.0
0.96,0.91,1.03,1.09,0.84,2.1,1.13,1.03,1.08,0.99,1.08,1.21,Bryce Johnson,669369,CU,20,4,1.25,0.0
0.81,0.83,1.35,1.14,1.26,3.87,0.97,0.93,1.0,0.95,0.7,1.39,Bryce Johnson,669369,FF,107,15,1.64,0.0
1.08,1.26,0.86,1.0,0.78,2.13,0.91,1.01,1.1,1.01,1.6,0.7,Bryce Johnson,669369,FS,9,2,1.7,0.0
1.04,1.04,0.85,0.87,0.7,1.68,1.05,1.01,1.13,1.01,1.59,0.91,Bryce Johnson,669369,KC,6,3,1.45,0.0
1.03,1.25,0.71,1.11,1.63,2.45,1.02,1.11,1.02,0.99,2.65,0.55,Bryce Johnson,669369,SI,22,6,2.1,0.0
1.06,0.87,1.0,1.13,0.77,2.34,0.99,1.03,1.05,0.99,0.73,1.18,Bryce Johnson,669369,SL,26,5,1.22,0.0
1.16,1.0,1.33,0.96,0.78,2.11,1.0,1.02,1.07,1.01,0.62,1.73,Bryce Johnson,669369,ST,16,1,1.33,0.0
1.18,1.16,0.92,0.95,0.86,2.23,0.94,0.97,1.04,1.01,1.38,0.77,Daniel Johnson,669288,CH,1,1,1.59,-0.3
1.01,1.01,0.92,0.95,0.93,2.2,1.12,0.96,1.08,1.01,1.32,0.99,Daniel Johnson,669288,CU,21,1,1.38,-0.3
0.98,1.25,1.19,0.63,1.13,3.11,1.13,1.01,1.03,0.99,1.02,1.29,Daniel Johnson,669288,FF,60,19,2.03,-0.3
0.97,1.11,0.91,0.94,0.8,2.11,1.06,0.97,1.12,0.99,1.48,0.78,Daniel Johnson,669288,KC,6,1,1.52,-0.3
0.98,1.01,0.85,1.03,1.81,2.95,1.01,0.98,1.04,1.0,2.1,0.74,Daniel Johnson,669288,SI,16,5,1.87,-0.3
1.05,0.97,1.14,0.95,0.91,2.61,0.99,0.95,1.04,1.0,0.84,1.26,Daniel Johnson,669288,SL,25,2,1.43,-0.3
1.01,1.39,0.83,1.21,0.9,2.22,0.97,1.11,1.05,1.0,1.51,0.71,Troy Johnston,687859,CH,39,9,1.74,0.0
0.84,0.82,1.29,0.88,1.34,4.12,1.08,0.88,1.0,0.98,0.79,1.37,Troy Johnston,687859,FF,68,11,1.77,0.0
1.05,1.22,0.69,1.29,0.78,2.23,0.93,1.13,1.11,1.02,2.21,0.66,Troy Johnston,687859,FS,13,3,1.81,0.0
1.04,1.11,0.82,1.09,0.73,1.81,1.02,1.03,1.14,1.01,1.78,0.72,Troy Johnston,687859,KC,5,1,1.49,0.0
1.01,1.13,0.78,0.98,1.75,3.45,1.04,0.99,1.03,1.0,2.5,0.63,Troy Johnston,687859,SI,11,2,2.23,0.0
1.09,1.71,1.03,1.0,0.69,2.2,0.96,1.04,1.05,1.02,0.93,1.18,Troy Johnston,687859,SL,15,5,1.79,0.0
1.32,0.99,1.13,0.95,0.84,2.33,1.05,1.02,1.09,1.03,0.78,1.68,Troy Johnston,687859,ST,11,2,1.35,0.0
1.41,0.86,0.92,1.41,1.05,2.81,0.96,1.04,1.06,1.03,1.5,1.14,Jahmai Jones,663330,CH,16,1,1.39,-0.08
1.05,1.28,0.93,1.12,0.82,1.98,1.09,1.06,1.08,1.01,1.24,0.92,Jahmai Jones,663330,CU,22,1,1.48,-0.08
1.24,1.37,0.58,1.09,1.11,2.24,0.96,1.14,1.03,1.01,1.15,0.78,Jahmai Jones,663330,FF,46,11,1.65,-0.08
1.04,1.45,0.72,1.34,1.37,2.02,1.08,1.01,1.02,1.0,3.54,0.75,Jahmai Jones,663330,SI,16,4,2.0,-0.08
1.13,1.23,0.95,0.99,0.85,2.49,0.93,1.02,1.04,1.01,0.94,0.95,Jahmai Jones,663330,SL,15,3,1.62,-0.08
1.2,1.13,1.28,1.02,0.88,2.33,0.99,1.05,1.09,1.02,0.67,1.68,Jahmai Jones,663330,ST,12,2,1.47,-0.08
1.23,1.05,0.91,1.04,0.95,1.99,1.03,1.04,1.21,1.03,1.15,0.92,Jahmai Jones,663330,SV,5,1,1.37,-0.08
1.01,1.26,0.79,1.16,0.77,1.81,0.92,1.06,1.1,1.01,1.99,0.66,Jahmai Jones,663330,FS,13,2,1.66,-0.08
0.97,1.11,0.82,0.94,0.73,1.81,1.05,0.95,1.13,1.0,2.09,0.72,Jahmai Jones,663330,KC,1,1,1.56,-0.08
1.25,0.32,1.14,0.81,1.08,3.72,1.06,0.91,1.03,1.04,0.44,1.43,Nolan Jones,666134,CH,102,21,1.3,-1.02
1.13,1.05,0.92,0.84,0.93,2.93,0.99,0.98,1.06,1.02,1.12,1.19,Nolan Jones,666134,CU,66,9,1.7,-1.02
1.04,0.96,1.17,1.19,1.03,0.48,0.96,1.0,1.05,1.02,0.82,1.55,Nolan Jones,666134,FF,543,53,0.67,-1.02
1.07,1.09,0.78,1.06,0.93,2.84,0.93,1.02,1.09,1.01,2.04,0.65,Nolan Jones,666134,FS,29,5,1.91,-1.02
0.99,1.0,0.87,1.13,0.83,2.21,1.04,1.02,1.12,1.0,1.46,0.81,Nolan Jones,666134,KC,28,4,1.42,-1.02
0.96,0.81,1.12,0.73,1.16,1.56,0.83,0.98,1.02,0.96,0.03,2.64,Nolan Jones,666134,SI,164,33,0.89,-1.02
1.02,1.75,0.69,1.02,0.83,2.96,0.95,1.06,1.05,1.02,1.39,0.61,Nolan Jones,666134,SL,185,22,2.14,-1.02
1.37,1.11,1.08,0.95,0.98,2.74,0.93,1.26,1.1,1.05,0.71,1.77,Nolan Jones,666134,ST,48,6,1.87,-1.02
1.22,3.07,0.76,0.85,1.43,1.48,0.82,1.49,1.07,1.06,2.08,0.38,Aaron Judge,592450,CH,304,29,3.37,-1.12
1.24,2.25,0.91,0.75,1.26,3.18,1.01,1.2,1.09,1.03,1.22,0.73,Aaron Judge,592450,CU,147,17,2.81,-1.12
1.54,3.19,0.54,1.1,1.33,0.64,1.04,1.73,1.1,1.08,1.21,0.5,Aaron Judge,592450,FF,778,115,2.88,-1.12
1.19,1.69,0.71,0.93,1.14,2.87,0.95,1.03,1.08,1.02,2.71,0.42,Aaron Judge,592450,FS,88,8,2.51,-1.12
1.21,1.83,0.81,1.03,0.86,2.29,1.07,1.18,1.14,1.01,1.87,0.6,Aaron Judge,592450,KC,26,3,2.26,-1.12
1.32,3.2,0.73,1.36,0.88,0.89,0.98,1.65,1.11,1.08,1.87,0.78,Aaron Judge,592450,SI,481,86,2.95,-1.12
1.37,1.74,0.69,0.85,1.32,0.99,0.9,1.28,1.11,1.06,1.39,0.74,Aaron Judge,592450,SL,486,54,1.93,-1.12
1.16,2.56,0.54,1.06,1.15,2.47,0.87,1.57,1.12,1.05,1.24,0.52,Aaron Judge,592450,ST,313,42,3.02,-1.12
1.29,1.36,0.95,0.98,0.93,2.05,1.0,1.12,1.21,1.03,1.2,0.96,Aaron Judge,592450,SV,12,1,1.73,-1.12
1.13,1.54,1.3,0.94,1.13,2.2,0.98,1.02,1.03,0.98,-0.13,1.93,Edouard Julien,666397,CH,135,17,1.4,0.25
1.15,1.3,0.87,1.11,0.99,2.61,1.11,1.12,1.09,1.04,1.22,1.0,Edouard Julien,666397,CU,95,6,1.72,0.25
0.88,1.4,1.12,1.48,0.9,2.57,0.91,1.05,1.01,0.99,0.78,1.29,Edouard Julien,666397,FF,368,60,1.45,0.25
1.07,1.41,0.79,0.99,0.85,2.12,0.87,1.06,1.11,1.02,2.08,0.56,Edouard Julien,666397,FS,63,6,2.0,0.25
1.01,1.07,0.88,1.05,0.78,1.98,0.92,1.02,1.13,1.0,1.72,0.78,Edouard Julien,666397,KC,45,2,1.57,0.25
1.35,1.62,1.07,1.14,1.16,2.78,0.95,1.04,1.23,1.03,1.27,0.83,Edouard Julien,666397,KN,2,1,1.97,0.25
0.95,1.23,0.91,1.02,1.42,2.27,0.95,0.97,1.02,0.99,1.59,0.76,Edouard Julien,666397,SI,136,32,1.66,0.25
1.01,0.99,1.03,0.92,0.89,1.97,0.86,1.07,1.03,1.02,0.87,1.24,Edouard Julien,666397,SL,192,21,1.46,0.25
1.15,1.05,1.18,1.07,0.9,2.59,0.96,1.05,1.08,1.04,0.71,1.4,Edouard Julien,666397,ST,72,3,1.5,0.25
1.2,1.04,0.95,1.12,0.93,1.95,1.01,1.05,1.21,1.02,1.03,1.06,Edouard Julien,666397,SV,6,2,1.29,0.25
1.13,0.96,0.94,1.15,0.75,2.11,0.99,1.0,1.04,1.01,1.16,1.13,Jace Jung,690291,CH,42,11,1.25,0.38
1.04,1.0,0.98,0.98,0.85,2.15,1.06,0.99,1.08,1.01,1.17,1.02,Jace Jung,690291,CU,27,2,1.38,0.38
0.8,0.58,1.53,0.85,1.13,3.86,0.99,0.82,1.01,0.95,0.84,1.75,Jace Jung,690291,FF,129,11,1.6,0.38
1.03,1.26,0.83,1.0,0.78,2.18,0.94,1.01,1.1,1.02,1.95,0.67,Jace Jung,690291,FS,15,2,1.8,0.38
0.94,1.51,0.77,1.03,1.84,3.14,1.0,1.02,1.03,0.99,2.58,0.63,Jace Jung,690291,SI,43,10,2.38,0.38
1.07,0.97,0.99,0.99,0.8,2.58,0.98,0.97,1.05,1.01,0.96,1.02,Jace Jung,690291,SL,52,5,1.44,0.38
1.37,0.96,1.2,1.07,0.79,1.98,1.02,1.03,1.09,1.05,0.75,1.46,Jace Jung,690291,ST,8,3,1.21,0.38
0.68,0.4,0.84,0.89,0.94,2.72,1.05,0.94,1.04,0.97,1.84,0.67,Josh Jung,673962,CH,54,11,1.44,-0.76
1.08,0.89,0.91,1.07,0.83,2.71,1.25,1.02,1.07,1.01,1.17,1.2,Josh Jung,673962,CU,25,8,1.35,-0.76
1.22,1.52,1.04,1.13,1.34,0.82,1.01,1.12,1.03,1.01,0.95,1.05,Josh Jung,673962,FF,206,40,1.29,-0.76
1.46,2.42,0.7,1.07,0.82,2.71,1.0,1.27,1.1,1.05,2.49,0.44,Josh Jung,673962,FS,11,1,2.97,-0.76
0.95,1.1,0.95,0.85,0.79,2.24,1.08,0.95,1.12,0.98,1.65,0.75,Josh Jung,673962,KC,19,2,1.64,-0.76
0.98,0.53,1.08,1.17,1.06,1.81,1.07,0.95,1.0,0.97,1.09,1.04,Josh Jung,673962,SI,134,26,0.86,-0.76
0.7,0.45,0.95,1.46,0.95,1.54,1.05,0.99,1.02,1.01,0.95,0.92,Josh Jung,673962,SL,130,18,0.55,-0.76
1.14,0.86,1.09,0.99,0.97,3.11,1.06,0.98,1.05,1.02,0.72,0.81,Josh Jung,673962,ST,61,14,1.51,-0.76
1.15,1.05,0.98,1.04,0.93,2.05,1.01,1.03,1.2,1.01,0.88,1.07,Josh Jung,673962,SV,4,1,1.32,-0.76
1.02,1.37,0.95,1.03,0.86,2.06,1.15,1.06,1.06,1.01,1.15,0.93,Connor Kaiser,663731,CU,8,3,1.56,-1.04
0.89,0.72,1.4,0.85,1.07,3.58,0.92,0.88,1.0,0.96,0.74,1.05,Connor Kaiser,663731,FF,23,3,1.69,-1.04
0.97,1.11,0.82,0.94,0.73,1.81,1.04,0.96,1.11,1.0,1.93,0.72,Connor Kaiser,663731,KC,2,1,1.53,-1.04
0.91,1.18,0.73,1.17,1.82,3.42,1.04,1.06,1.01,0.99,2.77,0.54,Connor Kaiser,663731,SI,4,1,2.29,-1.04
1.01,0.94,1.01,0.92,0.75,2.16,0.99,0.94,1.03,1.02,1.04,1.02,Connor Kaiser,663731,SL,6,3,1.32,-1.04
1.19,1.03,1.17,0.99,0.87,2.22,1.05,1.04,1.06,1.03,0.75,1.36,Connor Kaiser,663731,ST,4,1,1.38,-1.04
1.22,1.53,0.91,1.0,0.82,2.09,0.88,1.07,1.05,1.0,0.88,1.11,Kyle Karros,691720,CH,37,6,1.68,-0.52
1.09,0.95,0.86,1.18,0.91,2.15,1.1,0.99,1.08,1.02,1.39,0.99,Kyle Karros,691720,CU,22,3,1.23,-0.52
0.8,0.58,1.16,0.69,1.03,3.25,0.93,0.81,1.0,0.95,0.99,1.05,Kyle Karros,691720,FF,52,8,1.52,-0.52
1.16,0.81,0.94,0.86,1.67,3.66,1.13,0.89,1.01,0.99,2.29,1.03,Kyle Karros,691720,SI,37,10,1.97,-0.52
1.06,0.77,0.94,1.21,0.95,2.34,1.02,0.98,1.03,1.03,0.99,1.03,Kyle Karros,691720,SL,38,8,1.11,-0.52
1.19,1.03,1.17,0.99,0.88,2.49,1.04,1.02,1.09,1.03,0.76,1.36,Kyle Karros,691720,ST,19,1,1.45,-0.52
1.14,1.11,0.74,0.99,0.87,2.07,0.94,1.02,1.04,1.01,1.86,0.56,Niko Kavadas,694359,CH,53,6,1.66,-0.77
1.02,0.98,0.92,0.96,0.89,2.29,1.07,0.97,1.08,1.01,1.3,0.86,Niko Kavadas,694359,CU,62,4,1.43,-0.77
0.98,0.92,1.08,1.04,1.22,3.77,0.95,1.01,1.02,0.99,0.84,1.25,Niko Kavadas,694359,FF,148,20,1.79,-0.77
1.05,1.22,0.76,1.12,0.72,1.91,0.84,1.08,1.1,1.02,1.94,0.71,Niko Kavadas,694359,FS,30,3,1.73,-0.77
0.94,1.07,0.96,0.91,0.74,1.9,1.03,0.93,1.12,0.99,1.5,0.84,Niko Kavadas,694359,KC,9,2,1.43,-0.77
0.92,1.15,0.75,1.1,1.86,3.36,1.01,0.96,1.03,0.99,2.88,0.52,Niko Kavadas,694359,SI,33,4,2.22,-0.77
1.13,1.19,0.91,0.92,0.84,2.39,0.96,1.04,1.06,1.02,1.1,1.02,Niko Kavadas,694359,SL,57,8,1.65,-0.77
1.01,0.98,0.81,1.12,0.92,1.94,0.94,1.05,1.04,1.0,1.44,0.72,C.J. Kayfus,692216,CH,38,7,1.4,0.33
1.09,1.01,0.92,1.1,0.94,2.55,1.12,1.02,1.08,1.01,1.21,0.99,C.J. Kayfus,692216,CU,19,1,1.44,0.33
0.9,0.82,1.16,0.88,1.16,3.66,0.97,0.94,1.01,0.99,0.82,1.21,C.J. Kayfus,692216,FF,85,11,1.73,0.33
1.01,1.07,0.88,0.91,0.74,1.74,1.05,0.98,1.13,1.0,1.48,0.84,C.J. Kayfus,692216,KC,5,2,1.4,0.33
0.96,1.38,0.85,0.93,1.67,3.18,1.05,0.97,1.03,0.98,2.43,0.59,C.J. Kayfus,692216,SI,31,8,2.28,0.33
0.95,1.3,0.84,1.16,0.95,2.38,0.99,1.0,1.05,1.01,1.14,0.72,C.J. Kayfus,692216,SL,27,5,1.51,0.33
1.15,0.92,1.16,1.19,0.84,1.91,1.04,1.03,1.08,1.03,0.75,1.46,C.J. Kayfus,692216,ST,12,4,1.08,0.33
1.14,0.84,0.96,1.33,0.76,1.58,0.91,1.13,1.06,1.02,1.05,0.98,Luke Keaschall,807712,CH,42,10,1.11,-1.48
1.06,1.33,0.92,1.15,0.83,1.91,1.07,0.97,1.08,1.01,1.19,0.93,Luke Keaschall,807712,CU,26,4,1.33,-1.48
0.86,0.82,1.0,1.36,0.88,2.92,0.95,0.94,0.99,1.01,0.94,1.25,Luke Keaschall,807712,FF,104,23,1.18,-1.48
0.9,1.04,0.93,0.87,0.71,1.68,1.04,0.91,1.12,0.98,1.55,0.73,Luke Keaschall,807712,KC,6,3,1.36,-1.48
0.91,1.47,0.88,1.21,1.23,1.7,0.91,1.08,1.03,0.98,1.76,0.56,Luke Keaschall,807712,SI,79,18,1.72,-1.48
1.07,0.98,1.21,0.7,0.7,1.7,0.9,0.93,1.02,1.01,0.86,0.84,Luke Keaschall,807712,SL,63,14,1.4,-1.48
1.15,0.99,1.24,0.95,0.89,2.24,1.01,0.98,1.08,1.03,0.75,1.68,Luke Keaschall,807712,ST,25,2,1.32,-1.48
1.06,1.12,1.03,0.92,1.03,2.26,0.96,0.95,1.04,1.01,1.12,0.99,DaShawn Keirsey,680577,CH,7,1,1.51,-0.96
0.89,0.79,1.31,0.63,1.2,3.65,1.07,0.77,1.01,0.97,0.89,1.18,DaShawn Keirsey,680577,FF,18,7,1.68,-0.96
0.89,0.85,0.92,0.74,1.6,3.61,1.1,0.92,1.01,0.96,1.68,0.7,DaShawn Keirsey,680577,SI,9,2,1.97,-0.96
1.12,1.15,0.87,1.07,0.82,2.18,0.97,1.08,1.04,1.03,1.08,0.8,DaShawn Keirsey,680577,SL,13,2,1.52,-0.96
1.01,1.01,1.01,0.95,0.87,2.29,1.07,0.96,1.08,1.01,1.11,1.07,DaShawn Keirsey,680577,CU,25,1,1.39,-0.96
1.16,1.26,0.79,1.0,0.75,1.89,0.9,1.04,1.11,1.03,1.94,0.7,DaShawn Keirsey,680577,FS,12,2,1.75,-0.96
1.23,1.42,1.24,0.95,0.79,2.05,1.02,1.06,1.09,1.03,0.7,1.46,DaShawn Keirsey,680577,ST,9,2,1.6,-0.96
0.84,0.98,0.81,0.66,1.01,0.89,0.94,0.94,1.04,0.97,1.0,0.76,Colt Keith,690993,CH,297,70,1.1,-1.34
0.99,1.74,0.94,1.51,0.96,2.17,0.94,1.06,1.07,1.0,0.7,0.99,Colt Keith,690993,CU,153,20,1.42,-1.34
1.26,1.01,0.75,1.31,0.65,1.18,0.96,1.12,1.02,1.03,1.02,0.99,Colt Keith,690993,FF,603,103,0.96,-1.34
0.9,0.77,0.98,0.74,1.04,2.55,1.0,0.88,1.07,0.99,0.86,0.68,Colt Keith,690993,FS,87,21,1.36,-1.34
0.98,0.89,0.73,1.04,0.84,2.28,1.08,1.01,1.11,1.0,1.83,0.69,Colt Keith,690993,KC,37,7,1.49,-1.34
1.04,0.76,0.78,1.47,0.74,0.62,0.99,1.18,1.0,1.0,1.29,0.77,Colt Keith,690993,SI,237,71,0.75,-1.34
0.95,1.22,0.88,1.16,0.9,2.51,0.9,1.11,1.04,1.02,0.89,0.77,Colt Keith,690993,SL,295,53,1.63,-1.34
1.08,1.17,1.09,1.19,0.89,2.01,0.94,1.18,1.08,1.03,0.79,1.14,Colt Keith,690993,ST,101,21,1.51,-1.34
1.15,1.05,1.0,1.01,0.92,1.97,0.99,1.02,1.21,1.02,1.02,1.09,Colt Keith,690993,SV,9,1,1.35,-1.34
1.15,1.54,0.97,0.85,1.05,1.75,0.96,1.08,1.06,1.02,0.96,0.87,Jarred Kelenic,672284,CH,238,42,1.73,0.13
1.07,0.92,0.92,1.07,0.85,2.02,1.06,1.03,1.07,1.01,0.99,1.11,Jarred Kelenic,672284,CU,116,21,1.21,0.13
0.92,1.27,0.99,0.8,1.63,2.93,1.13,1.05,1.01,0.97,1.18,0.72,Jarred Kelenic,672284,FF,570,100,1.97,0.13
1.06,1.43,0.79,1.03,0.84,2.19,0.91,1.05,1.1,1.01,1.88,0.75,Jarred Kelenic,672284,FS,80,10,1.9,0.13
1.08,1.45,0.74,1.28,0.86,2.39,0.97,1.04,1.13,1.01,1.91,0.62,Jarred Kelenic,672284,KC,40,4,1.77,0.13
1.25,1.62,1.07,0.99,1.24,3.01,0.93,1.0,1.23,1.03,1.37,0.72,Jarred Kelenic,672284,KN,10,1,2.14,0.13
0.85,1.05,0.85,0.97,1.93,2.7,1.1,0.96,1.03,0.98,2.44,0.61,Jarred Kelenic,672284,SI,220,47,1.91,0.13
1.11,1.26,0.91,1.18,1.01,3.01,0.96,1.12,1.04,1.03,1.02,1.04,Jarred Kelenic,672284,SL,222,24,1.8,0.13
1.47,1.1,1.34,0.96,1.05,2.48,0.94,1.02,1.08,1.05,0.7,1.85,Jarred Kelenic,672284,ST,93,11,1.52,0.13
1.21,1.44,0.82,1.18,0.94,2.28,1.02,1.04,1.02,1.03,1.06,1.27,Carson Kelly,608348,CH,72,15,1.48,-0.73
1.09,1.51,0.86,1.29,0.87,1.81,1.0,1.28,1.06,1.02,1.22,0.84,Carson Kelly,608348,CU,72,7,1.75,-0.73
0.85,0.76,1.0,0.97,0.7,0.82,1.01,0.81,0.99,0.98,1.21,0.82,Carson Kelly,608348,FF,343,71,0.67,-0.73
1.15,1.29,0.79,1.08,0.75,2.14,0.92,1.02,1.1,1.02,2.26,0.61,Carson Kelly,608348,FS,16,5,1.86,-0.73
1.04,1.04,0.93,1.02,0.75,1.76,1.05,0.99,1.13,1.01,1.58,0.85,Carson Kelly,608348,KC,11,3,1.38,-0.73
0.78,0.82,1.04,1.08,0.59,1.05,0.9,0.84,1.02,0.97,1.56,1.01,Carson Kelly,608348,SI,228,55,0.89,-0.73
0.84,0.66,1.11,0.85,0.82,0.6,0.83,0.79,1.0,0.98,1.05,0.71,Carson Kelly,608348,SL,191,35,0.68,-0.73
1.32,0.8,0.98,1.39,0.99,2.77,0.95,1.15,1.06,1.02,0.77,1.49,Carson Kelly,608348,ST,131,17,1.29,-0.73
1.24,1.85,0.85,1.1,0.99,2.0,1.04,1.2,1.21,1.03,1.18,0.77,Carson Kelly,608348,SV,12,3,1.97,-0.73
1.26,1.06,0.86,0.87,1.21,3.14,1.01,1.07,1.06,1.02,1.34,1.1,Otto Kemp,805249,CH,68,5,1.91,-1.97
0.98,0.91,1.1,0.85,0.9,2.17,1.08,0.99,1.08,1.02,1.01,1.34,Otto Kemp,805249,CU,34,4,1.38,-1.97
1.32,1.09,0.64,1.44,0.97,2.35,1.05,1.27,1.02,1.02,0.98,0.65,Otto Kemp,805249,FF,152,25,1.43,-1.97
1.01,1.26,0.79,1.16,0.9,2.53,0.96,1.09,1.09,1.01,2.15,0.66,Otto Kemp,805249,FS,19,2,1.96,-1.97
0.97,1.49,0.93,0.87,0.81,1.99,1.05,0.97,1.13,1.0,1.61,0.73,Otto Kemp,805249,KC,21,3,1.78,-1.97
1.05,1.31,0.93,1.23,1.67,3.41,1.06,1.02,1.03,1.0,0.95,1.23,Otto Kemp,805249,SI,114,22,1.71,-1.97
1.19,1.79,1.08,0.97,1.03,3.22,1.02,1.08,1.06,1.0,0.62,1.13,Otto Kemp,805249,SL,95,15,2.12,-1.97
1.21,1.17,1.08,0.87,0.95,1.9,1.13,1.05,1.07,1.04,0.78,1.03,Otto Kemp,805249,ST,54,9,1.43,-1.97
1.15,1.05,1.0,1.17,0.96,2.22,1.03,1.04,1.2,1.02,1.08,1.02,Otto Kemp,805249,SV,4,1,1.36,-1.97
1.17,1.58,0.9,1.25,0.88,2.04,0.93,1.06,1.06,1.01,1.47,0.81,Buddy Kennedy,671083,CH,12,1,1.7,0.44
1.08,0.6,1.31,1.0,0.96,3.89,0.98,0.86,1.02,0.99,0.79,1.23,Buddy Kennedy,671083,FF,41,4,1.53,0.44
1.04,1.58,0.82,0.94,0.73,1.81,1.04,1.02,1.14,1.01,1.86,0.63,Buddy Kennedy,671083,KC,3,1,1.84,0.44
0.9,1.05,0.94,0.94,1.76,3.07,1.02,0.93,1.02,0.98,2.18,0.7,Buddy Kennedy,671083,SI,21,5,1.98,0.44
1.04,1.03,0.91,0.95,0.81,2.11,0.94,0.96,1.03,1.0,1.15,0.87,Buddy Kennedy,671083,SL,27,3,1.4,0.44
1.45,1.03,1.17,0.99,0.77,2.4,1.05,1.01,1.09,1.03,0.77,1.36,Buddy Kennedy,671083,ST,8,1,1.39,0.44
1.01,1.01,0.92,0.95,0.85,2.03,1.12,0.96,1.08,1.01,1.26,0.87,Buddy Kennedy,671083,CU,7,1,1.32,0.44
1.13,0.79,0.96,0.86,1.01,2.73,0.96,0.99,1.06,1.02,1.22,1.07,Max Kepler,596146,CH,176,47,1.57,-1.03
0.96,0.6,0.89,1.13,0.91,2.52,1.14,0.89,1.05,1.01,1.17,0.61,Max Kepler,596146,CU,105,18,1.03,-1.03
1.1,1.98,0.85,1.1,0.76,0.72,1.0,1.04,1.02,1.02,1.08,0.58,Max Kepler,596146,FF,458,90,1.43,-1.03
1.03,0.97,0.81,0.99,0.77,1.93,1.03,1.03,1.08,1.02,1.58,0.79,Max Kepler,596146,FS,62,12,1.44,-1.03
0.86,0.95,0.85,1.03,0.83,2.31,1.08,0.88,1.12,0.99,1.83,0.79,Max Kepler,596146,KC,37,5,1.39,-1.03
1.04,0.35,0.79,1.33,1.05,0.92,1.02,1.03,1.03,1.02,1.07,1.03,Max Kepler,596146,SI,215,42,0.41,-1.03
1.42,0.95,0.75,0.9,0.88,0.98,1.08,1.02,1.03,1.03,1.52,0.82,Max Kepler,596146,SL,204,32,1.1,-1.03
1.1,0.97,1.07,0.93,0.76,1.94,0.99,0.96,1.08,1.01,0.88,1.84,Max Kepler,596146,ST,87,15,1.18,-1.03
1.16,0.99,1.02,0.95,0.94,2.08,1.02,1.03,1.21,1.02,0.94,1.21,Max Kepler,596146,SV,11,2,1.37,-1.03
1.13,1.03,0.98,0.7,0.64,1.71,0.92,0.93,1.05,1.01,1.24,0.96,Ha-Seong Kim,673490,CH,121,32,1.44,-0.49
0.93,1.15,0.86,0.91,0.73,2.09,1.07,0.99,1.07,1.0,1.45,0.71,Ha-Seong Kim,673490,CU,94,11,1.56,-0.49
0.83,0.55,1.28,1.05,1.12,2.19,0.82,0.84,1.0,0.95,0.91,1.21,Ha-Seong Kim,673490,FF,654,97,1.03,-0.49
1.08,1.21,0.85,0.96,0.76,2.07,0.9,0.99,1.09,1.01,2.01,0.67,Ha-Seong Kim,673490,FS,47,6,1.78,-0.49
0.87,1.0,0.82,1.13,0.65,1.93,0.94,0.9,1.11,0.98,1.97,0.55,Ha-Seong Kim,673490,KC,37,4,1.38,-0.49
0.97,1.2,0.89,1.03,1.33,2.22,0.92,0.95,1.02,0.99,1.84,0.71,Ha-Seong Kim,673490,SI,417,81,1.68,-0.49
0.96,0.45,1.06,1.15,0.65,1.93,0.86,0.87,1.03,0.99,1.0,1.36,Ha-Seong Kim,673490,SL,333,52,0.78,-0.49
1.11,1.02,1.05,1.19,0.78,1.88,0.93,1.06,1.07,1.02,0.86,1.3,Ha-Seong Kim,673490,ST,108,18,1.22,-0.49
1.32,1.05,0.91,1.17,0.98,2.3,0.98,1.05,1.21,1.02,1.09,1.02,Ha-Seong Kim,673490,SV,16,1,1.39,-0.49
0.8,0.84,1.28,0.86,1.14,2.89,1.03,0.84,1.01,0.97,1.02,1.19,Hyeseong Kim,808975,CH,50,10,1.46,1.47
0.92,0.7,1.09,0.95,1.03,2.18,1.09,0.93,1.07,1.01,0.99,1.17,Hyeseong Kim,808975,CU,73,10,1.13,1.47
0.86,0.88,1.09,1.28,1.35,4.89,0.97,1.07,0.99,1.0,0.76,1.39,Hyeseong Kim,808975,FF,189,21,2.01,1.47
0.98,1.13,0.86,0.89,0.77,1.94,0.9,1.02,1.09,1.0,1.6,0.71,Hyeseong Kim,808975,FS,15,5,1.67,1.47
1.04,1.11,0.82,1.09,0.78,1.96,1.04,1.0,1.14,1.01,1.8,0.72,Hyeseong Kim,808975,KC,6,1,1.49,1.47
0.84,0.49,0.88,1.21,1.64,3.16,1.17,0.96,0.99,0.98,1.57,0.61,Hyeseong Kim,808975,SI,59,18,1.33,1.47
0.81,0.59,1.05,1.04,0.86,2.62,1.02,1.0,1.03,1.0,0.76,1.5,Hyeseong Kim,808975,SL,75,13,1.17,1.47
1.15,0.92,1.28,1.19,0.84,2.36,1.03,1.05,1.08,1.01,0.57,1.83,Hyeseong Kim,808975,ST,30,4,1.2,1.47
1.08,0.67,1.26,1.08,0.7,2.5,1.11,1.0,1.03,1.02,0.51,1.34,Isiah Kiner-Falefa,643396,CH,113,23,1.11,-0.48
0.83,0.71,1.16,0.78,0.83,2.06,1.04,0.8,1.06,0.96,1.17,1.26,Isiah Kiner-Falefa,643396,CU,91,21,1.13,-0.48
0.76,0.12,1.47,1.21,0.59,1.37,1.0,0.89,0.97,0.95,0.51,3.23,Isiah Kiner-Falefa,643396,FF,490,100,0.18,-0.48
0.93,1.07,0.94,0.98,0.87,2.75,0.98,1.0,1.09,1.01,1.64,0.87,Isiah Kiner-Falefa,643396,FS,44,7,1.8,-0.48
0.97,0.87,1.0,1.02,0.71,1.78,1.05,0.92,1.12,0.98,1.37,0.89,Isiah Kiner-Falefa,643396,KC,25,2,1.16,-0.48
0.6,0.42,1.34,1.02,0.43,0.83,0.93,0.81,0.99,0.91,-0.53,1.2,Isiah Kiner-Falefa,643396,SI,393,89,0.08,-0.48
0.59,0.18,1.55,0.91,0.47,0.86,1.09,0.75,1.0,0.95,0.23,2.2,Isiah Kiner-Falefa,643396,SL,260,72,0.08,-0.48
0.96,0.08,1.07,1.0,0.48,1.45,0.91,0.8,1.02,1.01,0.96,2.12,Isiah Kiner-Falefa,643396,ST,128,31,0.34,-0.48
1.15,1.05,0.91,1.01,0.9,1.97,1.0,1.05,1.21,1.02,1.06,1.09,Isiah Kiner-Falefa,643396,SV,10,1,1.37,-0.48
1.0,1.06,0.94,0.87,0.75,1.91,0.96,0.99,1.03,0.99,1.02,0.72,Scott Kingery,664068,CH,11,5,1.42,-0.58
1.05,0.98,0.98,0.92,0.81,1.96,1.12,1.0,1.07,1.0,0.94,1.15,Scott Kingery,664068,CU,6,2,1.26,-0.58
0.86,0.74,1.31,0.88,1.46,4.17,1.01,0.87,1.0,0.97,0.81,1.34,Scott Kingery,664068,FF,34,2,1.78,-0.58
1.09,0.94,1.01,0.92,0.91,2.72,0.98,1.01,1.03,1.02,0.83,1.36,Scott Kingery,664068,SL,26,3,1.5,-0.58
1.15,0.99,1.36,0.95,0.86,2.14,1.06,1.01,1.07,1.03,0.59,1.81,Scott Kingery,664068,ST,5,2,1.29,-0.58
1.52,1.56,0.96,1.31,0.64,1.72,1.04,1.2,1.05,1.05,0.96,1.11,Alejandro Kirk,672386,CH,112,40,1.52,-0.76
1.18,1.69,1.03,0.91,0.55,1.98,1.09,1.05,1.04,1.02,0.74,1.0,Alejandro Kirk,672386,CU,70,13,1.68,-0.76
1.11,1.17,0.76,1.28,0.88,1.38,0.91,1.09,1.03,1.02,0.93,0.91,Alejandro Kirk,672386,FF,478,69,1.1,-0.76
1.1,1.53,0.75,1.26,0.84,2.19,0.91,1.12,1.1,1.03,1.89,0.7,Alejandro Kirk,672386,FS,23,8,1.89,-0.76
1.04,0.96,0.94,0.82,0.71,1.86,1.05,0.92,1.13,1.0,1.32,0.87,Alejandro Kirk,672386,KC,17,4,1.33,-0.76
1.28,1.36,0.9,0.94,0.7,1.14,1.09,0.99,1.05,1.03,1.47,1.13,Alejandro Kirk,672386,SI,344,82,1.31,-0.76
1.11,1.06,1.24,0.74,0.6,0.97,0.93,0.85,1.04,1.02,0.72,1.21,Alejandro Kirk,672386,SL,221,41,1.0,-0.76
1.17,0.17,0.97,1.01,0.62,1.08,1.06,0.77,1.08,1.02,1.05,1.52,Alejandro Kirk,672386,ST,82,16,0.2,-0.76
1.09,0.99,0.86,0.95,0.92,1.94,1.01,0.96,1.19,1.01,1.38,0.89,Alejandro Kirk,672386,SV,9,2,1.34,-0.76
0.89,1.1,0.83,1.26,1.07,2.8,1.17,1.13,1.04,0.99,1.69,0.88,Heston Kjerstad,677008,CH,45,5,1.72,-0.59
1.04,1.2,1.01,0.94,0.83,2.41,1.14,0.98,1.08,1.01,0.84,1.13,Heston Kjerstad,677008,CU,32,4,1.44,-0.59
1.04,1.03,0.74,1.33,0.99,1.56,1.17,1.17,1.0,1.01,1.03,0.8,Heston Kjerstad,677008,FF,160,17,1.08,-0.59
0.99,1.51,0.83,0.99,0.87,2.34,0.98,1.01,1.09,1.01,2.12,0.67,Heston Kjerstad,677008,FS,16,6,2.02,-0.59
0.95,1.04,0.9,0.92,0.78,1.98,1.04,0.93,1.13,1.0,1.69,0.71,Heston Kjerstad,677008,KC,14,5,1.47,-0.59
0.84,0.64,1.11,0.94,1.73,3.33,1.07,0.8,1.01,0.97,0.65,0.85,Heston Kjerstad,677008,SI,56,15,1.24,-0.59
1.02,0.76,0.85,1.27,0.89,3.57,1.04,1.0,1.04,1.01,1.09,1.0,Heston Kjerstad,677008,SL,42,5,1.46,-0.59
1.28,1.25,1.31,0.89,0.89,2.31,1.06,1.0,1.08,1.03,0.73,1.46,Heston Kjerstad,677008,ST,21,3,1.56,-0.59
1.23,1.05,0.91,1.01,1.01,2.3,1.01,1.05,1.21,1.03,1.05,1.09,Heston Kjerstad,677008,SV,13,1,1.46,-0.59
1.14,1.1,0.94,0.99,0.89,2.26,1.03,0.96,1.05,1.01,1.27,0.93,Andrew Knizner,668800,CH,48,14,1.45,-1.28
1.06,0.88,1.15,0.86,0.79,1.85,1.14,0.89,1.07,1.01,1.04,1.31,Andrew Knizner,668800,CU,18,4,1.12,-1.28
0.61,0.58,1.31,0.71,1.15,4.99,1.06,0.84,1.01,0.95,0.91,1.88,Andrew Knizner,668800,FF,115,16,1.98,-1.28
1.08,1.26,0.79,1.16,0.79,1.97,0.93,1.01,1.1,1.02,1.95,0.66,Andrew Knizner,668800,FS,4,2,1.63,-1.28
0.98,1.1,0.86,0.93,0.75,1.94,1.05,0.95,1.13,1.0,1.81,0.68,Andrew Knizner,668800,KC,6,2,1.53,-1.28
0.96,1.01,0.87,0.88,1.71,3.25,1.01,0.9,1.03,0.98,2.16,0.78,Andrew Knizner,668800,SI,60,12,1.97,-1.28
0.83,0.69,0.93,1.19,0.66,2.26,1.0,0.86,1.02,0.99,1.31,1.06,Andrew Knizner,668800,SL,53,11,0.99,-1.28
1.24,0.98,1.12,1.1,0.81,2.41,1.04,1.1,1.09,1.03,0.76,1.43,Andrew Knizner,668800,ST,38,3,1.41,-1.28
1.11,1.01,0.97,1.14,0.92,1.98,1.02,1.07,1.2,1.02,1.05,1.1,Andrew Knizner,668800,SV,3,2,1.31,-1.28
1.05,0.93,1.1,1.09,1.05,2.61,1.0,1.03,1.05,1.0,0.5,1.22,Christian Koss,683766,CH,48,8,1.32,-1.24
1.06,0.91,0.92,1.0,0.96,2.08,1.17,0.95,1.07,1.02,1.27,0.82,Christian Koss,683766,CU,24,4,1.23,-1.24
0.71,1.28,0.94,1.14,1.47,0.88,1.12,1.37,1.0,0.99,0.82,0.75,Christian Koss,683766,FF,167,30,1.45,-1.24
1.08,1.26,0.86,1.0,0.74,1.97,0.94,1.01,1.1,1.0,1.69,0.7,Christian Koss,683766,FS,7,2,1.67,-1.24
1.12,1.04,0.85,1.02,0.72,1.83,1.07,1.01,1.13,1.02,1.62,0.85,Christian Koss,683766,KC,7,3,1.4,-1.24
0.78,0.99,1.03,0.74,1.64,2.29,0.93,0.96,1.01,0.95,2.52,0.44,Christian Koss,683766,SI,92,18,2.08,-1.24
0.68,0.81,1.53,0.99,1.07,2.82,1.11,0.93,1.04,0.99,0.49,2.13,Christian Koss,683766,SL,94,19,1.27,-1.24
1.16,1.21,1.0,0.9,0.85,2.52,1.07,1.05,1.09,1.02,0.79,1.29,Christian Koss,683766,ST,38,8,1.59,-1.24
1.18,1.18,0.87,1.13,0.95,2.34,0.97,1.05,1.05,1.02,1.41,0.84,Ryan Kreidler,668952,CH,26,5,1.6,-0.48
0.91,0.91,1.1,0.85,0.75,1.91,1.14,0.93,1.05,0.96,0.79,1.08,Ryan Kreidler,668952,CU,13,4,1.15,-0.48
0.94,0.61,1.19,0.91,1.4,4.04,0.95,0.93,1.01,0.98,0.81,1.32,Ryan Kreidler,668952,FF,81,12,1.71,-0.48
0.96,1.56,0.7,0.96,2.05,3.57,1.05,1.02,1.04,1.0,2.94,0.5,Ryan Kreidler,668952,SI,50,6,2.66,-0.48
0.95,1.02,0.93,1.13,0.8,2.29,0.95,1.05,1.03,1.0,1.0,0.94,Ryan Kreidler,668952,SL,41,6,1.41,-0.48
1.08,0.94,1.16,0.9,0.78,2.11,1.06,0.94,1.07,1.03,0.79,1.2,Ryan Kreidler,668952,ST,20,1,1.25,-0.48
1.14,1.04,1.02,1.0,0.93,2.1,1.02,1.0,1.2,1.01,0.97,1.11,Ryan Kreidler,668952,SV,2,2,1.34,-0.48
1.51,3.83,0.83,1.63,1.28,0.71,0.92,1.78,1.07,1.08,0.87,0.81,Nick Kurtz,701762,CH,211,32,2.98,-2.04
1.3,1.83,0.87,1.41,0.94,2.5,1.0,1.27,1.09,1.04,1.39,0.87,Nick Kurtz,701762,CU,108,14,2.08,-2.04
1.41,1.47,0.62,1.08,1.39,0.68,0.91,1.33,1.06,1.03,1.08,0.7,Nick Kurtz,701762,FF,452,59,1.5,-2.04
1.13,2.12,0.73,1.14,1.05,2.69,0.88,1.21,1.11,1.04,2.21,0.57,Nick Kurtz,701762,FS,72,7,2.66,-2.04
1.01,1.45,0.82,1.13,0.94,2.31,1.02,1.11,1.13,1.0,1.72,0.68,Nick Kurtz,701762,KC,41,4,1.89,-2.04
1.04,1.68,0.94,0.76,1.51,1.1,0.99,1.25,1.05,1.0,1.06,0.54,Nick Kurtz,701762,SI,238,44,1.94,-2.04
0.96,2.1,0.48,1.23,1.16,0.88,0.8,1.3,1.06,1.06,1.37,0.65,Nick Kurtz,701762,SL,212,30,1.86,-2.04
1.25,2.06,1.12,0.9,0.94,1.98,0.9,1.16,1.1,1.05,0.8,1.15,Nick Kurtz,701762,ST,75,8,2.14,-2.04
1.28,1.01,0.88,0.97,0.94,1.98,1.02,1.0,1.21,1.03,1.23,0.78,Nick Kurtz,701762,SV,7,2,1.37,-2.04
0.72,0.77,0.93,0.96,0.36,0.88,0.88,0.84,0.99,0.96,1.02,0.61,Steven Kwan,680757,CH,234,61,0.74,-0.6
0.87,1.02,0.88,1.15,0.4,1.61,1.0,1.05,1.03,1.01,1.11,1.04,Steven Kwan,680757,CU,112,24,1.17,-0.6
0.39,0.07,0.93,1.11,0.28,0.99,0.86,0.7,0.96,0.94,1.07,0.86,Steven Kwan,680757,FF,787,150,0.14,-0.6
0.8,0.71,0.98,1.35,0.66,2.16,0.84,1.0,1.06,0.98,1.46,0.98,Steven Kwan,680757,FS,68,13,1.2,-0.6
1.0,0.84,0.97,0.84,0.6,1.58,0.98,0.97,1.1,1.01,1.39,1.07,Steven Kwan,680757,KC,29,8,1.28,-0.6
1.25,1.62,1.07,0.99,1.2,3.01,0.94,1.0,1.23,1.03,1.35,0.72,Steven Kwan,680757,KN,7,1,2.13,-0.6
0.52,0.22,1.14,1.12,0.27,0.89,0.86,0.83,0.98,0.95,0.96,0.81,Steven Kwan,680757,SI,363,80,0.4,-0.6
0.72,0.48,1.12,0.91,0.5,0.84,0.88,0.77,0.99,0.96,0.9,0.88,Steven Kwan,680757,SL,280,41,0.52,-0.6
0.72,0.34,0.93,1.5,0.53,1.54,0.81,1.11,1.01,0.99,0.84,0.96,Steven Kwan,680757,ST,99,19,0.69,-0.6
1.15,1.03,0.96,1.08,0.93,2.18,1.02,1.04,1.21,1.02,1.06,1.03,Steven Kwan,680757,SV,18,3,1.38,-0.6
1.43,1.03,0.77,1.09,0.94,1.99,1.06,1.17,1.06,1.03,0.79,1.44,Shea Langeliers,669127,CH,189,38,1.28,-0.69
0.93,0.87,0.94,0.69,0.86,2.18,1.11,0.93,1.08,1.02,1.18,1.1,Shea Langeliers,669127,CU,118,10,1.39,-0.69
1.19,1.65,0.75,1.12,1.1,1.28,1.06,1.18,1.04,1.02,1.06,0.79,Shea Langeliers,669127,FF,677,99,1.52,-0.69
1.24,1.53,0.76,1.19,0.87,2.12,0.91,1.15,1.1,1.03,2.01,0.61,Shea Langeliers,669127,FS,51,10,2.0,-0.69
1.1,1.01,0.77,1.05,0.9,2.27,1.06,1.0,1.13,0.99,1.71,0.74,Shea Langeliers,669127,KC,42,5,1.5,-0.69
1.22,2.07,0.91,1.03,0.93,1.12,1.14,1.19,1.06,1.04,1.63,1.04,Shea Langeliers,669127,SI,261,63,1.92,-0.69
0.97,1.37,1.07,0.71,0.83,1.04,1.03,0.9,1.05,0.99,1.11,0.85,Shea Langeliers,669127,SL,365,63,1.33,-0.69
0.86,0.57,1.34,0.64,1.19,2.36,1.07,0.77,1.03,1.01,0.86,1.33,Shea Langeliers,669127,ST,133,25,1.15,-0.69
1.22,1.11,0.94,1.13,0.92,1.96,1.04,1.12,1.21,1.03,1.06,1.02,Shea Langeliers,669127,SV,7,3,1.41,-0.69
1.52,1.29,0.79,1.1,1.36,3.26,0.85,1.07,1.05,1.03,1.41,1.71,Wyatt Langford,694671,CH,201,28,1.91,-0.89
1.19,0.94,0.69,1.12,0.98,2.76,1.05,1.04,1.08,1.02,1.44,0.82,Wyatt Langford,694671,CU,90,20,1.51,-0.89
1.12,1.45,0.91,0.76,1.05,1.09,0.95,1.13,1.05,1.02,1.13,0.85,Wyatt Langford,694671,FF,671,97,1.64,-0.89
1.03,1.1,0.8,0.9,0.87,2.33,0.89,0.96,1.1,0.99,2.31,0.78,Wyatt Langford,694671,FS,57,4,1.87,-0.89
1.03,0.95,0.92,0.92,0.68,1.7,0.98,0.97,1.13,1.01,1.54,0.91,Wyatt Langford,694671,KC,41,5,1.36,-0.89
1.37,1.96,0.78,1.34,0.93,1.12,0.89,1.16,1.05,1.03,2.07,0.73,Wyatt Langford,694671,SI,435,85,1.84,-0.89
1.16,1.62,1.1,1.06,0.87,0.9,0.96,1.15,1.04,0.99,0.97,1.07,Wyatt Langford,694671,SL,429,82,1.5,-0.89
1.14,1.03,1.01,1.12,0.78,1.82,0.98,1.07,1.08,1.02,1.11,1.3,Wyatt Langford,694671,ST,164,33,1.31,-0.89
1.18,1.02,1.03,1.01,0.99,2.21,0.98,1.0,1.2,1.01,0.98,1.15,Wyatt Langford,694671,SV,9,1,1.38,-0.89
0.85,1.5,0.86,1.14,1.3,1.1,0.88,1.05,1.07,1.02,1.14,0.99,Trevor Larnach,663616,CH,239,49,1.33,-1.25
1.3,1.12,0.85,1.4,1.13,3.05,1.06,1.05,1.06,1.03,1.11,1.03,Trevor Larnach,663616,CU,102,12,1.46,-1.25
0.93,1.01,1.18,0.99,0.78,0.66,0.94,1.0,1.04,1.01,0.81,1.36,Trevor Larnach,663616,FF,437,84,0.92,-1.25
0.92,1.57,0.96,0.75,0.98,2.51,0.93,0.95,1.09,1.01,1.98,0.51,Trevor Larnach,663616,FS,124,16,2.23,-1.25
0.96,1.17,0.91,0.97,0.85,2.67,1.04,0.95,1.13,0.99,1.56,0.79,Trevor Larnach,663616,KC,37,3,1.71,-1.25
1.17,0.18,0.92,0.72,1.08,0.93,0.84,0.87,1.03,1.04,-0.27,1.57,Trevor Larnach,663616,SI,143,30,0.17,-1.25
1.43,0.74,1.18,1.51,1.28,1.25,0.93,0.98,1.05,1.04,0.68,7.86,Trevor Larnach,663616,SL,247,32,-0.13,-1.25
1.49,0.92,1.07,1.08,1.0,3.26,1.03,1.05,1.06,1.02,0.85,1.05,Trevor Larnach,663616,ST,71,9,1.63,-1.25
1.15,1.05,1.0,1.17,1.02,2.3,1.03,1.04,1.2,1.02,1.08,1.02,Trevor Larnach,663616,SV,8,1,1.39,-1.25
1.07,1.47,1.05,1.05,1.03,1.09,0.97,1.15,1.04,0.99,1.31,0.93,Ramon Laureano,657656,CH,118,21,1.58,-0.6
1.14,1.75,0.65,0.97,0.88,2.24,1.17,1.3,1.07,1.04,1.61,0.62,Ramon Laureano,657656,CU,50,4,2.23,-0.6
1.2,1.61,1.02,0.95,1.23,0.81,1.03,1.27,1.02,1.0,0.76,0.82,Ramon Laureano,657656,FF,339,59,1.61,-0.6
1.14,1.19,0.94,0.95,0.8,2.14,0.9,0.99,1.1,1.01,1.77,0.8,Ramon Laureano,657656,FS,8,1,1.75,-0.6
1.07,1.85,0.78,0.96,0.71,1.84,1.05,1.11,1.14,1.01,2.02,0.73,Ramon Laureano,657656,KC,28,5,2.11,-0.6
1.01,1.9,0.75,1.38,1.03,0.94,1.03,1.2,1.05,0.99,1.79,0.54,Ramon Laureano,657656,SI,235,48,1.67,-0.6
1.86,1.95,0.84,1.44,1.13,1.39,0.91,1.35,1.04,1.08,0.9,1.09,Ramon Laureano,657656,SL,200,27,1.73,-0.6
1.13,0.68,0.94,1.17,0.92,2.16,1.09,1.07,1.07,1.02,1.01,1.34,Ramon Laureano,657656,ST,106,12,1.09,-0.6
1.23,1.05,0.91,1.01,0.96,2.22,1.01,1.01,1.21,1.02,1.15,0.89,Ramon Laureano,657656,SV,14,1,1.43,-0.6
1.25,1.23,0.81,1.01,0.81,2.01,0.95,1.03,1.05,1.03,1.59,0.66,Jordan Lawlar,691783,CH,3,1,1.63,-0.6
1.05,0.98,0.89,0.92,0.84,2.05,1.12,0.99,1.07,1.01,1.21,0.93,Jordan Lawlar,691783,CU,8,2,1.34,-0.6
0.92,0.74,1.58,0.88,1.15,3.55,0.94,0.88,1.01,0.98,0.53,1.79,Jordan Lawlar,691783,FF,17,2,1.59,-0.6
0.94,1.07,0.96,0.91,0.77,1.82,1.07,0.94,1.1,0.99,1.57,0.84,Jordan Lawlar,691783,KC,5,2,1.42,-0.6
1.19,1.03,1.17,0.99,0.86,2.31,1.04,1.02,1.07,1.03,0.76,1.56,Jordan Lawlar,691783,ST,8,1,1.37,-0.6
1.21,0.93,1.04,0.86,0.81,2.04,0.89,0.97,1.03,1.01,0.7,1.13,DJ LeMahieu,518934,CH,64,17,1.29,-0.57
0.99,0.85,0.96,0.83,0.81,2.17,1.12,0.94,1.07,1.01,1.15,1.0,DJ LeMahieu,518934,CU,47,11,1.3,-0.57
1.56,0.75,1.13,1.35,0.78,2.35,0.87,1.03,0.99,1.02,0.5,2.32,DJ LeMahieu,518934,FF,264,36,0.91,-0.57
1.1,1.24,0.75,1.14,0.82,2.06,0.92,1.07,1.1,1.02,2.12,0.67,DJ LeMahieu,518934,FS,16,4,1.78,-0.57
0.99,1.11,0.89,0.94,0.72,1.88,1.03,0.97,1.13,1.0,1.73,0.78,DJ LeMahieu,518934,KC,6,1,1.53,-0.57
1.12,0.53,1.13,0.94,1.3,2.59,0.91,0.83,1.02,0.99,0.04,1.92,DJ LeMahieu,518934,SI,174,37,0.77,-0.57
1.15,1.19,1.62,0.98,0.75,1.55,1.03,0.95,1.02,1.02,0.33,2.41,DJ LeMahieu,518934,SL,120,29,1.08,-0.57
0.93,0.79,1.11,0.99,0.82,2.08,1.02,0.99,1.05,1.02,0.85,1.31,DJ LeMahieu,518934,ST,62,15,1.19,-0.57
1.15,1.05,0.98,1.04,0.93,1.97,1.01,1.03,1.21,1.02,0.99,1.07,DJ LeMahieu,518934,SV,2,1,1.32,-0.57
0.7,0.36,1.13,1.0,1.09,1.12,1.01,0.91,1.0,0.95,0.58,1.52,Brooks Lee,686797,CH,96,25,0.47,0.0
1.13,1.09,1.04,0.91,0.97,2.41,0.93,0.96,1.03,1.02,0.75,1.25,Brooks Lee,686797,CU,39,6,1.43,0.0
1.06,0.97,0.93,1.0,0.73,1.2,1.13,1.01,1.02,1.01,1.01,0.88,Brooks Lee,686797,FF,206,47,1.0,0.0
0.88,0.76,1.13,0.76,0.77,2.13,0.88,0.8,1.07,1.0,1.03,0.99,Brooks Lee,686797,FS,26,3,1.23,0.0
0.98,1.22,0.84,1.04,0.8,2.21,1.02,1.01,1.13,1.0,1.75,0.71,Brooks Lee,686797,KC,16,2,1.68,0.0
1.04,0.66,0.9,0.88,0.85,1.16,1.06,0.91,1.0,1.01,2.32,0.72,Brooks Lee,686797,SI,69,23,1.2,0.0
0.95,0.34,1.02,0.53,0.99,1.26,1.12,0.66,0.99,0.98,0.95,0.91,Brooks Lee,686797,SL,74,19,0.54,0.0
1.06,0.77,0.98,1.0,0.92,2.71,0.93,0.91,1.05,1.03,0.95,1.05,Brooks Lee,686797,ST,23,3,1.3,0.0
1.2,0.95,0.91,1.22,0.95,2.02,1.02,1.13,1.2,1.02,0.92,1.19,Brooks Lee,686797,SV,21,4,1.25,0.0
0.76,0.8,0.93,0.95,0.62,1.02,1.04,0.9,1.02,1.01,1.49,0.75,Jung Hoo Lee,808982,CH,67,16,0.95,-0.69
0.66,0.11,0.96,0.77,0.23,0.76,0.96,0.87,1.01,0.96,0.92,0.74,Jung Hoo Lee,808982,CU,33,6,0.47,-0.69
0.92,0.45,1.26,1.29,0.37,0.72,0.91,0.89,0.98,0.97,0.71,1.58,Jung Hoo Lee,808982,FF,186,49,0.29,-0.69
0.97,1.3,1.03,0.89,0.72,1.83,1.06,0.92,1.13,1.0,1.54,1.03,Jung Hoo Lee,808982,KC,16,2,1.53,-0.69
0.87,0.55,1.2,0.77,0.98,0.95,0.91,0.78,0.99,1.01,0.24,1.19,Jung Hoo Lee,808982,SI,94,20,0.48,-0.69
1.07,1.02,1.31,0.62,0.49,0.98,0.96,0.9,1.01,0.97,0.5,1.53,Jung Hoo Lee,808982,SL,69,16,1.04,-0.69
0.83,0.34,1.03,1.1,0.68,2.19,1.05,0.97,1.05,1.01,1.03,0.79,Jung Hoo Lee,808982,ST,42,11,0.96,-0.69
1.05,0.96,0.99,0.95,0.95,2.02,1.04,0.97,1.19,1.01,1.18,0.86,Jung Hoo Lee,808982,SV,2,1,1.34,-0.69
1.58,2.57,0.75,1.37,0.91,1.48,0.78,1.16,1.32,1.06,1.58,0.76,Jung Hoo Lee,808982,FO,5,2,2.13,-0.69
0.85,0.59,1.06,0.95,0.68,2.36,0.94,0.95,1.07,0.96,0.19,1.5,Jung Hoo Lee,808982,FS,77,17,0.94,-0.69
1.32,1.45,0.85,1.12,0.95,2.45,0.98,1.11,1.06,1.03,1.29,0.95,Korey Lee,686676,CH,137,21,1.8,-0.55
1.03,1.0,0.99,1.0,0.89,2.15,1.12,0.95,1.09,1.0,1.14,1.03,Korey Lee,686676,CU,89,14,1.28,-0.55
0.92,0.65,1.29,0.86,1.24,2.92,1.02,0.87,1.01,0.98,0.76,1.28,Korey Lee,686676,FF,446,56,1.33,-0.55
1.12,1.39,0.8,1.13,0.82,2.0,0.91,1.06,1.11,1.01,1.86,0.66,Korey Lee,686676,FS,36,7,1.77,-0.55
0.98,1.88,0.79,1.1,0.78,1.86,1.09,1.03,1.14,1.01,1.82,0.68,Korey Lee,686676,KC,24,5,1.87,-0.55
0.94,0.91,0.9,0.87,1.49,2.34,1.15,0.92,1.02,0.99,2.23,0.77,Korey Lee,686676,SI,192,57,1.65,-0.55
0.85,0.83,1.08,1.04,0.94,1.77,1.06,0.92,1.04,0.98,0.9,1.35,Korey Lee,686676,SL,240,56,0.97,-0.55
1.04,0.96,1.27,0.84,1.05,2.6,1.08,0.95,1.08,1.02,0.75,1.28,Korey Lee,686676,ST,137,17,1.48,-0.55
1.11,1.01,0.97,1.14,0.88,2.07,1.0,1.06,1.19,1.01,1.04,1.1,Korey Lee,686676,SV,13,2,1.33,-0.55
1.18,1.07,1.02,1.15,1.03,2.24,0.96,0.94,1.05,1.01,0.96,1.22,Royce Lewis,668904,CH,137,31,1.23,-0.62
0.83,0.96,0.93,1.04,0.81,2.02,1.19,0.98,1.07,1.0,1.28,1.35,Royce Lewis,668904,CU,71,15,1.2,-0.62
1.07,1.13,0.57,1.07,1.39,1.07,1.0,0.96,1.06,1.0,1.43,0.72,Royce Lewis,668904,FF,351,48,1.0,-0.62
1.08,1.11,0.8,1.14,0.82,2.21,0.96,1.05,1.1,1.03,1.81,0.59,Royce Lewis,668904,FS,43,8,1.65,-0.62
0.89,1.01,0.82,1.03,0.75,1.86,1.05,0.98,1.12,1.0,1.95,0.69,Royce Lewis,668904,KC,12,2,1.47,-0.62
1.21,1.56,1.14,0.95,1.14,2.68,0.96,1.0,1.22,1.02,1.28,0.78,Royce Lewis,668904,KN,3,2,2.02,-0.62
1.54,1.77,1.03,0.92,0.93,1.46,1.01,1.05,1.05,1.05,0.58,0.84,Royce Lewis,668904,SI,191,31,1.55,-0.62
0.91,1.8,0.9,0.91,0.77,0.7,1.08,1.03,1.04,1.01,1.2,1.06,Royce Lewis,668904,SL,200,47,1.42,-0.62
1.11,1.31,0.89,1.16,0.74,2.34,1.14,1.04,1.06,1.01,1.09,1.5,Royce Lewis,668904,ST,112,23,1.41,-0.62
1.26,1.01,0.88,0.97,0.93,1.98,1.04,1.02,1.21,1.03,1.17,0.93,Royce Lewis,668904,SV,7,2,1.35,-0.62
0.59,0.17,1.0,1.25,0.67,1.91,1.05,0.92,1.02,0.98,1.14,1.01,Daylen Lile,695734,CH,94,26,0.63,0.52
1.22,0.63,0.84,1.48,0.78,2.12,1.05,1.07,1.06,1.01,1.25,1.21,Daylen Lile,695734,CU,63,12,0.92,0.52
1.06,0.35,0.73,0.93,0.59,0.74,1.06,0.83,1.0,1.03,1.11,1.05,Daylen Lile,695734,FF,316,55,0.31,0.52
1.52,2.67,0.7,1.43,0.95,1.65,0.79,1.25,1.31,1.06,1.53,0.61,Daylen Lile,695734,FO,4,1,2.3,0.52
1.33,1.99,0.87,0.88,0.74,1.69,0.92,1.2,1.09,1.04,1.57,0.62,Daylen Lile,695734,FS,34,10,2.27,0.52
0.97,1.04,0.77,1.02,0.76,2.22,1.04,0.96,1.14,1.01,1.97,0.55,Daylen Lile,695734,KC,28,3,1.58,0.52
0.98,0.81,1.29,0.44,1.29,2.1,1.15,0.84,1.01,0.99,0.02,1.6,Daylen Lile,695734,SI,112,22,1.08,0.52
0.76,0.31,0.79,1.54,0.73,1.63,1.0,1.18,1.01,0.99,1.1,1.04,Daylen Lile,695734,SL,101,21,0.71,0.52
0.91,0.64,0.84,1.38,0.93,2.5,1.1,1.1,1.06,1.02,0.97,0.81,Daylen Lile,695734,ST,59,12,1.1,0.52
1.28,1.01,0.88,0.97,0.9,1.98,1.04,1.06,1.21,1.03,1.11,0.95,Daylen Lile,695734,SV,5,2,1.39,0.52
1.04,0.6,0.98,0.82,0.68,0.93,1.05,0.87,1.04,1.0,1.0,0.97,Francisco Lindor,596019,CH,322,74,0.69,0.0
0.97,0.79,1.06,0.6,0.95,1.01,1.1,0.68,1.03,0.99,1.02,0.89,Francisco Lindor,596019,CU,230,44,0.72,0.0
1.15,1.19,0.81,0.88,0.85,0.84,0.95,1.07,1.03,1.02,1.14,0.8,Francisco Lindor,596019,FF,1010,157,1.24,0.0
1.09,1.52,0.92,0.94,0.7,1.85,0.94,1.1,1.07,1.01,1.45,0.63,Francisco Lindor,596019,FS,99,21,1.88,0.0
1.17,1.77,0.82,0.97,0.84,2.22,1.04,1.14,1.15,1.03,1.56,0.79,Francisco Lindor,596019,KC,51,10,2.1,0.0
1.25,1.62,1.18,0.99,1.14,2.78,0.95,1.0,1.23,1.02,1.14,0.89,Francisco Lindor,596019,KN,5,1,2.01,0.0
1.09,1.26,0.85,1.45,1.2,0.93,1.01,1.13,1.04,1.02,1.17,0.99,Francisco Lindor,596019,SI,317,57,1.0,0.0
1.43,1.35,0.84,1.45,0.75,0.86,1.12,1.18,1.02,1.0,0.95,1.45,Francisco Lindor,596019,SL,316,64,0.92,0.0
1.58,0.95,1.2,1.06,0.72,2.41,1.08,1.08,1.06,1.02,0.8,1.16,Francisco Lindor,596019,ST,105,18,1.43,0.0
1.15,1.05,1.0,1.01,1.02,2.18,1.02,1.02,1.21,1.02,0.98,1.09,Francisco Lindor,596019,SV,1,1,1.39,0.0
1.21,1.17,0.99,0.87,0.84,1.94,0.98,1.0,1.05,1.02,1.31,1.02,Tyler Locklear,682988,CH,15,5,1.56,-0.94
1.0,0.46,1.53,0.67,1.07,4.26,0.95,0.83,1.01,0.96,0.49,2.34,Tyler Locklear,682988,FF,57,1,1.64,-0.94
1.04,1.31,0.81,1.04,0.73,1.96,0.92,1.02,1.09,1.01,1.98,0.65,Tyler Locklear,682988,FS,4,1,1.76,-0.94
0.84,0.99,0.89,0.86,1.71,3.66,1.03,0.91,1.02,0.98,2.32,0.57,Tyler Locklear,682988,SI,34,3,2.19,-0.94
0.93,0.82,1.22,0.79,1.01,3.16,1.02,0.92,1.05,1.02,0.74,1.5,Tyler Locklear,682988,SL,43,8,1.55,-0.94
1.36,1.32,1.15,1.01,0.83,2.41,1.02,1.12,1.09,1.03,0.81,1.41,Tyler Locklear,682988,ST,21,3,1.7,-0.94
1.02,1.31,0.88,0.96,0.83,2.44,1.16,1.03,1.07,1.01,1.29,0.81,Tyler Locklear,682988,CU,29,5,1.68,-0.94
1.04,1.11,0.82,0.94,0.72,1.81,1.03,0.99,1.14,1.01,1.85,0.63,Tyler Locklear,682988,KC,6,1,1.56,-0.94
0.97,0.93,1.12,0.76,1.07,2.83,1.04,0.92,1.03,0.97,0.6,1.13,Brandon Lockridge,663604,CH,3,1,1.48,-0.73
1.09,0.89,1.05,0.96,0.82,1.88,1.12,0.99,1.07,1.02,1.02,1.05,Brandon Lockridge,663604,CU,2,1,1.2,-0.73
0.94,0.6,1.16,0.66,1.22,2.55,1.04,0.82,1.02,0.95,-0.1,1.31,Brandon Lockridge,663604,SI,16,2,0.94,-0.73
1.05,1.24,1.29,1.26,0.97,2.51,1.09,1.08,1.04,1.03,0.52,1.87,Brandon Lockridge,663604,SL,6,2,1.37,-0.73
0.74,0.08,1.62,0.95,0.99,3.19,0.94,0.84,0.96,0.98,0.61,1.76,Brandon Lockridge,663604,FF,209,27,1.09,-0.73
1.05,1.22,0.84,0.96,0.69,2.15,0.92,0.98,1.09,1.01,2.18,0.61,Brandon Lockridge,663604,FS,19,3,1.84,-0.73
1.12,1.1,1.0,0.96,0.78,1.85,1.08,1.02,1.07,1.03,0.72,1.09,Brandon Lockridge,663604,ST,35,11,1.25,-0.73
1.15,1.05,1.0,1.01,0.92,1.97,1.02,1.04,1.21,1.02,1.05,1.09,Brandon Lockridge,663604,SV,2,1,1.38,-0.73
1.01,0.8,0.92,1.0,0.96,1.82,0.94,0.84,1.04,1.03,1.73,0.65,Nick Loftin,679845,CH,54,8,1.19,-0.85
0.91,0.84,0.94,0.93,0.78,2.54,1.06,0.88,1.06,0.99,1.09,0.94,Nick Loftin,679845,CU,48,6,1.27,-0.85
1.02,1.19,0.65,1.24,0.29,0.84,0.96,0.95,0.98,1.01,1.05,0.79,Nick Loftin,679845,FF,193,44,0.76,-0.85
1.04,1.23,0.82,1.1,0.72,2.08,0.92,1.04,1.1,1.01,1.88,0.69,Nick Loftin,679845,FS,12,2,1.72,-0.85
0.63,0.26,1.25,0.4,0.9,1.59,1.02,0.58,0.96,0.93,0.36,1.58,Nick Loftin,679845,SI,108,27,0.47,-0.85
1.09,1.14,0.85,1.13,0.85,2.62,0.93,1.15,1.02,1.01,0.85,0.8,Nick Loftin,679845,SL,122,19,1.66,-0.85
1.18,0.76,1.03,1.01,0.87,2.34,1.06,0.95,1.06,1.0,1.05,1.32,Nick Loftin,679845,ST,42,6,1.19,-0.85
1.15,1.05,1.0,1.01,0.93,2.05,1.01,1.03,1.2,1.01,0.91,1.09,Nick Loftin,679845,SV,2,1,1.35,-0.85
0.94,1.0,0.82,0.99,0.75,1.77,1.04,0.93,1.12,1.01,1.86,0.59,Nick Loftin,679845,KC,13,4,1.38,-0.85
1.34,1.27,0.8,1.05,0.96,2.63,1.03,1.08,1.06,1.02,1.4,0.93,Joey Loperfido,694388,CH,113,13,1.76,-0.66
0.91,0.91,0.92,0.91,0.98,2.3,1.13,0.97,1.07,1.01,1.29,0.97,Joey Loperfido,694388,CU,71,5,1.39,-0.66
0.95,0.56,1.14,1.24,1.24,3.07,1.08,1.12,1.01,0.99,0.74,1.01,Joey Loperfido,694388,FF,355,57,1.37,-0.66
1.07,1.27,0.74,1.21,0.81,1.98,0.9,1.08,1.1,1.01,2.21,0.6,Joey Loperfido,694388,FS,35,4,1.78,-0.66
0.97,1.09,0.85,1.07,0.79,1.93,1.04,0.99,1.13,1.0,1.74,0.76,Joey Loperfido,694388,KC,30,3,1.46,-0.66
0.83,0.92,0.96,0.84,1.82,3.66,1.08,0.93,1.0,0.97,2.07,0.61,Joey Loperfido,694388,SI,100,21,2.12,-0.66
1.07,0.85,1.03,1.11,0.96,2.51,0.95,1.04,1.04,1.02,0.91,1.24,Joey Loperfido,694388,SL,119,16,1.36,-0.66
1.16,0.93,1.27,1.01,0.79,2.17,1.04,1.0,1.07,1.02,0.63,1.65,Joey Loperfido,694388,ST,47,8,1.22,-0.66
0.94,0.81,1.16,0.77,0.81,1.55,0.91,0.92,1.03,1.01,0.59,2.2,Nicky Lopez,670032,CH,147,30,0.97,-0.42
0.84,0.74,1.17,0.79,0.76,2.08,1.05,0.85,1.04,0.98,0.63,1.29,Nicky Lopez,670032,CU,138,25,1.05,-0.42
0.87,0.5,1.38,0.96,0.86,2.9,0.97,0.81,0.99,0.97,0.74,1.59,Nicky Lopez,670032,FF,534,93,1.12,-0.42
1.05,1.17,0.89,1.08,0.79,1.88,0.91,1.02,1.1,1.01,1.94,0.71,Nicky Lopez,670032,FS,58,11,1.65,-0.42
0.84,0.95,0.95,0.81,0.66,1.94,1.11,0.9,1.09,0.98,1.5,0.79,Nicky Lopez,670032,KC,15,5,1.37,-0.42
0.74,0.89,0.98,0.95,1.4,2.37,1.04,0.86,1.0,0.98,1.63,0.85,Nicky Lopez,670032,SI,228,56,1.41,-0.42
0.73,0.64,1.25,0.96,0.79,1.67,1.02,0.88,1.01,0.97,0.61,1.36,Nicky Lopez,670032,SL,227,58,0.83,-0.42
0.79,0.46,1.68,0.6,0.96,2.13,1.12,0.76,1.04,0.98,0.48,1.45,Nicky Lopez,670032,ST,91,17,1.01,-0.42
0.5,0.09,1.46,0.8,0.94,0.94,1.14,0.78,1.02,0.94,-0.08,2.33,Otto Lopez,672640,CH,134,39,0.02,-0.35
0.8,0.59,1.12,1.16,0.92,2.18,1.08,0.92,1.04,0.98,0.71,0.98,Otto Lopez,672640,CU,82,26,0.88,-0.35
1.11,0.86,0.78,1.31,0.49,1.09,0.92,1.1,1.02,1.03,0.96,0.98,Otto Lopez,672640,FF,425,77,0.85,-0.35
0.93,1.32,0.85,0.94,0.98,2.21,0.94,1.12,1.1,1.01,2.08,0.65,Otto Lopez,672640,FS,47,11,2.09,-0.35
0.95,0.99,0.91,0.98,0.83,2.16,1.05,0.97,1.13,1.0,1.44,0.93,Otto Lopez,672640,KC,26,5,1.42,-0.35
1.21,1.56,1.14,0.95,1.11,2.68,0.95,0.98,1.22,1.01,1.15,0.89,Otto Lopez,672640,KN,9,2,1.94,-0.35
1.08,0.93,1.05,0.53,0.45,0.93,1.01,0.96,1.03,1.04,0.36,1.14,Otto Lopez,672640,SI,299,67,1.01,-0.35
0.75,1.19,1.38,1.15,0.99,1.13,0.96,0.97,1.04,0.96,0.35,2.19,Otto Lopez,672640,SL,281,54,0.86,-0.35
0.62,0.35,1.44,1.16,0.6,1.26,0.97,0.98,1.05,0.96,0.53,1.2,Otto Lopez,672640,ST,126,23,0.65,-0.35
1.15,1.05,0.98,1.04,0.98,2.1,1.0,1.03,1.21,1.02,0.99,1.07,Otto Lopez,672640,SV,2,1,1.37,-0.35
1.09,1.87,0.9,0.97,1.1,0.83,1.22,1.18,1.08,1.02,1.2,0.82,Brandon Lowe,664040,CH,283,56,1.62,-0.57
1.05,1.2,0.94,1.01,1.1,2.54,1.27,1.08,1.07,1.01,0.89,0.92,Brandon Lowe,664040,CU,115,23,1.53,-0.57
1.29,1.77,0.72,0.98,1.41,1.02,1.03,1.26,1.04,1.04,1.08,0.79,Brandon Lowe,664040,FF,500,66,1.71,-0.57
0.97,0.67,0.8,1.06,0.96,1.96,0.99,1.0,1.09,1.01,2.07,1.18,Brandon Lowe,664040,FS,90,16,1.33,-0.57
0.95,1.01,0.91,0.97,0.79,2.03,1.06,0.94,1.12,1.0,1.71,0.73,Brandon Lowe,664040,KC,22,3,1.46,-0.57
1.35,1.62,1.07,1.14,1.16,2.78,0.96,1.04,1.23,1.03,1.29,0.83,Brandon Lowe,664040,KN,1,1,1.98,-0.57
1.25,2.61,0.74,1.32,1.52,0.75,1.09,1.42,1.03,1.07,1.67,0.82,Brandon Lowe,664040,SI,165,30,2.21,-0.57
1.09,0.91,0.73,0.65,1.2,0.93,1.18,0.96,1.03,1.0,1.34,0.7,Brandon Lowe,664040,SL,233,38,1.07,-0.57
1.35,0.9,0.95,1.12,1.02,2.58,1.13,1.09,1.09,1.02,0.94,1.07,Brandon Lowe,664040,ST,84,16,1.38,-0.57
1.1,1.1,0.97,0.94,0.93,1.99,1.02,1.03,1.2,1.02,1.0,1.01,Brandon Lowe,664040,SV,17,5,1.42,-0.57
1.07,0.7,1.34,0.86,0.66,1.16,1.11,0.96,1.04,1.02,0.15,2.8,Josh Lowe,666139,CH,215,36,0.57,-0.92
0.77,0.79,1.04,1.1,0.83,2.94,1.4,0.91,1.06,0.97,0.66,1.38,Josh Lowe,666139,CU,141,23,1.03,-0.92
1.14,0.88,1.21,1.44,1.22,0.85,1.05,1.04,1.01,1.02,0.66,2.11,Josh Lowe,666139,FF,584,73,0.51,-0.92
1.04,0.85,0.8,0.96,0.71,2.18,1.0,0.94,1.07,1.0,2.03,0.66,Josh Lowe,666139,FS,72,8,1.51,-0.92
1.1,1.02,0.92,1.0,0.85,2.54,1.09,0.98,1.13,1.0,1.56,0.84,Josh Lowe,666139,KC,29,5,1.58,-0.92
1.18,0.4,0.98,1.09,1.73,4.7,1.05,1.03,1.03,1.02,0.18,2.95,Josh Lowe,666139,SI,173,21,1.35,-0.92
1.1,1.01,1.1,1.02,0.85,2.04,1.16,0.88,1.0,0.96,0.95,1.05,Josh Lowe,666139,SL,197,28,1.1,-0.92
1.24,0.89,1.01,1.08,0.92,3.26,1.04,1.04,1.08,1.03,0.81,1.33,Josh Lowe,666139,ST,91,16,1.54,-0.92
1.15,1.03,0.92,1.15,0.98,2.1,1.02,1.06,1.21,1.02,1.11,1.0,Josh Lowe,666139,SV,12,3,1.34,-0.92
0.97,0.45,1.06,0.87,0.78,1.01,0.85,0.98,1.02,1.04,0.58,1.29,Nathaniel Lowe,663993,CH,206,41,0.72,-0.7
1.28,1.02,1.0,0.99,0.84,2.66,1.07,0.97,1.07,1.01,1.07,1.56,Nathaniel Lowe,663993,CU,139,19,1.42,-0.7
1.01,0.8,0.97,1.35,1.11,0.85,0.94,1.08,1.02,0.99,0.76,0.93,Nathaniel Lowe,663993,FF,921,121,0.7,-0.7
0.92,0.75,0.89,1.07,0.81,2.16,0.89,1.1,1.09,1.01,0.49,1.15,Nathaniel Lowe,663993,FS,78,16,1.18,-0.7
1.01,1.66,0.72,1.14,0.76,1.85,1.04,1.15,1.13,1.01,2.04,0.52,Nathaniel Lowe,663993,KC,30,5,1.97,-0.7
1.01,0.27,1.3,0.8,1.03,0.98,0.99,0.83,1.05,0.99,-1.28,3.65,Nathaniel Lowe,663993,SI,382,76,-0.32,-0.7
1.14,0.98,0.94,0.8,0.93,0.85,0.92,0.85,1.03,0.99,1.3,1.07,Nathaniel Lowe,663993,SL,254,37,0.97,-0.7
1.21,1.31,1.19,1.02,0.82,2.81,0.95,1.06,1.09,1.02,0.88,1.33,Nathaniel Lowe,663993,ST,120,12,1.81,-0.7
1.23,1.0,0.87,0.95,0.95,2.15,0.98,1.0,1.2,1.03,1.18,0.88,Nathaniel Lowe,663993,SV,6,1,1.42,-0.7
1.52,2.67,0.77,1.43,0.89,1.47,0.76,1.17,1.32,1.06,1.42,0.75,Nathaniel Lowe,663993,FO,4,1,2.12,-0.7
1.3,1.1,0.97,1.07,0.77,1.81,0.93,1.06,1.05,1.03,1.3,0.95,Matthew Lugo,683090,CH,11,4,1.45,-0.19
1.05,0.98,0.98,1.07,0.79,1.96,1.14,0.97,1.06,1.01,1.14,1.07,Matthew Lugo,683090,CU,7,2,1.18,-0.19
0.96,0.93,1.34,0.87,1.49,3.85,1.0,0.92,1.01,0.98,0.7,1.46,Matthew Lugo,683090,FF,38,7,1.82,-0.19
1.12,1.31,0.81,1.04,0.77,1.96,0.92,1.04,1.09,1.02,1.98,0.65,Matthew Lugo,683090,FS,2,1,1.79,-0.19
0.98,1.59,0.76,0.95,2.03,4.2,0.99,1.1,1.02,1.0,2.79,0.45,Matthew Lugo,683090,SI,34,3,2.99,-0.19
1.09,1.36,1.01,1.07,0.83,2.63,0.99,1.05,1.04,1.02,0.85,1.27,Matthew Lugo,683090,SL,21,3,1.65,-0.19
1.24,1.71,1.2,1.12,0.86,2.3,1.06,1.16,1.08,1.01,0.6,1.7,Matthew Lugo,683090,ST,22,6,1.76,-0.19
0.79,1.63,1.11,0.97,0.63,1.25,1.0,1.06,1.02,0.95,1.05,1.32,Nathan Lukes,664770,CH,38,7,1.54,-0.89
1.15,1.05,1.0,0.94,0.63,2.04,1.26,1.02,1.04,1.02,0.64,1.18,Nathan Lukes,664770,CU,24,10,1.18,-0.89
0.8,0.21,1.61,0.74,0.71,1.55,0.98,0.71,0.98,0.97,0.59,1.62,Nathan Lukes,664770,FF,153,24,0.59,-0.89
1.02,1.67,0.81,1.33,0.61,1.85,0.92,1.06,1.07,1.02,1.23,0.98,Nathan Lukes,664770,FS,14,4,1.52,-0.89
0.86,0.17,1.1,0.69,1.1,2.29,0.9,0.76,0.99,0.99,0.65,1.26,Nathan Lukes,664770,SI,41,6,0.81,-0.89
1.11,1.01,1.05,0.88,0.58,3.57,1.07,0.89,1.01,0.99,1.15,0.9,Nathan Lukes,664770,SL,37,7,1.77,-0.89
0.95,0.88,1.51,1.15,0.69,1.81,1.03,1.11,1.05,1.02,0.51,1.46,Nathan Lukes,664770,ST,11,2,1.23,-0.89
1.15,1.05,0.91,1.17,0.93,1.97,1.01,1.06,1.21,1.02,1.08,1.02,Nathan Lukes,664770,SV,3,1,1.29,-0.89
1.01,1.0,0.74,1.28,0.7,1.85,1.05,0.96,1.12,1.0,2.06,0.72,Nathan Lukes,664770,KC,16,4,1.27,-0.89
0.7,0.95,1.17,1.27,0.73,0.85,0.82,0.96,0.99,0.99,0.64,1.0,Gavin Lux,666158,CH,247,43,0.75,-0.73
0.87,1.12,1.17,0.69,0.82,1.96,0.9,0.95,1.06,1.01,0.79,1.11,Gavin Lux,666158,CU,148,18,1.54,-0.73
1.03,0.54,1.07,1.12,0.78,0.95,0.96,1.0,0.99,0.99,0.68,1.65,Gavin Lux,666158,FF,631,106,0.56,-0.73
1.04,0.74,0.83,1.35,0.89,1.99,0.91,1.03,1.06,1.02,1.49,0.91,Gavin Lux,666158,FS,94,19,1.13,-0.73
0.88,0.95,0.91,0.91,0.88,2.19,1.02,0.9,1.11,0.99,1.52,0.72,Gavin Lux,666158,KC,36,9,1.42,-0.73
1.35,1.62,1.07,1.14,1.14,2.78,0.91,1.03,1.23,1.03,1.28,0.83,Gavin Lux,666158,KN,11,1,1.98,-0.73
1.05,0.47,0.81,1.71,0.64,0.51,0.86,1.12,0.99,1.01,1.3,1.18,Gavin Lux,666158,SI,251,49,0.35,-0.73
0.87,0.25,1.22,0.58,1.06,0.7,1.01,0.74,0.97,1.01,0.79,1.45,Gavin Lux,666158,SL,220,44,0.42,-0.73
1.22,1.11,1.08,1.12,0.96,2.15,0.89,1.1,1.07,1.03,0.74,1.27,Gavin Lux,666158,ST,98,9,1.44,-0.73
1.19,1.01,0.97,1.14,0.92,1.9,0.99,1.02,1.21,1.02,1.06,1.1,Gavin Lux,666158,SV,8,2,1.22,-0.73
1.34,1.06,0.94,1.03,0.83,1.99,0.99,1.03,1.05,1.04,1.33,1.03,Willie MacIver,680862,CH,14,5,1.43,-0.79
1.13,0.98,0.98,1.07,0.79,2.14,1.17,1.01,1.08,1.02,1.1,1.07,Willie MacIver,680862,CU,12,2,1.26,-0.79
0.86,0.18,1.67,0.93,0.77,2.76,1.15,0.74,1.0,0.98,0.72,1.41,Willie MacIver,680862,FF,86,23,0.87,-0.79
1.04,1.31,0.81,1.04,0.74,1.96,0.91,1.02,1.1,1.02,2.05,0.65,Willie MacIver,680862,FS,3,1,1.79,-0.79
1.02,1.38,0.92,1.09,1.95,3.75,1.1,1.06,1.02,0.98,2.27,0.55,Willie MacIver,680862,SI,62,8,2.44,-0.79
0.98,0.91,1.07,0.89,0.9,2.27,0.96,0.89,1.04,1.0,1.0,0.96,Willie MacIver,680862,SL,34,4,1.32,-0.79
1.28,1.38,1.2,1.07,0.81,2.16,1.02,1.09,1.09,1.04,0.74,1.46,Willie MacIver,680862,ST,13,3,1.57,-0.79
1.28,1.88,0.93,1.04,1.04,1.07,0.95,1.17,1.1,1.06,1.34,1.11,Manny Machado,592518,CH,173,32,1.77,-1.14
1.4,1.23,0.89,1.34,0.88,2.99,1.14,1.04,1.07,1.02,1.26,0.97,Manny Machado,592518,CU,110,20,1.54,-1.14
1.45,1.87,0.78,1.09,1.09,0.84,1.04,1.26,1.07,1.07,1.04,0.94,Manny Machado,592518,FF,733,115,1.61,-1.14
1.52,2.67,0.77,1.43,0.89,1.53,0.77,1.17,1.32,1.06,1.4,0.75,Manny Machado,592518,FO,1,1,2.13,-1.14
1.0,0.96,0.77,0.86,0.94,2.98,0.98,0.91,1.08,0.99,2.74,0.53,Manny Machado,592518,FS,66,12,2.06,-1.14
1.06,1.48,0.99,0.99,0.72,1.76,1.12,0.99,1.13,1.02,1.28,0.99,Manny Machado,592518,KC,44,10,1.51,-1.14
1.3,1.21,0.87,0.98,1.12,1.1,1.08,1.15,1.06,1.07,0.99,1.22,Manny Machado,592518,SI,512,126,1.25,-1.14
0.96,1.16,0.82,1.13,0.97,1.05,1.04,1.18,1.08,1.02,1.04,1.03,Manny Machado,592518,SL,359,68,1.2,-1.14
0.96,1.5,1.13,0.72,0.75,1.16,1.08,0.84,1.07,1.01,1.14,1.02,Manny Machado,592518,ST,167,42,1.33,-1.14
1.16,1.41,0.93,0.97,0.97,2.08,1.01,1.06,1.21,1.02,1.14,0.82,Manny Machado,592518,SV,10,4,1.68,-1.14
1.08,1.15,0.92,0.94,0.83,1.88,0.93,0.98,1.02,1.01,1.32,0.76,Vimael Machin,605353,CH,9,3,1.49,-0.3
0.99,1.01,1.35,1.1,1.16,4.39,1.03,0.96,1.01,0.98,0.68,1.68,Vimael Machin,605353,FF,16,4,1.89,-0.3
1.01,1.01,0.98,0.99,0.81,2.41,0.98,1.01,1.03,1.01,0.9,1.17,Vimael Machin,605353,SL,4,1,1.43,-0.3
1.19,1.03,1.17,0.99,0.83,2.31,1.05,1.04,1.07,1.03,0.74,1.36,Vimael Machin,605353,ST,4,1,1.41,-0.3
1.08,1.15,0.84,1.26,0.92,2.29,0.97,1.05,1.05,1.02,1.43,0.82,Luke Maile,571912,CH,24,3,1.49,-1.68
0.98,0.91,1.1,1.0,0.8,1.91,1.09,0.91,1.07,1.0,0.99,1.25,Luke Maile,571912,CU,29,4,1.09,-1.68
0.96,1.08,1.27,0.88,1.33,3.22,0.94,1.03,1.01,0.98,0.82,1.05,Luke Maile,571912,FF,203,30,1.92,-1.68
0.97,1.11,0.91,0.94,0.78,1.88,1.02,0.97,1.12,0.99,1.49,0.78,Luke Maile,571912,KC,10,1,1.47,-1.68
0.79,0.9,0.79,1.23,1.55,3.05,1.02,0.94,1.01,0.96,2.44,0.73,Luke Maile,571912,SI,133,26,1.75,-1.68
1.03,0.86,0.95,1.15,0.76,2.37,0.94,1.01,1.04,1.0,0.9,1.24,Luke Maile,571912,SL,96,9,1.23,-1.68
1.18,1.0,1.14,1.2,0.84,2.35,1.03,1.07,1.09,1.03,0.74,1.5,Luke Maile,571912,ST,53,4,1.29,-1.68
1.15,1.05,0.91,1.01,0.92,1.97,1.01,1.02,1.21,1.02,1.12,0.89,Luke Maile,571912,SV,4,1,1.36,-1.68
1.18,1.26,0.78,1.08,1.0,2.1,0.91,1.01,1.05,1.02,1.86,0.75,Martin Maldonado,455117,CH,28,2,1.68,-0.6
1.02,1.0,0.93,0.99,1.1,2.57,1.08,0.94,1.08,1.0,1.19,0.88,Martin Maldonado,455117,CU,55,5,1.43,-0.6
0.92,1.35,0.92,0.63,1.5,1.31,0.99,1.15,0.99,0.98,1.06,0.83,Martin Maldonado,455117,FF,171,37,1.75,-0.6
1.09,1.72,0.78,1.14,0.82,1.97,0.89,1.12,1.11,1.02,2.15,0.66,Martin Maldonado,455117,FS,5,1,2.1,-0.6
0.94,1.07,0.88,1.05,0.72,1.74,1.03,0.94,1.12,0.99,1.96,0.72,Martin Maldonado,455117,KC,6,2,1.42,-0.6
0.86,1.02,0.87,0.82,1.27,2.28,1.05,0.87,1.02,0.96,2.34,1.1,Martin Maldonado,455117,SI,102,18,1.68,-0.6
0.81,0.92,1.11,1.04,1.15,2.6,0.95,0.97,1.02,0.97,0.95,1.68,Martin Maldonado,455117,SL,83,10,1.38,-0.6
1.12,0.9,1.14,0.99,0.97,2.55,1.0,1.03,1.08,1.03,0.78,1.24,Martin Maldonado,455117,ST,47,2,1.44,-0.6
1.24,1.11,0.79,1.04,1.07,2.56,0.88,1.04,1.05,1.03,1.48,0.75,Justyn-Henry Malloy,669234,CH,103,13,1.72,-0.21
0.95,0.88,0.97,0.95,0.92,2.4,1.12,0.89,1.05,1.0,1.37,0.74,Justyn-Henry Malloy,669234,CU,61,3,1.34,-0.21
0.78,0.33,1.18,1.1,1.05,1.76,1.04,0.85,0.98,0.96,0.85,1.07,Justyn-Henry Malloy,669234,FF,322,45,0.63,-0.21
0.94,1.07,0.88,0.91,0.84,2.05,1.03,0.97,1.13,1.0,1.65,0.84,Justyn-Henry Malloy,669234,KC,20,2,1.55,-0.21
0.89,1.29,0.64,0.84,1.47,3.17,0.99,0.95,1.01,0.96,3.03,0.34,Justyn-Henry Malloy,669234,SI,116,24,2.42,-0.21
0.94,1.54,0.82,0.99,0.97,2.42,0.89,1.09,1.05,1.02,1.27,0.97,Justyn-Henry Malloy,669234,SL,188,18,1.93,-0.21
1.13,1.03,1.28,0.96,0.95,2.34,0.97,0.96,1.07,1.02,0.74,1.66,Justyn-Henry Malloy,669234,ST,80,7,1.37,-0.21
1.04,1.31,0.74,1.04,0.77,1.96,0.91,1.03,1.1,1.01,2.27,0.53,Justyn-Henry Malloy,669234,FS,4,1,1.85,-0.21
0.72,0.0,1.36,0.62,0.49,0.86,1.25,0.71,1.04,0.96,-0.36,2.43,Jake Mangum,663968,CH,147,46,-0.22,0.0
1.07,1.03,1.07,1.2,0.46,2.16,1.53,0.93,1.05,1.02,0.48,1.56,Jake Mangum,663968,CU,77,25,0.74,0.0
0.97,0.16,1.87,1.03,1.01,1.61,1.23,0.96,0.98,1.0,0.07,3.51,Jake Mangum,663968,FF,373,58,0.37,0.0
0.84,0.77,1.02,0.93,0.73,1.98,1.01,0.89,1.08,0.99,0.74,1.13,Jake Mangum,663968,FS,39,13,1.01,0.0
0.91,0.89,1.14,0.89,0.72,1.89,1.13,0.91,1.11,0.98,1.28,0.91,Jake Mangum,663968,KC,17,7,1.27,0.0
0.75,0.0,1.64,0.42,1.06,0.75,1.37,0.63,0.97,0.98,-3.02,11.01,Jake Mangum,663968,SI,167,45,-1.87,0.0
0.85,0.97,1.26,0.83,0.77,0.98,1.34,0.85,1.02,1.02,0.7,1.05,Jake Mangum,663968,SL,136,39,0.75,0.0
0.92,0.5,1.37,0.94,0.5,2.02,1.13,0.88,1.06,0.99,0.46,2.38,Jake Mangum,663968,ST,54,16,0.72,0.0
1.19,1.01,0.88,0.97,0.9,2.07,1.02,1.05,1.21,1.02,1.13,0.95,Jake Mangum,663968,SV,7,2,1.42,0.0
1.13,1.3,0.82,1.1,0.95,1.08,1.12,0.98,1.02,1.02,1.13,0.67,Kyle Manzardo,700932,CH,94,20,1.05,0.11
0.97,0.92,0.72,0.99,0.7,1.96,0.84,1.02,1.06,1.0,1.69,0.61,Kyle Manzardo,700932,CU,58,9,1.52,0.11
0.82,1.18,0.49,0.9,1.18,0.95,1.05,1.07,1.02,1.0,1.5,0.44,Kyle Manzardo,700932,FF,227,32,1.26,0.11
1.08,1.71,0.87,0.88,0.8,1.96,1.02,1.15,1.1,1.0,1.31,0.65,Kyle Manzardo,700932,FS,22,1,2.03,0.11
0.89,1.06,0.62,0.89,1.15,1.24,1.01,0.94,1.0,1.01,3.86,0.37,Kyle Manzardo,700932,SI,47,14,1.89,0.11
1.54,2.2,0.27,1.37,1.13,2.29,0.98,1.09,1.02,1.06,2.01,0.31,Kyle Manzardo,700932,SL,109,18,2.01,0.11
1.23,1.29,1.16,0.92,1.06,2.98,0.97,1.04,1.09,1.01,0.86,1.33,Kyle Manzardo,700932,ST,28,5,1.86,0.11
1.15,1.05,0.91,1.01,0.93,2.03,1.01,1.01,1.2,1.02,1.19,0.99,Kyle Manzardo,700932,SV,2,1,1.38,0.11
1.01,1.92,0.9,0.84,0.78,2.08,0.94,1.05,1.13,1.0,1.88,0.64,Kyle Manzardo,700932,KC,48,4,2.28,0.11
1.05,0.95,0.85,0.88,0.9,2.05,0.94,0.94,1.05,1.01,1.37,0.74,Rafael Marchan,665561,CH,33,6,1.41,0.0
1.01,1.3,1.01,1.04,0.88,2.08,1.08,1.04,1.08,1.01,1.09,1.1,Rafael Marchan,665561,CU,22,2,1.51,0.0
0.7,0.4,1.48,0.9,0.95,3.0,0.9,0.79,1.01,0.96,0.76,1.85,Rafael Marchan,665561,FF,68,16,1.16,0.0
0.92,1.15,0.9,1.07,0.79,1.93,0.92,0.96,1.08,0.99,2.19,0.75,Rafael Marchan,665561,FS,6,1,1.66,0.0
1.25,1.62,1.18,0.99,1.14,2.89,0.94,1.01,1.23,1.03,1.2,0.89,Rafael Marchan,665561,KN,6,1,2.08,0.0
0.88,0.8,0.99,1.19,1.37,2.2,1.0,0.99,0.99,0.99,1.63,0.97,Rafael Marchan,665561,SI,17,11,1.34,0.0
0.95,0.76,1.07,1.02,0.81,2.16,0.97,0.84,1.04,0.99,1.1,1.22,Rafael Marchan,665561,SL,20,5,1.06,0.0
0.9,1.04,0.85,1.02,0.75,1.83,1.02,1.0,1.12,1.0,1.84,0.68,Rafael Marchan,665561,KC,15,3,1.5,0.0
1.15,0.99,1.13,1.11,0.87,2.14,1.03,1.04,1.08,1.03,0.79,1.56,Rafael Marchan,665561,ST,17,2,1.25,0.0
1.22,1.43,0.89,1.15,0.76,1.67,0.97,1.12,1.05,1.01,1.47,0.67,Manuel Margot,622534,CH,122,31,1.65,-0.89
0.96,0.78,0.99,0.97,0.76,2.2,1.14,0.89,1.06,1.0,1.34,0.98,Manuel Margot,622534,CU,99,21,1.18,-0.89
0.77,0.61,1.24,1.07,1.18,2.7,1.01,0.95,1.01,0.96,0.71,1.58,Manuel Margot,622534,FF,465,75,1.17,-0.89
1.24,1.17,0.81,1.09,0.86,2.32,0.93,1.07,1.1,1.03,1.81,0.77,Manuel Margot,622534,FS,29,4,1.76,-0.89
1.08,1.07,0.8,0.91,0.77,2.21,0.99,0.98,1.14,1.01,1.85,0.68,Manuel Margot,622534,KC,26,2,1.67,-0.89
0.9,1.01,0.82,1.07,1.51,2.64,1.06,1.01,1.03,0.98,2.19,0.74,Manuel Margot,622534,SI,168,45,1.79,-0.89
0.87,0.68,1.11,1.0,0.81,1.95,0.99,0.89,1.04,0.99,0.94,1.19,Manuel Margot,622534,SL,244,50,1.0,-0.89
1.21,1.17,1.37,0.87,0.79,2.1,1.05,1.0,1.08,1.02,0.63,1.58,Manuel Margot,622534,ST,56,12,1.45,-0.89
1.07,0.99,0.85,1.26,0.9,2.0,1.0,1.03,1.2,1.01,1.28,1.02,Manuel Margot,622534,SV,10,3,1.21,-0.89
1.19,1.23,0.8,1.54,1.07,2.03,0.97,1.19,1.04,1.02,1.25,1.36,Jakob Marsee,805300,CH,49,13,1.33,0.21
1.13,0.91,0.92,1.15,0.74,1.82,1.04,1.03,1.08,1.02,1.25,0.93,Jakob Marsee,805300,CU,32,4,1.19,0.21
1.01,0.69,1.19,1.43,0.71,2.56,0.74,1.0,1.01,1.0,0.82,1.15,Jakob Marsee,805300,FF,131,16,1.16,0.21
1.21,1.13,0.71,1.38,0.72,2.02,0.91,1.06,1.1,1.02,1.93,0.57,Jakob Marsee,805300,FS,25,5,1.48,0.21
1.01,1.07,0.88,0.91,0.76,1.9,1.07,0.98,1.13,1.0,1.68,0.84,Jakob Marsee,805300,KC,6,2,1.5,0.21
1.06,2.25,0.63,1.46,1.37,2.67,0.98,1.24,1.02,1.01,2.65,0.55,Jakob Marsee,805300,SI,60,11,2.62,0.21
1.21,1.18,1.03,1.21,0.68,1.96,0.95,1.02,1.05,1.02,0.9,1.29,Jakob Marsee,805300,SL,45,8,1.25,0.21
1.32,1.85,1.13,0.95,0.84,2.05,0.99,1.32,1.09,1.05,0.76,1.2,Jakob Marsee,805300,ST,21,2,2.19,0.21
1.17,2.15,0.92,1.29,0.74,1.9,1.0,1.39,1.05,1.04,0.76,0.94,Brandon Marsh,669016,CH,145,28,2.13,-0.61
0.98,1.02,1.16,0.88,0.94,3.04,1.03,1.01,1.08,1.01,0.93,1.12,Brandon Marsh,669016,CU,195,16,1.75,-0.61
1.07,0.64,0.88,0.92,0.97,1.07,0.93,0.98,1.01,1.01,0.88,1.02,Brandon Marsh,669016,FF,717,89,0.82,-0.61
1.52,2.67,0.72,1.6,0.91,1.52,0.78,1.19,1.32,1.07,1.48,0.71,Brandon Marsh,669016,FO,4,1,2.05,-0.61
1.02,1.41,0.71,1.11,0.87,2.5,0.96,1.06,1.09,1.01,2.27,0.64,Brandon Marsh,669016,FS,80,11,2.03,-0.61
1.09,1.41,0.79,1.0,0.8,2.06,0.99,1.1,1.13,1.02,1.87,0.57,Brandon Marsh,669016,KC,33,2,1.92,-0.61
1.37,1.57,1.05,0.96,1.14,2.8,0.97,1.02,1.23,1.03,1.35,0.86,Brandon Marsh,669016,KN,8,1,2.05,-0.61
1.26,1.14,0.93,1.15,0.81,0.89,0.98,1.13,1.02,1.04,0.55,1.27,Brandon Marsh,669016,SI,252,50,0.94,-0.61
1.04,0.81,0.89,1.55,0.89,3.02,0.98,1.01,1.01,0.99,1.02,0.79,Brandon Marsh,669016,SL,285,30,1.19,-0.61
1.25,1.11,1.06,1.26,0.91,2.74,1.0,1.12,1.09,1.03,0.89,1.05,Brandon Marsh,669016,ST,114,11,1.58,-0.61
1.29,1.03,1.02,1.05,0.92,1.02,0.98,1.07,1.1,1.02,1.13,1.31,Ketel Marte,606466,CH,385,84,1.11,0.0
1.34,1.74,0.61,1.05,0.82,2.23,0.97,1.28,1.1,1.04,1.69,0.64,Ketel Marte,606466,CU,123,14,2.23,0.0
1.12,1.75,1.03,0.86,0.73,0.82,0.97,1.24,1.07,1.03,1.02,1.3,Ketel Marte,606466,FF,691,132,1.76,0.0
1.33,2.1,0.86,0.97,0.78,2.15,0.96,1.02,1.11,1.02,2.14,0.73,Ketel Marte,606466,FS,111,20,2.3,0.0
1.1,1.49,0.86,0.92,0.73,2.02,1.04,1.04,1.14,1.01,1.66,0.74,Ketel Marte,606466,KC,40,8,1.84,0.0
1.44,2.31,1.07,1.14,1.13,2.78,0.94,1.06,1.24,1.03,1.28,0.83,Ketel Marte,606466,KN,9,1,2.36,0.0
1.23,1.81,1.08,0.92,1.03,0.9,0.97,1.08,1.04,1.06,-0.14,1.47,Ketel Marte,606466,SI,267,60,1.2,0.0
1.59,1.69,0.97,0.83,0.8,1.01,0.91,1.19,1.08,1.03,0.86,1.52,Ketel Marte,606466,SL,234,31,1.65,0.0
1.63,1.73,1.17,0.97,0.98,3.11,0.96,1.19,1.1,1.04,0.72,1.34,Ketel Marte,606466,ST,84,12,2.25,0.0
1.18,1.02,0.98,1.12,0.97,1.91,1.02,1.04,1.21,1.01,1.04,1.1,Ketel Marte,606466,SV,7,1,1.26,0.0
1.49,1.06,0.81,1.24,0.94,2.34,1.01,1.2,1.07,1.05,1.47,0.84,Noelvi Marte,682622,CH,71,9,1.64,-0.11
1.19,1.17,0.83,0.84,0.99,2.85,1.1,1.16,1.08,1.04,1.16,1.0,Noelvi Marte,682622,CU,42,3,1.93,-0.11
0.74,1.43,1.15,0.58,1.22,0.9,1.21,1.04,0.98,0.95,1.14,0.74,Noelvi Marte,682622,FF,198,32,1.57,-0.11
0.96,1.35,0.96,0.87,0.74,1.87,1.02,1.0,1.12,1.01,1.5,0.82,Noelvi Marte,682622,KC,22,4,1.69,-0.11
0.77,1.17,1.27,1.36,1.14,0.94,1.01,1.14,1.08,0.96,0.11,1.67,Noelvi Marte,682622,SI,158,30,0.81,-0.11
1.04,0.88,1.07,0.98,0.78,0.93,1.16,0.94,1.06,1.03,1.1,1.22,Noelvi Marte,682622,SL,238,46,0.82,-0.11
0.98,0.95,1.3,0.88,1.11,2.74,1.14,0.89,1.08,1.01,0.77,2.13,Noelvi Marte,682622,ST,57,11,1.31,-0.11
1.19,1.01,0.97,1.14,0.92,1.9,1.02,1.07,1.21,1.02,1.02,1.1,Noelvi Marte,682622,SV,4,2,1.27,-0.11
1.16,1.17,0.81,0.93,0.84,2.08,0.94,0.97,1.09,1.01,2.01,0.66,Noelvi Marte,682622,FS,23,4,1.72,-0.11
1.25,1.12,0.99,1.14,1.07,2.38,1.0,1.1,1.05,1.02,0.96,1.12,Starling Marte,516782,CH,110,23,1.51,-0.33
1.3,1.35,0.89,1.11,0.76,2.02,1.2,1.26,1.07,1.06,1.22,0.84,Starling Marte,516782,CU,90,26,1.74,-0.33
1.01,0.85,1.17,1.19,0.72,0.82,0.99,0.95,1.03,0.96,0.79,1.35,Starling Marte,516782,FF,393,51,0.65,-0.33
1.07,1.16,0.78,1.0,0.83,1.97,0.91,1.03,1.11,1.0,1.74,0.72,Starling Marte,516782,FS,38,8,1.64,-0.33
1.01,1.0,0.9,0.99,0.89,2.31,1.1,0.99,1.13,1.0,1.41,0.73,Starling Marte,516782,KC,26,4,1.48,-0.33
1.25,1.62,1.07,1.14,1.16,2.78,0.93,1.05,1.23,1.03,1.25,0.83,Starling Marte,516782,KN,6,1,2.0,-0.33
0.98,0.4,1.39,0.63,1.47,1.2,1.14,0.79,1.03,0.96,-0.45,1.67,Starling Marte,516782,SI,289,51,0.29,-0.33
0.56,0.55,1.44,0.66,1.09,1.28,1.04,0.88,1.01,0.92,0.21,1.5,Starling Marte,516782,SL,245,49,0.79,-0.33
1.26,1.15,1.16,1.14,0.88,2.43,1.12,1.11,1.07,1.03,0.67,1.6,Starling Marte,516782,ST,88,21,1.42,-0.33
1.15,1.05,1.0,1.01,0.97,2.05,1.01,1.03,1.21,1.02,1.05,1.09,Starling Marte,516782,SV,4,1,1.39,-0.33
1.04,1.06,0.72,1.39,1.01,2.17,0.95,1.07,1.04,1.01,1.72,0.78,Austin Martin,668885,CH,55,8,1.41,-0.64
0.97,0.93,0.96,0.96,0.82,1.86,1.07,0.94,1.07,1.0,1.16,0.93,Austin Martin,668885,CU,56,7,1.2,-0.64
0.83,0.37,1.37,1.09,0.53,1.47,0.92,0.88,0.99,0.96,0.66,2.02,Austin Martin,668885,FF,300,68,0.57,-0.64
1.05,1.23,0.79,1.07,0.73,1.81,0.89,1.03,1.09,1.01,2.14,0.63,Austin Martin,668885,FS,23,7,1.72,-0.64
0.87,1.0,0.82,1.13,0.68,1.62,1.0,1.02,1.11,0.98,1.7,0.68,Austin Martin,668885,KC,19,4,1.33,-0.64
1.25,1.62,1.18,0.99,1.16,2.78,0.96,1.03,1.23,1.03,1.23,0.89,Austin Martin,668885,KN,1,1,2.08,-0.64
0.88,0.7,0.95,1.19,1.51,2.65,0.95,0.93,1.0,0.98,1.68,0.9,Austin Martin,668885,SI,161,40,1.37,-0.64
0.78,0.66,1.2,1.17,0.78,1.66,0.96,0.9,0.99,0.95,0.56,1.67,Austin Martin,668885,SL,181,32,0.69,-0.64
1.12,0.88,1.2,0.89,0.79,2.01,0.99,0.94,1.07,1.03,0.82,1.38,Austin Martin,668885,ST,65,11,1.23,-0.64
0.63,0.29,0.97,0.96,0.71,1.46,1.18,0.84,1.02,0.97,1.62,0.94,Angel Martinez,682657,CH,96,22,0.71,0.0
1.01,0.74,1.03,1.02,1.07,3.19,1.14,0.91,1.06,1.0,0.95,1.01,Angel Martinez,682657,CU,17,6,1.35,0.0
0.8,0.3,1.03,1.09,0.94,1.34,1.07,0.83,1.0,0.97,1.01,1.05,Angel Martinez,682657,FF,240,43,0.45,0.0
0.73,0.71,0.82,1.09,0.65,2.26,1.04,0.88,1.06,1.0,2.53,0.52,Angel Martinez,682657,FS,25,7,1.46,0.0
1.06,1.01,0.97,0.88,0.76,2.32,1.06,0.9,1.11,1.0,1.51,0.8,Angel Martinez,682657,KC,10,3,1.5,0.0
1.35,1.62,1.07,0.99,1.18,2.89,0.95,1.05,1.23,1.03,1.24,0.89,Angel Martinez,682657,KN,7,1,2.1,0.0
0.87,0.1,1.04,1.14,1.12,1.02,0.97,0.85,1.0,1.0,1.51,0.96,Angel Martinez,682657,SI,89,17,0.45,0.0
1.47,1.42,0.89,0.96,0.72,4.67,1.2,1.09,1.02,1.02,1.32,0.71,Angel Martinez,682657,SL,98,10,2.49,0.0
1.4,0.65,1.16,1.04,0.87,2.73,1.08,0.92,1.06,1.03,0.94,1.1,Angel Martinez,682657,ST,29,3,1.21,0.0
1.15,1.05,0.91,1.17,1.0,2.3,1.04,1.03,1.21,1.02,1.11,1.02,Angel Martinez,682657,SV,10,1,1.35,0.0
1.04,0.86,0.89,0.9,0.83,1.9,0.98,0.92,1.04,1.0,1.28,0.71,Nick Martini,605361,CH,38,12,1.25,0.32
1.04,0.96,0.96,1.0,0.82,2.59,1.11,0.95,1.06,0.99,1.09,0.99,Nick Martini,605361,CU,26,4,1.38,0.32
0.78,0.7,1.07,0.69,0.76,0.71,0.83,0.75,0.98,0.98,1.35,1.29,Nick Martini,605361,FF,268,42,0.8,0.32
0.95,1.06,0.92,1.16,0.8,2.09,0.94,0.98,1.08,1.02,1.64,0.85,Nick Martini,605361,FS,34,5,1.45,0.32
1.02,1.11,0.91,0.94,0.74,2.02,1.04,0.96,1.12,0.99,1.7,0.78,Nick Martini,605361,KC,6,1,1.55,0.32
1.3,1.56,1.04,0.95,1.2,2.8,0.97,1.06,1.23,1.03,1.22,0.96,Nick Martini,605361,KN,9,2,2.06,0.32
0.94,0.56,1.02,0.96,1.34,2.24,1.05,0.84,1.01,0.98,2.44,1.04,Nick Martini,605361,SI,85,23,1.39,0.32
1.01,0.89,0.96,0.84,0.81,2.42,0.95,0.95,1.04,0.99,0.96,0.89,Nick Martini,605361,SL,61,8,1.43,0.32
1.23,0.99,1.15,0.95,0.77,2.39,1.03,1.04,1.08,1.03,0.71,1.78,Nick Martini,605361,ST,27,2,1.39,0.32
0.87,0.6,0.85,1.16,0.54,1.18,1.23,0.81,1.02,0.99,1.67,0.62,Michael Massey,686681,CH,165,47,0.59,-1.12
1.1,0.61,0.97,0.72,0.6,2.35,1.11,0.87,1.05,1.01,1.41,0.86,Michael Massey,686681,CU,83,11,1.3,-1.12
0.78,0.55,0.7,0.83,0.84,1.2,1.07,0.73,1.0,0.97,1.38,0.52,Michael Massey,686681,FF,487,92,0.62,-1.12
0.96,0.85,0.83,0.96,0.84,2.53,1.0,0.9,1.1,1.01,2.21,0.86,Michael Massey,686681,FS,72,8,1.61,-1.12
0.98,1.1,0.88,0.93,0.74,1.97,1.03,0.97,1.13,1.0,1.72,0.75,Michael Massey,686681,KC,20,2,1.55,-1.12
0.88,0.9,0.96,0.73,1.26,3.0,1.11,0.91,1.02,1.0,1.79,0.76,Michael Massey,686681,SI,161,48,1.83,-1.12
0.99,0.87,0.55,1.16,0.77,2.16,1.1,1.01,1.01,1.0,1.54,0.72,Michael Massey,686681,SL,158,34,1.2,-1.12
1.22,0.8,1.05,0.87,0.72,2.12,1.08,0.89,1.05,0.99,0.99,1.31,Michael Massey,686681,ST,61,14,1.13,-1.12
1.28,1.46,0.88,1.14,0.91,1.98,1.0,1.14,1.21,1.03,1.14,0.88,Michael Massey,686681,SV,8,2,1.65,-1.12
0.7,0.74,0.91,0.91,0.88,1.91,0.82,0.88,1.0,0.96,1.54,0.76,Miles Mastrobuoni,670156,CH,20,2,1.3,0.1
0.95,0.84,1.01,0.9,0.77,1.94,1.05,0.93,1.06,0.99,0.79,1.03,Miles Mastrobuoni,670156,CU,25,2,1.11,0.1
0.99,0.34,1.08,1.16,0.47,1.04,0.93,0.92,0.98,1.01,0.72,1.29,Miles Mastrobuoni,670156,FF,163,38,0.41,0.1
0.95,1.1,1.03,0.88,0.72,1.75,0.9,0.97,1.08,1.01,1.27,0.92,Miles Mastrobuoni,670156,FS,11,3,1.47,0.1
0.68,0.46,1.11,1.13,1.1,2.07,0.89,0.86,1.01,0.96,0.6,1.01,Miles Mastrobuoni,670156,SI,49,17,0.77,0.1
0.98,1.08,1.05,0.96,0.98,2.34,0.87,0.98,1.03,0.99,0.86,0.98,Miles Mastrobuoni,670156,SL,46,9,1.5,0.1
1.13,0.97,1.19,1.07,0.78,2.22,0.98,1.08,1.07,1.04,0.68,1.64,Miles Mastrobuoni,670156,ST,18,5,1.35,0.1
1.1,1.25,0.86,1.1,0.99,2.61,0.99,1.06,1.05,1.02,1.3,0.87,Jorge Mateo,622761,CH,82,15,1.71,-1.27
1.07,1.02,0.9,0.92,0.99,2.3,1.17,1.03,1.08,1.0,1.21,1.02,Jorge Mateo,622761,CU,56,7,1.47,-1.27
0.87,0.53,1.14,0.91,1.12,3.4,1.03,0.8,1.02,0.99,0.91,1.19,Jorge Mateo,622761,FF,255,34,1.29,-1.27
1.04,1.29,0.75,1.02,0.82,1.98,0.92,1.01,1.1,1.02,2.3,0.52,Jorge Mateo,622761,FS,8,3,1.85,-1.27
1.02,1.11,0.82,0.94,0.75,1.88,1.04,0.97,1.14,1.0,1.85,0.66,Jorge Mateo,622761,KC,6,1,1.54,-1.27
1.35,1.62,1.07,0.99,1.16,2.78,0.96,1.07,1.24,1.03,1.25,0.89,Jorge Mateo,622761,KN,1,1,2.1,-1.27
0.89,0.71,1.03,0.94,1.37,4.14,1.05,0.93,1.02,0.97,1.31,1.02,Jorge Mateo,622761,SI,118,27,1.86,-1.27
0.9,0.64,1.04,0.96,0.79,2.46,1.0,0.91,1.03,0.99,1.19,0.98,Jorge Mateo,622761,SL,118,27,1.26,-1.27
1.19,1.14,1.17,0.99,0.88,2.37,1.06,1.01,1.08,1.03,0.85,1.47,Jorge Mateo,622761,ST,89,14,1.46,-1.27
1.15,1.05,1.0,1.01,0.93,1.97,1.01,1.01,1.2,1.01,1.03,1.09,Jorge Mateo,622761,SV,2,1,1.33,-1.27
1.26,1.53,0.85,1.05,1.05,2.27,0.92,1.14,1.07,1.04,1.64,0.76,Nick Maton,665155,CH,3,1,2.02,0.0
0.94,0.42,0.85,0.87,1.16,3.67,1.01,0.7,0.99,0.98,1.2,0.58,Nick Maton,665155,FF,9,1,1.26,0.0
1.08,0.95,1.01,1.19,0.85,2.18,0.94,1.02,1.04,1.01,0.88,1.14,Nick Maton,665155,SL,4,1,1.23,0.0
1.09,1.01,0.92,0.95,0.92,2.29,1.13,0.95,1.08,1.01,1.33,0.99,Nick Maton,665155,CU,14,1,1.39,0.0
1.04,1.31,0.81,1.04,0.89,2.28,0.93,1.02,1.1,1.01,2.0,0.65,Nick Maton,665155,FS,12,1,1.86,0.0
0.86,1.43,0.8,0.8,1.88,3.44,1.1,0.9,1.03,0.98,3.51,0.37,Nick Maton,665155,SI,23,7,2.69,0.0
0.97,2.03,1.33,0.75,1.0,2.07,1.07,0.94,1.02,0.99,0.55,1.18,Luis Matos,682641,CH,45,12,1.89,-1.66
1.09,1.07,0.96,0.9,0.79,2.44,1.13,0.97,1.08,1.01,1.24,0.92,Luis Matos,682641,CU,24,4,1.52,-1.66
0.73,0.33,0.83,0.74,0.65,1.56,1.18,0.68,1.0,0.97,1.46,0.6,Luis Matos,682641,FF,160,39,0.62,-1.66
1.11,1.27,0.83,1.01,0.76,2.03,0.92,1.02,1.1,1.02,1.9,0.65,Luis Matos,682641,FS,13,4,1.76,-1.66
1.04,1.11,0.82,0.94,0.76,2.04,1.06,0.98,1.14,1.01,1.86,0.63,Luis Matos,682641,KC,8,1,1.6,-1.66
1.24,1.11,0.91,0.98,0.98,2.71,1.0,0.99,1.03,1.01,0.89,0.54,Luis Matos,682641,SI,123,28,1.57,-1.66
1.13,1.11,0.98,1.1,0.63,2.74,1.07,0.99,1.03,1.01,0.72,0.89,Luis Matos,682641,SL,81,18,1.41,-1.66
1.29,0.78,1.14,1.01,0.9,2.39,1.01,0.92,1.08,1.02,0.89,1.99,Luis Matos,682641,ST,52,12,1.11,-1.66
1.15,1.05,0.91,1.17,0.93,1.97,1.02,1.06,1.21,1.02,1.1,1.02,Luis Matos,682641,SV,1,1,1.29,-1.66
1.12,1.18,0.87,0.98,0.9,2.19,0.92,1.04,1.03,1.01,1.28,0.71,Brice Matthews,694728,CH,15,2,1.64,0.36
0.99,1.33,1.21,0.96,1.71,4.39,1.06,1.0,1.01,0.99,0.86,1.16,Brice Matthews,694728,FF,58,4,2.25,0.36
0.88,1.06,0.8,0.91,1.92,3.21,1.03,0.96,1.02,0.99,2.45,0.59,Brice Matthews,694728,SI,29,4,2.13,0.36
1.01,1.01,0.98,0.99,0.77,2.22,0.92,0.99,1.03,1.01,0.95,0.95,Brice Matthews,694728,SL,14,1,1.4,0.36
1.28,1.74,1.12,1.0,0.96,2.74,1.09,1.22,1.07,1.03,0.66,1.13,Brice Matthews,694728,ST,21,5,2.11,0.36
1.33,0.51,0.9,0.58,0.74,2.68,1.05,1.02,1.06,1.04,0.75,1.53,Ronny Mauricio,677595,CH,76,18,1.38,0.0
0.74,0.67,1.15,0.77,1.1,3.23,1.16,0.82,1.05,0.98,0.69,1.59,Ronny Mauricio,677595,CU,89,11,1.27,0.0
0.84,0.96,0.8,0.85,1.77,1.42,1.11,1.09,1.0,0.97,1.44,0.64,Ronny Mauricio,677595,FF,213,30,1.4,0.0
0.9,1.13,0.86,0.89,0.82,2.42,0.95,0.93,1.08,1.01,1.65,0.66,Ronny Mauricio,677595,FS,19,5,1.7,0.0
1.04,1.58,0.82,0.94,0.78,1.81,1.03,1.13,1.14,1.01,1.88,0.63,Ronny Mauricio,677595,KC,8,1,2.0,0.0
1.09,1.96,0.75,1.0,1.66,3.85,0.99,1.04,1.04,1.02,2.82,0.51,Ronny Mauricio,677595,SI,45,6,2.95,0.0
1.3,1.26,0.7,1.33,0.97,3.46,1.03,1.16,1.06,1.08,1.05,1.48,Ronny Mauricio,677595,SL,105,18,1.75,0.0
1.23,0.99,1.13,1.11,0.86,2.33,1.04,1.04,1.09,1.04,0.75,1.35,Ronny Mauricio,677595,ST,17,2,1.31,0.0
1.15,1.05,1.0,1.01,0.92,1.97,1.02,1.03,1.21,1.02,1.04,1.09,Ronny Mauricio,677595,SV,3,1,1.36,0.0
1.1,1.39,0.91,0.89,0.83,1.97,0.94,0.88,1.04,1.02,1.52,0.67,Marcelo Mayer,691785,CH,48,9,1.6,-0.43
1.06,0.91,0.92,1.3,1.04,2.42,1.14,1.01,1.08,1.01,1.31,0.85,Marcelo Mayer,691785,CU,35,4,1.24,-0.43
1.13,1.06,1.68,0.71,0.53,0.81,1.1,0.88,1.01,1.0,0.38,1.57,Marcelo Mayer,691785,FF,162,36,0.95,-0.43
1.09,1.71,0.74,1.25,1.0,2.56,0.96,1.19,1.1,1.02,2.24,0.57,Marcelo Mayer,691785,FS,39,4,2.29,-0.43
1.13,0.69,1.08,0.76,1.74,2.73,1.03,0.85,1.01,0.99,0.83,0.84,Marcelo Mayer,691785,SI,71,13,1.31,-0.43
1.18,1.01,1.15,1.2,0.92,2.52,1.02,1.2,1.05,1.02,0.75,1.12,Marcelo Mayer,691785,SL,83,13,1.58,-0.43
1.22,2.15,0.84,1.08,1.11,2.58,0.99,1.17,1.06,1.03,1.63,0.82,Coby Mayo,691723,CH,31,2,2.42,-2.56
0.69,0.53,1.19,1.12,0.85,1.26,1.09,0.73,1.02,0.96,1.16,1.01,Coby Mayo,691723,FF,52,3,0.49,-2.56
1.16,1.63,0.78,1.0,1.67,2.19,0.94,1.16,1.03,1.04,1.63,0.54,Coby Mayo,691723,SI,26,7,2.1,-2.56
0.76,0.43,0.84,0.7,1.13,2.96,0.86,0.75,1.05,0.99,1.61,0.86,Coby Mayo,691723,SL,40,4,1.38,-2.56
1.13,0.9,1.24,0.99,1.07,3.05,0.95,0.95,1.06,1.01,0.75,1.42,Coby Mayo,691723,ST,16,2,1.51,-2.56
0.99,0.84,1.13,0.93,0.93,2.37,1.07,0.93,1.04,0.98,1.06,0.94,Coby Mayo,691723,CU,55,6,1.34,-2.56
1.04,1.31,0.81,1.2,0.77,2.28,0.93,1.04,1.1,1.01,2.19,0.61,Coby Mayo,691723,FS,8,1,1.85,-2.56
1.04,1.58,0.82,1.09,0.73,1.81,1.02,1.04,1.14,1.01,1.81,0.72,Coby Mayo,691723,KC,6,1,1.75,-2.56
1.14,1.5,0.8,0.96,0.91,2.32,0.97,1.07,1.05,1.01,1.57,0.66,James McCann,543510,CH,68,13,1.94,-1.41
1.03,0.92,1.09,0.95,0.78,2.16,1.14,0.92,1.08,1.02,0.93,1.08,James McCann,543510,CU,37,8,1.19,-1.41
1.05,0.66,1.13,1.35,1.05,2.08,0.9,1.07,1.03,1.01,0.66,1.55,James McCann,543510,FF,321,48,0.97,-1.41
1.13,1.3,0.75,1.07,0.76,1.92,0.92,1.03,1.11,1.02,2.24,0.56,James McCann,543510,FS,12,2,1.8,-1.41
0.97,1.07,0.93,0.97,0.73,1.87,1.04,0.96,1.12,1.0,1.69,0.81,James McCann,543510,KC,8,2,1.46,-1.41
0.99,1.48,1.03,0.8,1.6,2.69,0.99,1.06,1.03,0.99,1.24,0.88,James McCann,543510,SI,138,32,2.09,-1.41
1.09,1.09,1.05,1.19,0.98,2.41,1.06,1.01,1.03,1.01,0.78,1.19,James McCann,543510,SL,134,31,1.29,-1.41
1.22,1.0,1.06,1.06,1.03,2.78,1.12,1.01,1.07,1.02,1.0,1.04,James McCann,543510,ST,87,14,1.49,-1.41
1.15,1.05,1.0,1.01,0.97,2.05,1.01,1.02,1.2,1.02,1.04,1.09,James McCann,543510,SV,4,1,1.37,-1.41
0.97,0.64,1.16,1.07,0.97,1.81,0.98,0.99,1.02,0.97,0.77,1.51,Jake McCarthy,664983,CH,216,49,0.96,-1.06
0.8,0.58,1.07,0.9,0.83,2.57,1.09,0.88,1.05,0.98,0.9,1.07,Jake McCarthy,664983,CU,104,18,1.14,-1.06
0.71,0.7,1.37,0.82,0.43,1.13,1.02,0.91,1.02,0.95,0.77,1.12,Jake McCarthy,664983,FF,565,111,0.94,-1.06
0.94,1.06,0.84,1.11,0.8,2.34,0.91,1.07,1.1,0.98,1.44,0.82,Jake McCarthy,664983,FS,81,13,1.62,-1.06
0.95,1.06,0.87,0.94,0.75,1.92,1.0,0.96,1.13,1.0,1.65,0.72,Jake McCarthy,664983,KC,28,3,1.49,-1.06
1.17,1.52,1.21,0.92,1.21,2.82,0.95,0.99,1.22,1.02,1.12,1.04,Jake McCarthy,664983,KN,11,3,2.0,-1.06
0.62,0.59,1.08,0.74,1.04,1.99,1.14,0.82,1.0,0.95,0.93,1.24,Jake McCarthy,664983,SI,234,63,0.97,-1.06
0.89,0.62,1.27,0.95,0.89,2.15,0.96,0.93,1.01,0.94,0.54,1.13,Jake McCarthy,664983,SL,242,50,1.07,-1.06
1.01,0.74,1.47,0.68,0.79,1.93,0.96,0.85,1.06,0.98,0.49,1.56,Jake McCarthy,664983,ST,115,19,1.14,-1.06
1.11,1.01,1.06,0.97,1.01,2.07,1.02,0.99,1.21,1.02,0.92,1.18,Jake McCarthy,664983,SV,12,2,1.32,-1.06
1.32,1.6,0.77,1.02,1.09,2.53,0.97,1.07,1.06,1.03,1.74,0.77,Chas McCormick,676801,CH,96,15,2.04,-1.51
1.07,1.17,0.83,1.12,1.03,2.31,1.13,1.08,1.08,1.02,1.34,0.79,Chas McCormick,676801,CU,63,9,1.54,-1.51
0.77,0.7,0.95,0.88,1.53,4.08,1.12,0.99,0.99,0.95,1.11,1.63,Chas McCormick,676801,FF,341,57,1.78,-1.51
1.05,1.27,0.79,1.1,0.79,2.04,0.92,1.05,1.08,1.0,1.96,0.63,Chas McCormick,676801,FS,24,4,1.76,-1.51
0.99,1.2,0.85,0.94,0.73,1.95,1.07,1.0,1.12,0.99,1.71,0.78,Chas McCormick,676801,KC,24,5,1.6,-1.51
0.7,0.84,1.12,0.63,1.52,2.79,1.13,0.91,1.01,0.93,0.95,1.17,Chas McCormick,676801,SI,156,37,1.57,-1.51
0.85,0.79,0.84,1.1,0.91,2.72,1.0,0.98,1.02,0.97,1.3,0.79,Chas McCormick,676801,SL,151,21,1.4,-1.51
1.12,0.82,1.07,1.09,0.78,2.47,1.05,0.97,1.07,1.01,0.86,1.35,Chas McCormick,676801,ST,60,10,1.19,-1.51
1.07,1.14,0.85,1.09,0.89,2.34,0.98,1.01,1.04,1.01,1.39,0.74,Grant McCray,687529,CH,52,8,1.55,0.93
0.98,0.91,1.1,0.85,1.02,2.42,1.15,0.9,1.05,0.97,0.76,1.08,Grant McCray,687529,CU,37,4,1.26,0.93
1.01,0.91,1.49,0.9,1.38,3.41,0.98,0.94,1.02,0.98,0.7,1.7,Grant McCray,687529,FF,205,24,1.71,0.93
0.97,1.22,0.91,0.96,0.79,2.07,0.9,0.98,1.08,0.99,1.24,0.76,Grant McCray,687529,FS,25,3,1.56,0.93
0.97,1.11,0.79,1.05,1.94,3.47,1.04,1.01,1.02,0.98,2.31,0.65,Grant McCray,687529,SI,54,7,2.15,0.93
1.1,1.99,0.9,0.72,1.11,3.11,1.03,1.11,1.04,1.02,1.06,0.65,Grant McCray,687529,SL,70,9,2.51,0.93
1.27,1.31,1.17,1.15,0.86,2.14,1.05,1.14,1.1,1.03,0.75,1.53,Grant McCray,687529,ST,26,4,1.52,0.93
1.15,1.05,1.0,1.01,0.97,2.05,1.01,1.03,1.21,1.02,1.03,1.09,Grant McCray,687529,SV,4,1,1.39,0.93
1.04,1.69,1.05,0.89,0.74,1.42,0.92,1.04,1.01,0.98,0.59,1.0,Andrew McCutchen,457705,CH,163,31,1.55,-0.84
1.02,0.89,0.97,1.06,1.09,2.32,1.1,0.99,1.07,0.99,1.48,0.85,Andrew McCutchen,457705,CU,112,19,1.42,-0.84
1.2,1.08,0.9,0.9,0.98,0.84,1.1,0.99,1.02,1.01,1.13,0.91,Andrew McCutchen,457705,FF,601,86,1.02,-0.84
1.27,2.07,0.73,1.12,0.89,2.12,0.91,1.15,1.09,1.02,1.97,0.84,Andrew McCutchen,457705,FS,42,2,2.27,-0.84
0.95,1.03,0.78,1.09,0.71,1.87,1.02,0.98,1.14,1.01,2.03,0.74,Andrew McCutchen,457705,KC,37,4,1.46,-0.84
1.2,1.49,0.87,1.09,1.54,0.7,1.0,1.16,1.01,1.02,1.27,1.67,Andrew McCutchen,457705,SI,471,94,1.29,-0.84
0.9,1.32,1.07,1.17,1.16,0.68,0.77,1.2,1.01,1.01,0.81,1.03,Andrew McCutchen,457705,SL,398,40,1.31,-0.84
0.88,0.84,1.5,0.78,1.14,2.87,0.92,0.8,1.05,1.0,0.63,1.28,Andrew McCutchen,457705,ST,171,20,1.45,-0.84
1.06,0.76,0.97,0.81,0.94,2.2,0.98,0.79,1.04,0.99,1.6,0.92,Reese McGuire,624512,CH,48,8,1.27,0.99
1.02,1.16,0.92,0.84,0.86,2.06,1.05,0.95,1.07,1.0,1.28,0.83,Reese McGuire,624512,CU,62,10,1.51,0.99
0.95,0.42,1.5,0.8,1.01,3.75,1.06,0.8,0.99,0.94,0.76,1.7,Reese McGuire,624512,FF,176,27,1.43,0.99
0.97,1.45,0.73,1.13,0.78,1.77,0.93,1.06,1.1,1.02,2.09,0.68,Reese McGuire,624512,FS,37,8,1.77,0.99
0.96,1.08,0.8,0.94,0.76,1.99,1.05,0.94,1.13,1.0,2.04,0.65,Reese McGuire,624512,KC,17,1,1.57,0.99
0.9,1.87,0.88,1.08,1.49,3.49,1.05,1.13,1.01,0.99,2.33,0.6,Reese McGuire,624512,SI,66,13,2.74,0.99
1.22,1.39,0.97,1.15,0.86,2.46,1.0,1.06,1.03,0.99,0.89,1.14,Reese McGuire,624512,SL,115,20,1.58,0.99
1.24,1.25,1.25,1.1,0.83,2.21,1.0,1.05,1.09,1.01,0.66,1.69,Reese McGuire,624512,ST,38,7,1.42,0.99
0.73,0.91,0.7,1.5,0.79,1.27,1.05,1.06,1.0,0.98,1.5,0.55,Zach McKinstry,656716,CH,124,29,0.89,-0.57
1.09,1.05,0.83,1.5,0.76,3.1,0.98,1.11,1.06,1.02,1.16,0.95,Zach McKinstry,656716,CU,85,15,1.51,-0.57
0.75,0.67,0.98,1.25,0.73,0.82,1.0,0.89,1.0,0.97,0.95,1.07,Zach McKinstry,656716,FF,453,98,0.45,-0.57
0.96,0.79,0.88,0.73,1.02,2.47,0.93,0.85,1.08,1.01,2.04,0.75,Zach McKinstry,656716,FS,44,5,1.65,-0.57
0.95,1.09,0.87,1.04,0.75,1.99,0.99,0.99,1.13,1.0,1.76,0.76,Zach McKinstry,656716,KC,30,3,1.54,-0.57
0.68,0.68,1.11,1.01,1.25,0.98,1.0,0.89,1.02,0.96,0.11,2.29,Zach McKinstry,656716,SI,135,23,0.34,-0.57
0.81,0.47,1.05,1.14,0.94,1.26,1.02,0.82,0.99,0.95,1.41,0.59,Zach McKinstry,656716,SL,178,26,0.66,-0.57
1.18,1.32,0.85,1.24,0.93,2.28,0.99,1.21,1.06,1.02,0.93,0.78,Zach McKinstry,656716,ST,74,6,1.65,-0.57
1.25,0.93,0.92,1.14,1.15,2.55,1.05,0.96,1.03,1.0,1.67,0.6,Matt McLain,680574,CH,114,20,1.49,-0.39
0.87,0.35,1.05,0.62,1.06,1.82,0.91,0.79,1.05,1.0,0.74,0.74,Matt McLain,680574,CU,119,20,0.9,-0.39
1.04,1.39,0.76,1.17,1.13,1.22,0.85,1.09,1.02,1.0,1.36,0.59,Matt McLain,680574,FF,588,69,1.42,-0.39
0.91,0.95,0.97,0.91,0.69,2.08,0.91,0.89,1.08,0.98,1.66,0.83,Matt McLain,680574,FS,55,9,1.47,-0.39
0.81,0.76,0.89,0.94,0.71,1.55,1.07,0.87,1.12,0.96,0.78,0.69,Matt McLain,680574,KC,34,10,0.82,-0.39
0.92,0.88,0.94,0.78,0.95,1.25,0.86,0.94,1.0,1.0,1.06,1.03,Matt McLain,680574,SI,336,67,1.14,-0.39
0.75,0.78,0.58,1.21,1.13,0.97,0.94,0.94,1.0,0.98,1.52,0.65,Matt McLain,680574,SL,425,65,0.75,-0.39
0.67,0.78,1.21,0.8,0.91,2.27,0.89,0.79,1.03,1.0,1.07,1.14,Matt McLain,680574,ST,142,20,1.27,-0.39
1.23,1.05,0.91,1.01,1.0,2.14,1.02,1.06,1.21,1.03,1.14,0.89,Matt McLain,680574,SV,5,1,1.47,-0.39
1.12,1.9,0.94,1.14,1.17,0.95,1.01,1.28,1.08,1.03,1.33,0.79,Ryan McMahon,641857,CH,238,57,1.85,-0.81
1.2,1.83,0.72,1.05,1.53,4.18,1.14,1.19,1.08,1.06,1.58,0.65,Ryan McMahon,641857,CU,171,23,2.69,-0.81
1.17,1.33,0.98,0.87,1.18,0.69,0.92,1.23,1.02,1.03,0.93,1.14,Ryan McMahon,641857,FF,1109,110,1.47,-0.81
1.19,1.41,0.86,1.11,0.88,2.15,0.98,0.89,1.11,1.02,1.74,0.88,Ryan McMahon,641857,FS,74,15,1.54,-0.81
0.95,1.23,0.97,0.94,0.8,1.86,1.09,1.01,1.14,1.01,1.05,1.07,Ryan McMahon,641857,KC,38,10,1.41,-0.81
1.3,1.56,1.04,0.95,1.18,2.68,0.93,1.02,1.23,1.03,1.31,0.78,Ryan McMahon,641857,KN,11,2,2.03,-0.81
1.2,0.92,0.91,0.88,1.34,0.83,0.91,1.08,1.06,1.04,0.75,1.03,Ryan McMahon,641857,SI,362,62,1.03,-0.81
1.33,1.74,0.76,1.01,1.5,1.0,1.01,1.31,1.06,1.02,0.92,0.76,Ryan McMahon,641857,SL,309,48,1.71,-0.81
1.48,1.39,0.85,0.89,1.03,2.31,0.93,1.11,1.07,1.06,0.92,1.03,Ryan McMahon,641857,ST,123,17,1.77,-0.81
1.03,0.87,1.29,0.84,1.19,2.38,1.04,0.93,1.2,1.0,0.63,1.59,Ryan McMahon,641857,SV,33,6,1.29,-0.81
1.47,2.57,0.82,1.37,1.0,1.79,0.8,1.16,1.31,1.06,1.36,0.81,Ryan McMahon,641857,FO,13,2,2.17,-0.81
0.96,0.47,1.0,0.93,0.78,1.28,1.15,0.83,1.02,1.0,1.43,0.63,Jeff McNeil,643446,CH,140,23,0.74,-0.44
1.01,0.53,0.86,0.97,0.76,2.63,1.09,0.84,1.04,0.99,1.32,0.7,Jeff McNeil,643446,CU,111,21,1.11,-0.44
0.76,0.67,0.91,1.28,0.51,0.85,1.25,0.86,1.0,0.97,0.98,0.89,Jeff McNeil,643446,FF,590,136,0.3,-0.44
1.05,1.38,0.83,0.92,0.8,2.1,0.9,1.03,1.1,1.02,1.7,0.82,Jeff McNeil,643446,FS,65,8,1.85,-0.44
0.89,1.01,0.81,1.26,0.71,1.78,1.01,1.02,1.12,1.0,1.83,0.76,Jeff McNeil,643446,KC,18,3,1.32,-0.44
1.11,1.08,0.7,1.01,0.69,0.72,1.2,1.0,0.98,1.0,2.16,0.56,Jeff McNeil,643446,SI,269,72,1.15,-0.44
0.86,0.39,1.11,0.64,0.66,0.86,1.01,0.79,1.0,0.98,0.93,1.16,Jeff McNeil,643446,SL,275,52,0.6,-0.44
1.09,0.67,1.1,1.25,0.75,1.99,1.01,0.93,1.06,1.01,0.84,1.27,Jeff McNeil,643446,ST,71,12,0.84,-0.44
1.15,1.05,1.0,1.01,0.94,1.97,1.03,1.01,1.2,1.01,1.01,1.09,Jeff McNeil,643446,SV,6,1,1.32,-0.44
1.06,1.1,0.86,0.97,0.72,2.31,0.99,1.0,1.03,1.0,1.76,0.74,Curtis Mead,678554,CH,48,15,1.69,-0.76
0.98,0.96,1.06,0.84,0.82,2.26,1.06,0.92,1.08,1.0,1.15,0.94,Curtis Mead,678554,CU,30,2,1.42,-0.76
0.88,0.32,1.09,1.09,0.82,1.56,0.99,0.9,1.02,1.0,1.05,0.8,Curtis Mead,678554,FF,125,18,0.72,-0.76
1.02,1.11,0.82,0.94,0.77,2.04,1.04,0.98,1.14,1.01,1.8,0.77,Curtis Mead,678554,KC,7,1,1.58,-0.76
1.35,1.62,1.07,1.14,1.16,2.78,0.96,1.07,1.24,1.03,1.25,0.83,Curtis Mead,678554,KN,1,1,2.01,-0.76
1.08,1.28,0.64,1.18,1.31,3.33,0.99,0.96,1.03,0.96,2.71,0.5,Curtis Mead,678554,SI,84,14,2.14,-0.76
0.78,0.67,0.86,0.95,0.86,3.17,0.97,0.9,1.01,0.99,1.33,1.0,Curtis Mead,678554,SL,85,21,1.48,-0.76
1.16,0.83,1.23,0.97,0.85,2.2,1.01,1.01,1.07,1.03,0.81,1.88,Curtis Mead,678554,ST,50,9,1.25,-0.76
1.24,1.26,0.79,1.0,0.77,2.05,0.88,1.04,1.1,1.03,1.95,0.7,Curtis Mead,678554,FS,18,2,1.81,-0.76
0.69,0.75,1.18,1.06,0.94,1.88,0.95,0.91,1.03,0.94,0.98,1.38,Parker Meadows,678009,CH,172,37,1.05,-1.21
1.02,0.74,0.83,0.99,0.9,2.34,1.07,0.96,1.06,1.01,1.16,0.89,Parker Meadows,678009,CU,93,12,1.21,-1.21
0.84,1.11,0.87,1.1,1.2,2.51,1.02,1.18,1.02,0.99,1.06,0.8,Parker Meadows,678009,FF,366,59,1.71,-1.21
0.98,1.32,0.76,1.3,0.89,2.16,0.91,1.09,1.09,1.0,2.15,0.65,Parker Meadows,678009,FS,52,6,1.8,-1.21
0.96,0.78,0.81,1.08,1.89,3.39,1.0,0.93,1.02,1.0,2.1,0.61,Parker Meadows,678009,SI,129,19,1.79,-1.21
0.92,0.71,1.02,0.9,0.83,1.84,0.94,0.94,1.01,1.0,0.85,2.05,Parker Meadows,678009,SL,180,32,0.99,-1.21
1.17,1.04,1.19,0.93,0.89,2.25,0.98,1.01,1.08,1.02,0.76,1.55,Parker Meadows,678009,ST,79,9,1.42,-1.21
1.23,1.05,0.91,1.17,0.93,1.97,0.99,1.09,1.22,1.03,1.08,1.02,Parker Meadows,678009,SV,5,1,1.34,-1.21
0.94,1.07,0.8,1.05,0.79,1.98,1.07,1.0,1.12,1.0,2.02,0.72,Parker Meadows,678009,KC,14,2,1.55,-1.21
0.76,0.09,1.26,0.7,0.47,1.2,0.97,0.69,1.01,1.0,0.16,1.18,Chase Meidroth,805367,CH,123,28,0.22,-0.64
1.15,0.56,1.05,0.67,0.6,1.81,0.98,0.89,1.05,1.0,0.78,1.57,Chase Meidroth,805367,CU,83,14,0.99,-0.64
0.93,0.41,1.36,0.79,0.31,1.5,0.75,0.85,0.99,1.0,0.57,1.94,Chase Meidroth,805367,FF,527,92,0.8,-0.64
1.05,1.22,0.91,0.96,0.75,1.99,0.91,0.99,1.1,1.01,1.87,0.76,Chase Meidroth,805367,FS,16,3,1.73,-0.64
0.97,1.04,0.85,0.87,0.71,1.76,1.05,0.96,1.13,1.01,1.85,0.6,Chase Meidroth,805367,KC,22,3,1.52,-0.64
0.98,0.0,1.03,0.75,0.87,1.0,0.69,0.87,1.0,1.01,0.19,1.41,Chase Meidroth,805367,SI,349,57,0.34,-0.64
0.78,0.25,1.25,0.81,0.77,0.8,0.86,0.81,1.0,0.99,0.77,1.63,Chase Meidroth,805367,SL,259,51,0.45,-0.64
0.8,0.38,1.25,1.3,0.65,1.8,0.94,0.92,1.04,0.99,0.74,1.37,Chase Meidroth,805367,ST,95,19,0.64,-0.64
1.19,1.01,0.97,0.97,0.9,1.9,0.98,0.99,1.21,1.02,1.18,1.1,Chase Meidroth,805367,SV,15,2,1.33,-0.64
1.06,0.85,1.0,0.76,0.81,1.61,0.98,0.9,1.06,1.01,1.2,0.76,MJ Melendez,669004,CH,229,56,1.23,-0.61
1.15,0.96,0.9,0.97,0.93,2.66,1.09,0.97,1.07,1.02,1.41,0.9,MJ Melendez,669004,CU,142,14,1.53,-0.61
1.04,1.09,1.06,0.58,1.54,2.8,1.03,0.9,1.03,1.01,1.12,0.84,MJ Melendez,669004,FF,676,87,1.81,-0.61
1.06,1.0,0.75,1.21,0.78,2.19,0.91,1.04,1.09,1.01,2.32,0.64,MJ Melendez,669004,FS,76,17,1.68,-0.61
0.98,0.95,0.79,0.95,0.78,2.02,1.0,0.95,1.12,0.99,2.28,0.48,MJ Melendez,669004,KC,36,5,1.63,-0.61
1.11,1.36,0.86,1.06,1.83,2.67,1.06,1.06,1.03,1.02,1.88,0.84,MJ Melendez,669004,SI,170,37,1.96,-0.61
1.04,1.19,0.87,1.0,0.9,2.25,1.03,1.01,1.05,1.01,1.18,0.85,MJ Melendez,669004,SL,206,32,1.52,-0.61
1.23,1.05,1.17,1.02,0.94,2.35,1.04,1.02,1.08,1.02,0.88,1.48,MJ Melendez,669004,ST,98,8,1.42,-0.61
1.15,1.05,0.91,1.01,1.03,2.14,1.01,1.01,1.21,1.02,1.17,0.89,MJ Melendez,669004,SV,9,1,1.42,-0.61
1.09,1.58,0.94,1.19,1.05,2.24,0.97,1.14,1.07,1.01,1.07,0.96,Jacob Melton,689200,CH,43,5,1.78,-0.41
1.05,0.98,0.98,0.92,0.92,2.48,1.08,0.97,1.08,1.02,1.2,0.93,Jacob Melton,689200,CU,31,2,1.49,-0.41
1.06,0.53,1.74,0.63,1.31,4.1,0.97,0.87,1.01,0.98,0.38,3.3,Jacob Melton,689200,FF,107,10,1.64,-0.41
0.97,1.22,0.91,0.96,0.9,2.39,0.91,1.0,1.09,1.01,1.67,0.76,Jacob Melton,689200,FS,36,3,1.81,-0.41
0.95,1.54,0.8,1.07,1.91,3.5,0.97,1.07,1.03,1.0,1.97,0.68,Jacob Melton,689200,SI,33,4,2.38,-0.41
1.1,0.81,1.16,1.09,0.83,2.04,1.01,0.97,1.05,1.03,0.75,1.51,Jacob Melton,689200,SL,20,7,1.06,-0.41
1.37,0.96,1.2,0.92,0.81,2.25,1.04,1.03,1.09,1.05,0.67,1.57,Jacob Melton,689200,ST,17,3,1.35,-0.41
0.81,0.4,1.17,1.05,0.71,1.08,1.19,0.96,1.07,0.97,0.46,2.37,Jackson Merrill,701538,CH,222,44,0.32,-0.78
1.13,0.74,0.87,1.4,0.68,1.83,1.27,1.16,1.08,1.04,1.08,1.0,Jackson Merrill,701538,CU,141,35,0.95,-0.78
0.99,1.5,0.99,1.15,1.24,1.11,1.2,1.13,1.02,1.0,1.04,0.79,Jackson Merrill,701538,FF,712,135,1.33,-0.78
1.13,1.36,0.65,1.4,0.89,2.58,0.93,1.09,1.09,1.03,2.24,0.59,Jackson Merrill,701538,FS,101,23,1.86,-0.78
1.11,1.57,0.93,0.89,0.83,2.21,1.09,1.11,1.13,1.02,1.69,0.68,Jackson Merrill,701538,KC,51,12,2.07,-0.78
0.99,1.73,0.93,1.11,1.35,0.96,1.18,1.13,1.03,0.98,1.07,0.58,Jackson Merrill,701538,SI,343,81,1.45,-0.78
0.99,1.32,1.12,1.51,0.88,1.18,1.16,1.14,1.01,1.0,0.85,1.08,Jackson Merrill,701538,SL,292,63,1.02,-0.78
1.02,1.15,0.99,0.87,0.77,2.16,1.19,1.09,1.08,1.02,1.04,0.74,Jackson Merrill,701538,ST,124,20,1.61,-0.78
1.12,0.98,0.93,0.93,0.93,2.22,1.03,1.01,1.18,1.0,1.19,0.87,Jackson Merrill,701538,SV,19,4,1.46,-0.78
1.13,1.67,0.91,0.67,1.23,3.56,1.04,1.01,1.05,1.0,1.61,0.83,Matt Mervis,670223,CH,16,4,2.52,0.85
1.54,0.9,1.01,0.98,1.57,2.95,1.12,0.9,1.01,0.99,1.31,0.72,Matt Mervis,670223,FF,31,5,1.49,0.85
0.97,1.1,0.83,1.04,0.99,2.59,0.96,0.98,1.09,1.02,1.85,0.6,Matt Mervis,670223,FS,6,3,1.75,0.85
0.94,1.07,0.94,0.91,0.74,1.8,1.05,0.94,1.11,0.99,1.33,0.81,Matt Mervis,670223,KC,4,2,1.35,0.85
1.17,1.42,0.81,0.86,1.79,3.39,1.06,0.99,1.03,0.99,3.12,0.52,Matt Mervis,670223,SI,14,2,2.63,0.85
1.23,0.94,1.16,0.9,0.91,2.48,1.01,0.98,1.09,1.03,0.81,1.54,Matt Mervis,670223,ST,5,1,1.4,0.85
1.1,1.23,0.82,1.05,0.82,2.39,1.14,1.06,1.08,1.03,1.46,0.7,Matt Mervis,670223,CU,43,7,1.65,0.85
1.58,2.57,0.75,1.37,0.87,1.48,0.79,1.19,1.32,1.07,1.42,0.81,Matt Mervis,670223,FO,11,2,2.11,0.85
1.17,0.81,0.97,1.09,0.93,2.8,0.99,1.01,1.04,1.02,1.09,1.19,Matt Mervis,670223,SL,46,7,1.42,0.85
0.92,0.74,1.31,1.02,1.17,3.55,0.99,0.89,1.01,0.98,0.72,1.34,Victor Mesa,683748,FF,4,2,1.5,-0.18
1.04,1.31,0.74,1.04,0.75,1.88,0.91,1.02,1.08,1.02,2.27,0.53,Victor Mesa,683748,FS,1,1,1.82,-0.18
0.98,1.18,0.73,1.02,1.84,3.42,1.02,1.02,1.02,1.0,2.64,0.58,Victor Mesa,683748,SI,4,1,2.3,-0.18
1.01,1.01,0.98,0.99,0.81,2.41,0.95,0.98,1.03,1.01,1.01,1.09,Victor Mesa,683748,SL,9,1,1.44,-0.18
1.19,1.03,1.17,0.99,0.81,2.13,1.02,1.04,1.07,1.03,0.74,1.36,Victor Mesa,683748,ST,5,1,1.37,-0.18
1.01,1.02,0.91,1.1,1.05,2.41,0.92,0.96,1.04,1.02,1.43,0.74,Jake Meyers,676694,CH,186,29,1.5,-0.74
0.89,0.87,1.11,0.79,0.79,2.2,1.02,0.89,1.06,0.99,1.2,1.09,Jake Meyers,676694,CU,85,7,1.38,-0.74
0.91,0.65,1.08,1.25,0.64,0.82,1.02,1.0,1.0,1.0,0.75,1.65,Jake Meyers,676694,FF,506,115,0.5,-0.74
1.24,1.14,0.76,1.06,0.76,2.09,0.91,1.04,1.1,1.04,1.97,0.73,Jake Meyers,676694,FS,48,7,1.7,-0.74
0.93,0.87,0.94,1.1,0.8,1.9,1.03,0.95,1.12,1.0,1.4,0.85,Jake Meyers,676694,KC,22,4,1.19,-0.74
0.98,0.48,1.1,0.82,0.76,0.93,1.13,0.93,1.03,0.99,0.77,1.23,Jake Meyers,676694,SI,295,71,0.63,-0.74
0.63,1.19,1.31,1.5,1.15,1.04,1.0,1.03,1.02,0.96,0.51,1.65,Jake Meyers,676694,SL,373,61,0.75,-0.74
0.88,1.06,0.78,1.21,0.73,1.67,0.95,1.1,1.06,1.0,1.16,0.93,Jake Meyers,676694,ST,135,21,1.25,-0.74
1.21,1.05,1.0,1.01,0.97,2.04,1.01,1.03,1.21,1.02,1.01,1.09,Jake Meyers,676694,SV,10,1,1.37,-0.74
1.06,1.13,0.94,0.92,0.83,2.12,0.92,0.97,1.04,1.0,1.29,0.88,Drew Millas,686452,CH,22,5,1.54,0.0
0.95,0.95,1.04,1.03,0.9,2.24,1.12,0.99,1.07,1.0,0.76,1.16,Drew Millas,686452,CU,21,3,1.21,0.0
0.84,0.34,1.25,1.39,0.85,2.14,0.98,1.01,1.01,0.98,0.69,2.21,Drew Millas,686452,FF,92,18,0.67,0.0
0.73,1.03,0.87,0.94,1.81,3.21,1.02,0.92,1.0,0.97,2.41,0.74,Drew Millas,686452,SI,44,10,2.05,0.0
0.98,0.95,1.0,1.09,0.78,2.3,0.95,0.99,1.04,1.0,0.99,1.13,Drew Millas,686452,SL,25,4,1.32,0.0
1.1,0.87,1.4,0.84,0.76,1.98,1.07,0.96,1.07,1.02,0.55,2.17,Drew Millas,686452,ST,7,1,1.15,0.0
1.04,1.31,0.81,1.04,0.74,1.88,0.89,1.02,1.1,1.02,1.98,0.65,Drew Millas,686452,FS,6,1,1.75,0.0
1.01,1.07,0.96,0.91,0.74,1.82,1.03,0.97,1.13,1.01,1.62,0.84,Drew Millas,686452,KC,10,2,1.49,0.0
1.01,1.01,0.92,0.95,0.84,2.03,1.13,0.97,1.06,1.01,1.25,0.87,Owen Miller,680911,CU,7,1,1.33,-0.4
0.96,0.61,1.75,1.01,1.1,3.54,0.97,0.89,1.0,0.98,0.36,2.31,Owen Miller,680911,FF,28,7,1.39,-0.4
0.9,1.1,0.81,0.95,1.77,3.41,1.0,1.0,1.02,0.99,2.26,0.65,Owen Miller,680911,SI,12,3,2.19,-0.4
0.99,0.93,1.0,0.91,0.72,2.28,0.98,0.92,1.03,1.0,0.99,0.99,Owen Miller,680911,SL,23,4,1.33,-0.4
1.19,1.03,1.17,1.14,0.84,2.22,1.03,1.07,1.07,1.03,0.69,1.56,Owen Miller,680911,ST,6,1,1.3,-0.4
1.16,1.23,0.89,1.01,0.81,2.01,0.94,1.03,1.04,1.02,1.33,0.82,Owen Miller,680911,CH,4,1,1.57,-0.4
1.15,1.05,0.91,1.17,0.93,1.97,1.01,1.09,1.18,1.02,1.05,1.02,Owen Miller,680911,SV,2,1,1.32,-0.4
1.52,2.13,0.94,1.33,0.92,2.43,1.03,1.29,1.05,1.04,0.82,1.03,Jose Miranda,669304,CH,128,28,2.11,-0.99
1.1,1.14,1.0,0.93,0.84,1.99,1.13,0.95,1.07,1.01,1.27,0.94,Jose Miranda,669304,CU,87,14,1.39,-0.99
0.94,0.69,1.12,0.92,1.03,3.48,1.04,0.9,1.02,0.98,0.86,1.3,Jose Miranda,669304,FF,445,99,1.49,-0.99
1.24,1.71,0.81,1.25,0.8,2.4,0.92,1.12,1.1,1.01,2.4,0.66,Jose Miranda,669304,FS,44,4,2.22,-0.99
1.08,1.0,0.82,0.84,0.72,2.0,0.99,0.98,1.13,1.01,1.65,0.79,Jose Miranda,669304,KC,37,4,1.55,-0.99
0.93,0.84,1.01,0.9,1.49,2.74,1.1,0.89,1.02,0.98,1.83,0.79,Jose Miranda,669304,SI,228,64,1.61,-0.99
1.03,0.82,1.14,1.19,0.92,2.14,1.03,0.96,1.05,1.02,0.79,1.33,Jose Miranda,669304,SL,301,70,1.03,-0.99
1.07,0.71,1.22,0.98,0.8,2.43,1.05,0.96,1.06,1.0,0.73,1.3,Jose Miranda,669304,ST,125,29,1.2,-0.99
1.28,1.01,0.88,1.14,0.92,1.9,1.02,1.11,1.21,1.03,1.15,0.88,Jose Miranda,669304,SV,4,2,1.35,-0.99
1.18,0.63,1.07,0.95,1.13,3.26,1.01,0.9,1.05,1.0,0.64,1.63,Kameron Misner,670224,CH,14,3,1.25,0.61
0.93,0.86,1.21,0.89,1.32,1.11,1.01,0.91,1.01,0.99,1.01,1.24,Kameron Misner,670224,FF,28,1,0.97,0.61
0.74,0.41,0.91,0.92,1.63,3.03,1.08,0.86,1.04,0.96,1.27,0.68,Kameron Misner,670224,SI,3,1,1.26,0.61
0.84,0.77,0.79,0.87,0.96,2.06,0.97,0.81,1.05,1.01,1.71,0.62,Kameron Misner,670224,CU,68,8,1.24,0.61
0.87,0.9,0.95,0.88,0.91,2.25,0.93,0.91,1.09,0.99,1.25,0.76,Kameron Misner,670224,FS,52,10,1.42,0.61
1.01,1.07,0.8,0.91,0.71,1.74,1.0,0.99,1.13,1.01,1.69,0.84,Kameron Misner,670224,KC,14,2,1.47,0.61
0.89,1.01,0.86,1.5,1.08,3.65,0.94,1.11,1.05,0.97,1.15,1.22,Kameron Misner,670224,SL,117,13,1.67,0.61
0.99,1.21,1.35,0.75,0.94,2.52,1.0,1.05,1.09,1.01,0.84,1.39,Kameron Misner,670224,ST,54,8,1.86,0.61
1.03,0.94,0.86,0.96,1.0,2.12,0.89,0.95,1.06,1.01,1.52,0.94,Garrett Mitchell,669003,CH,103,19,1.44,-1.07
0.98,1.37,1.02,1.07,0.89,2.01,1.14,1.04,1.07,1.0,0.99,1.09,Garrett Mitchell,669003,CU,68,17,1.46,-1.07
1.07,0.86,1.31,1.14,1.37,2.49,0.95,1.07,1.03,1.01,0.65,2.25,Garrett Mitchell,669003,FF,360,35,1.3,-1.07
1.01,1.26,0.86,1.0,0.92,2.37,0.94,1.0,1.08,1.0,1.89,0.7,Garrett Mitchell,669003,FS,18,2,1.84,-1.07
1.01,1.07,0.88,0.91,0.77,1.98,1.01,0.98,1.13,1.0,1.68,0.84,Garrett Mitchell,669003,KC,14,2,1.55,-1.07
0.85,1.07,0.88,1.12,1.56,2.4,0.95,0.98,1.04,1.0,1.56,0.89,Garrett Mitchell,669003,SI,96,16,1.54,-1.07
1.08,0.84,1.34,0.88,0.92,2.34,0.97,0.97,1.04,1.0,0.49,1.95,Garrett Mitchell,669003,SL,115,17,1.26,-1.07
1.19,1.18,1.25,1.03,0.78,2.16,1.05,1.06,1.08,1.02,0.72,1.65,Garrett Mitchell,669003,ST,36,7,1.43,-1.07
1.0,1.44,0.79,1.08,0.82,1.84,0.94,1.01,1.05,1.01,1.69,0.69,Andruw Monasterio,655316,CH,60,12,1.65,-0.78
1.03,0.96,0.89,0.97,0.86,2.02,1.11,0.98,1.07,0.99,1.23,0.76,Andruw Monasterio,655316,CU,33,4,1.3,-0.78
0.77,0.66,0.92,1.18,1.13,4.17,0.97,1.05,1.02,0.95,0.93,0.88,Andruw Monasterio,655316,FF,232,22,1.76,-0.78
1.12,1.31,0.74,1.2,0.78,1.96,0.91,1.04,1.11,1.02,2.23,0.61,Andruw Monasterio,655316,FS,10,1,1.74,-0.78
0.97,1.11,0.82,0.94,0.72,1.81,1.01,0.95,1.13,1.0,1.95,0.72,Andruw Monasterio,655316,KC,9,1,1.53,-0.78
1.01,1.05,0.8,0.98,1.32,2.5,1.0,0.87,1.0,1.0,2.92,0.53,Andruw Monasterio,655316,SI,111,23,1.89,-0.78
1.05,0.97,0.88,1.25,0.87,2.13,0.95,1.04,1.03,1.0,0.94,0.96,Andruw Monasterio,655316,SL,94,13,1.2,-0.78
1.24,0.93,1.27,0.9,0.81,2.1,0.97,1.01,1.08,1.04,0.7,1.71,Andruw Monasterio,655316,ST,33,2,1.33,-0.78
1.16,1.4,0.84,0.97,0.99,1.99,0.93,1.01,1.03,1.03,1.58,0.59,Yoan Moncada,660162,CH,26,3,1.74,0.0
1.18,1.44,0.84,0.83,1.06,2.04,1.11,1.16,1.08,1.04,1.22,0.87,Yoan Moncada,660162,CU,22,4,1.86,0.0
0.78,1.51,1.04,1.03,0.88,1.27,0.93,1.08,1.01,0.97,1.07,0.66,Yoan Moncada,660162,FF,75,11,1.56,0.0
1.1,1.04,0.84,0.81,0.79,2.19,0.91,0.92,1.1,1.03,1.94,0.66,Yoan Moncada,660162,FS,4,1,1.7,0.0
0.83,1.75,0.87,1.11,1.41,2.23,0.92,0.98,1.05,1.01,2.74,0.54,Yoan Moncada,660162,SI,19,2,2.24,0.0
1.11,1.09,1.07,1.07,1.21,3.2,1.01,1.02,1.06,1.03,0.82,1.16,Yoan Moncada,660162,SL,27,5,1.67,0.0
1.31,1.18,1.14,1.04,0.98,2.23,1.06,1.07,1.1,1.04,0.79,1.35,Yoan Moncada,660162,ST,5,2,1.47,0.0
0.97,1.04,0.93,1.02,0.8,1.91,1.04,0.92,1.14,1.0,1.69,0.79,Yoan Moncada,660162,KC,17,3,1.38,0.0
1.23,1.5,0.91,1.01,0.92,1.97,1.02,1.09,1.22,1.03,1.14,0.89,Yoan Moncada,660162,SV,3,1,1.69,0.0
1.0,1.76,0.77,0.83,0.95,1.05,1.2,0.97,1.04,1.01,1.77,0.76,Mickey Moniak,666160,CH,207,55,1.57,0.54
1.01,1.4,0.99,1.03,0.99,3.01,1.15,1.13,1.06,1.0,1.08,1.27,Mickey Moniak,666160,CU,132,19,1.93,0.54
1.14,1.34,0.71,1.03,1.25,1.27,1.18,1.07,1.04,1.01,1.22,0.6,Mickey Moniak,666160,FF,512,89,1.27,0.54
1.19,1.37,0.7,1.26,0.92,2.76,1.03,1.14,1.1,1.03,1.98,0.6,Mickey Moniak,666160,FS,90,17,1.98,0.54
1.18,1.25,0.75,1.1,0.72,1.8,1.08,1.13,1.13,1.02,1.88,0.68,Mickey Moniak,666160,KC,31,6,1.67,0.54
1.25,1.62,1.07,0.99,1.16,2.78,0.95,1.0,1.23,1.03,1.37,0.72,Mickey Moniak,666160,KN,3,1,2.06,0.54
0.76,0.7,0.84,1.06,1.06,2.33,0.95,1.06,1.02,0.94,0.55,0.73,Mickey Moniak,666160,SI,92,16,1.18,0.54
1.11,0.96,0.92,0.75,1.18,3.99,1.08,1.05,1.03,0.99,1.28,0.82,Mickey Moniak,666160,SL,235,29,2.18,0.54
1.28,1.46,1.12,1.02,0.8,2.26,1.04,1.13,1.09,1.03,0.82,1.41,Mickey Moniak,666160,ST,75,14,1.72,0.54
1.13,1.02,0.98,0.98,0.96,2.2,1.03,1.0,1.2,1.01,1.13,1.1,Mickey Moniak,666160,SV,7,1,1.41,0.54
1.52,2.67,0.77,1.43,0.95,1.65,0.78,1.17,1.31,1.06,1.41,0.75,Mickey Moniak,666160,FO,5,1,2.17,0.54
1.17,1.15,0.92,1.1,0.79,1.88,0.95,1.03,1.05,1.03,1.19,0.88,Coco Montes,663796,CH,4,3,1.39,0.0
0.98,0.74,1.58,0.88,1.14,3.55,0.96,0.91,1.01,0.98,0.6,1.79,Coco Montes,663796,FF,6,2,1.64,0.0
1.01,1.01,0.98,0.99,0.81,2.5,0.96,1.05,1.03,1.01,0.94,0.95,Coco Montes,663796,SL,8,1,1.55,0.0
1.14,1.36,0.8,1.01,1.16,2.73,1.01,1.07,1.06,1.02,2.08,0.71,Colson Montgomery,695657,CH,61,10,2.09,0.02
0.99,0.77,0.88,1.02,0.87,2.06,1.13,0.96,1.08,1.0,1.3,0.76,Colson Montgomery,695657,CU,34,8,1.17,0.02
1.0,0.99,1.12,0.74,1.12,1.84,1.13,0.84,1.02,0.98,1.18,1.05,Colson Montgomery,695657,FF,200,29,1.25,0.02
1.32,1.53,0.85,1.11,0.71,1.74,0.95,1.16,1.1,1.02,1.71,0.98,Colson Montgomery,695657,FS,28,8,1.83,0.02
1.15,1.07,0.8,0.91,0.86,2.51,1.09,1.03,1.14,1.02,1.88,0.68,Colson Montgomery,695657,KC,25,2,1.79,0.02
1.07,2.0,0.84,1.09,1.65,3.28,1.1,1.26,1.05,0.99,2.36,0.41,Colson Montgomery,695657,SI,76,17,2.9,0.02
1.11,1.85,0.86,0.89,1.21,3.47,0.98,1.26,1.06,1.03,1.29,0.68,Colson Montgomery,695657,SL,97,13,2.72,0.02
1.11,0.88,1.24,1.16,0.81,2.38,1.04,1.0,1.05,1.01,0.57,1.57,Colson Montgomery,695657,ST,26,5,1.15,0.02
1.09,1.49,0.89,1.12,0.86,1.86,0.94,1.15,1.06,1.0,1.56,0.83,Christian Moore,695681,CH,27,7,1.83,-1.97
0.88,0.81,1.0,0.9,0.72,1.78,1.12,0.96,1.08,1.01,1.22,0.94,Christian Moore,695681,CU,32,7,1.19,-1.97
0.88,1.01,0.79,0.73,1.66,4.27,0.95,1.15,1.02,1.01,0.97,0.9,Christian Moore,695681,FF,186,16,2.36,-1.97
0.97,1.11,0.82,1.09,0.8,2.04,1.05,0.99,1.13,1.0,1.8,0.72,Christian Moore,695681,KC,7,1,1.5,-1.97
1.07,0.69,0.94,1.07,1.75,3.45,1.03,0.85,1.02,0.98,2.37,0.65,Christian Moore,695681,SI,88,13,1.77,-1.97
0.79,0.84,0.89,1.49,0.73,1.67,0.99,0.93,1.04,0.99,0.88,0.76,Christian Moore,695681,SL,85,18,0.69,-1.97
0.94,0.82,1.39,1.09,0.97,2.32,0.96,0.9,1.05,0.98,0.53,1.83,Christian Moore,695681,ST,50,7,1.06,-1.97
1.23,1.15,0.73,1.44,0.82,2.41,0.91,1.09,1.05,1.01,1.65,0.58,Dylan Moore,664238,CH,183,26,1.53,-1.22
1.06,0.89,0.94,0.86,0.83,2.27,1.05,0.94,1.07,1.01,1.23,1.0,Dylan Moore,664238,CU,86,7,1.38,-1.22
0.81,1.48,0.84,0.65,1.91,4.06,1.05,0.96,1.0,0.96,1.49,0.49,Dylan Moore,664238,FF,574,67,2.51,-1.22
1.11,1.21,0.8,1.24,0.81,2.02,0.91,1.02,1.1,1.01,2.08,0.6,Dylan Moore,664238,FS,32,4,1.63,-1.22
0.94,1.08,0.88,0.91,0.75,1.96,1.02,0.94,1.11,0.99,1.79,0.78,Dylan Moore,664238,KC,35,4,1.53,-1.22
0.88,1.09,0.5,1.04,1.24,0.82,1.05,1.17,1.02,0.98,2.59,0.72,Dylan Moore,664238,SI,294,60,1.52,-1.22
1.14,0.68,0.89,0.94,1.08,2.11,0.89,0.93,1.02,0.97,1.52,0.73,Dylan Moore,664238,SL,325,34,1.32,-1.22
0.91,0.92,1.25,1.05,0.74,1.94,0.94,0.86,1.06,0.97,0.96,1.59,Dylan Moore,664238,ST,147,23,1.08,-1.22
1.09,0.99,0.87,0.94,0.9,1.89,1.02,0.96,1.2,1.02,1.41,1.06,Dylan Moore,664238,SV,6,3,1.32,-1.22
1.4,2.51,0.61,1.02,1.36,3.09,1.06,1.25,1.07,1.04,1.89,0.59,Christopher Morel,666624,CH,189,28,2.89,-0.57
1.2,1.08,0.94,0.92,1.19,2.66,1.13,1.07,1.07,1.01,1.01,1.06,Christopher Morel,666624,CU,147,24,1.63,-0.57
1.14,2.16,0.62,0.57,1.75,0.75,0.99,1.35,1.04,1.03,1.54,0.55,Christopher Morel,666624,FF,675,73,2.37,-0.57
1.12,1.68,0.77,0.98,0.78,2.15,0.93,1.1,1.1,1.03,2.11,0.58,Christopher Morel,666624,FS,51,7,2.18,-0.57
0.96,1.19,0.89,0.98,0.76,1.84,1.04,0.99,1.13,1.0,1.72,0.77,Christopher Morel,666624,KC,23,6,1.55,-0.57
1.2,1.24,0.75,0.75,1.61,1.07,1.22,1.09,1.05,1.02,2.11,0.74,Christopher Morel,666624,SI,427,111,1.61,-0.57
0.94,1.2,1.1,0.52,1.24,1.07,1.15,1.0,1.07,0.98,0.82,0.92,Christopher Morel,666624,SL,445,60,1.38,-0.57
1.43,0.99,1.24,0.98,1.15,3.13,1.04,0.99,1.08,1.02,0.79,1.65,Christopher Morel,666624,ST,219,29,1.58,-0.57
1.19,1.01,0.97,1.14,0.96,1.98,1.0,1.05,1.21,1.02,1.05,1.1,Christopher Morel,666624,SV,8,2,1.28,-0.57
1.3,1.05,0.9,0.8,0.61,1.87,1.0,0.95,1.03,1.04,1.22,1.36,Gabriel Moreno,672515,CH,101,27,1.35,-0.48
1.03,1.12,1.1,0.78,0.71,2.0,1.11,1.02,1.08,1.03,1.03,0.98,Gabriel Moreno,672515,CU,65,15,1.55,-0.48
1.01,0.88,0.74,1.13,0.92,0.82,0.89,1.1,1.01,1.02,1.08,0.82,Gabriel Moreno,672515,FF,491,75,0.95,-0.48
1.52,2.67,0.7,1.65,0.89,1.47,0.77,1.18,1.32,1.07,1.51,0.7,Gabriel Moreno,672515,FO,2,1,2.0,-0.48
1.18,1.48,0.85,0.91,0.78,2.12,0.97,1.01,1.1,1.05,1.81,0.58,Gabriel Moreno,672515,FS,27,9,1.91,-0.48
0.98,0.97,0.87,1.05,0.77,2.11,1.03,0.98,1.12,1.0,1.68,0.72,Gabriel Moreno,672515,KC,41,11,1.45,-0.48
1.14,0.43,1.04,0.9,0.74,0.92,1.0,0.97,1.02,0.99,0.27,1.7,Gabriel Moreno,672515,SI,343,48,0.43,-0.48
0.88,0.87,1.02,1.13,0.78,2.44,0.88,0.94,1.0,1.02,0.85,1.59,Gabriel Moreno,672515,SL,252,40,1.18,-0.48
1.16,1.02,1.24,0.97,0.82,2.37,0.99,1.04,1.08,1.03,0.69,1.41,Gabriel Moreno,672515,ST,93,14,1.47,-0.48
1.07,1.3,0.96,0.82,1.21,2.54,1.12,0.96,1.04,1.01,1.28,0.87,Ryan Mountcastle,663624,CH,162,30,1.73,-0.48
1.03,1.18,0.93,0.92,0.99,2.84,1.22,1.1,1.09,1.01,1.32,0.98,Ryan Mountcastle,663624,CU,89,21,1.84,-0.48
1.27,1.16,1.29,1.2,1.11,1.29,1.18,1.09,1.04,1.01,0.5,1.55,Ryan Mountcastle,663624,FF,594,86,0.99,-0.48
1.18,1.85,0.73,1.09,0.84,2.04,0.97,1.09,1.12,1.04,2.09,0.58,Ryan Mountcastle,663624,FS,41,9,2.11,-0.48
0.89,1.01,0.99,0.85,0.67,1.78,1.04,0.91,1.12,1.0,1.19,0.81,Ryan Mountcastle,663624,KC,15,3,1.29,-0.48
1.16,1.34,1.26,0.91,1.18,1.56,1.19,1.1,1.07,1.01,-0.25,1.84,Ryan Mountcastle,663624,SI,331,77,1.1,-0.48
1.2,1.47,0.85,1.17,0.94,1.0,1.17,1.2,1.06,1.02,0.97,1.08,Ryan Mountcastle,663624,SL,319,70,1.27,-0.48
1.36,0.99,0.94,1.28,1.08,2.88,1.14,1.12,1.08,1.04,0.92,1.17,Ryan Mountcastle,663624,ST,190,43,1.43,-0.48
1.16,1.31,0.93,1.06,1.0,2.31,1.05,1.06,1.21,1.02,1.08,0.97,Ryan Mountcastle,663624,SV,16,4,1.59,-0.48
1.28,0.78,0.92,0.78,0.81,0.98,1.06,1.04,1.01,1.01,1.14,1.21,Cedric Mullins,656775,CH,192,39,1.04,-0.83
1.24,0.69,1.02,1.17,0.78,2.64,1.2,0.98,1.04,1.01,1.04,0.82,Cedric Mullins,656775,CU,130,20,1.16,-0.83
0.91,0.76,0.61,0.81,1.05,0.8,0.97,0.8,1.0,0.97,1.48,0.67,Cedric Mullins,656775,FF,710,123,0.73,-0.83
1.04,0.96,0.9,1.01,0.89,2.67,0.95,1.01,1.08,1.0,1.48,0.93,Cedric Mullins,656775,FS,58,16,1.65,-0.83
0.99,0.98,0.89,0.97,0.71,1.82,1.01,0.98,1.12,1.01,1.73,0.71,Cedric Mullins,656775,KC,44,6,1.45,-0.83
1.35,1.62,1.07,1.14,1.14,2.89,0.96,1.04,1.23,1.03,1.28,0.83,Cedric Mullins,656775,KN,2,1,2.01,-0.83
0.84,0.87,0.67,1.58,0.89,0.98,0.99,0.98,1.01,0.96,4.25,0.56,Cedric Mullins,656775,SI,221,46,1.44,-0.83
1.34,0.64,0.79,0.94,0.73,0.88,1.05,0.91,1.01,0.99,1.2,0.59,Cedric Mullins,656775,SL,223,37,0.7,-0.83
1.2,0.7,0.83,0.96,0.7,2.27,1.02,0.9,1.06,1.02,1.21,1.04,Cedric Mullins,656775,ST,134,25,1.12,-0.83
1.23,2.26,0.76,1.47,1.19,2.85,0.93,1.43,1.06,1.02,1.34,0.6,Max Muncy,571970,CH,111,26,2.6,0.14
1.14,0.84,1.15,0.77,0.88,2.15,0.94,0.93,1.07,1.03,0.88,1.09,Max Muncy,571970,CU,110,7,1.36,0.14
1.41,1.62,0.63,0.93,0.89,0.88,0.89,1.22,1.02,1.02,1.53,0.43,Max Muncy,571970,FF,383,48,1.76,0.14
0.96,1.93,0.85,0.99,0.9,2.15,0.92,1.11,1.1,1.0,1.63,0.61,Max Muncy,571970,FS,46,5,2.21,0.14
1.02,1.37,0.83,1.08,0.74,1.95,1.0,1.02,1.14,1.01,1.76,0.73,Max Muncy,571970,KC,53,3,1.66,0.14
1.25,1.62,1.07,1.14,1.16,2.78,0.95,1.07,1.23,1.02,1.27,0.83,Max Muncy,571970,KN,3,1,2.02,0.14
1.23,2.06,0.55,0.88,0.88,0.62,0.87,1.33,1.04,1.06,3.03,0.43,Max Muncy,571970,SI,163,26,2.52,0.14
1.54,1.69,0.55,1.39,0.94,0.98,0.91,1.22,1.01,1.04,1.51,0.59,Max Muncy,571970,SL,168,29,1.46,0.14
1.33,1.34,1.19,0.88,0.93,2.39,0.96,1.15,1.08,1.04,0.75,1.14,Max Muncy,571970,ST,93,4,1.88,0.14
1.15,1.05,0.91,1.01,0.94,1.97,1.03,1.01,1.21,1.02,1.15,0.89,Max Muncy,571970,SV,5,1,1.35,0.14
1.2,1.15,1.14,1.0,1.13,2.56,1.09,1.03,1.06,1.0,0.63,1.14,Max Muncy,691777,CH,74,15,1.49,-1.09
1.05,0.98,0.98,0.92,0.96,2.39,1.07,0.98,1.08,0.99,1.3,0.76,Max Muncy,691777,CU,48,2,1.53,-1.09
0.94,1.46,0.85,1.03,1.23,0.97,1.05,1.23,0.99,1.0,1.22,1.03,Max Muncy,691777,FF,198,33,1.53,-1.09
1.52,2.67,0.7,1.43,0.91,1.59,0.78,1.22,1.31,1.06,1.56,0.61,Max Muncy,691777,FO,3,1,2.25,-1.09
1.12,1.86,0.74,1.04,0.82,1.96,0.91,1.1,1.11,1.02,2.31,0.53,Max Muncy,691777,FS,10,1,2.24,-1.09
0.65,0.87,1.28,0.7,1.31,1.14,1.05,0.58,1.06,0.92,0.87,6.09,Max Muncy,691777,SI,176,34,0.13,-1.09
1.03,2.16,1.03,1.3,1.1,2.79,1.1,1.33,1.06,1.03,0.45,1.93,Max Muncy,691777,SL,147,28,2.13,-1.09
0.99,0.71,1.04,0.99,1.01,2.46,1.03,0.98,1.08,1.01,0.66,1.71,Max Muncy,691777,ST,60,10,1.12,-1.09
1.11,1.01,0.97,0.97,0.9,1.98,1.02,1.01,1.19,1.01,1.05,0.95,Max Muncy,691777,SV,8,2,1.35,-1.09
1.42,2.64,0.82,0.94,1.19,2.27,0.98,1.41,1.08,1.03,1.69,0.64,Sean Murphy,669221,CH,78,14,3.02,-1.67
0.91,0.73,1.01,1.07,0.94,2.47,1.11,0.84,1.06,1.0,1.39,0.96,Sean Murphy,669221,CU,47,10,1.14,-1.67
1.06,1.42,1.23,0.81,1.24,1.07,0.94,1.17,1.04,1.0,0.71,1.21,Sean Murphy,669221,FF,304,39,1.6,-1.67
1.27,1.63,0.76,1.21,0.82,2.19,0.93,1.15,1.1,1.03,2.16,0.59,Sean Murphy,669221,FS,11,2,2.1,-1.67
1.02,1.03,0.92,1.05,0.84,2.09,1.05,0.98,1.12,1.0,1.61,0.85,Sean Murphy,669221,KC,23,4,1.45,-1.67
0.7,1.42,1.06,1.1,1.25,0.72,0.91,1.02,1.02,0.96,0.77,0.81,Sean Murphy,669221,SI,220,40,1.13,-1.67
1.04,1.9,1.31,0.61,1.24,2.89,0.96,1.08,1.07,1.01,0.48,1.1,Sean Murphy,669221,SL,223,30,2.38,-1.67
1.31,1.27,1.15,0.8,0.99,3.06,1.13,1.06,1.07,1.03,0.77,1.41,Sean Murphy,669221,ST,79,15,1.87,-1.67
1.35,1.57,0.84,1.31,0.91,2.01,0.99,1.25,1.05,1.04,1.22,0.74,Dane Myers,667472,CH,44,7,1.79,-0.82
1.01,1.03,1.09,0.86,0.93,2.42,1.06,0.93,1.05,1.02,1.06,1.01,Dane Myers,667472,CU,26,8,1.48,-0.82
1.09,0.68,1.27,0.95,1.07,1.05,1.04,0.97,1.0,1.01,0.65,1.77,Dane Myers,667472,FF,135,17,0.74,-0.82
0.94,1.33,1.04,0.81,1.36,1.16,0.84,0.88,1.0,1.02,0.81,0.87,Dane Myers,667472,SI,76,11,1.23,-0.82
0.74,1.34,1.25,0.99,0.89,2.02,0.82,1.02,1.02,0.99,1.01,1.05,Dane Myers,667472,SL,66,9,1.71,-0.82
0.97,0.68,1.1,1.3,0.73,1.76,0.99,1.11,1.08,1.02,0.69,2.16,Dane Myers,667472,ST,30,4,0.87,-0.82
1.01,1.26,0.71,1.0,0.82,1.97,0.9,1.0,1.09,1.01,2.54,0.47,Dane Myers,667472,FS,20,2,1.9,-0.82
0.87,0.91,0.84,1.07,0.69,1.8,1.08,1.02,1.12,0.98,1.66,0.64,Dane Myers,667472,KC,12,6,1.34,-0.82
1.15,1.05,1.0,1.01,1.02,2.22,1.03,1.02,1.21,1.02,1.04,1.09,Dane Myers,667472,SV,8,1,1.42,-0.82
1.17,0.96,0.94,1.02,0.81,1.07,1.14,0.98,1.07,1.04,1.16,2.25,Carlos Narvaez,665966,CH,12,2,0.8,-1.07
0.86,0.83,0.99,0.69,0.76,1.69,1.0,0.86,1.08,1.0,1.44,0.71,Carlos Narvaez,665966,CU,7,1,1.31,-1.07
1.17,1.36,0.89,0.89,1.36,1.33,1.07,1.02,1.02,1.03,1.04,1.36,Carlos Narvaez,665966,FF,22,1,1.3,-1.07
1.04,0.46,1.15,0.67,0.92,1.27,0.9,0.77,1.04,0.97,0.26,3.56,Carlos Narvaez,665966,SI,13,1,0.32,-1.07
1.03,1.32,1.29,0.78,1.13,1.09,1.06,1.04,1.03,1.01,0.56,1.94,Carlos Narvaez,665966,SL,8,1,1.25,-1.07
1.13,1.13,0.78,0.89,0.74,2.18,0.89,0.96,1.09,1.01,1.87,0.58,Carlos Narvaez,665966,FS,40,5,1.72,-1.07
0.94,1.0,1.06,0.84,0.72,1.7,1.0,0.89,1.12,1.01,1.17,0.98,Carlos Narvaez,665966,KC,17,4,1.26,-1.07
1.61,1.35,1.03,1.09,0.87,2.65,1.07,1.19,1.1,1.07,0.84,1.74,Carlos Narvaez,665966,ST,100,16,1.73,-1.07
1.07,0.99,0.85,0.94,1.01,2.0,1.01,0.97,1.2,1.02,1.26,0.95,Carlos Narvaez,665966,SV,12,3,1.34,-1.07
1.19,1.18,0.8,1.13,0.78,2.09,0.95,1.08,1.06,1.02,1.55,0.73,Omar Narvaez,553882,CH,24,5,1.6,0.74
1.02,0.95,0.86,1.03,0.77,2.15,1.11,0.95,1.08,1.01,1.33,0.76,Omar Narvaez,553882,CU,25,3,1.28,0.74
0.84,0.61,1.37,0.84,1.13,3.26,0.99,0.8,1.0,0.97,0.81,1.2,Omar Narvaez,553882,FF,92,15,1.4,0.74
0.94,1.17,0.88,0.93,0.74,1.84,0.91,0.96,1.09,0.98,1.37,0.77,Omar Narvaez,553882,FS,12,4,1.48,0.74
0.94,1.07,0.8,0.91,0.7,1.82,1.06,0.92,1.12,0.99,2.12,0.63,Omar Narvaez,553882,KC,6,2,1.53,0.74
0.92,1.08,0.79,1.03,1.74,3.26,1.04,0.97,1.02,0.98,2.7,0.54,Omar Narvaez,553882,SI,39,9,2.16,0.74
0.7,0.69,0.96,1.14,0.76,2.0,1.01,0.87,1.0,0.99,1.12,0.89,Omar Narvaez,553882,SL,36,10,0.93,0.74
0.97,0.55,1.26,1.04,0.76,0.9,0.89,0.76,1.01,0.94,0.35,1.57,Bo Naylor,666310,CH,219,46,0.28,-0.9
1.18,1.07,0.99,0.89,0.72,2.28,0.98,0.96,1.07,0.99,1.17,1.11,Bo Naylor,666310,CU,110,10,1.49,-0.9
0.93,1.14,0.57,0.98,0.91,0.91,1.05,0.84,1.01,1.01,1.52,0.56,Bo Naylor,666310,FF,544,77,0.88,-0.9
1.26,1.36,0.84,1.43,0.86,2.04,0.92,1.16,1.1,1.03,1.76,0.76,Bo Naylor,666310,FS,48,4,1.68,-0.9
1.19,0.92,0.83,0.91,0.83,2.33,1.04,0.96,1.12,1.02,1.79,0.85,Bo Naylor,666310,KC,46,3,1.55,-0.9
1.18,1.61,0.6,1.27,1.19,2.01,0.97,1.17,1.03,1.03,3.41,1.4,Bo Naylor,666310,SI,159,35,2.24,-0.9
0.84,0.78,0.83,0.93,0.93,2.77,0.97,0.8,1.0,0.93,1.82,0.79,Bo Naylor,666310,SL,230,31,1.44,-0.9
1.35,1.48,1.1,0.81,0.92,2.66,0.95,1.1,1.08,1.02,1.05,1.18,Bo Naylor,666310,ST,93,9,2.07,-0.9
1.15,1.05,0.91,1.01,0.91,2.05,1.0,1.01,1.21,1.02,1.15,0.89,Bo Naylor,666310,SV,9,1,1.39,-0.9
1.31,1.1,0.97,0.84,0.8,0.98,1.03,1.08,1.12,1.05,0.74,2.18,Josh Naylor,647304,CH,383,76,1.03,-0.68
1.21,1.39,0.72,1.14,0.97,2.76,1.07,1.18,1.09,1.02,1.17,1.39,Josh Naylor,647304,CU,157,9,1.79,-0.68
0.96,0.6,1.14,0.84,0.6,1.64,1.08,0.9,1.01,1.0,0.83,1.09,Josh Naylor,647304,FF,609,157,0.92,-0.68
1.01,1.24,0.92,1.04,0.84,2.54,0.94,0.99,1.08,0.98,1.0,0.75,Josh Naylor,647304,FS,104,17,1.59,-0.68
1.06,0.97,0.96,1.0,0.82,2.22,1.09,0.95,1.13,0.99,1.57,0.86,Josh Naylor,647304,KC,77,7,1.43,-0.68
1.25,1.62,1.07,0.99,1.16,2.78,0.96,1.0,1.23,1.03,1.39,0.83,Josh Naylor,647304,KN,8,1,2.05,-0.68
1.01,1.02,1.01,1.03,1.24,1.32,1.18,0.95,1.03,1.01,0.22,1.22,Josh Naylor,647304,SI,284,83,0.7,-0.68
1.0,1.18,1.1,0.85,1.0,1.05,1.19,0.86,1.03,1.0,0.93,0.92,Josh Naylor,647304,SL,321,55,0.97,-0.68
1.24,1.01,0.7,1.29,1.05,2.59,1.1,1.13,1.06,1.03,1.14,0.66,Josh Naylor,647304,ST,129,19,1.42,-0.68
1.52,2.67,0.7,1.43,0.89,1.47,0.76,1.16,1.32,1.07,1.63,0.7,Josh Naylor,647304,FO,3,1,2.15,-0.68
1.15,1.05,0.91,1.17,0.91,2.14,1.01,1.09,1.21,1.02,1.09,1.02,Josh Naylor,647304,SV,7,1,1.39,-0.68
1.49,2.1,0.82,0.89,1.22,3.15,0.94,1.22,1.05,1.04,1.14,0.98,Zach Neto,687263,CH,210,32,2.6,-1.27
1.12,0.55,0.92,1.18,0.96,2.66,0.93,0.98,1.06,1.0,1.33,0.88,Zach Neto,687263,CU,158,19,1.26,-1.27
1.26,1.56,0.82,0.92,0.85,1.17,1.12,1.22,1.03,1.03,1.22,0.61,Zach Neto,687263,FF,576,119,1.69,-1.27
1.28,1.43,0.83,1.05,0.97,2.37,0.94,1.1,1.1,1.03,1.63,0.79,Zach Neto,687263,FS,70,4,1.92,-1.27
1.05,1.21,0.8,0.95,0.85,2.07,0.98,0.97,1.13,1.0,1.89,0.62,Zach Neto,687263,KC,27,4,1.68,-1.27
1.06,0.88,0.82,1.36,1.19,0.89,1.0,1.09,1.02,0.99,1.87,0.87,Zach Neto,687263,SI,441,97,1.01,-1.27
1.07,1.92,0.89,1.22,1.08,1.13,1.16,1.21,1.04,1.0,1.02,0.89,Zach Neto,687263,SL,430,70,1.58,-1.27
0.8,1.44,1.05,1.02,1.24,2.6,0.9,0.95,1.08,0.99,1.02,1.79,Zach Neto,687263,ST,212,33,1.65,-1.27
1.19,1.01,0.97,1.14,1.06,2.23,1.02,1.04,1.21,1.02,1.05,1.1,Zach Neto,687263,SV,11,2,1.34,-1.27
0.91,0.81,0.98,0.97,0.84,2.14,1.02,0.88,1.03,0.99,1.53,0.97,Kevin Newman,621028,CH,90,23,1.27,-0.77
0.86,0.81,1.11,1.1,0.76,1.88,1.08,0.96,1.06,1.0,0.94,1.26,Kevin Newman,621028,CU,61,12,1.03,-0.77
0.8,0.4,1.22,1.04,0.43,2.61,1.07,0.76,0.98,0.99,0.73,1.43,Kevin Newman,621028,FF,319,70,0.77,-0.77
1.11,1.23,0.71,1.1,0.76,1.86,0.92,1.06,1.1,1.02,2.1,0.71,Kevin Newman,621028,FS,14,2,1.7,-0.77
0.77,0.89,0.98,0.89,0.68,2.12,1.02,0.96,1.1,0.96,1.33,1.08,Kevin Newman,621028,KC,33,7,1.4,-0.77
1.35,1.62,1.07,0.99,1.13,2.89,0.95,1.04,1.23,1.03,1.23,0.89,Kevin Newman,621028,KN,6,1,2.09,-0.77
0.83,0.44,1.26,0.68,1.12,2.11,0.97,0.8,0.97,0.98,0.25,1.47,Kevin Newman,621028,SI,197,49,0.84,-0.77
0.73,0.7,1.14,0.88,0.81,1.69,0.99,0.87,1.02,0.97,0.65,0.97,Kevin Newman,621028,SL,189,40,0.93,-0.77
0.88,0.76,1.07,0.89,0.95,2.34,1.08,0.92,1.05,1.0,0.94,1.19,Kevin Newman,621028,ST,78,17,1.22,-0.77
1.21,1.21,0.85,1.16,0.87,2.0,0.97,1.07,1.06,1.03,1.37,0.91,Tomas Nido,621512,CH,50,10,1.49,-1.21
1.17,1.31,1.07,0.96,0.85,2.27,1.12,1.03,1.08,1.02,1.1,1.08,Tomas Nido,621512,CU,41,5,1.62,-1.21
0.9,0.83,1.55,0.94,1.32,4.74,1.11,0.86,1.01,0.97,0.7,1.52,Tomas Nido,621512,FF,156,26,1.93,-1.21
0.95,1.31,0.7,1.07,1.68,3.36,1.08,1.06,1.02,0.99,2.81,0.48,Tomas Nido,621512,SI,59,14,2.4,-1.21
1.0,0.86,1.0,0.99,0.86,2.48,1.07,0.92,1.03,1.01,0.89,1.11,Tomas Nido,621512,SL,90,21,1.22,-1.21
1.23,1.0,1.17,1.15,0.93,2.38,1.07,1.07,1.08,1.03,0.67,1.55,Tomas Nido,621512,ST,53,13,1.3,-1.21
0.97,1.11,0.82,1.09,0.73,1.81,1.04,1.01,1.13,1.0,1.79,0.72,Tomas Nido,621512,KC,2,1,1.46,-1.21
1.43,2.2,0.71,1.27,0.88,1.33,0.89,1.36,1.05,1.07,1.79,0.73,Brandon Nimmo,607043,CH,208,40,2.24,-0.46
1.04,0.83,1.34,0.61,0.82,2.28,0.86,0.82,1.06,1.0,0.37,1.76,Brandon Nimmo,607043,CU,203,23,1.24,-0.46
1.2,0.98,1.16,0.9,0.99,0.62,0.94,1.03,1.02,1.02,0.75,1.34,Brandon Nimmo,607043,FF,1011,138,0.95,-0.46
1.06,1.34,0.96,0.99,0.9,2.05,0.94,1.0,1.1,1.02,1.49,0.84,Brandon Nimmo,607043,FS,86,13,1.69,-0.46
1.09,1.28,0.8,0.92,0.76,2.01,0.97,0.99,1.13,1.02,1.8,0.72,Brandon Nimmo,607043,KC,51,6,1.71,-0.46
1.35,2.31,1.07,0.99,1.16,2.78,0.93,1.07,1.24,1.03,1.3,0.72,Brandon Nimmo,607043,KN,6,1,2.5,-0.46
1.08,0.99,0.9,1.16,0.96,0.92,0.97,1.09,1.03,1.03,1.4,1.05,Brandon Nimmo,607043,SI,453,85,1.09,-0.46
1.16,1.05,1.1,0.89,1.0,1.08,1.15,0.95,1.04,1.02,0.85,1.08,Brandon Nimmo,607043,SL,359,51,0.98,-0.46
1.48,0.6,1.16,0.9,0.73,1.78,1.05,1.02,1.04,1.06,0.63,2.93,Brandon Nimmo,607043,ST,121,21,0.84,-0.46
1.28,1.46,0.88,0.97,0.9,1.9,1.01,1.14,1.21,1.03,1.13,0.95,Brandon Nimmo,607043,SV,9,2,1.72,-0.46
1.25,1.55,0.8,1.12,0.91,2.3,0.93,1.13,1.07,1.02,1.56,0.67,Ryan Noda,676116,CH,31,4,1.95,0.65
1.09,0.96,0.93,0.94,0.9,2.09,1.09,0.93,1.08,1.01,1.29,0.84,Ryan Noda,676116,CU,46,6,1.31,0.65
1.06,0.7,1.3,0.91,1.49,3.7,0.88,0.84,1.02,0.97,0.98,1.35,Ryan Noda,676116,FF,187,24,1.64,0.65
1.01,1.26,0.86,1.0,0.83,2.21,0.9,0.99,1.09,1.0,1.8,0.7,Ryan Noda,676116,FS,18,2,1.77,0.65
0.97,1.11,0.91,0.94,0.72,1.81,0.99,0.96,1.13,0.99,1.69,0.78,Ryan Noda,676116,KC,14,1,1.5,0.65
1.0,1.09,0.75,1.12,1.91,3.55,1.0,1.01,1.03,0.99,3.04,0.66,Ryan Noda,676116,SI,66,9,2.34,0.65
0.99,0.88,1.04,1.01,0.84,2.21,0.94,0.92,1.04,1.01,1.02,1.14,Ryan Noda,676116,SL,53,4,1.24,0.65
1.2,1.02,1.28,0.98,0.84,2.13,1.02,1.03,1.09,1.03,0.7,1.62,Ryan Noda,676116,ST,19,2,1.35,0.65
1.11,1.01,0.88,1.14,0.91,1.9,1.02,1.06,1.2,1.02,1.24,1.02,Ryan Noda,676116,SV,5,2,1.3,0.65
1.28,1.21,0.85,1.16,1.14,3.18,1.11,1.18,1.08,1.06,1.41,0.93,Jhonkensy Noel,678877,CH,84,18,1.96,-1.2
1.03,0.95,0.86,0.87,0.91,2.5,1.14,0.9,1.08,1.02,1.41,0.76,Jhonkensy Noel,678877,CU,42,8,1.43,-1.2
0.87,0.74,1.8,0.77,1.24,4.03,1.1,0.83,1.06,0.97,0.56,1.5,Jhonkensy Noel,678877,FF,183,30,1.79,-1.2
1.07,1.44,0.73,1.03,0.77,2.12,0.92,1.04,1.1,1.01,2.59,0.59,Jhonkensy Noel,678877,FS,16,2,2.07,-1.2
1.08,1.54,0.88,0.91,0.67,2.05,1.03,1.1,1.14,1.01,1.64,0.68,Jhonkensy Noel,678877,KC,17,2,1.97,-1.2
0.85,1.15,1.13,0.74,1.62,4.17,1.11,0.81,1.05,0.96,1.2,1.12,Jhonkensy Noel,678877,SI,115,16,2.03,-1.2
1.19,1.08,1.13,0.9,0.99,3.82,1.09,1.0,1.08,1.02,0.9,1.31,Jhonkensy Noel,678877,SL,154,24,1.93,-1.2
1.11,1.18,1.07,0.85,1.07,3.25,1.1,0.93,1.07,1.02,1.09,1.45,Jhonkensy Noel,678877,ST,63,7,1.76,-1.2
1.15,1.05,0.91,1.14,0.93,2.04,1.02,1.02,1.21,1.02,1.14,1.02,Jhonkensy Noel,678877,SV,7,1,1.29,-1.2
1.12,1.18,0.95,0.98,0.84,1.86,0.91,1.0,1.06,1.02,1.33,0.88,Austin Nola,543592,CH,11,2,1.51,-1.08
1.09,1.01,1.01,0.95,0.8,2.12,1.13,0.99,1.09,1.02,1.16,1.07,Austin Nola,543592,CU,7,1,1.37,-1.08
0.83,0.56,1.25,0.94,1.11,2.97,1.04,0.85,1.0,0.97,0.75,1.27,Austin Nola,543592,FF,55,9,1.2,-1.08
1.07,0.69,0.72,0.91,1.34,2.73,1.08,1.0,1.03,0.99,2.63,0.6,Austin Nola,543592,SI,32,13,1.84,-1.08
1.02,0.87,0.94,1.0,0.75,2.1,0.98,0.93,1.04,1.01,1.01,0.96,Austin Nola,543592,SL,17,5,1.18,-1.08
1.28,1.03,1.29,0.99,0.8,2.13,1.02,1.03,1.09,1.04,0.68,1.68,Austin Nola,543592,ST,7,1,1.34,-1.08
1.04,1.58,0.79,0.99,0.93,1.11,0.83,0.97,1.04,1.0,1.83,0.65,Lars Nootbaar,663457,CH,196,23,1.59,-0.73
1.33,1.36,0.88,1.09,0.73,1.81,0.75,1.06,1.08,1.03,1.16,1.03,Lars Nootbaar,663457,CU,119,10,1.57,-0.73
1.13,0.97,0.99,1.21,0.55,0.96,0.85,1.0,1.05,1.04,0.98,1.49,Lars Nootbaar,663457,FF,549,91,0.85,-0.73
0.88,1.01,0.86,0.83,0.98,2.77,0.89,0.88,1.1,1.01,1.87,0.56,Lars Nootbaar,663457,FS,67,10,1.82,-0.73
1.06,1.36,0.93,0.89,0.72,1.88,0.98,1.01,1.13,1.0,1.64,0.79,Lars Nootbaar,663457,KC,36,5,1.75,-0.73
1.02,1.1,1.06,1.12,0.74,0.72,0.87,0.93,1.05,1.0,0.83,1.87,Lars Nootbaar,663457,SI,270,64,0.74,-0.73
1.35,1.32,0.88,0.75,1.04,1.21,0.82,0.97,1.03,1.04,1.1,1.06,Lars Nootbaar,663457,SL,187,25,1.41,-0.73
1.14,1.08,1.14,0.84,0.95,2.42,0.84,0.92,1.07,1.02,0.83,1.45,Lars Nootbaar,663457,ST,110,14,1.5,-0.73
1.24,1.0,0.86,1.22,0.9,1.85,0.98,1.07,1.21,1.03,1.07,1.1,Lars Nootbaar,663457,SV,8,1,1.19,-0.73
0.98,1.1,0.81,1.13,1.1,2.91,1.06,0.99,1.02,0.99,1.63,0.6,Connor Norby,681393,CH,64,13,1.69,-0.53
1.09,0.85,0.94,0.91,0.95,2.4,1.1,0.95,1.06,1.01,1.18,0.9,Connor Norby,681393,CU,53,4,1.35,-0.53
0.96,1.21,0.97,1.02,1.27,1.35,1.22,1.0,1.0,1.01,1.06,0.84,Connor Norby,681393,FF,246,39,1.15,-0.53
0.96,1.15,0.81,1.07,0.93,2.72,0.99,0.97,1.08,1.0,1.8,0.62,Connor Norby,681393,FS,27,6,1.75,-0.53
1.0,1.16,0.82,1.17,0.82,2.27,1.06,1.08,1.13,1.0,1.76,0.72,Connor Norby,681393,KC,20,5,1.65,-0.53
0.71,0.69,1.12,1.06,1.02,1.45,1.19,1.05,1.01,0.96,1.56,0.85,Connor Norby,681393,SI,104,18,1.18,-0.53
0.94,1.76,0.66,1.2,1.01,1.14,1.08,0.97,1.0,0.99,1.63,0.37,Connor Norby,681393,SL,140,16,1.38,-0.53
1.28,0.96,1.03,1.11,1.01,2.18,0.98,1.15,1.07,1.04,0.77,1.27,Connor Norby,681393,ST,56,8,1.4,-0.53
1.15,1.05,0.91,1.01,0.93,1.97,0.99,1.08,1.2,1.02,1.12,0.89,Connor Norby,681393,SV,5,1,1.45,-0.53
1.14,1.09,0.85,0.93,0.92,2.03,0.91,1.01,1.05,1.02,1.38,0.9,Nasim Nunez,683083,CH,32,8,1.54,0.0
1.02,0.96,1.04,0.89,0.89,2.06,1.1,0.93,1.08,1.01,1.1,1.01,Nasim Nunez,683083,CU,19,1,1.29,0.0
0.95,0.57,1.87,1.13,0.8,3.56,1.05,0.87,1.01,0.95,0.22,3.43,Nasim Nunez,683083,FF,141,20,1.12,0.0
0.97,1.11,0.91,0.94,0.73,1.83,1.03,0.96,1.13,1.0,1.56,0.78,Nasim Nunez,683083,KC,8,1,1.45,0.0
1.0,1.03,0.83,0.93,1.81,3.57,1.03,0.96,1.02,0.98,2.33,0.69,Nasim Nunez,683083,SI,52,11,2.17,0.0
1.02,0.95,1.02,0.93,0.75,2.36,0.96,0.99,1.05,0.99,1.08,1.04,Nasim Nunez,683083,SL,18,1,1.48,0.0
1.11,0.96,1.2,0.92,0.84,2.16,1.01,0.96,1.07,1.02,0.78,1.46,Nasim Nunez,683083,ST,16,3,1.29,0.0
1.05,1.22,0.91,0.96,0.75,2.07,0.91,0.96,1.08,1.0,1.53,0.76,Nasim Nunez,683083,FS,15,3,1.61,0.0
1.22,0.6,1.2,0.83,0.88,1.01,0.93,0.87,0.99,1.0,0.27,1.36,Ryan O'Hearn,656811,CH,259,50,0.58,-0.94
1.28,0.86,0.93,1.16,0.94,2.87,1.05,1.04,1.05,1.02,1.16,1.28,Ryan O'Hearn,656811,CU,191,18,1.43,-0.94
1.12,1.01,0.93,1.05,0.62,0.96,0.92,1.16,1.01,1.03,0.78,1.01,Ryan O'Hearn,656811,FF,594,119,1.13,-0.94
0.83,1.52,0.97,1.08,0.58,1.66,0.93,0.94,1.09,1.02,0.95,0.97,Ryan O'Hearn,656811,FS,85,21,1.36,-0.94
0.99,1.33,0.78,0.88,0.74,1.85,1.01,1.02,1.12,1.01,1.87,0.58,Ryan O'Hearn,656811,KC,49,7,1.77,-0.94
1.09,0.44,0.95,1.46,0.77,0.92,1.0,1.06,1.01,0.99,0.48,1.22,Ryan O'Hearn,656811,SI,241,60,0.28,-0.94
1.22,1.3,0.75,0.89,1.06,0.92,1.09,1.07,1.02,1.0,1.1,0.55,Ryan O'Hearn,656811,SL,210,51,1.25,-0.94
1.16,1.29,0.88,0.82,0.89,2.46,0.93,1.02,1.05,1.02,1.02,1.14,Ryan O'Hearn,656811,ST,90,12,1.73,-0.94
1.14,1.04,0.9,1.04,0.95,2.06,0.98,1.04,1.21,1.02,1.18,1.04,Ryan O'Hearn,656811,SV,11,2,1.41,-0.94
1.35,2.06,0.7,1.39,1.2,2.73,1.14,1.37,1.05,1.03,1.48,0.93,Logan O'Hoppe,681351,CH,185,30,2.32,-0.63
1.15,1.78,0.88,0.82,1.06,2.42,1.12,1.11,1.08,1.02,1.58,0.71,Logan O'Hoppe,681351,CU,112,14,2.22,-0.63
1.17,1.51,0.55,1.32,1.34,1.25,1.02,1.19,1.01,1.03,1.21,0.77,Logan O'Hoppe,681351,FF,537,81,1.32,-0.63
1.33,1.59,0.72,0.98,1.03,2.27,0.93,1.14,1.1,1.03,2.11,0.66,Logan O'Hoppe,681351,FS,60,12,2.2,-0.63
1.03,1.38,0.84,1.05,0.77,1.95,1.06,1.06,1.14,1.0,1.82,0.68,Logan O'Hoppe,681351,KC,32,4,1.74,-0.63
1.02,1.07,0.85,0.99,1.29,1.05,1.14,0.98,1.05,1.0,1.94,0.85,Logan O'Hoppe,681351,SI,353,76,1.23,-0.63
1.23,0.99,1.08,1.04,1.3,1.06,1.13,0.95,1.06,0.99,0.98,0.8,Logan O'Hoppe,681351,SL,373,59,0.91,-0.63
1.64,2.23,0.92,1.01,1.5,1.08,1.16,1.25,1.07,1.06,1.12,0.72,Logan O'Hoppe,681351,ST,200,31,1.95,-0.63
1.18,1.02,0.98,1.12,0.97,1.99,1.02,1.05,1.21,1.02,1.06,1.1,Logan O'Hoppe,681351,SV,3,1,1.3,-0.63
1.37,1.51,0.94,1.15,1.17,2.75,0.97,1.19,1.06,1.02,0.96,0.84,Tyler O'Neill,641933,CH,203,26,1.96,-1.82
0.97,1.46,0.83,0.96,0.96,2.17,1.06,1.15,1.08,1.01,1.65,0.78,Tyler O'Neill,641933,CU,112,8,1.97,-1.82
1.11,2.84,0.45,0.68,1.19,1.01,1.09,1.38,1.05,1.05,1.64,0.4,Tyler O'Neill,641933,FF,579,78,2.71,-1.82
1.0,1.25,0.78,0.97,0.8,1.84,0.88,0.99,1.1,1.0,2.39,0.63,Tyler O'Neill,641933,FS,43,9,1.83,-1.82
0.97,1.49,0.85,1.17,0.83,2.06,1.01,1.05,1.14,0.99,1.6,0.79,Tyler O'Neill,641933,KC,46,3,1.69,-1.82
0.83,1.42,0.93,0.9,1.37,2.88,1.09,1.0,1.02,0.95,3.04,0.37,Tyler O'Neill,641933,SI,301,51,2.49,-1.82
1.21,1.66,0.85,0.76,1.01,2.19,0.94,1.16,1.05,1.02,1.35,0.79,Tyler O'Neill,641933,SL,318,38,2.18,-1.82
1.23,1.37,1.03,1.27,0.97,2.52,0.97,1.2,1.07,1.04,0.83,1.22,Tyler O'Neill,641933,ST,155,14,1.71,-1.82
1.13,1.02,1.03,0.98,0.99,2.18,1.01,1.02,1.18,1.0,0.89,1.13,Tyler O'Neill,641933,SV,17,1,1.38,-1.82
1.52,2.05,1.06,0.9,1.14,0.97,0.89,1.38,1.11,1.04,0.91,1.25,Shohei Ohtani,660271,CH,313,57,2.12,-0.8
1.32,2.87,0.78,1.16,1.27,3.68,1.11,1.51,1.11,1.06,1.41,0.61,Shohei Ohtani,660271,CU,175,25,3.43,-0.8
1.48,2.45,0.81,0.97,1.27,1.04,0.92,1.46,1.1,1.07,1.08,0.83,Shohei Ohtani,660271,FF,823,124,2.41,-0.8
1.21,2.31,0.76,0.98,0.92,2.34,0.88,1.28,1.13,1.06,2.08,0.5,Shohei Ohtani,660271,FS,135,24,2.83,-0.8
1.18,1.24,0.62,1.03,0.89,1.98,1.15,1.28,1.14,1.03,1.7,0.79,Shohei Ohtani,660271,KC,55,6,1.83,-0.8
1.35,1.62,1.07,0.99,1.13,3.01,0.91,1.04,1.24,1.03,1.33,0.72,Shohei Ohtani,660271,KN,14,1,2.19,-0.8
1.17,2.71,1.03,1.27,1.43,1.34,0.82,1.39,1.08,1.05,0.75,1.27,Shohei Ohtani,660271,SI,425,88,2.34,-0.8
1.41,3.5,0.93,1.08,1.26,0.82,1.0,1.68,1.11,1.07,1.04,0.67,Shohei Ohtani,660271,SL,442,74,3.13,-0.8
1.64,1.74,1.24,1.03,1.12,2.33,0.98,1.23,1.09,1.06,0.65,1.74,Shohei Ohtani,660271,ST,174,23,1.99,-0.8
1.63,2.67,0.7,1.43,0.89,1.47,0.76,1.17,1.33,1.07,1.59,0.61,Shohei Ohtani,660271,FO,4,1,2.16,-0.8
1.11,1.01,0.97,0.97,1.05,2.23,1.05,1.02,1.2,1.01,1.07,0.95,Shohei Ohtani,660271,SV,15,2,1.43,-0.8
1.38,1.29,1.02,1.07,0.82,0.96,0.77,1.09,1.06,1.07,1.1,1.38,Matt Olson,621566,CH,266,44,1.31,-0.57
1.63,2.07,0.86,1.1,1.05,1.47,1.1,1.26,1.08,1.05,1.11,0.77,Matt Olson,621566,CU,187,20,1.94,-0.57
1.37,1.7,0.97,1.25,1.24,0.92,1.01,1.18,1.05,1.04,0.93,1.0,Matt Olson,621566,FF,1135,152,1.38,-0.57
0.98,1.31,0.81,1.22,0.89,2.73,0.79,1.0,1.09,1.02,2.08,0.76,Matt Olson,621566,FS,77,5,1.93,-0.57
1.08,1.1,0.88,0.9,0.76,2.26,0.98,0.95,1.14,1.01,1.77,0.68,Matt Olson,621566,KC,63,9,1.67,-0.57
1.17,1.52,1.21,1.07,1.1,2.82,0.95,0.98,1.22,1.02,1.12,0.97,Matt Olson,621566,KN,10,3,1.9,-0.57
1.32,1.78,0.83,1.32,1.43,0.96,1.06,1.23,1.06,1.04,1.63,0.79,Matt Olson,621566,SI,370,68,1.62,-0.57
1.53,2.04,0.82,1.08,0.96,1.07,0.97,1.16,1.07,1.05,1.39,2.4,Matt Olson,621566,SL,357,51,1.64,-0.57
1.49,0.35,1.02,0.99,0.72,2.89,0.94,0.98,1.08,1.06,0.82,1.49,Matt Olson,621566,ST,155,21,1.15,-0.57
1.25,1.41,0.84,1.06,1.01,2.03,1.0,1.07,1.21,1.03,1.26,1.0,Matt Olson,621566,SV,23,4,1.61,-0.57
1.08,1.0,1.0,0.94,0.81,2.01,1.14,0.98,1.07,1.02,1.07,1.09,Jonathan Ornelas,680716,CU,5,2,1.28,-1.0
1.0,0.58,1.7,0.83,1.08,3.88,0.97,0.86,1.02,1.0,0.44,2.66,Jonathan Ornelas,680716,FF,56,8,1.52,-1.0
0.98,1.1,0.76,1.1,2.0,3.47,1.02,1.05,1.02,1.0,2.49,0.63,Jonathan Ornelas,680716,SI,30,3,2.22,-1.0
1.11,0.97,1.09,0.99,0.85,2.49,0.97,0.98,1.04,1.02,0.78,1.26,Jonathan Ornelas,680716,SL,37,5,1.38,-1.0
1.31,0.99,1.19,1.08,0.83,2.22,1.05,1.05,1.06,1.03,0.75,1.64,Jonathan Ornelas,680716,ST,14,5,1.29,-1.0
1.16,1.23,0.89,1.01,0.82,2.01,0.94,1.04,1.04,1.02,1.14,0.82,Jonathan Ornelas,680716,CH,2,1,1.53,-1.0
1.21,1.1,0.81,0.91,0.84,1.98,0.95,0.99,1.04,1.04,1.51,0.67,Tirso Ornelas,672359,CH,12,4,1.54,0.0
0.83,0.66,1.44,0.79,1.04,3.64,0.98,0.81,1.0,0.97,0.8,1.56,Tirso Ornelas,672359,FF,25,5,1.58,0.0
1.08,1.26,0.86,1.0,0.74,1.89,0.92,1.01,1.08,1.02,1.8,0.7,Tirso Ornelas,672359,FS,2,2,1.68,0.0
0.98,1.68,0.73,1.02,1.84,3.42,1.04,1.15,1.02,1.0,2.82,0.47,Tirso Ornelas,672359,SI,2,1,2.79,0.0
0.69,0.74,1.27,0.71,0.78,1.82,1.04,0.72,1.01,0.94,0.45,2.13,Joey Ortiz,687401,CH,138,31,0.74,-0.65
0.73,0.6,1.1,1.12,0.78,2.7,0.98,0.94,1.04,0.96,1.01,1.4,Joey Ortiz,687401,CU,116,13,1.19,-0.65
0.97,0.61,1.04,1.11,0.76,0.98,0.96,0.86,1.01,0.98,1.05,1.35,Joey Ortiz,687401,FF,687,103,0.55,-0.65
1.01,0.91,0.78,0.72,0.73,2.04,0.93,0.86,1.09,1.0,2.31,0.64,Joey Ortiz,687401,FS,25,4,1.65,-0.65
1.04,0.99,0.91,0.95,0.72,2.08,1.03,0.98,1.12,1.0,1.76,0.71,Joey Ortiz,687401,KC,34,5,1.55,-0.65
0.96,0.08,1.15,0.79,0.61,1.32,0.92,0.76,1.02,0.97,0.72,2.18,Joey Ortiz,687401,SI,473,88,0.32,-0.65
0.97,0.2,0.97,1.15,0.68,0.84,0.91,0.86,1.05,0.98,1.22,1.12,Joey Ortiz,687401,SL,340,55,0.34,-0.65
0.54,0.69,1.1,0.89,0.4,1.32,0.99,0.76,1.06,0.91,1.14,1.01,Joey Ortiz,687401,ST,141,21,0.79,-0.65
1.23,1.05,0.91,1.01,0.96,2.14,1.01,1.05,1.21,1.02,1.05,1.09,Joey Ortiz,687401,SV,7,1,1.41,-0.65
1.11,0.64,0.74,1.31,0.61,1.82,0.96,1.04,1.06,1.02,1.41,0.92,Alejandro Osuna,696030,CH,50,15,0.98,0.59
1.06,0.91,0.92,1.15,0.79,2.51,1.07,1.05,1.08,1.02,1.11,1.17,Alejandro Osuna,696030,CU,36,4,1.36,0.59
1.2,1.33,1.19,1.01,1.06,3.02,0.84,1.16,1.03,1.02,0.62,1.49,Alejandro Osuna,696030,FF,192,16,1.98,0.59
0.94,1.08,0.76,1.18,0.75,1.71,0.89,1.07,1.09,1.01,2.28,0.53,Alejandro Osuna,696030,FS,21,6,1.65,0.59
0.97,1.11,0.82,1.09,0.72,1.81,1.04,0.97,1.13,1.0,1.82,0.72,Alejandro Osuna,696030,KC,4,1,1.41,0.59
1.06,1.43,0.94,0.96,1.67,3.58,0.89,0.97,1.03,0.99,1.5,0.81,Alejandro Osuna,696030,SI,61,7,2.21,0.59
1.1,0.81,1.07,0.94,0.68,2.8,1.0,0.96,1.05,1.01,0.81,1.11,Alejandro Osuna,696030,SL,38,7,1.4,0.59
1.15,0.99,1.36,1.11,0.81,2.24,1.05,1.01,1.07,1.02,0.64,1.68,Alejandro Osuna,696030,ST,8,2,1.25,0.59
1.13,1.06,0.74,0.96,0.99,2.34,0.94,1.0,1.06,1.02,1.75,0.62,James Outman,681546,CH,55,8,1.67,0.06
1.02,0.8,0.87,0.84,0.94,2.17,1.12,0.91,1.07,1.01,1.4,0.67,James Outman,681546,CU,48,8,1.3,0.06
0.98,1.12,1.13,0.66,1.44,4.19,0.99,0.98,1.02,0.98,1.01,1.0,James Outman,681546,FF,219,28,2.31,0.06
1.07,1.25,0.84,1.03,0.85,2.19,0.9,1.02,1.11,1.02,1.95,0.67,James Outman,681546,FS,38,3,1.82,0.06
0.94,1.05,0.92,0.97,0.91,2.14,1.09,0.96,1.12,0.99,1.57,0.84,James Outman,681546,KC,19,4,1.48,0.06
1.04,1.32,0.88,1.03,1.76,3.01,1.03,1.09,1.03,0.98,2.16,0.65,James Outman,681546,SI,79,14,2.23,0.06
1.06,1.02,0.98,0.93,0.95,2.95,0.97,0.98,1.05,1.0,0.94,1.06,James Outman,681546,SL,72,6,1.62,0.06
1.25,1.0,1.25,1.0,0.84,2.21,1.0,1.02,1.08,1.03,0.7,1.57,James Outman,681546,ST,49,4,1.34,0.06
1.15,1.05,1.0,1.01,0.97,2.05,1.0,1.03,1.2,1.02,1.07,1.09,James Outman,681546,SV,6,1,1.4,0.06
1.16,0.79,1.03,0.91,0.95,1.05,0.83,0.88,1.07,0.98,0.77,1.04,Marcell Ozuna,542303,CH,266,41,0.82,-0.11
1.22,2.62,1.01,0.88,0.92,3.26,0.99,1.3,1.08,1.02,1.11,0.72,Marcell Ozuna,542303,CU,192,25,3.09,-0.11
1.17,1.43,0.99,0.95,0.91,0.82,0.87,1.21,1.05,1.02,0.83,0.91,Marcell Ozuna,542303,FF,821,122,1.5,-0.11
1.0,1.05,0.81,1.02,0.85,2.14,0.87,1.02,1.1,1.02,2.0,0.79,Marcell Ozuna,542303,FS,73,11,1.71,-0.11
0.94,1.05,0.89,0.9,0.87,2.1,1.05,0.93,1.12,1.0,1.82,0.78,Marcell Ozuna,542303,KC,79,14,1.55,-0.11
1.21,1.56,1.04,1.11,1.24,3.04,0.97,1.02,1.22,1.02,1.46,0.83,Marcell Ozuna,542303,KN,11,2,2.06,-0.11
1.09,0.79,0.9,1.08,1.04,1.12,0.84,1.1,1.04,1.02,0.88,1.04,Marcell Ozuna,542303,SI,511,109,1.02,-0.11
1.15,2.11,0.86,1.12,1.14,1.05,0.79,1.31,1.05,1.03,1.29,0.86,Marcell Ozuna,542303,SL,423,56,2.08,-0.11
0.98,1.55,0.6,0.9,1.18,3.13,0.98,1.13,1.05,1.03,1.47,0.37,Marcell Ozuna,542303,ST,248,36,2.27,-0.11
1.15,1.05,0.91,1.01,1.0,2.22,1.01,1.04,1.21,1.02,1.07,1.09,Marcell Ozuna,542303,SV,16,1,1.43,-0.11
1.41,0.37,0.56,1.57,0.8,3.04,1.12,1.18,1.05,1.04,2.18,0.28,Andy Pages,681624,CH,113,29,1.4,-0.16
0.98,0.89,0.86,1.43,0.87,2.3,1.1,1.22,1.05,0.99,1.19,1.21,Andy Pages,681624,CU,72,14,1.32,-0.16
0.89,1.24,0.75,1.43,0.93,1.01,1.12,1.13,1.03,0.99,1.11,0.64,Andy Pages,681624,FF,619,84,0.97,-0.16
1.08,1.65,0.7,1.26,0.79,2.31,0.94,1.17,1.09,1.01,2.31,0.52,Andy Pages,681624,FS,48,4,2.17,-0.16
0.93,1.1,0.83,0.9,0.83,2.0,1.09,0.92,1.1,0.98,1.93,0.58,Andy Pages,681624,KC,26,5,1.55,-0.16
1.25,1.62,1.07,0.99,1.18,2.89,0.96,1.04,1.23,1.03,1.23,0.89,Andy Pages,681624,KN,4,1,2.09,-0.16
1.02,0.87,0.94,0.53,1.21,1.28,1.1,0.99,1.02,1.0,0.76,0.81,Andy Pages,681624,SI,271,61,1.21,-0.16
0.78,1.08,0.89,1.1,0.73,0.91,1.14,0.93,1.04,0.99,1.36,0.69,Andy Pages,681624,SL,294,50,0.91,-0.16
0.85,1.41,0.39,0.63,0.87,1.17,1.19,0.93,1.07,1.02,1.64,0.45,Andy Pages,681624,ST,140,29,1.38,-0.16
1.11,1.01,0.97,1.14,0.91,1.9,1.02,1.05,1.2,1.02,1.0,1.1,Andy Pages,681624,SV,5,2,1.24,-0.16
1.05,0.67,0.92,1.17,1.17,3.4,1.05,1.02,1.02,1.0,1.43,0.89,Pedro Pages,686780,CH,66,14,1.59,-0.24
1.02,1.83,0.91,0.93,1.05,2.89,1.11,1.15,1.08,1.01,1.16,0.72,Pedro Pages,686780,CU,38,8,2.27,-0.24
1.07,0.58,0.84,1.16,0.92,1.24,1.02,0.87,1.0,1.0,1.03,0.79,Pedro Pages,686780,FF,301,35,0.55,-0.24
1.08,1.56,0.74,0.92,0.8,2.0,0.94,1.14,1.09,1.02,2.23,0.62,Pedro Pages,686780,FS,23,5,2.19,-0.24
0.84,1.03,1.37,0.69,0.9,1.18,1.0,0.85,1.04,0.98,-0.56,2.58,Pedro Pages,686780,SI,151,32,0.59,-0.24
0.94,0.99,0.92,0.89,1.08,1.42,1.07,0.86,1.02,1.01,1.27,1.06,Pedro Pages,686780,SL,140,24,1.03,-0.24
1.4,0.78,0.94,0.65,1.15,3.17,1.12,0.92,1.06,1.01,0.89,0.95,Pedro Pages,686780,ST,59,13,1.57,-0.24
1.16,1.04,0.93,1.0,0.96,2.03,1.02,1.02,1.21,1.02,1.14,0.91,Pedro Pages,686780,SV,3,2,1.39,-0.24
1.04,1.11,0.82,1.09,0.77,2.27,1.07,0.99,1.14,1.01,1.81,0.72,Pedro Pages,686780,KC,19,1,1.56,-0.24
1.0,0.93,0.94,0.95,0.76,2.42,1.03,0.92,1.06,1.0,0.79,1.08,Joshua Palacios,641943,CH,30,8,1.23,0.5
1.12,0.77,0.96,0.87,0.86,2.21,1.14,1.02,1.08,1.03,1.04,1.66,Joshua Palacios,641943,CU,13,3,1.24,0.5
0.91,0.9,1.11,0.91,0.93,0.85,1.03,0.89,1.02,0.96,1.03,1.11,Joshua Palacios,641943,FF,86,13,0.85,0.5
1.0,1.1,0.84,0.93,0.75,1.94,1.02,0.96,1.13,1.0,1.95,0.75,Joshua Palacios,641943,KC,11,2,1.59,0.5
0.97,1.38,0.89,1.04,1.93,3.19,1.03,1.07,1.03,0.99,1.84,0.73,Joshua Palacios,641943,SI,59,12,2.19,0.5
1.11,1.18,1.11,0.95,0.98,2.78,1.0,1.01,1.05,1.01,0.79,1.14,Joshua Palacios,641943,SL,43,5,1.66,0.5
1.23,1.29,1.11,1.07,0.93,2.18,1.02,1.02,1.09,1.03,0.86,1.42,Joshua Palacios,641943,ST,16,3,1.44,0.5
1.02,1.08,0.83,1.34,0.81,1.95,0.95,1.03,1.09,1.0,1.71,0.61,Joshua Palacios,641943,FS,21,6,1.38,0.5
1.23,1.05,0.91,1.17,0.93,1.97,1.01,1.06,1.21,1.03,1.09,1.02,Joshua Palacios,641943,SV,2,1,1.29,0.5
1.07,0.3,0.69,1.05,0.82,1.87,0.92,0.89,1.03,0.98,2.26,0.56,Isaac Paredes,670623,CH,215,47,1.08,-0.54
0.88,0.9,0.81,0.84,0.72,2.04,0.96,0.8,1.06,0.98,2.1,0.8,Isaac Paredes,670623,CU,191,23,1.41,-0.54
1.0,0.76,0.72,1.33,0.52,1.11,0.91,0.92,0.98,0.96,1.45,0.47,Isaac Paredes,670623,FF,798,134,0.73,-0.54
1.08,1.05,0.86,0.91,0.86,2.45,0.92,0.92,1.06,1.0,2.07,0.63,Isaac Paredes,670623,FS,87,9,1.77,-0.54
1.08,1.15,0.87,1.01,0.7,2.07,1.03,0.98,1.13,1.0,1.67,0.76,Isaac Paredes,670623,KC,50,6,1.55,-0.54
1.67,0.98,0.64,0.95,0.55,0.91,0.94,0.9,1.01,1.02,3.41,0.44,Isaac Paredes,670623,SI,487,77,1.51,-0.54
0.98,0.27,1.05,1.08,0.68,0.91,0.81,0.81,0.98,0.96,1.12,0.77,Isaac Paredes,670623,SL,520,64,0.45,-0.54
0.86,1.24,1.02,0.91,0.7,1.72,0.89,0.99,1.05,0.98,1.02,0.56,Isaac Paredes,670623,ST,238,38,1.51,-0.54
1.16,1.14,0.91,1.1,0.9,1.98,1.01,1.02,1.21,1.02,1.18,1.0,Isaac Paredes,670623,SV,23,4,1.36,-0.54
1.18,1.17,0.88,1.09,0.99,2.33,0.96,1.08,1.06,1.03,1.41,0.85,Kyren Paris,677347,CH,17,3,1.67,-1.27
1.06,1.0,0.96,0.94,0.96,2.53,1.09,0.95,1.08,1.02,1.23,0.94,Kyren Paris,677347,CU,18,2,1.47,-1.27
1.28,1.64,0.97,0.85,1.48,2.61,0.93,1.13,1.01,1.01,1.15,0.67,Kyren Paris,677347,FF,88,10,2.2,-1.27
0.9,1.91,0.7,1.07,2.07,3.37,1.08,1.16,1.03,1.01,2.99,0.38,Kyren Paris,677347,SI,40,9,2.91,-1.27
1.02,1.42,1.04,0.84,1.22,3.38,1.01,1.06,1.04,1.01,0.93,0.97,Kyren Paris,677347,SL,28,3,2.14,-1.27
1.05,0.89,1.35,0.99,1.03,2.36,0.98,0.96,1.05,0.99,0.5,1.67,Kyren Paris,677347,ST,18,3,1.24,-1.27
1.12,1.31,0.74,1.04,0.86,2.44,0.94,1.05,1.11,1.02,2.12,0.65,Kyren Paris,677347,FS,16,1,1.96,-1.27
1.04,1.58,0.82,1.09,0.8,1.96,1.06,1.02,1.14,1.01,1.81,0.72,Kyren Paris,677347,KC,5,1,1.75,-1.27
1.41,2.06,0.97,1.03,0.84,1.1,1.0,1.07,1.09,1.04,1.27,1.04,Vinnie Pasquantino,686469,CH,309,58,1.71,-0.49
2.08,0.86,0.61,0.93,0.8,2.42,1.01,1.11,1.04,1.04,1.57,0.66,Vinnie Pasquantino,686469,CU,136,23,1.59,-0.49
1.02,1.06,1.03,0.94,0.49,1.29,0.98,1.0,1.04,0.99,1.06,1.03,Vinnie Pasquantino,686469,FF,679,154,1.2,-0.49
0.97,0.78,0.94,0.63,0.77,2.4,0.96,0.81,1.1,1.02,1.56,0.67,Vinnie Pasquantino,686469,FS,85,16,1.51,-0.49
1.13,1.08,0.9,0.66,0.74,1.93,1.12,0.99,1.12,1.01,1.33,1.03,Vinnie Pasquantino,686469,KC,52,9,1.55,-0.49
1.26,1.18,0.93,0.93,0.67,0.8,1.04,0.88,1.07,1.03,1.93,0.74,Vinnie Pasquantino,686469,SI,259,60,1.17,-0.49
1.65,1.08,0.46,0.98,0.61,0.88,0.92,1.18,1.04,1.05,1.45,0.75,Vinnie Pasquantino,686469,SL,243,35,1.25,-0.49
1.49,1.19,1.0,0.93,0.8,2.36,1.02,1.05,1.07,1.02,1.03,1.39,Vinnie Pasquantino,686469,ST,119,28,1.58,-0.49
0.89,1.0,1.16,0.74,1.08,1.09,1.04,0.91,1.03,0.98,0.98,0.69,Graham Pauley,688363,FF,27,6,1.15,0.3
1.0,1.07,0.73,0.85,0.77,1.89,0.89,0.88,1.09,1.0,2.85,0.48,Graham Pauley,688363,FS,6,1,1.81,0.3
1.04,1.58,0.82,0.94,0.73,1.81,1.04,1.11,1.14,1.01,1.83,0.63,Graham Pauley,688363,KC,3,1,1.95,0.3
0.92,0.64,0.78,1.11,1.41,2.5,1.0,0.84,1.02,0.99,2.53,0.47,Graham Pauley,688363,SI,32,1,1.44,0.3
0.95,0.6,1.0,0.89,0.81,2.3,1.0,0.93,1.04,1.01,1.02,1.44,Graham Pauley,688363,SL,24,3,1.14,0.3
1.14,0.97,1.2,0.93,0.82,2.11,1.0,1.04,1.07,1.02,0.76,1.29,Graham Pauley,688363,ST,5,1,1.4,0.3
1.14,0.93,0.94,0.92,1.08,2.78,0.9,1.03,1.03,1.02,1.5,1.22,Graham Pauley,688363,CH,74,8,1.76,0.3
1.25,1.65,0.73,1.2,0.9,2.91,1.12,1.16,1.07,1.03,1.37,0.8,Graham Pauley,688363,CU,53,7,2.0,0.3
1.58,2.57,0.75,1.6,0.97,1.6,0.78,1.22,1.32,1.06,1.34,0.76,Graham Pauley,688363,FO,11,2,2.03,0.3
0.93,1.05,0.89,1.02,0.88,2.35,0.94,0.98,1.04,1.0,1.4,0.93,Joc Pederson,592626,CH,240,52,1.53,0.57
1.08,1.25,0.99,1.05,0.97,2.82,1.06,1.06,1.08,1.03,0.86,1.03,Joc Pederson,592626,CU,115,20,1.68,0.57
1.25,1.28,0.92,0.58,0.96,1.03,0.98,0.98,1.03,1.04,1.21,1.06,Joc Pederson,592626,FF,552,64,1.44,0.57
1.15,0.92,0.85,1.24,0.88,2.35,0.92,1.09,1.1,1.03,1.9,1.02,Joc Pederson,592626,FS,112,21,1.6,0.57
1.04,1.15,0.85,0.98,0.77,2.11,1.02,1.01,1.14,1.0,1.63,0.76,Joc Pederson,592626,KC,35,6,1.61,0.57
1.21,1.46,1.07,0.89,1.12,3.08,1.0,0.9,1.2,1.02,1.37,0.6,Joc Pederson,592626,KN,15,4,1.99,0.57
1.33,2.03,0.73,1.18,1.34,2.79,0.81,1.16,1.04,1.06,2.14,1.02,Joc Pederson,592626,SI,226,31,2.51,0.57
1.46,0.72,1.11,0.79,0.84,2.67,0.95,0.87,1.05,1.02,1.04,1.75,Joc Pederson,592626,SL,231,35,1.31,0.57
1.46,1.72,1.08,1.07,0.81,2.31,0.96,1.11,1.09,1.04,0.94,1.12,Joc Pederson,592626,ST,102,7,1.89,0.57
1.21,1.05,0.91,1.01,0.93,1.97,1.01,1.03,1.21,1.02,1.15,0.89,Joc Pederson,592626,SV,6,1,1.38,0.57
1.2,1.19,0.87,0.99,0.92,2.01,0.89,1.05,1.07,1.03,1.45,0.87,Liover Peguero,678894,CH,5,1,1.64,-1.21
0.86,1.04,1.45,0.62,1.12,3.33,0.97,0.91,1.0,0.96,0.7,1.6,Liover Peguero,678894,FF,9,3,1.9,-1.21
1.01,1.45,0.84,1.04,0.8,1.96,1.04,1.02,1.13,1.0,1.79,0.71,Liover Peguero,678894,KC,3,2,1.73,-1.21
0.7,0.68,1.13,0.6,1.71,2.47,1.08,0.79,1.04,0.94,0.5,0.92,Liover Peguero,678894,SI,4,1,1.16,-1.21
1.17,1.37,0.95,0.88,0.95,2.15,1.09,1.01,1.08,1.02,1.16,1.0,Liover Peguero,678894,CU,30,3,1.63,-1.21
1.02,0.81,1.07,0.94,0.87,1.95,0.9,0.98,1.02,0.98,0.97,0.91,Liover Peguero,678894,SL,55,7,1.29,-1.21
1.19,1.03,1.29,0.99,0.85,2.31,1.02,1.02,1.09,1.03,0.67,1.68,Liover Peguero,678894,ST,13,1,1.38,-1.21
1.12,1.42,1.32,0.55,1.29,3.05,1.07,1.01,1.05,1.0,0.3,1.28,Jeremy Pena,665161,CH,222,55,2.01,-0.73
0.94,1.16,1.06,0.91,0.96,2.67,1.18,0.94,1.07,1.0,1.13,1.02,Jeremy Pena,665161,CU,86,19,1.57,-0.73
1.11,1.14,0.95,1.05,0.69,0.98,1.02,1.15,1.02,1.0,0.98,1.08,Jeremy Pena,665161,FF,584,124,1.21,-0.73
1.08,1.15,0.81,0.99,1.01,2.77,0.89,1.02,1.09,1.01,2.24,0.66,Jeremy Pena,665161,FS,66,6,2.05,-0.73
1.04,1.67,0.83,1.01,0.81,2.26,1.05,1.04,1.14,1.01,1.78,0.68,Jeremy Pena,665161,KC,41,5,1.98,-0.73
1.06,0.9,1.16,1.14,0.69,0.89,0.94,1.05,1.01,1.01,-0.9,2.17,Jeremy Pena,665161,SI,453,121,0.3,-0.73
0.81,0.7,1.35,0.85,1.07,1.42,1.15,0.87,1.03,0.99,0.51,1.81,Jeremy Pena,665161,SL,429,85,0.74,-0.73
0.81,0.43,1.27,1.28,1.03,1.2,1.27,1.04,1.05,0.99,0.68,1.67,Jeremy Pena,665161,ST,191,40,0.48,-0.73
1.32,1.05,1.0,1.01,0.94,2.22,1.02,1.03,1.2,1.01,0.9,1.09,Jeremy Pena,665161,SV,8,1,1.39,-0.73
0.75,1.16,0.96,1.0,0.82,1.91,1.03,0.9,1.04,0.96,1.69,0.77,Oswald Peraza,672724,CH,7,1,1.45,-1.73
0.9,0.84,1.25,0.78,0.98,2.37,1.16,0.88,1.07,1.0,0.58,1.6,Oswald Peraza,672724,CU,4,1,1.17,-1.73
1.21,0.58,1.61,0.99,1.45,4.1,0.92,0.84,1.0,0.97,0.87,1.76,Oswald Peraza,672724,FF,17,2,1.66,-1.73
1.05,1.07,1.1,1.01,0.87,2.33,1.13,1.02,1.05,1.02,0.42,1.92,Oswald Peraza,672724,SL,5,1,1.19,-1.73
1.1,1.24,1.32,0.91,0.99,2.37,1.11,0.96,1.08,1.01,0.77,1.18,Oswald Peraza,672724,ST,2,2,1.54,-1.73
1.12,1.22,0.69,0.96,0.83,1.91,0.92,1.03,1.11,1.02,2.3,0.71,Oswald Peraza,672724,FS,19,3,1.81,-1.73
0.84,0.47,1.05,1.23,1.94,0.97,1.23,0.97,1.05,0.96,0.85,1.16,Oswald Peraza,672724,SI,129,31,0.41,-1.73
1.2,0.68,0.88,0.91,0.46,1.17,0.91,0.81,1.02,1.01,1.33,1.01,Geraldo Perdomo,672695,CH,140,33,0.78,0.0
0.34,0.1,1.17,1.12,0.56,1.25,0.77,0.8,1.01,0.97,0.16,1.77,Geraldo Perdomo,672695,CU,124,13,0.13,0.0
0.69,0.62,1.04,0.92,0.45,0.54,0.77,0.82,1.0,0.95,1.05,0.91,Geraldo Perdomo,672695,FF,611,111,0.63,0.0
0.82,0.51,0.99,0.83,0.53,2.07,0.95,0.76,1.05,0.99,1.01,0.99,Geraldo Perdomo,672695,FS,31,6,0.9,0.0
1.04,1.06,0.83,1.01,0.7,1.92,0.95,0.96,1.13,1.0,1.98,0.75,Geraldo Perdomo,672695,KC,29,3,1.54,0.0
1.03,0.76,0.97,0.84,0.72,0.45,0.78,0.88,1.01,0.99,1.28,1.26,Geraldo Perdomo,672695,SI,189,37,0.79,0.0
1.01,0.53,0.87,0.9,0.5,1.1,0.88,0.96,0.99,1.0,1.11,1.09,Geraldo Perdomo,672695,SL,176,28,0.84,0.0
0.68,0.5,0.99,1.28,0.63,1.81,0.95,1.01,1.01,0.96,0.85,1.08,Geraldo Perdomo,672695,ST,104,20,0.81,0.0
1.15,1.05,0.91,1.17,0.92,1.97,0.99,1.07,1.2,1.01,1.11,1.02,Geraldo Perdomo,672695,SV,8,1,1.32,0.0
1.52,2.67,0.77,1.43,0.92,1.53,0.76,1.18,1.3,1.05,1.18,0.75,Geraldo Perdomo,672695,FO,6,1,2.08,0.0
1.27,1.18,0.95,0.98,0.79,1.95,0.93,0.99,1.06,1.03,1.28,0.88,Jhonny Pereda,640902,CH,7,2,1.49,-2.07
1.02,0.95,1.04,1.03,0.82,1.98,1.08,0.91,1.08,1.0,1.06,1.16,Jhonny Pereda,640902,CU,18,3,1.13,-2.07
0.94,0.73,1.29,0.92,1.34,4.15,0.93,0.9,1.02,0.98,0.71,1.38,Jhonny Pereda,640902,FF,65,6,1.77,-2.07
1.06,1.29,0.78,1.02,0.74,1.89,0.91,1.03,1.1,1.01,2.16,0.61,Jhonny Pereda,640902,FS,8,3,1.81,-2.07
1.21,1.56,1.25,0.95,1.12,2.8,0.96,0.99,1.21,1.01,1.03,0.96,Jhonny Pereda,640902,KN,5,2,1.98,-2.07
0.87,0.97,0.82,0.98,1.73,3.74,1.04,0.96,1.02,0.97,1.97,0.77,Jhonny Pereda,640902,SI,17,3,2.04,-2.07
1.04,0.82,1.25,0.91,0.81,2.42,0.93,0.91,1.05,1.01,0.7,1.69,Jhonny Pereda,640902,SL,29,8,1.25,-2.07
1.32,0.99,1.13,1.26,0.85,2.05,1.0,1.11,1.09,1.04,0.72,1.56,Jhonny Pereda,640902,ST,17,2,1.2,-2.07
1.25,1.23,0.81,1.17,0.88,2.01,0.91,1.09,1.05,1.03,1.48,0.76,Everson Pereira,677592,CH,12,1,1.58,-0.89
1.05,0.98,0.89,0.92,0.81,2.05,1.14,1.01,1.07,1.02,1.17,0.93,Everson Pereira,677592,CU,12,2,1.35,-0.89
1.06,0.96,1.39,0.9,1.31,3.51,0.97,0.88,1.01,0.98,0.8,1.56,Everson Pereira,677592,FF,52,6,1.7,-0.89
0.91,1.1,0.76,0.95,1.98,3.62,1.0,0.98,1.01,0.99,2.79,0.55,Everson Pereira,677592,SI,21,3,2.38,-0.89
1.01,0.94,1.01,1.23,0.95,2.63,0.95,1.05,1.03,1.0,0.88,1.18,Everson Pereira,677592,SL,38,3,1.37,-0.89
1.19,1.03,1.17,0.99,0.9,2.22,1.0,1.02,1.07,1.04,0.79,1.56,Everson Pereira,677592,ST,15,1,1.37,-0.89
1.04,1.76,0.69,1.4,0.97,1.36,1.27,1.0,1.05,1.02,2.08,0.81,Salvador Perez,521692,CH,188,43,1.37,-0.63
0.97,2.06,0.49,1.29,1.08,4.04,1.3,1.18,1.09,1.01,1.98,0.34,Salvador Perez,521692,CU,147,26,2.61,-0.63
1.06,1.37,0.7,0.93,1.2,1.19,1.2,1.12,1.06,1.02,1.22,0.78,Salvador Perez,521692,FF,581,100,1.37,-0.63
1.3,1.9,0.77,1.0,0.88,2.16,0.96,1.09,1.1,1.05,2.31,0.56,Salvador Perez,521692,FS,91,11,2.32,-0.63
1.07,1.19,0.82,1.1,0.75,1.98,1.01,1.06,1.14,1.01,1.78,0.81,Salvador Perez,521692,KC,32,7,1.61,-0.63
1.37,2.39,0.84,0.9,0.87,1.19,1.31,1.34,1.04,1.01,2.69,0.5,Salvador Perez,521692,SI,325,87,2.67,-0.63
1.19,1.34,0.97,1.09,1.11,1.37,1.13,1.12,1.04,1.01,0.97,0.94,Salvador Perez,521692,SL,429,88,1.33,-0.63
1.1,1.99,0.85,1.43,1.12,1.55,1.23,1.34,1.07,1.01,0.99,1.18,Salvador Perez,521692,ST,285,55,1.7,-0.63
1.14,1.04,0.9,1.25,0.92,2.0,1.04,1.11,1.21,1.01,1.06,1.14,Salvador Perez,521692,SV,10,5,1.28,-0.63
1.28,1.25,0.88,1.36,0.81,1.03,1.2,1.19,1.06,1.03,1.31,1.01,Wenceel Perez,672761,CH,236,58,1.13,0.0
0.88,0.62,1.11,1.06,0.97,2.73,0.91,0.96,1.06,1.01,0.89,1.36,Wenceel Perez,672761,CU,143,19,1.27,0.0
0.91,0.81,0.92,0.93,0.96,1.53,1.1,0.92,0.99,1.01,1.1,1.12,Wenceel Perez,672761,FF,629,110,0.96,0.0
0.87,0.93,0.72,1.09,0.72,2.09,0.9,0.96,1.08,1.01,2.62,0.53,Wenceel Perez,672761,FS,68,11,1.68,0.0
0.93,1.06,0.89,0.9,0.78,2.07,1.02,0.96,1.13,0.99,1.57,0.81,Wenceel Perez,672761,KC,31,3,1.53,0.0
0.71,1.17,0.78,0.81,1.28,1.79,0.94,0.91,1.0,1.01,2.91,0.59,Wenceel Perez,672761,SI,183,34,1.92,0.0
1.23,1.44,0.48,1.32,0.91,3.3,0.99,1.05,1.02,1.03,1.72,0.42,Wenceel Perez,672761,SL,172,21,1.9,0.0
1.14,0.83,1.17,1.25,0.93,2.07,0.96,0.99,1.07,1.02,0.71,1.51,Wenceel Perez,672761,ST,77,6,1.01,0.0
1.19,1.01,0.97,0.97,0.88,1.9,1.02,1.01,1.21,1.02,1.17,1.1,Wenceel Perez,672761,SV,9,2,1.34,0.0
1.04,0.71,1.19,0.75,0.8,1.77,0.87,0.9,1.04,1.0,0.69,1.27,Blake Perkins,663368,CH,178,35,1.12,0.0
0.97,0.75,1.11,0.87,1.02,2.11,0.99,0.92,1.06,1.02,1.0,1.24,Blake Perkins,663368,CU,151,20,1.22,0.0
0.96,0.61,1.51,1.02,0.98,1.75,0.84,0.97,0.99,1.0,0.45,4.09,Blake Perkins,663368,FF,647,111,0.76,0.0
0.96,1.29,0.86,1.09,0.87,2.25,0.92,1.01,1.08,1.01,1.75,0.74,Blake Perkins,663368,FS,44,4,1.74,0.0
0.97,1.04,0.86,0.92,0.75,1.91,1.06,0.96,1.13,1.01,1.72,0.75,Blake Perkins,663368,KC,36,7,1.48,0.0
0.99,0.92,0.88,1.23,1.93,2.47,0.88,0.95,1.0,1.0,1.93,0.73,Blake Perkins,663368,SI,243,34,1.53,0.0
1.07,1.04,0.92,1.04,0.94,2.17,0.98,0.98,1.03,1.02,1.05,0.84,Blake Perkins,663368,SL,187,37,1.35,0.0
1.11,0.96,1.32,0.92,0.85,2.33,0.98,0.98,1.08,1.02,0.64,1.82,Blake Perkins,663368,ST,64,3,1.35,0.0
1.16,1.23,0.89,1.01,0.83,2.1,0.95,1.04,1.03,1.01,1.29,0.82,Tristan Peters,671976,CH,6,1,1.6,0.0
0.95,0.77,1.36,0.91,1.4,4.14,0.99,0.9,1.01,0.98,0.75,1.54,Tristan Peters,671976,FF,17,1,1.79,0.0
0.95,1.13,0.71,1.14,1.79,3.3,1.03,1.01,1.02,0.99,3.14,0.54,Tristan Peters,671976,SI,8,2,2.29,0.0
1.01,1.01,0.98,1.14,0.81,2.41,0.97,1.05,1.03,1.01,0.92,1.09,Tristan Peters,671976,SL,6,1,1.4,0.0
1.16,1.13,0.9,1.39,0.87,2.24,0.94,1.07,1.05,1.03,1.32,0.94,Tommy Pham,502054,CH,160,29,1.39,-0.9
0.95,1.06,0.92,0.9,0.87,2.03,0.95,0.91,1.08,1.01,1.15,0.9,Tommy Pham,502054,CU,115,15,1.35,-0.9
1.11,0.8,1.08,1.27,1.04,0.43,0.87,1.1,1.03,1.03,0.64,1.95,Tommy Pham,502054,FF,596,110,0.57,-0.9
1.22,1.55,0.66,1.38,0.73,1.97,0.92,1.27,1.11,1.03,2.04,0.59,Tommy Pham,502054,FS,43,6,1.98,-0.9
0.94,1.07,0.93,0.94,0.81,2.05,1.01,0.97,1.12,1.0,1.65,0.83,Tommy Pham,502054,KC,26,2,1.55,-0.9
1.16,0.63,1.15,0.83,0.72,0.74,0.92,0.96,1.05,1.05,-0.71,2.43,Tommy Pham,502054,SI,336,65,0.22,-0.9
1.24,0.58,1.34,0.71,1.05,0.81,0.84,0.88,1.05,1.03,0.44,1.52,Tommy Pham,502054,SL,377,62,0.72,-0.9
0.78,0.59,1.17,0.84,0.89,1.99,0.93,0.82,1.05,1.01,1.05,1.64,Tommy Pham,502054,ST,120,20,1.01,-0.9
1.24,1.04,0.99,1.04,0.95,2.04,1.02,1.05,1.22,1.03,1.04,1.09,Tommy Pham,502054,SV,9,2,1.38,-0.9
1.05,0.95,0.99,0.98,0.8,2.26,0.95,0.91,1.03,1.0,1.52,0.86,Kevin Pillar,607680,CH,120,15,1.45,-0.44
1.08,1.01,0.98,1.07,0.85,2.26,1.15,1.0,1.08,1.01,1.1,1.01,Kevin Pillar,607680,CU,65,11,1.31,-0.44
0.7,0.44,1.14,0.87,0.94,3.53,1.06,0.78,0.99,0.96,0.99,1.13,Kevin Pillar,607680,FF,394,66,1.31,-0.44
1.06,1.24,0.81,1.1,0.77,2.08,0.93,1.0,1.09,1.01,1.97,0.69,Kevin Pillar,607680,FS,34,4,1.68,-0.44
0.97,1.04,0.77,1.02,0.72,2.14,1.05,0.92,1.13,1.0,2.01,0.55,Kevin Pillar,607680,KC,17,3,1.51,-0.44
0.92,1.16,0.66,1.05,1.64,2.64,1.07,0.98,1.02,0.98,3.11,0.41,Kevin Pillar,607680,SI,186,39,2.09,-0.44
0.92,0.98,1.14,1.02,0.82,1.84,1.02,0.99,1.03,0.99,0.84,1.07,Kevin Pillar,607680,SL,225,47,1.22,-0.44
1.06,0.73,1.27,0.98,0.75,2.18,1.06,0.93,1.05,1.0,0.8,1.52,Kevin Pillar,607680,ST,98,22,1.11,-0.44
1.15,1.05,1.0,1.01,0.99,2.22,1.03,1.01,1.2,1.01,0.99,1.09,Kevin Pillar,607680,SV,5,1,1.39,-0.44
0.69,1.3,0.95,0.97,1.27,1.0,0.96,0.99,1.05,0.94,1.02,0.7,Jorge Polanco,593871,CH,313,38,1.22,0.0
0.99,1.01,0.97,1.07,0.98,2.11,0.79,0.99,1.05,0.99,1.02,1.31,Jorge Polanco,593871,CU,134,17,1.35,0.0
1.1,0.89,0.97,0.76,0.62,1.01,1.04,0.94,1.03,1.02,1.16,0.99,Jorge Polanco,593871,FF,604,84,1.05,0.0
1.16,0.79,0.89,0.93,0.95,2.43,0.95,1.06,1.08,1.01,1.8,1.42,Jorge Polanco,593871,FS,66,3,1.64,0.0
1.04,1.09,0.85,0.92,0.74,2.12,0.96,0.96,1.13,1.0,1.96,0.72,Jorge Polanco,593871,KC,50,3,1.68,0.0
1.22,1.62,0.69,1.32,0.84,0.96,1.05,1.19,1.04,1.05,2.79,1.46,Jorge Polanco,593871,SI,223,46,1.72,0.0
1.24,0.89,0.78,1.19,0.87,1.92,0.95,1.13,1.05,1.01,1.23,1.23,Jorge Polanco,593871,SL,257,42,1.27,0.0
1.63,1.27,1.2,1.25,0.97,2.51,0.92,1.08,1.07,1.03,0.77,1.26,Jorge Polanco,593871,ST,117,17,1.55,0.0
1.26,0.96,0.92,1.19,0.94,1.9,1.03,1.13,1.21,1.04,1.01,1.18,Jorge Polanco,593871,SV,12,1,1.26,0.0
0.98,0.77,0.83,0.79,0.88,2.27,1.04,0.77,1.04,0.99,1.97,0.59,Yohel Pozo,650968,CH,47,12,1.36,-0.57
1.11,0.74,0.94,0.98,0.86,2.33,1.22,0.97,1.07,1.01,1.35,0.94,Yohel Pozo,650968,CU,32,9,1.25,-0.57
0.54,0.0,0.67,0.95,0.8,2.21,1.18,0.64,0.97,0.95,1.44,1.24,Yohel Pozo,650968,FF,210,36,0.34,-0.57
1.52,2.67,0.77,1.43,0.88,1.53,0.77,1.19,1.32,1.07,1.44,0.75,Yohel Pozo,650968,FO,4,1,2.17,-0.57
1.24,1.63,0.76,1.02,0.72,1.87,0.93,1.07,1.1,1.04,2.44,0.61,Yohel Pozo,650968,FS,10,6,2.09,-0.57
1.08,1.0,0.98,0.99,0.72,1.93,1.06,0.93,1.13,1.01,1.39,0.91,Yohel Pozo,650968,KC,18,4,1.3,-0.57
0.87,0.53,0.91,1.41,1.15,3.42,1.11,0.98,1.03,0.99,1.42,1.05,Yohel Pozo,650968,SI,65,17,1.27,-0.57
1.07,0.94,1.07,1.18,0.64,2.21,1.32,1.0,1.01,1.0,0.9,2.25,Yohel Pozo,650968,SL,86,27,0.96,-0.57
1.34,0.71,1.04,0.99,0.88,2.46,1.15,1.08,1.08,1.06,0.87,1.38,Yohel Pozo,650968,ST,51,10,1.29,-0.57
1.6,1.49,0.98,1.01,0.58,2.31,1.01,1.08,1.03,1.04,0.75,1.52,Jurickson Profar,595777,CH,320,67,1.61,0.0
1.24,1.14,0.91,1.08,0.68,1.37,1.02,1.04,1.06,1.0,1.24,1.02,Jurickson Profar,595777,CU,215,32,1.22,0.0
0.87,0.53,0.98,0.78,0.6,0.86,0.87,0.78,1.01,0.96,1.17,1.11,Jurickson Profar,595777,FF,944,144,0.66,0.0
1.63,2.67,0.77,1.43,0.89,1.53,0.76,1.18,1.33,1.07,1.39,0.75,Jurickson Profar,595777,FO,3,1,2.14,0.0
1.13,1.37,0.72,1.27,0.82,2.38,0.96,1.09,1.09,1.02,2.09,0.74,Jurickson Profar,595777,FS,91,21,1.84,0.0
1.35,0.58,0.91,1.22,0.66,1.7,1.08,1.08,1.12,1.04,0.82,1.02,Jurickson Profar,595777,KC,60,15,0.84,0.0
1.33,2.04,0.72,0.87,0.59,0.83,0.91,1.23,1.02,1.05,2.87,0.65,Jurickson Profar,595777,SI,387,76,2.41,0.0
1.33,0.85,0.89,0.8,0.75,2.23,1.04,0.93,1.03,1.0,1.14,0.76,Jurickson Profar,595777,SL,336,56,1.34,0.0
1.44,1.18,1.01,1.13,0.81,2.26,1.0,1.12,1.08,1.03,0.92,1.24,Jurickson Profar,595777,ST,104,16,1.51,0.0
1.14,0.4,0.95,1.37,0.56,0.56,0.96,0.95,1.05,1.04,1.13,1.21,Edgar Quero,700337,CH,156,38,0.27,0.0
1.01,0.49,1.17,1.05,0.79,1.76,1.07,0.85,1.06,1.03,0.9,1.52,Edgar Quero,700337,CU,84,16,0.69,0.0
1.02,0.63,1.32,1.23,0.85,0.53,0.97,0.88,1.0,1.0,0.51,1.52,Edgar Quero,700337,FF,503,76,0.29,0.0
1.14,1.4,1.0,1.0,0.66,1.71,0.91,0.91,1.07,1.01,0.78,0.97,Edgar Quero,700337,FS,33,11,1.28,0.0
1.04,1.04,0.93,0.87,0.8,2.06,1.05,0.95,1.13,0.99,1.6,0.73,Edgar Quero,700337,KC,23,3,1.53,0.0
1.19,0.0,1.63,0.59,0.68,0.6,0.94,0.68,1.03,1.03,-2.79,7.83,Edgar Quero,700337,SI,152,32,-1.4,0.0
1.07,0.53,0.78,0.87,0.53,1.36,1.03,0.82,1.02,1.03,1.16,0.61,Edgar Quero,700337,SL,118,27,0.71,0.0
1.42,0.85,1.08,1.28,0.77,2.12,1.04,1.12,1.08,1.05,0.69,2.0,Edgar Quero,700337,ST,35,6,1.06,0.0
1.01,2.63,1.11,1.15,1.09,1.14,1.16,1.12,1.01,0.99,0.75,1.16,Ceddanne Rafaela,678882,CH,174,34,1.84,-0.94
0.93,0.38,0.9,0.9,1.06,3.49,1.44,0.89,1.05,0.99,1.11,1.09,Ceddanne Rafaela,678882,CU,119,14,1.18,-0.94
1.21,1.71,0.77,1.01,1.34,1.25,1.24,1.1,1.01,1.02,1.1,0.79,Ceddanne Rafaela,678882,FF,618,80,1.45,-0.94
0.97,0.99,0.9,0.98,0.9,3.0,1.02,0.96,1.08,0.97,1.94,0.97,Ceddanne Rafaela,678882,FS,31,9,1.82,-0.94
1.03,1.27,0.89,1.01,0.81,2.0,1.06,1.07,1.13,1.01,1.5,0.79,Ceddanne Rafaela,678882,KC,37,7,1.65,-0.94
0.98,0.82,1.31,0.82,1.2,1.33,1.19,0.86,1.02,0.96,-0.52,1.88,Ceddanne Rafaela,678882,SI,329,82,0.43,-0.94
0.85,1.02,0.89,1.03,0.86,1.17,1.32,1.04,1.05,1.02,1.3,0.79,Ceddanne Rafaela,678882,SL,398,98,1.05,-0.94
1.04,1.13,1.29,1.21,0.93,0.97,1.31,1.02,1.07,0.98,0.76,1.09,Ceddanne Rafaela,678882,ST,163,41,0.85,-0.94
1.33,0.99,1.01,0.97,0.97,2.34,1.05,1.03,1.21,1.03,1.06,1.05,Ceddanne Rafaela,678882,SV,25,3,1.46,-0.94
1.11,1.6,0.89,0.85,1.19,1.29,1.04,1.04,1.07,1.0,1.3,0.72,Cal Raleigh,663728,CH,455,90,1.62,0.0
1.29,1.3,0.64,0.84,1.4,4.0,1.01,1.04,1.07,1.03,1.71,0.44,Cal Raleigh,663728,CU,174,14,2.38,0.0
1.45,1.76,0.44,0.79,1.21,1.06,1.11,1.21,1.06,1.03,1.66,0.39,Cal Raleigh,663728,FF,802,119,1.84,0.0
1.07,2.97,0.55,1.24,0.84,2.43,0.93,1.18,1.09,1.02,2.4,0.51,Cal Raleigh,663728,FS,120,15,2.9,0.0
0.94,1.24,0.78,0.98,0.85,2.23,1.07,0.99,1.12,1.0,2.28,0.53,Cal Raleigh,663728,KC,74,7,1.84,0.0
1.51,4.93,0.45,1.23,1.09,1.02,1.18,1.83,1.06,1.1,4.15,0.31,Cal Raleigh,663728,SI,220,58,4.75,0.0
2.44,2.24,0.8,0.81,1.13,3.38,1.13,1.39,1.06,1.05,1.46,1.16,Cal Raleigh,663728,SL,325,37,2.98,0.0
1.79,1.56,0.98,0.75,1.03,3.87,0.99,1.16,1.09,1.06,0.97,1.08,Cal Raleigh,663728,ST,126,4,2.51,0.0
1.28,1.46,0.97,0.97,0.92,1.98,0.99,1.06,1.21,1.02,1.07,0.95,Cal Raleigh,663728,SV,16,2,1.66,0.0
1.09,1.35,1.04,0.88,1.37,2.46,1.04,1.01,1.06,1.02,0.86,1.71,Luke Raley,670042,CH,238,38,1.61,-1.13
1.02,1.5,0.91,0.94,1.0,1.96,1.09,0.99,1.07,1.01,1.11,0.87,Luke Raley,670042,CU,99,16,1.57,-1.13
0.98,0.99,1.17,1.13,1.5,2.26,1.16,1.1,1.06,0.96,0.84,2.0,Luke Raley,670042,FF,453,64,1.29,-1.13
1.14,2.08,0.88,0.93,0.93,2.22,0.94,1.14,1.11,1.04,1.57,0.71,Luke Raley,670042,FS,75,9,2.36,-1.13
1.01,1.0,0.9,0.84,0.94,2.08,1.0,0.91,1.12,1.0,1.75,0.64,Luke Raley,670042,KC,45,4,1.55,-1.13
0.93,1.48,0.94,1.09,1.62,2.55,0.99,1.0,1.05,0.98,1.73,0.84,Luke Raley,670042,SI,209,41,1.9,-1.13
1.24,1.02,1.08,0.99,1.08,2.01,1.09,1.09,1.04,1.03,0.75,1.24,Luke Raley,670042,SL,301,45,1.34,-1.13
1.43,0.99,1.36,0.82,0.95,2.34,1.1,1.02,1.07,1.0,0.72,1.19,Luke Raley,670042,ST,101,15,1.53,-1.13
1.17,1.15,0.98,0.99,0.93,1.98,1.02,1.07,1.21,1.02,1.03,1.07,Luke Raley,670042,SV,14,3,1.47,-1.13
1.63,1.99,0.95,0.7,1.35,3.52,1.02,1.33,1.11,1.08,0.97,1.36,Agustin Ramirez,682663,CH,138,19,2.85,-1.17
1.38,0.85,1.2,0.69,0.95,1.96,1.11,0.85,1.1,1.02,1.14,2.12,Agustin Ramirez,682663,CU,103,18,1.16,-1.17
1.18,1.62,0.74,1.14,1.12,1.49,1.09,1.3,1.07,1.02,1.03,0.87,Agustin Ramirez,682663,FF,421,71,1.69,-1.17
1.22,1.94,0.78,0.68,0.68,1.71,0.94,1.18,1.11,1.04,2.12,0.49,Agustin Ramirez,682663,FS,43,11,2.49,-1.17
1.04,1.04,0.93,1.02,0.79,1.91,0.98,1.01,1.13,1.01,1.64,0.85,Agustin Ramirez,682663,KC,22,3,1.5,-1.17
0.99,0.87,1.05,1.17,0.92,1.0,1.02,0.92,1.09,0.99,-0.31,1.61,Agustin Ramirez,682663,SI,311,85,0.28,-1.17
0.88,0.55,1.49,0.95,0.93,1.18,1.03,0.79,1.05,1.01,0.25,2.62,Agustin Ramirez,682663,SL,327,68,0.35,-1.17
1.44,2.71,1.1,0.85,0.73,0.99,1.23,1.51,1.13,1.08,0.8,1.57,Agustin Ramirez,682663,ST,157,38,2.49,-1.17
1.15,1.42,0.94,1.1,0.94,2.08,1.01,1.05,1.2,1.03,1.04,0.95,Agustin Ramirez,682663,SV,8,3,1.55,-1.17
1.26,0.75,0.64,1.22,0.65,1.1,0.93,0.95,1.05,1.02,2.22,0.64,Jose Ramirez,608070,CH,472,109,0.99,0.0
1.0,0.76,1.2,0.82,0.47,1.39,0.91,1.05,1.01,1.01,0.92,0.99,Jose Ramirez,608070,CU,199,27,1.28,0.0
1.02,0.94,0.71,0.91,0.55,1.11,0.98,0.96,1.04,0.98,1.32,0.69,Jose Ramirez,608070,FF,717,154,1.05,0.0
0.78,0.6,1.05,0.94,0.89,3.22,0.95,0.88,1.05,0.94,0.47,0.84,Jose Ramirez,608070,FS,125,20,1.27,0.0
0.91,0.9,0.77,0.98,0.65,1.83,0.94,0.92,1.12,1.0,2.07,0.52,Jose Ramirez,608070,KC,73,8,1.44,0.0
1.35,1.62,1.07,1.14,1.16,2.89,0.92,1.06,1.24,1.03,1.27,0.83,Jose Ramirez,608070,KN,7,1,2.05,0.0
1.12,1.45,0.76,0.9,0.54,1.0,0.99,0.99,1.04,1.03,3.36,0.43,Jose Ramirez,608070,SI,320,69,1.97,0.0
1.04,1.23,0.7,0.84,0.57,0.93,1.15,0.94,1.05,0.99,1.73,0.51,Jose Ramirez,608070,SL,393,73,1.22,0.0
1.57,1.11,0.97,1.13,0.54,2.19,1.08,1.19,1.07,1.07,0.92,1.04,Jose Ramirez,608070,ST,138,33,1.51,0.0
1.17,1.05,0.93,1.01,0.91,2.07,1.0,1.05,1.21,1.02,1.05,1.09,Jose Ramirez,608070,SV,10,1,1.4,0.0
1.1,0.98,0.94,0.87,0.79,0.9,1.0,0.9,1.11,1.05,1.07,1.2,Heliot Ramos,671218,CH,159,34,0.89,-1.5
1.09,0.78,1.03,0.75,0.87,1.68,1.19,1.07,1.07,1.03,1.02,0.88,Heliot Ramos,671218,CU,111,26,1.31,-1.5
1.19,1.28,0.96,1.22,1.31,1.33,0.99,1.14,1.05,1.03,0.94,1.1,Heliot Ramos,671218,FF,676,86,1.26,-1.5
1.09,1.33,0.85,0.99,0.89,2.19,0.89,1.04,1.11,1.03,1.87,0.76,Heliot Ramos,671218,FS,26,4,1.88,-1.5
1.03,1.14,0.84,1.1,0.77,1.84,1.05,1.03,1.12,1.01,1.52,0.74,Heliot Ramos,671218,KC,33,9,1.42,-1.5
1.01,0.88,1.26,1.09,0.8,1.43,0.93,0.94,1.06,1.0,-0.52,2.9,Heliot Ramos,671218,SI,362,74,0.41,-1.5
1.19,1.18,0.8,0.98,0.94,0.88,1.05,1.0,1.06,1.07,1.06,0.78,Heliot Ramos,671218,SL,339,56,1.02,-1.5
1.12,2.2,0.92,0.73,0.79,1.24,1.09,1.23,1.09,1.05,1.16,0.75,Heliot Ramos,671218,ST,122,21,2.2,-1.5
1.2,1.04,0.97,1.0,1.01,2.22,1.0,1.02,1.21,1.03,1.07,1.01,Heliot Ramos,671218,SV,20,2,1.44,-1.5
1.74,2.67,0.7,1.43,0.88,1.53,0.76,1.16,1.33,1.07,1.6,0.61,Heliot Ramos,671218,FO,7,1,2.16,-1.5
1.07,0.67,1.17,0.56,0.86,1.72,0.88,0.85,1.05,1.03,0.69,1.08,John Rave,670231,CH,79,14,1.15,0.28
1.06,0.91,1.1,0.85,0.81,2.25,0.96,0.92,1.08,1.02,1.02,1.08,John Rave,670231,CU,52,4,1.39,0.28
1.1,1.6,1.34,1.14,1.19,1.11,0.99,1.24,1.02,0.99,0.84,1.01,John Rave,670231,FF,201,30,1.67,0.28
1.32,1.08,0.91,1.02,0.8,2.11,0.89,1.05,1.09,1.03,1.55,0.71,John Rave,670231,FS,43,6,1.65,0.28
1.04,1.11,0.91,0.94,0.78,1.88,1.03,0.96,1.13,1.0,1.64,0.78,John Rave,670231,KC,15,1,1.49,0.28
0.92,0.94,1.09,0.8,1.67,3.29,0.93,0.92,1.03,0.91,0.94,0.73,John Rave,670231,SI,54,7,1.79,0.28
0.97,0.45,1.12,0.91,0.75,2.03,0.98,0.85,1.02,0.98,0.81,1.13,John Rave,670231,SL,94,17,0.88,0.28
1.25,1.21,1.0,1.21,0.68,1.7,1.0,1.22,1.08,1.01,0.81,1.57,John Rave,670231,ST,42,8,1.38,0.28
1.23,1.05,0.91,1.01,0.93,1.97,1.02,1.07,1.21,1.03,1.07,1.09,John Rave,670231,SV,1,1,1.39,0.28
1.17,2.06,0.95,1.04,1.03,1.52,1.06,1.16,1.05,1.01,1.3,1.13,J.T. Realmuto,592663,CH,121,24,1.94,-0.84
0.92,0.71,1.36,0.73,0.95,2.76,1.05,0.94,1.05,1.01,0.72,2.01,J.T. Realmuto,592663,CU,99,15,1.42,-0.84
1.27,0.97,1.01,1.3,0.81,0.97,1.06,1.06,1.02,1.03,0.79,1.47,J.T. Realmuto,592663,FF,498,87,0.73,-0.84
1.63,2.67,0.7,1.43,0.89,1.47,0.77,1.21,1.33,1.07,1.45,0.75,J.T. Realmuto,592663,FO,2,1,2.15,-0.84
1.22,1.18,0.87,0.94,0.88,2.96,0.94,1.02,1.11,1.01,1.58,0.78,J.T. Realmuto,592663,FS,55,3,1.94,-0.84
0.95,1.08,0.96,0.85,0.79,2.36,1.05,0.95,1.13,0.98,1.25,0.93,J.T. Realmuto,592663,KC,15,1,1.55,-0.84
1.1,1.31,0.9,1.05,0.85,0.91,1.1,1.1,1.02,1.01,1.09,0.82,J.T. Realmuto,592663,SI,294,69,1.21,-0.84
1.24,1.16,0.96,1.23,0.94,1.05,0.94,1.12,1.04,1.02,0.78,1.29,J.T. Realmuto,592663,SL,273,42,1.03,-0.84
1.16,1.11,1.0,1.39,1.05,3.45,1.06,1.17,1.07,1.03,0.8,1.61,J.T. Realmuto,592663,ST,116,19,1.65,-0.84
1.13,1.02,0.89,1.12,0.96,2.18,1.03,1.07,1.19,1.01,1.12,0.88,J.T. Realmuto,592663,SV,3,1,1.4,-0.84
1.35,1.62,1.07,1.14,1.16,2.78,0.92,1.05,1.24,1.03,1.27,0.83,J.T. Realmuto,592663,KN,7,1,2.0,-0.84
1.38,1.92,0.86,1.0,1.12,2.41,0.89,1.23,1.06,1.03,1.32,0.82,Rob Refsnyder,608701,CH,122,17,2.33,-1.35
1.18,0.87,0.95,0.92,0.76,1.91,1.05,0.94,1.07,1.0,1.22,0.9,Rob Refsnyder,608701,CU,68,9,1.22,-1.35
1.3,1.41,1.06,1.35,1.19,0.96,1.02,1.13,1.04,1.03,0.74,1.74,Rob Refsnyder,608701,FF,388,63,1.01,-1.35
1.03,1.27,0.78,1.04,0.82,2.21,0.92,1.02,1.09,1.0,2.19,0.65,Rob Refsnyder,608701,FS,36,1,1.87,-1.35
0.99,1.44,0.82,1.02,0.72,1.79,0.99,1.08,1.14,1.01,1.79,0.68,Rob Refsnyder,608701,KC,11,2,1.79,-1.35
0.92,0.8,1.01,1.11,1.22,1.47,1.02,1.01,1.04,1.01,1.38,1.23,Rob Refsnyder,608701,SI,215,51,1.09,-1.35
0.9,1.15,1.01,0.89,0.97,2.75,0.83,0.96,1.03,1.01,1.09,1.06,Rob Refsnyder,608701,SL,169,18,1.75,-1.35
1.17,0.93,1.23,1.1,0.89,2.49,0.99,1.03,1.09,1.02,0.68,1.85,Rob Refsnyder,608701,ST,72,12,1.31,-1.35
1.2,0.95,1.09,1.22,1.06,2.18,0.97,1.0,1.21,1.01,0.92,1.19,Rob Refsnyder,608701,SV,28,4,1.2,-1.35
1.25,0.88,1.13,0.75,0.83,1.76,0.95,0.85,1.06,1.02,1.18,1.16,Hunter Renfroe,592669,CH,149,36,1.23,-0.94
1.11,1.2,0.97,0.91,0.92,2.5,1.09,1.01,1.08,1.01,1.22,0.85,Hunter Renfroe,592669,CU,116,9,1.68,-0.94
0.81,0.81,1.24,0.78,0.96,3.17,0.91,0.83,1.03,0.99,0.94,1.4,Hunter Renfroe,592669,FF,421,79,1.56,-0.94
1.03,1.27,0.78,1.01,0.73,2.15,0.92,1.02,1.1,1.01,2.23,0.57,Hunter Renfroe,592669,FS,36,4,1.89,-0.94
1.02,0.91,0.93,0.92,0.88,2.42,1.06,0.92,1.11,0.99,1.21,0.85,Hunter Renfroe,592669,KC,38,6,1.37,-0.94
0.82,0.95,0.75,1.13,1.11,1.54,0.97,0.89,1.04,0.98,2.87,0.56,Hunter Renfroe,592669,SI,278,68,1.45,-0.94
1.22,0.73,0.88,0.76,0.9,1.66,0.97,0.81,1.03,1.01,1.14,0.91,Hunter Renfroe,592669,SL,263,46,0.98,-0.94
1.14,0.93,1.06,0.99,0.88,2.61,0.96,0.89,1.07,1.02,0.93,1.26,Hunter Renfroe,592669,ST,190,20,1.31,-0.94
1.23,1.15,0.89,1.11,0.94,1.98,1.01,1.09,1.22,1.03,1.14,1.0,Hunter Renfroe,592669,SV,8,3,1.43,-0.94
1.17,0.99,1.02,0.97,0.78,1.02,1.07,1.08,1.02,1.04,0.9,1.26,Luis Rengifo,650859,CH,165,45,1.05,0.0
0.84,0.49,1.23,0.94,0.98,2.07,1.09,1.0,1.05,1.02,0.46,2.78,Luis Rengifo,650859,CU,69,12,0.82,0.0
0.85,0.57,1.65,0.97,0.8,0.85,1.07,0.91,0.99,0.96,0.51,1.94,Luis Rengifo,650859,FF,323,76,0.6,0.0
1.1,1.16,0.91,1.29,0.7,2.36,1.02,1.14,1.08,1.04,1.0,0.99,Luis Rengifo,650859,FS,45,10,1.47,0.0
1.25,1.62,1.07,0.99,1.2,2.89,0.95,1.02,1.22,1.02,1.36,0.72,Luis Rengifo,650859,KN,4,1,2.12,0.0
0.8,0.1,1.0,1.2,1.06,0.92,1.15,1.02,1.02,1.0,0.28,4.82,Luis Rengifo,650859,SI,110,30,-0.24,0.0
1.05,0.99,1.22,1.0,0.73,1.0,1.13,0.81,1.02,0.99,0.63,1.24,Luis Rengifo,650859,SL,169,31,0.63,0.0
1.04,0.92,1.7,0.8,0.92,2.87,1.08,0.98,1.07,0.98,0.51,2.91,Luis Rengifo,650859,ST,59,9,1.52,0.0
1.52,2.67,0.77,1.43,0.89,1.47,0.77,1.19,1.3,1.05,1.25,0.75,Luis Rengifo,650859,FO,1,1,2.1,0.0
1.02,0.76,1.06,0.65,0.66,1.63,1.11,0.87,1.1,0.99,0.76,0.97,Luis Rengifo,650859,KC,41,10,1.03,0.0
1.11,1.15,0.87,0.99,0.78,2.02,0.95,1.02,1.06,1.02,1.51,0.74,Pablo Reyes,622569,CH,29,5,1.59,-0.68
1.04,0.99,0.9,1.05,0.81,2.0,1.1,1.0,1.08,1.01,1.26,0.86,Pablo Reyes,622569,CU,11,1,1.29,-0.68
0.91,1.05,1.25,1.02,1.27,3.89,0.96,0.9,1.01,0.97,0.92,1.52,Pablo Reyes,622569,FF,62,7,1.81,-0.68
1.01,1.26,0.79,1.16,0.77,2.05,0.91,1.04,1.1,1.02,2.11,0.66,Pablo Reyes,622569,FS,5,2,1.75,-0.68
0.88,0.96,0.93,1.03,1.8,2.95,1.04,0.97,1.02,0.99,2.13,0.71,Pablo Reyes,622569,SI,56,10,1.87,-0.68
0.97,0.91,1.02,0.94,0.74,2.17,0.95,0.98,1.04,1.0,0.97,1.01,Pablo Reyes,622569,SL,36,8,1.36,-0.68
1.28,0.97,1.25,0.97,0.83,2.1,1.01,1.06,1.09,1.03,0.67,1.82,Pablo Reyes,622569,ST,25,4,1.33,-0.68
0.81,0.39,1.32,1.04,1.04,0.73,0.93,0.86,1.06,0.97,0.11,1.44,Bryan Reynolds,668804,CH,414,71,0.24,0.0
0.74,0.76,1.12,1.15,1.31,0.95,1.32,1.0,1.07,1.02,0.5,1.37,Bryan Reynolds,668804,CU,206,38,0.51,0.0
1.22,1.31,1.04,1.41,0.85,1.18,1.01,1.26,1.03,1.02,0.6,1.33,Bryan Reynolds,668804,FF,725,147,1.17,0.0
1.03,1.27,0.95,1.05,1.07,2.72,0.89,0.93,1.09,1.0,1.35,0.79,Bryan Reynolds,668804,FS,138,16,1.71,0.0
1.02,0.9,0.81,1.1,0.79,2.19,1.04,0.93,1.13,1.02,1.78,0.72,Bryan Reynolds,668804,KC,57,10,1.34,0.0
1.17,1.85,0.9,1.08,1.42,0.77,0.97,1.3,1.04,1.04,0.46,1.34,Bryan Reynolds,668804,SI,388,75,1.52,0.0
1.37,1.67,0.69,1.1,1.17,0.74,1.17,1.37,1.03,1.05,1.08,0.65,Bryan Reynolds,668804,SL,323,55,1.58,0.0
1.41,2.54,1.3,1.15,1.05,2.69,1.08,1.44,1.1,1.04,0.59,1.41,Bryan Reynolds,668804,ST,133,17,2.72,0.0
1.58,2.57,0.75,1.37,0.94,1.6,0.79,1.15,1.32,1.07,1.59,0.66,Bryan Reynolds,668804,FO,7,2,2.16,0.0
1.28,1.01,0.97,1.14,0.94,1.98,1.02,1.08,1.21,1.02,1.03,1.1,Bryan Reynolds,668804,SV,7,2,1.31,0.0
1.21,1.36,0.82,1.12,0.7,1.12,0.92,1.1,1.04,1.04,1.44,0.86,Ben Rice,700250,CH,82,9,1.4,0.37
1.21,1.43,0.76,0.96,0.96,2.29,0.96,1.11,1.06,1.02,1.05,1.13,Ben Rice,700250,CU,58,5,1.73,0.37
1.39,1.72,0.81,0.99,0.63,0.75,0.9,1.22,1.04,1.06,1.07,1.05,Ben Rice,700250,FF,175,26,1.59,0.37
1.26,1.21,0.85,1.13,0.76,2.02,0.87,1.06,1.11,1.04,1.98,0.71,Ben Rice,700250,FS,42,5,1.75,0.37
1.05,1.06,0.85,1.08,0.83,2.02,0.99,1.02,1.14,1.0,1.69,0.78,Ben Rice,700250,KC,12,3,1.51,0.37
1.35,2.94,0.7,1.38,1.11,0.98,0.98,1.53,1.04,1.07,2.13,0.61,Ben Rice,700250,SI,95,19,2.75,0.37
1.25,2.03,1.1,0.87,1.11,1.16,0.92,1.26,1.07,1.04,1.06,0.82,Ben Rice,700250,SL,79,14,2.13,0.37
1.14,1.08,1.49,0.73,0.97,2.8,0.97,1.05,1.08,0.99,0.43,1.88,Ben Rice,700250,ST,56,7,1.77,0.37
1.24,1.36,0.9,1.1,0.92,2.1,1.01,1.11,1.21,1.03,1.14,0.93,Ben Rice,700250,SV,10,2,1.62,0.37
1.23,1.38,0.84,1.21,1.06,2.48,0.99,1.17,1.07,1.02,1.19,0.8,Austin Riley,663586,CH,113,21,1.78,-0.38
1.04,1.01,0.87,0.72,1.0,2.56,1.13,0.92,1.07,1.0,1.61,0.64,Austin Riley,663586,CU,90,11,1.69,-0.38
1.19,1.63,0.62,1.19,1.17,0.75,1.03,1.11,1.05,1.04,1.23,0.68,Austin Riley,663586,FF,635,95,1.24,-0.38
1.52,2.67,0.7,1.43,0.88,1.53,0.78,1.16,1.32,1.06,1.7,0.7,Austin Riley,663586,FO,2,1,2.18,-0.38
1.27,2.02,0.6,1.32,0.86,2.04,0.94,1.26,1.11,1.04,2.47,0.47,Austin Riley,663586,FS,36,8,2.37,-0.38
1.1,1.43,0.85,0.88,0.81,2.12,1.03,0.99,1.13,1.0,1.61,0.71,Austin Riley,663586,KC,28,1,1.78,-0.38
1.36,2.14,0.92,0.8,1.36,1.03,1.03,1.31,1.06,1.04,0.4,1.41,Austin Riley,663586,SI,311,66,1.89,-0.38
1.28,1.99,0.96,1.13,1.2,0.94,1.05,1.06,1.08,1.04,0.95,2.52,Austin Riley,663586,SL,301,52,1.28,-0.38
1.4,2.12,0.62,1.29,0.94,1.26,1.28,1.43,1.1,1.07,1.07,0.73,Austin Riley,663586,ST,117,23,1.85,-0.38
1.28,1.4,0.91,1.01,0.93,2.14,1.03,1.16,1.22,1.03,1.13,0.89,Austin Riley,663586,SV,8,1,1.78,-0.38
1.22,1.01,0.91,0.84,0.91,2.09,0.97,0.97,1.05,1.02,1.29,0.95,Ryan Ritter,690022,CH,20,6,1.48,-1.3
0.91,0.84,1.03,1.08,1.08,2.72,1.15,1.02,1.07,1.0,1.04,1.08,Ryan Ritter,690022,CU,35,6,1.39,-1.3
0.76,0.58,1.27,1.02,1.57,3.92,1.14,0.97,0.97,0.92,0.83,1.91,Ryan Ritter,690022,FF,163,20,1.55,-1.3
1.04,1.31,0.81,1.04,0.77,1.96,0.91,1.02,1.1,1.02,2.01,0.65,Ryan Ritter,690022,FS,4,1,1.78,-1.3
0.97,1.11,0.91,0.94,0.75,1.88,1.03,0.97,1.12,0.99,1.4,0.78,Ryan Ritter,690022,KC,6,1,1.44,-1.3
0.85,0.32,1.0,1.07,1.67,2.83,1.2,0.83,1.02,0.95,0.87,0.81,Ryan Ritter,690022,SI,87,22,0.85,-1.3
0.6,0.38,1.43,0.68,1.09,2.63,1.05,0.75,0.99,0.93,0.26,1.57,Ryan Ritter,690022,SL,128,19,0.93,-1.3
1.03,0.74,1.42,1.02,0.92,2.26,1.09,0.89,1.06,0.99,0.64,2.0,Ryan Ritter,690022,ST,52,9,1.0,-1.3
0.94,1.0,0.96,0.82,0.91,1.93,0.88,0.94,1.02,1.0,1.28,0.78,Leo Rivas,660844,CH,38,4,1.48,0.0
1.01,0.99,0.99,0.97,0.81,2.1,1.12,0.96,1.08,1.0,1.13,1.07,Leo Rivas,660844,CU,20,3,1.29,0.0
0.87,0.46,1.14,1.15,0.95,2.61,0.82,0.85,0.99,0.99,0.9,1.45,Leo Rivas,660844,FF,141,15,0.98,0.0
1.04,1.31,0.81,1.04,0.75,1.88,0.89,1.04,1.1,1.02,2.08,0.65,Leo Rivas,660844,FS,9,1,1.81,0.0
0.97,1.11,0.91,0.94,0.75,1.81,1.03,0.98,1.12,0.98,1.48,0.78,Leo Rivas,660844,KC,7,1,1.45,0.0
0.84,0.81,0.84,1.09,1.58,2.85,1.05,0.97,1.02,0.97,1.84,0.62,Leo Rivas,660844,SI,51,10,1.61,0.0
0.93,1.0,0.86,1.19,0.83,2.15,0.87,1.05,1.04,1.01,1.04,0.84,Leo Rivas,660844,SL,51,8,1.35,0.0
1.19,1.03,1.29,0.99,0.87,2.22,0.94,1.01,1.09,1.03,0.66,1.68,Leo Rivas,660844,ST,24,1,1.37,0.0
1.11,1.19,0.95,1.15,0.98,2.48,0.95,1.01,1.05,1.01,1.16,0.99,Emmanuel Rivera,656896,CH,100,18,1.53,-0.62
0.98,1.17,1.01,0.89,0.71,1.75,1.24,1.08,1.03,1.01,0.94,0.81,Emmanuel Rivera,656896,CU,83,21,1.41,-0.62
0.86,0.48,1.04,1.12,0.99,1.83,1.07,0.86,0.99,1.0,0.72,1.85,Emmanuel Rivera,656896,FF,331,50,0.55,-0.62
1.08,1.26,0.71,1.16,0.81,2.21,0.93,1.08,1.09,1.01,2.36,0.53,Emmanuel Rivera,656896,FS,23,2,1.9,-0.62
0.95,1.09,0.89,0.92,0.74,1.87,1.05,0.95,1.13,0.99,1.74,0.73,Emmanuel Rivera,656896,KC,6,3,1.5,-0.62
1.07,0.73,1.18,0.64,1.51,2.81,1.03,0.86,1.01,1.0,0.28,1.16,Emmanuel Rivera,656896,SI,229,42,1.29,-0.62
0.84,1.09,0.91,0.96,0.95,2.47,0.96,1.01,1.03,1.0,1.05,1.01,Emmanuel Rivera,656896,SL,199,34,1.56,-0.62
1.09,0.9,1.19,0.95,0.89,2.72,1.06,0.98,1.07,1.02,0.86,1.18,Emmanuel Rivera,656896,ST,80,11,1.47,-0.62
1.19,1.01,0.88,1.14,0.92,1.9,1.02,1.06,1.21,1.03,1.17,1.02,Emmanuel Rivera,656896,SV,4,2,1.28,-0.62
1.35,1.7,0.7,0.98,1.4,1.11,1.15,1.16,1.08,1.02,1.85,0.61,Luis Robert,673357,CH,162,31,1.75,-0.32
1.12,0.98,1.07,1.02,0.95,2.65,1.13,1.01,1.08,1.02,0.99,1.17,Luis Robert,673357,CU,71,11,1.46,-0.32
1.06,1.62,0.57,1.21,1.3,0.83,1.09,1.12,1.06,1.02,1.23,0.76,Luis Robert,673357,FF,472,66,1.21,-0.32
1.27,1.53,0.68,1.12,0.84,2.48,0.96,1.25,1.1,1.01,2.5,0.41,Luis Robert,673357,FS,75,2,2.41,-0.32
1.02,0.94,0.91,1.31,0.79,2.0,1.08,1.05,1.14,0.99,1.75,0.84,Luis Robert,673357,KC,31,2,1.33,-0.32
1.09,0.73,1.22,0.97,1.18,1.09,1.03,0.99,1.02,0.99,0.2,1.76,Luis Robert,673357,SI,263,55,0.65,-0.32
1.01,1.67,0.81,1.12,1.19,1.15,1.13,1.13,1.09,1.01,1.44,0.62,Luis Robert,673357,SL,283,46,1.55,-0.32
1.34,1.18,0.65,0.82,1.04,3.05,1.18,1.15,1.12,1.07,1.23,0.93,Luis Robert,673357,ST,145,26,1.92,-0.32
1.14,0.98,1.02,1.0,0.92,1.98,1.04,1.03,1.21,1.02,0.92,1.25,Luis Robert,673357,SV,6,4,1.28,-0.32
1.25,1.23,0.81,1.01,0.84,2.1,0.95,1.02,1.04,1.02,1.71,0.76,Will Robertson,683770,CH,5,1,1.67,-0.48
0.95,0.77,1.49,0.91,1.34,4.61,0.98,0.92,1.01,0.98,0.63,1.67,Will Robertson,683770,FF,36,1,1.96,-0.48
1.04,1.31,0.74,1.04,0.83,2.12,0.93,1.02,1.08,1.02,2.37,0.61,Will Robertson,683770,FS,4,1,1.9,-0.48
1.04,1.11,0.91,0.94,0.73,1.81,1.05,0.98,1.12,1.01,1.62,0.78,Will Robertson,683770,KC,1,1,1.48,-0.48
0.91,1.18,0.81,1.02,1.84,3.56,1.02,1.0,1.01,0.98,2.68,0.58,Will Robertson,683770,SI,4,1,2.36,-0.48
1.28,1.03,1.17,1.14,0.83,2.22,1.06,1.06,1.07,1.04,0.7,1.56,Will Robertson,683770,ST,3,1,1.27,-0.48
1.04,1.57,1.08,0.9,1.02,2.24,0.99,1.0,1.05,0.99,0.85,0.99,Victor Robles,645302,CH,89,18,1.74,-1.0
0.91,0.84,0.94,0.93,0.96,2.2,1.18,0.96,1.07,0.99,1.34,0.77,Victor Robles,645302,CU,31,6,1.32,-1.0
0.69,0.61,1.79,0.77,1.02,3.31,1.08,0.8,1.0,0.93,0.51,2.21,Victor Robles,645302,FF,279,69,1.38,-1.0
1.04,1.31,0.76,1.04,0.76,1.91,0.9,1.05,1.1,1.02,2.15,0.65,Victor Robles,645302,FS,15,1,1.83,-1.0
1.01,1.07,0.8,1.05,0.74,1.74,1.03,1.0,1.13,1.0,1.88,0.63,Victor Robles,645302,KC,9,2,1.46,-1.0
0.95,0.9,0.93,1.09,1.39,2.73,1.08,0.98,1.02,0.96,2.08,0.74,Victor Robles,645302,SI,159,37,1.7,-1.0
0.93,0.92,1.06,1.16,0.87,2.8,1.09,0.99,1.05,0.99,0.87,0.93,Victor Robles,645302,SL,174,28,1.36,-1.0
0.82,0.66,1.03,0.96,0.87,2.25,1.1,0.88,1.03,1.0,0.89,1.03,Victor Robles,645302,ST,139,25,1.02,-1.0
0.69,0.24,1.17,0.92,1.4,0.9,1.07,0.79,0.99,0.95,0.15,0.84,Brayan Rocchio,677587,CH,234,46,0.16,0.0
1.04,0.74,1.03,1.24,1.07,2.22,1.03,0.99,1.05,1.0,0.59,1.49,Brayan Rocchio,677587,CU,127,15,0.91,0.0
0.9,0.47,1.01,1.09,0.75,1.44,1.03,0.85,1.01,0.96,1.05,0.82,Brayan Rocchio,677587,FF,555,91,0.64,0.0
0.98,0.81,0.71,1.32,0.81,1.86,0.93,1.01,1.08,1.0,1.93,0.91,Brayan Rocchio,677587,FS,61,13,1.2,0.0
0.87,0.88,0.93,1.0,0.72,1.59,1.04,0.92,1.11,0.99,1.23,0.76,Brayan Rocchio,677587,KC,45,12,1.08,0.0
0.71,0.45,0.98,0.74,0.68,1.05,1.16,0.82,0.97,0.99,0.85,0.74,Brayan Rocchio,677587,SI,181,44,0.58,0.0
0.7,0.71,1.2,0.92,1.0,2.52,1.2,0.86,1.0,0.94,0.79,1.43,Brayan Rocchio,677587,SL,201,30,1.08,0.0
1.2,0.8,1.29,0.92,0.9,2.3,1.05,0.98,1.08,1.02,0.6,1.86,Brayan Rocchio,677587,ST,79,12,1.2,0.0
1.15,1.05,0.91,1.01,0.96,1.97,0.99,1.01,1.21,1.02,1.14,0.89,Brayan Rocchio,677587,SV,10,1,1.36,0.0
1.18,0.98,0.81,0.96,1.05,2.52,0.85,0.96,1.06,1.02,1.66,0.72,Alan Roden,702176,CH,70,7,1.66,0.88
1.1,1.23,1.1,0.9,0.87,2.39,1.11,1.03,1.08,1.01,0.76,1.25,Alan Roden,702176,CU,44,7,1.55,0.88
0.61,0.08,2.02,0.23,0.75,3.66,0.92,0.54,0.99,0.94,0.49,1.55,Alan Roden,702176,FF,162,27,1.43,0.88
1.06,1.04,1.1,0.82,0.85,2.13,0.9,0.88,1.09,1.02,0.68,1.03,Alan Roden,702176,FS,39,7,1.31,0.88
0.97,1.04,0.85,0.87,0.76,1.91,1.05,0.9,1.12,1.01,1.92,0.6,Alan Roden,702176,KC,17,3,1.5,0.88
0.81,0.44,1.51,0.86,1.47,2.6,1.0,0.71,1.02,0.96,-0.57,2.22,Alan Roden,702176,SI,64,19,0.51,0.88
1.19,0.53,1.08,0.97,0.84,2.56,1.04,0.88,1.04,1.01,0.83,1.87,Alan Roden,702176,SL,78,15,0.97,0.88
1.2,1.32,1.36,0.85,0.67,2.2,1.08,1.0,1.08,1.03,0.61,1.48,Alan Roden,702176,ST,25,5,1.56,0.88
1.23,1.05,0.91,1.17,0.97,2.05,1.01,1.07,1.22,1.03,1.1,1.02,Alan Roden,702176,SV,4,1,1.33,0.88
1.27,1.03,0.99,1.03,0.84,1.8,0.96,0.98,1.06,1.03,1.14,1.01,Brendan Rodgers,663898,CH,158,32,1.27,-0.55
1.19,1.2,0.93,1.05,1.04,2.46,1.14,1.06,1.09,1.03,1.19,1.08,Brendan Rodgers,663898,CU,129,19,1.57,-0.55
1.05,1.26,1.34,1.09,1.26,3.37,0.97,1.19,1.03,1.0,0.67,1.36,Brendan Rodgers,663898,FF,517,80,2.08,-0.55
1.01,1.35,0.79,1.14,0.78,1.95,0.91,1.06,1.09,1.01,1.88,0.64,Brendan Rodgers,663898,FS,45,10,1.74,-0.55
0.91,0.95,0.79,1.1,0.78,1.94,1.0,0.97,1.12,0.99,1.91,0.59,Brendan Rodgers,663898,KC,36,5,1.41,-0.55
1.26,2.19,1.1,1.07,1.1,2.7,0.96,1.21,1.24,1.03,1.28,0.77,Brendan Rodgers,663898,KN,9,3,2.54,-0.55
0.93,1.21,1.21,0.8,1.05,1.11,0.95,0.94,1.03,0.99,0.19,1.4,Brendan Rodgers,663898,SI,398,97,1.02,-0.55
1.04,1.21,1.12,1.11,1.18,2.48,1.04,1.01,1.04,1.01,0.83,1.16,Brendan Rodgers,663898,SL,403,61,1.48,-0.55
1.19,0.84,1.05,0.92,1.12,2.68,1.02,1.0,1.08,1.04,0.82,1.46,Brendan Rodgers,663898,ST,171,24,1.4,-0.55
1.32,1.05,0.91,1.17,0.95,2.3,0.98,1.09,1.22,1.03,1.08,1.02,Brendan Rodgers,663898,SV,20,1,1.44,-0.55
1.17,1.15,0.76,0.94,0.87,1.96,0.9,1.01,1.06,1.03,1.69,0.62,Endy Rodriguez,682848,CH,23,3,1.63,0.0
1.02,0.95,1.04,1.03,0.82,2.32,1.12,1.02,1.08,1.01,0.95,1.16,Endy Rodriguez,682848,CU,21,3,1.33,0.0
0.84,0.77,1.06,0.82,1.03,2.47,0.91,0.81,1.0,0.99,1.07,1.08,Endy Rodriguez,682848,FF,71,13,1.28,0.0
1.16,1.26,0.79,1.0,0.76,1.81,0.91,1.03,1.1,1.03,2.14,0.57,Endy Rodriguez,682848,FS,7,2,1.78,0.0
0.95,1.06,0.8,1.07,1.9,3.35,1.04,0.96,1.02,0.99,2.4,0.68,Endy Rodriguez,682848,SI,28,4,2.04,0.0
1.13,0.91,0.88,1.04,0.83,2.37,0.97,1.0,1.04,1.02,1.01,0.89,Endy Rodriguez,682848,SL,24,4,1.34,0.0
1.19,0.96,1.2,1.07,0.79,1.98,1.02,1.0,1.08,1.02,0.68,1.46,Endy Rodriguez,682848,ST,8,3,1.16,0.0
1.27,1.03,0.86,1.01,1.1,2.78,0.97,1.02,1.07,1.03,1.37,0.76,Johnathan Rodriguez,671286,CH,36,4,1.69,-0.72
1.12,0.92,1.06,0.89,0.85,2.21,1.17,0.97,1.09,1.02,1.06,1.26,Johnathan Rodriguez,671286,CU,19,2,1.31,-0.72
1.11,0.79,1.49,1.1,1.17,3.11,0.98,0.95,1.01,1.0,0.62,1.53,Johnathan Rodriguez,671286,FF,30,3,1.43,-0.72
1.02,0.97,0.93,1.09,1.97,3.66,0.99,0.98,1.04,0.99,1.51,0.79,Johnathan Rodriguez,671286,SI,33,3,1.89,-0.72
1.12,1.16,1.07,1.05,0.86,2.29,0.92,1.06,1.04,1.02,0.77,1.5,Johnathan Rodriguez,671286,SL,34,4,1.48,-0.72
1.17,1.0,1.35,0.96,0.87,2.41,1.03,1.0,1.08,1.03,0.62,1.79,Johnathan Rodriguez,671286,ST,14,1,1.38,-0.72
0.94,1.07,0.96,0.91,0.74,1.9,1.05,0.94,1.13,1.0,1.29,0.84,Johnathan Rodriguez,671286,KC,5,2,1.37,-0.72
1.42,1.84,1.09,1.14,1.09,1.15,1.15,1.3,1.08,1.04,0.82,2.66,Julio Rodriguez,677594,CH,252,42,1.54,-0.66
0.95,0.77,0.92,0.94,0.95,2.63,1.29,1.03,1.09,1.0,0.93,1.02,Julio Rodriguez,677594,CU,109,15,1.3,-0.66
1.39,1.36,1.16,0.89,1.3,0.96,1.09,1.27,1.07,1.05,0.62,1.36,Julio Rodriguez,677594,FF,686,112,1.48,-0.66
1.15,1.7,0.73,1.01,1.01,2.69,0.98,1.18,1.11,1.04,1.95,0.9,Julio Rodriguez,677594,FS,47,7,2.34,-0.66
0.97,1.15,0.81,0.98,0.85,2.26,1.06,0.99,1.13,1.0,1.91,0.63,Julio Rodriguez,677594,KC,54,6,1.69,-0.66
1.01,0.99,1.06,0.89,0.98,1.23,1.2,1.08,1.07,1.02,-0.53,1.35,Julio Rodriguez,677594,SI,400,93,0.7,-0.66
1.02,1.24,0.99,0.76,1.03,1.12,1.14,1.1,1.08,1.04,0.93,1.03,Julio Rodriguez,677594,SL,425,77,1.38,-0.66
1.26,1.26,0.93,0.85,1.09,1.37,1.17,1.16,1.11,1.04,1.05,1.32,Julio Rodriguez,677594,ST,218,33,1.45,-0.66
1.13,1.03,1.01,1.03,1.03,2.4,1.02,1.02,1.2,1.01,0.94,1.12,Julio Rodriguez,677594,SV,16,3,1.43,-0.66
1.19,0.93,0.82,1.21,0.91,2.14,0.93,1.06,1.06,1.03,1.46,0.78,Jake Rogers,668670,CH,105,20,1.39,-0.3
1.02,1.43,0.92,0.91,0.86,2.1,1.08,1.02,1.08,1.01,1.23,0.73,Jake Rogers,668670,CU,60,9,1.69,-0.3
1.15,1.39,1.18,0.73,1.4,3.86,0.99,1.01,0.99,1.02,1.01,1.37,Jake Rogers,668670,FF,372,52,2.31,-0.3
1.04,1.26,0.8,1.04,0.77,2.02,0.91,1.02,1.1,1.01,1.98,0.65,Jake Rogers,668670,FS,16,5,1.76,-0.3
1.01,1.07,0.8,0.91,0.72,1.9,1.06,0.92,1.13,1.0,2.01,0.56,Jake Rogers,668670,KC,10,2,1.52,-0.3
1.0,1.03,0.96,1.16,1.04,1.72,1.04,0.89,1.01,1.0,2.22,0.87,Jake Rogers,668670,SI,232,53,1.34,-0.3
0.71,0.92,1.03,0.95,1.0,1.61,0.95,0.89,1.01,0.97,1.12,1.12,Jake Rogers,668670,SL,230,38,1.11,-0.3
1.18,0.85,1.14,1.18,0.87,2.08,0.96,1.02,1.06,1.03,0.92,1.52,Jake Rogers,668670,ST,115,12,1.16,-0.3
1.15,1.05,1.0,1.01,0.97,2.05,1.0,1.04,1.21,1.02,1.05,1.09,Jake Rogers,668670,SV,6,1,1.41,-0.3
1.0,1.37,1.3,0.81,0.91,2.16,1.01,0.96,1.03,0.98,0.12,1.7,Johan Rojas,679032,CH,95,16,1.4,-0.8
0.95,0.82,1.02,0.85,0.83,1.99,1.1,0.91,1.07,1.0,0.97,1.06,Johan Rojas,679032,CU,71,11,1.15,-0.8
0.95,0.21,1.39,1.08,1.05,4.69,1.01,0.85,1.04,0.93,0.6,1.54,Johan Rojas,679032,FF,388,78,1.45,-0.8
1.07,1.34,0.78,0.99,0.72,1.83,0.92,0.99,1.1,1.02,2.06,0.55,Johan Rojas,679032,FS,16,3,1.75,-0.8
0.91,0.89,0.98,0.77,0.71,1.95,1.11,0.87,1.12,1.0,1.72,0.76,Johan Rojas,679032,KC,22,7,1.41,-0.8
1.12,0.58,1.11,1.05,1.27,2.41,0.97,1.02,1.01,0.98,-0.18,1.49,Johan Rojas,679032,SI,252,52,0.87,-0.8
0.76,0.45,1.25,0.75,0.94,2.66,1.08,0.83,1.04,0.95,0.61,1.43,Johan Rojas,679032,SL,202,51,1.07,-0.8
0.93,1.06,1.35,0.84,0.89,2.13,1.1,0.96,1.06,0.99,0.72,1.73,Johan Rojas,679032,ST,150,31,1.36,-0.8
1.12,1.02,1.03,0.98,0.93,2.03,1.01,1.01,1.2,1.02,0.9,1.17,Johan Rojas,679032,SV,10,4,1.32,-0.8
0.95,0.37,0.93,0.86,0.88,1.5,0.92,0.91,1.02,1.01,0.86,0.94,Josh Rojas,668942,CH,243,44,0.78,-1.29
0.9,0.67,1.09,0.96,0.86,2.22,1.01,1.0,1.06,1.02,0.93,1.36,Josh Rojas,668942,CU,123,19,1.22,-1.29
0.99,0.84,0.63,1.04,1.08,0.72,0.98,0.88,1.0,1.01,1.09,0.58,Josh Rojas,668942,FF,632,95,0.6,-1.29
1.04,1.14,0.84,1.18,0.84,2.07,0.9,1.02,1.1,1.02,1.86,0.7,Josh Rojas,668942,FS,57,7,1.6,-1.29
0.92,1.02,1.0,0.89,0.74,1.75,1.0,0.92,1.11,0.98,1.44,0.74,Josh Rojas,668942,KC,46,5,1.38,-1.29
0.81,0.32,0.86,0.91,1.01,0.78,1.07,0.74,1.0,0.99,2.43,0.74,Josh Rojas,668942,SI,243,59,0.68,-1.29
0.9,0.6,0.94,0.94,0.8,1.83,1.0,0.89,1.0,0.99,1.12,0.69,Josh Rojas,668942,SL,239,47,1.0,-1.29
1.03,1.19,1.13,1.0,0.82,2.07,0.97,1.0,1.07,1.03,0.82,1.05,Josh Rojas,668942,ST,98,13,1.44,-1.29
0.92,0.94,0.9,1.13,0.95,1.69,0.92,1.0,1.04,1.0,1.27,0.76,Miguel Rojas,500743,CH,97,16,1.22,-0.88
1.07,1.01,1.11,0.95,0.84,2.39,1.06,0.93,1.06,1.01,0.77,1.48,Miguel Rojas,500743,CU,72,16,1.27,-0.88
0.61,0.38,1.15,0.87,0.42,1.19,0.93,0.73,0.98,0.95,0.98,1.39,Miguel Rojas,500743,FF,353,83,0.51,-0.88
1.47,2.57,0.75,1.37,0.91,1.48,0.78,1.21,1.29,1.04,1.2,0.66,Miguel Rojas,500743,FO,3,2,2.1,-0.88
1.08,1.24,0.78,1.01,0.73,1.94,0.91,1.05,1.1,1.02,1.92,0.73,Miguel Rojas,500743,FS,19,6,1.75,-0.88
0.95,1.06,0.88,0.9,0.75,1.89,1.0,0.94,1.14,1.0,1.78,0.74,Miguel Rojas,500743,KC,15,5,1.52,-0.88
0.85,0.33,1.02,1.24,0.15,0.89,0.92,0.84,1.0,0.98,1.4,1.3,Miguel Rojas,500743,SI,230,54,0.39,-0.88
0.84,1.15,1.08,1.24,0.94,2.64,1.04,1.05,0.99,0.98,0.63,1.09,Miguel Rojas,500743,SL,219,44,1.41,-0.88
0.92,0.66,1.18,1.15,0.76,2.34,1.02,0.98,1.05,0.98,0.82,1.18,Miguel Rojas,500743,ST,100,21,1.11,-0.88
1.15,1.05,0.91,1.01,0.93,1.97,1.01,1.04,1.21,1.02,1.07,1.09,Miguel Rojas,500743,SV,3,1,1.35,-0.88
1.28,2.02,0.86,0.95,1.36,0.82,1.07,1.2,1.08,1.05,1.4,0.78,Brent Rooker,667670,CH,262,42,1.84,-0.52
1.03,1.34,0.89,1.46,1.21,2.67,1.13,1.14,1.1,1.01,1.11,0.96,Brent Rooker,667670,CU,136,13,1.54,-0.52
1.06,1.7,0.85,1.02,1.03,0.86,1.02,1.21,1.04,1.01,1.08,0.68,Brent Rooker,667670,FF,749,119,1.6,-0.52
1.34,1.28,0.84,0.88,1.08,2.88,0.95,1.1,1.09,1.02,2.28,0.6,Brent Rooker,667670,FS,87,14,2.33,-0.52
1.06,1.45,0.82,1.02,0.9,2.29,0.96,1.08,1.13,1.02,1.7,0.69,Brent Rooker,667670,KC,31,4,1.93,-0.52
1.08,0.86,0.92,1.25,0.87,1.07,1.08,1.11,1.05,1.02,1.29,1.66,Brent Rooker,667670,SI,339,69,0.9,-0.52
1.09,2.27,0.66,1.21,1.34,1.09,1.14,1.38,1.06,1.03,1.24,0.5,Brent Rooker,667670,SL,414,64,2.02,-0.52
1.24,2.53,0.58,0.69,1.26,2.9,1.06,1.07,1.09,1.05,1.59,0.74,Brent Rooker,667670,ST,183,22,2.7,-0.52
1.23,1.34,0.86,0.98,0.97,2.06,1.0,1.09,1.21,1.02,1.28,0.79,Brent Rooker,667670,SV,16,2,1.7,-0.52
0.89,0.7,1.16,0.83,0.92,1.58,0.96,0.83,1.02,0.97,0.88,1.14,Ben Rortvedt,666163,CH,169,32,0.94,-0.4
0.93,1.03,0.97,1.13,0.94,2.45,1.09,0.98,1.07,0.99,1.2,0.98,Ben Rortvedt,666163,CU,115,9,1.38,-0.4
0.7,0.41,1.34,0.59,1.05,3.06,0.89,0.67,0.98,0.95,1.09,1.43,Ben Rortvedt,666163,FF,498,69,1.32,-0.4
0.95,1.11,0.89,1.0,0.83,1.88,0.9,0.94,1.08,0.99,1.75,0.84,Ben Rortvedt,666163,FS,71,9,1.5,-0.4
0.94,1.0,0.82,0.99,0.75,2.0,1.01,0.91,1.12,0.99,2.11,0.68,Ben Rortvedt,666163,KC,27,4,1.5,-0.4
0.83,1.11,0.88,1.26,1.42,2.25,0.95,1.03,1.02,0.98,1.93,0.61,Ben Rortvedt,666163,SI,149,25,1.63,-0.4
1.01,0.83,1.05,1.2,0.88,2.54,1.0,0.9,1.04,1.01,1.03,1.16,Ben Rortvedt,666163,SL,145,24,1.14,-0.4
1.14,0.92,1.19,1.02,0.81,2.17,1.02,1.03,1.07,1.03,0.68,1.5,Ben Rortvedt,666163,ST,54,9,1.27,-0.4
0.9,0.75,1.14,0.8,0.84,2.28,1.04,0.97,1.06,1.01,0.71,2.79,Amed Rosario,642708,CH,99,27,1.13,-1.02
1.13,0.8,1.02,0.98,0.76,1.9,1.13,0.88,1.08,1.03,1.12,1.01,Amed Rosario,642708,CU,51,13,1.01,-1.02
1.04,0.96,1.14,0.92,0.8,1.06,1.18,0.98,0.99,1.0,0.87,1.14,Amed Rosario,642708,FF,354,57,0.95,-1.02
1.01,1.17,0.87,0.97,0.74,2.11,0.92,1.02,1.1,1.01,1.84,0.81,Amed Rosario,642708,FS,30,7,1.75,-1.02
1.01,1.07,0.88,1.05,0.82,2.13,1.04,0.98,1.13,1.0,1.65,0.78,Amed Rosario,642708,KC,21,2,1.49,-1.02
1.18,0.3,0.98,1.4,0.88,1.53,1.12,1.1,1.03,1.04,0.39,1.73,Amed Rosario,642708,SI,209,52,0.37,-1.02
0.84,1.07,1.13,1.48,0.88,2.4,1.1,1.15,1.03,0.99,0.53,1.34,Amed Rosario,642708,SL,230,53,1.21,-1.02
0.87,0.57,1.05,0.74,0.84,2.39,1.13,0.87,1.07,1.01,0.75,1.17,Amed Rosario,642708,ST,101,20,1.08,-1.02
1.11,1.38,0.96,0.97,0.92,2.16,0.98,1.08,1.05,1.02,1.35,0.89,Esteury Ruiz,665923,CH,21,4,1.8,-1.35
1.03,1.32,0.96,0.95,0.86,2.18,1.16,1.08,1.09,1.0,1.16,0.91,Esteury Ruiz,665923,CU,18,2,1.66,-1.35
0.88,0.74,1.45,0.9,1.11,3.62,0.93,0.88,1.0,0.95,0.67,1.56,Esteury Ruiz,665923,FF,80,14,1.62,-1.35
0.96,1.1,0.74,0.98,2.05,3.77,1.03,0.99,1.03,0.99,3.02,0.48,Esteury Ruiz,665923,SI,44,3,2.47,-1.35
1.06,1.26,1.2,0.82,0.86,2.78,1.01,0.95,1.03,1.0,0.61,1.36,Esteury Ruiz,665923,SL,34,6,1.65,-1.35
1.15,0.97,1.22,0.97,0.87,2.31,1.04,1.02,1.08,1.03,0.74,1.55,Esteury Ruiz,665923,ST,22,4,1.37,-1.35
1.08,0.76,0.78,1.05,0.4,1.23,1.13,0.88,1.01,0.99,1.61,0.63,Keibert Ruiz,660688,CH,215,63,0.84,0.0
0.52,0.21,1.15,1.36,0.74,2.48,1.1,0.88,1.05,0.97,0.77,2.33,Keibert Ruiz,660688,CU,173,29,0.49,0.0
0.68,0.42,1.3,0.95,0.23,1.14,1.13,0.73,0.98,0.95,1.03,1.15,Keibert Ruiz,660688,FF,442,124,0.47,0.0
1.04,0.48,0.77,1.02,0.58,1.78,1.01,0.94,1.05,0.99,1.93,0.74,Keibert Ruiz,660688,FS,105,18,1.1,0.0
1.01,1.0,0.87,0.99,0.68,1.9,1.02,0.95,1.12,1.0,1.92,0.79,Keibert Ruiz,660688,KC,23,4,1.47,0.0
1.01,0.32,0.81,0.96,0.46,1.64,1.12,0.95,1.0,1.0,1.65,1.47,Keibert Ruiz,660688,SI,244,78,0.84,0.0
0.86,0.3,1.13,0.76,0.77,2.92,1.14,0.77,1.04,0.95,0.78,0.94,Keibert Ruiz,660688,SL,197,45,1.01,0.0
1.15,0.71,1.46,0.97,0.73,2.41,1.01,0.96,1.05,1.0,0.49,1.97,Keibert Ruiz,660688,ST,101,20,1.16,0.0
1.52,2.67,0.7,1.43,0.89,1.59,0.77,1.17,1.32,1.06,1.54,0.61,Keibert Ruiz,660688,FO,10,1,2.18,0.0
1.2,0.95,1.09,1.06,0.93,1.85,1.03,1.03,1.2,1.01,0.81,1.28,Keibert Ruiz,660688,SV,8,4,1.18,0.0
1.25,1.65,0.92,0.94,1.09,2.29,0.99,1.12,1.06,1.04,1.36,0.76,Dalton Rushing,687221,CH,39,3,2.05,-0.82
1.06,1.27,0.85,1.08,1.01,2.37,1.01,0.96,1.09,1.01,1.56,0.92,Dalton Rushing,687221,CU,67,6,1.58,-0.82
1.06,0.78,0.77,1.44,1.35,1.57,1.07,0.98,1.04,1.0,1.23,2.39,Dalton Rushing,687221,FF,118,25,0.58,-0.82
0.97,1.11,0.82,1.09,0.74,1.88,1.01,1.02,1.13,1.0,1.8,0.72,Dalton Rushing,687221,KC,14,1,1.51,-0.82
0.97,1.06,0.86,0.81,1.61,1.94,0.97,0.96,1.03,0.99,2.23,0.56,Dalton Rushing,687221,SI,72,16,1.78,-0.82
0.87,1.22,0.97,0.78,0.96,2.23,0.95,1.0,1.04,0.99,1.02,0.91,Dalton Rushing,687221,SL,81,7,1.68,-0.82
1.19,1.03,1.17,0.99,0.84,2.4,0.99,1.02,1.09,1.03,0.74,1.36,Dalton Rushing,687221,ST,22,1,1.43,-0.82
1.15,1.05,0.91,1.01,0.93,1.97,1.01,1.02,1.21,1.02,1.13,0.89,Dalton Rushing,687221,SV,3,1,1.37,-0.82
1.25,0.88,0.91,0.72,0.65,2.24,0.84,0.92,1.04,1.0,1.1,0.85,Adley Rutschman,668939,CH,419,94,1.47,0.0
1.0,0.92,1.09,1.1,0.76,2.44,0.89,1.01,1.08,1.01,0.87,1.49,Adley Rutschman,668939,CU,171,24,1.35,0.0
1.1,0.95,0.69,0.96,0.55,1.03,0.91,0.97,1.02,1.01,1.02,0.95,Adley Rutschman,668939,FF,879,159,0.91,0.0
0.82,0.6,0.81,1.09,0.51,1.4,0.89,0.92,1.04,0.99,1.36,1.05,Adley Rutschman,668939,FS,102,28,0.85,0.0
0.98,1.18,0.9,1.02,0.71,1.87,1.0,0.95,1.12,1.0,1.61,0.83,Adley Rutschman,668939,KC,48,10,1.46,0.0
0.96,1.04,0.95,0.84,0.38,0.86,0.84,0.88,1.01,1.0,2.1,1.12,Adley Rutschman,668939,SI,270,50,1.29,0.0
0.85,1.01,0.74,1.22,0.76,1.7,0.82,1.0,1.0,1.01,1.4,0.73,Adley Rutschman,668939,SL,305,44,1.23,0.0
1.23,0.95,1.01,0.86,0.74,2.29,0.91,0.93,1.04,1.03,0.96,1.11,Adley Rutschman,668939,ST,145,23,1.39,0.0
1.2,1.04,0.97,1.04,0.92,2.06,0.98,1.03,1.21,1.02,1.05,1.04,Adley Rutschman,668939,SV,10,2,1.38,0.0
1.12,1.13,0.94,0.99,0.87,2.14,0.96,0.98,1.05,1.01,1.4,0.87,Blake Sabol,666165,CH,29,6,1.53,0.11
1.01,1.01,0.92,1.07,0.82,2.03,1.13,1.02,1.08,1.01,1.2,1.01,Blake Sabol,666165,CU,5,1,1.29,0.11
1.02,1.1,1.46,0.9,1.19,4.03,0.97,0.95,1.03,0.99,0.69,1.48,Blake Sabol,666165,FF,49,6,2.03,0.11
1.08,1.29,0.73,1.06,0.76,1.97,0.91,1.07,1.1,1.02,2.13,0.67,Blake Sabol,666165,FS,11,3,1.83,0.11
0.93,1.13,0.8,0.98,1.8,3.49,1.05,0.99,1.03,0.99,2.58,0.64,Blake Sabol,666165,SI,9,5,2.27,0.11
1.09,1.01,0.98,1.02,0.8,2.54,0.99,0.99,1.05,1.01,1.01,0.98,Blake Sabol,666165,SL,14,1,1.46,0.11
1.26,0.93,0.84,1.34,0.74,2.56,1.05,1.03,1.04,1.03,1.51,1.04,Thomas Saggese,695336,CH,16,2,1.34,-1.89
0.94,1.17,0.92,0.95,0.83,2.62,1.19,1.02,1.06,1.0,1.07,0.89,Thomas Saggese,695336,CU,11,2,1.58,-1.89
1.07,0.75,1.02,1.36,1.38,1.4,1.0,0.93,1.0,1.03,0.72,1.23,Thomas Saggese,695336,FF,58,9,0.58,-1.89
1.03,1.19,0.74,0.95,0.75,2.09,0.93,1.0,1.09,1.03,2.22,0.54,Thomas Saggese,695336,FS,8,1,1.83,-1.89
1.0,1.08,0.87,0.94,0.73,1.87,1.04,0.95,1.13,1.01,1.71,0.69,Thomas Saggese,695336,KC,8,1,1.47,-1.89
1.14,0.86,1.04,0.56,1.28,2.59,0.97,0.96,1.0,1.0,1.53,0.61,Thomas Saggese,695336,SI,30,7,1.88,-1.89
0.9,0.39,0.92,1.16,1.0,3.12,1.09,1.06,1.04,0.99,0.78,1.16,Thomas Saggese,695336,SL,40,7,1.19,-1.89
1.31,1.45,1.06,1.0,0.81,2.79,1.09,1.11,1.09,1.03,0.86,0.91,Thomas Saggese,695336,ST,7,4,1.88,-1.89
1.13,1.01,0.83,1.0,0.77,1.68,0.99,1.02,1.03,1.03,1.39,0.72,Cesar Salazar,663967,CH,11,6,1.34,-0.08
0.98,0.98,0.89,0.92,0.79,2.05,1.14,1.01,1.06,1.01,1.16,0.93,Cesar Salazar,663967,CU,8,2,1.35,-0.08
0.9,0.71,1.34,0.94,1.22,3.67,0.96,0.92,1.0,0.97,0.72,1.24,Cesar Salazar,663967,FF,39,5,1.65,-0.08
1.04,1.31,0.74,1.04,0.75,1.9,0.91,1.04,1.08,1.02,2.15,0.53,Cesar Salazar,663967,FS,2,1,1.81,-0.08
0.88,1.15,0.73,1.14,1.77,3.36,1.06,1.02,1.01,0.99,2.8,0.57,Cesar Salazar,663967,SI,12,4,2.22,-0.08
1.01,1.01,0.98,0.99,0.78,2.78,0.97,0.97,1.03,1.01,0.96,0.95,Cesar Salazar,663967,SL,21,1,1.53,-0.08
1.11,1.18,0.87,0.97,0.83,2.05,0.94,1.0,1.05,1.01,1.48,0.86,Ali Sanchez,645305,CH,20,5,1.58,-1.11
1.12,1.3,0.9,0.91,0.83,2.31,1.16,1.03,1.08,1.02,1.23,0.95,Ali Sanchez,645305,CU,27,3,1.63,-1.11
0.93,0.82,1.36,0.87,1.15,3.88,1.03,0.9,1.01,0.98,0.72,1.78,Ali Sanchez,645305,FF,97,14,1.71,-1.11
1.13,1.13,1.0,0.89,0.73,1.78,0.92,0.95,1.09,1.02,1.6,0.88,Ali Sanchez,645305,FS,12,5,1.54,-1.11
0.94,1.13,0.89,0.99,1.69,3.15,1.0,0.95,1.02,0.98,2.11,0.7,Ali Sanchez,645305,SI,73,17,2.01,-1.11
1.1,1.64,0.97,0.94,0.82,2.51,0.95,1.02,1.04,1.01,0.99,1.28,Ali Sanchez,645305,SL,42,7,1.85,-1.11
1.1,0.95,1.12,0.92,0.83,2.11,1.05,0.98,1.08,1.03,0.81,1.35,Ali Sanchez,645305,ST,35,8,1.28,-1.11
1.3,1.48,0.77,1.02,1.07,2.61,0.95,1.12,1.07,1.04,1.53,0.76,Gary Sanchez,596142,CH,124,15,2.02,-0.89
1.16,1.15,0.9,0.98,0.88,2.33,1.04,1.02,1.09,1.02,1.16,1.11,Gary Sanchez,596142,CU,88,12,1.52,-0.89
1.14,1.08,0.89,0.77,0.89,2.39,0.89,0.96,1.03,1.0,1.28,0.96,Gary Sanchez,596142,FF,312,62,1.67,-0.89
1.13,1.38,0.73,1.03,0.79,1.99,0.91,1.04,1.1,1.02,2.26,0.59,Gary Sanchez,596142,FS,30,2,1.9,-0.89
0.97,1.11,0.91,0.94,0.76,1.96,1.04,0.97,1.12,0.99,1.54,0.78,Gary Sanchez,596142,KC,11,1,1.5,-0.89
0.93,1.28,0.94,0.89,1.52,2.54,0.98,0.94,1.03,0.98,2.4,0.69,Gary Sanchez,596142,SI,212,35,2.06,-0.89
1.23,1.24,0.92,1.13,0.99,2.79,0.85,1.09,1.06,1.05,0.9,1.36,Gary Sanchez,596142,SL,208,18,1.69,-0.89
1.3,1.15,1.17,0.98,0.88,2.3,1.04,1.09,1.08,1.04,0.67,1.8,Gary Sanchez,596142,ST,85,12,1.48,-0.89
1.17,1.22,1.24,0.83,1.05,1.05,1.03,1.01,1.08,1.02,0.43,1.55,Jesus Sanchez,660821,CH,222,44,1.1,-1.26
1.17,1.48,1.07,1.28,0.98,1.95,1.19,1.21,1.1,1.06,0.75,1.33,Jesus Sanchez,660821,CU,164,24,1.49,-1.26
1.19,1.4,1.06,1.02,1.15,0.9,1.02,1.13,1.07,1.04,0.87,1.45,Jesus Sanchez,660821,FF,724,106,1.27,-1.26
0.95,0.71,1.02,1.08,0.91,2.27,0.98,0.88,1.08,1.01,1.11,0.83,Jesus Sanchez,660821,FS,101,16,1.11,-1.26
1.19,1.53,0.84,1.13,0.79,2.23,1.11,1.09,1.14,1.02,1.28,0.95,Jesus Sanchez,660821,KC,42,7,1.68,-1.26
1.26,1.52,1.1,0.92,1.14,3.06,0.96,1.0,1.23,1.02,1.49,0.77,Jesus Sanchez,660821,KN,10,3,2.18,-1.26
1.24,1.44,1.22,1.24,0.93,1.99,1.01,1.08,1.06,1.05,-0.46,2.32,Jesus Sanchez,660821,SI,223,58,0.99,-1.26
1.3,2.09,1.09,0.68,0.97,1.1,1.07,1.15,1.09,1.05,0.96,0.92,Jesus Sanchez,660821,SL,243,47,2.0,-1.26
1.36,0.77,1.3,1.0,1.06,3.71,1.16,0.97,1.09,1.02,0.56,1.92,Jesus Sanchez,660821,ST,126,21,1.48,-1.26
1.19,1.01,1.06,0.97,0.98,2.23,1.02,0.99,1.21,1.02,0.9,1.18,Jesus Sanchez,660821,SV,9,2,1.36,-1.26
0.79,0.74,0.79,1.04,0.74,2.67,0.99,0.99,1.02,0.98,1.65,0.68,Javier Sanoja,691594,CH,10,3,1.52,-0.38
0.97,0.76,1.25,0.77,0.78,2.19,1.11,0.87,1.06,0.99,1.06,1.4,Javier Sanoja,691594,CU,17,5,1.24,-0.38
0.98,0.51,0.93,1.19,0.5,1.55,0.96,0.84,1.0,0.99,0.85,1.34,Javier Sanoja,691594,FF,49,10,0.5,-0.38
1.11,1.04,0.84,1.23,0.76,1.61,0.94,0.97,1.1,1.0,1.4,0.72,Javier Sanoja,691594,FS,3,2,1.14,-0.38
0.83,0.13,0.93,1.17,1.0,1.74,0.88,0.9,0.99,0.99,0.75,1.22,Javier Sanoja,691594,SI,11,2,0.48,-0.38
0.63,0.11,1.47,1.11,0.49,1.08,1.11,0.77,0.99,0.95,0.45,3.31,Javier Sanoja,691594,SL,14,4,-0.08,-0.38
1.12,1.09,1.33,0.82,0.71,1.8,0.97,1.04,1.07,1.0,0.7,1.91,Javier Sanoja,691594,ST,5,2,1.42,-0.38
1.08,1.0,0.82,1.13,0.71,1.85,1.03,1.03,1.14,1.01,1.67,0.85,Javier Sanoja,691594,KC,17,4,1.37,-0.38
1.23,1.05,0.91,1.01,0.92,2.05,1.0,1.07,1.22,1.03,1.06,1.09,Javier Sanoja,691594,SV,7,1,1.42,-0.38
1.24,0.7,0.89,0.78,1.03,1.19,0.86,0.88,1.03,1.02,1.64,0.76,Carlos Santana,467793,CH,356,65,1.12,0.0
0.98,0.55,1.13,1.12,0.93,2.7,0.91,0.84,1.04,0.97,0.89,1.82,Carlos Santana,467793,CU,182,27,0.97,0.0
0.83,0.58,1.11,0.95,0.8,0.83,1.02,0.79,1.05,0.97,1.17,1.08,Carlos Santana,467793,FF,729,148,0.57,0.0
1.09,1.45,0.78,1.44,0.79,2.57,0.94,1.08,1.09,1.02,1.91,0.79,Carlos Santana,467793,FS,143,26,1.79,0.0
1.0,1.16,0.92,0.92,0.79,2.13,0.95,0.97,1.13,1.0,1.41,0.88,Carlos Santana,467793,KC,49,5,1.58,0.0
1.43,1.21,0.99,0.67,1.21,1.17,0.95,0.97,1.05,1.04,1.42,0.58,Carlos Santana,467793,SI,256,50,1.51,0.0
0.98,0.65,0.85,1.13,1.09,2.8,0.89,0.94,1.04,0.99,1.12,0.82,Carlos Santana,467793,SL,343,42,1.27,0.0
1.19,0.77,0.98,1.08,0.86,2.26,0.94,0.95,1.09,1.0,0.88,1.11,Carlos Santana,467793,ST,104,21,1.12,0.0
1.16,1.0,1.01,1.09,0.91,2.0,1.02,1.02,1.21,1.02,0.92,1.14,Carlos Santana,467793,SV,8,1,1.24,0.0
1.25,1.62,1.07,0.99,1.16,2.78,0.96,1.04,1.23,1.03,1.24,0.89,Carlos Santana,467793,KN,1,1,2.06,0.0
1.23,1.09,0.81,0.88,0.76,2.26,0.95,0.96,1.06,1.02,1.64,0.71,Anthony Santander,623993,CH,333,66,1.63,0.0
1.3,1.37,0.74,1.14,0.72,2.23,1.18,1.02,1.08,1.03,1.36,0.64,Anthony Santander,623993,CU,188,30,1.48,0.0
1.16,0.39,1.09,1.02,1.16,1.33,1.0,0.75,1.02,1.0,1.28,1.43,Anthony Santander,623993,FF,1073,162,0.51,0.0
1.11,1.46,0.69,1.09,0.67,2.16,0.98,1.11,1.11,1.03,2.34,0.68,Anthony Santander,623993,FS,91,22,2.03,0.0
1.06,1.15,0.84,1.0,0.73,2.32,1.06,0.97,1.14,0.99,1.79,0.7,Anthony Santander,623993,KC,63,10,1.64,0.0
1.04,1.53,0.72,1.01,1.34,2.06,0.92,1.04,1.03,1.01,2.87,0.71,Anthony Santander,623993,SI,286,55,2.18,0.0
1.38,1.14,0.85,0.75,0.72,2.67,1.12,0.87,1.04,1.01,1.45,0.97,Anthony Santander,623993,SL,282,54,1.6,0.0
1.46,0.91,0.97,1.18,0.78,2.48,1.03,1.01,1.09,1.05,0.97,1.35,Anthony Santander,623993,ST,119,17,1.23,0.0
1.17,1.1,0.93,0.99,0.91,1.93,1.02,1.04,1.21,1.03,1.18,0.99,Anthony Santander,623993,SV,9,4,1.43,0.0
0.41,0.07,1.39,0.75,0.6,1.2,0.86,0.68,1.01,0.94,0.52,2.42,Nolan Schanuel,694384,CH,248,49,0.25,-0.72
0.68,1.11,0.92,1.07,0.74,1.24,1.14,0.95,1.02,0.99,0.81,0.91,Nolan Schanuel,694384,CU,141,16,0.91,-0.72
0.69,0.3,1.4,0.95,0.48,1.04,0.91,0.74,0.99,0.96,0.8,1.6,Nolan Schanuel,694384,FF,842,152,0.41,-0.72
0.9,0.55,0.88,1.53,0.74,2.09,0.92,0.97,1.05,1.0,1.57,1.28,Nolan Schanuel,694384,FS,79,21,0.87,-0.72
0.9,1.2,0.98,0.83,0.69,1.72,1.04,0.94,1.1,0.99,1.49,0.7,Nolan Schanuel,694384,KC,46,5,1.52,-0.72
0.71,0.99,0.86,1.13,0.64,0.75,0.91,0.97,0.99,0.99,1.9,0.68,Nolan Schanuel,694384,SI,336,64,1.11,-0.72
0.72,0.61,0.79,1.3,0.68,0.75,0.92,1.11,1.04,1.0,0.88,0.77,Nolan Schanuel,694384,SL,279,51,0.65,-0.72
0.99,0.83,0.78,1.82,0.7,1.77,0.93,1.13,1.05,1.02,0.94,1.17,Nolan Schanuel,694384,ST,133,23,0.73,-0.72
1.15,1.05,0.93,1.14,0.96,1.99,1.0,1.03,1.21,1.02,1.07,1.04,Nolan Schanuel,694384,SV,9,1,1.28,-0.72
1.06,1.12,0.91,1.41,0.98,3.21,1.01,1.15,1.07,1.0,1.3,0.84,Casey Schmitt,669477,CH,33,7,1.76,-0.87
1.13,0.68,0.85,1.04,0.86,2.25,1.2,0.9,1.06,1.0,1.43,1.09,Casey Schmitt,669477,CU,14,2,1.04,-0.87
1.07,1.1,0.59,1.18,0.86,1.37,1.09,1.01,1.03,1.03,1.28,0.64,Casey Schmitt,669477,FF,115,27,1.01,-0.87
1.05,1.61,0.86,1.04,0.74,2.08,0.95,1.08,1.11,1.0,1.95,0.67,Casey Schmitt,669477,FS,9,2,2.03,-0.87
1.01,0.58,0.78,1.51,0.88,1.13,1.06,1.04,1.02,1.03,2.1,1.98,Casey Schmitt,669477,SI,62,18,0.68,-0.87
1.19,0.33,0.81,1.6,1.02,3.29,1.0,0.96,1.02,1.0,1.14,1.03,Casey Schmitt,669477,SL,65,12,0.89,-0.87
1.06,1.03,0.96,1.03,0.99,2.19,1.01,1.18,1.07,0.99,0.88,0.96,Casey Schmitt,669477,ST,29,1,1.57,-0.87
1.52,2.67,0.7,1.65,0.88,1.53,0.77,1.18,1.32,1.07,1.51,0.7,Casey Schmitt,669477,FO,3,1,2.02,-0.87
0.97,1.11,0.91,0.94,0.78,1.96,1.01,0.96,1.13,1.0,1.7,0.78,Casey Schmitt,669477,KC,11,1,1.54,-0.87
0.88,0.88,1.38,0.8,1.17,1.28,0.89,0.85,1.0,0.99,-0.02,1.92,Daniel Schneemann,682177,CH,127,21,0.75,0.26
0.79,1.73,1.06,0.79,0.82,2.37,1.16,0.93,1.05,1.01,1.08,1.11,Daniel Schneemann,682177,CU,65,4,1.82,0.26
1.25,1.4,0.85,1.28,1.17,0.69,0.9,1.25,1.03,1.03,0.96,1.0,Daniel Schneemann,682177,FF,302,45,1.25,0.26
1.18,2.36,0.84,1.59,0.78,1.78,0.99,1.15,1.08,1.02,1.04,1.05,Daniel Schneemann,682177,FS,36,8,1.72,0.26
0.77,0.74,1.05,1.02,0.74,2.11,1.14,0.9,1.11,0.96,0.5,1.36,Daniel Schneemann,682177,KC,13,2,0.85,0.26
1.44,1.62,1.07,1.14,1.18,2.89,0.95,1.09,1.24,1.03,1.26,0.83,Daniel Schneemann,682177,KN,6,1,2.07,0.26
0.7,0.68,0.92,1.04,1.69,2.74,0.84,0.98,1.0,0.96,1.63,0.72,Daniel Schneemann,682177,SI,104,19,1.6,0.26
1.01,1.21,0.89,0.68,1.1,3.36,0.99,1.02,1.03,1.02,1.08,0.74,Daniel Schneemann,682177,SL,135,18,2.1,0.26
1.1,0.81,1.14,0.91,0.86,2.44,0.99,0.99,1.06,1.0,0.78,1.6,Daniel Schneemann,682177,ST,36,2,1.32,0.26
1.07,0.99,1.03,0.94,1.0,2.17,1.03,0.99,1.2,1.02,1.07,1.03,Daniel Schneemann,682177,SV,12,3,1.41,0.26
0.94,1.39,0.85,0.93,0.98,2.41,0.88,1.04,1.04,0.99,1.54,0.62,Davis Schneider,676914,CH,175,26,1.95,-0.72
0.98,1.19,0.98,0.86,0.96,2.44,1.0,0.99,1.07,1.0,1.27,0.89,Davis Schneider,676914,CU,94,8,1.72,-0.72
1.21,1.53,0.54,1.09,1.13,1.19,0.98,0.92,1.01,1.02,1.76,0.57,Davis Schneider,676914,FF,687,78,1.28,-0.72
1.12,1.31,0.74,1.04,0.74,1.97,0.88,1.03,1.1,1.01,2.4,0.62,Davis Schneider,676914,FS,35,1,1.9,-0.72
1.02,0.91,0.84,1.07,0.65,1.5,0.9,0.96,1.13,1.01,1.74,0.79,Davis Schneider,676914,KC,42,6,1.25,-0.72
1.25,1.62,1.07,1.14,1.16,2.89,0.95,1.08,1.23,1.02,1.27,0.83,Davis Schneider,676914,KN,2,1,2.07,-0.72
1.04,1.39,0.67,0.8,1.53,2.22,1.04,0.93,1.01,1.0,3.29,0.41,Davis Schneider,676914,SI,338,56,2.23,-0.72
1.04,1.56,0.89,1.07,0.95,2.27,0.92,1.13,1.03,1.01,1.0,0.9,Davis Schneider,676914,SL,257,37,1.83,-0.72
1.11,1.27,1.14,0.9,0.89,2.23,0.93,1.03,1.08,1.02,0.84,1.3,Davis Schneider,676914,ST,141,18,1.63,-0.72
0.88,0.77,1.13,0.93,0.97,2.16,1.0,0.91,1.01,0.98,0.77,1.3,Max Schuemann,680474,CH,136,16,1.12,-0.43
0.96,0.85,1.1,0.84,0.83,1.94,1.03,0.92,1.07,1.0,0.93,1.18,Max Schuemann,680474,CU,84,10,1.2,-0.43
0.73,0.39,1.09,1.1,1.22,1.0,1.04,0.78,0.97,0.98,1.05,0.96,Max Schuemann,680474,FF,612,111,0.38,-0.43
1.08,1.26,0.79,1.0,1.01,2.37,0.91,1.02,1.1,1.01,1.97,0.7,Max Schuemann,680474,FS,32,2,1.88,-0.43
1.0,1.09,0.92,0.92,0.74,1.84,1.02,0.95,1.13,1.0,1.51,0.77,Max Schuemann,680474,KC,17,3,1.44,-0.43
1.06,0.6,1.04,1.4,1.48,1.23,0.93,1.01,0.98,0.99,0.66,0.66,Max Schuemann,680474,SI,385,56,0.61,-0.43
0.85,0.33,0.89,1.04,0.86,1.56,0.82,0.89,1.01,0.99,1.04,0.83,Max Schuemann,680474,SL,292,47,0.74,-0.43
0.93,0.81,0.95,0.95,0.95,2.07,0.97,0.95,1.05,1.0,1.1,0.95,Max Schuemann,680474,ST,124,13,1.24,-0.43
1.15,1.05,1.0,1.01,0.94,1.99,1.02,1.02,1.21,1.02,1.04,1.09,Max Schuemann,680474,SV,5,1,1.35,-0.43
1.11,1.08,0.83,1.09,0.8,1.84,0.96,1.02,1.06,1.02,1.6,0.74,Aaron Schunk,668845,CH,24,6,1.44,-1.25
1.05,0.98,1.03,0.95,0.85,2.56,1.16,0.93,1.07,1.01,1.06,1.09,Aaron Schunk,668845,CU,26,2,1.37,-1.25
0.74,0.68,1.21,1.01,1.24,5.03,1.05,0.88,1.0,0.96,0.85,1.21,Aaron Schunk,668845,FF,93,7,1.92,-1.25
1.25,1.62,1.18,0.99,1.14,2.89,0.95,1.0,1.22,1.01,1.38,0.83,Aaron Schunk,668845,KN,5,1,2.13,-1.25
0.94,0.94,0.8,1.06,1.68,3.31,1.08,0.98,1.02,0.99,2.32,0.58,Aaron Schunk,668845,SI,70,16,1.97,-1.25
1.04,1.09,0.8,1.23,0.76,2.29,1.01,1.02,1.03,1.0,1.32,0.8,Aaron Schunk,668845,SL,67,15,1.37,-1.25
1.18,1.22,1.19,1.07,0.87,2.57,1.08,1.05,1.08,1.02,0.73,1.51,Aaron Schunk,668845,ST,35,8,1.52,-1.25
1.44,2.55,1.05,1.08,1.12,0.99,0.82,1.45,1.09,1.06,0.67,1.03,Kyle Schwarber,656941,CH,298,34,2.35,-0.38
1.23,2.17,0.86,1.02,1.18,2.75,0.92,1.24,1.1,1.02,1.74,0.67,Kyle Schwarber,656941,CU,209,24,2.7,-0.38
1.39,2.43,0.76,1.14,1.14,1.02,0.91,1.49,1.08,1.08,1.28,0.88,Kyle Schwarber,656941,FF,893,125,2.37,-0.38
1.23,1.91,0.87,0.85,1.05,2.34,0.84,1.25,1.1,1.04,1.51,0.83,Kyle Schwarber,656941,FS,94,10,2.52,-0.38
1.04,0.97,0.86,0.83,0.85,2.23,0.99,0.96,1.13,1.0,1.5,0.98,Kyle Schwarber,656941,KC,31,2,1.53,-0.38
1.25,1.62,1.18,0.99,1.22,3.01,0.95,1.0,1.22,1.02,1.12,0.89,Kyle Schwarber,656941,KN,9,1,2.08,-0.38
1.52,2.73,0.64,1.21,1.22,0.82,0.9,1.46,1.08,1.06,2.72,0.66,Kyle Schwarber,656941,SI,407,69,2.79,-0.38
1.78,1.4,0.64,0.67,1.42,0.87,0.81,1.17,1.08,1.05,1.24,1.02,Kyle Schwarber,656941,SL,483,56,1.62,-0.38
1.64,1.91,0.99,0.88,1.11,2.5,0.88,1.27,1.12,1.05,1.0,0.84,Kyle Schwarber,656941,ST,160,16,2.43,-0.38
1.19,0.96,0.92,1.48,0.98,2.0,1.0,1.1,1.22,1.02,1.12,0.99,Kyle Schwarber,656941,SV,23,3,1.13,-0.38
1.52,2.67,0.77,1.43,0.91,1.59,0.78,1.17,1.32,1.06,1.37,0.75,Kyle Schwarber,656941,FO,4,1,2.14,-0.38
1.03,0.81,1.11,1.02,1.09,2.37,0.97,0.95,1.03,0.95,0.23,1.34,Victor Scott II,687363,CH,64,11,1.04,-0.61
0.7,0.37,1.08,1.25,1.01,1.65,1.05,0.81,1.02,0.97,1.26,1.14,Victor Scott II,687363,CU,31,3,0.55,-0.61
0.85,0.7,1.13,1.09,0.94,0.96,1.03,0.87,0.99,0.95,0.9,1.16,Victor Scott II,687363,FF,222,46,0.6,-0.61
0.89,1.03,0.83,0.81,0.82,1.98,0.89,0.98,1.08,0.98,1.67,0.56,Victor Scott II,687363,FS,21,4,1.66,-0.61
1.0,1.02,0.83,0.98,0.79,1.96,1.03,1.01,1.13,1.01,1.54,0.89,Victor Scott II,687363,KC,13,1,1.44,-0.61
0.62,0.43,1.23,1.15,1.32,0.82,1.01,0.91,0.99,0.93,0.74,1.17,Victor Scott II,687363,SI,67,22,0.44,-0.61
0.44,0.45,1.05,1.38,1.15,1.21,1.05,0.95,0.97,0.89,0.83,0.8,Victor Scott II,687363,SL,62,8,0.47,-0.61
1.1,0.87,1.04,0.93,1.09,2.7,1.0,0.99,1.07,1.0,0.92,0.95,Victor Scott II,687363,ST,34,2,1.49,-0.61
1.52,2.67,0.7,1.43,0.89,1.47,0.77,1.17,1.31,1.06,1.62,0.7,Victor Scott II,687363,FO,2,1,2.16,-0.61
1.01,1.15,0.58,1.37,0.81,0.76,0.95,1.18,1.07,1.04,1.84,0.65,Corey Seager,608369,CH,274,62,1.18,-0.14
1.11,1.92,1.02,0.93,0.95,2.6,1.14,1.12,1.06,1.0,1.0,1.01,Corey Seager,608369,CU,118,21,2.13,-0.14
1.38,2.15,0.69,0.89,1.18,0.85,1.06,1.42,1.04,1.06,0.94,0.92,Corey Seager,608369,FF,463,81,2.05,-0.14
1.13,1.95,0.99,0.85,0.83,1.56,0.95,1.12,1.1,1.03,0.32,0.93,Corey Seager,608369,FS,90,26,1.75,-0.14
1.0,1.4,0.75,1.02,0.7,1.64,1.02,1.06,1.13,1.01,1.96,0.59,Corey Seager,608369,KC,35,9,1.72,-0.14
1.27,1.14,0.99,1.22,1.08,0.85,1.11,1.03,1.03,1.03,0.76,1.24,Corey Seager,608369,SI,286,64,0.78,-0.14
1.42,2.24,0.95,1.12,1.03,0.69,1.07,1.48,1.07,1.06,0.96,0.87,Corey Seager,608369,SL,289,56,2.07,-0.14
1.32,1.5,1.12,1.11,1.21,2.76,1.13,1.24,1.1,1.07,0.74,1.67,Corey Seager,608369,ST,108,17,1.9,-0.14
1.2,0.95,0.91,1.06,0.86,1.93,1.01,1.0,1.2,1.03,1.1,1.03,Corey Seager,608369,SV,15,4,1.22,-0.14
1.25,1.15,0.92,0.94,0.89,2.04,0.86,1.05,1.06,1.03,1.36,0.95,Anthony Seigler,678011,CH,27,3,1.65,-0.05
1.02,0.95,0.86,0.88,0.82,2.06,1.09,1.0,1.08,1.02,1.2,1.0,Anthony Seigler,678011,CU,16,3,1.36,-0.05
0.91,0.45,1.46,0.82,1.25,2.78,0.89,0.87,1.0,0.94,0.45,2.27,Anthony Seigler,678011,FF,95,13,1.13,-0.05
1.04,1.31,0.74,1.2,0.79,2.12,0.91,1.1,1.1,1.02,2.2,0.61,Anthony Seigler,678011,FS,16,1,1.87,-0.05
0.93,0.78,0.84,1.14,1.57,2.67,0.99,0.92,1.0,0.98,2.81,0.6,Anthony Seigler,678011,SI,47,11,1.75,-0.05
1.01,0.94,1.01,1.07,0.8,2.44,0.95,0.97,1.05,1.01,0.91,1.02,Anthony Seigler,678011,SL,19,3,1.33,-0.05
1.15,1.35,1.16,1.04,0.85,2.0,1.06,1.09,1.08,1.03,0.72,1.28,Anthony Seigler,678011,ST,15,4,1.51,-0.05
0.9,1.35,0.9,0.99,0.96,2.13,0.95,1.06,1.01,0.97,1.01,0.6,Marcus Semien,543760,CH,259,49,1.66,-0.79
0.62,0.86,0.74,1.22,0.66,1.64,1.12,0.94,1.05,0.99,1.63,0.62,Marcus Semien,543760,CU,93,25,1.01,-0.79
0.8,0.6,0.65,0.83,0.8,0.76,1.12,0.83,1.02,1.0,1.36,0.8,Marcus Semien,543760,FF,762,185,0.57,-0.79
1.18,1.17,0.81,1.22,0.86,2.82,0.95,1.02,1.1,1.01,2.36,0.65,Marcus Semien,543760,FS,46,4,1.93,-0.79
0.95,1.01,0.77,1.05,0.76,1.91,1.03,1.01,1.12,1.0,1.83,0.53,Marcus Semien,543760,KC,38,4,1.48,-0.79
1.04,0.98,0.83,1.05,0.75,0.76,0.96,1.02,1.02,1.0,1.9,0.63,Marcus Semien,543760,SI,418,106,1.18,-0.79
0.87,1.06,1.21,0.85,1.05,0.96,0.94,0.94,1.0,0.98,1.0,1.06,Marcus Semien,543760,SL,534,84,1.14,-0.79
0.82,0.9,0.89,1.08,0.7,1.92,1.04,0.93,1.03,0.96,1.2,0.61,Marcus Semien,543760,ST,226,37,1.15,-0.79
1.18,1.39,0.9,0.98,0.97,2.21,0.99,1.06,1.21,1.03,1.17,0.83,Marcus Semien,543760,SV,11,1,1.71,-0.79
1.05,0.98,0.89,0.92,0.89,2.05,1.15,0.98,1.09,1.02,1.21,0.93,Hayden Senger,663584,CU,11,2,1.31,-1.8
0.84,0.82,1.42,1.02,1.34,3.81,1.02,0.93,1.01,0.95,0.55,1.58,Hayden Senger,663584,FF,65,11,1.63,-1.8
0.93,0.69,0.94,1.07,1.85,3.17,1.07,0.93,1.02,1.01,1.7,0.9,Hayden Senger,663584,SI,54,13,1.56,-1.8
1.06,1.26,0.91,0.97,0.82,2.31,0.99,1.06,1.04,0.99,1.0,1.1,Hayden Senger,663584,SL,24,6,1.61,-1.8
1.38,0.82,1.16,1.09,0.85,2.14,1.06,1.05,1.07,1.04,0.86,1.36,Hayden Senger,663584,ST,32,7,1.22,-1.8
1.12,1.18,0.95,0.98,0.92,2.44,1.0,1.01,1.04,1.02,1.29,0.88,Bob Seymour,676044,CH,16,2,1.65,-0.12
1.09,0.95,0.86,1.03,0.86,2.15,1.15,1.05,1.06,1.02,1.19,0.93,Bob Seymour,676044,CU,16,3,1.34,-0.12
1.06,0.63,1.12,1.04,1.32,4.45,1.02,0.99,1.01,1.0,0.7,1.36,Bob Seymour,676044,FF,26,6,1.75,-0.12
1.12,1.31,0.74,1.04,0.75,1.88,0.91,1.02,1.09,1.02,2.38,0.61,Bob Seymour,676044,FS,1,1,1.84,-0.12
0.91,1.18,0.73,1.02,1.8,3.56,1.04,0.98,1.02,0.99,2.91,0.47,Bob Seymour,676044,SI,6,1,2.37,-0.12
1.19,0.96,1.2,0.92,0.85,2.43,1.07,1.04,1.06,1.04,0.68,1.57,Bob Seymour,676044,ST,13,3,1.42,-0.12
1.1,1.1,1.1,0.86,0.8,2.1,1.19,1.04,1.01,1.0,0.43,0.99,Matt Shaw,807713,CH,119,28,1.33,-0.52
0.92,0.7,1.09,1.1,0.83,2.44,0.98,1.03,1.07,1.0,0.82,1.38,Matt Shaw,807713,CU,94,10,1.23,-0.52
0.86,0.82,1.38,0.67,0.79,0.89,1.15,0.88,1.01,0.97,0.83,1.14,Matt Shaw,807713,FF,363,70,0.94,-0.52
1.36,2.76,0.71,1.22,0.75,2.1,0.96,1.22,1.1,1.01,2.47,0.4,Matt Shaw,807713,FS,18,5,2.82,-0.52
0.94,1.07,0.96,0.91,0.72,1.82,1.0,0.96,1.12,0.99,1.69,0.84,Matt Shaw,807713,KC,11,2,1.51,-0.52
0.68,0.29,0.96,1.52,0.77,1.57,0.98,0.86,1.01,0.89,1.21,0.76,Matt Shaw,807713,SI,255,50,0.39,-0.52
0.67,0.88,1.41,0.75,0.81,0.81,0.99,0.94,1.02,0.92,0.6,1.36,Matt Shaw,807713,SL,216,43,0.98,-0.52
1.22,1.03,1.03,0.89,1.08,2.42,0.91,0.96,1.06,1.01,0.96,0.87,Matt Shaw,807713,ST,109,13,1.52,-0.52
1.11,1.01,0.97,1.14,0.99,2.07,1.02,1.07,1.2,1.0,0.97,1.1,Matt Shaw,807713,SV,8,2,1.31,-0.52
1.49,1.45,1.05,1.07,0.9,1.17,0.84,1.11,1.04,1.04,0.79,1.28,Gavin Sheets,657757,CH,269,42,1.38,-1.18
1.51,0.89,0.84,1.14,0.84,2.46,0.97,1.04,1.06,1.01,0.95,0.79,Gavin Sheets,657757,CU,197,20,1.31,-1.18
1.08,1.0,0.93,1.13,0.91,1.61,1.01,1.03,1.02,1.01,1.13,0.79,Gavin Sheets,657757,FF,638,121,1.19,-1.18
1.11,1.66,0.88,1.14,0.72,2.59,0.86,1.07,1.1,1.02,1.65,0.76,Gavin Sheets,657757,FS,91,14,2.08,-1.18
0.99,1.25,0.81,1.25,0.85,2.12,1.03,1.06,1.13,1.01,1.76,0.79,Gavin Sheets,657757,KC,36,4,1.58,-1.18
1.04,0.84,0.85,1.29,0.65,0.99,0.88,1.04,1.05,1.01,1.52,2.02,Gavin Sheets,657757,SI,234,62,0.84,-1.18
1.36,0.72,0.95,1.2,0.93,1.05,1.02,0.96,1.03,0.99,0.73,1.03,Gavin Sheets,657757,SL,281,34,0.57,-1.18
1.36,1.42,0.98,1.18,0.93,2.46,0.92,1.3,1.07,1.03,0.87,1.56,Gavin Sheets,657757,ST,148,21,1.89,-1.18
1.2,1.38,1.0,1.06,0.96,2.18,1.0,1.0,1.2,1.02,1.19,0.95,Gavin Sheets,657757,SV,16,4,1.59,-1.18
1.22,1.19,0.86,0.99,0.94,2.36,0.94,1.02,1.06,1.02,1.59,0.72,Zack Short,670097,CH,14,1,1.74,-1.36
1.02,1.28,0.97,0.88,0.75,2.04,1.12,0.96,1.08,1.0,1.18,0.86,Zack Short,670097,CU,13,3,1.5,-1.36
0.88,0.46,1.24,0.82,1.39,3.42,0.91,0.82,1.02,0.95,0.83,1.76,Zack Short,670097,FF,168,21,1.35,-1.36
0.91,1.06,0.71,1.04,1.68,3.28,0.99,0.95,1.02,0.99,2.85,0.49,Zack Short,670097,SI,78,13,2.16,-1.36
1.05,0.85,0.99,1.09,0.77,2.4,0.9,1.02,1.04,1.02,0.91,1.13,Zack Short,670097,SL,46,2,1.33,-1.36
1.09,0.93,1.24,0.96,0.81,2.12,1.01,0.96,1.05,1.01,0.77,1.8,Zack Short,670097,ST,28,3,1.22,-1.36
1.04,1.11,0.82,0.94,0.75,1.88,1.05,0.99,1.14,1.01,1.84,0.63,Zack Short,670097,KC,3,1,1.57,-1.36
1.04,0.99,0.86,1.06,0.9,2.16,0.93,1.06,1.03,1.0,1.4,0.82,Michael Siani,672279,CH,84,17,1.53,-0.64
0.89,0.85,1.03,1.08,0.84,2.03,1.07,0.98,1.07,1.01,1.05,1.35,Michael Siani,672279,CU,107,16,1.14,-0.64
0.82,0.62,1.49,1.04,1.18,3.26,0.99,0.95,1.0,0.95,0.56,2.03,Michael Siani,672279,FF,415,62,1.37,-0.64
1.07,1.16,0.88,0.97,0.81,2.03,0.93,0.99,1.1,1.02,1.81,0.72,Michael Siani,672279,FS,59,12,1.67,-0.64
0.87,1.0,0.9,0.84,0.81,1.93,1.05,0.9,1.11,1.0,1.58,0.64,Michael Siani,672279,KC,22,4,1.42,-0.64
0.74,0.89,0.95,0.97,1.81,2.6,1.03,0.87,1.01,0.95,2.04,0.98,Michael Siani,672279,SI,187,40,1.59,-0.64
0.93,0.83,1.11,1.02,0.92,2.71,1.0,1.0,1.03,0.97,0.83,1.14,Michael Siani,672279,SL,161,25,1.42,-0.64
1.08,0.78,1.35,0.9,1.12,3.42,1.09,0.91,1.05,0.98,0.62,1.39,Michael Siani,672279,ST,107,8,1.52,-0.64
1.05,0.93,1.02,0.92,0.81,1.63,0.9,0.94,1.04,1.01,1.08,1.03,Ronny Simon,682927,CH,34,8,1.21,0.0
1.03,0.74,1.21,0.84,0.77,1.99,1.12,0.91,1.07,0.99,0.56,1.45,Ronny Simon,682927,CU,37,9,1.01,0.0
1.08,1.54,1.01,0.74,1.11,4.39,0.97,1.06,1.02,0.99,0.92,1.01,Ronny Simon,682927,FF,136,20,2.58,0.0
0.98,1.13,0.78,0.89,0.77,1.86,0.9,1.02,1.1,1.02,1.7,0.88,Ronny Simon,682927,FS,22,5,1.63,0.0
1.04,1.11,0.82,1.09,0.72,1.96,1.03,0.99,1.14,1.01,1.8,0.72,Ronny Simon,682927,KC,6,1,1.48,0.0
0.99,0.94,0.87,0.96,1.51,3.29,1.04,0.98,1.03,1.0,1.91,0.81,Ronny Simon,682927,SI,42,7,1.92,0.0
1.05,0.91,1.07,1.04,0.68,2.18,0.92,1.04,1.05,1.02,0.86,1.37,Ronny Simon,682927,SL,25,4,1.33,0.0
1.15,0.92,1.16,0.89,0.76,2.0,1.03,0.93,1.08,1.02,0.92,1.46,Ronny Simon,682927,ST,13,4,1.22,0.0
0.15,0.0,1.77,0.98,0.56,0.98,1.07,0.77,1.0,0.87,-1.13,10.12,Chandler Simpson,802415,CH,108,34,-1.11,-0.26
0.71,0.49,1.54,0.46,0.72,1.84,0.95,0.77,1.03,0.95,-0.1,1.62,Chandler Simpson,802415,CU,86,16,0.87,-0.26
0.32,0.0,1.68,1.4,0.18,0.82,0.99,0.87,1.0,0.93,0.44,2.38,Chandler Simpson,802415,FF,376,98,-0.04,-0.26
0.83,1.04,1.03,0.82,0.9,2.21,0.95,0.93,1.07,0.98,1.35,0.82,Chandler Simpson,802415,FS,35,7,1.59,-0.26
0.88,0.84,1.03,1.15,0.74,2.06,1.09,0.9,1.11,0.97,1.4,1.02,Chandler Simpson,802415,KC,24,8,1.12,-0.26
0.41,0.0,1.61,0.57,0.37,0.71,1.04,0.67,0.97,0.93,-1.64,6.81,Chandler Simpson,802415,SI,210,58,-0.93,-0.26
0.83,0.24,1.01,1.78,0.63,2.14,0.9,0.98,1.0,0.99,0.71,3.09,Chandler Simpson,802415,SL,131,23,0.19,-0.26
1.03,0.82,1.16,1.24,0.82,2.14,0.94,1.12,1.06,1.01,0.75,2.02,Chandler Simpson,802415,ST,51,7,1.18,-0.26
1.23,1.05,1.0,1.01,0.93,1.97,1.0,1.04,1.21,1.02,1.04,1.09,Chandler Simpson,802415,SV,4,1,1.38,-0.26
1.09,1.18,0.9,0.98,0.91,2.39,0.94,1.05,1.05,1.01,1.41,0.88,Jose Siri,642350,CH,125,17,1.74,-0.8
1.05,1.06,0.88,0.97,0.96,2.74,1.14,0.97,1.08,1.01,1.43,0.88,Jose Siri,642350,CU,87,8,1.59,-0.8
0.91,1.35,1.16,0.99,1.58,2.89,0.97,1.09,1.02,0.98,0.88,1.11,Jose Siri,642350,FF,547,64,1.93,-0.8
1.21,1.68,0.86,0.89,0.8,2.26,0.92,1.06,1.1,1.02,2.39,0.54,Jose Siri,642350,FS,38,5,2.34,-0.8
1.15,1.54,0.8,1.2,0.9,2.67,1.05,1.04,1.14,1.01,1.81,0.72,Jose Siri,642350,KC,52,2,1.9,-0.8
0.91,1.26,0.91,1.07,1.83,2.89,0.98,1.01,1.03,0.98,2.15,0.98,Jose Siri,642350,SI,261,41,2.03,-0.8
0.97,1.64,0.96,1.0,0.92,2.06,1.03,1.09,1.04,1.0,1.21,0.7,Jose Siri,642350,SL,342,46,1.86,-0.8
0.71,1.17,1.79,0.56,1.04,1.27,1.36,0.8,1.04,0.91,0.37,1.98,Jose Siri,642350,ST,177,33,1.04,-0.8
1.19,1.01,0.97,0.97,1.04,2.48,1.02,1.02,1.21,1.03,0.96,1.18,Jose Siri,642350,SV,23,2,1.46,-0.8
1.08,1.2,1.04,1.16,0.73,2.02,0.95,1.02,1.04,0.99,0.65,1.14,Austin Slater,596103,CH,109,22,1.27,-0.85
0.99,0.85,1.01,0.97,0.88,2.31,1.15,0.96,1.08,1.02,1.12,0.97,Austin Slater,596103,CU,30,4,1.28,-0.85
1.17,1.15,1.41,1.32,1.2,2.59,1.05,1.2,1.0,1.01,0.36,1.57,Austin Slater,596103,FF,317,29,1.52,-0.85
1.12,1.31,0.74,1.04,0.71,2.04,0.89,1.06,1.11,1.02,2.15,0.65,Austin Slater,596103,FS,13,1,1.88,-0.85
1.04,1.43,0.81,0.92,0.75,1.92,1.02,1.03,1.14,1.01,1.9,0.64,Austin Slater,596103,KC,13,3,1.84,-0.85
1.03,1.07,0.79,1.38,1.55,2.3,1.09,1.21,1.02,1.0,1.51,0.88,Austin Slater,596103,SI,167,32,1.55,-0.85
1.12,2.02,0.95,0.82,0.93,2.65,0.92,1.23,1.05,1.02,0.93,0.78,Austin Slater,596103,SL,95,11,2.49,-0.85
1.33,1.26,1.13,0.98,0.89,2.33,0.97,1.11,1.09,1.04,0.75,1.45,Austin Slater,596103,ST,45,5,1.64,-0.85
1.15,1.05,1.0,1.01,0.93,1.97,1.01,1.01,1.2,1.01,0.98,1.09,Austin Slater,596103,SV,3,1,1.32,-0.85
1.13,1.41,0.57,1.26,0.97,1.99,0.82,1.16,1.08,1.04,2.03,0.5,Cam Smith,701358,CH,153,21,1.86,-1.65
1.02,0.7,1.26,1.0,0.8,1.86,1.08,1.14,1.07,0.97,0.04,3.6,Cam Smith,701358,CU,123,22,0.82,-1.65
0.89,0.94,0.99,1.26,1.26,1.22,1.12,1.14,1.01,0.95,0.87,0.68,Cam Smith,701358,FF,499,61,1.02,-1.65
1.02,1.08,0.83,1.18,0.9,2.19,0.92,1.05,1.1,1.01,1.93,0.78,Cam Smith,701358,FS,32,6,1.65,-1.65
1.01,1.07,0.88,1.05,0.79,2.44,1.07,0.99,1.14,0.99,1.85,0.63,Cam Smith,701358,KC,32,2,1.66,-1.65
1.0,0.19,1.37,0.73,1.32,0.86,1.29,0.92,1.07,0.99,-1.0,2.85,Cam Smith,701358,SI,293,78,-0.16,-1.65
0.97,0.78,1.21,1.25,1.11,1.01,0.89,0.83,1.06,0.99,0.75,1.11,Cam Smith,701358,SL,331,48,0.54,-1.65
1.24,1.18,0.94,0.77,0.93,2.65,0.92,1.04,1.06,1.04,0.85,1.09,Cam Smith,701358,ST,174,21,1.77,-1.65
1.15,1.05,0.91,1.17,1.0,2.14,1.0,1.05,1.21,1.02,1.11,1.02,Cam Smith,701358,SV,9,1,1.34,-1.65
0.91,0.86,1.09,1.14,0.85,2.35,0.96,0.99,1.03,0.99,0.96,1.28,Dominic Smith,642086,CH,158,25,1.26,-1.06
0.78,0.68,0.95,1.12,0.86,2.27,1.14,1.0,1.04,0.99,0.94,0.91,Dominic Smith,642086,CU,61,5,1.08,-1.06
0.97,0.55,0.74,0.85,0.83,1.16,0.9,0.77,1.02,1.0,1.33,0.94,Dominic Smith,642086,FF,328,58,0.67,-1.06
0.93,1.07,0.78,1.1,0.83,2.12,0.93,0.96,1.08,1.0,2.18,0.6,Dominic Smith,642086,FS,70,14,1.62,-1.06
0.97,1.11,0.91,0.94,0.72,1.9,1.03,0.96,1.13,1.0,1.71,0.78,Dominic Smith,642086,KC,10,1,1.52,-1.06
1.11,1.64,0.85,1.36,1.48,2.35,1.07,1.14,1.02,1.02,1.84,0.7,Dominic Smith,642086,SI,213,37,1.91,-1.06
0.95,0.66,0.8,0.97,0.92,3.52,1.09,0.85,1.01,0.99,1.21,0.53,Dominic Smith,642086,SL,179,25,1.43,-1.06
1.15,1.01,1.17,0.99,0.86,2.34,1.03,1.01,1.08,1.03,0.82,1.4,Dominic Smith,642086,ST,62,6,1.4,-1.06
1.19,1.01,1.06,0.97,0.92,1.9,1.02,0.99,1.21,1.02,0.95,1.18,Dominic Smith,642086,SV,3,2,1.27,-1.06
1.52,2.67,0.77,1.43,0.89,1.47,0.76,1.18,1.32,1.06,1.45,0.75,Dominic Smith,642086,FO,3,1,2.15,-1.06
0.8,0.72,1.0,1.27,0.72,0.85,0.92,0.83,1.02,1.0,0.92,1.05,Josh Smith,669701,CH,296,68,0.43,-0.63
1.11,1.51,1.05,1.28,0.79,2.42,1.07,1.07,1.06,1.01,1.06,1.98,Josh Smith,669701,CU,160,15,1.53,-0.63
0.76,0.34,0.88,0.89,0.71,0.92,0.98,0.84,0.99,0.97,1.09,0.96,Josh Smith,669701,FF,786,122,0.5,-0.63
0.87,0.7,1.09,1.3,0.72,2.24,0.94,0.98,1.06,0.99,0.81,1.54,Josh Smith,669701,FS,96,22,0.97,-0.63
0.96,0.89,0.93,1.01,0.82,2.1,1.03,0.99,1.11,1.0,1.5,0.87,Josh Smith,669701,KC,48,7,1.4,-0.63
0.8,0.65,1.01,0.88,0.94,0.68,0.97,1.04,1.0,0.98,0.1,1.34,Josh Smith,669701,SI,312,81,0.59,-0.63
1.17,0.82,1.06,0.88,0.79,0.93,0.98,0.95,1.02,1.0,1.06,2.01,Josh Smith,669701,SL,278,31,0.84,-0.63
1.13,1.27,0.7,1.25,1.04,2.43,1.02,1.14,1.07,1.02,1.14,0.9,Josh Smith,669701,ST,99,12,1.56,-0.63
1.24,0.99,0.85,1.1,0.87,2.08,1.01,1.0,1.2,1.02,1.17,1.1,Josh Smith,669701,SV,12,3,1.25,-0.63
1.25,1.62,1.07,0.99,1.16,2.89,0.94,1.0,1.23,1.02,1.42,0.83,Josh Smith,669701,KN,4,1,2.1,-0.63
1.45,1.94,0.94,1.35,0.94,2.32,0.94,1.2,1.06,1.03,0.99,0.82,Pavin Smith,656976,CH,65,22,1.95,0.52
0.85,0.64,1.08,1.11,1.08,2.52,0.89,0.96,1.05,0.97,1.21,1.12,Pavin Smith,656976,CU,47,6,1.3,0.52
1.14,1.77,0.72,1.18,1.06,0.7,0.88,1.23,1.03,1.03,1.0,0.9,Pavin Smith,656976,FF,167,32,1.47,0.52
1.2,0.98,0.89,0.94,0.95,2.3,0.89,0.98,1.08,1.03,1.56,0.85,Pavin Smith,656976,FS,38,5,1.6,0.52
1.01,1.07,0.94,0.94,0.78,1.96,1.01,0.94,1.13,1.0,1.61,0.83,Pavin Smith,656976,KC,12,2,1.47,0.52
1.25,1.62,1.07,0.99,1.16,2.78,0.95,1.04,1.23,1.02,1.24,0.89,Pavin Smith,656976,KN,3,1,2.06,0.52
0.96,1.96,0.85,1.0,1.5,3.03,0.9,1.13,1.01,0.98,2.22,0.71,Pavin Smith,656976,SI,81,10,2.7,0.52
0.95,0.62,0.98,1.18,0.9,3.05,0.85,0.91,1.02,1.01,0.74,1.11,Pavin Smith,656976,SL,102,13,1.18,0.52
1.28,0.76,1.29,0.89,0.99,2.54,0.99,0.95,1.06,1.03,0.72,1.71,Pavin Smith,656976,ST,45,6,1.3,0.52
1.15,1.05,1.0,1.01,0.96,1.97,0.98,1.02,1.21,1.02,1.0,1.09,Pavin Smith,656976,SV,12,1,1.35,0.52
1.4,1.68,0.61,1.07,0.66,1.57,0.86,1.2,1.03,1.03,1.96,0.33,Will Smith,669257,CH,158,32,2.03,-0.94
0.84,0.97,1.07,0.8,0.81,2.15,0.89,0.86,1.06,0.99,0.83,1.15,Will Smith,669257,CU,117,20,1.3,-0.94
1.27,1.68,0.64,1.03,1.07,0.87,0.83,1.19,1.02,1.05,1.2,0.57,Will Smith,669257,FF,783,104,1.6,-0.94
0.78,1.31,0.73,1.02,0.79,1.95,0.95,1.03,1.08,0.99,2.27,0.48,Will Smith,669257,FS,48,12,1.86,-0.94
0.92,1.28,0.88,1.16,0.75,1.94,1.01,1.01,1.11,0.98,1.53,0.76,Will Smith,669257,KC,33,6,1.5,-0.94
1.08,1.4,1.13,1.0,1.14,2.75,0.99,0.97,1.21,1.02,1.38,0.84,Will Smith,669257,KN,14,5,1.89,-0.94
1.31,1.41,0.65,1.28,0.83,1.14,0.95,1.13,1.03,1.05,2.4,0.72,Will Smith,669257,SI,427,85,1.59,-0.94
0.91,0.93,0.6,0.92,0.74,0.62,0.79,1.04,1.03,1.0,1.49,0.51,Will Smith,669257,SL,361,57,1.11,-0.94
0.95,1.56,1.07,0.97,0.99,3.2,0.91,0.92,1.07,1.01,1.03,1.01,Will Smith,669257,ST,149,29,1.96,-0.94
1.47,2.57,0.68,1.37,0.88,1.54,0.77,1.16,1.31,1.06,1.51,0.66,Will Smith,669257,FO,3,2,2.12,-0.94
1.11,2.24,1.18,0.79,0.76,0.94,0.95,1.11,1.06,1.03,0.77,1.28,Tyler Soderstrom,691016,CH,114,21,1.9,-0.9
1.35,1.64,0.94,0.76,1.29,2.2,1.12,1.31,1.07,1.06,0.99,1.23,Tyler Soderstrom,691016,CU,97,10,2.18,-0.9
1.34,1.41,1.13,1.08,0.86,1.11,0.98,1.09,1.05,1.03,0.6,1.79,Tyler Soderstrom,691016,FF,232,53,1.17,-0.9
0.77,1.53,1.0,1.12,0.92,2.42,0.9,1.11,1.08,0.98,0.44,0.98,Tyler Soderstrom,691016,FS,38,4,1.69,-0.9
1.11,0.77,0.97,0.77,0.99,2.44,1.09,0.94,1.13,1.03,1.25,0.98,Tyler Soderstrom,691016,KC,28,4,1.43,-0.9
1.21,1.0,1.21,1.06,1.19,1.59,0.98,1.04,1.04,1.03,-0.5,1.81,Tyler Soderstrom,691016,SI,73,14,0.75,-0.9
1.07,1.97,0.75,0.93,0.9,1.02,1.11,1.23,1.04,1.03,1.25,1.05,Tyler Soderstrom,691016,SL,119,18,1.81,-0.9
1.09,0.98,1.24,0.82,1.04,2.32,1.0,1.11,1.09,1.0,0.65,1.19,Tyler Soderstrom,691016,ST,35,5,1.63,-0.9
1.08,0.89,0.88,0.76,0.8,1.97,0.97,0.88,1.03,1.02,1.18,0.71,Nick Sogard,686765,CH,40,2,1.29,0.0
0.98,0.98,0.98,1.01,0.82,2.11,1.09,1.0,1.08,1.01,1.08,1.03,Nick Sogard,686765,CU,30,4,1.31,0.0
0.85,0.94,1.06,1.18,0.9,3.39,0.94,0.97,1.01,0.97,0.99,0.86,Nick Sogard,686765,FF,109,19,1.63,0.0
1.12,1.31,0.81,1.04,0.69,1.96,0.93,1.05,1.11,1.02,2.11,0.65,Nick Sogard,686765,FS,10,1,1.83,0.0
0.97,1.11,0.82,1.09,0.73,1.88,1.0,1.02,1.14,1.0,1.77,0.72,Nick Sogard,686765,KC,9,1,1.5,0.0
0.93,0.93,0.68,1.52,1.68,3.04,0.98,1.08,1.03,0.99,2.88,0.5,Nick Sogard,686765,SI,37,8,1.89,0.0
1.02,1.08,1.16,0.93,0.78,2.13,0.96,1.01,1.03,1.01,0.71,1.36,Nick Sogard,686765,SL,54,9,1.41,0.0
1.41,0.99,1.24,1.11,0.79,2.14,1.07,1.05,1.09,1.03,0.67,1.68,Nick Sogard,686765,ST,10,2,1.22,0.0
1.23,1.05,0.91,1.01,0.96,2.14,1.02,1.02,1.21,1.03,1.16,0.89,Nick Sogard,686765,SV,5,1,1.42,0.0
1.17,1.15,0.92,0.94,0.86,2.21,0.97,1.0,1.04,1.02,1.39,0.76,Nick Solak,669256,CH,5,3,1.62,-0.58
1.04,1.31,0.81,1.2,0.75,1.88,0.91,1.06,1.08,1.01,2.1,0.61,Nick Solak,669256,FS,1,1,1.73,-0.58
0.98,1.1,0.83,0.95,1.91,3.33,1.06,0.97,1.02,1.0,2.08,0.68,Nick Solak,669256,SI,8,3,2.05,-0.58
1.15,0.99,1.24,0.95,0.8,2.14,1.04,0.99,1.06,1.03,0.72,1.68,Nick Solak,669256,ST,3,2,1.28,-0.58
0.75,0.61,0.91,1.2,0.97,2.34,0.97,0.89,1.0,0.98,1.38,1.02,Donovan Solano,456781,CH,82,14,1.05,-0.75
1.13,0.72,0.86,1.01,0.93,2.28,1.16,1.0,1.07,1.03,1.23,0.92,Donovan Solano,456781,CU,74,14,1.21,-0.75
0.97,0.64,1.04,1.04,0.96,1.49,1.0,0.74,0.98,0.98,1.06,1.09,Donovan Solano,456781,FF,411,61,0.62,-0.75
1.0,1.2,0.83,1.11,0.75,1.87,0.93,1.05,1.1,1.01,1.98,0.69,Donovan Solano,456781,FS,25,7,1.67,-0.75
1.06,1.38,0.84,1.01,0.77,1.96,1.06,1.03,1.13,1.0,1.83,0.68,Donovan Solano,456781,KC,23,4,1.73,-0.75
1.14,0.67,0.95,0.98,0.96,1.89,1.07,0.96,1.01,1.01,1.4,1.15,Donovan Solano,456781,SI,249,52,1.12,-0.75
0.67,0.31,1.18,1.06,0.89,2.35,1.04,0.83,0.97,0.95,1.02,0.98,Donovan Solano,456781,SL,245,44,0.87,-0.75
1.27,1.11,1.19,1.24,0.94,2.78,1.05,1.07,1.08,1.03,0.72,1.66,Donovan Solano,456781,ST,79,9,1.44,-0.75
1.15,1.05,1.0,1.01,0.93,1.97,1.0,1.03,1.21,1.02,1.04,1.09,Donovan Solano,456781,SV,4,1,1.37,-0.75
1.29,1.92,0.68,1.15,1.12,2.67,0.97,1.08,1.07,1.03,1.86,0.82,Jorge Soler,624585,CH,233,30,2.18,-0.85
1.13,0.94,0.99,0.92,0.96,2.78,1.02,0.99,1.08,1.01,1.07,1.26,Jorge Soler,624585,CU,172,11,1.54,-0.85
1.0,1.98,0.76,1.18,1.29,0.9,1.02,1.3,1.04,1.03,1.16,0.72,Jorge Soler,624585,FF,584,108,1.77,-0.85
0.92,1.01,0.99,0.82,0.75,1.83,0.89,0.88,1.09,0.99,1.37,0.75,Jorge Soler,624585,FS,56,7,1.41,-0.85
1.05,1.1,0.89,0.82,0.75,1.79,1.0,0.97,1.12,1.0,1.72,0.73,Jorge Soler,624585,KC,47,9,1.58,-0.85
1.22,1.34,1.17,0.95,1.11,1.12,0.83,0.99,1.05,1.0,0.4,1.86,Jorge Soler,624585,SI,489,85,1.1,-0.85
1.01,1.99,0.84,0.99,1.19,1.01,0.91,1.11,1.07,1.02,1.38,0.77,Jorge Soler,624585,SL,412,48,1.8,-0.85
1.03,0.43,1.26,0.81,0.99,2.89,0.97,0.76,1.08,1.01,0.96,1.85,Jorge Soler,624585,ST,192,28,1.1,-0.85
1.15,1.05,1.0,1.01,0.92,2.05,1.0,1.02,1.21,1.02,1.0,1.09,Jorge Soler,624585,SV,6,1,1.37,-0.85
1.35,0.48,1.02,0.9,0.92,3.6,1.1,0.94,1.01,0.98,0.73,2.22,Edmundo Sosa,624641,CH,116,21,1.27,-0.77
1.3,1.21,0.96,1.11,0.98,3.32,1.2,1.06,1.09,1.02,1.02,1.35,Edmundo Sosa,624641,CU,72,12,1.7,-0.77
0.83,0.38,0.87,1.07,1.08,1.54,1.08,0.97,1.02,0.98,1.0,1.23,Edmundo Sosa,624641,FF,298,47,0.68,-0.77
1.0,1.23,0.9,1.01,0.92,2.16,0.96,0.99,1.09,1.01,1.83,0.73,Edmundo Sosa,624641,FS,23,5,1.73,-0.77
0.81,1.1,1.06,0.95,0.97,1.04,1.18,1.05,1.05,0.98,0.4,1.2,Edmundo Sosa,624641,SI,195,45,0.93,-0.77
0.8,1.07,1.27,0.93,1.08,2.23,1.26,1.07,1.04,0.97,0.73,1.31,Edmundo Sosa,624641,SL,180,28,1.45,-0.77
1.39,1.1,1.16,0.84,0.79,2.77,1.06,1.0,1.07,1.04,0.84,1.15,Edmundo Sosa,624641,ST,76,13,1.66,-0.77
0.97,1.11,0.91,0.94,0.79,2.27,1.06,0.96,1.13,1.0,1.68,0.78,Edmundo Sosa,624641,KC,16,1,1.61,-0.77
1.25,1.62,1.18,0.99,1.16,2.89,0.96,1.0,1.23,1.02,1.15,0.89,Edmundo Sosa,624641,KN,1,1,2.05,-0.77
1.08,1.08,0.69,1.49,0.77,1.88,1.16,1.3,1.07,1.02,1.36,1.26,Lenyn Sosa,672820,CH,119,21,1.32,-0.61
1.2,0.42,0.49,1.43,0.82,1.92,1.04,1.08,1.04,1.03,1.86,0.47,Lenyn Sosa,672820,CU,48,8,0.93,-0.61
1.15,1.54,0.62,1.2,0.91,1.38,1.06,1.18,1.02,1.04,1.14,0.63,Lenyn Sosa,672820,FF,482,73,1.44,-0.61
1.09,1.86,0.88,1.21,0.8,2.16,0.94,1.12,1.1,1.0,1.56,0.76,Lenyn Sosa,672820,FS,21,6,2.01,-0.61
0.93,1.28,0.95,0.79,0.84,2.48,1.12,1.03,1.13,1.0,1.45,0.77,Lenyn Sosa,672820,KC,24,4,1.88,-0.61
1.17,0.5,0.75,1.33,0.63,1.37,1.02,1.01,1.05,1.02,2.82,0.7,Lenyn Sosa,672820,SI,219,62,1.14,-0.61
0.81,0.63,0.75,1.11,1.01,1.47,1.04,0.96,1.02,0.99,1.27,0.71,Lenyn Sosa,672820,SL,249,53,0.85,-0.61
0.75,1.15,1.03,0.96,0.89,2.88,1.22,0.85,1.06,1.02,1.01,1.16,Lenyn Sosa,672820,ST,114,23,1.4,-0.61
1.19,1.11,0.95,0.97,0.94,2.16,1.04,1.02,1.21,1.02,1.12,0.93,Lenyn Sosa,672820,SV,6,2,1.47,-0.61
1.28,3.14,1.0,1.32,0.85,1.44,0.65,1.49,1.09,1.03,-0.06,1.09,Juan Soto,665742,CH,415,57,2.53,-0.62
1.34,2.55,1.14,0.78,0.74,0.97,0.74,1.38,1.09,1.07,0.51,1.39,Juan Soto,665742,CU,210,28,2.42,-0.62
1.63,2.3,0.8,0.77,0.85,1.02,0.83,1.52,1.07,1.08,0.99,1.09,Juan Soto,665742,FF,700,125,2.51,-0.62
1.23,2.29,0.8,1.63,0.79,1.51,0.7,1.39,1.11,1.06,1.01,0.94,Juan Soto,665742,FS,138,14,2.02,-0.62
1.02,1.1,0.87,0.93,0.76,1.82,0.88,1.0,1.13,1.0,1.35,0.91,Juan Soto,665742,KC,50,5,1.48,-0.62
1.1,1.81,0.99,0.77,1.16,1.09,0.81,1.06,1.06,1.02,1.74,0.99,Juan Soto,665742,SI,482,98,1.98,-0.62
1.06,1.51,1.27,0.9,1.04,0.6,0.68,1.14,1.05,1.04,0.3,3.96,Juan Soto,665742,SL,433,50,1.12,-0.62
1.18,1.94,0.8,1.24,0.77,1.4,0.73,1.28,1.13,1.08,0.91,1.25,Juan Soto,665742,ST,187,27,1.83,-0.62
1.11,1.01,0.97,1.14,1.0,2.07,1.0,1.02,1.19,1.01,0.97,1.1,Juan Soto,665742,SV,17,2,1.25,-0.62
1.14,2.04,0.85,0.91,0.85,2.2,0.89,1.11,1.04,0.98,1.77,0.46,George Springer,543807,CH,204,32,2.4,-0.42
1.0,0.91,0.96,0.82,0.85,1.75,1.07,0.93,1.05,0.99,1.21,0.83,George Springer,543807,CU,90,11,1.25,-0.42
1.16,1.72,0.92,0.82,1.1,0.6,1.03,1.24,1.04,1.02,1.1,0.93,George Springer,543807,FF,578,115,1.7,-0.42
1.01,1.28,0.8,1.07,0.79,1.95,0.94,0.98,1.08,1.0,2.3,0.7,George Springer,543807,FS,30,6,1.75,-0.42
1.1,0.96,0.86,1.11,0.78,1.94,1.05,1.01,1.13,1.0,1.56,0.87,George Springer,543807,KC,24,4,1.33,-0.42
1.25,1.62,1.07,0.99,1.16,2.78,0.96,1.0,1.22,1.02,1.4,0.83,George Springer,543807,KN,1,1,2.06,-0.42
1.09,1.86,0.81,1.44,1.03,0.6,1.03,1.29,1.06,1.03,2.27,0.75,George Springer,543807,SI,509,118,1.77,-0.42
0.84,1.55,1.15,1.14,1.19,1.02,0.88,1.08,1.04,0.99,0.71,1.37,George Springer,543807,SL,392,66,1.31,-0.42
1.27,2.46,1.01,1.15,1.11,1.76,0.96,1.42,1.08,1.05,1.06,1.02,George Springer,543807,ST,211,37,2.5,-0.42
1.12,1.02,0.96,0.98,1.02,2.01,1.0,1.02,1.2,1.02,1.05,0.95,George Springer,543807,SV,17,4,1.38,-0.42
1.06,1.13,0.82,0.9,0.83,1.92,0.97,0.94,1.04,1.01,1.49,0.74,Jacob Stallings,607732,CH,93,15,1.46,-0.88
0.96,0.81,0.97,1.02,0.95,2.26,1.18,0.93,1.07,1.0,1.01,1.17,Jacob Stallings,607732,CU,74,12,1.09,-0.88
0.78,0.48,1.14,0.81,1.47,4.53,1.03,0.73,0.99,0.98,1.1,1.1,Jacob Stallings,607732,FF,325,47,1.65,-0.88
1.01,1.26,0.79,1.0,0.78,1.97,0.88,1.0,1.1,1.02,2.33,0.66,Jacob Stallings,607732,FS,15,2,1.85,-0.88
1.08,1.45,0.9,0.84,0.69,1.62,0.99,1.03,1.13,1.01,1.76,0.64,Jacob Stallings,607732,KC,17,4,1.81,-0.88
0.84,0.99,0.87,0.83,1.51,2.27,1.05,0.91,0.98,0.97,1.5,0.62,Jacob Stallings,607732,SI,203,35,1.52,-0.88
0.71,0.65,1.24,1.0,1.12,3.34,1.02,0.96,1.02,0.99,0.74,1.18,Jacob Stallings,607732,SL,160,25,1.49,-0.88
0.96,0.79,1.34,1.03,0.87,2.0,1.06,0.94,1.06,0.99,0.72,1.57,Jacob Stallings,607732,ST,93,24,1.06,-0.88
1.5,1.32,0.89,0.92,1.09,2.67,0.94,1.0,1.08,1.07,1.24,0.75,Giancarlo Stanton,519317,CH,177,30,1.81,0.18
1.12,1.4,0.91,0.82,0.95,2.55,1.19,1.04,1.12,1.03,1.2,1.12,Giancarlo Stanton,519317,CU,106,16,1.8,0.18
1.33,2.15,0.58,1.17,1.34,0.67,0.92,1.46,1.07,1.06,1.17,0.79,Giancarlo Stanton,519317,FF,572,75,1.97,0.18
1.22,2.25,0.74,0.97,0.8,2.17,0.89,1.14,1.1,1.03,2.3,0.5,Giancarlo Stanton,519317,FS,46,7,2.61,0.18
1.01,1.21,0.82,0.99,0.79,1.91,1.04,1.0,1.14,1.0,1.72,0.75,Giancarlo Stanton,519317,KC,17,4,1.57,0.18
1.22,2.14,0.97,0.92,1.55,2.94,0.83,1.17,1.08,1.03,1.76,1.29,Giancarlo Stanton,519317,SI,286,56,2.73,0.18
1.46,3.08,0.63,1.28,1.2,2.45,0.95,1.61,1.09,1.07,1.35,0.71,Giancarlo Stanton,519317,SL,290,37,3.2,0.18
1.27,1.84,1.08,1.02,1.0,2.7,1.0,1.18,1.14,1.07,0.8,1.74,Giancarlo Stanton,519317,ST,182,29,2.08,0.18
1.21,1.4,0.91,1.01,1.01,2.3,1.03,1.12,1.22,1.03,1.13,0.89,Giancarlo Stanton,519317,SV,4,1,1.77,0.18
0.99,0.46,0.78,1.39,0.85,2.48,1.03,0.97,1.0,0.98,1.55,0.81,Spencer Steer,668715,CH,170,29,0.99,-0.2
0.96,1.05,0.93,0.66,1.0,3.02,1.12,0.84,1.04,0.98,1.43,0.7,Spencer Steer,668715,CU,133,18,1.75,-0.2
0.85,0.87,0.75,0.82,0.99,0.68,0.94,0.84,0.99,0.99,1.33,0.71,Spencer Steer,668715,FF,865,113,0.81,-0.2
1.04,1.38,0.74,1.01,0.87,2.21,0.97,1.03,1.08,1.0,2.25,0.53,Spencer Steer,668715,FS,60,13,1.96,-0.2
0.97,0.96,0.86,1.07,0.76,2.23,1.09,0.93,1.12,1.0,1.75,0.78,Spencer Steer,668715,KC,48,10,1.39,-0.2
1.3,1.56,1.04,1.11,1.11,2.68,0.95,1.05,1.23,1.03,1.3,0.72,Spencer Steer,668715,KN,9,2,1.96,-0.2
0.85,0.77,0.84,0.97,1.08,0.69,0.96,0.9,0.99,0.97,2.16,0.55,Spencer Steer,668715,SI,528,109,1.04,-0.2
1.03,1.07,0.93,0.84,0.97,0.97,1.01,1.01,1.03,0.98,0.92,1.02,Spencer Steer,668715,SL,388,70,1.1,-0.2
0.81,0.63,1.02,1.13,0.64,1.82,0.97,0.94,1.04,1.0,1.11,0.9,Spencer Steer,668715,ST,195,35,0.98,-0.2
1.24,1.04,0.9,1.0,0.97,2.06,1.01,1.04,1.21,1.02,1.12,0.96,Spencer Steer,668715,SV,17,2,1.4,-0.2
1.13,1.01,0.83,1.0,0.9,2.09,0.95,1.0,1.05,1.02,1.51,0.72,Michael Stefanic,683021,CH,26,6,1.49,-1.69
0.99,0.84,0.85,0.79,0.74,1.85,1.1,0.93,1.07,1.01,1.29,1.16,Michael Stefanic,683021,CU,30,6,1.21,-1.69
0.78,0.48,1.53,0.85,0.84,3.09,0.9,0.81,0.99,0.97,0.69,2.04,Michael Stefanic,683021,FF,178,25,1.26,-1.69
1.04,1.29,0.77,1.02,0.75,1.89,0.89,1.01,1.1,1.02,2.3,0.65,Michael Stefanic,683021,FS,10,3,1.82,-1.69
1.01,1.07,0.88,1.05,0.72,1.74,1.04,0.97,1.13,1.0,1.67,0.78,Michael Stefanic,683021,KC,5,2,1.36,-1.69
0.9,0.88,0.95,0.85,1.63,3.2,0.94,0.9,1.01,0.97,1.68,1.05,Michael Stefanic,683021,SI,111,21,1.8,-1.69
0.92,1.15,1.11,0.84,0.69,1.93,0.96,0.88,1.03,1.0,0.91,0.9,Michael Stefanic,683021,SL,67,17,1.36,-1.69
1.24,1.0,1.17,1.0,0.8,2.14,1.03,1.07,1.09,1.04,0.71,1.65,Michael Stefanic,683021,ST,22,4,1.34,-1.69
1.15,1.05,1.0,1.01,0.92,2.05,1.01,1.01,1.21,1.02,0.95,1.09,Michael Stefanic,683021,SV,4,1,1.33,-1.69
1.08,0.85,0.94,0.92,1.1,2.52,0.92,0.88,1.04,1.01,1.41,0.67,Tyler Stephenson,663886,CH,159,21,1.46,-0.65
0.9,1.18,0.91,1.07,0.91,1.83,1.08,1.03,1.06,1.0,1.27,1.08,Tyler Stephenson,663886,CU,79,10,1.37,-0.65
1.25,1.56,0.75,0.74,1.06,1.26,0.98,1.14,1.0,1.02,1.09,0.56,Tyler Stephenson,663886,FF,524,100,1.72,-0.65
0.99,1.15,0.89,0.9,0.84,1.99,0.88,0.97,1.09,1.0,1.62,0.76,Tyler Stephenson,663886,FS,52,9,1.64,-0.65
1.04,1.04,0.79,0.97,0.8,1.88,1.02,0.97,1.13,1.01,1.96,0.59,Tyler Stephenson,663886,KC,52,7,1.53,-0.65
1.26,1.88,0.88,1.31,1.12,1.31,1.0,1.17,1.01,1.03,1.36,0.87,Tyler Stephenson,663886,SI,469,104,1.66,-0.65
1.11,1.18,0.75,1.49,1.15,2.39,0.85,1.17,1.03,1.01,1.07,0.71,Tyler Stephenson,663886,SL,292,46,1.47,-0.65
1.16,0.98,1.23,1.19,0.98,2.13,0.91,0.94,1.05,1.01,0.68,1.83,Tyler Stephenson,663886,ST,162,19,1.08,-0.65
1.23,1.5,0.91,1.01,0.97,2.05,1.02,1.16,1.22,1.03,1.11,0.89,Tyler Stephenson,663886,SV,3,1,1.8,-0.65
1.16,1.23,0.89,1.01,0.81,1.93,0.95,1.05,1.05,1.03,1.39,0.82,Chad Stevens,677060,CH,2,1,1.59,0.0
0.92,0.74,1.44,0.88,1.18,4.17,1.01,0.96,1.01,0.97,0.65,1.45,Chad Stevens,677060,FF,32,2,1.88,0.0
0.94,0.94,1.1,1.07,0.76,2.25,0.95,0.98,1.02,1.0,0.86,1.27,Chad Stevens,677060,SL,11,3,1.28,0.0
1.37,2.61,0.81,1.02,1.12,1.16,1.23,1.33,1.08,1.06,1.37,0.68,Trevor Story,596115,CH,17,2,2.29,-0.14
0.98,0.57,0.98,0.89,1.09,1.47,1.05,0.84,1.03,1.0,1.12,1.19,Trevor Story,596115,FF,133,19,0.78,-0.14
1.2,2.01,0.77,0.96,0.9,2.73,0.96,1.1,1.1,1.02,2.24,0.52,Trevor Story,596115,FS,12,5,2.58,-0.14
1.13,1.02,0.97,0.85,0.85,2.26,1.07,0.98,1.13,1.01,1.55,0.95,Trevor Story,596115,KC,10,1,1.6,-0.14
1.32,0.95,0.97,1.12,1.02,1.36,1.14,1.11,1.03,1.03,0.82,1.42,Trevor Story,596115,SI,65,9,0.99,-0.14
1.08,1.37,0.83,1.0,1.07,1.39,1.16,1.11,1.03,1.01,1.08,0.8,Trevor Story,596115,SL,72,15,1.39,-0.14
1.1,2.65,0.62,1.36,1.15,1.26,1.23,1.37,1.08,1.04,1.4,0.83,Trevor Story,596115,ST,22,4,2.12,-0.14
1.16,0.91,0.9,1.35,1.25,3.83,1.15,1.0,1.06,1.01,1.36,0.94,Trevor Story,596115,CU,147,16,1.62,-0.14
1.47,2.57,0.75,1.37,0.98,1.66,0.8,1.14,1.31,1.06,1.56,0.66,Trevor Story,596115,FO,5,2,2.16,-0.14
1.03,0.95,1.09,0.91,0.98,2.1,1.08,0.98,1.18,0.99,0.74,1.37,Trevor Story,596115,SV,14,4,1.24,-0.14
0.55,0.4,0.92,0.95,0.41,0.87,0.91,0.82,1.01,0.98,1.31,0.87,Bryson Stott,681082,CH,253,50,0.58,-0.78
1.08,0.38,1.39,0.84,0.64,2.69,0.91,0.76,1.07,1.0,0.46,1.22,Bryson Stott,681082,CU,180,29,0.98,-0.78
0.73,0.48,0.9,1.03,0.75,1.09,0.83,0.85,1.02,0.98,1.15,0.74,Bryson Stott,681082,FF,835,130,0.67,-0.78
0.85,0.76,1.01,0.78,0.68,2.0,0.82,0.87,1.06,0.99,1.56,0.85,Bryson Stott,681082,FS,95,22,1.43,-0.78
1.0,0.97,1.0,0.89,0.76,1.9,1.01,0.94,1.13,1.0,1.46,0.86,Bryson Stott,681082,KC,26,7,1.41,-0.78
1.25,1.62,1.16,0.99,1.14,2.78,0.94,1.03,1.23,1.02,1.09,0.89,Bryson Stott,681082,KN,4,1,2.04,-0.78
0.71,0.48,0.91,0.72,0.62,0.97,0.81,0.82,1.01,0.97,1.88,0.8,Bryson Stott,681082,SI,357,71,1.01,-0.78
0.63,0.98,0.87,1.04,0.8,0.81,0.88,1.1,1.0,0.99,1.27,0.71,Bryson Stott,681082,SL,231,50,1.19,-0.78
0.76,0.63,1.45,0.98,0.76,2.02,0.96,0.87,1.03,0.98,0.57,2.56,Bryson Stott,681082,ST,122,18,0.87,-0.78
1.39,1.15,0.96,1.03,0.91,2.1,1.02,1.05,1.21,1.03,1.04,1.0,Bryson Stott,681082,SV,13,3,1.45,-0.78
1.52,2.67,0.7,1.43,0.88,1.59,0.77,1.18,1.32,1.06,1.53,0.61,Bryson Stott,681082,FO,3,1,2.19,-0.78
1.57,3.31,0.93,1.21,1.27,1.22,1.19,1.41,1.08,1.04,0.66,0.96,Kyle Stowers,669065,CH,99,22,2.47,-1.46
1.32,1.78,0.98,1.05,0.96,2.81,1.11,1.3,1.08,1.03,1.26,0.94,Kyle Stowers,669065,CU,57,9,2.37,-1.46
1.1,1.86,0.82,1.26,1.6,0.81,1.12,1.24,1.03,1.01,1.15,0.78,Kyle Stowers,669065,FF,322,37,1.51,-1.46
1.29,1.87,0.83,0.9,0.95,2.32,0.96,1.15,1.09,1.02,1.63,0.76,Kyle Stowers,669065,FS,44,7,2.3,-1.46
1.11,1.5,0.85,1.03,0.8,2.12,1.03,1.02,1.14,1.02,1.64,0.78,Kyle Stowers,669065,KC,12,1,1.77,-1.46
1.33,1.62,1.07,1.11,1.17,2.78,0.96,1.06,1.24,1.03,1.28,0.81,Kyle Stowers,669065,KN,3,1,2.02,-1.46
1.04,1.46,0.97,0.96,1.6,1.61,1.12,1.02,1.05,0.99,-0.03,0.93,Kyle Stowers,669065,SI,86,15,1.13,-1.46
1.31,1.53,1.0,0.93,0.96,1.26,1.21,1.18,1.05,1.03,1.05,1.29,Kyle Stowers,669065,SL,100,11,1.54,-1.46
1.53,1.33,1.08,1.53,0.81,2.35,0.99,1.14,1.09,1.03,0.76,1.35,Kyle Stowers,669065,ST,21,2,1.35,-1.46
1.23,1.05,1.0,1.01,0.92,1.97,1.01,1.03,1.21,1.03,1.04,1.09,Kyle Stowers,669065,SV,4,1,1.36,-1.46
0.55,0.46,0.83,1.21,0.7,1.3,1.1,0.8,0.98,0.97,2.82,0.47,Myles Straw,664702,SI,4,1,0.93,-1.15
0.91,0.7,1.02,0.75,0.6,2.06,0.87,0.9,1.0,1.01,0.95,1.38,Myles Straw,664702,SL,8,3,1.22,-1.15
0.59,1.19,1.24,0.93,0.65,2.15,1.03,0.94,0.98,0.95,0.36,0.8,Myles Straw,664702,CH,81,26,1.35,-1.15
1.06,0.84,0.94,1.08,0.84,2.54,1.02,0.97,1.06,1.01,1.27,0.87,Myles Straw,664702,CU,61,6,1.37,-1.15
0.73,0.85,0.72,1.37,0.93,0.94,1.0,0.91,0.98,0.96,1.12,0.39,Myles Straw,664702,FF,335,56,0.56,-1.15
1.01,1.17,0.74,0.93,0.73,1.76,0.92,1.04,1.09,1.01,2.22,0.54,Myles Straw,664702,FS,12,4,1.79,-1.15
0.94,1.07,0.8,1.05,0.72,1.82,1.04,1.05,1.12,0.99,1.86,0.63,Myles Straw,664702,KC,5,2,1.55,-1.15
0.86,0.68,1.23,0.96,0.71,1.76,1.02,0.89,1.04,1.02,0.79,1.38,Myles Straw,664702,ST,38,11,0.93,-1.15
1.23,1.05,0.91,1.17,0.93,1.97,0.99,1.09,1.21,1.02,1.08,1.02,Myles Straw,664702,SV,6,1,1.34,-1.15
1.68,2.37,0.62,0.71,1.1,2.96,1.03,1.28,1.08,1.06,2.39,0.46,Eugenio Suarez,553993,CH,203,32,3.19,-0.94
1.09,1.01,0.8,1.05,1.12,3.66,1.18,0.98,1.07,1.02,1.65,0.77,Eugenio Suarez,553993,CU,112,11,1.85,-0.94
1.11,1.7,0.71,1.05,1.3,0.79,0.98,1.21,1.02,1.02,1.24,0.68,Eugenio Suarez,553993,FF,869,142,1.57,-0.94
1.01,1.97,0.67,0.97,0.94,2.64,0.96,1.22,1.11,1.04,2.68,0.48,Eugenio Suarez,553993,FS,45,5,2.79,-0.94
0.96,1.32,0.89,1.04,0.88,2.38,1.04,0.99,1.12,1.0,1.76,0.76,Eugenio Suarez,553993,KC,44,6,1.76,-0.94
1.19,1.5,0.81,1.05,1.41,0.72,1.04,1.14,1.05,1.0,2.59,0.56,Eugenio Suarez,553993,SI,460,101,1.77,-0.94
1.27,1.88,0.82,0.89,1.27,1.13,1.1,1.16,1.08,1.0,1.68,0.49,Eugenio Suarez,553993,SL,429,59,1.94,-0.94
1.26,0.62,0.96,0.66,1.07,1.72,1.03,0.81,1.03,0.98,1.23,0.86,Eugenio Suarez,553993,ST,193,22,1.04,-0.94
1.21,1.05,0.91,1.01,0.93,2.01,1.01,1.02,1.21,1.03,1.16,0.89,Eugenio Suarez,553993,SV,15,1,1.38,-0.94
1.52,2.67,0.77,1.43,0.89,1.53,0.76,1.17,1.31,1.06,1.44,0.75,Eugenio Suarez,553993,FO,3,1,2.15,-0.94
1.2,1.53,0.86,0.82,0.94,2.06,0.93,1.12,1.07,1.02,1.47,1.06,Jack Suwinski,669261,CH,154,25,2.0,-0.3
1.13,1.74,0.88,0.98,0.95,2.37,1.06,1.15,1.09,1.03,1.33,0.76,Jack Suwinski,669261,CU,67,6,2.08,-0.3
0.93,1.12,0.81,0.75,1.25,1.61,0.83,0.93,1.0,1.0,1.29,0.56,Jack Suwinski,669261,FF,375,54,1.47,-0.3
1.09,1.23,0.78,0.97,0.86,2.16,0.89,1.06,1.1,1.02,2.02,0.66,Jack Suwinski,669261,FS,45,7,1.89,-0.3
1.03,1.44,0.86,1.02,0.84,2.08,0.99,1.05,1.14,1.01,1.69,0.76,Jack Suwinski,669261,KC,29,2,1.81,-0.3
0.87,0.98,0.99,1.03,1.79,2.86,0.93,0.93,1.02,0.98,1.43,0.94,Jack Suwinski,669261,SI,138,31,1.63,-0.3
1.38,0.9,0.97,1.07,0.79,2.24,0.99,0.97,1.02,1.01,1.09,1.0,Jack Suwinski,669261,SL,141,20,1.26,-0.3
1.14,0.9,1.23,1.02,0.83,1.96,0.95,1.0,1.08,1.02,0.74,1.61,Jack Suwinski,669261,ST,47,9,1.2,-0.3
1.35,2.23,0.71,1.64,1.01,1.99,0.89,1.38,1.05,1.05,1.69,0.75,Seiya Suzuki,673548,CH,236,28,2.22,-0.63
0.92,1.66,0.77,1.26,0.67,1.44,0.81,1.06,1.07,1.01,1.53,0.63,Seiya Suzuki,673548,CU,143,24,1.6,-0.63
1.21,2.05,0.64,1.1,1.0,1.17,0.87,1.28,1.05,1.03,1.11,0.66,Seiya Suzuki,673548,FF,781,95,1.91,-0.63
1.18,1.97,0.73,0.85,0.8,1.9,0.89,1.17,1.09,1.03,2.31,0.55,Seiya Suzuki,673548,FS,93,8,2.5,-0.63
1.05,1.03,0.9,1.08,0.74,1.91,1.0,0.97,1.13,0.99,1.64,0.84,Seiya Suzuki,673548,KC,35,4,1.38,-0.63
1.27,2.89,0.83,1.29,0.8,0.53,0.95,1.41,1.09,1.06,1.64,0.6,Seiya Suzuki,673548,SI,478,82,2.4,-0.63
0.81,0.74,0.66,1.15,1.1,0.92,0.84,0.81,1.08,0.99,1.64,0.5,Seiya Suzuki,673548,SL,370,60,0.69,-0.63
1.16,2.22,0.87,0.69,1.18,1.43,0.78,1.22,1.09,1.02,0.98,1.17,Seiya Suzuki,673548,ST,163,15,2.29,-0.63
1.15,1.05,0.91,1.01,0.97,1.97,0.95,1.01,1.21,1.02,1.19,1.02,Seiya Suzuki,673548,SV,15,1,1.38,-0.63
0.89,1.41,1.08,0.32,1.14,0.91,0.99,1.06,1.02,0.97,1.05,0.88,Dansby Swanson,621020,CH,198,35,1.78,-0.76
1.22,0.96,0.96,1.36,1.09,2.75,1.07,1.19,1.06,1.02,0.83,1.6,Dansby Swanson,621020,CU,134,13,1.39,-0.76
1.42,1.46,0.67,1.25,1.33,0.75,1.19,1.32,1.01,1.05,1.05,0.82,Dansby Swanson,621020,FF,630,114,1.27,-0.76
1.25,1.81,0.76,1.06,0.91,2.57,0.92,1.11,1.1,1.02,2.01,0.59,Dansby Swanson,621020,FS,76,7,2.31,-0.76
1.02,1.04,0.87,1.14,0.76,1.82,1.0,1.02,1.13,1.01,1.71,0.8,Dansby Swanson,621020,KC,24,3,1.41,-0.76
1.01,1.65,0.93,1.07,1.51,0.97,1.12,1.24,1.02,1.02,0.9,0.98,Dansby Swanson,621020,SI,410,82,1.52,-0.76
0.81,0.96,1.4,0.76,1.06,0.77,0.94,0.9,1.03,0.95,0.59,1.86,Dansby Swanson,621020,SL,462,61,0.9,-0.76
1.06,1.07,1.03,1.2,0.95,1.94,0.91,0.9,1.06,1.0,0.9,1.26,Dansby Swanson,621020,ST,214,33,1.06,-0.76
1.11,0.99,1.12,0.94,0.88,2.04,1.03,0.98,1.18,1.0,0.95,1.27,Dansby Swanson,621020,SV,7,3,1.32,-0.76
0.68,0.5,0.9,1.15,0.96,1.2,1.1,0.79,1.05,0.96,0.81,0.84,Trey Sweeney,700242,CH,62,9,0.33,-0.06
0.95,0.55,1.34,0.71,0.85,2.47,1.07,0.73,1.03,0.99,0.57,1.51,Trey Sweeney,700242,CU,25,4,0.96,-0.06
0.81,0.36,0.63,0.71,1.32,1.07,1.01,0.74,1.03,1.0,1.23,0.94,Trey Sweeney,700242,FF,117,19,0.48,-0.06
1.0,1.07,0.93,1.01,0.87,2.39,0.92,0.99,1.1,1.02,1.56,0.87,Trey Sweeney,700242,FS,10,2,1.65,-0.06
1.01,1.1,0.84,1.08,0.84,2.08,1.04,1.02,1.13,1.01,1.73,0.74,Trey Sweeney,700242,KC,9,2,1.54,-0.06
0.93,1.09,1.1,0.59,1.25,2.33,1.01,0.87,1.0,1.02,-0.35,2.24,Trey Sweeney,700242,SI,64,11,1.06,-0.06
1.27,2.44,1.01,0.97,1.02,3.08,1.1,1.23,1.03,1.02,0.88,0.6,Trey Sweeney,700242,SL,77,13,2.69,-0.06
1.2,1.34,1.08,0.93,0.85,1.97,1.06,1.01,1.06,1.01,0.87,1.15,Trey Sweeney,700242,ST,31,7,1.48,-0.06
1.36,1.01,0.88,1.29,0.94,1.98,1.0,1.12,1.21,1.03,1.08,1.02,Trey Sweeney,700242,SV,11,2,1.26,-0.06
1.58,2.16,1.08,0.82,1.46,1.52,1.0,1.23,1.08,1.08,0.31,1.19,Fernando Tatis,665487,CH,140,23,1.98,-0.38
1.24,0.88,1.27,0.75,0.89,2.03,0.98,1.02,1.07,1.04,0.7,1.48,Fernando Tatis,665487,CU,60,13,1.41,-0.38
1.26,1.08,1.01,0.9,1.08,0.68,1.02,1.11,1.05,1.04,0.89,1.44,Fernando Tatis,665487,FF,442,71,1.08,-0.38
1.63,2.67,0.77,1.43,0.88,1.47,0.76,1.17,1.32,1.07,1.32,0.75,Fernando Tatis,665487,FO,5,1,2.09,-0.38
1.18,1.33,0.78,0.65,0.95,2.46,0.93,0.96,1.11,1.06,2.08,0.59,Fernando Tatis,665487,FS,32,6,2.11,-0.38
1.07,1.01,1.03,0.84,0.79,2.09,0.99,0.94,1.13,1.02,1.52,0.87,Fernando Tatis,665487,KC,33,7,1.55,-0.38
1.1,1.45,1.06,1.16,0.87,0.98,0.97,1.15,1.07,1.03,-0.09,1.99,Fernando Tatis,665487,SI,353,91,0.94,-0.38
1.12,1.65,1.12,0.88,1.03,0.97,0.94,1.23,1.07,1.05,0.54,1.14,Fernando Tatis,665487,SL,247,48,1.64,-0.38
1.08,2.49,1.27,0.74,0.98,2.26,1.02,1.33,1.09,1.04,0.7,1.56,Fernando Tatis,665487,ST,114,25,2.73,-0.38
1.21,1.05,0.93,1.01,0.93,1.99,1.01,1.04,1.21,1.03,1.1,0.93,Fernando Tatis,665487,SV,8,1,1.39,-0.38
0.77,0.44,1.21,0.94,0.87,2.23,0.89,0.89,1.0,0.95,0.58,0.78,Mike Tauchman,643565,CH,172,30,1.02,-0.24
0.95,0.89,0.9,0.81,0.8,2.47,1.08,0.92,1.05,1.0,1.41,0.79,Mike Tauchman,643565,CU,96,8,1.5,-0.24
1.04,0.64,0.76,1.39,1.13,0.51,0.92,0.99,1.01,1.02,1.05,0.83,Mike Tauchman,643565,FF,622,68,0.39,-0.24
1.05,0.92,0.83,1.28,0.68,1.97,0.91,1.06,1.09,1.02,1.92,0.76,Mike Tauchman,643565,FS,46,8,1.45,-0.24
0.92,1.05,0.87,1.0,0.84,2.41,1.07,0.97,1.12,0.99,1.77,0.71,Mike Tauchman,643565,KC,18,2,1.62,-0.24
0.97,1.33,0.83,0.81,0.91,0.58,0.98,1.09,1.03,1.01,2.52,0.66,Mike Tauchman,643565,SI,189,43,1.74,-0.24
1.22,2.01,0.83,1.5,0.92,2.4,1.04,1.1,1.02,1.03,1.21,0.7,Mike Tauchman,643565,SL,180,33,1.79,-0.24
1.19,0.88,1.08,0.94,0.8,2.5,1.03,1.0,1.07,1.03,0.83,1.43,Mike Tauchman,643565,ST,59,12,1.36,-0.24
0.86,1.11,0.86,1.2,0.96,1.99,1.07,1.0,1.04,0.99,1.49,0.78,Leody Taveras,665750,CH,322,61,1.34,0.0
0.94,1.1,0.84,0.8,0.95,2.69,1.14,0.93,1.05,1.0,1.39,1.07,Leody Taveras,665750,CU,157,29,1.61,0.0
0.79,0.82,0.96,0.82,1.15,0.82,1.1,0.82,1.03,0.97,1.21,0.85,Leody Taveras,665750,FF,689,136,0.76,0.0
0.86,0.8,0.83,1.01,0.88,2.81,1.04,0.86,1.11,0.98,2.06,0.58,Leody Taveras,665750,FS,93,22,1.56,0.0
0.99,1.17,0.9,0.96,0.74,1.94,1.02,0.95,1.13,1.0,1.65,0.77,Leody Taveras,665750,KC,49,8,1.52,0.0
0.84,0.47,0.93,0.91,1.15,2.35,0.91,0.93,1.03,0.98,1.1,0.94,Leody Taveras,665750,SI,238,49,1.18,0.0
1.08,1.09,0.86,1.05,0.91,3.05,1.01,1.07,1.03,1.03,1.2,0.92,Leody Taveras,665750,SL,215,29,1.77,0.0
1.1,1.19,1.33,0.93,0.79,2.34,1.03,0.98,1.08,1.01,0.72,2.03,Leody Taveras,665750,ST,97,13,1.45,0.0
1.18,1.49,0.97,0.8,0.9,2.02,0.93,1.09,1.06,1.02,1.09,0.83,Tim Tawa,694374,CH,45,7,1.89,-1.04
1.03,0.81,1.19,0.75,0.88,1.96,1.1,0.9,1.07,1.01,0.62,1.34,Tim Tawa,694374,CU,37,7,1.11,-1.04
1.0,0.35,0.72,0.74,1.41,4.19,1.01,0.87,1.02,0.98,0.93,1.05,Tim Tawa,694374,FF,199,29,1.52,-1.04
1.04,1.31,0.74,1.2,0.78,2.12,0.88,1.04,1.1,1.02,2.24,0.61,Tim Tawa,694374,FS,15,1,1.81,-1.04
1.01,1.07,0.96,0.91,0.77,1.82,1.03,0.95,1.13,1.0,1.36,0.84,Tim Tawa,694374,KC,10,2,1.39,-1.04
1.38,1.72,0.88,1.16,1.25,2.6,1.05,1.15,1.04,1.04,1.29,0.89,Tim Tawa,694374,SI,114,24,2.0,-1.04
0.98,0.73,1.17,0.92,1.19,3.14,1.07,0.91,1.03,0.97,0.56,1.7,Tim Tawa,694374,SL,142,21,1.29,-1.04
1.3,1.53,1.11,1.11,1.03,2.84,1.07,1.18,1.08,1.01,0.64,1.49,Tim Tawa,694374,ST,52,11,1.87,-1.04
1.14,1.19,0.9,1.07,0.99,2.3,0.96,0.99,1.05,1.0,1.64,0.67,Chris Taylor,621035,CH,77,13,1.65,-0.22
0.98,0.98,0.98,1.07,0.85,2.26,1.13,1.0,1.07,1.0,1.16,1.07,Chris Taylor,621035,CU,47,2,1.32,-0.22
0.66,0.72,1.32,0.92,1.49,2.08,1.08,0.89,0.99,0.92,1.09,0.86,Chris Taylor,621035,FF,393,62,1.24,-0.22
1.12,1.31,0.81,1.2,0.77,2.12,0.88,1.04,1.1,1.01,2.19,0.61,Chris Taylor,621035,FS,17,1,1.82,-0.22
0.94,1.05,0.78,1.21,1.73,3.2,1.02,1.06,1.03,0.97,2.31,0.61,Chris Taylor,621035,SI,150,26,2.01,-0.22
0.96,1.0,0.97,1.12,0.92,2.14,0.99,1.09,1.04,1.02,1.12,1.31,Chris Taylor,621035,SL,167,17,1.41,-0.22
1.38,1.35,1.06,0.97,0.97,2.73,1.03,1.05,1.08,1.04,0.85,1.07,Chris Taylor,621035,ST,81,6,1.75,-0.22
0.94,1.36,0.91,0.81,1.41,3.2,1.05,0.97,1.04,0.98,1.98,0.6,Michael A. Taylor,572191,CH,121,21,2.24,-0.91
0.94,0.77,0.95,0.91,0.93,2.28,1.08,0.91,1.06,1.01,0.99,0.95,Michael A. Taylor,572191,CU,68,8,1.18,-0.91
1.22,2.14,0.99,1.27,1.63,0.85,1.09,1.28,1.02,1.0,0.95,0.69,Michael A. Taylor,572191,FF,344,38,1.73,-0.91
1.19,1.23,0.75,1.0,0.84,2.14,0.93,1.02,1.11,1.04,2.26,0.53,Michael A. Taylor,572191,FS,36,2,1.87,-0.91
1.02,1.08,0.82,1.03,0.75,1.89,0.99,0.99,1.14,1.01,1.89,0.73,Michael A. Taylor,572191,KC,18,1,1.53,-0.91
1.05,0.94,0.91,1.23,1.61,2.49,1.04,1.11,1.04,1.02,1.7,0.75,Michael A. Taylor,572191,SI,219,37,1.63,-0.91
0.99,0.98,0.9,0.83,1.27,2.2,0.98,0.94,1.03,1.02,1.03,0.91,Michael A. Taylor,572191,SL,250,35,1.39,-0.91
1.15,0.94,1.18,1.02,1.24,3.15,1.01,0.97,1.08,0.99,0.98,1.26,Michael A. Taylor,572191,ST,68,13,1.61,-0.91
1.1,0.59,0.85,1.12,1.12,2.8,0.98,1.02,1.06,0.99,1.31,1.04,Tyrone Taylor,621438,CH,90,20,1.35,-0.62
1.12,0.59,0.94,0.96,0.93,2.49,1.07,0.97,1.07,1.01,1.15,1.12,Tyrone Taylor,621438,CU,94,20,1.22,-0.62
0.7,0.33,0.87,1.34,0.62,0.9,1.08,0.85,1.01,0.94,1.27,0.67,Tyrone Taylor,621438,FF,351,69,0.26,-0.62
1.16,1.63,0.75,1.07,0.78,2.2,0.94,1.1,1.1,1.01,2.44,0.59,Tyrone Taylor,621438,FS,24,2,2.2,-0.62
1.03,1.14,0.91,0.9,0.82,2.09,1.03,0.98,1.13,1.01,1.66,0.71,Tyrone Taylor,621438,KC,23,2,1.64,-0.62
1.11,1.11,0.83,1.16,0.55,0.77,0.97,1.0,1.02,1.03,2.41,0.71,Tyrone Taylor,621438,SI,217,43,1.29,-0.62
1.02,0.94,0.93,1.55,1.03,0.92,0.99,1.09,1.01,0.98,1.17,0.97,Tyrone Taylor,621438,SL,248,39,0.76,-0.62
0.96,0.65,0.92,0.97,0.98,2.29,0.99,0.97,1.03,0.96,1.37,0.83,Tyrone Taylor,621438,ST,115,15,1.31,-0.62
1.21,1.05,1.0,1.01,1.0,2.38,1.01,1.01,1.2,1.01,0.99,1.09,Tyrone Taylor,621438,SV,2,1,1.45,-0.62
1.09,2.3,0.73,1.32,0.98,2.04,1.02,1.38,1.04,1.02,1.4,0.41,Kyle Teel,691019,CH,102,24,2.39,0.25
0.98,0.91,0.82,1.0,0.91,2.42,0.93,1.05,1.07,1.0,1.35,0.67,Kyle Teel,691019,CU,72,4,1.58,0.25
1.09,0.94,1.08,1.35,1.07,0.72,1.04,1.1,1.03,0.97,0.78,1.05,Kyle Teel,691019,FF,256,41,0.74,0.25
0.91,0.95,0.9,1.07,0.73,2.0,0.93,0.89,1.07,1.0,1.71,0.67,Kyle Teel,691019,FS,34,9,1.34,0.25
0.97,1.11,0.82,0.94,0.74,2.04,1.03,0.99,1.13,1.0,1.75,0.78,Kyle Teel,691019,KC,17,1,1.58,0.25
0.87,1.1,0.81,1.0,1.53,2.35,0.92,1.07,1.02,1.0,2.16,0.46,Kyle Teel,691019,SI,78,15,1.95,0.25
1.08,0.84,0.6,1.03,1.02,2.8,1.08,0.97,1.03,1.02,1.23,0.55,Kyle Teel,691019,SL,99,18,1.36,0.25
1.15,0.92,1.05,1.04,0.86,2.18,0.94,1.02,1.08,1.04,0.79,1.28,Kyle Teel,691019,ST,44,4,1.28,0.25
0.93,0.89,0.81,1.38,1.07,1.04,0.87,1.01,1.05,0.99,2.05,0.86,Rowdy Tellez,642133,CH,220,46,1.05,0.53
1.16,1.24,0.84,0.76,0.96,3.06,1.09,1.05,1.09,1.0,1.43,0.83,Rowdy Tellez,642133,CU,119,15,2.04,0.53
1.11,2.1,0.62,1.17,0.84,1.11,0.92,1.27,1.05,1.03,1.16,0.72,Rowdy Tellez,642133,FF,573,95,1.85,0.53
0.97,1.34,1.0,0.79,0.88,2.13,0.92,0.97,1.1,1.0,1.26,0.98,Rowdy Tellez,642133,FS,79,20,1.75,0.53
0.91,1.26,0.76,1.27,0.91,2.38,1.05,1.02,1.11,0.99,2.33,0.88,Rowdy Tellez,642133,KC,49,9,1.73,0.53
1.18,1.62,1.01,1.26,0.79,1.05,1.02,1.01,1.05,1.07,1.37,1.27,Rowdy Tellez,642133,SI,220,54,1.26,0.53
1.09,0.86,0.76,0.82,0.97,3.14,1.02,0.93,1.05,1.01,1.41,0.96,Rowdy Tellez,642133,SL,173,24,1.65,0.53
1.27,1.44,1.11,1.11,1.08,2.82,0.96,1.18,1.09,1.03,0.78,1.36,Rowdy Tellez,642133,ST,73,12,1.92,0.53
1.13,1.02,1.03,0.98,0.92,1.94,0.98,0.99,1.2,1.01,1.02,1.15,Rowdy Tellez,642133,SV,8,1,1.32,0.53
0.89,0.99,1.11,1.23,0.8,2.34,0.93,1.03,1.05,1.0,0.82,1.38,Jose Tena,677588,CH,52,11,1.29,0.1
1.1,0.87,0.99,1.1,0.86,2.79,1.05,1.02,1.07,1.0,0.67,1.31,Jose Tena,677588,CU,53,5,1.3,0.1
1.06,0.92,1.76,0.98,0.68,0.67,0.95,1.0,1.0,1.01,0.3,1.98,Jose Tena,677588,FF,255,46,0.86,0.1
0.92,1.04,0.96,1.14,0.73,1.89,0.89,1.0,1.08,1.0,1.49,0.75,Jose Tena,677588,FS,14,3,1.42,0.1
1.02,1.08,0.87,1.03,0.77,2.07,1.05,1.02,1.13,1.01,1.71,0.78,Jose Tena,677588,KC,29,1,1.56,0.1
0.87,0.8,0.93,0.87,1.64,3.11,0.97,0.85,1.01,0.99,1.02,0.71,Jose Tena,677588,SI,71,17,1.47,0.1
1.2,0.53,1.28,0.82,0.93,3.06,1.04,0.86,1.05,1.03,0.63,1.49,Jose Tena,677588,SL,89,15,1.24,0.1
1.21,1.29,1.33,1.1,0.83,2.77,1.03,1.06,1.09,1.02,0.62,1.78,Jose Tena,677588,ST,49,8,1.63,0.1
1.15,1.05,1.0,1.01,0.93,1.97,1.01,1.02,1.21,1.02,1.02,1.09,Jose Tena,677588,SV,2,1,1.34,0.1
1.52,2.67,0.77,1.43,0.87,1.59,0.77,1.17,1.32,1.06,1.38,0.75,Jose Tena,677588,FO,5,1,2.14,0.1
0.82,0.46,1.32,0.84,1.48,3.52,1.13,0.82,1.0,0.97,0.71,1.7,Bryce Teodosio,669326,FF,23,3,1.28,-1.45
0.98,1.14,1.21,0.9,0.93,2.82,1.04,0.92,1.05,1.01,0.85,1.33,Bryce Teodosio,669326,SL,13,3,1.58,-1.45
1.14,0.97,1.1,0.93,0.89,2.23,1.01,1.02,1.08,1.02,0.81,1.16,Bryce Teodosio,669326,ST,4,1,1.4,-1.45
1.17,1.15,0.92,0.94,0.91,2.29,0.99,0.97,1.05,1.02,1.5,0.88,Bryce Teodosio,669326,CH,21,3,1.61,-1.45
1.06,0.91,0.92,1.3,0.78,1.82,1.12,1.04,1.08,1.01,1.17,1.08,Bryce Teodosio,669326,CU,10,4,1.04,-1.45
0.97,1.11,0.91,0.94,0.72,1.81,1.05,0.96,1.13,1.0,1.62,0.78,Bryce Teodosio,669326,KC,3,1,1.46,-1.45
0.92,1.01,0.92,1.03,2.0,3.67,1.13,0.96,1.03,1.0,1.84,0.74,Bryce Teodosio,669326,SI,29,5,1.97,-1.45
1.22,0.85,0.96,0.8,0.87,2.04,0.9,0.92,1.06,1.03,1.31,0.89,Matt Thaiss,642136,CH,78,10,1.4,-0.47
1.06,0.73,1.22,1.0,0.8,2.26,1.19,0.94,1.07,1.02,0.7,1.77,Matt Thaiss,642136,CU,40,5,1.0,-0.47
0.85,0.33,0.87,0.77,1.61,0.52,0.95,0.69,1.01,1.0,1.17,0.7,Matt Thaiss,642136,FF,337,40,0.31,-0.47
1.01,1.17,0.88,0.93,0.77,2.18,0.92,0.96,1.08,0.99,1.84,0.75,Matt Thaiss,642136,FS,31,4,1.72,-0.47
0.96,1.05,0.91,1.03,0.69,1.97,1.07,0.99,1.13,0.97,1.44,0.83,Matt Thaiss,642136,KC,11,2,1.39,-0.47
1.04,1.68,0.8,1.05,1.63,2.14,1.05,1.06,1.01,1.0,2.56,0.59,Matt Thaiss,642136,SI,73,17,2.18,-0.47
1.33,1.37,0.89,1.17,0.86,2.42,0.96,1.03,1.05,1.03,1.08,1.14,Matt Thaiss,642136,SL,85,7,1.55,-0.47
1.2,0.92,1.19,1.04,0.84,2.13,1.0,1.04,1.08,1.02,0.66,1.63,Matt Thaiss,642136,ST,31,4,1.24,-0.47
1.15,1.05,0.91,1.01,0.93,1.97,1.01,1.01,1.21,1.02,1.13,0.89,Matt Thaiss,642136,SV,2,1,1.35,-0.47
0.93,1.37,1.13,1.12,1.12,1.12,1.08,1.09,1.05,1.02,-0.16,1.84,Alek Thomas,677950,CH,50,12,0.87,-1.06
0.74,0.56,1.3,0.71,0.99,2.17,1.19,0.92,1.04,0.98,0.2,1.3,Alek Thomas,677950,CU,36,9,0.99,-1.06
1.22,1.45,1.41,0.94,1.06,1.57,1.01,1.14,1.02,1.05,0.62,1.64,Alek Thomas,677950,FF,112,15,1.6,-1.06
0.92,1.19,0.99,0.7,0.8,2.3,0.96,0.9,1.08,1.01,1.51,0.95,Alek Thomas,677950,FS,12,1,1.74,-1.06
1.07,1.38,0.83,1.09,0.78,1.83,1.03,0.98,1.13,1.02,1.81,0.68,Alek Thomas,677950,KC,10,2,1.58,-1.06
0.95,0.71,1.27,0.66,2.02,1.61,1.08,0.93,1.03,0.98,-1.9,6.86,Alek Thomas,677950,SI,47,17,-0.23,-1.06
0.84,0.35,1.14,0.96,0.94,1.31,1.07,0.98,1.02,1.02,0.25,1.6,Alek Thomas,677950,SL,57,9,0.51,-1.06
1.14,1.85,1.15,0.75,0.98,2.14,1.16,1.19,1.06,1.05,0.65,1.81,Alek Thomas,677950,ST,13,4,2.02,-1.06
1.23,1.05,1.0,1.01,0.89,1.97,1.03,1.01,1.21,1.02,1.0,1.09,Alek Thomas,677950,SV,7,1,1.31,-1.06
1.38,1.1,0.81,0.91,0.98,2.8,1.0,1.03,1.07,1.03,1.6,0.67,Colby Thomas,687515,CH,28,4,1.85,-2.14
1.09,1.44,0.92,0.95,0.92,2.2,1.12,1.13,1.09,1.02,1.27,0.87,Colby Thomas,687515,CU,15,1,1.83,-2.14
0.95,1.33,0.79,1.01,1.47,4.74,1.15,1.1,1.03,0.99,1.27,0.81,Colby Thomas,687515,FF,124,16,2.43,-2.14
1.12,1.31,0.74,1.04,0.77,2.04,0.92,1.07,1.11,1.02,2.15,0.65,Colby Thomas,687515,FS,4,1,1.88,-2.14
1.05,1.01,0.78,1.03,1.66,2.95,1.05,1.0,1.03,0.99,2.06,0.74,Colby Thomas,687515,SI,25,5,1.84,-2.14
1.02,0.87,1.13,0.85,0.85,2.57,1.0,0.89,1.04,1.0,0.96,1.18,Colby Thomas,687515,SL,37,5,1.39,-2.14
1.14,0.92,0.92,1.11,0.85,1.76,0.96,1.01,1.05,1.03,1.54,1.22,Lane Thomas,657041,CH,161,39,1.27,-0.92
1.15,0.92,0.98,1.03,0.87,2.03,1.05,0.96,1.09,1.02,0.99,1.24,Lane Thomas,657041,CU,109,21,1.15,-0.92
0.65,0.55,0.52,0.64,1.26,3.05,0.94,0.64,1.02,0.96,2.04,1.33,Lane Thomas,657041,FF,578,80,1.3,-0.92
1.01,1.23,0.83,0.97,0.82,2.12,0.92,0.99,1.08,1.0,1.93,0.68,Lane Thomas,657041,FS,53,2,1.77,-0.92
1.14,1.06,0.89,0.9,0.73,1.92,1.04,0.94,1.13,1.01,1.76,0.69,Lane Thomas,657041,KC,30,3,1.5,-0.92
1.35,1.62,1.07,0.99,1.16,2.78,0.93,1.04,1.23,1.03,1.23,0.89,Lane Thomas,657041,KN,6,1,2.06,-0.92
0.89,1.36,0.9,0.9,1.55,1.88,0.92,1.04,1.02,0.99,1.64,0.86,Lane Thomas,657041,SI,395,88,1.8,-0.92
1.25,0.88,0.89,1.13,0.96,1.53,0.98,1.04,1.05,1.02,1.21,0.93,Lane Thomas,657041,SL,404,53,1.11,-0.92
1.13,1.01,1.23,0.95,0.91,2.36,1.0,0.97,1.07,1.01,0.81,1.67,Lane Thomas,657041,ST,159,26,1.38,-0.92
1.15,1.05,1.0,1.01,0.93,2.05,0.99,1.03,1.21,1.02,1.06,1.09,Lane Thomas,657041,SV,5,1,1.4,-0.92
1.25,1.23,0.89,1.01,0.82,1.93,0.94,1.05,1.05,1.03,1.39,0.82,Rhylan Thomas,689041,CH,2,1,1.59,-0.14
0.83,0.66,1.44,0.93,1.08,3.48,1.0,0.82,1.0,0.96,0.78,1.26,Rhylan Thomas,689041,FF,16,5,1.47,-0.14
0.98,1.18,0.73,1.02,1.82,3.42,1.04,0.98,1.01,0.99,3.0,0.54,Rhylan Thomas,689041,SI,4,1,2.35,-0.14
1.09,1.01,1.08,0.99,0.74,2.22,0.97,0.99,1.04,1.02,0.85,1.17,Rhylan Thomas,689041,SL,4,1,1.36,-0.14
1.29,1.33,0.75,1.02,1.5,2.89,0.89,1.07,1.05,1.02,1.03,0.78,Michael Toglia,669911,CH,268,34,1.83,0.0
1.19,1.52,0.86,1.24,1.38,4.24,1.07,1.19,1.06,1.03,1.16,0.89,Michael Toglia,669911,CU,191,14,2.36,0.0
0.92,1.1,0.89,1.28,1.23,0.84,1.08,1.07,1.02,0.98,1.03,0.87,Michael Toglia,669911,FF,599,91,0.88,0.0
0.97,1.06,0.97,1.03,1.06,3.16,0.95,0.92,1.1,1.01,1.48,0.9,Michael Toglia,669911,FS,68,5,1.75,0.0
0.98,1.05,0.92,0.97,0.89,2.27,1.01,0.98,1.13,1.0,1.72,0.8,Michael Toglia,669911,KC,54,4,1.62,0.0
1.35,1.62,1.07,1.14,1.13,2.78,0.94,1.06,1.23,1.02,1.29,0.83,Michael Toglia,669911,KN,8,1,2.01,0.0
1.21,1.6,0.75,1.12,1.41,2.07,1.01,1.27,1.04,1.05,1.9,0.9,Michael Toglia,669911,SI,164,40,2.12,0.0
1.28,2.12,0.67,0.84,1.19,4.21,0.96,1.23,1.04,1.03,1.51,0.5,Michael Toglia,669911,SL,259,25,3.09,0.0
1.48,0.85,1.09,0.76,1.05,2.54,0.93,0.95,1.08,1.05,0.99,1.47,Michael Toglia,669911,ST,103,11,1.49,0.0
1.23,1.05,0.91,1.01,1.02,2.22,1.02,1.01,1.21,1.02,1.19,1.02,Michael Toglia,669911,SV,10,1,1.43,0.0
0.87,0.48,0.98,1.28,0.93,2.91,1.1,1.01,1.0,0.99,0.74,1.25,Tyler Tolbert,686475,FF,40,12,1.02,-0.47
1.05,1.1,0.83,1.1,1.64,3.91,1.06,0.99,1.01,0.99,2.15,0.63,Tyler Tolbert,686475,SI,16,3,2.18,-0.47
1.02,0.87,1.13,0.85,0.85,2.2,1.01,0.96,1.01,0.99,0.63,1.27,Tyler Tolbert,686475,SL,21,5,1.26,-0.47
1.15,0.99,1.24,0.95,0.8,2.14,1.03,0.99,1.06,1.02,0.67,1.46,Tyler Tolbert,686475,ST,5,2,1.3,-0.47
1.18,2.54,0.67,0.45,1.08,1.19,0.95,1.17,1.04,0.99,2.31,0.33,Spencer Torkelson,679529,CH,127,18,2.81,-0.87
1.1,1.45,0.92,1.18,0.93,2.32,1.0,1.07,1.08,0.99,1.26,1.22,Spencer Torkelson,679529,CU,67,4,1.65,-0.87
1.24,1.63,0.4,1.09,0.89,0.66,0.96,1.2,1.03,1.03,1.46,0.4,Spencer Torkelson,679529,FF,460,70,1.44,-0.87
0.99,0.91,0.97,1.02,0.98,2.66,0.97,0.99,1.07,0.99,1.83,0.88,Spencer Torkelson,679529,FS,25,2,1.71,-0.87
1.06,1.41,0.86,1.12,0.72,1.91,1.0,1.03,1.14,1.0,1.61,0.8,Spencer Torkelson,679529,KC,12,2,1.62,-0.87
1.17,1.62,1.0,0.97,0.87,0.69,0.93,1.06,1.02,1.01,2.29,0.71,Spencer Torkelson,679529,SI,276,51,1.77,-0.87
1.16,1.04,0.4,1.05,1.07,0.84,0.9,1.05,1.03,1.04,2.05,0.56,Spencer Torkelson,679529,SL,311,39,1.2,-0.87
0.93,0.66,0.72,0.72,1.12,2.87,1.03,0.86,1.07,0.97,1.43,0.81,Spencer Torkelson,679529,ST,187,30,1.44,-0.87
1.18,1.02,0.96,0.98,0.95,2.07,1.0,0.99,1.2,1.01,1.03,0.94,Spencer Torkelson,679529,SV,12,1,1.34,-0.87
0.64,0.11,1.31,0.58,1.04,3.36,1.18,0.67,1.04,0.97,0.4,1.28,Abraham Toro,647351,CH,218,53,0.94,0.0
0.98,0.54,1.08,0.83,0.8,2.48,1.01,0.89,1.04,0.98,1.18,0.86,Abraham Toro,647351,CU,112,14,1.28,0.0
0.76,0.73,0.92,0.79,0.74,1.23,0.97,0.85,1.02,0.97,1.1,0.99,Abraham Toro,647351,FF,506,103,0.9,0.0
1.14,1.14,0.97,1.26,0.76,1.87,0.94,1.03,1.08,1.01,1.04,1.0,Abraham Toro,647351,FS,71,12,1.25,0.0
0.97,1.04,0.98,0.92,0.77,2.08,1.04,0.95,1.13,1.0,1.43,0.88,Abraham Toro,647351,KC,35,5,1.47,0.0
1.04,0.82,1.0,1.36,0.62,2.47,0.89,1.09,1.02,0.98,0.69,0.86,Abraham Toro,647351,SI,147,31,1.23,0.0
0.86,0.53,1.17,1.35,0.69,1.81,1.07,0.91,1.02,0.95,0.92,1.64,Abraham Toro,647351,SL,155,27,0.61,0.0
1.18,0.82,1.09,1.09,0.73,2.44,1.05,0.96,1.06,1.03,0.82,1.38,Abraham Toro,647351,ST,39,7,1.16,0.0
1.23,0.99,0.87,1.2,0.94,1.98,1.01,1.11,1.2,1.02,1.13,0.94,Abraham Toro,647351,SV,4,2,1.32,0.0
1.32,1.19,1.05,1.12,0.77,1.83,0.98,1.05,1.04,1.02,1.0,1.18,Luis Torrens,620443,CH,44,9,1.35,-0.58
0.98,1.07,0.89,1.16,0.96,2.0,1.18,1.05,1.06,1.02,1.1,0.92,Luis Torrens,620443,CU,30,3,1.25,-0.58
1.39,1.09,1.17,1.15,0.64,1.19,1.03,1.07,1.01,1.05,0.71,1.07,Luis Torrens,620443,FF,124,20,1.05,-0.58
0.98,1.13,0.91,0.89,0.92,2.08,0.92,0.95,1.09,1.01,1.75,0.86,Luis Torrens,620443,FS,12,5,1.66,-0.58
0.94,1.0,0.95,0.87,0.71,1.74,1.04,0.95,1.13,1.01,1.61,0.92,Luis Torrens,620443,KC,5,4,1.41,-0.58
1.2,2.36,1.07,1.41,1.07,3.14,0.9,1.23,1.04,0.99,0.71,1.3,Luis Torrens,620443,SI,92,15,2.37,-0.58
1.18,1.4,1.13,0.82,0.7,0.81,1.04,1.18,1.01,1.02,0.29,1.84,Luis Torrens,620443,SL,133,23,1.24,-0.58
1.26,1.86,1.02,1.27,0.99,3.03,1.07,1.24,1.08,1.04,0.82,1.05,Luis Torrens,620443,ST,25,3,2.14,-0.58
1.23,1.05,0.91,1.14,0.94,2.03,1.03,1.07,1.21,1.03,1.07,1.04,Luis Torrens,620443,SV,1,1,1.32,-0.58
0.77,1.19,0.63,1.35,0.73,0.56,0.83,1.09,1.04,1.0,2.16,0.47,Gleyber Torres,650402,CH,262,46,1.22,-0.85
0.66,0.49,1.16,0.95,0.56,1.31,0.72,0.81,1.02,0.99,0.98,1.05,Gleyber Torres,650402,CU,159,30,0.79,-0.85
1.04,1.13,0.65,1.12,1.01,1.04,1.03,1.15,1.02,1.04,0.96,0.76,Gleyber Torres,650402,FF,853,124,1.1,-0.85
1.02,0.99,0.77,1.24,0.79,1.74,0.91,1.02,1.08,1.02,1.79,0.68,Gleyber Torres,650402,FS,75,9,1.33,-0.85
0.98,1.08,0.88,0.95,0.74,1.91,0.96,0.95,1.13,0.99,1.61,0.73,Gleyber Torres,650402,KC,36,4,1.48,-0.85
1.15,1.5,0.86,1.24,0.7,0.73,1.03,1.16,1.02,1.04,1.69,0.85,Gleyber Torres,650402,SI,430,92,1.4,-0.85
0.64,0.91,1.09,1.0,0.8,0.77,0.81,0.8,1.03,0.98,1.18,0.73,Gleyber Torres,650402,SL,458,71,0.83,-0.85
0.56,1.04,1.06,0.82,0.61,1.34,0.79,0.91,1.02,0.97,0.95,0.81,Gleyber Torres,650402,ST,285,50,1.26,-0.85
1.11,1.01,0.88,1.14,0.87,2.15,1.02,1.09,1.2,1.01,1.1,0.88,Gleyber Torres,650402,SV,12,2,1.39,-0.85
1.23,1.07,0.86,1.14,0.99,2.38,1.15,1.06,1.06,1.02,1.47,0.64,Ezequiel Tovar,678662,CH,188,43,1.52,-0.92
1.06,1.04,0.81,1.07,1.08,2.97,1.22,1.04,1.06,1.01,1.22,0.74,Ezequiel Tovar,678662,CU,138,25,1.58,-0.92
0.93,1.13,0.87,1.3,1.19,1.37,1.26,1.0,1.0,1.0,0.95,0.85,Ezequiel Tovar,678662,FF,806,123,0.85,-0.92
1.14,1.15,0.76,1.11,0.85,2.32,0.96,1.04,1.1,1.02,2.31,0.64,Ezequiel Tovar,678662,FS,44,9,1.83,-0.92
1.01,1.03,0.84,0.96,0.81,2.07,1.08,1.0,1.13,1.0,1.55,0.82,Ezequiel Tovar,678662,KC,43,8,1.47,-0.92
1.35,1.52,1.1,0.92,1.28,2.7,0.96,1.02,1.22,1.03,1.31,0.97,Ezequiel Tovar,678662,KN,14,3,2.02,-0.92
1.0,2.14,0.87,1.69,1.16,0.9,1.38,1.18,1.03,1.0,1.84,0.83,Ezequiel Tovar,678662,SI,386,84,1.43,-0.92
0.94,0.94,0.76,0.89,1.2,1.37,1.3,1.05,1.03,1.0,1.45,0.93,Ezequiel Tovar,678662,SL,439,95,1.17,-0.92
1.27,1.08,0.8,1.21,1.3,3.24,1.3,1.16,1.06,1.04,0.99,1.11,Ezequiel Tovar,678662,ST,208,32,1.61,-0.92
1.24,0.99,0.85,1.26,1.06,2.25,1.02,1.05,1.2,1.03,1.21,1.02,Ezequiel Tovar,678662,SV,26,3,1.28,-0.92
1.63,3.8,0.7,1.43,0.91,1.59,0.76,1.35,1.33,1.07,1.54,0.61,Ezequiel Tovar,678662,FO,8,1,3.01,-0.92
0.98,0.34,1.01,0.9,1.54,0.85,1.05,0.84,1.0,0.98,0.84,2.22,Taylor Trammell,666211,FF,18,2,0.28,-1.1
1.24,1.27,0.99,1.03,0.79,2.42,0.9,1.05,1.04,1.03,0.93,1.11,Taylor Trammell,666211,SL,5,1,1.63,-1.1
1.01,1.49,0.97,0.8,1.05,2.27,0.88,0.97,1.05,0.99,1.19,0.77,Taylor Trammell,666211,CH,57,7,1.87,-1.1
1.01,1.01,1.01,0.95,1.09,2.63,1.02,0.96,1.08,1.01,1.13,1.07,Taylor Trammell,666211,CU,45,1,1.52,-1.1
1.05,1.22,0.84,0.96,0.83,2.07,0.96,1.01,1.09,1.01,1.93,0.76,Taylor Trammell,666211,FS,15,3,1.75,-1.1
1.02,2.04,0.73,1.07,2.14,3.35,0.97,1.08,1.04,1.01,3.02,0.51,Taylor Trammell,666211,SI,43,4,2.91,-1.1
1.28,1.03,1.17,1.14,0.92,2.22,1.02,1.07,1.09,1.03,0.72,1.56,Taylor Trammell,666211,ST,22,1,1.31,-1.1
1.26,1.11,0.82,1.15,0.81,1.95,0.94,1.0,1.05,1.03,1.59,0.72,Alan Trejo,676701,CH,21,6,1.42,-1.78
1.11,0.99,0.9,1.05,0.9,2.2,1.15,0.99,1.08,1.02,1.27,0.86,Alan Trejo,676701,CU,16,1,1.32,-1.78
0.81,0.85,1.5,0.76,1.1,3.82,1.0,0.84,1.02,0.97,0.66,1.52,Alan Trejo,676701,FF,63,11,1.77,-1.78
0.97,1.11,0.82,0.94,0.78,1.88,1.05,0.95,1.13,1.0,1.92,0.63,Alan Trejo,676701,KC,5,1,1.54,-1.78
0.86,1.15,0.83,0.87,1.5,3.14,1.07,0.93,1.01,0.98,2.08,0.56,Alan Trejo,676701,SI,48,16,2.02,-1.78
0.89,1.07,1.07,0.79,0.8,2.19,1.05,0.91,1.03,1.01,1.05,1.3,Alan Trejo,676701,SL,43,7,1.42,-1.78
1.11,0.96,1.09,1.07,0.84,2.14,1.05,1.02,1.07,1.02,0.84,1.22,Alan Trejo,676701,ST,13,3,1.26,-1.78
1.23,1.5,0.91,1.01,0.97,2.05,1.02,1.08,1.21,1.03,1.12,0.89,Alan Trejo,676701,SV,3,1,1.69,-1.78
1.04,1.31,0.81,1.04,0.78,1.96,0.92,1.03,1.1,1.02,2.1,0.65,Alan Trejo,676701,FS,7,1,1.81,-1.78
1.0,0.58,1.13,0.76,0.87,1.55,0.92,0.75,1.03,0.99,0.99,1.32,Jose Trevino,624431,CH,94,9,0.82,-0.77
0.94,0.75,1.1,1.09,0.82,2.02,1.1,0.87,1.07,0.98,1.1,1.28,Jose Trevino,624431,CU,54,12,0.96,-0.77
0.93,0.57,1.21,0.82,0.47,1.51,0.94,0.72,1.0,0.99,1.06,1.2,Jose Trevino,624431,FF,306,65,0.78,-0.77
1.11,1.23,0.71,1.11,0.86,2.05,0.93,1.1,1.1,1.03,2.03,0.7,Jose Trevino,624431,FS,7,1,1.78,-0.77
0.97,1.35,0.88,0.94,0.72,1.67,1.04,0.94,1.13,1.0,1.75,0.73,Jose Trevino,624431,KC,11,3,1.55,-0.77
0.99,0.28,1.11,1.14,0.34,1.59,0.9,0.79,0.99,1.01,-0.46,1.18,Jose Trevino,624431,SI,148,33,0.07,-0.77
0.89,0.07,1.47,0.83,0.86,1.13,1.02,0.65,1.03,0.99,0.39,2.17,Jose Trevino,624431,SL,116,19,0.06,-0.77
0.85,0.66,1.28,1.32,0.79,2.13,0.95,1.13,1.05,0.97,0.71,1.46,Jose Trevino,624431,ST,74,7,1.15,-0.77
1.01,0.79,0.75,0.93,0.87,2.37,0.95,0.87,1.05,1.01,1.85,0.63,Jared Triolo,669707,CH,130,22,1.42,-0.43
0.98,0.94,0.69,1.18,0.94,2.07,1.14,1.07,1.06,1.0,1.56,0.5,Jared Triolo,669707,CU,80,14,1.34,-0.43
0.91,0.56,1.1,1.34,0.72,0.71,1.04,0.92,0.99,1.0,0.95,1.23,Jared Triolo,669707,FF,528,76,0.35,-0.43
1.08,1.29,0.8,1.06,0.95,2.51,0.93,1.06,1.1,1.02,2.12,0.63,Jared Triolo,669707,FS,36,3,2.0,-0.43
0.98,1.03,0.8,1.01,0.82,2.08,1.07,0.99,1.13,1.0,1.67,0.85,Jared Triolo,669707,KC,32,4,1.46,-0.43
1.0,1.14,1.13,0.96,1.06,0.71,1.02,1.09,1.0,1.0,1.25,0.98,Jared Triolo,669707,SI,354,75,1.26,-0.43
0.79,1.41,0.98,0.86,1.07,2.29,0.85,0.92,1.01,0.96,0.96,0.76,Jared Triolo,669707,SL,337,45,1.68,-0.43
1.02,0.81,0.95,0.83,0.87,2.27,0.96,0.96,1.05,1.01,0.93,1.19,Jared Triolo,669707,ST,140,21,1.32,-0.43
1.63,2.67,0.7,1.43,1.0,1.78,0.8,1.21,1.33,1.07,1.44,0.75,Jared Triolo,669707,FO,7,1,2.23,-0.43
1.17,1.15,0.76,1.1,0.85,1.96,0.96,1.11,1.06,1.02,1.57,0.71,Chadwick Tromp,644433,CH,9,3,1.6,-0.65
0.88,0.7,1.23,0.95,1.13,3.67,0.94,0.88,1.02,0.98,0.77,1.51,Chadwick Tromp,644433,FF,51,11,1.54,-0.65
0.97,1.11,0.91,0.94,0.74,1.96,1.06,0.96,1.12,0.99,1.41,0.78,Chadwick Tromp,644433,KC,3,1,1.44,-0.65
0.99,1.06,0.76,1.05,1.74,3.22,1.03,1.02,1.03,1.0,2.5,0.63,Chadwick Tromp,644433,SI,31,8,2.11,-0.65
0.97,1.22,1.03,0.93,0.82,2.39,0.98,0.98,1.05,1.01,0.98,0.99,Chadwick Tromp,644433,SL,34,7,1.59,-0.65
1.26,1.01,1.18,1.06,0.9,2.42,1.05,1.05,1.09,1.03,0.72,1.45,Chadwick Tromp,644433,ST,33,3,1.39,-0.65
1.12,1.31,0.81,1.04,0.77,2.04,0.91,1.04,1.11,1.02,2.05,0.65,Chadwick Tromp,644433,FS,5,1,1.84,-0.65
1.34,1.22,0.62,1.51,1.08,4.08,0.95,1.28,1.06,1.04,1.49,0.67,Mike Trout,545361,CH,55,5,2.19,0.25
1.16,1.6,0.96,0.93,0.87,2.16,1.04,1.24,1.1,1.01,1.04,0.81,Mike Trout,545361,CU,29,6,2.05,0.25
0.97,1.54,0.91,0.81,1.2,0.5,0.8,1.14,1.05,0.98,1.32,0.64,Mike Trout,545361,FF,217,34,1.64,0.25
1.1,1.11,0.76,1.04,0.89,2.44,0.93,1.12,1.09,1.03,1.91,0.85,Mike Trout,545361,FS,9,1,1.88,0.25
1.09,1.18,0.74,1.49,0.68,1.23,0.89,1.15,1.05,1.01,1.78,0.92,Mike Trout,545361,SI,101,14,1.26,0.25
1.07,2.04,0.6,1.69,1.16,1.29,0.79,1.37,1.08,1.03,1.44,0.53,Mike Trout,545361,SL,33,5,1.83,0.25
1.08,1.41,1.33,0.84,0.98,2.94,0.82,1.08,1.08,1.01,0.56,1.67,Mike Trout,545361,ST,70,11,2.03,0.25
0.97,1.49,0.85,0.87,0.67,1.76,1.0,1.1,1.14,1.01,1.82,0.6,Mike Trout,545361,KC,22,3,1.95,0.25
1.15,1.05,1.0,1.01,1.0,2.05,1.0,1.01,1.21,1.02,1.01,1.09,Mike Trout,545361,SV,8,1,1.36,0.25
1.03,1.74,0.86,1.16,1.1,1.12,0.82,1.06,1.02,1.0,1.42,0.59,Kyle Tucker,663656,CH,117,14,1.6,-0.67
1.23,0.83,1.06,0.69,0.68,0.84,1.02,0.8,1.03,1.01,1.17,0.72,Kyle Tucker,663656,CU,81,17,0.88,-0.67
1.01,1.6,0.7,0.93,0.59,0.6,0.88,1.09,1.0,1.03,1.22,0.57,Kyle Tucker,663656,FF,512,93,1.42,-0.67
1.01,1.29,0.8,1.29,0.75,1.67,0.9,1.0,1.09,1.0,1.93,0.66,Kyle Tucker,663656,FS,62,7,1.46,-0.67
1.1,1.75,0.8,1.19,0.91,2.32,1.08,1.06,1.13,1.01,1.9,0.68,Kyle Tucker,663656,KC,20,2,1.96,-0.67
1.17,1.69,0.68,1.66,0.65,0.83,1.04,1.22,1.02,1.01,2.6,0.82,Kyle Tucker,663656,SI,165,34,1.55,-0.67
0.77,0.89,0.82,1.02,0.81,0.45,1.0,1.04,1.01,0.99,1.27,0.73,Kyle Tucker,663656,SL,203,32,0.88,-0.67
1.14,0.46,1.05,1.34,0.69,1.8,0.95,0.98,1.05,1.0,0.89,1.46,Kyle Tucker,663656,ST,73,13,0.69,-0.67
1.15,1.05,1.0,1.01,0.99,2.05,1.03,1.02,1.2,1.02,1.04,1.09,Kyle Tucker,663656,SV,6,1,1.37,-0.67
0.7,1.1,1.06,0.67,0.63,0.76,0.95,0.99,1.04,0.96,0.43,1.34,Brice Turang,668930,CH,267,63,1.04,-0.84
0.83,0.34,1.35,0.93,0.67,2.14,0.79,0.84,1.05,0.98,0.46,1.79,Brice Turang,668930,CU,192,39,0.83,-0.84
1.11,0.73,1.01,1.07,0.84,1.1,1.05,1.08,1.01,1.01,0.67,1.44,Brice Turang,668930,FF,899,125,0.8,-0.84
0.73,0.82,0.87,0.84,0.7,1.74,0.96,0.91,1.09,0.98,1.53,0.78,Brice Turang,668930,FS,86,25,1.29,-0.84
0.99,1.1,0.99,0.9,0.79,1.91,0.96,0.97,1.12,1.0,1.21,0.88,Brice Turang,668930,KC,58,9,1.46,-0.84
0.89,0.48,0.96,1.09,0.56,0.96,0.94,0.92,1.03,0.99,0.54,1.07,Brice Turang,668930,SI,345,77,0.43,-0.84
0.97,0.4,1.21,0.87,0.99,1.0,0.92,0.87,1.03,0.99,0.63,1.36,Brice Turang,668930,SL,279,60,0.57,-0.84
1.05,2.08,1.48,1.24,0.88,1.8,0.81,1.34,1.06,0.99,0.36,2.63,Brice Turang,668930,ST,113,17,2.02,-0.84
1.52,2.67,0.77,1.43,0.88,1.59,0.78,1.17,1.31,1.06,1.3,0.75,Brice Turang,668930,FO,2,1,2.12,-0.84
1.15,1.05,1.0,1.01,0.93,1.97,0.98,1.01,1.2,1.02,0.98,1.09,Brice Turang,668930,SV,7,1,1.33,-0.84
0.66,0.6,0.93,0.99,0.67,1.89,1.0,0.9,1.01,0.99,1.22,0.76,Justin Turner,457759,CH,136,38,1.03,-0.96
0.93,0.76,0.82,1.15,0.7,2.4,1.13,0.98,1.06,1.0,1.3,1.01,Justin Turner,457759,CU,88,15,1.17,-0.96
0.77,0.9,0.6,0.73,0.83,0.88,0.94,0.89,0.99,0.98,1.34,0.43,Justin Turner,457759,FF,911,100,1.0,-0.96
1.05,1.22,0.76,1.12,0.67,2.15,0.91,1.03,1.1,1.02,2.29,0.57,Justin Turner,457759,FS,28,3,1.82,-0.96
0.88,0.84,0.87,1.01,0.77,2.06,1.05,0.98,1.13,1.02,1.23,1.17,Justin Turner,457759,KC,32,8,1.21,-0.96
1.01,0.36,0.95,1.12,0.9,2.07,1.04,0.78,0.99,1.0,2.1,0.81,Justin Turner,457759,SI,470,96,0.94,-0.96
0.9,0.31,0.67,1.13,0.64,1.85,1.04,0.98,1.0,1.02,1.24,1.17,Justin Turner,457759,SL,323,50,0.73,-0.96
1.15,0.66,1.0,1.42,0.76,2.16,1.03,0.94,1.05,1.02,0.99,1.08,Justin Turner,457759,ST,138,27,0.81,-0.96
1.12,0.58,1.07,0.65,0.94,0.94,1.01,0.89,1.05,1.03,0.62,1.4,Trea Turner,607208,CH,211,30,0.71,-0.73
0.82,0.83,1.1,1.0,1.01,1.43,1.22,0.85,1.06,0.98,0.98,0.98,Trea Turner,607208,CU,144,23,0.8,-0.73
1.08,0.81,0.9,1.07,0.8,0.93,1.08,0.96,1.02,1.02,0.96,1.09,Trea Turner,607208,FF,562,122,0.7,-0.73
0.99,1.31,0.89,0.98,0.88,2.36,0.97,0.96,1.07,1.01,1.46,0.79,Trea Turner,607208,FS,48,9,1.68,-0.73
0.92,0.8,0.95,0.83,0.97,2.66,1.09,0.93,1.12,0.99,1.51,0.86,Trea Turner,607208,KC,22,4,1.55,-0.73
1.14,0.97,0.99,0.93,1.02,1.14,1.15,1.01,1.05,1.02,1.1,1.22,Trea Turner,607208,SI,304,81,1.03,-0.73
0.97,1.1,1.25,0.85,1.03,1.11,0.97,1.02,1.03,1.0,0.62,1.12,Trea Turner,607208,SL,414,76,1.2,-0.73
0.85,0.06,1.38,1.22,1.28,1.81,1.17,1.05,1.05,0.96,0.49,1.82,Trea Turner,607208,ST,161,22,0.54,-0.73
1.11,0.96,1.07,0.92,0.98,2.27,1.02,0.98,1.2,1.02,0.94,1.07,Trea Turner,607208,SV,5,2,1.39,-0.73
1.52,2.67,0.7,1.43,0.96,1.53,0.77,1.16,1.32,1.06,1.58,0.61,Trea Turner,607208,FO,5,1,2.16,-0.73
1.21,1.56,1.25,0.95,1.16,2.92,0.95,1.01,1.2,1.0,0.78,0.96,Trea Turner,607208,KN,10,2,1.98,-0.73
1.17,1.07,0.99,1.21,0.68,2.7,1.0,0.92,1.03,0.95,1.1,1.17,Luis Urias,649966,CH,44,5,1.33,-0.85
0.95,0.77,0.97,1.11,0.66,2.08,1.05,0.96,1.04,0.98,1.51,0.88,Luis Urias,649966,CU,20,4,1.23,-0.85
0.68,0.42,1.27,0.58,0.61,1.51,0.89,0.79,1.0,0.96,0.91,1.25,Luis Urias,649966,FF,151,21,0.96,-0.85
1.12,1.15,0.77,1.07,0.7,1.88,0.89,1.0,1.09,1.0,1.74,0.65,Luis Urias,649966,FS,4,1,1.53,-0.85
0.79,0.61,0.98,0.6,1.03,1.02,0.89,0.81,1.0,0.97,1.91,1.09,Luis Urias,649966,SI,80,13,1.13,-0.85
0.75,0.99,0.62,1.37,0.62,0.97,0.87,0.92,1.0,1.01,1.62,0.55,Luis Urias,649966,SL,78,10,0.81,-0.85
0.96,0.56,0.75,1.34,0.63,2.38,0.97,0.89,1.05,1.04,1.11,0.69,Luis Urias,649966,ST,37,2,0.83,-0.85
1.04,1.11,0.91,0.94,0.84,2.5,1.02,0.96,1.12,0.99,1.55,0.78,Luis Urias,649966,KC,34,1,1.66,-0.85
1.23,1.05,0.91,1.01,0.93,1.97,1.0,1.05,1.21,1.02,1.07,1.09,Luis Urias,649966,SV,4,1,1.37,-0.85
0.67,0.46,1.29,1.14,1.11,2.65,1.06,0.93,1.03,0.95,0.37,1.17,Ramon Urias,602104,CH,71,12,0.94,-0.72
1.06,1.06,1.02,1.28,0.82,2.17,1.09,0.96,1.08,1.0,1.04,1.14,Ramon Urias,602104,CU,53,11,1.13,-0.72
1.01,1.03,1.18,0.84,1.28,1.12,1.03,0.93,1.0,1.0,0.77,1.4,Ramon Urias,602104,FF,354,58,1.01,-0.72
0.97,1.19,0.86,0.95,0.73,1.99,0.88,0.95,1.08,1.0,1.82,0.73,Ramon Urias,602104,FS,18,1,1.65,-0.72
0.94,1.0,0.9,0.84,0.72,1.62,1.02,0.95,1.13,1.0,1.87,0.91,Ramon Urias,602104,KC,16,4,1.46,-0.72
1.01,0.94,0.93,1.24,1.01,1.26,1.14,0.96,1.01,1.01,1.53,1.83,Ramon Urias,602104,SI,230,52,0.84,-0.72
0.6,0.5,1.07,0.96,1.12,0.77,0.99,0.9,1.03,1.01,0.88,1.18,Ramon Urias,602104,SL,192,37,0.56,-0.72
1.16,1.49,1.24,0.7,0.81,1.87,0.97,1.11,1.06,1.02,0.83,1.18,Ramon Urias,602104,ST,132,24,1.9,-0.72
1.19,1.01,0.88,1.14,0.98,1.98,0.99,1.02,1.21,1.02,1.19,1.02,Ramon Urias,602104,SV,15,2,1.27,-0.72
1.06,0.6,0.92,1.28,0.76,2.51,0.98,1.09,1.05,1.0,0.95,0.96,Gio Urshela,570482,CH,169,41,1.18,-0.43
0.91,0.69,1.01,1.16,0.77,2.35,1.16,0.9,1.06,0.99,1.15,1.06,Gio Urshela,570482,CU,61,20,1.0,-0.43
0.81,0.44,1.46,1.09,1.26,1.03,1.13,0.86,0.97,0.99,0.59,1.84,Gio Urshela,570482,FF,536,107,0.39,-0.43
1.11,1.26,0.75,1.04,0.84,2.56,0.94,1.01,1.1,1.01,2.28,0.55,Gio Urshela,570482,FS,35,5,1.98,-0.43
0.99,0.94,0.74,1.13,0.78,2.3,1.13,0.96,1.12,1.0,2.06,0.58,Gio Urshela,570482,KC,26,6,1.45,-0.43
0.71,0.52,1.13,0.69,1.39,1.08,1.2,0.79,0.99,0.95,1.15,0.9,Gio Urshela,570482,SI,301,74,0.73,-0.43
0.84,0.62,0.88,1.46,0.96,2.63,1.15,1.04,1.0,0.99,0.92,1.26,Gio Urshela,570482,SL,276,51,0.93,-0.43
0.91,0.75,1.29,1.02,0.9,1.8,1.12,0.99,1.05,1.01,0.53,1.95,Gio Urshela,570482,ST,138,33,0.92,-0.43
1.16,1.04,0.99,1.04,0.95,2.08,1.0,1.01,1.2,1.01,1.04,1.09,Gio Urshela,570482,SV,12,2,1.35,-0.43
1.52,2.67,0.7,1.43,0.89,1.53,0.77,1.17,1.32,1.06,1.54,0.61,Gio Urshela,570482,FO,2,1,2.16,-0.43
1.27,0.73,0.9,1.08,0.84,1.57,1.0,1.0,1.05,1.04,0.97,0.69,Enmanuel Valdez,665839,CH,125,33,0.97,-0.15
1.14,0.93,1.02,1.04,0.79,2.35,1.07,0.98,1.07,1.02,1.12,1.05,Enmanuel Valdez,665839,CU,73,7,1.34,-0.15
0.95,1.46,0.51,1.1,0.97,2.39,0.95,1.09,1.02,0.99,1.31,0.64,Enmanuel Valdez,665839,FF,305,50,1.72,-0.15
1.03,1.12,0.77,0.93,0.8,2.19,0.9,0.98,1.1,1.01,1.92,0.7,Enmanuel Valdez,665839,FS,50,11,1.72,-0.15
1.0,1.17,0.81,1.08,0.73,1.81,1.01,0.99,1.13,1.0,2.05,0.74,Enmanuel Valdez,665839,KC,28,3,1.55,-0.15
1.25,1.62,1.18,0.99,1.2,2.78,0.95,1.02,1.23,1.03,1.22,0.89,Enmanuel Valdez,665839,KN,5,1,2.07,-0.15
0.85,0.74,0.97,1.03,1.46,2.85,0.94,0.9,1.01,0.97,1.25,0.99,Enmanuel Valdez,665839,SI,97,15,1.39,-0.15
1.19,0.79,0.91,1.11,0.79,2.64,0.95,1.0,1.04,1.02,1.06,0.97,Enmanuel Valdez,665839,SL,104,9,1.34,-0.15
1.16,1.09,1.13,1.07,0.82,2.16,1.02,1.02,1.08,1.02,0.85,1.28,Enmanuel Valdez,665839,ST,58,10,1.35,-0.15
0.98,0.79,0.99,0.92,0.78,1.82,0.97,0.95,1.05,1.0,1.03,1.09,Ildemaro Vargas,545121,CH,136,44,1.15,0.0
1.04,0.88,1.04,1.01,0.85,2.41,1.11,0.97,1.07,1.01,0.96,1.25,Ildemaro Vargas,545121,CU,76,10,1.26,0.0
0.9,0.28,1.69,0.76,0.65,2.77,1.03,0.7,1.0,0.96,0.61,1.48,Ildemaro Vargas,545121,FF,318,83,1.0,0.0
0.98,1.55,0.82,0.93,0.76,1.96,0.92,1.06,1.09,1.0,1.88,0.55,Ildemaro Vargas,545121,FS,34,11,2.0,0.0
0.97,1.04,0.93,1.02,0.65,1.91,1.05,0.92,1.12,0.99,1.56,0.85,Ildemaro Vargas,545121,KC,18,3,1.33,0.0
0.91,0.85,0.95,1.03,1.31,2.59,0.99,0.88,1.02,0.98,1.28,1.15,Ildemaro Vargas,545121,SI,195,48,1.3,0.0
0.88,0.65,1.2,0.69,0.78,2.49,0.99,0.89,1.02,1.0,0.54,1.5,Ildemaro Vargas,545121,SL,119,24,1.23,0.0
1.29,0.82,0.93,1.24,0.87,2.41,0.99,1.09,1.08,1.03,0.9,1.25,Ildemaro Vargas,545121,ST,64,7,1.23,0.0
0.59,0.11,0.94,0.84,0.55,1.2,1.01,0.73,1.0,0.95,1.78,0.49,Miguel Vargas,678246,CH,69,14,0.62,-0.26
0.49,0.31,0.76,0.82,0.69,2.1,1.04,0.61,1.08,0.97,2.16,0.39,Miguel Vargas,678246,CU,38,2,0.9,-0.26
0.95,0.88,0.47,0.86,1.04,0.8,0.98,0.78,1.03,1.01,1.58,0.44,Miguel Vargas,678246,FF,375,52,0.73,-0.26
1.0,1.28,0.91,1.1,0.73,1.88,1.02,1.04,1.13,0.99,1.72,0.77,Miguel Vargas,678246,KC,19,6,1.62,-0.26
1.48,1.84,0.7,1.36,0.89,0.84,1.06,1.19,1.03,1.04,2.49,0.75,Miguel Vargas,678246,SI,171,38,1.74,-0.26
0.89,0.86,0.68,1.28,0.77,1.19,0.86,0.95,1.03,1.0,1.5,0.69,Miguel Vargas,678246,SL,148,18,0.88,-0.26
0.68,0.45,0.85,0.9,0.7,0.78,0.95,0.72,1.0,1.02,1.25,1.16,Miguel Vargas,678246,ST,91,12,0.38,-0.26
1.39,1.26,0.71,1.32,0.71,2.13,0.94,1.08,1.1,1.02,2.24,0.61,Miguel Vargas,678246,FS,21,2,1.71,-0.26
1.19,1.01,0.88,1.14,0.91,1.9,0.99,1.02,1.21,1.03,1.17,0.88,Miguel Vargas,678246,SV,10,2,1.25,-0.26
1.4,2.57,0.96,1.03,0.97,1.81,1.04,1.49,1.06,1.04,1.14,0.77,Daulton Varsho,662139,CH,247,43,2.74,-1.37
1.19,1.15,0.9,0.94,0.72,2.19,1.06,0.97,1.08,1.02,1.22,0.94,Daulton Varsho,662139,CU,95,16,1.46,-1.37
1.2,1.89,0.65,0.84,1.52,1.06,1.11,1.21,1.05,1.0,1.39,0.7,Daulton Varsho,662139,FF,707,89,1.85,-1.37
1.05,1.0,0.88,0.94,0.73,2.09,0.92,0.93,1.09,1.0,1.82,0.8,Daulton Varsho,662139,FS,69,16,1.54,-1.37
1.01,1.54,0.82,0.95,0.74,1.95,1.02,1.05,1.14,1.0,1.9,0.68,Daulton Varsho,662139,KC,29,4,1.91,-1.37
1.25,1.62,1.07,0.99,1.16,2.89,0.93,1.0,1.23,1.02,1.39,0.83,Daulton Varsho,662139,KN,5,1,2.1,-1.37
0.98,0.92,0.58,0.99,1.49,2.13,1.06,0.86,1.03,0.99,4.38,0.42,Daulton Varsho,662139,SI,246,55,2.03,-1.37
1.09,1.07,0.8,0.9,0.85,2.18,1.05,0.96,1.03,0.98,1.74,0.55,Daulton Varsho,662139,SL,273,33,1.59,-1.37
1.13,0.75,1.23,1.02,0.94,2.43,1.07,0.88,1.07,1.0,0.89,1.36,Daulton Varsho,662139,ST,108,15,1.12,-1.37
1.14,1.02,0.94,1.02,0.93,1.94,1.02,1.01,1.21,1.01,1.17,1.02,Daulton Varsho,662139,SV,8,4,1.33,-1.37
1.37,1.97,0.83,1.01,0.81,1.69,0.88,1.17,1.05,1.05,1.29,0.58,Andrew Vaughn,683734,CH,209,43,2.06,-0.58
1.03,1.2,1.01,1.1,0.78,2.08,0.95,1.04,1.08,1.01,1.15,1.03,Andrew Vaughn,683734,CU,151,28,1.5,-0.58
1.23,1.39,0.89,0.89,0.72,1.48,1.06,1.11,1.03,1.04,0.93,0.98,Andrew Vaughn,683734,FF,695,127,1.49,-0.58
0.97,0.92,0.97,0.91,0.72,2.6,1.0,0.93,1.09,1.02,1.23,0.82,Andrew Vaughn,683734,FS,83,14,1.5,-0.58
1.06,1.37,0.89,1.11,0.75,1.77,1.02,1.03,1.13,1.01,1.49,0.82,Andrew Vaughn,683734,KC,41,3,1.52,-0.58
1.07,1.41,1.12,0.83,1.38,1.28,1.05,0.99,1.03,1.02,1.28,1.07,Andrew Vaughn,683734,SI,326,79,1.5,-0.58
1.36,2.32,0.71,1.55,1.0,0.84,0.9,1.35,1.05,1.07,1.1,0.95,Andrew Vaughn,683734,SL,417,76,1.73,-0.58
0.87,0.5,0.78,1.31,1.06,2.07,0.97,0.84,1.05,0.99,1.14,0.83,Andrew Vaughn,683734,ST,239,33,0.66,-0.58
1.18,1.01,0.92,1.06,0.89,1.99,1.02,1.05,1.2,1.02,1.1,1.01,Andrew Vaughn,683734,SV,17,5,1.34,-0.58
1.52,2.67,0.77,1.43,0.88,1.53,0.78,1.17,1.32,1.06,1.4,0.75,Andrew Vaughn,683734,FO,2,1,2.13,-0.58
0.94,0.83,0.76,1.21,0.79,1.96,0.92,0.88,1.02,1.0,1.68,0.48,Christian Vazquez,543877,CH,79,21,1.13,-0.39
1.0,1.24,1.04,1.08,0.81,2.17,1.08,0.94,1.07,1.01,1.04,1.15,Christian Vazquez,543877,CU,75,13,1.34,-0.39
0.63,0.23,1.12,0.7,0.81,1.25,1.01,0.65,0.98,0.96,0.97,1.23,Christian Vazquez,543877,FF,379,77,0.43,-0.39
1.12,1.08,0.76,1.09,0.73,1.97,0.93,0.99,1.09,1.01,2.36,0.65,Christian Vazquez,543877,FS,27,6,1.66,-0.39
0.96,1.1,0.88,0.97,0.76,1.94,1.02,0.97,1.13,1.0,1.7,0.76,Christian Vazquez,543877,KC,22,2,1.52,-0.39
0.55,0.58,0.68,0.91,1.1,3.09,0.93,0.83,0.98,0.93,3.59,0.34,Christian Vazquez,543877,SI,174,35,2.04,-0.39
1.05,1.12,0.92,1.22,0.66,1.6,0.91,0.96,0.99,1.01,0.84,0.92,Christian Vazquez,543877,SL,199,46,1.03,-0.39
1.12,0.79,1.24,0.91,0.85,2.3,1.02,0.87,1.06,1.01,0.93,1.3,Christian Vazquez,543877,ST,74,11,1.2,-0.39
1.23,1.5,0.91,1.01,0.92,2.05,1.0,1.1,1.21,1.03,1.12,0.89,Christian Vazquez,543877,SV,7,1,1.73,-0.39
1.01,1.01,1.01,0.95,0.87,2.2,1.15,0.97,1.06,1.01,1.06,1.07,Luis Vazquez,676679,CU,6,1,1.33,-0.92
0.92,0.97,1.46,0.83,1.21,4.46,0.95,0.92,1.0,0.98,0.64,1.41,Luis Vazquez,676679,FF,16,1,2.1,-0.92
0.9,0.93,0.97,0.94,1.87,3.34,1.02,0.94,1.02,0.96,1.82,0.84,Luis Vazquez,676679,SI,4,2,1.9,-0.92
0.98,0.85,1.1,0.97,0.79,2.16,1.04,0.95,1.04,1.01,0.74,1.05,Luis Vazquez,676679,SL,6,1,1.18,-0.92
1.25,1.23,0.81,1.01,0.81,2.18,0.96,1.04,1.04,1.02,1.53,0.66,Luis Vazquez,676679,CH,9,1,1.67,-0.92
1.24,1.78,1.05,1.04,0.8,2.0,1.05,1.26,1.07,1.04,0.78,1.05,Luis Vazquez,676679,ST,10,4,1.97,-0.92
1.17,1.58,0.78,0.87,0.78,1.83,0.98,1.1,1.04,1.04,1.69,0.49,Zac Veen,691728,CH,10,5,1.97,-0.67
0.89,0.66,1.44,0.93,1.77,4.88,1.04,0.86,1.0,0.98,0.7,1.56,Zac Veen,691728,FF,62,5,1.89,-0.67
1.2,1.31,0.81,1.04,0.8,2.04,0.94,1.04,1.09,1.02,1.95,0.65,Zac Veen,691728,FS,7,1,1.79,-0.67
0.85,1.01,0.85,1.03,2.01,3.09,1.09,0.93,1.02,0.98,2.01,0.59,Zac Veen,691728,SI,27,5,1.81,-0.67
1.11,0.96,1.2,1.07,0.82,2.34,1.05,1.01,1.06,1.03,0.79,1.69,Zac Veen,691728,ST,14,3,1.28,-0.67
1.22,0.46,1.07,1.56,0.69,1.79,0.97,1.04,1.03,1.02,0.41,1.87,Alex Verdugo,657077,CH,231,56,0.43,-1.24
1.14,1.53,1.13,0.89,0.75,1.9,1.01,1.11,1.07,1.02,0.93,1.15,Alex Verdugo,657077,CU,130,22,1.78,-1.24
0.78,0.2,1.15,0.99,0.5,0.71,0.76,0.73,1.01,0.99,0.82,0.89,Alex Verdugo,657077,FF,755,129,0.27,-1.24
0.89,1.33,0.91,1.01,0.74,2.03,0.93,1.01,1.09,1.01,1.51,0.67,Alex Verdugo,657077,FS,118,29,1.7,-1.24
1.05,0.89,1.06,0.74,0.69,1.89,1.05,0.85,1.12,0.99,1.38,0.79,Alex Verdugo,657077,KC,26,7,1.32,-1.24
1.12,0.49,0.95,1.03,0.38,0.73,0.84,1.01,1.01,1.02,0.23,1.63,Alex Verdugo,657077,SI,402,94,0.41,-1.24
0.96,0.77,1.12,0.86,0.64,1.87,0.89,0.82,1.01,1.0,0.88,1.27,Alex Verdugo,657077,SL,299,64,1.03,-1.24
1.11,0.85,1.29,0.96,0.72,1.91,0.98,0.91,1.06,1.03,0.82,1.72,Alex Verdugo,657077,ST,130,21,1.09,-1.24
1.21,1.05,0.91,1.17,0.93,1.99,1.0,1.07,1.22,1.03,1.09,1.02,Alex Verdugo,657077,SV,7,1,1.31,-1.24
1.16,0.88,0.97,1.18,1.36,3.9,1.04,1.14,1.06,1.02,0.89,1.31,Mark Vientos,668901,CH,187,23,1.82,-0.64
1.22,1.3,0.88,1.11,0.94,2.31,1.08,1.09,1.07,1.01,1.08,1.03,Mark Vientos,668901,CU,115,18,1.56,-0.64
1.23,1.39,0.67,0.98,1.11,1.0,1.17,1.11,1.03,1.03,1.21,0.66,Mark Vientos,668901,FF,388,65,1.28,-0.64
1.09,1.37,0.77,1.1,0.97,2.64,0.95,1.04,1.1,1.02,2.21,0.57,Mark Vientos,668901,FS,28,5,2.04,-0.64
0.98,1.05,0.92,0.88,0.8,2.04,1.02,0.95,1.14,1.0,1.45,0.9,Mark Vientos,668901,KC,22,2,1.48,-0.64
1.3,1.56,1.25,0.95,1.11,2.8,0.97,0.98,1.23,1.02,1.34,0.89,Mark Vientos,668901,KN,5,2,2.06,-0.64
1.14,1.08,0.99,0.85,1.18,1.18,1.05,0.96,1.03,1.01,0.53,1.03,Mark Vientos,668901,SI,293,66,0.98,-0.64
1.24,1.86,1.01,1.05,1.12,0.91,0.97,1.1,1.05,1.05,0.92,1.15,Mark Vientos,668901,SL,396,48,1.5,-0.64
1.34,0.81,0.94,1.37,0.98,2.48,1.13,1.08,1.08,1.04,0.86,1.09,Mark Vientos,668901,ST,163,19,1.1,-0.64
1.23,1.05,0.91,1.01,0.91,2.14,1.01,1.01,1.21,1.02,1.16,0.89,Mark Vientos,668901,SV,7,1,1.41,-0.64
1.11,0.79,0.89,0.93,0.87,2.04,0.97,0.9,1.04,1.01,1.43,1.04,Matt Vierling,663837,CH,193,35,1.23,-1.1
1.06,0.82,0.91,1.09,0.64,1.73,1.0,1.02,1.07,1.02,1.21,1.02,Matt Vierling,663837,CU,107,27,1.14,-1.1
1.29,1.72,0.68,1.1,0.74,2.15,1.01,1.26,1.01,1.05,1.07,0.85,Matt Vierling,663837,FF,815,107,1.94,-1.1
1.02,1.26,0.77,1.0,0.77,2.02,0.9,1.0,1.09,1.02,2.18,0.54,Matt Vierling,663837,FS,31,5,1.82,-1.1
1.02,0.84,0.79,0.86,0.76,1.83,1.05,0.9,1.13,1.0,1.48,0.79,Matt Vierling,663837,KC,34,8,1.21,-1.1
0.96,0.9,0.94,1.03,1.21,2.4,0.92,0.92,1.02,1.0,1.58,1.18,Matt Vierling,663837,SI,407,88,1.43,-1.1
1.06,1.33,0.98,1.08,0.83,2.03,0.94,1.09,1.03,1.02,0.97,1.16,Matt Vierling,663837,SL,316,59,1.56,-1.1
0.96,0.76,1.0,1.01,0.9,1.84,0.96,0.93,1.06,1.0,0.96,0.91,Matt Vierling,663837,ST,196,32,1.06,-1.1
1.07,0.99,1.03,0.94,0.93,2.0,0.98,1.01,1.18,1.01,0.92,1.03,Matt Vierling,663837,SV,15,3,1.36,-1.1
1.28,1.54,0.82,0.97,0.79,1.99,0.96,1.09,1.06,1.04,1.52,0.74,Ryan Vilade,668723,CH,17,3,1.86,-1.21
0.98,0.98,1.07,0.92,0.83,2.14,1.13,0.95,1.07,0.99,0.89,1.15,Ryan Vilade,668723,CU,9,2,1.26,-1.21
0.94,0.84,1.36,1.02,1.2,3.75,0.99,0.95,1.02,0.98,0.7,1.51,Ryan Vilade,668723,FF,69,4,1.69,-1.21
1.03,1.1,0.9,0.93,0.77,1.97,1.06,0.96,1.14,1.01,1.68,0.75,Ryan Vilade,668723,KC,6,2,1.52,-1.21
1.0,1.06,0.82,1.06,1.72,3.28,1.04,0.97,1.04,1.0,2.47,0.71,Ryan Vilade,668723,SI,33,11,2.06,-1.21
1.05,1.06,1.13,0.96,0.73,2.48,0.99,0.98,1.04,1.01,0.92,1.18,Ryan Vilade,668723,SL,26,8,1.5,-1.21
1.15,0.99,1.36,0.95,0.9,2.51,1.03,1.01,1.07,1.01,0.57,1.81,Ryan Vilade,668723,ST,19,2,1.41,-1.21
1.14,1.11,0.87,1.05,0.87,1.93,0.91,1.01,1.07,1.01,1.51,0.88,David Villar,681584,CH,18,2,1.49,0.36
0.87,0.76,1.44,0.91,1.19,3.46,0.98,0.89,1.01,0.97,0.71,1.61,David Villar,681584,FF,38,10,1.58,0.36
0.98,1.57,0.7,1.24,1.78,3.16,1.0,1.14,1.03,1.0,2.91,0.49,David Villar,681584,SI,23,5,2.53,0.36
1.02,1.1,1.08,1.05,0.83,2.37,0.95,1.01,1.04,1.0,0.85,1.2,David Villar,681584,SL,26,4,1.45,0.36
1.25,1.02,1.16,0.98,0.83,2.16,1.02,1.03,1.09,1.03,0.75,1.6,David Villar,681584,ST,8,2,1.33,0.36
1.04,1.31,0.81,1.04,0.75,1.96,0.91,1.03,1.09,1.01,1.77,0.65,David Villar,681584,FS,1,1,1.72,0.36
0.97,1.11,0.91,0.94,0.75,1.81,1.05,0.97,1.13,1.0,1.7,0.78,David Villar,681584,KC,2,1,1.49,0.36
1.14,0.93,0.7,1.24,0.84,1.71,0.99,1.05,1.04,1.02,1.93,0.77,Jorbit Vivas,678391,CH,29,8,1.3,-0.09
1.05,0.98,0.98,1.07,0.81,2.22,1.15,1.01,1.07,1.0,1.13,1.07,Jorbit Vivas,678391,CU,11,2,1.3,-0.09
0.79,0.99,1.01,0.98,1.06,2.58,0.98,0.9,1.01,0.96,0.99,1.6,Jorbit Vivas,678391,FF,108,17,1.33,-0.09
1.2,1.31,0.81,1.04,0.73,1.88,0.87,1.03,1.11,1.02,2.09,0.65,Jorbit Vivas,678391,FS,12,1,1.8,-0.09
1.02,0.97,0.9,0.84,1.71,2.83,1.04,0.94,1.02,0.98,2.39,0.68,Jorbit Vivas,678391,SI,20,6,1.98,-0.09
1.2,0.83,1.1,0.97,0.82,2.5,0.99,0.91,1.03,1.01,0.91,1.19,Jorbit Vivas,678391,SL,40,6,1.27,-0.09
1.15,0.99,1.24,1.11,0.85,2.05,1.04,1.06,1.07,1.01,0.75,1.35,Jorbit Vivas,678391,ST,11,2,1.29,-0.09
0.93,0.09,1.09,0.41,0.76,0.93,1.0,0.74,1.01,0.98,1.18,1.18,Anthony Volpe,683011,CH,190,40,0.61,-0.53
1.16,0.82,0.94,0.74,0.86,2.26,1.07,0.97,1.07,1.02,1.1,1.12,Anthony Volpe,683011,CU,186,23,1.39,-0.53
1.27,1.18,1.13,0.99,1.34,0.85,0.95,1.02,1.03,1.02,0.81,1.11,Anthony Volpe,683011,FF,826,112,1.08,-0.53
1.01,0.98,0.92,1.07,0.71,2.0,0.9,0.93,1.08,1.01,1.87,0.81,Anthony Volpe,683011,FS,57,10,1.46,-0.53
1.0,0.93,0.8,0.9,0.77,1.94,1.05,0.97,1.13,1.0,1.59,0.75,Anthony Volpe,683011,KC,22,4,1.4,-0.53
1.0,1.09,0.97,1.12,1.44,1.07,0.91,1.11,1.03,0.99,0.96,0.86,Anthony Volpe,683011,SI,518,106,1.19,-0.53
0.86,1.11,1.31,0.84,0.71,0.91,0.99,0.88,1.02,0.98,0.54,1.0,Anthony Volpe,683011,SL,456,83,0.96,-0.53
1.03,1.09,1.19,1.2,0.76,2.17,0.92,1.04,1.04,1.0,0.75,1.25,Anthony Volpe,683011,ST,270,52,1.34,-0.53
1.08,0.96,0.87,1.07,0.91,1.86,1.01,0.97,1.2,1.02,1.31,0.86,Anthony Volpe,683011,SV,15,6,1.22,-0.53
1.19,1.45,0.79,1.17,1.01,2.06,0.89,0.99,1.05,1.02,1.54,0.69,LaMonte Wade,664774,CH,263,43,1.61,-0.98
1.0,0.73,0.95,1.13,0.88,1.8,0.96,0.88,1.06,1.02,1.14,0.91,LaMonte Wade,664774,CU,98,16,0.92,-0.98
0.78,0.53,0.54,1.19,0.96,0.66,0.87,0.81,1.01,0.99,1.38,0.59,LaMonte Wade,664774,FF,634,78,0.34,-0.98
1.09,1.31,0.81,0.88,0.76,1.71,0.87,1.03,1.08,1.03,1.5,1.11,LaMonte Wade,664774,FS,78,16,1.63,-0.98
0.9,1.01,0.76,1.0,0.73,1.97,1.01,1.02,1.12,1.0,1.81,0.75,LaMonte Wade,664774,KC,27,3,1.53,-0.98
0.82,0.88,0.64,1.18,1.15,1.83,0.92,0.87,1.02,0.99,3.08,0.46,LaMonte Wade,664774,SI,139,25,1.5,-0.98
1.16,0.82,0.67,1.16,0.93,2.3,0.92,1.13,1.04,1.03,1.08,1.1,LaMonte Wade,664774,SL,168,27,1.32,-0.98
1.17,1.22,1.11,1.13,0.68,1.85,1.01,1.04,1.08,1.04,0.77,1.67,LaMonte Wade,664774,ST,65,17,1.25,-0.98
1.15,1.05,0.91,1.01,0.93,1.97,0.97,1.05,1.21,1.02,1.06,1.09,LaMonte Wade,664774,SV,9,1,1.38,-0.98
0.9,0.84,1.12,0.97,0.83,2.11,0.85,0.97,1.03,0.98,0.55,1.3,Tyler Wade,642180,CH,72,19,1.2,0.42
0.93,1.0,1.01,1.02,0.88,1.93,1.12,0.99,1.07,1.01,1.15,1.02,Tyler Wade,642180,CU,42,6,1.27,0.42
0.51,0.02,1.65,0.96,0.71,1.55,0.93,0.66,0.93,0.9,0.67,1.46,Tyler Wade,642180,FF,204,26,0.37,0.42
1.03,1.22,0.84,0.99,0.76,1.89,0.9,1.01,1.1,1.02,1.88,0.75,Tyler Wade,642180,FS,17,3,1.69,0.42
0.97,1.05,0.85,1.01,0.74,1.83,1.06,0.96,1.12,1.0,1.66,0.82,Tyler Wade,642180,KC,6,1,1.37,0.42
0.77,0.95,0.98,0.91,1.6,2.64,0.9,0.93,1.0,0.96,1.56,0.82,Tyler Wade,642180,SI,86,15,1.69,0.42
0.75,0.69,1.08,0.98,1.08,3.08,0.98,0.89,1.0,0.96,0.89,1.14,Tyler Wade,642180,SL,75,17,1.36,0.42
1.14,0.93,1.15,1.08,0.88,2.35,0.98,1.02,1.07,1.03,0.75,1.44,Tyler Wade,642180,ST,22,6,1.3,0.42
0.83,0.14,1.37,0.68,0.75,0.96,0.93,0.67,1.06,0.95,0.74,3.47,Eric Wagaman,676572,CH,22,5,0.14,-0.73
1.06,0.76,0.89,1.23,0.94,2.25,1.08,1.06,1.09,1.03,0.86,1.23,Eric Wagaman,676572,CU,18,4,1.07,-0.73
1.02,1.02,1.07,1.04,0.98,1.42,0.97,1.07,1.05,1.02,0.76,1.05,Eric Wagaman,676572,FF,93,15,1.18,-0.73
0.94,0.91,0.9,0.86,0.77,2.16,0.9,0.96,1.1,0.99,1.16,0.61,Eric Wagaman,676572,FS,7,1,1.46,-0.73
1.25,1.01,1.02,0.82,0.69,1.22,0.93,1.09,1.05,1.04,1.33,0.78,Eric Wagaman,676572,SI,24,5,1.47,-0.73
1.01,0.54,1.05,1.16,1.14,1.07,0.95,1.01,1.05,1.02,0.63,1.01,Eric Wagaman,676572,SL,59,16,0.64,-0.73
0.94,1.14,1.07,1.58,0.93,2.36,0.93,0.95,1.09,0.99,0.92,1.89,Eric Wagaman,676572,ST,21,4,1.0,-0.73
1.04,1.49,0.85,1.17,0.83,2.06,1.04,1.07,1.13,1.01,1.68,0.79,Eric Wagaman,676572,KC,27,3,1.73,-0.73
1.23,1.05,0.91,1.01,0.96,2.05,1.0,1.06,1.21,1.02,1.06,1.09,Eric Wagaman,676572,SV,8,1,1.4,-0.73
1.08,0.98,0.83,1.37,0.82,1.66,1.03,1.07,1.06,1.03,1.3,0.97,Will Wagner,695238,CH,27,8,1.08,1.05
1.17,0.86,0.78,1.35,0.82,1.96,1.11,1.16,1.08,1.03,1.15,1.15,Will Wagner,695238,CU,27,2,1.13,1.05
0.92,0.44,1.33,1.24,0.88,4.17,1.02,0.96,1.0,0.95,0.57,2.12,Will Wagner,695238,FF,144,23,1.36,1.05
1.0,1.2,0.99,0.93,0.78,2.12,0.94,0.99,1.09,0.99,1.23,0.91,Will Wagner,695238,FS,15,5,1.59,1.05
1.16,1.2,0.8,1.02,1.73,3.66,1.04,1.06,1.03,1.02,1.98,0.92,Will Wagner,695238,SI,58,10,2.21,1.05
1.1,0.55,1.13,0.67,0.76,2.07,1.05,0.85,1.02,0.99,0.81,1.47,Will Wagner,695238,SL,38,3,1.03,1.05
1.24,0.95,1.19,1.01,0.81,2.13,1.01,1.04,1.09,1.03,0.71,1.75,Will Wagner,695238,ST,22,4,1.27,1.05
0.97,1.11,0.91,0.94,0.76,1.96,1.06,0.96,1.13,1.0,1.62,0.78,Will Wagner,695238,KC,8,1,1.5,1.05
1.52,1.78,0.79,1.17,0.95,0.81,1.11,0.98,1.07,1.03,1.86,0.66,Christian Walker,572233,CH,228,48,1.36,-0.39
1.16,0.73,0.92,0.6,1.27,2.95,1.08,0.75,1.06,1.0,1.55,0.87,Christian Walker,572233,CU,128,16,1.5,-0.39
1.21,1.65,0.74,0.98,1.32,0.82,1.11,1.16,1.05,1.03,1.19,0.77,Christian Walker,572233,FF,773,83,1.46,-0.39
1.25,1.91,0.71,1.34,0.81,2.07,0.93,1.09,1.1,1.02,2.36,0.62,Christian Walker,572233,FS,42,6,2.08,-0.39
1.0,1.01,0.87,0.88,0.77,1.8,0.97,0.92,1.13,1.0,1.73,0.71,Christian Walker,572233,KC,38,6,1.45,-0.39
1.25,1.62,1.18,0.99,1.23,3.01,0.95,1.02,1.23,1.03,1.21,0.89,Christian Walker,572233,KN,14,1,2.13,-0.39
1.18,1.51,0.87,1.04,0.99,0.93,1.11,1.16,1.06,1.03,1.32,1.06,Christian Walker,572233,SI,360,77,1.44,-0.39
1.13,1.57,0.84,1.1,1.09,0.99,0.99,1.18,1.06,1.04,1.23,1.0,Christian Walker,572233,SL,396,66,1.5,-0.39
1.25,1.96,0.95,1.12,1.16,2.78,1.09,1.16,1.1,1.02,1.15,0.9,Christian Walker,572233,ST,170,33,2.19,-0.39
1.15,0.9,0.81,0.91,1.29,3.35,0.96,0.97,1.08,1.02,1.64,0.79,Jordan Walker,691023,CH,65,8,1.86,-0.57
1.13,1.08,0.77,0.95,1.16,2.75,1.21,1.1,1.08,1.03,1.15,1.14,Jordan Walker,691023,CU,39,5,1.62,-0.57
1.19,1.88,1.22,1.06,1.18,1.3,1.02,1.16,1.08,1.03,0.77,1.38,Jordan Walker,691023,FF,183,38,1.69,-0.57
1.05,1.1,0.88,1.01,0.84,2.25,0.93,0.98,1.1,1.01,1.77,0.72,Jordan Walker,691023,FS,18,3,1.66,-0.57
1.01,1.17,0.86,1.02,0.83,2.02,1.0,1.0,1.13,1.01,1.7,0.76,Jordan Walker,691023,KC,7,2,1.58,-0.57
1.3,0.6,1.22,1.19,1.38,1.71,0.99,1.0,1.08,1.05,-0.58,7.68,Jordan Walker,691023,SI,118,21,-0.19,-0.57
1.27,0.88,1.3,0.69,1.1,1.46,1.09,0.99,1.08,1.06,0.52,2.16,Jordan Walker,691023,SL,121,16,1.07,-0.57
0.94,0.79,1.26,0.48,1.15,3.17,1.04,0.84,1.11,1.03,0.9,1.27,Jordan Walker,691023,ST,74,13,1.71,-0.57
1.23,1.5,0.91,1.01,1.0,2.14,1.02,1.15,1.22,1.03,1.13,0.89,Jordan Walker,691023,SV,5,1,1.82,-0.57
1.18,1.44,0.95,1.05,0.84,2.91,0.92,1.1,1.06,1.04,0.87,0.9,Matt Wallner,670242,CH,81,12,1.91,-1.29
1.03,1.42,0.92,0.84,1.27,3.47,1.22,1.0,1.09,1.01,1.5,0.88,Matt Wallner,670242,CU,56,6,2.13,-1.29
1.06,1.72,0.83,0.8,1.63,0.68,1.03,1.13,1.06,1.01,1.42,0.87,Matt Wallner,670242,FF,378,47,1.66,-1.29
1.12,1.57,0.83,0.89,1.05,2.99,0.9,1.17,1.11,1.03,1.82,0.77,Matt Wallner,670242,FS,50,11,2.47,-1.29
0.96,1.07,0.82,0.91,0.85,2.15,1.06,0.98,1.13,1.0,1.82,0.68,Matt Wallner,670242,KC,23,2,1.62,-1.29
1.25,1.62,1.18,1.14,1.18,2.89,0.96,1.01,1.22,1.01,1.27,0.83,Matt Wallner,670242,KN,5,1,2.01,-1.29
1.11,1.15,0.86,0.97,1.8,4.01,0.99,1.01,1.04,1.03,2.11,1.04,Matt Wallner,670242,SI,95,10,2.33,-1.29
1.51,1.4,0.85,0.85,0.93,2.93,0.98,1.08,1.04,1.03,1.14,0.77,Matt Wallner,670242,SL,167,12,2.02,-1.29
1.32,2.05,0.67,1.31,0.94,2.42,1.13,1.31,1.1,1.05,1.16,0.91,Matt Wallner,670242,ST,47,8,2.09,-1.29
1.11,1.01,0.97,0.97,0.92,1.98,1.02,1.02,1.2,1.01,1.1,0.95,Matt Wallner,670242,SV,12,2,1.38,-1.29
0.91,0.37,1.14,0.83,0.73,2.38,0.93,0.86,1.01,0.97,0.42,1.13,Taylor Walls,670764,CH,101,18,0.93,0.0
0.78,1.06,0.99,0.72,0.71,1.76,0.95,0.93,1.06,1.0,1.17,0.91,Taylor Walls,670764,CU,99,8,1.45,0.0
0.67,0.39,0.91,0.95,1.12,0.7,1.0,0.66,0.96,0.97,1.21,0.6,Taylor Walls,670764,FF,423,69,0.26,0.0
0.82,0.88,0.96,1.23,0.82,2.11,1.0,0.99,1.07,0.97,1.48,0.88,Taylor Walls,670764,FS,42,4,1.28,0.0
0.96,1.1,0.9,0.93,0.74,1.84,1.01,0.96,1.13,1.0,1.81,0.78,Taylor Walls,670764,KC,10,2,1.54,0.0
0.75,0.18,0.89,1.03,1.16,1.0,1.02,0.86,0.98,0.94,2.12,0.61,Taylor Walls,670764,SI,106,15,0.72,0.0
0.67,0.41,1.0,0.81,0.72,1.91,0.83,0.9,1.01,0.96,0.97,0.81,Taylor Walls,670764,SL,106,14,1.07,0.0
1.04,1.13,1.4,0.9,0.78,2.19,0.97,0.95,1.07,1.01,0.6,1.5,Taylor Walls,670764,ST,27,4,1.42,0.0
1.15,1.05,1.0,1.01,0.91,2.05,0.98,1.02,1.21,1.02,0.92,1.09,Taylor Walls,670764,SV,12,1,1.35,0.0
1.46,1.72,0.84,1.0,0.68,1.9,0.93,1.11,1.04,1.04,1.44,0.78,Taylor Ward,621493,CH,139,35,1.92,-0.71
0.98,1.98,0.92,0.96,0.99,2.38,0.91,1.27,1.07,1.01,1.25,0.65,Taylor Ward,621493,CU,155,21,2.46,-0.71
1.18,2.4,0.57,1.02,0.98,0.69,0.88,1.35,1.03,1.04,1.32,0.53,Taylor Ward,621493,FF,799,139,2.14,-0.71
0.9,0.86,0.9,1.22,0.9,2.48,0.93,0.99,1.1,1.01,1.87,0.83,Taylor Ward,621493,FS,57,7,1.52,-0.71
0.95,1.01,0.92,0.93,0.72,1.93,1.02,0.96,1.13,0.99,1.4,0.95,Taylor Ward,621493,KC,29,4,1.38,-0.71
1.12,1.94,0.66,1.27,0.97,0.78,0.76,1.19,1.03,1.04,2.4,0.5,Taylor Ward,621493,SI,448,87,1.96,-0.71
0.88,1.1,0.87,0.9,1.03,1.12,0.78,0.94,1.02,1.0,1.06,0.72,Taylor Ward,621493,SL,519,72,1.18,-0.71
0.72,0.78,0.92,0.73,0.86,1.08,0.72,0.93,1.04,0.98,1.21,0.67,Taylor Ward,621493,ST,208,29,1.2,-0.71
1.29,1.34,0.91,1.1,1.01,2.18,1.01,1.07,1.21,1.03,1.14,0.94,Taylor Ward,621493,SV,17,4,1.58,-0.71
0.78,0.62,0.84,1.4,1.2,3.67,1.32,0.96,1.06,0.98,0.77,0.72,Drew Waters,671221,CH,27,5,1.1,0.0
0.68,0.61,0.84,1.21,1.34,1.06,1.11,0.99,0.98,0.94,1.07,0.77,Drew Waters,671221,FF,24,1,0.64,0.0
1.05,1.4,0.74,0.97,1.73,3.07,1.09,1.03,1.03,1.0,2.66,0.55,Drew Waters,671221,SI,15,1,2.33,0.0
1.04,0.64,1.13,0.9,0.82,2.49,0.98,0.88,1.05,0.98,0.9,1.17,Drew Waters,671221,SL,5,1,1.19,0.0
1.03,0.74,1.12,0.98,0.86,2.42,1.05,0.95,1.06,1.01,0.67,1.64,Drew Waters,671221,CU,66,9,1.12,0.0
0.99,1.31,1.16,0.77,0.7,1.74,0.99,0.93,1.1,1.01,0.7,1.13,Drew Waters,671221,FS,40,13,1.41,0.0
1.04,1.04,0.85,0.87,0.7,1.83,1.05,0.96,1.13,1.01,1.87,0.85,Drew Waters,671221,KC,24,3,1.52,0.0
1.16,0.85,1.43,0.97,0.89,2.21,1.11,0.97,1.08,1.03,0.51,1.82,Drew Waters,671221,ST,25,6,1.15,0.0
1.15,1.05,1.0,1.01,0.93,1.97,0.99,1.02,1.21,1.02,1.02,1.09,Drew Waters,671221,SV,6,1,1.35,0.0
0.93,1.08,0.88,0.85,1.07,0.93,1.07,0.95,1.05,1.0,1.69,0.68,Austin Wells,669224,CH,237,51,1.23,-0.74
1.39,0.91,0.88,0.8,0.69,2.0,1.2,0.97,1.07,1.01,1.31,1.05,Austin Wells,669224,CU,114,24,1.3,-0.74
1.2,1.41,0.69,1.08,1.1,0.89,1.11,1.06,1.04,1.0,1.35,0.56,Austin Wells,669224,FF,475,68,1.21,-0.74
0.92,0.68,0.93,1.14,0.8,2.34,0.93,0.84,1.07,1.0,1.7,0.94,Austin Wells,669224,FS,108,24,1.17,-0.74
1.06,0.99,0.87,0.98,0.74,2.04,1.06,0.98,1.13,1.01,1.78,0.68,Austin Wells,669224,KC,25,5,1.5,-0.74
1.23,1.25,0.72,0.62,1.01,0.82,1.04,0.9,1.02,1.04,2.33,0.54,Austin Wells,669224,SI,188,39,1.51,-0.74
1.06,1.71,0.95,0.84,1.21,1.07,0.99,1.04,1.03,0.98,1.64,0.48,Austin Wells,669224,SL,225,31,1.79,-0.74
1.01,1.19,0.86,0.84,0.96,2.85,1.06,0.94,1.08,1.04,1.21,0.69,Austin Wells,669224,ST,107,12,1.72,-0.74
0.62,0.36,1.06,0.46,1.15,2.12,0.99,0.71,0.99,0.97,1.12,0.91,Jordan Westburg,676059,CH,152,20,1.07,-0.98
0.94,0.98,1.09,0.94,0.94,2.4,1.06,0.95,1.08,0.99,0.76,1.39,Jordan Westburg,676059,CU,94,11,1.3,-0.98
1.06,1.21,0.71,0.85,1.2,0.77,1.12,1.02,1.02,1.01,1.12,1.04,Jordan Westburg,676059,FF,401,81,1.05,-0.98
1.2,1.64,0.72,1.11,0.78,2.09,0.93,1.14,1.1,1.04,2.3,0.6,Jordan Westburg,676059,FS,34,10,2.15,-0.98
1.03,1.03,0.81,0.91,0.78,1.95,1.06,0.96,1.13,1.0,1.94,0.78,Jordan Westburg,676059,KC,22,6,1.53,-0.98
1.02,1.36,1.0,0.81,0.88,1.35,1.06,1.09,1.03,1.01,1.0,1.19,Jordan Westburg,676059,SI,306,84,1.51,-0.98
1.19,3.12,0.76,1.25,1.14,1.45,1.05,1.58,1.05,1.06,1.03,0.69,Jordan Westburg,676059,SL,308,58,2.81,-0.98
1.3,1.04,1.06,0.82,0.83,1.97,1.03,1.04,1.07,1.03,0.64,1.63,Jordan Westburg,676059,ST,182,23,1.33,-0.98
1.15,1.0,0.87,1.09,0.94,1.93,0.98,1.09,1.21,1.02,1.13,0.97,Jordan Westburg,676059,SV,12,1,1.36,-0.98
1.14,1.16,0.83,1.0,0.84,2.1,0.97,1.03,1.05,1.02,1.64,0.67,Shay Whitcomb,694376,CH,11,4,1.65,-0.46
1.09,1.01,1.01,0.95,0.85,2.03,1.11,0.99,1.09,1.02,1.16,1.07,Shay Whitcomb,694376,CU,8,1,1.35,-0.46
0.89,1.02,1.31,0.95,1.08,3.56,0.97,1.02,1.02,0.97,0.79,1.33,Shay Whitcomb,694376,FF,56,8,1.9,-0.46
0.89,0.98,0.88,0.85,1.96,3.15,1.02,0.94,1.02,0.99,1.73,0.79,Shay Whitcomb,694376,SI,30,8,1.88,-0.46
1.0,0.87,1.01,0.88,0.82,2.36,0.99,0.9,1.04,1.0,1.11,0.99,Shay Whitcomb,694376,SL,31,5,1.35,-0.46
1.09,0.94,1.1,1.02,0.83,2.26,1.03,1.03,1.08,1.03,0.77,1.35,Shay Whitcomb,694376,ST,29,5,1.31,-0.46
0.97,1.11,0.91,0.94,0.78,1.96,1.03,0.96,1.13,1.0,1.63,0.78,Shay Whitcomb,694376,KC,14,1,1.52,-0.46
1.33,1.44,0.89,0.99,0.96,2.36,0.92,1.16,1.07,1.03,1.15,0.88,Eli White,642201,CH,14,2,1.92,-0.46
1.03,1.16,0.9,1.35,1.23,1.05,1.18,1.04,1.01,0.95,1.05,1.04,Eli White,642201,FF,40,4,0.84,-0.46
1.02,1.11,0.83,1.02,0.74,1.89,0.92,1.02,1.1,1.0,2.01,0.66,Eli White,642201,FS,2,1,1.67,-0.46
1.0,1.08,0.87,1.03,0.72,1.95,1.07,1.0,1.13,1.0,1.73,0.75,Eli White,642201,KC,5,1,1.49,-0.46
0.84,1.07,1.15,0.91,0.83,0.89,1.0,1.02,1.01,0.99,0.89,1.06,Eli White,642201,SI,40,11,1.12,-0.46
0.61,0.76,1.15,0.79,0.92,1.03,1.08,1.01,1.02,0.97,0.81,1.28,Eli White,642201,SL,22,3,1.0,-0.46
1.25,0.75,1.57,0.99,0.92,2.75,1.07,0.99,1.06,1.01,0.24,2.23,Eli White,642201,ST,7,1,1.22,-0.46
1.07,1.13,0.82,1.1,1.02,2.52,1.08,1.02,1.06,0.99,1.06,1.29,Eli White,642201,CU,61,10,1.4,-0.46
1.15,1.05,0.91,1.17,0.98,2.05,1.03,1.04,1.21,1.02,1.07,1.02,Eli White,642201,SV,8,1,1.27,-0.46
1.04,1.1,0.89,1.07,0.82,1.89,0.97,1.02,1.03,1.01,1.38,0.89,Joey Wiemer,686894,CH,12,4,1.42,-0.09
1.01,1.01,0.92,0.95,0.85,2.12,1.12,1.0,1.06,1.01,1.23,0.87,Joey Wiemer,686894,CU,6,1,1.4,-0.09
0.92,0.74,1.47,0.88,1.13,3.7,0.97,0.93,1.01,0.97,0.62,1.79,Joey Wiemer,686894,FF,31,2,1.68,-0.09
0.91,1.59,0.68,0.95,1.91,3.47,1.0,1.06,1.02,0.99,3.5,0.47,Joey Wiemer,686894,SI,19,3,2.89,-0.09
1.04,0.94,1.04,1.01,0.79,2.28,0.99,0.99,1.03,1.01,0.85,1.22,Joey Wiemer,686894,SL,28,5,1.3,-0.09
1.19,1.03,1.17,0.99,0.87,2.22,1.03,1.02,1.07,1.03,0.78,1.56,Joey Wiemer,686894,ST,7,1,1.35,-0.09
1.16,1.23,0.81,1.17,0.85,1.93,0.93,1.11,1.04,1.03,1.47,0.76,Carson Williams,700246,CH,5,1,1.58,-0.5
0.95,1.04,1.4,0.85,1.16,3.73,0.96,1.03,1.01,0.99,0.63,1.56,Carson Williams,700246,FF,20,3,2.01,-0.5
0.89,0.97,0.97,1.15,1.76,3.12,1.09,0.97,1.02,0.98,1.65,0.75,Carson Williams,700246,SI,17,6,1.69,-0.5
0.98,0.97,1.04,0.95,0.81,2.24,0.93,0.98,1.02,1.01,0.85,1.26,Carson Williams,700246,SL,21,2,1.36,-0.5
1.14,1.21,0.85,1.03,0.92,2.26,0.96,1.03,1.05,1.02,1.49,0.75,Luke Williams,663897,CH,12,3,1.66,-0.54
1.05,0.98,0.98,0.92,0.86,2.05,1.13,0.96,1.08,1.02,1.23,0.93,Luke Williams,663897,CU,11,2,1.33,-0.54
0.93,0.93,1.11,1.11,1.05,3.34,0.99,0.93,1.01,0.98,0.85,1.31,Luke Williams,663897,FF,60,10,1.5,-0.54
0.97,1.11,0.82,0.94,0.75,1.88,1.05,0.97,1.14,1.0,1.84,0.63,Luke Williams,663897,KC,3,1,1.54,-0.54
0.78,0.83,0.91,0.87,1.72,2.68,1.06,0.9,1.01,0.96,2.59,0.62,Luke Williams,663897,SI,35,11,1.86,-0.54
1.01,0.96,1.01,0.98,0.89,2.5,0.97,0.98,1.04,1.0,0.88,1.2,Luke Williams,663897,SL,34,3,1.4,-0.54
1.19,1.03,1.17,0.99,0.83,2.22,1.03,1.01,1.09,1.03,0.77,1.36,Luke Williams,663897,ST,7,1,1.36,-0.54
1.5,1.03,0.98,1.37,0.79,2.68,1.02,1.22,1.06,1.05,0.7,1.28,Ben Williamson,810938,CH,86,18,1.45,-0.49
0.81,0.74,0.94,0.98,0.8,2.25,1.04,0.97,1.06,0.99,0.94,1.36,Ben Williamson,810938,CU,61,9,1.15,-0.49
1.2,0.2,1.62,0.55,0.84,0.9,1.02,0.77,0.98,0.98,0.44,3.31,Ben Williamson,810938,FF,386,47,0.34,-0.49
0.97,1.22,0.84,0.96,0.77,2.07,0.91,1.03,1.08,0.99,2.32,0.5,Ben Williamson,810938,FS,12,3,1.95,-0.49
0.94,1.07,0.8,0.91,0.77,1.98,1.03,0.99,1.13,1.0,1.71,0.84,Ben Williamson,810938,KC,11,2,1.54,-0.49
1.35,1.28,1.28,0.62,0.65,1.08,0.98,0.97,1.03,1.02,-1.89,2.61,Ben Williamson,810938,SI,226,46,0.45,-0.49
0.89,0.26,1.23,0.88,0.94,1.16,1.05,0.76,1.03,0.98,0.56,1.45,Ben Williamson,810938,SL,206,47,0.31,-0.49
0.97,0.38,0.9,0.99,1.09,2.79,1.04,0.85,1.06,1.02,0.89,0.94,Ben Williamson,810938,ST,109,19,0.97,-0.49
1.11,1.01,0.97,1.14,0.91,1.98,1.02,1.05,1.2,1.02,0.99,1.1,Ben Williamson,810938,SV,5,2,1.26,-0.49
0.57,0.22,0.88,1.42,0.48,1.85,1.1,0.94,0.99,0.98,0.67,1.3,Jacob Wilson,805779,CH,13,3,0.32,-0.47
0.99,0.86,1.02,1.05,0.73,2.03,1.1,0.93,1.05,0.99,0.94,1.06,Jacob Wilson,805779,CU,14,2,1.07,-0.47
0.58,0.24,1.44,1.29,0.55,2.0,1.09,0.87,0.98,0.96,0.71,2.83,Jacob Wilson,805779,FF,110,29,0.42,-0.47
0.77,0.88,0.82,1.25,0.73,2.04,0.99,0.98,1.05,0.98,2.36,0.77,Jacob Wilson,805779,FS,14,2,1.46,-0.47
0.85,0.27,1.35,0.63,0.33,1.4,1.09,0.73,1.02,0.98,-0.05,1.85,Jacob Wilson,805779,SI,73,19,0.32,-0.47
0.59,0.73,0.86,1.01,0.37,1.03,0.99,0.96,0.99,0.96,1.09,0.83,Jacob Wilson,805779,SL,75,16,0.84,-0.47
0.44,0.24,1.09,1.06,0.73,2.31,0.99,0.76,0.98,0.93,1.1,0.96,Jacob Wilson,805779,ST,17,3,0.75,-0.47
0.97,1.49,0.85,1.02,0.72,1.83,1.05,0.97,1.13,1.0,1.88,0.68,Jacob Wilson,805779,KC,9,3,1.69,-0.47
1.11,1.01,0.88,1.14,0.91,2.07,1.0,1.02,1.2,1.01,1.19,0.88,Jacob Wilson,805779,SV,9,2,1.31,-0.47
1.09,1.0,0.87,1.0,1.0,2.1,0.95,0.96,1.06,1.01,1.14,0.85,Weston Wilson,642215,CH,49,8,1.33,-0.11
1.04,0.84,0.99,0.91,0.76,1.8,1.09,0.94,1.07,1.02,1.14,1.13,Weston Wilson,642215,CU,43,1,1.14,-0.11
0.96,0.84,1.07,1.1,1.13,3.14,0.96,0.89,1.01,0.98,1.08,1.21,Weston Wilson,642215,FF,100,27,1.42,-0.11
1.03,1.67,0.85,1.03,1.74,3.58,1.07,1.1,1.03,1.0,2.01,0.71,Weston Wilson,642215,SI,55,14,2.52,-0.11
1.04,1.3,0.88,1.0,0.92,2.91,0.95,1.12,1.05,1.01,1.08,0.81,Weston Wilson,642215,SL,67,5,1.94,-0.11
1.23,0.99,1.13,1.11,0.88,2.33,1.03,1.1,1.09,1.03,0.73,1.68,Weston Wilson,642215,ST,15,2,1.36,-0.11
1.05,1.01,0.83,1.47,1.05,2.66,1.03,1.07,1.04,1.0,1.64,0.83,Will Wilson,669717,CH,33,6,1.46,-0.28
1.05,0.98,0.98,0.92,0.96,2.22,1.09,0.97,1.08,1.01,1.02,1.15,Will Wilson,669717,CU,28,2,1.33,-0.28
1.0,0.48,0.98,0.85,1.18,4.0,1.06,0.79,1.0,0.98,1.16,1.0,Will Wilson,669717,FF,104,12,1.49,-0.28
1.12,1.31,0.74,1.04,0.83,2.04,0.91,1.06,1.11,1.02,2.15,0.65,Will Wilson,669717,FS,7,1,1.87,-0.28
0.9,1.22,0.89,1.11,1.65,3.72,1.16,0.95,1.0,0.95,2.87,0.37,Will Wilson,669717,SI,52,12,2.35,-0.28
1.02,0.87,0.94,0.85,1.06,3.23,0.99,0.9,1.04,1.01,1.19,0.71,Will Wilson,669717,SL,67,5,1.66,-0.28
1.23,0.99,1.13,1.11,0.95,2.69,1.02,1.06,1.08,1.03,0.79,1.35,Will Wilson,669717,ST,39,2,1.47,-0.28
1.2,1.26,0.9,1.01,0.82,1.56,0.86,1.03,1.06,1.03,1.41,0.89,Jesse Winker,608385,CH,198,35,1.5,-0.35
1.08,1.33,0.94,0.98,0.82,2.39,1.04,1.02,1.08,1.01,1.52,1.0,Jesse Winker,608385,CU,155,18,1.76,-0.35
0.97,1.02,1.29,0.75,1.0,1.64,1.04,0.89,1.02,0.97,0.96,1.34,Jesse Winker,608385,FF,706,117,1.27,-0.35
1.08,1.56,0.75,1.19,0.81,2.09,0.91,1.08,1.09,1.03,2.22,0.59,Jesse Winker,608385,FS,90,13,1.98,-0.35
1.06,1.37,0.88,0.91,0.7,1.95,1.01,1.0,1.13,1.01,1.67,0.79,Jesse Winker,608385,KC,39,6,1.72,-0.35
1.35,1.62,1.07,0.99,1.17,2.78,0.95,1.04,1.24,1.03,1.24,0.89,Jesse Winker,608385,KN,9,1,2.06,-0.35
0.87,0.88,0.79,1.09,1.39,2.51,1.03,1.04,1.03,1.0,1.84,1.5,Jesse Winker,608385,SI,280,50,1.53,-0.35
1.01,1.07,1.12,0.9,0.75,1.76,0.9,0.92,1.03,1.01,0.88,1.33,Jesse Winker,608385,SL,259,37,1.25,-0.35
1.15,1.07,1.1,1.04,0.76,1.94,0.96,1.07,1.07,1.03,0.78,1.67,Jesse Winker,608385,ST,84,17,1.32,-0.35
1.12,1.18,0.87,0.98,0.9,2.19,0.95,1.0,1.03,1.02,1.42,0.71,Jack Winkler,676466,CH,8,2,1.61,-0.91
0.86,0.74,1.44,0.88,1.15,3.7,0.95,0.9,1.0,0.98,0.57,1.79,Jack Winkler,676466,FF,16,2,1.63,-0.91
0.91,1.18,0.81,1.17,1.78,3.42,1.04,1.0,1.01,0.99,2.71,0.54,Jack Winkler,676466,SI,7,1,2.22,-0.91
1.28,1.46,1.17,0.99,0.81,2.13,1.04,1.11,1.08,1.04,0.72,1.36,Jack Winkler,676466,ST,2,1,1.66,-0.91
0.93,0.43,0.98,1.28,0.59,1.3,0.91,0.93,1.03,0.99,1.02,1.88,Masyn Winn,691026,CH,178,26,0.48,-0.79
0.71,1.12,1.02,0.9,0.67,2.37,0.99,0.81,1.05,0.98,1.7,0.86,Masyn Winn,691026,CU,154,23,1.55,-0.79
0.89,0.64,0.97,0.87,0.79,0.76,0.98,0.82,1.02,0.97,1.03,0.96,Masyn Winn,691026,FF,873,174,0.6,-0.79
1.08,0.86,0.69,1.13,0.81,2.33,0.96,1.01,1.09,0.99,2.46,0.57,Masyn Winn,691026,FS,68,14,1.66,-0.79
1.05,1.0,0.82,0.96,0.83,2.38,1.07,0.99,1.13,1.01,1.75,0.73,Masyn Winn,691026,KC,28,4,1.61,-0.79
0.92,0.84,1.05,0.98,0.84,0.98,0.96,0.96,1.03,0.99,1.27,0.88,Masyn Winn,691026,SI,434,97,1.01,-0.79
0.86,0.32,1.14,0.93,0.66,1.03,0.9,0.87,1.05,0.98,0.73,2.03,Masyn Winn,691026,SL,390,74,0.45,-0.79
1.12,0.76,1.33,0.8,0.87,2.45,1.02,0.82,1.05,1.0,0.76,1.34,Masyn Winn,691026,ST,212,38,1.21,-0.79
1.11,1.01,0.88,0.97,0.99,2.07,1.02,0.98,1.19,1.01,1.25,0.88,Masyn Winn,691026,SV,8,2,1.37,-0.79
1.04,1.01,0.88,0.97,0.81,2.35,0.98,0.99,1.02,1.01,1.48,0.92,Brett Wisely,689172,CH,117,23,1.55,1.26
1.01,0.82,0.87,1.07,0.83,2.22,1.12,1.01,1.07,1.0,1.23,0.89,Brett Wisely,689172,CU,97,13,1.25,1.26
0.75,0.93,0.96,0.65,0.99,3.06,1.03,0.79,0.99,0.97,1.27,0.7,Brett Wisely,689172,FF,351,59,1.64,1.26
1.02,1.17,0.84,1.03,0.74,1.98,0.94,0.98,1.09,1.01,1.83,0.73,Brett Wisely,689172,FS,39,11,1.6,1.26
1.0,1.08,0.89,0.92,0.73,1.79,1.05,0.94,1.13,1.0,1.88,0.78,Brett Wisely,689172,KC,11,1,1.49,1.26
0.89,1.07,0.78,1.16,1.35,2.68,0.95,0.97,1.01,0.97,2.4,0.66,Brett Wisely,689172,SI,126,29,1.82,1.26
1.05,1.06,0.84,1.0,0.76,2.34,1.05,0.99,1.04,1.0,1.2,0.67,Brett Wisely,689172,SL,92,26,1.46,1.26
1.16,1.04,1.14,1.06,0.87,2.25,1.01,1.07,1.08,1.03,0.8,1.38,Brett Wisely,689172,ST,69,12,1.41,1.26
1.22,0.68,0.86,1.18,0.87,1.0,1.05,1.21,1.07,1.05,1.26,1.27,Bobby Witt,677951,CH,205,56,0.99,-0.04
1.12,1.26,1.0,1.07,0.77,2.62,1.11,1.15,1.09,1.01,0.62,2.25,Bobby Witt,677951,CU,149,27,1.51,-0.04
1.25,1.84,0.66,1.17,1.15,1.12,1.09,1.26,1.07,1.06,0.92,0.94,Bobby Witt,677951,FF,757,130,1.54,-0.04
1.2,1.86,0.78,1.14,0.81,2.07,0.9,1.11,1.11,1.03,1.74,0.65,Bobby Witt,677951,FS,81,21,2.06,-0.04
0.94,0.92,0.81,0.99,0.75,2.11,1.09,1.03,1.14,1.0,1.61,0.91,Bobby Witt,677951,KC,44,11,1.45,-0.04
1.21,1.78,0.75,1.06,0.93,1.04,1.11,1.2,1.07,1.06,2.22,0.69,Bobby Witt,677951,SI,387,105,1.91,-0.04
1.06,1.82,0.71,0.76,0.95,1.03,1.04,1.13,1.09,1.07,1.21,0.87,Bobby Witt,677951,SL,514,102,1.73,-0.04
1.02,1.0,0.94,1.31,0.75,1.28,1.08,1.28,1.1,1.03,0.95,1.67,Bobby Witt,677951,ST,209,38,1.14,-0.04
1.19,1.3,0.9,0.93,0.89,1.92,1.02,1.12,1.22,1.03,1.21,0.92,Bobby Witt,677951,SV,17,6,1.68,-0.04
1.52,2.67,0.77,1.43,0.89,1.53,0.77,1.2,1.32,1.07,1.42,0.75,Bobby Witt,677951,FO,2,1,2.18,-0.04
1.14,0.91,1.05,0.98,1.04,2.28,1.0,0.94,1.04,0.99,0.94,0.95,Connor Wong,657136,CH,193,40,1.29,-0.67
1.15,0.79,0.89,0.82,0.84,2.27,1.1,0.95,1.08,1.0,1.13,1.36,Connor Wong,657136,CU,85,16,1.26,-0.67
0.79,0.69,1.0,0.8,0.86,1.23,1.02,0.84,1.03,0.98,1.02,0.85,Connor Wong,657136,FF,600,77,0.85,-0.67
1.09,1.09,0.85,0.89,0.76,1.73,0.95,0.96,1.09,1.01,2.06,0.8,Connor Wong,657136,FS,42,9,1.6,-0.67
0.93,1.04,0.96,0.92,0.75,1.97,1.04,0.94,1.13,1.0,1.47,0.88,Connor Wong,657136,KC,36,5,1.42,-0.67
0.71,0.3,1.08,1.16,1.05,1.78,1.01,0.78,1.01,0.92,1.41,0.83,Connor Wong,657136,SI,306,66,0.66,-0.67
1.01,1.12,1.21,0.99,0.99,2.55,1.0,0.96,1.03,0.97,0.67,1.45,Connor Wong,657136,SL,306,67,1.43,-0.67
0.82,0.75,1.42,1.0,0.96,2.81,1.08,0.95,1.04,0.97,0.57,2.24,Connor Wong,657136,ST,121,18,1.24,-0.67
1.4,1.05,0.91,1.17,1.01,2.39,1.03,1.08,1.22,1.03,1.08,1.02,Connor Wong,657136,SV,16,1,1.43,-0.67
1.24,0.92,1.1,1.31,1.05,1.09,0.92,1.09,1.08,1.02,0.85,1.1,James Wood,695578,CH,146,21,0.93,-1.08
0.92,0.99,1.01,0.97,1.26,3.3,0.82,0.93,1.07,1.0,1.1,0.96,James Wood,695578,CU,119,10,1.76,-1.08
1.65,2.36,1.29,1.1,1.03,0.86,0.81,1.5,1.09,1.09,0.28,2.06,James Wood,695578,FF,400,57,2.12,-1.08
1.04,1.74,0.86,0.95,0.96,2.36,0.82,1.14,1.11,1.0,1.66,0.66,James Wood,695578,FS,43,5,2.3,-1.08
1.03,1.13,0.86,1.09,0.9,2.44,0.97,1.05,1.14,1.01,1.66,0.79,James Wood,695578,KC,35,4,1.71,-1.08
1.34,2.05,1.11,0.99,1.5,0.98,0.88,1.29,1.1,1.07,-0.54,1.83,James Wood,695578,SI,234,37,1.49,-1.08
1.1,1.73,1.06,0.99,1.37,1.38,0.87,1.28,1.07,1.01,0.52,1.41,James Wood,695578,SL,194,26,1.79,-1.08
1.1,0.92,1.22,1.29,1.14,3.34,0.93,0.99,1.08,1.02,0.72,1.59,James Wood,695578,ST,119,17,1.45,-1.08
1.21,1.31,0.97,1.09,1.0,2.14,1.01,1.09,1.21,1.02,1.02,1.03,James Wood,695578,SV,20,4,1.57,-1.08
0.92,0.74,1.44,1.02,1.16,3.55,0.97,0.94,1.0,0.97,0.65,1.67,Gage Workman,669398,FF,11,2,1.57,-0.26
0.91,1.18,0.73,1.02,1.82,3.42,1.05,0.99,1.02,0.99,2.91,0.47,Gage Workman,669398,SI,2,1,2.34,-0.26
1.28,1.03,1.17,0.99,0.81,2.13,1.01,1.02,1.08,1.04,0.75,1.56,Gage Workman,669398,ST,6,1,1.32,-0.26
1.28,0.97,0.99,1.2,1.04,2.4,1.07,1.01,1.05,1.03,1.29,1.09,Austin Wynns,642851,CH,12,2,1.34,-1.68
1.09,1.01,0.92,1.07,0.86,2.37,1.11,1.01,1.08,1.01,1.21,1.01,Austin Wynns,642851,CU,2,1,1.39,-1.68
0.93,0.73,1.16,0.97,1.12,3.81,1.01,0.93,1.01,0.96,0.94,0.98,Austin Wynns,642851,FF,27,7,1.7,-1.68
1.28,1.15,0.94,1.1,1.07,1.35,1.18,1.07,1.01,0.98,1.53,0.93,Austin Wynns,642851,SI,9,1,1.28,-1.68
1.27,1.34,0.92,1.02,0.81,1.85,0.91,1.12,1.04,1.03,1.06,0.97,Austin Wynns,642851,SL,8,2,1.62,-1.68
1.12,1.86,0.74,1.2,0.82,1.88,0.93,1.09,1.11,1.03,2.21,0.61,Austin Wynns,642851,FS,6,1,2.05,-1.68
1.15,0.92,1.28,1.04,0.86,2.18,1.01,0.95,1.07,1.01,0.65,1.57,Austin Wynns,642851,ST,30,4,1.16,-1.68
1.03,0.75,0.95,1.13,0.61,1.05,0.91,1.13,1.01,1.0,0.92,1.05,Mike Yastrzemski,573262,CH,194,42,0.98,-0.74
1.06,0.65,0.79,1.12,0.65,2.51,0.97,0.86,1.06,1.02,1.38,0.71,Mike Yastrzemski,573262,CU,108,18,1.11,-0.74
1.1,1.29,0.7,0.7,0.97,0.68,0.85,0.9,1.02,1.01,1.39,0.59,Mike Yastrzemski,573262,FF,784,106,1.23,-0.74
1.0,0.8,0.67,0.98,0.82,2.22,0.87,0.97,1.08,1.02,2.51,0.52,Mike Yastrzemski,573262,FS,72,14,1.7,-0.74
1.03,1.55,0.78,1.04,0.76,2.45,1.07,1.07,1.13,1.0,1.87,0.57,Mike Yastrzemski,573262,KC,51,10,2.01,-0.74
1.12,1.26,0.82,1.23,1.41,1.07,0.89,1.11,1.01,1.02,1.82,1.56,Mike Yastrzemski,573262,SI,255,44,1.34,-0.74
1.17,0.64,1.0,1.03,0.65,0.95,0.95,0.82,1.0,0.98,0.93,1.09,Mike Yastrzemski,573262,SL,263,34,0.53,-0.74
0.87,1.36,1.18,1.09,0.9,2.47,0.95,0.95,1.07,0.99,0.9,1.18,Mike Yastrzemski,573262,ST,66,11,1.57,-0.74
1.63,2.67,0.7,1.43,0.89,1.47,0.76,1.21,1.33,1.07,1.44,0.75,Mike Yastrzemski,573262,FO,3,1,2.15,-0.74
1.11,1.01,0.97,1.14,0.98,1.9,1.02,1.01,1.2,1.02,1.04,1.1,Mike Yastrzemski,573262,SV,10,2,1.2,-0.74
1.11,1.54,1.11,1.03,0.8,2.62,0.91,1.17,1.07,1.01,-0.03,1.62,Christian Yelich,592885,CH,126,22,1.71,-0.87
1.31,1.94,0.97,0.71,1.04,3.21,1.07,1.26,1.07,1.06,1.16,0.83,Christian Yelich,592885,CU,89,8,2.74,-0.87
1.11,0.74,1.75,0.99,1.03,0.99,0.92,1.05,1.03,1.0,0.25,3.51,Christian Yelich,592885,FF,390,69,0.76,-0.87
0.98,1.33,1.0,0.88,0.88,2.28,0.88,1.07,1.11,1.0,0.79,1.01,Christian Yelich,592885,FS,52,10,1.74,-0.87
1.04,1.39,0.91,0.82,0.96,2.46,1.06,1.06,1.14,1.01,1.69,0.74,Christian Yelich,592885,KC,34,4,2.04,-0.87
1.17,0.91,1.22,0.66,1.3,0.92,0.92,1.01,1.05,1.01,-1.55,3.67,Christian Yelich,592885,SI,195,40,0.24,-0.87
1.27,0.96,1.23,1.18,1.19,1.37,1.0,1.22,1.06,1.05,0.37,2.48,Christian Yelich,592885,SL,179,24,1.02,-0.87
1.07,1.57,1.5,0.68,1.21,2.77,1.05,1.01,1.07,1.01,0.59,1.46,Christian Yelich,592885,ST,59,9,2.06,-0.87
1.23,1.5,0.91,1.17,0.93,1.97,1.0,1.11,1.22,1.03,1.1,1.02,Christian Yelich,592885,SV,4,1,1.6,-0.87
1.07,0.88,1.0,0.96,0.85,1.77,0.99,0.86,1.06,1.01,1.09,1.15,Masataka Yoshida,807799,CH,135,29,1.03,-0.9
1.03,0.91,1.0,0.91,0.9,2.09,1.12,0.89,1.07,1.0,1.19,1.15,Masataka Yoshida,807799,CU,99,16,1.2,-0.9
0.92,0.73,1.7,0.85,0.39,1.26,0.84,0.85,1.0,1.01,0.52,2.81,Masataka Yoshida,807799,FF,504,92,0.83,-0.9
1.05,1.25,0.73,1.2,0.77,2.17,0.92,1.0,1.09,1.02,2.04,0.6,Masataka Yoshida,807799,FS,82,22,1.66,-0.9
0.99,1.04,0.91,0.97,0.73,1.86,1.0,0.97,1.13,1.0,1.6,0.87,Masataka Yoshida,807799,KC,50,7,1.44,-0.9
0.91,0.77,1.01,0.94,1.3,2.25,0.98,0.91,1.04,0.99,1.19,0.94,Masataka Yoshida,807799,SI,278,75,1.27,-0.9
1.01,0.78,1.2,0.88,0.74,1.73,0.97,0.97,1.02,0.98,0.71,1.26,Masataka Yoshida,807799,SL,187,35,1.13,-0.9
1.34,0.94,1.2,0.95,0.79,2.03,1.01,1.04,1.07,1.04,0.74,1.8,Masataka Yoshida,807799,ST,81,14,1.28,-0.9
1.15,1.05,0.91,1.01,0.92,2.05,1.01,1.01,1.21,1.02,1.12,0.89,Masataka Yoshida,807799,SV,4,1,1.37,-0.9
1.12,1.06,1.01,0.93,0.64,1.77,0.88,0.96,1.07,1.01,1.5,0.64,Cole Young,702284,CH,86,17,1.51,0.42
0.95,0.81,1.0,1.05,0.88,2.47,1.02,0.95,1.06,1.0,1.0,0.94,Cole Young,702284,CU,50,7,1.27,0.42
0.66,0.44,0.93,0.79,1.21,0.64,1.02,0.73,1.06,0.96,1.43,0.52,Cole Young,702284,FF,368,65,0.54,0.42
1.02,1.63,0.83,1.18,0.75,1.95,0.89,1.04,1.11,1.01,1.76,0.78,Cole Young,702284,FS,28,6,1.8,0.42
1.01,1.54,0.88,1.05,0.74,1.9,1.02,1.02,1.14,1.0,1.71,0.78,Cole Young,702284,KC,13,2,1.74,0.42
0.85,0.25,0.81,1.32,1.07,2.01,0.97,1.13,1.02,1.01,1.6,0.78,Cole Young,702284,SI,122,24,1.06,0.42
0.82,1.3,1.02,0.91,1.12,2.5,0.93,0.93,1.04,1.0,1.16,1.22,Cole Young,702284,SL,102,17,1.66,0.42
1.12,0.82,1.28,1.09,0.75,2.14,0.99,1.04,1.08,1.02,0.68,1.7,Cole Young,702284,ST,48,7,1.2,0.42
0.59,0.2,1.26,0.84,0.72,1.53,1.01,0.89,0.97,0.96,0.13,1.61,Jacob Young,696285,CH,150,33,0.5,-0.59
0.96,0.69,1.25,0.97,0.88,2.12,1.01,0.93,1.06,0.99,0.51,1.71,Jacob Young,696285,CU,116,15,0.99,-0.59
0.82,0.32,1.41,1.14,0.77,1.31,0.9,0.9,0.97,0.93,0.58,1.61,Jacob Young,696285,FF,530,98,0.54,-0.59
1.03,1.2,0.91,0.99,0.78,2.08,0.92,1.01,1.09,1.02,1.74,0.78,Jacob Young,696285,FS,33,7,1.71,-0.59
0.97,1.09,0.85,0.96,0.77,2.01,1.04,0.97,1.13,0.99,1.72,0.69,Jacob Young,696285,KC,31,3,1.53,-0.59
0.89,0.43,1.14,0.84,0.52,0.69,0.96,0.92,1.0,0.95,-0.63,1.86,Jacob Young,696285,SI,421,92,0.11,-0.59
0.53,0.05,1.87,0.35,0.77,0.89,0.85,0.7,0.99,0.94,-0.35,2.67,Jacob Young,696285,SL,304,64,0.31,-0.59
0.79,0.35,1.49,0.76,0.84,1.68,0.89,0.82,1.05,0.96,0.68,2.35,Jacob Young,696285,ST,166,30,0.79,-0.59
1.15,0.99,1.03,1.1,0.91,1.83,0.99,1.01,1.2,1.0,0.82,1.19,Jacob Young,696285,SV,10,3,1.15,-0.59
1.52,2.67,0.77,1.43,0.89,1.47,0.77,1.18,1.32,1.07,1.41,0.75,Jacob Young,696285,FO,1,1,2.13,-0.59
1.29,1.18,0.79,1.14,0.91,2.19,0.98,1.08,1.05,1.04,1.46,0.82,Jared Young,676724,CH,8,2,1.57,-0.88
1.06,0.91,1.1,1.0,0.84,2.08,1.07,0.97,1.06,1.01,0.95,1.25,Jared Young,676724,CU,33,4,1.22,-0.88
0.87,1.44,0.98,0.85,1.32,3.22,1.01,1.09,1.01,0.95,1.05,0.89,Jared Young,676724,FF,63,12,2.17,-0.88
0.97,1.11,0.91,0.94,0.77,1.88,1.05,0.97,1.11,1.0,1.62,0.78,Jared Young,676724,KC,8,1,1.49,-0.88
0.91,1.18,0.73,1.02,1.82,3.56,1.01,0.98,1.01,0.98,3.21,0.54,Jared Young,676724,SI,17,1,2.47,-0.88
0.98,0.97,0.94,0.95,0.75,2.33,0.97,0.94,1.02,1.0,1.16,1.09,Jared Young,676724,SL,11,2,1.39,-0.88
1.19,1.03,1.29,0.99,0.85,2.31,1.04,1.03,1.07,1.03,0.66,1.68,Jared Young,676724,ST,10,1,1.38,-0.88
1.27,1.09,1.12,0.86,1.06,2.61,1.0,1.03,1.05,1.04,0.91,1.03,Travis d'Arnaud,518595,CH,87,13,1.69,-1.45
1.09,1.06,1.03,0.99,0.92,2.45,1.11,1.01,1.08,1.01,1.17,1.03,Travis d'Arnaud,518595,CU,57,6,1.52,-1.45
1.11,1.54,0.98,1.07,1.23,1.28,1.16,1.21,0.99,1.02,1.06,0.85,Travis d'Arnaud,518595,FF,470,70,1.57,-1.45
1.63,2.67,0.7,1.65,0.89,1.47,0.77,1.23,1.33,1.07,1.49,0.7,Travis d'Arnaud,518595,FO,1,1,2.06,-1.45
1.11,1.38,0.78,1.06,0.81,2.04,0.91,1.05,1.1,1.01,2.17,0.64,Travis d'Arnaud,518595,FS,33,8,1.9,-1.45
0.95,1.39,0.87,1.02,0.73,1.79,1.02,1.01,1.13,1.01,1.74,0.72,Travis d'Arnaud,518595,KC,12,3,1.65,-1.45
0.99,1.34,0.94,0.96,1.41,2.18,1.19,0.88,1.01,0.96,3.04,0.61,Travis d'Arnaud,518595,SI,265,61,1.96,-1.45
1.03,0.71,0.98,1.29,1.15,2.28,0.96,0.98,1.01,0.98,1.02,1.32,Travis d'Arnaud,518595,SL,189,29,1.03,-1.45
0.97,1.56,1.18,1.15,0.99,2.45,1.12,1.1,1.06,1.03,0.83,1.27,Travis d'Arnaud,518595,ST,130,15,1.72,-1.45
1.18,1.04,0.93,1.0,1.01,2.08,1.03,1.02,1.21,1.02,1.14,0.91,Travis d'Arnaud,518595,SV,11,2,1.4,-1.45
