player_name,playerid,game_year,xwobacon,la,ev,max_ev,gb/fb,pull_air,bat_speed,whiff,hh,ld,barrel,weak,hr,swing%,chase%
"Abrams, CJ",682928,2022,0.8265582655826558,0.4736513358758783,0.9682406527970434,0.8954248366013071,1.2635182833863605,0.0,0.0,0.9007936507936508,0.7811816192560174,0.7614678899082569,0.2692307692307693,1.2849162011173185,0.20930232558139533,1.1886792452830188,1.1437699680511182
"Abrams, CJ",682928,2023,0.9078947368421052,1.0439373472751652,0.976999328251572,0.9282178217821782,1.0453288941617054,0.9034482758620691,0.9955581142448381,0.8862745098039216,0.8699360341151385,0.9144144144144145,0.8313253012048193,1.0626780626780628,0.8163265306122448,1.1223628691983123,1.0588235294117647
"Abrams, CJ",682928,2024,0.9893048128342246,1.1506458954567909,0.9946597664122547,0.9053497942386831,0.9394368329703506,0.8299319727891157,1.0107647020215336,0.992,1.0389610389610389,0.932126696832579,0.8750000000000001,0.9166666666666669,1.0666666666666667,1.1108786610878663,1.093645484949833
"Abrams, CJ",682928,2025,0.9358288770053476,0.985555768964851,0.9933109826568566,0.9170056956875509,0.9490141684090033,1.2191780821917808,1.0068681162501858,0.9799196787148594,0.9529652351738241,0.9776785714285713,0.8555555555555556,1.0294117647058822,0.8750000000000001,1.063157894736842,1.0724137931034485
"Abreu, Jose",547989,2015,1.12707182320442,0.8862096142026881,1.0299319017610646,0.9551122194513716,1.3546470782560276,0.0,0.0,1.1116071428571428,1.2486910994764395,1.0560747663551404,1.6909090909090911,1.0288713910761156,1.575,1.053191489361702,1.2160493827160495
"Abreu, Jose",547989,2016,1.067204301075269,0.8677456179587141,1.01177900942381,0.9442131557035804,1.131098346970469,0.0,0.0,1.0301724137931032,1.1175000000000002,1.097222222222222,1.2153846153846155,1.0758807588075883,1.065217391304348,1.1072961373390557,1.2789968652037615
"Abreu, Jose",547989,2017,1.1170212765957446,0.927819888655426,1.0344588278791638,0.9402618657937807,1.285936225546868,0.0,0.0,0.949367088607595,1.3461538461538463,1.0717488789237668,1.4393939393939392,0.9510869565217392,1.2941176470588238,1.0387931034482756,1.0858085808580857
"Abreu, Jose",547989,2018,1.1263440860215053,0.9612080790911516,1.0308777386772068,0.9490550534100246,1.1398598799637385,0.0,0.0,1.0081967213114755,1.280193236714976,1.053811659192825,1.2816901408450705,0.9472222222222223,1.1914893617021278,1.0515021459227467,1.2401315789473686
"Abreu, Jose",547989,2019,1.135064935064935,0.845832881720388,1.0372480257756036,0.9915895710681245,1.462002455501312,0.0,0.0,1.016,1.274418604651163,1.0178571428571428,1.6410256410256412,1.0480225988700567,1.1754385964912282,1.050955414012739,1.1682242990654206
"Abreu, Jose",547989,2021,1.0447368421052632,0.8201934761274816,1.0356794032417056,0.9459901800327332,1.175482396567708,0.0,0.0,1.0869565217391306,1.2398286937901497,0.9363636363636363,1.2142857142857142,1.0593220338983051,1.3137254901960786,1.025369978858351,1.1705685618729098
"Abreu, Jose",547989,2022,1.10840108401084,0.6241886856181983,1.041045271104093,0.9232026143790849,1.2175773521250228,0.0,0.0,0.9246031746031746,1.2844638949671772,1.0091743119266054,1.1794871794871795,1.0363128491620113,0.7209302325581396,0.9937106918238995,1.038338658146965
"Abreu, Jose",547989,2023,0.9736842105263158,0.8525157015550638,1.0009691795171214,0.9348184818481847,1.239506325560134,1.3862068965517242,1.030631602439081,1.035294117647059,1.0447761194029852,0.9639639639639639,1.0481927710843373,1.096866096866097,0.8775510204081631,1.0569620253164558,1.23202614379085
"Abreu, Wilyer",677800,2024,1.1096256684491979,1.463814330564559,1.0344203204397453,0.9415637860082305,0.68631551631107,1.326530612244898,1.052018912481609,1.196,1.344155844155844,0.932126696832579,1.4000000000000001,0.7270114942528736,1.2000000000000002,1.0,0.9933110367892977
"Abreu, Wilyer",677800,2025,1.1096256684491979,1.7056273540032276,1.0171730881347063,0.9088689991863304,0.5523362884920124,1.5,1.0446214198975918,0.9638554216867471,1.1267893660531698,0.8794642857142856,1.3777777777777778,0.6558823529411765,1.6666666666666667,1.0926315789473684,0.917241379310345
"Acuna, Ronald",660670,2018,1.271505376344086,1.01635657473798,1.0251879739762504,0.9359079704190633,0.9009342955148827,0.0,0.0,1.0942622950819674,1.2270531400966183,0.9327354260089686,1.887323943661972,0.9055555555555556,1.7659574468085106,0.9914163090128756,0.8750000000000001
"Acuna, Ronald",660670,2019,1.3064935064935064,1.0991299356024775,1.0204180079235872,0.9747687132043734,0.7131985818428077,0.0,0.0,1.112,1.2209302325581395,1.0267857142857142,1.9230769230769231,0.8983050847457628,1.631578947368421,0.9660297239915075,0.8535825545171339
"Acuna, Ronald",660670,2021,1.3947368421052633,1.433519923646108,1.0565769603419506,0.9648117839607202,0.6333595229738991,0.0,0.0,1.0790513833992095,1.441113490364026,1.1500000000000001,2.4166666666666665,0.6779661016949153,2.1764705882352944,0.9069767441860466,0.8494983277591973
"Acuna, Ronald",660670,2022,1.2140921409214092,0.8535970190691347,1.0296736990906685,0.9526143790849673,1.3999236958271113,0.0,0.0,0.9920634920634921,1.323851203501094,1.018348623853211,1.653846153846154,1.0698324022346368,1.0232558139534882,1.0020964360587001,0.8498402555910544
"Acuna, Ronald",660670,2023,1.3,0.5869385805883376,1.0647897884578779,1.0,1.4879612506724107,0.5862068965517242,1.0707576725315118,0.7333333333333333,1.275053304904051,0.981981981981982,1.855421686746988,1.0541310541310542,1.4897959183673468,0.9746835443037976,0.8169934640522877
"Acuna, Ronald",660670,2025,1.286096256684492,0.9937522204563303,1.0377298697476598,0.9397884458909682,1.0665804191569896,0.4178082191780822,1.0659146623502629,1.2208835341365463,1.2044989775051125,0.8705357142857142,1.7444444444444445,1.0352941176470587,1.8541666666666667,0.9726315789473685,0.8689655172413794
"Adames, Willy",642715,2019,1.0467532467532468,0.8298881057102109,0.9964800106631283,0.9327165685449958,1.271330502330399,0.0,0.0,1.092,0.9581395348837208,1.0580357142857142,1.076923076923077,1.073446327683616,0.9298245614035087,0.9936305732484079,0.8161993769470406
"Adames, Willy",642715,2021,1.081578947368421,1.3219207391420957,1.0078976176513845,0.9206219312602291,0.6182776037224402,0.0,0.0,1.2924901185770752,1.1841541755888652,1.009090909090909,1.3571428571428572,0.8163841807909604,1.4313725490196079,1.0338266384778012,0.9866220735785953
"Adames, Willy",642715,2022,1.1490514905149052,1.4995672949819352,1.0054347265559989,0.90359477124183,0.6221286669722477,0.0,0.0,1.126984126984127,1.0809628008752734,1.1376146788990826,1.6666666666666667,0.8128491620111732,1.8139534883720931,1.0377358490566038,1.0031948881789137
"Adames, Willy",642715,2023,1.0605263157894738,1.4121594769798405,0.9825018807352492,0.9059405940594059,0.6695825628025849,1.2275862068965517,1.026312172741574,1.2156862745098038,0.9232409381663113,1.0675675675675675,1.506024096385542,0.8632478632478634,1.2448979591836733,1.0548523206751055,1.1274509803921569
"Adames, Willy",642715,2024,1.1203208556149733,1.5397684036299468,0.9984287462108096,0.9242798353909465,0.5195980388071726,1.0272108843537415,1.0356589433895544,1.184,1.03030303030303,1.0,1.5125,0.7586206896551725,1.6222222222222222,1.0355648535564854,0.959866220735786
"Adames, Willy",642715,2025,1.0561497326203209,1.5738643672697363,0.9961908736783415,0.8966639544344995,0.5480546118370356,0.7876712328767124,1.0041528217282185,1.172690763052209,1.0715746421267895,1.0401785714285714,1.4,0.6941176470588235,1.4791666666666667,0.985263157894737,1.013793103448276
"Adams, Matt",571431,2016,1.0860215053763442,1.6932242838689697,1.0135996585070024,0.9233971690258119,0.5264559126452414,0.0,0.0,1.1551724137931034,1.1300000000000001,1.162037037037037,1.6923076923076923,0.7046070460704608,1.5869565217391306,1.092274678111588,1.373040752351097
"Adams, Matt",571431,2017,1.1542553191489362,1.311299824929894,1.0155793920452936,0.9108019639934533,0.6891999029538488,0.0,0.0,1.2236286919831223,1.1846153846153846,0.852017937219731,1.6212121212121209,0.7635869565217392,1.5490196078431375,1.1616379310344827,1.3333333333333335
"Adams, Matt",571431,2018,1.0483870967741935,1.5015134369713434,1.0015521173372655,0.8981101068200492,0.724581199371544,0.0,0.0,1.040983606557377,1.181159420289855,0.9417040358744394,1.4507042253521125,0.8472222222222222,1.9148936170212765,1.0815450643776823,1.1875
"Adell, Jo",666176,2024,1.0695187165775402,1.1897315683162044,1.0127908118281344,0.951440329218107,0.8467065123147255,1.598639455782313,1.079785177919424,1.192,1.1428571428571428,0.8642533936651584,1.4625000000000001,0.9281609195402301,1.5777777777777777,1.0397489539748954,1.0401337792642142
"Adell, Jo",666176,2025,1.267379679144385,1.2058198679412906,1.0272523258195572,0.9414157851912124,0.8230893710861362,1.493150684931507,1.0834622259055366,1.144578313253012,1.2883435582822087,0.9374999999999999,1.9222222222222218,0.9617647058823531,2.041666666666667,1.1073684210526316,1.1172413793103448
"Adrianza, Ehire",501303,2018,0.903225806451613,1.2712154256845347,0.9726093522169619,0.8800328677074774,0.8013801283371915,0.0,0.0,0.7909836065573771,0.9130434782608695,1.1659192825112108,0.7183098591549295,0.875,0.5106382978723404,1.0321888412017168,0.8552631578947368
"Aguilar, Jesus",542583,2018,1.185483870967742,1.2751332135001097,1.0139569420426953,0.9038619556285948,0.6605025899033121,0.0,0.0,1.1762295081967213,1.3019323671497587,1.053811659192825,1.619718309859155,0.7916666666666665,2.0851063829787235,0.9763948497854077,1.3453947368421053
"Aguilar, Jesus",542583,2019,0.9818181818181818,1.0626539164817694,1.0060889831545252,0.943650126156434,0.917641870332938,0.0,0.0,1.04,1.013953488372093,0.90625,0.9615384615384616,0.9717514124293786,0.8771929824561403,0.940552016985138,1.0560747663551404
"Aguilar, Jesus",542583,2021,0.9842105263157894,1.495576489285564,1.0083820803193073,0.9050736497545008,0.6880193174223315,0.0,0.0,1.023715415019763,1.0321199143468949,1.0772727272727272,1.0119047619047619,0.692090395480226,1.196078431372549,0.9471458773784357,1.0668896321070236
"Aguilar, Jesus",542583,2022,1.002710027100271,1.5222930887579744,0.9906177805240476,0.8831699346405227,0.6009416225861959,0.0,0.0,1.0714285714285714,0.9606126914660831,1.18348623853211,0.8717948717948719,0.7681564245810057,1.0465116279069768,1.0377358490566038,1.2619808306709266
"Ahmed, Nick",605113,2015,0.7872928176795579,1.1129997124207265,0.9720032725225377,0.8911055694098089,0.9287683050234818,0.0,0.0,1.0223214285714286,0.6649214659685863,0.7757009345794393,0.30909090909090914,0.994750656167979,0.65,1.0063829787234042,1.0617283950617284
"Ahmed, Nick",605113,2016,0.8306451612903226,0.7487935560112832,0.9805700714694736,0.8884263114071608,1.3869124262800643,0.0,0.0,0.9224137931034481,0.7525,1.0092592592592593,0.4,1.1355013550135502,0.36956521739130443,1.1223175965665237,0.7774294670846394
"Ahmed, Nick",605113,2018,0.8897849462365592,0.9364462967212753,0.9816593400876128,0.8726376335250616,0.8527384183080076,0.0,0.0,1.0368852459016393,0.821256038647343,1.0896860986547086,0.7183098591549295,0.9972222222222222,0.8297872340425532,1.0772532188841202,0.9967105263157895
"Ahmed, Nick",605113,2019,0.9272727272727272,0.5928883947956731,0.9871467508362838,0.9108494533221193,1.0880519995934506,0.0,0.0,0.856,0.8534883720930233,0.9732142857142857,0.8461538461538463,1.172316384180791,0.7368421052631579,1.048832271762208,0.9034267912772584
"Ahmed, Nick",605113,2021,0.7605263157894736,0.7615556695912825,0.9742426178155124,0.8960720130932897,1.271769346785251,0.0,0.0,1.0592885375494072,0.7173447537473233,0.9318181818181818,0.2857142857142857,1.1779661016949152,0.29411764705882354,1.0528541226215644,1.0903010033444818
"Alberto, Hanser",593643,2019,0.8207792207792207,0.9215528512553813,0.9449325163062021,0.8713204373423044,0.987739513205593,0.0,0.0,0.584,0.46279069767441866,0.8705357142857142,0.37179487179487186,1.1384180790960454,0.43859649122807015,1.2462845010615713,1.2616822429906542
"Alberto, Hanser",593643,2021,0.8315789473684211,1.1376843569907302,0.9551698510864112,0.8805237315875613,0.8756609494466037,0.0,0.0,0.6205533596837944,0.7987152034261241,0.9409090909090909,0.5476190476190476,0.9887005649717514,0.1764705882352941,1.3467230443974632,1.2809364548494984
"Albies, Ozzie",645277,2018,0.9059139784946237,1.2560496768295049,0.9794398772528747,0.9030402629416598,0.8777783672386704,0.0,0.0,0.9139344262295083,0.7657004830917874,1.0044843049327354,0.676056338028169,0.9083333333333334,0.978723404255319,1.2145922746781115,0.9835526315789473
"Albies, Ozzie",645277,2019,1.0,1.217286012736325,1.000352150943491,0.9318755256518082,0.7749222074617792,0.0,0.0,0.92,0.9186046511627907,1.2008928571428572,0.8461538461538463,0.824858757062147,0.7894736842105263,1.1825902335456477,1.043613707165109
"Albies, Ozzie",645277,2021,0.9868421052631579,1.6345485611559738,1.008172186716343,0.911620294599018,0.5325742176467007,0.0,0.0,0.9881422924901185,0.9100642398286938,1.05,1.0833333333333333,0.7062146892655368,1.1372549019607845,1.2029598308668075,1.060200668896321
"Albies, Ozzie",645277,2022,0.89159891598916,1.3458366322071542,0.9835724515064485,0.8709150326797385,0.7261040028189484,0.0,0.0,0.9126984126984127,0.7658643326039387,0.9036697247706421,0.6282051282051283,0.8659217877094972,0.7906976744186047,1.220125786163522,1.3961661341853036
"Albies, Ozzie",645277,2023,0.9947368421052631,1.280750716985816,0.9972557119755219,0.9133663366336634,0.6768212932112615,1.3931034482758622,0.9734856056216353,0.8117647058823529,1.0639658848614073,0.9864864864864864,1.0,0.8660968660968662,1.3673469387755102,1.1518987341772153,1.1405228758169934
"Albies, Ozzie",645277,2024,0.8823529411764707,1.3795381672533293,0.997047440412803,0.9358024691358025,0.8529562715519651,1.6054421768707483,0.9581469834892374,0.82,0.9025974025974024,1.0452488687782806,0.775,0.8591954022988506,0.6666666666666666,1.1841004184100419,1.0535117056856187
"Albies, Ozzie",645277,2025,0.8288770053475936,1.3928252889208643,0.9800223843881037,0.8942229454841334,0.8730476818099552,1.7534246575342467,0.9581878507614492,0.8313253012048193,0.7709611451942741,0.9732142857142857,0.5444444444444445,0.8970588235294118,0.6458333333333334,1.1410526315789473,1.1379310344827587
"Alfaro, Jorge",595751,2018,1.2043010752688172,0.6534515216297284,1.0358668443085868,0.9580936729663105,1.066803223564518,0.0,0.0,1.737704918032787,1.1666666666666667,1.0493273542600898,1.5070422535211268,1.0027777777777778,1.0425531914893618,1.3111587982832618,1.1546052631578947
"Alfaro, Jorge",595751,2019,1.1974025974025975,0.3593325084421528,1.0221223299914601,0.9646761984861227,1.6217004295244768,0.0,0.0,1.536,1.2,0.9598214285714285,1.4743589743589745,1.2344632768361583,1.1403508771929824,1.299363057324841,1.4299065420560746
"Allen, Greg",656185,2018,0.9005376344086022,0.630347755396503,0.9731553165846542,0.8685291700903862,1.2638044175085068,0.0,0.0,0.8319672131147542,0.8019323671497586,1.0134529147982063,0.1971830985915493,1.1472222222222221,0.2127659574468085,0.9849785407725321,0.7467105263157895
"Allen, Nick",669397,2022,0.7371273712737128,0.518933846296633,0.9340607729697437,0.8545751633986928,1.40797540420035,0.0,0.0,0.9285714285714287,0.6126914660831511,0.7752293577981653,0.16666666666666669,1.3128491620111733,0.39534883720930236,1.0943396226415096,0.9520766773162939
"Allen, Nick",669397,2023,0.718421052631579,0.4746244177298062,0.9369486281927668,0.8836633663366336,1.5400398944459452,0.6344827586206897,0.927462398565181,0.7607843137254903,0.6396588486140725,0.8018018018018018,0.14457831325301204,1.4188034188034189,0.32653061224489793,1.0274261603375527,0.9183006535947713
"Allen, Nick",669397,2025,0.7727272727272727,0.98183071858927,0.9403188740007166,0.8494711147274207,1.2990131229349182,1.0136986301369864,0.8980239642662289,0.8714859437751005,0.5214723926380368,0.9598214285714285,0.0,1.1588235294117646,0.0,1.0042105263157894,0.8344827586206898
"Almora, Albert",546991,2017,0.9228723404255319,0.7334674515428937,0.996366980394541,0.9083469721767594,1.2234209917514087,0.0,0.0,1.0379746835443038,0.9205128205128205,1.0852017937219731,0.606060606060606,1.1603260869565217,0.627450980392157,1.1142241379310345,1.1023102310231023
"Almora, Albert",546991,2018,0.8279569892473119,0.6615123811157836,0.9738496916281076,0.9038619556285948,1.6444988050252782,0.0,0.0,1.0040983606557377,0.7657004830917874,0.9192825112107623,0.1971830985915493,1.2444444444444445,0.29787234042553196,1.1695278969957084,1.2138157894736843
"Almora, Albert",546991,2019,0.8545454545454546,0.6749250043004381,0.9686267270877669,0.9394449116904962,1.6901320559295703,0.0,0.0,0.972,0.7744186046511629,0.8660714285714286,0.6025641025641026,1.305084745762712,0.7543859649122806,1.0976645435244163,1.233644859813084
"Alonso, Pete",624413,2019,1.251948051948052,1.142246884169657,1.0208207392471167,0.9949537426408747,0.879695514673719,0.0,0.0,1.124,1.2418604651162792,1.0491071428571428,2.0512820512820515,0.9661016949152543,2.263157894736842,0.9893842887473462,1.2554517133956387
"Alonso, Pete",624413,2021,1.1473684210526316,1.1544393865060665,1.0245977522988972,0.9689034369885434,0.7417773379841005,0.0,0.0,0.984189723320158,1.1927194860813704,0.9181818181818183,1.7499999999999998,0.9124293785310736,1.627450980392157,1.0422832980972516,1.1237458193979935
"Alonso, Pete",624413,2022,1.102981029810298,1.4528416091842773,1.0141872348796697,0.951797385620915,0.747821895104162,0.0,0.0,0.9603174603174603,1.2100656455142231,1.0504587155963303,1.5897435897435899,0.8072625698324023,1.9534883720930234,1.0440251572327044,1.207667731629393
"Alonso, Pete",624413,2023,1.1526315789473685,1.4113400572406412,1.0062682442768278,0.9546204620462047,0.6435987618580069,1.606896551724138,1.0563608903753943,1.031372549019608,1.0639658848614073,0.8153153153153152,1.7831325301204817,0.9116809116809118,2.2448979591836733,0.9219409282700423,1.081699346405229
"Alonso, Pete",624413,2024,1.1122994652406417,1.0779428869147132,1.0116466188145086,0.9572016460905349,0.8846245786556896,0.7959183673469389,1.0575270838116995,0.992,1.170995670995671,0.9819004524886877,1.625,1.011494252873563,1.6666666666666667,0.897489539748954,1.0434782608695652
"Alonso, Pete",624413,2025,1.2647058823529411,1.1492799923307446,1.0480304964312228,0.9430431244914564,0.9255364834190479,0.8013698630136987,1.0595400753213713,1.0321285140562249,1.2985685071574642,1.1696428571428572,2.111111111111111,0.8529411764705881,1.6875,0.9747368421052632,1.0275862068965518
"Alonso, Yonder",475174,2015,0.9005524861878453,0.6604996265929208,0.9933445432123613,0.8960931005818786,1.208850316443726,0.0,0.0,0.7098214285714285,0.9476439790575915,1.014018691588785,0.5818181818181819,1.146981627296588,0.4,0.9702127659574469,0.9475308641975309
"Alonso, Yonder",475174,2016,0.89247311827957,0.8985445094366399,0.9944796997694215,0.9208992506244796,1.0824578203879196,0.0,0.0,0.7629310344827585,1.0,1.0879629629629628,0.6307692307692309,1.02710027100271,0.36956521739130443,0.9957081545064379,0.8902821316614419
"Alonso, Yonder",475174,2017,1.1356382978723405,1.6037139139907344,1.0195301874600105,0.9124386252045826,0.6425660063864587,0.0,0.0,1.1054852320675106,1.1615384615384616,1.116591928251121,1.5,0.6603260869565218,1.647058823529412,1.0150862068965514,0.9933993399339933
"Alonso, Yonder",475174,2018,1.043010752688172,1.2272910679778206,0.9907260109034466,0.9227608874281018,0.7661888032570249,0.0,0.0,1.0450819672131149,1.0483091787439613,1.0493273542600898,1.4084507042253522,0.8638888888888889,1.2127659574468086,1.0815450643776823,1.0592105263157896
"Alonso, Yonder",475174,2019,0.8675324675324676,1.0764922321718713,0.9891216221373766,0.9125315391084945,1.0329302098882016,0.0,0.0,0.996,1.058139534883721,0.9776785714285713,0.6923076923076924,0.983050847457627,0.7894736842105263,1.0042462845010616,0.9563862928348908
"Altherr, Aaron",571437,2017,1.127659574468085,0.926437299544094,1.0197625926083334,0.9189852700490998,1.0461511071718814,0.0,0.0,1.2658227848101267,1.2487179487179485,0.852017937219731,1.5757575757575757,1.0108695652173914,1.392156862745098,0.9590517241379309,0.9669966996699669
"Altuve, Jose",514888,2015,0.861878453038674,0.9847260337023712,0.9739138361287285,0.885286783042394,1.0224226811713364,0.0,0.0,0.5089285714285714,0.8612565445026177,0.9626168224299065,0.5636363636363636,1.0603674540682415,0.65,1.1127659574468085,1.0771604938271604
"Altuve, Jose",514888,2016,1.0806451612903227,0.9478690763196739,0.9928024259694316,0.9075770191507078,0.9362219321528208,0.0,0.0,0.6637931034482758,0.975,1.1712962962962963,1.0615384615384615,0.948509485094851,0.9130434782608696,1.055793991416309,1.0877742946708462
"Altuve, Jose",514888,2017,1.0053191489361701,0.7764897068477217,0.9806520017262174,0.892798690671031,1.1465393447287793,0.0,0.0,0.7046413502109704,0.7743589743589744,1.0179372197309415,1.0151515151515151,1.1141304347826089,0.9215686274509804,1.025862068965517,1.2277227722772277
"Altuve, Jose",514888,2018,0.9946236559139785,0.8041904208645635,0.9820520123576162,0.9227608874281018,1.0351159991022056,0.0,0.0,0.7295081967213115,0.8623188405797101,1.1524663677130045,0.8309859154929577,1.1388888888888888,0.6170212765957447,1.0150214592274678,1.131578947368421
"Altuve, Jose",514888,2019,0.9766233766233766,0.7100092928750932,0.9742749423536554,0.9192598822539949,1.215218916246881,0.0,0.0,0.84,0.8651162790697675,0.8526785714285714,1.0641025641025643,1.2372881355932204,1.3333333333333333,1.0042462845010616,1.0809968847352023
"Altuve, Jose",514888,2021,0.9105263157894736,1.1758802230012797,0.9770445806107956,0.892798690671031,0.923004376603497,0.0,0.0,0.6324110671936759,0.905781584582441,0.9545454545454546,0.7619047619047619,0.9661016949152543,1.1764705882352942,0.9936575052854123,1.1337792642140472
"Altuve, Jose",514888,2022,1.002710027100271,1.2744170481133918,0.9579489118062315,0.8970588235294117,0.7880856168213448,0.0,0.0,0.6507936507936509,0.8030634573304157,1.0275229357798166,0.9871794871794872,1.0391061452513968,1.4651162790697674,0.9224318658280923,1.1501597444089458
"Altuve, Jose",514888,2023,0.9184210526315789,0.886777353030938,0.9545483732702761,0.9042904290429042,1.357636368716965,0.6275862068965518,0.9590449440796035,0.7411764705882352,0.8059701492537313,0.8153153153153152,0.9638554216867469,1.3361823361823364,1.1428571428571428,0.949367088607595,1.3039215686274512
"Altuve, Jose",514888,2024,0.9518716577540106,1.0068009129210735,0.9606563874762828,0.8921810699588478,1.0037222625322888,0.8979591836734695,0.9503339095285652,0.884,0.79004329004329,1.0588235294117647,0.8125,1.0488505747126438,0.8666666666666667,1.0732217573221758,1.3244147157190636
"Altuve, Jose",514888,2025,0.8636363636363636,1.271731475348928,0.942298105313554,0.8999186330349878,1.0109726709005584,1.3767123287671235,0.9563321820346177,0.8192771084337349,0.7750511247443763,0.8928571428571428,0.6888888888888889,1.1352941176470588,1.1250000000000002,1.0421052631578946,1.4758620689655173
"Alvarez, Francisco",682626,2023,0.968421052631579,0.9646306348591125,1.0134277624864627,0.9414191419141914,1.0301270196962844,1.2206896551724138,1.0493257597169618,1.2470588235294118,1.0533049040511726,0.7297297297297297,1.506024096385542,1.1452991452991457,1.877551020408163,0.9472573839662447,1.0
"Alvarez, Francisco",682626,2024,0.9438502673796791,0.5191442868954064,1.0009639428248787,0.9448559670781893,1.5620214334327422,1.1360544217687076,1.0338261805507256,1.188,1.0389610389610389,0.8733031674208145,0.8375,1.2873563218390807,1.088888888888889,0.9644351464435147,1.073578595317726
"Alvarez, Pedro",476883,2015,1.2209944751381216,0.6102866579706535,1.0386506144456804,0.9592684954280964,1.4901117860816302,0.0,0.0,1.3794642857142856,1.382198952879581,0.9205607476635514,2.2363636363636363,1.1207349081364828,2.175,1.0,1.0586419753086422
"Alvarez, Pedro",476883,2016,1.2096774193548387,1.1205806495099098,1.0461919974643379,0.9575353871773522,1.610818350898946,0.0,0.0,1.3836206896551724,1.405,1.0509259259259258,1.9692307692307693,0.9295392953929541,1.9782608695652175,0.9871244635193133,1.1724137931034482
"Alvarez, Yordan",670541,2019,1.3506493506493507,1.0249860625081577,1.0374882391125613,0.9915895710681245,0.7692870706024512,0.0,0.0,1.0,1.2488372093023257,1.0848214285714286,2.1794871794871797,0.7909604519774013,2.017543859649123,0.9214437367303611,1.1401869158878504
"Alvarez, Yordan",670541,2021,1.2789473684210526,1.1018821420821063,1.0481949134294613,0.9525368248772504,0.8655371220777728,0.0,0.0,0.9011857707509882,1.2912205567451818,1.2363636363636366,1.9047619047619047,0.9067796610169492,1.647058823529412,0.9090909090909092,1.0836120401337792
"Alvarez, Yordan",670541,2022,1.4742547425474255,0.9938477744327361,1.0756746356314641,0.9591503267973857,0.8280965618102584,0.0,0.0,0.9285714285714287,1.474835886214442,1.348623853211009,2.6923076923076925,0.835195530726257,2.3255813953488373,0.8951781970649895,1.0031948881789137
"Alvarez, Yordan",670541,2023,1.3105263157894738,1.3144114509887694,1.046691202598537,0.9711221122112211,0.6374425997880607,1.2896551724137932,1.0729684456082398,0.8823529411764706,1.3113006396588487,0.9504504504504504,2.1686746987951806,0.7635327635327637,1.9387755102040816,0.9219409282700423,1.0588235294117647
"Alvarez, Yordan",670541,2024,1.2352941176470589,1.358306562424282,1.0480122774665073,0.9629629629629629,0.6281916918952083,1.7278911564625852,1.0745758381045065,0.796,1.253246753246753,0.9819004524886877,1.8124999999999998,0.6551724137931035,1.6888888888888889,1.0,1.153846153846154
"Amarista, Alexi",506560,2015,0.7403314917127073,1.0105322111762625,0.9690332280299981,0.8653366583541147,1.0195501694242732,0.0,0.0,0.6785714285714285,0.43979057591623033,0.8878504672897197,0.19999999999999998,1.05249343832021,0.27499999999999997,1.004255319148936,1.1697530864197532
"Amaya, Miguel",665804,2024,0.8877005347593583,0.8034836182827498,0.9927734426660179,0.9160493827160494,1.2026743538556532,1.1496598639455784,1.0357812550252439,0.912,0.8614718614718615,1.095022624434389,0.6,1.0574712643678161,0.6666666666666666,1.1255230125523015,1.0334448160535117
"Anderson, Brian",605119,2018,0.9865591397849462,0.687203690366406,1.0188235625443134,0.9309778142974527,1.59796032361403,0.0,0.0,1.0,1.1304347826086958,0.9506726457399103,0.8169014084507044,1.161111111111111,0.5106382978723404,0.9935622317596567,0.8092105263157896
"Anderson, Brian",605119,2019,1.0207792207792208,0.8484952924442276,1.012192641614773,0.9621530698065601,1.0861069873602238,0.0,0.0,1.1,1.186046511627907,0.9642857142857143,1.1410256410256412,1.033898305084746,1.0175438596491229,1.010615711252654,1.1090342679127725
"Anderson, Brian",605119,2022,1.024390243902439,0.610819928576972,1.0021398870479443,0.9150326797385621,1.4008572272327042,0.0,0.0,1.2063492063492063,1.0853391684901532,0.963302752293578,1.2435897435897438,1.1396648044692737,0.7906976744186047,1.0607966457023061,0.9488817891373802
"Anderson, Brian",605119,2023,1.0578947368421052,0.7510708057820137,0.9849196881669051,0.9100660066006601,1.2417712982884301,0.0,1.0250326475108318,1.3098039215686275,0.9360341151385928,1.0405405405405406,1.2530120481927711,1.1025641025641029,0.8571428571428571,1.0316455696202531,0.9248366013071895
"Anderson, Tim",641313,2016,1.0161290322580645,0.5632769693780716,0.9906359389314252,0.9000832639467111,1.4795725237254995,0.0,0.0,1.3318965517241377,0.9099999999999999,0.8981481481481481,0.8307692307692308,1.2628726287262872,0.673913043478261,1.0793991416309012,1.0282131661442007
"Anderson, Tim",641313,2017,0.9680851063829787,0.6614322913406978,0.9783539299840426,0.8903436988543371,1.534702371417779,0.0,0.0,1.2573839662447257,0.8512820512820514,0.968609865470852,0.7878787878787878,1.171195652173913,0.7843137254901962,1.1810344827586206,1.221122112211221
"Anderson, Tim",641313,2018,0.903225806451613,0.8506073361701557,0.9707375812634967,0.924404272801972,1.0661694790752718,0.0,0.0,1.1393442622950822,0.7342995169082126,0.874439461883408,0.676056338028169,1.113888888888889,1.0212765957446808,1.1587982832618025,1.131578947368421
"Anderson, Tim",641313,2019,1.0207792207792208,0.675775335407195,0.993982210001931,0.9066442388561816,1.182224657666229,0.0,0.0,0.976,0.9348837209302326,1.1428571428571428,0.6538461538461539,1.1638418079096045,0.8070175438596491,1.2420382165605097,1.2305295950155763
"Anderson, Tim",641313,2021,1.0447368421052632,0.3367392954666485,1.0093207590730897,0.9018003273322422,1.7144576707165358,0.0,0.0,1.0276679841897234,1.038543897216274,1.059090909090909,0.9404761904761905,1.2796610169491527,0.7843137254901962,1.2198731501057083,1.0836120401337792
"Anderson, Tim",641313,2022,1.051490514905149,0.27271977432233246,0.9963351804223396,0.8880718954248366,1.6240832569380783,0.0,0.0,0.9285714285714287,0.9628008752735229,1.151376146788991,0.7435897435897437,1.2793296089385477,0.5116279069767441,1.2138364779874216,1.194888178913738
"Anderson, Tim",641313,2023,0.8894736842105264,0.1547554832656378,0.9869352976940374,0.9042904290429042,3.0099330442173335,0.3103448275862069,0.967699385746483,0.9960784313725489,0.9339019189765458,1.0405405405405406,0.36144578313253006,1.4472934472934476,0.06122448979591836,1.128691983122363,1.0784313725490198
"Andrus, Elvis",462101,2015,0.8149171270718232,0.90143180710989,0.985515139510407,0.912718204488778,1.1651333203383913,0.0,0.0,0.6785714285714285,0.7905759162303664,0.897196261682243,0.2727272727272727,1.0498687664041995,0.325,0.9063829787234042,0.8611111111111112
"Andrus, Elvis",462101,2016,0.8844086021505376,0.7617040835908012,0.9865215825723542,0.9025811823480434,1.1975162740235588,0.0,0.0,0.7025862068965517,0.9225,1.0601851851851851,0.2769230769230769,1.1761517615176151,0.391304347826087,0.9270386266094421,0.8526645768025078
"Andrus, Elvis",462101,2017,0.8989361702127661,0.6332933793180336,0.9883002859636505,0.8846153846153846,1.2572091656485456,0.0,0.0,0.8227848101265823,0.8615384615384616,0.9551569506726457,0.6363636363636364,1.1956521739130437,0.7254901960784313,1.0193965517241377,1.1056105610561056
"Andrus, Elvis",462101,2018,0.8172043010752688,0.6884338909060972,0.9847677648273057,0.9013968775677896,1.415197655022547,0.0,0.0,0.8319672131147542,0.7946859903381642,0.8789237668161435,0.591549295774648,1.2416666666666667,0.38297872340425526,1.0450643776824033,1.1282894736842106
"Andrus, Elvis",462101,2019,0.8883116883116884,0.545230019043614,0.9956697361564,0.9268292682926829,1.520021361988607,0.0,0.0,0.784,0.8581395348837209,0.9374999999999999,0.4487179487179488,1.2090395480225988,0.42105263157894735,0.9851380042462847,1.1277258566978192
"Andrus, Elvis",462101,2021,0.8894736842105264,0.6320627815615839,0.9820883764438725,0.8985270049099836,1.473305399054057,0.0,0.0,0.782608695652174,0.8351177730192719,1.1045454545454545,0.25,1.1242937853107347,0.13725490196078433,1.029598308668076,1.096989966555184
"Andrus, Elvis",462101,2022,0.8672086720867209,0.9252486674561131,0.9878696449479942,0.8978758169934641,1.2149970830902574,0.0,0.0,0.8531746031746033,0.8424507658643325,0.8211009174311926,0.576923076923077,1.0754189944134078,0.8372093023255813,0.9538784067085955,1.0575079872204474
"Andrus, Elvis",462101,2023,0.7684210526315789,0.4612972568131324,0.9789378215878223,0.9026402640264026,1.6751738298479215,1.0413793103448277,0.9595834548729636,0.7882352941176471,0.7292110874200427,0.8468468468468469,0.3132530120481928,1.358974358974359,0.4081632653061224,0.9472573839662447,1.0
"Andujar, Miguel",609280,2018,0.9677419354838709,0.9681400597942611,1.0069936757361395,0.9071487263763353,1.105463688361579,0.0,0.0,0.8032786885245903,1.0169082125603865,1.0358744394618835,0.8732394366197184,1.0305555555555557,1.1914893617021278,1.1394849785407726,1.1743421052631577
"Andujar, Miguel",609280,2024,0.8235294117647058,0.6924178523586505,0.9709951568574829,0.9119341563786008,1.7022220887110606,0.9387755102040818,0.9934594403568036,0.64,0.9112554112554112,0.9004524886877828,0.3375,1.2758620689655173,0.3333333333333333,1.0564853556485356,1.234113712374582
"Andujar, Miguel",609280,2025,0.8689839572192514,0.8588267895448223,0.985099572070217,0.9064279902359642,1.4233281280371093,1.1369863013698631,0.989075459185965,0.7188755020080321,0.9366053169734152,0.9330357142857141,0.4888888888888888,1.1647058823529413,0.6875000000000001,1.1263157894736842,1.1827586206896554
"Aoki, Norichika",493114,2015,0.7458563535911603,0.13795049439138854,0.9627280866143987,0.8719866999168745,2.3003600697635163,0.0,0.0,0.4196428571428571,0.5759162303664921,0.7850467289719627,0.1636363636363636,1.47244094488189,0.375,0.9617021276595745,0.8981481481481481
"Aoki, Norichika",493114,2016,0.7096774193548387,0.25896973181267424,0.9810285788970917,0.8726061615320566,2.3936195494936974,0.0,0.0,0.5517241379310345,0.7249999999999999,0.7685185185185185,0.12307692307692308,1.3875338753387536,0.23913043478260868,1.01931330472103,0.7962382445141065
"Aoki, Norichika",493114,2017,0.7792553191489361,0.35222017713489834,0.9822697138703611,0.8723404255319148,1.7631655469358538,0.0,0.0,0.6075949367088607,0.7256410256410256,0.7399103139013453,0.1515151515151515,1.3804347826086958,0.33333333333333337,0.9913793103448275,0.8745874587458745
"Aranda, Jonathan",666018,2025,1.2941176470588236,1.0857348005229495,1.0420575149300293,0.9064279902359642,0.9597974849205463,0.6438356164383562,0.9917860123842048,1.0,1.2985685071574642,1.2723214285714284,1.4333333333333333,0.7264705882352941,1.1041666666666667,1.0252631578947367,0.9655172413793106
"Arcia, Orlando",606115,2017,0.8457446808510638,0.5306132651777827,0.9769442416751476,0.8780687397708674,1.4741220146512877,0.0,0.0,1.0886075949367089,0.7538461538461538,0.8923766816143498,0.5909090909090908,1.271739130434783,0.6666666666666667,1.170258620689655,1.0792079207920793
"Arcia, Orlando",606115,2018,0.7795698924731183,0.31269186456867437,0.9746210698417644,0.8824979457682827,2.2920425694405986,0.0,0.0,1.1885245901639343,0.7777777777777779,0.7578475336322871,0.323943661971831,1.3194444444444444,0.2340425531914893,1.1309012875536482,1.049342105263158
"Arcia, Orlando",606115,2019,0.8129870129870129,0.49339227307877437,0.9884121078012296,0.9243061396131202,1.6104857586742618,0.0,0.0,0.988,0.7790697674418605,0.8214285714285713,0.5641025641025641,1.3135593220338984,0.631578947368421,1.0084925690021234,1.0186915887850467
"Arcia, Orlando",606115,2023,0.9052631578947368,0.47277154512921576,0.9920223402273618,0.9026402640264026,1.5919089662123427,1.0482758620689656,0.9942122492206608,0.9529411764705883,1.019189765458422,0.891891891891892,0.8313253012048193,1.3105413105413108,0.8979591836734692,0.9746835443037976,0.9183006535947713
"Arcia, Orlando",606115,2024,0.8101604278074866,0.6565670930945744,0.9946749349497117,0.8872427983539094,1.5561535843214247,1.0204081632653061,0.9973093543356334,1.064,0.9177489177489176,0.8099547511312216,0.6375,1.2471264367816093,0.8888888888888888,1.0292887029288704,0.9364548494983279
"Arenado, Nolan",571448,2015,1.0856353591160222,1.4596717539943955,1.0254600780512257,0.916043225270158,0.7144575050889793,0.0,0.0,0.9464285714285713,1.2146596858638743,1.1448598130841123,1.5090909090909093,0.7349081364829397,2.0500000000000003,1.1531914893617021,1.1080246913580247
"Arenado, Nolan",571448,2016,1.010752688172043,1.5974294501507258,1.010005416050009,0.9258950874271441,0.6923692911758628,0.0,0.0,0.8146551724137929,1.2049999999999998,0.9629629629629629,1.3846153846153846,0.7831978319783198,1.6956521739130437,1.0472103004291844,1.115987460815047
"Arenado, Nolan",571448,2017,1.0797872340425532,1.4507769051343038,1.0152093436475123,0.8993453355155483,0.6756392567151734,0.0,0.0,0.9831223628691984,1.123076923076923,1.0941704035874438,1.2878787878787878,0.7744565217391304,1.4313725490196079,1.0387931034482756,1.0264026402640265
"Arenado, Nolan",571448,2018,1.067204301075269,1.20848524132288,1.0145596415210394,0.8972884141331142,0.9410145446383688,0.0,0.0,1.0081967213114755,1.1014492753623188,1.0448430493273542,1.0140845070422535,0.8999999999999999,1.6595744680851063,1.0686695278969955,1.0723684210526316
"Arenado, Nolan",571448,2019,0.9558441558441558,1.3684634825116697,1.006763667020049,0.9243061396131202,0.8881492482377562,0.0,0.0,0.836,1.0627906976744186,0.9508928571428571,1.0256410256410258,0.8757062146892656,1.4385964912280702,1.091295116772824,1.1931464174454827
"Arenado, Nolan",571448,2021,0.8921052631578947,1.576541694047881,1.0020505014481493,0.9050736497545008,0.6615570359830111,0.0,0.0,0.7312252964426877,1.1070663811563168,0.9409090909090909,0.8095238095238095,0.7514124293785311,1.3333333333333335,0.9894291754756872,1.11371237458194
"Arenado, Nolan",571448,2022,0.962059620596206,1.7249530227105168,1.003399977017625,0.9101307189542484,0.6611091598903083,0.0,0.0,0.753968253968254,1.1575492341356675,1.073394495412844,1.0512820512820515,0.664804469273743,1.4186046511627908,1.0125786163522013,1.1693290734824282
"Arenado, Nolan",571448,2023,0.9421052631578947,1.3242312272345573,0.9983252066854159,0.9100660066006601,0.9004731017000279,1.696551724137931,1.0033086894430236,0.7921568627450981,0.9872068230277187,0.8963963963963966,0.8795180722891566,0.8974358974358976,1.1428571428571428,1.0232067510548524,1.2418300653594772
"Arenado, Nolan",571448,2024,0.8475935828877006,1.2730274150108427,0.972988839845627,0.8847736625514403,0.9596270051075138,2.0272108843537415,0.9889526329716966,0.688,0.8961038961038961,1.0361990950226245,0.4,0.9396551724137933,0.7111111111111111,0.9790794979079499,1.076923076923077
"Arenado, Nolan",571448,2025,0.7967914438502673,1.414856226900091,0.9722688840705714,0.8812042310821806,0.7971863957616675,2.068493150684932,0.9962592360887632,0.7188755020080321,0.9366053169734152,0.7767857142857142,0.43333333333333335,0.9411764705882353,0.7083333333333335,1.0336842105263158,1.217241379310345
"Arias, Gabriel",672356,2023,1.1026315789473684,0.23818323660459764,1.0091051058690463,0.9438943894389439,1.6069981507262037,0.6068965517241379,1.0531403680301747,1.4901960784313726,1.140724946695096,0.990990990990991,1.2048192771084336,1.3105413105413108,1.0204081632653061,1.168776371308017,0.957516339869281
"Arias, Gabriel",672356,2025,1.0855614973262033,0.43691614999192235,1.00475064223659,0.9178193653376728,1.4104301652563889,0.6986301369863014,1.0442190666123679,1.6305220883534137,1.0674846625766872,0.9107142857142856,1.2555555555555555,1.2117647058823529,0.8333333333333334,1.2042105263157894,1.2103448275862068
"Arozarena, Randy",668227,2021,0.9605263157894737,0.6164281502799694,1.009629451974745,0.9214402618657938,1.3790203003589525,0.0,0.0,1.284584980237154,1.0599571734475375,0.8636363636363636,0.9761904761904763,1.1497175141242937,1.0784313725490198,0.9323467230443976,1.0066889632107023
"Arozarena, Randy",668227,2022,0.9674796747967479,0.7160995181547507,1.0159285195390477,0.93218954248366,1.6517334199146225,0.0,0.0,1.1349206349206349,1.0284463894967177,0.8486238532110092,1.012820512820513,1.2039106145251397,1.069767441860465,0.9664570230607967,1.1661341853035143
"Arozarena, Randy",668227,2023,1.0394736842105263,0.8740271557022457,1.0280012177700004,0.943069306930693,1.0772839454868255,0.8896551724137932,1.0116113443355914,1.1450980392156862,1.2899786780383795,0.954954954954955,1.4578313253012047,1.01994301994302,1.1224489795918366,0.9071729957805907,1.1241830065359477
"Arozarena, Randy",668227,2024,0.9973262032085561,0.9919793133062191,1.019296947226774,0.922633744855967,1.1424702219735348,1.2789115646258504,1.0206332926369206,1.188,1.0844155844155843,0.8054298642533937,1.05,1.0201149425287357,1.1555555555555557,0.8556485355648535,1.0434782608695652
"Arozarena, Randy",668227,2025,1.0561497326203209,0.9588742069394419,1.0204200971144206,0.9137510170870626,1.0426756466430849,0.815068493150685,1.0076107828992444,1.1967871485943775,1.2331288343558282,0.9642857142857143,1.2777777777777777,0.9794117647058824,1.3125,0.9263157894736842,0.9827586206896551
"Arraez, Luis",650333,2019,0.8415584415584416,0.8768226373581582,0.9788620188630116,0.8595458368376787,0.9669924732021878,0.0,0.0,0.316,0.5627906976744186,1.1696428571428572,0.3461538461538462,0.9858757062146892,0.22807017543859648,0.8938428874734609,0.9221183800623052
"Arraez, Luis",650333,2021,0.9052631578947368,0.7682110043521887,0.995874333993382,0.8527004909983633,1.0584912575728176,0.0,0.0,0.42687747035573126,0.683083511777302,1.2272727272727273,0.2738095238095238,0.9745762711864407,0.09803921568627452,0.9154334038054969,0.8896321070234114
"Arraez, Luis",650333,2022,0.9051490514905149,1.0350107469305634,1.004678148691708,0.8766339869281045,0.9275568045971044,0.0,0.0,0.28174603174603174,0.7483588621444202,1.2339449541284404,0.4615384615384615,0.9050279329608939,0.372093023255814,0.8972746331236897,0.939297124600639
"Arraez, Luis",650333,2023,0.9447368421052631,0.8769982155021459,0.9906284714677237,0.858085808580858,0.9758257504409763,0.6551724137931035,0.8937092743539399,0.30588235294117644,0.5970149253731344,1.3108108108108107,0.42168674698795183,0.9715099715099718,0.36734693877551017,1.0738396624472575,0.9738562091503268
"Arraez, Luis",650333,2024,0.8796791443850268,1.008821716547072,0.971732151908543,0.8921810699588478,0.9095938207951647,0.5646258503401361,0.8814590090783799,0.276,0.5692640692640693,1.1674208144796379,0.21250000000000002,1.0057471264367817,0.15555555555555556,1.0355648535564854,1.1270903010033446
"Arraez, Luis",650333,2025,0.7780748663101604,0.8862825570036849,0.95981872218847,0.8771358828315703,1.0541065787417985,0.815068493150685,0.8719035706490375,0.20080321285140562,0.40899795501022496,1.1160714285714284,0.13333333333333333,1.0911764705882354,0.27083333333333337,1.0273684210526315,1.1103448275862071
"Arroyo, Christian",624414,2022,1.029810298102981,0.7190576439564965,1.0048734954393295,0.9166666666666666,1.6682009685017611,0.0,0.0,0.8214285714285714,1.0568927789934353,1.0458715596330275,0.8333333333333334,1.022346368715084,0.6046511627906977,1.2033542976939204,1.1661341853035143
"Asche, Cody",605125,2015,1.0193370165745856,1.3406446179721687,0.9848609109091863,0.9060681629260183,0.781307012036399,0.0,0.0,1.1160714285714284,1.0261780104712042,1.0280373831775702,1.0363636363636364,0.9107611548556429,0.95,1.0361702127659573,1.0061728395061729
"Asuaje, Carlos",641319,2017,0.8457446808510638,1.1814619186883375,0.9650924898001949,0.8436988543371522,0.8844732087907726,0.0,0.0,0.8523206751054854,0.5384615384615384,1.2914798206278024,0.25757575757575757,0.9483695652173914,0.33333333333333337,0.9913793103448275,0.7986798679867987
"Aviles, Mike",449107,2015,0.8011049723756906,0.9568878758772944,0.9820747258890559,0.8844555278470491,1.1182611631003507,0.0,0.0,0.6517857142857142,0.8586387434554974,0.8317757009345795,0.14545454545454548,1.1627296587926508,0.5,0.9468085106382979,0.9320987654320988
"Aybar, Erick",430947,2015,0.8701657458563536,0.574820005489687,0.9649183275249116,0.8985868661679135,1.339922653492375,0.0,0.0,0.6026785714285714,0.5837696335078534,0.94392523364486,0.1636363636363636,1.1863517060367454,0.15,1.1042553191489362,1.234567901234568
"Aybar, Erick",430947,2016,0.7150537634408602,0.4972139918414601,0.9562588217475941,0.8950874271440467,1.8371807191568506,0.0,0.0,0.6853448275862069,0.445,0.8472222222222222,0.0923076923076923,1.3523035230352303,0.1956521739130435,1.0793991416309012,1.2288401253918495
"Aybar, Erick",430947,2017,0.7473404255319149,0.5991426536693782,0.9427063723153372,0.8608837970540099,1.253850909013739,0.0,0.0,0.7004219409282701,0.5128205128205128,0.7488789237668161,0.27272727272727265,1.3233695652173914,0.4901960784313726,1.025862068965517,1.0792079207920793
"Baddoo, Akil",668731,2021,1.0026315789473683,1.0839383374412686,0.9678637976476623,0.9148936170212766,0.7560651839805841,0.0,0.0,1.2055335968379446,0.8029978586723768,0.9636363636363636,1.0595238095238095,1.0112994350282485,0.8627450980392156,0.9746300211416491,0.8929765886287627
"Baddoo, Akil",668731,2023,0.9236842105263158,0.8218524179477903,0.9877659521427476,0.9216171617161716,1.0055485504544082,0.6,1.0172692943454114,0.9921568627450981,0.9061833688699361,0.7342342342342343,0.7590361445783131,1.1481481481481484,1.0204081632653061,0.9810126582278481,0.9052287581699348
"Bader, Harrison",664056,2018,0.978494623655914,1.0833756209481598,0.983290905593019,0.933442892358258,0.9473943042630357,0.0,0.0,1.1639344262295082,0.9082125603864735,1.0582959641255605,0.9859154929577466,0.9805555555555555,1.0,0.9699570815450644,0.9440789473684211
"Bader, Harrison",664056,2019,1.0025974025974027,1.161646146860265,0.9911102950469343,0.9352396972245585,0.8410226498405516,0.0,0.0,1.072,0.9372093023255815,1.0044642857142856,1.2820512820512822,0.903954802259887,0.9122807017543859,0.8704883227176222,0.9096573208722741
"Bader, Harrison",664056,2021,0.8894736842105264,1.0424442950312396,0.9704185468542437,0.9124386252045826,0.8729116215048561,0.0,0.0,0.9881422924901185,0.8115631691648821,0.7272727272727273,0.7976190476190476,1.0508474576271187,1.1176470588235294,0.9978858350951374,1.1237458193979935
"Bader, Harrison",664056,2022,0.8373983739837398,1.2939605335159865,0.9411933574207503,0.8954248366013071,0.8159064484881937,0.0,0.0,0.8968253968253969,0.6433260393873085,0.8440366972477064,0.39743589743589747,0.9916201117318436,0.41860465116279066,1.0020964360587001,1.2651757188498403
"Bader, Harrison",664056,2023,0.8447368421052631,1.3770481878030894,0.9641488757020238,0.9092409240924092,0.6547029502958608,1.4275862068965517,0.9903233454763599,0.9686274509803922,0.7825159914712154,0.9054054054054055,0.6385542168674698,0.9401709401709403,0.5510204081632653,1.0232067510548524,1.277777777777778
"Bader, Harrison",664056,2024,0.9438502673796791,0.8912895169109407,0.9826528322123435,0.9193415637860083,1.1472410384249103,1.108843537414966,0.9956632412713438,0.9840000000000001,0.8593073593073594,0.918552036199095,0.8125,1.0833333333333335,0.8666666666666667,0.9748953974895398,1.2140468227424748
"Bader, Harrison",664056,2025,0.9759358288770054,0.9333365724007286,0.9781643742123947,0.9137510170870626,1.2795790683398292,1.1369863013698631,1.0243032737661864,1.1686746987951806,1.0388548057259714,1.0357142857142858,1.1444444444444444,1.1735294117647062,1.1458333333333335,1.0126315789473685,1.2344827586206897
"Bae, Ji Hwan",678225,2023,0.8236842105263158,0.01210954202220543,0.9699191814926714,0.9092409240924092,2.5109346105096932,0.44137931034482764,0.925427701274839,0.988235294117647,0.8848614072494669,0.8423423423423423,0.25301204819277107,1.5612535612535616,0.16326530612244897,0.9873417721518989,1.0
"Baez, Javier",595879,2016,0.9354838709677419,1.1381514592662663,0.9904493332570445,0.9350541215653623,0.9812958610543069,0.0,0.0,1.2413793103448274,0.9199999999999999,0.8101851851851851,0.8769230769230769,1.016260162601626,0.9565217391304347,1.1373390557939913,1.4043887147335423
"Baez, Javier",595879,2017,1.0638297872340425,0.8479761044437141,1.003464341359968,0.9271685761047462,1.1419255043073355,0.0,0.0,1.540084388185654,1.0717948717948718,0.8161434977578474,1.3030303030303028,1.1032608695652175,1.392156862745098,1.211206896551724,1.396039603960396
"Baez, Javier",595879,2018,1.206989247311828,0.7668250030741994,1.019356478868988,0.934264585045193,1.1617525309072627,0.0,0.0,1.3893442622950822,1.1642512077294684,0.9775784753363229,1.7887323943661972,1.1055555555555556,1.6382978723404256,1.240343347639485,1.4078947368421053
"Baez, Javier",595879,2019,1.161038961038961,0.5944979763768148,1.0253030331939381,0.9596299411269974,1.3069835921572739,0.0,0.0,1.42,1.095348837209302,0.9910714285714285,1.6410256410256412,1.1779661016949152,1.368421052631579,1.1762208067940554,1.3862928348909658
"Baez, Javier",595879,2021,1.2,0.8590553664399536,1.0093717544509926,0.9549918166939444,1.0802410779339031,0.0,0.0,1.6086956521739129,1.1220556745182013,0.9409090909090909,1.607142857142857,1.1242937853107347,1.9019607843137258,1.2029598308668075,1.5819397993311037
"Baez, Javier",595879,2022,0.9647696476964769,0.768364332760566,0.9924724591460548,0.9158496732026143,1.1435619186903567,0.0,0.0,1.4206349206349205,0.986870897155361,0.9174311926605504,1.0256410256410258,1.2067039106145254,0.9534883720930234,1.1698113207547172,1.6102236421725238
"Baez, Javier",595879,2023,0.886842105263158,0.7376882451785505,0.9901859362953319,0.9331683168316831,1.2270489755545044,1.0206896551724138,1.051884221355911,1.2823529411764707,0.9914712153518124,0.8558558558558559,0.6265060240963856,1.2279202279202281,0.4693877551020407,1.1540084388185654,1.4640522875816997
"Baez, Javier",595879,2024,0.8850267379679145,0.8387147773794762,0.9960483407690397,0.9144032921810699,1.0127686137865808,1.401360544217687,1.0504169793408755,1.204,0.9502164502164502,0.8144796380090498,0.975,1.192528735632184,0.6444444444444445,1.096234309623431,1.5719063545150502
"Baez, Javier",595879,2025,0.9197860962566844,0.8554182396365347,0.9881068445712974,0.8950366151342555,0.9614742799675773,1.2397260273972603,1.0308850088082544,1.2329317269076305,0.8875255623721882,0.9374999999999999,0.6111111111111112,1.1323529411764706,0.8125,1.16,1.5482758620689656
"Bailey, Patrick",672275,2023,1.0710526315789473,0.7912098447739806,0.9966925613882617,0.896039603960396,1.1717694849045235,0.6689655172413794,0.991049848403673,1.031372549019608,0.9530916844349681,1.0945945945945947,1.2289156626506021,1.045584045584046,0.6326530612244897,0.978902953586498,0.911764705882353
"Bailey, Patrick",672275,2024,1.018716577540107,0.8785760946321238,1.0214596007451535,0.9061728395061728,1.0461961736668606,1.0,1.0003146695427438,0.944,1.0649350649350648,1.1402714932126696,0.7000000000000001,0.9597701149425287,0.5777777777777778,1.00418410041841,0.8528428093645485
"Bailey, Patrick",672275,2025,0.9064171122994653,1.143430587526166,0.9826295781494467,0.8934092758340113,0.8077918219195682,1.2465753424657535,1.0046913013119796,1.1646586345381524,0.869120654396728,0.8303571428571428,0.6333333333333333,0.8941176470588235,0.43750000000000006,1.0294736842105263,0.9862068965517242
"Baldwin, Brooks",681460,2025,1.0374331550802138,1.1243879730666895,0.9951928546222676,0.8966639544344995,0.8051003527171707,0.7739726027397261,0.9912834943448456,1.0120481927710843,0.9754601226993864,1.0,1.2444444444444445,1.0029411764705882,1.0625,1.1136842105263158,1.0827586206896553
"Baldwin, Drake",686948,2025,1.018716577540107,0.483576076254065,1.0264426549969907,0.9153783563873067,1.3848431581031617,0.6438356164383562,1.0493997566321391,0.779116465863454,1.1840490797546013,1.0,1.1888888888888889,1.2470588235294118,1.1875,1.0421052631578946,0.993103448275862
"Barger, Addison",680718,2025,1.1016042780748663,0.8827788976869692,1.0252968014858923,0.9479251423921887,1.2151398346824276,0.7876712328767124,1.0617566685066728,1.0562248995983936,1.3558282208588956,0.9821428571428571,1.2666666666666666,0.9823529411764705,1.3125,1.0336842105263158,1.0586206896551724
"Barney, Darwin",446381,2016,0.8198924731182795,0.8992975605995932,0.9705634937624994,0.8601165695253955,1.307885246397411,0.0,0.0,0.7715517241379308,0.6875000000000001,0.9953703703703703,0.26153846153846155,1.0921409214092141,0.36956521739130443,1.0429184549356223,0.7554858934169277
"Barney, Darwin",446381,2017,0.7420212765957448,0.9490191518363756,0.9413526766859147,0.8322422258592471,1.2473340123972432,0.0,0.0,0.7468354430379747,0.3769230769230769,0.9730941704035874,0.06060606060606061,1.1983695652173914,0.4313725490196078,1.0711206896551724,1.0297029702970297
"Barnhart, Tucker",571466,2015,0.8232044198895028,0.7621861048465264,0.9660900727209335,0.8653366583541147,1.135408143222486,0.0,0.0,0.7678571428571428,0.5366492146596858,1.0280373831775702,0.09090909090909091,1.010498687664042,0.375,1.0680851063829788,0.8888888888888888
"Barnhart, Tucker",571466,2016,0.8736559139784946,0.7781246491454649,0.9657479835680953,0.8751040799333888,1.0834374202253747,0.0,0.0,0.900862068965517,0.64,1.0833333333333333,0.4,1.100271002710027,0.5,1.0236051502145922,0.8965517241379309
"Barnhart, Tucker",571466,2017,0.9069148936170214,0.7938465317467442,0.9828452670166286,0.8551554828150573,1.1956767452171555,0.0,0.0,0.810126582278481,0.7666666666666666,1.1928251121076234,0.34848484848484845,1.046195652173913,0.45098039215686275,1.025862068965517,0.8382838283828382
"Barnhart, Tucker",571466,2018,0.8655913978494624,0.9597636951848808,0.9757201777247667,0.8759244042728019,1.112749699034871,0.0,0.0,0.8319672131147542,0.8019323671497586,1.062780269058296,0.4929577464788733,1.088888888888889,0.574468085106383,0.9763948497854077,0.9276315789473684
"Barnhart, Tucker",571466,2019,0.8259740259740259,0.908570477826035,0.973008023825542,0.904121110176619,1.1544643388388773,0.0,0.0,0.96,0.7023255813953488,1.0714285714285714,0.39743589743589747,1.1045197740112995,0.8596491228070176,0.9915074309978771,0.9813084112149533
"Barnhart, Tucker",571466,2021,0.8105263157894737,1.1960368590215698,0.975938211082385,0.8731587561374795,0.8434852208783391,0.0,0.0,1.0355731225296443,0.8029978586723768,1.1227272727272728,0.47619047619047616,0.9124293785310736,0.5490196078431373,1.0634249471458774,0.9832775919732442
"Barnhart, Tucker",571466,2022,0.7371273712737128,0.7356881802564438,0.9471831727869559,0.8594771241830065,1.4239274213022026,0.0,0.0,0.9007936507936508,0.636761487964989,0.889908256880734,0.24358974358974358,1.2486033519553075,0.11627906976744186,0.9643605870020965,0.8434504792332269
"Baty, Brett",683146,2023,1.0078947368421052,0.51689777160664,1.006054460099352,0.9381188118811882,1.33391349766162,0.496551724137931,1.0582256973730313,1.2392156862745098,1.1087420042643923,1.0450450450450453,0.927710843373494,1.2165242165242165,0.7551020408163264,0.9725738396624474,0.9640522875816994
"Baty, Brett",683146,2025,1.1122994652406417,0.4223993828795768,1.0150553136485394,0.9406021155410902,1.5826559035636512,0.6095890410958904,1.0445958655574792,1.100401606425703,1.1513292433537832,1.0624999999999998,1.4333333333333333,1.2352941176470589,1.3125,0.9810526315789474,0.8793103448275863
"Bauers, Jake",641343,2018,0.9220430107526882,0.9380508973243471,0.9861765345140227,0.9038619556285948,1.1813823902796912,0.0,0.0,1.1680327868852458,0.8961352657004832,1.0,0.943661971830986,1.0416666666666667,0.9574468085106382,0.8648068669527897,0.8980263157894738
"Bauers, Jake",641343,2019,0.9090909090909091,1.1636459294197,0.9894309011138096,0.92094196804037,0.9091451863483737,0.0,0.0,0.956,0.8953488372093024,1.0491071428571428,0.6410256410256411,1.0,0.8070175438596491,0.8917197452229301,0.8753894080996885
"Bauers, Jake",641343,2021,0.9210526315789473,1.5385111472758326,0.985685480571415,0.9189852700490998,0.7197740551495161,0.0,0.0,1.0632411067193677,0.9336188436830835,1.1136363636363635,0.6428571428571429,0.8587570621468926,0.3921568627450981,1.0042283298097252,0.899665551839465
"Bautista, Jose",430832,2015,1.12707182320442,1.523066550655743,1.0418020523375704,0.9667497921862012,0.685274728500386,0.0,0.0,0.9107142857142856,1.4267015706806283,0.8411214953271029,2.290909090909091,0.7874015748031495,2.25,0.8382978723404255,0.8148148148148149
"Bautista, Jose",430832,2016,1.032258064516129,1.2529530058416143,1.0326319194750482,0.9600333055786845,0.9961639801611902,0.0,0.0,0.918103448275862,1.3275000000000001,1.0138888888888888,1.276923076923077,0.8292682926829268,1.4782608695652177,0.7875536480686696,0.8463949843260188
"Bautista, Jose",430832,2017,0.925531914893617,1.3913293171806707,1.0088406099230138,0.9238952536824877,0.7880526493418833,0.0,0.0,1.1898734177215189,1.0512820512820513,0.8295964125560538,1.0,0.8559782608695653,1.0784313725490198,0.8836206896551723,0.9933993399339933
"Bautista, Jose",430832,2018,1.0698924731182797,1.524766836370833,1.0248588376150556,0.9194741166803616,0.8841615825664674,0.0,0.0,1.2622950819672132,1.2536231884057971,0.9506726457399103,1.1267605633802817,0.7194444444444446,1.297872340425532,0.8454935622317596,0.9309210526315789
"Beaty, Matt",607461,2019,0.877922077922078,0.7975180746009984,1.006538446781652,0.9613120269133725,1.442413257379596,0.0,0.0,0.72,1.0813953488372092,0.8303571428571428,0.6538461538461539,1.1836158192090396,0.7368421052631579,0.9808917197452232,1.1339563862928348
"Beck, Jordan",687597,2025,1.053475935828877,0.9505275490196093,0.9696415298362895,0.9259560618388933,0.9425738836222387,1.089041095890411,1.0185399237078863,1.2570281124497993,0.8711656441717792,1.0624999999999998,1.0666666666666667,1.061764705882353,0.9166666666666666,0.9936842105263157,0.9862068965517242
"Beckham, Tim",542921,2017,1.1648936170212767,0.7321281857165787,1.008878800851512,0.9009819967266776,1.3698911651304895,0.0,0.0,1.3122362869198314,1.1076923076923078,1.0762331838565022,1.4696969696969697,1.097826086956522,1.196078431372549,1.0883620689655171,0.9933993399339933
"Beckham, Tim",542921,2018,0.9569892473118279,0.7761734600874044,0.9837755491856117,0.913722267871816,1.1957374472387547,0.0,0.0,1.1598360655737705,0.9637681159420292,0.9417040358744394,0.8309859154929577,1.0861111111111112,0.9361702127659572,1.0321888412017168,0.9210526315789476
"Bell, Josh",605137,2017,0.9707446808510638,0.7074342315850369,1.0014556981362692,0.9198036006546645,1.4134585572582303,0.0,0.0,0.9957805907172995,0.9641025641025641,0.874439461883408,0.9848484848484848,1.108695652173913,1.1372549019607845,0.9374999999999999,0.9966996699669967
"Bell, Josh",605137,2018,0.9596774193548386,0.7292355421391896,1.0178025041298715,0.9498767460969597,1.3626843532484731,0.0,0.0,1.0040983606557377,1.0917874396135268,0.874439461883408,0.9859154929577466,1.1333333333333333,0.6382978723404255,0.9206008583690987,1.0
"Bell, Josh",605137,2019,1.1532467532467532,1.0086146917723358,1.0404807167790848,0.977291841883936,0.968450324058817,0.0,0.0,1.02,1.2860465116279072,0.9732142857142857,1.6666666666666667,0.9802259887005649,1.5789473684210527,1.021231422505308,1.0373831775700935
"Bell, Josh",605137,2021,1.0526315789473684,0.38640471852264674,1.0410597121667722,0.9476268412438624,1.6602362875628442,0.0,0.0,0.9565217391304347,1.2055674518201283,0.8681818181818183,1.0476190476190474,1.2344632768361583,1.3333333333333335,0.9873150105708246,0.9264214046822744
"Bell, Josh",605137,2022,0.986449864498645,0.6638618257347352,1.004607134595205,0.9166666666666666,1.4669139094924577,0.0,0.0,0.8611111111111112,1.0306345733041573,0.9678899082568806,0.923076923076923,1.1396648044692737,0.8604651162790697,0.9517819706498952,0.9361022364217251
"Bell, Josh",605137,2023,1.0526315789473684,0.7248741350266662,1.012772222365249,0.9405940594059405,1.0874020819913977,1.3379310344827589,1.0183440414886296,1.011764705882353,1.1130063965884862,0.9324324324324325,1.216867469879518,1.0826210826210827,1.0816326530612244,1.0063291139240507,1.0228758169934642
"Bell, Josh",605137,2024,0.9385026737967914,0.7865590586068708,1.0028069369275663,0.9152263374485597,1.1215875824891397,0.7823129251700681,0.9858039426768146,1.072,1.0021645021645023,0.7963800904977374,0.95,1.1954022988505748,1.0,1.0230125523012552,1.0
"Bell, Josh",605137,2025,1.0401069518716577,0.7678150025352299,1.0125392926966523,0.9283970707892595,1.0803940588085519,1.047945205479452,1.025270804820824,0.9518072289156627,1.1697341513292434,0.8973214285714286,1.3333333333333333,1.0676470588235294,1.1875,0.9894736842105263,1.0275862068965518
"Bellinger, Cody",641355,2017,1.2579787234042552,1.3821945599484562,1.0249475226988582,0.923076923076923,0.6517171012142534,0.0,0.0,1.3670886075949367,1.3076923076923077,1.0044843049327354,1.8484848484848482,0.8125,2.274509803921569,0.9590517241379309,0.9141914191419143
"Bellinger, Cody",641355,2018,1.0591397849462365,1.2893185100708353,1.0154644656334957,0.9276910435497124,0.8591462792548307,0.0,0.0,1.2008196721311475,1.1014492753623188,0.9058295964125561,1.2253521126760563,0.9222222222222223,1.3191489361702127,0.9656652360515021,0.8980263157894738
"Bellinger, Cody",641355,2019,1.2623376623376623,1.3456152902148393,1.022869206624218,0.930193439865433,0.6839830607574213,0.0,0.0,0.948,1.169767441860465,1.1517857142857142,1.6282051282051282,0.7033898305084746,1.7543859649122806,0.9426751592356689,0.8940809968847352
"Bellinger, Cody",641355,2021,0.9078947368421052,1.7137576387399531,1.0035836640086675,0.8788870703764321,0.5880506986515653,0.0,0.0,1.1739130434782608,0.8886509635974303,0.9954545454545454,0.8452380952380951,0.7175141242937852,0.8823529411764707,1.0866807610993658,1.0434782608695652
"Bellinger, Cody",641355,2022,0.9701897018970189,1.607819563032302,1.0096692962626694,0.8766339869281045,0.6276889033205598,0.0,0.0,1.0833333333333335,1.0262582056892777,0.9036697247706421,1.076923076923077,0.6899441340782123,1.1860465116279069,1.0440251572327044,1.0223642172523961
"Bellinger, Cody",641355,2023,0.9447368421052631,1.3362615694591158,0.9884744946915,0.900990099009901,0.7008297490667055,0.8827586206896553,0.9814798612116068,0.7882352941176471,0.8528784648187634,1.0585585585585586,0.7469879518072289,0.7891737891737893,1.2653061224489794,1.0548523206751055,0.9901960784313727
"Bellinger, Cody",641355,2024,0.8877005347593583,1.3016441376293444,0.9896553577171422,0.8987654320987655,0.6777365723571815,0.8367346938775511,0.9620164572281759,0.888,0.8095238095238094,0.8280542986425339,0.7875,0.8534482758620691,0.9333333333333333,1.0418410041841004,1.0836120401337792
"Bellinger, Cody",641355,2025,0.9171122994652408,1.3677361064590845,0.9878536869394883,0.8966639544344995,0.5725437136807446,1.1438356164383563,0.9775573068299873,0.7309236947791165,0.9222903885480573,0.9821428571428571,0.8333333333333334,0.8264705882352942,1.1875,1.0147368421052632,1.0827586206896553
"Belt, Brandon",474832,2015,1.3342541436464088,1.4505247498459781,1.0166204384108017,0.9093931837073982,0.49646374304170365,0.0,0.0,1.263392857142857,1.193717277486911,1.5280373831775704,1.8181818181818181,0.6456692913385826,1.3,1.0617021276595744,0.8888888888888888
"Belt, Brandon",474832,2016,1.1989247311827957,1.7888491660197565,0.9828383110047315,0.8834304746044962,0.3771459374202254,0.0,0.0,1.0905172413793103,0.9049999999999999,1.2222222222222223,1.7384615384615385,0.5989159891598916,0.9347826086956522,1.021459227467811,0.8683385579937304
"Belt, Brandon",474832,2017,1.202127659574468,1.7857229122751537,1.0148346944720528,0.8870703764320785,0.42864540851562266,0.0,0.0,1.0548523206751055,1.1923076923076923,1.0941704035874438,1.6515151515151514,0.5733695652173912,1.2745098039215688,0.9849137931034482,0.7986798679867987
"Belt, Brandon",474832,2018,1.1344086021505375,1.8234376235422165,0.9782587158659042,0.8841413311421528,0.32687873655859123,0.0,0.0,1.0614754098360657,0.8961352657004832,1.1121076233183858,1.4788732394366197,0.5944444444444444,1.0212765957446808,1.0429184549356223,0.8157894736842106
"Belt, Brandon",474832,2019,1.0,1.71250661440392,0.9757784067127262,0.8965517241379309,0.3916300526043228,0.0,0.0,0.912,0.9302325581395349,1.03125,1.1153846153846154,0.6440677966101696,0.7368421052631579,0.9808917197452232,0.8411214953271028
"Belt, Brandon",474832,2021,1.2263157894736842,1.7640441896738848,0.9854338699285087,0.8993453355155483,0.41239919126213676,0.0,0.0,1.1225296442687747,1.0899357601713062,1.1045454545454545,2.0357142857142856,0.7005649717514125,2.568627450980393,1.0021141649048626,0.6956521739130436
"Beltran, Carlos",136860,2015,1.0497237569060773,1.401423937978595,1.0260689115872113,0.9376558603491272,0.7800264018544898,0.0,0.0,0.8080357142857141,1.3350785340314135,1.0934579439252339,1.0545454545454547,0.7769028871391075,1.2,0.9702127659574469,1.074074074074074
"Beltran, Carlos",136860,2016,0.9838709677419355,1.0611429160584536,1.0157894469969921,0.9233971690258119,1.001295395960453,0.0,0.0,0.8491379310344827,1.1225,1.0509259259259258,1.0461538461538462,0.9674796747967479,1.3913043478260871,0.9871244635193133,1.0689655172413792
"Beltran, Carlos",136860,2017,0.8643617021276596,1.108709981579022,0.9969261519317087,0.8968903436988542,0.9079737046765177,0.0,0.0,0.8354430379746836,0.9743589743589743,0.8475336322869954,0.6969696969696969,0.9891304347826088,0.7450980392156863,1.0301724137931032,1.2244224422442245
"Beltre, Adrian",134181,2015,1.0497237569060773,1.1342660890411176,1.0129043828147584,0.912718204488778,0.976418884129097,0.0,0.0,0.7455357142857142,1.1858638743455499,1.238317757009346,1.0,0.942257217847769,0.8750000000000001,1.0297872340425531,1.1882716049382716
"Beltre, Adrian",134181,2016,1.0268817204301075,1.2287413535548197,1.0169334468264688,0.9150707743547045,0.9036938535900235,0.0,0.0,0.6551724137931033,1.1774999999999998,1.0694444444444444,1.3076923076923077,0.875338753387534,1.347826086956522,1.055793991416309,1.1661442006269593
"Beltre, Adrian",134181,2017,0.9946808510638298,1.0323071918832596,0.9904303833518401,0.8788870703764321,0.8985124660731657,0.0,0.0,0.7805907172995781,0.9564102564102563,1.0762331838565022,0.8787878787878788,0.9782608695652175,1.1372549019607845,1.0064655172413792,1.1155115511551157
"Beltre, Adrian",134181,2018,1.0188172043010753,1.076216862642184,1.0017439752366528,0.8972884141331142,0.9799098124834213,0.0,0.0,0.9590163934426231,0.9806763285024155,1.2466367713004485,0.9014084507042255,0.9111111111111112,0.9148936170212765,0.9763948497854077,1.082236842105263
"Benintendi, Andrew",643217,2017,0.9734042553191489,1.2114316496571451,1.0001361660259322,0.8878887070376432,0.8464846302619439,0.0,0.0,0.810126582278481,0.9410256410256411,0.9551569506726457,0.8333333333333333,0.9103260869565218,0.8431372549019608,0.9482758620689654,1.0
"Benintendi, Andrew",643217,2018,1.021505376344086,1.0052192516609821,1.00041875077213,0.8997534921939194,0.8379510468922617,0.0,0.0,0.7950819672131149,0.9154589371980676,1.0896860986547086,0.9154929577464789,0.9250000000000002,0.7021276595744681,0.9849785407725321,0.9013157894736843
"Benintendi, Andrew",643217,2019,1.0337662337662339,1.3572753525092769,1.0016287071734866,0.9058031959629941,0.6704656089637964,0.0,0.0,1.016,0.9930232558139533,1.0580357142857142,1.0384615384615385,0.7598870056497176,0.5614035087719298,1.0870488322717624,0.9844236760124611
"Benintendi, Andrew",643217,2021,0.9921052631578947,1.199841875935557,1.004366174983914,0.8805237315875613,0.7163065837885015,0.0,0.0,0.9011857707509882,1.0171306209850106,1.040909090909091,1.0714285714285714,0.8305084745762712,0.823529411764706,1.105708245243129,0.9331103678929767
"Benintendi, Andrew",643217,2022,0.9728997289972899,0.9874733025400229,1.0033841835012125,0.8970588235294117,0.9559785050816091,0.0,0.0,0.8214285714285714,0.9168490153172866,1.036697247706422,0.6538461538461539,0.9329608938547487,0.3023255813953489,1.0104821802935011,0.7476038338658147
"Benintendi, Andrew",643217,2023,0.8736842105263158,1.1388461230878593,0.9697741813128761,0.9001650165016502,0.8077503932221658,0.5379310344827587,0.9383908734550386,0.7607843137254903,0.6076759061833689,1.1531531531531531,0.36144578313253006,0.928774928774929,0.2244897959183673,1.0316455696202531,0.8692810457516341
"Benintendi, Andrew",643217,2024,0.927807486631016,1.2077724211341914,0.9889929110631321,0.9012345679012346,0.7213053520087146,0.8571428571428572,0.9504775656327638,0.84,0.8181818181818181,0.9683257918552035,0.775,0.9137931034482759,1.1555555555555557,1.002092050209205,0.842809364548495
"Benintendi, Andrew",643217,2025,0.9385026737967914,1.4973340131298434,0.9846119715788514,0.8828315703824247,0.6407100946507345,1.2876712328767124,0.9542487872307525,0.9879518072289157,0.899795501022495,0.9241071428571427,1.2333333333333334,0.7970588235294118,1.2083333333333335,1.0589473684210526,1.017241379310345
"Berti, Jon",542932,2022,0.9485094850948509,0.3720922826719119,0.9943980860454179,0.8913398692810457,1.4067626777540103,0.0,0.0,0.9722222222222222,0.8599562363238512,0.9174311926605504,0.7564102564102564,1.2737430167597767,0.3488372093023256,0.9308176100628931,0.779552715654952
"Berti, Jon",542932,2023,0.9710526315789474,0.1807609296365573,0.9591563576203183,0.9133663366336634,1.477401525667639,0.22068965517241382,1.0121008392534592,0.7803921568627452,0.7292110874200427,0.990990990990991,0.5783132530120482,1.3846153846153848,0.4489795918367346,0.9578059071729957,0.6928104575163399
"Bethancourt, Christian",542194,2022,1.0975609756097562,0.7452137522462728,1.0151959197663731,0.9264705882352942,1.2049649970830902,0.0,0.0,1.3849206349206349,1.0765864332603938,1.0,1.5128205128205128,0.9972067039106145,1.069767441860465,1.3060796645702306,1.1405750798722043
"Bethancourt, Christian",542194,2023,0.9052631578947368,0.8555649630124645,0.9868284840215743,0.900990099009901,1.0713321004841359,1.1793103448275863,1.0002751899105342,1.4470588235294117,0.9466950959488273,0.7387387387387389,0.9156626506024095,1.190883190883191,1.0,1.2552742616033756,1.388888888888889
"Betts, Mookie",605141,2015,1.0055248618784531,1.3812759179112477,1.0231372906816765,0.9168744804655029,0.7537256343416536,0.0,0.0,0.6607142857142856,1.1020942408376964,0.9906542056074766,1.0181818181818183,0.7821522309711285,0.8750000000000001,0.8574468085106384,0.8240740740740742
"Betts, Mookie",605141,2016,0.9462365591397849,1.0732398659615878,1.0127375709343573,0.95503746877602,0.977150837861493,0.0,0.0,0.6163793103448275,1.0825,0.8287037037037036,0.8,1.016260162601626,1.1304347826086958,0.8862660944206008,0.8213166144200628
"Betts, Mookie",605141,2017,0.9148936170212765,1.1824512759889274,1.0096894505399057,0.9140752864157119,1.17929761172103,0.0,0.0,0.6624472573839663,1.0564102564102562,1.0852017937219731,0.6969696969696969,0.9646739130434784,0.8627450980392156,0.7715517241379308,0.9174917491749176
"Betts, Mookie",605141,2018,1.2741935483870968,1.4590655222652587,1.0421840695909232,0.9087921117502054,0.678479394369513,0.0,0.0,0.639344262295082,1.3864734299516908,1.053811659192825,2.0,0.6527777777777778,1.5744680851063828,0.7618025751072961,0.7796052631578948
"Betts, Mookie",605141,2019,1.1454545454545455,1.4707361402577555,1.0252441274571424,0.9192598822539949,0.6458643757581777,0.0,0.0,0.58,1.2069767441860464,1.075892857142857,1.3205128205128205,0.7033898305084746,1.0175438596491229,0.8131634819532909,0.7881619937694704
"Betts, Mookie",605141,2021,0.9631578947368421,1.4842706809308157,1.0166006084441819,0.8829787234042553,0.7367929341928436,0.0,0.0,0.6600790513833992,0.9978586723768736,0.9727272727272727,0.9047619047619047,0.807909604519774,1.1176470588235294,0.8541226215644822,0.7658862876254182
"Betts, Mookie",605141,2022,1.029810298102981,1.4845240834880975,1.0227292546782811,0.8905228758169934,0.5853203284181728,0.0,0.0,0.6547619047619048,1.1159737417943107,1.0321100917431192,1.2564102564102566,0.73463687150838,1.7209302325581395,0.9266247379454928,0.817891373801917
"Betts, Mookie",605141,2023,1.1552631578947368,1.6013370686039778,1.039698502156088,0.9084158415841583,0.5538859839237709,1.8689655172413795,1.001380761818973,0.6549019607843137,1.1705756929637527,1.2162162162162162,1.506024096385542,0.6267806267806268,1.6530612244897958,0.8037974683544304,0.7254901960784313
"Betts, Mookie",605141,2024,0.9812834224598931,1.6103742561835812,1.0137884563326292,0.9004115226337449,0.5102957721277602,1.761904761904762,0.9739927730612836,0.596,0.9372294372294371,1.253393665158371,0.75,0.5948275862068966,1.0666666666666667,0.8451882845188287,0.899665551839465
"Betts, Mookie",605141,2025,0.8823529411764707,1.3382977727395982,0.9976811344469926,0.8820179007323027,0.6558993425842649,1.6712328767123288,0.964441883555247,0.6144578313253012,0.8077709611451943,1.0,0.6111111111111112,0.7852941176470589,0.7916666666666666,0.8673684210526315,0.8862068965517242
"Bichette, Bo",666182,2021,1.0894736842105261,0.5588977728762675,1.0294768231091322,0.9451718494271686,1.3330998385468977,0.0,0.0,0.8893280632411067,1.2034261241970021,0.9272727272727272,1.1785714285714286,1.0847457627118644,1.1176470588235294,1.221987315010571,1.160535117056856
"Bichette, Bo",666182,2022,1.102981029810298,0.6789363770998861,1.0377749229728204,0.9183006535947712,1.2623442826584754,0.0,0.0,0.9126984126984127,1.2713347921225382,1.0275229357798166,1.2307692307692308,1.058659217877095,1.1162790697674418,1.1719077568134175,1.0287539936102237
"Bichette, Bo",666182,2023,1.1157894736842104,0.5031472257526153,1.0135960057715723,0.9356435643564357,1.59326312379692,0.6896551724137931,0.9932771576933203,0.8313725490196078,1.072494669509595,1.2072072072072073,1.1686746987951808,1.0826210826210827,0.8979591836734692,1.1940928270042193,1.0588235294117647
"Bichette, Bo",666182,2024,0.9304812834224598,0.5586673077771517,1.0062842161769052,0.9152263374485597,1.6926884148628145,0.8503401360544218,0.9946711583188345,0.8759999999999999,1.0995670995670994,1.1402714932126696,0.5625,1.192528735632184,0.35555555555555557,1.1799163179916317,1.1204013377926423
"Bichette, Bo",666182,2025,1.0401069518716577,0.6097156848046957,1.0176281938441827,0.9137510170870626,1.4832401455010225,0.9315068493150687,0.9728907748614392,0.746987951807229,1.1349693251533743,1.2589285714285712,0.8666666666666667,1.1352941176470588,0.7708333333333333,1.1157894736842104,1.1758620689655175
"Biggio, Cavan",624415,2019,1.0935064935064935,1.5560128679350302,0.9989011572336552,0.8797308662741798,0.40763852925945104,0.0,0.0,1.04,1.058139534883721,1.2276785714285714,1.153846153846154,0.5819209039548022,1.2105263157894737,0.7643312101910829,0.6199376947040499
"Biggio, Cavan",624415,2023,0.95,1.2157348416419758,0.9845147825312368,0.9059405940594059,0.7748026798144196,0.8344827586206897,0.9338193507605597,0.9411764705882353,0.8379530916844351,1.0090090090090091,0.9036144578313252,0.8632478632478634,0.9183673469387754,0.8333333333333334,0.6274509803921569
"Blackmon, Charlie",453568,2015,0.9585635359116021,1.3222449806008039,0.9793771386454357,0.9152119700748129,0.8097644811539377,0.0,0.0,0.7098214285714285,0.8743455497382198,1.0514018691588787,0.6909090909090909,0.8556430446194225,0.8500000000000001,0.9063829787234042,1.0493827160493827
"Blackmon, Charlie",453568,2016,1.0833333333333335,1.3003825485676108,0.9894929069735638,0.9383846794338052,0.6974069381924041,0.0,0.0,0.7370689655172413,1.0775000000000001,1.2824074074074074,1.0615384615384615,0.8401084010840109,1.3043478260869565,1.0128755364806865,1.122257053291536
"Blackmon, Charlie",453568,2017,1.1382978723404256,1.1025414563465075,0.9966233112459237,0.90671031096563,0.7833498628581721,0.0,0.0,0.7974683544303797,1.0948717948717948,1.0269058295964126,1.333333333333333,0.9103260869565218,1.4117647058823528,0.9956896551724137,0.9471947194719471
"Blackmon, Charlie",453568,2018,1.0591397849462365,0.9536851991030628,0.9879668221224348,0.9071487263763353,0.9545127040901487,0.0,0.0,0.8360655737704918,0.9565217391304348,1.0448430493273542,0.9154929577464789,1.036111111111111,1.2553191489361701,1.01931330472103,1.006578947368421
"Blackmon, Charlie",453568,2019,1.0727272727272728,1.1217847323237564,0.9961328199357343,0.930193439865433,0.794182477284497,0.0,0.0,0.784,1.0627906976744186,1.0401785714285714,1.0641025641025643,0.9350282485875707,1.1754385964912282,1.0573248407643312,0.9719626168224298
"Blackmon, Charlie",453568,2021,1.013157894736842,0.8027177775483164,0.9861391454313045,0.8985270049099836,1.4025009162839834,0.0,0.0,0.8023715415019763,0.9593147751605996,1.0272727272727273,0.8452380952380951,1.0790960451977403,0.607843137254902,0.9957716701902748,0.9130434782608696
"Blackmon, Charlie",453568,2022,0.9457994579945799,0.9662955730419784,0.9709334795412349,0.8946078431372548,0.9849279106592216,0.0,0.0,0.8571428571428572,0.7592997811816191,1.0596330275229358,0.576923076923077,1.0670391061452515,0.8837209302325582,1.0775681341719079,0.9680511182108626
"Blackmon, Charlie",453568,2023,0.8973684210526316,1.403648262442011,0.971572748694769,0.8952145214521452,0.7924922387142922,1.4000000000000001,0.9297405481230128,0.7725490196078431,0.8187633262260128,1.2342342342342343,0.5903614457831325,0.928774928774929,0.5306122448979592,0.9978902953586497,0.9803921568627452
"Blackmon, Charlie",453568,2024,0.8877005347593583,1.2371847302094838,0.9547551541439393,0.88559670781893,0.9617404693449528,1.1700680272108843,0.9409531446350744,0.768,0.7186147186147186,0.9819004524886877,0.65,0.9310344827586208,0.7333333333333334,1.0,1.020066889632107
"Blanco, Gregor",453923,2015,0.9696132596685083,0.9263772139166531,0.9838247385484435,0.9019118869492935,1.1141281072187328,0.0,0.0,0.8169642857142857,0.8874345549738221,1.0,0.39999999999999997,0.9212598425196848,0.44999999999999996,0.9553191489361702,0.867283950617284
"Bleday, JJ",668709,2024,0.9491978609625668,1.3864703609952562,0.9964539752408751,0.9325102880658436,0.7096948822732112,1.5306122448979593,1.002863294364426,1.052,0.9112554112554112,1.0271493212669682,1.0375,0.8017241379310346,1.0,0.9435146443514645,0.939799331103679
"Bleday, JJ",668709,2025,0.8449197860962567,1.5226810567935247,0.991974096671436,0.8942229454841334,0.7216006349653711,1.8698630136986303,0.9976168752197113,1.21285140562249,0.9468302658486709,0.7321428571428572,0.7777777777777779,0.8529411764705881,1.1666666666666667,0.9347368421052631,0.9517241379310346
"Bogaerts, Xander",593428,2015,0.9226519337016575,0.6267507848018394,0.9970352190151511,0.9293433083956775,1.4408518923268656,0.0,0.0,0.9107142857142856,0.9528795811518324,0.8551401869158879,0.45454545454545453,1.1496062992125984,0.35000000000000003,1.0425531914893618,1.04320987654321
"Bogaerts, Xander",593428,2016,0.9381720430107526,0.9276291046147191,1.0031263213639543,0.9425478767693589,1.2834979643489433,0.0,0.0,0.8577586206896551,0.9025000000000001,0.8611111111111112,0.8153846153846154,1.0785907859078592,0.8478260869565218,0.9742489270386265,1.128526645768025
"Bogaerts, Xander",593428,2017,0.8218085106382979,0.6668374019590616,0.9977048888012835,0.9320785597381342,1.5245193484855197,0.0,0.0,0.8776371308016878,0.8641025641025641,0.9417040358744394,0.19696969696969696,1.190217391304348,0.4313725490196078,0.9030172413793102,1.1617161716171616
"Bogaerts, Xander",593428,2018,1.0913978494623657,1.0041807626513237,1.0221888778926798,0.9194741166803616,1.1910069628224176,0.0,0.0,0.8647540983606558,1.1207729468599035,0.9910313901345292,1.3943661971830987,0.9944444444444444,1.1702127659574468,0.9291845493562231,1.0394736842105263
"Bogaerts, Xander",593428,2019,1.0181818181818183,1.0223384851478154,1.0219974566605377,0.945332211942809,0.9839300495182987,0.0,0.0,0.84,1.1627906976744187,0.919642857142857,1.1153846153846154,0.9632768361581922,1.1754385964912282,0.8726114649681529,1.0965732087227413
"Bogaerts, Xander",593428,2021,1.0578947368421052,0.9852931123651323,1.0085872992009057,0.9296235679214402,1.1050183458177767,0.0,0.0,0.8695652173913043,1.1434689507494646,1.0636363636363637,1.1547619047619049,0.9689265536723165,1.058823529411765,0.9661733615221989,1.2107023411371236
"Bogaerts, Xander",593428,2022,0.9674796747967479,0.8263692262078427,0.9949639964558382,0.9232026143790849,1.3462955730807025,0.0,0.0,0.9841269841269842,1.0043763676148796,0.9587155963302751,0.8333333333333334,1.081005586592179,0.7906976744186047,0.9601677148846962,1.0575079872204474
"Bogaerts, Xander",593428,2023,0.8947368421052632,0.6364861759696536,0.9852536125476825,0.9191419141914192,1.3237132203097255,1.110344827586207,0.97753762702596,0.7999999999999999,0.8208955223880597,0.7882882882882883,0.7349397590361445,1.2250712250712252,0.7959183673469387,0.8987341772151899,0.9411764705882353
"Bogaerts, Xander",593428,2024,0.9224598930481283,0.8210178190158269,0.9928553495947982,0.9160493827160494,1.2063710987957832,0.7891156462585035,0.9880336264223066,0.732,0.816017316017316,0.8416289592760181,0.6375,1.117816091954023,0.6888888888888889,0.9246861924686194,0.8963210702341138
"Bogaerts, Xander",593428,2025,0.9598930481283422,0.8554104432453681,0.9968875855333705,0.9129373474369405,1.2151398346824276,1.1849315068493151,1.0006911727211625,0.855421686746988,0.9366053169734152,1.0848214285714286,0.7666666666666667,1.011764705882353,0.5625000000000001,0.8799999999999999,0.9413793103448277
"Bohm, Alec",664761,2021,1.0342105263157895,0.4316601194295504,1.0360999110814384,0.9132569558101472,1.8643880104975767,0.0,0.0,1.0553359683794468,1.1798715203426124,1.0363636363636364,0.7857142857142857,1.0903954802259888,0.4313725490196078,1.0338266384778012,0.9096989966555186
"Bohm, Alec",664761,2022,1.0460704607046072,0.8099953393972399,1.0189950708339988,0.9052287581699345,1.193034650577317,0.0,0.0,0.8373015873015872,1.0306345733041573,1.1422018348623852,0.8717948717948719,1.0027932960893855,0.6279069767441862,1.0733752620545074,1.0
"Bohm, Alec",664761,2023,0.9947368421052631,0.8564121255818734,1.005067474630565,0.9018151815181518,1.0915459137008177,0.7655172413793104,1.0070646728931256,0.7137254901960784,0.9872068230277187,1.063063063063063,0.6987951807228916,1.0313390313390314,0.8775510204081631,1.0506329113924051,0.9640522875816994
"Bohm, Alec",664761,2024,1.0053475935828877,0.7695448800727592,1.0192478659169977,0.9119341563786008,1.1521521730072086,0.7891156462585035,1.0188704414708245,0.708,1.0606060606060606,1.1221719457013575,0.8500000000000001,1.0747126436781609,0.7111111111111111,1.0397489539748954,0.8929765886287627
"Bohm, Alec",664761,2025,0.9598930481283422,0.5153516280298445,1.0166755065421496,0.8917819365337672,1.5283826065121442,0.6438356164383562,1.0049117638550347,0.5863453815261045,1.030674846625767,1.0624999999999998,0.6888888888888889,1.161764705882353,0.5833333333333334,1.0147368421052632,0.8551724137931036
"Bonifacio, Jorge",593528,2017,1.1409574468085106,1.2278670807762493,1.0019092223541282,0.9222585924713584,0.9499897427752743,0.0,0.0,1.3037974683544304,1.1076923076923078,1.0179372197309415,1.3787878787878787,0.8858695652173915,1.254901960784314,1.1336206896551724,0.8085808580858086
"Bote, David",623520,2019,0.9636363636363636,0.5956730009648903,1.0094704003630905,0.9571068124474348,1.9590167011910926,0.0,0.0,1.3,0.9534883720930233,1.0535714285714284,0.7307692307692308,1.2118644067796611,0.9122807017543859,0.9702760084925692,1.0591900311526479
"Bote, David",623520,2021,0.9263157894736841,0.7723855450585032,1.012531338157057,0.9459901800327332,1.0301388131735458,0.0,0.0,0.9920948616600791,1.0899357601713062,0.7227272727272728,1.1904761904761905,1.0649717514124295,0.7058823529411764,1.0,1.0
"Bour, Justin",571506,2015,1.058011049723757,0.8019721035070672,1.0281647492457275,0.9559434746467166,1.2887619703590296,0.0,0.0,1.232142857142857,1.2486910994764395,0.8037383177570093,1.5999999999999999,1.0918635170603674,1.875,0.9680851063829787,1.3364197530864197
"Bour, Justin",571506,2016,1.1129032258064515,0.857243813779317,1.0335605957254923,0.9500416319733556,0.978293704338524,0.0,0.0,1.0689655172413792,1.3325,1.0,1.553846153846154,0.9918699186991871,1.4347826086956523,0.944206008583691,1.2163009404388716
"Bour, Justin",571506,2017,1.1808510638297873,0.8010746702664727,1.0193148625954283,0.939443535188216,1.0564541105000893,0.0,0.0,1.1814345991561184,1.1692307692307693,1.1973094170403589,1.6515151515151514,1.0380434782608696,1.7254901960784312,0.9633620689655172,1.2442244224422443
"Bour, Justin",571506,2018,1.0080645161290323,0.7846424075573941,1.0043113709781153,0.9490550534100246,1.2302608186050807,0.0,0.0,1.1147540983606559,1.0507246376811594,0.9237668161434976,1.4507042253521125,1.0972222222222223,1.4042553191489362,0.8905579399141631,1.1348684210526316
"Bourjos, Peter",488721,2016,0.8575268817204301,0.6618320843124731,0.9877473676779104,0.9333888426311407,1.7265314756790269,0.0,0.0,1.2586206896551722,0.9425000000000001,0.9629629629629629,0.4,1.2466124661246614,0.41304347826086957,1.1609442060085837,1.0532915360501567
"Bourn, Michael",456422,2015,0.8701657458563536,0.8167340273934076,0.9671622297262419,0.886949293433084,1.2264394083496533,0.0,0.0,1.1607142857142856,0.5130890052356021,1.0794392523364487,0.34545454545454546,1.0866141732283463,0.0,0.8787234042553191,0.8425925925925927
"Bourn, Michael",456422,2016,0.8467741935483871,0.6723795945972706,0.9507857668255402,0.8751040799333888,1.246264724116553,0.0,0.0,1.0172413793103445,0.4725,0.9768518518518516,0.49230769230769234,1.1707317073170733,0.391304347826087,0.8862660944206008,0.7774294670846394
"Bradley, Jackie",598265,2016,1.0376344086021505,0.8627965920844981,1.0170945451036892,0.9084096586178185,1.0740376644817042,0.0,0.0,1.1508620689655171,1.06,0.8935185185185185,1.323076923076923,1.0650406504065042,1.347826086956522,0.9721030042918456,0.9811912225705328
"Bradley, Jackie",598265,2017,0.9813829787234042,0.7876305110919389,1.0083790867417342,0.9050736497545008,1.305650927262569,0.0,0.0,1.2447257383966246,1.11025641025641,0.8340807174887893,1.1363636363636362,1.0788043478260871,0.9215686274509804,1.0150862068965514,0.8877887788778879
"Bradley, Jackie",598265,2018,1.1424731182795698,0.9577328936105013,1.0391201158165273,0.923582580115037,1.07008613420701,0.0,0.0,1.2622950819672132,1.2922705314009661,1.10762331838565,1.4507042253521125,0.9555555555555555,0.8085106382978723,1.0107296137339055,0.7894736842105263
"Bradley, Jackie",598265,2019,1.012987012987013,0.7030615601512805,1.0157891537721773,0.9428090832632463,1.16164920527427,0.0,0.0,1.3120000000000003,1.2,0.9151785714285714,1.2435897435897438,1.1440677966101696,1.087719298245614,1.0191082802547773,0.9345794392523364
"Bradley, Jackie",598265,2021,0.8315789473684211,0.7457975115899267,1.0100645480309254,0.8870703764320785,1.7597417157148094,0.0,0.0,1.359683794466403,0.937901498929336,0.8863636363636364,0.6071428571428571,1.192090395480226,0.45098039215686275,1.0126849894291754,0.94314381270903
"Bradley, Jackie",598265,2022,0.8482384823848239,0.5633630533706018,0.9864200639554197,0.8790849673202613,1.4773918659888323,0.0,0.0,1.1825396825396826,0.9168490153172866,0.8761467889908258,0.6282051282051283,1.2039106145251397,0.3488372093023256,1.0377358490566038,0.8945686900958467
"Brantley, Michael",488726,2015,0.9530386740331491,0.8429930281488708,1.0061751896923083,0.9152119700748129,1.0711487721880133,0.0,0.0,0.3883928571428571,1.031413612565445,1.1074766355140186,0.7090909090909091,0.9868766404199475,0.775,0.9127659574468084,0.830246913580247
"Brantley, Michael",488726,2017,0.9601063829787234,0.8157923187077386,1.010402665289662,0.9018003273322422,1.3161803702243637,0.0,0.0,0.5400843881856541,1.0384615384615385,1.0,0.6212121212121212,1.046195652173913,0.607843137254902,0.9504310344827586,0.7854785478547853
"Brantley, Michael",488726,2018,0.9811827956989247,0.7459785769301622,1.0167380519015348,0.8923582580115036,1.2076353322859068,0.0,0.0,0.459016393442623,1.0338164251207729,1.1345291479820627,0.5070422535211268,1.025,0.6382978723404255,0.9463519313304721,0.8881578947368421
"Brantley, Michael",488726,2019,0.9558441558441558,0.8147818665352561,0.9992120278781152,0.9158957106812448,1.1617698083894354,0.0,0.0,0.436,0.9744186046511628,0.9910714285714285,0.7179487179487181,1.0536723163841808,0.7017543859649122,0.9256900212314226,0.9221183800623052
"Brantley, Michael",488726,2021,0.9921052631578947,0.7729469093635207,1.0068483935846173,0.8952536824877251,1.2923439772691379,0.0,0.0,0.4308300395256917,1.0321199143468949,1.1227272727272728,0.6904761904761906,1.0028248587570623,0.37254901960784315,0.9619450317124736,0.8628762541806021
"Brantley, Michael",488726,2022,1.0352303523035231,0.8506269172570277,1.014668305398278,0.8839869281045751,1.0805392636886408,0.0,0.0,0.503968253968254,1.0437636761487963,1.2201834862385321,0.782051282051282,0.9134078212290504,0.5348837209302325,0.8679245283018868,0.8753993610223643
"Braun, Ryan",460075,2015,1.2154696132596685,0.6781232278837215,1.043399695663291,0.9551122194513716,1.333182599903379,0.0,0.0,1.0223214285714286,1.2486910994764395,0.9626168224299065,1.9454545454545453,1.146981627296588,1.575,1.0787234042553193,1.234567901234568
"Braun, Ryan",460075,2016,1.0645161290322582,0.38247306949872645,1.0157242795177521,0.95503746877602,1.7591831990080595,0.0,0.0,0.900862068965517,1.06,0.8148148148148147,1.2615384615384617,1.2926829268292683,1.565217391304348,1.111587982832618,1.1943573667711598
"Braun, Ryan",460075,2017,1.0372340425531916,0.6356557894292624,1.0271887739244463,0.9386252045826514,1.5482916757658178,0.0,0.0,0.9282700421940928,1.228205128205128,0.8475336322869954,1.2878787878787878,1.1494565217391304,1.0784313725490198,1.1206896551724137,1.1617161716171616
"Braun, Ryan",460075,2018,1.1666666666666667,0.4721563158314924,1.039187470829588,0.9556285949055053,1.7956093861977036,0.0,0.0,0.9344262295081968,1.3164251207729472,1.1793721973094171,1.5211267605633805,1.1694444444444445,1.3191489361702127,1.1051502145922747,1.0888157894736843
"Braun, Ryan",460075,2019,1.0363636363636364,0.5718179284630853,1.0292904750945682,0.9394449116904962,1.5633898531598203,0.0,0.0,0.98,1.1790697674418604,1.0,1.2307692307692308,1.2175141242937855,1.0350877192982455,1.091295116772824,1.1557632398753894
"Bregman, Alex",608324,2017,0.9627659574468085,1.3515245552026036,1.0004818743989734,0.8641571194762684,0.8308687718943621,0.0,0.0,0.6962025316455697,0.9589743589743589,1.053811659192825,0.7272727272727272,0.8451086956521741,0.8039215686274511,0.9655172413793103,0.900990099009901
"Bregman, Alex",608324,2018,0.9758064516129032,1.3165099433051588,1.0079319692938271,0.8841413311421528,0.7844238430696403,0.0,0.0,0.528688524590164,1.1521739130434783,1.0986547085201794,1.0704225352112675,0.8527777777777777,1.297872340425532,0.796137339055794,0.8421052631578948
"Bregman, Alex",608324,2019,0.9168831168831169,1.520264502645274,1.0048431650289649,0.9032800672834315,0.6505112753636835,0.0,0.0,0.576,0.9813953488372092,1.0044642857142856,0.6282051282051283,0.7429378531073447,1.4210526315789473,0.7409766454352442,0.7663551401869159
"Bregman, Alex",608324,2021,0.8947368421052632,1.2525816725148253,1.00187502000624,0.8797054009819967,0.9134924551655823,0.0,0.0,0.5335968379446641,0.9957173447537473,0.9409090909090909,0.7619047619047619,0.8983050847457628,0.7843137254901962,0.8752642706131079,0.6789297658862877
"Bregman, Alex",608324,2022,0.9376693766937669,1.5464223537340076,1.0040133556738964,0.892156862745098,0.7121736056129677,0.0,0.0,0.5912698412698413,1.0087527352297592,0.9954128440366972,0.9102564102564102,0.73463687150838,1.1162790697674418,0.8448637316561847,0.7539936102236421
"Bregman, Alex",608324,2023,0.9105263157894736,1.3790687371561685,0.9960493298351155,0.8869636963696369,0.699936972316302,0.7379310344827587,0.9823019515564668,0.5529411764705882,0.9488272921108742,1.0585585585585586,0.6385542168674698,0.8433048433048433,0.8775510204081631,0.8164556962025318,0.8300653594771242
"Bregman, Alex",608324,2024,0.9251336898395721,1.3776994487269592,1.004882812410653,0.8979423868312757,0.8910762586122248,0.925170068027211,1.001584578159044,0.512,1.0454545454545454,1.0497737556561086,0.8,0.8074712643678162,1.1555555555555557,0.9393305439330544,0.8695652173913044
"Bregman, Alex",608324,2025,0.927807486631016,1.3279765110207242,1.0094802066794575,0.8917819365337672,0.8645263645961935,1.1232876712328768,0.9869991456781413,0.606425702811245,1.1145194274028631,0.9598214285714285,0.7333333333333334,0.8999999999999999,1.0416666666666667,0.8547368421052632,0.8034482758620691
"Brennan, Will",686823,2023,0.8736842105263158,0.729437791707742,0.9639033924484399,0.8820132013201321,1.532829005308071,0.9310344827586208,0.9654221671152985,0.7176470588235294,0.722814498933902,1.1306306306306306,0.2891566265060241,1.1766381766381768,0.2653061224489796,1.1940928270042193,1.0490196078431373
"Brennan, Will",686823,2024,0.8850267379679145,0.9554115004984873,0.9664699462248583,0.897119341563786,1.2392897323102747,1.1496598639455784,0.9723500277129815,0.728,0.7965367965367964,0.9864253393665158,0.575,1.0459770114942528,0.6444444444444445,1.1422594142259415,1.0100334448160535
"Brinson, Lewis",621446,2018,1.0510752688172043,0.5577066227001221,1.0090312321030437,0.933442892358258,1.2719645751679647,0.0,0.0,1.4098360655737705,1.0797101449275364,0.6860986547085202,1.183098591549296,1.2416666666666667,0.8085106382978723,1.1416309012875536,1.0460526315789473
"Brinson, Lewis",621446,2021,0.9394736842105262,1.1032591283036983,0.9960461127996624,0.9263502454991817,1.2304960869284005,0.0,0.0,1.24901185770751,0.9914346895074947,0.8954545454545454,0.7619047619047619,1.0310734463276836,0.8627450980392156,1.171247357293869,1.414715719063545
"Brown, Seth",664913,2022,1.1761517615176151,1.2436006835953164,1.0068161561133457,0.9223856209150327,0.7196980219732115,0.0,0.0,1.1785714285714286,1.1072210065645514,1.0642201834862386,1.6666666666666667,0.7960893854748603,1.6511627906976745,1.0104821802935011,1.0063897763578276
"Brown, Seth",664913,2023,1.0710526315789473,1.2855188279421204,1.0174501056438856,0.9348184818481847,0.6844621753093089,1.4206896551724137,1.0338292612868112,1.2313725490196077,1.1791044776119404,0.8693693693693695,1.4819277108433735,0.7834757834757837,1.163265306122449,1.059071729957806,1.0588235294117647
"Brown, Seth",664913,2024,1.0320855614973263,1.0642359566022352,1.0101890375804985,0.9127572016460905,0.8531507440260991,1.2108843537414966,1.0267921369811086,1.168,1.1125541125541125,1.0135746606334841,1.0625,0.8419540229885057,1.2000000000000002,1.0857740585774058,1.0100334448160535
"Broxton, Keon",542979,2017,1.2287234042553192,0.8346660997663697,0.9942284369569058,0.8985270049099836,0.8458077133245092,0.0,0.0,1.7383966244725737,0.982051282051282,1.1210762331838564,1.7727272727272727,1.0190217391304348,1.627450980392157,0.9892241379310344,0.8613861386138614
"Bruce, Jay",457803,2015,1.0801104972375692,1.3816724196243193,1.0146844718391688,0.9260182876142976,0.6380043336786332,0.0,0.0,1.1249999999999998,1.138743455497382,0.9579439252336449,1.4727272727272727,0.763779527559055,1.4749999999999999,1.0340425531914894,1.1728395061728396
"Bruce, Jay",457803,2016,1.0618279569892473,1.2419049703321061,1.0019547947713066,0.9308909242298085,0.7076148018838169,0.0,0.0,1.1206896551724137,1.115,0.9722222222222222,1.2923076923076924,0.8672086720867209,1.7391304347826089,1.111587982832618,1.0846394984326015
"Bruce, Jay",457803,2017,1.127659574468085,1.5055238102727904,1.0092505199166044,0.9124386252045826,0.5159427051279507,0.0,0.0,1.168776371308017,1.18974358974359,0.9955156950672646,1.5909090909090908,0.7336956521739131,1.6862745098039216,1.0732758620689653,1.0429042904290429
"Bruce, Jay",457803,2018,1.0456989247311828,1.6926349392833584,0.9982339488085111,0.895645028759244,0.43231315256621533,0.0,0.0,1.1844262295081966,0.9492753623188407,1.0672645739910311,1.267605633802817,0.5916666666666667,0.7872340425531914,1.0600858369098711,0.9835526315789473
"Bruce, Jay",457803,2019,1.1506493506493507,1.6785028494133605,1.015078652399291,0.9184188393608074,0.4698436603356334,0.0,0.0,1.228,1.1883720930232557,0.9508928571428571,1.7948717948717952,0.6384180790960453,2.070175438596491,1.1953290870488325,1.115264797507788
"Bryant, Kris",592178,2015,1.298342541436464,1.759175046049474,1.0157154781537185,0.9268495428096426,0.49870193323407735,0.0,0.0,1.5892857142857142,1.350785340314136,1.0280373831775702,2.090909090909091,0.6771653543307087,1.775,1.0425531914893618,0.9969135802469138
"Bryant, Kris",592178,2016,1.2311827956989247,1.7568443863734258,1.0072196875952237,0.9375520399666945,0.48994188971850094,0.0,0.0,1.211206896551724,1.0975,1.0694444444444444,1.8153846153846152,0.6910569105691057,1.8695652173913044,1.0472103004291844,1.0094043887147335
"Bryant, Kris",592178,2017,1.0904255319148934,1.405096330054291,0.994055068612126,0.9247135842880524,0.6171657501340058,0.0,0.0,1.0126582278481013,1.1128205128205129,1.062780269058296,1.4545454545454544,0.8559782608695653,1.3333333333333335,0.9784482758620688,0.9669966996699669
"Bryant, Kris",592178,2018,1.0860215053763442,1.4044246120011514,0.9714123568825795,0.905505341002465,0.6297994934296552,0.0,0.0,1.1229508196721314,0.9444444444444445,1.0896860986547086,1.295774647887324,0.7833333333333332,0.8936170212765957,1.0450643776824033,1.049342105263158
"Bryant, Kris",592178,2019,1.0415584415584416,1.487984642703122,0.9844227999222323,0.9369217830109335,0.6469404998773475,0.0,0.0,1.136,0.8976744186046512,1.0357142857142858,1.1923076923076925,0.8785310734463277,1.368421052631579,1.0276008492569002,0.9595015576323987
"Bryant, Kris",592178,2021,1.0736842105263158,1.1864129260459237,0.9925795833900695,0.9034369885433715,0.7497646407807459,0.0,0.0,1.1106719367588933,1.0535331905781584,1.0545454545454547,1.226190476190476,0.8785310734463277,1.2941176470588238,1.029598308668076,0.9732441471571907
"Bryant, Kris",592178,2023,0.9526315789473684,1.1257768912048463,0.9633449484680284,0.8976897689768977,0.6734087488757424,1.193103448275862,0.9676513415055494,0.9803921568627451,0.7164179104477613,1.0270270270270272,0.7228915662650601,1.0313390313390314,0.8775510204081631,0.9683544303797469,0.9836601307189542
"Burger, Jake",669394,2023,1.2394736842105263,0.9372888277429178,1.0341638537454712,0.9752475247524752,1.2525132645366,0.9310344827586208,1.0571991662827749,1.3372549019607844,1.2963752665245203,1.0090090090090091,2.036144578313253,0.9686609686609688,2.020408163265306,1.139240506329114,1.2058823529411764
"Burger, Jake",669394,2024,1.1657754010695187,0.9748948467644211,1.0306936576426537,0.9506172839506173,1.0784203920584603,1.108843537414966,1.0516742847407416,1.204,1.2207792207792205,0.8280542986425339,1.55,0.9540229885057473,1.6666666666666667,1.096234309623431,1.2274247491638797
"Burger, Jake",669394,2025,1.0828877005347595,1.2047563694235492,1.0101008255355388,0.9332790886899919,0.9665885048610219,1.0205479452054795,1.0449695814605735,1.1847389558232932,1.1615541922290389,0.9642857142857143,1.5444444444444447,1.0,1.2083333333333335,1.1557894736842107,1.2655172413793105
"Burleson, Alec",676475,2023,0.9394736842105262,0.9025733079606357,0.9994190570249724,0.9125412541254124,1.1882046932642234,0.7862068965517243,0.9789665323739596,0.6980392156862746,1.0298507462686566,1.1486486486486487,0.6626506024096385,1.0313390313390314,0.6122448979591836,1.0970464135021096,1.1143790849673203
"Burleson, Alec",676475,2024,0.9518716577540106,1.0037788463619266,1.009117140295207,0.9135802469135802,1.0950096776908187,0.870748299319728,0.9979189593169929,0.768,1.0108225108225108,1.1538461538461537,0.8125,0.9568965517241381,0.9777777777777776,1.165271966527197,1.0501672240802675
"Burleson, Alec",676475,2025,1.0053475935828877,1.105797376753051,1.0170852177447602,0.903986981285598,0.9310811720293924,0.7602739726027398,1.0087452606858291,0.7188755020080321,1.0408997955010224,0.919642857142857,1.0555555555555556,0.8852941176470588,0.8958333333333334,1.0378947368421052,1.003448275862069
"Burns, Billy",542993,2015,0.7679558011049725,0.6670516896938684,0.9376198029019752,0.8711554447215295,1.5639097239269213,0.0,0.0,0.7276785714285714,0.4083769633507853,0.8271028037383178,0.09090909090909091,1.2440944881889764,0.27499999999999997,1.2404255319148936,0.9567901234567902
"Burns, Billy",542993,2016,0.6747311827956989,0.5007700610713982,0.9267172031000737,0.9142381348875936,1.7024989547138798,0.0,0.0,0.5301724137931034,0.34500000000000003,0.6388888888888888,0.0,1.4336043360433606,0.0,1.111587982832618,0.9028213166144199
"Busch, Michael",683737,2024,1.0909090909090908,1.2817797903232533,1.0117349361033656,0.8995884773662551,0.7440682368857569,0.5374149659863946,0.9756869532944724,1.144,1.0086580086580086,0.932126696832579,1.4125,0.9339080459770116,1.4,0.9435146443514645,0.8862876254180603
"Busch, Michael",683737,2025,1.2272727272727273,1.2500241871446718,1.030165491182952,0.9104963384865744,0.6259811269576141,0.541095890410959,0.9658810111142649,1.0160642570281124,1.081799591002045,1.0848214285714286,1.8888888888888888,0.7470588235294118,1.8541666666666667,0.9810526315789474,0.8068965517241381
"Butler, Billy",456714,2015,1.0165745856353592,0.759898089709849,1.0111738071793333,0.914380714879468,1.282258125011721,0.0,0.0,0.8392857142857142,1.1910994764397904,0.9672897196261683,1.3636363636363635,1.1627296587926508,0.8500000000000001,0.9574468085106383,0.9938271604938272
"Butler, Billy",456714,2016,1.139784946236559,0.7346943613822926,1.0186265153459368,0.935886761032473,1.1074376162430255,0.0,0.0,0.900862068965517,1.09,1.2962962962962963,1.2461538461538462,0.9376693766937668,0.5217391304347826,0.9763948497854077,1.1316614420062696
"Butler, Lawrence",671732,2024,1.1336898395721924,0.8320704542393248,1.0269300036713693,0.9308641975308641,1.107951961766523,1.1768707482993197,1.0439954226937858,1.076,1.1255411255411254,1.095022624434389,1.3875,0.9396551724137933,1.5999999999999999,0.9958158995815899,0.9765886287625418
"Butler, Lawrence",671732,2025,1.0320855614973263,0.6445420635131367,1.010353680489654,0.9243287225386492,1.3454345488907995,0.6849315068493151,1.0297057742852636,1.3293172690763053,1.0020449897750512,0.9955357142857142,1.0333333333333334,1.1352941176470588,1.1250000000000002,0.985263157894737,0.9655172413793106
"Buxton, Byron",621439,2017,1.050531914893617,1.181056017661058,0.9945703301314679,0.9075286415711948,0.9751884096923903,0.0,0.0,1.3333333333333335,0.9512820512820513,1.0134529147982063,0.8787878787878788,0.9021739130434784,1.019607843137255,1.0517241379310343,1.056105610561056
"Buxton, Byron",621439,2019,0.9584415584415584,1.567301570722373,1.0131063533873887,0.9554247266610596,0.6742968410150181,0.0,0.0,1.156,1.0767441860465117,1.1205357142857142,1.012820512820513,0.7514124293785311,0.7719298245614034,1.1443736730360936,1.0218068535825546
"Buxton, Byron",621439,2022,1.3089430894308942,1.704046487214899,1.049276026200721,0.9272875816993463,0.6570921870607861,0.0,0.0,1.3531746031746033,1.3326039387308533,0.9770642201834863,2.102564102564103,0.7318435754189946,2.8837209302325584,0.9832285115303984,0.9041533546325877
"Buxton, Byron",621439,2024,1.2058823529411764,1.489358956538353,1.0335020657287954,0.9316872427983539,0.6626757596381332,1.8231292517006805,1.044725628019354,1.284,1.255411255411255,1.3031674208144794,1.6500000000000001,0.7155172413793104,1.5555555555555558,1.1317991631799165,1.0267558528428093
"Buxton, Byron",621439,2025,1.2219251336898396,1.3127557048187064,1.035607863049281,0.9275834011391375,0.6851094347641309,1.1506849315068495,1.0551200128035494,1.2610441767068272,1.3210633946830268,0.919642857142857,1.9666666666666666,0.8088235294117648,2.104166666666667,1.0905263157894738,0.9827586206896551
"Byrd, Marlon",407781,2015,1.121546961325967,1.0890306702475423,0.97685954257219,0.9044056525353283,0.7386589485046061,0.0,0.0,1.3928571428571428,0.8874345549738221,1.046728971962617,1.5454545454545454,0.9186351706036745,1.575,1.2851063829787235,1.154320987654321
"Caballero, Jose",676609,2024,0.893048128342246,1.1383709106212228,0.928553431075744,0.9045267489711935,0.9305139966417519,1.217687074829932,0.9548003388479793,1.164,0.7034632034632035,1.004524886877828,0.6375,1.1005747126436782,0.6444444444444445,1.0355648535564854,1.2140468227424748
"Caballero, Jose",676609,2025,0.9251336898395721,1.1129448760585214,0.9372933985182165,0.9308380797396257,0.9355900396905518,0.8972602739726029,0.9371798814606251,1.0883534136546187,0.7096114519427402,1.2008928571428572,0.6666666666666666,1.0470588235294118,0.47916666666666663,0.9284210526315789,1.1172413793103448
"Cabrera, Asdrubal",452678,2015,0.9254143646408841,1.5423432365777654,0.997764509714691,0.886949293433084,0.6647930536541454,0.0,0.0,1.0446428571428572,1.0,1.0560747663551404,1.0,0.7952755905511811,0.9249999999999999,1.146808510638298,1.1728395061728396
"Cabrera, Asdrubal",452678,2016,0.9623655913978494,1.282686095906007,1.0004818913094633,0.8967527060782682,0.684991688109333,0.0,0.0,0.9956896551724137,0.9525,0.9907407407407406,0.8769230769230769,0.8319783197831978,1.1956521739130437,1.0901287553648067,1.0877742946708462
"Cabrera, Asdrubal",452678,2017,0.9335106382978723,0.9734046956956758,0.9943038537096138,0.8617021276595744,0.8500770284489092,0.0,0.0,0.8059071729957806,0.9564102564102563,1.0493273542600898,0.7272727272727272,0.9456521739130435,0.6862745098039217,1.0064655172413792,0.9339933993399339
"Cabrera, Asdrubal",452678,2018,1.0026881720430108,1.1482877708899037,1.0141143834484154,0.8898931799506984,0.8689276506224938,0.0,0.0,0.930327868852459,1.1256038647342996,0.9506726457399103,1.0140845070422535,0.8805555555555555,1.148936170212766,1.0515021459227467,1.0197368421052633
"Cabrera, Asdrubal",452678,2019,0.9064935064935065,1.1011805229545446,1.0016864090031663,0.911690496215307,0.8620272115248812,0.0,0.0,0.828,1.0209302325581395,1.0803571428571428,0.7307692307692308,0.9096045197740115,0.894736842105263,0.9639065817409768,0.8753894080996885
"Cabrera, Asdrubal",452678,2021,0.8447368421052631,1.1078909213035548,0.9840879573672586,0.8723404255319148,0.9545322947754874,0.0,0.0,1.0039525691699605,0.8094218415417558,0.8954545454545454,0.7142857142857143,0.983050847457627,0.5882352941176471,1.0190274841437632,0.9665551839464883
"Cabrera, Melky",466320,2015,0.9060773480662984,0.8908593402311449,1.0141686261797835,0.9226932668329177,1.3064245871550657,0.0,0.0,0.5982142857142857,1.0785340314136125,1.074766355140187,0.43636363636363634,1.010498687664042,0.5499999999999999,1.0,1.1388888888888888
"Cabrera, Melky",466320,2016,0.8602150537634409,0.9523172446969977,1.0101694361275968,0.9208992506244796,1.2385815444823312,0.0,0.0,0.607758620689655,0.9775,1.0648148148148147,0.3230769230769231,0.9783197831978321,0.5869565217391305,1.0515021459227467,1.1880877742946707
"Cabrera, Melky",466320,2017,0.9335106382978723,0.7324009607485148,1.0094184563691908,0.9296235679214402,1.6379133496125418,0.0,0.0,0.569620253164557,0.9512820512820513,1.0672645739910311,0.5757575757575757,1.190217391304348,0.607843137254902,0.9935344827586206,1.1815181518151814
"Cabrera, Melky",466320,2018,0.9381720430107526,0.7316370910322598,1.020786892016194,0.8923582580115036,1.772244059068928,0.0,0.0,0.6762295081967213,1.173913043478261,1.1210762331838564,0.323943661971831,1.0944444444444443,0.5957446808510639,1.0042918454935623,1.1973684210526316
"Cabrera, Melky",466320,2019,0.8233766233766233,0.6893700339616133,0.9914188837516181,0.9268292682926829,1.5199314039272949,0.0,0.0,0.6,0.8883720930232559,0.919642857142857,0.2692307692307693,1.1214689265536724,0.3684210526315789,1.101910828025478,1.0965732087227413
"Cabrera, Miguel",408234,2015,1.3314917127071824,1.0948083759192155,1.0613749437770978,0.9609310058187863,0.9685726609530597,0.0,0.0,1.03125,1.5340314136125652,1.1168224299065421,1.8727272727272726,0.800524934383202,1.225,0.9851063829787235,1.0648148148148149
"Cabrera, Miguel",408234,2016,1.4086021505376345,1.02701565313387,1.0563564550666735,0.9517069109075771,0.898972593175941,0.0,0.0,0.9741379310344827,1.4175,1.2453703703703705,2.430769230769231,0.8590785907859079,1.7173913043478264,1.0665236051502147,1.0846394984326015
"Cabrera, Miguel",408234,2017,1.1622340425531914,1.0206274514881426,1.0412747711338124,0.9124386252045826,0.9467938142882253,0.0,0.0,0.9704641350210971,1.3717948717948718,1.242152466367713,1.5909090909090908,0.8668478260869567,0.8627450980392156,1.086206896551724,1.046204620462046
"Cabrera, Miguel",408234,2019,0.9844155844155844,0.947045805081456,1.0163485694763723,0.9369217830109335,1.177157872528147,0.0,0.0,0.968,1.097674418604651,1.15625,0.8205128205128206,0.9717514124293786,0.543859649122807,1.0530785562632698,1.1526479750778815
"Cabrera, Miguel",408234,2021,0.9736842105263158,0.7952085268505429,1.0289912658975389,0.9214402618657938,1.1230334074248187,0.0,0.0,1.0197628458498025,1.171306209850107,0.9545454545454546,0.9880952380952381,1.0536723163841808,0.8039215686274511,1.0443974630021142,1.0367892976588629
"Cabrera, Miguel",408234,2022,0.8997289972899729,0.39947328022104034,1.0155539494928076,0.9068627450980392,1.4651379846625638,0.0,0.0,1.0714285714285714,0.8730853391684902,1.0229357798165137,0.6025641025641026,1.2262569832402235,0.39534883720930236,1.0545073375262055,1.060702875399361
"Cabrera, Miguel",408234,2023,0.8842105263157896,0.5775869504780993,1.0021728406483998,0.91996699669967,1.5272181006901508,0.8620689655172414,0.9674184409105868,1.003921568627451,0.8187633262260128,1.1306306306306306,0.5060240963855421,1.1481481481481484,0.3061224489795918,1.0189873417721518,0.9509803921568627
"Cabrera, Oswaldo",665828,2023,0.7684210526315789,0.9499746235677281,0.9677133247094668,0.8811881188118812,1.0713321004841359,0.4344827586206897,0.9715325908261152,0.9333333333333332,0.8038379530916845,0.7882882882882883,0.42168674698795183,1.1509971509971513,0.4489795918367346,1.059071729957806,0.8627450980392158
"Cabrera, Oswaldo",665828,2024,0.8823529411764707,0.9009774464425814,0.9891671940256728,0.8823045267489712,1.0944190575841894,1.1700680272108843,0.9590338143167805,0.768,0.8679653679653679,0.9909502262443438,0.475,1.017241379310345,0.7555555555555556,0.993723849372385,1.0903010033444818
"Cain, Lorenzo",456715,2015,1.1353591160220995,0.8506595650143655,1.0206496967666903,0.9226932668329177,1.0604119064197721,0.0,0.0,0.8526785714285714,1.1335078534031413,1.0934579439252339,1.0,0.9711286089238845,0.8750000000000001,1.0553191489361702,1.0648148148148149
"Cain, Lorenzo",456715,2016,0.9919354838709677,0.7806342383671061,0.9994597901211115,0.9217318900915904,1.2434387270097127,0.0,0.0,1.0,0.9375,1.0509259259259258,0.6769230769230768,1.1544715447154472,0.6086956521739132,1.0278969957081545,1.0219435736677116
"Cain, Lorenzo",456715,2017,1.0053191489361701,0.844187456845843,1.0186242159689674,0.9165302782324058,1.3103306796900334,0.0,0.0,0.8312236286919831,1.0153846153846153,1.0986547085201794,0.5303030303030303,1.0706521739130435,0.607843137254902,1.0624999999999998,0.877887788778878
"Cain, Lorenzo",456715,2018,0.9489247311827956,0.38974468589595035,1.0067097487400885,0.923582580115037,1.8905243594713896,0.0,0.0,0.7254098360655737,1.0700483091787438,0.8609865470852017,0.4788732394366198,1.3,0.4680851063829786,0.9077253218884119,0.8157894736842106
"Cain, Lorenzo",456715,2019,0.961038961038961,0.530555586134403,1.0073455481127813,0.928511354079058,1.901040686285547,0.0,0.0,0.764,1.0279069767441862,1.0491071428571428,0.5384615384615385,1.2627118644067798,0.42105263157894735,0.9469214437367305,0.9096573208722741
"Cain, Lorenzo",456715,2021,0.8973684210526316,0.5689507005412766,0.995723255275588,0.9034369885433715,1.277092712941117,0.0,0.0,0.8695652173913043,0.8779443254817987,0.7363636363636363,0.5119047619047619,1.2514124293785311,0.7450980392156863,0.9429175475687105,0.8227424749163881
"Calhoun, Kole",594777,2015,1.074585635359116,1.038236602701992,0.9753379551747179,0.9052369077306733,0.7621312763801767,0.0,0.0,1.2544642857142856,0.9528795811518324,1.1214953271028039,1.2363636363636366,1.015748031496063,1.375,1.04468085106383,1.0
"Calhoun, Kole",594777,2016,1.0268817204301075,1.2637351588504362,1.0112427156338477,0.9125728559533722,0.7512442309017014,0.0,0.0,1.0905172413793103,1.1400000000000001,0.9259259259259258,0.9230769230769231,0.8184281842818428,0.7608695652173915,1.0622317596566524,0.9968652037617555
"Calhoun, Kole",594777,2017,0.9680851063829787,1.0160272004514996,1.0086878813463906,0.9009819967266776,0.9586610487438112,0.0,0.0,1.0886075949367089,1.0256410256410255,1.0493273542600898,0.8636363636363636,0.9809782608695653,0.8431372549019608,1.0344827586206895,1.0858085808580857
"Calhoun, Kole",594777,2018,1.0806451612903227,0.9568490735467627,1.0250569196707378,0.8989317995069844,0.8250181973042333,0.0,0.0,1.1680327868852458,1.1159420289855073,1.0358744394618835,1.3098591549295777,0.9166666666666666,1.1063829787234043,1.055793991416309,0.9440789473684211
"Calhoun, Kole",594777,2019,1.0831168831168831,1.1386956910712325,1.0049460840285305,0.9259882253994953,0.8029778825800807,0.0,0.0,1.288,1.1046511627906976,1.0535714285714284,1.4615384615384617,0.9011299435028249,1.5087719298245612,1.021231422505308,0.8940809968847352
"Calhoun, Kole",594777,2022,1.100271002710027,1.2312727321034171,1.0258976438466771,0.8978758169934641,0.960479345501014,0.0,0.0,1.4404761904761905,1.312910284463895,1.2752293577981653,1.2564102564102566,0.7988826815642458,1.0930232558139537,1.1132075471698115,1.0702875399361023
"Calhoun, Willie",641432,2019,0.9142857142857143,1.3555412319043998,1.0093469398925141,0.9411269974768713,1.0535888140859657,0.0,0.0,0.636,1.1627906976744187,1.1249999999999998,0.7948717948717949,0.8983050847457628,1.4210526315789473,1.0467091295116773,0.9345794392523364
"Calhoun, Willie",641432,2021,0.8763157894736843,1.1729062186678583,1.0149995489972108,0.9050736497545008,1.1598361652127682,0.0,0.0,0.6363636363636364,1.0278372591006424,0.9409090909090909,0.4166666666666667,0.9096045197740115,0.5098039215686275,0.9408033826638479,0.9197324414715721
"Call, Alex",669743,2023,0.7657894736842105,1.3604695951351975,0.9597123011904994,0.8952145214521452,0.7797670351625039,1.6413793103448275,0.9657773355588358,0.7372549019607844,0.8550106609808102,0.8288288288288288,0.6506024096385542,0.9914529914529915,0.5510204081632653,0.8375527426160339,0.8071895424836601
"Call, Alex",669743,2025,0.8823529411764707,0.9193826361211805,0.9881156280744336,0.8942229454841334,0.9142117878488483,0.4315068493150685,0.9272610075696031,0.7751004016064258,0.6257668711656441,0.9598214285714285,0.5111111111111111,1.088235294117647,0.47916666666666663,0.7957894736842105,0.713793103448276
"Camargo, Johan",622666,2018,0.9220430107526882,0.9928972610048408,0.99507591413705,0.9005751848808545,1.0600585532974396,0.0,0.0,1.0860655737704918,0.9830917874396135,0.874439461883408,0.7042253521126761,1.0055555555555555,1.127659574468085,1.0622317596566524,1.1611842105263157
"Caminero, Junior",691406,2025,1.0828877005347595,0.8147836855096885,1.0355583858918949,0.9495524816924329,1.1282766918768459,1.5205479452054795,1.0979137541452708,0.995983935742972,1.2065439672801637,0.6875,1.5555555555555558,1.1264705882352941,1.9583333333333335,1.063157894736842,1.124137931034483
"Campusano, Luis",669134,2024,0.8422459893048129,0.7372222065359916,0.9882417869658986,0.9119341563786008,1.1231063199061866,1.3197278911564627,0.9725660803552666,0.828,0.7857142857142856,0.7556561085972849,0.5875,1.1666666666666667,0.7555555555555556,1.0627615062761506,1.0100334448160535
"Candelario, Jeimer",600869,2018,0.9059139784946237,1.20606372745306,0.9841882030456576,0.9260476581758422,0.8850241792323859,0.0,0.0,1.0491803278688525,0.9879227053140096,0.7578475336322871,0.8450704225352114,1.0277777777777777,1.0425531914893618,0.9141630901287554,1.0328947368421053
"Candelario, Jeimer",600869,2019,0.9272727272727272,1.2207390821619153,0.9934878336257658,0.960470984020185,0.7780348165557902,0.0,0.0,1.032,1.0116279069767442,1.0,0.7564102564102564,0.8813559322033898,0.5964912280701755,0.9256900212314226,1.1433021806853583
"Candelario, Jeimer",600869,2021,1.0921052631578947,0.9856663294531494,0.9975682778512601,0.9083469721767594,0.8739836071702165,0.0,0.0,0.9249011857707511,0.9635974304068522,1.1181818181818182,1.0714285714285714,0.9632768361581922,0.7450980392156863,1.0063424947145876,1.093645484949833
"Candelario, Jeimer",600869,2022,0.959349593495935,1.0950148839991116,0.9860640503618762,0.9093137254901961,0.9639719976664722,0.0,0.0,1.007936507936508,0.8993435448577679,0.9587155963302751,1.076923076923077,1.0363128491620113,0.9302325581395349,1.0985324947589101,1.0958466453674123
"Candelario, Jeimer",600869,2023,0.9447368421052631,1.1075113876576281,0.992630500148532,0.9183168316831682,0.8739814503949528,0.7931034482758622,0.9802493325381769,0.9490196078431372,1.0149253731343282,1.0450450450450453,0.9518072289156626,0.9886039886039887,1.183673469387755,0.9978902953586497,1.0098039215686274
"Candelario, Jeimer",600869,2024,0.927807486631016,0.93387027385239,0.9797940369641065,0.8905349794238684,0.8688092927566761,1.0068027210884354,0.9549947076751546,1.164,0.987012987012987,1.0180995475113122,1.0250000000000001,1.0919540229885059,1.4,1.083682008368201,1.1672240802675586
"Canha, Mark",592192,2015,0.994475138121547,1.152062190704097,1.0104241702602756,0.9492934330839569,1.0132017872983436,0.0,0.0,1.0089285714285714,1.0916230366492146,0.7663551401869161,1.4181818181818182,0.9816272965879265,1.15,1.004255319148936,1.0586419753086422
"Canha, Mark",592192,2018,1.053763440860215,1.2214149677366242,0.982372233136498,0.8915365653245686,0.786971752742088,0.0,0.0,0.8729508196721312,1.0120772946859904,1.0134529147982063,1.267605633802817,0.9361111111111112,1.297872340425532,0.9420600858369098,1.0328947368421053
"Canha, Mark",592192,2019,1.0311688311688312,1.1756920479420527,1.0035045196154637,0.9327165685449958,0.9719727791919825,0.0,0.0,0.92,1.0790697674418606,0.8883928571428572,1.2307692307692308,0.9717514124293786,1.5087719298245612,0.8598726114649683,0.8816199376947039
"Canha, Mark",592192,2021,0.9026315789473685,1.05980262765453,0.9833044195158048,0.881342062193126,0.9820446667481142,0.0,0.0,0.849802371541502,0.8436830835117772,1.0772727272727272,0.8452380952380951,1.033898305084746,0.8431372549019608,0.8583509513742072,0.8762541806020068
"Canha, Mark",592192,2022,0.924119241192412,0.8532231227112368,0.9910479107330853,0.8823529411764706,1.078613168744454,0.0,0.0,0.8809523809523809,0.9124726477024069,0.9495412844036697,0.6282051282051283,1.1033519553072626,0.8139534883720931,0.89937106918239,0.8977635782747604
"Canha, Mark",592192,2023,0.8526315789473684,1.0377913067659192,0.9886482546037354,0.9026402640264026,1.1391379296287012,1.4620689655172414,0.9361584555472856,0.7215686274509804,0.9530916844349681,0.9144144144144145,0.5662650602409638,1.076923076923077,0.6326530612244897,0.8776371308016878,0.9215686274509803
"Canha, Mark",592192,2024,0.8128342245989305,0.7146457320204861,0.9973021673051664,0.8806584362139918,1.2976988795298166,0.761904761904762,0.9545421925645379,0.8759999999999999,0.9415584415584415,1.009049773755656,0.41250000000000003,1.25,0.5111111111111111,0.8682008368200838,0.939799331103679
"Cano, Robinson",429664,2015,1.1160220994475138,0.48965774086841124,1.0304054064570067,0.9351620947630923,1.7793853809175528,0.0,0.0,0.857142857142857,1.301047120418848,1.1308411214953271,1.3272727272727272,1.1076115485564304,1.0,1.0659574468085107,1.0771604938271604
"Cano, Robinson",429664,2016,1.0241935483870968,0.969059298923452,1.0170649611689686,0.9442131557035804,1.0906432902161463,0.0,0.0,0.7499999999999999,1.21,0.8888888888888888,1.123076923076923,0.9566395663956639,1.521739130434783,1.1030042918454934,1.1692789968652035
"Cano, Robinson",429664,2017,1.0186170212765957,0.6097007421385148,1.0313272814513132,0.9222585924713584,1.5017272958245327,0.0,0.0,0.7510548523206751,1.2435897435897436,1.053811659192825,0.9242424242424241,1.0869565217391306,0.8431372549019608,1.1206896551724137,0.9933993399339933
"Cano, Robinson",429664,2018,1.0806451612903227,0.6446592550354177,1.0507960974544965,0.9317995069843878,1.6101804430478757,0.0,0.0,0.7500000000000001,1.3454106280193239,1.1210762331838564,1.1690140845070425,1.136111111111111,0.8085106382978723,1.0257510729613732,1.1085526315789476
"Cano, Robinson",429664,2019,0.961038961038961,0.5675248578266212,1.02399078631631,0.9428090832632463,1.388061453478336,0.0,0.0,0.7879999999999999,1.274418604651163,1.0624999999999998,0.9487179487179487,1.155367231638418,0.7017543859649122,1.1358811040339705,1.118380062305296
"Caratini, Victor",605170,2021,0.8947368421052632,0.6570286610781302,1.0129654905527568,0.9206219312602291,1.1564997073480785,0.0,0.0,1.0118577075098814,1.0899357601713062,0.95,0.8095238095238095,1.2062146892655365,0.5882352941176471,0.9492600422832981,1.0033444816053512
"Caratini, Victor",605170,2022,0.8997289972899729,0.5158362742241591,1.009377923063743,0.9215686274509803,1.4145241270105844,0.0,0.0,0.8333333333333334,1.175054704595186,0.9862385321100917,0.7564102564102564,1.1033519553072626,0.9069767441860466,0.8867924528301887,0.9073482428115015
"Caratini, Victor",605170,2025,0.9545454545454545,0.945895331673309,0.9938942942177822,0.8958502847843774,1.0634534509771583,0.8835616438356165,1.0030503130322295,0.7951807228915664,0.9693251533742331,1.0044642857142856,0.8555555555555556,1.0411764705882351,0.8750000000000001,0.9810526315789474,0.8344827586206898
"Carlson, Dylan",666185,2021,1.0,1.14868793433278,0.9897707833986439,0.8919803600654664,0.7711864876601957,0.0,0.0,1.1106719367588933,0.7687366167023554,1.1954545454545455,0.8452380952380951,0.8587570621468926,0.9019607843137255,0.9492600422832981,0.9130434782608696
"Carlson, Dylan",666185,2022,0.89159891598916,0.9626286625965084,0.9662519536905079,0.892156862745098,0.8476549075718857,0.0,0.0,1.023809523809524,0.6849015317286652,1.0137614678899083,0.5641025641025641,0.9972067039106145,0.5581395348837209,0.9664570230607967,0.865814696485623
"Carpenter, Kerry",681481,2023,1.1105263157894736,1.0225914014468376,1.0136652902327405,0.9018151815181518,1.063337084808881,0.36551724137931035,0.9966582739470483,1.0549019607843138,1.0660980810234542,1.1036036036036037,1.2409638554216864,0.9059829059829061,1.346938775510204,1.1075949367088609,1.0686274509803924
"Carpenter, Kerry",681481,2025,1.1203208556149733,1.5483376071784052,1.0240686676940733,0.8909682668836452,0.614972362444715,0.9315068493150687,1.009024483866924,1.0562248995983936,1.098159509202454,0.9955357142857142,1.3888888888888888,0.7176470588235294,1.6458333333333335,1.1136842105263158,1.1034482758620692
"Carpenter, Matt",572761,2015,1.3038674033149171,1.4971995644114562,1.0034765944998192,0.9102244389027432,0.47548112446786567,0.0,0.0,0.9687499999999999,1.0,1.3878504672897196,1.6545454545454545,0.6509186351706037,1.6500000000000001,0.8297872340425532,0.867283950617284
"Carpenter, Matt",572761,2016,1.2096774193548387,1.5208740528573266,1.021422278261695,0.9250624479600333,0.48294271986537957,0.0,0.0,0.8318965517241379,1.2,1.3425925925925923,1.7538461538461538,0.6314363143631436,1.2391304347826089,0.8304721030042919,0.9717868338557993
"Carpenter, Matt",572761,2017,1.0930851063829787,1.8564917825010794,1.0200719487198495,0.8854337152209493,0.3865957244306073,0.0,0.0,0.8354430379746836,1.0384615384615385,1.0941704035874438,1.2575757575757576,0.4945652173913044,1.215686274509804,0.7349137931034482,0.6963696369636962
"Carpenter, Matt",572761,2018,1.271505376344086,1.6530174276509078,1.0174450784079836,0.8989317995069844,0.38644330633149016,0.0,0.0,1.0,1.1932367149758454,1.2062780269058297,1.9295774647887327,0.5222222222222223,1.8723404255319145,0.8004291845493562,0.8453947368421053
"Carpenter, Matt",572761,2019,0.9714285714285714,1.4316061669052562,0.9845835714165517,0.9158957106812448,0.5323396113276458,0.0,0.0,1.044,0.8395348837209302,1.0357142857142858,0.9487179487179487,0.7824858757062148,0.8596491228070176,0.8556263269639067,0.838006230529595
"Carrera, Ezequiel",485567,2016,0.8629032258064516,0.3389631320151227,0.9619095360421939,0.8900915903413823,2.020587931390783,0.0,0.0,0.9913793103448275,0.9525,0.7083333333333333,0.6153846153846154,1.2872628726287263,0.6521739130434783,0.9163090128755363,0.9686520376175547
"Carrera, Ezequiel",485567,2017,0.9228723404255319,0.3790544180722336,0.9593534385190735,0.8731587561374795,1.375847213674535,0.0,0.0,0.9957805907172995,0.8384615384615385,0.937219730941704,0.6515151515151514,1.25,0.7450980392156863,0.8297413793103448,0.9735973597359736
"Carroll, Corbin",682998,2023,1.0157894736842106,0.8613189139118261,1.0015492644275317,0.9389438943894389,1.0661314592196496,0.6965517241379311,1.0117191844076978,0.8549019607843138,0.9957356076759063,0.954954954954955,0.8915662650602408,1.1054131054131058,1.1020408163265305,0.959915611814346,1.0522875816993467
"Carroll, Corbin",682998,2024,0.9465240641711229,0.909391747307347,1.004787244551825,0.9176954732510288,1.257655495095801,0.761904761904762,1.029057789554726,0.828,0.9848484848484848,0.7782805429864252,0.9125,1.135057471264368,1.0444444444444445,0.8598326359832635,1.0635451505016724
"Carroll, Corbin",682998,2025,1.2165775401069518,1.2407958197115432,1.0313487212365566,0.9422294548413344,0.82061391433099,0.8287671232876712,1.0419303832509201,0.995983935742972,1.2822085889570554,1.013392857142857,1.611111111111111,0.7852941176470589,1.5625,1.0294736842105263,1.1413793103448278
"Carter, Chris",474892,2015,1.2348066298342542,1.8682148432176804,1.0324486027466424,0.9459684123025769,0.5256839408157717,0.0,0.0,1.669642857142857,1.405759162303665,1.0420560747663552,2.8545454545454545,0.6719160104986877,2.475,0.9765957446808511,0.8858024691358025
"Carter, Chris",474892,2016,1.3629032258064517,1.5712252344339963,1.035057392697109,0.9517069109075771,0.5190770157564131,0.0,0.0,1.6551724137931032,1.275,1.1296296296296295,2.7076923076923074,0.7289972899728998,2.521739130434783,0.9399141630901287,0.9686520376175547
"Casas, Triston",671213,2023,1.1763157894736842,1.2223659684737407,1.0238347173237758,0.933993399339934,0.7823543628535465,1.193103448275862,1.0666044602024587,1.1098039215686273,1.1257995735607678,1.1576576576576576,1.5903614457831325,0.8461538461538463,1.6122448979591837,0.9198312236286921,0.8496732026143792
"Castellanos, Nick",592206,2015,1.1325966850828728,1.513026462404489,0.9993318285102342,0.9276807980049875,0.5181525074329305,0.0,0.0,1.325892857142857,0.9214659685863873,1.1121495327102804,1.4000000000000001,0.7217847769028872,0.9249999999999999,1.0595744680851062,1.0771604938271604
"Castellanos, Nick",592206,2016,1.3279569892473118,1.4313641168757407,1.008301816122854,0.9092422980849293,0.3984655920644761,0.0,0.0,1.2629310344827585,1.0075,1.3888888888888888,2.2307692307692304,0.7235772357723578,1.2826086956521738,1.1609442060085837,1.0658307210031348
"Castellanos, Nick",592206,2017,1.2074468085106382,1.1722676269614722,1.0176975073870047,0.9042553191489362,0.7056574055097643,0.0,0.0,1.1350210970464136,1.1307692307692307,1.2331838565022424,1.6212121212121209,0.8233695652173914,1.0784313725490198,1.103448275862069,1.0957095709570959
"Castellanos, Nick",592206,2018,1.2419354838709677,1.1936617475421911,1.0118119511554746,0.9063270336894002,0.7677110326674692,0.0,0.0,1.237704918032787,1.041062801932367,1.358744394618834,1.591549295774648,0.7583333333333333,1.0425531914893618,1.1802575107296138,1.1217105263157896
"Castellanos, Nick",592206,2019,1.1454545454545455,1.0737922060518081,1.0013567938553183,0.9352396972245585,0.6701398239254273,0.0,0.0,1.076,1.0093023255813953,1.0669642857142856,1.4102564102564104,0.8672316384180792,0.9649122807017544,1.1613588110403399,1.2024922118380061
"Castellanos, Nick",592206,2021,1.186842105263158,1.1053227782033996,1.0115259443339826,0.9157119476268413,0.742886066094684,0.0,0.0,1.2134387351778655,1.0963597430406853,1.4181818181818182,1.2619047619047619,0.9096045197740115,1.6078431372549022,1.1606765327695563,1.234113712374582
"Castellanos, Nick",592206,2022,1.016260162601626,1.1624929306964396,0.9880101094044291,0.8995098039215685,0.8412590071608532,0.0,0.0,1.277777777777778,0.8555798687089715,1.0091743119266054,0.8461538461538463,0.9162011173184359,0.7674418604651164,1.1949685534591195,1.182108626198083
"Castellanos, Nick",592206,2023,1.1131578947368421,1.1191768915418336,1.0008224918676774,0.9174917491749175,0.7839015369396115,1.3793103448275863,1.0202954742804464,1.388235294117647,1.0,1.1396396396396398,1.2409638554216864,0.8945868945868947,1.3265306122448979,1.1856540084388187,1.297385620915033
"Castellanos, Nick",592206,2024,1.0668449197860963,1.1435482974078917,0.9966281517725107,0.9308641975308641,0.7615482706181459,1.2040816326530612,1.009295767606368,1.204,0.922077922077922,1.1855203619909502,1.0125,0.8074712643678162,1.088888888888889,1.213389121338912,1.1103678929765888
"Castellanos, Nick",592206,2025,0.9786096256684492,1.1434941258882323,0.9835071206190673,0.8966639544344995,0.789051840702875,0.7808219178082193,0.9727453819607692,1.2048192771084338,0.7934560327198366,1.0491071428571428,0.8555555555555556,0.9088235294117647,0.8541666666666669,1.2378947368421052,1.3034482758620691
"Castillo, Rusney",628329,2015,0.8149171270718232,0.07587380929302269,0.9983838708170868,0.8994181213632586,1.907794635210572,0.0,0.0,1.0669642857142856,0.8795811518324607,0.7009345794392524,0.49090909090909096,1.467191601049869,0.575,1.1021276595744682,0.984567901234568
"Castillo, Welington",456078,2015,1.1629834254143647,1.1188396866976837,1.0102423125669542,0.9185369908561929,0.7518291284320952,0.0,0.0,1.1339285714285712,1.031413612565445,1.046728971962617,1.8545454545454545,0.9081364829396323,1.775,0.9340425531914893,0.8765432098765432
"Castillo, Welington",456078,2016,1.010752688172043,1.0969708920111403,1.0021421227620595,0.9333888426311407,0.8800393807357474,0.0,0.0,1.1594827586206895,1.1125,1.0046296296296295,0.9230769230769231,0.9430894308943089,1.0217391304347827,0.9399141630901287,0.9561128526645767
"Castillo, Welington",456078,2017,1.1622340425531914,1.1706471916763945,1.0195344798493116,0.8862520458265138,0.8161805504848937,0.0,0.0,1.0464135021097047,1.2333333333333334,1.1838565022421526,1.5151515151515151,0.8179347826086957,1.4705882352941178,0.9331896551724136,0.9636963696369637
"Castro, Harold",605612,2019,0.922077922077922,0.6669955704630023,0.9802684422399066,0.8830950378469301,1.4874195022390106,0.0,0.0,0.976,0.669767441860465,1.0357142857142858,0.47435897435897434,1.1779661016949152,0.3157894736842105,1.1422505307855628,1.2305295950155763
"Castro, Harold",605612,2021,1.0236842105263158,0.7839951651463632,0.993347174187327,0.8772504091653028,0.9457012055363698,0.0,0.0,1.0316205533596838,0.8543897216274091,1.3727272727272728,0.38095238095238093,0.9237288135593221,0.23529411764705882,1.215644820295983,1.3177257525083612
"Castro, Harold",605612,2022,1.013550135501355,0.9161998942441033,0.9829162356814695,0.8766339869281045,0.9060350617453415,0.0,0.0,0.7936507936507937,0.7549234135667395,1.2064220183486238,0.7948717948717949,0.9804469273743016,0.48837209302325585,1.1257861635220128,1.2492012779552715
"Castro, Jason",488771,2015,1.0027624309392265,1.4109267154288536,1.0020989392598822,0.9102244389027432,0.6677281223237002,0.0,0.0,1.4776785714285714,0.8769633507853403,1.0841121495327104,1.0545454545454547,0.8556430446194225,1.225,1.0085106382978724,0.8734567901234568
"Castro, Jason",488771,2016,1.1370967741935483,0.9384102472536894,1.004535505300256,0.9050791007493756,1.0410184691244107,0.0,0.0,1.3620689655172413,1.1099999999999999,1.1296296296296295,1.5076923076923079,0.9512195121951218,1.173913043478261,0.9399141630901287,0.8683385579937304
"Castro, Jason",488771,2017,1.0319148936170213,1.0888482107935322,0.9965589577560257,0.8968903436988542,0.907792653090341,0.0,0.0,1.29957805907173,0.8743589743589744,1.1345291479820627,1.0303030303030303,0.9483695652173914,0.7843137254901962,0.9612068965517241,0.636963696369637
"Castro, Starlin",516770,2015,0.8784530386740332,0.6330365167561163,0.9766816107963701,0.9409808811305072,1.407745898916063,0.0,0.0,0.8839285714285714,0.7539267015706805,0.822429906542056,0.7999999999999999,1.2992125984251968,0.6,1.0468085106382978,1.0555555555555556
"Castro, Starlin",516770,2016,0.9811827956989247,0.756943813323531,0.9991196213395219,0.9425478767693589,1.148898926889129,0.0,0.0,1.004310344827586,0.8949999999999999,0.9768518518518516,0.8307692307692308,1.1219512195121952,0.9782608695652175,1.1072961373390557,1.0626959247648904
"Castro, Starlin",516770,2017,0.952127659574468,0.5699821234444388,0.9984408853079192,0.9034369885433715,1.7471075729200445,0.0,0.0,0.9746835443037976,1.0102564102564102,1.0044843049327354,0.6818181818181818,1.1630434782608696,0.8823529411764707,1.0754310344827585,1.1155115511551157
"Castro, Starlin",516770,2018,0.9596774193548386,0.6666236053021035,0.999839267862373,0.8981101068200492,1.307514946234365,0.0,0.0,0.9344262295081968,0.9202898550724639,1.0448430493273542,0.9859154929577466,1.1972222222222222,0.5319148936170213,0.9871244635193133,0.9835526315789473
"Castro, Starlin",516770,2019,0.9324675324675324,0.8474345668385033,0.9969099647347424,0.952901597981497,1.2430499604786176,0.0,0.0,0.768,0.9302325581395349,0.8616071428571428,0.7948717948717949,1.0706214689265536,0.7192982456140351,1.0445859872611467,1.0062305295950156
"Castro, Starlin",516770,2021,0.9710526315789474,0.7204743662688609,0.9948669095493485,0.9099836333878887,1.2545081571233394,0.0,0.0,0.8735177865612649,0.8950749464668093,1.0454545454545454,0.6547619047619048,1.1355932203389831,0.23529411764705882,0.9767441860465117,0.9765886287625418
"Castro, Willi",650489,2021,0.9131578947368421,0.8911997179558027,0.958351955963457,0.9443535188216039,1.1707554818608437,0.0,0.0,1.1660079051383399,0.7880085653104923,0.990909090909091,0.6190476190476191,1.2146892655367232,0.5686274509803922,1.190274841437632,1.2374581939799332
"Castro, Willi",650489,2022,0.924119241192412,1.0636877970004848,0.9540733966648232,0.9125816993464052,0.9763550371621877,0.0,0.0,1.1428571428571428,0.8577680525164114,0.9908256880733946,0.4487179487179488,1.047486033519553,0.6511627906976745,1.2138364779874216,1.1150159744408945
"Castro, Willi",650489,2023,0.9210526315789473,1.048223555699826,0.9522926908517632,0.9422442244224423,0.9065117773327303,2.0965517241379312,0.9874589825818939,1.0980392156862746,0.8464818763326227,0.981981981981982,0.8433734939759037,1.0541310541310542,0.7142857142857143,1.0843881856540085,1.1111111111111112
"Castro, Willi",650489,2024,1.0026737967914439,1.0314980178404372,0.9778938453400389,0.9242798353909465,0.9365087181662872,1.306122448979592,0.9802464008849343,1.164,0.9588744588744588,1.1357466063348416,0.8875,0.9166666666666669,0.6444444444444445,1.0732217573221758,1.0702341137123745
"Castro, Willi",650489,2025,0.9465240641711229,0.8330519629977197,0.9715118920055045,0.9104963384865744,1.015324059727964,1.2054794520547945,0.9977458576982446,1.1365461847389557,0.8957055214723926,1.0624999999999998,0.7333333333333334,1.0352941176470587,0.7916666666666666,1.1010526315789475,1.024137931034483
"Cave, Jake",595909,2024,0.9893048128342246,0.5953361298027676,0.9828386768657122,0.8790123456790123,1.1365120982605046,0.41496598639455784,0.9704503925187101,1.136,0.8744588744588745,1.1131221719457014,0.6625,1.1465517241379313,0.6888888888888889,1.098326359832636,1.0334448160535117
"Celestino, Gilberto",665482,2022,0.8157181571815718,-0.1431913141002846,0.9859854267804528,0.8790849673202613,2.484289685430775,0.0,0.0,0.9404761904761905,0.8949671772428883,0.8394495412844036,0.33333333333333337,1.5055865921787712,0.20930232558139533,0.9266247379454928,0.7507987220447284
"Cervelli, Francisco",465041,2015,0.988950276243094,0.6072893178162991,0.9976903759647904,0.9235245220282626,1.1923716470066075,0.0,0.0,0.8526785714285714,0.9764397905759161,0.9672897196261683,0.7636363636363637,1.1758530183727034,0.5,0.8787234042553191,0.697530864197531
"Cervelli, Francisco",465041,2016,0.8844086021505376,0.5115324188608784,0.9741588135906901,0.8975853455453788,1.3697254727216368,0.0,0.0,0.9525862068965517,0.8099999999999999,0.8749999999999999,0.23076923076923078,1.2249322493224934,0.08695652173913045,0.8197424892703863,0.6457680250783698
"Cervelli, Francisco",465041,2017,0.928191489361702,0.5321362467633312,0.996725915496297,0.8633387888707037,1.4094675403244767,0.0,0.0,1.0042194092827004,0.8282051282051283,1.0717488789237668,0.6818181818181818,1.190217391304348,0.4901960784313726,0.8879310344827585,0.7458745874587459
"Cervelli, Francisco",465041,2018,0.9973118279569892,1.2852463184695426,1.0026172837625211,0.905505341002465,0.8005975305556122,0.0,0.0,1.040983606557377,1.0917874396135268,1.0672645739910311,1.1690140845070425,0.8694444444444445,1.0212765957446808,0.8454935622317596,0.7730263157894737
"Cespedes, Yoenis",493316,2015,1.2955801104972375,1.098149173135213,1.041996680845344,0.9384871155444722,0.9894959227558261,0.0,0.0,1.0535714285714284,1.2853403141361257,1.0934579439252339,2.018181818181818,0.863517060367454,1.775,1.048936170212766,1.1944444444444446
"Cespedes, Yoenis",493316,2016,1.1801075268817205,1.3802578735655795,1.035314282257614,0.9542048293089093,0.7570937410422041,0.0,0.0,1.064655172413793,1.34,1.1064814814814814,1.5076923076923079,0.7831978319783198,1.7826086956521743,1.021459227467811,1.2288401253918495
"Cespedes, Yoenis",493316,2017,1.1117021276595744,1.5548782581634466,1.0298723870864626,0.9427168576104746,0.7019628641196608,0.0,0.0,0.8902953586497889,1.3923076923076925,0.7982062780269058,1.7121212121212122,0.7092391304347827,1.4509803921568627,1.0538793103448274,1.132013201320132
"Chapman, Matt",656305,2018,1.0806451612903227,1.1752096552175002,1.0516972294661773,0.9474116680361544,1.1943646143486988,0.0,0.0,0.9672131147540983,1.3043478260869565,0.9820627802690582,1.267605633802817,0.8555555555555556,1.276595744680851,0.8841201716738196,0.8519736842105264
"Chapman, Matt",656305,2019,1.0805194805194804,1.2768315885217747,1.0435291585116768,0.9621530698065601,1.0535888140859657,0.0,0.0,0.956,1.2627906976744188,0.7455357142857142,1.576923076923077,0.9124293785310736,1.4210526315789473,0.8938428874734609,0.8566978193146418
"Chapman, Matt",656305,2021,1.094736842105263,1.464633473685101,1.0090621311353893,0.9271685761047462,0.6165968490715442,0.0,0.0,1.2964426877470356,1.1049250535331905,0.7727272727272727,1.630952380952381,0.827683615819209,1.5882352941176472,0.9429175475687105,0.8561872909698998
"Chapman, Matt",656305,2022,1.170731707317073,1.5161579446414148,1.0424435555067462,0.920751633986928,0.7555158105280704,0.0,0.0,1.1428571428571428,1.3763676148796498,0.9357798165137614,1.653846153846154,0.7067039106145252,1.6976744186046513,0.8742138364779874,0.7348242811501597
"Chapman, Matt",656305,2023,1.0999999999999999,1.4717494147466388,1.0496233230102117,0.933993399339934,0.8188917779562647,1.2137931034482758,1.0564078266259613,1.219607843137255,1.3646055437100213,0.8513513513513513,2.0,0.8461538461538463,0.9591836734693877,0.9135021097046413,0.6960784313725491
"Chapman, Matt",656305,2024,1.106951871657754,1.2399321258711613,1.0504329993889245,0.9423868312757202,1.0356424027031088,1.2993197278911566,1.0709014154765568,0.944,1.2402597402597402,0.9864253393665158,1.5625,0.7988505747126439,1.3777777777777778,0.9330543933054394,0.8729096989966556
"Chapman, Matt",656305,2025,1.0401069518716577,1.1781998228065447,1.032634220626539,0.9235150528885272,1.0813344239491511,1.3356164383561646,1.0493087614676733,1.0200803212851406,1.1554192229038853,1.0,1.1111111111111112,0.8705882352941176,1.3125,0.8905263157894736,0.8000000000000002
"Chavis, Michael",656308,2019,1.0883116883116883,0.9028630306890236,0.9995411128684585,0.9571068124474348,0.9673860929334778,0.0,0.0,1.5319999999999998,0.9302325581395349,0.9330357142857141,1.4615384615384617,1.1045197740112995,1.4385964912280702,1.0955414012738856,1.0155763239875388
"Chavis, Michael",656308,2022,0.9512195121951219,0.9131480201104516,0.962798643967121,0.9093137254901961,1.1600594692414845,0.0,0.0,1.2222222222222223,1.0284463894967177,1.036697247706422,0.9615384615384616,1.0921787709497208,1.1627906976744187,1.209643605870021,1.0926517571884984
"Chirinos, Robinson",455139,2018,1.1048387096774193,1.7280606570475672,0.9941915634104518,0.8816762530813476,0.51016431384323,0.0,0.0,1.377049180327869,1.1521739130434783,0.9506726457399103,1.5211267605633805,0.65,1.7234042553191489,0.9506437768240342,1.055921052631579
"Chirinos, Robinson",455139,2019,0.9896103896103896,1.3312043219260703,0.9788950365881057,0.9066442388561816,0.7312220873880211,0.0,0.0,1.36,1.0279069767441862,0.9687499999999999,1.012820512820513,0.824858757062147,1.1754385964912282,0.9978768577494693,1.074766355140187
"Chisenhall, Lonnie",502082,2015,0.9226519337016575,1.4674675894350366,0.968112712279054,0.9052369077306733,0.8647970187080889,0.0,0.0,0.8616071428571428,0.9214659685863873,1.0514018691588787,0.6181818181818183,0.9133858267716535,0.65,1.1340425531914895,1.1358024691358024
"Chisenhall, Lonnie",502082,2016,0.8763440860215054,1.5410368589697112,0.972186868469767,0.9050791007493756,0.671678955215068,0.0,0.0,0.7543103448275861,0.8075000000000001,0.9583333333333333,0.4307692307692308,0.875338753387534,0.5434782608695653,1.2210300429184546,1.2037617554858933
"Chisholm, Jazz",665862,2021,1.0526315789473684,0.6899080140295148,1.0100012796148718,0.9173486088379704,1.4554254791626242,0.0,0.0,1.1897233201581026,1.070663811563169,0.9863636363636363,1.0714285714285714,1.1581920903954803,1.0980392156862746,0.9915433403805497,1.1471571906354516
"Chisholm, Jazz",665862,2023,1.0921052631578947,0.6733671350328072,0.9981473153270637,0.9207920792079207,1.26417187857128,0.6689655172413794,1.0013235640891969,1.427450980392157,0.9978678038379533,0.8243243243243243,1.4819277108433735,1.1652421652421654,1.6530612244897958,0.938818565400844,1.019607843137255
"Chisholm, Jazz",665862,2024,1.0294117647058825,0.7953481461447788,1.0011492440565941,0.9061728395061728,1.3203903103805794,0.7006802721088435,0.994725670307305,1.192,1.0064935064935063,0.8733031674208145,1.225,1.1867816091954022,1.2444444444444445,0.9832635983263599,1.0635451505016724
"Chisholm, Jazz",665862,2025,1.1737967914438503,1.126620436040007,0.9919164758602312,0.9129373474369405,0.7157827412090366,1.0136986301369864,1.0144275237566698,1.3012048192771084,1.1554192229038853,0.8035714285714285,1.6777777777777778,0.9176470588235294,2.041666666666667,0.9873684210526316,1.0
"Choi, Ji Man",596847,2019,1.096103896103896,0.9769992980121393,1.0268107921694185,0.9259882253994953,0.9552538581046089,0.0,0.0,1.02,1.1255813953488372,1.0892857142857142,1.4615384615384617,0.9632768361581922,1.087719298245614,0.9065817409766455,0.7850467289719626
"Choi, Ji Man",596847,2022,1.165311653116531,0.819564572597218,1.0399568638415646,0.9076797385620914,1.1060065190617736,0.0,0.0,1.2857142857142856,1.223194748358862,1.0091743119266054,1.5256410256410255,0.9944134078212292,1.0930232558139537,0.8721174004192873,0.817891373801917
"Choo, Shin-Soo",425783,2015,1.143646408839779,0.6859977935722232,1.0276233832368897,0.9268495428096426,1.1685921554708631,0.0,0.0,1.2098214285714286,1.246073298429319,1.0654205607476637,1.5454545454545454,1.0839895013123357,1.325,0.8872340425531914,0.8858024691358025
"Choo, Shin-Soo",425783,2017,1.1170212765957446,0.6140218298605354,1.0091030982117988,0.8985270049099836,1.1747792300669266,0.0,0.0,0.978902953586498,1.087179487179487,1.1614349775784754,1.318181818181818,1.0923913043478262,1.0392156862745099,0.898706896551724,0.801980198019802
"Choo, Shin-Soo",425783,2018,1.129032258064516,0.49311803937705423,1.0082314748518957,0.8997534921939194,1.2057395154377342,0.0,0.0,1.1024590163934427,1.0458937198067633,0.9820627802690582,1.563380281690141,1.15,1.1063829787234043,0.871244635193133,0.9144736842105265
"Choo, Shin-Soo",425783,2019,1.1272727272727272,0.6869421826714375,1.03116225671665,0.9402859545836837,1.307465636757283,0.0,0.0,1.172,1.2395348837209303,0.9642857142857143,1.1282051282051282,1.0423728813559323,1.0526315789473684,0.8959660297239915,0.7507788161993768
"Chourio, Jackson",694192,2024,1.0454545454545454,0.5460973726077468,1.0063503898743904,0.9185185185185185,1.2838044497064773,0.870748299319728,1.020471681630443,1.084,1.08008658008658,0.9547511312217193,0.9875,1.2068965517241381,1.1555555555555557,1.0209205020920502,1.100334448160535
"Chourio, Jackson",694192,2025,0.9705882352941176,0.7776054330835661,0.9957781283928498,0.9251423921887714,1.1466981641518956,0.9931506849315068,1.0279929759299715,1.0481927710843375,0.967280163599182,1.03125,1.077777777777778,1.0999999999999999,1.0,1.1221052631578947,1.2137931034482758
"Clemens, Kody",665019,2025,1.0909090909090908,1.177227265592356,1.0204472839106977,0.8934092758340113,0.7234827440810868,0.9452054794520549,1.0082251033522833,0.967871485943775,1.1840490797546013,1.0357142857142858,1.3555555555555554,0.8911764705882353,1.5625,1.0147368421052632,0.9344827586206899
"Clement, Ernie",676391,2024,0.8181818181818181,1.209136187136365,0.961394839209595,0.9004115226337449,0.8030539008307737,1.4761904761904763,0.9315570378767846,0.576,0.6428571428571428,1.0,0.475,0.9712643678160922,0.6666666666666666,1.1882845188284519,1.234113712374582
"Clement, Ernie",676391,2025,0.8021390374331551,1.3577946045679312,0.9677557201293315,0.886086248982913,0.6863590643761037,1.3698630136986303,0.9445102943348632,0.5903614457831325,0.6094069529652352,1.1205357142857142,0.2777777777777778,0.8470588235294116,0.35416666666666674,1.1242105263157895,1.2
"Coghlan, Chris",458085,2015,0.9834254143646408,1.0031109443060218,1.001415821299039,0.8935993349958438,0.8752794068136416,0.0,0.0,0.8839285714285714,1.0026178010471203,0.9158878504672898,1.0,0.9842519685039369,1.15,0.9382978723404256,0.7685185185185185
"Colabello, Chris",499624,2015,1.1988950276243093,0.8742852327933169,1.018454938354615,0.9276807980049875,1.504222693146797,0.0,0.0,1.3928571428571428,1.2591623036649213,1.1728971962616823,1.6727272727272726,1.010498687664042,1.575,1.0680851063829788,0.984567901234568
"Collins, Isaac",686555,2025,0.9251336898395721,0.9137599348489839,0.9904324200264376,0.90480065093572,1.1581244758703486,1.2671232876712328,1.004396342335081,0.9116465863453815,0.8957055214723926,1.0178571428571428,0.5555555555555556,1.0794117647058825,0.6666666666666667,0.903157894736842,0.6793103448275862
"Conforto, Michael",624424,2016,1.0456989247311828,1.2819553523605114,1.018452860919755,0.9575353871773522,0.6480634043313334,0.0,0.0,1.0172413793103445,1.1525,1.0648148148148147,1.553846153846154,0.7859078590785907,1.1956521739130437,0.9463519313304721,1.0219435736677116
"Conforto, Michael",624424,2017,1.2420212765957448,1.1299151852406424,1.0175039586969787,0.911620294599018,0.8744791612338146,0.0,0.0,1.2278481012658227,1.271794871794872,1.0762331838565022,1.8787878787878787,0.8097826086956521,1.9803921568627456,0.9202586206896549,0.9471947194719471
"Conforto, Michael",624424,2018,1.088709677419355,0.9693406584121432,0.9952221102954841,0.923582580115037,0.9044195345690988,0.0,0.0,1.1393442622950822,1.0314009661835748,1.0,1.352112676056338,1.036111111111111,1.553191489361702,0.9270386266094421,0.9769736842105263
"Conforto, Michael",624424,2019,1.1272727272727272,1.227297691064469,1.0022714442007636,0.943650126156434,0.6875113447849099,0.0,0.0,1.08,1.0534883720930233,1.0446428571428572,1.5000000000000002,0.7881355932203391,1.4385964912280702,0.9702760084925692,0.9314641744548285
"Conforto, Michael",624424,2021,1.0289473684210526,1.0362095307392665,0.9968431070386038,0.9108019639934533,1.0584912575728176,0.0,0.0,0.9249011857707511,0.9721627408993575,1.0,1.0952380952380951,0.9745762711864407,0.9019607843137255,0.9365750528541226,0.9163879598662209
"Conforto, Michael",624424,2023,0.9921052631578947,0.9389130199307304,0.9992819719460992,0.9051155115511551,0.8777178654568822,0.7103448275862069,1.0194523445998434,0.9764705882352941,1.0341151385927505,0.8333333333333334,0.9518072289156626,0.9772079772079775,1.0204081632653061,0.9578059071729957,0.9313725490196078
"Conforto, Michael",624424,2024,1.1631016042780749,1.106982185498984,1.017004737017133,0.9349794238683127,0.9646743939006117,0.6870748299319729,1.0380809600495053,1.012,1.1666666666666667,0.932126696832579,1.4749999999999999,0.885057471264368,1.3777777777777778,0.9372384937238495,0.9197324414715721
"Conforto, Michael",624424,2025,1.0267379679144386,0.9635493752637028,1.007426944904027,0.9186330349877949,1.0346581178794036,0.726027397260274,1.0377728245429327,1.0,1.0674846625766872,0.9241071428571427,1.077777777777778,0.9441176470588236,0.8333333333333334,0.9494736842105264,0.8758620689655173
"Contreras, William",661388,2022,1.2005420054200542,0.4808859347300884,1.0209939447919665,0.9411764705882353,1.3424881760980083,0.0,0.0,1.3611111111111114,1.0897155361050328,0.9128440366972478,1.6666666666666667,1.1620111731843576,2.0232558139534884,0.9350104821802936,1.108626198083067
"Contreras, William",661388,2023,1.0052631578947369,0.38001300069723143,1.0270331854344719,0.9397689768976898,1.898463501593211,0.24137931034482762,1.0256364338648452,1.0980392156862746,1.1236673773987207,0.7612612612612614,1.1325301204819276,1.2792022792022795,0.8367346938775511,0.909282700421941,0.9640522875816994
"Contreras, William",661388,2024,1.088235294117647,0.451641289399123,1.045469333136752,0.9720164609053498,2.1282951466261344,0.435374149659864,1.042654924581215,1.108,1.2294372294372293,0.8914027149321266,1.2,1.1839080459770115,1.0222222222222221,0.9916317991631799,0.9464882943143812
"Contreras, William",661388,2025,0.9465240641711229,0.5238100001519822,1.0216352855669988,0.9283970707892595,1.6570088654760375,0.5753424657534247,1.0183363324307926,0.9718875502008032,1.1104294478527608,0.919642857142857,0.7111111111111111,1.1794117647058824,0.7916666666666666,0.9768421052631581,0.9413793103448277
"Contreras, Willson",575929,2017,1.1143617021276595,0.5823293583102828,1.0077129459431795,0.94189852700491,1.778305922436474,0.0,0.0,1.2827004219409281,0.9974358974358974,0.9775784753363229,1.5757575757575757,1.252717391304348,1.4705882352941178,1.023706896551724,1.0297029702970297
"Contreras, Willson",575929,2018,0.903225806451613,0.6183843295480377,0.9944211053569887,0.9375513557929334,1.5280283796270657,0.0,0.0,1.1557377049180326,0.9178743961352658,0.8834080717488788,1.028169014084507,1.261111111111111,0.5957446808510639,1.0622317596566524,1.069078947368421
"Contreras, Willson",575929,2019,1.0987012987012987,0.5756859074540991,0.9969015975180914,0.9512195121951219,1.2699508026929052,0.0,0.0,1.328,1.0674418604651164,0.8973214285714286,1.4871794871794874,1.2768361581920906,1.631578947368421,1.061571125265393,1.2616822429906542
"Contreras, Willson",575929,2021,1.1473684210526316,0.7532124964564872,1.03333843544403,0.9443535188216039,1.2433071914347382,0.0,0.0,1.3675889328063238,1.2655246252676657,0.7636363636363637,1.3214285714285714,1.1638418079096045,1.4705882352941178,0.9513742071881607,1.073578595317726
"Contreras, Willson",575929,2022,1.1382113821138211,0.6980406474511816,1.0216773213660204,0.9493464052287581,1.535562589985947,0.0,0.0,1.2380952380952381,1.2363238512035009,0.8577981651376146,1.358974358974359,1.181564245810056,1.6511627906976745,1.0628930817610065,1.0894568690095847
"Contreras, Willson",575929,2023,1.1578947368421053,0.8023811773132545,1.0263028851012623,0.9694719471947194,1.4344955243770632,0.917241379310345,1.0613668119372757,1.1372549019607843,1.1492537313432838,1.0315315315315317,1.469879518072289,1.0997150997151,1.2857142857142856,1.0232067510548524,1.130718954248366
"Contreras, Willson",575929,2024,1.2032085561497325,1.0672553979405213,1.0323700797016726,0.9489711934156378,1.1600328308253154,0.6938775510204082,1.067436139119157,1.4,1.1515151515151516,1.0588235294117647,1.4000000000000001,0.896551724137931,1.6222222222222222,1.0460251046025104,1.0401337792642142
"Contreras, Willson",575929,2025,1.1737967914438503,0.9307983861464875,1.0151697300425824,0.9332790886899919,0.9600130728551646,1.1506849315068495,1.0597556700507762,1.1566265060240963,1.179959100204499,1.1651785714285714,1.5444444444444447,0.9852941176470589,1.1875,1.0189473684210526,1.0551724137931036
"Cooper, Garrett",643265,2019,1.1324675324675324,0.3484188786269813,1.0026275741773243,0.9545836837678722,1.9064940445365095,0.0,0.0,0.936,1.0767441860465117,1.1160714285714284,1.2307692307692308,1.2768361581920906,0.9649122807017544,1.0276008492569002,1.1869158878504673
"Cooper, Garrett",643265,2022,1.1382113821138211,0.6919890467764334,1.0119209938831917,0.9199346405228758,1.0552799042777374,0.0,0.0,0.9960317460317462,1.1225382932166301,1.2477064220183487,1.3333333333333335,1.022346368715084,0.6976744186046512,0.947589098532495,1.0958466453674123
"Cooper, Garrett",643265,2023,1.1052631578947367,1.0384524782602356,1.0009492774417825,0.915016501650165,0.9172363874008012,1.2896551724137932,1.0361871443791484,1.2078431372549019,1.0063965884861408,1.1801801801801803,1.2409638554216864,0.9344729344729348,1.204081632653061,1.1033755274261605,1.320261437908497
"Correa, Carlos",621043,2015,1.121546961325967,0.7308643269896943,1.018992492501888,0.9567747298420615,1.3127761685644774,0.0,0.0,0.9107142857142856,1.2172774869109946,0.9579439252336449,1.6363636363636365,1.0603674540682415,1.775,0.9531914893617022,1.2037037037037037
"Correa, Carlos",621043,2016,1.139784946236559,0.5894498084578526,1.0273602191994669,0.984179850124896,1.3585719424735752,0.0,0.0,1.0474137931034482,1.185,1.0092592592592593,1.1846153846153846,1.0623306233062333,0.9782608695652175,0.96137339055794,1.0470219435736676
"Correa, Carlos",621043,2017,1.2260638297872342,0.7674898864263254,1.0338547806191514,0.9165302782324058,1.1679034318976385,0.0,0.0,0.9113924050632912,1.3128205128205128,1.1031390134529149,1.4090909090909092,0.9673913043478262,1.4117647058823528,0.9094827586206895,1.0957095709570959
"Correa, Carlos",621043,2018,0.9327956989247311,0.918763595668128,0.9958876812361153,0.9268693508627773,1.2104179021759665,0.0,0.0,0.9877049180327868,0.9516908212560387,0.9506726457399103,0.9859154929577466,1.0944444444444443,1.0638297872340425,0.9077253218884119,1.0855263157894737
"Correa, Carlos",621043,2021,1.081578947368421,0.9639634195533444,1.0161302559365184,0.9525368248772504,1.1420563568548823,0.0,0.0,0.8300395256916996,0.993576017130621,1.0318181818181817,1.130952380952381,0.9491525423728814,1.156862745098039,0.8921775898520085,1.0100334448160535
"Correa, Carlos",621043,2022,1.132791327913279,0.9225090709602293,1.0154432593176899,0.9362745098039215,1.0965303310159569,0.0,0.0,0.873015873015873,1.2166301969365427,1.1192660550458715,1.4615384615384617,0.9441340782122907,1.2558139534883723,0.9308176100628931,1.0095846645367412
"Correa, Carlos",621043,2023,0.9973684210526316,0.873776859779741,1.0162153103349916,0.9422442244224423,1.4061233818854282,0.7379310344827587,1.0507691939882804,0.9843137254901961,1.1855010660980811,0.972972972972973,1.1566265060240963,1.0284900284900287,0.9591836734693877,0.9219409282700423,1.0490196078431373
"Correa, Carlos",621043,2024,1.0481283422459893,0.6737270917896021,1.0178411574126918,0.9374485596707819,1.1591632409971104,1.3537414965986396,1.0465740855165595,0.816,1.2142857142857144,1.0361990950226245,1.15,1.1408045977011496,1.1777777777777778,0.9330543933054394,1.0
"Correa, Carlos",621043,2025,1.0454545454545454,0.5553026460861226,1.0147435815891002,0.9161920260374287,1.4071424492534603,0.9931506849315068,1.0335647105582306,0.8955823293172691,1.1002044989775053,1.0089285714285714,0.7555555555555556,1.1647058823529413,0.6458333333333334,0.9768421052631581,1.0827586206896553
"Cowser, Colton",681297,2024,1.1898395721925135,0.9822019283567233,1.0185146792892203,0.9349794238683127,0.8855757878800505,0.4013605442176871,1.0297050192093218,1.22,1.0627705627705628,0.9457013574660632,1.7000000000000002,1.011494252873563,1.6222222222222222,0.9288702928870293,0.9464882943143812
"Cozart, Zack",446359,2016,0.8467741935483871,1.2826364915452242,0.9716979545632614,0.8792672772689425,0.8583966212027277,0.0,0.0,0.8103448275862069,0.85,1.0046296296296295,0.3692307692307692,0.9512195121951218,0.9130434782608696,1.0107296137339055,0.8902821316614419
"Cozart, Zack",446359,2017,0.8936170212765958,1.2250674463722926,0.9797186613231171,0.8862520458265138,0.7598567085831379,0.0,0.0,0.679324894514768,0.8923076923076922,1.053811659192825,0.6666666666666665,0.8940217391304348,1.2941176470588238,0.8814655172413792,0.8877887788778879
"Crawford, Brandon",543063,2015,1.1629834254143647,0.7344580281643956,1.0171045235753609,0.9193682460515378,1.1035095842027185,0.0,0.0,1.2544642857142856,1.2408376963350785,0.9112149532710281,1.5454545454545454,1.0498687664041995,1.275,1.1191489361702127,1.0555555555555556
"Crawford, Brandon",543063,2016,0.9623655913978494,1.0769058094198105,0.9998679739872348,0.9109075770191508,0.9002619496295569,0.0,0.0,1.1422413793103448,0.9400000000000001,1.0138888888888888,0.8307692307692308,0.934959349593496,0.5869565217391305,1.1072961373390557,0.9874608150470219
"Crawford, Brandon",543063,2017,0.9228723404255319,0.9352014558046694,0.9977282416150282,0.8878887070376432,1.1157080346184254,0.0,0.0,1.1814345991561184,0.9589743589743589,1.053811659192825,0.8787878787878788,1.0407608695652173,0.627450980392157,1.107758620689655,0.9570957095709569
"Crawford, Brandon",543063,2018,0.9489247311827956,0.8953316917318724,0.9885876100256097,0.8940016433853738,1.086871799057316,0.0,0.0,1.1967213114754098,0.8454106280193237,1.1255605381165918,0.5070422535211268,1.0277777777777777,0.723404255319149,1.1201716738197425,0.9605263157894737
"Crawford, Brandon",543063,2019,0.9012987012987013,0.6417701754293292,0.9866431271937279,0.8973927670311186,1.390737234593475,0.0,0.0,1.132,0.8604651162790697,1.0401785714285714,0.6923076923076924,1.2118644067796611,0.4912280701754386,1.0891719745222932,0.9127725856697818
"Crawford, Brandon",543063,2021,1.055263157894737,1.151418567104439,0.9980335693836424,0.8985270049099836,0.8765630726774896,0.0,0.0,1.1581027667984187,1.0620985010706638,1.0318181818181817,1.369047619047619,0.9378531073446329,1.2352941176470589,1.090909090909091,0.94314381270903
"Crawford, Brandon",543063,2022,0.8861788617886179,0.9726947448582207,0.9913853960533413,0.8905228758169934,1.1556569665119154,0.0,0.0,1.265873015873016,0.824945295404814,0.9220183486238532,0.858974358974359,1.0698324022346368,0.6744186046511629,1.0607966457023061,0.8434504792332269
"Crawford, Brandon",543063,2023,0.9131578947368421,1.0878455806154959,1.0074822402127321,0.9108910891089109,1.0713321004841359,0.09655172413793105,1.0052360493985737,1.1647058823529413,1.0341151385927505,0.9189189189189189,1.2289156626506021,1.0370370370370372,0.6938775510204082,1.1012658227848102,0.9934640522875817
"Crawford, J.P.",641487,2019,0.8233766233766233,0.9498395843104835,0.9556155002968508,0.913372582001682,1.1275248712148056,0.0,0.0,0.852,0.6651162790697674,0.9866071428571428,0.43589743589743596,1.1440677966101696,0.4736842105263158,0.9108280254777071,0.6542056074766355
"Crawford, J.P.",641487,2021,0.8394736842105264,0.7617044231226066,0.9655061310601741,0.9042553191489362,1.220205199701998,0.0,0.0,0.616600790513834,0.766595289079229,1.0272727272727273,0.2857142857142857,1.1610169491525422,0.3529411764705882,0.9323467230443976,0.7658862876254182
"Crawford, J.P.",641487,2022,0.8346883468834688,0.7375620491007175,0.9579824420557522,0.8929738562091503,1.4276215726310526,0.0,0.0,0.5714285714285714,0.7921225382932164,1.0275229357798166,0.25641025641025644,1.2206703910614527,0.32558139534883723,0.8616352201257861,0.779552715654952
"Crawford, J.P.",641487,2023,0.95,1.206894272706704,0.9893583661939321,0.9084158415841583,0.9687577504377823,1.5931034482758621,1.0157359115462785,0.7333333333333333,0.9957356076759063,1.1171171171171173,0.5903614457831325,0.9002849002849005,0.9387755102040815,0.8122362869198313,0.7810457516339869
"Crawford, J.P.",641487,2024,0.927807486631016,1.0010860516028683,0.9830828905571732,0.9111111111111111,1.0608050697764582,1.0612244897959184,1.0062031623769399,0.8080000000000002,1.0454545454545454,0.8733031674208145,0.8250000000000001,1.0804597701149428,0.6888888888888889,0.8577405857740587,0.705685618729097
"Crawford, J.P.",641487,2025,0.9491978609625668,0.8660670567330876,0.9745338619930453,0.8958502847843774,1.0390484634998254,0.8082191780821918,0.9916543886450951,0.8313253012048193,0.8609406952965236,1.1875,0.5222222222222223,1.1058823529411765,0.5625000000000001,0.9431578947368422,0.7827586206896553
"Crews, Dylan",686611,2025,0.9679144385026738,0.6524783821470999,1.0044827657811721,0.903986981285598,1.3463197031992804,0.6917808219178083,1.0233720365155599,1.2369477911646587,0.8200408997955011,0.638392857142857,1.077777777777778,1.1235294117647059,0.9583333333333333,1.0105263157894737,1.0379310344827586
"Crisp, Coco",424825,2016,0.8333333333333334,1.1443526790676752,0.9632472176811332,0.8859283930058286,0.7184665093563775,0.0,0.0,0.7974137931034482,0.655,1.0277777777777777,0.3692307692307692,0.915989159891599,0.7608695652173915,0.9120171673819742,0.9404388714733541
"Cron, C.J.",543068,2015,1.074585635359116,1.070137086464345,0.999206896136561,0.9467996674979219,1.0521474976454652,0.0,0.0,0.9866071428571428,1.0942408376963348,0.9532710280373832,1.5818181818181818,0.973753280839895,1.35,1.0829787234042554,1.2469135802469138
"Cron, C.J.",543068,2016,1.032258064516129,1.0467676052503485,1.0110005853107475,0.9608659450457953,0.945354100671768,0.0,0.0,1.0,1.0574999999999999,1.0601851851851851,1.276923076923077,0.934959349593496,1.0434782608695652,1.1244635193133048,1.0783699059561127
"Cron, C.J.",543068,2017,1.1382978723404256,1.504467914743322,1.0151900470346613,0.9402618657937807,0.7930948850755465,0.0,0.0,1.1265822784810129,1.141025641025641,1.1793721973094171,1.5303030303030305,0.7798913043478262,1.2745098039215688,1.1271551724137931,1.1221122112211221
"Cron, C.J.",543068,2018,1.1666666666666667,1.190865446971889,0.9943350795973939,0.9400164338537387,0.8798485992368749,0.0,0.0,1.1926229508196722,1.1280193236714977,0.9103139013452914,1.7183098591549295,0.9638888888888888,1.7659574468085106,1.092274678111588,1.2203947368421053
"Cron, C.J.",543068,2019,1.1506493506493507,0.9844981021270583,1.0256475023550278,0.9747687132043734,0.9885524675374493,0.0,0.0,1.008,1.1604651162790698,1.0669642857142856,1.935897435897436,0.9971751412429378,1.2456140350877192,1.0636942675159238,1.0467289719626167
"Cron, C.J.",543068,2021,1.1052631578947367,1.247745905229222,0.9999647691568146,0.9386252045826514,0.7388478580087489,0.0,0.0,1.0869565217391306,1.139186295503212,0.9454545454545454,1.369047619047619,0.844632768361582,1.5490196078431375,0.9957716701902748,1.1906354515050168
"Cron, C.J.",543068,2022,1.0948509485094853,1.1410837134857568,1.001615812563946,0.9436274509803921,0.8149521719402543,0.0,0.0,0.9642857142857143,1.1181619256017505,1.055045871559633,1.3846153846153848,0.9050279329608939,1.6279069767441863,1.0,1.1373801916932909
"Cronenworth, Jake",630105,2021,0.9605263157894737,0.9690247759285134,0.9956948111190367,0.90671031096563,1.1047360212531834,0.0,0.0,0.541501976284585,0.8351177730192719,1.0545454545454547,0.869047619047619,0.9971751412429378,0.8627450980392156,0.9090909090909092,0.9063545150501673
"Cronenworth, Jake",630105,2022,0.8672086720867209,1.436606291677008,0.9857507988793952,0.8872549019607843,0.6386199762388958,0.0,0.0,0.7142857142857143,0.8468271334792122,0.9541284403669725,0.7179487179487181,0.840782122905028,0.8604651162790697,0.8784067085953879,0.7859424920127795
"Cronenworth, Jake",630105,2023,0.8605263157894737,1.1817435711024726,0.9729406743007836,0.8943894389438944,0.7425073963751435,0.9034482758620691,0.9582368956758539,0.6274509803921569,0.8230277185501067,1.0360360360360361,0.5301204819277108,0.9515669515669517,0.5510204081632653,1.0021097046413503,0.8660130718954249
"Cronenworth, Jake",630105,2024,0.9919786096256684,1.0283536247333176,0.9966683712469856,0.9127572016460905,1.0153726102223957,0.8639455782312926,0.9730190526351628,0.688,0.9523809523809523,0.9638009049773756,0.975,0.9856321839080462,0.8222222222222222,0.9393305439330544,0.8260869565217391
"Cronenworth, Jake",630105,2025,0.8796791443850268,1.0667757254041,0.986118108854837,0.8877135882831569,0.9015144019065031,0.9520547945205481,0.9910127387326305,0.7670682730923696,1.0102249488752557,0.8214285714285713,0.7,1.052941176470588,0.7291666666666667,0.8947368421052632,0.8724137931034484
"Crow-Armstrong, Pete",691718,2024,0.9385026737967914,1.161441835505073,0.9692699332424334,0.8823045267489712,0.7693225956486925,0.9115646258503403,0.9618628226185999,1.224,0.9199134199134199,1.085972850678733,0.95,1.014367816091954,0.7999999999999999,1.2510460251046025,1.1438127090301005
"Crow-Armstrong, Pete",691718,2025,1.072192513368984,1.4447676548958666,0.9934427043125458,0.9210740439381611,0.5485270727093089,1.273972602739726,1.0136932875941183,1.180722891566265,1.1063394683026586,0.9642857142857143,1.4777777777777779,0.8088235294117648,1.4583333333333335,1.254736842105263,1.2862068965517242
"Cruz, Nelson",443558,2015,1.37292817679558,0.830222672139252,1.0484946588348785,0.9891936824605154,1.0456182135288712,0.0,0.0,1.3705357142857142,1.4214659685863875,1.0373831775700935,2.563636363636363,0.9527559055118109,2.5749999999999997,1.0361702127659573,1.1018518518518519
"Cruz, Nelson",443558,2016,1.3413978494623655,0.9508034926723963,1.0677451311619635,0.9683597002497919,0.9468532143173451,0.0,0.0,1.2499999999999998,1.4425,0.9537037037037035,2.5384615384615383,0.9674796747967479,2.130434782608696,1.0257510729613732,0.9655172413793103
"Cruz, Nelson",443558,2017,1.2952127659574468,1.0219080509323488,1.0645407039939985,0.9631751227495908,0.9725110513324468,0.0,0.0,1.2869198312236287,1.3846153846153846,1.053811659192825,2.1515151515151514,0.8885869565217392,1.803921568627451,1.0172413793103445,1.0594059405940595
"Cruz, Nelson",443558,2018,1.260752688172043,1.0080365738941572,1.060981411818435,0.961380443714051,1.1847713242736089,0.0,0.0,1.25,1.4057971014492754,0.9327354260089686,1.9436619718309862,0.9166666666666666,1.957446808510638,0.9978540772532188,1.1019736842105263
"Cruz, Nelson",443558,2019,1.3896103896103897,1.0145070814954917,1.0547506369992703,0.9840201850294364,0.9590359717961996,0.0,0.0,1.304,1.4116279069767441,1.013392857142857,2.5512820512820515,0.8757062146892656,2.2105263157894735,0.9808917197452232,1.0186915887850467
"Cruz, Nelson",443558,2021,1.1605263157894736,0.9268435369681056,1.0450254098111302,0.9615384615384616,1.1200314469665862,0.0,0.0,1.2134387351778655,1.3062098501070663,0.9681818181818183,1.5952380952380951,0.9661016949152543,1.5882352941176472,1.080338266384778,1.0836120401337792
"Cruz, Nelson",443558,2022,1.029810298102981,0.5855596260488855,1.0273761557771919,0.9297385620915032,1.8901411718950436,0.0,0.0,1.2698412698412698,1.2056892778993435,0.9403669724770642,1.1923076923076925,1.1787709497206704,0.6976744186046512,1.0649895178197066,1.0191693290734825
"Cruz, Oneil",665833,2022,1.1842818428184283,0.6591672871674683,1.0385850980120832,1.0,1.5567249651756694,0.0,0.0,1.4047619047619047,1.1794310722100656,0.9357798165137614,1.9871794871794872,1.1787709497206704,1.9302325581395352,0.8490566037735849,1.329073482428115
"Cruz, Oneil",665833,2024,1.2540106951871657,0.7696886058352717,1.076536737386022,1.0,1.635173952353835,1.0612244897959184,1.087923988245732,1.368,1.331168831168831,0.9592760180995474,1.9625,1.017241379310345,1.288888888888889,0.9686192468619248,1.2207357859531773
"Cruz, Oneil",665833,2025,1.160427807486631,0.6086543318707293,1.0737837438555191,1.0,1.3238536438459347,1.1232876712328768,1.0937465724621178,1.3694779116465865,1.3517382413087937,0.875,1.9888888888888887,1.0941176470588236,1.3750000000000002,0.8757894736842106,1.2931034482758623
"Cuddyer, Michael",150212,2015,0.9640883977900552,0.6957985199653162,0.9899479267091958,0.9177057356608479,1.3207809012996268,0.0,0.0,1.0848214285714286,0.8612565445026177,1.0560747663551404,0.8181818181818182,1.0971128608923884,0.8500000000000001,1.0936170212765957,1.0370370370370372
"Culberson, Charlie",518586,2018,0.9059139784946237,0.6459939532860087,0.9590224999480227,0.8890714872637634,1.5107098365275435,0.0,0.0,1.2827868852459017,0.855072463768116,0.9730941704035874,0.7323943661971831,1.1916666666666667,1.2127659574468086,1.1545064377682404,1.1710526315789476
"Cuthbert, Cheslor",596144,2016,0.8091397849462365,1.042289153285228,1.0082021520845783,0.9300582847626978,1.523212440586898,0.0,0.0,1.0,1.04,0.8888888888888888,0.3692307692307692,1.070460704607046,0.6956521739130436,1.05793991416309,0.9341692789968651
"Cuthbert, Cheslor",596144,2019,0.8857142857142858,1.1572800159671515,0.9995978743871042,0.9369217830109335,1.2329230803133642,0.0,0.0,0.968,0.969767441860465,0.9955357142857142,0.576923076923077,1.0169491525423728,0.6491228070175438,1.031847133757962,0.9875389408099687
"Dahl, David",621311,2019,1.1402597402597403,0.8801572256349361,0.9980537836209294,0.9007569386038687,0.9401254033382465,0.0,0.0,1.24,1.058139534883721,1.2812499999999998,1.3333333333333335,0.9180790960451978,0.9824561403508772,1.1040339702760087,1.1526479750778815
"Dalbec, Bobby",666915,2021,1.331578947368421,1.3460551650030528,1.0419509814744203,0.9459901800327332,0.6894120690770326,0.0,0.0,1.5059288537549407,1.2291220556745182,0.9681818181818183,2.4404761904761902,0.7994350282485875,1.9019607843137258,1.0634249471458774,0.9230769230769231
"Dalbec, Bobby",666915,2022,1.1355013550135502,1.2099526342631024,1.0204006006734918,0.9305555555555556,0.7103699319576067,0.0,0.0,1.3928571428571426,1.1312910284463895,0.9128440366972478,1.5256410256410255,0.846368715083799,1.3953488372093024,0.9748427672955976,1.060702875399361
"Davidson, Matt",571602,2017,1.2313829787234043,1.4626134429549182,1.0171722793233824,0.9214402618657938,0.7600941638045702,0.0,0.0,1.5316455696202531,1.271794871794872,0.937219730941704,2.333333333333333,0.8342391304347827,2.0,1.045258620689655,0.9801980198019802
"Davidson, Matt",571602,2018,1.174731182795699,1.088297811997066,1.0163609815164842,0.9457682826622842,0.8674563654448062,0.0,0.0,1.3811475409836067,1.181159420289855,1.0044843049327354,1.704225352112676,0.9194444444444445,1.5744680851063828,0.9721030042918456,0.9374999999999999
"Davis, Chris",448801,2015,1.5635359116022098,1.5532783991993877,1.0386470001268682,0.9409808811305072,0.47471545438015567,0.0,0.0,1.5937499999999996,1.350785340314136,1.238317757009346,3.145454545454545,0.6666666666666666,3.175,1.0127659574468084,1.0308641975308641
"Davis, Chris",448801,2016,1.3010752688172043,1.4295721109626236,1.024630070554245,0.9258950874271441,0.4971185819759905,0.0,0.0,1.5991379310344827,1.2,0.912037037037037,2.323076923076923,0.8292682926829268,2.3695652173913047,0.9163090128755363,1.1253918495297806
"Davis, Chris",448801,2017,1.297872340425532,1.2233633428920876,1.0272579770978594,0.8985270049099836,0.6019331559826091,0.0,0.0,1.489451476793249,1.3205128205128205,1.1659192825112108,1.9696969696969695,0.736413043478261,1.9411764705882355,0.9202586206896549,1.0693069306930691
"Davis, Chris",448801,2018,1.0456989247311828,1.1863233871089085,1.009550940723489,0.9186524239934264,0.7490971046134384,0.0,0.0,1.4139344262295084,1.0700483091787438,1.0807174887892375,1.4507042253521125,0.9361111111111112,1.2127659574468086,0.9678111587982833,1.036184210526316
"Davis, J.D.",605204,2019,1.2025974025974027,0.7900040178308014,1.029920006854774,0.9646761984861227,1.3839514083332602,0.0,0.0,1.124,1.2627906976744188,1.1785714285714286,1.448717948717949,1.0169491525423728,1.192982456140351,1.0360934182590233,0.8348909657320872
"Davis, J.D.",605204,2023,1.063157894736842,0.6077542107321375,1.02369618583917,0.9183168316831682,1.5206004006871605,0.31724137931034485,1.0242608985761796,1.3411764705882354,1.1172707889125801,1.0495495495495497,1.1325301204819276,1.1823361823361824,1.0612244897959184,1.118143459915612,0.8039215686274511
"Davis, Khris",501981,2015,1.2292817679558012,1.1191632139217025,1.01704122048018,0.9210307564422278,0.7176845993363269,0.0,0.0,1.4776785714285714,1.2172774869109946,0.9766355140186916,2.6727272727272724,0.9816272965879265,2.475,1.027659574468085,0.7993827160493828
"Davis, Khris",501981,2016,1.3010752688172043,1.1125786006258647,1.0365103822781319,0.965029142381349,0.8402925772370324,0.0,0.0,1.4612068965517242,1.325,0.8935185185185185,2.6153846153846154,0.886178861788618,2.3260869565217392,1.113733905579399,0.877742946708464
"Davis, Khris",501981,2017,1.3882978723404256,1.1697151797752905,1.053920321077133,0.9288052373158756,0.7861984078140201,0.0,0.0,1.4177215189873418,1.4435897435897436,1.1390134529147982,2.6818181818181817,0.8614130434782609,2.235294117647059,1.0172413793103445,0.7986798679867987
"Davis, Khris",501981,2018,1.3064516129032258,1.4326050690805263,1.0449834417696673,0.9268693508627773,0.6052089510879832,0.0,0.0,1.3811475409836067,1.2342995169082127,0.9730941704035874,2.436619718309859,0.7277777777777779,2.531914893617021,1.05793991416309,0.7828947368421052
"Davis, Khris",501981,2019,1.0493506493506495,1.0078386528469407,1.0154127026868636,0.9243061396131202,0.8641795890817472,0.0,0.0,1.412,1.0255813953488373,0.9642857142857143,1.2820512820512822,0.9689265536723165,1.1754385964912282,1.0976645435244163,0.8785046728971961
"Davis, Rajai",434658,2015,0.8950276243093923,1.157693319662968,0.9781482444510965,0.9093931837073982,1.1102216271793963,0.0,0.0,0.90625,0.7748691099476439,1.1214953271028039,0.5454545454545454,1.0314960629921262,0.75,1.048936170212766,0.882716049382716
"Davis, Rajai",434658,2016,0.8736559139784946,1.2303566470724872,0.9763361848729818,0.8967527060782682,0.9384076642901427,0.0,0.0,1.0387931034482756,0.8375,0.8240740740740741,0.5230769230769231,1.048780487804878,0.7391304347826089,1.109442060085837,0.9310344827586206
"Davis, Rajai",434658,2017,0.8351063829787234,0.9476201278874761,0.979947133536964,0.8756137479541735,1.3032093173004136,0.0,0.0,1.0464135021097047,0.7307692307692307,1.0448430493273542,0.3636363636363636,1.1603260869565217,0.3921568627450981,1.086206896551724,0.9801980198019802
"Daza, Yonathan",602074,2021,0.8394736842105264,0.5079297959368663,0.9554792181548933,0.8715220949263502,1.2643090021008654,0.0,0.0,0.7944664031620554,0.6659528907922913,0.9818181818181819,0.25,1.2542372881355932,0.15686274509803924,1.054968287526427,1.1404682274247493
"Daza, Yonathan",602074,2022,0.915989159891599,0.36609004354143637,0.9555014469166895,0.8660130718954248,1.5629618440425592,0.0,0.0,0.746031746031746,0.5973741794310722,0.9908256880733946,0.24358974358974358,1.287709497206704,0.13953488372093023,1.0545073375262055,1.1693290734824282
"De Aza, Alejandro",457477,2015,0.9696132596685083,1.2950958059788522,0.9776515257262299,0.8761429758935994,0.7044164806931343,0.0,0.0,1.013392857142857,0.6989528795811518,1.0981308411214954,0.5272727272727273,0.863517060367454,0.7250000000000001,1.0148936170212766,1.067901234567901
"De La Cruz, Bryan",650559,2022,1.2574525745257454,0.7752246705565581,1.0252038351361525,0.9084967320261438,1.0380938380667524,0.0,0.0,1.1428571428571428,1.1575492341356675,1.385321100917431,1.5384615384615385,0.9916201117318436,1.2558139534883723,1.0314465408805034,1.0990415335463257
"De La Cruz, Bryan",650559,2023,1.0578947368421052,0.9133568773851002,1.011340412685496,0.9158415841584158,0.991777736586799,1.0551724137931036,1.0095573889391831,1.1254901960784314,1.0063965884861408,1.2027027027027029,1.072289156626506,0.9401709401709403,0.8775510204081631,1.0527426160337552,1.1960784313725492
"De La Cruz, Bryan",650559,2024,1.0748663101604279,0.9839622112465033,1.0104134612020217,0.9094650205761317,0.8822897923777127,0.5578231292517007,1.0085414388200062,1.204,1.054112554112554,1.004524886877828,1.1625,0.9597701149425287,1.1111111111111112,1.1171548117154813,1.0468227424749164
"De La Cruz, Elly",682829,2023,1.131578947368421,0.25165393514577666,1.020385824505207,0.9834983498349835,2.1137092793335652,0.8206896551724138,1.069770305745202,1.1725490196078432,1.1236673773987207,0.9009009009009009,1.0361445783132528,1.324786324786325,1.0816326530612244,0.9556962025316457,1.2908496732026145
"De La Cruz, Elly",682829,2024,1.1844919786096257,0.7187445709686422,1.0274765658794844,0.9440329218106996,1.051183255084608,0.5714285714285715,1.0461449270901093,1.348,1.0865800865800865,1.0497737556561086,1.6,1.0488505747126438,1.3777777777777778,0.9016736401673641,1.1070234113712376
"De La Cruz, Elly",682829,2025,1.0775401069518717,0.5751604950237851,1.0170487714738963,0.9552481692432873,1.4728967693120332,0.541095890410959,1.0299684325039886,1.2730923694779117,1.0286298568507157,0.9508928571428571,1.1444444444444444,1.223529411764706,1.0208333333333335,0.9621052631578948,1.1172413793103448
"DeJesus, David",430203,2015,0.8646408839779006,1.130973704333603,0.9821938640202962,0.9068994181213632,1.008929855159437,0.0,0.0,0.6071428571428571,0.8167539267015707,1.0841121495327104,0.38181818181818183,1.0183727034120735,0.525,0.9638297872340427,0.9259259259259259
"DeJong, Paul",657557,2017,1.196808510638298,1.4954553562194954,0.9896690493670263,0.8887070376432078,0.6892885346286113,0.0,0.0,1.1940928270042193,1.205128205128205,1.219730941704036,1.424242424242424,0.8043478260869565,1.7058823529411764,1.107758620689655,0.9405940594059404
"DeJong, Paul",657557,2018,1.0698924731182797,1.5065217631151135,1.0087951972038758,0.9071487263763353,0.5822527494949907,0.0,0.0,1.0368852459016393,1.142512077294686,1.040358744394619,1.2816901408450705,0.775,1.276595744680851,0.9849785407725321,0.8914473684210528
"DeJong, Paul",657557,2019,0.9948051948051948,1.4139229801314812,0.9799073912422143,0.9394449116904962,0.6942251875760239,0.0,0.0,0.9840000000000001,0.9813953488372092,0.7991071428571427,1.1282051282051282,0.9124293785310736,1.2280701754385965,1.0339702760084926,0.8971962616822429
"DeJong, Paul",657557,2021,0.9763157894736841,1.2773428305315808,0.9721917349160202,0.8960720130932897,0.7056608383818784,0.0,0.0,1.1027667984189724,0.9443254817987152,0.8772727272727273,1.2619047619047619,1.0,1.4705882352941178,1.0570824524312896,0.963210702341137
"DeJong, Paul",657557,2023,0.9657894736842105,1.3086513481963455,0.9613211156741047,0.8877887788778878,0.8537177675732956,0.6827586206896552,0.9723003969749768,1.392156862745098,0.8976545842217485,0.9639639639639639,0.8072289156626505,0.9031339031339033,1.1428571428571428,1.1223628691983123,1.1176470588235297
"DeJong, Paul",657557,2024,1.0802139037433156,1.499586044645929,0.9902446852046807,0.9176954732510288,0.5809170620204414,1.0,1.0166409584118252,1.396,1.1623376623376622,1.1719457013574661,1.275,0.7729885057471265,1.8222222222222224,1.213389121338912,0.9665551839464883
"DeLuca, Jonny",676356,2024,0.8449197860962567,1.157726574971317,0.9436001785315498,0.9004115226337449,0.9397947136686251,1.5918367346938778,0.9931466854525858,0.972,0.712121212121212,0.9592760180995474,0.4875,0.9913793103448276,0.5333333333333333,1.1213389121338913,1.2240802675585285
"DeShields, Delino",592261,2015,0.8397790055248618,0.9252929780799013,0.9653842081743107,0.9010806317539485,0.9841112597918787,0.0,0.0,1.03125,0.6073298429319371,0.9252336448598132,0.21818181818181817,1.0472440944881891,0.15,0.8042553191489361,0.6697530864197531
"DeShields, Delino",592261,2017,0.8377659574468085,0.9665090166857344,0.9530957785540836,0.8543371522094927,1.064643677248152,0.0,0.0,1.0,0.6076923076923076,0.9282511210762331,0.45454545454545453,1.016304347826087,0.4313725490196078,0.8405172413793103,0.7260726072607261
"DeShields, Delino",592261,2018,0.7150537634408602,0.6562742411862565,0.9427536286190019,0.8734593262119966,1.299176202954809,0.0,0.0,0.8565573770491803,0.4033816425120773,0.7847533632286995,0.16901408450704225,1.2444444444444445,0.1702127659574468,0.8412017167381974,0.8421052631578948
"DeShields, Delino",592261,2019,0.8155844155844155,1.0519694494838305,0.9664398678394289,0.8746846089150546,0.8981412841388561,0.0,0.0,0.916,0.6186046511627907,1.0669642857142856,0.2948717948717949,1.0593220338983051,0.2631578947368421,0.8959660297239915,0.7632398753894081
"Delmonico, Nicky",547170,2018,0.8978494623655915,1.1501824956440772,0.9803173113172478,0.8981101068200492,0.8901997592278968,0.0,0.0,1.1639344262295082,0.9178743961352658,1.116591928251121,0.8309859154929577,1.0833333333333333,0.8297872340425532,1.094420600858369,0.9342105263157895
"Descalso, Daniel",518614,2017,0.9015957446808511,1.0683781642970123,0.9959347090306728,0.8788870703764321,0.8083894919055449,0.0,0.0,0.9873417721518989,0.8487179487179487,1.116591928251121,0.7727272727272726,0.9103260869565218,0.7647058823529412,0.8728448275862067,0.693069306930693
"Descalso, Daniel",518614,2018,1.043010752688172,1.506641282365466,1.0047075875353977,0.866885784716516,0.56400551233133,0.0,0.0,1.1844262295081966,0.9371980676328504,1.0044843049327354,1.436619718309859,0.7027777777777778,1.127659574468085,0.9098712446351931,0.7664473684210527
"Desmond, Ian",435622,2015,1.0303867403314917,0.5794703585654915,1.0281470963801222,0.9509559434746467,1.4420119985203654,0.0,0.0,1.3035714285714284,1.2303664921465967,0.7710280373831776,1.272727272727273,1.1496062992125984,1.2,1.0553191489361702,1.0555555555555556
"Desmond, Ian",435622,2016,1.0510752688172043,0.3902824424118088,1.0227387229200762,0.93255620316403,1.6950254268527671,0.0,0.0,1.1853448275862069,1.19,0.8981481481481481,1.1538461538461537,1.2384823848238484,1.0217391304347827,1.0,0.9247648902821316
"Desmond, Ian",435622,2017,0.8218085106382979,0.023747949585344534,1.0008618973093792,0.9132569558101472,2.710482414036239,0.0,0.0,1.168776371308017,0.9384615384615385,0.6905829596412556,0.42424242424242425,1.4972826086956523,0.5490196078431373,1.023706896551724,0.9174917491749176
"Desmond, Ian",435622,2018,0.9516129032258064,0.0036403385711332287,1.0170636261997084,0.9202958093672966,2.3421692522058386,0.0,0.0,1.1885245901639343,1.1618357487922706,0.7488789237668161,0.9859154929577466,1.5166666666666666,1.127659574468085,1.0343347639484977,0.9374999999999999
"Desmond, Ian",435622,2019,1.103896103896104,0.6720816905320847,1.0235903247512699,0.9554247266610596,1.312933752937896,0.0,0.0,1.056,1.1046511627906976,1.013392857142857,1.3333333333333335,1.1271186440677967,1.0701754385964912,0.9702760084925692,0.9439252336448598
"Devers, Rafael",646240,2018,1.0134408602150538,0.8721438381666542,1.0252615828776308,0.9556285949055053,1.3715286988104225,0.0,0.0,1.1311475409836067,1.1884057971014494,0.9192825112107623,1.2816901408450705,1.0750000000000002,1.3404255319148934,1.1201716738197425,1.0789473684210529
"Devers, Rafael",646240,2019,1.096103896103896,0.7868530665650898,1.0393430831719987,0.9671993271656854,1.26529123934623,0.0,0.0,0.964,1.2860465116279072,0.9910714285714285,1.1666666666666667,0.983050847457627,1.0701754385964912,1.169851380042463,1.130841121495327
"Devers, Rafael",646240,2021,1.2473684210526315,1.0085097033537158,1.0439154259422574,0.9361702127659575,1.20715576004091,0.0,0.0,1.098814229249012,1.342612419700214,1.0999999999999999,1.7976190476190474,0.9406779661016951,1.647058823529412,1.1353065539112053,1.073578595317726
"Devers, Rafael",646240,2022,1.1544715447154472,0.9002877683740741,1.050649611909657,0.928921568627451,1.11874014674834,0.0,0.0,1.1190476190476188,1.2494529540481398,1.0045871559633026,1.4743589743589745,0.9525139664804471,1.4186046511627908,1.1467505241090148,1.1501597444089458
"Devers, Rafael",646240,2023,1.1578947368421053,0.9619822479176271,1.046187631106007,0.9488448844884488,0.9614518850498655,0.9655172413793105,1.0171437160286634,1.027450980392157,1.445628997867804,0.8063063063063063,1.5301204819277106,0.9857549857549858,1.4693877551020407,1.109704641350211,1.1078431372549022
"Devers, Rafael",646240,2024,1.2272727272727273,0.8699228136899794,1.0506807726984422,0.9440329218106996,1.0356424027031088,0.7823129251700681,1.0261108529265035,1.236,1.3354978354978355,1.0,1.625,0.9655172413793105,1.6222222222222222,1.0648535564853556,1.0501672240802675
"Devers, Rafael",646240,2025,1.2032085561497325,0.9300458567750625,1.0473693157331256,0.9316517493897477,0.9836846280762508,0.7191780821917808,1.0012954263535876,1.2690763052208838,1.341513292433538,0.9732142857142857,1.7555555555555555,0.9352941176470588,1.6875,0.9978947368421053,0.9586206896551727
"Diaz, Aledmys",649557,2016,0.8951612903225807,1.063312607603961,1.007811615702799,0.9342214820982515,1.0556276692842874,0.0,0.0,0.7672413793103448,1.1925,0.9259259259259258,0.7076923076923076,1.0596205962059622,1.065217391304348,0.9742489270386265,0.9184952978056424
"Diaz, Aledmys",649557,2017,0.800531914893617,0.9644720897304518,0.9745835598229456,0.8968903436988542,1.1833088280874282,0.0,0.0,0.9409282700421941,0.8128205128205128,0.8654708520179373,0.4393939393939394,1.1630434782608696,0.5686274509803922,1.1336206896551724,1.1386138613861385
"Diaz, Aledmys",649557,2018,0.9758064516129032,1.080407852182031,1.0062629842722706,0.9276910435497124,0.9156795376673358,0.0,0.0,0.9262295081967215,1.0144927536231885,0.937219730941704,1.0422535211267605,0.9611111111111109,1.0425531914893618,1.2360515021459226,1.0328947368421053
"Diaz, Aledmys",649557,2021,0.9657894736842105,1.0722736068995993,0.998860899125056,0.9001636661211129,1.4113216767637569,0.0,0.0,0.8893280632411067,1.1627408993576018,1.1772727272727275,0.7738095238095237,1.0706214689265536,0.6666666666666667,1.1289640591966175,1.073578595317726
"Diaz, Aledmys",649557,2022,0.926829268292683,0.9985141113334597,0.9750351531869857,0.9150326797385621,1.2121557515413868,0.0,0.0,0.9047619047619048,0.9628008752735229,0.9816513761467889,0.7692307692307693,1.0865921787709498,1.0232558139534882,1.1027253668763104,1.060702875399361
"Diaz, Aledmys",649557,2023,0.8105263157894737,0.8752724194105752,0.9846786622053908,0.9075907590759076,1.7443484200190416,1.9793103448275862,0.999967686062488,0.8784313725490197,0.8081023454157783,0.9594594594594595,0.3373493975903614,1.2051282051282053,0.32653061224489793,1.1139240506329116,1.0261437908496733
"Diaz, Elias",553869,2018,0.9946236559139785,0.8279297314313433,1.01147775387385,0.9219391947411668,1.3456507988328674,0.0,0.0,0.889344262295082,1.0893719806763287,1.0448430493273542,0.9154929577464789,1.0194444444444446,1.0,0.9978540772532188,0.9473684210526315
"Diaz, Elias",553869,2019,0.7714285714285714,0.7047113991990066,0.9887990687109074,0.9579478553406223,1.7088696618711399,0.0,0.0,0.936,0.8186046511627906,0.7678571428571428,0.3076923076923077,1.1864406779661016,0.14035087719298245,1.0084925690021234,0.8909657320872273
"Diaz, Elias",553869,2021,0.9,1.1449736407209934,0.9808052074919698,0.8960720130932897,1.1435485907706333,0.0,0.0,0.9525691699604742,0.993576017130621,1.0136363636363637,0.9404761904761905,1.0169491525423728,1.2745098039215688,1.0866807610993658,0.9197324414715721
"Diaz, Elias",553869,2022,0.8590785907859079,0.9060739959631756,0.9994694432354279,0.9133986928104575,1.4298044802344638,0.0,0.0,0.9047619047619048,1.0503282275711159,0.9220183486238532,0.7564102564102564,1.0698324022346368,0.7674418604651164,1.0880503144654088,1.0766773162939298
"Diaz, Elias",553869,2023,0.9236842105263158,1.0098788623976425,0.9903615911278488,0.9216171617161716,1.29573274315311,1.3862068965517242,1.021847384709888,1.1137254901960785,1.0021321961620469,0.9189189189189189,0.7469879518072289,1.01994301994302,0.7755102040816325,1.1561181434599157,1.1633986928104576
"Diaz, Elias",553869,2024,0.8582887700534759,0.5733759465479319,0.9822172077602873,0.9094650205761317,1.749792604994905,0.8843537414965987,1.0311625039029086,1.112,0.854978354978355,0.8054298642533937,0.5875,1.281609195402299,0.5111111111111111,1.1255230125523015,1.0702341137123745
"Diaz, Jordan",672478,2023,0.8947368421052632,0.41923424725311176,1.012295235687479,0.9224422442244224,1.8342504144652627,0.4551724137931035,1.03589757923383,1.1725490196078432,1.0447761194029852,0.9279279279279279,0.7710843373493975,1.381766381766382,1.0,1.1814345991561184,1.1176470588235297
"Diaz, Yainer",673237,2023,1.1210526315789473,0.882820423581594,1.0132546419082555,0.915016501650165,0.9337962227192804,0.5103448275862069,1.027892961849396,1.0901960784313727,1.0170575692963753,0.9864864864864864,1.4457831325301203,0.9971509971509973,1.5918367346938773,1.2362869198312236,1.3398692810457518
"Diaz, Yainer",673237,2024,1.0695187165775402,0.6681475358842236,1.016442080784238,0.9168724279835392,1.5704792297380208,0.5306122448979592,1.0204057214172442,0.96,1.132034632034632,1.0633484162895928,0.95,1.117816091954023,0.7333333333333334,1.2301255230125523,1.3043478260869565
"Diaz, Yainer",673237,2025,1.0133689839572193,0.7785199662456729,1.0080483447402124,0.9080553295362083,1.2949217430201627,0.8013698630136987,1.009039759931686,0.9397590361445785,0.9468302658486709,1.0357142857142858,1.0666666666666667,1.0794117647058825,0.9375,1.2568421052631578,1.4206896551724137
"Diaz, Yandy",650490,2019,1.025974025974026,0.4374709957324828,1.032715871711644,0.9613120269133725,1.676164022409491,0.0,0.0,0.892,1.1348837209302325,0.9464285714285713,1.3333333333333335,1.2090395480225988,0.9824561403508772,0.9532908704883228,0.8068535825545171
"Diaz, Yandy",650490,2021,0.9026315789473685,0.5194550117522941,1.011689914659188,0.9288052373158756,1.286189958329761,0.0,0.0,0.7628458498023716,0.9528907922912205,0.759090909090909,0.8333333333333334,1.2570621468926555,0.6666666666666667,0.9006342494714589,0.7458193979933111
"Diaz, Yandy",650490,2022,0.9566395663956639,0.6296284920655558,1.041571891064396,0.9338235294117646,1.6007989091683565,0.0,0.0,0.5674603174603174,1.2056892778993435,0.8990825688073395,0.6153846153846154,1.0726256983240223,0.5116279069767441,0.8658280922431866,0.7667731629392971
"Diaz, Yandy",650490,2023,1.0921052631578947,0.4504079839866986,1.0505052646806803,0.9447194719471947,1.7197699507771653,0.5724137931034483,1.035063429416769,0.7215686274509804,1.2537313432835822,0.9189189189189189,1.1445783132530118,1.113960113960114,1.040816326530612,0.8987341772151899,0.7581699346405231
"Diaz, Yandy",650490,2024,0.9812834224598931,0.3850125726180541,1.0399177493323823,0.9662551440329219,1.9562774575066753,0.5170068027210885,1.0301633508683314,0.568,1.1233766233766234,0.932126696832579,0.95,1.278735632183908,0.6666666666666666,0.9184100418410042,0.8528428093645485
"Diaz, Yandy",650490,2025,1.0106951871657754,0.37428480464832037,1.041907195582216,0.9243287225386492,1.8871489856810426,0.4178082191780822,1.0261935819914454,0.7188755020080321,1.1901840490797546,0.8348214285714285,0.9222222222222223,1.2294117647058822,1.0625,0.9347368421052631,0.910344827586207
"Dickerson, Alex",543105,2016,0.9865591397849462,1.3152894044425674,0.9997990161693501,0.9425478767693589,0.8451497597644141,0.0,0.0,0.8405172413793103,1.1025,0.986111111111111,1.0153846153846156,0.899728997289973,1.0217391304347827,1.0257510729613732,0.8934169278996863
"Dickerson, Alex",543105,2021,1.081578947368421,1.3199068094831328,0.9844447425096947,0.923076923076923,0.7735128420724436,0.0,0.0,1.1225296442687747,1.038543897216274,1.0818181818181818,1.2142857142857142,0.864406779661017,1.2352941176470589,1.0634249471458774,1.0535117056856187
"Dickerson, Corey",572816,2016,1.0295698924731183,1.525787253335452,1.003526619214305,0.9383846794338052,0.6104153750774953,0.0,0.0,1.2543103448275859,1.0474999999999999,0.8703703703703703,1.7076923076923076,0.8265582655826559,1.3260869565217392,1.2124463519313302,1.2821316614420062
"Dickerson, Corey",572816,2017,1.0425531914893618,1.1501542300058976,0.9954914496563714,0.9238952536824877,0.8012495034591083,0.0,0.0,1.2067510548523206,0.9615384615384616,1.062780269058296,1.121212121212121,0.9673913043478262,1.1764705882352942,1.2672413793103445,1.3366336633663367
"Dickerson, Corey",572816,2018,1.0053763440860215,1.1777231317205157,0.9945052893058164,0.9153656532456861,0.8798485992368749,0.0,0.0,0.9016393442622951,0.8913043478260869,1.201793721973094,0.8591549295774648,0.8555555555555556,0.6595744680851063,1.2725321888412016,1.2203947368421053
"Dickerson, Corey",572816,2019,1.0103896103896104,1.247416833622993,0.9810173436461189,0.9192598822539949,1.0130661673903518,0.0,0.0,1.096,0.955813953488372,1.3392857142857142,1.0512820512820515,0.9548022598870058,1.0175438596491229,1.239915074309979,1.2616822429906542
"Dickerson, Corey",572816,2021,0.8763157894736843,0.7939284784765748,0.98808417522036,0.8985270049099836,1.4774773803620578,0.0,0.0,0.9604743083003953,0.8586723768736616,0.9818181818181819,0.35714285714285715,1.1864406779661016,0.4313725490196078,1.1479915433403807,1.1304347826086958
"Dickerson, Corey",572816,2022,0.8780487804878049,0.8192330579680657,0.992883196881086,0.9158496732026143,1.1654053654131042,0.0,0.0,0.9206349206349208,0.7286652078774618,1.0321100917431192,0.38461538461538464,1.1368715083798882,0.39534883720930236,1.220125786163522,1.1246006389776355
"Dietrich, Derek",518618,2016,1.0161290322580645,1.0962144147218393,0.9652057814775544,0.9208992506244796,0.8923816726168844,0.0,0.0,0.8620689655172413,0.9550000000000001,1.2916666666666667,1.2461538461538462,1.0948509485094853,0.5652173913043479,1.0085836909871244,1.0846394984326015
"Dietrich, Derek",518618,2017,0.9787234042553191,1.3708558991704127,0.9815825167495569,0.90671031096563,0.7281807542253348,0.0,0.0,0.839662447257384,0.9846153846153846,1.0134529147982063,0.8787878787878788,0.9293478260869567,0.823529411764706,1.0,1.033003300330033
"Dietrich, Derek",518618,2018,0.989247311827957,1.2548475044145122,0.9888074759668717,0.9120788824979458,0.9833601991470954,0.0,0.0,1.0368852459016393,1.1111111111111112,1.0,0.8591549295774648,0.952777777777778,0.9574468085106382,1.0815450643776823,1.0756578947368423
"Difo, Wilmer",594694,2017,0.9361702127659574,0.5518612202645486,0.9633187931861037,0.9026186579378068,1.732739911958531,0.0,0.0,1.1054852320675106,0.6871794871794872,1.0582959641255605,0.3636363636363636,1.2418478260869568,0.3921568627450981,1.1293103448275863,1.1155115511551157
"Difo, Wilmer",594694,2018,0.8225806451612903,0.9889026158374781,0.9363209647416233,0.8562037797863599,0.9730090391560733,0.0,0.0,0.9508196721311477,0.5,1.0493273542600898,0.3380281690140845,1.088888888888889,0.44680851063829785,1.021459227467811,1.105263157894737
"Dingler, Dillon",693307,2025,1.1684491978609626,1.1841446752076155,1.0078335342081064,0.9007323026851098,0.8709918395450966,1.0958904109589043,1.0073950919335504,1.0,1.0265848670756648,1.2589285714285712,1.0333333333333334,0.8294117647058822,0.8333333333333334,1.0252631578947367,0.9862068965517242
"Dixon, Brandon",641525,2019,1.1246753246753247,1.310048756252861,1.0090534078120026,0.952901597981497,0.7405660504807151,0.0,0.0,1.42,1.0767441860465117,1.1026785714285714,1.4358974358974361,0.8389830508474576,1.0175438596491229,1.1040339702760087,1.02803738317757
"Dominguez, Jasson",691176,2025,1.0053475935828877,0.9660430330671803,1.0150710772623615,0.9121236777868185,1.0293539921896595,0.9657534246575342,1.039206800622064,1.0923694779116468,1.259713701431493,0.9330357142857141,0.7888888888888889,1.064705882352941,0.7708333333333333,1.0610526315789472,1.1275862068965519
"Donaldson, Josh",518626,2015,1.2320441988950277,0.9212289805307889,1.0457590297005268,0.9443059019118869,0.8444336909948432,0.0,0.0,1.1339285714285712,1.382198952879581,0.9065420560747666,2.1999999999999997,0.931758530183727,2.025,0.9723404255319149,0.7839506172839507
"Donaldson, Josh",518626,2016,1.1774193548387097,1.2608457911685869,1.0401159956344128,0.9500416319733556,0.9688460081284013,0.0,0.0,1.0431034482758619,1.4124999999999999,1.1388888888888888,1.9076923076923078,0.7940379403794038,1.7391304347826089,0.8991416309012875,0.9529780564263322
"Donaldson, Josh",518626,2017,1.2101063829787235,1.1543390321869156,1.0373925948702298,0.9288052373158756,0.9471411978194263,0.0,0.0,1.1561181434599157,1.2820512820512822,0.874439461883408,2.1060606060606064,0.9347826086956522,2.0784313725490198,0.9051724137931033,0.8415841584158416
"Donaldson, Josh",518626,2019,1.1766233766233767,1.0267074530330627,1.0458721076566935,0.960470984020185,1.2224331753176911,0.0,0.0,1.196,1.3906976744186046,1.0044642857142856,2.0128205128205128,0.8983050847457628,1.631578947368421,0.932059447983015,0.8971962616822429
"Donaldson, Josh",518626,2021,1.1736842105263159,1.1468076057099477,1.0593697645265174,0.9386252045826514,1.177757878144403,0.0,0.0,1.0909090909090908,1.3490364025695931,0.9454545454545454,2.071428571428571,0.9661016949152543,1.4509803921568627,0.955602536997886,0.8795986622073579
"Donaldson, Josh",518626,2022,0.994579945799458,0.9644143290579762,1.025988997553486,0.9125816993464052,1.1301224506804137,0.0,0.0,1.3253968253968254,1.1137855579868707,1.0504587155963303,1.2692307692307694,0.9916201117318436,1.0465116279069768,0.9937106918238995,1.02555910543131
"Donovan, Brendan",680977,2022,0.915989159891599,0.46753567962873266,0.988972098021066,0.8741830065359477,1.674601975759885,0.0,0.0,0.6309523809523809,0.8949671772428883,1.0458715596330275,0.43589743589743596,1.240223463687151,0.372093023255814,0.7924528301886793,0.9105431309904152
"Donovan, Brendan",680977,2023,0.9842105263157894,0.7682733805869751,0.9966219784595892,0.9001650165016502,1.2052486130446527,0.8206896551724138,0.9741822020814785,0.584313725490196,0.9765458422174841,1.0135135135135136,0.6987951807228916,1.0569800569800571,0.8163265306122448,0.9008438818565401,0.8790849673202615
"Donovan, Brendan",680977,2024,0.9438502673796791,0.9614842651497548,0.995911380969143,0.8946502057613169,0.9653613616014489,0.7414965986394558,0.9782228486458802,0.592,0.9285714285714285,1.090497737556561,0.6875,1.014367816091954,0.5555555555555556,0.9205020920502093,0.8628762541806021
"Donovan, Brendan",680977,2025,0.9732620320855615,0.8846191385924228,1.0014501685930677,0.8917819365337672,1.1371629468953197,0.8082191780821918,0.9737722116012281,0.5461847389558234,0.9795501022494888,1.2142857142857142,0.9777777777777776,1.0,0.5208333333333334,0.9157894736842105,0.9344827586206899
"Doyle, Brenton",686668,2023,0.968421052631579,0.8172212061583142,0.9645382591824678,0.9158415841584158,1.089490271678782,0.33103448275862074,0.9648323174189256,1.4235294117647057,0.8187633262260128,0.8648648648648649,1.0602409638554215,1.2421652421652425,0.8163265306122448,1.1012658227848102,1.0098039215686274
"Doyle, Brenton",686668,2024,1.106951871657754,0.9762484999437819,1.0023545315535596,0.9061728395061728,0.8837684903537647,0.870748299319728,0.9966812543395434,1.204,0.9545454545454545,1.081447963800905,1.325,0.9482758620689656,1.288888888888889,1.0711297071129708,1.0100334448160535
"Doyle, Brenton",686668,2025,1.018716577540107,0.7152179505089576,1.0025925063508285,0.9056143205858421,1.235852445500878,0.5753424657534247,0.9883049276025748,1.1927710843373494,0.9815950920245399,0.9374999999999999,1.2111111111111112,1.161764705882353,0.8541666666666669,1.056842105263158,1.0344827586206897
"Dozier, Brian",572821,2015,0.9337016574585636,1.7136273053552955,0.9868926435127495,0.9052369077306733,0.6213351014178352,0.0,0.0,0.9955357142857142,1.0026178010471203,1.0233644859813085,1.0727272727272725,0.769028871391076,1.425,0.9553191489361702,1.0339506172839508
"Dozier, Brian",572821,2016,1.010752688172043,1.5748556064985317,0.9912513005174718,0.8967527060782682,0.6484338674054557,0.0,0.0,1.0086206896551724,1.1,0.8333333333333333,1.276923076923077,0.7859078590785907,1.891304347826087,0.9399141630901287,1.0658307210031348
"Dozier, Brian",572821,2017,1.0212765957446808,1.3773385242803022,1.0013873676425329,0.9148936170212766,0.6939251214007334,0.0,0.0,1.0421940928270041,0.9974358974358974,0.9147982062780268,1.2727272727272727,0.8668478260869567,1.392156862745098,0.8965517241379309,1.0726072607260726
"Dozier, Brian",572821,2018,0.8252688172043011,1.375501882823278,0.9807537378859029,0.8611339359079704,0.7470837210911572,0.0,0.0,0.9262295081967215,0.8357487922705313,0.820627802690583,0.9154929577464789,0.9027777777777778,1.0638297872340425,0.8454935622317596,1.0164473684210527
"Dozier, Brian",572821,2019,0.9454545454545454,1.4635186742143955,0.9939359540178387,0.8965517241379309,0.7127218448228593,0.0,0.0,0.976,0.9744186046511628,0.9776785714285713,0.8333333333333334,0.748587570621469,1.0701754385964912,0.8322717622080681,0.8411214953271028
"Dozier, Hunter",641531,2018,1.0645161290322582,1.0177680841778813,1.0107919799774276,0.9276910435497124,0.9842086548840644,0.0,0.0,1.1680327868852458,1.065217391304348,1.040358744394619,1.4929577464788732,0.9611111111111109,0.9148936170212765,1.0751072961373391,1.0328947368421053
"Dozier, Hunter",641531,2019,1.0857142857142856,1.2890467286162866,1.025534428692564,0.9680403700588729,0.8254922667065299,0.0,0.0,1.08,1.1813953488372093,1.0357142857142858,1.2820512820512822,0.7740112994350283,1.192982456140351,0.9490445859872613,0.9875389408099687
"Dozier, Hunter",641531,2021,0.9868421052631579,1.243255479112807,1.0117487895685935,0.9247135842880524,0.8516596325298533,0.0,0.0,1.2806324110671936,1.0364025695931476,0.9772727272727273,1.0476190476190474,0.884180790960452,0.9215686274509804,1.0317124735729386,1.0869565217391304
"Dozier, Hunter",641531,2022,1.0216802168021681,1.0197181517857328,0.9979770080146316,0.9044117647058824,1.0920687052559543,0.0,0.0,1.1587301587301588,0.9671772428884027,1.0229357798165137,0.9871794871794872,0.9860335195530726,0.8372093023255813,1.058700209643606,1.1309904153354633
"Drew, Stephen",452220,2015,0.765193370165746,1.498232828431064,0.9766848190002005,0.8911055694098089,0.7032729474452558,0.0,0.0,0.7098214285714285,0.7801047120418847,0.9205607476635514,0.5818181818181819,0.9238845144356954,1.35,0.8787234042553191,0.8734567901234568
"Drury, Brandon",592273,2016,0.989247311827957,0.7933077821314383,1.0024595735922122,0.9433805162364697,1.6100185403970102,0.0,0.0,0.9913793103448275,1.0225,1.0833333333333333,1.0615384615384615,1.0867208672086721,0.9565217391304347,0.963519313304721,1.1003134796238243
"Drury, Brandon",592273,2017,0.9840425531914894,0.6355207733312528,1.0072869844288244,0.9140752864157119,1.5249538082599527,0.0,0.0,1.0,1.1358974358974359,1.0269058295964126,0.7575757575757576,1.1304347826086958,0.7450980392156863,0.980603448275862,1.0429042904290429
"Drury, Brandon",592273,2019,1.0025974025974027,1.06471483070393,0.978102729076747,0.9461732548359966,1.0009093733816674,0.0,0.0,1.104,0.9627906976744186,1.0491071428571428,1.1666666666666667,1.076271186440678,0.8596491228070176,1.0063694267515924,1.1246105919003115
"Drury, Brandon",592273,2022,1.02710027100271,1.0948387689446302,1.0056945886556818,0.9183006535947712,0.8282575135229523,0.0,0.0,0.8531746031746033,1.1159737417943107,0.9311926605504587,1.3333333333333335,0.9581005586592181,1.6511627906976745,0.9622641509433962,1.073482428115016
"Drury, Brandon",592273,2023,1.063157894736842,0.9426530915777571,1.0107751369078042,0.9282178217821782,0.9420333987015677,0.7793103448275863,1.0005291659313236,1.184313725490196,1.1513859275053304,1.1081081081081081,1.325301204819277,1.0227920227920229,1.4897959183673468,1.0886075949367089,1.130718954248366
"Drury, Brandon",592273,2024,0.7887700534759358,0.4517095598695869,0.9875362352842724,0.9358024691358025,2.0934529679477385,0.5102040816326531,1.0175550824118895,0.976,0.8939393939393938,0.8235294117647058,0.44999999999999996,1.4195402298850575,0.35555555555555557,0.9769874476987449,0.9331103678929767
"Dubon, Mauricio",643289,2022,0.7967479674796748,1.3092380639653702,0.9539231224916866,0.8790849673202613,0.6548722810234187,0.0,0.0,0.6190476190476191,0.7636761487964988,0.7660550458715596,0.2948717948717949,0.9860335195530726,0.5348837209302325,1.157232704402516,1.0958466453674123
"Dubon, Mauricio",643289,2023,0.8736842105263158,0.7721115250328001,0.9748255072570825,0.8828382838283828,1.263622477494109,1.0275862068965518,0.9724242984692956,0.6941176470588235,0.7078891257995736,1.2117117117117118,0.5180722891566264,1.153846153846154,0.5102040816326531,1.2341772151898736,1.130718954248366
"Dubon, Mauricio",643289,2024,0.7994652406417112,1.0825144487397298,0.965665940990991,0.891358024691358,1.0984613536386525,0.9591836734693877,0.9678328829164473,0.76,0.6753246753246752,0.9728506787330317,0.36250000000000004,1.103448275862069,0.2444444444444444,1.2552301255230127,1.1505016722408026
"Dubon, Mauricio",643289,2025,0.7540106951871657,1.0360230262601071,0.9331441468733032,0.9015459723352318,0.9205604808200208,1.1643835616438358,0.9355373368567766,0.6465863453815262,0.5746421267893661,0.8616071428571428,0.13333333333333333,1.0970588235294116,0.43750000000000006,1.1305263157894738,1.0965517241379312
"Duda, Lucas",446263,2015,1.2569060773480665,1.7803391073454007,1.038898513481063,0.9484621778886118,0.5243549645609005,0.0,0.0,1.1116071428571428,1.2748691099476437,1.313084112149533,2.1090909090909093,0.5406824146981627,2.025,0.8999999999999999,1.1944444444444446
"Duda, Lucas",446263,2017,1.1675531914893618,1.587347949624394,1.032151635887678,0.936988543371522,0.5823691909733482,0.0,0.0,1.1265822784810129,1.335897435897436,1.1121076233183858,1.833333333333333,0.6657608695652174,2.019607843137255,0.8663793103448275,1.0726072607260726
"Duda, Lucas",446263,2018,1.1424731182795698,1.5607539858752217,1.0101366533334921,0.9375513557929334,0.532780293655547,0.0,0.0,1.2991803278688525,1.0265700483091789,1.201793721973094,1.422535211267606,0.6833333333333333,1.297872340425532,0.9506437768240342,1.1875
"Duffy, Matt",622110,2015,1.0193370165745856,0.6760899664191569,0.9956382359632885,0.8844555278470491,1.1094559570916864,0.0,0.0,0.8124999999999999,0.8900523560209423,0.869158878504673,0.7272727272727273,1.0971128608923884,0.625,0.9808510638297873,1.0154320987654322
"Duffy, Matt",622110,2016,0.8844086021505376,0.6199137566692342,0.9850580715995847,0.9050791007493756,1.1696754126955773,0.0,0.0,0.6637931034482758,0.8099999999999999,0.9953703703703703,0.5384615384615385,1.1924119241192412,0.391304347826087,0.9721030042918456,0.877742946708464
"Duffy, Matt",622110,2018,0.8897849462365592,0.36146245135607213,0.9787702239430067,0.8619556285949055,2.0616060315452263,0.0,0.0,0.7131147540983607,0.7053140096618358,1.0358744394618835,0.16901408450704225,1.311111111111111,0.2127659574468085,0.9957081545064379,0.8815789473684211
"Duffy, Matt",622110,2021,0.95,0.5498478548318412,0.9813839707132401,0.881342062193126,1.4457441566848241,0.0,0.0,0.6126482213438735,0.7773019271948607,1.3090909090909089,0.47619047619047616,1.1864406779661016,0.4313725490196078,0.8985200845665963,0.8160535117056856
"Duran, Ezequiel",677649,2023,1.0894736842105261,1.0882816564107018,1.0082031829703115,0.9504950495049505,1.0540525504763272,0.6206896551724138,1.021423970929869,1.1215686274509804,1.1364605543710022,1.1126126126126126,1.0481927710843373,0.9430199430199432,0.9183673469387754,1.137130801687764,1.2026143790849673
"Duran, Ezequiel",677649,2024,0.8101604278074866,0.6520423348243439,0.9789092625021515,0.920164609053498,1.1904590227491363,0.6598639455782314,1.0168281534107055,1.0,0.9978354978354979,0.7918552036199095,0.42500000000000004,1.2126436781609196,0.3333333333333333,1.1715481171548119,1.180602006688963
"Duran, Jarren",680776,2023,1.0578947368421052,0.8197053671908421,1.007750391801643,0.929042904290429,1.2288809387906263,0.917241379310345,1.0321095852415916,0.9607843137254902,1.0831556503198294,1.0045045045045045,0.6506024096385542,1.0113960113960117,0.673469387755102,1.0822784810126584,0.954248366013072
"Duran, Jarren",680776,2024,1.0828877005347595,0.7098209464716423,1.0175581264776834,0.9374485596707819,1.5440607126746224,0.6802721088435375,1.0369360577806603,0.992,1.0389610389610389,1.0271493212669682,1.175,1.1005747126436782,0.9111111111111112,1.00836820083682,0.9698996655518394
"Duran, Jarren",680776,2025,1.0374331550802138,0.8930472695066242,1.0274997683252793,0.9576891781936534,1.0939476005084519,0.815068493150685,1.0491418277664855,1.180722891566265,1.0613496932515338,0.9866071428571428,1.077777777777778,0.9882352941176471,0.7291666666666667,0.9957894736842104,1.1758620689655175
"Durbin, Caleb",702332,2025,0.7967914438502673,1.0010459486229955,0.9382633746691164,0.886086248982913,1.1364160418398879,1.273972602739726,0.9365841188543976,0.5220883534136547,0.6482617586912065,0.9017857142857143,0.4444444444444444,1.1411764705882355,0.5208333333333334,0.9284210526315789,0.8655172413793105
"Duvall, Adam",594807,2016,1.1666666666666667,1.6260718616184648,0.9992269841758828,0.9217318900915904,0.5539678944049682,0.0,0.0,1.1982758620689655,1.1675,1.0925925925925923,1.876923076923077,0.7289972899728998,1.8260869565217392,1.0686695278969955,1.0815047021943573
"Duvall, Adam",594807,2017,1.002659574468085,1.7398930479667702,0.9970874946668263,0.90671031096563,0.5632823958423618,0.0,0.0,1.0970464135021096,0.9564102564102563,0.959641255605381,1.3484848484848484,0.7581521739130436,1.4313725490196079,1.0344827586206895,1.1287128712871288
"Duvall, Adam",594807,2018,1.0806451612903227,1.783049744149784,1.0047692609683478,0.9005751848808545,0.5057953177431233,0.0,0.0,1.1721311475409837,1.1859903381642514,0.8923766816143498,1.422535211267606,0.7166666666666667,1.1914893617021278,1.0708154506437768,1.0888157894736843
"Duvall, Adam",594807,2021,1.2,1.8586560192222603,1.010676190351539,0.9312602291325696,0.47496402583395664,0.0,0.0,1.1581027667984187,1.2719486081370448,0.7318181818181819,1.9166666666666667,0.6949152542372882,2.1764705882352944,1.0570824524312896,1.1705685618729098
"Duvall, Adam",594807,2023,1.0789473684210527,2.2669428364211033,0.9975811605635548,0.9075907590759076,0.34967089390801653,2.2344827586206897,1.003650268250206,1.2235294117647058,1.115138592750533,1.0090090090090091,1.5783132530120483,0.5185185185185186,2.0,1.0189873417721518,1.215686274509804
"Duvall, Adam",594807,2024,0.9866310160427807,1.6606250973647578,0.9790332694396948,0.9300411522633745,0.6583726702898335,1.6394557823129252,1.0158046844727657,1.108,1.0086580086580086,0.8190045248868777,1.35,0.7902298850574714,1.2000000000000002,1.0292887029288704,1.1739130434782608
"Dyson, Jarrod",502481,2016,0.7849462365591398,0.3988005012382005,0.9441452432890586,0.9034138218151541,1.7792626521356087,0.0,0.0,0.5775862068965517,0.615,0.8703703703703703,0.06153846153846154,1.3766937669376693,0.08695652173913045,0.9592274678111589,0.7053291536050156
"Dyson, Jarrod",502481,2017,0.7978723404255319,0.7122460480691948,0.9311390150409501,0.8551554828150573,1.6730114928185247,0.0,0.0,0.5949367088607594,0.5256410256410257,0.9775784753363229,0.25757575757575757,1.252717391304348,0.33333333333333337,0.939655172413793,0.8712871287128713
"Dyson, Jarrod",502481,2019,0.735064935064935,0.7316550594454588,0.9294949912649512,0.8873002523128679,1.4249356911818392,0.0,0.0,0.868,0.5302325581395348,0.8214285714285713,0.20512820512820515,1.288135593220339,0.3859649122807017,0.9065817409766455,0.7912772585669781
"Eaton, Adam",594809,2015,0.9364640883977902,0.6086038124068768,0.9913103798541515,0.9002493765586035,1.5982052002027447,0.0,0.0,0.8348214285714285,0.9136125654450261,0.869158878504673,0.5636363636363636,1.146981627296588,0.675,0.925531914893617,0.9783950617283951
"Eaton, Adam",594809,2016,0.9381720430107526,0.37120338833464833,1.0005671944043237,0.9042464612822648,1.544935165335863,0.0,0.0,0.7543103448275861,0.9950000000000001,0.986111111111111,0.49230769230769234,1.2791327913279131,0.6086956521739132,1.0107296137339055,1.0031347962382444
"Eaton, Adam",594809,2018,0.9435483870967741,0.6695452897146802,0.9863624375539914,0.8989317995069844,1.5767464637487087,0.0,0.0,0.7459016393442623,0.8719806763285025,1.0044843049327354,0.4366197183098592,1.077777777777778,0.425531914893617,0.924892703862661,1.0328947368421053
"Eaton, Adam",594809,2019,0.890909090909091,1.1597501718659768,0.9960958401174904,0.9310344827586207,0.9776088515316894,0.0,0.0,0.72,0.9511627906976744,1.0446428571428572,0.5,0.8926553672316385,0.5614035087719298,0.9256900212314226,1.0
"Edman, Tommy",669242,2019,0.974025974025974,1.1050173015119331,0.9825947299271708,0.9259882253994953,0.8914982273035095,0.0,0.0,0.752,0.9046511627906977,1.1294642857142856,0.6794871794871795,0.9491525423728814,0.7368421052631579,1.0127388535031847,0.9595015576323987
"Edman, Tommy",669242,2021,0.9078947368421052,0.7325369661139063,0.982059358841885,0.9238952536824877,1.176587389616066,0.0,0.0,0.5928853754940712,0.8436830835117772,0.9772727272727273,0.5,1.1440677966101696,0.3921568627450981,1.0,0.9698996655518394
"Edman, Tommy",669242,2022,0.9430894308943089,0.7118186362248463,1.0002994800533296,0.9215686274509803,1.4228588651327005,0.0,0.0,0.8253968253968255,0.9102844638949672,0.9770642201834863,0.7948717948717949,1.1620111731843576,0.6511627906976745,0.9811320754716983,1.060702875399361
"Edman, Tommy",669242,2023,0.8921052631578947,0.5787570974535761,0.9999882507997075,0.9174917491749175,1.4942263506752418,0.6620689655172415,0.9960583016546892,0.6352941176470588,0.9850746268656717,0.8018018018018018,0.6024096385542168,1.1823361823361824,0.673469387755102,0.959915611814346,1.0098039215686274
"Edman, Tommy",669242,2025,0.9518716577540106,0.851598910682915,0.9870915706593927,0.8836452400325467,0.9957611961546141,0.5205479452054794,0.9802612588751746,0.7991967871485945,0.9550102249488753,1.0491071428571428,0.5,1.088235294117647,0.9375,1.0084210526315789,0.9551724137931037
"Edwards, Xavier",669364,2024,0.8449197860962567,0.44909185896324016,0.9531764047307802,0.8452674897119342,1.4374319860226734,0.5646258503401361,0.8963568692463332,0.688,0.551948051948052,1.0678733031674206,0.2375,1.3045977011494254,0.1111111111111111,0.9832635983263599,0.8528428093645485
"Edwards, Xavier",669364,2025,0.820855614973262,0.5471992005485427,0.9500353165347762,0.886899918633035,1.3158599814074414,0.9109589041095891,0.914787743302604,0.497991967871486,0.6319018404907976,0.9642857142857143,0.08888888888888889,1.2176470588235293,0.125,1.0168421052631578,0.8827586206896554
"Ellsbury, Jacoby",453056,2015,0.8950276243093923,1.0433676816276163,0.9790712588941403,0.9027431421446384,1.0021714733545413,0.0,0.0,0.7767857142857142,0.7984293193717277,0.9859813084112149,0.5454545454545454,1.0288713910761156,0.475,1.0255319148936168,0.9012345679012346
"Ellsbury, Jacoby",453056,2016,0.8521505376344086,0.9026893708814748,0.9807043052203743,0.9150707743547045,1.224009996900186,0.0,0.0,0.7241379310344827,0.8625,1.0509259259259258,0.26153846153846155,1.10840108401084,0.41304347826086957,0.9978540772532188,0.8307210031347961
"Ellsbury, Jacoby",453056,2017,0.8776595744680852,0.8138046590380713,0.9766409106137557,0.8870703764320785,1.2954405583299193,0.0,0.0,0.7721518987341772,0.7512820512820512,1.0358744394618835,0.40909090909090906,1.0625000000000002,0.47058823529411764,0.9267241379310344,0.7458745874587459
"Encarnacion, Edwin",429665,2015,1.121546961325967,1.5041705253548,1.0187253909778804,0.9476309226932669,0.8346601529046251,0.0,0.0,1.03125,1.4083769633507854,0.9485981308411215,1.8181818181818181,0.8425196850393701,2.225,0.925531914893617,0.8549382716049384
"Encarnacion, Edwin",429665,2016,1.163978494623656,1.3427875679399937,1.0248723118037475,0.939217318900916,0.7403368736472303,0.0,0.0,1.0172413793103445,1.225,1.1296296296296295,1.8923076923076925,0.8509485094850948,1.9347826086956523,0.9141630901287554,0.8181818181818181
"Encarnacion, Edwin",429665,2017,1.1595744680851063,1.386042858303174,1.0193414156604528,0.9165302782324058,0.6741164033942528,0.0,0.0,1.0632911392405062,1.3307692307692307,1.0,1.5606060606060603,0.828804347826087,1.7450980392156865,0.9245689655172412,0.8481848184818481
"Encarnacion, Edwin",429665,2018,1.1344086021505375,1.4117983618242798,1.0148557101725286,0.9219391947411668,0.7679892896564752,0.0,0.0,1.0778688524590165,1.142512077294686,1.040358744394619,1.619718309859155,0.85,1.8085106382978722,0.9527896995708154,0.9572368421052632
"Encarnacion, Edwin",429665,2019,1.0883116883116883,1.7527642115484297,1.0140949231358387,0.9503784693019344,0.5926437079233557,0.0,0.0,1.032,1.2116279069767442,1.013392857142857,1.6794871794871797,0.6666666666666666,1.912280701754386,0.932059447983015,0.9688473520249221
"Engel, Adam",641553,2018,0.8467741935483871,1.168280445860104,0.9799327859677195,0.9317995069843878,0.9833601991470954,0.0,0.0,1.2909836065573772,0.9299516908212561,0.8340807174887893,0.3802816901408451,1.0333333333333334,0.425531914893617,1.143776824034335,1.1513157894736843
"Escobar, Alcides",444876,2015,0.8149171270718232,0.8603893419286094,0.9573327011699782,0.8827930174563592,1.1006507510830223,0.0,0.0,0.8214285714285713,0.4790575916230366,0.9158878504672898,0.1636363636363636,1.1181102362204725,0.15,1.0957446808510638,1.027777777777778
"Escobar, Alcides",444876,2016,0.7688172043010753,0.79133400336616,0.9458376560241558,0.880932556203164,1.0893150192501055,0.0,0.0,0.9094827586206895,0.5,0.9074074074074074,0.23076923076923078,1.2384823848238484,0.28260869565217395,1.1416309012875536,1.1442006269592475
"Escobar, Alcides",444876,2017,0.8297872340425532,1.1358671539172942,0.9573180501418513,0.8617021276595744,0.8820566153241312,0.0,0.0,0.8776371308016878,0.5974358974358974,0.9551569506726457,0.33333333333333326,0.9945652173913044,0.23529411764705882,1.1487068965517242,1.108910891089109
"Escobar, Alcides",444876,2018,0.7795698924731183,0.8393854357965618,0.9511367693468906,0.866885784716516,1.0099918243667152,0.0,0.0,0.8442622950819672,0.5531400966183576,0.820627802690583,0.30985915492957744,1.186111111111111,0.2127659574468085,1.111587982832618,0.9967105263157895
"Escobar, Alcides",444876,2021,0.8815789473684211,0.7812475843311519,0.9089359296268691,0.8649754500818331,1.123486334792201,0.0,0.0,0.8695652173913043,0.5331905781584582,1.0999999999999999,0.35714285714285715,1.2146892655367232,0.29411764705882354,1.0930232558139537,1.157190635451505
"Escobar, Eduardo",500871,2015,0.9696132596685083,1.2721106515474867,0.9786912540464169,0.8944305901911886,0.7054170722850279,0.0,0.0,0.9776785714285713,0.7591623036649213,0.9672897196261683,1.1090909090909091,0.968503937007874,0.9249999999999999,1.027659574468085,0.9814814814814815
"Escobar, Eduardo",500871,2016,0.8951612903225807,1.2807697019431703,0.9657819429319399,0.8967527060782682,0.7817206702891945,0.0,0.0,0.8405172413793103,0.755,1.037037037037037,0.49230769230769234,0.9539295392953929,0.4565217391304348,1.0815450643776823,1.115987460815047
"Escobar, Eduardo",500871,2017,1.0265957446808511,1.4660504208974108,0.9884332532880346,0.8870703764320785,0.5115122837724413,0.0,0.0,0.949367088607595,0.9564102564102563,0.9775784753363229,1.2575757575757576,0.7663043478260869,1.1372549019607845,1.1293103448275863,1.118811881188119
"Escobar, Eduardo",500871,2018,1.0026881720430108,1.4947961724364844,0.9786202816737476,0.8940016433853738,0.5659627045450909,0.0,0.0,0.9836065573770493,0.8043478260869567,1.0582959641255605,1.183098591549296,0.7805555555555556,1.1063829787234043,1.1351931330472105,1.1546052631578947
"Escobar, Eduardo",500871,2019,0.9662337662337662,1.416762120138598,0.9879188705623588,0.8990748528174937,0.48797797705034207,0.0,0.0,0.992,0.8069767441860464,0.9776785714285713,0.8974358974358976,0.7768361581920905,1.192982456140351,1.1167728237791934,1.252336448598131
"Escobar, Eduardo",500871,2021,1.013157894736842,1.6273514962698632,0.9778594249005708,0.90671031096563,0.5538617045439163,0.0,0.0,0.9446640316205532,0.8907922912205567,0.9954545454545454,1.0595238095238095,0.7768361581920905,1.2941176470588238,1.0443974630021142,1.0234113712374582
"Escobar, Eduardo",500871,2022,1.067750677506775,1.640989449989089,0.9967963478644255,0.9109477124183006,0.5426084614194041,0.0,0.0,1.0992063492063493,0.9431072210065645,1.1376146788990826,1.1794871794871795,0.6843575418994414,1.2558139534883723,1.0985324947589101,1.105431309904153
"Escobar, Eduardo",500871,2023,0.781578947368421,1.1253257158856949,0.9694559925656739,0.8985148514851485,1.0266932629639636,1.0275862068965518,0.9521296012377028,1.1137254901960785,0.79317697228145,0.9144144144144145,0.4698795180722891,1.05982905982906,0.5918367346938775,1.0717299578059072,1.2450980392156865
"Escobar, Yunel",488862,2015,0.9530386740331491,0.3771595344362507,1.0161975338208826,0.9102244389027432,1.6283600153009097,0.0,0.0,0.7991071428571427,0.9659685863874344,0.9813084112149534,0.5454545454545454,1.20997375328084,0.475,1.0595744680851062,0.8117283950617284
"Escobar, Yunel",488862,2016,0.8763440860215054,0.15414386772633407,1.0070235430293921,0.9117402164862615,2.197093004928179,0.0,0.0,0.7241379310344827,0.95,0.8888888888888888,0.44615384615384623,1.3333333333333335,0.23913043478260868,1.0407725321888412,0.871473354231975
"Escobar, Yunel",488862,2017,0.9175531914893617,0.18938318424035766,1.0170606098684951,0.9140752864157119,1.8426525183141096,0.0,0.0,0.8312236286919831,1.0282051282051283,0.9461883408071747,0.7575757575757576,1.3804347826086958,0.45098039215686275,1.0129310344827585,0.8547854785478548
"Espinal, Santiago",669289,2022,0.8509485094850948,1.1033618881493217,0.9694694314444191,0.8782679738562091,1.0995386446812956,0.0,0.0,0.623015873015873,0.7702407002188182,1.091743119266055,0.43589743589743596,1.122905027932961,0.41860465116279066,0.9622641509433962,0.8977635782747604
"Espinal, Santiago",669289,2024,0.8449197860962567,1.1168979673765334,0.9687292462790202,0.871604938271605,0.999177346675159,0.9319727891156464,0.9346100912778651,0.6,0.6017316017316018,1.0180995475113122,0.25,0.9770114942528736,0.6444444444444445,1.0188284518828452,0.9230769230769231
"Espinal, Santiago",669289,2025,0.679144385026738,1.091603002882278,0.9599370326736878,0.8738812042310822,1.0512206780977011,1.4589041095890412,0.9515902443745745,0.5783132530120482,0.6196319018404909,0.9241071428571427,0.08888888888888889,1.0823529411764705,0.0,0.9452631578947368,0.8620689655172414
"Espinosa, Danny",457787,2015,0.9116022099447515,1.043425146342962,0.960205699376882,0.9060681629260183,0.953897317605286,0.0,0.0,1.2812499999999998,0.9031413612565444,0.8785046728971964,1.1818181818181819,1.0971128608923884,1.25,1.1553191489361703,1.175925925925926
"Espinosa, Danny",457787,2016,0.9731182795698925,1.2105446650414686,1.0045142809255492,0.9342214820982515,0.9325790452572845,0.0,0.0,1.439655172413793,1.025,0.8564814814814814,1.2923076923076924,0.8617886178861789,1.5000000000000002,1.0515021459227467,1.153605015673981
"Estrada, Thairo",642731,2022,0.8807588075880759,0.6160192474210626,0.9624148377536982,0.8929738562091503,1.5492407105354018,0.0,0.0,0.7976190476190477,0.8643326039387308,0.9724770642201834,0.576923076923077,1.2625698324022347,0.8139534883720931,1.0251572327044025,1.063897763578275
"Estrada, Thairo",642731,2023,0.9210526315789473,0.8570856963775464,0.954898781646887,0.9117161716171617,1.1374637116251318,1.0620689655172415,0.9701626174860158,0.8392156862745097,0.9402985074626866,1.0315315315315317,0.5783132530120482,1.1282051282051284,0.7551020408163264,1.0843881856540085,1.2745098039215688
"Estrada, Thairo",642731,2024,0.8368983957219251,0.7688654805733875,0.9683505398506964,0.8938271604938272,1.4392660300239783,1.0680272108843538,1.001269561116134,0.824,0.841991341991342,0.8642533936651584,0.6125,1.2471264367816093,0.6888888888888889,1.0711297071129708,1.1237458193979935
"Ethier, Andre",444843,2015,1.1187845303867405,0.9908505186489286,0.9774216822274493,0.9218620116375728,0.7878342218278476,0.0,0.0,0.8883928571428572,0.9397905759162303,1.2149532710280375,1.0727272727272725,0.9107611548556429,1.075,1.023404255319149,1.027777777777778
"Farmer, Kyle",571657,2021,0.8894736842105264,1.2411540538805232,0.9822547826257688,0.8805237315875613,0.9672420112303334,0.0,0.0,0.7944664031620554,0.8351177730192719,1.1909090909090911,0.5238095238095237,0.9548022598870058,0.8039215686274511,1.0528541226215644,1.2240802675585285
"Farmer, Kyle",571657,2022,0.9403794037940378,1.0148892466325963,0.9658320518465805,0.8709150326797385,1.0001685746539486,0.0,0.0,0.7658730158730159,0.8380743982494528,1.2018348623853212,0.5641025641025641,1.0893854748603353,0.7674418604651164,1.0482180293501049,1.182108626198083
"Farmer, Kyle",571657,2023,0.9894736842105263,1.0018685653499915,0.9707355415741182,0.8704620462046204,1.1125371812719873,0.806896551724138,0.9296134045122608,0.9254901960784313,0.8059701492537313,1.1171171171171173,0.7831325301204819,1.042735042735043,0.8367346938775511,1.0063291139240507,1.0882352941176472
"Farmer, Kyle",571657,2025,0.8903743315508021,1.1386136076945657,0.9738521161002955,0.8608624898291293,1.1303626369138862,0.7876712328767124,0.9260879124057437,0.8634538152610443,0.7975460122699387,1.1741071428571428,0.6777777777777777,1.064705882352941,0.7916666666666666,1.0210526315789474,0.9551724137931037
"Fermin, Freddy",666023,2024,0.8368983957219251,0.7871266600284734,0.9761209839995877,0.8897119341563785,1.3507170985925585,1.2789115646258504,0.9769057295524292,0.924,0.9177489177489176,0.8190045248868777,0.41250000000000003,1.1551724137931036,0.4888888888888888,1.0648535564853556,1.0334448160535117
"Fermin, Freddy",666023,2025,0.820855614973262,0.9634099660479177,0.9786841148161672,0.8812042310821806,1.2376424242135837,0.9726027397260274,0.9662147291692375,0.9477911646586346,0.885480572597137,0.8616071428571428,0.47777777777777775,1.088235294117647,0.4166666666666667,1.1073684210526316,0.9551724137931037
"Fielder, Prince",425902,2015,1.0193370165745856,0.8895042613070687,1.0288157996855392,0.9551122194513716,1.025997917531304,0.0,0.0,0.9241071428571427,1.2094240837696335,0.897196261682243,1.1636363636363638,1.0209973753280839,1.075,1.0382978723404255,1.2283950617283952
"Fielder, Prince",425902,2016,0.9166666666666667,0.9709611854097312,1.0023122115451635,0.9408825978351374,1.14707222566646,0.0,0.0,1.0732758620689653,0.9925,1.0555555555555556,0.9230769230769231,1.005420054200542,0.6521739130434783,0.963519313304721,1.2037617554858933
"Fitzgerald, Tyler",666149,2024,1.0614973262032086,1.4666646748667023,0.970228884192982,0.8831275720164609,0.6044076973152569,0.925170068027211,0.9722046046682689,1.264,0.8203463203463203,1.0316742081447963,1.0375,0.781609195402299,1.6222222222222222,0.9853556485355648,0.9331103678929767
"Fletcher, David",664058,2018,0.8360215053763441,1.0472633478825633,0.9466145400517916,0.8520953163516845,0.9386221347791187,0.0,0.0,0.4098360655737705,0.6038647342995169,1.15695067264574,0.05633802816901409,1.025,0.0851063829787234,0.8605150214592274,0.9769736842105263
"Fletcher, David",664058,2019,0.8311688311688311,0.7610429986965744,0.9425197153241246,0.8788898233809924,1.2111348049773252,0.0,0.0,0.392,0.4604651162790698,1.2142857142857142,0.025641025641025644,1.115819209039548,0.17543859649122806,0.7707006369426752,0.9127725856697818
"Fletcher, David",664058,2021,0.7605263157894736,0.6225902908577949,0.9228686209786743,0.8829787234042553,1.5510564962453168,0.0,0.0,0.3794466403162055,0.35974304068522484,0.9636363636363636,0.0,1.3587570621468927,0.07843137254901962,0.9767441860465117,0.9665551839464883
"Flores, Wilmer",527038,2015,0.7983425414364641,1.3232218632549135,0.9782290168893785,0.914380714879468,0.9049795064460404,0.0,0.0,0.6428571428571427,0.7905759162303664,0.9766355140186916,0.34545454545454546,0.9107611548556429,0.95,1.0382978723404255,0.8765432098765432
"Flores, Wilmer",527038,2016,0.8682795698924731,1.5686898435118468,0.9762968723668171,0.8842631140716071,0.6308622953211043,0.0,0.0,0.7327586206896551,0.9475,1.134259259259259,0.7692307692307693,0.8509485094850948,1.3260869565217392,1.0450643776824033,0.9341692789968651
"Flores, Wilmer",527038,2017,0.928191489361702,1.4058631459575042,1.0002746495729082,0.8846153846153846,0.5862985285544894,0.0,0.0,0.6962025316455697,1.0666666666666667,0.9237668161434976,0.8939393939393938,0.8260869565217391,1.2352941176470589,1.1120689655172413,0.9735973597359736
"Flores, Wilmer",527038,2018,0.7876344086021505,1.3500630789418113,0.974726154528257,0.8915365653245686,0.808320920647228,0.0,0.0,0.5655737704918034,0.7922705314009663,0.9730941704035874,0.3943661971830986,0.8777777777777778,0.6595744680851063,1.021459227467811,0.9835526315789473
"Flores, Wilmer",527038,2019,0.8961038961038961,1.2630732634631052,0.9839466463941184,0.8940285954583683,0.8303708449999561,0.0,0.0,0.43200000000000005,0.8906976744186046,1.0848214285714286,0.6538461538461539,0.8785310734463277,0.6666666666666666,0.9745222929936307,0.9844236760124611
"Flores, Wilmer",527038,2021,0.8342105263157895,1.4172434292275211,0.9976106878029691,0.897708674304419,0.7284240912329069,0.0,0.0,0.6482213438735178,0.9614561027837258,0.959090909090909,0.7142857142857143,0.8813559322033898,1.058823529411765,0.9725158562367865,0.9732441471571907
"Flores, Wilmer",527038,2022,0.872628726287263,1.6456523708305881,0.9906668065709275,0.8848039215686274,0.6286773897824819,0.0,0.0,0.753968253968254,1.0437636761487963,0.9816513761467889,0.7564102564102564,0.7877094972067038,0.9302325581395349,0.958071278825996,0.9744408945686901
"Flores, Wilmer",527038,2023,0.9210526315789473,1.7090055150534544,0.9717767825027003,0.8968646864686469,0.583875994763854,1.703448275862069,0.9380776307837895,0.6196078431372549,0.9616204690831557,1.0225225225225225,0.9397590361445782,0.7464387464387466,1.3673469387755102,0.9472573839662447,1.0653594771241832
"Flores, Wilmer",527038,2025,0.8128342245989305,1.397447326277052,0.9615733579650924,0.8836452400325467,0.8455518490495005,1.5547945205479454,0.9037093833042767,0.8353413654618475,0.8077709611451943,0.9776785714285713,0.5333333333333333,0.8441176470588235,1.0,0.985263157894737,1.0517241379310347
"Flowers, Tyler",452095,2015,0.9364640883977902,1.0584812468969733,1.0231855596225332,0.9492934330839569,1.1979175616438476,0.0,0.0,1.3705357142857142,1.193717277486911,0.6962616822429907,0.8727272727272727,0.9790026246719159,0.975,1.0638297872340425,0.8179012345679013
"Flowers, Tyler",452095,2017,1.0425531914893618,0.9236336844415647,1.0239111170538355,0.923076923076923,1.167013261598936,0.0,0.0,1.0801687763713081,1.1461538461538463,0.9820627802690582,0.9545454545454545,0.8940217391304348,1.0,1.0366379310344827,0.8679867986798679
"Forsythe, Logan",523253,2015,0.9613259668508287,1.3859177520619659,1.0000301216025915,0.9035743973399835,0.6939696261065835,0.0,0.0,0.8258928571428571,0.9057591623036647,0.9252336448598132,0.6727272727272727,0.8346456692913385,0.975,0.8595744680851065,0.8395061728395063
"Forsythe, Logan",523253,2016,1.129032258064516,1.1499589068559923,1.0158067260699633,0.9109075770191508,0.736006011207955,0.0,0.0,0.9784482758620688,1.0100000000000002,1.1759259259259258,1.1538461538461537,0.8482384823848239,1.1304347826086958,0.8497854077253219,0.6959247648902821
"Forsythe, Logan",523253,2017,0.9893617021276596,1.0028552738582528,1.015130213366466,0.8477905073649754,0.7889667120668864,0.0,0.0,0.9746835443037976,0.9102564102564102,1.0852017937219731,0.5909090909090908,0.8804347826086957,0.45098039215686275,0.6982758620689654,0.6237623762376237
"Forsythe, Logan",523253,2018,0.782258064516129,0.8199705177387151,0.9858571533221987,0.8718159408381265,1.127812954245687,0.0,0.0,0.721311475409836,0.7608695652173914,0.852017937219731,0.14084507042253522,1.1444444444444444,0.14893617021276598,0.7703862660944205,0.5723684210526315
"Forsythe, Logan",523253,2019,1.0025974025974027,0.9485571445063874,1.0042449214283362,0.9007569386038687,0.7901916105644744,0.0,0.0,0.856,0.9930232558139533,0.9821428571428571,0.7051282051282052,0.9463276836158192,0.5614035087719298,0.6942675159235671,0.5514018691588785
"Fortes, Nick",663743,2023,0.7499999999999999,1.0356741649579395,0.9897653477303752,0.8952145214521452,1.16586140346803,1.2344827586206897,0.9793976323819249,0.6627450980392158,0.8848614072494669,0.6936936936936937,0.45783132530120474,1.096866096866097,0.42857142857142855,0.9514767932489452,0.9313725490196078
"Fortes, Nick",663743,2024,0.6925133689839572,1.1032263812221277,0.937694653182921,0.8987654320987655,1.3831358619534317,1.3537414965986396,0.9794866571934745,0.544,0.6558441558441558,0.8687782805429863,0.1875,1.2729885057471264,0.3333333333333333,1.0104602510460252,1.0267558528428093
"Fowler, Dexter",451594,2015,0.9337016574585636,1.1044999901704418,0.9866980756130079,0.9152119700748129,0.9434149294997334,0.0,0.0,0.9776785714285713,0.8769633507853403,0.9345794392523366,0.8181818181818182,0.9921259842519684,0.95,0.8787234042553191,0.7438271604938271
"Fowler, Dexter",451594,2016,1.0456989247311828,1.0516149768481406,0.9916201487593093,0.9125728559533722,0.8160066646001239,0.0,0.0,0.9525862068965517,0.9550000000000001,1.1898148148148147,0.8769230769230769,0.962059620596206,0.8478260869565218,0.8390557939914163,0.7366771159874608
"Fowler, Dexter",451594,2017,1.0824468085106382,1.0873984909716234,1.01098355217331,0.9198036006546645,0.8029770323710266,0.0,0.0,0.9367088607594937,1.035897435897436,1.1793721973094171,1.0,0.8940217391304348,1.0980392156862746,0.9245689655172412,0.8382838283828382
"Fowler, Dexter",451594,2018,0.782258064516129,0.9968621582732662,0.9631067144972936,0.8833196384552178,0.7722293961556138,0.0,0.0,1.0737704918032789,0.7415458937198067,0.8430493273542601,0.45070422535211274,1.0333333333333334,0.7872340425531914,0.9034334763948498,0.8388157894736843
"Fowler, Dexter",451594,2019,1.0311688311688312,0.9984692786460135,0.9602179472128377,0.9343986543313708,0.8130957152185171,0.0,0.0,1.096,0.7627906976744186,1.0892857142857142,0.9743589743589743,0.9858757062146892,0.9649122807017544,0.9087048832271762,0.9221183800623052
"Fraley, Jake",641584,2023,0.9394736842105262,1.3114578433364035,0.9515467519654144,0.9216171617161716,0.780541958924156,1.6413793103448275,1.0172922468678132,0.9450980392156861,0.7526652452025586,1.1846846846846848,0.7710843373493975,0.9743589743589746,1.1428571428571428,1.0970464135021096,0.9771241830065359
"Fraley, Jake",641584,2024,0.8582887700534759,0.8518137898158213,0.9499500404341548,0.8946502057613169,1.1854646485976463,1.183673469387755,1.0046252885700973,0.852,0.712121212121212,1.0542986425339367,0.4,1.1982758620689655,0.39999999999999997,1.213389121338912,0.8561872909698998
"France, Ty",664034,2021,0.9736842105263158,0.8699229755910307,0.9964439414406921,0.909165302782324,1.2404194424681456,0.0,0.0,0.7549407114624507,0.9764453961456102,1.0818181818181818,0.8095238095238095,1.0084745762711864,0.7450980392156863,1.0634249471458774,1.0334448160535117
"France, Ty",664034,2022,0.9349593495934959,0.8088287893056669,0.9900054783589276,0.9019607843137255,1.2540107508959082,0.0,0.0,0.7658730158730159,0.9146608315098467,1.0137614678899083,0.6923076923076924,1.0949720670391063,1.0,1.1006289308176103,1.0287539936102237
"France, Ty",664034,2023,0.9605263157894737,1.0680765400414138,0.9837483227571383,0.9298679867986799,1.0050115418827368,1.2206896551724138,1.0190357384714563,0.8588235294117647,0.9594882729211087,1.1306306306306306,0.8192771084337349,0.9629629629629632,0.5102040816326531,1.1244725738396626,1.0522875816993467
"France, Ty",664034,2024,0.9251336898395721,0.9671302949876899,1.0000121771432995,0.9144032921810699,0.9805550408571989,0.33333333333333337,1.0030563790506408,0.968,1.051948051948052,0.927601809954751,0.9125,1.0718390804597702,0.7777777777777779,1.0711297071129708,0.8662207357859533
"France, Ty",664034,2025,0.9598930481283422,0.7613764171229948,1.0008157179007209,0.8991049633848657,1.3403360600739505,0.4931506849315068,0.9983610233882305,0.8634538152610443,1.0531697341513293,0.9687499999999999,0.8666666666666667,1.1147058823529412,0.3958333333333333,1.0926315789473684,1.0655172413793104
"Franco, Maikel",596748,2015,1.0082872928176796,0.8594740518219176,1.0064060807933193,0.9226932668329177,1.1935945922855886,0.0,0.0,1.0714285714285714,1.0732984293193717,1.1168224299065421,1.0909090909090908,1.0971128608923884,1.4000000000000001,1.0191489361702126,1.0339506172839508
"Franco, Maikel",596748,2016,0.9650537634408601,0.997223813491748,1.0102869974057265,0.9425478767693589,1.3869124262800643,0.0,0.0,1.0431034482758619,1.1275,0.9583333333333333,1.0615384615384615,1.056910569105691,1.1304347826086958,1.1158798283261802,1.0219435736677116
"Franco, Maikel",596748,2017,0.8776595744680852,0.9453676232958373,1.0148159807401533,0.9247135842880524,1.2851320127729173,0.0,0.0,0.9367088607594937,1.1461538461538463,0.8923766816143498,0.9090909090909091,1.0733695652173914,0.9803921568627452,1.081896551724138,0.9900990099009901
"Franco, Maikel",596748,2018,0.89247311827957,0.7615057397343397,0.9944976896460904,0.9408381265406738,1.5944125470042039,0.0,0.0,0.8770491803278688,0.9299516908212561,0.8834080717488788,0.9154929577464789,1.2277777777777779,1.2127659574468086,1.109442060085837,1.0625000000000002
"Franco, Maikel",596748,2019,0.8623376623376624,1.1398325143474959,1.002585229714535,0.9596299411269974,1.664670326255826,0.0,0.0,0.88,1.0046511627906978,0.8214285714285713,0.8846153846153847,1.076271186440678,0.894736842105263,1.0934182590233548,1.0809968847352023
"Franco, Maikel",596748,2021,0.7736842105263158,0.7185828508409153,0.9925225279371579,0.9320785597381342,1.6476514858444802,0.0,0.0,0.9525691699604742,0.980728051391863,0.7727272727272727,0.6071428571428571,1.2401129943502824,0.6862745098039217,1.0613107822410148,1.2207357859531773
"Franco, Maikel",596748,2022,0.8807588075880759,0.9509668370018738,0.9829558555501117,0.9158496732026143,1.1542123953037753,0.0,0.0,1.1111111111111114,0.9649890590809628,0.9220183486238532,0.6025641025641026,1.0558659217877095,0.6976744186046512,1.1236897274633124,1.134185303514377
"Franco, Wander",677551,2021,0.8973684210526316,0.7639279622458778,0.993158132482766,0.8968903436988542,1.1529994055703905,0.0,0.0,0.6482213438735178,0.9657387580299786,0.8363636363636363,0.5833333333333334,1.0423728813559323,0.5686274509803922,1.0465116279069768,0.9966555183946488
"Franco, Wander",677551,2022,0.9430894308943089,0.6529523922972977,0.985877410506997,0.9183006535947712,1.3903442274035656,0.0,0.0,0.5277777777777778,0.8840262582056894,1.1284403669724772,0.5897435897435898,1.0865921787709498,0.48837209302325585,1.0754716981132078,0.9520766773162939
"Franco, Wander",677551,2023,1.0421052631578949,0.7127506246111966,1.0070757329819147,0.9158415841584158,1.2800331590200063,0.9241379310344828,1.0107815291238482,0.580392156862745,1.0127931769722816,1.0315315315315317,0.927710843373494,1.0854700854700856,0.9183673469387754,0.9535864978902955,0.9281045751633987
"Francoeur, Jeff",425796,2015,0.9861878453038674,1.2750560663079726,0.9960041953172037,0.8977556109725686,0.8032819516676092,0.0,0.0,1.1160714285714284,1.0287958115183247,1.1682242990654206,0.8727272727272727,0.958005249343832,1.3,1.195744680851064,1.3024691358024691
"Francoeur, Jeff",425796,2016,0.9811827956989247,0.7148041973744832,0.9919467816753208,0.9192339716902582,1.3032194350390258,0.0,0.0,1.379310344827586,0.9425000000000001,1.0324074074074074,0.8461538461538461,1.070460704607046,0.6956521739130436,1.2167381974248925,1.3636363636363635
"Frazier, Adam",624428,2017,0.8882978723404256,0.7563258416954501,0.978285245714161,0.9157119476268413,1.2143957549270132,0.0,0.0,0.5780590717299579,0.6666666666666666,1.1031390134529149,0.303030303030303,1.1630434782608696,0.33333333333333337,0.9870689655172413,0.8613861386138614
"Frazier, Adam",624428,2018,0.9166666666666667,0.817975039350292,0.9935363370087416,0.866885784716516,1.1558795323307964,0.0,0.0,0.5778688524590163,0.8623188405797101,0.9775784753363229,0.5774647887323945,1.0750000000000002,0.8085106382978723,0.9656652360515021,0.8815789473684211
"Frazier, Adam",624428,2019,0.864935064935065,0.9980278367433676,0.9798966437536863,0.8923465096719931,0.9729085895838874,0.0,0.0,0.632,0.7372093023255814,1.1339285714285712,0.24358974358974358,0.9858757062146892,0.3684210526315789,1.0191082802547773,0.8878504672897195
"Frazier, Adam",624428,2021,0.8631578947368421,0.9788242625207488,0.9593326885035289,0.8895253682487725,1.0124698985479126,0.0,0.0,0.49407114624505927,0.5995717344753748,1.2272727272727273,0.11904761904761904,0.9802259887005649,0.19607843137254904,1.0042283298097252,0.8929765886287627
"Frazier, Adam",624428,2022,0.8292682926829268,1.0727801110603243,0.9592524427865339,0.8586601307189542,0.8961410161373097,0.0,0.0,0.5793650793650794,0.5798687089715536,1.2064220183486238,0.19230769230769232,1.0139664804469273,0.13953488372093023,1.018867924528302,0.9201277955271564
"Frazier, Adam",624428,2023,0.8421052631578947,1.182639299633895,0.9633652384154545,0.8803630363036303,0.8121388503670062,1.1310344827586207,0.9436938177482038,0.7607843137254903,0.6481876332622601,1.0315315315315317,0.38554216867469876,0.9002849002849005,0.7755102040816325,1.0126582278481013,0.954248366013072
"Frazier, Adam",624428,2024,0.8475935828877006,1.1103178547703734,0.9476652698096357,0.8748971193415638,0.8490888378210728,0.8775510204081634,0.9351189164879439,0.7559999999999999,0.6298701298701298,1.0271493212669682,0.375,1.0344827586206897,0.4444444444444444,0.9790794979079499,0.8929765886287627
"Frazier, Adam",624428,2025,0.8128342245989305,1.047129450548611,0.9496478144527613,0.8510984540276647,0.81898139328126,0.5342465753424658,0.9229486864097621,0.7911646586345382,0.523517382413088,1.325892857142857,0.19999999999999998,1.011764705882353,0.43750000000000006,1.0736842105263158,0.9551724137931037
"Frazier, Todd",453943,2015,1.074585635359116,1.6869910790448628,1.0124782019935237,0.9285120532003326,0.6407040144515804,0.0,0.0,1.1116071428571428,1.1884816753926701,0.9299065420560749,1.6363636363636365,0.7375328083989502,1.7999999999999998,1.127659574468085,1.0895061728395061
"Frazier, Todd",453943,2016,1.0053763440860215,1.7375801947542655,1.003871659509032,0.9450457951706911,0.7253392574223324,0.0,0.0,1.2198275862068964,0.985,1.0138888888888888,1.553846153846154,0.7669376693766937,2.0,1.0042918454935623,1.0564263322884013
"Frazier, Todd",453943,2017,1.0292553191489362,1.6781841244843372,0.9999108655796947,0.8985270049099836,0.7035582342653873,0.0,0.0,1.0886075949367089,0.9179487179487179,0.9417040358744394,1.4696969696969697,0.7798913043478262,1.5098039215686276,0.8685344827586207,0.9537953795379537
"Frazier, Todd",453943,2018,0.9274193548387096,1.457334658715228,1.0107753549220024,0.9375513557929334,0.7108627945641653,0.0,0.0,0.9959016393442623,1.0748792270531402,0.9551569506726457,0.9859154929577466,0.8222222222222222,1.276595744680851,0.869098712446352,1.0394736842105263
"Frazier, Todd",453943,2019,0.9116883116883117,1.3238348847059165,0.9935948294042303,0.911690496215307,0.7568885158663546,0.0,0.0,1.02,1.044186046511628,0.9821428571428571,0.9487179487179487,0.9406779661016951,1.087719298245614,0.9087048832271762,1.0124610591900312
"Freeman, Freddie",518692,2015,1.3591160220994476,1.2941877860828332,1.0261237825211553,0.914380714879468,0.6303727028930037,0.0,0.0,1.0982142857142856,1.2931937172774868,1.2710280373831777,2.0363636363636366,0.763779527559055,1.4000000000000001,1.0553191489361702,1.0401234567901236
"Freeman, Freddie",518692,2016,1.346774193548387,1.4648049633510658,1.0288651824684494,0.9542048293089093,0.45927765010791083,0.0,0.0,1.275862068965517,1.2825000000000002,1.3564814814814812,2.030769230769231,0.6476964769647696,1.7391304347826089,1.128755364806867,1.0031347962382444
"Freeman, Freddie",518692,2017,1.2367021276595744,1.3199031619211425,1.0243340050108387,0.8919803600654664,0.5161491647938682,0.0,0.0,1.059071729957806,1.2512820512820513,1.0224215246636772,2.0454545454545454,0.7635869565217392,1.6078431372549022,1.1379310344827587,1.0
"Freeman, Freddie",518692,2018,1.1935483870967742,1.1445187006767876,1.0064787215265114,0.9005751848808545,0.7197290931257524,0.0,0.0,0.9959016393442623,1.0603864734299517,1.4394618834080717,1.3098591549295777,0.8027777777777777,1.0,1.1931330472103006,0.9638157894736842
"Freeman, Freddie",518692,2019,1.1636363636363636,1.1120500616516826,1.0101332273466372,0.9419680403700589,0.7622555435243162,0.0,0.0,0.972,1.1209302325581394,1.15625,1.576923076923077,0.9067796610169492,1.3859649122807018,1.1061571125265395,0.9750778816199377
"Freeman, Freddie",518692,2021,1.194736842105263,0.9302302898479055,1.0292945531143345,0.9296235679214402,0.9526421318155359,0.0,0.0,0.8379446640316205,1.171306209850107,1.0545454545454547,1.3809523809523812,0.8333333333333334,1.2352941176470589,1.080338266384778,0.8561872909698998
"Freeman, Freddie",518692,2022,1.2059620596205962,1.0969463596170312,1.031534490921001,0.9174836601307189,0.7915828447991105,0.0,0.0,0.7738095238095238,1.148796498905908,1.3073394495412842,1.2692307692307694,0.8072625698324023,0.9534883720930234,1.0335429769392035,0.9361022364217251
"Freeman, Freddie",518692,2023,1.2026315789473685,1.187332933404849,1.0118610751194421,0.9125412541254124,0.6967404569582141,0.593103448275862,0.9830420510726391,0.7999999999999999,1.0852878464818763,1.382882882882883,1.3373493975903612,0.8091168091168092,1.1428571428571428,1.0759493670886076,0.8790849673202615
"Freeman, Freddie",518692,2024,1.053475935828877,1.0761675054730835,1.0081105485147495,0.9242798353909465,0.7006753486523477,0.653061224489796,0.9788140501776698,0.804,1.0909090909090908,1.2579185520361993,1.1375,0.8994252873563219,1.088888888888889,1.0313807531380754,0.9364548494983279
"Freeman, Freddie",518692,2025,1.088235294117647,1.0609959807618177,1.0180724713707061,0.9283970707892595,0.9024780428039132,0.5136986301369864,0.9801336946336512,1.0963855421686748,1.0633946830265848,1.0535714285714284,1.1555555555555557,0.85,1.1458333333333335,1.0926315789473684,0.9586206896551727
"Freeman, Tyler",671289,2024,0.8021390374331551,0.9631877939350454,0.987054726840417,0.8987654320987655,1.076286138788121,1.3809523809523812,1.005201145934751,0.66,0.9199134199134199,0.8733031674208145,0.4,1.1609195402298853,0.5555555555555556,0.9728033472803348,1.0334448160535117
"Freeman, Tyler",671289,2025,0.8689839572192514,0.594488020349034,0.9964188413225259,0.8917819365337672,1.7345297480714077,0.9931506849315068,0.9907467942688082,0.5020080321285141,0.948875255623722,0.9330357142857141,0.23333333333333334,1.2735294117647058,0.125,0.9600000000000001,0.9310344827586208
"Freese, David",501896,2015,1.0773480662983426,0.5685576797795311,1.0064470061456432,0.9484621778886118,1.3439524960592695,0.0,0.0,1.0491071428571428,1.0706806282722512,0.9392523364485983,1.3090909090909089,1.1968503937007875,1.0999999999999999,0.9638297872340427,1.0185185185185186
"Freese, David",501896,2016,1.118279569892473,0.19424735822345499,1.0271567029398756,0.9258950874271441,2.218025837368677,0.0,0.0,1.1982758620689655,1.2875,1.0694444444444444,1.2461538461538462,1.3333333333333335,0.9565217391304347,0.9570815450643777,0.9968652037617555
"Freese, David",501896,2017,1.0345744680851063,0.2550402162133142,1.0158833215525995,0.9018003273322422,1.8113394689832814,0.0,0.0,0.9620253164556962,1.2153846153846153,0.9192825112107623,0.9696969696969697,1.3423913043478262,0.627450980392157,0.9310344827586207,0.9042904290429044
"Freese, David",501896,2018,1.1801075268817205,0.5831582207448599,1.0233691766801791,0.9112571898110107,1.3678318559564862,0.0,0.0,0.9959016393442623,1.2077294685990339,1.0269058295964126,1.267605633802817,1.125,1.1063829787234043,0.9184549356223175,0.8651315789473685
"Frelick, Sal",686217,2024,0.7807486631016042,0.6899890570857743,0.9300666378061843,0.8773662551440329,1.390228866373706,0.9183673469387756,0.9133074389473047,0.52,0.5194805194805194,0.914027149321267,0.1,1.3419540229885059,0.1111111111111111,0.8661087866108786,1.0301003344481605
"Frelick, Sal",686217,2025,0.8155080213903743,0.8736114504849479,0.9539113896570627,0.8877135882831569,1.4414629967962278,0.7602739726027398,0.9438613912204451,0.5020080321285141,0.6912065439672803,0.9687499999999999,0.34444444444444444,1.1911764705882353,0.5625000000000001,0.9221052631578947,0.9655172413793106
"Friedl, TJ",670770,2023,0.7842105263157895,1.02916334477915,0.9413247596115856,0.8836633663366336,0.9096215947506814,1.6689655172413793,0.926263507412731,0.7372549019607844,0.7185501066098082,0.8108108108108109,0.38554216867469876,1.0227920227920229,0.9183673469387754,0.8755274261603376,0.9379084967320261
"Friedl, TJ",670770,2024,0.7967914438502673,1.1757694881376197,0.9472757824214579,0.8962962962962964,0.8341373198242235,1.598639455782313,0.9675627999168023,0.7120000000000001,0.8809523809523808,0.8778280542986425,0.4,1.0201149425287357,1.1555555555555557,0.9016736401673641,0.8929765886287627
"Friedl, TJ",670770,2025,0.7941176470588235,1.0071681391757272,0.952436046900834,0.8755085435313262,1.1622076070352763,1.13013698630137,0.9477817043760013,0.7068273092369477,0.8179959100204499,1.0892857142857142,0.3111111111111111,1.088235294117647,0.625,0.816842105263158,0.7413793103448276
"Fry, David",681807,2024,0.9973262032085561,1.450585559358148,0.9925003662705821,0.8930041152263375,0.6447656039722376,1.0476190476190477,0.9936786997196182,0.996,1.103896103896104,1.0,0.9375,0.795977011494253,1.2222222222222223,1.0271966527196654,0.9665551839464883
"Fuentes, Joshua",658069,2021,0.7394736842105264,1.4427087001322594,0.9595032694793032,0.8756137479541735,0.7535022511535312,0.0,0.0,1.075098814229249,0.728051391862955,0.6181818181818183,0.2857142857142857,0.9180790960451978,0.6666666666666667,1.255813953488372,1.1872909698996656
"Fuld, Sam",453539,2015,0.7430939226519337,0.284129154248891,0.9648395058291762,0.8645054031587698,2.430236858391313,0.0,0.0,0.6964285714285714,0.6544502617801047,0.869158878504673,0.23636363636363636,1.4015748031496065,0.2,0.7808510638297873,0.9166666666666666
"Gallo, Joey",608336,2017,1.5079787234042552,1.8945844632989053,1.0662947762956123,0.9599018003273322,0.427784427781158,0.0,0.0,1.8312236286919832,1.641025641025641,0.9237668161434976,3.3484848484848486,0.6114130434782609,3.1764705882352944,1.0150862068965514,1.1419141914191417
"Gallo, Joey",608336,2018,1.478494623655914,1.7051118305157729,1.061042092519212,0.9654889071487264,0.4955342548893538,0.0,0.0,1.6721311475409837,1.393719806763285,1.040358744394619,3.1690140845070425,0.55,2.914893617021277,1.03862660944206,1.118421052631579
"Gallo, Joey",608336,2021,1.2578947368421052,1.6307103012909216,1.0110514256425078,0.94189852700491,0.6915476216142409,0.0,0.0,1.549407114624506,1.297644539614561,0.85,2.226190476190476,0.8361581920903954,2.6274509803921573,0.8520084566596196,0.8260869565217391
"Galvis, Freddy",520471,2015,0.8425414364640884,1.1653967104020284,0.9690722323798491,0.8645054031587698,0.7867614628111974,0.0,0.0,0.8616071428571428,0.6544502617801047,1.0560747663551404,0.39999999999999997,0.9527559055118109,0.375,1.0787234042553193,1.2592592592592593
"Galvis, Freddy",520471,2016,0.8655913978494624,1.1765263608383671,0.9831831880641526,0.8984179850124897,0.8073716734403343,0.0,0.0,0.9094827586206895,0.8175000000000001,1.0740740740740742,0.44615384615384623,0.910569105691057,0.9565217391304347,1.1351931330472105,1.2351097178683383
"Galvis, Freddy",520471,2017,0.8297872340425532,1.2238919573915854,0.9813000086929159,0.867430441898527,0.8328372964131568,0.0,0.0,0.7552742616033755,0.7717948717948717,1.0852017937219731,0.3636363636363636,0.9211956521739133,0.47058823529411764,1.0474137931034482,1.1254125412541254
"Galvis, Freddy",520471,2018,0.8629032258064516,1.0890600262439174,0.9953779349266056,0.8693508627773212,0.8684447789077827,0.0,0.0,1.098360655737705,0.7439613526570049,0.9506726457399103,0.5633802816901409,0.9333333333333333,0.6170212765957447,1.0729613733905579,1.2335526315789473
"Galvis, Freddy",520471,2019,0.9116883116883117,1.139153193121436,0.999491372240664,0.8881412952060554,0.7401243735314635,0.0,0.0,1.144,0.9372093023255815,0.8928571428571428,0.7179487179487181,0.8926553672316385,0.9824561403508772,1.150743099787686,1.146417445482866
"Galvis, Freddy",520471,2021,0.8236842105263158,1.0653428838853947,0.9717760324579796,0.8944353518821604,0.9221704137945003,0.0,0.0,0.8181818181818181,0.8201284796573874,1.0136363636363637,0.5952380952380952,0.96045197740113,0.9803921568627452,1.0232558139534884,1.1438127090301005
"Gamel, Ben",592325,2017,0.9388297872340425,0.8982801949989319,0.9857733494294503,0.8878887070376432,1.004346867125053,0.0,0.0,0.8902953586497889,0.8256410256410257,1.0179372197309415,0.6212121212121212,1.0570652173913044,0.5490196078431373,0.9633620689655172,0.9636963696369637
"Gamel, Ben",592325,2019,0.9558441558441558,0.7640822476104754,0.9934694962414561,0.9343986543313708,1.1373970152064403,0.0,0.0,0.904,0.9976744186046511,1.2410714285714286,0.5,1.073446327683616,0.5964912280701755,0.8556263269639067,0.8909657320872273
"Gamel, Ben",592325,2021,0.9710526315789474,1.162372075517042,0.9913204364704633,0.8878887070376432,0.6459909880775284,0.0,0.0,1.0790513833992095,0.9635974304068522,1.2818181818181815,0.9523809523809523,0.807909604519774,0.6666666666666667,0.9323467230443976,0.8795986622073579
"Gamel, Ben",592325,2022,1.002710027100271,0.8803030145435682,0.9951262966350792,0.892156862745098,1.0308957198046074,0.0,0.0,0.9523809523809524,0.9256017505470459,1.1697247706422018,0.7948717948717949,0.9469273743016762,0.7674418604651164,0.9014675052410902,0.9329073482428114
"Garcia, Adolis",666969,2021,1.068421052631579,1.1528341767055739,1.0219157343232939,0.9198036006546645,0.954824588016717,0.0,0.0,1.3517786561264822,1.1113490364025695,0.8136363636363636,1.369047619047619,0.8898305084745763,1.5490196078431375,1.1437632135306555,1.160535117056856
"Garcia, Adolis",666969,2022,1.1626016260162602,1.067131915614701,1.038398442716074,0.9232026143790849,1.0477956496374699,0.0,0.0,1.3293650793650793,1.2056892778993435,1.1238532110091743,1.653846153846154,0.8798882681564246,1.4651162790697674,1.1215932914046123,1.230031948881789
"Garcia, Adolis",666969,2023,1.2394736842105263,1.2345862242813779,1.0357713252717893,0.9496699669966996,0.6800629855247122,0.6896551724137931,1.0324512627907618,1.2431372549019608,1.2302771855010661,0.9639639639639639,1.9518072289156625,0.8547008547008549,2.081632653061224,1.0253164556962027,1.0686274509803924
"Garcia, Adolis",666969,2024,1.0614973262032086,1.1282460629369826,1.0264957040323783,0.9555555555555555,0.9459472158857684,1.0952380952380953,1.0151979727268503,1.372,1.1536796536796536,0.9638009049773756,1.5625,0.8793103448275862,1.3555555555555554,1.087866108786611,1.1939799331103678
"Garcia, Adolis",666969,2025,1.0106951871657754,1.2019256792110329,1.0312890371778425,0.9243287225386492,0.7722479589101285,1.0958904109589043,1.0136974120430797,1.2248995983935744,1.0613496932515338,0.8839285714285714,1.311111111111111,0.8411764705882352,1.0625,1.0968421052631578,1.2310344827586206
"Garcia, Adonis",611177,2016,0.9811827956989247,0.6678989323987076,1.004550762884394,0.9067443796835971,1.7837424595794094,0.0,0.0,0.9051724137931033,0.9425000000000001,1.0462962962962963,0.8153846153846154,1.151761517615176,0.6956521739130436,1.1330472103004292,1.1253918495297806
"Garcia, Avisail",541645,2015,1.1077348066298343,0.6066161646485475,1.002080475102734,0.9650872817955112,1.1359802813646995,0.0,0.0,1.388392857142857,1.0890052356020943,1.046728971962617,0.8727272727272727,1.1102362204724407,0.775,1.2574468085106383,1.25
"Garcia, Avisail",541645,2016,1.1021505376344085,0.46063486436852397,1.0165584562854055,0.9750208159866778,1.8984644849880434,0.0,0.0,1.4267241379310345,1.095,1.0694444444444444,1.2307692307692308,1.1680216802168022,0.8695652173913044,1.1738197424892705,1.184952978056426
"Garcia, Avisail",541645,2017,1.1542553191489362,0.6225731951048825,1.031966466193246,0.9451718494271686,1.3746032288520444,0.0,0.0,1.2278481012658227,1.0846153846153845,0.9461883408071747,1.333333333333333,1.108695652173913,0.8627450980392156,1.2693965517241377,1.1287128712871288
"Garcia, Avisail",541645,2018,1.1478494623655915,0.7604246354014815,1.019530902263129,0.9589153656532456,1.0429577869741922,0.0,0.0,1.3893442622950822,1.108695652173913,0.7623318385650224,1.6338028169014087,1.1805555555555556,1.553191489361702,1.2575107296137338,1.2171052631578947
"Garcia, Avisail",541645,2019,1.096103896103896,0.7559107404032726,1.007603023880721,0.977291841883936,1.129751860887361,0.0,0.0,1.284,1.0093023255813953,0.9866071428571428,1.4743589743589745,1.1355932203389831,0.9122807017543859,1.197452229299363,1.0965732087227413
"Garcia, Avisail",541645,2021,1.181578947368421,0.73506515898381,1.0179543825492132,0.9549918166939444,1.0907623324988183,0.0,0.0,1.3359683794466404,1.1070663811563168,0.9636363636363636,1.4523809523809523,1.1016949152542372,1.647058823529412,1.230443974630021,1.1438127090301005
"Garcia, Avisail",541645,2022,1.0216802168021681,0.22154659258710438,1.001616778504585,0.9542483660130718,1.3471658352481757,0.0,0.0,1.4563492063492065,1.0853391684901532,0.7522935779816514,0.8205128205128206,1.340782122905028,0.744186046511628,1.2368972746331237,1.233226837060703
"Garcia, Greg",594824,2019,0.7844155844155843,0.30146290834373973,0.9594049391956331,0.9108494533221193,2.0047453823580184,0.0,0.0,0.644,0.669767441860465,0.8392857142857142,0.33333333333333337,1.4689265536723164,0.29824561403508776,0.723991507430998,0.7570093457943925
"Garcia, Leury",544725,2017,0.9654255319148936,0.35480098723800074,0.9729549443227378,0.8731587561374795,1.7068781222278067,0.0,0.0,0.9831223628691984,0.8025641025641026,0.9237668161434976,0.6515151515151514,1.2608695652173916,0.7647058823529412,1.1853448275862069,0.9735973597359736
"Garcia, Leury",544725,2019,0.864935064935065,0.45093101378902417,0.9892936078033762,0.9125315391084945,1.7939485212815092,0.0,0.0,0.992,0.7511627906976746,0.9330357142857141,0.5,1.38135593220339,0.3157894736842105,1.1422505307855628,1.0404984423676011
"Garcia, Leury",544725,2021,0.8526315789473684,0.35105775941735157,0.9646597182900053,0.8968903436988542,1.6056774161485963,0.0,0.0,0.9762845849802371,0.8179871520342612,0.959090909090909,0.40476190476190477,1.3333333333333333,0.3137254901960785,1.1035940803382664,1.0301003344481605
"Garcia, Leury",544725,2022,0.8617886178861789,0.48181894181507917,0.9770616130520855,0.892156862745098,1.3048021297372265,0.0,0.0,0.9722222222222222,0.8402625820568927,0.7339449541284403,0.5384615384615385,1.2374301675977655,0.3023255813953489,1.178197064989518,0.9936102236421726
"Garcia, Luis",671277,2022,1.032520325203252,0.43482761664746006,0.9842490262534889,0.9264705882352942,1.7230417349593947,0.0,0.0,1.0753968253968256,0.8599562363238512,1.2293577981651376,0.9615384615384616,1.2178770949720672,0.5813953488372093,1.1194968553459121,1.281150159744409
"Garcia, Luis",671277,2023,0.868421052631579,0.36496526569971605,0.9923548964777547,0.9075907590759076,1.701527453710098,0.6,0.9961861375742321,0.7019607843137254,0.8166311300639658,1.0045045045045045,0.6987951807228916,1.2934472934472936,0.4693877551020407,1.0675105485232068,1.081699346405229
"Garcia, Luis",671277,2024,1.0240641711229947,0.5605719176638525,0.9978766259371737,0.9111111111111111,1.2055059031714974,0.5374149659863946,1.0004417714760732,0.852,0.9653679653679653,0.9366515837104071,1.0,1.1695402298850575,0.9555555555555555,1.0794979079497908,1.2140468227424748
"Garcia, Luis",671277,2025,1.0267379679144386,0.677658485483023,1.0088900949774562,0.9088689991863304,1.2541282785759813,0.9726027397260274,1.012883087639144,0.8714859437751005,1.047034764826176,1.0714285714285714,1.0,1.0705882352941176,0.8125,1.1326315789473684,1.2620689655172417
"Garcia, Maikel",672580,2023,1.0026315789473683,0.5082174002937533,1.0312235376606897,0.9075907590759076,1.8602221017497267,0.2827586206896552,0.9897559707271609,0.7686274509803922,1.1215351812366738,1.1396396396396398,0.4698795180722891,1.07977207977208,0.2244897959183673,0.9050632911392406,0.7385620915032681
"Garcia, Maikel",672580,2024,0.9010695187165776,0.4564700549761506,1.0137712196727804,0.8938271604938272,1.6201131396347863,0.7414965986394558,0.9912941864203229,0.628,1.051948051948052,1.0452488687782806,0.475,1.2040229885057472,0.3333333333333333,0.9016736401673641,0.7725752508361204
"Garcia, Maikel",672580,2025,0.9251336898395721,0.680822050594654,1.0181446560948264,0.8974776240846216,1.3974108098847915,0.9315068493150687,1.0008286100895079,0.606425702811245,1.0143149284253579,1.0089285714285714,0.6222222222222222,1.1147058823529412,0.6458333333333334,0.8421052631578947,0.8551724137931036
"Gardner, Brett",458731,2015,1.0386740331491713,0.955176682846193,1.0002690801647802,0.9118869492934332,0.9401391832167482,0.0,0.0,0.9642857142857143,0.9659685863874344,1.0233644859813085,0.7454545454545456,0.9921259842519684,0.8999999999999999,0.7893617021276597,0.9320987654320988
"Gardner, Brett",458731,2016,0.8548387096774194,0.5903031414685129,0.9708329789953545,0.8925895087427145,1.5154409485430873,0.0,0.0,0.6594827586206895,0.655,0.8842592592592593,0.38461538461538464,1.1842818428184283,0.3478260869565218,0.7918454935622317,1.006269592476489
"Gardner, Brett",458731,2017,0.9574468085106382,0.8186120219600573,0.9836272307071452,0.8829787234042553,1.0800497929128248,0.0,0.0,0.6624472573839663,0.9076923076923077,1.0852017937219731,0.5757575757575757,1.046195652173913,0.8627450980392156,0.7758620689655171,1.033003300330033
"Gardner, Brett",458731,2018,0.8091397849462365,0.7167410170960034,0.9931884556212678,0.9046836483155299,1.1909399129455487,0.0,0.0,0.5614754098360657,0.8526570048309179,0.9327354260089686,0.3943661971830986,1.2000000000000002,0.5957446808510639,0.7725321888412017,0.9703947368421053
"Gardner, Brett",458731,2019,0.8467532467532468,1.0817239343778577,0.9865343247381675,0.9226240538267452,1.2572826514759192,0.0,0.0,0.792,0.8767441860465117,0.90625,0.5384615384615385,1.0112994350282485,1.280701754385965,0.8174097664543526,0.9252336448598131
"Gardner, Brett",458731,2021,0.8263157894736842,0.9824460361763352,0.9745650332112434,0.8887070376432078,1.1279005203644779,0.0,0.0,0.7351778656126483,0.8715203426124195,0.9863636363636363,0.40476190476190477,1.1214689265536724,0.607843137254902,0.784355179704017,0.7591973244147158
"Garver, Mitch",641598,2018,0.9596774193548386,1.0087644425468079,1.0049041792750586,0.9120788824979458,1.086871799057316,0.0,0.0,0.9467213114754099,1.0241545893719808,1.0269058295964126,0.7887323943661972,0.9972222222222222,0.6382978723404255,0.8283261802575107,0.7171052631578948
"Garver, Mitch",641598,2019,1.2103896103896103,1.1797456043358228,1.025969872711354,0.9226240538267452,0.7654981227343345,0.0,0.0,0.96,1.327906976744186,0.8080357142857141,1.9871794871794872,0.7994350282485875,2.4035087719298245,0.743099787685775,0.8006230529595015
"Garver, Mitch",641598,2023,1.118421052631579,1.603716080779355,1.011186195840217,0.933993399339934,0.6464935089128405,1.9517241379310344,0.9912457896254725,0.9294117647058823,1.0810234541577826,1.1216216216216215,1.469879518072289,0.6695156695156697,1.7346938775510203,0.8354430379746836,0.7222222222222223
"Garver, Mitch",641598,2024,0.9144385026737969,1.3562586028896304,1.01517451180776,0.8946502057613169,0.7732863186239317,1.0612244897959184,1.002426760226259,1.232,1.0454545454545454,0.9004524886877828,1.0625,0.8160919540229885,1.4222222222222223,0.8096234309623432,0.8729096989966556
"Gattis, Evan",594828,2015,0.988950276243094,0.939873558263987,1.0060352070737328,0.9334995843724023,1.0210292073876546,0.0,0.0,1.1160714285714284,1.0994764397905759,0.9532710280373832,1.2909090909090908,1.005249343832021,1.5,1.0808510638297872,1.2469135802469138
"Gattis, Evan",594828,2016,1.0833333333333335,1.098452399686507,1.0090238083434437,0.9492089925062448,0.8296320077938181,0.0,0.0,1.1293103448275863,1.05,1.0555555555555556,1.6153846153846154,0.9945799457994581,2.1521739130434785,0.9828326180257512,1.128526645768025
"Gattis, Evan",594828,2017,1.0212765957446808,1.4323618293149925,1.0049437007829032,0.9140752864157119,0.8480164277832676,0.0,0.0,0.9367088607594937,0.9692307692307691,0.9013452914798207,0.8484848484848485,0.8070652173913044,0.9411764705882353,1.0581896551724137,1.2475247524752473
"Gattis, Evan",594828,2018,0.9435483870967741,1.4065521377576349,0.9889764647282512,0.9186524239934264,0.6158940194658123,0.0,0.0,0.9426229508196722,1.0772946859903383,0.7982062780269058,1.0704225352112675,0.9027777777777778,1.702127659574468,0.9978540772532188,1.0986842105263157
"Gelof, Zack",680869,2024,1.0160427807486632,1.0545202267045004,0.9991354632744668,0.8979423868312757,0.9384044848022515,0.5306122448979592,1.0029607683023438,1.464,0.9653679653679653,0.9864253393665158,1.0875,1.014367816091954,1.1333333333333333,1.0732217573221758,0.939799331103679
"Gennett, Scooter",571697,2015,0.8093922651933702,1.0085738965985602,0.9645091196486648,0.8611803823773898,1.0393030043013456,0.0,0.0,0.8124999999999999,0.6492146596858639,1.032710280373832,0.18181818181818182,1.05249343832021,0.5,1.2085106382978723,1.2561728395061729
"Gennett, Scooter",571697,2016,0.8440860215053764,1.0374055856147044,0.9808455564224977,0.9034138218151541,0.8780132500560606,0.0,0.0,0.9784482758620688,0.72,0.9212962962962963,0.6,1.0325203252032522,0.782608695652174,1.0965665236051503,1.1003134796238243
"Gennett, Scooter",571697,2017,1.0053191489361701,1.0720449383932005,0.9835427574548947,0.8739770867430442,0.9578683133177143,0.0,0.0,0.9156118143459916,1.0769230769230769,1.0807174887892375,1.0,0.983695652173913,1.4705882352941178,1.0581896551724137,1.1056105610561056
"Gennett, Scooter",571697,2018,0.9677419354838709,1.1173405842243855,0.9874375487519116,0.8915365653245686,0.846913090174532,0.0,0.0,0.8360655737704918,0.8864734299516909,1.0179372197309415,0.8169014084507044,0.9305555555555556,1.0638297872340425,1.143776824034335,1.194078947368421
"Giavotella, Johnny",543213,2015,0.8314917127071824,0.9081125511102571,0.969511056767658,0.9201995012468829,1.1505469184654527,0.0,0.0,0.6741071428571428,0.56282722513089,1.0514018691588787,0.18181818181818182,1.0708661417322833,0.25,0.9617021276595745,0.8549382716049384
"Giavotella, Johnny",543213,2016,0.8467741935483871,0.8428579893396171,0.9666700575182734,0.871773522064946,1.371967249272736,0.0,0.0,0.7112068965517241,0.5875,1.0601851851851851,0.24615384615384617,1.100271002710027,0.41304347826086957,1.0278969957081545,0.8432601880877743
"Gimenez, Andres",665926,2022,1.018970189701897,0.8744487578810237,0.9723287380770514,0.8978758169934641,1.2135861005294746,0.0,0.0,1.0634920634920635,0.9824945295404813,0.9862385321100917,0.8076923076923077,1.122905027932961,1.0465116279069768,1.1132075471698115,1.2140575079872205
"Gimenez, Andres",665926,2023,0.8605263157894737,0.9490007829253853,0.940386157701671,0.8976897689768977,1.0362885271038136,0.5379310344827587,0.9537816217410233,0.9960784313725489,0.7185501066098082,0.9234234234234234,0.6746987951807228,1.170940170940171,0.673469387755102,1.1455696202531647,1.2745098039215688
"Gimenez, Andres",665926,2024,0.877005347593583,0.6435335182331242,0.9673032557115251,0.9020576131687242,1.4910204591857994,0.39455782312925175,0.9495113893299492,0.916,0.7294372294372294,0.9819004524886877,0.35000000000000003,1.192528735632184,0.39999999999999997,1.1715481171548119,1.0836120401337792
"Gimenez, Andres",665926,2025,0.8850267379679145,0.7839247806212404,0.960547076599099,0.8673718470301057,1.0126165289020228,0.5821917808219179,0.9618821009806112,0.9558232931726907,0.65439672801636,0.9910714285714285,0.3333333333333333,1.1382352941176472,0.5416666666666667,1.088421052631579,1.0827586206896553
"Goins, Ryan",572365,2015,0.8591160220994475,0.4077443199286452,0.9856773175788628,0.885286783042394,1.5549619121683549,0.0,0.0,0.8392857142857142,0.9136125654450261,0.9392523364485983,0.49090909090909096,1.2939632545931756,0.42500000000000004,0.9063829787234042,1.0030864197530864
"Goins, Ryan",572365,2017,0.7898936170212766,0.795801066563694,0.9844338816375695,0.8756137479541735,1.2209899515293494,0.0,0.0,0.9029535864978903,0.8128205128205128,0.7937219730941704,0.46969696969696967,1.1385869565217392,0.5490196078431373,0.9504310344827586,1.0726072607260726
"Goldschmidt, Paul",502671,2015,1.3453038674033149,1.1540735482769717,1.041646800381423,0.9476309226932669,0.7547319435997867,0.0,0.0,1.1249999999999998,1.3874345549738218,1.149532710280374,2.272727272727273,0.8451443569553806,1.95,0.8404255319148937,0.8919753086419753
"Goldschmidt, Paul",502671,2016,1.1155913978494623,0.9337215278073188,1.0273759281914197,0.93255620316403,1.1030504836376485,0.0,0.0,0.9870689655172413,1.1625,0.9305555555555556,1.2,0.9539295392953929,1.1956521739130437,0.8390557939914163,0.9216300940438871
"Goldschmidt, Paul",502671,2017,1.2632978723404256,0.9526383659650508,1.0447584774458223,0.9198036006546645,0.9490262643343257,0.0,0.0,1.1223628691983123,1.3743589743589744,0.9865470852017937,2.015151515151515,0.9130434782608696,1.7058823529411764,0.8814655172413792,1.0
"Goldschmidt, Paul",502671,2018,1.2903225806451613,1.2317321736169384,1.025042712739355,0.9276910435497124,0.8002980178243905,0.0,0.0,1.0860655737704918,1.2077294685990339,1.1434977578475336,1.9154929577464792,0.8666666666666667,1.6808510638297873,0.9098712446351931,1.0953947368421055
"Goldschmidt, Paul",502671,2019,1.1376623376623376,1.187723123858858,1.0140625087905992,0.9377628259041211,0.6852288151762108,0.0,0.0,1.052,1.2348837209302326,0.9151785714285714,1.4615384615384617,0.8418079096045197,1.3859649122807018,0.9872611464968154,0.9968847352024922
"Goldschmidt, Paul",502671,2021,1.2289473684210528,1.3627405245611168,1.0432186286215872,0.9181669394435352,0.7121466916758296,0.0,0.0,0.9802371541501976,1.2762312633832975,1.0136363636363637,1.619047619047619,0.7401129943502825,1.2941176470588238,0.9323467230443976,0.9866220735785953
"Goldschmidt, Paul",502671,2022,1.1761517615176151,1.2542407096289847,1.0257325176322964,0.9174836601307189,0.8568422368530711,0.0,0.0,1.0634920634920635,1.2407002188183807,1.0045871559633026,1.4743589743589745,0.840782122905028,1.9069767441860468,0.8742138364779874,1.0
"Goldschmidt, Paul",502671,2023,1.1473684210526316,1.0048263980118088,1.0261719966496343,0.9216171617161716,1.0544163304764915,0.6413793103448276,1.0140606510290338,1.0784313725490198,1.2409381663113006,1.1306306306306306,1.4457831325301203,0.9230769230769232,1.163265306122449,0.9282700421940928,0.996732026143791
"Goldschmidt, Paul",502671,2024,1.1470588235294117,0.9764130581140711,1.028894857038792,0.9168724279835392,1.0843785157714905,0.7551020408163266,1.0217824588932476,1.1,1.3030303030303028,1.0316742081447963,1.35,0.9051724137931035,1.1555555555555557,0.997907949790795,1.0167224080267558
"Goldschmidt, Paul",502671,2025,1.0160427807486632,1.1818896822080827,1.0128357272826096,0.90480065093572,0.9027431811912463,0.7465753424657535,1.0155016204653091,0.8232931726907631,1.0756646216768917,1.1339285714285712,0.8777777777777778,0.8970588235294118,0.5416666666666667,1.006315789473684,0.9379310344827588
"Gomes, Yan",543228,2015,1.0883977900552486,1.5897218749124435,0.9908845305529933,0.8952618453865338,0.6150695373699242,0.0,0.0,1.0624999999999998,0.9476439790575915,1.3037383177570094,1.1636363636363638,0.7716535433070866,1.125,1.1106382978723406,1.0092592592592593
"Gomes, Yan",543228,2017,0.8962765957446809,1.3557416454805367,0.9863897694182998,0.9018003273322422,0.8517149417985217,0.0,0.0,1.1603375527426163,1.0307692307692309,0.7533632286995515,0.8636363636363636,0.9701086956521738,1.1176470588235294,1.1293103448275863,1.118811881188119
"Gomes, Yan",543228,2018,1.1344086021505375,1.4769470348651634,1.0040689309348942,0.8964667214461791,0.6436298199545767,0.0,0.0,1.209016393442623,1.142512077294686,1.2376681614349776,1.1971830985915493,0.6972222222222223,1.2127659574468086,1.1523605150214593,1.1118421052631582
"Gomes, Yan",543228,2019,0.9064935064935065,1.4000491137510918,0.9861088300196149,0.9049621530698064,0.7050940525036847,0.0,0.0,1.024,1.0348837209302326,0.9374999999999999,0.8974358974358976,0.9011299435028249,0.9122807017543859,1.0530785562632698,1.1401869158878504
"Gomes, Yan",543228,2021,1.0657894736842106,1.1112008579550767,1.0090977816540212,0.881342062193126,0.9630535212342849,0.0,0.0,0.8102766798418972,0.9314775160599571,1.2590909090909093,1.0595238095238095,0.8757062146892656,1.019607843137255,1.0782241014799154,1.0668896321070236
"Gomes, Yan",543228,2022,0.888888888888889,0.7938493511634525,0.9633429682116569,0.8782679738562091,1.0379107850182483,0.0,0.0,0.7777777777777779,0.7352297592997812,1.146788990825688,0.43589743589743596,1.1201117318435756,0.7906976744186047,1.136268343815514,1.191693290734824
"Gomes, Yan",543228,2023,0.981578947368421,1.1572120932301035,0.9835491660776083,0.9051155115511551,0.7061052480463622,1.2551724137931035,0.9602992362375405,0.9529411764705883,0.9402985074626866,1.0765765765765765,0.9397590361445782,0.8660968660968662,0.673469387755102,1.1054852320675106,1.2026143790849673
"Gomez, Carlos",460576,2015,0.9972375690607734,1.2063100717361417,0.9965046254459373,0.9285120532003326,0.9308360637730703,0.0,0.0,1.1696428571428572,1.0235602094240837,0.9626168224299065,0.9272727272727272,0.931758530183727,0.8999999999999999,1.1808510638297873,1.012345679012346
"Gomez, Carlos",460576,2016,0.9596774193548386,0.8701979648607933,0.982720827671694,0.9350541215653623,1.3366966315354412,0.0,0.0,1.4439655172413792,0.93,0.9629629629629629,1.0153846153846156,1.0596205962059622,1.0217391304347827,1.128755364806867,1.0438871473354232
"Gomez, Carlos",460576,2017,1.1542553191489362,1.3302386047453874,1.0114832543288557,0.925531914893617,0.7230217500432506,0.0,0.0,1.2742616033755274,1.2102564102564102,0.8923766816143498,1.3484848484848484,0.7282608695652175,1.3529411764705883,1.206896551724138,1.2442244224422443
"Gomez, Carlos",460576,2018,0.8951612903225807,1.5806594765707365,0.9769780561642607,0.9293344289235825,0.742946160645938,0.0,0.0,1.2131147540983607,0.8768115942028986,0.9641255605381166,0.6619718309859155,0.825,0.6595744680851063,1.2381974248927037,1.223684210526316
"Gonzales, Nick",693304,2024,1.0,0.9810468290664123,0.9907066291633079,0.908641975308642,1.1015908731646886,1.1156462585034015,0.9970075337844663,1.0,0.9242424242424241,1.099547511312217,1.0,1.0373563218390807,0.5333333333333333,1.1778242677824269,1.0133779264214047
"Gonzales, Nick",693304,2025,0.8850267379679145,0.678899547510244,0.9953598096417184,0.8942229454841334,1.5504176519074033,0.7602739726027398,0.9912821501060948,0.9919678714859438,0.8895705521472392,0.919642857142857,0.5,1.1088235294117648,0.33333333333333337,1.2063157894736842,0.8724137931034484
"Gonzalez, Adrian",408236,2015,1.143646408839779,1.2762578067450931,1.0047866509974561,0.8969243557772236,0.6697977220265913,0.0,0.0,0.9687499999999999,1.1047120418848166,1.313084112149533,1.5272727272727273,0.821522309711286,1.5,1.0723404255319149,1.154320987654321
"Gonzalez, Adrian",408236,2016,0.9946236559139785,0.8032524331289631,0.9938083957227212,0.8975853455453788,1.055038919887029,0.0,0.0,0.9870689655172413,0.9574999999999999,1.1296296296296295,0.7076923076923076,1.0216802168021681,0.8695652173913044,1.0429184549356223,1.1065830721003134
"Gonzalez, Carlos",471865,2015,1.149171270718232,0.7891674539534435,1.0198846694595651,0.9733998337489609,1.1591663606342715,0.0,0.0,1.3705357142857142,1.1047120418848166,0.9205607476635514,1.9090909090909092,1.0209973753280839,2.35,1.1531914893617021,1.2098765432098766
"Gonzalez, Carlos",471865,2016,1.0860215053763442,0.7456432290198737,1.0168457373820021,0.9825145711906745,1.1141865435442293,0.0,0.0,1.3232758620689653,1.1025,0.9629629629629629,1.323076923076923,1.0758807588075883,1.1956521739130437,1.109442060085837,1.1818181818181819
"Gonzalez, Carlos",471865,2017,0.9122340425531915,0.5059631832840275,0.9984136049969785,0.9582651391162029,1.4307654848086027,0.0,0.0,1.3544303797468356,1.0282051282051283,0.852017937219731,0.8939393939393938,1.2255434782608696,0.7647058823529412,1.0775862068965516,1.1353135313531353
"Gonzalez, Carlos",471865,2018,0.9623655913978494,0.7095463315814465,1.0093784354308017,0.972062448644207,1.2832602454623236,0.0,0.0,1.2008196721311475,1.041062801932367,0.9147982062780268,0.8732394366197184,1.1638888888888888,0.9574468085106382,1.0772532188841202,1.1644736842105263
"Gonzalez, Luis",670768,2022,0.7994579945799458,0.640050585225045,0.9501397917849507,0.8962418300653595,1.0300364013385297,0.0,0.0,0.9246031746031746,0.8402625820568927,0.7935779816513759,0.32051282051282054,1.1564245810055866,0.186046511627907,0.9748427672955976,0.8594249201277956
"Gonzalez, Marwin",503556,2015,0.9419889502762432,0.9922258920364216,1.0010222065610828,0.9002493765586035,1.2718630901403813,0.0,0.0,1.0624999999999998,1.0575916230366493,1.074766355140187,0.6727272727272727,0.9711286089238845,1.0999999999999999,1.074468085106383,1.145061728395062
"Gonzalez, Marwin",503556,2016,0.9543010752688171,0.7720826895900016,1.0041436611426533,0.9175686927560367,1.2267001287615051,0.0,0.0,1.125,1.0574999999999999,0.9212962962962963,0.8461538461538461,1.013550135501355,0.782608695652174,1.0472103004291844,1.2100313479623823
"Gonzalez, Marwin",503556,2017,0.9441489361702127,0.9826883526659053,1.0104927692154853,0.8985270049099836,1.1288321733816167,0.0,0.0,0.860759493670886,1.0743589743589743,0.8654708520179373,1.0151515151515151,0.9728260869565217,1.254901960784314,0.9094827586206895,1.1419141914191417
"Gonzalez, Marwin",503556,2018,1.021505376344086,0.8817293886733074,1.0008610642860023,0.9046836483155299,0.8737269454787435,0.0,0.0,1.0204918032786885,1.1642512077294684,1.0493273542600898,0.9718309859154931,0.9250000000000002,0.9361702127659572,0.9399141630901287,1.1907894736842104
"Gonzalez, Marwin",503556,2019,0.987012987012987,0.8292327849682907,1.0192003102069698,0.9184188393608074,1.3339793855765858,0.0,0.0,0.9519999999999998,1.1674418604651164,1.1205357142857142,0.8205128205128206,1.0536723163841808,0.8070175438596491,1.059447983014862,1.099688473520249
"Gonzalez, Oscar",660757,2022,1.0542005420054201,0.4594582993304687,1.0012510856785213,0.9256535947712418,1.612783499932184,0.0,0.0,1.0595238095238098,1.0590809628008753,0.9678899082568806,0.9358974358974359,1.1312849162011174,0.8837209302325582,1.2410901467505242,1.364217252396166
"Gonzalez, Romy",663853,2025,1.1470588235294117,0.40587661982516143,1.044620859278775,0.9161920260374287,1.5799386856864543,0.5684931506849316,1.0383923964017474,1.180722891566265,1.3026584867075666,1.1473214285714284,1.3555555555555554,1.241176470588235,0.7083333333333335,1.1347368421052633,1.1379310344827587
"Goodman, Hunter",696100,2025,1.1149732620320856,1.291201798083216,1.016621167221161,0.9454841334418226,0.7972401145214897,1.3835616438356166,1.042117174152621,1.285140562248996,1.14519427402863,0.8616071428571428,1.4333333333333333,0.823529411764706,1.6666666666666667,1.1578947368421053,1.217241379310345
"Goodrum, Niko",592348,2018,1.043010752688172,0.8584493141032858,0.9918989242638577,0.9096138044371405,0.9025706577537526,0.0,0.0,1.2172131147540983,0.9806763285024155,0.959641255605381,1.1267605633802817,1.1,1.0851063829787233,1.0600858369098711,0.9967105263157895
"Goodrum, Niko",592348,2019,1.0051948051948052,1.0213060473660729,1.00456393289116,0.9201009251471826,1.0450921301014016,0.0,0.0,1.272,1.0930232558139534,1.1964285714285714,0.8076923076923077,0.9152542372881356,0.7368421052631579,1.021231422505308,1.0311526479750779
"Goodwin, Brian",571718,2019,1.0103896103896104,1.413245343295216,0.9868984393867728,0.9369217830109335,0.6691712738113567,0.0,0.0,1.108,0.8813953488372093,1.1785714285714286,0.8205128205128206,0.807909604519774,1.0701754385964912,0.8917197452229301,0.9501557632398754
"Gordon, Alex",460086,2015,1.0248618784530388,1.40659672752935,1.0002904561775714,0.9210307564422278,0.7291811225925022,0.0,0.0,1.0624999999999998,1.0,0.9953271028037384,0.9454545454545454,0.8057742782152231,1.225,0.902127659574468,0.8333333333333334
"Gordon, Alex",460086,2016,1.1129032258064515,1.2837510482843926,0.9908259142419723,0.8959200666111574,0.6339441824501766,0.0,0.0,1.2672413793103445,1.0325,1.0555555555555556,1.3384615384615384,0.899728997289973,1.2391304347826089,0.9377682403433477,0.9028213166144199
"Gordon, Alex",460086,2017,0.8989361702127661,1.121098971558238,0.9843988366112001,0.8968903436988542,1.1944168118712997,0.0,0.0,0.978902953586498,0.982051282051282,1.1031390134529149,0.6969696969696969,1.002717391304348,0.5098039215686275,1.0172413793103445,0.8877887788778879
"Gordon, Alex",460086,2018,1.032258064516129,0.8581644333461996,0.9991587076316469,0.895645028759244,1.077242813019156,0.0,0.0,0.9795081967213115,1.0966183574879227,1.116591928251121,0.9577464788732396,1.0583333333333333,0.723404255319149,0.9914163090128756,1.0328947368421053
"Gordon, Alex",460086,2019,0.9038961038961039,0.7102785289912708,0.9972105378067543,0.930193439865433,1.0310762325884024,0.0,0.0,0.88,0.9813953488372092,0.9866071428571428,0.6923076923076924,1.1751412429378532,0.4912280701754386,1.0191082802547773,0.8940809968847352
"Gordon, Nick",624503,2022,1.1300813008130082,0.9846401442875548,1.0227004080118458,0.9044117647058824,0.8687419626741046,0.0,0.0,1.1190476190476188,1.0678336980306344,1.1422018348623852,1.2307692307692308,0.9748603351955307,0.6976744186046512,1.2410901467505242,1.038338658146965
"Gorman, Nolan",669357,2023,1.263157894736842,1.7475441705030497,1.0249552611060468,0.9265676567656765,0.5505456627487919,1.0896551724137933,1.0417531692483462,1.392156862745098,1.2835820895522387,1.1486486486486487,2.0,0.6267806267806268,2.122448979591837,1.0316455696202531,0.9738562091503268
"Gorman, Nolan",669357,2024,1.2406417112299466,1.5243281215976232,0.9975943412848608,0.9135802469135802,0.4666945510915276,1.1224489795918369,1.0275792272181627,1.5520000000000003,0.9458874458874459,0.927601809954751,2.0875,0.7873563218390806,1.9555555555555553,1.0648535564853556,0.9732441471571907
"Gorman, Nolan",669357,2025,1.0641711229946524,1.6382508175444137,0.9973548746752563,0.9080553295362083,0.43756511166250345,0.9520547945205481,1.0060657244938078,1.3895582329317269,0.9897750511247444,1.1026785714285714,1.011111111111111,0.6323529411764706,1.3333333333333335,1.0,1.0
"Gose, Anthony",543238,2015,0.9309392265193371,0.5642281077282942,0.9860819397646764,0.9168744804655029,1.6340430381463331,0.0,0.0,1.2142857142857142,0.9109947643979056,0.9392523364485983,0.43636363636363634,1.2073490813648293,0.375,1.04468085106383,0.9691358024691358
"Gosselin, Phil",594838,2021,0.8842105263157896,0.897259118028009,0.9797930012474229,0.9001636661211129,0.9317704732155085,0.0,0.0,0.8339920948616599,0.8650963597430408,0.8045454545454546,0.40476190476190477,1.076271186440678,0.5098039215686275,0.959830866807611,1.1906354515050168
"Grandal, Yasmani",518735,2015,1.0441988950276244,1.0386210961400575,1.024643787657994,0.9567747298420615,1.0085963246288059,0.0,0.0,1.0267857142857142,1.1963350785340314,0.897196261682243,1.6545454545454545,1.0209973753280839,1.5,0.827659574468085,0.9320987654320988
"Grandal, Yasmani",518735,2016,1.153225806451613,1.0119046441039692,1.026899662742388,0.9242298084929226,0.9047408648018432,0.0,0.0,1.211206896551724,1.2,0.8101851851851851,1.9076923076923078,0.9756097560975611,2.130434782608696,0.8412017167381974,0.8996865203761755
"Grandal, Yasmani",518735,2017,0.925531914893617,1.023441124868862,1.0062953743319478,0.8944353518821604,0.9827480097675251,0.0,0.0,1.1729957805907174,1.1307692307692307,0.9955156950672646,1.121212121212121,1.013586956521739,1.392156862745098,1.002155172413793,1.1386138613861385
"Grandal, Yasmani",518735,2018,1.0403225806451613,1.1122143191270393,1.005350266343234,0.9120788824979458,0.8784866045012141,0.0,0.0,1.1188524590163935,1.0265700483091789,0.9730941704035874,1.6619718309859155,0.9305555555555556,1.553191489361702,0.8240343347639485,0.8618421052631581
"Grandal, Yasmani",518735,2019,1.051948051948052,1.0713534727820737,1.0182746979956336,0.9360807401177459,0.9104381599981987,0.0,0.0,1.016,1.0906976744186045,1.0401785714285714,1.4743589743589745,0.9237288135593221,1.3157894736842104,0.8195329087048834,0.9376947040498441
"Grandal, Yasmani",518735,2021,1.1894736842105262,1.0660472634842941,1.0465515596934465,0.9165302782324058,0.9339628743289567,0.0,0.0,0.9881422924901185,1.2783725910064239,0.881818181818182,1.5952380952380951,0.8700564971751413,2.235294117647059,0.6723044397463003,0.9297658862876256
"Grandal, Yasmani",518735,2022,0.8292682926829268,0.9590437332717873,1.016270375488533,0.9003267973856209,1.2509397041590202,0.0,0.0,0.8571428571428572,1.0240700218818382,1.0091743119266054,0.6153846153846154,1.0726256983240223,0.46511627906976744,0.8322851153039834,0.8338658146964857
"Grandal, Yasmani",518735,2023,0.8157894736842105,0.844675285923382,0.9880432827158666,0.9108910891089109,1.0545925364140711,1.1517241379310346,0.9903968411565846,0.9803921568627451,0.8443496801705758,1.0675675675675675,0.5662650602409638,1.0854700854700856,0.5918367346938775,0.9430379746835444,1.0
"Granderson, Curtis",434158,2015,1.1546961325966851,1.6379980447336542,1.0106426904663413,0.9110556940980881,0.47722872260698984,0.0,0.0,0.9285714285714285,1.1910994764397904,1.2616822429906542,1.5090909090909093,0.6351706036745406,1.5,0.8,0.8425925925925927
"Granderson, Curtis",434158,2016,0.9946236559139785,1.563722689742054,0.9897602548721826,0.9084096586178185,0.5896057600180353,0.0,0.0,0.9482758620689654,0.9525,1.0231481481481481,1.0615384615384615,0.7859078590785907,1.5434782608695652,0.7875536480686696,0.9592476489028212
"Granderson, Curtis",434158,2017,1.0398936170212767,1.6538841089831866,1.0021254500396628,0.8936170212765957,0.5844764479143701,0.0,0.0,0.818565400843882,1.241025641025641,0.9058295964125561,1.696969696969697,0.8097826086956521,1.5882352941176472,0.8211206896551724,0.8877887788778879
"Granderson, Curtis",434158,2018,1.1021505376344085,1.3376138301329048,1.0013222958558046,0.8898931799506984,0.577564724136738,0.0,0.0,1.1024590163934427,0.9444444444444445,1.3766816143497758,0.8873239436619719,0.6888888888888889,1.1702127659574468,0.8369098712446351,0.9572368421052632
"Granderson, Curtis",434158,2019,0.9506493506493506,1.4409439273565736,0.9918556707987555,0.8999158957106812,0.6240487591124567,0.0,0.0,0.988,0.8837209302325582,1.03125,0.923076923076923,0.7796610169491526,0.9473684210526316,0.8407643312101912,0.9252336448598131
"Greene, Riley",682985,2022,1.116531165311653,0.25226009439458297,1.0104165989175402,0.9158496732026143,1.6764730394199518,0.0,0.0,1.015873015873016,1.111597374179431,1.0688073394495412,1.1923076923076925,1.2653631284916202,0.4418604651162791,0.9496855345911951,1.0095846645367412
"Greene, Riley",682985,2023,1.2657894736842106,0.519399927561153,1.030054801225856,0.9438943894389439,1.3440348169710068,0.23448275862068968,1.058006064277713,1.1019607843137256,1.115138592750533,1.1441441441441442,1.3734939759036144,1.07977207977208,0.8571428571428571,0.989451476793249,0.9477124183006536
"Greene, Riley",682985,2024,1.200534759358289,0.9064609234106308,1.0304294124707032,0.9382716049382716,0.9961151482086947,0.6258503401360545,1.0473150390952708,1.06,1.1363636363636362,1.1583710407239818,1.6875,0.9856321839080462,1.488888888888889,0.9246861924686194,0.8963210702341138
"Greene, Riley",682985,2025,1.2245989304812834,1.1255713793237774,1.00734096763974,0.93653376729048,0.8816136912468662,0.5821917808219179,1.0506369504977269,1.244979919678715,1.1697341513292434,1.0089285714285714,1.911111111111111,0.9352941176470588,1.875,1.1073684210526316,1.017241379310345
"Gregorius, Didi",544369,2015,0.8480662983425414,0.9358086523757899,0.9654757511280045,0.8911055694098089,1.0367419977943306,0.0,0.0,1.013392857142857,0.7460732984293192,0.9205607476635514,0.29090909090909095,1.0472440944881891,0.5,1.097872340425532,1.1049382716049383
"Gregorius, Didi",544369,2016,0.8064516129032258,1.1967653616313558,0.9659025984050028,0.9059117402164862,0.7954350680135662,0.0,0.0,0.8060344827586206,0.7375,1.0694444444444444,0.44615384615384623,0.9918699186991871,0.8913043478260871,1.1888412017167382,1.15987460815047
"Gregorius, Didi",544369,2017,0.8377659574468085,1.4636783609611455,0.9651161320291525,0.8690671031096563,0.6693519909046529,0.0,0.0,0.9240506329113923,0.6666666666666666,1.0,0.5454545454545453,0.8614130434782609,1.0392156862745099,1.256465517241379,1.1386138613861385
"Gregorius, Didi",544369,2018,0.8682795698924731,1.2467906594599394,0.9787847016508903,0.8989317995069844,0.9069135588464279,0.0,0.0,0.8032786885245903,0.8260869565217392,0.8878923766816144,0.6619718309859155,0.9444444444444444,1.297872340425532,1.1072961373390557,1.157894736842105
"Gregorius, Didi",544369,2019,0.8363636363636364,1.3493777597680645,0.9882399893502146,0.9318755256518082,0.859914399731928,0.0,0.0,0.912,1.0255813953488373,0.8214285714285713,0.7564102564102564,0.9152542372881356,1.0350877192982455,1.1783439490445862,1.1526479750778815
"Gregorius, Didi",544369,2021,0.7763157894736842,1.445196007513146,0.9661605915265188,0.8805237315875613,0.8203307246189337,0.0,0.0,0.984189723320158,0.7623126338329764,0.7863636363636363,0.2738095238095238,0.8870056497175142,0.823529411764706,1.145877378435518,0.9966555183946488
"Grichuk, Randal",545341,2015,1.3232044198895028,1.4616583211487764,1.0441055989681127,0.9310058187863675,0.7154229882039644,0.0,0.0,1.4062499999999998,1.369109947643979,1.1588785046728973,3.0545454545454547,0.8083989501312335,1.975,1.1021276595744682,1.0370370370370372
"Grichuk, Randal",545341,2016,1.163978494623656,1.3802646079324408,1.031888769600864,0.9508742714404663,0.7673118726800443,0.0,0.0,1.3103448275862066,1.3125,0.8194444444444443,1.5076923076923079,0.7723577235772358,1.7173913043478264,1.1566523605150216,1.0689655172413792
"Grichuk, Randal",545341,2017,1.2154255319148937,1.3409644550202844,1.0172858582384,0.9271685761047462,0.7471577334533924,0.0,0.0,1.2236286919831223,1.3102564102564103,1.0089686098654709,2.4393939393939394,0.8451086956521741,1.5490196078431375,1.1012931034482758,0.9801980198019802
"Grichuk, Randal",545341,2018,1.1586021505376345,1.4748917435289364,1.0240051348593984,0.9375513557929334,0.7124824409404793,0.0,0.0,1.278688524590164,1.35024154589372,1.0493273542600898,2.0422535211267605,0.7388888888888889,1.7446808510638299,1.0858369098712446,1.1085526315789476
"Grichuk, Randal",545341,2019,0.9974025974025974,1.2390727072058667,1.005176804174537,0.9470142977291841,0.9492730899190385,0.0,0.0,1.124,1.1046511627906976,0.8392857142857142,1.0897435897435899,0.9293785310734464,1.280701754385965,1.0658174097664546,1.102803738317757
"Grichuk, Randal",545341,2021,0.9263157894736841,1.2728742704105875,1.010745101555051,0.9312602291325696,0.892767878861922,0.0,0.0,0.9169960474308301,1.1648822269807282,0.8181818181818182,1.0119047619047619,0.9717514124293786,1.0784313725490198,1.105708245243129,1.0702341137123745
"Grichuk, Randal",545341,2022,0.9539295392953929,0.6940549786792135,1.0160990668781649,0.9117647058823528,1.2265372604579794,0.0,0.0,0.9801587301587301,1.2100656455142231,0.7110091743119266,0.8717948717948719,1.1899441340782124,1.1627906976744187,1.0607966457023061,1.060702875399361
"Grichuk, Randal",545341,2023,1.0026315789473683,1.0927947202471158,1.007786117124091,0.9249174917491748,1.1672722885871927,0.8275862068965517,1.0487048576997733,1.0470588235294118,1.1791044776119404,1.099099099099099,0.8554216867469878,0.9800569800569802,0.9591836734693877,1.0569620253164558,1.2026143790849673
"Grichuk, Randal",545341,2024,1.088235294117647,1.3044055454677086,1.021157002402432,0.9242798353909465,0.8891903829326222,1.598639455782313,1.0307450524986628,0.816,1.3246753246753245,0.9954751131221719,1.375,0.7844827586206897,1.2666666666666666,0.9895397489539749,1.0468227424749164
"Grichuk, Randal",545341,2025,1.0374331550802138,1.3210453580149448,1.0334044339547361,0.9397884458909682,0.9871542177304052,0.9520547945205481,1.0278304503784206,0.8032128514056225,1.231083844580777,1.013392857142857,1.311111111111111,0.8794117647058823,0.8958333333333334,1.0273684210526315,1.0793103448275863
"Grisham, Trent",663757,2021,0.9052631578947368,0.9315574023253992,0.9865907422710873,0.8952536824877251,1.0517919458160276,0.0,0.0,0.8695652173913043,0.8907922912205567,0.959090909090909,0.6190476190476191,1.0706214689265536,0.8431372549019608,0.8520084566596196,0.6789297658862877
"Grisham, Trent",663757,2022,0.991869918699187,1.0151277370835792,0.9681816965508947,0.9076797385620914,0.9000295964834676,0.0,0.0,1.0833333333333335,0.9956236323851203,0.720183486238532,1.076923076923077,1.047486033519553,1.3255813953488373,0.7924528301886793,0.8434504792332269
"Grisham, Trent",663757,2023,1.013157894736842,1.395193583117117,0.9973898327749898,0.9265676567656765,0.8068056559201516,0.30344827586206896,0.9774022552021996,1.1333333333333333,1.0660980810234542,0.9324324324324325,1.4578313253012047,0.8888888888888891,0.8367346938775511,0.8670886075949367,0.8267973856209151
"Grisham, Trent",663757,2025,1.160427807486631,1.2026758344630946,1.0151570191659935,0.8934092758340113,0.7755024656605023,0.5068493150684932,0.9910558055049197,0.9196787148594379,1.0920245398773007,0.8973214285714286,1.5777777777777777,0.888235294117647,1.9791666666666667,0.8147368421052632,0.7275862068965517
"Grossman, Robbie",543257,2016,1.0295698924731183,1.1623671351076523,0.975016150025958,0.9042464612822648,0.8608421956221088,0.0,0.0,1.0560344827586206,0.795,1.2361111111111112,0.7846153846153846,0.8265582655826559,1.0217391304347827,0.8090128755364807,0.7962382445141065
"Grossman, Robbie",543257,2017,0.9601063829787234,1.0062049868429386,0.9870444669835186,0.8985270049099836,0.9827480097675251,0.0,0.0,0.7426160337552742,0.7615384615384615,1.1390134529147982,0.45454545454545453,0.9673913043478262,0.5882352941176471,0.8254310344827585,0.6798679867986798
"Grossman, Robbie",543257,2018,0.8763440860215054,1.1916826047869096,0.9834312467168872,0.8923582580115036,0.8457655114615583,0.0,0.0,0.6516393442622951,0.7922705314009663,0.937219730941704,0.323943661971831,0.938888888888889,0.3404255319148936,0.8369098712446351,0.7138157894736842
"Grossman, Robbie",543257,2019,0.8987012987012987,0.9500396575178195,0.9870582143516642,0.930193439865433,0.9365233902986362,0.0,0.0,0.612,0.7953488372093024,1.0446428571428572,0.3076923076923077,1.0084745762711864,0.3157894736842105,0.8110403397027602,0.660436137071651
"Grossman, Robbie",543257,2021,0.9763157894736841,1.6481138227492624,0.9864505126553709,0.9075286415711948,0.48220157289428356,0.0,0.0,0.8577075098814229,0.899357601713062,1.1409090909090909,0.9047619047619047,0.6949152542372882,1.1176470588235294,0.8097251585623678,0.7157190635451505
"Grossman, Robbie",543257,2022,0.897018970189702,1.6996725361156904,0.9772879463924584,0.8643790849673202,0.5843475738362812,0.0,0.0,0.9563492063492063,0.8315098468271335,1.2431192660550459,0.4487179487179488,0.6675977653631285,0.5813953488372093,0.8553459119496856,0.7507987220447284
"Grossman, Robbie",543257,2023,0.8815789473684211,1.5952907768482636,0.9924158966787282,0.8993399339933993,0.5906061579592031,1.9034482758620692,0.9442752988758308,0.7921568627450981,0.9147121535181236,1.072072072072072,0.8313253012048193,0.6980056980056981,0.7755102040816325,0.8016877637130801,0.6666666666666666
"Guerrero, Vladimir",665489,2019,0.9558441558441558,0.5163558315919654,1.0069581323525503,1.0,1.4913475466991486,0.0,0.0,0.98,1.0488372093023257,0.9151785714285714,0.9871794871794872,1.2203389830508475,0.7017543859649122,0.9936305732484079,1.071651090342679
"Guerrero, Vladimir",665489,2021,1.2368421052631577,0.738130285083969,1.0709913688273456,0.9607201309328969,1.2660385629792525,0.0,0.0,1.098814229249012,1.30406852248394,1.0363636363636364,1.7976190476190474,0.9745762711864407,1.9019607843137258,1.0021141649048626,0.9264214046822744
"Guerrero, Vladimir",665489,2022,1.0704607046070462,0.34699580697600296,1.049176090184842,0.9673202614379085,1.9662338116653753,0.0,0.0,0.9682539682539683,1.2713347921225382,0.8807339449541284,1.4358974358974361,1.2178770949720672,1.4186046511627908,1.0440251572327044,1.038338658146965
"Guerrero, Vladimir",665489,2023,1.0710526315789473,0.8165972611354039,1.035744173911947,0.9628712871287128,1.3961508756309216,1.7931034482758623,1.0550396951806529,0.9019607843137255,1.1940298507462688,1.0270270270270272,1.3132530120481927,1.0655270655270657,1.0204081632653061,1.0675105485232068,0.9705882352941176
"Guerrero, Vladimir",665489,2024,1.2112299465240641,0.5662752564885765,1.0570344522316182,0.9679012345679012,1.5192594830340154,0.7482993197278912,1.0630760757663726,0.856,1.2748917748917747,1.090497737556561,1.725,1.0833333333333335,1.2666666666666666,1.00418410041841,0.959866220735786
"Guerrero, Vladimir",665489,2025,1.088235294117647,0.5947894848623956,1.030105457043644,0.9796582587469488,1.6570088654760375,1.13013698630137,1.0669035871125532,0.8674698795180724,1.1635991820040898,1.0178571428571428,1.3444444444444443,1.0970588235294116,0.9583333333333333,0.8884210526315789,0.8655172413793105
"Guillorme, Luis",641645,2022,0.8292682926829268,0.3448446460145577,0.9634773645499122,0.9003267973856209,1.8655873761837878,0.0,0.0,0.5317460317460317,0.5842450765864333,1.0412844036697246,0.3076923076923077,1.3463687150837989,0.186046511627907,0.8490566037735849,0.7731629392971245
"Gurriel, Lourdes",666971,2019,1.1116883116883116,1.1094057737180965,1.0179600253770658,0.9217830109335575,0.8303708449999561,0.0,0.0,1.3120000000000003,1.1488372093023256,1.0044642857142856,1.448717948717949,0.9180790960451978,1.526315789473684,1.0764331210191085,1.2242990654205608
"Gurriel, Lourdes",666971,2021,1.0447368421052632,0.8259743140781354,1.0096885460268397,0.9058919803600655,1.0815019370852703,0.0,0.0,0.9604743083003953,0.9892933618843683,1.05,1.1547619047619049,1.0310734463276836,1.019607843137255,1.0739957716701902,1.153846153846154
"Gurriel, Lourdes",666971,2022,0.981029810298103,0.8656094267750318,1.0238170187231452,0.8946078431372548,1.3211336451950706,0.0,0.0,0.8452380952380953,1.0437636761487963,1.1743119266055047,0.48717948717948717,0.9720670391061452,0.3023255813953489,1.018867924528302,0.987220447284345
"Gurriel, Lourdes",666971,2023,0.968421052631579,0.8468435334386205,1.009232509044804,0.8985148514851485,1.1146182459582423,1.3586206896551725,0.9831481067221324,0.7333333333333333,1.0575692963752665,1.099099099099099,1.0120481927710843,1.0370370370370372,1.0816326530612244,1.0358649789029537,0.996732026143791
"Gurriel, Lourdes",666971,2024,0.9973262032085561,1.1782566765628004,0.9964784192125656,0.9102880658436213,0.8229658378622918,1.523809523809524,0.9905165927341212,0.804,0.9913419913419914,1.0,0.8375,0.9109195402298851,0.9555555555555555,1.0669456066945606,1.0869565217391304
"Gurriel, Lourdes",666971,2025,0.9037433155080214,1.2024557109269125,0.9826327243341759,0.8877135882831569,0.8389258721435284,1.4246575342465753,0.9848397683918232,0.8112449799196789,0.948875255623722,1.1294642857142856,0.7777777777777779,0.9500000000000002,0.9166666666666666,1.0989473684210527,1.124137931034483
"Gurriel, Yuli",493329,2017,0.9228723404255319,0.8597020770030029,1.0274465317914916,0.9361702127659575,1.3769899439184508,0.0,0.0,0.7426160337552742,1.2025641025641025,0.9327354260089686,0.5151515151515151,1.0217391304347827,0.7450980392156863,1.0409482758620687,1.118811881188119
"Gurriel, Yuli",493329,2018,0.814516129032258,0.9051542193150355,1.0079183650079848,0.8866064092029581,1.2024074737045822,0.0,0.0,0.639344262295082,0.9758454106280195,0.9506726457399103,0.2676056338028169,1.1,0.5319148936170213,1.0772532188841202,1.2105263157894737
"Gurriel, Yuli",493329,2019,0.8675324675324676,1.097769646197008,1.005403354401498,0.930193439865433,1.120729277728699,0.0,0.0,0.596,0.9906976744186047,1.0044642857142856,0.47435897435897434,0.9237288135593221,1.0701754385964912,1.0552016985138006,1.1214953271028036
"Gurriel, Yuli",493329,2021,0.8552631578947368,1.0554665860683974,1.011577197015857,0.892798690671031,1.0584912575728176,0.0,0.0,0.549407114624506,1.038543897216274,0.9090909090909091,0.40476190476190477,0.9548022598870058,0.627450980392157,0.904862579281184,1.096989966555184
"Gurriel, Yuli",493329,2022,0.7750677506775068,1.1578163157131962,0.9969368761069539,0.8954248366013071,1.0528820362861955,0.0,0.0,0.5674603174603174,0.87527352297593,0.9541284403669725,0.24358974358974358,0.9581005586592181,0.39534883720930236,1.018867924528302,1.1853035143769968
"Gurriel, Yuli",493329,2023,0.744736842105263,1.2909536312787677,0.9965434062402184,0.8902640264026402,1.1209308088398828,0.8206896551724138,0.9919012922047903,0.6274509803921569,0.8464818763326227,0.8243243243243243,0.22891566265060237,0.9658119658119662,0.32653061224489793,0.9873417721518989,1.0718954248366015
"Guyer, Brandon",446386,2015,0.8812154696132597,1.2658949316042167,0.9841357543972433,0.8985868661679135,0.9260647698767498,0.0,0.0,1.0267857142857142,0.856020942408377,0.9953271028037384,0.6000000000000001,1.0314960629921262,0.7250000000000001,1.1170212765957446,0.9475308641975309
"Guyer, Brandon",446386,2016,0.8682795698924731,1.175823825970914,0.9855546138003727,0.8900915903413823,0.7771492043810705,0.0,0.0,0.8448275862068965,0.7775000000000001,1.0092592592592593,0.6461538461538462,0.8780487804878049,0.8260869565217391,1.0686695278969955,0.8495297805642633
"Guzman, Ronald",608597,2018,0.9731182795698925,1.1122523651401315,0.9782865399305343,0.914543960558751,0.9447487293393148,0.0,0.0,1.2295081967213115,0.9710144927536233,1.0134529147982063,0.9014084507042255,1.0222222222222221,1.276595744680851,1.0858369098712446,1.138157894736842
"Gyorko, Jedd",576397,2015,1.0055248618784531,1.265812164332245,1.005261110849749,0.9085619285120532,0.7857810425453475,0.0,0.0,1.1339285714285712,1.0261780104712042,0.8785046728971964,1.1454545454545455,0.9475065616797901,1.25,1.0382978723404255,0.9259259259259259
"Gyorko, Jedd",576397,2016,1.0564516129032258,1.2623551974796527,0.9895233753654666,0.9009159034138219,0.6831683703628945,0.0,0.0,1.1379310344827587,1.04,0.9583333333333333,1.5076923076923079,0.9322493224932249,2.130434782608696,1.0472103004291844,0.8902821316614419
"Gyorko, Jedd",576397,2017,0.9813829787234042,1.275662097572168,0.9872889878910642,0.9050736497545008,0.7713429146431156,0.0,0.0,1.0843881856540085,0.9410256410256411,0.9417040358744394,1.212121212121212,0.9130434782608696,1.156862745098039,1.0344827586206895,1.0132013201320131
"Gyorko, Jedd",576397,2018,0.9166666666666667,1.203092613530347,0.9857109433603738,0.8849630238290879,0.7403044803705648,0.0,0.0,1.0327868852459017,0.8333333333333334,0.937219730941704,1.0704225352112675,0.8888888888888888,0.851063829787234,0.9935622317596567,1.006578947368421
"Haase, Eric",606992,2021,1.1552631578947368,1.2576251556457092,1.0230232638630907,0.9263502454991817,0.7938684431796132,0.0,0.0,1.3715415019762844,1.2526766595289078,0.990909090909091,1.630952380952381,0.8700564971751413,1.843137254901961,1.0169133192389008,1.0535117056856187
"Haase, Eric",606992,2022,1.0704607046070462,1.4072371329783118,0.9919766598419327,0.8978758169934641,0.9390621388260343,0.0,0.0,1.3015873015873018,1.0175054704595186,0.9678899082568806,1.1282051282051282,0.9078212290502794,1.4186046511627908,1.0775681341719079,1.191693290734824
"Hamilton, Billy",571740,2015,0.7624309392265194,0.9076672669329942,0.9327963496836483,0.8661679135494598,0.87457113734705,0.0,0.0,0.8035714285714285,0.2617801047120419,0.8785046728971964,0.10909090909090909,1.0551181102362206,0.3,0.9574468085106383,0.9444444444444444
"Hamilton, Billy",571740,2016,0.7741935483870968,0.8600347679026084,0.9321199300491767,0.8892589508742714,1.3572355747940836,0.0,0.0,0.8362068965517241,0.36,0.7546296296296297,0.04615384615384615,1.1219512195121952,0.1956521739130435,0.9506437768240342,0.8369905956112853
"Hamilton, Billy",571740,2017,0.7925531914893617,0.8483331470140063,0.9163562271156249,0.8486088379705401,1.3063357690812225,0.0,0.0,0.8270042194092828,0.34871794871794876,0.9910313901345292,0.06060606060606061,1.220108695652174,0.1764705882352941,0.9849137931034482,0.9372937293729372
"Hamilton, Billy",571740,2018,0.7876344086021505,1.2039646875422434,0.9068518485098497,0.8373048479868529,0.9761536953558776,0.0,0.0,0.9795081967213115,0.2318840579710145,1.1031390134529149,0.07042253521126761,1.0388888888888888,0.2340425531914893,1.0278969957081545,0.8750000000000001
"Hamilton, Billy",571740,2019,0.7584415584415584,1.1071801913849708,0.9011250908698779,0.840201850294365,0.9482299326773692,0.0,0.0,0.9280000000000002,0.19069767441860466,0.8705357142857142,0.0,1.1016949152542372,0.0,0.9957537154989385,0.8193146417445483
"Hamilton, David",666152,2024,0.9224598930481283,1.1187844942264602,0.9673827284107446,0.8954732510288066,0.8233244286413169,1.2653061224489797,0.9637501752999567,1.036,0.816017316017316,1.2171945701357467,0.7125,0.9626436781609197,0.8444444444444444,0.9497907949790795,0.842809364548495
"Hampson, Garrett",641658,2019,0.8597402597402598,0.9598398238878456,0.9556203397524164,0.9015979814970563,1.1073433454168824,0.0,0.0,0.944,0.6906976744186046,0.6964285714285714,0.48717948717948717,1.1468926553672316,0.6666666666666666,0.8471337579617837,0.7819314641744548
"Hampson, Garrett",641658,2021,0.9368421052631578,1.01736855102241,0.9470727829465694,0.8756137479541735,0.8341371323264052,0.0,0.0,0.9683794466403162,0.6937901498929335,0.9863636363636363,0.6071428571428571,1.0,0.6470588235294119,0.9513742071881607,0.9030100334448161
"Haniger, Mitch",571745,2017,1.0292553191489362,0.9035198723982703,1.0024697576425412,0.9099836333878887,0.9906733969430697,0.0,0.0,0.9620253164556962,1.0025641025641026,1.0717488789237668,0.9393939393939393,1.0054347826086958,1.1372549019607845,0.9073275862068965,0.8976897689768978
"Haniger, Mitch",571745,2018,1.1612903225806452,1.0186827075911842,1.0197780374449712,0.9268693508627773,0.995683008660217,0.0,0.0,0.9590163934426231,1.1231884057971016,1.0717488789237668,1.4647887323943662,0.9472222222222223,1.2340425531914894,0.8969957081545064,0.8815789473684211
"Haniger, Mitch",571745,2021,1.131578947368421,1.1681930656581114,1.0050344819404222,0.9001636661211129,0.9842979451261249,0.0,0.0,1.1778656126482212,1.1284796573875804,0.9409090909090909,1.5,0.9548022598870058,1.6666666666666667,0.985200845665962,1.0802675585284283
"Haniger, Mitch",571745,2024,1.018716577540107,1.0289706335520425,1.0209394728843133,0.9218106995884774,1.0043833793621182,0.4693877551020409,1.0316645610255626,1.2920000000000003,1.1536796536796536,0.9230769230769229,1.125,0.9568965517241381,1.0444444444444445,0.9205020920502093,0.899665551839465
"Hanson, Alen",593700,2018,0.8064516129032258,1.0750417264807708,0.9459236042014877,0.8849630238290879,0.7886598088397757,0.0,0.0,1.1844262295081966,0.6328502415458939,0.8789237668161435,0.5633802816901409,1.1222222222222225,0.7659574468085105,1.1587982832618025,1.0723684210526316
"Happ, Ian",664023,2017,1.2260638297872342,1.099532526162293,1.0115479731670338,0.9345335515548282,0.7846133303789111,0.0,0.0,1.4556962025316456,1.1384615384615384,1.0896860986547086,2.0303030303030303,0.9320652173913045,1.9607843137254903,1.0624999999999998,0.858085808580858
"Happ, Ian",664023,2018,1.2338709677419355,1.107619183362011,1.0164065432155787,0.9079704190632704,0.7601633118406823,0.0,0.0,1.557377049180328,1.065217391304348,0.9506726457399103,1.7183098591549295,0.875,1.446808510638298,0.9227467811158798,0.8157894736842106
"Happ, Ian",664023,2021,1.05,0.7898117909624469,1.004803041943034,0.9173486088379704,1.0027811913847746,0.0,0.0,1.284584980237154,1.025695931477516,0.881818181818182,1.3095238095238095,1.096045197740113,1.5882352941176472,0.9260042283298098,0.9030100334448161
"Happ, Ian",664023,2022,0.994579945799458,0.8730746314942143,1.0119692499116892,0.9305555555555556,1.1305163588193754,0.0,0.0,1.0793650793650795,0.9671772428884027,0.9449541284403669,0.8461538461538463,1.064245810055866,0.9302325581395349,1.0251572327044025,0.878594249201278
"Happ, Ian",664023,2023,1.018421052631579,1.016510425895667,1.0087465689713917,0.929042904290429,0.9705632395475091,0.8137931034482758,1.0068130570061236,0.9921568627450981,1.0063965884861408,1.0540540540540542,1.0602409638554215,0.928774928774929,0.9387755102040815,0.9367088607594937,0.8594771241830066
"Happ, Ian",664023,2024,1.1203208556149733,1.1301439735539096,1.0219956766571447,0.9382716049382716,0.8286288658253843,1.2380952380952381,1.0143803983800597,1.112,1.1753246753246753,1.0,1.4625000000000001,0.8706896551724139,1.3777777777777778,0.9602510460251046,0.8327759197324415
"Happ, Ian",664023,2025,1.0989304812834224,1.2145149055340645,1.007160048914259,0.9113100081366965,0.8709918395450966,1.363013698630137,1.0021593676856553,0.9879518072289157,1.0613496932515338,1.0714285714285714,1.1666666666666667,0.7705882352941177,1.1458333333333335,0.9136842105263158,0.7724137931034485
"Hardy, J.J.",429666,2015,0.7872928176795579,0.8784326352194881,0.9864571420882494,0.8919368246051538,1.360089856695449,0.0,0.0,0.7946428571428571,0.8795811518324607,0.8271028037383178,0.2727272727272727,1.1312335958005248,0.6,0.8425531914893617,1.0092592592592593
"Hardy, J.J.",429666,2016,0.8870967741935485,1.0423116309465024,1.0172059576032968,0.9084096586178185,1.263494190348579,0.0,0.0,0.6551724137931033,1.09,0.949074074074074,0.5846153846153845,1.037940379403794,0.5652173913043479,0.7811158798283261,0.9122257053291535
"Hardy, J.J.",429666,2017,0.8085106382978723,0.7586554547160207,0.9937826520871175,0.8698854337152209,1.0441697603779954,0.0,0.0,0.7848101265822786,0.8512820512820514,0.8071748878923767,0.4393939393939394,1.1005434782608696,0.3921568627450981,0.8469827586206896,0.9240924092409242
"Harper, Bryce",547180,2015,1.3232044198895028,1.2930367137330567,1.0314775422106328,0.9642560266001663,0.7895972779508638,0.0,0.0,1.2053571428571428,1.4712041884816753,1.0700934579439254,2.3636363636363638,0.9160104986876639,2.675,0.9531914893617022,1.0648148148148149
"Harper, Bryce",547180,2016,1.0188172043010753,1.2737948305344022,1.0023846006603117,0.9383846794338052,0.8352218921809746,0.0,0.0,1.0,1.06,0.9398148148148148,1.123076923076923,0.8617886178861789,1.3043478260869565,0.9206008583690987,1.0815047021943573
"Harper, Bryce",547180,2017,1.2287234042553192,1.1570794146197325,1.0394080387434554,0.9517184942716858,0.9221676530010338,0.0,0.0,1.139240506329114,1.2974358974358975,1.1121076233183858,1.7575757575757576,0.9565217391304347,1.7254901960784312,1.0603448275862069,1.174917491749175
"Harper, Bryce",547180,2018,1.260752688172043,1.1183542788543102,1.0261191053754213,0.9457682826622842,0.8240729313240861,0.0,0.0,1.2950819672131149,1.2584541062801933,1.0807174887892375,1.619718309859155,0.8833333333333333,1.8510638297872337,0.9763948497854077,1.0592105263157896
"Harper, Bryce",547180,2019,1.2675324675324675,1.0508157812461394,1.0336872871693439,0.9789739276703112,0.7901916105644744,0.0,0.0,1.364,1.258139534883721,1.075892857142857,1.8974358974358974,0.8559322033898306,1.5438596491228067,1.0297239915074312,1.1246105919003115
"Harper, Bryce",547180,2021,1.3842105263157896,1.0301314342280266,1.0281744259442875,0.9517184942716858,0.9246590296038407,0.0,0.0,1.2727272727272727,1.2483940042826551,1.1863636363636365,2.1309523809523805,0.8615819209039548,1.9215686274509807,1.0,0.9665551839464883
"Harper, Bryce",547180,2022,1.2303523035230353,0.9060488607546768,1.0362553168274757,0.9338235294117646,1.0827221712920523,0.0,0.0,1.1349206349206349,1.1728665207877462,1.3027522935779816,1.6410256410256412,0.9078212290502794,1.4418604651162792,1.1761006289308178,1.1182108626198082
"Harper, Bryce",547180,2023,1.2289473684210528,0.671646241642481,1.02537537210351,0.9546204620462047,1.4664955801709072,0.7310344827586207,1.0585362400532576,1.3098039215686275,1.1321961620469083,1.2297297297297298,1.831325301204819,1.045584045584046,1.2653061224489794,1.0822784810126584,1.258169934640523
"Harper, Bryce",547180,2024,1.141711229946524,1.0436322087959902,1.0264383723366146,0.9366255144032921,0.7939199847612698,0.7142857142857143,1.0312933727074276,1.068,1.1818181818181819,1.1628959276018098,1.3375,0.8362068965517242,1.6222222222222222,1.1046025104602513,1.2006688963210703
"Harper, Bryce",547180,2025,1.1336898395721924,0.8482707653283215,1.019139131985308,0.9259560618388933,0.970772870682931,0.8424657534246576,1.0324031863418408,1.2329317269076305,1.1431492842535789,1.0491071428571428,1.3666666666666667,1.0294117647058822,1.4583333333333335,1.1410526315789473,1.2827586206896555
"Harris II, Michael",671739,2022,1.1571815718157181,0.34011189890505666,1.0093861352180011,0.9215686274509803,1.9031390370966288,0.0,0.0,1.123015873015873,1.1838074398249452,0.8944954128440367,1.2948717948717952,1.3743016759776538,1.4418604651162792,1.0964360587002098,1.2555910543130993
"Harris II, Michael",671739,2023,1.1052631578947367,0.5993087905159776,1.0194371680383856,0.9397689768976898,1.5993457785798884,0.7655172413793104,1.0301429591162434,0.9607843137254902,1.187633262260128,1.0450450450450453,1.216867469879518,1.1367521367521372,0.8979591836734692,1.1139240506329116,1.1960784313725492
"Harris II, Michael",671739,2024,1.1042780748663101,0.5606081888976062,1.0186219321415144,0.9440329218106996,1.5643493342277242,0.8979591836734695,1.053672668148259,1.004,1.2164502164502164,1.0769230769230766,1.2375,1.1752873563218391,0.9555555555555555,1.1548117154811717,1.1705685618729098
"Harris II, Michael",671739,2025,1.0267379679144386,0.5101061221834756,1.0067075728243442,0.9283970707892595,1.3999810876629228,0.8904109589041097,1.0385626633602414,0.9919678714859438,1.0552147239263805,0.8303571428571428,1.0222222222222221,1.2058823529411764,0.8541666666666669,1.1957894736842105,1.3379310344827589
"Harrison, Josh",543281,2015,0.8701657458563536,1.087927311732662,0.9768820477242914,0.8703241895261846,0.8470831096942754,0.0,0.0,0.9107142857142856,0.6832460732984293,1.102803738317757,0.2545454545454546,0.926509186351706,0.27499999999999997,1.1553191489361703,1.0339506172839508
"Harrison, Josh",543281,2016,0.7956989247311828,1.081483473285995,0.9721998843212124,0.8601165695253955,0.7280660967359502,0.0,0.0,0.8706896551724138,0.645,0.9953703703703703,0.3230769230769231,0.9837398373983739,0.2173913043478261,1.167381974248927,0.9843260188087773
"Harrison, Josh",543281,2017,0.8856382978723405,1.3441543097205664,0.9662660110289767,0.8445171849427169,0.6688146177584546,0.0,0.0,0.9282700421940928,0.6923076923076923,1.1345291479820627,0.42424242424242425,0.877717391304348,0.7843137254901962,1.1357758620689655,1.0264026402640265
"Harrison, Josh",543281,2018,0.8333333333333334,1.224104851765241,0.9662512844570252,0.8635990139687756,0.7393685707872898,0.0,0.0,0.9631147540983607,0.6884057971014492,1.0224215246636772,0.5492957746478874,0.9305555555555556,0.5957446808510639,1.184549356223176,1.0526315789473684
"Harrison, Josh",543281,2021,0.9210526315789473,1.1552266640597628,0.9804411360493672,0.8854337152209493,0.7649600684980027,0.0,0.0,0.7430830039525692,0.7708779443254817,1.1727272727272728,0.5238095238095237,0.96045197740113,0.37254901960784315,1.171247357293869,1.0668896321070236
"Harrison, Josh",543281,2022,0.8292682926829268,1.1758536418600913,0.9866098834939704,0.8660130718954248,0.7942967021445335,0.0,0.0,0.8650793650793651,0.7330415754923413,0.8073394495412842,0.48717948717948717,1.0,0.5116279069767441,1.1425576519916145,0.9936102236421726
"Hayes, Ke'Bryan",663647,2021,0.8921052631578947,0.19888384472829254,1.0150735865937306,0.9083469721767594,1.8868757200211097,0.0,0.0,0.8102766798418972,1.132762312633833,0.759090909090909,0.6071428571428571,1.330508474576271,0.4313725490196078,0.9196617336152221,1.0367892976588629
"Hayes, Ke'Bryan",663647,2022,0.9430894308943089,0.45310824739150557,1.0285800676312131,0.9232026143790849,1.5868789186538492,0.0,0.0,0.8214285714285714,1.135667396061269,0.963302752293578,0.5,1.1256983240223466,0.41860465116279066,0.9077568134171908,1.0511182108626198
"Hayes, Ke'Bryan",663647,2023,1.0,1.0263494807729476,1.0346832775616663,0.9331683168316831,1.018354139471184,1.186206896551724,1.0150547827663963,0.8352941176470589,1.095948827292111,1.0270270270270272,0.8915662650602408,0.8888888888888891,0.7755102040816325,0.959915611814346,1.1241830065359477
"Hayes, Ke'Bryan",663647,2024,0.8609625668449198,0.3836921194333062,1.0026552156950337,0.908641975308642,1.9346298520014094,0.44217687074829937,1.016395325503195,0.7239999999999999,0.9718614718614718,1.0361990950226245,0.3,1.2902298850574714,0.3111111111111111,0.9372384937238495,1.0702341137123745
"Hayes, Ke'Bryan",663647,2025,0.8529411764705882,0.6399103935419613,0.9981130967185382,0.8925956061838893,1.6885709391041523,0.8561643835616439,0.9919545187471911,0.8072289156626508,0.9591002044989775,0.9151785714285714,0.5111111111111111,1.1588235294117646,0.25,0.9263157894736842,1.0379310344827586
"Hays, Austin",669720,2021,0.968421052631579,0.9857035532047101,1.0003085690293625,0.9026186579378068,1.0402414083043208,0.0,0.0,0.9802371541501976,0.9614561027837258,0.9545454545454546,1.0952380952380951,1.0536723163841808,1.1372549019607845,0.9767441860465117,1.100334448160535
"Hays, Austin",669720,2022,0.91869918699187,0.9041608475220131,0.9873032819437572,0.8905228758169934,1.2244588696344851,0.0,0.0,0.9365079365079364,0.9693654266958424,0.9220183486238532,0.6410256410256411,1.0782122905027933,0.8837209302325582,1.0670859538784068,1.207667731629393
"Hays, Austin",669720,2023,1.0052631578947369,0.8287759963827679,1.0055092742489666,0.9158415841584158,0.9197285013590223,0.4,1.0024311636866337,1.1137254901960785,0.9616204690831557,0.7972972972972973,1.072289156626506,0.9800569800569802,0.8571428571428571,0.9810126582278481,1.1372549019607843
"Hays, Austin",669720,2025,1.0026737967914439,1.0874448907025598,0.9946830717658957,0.888527257933279,0.9285653545662819,0.9657534246575342,0.999546697335137,1.2730923694779117,0.8936605316973416,0.9508928571428571,1.1666666666666667,0.9882352941176471,1.1250000000000002,1.0947368421052632,1.1724137931034484
"Headley, Chase",452104,2015,1.0331491712707184,1.0674395809136936,0.9820530467361408,0.913549459684123,0.9609982901929183,0.0,0.0,0.9508928571428571,0.9083769633507852,1.1355140186915889,0.9272727272727272,0.9711286089238845,0.6,0.9106382978723404,0.851851851851852
"Headley, Chase",452104,2016,0.9462365591397849,0.9982995376656213,0.9826368384571825,0.9075770191507078,0.9561886413397473,0.0,0.0,1.0732758620689653,0.8825,1.0833333333333333,0.9076923076923076,1.056910569105691,0.8695652173913044,0.9463519313304721,0.8808777429467084
"Headley, Chase",452104,2017,0.9601063829787234,0.9519558335840335,0.993026939061284,0.8829787234042553,0.9661848410635779,0.0,0.0,1.0970464135021096,0.9333333333333333,1.1345291479820627,0.712121212121212,0.9972826086956523,0.607843137254902,0.9568965517241378,0.9306930693069305
"Healy, Ryon",592387,2016,1.174731182795699,1.1378894563921125,1.0004393370354847,0.929225645295587,0.922217055865537,0.0,0.0,0.9525862068965517,1.1175000000000002,1.2037037037037037,1.4,0.872628726287263,1.2608695652173916,0.9549356223175965,1.184952978056426
"Healy, Ryon",592387,2017,1.0425531914893618,1.0492649185541756,1.0080935430940046,0.9222585924713584,0.9979451439391878,0.0,0.0,1.1265822784810129,1.1025641025641026,1.0269058295964126,1.1515151515151514,0.9592391304347826,1.1372549019607845,1.0215517241379308,1.2112211221122113
"Healy, Ryon",592387,2018,1.0456989247311828,0.969273926099439,1.0103001178893827,0.9202958093672966,1.1374239757576563,0.0,0.0,1.040983606557377,1.103864734299517,0.7982062780269058,1.0,1.0,1.3404255319148934,1.01931330472103,1.230263157894737
"Hechavarria, Adeiny",588751,2015,0.8729281767955801,0.6673803614812299,0.9886650804631189,0.8902743142144638,1.3080197331711279,0.0,0.0,0.8437499999999999,0.8691099476439791,1.0420560747663552,0.18181818181818182,1.188976377952756,0.325,1.1170212765957446,0.9691358024691358
"Hechavarria, Adeiny",588751,2016,0.8548387096774194,0.6751082807474593,0.9936449475848905,0.8884263114071608,1.3114392823930565,0.0,0.0,0.6982758620689654,0.8099999999999999,0.9953703703703703,0.1692307692307692,1.1273712737127373,0.1521739130434783,1.0815450643776823,1.0219435736677116
"Hechavarria, Adeiny",588751,2017,0.952127659574468,0.8094547422994532,1.0034238154957655,0.8895253682487725,1.400938652221791,0.0,0.0,1.0379746835443038,0.9230769230769231,0.9506726457399103,0.45454545454545453,0.9972826086956523,0.5882352941176471,1.2413793103448274,1.1815181518151814
"Hechavarria, Adeiny",588751,2018,0.8467741935483871,1.0800135571372582,0.9841293319592801,0.8701725554642564,0.8765095153688033,0.0,0.0,0.8811475409836066,0.8647342995169082,0.9955156950672646,0.35211267605633806,0.9722222222222222,0.5319148936170213,1.1931330472103006,1.1250000000000002
"Hedges, Austin",595978,2017,0.8829787234042553,1.4638196085713708,1.0026020681529622,0.8911620294599019,0.7817313714059858,0.0,0.0,1.350210970464135,1.0974358974358973,0.7623318385650224,1.0303030303030303,0.8016304347826088,1.196078431372549,1.1422413793103448,1.145214521452145
"Hedges, Austin",595978,2018,0.89247311827957,1.2670824909261817,0.9672044981877168,0.8890714872637634,0.7296719337933582,0.0,0.0,1.1475409836065575,0.8792270531400966,0.8385650224215246,0.9154929577464789,0.8694444444444445,1.3829787234042552,1.053648068669528,1.118421052631579
"Hedges, Austin",595978,2019,0.890909090909091,1.6723179419180276,0.9753815317565037,0.9142136248948696,0.7057057150953167,0.0,0.0,1.352,0.9511627906976744,0.9017857142857143,1.076923076923077,0.7796610169491526,0.9473684210526316,1.0828025477707008,1.1401869158878504
"Hedges, Austin",595978,2021,0.7789473684210526,1.481023328547206,0.9526073000278457,0.9001636661211129,0.6843693475686321,0.0,0.0,1.1897233201581026,0.8051391862955032,0.7863636363636363,0.47619047619047616,0.9519774011299437,0.9803921568627452,1.1289640591966175,1.0668896321070236
"Hedges, Austin",595978,2022,0.7127371273712737,1.3384106003153764,0.9454447079849778,0.8749999999999999,0.8731630413645582,0.0,0.0,1.1111111111111114,0.6192560175054703,0.8577981651376146,0.4102564102564103,1.0335195530726258,0.744186046511628,0.9790356394129981,1.0
"Heim, Jonah",641680,2021,0.8815789473684211,1.2181573608277796,0.9801813250387252,0.8919803600654664,0.9372058009759322,0.0,0.0,0.8577075098814229,0.9678800856531049,0.9318181818181818,0.7380952380952381,0.9406779661016951,0.9411764705882353,1.0570824524312896,0.9665551839464883
"Heim, Jonah",641680,2022,0.8644986449864499,1.3916238195035688,1.0067783341991299,0.9183006535947712,0.8232680104294405,0.0,0.0,0.8531746031746033,1.1378555798687089,0.8577981651376146,0.8846153846153847,0.9217877094972068,1.1627906976744187,1.0628930817610065,0.9488817891373802
"Heim, Jonah",641680,2023,0.9763157894736841,1.3508761690114062,1.0031067376729077,0.9100660066006601,0.7299762841534062,0.7172413793103448,0.9619678038611184,0.8823529411764706,0.9957356076759063,0.954954954954955,0.9638554216867469,0.797720797720798,1.0,1.0949367088607596,0.9607843137254902
"Heim, Jonah",641680,2024,0.8475935828877006,1.100991183988439,0.9968617238116291,0.9037037037037037,1.0647813136792346,0.7414965986394558,0.9830332306739518,0.828,0.9480519480519479,0.927601809954751,0.7374999999999999,1.0086206896551724,0.7777777777777779,1.1359832635983265,0.9832775919732442
"Heim, Jonah",641680,2025,0.8315508021390374,1.038436332319361,0.9845292015439124,0.8917819365337672,1.0374965418971585,0.678082191780822,0.9631454598474447,0.9759036144578314,0.8507157464212679,0.8482142857142856,0.6777777777777777,1.0147058823529411,0.7291666666666667,1.0442105263157895,1.0
"Henderson, Gunnar",683002,2023,1.1342105263157893,0.8905919286484192,1.0342927083709632,0.9389438943894389,1.0437204484098024,0.6758620689655173,1.0598293465466233,1.035294117647059,1.2430703624733475,0.981981981981982,1.3493975903614457,1.0398860398860401,1.4081632653061225,0.9873417721518989,0.9183006535947713
"Henderson, Gunnar",683002,2024,1.1871657754010696,0.7023442330391009,1.046360052986527,0.9308641975308641,1.3385297304054335,0.6938775510204082,1.0737155162396557,0.976,1.3073593073593073,1.0769230769230766,1.4000000000000001,1.0574712643678161,1.7333333333333334,0.9246861924686194,0.9030100334448161
"Henderson, Gunnar",683002,2025,1.0561497326203209,0.7040078805898725,1.0315183058301851,0.9267697314890154,1.6938312847088384,0.6712328767123288,1.0552821602819165,1.0080321285140563,1.1738241308793456,1.0,0.9333333333333333,1.0941176470588236,0.75,0.9978947368421053,1.010344827586207
"Heredia, Guillermo",628338,2017,0.7712765957446808,0.8309904357042438,0.9602748230486841,0.8821603927986906,1.1539844054088364,0.0,0.0,0.6286919831223629,0.6512820512820513,0.8878923766816144,0.22727272727272727,1.1766304347826086,0.37254901960784315,0.9525862068965517,0.8217821782178217
"Heredia, Guillermo",628338,2018,0.8494623655913979,0.8951819564434534,0.9704841981031477,0.8685291700903862,1.1935521214137679,0.0,0.0,0.7090163934426229,0.7294685990338164,0.9820627802690582,0.4084507042253522,1.0916666666666668,0.44680851063829785,0.9012875536480687,0.7006578947368421
"Heredia, Guillermo",628338,2021,0.8578947368421053,0.9991477412795768,0.9716948073412056,0.897708674304419,1.1850499948913067,0.0,0.0,1.0909090909090908,0.9293361884368307,0.9681818181818183,0.48809523809523814,1.036723163841808,0.45098039215686275,1.0380549682875264,0.8729096989966556
"Hernandez, Cesar",514917,2015,0.8895027624309393,0.45304179434544617,0.9639942414920342,0.8911055694098089,1.71420499955909,0.0,0.0,0.9866071428571428,0.7617801047120417,0.9065420560747666,0.21818181818181817,1.2467191601049867,0.075,0.9872340425531916,0.8981481481481481
"Hernandez, Cesar",514917,2016,0.9166666666666667,0.403291901594635,0.9780186959118788,0.8867610324729392,1.9960463775682231,0.0,0.0,0.8793103448275861,0.7575000000000001,0.9814814814814814,0.2769230769230769,1.2764227642276422,0.3043478260869566,0.9592274678111589,0.8369905956112853
"Hernandez, Cesar",514917,2017,0.9574468085106382,0.37099968894896274,0.9763348719501157,0.8821603927986906,1.4610187078543873,0.0,0.0,0.8860759493670887,0.8256410256410257,0.9820627802690582,0.4393939393939394,1.2880434782608696,0.4313725490196078,0.8749999999999999,0.8151815181518152
"Hernandez, Cesar",514917,2018,0.9301075268817204,0.8866446502753134,0.968693349539137,0.8989317995069844,1.0873945849154485,0.0,0.0,0.8360655737704918,0.748792270531401,0.9147982062780268,0.591549295774648,1.0666666666666667,0.7021276595744681,0.8111587982832618,0.7763157894736842
"Hernandez, Cesar",514917,2019,0.8441558441558442,0.7336772730353978,0.9674111898451364,0.911690496215307,1.4500423369121282,0.0,0.0,0.688,0.7116279069767442,0.8928571428571428,0.3461538461538462,1.248587570621469,0.4736842105263158,0.9702760084925692,0.9345794392523364
"Hernandez, Cesar",514917,2021,0.9289473684210525,0.7643159933869551,0.9724847335628264,0.9018003273322422,1.0437899901065286,0.0,0.0,0.8814229249011858,0.8479657387580299,0.9045454545454547,0.8214285714285714,1.189265536723164,0.9411764705882353,0.985200845665962,0.9197324414715721
"Hernandez, Cesar",514917,2022,0.8780487804878049,0.6606468162131058,0.9415472468361971,0.9052287581699345,1.2891418385989095,0.0,0.0,0.8293650793650793,0.737417943107221,1.073394495412844,0.32051282051282054,1.1480446927374302,0.04651162790697675,0.9853249475890986,0.8498402555910544
"Hernandez, Enrique",571771,2017,0.9122340425531915,1.1271168749602571,1.0108130209017172,0.9124386252045826,1.0361582276896733,0.0,0.0,1.0843881856540085,1.0743589743589743,1.0134529147982063,1.121212121212121,0.9402173913043478,1.0,1.0107758620689653,0.8877887788778879
"Hernandez, Enrique",571771,2018,0.9758064516129032,1.3196728835406115,1.0059620881448257,0.9071487263763353,0.8539706992593197,0.0,0.0,0.8852459016393444,1.0458937198067633,0.8654708520179373,1.0563380281690142,0.8055555555555555,1.3191489361702127,0.9313304721030042,0.8980263157894738
"Hernandez, Enrique",571771,2019,0.9038961038961039,1.4965598182783837,0.9944528230463133,0.952901597981497,0.8779906784049716,0.0,0.0,1.068,1.0348837209302326,1.0491071428571428,0.7179487179487181,0.8418079096045197,0.8771929824561403,1.0,0.9657320872274143
"Hernandez, Enrique",571771,2021,1.0052631578947369,1.4168922808926143,1.0223806823694523,0.9108019639934533,0.7553311401126417,0.0,0.0,0.9328063241106719,1.0578158458244111,1.05,1.0,0.7372881355932204,0.9803921568627452,0.9450317124735731,0.9832775919732442
"Hernandez, Enrique",571771,2022,0.8672086720867209,1.3755727416304233,0.9916032844076205,0.9174836601307189,1.0393456847210387,0.0,0.0,0.9841269841269842,0.9409190371991246,0.9220183486238532,0.7435897435897437,0.8770949720670391,0.46511627906976744,0.9979035639412998,0.9680511182108626
"Hernandez, Enrique",571771,2023,0.7999999999999999,1.3388246849275205,0.9880416254593344,0.900990099009901,0.8907705105148994,1.1172413793103448,1.0130214356286704,0.9294117647058823,0.8208955223880597,0.9594594594594595,0.5542168674698794,0.9202279202279205,0.6122448979591836,0.989451476793249,0.9901960784313727
"Hernandez, Enrique",571771,2024,0.877005347593583,1.2965989533740996,1.0056478679249978,0.9275720164609054,0.8509359186262391,0.9387755102040818,1.0023888950382194,0.924,1.0151515151515151,1.0135746606334841,0.6125,0.9454022988505747,0.9333333333333333,1.0209205020920502,0.8494983277591973
"Hernandez, Gorkys",491676,2017,0.851063829787234,0.7901257949168967,0.9701948469939929,0.8911620294599019,1.1918433309946581,0.0,0.0,1.0928270042194095,0.7333333333333333,1.0358744394618835,0.25757575757575757,1.1195652173913042,0.0,1.0107758620689653,0.900990099009901
"Hernandez, Gorkys",491676,2018,1.0053763440860215,0.9589009862453888,0.9765496324489049,0.8915365653245686,1.2569265703383925,0.0,0.0,1.2418032786885247,0.9420289855072465,0.8385650224215246,1.0563380281690142,1.1305555555555555,1.0425531914893618,1.0729613733905579,0.9572368421052632
"Hernandez, Teoscar",606192,2018,1.2634408602150538,1.3317018168149621,1.0373496457058646,0.9219391947411668,0.6978310106307004,0.0,0.0,1.5778688524590165,1.1690821256038648,1.0224215246636772,2.183098591549296,0.825,1.4893617021276597,1.0643776824034334,0.9638157894736842
"Hernandez, Teoscar",606192,2019,1.1116883116883116,1.1958636442612576,1.0257642925408514,0.9428090832632463,0.7361614149703222,0.0,0.0,1.388,1.0186046511627906,0.8437499999999999,1.5000000000000002,0.884180790960452,1.719298245614035,1.0021231422505308,0.8816199376947039
"Hernandez, Teoscar",606192,2021,1.2289473684210528,1.0350695277783215,1.0324124462212223,0.9468085106382979,0.9434378600105549,0.0,0.0,1.2608695652173914,1.139186295503212,1.1818181818181819,1.6666666666666667,0.8418079096045197,1.5686274509803924,1.0951374207188163,1.0535117056856187
"Hernandez, Teoscar",606192,2022,1.2953929539295392,0.9268555255812138,1.04576773486067,0.93218954248366,1.1316193016084675,0.0,0.0,1.3928571428571426,1.299781181619256,1.110091743119266,1.9230769230769231,0.9581005586592181,1.6744186046511627,1.0230607966457024,1.035143769968051
"Hernandez, Teoscar",606192,2023,1.2105263157894737,0.9577405936018186,1.0264956337878015,0.929042904290429,1.1760024781176432,0.4206896551724138,1.0346589054029807,1.4039215686274509,1.1727078891257998,1.072072072072072,1.6385542168674698,0.9031339031339033,1.2244897959183672,1.1329113924050633,1.1013071895424837
"Hernandez, Teoscar",606192,2024,1.2272727272727273,0.7680402089167641,1.0216229374968262,0.9390946502057612,1.0787307110018474,1.054421768707483,1.0270439227152692,1.36,1.1363636363636362,0.9547511312217193,1.8624999999999998,1.0517241379310347,1.8222222222222224,1.0711297071129708,0.959866220735786
"Hernandez, Teoscar",606192,2025,1.088235294117647,0.7319926313549622,1.0101373617218867,0.9153783563873067,1.0407178488428446,0.8904109589041097,1.0180627843228889,1.281124497991968,1.0204498977505112,0.9151785714285714,1.2777777777777777,1.1264705882352941,1.3750000000000002,1.0610526315789472,0.9620689655172415
"Hernandez, Yadiel",628450,2021,0.95,0.4066786142804254,1.0066926915752508,0.867430441898527,1.3712273109466047,0.0,0.0,1.1146245059288535,0.9614561027837258,1.009090909090909,0.6904761904761906,1.2429378531073447,0.8431372549019608,1.0359408033826638,0.9665551839464883
"Hernandez, Yadiel",628450,2022,1.037940379403794,0.30051043293428126,1.003512887526639,0.8823529411764706,1.2783106925577132,0.0,0.0,1.1746031746031746,0.9759299781181618,1.0412844036697246,1.1025641025641026,1.0670391061452515,0.9069767441860466,1.0775681341719079,1.0063897763578276
"Herrera, Ivan",671056,2025,1.1016042780748663,0.7535866585817877,1.0215785703721845,0.919446704637917,1.4922769899608759,0.7739726027397261,1.031810581511303,0.9357429718875503,1.1676891615541922,0.9732142857142857,1.2222222222222223,1.1088235294117648,1.2916666666666667,0.9473684210526315,0.9448275862068968
"Herrera, Odubel",546318,2015,0.9834254143646408,0.6363680454319062,1.0020479801637592,0.941812136325852,1.5164521459366085,0.0,0.0,1.1428571428571428,0.9947643979057591,1.1728971962616823,0.6000000000000001,1.0603674540682415,0.5499999999999999,1.048936170212766,1.1728395061728396
"Herrera, Odubel",546318,2016,0.8870967741935485,0.8439411616421975,0.9843108870768287,0.9450457951706911,1.0249136041936495,0.0,0.0,1.0301724137931032,0.8975,0.9027777777777777,0.6461538461538462,1.1111111111111112,0.7173913043478262,1.0472103004291844,1.2852664576802506
"Herrera, Odubel",546318,2017,1.0,0.8003590219814863,0.9965867863787298,0.9378068739770867,1.2284350122094063,0.0,0.0,1.1223628691983123,0.9641025641025641,1.116591928251121,0.9393939393939393,1.0217391304347827,0.6862745098039217,1.146551724137931,1.2805280528052807
"Herrera, Odubel",546318,2018,0.8790322580645161,1.0179617949229354,0.9827151043331903,0.942481511914544,1.12042775726997,0.0,0.0,1.1393442622950822,0.8792270531400966,0.8609865470852017,0.6901408450704226,1.1222222222222225,1.0851063829787233,1.1180257510729614,1.292763157894737
"Herrera, Odubel",546318,2021,0.868421052631579,0.5148960364297391,0.9891293540414535,0.9247135842880524,1.7641520959546961,0.0,0.0,0.7944664031620554,1.0364025695931476,1.0363636363636364,0.5714285714285714,1.2542372881355932,0.6666666666666667,1.0570824524312896,1.1270903010033446
"Herrera, Rosell",594011,2018,0.8521505376344086,0.18690221652349256,0.986353793266028,0.9202958093672966,1.7467582484849722,0.0,0.0,0.918032786885246,0.8454106280193237,0.8654708520179373,0.30985915492957744,1.3944444444444446,0.0851063829787234,0.9763948497854077,0.8388157894736843
"Heyward, Jason",518792,2015,0.9281767955801106,0.41123440440103315,1.008920130878634,0.9243557772236077,2.0325350536666478,0.0,0.0,0.7232142857142856,1.0026178010471203,0.7429906542056075,0.5090909090909091,1.288713910761155,0.7000000000000001,0.876595744680851,0.9783950617283951
"Heyward, Jason",518792,2016,0.8413978494623656,0.9035755083798045,0.9790596220135445,0.922564529558701,1.3677825997106838,0.0,0.0,0.7370689655172413,0.8949999999999999,0.9907407407407406,0.46153846153846156,1.1246612466124661,0.3478260869565218,0.8862660944206008,0.9184952978056424
"Heyward, Jason",518792,2017,0.8909574468085107,0.926133491665442,0.9898372034883882,0.9222585924713584,1.4902326377622306,0.0,0.0,0.7004219409282701,0.9487179487179487,0.9103139013452914,0.6212121212121212,1.2065217391304348,0.5882352941176471,0.9978448275862069,0.9537953795379537
"Heyward, Jason",518792,2018,0.8790322580645161,0.7569356291894652,0.9977286743192662,0.9096138044371405,1.4993959692877539,0.0,0.0,0.6967213114754098,1.1062801932367152,0.9282511210762331,0.4084507042253522,1.1555555555555557,0.44680851063829785,0.9742489270386265,1.0756578947368423
"Heyward, Jason",518792,2019,0.9064935064935065,0.8758033489702647,1.0001819213369023,0.9402859545836837,1.2480010357327809,0.0,0.0,0.9,1.016279069767442,0.9642857142857143,0.7307692307692308,1.0875706214689267,0.8771929824561403,0.9639065817409768,1.0311526479750779
"Heyward, Jason",518792,2021,0.8578947368421053,0.5949909754299207,0.9935034070791205,0.9435351882160392,1.7137477503559906,0.0,0.0,0.9407114624505928,1.0578158458244111,0.8181818181818182,0.5595238095238095,1.2740112994350283,0.607843137254902,0.9534883720930234,1.1070234113712376
"Heyward, Jason",518792,2023,0.9052631578947368,1.2187536906334937,0.9863558574126122,0.9298679867986799,1.100028496032818,1.6827586206896552,1.0425127102410081,0.8156862745098039,1.0277185501066097,1.0540540540540542,0.9638554216867469,0.9772079772079775,1.1224489795918366,0.989451476793249,0.996732026143791
"Hicks, Aaron",543305,2015,1.0055248618784531,1.0721898932190306,1.0053970945187691,0.8960931005818786,0.839881188518737,0.0,0.0,0.9151785714285714,1.0366492146596857,0.9906542056074766,0.5636363636363636,0.8845144356955381,0.95,0.9531914893617022,0.7901234567901235
"Hicks, Aaron",543305,2016,0.8602150537634409,0.8945223966499474,1.0029252663496715,0.8959200666111574,1.0824578203879196,0.0,0.0,1.064655172413793,0.9825000000000002,0.8287037037037036,0.7076923076923076,1.0758807588075883,0.673913043478261,0.9742489270386265,0.8401253918495297
"Hicks, Aaron",543305,2017,0.9787234042553191,0.9453415269113816,0.9880616164851105,0.8944353518821604,0.8911359071620778,0.0,0.0,1.1265822784810129,1.0076923076923079,0.937219730941704,1.1363636363636362,1.035326086956522,1.2352941176470589,0.8426724137931034,0.9207920792079208
"Hicks, Aaron",543305,2018,1.0860215053763442,1.0551290760946046,1.0128784598307408,0.9038619556285948,0.9270544387563711,0.0,0.0,0.9590163934426231,1.210144927536232,0.9461883408071747,1.2394366197183098,0.9555555555555555,1.531914893617021,0.851931330472103,0.799342105263158
"Hicks, Aaron",543305,2022,0.894308943089431,1.1296723913907953,0.9879182091470546,0.8954248366013071,1.1365918911321706,0.0,0.0,1.0317460317460319,0.8993435448577679,0.8027522935779816,0.7051282051282052,0.9357541899441342,0.5813953488372093,0.8553459119496856,0.8115015974440893
"Hicks, Aaron",543305,2023,0.7763157894736842,0.9598789741621531,0.9541303300200967,0.8803630363036303,1.4477460817353185,0.7655172413793104,0.9342306686902375,1.011764705882353,0.7313432835820897,0.7162162162162162,0.48192771084337344,1.076923076923077,0.8163265306122448,0.8481012658227849,0.8660130718954249
"Hicks, John",543308,2018,0.9569892473118279,1.1645289432242139,0.9933780787335791,0.913722267871816,0.9626578791650514,0.0,0.0,1.3934426229508197,0.9106280193236715,0.8565022421524664,0.8309859154929577,1.0472222222222223,0.9361702127659572,1.2167381974248925,1.1348684210526316
"Hicks, John",543308,2019,0.9064935064935065,1.228472720096504,0.9835741209904703,0.9461732548359966,1.0895066145661692,0.0,0.0,1.428,0.8162790697674417,0.8482142857142856,0.8461538461538463,1.0169491525423728,1.087719298245614,1.3163481953290872,1.1931464174454827
"Hicks, Liam",689414,2025,0.8181818181818181,0.7789094865157051,0.9435826657905836,0.8828315703824247,0.9975028493661718,0.6986301369863014,0.9242847549679588,0.6144578313253012,0.6666666666666667,1.0982142857142856,0.3666666666666667,1.1500000000000001,0.375,0.7873684210526315,0.7517241379310347
"Higashioka, Kyle",543309,2025,0.9251336898395721,1.290664781020929,0.9910583276677953,0.8852725793327908,0.7456539894642169,1.589041095890411,0.9901342857333437,0.887550200803213,1.0265848670756648,1.1696428571428572,0.9222222222222223,0.8735294117647059,1.0,0.9494736842105264,1.0206896551724138
"Hill, Aaron",431094,2015,0.856353591160221,1.1015468749341624,1.00007999170491,0.8736492103075644,0.7966614960219971,0.0,0.0,0.7455357142857142,0.8926701570680629,1.0841121495327104,0.39999999999999997,0.9343832020997376,0.5499999999999999,0.9276595744680851,0.8487654320987655
"Hill, Aaron",431094,2016,0.8548387096774194,1.3491905168180551,0.978546881409129,0.8751040799333888,0.7303329872496807,0.0,0.0,0.7241379310344827,0.7324999999999999,1.0694444444444444,0.1846153846153846,0.8536585365853658,0.673913043478261,0.9120171673819742,0.80564263322884
"Hiura, Keston",669374,2019,1.2597402597402596,1.267460988695276,1.0292437782832635,0.945332211942809,0.8003222722383778,0.0,0.0,1.452,1.2674418604651165,1.0714285714285714,1.7948717948717952,0.8333333333333334,1.5789473684210527,1.091295116772824,1.0124610591900312
"Hoerner, Nico",663538,2022,0.8699186991869919,0.8315666650854088,0.982881815497034,0.8962418300653595,1.1084575030375339,0.0,0.0,0.5674603174603174,0.811816192560175,0.9495412844036697,0.33333333333333337,1.1312849162011174,0.5581395348837209,1.029350104821803,1.1182108626198082
"Hoerner, Nico",663538,2023,0.8315789473684211,0.8416415108575375,0.9731610950982806,0.900990099009901,1.2216945005520847,1.193103448275862,0.9580308771704462,0.4941176470588235,0.8123667377398721,0.9864864864864864,0.22891566265060237,1.2193732193732194,0.3469387755102041,0.9578059071729957,1.0718954248366015
"Hoerner, Nico",663538,2024,0.8502673796791445,0.7769046191975928,0.9665739889133308,0.9061728395061728,1.2262598169004706,1.251700680272109,0.9553195570017432,0.468,0.6428571428571428,1.099547511312217,0.15,1.135057471264368,0.2888888888888889,1.00836820083682,1.0635451505016724
"Hoerner, Nico",663538,2025,0.8529411764705882,0.9302435719877676,0.971098853537596,0.8795768917819364,1.1176179587455566,1.1369863013698631,0.9581951264186161,0.45381526104417674,0.7014314928425359,0.9821428571428571,0.26666666666666666,1.1205882352941177,0.27083333333333337,1.0252631578947367,1.0862068965517242
"Holliday, Jackson",702616,2025,0.9652406417112299,0.6402568423702238,0.9925542819552857,0.8917819365337672,1.2657706611275286,0.45890410958904115,0.9828691420259003,0.9839357429718876,0.9038854805725972,0.9598214285714285,0.8777777777777778,1.161764705882353,0.8125,0.985263157894737,0.7551724137931035
"Holliday, Matt",407812,2016,1.0349462365591398,0.7264671008964887,1.0502827904242307,0.9616985845129059,1.3425922461893667,0.0,0.0,0.8965517241379309,1.2825000000000002,0.8749999999999999,1.2307692307692308,1.0867208672086721,1.3913043478260871,1.03862660944206,1.0721003134796239
"Holliday, Matt",407812,2017,1.0877659574468084,0.9796645329670305,1.0265949333262325,0.9492635024549918,1.2382624923070815,0.0,0.0,1.219409282700422,1.1846153846153846,0.9506726457399103,1.5454545454545452,1.0407608695652173,1.4117647058823528,0.9547413793103446,1.0297029702970297
"Holt, Brock",571788,2015,0.8839779005524863,0.7212006230533121,0.9795622706140024,0.8911055694098089,1.549064020042772,0.0,0.0,0.6830357142857142,0.6937172774869109,1.1448598130841123,0.10909090909090909,1.1994750656167978,0.15,0.8595744680851065,0.9475308641975309
"Holt, Brock",571788,2016,0.8817204301075269,0.5208103058429782,0.9705750786651407,0.8751040799333888,2.2623676838648943,0.0,0.0,0.48275862068965514,0.735,1.1435185185185184,0.4,1.2682926829268295,0.6521739130434783,0.8218884120171673,0.9686520376175547
"Holt, Brock",571788,2018,0.9731182795698925,0.5166258838262929,0.992900385139743,0.8701725554642564,1.3635662680480978,0.0,0.0,0.6803278688524591,0.8333333333333334,0.8834080717488788,0.5070422535211268,1.1388888888888888,0.5957446808510639,0.8068669527896996,0.8519736842105264
"Holt, Brock",571788,2019,0.8467532467532468,0.8604814046182053,0.9833236779786221,0.8662741799831791,1.5352294148109786,0.0,0.0,0.748,0.7790697674418605,1.1473214285714284,0.19230769230769232,1.0706214689265536,0.2631578947368421,0.8938428874734609,0.9158878504672896
"Horwitz, Spencer",687462,2024,0.9839572192513368,1.0310035657887011,0.9944435323804436,0.8897119341563785,0.9706936713760923,0.6666666666666667,0.9719400064761471,0.7760000000000001,0.9372294372294371,1.090497737556561,1.0,0.9683908045977013,1.0222222222222221,0.9602510460251046,0.9163879598662209
"Horwitz, Spencer",687462,2025,0.9411764705882353,1.1609487075587752,0.9783537350105997,0.8730675345809601,0.8285044327380188,1.0,0.9501117461090709,0.7188755020080321,0.885480572597137,1.075892857142857,0.9111111111111112,0.9500000000000002,0.7916666666666666,0.9747368421052632,0.8241379310344829
"Hoskins, Rhys",656555,2018,1.0618279569892473,1.77744974887615,1.0033927074229925,0.9202958093672966,0.48200057973461485,0.0,0.0,0.8975409836065573,1.2053140096618358,1.0582959641255605,1.5774647887323945,0.6833333333333333,1.7659574468085106,0.8412017167381974,0.8519736842105264
"Hoskins, Rhys",656555,2019,0.974025974025974,1.8534990045215445,1.0101810284804726,0.9335576114381833,0.5146376130342987,0.0,0.0,0.9280000000000002,1.3441860465116278,0.8437499999999999,1.2435897435897438,0.6158192090395481,1.263157894736842,0.8322717622080681,0.9190031152647975
"Hoskins, Rhys",656555,2021,1.2026315789473685,1.7084581293868533,1.0260754566074184,0.9181669394435352,0.517613856725169,0.0,0.0,1.0434782608695652,1.2291220556745182,0.95,1.988095238095238,0.7627118644067797,1.803921568627451,0.9386892177589852,0.9665551839464883
"Hoskins, Rhys",656555,2022,1.121951219512195,1.4450368684176336,1.0177117263379147,0.9166666666666666,0.6370597549795817,0.0,0.0,1.023809523809524,1.1553610503282277,1.0412844036697246,1.4230769230769231,0.7681564245810057,1.6511627906976745,0.8763102725366877,0.8849840255591055
"Hoskins, Rhys",656555,2024,1.0213903743315509,1.548214269904634,0.9997020389300368,0.9020576131687242,0.6287088203143216,1.5374149659863947,0.996064500502815,1.056,1.1363636363636362,0.83710407239819,1.5625,0.8074712643678162,1.911111111111111,0.895397489539749,0.963210702341137
"Hosmer, Eric",543333,2015,1.1160220994475138,0.5389869043160809,1.0151986747198452,0.9467996674979219,1.638746673834722,0.0,0.0,0.919642857142857,1.1884816753926701,1.0514018691588787,1.2909090909090908,1.1548556430446193,0.9249999999999999,0.9723404255319149,1.2006172839506173
"Hosmer, Eric",543333,2016,1.021505376344086,0.32179815464761913,1.0352388034132143,0.9567027477102416,1.814748412392554,0.0,0.0,1.1293103448275863,1.2125,0.8703703703703703,1.4,1.3089430894308942,1.108695652173913,1.0472103004291844,1.1128526645768024
"Hosmer, Eric",543333,2017,1.0186170212765957,0.3163590502290266,1.0245649208661287,0.9656301145662848,2.148844528820036,0.0,0.0,0.9156118143459916,1.1051282051282052,1.0,1.0606060606060606,1.3016304347826086,0.9803921568627452,1.0129310344827585,1.0
"Hosmer, Eric",543333,2018,0.9381720430107526,-0.11960283024775839,1.0019389155051945,0.9219391947411668,2.401792591666837,0.0,0.0,1.1311475409836067,1.0724637681159421,0.7847533632286995,0.8591549295774648,1.5027777777777778,0.7446808510638299,1.0450643776824033,1.0526315789473684
"Hosmer, Eric",543333,2019,0.9792207792207792,0.1601706680087249,1.0192572517511558,0.9613120269133725,1.9989322020672091,0.0,0.0,1.156,1.2,0.8928571428571428,0.923076923076923,1.3785310734463276,0.8421052631578947,1.061571125265393,1.1433021806853583
"Hosmer, Eric",543333,2021,0.9473684210526315,0.2504943668671416,1.0184901714525054,0.9206219312602291,2.334351255540053,0.0,0.0,0.9011857707509882,1.201284796573876,0.8727272727272727,0.6904761904761906,1.268361581920904,0.5686274509803922,1.0211416490486258,1.1705685618729098
"Hosmer, Eric",543333,2022,0.897018970189702,0.2258688505249799,0.9993927466224507,0.9223856209150327,2.084202216126706,0.0,0.0,0.75,1.0393873085339167,0.8577981651376146,0.7307692307692308,1.3882681564245811,0.5813953488372093,1.0251572327044025,1.191693290734824
"Howard, Ryan",429667,2015,1.3259668508287292,1.3409414311816241,1.0331074564514706,0.9201995012468829,0.5933943179751946,0.0,0.0,1.4241071428571428,1.3481675392670156,1.2943925233644862,2.1272727272727274,0.7270341207349081,1.725,1.1659574468085108,1.1635802469135803
"Howard, Ryan",429667,2016,1.3306451612903225,1.4110506527693754,1.0386880717778841,0.9092422980849293,0.48445664688690104,0.0,0.0,1.478448275862069,1.3175000000000001,0.9675925925925924,2.3846153846153846,0.6775067750677507,2.4782608695652177,1.1866952789699572,1.2507836990595613
"Hundley, Nick",460026,2015,0.9281767955801106,1.009427558006209,1.0083813847686203,0.9027431421446384,1.0326105228342535,0.0,0.0,0.9955357142857142,1.0104712041884816,1.1448598130841123,0.6909090909090909,0.9501312335958004,0.8500000000000001,1.0765957446808512,0.7006172839506173
"Hundley, Nick",460026,2016,0.9327956989247311,0.9037738712213169,1.015851842496989,0.9167360532889259,1.1454503490660124,0.0,0.0,1.086206896551724,1.0675,0.9074074074074074,0.8153846153846154,1.010840108401084,0.9565217391304347,1.092274678111588,0.7398119122257052
"Hundley, Nick",460026,2017,1.0106382978723405,1.0829277716471875,1.012666275916893,0.8985270049099836,1.049753555888038,0.0,0.0,1.1561181434599157,1.0974358974358973,1.0582959641255605,1.2424242424242424,0.9402173913043478,0.8431372549019608,1.1357758620689655,0.8877887788778879
"Hunter, Torii",116338,2015,0.9005524861878453,0.9711603377689317,1.001512371865946,0.8985868661679135,1.055624129447808,0.0,0.0,1.0357142857142858,1.0287958115183247,0.8130841121495327,0.9090909090909091,1.099737532808399,1.3,1.1382978723404256,0.984567901234568
"Iannetta, Chris",455104,2016,0.9838709677419355,1.2760006363838514,1.0072044874263746,0.9367194004995837,0.9722632599490839,0.0,0.0,1.146551724137931,1.075,0.8240740740740741,0.8615384615384616,0.8482384823848239,0.7173913043478262,0.98068669527897,0.54858934169279
"Iannetta, Chris",455104,2018,1.0188172043010753,1.1010535479794343,1.0403339219043857,0.9408381265406738,0.8625966659185048,0.0,0.0,1.2008196721311475,1.1570048309178744,1.0089686098654709,1.323943661971831,0.8861111111111112,1.1063829787234043,0.9313304721030042,0.7039473684210527
"Ibanez, Andy",628451,2021,0.8894736842105264,1.2189734466130344,0.9985927944176921,0.8846153846153846,0.7983535756269556,0.0,0.0,0.8142292490118576,0.873661670235546,0.8954545454545454,0.869047619047619,0.9463276836158192,0.627450980392157,1.0866807610993658,0.9765886287625418
"Ibanez, Andy",628451,2023,0.9868421052631579,1.0119339652132073,1.0007503616000823,0.9042904290429042,1.122347914792904,0.9655172413793105,0.9848781881642518,0.8901960784313725,1.0149253731343282,0.9144144144144145,1.0481927710843373,0.9658119658119662,0.7755102040816325,1.0928270042194095,1.15359477124183
"Iglesias, Jose",578428,2015,0.7486187845303868,0.3909516134022333,0.9449333615351369,0.9027431421446384,1.9407392835423085,0.0,0.0,0.4553571428571428,0.5602094240837695,0.9018691588785047,0.0,1.3884514435695539,0.125,0.974468085106383,1.0586419753086422
"Iglesias, Jose",578428,2016,0.7338709677419355,0.6947086684882068,0.9384723989622801,0.9242298084929226,1.4788039146222653,0.0,0.0,0.46120689655172403,0.6275000000000001,0.8935185185185185,0.1076923076923077,1.3387533875338753,0.2173913043478261,0.9484978540772533,1.2633228840125392
"Iglesias, Jose",578428,2017,0.7898936170212766,0.717938359498291,0.9470701260121636,0.8608837970540099,1.6006880462122568,0.0,0.0,0.649789029535865,0.6307692307692309,0.9775784753363229,0.19696969696969696,1.2880434782608696,0.29411764705882354,1.002155172413793,1.1683168316831682
"Iglesias, Jose",578428,2018,0.7634408602150538,0.967704640423262,0.9578673408973984,0.8751027115858668,1.1565184928240695,0.0,0.0,0.5368852459016394,0.681159420289855,0.9147982062780268,0.18309859154929578,1.1472222222222221,0.2765957446808511,1.0708154506437768,1.3059210526315792
"Iglesias, Jose",578428,2019,0.8103896103896103,0.5498546699455725,0.946692832371638,0.9058031959629941,1.5803832211289488,0.0,0.0,0.624,0.6534883720930232,0.8839285714285714,0.3076923076923077,1.4661016949152543,0.42105263157894735,1.1783439490445862,1.4049844236760125
"Iglesias, Jose",578428,2021,0.8578947368421053,0.9028057169462383,0.9612128756562881,0.9018003273322422,1.0471096311473034,0.0,0.0,0.7470355731225296,0.7601713062098501,1.0999999999999999,0.40476190476190477,1.0649717514124295,0.4313725490196078,1.162790697674419,1.411371237458194
"Iglesias, Jose",578428,2022,0.8021680216802167,0.48920492233189256,0.9458044830503308,0.8978758169934641,1.6179197531166813,0.0,0.0,0.5238095238095238,0.7417943107221008,0.9862385321100917,0.06410256410256411,1.3100558659217878,0.186046511627907,1.0880503144654088,1.3226837060702874
"Iglesias, Jose",578428,2024,0.9010695187165776,0.6878114056719272,0.9669664628424138,0.9037037037037037,1.536202897342945,1.0408163265306123,0.9692206472219651,0.612,0.8095238095238094,1.099547511312217,0.27499999999999997,1.1609195402298853,0.3777777777777778,1.098326359832636,1.2307692307692308
"Iglesias, Jose",578428,2025,0.7807486631016042,0.27237498940294386,0.9349470848344671,0.8909682668836452,2.8169150713092637,0.6986301369863014,0.9493756729315667,0.7188755020080321,0.7055214723926381,0.8482142857142856,0.2222222222222222,1.6,0.25,0.9410526315789475,1.2413793103448278
"Inciarte, Ender",542255,2015,0.8149171270718232,0.6037744527788934,0.9619944150783563,0.8919368246051538,1.3207809012996268,0.0,0.0,0.5223214285714286,0.5445026178010471,0.8411214953271029,0.23636363636363636,1.215223097112861,0.325,1.0127659574468084,1.0864197530864197
"Inciarte, Ender",542255,2016,0.793010752688172,0.6663620855890136,0.9622598429569007,0.858451290591174,1.7288580762077352,0.0,0.0,0.4784482758620689,0.4,1.097222222222222,0.1076923076923077,1.2195121951219512,0.1521739130434783,1.002145922746781,1.0658307210031348
"Inciarte, Ender",542255,2017,0.8191489361702128,0.7966289140802792,0.9399792702752029,0.8404255319148937,1.1664791594197146,0.0,0.0,0.6160337552742616,0.3512820512820513,1.0582959641255605,0.07575757575757575,1.1331521739130435,0.37254901960784315,1.1357758620689655,1.1254125412541254
"Inciarte, Ender",542255,2018,0.8172043010752688,0.8634994729789047,0.9539289504009545,0.8627773212818406,1.0308737204173606,0.0,0.0,0.610655737704918,0.5024154589371981,0.959641255605381,0.22535211267605637,1.0916666666666668,0.40425531914893614,1.0622317596566524,1.0230263157894737
"India, Jonathan",663697,2021,1.0447368421052632,1.0307299247024826,0.9864097191594416,0.9018003273322422,1.0027811913847746,0.0,0.0,0.9960474308300394,0.9079229122055673,0.9818181818181819,1.1428571428571428,1.0254237288135593,1.0392156862745099,0.8224101479915433,0.9665551839464883
"India, Jonathan",663697,2022,0.9376693766937669,1.156807581475406,0.9594172165524837,0.9093137254901961,0.946143832881596,0.0,0.0,0.9325396825396826,0.7199124726477023,1.0229357798165137,0.6153846153846154,1.005586592178771,0.7906976744186047,0.8658280922431866,0.9073482428115015
"India, Jonathan",663697,2023,0.981578947368421,1.2117565178232497,1.0064400077479705,0.9191419141914192,0.8619913452171207,1.3379310344827589,1.014559996603044,0.8627450980392157,0.9019189765458422,1.0855855855855856,0.927710843373494,0.8888888888888891,0.9795918367346937,0.8122362869198313,0.8137254901960784
"India, Jonathan",663697,2024,1.0213903743315509,1.0106979285476059,0.9829632307137421,0.9119341563786008,1.06589479107084,1.08843537414966,0.9975917014677674,0.768,0.9069264069264068,1.2081447963800906,0.9625,1.0373563218390807,0.7999999999999999,0.801255230125523,0.7859531772575251
"India, Jonathan",663697,2025,0.893048128342246,1.272097110553571,0.983980699380615,0.9015459723352318,0.7869570128072036,1.171232876712329,1.004288529743525,0.7911646586345382,0.8875255623721882,0.8035714285714285,0.6555555555555554,0.9676470588235294,0.47916666666666663,0.8442105263157895,0.7172413793103449
"Infante, Omar",408299,2015,0.7983425414364641,1.2602683830908432,0.9515187739576325,0.8703241895261846,0.7727973358668029,0.0,0.0,0.8928571428571428,0.5785340314136126,0.822429906542056,0.14545454545454548,1.015748031496063,0.125,1.0106382978723405,1.0833333333333333
"Isbel, Kyle",664728,2023,0.8763157894736843,1.0750386494889843,0.99142246000308,0.9125412541254124,0.9079085597323184,1.3379310344827589,0.986638457974135,0.8196078431372549,0.9744136460554372,1.0,0.6746987951807228,1.0113960113960117,0.42857142857142855,0.978902953586498,0.9215686274509803
"Isbel, Kyle",664728,2024,0.8609625668449198,0.6552563246855138,0.9868325366384969,0.9020576131687242,1.8976624026001083,0.9931972789115646,0.9964310335946807,0.7879999999999999,0.9307359307359306,0.8642533936651584,0.5,1.1954022988505748,0.6000000000000001,0.9539748953974896,1.1070234113712376
"Isbel, Kyle",664728,2025,0.7433155080213905,0.5224441331372442,0.9597724658675585,0.8909682668836452,1.786279060655019,1.4383561643835616,0.9683362646087659,0.7389558232931727,0.901840490797546,0.9821428571428571,0.1888888888888889,1.3852941176470586,0.2916666666666667,0.9452631578947368,0.9620689655172415
"Jackson, Austin",457706,2015,1.0441988950276244,0.6680756384958516,1.011860912840106,0.9068994181213632,1.4327114861555275,0.0,0.0,0.9955357142857142,1.1151832460732984,1.0981308411214954,0.6909090909090909,1.0551181102362206,0.625,0.9382978723404256,0.8209876543209877
"Jackson, Austin",457706,2017,1.0186170212765957,0.8687505538645757,1.0160869811542315,0.8854337152209493,1.1750247942872583,0.0,0.0,0.9198312236286921,0.9358974358974359,1.0448430493273542,0.7575757575757576,1.0054347826086958,0.627450980392157,0.9073275862068965,0.8151815181518152
"Jackson, Austin",457706,2018,0.9381720430107526,0.8649173092653686,0.9873907630233165,0.8923582580115036,1.161630176770253,0.0,0.0,1.3278688524590163,0.8115942028985508,1.0852017937219731,0.3943661971830986,1.0527777777777778,0.29787234042553196,0.9721030042918456,0.7960526315789473
"Jankowski, Travis",608671,2016,0.8897849462365592,-0.0003766257022390252,0.9563864233797112,0.8992506244796004,2.2381897086174827,0.0,0.0,0.918103448275862,0.7224999999999999,0.9444444444444443,0.2,1.4769647696476966,0.1956521739130435,0.8540772532188842,0.8557993730407523
"Jankowski, Travis",608671,2018,0.7876344086021505,0.27355007321204616,0.9579237879644465,0.857025472473295,2.238088646707472,0.0,0.0,0.7336065573770492,0.4879227053140098,0.8251121076233183,0.09859154929577466,1.4666666666666668,0.3191489361702127,0.8605150214592274,0.7401315789473685
"Jankowski, Travis",608671,2023,0.7763157894736842,0.5985447573002624,0.9507269550680015,0.8968646864686469,1.4462983356535835,1.6896551724137931,0.9198405766310406,0.5764705882352941,0.5756929637526652,0.972972972972973,0.0,1.270655270655271,0.1020408163265306,0.7911392405063291,0.6241830065359478
"Jansen, Danny",643376,2019,0.9246753246753247,1.2610609321883364,1.0006842491430747,0.9369217830109335,0.7866796478508545,0.0,0.0,0.816,1.0116279069767442,0.8616071428571428,0.7564102564102564,0.8926553672316385,0.8421052631578947,0.9978768577494693,0.8816199376947039
"Jansen, Danny",643376,2023,0.9289473684210525,1.5356240989498195,0.9937234890142028,0.8993399339933993,0.5696765931145801,1.510344827586207,0.9950846688324867,0.9058823529411765,0.9445628997867803,0.8873873873873874,1.2409638554216864,0.8005698005698008,1.6122448979591837,0.9873417721518989,0.8856209150326798
"Jansen, Danny",643376,2024,0.7941176470588235,1.6336215876327629,0.9766087681648064,0.8823045267489712,0.5501626293252415,1.6394557823129252,0.9627683340359612,0.836,0.8398268398268399,0.9095022624434389,0.8,0.8017241379310346,0.9111111111111112,0.8514644351464434,0.8494983277591973
"Jansen, Danny",643376,2025,0.893048128342246,1.7688214989695397,0.9775484302556312,0.8738812042310822,0.5155138692592116,1.5547945205479454,0.9588965084682427,0.9718875502008032,1.0777096114519429,1.013392857142857,0.9333333333333333,0.723529411764706,1.4375000000000002,0.9073684210526316,0.7551724137931035
"Jaso, John",444379,2016,0.9516129032258064,0.6521858896707352,0.9741502534262438,0.8834304746044962,1.2278957429220914,0.0,0.0,0.7456896551724136,0.8799999999999999,0.9212962962962963,0.7538461538461539,1.102981029810298,0.5652173913043479,0.873390557939914,0.6614420062695924
"Jay, Jon",445055,2016,0.89247311827957,0.5802214060146923,0.9654470178967289,0.8609492089925064,1.436933018712755,0.0,0.0,0.939655172413793,0.64,1.0648148148148147,0.1692307692307692,1.1951219512195124,0.1521739130434783,1.113733905579399,0.9404388714733541
"Jay, Jon",445055,2017,0.9228723404255319,0.7754493801376781,0.9680378579014304,0.8543371522094927,1.1629184782249047,0.0,0.0,0.8691983122362869,0.6230769230769231,1.3408071748878923,0.10606060606060606,1.111413043478261,0.13725490196078433,1.1120689655172413,1.0297029702970297
"Jay, Jon",445055,2018,0.8333333333333334,0.32623972004503937,0.9623863322366358,0.8627773212818406,2.1268399044053132,0.0,0.0,0.819672131147541,0.5652173913043479,0.968609865470852,0.2535211267605634,1.3333333333333333,0.14893617021276598,1.0493562231759657,1.1019736842105263
"Jeffers, Ryan",680777,2024,0.8983957219251337,1.2217588902224479,0.9771480075774703,0.9374485596707819,0.8742801783407642,1.2653061224489797,1.0237051810537918,0.948,0.8636363636363638,0.8959276018099547,1.0,0.9683908045977013,1.3777777777777778,1.0146443514644352,1.2408026755852843
"Jeffers, Ryan",680777,2025,0.9465240641711229,1.0985722095781114,1.0009510827525665,0.903173311635476,0.937518173887758,1.1095890410958904,1.0122820107934842,0.8473895582329317,0.9938650306748467,1.107142857142857,0.7,0.9058823529411765,0.6041666666666667,0.8210526315789474,1.1034482758620692
"Jimenez, Eloy",650391,2019,1.1688311688311688,0.7208797010657674,1.026230813508466,0.9596299411269974,1.2492553081305022,0.0,0.0,1.3120000000000003,1.2465116279069768,1.0223214285714286,1.6410256410256412,1.1101694915254239,1.6140350877192982,1.061571125265393,1.1931464174454827
"Jimenez, Eloy",650391,2022,1.2005420054200542,0.5838221379230459,1.0484735764292323,0.9264705882352942,1.2259209100758397,0.0,0.0,1.2063492063492063,1.3150984682713345,0.9266055045871561,1.8333333333333333,1.1536312849162011,1.6744186046511627,1.0440251572327044,1.134185303514377
"Jimenez, Eloy",650391,2023,0.9578947368421052,0.46673361008984104,1.0227609923484455,0.9364686468646864,1.6463853603028265,0.910344827586207,1.0512872470854167,1.1647058823529413,1.0895522388059702,0.7567567567567568,1.1204819277108433,1.267806267806268,1.0,1.0949367088607596,1.2875816993464053
"Jimenez, Eloy",650391,2024,0.9331550802139037,0.3473256232185148,1.0369906960966722,0.9242798353909465,2.745926241550387,0.6870748299319729,1.0394516865602161,1.048,1.1536796536796536,0.7466063348416289,0.975,1.3735632183908046,0.5333333333333333,1.0523012552301256,1.1739130434782608
"Joe, Connor",656582,2022,0.907859078590786,0.8417107208182679,0.9637809426917158,0.8995098039215685,1.2796848507867458,0.0,0.0,0.8452380952380953,0.8315098468271335,1.0596330275229358,0.576923076923077,1.106145251396648,0.5348837209302325,0.8469601677148849,0.8402555910543131
"Joe, Connor",656582,2023,0.9894736842105263,1.3227421177546133,0.9949744483137622,0.9207920792079207,0.8481379128832741,1.6896551724137931,1.0356570878270186,0.9254901960784313,1.0511727078891258,1.1486486486486487,1.0,0.8575498575498576,0.7346938775510203,0.8333333333333334,0.8039215686274511
"Joe, Connor",656582,2024,0.7941176470588235,1.2273351528638448,0.9621991150867844,0.9004115226337449,0.9657746156089837,1.9183673469387754,1.0041790463188387,1.028,0.8658008658008658,0.8868778280542986,0.5875,1.0775862068965518,0.7333333333333334,0.9016736401673641,0.8361204013377926
"Johnson, Kelly",430637,2015,1.0303867403314917,1.1308982438889477,0.9844923618326207,0.9035743973399835,0.8397557582337133,0.0,0.0,1.107142857142857,0.9738219895287958,0.97196261682243,1.4909090909090912,0.9763779527559056,1.525,0.9936170212765958,1.1388888888888888
"Johnson, Kelly",430637,2016,0.9677419354838709,0.9460347077354841,0.9859674324302531,0.9075770191507078,1.226544179088385,0.0,0.0,0.9353448275862067,0.9574999999999999,0.8888888888888888,0.8307692307692308,1.0731707317073171,0.9130434782608696,1.01931330472103,1.0407523510971788
"Jones, Adam",430945,2015,1.0856353591160222,1.0264256904596816,0.9984457563678234,0.9326683291770574,1.0272740343441542,0.0,0.0,1.0848214285714286,1.031413612565445,0.8130841121495327,1.6181818181818182,1.026246719160105,1.5,1.2872340425531914,1.2623456790123457
"Jones, Adam",430945,2016,1.0,1.2520745512606322,0.9995976313171004,0.9200666111573689,0.7771492043810705,0.0,0.0,1.1293103448275863,0.96,0.9166666666666666,1.2307692307692308,0.924119241192412,1.2391304347826089,1.298283261802575,1.225705329153605
"Jones, Adam",430945,2017,0.9707446808510638,0.9817254439016707,0.9904812742049987,0.9075286415711948,0.9740511247253346,0.0,0.0,1.0379746835443038,0.9230769230769231,0.9506726457399103,0.9848484848484848,1.013586956521739,1.058823529411765,1.252155172413793,1.3267326732673268
"Jones, Adam",430945,2018,0.9354838709677419,1.0405150307026532,0.9974319796974703,0.8882497945768282,1.079904672140282,0.0,0.0,0.9795081967213115,0.9227053140096619,1.0807174887892375,0.6901408450704226,0.9500000000000001,0.6595744680851063,1.1781115879828328,1.2664473684210527
"Jones, Adam",430945,2019,0.9506493506493506,1.0461026305991392,0.9685557021162828,0.9125315391084945,0.9593203412466952,0.0,0.0,1.076,0.8604651162790697,0.9464285714285713,0.858974358974359,1.1016949152542372,0.7192982456140351,1.1549893842887475,1.2118380062305294
"Jones, JaCoby",592444,2018,1.032258064516129,1.003480335550298,0.9994282388812359,0.9227608874281018,1.0112287068152317,0.0,0.0,1.2704918032786885,0.9734299516908214,1.10762331838565,0.8309859154929577,1.0611111111111111,0.8085106382978723,1.1008583690987126,1.157894736842105
"Jones, JaCoby",592444,2019,1.096103896103896,1.0896084122729264,1.0318194826550178,0.9486963835155592,0.9963285524508589,0.0,0.0,1.056,1.258139534883721,1.0669642857142856,1.3717948717948718,0.9378531073446329,0.9473684210526316,0.9936305732484079,1.0311526479750779
"Jones, Nolan",666134,2023,1.2578947368421052,0.7372338275856595,1.0078362792670994,0.9513201320132013,0.9820544254437911,0.8137931034482758,0.9980950555845377,1.2549019607843137,0.9872068230277187,1.0405405405405406,1.8915662650602407,0.9886039886039887,1.6938775510204083,0.8755274261603376,1.042483660130719
"Jones, Nolan",666134,2025,0.9946524064171123,0.9550339956533093,1.0103299660622633,0.9170056956875509,1.114715054956607,0.6232876712328768,1.0024232790439604,1.1244979919678717,1.0674846625766872,0.9642857142857143,0.9555555555555555,0.9852941176470589,0.4166666666666667,0.9747368421052632,0.917241379310345
"Joseph, Caleb",543376,2015,1.0248618784530388,1.4463428133975977,0.9930524904715163,0.9002493765586035,0.553300107301195,0.0,0.0,1.0535714285714284,0.981675392670157,1.1121495327102804,1.0181818181818183,0.7191601049868767,1.0999999999999999,1.0212765957446808,0.9814814814814815
"Joseph, Tommy",571830,2016,1.1129032258064515,1.4357111260352469,1.0142257133862302,0.9367194004995837,0.8223651580905146,0.0,0.0,1.0,1.1949999999999998,1.0787037037037037,1.8153846153846152,0.8401084010840109,1.8695652173913044,1.0879828326180259,1.115987460815047
"Joseph, Tommy",571830,2017,0.9734042553191489,1.1667515711540302,1.0199603611656396,0.923076923076923,1.1328900668153412,0.0,0.0,1.1223628691983123,1.223076923076923,0.9775784753363229,1.121212121212121,0.9184782608695654,1.1764705882352942,1.0689655172413792,1.2442244224422443
"Joyce, Matt",459964,2017,1.0797872340425532,1.235765112230456,1.0079080689449567,0.897708674304419,0.6392632684895552,0.0,0.0,1.0464135021097047,1.0076923076923079,1.15695067264574,1.3484848484848484,0.8586956521739132,1.3529411764705883,0.9116379310344825,0.7557755775577558
"Judge, Aaron",592450,2017,1.7047872340425532,1.3081016626805628,1.085541814145742,0.9909983633387888,0.6214435944118173,0.0,0.0,1.4767932489451476,1.5692307692307692,1.0762331838565022,3.8939393939393936,0.7146739130434784,3.0196078431372553,0.8836206896551723,1.0627062706270627
"Judge, Aaron",592450,2018,1.4301075268817205,0.9754465112635038,1.069546466276355,0.9852095316351684,1.0437419657613907,0.0,0.0,1.4795081967213117,1.42512077294686,1.1300448430493273,2.2816901408450705,0.7611111111111112,2.1702127659574466,0.8648068669527897,0.9539473684210525
"Judge, Aaron",592450,2019,1.4623376623376623,0.8950418137182111,1.0812093789275932,0.9932716568544995,0.9519267355338112,0.0,0.0,1.4680000000000002,1.486046511627907,1.2946428571428568,2.5897435897435903,0.8418079096045197,1.9824561403508774,0.8917197452229301,0.9190031152647975
"Judge, Aaron",592450,2021,1.4026315789473685,0.9123239485178816,1.0795085160111948,0.9738134206219312,1.018655565083518,0.0,0.0,1.1541501976284585,1.4218415417558887,1.1545454545454545,2.119047619047619,0.884180790960452,1.843137254901961,0.8985200845665963,1.0367892976588629
"Judge, Aaron",592450,2022,1.6775067750677506,1.1902023928331196,1.0829283055083019,0.9673202614379085,0.6350276664469514,0.0,0.0,1.1865079365079365,1.5886214442013127,0.9908256880733946,3.4102564102564106,0.7569832402234637,3.6279069767441863,0.8930817610062894,0.9329073482428114
"Judge, Aaron",592450,2023,1.6921052631578948,1.5955139826554452,1.0980573137056082,0.9645214521452146,0.48403558756813364,1.1379310344827587,1.07427088506759,1.4352941176470588,1.6353944562899787,1.1261261261261262,3.313253012048193,0.5356125356125357,3.142857142857143,0.8713080168776371,0.8333333333333334
"Judge, Aaron",592450,2024,1.6711229946524064,1.4242255167133588,1.0849029237642989,0.9670781893004116,0.4903623435290196,1.5918367346938778,1.0830715120625767,1.224,1.5389610389610386,1.1221719457013575,3.3625000000000003,0.6178160919540231,3.2888888888888888,0.8786610878661089,0.7759197324414717
"Judge, Aaron",592450,2025,1.5748663101604277,1.4157593593415791,1.0683569488983689,0.9609438567941415,0.5695967975073879,1.6027397260273974,1.0652707086346722,1.385542168674699,1.357873210633947,1.0267857142857142,2.7222222222222223,0.6529411764705882,2.854166666666667,0.92,0.9310344827586208
"Julien, Edouard",666397,2023,1.1578947368421053,0.6120522706545432,1.0054966950768838,0.8985148514851485,1.1434409918628756,0.0,0.9954283941066948,1.1490196078431372,1.0511727078891258,0.9414414414414414,1.6024096385542168,1.1623931623931625,1.551020408163265,0.7911392405063291,0.6143790849673203
"Julks, Corey",667452,2023,0.9157894736842105,1.3339867953446154,0.9865685288089435,0.9174917491749175,0.8800227968262544,0.6275862068965518,1.0150120917412675,1.0,0.8805970149253731,0.990990990990991,0.5903614457831325,0.9202279202279205,0.5510204081632653,0.9641350210970465,1.1209150326797388
"Jung, Josh",673962,2023,1.1894736842105262,1.1541849610410533,1.0317676831941767,0.9075907590759076,0.7972704003602871,0.6137931034482759,1.0112043936567756,1.1725490196078432,1.0980810234541578,1.2252252252252254,1.4457831325301203,0.7834757834757837,1.4489795918367345,1.0928270042194095,1.0784313725490198
"Jung, Josh",673962,2025,1.0294117647058825,0.961532827710486,0.9993033774879606,0.90480065093572,0.9402867768375927,0.5205479452054794,0.9881973309371305,1.028112449799197,1.0552147239263805,1.138392857142857,0.9222222222222223,0.9764705882352942,0.8333333333333334,1.0757894736842106,1.1344827586206898
"Kang, Jung Ho",628356,2015,1.1767955801104972,0.6376590935210341,1.0249320295993278,0.940149625935162,1.6205325952115988,0.0,0.0,1.1205357142857142,1.2722513089005234,1.1448598130841123,1.7454545454545454,1.0971128608923884,1.15,0.8978723404255319,0.8271604938271605
"Kang, Jung Ho",628356,2016,1.1155913978494623,0.9348086376201814,1.018369451212621,0.9233971690258119,1.0297226958049184,0.0,0.0,1.025862068965517,1.0625,0.8888888888888888,1.276923076923077,0.902439024390244,1.9130434782608694,0.873390557939914,0.8369905956112853
"Keith, Colt",690993,2024,0.9732620320855615,0.8506765709433239,0.9893297055625939,0.9004115226337449,1.0902718772702484,0.6870748299319729,1.0006464094915564,0.9280000000000002,0.8636363636363638,1.0497737556561086,0.7125,0.9971264367816092,0.7111111111111111,1.0167364016736402,1.0468227424749164
"Keith, Colt",690993,2025,1.0614973262032086,0.9924647228604707,1.0078607793518706,0.8950366151342555,0.8319139160003152,0.8972602739726029,0.9851925651593937,0.9036144578313253,1.0777096114519429,1.21875,1.0222222222222221,0.8588235294117647,0.8541666666666669,0.9452631578947368,0.9517241379310346
"Kelenic, Jarred",672284,2021,1.0315789473684212,1.1324828229821602,0.9831037261158623,0.9075286415711948,0.8242349956509646,0.0,0.0,1.0632411067193677,1.0342612419700212,1.059090909090909,1.1785714285714286,1.0480225988700567,1.1764705882352942,1.0063424947145876,1.0802675585284283
"Kelenic, Jarred",672284,2023,1.2026315789473685,0.7936182007829712,1.021410100041987,0.9240924092409241,1.0522011701183476,0.6,1.0049776609290983,1.3294117647058825,1.070362473347548,1.2162162162162162,1.1445783132530118,0.9344729344729348,0.9387755102040815,0.989451476793249,1.0326797385620916
"Kelenic, Jarred",672284,2024,1.1096256684491979,1.1994329054213368,1.0120664178077825,0.9111111111111111,0.6744305402969026,0.761904761904762,1.023607573578077,1.34,1.1255411255411254,1.176470588235294,1.25,0.767241379310345,1.1777777777777778,1.0418410041841004,0.9732441471571907
"Kelly, Carson",608348,2019,1.0233766233766235,1.0997249907747983,1.001241479405204,0.9175777964676197,0.8516509580528223,0.0,0.0,0.9280000000000002,1.0302325581395348,1.0267857142857142,1.0897435897435899,0.9011299435028249,1.263157894736842,0.8895966029723992,0.8193146417445483
"Kelly, Carson",608348,2021,1.0,1.466068188833112,0.9931955582430464,0.8936170212765957,0.5924391367012039,0.0,0.0,0.9881422924901185,0.8479657387580299,1.1409090909090909,1.0119047619047619,0.7683615819209041,1.0784313725490198,0.8879492600422834,0.9030100334448161
"Kelly, Carson",608348,2022,0.8753387533875339,1.1882998508975213,0.9894351631638316,0.8937908496732027,0.7592722098822245,0.0,0.0,0.8412698412698413,0.9256017505470459,0.9449541284403669,0.6666666666666667,0.9581005586592181,0.6511627906976745,0.9161425576519917,0.8881789137380193
"Kelly, Carson",608348,2024,0.9197860962566844,1.0229017542760723,0.987228910797043,0.8864197530864197,1.0002456998926679,0.7278911564625851,0.9700190408390091,0.924,0.987012987012987,0.7194570135746606,0.8250000000000001,1.117816091954023,0.8888888888888888,0.9539748953974896,0.9063545150501673
"Kelly, Carson",608348,2025,0.9197860962566844,1.2071694240794393,0.9939548374767047,0.8958502847843774,0.8361757700781856,1.363013698630137,0.9845121862982169,0.8273092369477911,0.9304703476482618,1.107142857142857,1.0,0.9647058823529413,1.1458333333333335,0.9452631578947368,0.8344827586206898
"Kemp, Matt",461314,2015,1.1353591160220995,1.0813478642869045,1.0134551858042027,0.9060681629260183,0.7204259461634328,0.0,0.0,1.1785714285714286,1.107329842931937,1.1355140186915889,1.5090909090909093,0.9081364829396323,1.25,1.0829787234042554,1.1265432098765433
"Kemp, Matt",461314,2016,1.1774193548387097,1.2291873576758923,0.9955953146089717,0.9217318900915904,0.6407287685041055,0.0,0.0,1.2672413793103445,0.9800000000000001,1.1018518518518516,1.7076923076923076,0.8536585365853658,1.5869565217391306,1.1888412017167382,1.153605015673981
"Kemp, Matt",461314,2017,1.1382978723404256,0.6881746548195345,1.0089779621800927,0.9157119476268413,1.1328900668153412,0.0,0.0,1.2531645569620253,1.0538461538461537,1.1659192825112108,1.4393939393939392,1.0298913043478262,1.0980392156862746,1.1788793103448274,1.188118811881188
"Kemp, Matt",461314,2018,1.2043010752688172,1.2548799304200837,1.0150007291345513,0.9153656532456861,0.7559835948499255,0.0,0.0,1.2172131147540983,0.9975845410628019,1.2376681614349776,1.6056338028169015,0.7833333333333332,1.2553191489361701,1.0987124463519313,1.0592105263157896
"Kemp, Tony",643393,2018,0.7446236559139786,0.9616067551919774,0.9467164584881401,0.8233360723089564,0.9742268226844288,0.0,0.0,0.7540983606557377,0.4444444444444444,1.0582959641255605,0.07042253521126761,1.1277777777777778,0.5957446808510639,0.9227467811158798,0.8519736842105264
"Kemp, Tony",643393,2021,0.8052631578947368,1.3939379320753524,0.965581896975092,0.8232405891980359,0.6632318639222086,0.0,0.0,0.624505928853755,0.4989293361884368,1.2045454545454546,0.13095238095238093,0.8389830508474576,0.5490196078431373,0.8816067653276956,0.8327759197324415
"Kemp, Tony",643393,2022,0.7208672086720868,1.1315020136006388,0.9360304816929794,0.8431372549019608,0.9525414996704271,0.0,0.0,0.5277777777777778,0.39168490153172864,1.036697247706422,0.20512820512820515,1.1033519553072626,0.372093023255814,1.0167714884696017,0.9520766773162939
"Kemp, Tony",643393,2023,0.7210526315789474,0.7700269863475987,0.9604610484841751,0.8498349834983498,1.0311571467159808,1.0758620689655174,0.8927198772909293,0.584313725490196,0.5159914712153518,0.936936936936937,0.14457831325301204,1.2222222222222223,0.32653061224489793,0.9578059071729957,0.7908496732026145
"Kendrick, Howie",435062,2015,1.0165745856353592,0.10222770697421454,1.0215854640016522,0.9276807980049875,2.0600859341025624,0.0,0.0,0.8839285714285714,1.1649214659685863,0.9158878504672898,0.7090909090909091,1.3333333333333333,0.6,1.0893617021276596,0.9475308641975309
"Kendrick, Howie",435062,2016,0.9865591397849462,0.13580535873592903,1.0206715888423978,0.9242298084929226,2.303470241785493,0.0,0.0,0.8965517241379309,1.1525,0.9444444444444443,0.9076923076923076,1.3306233062330624,0.4347826086956522,1.0321888412017168,0.9216300940438871
"Kendrick, Howie",435062,2017,1.047872340425532,0.08438793393894507,1.000268750746318,0.9271685761047462,2.4568700244188126,0.0,0.0,0.9156118143459916,0.9641025641025641,1.0582959641255605,1.212121212121212,1.3885869565217392,0.7450980392156863,1.0323275862068964,1.0792079207920793
"Kendrick, Howie",435062,2019,1.1974025974025975,0.846944870463968,1.031576986555611,0.945332211942809,1.0912169860176075,0.0,0.0,0.68,1.186046511627907,0.9553571428571427,1.4615384615384617,0.9745762711864407,1.0350877192982455,1.0084925690021234,1.043613707165109
"Kepler, Max",596146,2016,0.8870967741935485,0.7175091297754325,1.0120117331099532,0.9608659450457953,1.0167702090652337,0.0,0.0,0.9094827586206895,1.0875,0.9027777777777777,0.6,1.116531165311653,1.1956521739130437,0.9291845493562231,1.1003134796238243
"Kepler, Max",596146,2017,0.8989361702127661,1.0750185265381758,1.0126173913018355,0.9263502454991817,1.2284350122094063,0.0,0.0,0.9451476793248946,1.0307692307692309,0.9955156950672646,0.606060606060606,1.0054347826086958,0.9411764705882353,0.9331896551724136,1.0528052805280528
"Kepler, Max",596146,2018,0.8951612903225807,1.2869430649700813,1.0113125524030557,0.9260476581758422,0.801527875411,0.0,0.0,0.7295081967213115,1.1183574879227054,0.8923766816143498,0.943661971830986,0.9194444444444445,0.978723404255319,0.9120171673819742,0.8289473684210527
"Kepler, Max",596146,2019,0.9532467532467532,1.4029894014019473,1.0098316316111238,0.9461732548359966,0.814580240520168,0.0,0.0,0.8080000000000002,1.213953488372093,0.8928571428571428,1.1410256410256412,0.824858757062147,1.4912280701754386,1.0467091295116773,0.9314641744548285
"Kepler, Max",596146,2021,1.0105263157894737,1.2840299255777623,1.010946521022689,0.90671031096563,0.9129487096565553,0.0,0.0,0.9090909090909091,1.070663811563169,0.9681818181818183,1.2857142857142858,0.8954802259887006,1.1176470588235294,0.9450317124735731,0.7759197324414717
"Kepler, Max",596146,2022,0.959349593495935,0.8898344924207152,1.0065590706205576,0.9297385620915032,1.2331748799579452,0.0,0.0,0.7936507936507937,1.0,1.0275229357798166,0.9102564102564102,1.0446927374301676,0.6511627906976745,0.9664570230607967,0.8434504792332269
"Kepler, Max",596146,2023,1.118421052631579,1.1487259722383327,1.0330882955120797,0.9216171617161716,0.8095861895703981,1.3448275862068968,1.0181894127045874,0.7803921568627452,1.2260127931769722,1.0675675675675675,1.4457831325301203,0.8091168091168092,1.4081632653061225,1.0021097046413503,0.8594771241830066
"Kepler, Max",596146,2024,0.9331550802139037,1.2782032977213094,1.000042396836313,0.9497942386831276,0.7693225956486925,1.7482993197278913,1.004727706789388,0.976,1.0346320346320346,1.104072398190045,0.775,0.7701149425287357,0.6000000000000001,1.092050209205021,0.9832775919732442
"Kepler, Max",596146,2025,0.9893048128342246,1.2152707031365828,1.0167741938915,0.9096826688364523,0.7283555452641923,1.4246575342465753,0.9953542766628262,0.9477911646586346,1.0695296523517384,1.0357142857142858,1.288888888888889,0.8352941176470587,1.1458333333333335,1.0147368421052632,0.9620689655172415
"Kiermaier, Kevin",595281,2015,0.9613259668508287,0.7980885021896219,0.9893943564265419,0.9326683291770574,1.2444691158912038,0.0,0.0,0.9464285714285713,0.8926701570680629,0.9205607476635514,0.43636363636363634,1.1102362204724407,0.6,1.0851063829787233,0.9537037037037037
"Kiermaier, Kevin",595281,2016,0.8790322580645161,1.1916489346967636,0.9897574040441145,0.9275603663613656,1.1657238065716058,0.0,0.0,1.0387931034482756,0.9225,0.8842592592592593,0.6769230769230768,1.0,0.8913043478260871,0.944206008583691,1.0250783699059562
"Kiermaier, Kevin",595281,2017,0.928191489361702,0.6592554377547414,0.9928888014814652,0.9075286415711948,1.3796270137121025,0.0,0.0,1.139240506329114,0.8794871794871796,0.8789237668161435,0.8181818181818181,1.173913043478261,1.058823529411765,1.0323275862068964,1.0363036303630362
"Kiermaier, Kevin",595281,2018,0.8575268817204301,0.586727262300285,0.965591750149989,0.905505341002465,1.4376611098641745,0.0,0.0,1.2622950819672132,0.7681159420289856,0.7982062780269058,0.6338028169014085,1.2638888888888888,0.6170212765957447,1.0772532188841202,1.105263157894737
"Kiermaier, Kevin",595281,2019,0.9142857142857143,0.5251222812011775,1.0023233789474584,0.9369217830109335,1.6506224754013463,0.0,0.0,1.008,0.969767441860465,0.8482142857142856,0.7051282051282052,1.3107344632768363,0.7192982456140351,1.159235668789809,1.0249221183800623
"Kiermaier, Kevin",595281,2021,0.8842105263157896,0.08565109131891933,0.972269811085952,0.8829787234042553,1.923356065589632,0.0,0.0,1.24901185770751,0.8329764453961456,0.9181818181818183,0.47619047619047616,1.3559322033898307,0.3137254901960785,1.0866807610993658,1.0301003344481605
"Kiermaier, Kevin",595281,2023,0.8894736842105264,0.4785454894483647,0.9686282253339756,0.8894389438943894,1.529083088872812,0.8275862068965517,0.9745611008639894,1.2,0.7633262260127931,0.8693693693693695,0.38554216867469876,1.3390313390313393,0.5714285714285714,1.0421940928270041,0.8921568627450981
"Kim, Ha-Seong",673490,2022,0.907859078590786,1.2912807335945036,0.976736056935508,0.8937908496732027,0.9127704370553217,0.0,0.0,0.7658730158730159,0.8949671772428883,1.0963302752293578,0.5256410256410258,0.9832402234636871,0.5581395348837209,0.9056603773584907,0.8817891373801917
"Kim, Ha-Seong",673490,2023,0.8815789473684211,1.078548570452801,0.966692763780614,0.8952145214521452,0.9719301530165355,1.2,0.9488869659333216,0.7058823529411765,0.7270788912579957,1.0045045045045045,0.5180722891566264,0.9715099715099718,0.8367346938775511,0.8143459915611815,0.8071895424836601
"Kim, Ha-Seong",673490,2024,0.8796791443850268,1.1148668968197684,0.9807543935975698,0.8880658436213992,0.9864832330976754,1.5306122448979593,0.9597214176436663,0.648,0.883116883116883,1.095022624434389,0.6125,1.0229885057471266,0.7555555555555556,0.7907949790794979,0.7558528428093646
"Kim, Hyun Soo",547957,2016,0.9650537634408601,0.535791325207171,1.018931155890054,0.9308909242298085,1.47140249362816,0.0,0.0,0.668103448275862,0.9700000000000001,0.9814814814814814,0.7846153846153846,1.1490514905149052,0.5217391304347826,0.8476394849785407,0.8401253918495297
"Kiner-Falefa, Isiah",643396,2018,0.814516129032258,0.5332333529780673,0.9564639711735032,0.8866064092029581,1.9322165316574507,0.0,0.0,0.610655737704918,0.6231884057971014,0.8834080717488788,0.09859154929577466,1.3361111111111112,0.29787234042553196,0.8776824034334764,0.9342105263157895
"Kiner-Falefa, Isiah",643396,2021,0.8236842105263158,0.41893206493424845,0.961862160086889,0.8829787234042553,1.8343172361347124,0.0,0.0,0.5770750988142292,0.6552462526766595,1.0,0.21428571428571425,1.3333333333333333,0.29411764705882354,0.980972515856237,1.11371237458194
"Kiner-Falefa, Isiah",643396,2022,0.8238482384823849,0.34184273062750514,0.9680834156722558,0.8970588235294117,1.8531908131647787,0.0,0.0,0.44841269841269843,0.7461706783369803,0.9403669724770642,0.15384615384615385,1.3826815642458101,0.23255813953488372,0.9392033542976941,1.073482428115016
"Kiner-Falefa, Isiah",643396,2023,0.8631578947368421,0.5179504989848349,0.992832954473528,0.9042904290429042,1.5105782616826313,0.7310344827586207,0.9428896202787995,0.7725490196078431,0.9381663113006397,0.9234234234234234,0.37349397590361444,1.2535612535612537,0.4693877551020407,0.9451476793248946,0.911764705882353
"Kiner-Falefa, Isiah",643396,2024,0.8529411764705882,0.6623464690256187,0.9637200563370518,0.8880658436213992,1.3052704356508682,0.7551020408163266,0.934028006137866,0.6,0.7597402597402596,0.9230769230769229,0.2875,1.2758620689655173,0.39999999999999997,0.9623430962343097,1.0334448160535117
"Kiner-Falefa, Isiah",643396,2025,0.7807486631016042,0.2865381877741636,0.9379465695491731,0.8649308380797396,2.188101450564511,0.6164383561643836,0.928423239109664,0.606425702811245,0.6768916155419223,0.9821428571428571,0.15555555555555556,1.5382352941176471,0.125,1.0252631578947367,1.0413793103448277
"Kingery, Scott",664068,2018,0.9274193548387096,1.3603871824741294,0.9736656323080642,0.8964667214461791,0.6592054520598257,0.0,0.0,1.1967213114754098,0.8381642512077294,1.0044843049327354,0.7746478873239437,0.8861111111111112,0.5319148936170213,1.0965665236051503,1.1085526315789476
"Kingery, Scott",664068,2019,1.0857142857142856,1.3747218671739128,0.9947901682739743,0.9369217830109335,0.6451751726706195,0.0,0.0,1.276,0.9511627906976744,1.2410714285714286,1.0256410256410258,0.8135593220338982,1.0701754385964912,1.072186836518047,1.0062305295950156
"Kinsler, Ian",435079,2015,0.9005524861878453,1.5868385979479964,0.9726560739928983,0.8769742310889443,0.611472639490568,0.0,0.0,0.5491071428571428,0.8429319371727749,1.0794392523364487,0.49090909090909096,0.774278215223097,0.5,1.0063829787234042,0.8240740740740742
"Kinsler, Ian",435079,2016,0.9650537634408601,1.5369517820605059,0.9827094523767823,0.8784346378018318,0.5680851226391205,0.0,0.0,0.6853448275862069,0.9400000000000001,1.1898148148148147,0.5846153846153845,0.6856368563685638,1.2173913043478264,0.96137339055794,0.8244514106583072
"Kinsler, Ian",435079,2017,0.9069148936170214,1.603090361079563,0.9843148182324646,0.8666121112929623,0.6018379284622828,0.0,0.0,0.6582278481012658,0.882051282051282,1.10762331838565,0.7424242424242424,0.7472826086956523,0.9215686274509804,0.9590517241379309,0.9207920792079208
"Kinsler, Ian",435079,2018,0.8225806451612903,1.392210793941525,0.9633070021151318,0.8718159408381265,0.7958674898757525,0.0,0.0,0.5040983606557378,0.7922705314009663,1.0358744394618835,0.4366197183098592,0.9638888888888888,0.7021276595744681,0.9742489270386265,0.8782894736842106
"Kinsler, Ian",435079,2019,0.7116883116883117,1.3023774894870452,0.9438928345511026,0.8704793944491168,0.8639428275504919,0.0,0.0,0.764,0.7627906976744186,0.919642857142857,0.19230769230769232,1.093220338983051,0.7719298245614034,1.010615711252654,0.8068535825545171
"Kipnis, Jason",543401,2015,1.06353591160221,0.8098465644993746,1.0100670813193962,0.8844555278470491,1.2699816358650258,0.0,0.0,0.7633928571428571,1.0811518324607328,1.2429906542056077,0.5090909090909091,1.0026246719160106,0.475,0.9212765957446808,0.9228395061728395
"Kipnis, Jason",543401,2016,1.088709677419355,1.2672431440934941,1.0146590552560741,0.9009159034138219,0.8182061434804478,0.0,0.0,0.8534482758620688,1.0775000000000001,1.2175925925925926,1.0461538461538462,0.8157181571815718,1.065217391304348,0.9227467811158798,0.9467084639498432
"Kipnis, Jason",543401,2017,0.9122340425531915,1.4487767380823613,0.9846759647996194,0.8821603927986906,0.603332638907911,0.0,0.0,0.9029535864978903,0.9589743589743589,1.0313901345291479,0.7272727272727272,0.8750000000000001,0.8627450980392156,0.9892241379310344,0.9603960396039602
"Kipnis, Jason",543401,2018,0.9274193548387096,1.3726310928033205,0.9773185004740609,0.8824979457682827,0.6059215604500716,0.0,0.0,0.8606557377049181,0.8695652173913043,1.0134529147982063,0.9577464788732396,0.7916666666666665,0.9361702127659572,0.9184549356223175,1.029605263157895
"Kipnis, Jason",543401,2019,0.9116883116883117,1.0794458750556422,0.9865461851445164,0.9007569386038687,0.7640891849902726,0.0,0.0,0.82,0.9232558139534884,0.8839285714285714,0.7179487179487181,0.96045197740113,0.8070175438596491,0.9723991507431,0.9034267912772584
"Kirilloff, Alex",666135,2023,1.0657894736842106,0.9644699640390981,0.9959759343537116,0.8968646864686469,0.7986293839972649,0.2620689655172414,0.9798296798624352,1.0823529411764707,0.8933901918976546,1.2882882882882882,0.8915662650602408,0.925925925925926,1.1020408163265305,1.0,1.2483660130718957
"Kirk, Alejandro",672386,2022,0.9512195121951219,0.662354292744717,1.0218635089901702,0.8995098039215685,1.476439324489162,0.0,0.0,0.6111111111111112,1.0831509846827132,1.0045871559633026,0.858974358974359,1.0949720670391063,0.7906976744186047,0.8595387840670861,0.9361022364217251
"Kirk, Alejandro",672386,2023,0.8210526315789474,0.5204342230503312,0.986143565325552,0.8935643564356435,1.3470425675204942,0.9034482758620691,0.9833077409213248,0.5019607843137255,0.9104477611940298,0.9459459459459459,0.6265060240963856,1.2165242165242165,0.48979591836734687,0.8755274261603376,1.081699346405229
"Kirk, Alejandro",672386,2024,0.911764705882353,0.8104752225855544,1.0084408998440084,0.9292181069958848,1.5712423391790986,0.4217687074829932,0.9840478869240703,0.628,1.0324675324675323,1.1221719457013575,0.8375,1.1465517241379313,0.3777777777777778,0.9769874476987449,1.0401337792642142
"Kirk, Alejandro",672386,2025,1.0,0.8924864569453138,1.020744699805652,0.9113100081366965,1.1046725769840249,0.7123287671232876,1.0231494910126964,0.746987951807229,1.1697341513292434,0.9508928571428571,1.1222222222222225,1.026470588235294,0.7916666666666666,0.9978947368421053,1.0689655172413794
"Kurtz, Nick",701762,2025,1.3502673796791445,1.1478149277649798,1.0383904794233363,0.9324654190398697,0.675799694154933,0.4931506849315068,1.083807944265517,1.4176706827309236,1.2719836400817996,1.0580357142857142,2.011111111111111,0.8058823529411765,2.7083333333333335,0.9052631578947369,0.8758620689655173
"Kwan, Steven",680757,2022,0.8184281842818428,0.9323151536358775,0.9589143496317164,0.8749999999999999,0.974793493720105,0.0,0.0,0.3611111111111111,0.5733041575492341,1.0596330275229358,0.17948717948717952,1.0251396648044695,0.27906976744186046,0.7924528301886793,0.8210862619808307
"Kwan, Steven",680757,2023,0.8263157894736842,0.8156553130836831,0.9603687099220676,0.8679867986798679,1.182006904253158,0.8620689655172414,0.8901928790908423,0.43921568627450985,0.4520255863539446,1.1306306306306306,0.1325301204819277,1.153846153846154,0.18367346938775508,0.8649789029535865,0.7908496732026145
"Kwan, Steven",680757,2024,0.877005347593583,1.084821754050024,0.9610814682663471,0.8691358024691358,0.7409919857771852,1.5714285714285716,0.903412156369728,0.324,0.5974025974025974,1.1221719457013575,0.325,0.9252873563218392,0.7333333333333334,0.8138075313807531,0.7993311036789298
"Kwan, Steven",680757,2025,0.8155080213903743,1.0892018274926356,0.9537603632489294,0.8478437754271766,0.834064865172502,1.3972602739726028,0.8846100449121591,0.35341365461847385,0.4826175869120654,1.1607142857142856,0.2111111111111111,0.9970588235294119,0.3958333333333333,0.8778947368421052,0.8793103448275863
"La Stella, Tommy",600303,2019,0.9428571428571428,1.0273714932718918,0.99089471417469,0.8906644238856182,1.0803749703762868,0.0,0.0,0.472,0.8209302325581395,1.0580357142857142,0.6794871794871795,1.0084745762711864,1.0526315789473684,0.8980891719745223,0.8193146417445483
"LaRoche, Adam",425560,2015,1.0165745856353592,1.1844852478890293,1.013965044881723,0.9077306733167083,0.7450558930408151,0.0,0.0,1.1651785714285714,1.0890052356020943,0.9252336448598132,1.4727272727272727,0.9081364829396323,1.0,0.9191489361702129,1.0
"Lagares, Juan",501571,2015,0.8895027624309393,0.7661534618074052,1.0259645877057473,0.9368246051537823,1.4849457590882809,0.0,0.0,0.9241071428571427,1.1151832460732984,0.822429906542056,0.30909090909090914,1.0656167979002624,0.42500000000000004,1.074468085106383,1.0524691358024691
"Lagares, Juan",501571,2021,0.9236842105263158,0.7050214953749894,1.0008172110299418,0.9181669394435352,1.3591990012014592,0.0,0.0,0.9802371541501976,1.025695931477516,1.009090909090909,0.8095238095238095,1.1214689265536724,0.5098039215686275,1.050739957716702,1.1337792642140472
"Lamb, Jake",571875,2015,1.0801104972375692,1.0567935078621353,1.0139301065021364,0.9085619285120532,0.9021727467893624,0.0,0.0,1.1428571428571428,1.0471204188481675,0.8785046728971964,1.1454545454545455,0.89501312335958,0.6,0.8999999999999999,0.9691358024691358
"Lamb, Jake",571875,2016,1.1505376344086022,0.8825048300829693,1.0305018891785946,0.929225645295587,1.0065029939667036,0.0,0.0,1.2499999999999998,1.18,1.0555555555555556,1.7692307692307692,1.0758807588075883,1.6956521739130437,0.944206008583691,0.9561128526645767
"Lamb, Jake",571875,2017,1.1170212765957446,1.0094471608096103,1.008476843604753,0.8952536824877251,0.861170936394223,0.0,0.0,1.0,1.0384615384615385,1.040358744394619,1.4090909090909092,0.9538043478260869,1.5098039215686276,0.8577586206896551,0.8745874587458745
"Langeliers, Shea",669127,2023,1.0263157894736843,1.532318143097886,1.0187986727385685,0.9356435643564357,0.799927968361488,1.2206896551724138,1.0490391567101574,1.2627450980392159,1.2025586353944562,0.8648648648648649,1.614457831325301,0.8433048433048433,1.4693877551020407,1.059071729957806,1.0261437908496733
"Langeliers, Shea",669127,2024,1.1176470588235294,1.2227235590570034,1.0290087950378273,0.9358024691358025,0.8926286562753123,1.1700680272108843,1.0433485490139147,1.176,1.145021645021645,0.9592760180995474,1.575,0.8879310344827587,1.8222222222222224,1.0376569037656904,1.076923076923077
"Langeliers, Shea",669127,2025,1.0213903743315509,1.2208515496838879,1.0175792955107517,0.9316517493897477,0.8755117764394665,1.1232876712328768,1.0286537574489245,1.0080321285140563,1.0736196319018405,0.9821428571428571,1.2555555555555555,0.85,1.6875,1.1031578947368421,1.0586206896551724
"Langford, Wyatt",694671,2024,1.0267379679144386,1.237373725401561,1.0108715527630758,0.9209876543209877,0.9532997940848268,1.2585034013605443,1.0377773755244453,0.916,1.1168831168831168,0.9366515837104071,1.1625,0.9367816091954024,0.9111111111111112,0.895397489539749,0.9331103678929767
"Langford, Wyatt",694671,2025,1.1149732620320856,1.312608505106938,1.022941208263456,0.920260374288039,0.8922355429486356,0.678082191780822,1.02117442872972,1.0602409638554218,1.2617586912065442,1.0669642857142856,1.5444444444444447,0.823529411764706,1.2916666666666667,0.903157894736842,0.9724137931034482
"Larnach, Trevor",663616,2024,1.0802139037433156,0.9314616457583078,1.0381148504404383,0.9316872427983539,0.9966714299370316,1.2925170068027212,1.0156974289097396,1.12,1.1277056277056277,0.9502262443438914,1.2625000000000002,0.9252873563218392,1.2444444444444445,0.9225941422594143,0.9866220735785953
"Larnach, Trevor",663616,2025,0.9652406417112299,0.8120445213359383,1.0178607788063527,0.9218877135882831,1.2124455113239299,1.2808219178082192,1.0045007347884434,1.1967871485943775,1.0613496932515338,1.0624999999999998,0.7999999999999999,1.064705882352941,0.9166666666666666,0.9368421052631579,1.0862068965517242
"Laureano, Ramon",657656,2019,1.1272727272727272,1.1338011781872301,1.0099478751116804,0.9386038687973086,0.8351618648242413,0.0,0.0,1.12,1.1209302325581394,1.0,1.2692307692307694,0.8389830508474576,1.3508771929824561,1.031847133757962,0.9314641744548285
"Laureano, Ramon",657656,2021,1.0868421052631578,0.9420569922719122,0.9902604394310288,0.9173486088379704,0.9526421318155359,0.0,0.0,1.0671936758893281,1.0278372591006424,1.0227272727272727,1.2738095238095237,1.0536723163841808,1.1176470588235294,1.0232558139534884,1.0635451505016724
"Laureano, Ramon",657656,2022,1.032520325203252,1.183566697789448,1.0018626887755966,0.9003267973856209,0.8922634828944079,0.0,0.0,1.2063492063492063,1.0043763676148796,0.7568807339449541,1.4871794871794874,0.9469273743016762,1.2558139534883723,0.9727463312368975,1.0031948881789137
"Laureano, Ramon",657656,2023,0.9894736842105263,1.0012936201795266,0.988296934710083,0.9298679867986799,1.0259366724975199,0.8344827586206897,0.9933276305298284,1.1411764705882352,0.9488272921108742,0.90990990990991,1.1686746987951808,0.9914529914529915,0.7346938775510203,0.9852320675105486,0.9313725490196078
"Laureano, Ramon",657656,2025,1.2058823529411764,0.991659558788742,1.0119373851395401,0.9170056956875509,0.9811236703476538,0.9109589041095891,1.0104135865614812,1.108433734939759,1.1942740286298568,1.138392857142857,1.5555555555555558,0.9323529411764706,1.5625,1.0,0.8827586206896554
"Lawrie, Brett",543434,2015,1.0469613259668509,0.6453024329007732,1.0191485812067052,0.9343308395677473,1.3383913133169552,0.0,0.0,1.1785714285714286,1.0968586387434553,0.8785046728971964,0.8727272727272727,1.1128608923884513,0.95,1.0340425531914894,1.1080246913580247
"Lawrie, Brett",543434,2016,1.0268817204301075,1.4065551722845102,1.0044436810180508,0.9142381348875936,0.8967106204396967,0.0,0.0,1.2629310344827585,1.0299999999999998,1.0231481481481481,1.0307692307692309,0.8699186991869919,1.0869565217391306,1.0128755364806865,0.9404388714733541
"LeMahieu, DJ",518934,2015,0.988950276243094,0.2758814932352373,1.023982019316117,0.8977556109725686,1.9326680985118831,0.0,0.0,0.7455357142857142,1.1178010471204187,1.1074766355140186,0.36363636363636365,1.2073490813648293,0.325,0.9276595744680851,0.8179012345679013
"LeMahieu, DJ",518934,2016,1.1155913978494623,0.5100673938674373,1.034121380476965,0.9317235636969193,2.1432957005035838,0.0,0.0,0.5043103448275862,1.27,1.2777777777777777,0.7692307692307693,1.070460704607046,0.5,0.8969957081545064,0.8338557993730408
"LeMahieu, DJ",518934,2017,0.9494680851063829,0.25991995585105954,1.0185646454011894,0.8936170212765957,2.246281165182914,0.0,0.0,0.5400843881856541,1.1487179487179489,0.9910313901345292,0.28787878787878785,1.271739130434783,0.29411764705882354,0.8922413793103446,0.834983498349835
"LeMahieu, DJ",518934,2018,0.9489247311827956,0.4659936557143212,1.0328545686541917,0.8981101068200492,1.4363688302148585,0.0,0.0,0.5778688524590163,1.1135265700483092,0.9910313901345292,0.7464788732394366,1.1444444444444444,0.7021276595744681,0.8948497854077252,0.8947368421052633
"LeMahieu, DJ",518934,2019,1.0753246753246752,0.5192549175658527,1.0346194505381903,0.9343986543313708,1.857287973548978,0.0,0.0,0.644,1.2,1.21875,0.9743589743589743,1.1440677966101696,0.8771929824561403,0.9660297239915075,0.9532710280373831
"LeMahieu, DJ",518934,2021,0.931578947368421,0.39156089265407046,1.0196794777862468,0.9050736497545008,1.8192818489532803,0.0,0.0,0.5652173913043478,1.0749464668094217,1.0863636363636362,0.45238095238095233,1.2005649717514124,0.3921568627450981,0.8752642706131079,0.8127090301003345
"LeMahieu, DJ",518934,2022,0.9403794037940378,0.23544053864874948,1.0027784813257035,0.9060457516339869,1.9558852126566104,0.0,0.0,0.626984126984127,0.9803063457330417,1.073394495412844,0.6794871794871795,1.2709497206703912,0.7209302325581396,0.8218029350104823,0.9840255591054313
"LeMahieu, DJ",518934,2023,0.9736842105263158,0.28444034823656983,1.005877750760402,0.9174917491749175,1.9143475238159147,0.4206896551724138,0.956380886705682,0.7725490196078431,1.0554371002132197,0.8783783783783784,0.7108433734939757,1.2564102564102566,0.8163265306122448,0.8270042194092828,0.9281045751633987
"Lee, Brooks",686797,2025,0.8556149732620321,0.987381708860565,0.9918806010174975,0.8974776240846216,0.9931431341154455,0.9863013698630136,0.979859936867898,0.967871485943775,0.9795501022494888,0.7544642857142857,0.6444444444444445,1.0588235294117647,0.8333333333333334,1.048421052631579,1.124137931034483
"Lee, Dae-Ho",493193,2016,1.0510752688172043,0.5749701725303249,0.9870064859764133,0.9100749375520399,1.3172679014259145,0.0,0.0,1.0129310344827585,0.985,1.0601851851851851,1.2,1.1680216802168022,1.3913043478260871,1.01931330472103,0.9811912225705328
"Lee, Jung Hoo",808982,2025,0.8716577540106952,0.7243047921395374,0.9725891950047436,0.872253864930838,1.1942406237665135,1.3698630136986303,0.9480173369631645,0.5301204819277109,0.787321063394683,0.9821428571428571,0.4111111111111111,1.1735294117647062,0.33333333333333337,0.9410526315789475,0.810344827586207
"Lee, Korey",686676,2024,0.9465240641711229,0.6429218982981019,0.9863201449437198,0.9053497942386831,1.2005619281755788,0.9115646258503403,1.0039964793634353,1.484,0.9242424242424241,0.9592760180995474,0.9375,1.1609195402298853,1.0444444444444445,1.2301255230125523,0.9498327759197325
"Leon, Sandy",506702,2017,0.7952127659574467,1.241523906662474,0.950906071556821,0.8862520458265138,0.959349247630203,0.0,0.0,0.9029535864978903,0.8333333333333334,1.0762331838565022,0.3787878787878788,0.9918478260869567,0.6862745098039217,0.9784482758620688,1.132013201320132
"Lewis, Royce",668904,2024,1.0133689839572193,1.2437259668007832,0.9787286939558745,0.9185185185185185,0.7520689706157112,1.829931972789116,1.0244867382953353,1.08,0.9502164502164502,0.8914027149321266,1.4000000000000001,0.9281609195402301,1.5999999999999999,1.0857740585774058,1.1337792642140472
"Lewis, Royce",668904,2025,0.9171122994652408,1.2423403176924863,1.006220477076917,0.9251423921887714,0.9584659123831981,1.8424657534246578,1.0186556699090945,1.0763052208835342,1.0020449897750512,0.9866071428571428,0.9666666666666666,0.85,0.9166666666666666,1.0736842105263158,1.0275862068965518
"Lile, Daylen",695734,2025,1.0401069518716577,1.1029756669678004,0.9962961963522908,0.8877135882831569,0.9086822810675045,1.3219178082191783,0.970253759589857,0.7630522088353414,0.8957055214723926,1.3392857142857142,0.5777777777777778,0.8588235294117647,0.7083333333333335,1.0968421052631578,0.8448275862068967
"Lind, Adam",452252,2015,0.9861878453038674,0.9706301378990647,1.0132254538302103,0.912718204488778,1.022213571120784,0.0,0.0,0.9464285714285713,1.0942408376963348,0.9252336448598132,1.3090909090909089,1.0656167979002624,1.25,0.9617021276595745,1.2808641975308643
"Lind, Adam",452252,2016,1.0510752688172043,0.9123214426592925,1.0290768461480573,0.939217318900916,1.0806074651393933,0.0,0.0,0.9827586206896551,1.225,1.0925925925925923,1.323076923076923,1.0,1.3913043478260871,1.0300429184549356,1.1724137931034482
"Lind, Adam",452252,2017,1.0851063829787233,0.8741565336363988,1.0352103675552702,0.9680851063829787,1.0012904250461576,0.0,0.0,0.7679324894514767,1.3102564102564103,0.9730941704035874,1.227272727272727,0.9456521739130435,1.156862745098039,0.9676724137931033,1.1254125412541254
"Lindor, Francisco",596019,2015,0.994475138121547,0.5737021979675472,1.0135474858490274,0.9177057356608479,1.3890971548151247,0.0,0.0,0.8348214285714285,1.1178010471204187,0.897196261682243,0.6727272727272727,1.1601049868766404,0.9249999999999999,1.0680851063829788,0.9537037037037037
"Lindor, Francisco",596019,2016,0.9569892473118279,0.6727512543811596,1.0014292802576534,0.9333888426311407,1.3235086450368532,0.0,0.0,0.7456896551724136,0.93,1.0324074074074074,0.6461538461538462,1.151761517615176,0.6086956521739132,1.01931330472103,0.9843260188087773
"Lindor, Francisco",596019,2017,1.0159574468085106,1.2012763807148856,1.0171637393102573,0.9140752864157119,0.8246836445601609,0.0,0.0,0.6540084388185654,1.1076923076923078,0.8654708520179373,1.0757575757575757,0.8885869565217392,1.156862745098039,1.0172413793103445,1.0627062706270627
"Lindor, Francisco",596019,2018,1.096774193548387,1.1522915735148516,1.0233665092370656,0.9408381265406738,0.9937113591381175,0.0,0.0,0.7090163934426229,1.2028985507246377,1.0358744394618835,1.3380281690140845,0.938888888888889,1.425531914893617,1.0042918454935623,1.1414473684210527
"Lindor, Francisco",596019,2019,0.961038961038961,0.9385385977165298,1.0229565622207157,0.9545836837678722,1.07553858104609,0.0,0.0,0.68,1.1372093023255814,0.7723214285714284,0.9743589743589743,1.0451977401129944,1.1228070175438596,1.0849256900212316,1.0155763239875388
"Lindor, Francisco",596019,2021,1.0,1.079763034378199,1.0145846060270645,0.9238952536824877,0.9169488219671501,0.0,0.0,0.9288537549407114,1.1605995717344753,1.0045454545454546,1.0,0.9463276836158192,1.0980392156862746,0.9936575052854123,0.9832775919732442
"Lindor, Francisco",596019,2022,1.013550135501355,1.0944931267251372,1.0076148771649875,0.9044117647058824,0.948211765581016,0.0,0.0,0.9126984126984127,1.1400437636761487,0.8853211009174312,1.0641025641025643,1.005586592178771,1.2093023255813955,1.0020964360587001,1.060702875399361
"Lindor, Francisco",596019,2023,1.018421052631579,1.5038047179460476,1.025826533179214,0.9273927392739274,0.8082818079545488,1.7517241379310347,0.994069975785729,0.8941176470588236,1.1727078891257998,1.1171171171171173,1.2530120481927711,0.7435897435897437,1.346938775510204,1.0147679324894516,0.957516339869281
"Lindor, Francisco",596019,2024,1.1631016042780749,1.2681272850217802,1.0241759787200715,0.9275720164609054,0.7664028607708279,1.0136054421768708,1.0151431525429373,0.9519999999999998,1.2748917748917747,1.0135746606334841,1.7000000000000002,0.7758620689655173,1.488888888888889,1.0167364016736402,0.8762541806020068
"Lindor, Francisco",596019,2025,1.0133689839572193,1.1080532274832455,1.0095870818681048,0.9186330349877949,0.9190875840507088,0.9178082191780823,0.9834393735458575,0.8393574297188755,1.098159509202454,1.03125,0.9777777777777776,0.8941176470588235,1.25,1.0,0.9379310344827588
"Loney, James",425766,2015,0.8287292817679558,1.0874711228855258,0.9675712703394399,0.9118869492934332,0.8579431495621507,0.0,0.0,0.5848214285714286,0.5942408376963351,1.046728971962617,0.21818181818181817,0.9790026246719159,0.3,1.0340425531914894,1.021604938271605
"Loney, James",425766,2016,0.8494623655913979,1.097740438189959,0.987024120384876,0.9067443796835971,0.9668650395682142,0.0,0.0,0.5043103448275862,0.8475000000000001,1.0555555555555556,0.24615384615384617,0.9539295392953929,0.6304347826086958,1.0901287553648067,1.1003134796238243
"Longoria, Evan",446334,2015,1.0994475138121549,1.3959222145656867,1.0142997085760634,0.9077306733167083,0.6829234581523004,0.0,0.0,1.0580357142857142,1.130890052356021,0.9345794392523366,1.5636363636363635,0.821522309711286,1.0999999999999999,1.0063829787234042,0.9969135802469138
"Longoria, Evan",446334,2016,1.185483870967742,1.5445304755240106,1.0254428138381864,0.9175686927560367,0.6144900685803812,0.0,0.0,1.1293103448275863,1.1975,1.1712962962962963,1.8615384615384616,0.7235772357723578,1.5869565217391306,1.0493562231759657,1.0470219435736676
"Longoria, Evan",446334,2017,0.8989361702127661,1.045203573422006,0.9910174847323078,0.8993453355155483,1.0323362120952442,0.0,0.0,0.8818565400843882,0.9282051282051281,0.9910313901345292,0.7878787878787878,1.016304347826087,0.7647058823529412,1.0732758620689653,1.1056105610561056
"Longoria, Evan",446334,2018,0.9865591397849462,1.0705948342552472,0.999776158328035,0.9071487263763353,0.9242107134841123,0.0,0.0,0.8401639344262296,1.0072463768115942,0.9103139013452914,1.0704225352112675,0.9611111111111109,0.8936170212765957,1.0429184549356223,0.9572368421052632
"Longoria, Evan",446334,2019,1.0805194805194804,1.0822124661747028,1.0102827948503488,0.9276703111858704,0.769119834282755,0.0,0.0,1.032,1.0418604651162793,1.03125,0.9615384615384616,0.9632768361581922,1.0175438596491229,0.9957537154989385,1.02803738317757
"Lopez, Nicky",670032,2019,0.6597402597402597,0.23075186527016467,0.9541571810474343,0.8864592094196804,2.1274389515197387,0.0,0.0,0.612,0.48604651162790696,0.5624999999999999,0.15384615384615385,1.655367231638418,0.05263157894736842,1.0530785562632698,0.794392523364486
"Lopez, Nicky",670032,2021,0.7499999999999999,0.16418383048419985,0.9645024671489385,0.8829787234042553,1.8342348504515265,0.0,0.0,0.6284584980237155,0.6145610278372591,0.8363636363636363,0.08333333333333334,1.423728813559322,0.09803921568627452,0.9365750528541226,0.8929765886287627
"Lopez, Nicky",670032,2022,0.7886178861788617,0.3887485471697441,0.9528313756246944,0.8717320261437909,1.6361732067415875,0.0,0.0,0.7063492063492064,0.5448577680525164,1.0596330275229358,0.20512820512820515,1.3547486033519553,0.0,1.0167714884696017,0.9584664536741214
"Lopez, Nicky",670032,2024,0.7379679144385027,0.4427530582770867,0.952939067289388,0.8765432098765432,1.420383126292234,0.27891156462585037,0.8925265373227383,0.7879999999999999,0.3852813852813853,0.8054298642533937,0.1875,1.4310344827586208,0.06666666666666667,1.0062761506276152,0.9531772575250835
"Lopez, Otto",672640,2024,0.9625668449197861,0.40370544649364903,0.9915554414514136,0.8954732510288066,1.769249157311379,0.4965986394557823,0.9877511573876917,0.88,0.9069264069264068,0.8823529411764706,0.65,1.3189655172413794,0.39999999999999997,1.0711297071129708,1.0367892976588629
"Lopez, Otto",672640,2025,0.9358288770053476,0.6211430538701184,0.9901710233328,0.90480065093572,1.2046191434730558,0.8287671232876712,0.9930842728069864,0.7550200803212852,0.8241308793456034,0.9285714285714285,0.7666666666666667,1.1970588235294117,0.625,0.9747368421052632,1.0827586206896553
"Lowe, Brandon",664040,2021,1.186842105263158,1.2898584847555385,1.0026467222880184,0.9099836333878887,0.6128107280684734,0.0,0.0,1.2964426877470356,1.1370449678800856,1.009090909090909,1.6785714285714282,0.827683615819209,2.0784313725490198,1.1078224101479917,1.0133779264214047
"Lowe, Brandon",664040,2023,1.0894736842105261,1.2503387415012128,1.0273059892866312,0.9133663366336634,0.8034990753631018,1.1241379310344828,1.0219331068821336,1.2588235294117647,1.2260127931769722,0.7927927927927927,1.289156626506024,0.8632478632478634,1.6326530612244896,1.0928270042194095,0.996732026143791
"Lowe, Brandon",664040,2024,1.1737967914438503,1.0901827101955235,1.012778820516474,0.9135802469135802,0.7480839127790663,0.8843537414965987,1.027350323365288,1.3120000000000003,1.0627705627705628,1.0542986425339367,1.55,0.8477011494252874,1.6888888888888889,1.1569037656903767,0.939799331103679
"Lowe, Brandon",664040,2025,1.1631016042780749,1.1175469052890947,1.020936727612769,0.9161920260374287,0.8898751314593535,0.8013698630136987,1.0318909727785512,1.3413654618473896,1.1349693251533743,1.0491071428571428,1.4444444444444444,0.8529411764705881,1.7916666666666667,1.168421052631579,0.9689655172413795
"Lowe, Josh",666139,2023,1.1368421052631579,1.0989949261301661,0.9996005884387771,0.9348184818481847,0.9341493315197037,0.9379310344827587,1.038353877701308,1.184313725490196,0.9509594882729212,1.0765765765765765,1.3373493975903612,0.9458689458689461,1.183673469387755,1.1265822784810129,1.1633986928104576
"Lowe, Josh",666139,2024,1.0935828877005347,1.2806100789984745,1.0250267991491526,0.8995884773662551,0.881057544064336,0.7823129251700681,1.030116456868187,1.28,1.1341991341991342,1.0769230769230766,1.3,0.795977011494253,0.9555555555555555,1.0753138075313808,1.0702341137123745
"Lowe, Josh",666139,2025,0.9679144385026738,0.6933086167140708,0.9858836244882424,0.888527257933279,1.3808407212300313,1.0,1.0058621726345098,1.140562248995984,1.0081799591002045,1.075892857142857,0.6555555555555554,1.1411764705882355,0.7916666666666666,1.1410526315789473,1.1793103448275863
"Lowe, Nathaniel",663993,2021,1.0,0.3931504438964408,1.0226330889978854,0.9320785597381342,1.3201407819166602,0.0,0.0,0.9288537549407114,1.0985010706638116,0.8227272727272726,1.130952380952381,1.2909604519774012,0.8823529411764707,0.9450317124735731,0.8528428093645485
"Lowe, Nathaniel",663993,2022,1.1436314363143631,0.6440053877440326,1.0176517206853712,0.9232026143790849,1.2408106377285826,0.0,0.0,0.988095238095238,1.2166301969365427,1.036697247706422,1.2692307692307694,1.0698324022346368,1.4186046511627908,1.0943396226415096,0.865814696485623
"Lowe, Nathaniel",663993,2023,1.0157894736842106,0.5584781291522607,1.0105108465487955,0.9174917491749175,1.5078007340147097,0.6275862068965518,1.0439365764152195,0.8117647058823529,1.1087420042643923,1.1486486486486487,0.7951807228915663,1.0997150997151,0.7551020408163264,0.9240506329113923,0.7810457516339869
"Lowe, Nathaniel",663993,2024,1.0,0.6157506561201939,1.0027192322150529,0.920164609053498,1.366316929872078,0.45578231292517013,1.0337588095647587,0.824,1.012987012987013,0.9683257918552035,0.7250000000000001,1.163793103448276,0.9777777777777776,0.8933054393305438,0.9364548494983279
"Lowe, Nathaniel",663993,2025,0.9759358288770054,0.8051655485028311,0.9968058917442499,0.9088689991863304,1.0983960282511611,0.5547945205479452,1.0178569195732934,0.995983935742972,1.0347648261758693,0.9955357142857142,0.7555555555555556,1.038235294117647,0.9791666666666667,0.9431578947368422,0.8896551724137932
"Lowrie, Jed",476704,2016,0.8306451612903226,0.9648610476570175,0.9666614539691252,0.890924229808493,0.8451497597644141,0.0,0.0,0.7758620689655171,0.65,1.2870370370370372,0.1076923076923077,0.959349593495935,0.1521739130434783,0.9935622317596567,0.8307210031347961
"Lowrie, Jed",476704,2017,1.0425531914893618,1.532633357317081,1.0168867656210947,0.8698854337152209,0.61616740294948,0.0,0.0,0.7890295358649789,1.0897435897435896,1.3139013452914796,0.9090909090909091,0.6494565217391305,0.5882352941176471,1.0366379310344827,0.7623762376237624
"Lowrie, Jed",476704,2018,0.9516129032258064,1.3516850241923686,1.0050214458323115,0.8874281018898932,0.6246389649754689,0.0,0.0,0.8237704918032788,1.0338164251207729,1.0224215246636772,0.7464788732394366,0.7555555555555556,1.0425531914893618,0.98068669527897,0.7730263157894737
"Lowrie, Jed",476704,2021,1.0526315789473684,1.2925512166625832,1.021443695821,0.8993453355155483,0.7515287928767005,0.0,0.0,0.9604743083003953,1.0920770877944326,1.0045454545454546,1.1071428571428572,0.8559322033898306,0.7843137254901962,0.985200845665962,0.7224080267558529
"Lucroy, Jonathan",518960,2015,0.9917127071823204,0.8714392392209892,1.0054258677346537,0.9168744804655029,1.1949922440329956,0.0,0.0,0.6875,0.9712041884816753,1.224299065420561,0.7636363636363637,1.015748031496063,0.5499999999999999,0.9212765957446808,0.9691358024691358
"Lucroy, Jonathan",518960,2016,1.0591397849462365,1.2237180597169668,0.9884371361799598,0.9233971690258119,0.8382732991076715,0.0,0.0,0.8405172413793103,0.99,1.1851851851851851,1.1384615384615384,0.9214092140921409,1.3260869565217392,0.9270386266094421,1.018808777429467
"Lucroy, Jonathan",518960,2017,0.7978723404255319,0.6433639812065385,0.9714003434010828,0.8731587561374795,1.3678789865683119,0.0,0.0,0.45147679324894513,0.6923076923076923,0.874439461883408,0.3636363636363636,1.2635869565217392,0.3137254901960785,0.898706896551724,0.8085808580858086
"Lucroy, Jonathan",518960,2018,0.8198924731182795,1.0602133928170872,0.9803976994704761,0.8759244042728019,1.0827858148503335,0.0,0.0,0.5614754098360657,0.748792270531401,1.0717488789237668,0.323943661971831,1.0083333333333333,0.2340425531914893,0.9334763948497854,0.9703947368421053
"Lucroy, Jonathan",518960,2019,0.7999999999999999,0.9631729541025514,0.9788328194850047,0.9108494533221193,1.2471051268772657,0.0,0.0,0.588,0.8372093023255814,0.9464285714285713,0.38461538461538464,1.112994350282486,0.43859649122807015,0.8343949044585989,0.9439252336448598
"Lugo, Dawel",608475,2019,0.8987012987012987,0.603724939686796,0.9795177600290812,0.9226240538267452,1.3169860176074573,0.0,0.0,0.852,0.9069767441860465,1.1875,0.5897435897435898,1.2824858757062148,0.4912280701754386,1.1677282377919322,1.3613707165109035
"Lukes, Nathan",664770,2025,0.8823529411764707,0.7964851108546268,0.9817955979957772,0.8763222131814483,1.1783174154496265,0.46575342465753433,0.9544752570861462,0.5742971887550201,0.9100204498977505,0.919642857142857,0.5444444444444445,1.1647058823529413,0.7708333333333333,1.0252631578947367,1.0448275862068968
"Lux, Gavin",666158,2021,0.9473684210526315,0.891448929474636,1.0100921919682386,0.897708674304419,1.3179253893308611,0.0,0.0,0.9090909090909091,0.9657387580299786,0.9681818181818183,0.4285714285714285,1.1271186440677967,0.5490196078431373,0.985200845665962,0.7591973244147158
"Lux, Gavin",666158,2022,0.9539295392953929,0.5422543434460576,0.9941114520622983,0.8831699346405227,1.375231790149179,0.0,0.0,0.9285714285714287,0.9365426695842449,1.0229357798165137,0.782051282051282,1.2039106145251397,0.41860465116279066,0.8930817610062894,0.9105431309904152
"Lux, Gavin",666158,2024,1.0,0.675275271088825,0.9956819059028396,0.8946502057613169,1.4979126955148556,0.44897959183673475,0.998302114458371,0.936,0.9437229437229437,1.1085972850678731,0.7625,1.0977011494252875,0.6666666666666666,0.9476987447698746,0.8561872909698998
"Lux, Gavin",666158,2025,0.8983957219251337,0.7076383082100285,0.9889296337560572,0.8657445077298617,1.2030338338387667,0.46575342465753433,0.9766119435576112,0.8714859437751005,0.8404907975460122,1.1205357142857142,0.39999999999999997,1.1117647058823528,0.3125,0.8989473684210525,0.7724137931034485
"Machado, Manny",592518,2015,1.0248618784530388,1.1346500478571535,1.0314196906803275,0.9551122194513716,1.1606862465966417,0.0,0.0,0.7901785714285713,1.2146596858638743,0.8364485981308412,1.3818181818181818,0.958005249343832,1.675,0.9191489361702129,0.9228395061728395
"Machado, Manny",592518,2016,1.139784946236559,1.2329947519295268,1.0184683990451477,0.9725228975853456,0.7853297223219238,0.0,0.0,0.9655172413793103,1.27,0.9259259259259258,1.4461538461538461,0.8536585365853658,1.5434782608695652,1.0665236051502147,1.0250783699059562
"Machado, Manny",592518,2017,1.0957446808510638,1.1235430933259218,1.040597508571013,0.9517184942716858,0.966637386656582,0.0,0.0,0.9282700421940928,1.3641025641025641,0.8565022421524664,1.606060606060606,0.9048913043478263,1.254901960784314,1.0538793103448274,1.0891089108910892
"Machado, Manny",592518,2018,1.0994623655913978,1.142373393705159,1.0350639366486643,0.943303204601479,0.9196607530484981,0.0,0.0,0.9139344262295083,1.3019323671497587,0.968609865470852,1.591549295774648,0.8777777777777778,1.4893617021276597,1.0472103004291844,1.0394736842105263
"Machado, Manny",592518,2019,1.0051948051948052,0.9982311444952915,1.0270885970742445,0.9470142977291841,1.0206641636457794,0.0,0.0,0.968,1.111627906976744,0.8392857142857142,1.0256410256410258,0.9661016949152543,1.2105263157894737,0.9915074309978771,1.0529595015576325
"Machado, Manny",592518,2021,1.1078947368421053,1.094308084203753,1.0470027111487117,0.9787234042553191,1.1070954479715696,0.0,0.0,0.9090909090909091,1.30406852248394,1.0363636363636364,1.5833333333333333,0.8672316384180792,1.156862745098039,1.0147991543340382,1.0802675585284283
"Machado, Manny",592518,2022,1.102981029810298,1.2715539040635881,1.033982367014185,0.9183006535947712,1.0307120249151198,0.0,0.0,0.988095238095238,1.2319474835886213,1.2155963302752293,1.2692307692307694,0.8519553072625698,1.6744186046511627,1.0649895178197066,1.038338658146965
"Machado, Manny",592518,2023,0.9868421052631579,1.1752808932188086,1.0228789643297165,0.9447194719471947,0.8278475321922867,1.4000000000000001,1.0852085440543218,0.9372549019607842,1.1812366737739874,0.8018018018018018,1.2650602409638554,0.908831908831909,1.3877551020408163,1.040084388185654,0.9803921568627452
"Machado, Manny",592518,2024,1.0695187165775402,0.9742979280471838,1.0412255437703877,0.951440329218107,1.3097830387127554,0.9659863945578231,1.062145696875468,0.976,1.2316017316017314,1.0769230769230766,1.375,0.9770114942528736,1.3777777777777778,1.0794979079497908,0.9364548494983279
"Machado, Manny",592518,2025,1.0989304812834224,1.0595408928249435,1.0402971858073908,0.9340927583401138,0.9677296955397243,1.089041095890411,1.0457976180140565,1.0481927710843375,1.1574642126789365,0.9598214285714285,1.411111111111111,0.9147058823529413,1.1458333333333335,1.0526315789473684,1.024137931034483
"Madrigal, Nick",663611,2023,0.7710526315789473,0.2949320004256236,0.9641186477738447,0.8820132013201321,1.7141313607746174,0.5241379310344828,0.912165386649887,0.3764705882352941,0.6375266524520256,0.8873873873873874,0.09638554216867469,1.4472934472934476,0.16326530612244897,0.9430379746835444,1.0392156862745099
"Mahtook, Mikie",543484,2017,1.0186170212765957,0.8604481265419773,1.0096564764842066,0.9157119476268413,1.0461511071718814,0.0,0.0,0.8734177215189873,1.0512820512820513,0.959641255605381,0.8333333333333333,1.0516304347826089,0.8627450980392156,0.9310344827586207,1.0198019801980198
"Maldonado, Martin",455117,2017,0.8936170212765958,1.034763375145681,0.9709953980831812,0.9034369885433715,1.046840271274103,0.0,0.0,1.147679324894515,0.9076923076923077,0.73542600896861,0.8787878787878788,1.0298913043478262,0.8823529411764707,1.0581896551724137,1.0627062706270627
"Maldonado, Martin",455117,2018,0.8198924731182795,1.1556503869859407,0.9654366896180884,0.894823336072309,0.9331727567663823,0.0,0.0,1.1065573770491803,0.8188405797101451,0.9865470852017937,0.7183098591549295,1.0138888888888888,0.6808510638297872,1.092274678111588,1.105263157894737
"Maldonado, Martin",455117,2019,0.8857142857142858,0.9776011456289845,0.9934098698228592,0.9259882253994953,1.3718604350077679,0.0,0.0,0.9840000000000001,0.8976744186046512,0.7812499999999999,0.9871794871794872,1.1497175141242937,0.8596491228070176,0.9617834394904461,0.9781931464174454
"Maldonado, Martin",455117,2021,0.8394736842105264,1.3798576134166631,0.9827000252648191,0.8854337152209493,0.6814943713140059,0.0,0.0,1.142292490118577,0.7965738758029979,0.9363636363636363,0.6785714285714286,0.8813559322033898,0.9607843137254903,0.904862579281184,0.9030100334448161
"Maldonado, Martin",455117,2022,0.9024390243902439,1.1773119995903887,0.9964649872556487,0.892156862745098,0.7576368543532473,0.0,0.0,1.2936507936507937,1.0700218818380742,0.9816513761467889,1.0641025641025643,0.9385474860335197,1.5348837209302328,1.0461215932914047,0.9904153354632588
"Maldonado, Martin",455117,2023,0.981578947368421,1.416748904910601,0.9826184650638939,0.9018151815181518,0.6288253633276449,1.4551724137931035,1.0117555884083704,1.376470588235294,1.023454157782516,0.90990990990991,1.0843373493975903,0.9202279202279205,1.3673469387755102,1.0316455696202531,1.0490196078431373
"Mancini, Trey",641820,2017,1.1170212765957446,0.600208296682477,1.012077700735149,0.9451718494271686,1.5225673390764471,0.0,0.0,1.2109704641350212,1.1948717948717948,0.874439461883408,1.5151515151515151,1.1793478260869565,1.1764705882352942,1.0926724137931034,1.0891089108910892
"Mancini, Trey",641820,2018,1.0833333333333335,0.4254278183563929,1.0152995173188935,0.9449465899753492,1.6721104600881784,0.0,0.0,1.1352459016393444,1.173913043478261,0.8565022421524664,1.6619718309859155,1.2805555555555557,1.1702127659574468,1.0643776824034334,1.055921052631579
"Mancini, Trey",641820,2019,1.1012987012987012,0.6020832540228326,1.0165300254697789,0.9579478553406223,1.380564652940231,0.0,0.0,1.076,1.1186046511627907,1.1651785714285714,1.3205128205128205,1.192090395480226,1.3157894736842104,1.021231422505308,1.1246105919003115
"Mancini, Trey",641820,2021,1.0789473684210527,0.759268144760629,1.0011806478019727,0.9320785597381342,1.1922566362770748,0.0,0.0,1.1699604743083003,1.0235546038543897,1.0318181818181817,1.2380952380952381,1.0903954802259888,1.0,0.9936575052854123,1.1739130434782608
"Mancini, Trey",641820,2022,1.067750677506775,1.010746332682987,1.0114033221928802,0.9133986928104575,0.8731630413645582,0.0,0.0,1.0873015873015874,1.1137855579868707,1.165137614678899,1.2564102564102566,0.9106145251396649,1.069767441860465,1.008385744234801,1.035143769968051
"Mangum, Jake",663968,2025,0.8101604278074866,-0.03143063551694288,0.9738008626273855,0.8812042310821806,2.5898434860403254,0.5273972602739726,0.9356983352021718,0.7590361445783133,0.7709611451942741,0.8080357142857141,0.30000000000000004,1.561764705882353,0.1875,1.303157894736842,1.1586206896551725
"Manzardo, Kyle",700932,2025,1.0454545454545454,1.5734261979752557,1.0092165720105153,0.9056143205858421,0.537672493222313,0.726027397260274,0.9891447230747681,1.1124497991967874,1.0224948875255624,0.919642857142857,1.311111111111111,0.6823529411764707,1.6458333333333335,1.0189473684210526,0.920689655172414
"Margot, Manuel",622534,2017,0.9228723404255319,0.8584200440477197,0.9744732882120922,0.897708674304419,1.1167591020085512,0.0,0.0,0.9071729957805907,0.8333333333333334,1.0224215246636772,0.3939393939393939,1.0217391304347827,0.6666666666666667,0.980603448275862,0.9405940594059404
"Margot, Manuel",622534,2018,0.8817204301075269,0.8953694230644849,1.004964887146109,0.9276910435497124,1.145097074006815,0.0,0.0,0.8524590163934427,0.9251207729468599,1.0493273542600898,0.46478873239436624,1.0638888888888889,0.425531914893617,0.9957081545064379,0.799342105263158
"Margot, Manuel",622534,2019,0.7844155844155843,1.0878608052844503,0.9836072477609711,0.9217830109335575,1.3828353184878301,0.0,0.0,0.936,0.8767441860465117,0.8348214285714285,0.4487179487179488,1.194915254237288,0.6842105263157895,0.9235668789808918,0.778816199376947
"Margot, Manuel",622534,2021,0.8973684210526316,0.8306441808033367,0.9846058955236777,0.8968903436988542,1.1874100645848915,0.0,0.0,0.8142292490118576,0.9357601713062098,0.8727272727272727,0.6071428571428571,1.1779661016949152,0.5490196078431373,1.0718816067653278,0.9832775919732442
"Margot, Manuel",622534,2022,0.924119241192412,0.723488840209283,0.9926243675586844,0.9019607843137255,1.8074474956246356,0.0,0.0,0.9920634920634921,0.9431072210065645,1.0412844036697246,0.47435897435897434,1.111731843575419,0.3488372093023256,1.0985324947589101,1.0191693290734825
"Margot, Manuel",622534,2023,0.868421052631579,0.8117340949626701,0.9815956873167249,0.91996699669967,1.3654232653229181,1.4344827586206896,1.003532674349201,0.9686274509803922,0.8592750533049042,0.8558558558558559,0.4698795180722891,1.170940170940171,0.32653061224489793,1.0548523206751055,1.016339869281046
"Margot, Manuel",622534,2024,0.9090909090909092,1.0465376596928835,0.987276831018507,0.9152263374485597,1.031048424831909,0.7823129251700681,1.0020751549087472,0.828,0.8225108225108224,1.0,0.6125,0.9712643678160922,0.3333333333333333,1.0355648535564854,1.020066889632107
"Marisnick, Jake",545350,2015,0.9502762430939226,1.2549671297094938,0.9675532069538483,0.9210307564422278,0.7861791079164445,0.0,0.0,1.3169642857142856,0.7408376963350785,1.0046728971962617,1.0,0.963254593175853,0.95,1.0914893617021277,0.9259259259259259
"Marisnick, Jake",545350,2016,0.8897849462365592,0.9070244612967479,0.9684758259487707,0.9333888426311407,1.0518624115111233,0.0,0.0,1.1336206896551724,0.9025000000000001,0.8564814814814814,0.6769230769230768,1.1246612466124661,0.5217391304347826,1.1309012875536482,0.909090909090909
"Markakis, Nick",455976,2015,0.850828729281768,0.6123487494934947,0.999222898415778,0.9019118869492935,1.503810464401073,0.0,0.0,0.5178571428571429,0.9293193717277486,0.883177570093458,0.14545454545454548,1.1443569553805775,0.15,0.8978723404255319,1.0246913580246915
"Markakis, Nick",455976,2016,0.9596774193548386,0.9084685539187745,1.0230821631871225,0.9517069109075771,1.0291975949911474,0.0,0.0,0.5517241379310345,1.1875,1.0509259259259258,0.7538461538461539,0.962059620596206,0.5652173913043479,0.8776824034334764,0.8620689655172414
"Markakis, Nick",455976,2017,0.9069148936170214,0.7227105764818811,1.009372724681149,0.9361702127659575,1.3344683501053762,0.0,0.0,0.649789029535865,1.0025641025641026,0.9327354260089686,0.5,1.0108695652173914,0.33333333333333337,0.8771551724137929,0.9669966996699669
"Markakis, Nick",455976,2018,0.9569892473118279,0.8018879592578397,1.023362394878315,0.8981101068200492,1.2392902558058518,0.0,0.0,0.4672131147540984,1.0942028985507248,1.1838565022421526,0.4366197183098592,0.9694444444444444,0.5319148936170213,0.8669527896995709,0.8092105263157896
"Markakis, Nick",455976,2019,0.9376623376623376,0.5663341616702868,1.0269446925944592,0.9646761984861227,1.5636595891593303,0.0,0.0,0.528,1.1651162790697676,1.1116071428571428,0.38461538461538464,1.096045197740113,0.43859649122807015,0.8874734607218684,0.9688473520249221
"Marsh, Brandon",669016,2022,1.1355013550135502,0.8881852869732637,0.9963333291503879,0.8905228758169934,0.8411880567512082,0.0,0.0,1.1746031746031746,0.9715536105032822,1.1559633027522935,0.9615384615384616,0.9664804469273742,0.9534883720930234,0.9958071278825996,1.073482428115016
"Marsh, Brandon",669016,2023,1.0736842105263158,0.952793116492056,1.019112415237019,0.9125412541254124,0.9548829591271645,0.7724137931034484,1.0132472175017417,1.0823529411764707,1.191897654584222,1.0,1.1084337349397588,0.9401709401709403,0.9387755102040815,0.8902953586497889,1.0359477124183007
"Marsh, Brandon",669016,2024,1.1844919786096257,1.0182049952362258,1.0278534671840178,0.9061728395061728,0.9008683054101614,0.7210884353741497,1.0154085800865493,1.104,1.158008658008658,1.262443438914027,1.25,0.8448275862068966,1.311111111111111,0.8619246861924685,1.020066889632107
"Marsh, Brandon",669016,2025,1.106951871657754,0.9246372715022798,1.0180100660933722,0.903986981285598,0.9480398981579319,0.9383561643835617,1.0008918313900907,0.9437751004016065,1.112474437627812,1.1964285714285714,0.9444444444444444,0.8970588235294118,0.8333333333333334,0.985263157894737,1.0827586206896553
"Marte, Jefry",527043,2016,0.9838709677419355,1.0673101619326175,1.0069369194895033,0.9184013322231473,1.0880088861334987,0.0,0.0,1.1508620689655171,1.04,0.8703703703703703,1.0615384615384615,1.018970189701897,1.608695652173913,0.9871244635193133,0.9435736677115986
"Marte, Ketel",606466,2016,0.7795698924731183,0.5139660521560748,0.9500671058904181,0.9450457951706911,1.7934212408793935,0.0,0.0,0.8146551724137929,0.6275000000000001,0.9814814814814814,0.04615384615384615,1.3956639566395665,0.06521739130434782,1.03862660944206,1.0344827586206895
"Marte, Ketel",606466,2018,0.89247311827957,0.4474341879568641,1.002265632325345,0.9457682826622842,1.5277314444580745,0.0,0.0,0.6639344262295082,0.9758454106280195,0.8340807174887893,0.7042253521126761,1.2472222222222222,0.6808510638297872,0.9785407725321889,0.8914473684210528
"Marte, Ketel",606466,2019,1.0545454545454547,0.8944504260198406,1.0121077349697374,0.9781328847771236,1.1905553599171412,0.0,0.0,0.708,1.083720930232558,1.075892857142857,1.1923076923076925,1.0084745762711864,1.1578947368421053,1.010615711252654,1.0155763239875388
"Marte, Ketel",606466,2021,1.094736842105263,0.7807621790836211,1.0228192246024927,0.9492635024549918,1.646541956224383,0.0,0.0,0.6837944664031619,1.1970021413276233,1.0999999999999999,1.0595238095238095,1.0451977401129944,0.9803921568627452,0.9704016913319239,0.8929765886287627
"Marte, Ketel",606466,2022,0.9322493224932249,1.0598249180410517,1.0170471352850332,0.9395424836601307,1.1217576954942323,0.0,0.0,0.8293650793650793,1.1684901531728666,0.963302752293578,0.782051282051282,0.9050279329608939,0.6976744186046512,0.9643605870020965,1.012779552715655
"Marte, Ketel",606466,2023,0.9605263157894737,0.8314986588530652,1.0225628780108544,0.9661716171617161,1.2992751005871435,1.4068965517241379,1.0238689837166395,0.8078431372549019,1.1044776119402986,0.9504504504504504,0.9638554216867469,1.0854700854700856,1.1020408163265305,0.959915611814346,0.8856209150326798
"Marte, Ketel",606466,2024,1.2032085561497325,0.6929315459401381,1.0569264549235722,0.9629629629629629,1.3296546086245657,1.0748299319727892,1.0293562212342504,0.852,1.4090909090909092,0.9909502262443438,1.5375,1.0718390804597702,1.9555555555555553,1.00836820083682,0.9197324414715721
"Marte, Ketel",606466,2025,1.1203208556149733,1.1204823136060866,1.0155272000389055,0.9731489015459722,1.159224309180767,1.308219178082192,1.032614687973171,0.8955823293172691,1.2024539877300613,0.9642857142857143,1.5111111111111113,0.9911764705882353,1.4583333333333335,0.9536842105263159,0.9655172413793106
"Marte, Noelvi",682622,2025,0.9946524064171123,0.9479111484465348,0.9871928332349569,0.9495524816924329,1.0494389481348236,0.8424657534246576,1.0149343974130263,1.0923694779116468,0.852760736196319,0.9151785714285714,0.9666666666666666,1.1235294117647059,1.0625,1.0905263157894738,1.0931034482758621
"Marte, Starling",516782,2015,1.1160220994475138,0.47930013444068204,0.9898309775081037,0.9301745635910225,2.025197381992761,0.0,0.0,1.1785714285714286,1.0235602094240837,1.1168224299065421,1.2181818181818183,1.2677165354330708,1.0250000000000001,1.2170212765957447,1.0493827160493827
"Marte, Starling",516782,2016,1.0456989247311828,0.7606547329257568,0.981170726138665,0.929225645295587,1.1473176412046857,0.0,0.0,1.107758620689655,1.0075,1.1805555555555556,0.8461538461538461,1.146341463414634,0.5,1.167381974248927,1.1630094043887147
"Marte, Starling",516782,2017,0.9680851063829787,0.7583739804777972,0.9469303056367797,0.8993453355155483,1.2284350122094063,0.0,0.0,0.9704641350210971,0.8538461538461539,0.9417040358744394,0.8787878787878788,1.1847826086956523,0.5686274509803922,1.0754310344827585,1.0066006600660067
"Marte, Starling",516782,2018,1.0295698924731183,0.715608301899545,0.9972373777479122,0.9202958093672966,1.2553534457196964,0.0,0.0,0.9959016393442623,1.0,0.8878923766816144,1.0704225352112675,1.1749999999999998,0.9574468085106382,1.1609442060085837,1.0394736842105263
"Marte, Starling",516782,2019,1.0623376623376624,0.6235786970795505,0.9934161553058843,0.9386038687973086,1.4711697464980862,0.0,0.0,1.008,0.9906976744186047,1.0446428571428572,1.0512820512820515,1.172316384180791,0.8771929824561403,1.1358811040339705,1.043613707165109
"Marte, Starling",516782,2021,1.0263157894736843,0.31371821462851074,0.9777137478663208,0.9238952536824877,1.758461282741939,0.0,0.0,0.9802371541501976,0.9314775160599571,1.009090909090909,1.0,1.305084745762712,0.627450980392157,1.0380549682875264,1.0802675585284283
"Marte, Starling",516782,2022,1.048780487804878,0.5737988006869307,0.977791312437221,0.9256535947712418,1.342949353760701,0.0,0.0,0.9642857142857143,0.8533916849015317,1.2064220183486238,0.8717948717948719,1.2122905027932962,1.0,1.0398322851153041,1.0702875399361023
"Marte, Starling",516782,2023,0.9631578947368421,0.42284272669717127,0.9844382466114708,0.915016501650165,1.2339450085933348,0.0,0.9552261188740863,1.0901960784313727,0.931769722814499,0.9009009009009009,0.6867469879518072,1.2336182336182338,0.4081632653061224,1.128691983122363,1.1830065359477124
"Marte, Starling",516782,2024,1.0962566844919786,0.25203813534472214,0.9966718853068377,0.9127572016460905,1.8381538255150875,0.54421768707483,1.0021720417073503,1.14,1.0021645021645023,1.2262443438914028,0.8875,1.353448275862069,0.6000000000000001,1.0439330543933054,0.9732441471571907
"Marte, Starling",516782,2025,0.9625668449197861,0.7187781042494404,0.9644043081762261,0.903173311635476,1.3044537877151785,0.6849315068493151,0.9942342427559827,1.0722891566265063,0.9591002044989775,0.9419642857142855,0.8777777777777778,1.2,0.8125,1.048421052631579,0.9758620689655173
"Martin, Leonys",547982,2015,0.8314917127071824,0.7671533919558671,0.9915142002546901,0.916043225270158,1.623459857847458,0.0,0.0,1.2008928571428572,0.9162303664921465,0.7009345794392524,0.41818181818181815,1.1574803149606299,0.575,0.9914893617021276,1.1327160493827162
"Martin, Leonys",547982,2016,0.9059139784946237,1.0627518527809308,0.9791851860079022,0.9283930058284763,1.0282281781041855,0.0,0.0,1.2931034482758619,0.9375,0.8611111111111112,0.7846153846153846,1.0027100271002711,0.8695652173913044,1.0815450643776823,1.006269592476489
"Martin, Leonys",547982,2018,1.1478494623655915,1.381912296120872,0.993345075043133,0.9276910435497124,0.6797776710521948,0.0,0.0,1.057377049180328,1.142512077294686,0.959641255605381,1.5070422535211268,0.8472222222222222,0.9574468085106382,1.0858369098712446,0.8684210526315791
"Martin, Richie",621006,2019,0.7870129870129869,0.7010149957427078,0.927784365246906,0.9007569386038687,1.4237686676837376,0.0,0.0,1.152,0.6837209302325581,1.0,0.32051282051282054,1.4180790960451979,0.5263157894736842,1.1252653927813165,1.0623052959501558
"Martin, Russell",431145,2015,1.0331491712707184,0.8859429785469471,1.009766903818977,0.9268495428096426,1.0456182135288712,0.0,0.0,1.0491071428571428,1.1020942408376964,0.822429906542056,1.4909090909090912,1.0971128608923884,1.7000000000000002,0.8723404255319149,0.7438271604938271
"Martin, Russell",431145,2016,1.0618279569892473,0.8427000087598189,1.0070124799974778,0.9217318900915904,1.004821083974398,0.0,0.0,1.2931034482758619,1.0975,0.8287037037037036,1.4307692307692308,1.0514905149051492,1.3913043478260871,0.8347639484978541,0.7241379310344828
"Martin, Russell",431145,2017,0.9920212765957447,0.5698866024580141,1.0083114396578436,0.8911620294599019,1.4615226811927295,0.0,0.0,1.0,1.1487179487179489,1.0672645739910311,1.0909090909090906,1.1820652173913044,1.1372549019607845,0.8620689655172413,0.6600660066006601
"Martin, Russell",431145,2018,0.8413978494623656,0.8000562656399328,1.0235451260723942,0.8931799506984388,1.5666620526952304,0.0,0.0,1.0368852459016393,1.0966183574879227,0.695067264573991,0.8873239436619719,1.1944444444444444,1.0212765957446808,0.7360515021459229,0.48355263157894735
"Martinez, Angel",682657,2025,0.7994652406417112,1.3520231227496782,0.9706680125380363,0.8738812042310822,0.8039561532494848,1.2602739726027399,0.9672985762718501,0.8755020080321286,0.83640081799591,0.9598214285714285,0.38888888888888895,0.9764705882352942,0.6666666666666667,1.1305263157894738,1.2689655172413794
"Martinez, J.D.",502110,2015,1.461325966850829,1.4584970881987618,1.0333073919287743,0.9409808811305072,0.49984440124371843,0.0,0.0,1.3794642857142856,1.4424083769633507,1.1448598130841123,3.145454545454545,0.7244094488188977,2.25,1.1319148936170214,1.0339506172839508
"Martinez, J.D.",502110,2016,1.336021505376344,1.1284307278907058,1.0309492822423723,0.95503746877602,0.7861858230366644,0.0,0.0,1.2629310344827585,1.325,1.162037037037037,2.123076923076923,0.8346883468834689,1.3695652173913044,1.128755364806867,0.9843260188087773
"Martinez, J.D.",502110,2017,1.529255319148936,1.2767122227789094,1.0394318356775032,0.939443535188216,0.6078853668665104,0.0,0.0,1.3206751054852321,1.38974358974359,0.9506726457399103,2.9696969696969697,0.7907608695652174,2.8823529411764706,1.107758620689655,0.8811881188118813
"Martinez, J.D.",502110,2018,1.3978494623655915,0.8471560468625841,1.0503261758259284,0.9589153656532456,0.9953038452905825,0.0,0.0,1.1557377049180326,1.3454106280193239,1.116591928251121,2.2676056338028174,0.952777777777778,2.127659574468085,1.0815450643776823,1.0263157894736843
"Martinez, J.D.",502110,2019,1.2467532467532467,0.9638840353617197,1.0288036768287758,0.9470142977291841,0.8826116819755241,0.0,0.0,1.068,1.2255813953488373,1.1875,1.5384615384615385,0.8531073446327684,1.4385964912280702,1.050955414012739,1.0093457943925233
"Martinez, J.D.",502110,2021,1.2210526315789474,1.3364956860486237,1.037584805137917,0.9263502454991817,0.7192312391199915,0.0,0.0,1.1581027667984187,1.209850107066381,1.1409090909090909,1.4880952380952381,0.7627118644067797,1.2941176470588238,1.1479915433403807,1.0802675585284283
"Martinez, J.D.",502110,2022,1.1788617886178863,1.1182588690987656,1.0064169105763028,0.9117647058823528,0.7497987217589234,0.0,0.0,1.1944444444444444,1.0765864332603938,1.18348623853211,1.6025641025641026,0.8687150837988827,0.9534883720930234,1.0922431865828093,1.0511182108626198
"Martinez, J.D.",502110,2023,1.355263157894737,1.3127657692707964,1.049834614285083,0.9249174917491748,0.664964752024636,0.9655172413793105,1.0297022769658828,1.3490196078431371,1.3411513859275053,1.1126126126126126,2.0240963855421685,0.7720797720797723,2.306122448979592,1.120253164556962,1.019607843137255
"Martinez, J.D.",502110,2024,1.2245989304812834,1.0782105382314566,1.0256686397739325,0.9119341563786008,0.8166307340995176,0.6734693877551021,1.0325769162028995,1.26,1.1082251082251082,1.0723981900452488,1.8624999999999998,0.8563218390804598,1.2000000000000002,1.0146443514644352,1.0702341137123745
"Martinez, Jose A.",500874,2017,1.321808510638298,0.9329802535982645,1.0382491216981198,0.9124386252045826,1.0134588850727602,0.0,0.0,0.8818565400843882,1.228205128205128,1.1793721973094171,1.6363636363636362,0.8940217391304348,1.2941176470588238,0.8943965517241378,1.0165016501650166
"Martinez, Jose A.",500874,2018,1.1612903225806452,0.6346092949937657,1.0270639034431102,0.9350862777321282,1.3507001451699514,0.0,0.0,0.8811475409836066,1.1618357487922706,1.2466367713004485,1.3380281690140845,1.0944444444444443,0.8297872340425532,0.9313304721030042,1.0625000000000002
"Martinez, Jose A.",500874,2019,1.0675324675324676,0.5329973640107863,0.9977943947783551,0.9318755256518082,1.5452635939927497,0.0,0.0,0.9280000000000002,0.9790697674418605,1.1875,0.9102564102564102,1.1779661016949152,0.7017543859649122,0.9171974522292995,0.9937694704049844
"Martinez, Victor",400121,2015,0.9558011049723757,1.3491028152772058,0.9923554736493955,0.9052369077306733,0.6830206530085297,0.0,0.0,0.6116071428571428,1.0680628272251307,1.0186915887850467,0.7454545454545456,0.8976377952755906,0.7000000000000001,1.0255319148936168,1.095679012345679
"Martinez, Victor",400121,2016,1.077956989247312,1.3107308124351011,1.0151662218697817,0.9175686927560367,0.7976004992332039,0.0,0.0,0.7456896551724136,1.2475,1.0787037037037037,1.2923076923076924,0.7967479674796748,1.2608695652173916,1.0064377682403434,1.1128526645768024
"Martinez, Victor",400121,2017,0.9494680851063829,1.0896494897856384,1.0124519829412324,0.876432078559738,0.8688930574164093,0.0,0.0,0.679324894514768,1.0487179487179488,1.040358744394619,0.8333333333333333,0.9021739130434784,0.5882352941176471,1.0064655172413792,0.9339933993399339
"Martinez, Victor",400121,2018,0.8682795698924731,1.1036407577541267,0.990969102325739,0.8841413311421528,0.8736758891504856,0.0,0.0,0.5860655737704918,0.8309178743961353,0.9910313901345292,0.6619718309859155,0.9027777777777778,0.44680851063829785,1.055793991416309,1.1282894736842106
"Massey, Michael",686681,2023,1.0026315789473683,1.4939524596569387,0.9890252372681401,0.9100660066006601,0.6566229002967284,1.696551724137931,0.9918107975925828,0.8862745098039216,1.0426439232409381,1.0810810810810811,0.9397590361445782,0.7264957264957266,0.9183673469387754,1.0970464135021096,1.0261437908496733
"Massey, Michael",686681,2024,0.9491978609625668,1.2420617654529873,1.001047706621142,0.9053497942386831,0.8313568620914761,1.3333333333333335,0.993228968949319,0.716,1.0822510822510822,0.9547511312217193,0.8875,0.8936781609195403,1.1111111111111112,1.087866108786611,1.2173913043478262
"Massey, Michael",686681,2025,0.7887700534759358,1.6511293989831048,0.9739700349546697,0.8828315703824247,0.5523362884920124,1.2054794520547945,0.9786656516836573,0.746987951807229,0.8220858895705522,0.8973214285714286,0.4555555555555556,0.7382352941176471,0.2916666666666667,1.1305263157894738,1.1724137931034484
"Mateo, Jorge",622761,2022,0.959349593495935,1.161704266783495,0.973571073074294,0.9093137254901961,0.8712008772266603,0.0,0.0,1.246031746031746,0.8271334792122537,0.9449541284403669,0.7692307692307693,1.016759776536313,0.8604651162790697,1.1215932914046123,1.1309904153354633
"Mateo, Jorge",622761,2023,0.9289473684210525,0.8155940194415118,0.9891394308166727,0.9273927392739274,1.0362064578453116,1.0,1.0316260677568814,1.1176470588235292,0.9104477611940298,0.7747747747747747,0.6506024096385542,1.1310541310541313,0.5918367346938775,1.048523206751055,1.1699346405228759
"Mauer, Joe",408045,2015,1.0359116022099448,0.366505205654949,1.0102686482075167,0.8944305901911886,1.7424386538272072,0.0,0.0,0.7544642857142857,1.1570680628272252,1.1401869158878504,0.6727272727272727,1.2309711286089238,0.525,0.8744680851063829,1.0246913580246915
"Mauer, Joe",408045,2016,1.0268817204301075,0.3209423072750782,1.014003671990762,0.8992506244796004,1.5825583798305436,0.0,0.0,0.6637931034482758,1.1225,1.162037037037037,0.9230769230769231,1.2032520325203253,0.5869565217391305,0.7703862660944205,0.9529780564263322
"Mauer, Joe",408045,2017,1.0345744680851063,0.471771790031701,1.031460772265429,0.8854337152209493,1.8294232181826235,0.0,0.0,0.5400843881856541,1.2564102564102564,1.2376681614349776,0.6818181818181818,1.0869565217391306,0.3137254901960785,0.7866379310344827,0.8514851485148515
"Mauer, Joe",408045,2018,1.0483870967741935,0.35067794540315905,1.0288063123422124,0.8841413311421528,1.7408769075809825,0.0,0.0,0.6311475409836066,1.1328502415458936,1.0986547085201794,0.7183098591549295,1.1694444444444445,0.3191489361702127,0.7553648068669526,0.8585526315789475
"Maybin, Cameron",457727,2015,0.9640883977900552,0.18274647512356623,0.9982160402676219,0.9118869492934332,2.631079414493701,0.0,0.0,0.9151785714285714,0.9738219895287958,0.9345794392523366,0.49090909090909096,1.4015748031496065,0.625,0.925531914893617,0.8981481481481481
"Maybin, Cameron",457727,2016,0.8978494623655915,0.3969108733338845,0.9915366812283871,0.9367194004995837,2.117206481124646,0.0,0.0,0.8965517241379309,0.8325000000000001,0.8703703703703703,0.44615384615384623,1.4037940379403795,0.3043478260869566,0.8991416309012875,0.8150470219435736
"Maybin, Cameron",457727,2017,0.8723404255319149,0.3764248812508036,0.9963225270511458,0.8936170212765957,1.8890600632197982,0.0,0.0,0.9915611814345991,0.8923076923076922,0.9641255605381166,0.5,1.296195652173913,0.6470588235294119,0.8060344827586206,0.858085808580858
"Maybin, Cameron",457727,2018,0.9381720430107526,0.6244074050148141,0.9793727574916243,0.9120788824979458,1.5526739986533085,0.0,0.0,0.8524590163934427,0.8719806763285025,1.1524663677130045,0.5774647887323945,1.1666666666666667,0.3191489361702127,0.8884120171673819,0.8388157894736843
"Mazara, Nomar",608577,2016,1.0053763440860215,0.7266159559761829,0.9925128484065668,0.980849292256453,1.2613729394185067,0.0,0.0,0.8793103448275861,0.96,0.9675925925925924,1.0461538461538462,1.1734417344173442,1.065217391304348,0.9592274678111589,1.2413793103448276
"Mazara, Nomar",608577,2017,0.9707446808510638,0.9364716557946823,1.0163460621159186,0.9296235679214402,1.094909467404036,0.0,0.0,1.0843881856540085,1.141025641025641,0.9103139013452914,0.9848484848484848,1.1521739130434783,0.9215686274509804,0.9935344827586206,1.2343234323432342
"Mazara, Nomar",608577,2018,1.0618279569892473,0.41631327705229043,1.0215375947040604,0.962202136400986,1.582677360946126,0.0,0.0,1.040983606557377,1.2077294685990339,0.8699551569506727,1.1971830985915493,1.2472222222222222,1.127659574468085,0.9914163090128756,1.25
"Mazara, Nomar",608577,2019,1.0805194805194804,0.8301790080041994,1.0030893047012628,0.9638351555929352,1.2724111062422816,0.0,0.0,1.096,1.044186046511628,1.0357142857142858,1.3846153846153848,1.0310734463276836,1.0350877192982455,1.0764331210191085,1.1775700934579438
"McCann, Brian",435263,2015,0.9005524861878453,1.513834261189933,1.006928219401399,0.9359933499584372,0.6180577294543125,0.0,0.0,0.7767857142857142,1.1701570680628273,0.822429906542056,0.9636363636363636,0.763779527559055,1.7500000000000002,0.8957446808510638,1.2283950617283952
"McCann, Brian",435263,2016,0.9865591397849462,1.5926588265771906,1.0030870719373894,0.9075770191507078,0.5682903557036578,0.0,0.0,0.8491379310344827,1.125,0.9953703703703703,0.8769230769230769,0.7289972899728998,1.3043478260869565,0.924892703862661,1.2507836990595613
"McCann, Brian",435263,2017,0.8962765957446809,1.1615635611372235,0.9979283578719981,0.8707037643207857,0.8683184469863748,0.0,0.0,0.7215189873417722,1.0128205128205128,0.937219730941704,0.8181818181818181,0.9266304347826088,1.196078431372549,0.9267241379310344,1.1716171617161717
"McCann, Brian",435263,2019,0.864935064935065,0.8690854035830152,0.997862186097299,0.9100084104289319,1.1168041429311237,0.0,0.0,0.764,1.0116279069767442,0.9508928571428571,0.7307692307692308,1.0310734463276836,0.9122807017543859,0.932059447983015,1.0623052959501558
"McCann, James",543510,2015,0.9447513812154698,0.790416384946625,0.9972078987696318,0.9002493765586035,1.3800467109733279,0.0,0.0,1.1294642857142856,1.0863874345549738,1.0514018691588787,0.6363636363636365,1.1049868766404198,0.575,1.1106382978723406,1.0493827160493827
"McCann, James",543510,2016,1.053763440860215,1.3551282478638773,0.9957375484719151,0.9117402164862615,0.6679282351167039,0.0,0.0,1.2198275862068964,1.0025,0.6435185185185186,1.4923076923076926,0.8915989159891599,1.108695652173913,0.9957081545064379,1.006269592476489
"McCann, James",543510,2017,1.0797872340425532,1.2955737169234978,0.9966323568542206,0.8936170212765957,0.8828075341979463,0.0,0.0,1.0168776371308017,1.0128205128205128,1.2286995515695067,1.196969696969697,0.828804347826087,0.9607843137254903,1.081896551724138,1.033003300330033
"McCann, James",543510,2018,0.9516129032258064,1.2891492970634109,0.9913006722178362,0.9153656532456861,0.8294198710754854,0.0,0.0,1.0901639344262297,1.002415458937198,1.0179372197309415,0.7183098591549295,0.9222222222222223,0.5531914893617021,1.0236051502145922,1.0888157894736843
"McCann, James",543510,2019,1.1090909090909091,0.8355418578696293,1.014975422071987,0.9419680403700589,1.22918694976696,0.0,0.0,1.148,1.1023255813953488,1.0624999999999998,1.1923076923076925,1.0,1.0526315789473684,1.0530785562632698,1.071651090342679
"McCann, James",543510,2021,0.9236842105263158,0.7189585607911616,0.980594202860515,0.9206219312602291,1.2701895090873812,0.0,0.0,1.0711462450592886,0.9850107066381155,1.0181818181818183,0.7261904761904762,1.2457627118644068,0.7450980392156863,1.0591966173361522,1.1638795986622072
"McCarthy, Jake",664983,2022,0.9512195121951219,0.5137845208087735,0.9706565446038307,0.8831699346405227,1.3411784315359614,0.0,0.0,1.130952380952381,0.8774617067833698,1.0229357798165137,0.5256410256410258,1.2709497206703912,0.6744186046511629,1.1006289308176103,0.8626198083067093
"McCarthy, Jake",664983,2023,0.8473684210526315,0.49760368432700386,0.9436414456152976,0.8952145214521452,1.382765850624873,0.8758620689655173,0.9738144473808059,0.8784313725490197,0.6247334754797441,0.9414414414414414,0.2771084337349397,1.3504273504273505,0.18367346938775508,1.0632911392405062,1.0261437908496733
"McCarthy, Jake",664983,2024,0.8903743315508021,0.5596043526095978,0.928229385919176,0.8773662551440329,1.3449110163139915,0.6190476190476191,0.9255569149037686,0.716,0.6103896103896103,0.8416289592760181,0.3375,1.3074712643678161,0.4888888888888888,1.0230125523012552,1.0367892976588629
"McCormick, Chas",676801,2022,1.0704607046070462,0.9720367942857451,0.9822503788891238,0.8978758169934641,0.7444863826371496,0.0,0.0,1.2896825396825398,0.9496717724288839,0.9495412844036697,1.3333333333333335,0.9916201117318436,1.302325581395349,1.0104821802935011,1.038338658146965
"McCormick, Chas",676801,2023,1.0894736842105261,1.132564886584265,0.9817518145665449,0.9026402640264026,0.6844621753093089,0.35172413793103446,0.9883266136458057,1.1568627450980393,0.8955223880597015,1.0090090090090091,1.3493975903614457,0.925925925925926,1.5714285714285714,1.0274261603375527,1.0718954248366015
"McCutchen, Andrew",457705,2015,1.2430939226519337,1.2474580032986846,1.0260257576691414,0.9260182876142976,0.7200518932318838,0.0,0.0,1.1696428571428572,1.2670157068062826,1.3551401869158877,1.6909090909090911,0.8425196850393701,1.3,0.9382978723404256,0.8148148148148149
"McCutchen, Andrew",457705,2016,1.0698924731182797,1.4050755341333019,1.0113039535596162,0.9275603663613656,0.7138768797765939,0.0,0.0,1.0991379310344827,1.2174999999999998,1.0,1.3076923076923077,0.7940379403794038,1.1304347826086958,1.0,0.8150470219435736
"McCutchen, Andrew",457705,2017,1.0558510638297873,1.177475390741843,1.0101159367031685,0.8960720130932897,0.9345740877200973,0.0,0.0,0.8902953586497889,1.164102564102564,1.0134529147982063,1.1666666666666665,0.9021739130434784,1.215686274509804,0.9612068965517241,0.759075907590759
"McCutchen, Andrew",457705,2018,1.0645161290322582,1.060049084703594,1.0165234099390132,0.9112571898110107,0.9190282235019583,0.0,0.0,0.9262295081967215,1.1352657004830917,1.053811659192825,1.183098591549296,0.9555555555555555,1.0,0.8540772532188842,0.6348684210526316
"McCutchen, Andrew",457705,2021,1.0105263157894737,1.1398555925110596,1.000012477399618,0.90671031096563,0.8979335949072779,0.0,0.0,1.023715415019763,1.0556745182012848,0.9454545454545454,1.0357142857142856,0.9632768361581922,1.4901960784313726,0.8816067653276956,0.7558528428093646
"McCutchen, Andrew",457705,2022,1.005420054200542,1.0506857444533753,1.006031249938131,0.90359477124183,0.9113639244242575,0.0,0.0,0.9603174603174603,1.0678336980306344,1.0688073394495412,1.076923076923077,0.9860335195530726,1.0,0.9392033542976941,0.7316293929712461
"McCutchen, Andrew",457705,2023,0.9947368421052631,0.954458096612661,1.0079765867756412,0.9059405940594059,1.046983643654951,0.8275862068965517,0.9989031672764879,1.0784313725490198,1.0916844349680173,1.1216216216216215,0.8192771084337349,0.9914529914529915,0.8367346938775511,0.8755274261603376,0.7254901960784313
"McCutchen, Andrew",457705,2024,1.0320855614973263,1.0760096054649442,0.9974035171484017,0.9037037037037037,0.9080036969411878,0.6802721088435375,1.0260894476576126,1.156,0.9826839826839826,0.8868778280542986,1.5,1.043103448275862,1.4,0.8786610878661089,0.665551839464883
"McCutchen, Andrew",457705,2025,1.0106951871657754,1.0754338105545898,1.0028836934976548,0.8966639544344995,1.0181620739672037,0.7328767123287672,0.9963079017322921,1.0562248995983936,1.0245398773006136,1.013392857142857,0.9222222222222223,0.9529411764705882,0.75,0.9578947368421052,0.7586206896551725
"McKinstry, Zach",656716,2023,0.9447368421052631,1.3890911068959357,0.9790810938755936,0.8935643564356435,0.5834933761565382,0.6344827586206897,0.9473177539740628,0.7921568627450981,0.8038379530916845,1.1486486486486487,0.9156626506024095,0.8717948717948719,0.5102040816326531,0.9936708860759492,0.954248366013072
"McKinstry, Zach",656716,2024,0.9090909090909092,1.3762728174183485,0.9876680001228043,0.8897119341563785,0.5988358967693306,0.8775510204081634,0.9422887923549873,0.8960000000000001,0.7922077922077921,1.2352941176470589,0.43750000000000006,0.7729885057471265,0.39999999999999997,0.993723849372385,0.9665551839464883
"McKinstry, Zach",656716,2025,0.9197860962566844,1.0481082271805795,0.9598338181518816,0.8844589096826688,0.9649248413414676,0.7397260273972603,0.9463224011535284,0.9196787148594379,0.7239263803680982,1.1785714285714286,0.6777777777777777,1.0147058823529411,0.7291666666666667,0.9831578947368421,0.9379310344827588
"McLain, Matt",680574,2023,1.1289473684210527,1.032581292288118,1.000022600685038,0.9067656765676568,0.8869224766303091,0.9862068965517241,0.9847706718398025,1.1019607843137256,0.9808102345415779,1.1711711711711712,1.3012048192771084,0.8660968660968662,1.3061224489795917,0.8818565400843882,0.9738562091503268
"McLain, Matt",680574,2025,0.9652406417112299,1.2128772403466037,0.9891146618636915,0.8942229454841334,0.7732708038888174,0.8287671232876712,0.9699682365315108,1.1526104417670684,0.8773006134969326,0.9687499999999999,0.8666666666666667,0.8529411764705881,0.8958333333333334,0.9052631578947369,1.0379310344827586
"McMahon, Ryan",641857,2019,1.0987012987012987,0.6801223959786411,1.0323079008396878,0.9495374264087468,1.5998941250935037,0.0,0.0,1.3,1.1627906976744187,1.1026785714285714,1.1666666666666667,1.0847457627118644,1.3157894736842104,1.0530785562632698,0.8691588785046729
"McMahon, Ryan",641857,2021,1.0157894736842106,1.117738282223178,1.0140451950995575,0.9124386252045826,0.7810226754906228,0.0,0.0,1.1541501976284585,0.987152034261242,1.1227272727272728,0.8095238095238095,0.9124293785310736,1.1176470588235294,1.0317124735729386,0.8361204013377926
"McMahon, Ryan",641857,2022,1.116531165311653,0.8476565281593559,1.0316330911561507,0.928921568627451,1.1087140013605787,0.0,0.0,1.1190476190476188,1.1269146608315097,1.0321100917431192,1.3461538461538463,0.9664804469273742,1.2558139534883723,0.947589098532495,0.8626198083067093
"McMahon, Ryan",641857,2023,1.181578947368421,0.7550508549543669,1.0176882711492754,0.933993399339934,0.9781727873985587,0.6482758620689656,1.0023338364439465,1.2666666666666668,1.0533049040511726,1.0,1.3734939759036144,0.925925925925926,1.3061224489795917,1.0,0.8333333333333334
"McMahon, Ryan",641857,2024,1.1229946524064172,0.7584599086784917,1.036936339309268,0.9300411522633745,1.3449110163139915,0.4693877551020409,1.0179896019313437,1.204,1.2229437229437228,1.0678733031674206,1.3625,1.0201149425287357,1.1555555555555557,0.9811715481171548,0.9030100334448161
"McMahon, Ryan",641857,2025,1.141711229946524,1.0165096952307666,1.0272600578169762,0.9243287225386492,0.9487188014098096,0.5068493150684932,1.0185185286564422,1.4136546184738954,1.1615541922290389,0.8883928571428572,1.3444444444444443,0.9500000000000002,1.2916666666666667,0.9515789473684211,0.9241379310344829
"McNeil, Jeff",643446,2018,0.9005376344086022,1.218752840224658,0.9778362672367665,0.867707477403451,0.6307738119529066,0.0,0.0,0.6598360655737706,0.785024154589372,0.852017937219731,0.35211267605633806,0.9583333333333334,0.3191489361702127,1.199570815450644,1.0
"McNeil, Jeff",643446,2019,0.9532467532467532,1.042167099104954,0.9979153088260176,0.9015979814970563,0.9124831693423097,0.0,0.0,0.8,0.9930232558139533,0.9821428571428571,0.6153846153846154,0.9858757062146892,0.9298245614035087,1.2738853503184715,1.0373831775700935
"McNeil, Jeff",643446,2021,0.8578947368421053,0.9319413861817806,0.9904179692766897,0.8862520458265138,1.2701895090873812,0.0,0.0,0.7233201581027668,0.8950749464668093,0.9818181818181819,0.5119047619047619,1.0677966101694916,0.411764705882353,1.1860465116279073,0.8160535117056856
"McNeil, Jeff",643446,2022,0.888888888888889,0.9931795329650176,0.9790611347985525,0.8986928104575163,0.9245255732095322,0.0,0.0,0.6349206349206349,0.7308533916849015,1.146788990825688,0.3461538461538462,0.9748603351955307,0.4418604651162791,1.1257861635220128,0.8530351437699681
"McNeil, Jeff",643446,2023,0.7578947368421052,1.1041035283228926,0.9626077048552829,0.8993399339933993,1.062016169175578,1.0689655172413794,0.941491365775173,0.5333333333333334,0.7057569296375267,1.0360360360360361,0.1566265060240964,1.0484330484330486,0.38775510204081626,1.1139240506329116,0.9183006535947713
"McNeil, Jeff",643446,2024,0.8021390374331551,1.1059351756704667,0.9776642403166967,0.8864197530864197,0.9973604867280993,1.4557823129251701,0.9647965188352027,0.704,0.8614718614718615,1.0316742081447963,0.3875,0.9454022988505747,0.7333333333333334,1.1569037656903767,0.9030100334448161
"McNeil, Jeff",643446,2025,0.877005347593583,1.1561159730992956,0.9762134216669989,0.8714401952807159,0.8044898114992356,1.2945205479452055,0.9883366858436337,0.674698795180723,0.8875255623721882,1.0714285714285714,0.5777777777777778,0.9088235294117647,0.7291666666666667,1.1115789473684212,0.8241379310344829
"Meadows, Austin",640457,2019,1.1792207792207792,1.2876723339123213,1.0175739714696206,0.9705634987384356,0.7850269595150333,0.0,0.0,0.94,1.130232558139535,1.1517857142857142,1.6025641025641026,0.7937853107344633,1.456140350877193,0.8959660297239915,0.9439252336448598
"Meadows, Austin",640457,2021,0.9631578947368421,1.7075333277933273,1.0048071201093955,0.9026186579378068,0.5003025084621521,0.0,0.0,0.9644268774703556,0.9828693790149892,0.9818181818181819,1.0357142857142856,0.6581920903954803,1.3137254901960786,0.985200845665962,0.9498327759197325
"Meidroth, Chase",805367,2025,0.8128342245989305,0.5138526771633938,0.9853522301803381,0.8714401952807159,1.6803470185109113,0.7739726027397261,0.9379048219972819,0.5301204819277109,0.7852760736196319,0.7678571428571428,0.17777777777777778,1.276470588235294,0.27083333333333337,0.8063157894736841,0.9482758620689657
"Mejia, Francisco",642336,2021,0.7973684210526315,1.1491057051817104,0.9615702197082763,0.8756137479541735,0.8613213174367046,0.0,0.0,0.8142292490118576,0.9486081370449677,0.95,0.5357142857142857,1.03954802259887,0.5882352941176471,1.1670190274841439,1.4180602006688963
"Mejia, Francisco",642336,2022,0.872628726287263,1.2468028607389594,0.9805343376433755,0.886437908496732,0.9194941415185959,0.0,0.0,0.9325396825396826,0.8468271334792122,1.3027522935779816,0.3461538461538462,0.8184357541899441,0.6279069767441862,1.2830188679245282,1.4440894568690097
"Melendez, MJ",669004,2022,1.075880758807588,1.2216036432493624,1.0249459643874386,0.9052287581699345,0.8241089379171112,0.0,0.0,1.1031746031746035,1.1400437636761487,0.9678899082568806,1.3333333333333335,0.8882681564245811,1.2558139534883723,0.9371069182389938,0.8817891373801917
"Melendez, MJ",669004,2023,1.0894736842105261,1.3197138424842216,1.048317399772896,0.933993399339934,0.8063183703643759,0.5172413793103449,1.0120968759146762,1.3529411764705883,1.1705756929637527,1.0360360360360361,1.3855421686746987,0.7150997150997153,0.8979591836734692,1.0084388185654007,0.9215686274509803
"Melendez, MJ",669004,2024,1.0614973262032086,1.10821240526679,1.0278231360320884,0.9292181069958848,0.9451677603683937,1.217687074829932,1.0195270976757582,1.188,1.158008658008658,0.8552036199095021,1.05,1.0057471264367817,1.2666666666666666,1.098326359832636,0.9230769230769231
"Meneses, Joey",608841,2023,0.868421052631579,0.7335651935487446,1.0048601120804221,0.9141914191419142,1.4939130956751003,1.1241379310344828,0.9803556391413571,0.9254901960784313,0.9637526652452026,0.9684684684684685,0.6506024096385542,1.1367521367521372,0.5510204081632653,1.0042194092827004,1.1111111111111112
"Meneses, Joey",608841,2024,0.8475935828877006,0.6259032410077575,1.0025728723484308,0.9399176954732511,1.186678375749933,0.7755102040816327,0.9929407038102789,0.916,0.9848484848484848,0.7873303167420813,0.5625,1.1810344827586206,0.2888888888888889,1.0627615062761506,1.0903010033444818
"Mercado, Oscar",640458,2019,0.8961038961038961,1.1561566392092921,0.9874038401250547,0.92094196804037,0.9048468638620647,0.0,0.0,0.94,0.9139534883720931,1.0044642857142856,0.5384615384615385,0.92090395480226,0.7368421052631579,1.078556263269639,0.8785046728971961
"Mercer, Jordy",474568,2015,0.9226519337016575,0.7501496782351396,0.9861961497602155,0.8960931005818786,1.113991972308271,0.0,0.0,0.7589285714285714,0.8664921465968586,1.0420560747663552,0.39999999999999997,1.1286089238845145,0.22499999999999998,0.9446808510638297,1.027777777777778
"Mercer, Jordy",474568,2016,0.8252688172043011,0.9428420928015883,0.9811316231372075,0.8859283930058286,1.1369081619147794,0.0,0.0,0.6551724137931033,0.7249999999999999,0.8240740740740741,0.3538461538461538,1.132791327913279,0.5434782608695653,0.9399141630901287,1.0250783699059562
"Mercer, Jordy",474568,2017,0.8617021276595745,0.7768806664543693,0.9791011432649231,0.8698854337152209,1.1816374879347622,0.0,0.0,0.6582278481012658,0.8999999999999998,1.0852017937219731,0.46969696969696967,1.1195652173913042,0.6666666666666667,0.898706896551724,0.9768976897689768
"Mercer, Jordy",474568,2018,0.9731182795698925,1.033856154201837,0.9890033649787356,0.9046836483155299,0.996492267792422,0.0,0.0,0.9139344262295083,0.8816425120772947,1.2286995515695067,0.676056338028169,0.8861111111111112,0.40425531914893614,0.9484978540772533,1.036184210526316
"Merrifield, Whit",593160,2016,0.9435483870967741,1.077470040916156,0.9935987656467034,0.8917568692756036,1.1975162740235588,0.0,0.0,0.8793103448275861,1.02,1.0787037037037037,0.44615384615384623,1.02710027100271,0.1739130434782609,1.0300429184549356,1.0752351097178685
"Merrifield, Whit",593160,2017,0.9547872340425532,1.3559260048111523,0.999847838887081,0.9042553191489362,0.710602407062672,0.0,0.0,0.7426160337552742,0.8974358974358975,1.147982062780269,0.7878787878787878,0.8641304347826088,0.7450980392156863,1.0905172413793103,1.023102310231023
"Merrifield, Whit",593160,2018,1.0080645161290323,1.3241485134689976,0.981332388993695,0.8742810188989318,0.7322487252908195,0.0,0.0,0.7827868852459018,0.8864734299516909,1.2376681614349776,0.647887323943662,0.8527777777777777,0.4893617021276595,1.0236051502145922,1.0164473684210527
"Merrifield, Whit",593160,2019,0.9584415584415584,1.205540247894989,0.9760675067140658,0.881412952060555,0.8476240835127695,0.0,0.0,0.804,0.7604651162790699,1.25,0.576923076923077,0.8870056497175142,0.5087719298245614,1.0467091295116773,0.9781931464174454
"Merrifield, Whit",593160,2020,0.906801007556675,1.210174029451138,0.9637473874319716,0.893581081081081,0.6862276105095949,0.0,0.0,0.6230769230769231,0.6529284164859002,1.1805555555555556,0.5862068965517242,0.8882521489971347,0.7000000000000001,1.062634989200864,0.9265175718849838
"Merrifield, Whit",593160,2021,0.8657894736842106,1.0993223311819995,0.9727587149068804,0.8821603927986906,0.9709782008443564,0.0,0.0,0.7193675889328063,0.6809421841541755,1.2454545454545456,0.4166666666666667,0.9915254237288135,0.33333333333333337,1.054968287526427,0.9765886287625418
"Merrifield, Whit",593160,2022,0.872628726287263,1.1916146958424143,0.9759032589331057,0.8790849673202613,0.7411237521826005,0.0,0.0,0.7738095238095238,0.7352297592997812,0.9816513761467889,0.5384615384615385,1.0027932960893855,0.6046511627906977,1.0628930817610065,0.9201277955271564
"Merrifield, Whit",593160,2023,0.8105263157894737,1.1308884760497149,0.9556536433306603,0.8754125412541254,0.8261967893564098,0.917241379310345,0.9102654392504744,0.7686274509803922,0.5948827292110875,1.0450450450450453,0.3012048192771084,0.9971509971509973,0.5102040816326531,1.0759493670886076,1.0392156862745099
"Merrifield, Whit",593160,2024,0.7914438502673796,0.9811491683717941,0.9448095438005238,0.8609053497942386,0.9488312013000542,1.1224489795918369,0.8905639025080769,0.76,0.5389610389610389,0.9366515837104071,0.3125,1.043103448275862,0.3777777777777778,0.9456066945606696,0.9832775919732442
"Merrill, Jackson",701538,2024,1.1657754010695187,1.0911508657849025,1.0173290145657303,0.9185185185185185,0.6343983153493074,1.0068027210884354,1.0098243282612003,0.828,1.12987012987013,1.1221719457013575,1.4000000000000001,0.824712643678161,1.1777777777777778,1.1882845188284519,1.0267558528428093
"Merrill, Jackson",701538,2025,1.1283422459893049,1.094134671085328,1.0004463321918138,0.9023596419853539,0.8285044327380188,1.0273972602739727,1.0116546133319684,1.100401606425703,1.0,1.232142857142857,1.4333333333333333,0.9617647058823531,1.0,1.2252631578947368,1.1275862068965519
"Meyers, Jake",676694,2023,0.8894736842105264,1.02576300582813,0.9608102974931908,0.8935643564356435,0.9278501227407248,1.2758620689655173,0.9589725877407974,1.0588235294117647,0.6886993603411515,0.7972972972972973,0.7710843373493975,1.0740740740740744,0.9183673469387754,1.010548523206751,0.8986928104575165
"Meyers, Jake",676694,2024,0.9652406417112299,1.0120718069656613,0.9839005588968038,0.9053497942386831,1.010747875811698,1.1496598639455784,0.9517883199117778,1.088,0.8787878787878788,1.0361990950226245,0.8750000000000001,1.0402298850574712,0.8444444444444444,1.0209205020920502,1.1070234113712376
"Meyers, Jake",676694,2025,0.9572192513368983,0.7299171300571698,0.9870081755147728,0.8982912937347437,1.2984747834724506,1.3219178082191783,0.9563062982632866,0.8433734939759037,0.8384458077709611,1.1249999999999998,0.5555555555555556,1.1529411764705884,0.22916666666666666,0.9894736842105263,0.8344827586206898
"Miller, Brad",543543,2015,1.0138121546961325,0.7543512036160742,1.0164462214959649,0.942643391521197,1.1565046697946981,0.0,0.0,1.1294642857142856,1.143979057591623,0.9532710280373832,0.7999999999999999,1.0472440944881891,0.8,1.027659574468085,0.9506172839506174
"Miller, Brad",543543,2016,1.067204301075269,1.0072840176192468,1.020330280428838,0.9417152373022482,1.1626959525285625,0.0,0.0,1.1594827586206895,1.1875,0.9444444444444443,1.4923076923076926,1.0460704607046072,1.6304347826086958,1.053648068669528,0.9561128526645767
"Miller, Brad",543543,2017,0.9867021276595744,0.8974320445684589,1.0178459494579835,0.9222585924713584,1.026620688775004,0.0,0.0,1.3164556962025316,1.0487179487179488,0.811659192825112,0.9090909090909091,1.1005434782608696,0.7647058823529412,0.9849137931034482,1.023102310231023
"Miller, Brad",543543,2021,1.1842105263157894,1.0042278875645319,1.037964078166419,0.9320785597381342,1.0200006663883516,0.0,0.0,1.225296442687747,1.2184154175588862,0.7318181818181819,1.4761904761904763,0.957627118644068,1.803921568627451,0.9704016913319239,0.8862876254180603
"Miller, Owen",680911,2022,0.897018970189702,0.8052357038794068,0.9687409667688244,0.8913398692810457,1.096692779953885,0.0,0.0,0.7341269841269842,0.7680525164113784,1.0275229357798166,0.4487179487179488,1.064245810055866,0.41860465116279066,1.0062893081761006,1.207667731629393
"Miller, Owen",680911,2023,0.8763157894736843,1.016199925154659,0.9696800336641687,0.8869636963696369,0.8869224766303091,0.9862068965517241,0.9853552585328196,0.7215686274509804,0.7036247334754797,1.0045045045045045,0.40963855421686746,0.9544159544159546,0.42857142857142855,1.0189873417721518,1.0228758169934642
"Miranda, Jose",669304,2022,0.978319783197832,1.1084265000949252,1.0096747970711017,0.8937908496732027,1.0133286874783425,0.0,0.0,0.9722222222222222,1.0350109409190371,1.0825688073394495,0.8076923076923077,0.9078212290502794,1.0,1.0817610062893084,1.073482428115016
"Miranda, Jose",669304,2024,0.9251336898395721,1.162987357735987,1.0020243317391075,0.9111111111111111,1.001544045816724,1.0816326530612246,0.9953744981571842,0.9,1.028138528138528,1.1493212669683257,0.7374999999999999,0.974137931034483,0.6000000000000001,1.094142259414226,1.2040133779264215
"Molina, Yadier",425877,2015,0.770718232044199,0.9317047888205886,0.9786084491137058,0.8736492103075644,1.0116619669529057,0.0,0.0,0.7633928571428571,0.7303664921465969,0.9392523364485983,0.41818181818181815,1.0918635170603674,0.22499999999999998,1.1553191489361703,0.9691358024691358
"Molina, Yadier",425877,2016,0.9059139784946237,0.7951479895558178,0.9900118217275403,0.8875936719400499,1.0927188813115658,0.0,0.0,0.6551724137931033,0.7625,1.1203703703703702,0.5230769230769231,1.0623306233062333,0.32608695652173914,1.145922746781116,1.0407523510971788
"Molina, Yadier",425877,2017,0.9654255319148936,1.1998623157555395,1.0040264574657332,0.8690671031096563,0.8622223104564135,0.0,0.0,0.8016877637130801,1.0256410256410255,1.0448430493273542,0.9090909090909091,0.877717391304348,0.823529411764706,1.1357758620689655,1.0
"Molina, Yadier",425877,2018,0.9327956989247311,1.208463390707866,0.9952407683237654,0.8808545603944125,0.8575225678836901,0.0,0.0,0.7090163934426229,0.9396135265700483,1.0582959641255605,0.7746478873239437,0.9138888888888889,1.0638297872340425,1.1309012875536482,1.1151315789473686
"Molina, Yadier",425877,2019,0.8961038961038961,1.0735309353806537,0.9837516053061174,0.8931875525651808,0.8819367039258927,0.0,0.0,0.764,0.9046511627906977,1.1116071428571428,0.5,0.9350282485875707,0.4912280701754386,1.1847133757961785,1.1277258566978192
"Molina, Yadier",425877,2021,0.9052631578947368,1.1906121352072907,0.9911728140027355,0.8854337152209493,0.9048393008283764,0.0,0.0,0.9525691699604742,0.828693790149893,0.9409090909090909,0.5952380952380952,0.8418079096045197,0.5882352941176471,1.2071881606765327,1.157190635451505
"Molina, Yadier",425877,2022,0.7940379403794038,1.3465402337050802,0.9564856790132469,0.880718954248366,0.7773967723116711,0.0,0.0,0.873015873015873,0.7352297592997812,0.8211009174311926,0.39743589743589747,0.9134078212290504,0.5116279069767441,1.2264150943396228,1.1022364217252396
"Monasterio, Andruw",655316,2023,0.9078947368421052,1.3968565404282833,0.9947615690336995,0.877062706270627,0.6785103303066193,1.1517241379310346,0.9383911259099669,0.8549019607843138,0.7633262260127931,1.135135135135135,0.6626506024096385,0.8091168091168092,0.2857142857142857,0.8881856540084389,0.8529411764705883
"Moncada, Yoan",660162,2018,1.0833333333333335,1.2203663188487759,1.0278088142921031,0.9293344289235825,0.8749194754316263,0.0,0.0,1.278688524590164,1.1666666666666667,1.1883408071748878,1.3661971830985917,0.8666666666666667,1.0,0.8819742489270385,0.8256578947368421
"Moncada, Yoan",660162,2019,1.225974025974026,0.9481447003372971,1.04835861292686,0.9739276703111858,1.095177846220938,0.0,0.0,1.244,1.1883720930232557,1.2544642857142856,1.564102564102564,0.8559322033898306,1.2105263157894737,1.0042462845010616,0.9937694704049844
"Moncada, Yoan",660162,2021,1.094736842105263,0.8916114764163078,1.014395823485745,0.9312602291325696,1.3191644777213474,0.0,0.0,1.1106719367588933,1.006423982869379,1.231818181818182,0.9880952380952381,1.0,0.7647058823529412,0.9006342494714589,0.9732441471571907
"Moncada, Yoan",660162,2022,0.978319783197832,1.2603539489399718,0.9977700906563473,0.8970588235294117,0.7683834764008112,0.0,0.0,1.1150793650793651,0.9606126914660831,1.0321100917431192,1.2307692307692308,0.8687150837988827,1.0,0.989517819706499,0.9520766773162939
"Moncada, Yoan",660162,2023,1.1210526315789473,0.9910302705740223,1.005097526306287,0.9298679867986799,1.060400140275114,1.4000000000000001,1.0433305333846339,1.203921568627451,0.9061833688699361,1.265765765765766,1.216867469879518,0.9743589743589746,0.9795918367346937,0.989451476793249,1.0032679738562091
"Mondesi, Adalberto",609275,2019,1.0051948051948052,0.7856040398602587,0.9983138574585779,0.911690496215307,1.085039226446741,0.0,0.0,1.524,0.8790697674418604,0.8660714285714286,1.1153846153846154,1.0790960451977403,0.543859649122807,1.2271762208067942,1.0809968847352023
"Moniak, Mickey",666160,2024,0.9812834224598931,1.4924464535496718,0.9884981018719263,0.928395061728395,0.7724340112344863,1.4557823129251701,1.0268725825648455,1.22,0.9242424242424241,0.8778280542986425,1.1625,0.8448275862068966,1.1111111111111112,1.1799163179916317,1.2040133779264215
"Moniak, Mickey",666160,2025,1.13903743315508,1.2794713413416903,1.0032074318787423,0.9096826688364523,0.6719142478562625,1.2397260273972603,1.0355570361453357,1.1365461847389557,1.1063394683026586,1.0089285714285714,1.5333333333333334,0.7735294117647059,1.5208333333333333,1.1852631578947368,1.1551724137931036
"Montero, Miguel",471083,2015,1.1132596685082874,1.0942011886328509,0.9995917305717371,0.9068994181213632,0.6668648668326547,0.0,0.0,1.4017857142857142,0.9895287958115182,1.1588785046728973,1.5454545454545454,0.9291338582677164,1.525,1.0468085106382978,0.9444444444444444
"Moore, Dylan",664238,2021,0.9263157894736841,1.556885169611639,0.9620736792712774,0.9026186579378068,0.643915515023464,0.0,0.0,1.0316205533596838,0.9250535331905781,0.9227272727272727,1.0238095238095237,0.864406779661017,1.058823529411765,0.86892177589852,0.8260869565217391
"Moore, Dylan",664238,2024,0.9064171122994653,1.6997355641220988,0.9960779610380679,0.8979423868312757,0.5964081836743198,2.401360544217687,1.0224032606606923,1.0,1.0692640692640691,1.0542986425339367,1.0999999999999999,0.6925287356321839,0.8888888888888888,0.8849372384937239,0.6755852842809366
"Morales, Kendrys",434778,2015,1.1464088397790055,0.906644894461998,1.0402028072448262,0.942643391521197,1.0030672824303006,0.0,0.0,1.0223214285714286,1.3664921465968587,1.0841121495327104,1.6363636363636365,0.9002624671916011,1.175,1.0255319148936168,1.0987654320987654
"Morales, Kendrys",434778,2016,1.2311827956989247,0.9556123081067074,1.047006758055906,0.9625312239800167,0.9192564874678948,0.0,0.0,1.0301724137931032,1.4075,1.0277777777777777,1.676923076923077,0.902439024390244,1.4782608695652177,1.0300429184549356,1.2037617554858933
"Morales, Kendrys",434778,2017,1.1409574468085106,0.7900745325755943,1.0420608939641347,0.9247135842880524,1.0941936603597187,0.0,0.0,1.2278481012658227,1.2871794871794873,0.9013452914798207,1.5454545454545452,0.9402173913043478,1.2941176470588238,1.0689655172413792,1.188118811881188
"Morales, Kendrys",434778,2018,1.1720430107526882,0.7888899002670101,1.042690575932019,0.9170090386195562,0.8683473103579614,0.0,0.0,1.1106557377049182,1.3599033816425121,0.9461883408071747,1.704225352112676,0.9722222222222222,1.3829787234042552,0.9356223175965666,1.2335526315789473
"Moran, Colin",592567,2018,0.9758064516129032,0.8320979964154634,0.9942930042286405,0.885784716516023,1.2282346556511246,0.0,0.0,0.8073770491803279,0.9154589371980676,1.2152466367713004,0.7464788732394366,1.0305555555555557,0.6808510638297872,1.0708154506437768,0.8881578947368421
"Moran, Colin",592567,2019,1.007792207792208,0.9474862819734485,0.9921440844618923,0.9259882253994953,1.1633376488865874,0.0,0.0,0.988,0.9232558139534884,1.1428571428571428,0.9615384615384616,1.0056497175141244,0.6491228070175438,1.1358811040339705,1.1495327102803736
"Moran, Colin",592567,2021,0.9736842105263158,0.4864096482073839,0.9963178852724589,0.9018003273322422,1.4036514502596058,0.0,0.0,1.0671936758893281,0.9828693790149892,1.0136363636363637,0.9761904761904763,1.1271186440677967,0.8431372549019608,1.0401691331923892,1.153846153846154
"Morel, Christopher",666624,2022,1.1897018970189701,0.7273613962155797,0.9997424496520751,0.9223856209150327,1.152575214601217,0.0,0.0,1.5476190476190477,1.0306345733041573,0.8669724770642201,1.717948717948718,1.1396648044692737,1.4651162790697674,1.0440251572327044,0.9265175718849838
"Morel, Christopher",666624,2023,1.2078947368421054,0.9572036066743698,1.0343172870051316,0.9372937293729372,0.9290458058885864,1.7655172413793105,1.0582572611859435,1.4549019607843139,1.2452025586353945,0.9189189189189189,1.8915662650602407,0.9943019943019944,2.081632653061224,1.0506329113924051,0.9673202614379085
"Morel, Christopher",666624,2024,1.018716577540107,1.0649711483169986,1.0059838746192165,0.9168724279835392,1.1647028502730825,1.0068027210884354,1.0560372147027914,1.364,1.0670995670995669,0.8190045248868777,1.275,1.0545977011494254,1.2222222222222223,0.9832635983263599,0.9531772575250835
"Moreland, Mitch",519048,2015,1.2154696132596685,1.0319130483686973,1.0347323056489552,0.9351620947630923,1.1132296168096854,0.0,0.0,1.1428571428571428,1.301047120418848,1.0280373831775702,1.8909090909090909,0.9081364829396323,1.575,1.004255319148936,1.04320987654321
"Moreland, Mitch",519048,2016,1.1129032258064515,1.2204678451550424,1.0220063577128764,0.9367194004995837,0.9703863038487961,0.0,0.0,1.2284482758620687,1.155,0.9629629629629629,1.4769230769230768,0.856368563685637,1.3913043478260871,1.0493562231759657,1.1880877742946707
"Moreland, Mitch",519048,2017,1.1622340425531914,0.950561921899562,1.0188928254226255,0.9271685761047462,0.9162077799395155,0.0,0.0,1.0886075949367089,1.0384615384615385,1.0224215246636772,1.833333333333333,0.9619565217391305,1.0980392156862746,1.0,1.0528052805280528
"Moreland, Mitch",519048,2018,1.1236559139784945,0.9109014500527303,1.027252135355954,0.9391947411668036,0.9342930121766662,0.0,0.0,1.1475409836065575,1.2512077294685993,0.9865470852017937,1.704225352112676,0.9833333333333333,1.0425531914893618,0.9978540772532188,0.9605263157894737
"Moreland, Mitch",519048,2019,1.077922077922078,0.7737381367949893,1.0217654048131624,0.9587888982338099,1.0159606421543241,0.0,0.0,1.124,1.2046511627906977,0.9687499999999999,1.4743589743589745,1.0621468926553672,1.4736842105263157,1.0382165605095541,0.8442367601246106
"Moreno, Gabriel",672515,2023,0.9421052631578947,0.3304266140957726,1.0100946781671671,0.9051155115511551,1.7185952445266346,0.2620689655172414,0.986598938066003,0.7725490196078431,1.0,1.0045045045045045,0.5783132530120482,1.284900284900285,0.5306122448979592,0.8945147679324894,0.9803921568627452
"Moreno, Gabriel",672515,2024,0.8957219251336899,0.6560058008738795,1.0140529466526393,0.9144032921810699,1.4205358556606527,0.5714285714285715,0.9921091883742489,0.7440000000000001,0.9242424242424241,0.9954751131221719,0.8375,1.238505747126437,0.4444444444444444,0.8619246861924685,0.8361204013377926
"Moreno, Gabriel",672515,2025,1.0294117647058825,1.0704087077506772,1.0119632639339602,0.8974776240846216,1.0196977633698692,0.7123287671232876,0.9885907699265863,0.7228915662650602,1.0143149284253579,1.1249999999999998,0.7888888888888889,0.8852941176470588,0.8333333333333334,0.9242105263157895,0.9724137931034482
"Morrison, Logan",489149,2015,1.0138121546961325,1.0173246516986012,1.0120264138621822,0.9443059019118869,0.9740759147084747,0.0,0.0,0.8303571428571428,1.1675392670157068,0.8785046728971964,1.2545454545454546,0.9895013123359581,1.125,1.0297872340425531,0.9753086419753088
"Morrison, Logan",489149,2016,1.0618279569892473,1.0120745788292442,1.0190357327954103,0.9467110741049126,1.0471062964292317,0.0,0.0,1.0517241379310343,1.2025000000000001,0.9907407407407406,1.1538461538461537,0.989159891598916,1.1521739130434783,1.0,1.0689655172413792
"Morrison, Logan",489149,2017,1.1914893617021276,1.4508896475394322,1.0119836284695098,0.9361702127659575,0.596996454531674,0.0,0.0,1.2109704641350212,1.264102564102564,1.0089686098654709,1.9545454545454544,0.752717391304348,2.03921568627451,0.9913793103448275,0.9471947194719471
"Morrison, Logan",489149,2018,1.0752688172043012,1.5890090304345044,0.9979469322107277,0.9252259654889071,0.5870807159087137,0.0,0.0,1.0245901639344264,1.2077294685990339,0.9461883408071747,1.5774647887323945,0.7555555555555556,1.3829787234042552,1.0236051502145922,0.9736842105263158
"Moss, Brandon",461235,2015,1.2154696132596685,1.7682056565444673,1.0068800812928553,0.945137157107232,0.489677272930814,0.0,0.0,1.325892857142857,1.2356020942408374,0.8644859813084113,2.1272727272727274,0.6561679790026247,1.4749999999999999,1.0553191489361702,1.0493827160493827
"Moss, Brandon",461235,2016,1.2204301075268817,1.87631500985462,0.9967313027204837,0.9450457951706911,0.4018026737544683,0.0,0.0,1.5215517241379308,1.12,1.0046296296296295,2.0615384615384618,0.6151761517615176,2.195652173913044,1.0965665236051503,1.0877742946708462
"Moss, Brandon",461235,2017,1.2579787234042552,1.4736824025074093,1.0232188174479846,0.923076923076923,0.554550662654532,0.0,0.0,1.5021097046413503,1.1512820512820512,1.1210762331838564,2.242424242424242,0.7255434782608697,1.823529411764706,1.0409482758620687,0.9900990099009901
"Mountcastle, Ryan",663624,2021,1.1078947368421053,1.2871285036980318,1.0026624443009269,0.9378068739770867,0.6603431698619413,0.0,0.0,1.24901185770751,1.0085653104925052,1.0545454545454547,1.4047619047619047,0.8333333333333334,1.7058823529411764,1.1649048625792813,1.2775919732441474
"Mountcastle, Ryan",663624,2022,1.2574525745257454,1.2667607538320251,1.0314769184358503,0.9150326797385621,0.7221294342096075,0.0,0.0,1.1825396825396826,1.0897155361050328,1.1697247706422018,1.9230769230769231,0.7877094972067038,1.2558139534883723,1.178197064989518,1.191693290734824
"Mountcastle, Ryan",663624,2023,1.1368421052631579,0.9393819171536468,1.0278197423932847,0.9455445544554455,1.043505292679353,0.6068965517241379,1.0762429812301482,1.1098039215686273,1.1215351812366738,1.018018018018018,1.4578313253012047,0.9800569800569802,1.1428571428571428,1.1561181434599157,1.2549019607843137
"Mountcastle, Ryan",663624,2024,1.1042780748663101,0.7816330969023221,1.0236321879609862,0.934156378600823,1.1747433920857813,0.9319727891156464,1.0547559223593628,1.004,1.093073593073593,1.1085972850678731,1.0999999999999999,1.043103448275862,0.7999999999999999,1.1736401673640169,1.180602006688963
"Mountcastle, Ryan",663624,2025,1.0989304812834224,0.668488098195828,1.0162311611314294,0.9495524816924329,1.2562943032367342,0.9589041095890413,1.057641789653949,1.285140562248996,1.1206543967280165,1.0848214285714286,1.3,1.1088235294117648,0.6041666666666667,1.2105263157894735,1.193103448275862
"Moustakas, Mike",519058,2015,0.9723756906077348,1.3391101694114889,1.009231251016943,0.9351620947630923,0.8632554910455076,0.0,0.0,0.75,1.1282722513089005,0.9859813084112149,1.1818181818181819,0.9160104986876639,1.15,1.004255319148936,1.074074074074074
"Moustakas, Mike",519058,2017,1.0186170212765957,1.4953510066635294,0.9977765565231627,0.9238952536824877,0.749991902191006,0.0,0.0,0.8860759493670887,1.0256410256410255,1.0224215246636772,1.3030303030303028,0.8695652173913044,1.6078431372549022,1.2004310344827585,1.264026402640264
"Moustakas, Mike",519058,2018,0.9946236559139785,1.5477460539990278,1.0081313715622986,0.9219391947411668,0.8456528028379626,0.0,0.0,0.8975409836065573,1.1014492753623188,0.9237668161434976,1.2394366197183098,0.7833333333333332,1.2553191489361701,1.1201716738197425,1.138157894736842
"Moustakas, Mike",519058,2019,1.007792207792208,1.3208638929652659,1.0056282026606558,0.9495374264087468,0.7692130722309043,0.0,0.0,0.992,1.069767441860465,0.875,1.3333333333333335,0.8728813559322034,1.456140350877193,1.059447983014862,1.074766355140187
"Moustakas, Mike",519058,2023,0.8657894736842106,1.4064812353464027,1.0011276486240457,0.9315181518151815,0.7484648921190538,1.4620689655172414,0.9926120709039731,1.0705882352941176,0.9957356076759063,0.8963963963963966,0.6867469879518072,0.797720797720798,0.9387755102040815,1.118143459915612,0.9738562091503268
"Mullins, Cedric",656775,2021,1.0105263157894737,1.09036807714533,0.9944423565590932,0.897708674304419,0.9454045847552089,0.0,0.0,0.826086956521739,0.9635974304068522,0.9409090909090909,0.9642857142857142,0.96045197740113,1.215686274509804,0.9640591966173362,1.0
"Mullins, Cedric",656775,2022,0.8780487804878049,1.288695849844974,0.9880283913276953,0.8937908496732027,0.8576714390177677,0.0,0.0,0.8928571428571429,0.9846827133479211,0.8669724770642201,0.6282051282051283,0.9245810055865923,0.7674418604651164,1.0712788259958073,0.900958466453674
"Mullins, Cedric",656775,2023,0.868421052631579,1.6337252965652884,0.9902645884834536,0.9117161716171617,0.79663156189846,1.5517241379310347,0.9830724686660406,0.9843137254901961,1.0554371002132197,0.8063063063063063,0.7831325301204819,0.7891737891737893,1.0,1.040084388185654,0.8398692810457516
"Mullins, Cedric",656775,2024,0.8582887700534759,1.5616079399787848,0.9745871473230948,0.8757201646090536,0.7880657818106762,1.2925170068027212,0.985767979846409,0.772,0.9523809523809523,0.9638009049773756,0.6125,0.9166666666666669,1.1555555555555557,1.0606694560669456,0.8929765886287627
"Mullins, Cedric",656775,2025,0.8689839572192514,1.6320201191543893,0.9742074272833071,0.8820179007323027,0.6822977681371919,1.4109589041095891,0.9788146404898179,0.9558232931726907,1.0347648261758693,0.9598214285714285,0.7,0.7352941176470589,1.1250000000000002,1.006315789473684,0.9379310344827588
"Muncy, Max",571970,2018,1.3763440860215055,1.4385265585352154,1.0219531301977645,0.9087921117502054,0.5680514629219422,0.0,0.0,1.1967213114754098,1.2729468599033817,1.0582959641255605,2.4507042253521125,0.7222222222222222,2.893617021276596,0.7939914163090128,0.8684210526315791
"Muncy, Max",571970,2019,1.1974025974025975,1.0776415939401522,1.0096749205455267,0.9259882253994953,0.6823241843604351,0.0,0.0,1.164,1.0348837209302326,0.9955357142857142,1.564102564102564,0.8728813559322034,1.8245614035087718,0.8471337579617837,0.8099688473520249
"Muncy, Max",571970,2021,1.2289473684210528,1.1977777102766527,1.0263429611234487,0.9189852700490998,0.7023633578286921,0.0,0.0,0.9249011857707511,1.0877944325481796,1.0954545454545455,1.9166666666666667,0.8757062146892656,1.8627450980392157,0.7949260042283299,0.7090301003344481
"Muncy, Max",571970,2022,1.0731707317073171,1.6405888250741862,1.0159373713034472,0.9084967320261438,0.5043128594049504,0.0,0.0,1.0436507936507937,1.1553610503282277,1.0137614678899083,1.7307692307692308,0.6675977653631285,1.488372093023256,0.8050314465408805,0.6805111821086262
"Muncy, Max",571970,2023,1.1605263157894736,1.7267542495846402,1.0254212617138438,0.9166666666666666,0.5986855855646641,1.2482758620689656,0.9975715356707421,1.16078431372549,1.2110874200426438,0.8783783783783784,1.7710843373493974,0.7179487179487181,2.204081632653061,0.829113924050633,1.0457516339869282
"Muncy, Max",571970,2025,1.1203208556149733,1.4522676100552372,1.023667312136197,0.8991049633848657,0.5523362884920124,1.034246575342466,0.9929899745279629,0.9477911646586346,1.2699386503067485,1.0178571428571428,1.5333333333333334,0.761764705882353,1.7083333333333337,0.8905263157894736,0.8206896551724138
"Munoz, Yairo",622168,2018,0.9220430107526882,0.36106110010220155,0.9867184398415819,0.913722267871816,1.5773196176795514,0.0,0.0,1.1147540983606559,0.8405797101449275,0.9417040358744394,0.5633802816901409,1.2277777777777779,0.7659574468085105,1.1373390557939913,1.1250000000000002
"Murphy, Daniel",502517,2015,0.9502762430939226,1.0720688238995613,1.0174136213620955,0.941812136325852,0.9446361785994094,0.0,0.0,0.40178571428571425,1.1832460732984293,0.9626168224299065,0.8545454545454546,0.9606299212598425,0.75,1.0510638297872341,1.1265432098765433
"Murphy, Daniel",502517,2016,1.1317204301075268,1.4186036142088598,1.0233853471154786,0.9450457951706911,0.6570443273403597,0.0,0.0,0.5172413793103448,1.2075,1.1435185185185184,1.3076923076923077,0.7127371273712737,1.1304347826086958,1.0042918454935623,1.1347962382445138
"Murphy, Daniel",502517,2017,1.0345744680851063,1.426670102301587,1.0233467152041364,0.8870703764320785,0.8012495034591083,0.0,0.0,0.5780590717299579,1.241025641025641,1.1524663677130045,0.7272727272727272,0.7391304347826089,0.9803921568627452,1.0172413793103445,1.1485148514851484
"Murphy, Daniel",502517,2018,0.9919354838709677,1.2749826673832074,0.9889613830234839,0.8783894823336073,0.6038176661429534,0.0,0.0,0.5327868852459017,0.7584541062801933,1.2062780269058297,0.676056338028169,0.8138888888888888,0.8723404255319149,1.0858369098712446,0.9111842105263159
"Murphy, Daniel",502517,2019,0.8129870129870129,1.1411363358000517,0.9716435535678852,0.894869638351556,0.8742545478585674,0.0,0.0,0.6,0.7906976744186046,1.0178571428571428,0.3076923076923077,0.9915254237288135,0.6140350877192983,1.0254777070063694,1.0218068535825546
"Murphy, David",461815,2015,0.8701657458563536,0.6942134305672194,0.9997578150121543,0.9102244389027432,1.4477790648861293,0.0,0.0,0.6875,1.0654450261780102,0.94392523364486,0.5818181818181819,1.1181102362204725,0.8,0.9872340425531916,1.154320987654321
"Murphy, Sean",669221,2021,1.0736842105263158,1.2128997527185614,1.0044960674978303,0.923076923076923,0.9444998913726681,0.0,0.0,1.098814229249012,1.0856531049250535,1.0454545454545454,1.3452380952380953,0.983050847457627,1.1764705882352942,1.0063424947145876,1.0468227424749164
"Murphy, Sean",669221,2022,1.0596205962059622,0.9116203780860092,1.0017073162238757,0.9313725490196078,1.094364345176913,0.0,0.0,0.9523809523809524,1.0590809628008753,1.0688073394495412,1.3205128205128205,1.0195530726256985,1.0,1.0335429769392035,0.9936102236421726
"Murphy, Sean",669221,2023,1.2026315789473685,1.0249264165686107,1.0283101508673707,0.9463696369636964,1.0436252358164426,0.9034482758620691,1.0482366520954136,1.0196078431372548,1.1748400852878464,1.2747747747747746,1.9518072289156625,0.9430199430199432,1.5714285714285714,0.9662447257383967,0.8267973856209151
"Myers, Dane",667472,2025,0.9946524064171123,0.7749112404986317,1.0107939402623634,0.8795768917819364,1.2312496430967776,0.6164383561643836,0.9833150394236811,0.9477911646586346,0.9468302658486709,1.03125,0.8777777777777778,1.1176470588235294,0.5416666666666667,0.9431578947368422,0.7586206896551725
"Myers, Wil",571976,2016,1.067204301075269,0.862170364633488,0.9996427987376564,0.9425478767693589,1.02391410639073,0.0,0.0,0.939655172413793,1.065,1.0740740740740742,1.076923076923077,1.0975609756097562,1.3695652173913044,0.8755364806866952,0.9937304075235108
"Myers, Wil",571976,2017,1.103723404255319,1.2730095190936481,1.0213805589479423,0.9206219312602291,0.7735491760051312,0.0,0.0,1.0759493670886076,1.3076923076923077,0.9820627802690582,1.3939393939393938,0.9157608695652175,1.5098039215686276,0.9482758620689654,1.0
"Myers, Wil",571976,2018,1.1935483870967742,0.7408572378594634,1.022151093690344,0.9276910435497124,1.4807909431600998,0.0,0.0,1.0204918032786885,1.3115942028985508,1.3318385650224214,1.028169014084507,1.0027777777777778,1.0638297872340425,1.002145922746781,1.1217105263157896
"Myers, Wil",571976,2019,1.161038961038961,0.9259676355004682,1.0100797480877566,0.9377628259041211,1.3008596582081822,0.0,0.0,1.304,1.1930232558139535,1.0848214285714286,1.4358974358974361,0.9632768361581922,1.1754385964912282,0.9363057324840766,1.0186915887850467
"Myers, Wil",571976,2021,0.9631578947368421,0.8029796240252403,0.9774193239603843,0.8821603927986906,1.0373214324213613,0.0,0.0,1.2608695652173914,0.9486081370449677,0.7727272727272727,0.8928571428571428,1.1299435028248588,1.0980392156862746,0.9725158562367865,1.0167224080267558
"Napoli, Mike",435063,2015,0.994475138121547,1.4024716532432322,1.0016172573985997,0.9276807980049875,0.7102866180322437,0.0,0.0,1.1607142857142856,1.2356020942408374,0.8878504672897197,1.5090909090909093,0.968503937007874,1.55,0.902127659574468,0.7067901234567903
"Napoli, Mike",435063,2016,1.1908602150537635,1.5718949638503492,1.0107781050747187,0.9508742714404663,0.6613698331161354,0.0,0.0,1.314655172413793,1.2325,0.8935185185185185,2.0615384615384618,0.8346883468834689,2.0217391304347827,0.944206008583691,0.8902821316614419
"Napoli, Mike",435063,2017,1.1436170212765957,1.836877200095385,1.008743242826229,0.9206219312602291,0.5264721480897455,0.0,0.0,1.4514767932489452,1.228205128205128,0.695067264573991,2.393939393939394,0.7173913043478262,2.1372549019607847,0.9288793103448275,0.9933993399339933
"Naquin, Tyler",571980,2016,1.1989247311827957,0.8421619720423346,1.0217013416000085,0.9383846794338052,1.1657238065716058,0.0,0.0,1.3534482758620687,1.185,1.097222222222222,1.3076923076923077,1.013550135501355,1.4347826086956523,1.0987124463519313,1.1347962382445138
"Naquin, Tyler",571980,2019,1.051948051948052,0.992995774144079,1.0213047143466198,0.9621530698065601,1.1121215259796307,0.0,0.0,1.008,1.0023255813953489,0.9598214285714285,1.1666666666666667,0.9717514124293786,0.8421052631578947,1.159235668789809,1.0498442367601246
"Naquin, Tyler",571980,2021,1.0868421052631578,0.6868645819301291,1.000926978932255,0.9288052373158756,1.2243742158491546,0.0,0.0,0.9407114624505928,1.0299785867237687,0.9,1.2380952380952381,1.1016949152542372,1.215686274509804,1.1881606765327697,1.2107023411371236
"Naquin, Tyler",571980,2022,1.1626016260162602,1.060353204280864,1.0087587924706078,0.920751633986928,0.7012170886035375,0.0,0.0,1.2142857142857142,1.0590809628008753,1.0137614678899083,1.2435897435897438,0.8743016759776537,1.1860465116279069,1.2180293501048218,1.073482428115016
"Narvaez, Carlos",665966,2025,0.9304812834224598,0.9768053161941885,1.0189970089506786,0.90480065093572,1.3275451144457142,1.0958904109589043,1.0070682746845325,1.1244979919678717,1.0429447852760736,0.8794642857142856,1.0,1.0029411764705882,1.0833333333333335,1.0315789473684212,1.024137931034483
"Narvaez, Omar",553882,2017,0.8111702127659575,1.0036503972433681,0.9548650533485021,0.8461538461538461,0.9934300533519548,0.0,0.0,0.6286919831223629,0.5205128205128206,1.147982062780269,0.0,1.048913043478261,0.19607843137254904,0.9331896551724136,0.7788778877887788
"Narvaez, Omar",553882,2018,0.9435483870967741,1.0397769398729775,0.9665174671195212,0.8422350041084634,0.9812037074822991,0.0,0.0,0.7500000000000001,0.6280193236714976,1.3766816143497758,0.3943661971830986,0.9805555555555555,0.8936170212765957,0.9120171673819742,0.7467105263157895
"Narvaez, Omar",553882,2019,0.9532467532467532,1.3790335060647732,0.9630204501200194,0.8923465096719931,0.5220485114840371,0.0,0.0,0.904,0.7511627906976746,1.1741071428571428,0.6923076923076924,0.8192090395480225,1.1578947368421053,1.0169851380042463,0.9034267912772584
"Narvaez, Omar",553882,2021,0.868421052631579,1.411168499842486,0.9522999530873653,0.8829787234042553,0.5666670368824175,0.0,0.0,0.9328063241106719,0.6252676659528907,1.1636363636363638,0.6071428571428571,0.8785310734463277,0.6862745098039217,1.1035940803382664,1.0301003344481605
"Narvaez, Omar",553882,2022,0.7588075880758809,1.3898058653418985,0.9501975736731336,0.869281045751634,0.5618614353128462,0.0,0.0,0.9285714285714287,0.5098468271334792,1.0229357798165137,0.3076923076923077,0.9078212290502794,0.4418604651162791,1.0482180293501049,0.9169329073482427
"Navarro, Dioner",425900,2016,0.7365591397849462,1.4674892987132975,0.9583357167763039,0.8684429641965029,0.5828619032858029,0.0,0.0,1.0172413793103445,0.6725000000000001,0.949074074074074,0.26153846153846155,0.8915989159891599,0.5652173913043479,0.96137339055794,0.9686520376175547
"Naylor, Bo",666310,2024,0.9224598930481283,1.4929286514193418,1.0006998674214054,0.897119341563786,0.8379288530961517,1.251700680272109,0.992037847952333,1.136,1.0822510822510822,1.004524886877828,1.0125,0.8218390804597702,1.2444444444444445,0.9790794979079499,0.9531772575250835
"Naylor, Bo",666310,2025,0.8903743315508021,1.57987995596531,0.9966472651407962,0.8999186330349878,0.6379095162865497,1.6643835616438356,1.0069829177541205,0.887550200803213,1.0736196319018405,1.0446428571428572,1.088888888888889,0.7647058823529411,1.1041666666666667,0.9894736842105263,0.8896551724137932
"Naylor, Josh",647304,2022,0.975609756097561,0.8327707849955676,1.009593616186575,0.9232026143790849,1.2959577771831865,0.0,0.0,0.7738095238095238,1.1094091903719911,0.8853211009174312,1.1025641025641026,1.100558659217877,1.2558139534883723,1.0670859538784068,1.1246006389776355
"Naylor, Josh",647304,2023,1.0026315789473683,0.9853042911279636,1.0017020169889725,0.9397689768976898,0.9687577504377823,1.0758620689655174,1.0282791319477165,0.7764705882352941,0.9594882729211087,1.0585585585585586,0.9879518072289157,0.9458689458689461,0.8775510204081631,1.1919831223628692,1.23202614379085
"Naylor, Josh",647304,2024,0.9893048128342246,0.8176993273026922,1.013561055505409,0.9127572016460905,1.2689535822857867,1.272108843537415,1.0207423505714954,0.8960000000000001,1.1103896103896105,0.9638009049773756,1.0625,1.1005747126436782,1.488888888888889,1.0543933054393306,1.1739130434782608
"Naylor, Josh",647304,2025,0.9545454545454545,0.8584202017970964,0.9975326353791109,0.9593165174938975,1.119874493181053,1.6917808219178083,0.9876139827301306,0.887550200803213,0.9938650306748467,0.9107142857142856,0.7444444444444445,1.038235294117647,0.8958333333333334,1.1347368421052633,1.2482758620689656
"Neto, Zach",687263,2023,0.9526315789473684,1.1041908169625445,0.9993895666387371,0.9067656765676568,0.7945713078590674,0.5862068965517242,0.9616083816306998,1.1333333333333333,0.9722814498933903,0.9234234234234234,1.0602409638554215,0.928774928774929,0.8571428571428571,1.0042194092827004,0.8431372549019609
"Neto, Zach",687263,2024,1.0133689839572193,0.8731487483663077,0.9921423837690024,0.9160493827160494,1.0235205378455394,1.108843537414966,0.9832170325883476,1.092,1.0584415584415583,0.8416289592760181,1.05,1.0488505747126438,1.2666666666666666,1.0167364016736402,1.1103678929765888
"Neto, Zach",687263,2025,1.1951871657754012,1.299816328199942,1.0133943765856834,0.9056143205858421,0.7500145391102064,0.8493150684931507,0.983041036085676,1.172690763052209,1.1717791411042944,1.1517857142857142,1.5555555555555558,0.8264705882352942,1.5208333333333333,1.0210526315789474,1.131034482758621
"Newman, Kevin",621028,2019,0.8233766233766233,0.6528073371896173,0.9587076028781276,0.9007569386038687,1.4583211024238671,0.0,0.0,0.556,0.5953488372093023,0.9776785714285713,0.2692307692307693,1.2175141242937855,0.4912280701754386,1.078556263269639,1.0965732087227413
"Newman, Kevin",621028,2021,0.7342105263157895,0.7584318926540112,0.9505810768773397,0.8952536824877251,1.0632166649726964,0.0,0.0,0.47826086956521735,0.6188436830835117,0.8863636363636364,0.20238095238095238,1.194915254237288,0.19607843137254904,0.9386892177589852,0.9933110367892977
"Newman, Kevin",621028,2022,0.8536585365853658,1.0335025619482692,0.9643481928423695,0.8839869281045751,1.2641882294539037,0.0,0.0,0.623015873015873,0.6630196936542669,1.0871559633027523,0.21794871794871798,1.0893854748603353,0.186046511627907,1.0041928721174005,1.035143769968051
"Newman, Kevin",621028,2024,0.8181818181818181,0.718237874832843,0.9621372890547242,0.8617283950617284,1.4052660357446867,0.8095238095238095,0.9508301697344367,0.7,0.5627705627705627,0.8597285067873303,0.21250000000000002,1.1752873563218391,0.26666666666666666,1.0167364016736402,0.9163879598662209
"Nido, Tomas",621512,2022,0.9728997289972899,0.6755074054983714,0.9627195863289443,0.8774509803921569,1.230550704806796,0.0,0.0,1.4126984126984128,0.7702407002188182,1.2018348623853212,0.858974358974359,1.170391061452514,0.32558139534883723,1.251572327044025,1.194888178913738
"Nieuwenhuis, Kirk",543590,2016,1.1129032258064515,0.8177270481735384,1.0162278732670296,0.9258950874271441,1.0843942386712613,0.0,0.0,1.612068965517241,1.0274999999999999,0.9166666666666666,1.5230769230769232,1.113821138211382,1.3913043478260871,0.8905579399141631,0.8652037617554859
"Nimmo, Brandon",607043,2018,1.0698924731182797,0.8196562180321721,1.0110335709340579,0.9112571898110107,1.2802750515211492,0.0,0.0,1.0901639344262297,1.2004830917874396,1.0269058295964126,0.9154929577464789,1.113888888888889,1.2340425531914894,0.8433476394849786,0.6710526315789473
"Nimmo, Brandon",607043,2021,0.9789473684210526,0.695506868880383,1.0026176602976136,0.9124386252045826,1.5877368863592265,0.0,0.0,0.9051383399209487,0.9828693790149892,1.1636363636363638,0.48809523809523814,1.0564971751412429,0.6470588235294119,0.8921775898520085,0.5585284280936454
"Nimmo, Brandon",607043,2022,0.9566395663956639,0.4966068548812388,1.0039102142911558,0.9142156862745098,1.3845871084495136,0.0,0.0,0.7817460317460317,1.0021881838074398,0.7477064220183486,0.9102564102564102,1.2206703910614527,0.7906976744186047,0.9140461215932915,0.7507987220447284
"Nimmo, Brandon",607043,2023,1.055263157894737,0.9491291887920719,1.0312847383861625,0.9240924092409241,1.0450739607663873,0.9379310344827587,1.0207540202365628,0.8666666666666667,1.1855010660980811,1.0540540540540542,1.1566265060240963,0.9743589743589746,1.1020408163265305,0.8924050632911392,0.7189542483660131
"Nimmo, Brandon",607043,2024,1.0508021390374331,0.83316780408522,1.037188804146348,0.9176954732510288,1.1374187692603135,0.7278911564625851,1.035184962452035,0.94,1.196969696969697,1.0723981900452488,1.15,1.0,1.2444444444444445,0.9372384937238495,0.9030100334448161
"Nimmo, Brandon",607043,2025,0.9973262032085561,0.8306318728765669,1.0287188093877986,0.9137510170870626,1.3413881291948873,0.7808219178082193,1.0155570314779183,0.9598393574297188,1.1635991820040898,0.8839285714285714,0.9888888888888889,1.0970588235294116,1.1666666666666667,0.9936842105263157,0.8034482758620691
"Noda, Ryan",676116,2023,1.1578947368421053,1.195008000847673,1.0174111062785127,0.9397689768976898,0.8294184003748147,0.4896551724137931,1.0013793338084862,1.4549019607843139,1.228144989339019,1.099099099099099,1.5662650602409638,0.8632478632478634,1.3673469387755102,0.9029535864978903,0.7124183006535948
"Nola, Austin",543592,2022,0.8807588075880759,0.9606861355062698,1.0099428537823718,0.8913398692810457,1.0805392636886408,0.0,0.0,0.5753968253968254,1.0240700218818382,1.0871559633027523,0.3076923076923077,0.9469273743016762,0.32558139534883723,0.8972746331236897,0.7284345047923323
"Nootbaar, Lars",663457,2022,1.048780487804878,0.764576192724239,1.0227211609685551,0.9232026143790849,1.1547135730698646,0.0,0.0,0.9523809523809524,1.1575492341356675,0.9357798165137614,1.5128205128205128,1.0614525139664805,1.372093023255814,0.8134171907756815,0.878594249201278
"Nootbaar, Lars",663457,2023,1.0263157894736843,0.5349467035604182,0.9988828636779743,0.9257425742574258,1.3275202114694726,0.9793103448275862,1.010366029249055,0.7176470588235294,0.8805970149253731,0.9324324324324325,1.0602409638554215,1.1509971509971513,0.8775510204081631,0.7447257383966245,0.7810457516339869
"Nootbaar, Lars",663457,2024,1.0668449197860963,0.43552784311431053,1.0325454289948317,0.934156378600823,2.083148201350495,0.6122448979591837,1.0137043284299037,0.7559999999999999,1.1255411255411254,1.0497737556561086,1.2,1.1551724137931036,0.9777777777777776,0.7761506276150628,0.7458193979933111
"Nootbaar, Lars",663457,2025,0.927807486631016,1.2119725402064547,1.0199715149758495,0.919446704637917,1.0647446525147228,0.9520547945205481,1.0225025727023165,0.8393574297188755,1.0940695296523517,0.9955357142857142,1.1333333333333333,0.9323529411764706,0.6875000000000001,0.8252631578947369,0.9344827586206899
"Norby, Connor",681393,2025,1.0454545454545454,1.1896515952666464,0.9889956631316854,0.886899918633035,0.6549130277833862,0.23972602739726032,0.9834774847196894,1.1847389558232932,0.8241308793456034,1.1517857142857142,1.0555555555555556,0.9176470588235294,0.75,1.1410526315789473,1.017241379310345
"Norris, Derek",519083,2015,0.8812154696132597,1.2620827969021675,0.9859297868024449,0.9318370739817123,0.8120356652434743,0.0,0.0,0.9598214285714285,1.0209424083769634,0.9485981308411215,0.41818181818181815,0.994750656167979,0.8999999999999999,0.9574468085106383,0.7716049382716049
"Norris, Derek",519083,2016,0.9865591397849462,1.601203098345805,0.9863653078972683,0.9075770191507078,0.7135642694771647,0.0,0.0,1.1637931034482758,0.9675,1.1759259259259258,0.8307692307692308,0.7371273712737129,1.0869565217391306,0.9656652360515021,0.786833855799373
"Nunez, Eduardo",456488,2016,0.8870967741935485,0.7342973066371081,1.0093824219342107,0.93255620316403,1.3034911655300683,0.0,0.0,0.7413793103448275,1.0574999999999999,0.8333333333333333,0.6923076923076923,1.1626016260162602,0.7391304347826089,1.148068669527897,1.0909090909090908
"Nunez, Eduardo",456488,2017,0.7978723404255319,0.505251314435567,0.9859726971831845,0.9124386252045826,2.1084411845921447,0.0,0.0,0.7004219409282701,0.8999999999999998,0.8340807174887893,0.25757575757575757,1.3750000000000002,0.5686274509803922,1.144396551724138,1.2376237623762376
"Nunez, Eduardo",456488,2018,0.8306451612903226,0.73891960665126,0.9980839938809211,0.905505341002465,1.980997860350773,0.0,0.0,0.6475409836065574,0.9516908212560387,0.8968609865470851,0.4788732394366198,1.2416666666666667,0.5106382978723404,1.150214592274678,1.157894736842105
"Nunez, Renato",600524,2019,1.0545454545454547,1.5376156003583954,1.0116003628896548,0.9655172413793103,0.7385451000700642,0.0,0.0,1.096,1.1767441860465118,1.0580357142857142,1.3717948717948718,0.7542372881355933,1.3508771929824561,1.050955414012739,1.1993769470404985
"O'Hearn, Ryan",656811,2019,0.9818181818181818,1.0004044831116772,1.0191735941718323,0.9352396972245585,1.0152764935737488,0.0,0.0,1.044,1.2186046511627908,0.9464285714285713,1.1666666666666667,1.0875706214689267,1.0701754385964912,0.9639065817409768,1.02803738317757
"O'Hearn, Ryan",656811,2023,1.0578947368421052,0.9415827782355514,1.0338158161314652,0.9051155115511551,1.0458241933297516,0.5655172413793104,1.0121641953381624,0.9137254901960784,1.2771855010660982,1.0270270270270272,1.216867469879518,1.0256410256410258,1.0612244897959184,1.0675105485232068,1.0359477124183007
"O'Hearn, Ryan",656811,2024,1.0106951871657754,0.8993757087600168,1.010593536223498,0.8954732510288066,0.8823864393042521,0.7414965986394558,1.01974603055804,0.7239999999999999,1.0757575757575757,0.927601809954751,0.8625,0.9856321839080462,0.8888888888888888,0.9748953974895398,0.9498327759197325
"O'Hearn, Ryan",656811,2025,1.0294117647058825,0.8517184137692891,1.001239104369379,0.8901545972335232,1.0053761655697306,0.47945205479452063,1.006167161594434,0.9397590361445785,1.0449897750511248,1.0803571428571428,0.8555555555555556,0.9617647058823531,0.9791666666666667,0.9810526315789474,0.993103448275862
"O'Hoppe, Logan",681351,2024,1.1925133689839573,1.1465515555627004,1.0197140783606864,0.9185185185185185,0.8331200791902915,0.8163265306122449,0.9866021044068343,1.348,1.2056277056277056,1.1855203619909502,1.5,0.8477011494252874,1.3777777777777778,1.087866108786611,1.157190635451505
"O'Hoppe, Logan",681351,2025,1.1016042780748663,1.2836247913062695,1.0184625417910664,0.9145646867371847,0.8359684366365595,0.7945205479452055,1.0012824928336412,1.3253012048192772,1.1758691206543965,1.0669642857142856,1.4777777777777779,0.8352941176470587,1.3958333333333335,1.0968421052631578,1.0689655172413794
"O'Neill, Tyler",641933,2021,1.4263157894736842,1.4080385803781368,1.0473526894869667,0.925531914893617,0.721097169221482,0.0,0.0,1.3715415019762844,1.2912205567451818,1.231818181818182,2.142857142857143,0.7316384180790961,2.0980392156862746,1.0528541226215644,0.9665551839464883
"O'Neill, Tyler",641933,2022,1.1056910569105691,1.0818702805378713,1.013999474270818,0.9011437908496731,0.9466925606373631,0.0,0.0,1.2261904761904763,1.0196936542669583,1.0779816513761467,1.448717948717949,0.963687150837989,1.372093023255814,0.9706498951781972,0.9233226837060702
"O'Neill, Tyler",641933,2024,1.2754010695187166,1.514686721555644,1.0243241592719345,0.9308641975308641,0.6796456894624131,1.3673469387755104,1.047752452853366,1.368,1.3593073593073592,0.932126696832579,2.175,0.885057471264368,2.7333333333333334,0.9351464435146445,1.0334448160535117
"Odor, Rougned",596059,2015,0.9005524861878453,1.078727636470366,0.993914213784285,0.9235245220282626,1.113991972308271,0.0,0.0,0.8437499999999999,1.0628272251308901,0.8785046728971964,0.9818181818181819,1.0367454068241468,1.125,1.0255319148936168,1.234567901234568
"Odor, Rougned",596059,2016,1.0564516129032258,1.2065826586555817,1.009721954498585,0.9333888426311407,0.8308431494110353,0.0,0.0,1.025862068965517,1.1425,0.949074074074074,1.2,0.899728997289973,1.521739130434783,1.1695278969957084,1.2539184952978055
"Odor, Rougned",596059,2017,0.9627659574468085,1.2814126034314146,1.0140151872891543,0.9198036006546645,0.9016036786858028,0.0,0.0,1.0928270042194095,1.1384615384615384,0.7488789237668161,0.9090909090909091,0.9211956521739133,1.3137254901960786,1.1379310344827587,1.2673267326732673
"Odor, Rougned",596059,2018,1.0188172043010753,1.1020940796445367,1.014681390058188,0.9252259654889071,1.177631969993089,0.0,0.0,0.9549180327868854,1.1014492753623188,0.9192825112107623,1.0,0.9250000000000002,1.0851063829787233,1.0300429184549356,1.167763157894737
"Odor, Rougned",596059,2019,1.1142857142857143,1.3276556624657994,1.01708069916996,0.9512195121951219,0.737512169860176,0.0,0.0,1.176,1.3488372093023253,0.857142857142857,1.7564102564102566,0.8728813559322034,1.526315789473684,1.0084925690021234,1.02803738317757
"Odor, Rougned",596059,2021,0.9342105263157894,1.4451664364944712,0.9812679305867938,0.9173486088379704,0.9072782207767008,0.0,0.0,1.1383399209486165,1.1006423982869378,0.8681818181818183,1.0833333333333333,0.9124293785310736,1.3333333333333335,1.0676532769556026,0.9933110367892977
"Odor, Rougned",596059,2022,0.872628726287263,1.6915370507540215,0.9786580108083047,0.8962418300653595,0.6627623085056285,0.0,0.0,1.0952380952380953,0.986870897155361,0.9770642201834863,0.8461538461538463,0.7793296089385476,0.9534883720930234,1.0545073375262055,1.038338658146965
"Ohtani, Shohei",660271,2018,1.3548387096774195,0.9627600681979379,1.0461139814081504,0.9359079704190633,1.076520639066294,0.0,0.0,1.2663934426229508,1.357487922705314,1.0807174887892375,2.2676056338028174,0.9666666666666666,2.0851063829787235,0.9828326180257512,1.0394736842105263
"Ohtani, Shohei",660271,2019,1.1584415584415584,0.5209337510913337,1.0446912877930274,0.9680403700588729,1.8499059410114052,0.0,0.0,1.092,1.1953488372093022,1.1875,1.564102564102564,1.1468926553672316,1.1403508771929824,1.0445859872611467,1.0373831775700935
"Ohtani, Shohei",660271,2021,1.4973684210526315,1.2863822228055597,1.0497851358423542,0.9738134206219312,0.7332257148811706,0.0,0.0,1.3913043478260867,1.2955032119914347,1.040909090909091,2.6547619047619047,0.8022598870056498,2.5882352941176476,0.9682875264270615,1.1237458193979935
"Ohtani, Shohei",660271,2022,1.3116531165311653,0.9316141999340811,1.046804981222664,0.9730392156862744,0.9707518518700088,0.0,0.0,1.1190476190476188,1.24507658643326,1.055045871559633,2.1282051282051286,0.9217877094972068,1.8604651162790697,1.0335429769392035,0.9616613418530351
"Ohtani, Shohei",660271,2023,1.4342105263157896,1.0293984091553108,1.0614906525757644,0.9785478547854785,0.9750325858338764,0.42758620689655175,1.0735198510852955,1.2666666666666668,1.3113006396588487,0.936936936936937,2.373493975903614,0.9116809116809118,2.530612244897959,1.0168776371308017,1.0980392156862746
"Ohtani, Shohei",660271,2024,1.4732620320855616,1.2016174102659951,1.078554501929048,0.9810699588477366,0.7539819367473645,0.7823129251700681,1.0663028014865295,1.192,1.4718614718614718,1.239819004524887,2.6625,0.8045977011494254,2.466666666666667,0.9916317991631799,0.9799331103678929
"Ohtani, Shohei",660271,2025,1.4812834224598932,1.1108183509639449,1.0628360304392914,0.9764035801464604,0.761689559130114,0.541095890410959,1.0488775853572787,1.3413654618473896,1.4089979550102247,0.9508928571428571,2.6,0.8941176470588235,2.6875,0.9473684210526315,1.0517241379310347
"Olivares, Edward",658668,2023,0.981578947368421,0.951511411498224,0.9816891470691759,0.9158415841584158,1.0233620064326072,1.0827586206896553,0.9835687966606756,0.8980392156862745,0.9573560767590619,0.972972972972973,0.9518072289156626,1.0740740740740744,0.8367346938775511,1.069620253164557,1.0065359477124185
"Olson, Matt",621566,2018,1.174731182795699,1.4115836533188204,1.0521068925014112,0.9309778142974527,0.8643752157451409,0.0,0.0,1.1352459016393444,1.5144927536231885,0.9820627802690582,1.7323943661971832,0.7222222222222222,1.4893617021276597,0.9506437768240342,0.8026315789473684
"Olson, Matt",621566,2019,1.2857142857142856,1.4384840611397949,1.0365131133300576,0.9411269974768713,0.6625661614355043,0.0,0.0,1.136,1.3860465116279068,1.0,1.8846153846153846,0.7005649717514125,1.8596491228070173,0.9617834394904461,0.8753894080996885
"Olson, Matt",621566,2021,1.0842105263157893,1.2565792128791224,1.0303358159170726,0.9435351882160392,0.8423826258183673,0.0,0.0,0.9130434782608696,1.267665952890792,0.8545454545454546,1.5119047619047619,0.884180790960452,1.647058823529412,0.9936575052854123,0.8729096989966556
"Olson, Matt",621566,2022,1.146341463414634,1.2715594958853362,1.0479501947814187,0.9542483660130718,0.9684171913316009,0.0,0.0,1.1507936507936507,1.3719912472647702,0.9724770642201834,1.7435897435897438,0.8100558659217877,1.7674418604651163,1.0398322851153041,0.987220447284345
"Olson, Matt",621566,2023,1.2526315789473683,1.2550769483388735,1.0538069787640523,0.9785478547854785,0.8081168861410507,1.2275862068965517,1.0537912458182628,1.1176470588235292,1.4733475479744136,0.9954954954954955,1.963855421686747,0.8290598290598291,2.4897959183673466,0.9873417721518989,0.9869281045751634
"Olson, Matt",621566,2024,1.1149732620320856,1.2168796008382419,1.0324382843396478,0.9374485596707819,0.8497773945709276,1.1768707482993197,1.0417075248325238,1.052,1.2987012987012987,1.1628959276018098,1.5625,0.8304597701149425,1.488888888888889,1.0376569037656904,0.9966555183946488
"Olson, Matt",621566,2025,1.1550802139037433,1.1023346726881287,1.0448749938118742,0.9275834011391375,1.0433018782626902,1.1027397260273974,1.0410930543910675,1.0522088353413657,1.3353783231083844,1.1651785714285714,1.5999999999999999,0.8852941176470588,1.3333333333333335,0.9515789473684211,0.9689655172413795
"Orlando, Paulo",449181,2016,1.0403225806451613,0.7056819407822083,1.0081059885519965,0.929225645295587,1.5952009984664077,0.0,0.0,1.0991379310344827,1.0174999999999998,0.9398148148148148,0.8307692307692308,1.1409214092140922,0.3043478260869566,1.2081545064377681,1.09717868338558
"Ortega, Rafael",542364,2021,0.9421052631578947,1.4377781923918322,0.9856606081519093,0.8960720130932897,0.6914338053499857,0.0,0.0,0.8537549407114625,0.9764453961456102,1.0681818181818181,0.6904761904761906,0.8135593220338982,0.9607843137254903,0.9386892177589852,0.9665551839464883
"Ortega, Rafael",542364,2022,0.9322493224932249,1.3420288610274624,0.9794828181142605,0.8856209150326797,0.6171946977316604,0.0,0.0,0.7619047619047619,1.0196936542669583,1.0412844036697246,0.6282051282051283,0.8128491620111732,0.6511627906976745,0.9412997903563942,0.9680511182108626
"Ortiz, David",120074,2015,1.30939226519337,1.4142357934274916,1.0534360904360622,0.9443059019118869,0.740437778001306,0.0,0.0,1.0401785714285714,1.4293193717277486,0.9953271028037384,2.4000000000000004,0.7506561679790026,2.1,0.9702127659574469,1.0771604938271604
"Ortiz, David",120074,2016,1.271505376344086,1.4338982153416249,1.0516120068350998,0.9442131557035804,0.6124989492155894,0.0,0.0,0.8362068965517241,1.3125,1.2361111111111112,2.3846153846153846,0.6883468834688347,1.8043478260869568,0.9506437768240342,1.141065830721003
"Ortiz, Joey",687401,2024,0.8689839572192514,0.7497038663076213,0.984960908627125,0.9176954732510288,1.495392953201007,1.1700680272108843,1.0328246381311466,0.684,0.987012987012987,0.8642533936651584,0.5499999999999999,1.1580459770114944,0.7111111111111111,0.8221757322175733,1.0234113712374582
"Ortiz, Joey",687401,2025,0.783422459893048,1.0080449040701012,0.9443284208938458,0.8934092758340113,1.3925097977474683,1.2397260273972603,1.0113141501483274,0.6586345381526105,0.8098159509202455,0.8839285714285714,0.3333333333333333,1.1941176470588235,0.375,0.9747368421052632,1.1034482758620692
"Osuna, Jose",591741,2019,0.961038961038961,0.7604607126897055,1.0046709847494375,0.9268292682926829,1.141387881926463,0.0,0.0,0.904,0.9883720930232558,1.0,0.6538461538461539,1.1497175141242937,0.8245614035087719,1.091295116772824,0.9906542056074766
"Outman, James",681546,2023,1.094736842105263,1.197167459118966,0.9834888618619696,0.9191419141914192,0.8457885003822124,1.206896551724138,1.0227880504724869,1.43921568627451,1.0831556503198294,1.0495495495495497,1.3373493975903612,0.9059829059829061,1.530612244897959,0.9725738396624474,0.9379084967320261
"Owings, Chris",572008,2015,0.9337016574585636,1.3349127172751791,0.9835972288468088,0.8944305901911886,0.8475010783339272,0.0,0.0,1.1741071428571428,0.7198952879581152,1.0514018691588787,0.49090909090909096,0.8346456692913385,0.27499999999999997,1.1382978723404256,1.0030864197530864
"Owings, Chris",572008,2016,0.9435483870967741,0.7388104043115541,0.994086608700539,0.8984179850124897,1.398868567885927,0.0,0.0,0.9353448275862067,0.8674999999999999,0.9583333333333333,0.4307692307692308,1.116531165311653,0.3043478260869566,1.1158798283261802,1.0125391849529781
"Owings, Chris",572008,2017,0.8989361702127661,0.9997005814596516,0.9874391793835096,0.8870703764320785,1.1034363618442387,0.0,0.0,0.9831223628691984,0.8333333333333334,1.0358744394618835,0.5454545454545453,1.0190217391304348,0.7843137254901962,1.2025862068965516,1.1848184818481848
"Owings, Chris",572008,2018,0.9462365591397849,1.0526326373582082,0.992077210390418,0.8800328677074774,0.8625966659185048,0.0,0.0,1.0122950819672132,0.8719806763285025,1.0762331838565022,0.8169014084507044,0.9611111111111109,0.40425531914893614,1.0772532188841202,1.1644736842105263
"Ozuna, Marcell",542303,2015,1.0718232044198897,0.6472888458180951,1.0381665519004282,0.9517871986699917,1.442232018660512,0.0,0.0,1.1696428571428572,1.2722513089005234,0.9205607476635514,1.0909090909090908,1.0944881889763778,0.7250000000000001,1.0170212765957447,1.0864197530864197
"Ozuna, Marcell",542303,2016,1.0564516129032258,0.9286581460071067,1.0249571987638302,0.9475437135720234,0.9684474700748725,0.0,0.0,1.1508620689655171,1.185,0.8749999999999999,1.2153846153846155,0.9430894308943089,1.1304347826086958,1.0085836909871244,1.1191222570532913
"Ozuna, Marcell",542303,2017,1.1542553191489362,0.8398936023030361,1.0382653169145117,0.936988543371522,1.3498665191634396,0.0,0.0,1.130801687763713,1.3,0.9103139013452914,1.424242424242424,1.032608695652174,1.5490196078431375,1.066810344827586,1.0891089108910892
"Ozuna, Marcell",542303,2018,1.0994623655913978,0.8619748161344261,1.033247550603179,0.9630238290879212,1.1974871362162773,0.0,0.0,0.9959016393442623,1.1763285024154588,0.8878923766816144,1.3661971830985917,1.0194444444444446,1.0425531914893618,1.0429184549356223,1.0
"Ozuna, Marcell",542303,2019,1.1428571428571428,1.0399425279405394,1.0340539645867455,0.9697224558452481,1.3209173191525543,0.0,0.0,1.108,1.3744186046511626,1.0669642857142856,1.5897435897435899,0.9152542372881356,1.2982456140350875,0.9532908704883228,1.0965732087227413
"Ozuna, Marcell",542303,2022,1.1436314363143631,1.3095200943080443,1.0097445646390946,0.9305555555555556,0.8232680104294405,0.0,0.0,1.1428571428571428,1.1575492341356675,0.8394495412844036,1.6794871794871797,0.8379888268156426,1.5348837209302328,1.0335429769392035,1.1661341853035143
"Ozuna, Marcell",542303,2023,1.2657894736842106,1.2120299229585563,1.0316388247187525,0.9513201320132013,0.727956427252041,1.013793103448276,1.0469005033434529,1.0470588235294118,1.2004264392324093,0.9774774774774775,1.9759036144578315,0.9002849002849005,2.0,1.0232067510548524,1.0718954248366015
"Ozuna, Marcell",542303,2024,1.3636363636363638,1.0843956100068055,1.0386105257152103,0.9448559670781893,0.7899136601956116,0.8571428571428572,1.030396653254827,1.252,1.3463203463203464,1.2262443438914028,1.9124999999999999,0.824712643678161,1.9777777777777779,0.9790794979079499,1.05685618729097
"Ozuna, Marcell",542303,2025,1.088235294117647,1.0499632169742097,1.0067076521292435,0.9121236777868185,0.800887618313418,0.815068493150685,1.010813204026106,1.036144578313253,1.0102249488752557,0.9330357142857141,1.2666666666666666,0.9323529411764706,1.25,0.8315789473684211,1.013793103448276
"Pagan, Angel",434636,2015,0.8646408839779006,1.0372553561821245,0.9762878824342522,0.9201995012468829,0.7298008583757697,0.0,0.0,0.5535714285714285,0.6230366492146595,0.9018691588785047,0.1272727272727273,0.9606299212598425,0.17500000000000002,0.8829787234042553,0.9074074074074074
"Pagan, Angel",434636,2016,0.8978494623655915,1.0316886236991383,0.9653226352247664,0.890924229808493,1.0236930899088583,0.0,0.0,0.5043103448275862,0.5775,1.1481481481481481,0.46153846153846156,1.0027100271002711,0.6086956521739132,0.873390557939914,0.8965517241379309
"Pages, Andy",681624,2024,1.0668449197860963,1.5489685703529803,0.9984647810276701,0.9218106995884774,0.5926254679216285,1.7687074829931975,1.025206029996021,1.048,1.0238095238095237,1.1628959276018098,1.35,0.7183908045977012,0.9777777777777776,1.0732217573221758,1.0033444816053512
"Pages, Andy",681624,2025,1.0106951871657754,1.269936797384304,0.9918017457973657,0.8999186330349878,0.7021949714162019,1.5479452054794522,1.015054980574491,0.8634538152610443,0.8813905930470348,1.1205357142857142,0.9111111111111112,0.8294117647058822,1.2083333333333335,1.1157894736842104,1.006896551724138
"Pages, Pedro",686780,2025,0.8877005347593583,0.9255097589524734,0.9858859389385675,0.9088689991863304,1.0066774290257647,1.273972602739726,1.0130438740990968,1.1204819277108435,0.8957055214723926,0.90625,0.8222222222222222,1.0911764705882354,0.8958333333333334,1.088421052631579,1.1689655172413798
"Palka, Daniel",594953,2018,1.2150537634408602,0.9138112730280831,1.045928584776982,0.9728841413311422,1.3693722071456265,0.0,0.0,1.4877049180327868,1.3405797101449277,0.937219730941704,2.028169014084507,1.0555555555555556,2.191489361702127,1.0493562231759657,1.0625000000000002
"Panik, Joe",605412,2015,0.914364640883978,1.0498831539790765,0.9843397193913159,0.886949293433084,0.9098712875619652,0.0,0.0,0.5178571428571429,0.806282722513089,0.94392523364486,0.41818181818181815,0.9002624671916011,0.575,0.9063829787234042,0.8765432098765432
"Panik, Joe",605412,2016,0.8440860215053764,1.089373407442617,0.9737894226778587,0.8892589508742714,0.9576483744308675,0.0,0.0,0.4870689655172413,0.77,0.8425925925925926,0.6923076923076923,0.989159891598916,0.5217391304347826,0.8948497854077252,0.8495297805642633
"Panik, Joe",605412,2017,0.8085106382978723,0.9545544205037612,0.9698246472875953,0.8837970540098199,0.9180935354407143,0.0,0.0,0.4725738396624473,0.7512820512820512,0.9730941704035874,0.3939393939393939,1.095108695652174,0.4313725490196078,0.9331896551724136,0.900990099009901
"Panik, Joe",605412,2018,0.8467741935483871,0.7699441285560407,0.9775209350058737,0.8882497945768282,1.2151361728591112,0.0,0.0,0.4426229508196722,0.7777777777777779,1.0358744394618835,0.3802816901408451,1.1305555555555555,0.19148936170212763,0.9055793991416308,0.7565789473684211
"Panik, Joe",605412,2019,0.7766233766233765,0.9644787181259834,0.9744957421974394,0.8931875525651808,1.0652953564646988,0.0,0.0,0.42,0.6465116279069768,0.9910714285714285,0.25641025641025644,1.096045197740113,0.22807017543859648,0.8895966029723992,0.8317757009345795
"Panik, Joe",605412,2021,0.7578947368421052,0.7621480935271882,0.9711012822608284,0.8788870703764321,1.447642455209883,0.0,0.0,0.5770750988142292,0.5931477516059958,1.059090909090909,0.17857142857142858,1.0903954802259888,0.29411764705882354,0.9217758985200847,0.7090301003344481
"Paredes, Isaac",670623,2022,0.8319783197831978,1.257226327368566,0.9874914656895846,0.9019607843137255,0.8149521719402543,0.0,0.0,0.6547619047619048,1.201312910284464,0.7935779816513759,0.8205128205128206,0.9972067039106145,1.744186046511628,0.8343815513626835,0.8530351437699681
"Paredes, Isaac",670623,2023,0.85,1.7318069544253227,0.9773162610913682,0.8886138613861386,0.7477005284628864,2.1931034482758625,0.9380989761566698,0.7176470588235294,1.115138592750533,1.0,0.7108433734939757,0.7863247863247865,1.6326530612244896,0.9620253164556962,1.0947712418300655
"Paredes, Isaac",670623,2024,0.8128342245989305,1.6871244340248337,0.9582278128353982,0.8831275720164609,0.5421892578857452,2.4761904761904763,0.9464668964401269,0.688,1.1017316017316017,1.104072398190045,0.5625,0.8132183908045977,0.9555555555555555,0.9372384937238495,1.0367892976588629
"Paredes, Isaac",670623,2025,0.8743315508021391,1.7108812213533244,0.9784834294846603,0.8738812042310822,0.5401970294042759,2.6438356164383565,0.955802031835773,0.6586345381526105,1.1002044989775053,1.1339285714285712,0.7,0.7382352941176471,1.3750000000000002,0.8610526315789473,0.9034482758620692
"Paredes, Jimmy",517370,2015,1.06353591160221,0.7227475164351451,1.018005206291588,0.9459684123025769,1.2458429778216338,0.0,0.0,1.6294642857142856,1.1910994764397904,0.9953271028037384,1.0,1.005249343832021,1.0,1.2361702127659573,1.2160493827160495
"Parra, Gerardo",467827,2015,0.9337016574585636,0.8533853205185047,0.9974612372529337,0.9002493765586035,1.1446767811263432,0.0,0.0,0.8303571428571428,0.856020942408377,1.0887850467289721,0.6000000000000001,1.0813648293963254,0.775,1.1617021276595745,1.1574074074074074
"Parra, Gerardo",467827,2016,0.9059139784946237,0.408852437585251,0.9842035875908652,0.9000832639467111,1.4604539765349929,0.0,0.0,0.918103448275862,0.8575000000000002,0.9675925925925924,0.7846153846153846,1.2953929539295392,0.5217391304347826,1.1888412017167382,1.0940438871473352
"Parra, Gerardo",467827,2017,0.9202127659574467,0.6487695348032143,0.9763354489887078,0.8682487725040916,1.0474024840943361,0.0,0.0,0.8270042194092828,0.7846153846153846,1.1031390134529149,0.3181818181818182,1.0597826086956523,0.5882352941176471,1.1120689655172413,1.118811881188119
"Parra, Gerardo",467827,2018,0.903225806451613,0.7094662700918883,0.9747624464378021,0.866885784716516,1.15564320447712,0.0,0.0,0.8237704918032788,0.676328502415459,1.0089686098654709,0.3802816901408451,1.1055555555555556,0.38297872340425526,1.0987124463519313,1.0592105263157896
"Parra, Gerardo",467827,2019,0.877922077922078,0.8506859462410651,0.9670397577787335,0.8856181665264928,1.1084632314862763,0.0,0.0,0.92,0.5372093023255814,1.013392857142857,0.5897435897435898,1.1779661016949152,0.7368421052631579,1.0573248407643312,1.074766355140187
"Pasquantino, Vinnie",686469,2022,1.043360433604336,0.9509393377251161,1.0277763614280562,0.920751633986928,0.9811177446605399,0.0,0.0,0.6071428571428571,1.1903719912472648,1.0137614678899083,1.1282051282051282,0.9022346368715086,1.0232558139534882,0.9622641509433962,0.9808306709265175
"Pasquantino, Vinnie",686469,2023,0.9473684210526315,1.3571360115237339,1.0015371268163715,0.9059405940594059,0.7518120003397444,0.0,0.0,0.6823529411764705,1.1130063965884862,0.9864864864864864,0.9036144578313252,0.7521367521367524,0.9183673469387754,0.9810126582278481,1.2222222222222223
"Pasquantino, Vinnie",686469,2024,0.9545454545454545,1.0908287199588005,1.0261105079883779,0.9234567901234568,0.9231871147784311,1.2857142857142858,1.003950964915324,0.584,1.3419913419913418,0.9230769230769229,0.8875,0.9339080459770116,0.9555555555555555,0.997907949790795,1.1204013377926423
"Pasquantino, Vinnie",686469,2025,0.9812834224598931,1.2165731634995707,1.0163202187528637,0.9308380797396257,0.9380949661689736,1.493150684931507,1.0061666057655712,0.7349397590361446,1.2719836400817996,0.9285714285714285,1.2000000000000002,0.9352941176470588,1.2916666666666667,1.0084210526315789,1.0862068965517242
"Paulsen, Ben",572019,2015,1.0828729281767957,0.9619457383256947,0.9992079999611965,0.9310058187863675,1.2437353487238152,0.0,0.0,1.4330357142857142,0.9764397905759161,1.0887850467289721,1.0727272727272725,0.9343832020997376,1.175,1.2085106382978723,1.0462962962962965
"Pearce, Steve",456665,2015,0.8867403314917127,1.7462810617300542,0.9835416792530829,0.9002493765586035,0.652799755814758,0.0,0.0,1.0,1.0418848167539267,0.8457943925233644,0.9636363636363636,0.8477690288713912,1.6500000000000001,1.0085106382978724,0.7839506172839507
"Pearce, Steve",456665,2016,1.1021505376344085,1.3082362785631283,1.0136626265244655,0.9367194004995837,0.7910268687450182,0.0,0.0,1.0560344827586206,1.185,0.7916666666666666,1.3846153846153846,0.9376693766937668,1.347826086956522,0.9721030042918456,0.80564263322884
"Pearce, Steve",456665,2017,0.9361702127659574,1.1454437780808495,0.996643301324935,0.8887070376432078,1.0953545525533872,0.0,0.0,0.9029535864978903,1.1205128205128205,1.053811659192825,1.0454545454545454,0.9673913043478262,1.0392156862745099,1.0215517241379308,0.8547854785478548
"Pederson, Joc",592626,2015,1.1878453038674033,1.2354506757601944,1.032183604473506,0.9501246882793017,0.8438322424969837,0.0,0.0,1.620535714285714,1.350785340314136,0.8364485981308412,2.1636363636363636,0.9343832020997376,2.075,0.9042553191489362,1.0061728395061729
"Pederson, Joc",592626,2016,1.1612903225806452,1.268930916082348,1.0372090256075093,0.9350541215653623,1.076052744527636,0.0,0.0,1.1551724137931034,1.3850000000000002,1.0138888888888888,1.9384615384615385,0.8780487804878049,1.956521739130435,0.8927038626609443,1.0783699059561127
"Pederson, Joc",592626,2017,0.9787234042553191,0.8367275302631526,1.0291535392507674,0.9337152209492634,1.4077201220994278,0.0,0.0,1.0168776371308017,1.3076923076923077,0.7623318385650224,1.318181818181818,1.095108695652174,1.0392156862745099,0.9331896551724136,0.9603960396039602
"Pederson, Joc",592626,2018,0.989247311827957,1.2516181294150337,1.0330599384536776,0.9359079704190633,0.7701755945700935,0.0,0.0,1.0327868852459017,1.1135265700483092,0.8923766816143498,1.1971830985915493,0.8527777777777777,1.7446808510638299,0.9828326180257512,1.0888157894736843
"Pederson, Joc",592626,2019,1.0233766233766235,1.197290497111257,1.023960727709852,0.9562657695542472,0.9560342942631912,0.0,0.0,0.976,1.2488372093023257,0.8392857142857142,1.3333333333333335,0.9519774011299437,1.8771929824561402,0.9745222929936307,0.9626168224299064
"Pederson, Joc",592626,2021,1.036842105263158,1.080483611684083,1.0173191801408326,0.9296235679214402,0.9347715001941765,0.0,0.0,1.0474308300395256,1.2612419700214133,0.9363636363636363,1.1666666666666667,0.957627118644068,1.058823529411765,1.029598308668076,1.160535117056856
"Pederson, Joc",592626,2022,1.1978319783197833,1.137466757521636,1.0456424559547979,0.9215686274509803,0.7155677607280282,0.0,0.0,0.9801587301587301,1.3916849015317285,0.908256880733945,1.9487179487179487,0.7513966480446929,1.8139534883720931,0.9601677148846962,1.0990415335463257
"Pederson, Joc",592626,2023,1.094736842105263,1.1863051793150665,1.0335486785951018,0.962046204620462,0.9034367713037861,1.6896551724137931,1.0119533919644725,0.9647058823529412,1.3795309168443497,0.9774774774774775,1.4578313253012047,0.7435897435897437,1.1224489795918366,0.9514767932489452,1.1437908496732028
"Pederson, Joc",592626,2024,1.1844919786096257,1.2389878230613658,1.0361088938246135,0.9390946502057612,0.9444587072848466,1.5510204081632655,1.0360596274944607,1.008,1.2857142857142856,0.9366515837104071,1.6,0.8304597701149425,1.911111111111111,0.9163179916317992,1.2140468227424748
"Pederson, Joc",592626,2025,0.9197860962566844,1.2888079936102164,1.0205163938116213,0.9251423921887714,1.053292457124303,1.356164383561644,1.0244365013831709,1.0160642570281124,1.1758691206543965,0.8258928571428571,1.0555555555555556,0.8970588235294118,0.9375,0.9284210526315789,1.0896551724137933
"Pedroia, Dustin",456030,2015,0.8314917127071824,0.8082210120343721,0.9973540184662867,0.8703241895261846,1.257886572666311,0.0,0.0,0.5803571428571428,0.7539267015706805,0.7990654205607478,0.5454545454545454,1.1653543307086613,0.8999999999999999,0.9191489361702129,0.8055555555555556
"Pedroia, Dustin",456030,2016,0.9005376344086022,0.7309839993635606,0.9995238760922667,0.8667776852622814,1.2867797403309646,0.0,0.0,0.5258620689655171,0.79,1.1203703703703702,0.38461538461538464,1.0596205962059622,0.5869565217391305,0.924892703862661,0.8150470219435736
"Pedroia, Dustin",456030,2017,0.8430851063829787,0.8665776955760229,0.9739502318394407,0.8338788870703765,1.2934698069734336,0.0,0.0,0.4725738396624473,0.5487179487179487,1.0358744394618835,0.16666666666666663,1.0760869565217392,0.37254901960784315,0.8943965517241378,0.834983498349835
"Pena, Brayan",430910,2015,0.7292817679558011,0.7028643485015973,0.9675956066080651,0.8719866999168745,1.464539366747205,0.0,0.0,0.46874999999999994,0.48952879581151826,0.8411214953271029,0.05454545454545454,1.2598425196850394,0.0,0.9234042553191489,0.8796296296296295
"Pena, Jeremy",665161,2022,1.0406504065040652,0.637232482178336,0.9869825089377112,0.9027777777777778,1.2458545834104062,0.0,0.0,1.1904761904761905,0.9343544857768051,0.9908256880733946,1.2564102564102566,1.106145251396648,1.3255813953488373,1.1551362683438156,1.182108626198083
"Pena, Jeremy",665161,2023,0.9368421052631578,0.42154445726779427,0.9810366773367784,0.9207920792079207,1.5811829193892364,0.6344827586206897,0.987005268434578,1.1254901960784314,0.8784648187633262,0.981981981981982,0.49397590361445787,1.230769230769231,0.4693877551020407,1.118143459915612,1.1797385620915033
"Pena, Jeremy",665161,2024,0.9491978609625668,0.5577697436903176,0.9931622365133012,0.9012345679012346,1.466764623964595,0.8435374149659864,1.0177480397256247,1.008,0.9523809523809523,0.9230769230769229,0.675,1.2442528735632183,0.6666666666666666,1.1255230125523015,1.180602006688963
"Pena, Jeremy",665161,2025,0.9893048128342246,0.6482291443830801,0.9923320801399006,0.8942229454841334,1.4753192968931386,1.1643835616438358,1.0085363252513415,1.0883534136546187,0.9509202453987731,0.9330357142857141,0.9111111111111112,1.2205882352941178,0.8750000000000001,1.0757894736842106,1.2620689655172417
"Pence, Hunter",452254,2016,1.077956989247312,0.4673847310002336,1.0266302009302595,0.9467110741049126,1.6725602442114342,0.0,0.0,1.3491379310344827,1.09,0.9027777777777777,1.0615384615384615,1.1707317073170733,0.9347826086956522,0.9828326180257512,1.122257053291536
"Pence, Hunter",452254,2017,0.9654255319148936,0.34876508590323,1.0168226090204067,0.9328968903436988,1.526535241838889,0.0,0.0,1.1350210970464136,1.0153846153846153,0.7174887892376681,0.8787878787878788,1.3858695652173914,0.6470588235294119,0.9676724137931033,1.1386138613861385
"Pence, Hunter",452254,2019,1.1376623376623376,0.7620013109975944,1.0303998501272116,0.9512195121951219,1.1096307722820278,0.0,0.0,1.252,1.0883720930232559,1.1160714285714284,1.1923076923076925,0.9943502824858756,1.456140350877193,1.0870488322717624,1.2024922118380061
"Peralta, David",444482,2015,1.1574585635359116,0.5989535885217897,1.036912155742799,0.9642560266001663,1.5735229256223948,0.0,0.0,1.0982142857142856,1.2146596858638743,1.2009345794392523,1.4545454545454546,1.0866141732283463,1.175,1.0148936170212766,1.1080246913580247
"Peralta, David",444482,2017,0.9122340425531915,0.34639505078516536,1.0058023093891555,0.9312602291325696,1.7198090170931688,0.0,0.0,0.9198312236286921,0.9743589743589743,0.780269058295964,0.6363636363636364,1.2771739130434783,0.627450980392157,1.0474137931034482,1.0198019801980198
"Peralta, David",444482,2018,1.118279569892473,0.530577815718275,1.0330889362287081,0.943303204601479,1.409899378087487,0.0,0.0,0.9754098360655737,1.2028985507246377,0.9506726457399103,1.0985915492957747,1.161111111111111,1.446808510638298,1.0300429184549356,0.9671052631578947
"Peralta, David",444482,2019,0.8935064935064934,0.4931693900872226,1.0144245166893604,0.9520605550883094,1.609649577075781,0.0,0.0,0.972,1.0534883720930233,0.8616071428571428,0.6923076923076924,1.2514124293785311,0.7192982456140351,1.0700636942675161,1.1682242990654206
"Peralta, David",444482,2021,0.8315789473684211,0.41726898749714886,1.0058777891600346,0.9312602291325696,2.036250131093471,0.0,0.0,0.841897233201581,1.0299785867237687,0.881818181818182,0.5952380952380952,1.2937853107344635,0.3921568627450981,0.9830866807610994,1.0
"Peralta, David",444482,2022,1.032520325203252,1.200439332976021,1.020521967864929,0.9232026143790849,0.8299954303308048,0.0,0.0,1.0436507936507937,1.1378555798687089,0.8990825688073395,1.0897435897435899,0.835195530726257,0.8372093023255813,1.0566037735849056,1.0830670926517574
"Peralta, David",444482,2023,0.9368421052631578,0.6212098679010177,1.0027491183203723,0.91996699669967,1.3991277431695803,0.8827586206896553,1.0090890230217144,0.8862745098039216,1.049040511727079,0.90990990990991,0.5903614457831325,1.1680911680911683,0.42857142857142855,1.1497890295358653,1.0130718954248368
"Peralta, Jhonny",425509,2015,1.0331491712707184,1.2034703697626439,0.9982997151853852,0.9093931837073982,0.9338854857674128,0.0,0.0,1.0357142857142858,1.0157068062827226,1.102803738317757,0.7999999999999999,0.863517060367454,0.8999999999999999,1.0723404255319149,0.962962962962963
"Peralta, Jhonny",425509,2016,0.9650537634408601,1.1477868608554633,0.9880094394632192,0.9034138218151541,0.7295174789512628,0.0,0.0,0.8836206896551723,0.9425000000000001,1.1203703703703702,0.9846153846153847,0.897018970189702,0.7391304347826089,0.9914163090128756,0.9310344827586206
"Peraza, Jose",606299,2016,0.9623655913978494,0.9337782434839679,0.9573203191471175,0.894254787676936,1.0279564476131433,0.0,0.0,0.5862068965517241,0.6875000000000001,1.162037037037037,0.29230769230769227,1.0542005420054201,0.3043478260869566,1.1030042918454934,1.0846394984326015
"Peraza, Jose",606299,2017,0.8670212765957447,0.9103391253711434,0.9446964792776648,0.8747954173486089,1.0236958435078387,0.0,0.0,0.6540084388185654,0.5666666666666667,0.8968609865470851,0.25757575757575757,1.1766304347826086,0.19607843137254904,1.105603448275862,1.0693069306930691
"Peraza, Jose",606299,2018,0.8655913978494624,1.1914010454384902,0.9656276557093384,0.8931799506984388,0.8143927345877647,0.0,0.0,0.5819672131147541,0.6207729468599034,1.15695067264574,0.35211267605633806,0.9305555555555556,0.5319148936170213,1.05793991416309,1.105263157894737
"Peraza, Jose",606299,2019,0.8337662337662338,1.348068911181762,0.956961062621738,0.9201009251471826,0.7205578671047697,0.0,0.0,0.664,0.6395348837209304,0.9374999999999999,0.038461538461538464,0.9265536723163843,0.3508771929824561,1.1443736730360936,1.0062305295950156
"Perdomo, Geraldo",672695,2022,0.7723577235772358,0.7970207046899039,0.9387658357332292,0.8553921568627451,1.482897232961504,0.0,0.0,0.76984126984127,0.6958424507658643,0.7981651376146788,0.23076923076923075,1.1955307262569832,0.3488372093023256,0.8427672955974844,0.8051118210862619
"Perdomo, Geraldo",672695,2023,0.6868421052631579,1.245019107593819,0.9450290501057449,0.8655115511551156,0.767788005346964,0.9655172413793105,0.8988859020707901,0.6156862745098038,0.5437100213219617,0.8603603603603605,0.10843373493975901,1.0256410256410258,0.36734693877551017,0.8016877637130801,0.6895424836601307
"Perdomo, Geraldo",672695,2024,0.7780748663101604,1.1441990575714474,0.9642398035520944,0.9037037037037037,1.067435101462561,0.9387755102040818,0.9171347124150973,0.5,0.6774891774891775,0.8778280542986425,0.4,1.0229885057471266,0.2444444444444444,0.8284518828451883,0.7491638795986623
"Perdomo, Geraldo",672695,2025,0.9224598930481283,1.1052693941546696,0.9688500133700076,0.8803905614320585,0.8772399876049609,0.9178082191780823,0.9473045392211791,0.48192771084337355,0.8282208588957055,0.9553571428571427,0.6777777777777777,0.9205882352941177,0.7916666666666666,0.8273684210526316,0.7586206896551725
"Perez, Carlos",542208,2015,0.8232044198895028,1.0936389584594903,0.9753308213821759,0.8844555278470491,0.8355960804140496,0.0,0.0,0.7455357142857142,0.7120418848167539,1.1401869158878504,0.1636363636363636,1.0236220472440944,0.475,0.9680851063829787,0.9537037037037037
"Perez, Carlos",542208,2016,0.771505376344086,1.2544803764297998,0.956095961236624,0.8934221482098251,0.9224423165044879,0.0,0.0,0.9525862068965517,0.795,1.0324074074074074,0.3538461538461538,0.962059620596206,0.5,0.9978540772532188,1.09717868338558
"Perez, Hernan",541650,2015,0.9033149171270719,1.0760308173791902,0.9738526320450424,0.8977556109725686,0.9419522706943073,0.0,0.0,1.1919642857142858,0.7958115183246073,1.1448598130841123,0.36363636363636365,0.9895013123359581,0.125,1.229787234042553,1.0586419753086422
"Perez, Hernan",541650,2016,0.913978494623656,1.033081902351823,0.9998026950524233,0.9009159034138219,0.9080374914347245,0.0,0.0,1.1206896551724137,1.0025,0.9583333333333333,0.5846153846153845,0.9837398373983739,0.8913043478260871,1.1566523605150216,1.1504702194357368
"Perez, Hernan",541650,2017,0.8803191489361702,0.8281606009902599,0.9661770665572305,0.8878887070376432,1.38340681374967,0.0,0.0,0.9746835443037976,0.741025641025641,0.8654708520179373,0.46969696969696967,1.157608695652174,0.7647058823529412,1.1271551724137931,1.2706270627062706
"Perez, Hernan",541650,2018,0.9166666666666667,0.8890215621465346,0.9902958078939097,0.9005751848808545,1.0727565808877404,0.0,0.0,0.8811475409836066,0.8743961352657004,0.9641255605381166,0.6901408450704226,1.0722222222222222,0.7872340425531914,1.0708154506437768,1.1875
"Perez, Roberto",547379,2019,1.0597402597402596,0.4445555844631313,1.01292166305871,0.9486963835155592,1.1622924218884862,0.0,0.0,1.224,1.0488372093023257,0.8303571428571428,1.4615384615384617,1.2937853107344635,1.5964912280701753,0.8365180467091295,0.8722741433021808
"Perez, Salvador",521692,2015,0.9447513812154698,1.164918879735256,0.9879448954343413,0.9218620116375728,0.9869571570151057,0.0,0.0,0.8035714285714285,0.9973821989528795,0.9859813084112149,0.9636363636363636,1.010498687664042,1.15,1.151063829787234,1.2685185185185184
"Perez, Salvador",521692,2016,0.9301075268817204,1.6215030233802306,1.003024299217692,0.9383846794338052,0.7137084530030239,0.0,0.0,1.0129310344827585,1.1774999999999998,0.8888888888888888,0.9692307692307692,0.8021680216802167,1.2173913043478264,1.1824034334763949,1.3103448275862066
"Perez, Salvador",521692,2017,1.1143617021276595,1.532187228594555,1.0137261241351605,0.9108019639934533,0.6199578566290462,0.0,0.0,0.8776371308016878,1.2538461538461538,1.062780269058296,1.4545454545454544,0.7309782608695653,1.4117647058823528,1.2629310344827585,1.4620462046204619
"Perez, Salvador",521692,2018,1.0645161290322582,1.423025614818922,1.0321801514074898,0.9211175020542316,0.6916040524974915,0.0,0.0,0.9672131147540983,1.3381642512077296,1.0179372197309415,1.5211267605633805,0.7583333333333333,1.425531914893617,1.2210300429184546,1.430921052631579
"Perez, Salvador",521692,2021,1.263157894736842,1.2506142911261842,1.047269152227187,0.9361702127659575,0.7894580629397265,0.0,0.0,1.33201581027668,1.411134903640257,1.009090909090909,1.9404761904761905,0.8022598870056498,2.0784313725490198,1.2431289640591967,1.4782608695652175
"Perez, Salvador",521692,2022,1.0921409214092141,1.414934358542925,1.032646539464769,0.9191176470588235,0.6535755042293129,0.0,0.0,1.2619047619047619,1.2494529540481398,0.9220183486238532,1.4358974358974361,0.7681564245810057,1.5813953488372094,1.2033542976939204,1.3993610223642172
"Perez, Salvador",521692,2023,1.0763157894736841,1.2192951781328716,1.0130334994460932,0.9331683168316831,0.7111428598041246,1.4827586206896552,1.0266000755796603,1.184313725490196,1.1300639658848615,1.0855855855855856,1.0602409638554215,0.7777777777777779,1.1428571428571428,1.270042194092827,1.4509803921568627
"Perez, Salvador",521692,2024,1.1470588235294117,1.4291366391847844,1.0269385724051525,0.9325102880658436,0.6692648652027168,1.6394557823129252,1.0319775889571405,1.112,1.158008658008658,1.1628959276018098,1.525,0.7442528735632186,1.288888888888889,1.209205020920502,1.4046822742474918
"Perez, Salvador",521692,2025,1.1443850267379678,1.3347581348600923,1.0077116467654845,0.9340927583401138,0.7492934146209471,1.7328767123287672,1.0193628566257766,1.0843373493975905,1.128834355828221,1.013392857142857,1.6555555555555554,0.8676470588235294,1.3333333333333335,1.2084210526315788,1.3586206896551725
"Perez, Wenceel",672761,2024,0.9171122994652408,1.310998538594841,0.9926782632970083,0.8979423868312757,0.8486440558211665,1.4625850340136055,0.9825390056898636,0.84,0.777056277056277,1.1176470588235292,0.5499999999999999,0.8678160919540231,0.6888888888888889,0.9623430962343097,1.0668896321070236
"Perez, Wenceel",672761,2025,0.9625668449197861,1.3707521853817148,1.010278059958862,0.8934092758340113,0.8285044327380188,0.9794520547945206,0.9834495139119039,1.0481927710843375,0.9918200408997956,1.0491071428571428,0.9444444444444444,0.7794117647058824,1.0416666666666667,1.0442105263157895,1.1862068965517243
"Perkins, Blake",663368,2024,0.8636363636363636,0.9025921013645215,0.9712514240181238,0.8790123456790123,1.2088153946305138,0.7551020408163266,0.9409948000473569,1.104,0.8463203463203463,0.8778280542986425,0.4875,1.163793103448276,0.4888888888888888,0.8702928870292888,0.9531772575250835
"Peterson, Jace",607054,2015,0.9309392265193371,0.8465963729261101,0.9757686023978783,0.914380714879468,1.0238611637981603,0.0,0.0,1.03125,0.7146596858638743,0.9813084112149534,0.6181818181818183,1.0367454068241468,0.375,0.9170212765957447,0.9783950617283951
"Peterson, Jace",607054,2016,0.9247311827956989,0.27165130438091395,0.989624453815778,0.9000832639467111,1.6369738560367229,0.0,0.0,0.7672413793103448,0.8550000000000001,0.9768518518518516,0.49230769230769234,1.3929539295392954,0.5434782608695653,0.8776824034334764,0.8620689655172414
"Peterson, Jace",607054,2022,1.010840108401084,0.7213162358691744,0.9959150686488756,0.8888888888888888,0.9571210261111502,0.0,0.0,1.0753968253968256,0.8818380743982495,1.0458715596330275,0.9358974358974359,1.111731843575419,0.9069767441860466,0.8490566037735849,0.9073482428115015
"Peterson, Jace",607054,2023,0.8394736842105264,1.082295525040148,0.9559595531186209,0.9084158415841583,0.83325830037655,0.9655172413793105,0.9222028352454094,0.988235294117647,0.6801705756929638,1.0135135135135136,0.5662650602409638,1.0541310541310542,0.4489795918367346,0.8797468354430379,0.8496732026143792
"Pham, Tommy",502054,2017,1.1489361702127658,0.5748927999590633,1.0242404843265154,0.9132569558101472,1.4495533144070996,0.0,0.0,0.8776371308016878,1.2435897435897436,1.0448430493273542,1.424242424242424,1.2092391304347827,1.3725490196078434,0.8168103448275861,0.6963696369636962
"Pham, Tommy",502054,2018,1.2338709677419355,0.5245476916223801,1.0474676462857957,0.9211175020542316,1.3928399105566445,0.0,0.0,1.0368852459016393,1.2729468599033817,1.1255605381165918,1.3943661971830987,1.0638888888888889,1.2553191489361701,0.851931330472103,0.7697368421052633
"Pham, Tommy",502054,2019,1.012987012987013,0.39786701334216734,1.0232343799462933,0.952901597981497,1.617568708684924,0.0,0.0,0.8080000000000002,1.1093023255813952,0.7946428571428571,1.012820512820513,1.3107344632768363,0.8245614035087719,0.8152866242038217,0.6853582554517134
"Pham, Tommy",502054,2021,1.05,0.5984909223442144,1.0225780945796286,0.9222585924713584,1.2777501609271869,0.0,0.0,0.9328063241106719,1.1905781584582442,1.1636363636363638,1.1904761904761905,1.1271186440677967,0.8431372549019608,0.8076109936575054,0.6956521739130436
"Pham, Tommy",502054,2022,1.051490514905149,0.6382580902830639,1.0417890671554269,0.9199346405228758,1.2536126522448299,0.0,0.0,1.0317460317460319,1.2166301969365427,0.9541284403669725,1.012820512820513,1.0754189944134078,1.0232558139534882,0.8784067085953879,0.7891373801916932
"Pham, Tommy",502054,2023,1.1263157894736842,0.4305770471498044,1.0395353190470142,0.9381188118811882,1.5087927081818246,0.7172413793103448,1.0309507702845098,0.9254901960784313,1.1556503198294243,1.1216216216216215,1.3012048192771084,1.1481481481481484,1.0,0.8544303797468354,0.8333333333333334
"Pham, Tommy",502054,2024,1.0213903743315509,0.8249968134841003,1.0191547779818384,0.9292181069958848,1.2897532346676062,0.7823129251700681,1.0198832522673376,0.9,1.0216450216450215,1.0407239819004523,0.8999999999999999,1.002873563218391,0.6000000000000001,0.8472803347280335,0.725752508361204
"Pham, Tommy",502054,2025,0.9572192513368983,0.523656462740558,1.0262707910233324,0.9137510170870626,1.6994962722831155,0.7123287671232876,1.0226573295836892,0.9236947791164659,1.0593047034764826,0.9955357142857142,0.7333333333333334,1.2029411764705882,0.6875000000000001,0.8989473684210525,0.706896551724138
"Phegley, Josh",572033,2019,0.8415584415584416,1.3420329612726343,0.9467832725954213,0.8940285954583683,0.6178452922109059,0.0,0.0,0.916,0.6627906976744186,0.9687499999999999,0.4102564102564103,0.8926553672316385,0.8245614035087719,1.0,1.0404984423676011
"Phillips, Brandon",408252,2015,0.9281767955801106,0.9585723304278747,0.9755829243470076,0.8994181213632586,1.0766761802673526,0.0,0.0,0.8482142857142856,0.7356020942408377,1.0654205607476637,0.41818181818181815,1.0131233595800524,0.575,1.1553191489361703,1.0308641975308641
"Phillips, Brandon",408252,2016,0.8333333333333334,0.8707906602027504,0.9748856189371911,0.9067443796835971,1.0756976116086499,0.0,0.0,0.8232758620689655,0.675,1.0833333333333333,0.4153846153846154,1.1273712737127373,0.5,1.242489270386266,1.1379310344827585
"Phillips, Brandon",408252,2017,0.8563829787234043,0.6790091291925933,0.9670177394331613,0.8870703764320785,1.5017272958245327,0.0,0.0,0.8438818565400844,0.7025641025641026,0.8385650224215246,0.3636363636363636,1.190217391304348,0.5098039215686275,1.206896551724138,1.2475247524752473
"Pierzynski, A.J.",150229,2015,0.9005524861878453,0.9508675487688376,0.966713481009496,0.914380714879468,1.1548857156291423,0.0,0.0,0.6428571428571427,0.7670157068062826,1.1682242990654206,0.6363636363636365,1.1207349081364828,0.6,1.1659574468085108,1.2716049382716048
"Pierzynski, A.J.",150229,2016,0.771505376344086,0.5943570125887289,0.9849471353901584,0.8892589508742714,1.3306310767695402,0.0,0.0,0.7931034482758619,0.9199999999999999,1.0092592592592593,0.2769230769230769,1.2926829268292683,0.1956521739130435,1.2703862660944205,1.213166144200627
"Pillar, Kevin",607680,2015,0.8674033149171271,1.194672511682827,0.9638280944762457,0.9343308395677473,1.1525915730442435,0.0,0.0,0.8214285714285713,0.8219895287958114,0.897196261682243,0.3272727272727272,0.9711286089238845,0.6,1.0851063829787233,1.1358024691358024
"Pillar, Kevin",607680,2016,0.8575268817204301,0.9616481760828147,0.9781304850499084,0.9408825978351374,1.4371937341293768,0.0,0.0,0.8060344827586206,0.8475000000000001,0.9351851851851852,0.46153846153846156,1.0840108401084012,0.32608695652173914,1.055793991416309,1.1504702194357368
"Pillar, Kevin",607680,2017,0.9069148936170214,1.071303666147051,0.9812135555141036,0.9157119476268413,0.9961491189916277,0.0,0.0,0.7046413502109704,0.8512820512820514,0.9910313901345292,0.5303030303030303,0.9864130434782609,0.6470588235294119,1.1228448275862069,1.188118811881188
"Pillar, Kevin",607680,2018,1.0080645161290323,1.3030386633121138,0.9832159516029778,0.9129005751848808,0.8521409487558562,0.0,0.0,0.918032786885246,1.0241545893719808,1.1524663677130045,0.8028169014084507,0.8527777777777777,0.7659574468085105,1.1566523605150216,1.3157894736842106
"Pillar, Kevin",607680,2019,0.864935064935065,1.0737128664413014,0.9679843851299376,0.9394449116904962,1.1647472669482466,0.0,0.0,0.7120000000000001,0.8372093023255814,0.9910714285714285,0.6282051282051283,1.096045197740113,0.7017543859649122,1.248407643312102,1.3738317757009346
"Pillar, Kevin",607680,2021,0.8921052631578947,1.5936186858123604,0.965699190300828,0.9042553191489362,0.645244670712197,0.0,0.0,0.9723320158102767,0.9186295503211991,0.8545454545454546,0.869047619047619,0.807909604519774,1.196078431372549,1.1099365750528543,1.2173913043478262
"Pillar, Kevin",607680,2024,0.8449197860962567,1.341133859498246,0.954183978830716,0.8954732510288066,0.6339443630664099,2.074829931972789,0.9646844408579167,0.98,0.8636363636363638,1.0180995475113122,0.46249999999999997,0.8706896551724139,0.8222222222222222,1.094142259414226,1.2441471571906355
"Pina, Manny",444489,2017,0.9388297872340425,1.4515527541069495,0.9956934944042246,0.8854337152209493,0.6367099781592416,0.0,0.0,0.9957805907172995,0.8794871794871796,1.1300448430493273,0.5909090909090908,0.7282608695652175,0.6862745098039217,1.0883620689655171,1.0
"Pina, Manny",444489,2018,0.9166666666666667,1.0977796617598907,0.9590911306530868,0.9013968775677896,1.0058202632785584,0.0,0.0,0.7540983606557377,0.7536231884057971,1.1793721973094171,0.7464788732394366,1.0222222222222221,0.7659574468085105,0.9828326180257512,1.0723684210526316
"Pinder, Chad",640461,2018,1.260752688172043,1.1013532200077794,1.027481458565561,0.9227608874281018,1.0236147102232924,0.0,0.0,1.1721311475409837,1.2536231884057971,1.2376681614349776,2.0140845070422535,0.8472222222222222,1.3191489361702127,1.165236051502146,1.0197368421052633
"Pinder, Chad",640461,2019,1.0207792207792208,0.6519442660950467,1.0224657563572446,0.9251471825063078,1.3380577938891767,0.0,0.0,1.04,1.111627906976744,0.9821428571428571,1.1025641025641026,1.1299435028248588,0.9298245614035087,1.0891719745222932,0.9003115264797507
"Pinder, Chad",640461,2022,1.056910569105691,0.7685291288753743,0.9877334696480996,0.8970588235294117,1.2988300240297803,0.0,0.0,1.3730158730158728,1.0218818380743981,1.0321100917431192,0.8461538461538463,1.122905027932961,1.1395348837209303,1.106918238993711,0.900958466453674
"Pirela, Jose",517369,2017,1.0053191489361701,0.48000743889890957,1.0186257310747888,0.9238952536824877,1.375847213674535,0.0,0.0,1.0843881856540085,1.1128205128205129,1.0,0.6818181818181818,1.111413043478261,0.8039215686274511,1.0086206896551724,1.0924092409240924
"Pirela, Jose",517369,2018,0.8870967741935485,0.3843631652293515,1.0048071213067098,0.9211175020542316,2.1547312634372444,0.0,0.0,0.9590163934426231,1.0217391304347825,0.7937219730941704,0.4929577464788733,1.2638888888888888,0.29787234042553196,1.002145922746781,1.055921052631579
"Piscotty, Stephen",572039,2016,1.0645161290322582,1.1578066531752504,0.9942374625400205,0.9217318900915904,0.8837296666961887,0.0,0.0,1.1120689655172413,1.04,1.037037037037037,1.3384615384615384,0.9701897018970189,1.065217391304348,1.1244635193133048,0.9968652037617555
"Piscotty, Stephen",572039,2017,1.0079787234042554,0.8236753499146504,0.9814070411750991,0.8944353518821604,1.0493749934805776,0.0,0.0,1.0295358649789028,0.9871794871794872,0.9058295964125561,1.0151515151515151,1.0788043478260871,0.7058823529411764,1.0150862068965514,0.9438943894389438
"Piscotty, Stephen",572039,2018,1.0940860215053763,1.0436531944117071,0.999875777031909,0.9170090386195562,0.9894491167888732,0.0,0.0,1.0368852459016393,1.0120772946859904,1.0762331838565022,1.3661971830985917,1.0750000000000002,1.3191489361702127,1.143776824034335,1.0723684210526316
"Piscotty, Stephen",572039,2019,0.9688311688311688,0.9666081388496935,1.004154204667269,0.9352396972245585,0.9528781186218661,0.0,0.0,1.156,1.0325581395348837,1.0580357142857142,1.0,1.0451977401129944,0.7719298245614034,1.0870488322717624,1.0498442367601246
"Plouffe, Trevor",461858,2015,1.0469613259668509,1.2263238164603991,1.0161413274414426,0.8994181213632586,0.7786084942846565,0.0,0.0,0.9419642857142855,1.120418848167539,1.046728971962617,1.4545454545454546,0.8740157480314962,1.225,0.9531914893617022,0.8209876543209877
"Plouffe, Trevor",461858,2016,1.0053763440860215,1.0185380494112004,1.014888196456393,0.9217318900915904,1.004934316010005,0.0,0.0,0.8620689655172413,1.125,0.8148148148148147,1.0,0.9512195121951218,1.0,0.9721030042918456,0.8338557993730408
"Polanco, Gregory",570256,2015,0.9723756906077348,0.9165659656284155,1.0170905530539265,0.9609310058187863,1.1575383179929313,0.0,0.0,0.8973214285714286,1.2277486910994764,0.9766355140186916,0.7999999999999999,1.0209973753280839,0.475,0.9510638297872341,1.1604938271604939
"Polanco, Gregory",570256,2016,1.0591397849462365,1.1878320100357533,1.0147191624215877,0.9467110741049126,1.0047428999498125,0.0,0.0,0.9353448275862067,1.19,1.0601851851851851,0.9230769230769231,0.8319783197831978,1.1521739130434783,0.9935622317596567,1.1880877742946707
"Polanco, Gregory",570256,2017,0.8723404255319149,1.0793686307476786,0.9872732354007613,0.9173486088379704,1.1841307986543128,0.0,0.0,0.8143459915611815,0.9256410256410257,1.0134529147982063,0.5757575757575757,1.0380434782608696,0.6666666666666667,1.0775862068965516,1.0528052805280528
"Polanco, Gregory",570256,2018,1.053763440860215,1.5721980521903476,1.0001295482381887,0.9276910435497124,0.697341304658328,0.0,0.0,0.9836065573770493,1.1352657004830917,0.9461883408071747,1.323943661971831,0.8083333333333332,1.4042553191489362,0.9699570815450644,0.9638157894736842
"Polanco, Gregory",570256,2021,1.0473684210526317,1.2187789824331439,1.0103396411715277,0.9509001636661211,0.9333968362233028,0.0,0.0,1.2134387351778655,1.1734475374732334,0.990909090909091,1.1428571428571428,0.8389830508474576,0.9019607843137255,1.0169133192389008,1.096989966555184
"Polanco, Jorge",593871,2016,0.9220430107526882,1.353690773392027,0.9793672050125766,0.8867610324729392,0.7095710126957601,0.0,0.0,0.7456896551724136,0.8075000000000001,1.3379629629629628,0.38461538461538464,0.7560975609756099,0.4347826086956522,0.9141630901287554,1.213166144200627
"Polanco, Jorge",593871,2017,0.8111702127659575,1.3565403260733155,0.9708438430777927,0.8756137479541735,0.8141392826015281,0.0,0.0,0.620253164556962,0.8256410256410257,0.9058295964125561,0.3939393939393939,0.9402173913043478,0.607843137254902,0.9331896551724136,0.8679867986798679
"Polanco, Jorge",593871,2018,0.9005376344086022,1.3839319830200196,0.9657690846029044,0.895645028759244,0.9005509192189189,0.0,0.0,0.6475409836065574,0.821256038647343,1.2286995515695067,0.5211267605633803,0.8416666666666667,0.5319148936170213,0.8991416309012875,0.8782894736842106
"Polanco, Jorge",593871,2019,0.9766233766233766,1.4531740011927743,0.9874636454551818,0.9100084104289319,0.6109351803901261,0.0,0.0,0.696,0.9511627906976744,1.2142857142857142,0.8717948717948719,0.7146892655367232,0.7368421052631579,0.9469214437367305,1.0062305295950156
"Polanco, Jorge",593871,2021,1.0394736842105263,1.4614120444499308,0.9940521610781964,0.8993453355155483,0.666607089692805,0.0,0.0,0.782608695652174,1.038543897216274,1.059090909090909,1.2023809523809526,0.7824858757062148,1.3529411764705883,1.0443974630021142,1.0301003344481605
"Polanco, Jorge",593871,2022,1.116531165311653,1.6860312810963352,0.9962653163382903,0.9068627450980392,0.4453131510959247,0.0,0.0,1.0198412698412698,1.0350109409190371,1.036697247706422,1.3076923076923077,0.6620111731843575,1.3255813953488373,0.8867924528301887,0.987220447284345
"Polanco, Jorge",593871,2023,1.1342105263157893,1.6527360556810367,0.9915518572845156,0.9191419141914192,0.5607753963471648,1.8000000000000003,0.9872148780245624,0.9803921568627451,1.0810234541577826,1.1216216216216215,1.6626506024096386,0.6837606837606839,1.3265306122448979,0.978902953586498,1.0588235294117647
"Polanco, Jorge",593871,2024,1.0614973262032086,1.291294508051572,0.9864234684597379,0.9111111111111111,0.7205409874534247,1.619047619047619,0.9690513016255198,1.132,1.0670995670995669,1.1538461538461537,1.1125,0.8448275862068966,1.2666666666666666,0.9351464435146445,0.9063545150501673
"Polanco, Jorge",593871,2025,1.0053475935828877,1.228406368578361,1.0133523211439757,0.9104963384865744,0.9845994707901091,1.849315068493151,0.9885081884513852,0.9397590361445785,1.1267893660531698,0.9017857142857143,1.1666666666666667,0.8941176470588235,1.3750000000000002,0.9747368421052632,1.0344827586206897
"Pollock, AJ",572041,2015,1.0248618784530388,0.795457104025144,1.0060907166444697,0.9193682460515378,1.2444092165306007,0.0,0.0,0.7544642857142857,1.0890052356020943,0.94392523364486,1.0363636363636364,1.0918635170603674,0.95,0.9829787234042554,0.9567901234567902
"Pollock, AJ",572041,2017,0.9813829787234042,0.7160466887458666,1.0060849209091671,0.8895253682487725,1.5267692294602622,0.0,0.0,0.7848101265822786,1.0333333333333334,1.10762331838565,0.8636363636363636,1.095108695652174,0.7843137254901962,0.9116379310344825,1.00990099009901
"Pollock, AJ",572041,2018,1.0698924731182797,1.0594554102776905,1.0069377388941152,0.8923582580115036,0.8388008958242011,0.0,0.0,0.9877049180327868,1.1159420289855073,0.9327354260089686,1.422535211267606,0.9777777777777776,1.4042553191489362,1.0300429184549356,0.986842105263158
"Pollock, AJ",572041,2019,1.0025974025974027,1.0767761921381525,1.0193070494692487,0.9091673675357442,1.06316689421402,0.0,0.0,1.072,1.0348837209302326,0.8616071428571428,1.0256410256410258,0.9971751412429378,1.1052631578947367,0.9915074309978771,0.9688473520249221
"Pollock, AJ",572041,2021,1.0894736842105261,0.9559013428791128,1.0181054269777494,0.9099836333878887,0.9904453910145651,0.0,0.0,0.9565217391304347,1.1798715203426124,1.0727272727272725,1.3214285714285714,0.9265536723163843,1.3529411764705883,1.116279069767442,1.0668896321070236
"Pollock, AJ",572041,2022,1.013550135501355,0.9267513785607988,1.0003711057344267,0.9052287581699345,1.3546500898884433,0.0,0.0,0.9841269841269842,1.0809628008752734,1.055045871559633,1.217948717948718,1.0726256983240223,0.8372093023255813,1.1257861635220128,1.0319488817891376
"Posey, Buster",457763,2015,1.06353591160221,0.9701210444991999,1.0073697502764647,0.9168744804655029,0.8730585618760245,0.0,0.0,0.5982142857142857,1.0785340314136125,1.032710280373832,1.1090909090909091,0.8818897637795275,0.9249999999999999,1.0191489361702126,0.9320987654320988
"Posey, Buster",457763,2016,1.0,0.8452256639518725,1.0213156507995813,0.9175686927560367,1.1324174120981312,0.0,0.0,0.607758620689655,1.15,1.0277777777777777,1.0615384615384615,1.0027100271002711,0.6304347826086958,1.0107296137339055,0.8934169278996863
"Posey, Buster",457763,2017,0.9388297872340425,0.9471686986481508,1.0139213542098666,0.8968903436988542,0.9196357522595189,0.0,0.0,0.6751054852320675,0.9487179487179487,0.968609865470852,0.5303030303030303,0.9538043478260869,0.5490196078431373,0.9568965517241378,0.8877887788778879
"Posey, Buster",457763,2018,0.9166666666666667,0.8100799648936502,1.0058744552918313,0.8882497945768282,1.1292174535660424,0.0,0.0,0.5532786885245902,0.9251207729468599,1.0852017937219731,0.7323943661971831,1.0638888888888889,0.29787234042553196,0.9484978540772533,0.9572368421052632
"Posey, Buster",457763,2019,0.864935064935065,0.7052785732068813,0.9975723605963486,0.9049621530698064,1.2539190815530157,0.0,0.0,0.7440000000000001,0.9093023255813953,0.9732142857142857,0.6153846153846154,1.1977401129943503,0.3684210526315789,0.9978768577494693,0.9595015576323987
"Posey, Buster",457763,2021,1.0526315789473684,0.6827444987907301,0.9959023736832133,0.8936170212765957,1.1306611160436915,0.0,0.0,0.9446640316205532,0.9486081370449677,1.263636363636364,0.9642857142857142,1.0508474576271187,1.1372549019607845,0.9408033826638479,0.8461538461538463
"Prado, Martin",445988,2015,0.9060773480662984,0.8154667251889076,1.007872542652286,0.9118869492934332,1.4186165236181176,0.0,0.0,0.5178571428571429,0.9031413612565444,1.0420560747663552,0.41818181818181815,1.0367454068241468,0.5,0.846808510638298,0.9228395061728395
"Prado, Martin",445988,2016,0.8521505376344086,0.7252196914971172,0.9914379436685522,0.880932556203164,1.4140736610151217,0.0,0.0,0.45258620689655166,0.7925,1.0462962962962963,0.2,1.132791327913279,0.32608695652173914,0.8540772532188842,1.0344827586206895
"Prado, Martin",445988,2019,0.7896103896103895,0.6193966363526254,0.9800062729079362,0.8999158957106812,1.3748049159414433,0.0,0.0,0.556,0.7790697674418605,1.0178571428571428,0.06410256410256411,1.192090395480226,0.17543859649122806,0.9256900212314226,0.9781931464174454
"Profar, Jurickson",595777,2016,0.8279569892473119,0.5870743668675382,0.9748652240100993,0.8950874271440467,1.398868567885927,0.0,0.0,0.8189655172413792,0.8575000000000002,0.773148148148148,0.44615384615384623,1.2764227642276422,0.5217391304347826,0.8862660944206008,1.0125391849529781
"Profar, Jurickson",595777,2018,0.8951612903225807,0.9724282231132553,0.986828313733811,0.9219391947411668,1.0773656317186222,0.0,0.0,0.7663934426229508,0.9227053140096619,0.9192825112107623,0.7042253521126761,1.0805555555555555,0.9574468085106382,1.0407725321888412,1.0592105263157896
"Profar, Jurickson",595777,2019,0.8857142857142858,1.0772220921382545,0.9759816474492333,0.9100084104289319,0.9937258132856269,0.0,0.0,0.8080000000000002,0.8627906976744186,0.9107142857142856,0.8461538461538463,1.033898305084746,0.9298245614035087,0.9554140127388536,0.9408099688473519
"Profar, Jurickson",595777,2021,0.7868421052631579,1.1079330223327153,0.9587454416643076,0.8805237315875613,1.2227399009892894,0.0,0.0,0.7154150197628457,0.8586723768736616,0.9136363636363637,0.33333333333333337,1.096045197740113,0.27450980392156865,0.9217758985200847,0.8662207357859533
"Profar, Jurickson",595777,2022,0.8861788617886179,1.07769334909266,0.986814999351041,0.8937908496732027,1.1787701058421536,0.0,0.0,0.75,0.9803063457330417,1.0458715596330275,0.5128205128205129,0.9441340782122907,0.744186046511628,0.9119496855345913,0.8881789137380193
"Profar, Jurickson",595777,2023,0.8473684210526315,1.1603145385202647,0.9730060667713655,0.8976897689768977,0.975677448655195,1.0551724137931036,0.9964973759908531,0.7882352941176471,0.9381663113006397,1.0765765765765765,0.48192771084337344,1.017094017094017,0.48979591836734687,0.9936708860759492,0.8627450980392158
"Profar, Jurickson",595777,2024,1.0240641711229947,0.9659301388699195,1.0219687947192622,0.9078189300411522,1.0693177030524421,1.0,1.0048207654243049,0.684,1.2337662337662336,0.9411764705882353,0.9125,0.9482758620689656,1.1333333333333333,0.9497907949790795,0.7892976588628762
"Profar, Jurickson",595777,2025,0.8689839572192514,1.5013144732642598,0.9937536135004266,0.8877135882831569,0.7811613222958462,1.2876712328767124,0.9876734208435202,0.6827309236947792,1.1779141104294477,0.7276785714285714,0.8222222222222222,0.8470588235294116,1.1250000000000002,0.9410526315789475,0.9448275862068968
"Puig, Yasiel",624577,2015,1.0607734806629834,1.091934807375019,1.0107813998559738,0.9359933499584372,0.8200927164932323,0.0,0.0,1.2410714285714286,1.0,0.9672897196261683,1.5999999999999999,0.968503937007874,1.275,1.1297872340425532,0.9783950617283951
"Puig, Yasiel",624577,2016,0.9381720430107526,1.0064997215008433,1.0194861120614733,0.9542048293089093,1.6810964368453682,0.0,0.0,1.2198275862068964,1.0925,0.8101851851851851,1.0,1.1436314363143631,0.9130434782608696,1.113733905579399,0.9216300940438871
"Puig, Yasiel",624577,2017,1.0638297872340425,0.8610359451545048,1.0113777797125592,0.9492635024549918,1.2999641395026122,0.0,0.0,1.0421940928270041,1.0256410256410255,0.726457399103139,1.4393939393939392,1.1141304347826089,1.3725490196078434,1.0,1.0033003300330032
"Puig, Yasiel",624577,2018,1.10752688172043,0.9592830430614495,1.0098552489825865,0.9474116680361544,1.3256748760431758,0.0,0.0,1.0040983606557377,1.0821256038647344,1.1121076233183858,1.4788732394366197,1.0499999999999998,1.4893617021276597,1.0278969957081545,0.9802631578947368
"Puig, Yasiel",624577,2019,1.007792207792208,1.077028600997069,1.0124763628081064,0.9621530698065601,1.220621187050814,0.0,0.0,1.136,0.9953488372093022,0.9374999999999999,1.2051282051282053,0.9548022598870058,0.9298245614035087,1.1125265392781318,0.9408099688473519
"Pujols, Albert",405395,2015,1.0055248618784531,1.2770787665670522,1.0272160399797026,0.9476309226932669,0.7897799282580465,0.0,0.0,0.7232142857142856,1.198952879581152,0.869158878504673,1.4000000000000001,0.8818897637795275,1.875,0.9829787234042554,1.0370370370370372
"Pujols, Albert",405395,2016,1.0564516129032258,0.9861500924067417,1.0334110867513364,0.9700249791840133,1.0021134477545381,0.0,0.0,0.6767241379310344,1.31,0.949074074074074,1.4153846153846152,0.948509485094851,1.2826086956521738,0.9914163090128756,1.0940438871473352
"Pujols, Albert",405395,2017,0.9308510638297872,1.119543782940173,1.0136350439084865,0.9181669394435352,1.0972429235268484,0.0,0.0,0.8691983122362869,1.1743589743589744,0.9730941704035874,0.8181818181818181,0.9809782608695653,0.9019607843137255,1.0193965517241377,1.174917491749175
"Pujols, Albert",405395,2018,0.9543010752688171,1.1168826876625162,1.0167718098239977,0.9211175020542316,1.151566549001204,0.0,0.0,0.721311475409836,1.1980676328502415,1.0448430493273542,0.8732394366197184,0.9444444444444444,1.0,1.03862660944206,1.167763157894737
"Pujols, Albert",405395,2019,0.8597402597402598,0.9691071453006779,0.9940538144195276,0.9444911690496215,0.9859271471263167,0.0,0.0,0.7239999999999999,0.9767441860465116,0.6830357142857142,0.7564102564102564,1.0790960451977403,0.9122807017543859,0.9426751592356689,1.1401869158878504
"Pujols, Albert",405395,2021,0.9342105263157894,0.9320313178907964,1.0159697074009353,0.9238952536824877,1.1602692631086655,0.0,0.0,0.8616600790513834,1.038543897216274,0.7681818181818183,1.0357142857142856,1.1016949152542372,1.3529411764705883,1.0021141649048626,1.1705685618729098
"Pujols, Albert",405395,2022,1.067750677506775,1.2991503183555897,1.0298924629353943,0.9125816993464052,0.9517477150873684,0.0,0.0,0.8452380952380953,1.3698030634573304,0.8211009174311926,1.5000000000000002,0.8910614525139666,2.0697674418604652,1.0125786163522013,1.2364217252396166
"Quero, Edgar",700337,2025,0.8288770053475936,0.5046118753807256,1.0120997856675864,0.8934092758340113,1.371932071415644,0.39041095890410965,0.9472640184072363,0.8433734939759037,1.0081799591002045,1.0267857142857142,0.4111111111111111,1.2117647058823529,0.35416666666666674,0.9789473684210527,0.6310344827586208
"Rafaela, Ceddanne",678882,2024,0.9572192513368983,1.0831547812139664,0.9712770353135801,0.8905349794238684,0.9531116428096784,0.8367346938775511,0.9773859290616043,1.332,0.8896103896103894,0.9773755656108597,0.95,1.0862068965517242,0.8444444444444444,1.292887029288703,1.2976588628762544
"Rafaela, Ceddanne",678882,2025,0.9518716577540106,0.9334993387447946,0.9871705167092769,0.9121236777868185,1.1103667655251797,0.9452054794520549,0.9903971028312711,1.0923694779116468,0.9345603271983641,0.9107142857142856,1.0444444444444445,1.0823529411764705,0.7708333333333333,1.2336842105263157,1.2241379310344829
"Raleigh, Cal",663728,2022,1.1680216802168022,1.7943342390601091,1.027155285161556,0.9313725490196078,0.4568876379233153,0.0,0.0,1.277777777777778,1.2210065645514223,0.9311926605504587,1.9871794871794872,0.611731843575419,2.5116279069767447,1.1006289308176103,1.0191693290734825
"Raleigh, Cal",663728,2023,1.1026315789473684,1.5957547974115687,1.0071460236244063,0.9381188118811882,0.5993095413599374,1.3793103448275863,1.0437376849473516,1.1803921568627451,1.2025586353944562,0.981981981981982,1.506024096385542,0.7264957264957266,1.7346938775510203,1.048523206751055,1.1111111111111112
"Raleigh, Cal",663728,2024,1.1844919786096257,1.5923692302100168,1.02530013051788,0.9374485596707819,0.5865501971673062,1.251700680272109,1.0452491095460488,1.24,1.4090909090909092,0.9773755656108597,1.9375,0.635057471264368,2.022222222222222,1.094142259414226,1.1036789297658864
"Raleigh, Cal",663728,2025,1.2566844919786095,1.8702506333608295,1.0221750404097951,0.9332790886899919,0.4325990511266112,1.6027397260273974,1.0496829445650153,1.2690763052208838,1.4580777096114519,0.8482142857142856,2.1666666666666665,0.5882352941176471,3.0416666666666665,1.0905263157894738,1.1413793103448278
"Raley, Luke",670042,2023,1.1526315789473685,1.2412452827981366,1.0120921700966874,0.943069306930693,0.9739382731673961,0.9310344827586208,1.0665419732858203,1.5333333333333334,1.1791044776119404,0.8513513513513513,1.5903614457831325,0.9743589743589746,1.6938775510204083,1.0886075949367089,1.0457516339869282
"Raley, Luke",670042,2024,1.1149732620320856,0.8945338888343166,0.9945446146369744,0.9497942386831276,1.157895703281422,0.8435374149659864,1.0436430281830356,1.388,1.1623376623376622,0.9366515837104071,1.3875,1.1379310344827587,1.7999999999999998,1.083682008368201,0.8896321070234114
"Ramirez, Agustin",682663,2025,1.0267379679144386,0.6206020283183755,1.0167432266347518,0.951179820992677,1.5539060916241951,0.8835616438356165,1.0515894445549476,1.028112449799197,1.0940695296523517,0.9330357142857141,1.2222222222222223,1.1676470588235295,1.0208333333333335,1.0505263157894738,1.1689655172413798
"Ramirez, Alexei",493351,2015,0.770718232044199,0.7651604822995183,0.9579782376869661,0.8911055694098089,1.4017483128735504,0.0,0.0,0.7008928571428571,0.6544502617801047,0.9158878504672898,0.18181818181818182,1.2388451443569553,0.475,1.0319148936170213,1.0185185185185186
"Ramirez, Alexei",493351,2016,0.7311827956989247,0.761429955311343,0.9533607320640429,0.8784346378018318,1.4934780362453615,0.0,0.0,0.7155172413793103,0.6950000000000001,0.912037037037037,0.07692307692307693,1.3197831978319783,0.3043478260869566,1.0472103004291844,1.0783699059561127
"Ramirez, Aramis",133380,2015,0.8895027624309393,1.4187709984194607,0.9890082719461519,0.9027431421446384,0.7095457269117735,0.0,0.0,0.7991071428571427,1.0445026178010473,1.0560747663551404,1.0181818181818183,0.8608923884514437,1.0250000000000001,1.1340425531914895,1.0617283950617284
"Ramirez, Hanley",434670,2015,0.9806629834254144,0.5929703139313404,1.0196022909321432,0.969243557772236,1.5118372580913968,0.0,0.0,0.875,1.2146596858638743,0.883177570093458,1.3636363636363635,1.1784776902887137,1.425,1.0638297872340425,1.0339506172839508
"Ramirez, Hanley",434670,2016,1.0645161290322582,0.7999933443095008,1.023334877283809,0.9567027477102416,1.1823770038083428,0.0,0.0,1.025862068965517,1.2125,0.9537037037037035,1.6,1.0623306233062333,1.521739130434783,1.002145922746781,1.0752351097178685
"Ramirez, Hanley",434670,2017,1.0851063829787233,1.0386506987907496,1.0115878723898803,0.9353518821603928,0.9945883472346037,0.0,0.0,1.0801687763713081,1.1076923076923078,1.0717488789237668,1.4393939393939392,0.9646739130434784,1.196078431372549,1.0366379310344827,1.0363036303630362
"Ramirez, Harold",623912,2019,0.9298701298701298,0.2963096433601498,1.0000606167198,0.9503784693019344,2.3586022315333555,0.0,0.0,1.032,0.8813953488372093,0.9330357142857141,0.8205128205128206,1.4548022598870056,0.5789473684210527,1.150743099787686,1.305295950155763
"Ramirez, Harold",623912,2021,0.8973684210526316,0.4947958168257975,1.0281843615869943,0.939443535188216,1.7570954875708773,0.0,0.0,0.9446640316205532,1.15203426124197,0.7954545454545454,0.75,1.265536723163842,0.47058823529411764,1.1670190274841439,1.311036789297659
"Ramirez, Harold",623912,2022,0.9566395663956639,0.40627192357471215,0.999051699799753,0.928921568627451,1.5463435797069112,0.0,0.0,1.0119047619047619,1.061269146608315,0.963302752293578,0.6153846153846154,1.2122905027932962,0.41860465116279066,1.1823899371069182,1.2619808306709266
"Ramirez, Harold",623912,2023,0.9578947368421052,0.4586046798437281,1.0019209328946146,0.9282178217821782,1.7920464226280088,0.8620689655172414,1.0108052604412316,1.1019607843137256,0.9914712153518124,0.8333333333333334,0.5542168674698794,1.2450142450142454,0.7551020408163264,1.1962025316455696,1.3790849673202614
"Ramirez, Jose",608070,2015,0.7900552486187845,1.0494288611588252,0.976732662703853,0.886949293433084,0.894067071648978,0.0,0.0,0.5223214285714286,0.7539267015706805,0.8411214953271029,0.3272727272727272,1.010498687664042,0.5499999999999999,0.8595744680851065,0.9135802469135802
"Ramirez, Jose",608070,2016,0.9086021505376345,1.1073695946310782,0.9958905187060274,0.9217318900915904,0.9714365054763382,0.0,0.0,0.5474137931034482,0.9075,1.1759259259259258,0.46153846153846156,0.9945799457994581,0.47826086956521735,0.944206008583691,0.9341692789968651
"Ramirez, Jose",608070,2017,1.0,1.2357646661709238,1.0076374039413716,0.8862520458265138,0.8844732087907726,0.0,0.0,0.5780590717299579,0.9897435897435898,1.0224215246636772,0.7575757575757576,0.8451086956521741,1.0980392156862746,0.9331896551724136,0.9273927392739274
"Ramirez, Jose",608070,2018,0.9650537634408601,1.4980546202751854,1.0052640080979955,0.905505341002465,0.6875588023233629,0.0,0.0,0.5655737704918034,1.2053140096618358,0.9551569506726457,1.1971830985915493,0.8277777777777777,1.6382978723404256,0.8304721030042919,0.9046052631578949
"Ramirez, Jose",608070,2019,0.935064935064935,1.5159419379554937,1.0027344496907697,0.9428090832632463,0.6746665213006623,0.0,0.0,0.572,1.130232558139535,0.9687499999999999,0.8076923076923077,0.7090395480225989,0.9824561403508772,0.9002123142250532,0.8847352024922117
"Ramirez, Jose",608070,2021,1.0447368421052632,1.4318117946649174,1.011497986565012,0.9214402618657938,0.7982788234195,0.0,0.0,0.5889328063241106,1.3790149892933619,0.9318181818181818,1.3214285714285714,0.8135593220338982,1.5098039215686276,0.9090909090909092,0.9966555183946488
"Ramirez, Jose",608070,2022,0.913279132791328,1.6671994566377957,0.990391855458433,0.9330065359477124,0.7213670049427195,0.0,0.0,0.6031746031746031,1.1794310722100656,1.0458715596330275,0.8461538461538463,0.7569832402234637,1.2790697674418605,0.968553459119497,1.0575079872204474
"Ramirez, Jose",608070,2023,0.9921052631578947,1.401785419686495,1.0123835714839637,0.9207920792079207,0.7996174373178694,1.3862068965517242,0.9847965750518614,0.6117647058823529,1.1577825159914714,1.0855855855855856,0.8433734939759037,0.8176638176638178,0.8979591836734692,0.9852320675105486,1.042483660130719
"Ramirez, Jose",608070,2024,0.9491978609625668,1.4715412889048411,1.0058077476440535,0.959670781893004,0.6900590554909485,2.006802721088435,1.002115859715964,0.608,1.3160173160173159,0.9049773755656108,1.075,0.8304597701149425,1.5999999999999999,1.0355648535564854,1.1237458193979935
"Ramirez, Jose",608070,2025,0.9491978609625668,1.4276505011578542,0.9970321591485684,0.9080553295362083,0.7123233513655609,1.8287671232876714,0.9895534641642506,0.5983935742971888,1.016359918200409,0.9866071428571428,0.7777777777777779,0.8117647058823529,1.1875,0.985263157894737,1.106896551724138
"Ramos, Heliot",671218,2024,1.1631016042780749,0.7876888622005408,1.0321254290932678,0.920164609053498,1.2336770070733623,0.5510204081632654,1.0624677632578747,1.14,1.1515151515151516,1.0633484162895928,1.8375,1.0977011494252875,1.3777777777777778,1.0502092050209206,1.020066889632107
"Ramos, Heliot",671218,2025,1.0026737967914439,0.8843490799468622,1.0287714480540586,0.9438567941415785,1.0793360499889786,0.9315068493150687,1.0364752702115292,1.0160642570281124,1.0858895705521474,0.9866071428571428,0.9777777777777776,1.026470588235294,0.9375,1.006315789473684,1.0827586206896553
"Ramos, Wilson",467092,2015,0.9972375690607734,0.40021942895642565,1.0247719913793205,0.9492934330839569,1.5615482530990379,0.0,0.0,1.0848214285714286,1.198952879581152,0.8551401869158879,1.1454545454545455,1.2703412073490812,0.975,1.1446808510638298,0.9567901234567902
"Ramos, Wilson",467092,2016,1.0349462365591398,0.4002603989087204,1.0242443034331807,0.9283930058284763,1.7275644608864453,0.0,0.0,0.8232758620689655,1.1824999999999999,0.9814814814814814,1.0923076923076922,1.2276422764227644,1.173913043478261,1.0772532188841202,0.8683385579937304
"Ramos, Wilson",467092,2018,1.0161290322580645,0.3456482059000667,1.03131076872255,0.9309778142974527,1.6920165369939901,0.0,0.0,1.0040983606557377,1.2753623188405798,0.9910313901345292,1.028169014084507,1.2194444444444443,1.0638297872340425,1.1630901287553648,1.118421052631579
"Ramos, Wilson",467092,2019,0.851948051948052,-0.004174978963701356,1.0128695699256658,0.9335576114381833,2.547769314062426,0.0,0.0,0.82,1.0674418604651164,0.7991071428571427,0.6025641025641026,1.4632768361581923,0.5964912280701755,1.1443736730360936,1.0155763239875388
"Rasmus, Colby",458675,2015,1.149171270718232,1.880908733409238,1.0115097442029468,0.9168744804655029,0.4252514265548041,0.0,0.0,1.4285714285714284,1.0994764397905759,1.046728971962617,1.7454545454545454,0.5879265091863517,2.225,0.9808510638297873,1.0246913580246915
"Rasmus, Colby",458675,2016,1.077956989247312,1.541026831661345,0.9984555662633833,0.9109075770191508,0.5940400767734758,0.0,0.0,1.456896551724138,1.1300000000000001,0.8796296296296295,1.276923076923077,0.7208672086720868,1.3043478260869565,1.0064377682403434,0.9717868338557993
"Realmuto, J.T.",592663,2015,0.9779005524861878,0.8105034674020588,1.0019728091920064,0.9110556940980881,1.0177445906118336,0.0,0.0,0.7276785714285714,0.9659685863874344,1.0514018691588787,0.7818181818181817,1.0446194225721785,0.675,1.0659574468085107,0.9567901234567902
"Realmuto, J.T.",592663,2016,0.9408602150537634,0.827419832081141,1.0003067876531104,0.913405495420483,1.4867202170768303,0.0,0.0,0.8448275862068965,0.9650000000000001,0.8888888888888888,0.6,1.1246612466124661,0.5869565217391305,1.0321888412017168,0.9874608150470219
"Realmuto, J.T.",592663,2017,1.0212765957446808,0.8330714585058769,1.0076636011980376,0.911620294599018,1.1429786635339694,0.0,0.0,0.810126582278481,1.0487179487179488,0.9417040358744394,0.9545454545454545,1.0597826086956523,0.7843137254901962,1.0409482758620687,0.9405940594059404
"Realmuto, J.T.",592663,2018,1.0860215053763442,1.1604919095543698,1.0068540076568095,0.9022185702547247,0.866347086205107,0.0,0.0,0.918032786885246,1.0845410628019323,1.0493273542600898,1.267605633802817,0.9666666666666666,1.1914893617021278,1.0085836909871244,0.8782894736842106
"Realmuto, J.T.",592663,2019,1.0493506493506495,1.112177877201517,1.0165252358045358,0.9495374264087468,0.9587658208182289,0.0,0.0,0.956,1.1209302325581394,1.075892857142857,1.1153846153846154,0.9152542372881356,1.0350877192982455,1.0764331210191085,1.043613707165109
"Realmuto, J.T.",592663,2021,1.0342105263157895,0.9068522910953845,1.0087000527242107,0.9099836333878887,1.104228534134606,0.0,0.0,1.0671936758893281,1.1841541755888652,0.9636363636363636,1.0238095238095237,1.0112994350282485,0.9607843137254903,1.0465116279069768,1.073578595317726
"Realmuto, J.T.",592663,2022,1.127371273712737,1.0435611310839628,1.0199523172168152,0.9019607843137255,0.9858292402503077,0.0,0.0,1.0198412698412698,1.1728665207877462,1.0229357798165137,1.448717948717949,0.9245810055865923,1.302325581395349,1.029350104821803,1.0287539936102237
"Realmuto, J.T.",592663,2023,1.1078947368421053,1.3077245165228493,1.009176853028305,0.9125412541254124,0.8278475321922867,0.3586206896551724,1.0209449982924477,1.027450980392157,1.1556503198294243,1.1126126126126126,1.3493975903614457,0.8575498575498576,1.1428571428571428,1.0654008438818565,1.0
"Realmuto, J.T.",592663,2024,1.13903743315508,0.7086824998397283,1.005621378076659,0.902880658436214,1.2365719916692435,0.40816326530612246,1.0209155742423017,1.048,1.2034632034632036,1.1493212669683257,1.3,1.1120689655172415,1.1111111111111112,1.0564853556485356,0.9665551839464883
"Realmuto, J.T.",592663,2025,1.0133689839572193,0.820987956102016,1.0080655835743775,0.8982912937347437,1.2604597352766438,0.4246575342465754,1.0059741293913944,0.9759036144578314,1.1186094069529653,1.0580357142857142,0.9444444444444444,1.0441176470588236,0.6666666666666667,1.0252631578947367,1.1655172413793107
"Reddick, Josh",502210,2015,0.9337016574585636,1.3283669607308002,1.0009307680665869,0.9035743973399835,0.7580133868328293,0.0,0.0,0.71875,0.9607329842931938,0.9299065420560749,0.9090909090909091,0.821522309711286,1.075,0.925531914893617,1.067901234567901
"Reddick, Josh",502210,2016,0.9274193548387096,1.20163957160316,0.9908252709678003,0.9075770191507078,0.9925305553095386,0.0,0.0,0.6853448275862069,0.8674999999999999,1.0648148148148147,0.5384615384615385,0.899728997289973,0.6304347826086958,0.9506437768240342,0.9937304075235108
"Reddick, Josh",502210,2017,0.9627659574468085,1.4624076479713437,0.9995136487448049,0.9018003273322422,0.6565773341119241,0.0,0.0,0.6624472573839663,0.9179487179487179,1.10762331838565,0.5909090909090908,0.7500000000000001,0.607843137254902,0.9482758620689654,1.145214521452145
"Reddick, Josh",502210,2018,0.8387096774193549,1.4437203885125904,0.9659310954457951,0.8701725554642564,0.7002255288044333,0.0,0.0,0.7131147540983607,0.7632850241545894,0.8878923766816144,0.5492957746478874,0.8388888888888889,1.0,0.9549356223175965,1.0986842105263157
"Reddick, Josh",502210,2019,0.8701298701298702,1.231823641390586,0.9692964314135111,0.9058031959629941,0.879695514673719,0.0,0.0,0.596,0.7976744186046513,1.1116071428571428,0.4487179487179488,0.9293785310734464,0.5789473684210527,1.0849256900212316,0.9376947040498441
"Rendon, Anthony",543685,2015,1.0,0.8959679955807585,1.0194859381434578,0.9002493765586035,0.9925868591585073,0.0,0.0,0.7232142857142856,0.9712041884816753,0.9158878504672898,0.890909090909091,1.0078740157480315,0.5,0.7936170212765957,0.6666666666666667
"Rendon, Anthony",543685,2016,1.0403225806451613,1.4338678520957173,1.0274540278849704,0.9275603663613656,0.6800055538334366,0.0,0.0,0.7327586206896551,1.0925,0.9907407407407406,0.9076923076923076,0.7506775067750678,0.9565217391304347,0.9163090128755363,0.7398119122257052
"Rendon, Anthony",543685,2017,0.9920212765957447,1.5115831842601404,1.0259279661140541,0.9009819967266776,0.6265018562267972,0.0,0.0,0.6075949367088607,1.1487179487179489,1.0224215246636772,0.9545454545454545,0.6956521739130436,1.0980392156862746,0.8663793103448275,0.7623762376237624
"Rendon, Anthony",543685,2018,1.1209677419354838,1.409232202300295,1.0246192725706318,0.9030402629416598,0.6678167736143262,0.0,0.0,0.5696721311475411,1.3333333333333335,1.210762331838565,1.4507042253521125,0.7277777777777779,1.127659574468085,1.0236051502145922,0.7861842105263158
"Rendon, Anthony",543685,2019,1.1428571428571428,1.515137413917902,1.0179964586361192,0.9058031959629941,0.654502142083706,0.0,0.0,0.516,1.2906976744186047,1.0982142857142856,1.5384615384615385,0.6666666666666666,1.280701754385965,0.9150743099787687,0.7850467289719626
"Renfroe, Hunter",592669,2017,1.0904255319148934,1.2643721940965618,1.005297186202314,0.9304418985270049,0.8081809290851357,0.0,0.0,1.3924050632911393,0.9666666666666668,0.8834080717488788,1.6818181818181817,0.8722826086956523,1.6666666666666667,1.0366379310344827,1.2079207920792079
"Renfroe, Hunter",592669,2018,1.088709677419355,1.4529335764426514,1.0153570470180469,0.934264585045193,0.826748492789424,0.0,0.0,1.2540983606557377,1.1352657004830917,0.780269058295964,1.7464788732394367,0.8472222222222222,1.8510638297872337,1.0042918454935623,1.092105263157895
"Renfroe, Hunter",592669,2019,1.0883116883116883,1.4770274892678248,1.0116837442696438,0.9596299411269974,0.673806799706141,0.0,0.0,1.224,1.186046511627907,0.857142857142857,1.5384615384615385,0.7937853107344633,1.9824561403508774,0.9766454352441615,1.0778816199376944
"Renfroe, Hunter",592669,2021,1.1289473684210527,1.2379392387312698,1.0150248410880789,0.9525368248772504,0.9408811178425045,0.0,0.0,1.0276679841897234,1.051391862955032,0.9545454545454546,1.714285714285714,0.9237288135593221,1.5294117647058825,1.0169133192389008,1.1672240802675586
"Renfroe, Hunter",592669,2022,1.056910569105691,1.3973199190267376,1.0206687954562683,0.9191176470588235,0.8816817051827489,0.0,0.0,1.0714285714285714,1.1553610503282277,1.0,1.4102564102564104,0.8435754189944135,1.8372093023255816,1.0,1.1309904153354633
"Renfroe, Hunter",592669,2023,0.8789473684210527,1.1737358525389339,0.9924906078472716,0.933993399339934,1.0220754521860145,1.5310344827586209,1.0418824992507358,1.0392156862745099,1.0575692963752665,0.8558558558558559,0.7469879518072289,1.017094017094017,1.1020408163265305,1.0759493670886076,1.1372549019607843
"Renfroe, Hunter",592669,2024,0.8716577540106952,1.2554317519228992,0.9973246422266813,0.9218106995884774,0.9621950210366748,1.7210884353741498,1.0551761937731143,0.94,1.093073593073593,0.8280542986425339,0.8250000000000001,0.9367816091954024,1.1111111111111112,0.9288702928870293,0.9966555183946488
"Rengifo, Luis",650859,2019,0.9012987012987013,0.7206839162474442,0.9783001183115382,0.913372582001682,1.5686766787502158,0.0,0.0,0.98,0.7418604651162791,1.0178571428571428,0.782051282051282,1.2033898305084747,0.4736842105263158,0.9363057324840766,0.8442367601246106
"Rengifo, Luis",650859,2022,0.913279132791328,0.7958940246023476,0.9795896766448012,0.8929738562091503,1.1548285385789316,0.0,0.0,0.8571428571428572,0.8927789934354484,0.8302752293577981,0.6923076923076924,1.187150837988827,0.9767441860465117,1.165618448637317,1.0223642172523961
"Rengifo, Luis",650859,2023,0.9236842105263158,0.8586770929337153,1.0016572191421778,0.9001650165016502,1.092476812993691,0.7034482758620689,0.9958118888061684,0.9647058823529412,0.8891257995735607,0.7522522522522522,0.927710843373494,1.0683760683760686,1.040816326530612,1.0569620253164558,0.996732026143791
"Rengifo, Luis",650859,2024,0.8609625668449198,0.5048363864829946,0.9811868492616423,0.9069958847736626,1.8298887453643902,0.5850340136054422,0.9710416104590369,0.8960000000000001,0.8506493506493507,0.8914027149321266,0.3125,1.25,0.5555555555555556,1.1736401673640169,1.1371237458193981
"Rengifo, Luis",650859,2025,0.9251336898395721,0.5403926053991376,0.974064616571824,0.888527257933279,1.6254467918479225,0.589041095890411,0.9725344907422849,0.8835341365461847,0.8098159509202455,1.0178571428571428,0.5555555555555556,1.3058823529411765,0.47916666666666663,1.0842105263157895,0.9862068965517242
"Revere, Ben",519184,2015,0.856353591160221,0.4559408152202082,0.9408957029539464,0.9260182876142976,1.4246625452220691,0.0,0.0,0.48214285714285715,0.3952879581151832,1.1074766355140186,0.0,1.2467191601049867,0.1,0.8936170212765957,1.095679012345679
"Revere, Ben",519184,2016,0.6827956989247312,0.47539579265120957,0.9420014579957554,0.8567860116569527,1.2842072098624902,0.0,0.0,0.4051724137931034,0.425,0.8425925925925926,0.0923076923076923,1.3387533875338753,0.13043478260869565,0.8347639484978541,0.9843260188087773
"Revere, Ben",519184,2017,0.8351063829787234,0.36827537025633567,0.9449631963510206,0.8338788870703765,1.504206137399273,0.0,0.0,0.4008438818565401,0.3435897435897436,1.0717488789237668,0.06060606060606061,1.3070652173913044,0.07843137254901962,0.939655172413793,0.9273927392739274
"Reyes, Franmil",614177,2019,1.2389610389610388,0.7352077448136585,1.0503280050927593,0.9671993271656854,1.0408949729524,0.0,0.0,1.46,1.2813953488372094,1.0089285714285714,1.8974358974358974,0.9661016949152543,1.8771929824561402,1.0934182590233548,0.9875389408099687
"Reyes, Franmil",614177,2021,1.3,0.7720299568446081,1.0344235494476484,0.9402618657937807,1.1712813096092654,0.0,0.0,1.3280632411067195,1.2034261241970021,0.8681818181818183,2.011904761904762,1.0282485875706215,2.1568627450980395,0.9619450317124736,1.020066889632107
"Reyes, Franmil",614177,2022,1.056910569105691,0.7968481452443238,1.0389780249936744,0.9183006535947712,1.2431473809258116,0.0,0.0,1.4682539682539684,1.1291028446389497,0.889908256880734,1.448717948717949,1.0754189944134078,1.1395348837209303,1.0,0.9840255591054313
"Reyes, Jose",408314,2015,0.7513812154696133,1.2145723698472173,0.9575248605082392,0.9010806317539485,1.2327288412129849,0.0,0.0,0.7321428571428572,0.6020942408376962,0.9065420560747666,0.03636363636363637,1.057742782152231,0.42500000000000004,1.0595744680851062,1.175925925925926
"Reyes, Jose",408314,2016,0.8763440860215054,1.5051773058778324,0.9611094901993564,0.8975853455453788,0.6578012908511204,0.0,0.0,0.8749999999999999,0.7725,0.9166666666666666,0.6615384615384615,0.9295392953929541,0.8478260869565218,0.9721030042918456,1.2288401253918495
"Reyes, Jose",408314,2017,0.7845744680851063,1.3006841545936898,0.9628108212072121,0.8870703764320785,0.8353358083023963,0.0,0.0,0.7552742616033755,0.7179487179487181,0.968609865470852,0.3939393939393939,0.9456521739130435,0.6862745098039217,0.9698275862068965,1.1386138613861385
"Reyes, Victor",622682,2019,0.9168831168831169,0.7091771085159984,0.9850030778497797,0.9175777964676197,1.323410339644567,0.0,0.0,0.8320000000000001,0.8046511627906976,1.25,0.24358974358974358,1.0169491525423728,0.2456140350877193,1.0955414012738856,1.1869158878504673
"Reyes, Victor",622682,2022,0.986449864498645,0.8517919579710725,0.9863881285864182,0.9060457516339869,1.2188643271293016,0.0,0.0,1.0912698412698414,0.8708971553610504,1.1422018348623852,0.6410256410256411,1.0195530726256985,0.27906976744186046,1.167714884696017,1.3099041533546325
"Reynolds, Bryan",668804,2019,1.1142857142857143,0.727665932723704,1.007829549548971,0.9428090832632463,1.1087184613346501,0.0,0.0,1.048,1.0813953488372092,1.1026785714285714,0.8717948717948719,0.9915254237288135,0.7543859649122806,1.0148619957537155,1.0093457943925233
"Reynolds, Bryan",668804,2021,1.1473684210526316,1.0421688519169738,1.0047328610559645,0.9222585924713584,0.814944596538364,0.0,0.0,0.9446640316205532,1.0835117773019272,1.2272727272727273,1.2380952380952381,0.8785310734463277,1.058823529411765,1.0317124735729386,0.8862876254180603
"Reynolds, Bryan",668804,2022,1.0596205962059622,0.9517858965369738,1.0194735084106155,0.9248366013071895,0.9117837143479905,0.0,0.0,1.1031746031746035,1.1137855579868707,1.0229357798165137,1.012820512820513,0.9916201117318436,1.558139534883721,1.0566037735849056,1.0862619808306708
"Reynolds, Bryan",668804,2023,1.1210526315789473,0.8545787741406874,1.0222852001323328,0.929042904290429,1.040128252897219,0.5172413793103449,0.9820697170794843,1.1058823529411763,1.115138592750533,1.0810810810810811,1.3373493975903612,0.9658119658119662,1.1020408163265305,1.0,0.9640522875816994
"Reynolds, Bryan",668804,2024,1.1363636363636362,0.7059585951694102,1.013694887379658,0.9185185185185185,1.1299832197058055,0.40816326530612246,1.003090181806876,1.176,1.0714285714285714,1.0633484162895928,1.2,1.028735632183908,1.1333333333333333,1.0543933054393306,1.076923076923077
"Reynolds, Bryan",668804,2025,1.1336898395721924,0.5392906650942709,1.021299517960622,0.9235150528885272,1.2973480264579829,0.5136986301369864,1.0066158213478171,1.1847389558232932,1.112474437627812,1.2410714285714286,1.1222222222222225,1.0794117647058825,0.7916666666666666,1.0421052631578946,0.9068965517241381
"Reynolds, Mark",448602,2015,0.9751381215469613,1.1823163906236076,0.9916872072260136,0.9484621778886118,0.8957019905365284,0.0,0.0,1.4241071428571428,1.0287958115183247,0.8364485981308412,1.5272727272727273,0.9711286089238845,1.25,0.9851063829787235,0.9969135802469138
"Reynolds, Mark",448602,2016,0.9731182795698925,1.0383007682634051,0.9914074238737481,0.9308909242298085,0.9720951064970001,0.0,0.0,1.1551724137931034,1.0325,1.1296296296296295,0.9230769230769231,1.024390243902439,1.065217391304348,0.9892703862660944,0.8902821316614419
"Reynolds, Mark",448602,2017,1.0824468085106382,0.9789737923026051,0.9947585203244618,0.9173486088379704,0.8415485830767887,0.0,0.0,1.447257383966245,1.0102564102564102,1.0717488789237668,1.2575757575757576,1.0217391304347827,1.6862745098039216,0.9612068965517241,0.8514851485148515
"Rice, Ben",700250,2025,1.213903743315508,1.055337725496991,1.0451341363831146,0.9235150528885272,0.9942053192856225,1.493150684931507,1.0267813671393438,0.8514056224899599,1.3271983640081801,1.1339285714285712,1.7111111111111112,0.8735294117647059,1.4583333333333335,0.911578947368421,0.8413793103448276
"Rickard, Joey",572073,2016,0.8198924731182795,1.0441275048680119,0.9638167590000848,0.8601165695253955,0.7685142132212808,0.0,0.0,0.6336206896551723,0.6625,0.8611111111111112,0.38461538461538464,0.9701897018970189,0.5434782608695653,0.8819742489270385,0.9467084639498432
"Riddle, JT",595375,2018,0.9193548387096775,0.6482772406504124,0.9928574590815699,0.8718159408381265,1.327648781457177,0.0,0.0,0.8934426229508198,0.7608695652173914,1.0807174887892375,0.7605633802816902,1.186111111111111,0.7872340425531914,1.0901287553648067,1.0230263157894737
"Riley, Austin",663586,2021,1.2,1.100986863644845,1.0134541218257667,0.9345335515548282,0.9740371678728588,0.0,0.0,1.1225296442687747,1.1306209850107067,1.1272727272727272,1.5476190476190474,0.8870056497175142,1.4705882352941178,1.0591966173361522,1.1103678929765888
"Riley, Austin",663586,2022,1.2981029810298104,1.036237263598347,1.0442527274416562,0.9468954248366013,0.9109214431532958,0.0,0.0,1.0992063492063493,1.2800875273522976,1.0642201834862386,2.025641025641026,0.9162011173184359,1.9767441860465118,1.0817610062893084,0.987220447284345
"Riley, Austin",663586,2023,1.1973684210526316,1.0403405736752542,1.0375220525373534,0.9579207920792079,1.0271027935834145,1.3448275862068968,1.0706676626397387,1.0941176470588236,1.2473347547974414,0.9864864864864864,1.6867469879518073,0.8803418803418804,1.5714285714285714,1.0147679324894516,0.9509803921568627
"Riley, Austin",663586,2024,1.2379679144385027,1.1902978370890456,1.052284146664367,0.9440329218106996,0.7934476944669443,1.4149659863945578,1.055344643742877,1.1,1.3528138528138527,1.0542986425339367,1.8624999999999998,0.8103448275862069,1.3555555555555554,1.0481171548117156,0.9331103678929767
"Riley, Austin",663586,2025,1.179144385026738,1.2418710251475265,1.033334082319969,0.9267697314890154,0.8208330953978519,1.5753424657534247,1.0653704060668554,1.1847389558232932,1.2290388548057258,1.1026785714285714,1.7,0.7441176470588236,1.1666666666666667,1.0736842105263158,0.8965517241379312
"Rios, Alex",425567,2015,0.8977900552486189,1.3653004507237727,0.9988753093252667,0.9093931837073982,0.7833202747967484,0.0,0.0,0.8080357142857141,0.963350785340314,1.0280373831775702,0.45454545454545453,0.821522309711286,0.3,1.0063829787234042,0.9320987654320988
"Rivera, Emmanuel",656896,2022,1.0,0.7805503863467402,1.0211544097716678,0.9060457516339869,1.2783106925577132,0.0,0.0,1.023809523809524,0.8643326039387308,1.036697247706422,1.1923076923076925,1.1145251396648048,1.1162790697674418,1.0503144654088052,0.9073482428115015
"Rivera, Emmanuel",656896,2023,0.9473684210526315,0.8753131399270246,1.0198518939392434,0.9018151815181518,1.0378529723440064,0.4068965517241379,0.977229452930099,1.0470588235294118,1.0298507462686566,1.1441441441441442,0.7108433734939757,1.0,0.4081632653061224,0.9852320675105486,1.0
"Rivera, Emmanuel",656896,2024,1.0,0.655461092286978,1.010824672062178,0.8987654320987655,1.2938607290455284,0.8911564625850341,0.9733981515778599,1.136,1.0064935064935063,0.9049773755656108,1.0,1.149425287356322,0.5555555555555556,1.0125523012552302,1.0468227424749164
"Rivera, Rene",425784,2015,0.8812154696132597,1.4955087687430075,0.9723424241107099,0.9093931837073982,0.7660529227537834,0.0,0.0,1.4375,0.8926701570680629,0.8738317757009346,1.1818181818181819,0.9081364829396323,0.575,1.1914893617021278,1.0709876543209875
"Rizzo, Anthony",519203,2015,1.110497237569061,1.5272630362501438,1.0020354089000216,0.9310058187863675,0.676239821465409,0.0,0.0,0.8616071428571428,1.1910994764397904,1.074766355140187,1.4545454545454546,0.7874015748031495,1.6,0.9851063829787235,1.234567901234568
"Rizzo, Anthony",519203,2016,1.043010752688172,1.3705821491405472,1.0035392577462774,0.9450457951706911,0.7012700694651234,0.0,0.0,0.8491379310344827,1.135,0.9583333333333333,1.4153846153846152,0.8211382113821138,1.456521739130435,0.9721030042918456,1.1567398119122256
"Rizzo, Anthony",519203,2017,1.071808510638298,1.2726365815594887,1.0063995323850603,0.9296235679214402,0.9827480097675251,0.0,0.0,0.7721518987341772,1.2307692307692308,1.0762331838565022,1.4090909090909092,0.9293478260869567,1.2941176470588238,1.0,1.0396039603960396
"Rizzo, Anthony",519203,2018,1.0161290322580645,1.155290263107655,1.016847961401459,0.9252259654889071,0.8625966659185048,0.0,0.0,0.6967213114754098,1.2077294685990339,1.0582959641255605,0.9154929577464789,0.8583333333333333,1.0851063829787233,1.01931330472103,1.082236842105263
"Rizzo, Anthony",519203,2019,1.0285714285714287,0.9670086275725079,1.0000301929256823,0.9537426408746846,1.214725926828525,0.0,0.0,0.7879999999999999,1.0325581395348837,1.1339285714285712,0.8717948717948719,0.9943502824858756,1.0701754385964912,0.9723991507431,1.221183800623053
"Rizzo, Anthony",519203,2021,0.9447368421052631,1.1680755034665025,1.012589733295215,0.9427168576104746,0.9641702544227646,0.0,0.0,0.826086956521739,1.1434689507494646,0.8772727272727273,0.9166666666666666,0.9152542372881356,1.0392156862745099,0.985200845665962,1.073578595317726
"Rizzo, Anthony",519203,2022,1.029810298102981,1.53509401373933,1.0078520269317153,0.9256535947712418,0.6420316480621752,0.0,0.0,0.9126984126984127,1.2297592997811817,0.9724770642201834,1.4102564102564104,0.7932960893854749,2.0465116279069764,0.9664570230607967,1.073482428115016
"Rizzo, Anthony",519203,2023,0.9710526315789474,1.372836912630198,1.0104043269429295,0.9125412541254124,0.7073538868581153,1.206896551724138,0.9512794422909601,0.9803921568627451,1.0383795309168442,1.1396396396396398,0.8313253012048193,0.7806267806267808,0.8775510204081631,1.021097046413502,1.1993464052287583
"Rizzo, Anthony",519203,2024,0.8663101604278075,1.0580412231049063,0.9777427333724584,0.9111111111111111,1.3988482853452229,1.0952380952380953,0.9579424088946271,0.7760000000000001,0.9307359307359306,0.914027149321267,0.5,1.0344827586206897,0.6444444444444445,1.0292887029288704,1.1872909698996656
"Robert, Luis",673357,2021,1.2368421052631577,1.0871813773937995,1.0265885914638737,0.9631751227495908,0.9458858046395391,0.0,0.0,1.118577075098814,1.145610278372591,1.2999999999999998,1.5119047619047619,0.8474576271186441,1.196078431372549,1.2980972515856237,1.1337792642140472
"Robert, Luis",673357,2022,1.08130081300813,0.7952356639179221,1.0088880974218117,0.9624183006535947,1.2252449128825253,0.0,0.0,1.0753968253968256,1.0437636761487963,1.1330275229357798,1.1410256410256412,1.0195530726256985,0.9069767441860466,1.289308176100629,1.230031948881789
"Robert, Luis",673357,2023,1.2368421052631577,1.258629578256939,1.0016180918225812,0.9372937293729372,0.8681484262543858,1.6413793103448275,1.0641133059751782,1.3137254901960784,1.168443496801706,1.1396396396396398,1.855421686746988,0.8575498575498576,2.0612244897959187,1.229957805907173,1.1993464052287583
"Robert, Luis",673357,2024,1.0561497326203209,1.014791396356955,1.0154585742712579,0.9300411522633745,0.959941636912467,1.272108843537415,1.0519097376289526,1.444,1.0346320346320346,1.0,1.2375,0.9080459770114944,1.2222222222222223,1.1108786610878663,1.2073578595317727
"Robert, Luis",673357,2025,1.0668449197860963,1.3508088906819717,1.0007489290211293,0.9422294548413344,0.8703480909571105,1.4589041095890412,1.052425095756961,1.2771084337349399,1.0593047034764826,1.0491071428571428,1.1444444444444444,0.8647058823529411,1.0625,1.1221052631578947,1.0931034482758621
"Robertson, Daniel",621002,2018,0.9381720430107526,0.6069785575447404,0.9780968789995917,0.8792111750205422,1.3974065987879778,0.0,0.0,1.0819672131147542,0.9154589371980676,0.8699551569506727,0.7464788732394366,1.2944444444444445,0.9361702127659572,0.8412017167381974,0.8848684210526316
"Robinson, Clint",519208,2015,1.069060773480663,1.057427458909539,1.0172338286339861,0.9409808811305072,1.0731344823059468,0.0,0.0,0.8214285714285713,1.0863874345549738,1.1214953271028039,0.9090909090909091,0.9160104986876639,0.975,0.9595744680851064,1.0092592592592593
"Robles, Victor",645302,2019,0.8753246753246754,1.2278233588703533,0.9232697822933131,0.9293523969722456,0.8743700982878376,0.0,0.0,0.944,0.6674418604651162,1.107142857142857,0.6282051282051283,1.0847457627118644,0.7192982456140351,1.0445859872611467,0.9595015576323987
"Robles, Victor",645302,2021,0.8263157894736842,1.3970242650755247,0.9157291955947935,0.8862520458265138,0.8956464487154611,0.0,0.0,1.023715415019763,0.8072805139186295,1.1227272727272728,0.30952380952380953,1.0141242937853108,0.1764705882352941,0.9957716701902748,0.9163879598662209
"Robles, Victor",645302,2022,0.8265582655826558,1.1746677000617076,0.9162342367239666,0.8962418300653595,0.9876762271172872,0.0,0.0,1.126984126984127,0.724288840262582,1.0,0.43589743589743596,1.1983240223463687,0.5348837209302325,1.1048218029350105,0.9584664536741214
"Robles, Victor",645302,2024,0.9625668449197861,0.8832241962663729,0.9411780257971777,0.9037037037037037,0.9827180299179132,1.1156462585034015,0.9380215042245409,1.028,0.7012987012987012,1.0407239819004523,0.8,1.1551724137931036,0.4444444444444444,1.1129707112970713,1.0434782608695652
"Rocchio, Brayan",677587,2024,0.7807486631016042,0.6282067773315979,0.9362966035759933,0.8897119341563785,0.9523067734659885,0.8231292517006803,0.9640219288603777,0.996,0.551948051948052,0.9095022624434389,0.5,1.2442528735632183,0.6000000000000001,0.9853556485355648,1.1036789297658864
"Rocchio, Brayan",677587,2025,0.893048128342246,0.7744857820658249,0.9760627904303706,0.8917819365337672,1.0536876888155315,0.8287671232876712,0.9694792624939318,0.9759036144578314,0.852760736196319,1.0535714285714284,0.3666666666666667,1.008823529411765,0.375,1.071578947368421,1.006896551724138
"Rodgers, Brendan",663898,2021,0.9526315789473684,0.49588356775784315,1.0002059870709223,0.9148936170212766,1.4599879414797485,0.0,0.0,0.9090909090909091,0.9764453961456102,0.9818181818181819,0.7380952380952381,1.1864406779661016,0.9607843137254903,1.1099365750528543,0.9565217391304348
"Rodgers, Brendan",663898,2022,0.975609756097561,0.3644959249340807,1.0157485230363308,0.9166666666666666,1.5915883285632453,0.0,0.0,0.9047619047619048,1.1269146608315097,0.963302752293578,0.923076923076923,1.1927374301675977,0.6976744186046512,1.0356394129979036,0.8945686900958467
"Rodgers, Brendan",663898,2024,0.9866310160427807,0.37093086830732297,1.0072199826935884,0.9144032921810699,1.8886259149686793,0.8775510204081634,0.9972502869870548,1.036,1.0324675324675323,1.0361990950226245,0.7125,1.3706896551724137,0.7777777777777779,1.0313807531380754,0.9765886287625418
"Rodriguez, Alex",121347,2015,1.2044198895027625,1.0914351609837605,1.0338758116205249,0.9684123025768911,0.7971028597317046,0.0,0.0,1.4285714285714284,1.2041884816753925,0.9813084112149534,1.981818181818182,0.9475065616797901,2.15,0.9404255319148936,0.9290123456790124
"Rodriguez, Julio",677594,2022,1.1842818428184283,0.8308183485065671,1.0394344291414055,0.957516339869281,1.2630961255903745,0.0,0.0,1.2063492063492063,1.2844638949671772,1.0412844036697246,1.6794871794871797,1.0921787709497208,1.7906976744186047,1.0524109014675054,1.1725239616613419
"Rodriguez, Julio",677594,2023,1.1289473684210527,0.667083875157112,1.0416990377951283,0.9628712871287128,1.322767185291637,1.4482758620689655,1.0796028787351473,1.1098039215686273,1.2579957356076759,0.9684684684684685,1.4337349397590358,1.1282051282051284,1.3673469387755102,1.137130801687764,1.1895424836601307
"Rodriguez, Julio",677594,2024,1.1871657754010696,0.7915366831741323,1.0334104777926794,0.9423868312757202,1.0843785157714905,0.9319727891156464,1.065885489866793,1.236,1.2207792207792205,0.8552036199095021,1.275,1.0632183908045978,1.0666666666666667,1.1359832635983265,1.254180602006689
"Rodriguez, Julio",677594,2025,1.1229946524064172,0.633434148188165,1.0290605738637726,0.9422294548413344,1.362429511613631,1.0136986301369864,1.0677996154990457,1.1325301204819276,1.128834355828221,0.8392857142857142,1.088888888888889,1.076470588235294,1.3333333333333335,1.1642105263157896,1.131034482758621
"Rodriguez, Sean",446481,2016,1.2365591397849462,1.0867554671389106,1.0197999325884408,0.9267277268942548,0.8892032757104341,0.0,0.0,1.5775862068965516,1.045,1.1064814814814814,1.7538461538461538,0.8211382113821138,1.956521739130435,1.0236051502145922,0.8495297805642633
"Rogers, Jake",668670,2023,1.1631578947368422,1.1285137431268508,1.0181444560244006,0.9001650165016502,0.6937314421167765,0.6620689655172415,0.9882804346578528,1.2431372549019608,1.070362473347548,1.1216216216216215,1.469879518072289,0.8831908831908833,1.9183673469387754,0.9641350210970465,0.7450980392156864
"Rogers, Jake",668670,2024,1.053475935828877,1.1867139746785187,1.00338763398845,0.8814814814814814,0.7200951081295054,0.5782312925170069,0.995732124306398,1.3120000000000003,1.0,0.8959276018099547,1.2375,0.9626436781609197,1.0444444444444445,0.9958158995815899,0.8896321070234114
"Rojas, Johan",679032,2024,0.7941176470588235,0.31713509619807284,0.9457679689569967,0.9102880658436213,1.9670121913994478,0.9455782312925172,0.9777452197412476,0.944,0.70995670995671,0.7104072398190044,0.325,1.5229885057471266,0.2444444444444444,0.9958158995815899,1.2107023411371236
"Rojas, Josh",668942,2021,0.9078947368421052,0.6480417467096153,0.9913983919069195,0.8559738134206218,1.2165776142233033,0.0,0.0,0.9328063241106719,0.7644539614561027,1.05,0.5833333333333334,1.1214689265536724,0.607843137254902,0.890063424947146,0.8361204013377926
"Rojas, Josh",668942,2022,0.910569105691057,0.8940403881318171,0.9940191353338395,0.8913398692810457,1.1036780842848015,0.0,0.0,0.8968253968253969,0.8358862144420132,1.1192660550458715,0.5897435897435898,1.0027932960893855,0.6046511627906977,0.8532494758909853,0.7731629392971245
"Rojas, Josh",668942,2023,0.85,0.9316031791761045,0.9743069002524135,0.8721122112211221,0.824755664658422,1.4689655172413794,0.9487153668910003,0.9568627450980391,0.6844349680170576,1.1036036036036037,0.45783132530120474,0.9145299145299147,0.3469387755102041,0.9303797468354431,0.9313725490196078
"Rojas, Josh",668942,2024,0.9037433155080214,1.1479120058379557,0.9931342347304406,0.8921810699588478,0.7727754939980737,0.9659863945578231,0.932184777504646,0.976,0.8636363636363638,1.0723981900452488,0.7125,0.8649425287356322,0.5555555555555556,0.9497907949790795,0.7692307692307693
"Rojas, Miguel",500743,2017,0.8031914893617021,0.7734015852865016,0.9531717581853731,0.8707037643207857,1.3922263471706606,0.0,0.0,0.5780590717299579,0.6487179487179487,1.040358744394619,0.0,1.1956521739130437,0.07843137254901962,1.049568965517241,1.1221122112211221
"Rojas, Miguel",500743,2018,0.8252688172043011,0.7350034261686473,0.9537724436995981,0.8759244042728019,1.3062178083908786,0.0,0.0,0.639344262295082,0.6473429951690821,0.9865470852017937,0.1267605633802817,1.1583333333333332,0.5531914893617021,1.0472103004291844,1.0756578947368423
"Rojas, Miguel",500743,2019,0.8051948051948051,0.6867938399489756,0.9817438623100357,0.9184188393608074,1.2665482552310015,0.0,0.0,0.664,0.7046511627906977,0.9107142857142856,0.33333333333333337,1.1864406779661016,0.21052631578947367,0.9978768577494693,0.9844236760124611
"Rojas, Miguel",500743,2021,0.7789473684210526,0.8947364290183557,0.9688119227161749,0.8952536824877251,1.1968168196419926,0.0,0.0,0.7628458498023716,0.828693790149893,1.0045454545454546,0.3452380952380953,1.1468926553672316,0.411764705882353,0.9640591966173362,0.9899665551839465
"Rojas, Miguel",500743,2022,0.8265582655826558,0.8053893225268135,0.9722390485472112,0.8913398692810457,1.160909952723333,0.0,0.0,0.623015873015873,0.673960612691466,1.1009174311926606,0.24358974358974358,1.111731843575419,0.3488372093023256,1.0,1.0415335463258786
"Rojas, Miguel",500743,2023,0.7552631578947367,0.8282233669241298,0.9789390262677721,0.8968646864686469,1.1700074255287272,1.1793103448275863,0.9546560779283949,0.6509803921568628,0.7718550106609807,0.9414414414414414,0.3493975903614458,1.1481481481481484,0.3061224489795918,1.0464135021097047,1.1274509803921569
"Rojas, Miguel",500743,2024,0.8449197860962567,0.702232421492012,0.9528052655550274,0.8979423868312757,1.6265677736572357,1.54421768707483,0.9427336322456564,0.564,0.696969696969697,1.1085972850678731,0.325,1.2011494252873562,0.4888888888888888,0.9707112970711299,0.9698996655518394
"Rojas, Miguel",500743,2025,0.820855614973262,0.8876900094646926,0.9687168760765922,0.8877135882831569,1.242756649107028,1.4178082191780823,0.9477982705259402,0.7429718875502008,0.7464212678936606,1.0580357142857142,0.4555555555555556,1.0970588235294116,0.6041666666666667,0.9347368421052631,1.003448275862069
"Rollins, Jimmy",276519,2015,0.8342541436464088,1.4176257256520368,0.9657367068291113,0.8819617622610141,0.7737908310644278,0.0,0.0,0.8124999999999999,0.7277486910994765,0.9205607476635514,0.45454545454545453,0.8923884514435695,0.75,0.9553191489361702,0.8734567901234568
"Romine, Andrew",461865,2017,0.875,0.6508335353314109,0.9559479260676264,0.8625204582651391,1.3382100558536512,0.0,0.0,0.9915611814345991,0.7743589743589744,1.0852017937219731,0.24242424242424243,1.2173913043478264,0.3137254901960785,1.146551724137931,0.9702970297029703
"Rooker, Brent",667670,2023,1.2394736842105263,1.3788125355196434,1.030508418727691,0.929042904290429,0.5520639905556005,1.3586206896551725,1.0370255064677854,1.4980392156862745,1.20682302771855,1.0540540540540542,1.8795180722891565,0.7521367521367524,2.081632653061224,0.9725738396624474,1.0032679738562091
"Rooker, Brent",667670,2024,1.3716577540106951,1.4216906022594642,1.0362379899059406,0.9333333333333333,0.5931643163194479,1.3673469387755104,1.0427159485776372,1.364,1.2251082251082248,0.9683257918552035,2.075,0.7471264367816093,2.3333333333333335,1.0502092050209206,1.11371237458194
"Rooker, Brent",667670,2025,1.1203208556149733,1.2070004115277992,1.0150650129899843,0.9218877135882831,0.7680926511842049,1.273972602739726,1.0282883038877857,1.2369477911646587,1.0572597137014317,1.138392857142857,1.5333333333333334,0.8647058823529411,1.3333333333333335,1.0526315789473684,0.9413793103448277
"Rortvedt, Ben",666163,2024,0.8181818181818181,0.8710942807230928,0.9690876987313728,0.8995884773662551,1.2134711962204774,0.5102040816326531,0.9777109746717503,1.08,0.7510822510822509,1.0542986425339367,0.43750000000000006,1.1235632183908046,0.3333333333333333,0.895397489539749,1.100334448160535
"Rosario, Amed",642708,2018,0.9193548387096775,0.6090794846792659,0.9914596523745177,0.8997534921939194,1.3456507988328674,0.0,0.0,1.0737704918032789,0.8091787439613527,1.0269058295964126,0.5492957746478874,1.1916666666666667,0.44680851063829785,1.1587982832618025,1.1250000000000002
"Rosario, Amed",642708,2019,0.9662337662337662,0.6794034249861178,1.0059698259237035,0.9276703111858704,1.379441024628017,0.0,0.0,0.972,0.9604651162790697,1.0089285714285714,0.5512820512820513,1.115819209039548,0.543859649122807,1.0976645435244163,1.1433021806853583
"Rosario, Amed",642708,2021,0.9342105263157894,0.4354129762607277,1.0004104909217462,0.9124386252045826,1.5745057456395664,0.0,0.0,0.984189723320158,0.9978586723768736,0.8954545454545454,0.33333333333333337,1.2514124293785311,0.45098039215686275,1.0338266384778012,1.2173913043478262
"Rosario, Amed",642708,2022,0.962059620596206,0.3996526768237961,0.9979468239308609,0.9052287581699345,1.7247422772122396,0.0,0.0,0.8333333333333334,0.9124726477024069,0.9908256880733946,0.576923076923077,1.318435754189944,0.48837209302325585,1.1153039832285117,1.2364217252396166
"Rosario, Amed",642708,2023,0.9210526315789473,0.5927336431517161,0.9934589677825495,0.9117161716171617,1.4490453410394402,0.9448275862068967,0.9921797241121003,0.9058823529411765,0.9232409381663113,1.0585585585585586,0.40963855421686746,1.1652421652421654,0.3061224489795918,1.128691983122363,1.277777777777778
"Rosario, Amed",642708,2024,0.9144385026737969,0.3365620383911959,0.9791200570379429,0.8962962962962964,1.78147899019602,0.761904761904762,0.9992170412977284,0.98,0.8116883116883117,1.099547511312217,0.575,1.3189655172413794,0.26666666666666666,1.1548117154811717,1.2207357859531773
"Rosario, Eddie",592696,2015,0.9723756906077348,1.2783411341555924,0.9919598605476462,0.8827930174563592,0.6843176408907486,0.0,0.0,1.2098214285714286,0.9397905759162303,0.8598130841121495,1.1272727272727272,0.8477690288713912,0.975,1.2617021276595743,1.2561728395061729
"Rosario, Eddie",592696,2016,0.9435483870967741,0.9405875291913415,0.9870337919777039,0.880932556203164,1.0631401115933043,0.0,0.0,1.2284482758620687,0.8425,1.0185185185185184,0.7538461538461539,0.9810298102981029,0.8913043478260871,1.2296137339055793,1.1786833855799372
"Rosario, Eddie",592696,2017,1.0212765957446808,1.0989208205753924,0.9967062773420874,0.8797054009819967,0.8093218903967853,0.0,0.0,1.0253164556962027,0.9410256410256411,0.8923766816143498,1.1363636363636362,1.0271739130434783,1.196078431372549,1.1874999999999998,1.155115511551155
"Rosario, Eddie",592696,2018,0.9408602150537634,1.4073697360342985,0.9905831597130071,0.8882497945768282,0.6900773327348038,0.0,0.0,0.9590163934426231,0.9082125603864735,0.9910313901345292,1.1971830985915493,0.8388888888888889,1.148936170212766,1.240343347639485,1.3125000000000002
"Rosario, Eddie",592696,2019,0.9636363636363636,1.2963528496703804,1.0044129671284183,0.913372582001682,0.7074096323148626,0.0,0.0,0.856,0.9674418604651163,0.8214285714285713,1.1025641025641026,0.9096045197740115,1.1754385964912282,1.2611464968152868,1.2897196261682242
"Rosario, Eddie",592696,2021,0.9263157894736841,1.2063332653500571,0.9941332713683624,0.8870703764320785,0.7254827720442908,0.0,0.0,0.758893280632411,0.9186295503211991,1.059090909090909,0.7023809523809523,0.92090395480226,0.8431372549019608,1.1268498942917549,1.2040133779264215
"Rosario, Eddie",592696,2023,1.0289473684210526,1.1093372769145156,0.9950562724366356,0.9108910891089109,0.9343012504222115,0.8965517241379312,0.9997386349104049,1.1764705882352942,0.8848614072494669,1.0855855855855856,1.1445783132530118,0.908831908831909,1.204081632653061,1.2067510548523206,1.3398692810457518
"Rosario, Eddie",592696,2024,0.8663101604278075,1.047453318501885,1.0223683770366798,0.9069958847736626,0.8386990082920122,0.8027210884353742,0.9891484888237531,1.116,1.0432900432900432,0.7466063348416289,0.675,0.896551724137931,1.0,1.096234309623431,1.1337792642140472
"Ruf, Darin",573131,2015,1.0911602209944753,1.136868014887094,1.0189438984321433,0.9210307564422278,1.0136225521601787,0.0,0.0,1.1830357142857142,1.2827225130890052,0.9485981308411215,1.4363636363636365,0.9475065616797901,1.4749999999999999,1.027659574468085,0.9290123456790124
"Ruf, Darin",573131,2022,1.013550135501355,1.1740871334413454,1.007423883618473,0.9158496732026143,0.7858467372281024,0.0,0.0,1.0912698412698414,1.0415754923413565,0.9908256880733946,1.1153846153846154,0.8826815642458101,1.1162790697674418,0.8448637316561847,0.9584664536741214
"Ruiz, Carlos",434563,2015,0.8011049723756906,0.8801334272456961,0.9607838713261473,0.8669991687448046,0.996815774565756,0.0,0.0,0.5669642857142856,0.5523560209424083,1.0046728971962617,0.30909090909090914,1.1811023622047243,0.2,0.8744680851063829,0.7345679012345678
"Ruiz, Esteury",665923,2023,0.8157894736842105,0.7331834902194773,0.909356967894442,0.9034653465346535,1.271314092574508,0.9241379310344828,0.9470849593807065,1.023529411764706,0.5266524520255863,0.8333333333333334,0.3132530120481928,1.2962962962962965,0.2857142857142857,1.0738396624472575,1.1078431372549022
"Ruiz, Keibert",660688,2022,0.91869918699187,1.1886043227348828,0.9936407085460215,0.8937908496732027,0.8572873497033845,0.0,0.0,0.5952380952380952,0.8468271334792122,1.114678899082569,0.48717948717948717,0.8882681564245811,0.46511627906976744,1.0670859538784068,1.02555910543131
"Ruiz, Keibert",660688,2023,0.8763157894736843,1.199894787294945,0.982643841048289,0.9084158415841583,1.011206319334516,2.151724137931035,0.9239408503751139,0.5607843137254902,0.8208955223880597,1.1666666666666667,0.6987951807228916,0.9344729344729348,0.7959183673469387,1.0780590717299579,1.1993464052287583
"Ruiz, Keibert",660688,2024,0.7994652406417112,1.4858417790355039,0.9614804303063245,0.8880658436213992,0.7086508721489126,2.2653061224489797,0.927300424051229,0.484,0.777056277056277,0.9049773755656108,0.4,0.7844827586206897,0.7111111111111111,1.094142259414226,1.2675585284280937
"Ruiz, Keibert",660688,2025,0.8021390374331551,0.8381891684287963,0.9658511796035698,0.8982912937347437,1.3087968575136817,1.2191780821917808,0.9163002095133613,0.5140562248995985,0.7995910020449898,1.0089285714285714,0.2444444444444444,1.1647058823529413,0.1875,1.1094736842105264,1.106896551724138
"Ruiz, Rio",547004,2019,0.8467532467532468,0.8586146666656629,0.9932980245452011,0.9066442388561816,1.3428092728546621,0.0,0.0,0.976,0.9488372093023255,1.0535714285714284,0.35897435897435903,1.0536723163841808,0.7368421052631579,0.9893842887473462,0.8691588785046729
"Rupp, Cameron",519237,2015,1.011049723756906,1.265891491345139,1.0044656582162075,0.9177057356608479,0.9019967130826719,0.0,0.0,1.1741071428571428,1.007853403141361,1.1214953271028039,1.272727272727273,0.9448818897637795,1.0,1.0468085106382978,0.8919753086419753
"Rupp, Cameron",519237,2016,1.0698924731182797,0.7648398876238666,1.030483249276633,0.9458784346378019,1.3002303996375602,0.0,0.0,1.3060344827586206,1.2675,0.9074074074074074,1.4,1.0596205962059622,1.2608695652173916,1.0278969957081545,0.9467084639498432
"Russell, Addison",608365,2015,0.9309392265193371,1.3389470224610245,0.9805577447451348,0.9077306733167083,0.7579164665685622,0.0,0.0,1.3928571428571428,0.8979057591623038,1.014018691588785,0.9454545454545454,0.9553805774278215,1.0,1.0212765957446808,0.9166666666666666
"Russell, Addison",608365,2016,0.9731182795698925,1.2939852211888359,0.985661198118634,0.9000832639467111,0.8565535796113103,0.0,0.0,1.2629310344827585,0.975,0.949074074074074,1.4461538461538461,0.9539295392953929,1.1521739130434783,1.0772532188841202,0.9216300940438871
"Russell, Addison",608365,2017,0.9920212765957447,1.2260998805619516,1.0051947469350686,0.9001636661211129,0.8321656534321785,0.0,0.0,1.1645569620253164,0.9717948717948718,1.1704035874439462,0.8636363636363636,0.9048913043478263,0.9019607843137255,1.0775862068965516,0.9273927392739274
"Russell, Addison",608365,2018,0.8629032258064516,0.9572743926102475,0.9764935497903675,0.8890714872637634,1.1806791864759534,0.0,0.0,1.1106557377049182,0.681159420289855,1.0986547085201794,0.30985915492957744,1.0499999999999998,0.3191489361702127,1.0236051502145922,0.9835526315789473
"Rutschman, Adley",668939,2022,0.9674796747967479,1.2363879793751775,0.9930271534619349,0.9060457516339869,0.8849625419235387,0.0,0.0,0.7103174603174602,0.9387308533916848,1.1926605504587156,1.012820512820513,0.9134078212290504,0.9534883720930234,0.8490566037735849,0.9840255591054313
"Rutschman, Adley",668939,2023,1.0342105263157895,0.9841231357432947,0.9943263409426286,0.9166666666666666,1.028668432765741,0.8896551724137932,0.9831086116341657,0.6117647058823529,0.9701492537313433,1.1171171171171173,0.9036144578313252,0.9544159544159546,0.8367346938775511,0.8649789029535865,0.9803921568627452
"Rutschman, Adley",668939,2024,0.9251336898395721,1.4195780370988775,0.9949045578508924,0.8995884773662551,0.6737498866374334,1.3741496598639458,0.9654759445189367,0.684,0.987012987012987,1.090497737556561,0.7625,0.7586206896551725,0.8888888888888888,0.9309623430962344,1.0869565217391304
"Rutschman, Adley",668939,2025,0.9090909090909092,1.0271743483672224,1.0040225115379682,0.9056143205858421,1.0512206780977011,0.9383561643835617,0.9769398530217799,0.5863453815261045,1.0040899795501024,0.9598214285714285,0.8333333333333334,0.9088235294117647,0.7083333333333335,0.8547368421052632,0.8965517241379312
"Saladino, Tyler",573135,2016,0.8844086021505376,0.7126261536223107,0.9784600344492593,0.9017485428809325,1.3554927983390763,0.0,0.0,0.7025862068965517,0.735,0.9351851851851852,0.44615384615384623,1.2195121951219512,0.7391304347826089,1.03862660944206,0.8526645768025078
"Sanchez, Gary",596142,2017,1.2553191489361701,1.081890858576359,1.0370131695011675,0.9468085106382979,1.1679034318976385,0.0,0.0,1.2025316455696202,1.2666666666666666,1.0,1.8030303030303028,0.9130434782608696,1.823529411764706,1.0323275862068964,1.221122112211221
"Sanchez, Gary",596142,2018,1.0994623655913978,1.1242666043289289,1.019508042227382,0.9950698438783894,1.0249678030325762,0.0,0.0,1.1926229508196722,1.2850241545893721,0.852017937219731,1.95774647887324,1.0222222222222221,1.6595744680851063,0.944206008583691,1.273026315789474
"Sanchez, Gary",596142,2019,1.2753246753246752,1.4760553394120755,1.0241828948108318,0.9949537426408747,0.641608572680556,0.0,0.0,1.296,1.2186046511627908,0.9732142857142857,2.4615384615384617,0.7514124293785311,2.1929824561403506,0.9341825902335458,1.355140186915888
"Sanchez, Gary",596142,2021,1.0868421052631578,1.6173561938199166,1.0072637661206574,0.927986906710311,0.7107012729417489,0.0,0.0,1.1620553359683794,1.1841541755888652,0.990909090909091,1.630952380952381,0.7881355932203391,1.7254901960784312,0.9323467230443976,0.9933110367892977
"Sanchez, Gary",596142,2022,1.116531165311653,1.1161840206560845,1.0222393143610753,0.9403594771241829,0.8823542312736588,0.0,0.0,1.2222222222222223,1.321663019693654,0.8119266055045871,1.7307692307692308,0.9497206703910616,1.302325581395349,0.9224318658280923,1.0894568690095847
"Sanchez, Jesus",660821,2022,0.986449864498645,0.8391602039843321,1.0097831529792942,0.9370915032679739,1.1211413451120928,0.0,0.0,1.1785714285714286,1.0700218818380742,0.8532110091743119,1.217948717948718,1.1256983240223466,1.2558139534883723,1.0020964360587001,1.2140575079872205
"Sanchez, Jesus",660821,2023,1.1631578947368422,0.4407696666126211,1.01343698359327,0.9471947194719471,1.48424134754573,0.296551724137931,1.0396673247763089,1.1764705882352942,1.1620469083155651,0.9954954954954955,1.4337349397590358,1.1823361823361824,1.1224489795918366,1.0358649789029537,1.1143790849673203
"Sanchez, Jesus",660821,2024,1.1898395721925135,0.5892495763625192,1.042510021146132,0.9646090534979425,1.5249072878036585,0.4965986394557823,1.0497680647286973,1.256,1.329004329004329,1.085972850678733,1.5375,1.1580459770114944,1.1333333333333333,1.1108786610878663,1.2307692307692308
"Sanchez, Jesus",660821,2025,1.0160427807486632,0.6840534808928217,1.0220489897627965,0.9340927583401138,1.2209539008770804,1.0,1.0561972570225846,1.0481927710843375,1.0736196319018405,0.9151785714285714,1.2333333333333334,1.1647058823529413,0.8541666666666669,1.0378947368421052,1.1172413793103448
"Sanchez, Yolmer",570560,2015,0.8259668508287292,0.6227948227987952,0.9666043479342455,0.8802992518703242,1.702339828341741,0.0,0.0,0.9374999999999999,0.5942408376963351,1.0280373831775702,0.23636363636363636,1.2834645669291338,0.4,1.0382978723404255,1.0586419753086422
"Sanchez, Yolmer",570560,2017,0.8723404255319149,0.8575339330345091,0.9688065526543462,0.8715220949263502,0.9566110946141335,0.0,0.0,1.0084388185654007,0.676923076923077,0.8968609865470851,0.5303030303030303,1.122282608695652,0.627450980392157,1.0775862068965516,1.0825082508250827
"Sanchez, Yolmer",570560,2018,0.8763440860215054,0.7456009100659167,0.9768693774137189,0.9063270336894002,1.368256780422456,0.0,0.0,0.889344262295082,0.7318840579710145,1.062780269058296,0.4225352112676057,1.1888888888888889,0.3617021276595745,1.0236051502145922,1.082236842105263
"Sanchez, Yolmer",570560,2019,0.7922077922077921,1.0956227202705908,0.9786863723260874,0.904121110176619,1.0780908795298254,0.0,0.0,0.924,0.7604651162790699,0.875,0.12820512820512822,0.983050847457627,0.08771929824561403,1.0233545647558386,1.0342679127725858
"Sandoval, Pablo",467055,2015,0.8232044198895028,0.9014751679990601,0.9968727372409897,0.9476309226932669,1.1700068258088017,0.0,0.0,0.857142857142857,0.9869109947643979,0.9859813084112149,0.8727272727272727,1.1286089238845145,0.625,1.2553191489361701,1.4074074074074074
"Sandoval, Pablo",467055,2017,0.8696808510638299,0.8985996403029854,1.0216582572014439,0.8993453355155483,1.188439453672356,0.0,0.0,1.0,1.0717948717948718,0.7757847533632285,1.0151515151515151,1.084239130434783,0.8431372549019608,1.2435344827586206,1.33993399339934
"Sandoval, Pablo",467055,2019,1.077922077922078,0.8368603464522154,1.0105570049427537,0.9646761984861227,1.22918694976696,0.0,0.0,1.068,1.2767441860465119,1.0178571428571428,1.5000000000000002,1.1101694915254239,1.192982456140351,1.159235668789809,1.233644859813084
"Sano, Miguel",593934,2016,1.2876344086021505,1.4197443882617538,1.0438418400511646,0.9508742714404663,0.5657646207894194,0.0,0.0,1.5431034482758617,1.405,1.0138888888888888,2.1846153846153844,0.6991869918699187,2.0869565217391304,0.8798283261802575,0.8965517241379309
"Sano, Miguel",593934,2017,1.3696808510638299,1.0827473433004604,1.054934367602354,0.9378068739770867,0.90219489421281,0.0,0.0,1.6624472573839661,1.523076923076923,1.0,2.409090909090909,0.8016304347826088,2.11764705882353,1.049568965517241,0.9372937293729372
"Sano, Miguel",593934,2019,1.420779220779221,1.2309229644646162,1.0628952651106005,0.960470984020185,0.758941094892433,0.0,0.0,1.508,1.7186046511627908,1.0267857142857142,2.717948717948718,0.8022598870056498,2.6842105263157894,0.9235668789808918,1.043613707165109
"Sano, Miguel",593934,2021,1.1921052631578948,1.387296031254515,1.0520788598714406,0.9582651391162029,1.0237866261769875,0.0,0.0,1.5098814229249014,1.4732334047109206,0.9772727272727273,2.1071428571428568,0.7344632768361582,2.03921568627451,0.9429175475687105,1.076923076923077
"Sanoja, Javier",691594,2025,0.7887700534759358,0.657830609233087,0.9739489362703334,0.8730675345809601,1.5244481562379544,0.8424657534246576,0.9508004831414362,0.5020080321285141,0.8425357873210634,1.0178571428571428,0.19999999999999998,1.2,0.4583333333333333,0.968421052631579,1.0413793103448277
"Santana, Carlos",467793,2015,0.9972375690607734,1.1016211941758314,1.0078069834306496,0.9260182876142976,0.9882438658660327,0.0,0.0,0.8660714285714286,1.25130890052356,0.7990654205607478,1.3090909090909089,1.0131233595800524,1.0999999999999999,0.7851063829787234,0.8703703703703702
"Santana, Carlos",467793,2016,1.0752688172043012,1.2136841069880322,1.0243712913711438,0.9258950874271441,0.8847544788338341,0.0,0.0,0.8275862068965516,1.27,0.7962962962962962,1.5076923076923079,0.9214092140921409,1.521739130434783,0.8412017167381974,0.7742946708463949
"Santana, Carlos",467793,2017,0.9787234042553191,1.0504558121973646,1.0094464895572488,0.9189852700490998,1.0605894362837647,0.0,0.0,0.8143459915611815,1.176923076923077,0.9506726457399103,1.1363636363636362,0.9619565217391305,0.9411764705882353,0.8620689655172413,0.8184818481848185
"Santana, Carlos",467793,2018,0.9059139784946237,1.2018710279722402,1.003928098764091,0.932621199671323,0.8910998600966814,0.0,0.0,0.7909836065573771,1.0893719806763287,0.874439461883408,0.9859154929577466,1.0055555555555555,1.0425531914893618,0.8862660944206008,0.8717105263157895
"Santana, Carlos",467793,2019,0.9948051948051948,0.9064148683677172,1.033793144106121,0.9486963835155592,1.1958233039875712,0.0,0.0,0.812,1.1744186046511629,0.8526785714285714,1.2435897435897438,1.0254237288135593,1.280701754385965,0.8343949044585989,0.7476635514018691
"Santana, Carlos",467793,2021,0.8921052631578947,1.0153031227979588,1.0117607803204447,0.9099836333878887,1.204303828769073,0.0,0.0,0.8814229249011858,1.0642398286937902,0.8090909090909091,0.8214285714285714,1.076271186440678,0.8039215686274511,0.9175475687103595,0.9264214046822744
"Santana, Carlos",467793,2022,1.02710027100271,1.2080427081244456,1.0238460569729353,0.9093137254901961,0.9015916055020089,0.0,0.0,0.8492063492063492,1.2122538293216631,0.8394495412844036,1.1923076923076925,0.8659217877094972,1.2790697674418605,0.8951781970649895,0.8210862619808307
"Santana, Carlos",467793,2023,0.85,1.0002871822277006,0.998666302879666,0.9216171617161716,1.2153283505492078,0.917241379310345,0.9945424396005291,0.8666666666666667,0.9019189765458422,0.8648648648648649,0.8072289156626505,1.0284900284900287,1.040816326530612,0.9556962025316457,0.9019607843137256
"Santana, Carlos",467793,2024,0.9438502673796791,1.2119531135362385,1.005336278738873,0.9349794238683127,0.8715565640780204,1.0408163265306123,1.0039232914017995,0.932,1.03030303030303,0.8959276018099547,0.9125,0.8735632183908046,1.2000000000000002,0.9058577405857741,0.939799331103679
"Santana, Carlos",467793,2025,0.8128342245989305,1.2419905973907792,0.9815329194697368,0.9210740439381611,1.050973215602857,1.047945205479452,0.9876108033164009,0.9759036144578314,1.0102249488752557,0.9241071428571427,0.5444444444444445,1.0676470588235294,0.7083333333333335,0.9473684210526315,0.9655172413793106
"Santana, Danny",542454,2019,1.2311688311688311,1.0499050692127576,1.029097797685601,0.9512195121951219,1.003756910717035,0.0,0.0,1.284,1.1627906976744187,1.1830357142857142,1.217948717948718,0.903954802259887,1.4912280701754386,1.1825902335456477,1.099688473520249
"Santana, Domingo",570267,2017,1.2260638297872342,0.8641804003835978,1.0197252062164215,0.9304418985270049,1.026845676872478,0.0,0.0,1.358649789029536,1.1538461538461537,1.219730941704036,1.4393939393939392,0.9972826086956523,1.627450980392157,0.9978448275862069,0.900990099009901
"Santana, Domingo",570267,2019,1.2415584415584415,0.8760895142544173,1.0016566546357282,0.92094196804037,0.8374680317093574,0.0,0.0,1.284,1.095348837209302,1.1651785714285714,1.6025641025641026,0.9887005649717514,1.2456140350877192,0.9936305732484079,0.838006230529595
"Santander, Anthony",623993,2019,1.0,1.1564762015293895,1.010754968342542,0.9495374264087468,0.9619723954697948,0.0,0.0,0.848,1.095348837209302,0.9598214285714285,0.9871794871794872,0.8559322033898306,1.1754385964912282,1.0997876857749471,1.3115264797507789
"Santander, Anthony",623993,2021,1.0605263157894738,1.4233782479376162,1.0213255054961432,0.923076923076923,0.8600241467779144,0.0,0.0,0.9920948616600791,1.3704496788008564,1.05,1.0,0.7146892655367232,1.1372549019607845,1.090909090909091,1.1237458193979935
"Santander, Anthony",623993,2022,1.0867208672086721,1.69502078034587,1.0167007832037984,0.9150326797385621,0.6379723511905563,0.0,0.0,0.8531746031746033,1.3019693654266957,1.0137614678899083,1.4871794871794874,0.745810055865922,1.6744186046511627,1.0020964360587001,1.1693290734824282
"Santander, Anthony",623993,2023,0.9947368421052631,1.5817259048834715,1.01855582084804,0.9323432343234324,0.7247246562098566,1.5724137931034485,1.0301690876353449,0.9215686274509803,1.3667377398720681,0.8963963963963966,1.2289156626506021,0.720797720797721,1.2857142857142856,1.0337552742616034,1.258169934640523
"Santander, Anthony",623993,2024,0.9866310160427807,1.70818294943449,1.0125860782848135,0.9415637860082305,0.6523903265617098,1.5918367346938778,1.0249490776805086,0.8,1.1991341991341993,0.9909502262443438,1.4625000000000001,0.7327586206896552,2.066666666666667,1.0418410041841004,1.2107023411371236
"Saunders, Michael",459431,2016,1.0698924731182797,0.9015194143655222,1.0123641883636263,0.9192339716902582,0.9266766462366688,0.0,0.0,1.2629310344827585,1.2650000000000001,0.949074074074074,1.1846153846153846,0.9674796747967479,1.5434782608695652,0.9592274678111589,0.8432601880877743
"Schanuel, Nolan",694384,2024,0.8903743315508021,0.7772089690413242,0.9678004784836712,0.871604938271605,1.2438459445614154,0.7074829931972789,0.9076897252884977,0.58,0.6233766233766233,1.1990950226244343,0.43750000000000006,1.0517241379310347,0.6888888888888889,0.8702928870292888,0.8561872909698998
"Schanuel, Nolan",694384,2025,0.8689839572192514,0.96780814001596,0.9772826667289668,0.8934092758340113,1.016298770825303,0.9931506849315068,0.938990661326114,0.606425702811245,0.6993865030674847,1.09375,0.5,1.061764705882353,0.6041666666666667,0.9473684210526315,0.9000000000000001
"Schebler, Scott",594988,2017,1.127659574468085,0.9549381757451789,1.0165133478231614,0.9099836333878887,1.1533639836854983,0.0,0.0,1.240506329113924,1.1615384615384616,0.8878923766816144,1.5454545454545452,1.046195652173913,1.6666666666666667,1.1336206896551724,1.1155115511551157
"Schebler, Scott",594988,2018,1.1129032258064515,0.692525834545212,1.0221713755595399,0.9129005751848808,1.2760481713070295,0.0,0.0,1.2745901639344264,1.1014492753623188,0.9820627802690582,1.4929577464788732,1.1083333333333334,1.276595744680851,1.1759656652360515,1.0460526315789473
"Schmitt, Casey",669477,2025,1.0374331550802138,1.4283867054147172,1.00216257491385,0.9080553295362083,0.7142279592569127,1.6438356164383563,1.002121131997148,1.0401606425702812,1.0940695296523517,1.2991071428571426,0.9666666666666666,0.7558823529411764,1.0,1.0821052631578947,1.0620689655172415
"Schneemann, Daniel",682177,2025,0.9866310160427807,0.8185598939192877,0.9913405920071822,0.90480065093572,1.131836656745927,0.4383561643835617,0.9909491062528184,1.1927710843373494,0.9243353783231084,0.8839285714285714,1.2666666666666666,1.1176470588235294,0.9583333333333333,0.9515789473684211,0.9793103448275863
"Schneider, Davis",676914,2024,1.0106951871657754,1.6259827353768461,0.9997109492091758,0.8995884773662551,0.4776429176612518,1.0068027210884354,0.9830190927228813,1.232,1.0389610389610389,1.1312217194570136,1.5125,0.6408045977011495,1.1333333333333333,0.8870292887029289,0.94314381270903
"Schoop, Jonathan",570731,2015,1.1629834254143647,1.1369409120067624,1.0165858029581696,0.9534497090606817,0.9630694071976444,0.0,0.0,1.388392857142857,1.206806282722513,1.0654205607476637,1.5999999999999999,0.8740157480314962,1.6500000000000001,1.2957446808510638,1.1604938271604939
"Schoop, Jonathan",570731,2016,0.9677419354838709,1.0062967981698954,0.9855203841503078,0.9458784346378019,1.2071717641385962,0.0,0.0,1.2456896551724135,1.0299999999999998,0.9351851851851852,1.0615384615384615,1.0731707317073171,1.1304347826086958,1.2918454935622317,1.1097178683385578
"Schoop, Jonathan",570731,2017,1.0345744680851063,1.0722984117898509,1.001165940263213,0.9492635024549918,1.2091113153881348,0.0,0.0,1.1898734177215189,1.0512820512820513,1.0986547085201794,1.0454545454545454,0.9728260869565217,1.3137254901960786,1.125,1.1221122112211221
"Schoop, Jonathan",570731,2018,0.8790322580645161,0.9057081692656566,0.9758036217070193,0.913722267871816,1.086871799057316,0.0,0.0,1.1598360655737705,0.8333333333333334,0.9147982062780268,0.7042253521126761,1.1749999999999998,1.2340425531914894,1.2188841201716738,1.2138157894736843
"Schoop, Jonathan",570731,2019,1.0207792207792208,0.9604690564222359,0.9861762784265541,0.9663582842724979,1.0917623218427037,0.0,0.0,1.2920000000000003,1.0558139534883721,1.0401785714285714,1.1282051282051282,1.0875706214689267,1.280701754385965,1.2441613588110403,1.221183800623053
"Schoop, Jonathan",570731,2021,0.95,0.8462723753681164,0.9923452732196851,0.9582651391162029,1.4496728092845113,0.0,0.0,0.9723320158102767,1.044967880085653,0.859090909090909,0.8095238095238095,1.152542372881356,0.8627450980392156,1.1099365750528543,1.1638795986622072
"Schoop, Jonathan",570731,2022,0.872628726287263,0.7782543470087442,0.9819567929320444,0.9117647058823528,1.320222518543212,0.0,0.0,1.123015873015873,0.9562363238512035,0.8302752293577981,0.576923076923077,1.1759776536312851,0.6279069767441862,1.1635220125786165,1.0862619808306708
"Schuemann, Max",680474,2024,0.9438502673796791,1.2411314166646312,0.997236273090832,0.8674897119341565,0.6728372718341177,0.5918367346938775,0.9547689813594371,1.156,0.8917748917748917,1.085972850678733,0.7125,0.9051724137931035,0.5555555555555556,0.8744769874476988,0.8294314381270904
"Schwarber, Kyle",656941,2017,1.2207446808510638,1.516518881912862,1.0214233053862862,0.9500818330605564,0.6944752602357177,0.0,0.0,1.261603375527426,1.3564102564102565,0.7399103139013453,2.2878787878787876,0.7989130434782609,2.1568627450980395,0.9612068965517241,1.056105610561056
"Schwarber, Kyle",656941,2018,1.2096774193548387,0.9497212239361065,1.0220953652436706,0.962202136400986,1.0428407453641624,0.0,0.0,1.237704918032787,1.282608695652174,0.9417040358744394,1.802816901408451,1.025,1.9148936170212765,0.8927038626609443,0.9276315789473684
"Schwarber, Kyle",656941,2019,1.2285714285714284,1.1770442687424527,1.0460080288134688,0.9890664423885617,0.7798623084655923,0.0,0.0,1.128,1.4441860465116279,0.9732142857142857,1.8717948717948718,0.8531073446327684,1.7719298245614037,0.9171974522292995,0.9127725856697818
"Schwarber, Kyle",656941,2021,1.3421052631578947,1.212962371533363,1.0390005271958016,0.9541734860883796,0.762938503834953,0.0,0.0,1.134387351778656,1.3832976445396146,0.9636363636363636,2.083333333333333,0.8361581920903954,2.294117647058824,0.8773784355179705,0.8896321070234114
"Schwarber, Kyle",656941,2022,1.3902439024390245,1.4964636408832097,1.0504428953036695,0.937908496732026,0.6073505756748165,0.0,0.0,1.1587301587301588,1.575492341356674,0.9954128440366972,2.576923076923077,0.7234636871508381,2.8372093023255816,0.8469601677148849,0.8753993610223643
"Schwarber, Kyle",656941,2023,1.2105263157894737,1.4576038597940135,1.037222066373842,0.9504950495049505,0.6836119117374961,1.4137931034482758,1.081837890208767,1.2392156862745098,1.398720682302772,0.9324324324324325,1.9759036144578315,0.8347578347578348,2.571428571428571,0.7932489451476794,0.9934640522875817
"Schwarber, Kyle",656941,2024,1.320855614973262,1.1108910399854866,1.0560289803307814,0.951440329218107,1.111153293938688,1.034013605442177,1.0905164855766398,1.284,1.4458874458874458,1.0180995475113122,1.9625,0.8563218390804598,2.2,0.8368200836820084,0.9163879598662209
"Schwarber, Kyle",656941,2025,1.3877005347593583,1.4759702574182914,1.05655695574856,0.9536208299430431,0.7417087302607024,0.9726027397260274,1.0721135836564264,1.3293172690763053,1.5153374233128833,1.0535714285714284,2.322222222222222,0.7529411764705882,2.8750000000000004,0.8799999999999999,0.9241379310344829
"Schwindel, Frank",643524,2021,0.9868421052631579,0.9948467196332683,0.9788497242158569,0.9206219312602291,0.9420572192398077,0.0,0.0,0.9169960474308301,1.1284796573875804,0.8136363636363636,0.9523809523809523,0.9548022598870058,1.3725490196078434,1.1014799154334038,1.1839464882943145
"Schwindel, Frank",643524,2022,0.8753387533875339,0.9059601761511059,0.9964375017230228,0.8929738562091503,1.1958537305645036,0.0,0.0,1.0555555555555556,0.9299781181619255,0.8990825688073395,0.6025641025641026,1.0837988826815645,0.8604651162790697,1.1446540880503147,1.1373801916932909
"Scott II, Victor",687363,2025,0.8663101604278075,0.9261688365803548,0.9140129908068294,0.8681855166802278,0.9074096168083062,1.171232876712329,0.9255533296515469,1.1244979919678717,0.6257668711656441,1.1160714285714284,0.38888888888888895,1.1117647058823528,0.2916666666666667,1.0042105263157894,0.8310344827586207
"Seager, Corey",608369,2016,1.1827956989247312,0.8584534718142669,1.0265189936154782,0.9383846794338052,1.1933000686625468,0.0,0.0,1.004310344827586,1.23,1.2592592592592593,1.276923076923077,1.016260162601626,1.1304347826086958,1.1351931330472105,0.8996865203761755
"Seager, Corey",608369,2017,1.196808510638298,0.9119440598292569,1.0253694423512068,0.9075286415711948,0.993547438446289,0.0,0.0,1.1518987341772153,1.241025641025641,1.242152466367713,1.2878787878787878,0.9266304347826088,1.058823529411765,1.081896551724138,0.9075907590759077
"Seager, Corey",608369,2019,0.9584415584415584,1.1011239389905678,1.0000036685888376,0.9226240538267452,0.8183214089988083,0.0,0.0,1.032,0.9372093023255815,0.9955357142857142,0.9487179487179487,0.9350282485875707,0.8596491228070176,1.0849256900212316,0.8598130841121495
"Seager, Corey",608369,2021,1.1263157894736842,0.8390821007457453,1.0250209408636806,0.9435351882160392,1.066390446062167,0.0,0.0,1.1106719367588933,1.15203426124197,1.1272727272727272,1.4761904761904763,0.9943502824858756,1.0784313725490198,1.1289640591966175,0.8729096989966556
"Seager, Corey",608369,2022,1.119241192411924,1.0946070258246643,1.0293046520296174,0.9093137254901961,0.7916678241705327,0.0,0.0,1.0515873015873016,1.1225382932166301,1.110091743119266,1.3461538461538463,0.835195530726257,1.558139534883721,1.1425576519916145,0.9329073482428114
"Seager, Corey",608369,2023,1.2394736842105263,1.02183751244352,1.0487205915745832,0.9438943894389439,0.8981875185877097,0.7655172413793104,1.0079939329102952,0.9843137254901961,1.2452025586353945,1.1666666666666667,1.831325301204819,0.8888888888888891,1.7142857142857142,1.1645569620253164,0.8529411764705883
"Seager, Corey",608369,2024,1.213903743315508,1.0135005751979433,1.0388275992504459,0.9325102880658436,0.80582256676597,0.9183673469387756,1.0156304373898795,0.936,1.2164502164502164,1.0452488687782806,1.9,0.8591954022988506,1.7555555555555555,1.1087866108786613,0.899665551839465
"Seager, Corey",608369,2025,1.2459893048128343,0.8763137612883082,1.041438614492775,0.9145646867371847,0.9721118677459419,0.452054794520548,1.0216081971768192,1.1204819277108435,1.1901840490797546,1.0491071428571428,1.7,0.9117647058823529,1.4791666666666667,1.0505263157894738,0.8137931034482759
"Seager, Kyle",572122,2015,1.06353591160221,1.4887275988812498,1.0076610388462424,0.9085619285120532,0.6951478427892772,0.0,0.0,0.7901785714285713,1.0628272251308901,1.0700934579439254,1.272727272727273,0.748031496062992,1.225,0.9723404255319149,0.9691358024691358
"Seager, Kyle",572122,2016,1.1263440860215053,1.393436306296477,1.017956503313217,0.9092422980849293,0.6696338257298547,0.0,0.0,0.8060344827586206,1.175,1.0416666666666665,1.3846153846153846,0.7154471544715448,1.3260869565217392,0.9163090128755363,0.9216300940438871
"Seager, Kyle",572122,2017,1.002659574468085,1.7034461793188338,1.006052137507833,0.892798690671031,0.4521846670709471,0.0,0.0,0.8860759493670887,1.017948717948718,0.9417040358744394,1.2878787878787878,0.6630434782608696,1.1176470588235294,0.9224137931034481,0.9075907590759077
"Seager, Kyle",572122,2018,0.978494623655914,1.462911181677414,1.0144689461138243,0.9079704190632704,0.6312639236949058,0.0,0.0,0.918032786885246,1.0990338164251208,1.0,0.7887323943661972,0.7,1.0425531914893618,1.0128755364806865,0.9769736842105263
"Seager, Kyle",572122,2019,1.0285714285714287,1.4133883142723909,1.0055722320434142,0.9007569386038687,0.6287546148577539,0.0,0.0,0.852,1.0488372093023257,1.0848214285714286,1.1025641025641026,0.7514124293785311,1.3333333333333333,0.9596602972399153,0.8878504672897195
"Seager, Kyle",572122,2021,1.0105263157894737,1.4978164073182592,0.999112824024567,0.9083469721767594,0.5292456287864088,0.0,0.0,1.1739130434782608,1.0278372591006424,0.8772727272727273,1.4642857142857144,0.7598870056497176,1.5294117647058825,1.0465116279069768,1.0434782608695652
"Segura, Jean",516416,2015,0.8093922651933702,0.4079353245654385,0.9835438484360469,0.9110556940980881,1.653950858384217,0.0,0.0,0.7857142857142856,0.7434554973821988,0.8177570093457944,0.23636363636363636,1.3385826771653542,0.325,1.1382978723404256,1.04320987654321
"Segura, Jean",516416,2016,0.9973118279569892,0.6668660466708267,1.0041980744064014,0.9159034138218152,1.3429138251704897,0.0,0.0,0.7370689655172413,0.8949999999999999,0.9074074074074074,0.9230769230769231,1.2059620596205962,0.8043478260869565,1.0,1.0
"Segura, Jean",516416,2017,0.9122340425531915,0.5495451114685554,1.001242742780197,0.892798690671031,1.4208404960494339,0.0,0.0,0.6708860759493671,0.9333333333333333,1.0134529147982063,0.48484848484848486,1.2853260869565217,0.4901960784313726,1.064655172413793,1.046204620462046
"Segura, Jean",516416,2018,0.8763440860215054,0.6299790466432315,0.9917866811325798,0.9170090386195562,1.3989438997767434,0.0,0.0,0.5245901639344263,0.9009661835748792,0.9192825112107623,0.5070422535211268,1.2638888888888888,0.40425531914893614,1.0407725321888412,1.0888157894736843
"Segura, Jean",516416,2019,0.8493506493506494,0.5533793793683006,0.9920825391072714,0.9512195121951219,1.574594271601004,0.0,0.0,0.588,0.8232558139534883,0.9285714285714285,0.4102564102564103,1.3757062146892656,0.42105263157894735,1.0021231422505308,1.249221183800623
"Segura, Jean",516416,2021,0.8947368421052632,0.47357653258888527,0.9795069056453756,0.925531914893617,1.567890175279736,0.0,0.0,0.6877470355731224,0.9143468950749464,0.9045454545454547,0.7023809523809523,1.2966101694915255,0.627450980392157,1.0211416490486258,1.0167224080267558
"Segura, Jean",516416,2022,0.8699186991869919,0.37864088453277844,0.989300642587654,0.9068627450980392,1.910044152984971,0.0,0.0,0.7380952380952381,0.9277899343544856,0.7889908256880733,0.5641025641025641,1.3743016759776538,0.7906976744186047,1.020964360587002,1.191693290734824
"Segura, Jean",516416,2023,0.7868421052631579,0.3435470526001291,0.9821325136614005,0.9405940594059405,2.9844251370629493,0.4896551724137931,0.9868530231319222,0.7529411764705882,0.9061833688699361,0.7072072072072072,0.42168674698795183,1.4472934472934476,0.24489795918367344,1.0632911392405062,1.238562091503268
"Semien, Marcus",543760,2015,0.9751381215469613,1.2221247640493584,0.9855577015557381,0.8886118038237739,0.7541092274747043,0.0,0.0,1.0044642857142856,0.8036649214659685,1.1448598130841123,0.8181818181818182,0.8845144356955381,0.8750000000000001,0.9340425531914893,0.8086419753086421
"Semien, Marcus",543760,2016,0.9596774193548386,1.2868119376322324,0.9916078781454721,0.9025811823480434,0.5956253026278278,0.0,0.0,1.0215517241379308,0.9425000000000001,0.7962962962962962,1.0307692307692309,0.8943089430894309,1.3695652173913044,0.98068669527897,0.8557993730407523
"Semien, Marcus",543760,2017,0.9494680851063829,1.4495453878682394,0.9950207906116026,0.8715220949263502,0.7643595631525195,0.0,0.0,1.0801687763713081,0.8948717948717948,1.147982062780269,0.712121212121212,0.8016304347826088,0.7647058823529412,0.9633620689655172,0.8811881188118813
"Semien, Marcus",543760,2018,0.9059139784946237,1.22651278575859,0.9804753845862161,0.8800328677074774,0.7253101543004892,0.0,0.0,0.8360655737704918,0.8792270531400966,1.0224215246636772,0.647887323943662,0.875,0.6382978723404255,0.9399141630901287,0.8881578947368421
"Semien, Marcus",543760,2019,0.9818181818181818,1.1503519876504749,1.0012169374592805,0.9100084104289319,0.8202436404964566,0.0,0.0,0.74,0.9744186046511628,0.9151785714285714,1.1025641025641026,0.9293785310734464,1.0526315789473684,0.8959660297239915,0.7289719626168225
"Semien, Marcus",543760,2021,1.0105263157894737,1.6041944182612913,1.0104904191571313,0.8960720130932897,0.5779919367009464,0.0,0.0,0.849802371541502,1.0620985010706638,1.0363636363636364,1.1666666666666667,0.7175141242937852,1.7450980392156865,0.9534883720930234,0.7993311036789298
"Semien, Marcus",543760,2022,0.91869918699187,1.5836868675708529,0.986434327579109,0.8995098039215685,0.6217341655981372,0.0,0.0,0.8174603174603174,0.9190371991247264,0.8715596330275229,0.8717948717948719,0.7821229050279331,1.1162790697674418,0.989517819706499,0.865814696485623
"Semien, Marcus",543760,2023,0.9236842105263158,1.4902443342904206,0.9936955160297466,0.896039603960396,0.6014496002717955,1.310344827586207,0.967201821516636,0.7098039215686274,0.9402985074626866,1.0405405405405406,0.7951807228915663,0.7606837606837609,1.0612244897959184,0.9936708860759492,0.7418300653594772
"Semien, Marcus",543760,2024,0.9010695187165776,1.277629159780456,0.9853490134361618,0.922633744855967,0.8078256057089628,1.3673469387755104,0.9628281724892246,0.8080000000000002,0.9047619047619047,0.8778280542986425,0.8250000000000001,0.9051724137931035,0.9333333333333333,1.0460251046025104,0.8628762541806021
"Semien, Marcus",543760,2025,0.911764705882353,1.4418264649374297,0.9893033058380788,0.8950366151342555,0.6184278101919114,1.1849315068493151,0.9536185823432753,0.9116465863453815,0.815950920245399,0.9955357142857142,0.7444444444444445,0.7911764705882354,0.8125,1.0315789473684212,0.8379310344827587
"Senzel, Nick",669222,2019,0.9636363636363636,0.8561633982610299,0.9880105812379689,0.9049621530698064,1.26615497833138,0.0,0.0,0.9519999999999998,0.9767441860465116,0.9107142857142856,1.0256410256410258,1.1440677966101696,0.7719298245614034,1.0467091295116773,0.9252336448598131
"Senzel, Nick",669222,2022,0.9051490514905149,0.9155909527376743,0.9832970460133745,0.8946078431372548,1.078613168744454,0.0,0.0,0.8690476190476191,0.8599562363238512,0.9954128440366972,0.43589743589743596,1.0782122905027933,0.39534883720930236,0.9958071278825996,0.9456869009584664
"Senzel, Nick",669222,2023,0.9078947368421052,1.1975442095004256,0.980431890278753,0.8976897689768977,0.9169876453296417,1.6275862068965516,0.9617091884836692,0.8509803921568627,0.8699360341151385,0.8108108108108109,0.5783132530120482,0.9116809116809118,1.163265306122449,1.0358649789029537,0.8627450980392158
"Severino, Pedro",600474,2019,1.0155844155844156,1.0143147075893328,0.983773276308722,0.9335576114381833,1.2760131192818918,0.0,0.0,1.0,0.9348837209302326,0.9553571428571427,1.0897435897435899,0.9887005649717514,0.9824561403508772,0.932059447983015,0.9003115264797507
"Severino, Pedro",600474,2021,1.018421052631579,1.1964091261024536,0.9934783217683764,0.9378068739770867,1.1783204565433252,0.0,0.0,1.1660079051383399,1.0663811563169163,1.0727272727272725,0.9047619047619047,1.0169491525423728,0.7843137254901962,1.0126849894291754,1.0033444816053512
"Shaw, Matt",807713,2025,0.9251336898395721,0.9412726988859704,0.9454189586377894,0.888527257933279,0.9155163138018289,1.089041095890411,0.9635364573800791,0.9036144578313253,0.815950920245399,1.0982142857142856,0.7777777777777779,1.1147058823529412,0.8958333333333334,1.006315789473684,1.024137931034483
"Shaw, Travis",543768,2016,1.021505376344086,1.3647466044107417,1.0004035279438457,0.9350541215653623,0.7289123572125903,0.0,0.0,1.0517241379310343,0.9650000000000001,1.0324074074074074,1.2307692307692308,0.8048780487804879,1.0,1.0321888412017168,1.1253918495297806
"Shaw, Travis",543768,2017,1.0319148936170213,1.2121778782056987,1.0107960104340379,0.9304418985270049,0.863627038886613,0.0,0.0,0.8945147679324894,1.2538461538461538,1.0224215246636772,1.121212121212121,0.9293478260869567,1.5098039215686276,0.9741379310344827,1.0924092409240924
"Shaw, Travis",543768,2018,1.0188172043010753,1.3152324566245164,0.9996426491398532,0.9416598192276088,0.7110796863397761,0.0,0.0,0.8401639344262296,1.1884057971014494,0.8923766816143498,1.4647887323943662,0.8694444444444445,1.7234042553191489,0.9549356223175965,0.986842105263158
"Sheets, Gavin",657757,2022,0.8807588075880759,1.1949723816789455,0.9986960090845813,0.8962418300653595,0.8991219425943153,0.0,0.0,0.873015873015873,0.9628008752735229,0.908256880733945,0.8333333333333334,0.9916201117318436,1.1860465116279069,1.0,1.1629392971246006
"Sheets, Gavin",657757,2023,0.7763157894736842,1.3209626814942306,0.9908593924298017,0.9034653465346535,0.9491626504289272,1.503448275862069,1.016885771999624,0.8509803921568627,1.1556503198294243,0.8873873873873874,0.6265060240963856,1.017094017094017,0.8163265306122448,1.0021097046413503,1.0980392156862746
"Sheets, Gavin",657757,2024,0.9598930481283422,1.0117604561876827,0.9897494278300644,0.9053497942386831,1.0059037547617116,1.3333333333333335,1.0204046749728468,0.924,0.9826839826839826,1.2352941176470589,0.7125,0.8908045977011495,0.6444444444444445,0.9665271966527198,1.2642140468227425
"Sheets, Gavin",657757,2025,1.0401069518716577,1.035156115743768,1.00690075955887,0.9096826688364523,0.9347229497557135,1.589041095890411,1.0463822667771872,0.9277108433734941,1.2658486707566463,1.1294642857142856,1.0333333333333334,0.9470588235294118,1.0208333333333335,0.9389473684210526,1.2689655172413794
"Shuck, JB",543776,2016,0.696236559139785,0.6357666704960261,0.9585024060123878,0.9034138218151541,1.5320941457798245,0.0,0.0,0.44827586206896547,0.7274999999999999,0.6851851851851851,0.3076923076923077,1.2953929539295392,0.4347826086956522,0.9849785407725321,0.9373040752351096
"Siani, Michael",672279,2024,0.8128342245989305,0.26260196304850847,0.9238008600574916,0.862551440329218,2.0162663027626153,0.4625850340136055,0.9504536035282917,1.212,0.577922077922078,0.9683257918552035,0.3,1.53448275862069,0.2222222222222222,0.997907949790795,0.8963210702341138
"Simmons, Andrelton",592743,2015,0.8397790055248618,0.3198332816903366,0.9769444054891008,0.9052369077306733,1.7610412017328356,0.0,0.0,0.5312499999999999,0.787958115183246,0.9672897196261683,0.18181818181818182,1.3097112860892388,0.2,0.9829787234042554,0.830246913580247
"Simmons, Andrelton",592743,2016,0.7983870967741935,0.37477496168748203,0.9774387667750825,0.880932556203164,1.5266191220307603,0.0,0.0,0.5344827586206896,0.7925,0.8518518518518517,0.1846153846153846,1.3116531165311653,0.2173913043478261,1.021459227467811,0.8526645768025078
"Simmons, Andrelton",592743,2017,0.8218085106382979,0.6460008159733093,0.9842119461800022,0.897708674304419,1.3103306796900334,0.0,0.0,0.5780590717299579,0.8333333333333334,0.9103139013452914,0.3787878787878788,1.1467391304347825,0.5294117647058825,0.9935344827586206,0.9603960396039602
"Simmons, Andrelton",592743,2018,0.8467741935483871,0.620864832595893,0.9925608467626591,0.9013968775677896,1.6744523514888623,0.0,0.0,0.5614754098360657,0.9661835748792271,0.9103139013452914,0.5774647887323945,1.2000000000000002,0.44680851063829785,0.9699570815450644,0.8552631578947368
"Simmons, Andrelton",592743,2019,0.7038961038961039,0.7334243498499956,0.9888583013391044,0.9150546677880571,1.7163301648819766,0.0,0.0,0.568,0.8604651162790697,0.5535714285714285,0.21794871794871798,1.2598870056497176,0.3508771929824561,1.0191082802547773,0.9968847352024922
"Simmons, Andrelton",592743,2021,0.7026315789473685,0.35436962507223224,0.9369764213010838,0.8854337152209493,1.7200482935558288,0.0,0.0,0.6600790513833992,0.5438972162740898,0.859090909090909,0.07142857142857142,1.477401129943503,0.1764705882352941,0.9471458773784357,1.0869565217391304
"Simpson, Chandler",802415,2025,0.8288770053475936,0.04047835097905008,0.9252604855722516,0.8755085435313262,3.1388867126497293,0.363013698630137,0.8747449649324365,0.4658634538152611,0.36400817995910023,1.013392857142857,0.0,1.6382352941176472,0.0,1.0105263157894737,0.9034482758620692
"Singleton, Jon",572138,2024,1.0240641711229947,0.9628813390212894,0.9996665290485409,0.9497942386831276,0.8053105153891217,1.598639455782313,1.0036618865980316,1.208,0.9155844155844155,1.0135746606334841,1.1125,0.9109195402298851,1.1777777777777778,0.8514644351464434,0.9565217391304348
"Siri, Jose",642350,2023,1.1552631578947368,1.1112660480083776,0.9874530217831506,0.9381188118811882,0.6817567912171772,1.2965517241379312,0.9928527345801129,1.588235294117647,0.9381663113006397,0.9504504504504504,1.5542168674698795,0.9800569800569802,2.346938775510204,1.120253164556962,1.2287581699346406
"Siri, Jose",642350,2024,1.2058823529411764,1.134493493649098,0.9843004252087576,0.9135802469135802,0.8347993335701157,0.7210884353741497,1.0160842773751406,1.6879999999999997,0.9913419913419914,0.9592760180995474,1.8499999999999999,1.0344827586206897,1.6888888888888889,1.0585774058577406,1.1939799331103678
"Sizemore, Grady",429713,2015,1.011049723756906,1.1085502804486147,1.0096065093163609,0.8927680798004988,0.764662627068205,0.0,0.0,0.9419642857142855,1.0890052356020943,0.9626168224299065,0.7636363636363637,0.9186351706036745,0.7000000000000001,1.0468085106382978,0.9938271604938272
"Smith, Cam",701358,2025,1.0080213903743316,0.6649134802760029,0.9843355884439768,0.9267697314890154,1.2167408094316796,0.9657534246575342,1.0375408034614093,1.1526104417670684,0.9754601226993864,0.9642857142857143,0.7666666666666667,1.1911764705882353,0.6041666666666667,1.0189473684210526,1.013793103448276
"Smith, Dominic",642086,2021,1.0236842105263158,1.1759049584913221,1.0023454104726985,0.8960720130932897,0.8212432170823585,0.0,0.0,1.0909090909090908,0.9571734475374732,1.2545454545454546,0.7738095238095237,0.8305084745762712,0.627450980392157,1.0972515856236786,1.1471571906354516
"Smith, Dominic",642086,2023,0.8947368421052632,0.9995116676248893,0.970494159421439,0.8935643564356435,0.9610479136695924,1.0482758620689656,0.955846942977523,0.7843137254901961,0.7803837953091685,1.1216216216216215,0.7951807228915663,1.0227920227920229,0.5510204081632653,1.0337552742616034,1.0359477124183007
"Smith, Dwight",596105,2019,0.8597402597402598,0.5636371241819902,1.0006990701426475,0.9613120269133725,1.3214503769891774,0.0,0.0,1.128,1.0674418604651164,0.8169642857142857,0.5,1.2062146892655365,0.8245614035087719,0.9639065817409768,0.9719626168224298
"Smith, Josh",669701,2024,0.911764705882353,1.1464289153911364,0.9842113394293205,0.8888888888888888,0.9349998426805198,0.7823129251700681,0.968640359460861,0.88,0.9415584415584415,1.004524886877828,0.46249999999999997,0.9281609195402301,0.7111111111111111,0.9769874476987449,0.8862876254180603
"Smith, Josh",669701,2025,0.877005347593583,0.900452199189385,0.9724743354937954,0.8803905614320585,1.3733767173314904,0.9657534246575342,0.9590960176195159,0.8032128514056225,0.7484662576687117,1.0,0.5333333333333333,1.0705882352941176,0.5208333333333334,0.9515789473684211,0.917241379310345
"Smith, Kevan",607345,2017,0.8670212765957447,0.45553267536564346,0.9785873619924491,0.8911620294599019,1.6883106834467738,0.0,0.0,0.8945147679324894,0.7589743589743589,0.9237668161434976,0.5151515151515151,1.328804347826087,0.33333333333333337,1.1788793103448274,0.9933993399339933
"Smith, Mallex",605480,2018,0.8655913978494624,0.3092432965698557,0.9671706113667276,0.8603122432210354,1.6778896437059947,0.0,0.0,1.0532786885245902,0.5748792270531401,1.0896860986547086,0.22535211267605637,1.238888888888889,0.10638297872340426,1.053648068669528,0.8552631578947368
"Smith, Mallex",605480,2019,0.7584415584415584,0.5847952677013113,0.955965761394867,0.8889823380992431,1.5174823964073985,0.0,0.0,1.144,0.4883720930232558,0.8616071428571428,0.28205128205128205,1.3615819209039548,0.2807017543859649,1.0191082802547773,0.8411214953271028
"Smith, Pavin",656976,2021,0.9368421052631578,0.6909055511727774,0.9808348563478769,0.90671031096563,1.192396778109138,0.0,0.0,0.6837944664031619,1.0342612419700212,1.0272727272727273,0.6071428571428571,1.172316384180791,0.5490196078431373,0.890063424947146,0.9130434782608696
"Smith, Seth",452234,2015,1.0883977900552486,1.0514870395898013,1.017856411028045,0.9210307564422278,0.7013448972017398,0.0,0.0,1.2098214285714286,1.2172774869109946,0.9485981308411215,1.4545454545454546,0.8897637795275591,1.0,0.8574468085106384,1.0154320987654322
"Smith, Seth",452234,2016,1.0940860215053763,0.6966923889860999,1.0084096758515932,0.929225645295587,1.3108894126729755,0.0,0.0,0.9655172413793103,1.1275,1.0879629629629628,1.3692307692307693,1.100271002710027,1.1956521739130437,0.851931330472103,0.9122257053291535
"Smith, Seth",452234,2017,1.077127659574468,0.8151500477260434,1.0263150696090404,0.9198036006546645,1.173280787171433,0.0,0.0,0.8691983122362869,1.1692307692307693,1.210762331838565,1.0757575757575757,0.9483695652173914,1.019607843137255,0.8836206896551723,1.0066006600660067
"Smith, Will",669257,2021,1.055263157894737,1.5205324927653532,1.014629694003892,0.8887070376432078,0.5056185917870156,0.0,0.0,0.8379446640316205,1.0642398286937902,0.9681818181818183,1.2857142857142858,0.6807909604519774,1.5098039215686276,0.8858350951374208,0.8227424749163881
"Smith, Will",669257,2022,1.0650406504065042,1.4546218507412356,1.0158470112997529,0.8905228758169934,0.4987794359575627,0.0,0.0,0.76984126984127,1.074398249452954,0.9816513761467889,1.3461538461538463,0.7262569832402235,1.3488372093023258,0.8909853249475892,0.7955271565495207
"Smith, Will",669257,2023,0.9578947368421052,1.2141629616795355,1.004992526312611,0.9141914191419142,0.7033528137961065,1.3448275862068968,0.9690824987847401,0.7647058823529411,0.9936034115138593,0.972972972972973,0.8192771084337349,0.8376068376068377,1.0,0.9662447257383967,0.9281045751633987
"Smith, Will",669257,2024,1.0133689839572193,1.4010557771272238,1.0081571967058371,0.8979423868312757,0.5255065114892608,1.2108843537414966,0.9565135969343052,0.836,1.0086580086580086,0.9819004524886877,1.325,0.7528735632183909,1.1777777777777778,0.9665271966527198,0.959866220735786
"Smith, Will",669257,2025,1.1283422459893049,1.3577912529982692,1.0215097564088802,0.8958502847843774,0.6108189543323432,1.3219178082191783,0.9800818029691398,0.8955823293172691,1.1186094069529653,1.1160714285714284,1.3666666666666667,0.6617647058823529,1.2916666666666667,0.8147368421052632,0.8413793103448276
"Smoak, Justin",475253,2015,1.207182320441989,1.0195083862849865,1.030438016007305,0.9235245220282626,0.9931453288842155,0.0,0.0,1.3214285714285712,1.4031413612565444,1.149532710280374,2.3272727272727276,0.9448818897637795,2.125,0.902127659574468,1.080246913580247
"Smoak, Justin",475253,2017,1.2154255319148937,1.4240135238747063,1.0250900759996342,0.9001636661211129,0.5888688471226042,0.0,0.0,1.0,1.2461538461538462,1.1121076233183858,2.090909090909091,0.7119565217391306,1.7450980392156865,0.9267241379310344,1.0033003300330032
"Smoak, Justin",475253,2018,1.0806451612903227,1.1892405862994204,1.0109694715875521,0.9096138044371405,0.7154478229088774,0.0,0.0,1.0450819672131149,1.2173913043478262,0.959641255605381,1.5211267605633805,0.9111111111111112,1.5106382978723403,0.8626609442060086,1.006578947368421
"Smoak, Justin",475253,2019,1.0597402597402596,1.2872015905278005,1.0167622963356446,0.9318755256518082,0.7644943224160361,0.0,0.0,0.956,1.097674418604651,1.0535714285714284,1.4102564102564104,0.7768361581920905,1.2456140350877192,0.842887473460722,0.838006230529595
"Smolinski, Jake",519295,2016,0.8844086021505376,1.114184369123783,0.9875938542138136,0.9184013322231473,1.2656429899920292,0.0,0.0,0.6767241379310344,0.86,1.0138888888888888,0.6923076923076923,0.9430894308943089,0.6086956521739132,1.0171673819742488,0.9686520376175547
"Soderstrom, Tyler",691016,2025,1.0855614973262033,0.5982213482280202,1.024199489417437,0.9275834011391375,1.5521348866484401,0.5136986301369864,1.0302578334805448,1.0200803212851406,1.1145194274028631,0.9553571428571427,1.2444444444444445,1.1147058823529412,1.25,1.0273684210526315,0.9965517241379311
"Sogard, Eric",519299,2015,0.7983425414364641,1.0566177927886649,0.9644219668018942,0.8935993349958438,1.0181019447517956,0.0,0.0,0.49553571428571425,0.5602094240837695,1.060747663551402,0.05454545454545454,0.9868766404199475,0.075,0.8659574468085105,0.8703703703703702
"Sogard, Eric",519299,2017,0.8377659574468085,1.1345714291358648,0.9624111526594973,0.8600654664484451,1.1421125518919886,0.0,0.0,0.4641350210970464,0.6307692307692309,1.2556053811659194,0.21212121212121213,0.9782608695652175,0.27450980392156865,0.7715517241379308,0.9702970297029703
"Sogard, Eric",519299,2019,0.8467532467532468,1.4899062013287414,0.9644001025753565,0.8654331370899916,0.7425897063136024,0.0,0.0,0.452,0.5488372093023255,1.107142857142857,0.2692307692307693,0.7429378531073447,0.6842105263157895,0.823779193205945,1.0
"Solak, Nick",669256,2021,0.8842105263157896,0.5153447475725973,0.9763090379295196,0.9050736497545008,1.5633101650306231,0.0,0.0,0.984189723320158,0.8072805139186295,0.8636363636363636,0.7738095238095237,1.3135593220338984,0.607843137254902,0.9682875264270615,1.1672240802675586
"Solano, Donovan",456781,2021,0.9763157894736841,0.8684156819951936,0.9945786028293888,0.8846153846153846,0.8327835629433198,0.0,0.0,0.8063241106719367,0.8715203426124195,1.2590909090909093,0.8928571428571428,0.96045197740113,0.5490196078431373,1.0486257928118394,1.0066889632107023
"Solano, Donovan",456781,2022,0.997289972899729,0.85591206954002,0.9980501784981048,0.8766339869281045,1.2847970465792786,0.0,0.0,0.8373015873015872,0.9562363238512035,1.1926605504587156,0.7692307692307693,1.0,0.4418604651162791,1.0440251572327044,1.0095846645367412
"Solano, Donovan",456781,2023,1.055263157894737,1.0025291997016264,1.0134555741741738,0.9059405940594059,1.0629623184491035,0.6965517241379311,0.9544384674384508,1.007843137254902,1.019189765458422,1.2792792792792793,0.6626506024096385,0.925925925925926,0.3469387755102041,0.9957805907172995,1.0261437908496733
"Solano, Donovan",456781,2024,0.9679144385026738,1.043457600763734,0.9848720373792884,0.88559670781893,0.941158711801671,1.2312925170068028,0.9374115799826248,0.94,0.922077922077922,1.1538461538461537,0.46249999999999997,1.011494252873563,0.8222222222222222,0.9853556485355648,1.0066889632107023
"Solarte, Yangervis",500208,2015,0.8287292817679558,1.0428480476940558,0.9967837484509444,0.9193682460515378,0.9677008583779444,0.0,0.0,0.5982142857142857,0.9450261780104712,0.8738317757009346,0.38181818181818183,0.9527559055118109,0.75,1.0255319148936168,1.0246913580246915
"Solarte, Yangervis",500208,2016,0.8467741935483871,1.0721333873251189,0.9970654436654165,0.9175686927560367,0.9810247099459747,0.0,0.0,0.7327586206896551,0.9349999999999999,0.8333333333333333,0.5846153846153845,0.9186991869918701,0.9347826086956522,1.0836909871244635,1.1316614420062696
"Solarte, Yangervis",500208,2017,0.8058510638297872,1.2098642524754826,0.9758163707173708,0.9018003273322422,0.8382262436252419,0.0,0.0,0.6624472573839663,0.8538461538461539,0.9058295964125561,0.606060606060606,1.0679347826086958,0.8627450980392156,1.107758620689655,1.1485148514851484
"Solarte, Yangervis",500208,2018,0.8682795698924731,1.1071085441700774,0.9835839237634243,0.9293344289235825,1.1629080977567992,0.0,0.0,0.7172131147540984,0.9492753623188407,0.9461883408071747,0.6338028169014085,1.0444444444444445,0.9148936170212765,1.1630901287553648,1.299342105263158
"Soler, Jorge",624585,2015,1.2099447513812156,0.9939704650334087,1.0390164577683574,0.9659185369908563,1.0639623927135882,0.0,0.0,1.5133928571428572,1.2094240837696335,1.285046728971963,1.8363636363636366,0.9448818897637795,1.0,1.023404255319149,1.067901234567901
"Soler, Jorge",624585,2019,1.3194805194805195,1.192429323079614,1.041961711488652,0.9730866274179983,0.8018463540831243,0.0,0.0,1.3,1.3069767441860465,0.9553571428571427,2.153846153846154,0.8474576271186441,2.017543859649123,0.9363057324840766,0.9221183800623052
"Soler, Jorge",624585,2021,1.1289473684210527,1.23685623989056,1.026691078229953,0.9648117839607202,0.9526421318155359,0.0,0.0,1.1541501976284585,1.2912205567451818,0.9454545454545454,1.5,0.8983050847457628,1.392156862745098,0.9492600422832981,0.9197324414715721
"Soler, Jorge",624585,2023,1.2078947368421054,1.3887974387060202,1.0267885017776366,0.9471947194719471,0.6547029502958608,1.3931034482758622,1.0582860693877096,1.0823529411764707,1.1727078891257998,1.0450450450450453,1.8072289156626504,0.8376068376068377,2.0,0.9303797468354431,1.0392156862745099
"Soler, Jorge",624585,2024,1.1229946524064172,1.345349983814894,1.0202661498463583,0.9497942386831276,0.853792279659162,1.5306122448979593,1.0601509487209917,1.156,1.1796536796536798,0.9909502262443438,1.575,0.8304597701149425,1.311111111111111,0.9309623430962344,1.0802675585284283
"Sosa, Edmundo",624641,2021,0.9263157894736841,0.45219314132673977,0.9741012189756257,0.9378068739770867,1.3625259804926695,0.0,0.0,1.1106719367588933,0.7580299785867237,0.8863636363636364,0.47619047619047616,1.248587570621469,0.5294117647058825,1.1247357293868923,1.0668896321070236
"Sosa, Edmundo",624641,2023,0.9421052631578947,1.0802142541993929,0.9749974999163239,0.9224422442244224,1.083235790489515,1.0275862068965518,1.0193112426289985,1.1254901960784314,0.8528784648187634,1.0090090090090091,0.8192771084337349,1.1253561253561255,1.0,1.251054852320675,1.173202614379085
"Sosa, Lenyn",672820,2024,1.0481283422459893,0.9426284719472263,1.0036447295996338,0.9111111111111111,1.0653543312842713,0.7074829931972789,1.0110345792957156,0.796,1.0064935064935063,1.3981900452488687,0.775,0.8563218390804598,0.6444444444444445,1.100418410041841,1.1739130434782608
"Sosa, Lenyn",672820,2025,1.0989304812834224,1.359700805516252,1.0169177865955814,0.9072416598860862,0.7048863110279016,1.034246575342466,1.0241439427051038,0.9437751004016065,1.0388548057259714,1.1517857142857142,1.1666666666666667,0.7735294117647059,1.1666666666666667,1.0757894736842106,1.410344827586207
"Soto, Juan",665742,2018,1.1263440860215053,0.46072390244093236,1.0144143569155588,0.934264585045193,1.679622187222447,0.0,0.0,0.9139344262295083,1.1690821256038648,0.9551569506726457,1.3943661971830987,1.1944444444444444,1.4893617021276597,0.832618025751073,0.8092105263157896
"Soto, Juan",665742,2019,1.2077922077922079,0.9363600464930348,1.0295271421115602,0.9486963835155592,0.9992801123289572,0.0,0.0,0.96,1.311627906976744,1.107142857142857,1.576923076923077,0.903954802259887,1.4385964912280702,0.8641188959660298,0.8691588785046729
"Soto, Juan",665742,2021,1.168421052631579,0.4514676668935343,1.0462861379736745,0.9541734860883796,1.6846410155736395,0.0,0.0,0.7905138339920948,1.2034261241970021,0.9227272727272727,1.5595238095238095,1.1497175141242937,1.3333333333333335,0.7399577167019028,0.6020066889632107
"Soto, Juan",665742,2022,1.0975609756097562,0.7118178290772343,1.0267124148723308,0.9248366013071895,1.1592632719393283,0.0,0.0,0.7658730158730159,1.2056892778993435,0.8577981651376146,1.5897435897435899,1.11731843575419,1.4651162790697674,0.7421383647798743,0.8242811501597445
"Soto, Juan",665742,2023,1.1710526315789473,0.4901619906180528,1.0441124951182055,0.9513201320132013,1.4900136110181659,0.4206896551724138,1.0414428145672872,0.803921568627451,1.3070362473347548,0.8018018018018018,1.5783132530120483,1.096866096866097,1.6122448979591837,0.7531645569620252,0.8039215686274511
"Soto, Juan",665742,2024,1.3850267379679144,0.7584859046410645,1.0541681567207244,0.9522633744855967,1.0792635227725682,0.5646258503401361,1.0556210535475932,0.868,1.3744588744588744,1.0226244343891402,2.475,0.9482758620689656,1.9777777777777779,0.7740585774058578,0.8762541806020068
"Soto, Juan",665742,2025,1.3128342245989304,0.8621080497798069,1.0467246436822601,0.935720097640358,1.161033422748516,0.4383561643835617,1.0243198340393673,0.8995983935742973,1.2638036809815951,0.9330357142857141,2.022222222222222,0.9529411764705882,2.0208333333333335,0.7452631578947368,0.7793103448275863
"Souza, Steven",519306,2015,1.1022099447513813,1.2837982548618678,1.007106537871555,0.9409808811305072,0.972241496790003,0.0,0.0,1.4776785714285714,1.212041884816754,0.8177570093457944,1.7454545454545454,1.0209973753280839,1.7500000000000002,0.9829787234042554,0.8611111111111112
"Souza, Steven",519306,2016,1.1774193548387097,1.0860200348116102,1.0121458931670866,0.9458784346378019,0.8178000858410034,0.0,0.0,1.456896551724138,1.0699999999999998,1.1944444444444444,1.646153846153846,0.9701897018970189,1.3695652173913044,1.0665236051502147,0.8369905956112853
"Souza, Steven",519306,2017,1.178191489361702,0.9573916280950808,1.0125854600870192,0.9509001636661211,0.964088237430167,0.0,0.0,1.358649789029536,1.1282051282051282,1.0582959641255605,1.7727272727272727,0.9972826086956523,1.7058823529411764,0.9461206896551723,0.8448844884488449
"Span, Denard",452655,2015,1.0055248618784531,0.6296758994280508,0.9924921332170077,0.9060681629260183,1.4891157220535007,0.0,0.0,0.49107142857142855,0.9424083769633507,1.1355140186915889,0.49090909090909096,1.1338582677165354,0.575,0.8893617021276595,0.9320987654320988
"Span, Denard",452655,2016,0.9005376344086022,0.5507258887003599,0.9689620085443759,0.9059117402164862,1.4775198126666615,0.0,0.0,0.607758620689655,0.86,0.9768518518518516,0.4307692307692308,1.2466124661246614,0.47826086956521735,0.944206008583691,0.8746081504702194
"Span, Denard",452655,2017,0.9122340425531915,0.9183048089050482,0.9750103228327982,0.8878887070376432,1.144678079558765,0.0,0.0,0.5021097046413502,0.7461538461538461,1.0134529147982063,0.5,1.1032608695652175,0.5490196078431373,0.9461206896551723,0.8679867986798679
"Span, Denard",452655,2018,0.9435483870967741,1.0404054730482846,0.9827520385229653,0.8882497945768282,1.1292174535660424,0.0,0.0,0.6352459016393442,0.8478260869565216,0.9955156950672646,0.3802816901408451,0.9805555555555555,0.6382978723404255,0.924892703862661,0.8026315789473684
"Spangenberg, Cory",605486,2015,0.9668508287292817,0.3570672099014312,0.9806564428724502,0.9193682460515378,1.1606862465966417,0.0,0.0,1.0178571428571428,0.8848167539267017,1.0093457943925235,0.23636363636363636,1.1128608923884513,0.42500000000000004,0.9914893617021276,1.067901234567901
"Spangenberg, Cory",605486,2017,0.9813829787234042,0.8252148496289109,0.9819632212410887,0.8903436988543371,1.09442391996838,0.0,0.0,1.109704641350211,0.8230769230769232,1.0224215246636772,0.6818181818181818,1.1657608695652175,0.823529411764706,1.0538793103448274,1.0363036303630362
"Springer, George",543807,2015,1.207182320441989,0.82096714985857,1.0172210214177277,0.9492934330839569,1.162951736993382,0.0,0.0,1.4642857142857144,1.1282722513089005,1.149532710280374,1.7454545454545454,0.9816272965879265,1.425,0.9680851063829787,0.697530864197531
"Springer, George",543807,2016,1.1505376344086022,0.7413893395112426,1.008638359207413,0.965029142381349,1.1812667906592271,0.0,0.0,1.2025862068965516,1.065,1.0694444444444444,1.6153846153846154,1.056910569105691,1.347826086956522,1.01931330472103,0.8808777429467084
"Springer, George",543807,2017,1.1409574468085106,0.7705802251338055,1.0195827232969221,0.9378068739770867,1.2660106714064001,0.0,0.0,0.9831223628691984,1.2025641025641025,1.0358744394618835,1.424242424242424,1.0869565217391306,1.5294117647058825,0.9655172413793103,0.834983498349835
"Springer, George",543807,2018,1.0456989247311828,0.7472165713346898,1.0009836522083462,0.942481511914544,1.079904672140282,0.0,0.0,1.0,0.958937198067633,0.7982062780269058,1.2535211267605635,1.1944444444444444,1.1063829787234043,0.9506437768240342,0.8125
"Springer, George",543807,2019,1.218181818181818,0.8185831998759451,1.0123998064804092,0.9613120269133725,1.0411936515673075,0.0,0.0,1.072,1.144186046511628,0.9910714285714285,1.8717948717948718,1.0706214689265536,1.8771929824561402,0.932059447983015,0.7725856697819314
"Springer, George",543807,2021,1.144736842105263,1.4983652824823896,1.0070872428208617,0.9525368248772504,0.7313212325048558,0.0,0.0,1.0671936758893281,0.9892933618843683,1.1318181818181818,1.8333333333333333,0.8192090395480225,1.9607843137254903,0.9682875264270615,0.9197324414715721
"Springer, George",543807,2022,1.024390243902439,1.0993293918393705,1.0024035652678798,0.9281045751633986,0.9842928829927747,0.0,0.0,1.1190476190476188,1.037199124726477,0.9449541284403669,1.076923076923077,1.016759776536313,1.3953488372093024,1.069182389937107,0.8210862619808307
"Springer, George",543807,2023,0.9657894736842105,0.9436119507526983,0.9927480727623508,0.9562706270627063,1.076114833075583,1.1172413793103448,1.0132178945652592,0.8745098039215686,0.9701492537313433,1.0,0.9397590361445782,1.0284900284900287,0.8775510204081631,1.0421940928270041,0.7287581699346406
"Springer, George",543807,2024,0.9518716577540106,0.7035604768257919,0.9864555379237243,0.9102880658436213,1.275038474588456,0.7142857142857143,1.0004475190399584,1.012,0.9004329004329004,0.914027149321267,1.1625,1.2356321839080462,0.9777777777777776,1.0271966527196654,0.7759197324414717
"Springer, George",543807,2025,1.2433155080213905,1.2865928075355861,1.0082712762470782,0.9275834011391375,0.7929580379340773,0.7191780821917808,1.0241847595029823,1.0481927710843375,1.1063394683026586,1.138392857142857,1.788888888888889,0.8705882352941176,1.7083333333333337,0.9726315789473685,0.7448275862068967
"Stallings, Jacob",607732,2021,0.8894736842105264,0.8326806692228015,0.9896285734211689,0.8690671031096563,1.066390446062167,0.0,0.0,0.9209486166007905,0.8822269807280513,1.1227272727272728,0.5357142857142857,1.03954802259887,0.5294117647058825,0.8985200845665963,1.0
"Stallings, Jacob",607732,2022,0.8346883468834688,1.0273558349123153,0.9774434280766163,0.8946078431372548,0.9962647160487418,0.0,0.0,0.9007936507936508,0.7768052516411378,0.9357798165137614,0.43589743589743596,1.022346368715084,0.3488372093023256,0.9140461215932915,0.9648562300319489
"Stanton, Giancarlo",519317,2016,1.2204301075268817,1.180721576519344,1.0595658151127734,1.0,0.9248075532134739,0.0,0.0,1.5301724137931032,1.3625000000000003,1.0277777777777777,2.4,0.8482384823848239,2.130434782608696,0.9914163090128756,1.2288401253918495
"Stanton, Giancarlo",519317,2017,1.3191489361702127,0.9279237400724184,1.0512438133178514,1.0,1.2813043671652542,0.0,0.0,1.3375527426160339,1.3,0.968609865470852,2.636363636363636,0.9782608695652175,2.647058823529412,0.9245689655172412,1.0528052805280528
"Stanton, Giancarlo",519317,2018,1.2231182795698925,0.924183202944889,1.0581770700369173,1.0,1.2016863897623309,0.0,0.0,1.405737704918033,1.5483091787439613,0.852017937219731,2.140845070422535,1.0027777777777778,1.957446808510638,0.963519313304721,1.1973684210526316
"Stanton, Giancarlo",519317,2021,1.2131578947368422,0.8085175662948532,1.0707543140422384,1.0,1.2324898204615,0.0,0.0,1.2964426877470356,1.361884368308351,0.9681818181818183,1.8928571428571428,0.9858757062146892,1.9019607843137258,0.9344608879492602,1.153846153846154
"Stanton, Giancarlo",519317,2022,1.2574525745257454,0.8514107179111106,1.071822460391884,0.9787581699346405,1.4327001739940914,0.0,0.0,1.4563492063492065,1.273522975929978,0.8073394495412842,2.4102564102564106,1.005586592178771,2.5813953488372094,0.9035639412997905,1.0575079872204474
"Stanton, Giancarlo",519317,2023,1.1289473684210527,0.9803074725352432,1.0482253014338685,0.985973597359736,1.0713321004841359,1.0896551724137933,1.1362353344634695,1.3372549019607844,1.1257995735607678,0.7972972972972973,1.8915662650602407,1.0227920227920229,1.9795918367346939,0.8966244725738397,1.1209150326797388
"Stanton, Giancarlo",519317,2024,1.3128342245989304,1.0909057167883478,1.0668411837878433,0.9876543209876543,0.9811043714123009,1.1768707482993197,1.1449096444814988,1.372,1.3917748917748916,0.9638009049773756,2.5749999999999997,0.9080459770114944,2.1333333333333333,0.9790794979079499,1.1438127090301005
"Stassi, Max",545358,2022,0.8861788617886179,0.7506780829404632,1.0011862623540677,0.8782679738562091,1.2879154860127233,0.0,0.0,1.3531746031746033,0.9496717724288839,0.6009174311926606,1.217948717948718,1.2122905027932962,0.9534883720930234,0.9224318658280923,0.7507987220447284
"Steer, Spencer",668715,2023,0.9789473684210526,1.2320266013244532,0.9989381480770994,0.9125412541254124,0.8316920253758422,1.2482758620689656,1.0054790518303935,0.9490196078431372,0.9722814498933903,1.0135135135135136,0.8072289156626505,0.8774928774928776,1.0612244897959184,0.9240506329113923,0.8725490196078433
"Steer, Spencer",668715,2024,0.9491978609625668,1.292326668327744,0.9914592264936398,0.8888888888888888,0.837488764412803,1.6938775510204083,1.0087848134556072,0.924,1.0454545454545454,0.9502262443438914,0.8,0.9425287356321841,1.0222222222222221,0.9330543933054394,0.94314381270903
"Steer, Spencer",668715,2025,0.8903743315508021,1.3809625565534922,0.974280458369643,0.8812042310821806,0.6929309801081611,1.178082191780822,0.9867386015049091,1.0120481927710843,0.8200408997955011,0.8616071428571428,0.8555555555555556,0.8147058823529413,1.1458333333333335,1.0105263157894737,0.8137931034482759
"Stephenson, Tyler",663886,2021,0.9263157894736841,0.5837008240934897,0.9953407289468174,0.8723404255319148,1.3721182968536525,0.0,0.0,0.758893280632411,0.8950749464668093,1.1363636363636365,0.6428571428571429,1.1186440677966103,0.7058823529411764,0.8541226215644822,0.8963210702341138
"Stephenson, Tyler",663886,2023,1.013157894736842,0.7035129039845038,1.0048629454657656,0.9166666666666666,1.299777916028547,0.6,0.9849470944223497,1.1176470588235292,1.0426439232409381,1.0675675675675675,0.9156626506024095,1.0740740740740744,0.8163265306122448,0.8966244725738397,0.9444444444444444
"Stephenson, Tyler",663886,2024,1.0106951871657754,0.8217125684564305,1.0172787365598213,0.9135802469135802,1.146146912239487,0.7346938775510204,0.9964984275309963,0.9079999999999999,1.025974025974026,0.9411764705882353,1.1375,1.0660919540229887,1.2444444444444445,0.9058577405857741,0.9331103678929767
"Stewart, Christin",621514,2019,1.012987012987013,1.4717645052352437,0.978488220117571,0.9419680403700589,0.5775697715772463,0.0,0.0,1.132,0.9395348837209304,1.0982142857142856,0.9487179487179487,0.7881355932203391,0.6491228070175438,1.0339702760084926,1.0591900311526479
"Story, Trevor",596115,2016,1.3897849462365592,1.5256901477781522,1.027278374031311,0.9350541215653623,0.4724249110842823,0.0,0.0,1.2672413793103445,1.225,1.2175925925925926,2.153846153846154,0.6016260162601627,2.4130434782608696,0.9892703862660944,0.9843260188087773
"Story, Trevor",596115,2017,1.122340425531915,1.6019529368100682,1.020561436420878,0.9009819967266776,0.5488752182212241,0.0,0.0,1.3248945147679325,1.0974358974358973,1.0762331838565022,1.5909090909090908,0.6956521739130436,1.5098039215686276,1.0387931034482756,0.9042904290429044
"Story, Trevor",596115,2018,1.228494623655914,1.260802970170835,1.0274783419628424,0.924404272801972,0.6636429187792368,0.0,0.0,1.0163934426229508,1.2922705314009661,1.1210762331838564,1.7887323943661972,0.7472222222222222,1.829787234042553,1.0772532188841202,0.9539473684210525
"Story, Trevor",596115,2019,1.1116883116883116,1.3503497765757193,1.0246532701447792,0.9402859545836837,0.7100272442753248,0.0,0.0,1.06,1.244186046511628,1.1249999999999998,1.1025641025641026,0.7655367231638419,1.4736842105263157,1.0191082802547773,0.9844236760124611
"Story, Trevor",596115,2021,1.0421052631578949,1.3729683058354119,1.019669664416586,0.9083469721767594,0.8607511325317418,0.0,0.0,1.0869565217391306,1.0299785867237687,1.059090909090909,1.1904761904761905,0.8531073446327684,1.196078431372549,1.0739957716701902,1.060200668896321
"Story, Trevor",596115,2022,1.119241192411924,1.4139049035910949,1.0052723398986563,0.9264705882352942,0.7557870259680111,0.0,0.0,1.2261904761904763,1.0021881838074398,1.0596330275229358,1.448717948717949,0.8212290502793297,1.558139534883721,1.0440251572327044,1.134185303514377
"Story, Trevor",596115,2025,1.0748663101604279,1.106696958627616,1.023283381706327,0.9088689991863304,1.081416312205414,1.2191780821917808,0.9960468578032671,1.180722891566265,1.116564417177914,1.0089285714285714,1.077777777777778,0.888235294117647,1.2083333333333335,1.145263157894737,1.0793103448275863
"Stott, Bryson",681082,2022,0.8699186991869919,1.0330418539204553,0.9907435622988602,0.8856209150326797,1.1974807424428227,0.0,0.0,0.6865079365079364,0.8730853391684902,0.8807339449541284,0.5641025641025641,1.0502793296089388,0.6976744186046512,0.9392033542976941,0.9744408945686901
"Stott, Bryson",681082,2023,0.8921052631578947,0.7592703511532796,0.9860636312982813,0.8910891089108911,1.1042238754989995,0.6344827586206897,0.9520234066587434,0.6,0.8166311300639658,1.0360360360360361,0.5662650602409638,1.0911680911680912,0.6326530612244897,0.9430379746835444,1.0228758169934642
"Stott, Bryson",681082,2024,0.8823529411764707,1.0337587288240357,0.9779740923984998,0.9037037037037037,1.017987994397726,0.7755102040816327,0.9599408140620433,0.68,0.7467532467532467,1.0,0.44999999999999996,0.9568965517241381,0.5777777777777778,0.9184100418410042,1.0668896321070236
"Stott, Bryson",681082,2025,0.8877005347593583,1.1027318844613012,0.9757444967633968,0.9007323026851098,0.8309924340375323,0.7397260273972603,0.9612711904242555,0.6706827309236948,0.721881390593047,0.9330357142857141,0.5666666666666667,1.038235294117647,0.6666666666666667,0.8484210526315791,0.9448275862068968
"Stowers, Kyle",669065,2025,1.302139037433155,1.0438415555857814,1.020191430688324,0.9251423921887714,0.8131617580576851,0.6917808219178083,1.0513264712042614,1.3052208835341366,1.2801635991820042,1.1875,2.1222222222222222,0.8794117647058823,1.875,1.1347368421052633,0.8758620689655173
"Strange-Gordon, Dee",543829,2015,0.8729281767955801,0.1699215281025475,0.9535669086136965,0.8886118038237739,2.0011831837873135,0.0,0.0,0.6428571428571427,0.46596858638743455,0.9766355140186916,0.19999999999999998,1.3385826771653542,0.2,1.0872340425531914,1.0709876543209875
"Strange-Gordon, Dee",543829,2016,0.6612903225806451,0.23878507458817266,0.9264929036474052,0.8451290591174022,1.6117398716946547,0.0,0.0,0.7327586206896551,0.3775,0.699074074074074,0.0,1.4390243902439026,0.08695652173913045,1.05793991416309,1.0783699059561127
"Strange-Gordon, Dee",543829,2017,0.7819148936170213,0.19363448332358413,0.932811997437825,0.8518821603927986,1.8816028967500174,0.0,0.0,0.6160337552742616,0.31025641025641026,0.937219730941704,0.030303030303030304,1.4239130434782612,0.07843137254901962,1.1487068965517242,1.00990099009901
"Strange-Gordon, Dee",543829,2018,0.8118279569892473,0.46266837144779277,0.9371670877682887,0.8603122432210354,1.62750166123901,0.0,0.0,0.6434426229508197,0.31884057971014496,0.9730941704035874,0.028169014084507046,1.3583333333333334,0.1702127659574468,1.1630901287553648,1.118421052631579
"Strange-Gordon, Dee",543829,2019,0.748051948051948,0.4483578414965659,0.9463860685198051,0.8620689655172413,1.8288711489794125,0.0,0.0,0.64,0.45348837209302323,0.9107142857142856,0.0,1.347457627118644,0.15789473684210525,1.1656050955414015,0.9376947040498441
"Straw, Myles",664702,2021,0.8605263157894737,0.9412694310907381,0.9742829396129026,0.8985270049099836,0.9595668409772272,0.0,0.0,0.5375494071146245,0.5717344753747323,1.2272727272727273,0.15476190476190477,1.0480225988700567,0.1764705882352941,0.849894291754757,0.7591973244147158
"Straw, Myles",664702,2022,0.7723577235772358,0.7698588557125781,0.9814550930392556,0.8562091503267973,1.057497461208187,0.0,0.0,0.503968253968254,0.5973741794310722,1.0,0.08974358974358976,1.122905027932961,0.0,0.8448637316561847,0.7092651757188498
"Straw, Myles",664702,2023,0.7736842105263158,0.7478959810342887,0.9625288094436272,0.8762376237623762,1.2263933255542079,0.6137931034482759,0.920771589584413,0.5607843137254902,0.5223880597014926,1.0315315315315317,0.06024096385542168,1.1282051282051284,0.06122448979591836,0.9240506329113923,0.7875816993464052
"Straw, Myles",664702,2025,0.8556149732620321,1.0738463184473748,0.9663170120341015,0.8649308380797396,0.767653824683814,0.8424657534246576,0.9340126366552669,0.7269076305220883,0.6441717791411044,1.1116071428571428,0.4666666666666667,0.9529411764705882,0.3958333333333333,0.9726315789473685,0.917241379310345
"Suarez, Eugenio",553993,2015,0.9475138121546962,1.3332068889465245,1.0026485056920493,0.912718204488778,0.6575316175301171,0.0,0.0,1.138392857142857,1.0,1.0186915887850467,0.9818181818181819,0.8897637795275591,1.15,0.9638297872340427,0.7777777777777778
"Suarez, Eugenio",553993,2016,0.9838709677419355,1.352930432094843,0.9776644362366552,0.9059117402164862,0.7037517795228583,0.0,0.0,1.0689655172413792,0.805,1.134259259259259,0.9692307692307692,0.899728997289973,1.108695652173913,0.9313304721030042,0.9404388714733541
"Suarez, Eugenio",553993,2017,1.071808510638298,1.2172581775336322,0.9842381386125792,0.8903436988543371,0.7742863107259288,0.0,0.0,1.0337552742616034,0.8794871794871796,1.2062780269058297,1.0454545454545454,0.9103260869565218,1.2941176470588238,0.9094827586206895,0.8679867986798679
"Suarez, Eugenio",553993,2018,1.2231182795698925,1.1642323500671028,1.0298776085556773,0.9268693508627773,0.681230187443332,0.0,0.0,1.0532786885245902,1.2198067632850242,1.147982062780269,1.3661971830985917,0.8472222222222222,1.8510638297872337,0.9592274678111589,0.8092105263157896
"Suarez, Eugenio",553993,2019,1.2,1.368746195801492,1.0054023374622705,0.9444911690496215,0.6286118134462485,0.0,0.0,1.16,1.069767441860465,0.9151785714285714,1.7948717948717952,0.8361581920903954,2.1929824561403506,0.9447983014861997,0.8847352024922117
"Suarez, Eugenio",553993,2021,1.0921052631578947,1.4397790469994727,1.0029540353625255,0.9157119476268413,0.606226811155341,0.0,0.0,1.1660079051383399,1.0299785867237687,0.859090909090909,1.7857142857142856,0.9322033898305085,1.7843137254901962,0.9027484143763214,0.959866220735786
"Suarez, Eugenio",553993,2022,1.2303523035230353,1.5809638237191368,1.014129088064571,0.9101307189542484,0.4981323580243709,0.0,0.0,1.3134920634920635,1.0722100656455142,0.9954128440366972,1.8589743589743588,0.7877094972067038,2.0465116279069764,0.8763102725366877,0.8466453674121406
"Suarez, Eugenio",553993,2023,1.0973684210526315,1.4768934992804883,1.0152766947829743,0.9166666666666666,0.6101935007105296,0.7724137931034484,1.005540659255499,1.2862745098039217,1.0319829424307037,1.1756756756756759,1.5903614457831325,0.7150997150997153,1.1428571428571428,0.9430379746835444,0.8692810457516341
"Suarez, Eugenio",553993,2024,1.1550802139037433,1.4541209614318336,1.004466582991324,0.9168724279835392,0.586269685356131,0.9523809523809526,1.0075018181110997,1.164,1.0714285714285714,1.1312217194570136,1.425,0.7241379310344828,1.6444444444444444,0.9874476987447699,0.9464882943143812
"Suarez, Eugenio",553993,2025,1.1176470588235294,1.6275603245548145,1.010272085347858,0.9259560618388933,0.518861361916739,1.3287671232876714,1.0088619434984214,1.3373493975903616,1.1615541922290389,0.8616071428571428,1.5666666666666664,0.7764705882352941,2.5208333333333335,1.063157894736842,1.0551724137931036
"Suwinski, Jack",669261,2022,1.0921409214092141,1.1343282470880347,0.9971355781587986,0.9183006535947712,0.8207732588826847,0.0,0.0,1.2142857142857142,1.1816192560175054,0.6880733944954128,1.564102564102564,0.9581005586592181,2.0697674418604652,0.9035639412997905,0.8913738019169329
"Suwinski, Jack",669261,2023,1.1973684210526316,1.7377463577157921,1.0134864226569251,0.9463696369636964,0.44544861020129856,1.2551724137931035,1.0316008404066896,1.184313725490196,1.1961620469083158,0.9504504504504504,1.855421686746988,0.6923076923076924,1.816326530612245,0.820675105485232,0.7908496732026145
"Suzuki, Ichiro",400085,2015,0.7099447513812155,0.2887029519828902,0.9428704718966037,0.8886118038237739,1.7028936148831664,0.0,0.0,0.4553571428571428,0.3821989528795811,0.8925233644859815,0.10909090909090909,1.4540682414698163,0.075,0.9170212765957447,0.8919753086419753
"Suzuki, Ichiro",400085,2016,0.7983870967741935,0.6095965481574785,0.948933510164386,0.8784346378018318,1.4583948899236259,0.0,0.0,0.6939655172413793,0.5325,1.2083333333333333,0.1076923076923077,1.3306233062330624,0.06521739130434782,0.9356223175965666,0.9059561128526644
"Suzuki, Kurt",435559,2015,0.8176795580110497,1.2364661116146176,0.9933315083510706,0.8794679966749792,1.0554185284357747,0.0,0.0,0.6339285714285713,0.8664921465968586,1.0280373831775702,0.19999999999999998,0.958005249343832,0.325,0.974468085106383,0.7993827160493828
"Suzuki, Kurt",435559,2016,0.8010752688172043,1.2849469749348783,0.9843818064479266,0.8850957535387177,0.8472020904097867,0.0,0.0,0.689655172413793,0.9125,0.8935185185185185,0.4153846153846154,0.8915989159891599,0.5869565217391305,1.0300429184549356,0.9028213166144199
"Suzuki, Kurt",435559,2017,0.9335106382978723,1.538050077448196,0.9964780880701795,0.8780687397708674,0.7088674168814935,0.0,0.0,0.7341772151898733,1.0846153846153845,0.9955156950672646,1.106060606060606,0.7907608695652174,1.5882352941176472,1.1379310344827587,1.2574257425742574
"Suzuki, Kurt",435559,2018,0.8897849462365592,1.4451505471509245,0.9853629963342225,0.8709942481511914,0.7574019505625895,0.0,0.0,0.6885245901639345,0.9371980676328504,1.0179372197309415,0.5492957746478874,0.7472222222222222,0.8297872340425532,1.143776824034335,1.055921052631579
"Suzuki, Kurt",435559,2019,0.9116883116883117,1.4578113792807725,0.9677993002512341,0.9024390243902438,0.6761838657566646,0.0,0.0,0.748,0.9418604651162791,1.1205357142857142,0.8333333333333334,0.7881355932203391,1.2105263157894737,1.101910828025478,0.8971962616822429
"Suzuki, Seiya",673548,2022,1.0704607046070462,0.9214940467007026,1.0124011256320837,0.9093137254901961,1.0074958169591055,0.0,0.0,0.9126984126984127,0.9978118161925601,1.1743119266055047,1.3974358974358976,0.9497206703910616,1.069767441860465,0.819706498951782,0.8626198083067093
"Suzuki, Seiya",673548,2023,1.1157894736842104,0.8429827320526496,1.0273357841013568,0.9455445544554455,1.1211615005066538,1.110344827586207,1.0151158076847424,0.8313725490196078,1.095948827292111,1.1081081081081081,1.2289156626506021,0.9629629629629632,1.0,0.8628691983122363,0.7614379084967321
"Suzuki, Seiya",673548,2024,1.179144385026738,1.2329053427897188,1.0339992487827618,0.9506172839506173,0.6829499306060829,1.0476190476190477,1.0343550647815212,0.9840000000000001,1.1515151515151516,1.0723981900452488,1.4375,0.7126436781609197,1.311111111111111,0.8284518828451883,0.8963210702341138
"Suzuki, Seiya",673548,2025,1.1550802139037433,1.3330888830096208,1.0223065140768892,0.9454841334418226,0.5823080250768504,1.3972602739726028,1.0303905319857678,0.9638554216867471,1.112474437627812,1.138392857142857,1.8555555555555554,0.75,1.625,0.8568421052631578,0.8344827586206898
"Swanson, Dansby",621020,2017,0.8989361702127661,0.6916591424750593,0.9923753734392194,0.8805237315875613,1.2789186428481492,0.0,0.0,1.0084388185654007,0.9538461538461539,0.9506726457399103,0.45454545454545453,1.1358695652173914,0.3137254901960785,0.9590517241379309,0.9636963696369637
"Swanson, Dansby",621020,2018,0.9166666666666667,1.0914974277741392,0.9886831411447481,0.8915365653245686,0.9972459015740762,0.0,0.0,1.040983606557377,1.028985507246377,0.9730941704035874,0.591549295774648,1.0277777777777777,0.8297872340425532,1.0708154506437768,1.0328947368421053
"Swanson, Dansby",621020,2019,1.0857142857142856,1.1179167501179286,1.0113742325455914,0.911690496215307,0.7575805282237182,0.0,0.0,1.1,1.0325581395348837,0.9955357142857142,1.3076923076923077,0.8333333333333334,0.8245614035087719,0.9723991507431,0.8691588785046729
"Swanson, Dansby",621020,2021,1.0842105263157893,1.1175628365162125,1.0027666302703284,0.8968903436988542,0.8343962616001941,0.0,0.0,1.2134387351778655,1.0021413276231264,1.0545454545454547,1.3809523809523812,0.92090395480226,1.254901960784314,1.0147991543340382,0.8494983277591973
"Swanson, Dansby",621020,2022,1.1842818428184283,1.2578489939676023,1.0189997584335169,0.8954248366013071,0.7709390755462684,0.0,0.0,1.2222222222222223,1.1225382932166301,1.1009174311926606,1.3974358974358976,0.7988826815642458,1.2790697674418605,1.0356394129979036,0.8498402555910544
"Swanson, Dansby",621020,2023,1.0842105263157893,1.0134485035253695,1.004242964628663,0.9001650165016502,0.9963388534502463,0.7448275862068966,1.0059581416506491,1.1254901960784314,0.955223880597015,0.981981981981982,1.3132530120481927,1.0142450142450143,1.0816326530612244,1.0,0.823529411764706
"Swanson, Dansby",621020,2024,1.0508021390374331,0.7697764364908024,1.007506049231551,0.9037037037037037,1.2457443663327241,0.5578231292517007,1.0062365950327203,1.152,1.0043290043290043,0.9683257918552035,1.15,1.135057471264368,0.9111111111111112,1.0209205020920502,0.7759197324414717
"Swanson, Dansby",621020,2025,1.1844919786096257,0.9817794806646546,1.0105032808918988,0.8893409275834011,1.001786405598258,0.6575342465753425,0.9853360243002522,1.2329317269076305,1.112474437627812,1.0624999999999998,1.311111111111111,0.9411764705882353,1.1666666666666667,1.0589473684210526,0.8344827586206898
"Sweeney, Trey",700242,2025,0.7994652406417112,0.8953569574768988,0.9841287778673354,0.9015459723352318,1.0383922223649835,1.1917808219178083,1.0270160120386194,1.1365461847389557,0.8404907975460122,0.8214285714285713,0.7555555555555556,0.9941176470588237,0.6041666666666667,1.0673684210526317,0.913793103448276
"Swihart, Blake",596119,2015,0.9972375690607734,0.8929180914324082,0.9795946285472806,0.9243557772236077,1.0750542219880683,0.0,0.0,1.0,0.7329842931937173,1.1074766355140186,0.5090909090909091,1.0078740157480315,0.6,1.0,1.0462962962962965
"Tapia, Raimel",606132,2019,0.9012987012987013,0.5696533989410916,0.9841651074426795,0.9007569386038687,1.219565134113207,0.0,0.0,1.076,0.8023255813953488,0.9732142857142857,0.47435897435897434,1.2598870056497176,0.4912280701754386,1.2462845010615713,1.1651090342679127
"Tapia, Raimel",606132,2021,0.7473684210526315,-0.36020984749500695,0.9633168492652419,0.8993453355155483,2.871647578415144,0.0,0.0,0.5849802371541502,0.8115631691648821,0.6181818181818183,0.25,1.7429378531073447,0.27450980392156865,1.080338266384778,1.0635451505016724
"Tapia, Raimel",606132,2022,0.924119241192412,0.3373918136490597,0.9903929913454869,0.9125816993464052,1.4778610282200133,0.0,0.0,0.8650793650793651,0.9540481400437636,0.8761467889908258,0.6666666666666667,1.251396648044693,0.48837209302325585,1.157232704402516,1.2907348242811503
"Tatis, Fernando",665487,2019,1.2025974025974027,0.5485201897331969,1.011074897574395,0.9747687132043734,1.0720728283681757,0.0,0.0,1.412,1.1162790697674418,0.8660714285714286,1.6923076923076925,1.0819209039548021,1.7017543859649125,1.0127388535031847,1.099688473520249
"Tatis, Fernando",665487,2021,1.4342105263157896,1.0670582833988593,1.0549853369901754,0.9541734860883796,0.918209283677625,0.0,0.0,1.375494071146245,1.3918629550321198,0.9545454545454546,2.5357142857142856,0.9096045197740115,2.509803921568628,1.0866807610993658,1.05685618729097
"Tatis, Fernando",665487,2023,1.1552631578947368,0.8615159485070563,1.032620666831943,0.9356435643564357,1.3303354654363444,0.6482758620689656,1.0242827849988465,1.203921568627451,1.204690831556503,0.7972972972972973,1.3012048192771084,1.0056980056980058,1.183673469387755,1.1413502109704643,1.0359477124183007
"Tatis, Fernando",665487,2024,1.2727272727272727,0.754057259301197,1.0541112772544992,0.9604938271604938,1.2855132404710412,0.653061224489796,1.047599929557665,1.128,1.2748917748917747,1.0769230769230766,1.825,1.0,1.5555555555555558,1.0732217573221758,0.9197324414715721
"Tatis, Fernando",665487,2025,1.1016042780748663,0.6979468730283109,1.0430601257564456,0.9227013832384052,1.3070135935603067,0.5616438356164384,1.0295716593927469,1.0883534136546187,1.1472392638036812,0.7946428571428571,1.2111111111111112,1.1411764705882355,1.1250000000000002,0.9621052631578948,0.9793103448275863
"Tauchman, Mike",643565,2023,1.0052631578947369,0.6013637842417558,0.9971380281456341,0.9026402640264026,1.2670562342264298,0.5862068965517242,0.9613908365964993,0.9686274509803922,0.955223880597015,1.1531531531531531,0.6746987951807228,1.1396011396011398,0.6530612244897959,0.8776371308016878,0.7287581699346406
"Tauchman, Mike",643565,2024,0.9411764705882353,1.1511382197358204,1.0037770993768436,0.9078189300411522,0.7924304538330122,0.7959183673469389,0.9755700288241631,0.904,1.0021645021645023,0.9547511312217193,0.9375,0.8994252873563219,0.6888888888888889,0.9665271966527198,0.8361204013377926
"Tauchman, Mike",643565,2025,0.9625668449197861,1.2180412312090843,0.9966399028465832,0.903986981285598,0.7364483846560166,1.4657534246575343,0.9719302520829726,0.9759036144578314,0.9038854805725972,1.1294642857142856,0.7555555555555556,0.8970588235294118,0.75,0.9831578947368421,0.8275862068965518
"Taveras, Leody",665750,2022,0.894308943089431,0.8933741011427512,0.9877989110045293,0.9223856209150327,1.2551718719615526,0.0,0.0,1.1468253968253967,0.8687089715536105,0.8807339449541284,0.5641025641025641,1.0111731843575418,0.5116279069767441,1.0167714884696017,1.063897763578275
"Taveras, Leody",665750,2023,0.9947368421052631,0.7861715194614559,1.0131728572446792,0.9257425742574258,1.2019823566407377,1.2275862068965517,1.0076905347766105,0.9647058823529412,1.019189765458422,1.1306306306306306,0.8795180722891566,1.0541310541310542,0.7142857142857143,1.0379746835443038,0.9379084967320261
"Taveras, Leody",665750,2024,0.9251336898395721,1.0778677195552893,0.9983726270520511,0.9061728395061728,1.0087242007176656,1.1156462585034015,0.993508579978802,1.056,0.8268398268398268,0.9502262443438914,0.7374999999999999,0.9339080459770116,0.7111111111111111,1.0146443514644352,1.0100334448160535
"Taylor, Chris",621035,2017,1.127659574468085,1.0078132766314998,0.9950243478796297,0.9009819967266776,0.8369557226042109,0.0,0.0,1.0675105485232068,0.994871794871795,1.1524663677130045,1.227272727272727,0.9510869565217392,1.1176470588235294,0.9849137931034482,0.7788778877887788
"Taylor, Chris",621035,2018,1.1155913978494623,1.2962547888221667,1.0027831327974768,0.9161873459326212,0.7123378918552814,0.0,0.0,1.2991803278688525,1.038647342995169,1.2914798206278024,1.1971830985915493,0.8138888888888888,0.978723404255319,1.0150214592274678,0.7861842105263158
"Taylor, Chris",621035,2019,0.974025974025974,1.047026274390808,0.9632379762342684,0.9108494533221193,0.8185574632514042,0.0,0.0,1.276,0.8976744186046512,1.2276785714285714,0.7179487179487181,0.9915254237288135,0.7719298245614034,1.048832271762208,0.8255451713395638
"Taylor, Chris",621035,2021,1.0973684210526315,1.3044210045706273,0.9859225314268196,0.9058919803600655,0.7560651839805841,0.0,0.0,1.2964426877470356,0.8758029978586723,1.05,1.2142857142857142,0.884180790960452,1.1372549019607845,0.9619450317124736,0.7458193979933111
"Taylor, Chris",621035,2022,1.051490514905149,1.583940406924441,0.981799300696543,0.886437908496732,0.5922323237081351,0.0,0.0,1.5912698412698414,1.0087527352297592,1.1972477064220184,1.3333333333333335,0.7430167597765364,0.9534883720930234,1.0503144654088052,0.7156549520766774
"Taylor, Chris",621035,2023,1.0921052631578947,1.6572637766297527,0.9663253363171346,0.9141914191419142,0.46022012767276255,0.6482758620689656,0.9856898333068105,1.4039215686274509,0.8976545842217485,1.1801801801801803,1.180722891566265,0.8376068376068377,1.4285714285714286,1.0042194092827004,0.7320261437908498
"Taylor, Michael A.",572191,2015,1.1160220994475138,0.8832535010025815,1.0035047188454085,0.9368246051537823,1.089064953703201,0.0,0.0,1.5089285714285714,0.9607329842931938,1.1401869158878504,1.1454545454545455,0.9212598425196848,1.0999999999999999,1.123404255319149,0.9351851851851852
"Taylor, Michael A.",572191,2017,1.1329787234042552,1.0458857248888038,0.9998498079676387,0.9222585924713584,0.8994642801262094,0.0,0.0,1.4261603375527427,1.1435897435897435,1.147982062780269,1.5303030303030305,0.9266304347826088,1.4509803921568627,1.0624999999999998,1.0066006600660067
"Taylor, Michael A.",572191,2018,0.9489247311827956,0.6408100285772257,0.999190887567371,0.9104354971240756,1.3544602966975672,0.0,0.0,1.3155737704918034,0.927536231884058,0.811659192825112,0.8873239436619719,1.172222222222222,0.5319148936170213,1.094420600858369,0.9210526315789476
"Taylor, Michael A.",572191,2021,1.0078947368421052,0.9589905564798925,1.0009839730051102,0.9124386252045826,0.9794085774093313,0.0,0.0,1.2411067193675889,0.987152034261242,0.9409090909090909,0.7976190476190476,1.0621468926553672,0.6862745098039217,1.0887949260042284,1.0133779264214047
"Taylor, Michael A.",572191,2022,0.9512195121951219,0.970843252708662,0.961244638762377,0.8937908496732027,0.8102140779173459,0.0,0.0,1.1746031746031746,0.8161925601750546,0.8348623853211009,0.8717948717948719,1.0251396648044695,0.6744186046511629,1.0712788259958073,1.0191693290734825
"Taylor, Michael A.",572191,2023,1.1289473684210527,0.8890665616867606,0.9672025022583549,0.943069306930693,0.9447201249723742,1.1793103448275863,1.0220580574558706,1.3529411764705883,0.9424307036247336,0.9459459459459459,1.614457831325301,1.0940170940170941,1.816326530612245,1.021097046413502,1.084967320261438
"Taylor, Tyrone",621438,2022,1.043360433604336,1.327824615602326,0.9923160565584995,0.8929738562091503,0.6438262425483248,0.0,0.0,1.0555555555555556,0.9890590809628009,0.9266055045871561,1.2692307692307694,0.9441340782122907,1.4418604651162792,1.0670859538784068,0.9936102236421726
"Taylor, Tyrone",621438,2024,0.9812834224598931,1.2574566181793172,0.976052679868684,0.9111111111111111,1.0205915442555205,1.3537414965986396,0.984469996621296,0.888,1.0194805194805192,1.1221719457013575,0.8375,0.9051724137931035,0.5555555555555556,1.0334728033472804,1.0869565217391304
"Taylor, Tyrone",621438,2025,0.9331550802139037,1.447159139279139,0.9676137957222272,0.8909682668836452,0.8134407157791457,1.8630136986301373,0.9826110382756938,0.9236947791164659,0.8875255623721882,1.2142857142857142,0.4222222222222222,0.8647058823529411,0.1875,1.0294736842105263,0.993103448275862
"Teixeira, Mark",407893,2015,1.143646408839779,1.4129563631800368,1.0141171602629635,0.9243557772236077,0.6376183661446474,0.0,0.0,1.0044642857142856,1.2748691099476437,0.8364485981308412,1.6909090909090911,0.8083989501312335,2.475,0.9212765957446808,0.8796296296296295
"Teixeira, Mark",407893,2016,0.9677419354838709,1.0798396919910336,0.9971284511986326,0.9125728559533722,0.8259985829421663,0.0,0.0,1.0,1.1,0.9444444444444443,1.1384615384615384,1.067750677506775,1.1521739130434783,0.9163090128755363,0.9905956112852664
"Tejada, Ruben",514913,2015,0.9696132596685083,1.1076445777743502,0.9607831426668852,0.8636741479634248,0.8538381584159204,0.0,0.0,0.9374999999999999,0.6544502617801047,1.2009345794392523,0.43636363636363634,0.8976377952755906,0.25,1.0808510638297872,0.8487654320987655
"Tellez, Rowdy",642133,2019,1.1428571428571428,1.094343848718747,1.0221531879549666,0.9688814129520605,0.9394500258933196,0.0,0.0,1.256,1.0767441860465117,1.138392857142857,1.7051282051282053,0.8418079096045197,1.4385964912280702,1.0403397027600851,1.305295950155763
"Tellez, Rowdy",642133,2021,1.0315789473684212,1.0500982029918224,1.0368400049803277,0.939443535188216,1.223145453195256,0.0,0.0,0.9209486166007905,1.1627408993576018,1.0181818181818183,1.3333333333333335,0.9011299435028249,0.8431372549019608,1.0274841437632136,1.234113712374582
"Tellez, Rowdy",642133,2022,1.0975609756097562,1.2299030813617298,1.0293181628280959,0.9550653594771242,0.9194941415185959,0.0,0.0,0.9563492063492063,1.1269146608315097,0.9174311926605504,1.6410256410256412,0.893854748603352,1.9534883720930234,0.9098532494758911,1.035143769968051
"Tellez, Rowdy",642133,2023,0.95,1.1935578603799661,1.0102722330053466,0.9471947194719471,0.7815455487138367,1.8137931034482762,1.0561087995135934,0.8627450980392157,0.9872068230277187,1.0045045045045045,1.0481927710843373,0.8575498575498576,1.163265306122449,0.8122362869198313,1.0294117647058825
"Tellez, Rowdy",642133,2024,0.9438502673796791,1.2761327646061729,1.0076977738157018,0.9506172839506173,1.049953800985094,1.7278911564625852,1.043445309899946,0.8759999999999999,0.8896103896103894,1.0,1.0,0.8735632183908046,0.9555555555555555,0.9058577405857741,1.0501672240802675
"Tellez, Rowdy",642133,2025,1.1363636363636362,1.1085915427542383,1.0215310611959532,0.920260374288039,0.9279249646665809,1.6506849315068495,1.044796333555545,1.1325301204819276,1.1697341513292434,1.0714285714285714,1.7111111111111112,0.9617647058823531,1.7083333333333337,0.9452631578947368,1.1517241379310346
"Thames, Eric",519346,2017,1.1595744680851063,1.0578795523470113,1.007893757926816,0.9165302782324058,0.6393145654939276,0.0,0.0,1.3291139240506329,1.11025641025641,1.0,1.6818181818181817,0.8451086956521741,2.0,0.9288793103448275,1.0
"Thames, Eric",519346,2019,1.0909090909090908,1.4668896705949828,1.0229453486656352,0.9293523969722456,0.567317053738597,0.0,0.0,1.304,1.2046511627906977,1.0491071428571428,1.1794871794871795,0.675141242937853,1.6842105263157894,1.0021231422505308,1.0529595015576325
"Thomas, Alek",677950,2022,0.8373983739837398,0.2723028169396568,0.9862010856810586,0.9093137254901961,2.3700139694180864,0.0,0.0,0.9960317460317462,0.8008752735229759,0.8302752293577981,0.4615384615384615,1.3910614525139664,0.6046511627906977,1.029350104821803,1.0447284345047925
"Thomas, Alek",677950,2023,0.9105263157894736,0.15052856916986856,0.9967444559829542,0.915016501650165,2.0117236109090992,0.6344827586206897,0.9740304372827558,0.988235294117647,0.9744136460554372,0.9279279279279279,0.6265060240963856,1.361823361823362,0.6326530612244897,1.0337552742616034,1.081699346405229
"Thomas, Alek",677950,2025,0.9866310160427807,0.3015311833981879,1.0037847978803058,0.8999186330349878,1.7054594170981436,0.46575342465753433,0.9918134926972897,1.1686746987951806,0.8977505112474438,0.7812499999999999,0.8888888888888888,1.2823529411764707,0.6041666666666667,1.1031578947368421,1.0862068965517242
"Thomas, Lane",657041,2022,0.9376693766937669,0.9974154806242699,0.9755443442168323,0.8995098039215685,1.1340066841013123,0.0,0.0,0.8373015873015872,0.9080962800875273,0.8669724770642201,0.8333333333333334,1.0614525139664805,1.069767441860465,0.9245283018867926,0.9233226837060702
"Thomas, Lane",657041,2023,1.0578947368421052,0.845605832649698,0.9953173640723196,0.9191419141914192,1.1728267205300014,0.9724137931034482,0.9939280564499531,0.9019607843137255,0.9701492537313433,1.0675675675675675,1.1566265060240963,1.042735042735043,1.2448979591836733,0.9198312236286921,1.0522875816993467
"Thomas, Lane",657041,2024,1.018716577540107,1.275722232377155,1.001003886032747,0.9135802469135802,1.0391960776143452,0.7346938775510204,1.009463207382885,0.932,1.0692640692640691,1.0,0.9249999999999999,0.8706896551724139,0.9777777777777776,0.9163179916317992,0.8628762541806021
"Toglia, Michael",669911,2024,1.3342245989304813,1.1347604831992513,1.0387162791855524,0.9218106995884774,0.6960537770154838,0.761904761904762,1.0284542712093465,1.396,1.3333333333333333,1.099547511312217,2.1624999999999996,0.8103448275862069,2.177777777777778,0.9414225941422595,1.1070234113712376
"Tomas, Yasmany",630111,2015,0.9917127071823204,0.45224055307504785,1.0109868238117412,0.9359933499584372,1.5543884076519416,0.0,0.0,1.2276785714285714,1.0837696335078533,0.94392523364486,0.7272727272727273,1.20997375328084,0.75,1.2106382978723402,1.2098765432098766
"Tomas, Yasmany",630111,2016,1.185483870967742,0.8463241883114156,1.0225935579452745,0.9517069109075771,1.0397720389650185,0.0,0.0,1.318965517241379,1.1700000000000002,1.0555555555555556,1.6307692307692307,1.016260162601626,1.6956521739130437,1.246781115879828,1.2100313479623823
"Torkelson, Spencer",679529,2022,0.975609756097561,1.188628408742301,1.022349937316661,0.9109477124183006,0.9856382805911793,0.0,0.0,1.0119047619047619,1.0853391684901532,1.1192660550458715,1.076923076923077,0.9385474860335197,0.7209302325581396,0.9622641509433962,0.8530351437699681
"Torkelson, Spencer",679529,2023,1.1157894736842104,1.3406773621974248,1.031583316789315,0.9298679867986799,0.8424566062897977,1.2689655172413794,1.0609937784609955,0.9686274509803922,1.4051172707889128,0.9279279279279279,1.6867469879518073,0.794871794871795,1.4489795918367345,0.9767932489451479,0.8104575163398694
"Torkelson, Spencer",679529,2024,0.9358288770053476,1.5203202410260015,1.0036057505841651,0.897119341563786,0.7315251892109261,1.6462585034013606,1.0380855383752443,1.06,1.0411255411255411,0.8597285067873303,0.8500000000000001,0.8735632183908046,0.9333333333333333,0.9644351464435147,0.802675585284281
"Torkelson, Spencer",679529,2025,1.088235294117647,1.721507028699643,1.0093580394404507,0.8991049633848657,0.5382938404795037,1.5479452054794522,1.0283324007924155,1.0843373493975905,1.1697341513292434,1.0357142857142858,1.5111111111111113,0.6676470588235294,1.625,0.9389473684210526,0.8482758620689657
"Toro, Abraham",647351,2021,0.8789473684210527,1.0799836192677554,0.9767831295148016,0.8919803600654664,0.6715159591053359,0.0,0.0,0.6996047430830039,0.8115631691648821,0.740909090909091,0.8809523809523808,0.9717514124293786,0.7647058823529412,1.0147991543340382,1.0702341137123745
"Toro, Abraham",647351,2022,0.8590785907859079,1.3260246172002934,0.9825256002583458,0.8839869281045751,0.6985304330916465,0.0,0.0,0.8650793650793651,0.7943107221006563,0.7889908256880733,0.8333333333333334,0.9273743016759778,0.8837209302325582,0.989517819706499,1.0511182108626198
"Toro, Abraham",647351,2024,0.8796791443850268,0.9146784416743724,0.9823170270559386,0.9045267489711935,1.0589633943080963,0.9183673469387756,0.9714185198437862,0.704,0.7813852813852814,0.9411764705882353,0.5499999999999999,1.1522988505747127,0.4888888888888888,1.002092050209205,1.0903010033444818
"Toro, Abraham",647351,2025,0.8716577540106952,0.9885408595253432,0.9658657850887824,0.8901545972335232,0.9984540599663303,1.1164383561643836,0.9678174143315434,0.8232931726907631,0.8732106339468302,1.0044642857142856,0.5111111111111111,1.052941176470588,0.6666666666666667,1.0442105263157895,1.2689655172413794
"Torrens, Luis",620443,2021,1.0578947368421052,0.5019050379202433,1.0207206521270256,0.8936170212765957,1.376038634844663,0.0,0.0,1.08300395256917,1.0364025695931476,0.9818181818181819,1.2380952380952381,1.1412429378531075,1.1764705882352942,0.9577167019027486,0.9163879598662209
"Torrens, Luis",620443,2025,1.0614973262032086,0.45391942440443483,1.0152871393597955,0.8982912937347437,1.468406230381204,0.4109589041095891,0.9897481964198325,0.8313253012048193,1.1390593047034765,1.075892857142857,1.2000000000000002,1.261764705882353,0.4166666666666667,1.0357894736842106,0.8172413793103449
"Torres, Gleyber",650402,2018,1.129032258064516,1.4968027574993672,1.003820409396526,0.8989317995069844,0.548611479524169,0.0,0.0,1.2909836065573772,0.9758454106280195,1.1300448430493273,1.295774647887324,0.7694444444444445,1.6170212765957446,1.0407725321888412,1.0986842105263157
"Torres, Gleyber",650402,2019,1.0467532467532468,1.3591535189863884,1.002713416801907,0.9217830109335575,0.6924797447419856,0.0,0.0,1.124,0.969767441860465,0.9508928571428571,1.2820512820512822,0.8502824858757062,1.5789473684210527,1.0997876857749471,1.003115264797508
"Torres, Gleyber",650402,2021,0.9894736842105263,1.122115333173013,0.9818731620304443,0.9132569558101472,0.913578763976539,0.0,0.0,1.0434782608695652,0.8372591006423983,1.1409090909090909,0.9285714285714285,0.9378531073446329,0.4901960784313726,0.985200845665962,0.8127090301003345
"Torres, Gleyber",650402,2022,1.067750677506775,1.389072162475281,1.0211393635165675,0.9093137254901961,0.6559729067058109,0.0,0.0,1.0833333333333335,1.1006564551422318,0.9862385321100917,1.3974358974358976,0.73463687150838,1.4186046511627908,1.0377358490566038,0.9073482428115015
"Torres, Gleyber",650402,2023,1.018421052631579,1.179237555278783,1.007822129506257,0.9273927392739274,0.7995603544054396,0.9448275862068967,1.0055400713824758,0.8549019607843138,0.9445628997867803,1.0405405405405406,0.9638554216867469,0.9059829059829061,1.0204081632653061,0.9873417721518989,0.9313725490196078
"Torres, Gleyber",650402,2024,0.9331550802139037,1.137963621323679,0.9970232027048203,0.9152263374485597,0.7385727686160152,0.7278911564625851,0.978002688478529,0.924,0.8658008658008658,1.1221719457013575,0.8,0.9224137931034484,0.7333333333333334,0.9539748953974896,0.7692307692307693
"Torres, Gleyber",650402,2025,1.0160427807486632,1.0757240322448482,1.007618394491853,0.9023596419853539,0.7928698334804696,0.6712328767123288,0.9771849502955617,0.783132530120482,0.8548057259713701,1.0401785714285714,0.9111111111111112,0.8676470588235294,0.7708333333333333,0.8589473684210526,0.7275862068965517
"Torreyes, Ronald",591720,2017,0.723404255319149,0.7269604257082637,0.9317132413468363,0.8183306055646481,1.3222427767781246,0.0,0.0,0.6708860759493671,0.3641025641025641,0.8475336322869954,0.10606060606060606,1.3043478260869565,0.2156862745098039,1.2672413793103445,1.046204620462046
"Torreyes, Ronald",591720,2021,0.7078947368421054,0.9512627455642693,0.9201699673730885,0.8747954173486089,1.0416898090399158,0.0,0.0,0.5652173913043478,0.3576017130620985,1.0363636363636364,0.047619047619047616,1.2090395480225988,0.4901960784313726,1.1078224101479917,0.9899665551839465
"Tovar, Ezequiel",678662,2023,0.9921052631578947,0.991678026598339,0.988269375678563,0.9059405940594059,1.0440021999615814,1.110344827586207,1.0156569921590275,1.2352941176470589,0.8678038379530916,1.0360360360360361,0.9759036144578312,0.948717948717949,0.7346938775510203,1.2552742616033756,1.23202614379085
"Tovar, Ezequiel",678662,2024,1.0561497326203209,1.417407272628148,0.9984602527809249,0.9102880658436213,0.6080265249147286,1.4489795918367347,1.005821167959774,1.352,0.9848484848484848,1.1085972850678731,1.1375,0.7586206896551725,1.2444444444444445,1.2991631799163181,1.2274247491638797
"Tovar, Ezequiel",678662,2025,1.088235294117647,1.2259902662996476,0.9983195940453881,0.9153783563873067,0.7987632479730642,1.1575342465753427,1.0077747955664462,1.2771084337349399,0.9529652351738241,1.3035714285714284,1.0555555555555556,0.7911764705882354,0.7083333333333335,1.271578947368421,1.2344827586206897
"Travis, Devon",581527,2016,0.9247311827956989,0.9622434705569487,0.9811499029880715,0.8934221482098251,0.9908652355858648,0.0,0.0,0.7715517241379308,0.835,1.0185185185185184,0.5692307692307692,1.016260162601626,0.673913043478261,1.0600858369098711,1.1128526645768024
"Travis, Devon",581527,2018,0.9462365591397849,0.6170264488913249,0.9971198046609359,0.9161873459326212,1.5831185868621969,0.0,0.0,0.8278688524590165,0.9830917874396135,0.9103139013452914,0.7323943661971831,1.1777777777777778,0.8085106382978723,1.03862660944206,1.0032894736842106
"Trevino, Jose",624431,2021,0.8921052631578947,0.7469204892094861,0.9851459693545461,0.9018003273322422,1.2018286153691369,0.0,0.0,0.8893280632411067,0.8629550321199144,1.1590909090909092,0.5119047619047619,1.1610169491525422,0.4313725490196078,1.0169133192389008,1.1839464882943145
"Trevino, Jose",624431,2022,0.8563685636856369,1.023877841216094,0.9900572246718738,0.8937908496732027,1.0929592552252918,0.0,0.0,0.8452380952380953,0.8599562363238512,0.8944954128440367,0.6538461538461539,0.9441340782122907,0.9302325581395349,1.0461215932914047,1.3258785942492013
"Trevino, Jose",624431,2025,0.7887700534759358,0.7719244958103529,0.9769481420172491,0.8779495524816925,1.4606226295677662,1.0273972602739727,0.9558894069925802,0.7429718875502008,0.8895705521472392,0.9821428571428571,0.4555555555555556,1.2323529411764707,0.33333333333333337,0.9789473684210527,1.1379310344827587
"Triolo, Jared",669707,2024,0.9491978609625668,0.9741818639660411,0.9919593165880207,0.8888888888888888,0.8885879504238603,1.0204081632653061,0.990956674947113,1.104,0.9393939393939393,1.1131221719457014,0.6625,0.9712643678160922,0.7111111111111111,0.9958158995815899,0.8795986622073579
"Triolo, Jared",669707,2025,0.9171122994652408,1.1056664401901712,0.9854540673863277,0.886086248982913,0.8975464687995203,1.356164383561644,0.9922870059879448,0.9759036144578314,0.8711656441717792,1.0803571428571428,0.6888888888888889,0.9882352941176471,0.5625000000000001,0.985263157894737,0.8586206896551725
"Trout, Mike",545361,2015,1.4502762430939227,1.2550664067806696,1.0519441748658003,0.9783873649210308,0.7822100483424974,0.0,0.0,0.9821428571428571,1.3534031413612566,1.1635514018691588,2.9818181818181824,0.7952755905511811,2.4250000000000003,0.8106382978723404,0.962962962962963
"Trout, Mike",545361,2016,1.3279569892473118,1.161646095191477,1.0259251055011538,0.9750208159866778,0.7954350680135662,0.0,0.0,0.8922413793103446,1.1325,1.1481481481481481,2.1846153846153844,0.7831978319783198,1.456521739130435,0.8304721030042919,0.9529780564263322
"Trout, Mike",545361,2017,1.2553191489361701,1.4891677437874296,1.0144674812336292,0.9386252045826514,0.6005682281912653,0.0,0.0,0.7679324894514767,1.1692307692307693,0.8654708520179373,2.015151515151515,0.7309782608695653,2.03921568627451,0.8125,0.8712871287128713
"Trout, Mike",545361,2018,1.370967741935484,1.4718529323712428,1.0306052179805336,0.9695973705834018,0.5964239804350804,0.0,0.0,0.7663934426229508,1.2946859903381642,1.0852017937219731,2.323943661971831,0.6888888888888889,2.361702127659574,0.8047210300429184,0.8092105263157896
"Trout, Mike",545361,2019,1.4103896103896105,1.7153720516662188,1.0233377909629233,0.9806560134566862,0.4205113249202758,0.0,0.0,0.764,1.1790697674418604,1.2901785714285712,2.4615384615384617,0.5819209039548022,2.263157894736842,0.7791932059447985,0.7975077881619937
"Trout, Mike",545361,2022,1.4281842818428185,1.9595495972442767,1.0341242904397212,0.934640522875817,0.3845121650045761,0.0,0.0,1.1984126984126984,1.2669584245076586,1.0137614678899083,2.4871794871794877,0.5139664804469274,3.0232558139534884,0.9098532494758911,0.8434504792332269
"Trout, Mike",545361,2023,1.3421052631578947,1.5074648067343452,1.0329752622777904,0.943069306930693,0.6173778206179765,2.2965517241379314,1.0198840817014168,1.1490196078431372,1.2835820895522387,1.2252252252252254,1.9277108433734937,0.6780626780626781,1.7755102040816324,0.9367088607594937,0.7385620915032681
"Trout, Mike",545361,2025,1.299465240641711,1.3194155664395448,1.0188000119813345,0.9389747762408462,0.6991598588506488,0.9520547945205481,1.0315662178841274,1.2048192771084338,1.1267893660531698,1.1517857142857142,1.7666666666666666,0.7794117647058824,1.9166666666666665,0.816842105263158,0.8931034482758623
"Trumbo, Mark",444432,2015,1.12707182320442,1.1957363633429443,1.042121873239996,0.9684123025768911,1.0395034871339655,0.0,0.0,1.3794642857142856,1.2172774869109946,0.9813084112149534,1.781818181818182,0.879265091863517,1.4749999999999999,1.1,1.1604938271604939
"Trumbo, Mark",444432,2016,1.2741935483870968,1.269934789737213,1.0464875290127287,0.9758534554537885,0.9425000989302345,0.0,0.0,1.2629310344827585,1.2725,0.9305555555555556,2.3692307692307693,0.8644986449864499,2.3043478260869565,1.0600858369098711,1.0470219435736676
"Trumbo, Mark",444432,2017,0.9627659574468085,1.0490309673640634,1.0251266557718846,0.969721767594108,0.9987710751441694,0.0,0.0,1.2573839662447257,1.0794871794871794,0.8071748878923767,1.0454545454545454,0.9918478260869567,1.058823529411765,1.0689655172413792,1.132013201320132
"Trumbo, Mark",444432,2018,1.1155913978494623,0.8228869990972711,1.0478309733743638,0.9317995069843878,1.3762337715336144,0.0,0.0,1.2131147540983607,1.321256038647343,1.0986547085201794,1.436619718309859,0.9749999999999999,1.4680851063829787,1.0643776824034334,1.2138157894736843
"Tucker, Kyle",663656,2021,1.1710526315789473,1.3441931285966915,1.0274454931264605,0.909165302782324,0.6420356808228566,0.0,0.0,0.8063241106719367,1.1113490364025695,1.1636363636363638,1.392857142857143,0.728813559322034,1.3529411764705883,1.1120507399577169,0.8762541806020068
"Tucker, Kyle",663656,2022,1.0785907859078592,1.4946310613098805,1.0139337084981228,0.9093137254901961,0.5870628107897881,0.0,0.0,0.7896825396825398,1.135667396061269,0.9816513761467889,1.3076923076923077,0.7709497206703911,1.558139534883721,1.1048218029350105,0.8051118210862619
"Tucker, Kyle",663656,2023,1.0842105263157893,1.1563951382083077,1.0153098985926767,0.9084158415841583,0.7337891099206408,2.137931034482759,1.0024475175965473,0.7294117647058824,1.1108742004264394,0.990990990990991,1.2771084337349397,0.8290598290598291,1.204081632653061,0.989451476793249,0.7352941176470589
"Tucker, Kyle",663656,2024,1.1497326203208555,1.5897246499453546,1.0266840983482035,0.8897119341563785,0.48658010323079703,1.8639455782312928,1.015904964064213,0.76,1.1168831168831168,1.004524886877828,1.6125,0.6637931034482759,2.2666666666666666,0.8744769874476988,0.7190635451505017
"Tucker, Kyle",663656,2025,1.0240641711229947,1.2747747344561715,1.0087458217536305,0.8844589096826688,0.7156357129157379,1.5547945205479454,1.011325707652125,0.8072289156626508,1.0020449897750512,1.0892857142857142,1.1777777777777778,0.8088235294117648,1.0625,0.9494736842105264,0.6448275862068966
"Tucker, Preston",605512,2015,1.0138121546961325,0.899724797230742,1.0168817362768543,0.9318370739817123,1.2348764524346103,0.0,0.0,1.1785714285714286,1.1675392670157068,0.97196261682243,1.0181818181818183,1.0236220472440944,1.4000000000000001,1.0680851063829788,0.9320987654320988
"Tulowitzki, Troy",453064,2015,1.0497237569060773,1.1383285698095962,1.0192897621004091,0.9318370739817123,0.8962441830247466,0.0,0.0,1.0267857142857142,1.232984293193717,0.94392523364486,0.9636363636363636,0.811023622047244,1.125,0.9617021276595745,1.0246913580246915
"Tulowitzki, Troy",453064,2016,1.0752688172043012,1.1986616099695082,1.015571973124745,0.9250624479600333,0.8946252469037904,0.0,0.0,0.900862068965517,1.1525,1.1157407407407405,1.4769230769230768,0.886178861788618,1.3260869565217392,0.9570815450643777,0.9122257053291535
"Tulowitzki, Troy",453064,2017,0.8297872340425532,0.7584680443113208,0.9874925160054443,0.8952536824877251,1.3144254630640646,0.0,0.0,0.7510548523206751,0.8999999999999998,0.6860986547085202,0.7575757575757576,1.157608695652174,0.6862745098039217,0.9784482758620688,1.056105610561056
"Turang, Brice",668930,2023,0.8052631578947368,0.942677385618754,0.9523295523205392,0.8935643564356435,1.0260645469425524,0.910344827586207,0.9461136324812263,0.8627450980392157,0.67590618336887,0.981981981981982,0.3493975903614458,1.076923076923077,0.38775510204081626,1.0,0.8986928104575165
"Turang, Brice",668930,2024,0.877005347593583,0.34308743821489024,0.9650484388609282,0.8872427983539094,1.6464039660189094,0.7210884353741497,0.931141500698549,0.564,0.7142857142857142,0.9864253393665158,0.3,1.2988505747126438,0.3333333333333333,0.9811715481171548,0.9331103678929767
"Turang, Brice",668930,2025,1.0561497326203209,0.608772057451242,1.002292518096358,0.90480065093572,1.2075587483697918,0.39041095890410965,0.9780074178827841,0.8473895582329317,1.0224948875255624,0.9374999999999999,0.8888888888888888,1.0676470588235294,0.8541666666666669,0.9305263157894738,0.8827586206896554
"Turner, Justin",457759,2015,1.1132596685082874,1.2579411735197559,1.01296680904037,0.8944305901911886,0.6681597500692229,0.0,0.0,0.7946428571428571,1.120418848167539,1.191588785046729,1.3090909090909089,0.7926509186351706,1.25,0.9851063829787235,0.8024691358024691
"Turner, Justin",457759,2016,1.0564516129032258,1.4432122315103044,1.0217914451280536,0.9092422980849293,0.6639962802231866,0.0,0.0,0.7974137931034482,1.0925,1.0879629629629628,1.3538461538461537,0.7615176151761518,1.2826086956521738,0.9527896995708154,0.7836990595611285
"Turner, Justin",457759,2017,1.0611702127659575,1.524243969313458,1.0218301338019524,0.8821603927986906,0.49854734802075173,0.0,0.0,0.6624472573839663,1.0692307692307692,1.0224215246636772,1.318181818181818,0.6820652173913044,1.019607843137255,0.9418103448275862,0.8415841584158416
"Turner, Justin",457759,2018,1.0510752688172043,1.443327215192422,1.0066991499236309,0.8751027115858668,0.5495718964305525,0.0,0.0,0.5409836065573771,0.9734299516908214,1.1883408071748878,1.0845070422535212,0.6027777777777777,0.9574468085106382,0.9313304721030042,0.7796052631578948
"Turner, Justin",457759,2019,1.0623376623376624,1.3639914520533796,1.0156884213528954,0.9058031959629941,0.6800436890918508,0.0,0.0,0.684,1.1325581395348836,1.1294642857142856,1.0256410256410258,0.728813559322034,1.2280701754385965,0.9617834394904461,0.8504672897196262
"Turner, Justin",457759,2021,1.018421052631579,1.515241823834546,1.0242205961363562,0.8985270049099836,0.6720579413160747,0.0,0.0,0.6996047430830039,1.0021413276231264,1.0227272727272727,0.9523809523809523,0.7005649717514125,1.196078431372549,0.9386892177589852,0.8628762541806021
"Turner, Justin",457759,2022,1.013550135501355,1.4662812391813367,1.0109123186702196,0.8897058823529412,0.6135740290669869,0.0,0.0,0.8055555555555556,1.0109409190371992,1.2293577981651376,1.0384615384615385,0.7122905027932962,0.7906976744186047,1.0125786163522013,0.900958466453674
"Turner, Justin",457759,2023,0.9736842105263158,1.286168457899005,1.0059223350149227,0.8927392739273927,0.6313207020710085,1.0551724137931036,0.9282178033518659,0.6862745098039216,0.9530916844349681,1.1126126126126126,0.6867469879518072,0.8404558404558405,1.040816326530612,0.949367088607595,0.9183006535947713
"Turner, Justin",457759,2024,0.9358288770053476,1.336934275366411,0.9826152491491434,0.8790123456790123,0.6632606455689699,1.3945578231292517,0.9160189470135098,0.68,0.8268398268398268,1.2171945701357467,0.575,0.781609195402299,0.6666666666666666,0.9497907949790795,0.9230769230769231
"Turner, Trea",607208,2016,1.1451612903225805,0.9983870416777303,1.0139404984155187,0.9450457951706911,0.9885337879727217,0.0,0.0,1.0215517241379308,1.05,1.037037037037037,1.0461538461538462,0.8455284552845529,1.1304347826086958,1.0150214592274678,1.0658307210031348
"Turner, Trea",607208,2017,0.9840425531914894,0.5771531910467136,1.0175971039100296,0.9157119476268413,1.4117253156184288,0.0,0.0,0.9620253164556962,1.0615384615384615,0.852017937219731,0.8181818181818181,1.2391304347826089,0.6470588235294119,0.9418103448275862,0.801980198019802
"Turner, Trea",607208,2018,0.9973118279569892,0.7176579881712066,1.0007268975521042,0.9227608874281018,1.3735193065010036,0.0,0.0,0.8401639344262296,1.0483091787439613,0.8923766816143498,0.8169014084507044,1.1388888888888888,0.7659574468085105,0.9399141630901287,0.8651315789473685
"Turner, Trea",607208,2019,1.0233766233766235,0.7430285784356977,1.0163942908444605,0.9545836837678722,1.4070078466591063,0.0,0.0,0.94,1.127906976744186,0.919642857142857,0.8461538461538463,1.1214689265536724,0.8245614035087719,0.9936305732484079,1.043613707165109
"Turner, Trea",607208,2021,1.0921052631578947,0.8955048978553604,1.0085512340406146,0.9181669394435352,1.2402523826105742,0.0,0.0,0.9051383399209487,1.1434689507494646,1.0227272727272727,0.8809523809523808,1.0282485875706215,1.1176470588235294,1.0401691331923892,0.9096989966555186
"Turner, Trea",607208,2022,1.0596205962059622,0.8155409309719538,1.0041053473345305,0.9191176470588235,1.0658610918725986,0.0,0.0,1.0436507936507937,1.0765864332603938,1.0779816513761467,0.9487179487179487,1.0335195530726258,0.8837209302325582,1.0733752620545074,1.108626198083067
"Turner, Trea",607208,2023,1.0394736842105263,1.0184738583560655,1.010303368644148,0.9141914191419142,0.8457885003822124,0.8896551724137932,0.9983328618124112,1.16078431372549,1.1066098081023454,0.9684684684684685,1.0120481927710843,0.948717948717949,1.0816326530612244,1.120253164556962,1.1764705882352942
"Turner, Trea",607208,2024,0.9893048128342246,0.8696471607535287,1.004701068699855,0.9102880658436213,1.1310184519337052,1.0068027210884354,0.9985783151389573,1.048,1.0497835497835497,0.914027149321267,0.8625,1.089080459770115,1.1555555555555557,1.1255230125523015,1.0903010033444818
"Turner, Trea",607208,2025,0.9518716577540106,0.6704949171415843,1.0015051296434367,0.9088689991863304,1.3266901047112065,1.034246575342466,0.9932228581906996,1.0,0.9591002044989775,0.9553571428571427,0.6444444444444445,1.1529411764705884,0.6041666666666667,1.0821052631578947,1.0655172413793104
"Upton, B.J.",425834,2016,1.032258064516129,0.7604370264286633,0.9932817046856208,0.9217318900915904,1.0401843197100482,0.0,0.0,1.4999999999999998,0.9975000000000002,0.9305555555555556,0.8923076923076925,1.0975609756097562,1.2608695652173916,1.0772532188841202,0.8213166144200628
"Upton, Justin",457708,2015,1.1077348066298343,1.453009125113778,1.016956026392703,0.9467996674979219,0.6930830472166358,0.0,0.0,1.4241071428571428,1.1570680628272252,0.8457943925233644,1.8363636363636366,0.8057742782152231,1.625,0.9468085106382979,0.8179012345679013
"Upton, Justin",457708,2016,1.2204301075268817,1.304138922022286,1.0313930195296805,0.9525395503746878,0.7724392092030034,0.0,0.0,1.3275862068965516,1.3075,0.9814814814814814,1.9230769230769231,0.8075880758807588,1.7173913043478264,0.9463519313304721,0.8275862068965517
"Upton, Justin",457708,2017,1.2446808510638299,1.3004364800005985,1.0142217146190222,0.9345335515548282,0.653702917211434,0.0,0.0,1.2869198312236287,1.1666666666666667,0.9955156950672646,2.0,0.8614130434782609,1.823529411764706,0.9568965517241378,0.8943894389438944
"Upton, Justin",457708,2018,1.2311827956989247,0.935043032672862,1.026426540826623,0.9441248972884142,1.0226447220045887,0.0,0.0,1.2868852459016393,1.3115942028985508,1.0852017937219731,1.9718309859154932,0.9638888888888888,1.7659574468085106,0.9141630901287554,0.819078947368421
"Upton, Justin",457708,2021,1.081578947368421,1.1957188921462427,1.0140772274402357,0.953355155482815,1.015287532773927,0.0,0.0,1.24901185770751,1.0599571734475375,0.7454545454545456,1.392857142857143,0.9378531073446329,1.5490196078431375,0.9534883720930234,0.9297658862876256
"Urias, Luis",649966,2021,0.95,1.1092211437198571,0.989049684476868,0.9124386252045826,0.9089218407418761,0.0,0.0,0.9090909090909091,1.0021413276231264,0.9863636363636363,1.0833333333333333,1.0508474576271187,1.156862745098039,0.9788583509513743,0.9264214046822744
"Urias, Luis",649966,2022,0.981029810298103,1.422486859847298,0.9863770543221847,0.8962418300653595,0.7026394356392444,0.0,0.0,0.8809523809523809,0.9365426695842449,1.018348623853211,1.076923076923077,0.8519553072625698,1.1860465116279069,0.9056603773584907,0.8626198083067093
"Urias, Luis",649966,2025,0.7914438502673796,1.0733811478524224,0.9643583186632779,0.8738812042310822,1.1896473905981806,0.7739726027397261,0.9618180823904239,0.534136546184739,0.7484662576687117,0.8258928571428571,0.4111111111111111,1.076470588235294,0.6875000000000001,0.8884210526315789,0.8827586206896554
"Urias, Ramon",602104,2022,1.037940379403794,0.8714879490688867,1.010083898193321,0.8986928104575163,1.083679062296287,0.0,0.0,1.0952380952380953,1.1509846827133479,0.8211009174311926,1.2435897435897438,1.0698324022346368,1.2093023255813955,1.0440251572327044,0.9233226837060702
"Urias, Ramon",602104,2023,0.8789473684210527,0.6188224912069543,1.0020722044314139,0.9034653465346535,1.6069981507262037,0.4068965517241379,0.9773192059503113,1.1294117647058823,0.8805970149253731,0.9054054054054055,0.8313253012048193,1.2421652421652425,0.3061224489795918,1.0358649789029537,0.9281045751633987
"Urias, Ramon",602104,2024,0.9866310160427807,0.9753637016658501,0.9958154581836554,0.9012345679012346,0.9004214461316842,0.7755102040816327,0.9927002276345713,1.076,0.9523809523809523,0.9004524886877828,1.0999999999999999,0.9454022988505747,1.1333333333333333,1.0355648535564854,0.8762541806020068
"Urias, Ramon",602104,2025,0.9037433155080214,0.9654925811964867,0.9990605979160312,0.8901545972335232,1.2746222042123363,0.7602739726027398,0.9925275733063168,1.06425702811245,0.9284253578732107,1.0357142857142858,0.8555555555555556,1.052941176470588,0.8541666666666669,1.0336842105263158,0.9586206896551727
"Uribe, Juan",346874,2015,0.9585635359116021,0.9653830659716682,1.0048918829634785,0.9185369908561929,1.0886436519802984,0.0,0.0,1.0669642857142856,1.0445026178010473,0.9626168224299065,1.0363636363636364,1.026246719160105,1.25,1.1042553191489362,0.9753086419753088
"Urshela, Gio",570482,2015,0.9502762430939226,1.3272326008014799,0.986823944606691,0.9027431421446384,1.0498514856484211,0.0,0.0,0.9419642857142855,1.0157068062827226,1.074766355140187,0.7818181818181817,0.9291338582677164,0.7250000000000001,1.2191489361702128,1.0339506172839508
"Urshela, Gio",570482,2019,1.051948051948052,1.0526253176875136,1.0186092987045658,0.952901597981497,1.0602570977194212,0.0,0.0,0.884,1.0906976744186045,1.1741071428571428,0.8974358974358976,0.9067796610169492,1.0350877192982455,1.1995753715498938,1.1619937694704048
"Urshela, Gio",570482,2021,1.0,0.5933924419834886,1.0012952786513016,0.9034369885433715,1.245283832438609,0.0,0.0,0.9920948616600791,0.9678800856531049,0.990909090909091,0.9523809523809523,1.1581920903954803,0.8823529411764707,1.1395348837209305,1.1337792642140472
"Urshela, Gio",570482,2022,0.991869918699187,0.9404381596376135,1.0041576868698205,0.9011437908496731,0.9932229595521849,0.0,0.0,0.8492063492063492,0.9015317286652077,1.188073394495413,0.9102564102564102,0.9525139664804471,0.744186046511628,1.1132075471698115,1.1214057507987218
"Urshela, Gio",570482,2024,0.9251336898395721,0.7719377332450251,0.9734212276384318,0.897119341563786,1.3012542189257885,0.41496598639455784,0.9579720601688226,0.824,0.6666666666666666,1.2307692307692308,0.625,1.149425287356322,0.5555555555555556,1.1401673640167367,1.1204013377926423
"Utley, Chase",400284,2015,0.8867403314917127,1.15180273442481,0.9976508861783607,0.8719866999168745,0.8986134899253169,0.0,0.0,0.6473214285714284,1.0157068062827226,0.897196261682243,0.5090909090909091,0.9343832020997376,0.625,0.876595744680851,0.9814814814814815
"Utley, Chase",400284,2016,0.9623655913978494,1.0088704472700742,0.9873236501997695,0.8950874271440467,0.9709793588855258,0.0,0.0,0.8146551724137929,0.9049999999999999,1.0925925925925923,0.6615384615384615,0.886178861788618,0.7608695652173915,0.8626609442060086,0.8244514106583072
"Utley, Chase",400284,2017,0.8829787234042553,0.9092575743982584,0.9924135005702799,0.881342062193126,0.8542348084902334,0.0,0.0,0.5949367088607594,0.8538461538461539,0.959641255605381,0.6666666666666665,1.013586956521739,0.627450980392157,0.8275862068965516,0.759075907590759
"Valbuena, Luis",472528,2015,1.0607734806629834,1.555413090506965,1.0114534760286693,0.9002493765586035,0.6681597500692229,0.0,0.0,1.1473214285714284,1.206806282722513,1.046728971962617,1.5999999999999999,0.7795275590551181,1.9,0.9914893617021276,0.9259259259259259
"Valbuena, Luis",472528,2016,1.0053763440860215,1.3203027361662218,0.9810674035860955,0.9109075770191508,0.6351184877183231,0.0,0.0,1.0991379310344827,0.8924999999999998,1.0,1.1538461538461537,0.8130081300813008,1.3260869565217392,0.9334763948497854,0.8495297805642633
"Valbuena, Luis",472528,2017,1.002659574468085,1.4179690648743009,1.0003635069401609,0.8870703764320785,0.7153827424043013,0.0,0.0,1.2109704641350212,1.0153846153846153,0.7488789237668161,1.6666666666666665,0.8532608695652174,1.7647058823529413,0.9504310344827586,0.9042904290429044
"Valencia, Danny",502143,2015,1.1850828729281768,0.5414303462743982,1.0397446232696967,0.9359933499584372,1.349493529588749,0.0,0.0,1.1919642857142858,1.2931937172774868,1.014018691588785,1.8363636363636366,1.099737532808399,1.675,0.9936170212765958,1.0833333333333333
"Valencia, Danny",502143,2016,1.1236559139784945,0.8340025084326887,1.0158795938312823,0.9475437135720234,1.3833255837983054,0.0,0.0,1.21551724137931,1.135,1.1018518518518516,1.2,1.0027100271002711,1.0434782608695652,0.9463519313304721,1.0909090909090908
"Valencia, Danny",502143,2017,0.9627659574468085,0.7352319862532177,1.0081288406174174,0.9328968903436988,1.3103306796900334,0.0,0.0,1.270042194092827,1.0538461538461537,0.9820627802690582,0.8636363636363636,1.1494565217391304,0.8823529411764707,0.9202586206896549,1.0363036303630362
"Valencia, Danny",502143,2018,1.0752688172043012,0.7216623713331657,1.025398881449352,0.9317995069843878,1.2809560488889795,0.0,0.0,1.0,1.0483091787439613,1.1390134529147982,1.0985915492957747,1.0555555555555556,0.9361702127659572,0.9184549356223175,1.0756578947368423
"Vargas, Ildemaro",545121,2023,0.7842105263157895,0.32479459105737535,0.970811888017177,0.9158415841584158,2.1129049759548235,0.5310344827586208,0.9597836586928467,0.4823529411764706,0.7718550106609807,0.8693693693693695,0.3012048192771084,1.4188034188034189,0.32653061224489793,0.959915611814346,0.9673202614379085
"Vargas, Ildemaro",545121,2024,0.767379679144385,0.24240583678098024,0.9704759939614653,0.8930041152263375,1.7128251555936043,0.8367346938775511,0.9702633927454953,0.512,0.8354978354978355,0.9547511312217193,0.15,1.3793103448275863,0.08888888888888889,0.9539748953974896,1.0903010033444818
"Vargas, Miguel",678246,2025,0.9090909090909092,1.6824303827119214,1.0050634802998515,0.9015459723352318,0.5959417849519082,1.6575342465753424,0.9819893826979765,0.8313253012048193,0.985685071574642,1.075892857142857,1.0333333333333334,0.6794117647058824,0.8125,0.9726315789473685,0.7758620689655173
"Varsho, Daulton",662139,2021,0.9947368421052631,1.3630438420597073,0.9705071937184181,0.9075286415711948,0.9180791519764234,0.0,0.0,0.9802371541501976,0.987152034261242,1.0272727272727273,0.8809523809523808,0.9632768361581922,1.0,1.0824524312896406,0.9933110367892977
"Varsho, Daulton",662139,2022,0.975609756097561,1.1272063788470932,0.9748940615146521,0.9011437908496731,0.8218005095195842,0.0,0.0,1.015873015873016,0.9649890590809628,0.9311926605504587,1.3205128205128205,1.0307262569832403,1.6046511627906979,1.0524109014675054,0.9233226837060702
"Varsho, Daulton",662139,2023,0.9368421052631578,1.4952263305858917,0.9638757121044366,0.9282178217821782,0.6958652428378265,1.0551724137931036,1.0088361175687135,0.9803921568627451,1.0106609808102345,0.8963963963963966,0.8915662650602408,0.9658119658119662,1.040816326530612,1.048523206751055,0.8823529411764707
"Varsho, Daulton",662139,2024,0.8288770053475936,1.8377522424084234,0.95421768477614,0.9069958847736626,0.6335694698889607,1.2993197278911566,1.0144718882104524,1.08,1.0108225108225108,0.8552036199095021,0.775,0.8448275862068966,1.2444444444444445,0.993723849372385,0.9230769230769231
"Vaughn, Andrew",683734,2021,1.013157894736842,0.7675516492422471,1.0244183234927162,0.9410801963993453,0.9838540535131959,0.0,0.0,0.9683794466403162,1.158458244111349,0.990909090909091,1.3214285714285714,1.0451977401129944,0.9215686274509804,0.959830866807611,1.1337792642140472
"Vaughn, Andrew",683734,2022,0.981029810298103,0.5928320217500364,1.0256316344059522,0.9158496732026143,1.2706027705373917,0.0,0.0,0.8373015873015872,1.1969365426695842,0.9495412844036697,1.0256410256410258,1.11731843575419,0.9534883720930234,0.9853249475890986,1.1182108626198082
"Vaughn, Andrew",683734,2023,0.9736842105263158,0.8744257356855192,1.0193177560916886,0.9216171617161716,1.2268480505544137,1.1034482758620692,0.9921056443327056,0.9490196078431372,1.1002132196162047,0.9009009009009009,1.0240963855421685,1.0313390313390314,0.9795918367346937,1.0,1.1372549019607843
"Vaughn, Andrew",683734,2024,1.0106951871657754,1.2446911901193223,1.0181099113181833,0.9234567901234568,0.8316631837061007,1.4285714285714286,0.9999999098317947,0.88,1.119047619047619,0.8778280542986425,1.1625,0.882183908045977,0.9555555555555555,1.0334728033472804,1.1505016722408026
"Vaughn, Andrew",683734,2025,1.0641711229946524,0.9906641483677803,1.0260929624788828,0.90480065093572,0.9389716904364213,1.1369863013698631,0.992961278636932,0.8674698795180724,1.1022494887525565,1.1830357142857142,1.3333333333333333,0.9470588235294118,0.8750000000000001,0.9873684210526316,1.0620689655172415
"Vazquez, Christian",543877,2017,0.8723404255319149,0.6725240462463741,0.9735071934729894,0.8649754500818331,1.1757877974004318,0.0,0.0,0.7426160337552742,0.6615384615384615,0.9147982062780268,0.40909090909090906,1.108695652173913,0.37254901960784315,0.9547413793103446,1.0396039603960396
"Vazquez, Christian",543877,2018,0.803763440860215,1.022037658896108,0.9871800153314244,0.8644207066557108,0.8298774820388374,0.0,0.0,0.5819672131147541,0.8429951690821256,0.9013452914798207,0.2676056338028169,1.011111111111111,0.29787234042553196,1.0493562231759657,0.9473684210526315
"Vazquez, Christian",543877,2019,0.9376623376623376,1.044722910080447,1.003501513833708,0.9032800672834315,0.8949840463741,0.0,0.0,0.824,1.013953488372093,1.1875,0.7692307692307693,1.0028248587570623,1.0526315789473684,1.059447983014862,1.0467289719626167
"Vazquez, Christian",543877,2021,0.7763157894736842,1.0767262960192936,0.9691467791555282,0.897708674304419,0.8986149738769234,0.0,0.0,0.6996047430830039,0.7430406852248392,0.9090909090909091,0.32142857142857145,1.03954802259887,0.3137254901960785,0.9957716701902748,1.0869565217391304
"Vazquez, Christian",543877,2022,0.9051490514905149,0.8479211775804525,0.9932799936511778,0.8946078431372548,1.1195624749551047,0.0,0.0,0.6825396825396826,0.8927789934354484,1.0412844036697246,0.6538461538461539,1.064245810055866,0.6279069767441862,1.0314465408805034,1.038338658146965
"Vazquez, Christian",543877,2023,0.8236842105263158,0.7799576750565118,0.9720613479895518,0.8795379537953795,1.1763646593551296,0.9448275862068967,0.9377685869068679,1.035294117647059,0.7739872068230277,1.1216216216216215,0.39759036144578314,1.045584045584046,0.48979591836734687,1.0253164556962027,1.1339869281045751
"Vazquez, Christian",543877,2024,0.8743315508021391,1.215803971898376,0.9944623693358041,0.8954732510288066,0.7557789655377055,1.2312925170068028,0.9595865955898729,0.8439999999999999,0.883116883116883,1.009049773755656,0.4875,0.8764367816091955,0.6666666666666666,1.0774058577405858,1.0635451505016724
"Velazquez, Andrew",623205,2022,0.962059620596206,0.4647614528607306,0.9638116746580676,0.8913398692810457,1.2383039495715553,0.0,0.0,1.4087301587301588,0.8730853391684902,0.9266055045871561,0.8205128205128206,1.1843575418994414,1.0232558139534882,1.1111111111111112,0.8466453674121406
"Venable, Will",461416,2015,0.8977900552486189,0.294035653898463,0.9782855207253709,0.9576059850374066,1.7957985938722993,0.0,0.0,1.1249999999999998,0.9842931937172774,0.8598130841121495,0.43636363636363634,1.4094488188976377,0.6,0.9574468085106383,1.067901234567901
"Verdugo, Alex",657077,2019,0.9428571428571428,0.6853805056451714,1.0076852693333243,0.9360807401177459,1.6242827550491974,0.0,0.0,0.652,1.0395348837209304,1.1116071428571428,0.7435897435897437,1.1271186440677967,0.7192982456140351,0.9490445859872613,1.0373831775700935
"Verdugo, Alex",657077,2021,0.9894736842105263,0.6182656224099735,1.0129427682337697,0.90671031096563,1.4295715260322537,0.0,0.0,0.7035573122529645,1.0085653104925052,1.059090909090909,0.869047619047619,1.1242937853107347,0.5686274509803922,0.9450317124735731,0.9665551839464883
"Verdugo, Alex",657077,2022,0.9728997289972899,0.6648185763753932,1.0062982571621422,0.9068627450980392,1.2442573339444953,0.0,0.0,0.6190476190476191,0.9015317286652077,1.151376146788991,0.782051282051282,1.0139664804469273,0.5116279069767441,0.947589098532495,0.8370607028753995
"Verdugo, Alex",657077,2023,0.9394736842105262,0.7005515719617715,1.0031183664675647,0.9273927392739274,1.096599367004988,0.8344827586206897,0.9425194341420894,0.6156862745098038,0.8763326226012792,1.0045045045045045,0.6024096385542168,1.0341880341880343,0.5714285714285714,0.860759493670886,0.8300653594771242
"Verdugo, Alex",657077,2024,0.877005347593583,0.7365969867990679,0.9915763463163548,0.9111111111111111,1.209499113745124,0.6870748299319729,0.9501567854447996,0.628,0.8722943722943723,0.9411764705882353,0.7125,1.1867816091954022,0.6222222222222222,0.9309623430962344,0.899665551839465
"Vientos, Mark",668901,2024,1.1951871657754012,0.8536841463179263,1.028011801418841,0.9316872427983539,1.137708606711072,0.5986394557823129,1.0090614582674309,1.376,1.1212121212121213,1.0271493212669682,1.775,1.0086206896551724,2.1333333333333333,1.0439330543933054,1.11371237458194
"Vientos, Mark",668901,2025,1.0401069518716577,0.8492003313185157,1.023128489628981,0.8982912937347437,1.0290100717111466,0.4863013698630137,0.990756761898022,1.3052208835341366,1.196319018404908,1.0178571428571428,1.2111111111111112,1.0029411764705882,1.0,1.0926315789473684,1.0931034482758621
"Vierling, Matt",663837,2022,1.024390243902439,0.9189540919938898,1.0279938321003144,0.9158496732026143,1.162100629597921,0.0,0.0,0.7817460317460317,1.1400437636761487,1.0091743119266054,0.6410256410256411,0.9273743016759778,0.5348837209302325,0.9308176100628931,0.987220447284345
"Vierling, Matt",663837,2023,0.9763157894736841,0.6862712711320996,1.0000035631167974,0.9323432343234324,1.4967139639116602,0.7931034482758622,1.002017428563415,0.7647058823529411,1.0170575692963753,0.9009009009009009,0.5662650602409638,1.1794871794871797,0.5510204081632653,0.9303797468354431,1.016339869281046
"Vierling, Matt",663837,2024,0.9786096256684492,0.8685301849710312,1.0076434735078712,0.9152263374485597,1.2790105570638093,1.034013605442177,0.9965616842915935,0.78,0.9783549783549783,1.081447963800905,0.9375,1.0747126436781609,0.8888888888888888,0.895397489539749,0.8260869565217391
"Villanueva, Christian",570799,2018,1.0134408602150538,1.6445389159066777,0.9790882946570456,0.9038619556285948,0.7368622366490278,0.0,0.0,1.2336065573770492,0.9468599033816426,0.9910313901345292,1.4084507042253522,0.8555555555555556,1.7659574468085106,1.1630901287553648,1.055921052631579
"Villar, Jonathan",542340,2016,1.0188172043010753,0.3901870381591991,1.0131806982092675,0.9492089925062448,1.765784913560924,0.0,0.0,1.1810344827586206,1.0875,0.986111111111111,1.0,1.2520325203252034,0.9782608695652175,0.9291845493562231,0.8181818181818181
"Villar, Jonathan",542340,2017,0.9361702127659574,0.23218045861069228,1.0071523639452453,0.9386252045826514,2.1779820757010016,0.0,0.0,1.29957805907173,0.9871794871794872,0.6816143497757847,0.8484848484848485,1.358695652173913,0.8039215686274511,1.0301724137931032,0.9702970297029703
"Villar, Jonathan",542340,2018,0.9462365591397849,0.26054339241947266,0.9927177863830519,0.9112571898110107,1.987422718276235,0.0,0.0,1.2131147540983607,1.002415458937198,0.8430493273542601,0.7323943661971831,1.4305555555555556,0.8936170212765957,1.0429184549356223,0.9638157894736842
"Villar, Jonathan",542340,2019,0.9896103896103896,0.6016189578940575,0.9951659049694151,0.9587888982338099,1.5675345770547295,0.0,0.0,1.108,0.9674418604651163,0.9687499999999999,0.8717948717948719,1.1384180790960454,0.894736842105263,1.050955414012739,0.9314641744548285
"Villar, Jonathan",542340,2021,0.9894736842105263,0.5335783555085533,0.9843474387192077,0.9402618657937807,1.6691592907879047,0.0,0.0,1.1976284584980237,0.8972162740899357,0.959090909090909,0.8928571428571428,1.2118644067796611,1.0980392156862746,1.050739957716702,0.9899665551839465
"Vogelbach, Daniel",596129,2019,1.057142857142857,1.3214208577842939,1.0000488885288736,0.9512195121951219,0.6184108256591538,0.0,0.0,1.076,0.9883720930232558,1.1428571428571428,1.3461538461538463,0.8022598870056498,1.631578947368421,0.7197452229299365,0.9688473520249221
"Vogelbach, Daniel",596129,2022,1.119241192411924,1.255317368261663,1.0095882649687882,0.9060457516339869,0.7433685352157725,0.0,0.0,0.8095238095238095,1.0897155361050328,1.073394495412844,1.358974358974359,0.8603351955307263,1.5348837209302328,0.6750524109014676,1.0830670926517574
"Vogt, Stephen",519390,2015,0.9861878453038674,1.4734344919604807,0.9840221008187859,0.9093931837073982,0.6354272377386521,0.0,0.0,0.8303571428571428,0.9371727748691098,1.0654205607476637,1.0181818181818183,0.821522309711286,1.275,0.8851063829787235,1.2253086419753088
"Vogt, Stephen",519390,2016,0.9247311827956989,1.6402189864487995,0.9689473942183834,0.9025811823480434,0.5271098951454216,0.0,0.0,0.7456896551724136,0.805,1.1527777777777777,0.7846153846153846,0.6937669376693768,0.7391304347826089,0.9763948497854077,1.0721003134796239
"Vogt, Stephen",519390,2017,0.8803191489361702,1.4337197428323292,0.9753706404626359,0.8723404255319148,0.8553547492421051,0.0,0.0,0.7510548523206751,0.8999999999999998,0.8789237668161435,1.0151515151515151,0.9048913043478263,1.0392156862745099,0.9633620689655172,1.2541254125412542
"Voit, Luke",572228,2019,1.2025974025974027,1.0024620818017465,1.0115838217079307,0.9470142977291841,0.8115481405797305,0.0,0.0,1.408,1.1069767441860463,1.21875,1.7948717948717952,0.9378531073446329,1.280701754385965,1.0042462845010616,0.8006230529595015
"Voit, Luke",572228,2022,1.1734417344173442,1.4642767063035609,1.0130687731432995,0.9093137254901961,0.588709926858166,0.0,0.0,1.492063492063492,1.061269146608315,1.1743119266055047,1.8589743589743588,0.7513966480446929,1.5116279069767442,1.0922431865828093,1.0287539936102237
"Volpe, Anthony",683011,2023,1.0157894736842106,1.0917667834441958,0.992009741976593,0.8968646864686469,0.9078129904102413,0.917241379310345,1.0008726833241715,1.1098039215686273,1.0831556503198294,1.0540540540540542,1.0843373493975903,1.0313390313390314,1.1428571428571428,1.0063291139240507,0.9771241830065359
"Volpe, Anthony",683011,2024,0.8823529411764707,0.6240658057653223,0.9827299063515423,0.8946502057613169,1.459740309692391,0.4761904761904763,0.9726657114886937,0.912,0.8679653679653679,1.0542986425339367,0.4875,1.1867816091954022,0.5555555555555556,1.002092050209205,0.9832775919732442
"Volpe, Anthony",683011,2025,0.9839572192513368,0.9232579103905452,0.9985401831460882,0.8991049633848657,0.8235728587336257,0.5821917808219179,1.014451331855558,1.0160642570281124,1.079754601226994,0.9464285714285713,1.1777777777777778,1.061764705882353,1.0,0.9663157894736841,0.8379310344827587
"Votto, Joey",458015,2015,1.3149171270718232,1.013207902331515,1.0176936605199567,0.9085619285120532,0.828446801890447,0.0,0.0,1.0714285714285714,1.1701570680628273,1.3364485981308412,1.981818181818182,0.8398950131233596,1.7500000000000002,0.7957446808510638,0.7716049382716049
"Votto, Joey",458015,2016,1.1908602150537635,0.9838385691141883,1.0105838825790576,0.9075770191507078,0.8368231611460456,0.0,0.0,0.8017241379310345,1.0474999999999999,1.2083333333333333,1.4923076923076926,0.8672086720867209,1.4130434782608696,0.9077253218884119,0.80564263322884
"Votto, Joey",458015,2017,1.1090425531914894,1.1655973495194472,1.0002787276821892,0.9075286415711948,0.5858690058229477,0.0,0.0,0.649789029535865,0.887179487179487,1.1210762331838564,1.3939393939393938,0.877717391304348,1.4705882352941178,0.9030172413793102,0.5181518151815181
"Votto, Joey",458015,2018,1.088709677419355,1.060666389633905,0.9971237610753937,0.8833196384552178,0.7158746162015254,0.0,0.0,0.7336065573770492,0.8913043478260869,1.5112107623318387,0.943661971830986,0.8055555555555555,0.6382978723404255,0.8497854077253219,0.5493421052631579
"Votto, Joey",458015,2019,1.0051948051948052,1.1743951585716994,1.000678771191347,0.92094196804037,0.6279389331952356,0.0,0.0,0.768,0.9488372093023255,1.107142857142857,0.9102564102564102,0.807909604519774,0.6666666666666666,0.8704883227176222,0.7289719626168225
"Votto, Joey",458015,2021,1.3,1.43177443730039,1.0465081087859756,0.9337152209492634,0.5659260189003184,0.0,0.0,1.1620553359683794,1.259100642398287,1.2045454545454546,2.0476190476190474,0.6949152542372882,2.1764705882352944,0.9281183932346724,0.8729096989966556
"Votto, Joey",458015,2022,1.029810298102981,1.1347931219079146,1.01363489537792,0.9142156862745098,0.8915454211827594,0.0,0.0,1.1746031746031746,0.9912472647702407,0.9678899082568806,1.4358974358974361,0.9525139664804471,1.1395348837209303,0.9811320754716983,0.7987220447284344
"Wade, LaMonte",664774,2021,1.0894736842105261,1.5289868089783247,1.0122241845603002,0.8944353518821604,0.7056608383818784,0.0,0.0,0.8023715415019763,1.1905781584582442,1.1090909090909091,1.2857142857142858,0.711864406779661,1.4117647058823528,0.9661733615221989,0.8294314381270904
"Wade, LaMonte",664774,2023,1.0078947368421052,1.3341818447307738,0.9853386368752285,0.91996699669967,0.8861635892893469,1.3724137931034484,1.0218320016533744,0.8313725490196078,1.0511727078891258,1.018018018018018,1.1084337349397588,0.8803418803418804,1.0204081632653061,0.8248945147679325,0.7352941176470589
"Wade, LaMonte",664774,2024,1.0668449197860963,0.9433073196122089,1.0179952653271045,0.9119341563786008,1.2410109680495947,0.9319727891156464,1.0177471487527332,0.972,1.158008658008658,1.3981900452488687,1.1375,0.8879310344827587,0.7333333333333334,0.8577405857740587,0.8528428093645485
"Wagaman, Eric",676572,2025,0.9786096256684492,0.7921943981690581,1.019598284505242,0.9316517493897477,1.1371629468953197,1.1232876712328768,1.0258873849943555,0.9718875502008032,1.0368098159509203,1.0446428571428572,0.7555555555555556,1.064705882352941,0.5,0.9515789473684211,0.9793103448275863
"Walker, Christian",572233,2019,1.1844155844155844,1.1379600995395327,1.0254009079085749,0.945332211942809,0.919088114415417,0.0,0.0,1.148,1.2906976744186047,0.9642857142857143,1.6794871794871797,0.9265536723163843,1.3508771929824561,1.0339702760084926,0.7881619937694704
"Walker, Christian",572233,2021,0.9842105263157894,1.2294889273923988,0.9997628203256622,0.909165302782324,0.8522916619417493,0.0,0.0,1.0790513833992095,1.0877944325481796,0.9954545454545454,0.7619047619047619,0.864406779661017,0.6666666666666667,1.1331923890063427,0.899665551839465
"Walker, Christian",572233,2022,1.113821138211382,1.3724075744828221,1.0165292904633374,0.9199346405228758,0.8169254217512477,0.0,0.0,0.9801587301587301,1.1531728665207877,0.9220183486238532,1.4871794871794874,0.8435754189944135,1.8372093023255816,0.9371069182389938,0.8594249201277956
"Walker, Christian",572233,2023,1.0052631578947369,1.236501511672678,0.9892638461234098,0.943069306930693,0.754802161704732,1.4551724137931035,1.0581115669791699,1.035294117647059,1.0682302771855012,0.8153153153153152,1.3734939759036144,0.9715099715099718,1.4489795918367345,1.0253164556962027,0.8856209150326798
"Walker, Christian",572233,2024,1.1443850267379678,1.246949373083175,1.0279939392807684,0.9374485596707819,0.8589739928302257,1.4761904761904763,1.0526973625331908,1.028,1.264069264069264,1.0135746606334841,1.625,0.8132183908045977,1.6444444444444444,1.0062761506276152,0.8695652173913044
"Walker, Christian",572233,2025,1.0775401069518717,1.2631057968940298,1.0176283953677299,0.9210740439381611,0.8640508275419602,1.4109589041095891,1.0370146851509512,1.2289156626506024,1.1472392638036812,1.0669642857142856,1.4333333333333333,0.876470588235294,1.3750000000000002,1.1010526315789475,0.917241379310345
"Walker, Jordan",691023,2023,1.0289473684210526,0.8096873552136091,1.0052514391793126,0.943069306930693,1.3349138077461058,1.6827586206896552,1.0486420327975579,1.1725490196078432,1.095948827292111,1.0360360360360361,0.9156626506024095,1.1054131054131058,1.0204081632653061,1.0886075949367089,1.1143790849673203
"Walker, Jordan",691023,2025,0.9893048128342246,0.767464051480003,1.034134262216198,0.9593165174938975,1.4889065168045554,1.0753424657534247,1.1018203571899436,1.4297188755020083,1.1349693251533743,0.75,1.2111111111111112,1.1382352941176472,0.5208333333333334,1.0421052631578946,1.2655172413793105
"Walker, Neil",435522,2015,0.9751381215469613,1.2617993738622164,1.0062767341578374,0.8927680798004988,0.8085549748340664,0.0,0.0,0.8705357142857142,1.1151832460732984,1.0700934579439254,0.8727272727272727,0.8976377952755906,0.8999999999999999,1.0638297872340425,1.027777777777778
"Walker, Neil",435522,2016,1.0806451612903227,1.4910771817899278,1.0018702549840197,0.9009159034138219,0.6317470951742895,0.0,0.0,0.8620689655172413,1.095,0.9953703703703703,1.123076923076923,0.7208672086720868,1.5000000000000002,1.0064377682403434,1.0564263322884013
"Walker, Neil",435522,2017,0.952127659574468,1.3878606206665907,0.9793977423763911,0.8985270049099836,0.6404425232192861,0.0,0.0,0.8649789029535865,0.8974358974358975,1.0448430493273542,0.7424242424242424,0.8342391304347827,0.8823529411764707,0.900862068965517,0.9900990099009901
"Walker, Neil",435522,2018,1.021505376344086,1.0644560592180077,0.9930325434982114,0.8792111750205422,0.6551367082925353,0.0,0.0,0.9385245901639345,0.8864734299516909,1.1210762331838564,0.8591549295774648,0.8416666666666667,0.8936170212765957,0.9785407725321889,0.9802631578947368
"Walker, Neil",435522,2019,0.9948051948051948,0.9005077710768186,0.9701901863252441,0.8931875525651808,0.915811815320878,0.0,0.0,1.06,0.8116279069767441,1.1651785714285714,0.8333333333333334,1.0056497175141244,0.543859649122807,0.9872611464968154,1.115264797507788
"Wallner, Matt",670242,2025,1.0802139037433156,1.5711945156646274,1.0191004729672333,0.9259560618388933,0.7047049198001539,1.5068493150684932,1.0712343506797275,1.42570281124498,1.0858895705521474,0.9151785714285714,1.5333333333333334,0.8,2.041666666666667,1.065263157894737,0.9620689655172415
"Walls, Taylor",670764,2022,0.8373983739837398,1.278215208342675,0.9709456894619075,0.8635620915032679,0.8109651260892745,0.0,0.0,1.0198412698412698,0.6695842450765863,1.0045871559633026,0.7948717948717949,0.9692737430167597,0.6511627906976745,0.8951781970649895,0.7220447284345048
"Walls, Taylor",670764,2023,0.8078947368421052,1.4805868652945662,0.9710958340509486,0.8646864686468646,0.6809314197992388,0.6137931034482759,0.9542320667740867,1.0745098039215688,0.7036247334754797,0.9279279279279279,0.39759036144578314,0.8461538461538463,0.7755102040816325,0.9029535864978903,0.6470588235294118
"Walls, Taylor",670764,2025,0.783422459893048,1.074571660037876,0.9520977692049403,0.8502847843775426,0.7508321421688294,0.5342465753424658,0.9396570641494022,0.8514056224899599,0.6462167689161554,0.9553571428571427,0.3666666666666667,1.011764705882353,0.3958333333333333,0.9452631578947368,0.6931034482758622
"Walsh, Jared",665120,2021,1.081578947368421,0.6036023223892317,1.008715442745232,0.939443535188216,1.6621620529073151,0.0,0.0,1.0316205533596838,1.070663811563169,1.0045454545454546,1.3452380952380953,1.1384180790960454,1.4901960784313726,1.0401691331923892,1.117056856187291
"Walsh, Jared",665120,2022,1.024390243902439,0.8114775055526187,1.01092810959837,0.9158496732026143,1.4036507759294405,0.0,0.0,1.1031746031746035,1.1291028446389497,0.9908256880733946,1.1794871794871795,1.0558659217877095,1.2325581395348837,1.029350104821803,0.9552715654952076
"Ward, Taylor",621493,2022,1.1436314363143631,1.256990232558387,1.0165161863618764,0.9199346405228758,0.6901346346169873,0.0,0.0,0.8809523809523809,1.0568927789934353,1.2706422018348624,1.5897435897435899,0.7960893854748603,1.4186046511627908,0.8679245283018868,0.7859424920127795
"Ward, Taylor",621493,2023,0.9921052631578947,1.1284584604098682,1.0175843845983465,0.9191419141914192,0.7080643192854921,1.5310344827586209,0.9757312294570383,0.8313725490196078,1.0277185501066097,0.9324324324324325,0.9879518072289157,0.9572649572649574,1.0204081632653061,0.9367088607594937,0.8790849673202615
"Ward, Taylor",621493,2024,1.1229946524064172,1.3063122883153513,1.0245274437639775,0.9004115226337449,0.5733943950302486,1.0136054421768708,0.9871591148926521,1.024,1.0151515151515151,1.2036199095022624,1.6375000000000002,0.7844827586206897,1.288888888888889,0.9037656903765692,0.7892976588628762
"Ward, Taylor",621493,2025,1.088235294117647,1.3375980457853265,1.0097104018381406,0.903173311635476,0.6203161393833371,1.0136986301369864,0.9743275339359896,0.9598393574297188,0.9959100204498977,0.9374999999999999,1.5222222222222224,0.7705882352941177,1.8333333333333333,0.791578947368421,0.9241379310344829
"Wells, Austin",669224,2024,1.0320855614973263,1.2400907288674645,0.9886814177050266,0.9152263374485597,0.7473419500587299,1.1632653061224492,1.0148278239645339,1.1,0.9480519480519479,1.0135746606334841,1.15,0.8448275862068966,1.0666666666666667,1.0271966527196654,0.8695652173913044
"Wells, Austin",669224,2025,0.9759358288770054,1.5199516663616726,1.0112929320247996,0.9104963384865744,0.6464845194849691,1.2123287671232876,1.0306838648150958,1.0963855421686748,1.1308793456032722,0.8973214285714286,1.1333333333333333,0.7941176470588235,1.5,1.065263157894737,0.9793103448275863
"Wendle, Joey",621563,2018,0.9005376344086022,0.8416750171610377,1.0027725750906173,0.9046836483155299,1.2809560488889795,0.0,0.0,0.8483606557377049,0.9468599033816426,0.9820627802690582,0.3802816901408451,1.0333333333333334,0.3617021276595745,1.0,1.2828947368421053
"Wendle, Joey",621563,2021,0.8815789473684211,0.4770316694856434,0.9850129783647195,0.8895253682487725,1.4455514935509375,0.0,0.0,0.9920948616600791,0.8029978586723768,1.0545454545454547,0.5119047619047619,1.1977401129943503,0.5686274509803922,1.0126849894291754,1.1906354515050168
"Wendle, Joey",621563,2022,0.8102981029810298,0.20479663499332001,0.9844887728365465,0.8790849673202613,1.5997594293572082,0.0,0.0,0.6746031746031746,0.87527352297593,0.8394495412844036,0.21794871794871798,1.293296089385475,0.23255813953488372,1.109014675052411,1.182108626198083
"Wendle, Joey",621563,2023,0.8263157894736842,0.30746647166524455,0.9960273004197502,0.8787128712871287,1.6835218721893561,0.4620689655172414,0.9583758221583427,1.003921568627451,0.931769722814499,0.972972972972973,0.42168674698795183,1.4074074074074077,0.18367346938775508,0.9978902953586497,1.1797385620915033
"Werth, Jayson",150029,2015,1.0607734806629834,1.3861650128644203,1.019019453350296,0.9368246051537823,0.7760520550009106,0.0,0.0,1.0803571428571428,1.1230366492146595,1.074766355140187,1.4363636363636365,0.7611548556430445,1.2,0.8063829787234043,0.9197530864197531
"Werth, Jayson",150029,2016,1.0456989247311828,1.2735583293429085,1.0310348520287336,0.95503746877602,0.7965779344905972,0.0,0.0,0.900862068965517,1.2425000000000002,0.9583333333333333,1.1384615384615384,0.8644986449864499,1.173913043478261,0.8197424892703863,0.8902821316614419
"Westburg, Jordan",676059,2024,1.1524064171122994,0.9838016752431625,1.0267152609714403,0.9152263374485597,0.99645593341164,0.8775510204081634,0.9924242820718093,1.168,1.1017316017316017,1.2036199095022624,1.4874999999999998,0.9166666666666669,1.2444444444444445,1.0648535564853556,0.9933110367892977
"Westburg, Jordan",676059,2025,1.0668449197860963,1.039752327088189,1.0099796894348025,0.9096826688364523,0.9016077650384321,0.8356164383561644,0.9862725151531987,1.1847389558232932,0.9611451942740287,0.7946428571428571,1.2555555555555555,0.8558823529411764,1.4375000000000002,1.0547368421052632,0.8862068965517242
"Wiemer, Joey",686894,2023,0.9421052631578947,0.8102583625065634,1.0029455021678624,0.9306930693069306,0.990170577720186,0.5586206896551724,0.9892493602137237,1.3215686274509806,0.9765458422174841,0.7342342342342343,1.1084337349397588,1.2022792022792024,1.0612244897959184,0.9936708860759492,1.0294117647058825
"Wieters, Matt",446308,2016,0.9838709677419355,1.3614342562822965,0.9909298126506163,0.9175686927560367,0.7696586096400482,0.0,0.0,1.0215517241379308,0.9375,1.0462962962962963,1.123076923076923,0.8265582655826559,1.0869565217391306,1.094420600858369,1.122257053291536
"Wieters, Matt",446308,2017,0.8670212765957447,1.0117056259633725,0.9810685118677055,0.867430441898527,1.003510291664022,0.0,0.0,0.8818565400843882,0.8384615384615385,1.0807174887892375,0.606060606060606,1.013586956521739,0.607843137254902,1.0538793103448274,0.900990099009901
"Wilkerson, Stevie",592859,2019,0.8311688311688311,0.8699707301498238,0.9714113766883311,0.8822539949537427,0.995056102192301,0.0,0.0,1.112,0.8372093023255814,0.9464285714285713,0.4615384615384615,1.1186440677966103,0.7894736842105263,0.9702760084925692,1.1993769470404985
"Williams, Nick",608384,2017,1.1462765957446808,0.6353820581620648,1.0068510836175835,0.8936170212765957,1.3985260138999396,0.0,0.0,1.447257383966245,1.0897435897435896,1.1883408071748878,1.1818181818181817,1.1793478260869565,1.0784313725490198,1.2715517241379308,1.118811881188119
"Williams, Nick",608384,2018,1.1559139784946237,0.8201510688413235,1.0003460583599193,0.9309778142974527,1.057618520821819,0.0,0.0,1.1106557377049182,0.9830917874396135,1.0358744394618835,0.9577464788732396,0.9972222222222222,1.2340425531914894,1.05793991416309,1.029605263157895
"Williamson, Ben",810938,2025,0.8502673796791445,0.2550868068084196,0.9889373122782997,0.8982912937347437,2.0956288592785177,0.5958904109589042,0.9779169243018219,0.887550200803213,1.0020449897750512,0.7455357142857142,0.3666666666666667,1.3294117647058825,0.10416666666666667,1.0105263157894737,1.1034482758620692
"Wilson, Jacob",805779,2025,0.8101604278074866,0.6300499448168657,0.9450946997327372,0.8828315703824247,1.736952275652513,0.9315068493150687,0.8840923200476449,0.389558232931727,0.6053169734151329,1.0,0.2444444444444444,1.3441176470588236,0.6041666666666667,1.048421052631579,1.0758620689655174
"Winker, Jesse",608385,2018,1.0,1.0906244748977003,1.0262838269581518,0.9375513557929334,1.1618648969514553,0.0,0.0,0.6311475409836066,1.1062801932367152,0.9506726457399103,0.9014084507042255,0.9777777777777776,0.6382978723404255,0.873390557939914,0.7269736842105264
"Winker, Jesse",608385,2019,0.9506493506493506,0.5561646233262313,1.0039236576184853,0.9318755256518082,1.350509298055647,0.0,0.0,0.732,1.0511627906976744,1.0267857142857142,0.5641025641025641,1.1610169491525422,0.9122807017543859,0.9363057324840766,0.7881619937694704
"Winker, Jesse",608385,2021,1.0999999999999999,0.8522069016743464,1.0199879734984132,0.927986906710311,1.032028976133497,0.0,0.0,0.7984189723320159,1.132762312633833,1.1363636363636365,1.3333333333333335,0.9971751412429378,1.3529411764705883,0.9513742071881607,0.9498327759197325
"Winker, Jesse",608385,2022,0.981029810298103,1.3509825231285553,0.9885645651524827,0.8986928104575163,0.7717634623673837,0.0,0.0,0.7936507936507937,0.9562363238512035,0.9678899082568806,0.9743589743589743,0.8743016759776537,0.9069767441860466,0.9077568134171908,0.6964856230031949
"Winker, Jesse",608385,2024,0.9598930481283422,1.0431041129430803,0.9935548235233336,0.8987654320987655,1.4006555828715086,0.44897959183673475,0.9703564098629762,0.7879999999999999,0.9458874458874459,0.9683257918552035,0.95,1.0459770114942528,0.9555555555555555,0.9037656903765692,0.68561872909699
"Winn, Masyn",691026,2024,0.8823529411764707,0.9821465857617329,0.9740826764048744,0.9144032921810699,1.1159623560366796,1.1904761904761905,0.9808936937632132,0.764,0.8701298701298701,0.9864253393665158,0.46249999999999997,1.0201149425287357,0.6888888888888889,0.9790794979079499,1.05685618729097
"Winn, Masyn",691026,2025,0.8502673796791445,1.1516299983940903,0.9822200455813765,0.8950366151342555,1.0419070896553873,1.7739726027397262,0.9828367103885091,0.7871485943775102,0.8548057259713701,0.9508928571428571,0.5444444444444445,1.0029411764705882,0.47916666666666663,0.9473684210526315,0.920689655172414
"Wisdom, Patrick",621550,2022,1.0921409214092141,1.670211526864106,1.0219185147939287,0.9199346405228758,0.7259727001059612,0.0,0.0,1.4444444444444444,1.321663019693654,0.908256880733945,1.8589743589743588,0.8296089385474861,2.0465116279069764,1.0104821802935011,0.8945686900958467
"Witt, Bobby",677951,2022,1.043360433604336,1.3251061918719511,1.0130471430000092,0.928921568627451,0.6985304330916465,0.0,0.0,1.003968253968254,0.9781181619256017,0.9495412844036697,1.1153846153846154,0.7960893854748603,1.0232558139534882,1.0859538784067089,1.1150159744408945
"Witt, Bobby",677951,2023,1.118421052631579,1.2063299027493155,1.0174606722761708,0.9389438943894389,0.9023912692539451,1.1241379310344828,1.0500000780395953,0.8980392156862745,1.0682302771855012,1.0090090090090091,1.3975903614457832,0.9401709401709403,1.163265306122449,1.0632911392405062,1.0098039215686274
"Witt, Bobby",677951,2024,1.2219251336898396,1.1351534308184568,1.045553832525325,0.9621399176954732,0.9064079960074672,1.1224489795918369,1.0481991844422254,0.892,1.1818181818181819,1.0769230769230766,1.7874999999999999,0.7902298850574714,1.311111111111111,1.0711297071129708,1.1036789297658864
"Witt, Bobby",677951,2025,1.1363636363636362,1.137255582927702,1.0451271476831683,0.9560618388934092,0.9586001701101043,1.0410958904109588,1.0443316248328625,0.9598393574297188,1.0777096114519429,1.0044642857142856,1.3888888888888888,0.8117647058823529,0.9583333333333333,1.0757894736842106,1.0275862068965518
"Wolters, Tony",547172,2019,0.774025974025974,0.7671699560404089,0.9576774440898709,0.8696383515559294,1.0768297438084502,0.0,0.0,0.8,0.5162790697674419,1.2008928571428572,0.0,1.1045197740112995,0.05263157894736842,0.9426751592356689,0.9657320872274143
"Wong, Connor",657136,2023,0.9947368421052631,1.1927045713235995,0.9934792633422204,0.9372937293729372,0.9904768476174085,0.5310344827586208,0.9934391754985117,1.2941176470588236,0.9381663113006397,1.0585585585585586,1.0843373493975903,0.9145299145299147,0.6938775510204082,1.1075949367088609,1.0588235294117647
"Wong, Connor",657136,2024,0.927807486631016,0.9398750671223314,0.964491207650405,0.8979423868312757,1.0421300021700037,1.0136054421768708,0.9990664815588991,1.16,0.8614718614718615,0.9638009049773756,0.7875,1.0833333333333335,0.8666666666666667,1.0774058577405858,0.9163879598662209
"Wong, Kolten",543939,2015,0.9171270718232045,1.014834388944001,0.9887903752948033,0.9185369908561929,1.113599583448705,0.0,0.0,0.8705357142857142,1.0,1.032710280373832,0.5454545454545454,1.041994750656168,0.6,1.0702127659574467,1.1327160493827162
"Wong, Kolten",543939,2016,0.8172043010752688,0.9259560173605418,0.97448112405206,0.8950874271440467,0.93998046625139,0.0,0.0,0.7629310344827585,0.8175000000000001,0.8518518518518517,0.46153846153846156,1.070460704607046,0.41304347826086957,1.0064377682403434,1.0783699059561127
"Wong, Kolten",543939,2017,0.8670212765957447,0.7734269711730865,0.9833643116920822,0.897708674304419,1.4741220146512877,0.0,0.0,0.8270042194092828,0.8076923076923077,1.10762331838565,0.46969696969696967,1.1168478260869565,0.27450980392156865,0.9849137931034482,0.9669966996699669
"Wong, Kolten",543939,2018,0.803763440860215,0.6566319535789044,0.974817253935685,0.8800328677074774,1.5120812143747906,0.0,0.0,0.7540983606557377,0.8429951690821256,0.8834080717488788,0.4788732394366198,1.2333333333333334,0.6595744680851063,0.8927038626609443,0.9440789473684211
"Wong, Kolten",543939,2019,0.7896103896103895,0.9774005297567028,0.9621173404908216,0.9058031959629941,1.077809246593689,0.0,0.0,0.7440000000000001,0.7395348837209302,0.9374999999999999,0.2948717948717949,1.0423728813559323,0.43859649122807015,1.0169851380042463,0.9750778816199377
"Wong, Kolten",543939,2021,0.8789473684210527,0.9876052127318317,0.9836935846022324,0.876432078559738,1.1048002500916283,0.0,0.0,0.7430830039525692,0.8758029978586723,1.0227272727272727,0.6547619047619048,1.0564971751412429,0.7450980392156863,1.0063424947145876,0.963210702341137
"Wong, Kolten",543939,2022,0.8753387533875339,1.0534021627588785,0.9742926544073823,0.8962418300653595,1.0080059414233886,0.0,0.0,0.8134920634920635,0.9102844638949672,1.0596330275229358,0.7051282051282052,1.1145251396648048,1.0,0.8951781970649895,0.8083067092651757
"Wood, James",695578,2025,1.3422459893048129,0.47030783042201435,1.0560896782100568,0.9601301871440194,1.4829851033484172,0.3767123287671233,1.0634918316105333,1.321285140562249,1.3517382413087937,1.1517857142857142,1.8111111111111111,1.0911764705882354,1.7083333333333337,0.8463157894736842,1.0275862068965518
"Yastrzemski, Mike",573262,2019,1.1272727272727272,1.4917879852817968,1.0070433892157105,0.9125315391084945,0.6294166941292783,0.0,0.0,1.104,1.1488372093023256,1.0535714285714284,1.4358974358974361,0.7627118644067797,1.3859649122807018,1.0042462845010616,0.8971962616822429
"Yastrzemski, Mike",573262,2021,0.9921052631578947,1.5289419431899873,1.0016095568368908,0.8952536824877251,0.5909053136935632,0.0,0.0,0.9683794466403162,1.0428265524625266,0.9636363636363636,1.226190476190476,0.7740112994350283,1.4509803921568627,0.9661733615221989,0.8260869565217391
"Yastrzemski, Mike",573262,2022,1.002710027100271,1.5410968976207344,1.0104892652551731,0.8962418300653595,0.7371120558496154,0.0,0.0,0.9126984126984127,1.0940919037199124,1.0871559633027523,1.448717948717949,0.8240223463687152,1.1395348837209303,0.888888888888889,0.8083067092651757
"Yastrzemski, Mike",573262,2023,1.0421052631578949,1.5011648552476533,1.004547890755022,0.9084158415841583,0.749932470338895,1.4551724137931035,0.994141252654341,0.9333333333333332,1.1449893390191899,1.1891891891891893,1.2048192771084336,0.7150997150997153,1.3265306122448979,0.8649789029535865,0.8137254901960784
"Yastrzemski, Mike",573262,2024,0.9973262032085561,1.4121280065656352,1.0122935849313222,0.8905349794238684,0.7412207576159555,1.251700680272109,0.9959089065512946,1.056,1.0995670995670994,1.0,1.325,0.7500000000000001,1.311111111111111,0.9184100418410042,0.8862876254180603
"Yastrzemski, Mike",573262,2025,0.9518716577540106,1.4454494197472967,1.0056535987106656,0.8893409275834011,0.7531858479436533,1.308219178082192,0.9892314539483658,0.7630522088353414,1.1104294478527608,0.9464285714285713,0.9555555555555555,0.75,0.9583333333333333,0.8778947368421052,0.8965517241379312
"Yelich, Christian",592885,2015,1.1243093922651934,0.015719164101571818,1.0386741520117848,0.9351620947630923,2.8616919528158578,0.0,0.0,1.0044642857142856,1.2905759162303663,1.0,0.8727272727272727,1.3648293963254592,0.475,0.9148936170212766,0.9537037037037037
"Yelich, Christian",592885,2016,1.2231182795698925,0.2278147561683034,1.045479207979021,0.9458784346378019,2.1304607499412103,0.0,0.0,1.0517241379310343,1.4099999999999997,1.0092592592592593,1.4923076923076926,1.2005420054200542,1.0217391304347827,0.869098712446352,0.8840125391849528
"Yelich, Christian",592885,2017,1.071808510638298,0.38145073910602356,1.0357141826151306,0.9198036006546645,1.589739427565114,0.0,0.0,0.9367088607594937,1.2923076923076924,0.8968609865470851,1.0757575757575757,1.2119565217391306,0.7647058823529412,0.9137931034482757,0.9504950495049503
"Yelich, Christian",592885,2018,1.3198924731182795,0.3835409393307273,1.0449855431882122,0.933442892358258,1.8342864395855263,0.0,0.0,0.9385245901639345,1.314009661835749,1.1390134529147982,1.8169014084507045,1.2333333333333334,1.7446808510638299,0.9463519313304721,0.9671052631578947
"Yelich, Christian",592885,2019,1.322077922077922,0.8696481181389922,1.050275703982572,0.9915895710681245,0.9482299326773692,0.0,0.0,1.128,1.3162790697674418,0.9508928571428571,2.0384615384615388,0.943502824858757,2.087719298245614,0.9596602972399153,1.130841121495327
"Yelich, Christian",592885,2021,0.9868421052631579,0.21956698220139081,1.020551604802363,0.9402618657937807,2.0448126566747615,0.0,0.0,0.984189723320158,1.2119914346895073,0.9136363636363637,0.9047619047619047,1.3248587570621468,0.607843137254902,0.8731501057082452,0.7625418060200669
"Yelich, Christian",592885,2022,1.0785907859078592,0.2644044656437486,1.0313204190983583,0.957516339869281,2.1127682771378486,0.0,0.0,0.9960317460317462,1.234135667396061,0.9724770642201834,1.0512820512820515,1.293296089385475,0.7906976744186047,0.9056603773584907,0.8945686900958467
"Yelich, Christian",592885,2023,1.094736842105263,0.26328076135555667,1.0299423498283422,0.9364686468646864,1.9378507111698338,0.2620689655172414,1.0297628923482318,1.0509803921568628,1.2409381663113006,0.9414414414414414,1.1084337349397588,1.267806267806268,0.9387755102040815,0.949367088607595,0.9640522875816994
"Yelich, Christian",592885,2024,1.1122994652406417,0.38178210977401833,1.0214172456907862,0.9316872427983539,2.100983374307263,0.36054421768707484,1.0279360080480942,0.924,1.1796536796536798,0.914027149321267,1.0,1.1465517241379313,1.1555555555555557,0.9539748953974896,0.9799331103678929
"Yelich, Christian",592885,2025,1.0855614973262033,0.12070916582335796,1.007535996536328,0.9227013832384052,2.0393955267397383,0.20547945205479454,1.0221031355256855,1.1646586345381524,1.0613496932515338,0.90625,1.1333333333333333,1.4529411764705882,1.4375000000000002,0.9557894736842105,0.993103448275862
"Yoshida, Masataka",807799,2023,0.9131578947368421,0.33278576804469917,1.0004119162396565,0.9265676567656765,1.8284067848262584,0.6620689655172415,1.0040153859154701,0.7215686274509804,1.0021321961620469,0.9189189189189189,0.7710843373493975,1.307692307692308,0.673469387755102,0.9156118143459916,1.0
"Yoshida, Masataka",807799,2024,0.8850267379679145,0.7900773173315297,0.9919653013090939,0.9144032921810699,1.0565739384440163,0.7551020408163266,0.9981776214544984,0.588,0.987012987012987,1.0361990950226245,0.6875,1.0545977011494254,0.6888888888888889,0.9518828451882846,0.9030100334448161
"Young, Chris",455759,2015,0.9088397790055249,1.7415557865422333,0.9692781728340651,0.9110556940980881,0.6715835091354034,0.0,0.0,0.9642857142857143,1.0183246073298429,0.94392523364486,0.890909090909091,0.8293963254593176,1.425,0.974468085106383,0.8425925925925927
"Young, Jacob",696285,2024,0.8716577540106952,0.22153154246321716,0.9281147782264506,0.8781893004115227,1.7839775582047104,0.45578231292517013,0.9253922004707542,0.772,0.6883116883116883,0.9728506787330317,0.2,1.4597701149425288,0.17777777777777778,0.9100418410041842,0.963210702341137
"Young, Jacob",696285,2025,0.8716577540106952,0.2223547118912486,0.9546257518291026,0.870626525630594,2.115043836420633,0.2808219178082192,0.9393801971576368,0.7228915662650602,0.7586912065439674,0.7946428571428571,0.2111111111111111,1.4294117647058824,0.16666666666666669,0.8989473684210525,0.8379310344827587
"Zimmer, Bradley",605548,2017,1.077127659574468,0.5763328369389679,0.9982438239220481,0.9378068739770867,1.4094675403244767,0.0,0.0,1.3248945147679325,1.123076923076923,0.8385650224215246,1.3484848484848484,1.1766304347826086,0.7647058823529412,1.0129310344827585,0.759075907590759
"Zimmerman, Ryan",475582,2015,1.2099447513812156,0.7280750561103604,1.041372774013994,0.9251870324189526,1.3020464204301285,0.0,0.0,0.9553571428571427,1.319371727748691,1.1355140186915889,1.781818181818182,1.0183727034120735,1.4500000000000002,0.876595744680851,1.0987654320987654
"Zimmerman, Ryan",475582,2016,1.021505376344086,0.7674486586141767,1.0452898421335246,0.9483763530391341,1.3356428699023821,0.0,0.0,1.0344827586206895,1.215,0.8703703703703703,1.076923076923077,1.005420054200542,1.0,0.9399141630901287,1.2225705329153604
"Zimmerman, Ryan",475582,2017,1.2287234042553192,0.6871214711523815,1.0446591264534348,0.925531914893617,1.3124858288342605,0.0,0.0,1.0295358649789028,1.3666666666666667,0.9955156950672646,1.8787878787878787,0.9945652173913044,1.6862745098039216,0.9525862068965517,1.1716171617161717
"Zimmerman, Ryan",475582,2018,1.10752688172043,0.5589472863459496,1.045340721563454,0.9104354971240756,1.406407607475823,0.0,0.0,0.9344262295081968,1.3043478260869565,0.8789237668161435,1.9154929577464792,1.1583333333333332,1.1702127659574468,0.8669527896995709,1.0164473684210527
"Zobrist, Ben",450314,2015,0.8701657458563536,0.7474230798148482,1.002551867188296,0.8960931005818786,1.2407335739481342,0.0,0.0,0.5624999999999999,1.0340314136125655,0.8878504672897197,0.6545454545454544,1.1076115485564304,0.775,0.7829787234042552,0.9753086419753088
"Zobrist, Ben",450314,2016,0.9435483870967741,0.8063095288119546,1.0041274303422152,0.9192339716902582,1.2965123312113467,0.0,0.0,0.5603448275862069,1.065,0.949074074074074,0.6923076923076923,1.0867208672086721,0.8913043478260871,0.7618025751072961,0.9184952978056424
"Zobrist, Ben",450314,2017,0.8856382978723405,0.7689543056019016,0.9961263023976519,0.8747954173486089,1.28819671550608,0.0,0.0,0.5822784810126582,0.9641025641025641,0.8565022421524664,0.6969696969696969,1.1331521739130435,0.6470588235294119,0.8491379310344827,0.8811881188118813
"Zobrist, Ben",450314,2018,0.8951612903225807,0.7056926692377888,1.015308785104076,0.8833196384552178,1.2153890101818035,0.0,0.0,0.5901639344262295,1.0869565217391304,0.9237668161434976,0.4225352112676057,1.1055555555555556,0.4680851063829786,0.8776824034334764,0.8815789473684211
"Zunino, Mike",572287,2015,1.0055248618784531,1.9839683127139949,1.0042391552790593,0.9193682460515378,0.5002957959468284,0.0,0.0,1.5758928571428568,1.0942408376963348,0.7850467289719627,1.6545454545454545,0.6797900262467191,1.25,1.0553191489361702,0.9413580246913581
"Zunino, Mike",572287,2017,1.2898936170212765,1.6831737249525565,1.0325509248547888,0.9337152209492634,0.6579414641663939,0.0,0.0,1.620253164556962,1.446153846153846,1.0269058295964126,2.1969696969696964,0.6820652173913044,2.1568627450980395,1.0624999999999998,1.0033003300330032
"Zunino, Mike",572287,2018,1.1908602150537635,1.4194720185583067,1.0139313662380969,0.9531635168447,0.7042182616842875,0.0,0.0,1.5532786885245902,1.2463768115942029,1.0179372197309415,1.9436619718309862,0.7888888888888889,1.8936170212765957,1.055793991416309,1.055921052631579
"Zunino, Mike",572287,2021,1.3605263157894738,1.824087432027475,1.0208811964629891,0.9599018003273322,0.5645286707055027,0.0,0.0,1.533596837944664,1.2077087794432546,0.9227272727272727,2.892857142857143,0.7542372881355933,3.196078431372549,0.9894291754756872,1.0234113712374582
"d'Arnaud, Travis",518595,2016,0.8279569892473119,0.7710989657408699,1.0053181849157995,0.8925895087427145,1.4240734069469345,0.0,0.0,0.7068965517241379,1.0775000000000001,0.6898148148148147,0.5384615384615385,1.1680216802168022,0.4347826086956522,0.9849785407725321,0.7711598746081505
"d'Arnaud, Travis",518595,2017,0.8962765957446809,1.1116696581067862,1.0052239521349324,0.9132569558101472,0.9534122482819273,0.0,0.0,1.0042194092827004,0.976923076923077,0.9417040358744394,0.9848484848484848,1.0081521739130437,1.0784313725490198,1.125,0.9768976897689768
"d'Arnaud, Travis",518595,2019,1.025974025974026,1.1264691862373553,1.0135217408243187,0.9512195121951219,1.1316324299441856,0.0,0.0,1.056,0.983720930232558,1.0982142857142856,0.9871794871794872,0.8615819209039548,1.0350877192982455,1.0700636942675161,1.003115264797508
"d'Arnaud, Travis",518595,2022,1.013550135501355,0.9238996860804926,0.9997273294110006,0.9174836601307189,1.025017483341003,0.0,0.0,1.0674603174603177,0.9540481400437636,1.055045871559633,1.0897435897435899,1.0335195530726258,1.372093023255814,1.109014675052411,1.0798722044728435
"d'Arnaud, Travis",518595,2023,1.0315789473684212,0.8435300075970437,1.019804206497719,0.9141914191419142,1.1336188505122833,0.9310344827586208,1.0203626511484614,1.1215686274509804,1.023454157782516,1.0360360360360361,1.0843373493975903,1.0398860398860401,1.1224489795918366,1.0970464135021096,0.8202614379084968
"d'Arnaud, Travis",518595,2024,1.0909090909090908,0.9009774464425814,1.0140764611895077,0.9037037037037037,1.1169098712446353,0.7210884353741497,0.9984575268641254,1.3120000000000003,1.051948051948052,0.9773755656108597,1.3,1.1120689655172415,1.5111111111111113,1.0606694560669456,0.9063545150501673
