player_name,year,playerid,velo,spin_rate,hh,barrel,weak,ld,whiff,chase%,swing%,x_move,z_move,extension,hr,xwobacon,ev,la,gb/fb,release_con%,pitch_count,bip
Andrew Abbott,2023,671096,1.01,1.05,1.24,1.18,0.7,1.06,0.99,0.97,1.0,0.88,0.98,1.09,1.07,0.96,0.99,1.55,0.64,93.09,1885,294
Andrew Abbott,2024,671096,1.01,1.06,0.99,1.21,0.89,1.03,0.88,0.94,1.01,0.92,1.04,1.06,1.16,0.89,0.99,1.6,0.8,90.2,2318,416
Tim Adleman,2017,534947,0.97,0.95,0.87,1.08,0.87,1.06,1.05,0.94,1.0,1.05,0.96,1.05,1.73,0.99,0.98,1.29,0.74,63.24,2073,363
Dario Agrazal,2019,642607,0.98,1.01,0.77,0.99,0.81,1.18,0.7,1.01,1.02,0.99,0.99,0.92,1.4,0.95,0.99,1.5,0.6,73.5,1001,237
Keegan Akin,2021,669211,0.98,1.03,1.19,1.34,0.84,0.91,0.91,0.84,1.03,0.92,0.98,0.95,1.21,1.04,0.98,1.27,0.81,57.16,1700,288
Keegan Akin,2022,669211,1.0,1.0,1.02,0.93,1.18,1.02,1.06,0.86,1.1,0.83,1.01,0.94,0.91,0.94,0.98,0.79,1.62,52.83,1226,229
Sandy Alcantara,2019,645261,1.03,1.07,0.94,0.95,1.05,0.92,1.08,1.09,1.05,0.99,0.98,0.91,0.88,0.92,1.0,0.77,0.98,46.39,3061,593
Sandy Alcantara,2021,645261,1.06,1.06,1.14,0.91,1.15,0.98,1.16,0.97,1.12,0.91,1.03,0.96,0.79,0.92,0.98,0.44,1.54,70.03,2997,564
Sandy Alcantara,2022,645261,1.06,1.06,1.09,0.77,1.17,0.85,1.02,0.99,1.11,0.87,1.05,0.95,0.53,0.84,0.99,0.37,1.53,84.41,3220,617
Sandy Alcantara,2023,645261,1.06,1.06,1.15,1.04,1.07,0.94,1.03,0.95,1.13,0.9,1.03,0.97,0.9,0.99,1.0,0.44,1.28,55.81,2648,544
Jason Alexander,2022,669920,0.99,0.98,1.19,1.2,1.02,0.97,0.79,1.15,0.95,1.04,0.92,1.0,1.11,1.0,1.0,0.4,1.34,3.75,1101,237
Tyler Alexander,2021,641302,0.97,0.94,1.2,1.29,0.93,0.99,0.89,0.95,1.05,0.98,1.01,1.01,0.99,1.02,0.97,1.06,1.06,93.16,1042,216
Tyler Alexander,2022,641302,0.97,0.96,1.06,1.58,0.72,1.08,0.74,0.92,1.07,0.93,0.98,1.0,1.18,1.05,0.99,1.28,0.92,91.4,1130,244
Tyler Alexander,2024,641302,0.96,0.97,1.05,1.17,0.73,1.1,0.81,0.92,1.06,0.93,1.1,0.99,1.35,1.03,0.99,1.44,0.72,32.57,1127,238
Kolby Allard,2021,663465,0.98,0.91,1.03,1.42,1.01,1.02,0.85,0.87,0.96,0.96,0.98,0.98,1.52,1.04,0.99,1.09,0.94,85.38,1554,288
Logan Allen,2023,671106,0.98,0.83,1.09,0.96,1.18,0.98,0.93,0.96,1.01,0.94,0.97,1.04,0.79,0.96,0.99,0.61,1.47,82.86,1887,322
Logan Allen,2024,671106,0.97,0.82,1.25,1.34,1.29,0.96,0.82,0.86,0.95,0.89,0.95,1.02,1.35,1.04,1.01,0.83,1.73,13.86,1237,237
Adbert Alzolay,2021,640470,1.01,1.06,1.1,1.57,0.97,1.0,1.05,0.92,1.02,0.98,1.02,1.02,1.63,1.09,0.99,1.04,1.01,70.48,1656,290
Brett Anderson,2015,474463,0.97,0.88,0.85,0.66,1.57,0.8,0.76,1.12,0.97,1.01,1.04,0.87,0.74,0.86,1.04,-0.12,3.52,24.92,2676,582
Brett Anderson,2018,474463,0.97,0.91,1.06,1.0,1.22,0.98,0.63,1.05,1.0,0.97,0.96,0.91,0.71,0.91,1.02,0.53,2.06,43.45,1112,249
Brett Anderson,2019,474463,0.97,0.88,1.04,1.18,1.16,0.93,0.8,0.94,1.03,0.94,0.95,0.91,0.85,0.99,1.03,0.56,1.58,62.43,2498,580
Brett Anderson,2021,474463,0.96,0.8,1.22,1.42,1.14,0.97,0.72,1.16,0.89,0.98,0.89,0.94,0.86,1.01,1.02,0.37,1.86,42.62,1053,251
Chase Anderson,2015,502624,0.99,1.01,0.79,0.75,1.02,0.97,0.81,1.0,1.0,1.04,0.93,0.9,0.82,0.9,1.04,1.05,1.18,54.46,2424,478
Chase Anderson,2016,502624,0.98,1.03,0.76,1.26,0.82,1.11,0.86,0.93,0.95,1.04,0.9,0.92,1.33,1.03,1.0,1.37,0.86,2.37,2510,444
Chase Anderson,2017,502624,1.0,1.02,0.77,0.56,1.02,0.93,1.1,1.01,1.02,1.04,1.02,0.89,0.72,0.82,0.97,1.24,1.22,5.92,1977,339
Chase Anderson,2018,502624,0.98,1.02,0.87,1.21,0.8,1.03,0.95,0.99,1.01,1.02,0.99,0.88,1.48,0.97,0.98,1.53,0.66,3.53,2323,409
Chase Anderson,2019,502624,0.99,1.08,0.92,0.74,0.72,0.91,1.07,1.08,1.1,0.99,1.04,0.9,1.06,0.93,0.99,1.75,0.58,2.51,1712,299
Cody Anderson,2015,594736,1.0,1.08,1.03,0.78,1.29,0.92,0.68,1.02,1.05,1.05,0.95,0.96,0.83,0.89,1.06,0.7,1.64,33.12,985,230
Ian Anderson,2021,666120,1.03,0.89,1.16,1.43,1.34,0.91,1.1,0.95,0.96,0.86,0.95,1.11,1.02,0.97,0.98,0.42,1.64,90.34,2130,346
Ian Anderson,2022,666120,1.03,0.84,1.17,0.88,1.2,0.94,1.05,1.05,0.99,0.9,0.91,1.11,0.76,0.93,1.0,0.55,1.57,84.96,2003,341
Shaun Anderson,2019,641312,1.0,1.11,1.05,1.02,1.05,1.23,0.83,1.0,1.05,0.96,1.03,0.99,0.94,1.05,1.01,0.93,1.21,26.25,1402,282
Tyler Anderson,2016,542881,0.97,0.99,0.8,0.5,1.38,0.85,0.94,0.98,1.07,0.88,0.95,0.96,0.93,0.85,0.97,0.81,1.68,34.22,1293,245
Tyler Anderson,2018,542881,0.98,1.03,0.86,0.77,0.89,1.03,1.01,0.74,0.98,0.87,0.92,0.96,1.14,0.89,0.99,1.29,0.75,36.52,1918,342
Tyler Anderson,2021,542881,0.96,1.03,0.95,1.23,0.78,1.13,1.05,0.97,1.04,0.94,1.02,0.95,1.29,0.99,0.96,1.59,0.61,40.62,1860,354
Tyler Anderson,2022,542881,0.95,1.02,0.8,0.71,0.88,0.99,1.01,0.98,1.04,0.9,0.99,0.97,0.57,0.82,0.95,1.34,0.7,31.3,1968,372
Tyler Anderson,2023,542881,0.96,1.02,0.82,1.12,0.64,1.07,1.12,1.05,0.99,0.88,1.02,0.99,0.92,0.97,0.95,1.39,0.51,45.55,1727,303
Tyler Anderson,2024,542881,0.95,1.02,0.84,0.94,0.87,1.08,1.09,0.99,1.0,0.82,1.03,0.98,0.73,0.92,0.97,1.52,0.69,56.64,2231,412
Matt Andriese,2016,542882,1.0,1.02,1.06,1.01,0.96,0.86,0.92,1.08,1.05,0.92,1.03,0.93,0.96,0.98,1.03,0.91,1.19,36.56,1558,306
Matt Andriese,2017,542882,1.01,1.11,1.06,0.98,0.9,0.98,0.92,0.87,1.04,0.93,1.02,0.9,1.29,1.05,1.0,0.6,1.19,17.74,1314,250
Matt Andriese,2018,542882,1.0,1.12,1.33,1.12,1.03,0.89,1.02,0.95,1.07,0.92,0.95,0.89,1.42,1.06,1.0,0.65,1.26,37.34,1184,205
Chris Archer,2015,502042,1.03,0.92,0.98,0.62,1.14,1.0,1.07,1.07,0.97,0.91,1.03,0.94,0.71,0.93,1.06,0.61,1.56,18.64,3437,545
Chris Archer,2016,502042,1.03,0.98,1.07,1.12,1.16,0.83,1.03,0.92,0.93,0.91,1.08,0.94,1.09,1.0,1.02,0.88,1.5,49.28,3397,541
Chris Archer,2017,502042,1.04,1.04,1.03,0.79,0.95,1.08,1.06,0.88,0.99,0.92,1.02,0.94,0.99,1.01,1.0,1.07,1.23,41.07,3385,533
Chris Archer,2018,502042,1.03,1.03,1.01,0.88,0.99,1.04,1.03,0.96,1.01,0.9,1.06,0.93,0.97,1.04,1.01,1.01,1.29,37.19,2461,412
Chris Archer,2019,502042,1.03,1.04,1.09,1.5,0.83,1.13,1.03,1.15,0.95,0.9,1.02,0.92,1.77,1.17,1.01,1.15,0.9,77.96,2041,313
Chris Archer,2022,502042,1.03,1.01,1.16,1.21,0.96,1.02,0.82,0.89,0.93,0.9,1.07,1.0,0.84,0.98,0.99,0.94,1.14,62.83,1690,291
Jake Arrieta,2015,453562,1.04,1.02,0.64,0.33,1.36,0.89,1.03,1.11,1.02,0.98,1.06,0.98,0.4,0.8,1.01,0.59,1.85,58.9,3245,553
Jake Arrieta,2016,453562,1.03,1.06,0.77,0.72,1.17,0.95,1.18,1.0,0.99,0.89,0.97,1.01,0.7,0.89,0.99,1.01,1.34,31.69,2956,498
Jake Arrieta,2017,453562,1.01,1.05,0.87,0.91,0.93,0.98,1.03,0.91,0.96,0.99,1.02,0.99,1.21,0.95,0.97,1.32,0.79,38.76,2658,470
Jake Arrieta,2018,453562,1.02,1.04,0.87,0.91,1.05,0.99,0.87,0.96,0.99,1.03,1.08,0.97,1.03,0.94,1.0,1.02,1.11,75.26,2696,514
Jake Arrieta,2019,453562,1.02,1.03,0.99,1.1,1.02,1.04,0.8,1.03,0.94,1.02,0.93,0.95,1.24,1.01,1.02,0.96,1.25,80.31,2154,419
Jake Arrieta,2021,453562,1.01,0.99,1.18,1.48,0.89,1.17,0.81,0.79,0.93,1.08,1.0,0.95,1.79,1.12,1.01,1.17,0.83,36.3,1726,333
Spencer Arrighetti,2024,681293,1.01,1.05,1.06,0.87,0.85,1.27,1.12,0.98,1.0,1.04,0.96,1.15,0.92,1.0,0.98,0.84,1.08,4.58,1997,292
Aaron Ashby,2022,676879,1.02,1.02,1.01,1.24,1.19,0.85,1.24,1.04,0.96,0.91,1.04,0.89,1.44,0.99,0.98,0.45,1.49,55.84,1571,259
Javier Assad,2024,665871,0.98,0.91,1.07,1.28,0.88,1.03,0.89,0.91,0.93,0.88,0.98,1.06,0.93,0.98,0.99,1.34,0.73,11.31,1825,307
Homer Bailey,2017,456701,1.01,0.88,0.96,0.6,1.08,1.18,0.83,0.78,0.97,0.97,0.98,1.04,0.72,1.03,0.99,0.8,1.38,43.58,1494,290
Homer Bailey,2018,456701,1.01,0.88,1.15,1.23,0.97,1.15,0.76,0.91,1.06,0.92,0.98,1.0,1.36,1.08,1.01,1.15,0.98,67.88,1774,379
Homer Bailey,2019,456701,1.0,0.86,1.07,0.79,1.02,0.93,0.86,0.96,1.01,0.91,0.95,1.02,0.77,0.96,1.01,0.94,1.32,21.01,2484,443
Jaime Barria,2018,642545,0.97,0.96,0.93,1.02,0.77,1.02,0.82,1.06,0.95,0.98,1.03,0.9,1.04,0.95,1.0,1.39,0.7,24.59,2160,386
Jaime Barria,2019,642545,0.99,0.95,1.19,1.56,0.68,1.11,0.78,0.88,0.92,0.91,1.04,0.93,1.91,1.11,1.02,1.38,0.66,31.08,1412,250
Jaime Barria,2022,642545,1.0,0.96,1.02,1.47,0.89,0.79,0.94,0.89,1.06,0.93,1.11,0.97,1.01,0.94,0.99,1.33,0.7,42.55,1118,237
Jaime Barria,2023,642545,1.0,0.94,0.91,1.35,0.83,1.0,0.81,0.79,0.99,0.96,1.12,1.0,1.45,1.06,0.98,1.52,0.71,40.06,1281,247
Chris Bassitt,2015,605135,1.0,0.96,0.66,0.57,0.94,0.84,0.94,0.93,1.01,1.12,1.11,0.97,0.49,0.91,1.02,0.9,1.07,31.49,1303,242
Chris Bassitt,2019,605135,0.99,1.0,0.78,0.6,0.89,1.04,1.05,0.94,1.02,0.97,1.05,0.97,0.85,0.88,0.98,1.46,0.8,47.38,2072,347
Chris Bassitt,2021,605135,0.99,0.99,0.87,0.87,0.93,1.04,1.11,0.94,1.03,0.88,1.04,1.02,0.69,0.9,0.97,1.15,0.87,35.93,1706,317
Chris Bassitt,2022,605135,0.98,0.97,0.86,0.86,1.15,0.84,1.01,0.85,0.98,0.94,1.06,1.01,0.75,0.88,0.95,1.06,1.19,32.93,2385,431
Chris Bassitt,2023,605135,0.97,0.96,1.0,1.0,0.96,1.06,1.0,0.87,1.03,0.94,1.04,1.02,0.86,0.93,0.97,1.27,0.73,36.54,2406,448
Chris Bassitt,2024,605135,0.97,0.96,1.06,0.95,0.83,1.17,0.93,0.76,0.98,1.01,1.04,1.04,0.75,1.01,0.99,1.4,0.81,3.77,1954,353
Trevor Bauer,2015,545333,1.0,0.99,0.95,0.77,0.9,0.96,0.84,0.98,0.98,0.87,1.04,1.0,1.05,0.92,1.04,1.05,0.82,38.04,2216,396
Trevor Bauer,2016,545333,1.0,1.01,1.13,0.91,1.02,1.0,1.0,0.86,0.96,0.92,1.06,0.99,0.83,1.01,1.02,0.94,1.23,39.65,2528,457
Trevor Bauer,2017,545333,1.0,1.02,0.98,1.12,1.06,1.0,0.84,0.8,0.91,0.97,1.04,0.97,1.07,1.02,0.99,0.58,1.36,72.43,2725,438
Trevor Bauer,2018,545333,1.01,1.05,0.8,0.62,1.11,1.0,1.09,0.93,0.96,1.0,1.02,0.98,0.37,0.87,1.0,0.35,1.73,90.48,2536,376
Trevor Bauer,2019,545333,1.0,1.06,1.05,1.18,0.93,0.94,1.08,1.06,1.0,0.99,1.04,0.98,1.33,1.02,1.01,0.77,1.06,90.4,2930,443
Tristan Beck,2023,663941,1.02,0.99,1.03,1.09,1.06,0.93,0.8,0.92,1.05,0.97,1.1,1.09,0.84,0.91,1.01,1.17,1.21,29.67,1188,241
Tyler Beede,2019,595881,1.01,0.99,1.2,1.06,1.08,0.93,0.92,0.97,1.0,0.97,0.99,0.98,1.21,1.02,1.04,0.75,1.27,54.33,1743,335
Jalen Beeks,2019,656222,1.0,0.97,1.0,1.21,1.05,1.1,0.9,0.95,0.96,0.92,1.02,0.98,0.85,1.03,1.01,0.91,1.43,22.33,1710,310
Brayan Bello,2023,678394,1.02,0.95,1.2,1.01,1.17,0.82,1.06,1.0,1.02,0.96,0.98,1.02,1.11,0.96,1.0,0.25,1.57,69.9,2422,449
Brayan Bello,2024,678394,1.04,0.97,1.23,1.24,1.12,1.06,0.98,0.93,0.98,0.97,0.97,1.01,1.04,1.04,1.0,0.51,1.38,51.31,2573,455
Jose Berrios,2017,621244,1.0,0.98,0.79,0.76,0.96,1.06,1.04,1.12,0.99,1.07,0.99,1.02,0.85,0.96,0.98,1.33,0.76,40.09,2377,413
Jose Berrios,2018,621244,1.0,0.97,0.91,0.82,0.91,0.85,1.14,1.09,1.03,1.08,0.96,0.99,1.15,0.97,0.98,1.21,0.82,73.74,2960,498
Jose Berrios,2019,621244,0.99,0.96,0.92,0.94,1.02,0.98,1.0,1.11,1.05,1.02,0.98,1.03,0.98,1.0,1.0,1.02,0.91,56.07,3103,584
Jose Berrios,2021,621244,1.01,0.96,1.05,1.28,1.01,1.12,1.04,1.07,1.02,1.0,0.97,1.04,0.91,1.06,0.98,1.18,0.95,87.19,3036,515
Jose Berrios,2022,621244,1.01,0.95,1.19,1.31,0.87,1.04,0.9,1.01,1.05,1.03,0.97,1.04,1.17,1.1,1.0,0.97,0.82,5.32,2716,546
Jose Berrios,2023,621244,1.01,0.94,0.99,1.27,0.87,1.2,1.05,0.98,1.0,0.97,0.99,1.06,1.1,1.1,0.99,0.95,0.86,47.17,2932,535
Jose Berrios,2024,621244,1.01,0.94,1.21,1.21,0.88,1.12,0.91,0.99,1.0,1.01,1.0,1.04,1.34,1.05,1.0,1.24,0.82,77.89,2810,538
Chad Bettis,2015,518452,0.99,0.88,0.85,0.76,1.27,0.96,0.93,1.19,0.97,1.12,0.88,0.97,0.66,0.93,1.04,0.6,1.79,30.1,1759,328
Chad Bettis,2016,518452,1.0,0.88,0.91,0.73,1.32,0.93,0.83,1.14,0.96,1.08,0.92,0.95,0.74,0.96,1.01,0.44,2.34,37.22,3002,598
Chad Bettis,2018,518452,0.98,0.83,1.03,1.04,1.27,0.96,0.75,0.77,0.88,1.02,0.9,0.93,0.9,0.95,1.03,0.56,1.6,31.55,1519,304
Joe Biagini,2017,607352,1.01,1.03,0.85,0.78,1.09,0.98,0.98,0.91,1.01,0.87,1.03,0.95,0.94,0.89,0.97,0.95,1.19,85.55,1617,308
Tanner Bibee,2023,676440,1.01,1.06,1.2,0.9,1.0,1.05,0.98,0.99,0.98,0.9,1.12,1.05,0.56,0.95,1.0,1.41,1.02,38.6,1693,292
Tanner Bibee,2024,676440,1.01,1.07,1.1,0.93,0.98,1.1,0.99,0.88,1.08,0.94,1.14,1.06,1.06,1.01,0.99,1.41,1.0,27.36,1931,341
Shane Bieber,2018,669456,1.0,0.97,0.96,0.89,1.24,1.06,0.89,0.94,1.01,0.91,0.96,1.01,0.71,1.01,1.01,0.69,1.73,85.26,1731,328
Shane Bieber,2019,669456,1.01,0.99,1.14,1.17,1.07,0.98,1.0,1.09,1.02,0.98,0.87,1.02,1.13,1.05,1.03,0.99,1.32,88.24,3216,532
Shane Bieber,2021,669456,1.02,1.05,1.14,1.23,0.99,1.23,1.23,1.02,1.05,0.94,0.99,1.07,0.88,1.05,0.99,0.27,1.24,99.05,1436,216
Shane Bieber,2022,669456,1.0,1.0,1.14,1.04,1.06,1.1,1.01,0.93,1.07,0.94,0.93,1.08,0.61,0.99,1.0,0.65,1.41,70.63,2345,443
Shane Bieber,2023,669456,1.0,1.01,1.24,1.15,1.19,1.01,0.71,0.96,0.96,0.95,0.84,1.1,0.84,1.02,1.01,0.36,1.58,98.82,1355,270
Brandon Bielak,2023,656232,1.0,1.06,1.36,1.28,1.12,0.99,0.93,1.02,1.01,0.97,0.95,0.89,0.86,0.97,1.0,0.58,1.6,76.62,1068,205
Jake Bird,2023,656234,1.03,0.99,1.14,0.95,1.12,0.9,1.04,0.73,1.06,1.05,0.99,0.94,0.56,0.94,1.0,0.38,1.45,78.69,1101,220
Ty Blach,2017,621389,0.96,1.0,0.86,0.63,0.97,0.98,0.75,0.75,1.0,0.96,1.03,0.8,0.81,0.93,0.98,1.31,0.9,78.9,2181,517
Ty Blach,2018,621389,0.96,1.02,0.94,0.72,1.07,1.07,0.9,0.88,0.95,1.0,0.99,0.78,0.43,0.94,1.0,1.14,1.43,68.46,1766,374
Paul Blackburn,2022,621112,1.0,0.98,1.25,1.21,0.94,0.81,0.99,1.02,0.93,0.95,1.01,1.02,0.99,0.99,1.01,0.34,1.21,79.79,1334,258
Paul Blackburn,2023,621112,0.99,0.98,1.08,0.95,0.97,1.1,0.96,1.21,0.96,1.02,0.94,1.02,0.78,0.96,0.99,0.51,1.07,88.29,1281,205
Aaron Blair,2016,594760,0.99,0.92,0.85,0.97,1.04,0.97,0.83,1.0,1.03,1.11,0.89,1.06,1.23,0.93,1.01,0.8,1.0,37.07,1059,209
Ronel Blanco,2024,669854,1.01,0.92,1.02,1.31,0.86,0.85,1.0,0.93,1.02,0.95,1.1,1.1,1.08,0.99,0.99,1.06,0.8,64.45,2488,411
Ryan Borucki,2018,621366,0.99,1.07,0.87,1.19,0.86,0.85,0.79,0.9,0.96,1.05,1.03,1.02,0.71,0.95,1.0,1.41,0.81,71.06,1288,264
Matthew Boyd,2016,571510,0.98,1.06,0.94,0.98,1.02,0.88,0.79,1.06,1.12,0.95,1.01,1.02,1.12,0.93,0.99,1.27,0.98,15.5,1490,277
Matthew Boyd,2017,571510,0.98,1.0,0.89,0.87,0.82,1.09,0.94,0.89,1.03,0.99,1.1,0.98,0.9,0.99,0.98,1.74,0.74,15.05,2328,433
Matthew Boyd,2018,571510,0.95,1.0,0.93,0.89,0.73,1.0,0.89,0.91,0.98,1.08,1.04,0.95,1.22,0.87,0.99,1.65,0.46,31.46,2840,484
Matthew Boyd,2019,571510,0.97,1.05,0.94,1.13,0.86,0.93,1.21,1.04,1.06,0.97,0.96,0.98,1.43,1.01,1.0,1.15,0.86,24.3,2970,471
Matthew Boyd,2021,571510,0.97,1.04,1.02,1.14,0.88,1.02,0.86,0.97,1.1,0.99,1.01,1.0,0.74,0.95,0.97,1.06,0.83,32.36,1104,221
Cody Bradford,2024,674003,0.96,0.94,0.85,1.17,0.87,1.04,0.98,1.02,1.03,0.95,1.04,1.14,1.01,0.91,0.97,1.37,0.79,97.54,1083,205
Kyle Bradish,2022,680694,1.03,1.01,1.09,1.03,1.12,1.02,0.87,0.9,0.97,0.85,1.0,1.06,1.02,0.98,0.99,0.63,1.77,4.4,1901,324
Kyle Bradish,2023,680694,1.04,1.05,1.12,1.0,1.13,1.03,0.96,0.91,0.99,0.87,1.03,1.05,0.68,0.97,1.0,0.8,1.48,59.35,2632,449
Archie Bradley,2016,605151,1.0,0.99,0.88,0.67,1.13,1.11,0.86,1.01,0.94,1.02,0.86,1.06,0.76,0.98,1.01,0.65,2.1,10.49,2529,420
Taj Bradley,2023,671737,1.03,1.01,1.19,1.44,0.85,1.04,0.94,0.93,1.1,0.82,1.1,1.04,1.42,1.07,0.99,1.07,1.04,90.29,1366,217
Taj Bradley,2024,671737,1.05,1.03,1.2,1.32,0.86,1.13,1.01,0.98,1.11,0.81,1.12,1.05,1.21,1.04,1.01,0.8,0.89,95.12,1569,269
Steven Brault,2019,643230,0.99,0.91,0.89,0.71,1.13,1.0,0.78,0.98,0.93,1.07,0.93,1.09,0.73,0.93,1.01,0.65,1.52,13.09,1560,284
John Brebbia,2022,605154,1.0,1.06,1.02,0.88,0.84,0.97,0.91,0.94,1.09,0.96,1.1,1.09,0.44,0.88,0.99,1.4,0.81,29.62,1085,213
Parker Bridwell,2017,592170,1.0,1.07,0.94,0.82,0.89,1.07,0.89,0.98,1.03,1.05,0.93,0.92,1.2,1.04,1.0,1.36,0.78,61.93,1444,310
Beau Brieske,2022,689225,1.0,1.08,1.17,1.39,0.84,0.99,0.71,0.77,1.07,0.85,0.98,0.93,0.95,1.06,0.99,1.27,0.89,63.22,1134,232
Jhony Brito,2023,666745,1.04,0.96,1.08,1.25,0.92,0.92,0.97,0.9,1.09,0.91,1.13,1.0,1.1,0.95,0.99,1.33,0.69,27.22,1128,232
Aaron Brooks,2019,605156,1.0,0.96,1.14,1.05,0.91,0.9,0.76,1.01,0.97,1.0,1.03,0.94,1.33,1.02,1.02,0.97,0.89,81.32,1830,350
Hunter Brown,2023,686613,1.03,1.01,1.2,1.54,1.14,1.05,1.04,1.07,1.02,0.82,1.01,1.09,1.23,1.04,0.99,0.6,1.46,31.25,1901,267
Hunter Brown,2024,686613,1.03,0.98,0.77,0.62,1.1,0.96,1.19,1.07,0.99,0.87,1.08,1.07,0.9,0.88,0.96,0.8,0.95,15.0,2248,353
JT Brubaker,2021,664141,1.02,1.07,1.12,1.3,0.87,0.93,0.98,0.93,1.01,0.97,1.0,0.95,1.75,1.05,1.01,1.12,0.88,94.5,1808,328
JT Brubaker,2022,664141,1.02,1.1,1.12,1.16,0.89,1.19,1.09,1.03,1.04,0.96,1.02,0.92,0.97,1.03,1.01,1.07,0.96,84.74,2121,392
Kris Bubic,2021,663460,0.97,0.94,1.18,1.39,1.21,0.97,0.93,0.84,0.94,0.92,1.05,1.06,1.34,1.04,0.99,0.85,1.57,46.43,2199,376
Kris Bubic,2022,663460,0.99,0.98,1.28,1.09,0.91,1.28,0.85,0.81,1.0,0.91,1.1,1.05,0.87,1.06,0.99,0.88,1.65,80.32,2255,409
David Buchanan,2015,571527,0.96,0.97,0.95,0.78,0.96,0.82,0.58,1.05,1.01,1.07,0.96,0.9,1.13,1.02,1.05,0.71,1.56,48.75,1000,233
Clay Buchholz,2015,453329,0.99,1.01,0.96,0.31,1.06,0.91,0.95,0.92,1.0,0.94,1.06,1.06,0.51,0.89,1.04,0.76,1.25,19.82,1289,253
Clay Buchholz,2016,453329,0.99,1.02,0.89,1.05,0.96,0.84,0.87,1.0,0.94,0.98,1.07,1.02,1.2,0.95,1.01,1.48,0.7,23.26,1709,331
Clay Buchholz,2018,453329,0.96,0.98,1.06,0.88,0.89,1.05,0.64,0.78,0.97,0.98,1.01,1.0,0.98,0.96,1.02,1.05,0.93,60.56,1066,221
Walker Buehler,2018,621111,1.03,1.1,0.83,0.57,1.18,0.78,1.23,1.11,1.04,0.9,1.04,0.97,0.71,0.81,0.99,0.93,1.52,68.66,1825,275
Walker Buehler,2019,621111,1.03,1.13,0.99,0.72,0.99,1.01,1.14,1.04,1.07,0.9,0.99,0.99,0.87,0.97,1.0,0.83,1.06,47.99,2442,393
Walker Buehler,2021,621111,1.02,1.11,1.07,0.99,1.04,0.93,1.04,0.99,1.03,0.92,1.04,1.03,0.73,0.9,1.0,0.93,1.07,61.64,2477,409
Mark Buehrle,2015,279824,0.91,0.91,0.9,0.74,1.08,1.01,0.55,1.06,1.03,1.08,1.01,1.0,0.81,0.96,1.03,0.82,1.28,65.75,2251,570
Madison Bumgarner,2015,518516,1.0,1.01,0.7,0.62,0.9,0.91,1.1,1.21,1.11,1.01,1.01,1.0,0.8,0.91,1.02,0.73,0.97,9.65,2159,393
Madison Bumgarner,2016,518516,0.98,1.0,0.8,0.84,0.84,0.91,1.14,1.27,1.01,1.04,1.02,1.06,0.86,0.91,0.99,1.19,0.77,57.29,2264,356
Madison Bumgarner,2018,518516,0.98,0.92,0.91,0.91,1.09,0.9,0.73,1.02,0.96,1.06,1.01,1.0,0.68,0.92,1.01,0.81,1.17,93.31,1321,247
Madison Bumgarner,2019,518516,0.99,1.06,1.17,1.11,0.78,1.02,1.01,1.12,1.05,1.02,1.01,1.01,0.9,0.98,1.02,1.2,0.87,93.86,2148,360
Madison Bumgarner,2021,518516,0.98,0.99,1.14,1.21,0.71,1.13,0.89,0.88,1.0,1.04,1.03,1.06,1.07,0.99,1.0,1.11,0.59,5.29,1427,266
Madison Bumgarner,2022,518516,0.99,0.94,1.2,1.17,0.86,1.03,0.78,1.06,0.96,1.1,1.02,1.06,0.85,0.95,1.0,1.29,0.8,70.78,1680,300
Dylan Bundy,2016,605164,1.0,1.05,0.9,0.85,0.91,1.07,0.97,1.04,1.05,1.01,1.01,0.97,1.17,0.96,0.99,1.24,0.87,36.67,1925,318
Dylan Bundy,2017,605164,0.98,1.06,0.97,1.09,0.72,1.0,0.95,1.12,1.03,1.0,1.05,0.92,1.18,0.98,0.99,1.57,0.66,54.01,2807,488
Dylan Bundy,2018,605164,0.98,1.06,0.97,1.13,0.86,1.03,1.01,0.95,1.1,0.95,0.98,0.91,1.68,1.01,0.99,1.19,0.79,46.6,2582,478
Dylan Bundy,2019,605164,0.97,1.04,0.94,0.75,0.96,1.04,1.05,1.15,1.03,0.98,1.01,0.91,1.23,0.95,1.0,0.89,1.13,85.84,2774,473
Dylan Bundy,2021,605164,0.97,1.07,1.02,1.54,1.0,0.94,0.96,1.0,1.01,0.92,1.06,0.95,1.77,1.02,0.99,0.97,0.94,56.88,1307,254
Dylan Bundy,2022,605164,0.95,0.97,1.06,1.28,0.83,1.01,0.8,0.98,1.09,0.93,1.02,0.94,1.07,0.95,0.98,1.29,0.67,15.33,2170,470
Corbin Burnes,2024,669203,1.04,1.19,0.91,1.32,1.23,0.83,1.24,1.27,1.01,0.97,0.85,1.07,1.11,0.93,0.96,-0.0,1.17,91.41,1587,236
A.J. Burnett,2015,150359,1.0,0.9,1.02,0.75,1.04,1.03,0.87,0.87,0.99,1.11,0.99,1.04,0.57,0.99,1.05,0.5,1.65,51.36,2456,494
Eddie Butler,2015,572750,1.02,0.92,0.86,0.78,1.13,1.1,0.69,1.01,0.96,1.01,0.91,0.94,0.93,0.96,1.03,0.35,1.82,3.56,1259,266
Edward Cabrera,2023,665795,1.07,1.01,1.23,0.99,1.19,0.7,1.12,1.14,0.96,0.94,1.02,1.07,0.89,0.86,1.0,-0.05,1.85,15.31,1479,202
Edward Cabrera,2024,665795,1.07,0.98,1.39,1.27,1.02,1.04,1.05,1.02,0.97,0.91,0.99,1.08,1.32,1.1,1.0,0.47,1.21,41.88,1586,235
Trevor Cahill,2017,502239,0.98,1.02,0.83,0.88,1.2,0.87,1.1,1.11,0.89,1.08,1.0,0.96,1.37,0.94,0.97,0.81,1.33,9.52,1314,208
Trevor Cahill,2018,502239,0.99,1.03,1.12,0.74,1.06,0.91,1.03,1.04,0.92,0.99,0.94,0.98,0.64,0.91,1.02,0.77,1.1,12.17,1394,242
Trevor Cahill,2019,502239,0.99,1.04,1.17,1.16,0.99,0.87,0.81,0.75,0.93,0.95,1.01,0.97,1.8,1.05,1.03,1.31,0.87,13.88,1263,237
Matt Cain,2016,430912,0.99,1.1,0.87,0.89,0.96,0.93,0.86,0.96,0.94,1.08,1.08,0.87,1.15,0.99,1.0,1.16,1.03,8.13,1489,261
Matt Cain,2017,430912,0.96,1.06,0.99,0.88,1.03,1.03,0.55,0.91,0.95,1.05,1.02,0.84,0.9,1.02,0.99,1.22,1.43,11.67,2050,435
Griffin Canning,2019,656288,1.03,1.03,0.89,1.03,0.85,0.89,1.15,1.12,0.96,0.97,0.98,0.9,1.13,0.94,1.01,1.1,0.87,58.85,1550,249
Griffin Canning,2023,656288,1.03,1.04,1.32,1.39,0.95,0.83,1.06,0.92,1.0,0.84,1.08,0.97,1.27,1.03,1.01,0.81,1.16,49.28,2067,338
Griffin Canning,2024,656288,1.02,1.01,1.19,1.14,0.88,0.89,0.85,0.98,1.0,0.91,1.07,0.96,1.17,0.96,1.01,0.89,0.96,40.8,2825,524
Jonathan Cannon,2024,686563,1.01,0.98,1.12,1.11,0.83,1.23,0.94,1.07,0.98,1.04,1.03,0.99,1.09,0.98,1.01,0.91,0.94,37.15,1635,312
Carlos Carrasco,2015,471911,1.03,1.0,0.93,0.6,1.16,0.89,1.06,1.19,1.08,1.05,0.94,0.98,0.82,0.91,1.04,0.44,1.58,48.55,2528,439
Carlos Carrasco,2016,471911,1.04,1.03,0.99,0.67,1.12,0.93,1.03,1.15,1.05,1.12,0.96,1.0,1.07,0.94,1.01,0.55,1.52,8.75,2230,408
Carlos Carrasco,2017,471911,1.03,1.0,0.87,0.93,1.12,1.07,1.07,0.94,1.04,1.08,0.93,1.02,0.85,0.99,0.99,0.59,1.63,43.84,3033,511
Carlos Carrasco,2018,471911,1.01,1.04,1.02,0.8,1.05,0.84,1.13,1.08,1.04,1.06,0.91,0.99,0.89,1.0,1.02,0.59,1.77,84.11,2650,463
Carlos Carrasco,2019,471911,1.01,1.05,1.26,1.83,0.91,1.12,1.11,1.01,1.07,1.06,0.91,1.0,1.65,1.17,1.04,0.98,1.04,89.46,1244,219
Carlos Carrasco,2022,471911,1.01,0.95,1.12,0.98,1.06,1.0,1.05,1.04,1.09,1.0,0.92,1.02,0.81,1.01,1.0,0.59,1.38,60.41,2307,439
Carlos Carrasco,2023,471911,1.01,0.93,1.42,1.56,1.09,1.23,0.93,0.97,0.97,1.0,0.93,1.05,1.12,1.12,1.03,0.44,1.65,61.07,1434,280
Carlos Carrasco,2024,471911,1.0,0.94,1.21,1.34,1.02,1.04,0.84,1.0,1.01,1.01,0.94,1.07,1.48,1.05,1.01,0.71,1.21,75.69,1515,294
Andrew Cashner,2015,488768,1.02,0.95,0.87,0.74,1.1,0.99,0.85,1.07,0.96,0.99,0.9,0.92,0.8,0.92,1.04,0.65,1.4,50.13,3055,555
Andrew Cashner,2016,488768,1.01,0.96,1.04,1.04,1.14,1.02,0.76,1.12,0.9,1.03,0.89,0.9,1.0,1.06,1.02,0.88,1.4,35.0,2322,399
Andrew Cashner,2017,488768,1.02,0.93,0.86,0.6,0.96,1.06,0.74,0.91,0.97,1.0,1.03,0.91,0.69,0.88,0.99,1.43,1.08,44.36,2626,543
Andrew Cashner,2018,488768,1.0,0.94,0.95,1.06,0.89,1.15,0.67,0.89,0.93,0.98,0.98,0.86,1.11,1.02,1.01,1.28,0.89,66.43,2641,513
Andrew Cashner,2019,488768,1.01,0.95,1.12,1.1,1.1,0.9,0.85,1.01,0.95,0.99,0.99,0.85,0.87,0.99,1.02,0.92,1.28,63.85,2435,448
Luis Castillo,2018,622491,1.02,1.0,1.07,1.24,1.08,0.99,1.1,0.91,1.02,1.01,0.92,0.88,1.27,1.01,1.01,0.7,1.08,17.67,2759,485
Luis Castillo,2019,622491,1.03,1.02,0.93,0.78,1.25,0.72,1.36,1.18,0.96,1.05,0.93,0.86,1.08,0.89,1.0,0.43,1.73,35.34,3044,452
Luis Castillo,2021,622491,1.04,1.05,1.09,0.67,1.22,0.86,1.18,1.01,1.01,1.02,0.99,0.89,0.86,0.91,0.98,0.33,1.65,36.15,3144,521
Luis Castillo,2022,622491,1.04,1.04,1.11,1.03,0.99,0.94,1.17,0.97,1.02,1.0,1.01,0.9,0.79,0.93,0.99,0.77,1.09,46.76,2503,393
Luis Castillo,2023,622491,1.03,1.02,1.15,1.28,0.87,1.01,1.31,1.03,1.09,1.0,1.02,0.9,1.13,1.0,1.0,0.93,0.91,14.99,3201,521
Luis Castillo,2024,622491,1.03,0.98,1.18,1.17,0.81,1.05,1.1,1.05,1.06,1.04,1.03,0.86,1.11,0.99,0.99,0.83,0.95,33.28,2854,490
Miguel Castro,2018,612434,1.02,1.12,0.98,1.17,0.97,0.85,1.14,0.83,0.94,1.1,1.0,0.99,0.91,0.95,1.01,1.31,0.84,30.0,1453,264
Miguel Castro,2019,612434,1.04,1.17,0.82,1.0,1.04,0.78,1.17,1.05,0.93,1.15,0.95,0.99,1.24,0.87,0.99,0.98,0.81,60.65,1231,207
Dylan Cease,2021,656302,1.02,1.16,1.06,1.26,0.93,1.05,1.26,1.1,1.0,0.96,1.03,0.98,0.97,0.99,0.98,1.05,0.77,33.16,2727,381
Dylan Cease,2022,656302,1.03,1.15,0.87,0.79,0.92,0.87,1.15,1.19,1.0,0.94,1.03,0.98,0.77,0.8,0.97,0.74,0.81,55.69,3013,416
Dylan Cease,2023,656302,1.02,1.14,1.17,0.88,0.79,1.03,1.07,1.05,0.99,0.91,0.95,1.02,0.83,1.0,1.0,0.87,0.93,38.98,3160,475
Dylan Cease,2024,656302,1.03,1.16,1.05,1.12,1.08,0.91,1.13,1.09,1.04,0.85,1.01,1.02,0.72,0.94,0.99,0.96,0.97,20.33,3000,444
Slade Cecconi,2024,677944,1.0,1.05,0.94,1.22,0.84,1.09,0.76,0.7,1.04,0.92,1.08,1.07,1.24,0.99,0.99,1.14,0.74,26.34,1168,238
Luis Cessa,2022,570666,1.0,1.03,1.26,1.37,1.13,0.94,0.84,0.94,0.96,0.86,0.96,0.92,1.17,0.97,1.02,0.55,1.31,66.18,1232,247
Jhoulys Chacin,2016,468504,0.98,0.98,0.94,0.52,1.02,0.88,0.76,1.02,0.94,1.03,0.93,0.9,0.55,0.93,1.01,0.97,1.34,3.56,2256,420
Jhoulys Chacin,2017,468504,0.97,1.0,0.76,0.91,1.07,0.82,0.84,0.89,0.91,1.02,0.99,0.89,0.86,0.9,0.98,0.97,1.31,27.28,2761,508
Jhoulys Chacin,2018,468504,0.96,0.98,0.98,0.91,0.91,1.06,0.83,0.89,0.92,0.97,0.98,0.87,0.68,0.91,1.0,1.11,0.94,40.04,2765,520
Jhoulys Chacin,2019,468504,0.95,0.98,1.23,1.22,0.7,1.09,0.82,0.95,0.91,1.05,1.0,0.88,1.84,1.11,1.0,1.35,0.68,28.2,1813,297
Andrew Chafin,2015,605177,1.0,0.92,0.87,0.45,1.21,0.78,0.79,0.99,0.96,1.03,0.86,1.04,0.29,0.88,1.05,0.5,1.93,49.52,1133,208
Tyler Chatwood,2016,543022,1.0,1.07,0.93,0.61,1.41,0.75,0.87,1.14,0.97,1.02,0.95,0.98,0.84,0.86,0.99,0.76,2.1,18.62,1831,357
Tyler Chatwood,2017,543022,1.02,1.12,0.84,0.74,1.49,0.9,1.08,0.93,0.91,0.91,0.88,0.97,1.13,0.94,0.98,0.39,2.3,24.04,1815,315
Jesse Chavez,2015,445926,0.99,1.04,0.95,0.79,0.99,1.1,0.86,1.17,0.92,1.09,0.91,0.96,0.67,0.99,1.06,0.65,1.54,23.37,1650,334
Jesse Chavez,2017,445926,0.99,1.03,1.06,1.25,0.96,1.12,0.81,1.03,0.94,1.14,0.89,0.96,1.54,1.1,1.0,0.92,1.48,26.01,1987,379
Wei-Yin Chen,2015,612672,0.99,0.91,0.86,0.84,1.0,0.91,0.85,1.03,1.08,0.97,1.05,0.94,1.08,0.92,1.04,0.97,1.02,66.12,2996,588
Wei-Yin Chen,2016,612672,0.98,0.91,0.93,1.24,0.89,0.93,0.84,0.9,1.06,0.93,0.94,0.95,1.34,1.09,1.01,1.08,0.97,58.84,1698,365
Wei-Yin Chen,2018,612672,0.99,0.92,0.82,0.61,0.96,0.96,0.82,0.97,0.97,1.01,0.99,0.97,0.8,0.83,0.99,1.05,0.84,96.08,1898,363
Wei-Yin Chen,2019,612672,0.98,0.95,1.17,1.13,1.02,1.16,0.77,0.81,1.1,0.87,1.04,0.98,1.35,1.09,1.01,1.06,1.01,92.01,1065,203
Yonny Chirinos,2018,630023,1.01,1.0,0.94,0.93,0.83,1.1,1.09,0.9,1.09,0.88,1.01,1.0,0.62,1.02,1.01,1.34,0.8,30.89,1220,255
Yonny Chirinos,2019,630023,1.01,1.01,0.9,1.4,0.87,1.1,0.96,0.84,1.04,0.86,0.95,0.99,1.48,1.03,1.0,1.38,0.65,35.34,1959,385
Yonny Chirinos,2023,630023,1.01,0.94,1.26,1.51,0.89,1.21,0.73,0.79,1.01,0.9,1.0,1.02,1.35,1.1,1.02,0.91,0.99,54.84,1322,280
Aaron Civale,2021,650644,0.99,1.1,1.06,1.24,0.98,1.01,0.82,1.02,0.98,0.88,1.04,0.93,1.69,1.06,1.0,0.83,1.02,99.12,1389,269
Aaron Civale,2024,650644,0.99,1.13,1.13,1.06,0.83,1.21,0.9,1.01,0.98,0.97,1.12,0.92,1.48,0.98,1.0,1.47,0.76,40.32,1730,302
Taylor Clarke,2019,664199,1.01,0.98,1.11,1.59,0.92,0.9,0.87,1.05,1.03,0.97,0.93,0.97,1.95,1.02,1.0,1.03,0.74,57.29,1253,213
Alex Claudio,2017,592222,0.91,1.04,0.74,0.22,1.35,0.78,0.9,1.07,1.07,1.06,0.92,0.92,0.45,0.81,0.97,0.29,3.58,57.43,972,233
Alex Claudio,2018,592222,0.89,1.06,0.94,0.72,1.24,0.87,1.08,1.1,1.07,1.08,0.88,0.91,0.37,0.95,1.01,0.29,3.1,60.33,930,223
Paul Clemens,2016,518560,0.99,1.11,1.06,1.5,0.79,0.98,0.96,0.87,0.99,0.98,1.09,1.02,1.64,1.03,1.03,1.49,0.76,13.46,1110,212
Mike Clevinger,2017,605182,0.99,0.96,0.9,0.96,1.18,1.08,1.02,0.97,0.86,1.08,0.87,1.06,0.94,0.95,0.98,1.1,1.3,45.22,1841,270
Mike Clevinger,2018,605182,1.0,0.96,0.83,0.7,1.08,1.03,1.05,0.93,1.0,0.99,0.94,1.04,0.76,0.89,0.99,0.82,1.1,82.16,3255,531
Mike Clevinger,2019,605182,1.01,1.0,0.95,0.72,1.12,1.12,1.36,1.14,0.98,0.97,0.94,1.03,0.66,0.97,0.99,0.92,1.2,66.93,2087,291
Mike Clevinger,2022,605182,1.0,1.01,1.15,1.25,0.8,1.0,1.01,0.99,1.04,1.0,1.0,1.09,1.09,0.98,0.99,1.32,0.63,59.15,1398,244
Mike Clevinger,2023,605182,1.0,0.96,0.95,0.89,0.82,0.97,0.88,0.95,1.03,0.93,0.98,1.08,0.82,0.9,0.99,1.41,0.61,75.81,1834,339
Alex Cobb,2017,502171,0.99,1.02,0.96,1.02,0.91,1.06,0.72,0.98,0.97,0.95,1.1,0.87,1.06,0.99,1.0,1.19,1.12,42.45,2803,558
Alex Cobb,2018,502171,1.0,1.05,1.06,1.32,0.96,1.0,0.73,0.91,0.97,0.92,1.06,0.84,1.26,1.02,1.02,1.08,0.9,74.51,2427,510
Alex Cobb,2021,502171,1.01,1.05,1.1,0.76,0.98,1.11,1.01,1.05,0.94,0.98,1.0,0.94,0.53,1.01,1.0,0.47,1.53,70.5,1503,253
Alex Cobb,2022,502171,1.03,1.05,1.15,0.63,1.1,0.87,0.94,0.8,0.92,0.92,1.03,0.95,0.56,0.9,1.0,0.08,1.6,85.12,2404,431
Alex Cobb,2023,502171,1.03,1.05,1.24,1.19,1.08,1.01,0.85,0.98,0.92,0.97,1.07,0.96,1.08,1.07,1.01,0.24,1.43,86.31,2360,449
Gerrit Cole,2015,543037,1.03,0.93,0.87,0.53,1.34,1.05,0.97,1.06,1.04,1.03,0.95,1.0,0.33,0.93,1.04,0.54,1.72,13.21,2832,504
Gerrit Cole,2016,543037,1.03,0.97,0.81,0.41,1.13,1.12,0.77,1.01,1.04,1.0,0.97,1.0,0.39,0.9,0.99,0.86,1.81,41.01,1620,309
Gerrit Cole,2017,543037,1.03,0.99,0.87,1.04,1.04,1.03,0.89,0.9,0.98,1.02,0.94,0.99,1.14,1.0,0.97,1.05,1.12,39.51,3262,585
Gerrit Cole,2018,543037,1.04,1.09,1.01,0.78,0.85,1.11,1.27,0.96,1.07,0.95,1.05,0.98,0.83,0.95,0.99,1.02,0.97,56.01,3100,430
Gerrit Cole,2019,543037,1.04,1.13,0.93,0.81,0.97,0.96,1.5,1.03,1.05,0.92,1.06,0.99,1.37,0.94,0.99,0.9,0.93,60.96,3277,424
Gerrit Cole,2021,543037,1.05,1.09,1.1,1.29,0.99,0.89,1.22,1.09,1.02,0.99,1.0,1.06,1.09,1.0,0.99,0.74,0.97,36.01,2942,433
Gerrit Cole,2022,543037,1.05,1.07,1.06,1.25,0.99,1.0,1.31,1.18,1.01,1.01,0.91,1.04,1.32,1.02,1.0,0.95,1.06,72.04,3060,444
Gerrit Cole,2023,543037,1.04,1.07,1.06,1.05,0.9,1.05,1.02,1.02,1.05,0.95,1.01,1.02,0.78,0.95,0.98,0.76,1.07,21.57,3044,494
Gerrit Cole,2024,543037,1.03,1.07,0.98,0.89,0.82,0.93,1.03,0.95,1.03,0.89,1.05,1.02,0.63,0.89,0.99,0.84,0.94,75.43,1213,201
Alex Colome,2015,517008,1.02,0.88,0.84,0.67,1.06,1.04,0.67,1.06,0.91,1.04,0.93,0.97,0.56,1.0,1.05,0.6,1.41,14.84,1121,237
Bartolo Colon,2015,112526,0.96,0.98,0.87,0.79,0.91,1.04,0.78,1.09,1.04,1.01,1.0,0.85,0.92,0.97,1.04,0.87,0.87,47.83,2652,642
Bartolo Colon,2016,112526,0.96,0.98,0.92,0.84,0.89,0.9,0.78,1.14,1.01,1.08,1.08,0.85,0.99,0.95,1.01,1.27,0.9,31.06,2703,592
Bartolo Colon,2017,112526,0.95,0.98,0.96,1.08,0.81,1.03,0.64,1.1,0.99,1.08,1.04,0.84,1.3,1.02,1.0,1.29,0.71,24.56,2259,516
Bartolo Colon,2018,112526,0.95,0.99,1.05,1.13,0.87,1.09,0.64,1.12,0.99,1.11,0.97,0.83,1.55,1.05,1.01,1.13,0.77,57.69,2159,505
Adam Conley,2016,543045,0.99,1.05,0.87,0.82,1.01,0.94,0.89,1.04,0.97,1.15,0.92,0.94,0.68,0.92,1.01,1.09,0.92,21.49,2220,379
Adam Conley,2017,543045,0.97,1.03,0.99,1.07,1.03,0.99,0.86,0.88,0.98,1.08,0.98,0.92,1.08,0.99,0.98,0.94,1.04,11.74,1703,332
Roansy Contreras,2022,672710,1.01,1.06,1.27,1.4,0.89,0.93,1.02,1.21,1.06,0.99,0.99,1.03,0.83,0.97,1.01,1.15,0.82,82.09,1316,246
Patrick Corbin,2015,571578,1.0,0.94,1.08,0.84,1.01,1.09,0.97,1.17,1.08,0.99,0.92,1.03,0.79,1.02,1.06,0.91,1.18,70.16,1170,237
Patrick Corbin,2016,571578,0.99,1.01,0.94,1.33,1.18,0.92,0.88,1.24,0.95,0.98,0.82,1.06,1.14,1.04,1.03,0.83,1.61,9.17,2516,493
Patrick Corbin,2017,571578,0.98,1.02,0.93,0.95,1.18,0.92,0.93,1.04,0.98,1.0,0.89,1.02,1.0,1.0,0.99,0.64,1.45,49.5,3054,578
Patrick Corbin,2018,571578,0.97,1.02,0.94,0.82,1.1,1.04,1.12,1.36,1.02,1.05,0.79,0.99,0.64,1.0,1.01,0.48,1.61,90.49,2792,467
Patrick Corbin,2019,571578,0.98,1.02,1.04,1.43,1.1,0.98,1.15,1.37,1.01,1.01,0.82,1.01,1.17,1.03,1.01,0.79,1.25,85.66,2974,475
Patrick Corbin,2021,571578,0.98,0.95,1.1,1.31,1.12,0.95,0.93,1.15,1.01,0.92,0.87,1.09,1.42,1.06,1.0,0.82,1.31,90.19,2588,501
Patrick Corbin,2022,571578,0.98,0.95,1.15,1.69,0.86,1.2,0.9,1.01,1.01,0.89,0.97,1.09,1.24,1.17,1.0,1.34,0.99,90.42,2614,528
Patrick Corbin,2023,571578,0.98,0.93,1.15,1.28,0.92,1.18,0.77,0.95,0.98,0.85,0.92,1.1,1.16,1.1,1.01,1.1,0.98,91.86,2726,580
Patrick Corbin,2024,571578,0.97,0.95,1.27,1.4,0.87,1.23,0.86,1.05,1.02,0.9,0.88,1.09,1.04,1.09,1.01,1.03,1.16,76.1,2014,404
Nestor Cortes,2022,641482,0.98,1.0,0.96,0.63,0.8,1.02,1.08,1.01,1.03,0.86,1.04,0.92,0.6,0.81,0.97,1.32,0.73,6.55,1612,248
Nestor Cortes,2024,641482,0.98,0.99,1.25,1.19,0.77,0.91,0.99,0.88,1.01,0.95,1.01,0.94,1.14,0.93,0.99,1.34,0.74,45.68,1984,325
Jharel Cotton,2017,605194,0.99,1.05,0.83,0.83,0.88,0.96,0.89,0.85,1.01,0.9,1.04,0.8,1.5,0.93,0.98,1.35,0.78,32.69,1961,375
Dylan Covey,2018,592229,1.02,0.93,0.95,0.87,1.0,1.0,0.78,0.81,0.97,0.86,1.04,0.93,0.93,0.96,1.01,1.03,1.3,59.17,1822,362
Kutter Crawford,2024,676710,0.99,1.0,1.16,1.41,0.65,1.01,0.94,0.92,1.12,0.83,1.09,0.98,1.37,1.01,0.99,1.69,0.53,90.4,1716,308
Nabil Crismatt,2021,622503,0.96,0.92,1.03,1.06,1.02,0.8,0.89,0.95,0.99,1.0,1.03,1.14,1.0,0.95,0.98,0.38,1.12,52.29,1176,228
Cooper Criswell,2024,681867,0.96,0.93,1.17,0.95,0.99,0.97,0.56,0.88,0.94,1.01,0.93,1.08,0.69,0.93,1.0,0.41,1.73,55.06,1450,278
Wil Crowe,2021,640444,1.01,1.06,1.18,1.4,0.97,0.98,0.96,0.97,0.94,0.97,0.92,1.04,1.57,1.05,1.0,1.0,0.89,69.27,2160,347
Wil Crowe,2022,640444,1.02,1.08,0.94,0.84,1.06,0.94,1.03,1.13,0.95,0.9,0.92,1.05,0.9,0.92,0.98,0.87,1.19,73.92,1334,219
Johnny Cueto,2015,456501,1.0,0.98,0.84,0.59,0.99,0.99,1.05,1.3,1.06,1.08,1.09,0.91,0.73,0.9,1.03,0.95,0.88,35.31,2487,471
Johnny Cueto,2016,456501,0.99,0.98,0.91,0.71,1.08,0.97,1.02,1.16,1.01,1.03,1.06,0.91,0.64,0.95,1.01,0.91,1.47,16.58,2713,498
Johnny Cueto,2017,456501,0.98,0.94,0.98,1.17,0.85,1.17,0.94,1.19,1.03,1.04,1.01,0.89,1.22,1.1,0.99,1.18,0.97,41.1,2329,416
Johnny Cueto,2021,456501,0.99,0.93,1.11,0.91,0.86,1.04,0.97,0.94,1.03,0.96,1.08,0.92,0.91,1.05,0.98,1.03,1.05,53.33,1796,332
Johnny Cueto,2022,456501,0.98,0.92,1.03,1.06,0.91,0.95,0.83,1.18,1.07,1.02,1.09,0.9,0.53,0.9,0.99,1.09,0.79,68.7,1887,409
Xzavion Curry,2023,675540,0.99,0.98,1.17,1.08,0.7,1.13,0.82,0.76,1.05,0.83,1.05,1.0,0.75,1.01,1.02,1.45,0.72,44.18,1435,286
John Danks,2015,433579,0.97,0.99,0.89,0.77,0.8,0.98,0.83,0.88,0.99,0.89,0.95,0.94,0.93,0.9,1.04,1.27,0.69,2.54,2487,481
Yu Darvish,2016,506433,1.01,1.08,0.92,0.72,1.03,1.02,1.27,1.15,1.04,0.89,0.9,1.03,0.83,0.94,1.0,0.86,1.04,34.72,1242,202
Yu Darvish,2017,506433,1.01,1.09,0.94,0.87,1.0,1.0,1.17,1.0,0.99,0.87,0.95,0.97,1.1,0.98,0.98,0.89,1.13,4.54,2317,370
Yu Darvish,2019,506433,1.02,1.13,1.1,1.08,1.05,1.02,1.12,0.93,0.98,0.89,1.0,0.97,1.82,1.06,1.02,1.04,1.06,29.58,2475,366
Yu Darvish,2021,506433,1.01,1.13,1.18,1.35,0.81,1.06,1.05,0.78,1.0,0.81,1.06,1.01,1.53,1.02,1.0,1.25,0.71,55.4,2323,351
Yu Darvish,2022,506433,1.02,1.09,1.12,1.33,0.87,0.98,0.91,0.83,1.03,0.88,1.06,1.07,0.9,0.99,1.0,1.26,0.76,12.12,2622,456
Yu Darvish,2023,506433,1.02,1.1,1.07,1.04,0.95,1.22,0.9,0.81,0.96,0.86,1.06,1.05,1.09,1.04,0.99,1.0,1.25,53.2,1755,299
Zach Davies,2016,605200,0.96,0.98,0.76,0.82,0.84,0.95,0.84,1.19,0.96,1.02,0.94,0.99,1.05,0.89,1.0,1.26,0.75,77.32,2244,438
Zach Davies,2017,605200,0.96,0.99,0.85,0.67,1.02,1.15,0.74,0.94,0.94,0.99,0.94,0.97,0.73,1.0,0.98,0.92,1.05,16.9,2656,523
Zach Davies,2019,605200,0.95,1.02,0.94,1.1,0.73,1.22,0.77,1.14,0.93,1.01,0.89,0.93,0.96,0.99,1.01,1.62,0.61,25.73,2231,449
Zach Davies,2021,605200,0.94,0.95,1.23,1.44,0.82,1.16,0.89,0.91,0.91,1.01,0.9,0.99,1.34,1.1,0.98,1.09,0.76,55.96,2335,426
Zach Davies,2022,605200,0.96,0.95,1.08,1.34,0.84,0.99,0.88,0.95,0.89,0.98,0.92,0.96,1.44,0.99,0.97,1.47,0.71,40.55,2001,354
Zach Davies,2023,605200,0.96,0.98,1.19,1.32,0.84,1.26,0.9,1.01,0.85,0.98,0.91,0.98,1.04,1.1,1.01,1.0,1.02,11.41,1193,212
Justin De Fratus,2015,518603,0.98,0.87,0.89,0.91,0.98,1.04,0.89,1.03,1.03,1.06,0.89,1.05,0.81,0.97,1.07,0.72,1.3,1.84,1144,208
Jorge De La Rosa,2015,407822,0.97,0.91,0.86,0.7,1.08,0.87,0.91,1.03,0.98,1.0,0.93,0.94,0.88,0.97,1.04,0.53,1.48,42.83,1568,286
Jorge De La Rosa,2016,407822,0.97,0.91,1.05,0.97,1.03,0.97,0.84,0.86,0.96,0.99,0.92,0.91,1.23,1.04,1.02,0.98,1.24,33.87,1719,328
Rubby De La Rosa,2015,523989,1.02,1.01,0.86,0.93,1.22,0.83,1.0,1.12,1.02,1.07,0.97,0.96,1.32,0.93,1.05,0.67,1.46,28.8,2952,578
Anthony DeSclafani,2015,543101,1.01,0.93,0.91,0.77,1.0,0.99,0.87,0.93,1.06,0.96,0.95,1.04,0.73,0.93,1.05,0.8,1.13,9.64,2661,544
Anthony DeSclafani,2016,543101,1.02,0.91,0.91,0.94,0.98,0.98,0.79,1.0,0.99,0.91,0.85,1.04,0.99,0.93,1.01,0.98,0.99,26.19,1662,320
Anthony DeSclafani,2018,543101,1.01,0.96,0.9,0.81,0.93,1.06,0.91,0.84,1.0,0.96,0.96,1.03,1.31,0.97,1.02,0.97,0.9,57.38,1644,311
Anthony DeSclafani,2019,543101,1.03,0.97,1.05,1.01,0.99,0.95,0.99,1.08,1.03,0.95,1.05,1.01,1.35,0.97,1.01,1.06,0.9,32.89,2439,433
Anthony DeSclafani,2021,543101,1.03,0.95,1.06,1.2,1.0,0.95,0.95,0.86,1.03,0.92,1.07,1.06,0.9,0.97,0.98,0.97,0.92,87.28,2546,474
Anthony DeSclafani,2023,543101,1.02,0.95,1.22,1.33,0.84,1.16,0.73,0.91,0.98,0.96,1.14,1.05,1.11,1.1,1.01,1.11,0.99,72.46,1464,297
Randall Delgado,2016,517414,0.99,0.98,1.06,0.54,1.03,1.08,0.96,1.23,0.93,1.03,0.88,1.01,0.77,0.84,1.01,1.2,1.07,0.57,1332,228
Odrisamer Despaigne,2015,628333,0.98,0.96,0.79,0.76,1.27,0.89,0.71,0.94,0.99,1.12,0.98,0.98,0.87,0.92,1.03,0.6,1.71,17.0,1588,341
Reid Detmers,2022,672282,0.99,0.93,1.16,1.06,0.81,1.23,0.99,1.01,1.02,0.94,1.16,0.92,0.74,0.95,1.0,1.03,0.82,18.59,2111,347
Reid Detmers,2023,672282,1.01,0.93,1.22,0.83,0.74,1.19,1.02,0.9,1.05,0.92,1.1,0.96,0.95,1.04,0.99,0.93,0.9,65.17,2430,375
Reid Detmers,2024,672282,1.0,0.95,1.12,1.5,0.81,1.01,1.07,1.01,1.04,0.86,1.08,0.98,1.56,1.04,0.99,1.17,0.85,51.82,1486,238
Chris Devenski,2016,606965,0.98,0.95,0.82,0.59,0.77,1.18,0.98,0.96,1.06,0.94,0.94,0.92,0.34,0.9,0.99,1.26,0.69,9.41,1222,233
R.A. Dickey,2015,285079,1.0,1.08,0.92,0.81,1.04,1.1,0.85,0.99,1.04,0.96,0.97,0.93,0.86,0.92,1.04,0.92,1.07,34.56,3170,664
R.A. Dickey,2016,285079,0.99,1.24,1.1,1.29,1.01,1.11,1.02,0.97,1.01,0.96,0.94,0.91,1.19,1.07,0.99,1.19,1.11,35.12,2652,511
R.A. Dickey,2017,285079,1.0,1.17,0.94,0.79,1.17,1.06,0.87,1.01,0.99,1.01,0.89,0.92,0.92,0.94,0.97,0.99,1.42,40.35,2798,561
Tyler Duffey,2016,608648,0.99,0.99,1.09,1.33,1.04,1.15,0.81,1.09,1.06,1.08,0.96,1.0,1.26,1.1,1.02,0.73,1.46,46.09,2236,438
Tyler Duffey,2017,608648,1.0,1.03,0.99,1.07,0.98,0.86,1.06,0.96,1.11,1.04,1.01,1.02,0.85,1.02,1.01,0.54,1.05,1.03,1061,213
Danny Duffy,2015,518633,1.02,1.01,0.86,0.67,1.02,1.02,0.94,0.9,1.05,0.96,1.07,1.07,0.82,0.93,1.05,1.07,0.97,46.76,2315,415
Danny Duffy,2016,518633,1.04,1.06,0.92,1.14,0.87,1.03,1.19,0.88,1.12,0.89,1.01,1.08,1.26,1.02,1.01,1.59,0.77,50.09,2683,490
Danny Duffy,2017,518633,0.99,1.07,0.89,0.83,0.91,0.95,0.97,0.73,1.04,0.85,1.04,1.06,0.71,0.96,0.98,1.66,0.78,77.12,2244,424
Danny Duffy,2018,518633,0.99,1.07,1.03,1.09,0.85,1.1,0.99,0.92,0.97,0.94,1.02,1.05,1.11,1.05,1.0,1.41,0.77,46.91,2767,475
Danny Duffy,2019,518633,0.99,1.03,1.03,1.05,0.87,1.01,0.94,0.85,1.0,0.94,1.03,1.05,1.14,1.02,1.01,1.14,1.55,7.59,2158,386
Dane Dunning,2021,641540,0.97,0.95,1.21,1.39,1.0,1.01,0.97,0.93,1.0,1.0,0.89,1.05,1.02,1.07,0.98,0.67,1.37,3.97,1648,312
Dane Dunning,2022,641540,0.96,0.95,1.09,1.49,1.08,0.89,1.0,1.19,0.93,1.05,0.88,1.06,1.19,1.01,0.97,0.28,1.19,78.87,2195,406
Dane Dunning,2023,641540,0.98,0.98,1.16,1.24,0.97,1.02,0.78,0.87,1.02,0.96,0.96,1.1,0.86,1.01,1.0,0.79,0.98,95.07,1963,428
Dane Dunning,2024,641540,0.97,0.99,1.34,1.8,0.93,0.91,0.95,0.79,0.94,0.98,0.97,1.13,1.53,1.12,1.01,0.56,1.01,81.09,1244,222
Zach Eflin,2018,621107,1.02,0.97,0.88,0.76,0.91,0.93,1.0,0.96,1.04,1.01,0.98,1.03,0.94,0.91,0.99,0.96,1.01,41.39,1911,370
Zach Eflin,2019,621107,1.02,0.97,0.88,0.92,1.09,0.96,0.88,1.09,1.02,0.98,0.97,1.04,1.19,0.89,1.0,0.84,1.12,58.86,2406,494
Zach Eflin,2021,621107,1.01,0.93,1.12,1.16,0.88,1.05,0.95,0.92,1.08,0.97,0.98,1.09,1.15,1.02,0.98,1.02,0.75,32.94,1399,296
Zach Eflin,2023,621107,1.0,0.99,0.97,1.0,1.17,0.87,1.03,1.18,1.13,0.91,0.88,1.08,0.51,0.9,0.97,0.31,1.5,80.87,1506,276
Zach Eflin,2024,621107,1.0,0.98,0.99,1.03,1.05,0.95,0.93,1.03,1.12,0.97,0.95,1.07,1.05,0.94,0.99,0.67,1.0,68.62,1748,389
Jerad Eickhoff,2016,595191,0.98,0.99,0.96,0.77,0.89,1.02,0.83,1.14,1.01,1.03,1.01,1.04,1.05,0.89,1.02,1.04,0.93,35.63,2843,560
Jerad Eickhoff,2017,595191,0.98,1.0,0.95,0.84,0.8,0.99,0.82,0.83,0.99,1.08,1.08,1.0,0.86,1.02,1.01,1.27,0.85,56.02,2107,392
Bryce Elder,2023,693821,0.98,0.99,1.17,0.91,1.03,1.01,0.95,1.04,0.97,0.89,0.9,0.98,0.81,0.95,1.0,0.48,1.27,30.68,2841,531
Roenis Elias,2015,606273,1.0,1.06,0.96,0.85,0.89,1.07,0.95,0.96,0.99,1.05,0.97,0.85,1.0,0.98,1.05,0.9,0.93,5.68,1831,339
Nathan Eovaldi,2015,543135,1.04,0.9,0.93,0.58,1.34,0.86,0.75,0.92,1.02,1.0,0.96,0.96,0.39,0.91,1.05,0.32,1.89,20.4,2233,439
Nathan Eovaldi,2016,543135,1.04,1.03,1.05,1.02,1.32,0.84,0.84,0.97,1.0,0.97,0.92,0.93,1.05,0.98,1.03,0.5,2.25,13.27,1667,313
Nathan Eovaldi,2021,543135,1.03,0.94,1.03,0.8,1.14,1.06,1.03,0.89,1.06,0.91,1.02,1.09,0.43,0.93,0.98,0.89,1.22,45.15,2555,423
Nathan Eovaldi,2022,543135,1.02,0.96,1.21,1.31,1.03,0.98,0.94,0.91,1.1,0.9,0.99,1.08,1.16,1.01,1.0,0.48,1.33,86.29,1557,297
Nathan Eovaldi,2023,543135,1.01,1.0,1.25,1.07,1.34,0.99,1.03,0.96,0.97,1.0,0.93,1.11,0.72,0.92,1.0,-0.04,1.77,62.83,1743,289
Nathan Eovaldi,2024,543135,1.02,1.0,1.17,0.97,1.27,1.02,1.0,0.89,1.06,0.93,0.98,1.06,0.92,0.96,1.0,0.14,1.8,88.22,2143,368
Robbie Erlin,2018,572362,0.98,0.99,0.91,0.73,1.03,0.98,0.96,1.02,1.05,0.95,1.04,0.95,0.62,0.92,0.99,0.74,1.27,98.7,1478,305
Paolo Espino,2021,502179,0.95,1.05,1.11,1.4,0.98,1.05,0.75,1.0,1.02,0.92,0.92,1.05,1.08,1.02,0.98,0.78,0.93,16.5,1643,315
Paolo Espino,2022,502179,0.94,1.07,1.12,0.97,1.0,0.99,0.75,0.9,1.0,0.92,0.97,1.05,1.28,1.03,1.0,0.8,1.08,32.58,1783,350
Joey Estes,2024,683155,0.98,1.03,1.19,1.28,0.62,1.04,0.77,0.81,1.17,0.82,1.15,0.95,1.03,0.96,0.99,1.61,0.48,53.94,1928,390
Marco Estrada,2015,462136,0.96,1.09,0.84,0.74,0.81,0.84,0.86,0.94,1.03,0.94,1.02,0.88,0.89,0.83,1.05,1.28,0.98,16.86,2675,491
Marco Estrada,2016,462136,0.94,1.13,0.8,0.99,0.77,0.94,1.04,1.08,0.95,0.97,0.95,0.85,0.9,0.88,1.0,1.63,0.63,34.94,2265,397
Marco Estrada,2017,462136,0.95,1.11,0.82,0.91,0.71,0.93,0.95,0.96,1.02,0.89,1.01,0.84,1.22,0.9,0.96,1.69,0.55,39.35,3010,512
Marco Estrada,2018,462136,0.93,1.08,0.92,1.25,0.6,1.11,0.93,0.98,1.05,0.87,1.0,0.86,1.28,0.94,0.98,2.07,0.35,30.29,2148,425
Bailey Falter,2022,663559,0.98,0.86,0.99,1.14,0.81,0.98,1.17,0.89,1.1,0.82,1.06,1.2,1.39,0.98,1.0,1.7,0.67,73.18,1023,214
Bailey Falter,2023,663559,0.98,0.86,1.13,1.24,0.97,0.99,0.69,0.92,1.14,0.79,1.08,1.2,1.4,0.99,0.99,0.99,1.19,61.08,1119,239
Bailey Falter,2024,663559,1.0,0.87,1.17,1.24,0.9,1.07,0.86,0.91,1.06,0.82,1.11,1.18,0.79,0.97,1.01,1.24,0.83,89.58,2113,436
Jake Faria,2017,607188,0.98,0.91,0.96,0.82,0.91,1.0,1.05,0.88,0.97,0.95,1.04,0.92,0.96,0.93,0.98,1.27,0.93,46.45,1371,227
Buck Farmer,2018,571656,1.0,1.07,0.97,0.46,0.99,0.99,1.01,1.07,0.93,1.06,0.92,0.96,0.6,0.84,1.01,0.91,1.18,3.81,1250,208
Buck Farmer,2023,571656,1.0,1.05,0.96,1.18,0.8,0.85,1.07,1.0,0.96,1.02,1.06,0.99,1.09,0.92,0.99,1.09,0.68,68.24,1212,203
Erick Fedde,2021,607200,1.02,0.89,1.1,1.18,1.07,0.81,0.98,0.98,0.95,1.11,0.99,1.09,1.31,1.03,1.0,0.75,1.42,37.96,1734,305
Erick Fedde,2022,607200,1.0,0.91,1.16,1.05,0.81,1.05,0.95,0.76,0.95,1.05,1.08,1.08,1.08,1.04,0.99,1.9,0.89,49.8,1657,279
Erick Fedde,2024,607200,1.02,0.94,1.15,1.22,0.88,1.0,1.01,0.94,0.94,1.02,1.03,1.07,0.69,0.96,1.01,1.16,0.99,58.09,1932,350
Scott Feldman,2015,444857,0.97,0.99,0.85,0.49,1.05,0.84,0.81,1.18,1.03,1.01,0.89,0.97,0.83,0.98,1.04,0.6,1.22,15.3,1021,210
Ryan Feltner,2022,663372,1.01,1.05,1.13,1.17,1.02,0.91,0.86,0.83,0.98,0.93,1.1,1.03,1.2,1.01,1.0,1.11,1.06,78.31,1373,256
Ryan Feltner,2024,663372,1.02,1.03,1.05,0.9,1.05,0.98,0.93,0.79,1.02,0.89,1.08,1.04,0.83,0.97,0.99,1.0,1.18,78.23,2439,473
Jose Fernandez,2016,605228,1.05,1.02,0.96,0.54,1.07,1.17,1.26,1.07,1.04,1.03,0.93,1.08,0.68,0.97,1.01,0.93,1.47,33.41,2794,400
Mike Fiers,2015,571666,0.96,0.99,0.83,0.75,0.92,0.98,0.97,1.17,1.03,1.01,1.05,1.0,0.97,0.95,1.04,0.77,1.06,33.21,2702,453
Mike Fiers,2016,571666,0.97,1.0,1.1,0.79,1.03,1.08,0.88,0.98,0.96,0.92,1.05,1.0,0.99,1.01,1.03,0.69,1.51,1.78,2464,463
Mike Fiers,2017,571666,0.96,1.03,0.95,1.07,0.93,1.07,0.98,1.0,1.0,0.99,1.05,0.98,1.43,1.02,0.96,0.99,0.95,36.91,2368,395
Mike Fiers,2018,571666,0.97,1.05,1.03,1.4,0.85,0.9,0.81,0.98,0.99,0.95,1.09,0.94,1.29,1.04,1.01,1.08,0.8,33.19,2656,528
Mike Fiers,2019,571666,0.98,1.06,1.09,1.06,0.92,0.95,0.76,0.9,1.02,0.93,1.08,0.91,1.15,0.98,1.0,1.23,0.85,46.81,2827,550
Heath Fillmyer,2018,641571,0.99,0.99,0.93,0.72,1.14,0.91,0.78,0.98,0.93,0.99,0.98,0.93,0.8,0.9,1.01,0.8,1.48,69.38,1124,213
Brandon Finnegan,2016,605232,1.0,0.97,0.91,1.19,0.8,1.05,1.15,1.03,0.96,0.95,1.01,0.93,1.39,1.03,1.0,1.36,0.68,14.64,2856,496
Doug Fister,2015,450729,0.94,0.9,0.87,0.87,0.84,1.18,0.7,1.27,0.96,1.01,1.02,1.08,0.99,0.98,1.03,0.93,0.87,23.3,1235,268
Doug Fister,2016,450729,0.94,0.89,1.0,0.73,1.02,1.02,0.72,1.37,0.9,1.04,1.01,1.03,0.99,0.94,1.01,0.91,0.96,5.16,2581,517
Jack Flaherty,2018,656427,0.99,0.96,0.92,0.96,1.04,0.88,1.2,1.04,1.01,1.01,0.94,1.1,1.2,0.91,0.98,1.01,0.94,36.9,2203,328
Jack Flaherty,2019,656427,1.0,0.99,0.83,0.85,1.03,0.92,1.24,1.1,1.02,0.99,0.94,1.06,0.98,0.92,0.98,0.91,1.35,34.14,3105,460
Jack Flaherty,2023,656427,0.99,1.04,1.09,0.98,1.04,1.2,1.0,0.94,0.97,0.96,0.89,1.1,0.81,1.04,0.99,0.74,1.23,54.55,2260,369
Jack Flaherty,2024,656427,0.99,1.02,0.99,1.03,0.96,1.09,1.17,1.06,1.02,0.92,0.86,1.07,1.13,1.01,0.98,0.86,1.01,64.27,2438,386
Josh Fleming,2021,676596,0.98,0.86,1.06,0.94,1.34,0.84,1.21,1.49,1.06,1.18,0.91,1.03,0.77,0.96,0.99,-0.4,2.22,50.85,1099,247
Chris Flexen,2021,623167,0.99,0.93,1.02,0.88,0.89,0.98,0.85,1.03,1.03,0.89,1.02,0.97,0.82,0.93,0.98,1.0,0.85,65.74,1980,355
Chris Flexen,2022,623167,0.98,0.91,1.1,1.25,0.72,0.96,0.84,1.09,0.97,0.92,1.06,0.96,0.78,0.93,0.98,1.34,0.66,15.18,1360,262
Chris Flexen,2024,623167,0.97,0.93,1.0,1.06,0.82,1.09,0.85,1.07,0.93,0.91,1.04,1.02,0.99,0.94,1.0,1.3,0.87,86.76,2024,363
Brian Flynn,2018,543169,1.0,1.04,1.02,0.93,0.99,1.12,0.88,0.97,0.98,1.02,0.84,1.02,0.47,0.98,1.03,0.91,1.3,51.67,1237,249
Mike Foltynewicz,2015,592314,1.03,1.02,0.86,0.61,0.95,0.85,0.99,1.1,1.1,0.98,1.06,0.99,1.18,0.99,1.04,0.9,0.86,17.07,1254,241
Mike Foltynewicz,2016,592314,1.03,1.03,0.93,0.8,1.11,0.85,0.88,1.03,1.04,0.99,1.01,1.0,0.96,0.92,1.0,0.91,1.12,14.28,1778,321
Mike Foltynewicz,2017,592314,1.02,1.02,0.89,0.75,0.93,1.11,0.97,1.09,0.96,1.09,1.03,0.99,0.92,1.01,0.99,1.18,1.05,9.76,2736,468
Mike Foltynewicz,2018,592314,1.03,1.05,0.98,0.9,1.03,0.85,1.0,0.9,0.93,1.01,1.05,0.97,0.74,0.86,1.01,0.97,1.14,17.03,3022,465
Mike Foltynewicz,2019,592314,1.02,1.02,1.14,1.11,0.81,0.95,0.91,0.82,1.04,1.01,1.02,0.98,1.36,1.02,1.01,0.97,0.77,24.17,1689,314
Mike Foltynewicz,2021,592314,1.0,0.98,1.22,1.28,0.86,1.09,0.7,0.8,1.01,1.0,1.05,0.99,1.79,1.02,1.0,1.36,0.76,39.32,2227,441
Wilmer Font,2019,521655,1.0,1.03,1.04,1.33,0.73,1.01,1.23,1.04,1.07,0.91,1.08,1.07,1.79,1.03,0.99,1.16,0.82,19.22,1380,200
J.P. France,2023,641585,0.99,1.06,1.02,1.09,1.08,1.07,0.79,0.84,0.92,0.9,1.0,1.01,0.92,0.99,1.01,0.79,1.3,83.53,1780,338
Bowden Francis,2024,670102,0.98,0.97,0.95,1.14,0.72,1.0,0.83,0.81,1.12,0.93,1.07,1.1,1.03,0.87,0.99,1.11,0.58,70.18,1365,259
Kyle Freeland,2017,607536,0.99,1.0,0.85,0.53,1.33,0.81,0.78,1.0,0.99,1.08,1.02,1.03,0.53,0.84,0.97,0.37,1.6,23.0,1791,383
Kyle Freeland,2018,607536,0.99,0.97,0.83,0.54,1.29,0.91,0.81,1.15,0.97,1.17,0.99,1.02,0.58,0.85,0.99,0.68,1.39,21.73,2132,428
Kyle Freeland,2019,607536,1.0,0.99,1.05,1.17,1.3,0.93,0.71,1.25,0.93,1.14,0.98,1.03,1.36,1.03,1.01,0.69,1.77,45.99,1118,231
Kyle Freeland,2021,607536,0.99,1.01,1.03,1.27,1.17,0.99,0.8,0.94,0.98,1.04,0.97,1.05,1.27,0.99,1.0,0.65,1.13,41.47,1440,287
Kyle Freeland,2022,607536,0.98,1.02,1.19,1.34,0.97,1.14,0.82,0.91,1.03,1.03,1.0,1.06,0.69,1.0,1.01,0.8,1.33,32.69,2196,462
Kyle Freeland,2023,607536,0.97,1.02,1.21,1.34,0.86,1.09,0.68,0.89,1.1,0.99,1.03,1.08,1.13,1.08,1.01,1.21,0.78,48.98,1843,429
Kyle Freeland,2024,607536,1.0,1.01,1.1,1.56,0.88,1.1,0.67,0.99,1.08,1.01,0.96,1.07,1.48,1.04,1.0,1.02,0.89,51.03,1365,295
Max Fried,2019,608331,0.99,1.01,1.02,0.49,1.43,1.02,1.03,1.07,1.03,0.98,1.01,0.97,0.78,0.92,1.01,0.26,2.59,17.77,2486,447
Max Fried,2021,608331,0.99,1.0,0.94,0.91,1.46,0.96,1.0,0.86,1.07,0.89,1.02,1.03,0.69,0.9,0.96,0.54,1.89,33.35,2470,451
Max Fried,2022,608331,1.0,0.98,0.89,0.54,1.28,0.88,1.03,1.16,1.07,1.02,1.02,1.02,0.46,0.84,0.96,0.45,1.44,71.77,2809,527
Max Fried,2024,608331,1.0,0.99,0.94,0.77,1.55,0.96,0.98,1.07,1.02,0.97,1.07,1.06,0.56,0.9,0.96,0.18,2.37,56.94,2301,427
Christian Friedrich,2016,543184,0.98,1.04,0.98,0.67,0.93,0.89,0.79,1.02,1.0,1.01,1.12,0.94,0.78,0.89,1.01,1.45,1.02,17.1,2116,410
Carson Fulmer,2024,608334,1.02,0.96,1.25,1.23,0.81,1.04,0.98,0.99,0.98,0.88,0.87,1.02,0.59,0.98,1.0,0.83,0.93,48.81,1320,234
Michael Fulmer,2016,605242,1.03,1.01,0.81,0.8,1.26,0.91,0.91,1.11,1.04,1.01,1.07,1.02,0.7,0.9,1.01,0.75,1.6,29.71,1819,364
Michael Fulmer,2017,605242,1.03,0.95,0.84,0.73,1.12,1.05,0.88,0.92,1.05,0.93,1.05,1.03,0.52,0.92,0.97,0.88,1.39,45.08,1922,421
Michael Fulmer,2018,605242,1.03,1.01,1.0,1.03,0.84,1.05,1.01,1.04,1.05,0.99,1.08,1.0,1.17,1.02,1.0,1.16,1.0,38.3,2089,386
Yovani Gallardo,2015,451596,1.01,0.95,0.92,0.4,1.1,1.0,0.72,1.06,0.9,1.05,1.01,0.95,0.55,0.91,1.04,0.7,1.59,32.46,3218,601
Yovani Gallardo,2016,451596,1.0,0.99,1.01,0.76,0.94,1.11,0.73,1.05,0.88,1.03,1.1,0.96,0.84,0.93,1.02,1.31,0.99,14.31,2096,377
Yovani Gallardo,2017,451596,1.01,0.98,0.94,1.02,0.99,1.04,0.86,1.0,0.96,0.91,1.05,0.97,1.25,1.03,0.99,1.12,1.03,26.01,2278,418
Yovani Gallardo,2018,451596,1.0,0.96,1.04,0.88,1.04,1.2,0.72,0.99,0.87,1.04,0.96,0.96,0.81,1.01,1.01,0.93,1.19,25.1,1458,285
Zac Gallen,2021,668678,1.0,0.99,1.11,0.91,1.1,1.04,0.88,0.88,0.92,0.9,0.83,1.07,0.85,0.94,0.98,0.53,1.08,74.69,1730,265
Zac Gallen,2022,668678,1.01,1.03,1.16,1.06,1.06,0.83,0.96,1.13,0.98,0.9,0.9,1.06,0.75,0.9,0.98,0.38,1.07,70.06,2464,360
Zac Gallen,2023,668678,1.01,0.99,1.26,1.24,0.99,1.08,1.03,1.03,1.02,0.85,0.89,1.06,0.72,1.01,1.02,0.59,1.15,76.89,2800,485
Zac Gallen,2024,668678,1.01,0.99,1.09,0.96,1.01,0.99,0.86,1.09,0.96,0.92,0.88,1.07,0.62,0.96,0.99,0.45,1.38,23.0,2424,402
John Gant,2018,607231,0.99,1.03,0.96,0.76,0.88,0.94,1.19,0.9,1.04,0.88,1.0,0.99,0.59,0.88,0.99,1.36,0.93,50.26,1544,294
John Gant,2021,607231,0.97,1.01,1.12,0.85,0.95,0.88,1.06,0.84,0.92,0.88,0.92,1.01,0.82,0.96,1.0,1.36,0.95,79.34,1406,238
Luis Garcia,2021,677651,0.99,1.03,1.02,0.81,0.97,0.99,1.05,0.83,0.98,0.9,0.93,0.98,0.8,0.97,0.99,1.13,1.03,19.43,1694,292
Luis Garcia,2022,677651,1.0,1.07,1.01,1.13,0.91,1.0,0.98,0.92,1.07,0.84,0.95,0.98,1.11,0.95,0.99,1.02,0.79,9.52,1720,328
Jaime Garcia,2015,448802,0.98,1.03,0.81,0.59,1.36,0.78,0.77,0.83,1.04,0.89,0.97,0.97,0.43,0.86,1.03,0.17,2.37,36.65,1693,354
Jaime Garcia,2016,448802,0.98,1.1,0.89,0.81,1.28,0.89,0.9,0.92,0.97,0.89,0.94,0.96,1.16,0.94,1.01,0.4,1.94,24.05,2336,487
Jaime Garcia,2017,448802,0.98,1.09,0.95,0.79,1.28,1.01,1.1,1.07,1.0,0.93,0.89,0.96,0.83,0.96,0.99,0.35,1.89,14.79,2125,444
Jaime Garcia,2018,448802,0.96,1.03,1.19,1.27,0.88,1.01,0.95,0.86,0.9,0.92,0.88,0.95,1.13,0.99,1.04,0.99,0.89,42.47,1087,211
Luis Garcia,2015,472610,1.02,0.91,0.83,0.56,1.47,0.9,1.19,1.12,0.96,0.98,0.89,1.08,0.51,0.89,1.05,0.08,6.23,78.47,1117,201
Braxton Garrett,2022,666129,0.99,0.99,1.18,1.09,0.98,1.05,1.02,1.11,1.03,0.89,0.93,1.04,0.76,1.0,1.0,0.79,1.36,38.47,1281,231
Braxton Garrett,2023,666129,0.98,0.94,1.29,1.02,1.0,0.97,0.92,1.01,0.97,0.93,0.89,1.06,0.9,1.06,1.01,0.53,1.55,38.52,2037,375
Matt Garza,2015,490063,1.0,0.86,0.78,0.62,1.11,0.95,0.77,1.17,1.05,1.01,0.95,1.04,0.98,0.95,1.03,0.84,1.27,69.97,2282,485
Matt Garza,2016,490063,1.0,0.88,0.86,0.73,1.38,0.66,0.79,1.14,1.04,0.95,0.91,1.03,0.54,0.88,1.02,0.79,2.16,49.02,1475,317
Matt Garza,2017,490063,0.98,0.89,0.83,0.6,1.04,0.99,0.74,1.15,1.03,1.07,0.98,1.02,0.93,0.93,0.98,1.04,0.97,48.04,1778,352
Kevin Gausman,2015,592332,1.02,1.04,0.86,0.79,1.24,0.86,1.03,1.27,1.07,1.08,0.88,1.07,0.98,0.94,1.03,0.67,1.37,24.28,1570,301
Kevin Gausman,2016,592332,1.0,1.03,0.85,0.9,1.12,0.87,0.99,1.29,1.0,1.05,0.87,1.02,0.93,0.97,1.0,1.0,1.32,39.02,2906,491
Kevin Gausman,2017,592332,1.01,1.02,0.82,1.02,1.17,1.13,0.99,1.07,0.95,1.06,0.87,0.98,1.02,1.03,0.98,0.89,1.41,8.38,3296,550
Kevin Gausman,2018,592332,0.99,0.97,1.0,0.96,1.17,0.99,0.87,0.93,1.01,1.01,0.89,0.97,0.94,0.99,1.0,0.68,1.37,2.35,2904,562
Kevin Gausman,2019,592332,0.99,1.04,0.94,0.98,0.98,1.16,1.12,1.13,1.09,1.03,0.91,0.98,0.97,1.07,1.0,1.06,1.04,85.88,1542,280
Kevin Gausman,2021,592332,1.0,1.04,1.09,0.94,1.02,0.85,1.12,0.91,1.09,0.9,0.9,1.04,0.83,0.97,0.98,0.82,1.01,87.24,2640,452
Kevin Gausman,2022,592332,1.01,1.04,1.06,0.98,0.95,1.1,1.02,1.02,1.12,0.92,0.89,1.04,0.62,0.99,0.98,0.58,1.08,79.88,2741,482
Kevin Gausman,2023,592332,1.01,1.1,1.15,1.29,0.98,1.03,1.03,1.0,1.0,0.87,0.82,1.06,0.83,1.06,0.98,0.56,1.07,76.21,3039,463
Kevin Gausman,2024,592332,1.0,1.09,1.13,1.25,0.85,1.05,0.9,0.93,1.01,0.92,0.86,1.06,0.79,1.03,0.99,1.07,0.8,64.14,2857,525
Sam Gaviglio,2018,543208,0.96,0.92,1.04,1.12,0.96,0.98,0.84,0.93,0.94,1.04,0.96,1.04,1.39,1.02,1.0,1.06,1.01,83.31,1916,379
Sam Gaviglio,2019,543208,0.98,0.94,0.92,1.09,0.99,0.75,1.03,0.9,0.93,0.99,1.01,1.03,1.65,0.99,1.02,0.93,0.8,65.57,1232,239
Dillon Gee,2016,518716,0.97,1.06,0.95,1.08,0.85,1.05,0.77,1.05,1.0,1.01,1.09,0.97,1.43,1.0,1.01,1.72,0.71,6.29,1579,318
Domingo German,2018,593334,1.03,1.13,1.02,0.72,0.77,0.9,1.33,1.16,1.06,1.06,0.98,0.93,1.37,0.95,1.0,1.05,0.72,64.49,1465,235
Domingo German,2019,593334,1.02,1.13,1.11,1.25,0.79,1.12,1.08,1.09,1.09,1.03,1.01,0.94,1.6,1.04,1.01,1.01,0.95,49.03,2240,396
Domingo German,2021,593334,1.02,1.13,1.13,1.08,0.79,0.91,1.22,1.1,1.11,1.06,1.0,0.99,1.25,1.0,0.98,0.92,0.83,55.42,1571,283
Domingo German,2023,593334,1.02,1.15,1.29,1.34,0.77,0.88,1.09,0.99,1.15,1.01,0.99,0.99,1.46,1.03,0.99,1.1,0.76,61.83,1650,290
Kyle Gibson,2015,502043,1.0,0.97,0.9,0.74,1.19,0.89,0.86,1.42,0.99,1.11,0.91,1.01,0.69,0.92,1.04,0.29,1.94,9.52,3060,588
Kyle Gibson,2016,502043,0.99,0.96,0.97,0.84,1.12,1.05,0.74,1.48,0.96,1.09,0.91,0.99,0.84,0.98,1.02,0.6,1.37,10.56,2444,486
Kyle Gibson,2017,502043,0.99,0.97,1.01,1.01,1.08,1.04,0.89,1.11,0.98,1.04,0.96,1.08,1.05,1.04,1.0,0.59,1.51,14.1,2597,505
Kyle Gibson,2018,502043,1.01,0.99,1.04,0.81,1.12,1.01,0.99,1.27,0.96,1.06,0.87,1.08,0.94,0.97,1.01,0.55,1.37,62.6,3218,560
Kyle Gibson,2019,502043,1.0,0.99,0.99,1.14,1.07,1.12,1.07,1.28,0.99,1.0,0.86,1.08,1.1,1.05,1.01,0.51,1.56,73.26,2749,480
Kyle Gibson,2021,502043,1.0,1.0,1.15,0.72,1.07,0.99,1.05,1.18,0.96,1.07,0.94,1.08,0.78,0.91,1.0,0.13,1.56,57.78,2431,466
Kyle Gibson,2022,502043,0.99,1.0,1.13,1.04,0.99,0.96,1.11,0.99,1.02,1.02,0.93,1.08,0.93,0.96,0.99,0.26,1.36,58.16,1855,358
Kyle Gibson,2023,502043,1.0,0.97,1.26,1.27,1.1,1.0,0.97,0.97,0.97,0.93,0.92,1.1,0.92,1.04,1.01,0.26,1.3,71.58,2275,447
Kyle Gibson,2024,502043,0.99,0.95,1.08,1.28,0.95,1.06,0.85,1.0,0.92,0.99,0.92,1.11,0.93,1.02,1.01,0.65,1.22,65.01,1935,364
Luis Gil,2024,661563,1.05,1.05,1.08,1.27,0.86,0.94,1.15,0.99,0.94,1.0,1.11,1.09,0.95,0.92,0.99,1.29,0.74,42.5,2660,380
Logan Gilbert,2021,669302,1.01,0.98,1.21,1.21,0.77,1.04,1.09,0.87,1.14,0.95,0.96,1.2,0.97,1.05,0.99,1.22,0.7,0.97,1794,305
Logan Gilbert,2022,669302,1.03,0.95,1.19,0.9,0.9,1.22,1.0,0.85,1.06,0.93,1.04,1.18,0.71,0.99,1.0,1.34,1.03,14.91,2961,519
Logan Gilbert,2023,669302,1.03,0.85,1.2,1.23,0.97,0.96,0.92,0.78,1.09,0.8,1.07,1.2,1.15,0.97,1.0,0.9,1.02,25.6,2906,537
Logan Gilbert,2024,669302,1.03,0.8,1.04,0.89,1.05,0.96,1.1,0.88,1.05,0.88,0.92,1.23,0.91,0.91,1.0,0.65,1.36,25.74,2671,460
Lucas Giolito,2018,608337,0.99,0.92,0.97,0.95,1.06,0.94,0.85,0.98,0.92,0.97,1.0,1.01,1.06,0.95,1.01,1.12,0.98,5.33,2996,543
Lucas Giolito,2019,608337,0.99,0.97,0.98,1.2,0.93,0.97,1.29,0.88,1.04,0.82,1.05,1.06,1.14,0.96,0.99,1.41,0.84,66.53,2693,396
Lucas Giolito,2021,608337,0.99,0.94,1.03,0.83,0.86,1.16,1.19,0.88,1.04,0.78,1.02,1.08,1.2,0.93,0.97,1.42,0.7,62.44,2883,459
Lucas Giolito,2022,608337,0.98,0.89,1.11,0.94,1.0,1.13,1.06,1.04,0.98,0.81,1.01,1.1,1.02,1.01,0.98,1.07,1.1,65.04,2661,444
Lucas Giolito,2023,608337,0.98,0.91,1.2,1.54,0.85,1.0,1.03,0.96,0.96,0.8,1.02,1.09,1.7,1.06,1.0,1.28,0.71,60.94,3136,504
Tyler Glasnow,2018,607192,1.04,1.07,0.97,1.31,1.4,0.94,1.14,0.83,0.97,0.82,0.95,1.19,1.1,1.01,1.0,0.64,1.92,20.96,1630,245
Tyler Glasnow,2023,607192,1.06,1.12,1.18,1.59,1.31,0.93,1.28,0.92,1.05,0.78,0.91,1.21,0.9,1.06,1.01,0.45,1.86,64.97,1884,284
Tyler Glasnow,2024,607192,1.05,1.14,1.11,1.12,1.24,0.93,1.18,0.85,1.05,0.76,0.99,1.2,0.93,0.89,0.99,0.53,1.34,73.29,2010,317
Zack Godley,2017,643327,1.01,0.98,1.01,1.03,1.2,0.85,1.09,1.07,0.98,1.02,0.86,0.92,0.96,0.99,0.99,0.16,1.72,15.91,1881,318
Zack Godley,2018,643327,1.0,0.96,1.07,1.08,0.93,1.03,1.06,0.9,1.0,1.1,0.91,0.9,0.92,1.04,1.03,0.63,1.16,33.7,2156,372
Zack Godley,2019,643327,1.0,0.94,1.04,1.59,0.84,1.16,0.97,0.92,1.02,1.11,0.99,0.87,1.67,1.1,1.04,1.31,0.69,12.12,1198,225
Austin Gomber,2018,596295,1.0,0.97,0.88,1.0,0.86,1.21,0.81,0.85,0.97,0.9,1.08,1.05,0.5,1.05,1.0,1.28,1.08,13.15,1110,204
Austin Gomber,2021,596295,0.98,0.95,0.95,1.25,1.11,0.9,0.89,0.82,0.97,0.81,1.05,1.08,1.27,0.95,0.98,0.7,1.07,81.57,1844,329
Austin Gomber,2022,596295,0.97,0.98,1.1,1.2,0.98,1.07,0.75,0.85,1.02,0.89,1.03,1.06,1.12,0.98,0.99,0.93,1.04,31.97,2048,397
Austin Gomber,2023,596295,0.97,0.98,1.21,1.23,0.91,0.88,0.68,0.74,1.0,0.85,1.07,1.08,1.11,1.03,1.01,0.97,1.03,22.1,2145,463
Austin Gomber,2024,596295,0.97,0.99,1.15,1.33,0.83,1.13,0.66,0.75,1.02,0.86,1.02,1.09,1.15,1.03,1.0,1.35,0.82,70.04,2614,540
Tony Gonsolin,2022,664062,1.0,1.02,0.92,0.74,0.9,1.05,0.93,0.9,1.07,0.95,0.97,0.97,0.7,0.87,0.98,0.77,1.01,87.23,1767,322
Tony Gonsolin,2023,664062,0.99,1.02,1.07,1.39,0.78,1.03,0.77,1.01,1.05,0.97,0.99,0.96,1.23,1.05,0.99,1.19,0.7,93.46,1408,275
Marco Gonzales,2018,594835,0.98,1.08,1.05,0.8,1.11,1.14,0.81,1.08,0.99,1.04,0.96,0.96,0.63,0.98,1.03,0.94,2.11,59.15,1980,382
Marco Gonzales,2019,594835,0.96,1.06,0.94,0.72,0.93,1.07,0.72,1.01,0.99,0.99,1.02,0.97,0.78,0.92,1.0,1.34,1.05,86.82,2501,496
Marco Gonzales,2021,594835,0.95,1.01,1.05,1.52,0.8,0.95,0.85,1.03,1.01,0.97,1.03,1.03,1.46,1.01,0.97,1.3,0.68,73.48,1989,360
Marco Gonzales,2022,594835,0.95,1.0,1.0,0.95,0.93,0.89,0.76,0.98,1.05,0.96,1.07,1.03,1.06,0.91,0.97,1.15,0.98,91.2,2275,494
Chi Chi Gonzalez,2021,592346,1.0,1.04,1.2,1.23,1.04,1.15,0.65,0.69,1.0,0.94,0.93,0.95,1.16,1.12,1.01,0.78,1.18,35.62,1309,288
Gio Gonzalez,2015,461829,1.0,1.02,0.87,0.72,1.16,0.88,1.0,1.18,0.96,1.09,0.95,0.97,0.36,0.93,1.04,0.41,1.95,49.11,2913,513
Gio Gonzalez,2016,461829,0.99,1.03,0.88,0.85,1.03,0.95,1.01,1.2,0.95,1.06,0.96,0.98,0.78,0.98,1.01,0.86,1.42,30.98,3075,518
Gio Gonzalez,2017,461829,0.97,1.01,0.77,0.76,1.04,0.89,0.92,1.02,0.91,1.07,1.03,0.98,0.9,0.89,0.98,0.97,1.13,36.74,3333,545
Gio Gonzalez,2018,461829,0.97,1.0,0.93,0.9,0.95,1.03,1.03,1.06,0.92,1.02,0.98,0.94,0.81,0.98,1.0,0.81,1.09,59.74,2998,513
Gio Gonzalez,2019,461829,0.96,0.99,0.9,0.91,1.0,1.08,1.05,1.36,0.91,1.05,0.97,0.95,0.73,0.97,1.0,0.84,1.27,1.19,1391,233
Miguel Gonzalez,2015,456068,0.99,0.98,0.97,0.79,0.96,1.03,0.8,1.18,1.03,1.06,1.01,0.92,1.12,0.97,1.05,0.9,1.2,31.31,2423,452
Miguel Gonzalez,2016,456068,1.0,1.02,0.87,0.61,0.91,1.02,0.74,0.98,1.02,0.97,1.07,0.92,0.61,0.91,1.01,1.26,0.87,2.39,2088,429
Miguel Gonzalez,2017,456068,0.99,1.05,0.99,1.01,0.78,0.99,0.61,0.92,1.01,0.95,1.05,0.92,0.94,0.97,0.99,1.52,0.63,0.58,2508,516
MacKenzie Gore,2023,669022,1.03,0.97,1.2,1.61,1.02,1.05,1.1,1.05,1.05,0.91,0.98,1.15,1.47,1.13,0.99,0.95,1.1,84.95,2376,359
MacKenzie Gore,2024,669022,1.03,1.03,0.98,0.86,1.02,1.16,1.17,0.88,1.09,0.9,1.01,1.13,0.55,0.95,0.98,0.89,1.12,62.99,2510,389
Daniel Gossett,2017,605254,0.99,1.03,0.85,1.24,1.02,1.21,0.75,1.01,0.99,0.9,0.94,1.0,1.54,1.16,0.99,1.1,1.6,85.84,1570,309
Kendall Graveman,2015,608665,0.98,0.95,0.98,1.04,1.06,0.93,0.81,1.1,0.94,1.06,0.92,1.03,0.73,1.02,1.06,0.5,1.53,48.54,1345,276
Kendall Graveman,2016,608665,1.01,1.04,0.98,0.83,1.05,0.89,0.89,0.98,0.95,1.05,0.93,1.04,0.9,0.96,1.03,0.71,1.25,47.11,2129,486
Kendall Graveman,2017,608665,1.01,1.08,1.05,1.01,0.99,0.93,1.02,1.0,0.9,1.0,0.85,1.04,0.82,0.99,1.02,0.75,0.95,72.9,1281,267
Jon Gray,2016,592351,1.03,0.99,0.93,0.76,1.2,1.06,0.96,0.93,1.03,0.99,0.95,1.08,0.75,0.97,1.0,0.92,1.4,9.6,2770,448
Jon Gray,2017,592351,1.04,0.93,0.78,0.49,1.55,1.03,0.74,0.92,0.96,0.95,0.93,1.06,0.67,0.92,0.96,0.57,2.09,26.68,1524,276
Jon Gray,2018,592351,1.03,0.93,0.96,0.79,1.27,1.01,1.02,0.88,0.97,0.96,0.95,1.03,1.07,0.97,1.02,0.85,1.95,29.06,2723,485
Jon Gray,2019,592351,1.03,0.94,1.11,0.7,1.34,0.95,0.91,0.93,1.01,0.89,0.95,0.97,0.72,1.0,1.02,0.76,2.58,50.47,2259,403
Jon Gray,2021,592351,1.02,0.98,1.04,0.89,1.27,0.91,0.94,0.73,0.96,0.93,0.95,1.03,0.98,0.93,0.99,0.74,1.73,50.36,2340,392
Jon Gray,2022,592351,1.03,0.92,1.08,0.73,1.29,1.07,0.95,0.97,1.05,0.95,0.97,1.03,0.88,0.93,0.99,0.94,2.25,81.48,1942,332
Jon Gray,2023,592351,1.03,0.94,1.07,0.75,1.1,1.04,0.94,1.0,1.08,0.96,0.98,1.06,0.85,0.96,1.0,1.03,1.43,78.47,2230,429
Jon Gray,2024,592351,1.04,0.93,1.15,1.17,1.0,1.05,0.83,0.84,1.1,0.9,0.93,1.06,0.72,1.01,1.0,1.16,1.22,92.08,1543,319
Josiah Gray,2022,680686,1.02,0.95,1.05,1.39,0.87,0.85,0.98,1.03,0.99,0.97,1.0,0.9,1.71,0.96,0.98,1.16,0.69,64.3,2389,383
Josiah Gray,2023,680686,1.02,0.91,1.01,1.36,0.85,1.09,1.04,0.98,0.99,0.98,0.97,0.93,0.92,1.02,0.98,1.39,0.74,67.1,2100,337
Sonny Gray,2015,543243,1.02,1.03,0.87,0.65,1.33,0.8,0.92,0.92,1.01,0.86,0.9,0.97,0.6,0.87,1.04,0.58,1.82,22.19,3029,589
Sonny Gray,2016,543243,1.01,1.08,1.11,0.82,1.35,0.78,0.8,0.82,0.96,0.86,0.9,1.01,0.95,0.95,1.03,0.56,2.13,22.64,1681,346
Sonny Gray,2017,543243,1.0,1.07,0.99,0.83,1.22,0.87,1.31,1.08,1.01,0.96,0.84,0.99,0.91,0.94,0.98,0.69,1.58,40.7,2537,442
Sonny Gray,2018,543243,1.02,1.1,1.02,0.91,1.19,0.94,1.09,1.05,0.96,0.98,0.9,1.0,0.82,0.94,1.0,0.64,1.78,10.11,2076,360
Sonny Gray,2019,543243,1.03,1.15,0.93,1.02,1.21,1.0,1.18,1.15,0.93,1.01,0.96,1.0,0.91,0.95,1.01,0.62,1.53,85.08,2749,403
Sonny Gray,2021,543243,1.0,1.08,0.91,0.64,1.23,0.9,1.14,1.04,0.96,0.96,0.92,1.05,1.28,0.88,0.97,0.58,1.38,89.99,2020,329
Sonny Gray,2022,543243,1.0,1.13,1.09,0.83,1.15,1.02,0.95,1.08,1.02,0.97,1.02,1.05,0.86,0.94,0.98,0.75,1.26,20.59,1653,310
Sonny Gray,2023,543243,1.02,1.09,1.16,0.89,1.24,1.01,1.0,0.92,1.05,0.9,0.97,1.05,0.39,0.93,1.0,0.71,1.66,86.4,2439,448
Sonny Gray,2024,543243,1.01,1.09,1.0,1.33,1.08,1.16,1.18,0.91,1.08,0.9,0.93,1.07,1.19,1.09,0.99,0.66,1.31,85.54,1876,317
Hunter Greene,2022,668881,1.05,1.03,1.08,1.2,0.73,0.91,1.27,1.06,1.05,0.95,1.0,1.03,1.54,1.02,0.99,1.19,0.63,28.1,2077,297
Hunter Greene,2023,668881,1.05,1.02,1.26,1.12,0.88,0.93,1.2,1.08,1.05,0.93,1.03,1.02,1.26,0.97,0.99,1.07,0.83,31.77,1971,271
Hunter Greene,2024,668881,1.04,1.02,0.95,0.64,0.9,0.8,1.17,1.0,1.05,0.99,1.04,1.04,0.6,0.78,0.97,1.42,0.69,29.23,2504,357
Shane Greene,2015,572888,1.01,1.01,0.96,0.69,0.97,1.1,0.6,0.97,1.02,1.03,1.07,0.9,0.74,0.98,1.05,0.95,1.01,44.81,1045,233
Zack Greinke,2015,425844,1.0,1.03,0.76,0.51,1.14,0.83,1.04,1.17,1.0,1.12,0.96,0.96,0.47,0.82,1.04,0.57,2.09,41.99,3208,592
Zack Greinke,2016,425844,1.0,1.03,0.85,0.94,1.04,0.99,0.83,1.22,1.03,1.02,0.87,0.97,0.99,0.98,1.01,0.71,1.41,13.73,2472,485
Zack Greinke,2017,425844,0.98,1.07,0.82,1.06,1.12,0.96,0.98,1.16,0.97,1.02,0.85,0.93,1.01,0.97,0.99,0.78,1.26,43.74,3120,533
Zack Greinke,2018,425844,0.97,1.03,0.89,0.91,1.04,1.05,0.89,1.17,0.94,1.06,0.86,0.93,1.01,0.99,1.01,0.69,1.57,62.95,3122,569
Zack Greinke,2019,425844,0.98,1.03,0.89,0.91,1.07,0.99,0.88,1.16,0.99,1.04,0.87,0.93,0.77,0.93,1.0,0.74,1.42,10.85,3066,577
Zack Greinke,2021,425844,0.97,0.97,0.95,0.87,1.05,1.01,0.76,0.94,0.99,0.99,0.87,0.96,1.15,0.94,0.99,0.55,1.36,10.48,2406,510
Zack Greinke,2022,425844,0.96,1.0,1.09,0.86,0.96,1.07,0.66,1.04,1.0,1.0,0.93,0.96,0.55,0.94,1.0,0.94,1.73,2.06,1867,403
Zack Greinke,2023,425844,0.96,1.01,1.21,1.08,0.94,1.09,0.66,0.85,0.98,0.98,0.96,0.97,1.24,1.04,1.01,0.89,1.58,57.49,2057,426
A.J. Griffin,2016,456167,0.94,1.02,1.08,1.19,0.67,1.05,0.89,0.97,0.95,0.99,1.09,1.07,1.64,1.07,1.0,1.37,0.59,15.58,2051,349
A.J. Griffin,2017,456167,0.91,1.02,0.83,0.95,0.74,0.86,0.8,0.89,1.02,0.96,1.06,1.07,1.44,0.88,0.97,1.68,0.49,45.47,1229,227
Robert Gsellman,2017,607229,1.01,0.97,0.85,0.8,1.08,1.06,0.83,1.07,1.03,1.11,1.02,0.96,0.98,0.98,0.98,1.01,1.21,50.05,2030,412
Junior Guerra,2016,448855,1.02,0.88,0.78,0.81,1.23,0.89,0.95,1.09,0.99,0.95,0.89,1.0,0.54,0.87,1.01,0.9,1.46,4.45,1788,337
Junior Guerra,2018,448855,1.0,0.98,0.97,0.95,0.87,1.03,1.11,0.95,0.99,0.91,0.89,0.98,1.09,0.96,1.0,1.0,1.0,3.06,2221,400
Jeremy Guthrie,2015,425386,1.0,0.93,0.92,0.96,0.78,1.22,0.68,0.96,1.01,0.94,0.96,0.93,1.22,1.05,1.06,1.14,0.79,24.82,1952,420
Vladimir Gutierrez,2021,661269,0.99,0.99,1.04,1.13,1.07,0.88,0.83,0.87,0.97,0.98,0.99,1.05,1.14,0.92,1.0,1.08,1.11,29.77,1813,353
Jeanmar Gomez,2015,491646,1.0,0.93,0.85,0.57,0.97,1.13,1.04,1.05,1.0,1.04,0.93,1.08,0.45,0.96,1.04,0.69,1.31,13.91,966,218
Jeanmar Gomez,2016,491646,0.99,0.91,0.78,1.16,1.05,1.1,0.83,1.29,0.91,1.13,0.95,1.1,0.61,0.97,1.01,0.94,1.21,16.32,993,212
Jesse Hahn,2015,534910,0.99,1.04,0.73,0.29,1.15,0.98,0.91,1.19,1.05,1.09,1.03,1.01,0.38,0.88,1.02,0.38,1.63,79.88,1437,301
David Hale,2015,571735,0.99,0.88,0.92,1.12,1.24,1.0,1.02,1.11,1.06,1.02,0.87,1.08,1.12,0.95,1.05,0.77,1.57,58.84,1280,260
Cole Hamels,2015,430935,1.0,0.95,0.87,0.64,1.08,0.96,1.17,1.03,1.06,1.02,0.95,1.03,0.85,0.91,1.03,0.74,1.2,39.79,2916,501
Cole Hamels,2016,430935,1.0,0.93,0.99,0.92,1.09,0.98,1.17,1.22,1.03,1.02,0.94,1.02,0.94,0.99,1.0,0.84,1.41,33.79,2701,460
Cole Hamels,2017,430935,0.99,0.91,0.9,0.74,1.01,0.89,0.87,0.94,0.98,1.03,0.99,1.01,1.01,0.91,0.99,0.87,1.12,4.41,1872,365
Cole Hamels,2018,430935,0.99,0.93,0.86,1.02,1.03,1.01,1.04,0.94,0.97,1.01,0.95,1.0,1.27,1.01,1.0,0.85,1.16,48.62,2340,409
Cole Hamels,2019,430935,0.98,0.92,1.13,1.02,0.99,0.94,1.16,1.0,1.0,0.97,0.96,0.99,0.91,1.02,1.02,0.92,1.5,38.13,1937,322
Jason Hammel,2015,434628,1.0,0.93,0.96,0.99,0.97,1.07,0.92,1.13,1.05,0.99,1.01,1.01,1.08,1.04,1.05,0.82,1.09,79.77,2417,458
Jason Hammel,2016,434628,1.0,1.0,0.98,0.98,0.96,0.97,0.84,1.08,1.02,1.01,0.99,1.03,1.07,0.98,1.02,1.0,1.05,48.38,2261,450
Jason Hammel,2017,434628,1.0,1.01,0.91,1.05,0.81,1.11,0.89,0.99,1.03,0.93,1.05,1.04,0.98,1.05,1.0,1.42,0.74,57.05,2897,574
Jason Hammel,2018,434628,0.99,1.0,1.05,1.07,0.76,0.97,0.88,1.04,1.08,0.92,1.05,1.03,1.04,1.08,1.02,1.36,0.67,61.65,1841,412
Brad Hand,2015,543272,1.0,1.05,0.85,0.95,1.09,1.01,0.82,0.88,1.03,1.02,0.89,0.82,0.85,0.97,1.04,0.42,1.26,20.58,1049,235
J.A. Happ,2015,457918,1.0,1.01,0.96,0.62,1.07,0.96,0.88,0.99,0.98,0.99,0.87,0.95,0.64,0.94,1.06,0.83,1.39,47.81,2803,517
J.A. Happ,2016,457918,0.99,1.03,0.94,0.98,1.05,0.99,1.04,1.0,1.0,0.99,0.9,0.97,0.8,0.95,1.01,0.83,1.25,32.21,3023,565
J.A. Happ,2017,457918,0.99,1.02,0.78,0.63,1.0,1.02,1.03,1.19,1.02,1.06,0.95,0.97,0.9,0.9,0.95,0.86,1.4,73.57,2349,415
J.A. Happ,2018,457918,0.99,1.0,0.89,1.11,0.94,0.87,1.13,1.15,1.02,1.02,0.97,0.96,1.15,0.96,0.98,1.02,1.03,69.56,2991,471
J.A. Happ,2019,457918,0.99,0.99,0.96,1.07,0.96,0.95,1.09,1.1,1.01,0.97,0.99,0.96,1.41,1.0,1.0,0.96,1.12,89.28,2662,478
J.A. Happ,2021,457918,0.98,0.99,1.1,1.58,0.81,1.15,0.91,1.1,1.01,1.02,0.96,0.98,1.11,1.06,0.98,1.04,0.74,73.18,2629,491
Aaron Harang,2015,421685,0.97,0.99,0.96,1.08,0.81,1.05,0.73,1.02,1.02,1.05,1.0,1.0,1.01,0.99,1.06,1.25,0.72,38.96,2812,575
Dan Haren,2015,429717,0.94,0.94,1.04,0.78,0.71,0.91,0.58,1.11,0.9,1.05,0.92,0.86,1.14,0.9,1.06,1.5,0.61,46.71,1596,313
Kyle Harrison,2024,690986,0.99,0.96,1.23,1.36,0.93,1.06,0.99,0.93,0.97,1.06,1.13,1.08,1.01,1.07,1.0,0.86,1.0,32.37,2067,362
Matt Harvey,2015,518774,1.05,1.03,0.8,0.46,1.08,0.87,1.16,1.09,1.03,0.97,1.02,0.97,0.76,0.81,1.04,0.73,1.12,59.94,2754,516
Matt Harvey,2016,518774,1.03,1.0,0.92,0.55,1.13,1.25,0.84,1.07,1.09,0.96,0.99,0.95,0.59,0.94,1.0,0.96,1.41,18.87,1220,247
Matt Harvey,2017,518774,1.02,0.99,1.02,1.04,0.95,1.08,0.8,0.85,0.96,1.05,1.07,0.97,1.68,1.08,0.99,1.24,1.15,3.23,1545,279
Matt Harvey,2018,518774,1.02,1.0,1.05,1.21,0.94,0.96,0.92,0.75,1.03,0.95,1.08,0.95,1.29,0.98,1.01,1.29,0.88,69.17,2375,463
Matt Harvey,2021,518774,1.01,0.98,1.2,1.03,0.95,1.06,0.79,0.9,1.03,1.04,1.04,0.97,0.9,1.03,1.0,1.28,0.98,41.05,2225,443
Andrew Heaney,2015,571760,0.98,1.08,1.06,0.95,0.75,1.01,0.9,0.9,0.99,1.0,0.98,0.93,0.73,0.97,1.05,1.48,0.7,54.78,1636,325
Andrew Heaney,2018,571760,0.99,1.09,1.06,1.29,0.88,1.09,1.31,0.95,1.07,1.02,1.01,0.91,1.37,1.03,1.0,1.48,0.73,29.88,2743,514
Andrew Heaney,2019,571760,1.01,1.13,1.04,1.63,0.55,1.04,1.63,0.86,1.08,0.92,1.05,0.94,2.04,1.11,1.0,2.07,0.47,13.2,1685,254
Andrew Heaney,2021,571760,1.0,1.09,1.11,1.35,0.8,1.11,1.19,1.21,1.05,1.06,1.03,0.99,1.53,1.05,0.98,1.54,0.68,30.88,2210,342
Andrew Heaney,2023,571760,0.99,1.09,1.05,1.4,0.96,0.99,1.08,1.14,1.0,1.0,1.07,1.04,1.14,1.01,0.98,0.98,1.0,71.27,2592,419
Andrew Heaney,2024,571760,0.98,1.09,1.11,1.09,0.79,1.12,1.01,0.92,1.05,0.98,1.0,1.04,0.92,1.01,0.99,1.15,0.77,87.39,2594,463
Taylor Hearn,2021,621368,1.01,0.99,1.0,1.13,0.95,1.03,1.05,0.85,0.97,0.97,0.98,1.0,1.16,1.0,0.98,1.29,0.84,54.74,1714,302
Taylor Hearn,2022,621368,1.01,0.99,1.1,1.36,0.86,1.22,1.01,1.0,1.01,0.96,1.04,1.02,0.74,1.03,0.99,1.2,0.97,36.78,1754,301
Jonathan Heasley,2022,669169,1.0,1.03,1.25,1.25,0.84,1.07,0.74,0.85,0.97,0.88,1.04,1.01,1.12,0.97,1.01,0.89,0.92,15.35,1791,342
Jeremy Hellickson,2015,476451,0.97,1.01,1.04,1.14,0.96,1.04,0.86,1.22,1.02,1.03,0.84,0.92,1.07,1.04,1.07,0.8,1.28,57.69,2429,455
Jeremy Hellickson,2016,476451,0.97,1.01,0.8,0.99,0.95,1.24,0.82,1.23,1.01,1.03,0.89,0.93,0.95,1.0,1.0,1.05,1.19,26.97,2902,563
Jeremy Hellickson,2017,476451,0.97,1.02,1.04,1.07,0.7,1.13,0.71,0.95,0.99,1.0,0.91,0.91,1.72,1.04,1.0,1.4,0.68,40.85,2272,468
Jeremy Hellickson,2018,476451,0.96,1.04,1.03,1.32,1.01,1.13,0.75,0.83,1.01,0.95,0.98,0.9,0.93,0.94,1.0,1.16,1.15,64.09,1137,226
Kyle Hendricks,2015,543294,0.96,1.02,0.79,0.54,1.03,0.99,0.9,1.13,0.96,1.06,0.92,0.89,0.76,0.93,1.04,0.85,1.29,60.42,2438,480
Kyle Hendricks,2016,543294,0.95,1.02,0.7,0.55,1.01,0.92,0.99,1.08,0.98,1.05,0.92,0.94,0.65,0.81,0.99,1.37,0.92,34.84,2066,431
Kyle Hendricks,2017,543294,0.93,0.99,0.76,0.7,1.09,1.04,0.86,1.12,0.93,1.06,0.97,0.99,1.02,0.94,0.95,1.02,1.24,10.99,2043,378
Kyle Hendricks,2018,543294,0.94,1.0,0.79,0.9,0.97,1.05,0.88,1.0,0.95,0.97,0.95,0.91,0.86,0.94,0.98,1.35,0.93,84.78,2790,563
Kyle Hendricks,2019,543294,0.93,1.01,0.88,0.83,0.84,1.08,1.08,1.06,1.03,0.92,1.1,0.92,0.91,0.93,0.97,1.73,0.73,79.12,2674,528
Kyle Hendricks,2020,543294,0.94,0.97,0.85,0.74,1.06,1.14,1.14,0.88,1.08,0.87,1.03,0.94,1.15,0.9,0.98,1.25,1.03,95.67,957,218
Kyle Hendricks,2021,543294,0.94,0.97,0.92,1.32,0.85,1.19,0.96,1.07,1.03,1.02,1.05,0.93,1.25,1.02,0.95,1.15,0.81,97.95,2799,591
Kyle Hendricks,2022,543294,0.93,0.98,1.07,1.41,0.77,1.3,0.96,1.09,1.0,1.0,1.0,0.91,1.08,1.05,0.97,1.33,0.53,99.78,1184,244
Kyle Hendricks,2023,543294,0.95,1.06,0.88,0.9,1.0,0.97,0.78,1.16,0.98,1.07,0.96,0.91,0.68,0.94,0.95,1.16,0.86,99.79,2030,449
Kyle Hendricks,2024,543294,0.95,1.11,0.82,1.07,0.88,1.12,0.76,0.97,1.01,1.02,1.02,0.9,1.14,0.97,0.95,1.35,0.76,52.0,1858,408
Tommy Henry,2023,674072,0.98,0.92,1.01,0.99,0.87,1.01,0.81,1.03,1.04,1.01,1.06,1.08,0.87,0.89,0.99,0.89,0.87,99.44,1388,278
David Hernandez,2016,456696,1.03,1.01,0.91,0.49,0.96,1.01,1.17,0.93,1.11,0.95,1.01,0.98,1.12,0.93,1.0,1.43,0.89,40.01,1232,203
Roberto Hernandez,2015,433584,0.97,0.91,0.94,0.68,1.22,0.94,0.63,1.17,0.91,1.04,0.88,1.07,0.73,0.92,1.04,0.54,1.62,15.29,1308,288
Carlos Hernandez,2021,672578,1.03,0.99,1.03,0.95,0.97,0.97,1.01,0.93,1.0,0.96,1.07,1.1,0.58,0.91,0.99,1.17,0.9,9.08,1433,239
Elieser Hernandez,2019,622694,0.96,0.99,0.87,1.2,0.8,0.71,0.97,1.06,1.01,0.95,1.08,0.95,1.78,0.88,0.97,1.41,0.68,59.21,1408,224
Felix Hernandez,2015,433587,1.02,0.94,0.97,0.69,1.17,0.85,1.03,1.27,1.02,1.04,0.94,1.03,1.0,0.92,1.04,0.36,1.92,23.89,2831,539
Felix Hernandez,2016,433587,1.0,0.94,0.96,0.9,1.0,0.98,0.94,1.17,1.01,1.01,0.89,1.05,1.08,1.02,1.02,0.69,1.51,38.66,2299,429
Felix Hernandez,2017,433587,1.0,0.98,1.02,1.5,1.16,1.3,0.83,1.03,1.02,0.97,0.95,1.01,1.61,1.14,0.99,0.9,1.34,29.76,1263,237
Felix Hernandez,2018,433587,0.99,0.94,1.12,1.27,0.92,1.02,0.8,0.94,0.99,1.01,0.93,0.99,1.3,1.05,1.02,0.89,0.81,38.25,2432,460
Felix Hernandez,2019,433587,1.0,0.97,1.21,1.64,0.97,0.81,0.85,0.88,0.99,1.03,1.07,0.97,1.57,1.11,1.06,1.01,1.19,53.77,1013,201
DJ Herz,2024,687792,1.0,1.08,1.0,1.12,0.86,0.86,1.21,0.95,1.02,0.97,1.07,1.07,1.03,0.88,0.98,1.31,0.74,91.48,1528,231
David Hess,2018,605276,0.98,0.96,0.87,1.16,0.99,0.94,0.72,0.91,1.01,0.96,0.96,0.89,1.39,0.92,0.99,1.22,0.72,1.01,1612,317
David Hess,2019,605276,1.0,0.97,1.43,1.83,0.72,1.27,0.75,0.96,1.03,0.98,0.97,0.89,2.23,1.25,1.04,1.31,0.81,87.34,1276,236
Chris Heston,2015,518790,0.96,0.96,0.92,0.81,1.08,0.86,0.99,1.17,0.91,1.15,0.98,1.01,0.79,0.94,1.04,0.64,1.19,11.86,2695,518
Jordan Hicks,2018,663855,1.07,0.98,0.75,0.15,1.27,0.93,1.28,0.97,0.9,0.96,1.04,1.02,0.26,0.78,1.01,0.48,1.81,2.67,1251,212
Jordan Hicks,2024,663855,1.01,0.84,1.22,1.47,1.02,1.14,0.96,0.84,0.94,0.98,0.94,1.05,0.97,1.0,1.0,0.84,1.16,48.24,1850,314
Trevor Hildenberger,2018,657610,0.94,0.91,0.93,1.13,0.99,1.05,0.92,0.94,0.98,1.14,0.91,0.92,1.22,1.02,1.02,0.77,0.94,75.76,1029,201
Rich Hill,2016,448179,0.97,1.12,0.87,0.43,1.13,0.78,1.22,0.86,1.0,1.04,1.2,1.0,0.34,0.82,0.99,0.47,1.55,21.18,1689,245
Rich Hill,2017,448179,0.96,1.12,0.85,1.02,0.9,0.88,1.22,0.92,1.04,1.03,1.13,0.98,1.15,0.93,0.96,1.01,0.72,48.13,2021,301
Rich Hill,2018,448179,0.96,1.13,0.97,0.96,0.96,1.02,1.09,0.88,1.07,1.02,1.11,0.99,0.99,1.02,0.99,0.73,1.32,50.45,1907,304
Rich Hill,2021,448179,0.94,1.07,0.95,1.17,0.79,1.08,0.89,0.83,1.05,1.0,1.2,1.01,0.74,0.98,0.99,0.93,0.82,59.48,2102,376
Rich Hill,2022,448179,0.92,1.03,1.07,1.13,0.99,0.97,0.88,0.94,1.09,0.97,1.21,1.0,0.9,0.97,0.99,0.67,0.97,64.48,1628,317
Rich Hill,2023,448179,0.93,1.02,1.15,1.37,0.91,1.02,0.8,0.95,1.0,1.02,1.23,1.01,0.95,1.06,0.99,0.81,1.03,18.95,1947,345
Sean Hjelle,2024,663546,1.04,0.95,1.01,0.89,1.15,0.94,0.93,0.86,1.03,1.07,1.02,1.08,1.1,0.98,0.99,0.09,1.7,52.19,1081,219
Jeff Hoffman,2017,656546,1.0,1.08,0.93,1.03,1.2,0.89,0.77,0.79,0.97,0.93,0.98,1.05,1.0,0.96,1.0,0.84,1.26,56.57,1436,288
Derek Holland,2016,502706,0.99,1.0,1.05,1.12,0.75,1.05,0.8,1.01,1.05,1.01,1.08,0.93,1.15,0.97,1.0,1.67,0.54,35.55,1655,332
Derek Holland,2017,502706,0.98,0.97,1.07,1.22,0.83,1.16,0.7,0.99,0.91,1.03,1.13,0.94,1.73,1.09,1.0,2.08,0.69,53.86,2157,414
Derek Holland,2018,502706,0.98,1.04,1.03,1.08,0.77,1.12,1.12,0.93,1.02,0.98,1.08,0.94,1.04,0.99,0.99,2.15,0.65,0.28,2885,477
Derek Holland,2019,502706,0.99,1.05,1.17,1.87,0.88,0.95,1.3,1.09,0.97,1.06,1.04,0.95,1.95,1.09,1.02,1.43,0.67,48.74,1341,209
Tyler Holton,2024,663947,0.99,1.01,0.9,1.0,1.17,0.88,0.96,1.12,1.04,0.98,0.98,1.03,0.8,0.84,0.97,0.87,1.16,84.21,950,200
Tanner Houck,2023,656557,1.0,1.04,1.16,0.88,1.13,1.01,1.16,0.98,0.98,1.04,0.96,1.04,0.98,0.94,1.01,0.2,1.51,54.38,1331,242
Tanner Houck,2024,656557,1.02,1.08,1.3,0.88,1.1,1.0,0.84,0.98,0.98,1.03,1.03,0.96,0.47,0.99,1.02,-0.12,1.88,69.3,2686,519
Adrian Houser,2019,605288,1.02,0.95,0.94,0.59,1.27,0.81,1.23,1.08,0.98,0.94,1.01,1.03,0.72,0.85,1.0,0.31,1.78,84.37,1460,248
Adrian Houser,2021,605288,1.01,0.94,1.01,0.78,1.27,1.02,0.97,1.16,0.96,1.02,0.97,1.05,0.67,0.86,0.97,0.36,2.05,84.41,2329,414
Adrian Houser,2022,605288,1.01,0.96,1.02,0.85,1.01,1.06,0.88,1.09,0.98,0.99,0.94,1.06,0.58,0.93,0.98,0.85,1.11,39.5,1453,286
Adrian Houser,2023,605288,0.99,0.95,1.19,0.99,0.83,0.9,0.97,1.08,1.0,0.94,0.97,1.1,0.77,0.95,0.99,0.78,0.91,84.54,1622,312
Dakota Hudson,2019,641712,1.02,1.0,0.95,1.05,1.29,0.98,1.01,0.98,1.0,1.0,0.97,1.02,0.98,0.95,1.02,0.4,1.93,8.8,2472,500
Dakota Hudson,2022,641712,1.01,0.97,1.14,0.89,1.18,0.98,0.72,0.88,0.96,0.98,1.0,1.02,0.45,0.92,1.0,0.72,1.64,20.74,2156,422
Dakota Hudson,2023,641712,0.99,1.0,1.27,1.45,1.12,1.02,0.76,0.83,1.02,0.92,0.92,1.04,0.86,1.02,1.02,0.65,1.87,45.67,1215,253
Dakota Hudson,2024,641712,0.98,0.99,1.17,0.77,1.06,1.12,0.62,0.66,0.95,1.0,1.02,1.01,0.67,0.98,1.01,0.58,1.68,29.66,1088,243
Tim Hudson,2015,218596,0.96,0.94,0.91,0.84,1.04,0.71,0.6,0.84,1.0,1.04,0.98,0.89,0.87,0.99,1.07,0.36,1.76,21.1,1286,310
Phil Hughes,2015,461833,0.98,0.95,0.97,0.84,0.86,1.02,0.52,0.87,1.1,0.93,0.97,0.96,1.0,1.05,1.06,0.91,0.95,28.67,1683,406
Drew Hutchison,2015,571800,1.0,1.01,0.88,0.71,1.02,0.99,0.88,1.15,1.01,1.01,0.97,0.97,0.86,1.02,1.04,0.54,1.43,64.23,2480,476
Drew Hutchison,2022,571800,1.0,1.04,1.06,1.18,0.88,1.04,0.76,1.07,0.99,0.82,0.98,0.96,0.9,1.0,0.99,1.0,1.0,57.38,1754,351
Raisel Iglesias,2015,628452,0.99,1.02,0.82,1.02,0.95,1.03,1.12,0.95,1.01,1.05,0.97,0.98,1.11,0.97,1.05,0.86,0.93,1.98,1371,225
Shota Imanaga,2024,684007,0.98,0.97,1.05,1.2,0.8,0.98,1.01,0.89,1.16,0.85,1.03,1.01,1.14,0.95,0.98,1.13,0.81,74.37,2330,445
Cole Irvin,2021,608344,0.98,0.87,1.02,0.97,0.79,1.18,0.89,0.88,1.09,0.99,1.0,1.0,0.73,0.98,0.99,1.3,0.83,60.58,2567,563
Cole Irvin,2022,608344,0.98,0.88,1.09,1.45,0.85,1.04,0.93,0.92,1.14,0.95,1.08,1.03,0.99,0.98,0.99,1.63,0.67,72.42,2553,560
Cole Irvin,2024,608344,0.99,0.91,1.12,1.6,0.85,1.2,0.69,0.76,1.04,0.98,1.11,1.03,1.09,1.06,1.0,1.29,0.83,65.46,1497,312
Jake Irvin,2023,663623,1.02,1.02,1.08,1.47,0.82,0.87,0.82,0.91,0.99,1.02,1.08,1.1,1.16,0.98,0.99,1.32,0.85,68.36,2033,347
Jake Irvin,2024,663623,1.02,1.05,1.09,1.28,1.01,0.97,1.02,0.91,1.09,0.96,1.1,1.14,1.13,0.98,0.99,0.95,1.17,40.44,2725,499
Hisashi Iwakuma,2015,547874,0.96,0.97,0.93,0.85,0.97,0.92,1.03,1.09,1.06,0.91,0.96,1.0,1.18,1.02,1.05,0.81,1.13,63.77,1692,350
Hisashi Iwakuma,2016,547874,0.96,0.98,0.96,0.95,0.82,1.02,0.69,0.87,1.01,0.89,1.0,0.99,1.07,1.02,1.01,1.45,0.76,61.47,2706,576
Edwin Jackson,2016,429719,1.0,0.97,0.97,1.0,1.18,0.94,0.84,0.99,0.96,0.9,0.93,1.01,1.03,1.01,1.03,0.79,1.33,24.44,1236,242
Edwin Jackson,2017,429719,1.01,1.0,0.91,1.32,1.03,0.99,0.97,0.91,1.03,0.95,1.01,1.02,1.79,1.05,0.99,1.34,0.78,28.13,1106,227
Cristian Javier,2021,664299,0.99,1.05,1.1,1.27,0.7,1.03,1.34,1.07,0.99,1.05,1.11,0.96,1.28,1.06,0.98,1.49,0.65,19.54,1544,203
Cristian Javier,2022,664299,0.99,1.07,0.92,0.89,0.77,0.69,1.28,1.05,1.08,0.9,1.15,0.97,0.95,0.78,0.95,1.59,0.52,73.85,2236,299
Cristian Javier,2023,664299,0.98,1.04,1.04,1.14,0.68,1.01,1.1,1.19,1.02,0.9,1.15,0.97,1.04,0.96,0.98,1.59,0.43,38.48,2759,441
Griffin Jax,2021,643377,1.0,1.04,1.18,1.58,0.77,0.81,0.81,0.89,1.05,0.93,1.01,0.94,1.78,1.05,1.01,1.1,0.75,90.21,1262,243
Ubaldo Jimenez,2015,434622,0.98,0.95,0.83,0.68,1.11,1.07,0.96,1.11,0.88,0.97,1.0,0.96,0.94,0.93,1.03,0.93,1.14,7.65,2884,520
Ubaldo Jimenez,2016,434622,0.97,0.99,0.83,0.77,1.09,0.86,0.83,0.96,0.87,0.91,0.99,0.95,0.87,0.91,1.01,1.31,1.17,5.87,2472,435
Ubaldo Jimenez,2017,434622,0.98,0.99,0.99,1.26,0.82,1.12,0.83,0.91,0.9,0.96,1.0,0.92,1.84,1.13,0.99,1.57,0.8,5.7,2440,431
Brian Johnson,2018,598271,0.95,1.0,0.99,0.9,0.9,1.0,0.82,1.1,0.99,0.92,0.98,1.0,1.03,0.97,1.01,0.95,0.97,24.94,1652,301
Jared Jones,2024,683003,1.05,1.11,1.2,1.2,0.99,1.02,1.15,0.87,1.12,0.94,1.02,1.09,0.94,0.98,1.0,0.91,1.01,27.6,1733,311
Taylor Jungmann,2015,543380,0.99,1.03,0.84,0.72,1.28,1.04,0.91,1.21,0.95,1.03,0.87,1.0,0.67,0.94,1.04,0.55,1.66,76.53,1887,317
Jakob Junis,2017,596001,0.97,0.93,0.97,0.92,0.88,1.09,0.88,0.8,0.98,0.95,1.1,0.95,0.93,1.05,1.01,1.3,0.85,44.58,1349,274
Jakob Junis,2018,596001,0.98,0.96,0.97,1.14,0.96,0.88,0.88,1.02,1.02,1.04,0.96,0.92,1.26,0.99,1.01,0.96,0.87,66.75,2634,511
Jakob Junis,2019,596001,0.99,0.96,1.11,1.2,0.96,0.98,0.86,1.04,0.97,1.07,1.0,0.92,1.23,1.06,1.03,0.97,1.0,41.04,2922,537
Jakob Junis,2022,596001,0.99,1.0,1.11,1.22,0.84,1.08,0.88,0.83,0.94,0.92,1.05,0.94,0.91,1.02,1.0,1.31,0.87,96.23,1768,341
Jakob Junis,2023,596001,1.0,1.04,1.01,1.29,0.92,1.15,0.96,0.97,0.99,1.04,1.05,0.98,1.2,1.02,0.99,1.41,0.81,60.84,1229,213
Ariel Jurado,2019,642558,1.0,0.89,1.16,1.51,1.01,0.99,0.86,0.98,0.99,0.98,0.95,0.96,1.19,1.08,1.03,0.84,1.18,30.42,2035,415
James Kaprielian,2021,621076,1.0,0.88,1.14,1.19,0.79,0.99,1.18,1.06,0.97,1.08,1.0,0.96,1.02,1.0,0.99,1.18,0.73,54.63,1735,283
James Kaprielian,2022,621076,1.01,0.92,1.01,1.06,0.92,0.87,0.81,0.94,1.01,1.03,1.03,0.98,0.77,0.92,0.98,1.17,0.88,51.71,2222,414
Nate Karns,2015,501992,1.0,1.0,0.97,0.94,1.0,0.98,0.88,1.09,0.96,0.98,0.98,1.09,0.94,0.98,1.05,1.03,1.06,27.89,2399,405
Nate Karns,2016,501992,1.01,0.97,0.95,0.77,1.01,0.95,1.01,1.08,0.96,0.93,0.99,1.08,0.88,1.0,1.02,1.24,1.17,37.59,1673,268
Scott Kazmir,2015,431148,0.97,0.95,0.88,0.76,0.81,1.09,1.23,0.99,1.02,1.03,1.0,0.91,0.86,0.94,1.03,1.51,0.61,58.48,2372,416
Scott Kazmir,2016,431148,0.97,0.95,0.82,0.73,0.85,1.11,1.17,0.91,0.99,1.03,1.03,0.93,1.31,0.96,0.97,1.71,0.58,45.38,1839,313
Brad Keller,2018,641745,1.01,1.02,0.77,0.57,1.41,0.84,0.94,1.16,0.98,0.97,0.91,0.94,0.33,0.82,1.01,0.61,1.76,70.16,2133,423
Brad Keller,2019,641745,1.0,1.02,1.02,0.78,1.21,0.98,0.87,1.14,0.97,0.94,0.93,0.93,0.6,0.92,1.01,0.69,1.57,95.69,2652,499
Brad Keller,2021,641745,1.01,1.05,1.23,1.5,1.1,1.14,0.93,0.98,0.96,0.91,0.96,0.95,0.91,1.13,1.0,0.75,1.29,73.51,2188,398
Brad Keller,2022,641745,1.02,1.06,1.09,0.89,1.29,0.86,0.93,1.01,1.03,0.89,0.97,0.96,0.76,0.92,1.0,0.66,1.84,89.16,2103,420
Mitch Keller,2021,656605,1.01,1.05,1.22,0.89,0.95,1.28,0.79,0.98,0.98,0.88,1.04,0.98,0.66,1.08,1.0,0.7,1.19,94.73,1311,220
Mitch Keller,2022,656605,1.03,1.06,1.08,1.03,1.19,1.1,0.92,0.93,0.99,0.93,1.03,1.02,0.61,0.94,0.99,0.7,1.62,93.2,2656,475
Mitch Keller,2023,656605,1.01,1.08,1.06,1.26,1.0,1.09,1.03,0.84,1.01,0.96,1.06,1.05,0.98,1.03,0.99,0.99,0.98,96.84,2270,374
Mitch Keller,2024,656605,1.01,1.09,1.07,0.94,0.99,1.13,0.95,0.92,1.02,1.0,1.05,1.04,0.76,0.97,1.0,0.94,1.1,85.29,2467,456
Joe Kelly,2015,523260,1.03,0.95,0.99,0.59,1.0,1.02,0.75,0.98,0.9,1.03,0.95,0.98,0.76,0.98,1.05,0.78,1.39,31.22,2369,422
Merrill Kelly,2019,518876,1.0,1.1,1.1,1.46,0.96,1.0,0.98,1.01,0.99,0.99,0.91,0.99,1.22,1.09,1.02,0.83,1.31,86.78,2413,421
Merrill Kelly,2021,518876,1.01,1.06,1.23,0.98,0.87,1.0,0.91,0.87,1.03,0.99,0.91,1.02,0.95,1.01,1.02,0.63,1.19,92.65,2062,411
Merrill Kelly,2022,518876,1.01,1.09,1.07,1.09,1.01,0.94,1.07,0.98,1.03,0.98,0.9,0.99,0.78,0.91,0.99,0.41,1.31,95.4,2549,467
Merrill Kelly,2023,518876,1.02,1.08,1.23,1.11,1.0,1.01,1.13,1.19,1.04,0.98,0.89,1.0,0.86,1.01,0.99,0.26,1.66,96.6,2284,394
Kyle Kendrick,2015,452718,0.97,0.98,1.0,0.96,0.81,1.02,0.68,0.85,0.97,0.92,1.0,0.87,1.76,1.04,1.05,1.22,0.71,21.28,1600,357
Ian Kennedy,2015,453178,0.99,1.03,1.05,1.08,0.87,1.04,1.03,1.05,0.98,1.07,0.91,1.01,1.31,1.06,1.05,1.03,1.09,11.04,2792,455
Ian Kennedy,2016,453178,1.0,1.04,1.0,0.98,0.73,0.88,1.03,1.07,1.0,1.05,0.97,1.02,1.24,0.97,1.0,1.47,0.63,36.99,3364,554
Ian Kennedy,2017,453178,0.99,1.04,0.95,1.58,0.78,0.92,1.0,0.84,0.97,0.98,1.02,1.04,1.66,1.08,1.0,1.7,0.66,25.63,2624,454
Ian Kennedy,2018,453178,0.99,1.06,1.03,1.18,0.65,1.03,0.77,0.98,1.0,1.01,0.96,1.01,1.2,1.02,1.01,1.27,0.61,31.71,1780,306
Clayton Kershaw,2015,477132,1.01,0.95,0.62,0.42,1.42,0.87,1.2,1.01,1.11,0.84,1.01,1.01,0.54,0.83,1.01,0.56,1.88,59.34,3354,534
Clayton Kershaw,2016,477132,1.01,1.01,0.73,0.59,1.36,0.9,1.11,1.0,1.1,0.81,0.95,1.01,0.45,0.82,0.99,0.64,1.72,59.11,2028,348
Clayton Kershaw,2017,477132,1.01,1.03,0.75,0.83,1.27,0.93,1.02,0.94,1.1,0.83,0.87,0.98,1.04,0.93,0.97,0.75,1.5,65.47,2383,415
Clayton Kershaw,2018,477132,1.0,1.06,0.96,0.71,1.17,0.92,0.82,0.84,1.1,0.78,0.91,1.01,0.67,0.91,1.0,0.45,1.81,71.25,2328,458
Clayton Kershaw,2019,477132,0.99,1.1,1.03,1.01,1.2,0.89,0.96,1.09,1.09,0.83,0.94,0.97,1.23,0.98,1.01,0.64,1.5,61.23,2538,442
Clayton Kershaw,2021,477132,1.0,1.11,1.12,0.98,1.2,0.82,1.08,0.94,1.07,0.76,0.92,1.03,0.97,0.97,0.99,0.52,1.49,64.11,1787,315
Clayton Kershaw,2022,477132,0.99,1.07,1.07,0.5,1.22,0.87,0.91,0.91,1.08,0.79,0.93,1.03,0.54,0.82,0.99,0.64,1.4,80.16,1810,326
Clayton Kershaw,2023,477132,0.99,1.02,1.21,1.27,1.1,1.01,0.84,0.93,1.06,0.79,0.96,1.05,1.16,0.98,1.0,0.57,1.23,73.52,1977,333
Dallas Keuchel,2015,572971,0.96,0.93,0.71,0.52,1.32,0.8,1.11,1.38,0.92,1.15,0.88,0.96,0.68,0.86,1.01,0.04,2.97,63.86,3289,610
Dallas Keuchel,2016,572971,0.95,0.95,0.93,1.13,1.18,0.96,0.88,1.14,0.9,1.0,0.89,0.98,0.97,0.96,1.02,0.38,1.99,65.27,2361,454
Dallas Keuchel,2017,572971,0.95,0.93,0.75,0.61,1.38,0.73,1.25,1.28,0.93,1.0,0.78,1.01,0.75,0.84,0.96,0.0,4.33,57.13,1847,338
Dallas Keuchel,2018,572971,0.95,0.93,0.9,0.63,1.26,0.91,0.84,1.14,0.92,0.97,0.87,0.97,0.66,0.87,1.01,0.32,2.0,66.22,2789,569
Dallas Keuchel,2019,572971,0.95,0.92,1.01,0.88,1.41,0.87,1.07,1.25,0.93,1.09,0.87,0.96,0.78,0.92,1.02,-0.28,3.46,71.31,1168,240
Dallas Keuchel,2021,572971,0.95,0.92,1.04,1.25,1.2,0.98,0.96,1.08,0.87,0.99,0.86,0.97,0.98,1.03,0.99,0.01,2.0,96.4,1807,375
Yusei Kikuchi,2019,579328,0.99,0.96,1.04,1.06,1.12,0.9,0.73,0.84,1.01,0.92,1.0,1.02,1.34,1.0,1.02,0.88,1.31,70.7,2623,534
Yusei Kikuchi,2021,579328,1.01,0.97,1.19,1.46,1.02,1.23,1.29,0.96,0.98,0.94,0.97,1.08,1.42,1.13,1.0,0.79,1.53,26.82,1705,258
Yusei Kikuchi,2022,579328,1.02,0.99,1.34,1.86,1.03,1.07,1.19,0.97,0.98,0.98,0.96,1.1,1.65,1.16,1.0,0.76,1.35,10.36,1734,251
Yusei Kikuchi,2023,579328,1.04,1.03,1.23,1.34,0.95,1.09,1.07,0.95,1.05,0.92,1.01,1.12,1.22,1.07,1.01,0.91,1.04,20.62,2806,463
Yusei Kikuchi,2024,579328,1.04,1.01,1.26,1.3,0.93,0.96,1.15,0.91,1.04,0.89,0.99,1.12,1.0,1.01,1.0,1.04,1.05,81.98,2913,480
Kwang Hyun Kim,2021,547942,0.97,0.92,1.03,1.04,1.3,0.94,0.68,1.02,0.93,0.99,0.98,1.09,0.82,0.93,0.98,0.52,1.58,95.77,1600,303
Michael King,2023,650633,1.02,1.09,0.93,1.01,0.95,1.06,1.2,1.06,0.9,1.01,0.96,1.01,0.8,1.0,0.98,0.88,1.04,64.24,1678,264
Michael King,2024,650633,1.01,1.07,0.9,0.89,1.02,1.12,1.22,1.06,0.95,1.0,1.06,0.98,0.84,0.97,0.96,1.15,0.88,43.41,2728,426
George Kirby,2022,669923,1.02,0.95,1.0,1.17,1.07,0.97,0.93,0.89,1.14,0.86,1.12,1.07,0.55,0.9,0.97,1.03,1.11,77.55,1833,337
George Kirby,2023,669923,1.03,0.99,1.04,1.05,1.0,0.91,1.01,0.92,1.18,0.84,1.13,1.04,0.79,0.98,0.99,0.95,1.0,77.5,2594,519
George Kirby,2024,669923,1.03,0.97,1.0,1.08,0.93,0.92,1.01,0.96,1.13,0.91,1.12,1.07,0.79,0.94,0.99,1.06,0.78,68.09,2945,565
Corey Kluber,2015,446372,1.03,1.02,0.9,0.87,0.93,1.09,1.01,1.03,1.11,0.98,1.05,1.01,0.91,0.98,1.04,0.91,0.97,46.29,3080,556
Corey Kluber,2016,446372,1.03,1.07,0.83,0.93,1.03,1.09,1.04,1.03,1.06,1.03,1.06,1.02,0.92,0.94,0.99,1.23,0.87,49.2,3026,536
Corey Kluber,2017,446372,1.03,1.04,0.78,0.7,1.02,1.08,1.07,0.92,1.06,0.99,1.05,1.01,0.8,0.91,0.96,1.35,1.03,63.74,2261,341
Corey Kluber,2018,446372,1.02,1.05,0.9,1.17,0.97,1.02,0.95,1.05,1.0,1.07,1.04,0.98,1.26,0.99,0.99,1.38,0.88,57.91,2166,374
Corey Kluber,2022,446372,0.99,0.99,1.05,1.13,0.8,1.02,0.86,0.99,1.09,1.03,1.08,1.04,0.97,1.01,0.98,1.64,0.57,63.0,1573,335
Matt Koch,2018,571863,0.99,0.97,1.13,1.89,1.06,1.1,0.61,0.88,0.99,1.03,0.98,0.95,1.31,1.18,1.02,1.0,1.13,14.32,963,203
Tom Koehler,2015,543408,1.0,0.94,0.95,0.8,1.06,0.81,0.7,0.98,0.95,1.0,0.99,0.86,0.86,0.91,1.06,0.59,1.25,76.42,2940,574
Tom Koehler,2016,543408,1.0,0.95,0.89,0.94,1.03,1.07,0.8,1.0,0.95,1.05,0.95,0.88,0.87,0.97,1.0,0.79,1.18,76.18,3040,532
Michael Kopech,2022,656629,1.01,1.08,1.13,1.15,0.88,0.8,1.04,1.06,0.96,0.94,1.06,1.07,0.9,0.88,1.0,1.28,0.7,46.07,1980,324
Michael Kopech,2023,656629,1.01,1.07,1.2,1.61,0.85,0.87,1.14,1.19,0.91,0.99,1.06,1.09,1.56,1.04,1.0,1.16,0.74,43.71,2162,318
Dean Kremer,2022,665152,0.99,0.99,1.15,1.06,0.89,1.03,0.96,1.1,1.04,0.95,1.04,1.02,0.72,0.98,0.99,1.14,0.69,54.05,1332,230
Dean Kremer,2023,665152,1.01,1.01,1.04,1.06,0.79,1.21,1.03,0.92,1.02,0.94,1.01,1.01,0.94,1.04,0.99,1.1,0.87,49.53,2125,360
Dean Kremer,2024,665152,0.99,0.95,0.87,1.39,0.96,0.85,0.92,0.93,0.97,0.91,1.07,1.0,1.16,0.98,0.97,1.17,0.72,54.04,1665,265
Chad Kuhl,2016,641771,1.02,0.96,0.88,0.79,0.87,0.92,0.97,0.9,0.97,1.06,1.01,1.04,0.79,0.93,1.01,1.41,0.78,43.44,1010,200
Chad Kuhl,2017,641771,1.03,1.0,1.0,0.81,0.95,1.1,0.97,0.93,0.96,1.02,1.02,1.01,0.82,1.01,0.99,1.17,0.97,30.71,2497,436
Chad Kuhl,2018,641771,1.03,1.02,1.01,1.32,0.85,1.27,1.04,0.81,1.0,0.97,0.99,0.98,1.38,1.13,1.02,1.38,0.78,20.5,1109,206
Chad Kuhl,2022,641771,1.01,1.04,1.22,1.61,0.71,1.21,0.87,0.83,0.97,1.05,1.09,1.03,1.45,1.07,1.01,1.62,0.59,26.15,2288,427
John Lackey,2015,407793,1.0,0.97,0.83,0.79,1.06,0.86,0.81,0.79,1.08,1.03,1.02,1.01,0.72,0.91,1.03,0.82,1.02,18.18,2351,508
John Lackey,2016,407793,1.0,1.0,1.06,1.05,0.88,1.06,0.93,0.91,1.04,1.02,1.03,1.03,1.34,1.06,1.02,1.31,0.88,18.9,2011,355
John Lackey,2017,407793,0.98,0.96,1.1,1.15,0.83,1.12,0.86,0.94,0.97,1.06,1.05,1.01,1.84,1.1,1.0,1.04,1.01,2.6,1639,294
Peter Lambert,2019,663567,1.0,0.95,1.11,0.9,1.16,1.22,0.59,0.9,0.95,0.98,0.94,0.91,1.17,1.01,1.03,0.53,1.94,78.85,1561,315
Peter Lambert,2023,663567,1.01,0.96,1.16,1.57,0.97,0.88,0.8,0.85,0.97,0.94,1.07,1.03,1.46,1.07,1.0,1.19,0.96,64.54,1402,256
Dinelson Lamet,2017,659275,1.02,1.08,0.95,1.12,0.88,1.01,1.2,0.97,0.94,0.97,1.1,0.93,1.43,0.95,0.98,1.34,0.75,30.16,1713,251
Mat Latos,2015,502009,0.98,1.0,0.82,0.67,0.98,1.21,0.75,1.14,1.1,0.88,0.92,0.96,0.58,0.99,1.04,0.87,1.17,42.83,918,204
Eric Lauer,2019,641778,0.99,0.98,1.1,0.67,0.97,0.94,0.93,0.92,1.02,0.95,1.02,0.93,0.85,0.93,1.01,1.07,1.11,80.5,1861,314
Eric Lauer,2021,641778,1.0,0.97,1.05,1.09,0.89,1.14,1.01,0.88,1.01,0.98,1.05,0.98,0.89,0.95,0.99,1.44,0.81,19.11,1586,247
Eric Lauer,2022,641778,1.0,1.0,1.07,1.14,0.85,0.88,1.12,0.98,1.0,0.94,1.07,1.0,1.37,0.94,0.98,1.39,0.67,23.19,2053,309
Justin Lawrence,2023,664875,1.03,1.12,1.13,0.83,1.04,1.15,0.95,0.84,0.91,1.03,1.01,0.97,0.55,0.91,1.02,0.71,2.1,33.44,1179,202
Wade LeBlanc,2018,453281,0.92,0.87,0.95,1.54,0.8,1.1,0.89,1.05,1.0,1.03,1.01,0.98,1.41,1.03,0.99,1.76,0.64,64.6,1623,354
Wade LeBlanc,2019,453281,0.92,0.88,0.94,1.09,0.97,1.05,0.98,1.14,1.0,1.08,0.98,0.97,1.32,0.99,1.01,1.32,0.83,52.95,1037,236
Mike Leake,2015,502190,0.99,0.98,0.96,0.95,1.07,0.98,0.63,1.09,0.98,1.03,0.92,0.83,0.95,1.01,1.05,0.52,1.5,65.21,2219,495
Mike Leake,2016,502190,0.99,0.98,0.94,1.14,1.08,0.89,0.74,1.03,1.0,1.08,0.92,0.84,0.97,1.03,1.02,0.6,1.47,37.67,2038,472
Mike Leake,2017,502190,0.97,0.97,1.03,0.91,1.11,1.14,0.75,0.87,0.98,1.03,0.92,0.83,0.91,1.01,0.99,0.62,2.01,31.09,2100,449
Mike Leake,2018,502190,0.97,0.98,1.11,1.15,0.91,1.08,0.66,0.86,1.04,1.01,0.94,0.83,0.95,1.05,1.03,0.96,1.27,67.08,2099,490
Mike Leake,2019,502190,0.97,0.98,1.27,1.51,1.03,0.93,0.68,0.91,0.99,1.02,0.94,0.84,1.61,1.13,1.04,0.73,1.7,6.42,2186,475
Mark Leiter Jr.,2017,643410,0.98,0.84,0.84,1.22,1.15,1.04,0.72,0.87,0.91,0.99,1.01,1.05,1.65,1.06,0.97,0.67,1.19,15.3,1286,245
Jon Lester,2015,452657,0.99,0.97,0.8,0.7,1.3,0.9,1.04,1.16,0.9,1.18,0.82,0.98,0.72,0.89,1.04,0.54,2.38,77.34,2259,374
Jon Lester,2016,452657,0.99,1.01,0.78,0.51,1.17,0.83,1.07,1.13,0.95,1.16,0.84,1.02,0.78,0.8,0.99,0.93,1.29,89.07,2551,407
Jon Lester,2017,452657,0.98,0.98,0.79,0.9,1.14,1.02,1.14,1.23,0.89,1.13,0.83,1.01,1.22,1.01,0.99,0.8,1.51,84.02,2221,348
Jon Lester,2018,452657,0.98,1.01,0.96,0.93,0.93,1.27,0.9,0.92,0.87,1.07,0.89,0.99,0.88,1.04,1.0,1.01,1.06,99.71,2325,372
Jon Lester,2019,452657,0.97,1.03,0.89,0.89,0.94,1.1,0.97,1.16,0.94,1.04,0.86,0.99,0.94,1.04,1.0,0.93,1.42,96.28,1990,349
Jon Lester,2021,452657,0.95,0.97,1.02,1.0,1.06,1.1,0.94,1.11,0.97,1.06,0.87,1.03,1.0,0.95,0.98,0.77,1.26,6.57,1753,361
Colby Lewis,2015,407890,0.97,0.96,1.01,0.91,0.8,1.08,0.67,1.0,0.98,1.06,0.99,0.89,0.77,0.97,1.07,1.06,0.85,44.11,3157,661
Colby Lewis,2016,407890,0.96,1.01,0.9,0.77,0.78,0.92,0.63,1.04,1.02,1.06,0.93,0.89,0.84,0.88,1.01,1.18,0.7,36.11,1439,307
Tim Lincecum,2015,453311,0.95,0.89,1.05,0.6,0.96,1.11,1.07,0.99,0.93,0.82,1.04,1.04,0.68,1.0,1.06,0.94,1.18,20.85,1111,202
Francisco Liriano,2015,434538,1.01,0.93,0.72,0.69,1.08,1.11,1.2,1.19,0.93,1.08,0.97,1.01,0.77,0.96,1.01,0.71,1.21,8.95,2853,478
Francisco Liriano,2016,434538,1.01,0.96,0.86,0.98,1.02,0.82,1.04,1.07,0.91,1.02,1.01,1.01,1.42,0.97,1.01,0.79,1.1,4.9,2690,453
Francisco Liriano,2017,434538,1.01,0.95,0.92,0.92,0.92,1.1,0.9,0.97,0.85,1.06,1.03,1.0,0.87,0.98,0.99,1.08,1.0,4.69,1721,292
Francisco Liriano,2018,434538,1.0,0.95,0.89,1.1,1.01,1.02,0.92,1.02,0.87,1.07,1.0,0.99,1.14,1.02,1.01,1.0,1.09,11.29,2168,384
Zack Littell,2023,641793,1.02,0.88,1.18,1.14,0.9,1.05,0.77,0.79,1.12,0.81,1.18,1.01,0.96,1.01,1.0,1.18,0.9,20.39,1230,272
Zack Littell,2024,641793,1.0,0.86,1.12,1.52,0.74,1.17,0.87,0.79,1.06,0.83,1.15,1.01,1.04,1.05,1.0,1.63,0.63,75.82,2351,447
Ben Lively,2017,594902,0.98,0.85,0.79,0.77,0.97,1.0,0.85,1.02,1.03,1.02,1.1,1.09,0.84,0.89,0.97,1.38,0.76,43.27,1322,265
Ben Lively,2023,594902,0.98,0.87,0.95,1.02,0.95,1.16,0.91,0.84,0.97,0.93,1.09,1.12,1.36,1.03,1.0,1.1,0.94,69.9,1204,244
Ben Lively,2024,594902,0.98,0.88,1.14,0.95,0.97,0.9,0.81,0.81,1.01,0.99,1.07,1.11,1.1,0.92,1.01,1.38,0.83,87.93,2286,445
Jeff Locke,2015,502046,0.98,0.85,0.83,0.55,1.05,1.05,0.92,1.06,0.98,1.04,0.98,0.94,0.71,0.9,1.03,0.48,1.32,14.9,2654,524
Jeff Locke,2016,502046,0.99,0.92,0.98,1.11,0.94,0.96,0.95,0.9,1.02,1.0,1.04,0.93,0.95,0.99,1.01,1.3,0.83,25.81,1939,411
Nick Lodolo,2022,666157,1.03,1.08,1.13,1.48,1.04,1.06,1.33,1.04,1.01,1.08,1.02,1.05,1.36,1.01,0.98,1.53,1.27,30.38,1677,239
Nick Lodolo,2024,666157,1.03,1.08,1.06,1.22,0.94,1.04,1.24,0.99,1.02,1.06,1.01,1.0,0.96,0.92,0.99,1.14,0.94,84.82,1857,316
Kyle Lohse,2015,346798,0.97,0.93,0.87,1.22,0.84,1.1,0.84,1.0,0.98,1.03,1.05,0.88,1.42,1.08,1.05,1.42,0.72,3.13,2312,475
Michael Lorenzen,2015,547179,1.02,1.01,0.9,0.76,1.22,1.22,0.77,1.07,0.99,1.08,0.87,0.96,1.0,1.04,1.04,0.53,1.77,23.54,1653,313
Michael Lorenzen,2022,547179,1.01,1.07,1.07,0.77,1.04,0.88,1.1,1.02,1.0,0.98,0.99,0.94,0.71,0.86,0.99,0.68,1.14,43.43,1360,229
Michael Lorenzen,2023,547179,1.01,1.1,1.11,1.08,0.93,0.97,0.8,0.93,1.02,0.91,1.0,0.94,0.87,0.96,1.0,1.16,0.88,46.33,2300,449
Michael Lorenzen,2024,547179,1.01,1.09,1.09,0.96,0.89,1.03,0.83,0.81,0.94,0.95,1.0,0.94,0.8,0.91,1.0,1.06,0.85,84.62,1586,292
Joey Lucchesi,2018,664192,0.99,0.96,1.03,1.48,0.87,1.09,1.21,0.92,1.02,0.86,1.1,1.01,1.61,1.1,0.99,1.48,0.8,12.73,2032,338
Joey Lucchesi,2019,664192,0.98,0.96,0.91,1.14,0.99,0.88,1.23,1.08,1.03,0.88,0.98,0.98,1.24,0.93,1.0,1.51,0.84,16.9,2545,450
Seth Lugo,2017,607625,0.99,1.06,0.99,0.87,0.95,1.23,0.95,0.9,1.01,1.04,1.06,1.01,0.86,1.03,0.98,1.15,1.13,10.18,1588,315
Seth Lugo,2018,607625,1.02,1.11,0.84,0.88,1.07,1.0,0.98,0.94,1.03,0.96,1.07,0.97,0.67,0.9,0.99,0.81,1.03,56.88,1484,254
Seth Lugo,2023,607625,1.01,1.14,1.21,1.39,0.95,1.0,0.88,0.91,1.06,0.91,1.03,0.97,1.05,1.06,1.0,0.51,1.16,44.37,1902,345
Seth Lugo,2024,607625,1.0,1.15,1.06,1.16,1.07,0.94,0.91,0.9,1.03,0.97,0.99,0.98,0.51,0.96,0.99,0.61,1.16,67.73,2638,511
Jesus Luzardo,2021,666200,1.01,1.01,1.11,1.4,0.9,1.11,1.11,0.96,0.97,1.01,0.96,0.9,1.47,1.06,0.99,1.05,0.84,42.61,1720,285
Jesus Luzardo,2022,666200,1.02,1.01,1.15,0.94,0.84,1.19,1.17,0.95,0.94,0.94,0.89,0.93,0.88,0.97,0.99,0.91,0.82,41.14,1638,242
Jesus Luzardo,2023,666200,1.03,1.02,1.1,1.27,0.93,0.91,1.17,1.09,1.01,0.94,0.97,0.91,1.04,1.02,0.99,0.86,0.89,61.91,2974,470
Jordan Lyles,2017,543475,1.03,0.99,0.95,0.84,1.31,1.15,0.99,0.91,1.03,0.95,1.0,1.05,1.5,1.05,0.98,0.71,1.62,6.97,1172,221
Jordan Lyles,2018,543475,1.03,0.93,0.88,0.99,1.01,0.73,0.97,0.85,1.04,0.95,0.98,1.08,1.06,0.91,1.0,0.62,1.16,42.52,1392,253
Jordan Lyles,2019,543475,1.01,0.97,1.13,1.14,1.02,0.9,0.96,1.1,1.03,0.88,1.09,1.06,1.3,0.99,1.0,0.88,1.16,18.6,2328,371
Jordan Lyles,2021,543475,1.01,1.03,1.13,1.23,0.83,1.09,0.93,1.0,1.04,0.94,1.02,1.09,1.35,1.05,1.0,0.88,0.92,32.88,2869,542
Jordan Lyles,2022,543475,0.99,0.98,1.14,1.49,0.95,1.03,0.91,1.02,1.0,0.93,1.04,1.09,1.02,1.03,1.0,0.94,0.94,6.65,2906,553
Jordan Lyles,2023,543475,0.99,0.99,1.07,1.3,0.86,0.9,0.81,0.99,1.02,0.93,1.02,1.1,1.33,1.0,1.01,1.13,0.79,10.45,2594,527
Daniel Lynch IV,2022,663738,1.01,0.92,1.34,1.16,0.97,1.07,0.93,0.92,1.05,0.95,1.07,1.11,1.03,1.03,1.0,0.92,1.12,62.49,2210,387
Lance Lynn,2015,458681,1.0,1.05,0.76,0.63,1.03,0.92,1.09,1.28,1.03,1.28,0.99,0.95,0.47,0.9,1.04,0.62,1.28,49.29,2786,474
Lance Lynn,2017,458681,0.99,1.05,0.7,0.68,1.01,0.86,1.35,1.14,0.99,1.17,1.0,0.93,0.9,0.88,0.95,0.94,0.96,35.19,2468,408
Lance Lynn,2018,458681,1.01,1.03,0.98,0.59,1.22,0.94,1.24,1.18,1.05,1.12,0.94,0.99,0.7,0.92,0.98,0.58,1.54,13.67,2529,398
Lance Lynn,2019,458681,1.02,1.08,0.85,0.87,1.13,0.99,1.45,1.04,1.08,1.03,0.94,1.01,0.92,0.94,0.98,0.88,1.04,75.89,2767,450
Lance Lynn,2021,458681,1.01,1.06,1.14,0.82,1.03,0.89,1.42,1.03,1.12,1.01,0.99,1.02,1.02,0.81,0.98,0.81,0.78,63.01,1538,249
Lance Lynn,2022,458681,1.0,1.07,1.04,0.82,0.99,0.99,1.5,1.15,1.14,1.01,1.04,1.02,1.09,0.99,0.98,1.05,0.93,77.35,1367,226
Lance Lynn,2023,458681,1.0,1.06,1.0,1.32,0.85,1.14,1.37,1.11,1.07,1.06,1.02,1.06,1.66,1.05,0.98,1.16,0.69,7.36,2442,402
Lance Lynn,2024,458681,0.99,1.09,1.06,1.49,0.84,1.09,1.24,1.07,1.07,0.98,1.02,1.03,1.31,1.05,0.98,1.2,0.7,12.25,1302,219
Jorge Lopez,2019,605347,1.02,0.92,1.02,1.71,1.05,0.95,0.81,1.02,0.98,1.0,0.97,0.99,1.56,1.09,1.02,0.97,1.02,32.62,2054,387
Jorge Lopez,2021,605347,1.03,0.92,1.28,1.38,1.07,0.96,0.91,0.87,0.94,0.99,1.0,1.04,1.37,1.05,1.0,0.51,1.34,3.64,2039,355
Pablo Lopez,2019,641154,1.01,0.97,1.06,1.06,1.16,1.02,1.01,1.01,1.04,1.03,0.94,1.09,1.05,0.97,1.0,0.65,1.41,33.65,1781,331
Pablo Lopez,2021,641154,1.02,1.01,1.04,1.02,1.05,1.13,1.14,1.06,1.11,0.99,0.94,1.08,0.99,0.96,0.97,0.4,1.37,68.61,1294,220
Pablo Lopez,2022,641154,1.02,1.03,1.03,1.22,1.12,1.07,1.18,0.98,1.06,0.95,0.91,1.1,0.87,0.95,0.98,0.49,1.33,79.74,2392,426
Pablo Lopez,2023,641154,1.03,1.04,1.03,0.89,1.06,0.98,1.2,1.06,1.1,0.92,0.97,1.15,0.99,0.92,0.98,0.73,1.08,54.56,3018,509
Pablo Lopez,2024,641154,1.03,1.03,1.11,1.15,1.05,1.06,1.08,0.99,1.1,0.94,0.99,1.15,1.04,0.99,0.99,0.93,1.23,60.66,2977,521
Reynaldo Lopez,2018,625643,1.01,0.92,0.94,0.95,0.84,0.97,0.84,0.96,1.01,0.98,1.0,0.99,0.84,0.95,1.0,1.23,0.76,11.33,2900,549
Reynaldo Lopez,2019,625643,1.01,0.93,1.02,1.02,0.94,0.96,0.98,0.93,1.02,0.92,1.04,0.97,1.29,1.02,1.01,1.28,0.88,54.34,3157,564
Reynaldo Lopez,2024,625643,1.02,0.95,1.07,1.1,1.08,1.1,1.0,0.95,1.04,0.93,0.9,1.05,0.42,0.97,0.99,0.91,1.29,61.1,2027,337
Kenta Maeda,2016,628317,0.97,1.02,0.74,0.8,1.04,1.08,0.98,1.14,0.97,1.09,0.99,0.98,0.86,0.91,0.99,1.18,1.18,51.62,2893,478
Kenta Maeda,2017,628317,0.98,1.02,0.85,0.68,0.88,1.1,1.07,0.97,0.99,1.03,0.99,0.96,1.16,0.95,0.98,1.26,0.86,43.12,1968,327
Kenta Maeda,2018,628317,0.99,1.04,0.84,0.72,0.96,1.12,1.06,0.95,1.09,1.03,0.92,0.95,0.85,0.95,0.98,1.07,0.99,92.27,1694,280
Kenta Maeda,2019,628317,0.99,1.05,0.75,0.74,0.91,1.03,1.09,0.96,1.02,1.06,0.96,0.94,1.12,0.87,0.98,1.33,0.88,67.25,2159,370
Kenta Maeda,2021,628317,0.97,1.04,1.09,0.93,0.86,1.01,1.01,0.93,1.03,1.0,0.96,0.96,1.13,0.96,0.98,0.8,0.81,94.4,1601,274
Kenta Maeda,2023,628317,0.98,1.03,1.17,1.07,0.7,1.2,1.01,0.94,1.01,0.97,0.98,0.99,1.16,0.97,0.99,1.43,0.58,76.67,1376,228
Kenta Maeda,2024,628317,0.98,1.02,1.04,1.33,0.69,1.08,0.77,0.95,0.96,0.96,0.95,0.98,1.42,1.02,1.0,1.11,0.76,39.61,1890,342
Tyler Mahle,2018,641816,0.99,0.97,1.02,1.26,1.04,1.19,1.03,1.05,0.98,0.98,1.02,1.01,1.33,1.03,1.0,1.1,1.26,45.74,2033,335
Tyler Mahle,2019,641816,1.01,1.01,1.02,1.09,1.22,0.94,0.97,1.02,0.99,0.94,1.02,1.03,1.2,0.98,1.01,0.79,1.48,68.48,1978,339
Tyler Mahle,2021,641816,1.01,1.09,0.92,0.88,0.98,0.94,1.12,1.01,0.93,0.98,1.03,1.07,1.02,0.96,0.97,0.9,1.01,50.29,3028,448
Tyler Mahle,2022,641816,1.0,1.11,0.97,0.93,0.85,0.91,1.14,1.1,0.96,0.95,1.04,1.06,0.93,0.9,0.97,1.21,0.63,9.4,1821,296
Sean Manaea,2016,640455,0.99,0.84,1.05,0.87,1.09,0.92,0.94,1.06,1.07,1.01,0.94,1.08,0.91,0.98,1.02,0.66,1.42,44.0,2152,425
Sean Manaea,2017,640455,0.98,0.85,1.14,0.94,0.83,1.0,1.16,0.94,1.01,0.99,1.01,1.04,0.94,1.01,1.0,1.41,0.83,59.32,2671,485
Sean Manaea,2018,640455,0.97,0.83,1.08,1.32,0.85,0.94,0.95,0.8,1.07,0.93,1.04,1.04,1.12,1.0,1.01,1.53,0.68,38.2,2330,496
Sean Manaea,2021,640455,0.99,0.88,1.18,1.3,0.81,1.06,1.43,0.75,1.09,0.91,1.17,1.16,1.3,1.06,0.99,1.79,0.71,15.93,2933,506
Sean Manaea,2022,640455,0.98,0.88,1.19,1.35,0.91,1.04,1.1,0.82,1.07,0.96,1.08,1.16,1.42,0.99,0.99,1.39,0.82,8.12,2440,457
Sean Manaea,2023,640455,1.01,0.9,1.03,1.29,0.9,1.03,1.21,0.83,1.06,0.92,1.16,1.14,1.01,1.02,0.98,1.54,0.94,14.87,2050,321
Sean Manaea,2024,640455,0.99,0.89,1.08,1.09,0.86,1.06,1.22,0.99,1.06,0.97,1.14,1.14,0.95,0.95,0.99,1.43,0.82,4.88,2594,429
Matt Manning,2021,666159,1.01,0.89,1.16,1.2,0.99,1.0,0.75,0.85,1.01,0.9,1.05,1.11,0.81,1.0,1.01,1.07,1.16,25.06,1410,291
Matt Manning,2023,666159,1.01,0.92,1.22,1.51,0.9,0.84,0.75,0.64,1.04,0.84,1.02,1.12,0.92,1.02,1.02,1.25,0.93,10.88,1139,229
Alek Manoah,2021,666201,0.99,1.02,0.82,0.8,0.86,1.09,1.36,1.01,1.01,1.02,1.08,1.06,0.92,0.86,0.96,1.33,0.71,10.74,1839,276
Alek Manoah,2022,666201,1.0,1.02,0.87,0.73,0.88,0.99,1.09,1.07,1.04,1.0,1.02,1.07,0.63,0.86,0.97,1.4,0.79,16.2,2943,538
Alek Manoah,2023,666201,0.99,1.01,1.32,1.2,0.82,1.0,0.94,1.01,0.95,0.99,1.01,1.09,1.18,1.05,0.98,1.49,0.76,6.32,1688,268
Alec Marsh,2024,679525,1.02,1.07,1.19,1.32,0.86,1.14,0.9,0.89,1.02,0.96,1.02,1.0,1.05,1.07,1.0,0.92,0.88,33.98,2052,359
Carlos Martinez,2015,593372,1.05,0.92,0.87,0.67,1.32,0.91,1.0,1.1,1.04,1.06,0.99,0.88,0.54,0.91,1.02,0.48,2.05,8.3,2802,490
Carlos Martinez,2016,593372,1.05,0.97,0.81,0.57,1.22,0.78,0.96,0.97,1.02,1.04,1.1,0.89,0.66,0.83,1.0,0.64,1.86,10.78,3000,552
Carlos Martinez,2017,593372,1.02,0.96,0.88,0.75,1.19,1.0,0.99,0.85,0.98,1.0,1.0,0.86,1.03,0.9,0.98,0.8,1.76,15.41,3048,548
Carlos Martinez,2018,593372,1.01,0.97,0.87,0.43,1.16,0.91,1.07,0.97,0.96,1.05,1.01,0.85,0.18,0.82,0.99,0.79,1.33,17.79,1583,254
Nick Martinez,2015,607259,0.97,1.0,0.94,0.72,1.01,1.0,0.68,1.42,0.97,1.15,0.94,0.85,0.77,0.98,1.05,0.68,1.2,13.73,1980,408
Nick Martinez,2017,607259,1.0,1.05,0.87,1.13,0.89,1.08,0.64,1.1,0.97,1.04,0.99,0.9,1.45,1.0,0.98,1.25,0.84,26.3,1545,319
Nick Martinez,2022,607259,0.99,1.04,1.04,1.07,1.01,0.91,1.02,1.14,1.01,0.9,1.03,0.96,1.04,0.88,0.97,0.7,1.33,73.5,1408,251
Nick Martinez,2023,607259,0.99,1.09,0.76,0.84,1.23,0.86,1.12,1.2,1.03,0.85,0.96,0.97,0.64,0.89,0.95,0.86,1.73,91.56,1457,250
Nick Martinez,2024,607259,0.98,1.1,0.86,0.78,0.93,1.01,1.01,1.06,1.09,0.81,1.03,0.94,0.71,0.86,0.95,1.21,0.67,75.9,1553,294
Steven Matz,2016,571927,1.02,1.0,0.96,0.75,1.04,0.92,1.24,0.79,1.03,0.95,1.2,1.04,0.96,0.9,1.0,1.09,1.34,90.15,2118,373
Steven Matz,2017,571927,1.0,1.0,1.08,1.11,0.9,0.86,1.02,0.78,0.97,0.94,1.21,1.04,1.48,1.05,0.99,1.35,1.04,52.67,1107,217
Steven Matz,2018,571927,1.01,1.01,1.0,1.22,1.0,0.96,1.17,0.69,0.94,0.9,1.26,1.04,1.5,0.94,1.0,1.26,1.1,70.01,2656,428
Steven Matz,2019,571927,1.01,1.03,1.09,1.45,0.94,1.03,1.13,0.86,1.0,0.97,1.25,1.02,1.42,1.06,1.01,1.39,0.95,3.06,2683,474
Steven Matz,2021,571927,1.01,1.05,1.09,1.17,0.96,1.03,1.1,0.75,1.01,0.93,1.14,1.04,0.98,0.99,0.98,1.29,0.83,26.34,2554,454
Steven Matz,2023,571927,1.01,1.09,1.08,0.81,0.83,0.97,1.37,0.84,1.03,0.92,1.19,1.06,0.92,0.96,0.99,1.52,0.75,21.15,1829,310
Trevor May,2015,543507,1.01,1.02,0.98,0.63,0.98,1.1,1.07,0.98,1.06,0.9,1.01,1.08,0.7,0.94,1.05,1.09,0.95,48.38,1754,330
Shane McClanahan,2021,663556,1.05,1.02,1.23,1.38,1.1,1.17,1.1,0.88,1.09,0.84,0.97,1.1,0.72,1.11,1.01,0.64,1.49,24.0,1792,311
Shane McClanahan,2022,663556,1.04,1.01,0.93,0.89,1.2,1.03,1.22,0.96,1.05,0.88,1.02,1.11,0.94,0.91,0.98,0.51,1.9,28.53,2460,404
Shane McClanahan,2023,663556,1.04,0.98,1.11,1.31,1.11,0.97,1.24,0.93,1.08,0.84,1.04,1.13,0.96,1.01,1.0,0.69,1.14,46.71,1818,307
Lance McCullers Jr.,2015,621121,1.04,1.07,0.82,0.82,1.19,0.96,0.9,1.0,0.98,1.04,0.99,0.98,0.66,0.91,1.05,0.68,1.32,13.88,1852,307
Lance McCullers Jr.,2017,621121,1.04,1.11,0.89,0.68,1.35,1.03,0.95,1.04,1.02,1.01,0.93,0.96,0.56,0.92,0.98,0.16,2.3,51.24,1997,325
Lance McCullers Jr.,2018,621121,1.05,1.1,0.95,1.37,1.1,1.06,1.2,0.9,1.02,0.98,0.96,0.94,0.96,0.97,1.01,0.87,1.22,40.29,2077,325
Lance McCullers Jr.,2021,621121,1.02,1.09,1.12,0.86,1.1,0.77,1.14,0.92,0.91,1.03,1.04,0.97,0.81,0.88,1.0,0.58,1.22,74.24,2738,410
Dustin McGowan,2017,430661,1.01,0.99,1.03,1.07,1.25,1.02,0.99,1.24,1.03,0.99,0.85,1.06,1.33,1.07,1.01,0.7,1.56,7.89,1085,218
Collin McHugh,2015,543521,0.96,0.98,0.81,0.71,1.22,1.09,1.19,1.19,0.98,1.07,0.96,1.03,0.77,0.88,1.02,0.86,1.26,29.43,1869,267
Collin McHugh,2016,543521,0.96,1.02,0.81,0.75,0.99,1.02,1.1,1.12,1.03,1.0,0.96,1.03,0.99,0.93,0.99,0.94,1.17,36.5,2222,347
Triston McKenzie,2021,663474,1.0,0.96,1.11,1.14,0.83,1.07,1.09,1.22,1.05,0.9,1.03,1.1,1.26,0.99,0.99,1.24,0.72,74.25,1948,295
Triston McKenzie,2022,663474,1.01,0.98,1.11,1.24,0.82,1.0,1.03,0.97,1.14,0.78,1.02,1.09,0.98,0.95,0.99,1.16,0.73,64.69,2800,500
Triston McKenzie,2024,663474,0.99,0.95,1.11,1.58,0.94,0.78,0.81,0.9,0.94,0.8,0.99,1.1,1.66,1.04,1.01,1.42,0.79,85.01,1302,215
John Means,2019,607644,0.98,1.13,0.78,0.93,0.74,1.02,0.85,1.03,1.01,1.04,1.07,0.94,0.98,0.89,0.98,1.83,0.54,31.73,2515,455
John Means,2021,607644,0.99,1.1,1.06,1.39,0.76,1.05,0.97,0.89,1.05,1.02,1.09,0.99,1.5,1.0,0.98,1.69,0.6,43.99,2320,425
Luis Medina,2023,665622,1.02,1.0,1.14,0.68,1.03,1.08,0.91,1.01,0.99,1.0,0.97,1.04,0.85,0.97,0.99,0.74,1.31,21.61,1710,303
Tylor Megill,2021,656731,1.01,0.93,1.22,1.39,1.1,0.82,1.03,0.79,1.04,0.94,0.98,1.16,1.52,0.97,0.99,0.93,0.98,24.15,1503,241
Tylor Megill,2023,656731,1.02,0.94,1.17,1.16,1.11,1.02,0.89,0.84,0.95,0.99,0.95,1.17,0.91,1.06,1.01,0.72,1.44,13.2,2015,369
Adalberto Mejia,2017,606167,0.99,1.1,0.89,0.95,0.96,1.16,0.87,1.08,1.01,1.07,1.0,0.95,0.94,1.02,0.99,1.0,0.99,29.54,1697,302
Daniel Mengden,2016,596043,1.0,0.97,0.96,0.8,0.94,0.93,0.85,0.93,0.98,0.93,1.02,0.98,0.72,1.04,1.0,0.98,1.14,23.81,1089,202
Daniel Mengden,2018,596043,0.98,0.97,1.01,1.3,1.0,1.13,0.68,0.92,1.0,0.86,0.97,1.01,1.06,1.05,1.01,1.03,1.01,6.52,1469,324
Miles Mikolas,2018,571945,1.02,1.03,0.8,0.75,1.25,0.98,0.82,0.99,1.13,0.99,1.11,0.99,0.6,0.88,0.98,0.82,1.29,47.49,2982,618
Miles Mikolas,2019,571945,1.01,1.02,1.0,0.94,1.02,1.02,0.96,1.12,1.07,1.0,1.03,0.98,1.12,1.02,1.01,0.85,1.39,58.7,2686,531
Miles Mikolas,2022,571945,1.0,1.02,1.03,1.01,1.05,1.05,0.78,0.87,1.06,0.94,1.07,1.04,0.9,0.94,0.98,1.04,1.02,54.72,3135,604
Miles Mikolas,2023,571945,1.0,1.0,1.15,1.49,0.84,1.17,0.69,0.82,1.08,0.89,1.06,1.04,0.9,1.06,1.0,1.16,0.75,28.26,3186,672
Miles Mikolas,2024,571945,1.0,1.0,1.16,1.2,0.95,1.15,0.7,0.79,1.07,0.85,1.08,1.03,1.01,1.01,0.99,1.18,0.94,4.22,2577,543
Wade Miley,2015,489119,0.99,0.99,0.84,0.62,1.24,1.0,0.81,1.22,0.91,1.02,0.85,1.0,0.55,0.9,1.03,0.54,1.66,20.87,3180,613
Wade Miley,2016,489119,0.99,0.99,1.05,0.98,1.09,1.1,0.75,1.11,0.98,0.91,0.9,0.94,1.04,1.06,1.03,0.74,1.79,16.29,2712,517
Wade Miley,2017,489119,0.98,1.0,0.89,0.94,1.06,1.05,0.92,1.28,0.86,1.05,0.81,0.94,1.09,1.06,0.98,0.94,2.09,34.81,2615,411
Wade Miley,2021,489119,0.96,1.02,0.95,0.53,1.26,1.12,1.02,1.11,1.01,0.87,0.87,0.98,0.34,0.89,0.96,0.04,1.64,82.63,1125,249
Bobby Miller,2023,676272,1.05,1.11,1.0,0.91,1.12,0.93,1.13,0.94,1.04,0.9,1.0,1.12,0.79,0.9,0.99,0.89,1.14,5.7,1942,345
Bryce Miller,2023,682243,1.02,1.1,1.12,1.33,0.87,1.18,1.08,0.97,1.12,0.87,1.04,1.0,0.84,1.06,1.01,1.08,1.04,70.04,1943,356
Bryce Miller,2024,682243,1.01,0.99,1.14,1.2,0.8,0.92,1.0,0.87,1.05,0.91,1.06,1.02,0.89,0.96,1.01,1.02,0.93,70.84,2329,428
Shelby Miller,2015,571946,1.02,1.01,0.67,0.48,1.04,0.95,1.13,1.05,1.09,0.97,1.08,1.08,0.54,0.84,1.02,0.89,0.98,28.12,2441,458
Shelby Miller,2016,571946,1.0,1.01,0.96,1.31,0.9,1.05,0.88,1.02,1.05,0.92,0.97,1.1,0.78,1.06,1.01,1.22,0.98,10.86,1306,256
Alec Mills,2021,621219,0.93,1.0,1.09,0.72,1.01,1.07,0.8,1.0,0.98,1.03,0.93,0.98,0.95,0.99,0.98,0.85,1.31,69.91,1920,385
Tommy Milone,2015,543548,0.95,0.98,0.85,0.67,1.09,0.93,0.72,1.32,0.94,1.1,0.83,1.01,0.79,0.93,1.04,0.82,1.22,22.84,1969,394
Tommy Milone,2016,543548,0.95,0.99,0.99,1.16,1.19,0.99,0.72,1.14,0.93,1.06,0.88,0.96,1.33,1.07,1.0,0.93,1.56,2.5,1012,203
Tommy Milone,2019,543548,0.94,0.98,0.81,1.2,0.85,1.16,0.75,1.15,0.97,1.0,0.88,0.95,1.33,0.99,0.97,1.37,0.67,96.56,1363,269
Mike Minor,2018,501985,1.01,1.13,1.05,1.5,0.88,1.05,0.86,0.99,1.01,1.04,1.06,0.92,1.07,0.97,1.0,1.46,0.7,86.8,2531,460
Mike Minor,2019,501985,1.0,1.19,0.84,0.95,0.98,0.92,1.01,1.02,0.99,1.04,1.05,0.91,1.05,0.92,0.99,1.22,0.89,85.47,3347,585
Mike Minor,2021,501985,0.99,1.15,1.06,1.29,0.94,1.05,0.91,1.06,1.02,0.98,1.14,0.91,1.13,1.02,0.99,1.0,0.94,80.42,2609,471
Mike Minor,2022,501985,0.99,1.15,0.98,1.21,0.86,1.06,0.75,1.1,0.99,1.02,1.16,0.9,1.54,0.94,0.98,1.55,0.67,88.11,1561,307
Ariel Miranda,2017,664641,0.98,1.01,0.88,1.26,0.85,0.94,0.96,0.83,0.98,0.9,1.01,0.9,1.61,0.98,0.98,1.54,0.65,22.76,2655,471
Casey Mize,2021,663554,1.01,0.93,1.02,1.46,1.03,0.92,0.96,0.89,0.97,1.01,1.12,1.11,1.3,1.03,0.99,0.77,1.09,9.59,2193,417
Casey Mize,2024,663554,1.02,0.96,1.24,1.09,1.01,1.07,0.84,0.87,1.06,0.89,1.08,1.13,0.63,1.0,1.0,0.85,1.6,45.11,1621,318
Frankie Montas,2019,593423,1.03,1.09,0.93,0.6,1.03,0.96,1.08,1.01,1.03,0.99,0.95,0.88,0.75,0.93,0.99,1.07,1.2,40.58,1483,264
Frankie Montas,2021,593423,1.04,1.08,1.07,1.29,0.93,1.13,1.25,1.07,1.06,0.91,0.91,0.96,0.93,1.01,0.99,1.07,1.05,87.76,2795,465
Frankie Montas,2022,593423,1.02,1.04,0.99,1.2,1.01,0.98,1.13,1.06,1.07,0.94,0.93,0.96,1.04,0.99,0.98,0.88,1.0,87.83,2125,385
Frankie Montas,2024,593423,1.02,1.06,1.11,0.97,0.97,1.07,1.08,0.97,1.06,0.94,0.95,0.96,0.86,0.94,0.98,0.98,0.95,32.22,1854,314
Keider Montero,2024,672456,1.0,1.06,1.04,1.13,0.84,1.16,0.85,0.79,1.02,0.91,1.06,1.03,1.43,1.05,0.99,1.36,1.33,31.82,1412,277
Rafael Montero,2017,606160,1.01,1.05,0.72,0.59,1.16,0.97,1.0,1.11,0.94,1.06,0.92,0.97,0.7,0.92,0.96,0.95,1.28,15.33,2187,354
Jordan Montgomery,2017,656756,1.0,1.01,0.87,0.9,0.91,0.95,1.0,1.05,1.03,0.91,1.0,0.96,1.06,0.96,0.98,1.43,0.75,43.35,2514,451
Jordan Montgomery,2021,656756,1.0,0.97,1.0,1.2,0.85,1.01,1.13,1.04,1.1,0.87,1.01,1.06,0.98,1.02,0.96,0.97,0.81,82.54,2210,386
Jordan Montgomery,2022,656756,1.0,0.98,1.0,1.03,1.01,1.06,1.18,1.09,1.11,0.91,0.98,1.08,0.88,0.98,0.97,0.78,1.06,79.67,2605,502
Jordan Montgomery,2023,656756,1.01,0.99,1.04,1.23,0.86,1.13,1.11,1.02,1.03,0.92,0.99,1.06,0.77,0.96,0.99,1.25,0.75,96.09,2872,551
Jordan Montgomery,2024,656756,1.0,0.96,1.13,0.96,0.9,1.13,1.12,1.19,1.09,0.86,0.92,1.09,0.88,1.02,1.0,1.04,0.9,69.12,1884,395
Mike Montgomery,2016,543557,1.0,0.91,0.93,0.58,1.53,0.82,0.94,1.21,0.94,1.09,0.87,1.03,0.6,0.95,1.04,0.37,2.94,52.09,1152,213
Mike Montgomery,2017,543557,0.99,0.88,0.79,0.38,1.58,0.87,0.77,1.02,0.92,1.1,0.9,1.03,0.42,0.81,0.98,0.57,2.51,33.3,1831,327
Mike Montgomery,2018,543557,0.99,0.92,0.99,0.53,1.05,0.94,0.83,0.94,1.0,0.96,0.96,0.98,0.58,0.94,1.0,0.81,1.41,88.7,1784,372
Mike Montgomery,2019,543557,0.99,0.93,1.16,1.31,0.98,1.13,0.89,1.12,0.97,0.97,0.91,1.0,1.59,1.16,1.03,0.71,1.39,59.33,1300,254
Matt Moore,2016,519043,1.01,1.01,0.88,0.88,0.85,0.82,1.04,0.96,1.0,1.0,1.03,0.95,0.94,0.96,1.0,0.95,1.1,30.23,3116,546
Matt Moore,2017,519043,0.99,0.99,1.05,1.09,0.91,0.99,0.82,0.85,1.02,0.99,0.98,0.92,0.96,1.06,1.01,1.26,0.88,31.94,2410,469
Matt Moore,2018,519043,0.99,1.01,1.14,1.23,0.86,1.04,0.9,0.79,1.02,0.97,0.97,0.95,1.27,1.06,1.0,1.1,0.88,82.75,1622,296
Adam Morgan,2015,605388,0.95,0.99,0.94,0.88,0.74,1.14,0.69,0.95,1.05,1.02,0.92,0.88,0.99,0.96,1.05,1.2,0.58,37.74,1197,272
Adam Morgan,2016,605388,0.97,1.02,1.11,0.99,0.93,1.08,0.8,1.18,1.02,1.09,0.94,0.9,1.25,1.09,1.03,1.11,1.19,13.75,1823,363
Eli Morgan,2021,669212,0.96,1.03,1.13,1.6,0.75,0.99,0.89,0.92,1.05,0.91,1.12,0.99,1.48,1.07,0.98,1.59,0.67,83.49,1345,258
Charlie Morton,2015,450203,1.0,1.03,0.94,0.69,1.08,0.97,0.93,1.14,1.06,1.08,0.93,0.88,0.75,0.94,1.04,0.28,1.75,31.61,1824,387
Charlie Morton,2017,450203,1.03,1.09,0.81,0.7,1.13,1.04,1.18,1.0,1.02,1.0,0.91,0.92,0.87,0.93,0.97,0.56,1.49,81.91,1851,322
Charlie Morton,2018,450203,1.03,1.06,0.78,0.78,1.13,1.09,1.25,0.91,1.03,1.03,0.96,0.95,0.9,0.89,0.99,0.55,1.37,92.43,2340,374
Charlie Morton,2019,450203,1.01,1.07,0.81,0.68,1.13,0.94,1.22,1.0,1.1,1.06,1.03,0.95,0.6,0.9,0.98,0.61,1.41,88.38,2704,413
Charlie Morton,2021,450203,1.03,1.12,0.91,0.53,1.19,1.04,1.15,0.95,1.05,1.07,0.94,1.03,0.63,0.9,0.98,0.36,1.54,89.85,2557,400
Charlie Morton,2022,450203,1.03,1.15,1.2,1.11,0.92,1.09,1.09,1.03,1.03,1.11,0.96,1.01,1.08,1.0,0.99,0.56,1.12,13.36,2629,407
Charlie Morton,2023,450203,1.04,1.15,1.15,1.11,1.08,0.94,1.17,1.07,0.99,1.14,0.92,1.01,0.73,1.02,1.01,0.52,1.21,72.26,2606,413
Charlie Morton,2024,450203,1.02,1.15,1.15,1.32,1.06,0.97,0.99,0.94,1.07,1.07,0.96,1.01,1.04,1.0,0.99,0.24,1.13,17.05,2559,416
Kyle Muller,2023,666205,1.02,1.01,1.35,1.54,1.05,1.09,0.77,0.69,1.1,0.89,0.95,1.04,1.15,1.14,1.02,0.79,1.43,4.79,1113,233
Joe Musgrove,2017,605397,0.99,1.05,0.95,0.92,1.19,1.03,0.97,0.93,1.06,0.94,0.92,0.94,1.16,0.99,0.97,0.54,1.26,3.12,1334,254
Joe Musgrove,2018,605397,1.0,1.05,0.97,0.65,1.05,0.93,0.96,0.88,1.11,0.96,0.96,0.96,0.62,0.86,1.01,0.53,1.14,74.6,1325,282
Joe Musgrove,2019,605397,1.0,1.07,1.13,0.88,1.08,0.89,0.97,1.01,1.09,0.95,0.95,0.91,0.85,0.96,1.01,0.69,1.34,90.6,2420,457
Joe Musgrove,2021,605397,1.01,1.17,1.15,1.02,1.05,0.96,1.1,1.01,1.03,1.07,0.97,0.97,0.87,0.96,0.98,0.48,1.16,87.67,2094,316
Joe Musgrove,2022,605397,1.0,1.14,0.95,0.78,1.13,1.12,1.03,1.12,1.03,1.02,0.98,0.98,0.93,0.94,0.97,0.48,1.3,81.79,2279,408
Tobias Myers,2024,668964,1.0,0.96,1.1,0.91,0.9,0.96,0.86,1.03,1.1,0.85,1.03,1.07,1.02,0.96,0.99,1.07,1.08,88.1,1325,250
German Marquez,2017,608566,1.01,1.01,0.9,0.88,1.14,0.91,0.9,0.73,1.08,0.88,0.99,0.84,0.94,0.97,0.99,0.77,1.33,16.9,2406,450
German Marquez,2018,608566,1.02,1.01,0.98,0.76,1.13,1.03,1.06,0.89,1.02,0.95,0.98,0.85,1.02,0.93,1.01,0.77,1.47,60.17,3098,517
German Marquez,2019,608566,1.04,1.03,1.08,1.11,1.08,1.02,0.96,0.87,1.09,0.93,0.94,0.84,1.25,1.07,1.03,0.66,1.7,45.38,2519,492
German Marquez,2021,608566,1.03,0.99,1.06,0.66,1.35,0.94,0.98,0.81,1.02,0.94,0.96,0.87,0.86,0.96,0.99,0.55,2.21,42.42,2703,497
German Marquez,2022,608566,1.04,1.0,1.23,1.02,1.05,1.01,0.88,0.86,1.09,0.94,0.96,0.9,1.23,0.96,1.01,0.98,1.19,11.48,2744,545
Jimmy Nelson,2015,519076,1.02,0.92,0.72,0.63,1.12,0.97,0.97,1.09,1.02,0.99,1.03,0.99,0.75,0.89,1.02,0.52,1.76,76.06,2721,515
Jimmy Nelson,2016,519076,1.02,1.01,0.87,0.82,1.06,0.88,0.89,0.92,0.97,1.02,1.07,0.98,1.04,0.9,1.01,0.85,1.05,40.86,2921,549
Jimmy Nelson,2017,519076,1.02,1.03,0.82,0.55,1.13,1.02,1.13,1.02,1.05,1.0,1.11,1.02,0.71,0.93,0.96,0.76,1.61,62.15,2661,454
Ryne Nelson,2023,669194,1.0,0.99,1.12,1.28,0.89,0.97,0.85,0.84,1.07,0.9,1.03,1.06,0.9,0.97,1.01,1.25,0.83,25.34,1852,371
Ryne Nelson,2024,669194,1.01,1.01,1.07,0.96,1.08,0.93,0.86,0.93,1.08,0.9,1.03,1.09,0.91,0.96,0.99,1.13,1.41,15.34,1782,311
Hector Neris,2017,593576,1.01,1.1,0.86,1.04,0.69,1.0,1.22,0.91,1.06,0.99,1.04,0.91,0.99,1.01,0.98,1.56,0.54,24.6,1224,200
Sean Newcomb,2017,656794,1.01,1.01,0.9,0.65,1.16,0.96,1.12,1.15,1.0,1.15,0.94,0.92,0.72,0.98,0.97,0.56,1.7,36.18,1734,267
Sean Newcomb,2018,656794,1.0,0.98,0.88,0.51,1.14,0.91,1.04,0.98,0.94,1.04,1.03,0.89,0.77,0.84,0.99,0.66,2.13,66.79,2778,438
Juan Nicasio,2016,504379,1.02,0.92,0.85,0.64,1.25,0.88,1.05,1.19,0.99,1.05,0.99,0.98,0.95,0.9,0.99,0.91,1.51,27.02,2077,309
Justin Nicolino,2016,592593,0.97,0.9,1.09,0.88,1.13,1.09,0.35,0.91,0.89,1.02,0.89,0.82,0.58,0.98,1.05,0.74,1.73,18.34,851,200
Jonathon Niese,2015,477003,0.97,0.87,0.91,0.84,1.2,0.98,0.72,0.91,0.95,0.97,0.91,1.0,0.83,0.93,1.05,0.39,2.0,38.02,2155,456
Jonathon Niese,2016,477003,0.97,0.9,0.91,0.86,1.06,1.05,0.81,1.01,0.95,1.0,0.85,1.02,1.34,1.03,1.02,0.63,1.53,32.18,1505,319
Aaron Nola,2015,605400,0.98,0.95,0.78,0.51,0.99,0.88,0.83,1.08,0.97,1.09,0.91,1.01,1.11,0.89,1.04,0.68,1.11,37.88,970,201
Aaron Nola,2016,605400,0.98,0.95,0.8,0.59,1.14,0.96,1.02,1.09,0.99,1.07,1.0,1.04,0.78,0.93,0.99,0.88,1.65,45.18,1597,301
Aaron Nola,2017,605400,0.98,0.95,0.8,0.75,1.06,1.05,0.98,0.91,0.98,1.04,1.0,1.05,0.88,0.91,0.97,0.91,1.12,49.29,2642,456
Aaron Nola,2018,605400,0.99,0.96,0.88,0.67,1.16,0.83,1.05,0.95,1.02,1.04,0.99,1.06,0.71,0.83,0.99,0.72,1.54,95.16,3189,536
Aaron Nola,2019,605400,1.0,0.99,1.05,0.99,1.05,0.96,0.96,1.18,0.97,1.08,0.96,1.04,1.16,1.0,1.01,0.8,1.35,97.47,3317,528
Aaron Nola,2021,605400,0.99,0.97,1.14,0.98,0.76,0.99,1.11,0.94,1.05,1.02,0.99,1.1,1.27,0.99,0.99,0.75,0.89,75.45,2912,463
Aaron Nola,2022,605400,1.0,1.01,0.85,0.97,0.92,1.01,1.08,0.97,1.06,0.95,0.98,1.12,0.77,0.89,0.98,0.45,1.04,59.96,2834,494
Aaron Nola,2023,605400,1.0,1.02,1.14,1.23,0.85,1.15,0.97,1.11,1.06,0.98,0.93,1.11,1.32,0.99,0.99,0.56,0.83,72.58,2855,492
Aaron Nola,2024,605400,0.99,1.03,1.01,1.03,0.95,1.02,1.01,1.02,1.07,0.95,0.96,1.12,1.16,0.95,0.98,0.89,0.92,82.04,2888,523
Ricky Nolasco,2016,445060,0.97,0.94,0.96,0.91,0.93,0.99,0.76,1.01,0.99,1.1,0.97,0.87,0.93,0.96,1.02,1.07,0.98,31.68,3114,621
Ricky Nolasco,2017,445060,0.96,0.97,1.09,1.25,0.76,1.08,0.95,0.99,0.96,1.11,0.94,0.88,1.42,1.12,1.02,1.3,0.79,45.78,3074,575
Bud Norris,2015,502032,1.01,0.98,0.93,0.9,1.18,0.96,0.92,1.18,0.92,1.04,0.96,1.0,1.07,1.02,1.07,0.51,2.19,5.2,1266,229
Bud Norris,2016,502032,1.01,1.05,1.07,0.76,1.22,0.95,0.84,0.98,0.98,0.95,0.95,0.98,0.71,0.95,1.02,0.88,1.47,35.5,1571,273
Daniel Norris,2017,596057,1.01,1.04,1.0,0.95,0.9,1.0,0.87,0.87,0.93,0.87,1.03,0.9,0.7,1.04,1.02,1.03,1.14,16.47,1617,297
Daniel Norris,2019,596057,0.99,1.03,1.13,1.14,1.06,0.98,0.84,0.89,1.01,0.87,0.97,0.86,1.16,1.03,1.02,0.7,1.42,28.78,2190,426
Ivan Nova,2015,467100,1.02,0.98,1.06,0.99,1.05,0.92,0.86,1.38,1.05,1.1,0.91,0.95,0.96,0.94,1.05,0.54,1.23,29.71,1434,290
Ivan Nova,2016,467100,1.01,0.97,1.04,0.96,1.08,1.02,1.0,1.28,1.11,1.1,0.93,0.93,1.09,1.01,1.04,0.5,1.45,37.01,2126,473
Ivan Nova,2017,467100,1.01,1.0,0.94,1.01,0.97,1.07,0.83,1.07,1.1,1.01,0.98,0.94,1.12,1.03,1.0,0.88,1.06,31.43,2552,583
Ivan Nova,2018,467100,1.01,1.01,0.99,1.18,0.96,1.0,0.93,1.08,1.06,1.08,0.94,0.93,1.16,1.0,1.01,0.92,0.99,72.88,2504,526
Ivan Nova,2019,467100,1.0,1.01,1.09,0.96,0.96,1.12,0.76,1.1,1.05,1.02,1.03,0.94,1.02,1.0,1.01,0.99,1.1,68.48,2601,556
Vidal Nuno,2015,573064,0.99,0.98,1.02,1.14,0.87,0.87,0.88,0.93,1.0,0.94,1.08,0.94,1.38,0.98,1.05,1.12,0.79,14.31,1325,241
Sean O'Sullivan,2015,457711,0.97,0.89,0.85,0.6,0.92,0.9,0.56,0.9,0.97,0.96,0.95,1.04,1.28,0.96,1.04,0.94,1.16,44.39,1124,257
Bailey Ober,2021,641927,0.99,0.98,1.13,1.11,0.78,1.02,1.07,1.21,1.08,0.94,1.15,1.17,1.29,1.05,0.98,1.27,0.7,84.41,1182,218
Bailey Ober,2023,641927,0.98,1.03,1.12,1.22,0.83,0.86,1.12,1.07,1.11,0.87,1.13,1.16,1.1,0.96,0.98,1.21,0.63,84.96,2270,388
Bailey Ober,2024,641927,0.99,1.01,1.11,1.13,0.78,0.89,1.05,0.95,1.08,0.9,1.05,1.16,1.2,0.92,0.98,1.33,0.62,63.34,2659,464
Brett Oberholtzer,2016,519085,0.96,0.97,1.03,1.08,0.93,1.01,0.73,0.9,1.03,0.95,0.96,0.96,1.73,1.04,1.01,1.4,1.15,9.14,1046,207
Jake Odorizzi,2015,543606,0.99,1.0,0.88,0.66,0.83,1.03,1.03,1.19,1.03,1.03,1.07,0.89,0.67,0.93,1.05,1.19,0.81,27.06,2205,394
Jake Odorizzi,2016,543606,0.99,1.02,0.98,1.26,0.69,1.06,1.11,1.01,1.06,0.94,1.16,0.9,1.19,1.0,1.0,1.86,0.67,22.49,2948,492
Jake Odorizzi,2017,543606,0.98,1.0,0.93,1.03,0.69,1.05,1.07,1.05,1.02,0.94,1.13,0.88,1.42,0.98,0.97,1.56,0.6,38.52,2156,335
Jake Odorizzi,2018,543606,0.98,1.01,1.06,1.03,0.74,1.12,0.99,1.2,0.99,1.06,1.13,0.9,0.72,1.01,0.99,1.74,0.56,60.79,2749,432
Jake Odorizzi,2019,543606,1.0,1.0,0.97,0.99,0.74,1.04,1.28,1.0,1.07,0.83,1.06,0.94,0.75,0.96,1.0,1.46,0.59,81.76,2261,339
Jake Odorizzi,2021,543606,0.99,0.93,1.11,1.18,0.8,0.87,0.99,0.96,1.04,0.95,1.1,0.97,1.07,0.96,0.98,0.82,0.88,53.78,1419,219
Jake Odorizzi,2022,543606,0.99,0.96,0.95,0.75,0.66,1.0,1.07,1.02,1.09,0.83,1.12,0.99,0.8,0.91,0.98,1.42,0.49,40.05,1216,225
Shohei Ohtani,2021,660271,1.02,0.97,1.08,0.73,1.2,0.89,1.08,0.79,1.0,0.99,1.03,1.09,0.86,0.92,0.99,0.58,1.62,56.21,1699,258
Shohei Ohtani,2022,660271,1.05,0.97,0.93,0.86,1.11,1.01,1.13,0.8,1.06,0.94,1.03,1.09,0.8,0.92,0.99,0.99,1.14,43.11,2009,317
Reese Olson,2023,681857,1.02,1.12,1.28,1.46,0.95,1.1,0.99,1.0,0.96,0.93,0.89,0.96,1.01,1.08,1.02,0.83,1.05,89.18,1641,275
Reese Olson,2024,681857,1.01,1.07,1.24,0.68,1.15,0.95,0.96,1.11,0.98,0.94,0.83,0.94,0.32,0.89,1.01,0.51,1.41,75.39,1736,310
Luis L. Ortiz,2023,682847,1.03,1.01,1.31,1.37,0.97,0.95,0.92,0.96,0.95,0.92,0.87,1.1,0.87,1.09,1.03,0.31,1.45,60.62,1455,291
Luis L. Ortiz,2024,682847,1.02,1.04,0.99,1.29,0.96,0.9,0.94,0.86,1.04,1.0,0.95,1.1,0.94,0.96,1.0,0.79,0.85,63.46,1698,324
Glenn Otto,2022,657248,1.0,1.02,1.1,1.34,0.99,1.04,0.94,0.97,0.98,0.99,1.05,1.09,1.2,0.99,1.0,1.01,0.92,80.87,2221,403
Johan Oviedo,2023,670912,1.04,1.02,1.08,1.05,1.18,0.97,0.92,0.88,1.01,0.99,1.04,1.15,0.75,0.95,1.0,1.13,1.38,25.52,2853,506
Chris Paddack,2019,663978,1.0,0.97,0.96,0.99,0.92,0.9,1.04,1.0,1.09,0.89,0.98,1.06,1.27,0.93,0.99,0.89,0.89,90.3,2269,374
Chris Paddack,2021,663978,1.01,0.99,1.17,1.3,0.99,1.01,1.01,0.94,1.06,0.84,1.01,1.08,0.99,1.06,1.0,0.78,1.1,87.19,1627,306
Chris Paddack,2024,663978,0.99,0.97,1.23,1.53,0.86,1.15,0.94,0.95,1.04,0.83,1.03,1.12,1.11,1.07,1.0,0.8,1.0,80.6,1456,283
Andre Pallante,2022,669467,1.01,1.02,1.17,0.48,1.75,0.82,0.69,0.84,0.99,0.88,0.96,1.07,0.52,0.83,1.01,0.15,5.95,81.19,1563,315
Andre Pallante,2024,669467,1.02,1.02,0.99,0.47,1.73,0.75,0.86,0.93,0.99,0.88,0.91,1.07,0.43,0.8,0.98,0.35,4.02,55.3,1931,356
Thomas Pannone,2019,623381,0.96,1.0,1.0,1.25,0.78,1.03,1.1,1.11,1.01,1.11,0.97,0.98,1.12,1.03,0.99,1.28,0.77,38.41,1253,218
Mitchell Parker,2024,680730,1.0,0.91,1.09,1.1,0.93,1.1,0.79,0.86,1.09,0.89,1.08,1.1,0.81,0.98,0.99,1.0,0.99,21.08,2398,467
Luis Patino,2021,672715,1.02,1.07,1.1,1.08,0.78,1.05,1.08,0.98,1.12,0.94,0.94,1.09,1.05,0.96,0.98,1.43,0.67,60.18,1188,201
James Paxton,2016,572020,1.05,0.93,0.98,0.42,1.41,0.96,0.88,0.93,1.07,0.9,0.86,1.01,0.37,0.86,1.02,0.58,2.42,9.47,1475,290
James Paxton,2017,572020,1.02,0.97,0.78,0.37,1.24,0.94,1.17,0.89,1.05,0.93,0.89,1.04,0.54,0.8,0.96,0.75,1.63,44.54,1961,298
James Paxton,2018,572020,1.02,0.96,1.08,1.27,0.95,1.07,1.24,0.97,1.11,0.9,0.93,0.99,1.19,1.01,0.99,1.2,0.97,39.9,2205,329
James Paxton,2019,572020,1.02,0.97,0.93,0.89,0.94,1.03,1.19,1.02,1.08,0.97,0.97,1.02,1.16,0.92,0.98,1.23,0.79,66.11,2094,300
James Paxton,2023,572020,1.02,0.93,1.02,1.2,0.93,0.8,1.08,0.92,1.09,0.86,0.98,1.09,1.17,0.92,0.98,0.72,0.91,44.36,1238,200
James Paxton,2024,572020,1.0,0.88,1.14,0.95,0.91,0.87,0.86,0.99,1.04,0.87,1.05,1.05,0.77,0.9,0.98,1.17,0.81,32.94,1440,256
Brad Peacock,2017,502748,0.99,1.04,0.72,0.73,1.14,1.0,1.14,0.92,0.95,1.01,0.9,0.96,0.61,0.85,0.98,1.05,1.31,0.66,1982,285
Brad Peacock,2019,502748,0.99,1.04,1.2,1.11,0.93,0.88,0.8,0.89,0.95,1.0,0.88,0.92,1.25,0.94,1.03,0.88,0.86,9.27,1315,221
Matt Peacock,2021,676840,1.02,1.0,1.16,0.96,1.17,0.83,0.83,0.71,1.01,0.93,0.98,0.87,1.09,0.87,1.02,0.45,1.29,23.95,1216,281
Jake Peavy,2016,408241,0.98,1.09,1.01,1.71,0.68,0.84,0.91,0.95,1.03,1.03,0.96,0.92,1.38,1.07,1.01,1.54,0.66,33.27,1182,207
Mike Pelfrey,2015,460059,1.0,0.82,0.91,0.73,1.05,0.99,0.7,0.91,1.02,1.07,1.06,1.08,0.53,0.97,1.04,0.92,1.23,58.5,2306,534
Mike Pelfrey,2016,460059,1.0,0.86,0.93,0.9,1.04,0.98,0.78,0.95,0.99,1.03,1.05,1.09,0.92,1.01,1.01,1.12,1.25,33.32,1661,384
Mike Pelfrey,2017,460059,0.97,0.87,0.97,1.24,1.04,0.91,0.82,0.91,0.87,1.17,1.11,1.08,1.7,0.99,0.98,1.36,0.84,38.59,2270,391
Ryan Pepiot,2024,686752,1.02,1.15,1.08,1.22,0.79,0.92,1.26,0.96,0.99,1.0,1.07,1.07,0.97,0.95,1.0,1.41,0.93,50.38,1962,313
Freddy Peralta,2019,642547,1.01,1.07,0.94,1.13,0.92,1.09,1.35,1.15,1.07,0.98,1.04,1.12,1.21,1.0,0.99,1.03,0.85,38.38,1565,217
Freddy Peralta,2021,642547,0.99,1.0,0.92,0.81,0.86,1.02,1.35,1.01,0.96,1.07,1.0,1.16,0.86,0.82,0.96,1.22,0.65,48.06,2309,311
Freddy Peralta,2023,642547,1.0,1.02,1.02,1.19,1.08,0.93,1.31,1.06,1.01,0.92,0.98,1.12,1.3,0.96,0.96,0.94,1.12,50.14,2837,408
Freddy Peralta,2024,642547,1.0,1.04,1.08,1.14,0.9,1.05,1.22,1.11,0.98,0.96,1.0,1.08,1.09,0.97,0.98,1.0,0.93,6.21,2836,418
Wily Peralta,2015,503449,1.01,0.79,1.01,0.77,1.21,1.0,0.77,1.09,0.95,1.02,0.9,1.0,0.88,0.96,1.06,0.46,1.77,71.19,1644,351
Wily Peralta,2016,503449,1.02,0.86,0.92,0.9,1.16,1.05,0.98,1.29,0.95,1.09,0.93,0.96,0.99,1.0,1.03,0.62,1.68,52.83,2004,392
Wily Peralta,2021,503449,0.99,0.83,1.03,1.09,1.08,1.0,0.81,0.92,0.94,0.94,0.99,0.92,0.93,0.92,1.0,1.14,1.12,82.57,1551,299
Luis Perdomo,2016,606131,1.04,0.9,1.04,0.91,1.23,0.9,0.94,1.07,1.04,1.03,0.95,0.93,1.15,0.97,1.03,0.24,1.88,29.63,2323,501
Luis Perdomo,2017,606131,1.01,0.94,0.93,0.74,1.27,0.8,0.94,1.0,0.96,1.01,0.9,0.88,0.76,0.96,0.99,0.22,1.99,8.39,2526,519
Dillon Peters,2019,596071,0.98,1.03,1.1,1.14,0.81,1.15,0.77,0.87,1.0,0.95,1.01,0.91,1.47,1.05,1.02,0.85,1.05,63.71,1159,215
David Peterson,2022,656849,1.01,0.95,1.28,1.07,1.17,1.0,1.09,1.05,0.93,1.09,0.99,1.14,0.81,0.98,0.99,0.82,1.79,5.6,1788,261
David Peterson,2023,656849,1.0,0.97,1.25,1.36,1.17,0.96,1.21,1.15,0.96,1.0,1.03,1.15,1.28,1.13,1.0,0.48,2.15,35.95,1782,281
David Peterson,2024,656849,1.0,0.97,1.13,1.04,1.11,1.03,1.14,0.99,1.02,0.94,1.03,1.14,0.51,0.98,1.0,0.57,1.36,74.77,1720,333
Yusmeiro Petit,2015,433589,0.98,0.93,0.81,0.7,0.82,0.9,0.69,0.94,1.11,0.98,1.03,1.17,0.98,0.87,1.04,1.64,0.77,4.38,1042,232
Yusmeiro Petit,2018,433589,0.96,0.98,0.88,1.04,0.89,0.93,0.78,0.99,1.09,1.06,0.94,1.12,1.15,0.92,0.98,1.66,0.7,16.17,1044,219
Felix Pena,2018,570240,0.99,1.06,0.97,0.71,0.83,0.96,1.09,1.13,0.95,0.93,0.99,0.93,1.08,0.9,1.02,1.43,0.71,37.0,1194,224
Felix Pena,2019,570240,0.98,1.01,1.04,1.09,0.83,0.96,1.1,1.03,0.99,0.9,0.98,0.94,1.42,1.07,1.01,1.17,0.74,28.66,1317,229
Brandon Pfaadt,2023,694297,1.02,1.09,1.22,1.6,0.77,1.11,0.94,0.79,1.05,0.91,1.01,1.08,1.42,1.03,1.02,1.15,0.77,2.78,1356,260
Brandon Pfaadt,2024,694297,1.02,1.13,1.08,1.02,0.9,1.03,1.02,0.89,1.06,0.95,0.96,1.07,0.89,0.97,1.0,0.84,1.18,17.26,2625,504
David Phelps,2015,475479,0.99,0.98,0.87,0.64,0.91,1.08,0.53,0.81,0.9,1.03,1.02,0.88,0.76,0.98,1.05,0.86,1.21,64.41,1765,353
Michael Pineda,2015,501381,1.01,0.89,0.92,0.84,1.36,1.0,0.93,0.99,1.07,0.91,0.96,1.06,0.92,0.97,1.04,0.35,1.83,19.54,2152,427
Michael Pineda,2016,501381,1.02,0.91,1.01,0.87,1.17,1.06,1.1,1.18,1.01,0.96,0.86,1.05,1.08,1.0,1.02,0.64,1.55,22.58,2885,470
Michael Pineda,2017,501381,1.01,0.94,0.85,0.82,1.33,0.88,0.93,1.08,1.03,0.93,0.91,1.03,1.37,0.99,0.99,0.36,1.72,21.31,1537,292
Michael Pineda,2019,501381,0.99,0.91,0.94,1.01,0.87,1.11,0.97,1.01,1.08,0.87,0.91,1.0,1.12,1.02,1.01,1.11,0.87,38.74,2141,406
Michael Pineda,2021,501381,0.97,0.88,1.29,1.17,0.92,1.02,0.81,1.01,1.07,0.91,0.85,1.01,0.97,1.04,1.01,1.11,1.13,47.05,1699,344
Nick Pivetta,2017,601713,1.01,1.05,0.97,0.95,1.1,1.0,0.94,1.01,0.99,1.0,1.0,1.07,1.37,1.03,0.98,1.29,1.17,30.96,2329,355
Nick Pivetta,2018,601713,1.01,1.05,0.9,0.97,1.1,0.9,1.12,1.0,1.03,0.99,1.03,1.06,1.05,0.93,0.99,0.75,1.4,22.85,2730,420
Nick Pivetta,2019,601713,1.01,1.08,0.9,1.3,1.06,1.05,0.97,0.99,1.01,0.98,1.06,1.02,1.44,1.04,1.01,0.63,1.17,53.65,1556,279
Nick Pivetta,2021,601713,1.01,1.04,1.09,1.1,0.84,0.92,0.94,0.9,1.03,0.87,1.07,1.07,1.13,0.94,0.98,0.79,0.84,11.69,2637,394
Nick Pivetta,2022,601713,0.99,1.06,1.17,1.21,0.87,0.98,0.93,0.96,1.02,0.87,1.14,1.09,1.18,1.01,0.99,0.64,0.9,19.79,2350,382
Nick Pivetta,2023,601713,1.02,1.07,1.16,1.59,0.93,1.08,1.13,1.19,1.05,0.85,1.06,1.11,1.35,1.07,0.98,0.6,0.91,18.12,2056,291
Nick Pivetta,2024,601713,1.01,1.03,1.18,1.23,0.87,0.95,0.99,0.95,1.1,0.83,1.09,1.09,1.22,0.98,0.99,1.19,0.83,35.54,2158,342
Zach Plesac,2019,668676,1.01,0.9,1.02,1.09,0.87,1.04,0.8,0.81,0.99,1.0,1.05,0.94,1.14,1.02,1.01,0.98,0.96,81.81,1885,342
Zach Plesac,2021,668676,1.01,0.89,1.22,1.3,1.04,0.96,0.84,0.81,1.06,0.95,1.07,1.0,1.03,0.95,1.01,0.85,1.07,85.7,2202,455
Zach Plesac,2022,668676,1.0,0.93,1.22,1.31,0.93,1.21,0.78,0.97,1.1,0.96,1.1,0.99,0.82,1.06,1.0,0.93,1.21,40.39,1921,394
Adam Plutko,2018,592644,0.98,1.02,0.96,1.37,0.76,0.95,0.78,1.1,1.13,0.99,1.03,0.91,1.43,0.98,0.98,1.38,0.5,61.12,1015,207
Adam Plutko,2019,592644,0.98,1.02,0.89,1.07,0.84,1.03,0.74,1.09,1.07,0.95,1.02,0.94,1.28,0.95,1.0,1.51,0.61,89.47,1355,264
Drew Pomeranz,2015,519141,0.99,1.01,0.87,0.77,1.13,0.97,1.18,1.08,1.05,0.95,1.05,0.85,0.75,0.87,1.03,-0.06,4.56,43.37,1289,204
Drew Pomeranz,2016,519141,0.99,1.03,0.92,0.99,1.09,0.83,0.97,1.0,0.98,0.96,1.06,0.83,0.85,0.89,1.0,0.07,1.9,61.34,2464,387
Drew Pomeranz,2017,519141,0.98,0.99,0.96,0.86,0.94,1.0,0.97,1.19,1.0,0.98,1.1,0.83,0.71,0.97,0.98,0.48,1.73,4.82,2729,445
Drew Pomeranz,2019,519141,1.0,1.03,0.94,1.09,0.87,0.87,1.2,1.06,1.02,0.97,1.08,0.8,1.58,1.04,0.99,0.84,1.06,45.73,1635,215
Rick Porcello,2015,519144,0.99,1.08,0.93,0.84,1.02,1.06,0.98,1.09,1.0,0.96,1.06,1.02,1.05,1.02,1.04,0.66,1.25,32.02,2730,535
Rick Porcello,2016,519144,0.98,1.07,0.94,1.1,0.93,0.97,0.79,0.9,1.04,0.94,1.13,0.97,0.87,0.96,1.0,1.34,0.82,21.61,3378,653
Rick Porcello,2017,519144,0.98,1.07,0.92,1.13,0.9,1.08,0.87,0.98,1.06,0.93,1.11,0.97,1.34,1.05,0.98,1.2,0.85,18.15,3360,646
Rick Porcello,2018,519144,0.98,1.09,0.99,1.03,0.87,1.05,0.84,0.94,1.01,0.96,1.1,0.96,1.1,0.99,1.01,1.18,0.95,14.78,3089,551
Rick Porcello,2019,519144,0.97,1.06,1.03,1.33,0.88,1.08,0.78,0.97,1.05,0.94,1.15,0.95,1.21,1.01,1.0,1.25,0.75,15.31,2948,570
Ryan Pressly,2016,519151,1.04,1.12,0.99,0.72,0.98,1.17,0.86,0.94,1.11,0.84,0.91,0.94,0.64,1.0,1.02,0.86,1.2,2.27,1107,210
David Price,2015,456034,1.02,1.02,0.82,0.73,0.99,1.02,1.18,0.87,1.07,0.96,1.06,0.96,0.69,0.91,1.03,1.23,0.97,12.35,2915,529
David Price,2016,456034,1.01,0.98,0.92,1.11,0.9,0.99,1.18,0.94,1.09,0.99,1.11,0.94,1.16,0.96,0.99,1.38,0.82,15.0,2895,541
David Price,2018,456034,1.0,1.0,1.02,0.95,0.84,0.86,1.08,0.92,1.0,1.02,1.1,0.95,1.02,0.96,1.0,1.42,0.79,4.83,1864,335
David Price,2019,456034,0.99,1.0,1.02,1.35,0.86,1.3,1.15,0.91,1.03,0.98,0.99,0.94,1.29,1.1,0.98,1.34,0.96,44.55,1484,245
David Price,2021,456034,1.0,0.93,0.97,0.94,1.05,1.05,1.02,0.56,1.07,0.84,0.96,0.96,0.96,0.93,0.98,1.08,1.09,70.99,907,201
Austin Pruitt,2017,643493,1.01,1.09,0.91,1.08,1.08,0.95,0.8,1.01,1.01,1.04,0.97,0.87,0.82,0.97,1.0,0.72,1.48,75.55,1228,255
Martin Perez,2015,527048,1.0,0.92,0.89,0.73,1.35,0.8,0.85,1.32,1.03,0.97,0.88,0.96,0.2,0.89,1.04,0.35,2.18,19.46,1093,251
Martin Perez,2016,527048,1.01,0.95,0.95,0.88,1.11,0.98,0.81,1.08,1.02,0.94,0.89,0.95,0.66,0.97,1.02,0.56,1.7,16.14,3054,662
Martin Perez,2017,527048,1.0,0.97,0.86,0.8,1.04,1.11,0.78,1.18,0.96,1.02,0.92,0.94,0.82,1.02,0.99,1.03,1.22,18.09,3081,622
Martin Perez,2018,527048,1.0,0.95,0.98,0.81,0.99,0.84,0.94,0.97,1.03,0.99,0.94,0.94,0.88,0.94,1.02,0.87,1.41,4.85,1183,272
Martin Perez,2019,527048,1.01,0.97,0.82,0.68,1.17,1.14,0.97,1.13,1.0,0.95,0.93,0.96,0.84,0.91,0.98,0.73,1.79,10.65,1776,344
Martin Perez,2021,527048,1.0,0.94,1.06,1.29,0.96,1.11,0.83,1.01,1.0,0.9,1.0,0.94,1.06,1.01,0.98,0.91,0.94,16.23,1164,245
Martin Perez,2022,527048,1.0,0.93,0.94,0.83,1.02,0.95,0.98,1.06,0.94,1.02,0.93,0.95,0.49,0.9,0.98,0.63,1.12,59.05,1902,383
Martin Perez,2023,527048,0.99,0.93,1.03,1.06,0.98,1.02,0.79,0.98,0.95,0.95,0.97,0.95,0.9,0.95,1.0,1.0,0.9,50.07,1511,323
Martin Perez,2024,527048,0.98,0.94,1.07,1.07,0.93,1.1,0.86,0.97,0.98,0.89,0.99,0.96,0.93,1.01,0.99,0.88,0.93,57.95,1611,328
Williams Perez,2015,554234,0.98,0.87,1.03,0.88,1.0,1.01,0.65,0.97,0.95,1.17,1.07,0.99,0.85,0.96,1.06,0.68,1.17,22.09,1614,349
Cal Quantrill,2019,615698,1.01,0.94,0.91,1.1,0.92,0.95,1.0,1.22,1.04,1.0,0.98,1.0,1.05,1.0,1.0,1.15,0.94,65.0,1704,312
Cal Quantrill,2021,615698,1.01,0.93,0.9,1.05,1.0,0.94,1.07,1.22,1.02,1.02,1.09,1.05,0.98,0.9,0.97,1.5,0.77,61.47,1499,293
Cal Quantrill,2022,615698,1.01,0.95,0.95,1.11,0.88,0.99,0.87,1.31,1.12,1.03,1.09,1.03,0.87,0.93,0.97,1.52,0.62,58.49,1738,372
Cal Quantrill,2023,615698,1.02,0.94,1.03,1.28,0.83,1.03,0.88,1.07,1.04,1.04,1.13,1.05,0.6,1.0,0.98,1.54,0.79,70.45,1124,231
Cal Quantrill,2024,615698,1.01,0.88,1.17,1.16,1.04,1.08,0.82,0.86,0.96,0.99,1.07,1.05,1.12,0.99,0.99,1.01,1.03,48.63,2098,378
Jose Quintana,2015,500779,1.01,0.88,0.86,0.57,1.26,0.99,0.91,1.09,1.04,1.0,0.9,1.03,0.51,0.94,1.04,0.69,1.64,27.0,3339,629
Jose Quintana,2016,500779,1.0,0.9,0.95,0.62,0.95,1.06,0.85,1.03,1.01,1.01,0.96,1.04,0.83,0.9,1.0,1.27,0.86,41.66,3269,600
Jose Quintana,2017,500779,0.99,0.9,0.93,0.86,1.07,1.14,0.94,1.0,0.98,0.98,0.97,1.04,0.97,1.01,0.98,1.27,1.19,62.52,2969,491
Jose Quintana,2018,500779,0.98,0.9,0.98,0.83,1.06,0.9,0.9,1.08,0.95,0.93,0.93,1.03,1.03,0.94,1.0,1.04,1.09,50.11,2652,469
Jose Quintana,2019,500779,0.99,0.89,1.02,0.87,0.97,1.2,0.93,1.08,0.97,0.87,0.96,1.02,0.88,1.03,1.02,1.2,1.32,94.99,2724,520
Jose Quintana,2022,500779,0.99,0.89,1.03,0.84,1.11,1.12,0.95,1.28,1.05,0.92,1.01,1.04,0.35,0.92,0.97,0.93,1.59,95.61,2550,470
Jose Quintana,2023,500779,0.99,0.9,0.93,0.79,0.85,1.06,0.96,1.16,0.99,0.9,0.97,1.06,0.49,1.0,0.98,1.08,1.46,95.98,1165,218
Jose Quintana,2024,500779,0.98,0.9,1.05,0.99,0.95,1.05,0.93,1.2,0.94,0.98,0.96,1.05,1.01,0.96,0.98,1.04,1.16,88.25,2804,504
Cole Ragans,2024,666142,1.01,1.15,0.97,0.79,0.88,0.96,1.24,1.0,1.06,0.91,0.99,0.99,0.64,0.9,0.97,1.22,0.91,9.2,2431,377
Noe Ramirez,2018,598287,0.98,1.05,1.14,1.18,1.0,1.14,1.02,0.96,0.95,1.17,0.96,0.91,1.42,1.03,1.01,1.06,1.21,55.21,1377,221
Erasmo Ramirez,2015,541640,0.98,0.98,0.87,0.64,1.06,0.86,0.88,0.99,1.05,1.01,0.96,0.99,0.66,0.91,1.04,0.6,1.41,22.13,2279,476
Erasmo Ramirez,2016,541640,0.99,1.01,0.91,0.69,1.25,0.72,0.8,1.19,1.07,0.99,0.91,0.99,1.06,0.88,1.0,0.76,1.54,18.04,1312,277
Erasmo Ramirez,2017,541640,0.99,1.03,0.97,1.11,0.94,1.02,1.01,0.96,1.0,0.95,0.93,1.01,1.79,1.07,1.0,1.07,1.09,17.65,1312,273
JC Ramirez,2016,500724,1.04,0.96,0.83,0.62,1.76,0.8,0.85,0.92,1.07,0.99,0.91,1.01,1.05,0.74,1.01,0.47,2.3,11.13,1112,225
JC Ramirez,2017,500724,1.03,0.96,0.87,1.03,1.01,0.91,0.84,0.77,0.99,1.03,1.07,1.02,1.19,1.0,1.0,1.09,1.08,49.87,2203,441
Drew Rasmussen,2022,656876,1.03,1.03,1.21,0.98,1.13,0.85,0.89,1.22,1.11,0.81,1.03,1.04,0.68,0.95,1.01,0.96,1.47,61.04,1310,251
Robbie Ray,2015,592662,1.0,0.99,0.93,0.81,0.98,1.08,0.95,1.05,0.99,1.05,0.97,0.98,0.58,0.92,1.06,0.96,1.23,12.88,2238,362
Robbie Ray,2016,592662,1.02,1.0,0.97,0.99,1.04,1.04,1.2,1.02,0.98,0.98,0.94,0.99,1.17,1.07,1.01,1.18,1.36,9.61,3150,478
Robbie Ray,2017,592662,1.01,0.95,1.03,0.75,1.02,0.87,1.32,1.05,0.95,0.98,0.92,0.97,1.16,0.99,0.99,1.0,1.09,9.67,2621,348
Robbie Ray,2018,592662,1.01,0.94,1.11,1.14,1.02,0.93,1.15,1.13,0.92,1.05,0.96,1.0,1.33,1.0,1.0,1.0,1.05,31.66,2272,284
Robbie Ray,2019,592662,1.0,0.95,1.04,1.51,0.89,1.15,1.24,1.2,0.96,0.95,0.92,0.98,1.53,1.12,1.0,1.12,0.94,30.05,3022,407
Robbie Ray,2021,592662,1.03,0.98,1.2,1.23,0.94,0.93,1.22,0.94,1.12,0.91,0.95,1.03,1.36,1.01,1.0,0.99,0.95,54.37,2824,433
Robbie Ray,2022,592662,1.01,0.98,1.06,1.05,0.96,0.92,1.3,1.1,1.09,0.95,0.99,1.04,1.32,0.95,0.99,1.21,0.96,50.41,2963,479
Colin Rea,2016,607067,1.0,0.93,1.1,0.69,0.99,1.02,0.73,0.88,0.91,0.98,0.99,1.02,0.78,0.95,1.02,1.06,1.16,25.63,1336,238
Colin Rea,2023,607067,1.0,0.96,1.24,0.93,0.9,0.96,1.1,0.99,1.05,0.93,0.95,1.06,1.21,1.01,1.01,0.84,1.09,90.73,1209,220
Colin Rea,2024,607067,1.0,0.95,1.1,1.09,0.88,1.08,0.87,0.83,1.02,0.97,1.0,1.06,0.96,1.01,1.01,1.23,0.89,70.62,2133,418
Addison Reed,2017,592665,1.0,0.94,1.0,0.85,1.08,0.97,1.06,0.89,1.18,0.93,0.92,1.07,0.99,0.97,0.98,0.9,1.09,61.62,1184,213
Clayton Richard,2017,453385,0.97,0.96,0.86,0.64,1.33,0.9,0.91,1.18,1.01,1.09,0.88,0.87,0.85,0.96,0.99,0.32,2.65,36.34,2974,631
Clayton Richard,2018,453385,0.96,0.98,1.05,0.94,1.13,0.98,0.87,0.88,1.02,1.0,0.9,0.83,0.87,1.0,1.02,0.21,1.91,0.27,1976,452
Garrett Richards,2015,572070,1.04,1.15,0.78,0.74,1.53,0.8,1.04,1.19,0.95,1.0,0.98,0.92,0.8,0.88,1.03,0.18,2.45,39.39,2543,460
Garrett Richards,2021,572070,1.02,1.13,1.3,1.08,1.13,1.03,0.86,0.78,1.03,0.9,1.04,0.97,0.87,1.04,1.02,0.51,1.7,87.91,2315,433
Trevor Richards,2018,670950,0.97,1.03,0.98,0.82,0.93,1.1,0.85,1.0,0.92,1.0,0.9,1.02,0.87,0.98,0.99,1.05,0.9,73.15,2212,352
Trevor Richards,2019,670950,0.98,1.14,1.03,0.87,0.83,0.94,1.15,1.11,1.03,0.87,1.03,1.03,1.13,0.93,0.99,1.48,0.73,58.43,1866,311
Tanner Roark,2015,543699,1.01,0.96,0.69,1.07,1.06,1.07,0.79,1.17,1.03,1.08,1.05,0.92,1.09,0.99,1.01,0.96,1.19,30.66,1605,327
Tanner Roark,2016,543699,1.0,1.0,0.81,0.9,1.03,1.04,1.01,1.14,0.95,1.04,1.06,0.94,0.77,0.93,1.0,1.17,1.08,21.68,3154,573
Tanner Roark,2017,543699,0.99,0.98,0.91,0.85,1.04,1.09,0.94,1.0,0.99,1.03,1.07,0.96,1.02,0.98,0.99,1.23,1.12,35.02,3194,537
Tanner Roark,2018,543699,0.98,0.98,0.92,0.91,0.86,1.02,0.87,1.08,0.99,1.01,1.03,0.92,1.04,0.97,1.0,1.28,0.71,21.15,2882,543
Tanner Roark,2019,543699,0.99,0.98,1.04,1.29,0.84,1.21,0.96,1.03,0.97,1.0,1.02,0.94,1.3,1.08,1.0,1.34,0.7,19.55,2872,480
Eduardo Rodriguez,2015,593958,1.02,0.96,0.8,0.72,1.19,0.98,0.75,1.03,0.97,1.09,0.93,1.02,0.72,0.94,1.03,0.69,1.41,13.82,1948,367
Eduardo Rodriguez,2016,593958,1.01,1.0,0.68,0.87,0.86,1.08,1.07,1.09,1.08,1.09,1.05,0.98,1.09,0.87,0.97,1.27,0.6,9.68,1550,282
Eduardo Rodriguez,2017,593958,1.0,1.0,0.78,0.8,1.02,0.96,1.15,1.15,1.02,1.06,0.97,0.95,0.82,0.92,0.95,1.1,0.8,7.49,1940,302
Eduardo Rodriguez,2018,593958,1.01,1.05,0.86,0.9,0.92,1.04,1.26,1.03,1.02,1.03,0.96,0.94,0.91,0.94,0.98,0.93,0.87,54.3,1695,261
Eduardo Rodriguez,2019,593958,1.01,1.04,0.72,0.71,1.18,0.89,1.29,1.23,1.0,1.05,1.01,0.95,0.71,0.87,0.97,0.74,1.43,56.66,2733,446
Eduardo Rodriguez,2021,593958,0.99,0.99,0.88,0.93,0.99,1.09,1.23,1.02,1.04,0.95,1.03,0.97,0.88,0.95,0.96,0.82,1.12,84.96,2234,364
Eduardo Rodriguez,2022,593958,0.99,1.0,0.98,1.01,1.13,0.73,0.93,1.04,1.0,0.96,0.95,0.98,1.06,0.87,0.98,0.88,0.94,78.28,1047,211
Eduardo Rodriguez,2023,593958,1.0,0.99,0.9,0.73,1.04,1.09,1.06,0.93,1.02,0.9,0.91,1.0,0.52,0.96,0.95,0.94,1.39,64.63,1745,311
Grayson Rodriguez,2023,680570,1.03,1.01,1.15,0.9,1.05,0.99,1.08,0.97,1.1,0.89,1.06,1.14,0.72,0.98,0.98,0.87,1.56,44.63,1816,302
Grayson Rodriguez,2024,680570,1.02,1.03,1.06,1.16,1.01,1.16,1.16,0.97,1.05,0.96,1.07,1.17,0.99,0.97,1.0,1.0,1.17,62.52,1875,320
Wandy Rodriguez,2015,434643,0.96,1.02,0.98,0.58,0.95,1.06,0.62,1.04,0.94,1.11,1.0,0.93,0.75,0.99,1.05,1.11,1.24,12.37,1508,268
Dereck Rodriguez,2018,605446,0.98,0.97,0.97,0.55,0.88,1.23,0.97,1.06,0.98,0.98,1.05,1.01,0.59,0.85,1.01,1.31,0.84,53.57,1637,316
Dereck Rodriguez,2019,605446,0.97,0.99,1.02,0.93,0.94,0.87,0.85,0.89,0.94,0.95,1.02,1.05,1.47,1.01,1.03,1.08,1.08,17.9,1421,285
Carlos Rodon,2015,607074,1.02,0.96,0.99,0.7,1.11,1.03,0.95,0.98,0.94,1.07,0.93,0.97,0.6,0.97,1.04,0.62,1.27,13.6,2214,360
Carlos Rodon,2016,607074,1.01,0.98,0.89,0.61,0.95,0.93,1.0,0.93,0.97,1.0,0.97,0.96,1.05,0.95,1.01,1.16,0.97,23.14,2769,482
Carlos Rodon,2018,607074,1.0,1.02,0.92,0.72,0.97,0.79,0.84,0.97,0.95,1.0,0.99,0.9,0.97,0.84,1.0,1.21,0.91,63.37,1963,353
Carlos Rodon,2021,607074,1.01,1.02,1.02,0.79,0.92,0.8,1.35,1.06,1.07,0.95,1.03,0.99,0.79,0.88,0.98,1.37,0.85,60.21,2177,299
Carlos Rodon,2022,607074,1.02,1.04,1.13,0.77,0.87,0.99,1.3,1.14,1.08,0.81,1.06,1.0,0.57,0.87,0.98,1.22,0.85,21.99,2741,391
Carlos Rodon,2024,607074,1.02,1.06,1.1,1.31,0.79,0.93,1.16,1.1,1.07,0.96,1.0,0.98,1.23,0.99,1.0,1.16,0.67,65.75,2733,434
Trevor Rogers,2021,669432,1.01,0.95,1.0,0.66,1.01,0.96,1.25,0.9,1.01,0.98,0.91,1.07,0.34,0.92,0.97,0.48,1.2,56.75,2153,335
Trevor Rogers,2022,669432,1.0,0.95,1.08,0.93,0.96,1.19,1.02,0.9,1.0,0.95,0.93,1.08,0.91,1.02,0.97,0.88,1.18,2.38,1930,320
Trevor Rogers,2024,669432,0.99,1.02,1.28,1.17,0.87,1.0,0.87,0.95,0.96,0.94,0.96,1.09,0.81,1.0,1.01,0.59,1.35,68.18,2240,404
Tyler Rogers,2021,643511,0.87,0.9,0.88,0.32,1.17,0.7,0.77,0.75,1.08,0.99,1.15,0.96,0.48,0.77,0.93,0.52,2.92,96.89,1084,241
Tyler Rogers,2022,643511,0.88,0.93,0.85,0.53,1.17,0.82,0.87,0.78,0.95,0.98,1.15,0.97,0.18,0.77,0.94,0.52,1.82,78.58,1129,234
Tyler Rogers,2023,643511,0.88,0.94,0.8,0.35,0.97,0.75,0.9,0.78,1.09,0.96,1.18,0.97,0.73,0.77,0.93,0.99,1.23,82.96,1108,219
Tyler Rogers,2024,643511,0.88,0.94,0.82,0.7,1.09,0.77,0.97,0.7,1.14,0.92,1.13,0.99,0.72,0.83,0.94,1.14,1.14,92.77,990,222
Sal Romano,2017,607219,1.03,0.99,0.81,0.75,1.03,0.9,1.0,0.87,0.97,0.9,1.06,0.99,1.04,0.88,0.98,1.15,1.9,48.44,1259,229
Sal Romano,2018,607219,1.02,0.97,0.89,1.26,0.93,1.04,0.85,0.96,1.03,0.89,1.01,0.92,1.21,1.0,1.0,1.17,0.81,55.16,2181,448
Joe Ross,2016,605452,1.0,0.9,0.97,0.51,0.82,1.16,0.94,1.02,1.0,1.03,1.09,1.01,0.68,1.01,1.02,1.43,1.07,37.68,1677,312
Joe Ross,2021,605452,1.01,0.91,1.08,1.16,1.03,0.94,1.09,0.81,0.97,0.94,1.07,1.07,1.07,1.0,0.99,1.08,0.9,80.91,1313,257
Tyson Ross,2015,475115,1.02,1.08,0.86,0.51,1.45,0.86,1.08,1.08,0.91,1.04,0.97,0.87,0.45,0.86,1.04,0.14,2.52,48.94,3072,499
Tyson Ross,2018,475115,0.99,1.13,0.99,0.81,1.32,1.03,0.75,1.12,0.89,1.09,0.97,0.87,0.76,0.92,1.01,0.62,1.67,37.72,2269,400
Chris Rusin,2015,543734,0.98,0.95,0.94,0.91,1.11,1.07,0.83,1.06,1.0,1.12,1.0,0.87,0.99,1.02,1.04,0.6,1.98,49.25,1555,335
Joe Ryan,2022,657746,0.99,0.98,1.05,1.21,0.7,0.91,1.12,0.88,1.09,0.95,1.05,1.02,1.05,0.91,0.98,1.64,0.49,78.61,2077,343
Joe Ryan,2023,657746,0.98,0.98,1.22,1.22,0.71,0.95,1.11,0.93,1.13,0.88,1.09,1.04,1.51,1.02,0.99,1.35,0.56,62.31,2677,434
Joe Ryan,2024,657746,1.01,1.12,1.09,1.26,0.86,0.97,1.1,0.84,1.05,0.89,1.04,1.09,1.21,0.9,0.99,0.94,0.74,63.62,1972,338
Hyun Jin Ryu,2017,547943,0.95,0.92,0.9,1.23,1.1,1.07,1.1,1.13,0.91,1.14,1.0,1.04,1.55,1.07,0.99,0.95,1.33,60.56,1567,259
Hyun Jin Ryu,2019,547943,0.96,0.9,0.81,0.54,1.18,1.08,0.98,1.11,1.08,1.03,1.05,1.04,0.68,0.87,0.98,0.81,1.64,80.05,1828,397
Hyun Jin Ryu,2021,547943,0.96,0.89,1.12,1.21,1.1,1.01,0.93,0.98,0.96,1.02,0.99,1.05,1.03,1.01,0.97,0.81,1.13,91.3,1949,365
CC Sabathia,2015,282332,0.97,0.93,0.81,0.61,1.0,0.89,1.05,1.18,0.97,1.0,0.96,1.11,1.24,0.91,1.04,0.72,1.19,35.68,2673,528
CC Sabathia,2016,282332,0.96,0.94,0.77,0.64,1.27,0.78,1.11,1.29,0.98,1.03,0.99,1.09,0.98,0.83,0.98,0.86,1.16,42.3,2723,508
CC Sabathia,2017,282332,0.96,0.97,0.77,0.57,1.04,0.97,0.89,0.89,0.92,1.04,1.09,1.08,1.26,0.95,0.96,0.79,1.46,53.59,1619,292
CC Sabathia,2018,282332,0.96,0.98,0.93,1.05,0.97,1.16,0.97,1.0,0.9,0.98,1.0,1.08,1.03,0.96,0.99,1.1,0.96,74.56,1379,246
Danny Salazar,2015,517593,1.02,0.96,0.95,0.84,1.07,0.9,1.05,1.05,1.06,0.95,1.0,0.92,1.0,0.97,1.05,0.77,1.07,31.47,2913,490
Danny Salazar,2016,517593,1.02,1.02,1.17,1.15,1.16,1.03,1.07,1.06,1.0,0.98,1.02,0.91,1.01,1.0,1.01,0.93,1.29,20.96,2297,346
Danny Salazar,2017,517593,1.02,1.06,0.87,1.2,0.87,1.25,1.48,0.95,1.07,0.93,1.0,0.92,1.38,1.16,0.97,1.13,0.98,37.57,1513,202
Chris Sale,2015,519242,1.01,1.07,0.72,0.65,0.89,1.1,1.61,1.04,1.04,1.03,1.09,0.98,1.16,0.95,1.01,1.37,0.85,48.87,3312,522
Chris Sale,2016,519242,0.99,1.05,0.9,0.92,0.78,1.04,1.25,0.93,1.03,1.0,1.11,0.95,1.15,0.99,1.0,1.66,0.68,15.63,3339,589
Chris Sale,2017,519242,0.99,1.05,0.84,0.87,0.92,0.99,1.26,1.05,1.04,0.95,1.08,0.94,1.05,0.96,0.96,1.06,0.78,50.95,3416,490
Chris Sale,2018,519242,0.99,1.07,0.73,0.99,1.25,0.86,1.38,1.13,1.0,1.02,1.06,0.95,0.68,0.86,0.96,0.78,0.96,71.1,2519,332
Chris Sale,2019,519242,0.97,1.07,1.01,1.13,0.94,1.04,1.26,1.11,0.98,1.02,1.09,0.94,1.49,1.06,0.99,0.75,1.15,74.85,2457,342
Chris Sale,2023,519242,0.97,0.99,0.96,1.17,0.95,1.04,1.14,1.19,0.99,1.01,1.02,1.03,1.09,1.01,0.98,0.89,0.86,56.19,1562,238
Chris Sale,2024,519242,0.98,1.0,0.91,0.73,1.05,0.99,1.13,1.04,1.01,0.96,1.02,1.04,0.45,0.92,0.96,0.68,1.15,35.59,2812,428
Jeff Samardzija,2015,502188,1.02,1.03,0.86,0.77,0.94,0.95,0.9,1.05,1.05,1.02,1.01,0.99,1.02,0.97,1.04,0.85,0.98,7.28,2874,593
Jeff Samardzija,2016,502188,1.02,1.07,0.95,0.85,1.12,0.84,0.86,1.03,1.02,1.09,1.05,0.98,0.94,0.96,1.02,1.07,1.31,48.2,2656,497
Jeff Samardzija,2017,502188,1.02,1.09,0.94,0.92,0.92,1.08,0.96,0.99,1.05,1.05,1.14,0.96,1.12,1.0,0.99,1.4,0.86,32.66,2963,551
Jeff Samardzija,2019,502188,0.99,1.12,1.05,1.23,0.91,1.04,0.88,1.09,1.02,1.06,1.05,0.98,1.28,1.0,1.01,1.11,0.79,68.94,1942,356
Adrian Sampson,2019,592716,1.0,1.0,1.23,1.59,0.72,0.96,0.89,0.89,1.05,0.97,1.02,0.97,1.76,1.16,1.03,1.74,0.64,41.18,2048,417
Adrian Sampson,2022,592716,0.99,0.97,0.96,0.99,0.89,1.1,0.89,1.17,1.02,0.99,1.02,1.03,0.67,0.95,0.98,1.08,0.79,90.57,1600,316
Aaron Sanchez,2015,592717,1.04,1.07,0.85,0.58,1.25,0.85,1.17,0.89,0.97,0.89,1.03,1.03,0.71,0.9,1.05,0.01,2.24,47.37,1078,222
Aaron Sanchez,2016,592717,1.03,1.07,0.99,0.91,1.14,0.79,1.07,0.92,0.96,0.92,1.06,0.99,0.66,0.94,1.02,0.7,1.41,28.95,2910,560
Aaron Sanchez,2018,592717,1.02,1.07,1.04,1.26,1.03,0.93,1.09,0.91,0.91,1.04,1.0,1.02,0.88,0.99,1.02,0.6,1.27,43.46,1787,323
Aaron Sanchez,2019,592717,1.01,1.05,1.07,1.06,1.04,0.95,0.92,0.94,0.97,1.0,1.01,1.02,1.05,0.98,1.01,0.76,1.27,28.89,2301,411
Patrick Sandoval,2021,663776,1.0,0.94,0.94,0.87,1.26,0.92,1.28,1.07,1.01,1.01,1.01,0.97,0.93,0.91,0.96,0.39,1.37,20.37,1290,213
Patrick Sandoval,2022,663776,1.0,0.96,1.0,0.84,1.04,1.04,1.01,1.0,1.05,0.95,1.04,0.97,0.42,0.96,0.98,0.83,1.13,44.06,2222,403
Patrick Sandoval,2023,663776,1.0,0.97,0.99,1.05,1.06,1.29,0.99,0.95,1.0,0.93,1.03,0.99,0.54,0.99,0.98,0.87,1.51,48.45,2314,412
Patrick Sandoval,2024,663776,1.01,0.97,1.09,0.76,1.0,1.03,0.97,0.79,0.97,0.91,1.08,1.01,0.76,1.02,0.97,1.45,1.22,76.96,1244,209
Ervin Santana,2015,429722,1.0,0.92,1.07,0.62,1.08,1.12,0.77,1.03,0.96,1.07,0.96,0.95,0.73,1.01,1.06,0.86,1.22,2.37,1629,323
Ervin Santana,2016,429722,1.0,0.94,0.86,0.75,1.1,0.93,0.83,1.18,0.98,1.06,0.85,0.94,0.69,0.95,1.01,0.86,1.32,16.57,2869,533
Ervin Santana,2017,429722,1.0,0.98,0.85,0.82,1.0,0.87,0.91,1.13,1.01,1.03,0.97,0.96,1.08,0.89,0.98,1.24,0.84,26.57,3220,622
Hector Santiago,2015,502327,0.98,1.01,0.93,1.33,0.51,0.98,1.18,0.84,0.94,1.01,1.14,0.86,1.2,0.94,1.05,2.14,0.32,18.73,2688,447
Hector Santiago,2016,502327,0.98,1.06,1.13,1.52,0.6,0.91,1.18,0.74,0.99,0.96,1.14,0.87,1.59,1.06,1.0,2.49,0.49,21.74,2858,500
Hector Santiago,2018,502327,0.98,0.98,0.97,1.46,0.91,0.88,1.0,1.0,0.97,1.03,1.1,0.9,1.25,0.98,0.97,1.62,0.65,19.77,1637,239
Max Scherzer,2015,453286,1.02,1.02,0.8,0.72,0.9,0.98,1.24,0.9,1.16,0.99,0.99,0.96,0.92,0.89,1.03,0.92,0.87,39.87,3269,566
Max Scherzer,2016,453286,1.02,1.06,0.78,0.84,0.83,0.83,1.22,1.05,1.08,1.05,0.98,0.96,1.16,0.91,0.98,1.12,0.76,23.53,3472,543
Max Scherzer,2017,453286,1.01,1.04,0.74,0.74,0.91,0.78,1.19,0.91,1.05,1.02,1.06,0.97,0.95,0.84,0.96,1.11,0.79,30.54,2835,403
Max Scherzer,2018,453286,1.01,1.03,0.87,0.8,0.9,1.01,1.33,0.9,1.06,0.99,1.01,0.96,0.77,0.87,0.97,1.26,0.73,57.39,3129,446
Max Scherzer,2019,453286,1.01,1.04,0.92,0.87,1.04,1.06,1.37,0.99,1.1,0.99,0.94,0.96,0.86,0.94,0.98,0.75,1.46,55.38,2308,347
Max Scherzer,2021,453286,1.01,1.01,0.93,0.98,0.85,0.87,1.35,0.92,1.04,1.0,0.96,1.02,0.96,0.9,0.97,1.01,0.74,70.13,2537,367
Max Scherzer,2022,453286,1.0,1.0,0.87,1.05,0.73,0.95,1.14,0.95,1.11,0.97,0.96,0.99,0.76,0.89,0.97,1.13,0.55,77.92,1761,310
Max Scherzer,2023,453286,1.0,1.0,1.03,1.19,0.93,0.93,1.09,0.93,1.06,1.0,0.97,1.02,1.47,0.94,0.98,1.18,0.7,77.63,2204,358
Clarke Schmidt,2023,657376,1.04,1.18,1.38,1.36,0.93,1.02,0.86,0.93,0.98,1.01,0.99,1.02,1.19,1.06,1.01,1.24,1.01,44.73,1909,327
Jesse Scholtens,2023,669947,1.0,0.94,1.05,1.04,1.07,0.95,0.76,1.01,0.98,0.92,0.95,1.13,1.06,0.96,1.01,0.88,1.12,70.79,1395,278
Spencer Schwellenbach,2024,680885,1.02,1.0,1.14,0.71,1.05,0.95,1.07,0.9,1.12,0.89,0.94,1.11,0.9,1.0,0.99,0.58,1.14,22.07,1432,250
Connor Seabold,2023,657756,0.99,0.98,1.11,1.35,0.84,1.06,0.85,0.73,1.05,0.99,1.06,0.98,1.24,0.99,1.0,1.18,0.81,37.86,1519,295
JP Sears,2022,676664,1.0,0.99,1.12,1.12,0.95,0.74,0.83,1.0,1.0,1.06,1.07,1.04,0.74,0.94,0.99,1.38,0.99,68.17,1075,212
JP Sears,2023,676664,0.99,0.97,1.19,1.45,0.78,0.88,0.96,0.94,1.06,0.99,1.08,1.05,1.34,1.01,0.99,1.35,0.6,78.69,2858,504
JP Sears,2024,676664,0.98,0.94,1.25,1.39,0.82,0.97,0.88,0.87,1.02,1.0,1.14,1.03,1.02,0.96,1.0,1.1,0.75,74.61,2833,549
Kodai Senga,2023,673540,1.02,0.99,1.19,0.92,1.03,0.98,0.92,0.99,0.95,1.03,0.9,1.02,0.97,1.03,1.0,1.01,1.15,45.89,1695,207
Antonio Senzatela,2017,622608,1.0,0.95,0.89,0.65,1.57,1.04,0.7,0.75,0.93,0.98,0.95,1.03,0.83,0.92,1.01,0.67,2.39,15.87,2072,395
Antonio Senzatela,2018,622608,1.0,0.93,0.98,0.65,1.48,1.02,0.71,1.04,0.9,1.09,0.92,1.01,0.72,0.94,1.01,0.63,2.02,24.16,1248,245
Antonio Senzatela,2019,622608,1.01,0.94,1.19,0.82,1.53,0.96,0.69,0.91,0.96,1.04,0.94,0.97,0.86,0.98,1.03,0.6,2.99,23.92,2225,441
Antonio Senzatela,2021,622608,1.02,0.93,1.14,0.82,1.4,1.01,0.74,0.73,0.99,0.95,0.97,0.99,0.5,0.91,1.02,0.71,2.37,40.37,2208,486
Antonio Senzatela,2022,622608,1.01,0.93,1.1,0.68,1.38,1.18,0.61,0.72,0.99,0.97,0.99,0.97,0.55,1.04,1.01,0.71,3.1,13.28,1215,267
Luis Severino,2017,622663,1.04,1.06,0.9,0.76,1.28,0.89,1.07,0.9,1.01,0.97,0.97,0.99,0.82,0.91,0.98,0.72,2.06,31.67,3075,492
Luis Severino,2018,622663,1.05,1.1,0.93,0.98,1.12,1.17,1.01,0.94,1.03,0.94,0.98,0.98,0.74,1.01,0.99,0.78,1.37,44.82,3144,505
Luis Severino,2022,622663,1.03,1.0,1.24,0.92,1.06,0.84,1.07,0.88,1.04,0.92,0.96,1.01,1.09,0.87,0.99,0.66,1.14,46.87,1490,234
Luis Severino,2023,622663,1.03,1.01,1.31,1.6,0.76,1.26,0.86,0.9,1.1,0.86,1.03,1.01,1.72,1.19,1.0,0.98,0.95,54.14,1302,234
Luis Severino,2024,622663,1.03,0.98,0.96,0.97,1.08,0.92,0.98,1.03,1.12,0.96,1.06,1.02,1.07,0.93,0.97,1.2,0.86,70.43,2449,452
Justus Sheffield,2021,656954,0.99,1.0,1.37,1.86,0.88,1.0,0.78,0.81,0.93,0.95,1.0,0.94,1.24,1.18,1.03,1.23,1.02,95.51,1454,273
James Shields,2015,448306,0.99,1.0,1.08,0.84,1.0,1.01,1.12,1.25,0.98,1.15,0.87,1.09,1.43,0.99,1.06,0.98,1.18,10.38,2693,441
James Shields,2016,448306,0.98,1.02,0.92,1.12,0.95,0.88,0.83,1.13,0.91,1.12,0.87,1.11,1.4,0.97,1.02,1.35,0.82,6.32,2504,456
James Shields,2017,448306,0.97,1.02,1.14,1.27,0.73,0.94,0.86,0.87,0.93,1.16,0.92,1.09,1.89,1.07,1.01,1.86,0.59,0.11,1409,246
James Shields,2018,448306,0.97,1.0,0.94,1.19,0.76,1.05,0.93,0.96,0.96,1.11,0.89,1.08,1.18,1.01,1.01,1.56,0.65,2.72,2410,455
Braden Shipley,2016,640463,1.0,0.96,1.01,1.18,0.92,0.96,0.74,1.18,0.96,1.06,0.86,0.9,1.39,1.1,1.04,0.96,1.39,31.38,1166,232
Matt Shoemaker,2015,533167,0.98,0.85,0.97,0.99,0.9,0.97,0.85,1.01,0.98,0.98,0.98,0.98,1.34,0.95,1.04,1.01,0.83,27.21,1908,383
Matt Shoemaker,2016,533167,0.99,0.86,0.96,1.03,0.79,1.12,1.09,0.97,1.06,0.92,1.01,0.97,0.79,1.05,1.0,1.18,0.71,33.29,2426,482
Matt Shoemaker,2017,533167,0.99,0.94,0.94,1.37,0.81,1.11,0.91,0.94,1.01,0.96,0.97,0.99,1.64,1.05,1.01,1.79,0.68,37.21,1231,222
Matt Shoemaker,2021,533167,0.98,0.92,1.1,1.37,0.94,0.96,0.79,0.93,1.0,0.95,1.03,0.99,1.41,1.08,0.98,1.05,0.82,75.53,1047,209
Jared Shuster,2024,694363,1.0,0.96,0.87,1.04,0.87,1.12,0.88,0.88,0.95,0.93,0.95,1.05,0.72,0.95,0.97,1.27,0.71,83.58,1236,218
Alfredo Simon,2015,430580,1.0,1.01,1.08,0.95,0.85,0.97,0.8,1.01,0.97,1.01,1.11,0.94,0.96,1.02,1.07,1.24,0.84,35.93,2664,549
Brady Singer,2021,663903,1.01,1.04,1.0,0.9,1.01,1.0,1.3,0.81,0.94,0.94,1.04,1.06,0.88,1.02,0.98,0.96,1.26,90.98,2184,378
Brady Singer,2022,663903,1.01,1.06,1.18,1.33,0.95,1.05,0.94,0.82,0.94,0.97,1.03,1.08,1.06,1.01,0.99,1.17,1.07,85.41,2356,419
Brady Singer,2023,663903,1.0,1.04,1.29,1.24,0.96,1.07,0.86,0.77,0.96,0.95,0.94,1.13,0.96,1.05,1.01,0.96,1.08,96.75,2552,504
Brady Singer,2024,663903,0.99,1.04,1.12,1.23,1.02,1.15,0.97,0.88,0.95,0.99,0.93,1.13,0.96,1.06,0.99,0.91,1.18,90.32,2904,510
Tyler Skaggs,2017,572140,0.98,1.04,0.93,1.04,1.04,0.91,0.94,1.08,0.99,0.99,1.03,1.0,1.01,0.97,0.98,1.06,1.0,67.55,1257,232
Tyler Skaggs,2018,572140,0.98,1.02,0.99,0.86,1.03,1.1,1.1,1.11,1.03,1.01,1.0,0.99,0.83,0.95,1.0,0.83,1.41,68.03,2143,357
Tyler Skaggs,2019,572140,0.97,1.0,0.94,0.88,0.96,1.0,0.85,0.99,1.02,0.93,1.06,0.99,0.82,1.0,0.99,0.78,1.35,96.04,1383,226
Paul Skenes,2024,694973,1.07,1.1,1.21,0.66,1.29,0.92,1.05,0.83,1.06,1.02,1.02,1.03,0.52,0.92,1.01,-0.45,1.91,8.36,1435,223
Tarik Skubal,2021,669373,1.01,0.92,1.25,1.78,0.95,1.0,1.15,0.76,1.07,0.86,1.08,1.0,1.65,1.17,1.0,1.2,0.96,28.17,2298,388
Tarik Skubal,2022,669373,1.02,0.93,1.07,0.77,0.98,1.04,1.06,0.9,1.06,0.87,1.12,1.0,0.56,0.92,0.99,1.18,1.08,31.1,1786,307
Tarik Skubal,2024,669373,1.03,0.97,0.96,0.97,1.1,0.96,1.3,0.84,1.09,0.83,1.09,1.02,0.69,0.9,0.99,1.18,0.96,58.07,2712,459
Burch Smith,2018,572143,0.99,0.93,1.06,1.23,1.03,1.1,1.03,0.99,0.98,0.97,0.99,1.05,1.31,1.05,1.0,1.11,1.19,25.48,1413,233
Caleb Smith,2019,592761,0.98,1.05,1.04,1.45,0.67,0.93,1.09,1.02,1.02,0.96,1.08,0.81,1.6,1.03,0.99,1.48,0.47,45.19,2647,410
Caleb Smith,2021,592761,0.98,1.07,0.92,1.04,0.7,0.98,1.03,0.83,0.96,0.97,1.07,0.92,1.26,0.91,0.98,1.55,0.46,31.45,1903,286
Drew Smyly,2016,592767,0.98,0.89,0.77,0.77,0.74,0.79,1.07,1.08,1.03,0.88,0.94,0.84,1.24,0.86,0.98,1.42,0.56,47.55,2434,415
Drew Smyly,2019,592767,0.98,0.9,0.9,1.51,0.55,1.0,1.32,0.87,1.0,0.78,1.03,0.87,2.55,1.12,0.97,2.75,0.29,93.78,1634,255
Drew Smyly,2021,592767,0.99,0.92,1.04,1.51,0.69,0.98,1.09,0.96,1.13,0.8,0.96,0.93,1.91,1.07,0.97,2.15,0.46,95.95,1875,334
Drew Smyly,2022,592767,0.99,0.93,0.88,1.37,0.65,1.22,1.26,0.91,1.22,0.75,1.1,0.95,1.25,0.97,0.94,2.94,0.45,98.37,1372,236
Drew Smyly,2023,592767,0.98,0.91,0.89,1.23,0.61,1.05,1.16,1.09,1.09,0.79,1.1,0.94,1.74,0.96,0.97,2.69,0.35,98.51,2106,381
Blake Snell,2016,605483,1.01,1.08,0.75,0.35,0.86,1.26,0.96,1.08,0.89,0.95,1.06,1.03,0.29,0.93,0.98,1.08,1.05,30.58,1286,214
Blake Snell,2017,605483,1.01,1.05,0.81,0.65,1.1,0.87,0.85,1.22,0.89,1.02,0.96,1.06,0.88,0.91,0.97,1.18,1.02,3.03,2036,343
Blake Snell,2018,605483,1.03,1.03,0.87,1.0,1.16,0.92,1.3,1.21,0.98,0.97,0.94,1.04,0.81,0.94,0.99,0.89,1.22,83.99,2906,411
Blake Snell,2019,605483,1.03,1.03,0.83,0.66,0.91,0.97,1.49,1.32,1.07,0.83,0.9,1.04,1.07,0.91,1.0,0.91,1.08,90.39,1762,237
Blake Snell,2021,605483,1.02,1.05,1.2,1.34,1.02,1.23,1.12,0.99,0.94,0.94,0.92,1.09,0.9,1.1,0.99,0.81,1.07,92.04,2021,275
Blake Snell,2022,605483,1.04,1.04,1.17,0.99,0.85,0.96,1.21,1.14,1.04,0.93,0.93,1.09,0.74,0.95,0.99,0.86,0.87,81.53,2219,293
Blake Snell,2023,605483,1.03,1.04,0.88,0.96,1.08,1.04,1.31,1.18,0.92,0.95,0.84,1.12,0.76,0.97,0.97,0.44,1.27,92.73,3165,406
Blake Snell,2024,605483,1.03,1.05,0.88,0.79,1.0,1.0,1.38,1.22,1.01,0.93,0.99,1.11,0.48,0.83,0.98,1.1,0.99,89.18,1585,211
Jose Soriano,2024,667755,1.07,0.93,1.17,0.83,1.21,0.91,1.07,1.08,1.01,1.0,0.94,1.06,0.57,0.89,1.01,-0.14,2.69,35.15,1494,280
Michael Soroka,2019,647336,0.99,1.09,0.98,0.77,1.08,0.99,0.98,1.14,1.02,0.99,0.94,0.82,0.7,0.94,1.0,0.42,1.44,24.3,2531,504
Glenn Sparkman,2019,642098,1.0,1.02,1.07,1.04,1.01,1.11,0.69,0.93,1.03,0.96,0.92,1.03,1.29,1.01,1.03,1.12,1.03,23.32,2266,476
Mitch Spence,2024,687765,1.0,1.08,1.15,1.24,1.05,0.96,0.92,1.04,1.14,0.98,0.98,1.02,0.97,1.0,1.0,0.66,1.26,83.13,1466,289
Carson Spiers,2024,686730,1.0,1.02,1.07,1.6,0.89,0.99,0.91,0.85,0.98,0.94,1.02,1.06,1.58,1.03,1.0,1.04,0.69,56.6,1287,249
Jeffrey Springs,2022,605488,0.98,0.91,1.06,0.77,0.85,1.05,1.1,1.08,1.02,0.88,1.1,1.04,0.78,0.95,0.96,1.24,0.87,75.6,2144,370
Craig Stammen,2021,489334,1.0,1.0,0.97,1.08,0.95,0.83,0.98,1.12,1.07,0.89,0.87,1.09,1.41,0.95,0.98,1.03,0.85,75.99,1003,209
Justin Steele,2022,657006,0.98,1.12,0.93,0.56,1.33,0.92,0.98,0.92,1.02,0.88,1.03,1.01,0.54,0.89,0.97,0.66,2.09,45.71,1936,323
Justin Steele,2023,657006,0.99,1.09,1.11,0.71,1.33,1.01,0.97,1.0,1.12,0.93,0.99,1.01,0.58,0.92,0.98,0.75,1.84,67.3,2581,474
Justin Steele,2024,657006,0.98,1.11,1.02,0.54,1.2,0.88,1.01,0.79,1.09,0.86,1.01,1.02,0.63,0.8,0.98,0.94,1.18,74.86,1816,332
Robert Stephenson,2017,596112,1.01,1.06,0.99,1.21,0.92,1.12,1.02,1.1,0.96,0.96,1.07,0.97,0.98,1.05,1.01,1.05,1.15,50.78,1331,220
Gavin Stone,2024,694813,1.03,0.96,0.97,1.01,0.97,0.97,1.0,0.95,1.06,0.88,0.92,1.06,1.04,0.94,0.99,0.96,0.92,75.55,1904,377
Matt Strahm,2019,621381,1.0,1.06,1.19,1.45,0.83,0.87,0.88,0.8,1.08,0.91,1.08,0.93,1.57,1.08,1.01,1.31,0.71,35.63,1195,228
Dan Straily,2016,573185,0.97,0.93,0.95,1.02,0.77,1.07,0.9,0.89,0.99,0.95,0.98,1.01,1.19,0.97,1.0,1.14,0.81,26.09,2740,493
Dan Straily,2017,573185,0.98,0.96,0.77,0.99,0.86,0.98,0.98,0.99,1.03,0.97,1.03,1.0,1.2,0.96,0.96,1.09,0.77,20.62,2784,484
Dan Straily,2018,573185,0.98,1.02,1.13,0.93,0.72,1.07,0.85,0.96,0.97,0.99,1.01,0.97,1.07,1.05,1.0,1.09,0.77,43.17,2103,355
Stephen Strasburg,2015,544931,1.04,0.97,0.88,0.53,1.14,0.88,1.13,1.01,1.01,0.96,0.96,1.1,0.84,0.92,1.04,0.78,1.32,55.6,2016,329
Stephen Strasburg,2016,544931,1.04,0.99,0.86,0.86,1.01,1.02,1.03,0.88,1.04,0.99,1.07,1.08,0.87,0.92,0.99,1.04,1.11,59.88,2356,364
Stephen Strasburg,2017,544931,1.03,1.01,0.83,0.81,1.19,0.93,1.14,0.95,1.05,0.95,1.02,1.11,0.61,0.87,0.98,0.82,1.45,55.1,2655,428
Stephen Strasburg,2018,544931,1.03,0.98,0.99,0.94,1.15,1.02,1.1,1.04,0.99,1.02,0.97,1.07,1.08,1.02,1.01,0.72,1.32,26.31,2141,341
Stephen Strasburg,2019,544931,1.02,1.02,0.9,0.82,1.19,0.89,1.22,1.23,1.04,1.0,0.93,1.09,0.98,0.9,1.0,0.65,1.48,95.16,3354,517
Chris Stratton,2018,608717,0.99,1.13,1.05,1.0,1.04,1.11,0.87,0.9,0.98,0.95,0.96,0.98,0.91,1.06,1.02,0.91,1.38,62.78,2361,442
Chris Stratton,2019,608717,0.99,1.16,0.92,0.75,1.06,1.06,0.95,1.01,1.03,0.93,0.95,1.01,0.9,0.96,1.0,0.89,1.45,88.39,1162,204
Chris Stratton,2023,608717,1.01,1.18,1.01,1.08,0.91,0.88,0.91,0.9,1.02,0.94,0.97,1.07,0.78,0.91,1.0,1.18,0.78,99.21,1246,217
Spencer Strider,2022,675911,1.05,1.03,0.95,0.75,1.09,0.93,1.41,1.06,1.06,0.93,0.95,1.12,0.49,0.87,0.97,0.96,1.15,72.72,2166,264
Spencer Strider,2023,675911,1.03,1.05,1.01,1.01,0.89,1.13,1.48,1.03,1.1,0.91,0.94,1.14,1.0,1.0,0.98,1.01,0.89,84.33,3097,415
Ross Stripling,2016,548389,0.99,0.98,0.93,0.73,1.22,0.91,0.72,0.88,0.97,0.94,1.03,0.94,0.68,0.9,1.02,0.6,1.92,32.7,1508,301
Ross Stripling,2018,548389,1.0,1.02,0.85,0.87,1.1,1.14,0.96,1.01,1.03,0.93,1.03,0.94,1.17,0.94,0.99,0.74,1.24,58.6,1865,325
Ross Stripling,2019,548389,0.98,1.02,1.0,0.86,1.19,0.89,0.9,0.99,0.96,0.84,0.99,0.93,0.78,0.93,1.01,1.01,1.83,94.09,1372,233
Ross Stripling,2021,548389,0.99,0.98,1.09,1.32,0.81,1.02,0.94,0.85,0.99,0.85,1.06,0.97,1.44,1.05,0.99,1.23,1.0,22.92,1679,304
Ross Stripling,2022,548389,0.99,0.95,1.08,1.28,1.01,1.17,0.9,1.08,1.11,0.87,1.05,0.97,0.66,0.92,0.99,0.82,1.19,93.01,1834,381
Ross Stripling,2023,548389,1.0,0.96,1.12,1.63,0.93,1.22,0.93,0.87,1.05,0.82,1.07,0.99,1.59,1.16,1.02,1.13,1.19,90.63,1269,277
Ross Stripling,2024,548389,0.98,0.96,0.93,0.72,0.91,1.28,0.72,1.09,1.04,0.88,1.07,0.98,0.6,0.95,0.98,1.28,0.92,92.98,1022,244
Marcus Stroman,2016,573186,1.0,1.03,1.12,0.71,1.22,0.76,0.94,0.99,1.0,0.91,0.91,0.94,0.85,0.95,1.04,0.15,2.34,27.29,2315,485
Marcus Stroman,2017,573186,1.02,1.06,0.97,0.66,1.24,0.83,1.06,0.86,1.0,0.96,0.93,0.92,0.7,0.94,1.01,0.14,2.57,59.38,2661,523
Marcus Stroman,2018,573186,1.02,1.07,1.16,1.12,1.21,0.74,1.09,0.91,0.94,0.97,0.96,0.9,0.89,1.03,1.04,0.23,2.07,7.52,1251,241
Marcus Stroman,2019,573186,1.02,1.11,0.99,0.6,1.17,0.71,1.07,1.04,1.02,0.96,0.95,0.9,0.6,0.91,1.02,0.37,1.66,43.85,2037,389
Marcus Stroman,2021,573186,1.01,1.08,1.22,1.13,1.06,1.02,1.15,0.87,0.99,0.97,0.95,0.95,0.9,1.06,1.0,0.55,1.31,44.47,2180,402
Marcus Stroman,2022,573186,1.01,1.08,1.06,0.96,1.12,0.84,1.01,0.88,0.95,0.94,0.95,0.94,0.82,0.93,1.0,0.85,1.26,73.45,1660,323
Marcus Stroman,2023,573186,1.0,1.09,1.09,0.76,1.15,0.97,1.0,0.9,0.94,0.96,0.87,0.94,0.58,1.02,1.0,0.45,2.32,97.94,1688,310
Marcus Stroman,2024,573186,0.98,1.11,1.1,1.16,0.99,0.95,0.85,1.01,0.91,1.18,0.94,0.93,0.93,1.04,1.0,0.9,1.4,76.83,2022,374
Jose Suarez,2019,660761,0.98,1.0,1.08,1.25,0.9,0.93,0.92,0.8,0.97,0.95,0.9,0.92,1.89,1.02,1.01,1.04,0.86,30.91,1426,251
Jose Suarez,2021,660761,0.99,0.98,1.04,0.87,1.16,1.02,0.96,1.04,1.0,1.0,0.93,1.0,0.67,0.94,0.98,0.96,1.29,27.19,1631,283
Jose Suarez,2022,660761,0.98,0.97,1.1,1.3,0.94,1.16,0.96,0.96,1.1,0.96,0.99,0.98,0.92,0.93,0.99,0.81,1.05,86.28,1538,293
Brent Suter,2017,608718,0.93,0.93,0.64,0.45,1.29,1.09,0.96,1.09,1.07,0.95,1.01,1.09,0.44,0.86,0.94,0.86,1.8,57.27,1082,212
Brent Suter,2018,608718,0.93,0.96,0.65,1.06,1.09,1.14,1.08,1.23,1.03,0.96,1.06,1.1,1.26,0.99,0.95,1.09,1.0,79.69,1520,289
Brent Suter,2024,608718,0.92,0.97,0.81,1.06,1.01,1.01,0.91,0.97,1.04,0.89,1.1,1.16,1.09,0.95,0.95,0.94,0.9,95.86,1019,205
Albert Suarez,2016,544150,0.98,1.01,0.88,0.84,1.22,1.1,0.75,1.0,1.0,1.09,1.0,1.01,0.82,0.92,1.01,0.95,1.29,14.0,1155,242
Albert Suarez,2024,544150,1.02,1.06,1.05,0.99,0.87,1.06,0.99,0.95,1.08,0.89,1.15,1.08,0.94,0.93,0.98,1.37,0.76,69.3,1792,327
Andrew Suarez,2018,605498,1.0,0.93,1.04,1.08,1.27,0.99,0.68,0.96,0.97,0.99,0.97,0.81,1.01,1.02,1.01,0.73,1.72,11.3,2465,480
Ranger Suarez,2021,624133,1.0,0.85,0.97,0.4,1.27,0.7,1.3,1.07,1.0,1.01,0.95,0.99,0.4,0.78,0.97,0.73,1.56,92.38,1484,258
Ranger Suarez,2022,624133,1.0,0.87,0.96,0.93,1.25,0.9,0.92,0.99,0.96,0.96,0.92,0.99,0.6,0.88,0.97,0.53,1.87,61.92,2025,388
Ranger Suarez,2023,624133,0.99,0.87,1.05,1.02,1.07,1.2,0.98,1.07,0.97,0.92,0.92,1.01,0.81,0.98,0.99,0.57,1.56,16.72,1750,319
Ranger Suarez,2024,624133,0.97,0.85,0.94,0.7,1.16,1.08,0.92,1.02,1.03,0.95,0.94,1.03,0.62,0.94,0.96,0.46,1.56,64.59,2059,383
Noah Syndergaard,2015,592789,1.05,0.93,0.74,0.68,1.14,0.95,1.21,1.19,1.05,1.03,0.94,1.12,1.1,0.87,1.02,0.84,1.2,32.55,2294,393
Noah Syndergaard,2016,592789,1.06,0.96,0.82,0.5,1.25,1.03,1.2,1.18,1.07,0.96,0.91,1.1,0.49,0.88,1.0,0.59,1.91,44.25,2911,478
Noah Syndergaard,2018,592789,1.06,0.95,0.72,0.29,1.13,1.06,1.12,1.04,1.07,1.02,0.97,1.03,0.48,0.84,0.99,0.72,1.29,68.59,2398,440
Noah Syndergaard,2019,592789,1.05,0.97,0.85,0.74,1.11,0.97,1.17,1.0,1.09,0.96,1.05,1.03,0.91,0.9,0.99,0.73,1.11,16.2,2777,536
Noah Syndergaard,2022,592789,1.01,0.93,0.97,1.21,0.9,1.1,0.84,0.9,1.07,0.95,1.06,1.08,0.73,0.98,0.98,1.01,0.78,63.47,1980,429
Noah Syndergaard,2023,592789,1.01,0.95,1.07,1.54,0.81,1.19,0.84,0.73,1.08,0.87,1.06,1.07,1.73,1.08,0.99,1.5,0.72,85.82,1128,241
Anibal Sanchez,2015,434671,1.0,1.04,0.85,0.84,0.97,1.01,0.88,1.01,0.94,0.97,1.03,1.0,1.35,0.92,1.04,1.14,0.88,1.37,2251,422
Anibal Sanchez,2016,434671,0.99,1.04,0.98,0.92,0.85,0.93,0.83,0.95,0.98,1.0,1.08,1.0,1.46,0.99,1.01,1.56,0.89,21.22,2368,440
Anibal Sanchez,2017,434671,0.98,1.01,1.0,1.25,0.78,1.15,0.94,0.8,0.94,0.94,1.05,1.01,1.96,1.12,1.0,1.6,0.66,11.47,1668,313
Anibal Sanchez,2019,434671,0.98,1.07,0.81,1.14,0.79,1.12,0.87,1.06,0.96,0.97,0.93,0.98,1.0,0.97,1.0,1.39,0.71,47.22,1698,307
Cristopher Sanchez,2023,650911,0.98,0.96,1.1,1.32,1.12,0.92,1.0,0.91,1.0,0.92,0.93,1.11,1.46,1.0,1.0,0.16,1.35,79.73,1456,279
Cristopher Sanchez,2024,650911,1.01,1.02,1.02,0.87,1.14,1.09,1.0,0.99,1.07,0.92,0.95,1.12,0.5,0.92,0.98,0.42,1.58,54.7,2779,554
Jameson Taillon,2016,592791,1.03,1.01,0.91,0.58,1.05,0.76,0.93,1.18,1.08,1.03,1.02,1.04,1.01,0.89,1.02,0.6,1.85,68.34,1530,309
Jameson Taillon,2017,592791,1.03,1.02,0.86,0.63,1.07,1.1,1.01,1.06,1.03,0.98,0.94,1.0,0.64,0.93,0.96,0.69,1.35,48.42,2293,402
Jameson Taillon,2018,592791,1.04,1.04,0.84,0.6,1.11,1.04,1.08,1.05,1.08,0.92,0.93,1.0,0.69,0.91,0.99,0.72,1.12,77.32,2794,523
Jameson Taillon,2021,592791,1.02,1.08,1.1,1.07,0.82,0.98,1.16,0.99,1.12,0.83,1.04,1.08,0.97,0.93,0.98,1.24,0.72,37.44,1962,335
Jameson Taillon,2022,592791,1.02,1.07,1.0,1.17,0.91,1.0,0.95,1.08,1.05,0.92,1.0,1.07,1.05,1.01,0.99,1.03,0.87,82.85,2470,484
Jameson Taillon,2023,592791,1.01,1.06,1.07,1.5,0.88,0.87,0.88,0.99,1.07,0.88,1.05,1.08,1.13,1.05,0.99,1.24,0.84,76.5,1887,344
Jameson Taillon,2024,592791,1.0,1.05,1.11,1.01,0.94,0.99,0.74,0.94,1.05,0.88,0.98,1.07,1.14,0.97,1.01,1.16,1.03,73.9,1857,381
Masahiro Tanaka,2015,547888,1.01,0.99,0.99,1.2,1.06,1.02,0.82,1.18,1.03,0.91,0.91,0.94,1.36,1.08,1.06,0.38,1.45,27.26,1894,380
Masahiro Tanaka,2016,547888,1.0,1.01,1.06,0.69,0.99,0.99,0.83,1.03,1.04,0.95,0.97,0.93,0.8,0.92,1.02,0.59,1.24,5.01,2503,525
Masahiro Tanaka,2017,547888,1.0,1.01,0.96,1.41,1.05,1.03,1.04,0.99,1.08,0.93,0.9,0.92,1.7,1.09,0.99,0.81,1.21,26.85,2486,469
Masahiro Tanaka,2018,547888,0.99,1.01,1.0,0.99,0.96,0.96,0.94,0.99,1.03,0.91,0.92,0.9,1.18,0.98,1.0,0.7,1.21,16.51,2200,402
Masahiro Tanaka,2019,547888,0.99,1.02,1.04,0.94,1.03,1.05,0.82,1.07,1.03,0.88,0.96,0.91,1.12,1.0,1.02,0.71,1.25,23.17,2650,544
Julio Teheran,2015,527054,0.98,0.92,0.98,0.7,0.92,1.09,1.03,1.07,0.97,1.1,1.03,1.01,0.99,1.02,1.06,1.04,1.03,1.63,3235,579
Julio Teheran,2016,527054,0.97,0.99,0.93,0.88,0.94,1.01,0.89,0.96,1.03,1.03,1.02,1.0,0.84,0.93,1.01,1.21,0.95,27.63,2953,537
Julio Teheran,2017,527054,0.97,1.01,0.81,0.95,0.89,0.97,0.95,1.04,1.0,1.11,0.97,1.0,1.2,0.95,0.98,1.08,0.84,23.7,3046,573
Julio Teheran,2018,527054,0.97,1.03,0.96,0.97,0.89,0.99,1.16,1.11,0.92,1.12,0.93,0.97,1.0,0.94,1.0,1.16,0.82,44.12,2604,448
Julio Teheran,2019,527054,0.97,1.07,0.95,0.93,0.86,0.97,0.93,1.08,0.96,1.15,0.9,0.97,0.9,0.94,0.99,1.05,0.86,53.43,2828,467
Zach Thompson,2022,605507,0.99,1.0,1.01,0.82,1.04,1.0,1.02,1.03,1.01,0.93,1.0,1.01,0.85,0.99,0.99,0.59,1.13,49.82,1385,277
Trent Thornton,2019,663423,0.98,1.12,0.98,0.95,0.79,1.22,0.89,1.2,0.89,0.97,0.98,0.91,1.0,0.97,1.0,1.03,0.79,10.27,2199,354
Chris Tillman,2015,501957,0.98,0.96,0.88,0.69,1.21,0.87,0.77,1.05,0.96,1.06,1.03,1.03,0.74,0.91,1.06,0.75,1.39,8.13,2830,532
Chris Tillman,2016,501957,0.99,0.98,0.97,1.12,1.1,0.98,0.86,1.04,0.95,1.11,1.05,1.03,0.86,0.97,1.01,1.02,1.21,17.4,2809,483
Chris Tillman,2017,501957,0.99,0.99,1.19,1.34,0.82,1.2,0.72,0.96,0.98,1.18,1.04,1.0,1.76,1.15,1.01,1.16,1.0,10.53,1557,292
Josh Tomlin,2016,458708,0.96,1.08,0.94,0.85,1.06,1.07,0.68,1.18,0.94,1.01,0.98,0.88,1.22,0.98,1.02,0.68,1.34,27.96,1605,325
Josh Tomlin,2017,458708,0.95,1.06,1.06,1.17,0.9,1.33,0.74,0.93,1.0,1.01,1.01,0.86,1.19,1.12,1.01,1.25,1.08,55.09,1369,280
Michael Tonkin,2016,543859,1.01,1.02,1.04,1.18,0.95,1.19,1.07,1.07,0.98,1.09,0.93,1.02,1.23,1.08,1.01,0.93,1.18,44.37,1242,200
Michael Tonkin,2023,543859,0.99,1.0,1.08,0.91,0.98,0.88,1.02,0.97,1.06,1.01,0.98,1.01,1.09,0.92,0.99,0.93,1.06,81.45,1260,220
Michael Tonkin,2024,543859,1.0,1.02,1.01,0.95,0.99,1.03,1.03,1.23,1.02,1.15,0.92,1.01,0.53,0.99,0.97,0.63,1.25,66.61,1277,207
Touki Toussaint,2023,657053,1.0,1.03,1.08,1.16,1.01,1.15,0.96,1.03,0.87,1.09,0.93,1.15,0.89,1.01,0.98,0.31,1.28,63.88,1552,229
Spencer Turnbull,2019,605513,1.02,1.04,1.03,0.94,1.12,0.9,1.09,1.09,1.02,1.08,0.91,0.97,0.71,0.99,1.01,0.77,1.47,68.06,2575,421
Duane Underwood Jr.,2021,621249,1.02,0.95,1.2,1.14,1.01,1.08,0.93,0.81,0.98,0.88,0.95,1.05,0.94,1.04,1.0,0.62,1.08,76.15,1151,222
Jose Urena,2016,570632,1.04,0.98,0.83,0.61,1.11,1.1,1.05,1.6,1.01,1.19,0.92,1.0,0.81,0.92,1.01,0.65,1.45,16.42,1159,247
Jose Urena,2017,570632,1.02,0.99,0.88,1.24,0.96,1.05,0.83,1.12,0.94,1.16,1.01,0.98,1.04,0.97,0.98,1.08,0.94,28.45,2863,524
Jose Urena,2018,570632,1.04,0.98,1.05,1.02,0.99,0.93,0.99,1.07,0.99,1.09,1.02,0.98,0.94,0.94,1.01,1.11,0.94,32.39,2646,494
Jose Urena,2019,570632,1.04,0.99,1.04,1.25,0.92,1.11,1.0,1.4,1.04,1.15,1.0,0.96,1.15,1.03,1.03,0.91,1.09,43.72,1269,267
Jose Urena,2021,570632,1.02,0.97,1.36,1.31,1.0,1.04,0.99,1.05,0.98,1.0,0.93,1.02,1.0,1.04,1.01,0.32,1.3,16.55,1694,343
Jose Urena,2022,570632,1.03,1.0,1.02,1.01,1.01,1.07,0.93,1.27,1.01,1.02,0.93,1.01,0.73,0.95,0.99,0.73,1.13,34.07,1507,312
Jose Urena,2024,570632,1.04,0.99,1.02,1.24,1.03,0.86,0.92,0.88,0.99,1.02,0.99,1.02,0.88,0.92,1.0,1.08,0.98,43.62,1673,342
Jose Urquidy,2021,664353,0.99,1.0,0.93,1.2,0.79,0.99,1.0,0.81,1.13,0.87,1.04,0.96,1.15,0.96,0.97,1.25,0.77,13.57,1506,291
Jose Urquidy,2022,664353,1.0,1.03,1.12,1.19,0.86,0.97,0.89,0.93,1.13,0.89,1.06,0.95,1.19,0.99,1.0,1.13,0.86,19.28,2502,482
Julio Urias,2021,628711,1.0,1.12,0.89,0.66,0.98,0.9,0.96,0.9,1.09,0.86,1.06,0.92,0.72,0.92,0.97,0.96,1.02,53.15,2762,498
Julio Urias,2022,628711,1.0,1.13,0.88,0.84,0.97,0.88,0.95,0.95,1.1,0.87,1.1,0.93,0.97,0.85,0.98,1.01,0.97,48.16,2612,477
Julio Urias,2023,628711,0.99,1.1,1.04,1.2,0.96,0.92,0.94,0.87,1.02,0.89,1.08,0.92,1.56,1.09,0.99,1.1,0.94,57.7,1674,298
Framber Valdez,2021,664285,1.0,1.04,1.16,0.91,1.36,0.72,1.14,0.88,0.96,0.95,0.93,0.95,0.79,0.88,1.02,-0.65,3.27,48.31,1978,360
Framber Valdez,2022,664285,1.01,1.06,1.15,0.95,1.33,0.8,1.04,0.8,1.06,0.89,0.95,0.97,0.53,0.87,1.01,-0.21,2.94,43.68,2929,541
Framber Valdez,2023,664285,1.03,1.05,1.22,1.34,1.06,1.0,1.06,0.86,1.04,0.85,0.94,0.96,0.92,1.06,1.02,0.46,1.58,54.62,2836,523
Framber Valdez,2024,664285,1.03,1.05,1.23,0.82,1.23,0.82,1.04,0.89,1.0,0.89,0.89,0.96,0.63,0.9,1.01,-0.07,3.54,27.33,2462,452
Jason Vargas,2017,450306,0.92,1.11,0.86,0.82,0.81,1.02,0.89,0.84,0.92,0.94,1.06,0.98,1.23,0.96,0.98,1.91,0.61,44.24,2837,542
Jason Vargas,2018,450306,0.93,1.12,0.87,1.44,0.75,1.09,1.14,1.09,0.96,0.99,0.96,0.95,1.65,1.08,0.99,1.52,0.6,61.99,1354,255
Jason Vargas,2019,450306,0.91,1.09,0.96,1.23,0.81,0.99,0.87,1.1,0.91,1.1,0.92,0.94,1.11,0.96,0.99,1.79,0.59,26.06,2487,450
Vince Velasquez,2016,592826,1.02,1.0,0.96,1.17,0.92,1.11,1.17,1.1,0.99,1.02,0.94,1.02,1.28,1.06,1.0,1.19,0.85,35.79,2019,317
Vince Velasquez,2018,592826,1.01,1.01,0.94,0.67,0.8,0.93,1.23,0.88,0.99,0.98,1.02,1.01,0.82,0.9,1.0,1.32,0.84,89.49,2325,366
Vince Velasquez,2019,592826,1.02,1.06,1.08,1.31,0.79,1.05,1.11,1.08,1.06,0.95,0.98,1.03,1.55,1.06,1.01,1.15,0.87,72.8,1995,309
Vince Velasquez,2021,592826,1.01,1.02,1.27,1.67,0.64,1.07,1.09,0.84,0.99,0.96,0.99,1.05,1.82,1.09,1.01,0.88,0.64,51.98,1663,242
Hector Velazquez,2018,584171,0.98,0.88,0.93,0.77,1.02,1.25,0.78,0.92,1.03,0.96,0.99,1.05,0.65,0.95,1.01,0.9,1.33,50.93,1339,277
Yordano Ventura,2015,570649,1.05,0.97,0.83,0.77,1.16,0.9,1.01,1.01,1.01,1.0,0.97,0.88,0.7,0.97,1.06,0.5,1.67,12.91,2537,454
Yordano Ventura,2016,570649,1.05,0.97,1.02,1.19,1.1,0.99,0.92,0.96,0.98,0.98,0.99,0.9,0.93,1.0,1.03,0.86,1.29,34.41,2988,576
Justin Verlander,2015,434378,1.01,1.08,0.73,0.49,0.91,0.93,0.91,1.07,1.04,0.99,1.06,0.98,0.64,0.78,1.03,1.21,0.77,59.05,2139,386
Justin Verlander,2016,434378,1.02,1.12,0.89,0.97,0.87,0.85,1.11,1.14,1.07,1.0,1.08,0.97,1.03,0.9,0.99,1.38,0.7,53.91,3648,580
Justin Verlander,2017,434378,1.03,1.12,0.98,0.98,0.95,1.1,0.94,1.0,1.05,1.02,1.06,0.94,1.04,1.02,0.98,1.16,0.79,52.89,3499,543
Justin Verlander,2018,434378,1.02,1.16,0.88,0.75,0.75,0.87,1.32,0.98,1.08,0.94,1.01,0.94,1.05,0.85,0.99,1.14,0.6,67.03,3338,473
Justin Verlander,2019,434378,1.02,1.14,0.93,0.93,0.83,0.92,1.29,1.06,1.11,0.92,1.02,0.95,1.35,0.95,0.98,1.12,0.77,47.54,3101,446
Justin Verlander,2022,434378,1.02,1.07,1.05,0.81,1.02,0.89,0.9,0.99,1.16,0.88,1.1,0.99,0.55,0.85,0.98,1.13,0.87,69.89,2540,434
Justin Verlander,2023,434378,1.01,1.08,1.09,0.93,0.87,0.89,0.86,1.04,1.08,0.86,1.08,0.98,0.77,0.87,0.99,1.18,0.9,42.87,2480,454
Justin Verlander,2024,434378,1.0,1.06,0.94,0.97,0.72,1.09,0.84,0.92,1.05,0.92,1.08,0.97,1.11,0.86,0.99,1.18,0.62,42.1,1418,264
Logan Verrett,2016,548337,0.98,0.97,1.02,1.44,1.05,1.16,0.75,1.03,0.98,0.97,0.92,1.02,1.14,1.12,1.02,0.81,1.44,41.91,1421,267
Carlos Villanueva,2016,453646,0.96,0.93,0.99,1.28,0.92,1.15,0.77,0.95,1.02,1.0,0.98,0.98,1.39,1.15,1.03,0.88,1.51,39.76,998,215
Victor Vodnik,2024,680767,1.04,1.01,1.36,0.94,1.49,0.8,0.88,0.96,0.91,0.99,1.02,1.09,0.6,0.96,1.02,0.45,2.23,17.34,1334,216
Ryan Vogelsong,2015,285064,0.99,0.88,0.92,1.18,1.05,1.06,0.72,1.07,0.93,1.12,1.03,1.03,0.9,1.03,1.05,1.04,1.19,55.85,2293,426
Ryan Vogelsong,2016,285064,0.99,0.9,0.81,0.98,1.03,1.01,0.71,1.14,0.85,1.11,0.94,1.05,0.89,0.92,1.01,1.0,1.12,69.15,1369,254
Edinson Volquez,2015,450172,1.01,0.98,0.89,0.89,0.99,1.05,0.95,0.97,0.98,0.98,1.03,1.04,0.66,0.97,1.04,1.05,0.98,48.09,3275,610
Edinson Volquez,2016,450172,1.0,1.0,0.98,1.03,1.05,1.05,0.83,0.93,0.99,0.97,1.01,1.05,0.94,1.01,1.02,1.08,1.28,46.8,3211,625
Edinson Volquez,2017,450172,1.0,0.98,0.88,0.83,0.95,1.08,0.94,0.95,0.89,0.95,0.93,1.07,0.83,1.01,1.0,1.1,0.94,45.66,1479,251
Austin Voth,2022,608723,1.0,1.12,0.93,1.12,0.86,1.19,1.0,0.87,1.05,0.97,0.95,1.01,0.89,0.98,0.96,0.83,0.87,79.96,1280,214
Randy Vasquez,2024,681190,1.02,1.17,1.13,1.42,0.83,1.29,0.82,0.86,1.07,0.95,1.02,1.01,0.85,1.09,0.99,1.06,1.03,3.67,1446,281
Michael Wacha,2015,608379,1.01,0.9,0.91,0.72,1.27,0.98,0.93,0.94,1.07,0.95,1.01,1.11,0.74,0.91,1.03,0.59,1.53,9.17,2529,445
Michael Wacha,2016,608379,1.01,0.95,0.98,0.82,1.27,1.2,0.82,0.88,1.02,0.87,0.94,1.11,0.61,0.95,1.01,0.69,1.75,10.45,1677,309
Michael Wacha,2017,608379,1.02,0.96,0.83,0.72,1.21,0.98,0.98,0.82,0.99,0.89,0.97,1.07,0.65,0.9,0.97,0.88,1.46,18.5,2127,351
Michael Wacha,2019,608379,1.0,0.9,0.98,1.05,1.3,0.98,0.81,1.03,1.07,0.91,0.97,1.06,1.36,1.05,1.0,0.68,1.7,43.7,1598,306
Michael Wacha,2021,608379,1.01,0.91,1.3,1.75,0.83,1.06,1.0,0.94,1.16,0.76,0.95,1.09,1.53,1.22,1.0,1.05,1.03,75.6,1285,227
Michael Wacha,2022,608379,1.0,0.93,1.09,1.35,0.91,1.09,0.85,0.93,1.12,0.88,1.05,1.06,1.03,1.0,0.98,1.05,0.75,71.82,1467,296
Michael Wacha,2023,608379,0.98,0.88,1.03,1.07,0.75,1.14,0.97,1.0,1.08,0.84,1.05,1.07,0.92,0.96,0.97,1.56,0.48,73.47,1697,304
Michael Wacha,2024,608379,0.98,0.91,0.93,1.19,0.86,0.91,0.97,0.94,1.05,0.89,1.03,1.09,0.82,0.96,0.97,1.3,0.7,77.82,2079,395
Adam Wainwright,2016,425794,0.97,1.03,0.86,1.0,0.89,1.35,0.85,0.84,0.92,1.04,1.02,1.04,0.99,1.08,1.01,0.96,1.11,17.8,2119,380
Adam Wainwright,2017,425794,0.96,1.03,0.9,0.7,1.1,1.15,0.77,0.88,0.97,0.99,1.01,1.0,0.78,1.0,0.98,0.91,1.65,31.76,1523,279
Adam Wainwright,2019,425794,0.96,1.06,1.08,1.09,1.08,1.14,0.75,0.86,0.93,0.99,1.02,1.02,0.83,1.02,1.01,0.96,1.33,69.66,2089,378
Adam Wainwright,2021,425794,0.95,1.08,1.02,0.93,1.01,1.03,0.76,0.85,0.94,0.97,1.03,1.06,0.57,0.92,0.99,0.93,1.07,92.8,2377,447
Adam Wainwright,2022,425794,0.95,1.06,1.02,0.95,0.86,1.18,0.68,0.89,0.96,0.94,1.04,1.05,0.57,1.0,0.98,0.97,0.93,71.37,2313,433
Adam Wainwright,2023,425794,0.93,1.03,1.08,1.87,0.76,1.15,0.58,0.85,0.93,0.96,1.01,1.05,1.7,1.18,1.0,1.19,0.66,3.7,1279,278
Ken Waldichuk,2023,686610,1.0,0.95,1.17,1.05,1.08,0.94,0.96,1.0,1.01,1.03,1.09,1.11,1.07,0.96,0.99,0.93,1.07,4.43,2494,418
Matt Waldron,2024,663362,0.99,0.6,1.05,1.06,0.84,1.04,0.92,0.98,0.96,1.03,0.97,1.09,1.03,1.0,0.98,1.02,0.89,33.23,2232,391
Taijuan Walker,2015,592836,1.02,0.96,0.84,0.98,0.99,0.97,1.01,1.13,1.03,0.97,0.99,1.02,0.96,0.96,1.05,0.71,1.2,50.27,2109,413
Taijuan Walker,2016,592836,1.02,0.98,0.95,1.21,1.07,0.95,0.93,1.08,1.03,0.94,1.02,1.01,1.42,0.98,1.01,0.77,1.25,23.46,2050,364
Taijuan Walker,2017,592836,1.01,0.97,0.96,0.6,1.17,0.88,0.96,0.98,0.95,0.93,1.02,0.96,0.72,0.96,1.0,0.96,1.36,66.82,2210,355
Taijuan Walker,2021,592836,1.02,0.97,1.09,1.44,0.91,0.94,1.04,0.9,0.98,0.95,1.05,0.97,1.33,1.04,1.0,1.0,0.8,89.35,2344,426
Taijuan Walker,2022,592836,1.01,0.99,1.1,1.13,0.98,1.0,0.91,1.01,1.0,0.99,1.04,0.97,0.73,0.96,0.99,0.73,1.09,47.82,2106,413
Taijuan Walker,2023,592836,1.01,0.96,1.24,1.09,0.94,0.91,0.84,1.1,0.92,1.01,1.03,0.96,0.84,0.96,1.0,0.68,0.89,62.09,2095,387
Taijuan Walker,2024,592836,1.01,0.94,1.37,2.03,0.79,1.21,0.62,0.87,0.97,0.92,1.05,0.96,2.04,1.17,1.04,1.21,0.88,87.59,949,215
Adam Warren,2015,476589,1.01,0.95,0.78,0.41,1.08,0.84,0.82,1.11,0.94,1.11,0.99,0.98,0.49,0.88,1.03,0.58,1.32,28.69,2109,374
Spenser Watkins,2022,657093,0.97,1.01,1.02,1.15,1.15,1.0,0.54,0.8,0.98,0.86,1.04,0.99,0.7,0.95,1.03,0.85,1.5,69.31,913,211
Ryan Weathers,2021,677960,1.01,0.93,1.21,1.01,1.12,1.0,0.79,0.81,0.97,1.02,0.94,0.92,1.27,1.01,1.01,0.86,1.47,35.71,1363,247
Ryan Weathers,2024,677960,1.03,1.03,1.13,1.36,1.11,1.0,0.84,0.87,1.04,0.95,1.0,0.93,1.19,0.99,1.01,0.61,1.15,83.79,1097,227
Jered Weaver,2015,450308,0.89,0.94,0.8,0.85,0.78,0.89,0.76,0.84,0.97,0.97,1.09,1.05,0.98,0.86,1.03,1.49,0.67,24.04,2340,515
Jered Weaver,2016,450308,0.89,1.01,0.89,1.1,0.62,1.13,0.68,0.93,0.99,0.97,1.11,1.0,1.36,1.02,1.0,1.83,0.48,34.76,2789,604
Luke Weaver,2018,596133,1.01,1.0,0.99,0.99,1.03,1.11,0.94,0.89,0.99,0.98,0.98,0.95,1.04,1.0,1.0,1.28,1.17,27.13,2252,401
Luke Weaver,2023,596133,1.01,1.01,1.16,1.45,0.88,1.21,0.84,0.88,0.99,0.87,1.01,0.94,1.57,1.11,1.0,1.59,0.97,11.04,1895,342
Logan Webb,2021,657277,1.01,0.93,1.13,0.87,1.32,0.98,1.18,1.06,1.0,0.99,0.91,1.08,0.58,0.92,1.0,-0.15,3.02,74.99,1967,366
Logan Webb,2022,657277,1.01,0.92,1.16,0.88,1.19,1.03,0.91,0.88,0.98,0.95,0.92,1.08,0.47,0.94,1.0,-0.03,2.66,80.12,2878,544
Logan Webb,2023,657277,1.02,0.89,1.42,1.08,1.22,0.9,0.78,0.93,0.96,0.93,0.95,1.11,0.74,0.99,1.02,-0.2,2.61,85.93,3045,597
Logan Webb,2024,657277,1.02,0.9,1.41,1.24,1.18,0.92,0.85,0.96,0.96,0.93,0.94,1.13,0.46,1.05,1.01,0.2,1.85,57.07,2930,587
Joey Wentz,2023,666214,1.0,1.04,1.06,1.44,0.9,1.05,0.96,0.92,1.0,0.92,0.98,1.04,1.52,1.11,0.99,0.92,1.0,17.66,1441,252
Hayden Wesneski,2023,669713,1.01,0.98,1.07,1.51,0.99,1.12,0.99,1.01,0.95,0.96,0.97,1.08,1.54,1.06,1.0,0.93,1.07,3.17,1247,220
Zack Wheeler,2018,554430,1.03,1.03,0.76,0.8,1.13,1.02,1.12,1.08,1.05,0.95,1.0,1.09,0.59,0.88,0.98,0.97,0.96,93.96,2304,392
Zack Wheeler,2019,554430,1.04,1.05,0.92,0.77,0.94,1.07,1.14,1.03,1.11,0.96,1.02,1.08,0.97,0.97,0.99,1.05,0.84,80.27,2450,439
Zack Wheeler,2021,554430,1.04,1.05,0.79,0.58,1.31,0.92,1.29,0.99,1.13,1.01,0.96,1.16,0.62,0.85,0.95,0.61,1.37,81.06,2267,390
Zack Wheeler,2022,554430,1.03,1.06,0.91,0.79,1.11,0.97,1.27,1.12,1.13,0.99,0.99,1.17,0.42,0.87,0.96,0.73,1.21,82.9,1680,280
Zack Wheeler,2023,554430,1.03,1.09,1.02,0.63,1.06,0.98,1.39,1.15,1.12,0.96,0.96,1.16,0.84,0.89,0.97,0.77,0.98,68.97,2687,433
Zack Wheeler,2024,554430,1.02,1.07,0.95,1.14,1.07,0.82,1.25,1.13,1.11,0.97,1.0,1.15,0.81,0.85,0.97,0.78,0.99,87.46,2828,450
Mitch White,2022,669952,1.03,0.99,0.96,0.71,1.06,1.0,0.66,1.01,1.06,0.93,0.97,1.01,0.59,0.92,0.99,0.82,1.31,5.88,1645,312
Garrett Whitlock,2023,676477,1.0,0.99,1.2,1.64,0.9,1.21,1.23,0.84,1.09,0.87,0.94,1.2,1.57,1.12,1.01,1.51,0.93,17.35,1124,209
Gavin Williams,2023,668909,1.01,0.97,1.01,0.63,0.99,0.99,1.13,0.96,1.03,1.0,1.05,1.2,0.67,0.9,0.98,0.94,1.08,66.83,1308,210
Jerome Williams,2015,425532,0.98,0.94,1.06,1.09,0.97,1.05,0.74,1.27,1.02,1.1,0.89,0.92,1.16,1.12,1.07,0.78,1.18,42.28,1328,307
Trevor Williams,2017,592866,0.99,0.92,0.81,0.72,1.21,1.03,0.91,0.99,1.0,1.0,0.84,1.08,0.61,0.91,0.96,0.82,1.46,24.58,2339,447
Trevor Williams,2018,592866,0.97,0.94,0.81,0.83,1.07,0.98,0.86,1.06,0.98,0.98,0.89,1.06,0.63,0.89,0.98,1.01,1.03,43.22,2696,509
Trevor Williams,2019,592866,0.98,0.97,0.93,1.1,0.92,1.07,0.99,1.08,1.05,0.96,0.89,1.04,1.16,1.0,1.01,1.1,0.75,65.49,2289,462
Trevor Williams,2021,592866,0.98,0.97,1.1,1.01,1.13,0.99,1.06,1.0,1.06,0.96,0.88,1.09,0.74,1.0,0.99,0.67,1.63,36.76,1234,225
Trevor Williams,2023,592866,0.96,0.95,1.05,1.31,0.93,1.04,0.85,1.08,1.0,0.97,0.89,1.09,1.38,1.04,0.97,0.94,0.89,80.14,2543,479
Brandon Williamson,2023,682227,1.0,0.97,1.14,1.05,0.87,1.02,0.94,1.0,0.98,0.92,1.05,0.96,1.0,1.01,1.01,0.95,0.93,26.75,1220,231
Bryse Wilson,2021,669060,1.0,0.9,1.14,1.48,0.95,1.03,0.92,1.1,1.1,0.91,1.04,1.05,1.17,1.05,0.99,0.87,0.85,2.36,930,213
Bryse Wilson,2022,669060,1.0,0.92,1.23,1.23,0.9,1.05,0.82,0.9,1.03,0.92,1.03,1.05,1.24,1.08,1.01,1.11,1.03,6.01,1653,355
Bryse Wilson,2024,669060,1.01,0.96,1.17,1.21,0.75,1.32,0.95,0.94,1.12,0.89,1.01,1.05,1.73,1.11,0.99,1.35,0.86,75.17,999,211
C.J. Wilson,2015,450351,0.99,0.95,1.16,0.73,0.9,1.05,0.8,0.89,0.91,0.98,0.97,0.9,0.68,0.99,1.06,0.93,0.94,36.57,1701,332
Tyler Wilson,2016,592869,0.98,0.98,0.97,0.78,1.05,1.11,0.69,1.0,1.03,0.99,0.98,1.06,0.99,1.0,1.03,1.06,1.36,25.22,1464,330
Josh Winckowski,2022,670174,1.02,0.97,1.23,1.5,1.2,1.08,0.67,0.79,0.94,0.84,1.09,1.05,0.97,0.95,1.01,0.83,1.78,21.15,1061,225
Matt Wisler,2015,605538,1.0,0.97,0.93,1.16,0.75,1.21,0.77,1.01,1.06,1.02,0.98,0.93,0.99,1.05,1.06,1.09,0.73,37.75,1656,351
Matt Wisler,2016,605538,0.99,1.0,0.9,0.8,0.88,0.91,0.82,1.03,1.06,1.0,0.98,0.91,1.04,0.96,1.01,1.19,0.93,51.57,2142,459
Bryan Woo,2023,693433,1.02,0.97,0.85,0.85,0.97,0.87,1.4,0.9,1.11,0.92,1.0,1.1,1.16,0.85,0.97,0.72,1.3,64.08,1265,205
Bryan Woo,2024,693433,1.02,1.02,0.95,0.68,0.87,0.91,1.08,0.8,1.17,0.79,1.06,1.06,0.86,0.83,0.99,0.88,1.05,47.16,1395,301
Alex Wood,2015,622072,0.98,0.88,0.86,0.72,1.0,1.07,0.92,0.84,0.97,1.04,0.98,0.96,0.69,0.96,1.04,0.99,1.11,14.33,2867,583
Alex Wood,2017,622072,1.0,0.93,0.78,0.82,1.12,0.97,1.14,1.07,1.04,0.97,0.98,0.99,0.96,0.93,0.96,1.25,1.21,24.65,2229,414
Alex Wood,2018,622072,0.99,0.89,0.99,0.77,0.95,1.01,0.96,0.98,1.07,1.02,0.99,0.98,0.81,0.91,1.01,1.55,0.94,41.08,2430,451
Alex Wood,2021,622072,0.99,0.94,1.2,0.83,1.08,1.06,1.2,0.83,0.98,0.97,1.02,1.01,0.89,1.0,1.0,1.01,1.9,67.43,2182,378
Alex Wood,2022,622072,1.0,0.92,1.22,1.13,0.99,1.02,1.19,0.87,1.01,0.96,1.05,1.0,1.13,1.02,0.99,1.05,1.32,51.65,2225,379
Alex Wood,2023,622072,0.99,0.92,1.1,0.9,0.92,1.01,1.11,0.8,0.95,1.01,1.09,1.01,0.72,0.95,0.99,1.28,1.26,68.63,1701,303
Brandon Woodruff,2019,605540,1.04,1.0,0.84,0.54,1.01,1.02,1.18,1.0,1.09,1.01,1.06,1.01,0.82,0.96,0.97,1.06,1.02,81.91,1934,309
Brandon Woodruff,2021,605540,1.04,1.07,0.91,0.85,0.99,1.13,1.24,1.0,1.1,0.94,0.99,1.04,0.86,0.96,0.96,0.91,0.88,57.67,2794,443
Brandon Woodruff,2022,605540,1.04,1.06,1.03,0.94,0.8,0.98,1.3,1.05,1.06,0.91,0.96,1.07,0.98,0.95,0.98,1.11,0.73,96.76,2534,381
Simeon Woods Richardson,2024,680573,1.0,1.04,1.1,1.19,0.86,1.0,0.84,0.92,1.04,0.87,1.06,1.09,0.9,0.94,0.99,1.49,0.76,12.03,2288,399
Mike Wright Jr.,2018,605541,1.02,0.96,1.05,0.81,0.84,1.25,0.88,0.9,0.97,1.02,1.04,0.97,0.83,1.03,1.01,1.03,1.16,17.2,1372,235
Kyle Wright,2022,657140,1.04,1.06,1.14,1.02,1.07,0.9,1.05,0.85,1.07,1.01,1.11,1.06,0.9,0.97,0.99,0.28,1.45,71.33,2692,501
Steven Wright,2015,453214,0.97,1.17,0.88,1.28,0.88,0.68,0.93,0.88,0.99,0.93,1.11,1.02,1.31,0.94,1.04,1.17,0.82,22.83,1053,211
Steven Wright,2016,453214,0.96,1.23,0.81,0.49,1.03,0.83,1.03,0.91,0.97,0.97,1.13,0.98,0.57,0.82,0.98,1.05,1.02,32.96,2484,462
Ryan Yarbrough,2018,642232,0.95,1.01,0.93,1.23,0.82,1.05,0.83,0.95,0.94,1.03,0.96,0.94,1.05,1.02,0.98,1.43,0.84,72.99,1634,285
Ryan Yarbrough,2019,642232,0.93,1.03,0.77,1.11,1.03,0.95,0.97,0.94,0.96,1.05,0.96,0.96,0.95,0.96,0.98,1.45,1.77,65.17,1297,243
Ryan Yarbrough,2021,642232,0.91,1.0,0.78,0.96,0.93,1.08,0.81,1.14,0.99,1.12,0.94,1.06,0.94,0.94,0.95,1.41,0.87,70.73,1451,297
Ryan Yarbrough,2023,642232,0.91,0.9,0.88,1.12,0.86,1.06,0.87,0.97,1.06,0.99,0.98,1.03,1.19,1.07,0.97,1.28,0.79,56.25,1063,203
Ryan Yarbrough,2024,642232,0.91,0.88,0.86,0.78,0.99,0.89,0.82,0.8,1.02,1.02,1.08,1.01,0.73,0.86,0.97,1.38,0.8,67.32,1349,265
Gabriel Ynoa,2019,593679,1.0,0.97,1.12,1.38,0.99,0.99,0.84,0.94,1.06,1.05,0.93,0.9,1.63,1.05,1.03,0.89,1.08,55.4,1772,380
Huascar Ynoa,2021,660623,1.02,0.99,1.11,1.17,1.24,1.08,0.94,1.05,0.99,0.95,0.96,0.99,1.14,1.05,1.0,0.43,1.85,41.2,1368,232
Chris Young,2015,432934,0.94,1.01,0.83,0.59,0.7,0.81,0.81,1.07,0.94,0.89,1.0,0.95,0.82,0.79,1.03,1.24,0.51,23.22,1907,355
Chris Young,2016,432934,0.96,1.03,1.02,1.56,0.71,1.08,0.98,1.06,0.94,0.9,1.08,0.98,2.0,1.19,1.01,1.34,0.69,19.78,1630,263
Bruce Zimmermann,2022,669145,0.99,1.06,1.25,2.0,0.75,1.17,0.67,0.91,1.05,0.85,1.12,0.98,2.02,1.19,1.02,1.27,0.79,72.73,972,229
Jordan Zimmermann,2015,519455,1.02,1.0,0.82,0.53,1.19,0.99,0.75,0.98,1.07,0.94,1.08,0.98,0.76,0.93,1.03,0.67,1.32,56.2,3038,602
Jordan Zimmermann,2016,519455,1.01,1.03,0.86,0.84,1.02,0.9,0.65,0.93,1.04,1.01,1.04,0.97,0.77,0.96,1.0,1.12,1.04,64.92,1639,343
Jordan Zimmermann,2017,519455,1.01,1.04,0.97,1.09,0.73,1.13,0.7,0.9,1.05,0.98,1.0,0.97,1.09,1.05,1.01,1.25,0.78,38.15,2632,554
Jordan Zimmermann,2018,519455,1.0,1.01,1.09,1.27,0.83,1.11,0.68,0.99,1.03,1.05,0.97,0.97,1.33,1.01,1.02,1.13,0.85,93.01,2016,407
Jordan Zimmermann,2019,519455,1.0,0.99,1.11,1.33,0.98,1.19,0.79,1.04,1.02,1.0,0.9,0.96,1.0,1.11,1.03,0.96,1.58,35.91,1819,380
Jacob deGrom,2015,594798,1.04,0.98,0.8,0.54,1.03,0.93,1.19,1.11,1.1,0.99,1.0,1.09,0.66,0.88,1.03,0.79,1.21,62.34,2947,496
Jacob deGrom,2016,594798,1.02,1.01,0.8,0.92,1.06,1.04,1.05,0.94,1.04,0.92,1.05,1.13,0.75,1.0,0.99,0.91,1.34,77.02,2339,417
Jacob deGrom,2017,594798,1.03,1.05,0.78,0.87,1.1,0.99,1.25,0.98,1.05,0.98,1.07,1.13,1.19,0.93,0.97,1.0,1.07,45.3,3139,524
Jacob deGrom,2018,594798,1.05,1.04,0.82,0.6,1.17,0.93,1.28,1.14,1.11,0.98,1.08,1.11,0.46,0.86,0.98,0.79,1.34,92.52,2930,483
Jacob deGrom,2019,594798,1.06,1.04,0.83,0.69,1.02,0.96,1.22,1.12,1.1,1.04,1.08,1.1,0.79,0.89,0.99,0.76,1.27,21.8,3043,452
