barrel,chase%,ev,extension,gb/fb,hh,hr,la,ld,spin_rate,swing%,velo,weak,whiff,x_move,xwobacon,z_move,player_name,playerid,pitch,count,game_year,pred_hr,avg_bf,std_bf,avg_outs,std_outs,avg_pc,std_pc,apps
0.94,1.13,0.97,1.01,0.97,0.69,1.16,1.71,1.0,1.07,0.96,1.0,0.89,1.25,1.01,0.96,1.84,Andrew Abbott,671096,CH,191,2026,0.97,22.3,2.4,15.8,2.8,90.4,8.6,10
0.86,0.93,1.01,0.98,0.95,1.11,0.76,0.23,0.91,1.14,1.04,1.03,1.16,0.94,1.11,0.92,0.7,Jason Adam,592094,CH,102,2026,0.63,3.6,0.7,2.4,1.0,13.6,5.5,10
0.91,1.0,1.0,1.0,0.96,0.97,0.91,1.01,1.0,1.01,0.98,1.0,0.97,1.0,1.01,1.0,1.0,Travis Adams,701519,CH,111,2025,0.82,6.0,3.2,3.6,2.1,22.0,12.9,10
1.03,0.97,1.0,1.0,0.98,1.04,1.02,1.08,0.97,0.99,1.0,1.0,1.0,0.99,1.0,0.99,0.99,Julian Aguiar,687924,CH,100,2024,0.86,19.9,4.1,13.6,3.6,75.6,15.6,7
0.87,0.78,0.98,0.89,0.97,0.88,0.95,1.82,0.98,1.18,1.01,1.0,1.04,0.76,1.21,0.96,1.83,Keegan Akin,669211,CH,70,2026,0.96,4.4,1.7,2.7,0.9,18.2,5.5,10
0.99,0.98,1.0,1.0,1.02,0.95,0.94,1.09,0.98,1.02,0.99,1.0,1.0,0.96,1.01,0.98,1.09,Jorge Alcala,660896,CH,111,2025,0.84,4.8,1.8,2.7,0.8,20.4,8.6,10
0.86,1.21,1.03,0.95,1.26,1.05,0.95,0.05,1.05,1.17,1.13,1.06,1.1,1.1,1.25,1.0,0.67,Sandy Alcantara,645261,CH,250,2026,0.67,26.6,2.8,17.5,3.4,98.1,6.5,10
1.13,0.67,1.01,0.93,0.6,1.05,1.01,2.51,1.09,1.05,0.99,0.94,0.46,0.82,0.98,1.02,1.79,Sam Aldegheri,691951,CH,149,2026,1.06,18.4,6.8,10.4,5.1,69.7,22.0,9
1.06,0.79,0.99,1.03,0.96,0.86,1.48,1.68,1.0,1.02,1.03,0.94,0.89,0.98,1.26,1.0,0.57,Jason Alexander,669920,CH,105,2026,0.95,20.5,5.3,14.2,5.2,74.9,24.7,10
1.17,1.0,1.0,1.0,0.98,1.01,1.15,0.99,1.01,0.99,1.0,1.0,0.99,1.02,0.99,1.03,0.98,Scott Alexander,518397,CH,118,2025,0.95,4.1,2.0,2.1,1.4,15.6,6.9,10
0.83,1.29,1.0,0.98,1.4,1.09,0.79,0.82,1.02,0.84,1.04,0.98,1.19,0.79,0.99,1.01,0.45,Tyler Alexander,641302,CH,105,2026,0.69,3.7,1.3,2.2,1.4,14.6,5.9,10
1.24,0.77,1.01,0.92,0.95,1.1,0.94,2.69,0.98,0.82,1.16,0.96,0.98,0.6,0.99,0.98,1.77,Kolby Allard,663465,CH,33,2026,1.13,7.9,4.1,5.2,2.0,33.9,16.4,10
1.0,0.87,1.01,0.98,1.16,1.09,0.97,1.11,1.04,0.8,1.03,0.96,0.93,0.71,0.76,1.01,1.03,Logan Allen,671106,CH,798,2025,0.76,23.2,2.3,15.2,3.2,93.2,7.7,10
1.05,0.98,1.0,0.99,1.19,1.01,1.16,0.88,0.97,1.0,1.02,1.01,1.06,1.0,1.01,1.0,0.93,Dan Altavilla,656186,CH,107,2025,0.87,4.1,1.4,2.6,1.6,15.8,5.5,10
1.02,0.96,1.0,0.99,0.95,0.99,1.03,1.22,0.99,1.03,0.99,1.0,0.96,0.99,1.02,0.99,1.13,Chase Anderson,502624,CH,309,2024,0.89,9.4,5.8,5.8,4.0,38.1,24.4,10
0.95,1.1,1.0,1.01,0.99,1.08,1.82,0.67,0.75,0.89,1.01,1.03,1.15,1.08,0.88,0.92,0.05,Drew Anderson,623454,CH,206,2026,0.74,8.7,4.6,6.6,4.3,33.7,16.9,10
1.01,0.89,1.03,1.03,1.09,1.11,0.88,0.41,1.0,0.97,1.04,1.01,0.93,0.8,1.01,1.03,0.32,Grant Anderson,681982,CH,9,2026,0.7,3.6,1.5,2.2,1.3,14.6,8.5,10
1.05,1.01,1.0,1.01,0.96,1.0,1.04,1.05,0.99,0.99,1.01,1.0,0.98,1.02,0.98,1.01,1.06,Ian Anderson,666120,CH,70,2025,0.89,7.1,3.3,3.9,1.8,28.9,13.1,7
1.04,0.98,1.0,1.0,1.06,0.99,0.94,1.01,1.06,1.0,1.01,1.0,1.01,1.01,0.99,1.01,1.01,Nick Anderson,623433,CH,49,2025,0.86,4.9,1.8,3.7,1.4,18.6,7.5,10
1.11,0.97,1.0,1.04,0.87,1.03,1.09,1.76,0.99,0.86,0.98,1.01,0.91,0.91,0.91,1.01,1.07,Shaun Anderson,641312,CH,82,2026,0.97,7.8,4.0,5.2,2.8,30.6,16.5,10
1.06,1.0,0.98,0.92,0.9,0.83,1.12,1.9,1.0,1.04,1.03,0.92,0.92,1.24,0.92,1.0,1.54,Tyler Anderson,542881,CH,1872,2025,1.11,22.3,3.2,15.2,2.7,84.6,6.1,10
0.89,1.02,1.01,1.16,1.44,1.02,0.95,-0.34,1.02,0.79,0.86,0.98,1.09,0.92,0.96,1.02,0.65,Spencer Arrighetti,681293,CH,56,2026,0.51,24.5,1.8,17.9,2.7,95.1,4.9,10
0.89,1.16,1.01,0.86,1.69,0.98,0.93,-0.05,0.99,1.01,1.08,1.07,1.14,1.42,0.98,1.0,0.83,Aaron Ashby,676879,CH,63,2026,0.76,5.8,1.6,4.6,1.7,23.3,6.1,10
1.24,1.12,1.03,1.01,1.02,1.1,1.12,0.32,1.0,0.83,0.94,1.01,1.19,0.95,0.9,1.07,0.43,Javier Assad,665871,CH,37,2026,0.9,14.4,7.4,10.4,5.7,57.0,28.6,10
0.97,1.0,1.0,1.0,1.14,1.04,1.03,1.02,1.06,1.0,1.02,1.0,0.99,1.02,0.91,1.03,0.96,Pedro Avila,658648,CH,311,2024,0.86,5.6,1.9,3.7,1.5,23.3,9.4,10
0.54,0.78,1.03,0.99,0.82,0.71,0.54,1.49,0.85,1.01,0.88,1.03,1.01,1.06,1.02,0.82,0.36,Sam Bachman,696147,CH,63,2026,0.57,5.1,1.7,3.7,1.6,18.2,6.5,10
1.0,1.0,1.0,1.0,1.0,1.0,1.0,1.0,1.0,1.0,1.0,1.0,1.0,1.0,1.0,1.0,1.0,Kyle Backhus,679775,CH,14,2026,0.85,4.1,1.8,2.5,1.2,16.1,10.2,10
0.96,1.01,0.99,0.99,1.06,0.85,0.9,1.08,1.02,1.04,0.98,1.0,0.96,1.28,1.06,0.97,1.76,Bryan Baker,641329,CH,187,2026,0.89,4.3,1.2,2.6,0.5,16.4,7.4,10
0.87,1.19,1.0,1.01,0.96,0.81,0.94,1.27,0.95,0.73,0.95,1.02,1.02,0.97,0.97,0.96,0.77,Anthony Banda,607455,CH,30,2026,0.75,3.7,1.1,2.6,1.1,14.9,4.5,10
1.08,0.95,1.0,0.91,1.31,1.01,1.14,0.98,0.99,1.0,0.92,0.98,1.04,0.72,0.82,1.01,0.94,Tanner Banks,621383,CH,17,2026,0.86,5.4,2.2,3.2,1.8,20.2,9.4,10
1.18,0.99,1.0,1.0,0.97,1.02,1.16,1.09,1.01,0.98,0.99,1.0,0.99,0.97,0.97,1.0,0.95,Mason Barnett,686930,CH,43,2025,0.91,18.8,5.0,12.0,3.2,78.8,22.2,6
1.26,0.75,1.06,0.98,1.04,1.28,1.09,1.1,1.0,0.97,0.75,0.99,0.76,0.82,1.1,1.05,0.14,Chris Bassitt,605135,CH,42,2026,0.89,22.2,3.4,14.4,4.4,82.1,14.0,10
1.0,0.96,1.0,1.0,0.94,0.94,1.0,1.15,1.0,1.0,1.01,1.01,1.02,0.93,0.9,1.0,1.25,Brady Basso,669620,CH,66,2026,0.89,4.8,2.3,2.5,1.2,16.6,12.4,10
1.07,0.75,0.98,1.02,0.86,0.89,1.06,1.42,1.01,1.05,0.93,1.04,0.75,0.57,1.0,1.0,1.89,Shane Baz,669358,CH,80,2026,0.86,25.6,3.0,17.6,2.3,98.8,3.4,10
0.97,0.92,1.02,0.98,1.26,0.9,0.87,0.65,0.96,1.14,0.88,1.02,1.25,1.16,1.12,0.99,1.9,Jalen Beeks,656222,CH,141,2026,0.94,3.9,1.2,2.5,0.8,13.8,5.2,10
0.89,1.05,1.01,0.98,0.87,1.02,1.12,1.11,0.95,0.96,1.08,1.03,0.95,1.04,1.14,1.01,1.19,Brayan Bello,678394,CH,146,2026,0.86,23.0,3.0,15.3,4.4,84.4,12.5,10
0.96,0.95,0.99,0.96,1.14,0.85,1.06,0.6,1.03,1.07,0.93,0.96,1.15,0.94,1.1,1.0,1.01,Valente Bellozo,678368,CH,31,2026,0.81,10.9,7.6,6.8,5.9,40.8,28.5,10
0.54,0.95,1.0,1.06,1.63,1.39,0.54,0.67,0.54,1.03,1.13,0.99,0.85,1.03,0.94,1.02,0.94,Jake Bennett,687562,CH,42,2026,0.77,21.0,1.4,15.5,0.7,85.0,1.4,2
0.94,0.99,1.0,1.0,1.09,1.0,0.94,1.09,1.05,0.99,0.99,1.0,0.97,1.02,1.0,1.02,1.04,Ryan Bergert,686701,CH,98,2025,0.85,21.0,2.5,15.4,2.8,85.8,7.0,10
1.1,0.95,1.01,1.01,0.82,1.02,1.39,1.12,1.01,0.93,1.1,0.99,0.92,1.02,1.01,1.0,0.98,Jose Berrios,621244,CH,899,2025,0.88,19.8,4.6,13.9,4.8,76.2,14.8,10
1.25,0.64,0.98,1.03,0.76,0.81,1.25,3.37,1.01,1.05,0.95,0.95,0.81,1.17,0.83,1.0,2.95,Tanner Bibee,676440,CH,221,2026,1.44,23.2,3.7,16.1,4.7,90.1,12.2,10
1.0,1.0,1.0,1.0,1.0,1.0,1.0,1.0,1.0,1.0,1.0,1.0,1.0,1.0,1.0,1.0,1.0,Brandan Bidois,684049,CH,6,2026,0.85,5.0,1.8,3.4,1.5,20.5,5.4,8
0.94,1.01,1.0,1.0,1.16,1.03,1.1,0.96,0.96,0.99,0.99,1.0,1.05,1.01,0.99,1.0,0.93,Shane Bieber,669456,CH,83,2025,0.84,22.7,1.8,17.2,1.2,90.1,5.6,9
0.97,1.0,1.0,0.99,0.99,1.02,0.99,0.99,1.0,1.01,1.0,1.0,0.99,0.98,1.0,1.01,0.99,Brandon Bielak,656232,CH,140,2024,0.85,9.2,3.5,5.3,3.5,32.5,10.1,10
0.98,0.97,1.01,1.03,2.47,1.17,0.86,0.62,1.0,0.86,0.92,1.03,1.11,1.12,0.86,1.01,0.47,Hayden Birdsong,806185,CH,457,2025,0.73,19.7,5.2,13.0,4.9,80.7,21.2,10
1.04,0.98,1.01,0.99,0.84,1.06,0.96,0.6,0.98,0.95,1.0,1.02,1.04,0.79,0.83,0.99,0.83,Spencer Bivens,702352,CH,301,2025,0.75,5.9,4.4,3.9,3.3,22.7,15.4,10
1.08,1.03,1.0,0.98,1.03,1.02,0.94,0.89,1.02,1.01,1.01,0.99,1.0,0.96,1.0,1.01,0.86,Ty Blach,621389,CH,278,2024,0.86,12.2,5.9,6.9,3.8,43.6,18.5,10
0.9,0.92,1.0,0.97,1.11,0.94,0.88,0.6,1.01,1.01,1.09,1.02,1.11,0.84,0.93,0.97,1.25,Paul Blackburn,621112,CH,47,2026,0.72,6.5,2.5,4.4,2.2,26.5,8.6,10
0.96,0.95,0.99,1.06,0.97,0.85,0.94,1.08,1.0,0.93,1.03,0.99,0.95,1.09,0.97,1.0,1.11,Ronel Blanco,669854,CH,707,2025,0.85,21.5,4.4,16.0,5.0,87.8,10.7,10
0.72,1.02,1.05,0.98,0.71,1.08,0.81,1.72,0.97,1.31,0.93,1.0,0.83,0.98,1.12,0.93,0.85,AJ Blubaugh,805123,CH,153,2026,0.78,7.5,3.7,5.4,2.9,29.7,14.3,10
0.54,0.84,1.01,0.97,0.9,1.14,0.54,1.11,1.62,1.06,0.87,1.02,0.91,0.94,1.0,1.08,0.69,Cody Bolton,675989,CH,42,2026,0.55,11.2,3.3,6.4,3.1,46.7,13.1,10
0.89,0.66,1.03,1.04,0.9,0.93,0.92,1.17,1.02,0.86,1.03,1.05,1.0,0.98,0.83,0.99,1.19,Jonathan Bowlan,680742,CH,45,2026,0.81,4.3,1.2,2.9,1.4,17.5,6.5,10
1.12,1.14,0.97,0.98,0.71,0.88,1.0,1.86,1.05,1.01,1.08,0.93,0.8,1.15,1.22,1.02,0.81,Matthew Boyd,571510,CH,123,2026,1.03,21.1,2.8,14.8,3.4,85.6,9.3,10
1.01,1.01,1.0,1.01,1.0,0.97,1.04,1.02,1.01,1.0,1.0,0.99,1.0,1.01,1.0,1.01,1.13,Cody Bradford,674003,CH,320,2024,0.87,22.6,3.4,16.4,4.2,86.0,15.4,10
0.94,1.06,1.02,1.0,1.2,0.94,0.92,1.31,1.03,1.01,0.95,1.06,0.82,0.97,0.73,1.01,-0.3,Matt Brash,666374,CH,29,2026,0.78,3.4,1.6,2.3,0.9,14.0,7.1,10
0.64,1.06,0.96,0.9,1.09,0.93,0.94,1.23,0.94,1.14,1.05,1.06,1.07,1.06,1.19,0.9,0.6,Huascar Brazoban,623211,CH,188,2026,0.68,4.9,1.7,3.5,1.1,18.9,7.5,10
0.97,1.05,0.99,0.91,1.02,0.93,1.06,0.85,0.99,1.08,1.04,1.04,1.03,0.97,0.98,0.98,1.1,Beau Brieske,689225,CH,405,2025,0.83,4.5,1.8,2.7,1.9,18.4,8.0,10
0.99,0.94,1.0,1.0,0.99,0.99,1.01,1.08,0.99,1.0,1.01,1.0,1.0,0.99,1.01,1.0,1.06,Jhony Brito,666745,CH,215,2024,0.87,7.9,3.6,5.1,2.8,27.6,12.5,10
1.2,1.01,1.02,1.06,0.9,1.23,1.09,1.77,0.97,1.11,1.02,0.98,0.83,0.8,1.09,1.01,1.67,Connor Brogdon,641401,CH,103,2026,1.01,4.4,2.0,2.8,1.5,17.6,9.3,10
1.06,1.0,1.0,1.0,0.98,1.01,1.05,1.02,1.02,1.0,1.0,1.0,1.0,1.0,1.0,1.01,0.98,Aaron Brooks,605156,CH,54,2024,0.88,20.5,8.8,13.5,6.2,69.7,27.1,6
1.18,1.08,1.02,1.02,1.48,1.1,1.04,1.83,0.98,0.72,0.88,1.05,1.12,1.19,0.74,1.0,0.91,Ben Brown,676962,CH,50,2026,1.04,13.4,8.1,10.3,6.3,49.7,26.6,10
0.96,0.91,0.99,1.05,0.77,0.82,1.04,1.56,0.96,0.92,0.89,1.03,0.95,0.92,1.0,0.99,1.28,Hunter Brown,686613,CH,730,2026,0.91,24.0,1.9,18.2,2.1,95.8,9.5,10
1.08,1.02,1.01,1.01,0.97,0.98,0.94,1.09,0.98,1.01,0.99,1.0,1.0,0.97,1.01,0.98,1.02,McCade Brown,685326,CH,28,2025,0.86,18.0,3.3,11.6,3.1,71.1,13.9,7
0.84,1.24,0.98,0.9,1.02,0.92,0.88,1.98,0.98,1.13,1.02,1.03,1.13,0.81,1.13,0.98,1.13,JT Brubaker,664141,CH,57,2026,0.97,6.3,2.9,4.4,2.7,24.9,11.0,10
1.43,1.26,0.97,1.03,1.09,0.84,0.54,1.84,1.35,0.91,0.93,0.97,1.09,1.13,0.92,0.92,0.43,Justin Bruihl,677865,CH,47,2026,0.86,4.1,1.6,2.4,2.0,14.9,6.5,10
1.0,1.01,1.01,1.01,0.92,1.02,0.99,1.84,1.0,1.08,1.0,1.03,0.85,1.14,1.14,1.0,1.31,Zach Brzykcy,694350,CH,124,2025,1.0,4.5,1.6,2.3,0.9,19.5,7.9,10
0.8,1.01,1.0,1.04,2.07,1.0,0.72,0.68,0.94,0.86,1.1,1.0,1.32,1.08,0.68,0.92,0.04,Kris Bubic,663460,CH,160,2026,0.61,22.2,3.1,15.9,4.2,87.2,10.6,10
0.99,0.76,1.05,1.02,1.3,1.1,1.08,1.12,1.06,0.82,0.88,1.04,0.99,0.58,0.91,1.05,1.22,Walker Buehler,621111,CH,79,2026,0.8,20.1,2.6,14.5,3.1,80.4,14.0,10
1.32,0.96,1.02,1.05,1.72,1.12,1.19,1.69,0.97,1.19,1.09,1.01,0.77,0.98,1.11,1.03,1.57,Brock Burke,656271,CH,81,2026,1.09,4.0,1.9,2.9,1.7,14.0,6.5,10
0.94,0.87,1.0,0.99,1.28,1.07,0.92,0.78,0.99,0.85,1.07,1.01,1.15,1.07,1.08,0.95,1.21,Mike Burrows,681347,CH,274,2026,0.74,24.8,3.2,17.2,2.2,91.8,6.0,10
0.97,0.99,1.0,1.0,0.97,1.01,0.97,1.08,0.97,1.0,0.99,1.0,0.98,1.0,1.0,1.0,1.04,Ky Bush,681066,CH,32,2024,0.86,21.5,3.7,12.5,3.9,81.8,15.4,4
1.01,1.22,1.0,0.98,1.19,1.19,1.1,0.83,1.0,1.03,0.99,1.02,0.98,1.15,0.72,1.02,0.9,Jose Butto,676130,CH,434,2025,0.86,4.8,1.8,2.3,0.9,18.5,6.2,10
1.19,1.12,1.03,1.0,1.59,1.18,0.74,-0.07,1.04,0.97,1.11,1.08,1.13,1.03,1.22,1.02,0.75,Edward Cabrera,665795,CH,277,2026,0.73,22.6,3.9,16.4,3.3,87.1,10.9,10
0.92,0.76,0.99,0.95,0.83,0.97,1.2,1.72,1.02,0.91,0.95,0.95,0.76,1.03,0.96,1.0,1.89,Noah Cameron,702070,CH,177,2026,0.93,23.0,2.8,16.0,2.7,86.4,10.2,10
0.8,0.95,1.04,0.89,4.17,1.11,0.85,-0.06,0.97,0.85,1.1,1.05,1.28,0.93,1.18,0.97,0.07,Griffin Canning,656288,CH,126,2026,0.45,19.7,4.8,13.6,4.2,77.0,18.1,10
1.05,1.03,1.0,0.99,0.93,0.97,0.94,1.03,1.07,1.01,1.05,1.0,0.98,0.83,1.06,1.01,0.7,Jonathan Cannon,686563,CH,760,2025,0.81,17.3,8.8,11.1,6.8,64.5,29.5,10
0.78,0.88,0.95,1.12,0.91,0.88,0.97,0.62,0.96,0.82,1.0,0.94,0.91,1.38,0.67,0.97,2.79,Joey Cantillo,676282,CH,292,2026,0.77,20.6,3.0,14.6,3.5,83.1,10.6,10
1.01,1.11,1.02,1.04,1.1,1.15,1.15,0.72,1.0,0.79,1.02,1.0,1.06,0.97,0.59,1.02,0.7,Carlos Carrasco,471911,CH,557,2025,0.78,15.1,8.9,9.4,5.9,52.9,32.5,10
0.54,0.88,1.02,0.94,1.46,0.94,0.54,-0.25,0.54,0.94,1.02,1.02,1.27,0.83,1.0,0.77,0.48,Blas Castano,680604,CH,19,2026,0.31,10.5,4.8,6.2,2.9,39.3,14.7,6
0.97,0.99,1.0,1.0,1.01,1.02,0.97,1.01,1.04,0.99,1.02,1.0,1.0,0.97,1.0,1.0,0.99,Humberto Castellanos,528748,CH,23,2024,0.81,6.9,5.6,4.3,3.0,26.6,19.0,7
1.08,1.1,1.03,0.86,0.89,1.23,1.06,0.77,1.03,1.08,0.99,1.02,0.95,0.8,1.23,1.04,0.1,Luis Castillo,622491,CH,121,2026,0.83,20.7,4.9,13.5,3.5,86.1,17.4,10
0.94,1.03,1.0,1.0,1.04,0.99,0.94,0.86,0.99,0.99,1.01,1.0,1.01,1.0,1.01,0.98,0.91,Luis F. Castillo,622379,CH,22,2025,0.77,20.0,4.2,10.0,2.8,83.5,23.3,2
0.97,1.01,1.0,1.0,1.02,0.99,0.97,0.97,0.99,1.0,1.01,1.0,0.99,0.99,1.01,1.01,0.97,Miguel Castro,612434,CH,36,2024,0.85,5.9,2.8,3.2,1.5,21.5,10.1,10
0.84,0.89,1.0,0.99,2.78,0.9,0.88,0.2,1.0,1.07,0.96,1.04,1.24,0.81,1.22,0.97,0.9,Cade Cavalli,676917,CH,90,2026,0.58,22.6,4.6,15.1,4.7,84.9,14.6,10
0.98,0.96,1.0,1.03,2.27,0.98,1.03,0.74,1.03,0.95,0.93,0.97,1.03,0.9,0.99,1.01,1.0,Slade Cecconi,677944,CH,13,2026,0.73,22.8,3.1,15.1,3.0,84.4,9.3,10
0.91,0.79,1.02,1.03,0.97,0.84,0.85,1.13,0.99,1.15,0.97,1.07,1.02,0.85,1.2,0.95,1.53,Bubba Chandler,696149,CH,179,2026,0.8,21.6,2.5,14.1,2.8,85.7,8.0,10
0.99,1.0,1.0,1.0,1.02,0.99,0.99,0.96,1.02,1.0,0.99,1.0,1.01,0.97,1.01,1.0,0.97,Jesse Chavez,445926,CH,169,2025,0.83,7.8,3.9,5.0,2.5,30.0,16.3,10
1.06,0.97,1.0,0.98,1.18,1.04,1.14,0.63,0.97,1.01,1.07,1.02,1.12,1.35,0.85,1.0,1.14,Angel Chivilli,683409,CH,608,2026,0.93,5.8,2.0,3.4,1.8,23.2,7.6,10
1.09,0.89,1.0,0.95,0.97,0.98,1.02,-0.52,1.0,0.94,0.94,1.05,1.21,0.69,1.04,1.01,0.29,Taylor Clarke,664199,CH,75,2026,0.61,2.7,1.1,2.2,0.9,10.3,4.1,10
0.99,1.01,1.0,1.0,0.97,0.98,0.94,1.11,0.99,0.99,1.01,1.0,0.97,0.99,1.01,1.01,1.04,Mike Clevinger,605182,CH,64,2024,0.88,7.4,7.6,4.7,5.5,29.0,32.2,10
1.0,1.02,1.01,0.99,1.18,1.07,1.01,1.08,1.0,0.99,0.95,1.03,1.01,0.98,0.88,1.0,1.16,Gerrit Cole,543037,CH,83,2026,0.86,23.3,2.1,18.2,3.6,88.0,11.9,10
1.18,1.05,1.01,0.99,0.88,0.98,1.23,1.41,0.98,1.09,0.94,1.03,0.91,0.81,1.04,1.0,1.54,Roansy Contreras,672710,CH,135,2025,0.97,8.9,4.0,6.5,4.4,33.0,16.5,10
1.22,1.12,0.98,1.04,1.08,0.79,1.06,1.38,1.04,0.68,0.88,0.91,0.98,1.07,0.8,1.01,1.8,Patrick Corbin,571578,CH,143,2026,0.97,21.2,1.6,14.7,2.3,78.0,8.3,10
1.02,1.19,0.99,0.92,1.32,0.98,0.97,1.09,1.0,0.86,0.99,0.96,1.12,1.1,0.92,1.01,1.09,Nestor Cortes,641482,CH,357,2025,0.91,20.1,3.5,13.7,4.5,78.6,12.9,10
0.92,1.08,1.01,1.06,0.98,0.91,1.13,0.83,1.02,0.91,1.14,0.96,0.94,1.01,0.79,1.02,0.73,Nabil Crismatt,622503,CH,268,2025,0.77,16.5,7.9,10.7,5.7,57.5,28.5,10
0.88,1.26,1.03,1.02,1.67,1.1,0.91,-1.14,0.91,0.87,1.13,1.0,1.27,0.7,0.98,0.98,-1.26,Cooper Criswell,681867,CH,105,2026,0.3,4.4,1.8,2.7,1.6,17.0,5.4,10
0.97,1.0,1.0,0.99,1.01,0.97,0.97,1.13,0.99,0.99,0.99,1.0,0.99,1.0,1.0,0.99,0.98,Hans Crouse,668968,CH,48,2024,0.85,4.6,1.5,2.9,1.6,19.1,5.3,10
1.07,0.99,1.0,1.0,0.99,1.01,1.15,1.06,0.97,0.99,1.0,1.0,1.0,0.99,0.99,1.02,1.0,Johnny Cueto,456501,CH,48,2024,0.93,24.5,3.5,18.0,2.8,83.5,0.7,2
1.04,1.0,1.0,1.0,0.98,1.02,1.29,0.93,0.97,0.99,0.99,1.0,1.0,1.05,1.0,1.02,1.02,Caden Dana,702674,CH,108,2025,0.91,19.3,5.0,12.6,5.5,76.6,19.4,10
0.54,1.01,1.0,0.98,0.77,1.18,0.54,1.76,0.71,1.08,0.97,1.01,0.79,1.02,1.09,0.86,1.28,Enmanuel De Jesus,646241,CH,86,2026,0.69,5.3,1.6,3.6,1.6,21.3,6.4,10
0.82,0.87,0.98,1.01,0.82,0.88,0.9,1.52,0.97,1.04,1.08,1.0,0.91,1.19,1.16,0.96,1.47,Enyel De Los Santos,660853,CH,91,2026,0.88,3.8,0.8,3.0,1.4,14.0,5.3,10
0.91,1.0,1.0,1.0,1.62,1.01,0.91,0.92,1.05,0.99,1.0,1.0,1.03,1.02,1.0,1.01,0.92,Yerry De los Santos,660787,CH,162,2025,0.78,6.9,3.6,4.5,3.2,28.6,15.1,10
1.14,0.81,1.01,0.99,0.89,1.0,1.13,2.26,0.99,0.92,1.02,0.97,0.9,1.06,0.87,1.04,2.23,Reid Detmers,672282,CH,139,2026,1.22,24.1,2.5,17.3,4.2,94.7,4.1,10
0.99,0.96,1.0,0.97,2.0,0.98,1.03,1.25,1.0,0.97,0.92,0.97,0.95,1.0,1.18,1.0,0.9,Chris Devenski,606965,CH,355,2025,0.83,4.9,2.0,3.2,2.7,18.9,9.6,10
0.97,1.0,1.0,1.0,1.03,1.0,0.97,1.0,0.97,1.0,0.99,1.0,1.02,0.98,1.0,0.99,0.98,Jhonathan Diaz,646242,CH,26,2024,0.83,8.7,9.0,5.3,6.1,32.0,28.5,6
1.01,1.01,1.0,1.0,0.98,1.0,1.05,1.06,1.02,1.0,1.0,1.0,0.99,1.0,1.0,1.01,1.0,Jake Diekman,518617,CH,61,2024,0.87,3.9,1.0,1.5,1.2,17.2,6.2,10
1.0,1.0,1.0,1.0,1.0,1.0,1.0,1.0,1.0,1.0,1.0,1.0,1.0,1.0,1.0,1.0,1.0,Will Dion,702021,CH,20,2026,0.85,9.7,2.1,5.3,3.1,31.7,4.2,3
1.03,1.0,1.0,1.0,0.99,1.0,1.08,1.0,0.99,0.99,1.0,1.0,1.0,0.99,0.99,1.01,0.93,Randy Dobnak,677976,CH,82,2025,0.87,10.5,5.5,7.3,5.0,43.5,20.5,6
1.24,0.97,1.01,1.01,1.73,1.09,1.04,0.94,1.04,1.05,0.92,1.06,0.71,0.95,0.97,1.04,0.71,Chase Dollander,801403,CH,78,2026,0.85,18.9,7.6,13.2,6.3,74.2,31.7,10
1.0,1.0,1.0,1.0,1.0,1.0,1.0,1.0,1.0,1.0,1.0,1.0,1.0,1.0,1.0,1.0,1.0,Wilber Dotel,696062,CH,26,2026,0.85,8.3,3.1,6.3,4.2,32.8,11.5,6
1.0,1.0,1.0,1.0,1.0,1.0,1.0,1.0,1.0,1.0,1.0,1.0,1.0,1.0,1.0,1.0,1.0,Shane Drohan,675660,CH,25,2026,0.85,9.8,5.7,7.3,4.1,36.6,19.1,10
1.03,0.97,1.0,1.06,0.94,1.0,1.05,1.27,1.02,1.02,0.99,1.0,0.99,1.02,1.14,1.01,1.14,Dane Dunning,641540,CH,277,2025,0.91,7.0,3.6,4.5,2.9,28.3,14.2,10
1.0,1.0,1.0,1.0,1.0,1.0,1.0,1.0,1.0,1.0,1.0,1.0,1.0,1.0,1.0,1.0,1.0,Jhoan Duran,661395,CH,26,2026,0.85,3.7,0.7,2.7,0.5,16.0,3.7,10
1.05,1.28,1.04,1.03,1.31,1.21,0.86,0.29,1.02,0.71,1.09,0.97,1.16,0.7,0.78,1.02,-0.51,Connelly Early,813349,CH,210,2026,0.59,23.3,3.0,16.6,3.6,88.9,5.9,10
1.1,0.98,1.0,1.0,0.95,1.02,0.94,1.02,1.04,1.0,0.99,1.0,0.96,0.99,1.0,0.99,1.0,Jake Eder,671109,CH,53,2025,0.84,8.5,7.9,5.5,5.3,33.2,29.4,10
1.06,1.03,1.0,0.99,1.04,1.04,0.94,0.94,1.05,1.01,1.02,1.0,1.01,0.95,1.0,1.03,0.84,Scott Effross,664123,CH,19,2025,0.87,4.6,1.6,2.5,1.1,14.9,6.0,10
1.03,0.99,1.01,1.04,0.95,0.93,1.03,1.13,0.94,0.97,1.05,1.0,1.02,0.58,1.07,1.01,0.77,Zach Eflin,621107,CH,353,2026,0.82,20.9,5.6,14.0,5.5,78.2,19.1,10
0.94,1.2,1.0,1.1,0.99,0.97,1.08,0.31,1.02,0.88,0.98,0.99,1.12,1.19,0.9,1.0,0.81,Brandon Eisert,685126,CH,381,2025,0.71,4.6,2.1,2.7,1.5,20.9,8.5,10
0.85,1.35,1.0,0.97,1.08,0.88,0.99,1.12,0.95,0.74,0.91,1.0,1.21,1.01,0.83,0.92,0.82,Bryce Elder,693821,CH,104,2026,0.7,24.4,3.9,17.8,3.4,85.4,13.0,10
1.1,0.99,1.0,1.0,0.99,1.01,1.13,1.0,0.98,1.0,1.0,1.0,1.0,0.99,1.0,1.01,0.99,Kent Emanuel,592288,CH,39,2024,0.91,5.2,2.4,3.5,2.2,19.5,9.8,10
0.96,1.13,1.0,1.0,0.65,1.08,0.86,1.34,1.01,1.17,1.05,1.01,0.73,1.03,1.01,1.0,0.28,Mason Englert,669438,CH,86,2026,0.83,7.2,5.2,4.4,3.9,25.7,17.5,10
1.03,0.98,1.02,0.97,1.1,0.92,0.89,2.21,1.0,0.61,0.94,0.98,0.85,0.79,0.87,0.98,0.87,Dietrich Enns,608650,CH,59,2026,0.88,4.9,1.9,3.0,1.6,18.3,8.2,10
0.99,0.89,1.0,1.01,1.77,1.04,0.95,1.17,1.0,1.05,1.02,1.04,1.08,0.78,1.2,1.03,1.3,Lucas Erceg,668674,CH,57,2026,0.89,4.6,1.3,2.4,1.0,17.0,6.0,10
0.97,0.99,1.0,1.0,1.03,1.0,0.97,0.96,1.0,0.99,0.99,1.0,1.01,0.97,1.0,1.0,0.99,Paolo Espino,502179,CH,37,2024,0.83,14.7,6.5,8.3,4.0,52.7,22.5,3
1.07,0.97,1.0,1.0,0.98,1.02,1.13,1.11,1.02,1.0,0.99,1.0,0.98,0.98,1.0,1.03,1.05,Joey Estes,683155,CH,221,2024,0.93,20.2,4.7,12.9,4.7,74.2,16.5,10
0.98,0.84,1.0,0.99,0.95,1.01,0.88,2.27,0.98,0.95,1.02,1.03,0.87,0.87,0.82,0.99,1.4,Carlos Estevez,608032,CH,247,2025,1.01,4.1,1.2,2.5,0.7,17.5,5.3,10
1.0,1.0,1.0,0.99,0.98,0.99,0.99,1.04,0.99,1.01,0.99,1.0,1.01,0.96,1.02,0.99,0.95,Logan Evans,688138,CH,163,2025,0.84,20.6,3.6,14.3,2.5,81.4,13.7,10
0.99,1.01,1.0,1.0,1.22,1.0,0.98,0.94,1.01,1.0,1.0,1.0,1.01,0.99,1.01,1.0,0.96,Alex Faedo,656412,CH,198,2024,0.82,6.5,2.0,3.9,1.9,29.4,7.5,10
0.98,1.02,1.0,0.99,1.02,1.01,0.97,0.93,1.01,1.0,1.01,1.0,1.01,1.0,1.0,1.01,0.9,Buck Farmer,571656,CH,244,2024,0.84,3.5,0.5,2.2,1.2,15.3,4.2,10
0.95,1.33,0.98,1.02,1.16,1.1,1.05,1.22,1.01,0.95,1.0,0.93,1.12,1.35,1.1,1.0,-0.05,Mitch Farris,815083,CH,114,2026,0.87,10.2,5.2,6.7,3.9,40.2,19.6,10
0.84,1.16,1.02,1.03,1.52,1.07,0.82,1.21,1.02,1.02,0.82,1.03,0.94,0.72,0.74,1.0,0.71,Erick Fedde,607200,CH,118,2026,0.7,21.5,2.2,14.5,3.6,85.5,8.2,10
1.06,1.02,0.99,1.02,1.22,0.99,1.22,1.29,1.04,0.91,1.07,1.0,1.07,1.51,0.38,1.0,1.2,Ryan Feltner,663372,CH,62,2026,1.01,20.0,5.7,14.0,4.9,73.8,18.4,10
1.0,1.0,1.0,1.0,1.0,1.0,1.0,1.0,1.0,1.0,1.0,1.0,1.0,1.0,1.0,1.0,1.0,Tyler Ferguson,621053,CH,21,2026,0.85,4.4,2.1,3.0,1.8,16.9,9.2,10
1.0,1.0,1.0,1.0,1.0,1.0,1.0,1.0,1.0,1.0,1.0,1.0,1.0,1.0,1.0,1.0,1.0,Julian Fernandez,642759,CH,29,2026,0.85,5.4,2.6,3.6,1.4,21.0,10.2,7
0.97,1.23,0.98,0.92,0.57,0.91,0.92,2.26,1.03,1.28,1.03,1.01,0.71,1.23,1.34,1.0,1.06,Jose A. Ferrer,678606,CH,75,2026,1.09,3.3,1.6,2.5,1.0,12.7,6.1,10
1.01,0.99,1.0,1.07,0.74,0.99,1.17,1.32,0.98,0.99,1.01,1.02,0.96,1.23,0.91,1.01,1.18,David Festa,701581,CH,564,2025,0.97,20.9,3.0,14.9,2.5,81.5,7.2,10
1.09,1.06,1.01,0.94,0.91,1.11,1.33,1.25,1.0,0.95,1.03,1.02,0.91,0.87,0.94,1.02,0.82,J.P. Feyereisen,656420,CH,87,2025,0.9,4.9,3.1,3.0,1.6,17.5,6.8,10
0.54,0.76,0.94,1.0,1.09,0.54,0.54,1.91,1.16,1.02,1.01,0.99,1.17,0.83,1.08,0.9,1.0,Brian Fitzpatrick,702153,CH,29,2026,0.66,6.8,2.1,3.8,1.5,23.8,8.2,4
0.95,1.04,1.0,1.0,1.25,1.0,0.91,0.79,0.96,0.99,1.0,1.0,1.04,0.96,0.99,0.99,0.91,Josh Fleming,676596,CH,160,2024,0.78,7.9,5.5,4.7,3.7,30.1,22.0,10
0.94,1.0,1.0,1.0,1.1,1.0,0.94,1.03,1.04,1.0,1.0,1.0,1.02,0.99,1.01,0.99,0.98,Dylan Floro,571670,CH,97,2024,0.8,5.5,3.4,3.5,2.2,20.6,13.0,10
1.43,1.21,0.97,1.02,0.59,0.99,0.54,1.67,1.35,1.01,0.98,1.0,0.82,0.94,0.91,1.0,0.95,Mason Fluharty,689254,CH,31,2026,0.91,3.1,1.3,2.3,1.2,11.5,6.0,10
0.97,1.01,1.0,1.0,1.02,0.99,0.97,1.01,1.0,1.0,1.0,1.0,1.01,0.99,1.0,1.0,0.99,Jason Foley,671345,CH,50,2024,0.84,3.3,1.1,2.3,1.3,12.1,4.4,10
1.16,0.75,1.02,1.0,1.06,0.94,0.98,1.33,1.02,1.13,0.91,1.0,0.89,0.84,1.04,1.08,1.78,J.P. France,641585,CH,128,2026,1.09,16.9,8.5,10.4,5.2,65.9,31.6,10
1.0,1.0,1.0,1.0,1.0,1.0,1.0,1.0,1.0,1.0,1.0,1.0,1.0,1.0,1.0,1.0,1.0,Jose Franco,683742,CH,36,2026,0.85,8.8,3.3,5.1,2.0,33.3,11.7,9
1.0,1.0,1.0,1.0,1.0,1.0,1.0,1.0,1.0,1.0,1.0,1.0,1.0,1.0,1.0,1.0,1.0,Adam Frazier,624428,CH,17,2026,0.85,4.7,3.8,0.7,1.2,15.0,12.5,3
1.25,0.81,1.04,1.02,1.08,1.21,1.08,0.94,1.04,0.9,1.01,1.01,0.97,0.67,0.84,1.11,1.32,Kyle Freeland,607536,CH,121,2026,1.0,22.5,1.7,14.6,2.3,85.0,5.7,10
0.69,1.36,0.96,1.03,1.21,0.8,0.7,0.71,0.99,0.94,1.0,1.0,1.01,0.97,1.08,0.97,0.96,Max Fried,608331,CH,125,2026,0.61,23.9,4.7,18.2,4.6,91.4,12.5,10
0.99,1.22,1.01,1.0,1.21,0.97,0.95,0.63,1.0,0.86,1.07,1.02,1.05,1.13,0.99,0.99,0.8,Carson Fulmer,608334,CH,524,2025,0.75,9.0,5.5,6.4,4.0,34.3,23.3,10
0.82,1.08,0.98,1.11,0.62,0.73,0.86,1.58,0.96,1.26,0.73,0.93,0.88,0.82,1.35,0.92,1.91,Hunter Gaddis,683769,CH,44,2026,0.79,3.9,0.9,2.6,1.1,14.3,4.0,10
0.85,1.03,0.99,1.0,1.33,0.93,0.92,1.01,0.98,0.64,0.93,1.0,1.12,0.9,0.69,0.96,0.97,Matt Gage,657424,CH,56,2026,0.68,3.2,1.4,2.1,1.5,12.4,7.3,10
0.86,1.23,1.02,1.02,1.01,1.0,0.78,1.46,0.92,0.85,0.96,1.0,0.93,0.58,0.92,0.97,0.94,Zac Gallen,668678,CH,138,2026,0.71,22.0,4.7,14.7,2.9,85.1,14.4,10
1.03,1.05,1.0,1.04,0.83,0.96,0.96,1.44,1.0,1.02,0.98,1.01,0.87,0.89,1.06,1.01,1.15,Gerson Garabito,642520,CH,76,2025,0.9,8.4,5.8,4.8,3.3,31.3,19.1,10
0.97,0.99,1.0,1.0,0.99,1.0,0.97,1.07,0.97,1.01,1.0,1.0,1.01,1.0,1.0,0.99,1.04,Deivi Garcia,665620,CH,35,2024,0.85,5.1,2.1,3.3,1.5,21.5,8.4,10
1.02,0.72,0.96,0.94,1.25,0.79,1.08,3.19,1.02,1.35,1.02,1.01,0.88,1.58,1.14,0.99,2.8,Rico Garcia,670329,CH,93,2026,1.45,3.6,1.7,2.4,1.7,13.7,7.7,10
0.79,1.0,0.98,0.97,2.18,0.77,0.88,-0.27,0.97,0.98,0.99,1.03,1.23,0.93,1.07,0.96,-0.38,Robert Garcia,676395,CH,619,2026,0.47,3.9,1.5,2.5,1.3,17.6,4.8,10
1.06,1.0,1.0,1.0,1.01,1.01,1.07,0.95,1.0,0.99,1.01,1.0,1.0,1.0,1.0,1.02,0.97,Braxton Garrett,666129,CH,73,2024,0.89,20.9,5.7,13.7,6.8,79.6,15.2,9
1.16,0.77,1.04,1.08,0.73,1.17,0.93,2.01,1.07,1.17,1.09,1.03,0.43,0.65,1.14,1.03,0.62,Robert Gasser,688107,CH,74,2026,0.88,20.3,4.2,14.1,3.8,74.2,13.9,9
0.97,1.0,1.0,1.0,1.0,0.99,0.97,1.05,1.03,1.01,1.01,1.0,1.0,0.99,1.0,0.99,1.03,Domingo German,593334,CH,83,2024,0.82,14.1,6.8,8.4,5.1,53.0,23.7,7
0.99,0.98,1.0,0.99,1.14,1.01,0.91,0.95,0.97,1.01,1.0,1.0,1.02,0.95,1.01,0.99,0.95,Cade Gibson,806188,CH,131,2025,0.83,5.5,3.5,3.3,2.2,23.4,15.7,10
1.11,0.99,1.01,1.08,1.01,0.98,1.01,0.57,0.99,0.93,0.81,1.05,1.13,0.84,1.05,1.0,1.05,Luis Gil,661563,CH,68,2026,0.79,22.2,2.1,15.9,2.7,86.8,5.7,10
0.98,0.99,0.99,1.07,0.9,0.99,0.54,1.51,1.35,0.92,0.89,1.0,0.95,1.0,1.04,1.05,0.8,Logan Gilbert,669302,CH,91,2026,0.81,23.3,2.2,17.1,2.8,91.9,4.5,10
0.97,0.99,1.0,1.0,0.99,1.02,0.97,1.07,1.03,1.0,1.02,1.0,0.99,0.98,1.0,1.0,1.01,Logan Gillaspie,670810,CH,22,2024,0.83,6.9,4.8,4.6,3.6,21.6,19.2,10
1.0,0.99,1.0,0.99,1.03,1.03,1.05,0.96,0.97,1.01,1.0,1.0,1.02,0.99,1.01,0.99,1.02,Connor Gillispie,687362,CH,72,2025,0.84,17.3,6.2,10.9,4.3,67.6,22.0,9
0.95,1.25,0.98,1.04,2.23,0.98,0.9,0.13,0.99,0.86,1.04,1.03,1.37,1.12,0.91,0.94,0.5,J.T. Ginn,669372,CH,150,2026,0.6,21.3,5.4,15.9,5.7,81.9,17.2,10
1.05,0.67,1.01,1.08,0.42,1.14,1.3,3.05,0.98,0.86,1.02,0.92,0.54,0.81,0.84,0.97,2.79,Lucas Giolito,608337,CH,96,2026,1.07,22.6,3.4,15.6,4.1,91.6,8.9,10
0.94,1.0,1.0,1.01,1.06,1.03,1.13,1.03,0.97,0.98,0.99,1.0,0.99,1.02,1.0,1.0,0.96,Sawyer Gipson-Long,687830,CH,97,2025,0.83,16.6,5.8,11.9,4.5,57.8,18.9,8
1.05,0.73,1.0,1.06,0.97,1.0,0.88,1.61,1.03,0.97,1.06,0.96,0.91,0.86,0.68,1.0,1.42,Austin Gomber,596295,CH,702,2025,0.92,22.8,2.9,14.1,2.2,84.2,6.5,10
0.99,1.0,1.0,1.0,1.09,0.99,1.04,1.0,1.01,1.01,1.01,1.0,0.99,1.0,1.01,1.01,0.99,Marco Gonzales,594835,CH,139,2024,0.85,21.4,3.1,14.7,3.6,77.9,11.3,7
1.03,1.0,1.0,1.0,0.96,1.0,1.11,1.05,0.98,1.01,1.01,1.0,0.99,0.98,1.01,1.0,0.99,Victor Gonzalez,624647,CH,91,2024,0.87,3.9,1.4,2.7,1.2,13.9,4.7,10
0.94,0.99,1.0,1.0,0.94,0.99,0.94,1.08,1.08,1.0,0.99,1.0,0.94,1.03,1.01,1.01,1.01,Wikelman Gonzalez,682790,CH,57,2025,0.82,4.8,1.8,3.0,1.3,20.5,7.6,10
1.03,0.91,1.01,1.07,1.01,1.0,0.98,1.24,1.02,0.91,1.03,0.98,0.9,0.92,0.88,1.0,1.15,Colton Gordon,676467,CH,25,2026,0.83,13.3,5.2,8.5,4.6,52.2,20.6,10
1.13,0.9,1.01,0.99,0.93,1.14,1.38,1.54,1.01,1.18,1.1,0.99,0.93,0.8,0.95,1.04,1.87,Tanner Gordon,685299,CH,131,2026,1.06,17.4,5.8,11.5,3.1,66.0,14.5,10
1.0,0.99,1.0,1.08,0.85,0.88,1.24,1.56,1.0,1.12,0.89,1.0,1.05,1.21,0.99,0.99,2.19,MacKenzie Gore,669022,CH,114,2026,1.05,21.0,5.7,14.8,5.8,88.0,22.0,10
0.95,0.65,1.01,0.99,1.49,1.13,0.92,-0.28,1.02,0.73,0.84,1.03,1.28,0.22,1.02,0.99,0.57,Gordon Graceffo,700669,CH,38,2026,0.43,4.1,1.9,3.3,1.9,12.8,6.0,10
1.03,0.98,1.0,1.0,0.96,1.01,1.04,1.05,1.01,0.99,1.0,1.0,0.96,0.98,1.0,1.0,1.03,Jon Gray,592351,CH,130,2025,0.85,13.3,7.0,9.4,6.1,44.2,23.8,10
1.53,1.06,1.01,1.05,0.77,1.11,1.1,1.45,1.21,1.0,1.1,0.98,0.72,1.02,1.1,1.05,0.95,Peyton Gray,682608,CH,125,2026,1.02,7.1,4.1,4.8,2.8,27.4,13.1,10
0.44,0.88,1.03,0.97,0.99,0.99,0.44,1.09,1.07,1.03,0.84,0.98,0.82,0.98,1.01,0.9,1.36,Foster Griffin,656492,CH,119,2026,0.46,23.6,2.2,16.6,2.4,92.6,6.7,10
0.97,1.01,1.0,1.0,1.0,0.99,0.97,1.03,0.97,1.0,1.0,1.0,0.99,0.99,1.01,0.99,1.0,Luis Guerrero,692285,CH,47,2025,0.84,5.9,2.2,3.7,2.4,24.5,11.2,10
1.0,1.0,1.0,1.0,1.0,1.0,1.0,1.0,1.0,1.0,1.0,1.0,1.0,1.0,1.0,1.0,1.0,Tyron Guerrero,594027,CH,6,2026,0.85,4.0,2.1,2.3,1.6,16.0,10.5,6
1.03,0.98,1.0,1.0,0.98,0.97,1.14,1.05,0.97,1.0,0.99,1.0,1.0,0.97,1.01,0.99,1.07,Ryan Gusto,687473,CH,168,2025,0.87,16.6,9.4,11.4,6.6,65.7,37.3,10
0.91,0.99,1.01,1.0,1.05,1.03,0.91,0.97,1.0,1.0,1.0,1.0,1.01,0.95,1.01,1.0,0.91,Justin Hagenman,663795,CH,88,2025,0.8,11.0,5.3,8.0,3.4,42.4,23.4,9
1.04,0.87,0.97,1.06,0.91,0.91,1.03,1.4,0.96,1.18,0.92,1.0,1.0,1.19,1.09,0.99,1.59,DL Hall,669084,CH,87,2026,1.03,4.8,1.9,3.5,1.4,20.8,8.8,10
1.11,1.05,1.01,0.96,0.64,1.01,1.28,1.78,1.02,0.84,0.93,1.02,0.96,0.75,1.1,1.03,0.04,Emerson Hancock,676106,CH,54,2026,0.94,23.3,2.8,17.7,1.9,90.5,5.9,10
1.18,0.86,1.0,0.95,0.69,0.89,1.21,1.7,1.0,0.93,0.9,1.04,0.71,0.38,1.1,1.04,-0.17,Brenan Hanifee,669724,CH,17,2026,0.87,4.5,2.5,3.3,2.7,14.3,8.2,10
0.96,0.87,0.99,1.04,0.85,0.79,0.82,2.16,0.98,1.1,0.89,0.96,0.83,0.86,1.1,0.97,1.71,Hogan Harris,663687,CH,28,2026,0.98,3.5,1.3,1.9,1.4,15.6,7.2,10
0.83,0.97,1.03,1.01,1.35,1.12,1.06,-1.32,1.03,0.7,1.03,1.01,0.96,0.71,0.82,1.03,-0.68,Kyle Harrison,690986,CH,94,2026,0.23,20.5,2.2,15.2,3.2,87.7,9.7,10
0.98,1.02,1.0,1.0,0.93,0.97,1.04,1.1,0.99,1.02,0.99,1.0,0.96,1.0,1.02,0.99,1.03,Kyle Hart,606996,CH,95,2025,0.85,5.0,3.2,3.5,2.4,19.1,12.0,10
0.91,0.99,1.0,1.0,1.04,0.96,0.91,1.03,0.97,1.01,0.98,1.0,1.0,0.96,1.0,0.97,1.05,Thomas Hatch,641672,CH,102,2025,0.78,13.0,6.7,8.6,4.9,51.1,27.2,10
0.96,1.01,1.02,0.99,1.01,0.97,0.97,1.4,0.98,1.11,1.06,0.97,0.88,0.7,1.17,1.0,1.02,Andrew Heaney,571760,CH,818,2025,0.84,14.6,6.3,8.7,4.0,57.0,21.5,10
1.0,1.0,1.0,1.0,1.0,1.0,1.0,1.0,1.0,1.0,1.0,1.0,1.0,1.0,1.0,1.0,1.0,Jonathan Heasley,669169,CH,12,2026,0.85,9.6,6.8,5.6,3.4,34.2,22.2,5
0.72,0.65,0.99,0.96,0.7,1.08,0.81,3.47,1.02,1.43,1.11,0.97,0.4,1.08,1.39,0.97,1.58,Logan Henderson,701656,CH,110,2026,1.1,19.0,3.8,14.4,3.6,76.3,15.9,10
0.99,1.03,0.97,0.86,0.8,0.83,1.01,2.13,1.01,1.11,1.09,0.93,0.88,0.81,0.77,0.99,1.28,Kyle Hendricks,543294,CH,1809,2025,1.03,22.4,2.2,15.8,3.7,82.2,12.3,10
1.0,0.97,1.01,1.01,2.31,1.04,0.95,0.77,1.0,0.95,0.93,1.06,1.09,0.99,1.13,1.0,0.92,Ronny Henriquez,678692,CH,294,2025,0.76,5.1,1.4,3.4,0.8,19.6,4.7,10
1.02,0.98,1.0,1.0,0.98,1.04,0.94,1.03,1.05,0.99,1.0,1.0,0.98,1.0,1.0,1.02,1.0,Tommy Henry,674072,CH,124,2024,0.86,18.9,5.3,11.9,3.4,73.1,20.9,10
0.95,0.89,0.99,0.88,0.84,0.99,0.88,1.78,1.0,1.08,1.0,0.95,0.91,0.82,1.11,0.98,1.51,Kevin Herget,643361,CH,131,2025,0.95,6.9,3.2,5.0,2.6,26.3,12.8,10
0.97,1.0,1.0,1.0,0.98,1.03,0.97,1.02,0.99,1.0,1.0,1.0,0.99,1.0,1.0,0.98,1.03,Elieser Hernandez,622694,CH,46,2024,0.81,7.1,6.7,4.8,5.4,27.9,24.5,9
0.99,0.98,1.0,0.99,1.34,0.99,0.99,1.24,1.0,1.0,1.01,1.04,0.99,1.07,1.19,1.0,1.02,Jonathan Hernandez,642546,CH,92,2026,0.88,5.4,3.0,3.8,1.8,20.2,8.9,10
1.0,0.99,1.0,1.0,0.97,0.97,1.05,1.12,1.0,1.03,1.0,1.0,0.99,0.98,1.01,1.0,1.03,DJ Herz,687792,CH,387,2024,0.87,20.1,2.5,14.2,2.9,84.4,6.1,10
0.88,0.99,0.98,0.95,2.0,0.92,0.98,1.22,1.02,0.9,1.01,1.0,0.95,1.09,0.97,1.0,0.37,Jaden Hill,677955,CH,72,2026,0.77,3.6,1.3,2.6,1.5,14.4,7.1,10
0.98,0.75,0.98,1.03,1.07,1.06,1.09,1.15,1.0,0.49,0.89,1.03,1.08,0.95,0.61,1.05,0.31,Andrew Hoffmann,694851,CH,64,2026,0.84,6.9,2.2,3.9,2.2,27.5,7.4,10
1.1,1.02,1.0,1.01,1.02,1.03,1.02,0.9,1.02,0.99,0.99,1.0,1.01,1.0,1.01,1.01,0.98,Gunnar Hoglund,680684,CH,126,2025,0.87,23.0,2.4,16.0,1.1,91.0,5.9,6
0.87,1.29,1.04,0.92,1.65,1.18,0.68,-0.09,0.98,0.45,1.1,1.04,1.17,0.97,0.62,0.99,-0.3,Clay Holmes,605280,CH,121,2026,0.47,23.7,2.0,17.8,2.2,90.3,7.8,10
0.54,1.12,0.97,0.97,2.0,0.94,0.54,-0.37,0.54,0.94,0.93,1.02,1.52,0.93,0.99,0.89,0.87,Grant Holmes,656550,CH,54,2026,0.54,22.1,3.9,15.4,2.9,82.9,10.5,10
1.1,1.16,0.98,1.01,0.7,0.9,1.27,1.18,0.99,0.71,1.0,0.98,0.97,1.0,0.86,1.0,0.44,Tyler Holton,663947,CH,65,2026,0.84,4.5,1.0,3.2,1.6,16.9,5.7,10
1.0,1.01,1.0,1.0,1.0,0.95,0.91,1.06,1.0,1.01,1.0,1.0,0.99,1.05,0.99,0.99,1.07,Cade Horton,690990,CH,227,2025,0.86,17.5,6.3,14.1,5.4,64.7,23.2,10
1.01,0.97,0.99,1.04,1.06,1.1,0.87,1.1,1.12,0.86,1.05,1.0,0.98,1.03,0.94,1.01,1.01,Adrian Houser,605288,CH,170,2026,0.79,23.0,2.7,15.3,2.7,83.5,8.9,10
1.03,1.0,1.0,1.0,0.99,1.01,1.09,1.05,0.98,1.0,1.0,1.0,0.99,1.0,1.0,1.0,1.03,Spencer Howard,675921,CH,91,2024,0.88,15.9,3.9,9.2,4.1,59.6,15.1,9
1.05,0.98,1.01,1.0,0.99,1.03,1.07,1.0,0.98,1.0,0.98,1.0,1.0,0.97,0.99,1.01,0.97,Dakota Hudson,641712,CH,152,2024,0.88,22.2,3.8,15.1,4.5,81.2,11.7,10
1.01,0.85,1.0,0.99,1.45,0.92,1.0,0.54,1.01,0.74,1.13,1.03,1.02,1.18,0.98,1.02,0.85,Kyle Hurt,669165,CH,77,2026,0.79,3.7,0.7,2.4,0.7,13.1,3.7,10
0.82,1.07,1.03,0.96,1.26,1.02,0.75,1.55,1.02,1.08,1.25,1.03,0.97,1.35,1.11,1.0,1.0,Raisel Iglesias,628452,CH,83,2026,0.94,4.0,1.3,2.7,0.5,14.9,6.2,10
1.04,0.97,1.01,1.0,0.97,1.03,1.07,1.07,1.01,0.99,1.02,1.0,0.99,0.98,1.0,1.03,1.07,Cole Irvin,608344,CH,236,2024,0.91,10.1,6.1,6.1,4.4,37.3,23.4,10
1.24,0.68,1.04,1.08,0.86,1.13,1.37,1.29,0.95,1.11,0.99,1.01,0.92,0.69,1.09,1.02,1.0,Jake Irvin,663623,CH,42,2026,0.97,20.8,2.9,14.0,2.4,85.5,9.8,10
1.03,1.01,1.0,1.0,1.02,0.99,1.08,1.02,1.02,1.0,0.99,1.0,1.0,0.99,1.0,1.02,1.01,Jay Jackson,543351,CH,59,2024,0.88,5.4,1.9,3.5,1.8,21.0,9.4,10
0.94,0.91,0.99,1.13,1.02,0.96,1.03,1.22,0.98,1.14,1.02,0.88,0.97,0.86,1.36,0.98,0.76,Alek Jacob,689690,CH,260,2025,0.79,6.1,3.2,3.9,2.3,22.6,11.4,10
0.97,0.92,0.99,0.92,0.83,0.94,0.95,1.58,1.0,1.05,0.93,0.97,0.98,0.94,1.21,0.98,1.04,Bryce Jarvis,686826,CH,224,2025,0.93,8.6,6.5,5.3,5.3,35.7,26.1,10
0.94,0.79,0.99,0.96,0.68,0.79,0.89,2.7,0.97,1.32,1.07,0.99,0.8,1.04,1.05,0.95,1.43,Cristian Javier,664299,CH,27,2026,1.12,18.6,5.8,12.1,5.3,70.8,21.2,10
0.74,1.24,0.99,1.0,1.45,1.08,0.87,-0.11,0.99,1.06,1.18,1.06,1.14,1.27,1.12,0.98,0.84,Griffin Jax,643377,CH,89,2026,0.6,9.9,6.2,7.3,4.9,37.1,19.2,10
1.05,1.01,1.0,1.0,1.0,0.98,1.04,1.0,0.98,1.0,1.0,1.0,1.01,0.97,1.0,0.99,1.01,Daulton Jefferies,641726,CH,42,2024,0.86,12.2,3.3,7.0,1.9,46.8,10.5,6
1.01,1.0,1.0,1.0,0.99,0.97,0.97,1.05,0.98,1.01,1.0,1.0,1.0,0.99,1.0,0.99,1.02,Joe Jimenez,641729,CH,46,2024,0.86,4.3,1.3,2.9,0.7,16.6,4.4,10
1.07,0.99,1.0,1.0,0.95,1.01,1.17,1.16,1.04,1.0,0.99,1.0,0.96,1.03,1.01,1.0,1.03,Jackson Jobe,695549,CH,148,2025,0.88,21.6,2.3,14.6,2.2,87.3,6.6,10
1.03,0.99,1.0,1.0,1.02,1.02,0.99,0.94,1.01,1.0,1.01,1.0,1.0,0.98,0.99,1.01,1.01,Jared Jones,683003,CH,125,2024,0.86,22.4,3.1,15.4,3.5,86.7,6.7,10
1.0,1.0,1.0,1.0,1.0,1.0,1.0,1.0,1.0,1.0,1.0,1.0,1.0,1.0,1.0,1.0,1.0,Gage Jump,695611,CH,7,2026,0.85,25.0,,15.0,,88.0,,1
0.88,0.81,1.02,0.93,1.63,1.1,0.97,-0.5,0.96,0.73,1.04,1.0,1.32,0.66,0.93,0.97,0.44,Jakob Junis,596001,CH,76,2026,0.46,4.7,2.5,3.5,2.0,16.7,9.5,10
0.94,0.97,1.01,0.98,1.55,1.15,0.9,0.07,0.98,0.78,0.88,1.02,1.27,1.03,1.05,1.0,0.47,Janson Junk,676083,CH,189,2026,0.67,23.6,3.4,16.7,2.2,87.4,13.0,10
1.03,0.88,1.0,1.03,1.14,1.02,1.05,0.99,0.94,0.88,0.96,1.01,1.12,1.02,0.86,1.0,0.78,Tommy Kahnle,592454,CH,1428,2025,0.88,4.2,1.2,3.1,1.3,15.3,5.1,10
0.71,1.37,1.01,0.97,1.72,0.98,0.92,0.17,0.68,0.95,0.94,1.0,1.15,0.86,0.94,0.93,0.4,Anthony Kay,641743,CH,154,2026,0.57,21.8,3.4,14.6,3.3,88.9,7.9,10
1.4,0.83,1.04,1.03,1.53,1.02,1.18,0.81,1.06,0.84,0.94,1.04,1.1,0.86,0.86,1.12,0.5,Mitch Keller,656605,CH,107,2026,1.05,23.3,1.6,16.9,3.2,87.4,9.9,10
0.9,1.2,1.02,1.05,1.78,1.2,0.44,-0.05,0.85,1.01,1.1,1.0,1.01,0.89,0.93,0.95,-0.54,Kevin Kelly,687330,CH,81,2026,0.48,3.4,1.6,2.8,1.5,13.5,7.1,10
1.66,1.42,1.02,0.94,1.04,1.2,0.89,-0.22,1.05,1.2,1.1,1.03,0.84,0.97,1.06,1.1,0.1,Merrill Kelly,518876,CH,222,2026,0.95,25.2,2.9,17.3,4.3,92.5,9.2,10
0.97,1.01,1.0,1.0,1.03,1.0,0.97,0.95,0.97,1.0,0.99,1.0,1.02,1.0,1.0,0.99,1.0,Dallas Keuchel,572971,CH,85,2024,0.83,19.8,2.5,13.0,2.6,77.0,12.5,4
0.92,1.2,1.0,0.91,1.38,1.08,0.91,0.09,0.99,0.83,1.02,0.97,1.03,1.01,0.99,1.0,-0.38,John King,667463,CH,65,2026,0.58,3.8,1.9,2.5,1.0,13.4,6.6,10
1.07,0.94,0.99,0.94,1.11,0.87,0.74,1.51,0.98,1.06,1.12,1.01,1.04,0.99,1.19,0.95,0.8,Michael King,650633,CH,297,2026,0.91,23.1,2.1,17.3,2.8,92.5,10.0,10
1.13,0.91,1.01,1.04,0.78,1.07,1.01,2.53,0.95,0.89,0.92,1.03,0.75,0.8,1.03,1.01,1.09,George Kirby,669923,CH,77,2026,1.06,25.4,2.2,19.0,3.2,92.7,6.1,10
2.59,0.67,1.04,1.01,0.9,1.39,2.37,0.85,0.85,0.92,0.97,1.01,1.17,0.71,1.02,1.26,0.96,George Klassen,691946,CH,36,2026,1.83,16.0,0.0,7.0,0.0,72.5,0.7,2
1.04,0.88,1.01,0.93,0.93,1.09,1.02,1.18,1.0,0.95,0.96,0.99,0.88,0.98,0.94,1.0,1.53,Landon Knack,689017,CH,369,2025,0.89,18.5,5.3,12.7,4.0,77.2,23.5,10
0.96,0.74,1.0,0.99,1.43,1.05,1.16,-0.08,1.0,1.2,1.08,1.05,1.12,0.98,0.73,1.04,0.2,Jack Kochanowicz,686799,CH,249,2026,0.75,24.2,3.7,16.6,4.2,88.6,13.1,10
0.98,0.98,1.0,1.0,0.96,1.02,1.17,1.07,0.93,1.0,0.99,1.0,1.0,1.0,1.01,0.99,1.0,Jared Koenig,657649,CH,135,2025,0.87,3.9,0.7,2.7,1.5,15.3,4.1,10
1.0,1.01,0.99,0.98,2.75,0.96,0.88,0.15,0.98,0.86,0.94,1.02,1.26,0.74,0.87,0.99,0.52,Stephen Kolek,663568,CH,68,2026,0.61,24.7,2.6,19.3,3.9,91.2,10.4,10
0.94,0.99,1.0,1.0,1.0,1.0,0.94,0.99,0.98,1.0,1.0,1.0,1.01,0.99,1.0,0.99,0.94,Chad Kuhl,641771,CH,123,2024,0.82,5.3,2.1,3.0,1.6,22.0,6.6,10
1.56,0.84,1.01,1.0,1.27,0.88,0.54,0.72,1.16,0.91,1.0,1.02,1.17,0.83,0.91,0.91,0.96,Joel Kuhnel,669270,CH,30,2026,0.79,4.6,2.2,2.9,1.7,17.1,7.9,10
1.01,0.99,1.0,1.0,1.02,1.01,1.04,1.03,0.99,1.0,1.0,1.0,1.01,0.97,1.0,1.0,1.03,Joe La Sorsa,686747,CH,72,2025,0.86,5.0,3.1,3.3,1.9,15.8,7.3,10
0.72,1.09,0.99,0.96,1.61,0.96,0.85,0.6,1.0,0.91,1.02,1.03,1.22,1.29,0.92,0.96,1.84,Peter Lambert,663567,CH,174,2026,0.74,21.4,5.6,14.6,5.5,85.1,22.3,10
1.74,1.11,0.97,0.99,0.97,1.04,1.6,0.56,0.9,0.98,0.98,1.02,1.18,1.02,1.07,0.98,0.59,Alex Lange,656638,CH,90,2026,1.07,4.0,1.3,2.5,1.2,15.5,4.8,10
0.94,1.02,0.97,1.01,0.91,0.95,0.99,2.54,1.03,1.14,1.03,0.99,1.0,1.29,1.06,1.01,2.27,Jacob Latz,656641,CH,61,2026,1.23,4.6,1.6,3.6,1.8,18.9,7.8,10
1.1,1.04,1.03,0.91,1.21,1.21,0.93,1.89,1.01,0.62,0.9,0.97,0.7,0.37,0.77,1.02,1.07,Eric Lauer,641778,CH,118,2026,0.79,18.8,6.7,13.0,4.9,70.4,25.9,10
0.97,1.0,1.0,1.0,1.01,0.98,0.97,1.0,1.01,1.0,1.0,1.0,1.0,0.99,1.0,0.99,1.02,Derek Law,571882,CH,70,2024,0.82,4.5,2.0,3.4,1.6,17.7,6.6,10
0.94,0.98,1.0,1.0,1.04,0.98,0.94,1.11,0.97,1.0,0.99,1.0,1.01,0.96,1.01,0.97,1.01,Cody Laweryson,689520,CH,25,2025,0.81,4.9,2.6,3.7,1.6,18.2,10.9,10
0.94,1.03,1.0,1.0,1.16,0.99,0.94,0.93,1.02,1.0,0.99,1.0,1.01,0.97,1.02,1.02,0.95,Casey Lawrence,596271,CH,60,2025,0.83,13.3,8.9,8.7,5.2,46.0,30.1,6
1.1,1.03,1.01,1.11,1.58,1.01,1.0,0.76,1.02,0.8,0.99,1.03,0.96,1.18,0.82,1.03,0.52,Kyle Leahy,681517,CH,115,2026,0.8,22.5,2.5,15.1,1.8,86.5,8.2,10
1.0,1.02,1.0,1.0,1.0,0.98,0.97,0.97,1.01,1.0,1.0,1.0,1.0,1.02,1.0,1.0,1.05,Jose Leclerc,600917,CH,123,2024,0.85,4.6,2.0,2.8,1.3,22.9,9.8,10
0.94,0.97,1.0,1.0,1.0,0.97,0.94,1.13,1.0,0.99,1.0,1.0,1.03,0.96,0.99,0.97,0.87,Chase Lee,695445,CH,36,2025,0.8,4.8,1.9,2.6,1.9,19.1,6.4,10
0.88,1.09,0.98,1.06,1.36,0.98,0.98,0.29,0.96,0.85,0.99,1.02,1.15,0.6,1.05,0.99,0.32,Casey Legumina,668984,CH,36,2026,0.56,5.3,1.8,3.4,1.7,18.8,8.3,10
0.97,0.99,1.0,1.0,1.0,1.0,0.97,0.97,0.98,0.99,1.0,1.0,1.01,1.01,0.98,0.98,1.03,Brandon Leibrandt,605335,CH,38,2024,0.81,16.0,9.9,9.5,3.5,58.5,30.4,2
1.5,0.8,1.02,1.02,0.94,1.06,1.05,0.99,1.01,0.87,0.98,1.05,1.01,1.01,0.9,1.07,0.86,Jack Leiter,683004,CH,203,2026,1.11,24.3,2.6,16.7,3.2,94.8,7.2,10
1.2,0.64,1.03,0.97,0.81,0.99,0.86,1.95,1.02,1.0,0.94,1.04,0.83,0.75,1.06,1.02,1.98,Matthew Liberatore,669461,CH,154,2026,1.08,22.4,1.8,15.1,2.3,87.0,12.2,10
0.94,0.86,1.02,1.07,0.96,1.09,0.92,1.34,1.0,0.95,0.97,0.98,0.91,0.68,1.03,1.01,1.26,Ben Lively,594902,CH,274,2025,0.8,20.1,3.6,14.4,2.5,81.0,17.6,10
1.06,1.21,1.02,0.99,0.97,1.03,0.93,0.82,0.99,1.01,1.11,1.05,1.03,1.0,1.19,1.04,1.03,Jonathan Loaisiga,642528,CH,93,2026,0.91,2.8,1.1,2.0,1.1,11.1,6.0,10
1.12,1.27,1.0,0.97,1.52,1.0,0.99,1.57,1.0,1.07,1.06,1.02,1.0,0.69,1.21,1.0,0.22,Nick Lodolo,666157,CH,116,2026,0.87,21.5,5.8,15.3,4.5,82.8,21.4,10
0.98,0.95,0.99,1.06,0.77,0.94,1.19,1.15,1.05,1.19,0.96,0.97,0.76,0.74,1.27,1.04,0.81,Jacob Lopez,682052,CH,102,2026,0.82,19.7,5.9,13.3,4.4,79.2,22.4,10
0.95,1.04,1.01,0.99,0.93,1.0,0.85,1.15,0.98,0.97,1.07,1.02,0.94,0.98,1.08,1.0,0.94,Jorge Lopez,605347,CH,132,2025,0.84,3.6,1.4,2.4,1.2,14.2,7.8,10
1.0,1.0,0.99,1.1,1.25,0.94,0.91,1.04,1.01,1.0,1.02,1.02,1.04,0.86,1.06,1.01,0.88,Pablo Lopez,641154,CH,865,2025,0.81,22.3,2.9,15.7,2.6,89.1,12.6,10
1.28,1.02,1.0,0.85,0.68,1.0,1.04,1.62,1.0,1.1,0.98,1.0,0.95,0.58,1.14,1.04,0.62,Brad Lord,695418,CH,37,2026,1.07,8.4,3.0,6.2,2.3,34.5,9.7,10
0.93,0.93,0.98,0.91,0.78,0.88,0.93,1.0,0.98,1.13,0.97,0.99,0.69,1.13,1.0,0.96,1.61,Michael Lorenzen,547179,CH,217,2026,0.81,20.7,6.5,13.5,4.8,78.0,25.3,10
1.02,0.97,1.01,1.0,1.01,1.02,1.08,0.95,1.04,0.99,0.99,1.0,1.0,0.96,1.0,1.01,0.93,Ryan Loutos,702795,CH,39,2025,0.83,5.2,2.9,2.1,1.5,17.3,9.5,10
0.94,0.97,1.03,0.96,0.87,1.02,0.86,1.13,0.98,1.12,0.81,1.0,0.94,0.86,1.26,1.0,0.01,Rhett Lowder,695076,CH,140,2026,0.81,21.0,4.5,14.7,4.7,82.9,15.1,10
1.01,1.0,1.0,1.0,1.16,0.98,1.06,1.02,1.0,0.98,0.99,1.0,1.03,0.98,1.0,1.01,1.03,Easton Lucas,687922,CH,91,2025,0.87,14.2,6.0,9.5,4.9,56.6,23.5,10
1.24,0.79,1.03,0.91,0.68,1.18,1.12,1.7,1.07,0.96,0.94,1.0,0.77,0.66,1.13,1.06,0.87,Seth Lugo,607625,CH,91,2026,1.01,24.5,2.4,17.9,2.9,90.9,6.4,10
0.88,1.0,0.98,0.88,1.26,0.75,0.75,0.21,1.0,0.94,1.09,1.01,1.19,1.35,1.08,0.99,0.36,Jesus Luzardo,666200,CH,263,2026,0.77,23.5,2.6,16.4,3.4,95.3,5.9,10
1.06,0.83,1.02,0.99,1.14,1.06,1.02,0.51,1.0,0.9,1.07,1.0,0.95,1.07,1.04,1.01,0.58,Daniel Lynch IV,663738,CH,87,2026,0.77,4.4,1.1,2.8,1.0,16.9,7.5,10
1.03,1.03,1.0,1.0,1.02,0.97,0.94,1.03,1.08,1.0,0.98,1.0,0.99,0.98,1.0,1.0,1.03,Lance Lynn,458681,CH,128,2024,0.83,22.2,2.3,15.8,3.4,88.1,6.4,10
1.01,1.03,1.0,1.0,1.0,1.01,1.05,1.05,0.98,1.0,1.01,1.0,1.02,1.0,1.01,1.0,0.99,Josh Maciejewski,656671,CH,44,2024,0.87,6.8,4.5,5.2,2.9,24.0,19.7,4
1.11,0.98,1.01,1.06,1.09,1.04,1.23,1.01,1.01,0.93,1.02,1.0,1.0,0.88,1.03,1.03,0.85,Sean Manaea,640455,CH,35,2026,0.87,13.4,5.5,8.3,3.3,53.8,20.9,10
1.19,0.9,1.01,1.1,0.99,1.16,1.26,1.18,1.02,1.07,0.95,0.98,1.09,0.62,1.04,1.01,1.79,Alek Manoah,666201,CH,120,2026,0.92,17.9,9.1,11.8,7.1,69.1,34.7,8
1.06,1.14,0.97,1.06,0.94,0.82,1.22,1.8,0.99,1.24,0.9,0.95,1.17,0.9,1.24,1.0,0.27,Ron Marinaccio,676760,CH,157,2026,1.03,6.4,3.7,4.9,2.5,26.4,15.4,10
1.04,0.91,1.01,0.87,1.15,1.05,0.94,0.76,0.99,0.95,0.86,1.03,1.1,0.87,0.88,1.0,1.22,German Marquez,608566,CH,18,2026,0.86,21.8,2.8,14.4,4.2,83.7,9.6,10
0.99,0.96,1.0,1.0,0.99,1.01,0.96,1.05,0.99,1.0,1.0,1.0,0.98,0.96,1.0,1.01,0.98,Alec Marsh,679525,CH,214,2024,0.86,19.4,5.3,13.0,4.7,77.1,21.3,10
0.97,0.99,1.0,1.0,1.06,0.99,0.97,0.97,1.0,1.0,1.01,1.0,1.01,0.99,1.0,1.0,1.0,Jose Marte,665896,CH,28,2024,0.83,6.1,2.1,4.2,1.5,23.8,7.5,10
1.14,0.91,1.06,0.99,2.3,1.36,0.77,-0.07,1.02,1.17,1.06,1.05,1.2,0.59,0.99,1.04,0.23,Davis Martin,663436,CH,176,2026,0.68,24.2,1.5,18.9,1.7,91.4,7.7,10
0.73,1.23,0.97,0.93,0.86,0.8,0.94,2.04,0.96,1.03,1.01,0.92,0.86,1.16,0.87,0.89,0.9,Nick Martinez,607259,CH,255,2026,0.79,24.4,3.0,18.1,3.0,83.5,7.5,10
0.97,1.0,1.0,1.01,1.11,0.99,0.94,1.01,0.98,0.99,0.99,1.0,1.0,1.0,0.99,0.98,0.92,Seth Martinez,661527,CH,121,2024,0.81,5.1,1.7,3.0,1.2,20.3,10.2,10
0.89,0.85,1.02,1.0,0.86,1.05,0.93,1.07,1.0,0.91,0.86,0.99,1.02,0.88,1.04,0.99,0.66,Zebby Matthews,805673,CH,52,2026,0.76,23.7,1.6,16.3,3.9,88.8,11.4,10
1.0,0.91,1.01,1.06,0.99,1.02,1.0,1.2,1.01,0.98,1.07,1.0,0.98,0.79,0.85,1.0,1.28,Isaac Mattson,676755,CH,33,2026,0.83,3.6,1.8,2.3,1.1,13.7,9.1,10
0.86,1.12,1.0,1.02,0.67,0.86,1.26,2.29,1.03,1.32,1.03,0.97,0.77,0.91,1.07,1.02,0.27,Steven Matz,571927,CH,220,2026,1.0,18.5,6.7,13.3,6.1,73.6,26.4,10
1.23,0.77,1.01,1.05,0.89,1.06,1.21,1.27,1.0,0.99,0.91,1.05,1.12,0.33,1.18,1.04,0.78,Dustin May,669160,CH,66,2026,0.92,23.6,2.1,17.0,3.1,89.4,7.3,10
0.94,0.97,1.0,1.0,1.01,1.0,0.94,0.94,0.97,0.99,0.99,1.0,1.01,0.96,0.99,0.99,1.05,Adam Mazur,800049,CH,41,2025,0.81,21.4,5.3,13.5,3.5,74.2,19.5,10
1.0,1.0,1.0,1.0,0.99,0.99,0.97,0.99,1.01,0.99,1.0,1.0,1.0,1.0,1.0,1.01,1.0,Darren McCaughan,670766,CH,88,2025,0.86,13.9,6.9,9.3,4.3,50.9,25.5,10
0.59,1.04,0.97,1.03,1.31,0.92,0.36,0.05,1.04,0.88,1.01,1.01,1.19,1.06,1.09,0.85,0.76,Shane McClanahan,663556,CH,255,2026,0.3,20.3,1.9,15.2,2.0,79.1,8.5,10
1.03,0.99,1.0,0.91,1.04,1.07,1.24,0.63,1.0,0.97,0.88,1.0,1.09,1.08,1.14,1.01,0.35,Lance McCullers,621121,CH,95,2026,0.83,19.6,5.4,13.3,4.5,78.0,21.7,10
2.33,1.14,0.97,1.03,0.82,0.84,3.74,0.65,1.35,0.96,0.95,0.99,0.95,1.22,0.96,1.35,0.66,Trevor McDonald,686790,CH,53,2026,1.69,21.2,7.2,16.2,5.8,74.6,24.2,9
0.94,1.38,1.0,1.04,0.98,0.86,0.99,0.32,0.96,0.97,0.95,1.01,1.09,0.99,0.93,0.99,0.45,Michael McGreevy,700241,CH,198,2026,0.69,21.8,1.9,16.2,2.0,86.5,7.7,10
0.93,0.91,0.95,0.97,1.0,0.89,1.0,0.65,0.98,0.72,1.03,1.03,1.07,1.01,0.91,1.0,-0.58,Nolan McLean,690997,CH,92,2026,0.7,23.5,4.0,17.1,3.6,92.4,8.4,10
0.99,1.0,1.0,1.0,0.96,1.02,1.02,1.06,1.01,1.01,1.01,1.0,0.98,1.01,0.99,1.0,1.15,John Means,607644,CH,90,2024,0.86,20.0,5.5,15.5,5.0,79.5,19.4,4
0.93,1.01,1.01,0.97,1.13,0.9,0.98,0.99,0.99,0.84,0.94,1.04,1.08,1.69,0.73,0.96,0.6,Luis Medina,665622,CH,55,2026,0.89,6.5,3.2,4.5,2.6,25.3,12.2,10
0.94,1.0,1.0,1.01,0.95,1.0,0.94,1.06,0.98,0.99,0.98,1.0,0.98,1.01,1.01,0.99,0.97,Tylor Megill,656731,CH,109,2025,0.82,21.8,2.0,15.0,3.5,88.8,11.7,10
0.87,1.36,1.01,0.97,1.12,0.98,0.81,0.3,1.03,1.03,1.08,1.0,0.91,1.41,1.05,1.04,0.36,Parker Messick,800048,CH,264,2026,0.76,23.0,2.4,17.6,3.1,91.5,10.3,10
1.06,0.89,1.02,0.92,1.32,1.21,0.98,0.58,1.03,0.92,0.88,1.02,0.93,1.08,1.07,1.01,1.28,Max Meyer,676974,CH,131,2026,0.8,23.2,2.1,16.7,2.5,90.7,8.4,10
1.31,0.98,1.01,0.97,1.09,1.1,1.18,1.2,0.94,0.81,0.91,1.0,1.13,0.34,0.83,1.04,0.26,Miles Mikolas,571945,CH,78,2026,0.92,17.1,2.8,12.2,2.6,65.9,13.7,10
1.23,1.02,1.01,1.0,0.95,1.0,1.11,1.05,1.08,1.0,0.98,1.0,0.95,0.97,1.0,1.06,1.05,Wade Miley,489119,CH,72,2025,0.99,16.8,3.9,10.8,4.2,64.4,20.3,5
0.94,0.99,1.0,1.0,1.01,1.0,1.01,1.02,0.99,1.02,0.99,1.0,1.02,1.02,1.01,0.99,1.05,Bobby Miller,676272,CH,225,2025,0.83,19.9,5.0,12.1,4.3,80.4,18.9,10
0.95,1.29,1.02,1.05,1.35,1.08,1.18,0.66,0.97,0.88,0.93,0.94,0.95,0.48,1.07,1.03,-0.66,Hoby Milner,571948,CH,69,2026,0.58,3.9,1.9,2.9,1.7,15.6,7.5,10
0.97,1.1,0.99,1.16,1.02,0.94,0.94,0.96,0.99,1.11,1.02,1.07,1.13,1.06,1.13,0.99,1.04,Jacob Misiorowski,694819,CH,16,2026,0.84,22.8,2.3,17.9,2.2,89.5,8.9,10
0.96,0.91,1.0,0.98,1.03,1.04,1.02,1.05,1.0,1.03,0.94,1.0,1.01,0.88,0.96,1.0,1.12,Anthony Molina,683627,CH,344,2025,0.84,8.8,3.2,5.9,1.7,34.0,14.8,10
0.94,0.63,0.99,1.0,0.69,0.91,1.2,2.4,0.99,1.13,0.94,1.02,0.84,0.79,1.07,0.93,1.84,Keider Montero,672456,CH,132,2026,0.96,22.4,2.4,17.1,2.3,79.8,8.3,10
1.08,0.99,1.0,1.01,0.94,1.01,1.13,1.04,1.01,0.99,1.0,1.0,0.98,1.03,0.97,1.03,1.16,Jordan Montgomery,656756,CH,369,2024,0.93,18.8,6.5,12.8,3.9,71.3,22.6,10
1.01,0.99,1.0,1.0,0.96,1.0,1.14,1.15,1.01,1.01,1.0,1.0,0.97,1.01,1.01,0.99,1.05,Matt Moore,519043,CH,269,2024,0.86,3.6,1.2,2.8,1.5,15.6,3.3,10
0.99,0.89,1.0,0.96,0.89,0.94,1.02,1.71,1.01,1.09,0.94,1.04,0.83,0.9,1.04,1.0,1.42,Luis Morales,806960,CH,26,2026,0.95,21.2,3.4,14.4,4.7,85.2,12.1,10
0.77,1.05,0.98,0.99,0.75,0.83,1.64,1.13,1.05,0.99,0.93,0.98,0.95,1.23,1.02,0.99,1.31,Jovani Moran,663558,CH,177,2026,0.82,4.7,2.1,3.1,1.4,19.9,9.4,10
0.81,0.92,0.96,0.98,1.29,0.82,1.09,1.79,1.03,1.23,1.08,0.9,1.0,0.65,1.24,0.96,0.8,Eli Morgan,669212,CH,92,2026,0.81,5.5,2.2,2.5,1.1,20.7,5.8,10
0.44,1.1,0.97,0.98,0.88,0.68,0.44,1.15,1.32,1.14,1.09,1.05,0.96,0.94,1.08,0.86,1.3,Juan Morillo,666661,CH,74,2026,0.36,3.9,1.9,2.5,1.6,15.1,10.0,10
0.54,0.87,1.04,0.98,0.72,1.19,0.54,1.53,0.94,0.92,0.96,1.0,0.84,0.89,0.99,0.93,1.35,Andrew Morris,702193,CH,37,2026,0.63,4.0,1.5,2.4,0.8,16.2,9.0,10
0.96,0.91,1.02,0.97,1.52,1.16,1.11,0.14,1.04,1.01,1.03,1.0,1.08,0.99,0.99,1.03,0.48,Charlie Morton,450203,CH,556,2025,0.7,18.8,6.2,11.8,5.3,75.1,23.5,10
1.14,1.0,1.0,1.0,0.96,1.02,1.19,1.01,1.01,1.0,1.0,1.0,0.98,1.0,0.99,1.03,1.06,Roddery Munoz,682610,CH,138,2024,0.94,6.7,2.8,3.8,1.6,30.5,11.1,10
0.94,1.0,1.0,1.0,1.11,1.0,0.94,0.99,1.0,1.0,1.01,1.0,1.03,0.94,1.01,0.99,1.0,Chris Murphy,669684,CH,29,2025,0.8,6.6,2.9,3.9,2.5,24.3,12.7,10
0.54,0.96,0.98,0.97,0.82,0.74,0.54,0.61,0.9,1.04,1.1,1.02,1.09,0.54,1.03,0.86,1.2,Jayden Murray,681151,CH,13,2026,0.42,7.1,3.1,4.0,2.4,26.0,12.1,10
1.08,0.98,1.0,1.0,0.98,1.01,1.0,0.98,1.02,1.01,1.0,1.0,0.98,1.01,0.99,1.02,0.98,Joe Musgrove,605397,CH,123,2024,0.9,21.7,2.8,16.8,2.5,82.9,10.9,10
1.34,0.99,0.99,1.02,2.0,1.07,1.96,0.47,0.54,0.93,0.96,1.02,1.27,0.98,1.05,0.94,1.02,Andrew Nardi,677053,CH,44,2026,0.98,3.7,1.1,2.7,0.8,13.4,2.9,10
0.9,0.96,1.0,0.89,0.98,0.97,0.96,1.21,0.97,0.86,1.07,1.01,1.03,0.25,0.91,1.01,0.47,Sean Newcomb,656794,CH,25,2026,0.72,6.3,1.5,5.1,2.0,23.8,6.3,10
0.91,1.05,0.99,1.06,1.24,1.09,0.99,0.55,1.0,0.86,0.88,1.0,1.16,0.55,1.01,0.96,0.7,Aaron Nola,605400,CH,120,2026,0.56,22.3,2.3,15.6,2.8,87.7,8.2,10
0.44,1.14,1.02,1.02,0.94,1.23,0.44,0.43,1.52,0.8,1.01,1.01,0.99,1.18,0.71,1.1,0.3,Anthony Nunez,689296,CH,110,2026,0.45,4.0,1.2,2.7,0.7,17.2,5.4,10
1.08,0.78,0.99,1.1,0.83,0.92,1.18,1.71,0.99,1.15,1.02,0.97,0.87,0.84,1.34,1.0,1.33,Bailey Ober,641927,CH,375,2026,0.97,24.6,2.3,17.7,3.9,88.8,8.5,10
1.0,0.95,1.0,1.0,0.95,1.02,0.99,1.1,0.96,0.99,1.0,0.99,0.98,0.99,1.0,1.0,1.06,Shinnosuke Ogasawara,829272,CH,149,2025,0.88,6.9,2.8,4.7,2.4,23.9,9.2,10
1.04,1.01,1.0,1.0,0.94,1.0,1.25,1.07,1.02,1.03,1.03,0.99,0.99,1.0,0.99,1.0,1.01,Pierson Ohl,701487,CH,205,2025,0.87,8.3,5.0,5.2,3.1,32.2,19.7,10
0.97,1.0,1.0,1.0,1.0,1.0,0.97,0.97,0.99,0.99,1.0,1.0,0.99,1.0,0.99,1.0,1.02,Adam Oller,670124,CH,50,2024,0.83,23.8,2.1,15.6,1.3,88.5,7.0,8
0.95,1.22,1.01,0.91,1.05,1.13,0.94,0.42,1.0,1.05,1.01,1.01,1.0,1.29,1.02,1.01,0.7,Reese Olson,681857,CH,712,2025,0.81,21.7,2.5,16.2,2.9,87.9,4.2,10
0.96,1.12,0.99,0.97,1.06,0.96,0.93,1.4,1.0,1.05,0.88,1.05,0.99,0.95,1.05,0.99,1.23,Kaleb Ort,672391,CH,94,2025,0.89,4.5,1.4,2.7,0.7,18.0,6.3,10
0.99,0.98,1.01,1.01,1.01,1.05,1.06,0.9,0.99,0.98,1.0,1.0,1.02,0.99,1.0,1.01,0.96,Luis Ortiz,682847,CH,215,2025,0.84,24.2,2.6,16.7,2.1,94.3,6.5,10
1.02,1.01,1.0,1.0,0.98,0.98,0.97,1.03,0.98,1.0,1.0,1.0,1.0,0.99,1.0,1.0,0.98,Adam Ottavino,493603,CH,50,2024,0.87,3.7,1.6,2.3,1.8,15.7,5.7,10
1.1,1.0,1.0,1.01,1.04,1.07,0.94,0.82,0.99,1.0,0.99,1.0,1.01,1.0,1.01,1.01,1.03,Johan Oviedo,670912,CH,39,2025,0.87,19.0,4.7,12.8,4.2,73.6,15.9,10
1.19,1.12,1.0,1.07,0.97,1.14,1.33,0.69,1.01,0.92,1.09,0.99,1.07,0.87,1.07,1.05,1.14,Chris Paddack,663978,CH,223,2026,0.89,21.4,2.8,13.5,2.5,82.8,9.0,10
0.94,1.0,1.0,1.0,0.99,0.98,0.94,1.07,0.99,1.01,0.99,1.0,0.99,1.0,1.0,0.99,1.06,James Paxton,572020,CH,112,2024,0.83,20.5,6.4,13.8,5.1,78.3,26.6,10
1.06,0.86,1.02,0.97,0.88,1.24,0.93,0.9,1.02,1.0,1.01,1.03,0.84,0.85,1.03,1.04,0.97,Joel Payamps,606303,CH,4,2026,0.84,2.9,1.6,1.7,1.4,12.2,7.9,10
1.07,0.95,1.01,1.04,1.36,1.03,1.07,1.09,1.01,1.23,1.04,1.0,1.03,0.95,1.01,1.0,0.81,Ryan Pepiot,686752,CH,1179,2025,0.89,19.2,4.6,14.2,4.6,79.5,16.0,10
0.71,1.17,0.98,1.0,1.34,0.94,0.8,0.01,0.97,1.08,0.99,1.02,1.2,0.95,1.25,0.94,0.53,Freddy Peralta,642547,CH,266,2026,0.51,23.7,2.8,16.8,2.0,95.5,6.3,10
0.94,0.94,1.01,1.01,0.97,1.02,0.94,1.04,0.99,1.01,1.0,1.0,0.94,0.96,1.02,1.0,0.95,Sammy Peralta,671111,CH,16,2025,0.82,9.6,4.2,5.6,3.3,31.9,12.5,10
0.93,1.03,0.99,0.89,1.42,0.99,1.04,0.56,1.0,1.24,1.11,1.04,1.01,1.04,1.15,1.0,0.81,Wandy Peralta,593974,CH,158,2026,0.81,5.5,1.8,3.2,1.9,20.6,10.0,10
1.88,1.19,1.01,1.03,1.03,0.91,2.14,1.25,0.81,0.95,0.93,1.02,1.09,1.18,1.02,1.17,1.5,Eury Perez,691587,CH,109,2026,1.61,21.8,3.0,15.6,2.2,88.3,9.5,10
1.21,0.95,0.98,0.95,0.94,0.94,1.16,0.67,1.03,0.91,1.07,0.96,1.02,1.06,1.03,1.02,1.84,Martin Perez,527048,CH,259,2026,0.94,17.1,8.3,12.3,5.5,67.7,31.0,10
0.44,1.23,1.02,0.98,1.48,1.1,0.44,-0.15,0.84,0.8,1.11,1.03,1.31,1.27,0.98,0.89,0.48,Jack Perkins,678022,CH,83,2026,0.39,7.4,4.1,4.9,4.0,27.6,13.4,10
1.26,0.88,1.02,1.0,1.0,1.02,0.54,1.57,0.76,0.83,0.86,1.01,0.98,0.83,0.85,0.83,1.41,Michael Petersen,656848,CH,58,2026,0.82,4.0,1.2,2.7,1.1,15.4,5.7,10
0.87,1.16,1.01,1.11,1.28,0.99,0.7,0.75,0.99,0.91,0.99,1.0,0.98,0.72,1.0,0.98,0.67,David Peterson,656849,CH,102,2026,0.6,19.6,4.6,12.4,2.2,71.1,17.3,10
0.54,0.87,1.01,1.0,1.46,0.84,0.54,0.46,0.81,1.01,1.0,1.01,1.09,0.8,1.06,0.93,0.73,Chase Petty,695534,CH,54,2026,0.54,17.0,7.7,10.4,6.6,61.2,30.4,5
1.29,1.11,1.02,1.04,0.96,1.1,1.0,0.84,1.03,1.14,1.02,1.01,1.1,0.85,1.11,1.04,0.82,Brandon Pfaadt,694297,CH,59,2026,0.97,11.7,8.4,8.1,6.2,42.6,30.8,10
0.94,1.03,1.0,1.0,1.01,1.01,0.94,0.93,0.99,1.0,0.99,1.0,1.02,1.01,1.01,0.99,0.95,Konnor Pilkington,663455,CH,108,2025,0.81,3.6,1.1,2.2,0.9,15.3,5.4,10
1.0,1.0,1.0,1.0,1.0,1.0,1.0,1.0,1.0,1.0,1.0,1.0,1.0,1.0,1.0,1.0,1.0,Jonathan Pintaro,702752,CH,7,2026,0.85,6.0,3.0,4.3,3.2,27.0,14.1,3
0.97,0.98,1.0,1.0,0.99,0.99,0.97,1.06,1.01,1.0,0.99,1.0,0.98,0.99,0.99,0.99,1.06,Zach Plesac,668676,CH,48,2024,0.83,18.0,5.0,12.7,4.7,68.7,13.9,3
0.97,0.99,1.0,1.0,1.1,1.05,0.97,0.94,1.0,1.0,1.0,1.0,1.0,0.99,1.0,1.01,0.98,Cody Poteet,547001,CH,90,2025,0.84,18.7,3.3,13.7,4.3,75.3,11.3,6
1.22,1.06,1.02,0.96,1.14,1.11,1.12,1.05,0.99,0.76,1.02,0.99,0.77,0.78,1.02,1.04,1.2,Cade Povich,700249,CH,26,2026,0.86,21.5,3.4,15.0,3.2,84.3,16.5,10
1.05,0.9,1.01,1.0,1.39,0.97,1.17,0.3,0.99,1.09,0.92,1.03,1.17,0.9,0.8,1.01,1.01,Ryan Pressly,519151,CH,145,2025,0.81,4.2,1.1,2.1,0.7,14.7,5.1,10
1.88,0.93,1.03,0.95,1.21,1.36,2.14,1.47,0.81,1.04,0.96,1.0,1.16,0.86,0.98,1.15,0.97,Connor Prielipp,687570,CH,80,2026,1.56,20.7,2.2,13.7,2.6,87.0,4.8,7
1.09,0.96,1.0,1.02,1.28,0.96,1.06,0.45,0.96,0.88,0.96,1.03,1.26,0.89,0.93,0.99,0.96,Quinn Priester,682990,CH,140,2025,0.8,23.3,2.5,16.8,2.5,87.1,6.7,10
0.88,1.48,1.0,1.0,1.01,0.85,0.7,1.44,1.01,0.76,0.88,1.0,0.87,0.97,0.94,1.0,0.98,Jose Quintana,500779,CH,143,2026,0.78,19.6,4.4,13.3,4.3,75.0,17.1,10
1.05,0.9,0.99,0.96,0.68,0.94,1.06,2.3,1.01,1.17,1.07,0.98,0.83,1.4,1.09,1.01,2.45,Cole Ragans,666142,CH,105,2026,1.25,18.7,6.0,13.4,4.9,78.3,25.1,10
0.54,1.06,0.99,0.94,0.78,0.66,0.54,1.0,1.19,1.05,0.9,0.99,1.2,0.89,1.09,0.83,0.45,Brooks Raley,548384,CH,43,2026,0.39,4.3,1.6,2.5,1.1,15.7,5.6,10
1.0,1.01,1.0,1.0,0.98,0.99,0.97,1.09,1.01,1.0,1.0,1.0,0.97,1.01,1.0,1.02,1.01,Nick Ramirez,598286,CH,52,2024,0.89,7.9,4.3,4.6,2.0,24.1,15.0,8
1.06,1.01,1.0,1.0,0.94,0.98,0.94,1.24,1.08,1.01,0.99,1.0,0.94,1.01,0.99,1.02,1.1,Alan Rangel,660604,CH,54,2025,0.91,9.7,6.8,6.7,5.0,36.3,21.9,6
0.94,0.85,1.0,0.96,0.76,1.02,0.8,2.02,1.03,0.9,1.01,1.0,0.74,0.95,0.74,1.0,2.3,Robbie Ray,592662,CH,185,2026,0.98,22.5,2.5,15.1,3.2,95.0,7.1,10
0.97,1.0,1.0,1.0,1.11,1.0,0.97,0.94,0.99,0.99,1.0,1.0,1.01,1.0,0.99,1.0,0.99,Sean Reid-Foley,656887,CH,76,2024,0.83,3.9,1.9,2.6,1.6,16.1,7.1,10
0.82,1.22,0.98,0.98,0.69,0.85,1.14,3.28,0.99,1.4,0.86,0.93,0.59,1.22,0.79,0.95,-0.15,Trevor Richards,670950,CH,74,2026,1.08,6.0,3.0,3.9,2.0,22.1,14.2,10
1.05,0.97,1.01,0.99,1.01,1.06,0.93,0.93,1.05,1.0,0.99,1.0,0.97,0.99,1.01,1.03,0.93,Lyon Richardson,680689,CH,280,2025,0.87,4.7,2.3,2.9,1.4,18.1,8.7,10
1.36,1.03,1.03,1.0,1.33,1.2,2.08,0.26,0.85,0.97,1.12,1.02,1.07,0.87,0.99,1.14,0.41,JR Ritchie,702275,CH,82,2026,1.07,23.0,3.5,15.2,2.6,89.6,5.5,5
0.97,1.0,1.0,1.0,1.04,0.99,0.97,0.95,1.0,1.0,1.0,1.0,1.01,1.0,1.0,1.0,0.99,Nick Robertson,687798,CH,50,2024,0.83,6.1,3.6,4.4,2.2,24.1,17.8,9
1.11,0.94,1.03,1.05,1.86,1.19,1.08,1.26,1.0,0.92,0.96,1.04,0.88,0.94,1.01,1.05,1.35,Kumar Rocker,677958,CH,67,2026,0.91,21.7,4.3,15.1,4.7,85.2,16.3,10
0.76,0.8,1.0,0.99,1.15,1.14,0.44,1.6,0.73,1.01,1.04,1.02,1.19,1.18,1.12,0.77,1.46,Bradgley Rodriguez,699134,CH,187,2026,0.71,4.6,1.6,3.1,1.2,18.0,8.7,10
1.03,1.08,1.0,0.98,0.88,1.0,1.04,1.6,1.02,1.02,1.09,1.02,0.82,1.3,1.17,1.02,1.22,Carlos Rodriguez,692230,CH,66,2026,1.01,13.0,5.2,8.1,3.6,55.0,23.5,10
0.78,1.1,1.01,1.0,0.95,0.77,0.86,0.68,0.99,1.06,0.97,1.0,1.18,0.63,1.12,0.95,1.2,Eduardo Rodriguez,593958,CH,290,2026,0.64,25.2,2.3,18.4,3.8,95.3,5.7,10
0.54,0.82,1.04,1.02,1.27,1.05,0.54,1.34,0.85,0.87,0.96,1.01,0.85,0.91,0.86,0.86,0.68,Elmer Rodriguez,695684,CH,26,2026,0.48,21.3,2.3,13.0,1.0,79.3,15.0,3
0.94,0.77,1.01,1.12,0.94,1.26,1.04,0.98,0.97,0.99,0.99,0.97,0.85,0.78,0.84,0.98,1.13,Grayson Rodriguez,680570,CH,43,2026,0.7,23.6,2.9,16.7,3.1,94.3,7.2,10
1.14,1.0,1.01,1.0,1.23,1.05,1.12,0.92,1.03,0.98,1.01,1.0,1.01,0.98,0.99,1.04,0.97,Joely Rodriguez,570257,CH,89,2024,0.92,5.0,2.3,2.8,1.9,18.9,8.3,10
1.02,0.98,1.0,1.0,0.98,1.0,1.07,1.08,1.02,1.0,1.0,1.0,0.98,0.99,1.01,1.02,1.03,Yerry Rodriguez,666720,CH,49,2024,0.89,7.2,3.6,4.3,3.2,29.6,17.0,10
0.93,1.15,1.04,1.05,1.58,1.25,0.7,0.6,0.96,0.84,1.14,1.02,0.95,0.87,0.98,1.03,0.36,Trevor Rogers,669432,CH,202,2026,0.67,22.1,4.4,14.7,4.4,86.7,11.5,10
1.97,0.84,1.06,1.03,1.0,1.37,0.54,0.93,1.19,0.88,1.02,1.01,0.98,1.01,0.79,1.08,0.94,Kendry Rojas,696070,CH,42,2026,1.18,12.0,3.9,7.8,2.4,44.8,8.5,5
0.97,1.23,1.01,0.84,1.3,1.02,1.11,0.2,1.0,0.72,0.96,1.02,1.09,0.85,0.86,1.02,-0.22,JoJo Romero,668941,CH,79,2026,0.64,4.1,1.1,3.0,0.9,16.4,6.0,10
1.04,0.98,1.0,0.99,1.03,0.98,1.06,1.02,0.99,1.0,1.0,1.0,1.01,1.0,0.98,1.01,1.07,Kenny Rosenberg,670046,CH,132,2024,0.9,14.7,7.5,9.6,5.1,57.4,27.5,7
1.01,0.8,1.02,1.07,0.95,1.06,0.97,1.23,1.02,1.05,1.06,1.05,0.86,0.66,1.14,1.01,1.12,Joe Ross,605452,CH,169,2025,0.8,6.0,3.0,3.4,1.5,23.1,14.6,10
0.8,1.38,1.01,0.97,1.24,0.97,0.8,0.07,1.01,1.09,1.03,1.02,1.1,1.04,1.1,1.0,-0.47,Landen Roupp,694738,CH,196,2026,0.59,22.7,2.6,16.6,3.2,94.9,7.4,10
0.9,1.15,1.0,1.04,0.96,0.86,0.8,0.3,0.94,1.02,1.06,1.02,1.14,1.09,1.12,0.95,-0.09,Chris Sale,519242,CH,124,2026,0.65,24.2,2.7,18.1,2.8,94.8,9.2,10
1.05,1.01,1.0,1.0,1.02,1.01,1.12,0.97,0.99,0.99,1.0,1.0,1.01,1.0,0.99,1.02,0.98,Bryan Sammons,676614,CH,31,2024,0.9,17.5,7.6,13.8,5.9,62.3,26.4,6
0.51,1.26,0.97,1.09,1.61,0.75,0.6,-0.83,0.96,1.12,1.11,1.01,1.35,1.56,1.16,0.91,-0.27,Cristopher Sanchez,650911,CH,434,2026,0.37,27.7,2.2,20.3,3.7,96.1,6.7,10
0.91,0.97,1.0,0.99,1.06,0.98,0.91,1.0,0.98,1.0,1.0,1.0,1.03,0.96,1.01,0.98,1.0,Sixto Sanchez,664350,CH,194,2024,0.8,13.8,7.5,8.8,5.3,53.2,27.5,10
1.0,1.0,1.0,1.0,1.0,1.0,1.0,1.0,1.0,1.0,1.0,1.0,1.0,1.0,1.0,1.0,1.0,Cam Sanders,676742,CH,40,2026,0.85,5.2,2.3,2.9,1.5,22.6,10.9,10
0.91,1.01,0.99,1.0,0.95,0.96,0.93,1.1,1.01,0.99,1.0,1.0,0.98,1.03,1.0,1.0,1.12,Patrick Sandoval,663776,CH,406,2024,0.84,22.2,4.8,15.7,3.9,91.0,20.9,10
1.09,1.05,0.98,0.96,1.4,0.97,1.07,1.28,1.09,1.31,1.04,1.02,0.88,0.89,1.22,1.03,1.1,Dennis Santana,642701,CH,61,2026,0.94,4.2,1.7,2.3,1.2,16.2,6.6,10
1.09,1.22,1.0,1.03,1.43,0.93,0.96,0.74,1.02,1.14,1.02,0.99,1.05,1.14,1.24,1.01,0.95,Tayler Saucedo,642048,CH,190,2025,0.87,5.2,3.7,3.5,2.8,17.7,11.9,10
0.94,0.97,1.01,1.0,1.45,1.06,1.1,0.49,1.01,0.73,0.94,0.98,1.02,0.52,0.95,1.01,1.03,Max Scherzer,453286,CH,51,2026,0.59,18.0,5.3,11.2,5.4,72.4,19.1,10
1.07,1.23,1.01,0.93,1.03,1.15,1.11,1.41,0.98,0.93,0.85,1.02,0.88,0.98,0.39,1.05,0.53,Paxton Schultz,687606,CH,65,2026,0.97,5.0,2.0,2.7,1.8,19.8,7.9,10
1.0,1.0,1.0,1.0,1.0,1.0,1.0,1.0,1.0,1.0,1.0,1.0,1.0,1.0,1.0,1.0,1.0,Tyler Schweitzer,805326,CH,9,2026,0.85,5.0,1.8,2.5,1.0,19.0,7.7,4
1.12,1.4,0.99,0.98,0.79,0.91,1.1,1.2,1.0,1.26,0.94,0.98,0.96,0.74,1.19,1.0,0.29,Connor Seabold,657756,CH,74,2026,0.88,5.0,2.2,3.1,1.9,19.0,9.3,10
0.98,0.82,1.01,0.99,0.93,0.96,1.02,1.31,1.02,0.96,0.91,0.98,0.97,0.64,1.12,1.0,0.9,JP Sears,676664,CH,901,2025,0.81,21.0,3.4,14.5,2.5,85.6,15.5,10
1.16,0.76,1.05,0.98,0.82,1.18,1.02,1.47,1.0,1.25,0.88,1.06,0.81,0.51,0.9,1.1,1.3,Antonio Senzatela,622608,CH,36,2026,1.07,7.1,2.3,5.5,2.0,24.1,8.9,10
1.14,0.73,1.02,1.05,1.12,1.1,1.07,1.7,1.05,0.86,0.87,1.01,0.8,0.86,0.97,1.03,1.85,Luis Severino,622663,CH,59,2026,0.96,23.1,6.1,16.5,5.3,90.8,24.0,10
1.14,1.03,0.99,0.97,0.9,1.14,0.81,2.13,1.07,0.9,1.06,0.97,0.83,1.07,1.16,1.03,1.5,Ian Seymour,693855,CH,156,2026,1.07,4.7,2.0,3.8,1.8,17.9,8.7,10
0.81,0.86,1.04,1.01,1.17,1.18,0.88,1.59,1.03,0.74,1.04,0.99,0.94,0.73,1.01,0.98,-0.0,Emmet Sheehan,686218,CH,144,2026,0.66,21.7,3.2,15.6,2.8,87.7,11.3,10
0.99,1.19,0.99,0.94,0.96,0.97,0.93,1.16,1.0,0.99,1.03,1.04,0.93,0.8,1.03,0.99,1.06,Chase Shugart,663767,CH,24,2026,0.81,5.2,2.1,3.8,2.1,20.5,12.7,10
0.97,1.08,0.99,1.02,0.88,0.88,0.89,1.21,1.0,1.0,0.96,0.98,0.94,0.99,0.91,0.99,0.74,Jared Shuster,694363,CH,480,2025,0.84,7.5,3.4,4.5,2.2,26.4,13.7,10
0.82,1.28,0.96,1.04,1.08,0.7,0.72,1.8,1.03,1.06,1.08,1.04,1.0,1.27,1.14,0.94,1.39,Paul Skenes,694973,CH,180,2026,0.88,22.6,3.1,18.1,4.1,91.9,11.4,10
0.88,1.27,0.98,0.98,1.3,0.84,0.82,0.8,1.02,1.0,1.16,1.0,1.29,1.57,0.96,0.98,0.95,Tarik Skubal,669373,CH,161,2026,0.91,23.1,3.1,17.8,3.3,85.7,16.4,10
1.0,1.0,1.0,1.0,1.0,1.0,1.0,1.0,1.0,1.0,1.0,1.0,1.0,1.0,1.0,1.0,1.0,Burch Smith,572143,CH,27,2026,0.85,5.1,1.7,3.3,1.9,20.4,7.5,10
0.83,1.19,0.98,1.06,0.96,1.17,0.92,1.86,1.0,0.89,1.0,1.05,0.94,0.96,1.08,1.01,-0.08,Shane Smith,681343,CH,446,2026,0.82,20.2,3.8,14.2,4.9,84.5,14.6,10
1.09,0.99,1.0,1.0,1.0,1.0,1.0,1.04,1.01,1.01,1.0,1.0,1.0,0.99,1.0,1.0,1.09,Will Smith,519293,CH,98,2024,0.89,4.6,1.8,2.4,0.7,15.7,7.8,10
0.96,1.1,0.97,1.06,1.29,0.87,0.79,0.16,0.93,1.0,1.05,1.0,1.16,1.34,0.93,0.97,1.32,Blake Snell,605483,CH,551,2025,0.78,22.4,2.2,16.2,3.8,92.7,9.9,10
1.01,0.95,1.0,1.03,1.23,1.1,1.02,0.49,1.02,0.84,0.96,1.05,0.99,1.1,0.85,1.02,-0.3,George Soriano,666277,CH,93,2026,0.71,3.6,0.8,2.4,1.0,13.7,5.1,10
1.44,0.99,1.0,0.96,0.96,0.93,1.14,1.28,0.99,1.21,0.95,1.0,1.02,0.79,1.15,1.06,0.91,Michael Soroka,647336,CH,109,2026,1.16,23.5,2.1,16.7,3.3,89.7,7.6,10
1.04,0.97,1.0,1.0,1.01,1.05,0.97,0.99,1.03,0.99,0.99,1.0,0.99,0.97,0.99,1.01,0.99,Mitch Spence,687765,CH,27,2024,0.85,20.7,3.6,13.4,2.7,73.3,14.2,10
1.04,0.79,1.02,1.03,0.82,1.02,1.07,1.06,0.99,0.95,0.95,1.01,0.89,0.74,1.1,1.03,0.97,Carson Spiers,686730,CH,241,2025,0.84,16.0,4.1,10.3,3.5,63.2,17.7,10
0.97,1.36,0.96,0.96,0.9,0.84,1.31,1.98,1.0,0.8,1.16,0.93,1.06,1.3,0.93,0.98,1.62,Jeffrey Springs,605488,CH,237,2026,1.04,23.4,2.8,16.0,3.7,86.5,9.3,10
0.85,0.78,1.01,0.98,1.72,1.08,0.92,0.07,1.0,0.95,1.02,1.07,1.18,1.08,1.09,1.01,0.65,Brandon Sproat,687075,CH,53,2026,0.68,19.7,2.9,13.9,2.9,78.6,9.3,10
0.97,1.0,1.0,1.0,1.0,0.98,0.97,0.97,0.99,1.0,0.99,1.0,1.0,0.99,1.0,0.99,1.02,Justin Steele,657006,CH,74,2025,0.82,20.2,6.7,14.2,5.1,75.2,20.2,10
1.01,1.02,1.0,1.0,0.97,1.0,1.09,0.98,1.03,0.99,1.01,1.0,0.99,1.03,1.0,1.01,1.02,Gavin Stone,694813,CH,567,2024,0.86,22.1,3.2,15.2,3.9,83.6,6.6,10
0.54,0.91,1.05,0.99,1.18,1.49,0.54,0.66,0.76,0.94,1.03,0.98,1.09,0.82,1.0,0.85,0.23,Matt Strahm,621381,CH,39,2026,0.4,4.2,1.4,2.7,0.7,15.9,7.8,10
1.02,1.03,1.0,1.02,1.23,0.98,1.11,0.61,1.02,1.11,1.03,0.99,1.15,1.05,1.05,1.01,0.91,Chris Stratton,608717,CH,174,2025,0.85,6.5,2.9,4.0,1.3,25.4,10.2,10
0.97,1.01,1.0,1.0,0.98,0.98,0.97,1.02,0.99,1.0,1.0,1.0,0.99,1.0,1.0,0.99,1.02,Hunter Strickland,519326,CH,99,2025,0.83,4.7,2.5,2.9,1.7,18.0,9.1,10
1.0,1.05,1.0,1.08,0.95,0.97,1.04,1.3,0.99,1.05,0.92,1.0,1.0,0.98,0.98,1.0,1.11,Spencer Strider,675911,CH,51,2026,0.9,22.8,3.0,16.2,3.3,91.7,6.3,10
0.94,0.98,1.0,0.99,0.95,0.97,0.98,1.1,1.06,0.99,1.02,1.0,0.97,0.97,0.96,1.0,1.16,Ross Stripling,548389,CH,239,2024,0.82,10.5,7.7,7.1,6.6,38.5,28.0,10
0.97,1.0,1.0,1.0,1.03,1.0,0.97,1.02,1.0,1.0,0.99,1.0,1.0,0.97,1.0,1.01,0.96,Peter Strzelecki,657265,CH,38,2024,0.85,4.7,2.3,2.9,1.8,19.1,8.0,10
1.22,0.87,0.99,1.03,0.73,0.9,1.1,1.99,1.05,1.13,1.03,0.99,0.96,0.84,1.18,1.03,1.76,Albert Suarez,544150,CH,63,2026,1.15,10.1,4.6,7.2,3.1,38.6,16.9,10
0.82,1.22,1.02,0.95,1.1,1.22,1.01,0.76,1.0,0.9,1.09,0.97,0.85,1.17,0.95,1.04,0.62,Jose Suarez,660761,CH,143,2026,0.75,5.8,2.6,3.4,1.8,23.4,12.9,10
0.92,1.14,0.98,0.96,0.77,0.87,0.76,1.03,1.02,0.7,1.04,0.96,0.87,0.98,0.76,1.01,0.44,Ranger Suarez,624133,CH,150,2026,0.74,21.7,3.6,16.5,4.3,83.7,11.6,10
0.88,1.13,0.97,1.06,1.61,0.95,1.03,-0.78,1.0,1.05,1.03,1.06,1.26,1.28,1.1,0.97,1.57,Robert Suarez,663158,CH,117,2026,0.58,4.0,1.1,3.2,0.4,16.6,6.7,10
1.11,1.01,1.0,1.0,1.0,0.98,1.1,1.01,1.02,1.0,1.02,1.0,0.99,0.99,1.0,1.02,1.03,Wander Suero,593833,CH,32,2025,0.91,5.5,2.9,2.7,2.3,23.8,15.0,6
0.99,1.33,1.01,1.02,1.01,1.29,0.83,-0.78,0.95,0.93,0.92,0.97,1.28,1.05,0.95,0.96,0.43,Cole Sulser,642121,CH,156,2026,0.51,3.6,0.7,2.6,1.4,15.9,5.0,10
0.98,1.2,0.96,1.1,1.3,0.76,1.06,0.98,0.98,0.85,0.98,0.88,1.13,1.06,0.7,0.98,2.06,Brent Suter,608718,CH,171,2026,0.85,5.4,2.9,3.7,2.2,20.6,10.8,10
1.14,1.2,0.98,1.05,0.81,0.8,1.22,1.99,0.97,1.02,1.03,0.98,0.72,0.94,1.11,0.99,1.44,Jameson Taillon,592791,CH,148,2026,0.99,23.5,1.6,16.6,2.2,90.9,8.6,10
0.97,1.0,1.0,1.0,0.98,0.98,0.97,1.04,0.99,1.0,1.0,1.0,0.99,1.0,1.01,0.99,0.99,Dillon Tate,622253,CH,103,2025,0.83,5.1,2.3,2.9,1.3,20.1,9.1,10
1.05,0.94,1.02,1.0,1.27,1.05,1.45,0.83,1.16,0.98,0.98,1.01,1.01,0.83,1.03,1.18,0.88,Kai-Wei Teng,678906,CH,64,2026,1.01,12.4,7.3,9.0,5.5,49.0,28.8,10
1.1,0.99,1.01,0.99,0.95,1.05,1.23,1.0,1.08,0.99,1.0,1.0,0.96,0.96,0.99,1.07,0.9,Connor Thomas,671162,CH,22,2025,0.94,15.5,2.1,8.0,4.2,59.0,2.8,2
0.97,0.99,1.0,1.0,1.06,1.01,0.97,1.0,1.0,1.01,1.0,1.0,1.01,0.97,0.99,1.01,0.99,Trent Thornton,663423,CH,38,2025,0.85,4.9,1.2,4.1,1.3,19.6,6.5,10
1.01,0.99,0.99,1.0,0.97,0.97,1.02,1.17,0.99,1.02,1.01,1.0,0.98,1.02,0.99,0.99,1.18,Drew Thorpe,689672,CH,256,2024,0.88,21.1,4.3,14.7,5.2,80.0,19.5,9
0.96,1.09,0.99,0.96,1.29,0.95,0.93,0.37,1.0,0.93,0.94,1.04,1.14,0.88,1.18,0.98,0.78,Jesus Tinoco,622786,CH,71,2025,0.68,3.8,0.9,2.7,1.4,14.5,4.5,10
1.0,1.0,1.0,1.0,1.0,1.0,1.0,1.0,1.0,1.0,1.0,1.0,1.0,1.0,1.0,1.0,1.0,Payton Tolle,801139,CH,20,2026,0.85,17.4,9.2,12.9,8.2,64.3,31.8,10
1.03,0.94,1.0,1.06,1.02,1.07,0.94,0.91,1.0,0.96,0.97,1.0,0.97,0.92,0.96,1.0,1.24,Jonah Tong,804636,CH,129,2026,0.81,16.6,6.1,11.0,5.7,67.9,27.1,7
1.07,0.84,1.01,0.92,1.05,1.15,0.88,-0.2,1.02,1.02,1.02,1.01,1.12,0.66,1.04,1.01,-0.96,Justin Topa,623437,CH,51,2026,0.58,4.7,2.1,2.1,1.1,19.2,9.8,10
1.03,0.85,1.01,1.0,0.91,1.05,1.03,1.04,1.02,0.99,0.96,1.02,0.94,1.09,1.07,1.0,0.88,Lou Trivino,642152,CH,153,2026,0.86,5.0,2.6,2.5,1.6,18.1,9.1,10
1.13,1.0,1.01,0.98,0.86,1.08,0.93,0.74,1.07,1.09,1.08,1.03,0.98,1.14,1.06,1.05,0.51,Edwin Uceta,670955,CH,700,2025,0.93,4.8,1.9,3.3,0.9,17.7,6.7,10
1.13,0.95,0.99,0.98,0.82,0.86,1.04,1.32,1.03,1.02,0.99,1.03,0.85,0.94,1.08,1.02,1.23,Jose Urena,570632,CH,547,2025,0.95,16.2,5.4,10.7,3.9,62.8,19.5,10
0.6,1.15,0.97,0.97,1.06,0.76,0.79,0.56,0.87,0.97,1.05,1.04,1.2,1.12,1.14,0.78,1.04,Walbert Urena,700712,CH,259,2026,0.42,19.3,7.1,13.3,6.0,75.9,26.1,10
1.34,1.05,1.01,0.96,1.0,1.2,1.96,0.83,0.78,1.06,1.07,0.99,1.15,0.97,1.1,1.03,1.49,Jose Urquidy,664353,CH,41,2026,1.14,7.1,2.7,3.7,1.8,26.6,8.1,7
1.06,0.96,1.03,0.91,1.42,1.11,0.88,0.41,0.95,0.92,1.11,1.04,0.93,0.85,1.01,1.0,0.42,Framber Valdez,664285,CH,200,2026,0.71,24.5,2.9,16.8,3.5,89.4,12.2,10
0.94,1.0,1.0,1.0,0.97,0.99,0.94,1.02,0.99,0.99,1.02,1.0,0.96,1.02,1.0,0.99,0.92,Brian Van Belle,687003,CH,56,2025,0.81,9.0,1.4,5.8,1.0,32.2,4.9,4
0.94,1.01,1.0,1.0,0.99,0.99,0.94,1.0,1.04,1.0,1.01,1.0,0.99,0.95,1.01,1.0,0.92,Logan VanWey,701121,CH,22,2025,0.8,4.7,3.1,2.9,1.7,18.5,13.7,10
1.06,1.1,1.01,1.09,2.1,1.06,1.11,-0.6,0.98,0.95,1.05,1.08,1.21,1.09,0.9,1.01,0.42,Louis Varland,686973,CH,71,2026,0.6,4.8,1.6,3.3,1.6,18.7,8.1,10
1.04,0.97,1.01,1.0,1.04,1.04,0.94,0.96,0.98,0.98,1.0,1.0,1.03,0.95,0.98,0.99,0.88,Mike Vasil,678024,CH,199,2025,0.84,6.5,3.4,4.5,2.8,27.3,13.4,10
1.11,1.06,1.0,0.94,0.93,1.06,1.09,1.54,1.05,1.16,0.86,1.03,0.7,0.89,1.33,1.07,0.85,Randy Vasquez,681190,CH,84,2026,1.0,22.6,1.7,16.2,2.9,88.3,9.6,10
0.85,0.91,0.99,0.94,0.72,0.93,0.84,1.61,1.03,0.98,0.96,0.99,0.78,0.93,0.92,0.99,1.31,Justin Verlander,434378,CH,389,2026,0.84,23.3,3.0,16.9,3.5,95.1,13.0,10
0.96,0.77,1.0,0.98,1.2,1.11,0.93,1.06,1.0,0.97,0.94,0.99,0.97,0.94,0.81,0.99,1.48,Alex Vesia,681911,CH,40,2026,0.83,3.0,1.3,1.9,0.7,14.1,7.0,10
1.09,0.95,1.0,1.0,1.0,1.0,1.21,1.06,0.97,0.99,1.01,1.0,0.98,0.97,0.98,1.01,1.11,Darius Vines,670241,CH,80,2024,0.91,16.5,6.6,10.2,6.2,64.2,26.3,4
0.98,0.98,1.01,1.04,1.44,1.05,0.9,0.82,0.94,1.08,0.93,1.08,1.19,1.11,1.1,0.96,0.81,Victor Vodnik,680767,CH,63,2026,0.82,4.9,1.7,2.4,1.6,20.0,6.9,10
0.95,0.85,0.98,1.04,0.86,0.93,0.89,2.54,0.96,0.85,1.01,0.94,0.96,1.11,0.91,0.94,1.86,Michael Wacha,608379,CH,250,2026,1.04,25.3,1.6,18.8,2.9,91.0,8.6,10
0.99,0.98,1.0,1.0,0.98,0.97,1.05,1.09,0.93,0.97,1.0,1.0,0.98,0.94,1.0,0.98,1.0,Brandon Waddell,663399,CH,75,2025,0.84,11.8,7.3,7.7,4.7,45.1,29.3,10
1.11,1.0,1.0,1.0,0.98,1.03,1.22,1.04,1.03,0.99,0.99,1.0,0.98,0.99,0.99,1.04,0.98,Blake Walston,686796,CH,56,2024,0.94,11.9,7.5,7.9,5.1,49.0,31.5,7
0.91,1.03,1.0,1.0,0.96,0.99,1.0,1.01,0.95,1.02,1.0,0.99,0.99,1.03,1.02,0.97,0.91,Brandon Walter,687888,CH,149,2025,0.8,23.4,3.7,17.3,2.2,90.2,6.8,9
1.01,1.47,0.98,1.0,1.28,0.96,1.09,-0.13,1.0,0.95,0.9,1.01,1.17,1.03,1.07,1.01,-0.01,Will Warren,701542,CH,81,2026,0.65,23.0,2.7,16.3,3.1,89.2,5.2,10
1.0,1.16,1.02,0.92,1.04,1.03,1.3,-0.06,0.99,1.07,1.03,0.99,1.16,1.17,0.9,1.0,0.21,Ryan Weathers,677960,CH,239,2026,0.74,23.9,3.4,18.0,4.0,94.4,6.6,10
1.11,1.06,1.0,0.96,0.7,0.94,0.97,1.77,0.98,1.06,1.1,1.02,0.83,1.13,0.97,0.97,1.15,Luke Weaver,596133,CH,138,2026,1.0,4.8,0.9,3.3,1.2,17.9,4.0,10
1.06,0.99,0.98,0.98,0.77,0.85,1.18,1.39,1.02,1.27,1.12,1.0,0.75,1.47,1.25,1.0,1.87,Jacob Webb,657097,CH,165,2026,1.07,4.3,1.1,2.9,1.0,18.3,4.5,10
0.54,1.04,1.0,1.0,1.0,0.9,0.54,0.86,1.19,0.88,0.88,1.02,0.98,1.1,0.91,1.0,0.68,Ryan Weiss,680802,CH,79,2026,0.57,14.6,6.1,8.6,3.6,58.8,24.6,9
1.02,1.4,0.98,0.97,1.04,0.92,0.97,1.14,1.0,0.9,1.04,0.99,1.11,1.09,1.09,0.99,-0.72,Greg Weissert,669711,CH,34,2026,0.81,4.1,0.9,2.6,1.2,15.5,4.3,10
1.05,0.78,0.98,0.97,0.75,0.93,1.07,2.22,1.02,1.24,1.14,1.02,0.73,1.1,1.03,1.03,2.94,Tyler Wells,669330,CH,88,2026,1.22,5.3,2.2,3.4,1.3,21.9,9.2,10
1.01,1.02,1.0,1.1,0.96,0.97,1.14,1.4,1.0,1.04,0.93,1.0,0.92,1.04,0.96,1.0,1.38,Joey Wentz,666214,CH,297,2025,0.91,21.4,2.8,14.0,3.7,87.5,9.9,10
0.96,0.98,1.01,1.08,1.1,0.99,0.93,1.18,1.0,0.95,0.99,1.01,1.03,0.96,1.03,0.98,1.02,Hayden Wesneski,669713,CH,66,2025,0.8,15.5,8.1,11.7,6.0,60.7,30.8,10
1.01,0.99,1.0,1.0,0.98,1.03,1.09,1.12,1.0,1.02,1.01,1.0,0.94,1.02,1.01,1.0,1.04,Carson Whisenhunt,687931,CH,152,2025,0.87,20.4,2.1,13.4,2.1,81.4,5.4,5
0.78,1.19,1.0,1.14,0.85,1.04,0.85,2.48,1.0,1.24,1.07,0.98,0.85,1.13,1.19,0.98,0.67,Garrett Whitlock,676477,CH,56,2026,0.96,3.8,1.0,2.7,1.1,14.0,5.3,10
0.89,1.08,1.0,0.97,0.88,0.99,0.97,0.8,1.06,0.84,1.05,0.97,0.82,1.16,0.88,1.02,1.38,Jordan Wicks,696136,CH,310,2026,0.77,10.0,7.3,5.6,3.8,34.5,26.2,10
1.35,1.19,1.0,1.12,0.77,1.02,1.19,0.94,1.03,1.43,1.08,0.99,0.83,1.37,1.48,1.05,-0.07,Devin Williams,642207,CH,166,2026,1.06,3.4,1.1,2.4,0.7,13.1,7.7,10
1.0,1.2,1.0,1.08,1.01,0.97,0.99,0.86,1.01,0.91,0.87,0.96,0.95,0.97,0.97,1.0,0.63,Trevor Williams,592866,CH,364,2025,0.74,21.3,2.7,14.5,3.2,81.2,7.2,10
1.32,1.04,0.99,0.96,0.77,0.95,0.44,1.76,0.84,1.03,0.98,0.99,0.91,1.14,1.09,1.03,1.3,Brandon Williamson,682227,CH,121,2026,1.24,18.7,4.7,12.7,4.7,76.8,17.5,10
0.97,1.08,0.99,1.0,1.11,1.05,0.98,1.12,1.03,0.98,0.91,1.01,0.9,0.75,1.17,0.99,1.02,Bryse Wilson,669060,CH,222,2025,0.74,15.6,9.6,9.7,5.5,58.1,33.9,10
1.02,0.98,1.0,1.07,0.98,1.03,1.25,1.54,1.0,0.89,0.91,0.97,0.97,0.97,0.94,1.0,1.16,Steven Wilson,621051,CH,120,2025,0.9,3.7,1.6,2.6,1.2,17.5,6.2,10
1.07,0.98,1.0,1.0,0.99,1.01,1.09,0.97,1.0,1.0,1.01,1.0,0.99,1.0,0.99,1.01,0.99,Allan Winans,642216,CH,61,2024,0.88,17.4,5.1,10.2,4.2,63.6,11.7,5
0.99,0.87,1.01,0.99,1.94,1.13,0.93,1.14,0.98,0.99,1.04,1.06,1.11,0.54,1.2,1.0,1.04,Josh Winckowski,670174,CH,191,2025,0.77,7.5,4.6,4.7,2.1,30.3,21.8,10
0.9,0.9,1.02,1.02,1.33,1.0,0.94,1.28,0.97,1.08,1.0,1.05,0.96,0.63,1.16,0.96,0.72,Bryan Woo,693433,CH,55,2026,0.71,23.2,3.0,16.8,3.9,86.4,13.5,10
0.98,0.97,1.01,1.0,1.17,1.08,0.97,0.93,1.03,0.99,1.0,1.0,1.0,0.96,1.01,1.02,0.92,Alex Wood,622072,CH,168,2024,0.83,20.3,4.4,13.0,3.9,83.6,14.1,9
0.96,1.1,0.99,1.02,0.66,0.85,0.88,2.1,1.0,0.98,1.04,0.96,0.8,1.21,1.13,0.99,1.64,Brandon Woodruff,605540,CH,87,2026,1.03,21.0,6.2,15.2,4.5,75.1,22.3,10
0.71,1.03,0.97,0.98,0.67,0.65,1.06,3.28,1.0,1.09,1.07,0.91,0.84,0.78,1.26,0.95,0.11,Ryan Yarbrough,642232,CH,59,2026,0.97,7.9,3.1,5.6,2.1,30.6,13.0,10
0.94,1.0,1.0,1.0,0.94,0.99,1.11,0.98,1.03,1.02,0.99,0.99,0.95,0.99,1.02,0.98,0.9,Craig Yoho,684974,CH,79,2025,0.77,5.0,2.2,3.0,0.5,21.6,8.2,8
0.94,1.02,0.99,0.99,1.07,1.0,0.94,0.94,0.98,0.99,1.0,1.0,1.01,1.03,0.99,1.0,0.95,Alex Young,622065,CH,124,2024,0.83,4.2,2.3,2.5,1.4,17.9,11.1,10
1.01,0.95,1.0,0.93,1.01,1.03,1.01,1.07,1.0,1.0,0.95,1.03,1.04,0.97,0.96,1.02,1.06,Angel Zerpa,672582,CH,13,2026,0.92,4.7,1.1,2.9,1.4,18.8,7.3,10
0.97,1.06,1.01,1.04,0.86,1.03,0.93,1.06,1.01,0.9,0.92,1.05,0.81,1.26,0.92,1.02,0.38,Jacob deGrom,594798,CH,137,2026,0.83,22.0,3.1,16.4,3.9,88.3,9.7,10
0.88,0.83,1.02,1.01,0.92,0.91,0.93,2.86,0.99,1.08,0.86,1.0,0.92,0.77,0.99,0.96,0.78,Andrew Abbott,671096,CU,146,2026,0.98,22.3,2.4,15.8,2.8,90.4,8.6,10
0.88,1.05,0.97,1.09,1.1,0.9,1.07,-0.94,0.96,1.03,1.06,1.01,1.42,0.77,1.3,0.97,0.92,Mick Abel,690953,CU,43,2026,0.68,18.5,5.0,11.8,5.6,74.7,15.0,10
1.0,1.0,1.0,1.0,1.0,1.0,1.0,1.0,1.0,1.0,1.0,1.0,1.0,1.0,1.0,1.0,1.0,Philip Abner,691769,CU,7,2026,0.88,4.3,2.1,2.8,2.6,17.3,9.5,6
1.02,0.99,1.0,1.0,1.0,1.02,1.06,1.11,1.02,0.99,1.0,1.0,0.99,0.98,0.99,1.0,0.99,Julian Aguiar,687924,CU,49,2024,0.87,19.9,4.1,13.6,3.6,75.6,15.6,7
0.98,0.96,1.0,0.99,0.98,0.96,0.93,1.13,0.99,1.0,1.0,1.01,1.01,0.96,0.92,0.99,0.93,Jorge Alcala,660896,CU,245,2025,0.89,4.8,1.8,2.7,0.8,20.4,8.6,10
0.54,0.8,0.99,0.97,0.59,0.66,0.54,1.9,0.77,0.97,1.02,1.02,0.68,0.88,0.72,0.73,0.69,Sandy Alcantara,645261,CU,51,2026,0.73,26.6,2.8,17.5,3.4,98.1,6.5,10
0.84,1.07,1.0,0.97,1.39,1.07,0.88,0.11,1.0,1.03,1.11,1.05,1.2,0.97,1.25,0.97,1.25,Andrew Alvarez,674841,CU,85,2026,0.64,16.2,4.7,11.7,4.0,67.2,21.9,10
0.94,1.02,1.02,1.0,2.9,1.15,1.22,0.69,0.81,1.02,0.93,1.0,1.2,1.03,1.05,0.91,1.3,Drew Anderson,623454,CU,136,2026,0.48,8.7,4.6,6.6,4.3,33.7,16.9,10
0.97,0.79,1.01,0.97,0.96,0.91,0.99,1.43,1.0,0.87,0.96,1.03,0.98,0.92,0.36,0.99,0.69,Nick Anderson,623433,CU,332,2025,0.96,4.9,1.8,3.7,1.4,18.6,7.5,10
0.78,1.18,1.0,1.12,0.93,0.79,0.92,0.99,1.01,1.09,0.96,0.96,1.01,1.4,1.85,0.94,0.66,Spencer Arrighetti,681293,CU,251,2026,0.84,24.5,1.8,17.9,2.7,95.1,4.9,10
0.91,1.13,1.02,0.95,1.23,1.08,0.95,1.18,0.97,1.07,1.07,1.07,1.1,1.33,0.68,1.0,1.02,Braxton Ashcraft,677952,CU,261,2026,0.86,25.0,2.9,18.9,3.0,88.1,8.1,10
1.02,0.96,1.0,1.01,0.88,1.07,1.1,1.34,0.99,0.95,1.04,0.96,0.99,0.89,1.14,1.01,0.93,Javier Assad,665871,CU,30,2026,0.9,14.4,7.4,10.4,5.7,57.0,28.6,10
0.98,0.93,1.0,1.03,0.61,0.99,1.0,2.95,1.02,1.09,1.02,1.04,0.58,0.31,1.12,0.98,0.63,Luinder Avila,679883,CU,46,2026,1.0,9.7,5.4,6.3,2.8,42.1,20.7,10
0.94,1.01,1.0,1.0,0.98,0.99,0.94,0.94,0.99,1.0,1.0,1.0,1.0,1.0,1.0,0.99,1.03,Pedro Avila,658648,CU,228,2024,0.85,5.6,1.9,3.7,1.5,23.3,9.4,10
0.92,1.36,0.99,1.03,0.81,0.8,1.1,2.12,0.94,0.97,1.08,0.96,1.24,1.44,1.61,0.94,0.74,Scott Barlow,605130,CU,137,2026,1.0,4.0,1.1,2.1,1.0,15.6,4.9,10
0.94,1.0,1.0,1.0,0.96,0.95,0.94,0.99,0.94,1.01,0.99,1.0,1.03,1.0,1.0,0.95,1.04,Mason Barnett,686930,CU,65,2025,0.83,18.8,5.0,12.0,3.2,78.8,22.2,6
0.75,0.97,0.96,0.99,0.71,0.74,0.83,1.9,0.99,0.89,1.11,0.89,0.87,0.97,1.74,0.92,1.22,Chris Bassitt,605135,CU,217,2026,0.88,22.2,3.4,14.4,4.4,82.1,14.0,10
1.04,1.0,1.0,1.01,1.0,1.05,0.93,1.35,1.0,0.93,1.02,0.97,1.03,0.99,0.28,0.99,1.11,Brady Basso,669620,CU,108,2025,0.89,4.8,2.3,2.5,1.2,16.6,12.4,10
0.54,1.05,1.0,1.01,0.85,1.05,0.54,0.67,0.8,0.98,1.04,1.03,1.0,1.01,0.88,0.91,1.12,Carter Baumler,691945,CU,56,2026,0.69,6.8,2.9,4.0,1.8,29.2,13.5,4
1.05,0.94,1.01,1.01,1.09,1.04,1.1,0.9,1.02,0.99,1.03,1.0,1.0,0.93,0.98,1.04,1.06,Tristan Beck,663941,CU,141,2025,0.9,6.8,3.4,4.8,2.7,22.7,12.2,10
0.98,0.94,0.98,0.98,0.67,0.85,0.98,2.0,1.01,0.94,0.87,0.96,0.92,1.06,0.9,1.0,0.74,David Bednar,670280,CU,118,2026,1.06,4.6,1.4,2.9,0.9,19.2,7.8,10
1.03,1.0,1.0,1.0,0.98,1.01,0.97,1.06,1.03,0.99,1.0,1.0,0.98,1.01,1.02,1.01,0.99,Tyler Beede,595881,CU,62,2024,0.89,5.2,1.7,2.6,1.5,21.1,8.8,10
2.17,0.93,1.04,0.99,0.68,1.19,2.37,2.56,0.91,0.97,1.01,1.02,0.88,0.93,0.66,1.14,0.92,Brayan Bello,678394,CU,64,2026,1.42,23.0,3.0,15.3,4.4,84.4,12.5,10
1.0,1.0,1.0,1.0,1.0,1.0,1.0,1.0,1.0,1.0,1.0,1.0,1.0,1.0,1.0,1.0,1.0,Jake Bennett,687562,CU,16,2026,0.88,21.0,1.4,15.5,0.7,85.0,1.4,2
0.93,0.72,0.96,0.85,1.26,0.78,0.86,3.52,0.97,1.01,1.1,0.98,1.01,0.84,1.41,0.94,-0.05,Brennan Bernardino,657514,CU,113,2026,1.06,4.0,1.2,2.7,0.8,12.9,3.9,10
1.08,1.07,0.98,1.03,0.88,1.14,1.18,0.5,0.95,1.0,1.16,0.98,0.94,0.84,1.59,0.99,0.84,Tanner Bibee,676440,CU,115,2026,0.79,23.2,3.7,16.1,4.7,90.1,12.2,10
1.0,1.0,1.0,1.0,1.0,1.0,1.0,1.0,1.0,1.0,1.0,1.0,1.0,1.0,1.0,1.0,1.0,Hunter Bigge,685801,CU,7,2026,0.88,5.0,2.4,3.2,2.0,18.0,6.5,10
0.96,0.75,1.0,0.94,0.94,0.97,0.97,1.44,1.0,1.1,0.99,1.02,0.99,0.8,1.78,1.02,0.95,Jake Bird,656234,CU,45,2026,0.92,3.1,1.1,1.9,0.9,13.1,5.1,10
1.03,1.04,1.0,1.01,0.9,1.01,0.99,0.86,0.99,1.05,0.94,1.01,0.98,1.05,0.56,1.0,1.1,Hayden Birdsong,806185,CU,414,2025,0.89,19.7,5.2,13.0,4.9,80.7,21.2,10
1.05,1.0,1.0,0.99,0.97,1.01,1.0,1.12,0.96,0.99,1.0,1.0,0.98,0.97,0.96,1.0,0.96,Ty Blach,621389,CU,124,2024,0.91,12.2,5.9,6.9,3.8,43.6,18.5,10
0.87,1.41,0.97,0.97,1.36,0.91,0.98,-1.77,1.0,1.06,1.04,1.01,1.29,1.02,0.93,0.99,1.69,Paul Blackburn,621112,CU,45,2026,0.6,6.5,2.5,4.4,2.2,26.5,8.6,10
1.04,0.83,1.01,1.01,0.86,0.98,1.11,1.98,1.07,0.98,0.97,1.01,0.86,0.79,0.32,1.0,0.99,Bradley Blalock,687134,CU,193,2025,0.97,22.1,3.4,14.1,3.2,81.7,9.3,10
1.0,1.02,0.99,1.04,0.82,0.97,1.13,2.23,0.97,0.93,0.97,1.01,1.02,1.07,1.07,0.99,0.62,Ronel Blanco,669854,CU,419,2025,1.01,21.5,4.4,16.0,5.0,87.8,10.7,10
1.0,1.0,1.0,1.0,1.0,1.0,1.0,1.0,1.0,1.0,1.0,1.0,1.0,1.0,1.0,1.0,1.0,AJ Blubaugh,805123,CU,14,2026,0.88,7.5,3.7,5.4,2.9,29.7,14.3,10
1.14,0.79,1.02,0.98,1.96,1.05,0.54,0.52,0.95,1.02,0.88,1.0,1.04,0.54,1.21,1.1,1.07,Cody Bolton,675989,CU,46,2026,0.86,11.2,3.3,6.4,3.1,46.7,13.1,10
1.21,1.0,1.01,0.99,1.0,1.08,0.94,1.07,1.08,1.0,0.98,1.0,0.97,1.03,0.99,1.04,1.01,Caleb Boushley,676961,CU,54,2025,0.92,6.4,3.7,3.8,1.9,26.0,16.8,10
1.02,0.84,1.0,0.96,0.99,0.97,1.05,1.68,1.0,0.95,0.86,0.93,1.0,0.88,1.14,1.0,0.95,Matthew Boyd,571510,CU,34,2026,0.93,21.1,2.8,14.8,3.4,85.6,9.3,10
1.04,0.99,1.0,1.01,0.98,0.99,0.98,1.16,0.99,0.99,1.0,1.0,0.99,0.96,0.97,1.0,0.98,Cody Bradford,674003,CU,149,2024,0.9,22.6,3.4,16.4,4.2,86.0,15.4,10
1.04,1.29,1.02,0.99,1.37,1.05,0.89,1.1,0.98,1.04,1.1,1.06,1.1,1.35,0.75,0.96,1.29,Kyle Bradish,680694,CU,258,2026,0.79,24.2,3.0,16.6,2.9,95.2,4.9,10
1.14,1.28,0.99,1.0,0.91,0.92,1.17,0.91,0.99,0.91,0.81,1.02,0.91,1.36,0.45,1.05,1.44,Taj Bradley,671737,CU,100,2026,1.04,23.5,3.7,16.8,3.1,96.2,11.3,10
0.97,1.01,1.0,1.0,1.04,0.98,0.97,0.93,0.99,1.0,1.0,1.0,1.01,1.02,1.02,0.99,1.02,Colten Brewer,605155,CU,110,2024,0.86,5.3,1.9,2.6,1.5,20.8,9.0,10
0.92,1.25,1.02,0.87,0.67,0.97,0.92,2.4,1.0,1.06,0.98,1.03,0.82,0.92,1.25,1.03,0.73,JT Brubaker,664141,CU,40,2026,1.06,6.3,2.9,4.4,2.7,24.9,11.0,10
0.99,1.01,1.0,1.0,0.99,1.02,0.94,1.01,1.02,1.0,0.99,1.0,0.97,1.0,0.97,1.01,1.01,Zach Brzykcy,694350,CU,136,2025,0.88,4.5,1.6,2.3,0.9,19.5,7.9,10
1.01,1.06,1.04,1.01,1.5,1.13,0.94,0.35,0.99,0.9,1.15,1.01,0.98,0.74,1.34,1.02,0.75,Aaron Bummer,607481,CU,65,2026,0.74,4.8,2.3,2.5,1.0,17.5,10.0,10
1.02,1.15,1.0,1.01,1.24,0.95,0.88,0.36,1.01,1.04,1.03,1.01,1.2,1.23,1.03,1.0,1.05,Corbin Burnes,669203,CU,838,2025,0.83,24.1,3.0,17.8,2.3,90.7,8.9,10
1.66,1.32,0.99,0.97,0.95,1.06,1.03,0.48,0.99,1.12,0.92,1.0,0.9,0.98,1.11,1.06,1.26,Mike Burrows,681347,CU,154,2026,1.02,24.8,3.2,17.2,2.2,91.8,6.0,10
0.97,0.99,1.0,1.0,0.98,0.99,0.97,0.99,0.98,1.0,1.0,1.0,1.0,1.0,0.99,0.99,1.01,Ky Bush,681066,CU,49,2024,0.87,21.5,3.7,12.5,3.9,81.8,15.4,4
1.12,0.99,1.0,0.99,0.82,1.11,1.18,0.29,1.01,0.96,0.92,1.06,0.8,1.18,0.76,1.02,0.79,Edward Cabrera,665795,CU,169,2026,0.88,22.6,3.9,16.4,3.3,87.1,10.9,10
1.02,1.01,1.01,0.93,0.91,1.03,1.06,1.59,0.97,0.95,0.99,1.0,0.85,0.85,0.85,0.98,0.9,Genesis Cabrera,650893,CU,262,2025,0.9,4.0,1.4,2.1,1.4,17.8,5.6,10
0.92,1.05,1.0,0.98,1.31,0.97,0.76,0.03,0.99,0.9,1.02,1.02,1.28,0.98,0.44,0.98,0.94,Noah Cameron,702070,CU,140,2026,0.76,23.0,2.8,16.0,2.7,86.4,10.2,10
0.72,1.12,0.99,1.08,1.89,0.9,0.77,-1.24,0.95,1.02,0.95,1.0,1.29,0.93,0.93,0.94,1.71,Joey Cantillo,676282,CU,182,2026,0.49,20.6,3.0,14.6,3.5,83.1,10.6,10
0.96,1.1,1.0,1.04,0.92,0.91,0.93,0.98,1.0,0.99,0.93,0.99,0.87,0.93,0.91,0.99,0.88,Carlos Carrasco,471911,CU,195,2025,0.9,15.1,8.9,9.4,5.9,52.9,32.5,10
0.99,0.92,1.01,0.92,0.9,1.09,1.01,0.82,1.01,1.1,0.97,1.01,0.83,1.07,1.08,1.0,1.15,Ben Casparius,676508,CU,198,2026,0.83,4.5,1.2,2.7,0.7,18.5,6.4,10
1.12,1.22,0.99,1.02,0.8,0.91,1.13,1.99,0.97,0.9,0.96,0.94,0.92,1.09,1.0,1.0,1.32,Slade Cecconi,677944,CU,151,2026,1.03,22.8,3.1,15.1,3.0,84.4,9.3,10
1.4,0.81,1.06,1.02,0.7,0.98,0.54,2.01,1.12,0.98,1.02,1.04,0.89,0.77,0.63,0.87,0.66,Bubba Chandler,696149,CU,30,2026,0.85,21.6,2.5,14.1,2.8,85.7,8.0,10
0.93,1.01,1.01,0.87,0.77,0.94,0.97,2.19,1.01,1.17,1.05,0.96,0.77,0.87,1.28,1.02,1.46,Aaron Civale,650644,CU,211,2026,1.0,22.5,2.0,14.9,1.5,83.5,12.2,10
0.97,1.0,1.0,1.0,0.99,0.99,0.97,1.04,0.97,1.0,0.99,1.0,1.0,1.01,1.0,0.98,1.01,Roansy Contreras,672710,CU,134,2025,0.86,8.9,4.0,6.5,4.4,33.0,16.5,10
1.02,0.99,1.0,1.0,0.99,1.01,1.07,1.07,0.97,1.0,1.0,1.0,1.01,0.99,0.95,1.0,0.99,Austin Cox,680735,CU,75,2025,0.89,8.3,5.3,5.1,2.7,33.8,20.7,10
1.03,1.0,1.0,1.0,0.94,0.98,1.12,1.16,0.95,0.99,1.0,0.99,0.99,0.98,1.03,1.0,1.02,Nabil Crismatt,622503,CU,83,2025,0.92,16.5,7.9,10.7,5.7,57.5,28.5,10
1.29,0.89,1.01,1.0,1.48,0.79,0.54,0.35,1.31,1.07,1.1,0.97,1.0,0.91,1.4,1.13,1.21,Coleman Crow,689441,CU,40,2026,0.98,19.7,1.5,14.3,2.9,67.7,8.0,3
1.07,1.0,1.0,1.0,0.97,1.0,1.11,1.14,1.0,1.0,1.02,1.0,0.98,0.98,1.01,1.01,1.01,Xzavion Curry,675540,CU,89,2024,0.92,7.3,5.3,5.5,5.4,26.6,20.4,10
0.99,0.95,0.99,1.04,0.72,0.78,0.96,1.81,1.0,0.98,1.11,0.91,0.85,1.16,1.2,0.99,1.19,Yu Darvish,506433,CU,285,2025,1.04,19.4,2.3,14.4,2.4,79.5,6.7,10
0.9,0.91,0.98,0.96,0.86,0.8,1.12,1.33,1.02,0.97,0.89,0.91,0.91,1.07,1.22,0.99,1.45,Reid Detmers,672282,CU,120,2026,0.94,24.1,2.5,17.3,4.2,94.7,4.1,10
1.01,1.07,1.0,1.01,1.12,0.92,1.01,1.02,1.01,0.98,1.09,0.99,1.03,1.11,0.81,1.0,1.05,Hunter Dobbins,690928,CU,126,2026,0.91,17.0,3.8,12.1,3.8,63.7,15.8,10
1.04,0.95,0.99,0.99,1.05,0.9,0.89,1.22,0.98,1.05,1.05,0.99,1.09,1.1,1.41,0.98,0.92,Chase Dollander,801403,CU,59,2026,0.91,18.9,7.6,13.2,6.3,74.2,31.7,10
1.82,0.99,1.0,1.01,0.77,1.05,1.25,1.41,1.42,0.97,1.0,1.0,0.72,0.77,1.03,1.23,0.95,Connelly Early,813349,CU,122,2026,1.26,23.3,3.0,16.6,3.6,88.9,5.9,10
1.0,1.0,1.0,1.0,1.0,1.0,1.0,1.0,1.0,1.0,1.0,1.0,1.0,1.0,1.0,1.0,1.0,Carl Edwards,605218,CU,61,2026,0.88,7.4,4.0,4.6,3.1,28.7,16.7,7
1.0,1.13,0.99,1.01,0.87,0.96,1.36,0.97,1.02,0.98,1.25,0.99,0.97,1.03,1.23,1.01,0.89,Zach Eflin,621107,CU,639,2025,0.91,20.9,5.6,14.0,5.5,78.2,19.1,10
1.0,1.0,1.0,1.0,1.0,1.0,1.0,1.0,1.0,1.0,1.0,1.0,1.0,1.0,1.0,1.0,1.0,Josh Ekness,694795,CU,11,2026,0.88,3.7,1.8,2.3,0.8,16.3,10.4,6
1.01,1.09,0.98,1.06,0.78,0.89,1.17,2.37,0.94,0.74,1.06,0.96,0.87,1.26,0.99,0.94,0.87,Nathan Eovaldi,543135,CU,202,2026,1.0,26.2,1.8,18.8,3.3,92.9,6.0,10
1.06,1.0,1.0,1.0,0.98,1.0,1.12,1.05,1.0,1.0,1.01,1.0,1.0,0.99,1.02,1.01,1.02,Paolo Espino,502179,CU,50,2024,0.91,14.7,6.5,8.3,4.0,52.7,22.5,3
1.1,0.96,1.0,0.99,0.97,1.03,1.11,1.12,1.03,1.02,1.02,1.0,0.96,0.96,1.02,1.04,1.0,Logan Evans,688138,CU,131,2025,0.94,20.6,3.6,14.3,2.5,81.4,13.7,10
1.1,0.8,1.0,1.09,0.75,1.05,1.08,2.06,0.99,0.88,0.88,0.98,0.78,0.82,0.49,1.01,0.75,Bailey Falter,663559,CU,17,2026,1.01,13.7,4.9,7.4,4.0,50.2,22.2,10
0.88,1.07,1.0,0.92,1.36,0.9,0.83,0.94,0.99,1.16,0.91,1.07,1.09,0.97,1.03,1.0,1.39,Calvin Faucher,676534,CU,62,2026,0.83,4.9,1.6,3.5,1.2,20.3,8.0,10
1.16,0.68,1.0,1.01,0.9,0.97,1.09,0.92,1.04,1.03,1.09,1.0,1.19,0.79,0.92,1.05,0.84,Ryan Feltner,663372,CU,33,2026,0.98,20.0,5.7,14.0,4.9,73.8,18.4,10
1.12,0.75,1.01,0.85,1.01,1.08,0.99,1.4,0.99,0.96,0.85,1.02,1.07,0.96,0.34,1.04,1.25,Braydon Fisher,680755,CU,143,2026,0.97,4.0,1.2,3.0,0.9,15.9,7.2,10
1.04,0.99,1.0,1.0,1.03,1.01,1.02,0.94,1.0,1.0,1.01,1.0,1.0,0.96,0.97,1.01,0.99,Richard Fitts,690916,CU,81,2025,0.89,17.0,5.5,11.2,4.8,66.1,22.0,10
1.0,1.01,1.0,1.02,0.91,1.04,1.01,1.62,1.0,1.0,1.05,0.98,0.91,1.0,1.11,1.0,0.88,Josh Fleming,676596,CU,57,2026,0.92,7.9,5.5,4.7,3.7,30.1,22.0,10
0.93,0.9,0.98,0.97,0.76,0.86,1.14,1.35,1.03,1.01,1.03,0.91,0.76,0.98,0.97,0.98,1.16,Chris Flexen,623167,CU,456,2025,0.93,11.1,5.2,7.2,3.5,42.5,19.0,10
0.99,1.0,0.99,1.0,1.0,0.95,0.99,0.44,1.0,1.0,1.03,0.93,1.07,1.06,1.01,0.99,1.12,J.P. France,641585,CU,123,2026,0.84,16.9,8.5,10.4,5.2,65.9,31.6,10
1.04,0.71,0.98,1.04,0.9,0.86,1.19,1.32,1.0,0.91,0.9,0.92,0.98,0.91,1.55,1.0,0.92,Bowden Francis,670102,CU,443,2025,0.95,19.8,3.8,12.4,4.7,78.7,10.5,10
0.88,0.71,0.98,1.0,0.96,0.8,0.97,0.62,0.96,1.1,0.92,0.93,1.07,0.89,1.14,0.97,1.66,Max Fried,608331,CU,129,2026,0.84,23.9,4.7,18.2,4.6,91.4,12.5,10
1.08,1.01,1.0,1.0,0.97,1.02,1.16,1.11,1.01,1.0,1.0,1.0,0.98,1.01,0.99,1.03,0.99,Carson Fulmer,608334,CU,117,2025,0.94,9.0,5.5,6.4,4.0,34.3,23.3,10
0.94,1.0,1.0,1.0,0.98,0.97,0.94,1.12,1.02,1.0,1.0,1.0,0.99,1.0,1.02,0.99,0.95,Gerson Garabito,642520,CU,167,2024,0.87,8.4,5.8,4.8,3.3,31.3,19.1,10
1.04,1.01,1.0,1.0,0.98,0.98,1.09,0.98,1.02,1.0,0.99,1.0,0.98,1.0,0.99,1.01,1.02,Deivi Garcia,665620,CU,45,2024,0.9,5.1,2.1,3.3,1.5,21.5,8.4,10
0.85,1.01,0.99,0.9,1.65,1.0,0.92,2.12,0.97,0.96,1.05,1.08,0.88,1.32,0.18,0.99,0.63,Rico Garcia,670329,CU,59,2026,0.92,3.6,1.7,2.4,1.7,13.7,7.7,10
0.98,0.94,1.0,0.91,0.99,1.05,0.95,2.48,1.0,1.05,0.98,1.06,0.89,0.96,1.2,0.99,0.71,Yimi Garcia,554340,CU,183,2025,0.96,4.2,1.5,2.6,0.7,17.8,10.6,10
1.05,0.98,1.0,1.0,0.96,1.01,1.06,1.16,1.0,1.0,1.02,1.0,0.97,0.99,0.95,1.01,0.92,Domingo German,593334,CU,123,2024,0.92,14.1,6.8,8.4,5.1,53.0,23.7,7
1.0,1.0,1.01,0.92,1.2,0.98,0.97,0.47,1.01,1.08,1.0,0.99,1.06,1.09,1.29,1.0,1.21,Cade Gibson,806188,CU,307,2026,0.81,5.5,3.5,3.3,2.2,23.4,15.7,10
1.06,1.15,1.0,1.08,0.86,0.97,1.33,0.92,1.02,0.97,1.13,0.99,1.11,1.2,0.86,1.03,1.0,Kyle Gibson,502043,CU,269,2025,0.96,21.8,5.4,13.7,5.6,82.1,17.1,10
1.86,0.97,1.05,1.03,1.13,1.11,2.78,0.89,1.0,0.97,0.99,1.02,0.95,0.91,0.96,1.3,1.17,Trey Gibson,694346,CU,40,2026,1.41,18.3,7.4,12.0,6.1,72.3,37.2,3
0.97,0.86,0.98,1.15,0.86,0.84,0.91,3.2,1.0,0.92,1.11,1.01,0.8,1.06,1.68,0.98,0.4,Logan Gilbert,669302,CU,118,2026,1.09,23.3,2.2,17.1,2.8,91.9,4.5,10
1.01,0.99,1.0,1.0,0.98,1.02,1.04,1.05,1.0,1.0,1.01,1.0,0.99,0.97,0.98,1.01,1.0,Logan Gillaspie,670810,CU,42,2025,0.89,6.9,4.8,4.6,3.6,21.6,19.2,10
0.97,0.97,1.0,1.02,1.0,1.03,0.94,1.22,0.99,0.98,0.93,0.99,0.89,0.9,0.71,1.0,1.15,Lucas Giolito,608337,CU,8,2026,0.87,22.6,3.4,15.6,4.1,91.6,8.9,10
0.96,1.04,1.0,1.13,1.02,0.95,0.9,0.35,1.01,1.04,1.01,1.04,1.16,1.34,0.61,0.98,1.19,Tyler Glasnow,607192,CU,50,2026,0.83,21.1,7.1,16.0,6.5,84.3,30.8,10
1.05,0.98,1.01,0.99,1.0,1.02,1.13,1.04,0.98,1.0,0.98,1.0,0.99,0.99,0.99,1.02,1.02,Tony Gonsolin,664062,CU,103,2025,0.92,22.4,2.8,15.1,2.4,86.6,6.9,7
1.07,0.98,1.0,1.0,0.99,1.01,1.01,1.07,0.99,0.99,1.02,1.0,1.0,0.99,0.97,1.0,0.99,Marco Gonzales,594835,CU,55,2024,0.9,21.4,3.1,14.7,3.6,77.9,11.3,7
1.13,0.75,0.98,0.97,0.74,0.86,1.12,2.65,1.0,0.88,1.0,1.01,0.97,0.68,0.27,1.02,0.46,Tanner Gordon,685299,CU,58,2026,1.17,17.4,5.8,11.5,3.1,66.0,14.5,10
1.02,1.32,1.01,1.07,1.45,1.12,0.78,0.9,1.05,0.88,1.07,1.02,0.87,1.08,0.4,1.04,1.12,MacKenzie Gore,669022,CU,233,2026,0.83,21.0,5.7,14.8,5.8,88.0,22.0,10
1.22,0.9,1.02,0.96,1.55,1.0,0.98,0.51,0.99,1.07,0.91,1.05,1.2,0.72,0.29,1.05,1.62,Gordon Graceffo,700669,CU,70,2026,0.88,4.1,1.9,3.3,1.9,12.8,6.0,10
1.2,1.11,1.0,1.01,1.68,1.04,1.01,-0.74,1.02,1.01,1.0,1.0,1.06,1.04,1.39,1.04,1.46,Sonny Gray,543243,CU,153,2026,0.71,20.7,3.9,14.6,3.8,78.3,15.6,10
1.66,1.03,1.02,0.97,1.59,0.99,1.13,0.4,0.71,0.94,1.12,0.99,1.37,0.89,0.95,1.06,1.21,Foster Griffin,656492,CU,95,2026,1.06,23.6,2.2,16.6,2.4,92.6,6.7,10
1.05,0.99,1.01,1.0,1.08,1.07,0.99,0.87,1.04,0.99,1.01,1.0,0.99,0.94,0.99,1.02,1.04,Ryan Gusto,687473,CU,263,2025,0.85,16.6,9.4,11.4,6.6,65.7,37.3,10
0.86,0.9,0.99,1.07,1.07,0.98,0.93,-0.18,0.97,1.04,0.88,1.01,1.24,0.77,1.14,0.95,1.22,DL Hall,669084,CU,71,2026,0.66,4.8,1.9,3.5,1.4,20.8,8.8,10
1.06,1.06,0.96,1.0,2.53,0.88,0.98,-1.33,1.03,1.04,1.0,0.94,1.24,0.99,0.8,1.06,1.67,Hogan Harris,663687,CU,123,2026,0.65,3.5,1.3,1.9,1.4,15.6,7.2,10
1.0,1.01,1.0,1.0,1.04,1.0,0.97,0.92,0.99,0.99,1.0,1.0,1.01,1.0,0.99,1.0,1.0,Hunter Harvey,640451,CU,84,2024,0.87,4.0,1.4,2.6,0.7,16.3,6.8,10
1.04,0.93,0.99,0.95,0.76,1.0,0.88,1.67,1.06,1.01,1.04,0.96,0.85,0.8,1.05,1.05,0.77,Andrew Heaney,571760,CU,214,2025,1.02,14.6,6.3,8.7,4.0,57.0,21.5,10
1.07,1.01,1.01,1.03,0.85,0.97,1.12,1.88,1.0,0.98,0.89,1.01,0.98,0.98,0.4,1.0,1.06,Ryan Helsley,664854,CU,116,2025,1.0,3.7,0.9,2.4,0.7,15.3,4.5,10
1.09,0.83,1.0,0.85,1.11,1.06,1.2,1.29,1.03,1.05,0.78,0.92,0.88,0.77,1.54,1.02,1.01,Kyle Hendricks,543294,CU,490,2025,0.87,22.4,2.2,15.8,3.7,82.2,12.3,10
1.02,0.99,1.0,1.0,1.02,1.01,1.08,0.96,1.0,0.99,1.0,1.0,1.0,0.96,1.01,1.01,1.0,Tommy Henry,674072,CU,168,2024,0.88,18.9,5.3,11.9,3.4,73.1,20.9,10
0.99,1.02,1.0,1.05,1.2,0.98,1.0,0.56,1.0,1.0,1.05,1.01,1.04,1.04,0.83,1.0,1.04,Sam Hentges,656529,CU,132,2026,0.83,4.1,1.9,2.4,1.3,17.9,9.4,10
0.95,1.01,0.97,0.98,0.45,0.81,0.9,3.2,0.97,0.9,1.08,1.01,0.82,0.96,1.27,0.94,0.32,Tim Herrin,682120,CU,95,2026,1.11,3.4,0.5,1.9,0.9,13.1,3.6,10
1.04,0.97,1.0,1.0,0.97,1.01,1.11,1.07,1.01,1.0,1.01,0.99,1.0,1.0,1.05,1.0,0.99,Rich Hill,448179,CU,67,2025,0.88,9.7,9.2,5.7,5.9,40.3,35.4,6
0.54,1.21,1.01,0.96,0.89,1.33,0.54,0.9,1.22,1.06,1.04,1.01,1.09,0.94,1.05,0.95,1.21,Clay Holmes,605280,CU,73,2026,0.5,23.7,2.0,17.8,2.2,90.3,7.8,10
0.84,1.16,1.0,0.94,1.54,0.97,0.83,0.16,1.0,1.08,1.21,1.03,1.27,1.0,0.3,0.95,0.85,Grant Holmes,656550,CU,95,2026,0.69,22.1,3.9,15.4,2.9,82.9,10.5,10
0.98,0.99,1.0,1.0,1.0,0.99,0.91,1.16,1.02,1.0,1.01,1.0,0.98,0.98,0.94,0.98,0.97,Cade Horton,690990,CU,174,2025,0.85,17.5,6.3,14.1,5.4,64.7,23.2,10
0.87,1.3,1.01,1.04,1.67,1.02,0.9,0.56,0.99,0.75,0.92,1.03,0.84,0.87,0.91,0.99,0.95,Adrian Houser,605288,CU,95,2026,0.72,23.0,2.7,15.3,2.7,83.5,8.9,10
0.97,0.98,1.0,1.0,1.03,1.0,0.97,0.96,0.99,0.99,0.99,1.0,1.01,0.98,0.99,0.99,1.01,Spencer Howard,675921,CU,37,2024,0.85,15.9,3.9,9.2,4.1,59.6,15.1,9
0.99,1.02,1.0,1.0,0.98,1.01,0.98,1.05,0.99,1.0,0.99,1.0,1.0,1.0,1.02,0.99,0.97,Dakota Hudson,641712,CU,256,2024,0.86,22.2,3.8,15.1,4.5,81.2,11.7,10
1.0,1.0,1.0,1.0,1.0,1.0,1.0,1.0,1.0,1.0,1.0,1.0,1.0,1.0,1.0,1.0,1.0,Shota Imanaga,684007,CU,25,2026,0.88,24.3,2.5,18.0,2.4,91.4,9.0,10
1.07,0.98,1.0,1.0,0.97,1.0,1.0,1.07,1.02,0.99,1.03,1.0,0.96,0.98,0.97,1.01,0.98,Cole Irvin,608344,CU,68,2024,0.91,10.1,6.1,6.1,4.4,37.3,23.4,10
1.12,0.89,1.0,1.12,1.49,1.0,1.13,1.25,0.99,0.98,1.11,0.98,1.07,1.26,1.72,0.99,0.39,Jake Irvin,663623,CU,243,2026,0.87,20.8,2.9,14.0,2.4,85.5,9.8,10
0.96,0.96,1.01,1.04,1.64,1.05,0.9,-0.4,1.01,0.97,1.11,1.06,1.16,0.92,0.56,1.0,1.09,Luke Jackson,592426,CU,266,2025,0.67,4.3,1.2,3.2,1.3,17.7,6.6,10
0.94,1.0,1.0,1.0,0.97,1.01,0.94,1.01,1.04,1.01,1.0,1.0,0.96,0.98,1.01,0.99,1.0,Jackson Jobe,695549,CU,69,2025,0.84,21.6,2.3,14.6,2.2,87.3,6.6,10
1.37,0.92,1.01,0.89,0.78,0.93,1.05,3.65,1.04,1.09,1.15,1.08,0.83,0.84,0.77,1.08,0.5,Pierce Johnson,572955,CU,242,2026,1.33,4.2,1.8,2.7,1.8,18.4,8.2,10
1.04,1.01,1.0,1.0,0.98,1.01,1.09,1.05,1.0,1.0,0.99,1.0,1.0,1.0,0.99,1.02,1.0,Jared Jones,683003,CU,178,2024,0.92,22.4,3.1,15.4,3.5,86.7,6.7,10
1.0,0.95,1.02,1.0,1.7,1.18,0.92,0.25,1.0,0.96,1.03,1.01,1.11,0.59,0.82,1.03,1.35,Janson Junk,676083,CU,70,2026,0.68,23.6,3.4,16.7,2.2,87.4,13.0,10
1.01,1.05,1.02,0.94,1.11,1.14,0.86,0.97,1.0,0.98,1.0,1.03,1.15,0.73,0.76,1.01,0.84,Merrill Kelly,518876,CU,88,2026,0.82,25.2,2.9,17.3,4.3,92.5,9.2,10
0.97,0.96,1.0,0.95,0.97,1.03,1.1,1.2,1.0,1.06,0.93,1.02,0.93,0.83,0.85,1.01,1.13,Zak Kent,687849,CU,23,2026,0.88,6.8,2.9,4.5,2.1,24.3,12.7,10
1.02,1.01,1.0,1.0,1.0,1.0,1.01,1.0,1.03,0.99,1.01,1.0,0.99,1.04,0.95,1.01,0.95,Ray Kerr,678061,CU,180,2024,0.89,10.4,6.8,6.4,3.8,38.3,25.5,10
0.95,0.97,1.0,1.01,1.14,0.93,0.96,1.09,0.96,0.91,1.05,0.92,1.08,1.14,0.52,1.0,1.19,Clayton Kershaw,477132,CU,397,2025,0.92,18.8,5.8,13.7,4.9,73.7,22.3,10
0.85,1.06,1.0,1.06,1.07,0.96,0.83,2.25,0.94,1.0,1.1,0.99,1.01,0.8,0.76,0.94,0.94,Yusei Kikuchi,579328,CU,50,2026,0.88,20.6,4.6,14.2,4.0,82.3,18.9,10
1.0,1.0,1.0,1.0,1.0,1.0,1.0,1.0,1.0,1.0,1.0,1.0,1.0,1.0,1.0,1.0,1.0,John King,667463,CU,28,2026,0.88,3.8,1.9,2.5,1.0,13.4,6.6,10
1.09,0.87,1.0,0.85,0.82,0.84,1.04,2.11,0.99,1.08,1.16,1.04,1.06,0.9,0.49,0.98,1.0,Tyler Kinley,641755,CU,67,2026,1.05,3.7,0.8,2.7,0.7,12.1,3.8,10
1.0,1.0,1.0,1.0,1.0,1.0,1.0,1.0,1.0,1.0,1.0,1.0,1.0,1.0,1.0,1.0,1.0,John Klein,804619,CU,6,2026,0.88,6.3,3.5,4.0,1.0,27.3,13.9,3
0.95,0.83,1.01,1.01,1.82,0.9,0.88,0.3,0.99,0.93,0.89,1.07,1.15,0.79,0.96,1.0,1.26,Will Klein,694361,CU,70,2026,0.74,4.1,1.9,3.3,1.6,16.5,8.0,10
0.99,1.16,1.0,0.95,1.37,0.97,0.98,0.51,0.99,1.0,1.02,1.03,0.99,1.17,1.32,1.0,0.93,Jared Koenig,657649,CU,294,2025,0.82,3.9,0.7,2.7,1.5,15.3,4.1,10
1.16,0.98,1.0,1.0,0.96,1.04,1.06,0.99,0.99,1.0,1.01,1.0,1.0,0.98,1.02,1.03,0.99,Max Kranick,668820,CU,63,2025,0.94,7.1,2.2,4.6,1.6,23.6,7.0,10
1.05,1.02,1.0,0.94,0.86,0.91,0.99,1.79,1.09,1.02,1.03,0.98,0.9,0.76,0.75,1.0,1.14,Dean Kremer,665152,CU,613,2026,0.96,19.7,6.7,14.8,6.2,80.9,27.0,10
1.0,1.0,1.0,1.0,1.0,1.0,1.0,1.0,1.0,1.0,1.0,1.0,1.0,1.0,1.0,1.0,1.0,Jacob Latz,656641,CU,28,2026,0.88,4.6,1.6,3.6,1.8,18.9,7.8,10
0.89,0.92,1.0,0.89,0.78,0.98,0.95,2.03,0.99,0.92,0.96,0.95,1.02,0.75,0.91,0.98,0.93,Eric Lauer,641778,CU,78,2026,0.93,18.8,6.7,13.0,4.9,70.4,25.9,10
1.1,0.99,1.04,1.1,1.35,1.22,0.83,-0.64,0.99,0.9,1.02,1.04,1.21,1.01,0.96,1.01,1.12,Kyle Leahy,681517,CU,146,2026,0.65,22.5,2.5,15.1,1.8,86.5,8.2,10
1.11,0.98,1.02,1.03,1.3,0.99,1.26,1.66,1.0,1.06,0.86,1.03,1.04,1.16,0.54,1.03,1.23,Jack Leiter,683004,CU,89,2026,0.98,24.3,2.6,16.7,3.2,94.8,7.2,10
0.95,1.11,1.01,1.02,0.91,0.88,0.92,1.01,0.94,0.88,0.9,0.93,0.88,1.19,1.09,0.96,1.61,Mark Leiter,643410,CU,70,2026,0.87,4.3,1.8,2.8,1.4,15.5,5.1,10
0.97,1.07,1.0,0.99,1.88,1.14,0.97,-0.26,1.02,1.16,0.9,1.0,1.16,1.14,1.12,0.99,1.75,Matthew Liberatore,669461,CU,161,2026,0.57,22.4,1.8,15.1,2.3,87.0,12.2,10
1.03,0.98,1.0,1.06,1.05,0.94,1.22,1.68,0.99,0.87,1.16,0.96,1.04,0.69,0.84,0.99,0.82,Ben Lively,594902,CU,258,2025,0.93,20.1,3.6,14.4,2.5,81.0,17.6,10
0.88,0.73,0.97,1.0,0.78,0.87,1.11,2.46,0.99,1.04,1.06,1.12,0.88,0.71,0.5,0.97,-0.0,Jonathan Loaisiga,642528,CU,68,2026,1.05,2.8,1.1,2.0,1.1,11.1,6.0,10
0.85,1.16,1.0,0.96,0.62,0.99,0.85,2.89,0.98,1.04,1.13,1.04,0.8,1.32,1.08,0.95,0.14,Nick Lodolo,666157,CU,116,2026,1.03,21.5,5.8,15.3,4.5,82.8,21.4,10
0.96,0.98,0.99,0.92,1.06,1.02,1.01,0.65,1.01,1.0,0.97,0.97,0.94,0.86,0.55,0.99,1.13,Sam Long,669674,CU,296,2025,0.81,4.1,1.4,2.1,0.9,17.5,7.8,10
1.03,1.13,1.0,1.09,0.88,1.06,1.13,0.88,0.99,1.0,0.99,1.03,0.98,1.09,0.8,1.01,1.04,Pablo Lopez,641154,CU,421,2025,0.89,22.3,2.9,15.7,2.6,89.1,12.6,10
0.99,0.78,0.97,1.0,0.84,0.81,0.91,1.08,0.99,0.88,1.02,0.93,1.04,0.9,0.79,0.96,0.83,Reynaldo Lopez,625643,CU,52,2026,0.93,8.8,4.8,5.4,3.4,34.9,25.9,10
1.04,1.0,1.0,0.92,1.66,1.05,1.16,-0.79,0.98,0.98,1.0,1.04,1.35,0.84,0.2,1.03,0.99,Michael Lorenzen,547179,CU,148,2026,0.73,20.7,6.5,13.5,4.8,78.0,25.3,10
0.95,1.01,1.0,0.99,0.94,0.96,1.05,1.32,0.99,0.98,1.0,1.0,0.98,0.99,0.96,0.98,0.95,Joey Lucchesi,664192,CU,218,2025,0.89,4.7,1.1,2.1,1.4,20.8,5.9,10
1.0,0.96,1.0,0.88,1.16,1.1,0.86,-0.26,0.98,1.23,1.09,0.96,1.18,0.68,1.63,0.99,1.38,Seth Lugo,607625,CU,166,2026,0.66,24.5,2.4,17.9,2.9,90.9,6.4,10
1.0,1.02,1.0,1.0,1.02,0.97,0.99,1.03,1.01,1.0,1.01,1.0,1.03,0.98,0.98,1.0,0.99,Lance Lynn,458681,CU,126,2024,0.89,22.2,2.3,15.8,3.4,88.1,6.4,10
0.97,1.0,1.0,1.0,1.01,0.99,0.97,1.03,1.01,1.0,1.01,1.0,1.01,1.0,1.0,0.99,1.01,Matt Manning,666159,CU,43,2024,0.86,24.6,2.5,16.2,2.4,87.4,4.2,5
1.03,1.03,0.99,0.98,0.84,1.05,1.04,1.43,0.98,0.93,1.15,1.01,0.75,0.94,0.85,1.02,0.4,Joe Mantiply,573009,CU,73,2026,0.98,3.7,1.1,2.7,1.1,13.8,4.8,10
1.03,0.99,1.01,1.0,1.02,1.03,1.01,0.99,1.04,1.0,1.01,1.0,0.98,0.99,0.98,1.02,0.98,Alec Marsh,679525,CU,354,2024,0.88,19.4,5.3,13.0,4.7,77.1,21.3,10
1.05,1.01,1.01,1.0,1.04,1.06,1.03,0.87,0.97,1.0,1.02,1.01,1.02,1.0,0.95,1.01,0.98,Corbin Martin,656686,CU,67,2025,0.87,4.5,2.0,2.4,1.7,19.8,9.4,10
1.0,1.04,0.99,0.99,1.01,1.04,0.99,1.03,0.98,1.11,0.87,1.03,1.17,1.23,1.38,1.02,0.66,Davis Martin,663436,CU,121,2026,0.91,24.2,1.5,18.9,1.7,91.4,7.7,10
1.17,0.68,1.02,0.92,1.72,0.94,0.85,0.14,1.04,0.97,0.77,1.0,1.2,0.55,0.25,1.04,1.46,Nick Martinez,607259,CU,71,2026,0.81,24.4,3.0,18.1,3.0,83.5,7.5,10
0.92,1.07,0.98,1.08,1.47,1.0,1.01,-0.09,0.93,1.2,1.22,0.95,1.31,1.14,1.98,0.99,0.93,Phil Maton,664208,CU,103,2026,0.71,4.2,0.9,2.6,0.7,16.3,3.5,10
0.92,0.91,1.0,0.98,0.96,1.1,0.95,3.41,0.98,0.92,1.0,1.0,0.94,1.16,0.99,1.0,0.93,Zebby Matthews,805673,CU,64,2026,1.03,23.7,1.6,16.3,3.9,88.8,11.4,10
0.96,0.87,1.02,1.02,0.98,1.06,1.01,1.04,1.03,0.87,0.94,0.98,1.02,0.89,1.17,0.98,1.07,Steven Matz,571927,CU,72,2026,0.79,18.5,6.7,13.3,6.1,73.6,26.4,10
1.0,1.0,1.0,1.0,1.0,1.0,1.0,1.0,1.0,1.0,1.0,1.0,1.0,1.0,1.0,1.0,1.0,Brycen Mautz,802408,CU,13,2026,0.88,14.0,,8.0,,58.0,,1
0.54,1.12,1.03,1.01,0.89,1.17,0.54,0.75,1.31,1.09,0.88,1.02,0.85,0.94,1.03,1.07,1.27,Dustin May,669160,CU,72,2026,0.7,23.6,2.1,17.0,3.1,89.4,7.3,10
1.0,0.93,1.0,0.95,0.94,0.96,0.96,1.38,1.0,0.98,0.95,1.03,0.91,0.77,0.47,1.0,1.01,Adam Mazur,800049,CU,127,2025,0.93,21.4,5.3,13.5,3.5,74.2,19.5,10
1.04,1.01,1.0,1.0,1.03,1.01,1.04,0.87,1.03,1.01,1.01,1.0,1.01,1.02,1.04,1.02,1.01,James McArthur,663704,CU,304,2024,0.89,3.9,1.0,2.1,1.8,15.8,3.0,10
0.54,0.94,1.02,1.02,1.4,0.86,0.54,0.89,0.67,0.99,0.88,1.01,1.16,0.84,0.76,0.87,1.0,Shane McClanahan,663556,CU,114,2026,0.7,20.3,1.9,15.2,2.0,79.1,8.5,10
0.94,0.99,1.0,1.0,1.03,1.03,0.94,0.98,1.01,0.99,1.02,1.0,1.02,0.98,1.01,0.99,0.99,Easton McGee,668834,CU,66,2025,0.83,6.4,3.7,4.1,2.1,22.9,13.7,10
1.03,1.3,1.02,1.04,1.0,1.09,1.01,1.0,1.02,0.96,0.86,0.97,0.96,0.89,1.44,1.01,1.24,Michael McGreevy,700241,CU,111,2026,0.82,21.8,1.9,16.2,2.0,86.5,7.7,10
1.0,0.99,1.0,1.0,0.95,1.01,1.03,1.22,0.97,0.99,1.01,1.0,0.97,1.02,0.99,1.0,0.98,Triston McKenzie,663474,CU,363,2025,0.91,14.6,7.7,8.7,5.3,56.9,25.9,10
0.85,1.14,0.96,0.97,1.3,0.96,0.92,-1.63,1.0,1.27,1.02,1.03,1.26,1.28,1.84,0.96,1.42,Nolan McLean,690997,CU,133,2026,0.54,23.5,4.0,17.1,3.6,92.4,8.4,10
0.99,0.92,1.0,1.06,1.05,0.93,0.98,0.76,1.0,1.0,1.04,1.02,0.99,1.02,0.89,1.01,1.07,Nick Mears,683232,CU,46,2026,0.89,4.1,1.5,2.2,1.4,16.7,7.3,10
1.0,1.03,0.99,1.08,1.41,0.97,0.93,-0.04,1.0,0.98,0.99,1.0,1.18,0.97,1.15,0.99,1.16,Tylor Megill,656731,CU,189,2025,0.73,21.8,2.0,15.0,3.5,88.8,11.7,10
1.04,1.0,1.0,1.0,0.99,0.99,1.03,1.02,0.98,1.0,1.01,1.0,1.0,0.99,0.98,1.0,1.0,Michael Mercado,675650,CU,58,2024,0.9,10.5,6.1,5.8,4.9,43.1,24.9,8
0.85,1.05,0.98,1.0,0.6,0.9,0.92,2.75,0.99,0.88,0.85,1.0,1.11,0.47,1.48,0.95,0.59,Parker Messick,800048,CU,119,2026,0.96,23.0,2.4,17.6,3.1,91.5,10.3,10
1.08,1.05,0.99,0.98,1.15,0.99,1.14,0.05,1.0,0.98,0.83,0.96,0.98,0.69,0.87,1.01,1.5,Miles Mikolas,571945,CU,121,2026,0.78,17.1,2.8,12.2,2.6,65.9,13.7,10
1.02,1.01,1.02,1.02,0.85,1.03,1.42,1.97,1.04,1.06,1.12,1.01,0.92,0.89,1.24,1.06,1.03,Spencer Miles,693686,CU,144,2026,1.02,10.6,5.1,7.9,3.4,41.0,20.4,10
0.98,0.99,1.0,1.0,1.13,1.06,1.0,0.91,1.02,1.0,1.0,1.0,0.99,1.0,0.99,1.02,1.01,Bobby Miller,676272,CU,232,2025,0.85,19.9,5.0,12.1,4.3,80.4,18.9,10
0.89,1.03,1.0,1.13,1.28,0.96,1.0,0.57,1.01,0.87,1.07,1.09,1.31,1.35,0.68,1.0,0.82,Jacob Misiorowski,694819,CU,130,2026,0.84,22.8,2.3,17.9,2.2,89.5,8.9,10
1.01,1.16,1.01,1.01,0.96,1.03,1.02,1.96,0.98,0.92,1.06,1.05,0.84,1.25,0.42,1.01,0.71,Anthony Molina,683627,CU,165,2025,1.01,8.8,3.2,5.9,1.7,34.0,14.8,10
0.93,1.05,1.0,1.01,1.02,1.0,0.92,1.02,1.01,0.99,1.01,1.0,0.99,1.02,0.93,0.99,0.96,Jordan Montgomery,656756,CU,588,2024,0.85,18.8,6.5,12.8,3.9,71.3,22.6,10
1.86,1.23,1.02,1.04,1.72,1.22,2.78,-0.03,1.22,1.01,0.98,1.04,0.95,1.13,0.62,1.39,0.82,Mason Montgomery,682254,CU,64,2026,1.33,4.3,1.2,3.0,1.6,15.9,6.8,10
0.88,1.36,1.02,0.94,0.62,1.4,1.1,0.93,1.04,1.0,1.02,1.04,0.65,1.38,0.97,1.0,1.15,David Morgan,688158,CU,80,2026,0.73,6.0,1.7,3.5,1.6,23.8,11.7,10
1.03,1.04,1.0,0.96,1.06,0.95,1.04,0.59,0.99,1.12,1.16,1.02,1.04,1.17,1.6,1.0,0.97,Charlie Morton,450203,CU,2149,2025,0.86,18.8,6.2,11.8,5.3,75.1,23.5,10
1.02,0.99,1.0,1.0,0.98,1.01,1.06,1.05,1.03,1.0,0.99,1.0,0.99,0.98,0.98,1.01,1.0,Kyle Muller,666205,CU,102,2024,0.89,8.3,3.6,6.2,3.3,29.3,10.9,10
0.98,0.98,1.0,1.0,1.11,0.98,1.03,0.87,0.92,1.0,1.0,1.0,1.04,1.0,1.05,0.98,1.03,Chris Murphy,669684,CU,176,2025,0.85,6.6,2.9,3.9,2.5,24.3,12.7,10
1.04,0.98,1.0,0.99,1.05,1.02,1.0,0.87,0.97,1.01,0.99,1.0,1.02,1.01,1.02,1.01,1.04,Joe Musgrove,605397,CU,355,2024,0.88,21.7,2.8,16.8,2.5,82.9,10.9,10
0.97,0.99,1.0,1.0,1.07,0.99,0.97,0.92,0.99,1.0,1.0,1.0,1.02,1.0,1.0,0.99,1.01,Parker Mushinski,656786,CU,42,2024,0.85,5.0,2.7,3.4,2.1,19.4,13.0,10
0.84,1.14,1.0,0.94,2.25,0.92,0.83,0.23,0.98,1.11,1.08,1.06,1.39,1.05,1.28,0.96,1.43,Tommy Nance,667297,CU,112,2026,0.6,4.0,1.2,3.2,0.9,15.0,7.3,10
1.02,1.02,1.0,1.0,0.98,0.99,0.97,0.97,1.0,1.0,1.0,1.0,0.99,1.0,0.98,1.0,1.0,Nick Nastrini,680897,CU,63,2024,0.88,19.3,3.0,11.9,3.9,81.6,8.7,9
1.1,1.05,1.02,1.03,0.65,1.08,0.87,2.48,0.98,1.04,0.97,1.0,0.68,0.71,0.87,0.98,0.8,Ryne Nelson,669194,CU,98,2026,0.98,23.7,5.8,16.7,6.2,85.8,20.5,10
0.95,1.03,1.0,1.08,1.56,0.91,0.85,0.22,0.99,1.02,0.93,1.06,1.16,1.23,0.86,0.98,1.05,Kyle Nicolas,693312,CU,32,2026,0.77,5.6,2.5,2.8,1.3,25.2,12.5,10
1.0,1.0,1.0,1.0,1.0,1.0,1.0,1.0,1.0,1.0,1.0,1.0,1.0,1.0,1.0,1.0,1.0,Bailey Ober,641927,CU,21,2026,0.88,24.6,2.3,17.7,3.9,88.8,8.5,10
0.54,1.25,1.01,1.0,1.48,0.83,0.54,1.01,0.83,1.01,0.78,0.97,1.07,1.12,1.21,0.84,1.22,Shohei Ohtani,660271,CU,84,2026,0.61,23.4,2.2,18.0,1.8,94.2,6.5,10
0.97,0.99,1.0,1.0,1.11,0.98,0.94,1.01,1.01,0.99,0.99,1.0,1.01,0.97,0.97,0.98,1.02,Adam Oller,670124,CU,106,2024,0.83,23.8,2.1,15.6,1.3,88.5,7.0,8
0.99,1.11,1.01,0.9,1.09,1.1,0.96,1.52,1.0,0.97,0.94,1.0,0.95,1.02,0.89,1.0,1.09,Reese Olson,681857,CU,176,2025,0.87,21.7,2.5,16.2,2.9,87.9,4.2,10
1.0,1.0,1.0,1.0,1.0,1.0,1.0,1.0,1.0,1.0,1.0,1.0,1.0,1.0,1.0,1.0,1.0,Eric Orze,679358,CU,34,2026,0.88,5.5,2.2,3.9,1.4,19.1,5.9,10
1.0,0.98,1.0,1.12,0.91,0.98,1.03,2.39,1.0,0.94,0.98,0.98,0.9,1.05,0.97,1.0,0.78,Johan Oviedo,670912,CU,123,2026,1.01,19.0,4.7,12.8,4.2,73.6,15.9,10
1.04,0.86,1.03,1.04,1.17,1.01,1.0,1.31,1.0,0.84,0.96,0.97,0.93,0.8,0.74,1.03,1.52,Chris Paddack,663978,CU,86,2026,0.9,21.4,2.8,13.5,2.5,82.8,9.0,10
0.89,1.01,1.0,1.01,0.67,0.78,0.54,1.64,0.9,1.01,1.08,1.01,0.76,0.89,0.94,0.87,0.89,Andrew Painter,691725,CU,87,2026,0.87,21.3,3.4,14.5,3.0,82.7,11.7,10
1.03,0.94,1.02,1.06,1.26,1.01,0.91,2.61,1.06,0.87,1.03,0.99,0.81,0.86,0.93,1.03,0.83,Mitchell Parker,680730,CU,71,2026,0.99,9.2,2.3,6.8,2.3,35.3,9.2,10
0.97,1.0,1.0,1.0,1.05,1.0,1.02,0.95,1.04,1.0,0.99,1.0,0.99,1.01,1.01,1.01,1.01,Nate Pearson,663878,CU,122,2024,0.86,6.0,3.1,3.6,2.1,23.2,11.5,10
1.01,1.01,1.0,1.0,0.97,1.02,0.94,1.02,1.03,1.01,0.98,1.0,0.99,1.0,1.05,1.0,1.01,Ryan Pepiot,686752,CU,147,2025,0.86,19.2,4.6,14.2,4.6,79.5,16.0,10
0.82,1.12,0.99,1.02,1.01,1.0,1.16,1.43,1.05,0.88,1.11,1.0,0.99,1.06,0.53,0.98,0.33,Freddy Peralta,642547,CU,138,2026,0.88,23.7,2.8,16.8,2.0,95.5,6.3,10
0.94,1.0,1.01,1.0,0.99,1.05,0.94,1.06,0.99,0.99,0.98,1.0,0.97,1.02,1.01,0.99,0.95,Luis Peralta,678821,CU,161,2025,0.84,4.8,1.4,2.3,1.3,20.8,7.1,10
1.01,1.01,1.0,0.97,1.03,0.98,1.05,0.97,1.03,0.96,1.01,0.97,0.98,0.96,0.95,1.0,0.83,Oswald Peraza,672724,CU,32,2025,0.88,7.5,2.1,3.0,2.8,20.0,1.4,2
1.25,0.94,1.06,0.95,2.46,1.41,0.44,0.37,0.71,1.01,1.06,1.04,1.11,0.97,0.64,1.12,0.99,Cionel Perez,672335,CU,106,2026,0.83,4.7,2.0,3.4,1.6,18.4,5.7,10
1.0,1.08,1.02,1.04,1.64,1.04,0.94,1.68,1.03,1.05,0.99,1.02,0.85,0.93,0.96,1.02,0.74,Eury Perez,691587,CU,67,2026,0.87,21.8,3.0,15.6,2.2,88.3,9.5,10
0.95,0.9,1.0,0.94,0.59,1.1,0.97,3.84,1.05,0.94,0.96,0.97,0.66,0.94,0.61,1.0,0.4,Martin Perez,527048,CU,84,2026,1.11,17.1,8.3,12.3,5.5,67.7,31.0,10
0.83,1.17,0.97,1.09,0.88,1.08,0.92,0.66,1.04,0.93,0.97,1.01,0.91,1.2,0.7,0.98,0.72,David Peterson,656849,CU,121,2026,0.79,19.6,4.6,12.4,2.2,71.1,17.3,10
1.17,1.25,0.99,1.0,1.74,0.94,1.04,1.42,1.0,0.96,1.0,1.03,1.23,1.16,1.11,1.01,1.09,Brandon Pfaadt,694297,CU,122,2026,0.9,11.7,8.4,8.1,6.2,42.6,30.8,10
1.0,1.0,1.0,1.0,1.0,1.0,1.0,1.0,1.0,1.0,1.0,1.0,1.0,1.0,1.0,1.0,1.0,Connor Phillips,683175,CU,16,2026,0.88,6.0,2.3,2.8,1.4,24.7,6.6,10
1.05,1.45,1.02,1.02,1.47,1.08,0.9,0.38,1.02,1.0,1.11,1.06,0.91,1.4,0.59,1.02,1.23,Tyler Phillips,663969,CU,105,2026,0.81,10.2,5.7,6.9,3.9,37.2,20.7,10
1.13,0.74,1.01,1.05,1.02,1.17,1.0,0.48,1.09,1.04,1.0,1.0,1.04,0.69,0.81,1.03,1.27,Nick Pivetta,601713,CU,50,2026,0.78,20.8,5.0,15.1,3.7,85.5,18.4,10
0.97,0.99,1.0,1.0,0.98,1.0,1.07,1.05,0.99,1.0,1.0,1.0,0.98,0.99,1.01,0.99,1.0,Cody Poteet,547001,CU,38,2024,0.86,18.7,3.3,13.7,4.3,75.3,11.3,6
1.1,1.25,0.98,0.96,1.87,0.96,0.92,0.18,1.01,0.96,1.02,0.96,1.41,1.06,0.95,1.0,1.58,Cade Povich,700249,CU,69,2026,0.73,21.5,3.4,15.0,3.2,84.3,16.5,10
0.98,0.97,1.0,0.95,1.3,1.01,1.09,0.4,1.0,1.13,1.08,1.03,0.95,0.99,1.59,1.01,1.07,Ryan Pressly,519151,CU,402,2025,0.78,4.2,1.1,2.1,0.7,14.7,5.1,10
0.54,1.13,1.02,0.96,1.25,1.05,0.54,1.16,0.8,1.11,0.92,1.01,1.0,1.03,1.17,0.67,0.95,Connor Prielipp,687570,CU,96,2026,0.32,20.7,2.2,13.7,2.6,87.0,4.8,7
1.02,1.1,0.99,0.99,0.93,1.0,1.14,1.03,0.98,1.02,1.04,1.02,0.92,1.18,0.6,1.01,0.95,Quinn Priester,682990,CU,347,2025,0.94,23.3,2.5,16.8,2.5,87.1,6.7,10
1.0,0.95,1.0,0.97,0.82,1.17,1.16,2.24,0.96,0.99,1.09,1.0,0.9,0.87,0.53,0.99,0.9,Cal Quantrill,615698,CU,15,2026,0.93,10.6,5.3,7.1,3.0,40.9,20.1,10
1.06,1.11,1.01,1.0,0.78,0.95,0.83,2.84,1.01,0.85,1.14,0.99,0.66,0.76,0.48,1.01,0.56,Jose Quintana,500779,CU,108,2026,1.11,19.6,4.4,13.3,4.3,75.0,17.1,10
1.02,1.0,1.0,1.0,0.99,0.98,1.06,1.13,0.97,1.0,1.01,1.0,1.0,1.01,0.98,0.99,0.97,Erasmo Ramirez,541640,CU,39,2025,0.9,5.3,3.0,3.6,2.0,21.3,14.0,10
1.05,1.22,1.0,1.09,1.93,0.94,0.88,1.19,1.02,0.95,0.96,1.06,1.05,1.21,1.5,1.01,0.58,Yohan Ramirez,670990,CU,78,2026,0.84,5.0,2.2,3.2,1.9,18.2,6.5,10
1.07,0.95,1.0,1.01,1.09,1.04,1.23,1.1,0.99,1.04,0.9,1.01,1.17,0.86,0.64,1.01,1.04,Drew Rasmussen,656876,CU,40,2026,0.89,21.6,3.4,16.3,3.1,85.6,12.3,10
1.07,1.11,1.02,1.01,1.64,1.11,1.06,0.34,0.97,0.84,0.86,1.0,0.84,0.77,1.15,1.05,0.84,Colin Rea,607067,CU,55,2026,0.79,23.0,2.9,16.0,3.2,90.2,8.0,10
0.94,1.0,1.0,0.99,1.03,0.96,1.07,0.9,0.99,1.0,0.99,1.0,1.02,0.98,0.99,1.0,0.99,Lyon Richardson,680689,CU,65,2025,0.87,4.7,2.3,2.9,1.4,18.1,8.7,10
1.04,1.04,0.99,1.0,1.37,1.13,1.38,0.25,1.05,1.0,0.96,1.02,0.95,1.05,1.2,1.16,1.06,JR Ritchie,702275,CU,117,2026,0.95,23.0,3.5,15.2,2.6,89.6,5.5,5
0.88,1.07,1.02,1.01,1.11,1.08,0.9,0.34,0.99,0.89,0.96,0.99,1.11,0.63,0.59,0.99,0.71,Eduardo Rodriguez,593958,CU,112,2026,0.75,25.2,2.3,18.4,3.8,95.3,5.7,10
1.03,0.98,1.0,1.0,1.0,1.06,0.94,1.05,1.03,1.0,0.99,1.0,0.97,0.98,0.99,1.03,1.03,Elvin Rodriguez,660730,CU,70,2025,0.89,12.9,8.5,7.9,5.8,47.7,28.4,7
0.9,0.83,1.02,1.1,1.37,0.9,0.92,0.83,1.07,1.03,0.93,1.0,0.78,0.75,0.79,1.04,0.98,Grayson Rodriguez,680570,CU,37,2026,0.87,23.6,2.9,16.7,3.1,94.3,7.2,10
1.02,1.0,1.0,1.0,0.99,1.03,1.05,1.02,1.0,1.0,1.0,1.0,0.99,0.99,1.02,1.01,1.01,Yariel Rodriguez,684320,CU,157,2024,0.88,3.9,1.0,2.4,1.3,14.7,4.7,10
1.05,0.9,1.02,1.01,1.21,1.07,1.07,0.43,0.99,1.03,1.11,1.0,1.17,0.41,1.02,1.01,1.36,Ryan Rolison,669020,CU,55,2026,0.75,4.8,2.5,3.1,1.8,18.3,10.2,10
1.11,0.98,1.0,1.0,0.97,1.03,1.13,0.99,1.0,0.99,1.04,1.0,0.97,0.98,0.96,1.03,0.97,Joe Ross,605452,CU,67,2025,0.93,6.0,3.0,3.4,1.5,23.1,14.6,10
0.64,1.25,0.95,0.95,1.16,0.74,0.96,0.64,1.0,1.18,1.1,0.96,0.99,1.2,2.05,0.95,0.87,Landen Roupp,694738,CU,298,2026,0.78,22.7,2.6,16.6,3.2,94.9,7.4,10
0.99,0.97,1.0,0.95,1.2,1.03,1.02,1.06,0.98,0.91,1.14,1.08,1.02,1.06,0.44,1.0,0.78,Jose Ruiz,614179,CU,436,2025,0.89,5.0,2.4,2.9,1.1,19.8,10.7,10
0.97,0.98,1.0,1.0,1.05,0.99,0.97,0.98,0.99,1.0,0.99,1.0,1.0,1.01,1.01,1.0,1.0,River Ryan,689981,CU,46,2024,0.87,20.2,2.2,15.2,1.0,73.8,14.3,4
1.01,1.0,1.0,1.0,0.96,1.02,0.91,1.1,1.01,0.99,1.0,1.0,0.97,1.02,0.99,0.99,0.99,Andrew Saalfrank,685314,CU,191,2025,0.87,4.2,1.5,2.7,1.3,17.7,7.6,10
0.89,1.39,1.0,1.03,0.87,0.98,1.0,-0.66,1.04,1.01,0.98,1.03,0.96,1.21,0.73,1.01,1.13,Erik Sabrowski,681870,CU,75,2026,0.77,3.3,1.4,2.4,1.3,14.6,6.6,10
1.0,1.0,1.0,1.0,1.0,1.0,1.0,1.0,1.0,1.0,1.0,1.0,1.0,1.0,1.0,1.0,1.0,David Sandlin,689818,CU,18,2026,0.88,19.0,,17.0,,61.0,,1
0.97,0.99,1.0,1.0,1.04,0.98,0.97,0.95,0.99,1.0,0.99,1.0,1.02,1.0,1.01,0.99,1.01,Patrick Sandoval,663776,CU,129,2024,0.86,22.2,4.8,15.7,3.9,91.0,20.9,10
0.96,1.05,0.99,0.89,1.01,0.92,0.95,1.29,0.97,1.07,0.89,1.03,1.02,0.98,1.62,0.99,0.79,Cole Sands,663485,CU,375,2025,0.91,4.1,1.4,2.6,1.8,15.2,5.9,10
0.97,1.01,1.0,1.0,1.07,1.0,0.97,0.95,1.0,1.0,1.0,1.0,1.01,0.99,1.01,1.0,1.0,Josh Sborz,622250,CU,65,2024,0.86,4.4,1.8,3.6,1.7,17.7,7.9,10
1.11,0.79,1.02,0.99,0.9,1.09,1.21,3.58,1.02,1.04,1.01,0.96,0.89,0.69,1.2,1.08,0.58,Max Scherzer,453286,CU,47,2026,1.17,18.0,5.3,11.2,5.4,72.4,19.1,10
1.08,1.18,1.03,1.05,1.26,0.99,0.93,0.24,1.03,0.98,1.09,1.06,0.85,1.18,0.56,1.02,1.04,Cam Schlittler,693645,CU,71,2026,0.85,23.4,2.6,18.3,2.8,92.3,9.5,10
0.99,1.0,1.0,1.09,0.98,1.03,1.07,0.96,1.02,0.95,1.04,1.01,0.9,1.13,0.89,1.0,0.91,Spencer Schwellenbach,680885,CU,455,2025,0.87,26.4,2.3,20.3,2.9,94.5,6.8,10
1.03,1.19,1.01,1.01,0.82,1.02,1.25,2.13,0.99,0.95,1.12,1.0,0.86,0.84,0.59,1.01,0.69,JP Sears,676664,CU,103,2025,1.02,21.0,3.4,14.5,2.5,85.6,15.5,10
0.54,1.05,1.03,1.01,0.6,1.12,0.54,1.71,1.12,1.0,0.89,0.98,0.72,0.89,1.06,0.94,1.2,Emmet Sheehan,686218,CU,81,2026,0.69,21.7,3.2,15.6,2.8,87.7,11.3,10
0.97,0.93,1.0,0.94,3.24,1.06,0.89,-0.01,0.99,1.0,0.98,1.01,1.26,0.97,1.13,1.0,1.0,Josh Simpson,681006,CU,149,2026,0.52,3.7,1.7,2.3,1.1,16.7,8.3,10
1.02,0.99,1.0,1.0,1.05,1.0,0.97,1.08,0.99,1.01,0.99,1.0,1.01,1.0,1.02,1.0,1.0,Lucas Sims,608371,CU,65,2024,0.88,5.3,2.5,3.1,1.7,20.0,8.9,10
0.54,0.86,0.98,1.05,2.66,0.83,0.54,0.39,0.83,0.93,0.94,0.99,1.16,0.84,1.15,0.76,0.83,Evan Sisk,681895,CU,111,2026,0.31,3.9,1.4,3.1,1.1,16.8,7.7,10
1.02,0.84,1.0,0.99,0.95,0.97,1.02,1.68,1.0,1.0,0.92,0.99,0.97,0.81,0.93,1.0,0.96,Tarik Skubal,669373,CU,17,2026,0.94,23.1,3.1,17.8,3.3,85.7,16.4,10
0.92,0.87,1.03,1.03,1.45,1.25,0.94,1.07,0.98,0.95,1.05,1.03,0.85,0.82,1.0,0.98,1.31,Burch Smith,572143,CU,72,2026,0.66,5.1,1.7,3.3,1.9,20.4,7.5,10
0.97,1.08,0.98,1.04,1.66,1.16,1.09,0.7,0.99,0.83,1.04,1.04,1.29,1.34,0.44,1.02,1.15,Shane Smith,681343,CU,405,2026,0.77,20.2,3.8,14.2,4.9,84.5,14.6,10
1.01,1.0,1.0,1.0,1.0,1.01,1.03,1.02,0.99,0.99,0.99,1.0,0.98,0.99,1.0,1.02,1.0,Will Smith,519293,CU,79,2024,0.91,4.6,1.8,2.4,0.7,15.7,7.8,10
1.01,1.0,1.0,1.0,1.01,1.03,1.05,1.0,0.98,0.99,0.99,1.0,1.01,1.0,1.0,0.99,1.01,AJ Smith-Shawver,700363,CU,107,2025,0.86,20.8,4.5,14.6,4.4,79.5,18.6,10
0.92,1.14,1.0,1.05,1.43,1.03,0.88,0.92,1.02,0.99,1.06,1.01,0.98,1.38,1.26,0.98,0.9,Blake Snell,605483,CU,683,2025,0.78,22.4,2.2,16.2,3.8,92.7,9.9,10
0.54,0.83,1.02,0.99,1.72,1.17,0.54,1.37,1.05,1.0,1.15,1.02,1.16,1.0,1.07,0.92,0.88,Robby Snelling,702281,CU,29,2026,0.53,22.0,,14.0,,86.0,,1
0.98,1.15,1.0,0.98,1.31,0.91,0.83,0.26,0.97,1.04,1.2,1.02,1.2,1.05,1.1,0.99,1.0,Mitch Spence,687765,CU,548,2026,0.82,20.7,3.6,13.4,2.7,73.3,14.2,10
1.2,1.39,1.0,0.97,0.81,1.12,1.13,0.4,1.05,0.97,1.04,1.04,0.69,1.1,1.15,1.06,1.12,Brandon Sproat,687075,CU,101,2026,0.91,19.7,2.9,13.9,2.9,78.6,9.3,10
0.97,0.98,1.0,1.0,1.0,1.02,0.97,0.99,0.99,1.0,0.99,1.0,1.0,0.99,0.98,1.0,0.99,Gavin Stone,694813,CU,90,2024,0.87,22.1,3.2,15.2,3.9,83.6,6.6,10
1.0,0.98,1.0,1.01,0.93,0.97,0.99,1.38,1.02,1.1,1.01,1.0,0.82,0.89,1.36,1.0,0.92,Chris Stratton,608717,CU,306,2025,0.9,6.5,2.9,4.0,1.3,25.4,10.2,10
0.88,1.35,0.98,1.05,0.68,0.84,1.11,2.45,1.0,1.02,0.91,0.99,0.96,1.52,0.7,0.95,0.71,Spencer Strider,675911,CU,83,2026,1.04,22.8,3.0,16.2,3.3,91.7,6.3,10
0.97,1.01,1.0,0.99,1.0,1.0,0.97,1.04,1.0,1.0,1.01,1.0,1.0,1.0,1.02,0.98,0.99,Marcus Stroman,573186,CU,104,2025,0.84,19.4,4.0,12.5,4.3,76.8,13.8,10
0.94,1.01,1.0,1.0,1.0,0.95,0.94,0.98,1.01,1.01,1.03,1.0,1.0,1.0,1.03,0.97,1.02,Kade Strowd,669704,CU,50,2025,0.83,3.4,1.4,2.8,0.9,13.6,5.6,10
1.0,0.87,1.0,1.04,0.9,0.95,1.02,1.88,1.0,1.0,1.03,0.99,0.91,0.91,0.93,1.0,0.97,Albert Suarez,544150,CU,26,2026,0.97,10.1,4.6,7.2,3.1,38.6,16.9,10
0.89,1.35,0.96,0.97,1.43,0.86,0.81,1.49,1.01,0.84,1.12,0.96,0.93,1.23,1.19,0.96,1.02,Ranger Suarez,624133,CU,137,2026,0.85,21.7,3.6,16.5,4.3,83.7,11.6,10
1.18,0.78,1.01,0.96,2.14,1.11,1.21,0.62,1.0,1.03,0.89,1.0,0.97,0.42,0.73,1.09,0.92,Tomoyuki Sugano,608372,CU,54,2026,0.82,22.3,2.0,15.9,2.7,84.7,11.2,10
0.94,0.91,1.03,1.05,1.16,1.12,0.86,1.53,0.98,0.99,0.91,1.0,0.96,0.76,0.92,0.96,0.98,Jameson Taillon,592791,CU,112,2026,0.77,23.5,1.6,16.6,2.2,90.9,8.6,10
0.96,1.13,0.98,1.12,1.2,1.14,0.88,-0.25,0.99,0.97,0.92,1.06,1.21,0.99,0.33,0.99,1.54,Grant Taylor,691799,CU,123,2026,0.68,4.9,1.8,3.7,2.0,21.3,7.9,10
0.98,0.99,0.99,0.98,1.12,0.85,0.95,0.32,0.97,1.01,0.94,0.94,1.16,1.1,0.83,0.99,1.23,Caleb Thielbar,573204,CU,53,2026,0.87,3.5,1.2,2.3,1.1,16.0,6.1,10
0.97,1.0,1.0,1.0,1.05,1.01,0.97,0.97,1.02,1.0,1.0,1.0,1.02,1.01,1.0,1.0,1.01,Keegan Thompson,624522,CU,83,2024,0.85,5.6,3.6,3.5,2.5,23.1,13.4,10
0.97,0.98,1.0,1.0,1.0,0.98,1.05,1.0,1.02,1.0,1.0,1.0,1.0,0.99,1.0,1.0,1.03,Zack Thompson,668868,CU,45,2024,0.87,16.6,7.7,10.0,4.8,63.4,28.0,5
0.99,1.07,1.01,0.96,1.07,1.07,1.01,1.03,0.99,1.11,1.12,1.03,0.98,0.99,0.99,1.01,1.12,Trent Thornton,663423,CU,291,2026,0.85,4.9,1.2,4.1,1.3,19.6,6.5,10
1.14,1.17,1.02,1.06,1.01,1.25,1.55,1.83,1.16,0.97,1.18,1.02,0.91,1.22,0.88,1.05,0.78,Payton Tolle,801139,CU,57,2026,0.91,17.4,9.2,12.9,8.2,64.3,31.8,10
0.94,0.99,0.99,1.0,1.07,0.98,0.94,0.92,0.98,1.0,1.0,1.0,1.02,0.99,0.97,0.99,1.04,Jonah Tong,804636,CU,46,2025,0.85,16.6,6.1,11.0,5.7,67.9,27.1,7
1.01,1.01,1.0,1.0,0.99,0.99,1.11,1.06,1.03,1.0,1.0,1.0,0.99,1.02,1.02,1.01,1.0,Touki Toussaint,657053,CU,127,2024,0.89,10.7,4.5,6.0,3.3,43.8,17.0,10
0.97,1.03,1.0,1.0,1.05,0.99,0.97,0.89,0.97,1.0,1.0,1.0,1.04,1.03,1.02,0.98,1.01,Spencer Turnbull,605513,CU,82,2024,0.84,9.5,3.0,6.1,2.4,37.9,10.5,10
0.98,1.02,1.0,1.0,1.0,0.98,1.01,0.95,1.04,1.0,1.0,1.0,0.99,1.02,0.98,1.01,1.02,Kyle Tyler,667725,CU,165,2024,0.88,17.8,4.8,12.1,3.6,72.1,22.4,8
0.63,1.3,1.0,0.91,1.01,1.08,0.9,0.67,0.95,1.1,1.07,0.99,0.92,1.08,1.38,0.95,1.43,Framber Valdez,664285,CU,305,2026,0.66,24.5,2.9,16.8,3.5,89.4,12.2,10
1.4,0.86,1.04,1.01,1.25,0.98,0.54,0.5,1.42,0.95,0.85,1.02,1.07,0.81,0.83,1.09,1.12,Ricky Vanasco,676568,CU,39,2026,0.88,6.1,2.8,3.1,1.8,23.8,14.0,9
1.0,1.01,1.01,1.0,1.06,1.03,0.91,0.92,1.01,1.0,0.98,1.0,1.01,1.0,1.01,0.99,1.04,Mike Vasil,678024,CU,203,2025,0.83,6.5,3.4,4.5,2.8,27.3,13.4,10
1.1,0.87,1.02,0.94,1.06,1.31,1.14,1.77,1.02,1.2,1.22,1.06,1.04,0.66,1.04,1.05,0.32,Randy Vasquez,681190,CU,117,2026,0.9,22.6,1.7,16.2,2.9,88.3,9.6,10
0.96,0.85,1.0,0.94,1.0,1.0,0.94,0.63,1.01,1.03,0.9,0.98,0.95,0.85,0.84,1.01,1.06,Justin Verlander,434378,CU,725,2025,0.85,23.3,3.0,16.9,3.5,95.1,13.0,10
1.0,1.08,0.99,0.99,0.89,0.94,0.99,0.9,1.01,1.0,1.07,0.96,0.93,1.23,1.12,1.0,1.05,Austin Voth,608723,CU,207,2026,0.91,6.4,5.3,3.9,2.9,25.4,19.4,10
0.94,1.16,1.0,1.03,1.41,0.96,0.95,0.8,1.0,0.91,0.78,0.95,1.25,0.93,1.41,0.98,1.17,Michael Wacha,608379,CU,106,2026,0.76,25.3,1.6,18.8,2.9,91.0,8.6,10
1.63,0.95,0.99,1.02,0.83,0.91,1.46,2.44,0.54,0.95,1.05,1.01,1.11,1.12,1.27,0.97,0.71,Ken Waldichuk,686610,CU,61,2026,1.27,8.0,1.9,4.8,1.1,29.8,5.5,5
1.03,1.03,0.98,0.9,0.75,0.98,1.03,1.17,1.03,0.9,1.01,0.93,1.04,0.71,0.65,1.0,0.94,Taijuan Walker,592836,CU,54,2026,0.92,19.9,7.4,11.7,4.5,71.4,24.4,10
0.54,1.23,1.0,1.0,1.96,0.79,0.54,0.7,1.22,1.03,1.19,1.03,1.16,0.95,0.98,1.0,0.85,Austin Warren,681810,CU,43,2026,0.68,6.1,1.7,4.3,1.6,24.9,9.9,10
1.01,1.2,1.0,1.01,1.06,0.95,1.07,0.46,1.01,1.06,0.95,1.01,1.06,1.04,1.28,1.0,1.04,Will Warren,701542,CU,28,2026,0.84,23.0,2.7,16.3,3.1,89.2,5.2,10
0.54,1.14,1.03,1.04,1.48,1.05,0.54,0.9,1.05,0.93,0.88,1.02,0.85,1.13,1.17,0.97,1.07,Ryan Watson,670245,CU,83,2026,0.64,8.3,3.8,5.5,2.8,30.1,14.1,10
1.0,1.0,1.0,1.0,1.0,1.0,1.0,1.0,1.0,1.0,1.0,1.0,1.0,1.0,1.0,1.0,1.0,Jacob Webb,657097,CU,25,2026,0.88,4.3,1.1,2.9,1.0,18.3,4.5,10
0.99,0.97,1.0,0.99,0.94,0.98,0.99,1.18,1.0,1.0,1.05,0.96,0.96,1.09,0.96,1.0,1.01,Tyler Wells,669330,CU,18,2026,0.91,5.3,2.2,3.4,1.3,21.9,9.2,10
0.91,1.11,0.99,1.11,1.04,0.9,0.84,1.1,1.04,0.99,1.06,0.99,0.89,0.96,0.67,0.99,0.92,Joey Wentz,666214,CU,482,2025,0.88,21.4,2.8,14.0,3.7,87.5,9.9,10
1.14,1.0,1.0,1.0,0.97,1.01,1.28,1.01,0.97,1.0,1.0,1.0,1.0,0.98,1.01,1.05,1.01,Hayden Wesneski,669713,CU,47,2025,0.99,15.5,8.1,11.7,6.0,60.7,30.8,10
1.22,1.4,1.02,1.06,1.38,1.25,0.94,0.26,1.0,1.1,1.1,1.0,1.1,1.27,1.46,1.03,1.11,Zack Wheeler,554430,CU,54,2026,0.75,23.3,2.9,17.8,2.6,92.8,6.3,10
0.97,0.99,1.0,1.0,1.05,1.02,0.97,0.92,0.99,1.0,1.0,1.0,1.02,0.98,0.99,0.99,1.02,Mitch White,669952,CU,56,2024,0.84,7.4,4.2,4.2,2.3,28.6,17.3,10
1.04,1.24,1.01,1.05,1.87,1.16,0.97,-1.32,0.94,0.94,1.13,1.04,1.43,0.97,1.12,0.99,1.33,Gavin Williams,668909,CU,249,2026,0.53,24.8,2.8,18.3,2.4,93.7,11.3,10
0.54,0.89,0.96,0.97,1.01,0.69,0.54,0.4,0.54,1.01,0.85,0.97,1.25,0.66,1.18,0.76,1.1,Brandon Williamson,682227,CU,47,2026,0.63,18.7,4.7,12.7,4.7,76.8,17.5,10
1.04,0.88,1.0,1.03,0.65,1.0,1.23,2.02,0.98,0.98,1.1,1.01,0.86,0.78,1.49,1.02,0.7,Bryse Wilson,669060,CU,371,2025,1.02,15.6,9.6,9.7,5.5,58.1,33.9,10
1.01,1.02,1.0,1.0,1.01,0.97,0.94,0.95,0.98,1.0,0.99,1.0,1.01,1.01,0.96,0.99,0.99,Grant Wolfram,664991,CU,73,2025,0.88,3.5,0.8,1.9,0.9,12.6,3.3,10
1.0,1.0,1.0,1.0,1.0,1.0,1.0,1.0,1.0,1.0,1.0,1.0,1.0,1.0,1.0,1.0,1.0,Brandon Woodruff,605540,CU,19,2026,0.88,21.0,6.2,15.2,4.5,75.1,22.3,10
0.97,0.49,1.04,1.02,0.74,1.14,1.1,2.01,0.97,1.0,0.85,0.96,0.86,0.27,0.77,1.0,1.29,Simeon Woods Richardson,680573,CU,54,2026,0.87,18.1,6.9,10.7,4.2,68.6,25.5,10
1.07,0.75,0.99,0.82,1.41,1.1,1.04,1.34,1.02,0.84,1.0,0.93,1.21,0.43,0.61,1.01,0.56,Justin Wrobleski,680736,CU,50,2026,0.84,25.1,4.6,18.3,4.7,90.7,14.4,10
0.97,0.9,0.99,1.03,0.86,0.89,0.83,1.8,1.03,1.09,0.98,0.96,0.81,0.84,1.33,1.0,1.54,Yoshinobu Yamamoto,808967,CU,134,2026,0.93,24.8,2.3,18.7,2.6,96.4,7.1,10
1.08,0.9,1.01,0.96,1.17,0.94,0.97,0.7,1.0,1.05,1.0,0.93,0.95,0.59,1.31,1.0,1.63,Brandon Young,687064,CU,80,2026,0.81,24.1,3.4,17.1,3.9,86.8,12.2,10
1.0,1.04,1.03,1.02,0.67,1.1,1.11,3.53,1.0,1.08,1.01,1.03,0.75,1.4,1.31,0.99,0.57,Jacob deGrom,594798,CU,62,2026,1.08,22.0,3.1,16.4,3.9,88.3,9.7,10
0.93,0.93,1.01,1.0,1.19,1.01,0.96,0.92,1.02,1.01,0.99,0.98,0.84,0.53,0.88,1.02,1.04,Andrew Abbott,671096,FF,515,2026,1.09,22.3,2.4,15.8,2.8,90.4,8.6,10
1.15,1.13,0.99,1.05,0.59,0.99,1.21,1.07,1.01,1.09,1.05,1.0,0.93,1.42,0.96,1.07,1.06,Mick Abel,690953,FF,153,2026,1.49,18.5,5.0,11.8,5.6,74.7,15.0,10
1.02,1.14,1.0,0.99,0.94,1.0,0.94,1.12,0.99,1.03,1.0,0.96,0.93,1.13,0.43,1.0,0.96,Philip Abner,691769,FF,77,2026,1.32,4.3,2.1,2.8,2.6,17.3,9.5,6
1.02,1.2,1.02,1.01,1.12,1.17,1.0,0.97,0.98,0.93,0.86,1.0,1.19,1.25,0.78,1.0,1.05,Bryan Abreu,650556,FF,184,2026,1.32,3.8,1.8,2.2,1.6,14.7,5.6,10
0.54,0.94,1.02,0.96,0.79,0.8,0.54,1.25,0.54,1.03,0.93,1.0,1.07,1.19,0.78,0.72,1.11,Garrett Acton,670183,FF,63,2026,0.87,6.4,1.3,4.2,1.6,27.2,7.4,5
0.76,1.47,1.01,1.0,1.04,1.06,0.8,1.01,0.95,1.08,1.03,1.0,1.04,0.75,1.19,0.92,1.07,Jason Adam,592094,FF,80,2026,0.99,3.6,0.7,2.4,1.0,13.6,5.5,10
1.0,0.97,1.0,0.99,0.96,1.0,1.13,1.01,0.97,1.01,0.98,1.0,0.99,1.01,1.0,1.0,0.98,Austin Adams,613534,FF,190,2024,1.24,3.3,1.2,2.4,1.1,14.5,6.0,10
1.25,0.73,1.01,0.95,0.78,1.06,1.02,0.99,1.01,1.05,0.94,0.99,0.41,0.71,0.79,1.08,1.05,Travis Adams,701519,FF,238,2026,1.24,6.0,3.2,3.6,2.1,22.0,12.9,10
0.97,1.0,1.0,1.0,1.05,0.98,0.97,0.98,0.97,1.0,1.0,1.0,1.04,0.98,1.0,0.99,1.0,Joan Adon,672851,FF,61,2024,1.2,5.9,4.7,3.5,3.7,22.0,20.1,8
1.22,1.34,1.02,0.94,0.94,1.02,1.2,0.85,1.01,1.02,0.95,1.0,1.04,0.77,0.92,1.04,0.93,Zach Agnos,688642,FF,149,2026,1.32,12.3,4.9,7.8,4.3,44.0,19.4,10
1.06,0.99,1.0,0.99,0.98,1.01,1.1,1.0,1.0,0.99,1.0,1.0,1.0,0.99,1.04,1.01,0.99,Julian Aguiar,687924,FF,190,2024,1.26,19.9,4.1,13.6,3.6,75.6,15.6,7
0.93,1.08,0.98,0.87,1.02,0.99,1.05,1.21,1.02,1.01,1.01,0.99,0.53,1.17,1.34,1.02,1.1,Keegan Akin,669211,FF,129,2026,1.21,4.4,1.7,2.7,0.9,18.2,5.5,10
1.04,1.06,1.01,0.89,0.56,1.0,1.29,1.17,0.98,1.03,1.02,1.03,0.55,1.27,1.1,0.97,1.05,Jorge Alcala,660896,FF,897,2025,1.09,4.8,1.8,2.7,0.8,20.4,8.6,10
1.05,0.72,1.02,0.92,1.14,1.08,1.06,0.87,1.01,0.98,1.07,1.03,0.84,0.69,1.73,1.03,0.87,Sandy Alcantara,645261,FF,231,2026,1.07,26.6,2.8,17.5,3.4,98.1,6.5,10
0.97,1.5,1.01,0.88,0.74,0.91,0.92,0.88,0.99,0.95,0.92,0.98,0.96,1.12,0.68,1.0,1.06,Sam Aldegheri,691951,FF,311,2026,1.17,18.4,6.8,10.4,5.1,69.7,22.0,9
1.17,1.16,1.01,1.02,1.11,1.18,1.75,1.08,0.82,1.07,1.01,1.01,0.81,0.96,1.47,1.11,0.91,Franco Aleman,680916,FF,40,2026,1.65,5.5,2.1,4.0,2.8,26.0,2.8,2
0.91,1.22,1.01,0.99,1.06,0.99,1.01,0.83,0.98,1.0,0.99,0.97,1.41,0.57,1.93,0.96,0.79,Jason Alexander,669920,FF,69,2026,1.17,20.5,5.3,14.2,5.2,74.9,24.7,10
1.0,1.07,0.99,0.95,0.63,0.98,1.04,1.12,1.0,0.98,1.08,0.96,0.77,1.01,1.15,1.0,1.02,Tyler Alexander,641302,FF,32,2026,1.22,3.7,1.3,2.2,1.4,14.6,5.9,10
0.88,1.27,1.0,0.98,1.01,1.09,0.86,1.16,1.05,0.85,0.99,0.95,0.58,0.76,0.53,1.01,0.99,Kolby Allard,663465,FF,60,2026,1.11,7.9,4.1,5.2,2.0,33.9,16.4,10
0.99,0.98,1.0,1.0,1.01,1.01,1.02,1.0,1.04,1.0,1.0,1.0,0.99,0.99,1.0,1.03,1.0,Logan Allen,663531,FF,86,2024,1.25,9.8,5.1,6.0,3.6,37.8,22.1,10
1.01,0.87,1.0,0.97,1.46,1.01,0.99,0.91,1.02,0.98,0.92,0.97,1.28,0.88,0.82,0.99,1.02,Logan Allen,671106,FF,1533,2026,1.26,23.2,2.3,15.2,3.2,93.2,7.7,10
0.97,1.0,1.0,1.0,1.05,1.0,0.97,1.0,0.97,1.0,1.0,1.0,1.01,1.0,1.01,0.98,1.0,Yency Almonte,622075,FF,31,2024,1.17,4.1,1.4,2.9,1.3,15.9,5.0,10
1.03,0.91,0.99,0.92,1.64,0.96,0.99,0.88,0.97,1.01,0.93,1.02,1.33,0.92,1.36,1.01,0.95,Dan Altavilla,656186,FF,167,2025,1.33,4.1,1.4,2.6,1.6,15.8,5.5,10
1.09,1.11,1.01,0.9,0.64,0.97,0.99,1.19,0.95,1.04,1.04,1.04,1.0,1.78,1.6,1.0,0.95,Elvis Alvarado,665660,FF,110,2026,1.43,4.4,3.4,2.9,1.7,18.2,12.9,10
0.96,1.04,1.0,0.98,4.12,1.0,0.97,0.39,1.02,1.01,0.91,0.98,1.78,0.58,0.33,0.99,0.8,Andrew Alvarez,674841,FF,63,2026,1.04,16.2,4.7,11.7,4.0,67.2,21.9,10
1.0,0.98,1.0,1.0,0.99,1.0,0.97,1.01,0.98,1.0,0.99,1.0,0.98,1.0,1.0,0.99,1.0,Adbert Alzolay,640470,FF,66,2024,1.2,4.6,1.4,2.3,1.1,19.8,5.5,10
0.99,0.99,1.0,0.99,0.97,1.04,1.04,1.0,1.01,1.0,1.0,1.0,0.95,1.0,1.0,1.02,1.0,Chase Anderson,502624,FF,154,2024,1.23,9.4,5.8,5.8,4.0,38.1,24.4,10
0.83,1.13,0.99,1.0,1.42,0.94,0.67,1.05,1.13,0.99,1.06,1.01,1.15,1.05,0.9,0.95,1.0,Drew Anderson,623454,FF,251,2026,1.02,8.7,4.6,6.6,4.3,33.7,16.9,10
1.02,0.99,1.0,1.02,0.73,0.91,1.4,1.24,0.97,1.03,1.05,0.99,0.53,1.23,1.51,0.96,0.85,Grant Anderson,681982,FF,141,2026,1.13,3.6,1.5,2.2,1.3,14.6,8.5,10
0.94,1.0,1.0,1.0,1.51,0.99,0.94,0.98,0.97,0.99,0.99,1.0,1.04,0.96,1.0,0.99,1.0,Ian Anderson,666120,FF,104,2025,1.19,7.1,3.3,3.9,1.8,28.9,13.1,7
1.42,0.81,1.0,0.98,2.45,1.26,0.54,0.9,1.13,0.96,1.02,0.98,1.46,0.54,0.74,1.1,1.07,Jack Anderson,681252,FF,45,2026,1.62,10.7,0.6,8.3,1.2,41.3,10.5,3
0.99,1.02,1.0,1.0,0.96,0.99,0.94,1.0,1.0,1.0,1.0,1.0,0.99,1.01,1.01,1.0,1.0,Justin Anderson,605121,FF,313,2024,1.21,3.7,1.3,2.1,1.3,16.2,5.5,10
0.99,0.92,1.0,0.94,0.85,1.03,1.18,1.05,1.0,0.99,1.07,1.01,0.95,0.82,0.83,1.01,0.99,Nick Anderson,623433,FF,246,2025,1.2,4.9,1.8,3.7,1.4,18.6,7.5,10
1.06,1.13,1.0,1.04,2.76,0.91,1.1,0.78,1.0,1.1,0.97,0.99,1.41,0.94,0.37,1.02,0.94,Shaun Anderson,641312,FF,75,2026,1.32,7.8,4.0,5.2,2.8,30.6,16.5,10
1.04,0.98,1.0,0.93,0.84,0.98,1.05,1.09,1.01,0.98,0.99,0.95,0.8,0.77,0.87,1.0,1.08,Tyler Anderson,542881,FF,2045,2025,1.24,22.3,3.2,15.2,2.7,84.6,6.1,10
1.0,1.0,1.0,1.0,1.0,1.0,1.0,1.0,1.0,1.0,1.0,1.0,1.0,1.0,1.0,1.0,1.0,Tanner Andrews,681084,FF,16,2026,1.21,5.5,3.5,4.0,1.4,21.5,9.2,2
1.02,1.0,1.0,1.0,0.98,1.01,1.07,0.99,1.04,1.0,1.01,1.0,0.99,1.0,0.99,1.01,1.0,Matt Andriese,542882,FF,37,2024,1.2,6.2,1.5,3.8,2.1,22.0,6.5,4
1.11,1.01,1.0,1.01,0.88,0.98,1.09,1.0,1.01,0.96,1.06,0.99,1.13,1.5,0.78,1.04,0.98,Shawn Armstrong,542888,FF,95,2026,1.41,3.6,1.0,2.1,1.0,15.0,6.0,10
0.94,1.01,1.0,1.13,0.97,0.99,0.9,1.01,1.03,1.01,0.95,0.98,0.81,0.81,1.45,1.0,0.88,Spencer Arrighetti,681293,FF,226,2026,1.12,24.5,1.8,17.9,2.7,95.1,4.9,10
1.0,1.0,1.0,1.0,1.0,1.0,1.0,1.0,1.0,1.0,1.0,1.0,1.0,1.0,1.0,1.0,1.0,Aaron Ashby,676879,FF,20,2026,1.21,5.8,1.6,4.6,1.7,23.3,6.1,10
1.08,1.4,1.0,0.98,0.7,0.89,1.02,1.18,0.92,1.02,1.02,1.03,0.69,0.9,1.19,0.95,0.99,Braxton Ashcraft,677952,FF,333,2026,1.17,25.0,2.9,18.9,3.0,88.1,8.1,10
0.88,1.02,1.0,0.99,0.73,1.06,1.02,1.09,1.05,0.93,0.91,0.99,0.71,0.86,0.61,1.03,1.05,Javier Assad,665871,FF,54,2026,1.16,14.4,7.4,10.4,5.7,57.0,28.6,10
1.06,0.9,1.0,1.02,1.11,0.91,0.54,0.88,1.12,1.04,0.96,1.01,1.08,0.95,0.66,1.02,0.99,Luinder Avila,679883,FF,104,2026,1.15,9.7,5.4,6.3,2.8,42.1,20.7,10
1.16,1.02,1.0,1.0,0.98,1.01,1.04,1.0,1.0,1.0,1.01,1.0,0.98,1.02,0.99,1.03,1.0,Nick Avila,687014,FF,78,2024,1.34,7.0,2.4,4.0,2.2,28.1,8.4,8
0.96,0.99,1.0,1.0,1.05,1.01,0.97,0.96,1.0,1.0,0.99,1.0,1.02,0.98,0.92,1.01,0.98,Pedro Avila,658648,FF,553,2024,1.2,5.6,1.9,3.7,1.5,23.3,9.4,10
1.1,0.88,1.01,0.93,0.61,1.07,1.29,1.27,0.98,1.17,1.01,1.0,0.46,0.97,1.21,1.0,1.2,Lake Bachar,669199,FF,150,2026,1.24,6.1,2.3,4.2,1.7,23.0,7.7,10
1.01,1.24,1.0,0.98,1.16,1.06,0.98,1.26,1.05,1.01,1.08,1.03,0.93,1.39,0.51,1.0,1.2,Bryan Baker,641329,FF,200,2026,1.32,4.3,1.2,2.6,0.5,16.4,7.4,10
0.98,1.01,1.0,0.96,0.81,1.04,0.97,0.96,1.04,0.92,1.01,1.0,0.96,0.84,1.39,1.0,0.94,Anthony Banda,607455,FF,129,2026,1.12,3.7,1.1,2.6,1.1,14.9,4.5,10
0.85,1.25,0.98,0.87,1.33,0.95,0.93,0.81,1.02,0.92,1.12,0.97,1.3,1.29,0.41,0.98,0.97,Tanner Banks,621383,FF,84,2026,1.08,5.4,2.2,3.2,1.8,20.2,9.4,10
0.85,1.14,1.01,0.98,0.73,0.99,1.14,1.08,1.39,1.01,0.98,1.0,0.54,0.87,1.41,1.13,0.9,Hunter Barco,682995,FF,82,2026,1.11,10.3,5.9,6.3,3.8,39.6,21.8,7
1.0,0.86,1.01,1.03,1.86,1.14,1.04,0.85,1.0,1.0,0.86,0.94,1.37,0.83,0.49,0.97,0.79,Scott Barlow,605130,FF,54,2026,1.21,4.0,1.1,2.1,1.0,15.6,4.9,10
1.17,0.9,1.01,0.94,0.92,0.8,0.54,0.86,1.11,0.94,0.96,0.98,1.07,0.79,1.13,0.9,0.92,Charlie Barnes,656212,FF,38,2026,0.9,8.3,7.5,4.3,3.2,29.0,28.6,3
0.99,1.02,1.01,1.0,0.85,1.02,1.1,1.06,1.02,1.02,1.04,1.01,0.96,0.9,0.48,1.02,1.02,Jacob Barnes,606930,FF,581,2025,1.24,5.3,2.3,3.1,1.5,20.2,9.9,10
1.02,1.0,1.0,1.0,0.98,1.01,0.94,1.0,0.99,1.0,1.0,1.0,0.98,0.99,1.03,1.01,1.0,Matt Barnes,598264,FF,93,2024,1.24,4.3,1.5,2.6,0.5,17.1,6.5,10
1.01,0.89,1.0,0.96,1.13,1.0,0.83,0.93,1.02,0.99,1.01,1.0,1.17,0.82,0.38,0.99,0.99,Mason Barnett,686930,FF,246,2026,1.17,18.8,5.0,12.0,3.2,78.8,22.2,6
1.01,0.87,0.98,0.98,1.31,0.94,1.01,0.86,0.99,0.91,0.98,0.97,1.53,0.95,0.94,0.99,0.75,Chris Bassitt,605135,FF,43,2026,1.33,22.2,3.4,14.4,4.4,82.1,14.0,10
0.96,0.9,1.0,0.98,2.47,0.99,0.85,0.88,0.97,1.01,1.02,0.98,1.33,0.83,0.66,0.99,1.01,Brady Basso,669620,FF,289,2026,1.24,4.8,2.3,2.5,1.2,16.6,12.4,10
1.04,1.01,1.0,1.0,0.96,1.03,1.06,1.01,0.98,1.0,1.0,1.0,1.0,0.99,1.0,1.0,1.02,Mike Baumann,657508,FF,433,2024,1.25,5.4,2.0,3.1,1.4,25.6,9.5,10
1.28,1.23,1.01,1.01,0.92,1.29,1.96,1.17,0.87,1.0,0.98,1.0,0.85,0.89,1.08,1.01,1.07,Carter Baumler,691945,FF,39,2026,1.48,6.8,2.9,4.0,1.8,29.2,13.5,4
1.06,1.33,0.99,1.01,0.88,0.89,0.95,1.19,1.01,1.05,0.91,1.02,0.6,0.86,1.16,1.0,1.04,Shane Baz,669358,FF,365,2026,1.24,25.6,3.0,17.6,2.3,98.8,3.4,10
1.17,1.0,1.06,1.0,0.92,1.31,1.75,0.94,1.39,0.98,0.83,0.99,0.54,0.54,0.94,1.06,1.08,Brendan Beck,694341,FF,29,2026,0.93,13.0,,10.0,,52.0,,1
0.92,0.95,1.0,1.04,1.2,0.9,0.9,0.91,0.99,0.96,0.92,1.0,1.21,0.95,1.18,0.97,1.0,Tristan Beck,663941,FF,412,2026,1.16,6.8,3.4,4.8,2.7,22.7,12.2,10
0.99,1.53,0.98,1.01,1.58,1.03,0.9,1.18,0.97,1.01,1.08,1.01,1.67,1.01,1.18,0.99,1.13,David Bednar,670280,FF,189,2026,1.63,4.6,1.4,2.9,0.9,19.2,7.8,10
0.97,0.98,1.0,1.0,1.01,1.0,1.02,0.99,1.0,0.99,0.99,1.0,1.01,0.99,1.02,1.0,0.99,Tyler Beede,595881,FF,77,2024,1.2,5.2,1.7,2.6,1.5,21.1,8.8,10
0.9,0.97,1.01,1.02,1.38,1.0,0.89,0.85,0.97,0.93,1.04,0.99,0.92,0.61,0.89,0.97,1.0,Jalen Beeks,656222,FF,187,2026,0.95,3.9,1.2,2.5,0.8,13.8,5.2,10
0.97,1.08,0.98,0.91,2.17,0.99,0.93,0.79,0.98,1.04,0.88,1.02,1.85,0.55,0.44,0.98,1.12,Clayton Beeter,690925,FF,137,2026,1.37,4.2,1.6,2.6,0.7,18.1,7.0,10
0.88,1.11,1.02,0.96,1.18,0.99,0.86,0.84,0.99,0.88,1.02,1.0,0.74,0.72,0.85,1.0,0.73,Brayan Bello,678394,FF,57,2026,0.91,23.0,3.0,15.3,4.4,84.4,12.5,10
1.07,0.9,1.01,0.93,0.71,1.16,1.19,1.04,1.03,0.9,1.02,0.97,0.71,0.69,0.66,1.07,0.93,Valente Bellozo,678368,FF,36,2026,1.27,10.9,7.6,6.8,5.9,40.8,28.5,10
1.0,1.0,1.0,1.0,1.0,1.0,1.0,1.0,1.0,1.0,1.0,1.0,1.0,1.0,1.0,1.0,1.0,Jake Bennett,687562,FF,46,2026,1.21,21.0,1.4,15.5,0.7,85.0,1.4,2
0.97,0.98,1.0,1.0,0.91,1.03,0.95,1.04,0.98,1.01,1.0,1.0,0.95,0.96,1.0,0.99,1.03,Ryan Bergert,686701,FF,557,2025,1.19,21.0,2.5,15.4,2.8,85.8,7.0,10
1.0,1.0,1.0,1.0,1.05,1.0,1.02,1.0,0.99,1.0,1.0,1.0,1.01,0.98,1.0,1.0,0.99,Jonathan Bermudez,642834,FF,60,2024,1.22,11.0,4.6,6.7,5.0,40.3,12.5,3
1.0,1.0,1.0,1.0,1.0,1.0,1.0,1.0,1.0,1.0,1.0,1.0,1.0,1.0,1.0,1.0,1.0,Brennan Bernardino,657514,FF,34,2026,1.21,4.0,1.2,2.7,0.8,12.9,3.9,10
1.01,1.03,1.01,0.98,0.86,0.99,0.9,1.09,0.98,0.96,0.9,0.99,0.79,0.83,1.21,1.01,0.99,Jose Berrios,621244,FF,1003,2025,1.26,19.8,4.6,13.9,4.8,76.2,14.8,10
0.97,0.99,1.0,1.0,0.99,0.99,0.97,1.0,0.99,1.0,0.99,1.0,1.01,1.0,1.0,0.98,1.0,Prelander Berroa,672860,FF,151,2024,1.16,5.1,1.3,3.6,1.2,20.6,7.1,10
0.93,0.84,1.02,1.02,1.6,1.11,0.93,0.78,1.0,0.93,0.95,1.0,1.23,0.69,0.66,1.0,1.04,Tanner Bibee,676440,FF,293,2026,1.09,23.2,3.7,16.1,4.7,90.1,12.2,10
0.99,1.02,1.0,1.0,0.99,0.99,0.99,0.98,0.99,1.0,0.99,1.0,1.05,1.01,0.99,0.98,1.0,Phil Bickford,641360,FF,116,2024,1.17,4.9,2.1,3.0,1.2,19.1,9.5,8
1.04,1.32,1.01,0.98,0.58,1.04,1.03,1.0,1.02,1.03,0.98,1.0,0.69,1.0,1.09,0.99,0.95,Osvaldo Bido,674370,FF,92,2026,1.07,7.8,4.1,5.0,3.0,30.1,16.2,10
2.0,1.3,1.01,1.0,0.6,1.14,3.37,1.17,0.87,1.01,1.06,1.01,0.69,1.27,0.75,1.23,1.11,Brandan Bidois,684049,FF,89,2026,2.27,5.0,1.8,3.4,1.5,20.5,5.4,8
1.14,0.91,1.01,1.03,1.27,1.03,1.18,1.09,0.96,1.03,0.93,0.98,0.92,0.96,1.25,1.01,1.05,Shane Bieber,669456,FF,299,2025,1.39,22.7,1.8,17.2,1.2,90.1,5.6,9
1.03,0.98,1.0,0.99,1.01,1.01,0.94,1.0,0.99,1.0,0.99,1.0,1.02,0.97,0.98,1.01,1.0,Brandon Bielak,656232,FF,116,2024,1.26,9.2,3.5,5.3,3.5,32.5,10.1,10
0.88,1.19,1.01,1.04,1.17,1.01,0.97,0.95,0.95,1.04,0.97,1.02,1.21,0.88,0.55,0.94,1.17,Hunter Bigge,685801,FF,163,2026,1.09,5.0,2.4,3.2,2.0,18.0,6.5,10
1.02,1.12,1.01,1.0,0.74,1.05,1.05,1.08,1.0,1.01,0.89,1.0,0.8,0.9,0.82,1.0,1.06,Hayden Birdsong,806185,FF,1138,2025,1.22,19.7,5.2,13.0,4.9,80.7,21.2,10
1.05,1.01,1.0,0.98,0.95,1.02,0.96,0.99,1.0,0.92,0.98,1.01,1.09,1.03,0.99,1.01,0.95,Spencer Bivens,702352,FF,123,2025,1.28,5.9,4.4,3.9,3.3,22.7,15.4,10
1.0,1.11,1.0,1.03,0.91,0.99,1.06,1.04,1.01,1.0,1.03,0.98,0.9,1.03,1.11,1.03,0.99,Mason Black,696131,FF,265,2026,1.29,10.9,7.3,7.0,5.1,45.0,28.1,10
1.12,0.95,1.02,1.01,1.01,1.09,1.19,0.9,0.99,0.96,1.0,1.0,0.9,0.66,0.52,1.04,1.02,Bradley Blalock,687134,FF,737,2025,1.22,22.1,3.4,14.1,3.2,81.7,9.3,10
1.13,1.05,1.0,1.06,0.79,0.96,1.2,1.1,0.98,0.99,0.88,0.99,0.85,0.88,0.87,1.01,1.06,Ronel Blanco,669854,FF,1333,2025,1.35,21.5,4.4,16.0,5.0,87.8,10.7,10
1.06,0.9,1.01,1.1,1.6,1.18,1.02,0.83,0.91,0.99,0.94,0.99,1.18,0.87,0.73,1.01,0.98,Scott Blewett,656240,FF,382,2025,1.26,7.8,2.5,5.3,2.4,29.8,12.1,10
1.02,0.99,1.0,1.0,1.0,1.0,1.04,1.0,1.02,1.0,1.0,1.0,1.0,0.99,0.99,1.01,1.0,Jake Bloss,814005,FF,102,2024,1.23,18.0,1.0,11.0,1.0,78.7,1.5,3
1.11,0.96,1.01,0.99,0.92,1.0,1.17,1.01,0.99,0.98,1.01,1.01,0.98,1.08,1.43,1.03,1.04,AJ Blubaugh,805123,FF,307,2026,1.34,7.5,3.7,5.4,2.9,29.7,14.3,10
0.94,1.34,0.99,0.99,0.92,1.11,0.54,1.11,1.44,1.0,0.94,1.0,0.54,1.08,0.79,1.27,0.96,Cody Bolton,675989,FF,110,2026,1.5,11.2,3.3,6.4,3.1,46.7,13.1,10
1.12,1.05,1.0,0.99,0.88,1.07,1.22,1.08,0.92,0.97,1.11,1.01,0.98,1.05,0.94,1.01,1.0,Cam Booser,592155,FF,545,2025,1.35,3.8,1.9,1.8,1.0,14.6,8.5,10
1.08,0.97,1.0,0.99,1.0,1.02,0.97,1.01,1.11,1.0,1.0,1.0,0.98,1.0,0.97,1.04,1.0,Caleb Boushley,676961,FF,155,2025,1.27,6.4,3.7,3.8,1.9,26.0,16.8,10
1.11,0.96,1.0,0.99,1.0,1.05,1.0,1.02,1.0,1.0,1.0,1.0,1.01,0.99,1.06,1.03,1.0,Ben Bowden,641386,FF,110,2025,1.35,4.2,1.3,2.6,0.7,16.5,6.7,10
0.98,1.52,0.99,1.02,0.79,0.98,0.99,1.08,1.02,1.03,1.01,1.03,0.98,1.55,1.03,1.0,1.14,Jonathan Bowlan,680742,FF,119,2026,1.28,4.3,1.2,2.9,1.4,17.5,6.5,10
0.94,1.36,0.99,0.98,1.48,1.19,0.86,0.86,0.98,1.0,1.11,0.98,1.22,1.03,1.74,1.02,0.85,Matthew Boyd,571510,FF,218,2026,1.24,21.1,2.8,14.8,3.4,85.6,9.3,10
1.02,0.7,1.02,1.02,1.65,1.06,0.89,0.97,0.99,1.12,0.9,1.03,0.93,1.33,0.94,1.04,0.91,Joe Boyle,671212,FF,55,2026,1.27,20.4,3.6,13.3,3.4,82.5,15.1,10
0.97,1.0,1.0,1.01,0.98,0.98,1.0,1.01,0.99,0.99,1.0,0.99,0.99,1.0,0.97,0.98,1.02,Cody Bradford,674003,FF,615,2024,1.17,22.6,3.4,16.4,4.2,86.0,15.4,10
0.88,1.17,0.98,0.97,1.23,0.9,0.84,0.62,0.99,1.03,0.88,0.99,1.74,0.74,0.38,1.0,0.86,Kyle Bradish,680694,FF,219,2026,1.24,24.2,3.0,16.6,2.9,95.2,4.9,10
0.98,1.1,1.01,0.99,0.87,1.03,1.02,1.01,1.06,0.99,1.01,1.02,0.8,0.64,0.64,0.99,1.18,Taj Bradley,671737,FF,444,2026,1.03,23.5,3.7,16.8,3.1,96.2,11.3,10
0.98,0.91,1.0,1.05,1.34,1.02,0.95,0.91,0.98,0.99,1.05,1.0,1.04,0.96,1.02,0.99,1.0,Ryan Brasier,518489,FF,254,2025,1.12,4.1,1.5,2.7,1.1,15.0,5.2,10
1.0,1.07,0.99,1.0,1.02,1.11,1.01,1.09,1.0,0.99,1.01,0.99,0.9,1.01,1.29,1.02,1.03,John Brebbia,605154,FF,704,2025,1.29,5.2,2.8,2.9,1.2,20.6,11.0,10
1.04,0.97,1.0,1.0,1.0,0.99,0.99,0.99,1.01,1.0,1.0,1.0,1.0,0.98,0.97,1.02,0.99,Colten Brewer,605155,FF,157,2024,1.26,5.3,1.9,2.6,1.5,20.8,9.0,10
0.95,0.93,1.0,0.91,1.0,1.03,0.85,1.05,1.0,1.04,0.99,1.01,0.94,0.97,0.66,0.98,1.05,Beau Brieske,689225,FF,663,2026,1.14,4.5,1.8,2.7,1.9,18.4,8.0,10
1.04,0.99,1.0,1.0,0.99,1.02,1.13,1.0,1.07,1.0,1.02,1.0,1.02,0.97,1.01,1.05,1.0,Jeff Brigham,656257,FF,26,2025,1.31,4.5,2.9,2.0,2.2,15.8,7.9,4
1.03,1.0,1.0,1.0,0.99,1.01,1.01,1.0,0.97,1.0,0.99,1.0,0.99,0.98,1.03,1.0,0.99,Jhony Brito,666745,FF,157,2024,1.24,7.9,3.6,5.1,2.8,27.6,12.5,10
1.34,1.0,1.01,1.05,0.6,1.02,1.6,1.02,0.97,1.0,0.99,1.0,0.74,1.3,1.22,1.09,1.08,Connor Brogdon,641401,FF,127,2026,1.52,4.4,2.0,2.8,1.5,17.6,9.3,10
0.98,1.01,1.0,0.95,1.34,0.96,0.93,0.99,1.0,1.0,0.95,0.98,0.81,0.98,1.09,1.0,0.98,Aaron Brooks,605156,FF,117,2026,1.15,20.5,8.8,13.5,6.2,69.7,27.1,6
0.92,1.01,1.01,1.02,1.48,1.04,0.81,0.69,1.0,0.96,0.94,1.02,1.26,0.69,1.04,0.99,1.02,Ben Brown,676962,FF,285,2026,1.02,13.4,8.1,10.3,6.3,49.7,26.6,10
0.77,1.04,1.0,1.03,1.33,1.01,0.94,1.02,1.04,1.01,0.9,1.02,1.14,1.18,0.99,0.96,1.12,Hunter Brown,686613,FF,2177,2026,1.09,24.0,1.9,18.2,2.1,95.8,9.5,10
1.02,1.03,1.0,1.01,0.99,1.04,1.1,0.99,1.04,1.0,0.99,1.0,0.98,0.98,1.06,1.02,0.98,McCade Brown,685326,FF,285,2025,1.23,18.0,3.3,11.6,3.1,71.1,13.9,7
1.0,1.0,1.0,1.0,1.0,1.0,1.0,1.0,1.0,1.0,1.0,1.0,1.0,1.0,1.0,1.0,1.0,JT Brubaker,664141,FF,22,2026,1.21,6.3,2.9,4.4,2.7,24.9,11.0,10
1.0,1.0,1.0,1.0,1.0,1.0,1.0,1.0,1.0,1.0,1.0,1.0,1.0,1.0,1.0,1.0,1.0,Justin Bruihl,677865,FF,43,2026,1.21,4.1,1.6,2.4,2.0,14.9,6.5,10
1.03,1.2,1.0,1.02,0.98,1.01,1.33,1.08,1.0,0.99,1.06,1.0,0.87,0.84,0.9,1.03,1.08,Zach Brzykcy,694350,FF,303,2025,1.3,4.5,1.6,2.3,0.9,19.5,7.9,10
1.08,1.15,0.98,1.03,0.81,0.88,0.88,1.05,1.03,1.03,0.96,0.97,0.93,1.22,0.38,1.01,1.09,Kris Bubic,663460,FF,332,2026,1.31,22.2,3.1,15.9,4.2,87.2,10.6,10
1.05,1.02,1.02,1.01,1.63,1.1,1.22,0.79,1.02,0.94,0.78,0.99,1.28,0.41,0.7,1.03,1.03,Walker Buehler,621111,FF,167,2026,1.29,20.1,2.6,14.5,3.1,80.4,14.0,10
0.99,1.0,0.99,0.98,1.05,0.95,1.0,0.92,1.0,0.99,1.01,0.98,1.06,1.0,1.12,1.0,0.9,Aaron Bummer,607481,FF,24,2026,1.19,4.8,2.3,2.5,1.0,17.5,10.0,10
0.99,1.01,1.0,1.0,0.98,0.99,1.01,1.01,0.99,1.0,1.0,1.0,0.98,1.01,1.01,0.98,1.0,Nick Burdi,595897,FF,125,2024,1.16,4.7,2.9,2.6,2.4,19.4,9.6,10
0.92,1.08,1.01,1.04,1.47,0.97,0.91,0.9,0.97,1.01,1.01,1.02,1.31,1.22,1.14,0.98,1.0,Brock Burke,656271,FF,185,2026,1.21,4.0,1.9,2.9,1.7,14.0,6.5,10
0.93,1.39,0.98,1.05,0.94,0.89,0.89,1.1,1.0,1.11,1.07,1.0,0.89,1.0,0.64,0.96,1.2,Sean Burke,680732,FF,397,2026,1.13,22.8,1.6,16.7,3.0,88.8,9.0,10
0.81,1.22,1.0,0.97,1.11,0.91,0.86,0.99,0.91,1.11,1.0,1.04,1.05,0.94,0.53,0.92,1.18,Chase Burns,695505,FF,566,2026,1.0,23.0,2.6,17.9,1.3,91.2,4.4,10
1.0,1.01,1.0,1.0,0.97,1.01,0.98,1.0,1.02,1.0,0.99,1.0,0.98,1.0,0.95,0.99,1.0,Ryan Burr,621114,FF,233,2025,1.17,4.3,1.6,2.7,1.6,19.6,7.9,10
1.08,1.17,1.01,0.99,0.89,1.05,1.37,0.94,1.02,0.99,0.93,1.0,0.81,0.61,1.1,1.07,1.04,Mike Burrows,681347,FF,287,2026,1.3,24.8,3.2,17.2,2.2,91.8,6.0,10
0.98,1.02,1.0,1.0,1.12,1.01,0.98,0.98,1.02,1.0,0.99,1.0,1.02,0.99,0.97,1.0,1.0,Ky Bush,681066,FF,166,2024,1.19,21.5,3.7,12.5,3.9,81.8,15.4,4
1.04,1.02,1.0,0.97,0.86,0.97,0.83,1.08,0.96,1.02,0.9,1.0,0.81,1.3,0.55,1.01,0.98,Jose Butto,676130,FF,714,2025,1.29,4.8,1.8,2.3,0.9,18.5,6.2,10
1.3,1.4,1.03,0.98,0.74,1.08,1.35,1.17,0.99,0.97,0.85,1.01,0.56,1.03,1.55,1.05,0.87,Edward Cabrera,665795,FF,146,2026,1.45,22.6,3.9,16.4,3.3,87.1,10.9,10
1.03,1.05,1.0,0.92,0.85,1.05,1.22,1.08,0.99,1.0,1.1,1.01,0.84,0.94,1.06,1.01,1.02,Genesis Cabrera,650893,FF,362,2025,1.21,4.0,1.4,2.1,1.4,17.8,5.6,10
1.05,1.11,1.02,0.97,1.0,1.16,0.93,1.01,1.02,1.01,0.94,0.98,0.84,0.81,0.84,1.03,1.1,Noah Cameron,702070,FF,261,2026,1.25,23.0,2.8,16.0,2.7,86.4,10.2,10
1.33,1.03,1.0,0.93,0.68,1.11,1.27,1.09,0.99,0.95,0.85,1.0,0.82,0.94,1.26,1.06,1.01,Griffin Canning,656288,FF,123,2026,1.52,19.7,4.8,13.6,4.2,77.0,18.1,10
0.97,1.2,1.0,0.95,0.86,0.89,0.94,1.1,1.01,0.99,1.06,0.99,0.62,1.1,1.1,0.98,0.98,Jonathan Cannon,686563,FF,573,2025,1.07,17.3,8.8,11.1,6.8,64.5,29.5,10
0.97,0.98,1.0,0.91,0.96,0.98,1.0,1.06,1.02,0.97,0.94,1.01,0.97,0.95,1.66,0.98,0.8,Yennier Cano,666974,FF,17,2026,1.18,3.5,1.3,2.1,1.8,12.8,4.8,10
1.06,0.98,1.01,1.1,1.02,1.06,1.16,0.91,0.97,0.81,0.84,0.97,1.11,0.65,0.79,1.0,1.07,Joey Cantillo,676282,FF,427,2026,1.27,20.6,3.0,14.6,3.5,83.1,10.6,10
1.0,0.99,1.0,1.0,0.99,1.0,1.03,0.99,1.01,1.0,1.02,1.0,1.0,0.97,1.01,1.01,0.99,Matt Carasiti,571539,FF,30,2024,1.22,6.1,2.6,3.3,1.4,24.1,6.6,7
1.08,0.92,1.02,1.04,1.55,0.99,1.08,0.66,1.03,0.98,0.99,0.98,1.15,0.27,0.51,1.01,0.8,Carlos Carrasco,471911,FF,602,2026,1.03,15.1,8.9,9.4,5.9,52.9,32.5,10
1.18,0.95,1.01,0.99,0.95,1.01,1.4,1.01,0.99,1.0,1.0,1.0,0.96,0.99,1.02,1.07,0.99,Alex Carrillo,692024,FF,35,2025,1.46,7.7,2.5,4.7,1.5,28.0,11.4,3
1.15,1.54,1.02,0.9,0.45,0.88,1.1,1.11,1.09,1.07,0.94,1.01,0.42,1.76,0.39,1.06,1.15,Ben Casparius,676508,FF,496,2026,1.28,4.5,1.2,2.7,0.7,18.5,6.4,10
1.0,1.0,1.0,1.0,1.0,1.0,1.0,1.0,1.0,1.0,1.0,1.0,1.0,1.0,1.0,1.0,1.0,Blas Castano,680604,FF,15,2026,1.21,10.5,4.8,6.2,2.9,39.3,14.7,6
0.98,1.0,1.0,1.0,1.0,1.02,1.03,0.99,1.0,0.99,0.99,1.0,1.02,1.01,0.99,0.99,0.99,Jose Castillo,620454,FF,81,2025,1.18,5.5,2.5,3.7,1.5,21.0,13.8,10
1.15,1.3,1.0,0.85,0.76,1.07,1.06,1.25,1.0,0.99,1.11,1.01,0.58,1.36,1.5,1.02,0.85,Luis Castillo,622491,FF,464,2026,1.31,20.7,4.9,13.5,3.5,86.1,17.4,10
0.99,1.0,1.0,1.0,0.95,0.98,0.94,1.02,1.03,0.99,1.0,1.0,0.98,0.97,1.04,1.01,0.98,Luis F. Castillo,622379,FF,76,2025,1.22,20.0,4.2,10.0,2.8,83.5,23.3,2
1.0,1.0,1.0,1.03,1.05,0.97,1.05,0.94,1.0,0.98,0.98,1.01,1.02,0.9,2.09,0.99,0.82,Miguel Castro,612434,FF,123,2025,1.16,5.9,2.8,3.2,1.5,21.5,10.1,10
1.2,1.14,1.01,0.99,0.67,1.0,0.91,0.99,1.07,0.99,1.0,1.02,0.75,0.92,0.65,1.05,0.95,Cade Cavalli,676917,FF,341,2026,1.24,22.6,4.6,15.1,4.7,84.9,14.6,10
0.87,1.5,0.99,0.99,1.06,1.02,1.02,1.04,1.0,1.07,1.04,1.04,0.9,1.24,0.47,1.01,1.18,Dylan Cease,656302,FF,380,2026,1.17,23.7,2.8,16.7,3.2,98.8,9.8,10
1.19,0.96,1.01,1.0,0.96,1.0,1.08,0.98,1.01,1.02,0.99,0.99,0.91,0.9,1.41,1.08,1.04,Slade Cecconi,677944,FF,330,2026,1.45,22.8,3.1,15.1,3.0,84.4,9.3,10
1.0,1.0,1.0,1.0,1.0,1.0,1.0,1.0,1.0,1.0,1.0,1.0,1.0,1.0,1.0,1.0,1.0,Eric Cerantola,672021,FF,26,2026,1.21,6.0,3.5,3.7,2.1,26.0,15.6,3
0.98,0.91,1.01,1.01,0.95,1.04,1.09,0.99,0.98,0.94,0.89,0.96,0.98,0.91,1.04,1.0,1.01,Andrew Chafin,605177,FF,263,2025,1.25,3.1,1.4,2.0,0.7,13.6,7.4,10
1.13,1.35,1.0,1.01,0.82,1.03,1.01,1.21,1.09,1.04,1.03,1.04,0.71,1.03,0.89,1.03,1.15,Bubba Chandler,696149,FF,482,2026,1.3,21.6,2.5,14.1,2.8,85.7,8.0,10
0.87,0.99,1.0,1.11,0.94,1.05,0.83,1.0,1.0,1.04,0.97,1.02,0.93,1.09,0.28,0.98,1.13,Aroldis Chapman,547973,FF,96,2026,1.06,3.9,1.0,2.7,0.5,15.9,3.6,10
1.07,1.05,1.0,1.0,0.97,0.99,1.13,1.0,1.03,1.0,1.0,1.0,0.98,1.02,1.01,1.02,1.0,Yonny Chirinos,630023,FF,85,2024,1.27,24.0,3.5,14.7,1.2,85.8,4.1,6
0.96,1.11,1.03,0.97,1.74,1.08,1.02,0.61,0.96,1.0,0.95,1.02,1.39,0.62,1.63,1.02,0.84,Angel Chivilli,683409,FF,682,2025,1.14,5.8,2.0,3.4,1.8,23.2,7.6,10
1.28,1.0,1.01,1.0,1.02,1.04,0.94,1.0,1.01,0.99,0.97,1.0,0.94,0.96,0.96,1.05,1.01,Marc Church,687847,FF,47,2025,1.42,4.5,1.4,2.0,1.4,19.0,8.2,6
1.0,1.0,1.0,1.0,1.02,0.98,0.94,0.99,1.02,1.0,1.0,0.99,1.0,0.97,1.0,1.0,0.97,Adam Cimber,643256,FF,129,2024,1.2,4.3,0.9,2.4,1.1,16.8,4.7,10
1.04,1.0,1.0,1.0,0.97,0.99,1.12,1.01,1.01,1.0,1.01,1.0,0.97,1.01,1.02,1.02,1.0,Jose Cisnero,542585,FF,100,2024,1.27,5.5,1.8,3.2,1.1,22.4,8.8,10
1.18,1.32,1.02,0.88,0.8,1.13,1.22,1.14,0.98,1.04,1.01,0.96,0.52,0.53,0.9,1.04,1.17,Aaron Civale,650644,FF,110,2026,1.32,22.5,2.0,14.9,1.5,83.5,12.2,10
0.95,0.95,0.99,0.93,0.88,0.9,0.98,1.06,1.01,1.01,1.0,1.03,1.02,1.17,1.02,0.98,1.0,Garrett Cleavinger,664076,FF,396,2026,1.18,3.7,1.3,2.8,1.3,13.6,7.3,10
0.97,0.91,1.0,1.04,1.4,0.98,0.95,0.92,1.0,0.99,1.0,0.99,1.07,1.07,0.87,0.98,1.04,Mike Clevinger,605182,FF,153,2025,1.13,7.4,7.6,4.7,5.5,29.0,32.2,10
0.85,0.96,1.0,0.96,0.7,0.85,1.03,1.03,0.99,1.01,0.98,1.02,0.87,0.95,1.21,0.97,1.07,Gerrit Cole,543037,FF,765,2026,1.06,23.3,2.1,18.2,3.6,88.0,11.9,10
1.28,1.43,1.01,0.98,0.64,0.84,1.96,0.94,0.54,1.03,0.87,1.01,0.85,1.24,1.27,0.91,0.91,Gavin Collyer,686560,FF,61,2026,1.36,4.9,2.0,3.0,2.1,20.4,7.9,10
1.01,1.04,1.01,1.08,1.0,1.06,1.0,0.98,1.06,1.06,0.98,0.96,0.95,1.19,0.33,1.01,1.07,Luis Contreras,664351,FF,160,2025,1.2,6.5,3.1,3.9,1.7,26.6,9.4,10
0.99,0.92,1.01,0.98,1.16,1.03,0.81,0.95,1.0,1.01,1.06,1.01,1.16,0.82,0.92,1.02,1.03,Roansy Contreras,672710,FF,482,2025,1.26,8.9,4.0,6.5,4.4,33.0,16.5,10
0.9,0.95,0.98,1.03,1.02,0.92,1.02,0.84,1.03,0.92,0.97,0.96,0.97,0.58,1.06,1.01,0.95,Patrick Corbin,571578,FF,55,2026,1.08,21.2,1.6,14.7,2.3,78.0,8.3,10
1.0,1.0,1.0,1.0,1.0,1.0,1.0,1.0,1.0,1.0,1.0,1.0,1.0,1.0,1.0,1.0,1.0,Riley Cornelio,683000,FF,32,2026,1.21,11.0,,5.0,,40.0,,1
1.06,0.86,1.0,0.92,0.77,1.05,1.31,1.07,0.97,0.99,0.98,0.97,0.83,0.96,0.62,1.03,1.08,Nestor Cortes,641482,FF,1489,2025,1.32,20.1,3.5,13.7,4.5,78.6,12.9,10
0.97,1.0,1.0,1.0,0.99,1.01,1.02,0.99,1.01,1.0,1.01,1.0,1.03,1.0,0.99,1.0,0.99,Tom Cosgrove,676680,FF,72,2024,1.2,5.5,1.7,3.5,1.6,23.4,7.3,10
0.95,1.1,0.99,0.92,1.64,0.99,0.88,0.87,1.02,1.03,0.92,0.96,0.92,0.99,0.34,0.98,0.97,Danny Coulombe,543056,FF,217,2026,1.04,3.3,1.1,2.1,1.0,13.1,5.6,10
1.22,0.98,1.0,1.0,0.99,1.05,1.31,0.98,0.97,0.99,1.0,1.0,1.02,0.96,0.95,1.05,1.01,Austin Cox,680735,FF,152,2025,1.43,8.3,5.3,5.1,2.7,33.8,20.7,10
0.97,1.03,1.0,1.0,1.08,0.99,0.97,0.98,0.99,0.99,0.99,1.0,1.02,0.97,1.0,0.99,0.99,Brandon Crawford,543063,FF,32,2024,1.18,10.0,,4.0,,35.0,,1
1.02,1.0,1.0,0.99,0.95,1.01,1.07,1.02,1.03,1.01,1.01,1.0,0.95,0.99,0.99,1.01,1.03,Kutter Crawford,676710,FF,952,2024,1.22,23.0,4.4,16.9,3.7,87.0,9.8,10
1.0,0.97,1.0,1.0,1.09,0.99,1.05,1.0,1.05,1.0,0.97,1.0,1.01,0.97,1.0,1.02,1.0,Nabil Crismatt,622503,FF,102,2025,1.24,16.5,7.9,10.7,5.7,57.5,28.5,10
0.98,0.99,1.0,1.0,1.06,0.99,1.02,0.98,1.03,1.0,1.0,1.0,1.0,1.02,1.02,1.02,0.98,Jeff Criswell,676105,FF,152,2024,1.22,7.4,2.5,4.7,2.4,31.1,13.2,10
1.02,1.27,0.99,1.05,0.84,0.98,1.1,0.99,0.99,1.03,1.04,1.01,0.66,1.24,1.03,1.02,1.04,Garrett Crochet,676979,FF,174,2026,1.14,23.6,2.3,17.2,4.8,91.3,15.2,10
0.97,1.01,1.0,1.0,1.0,0.99,0.97,1.0,1.0,1.0,1.0,1.0,1.02,1.03,1.01,0.98,1.0,Declan Cronin,686539,FF,79,2024,1.16,4.3,1.7,3.2,1.1,15.2,7.9,10
1.8,1.19,0.97,0.99,1.3,0.8,0.54,0.81,0.82,1.06,0.95,0.99,1.6,0.8,0.96,0.93,0.96,Coleman Crow,689441,FF,37,2026,1.62,19.7,1.5,14.3,2.9,67.7,8.0,3
1.0,0.84,1.02,1.05,0.99,0.97,0.94,0.83,1.0,0.97,0.78,0.99,0.92,0.69,0.7,1.03,1.1,Fernando Cruz,518585,FF,132,2026,1.18,3.8,1.3,2.9,0.9,13.7,5.6,10
0.94,1.01,1.0,1.0,1.02,1.02,0.94,0.98,0.98,1.0,0.99,1.0,0.94,1.03,1.02,0.99,1.01,Omar Cruz,678316,FF,50,2025,1.14,9.0,8.5,5.5,3.5,40.5,38.9,2
1.0,0.99,1.0,1.02,2.32,1.05,1.16,1.03,0.99,0.97,0.95,1.04,1.11,1.4,1.32,1.0,0.98,Steven Cruz,674444,FF,153,2026,1.28,5.0,2.4,2.8,1.0,20.6,11.6,10
1.04,1.01,1.0,1.0,0.98,1.0,1.0,1.0,1.01,1.0,1.0,1.0,0.98,1.02,1.01,1.01,0.99,Jose Cuas,621016,FF,106,2024,1.24,6.0,2.2,3.1,1.9,24.2,12.4,10
1.03,0.99,1.0,1.0,0.98,0.99,0.97,1.01,0.97,0.99,0.99,1.0,0.95,0.99,0.96,1.0,1.01,Xzavion Curry,675540,FF,337,2025,1.23,7.3,5.3,5.5,5.4,26.6,20.4,10
0.98,0.98,1.0,1.0,0.99,1.01,0.91,1.01,1.06,1.0,1.02,1.0,0.99,1.0,0.99,0.99,1.01,John Curtiss,595928,FF,307,2025,1.13,3.8,1.5,3.2,1.8,15.8,8.0,10
1.01,1.02,1.0,1.0,0.95,0.99,0.94,1.02,0.98,1.0,1.0,1.0,0.94,1.01,1.04,0.99,0.99,Luis Curvelo,681168,FF,101,2025,1.2,4.6,2.3,3.1,2.2,17.8,8.3,10
1.01,0.97,1.01,1.01,1.08,0.99,1.22,0.96,0.99,0.97,0.94,1.0,1.15,0.84,1.28,1.0,1.02,Caden Dana,702674,FF,360,2025,1.27,19.3,5.0,12.6,5.5,76.6,19.4,10
1.04,1.01,1.0,1.04,1.21,1.13,0.96,0.91,1.0,0.95,0.94,0.96,1.16,0.76,0.88,1.01,1.03,Davis Daniel,669721,FF,336,2025,1.28,20.1,6.9,13.3,5.5,76.3,24.4,9
0.91,1.0,1.0,1.01,1.1,1.01,0.91,0.97,0.96,1.0,0.99,1.0,1.09,0.96,0.99,0.97,0.99,Dugan Darnell,699911,FF,98,2025,1.14,5.6,1.7,3.7,2.2,20.7,8.6,9
0.98,0.9,1.0,1.03,1.15,1.07,1.0,0.97,1.0,1.01,1.01,0.99,1.03,0.83,1.29,0.98,0.97,Yu Darvish,506433,FF,421,2025,1.13,19.4,2.3,14.4,2.4,79.5,6.7,10
0.93,1.34,0.99,1.03,0.8,0.84,0.9,1.13,0.88,1.03,0.99,1.01,1.16,1.1,0.98,0.85,1.11,Tyler Davis,699823,FF,146,2026,1.08,5.0,1.6,3.3,1.2,19.1,7.8,10
0.8,0.91,1.0,0.96,0.83,1.12,0.54,1.13,1.35,1.0,0.93,1.0,0.87,0.89,1.09,1.01,1.04,Enmanuel De Jesus,646241,FF,148,2026,0.97,5.3,1.6,3.6,1.6,21.3,6.4,10
1.01,1.03,0.99,0.96,1.17,1.03,1.06,1.05,1.03,0.96,1.18,1.0,0.92,0.97,1.38,1.02,0.84,Enyel De Los Santos,660853,FF,155,2026,1.2,3.8,0.8,3.0,1.4,14.0,5.3,10
0.94,0.96,1.0,1.0,1.09,1.01,0.94,1.0,0.98,1.0,0.99,1.0,1.01,1.02,1.05,0.99,0.99,Yerry De los Santos,660787,FF,65,2025,1.18,6.9,3.6,4.5,3.2,28.6,15.1,10
1.01,0.97,1.0,1.0,1.01,1.03,1.2,0.98,0.97,1.0,0.97,1.0,0.97,0.98,1.06,1.04,1.0,Anthony DeSclafani,543101,FF,112,2025,1.32,13.4,2.9,9.5,2.6,50.7,13.8,10
1.0,1.07,1.0,0.98,0.99,1.03,0.89,1.03,0.96,0.93,0.99,1.0,1.01,1.04,1.23,0.95,1.08,Reid Detmers,672282,FF,504,2026,1.14,24.1,2.5,17.3,4.2,94.7,4.1,10
1.03,1.0,1.0,1.0,0.96,1.0,1.16,1.01,0.97,1.0,1.01,1.0,0.98,0.98,1.02,1.01,1.01,Chris Devenski,606965,FF,206,2025,1.27,4.9,2.0,3.2,2.7,18.9,9.6,10
0.98,1.03,0.99,1.16,0.99,0.89,0.95,1.09,1.0,1.08,0.9,0.99,0.95,1.02,1.32,0.93,0.97,Alexis Diaz,664747,FF,781,2025,1.13,4.4,1.4,2.9,1.0,20.0,7.6,10
0.99,1.4,0.98,1.1,1.09,0.94,0.98,0.96,1.07,1.0,0.9,1.01,0.92,1.05,1.33,1.02,0.81,Edwin Diaz,621242,FF,1104,2026,1.2,4.5,1.4,2.6,1.6,17.8,7.9,10
0.97,1.0,1.0,1.0,0.98,1.0,1.02,1.0,0.98,1.0,1.0,1.0,1.01,0.99,1.01,0.99,1.0,Jhonathan Diaz,646242,FF,49,2024,1.19,8.7,9.0,5.3,6.1,32.0,28.5,6
0.99,0.78,1.02,0.94,1.78,1.1,0.92,0.9,1.0,0.97,1.01,1.01,1.11,0.57,1.03,1.01,1.02,Yilber Diaz,700270,FF,306,2025,1.16,16.8,5.2,11.5,4.9,66.0,18.7,8
1.0,1.01,1.0,1.0,1.0,0.99,1.11,0.99,1.02,1.0,0.99,1.0,1.04,1.02,1.11,1.0,0.97,Jake Diekman,518617,FF,296,2024,1.21,3.9,1.0,1.5,1.2,17.2,6.2,10
0.95,0.97,1.02,0.99,1.43,0.99,0.86,0.85,1.02,1.01,0.97,1.01,1.23,0.67,0.44,0.99,1.0,Hunter Dobbins,690928,FF,418,2026,1.12,17.0,3.8,12.1,3.8,63.7,15.8,10
1.14,0.82,1.0,0.98,0.81,1.1,1.27,1.14,0.93,1.02,1.13,1.05,0.87,1.34,1.45,0.98,0.83,Chase Dollander,801403,FF,279,2026,1.23,18.9,7.6,13.2,6.3,74.2,31.7,10
0.91,1.15,0.99,0.98,2.14,0.74,1.08,0.94,1.03,0.98,0.93,1.03,1.39,1.2,0.76,0.98,0.88,Seranthony Dominguez,622554,FF,138,2026,1.25,3.9,1.4,2.8,0.4,15.8,7.4,10
0.54,1.14,1.02,1.01,1.3,1.17,0.54,0.91,0.54,1.0,1.03,1.02,1.19,1.0,1.17,0.79,1.01,Wilber Dotel,696062,FF,105,2026,0.78,8.3,3.1,6.3,4.2,32.8,11.5,6
0.76,1.24,1.01,1.02,1.03,1.03,0.76,1.25,0.94,1.06,0.97,0.99,0.72,0.99,0.76,0.93,1.24,Jack Dreyer,676263,FF,168,2026,1.08,4.4,1.2,3.0,1.3,18.4,4.7,10
1.12,1.37,1.0,0.98,0.79,1.19,0.54,1.09,1.2,1.02,1.0,1.0,1.03,1.11,1.26,0.85,0.97,Shane Drohan,675660,FF,113,2026,0.82,9.8,5.7,7.3,4.1,36.6,19.1,10
0.94,0.93,0.99,0.99,0.85,0.97,0.96,0.95,0.99,1.0,0.88,1.0,1.12,0.89,1.34,0.98,0.96,Shawn Dubin,681869,FF,559,2025,1.19,5.2,2.5,3.3,1.3,20.5,9.8,10
1.01,0.99,1.0,1.0,0.99,1.0,0.97,1.0,0.97,1.0,1.0,1.0,0.98,1.0,0.99,1.0,0.99,Tyler Duffey,608648,FF,53,2024,1.23,4.7,1.9,2.9,1.8,21.0,9.8,9
0.79,1.19,1.0,0.93,1.49,1.06,0.79,0.89,1.06,0.9,1.1,1.06,1.04,1.75,1.65,0.97,0.88,Jhoan Duran,661395,FF,78,2026,0.91,3.7,0.7,2.7,0.5,16.0,3.7,10
1.34,1.31,1.0,1.04,0.69,1.0,1.07,1.24,0.99,1.0,1.02,0.99,0.98,1.16,1.34,1.03,1.01,Connelly Early,813349,FF,340,2026,1.63,23.3,3.0,16.6,3.6,88.9,5.9,10
1.16,0.86,1.01,1.03,0.87,1.11,0.95,0.94,1.0,0.89,1.08,1.01,0.62,0.49,1.26,1.0,0.75,Jake Eder,671109,FF,169,2026,0.98,8.5,7.9,5.5,5.3,33.2,29.4,10
0.97,1.08,1.0,1.04,0.96,0.96,0.94,1.04,0.99,1.05,1.01,0.99,1.0,1.0,0.47,1.0,1.04,Carl Edwards,605218,FF,99,2026,1.25,7.4,4.0,4.6,3.1,28.7,16.7,7
0.99,0.99,1.0,1.0,1.09,1.0,0.98,0.94,0.98,0.97,0.95,0.98,1.03,1.04,1.18,1.01,0.89,Zach Eflin,621107,FF,353,2025,1.24,20.9,5.6,14.0,5.5,78.2,19.1,10
1.01,1.13,1.0,1.09,0.53,1.02,1.07,1.08,1.02,0.91,0.89,0.95,0.7,1.17,1.06,1.01,0.96,Brandon Eisert,685126,FF,511,2026,1.23,4.6,2.1,2.7,1.5,20.9,8.5,10
1.0,1.0,1.0,1.0,1.0,1.0,1.0,1.0,1.0,1.0,1.0,1.0,1.0,1.0,1.0,1.0,1.0,Josh Ekness,694795,FF,47,2026,1.21,3.7,1.8,2.3,0.8,16.3,10.4,6
0.67,1.28,0.99,0.96,0.92,0.82,0.86,0.92,0.94,0.96,0.91,0.98,0.91,0.96,0.59,0.95,0.98,Bryce Elder,693821,FF,258,2026,0.96,24.4,3.9,17.8,3.4,85.4,13.0,10
0.99,0.98,1.0,0.96,1.07,1.05,1.11,1.06,0.98,1.05,0.92,1.0,0.95,1.1,1.33,1.0,0.97,Fraser Ellard,686642,FF,404,2025,1.27,4.6,2.4,2.6,1.9,20.6,11.0,10
1.22,1.02,1.01,0.96,0.58,1.13,1.11,1.14,0.99,1.0,1.09,0.98,0.82,0.56,1.15,1.08,1.09,Mason Englert,669438,FF,43,2026,1.51,7.2,5.2,4.4,3.9,25.7,17.5,10
0.88,1.21,0.99,0.97,0.85,0.96,0.91,0.96,1.02,0.94,1.12,0.99,0.94,1.07,0.69,0.95,1.06,Dietrich Enns,608650,FF,159,2026,0.96,4.9,1.9,3.0,1.6,18.3,8.2,10
0.95,1.0,1.0,1.0,0.98,0.99,0.95,1.02,1.0,1.01,1.01,1.0,1.0,0.98,0.95,0.99,1.03,Nic Enright,663671,FF,353,2025,1.18,4.6,2.3,2.9,1.7,18.6,9.7,10
1.04,0.71,1.02,1.04,1.36,0.99,1.15,0.78,0.98,0.95,0.95,1.0,1.23,0.92,1.54,1.05,0.86,Nathan Eovaldi,543135,FF,115,2026,1.31,26.2,1.8,18.8,3.3,92.9,6.0,10
1.11,0.98,1.02,1.0,1.73,1.15,0.72,0.86,1.02,0.91,0.95,1.03,0.99,0.85,1.33,1.06,0.93,Lucas Erceg,668674,FF,127,2026,1.25,4.6,1.3,2.4,1.0,17.0,6.0,10
1.06,0.99,1.0,1.0,0.99,1.01,1.01,1.0,1.03,1.0,0.99,1.0,0.98,0.97,0.99,1.02,1.0,Paolo Espino,502179,FF,52,2024,1.26,14.7,6.5,8.3,4.0,52.7,22.5,3
1.03,1.0,1.0,0.93,0.71,1.0,1.24,1.1,1.02,1.01,1.1,0.98,0.78,0.91,0.91,1.0,1.01,Joey Estes,683155,FF,1127,2025,1.18,20.2,4.7,12.9,4.7,74.2,16.5,10
1.09,0.89,1.01,0.97,0.86,1.03,0.92,1.09,1.0,0.96,1.06,1.02,0.82,0.95,0.95,0.99,1.03,Carlos Estevez,608032,FF,1075,2026,1.16,4.1,1.2,2.5,0.7,17.5,5.3,10
0.94,1.54,0.99,1.08,0.93,0.93,0.95,1.05,0.99,0.92,1.12,1.0,1.16,1.31,0.26,0.98,1.24,Jeremiah Estrada,669093,FF,172,2026,1.26,3.6,1.2,2.4,1.1,13.3,4.7,10
1.02,0.95,1.0,0.95,0.94,0.97,1.02,0.99,1.0,0.99,1.06,0.99,0.86,1.02,0.98,1.01,1.04,Lazaro Estrada,681751,FF,94,2026,1.17,16.0,4.4,11.3,1.2,61.0,13.5,3
1.11,0.93,1.0,0.99,0.98,0.99,1.04,0.99,1.02,0.99,0.99,1.0,0.98,0.98,1.07,0.99,0.97,Logan Evans,688138,FF,147,2025,1.2,20.6,3.6,14.3,2.5,81.4,13.7,10
0.95,0.99,1.0,0.99,0.93,0.98,1.05,1.01,1.05,1.01,1.01,1.0,0.95,1.02,1.0,1.0,1.01,Alex Faedo,656412,FF,352,2024,1.15,6.5,2.0,3.9,1.9,29.4,7.5,10
1.02,1.57,1.01,0.97,1.31,1.11,0.95,1.01,0.93,1.05,1.02,1.02,1.22,1.09,0.3,1.01,1.16,Pete Fairbanks,664126,FF,134,2026,1.39,3.5,1.0,2.4,0.7,16.1,6.3,10
0.8,1.08,1.01,1.12,1.04,0.92,0.95,0.85,1.05,0.92,0.96,0.98,0.92,0.53,0.56,1.0,1.14,Bailey Falter,663559,FF,99,2026,0.97,13.7,4.9,7.4,4.0,50.2,22.2,10
0.99,1.01,1.0,0.99,0.97,1.01,0.99,1.01,1.02,1.0,0.99,1.0,0.98,0.97,1.04,1.0,0.99,Buck Farmer,571656,FF,237,2024,1.2,3.5,0.5,2.2,1.2,15.3,4.2,10
1.04,0.89,1.01,1.05,0.72,1.06,1.04,1.14,1.08,0.95,0.89,0.97,0.54,0.76,1.16,1.03,1.08,Mitch Farris,815083,FF,179,2026,1.2,10.2,5.2,6.7,3.9,40.2,19.6,10
1.02,1.01,1.0,1.0,0.99,0.99,1.07,0.99,1.01,1.0,1.0,1.0,1.01,0.98,0.99,1.02,1.0,Brady Feigl,621399,FF,28,2024,1.26,11.0,,6.0,,44.0,,1
1.16,1.02,1.02,1.0,1.46,1.03,0.99,0.62,0.97,1.04,0.96,1.0,1.29,0.5,0.5,1.07,0.8,Ryan Feltner,663372,FF,95,2026,1.29,20.0,5.7,14.0,4.9,73.8,18.4,10
0.97,0.91,0.99,0.98,1.15,0.96,0.94,0.92,1.01,1.0,1.0,0.99,1.2,1.0,0.78,1.01,1.0,Caleb Ferguson,657571,FF,728,2025,1.25,4.2,1.2,3.1,1.2,15.3,4.3,10
0.96,1.03,1.0,0.95,0.79,0.87,1.04,1.09,1.01,1.0,1.1,1.01,0.89,1.17,1.05,0.96,0.96,Tyler Ferguson,621053,FF,705,2026,1.09,4.4,2.1,3.0,1.8,16.9,9.2,10
1.08,0.91,1.0,0.96,0.82,1.01,1.22,1.1,0.96,1.0,0.98,1.01,0.55,1.1,1.09,1.02,1.03,Jose Fermin,820862,FF,29,2026,1.2,3.9,1.4,2.3,1.3,17.8,7.9,10
1.01,1.01,1.0,0.99,0.82,1.07,1.13,0.91,0.99,1.03,1.01,1.03,1.1,0.74,0.38,1.01,1.02,Julian Fernandez,642759,FF,94,2026,1.17,5.4,2.6,3.6,1.4,21.0,10.2,7
0.88,1.13,1.0,1.0,1.85,0.95,0.74,0.82,1.03,0.94,0.93,1.0,1.44,0.96,0.85,1.0,1.17,Ryan Fernandez,681676,FF,753,2026,1.23,5.7,1.3,3.4,1.5,21.5,6.2,10
0.99,1.02,1.0,1.08,1.01,1.07,1.09,1.03,0.99,1.02,1.0,1.0,0.85,0.83,0.49,1.01,1.04,David Festa,701581,FF,714,2025,1.18,20.9,3.0,14.9,2.5,81.5,7.2,10
0.82,1.22,0.98,0.99,1.17,0.92,0.92,0.94,1.0,1.07,1.04,0.98,1.04,1.43,0.27,0.99,0.78,Matt Festa,670036,FF,162,2026,1.11,3.7,2.0,2.2,1.8,14.2,8.6,10
0.98,1.06,0.99,0.92,1.2,0.91,0.93,1.08,1.0,0.99,1.09,0.97,1.07,0.96,0.38,1.0,1.06,J.P. Feyereisen,656420,FF,111,2025,1.3,4.9,3.1,3.0,1.6,17.5,6.8,10
0.9,0.98,0.99,1.01,1.29,0.98,0.79,1.05,1.0,0.97,0.97,1.01,1.21,0.75,1.06,0.96,1.15,Kyle Finnegan,640448,FF,234,2026,1.2,4.7,0.9,2.4,1.2,16.1,4.7,10
1.0,1.7,1.0,0.84,0.8,1.01,0.99,1.18,1.01,0.96,0.95,1.0,0.75,1.03,0.6,0.98,1.13,Braydon Fisher,680755,FF,80,2026,1.23,4.0,1.2,3.0,0.9,15.9,7.2,10
1.01,1.07,1.0,1.02,0.9,1.02,1.08,1.0,0.98,1.03,1.04,1.01,0.97,0.94,0.47,1.01,1.04,Richard Fitts,690916,FF,421,2025,1.22,17.0,5.5,11.2,4.8,66.1,22.0,10
1.06,0.91,1.0,1.01,1.04,1.05,0.97,1.16,1.02,0.97,0.94,0.98,0.62,0.92,0.72,1.04,1.01,Jack Flaherty,656427,FF,504,2026,1.29,20.4,3.1,13.3,4.0,86.4,10.8,10
1.02,1.12,1.01,0.96,0.91,0.99,0.98,1.03,1.0,0.99,0.96,0.98,0.92,0.69,0.37,1.0,1.04,Chris Flexen,623167,FF,1310,2025,1.22,11.1,5.2,7.2,3.5,42.5,19.0,10
0.98,0.99,1.0,1.0,1.0,0.99,0.98,1.0,1.0,1.0,1.0,1.0,1.01,0.99,1.01,1.0,0.99,Dylan Floro,571670,FF,145,2024,1.21,5.5,3.4,3.5,2.2,20.6,13.0,10
1.03,0.99,1.0,1.0,0.98,1.01,1.09,1.0,0.98,1.0,1.0,1.0,0.99,1.03,1.02,1.0,0.99,Jason Foley,671345,FF,68,2024,1.23,3.3,1.1,2.3,1.3,12.1,4.4,10
0.81,1.15,0.98,1.01,2.84,0.82,0.54,1.11,1.16,1.03,0.95,1.01,1.0,1.02,1.0,0.95,1.07,Cameron Foster,671382,FF,110,2026,1.02,8.2,1.6,3.8,2.0,31.5,7.4,6
1.01,1.0,1.0,1.0,0.97,1.01,0.97,1.0,1.02,1.0,1.0,1.0,0.98,0.99,0.99,1.0,1.0,Matt Foster,641582,FF,48,2024,1.19,5.0,2.5,3.3,1.8,18.0,5.1,6
0.98,0.82,1.01,0.96,1.12,0.97,0.97,0.97,0.99,1.0,0.92,0.98,0.92,0.87,0.96,1.01,1.02,J.P. France,641585,FF,190,2026,1.21,16.9,8.5,10.4,5.2,65.9,31.6,10
0.97,0.98,1.01,1.05,0.86,0.99,1.12,1.09,0.98,1.0,1.12,0.98,0.84,0.76,0.92,0.99,1.06,Bowden Francis,670102,FF,1435,2025,1.16,19.8,3.8,12.4,4.7,78.7,10.5,10
0.88,1.01,0.99,0.99,0.86,0.94,1.74,1.16,0.64,1.01,0.95,1.01,0.62,0.73,1.13,1.02,1.04,Jose Franco,683742,FF,140,2026,1.42,8.8,3.3,5.1,2.0,33.3,11.7,9
1.08,1.1,1.01,1.01,0.92,0.99,1.3,0.95,1.01,1.03,1.02,0.97,0.83,0.52,0.73,1.07,0.95,Kyle Freeland,607536,FF,201,2026,1.31,22.5,1.7,14.6,2.3,85.0,5.7,10
1.04,1.01,1.0,0.99,0.97,0.98,1.13,1.02,0.98,1.0,1.01,1.0,0.98,0.94,1.02,0.99,1.0,Caleb Freeman,673965,FF,33,2025,1.22,3.0,1.6,1.6,1.3,13.8,7.9,5
1.02,1.01,1.0,1.0,1.02,1.02,0.97,0.99,1.04,1.0,0.99,1.0,1.01,1.01,0.99,1.01,1.0,Luis Frias,666818,FF,63,2024,1.22,5.0,1.7,2.4,1.7,21.9,10.7,10
0.91,1.21,0.99,1.01,0.79,0.93,0.85,0.92,1.0,0.92,0.99,1.0,1.33,0.92,0.52,0.95,1.05,Max Fried,608331,FF,154,2026,1.14,23.9,4.7,18.2,4.6,91.4,12.5,10
0.9,0.96,1.0,1.05,1.04,0.91,1.0,1.0,0.99,0.93,1.02,1.03,1.1,1.15,1.36,0.99,0.94,Didier Fuentes,800311,FF,282,2026,1.18,4.9,2.7,3.1,2.6,23.4,12.4,10
1.07,0.78,1.01,0.97,0.82,1.13,1.04,0.99,1.0,1.01,0.92,0.98,0.81,0.94,1.1,1.01,1.01,Carson Fulmer,608334,FF,448,2025,1.19,9.0,5.5,6.4,4.0,34.3,23.3,10
1.02,1.03,1.01,1.05,0.95,1.03,1.04,1.05,0.94,0.98,1.16,1.01,0.84,1.04,0.86,0.97,1.07,Hunter Gaddis,683769,FF,64,2026,1.1,3.9,0.9,2.6,1.1,14.3,4.0,10
0.84,1.49,0.97,0.96,1.04,0.74,0.88,0.88,0.98,0.92,0.96,0.98,1.49,1.18,0.33,0.93,1.05,Matt Gage,657424,FF,116,2026,1.18,3.2,1.4,2.1,1.5,12.4,7.3,10
1.02,0.98,1.0,0.99,1.03,1.01,1.13,0.99,1.0,1.0,0.99,1.0,1.0,0.96,0.99,1.01,1.01,Giovanny Gallegos,606149,FF,174,2024,1.24,5.3,3.1,3.2,2.9,21.8,11.9,10
1.12,0.91,1.02,1.01,1.36,1.04,0.92,0.79,0.96,1.0,0.84,0.99,1.1,0.35,0.49,1.03,1.05,Zac Gallen,668678,FF,393,2026,1.26,22.0,4.7,14.7,2.9,85.1,14.4,10
1.06,1.0,1.0,1.0,1.03,1.01,1.08,1.0,1.02,1.0,1.0,1.0,0.98,0.99,0.98,1.04,1.0,Gerson Garabito,642520,FF,213,2025,1.32,8.4,5.8,4.8,3.3,31.3,19.1,10
0.98,1.02,1.0,1.0,0.99,1.0,0.98,1.0,1.01,1.0,1.0,1.0,0.99,1.04,1.02,1.0,1.01,Deivi Garcia,665620,FF,158,2024,1.2,5.1,2.1,3.3,1.5,21.5,8.4,10
1.02,1.05,1.0,1.0,1.35,1.01,1.1,0.79,0.99,0.98,1.09,1.02,1.27,0.72,0.85,1.01,1.0,Luis Garcia,472610,FF,5,2026,1.16,4.5,1.4,2.5,1.6,16.7,4.4,10
1.05,1.01,1.0,1.0,0.97,0.98,1.04,1.05,0.96,1.0,1.01,1.0,1.01,0.98,1.01,0.98,1.01,Luis Garcia,677651,FF,52,2025,1.25,13.5,10.6,12.0,8.5,53.0,36.8,2
0.97,0.82,1.0,0.92,3.18,1.05,1.05,0.95,1.0,1.09,1.01,1.01,1.55,1.14,1.5,0.98,1.14,Rico Garcia,670329,FF,121,2026,1.35,3.6,1.7,2.4,1.7,13.7,7.7,10
0.84,0.68,1.0,0.98,1.46,1.03,0.94,0.87,0.98,0.98,1.01,1.0,1.01,1.28,1.35,0.97,0.92,Robert Garcia,676395,FF,997,2026,0.98,3.9,1.5,2.5,1.3,17.6,4.8,10
1.03,1.02,1.0,0.91,0.86,1.03,1.04,1.08,0.99,1.06,1.09,1.02,0.84,1.31,1.21,1.01,0.99,Yimi Garcia,554340,FF,386,2025,1.22,4.2,1.5,2.6,0.7,17.8,10.6,10
1.0,1.05,1.0,1.03,1.09,0.98,0.99,0.97,1.0,1.0,0.95,0.96,1.0,1.03,0.9,1.0,0.99,Braxton Garrett,666129,FF,113,2026,1.24,20.9,5.7,13.7,6.8,79.6,15.2,9
1.01,1.01,1.0,1.0,1.02,1.0,1.08,0.99,0.97,1.0,0.99,1.0,1.01,1.02,1.01,1.01,1.0,Reed Garrett,657585,FF,204,2025,1.26,4.6,1.2,2.2,1.0,18.2,5.7,10
0.96,0.92,1.0,1.02,1.41,0.89,0.93,0.93,1.0,1.0,1.1,0.99,1.17,0.86,1.02,0.99,0.97,Robert Gasser,688107,FF,135,2026,1.18,20.3,4.2,14.1,3.8,74.2,13.9,9
1.04,1.0,1.0,1.02,1.38,1.0,0.87,0.95,1.02,0.98,1.09,0.99,1.12,0.82,1.4,1.03,1.08,Kevin Gausman,592332,FF,587,2026,1.3,23.7,1.3,17.1,2.1,93.0,5.2,10
0.94,0.99,1.0,1.0,1.02,0.95,1.08,1.0,1.0,1.0,1.0,1.0,1.0,1.02,0.99,0.98,1.01,Joey Gerber,680702,FF,44,2025,1.14,8.0,1.7,6.3,0.6,36.7,9.0,3
0.98,1.0,1.0,1.0,1.04,1.0,1.02,1.0,1.02,1.01,0.99,1.0,0.98,0.97,1.01,1.0,1.0,Domingo German,593334,FF,149,2024,1.19,14.1,6.8,8.4,5.1,53.0,23.7,7
1.0,0.92,1.0,1.14,0.9,0.99,1.11,1.04,1.0,0.98,0.96,0.99,0.79,1.15,0.79,1.0,1.0,Paul Gervase,801434,FF,116,2026,1.17,7.6,3.5,4.9,2.7,25.9,13.3,8
0.99,1.02,1.0,1.01,1.05,0.97,0.87,0.99,0.99,0.99,1.0,1.0,1.03,0.98,0.96,0.98,1.01,Ian Gibaut,664139,FF,213,2025,1.17,4.6,1.7,3.3,1.6,17.0,6.6,10
1.0,1.02,1.0,0.99,1.2,0.99,0.94,0.97,0.96,1.0,0.98,1.0,1.06,0.99,1.01,0.97,0.99,Cade Gibson,806188,FF,86,2025,1.17,5.5,3.5,3.3,2.2,23.4,15.7,10
1.05,0.97,1.01,1.05,0.96,0.93,1.13,0.87,0.99,0.99,0.8,0.96,1.09,0.53,0.75,1.01,1.01,Kyle Gibson,502043,FF,393,2025,1.28,21.8,5.4,13.7,5.6,82.1,17.1,10
1.28,1.16,1.01,1.04,0.79,0.99,0.54,1.01,0.87,0.95,0.85,1.0,1.16,0.54,1.05,1.01,0.97,Trey Gibson,694346,FF,30,2026,1.54,18.3,7.4,12.0,6.1,72.3,37.2,3
1.04,1.13,1.03,1.04,1.16,0.99,0.98,0.89,0.98,1.05,0.92,1.0,1.12,0.63,0.42,0.99,1.06,Luis Gil,661563,FF,152,2026,1.19,22.2,2.1,15.9,2.7,86.8,5.7,10
1.22,0.77,1.0,1.15,0.86,1.09,1.12,1.08,1.03,0.92,1.02,1.01,0.67,0.87,0.66,1.01,1.06,Logan Gilbert,669302,FF,353,2026,1.17,23.3,2.2,17.1,2.8,91.9,4.5,10
0.99,1.26,0.99,0.94,0.72,0.98,0.88,1.02,1.06,0.99,1.0,0.96,0.8,0.98,1.29,0.99,0.88,Tyler Gilbert,656457,FF,155,2026,1.12,4.5,3.1,3.0,1.8,17.9,13.6,10
1.0,0.98,1.0,0.97,1.04,0.97,1.04,1.0,1.0,0.97,1.06,1.0,0.97,1.02,0.65,1.0,1.02,Logan Gillaspie,670810,FF,103,2025,1.18,6.9,4.8,4.6,3.6,21.6,19.2,10
1.03,1.2,1.0,0.9,0.9,1.05,1.0,1.09,1.02,1.01,0.9,0.97,0.91,0.9,1.01,1.0,1.08,Connor Gillispie,687362,FF,195,2025,1.3,17.3,6.2,10.9,4.3,67.6,22.0,9
0.92,1.27,1.01,1.04,2.48,1.1,0.98,0.97,0.98,1.03,0.97,1.0,1.38,0.84,1.1,0.98,0.99,Kevin Ginkel,656464,FF,167,2026,1.29,3.1,0.9,2.0,0.8,12.9,3.2,10
0.98,1.19,1.02,1.02,2.0,0.93,0.44,0.9,0.92,0.94,0.94,1.0,1.34,1.06,0.81,0.86,0.86,J.T. Ginn,669372,FF,125,2026,0.98,21.3,5.4,15.9,5.7,81.9,17.2,10
0.95,1.21,1.02,1.07,2.32,1.11,0.88,0.84,1.01,0.93,0.88,0.96,1.36,0.83,0.77,1.02,1.15,Lucas Giolito,608337,FF,97,2026,1.33,22.6,3.4,15.6,4.1,91.6,8.9,10
1.14,0.97,1.01,1.01,0.93,1.02,1.15,1.0,1.06,1.0,1.0,1.0,0.95,0.96,1.03,1.05,0.99,Sawyer Gipson-Long,687830,FF,131,2025,1.33,16.6,5.8,11.9,4.5,57.8,18.9,8
1.02,1.01,1.0,1.15,1.32,0.96,1.14,0.83,0.96,1.1,0.99,1.0,1.37,0.64,0.24,0.99,1.01,Tyler Glasnow,607192,FF,174,2026,1.24,21.1,7.1,16.0,6.5,84.3,30.8,10
1.11,0.7,1.01,1.02,0.81,1.05,1.29,0.96,0.96,0.98,0.94,0.96,0.95,0.44,0.88,1.03,1.01,Austin Gomber,596295,FF,1394,2025,1.31,22.8,2.9,14.1,2.2,84.2,6.5,10
1.28,1.07,0.99,1.05,0.57,0.95,1.21,1.25,0.99,1.05,0.97,1.01,0.65,1.12,0.88,1.08,1.06,Yoendrys Gomez,672782,FF,183,2026,1.59,3.9,1.9,3.0,1.6,15.9,8.3,10
0.97,0.98,1.0,0.99,1.04,1.02,1.08,0.98,0.99,1.0,0.99,1.0,0.99,1.01,1.04,1.0,1.01,Tony Gonsolin,664062,FF,243,2025,1.19,22.4,2.8,15.1,2.4,86.6,6.9,7
1.04,1.01,1.0,1.0,0.99,1.02,0.97,0.99,1.0,0.99,1.0,1.0,0.99,0.98,1.03,1.02,1.0,Marco Gonzales,594835,FF,174,2024,1.27,21.4,3.1,14.7,3.6,77.9,11.3,7
1.0,1.0,1.0,1.0,1.0,1.0,1.0,1.0,1.0,1.0,1.0,1.0,1.0,1.0,1.0,1.0,1.0,Domingo Gonzalez,682445,FF,34,2026,1.21,6.0,1.4,3.8,1.0,22.5,9.6,4
0.99,0.98,1.0,1.0,1.02,1.03,0.96,1.01,0.99,1.0,1.0,1.0,0.99,1.01,1.05,1.0,0.99,Wikelman Gonzalez,682790,FF,205,2025,1.21,4.8,1.8,3.0,1.3,20.5,7.6,10
1.09,1.25,0.99,1.05,0.91,1.06,1.43,1.21,1.08,0.86,1.09,0.97,0.69,0.79,1.43,1.08,1.0,Colton Gordon,676467,FF,73,2026,1.43,13.3,5.2,8.5,4.6,52.2,20.6,10
1.15,0.85,1.01,0.96,0.91,1.06,1.05,1.06,1.06,0.98,1.09,0.99,0.59,1.13,1.31,1.05,1.01,Tanner Gordon,685299,FF,193,2026,1.21,17.4,5.8,11.5,3.1,66.0,14.5,10
0.94,1.0,0.98,1.05,0.89,0.94,0.86,1.09,1.0,0.97,1.08,1.01,0.82,0.93,0.78,0.97,1.03,MacKenzie Gore,669022,FF,461,2026,1.07,21.0,5.7,14.8,5.8,88.0,22.0,10
1.01,0.98,1.0,1.0,1.02,0.99,1.05,1.0,0.99,1.0,1.0,1.0,1.0,1.0,0.99,1.02,1.0,Anthony Gose,543238,FF,44,2024,1.28,7.3,1.5,3.7,0.6,26.3,6.8,3
1.08,0.97,1.04,0.98,1.03,1.16,0.91,0.87,0.96,0.89,1.0,1.01,1.03,0.57,0.87,1.03,0.96,Gordon Graceffo,700669,FF,162,2026,1.21,4.1,1.9,3.3,1.9,12.8,6.0,10
1.16,1.21,1.0,0.95,1.31,1.16,0.97,0.85,1.02,0.97,0.9,1.01,1.15,0.46,0.42,1.01,1.06,Andre Granillo,701552,FF,48,2026,1.22,5.7,3.2,3.0,2.1,23.0,10.3,10
0.94,1.02,1.0,1.0,0.99,0.99,1.1,1.01,1.05,1.0,0.99,1.0,1.01,1.02,0.99,0.99,1.0,Kendall Graveman,608665,FF,52,2025,1.15,4.2,1.4,2.4,0.7,17.4,7.8,10
1.01,0.9,1.01,0.98,1.35,1.09,1.16,0.84,1.01,0.94,1.06,1.0,1.22,0.71,1.15,1.0,0.92,Jon Gray,592351,FF,818,2025,1.14,13.3,7.0,9.4,6.1,44.2,23.8,10
1.0,1.02,1.0,1.0,1.01,1.02,0.97,0.99,1.0,1.0,1.0,1.0,0.98,1.01,1.01,0.99,1.0,Josiah Gray,680686,FF,38,2024,1.17,22.0,0.0,12.0,1.4,87.5,12.0,2
0.54,1.06,1.01,1.03,1.56,1.1,0.54,1.02,0.79,1.0,0.92,0.99,0.89,0.97,1.3,1.0,1.0,Peyton Gray,682608,FF,110,2026,1.17,7.1,4.1,4.8,2.8,27.4,13.1,10
0.98,0.92,1.0,1.0,1.47,0.84,0.98,0.64,1.03,1.07,0.95,0.98,1.18,0.74,0.22,1.0,0.82,Sonny Gray,543243,FF,147,2026,1.01,20.7,3.9,14.6,3.8,78.3,15.6,10
1.08,1.09,1.02,0.98,0.88,1.07,1.24,1.12,0.97,1.02,1.16,1.0,0.82,0.91,0.89,1.03,1.07,Chad Green,643338,FF,856,2025,1.31,4.7,1.4,2.6,0.8,17.0,5.0,10
0.95,0.95,1.0,1.02,0.96,0.98,0.87,1.09,0.99,1.03,1.15,1.04,1.0,1.09,1.13,0.99,1.03,Hunter Greene,668881,FF,2351,2025,1.18,22.6,4.1,17.4,5.3,94.0,8.7,10
1.56,0.86,1.01,0.99,0.82,0.85,2.18,0.95,0.74,0.94,0.86,0.98,1.19,0.86,0.74,1.12,1.02,Foster Griffin,656492,FF,197,2026,2.01,23.6,2.2,16.6,2.4,92.6,6.7,10
1.02,1.04,1.0,0.87,1.08,1.01,0.93,1.04,1.0,0.97,0.97,1.02,1.13,1.13,1.11,0.99,1.01,Luis Guerrero,692285,FF,169,2025,1.28,5.9,2.2,3.7,2.4,24.5,11.2,10
0.96,0.97,1.0,1.0,0.94,1.01,1.03,1.03,0.96,1.01,1.01,1.0,0.96,1.05,0.95,0.99,1.03,Ryan Gusto,687473,FF,768,2025,1.2,16.6,9.4,11.4,6.6,65.7,37.3,10
1.02,1.04,1.0,1.0,0.98,0.99,1.07,1.01,0.97,1.0,1.01,1.0,1.01,1.0,1.01,1.0,1.0,Vladimir Gutierrez,661269,FF,27,2024,1.25,17.0,,12.0,,80.0,,1
0.76,0.92,1.02,1.06,3.19,1.07,0.76,0.76,1.01,0.99,0.94,1.04,1.59,0.68,1.12,1.0,0.92,Seth Halvorsen,678020,FF,121,2026,1.14,4.6,1.8,2.7,1.1,17.9,6.7,10
1.01,1.01,1.0,0.88,0.93,0.93,1.02,1.01,1.0,0.98,1.0,1.01,1.0,0.96,1.27,0.99,0.99,Ian Hamilton,641656,FF,218,2025,1.2,3.9,2.2,2.4,1.6,14.5,9.0,10
1.28,0.89,0.99,0.96,0.84,1.18,1.16,1.11,1.0,1.03,1.2,1.01,1.04,1.22,1.55,1.1,0.69,Emerson Hancock,676106,FF,377,2026,1.6,23.3,2.8,17.7,1.9,90.5,5.9,10
0.98,1.04,1.0,0.94,0.85,1.0,0.88,0.98,0.99,0.95,1.08,1.02,0.9,0.98,1.42,1.0,0.89,Brenan Hanifee,669724,FF,11,2026,1.12,4.5,2.5,3.3,2.7,14.3,8.2,10
1.01,0.96,1.0,1.0,1.22,0.98,1.1,1.0,1.02,0.99,1.01,1.0,0.99,0.96,1.03,1.02,1.0,Thomas Harrington,802419,FF,81,2025,1.25,16.7,6.0,8.3,5.5,66.7,20.8,3
1.0,0.99,1.0,1.01,1.01,1.0,0.94,0.97,1.02,1.0,1.01,1.0,0.99,0.94,1.03,1.01,0.99,Hayden Harris,802686,FF,42,2025,1.19,4.0,1.0,2.3,2.1,16.7,4.2,3
0.63,0.95,0.97,1.01,1.72,0.87,0.75,1.02,1.0,1.01,0.95,1.01,1.4,1.04,1.03,0.94,1.16,Hogan Harris,663687,FF,303,2026,1.13,3.5,1.3,1.9,1.4,15.6,7.2,10
0.96,1.22,0.98,1.01,1.36,0.86,0.9,0.95,0.98,1.02,1.09,1.0,1.14,1.37,1.64,1.01,0.95,Kyle Harrison,690986,FF,518,2026,1.29,20.5,2.2,15.2,3.2,87.7,9.7,10
1.01,1.01,1.0,0.99,0.9,1.06,1.19,0.99,1.01,0.98,1.03,0.97,0.99,0.66,1.05,1.0,0.97,Kyle Hart,606996,FF,124,2026,1.19,5.0,3.2,3.5,2.4,19.1,12.0,10
0.97,1.01,1.0,1.0,0.98,0.99,0.97,0.99,1.03,1.0,1.0,1.0,1.0,1.0,0.99,0.99,0.99,Geoff Hartlieb,664129,FF,39,2024,1.15,7.4,2.8,4.1,2.0,27.3,9.1,9
1.13,0.84,1.01,0.97,1.39,1.03,0.88,0.72,1.01,0.91,1.05,1.02,1.41,0.74,0.81,1.03,1.11,Hunter Harvey,640451,FF,695,2026,1.25,4.0,1.4,2.6,0.7,16.3,6.8,10
1.05,1.02,1.0,1.0,0.99,1.0,1.04,1.0,1.04,1.01,1.01,1.0,0.98,1.0,0.98,1.01,1.0,Thomas Hatch,641672,FF,70,2025,1.22,13.0,6.7,8.6,4.9,51.1,27.2,10
0.8,0.74,1.0,1.06,1.16,0.95,0.96,1.0,1.02,1.02,1.09,1.0,0.79,0.78,0.99,0.93,1.1,Brent Headrick,687396,FF,212,2026,0.82,4.4,1.3,2.8,1.0,15.9,5.9,10
1.05,0.9,0.99,0.98,0.86,1.0,1.09,1.04,1.04,1.02,0.99,0.96,0.82,0.87,1.95,1.0,0.94,Andrew Heaney,571760,FF,2298,2025,1.2,14.6,6.3,8.7,4.0,57.0,21.5,10
1.03,1.37,1.01,0.98,1.13,1.07,1.12,0.77,1.01,0.91,1.26,0.97,1.24,0.35,1.15,1.05,1.11,Jonathan Heasley,669169,FF,45,2026,1.23,9.6,6.8,5.6,3.4,34.2,22.2,5
0.85,0.85,1.02,1.01,1.44,1.08,0.9,0.72,1.0,1.11,1.02,1.04,1.3,1.19,0.37,0.98,1.22,Ryan Helsley,664854,FF,961,2026,0.98,3.7,0.9,2.4,0.7,15.3,4.5,10
1.09,1.07,0.98,0.95,0.64,0.93,1.08,1.15,1.02,1.03,1.09,0.99,0.61,1.25,1.44,1.01,1.13,Logan Henderson,701656,FF,159,2026,1.23,19.0,3.8,14.4,3.6,76.3,15.9,10
1.06,1.12,0.99,0.85,0.84,0.96,1.14,1.0,0.95,0.94,0.84,0.93,1.03,1.0,0.79,1.0,0.97,Kyle Hendricks,543294,FF,655,2025,1.38,22.4,2.2,15.8,3.7,82.2,12.3,10
1.01,0.99,1.0,1.01,0.98,1.03,0.97,1.01,1.0,1.0,1.0,1.0,0.98,0.96,1.0,1.02,1.02,Liam Hendriks,521230,FF,128,2025,1.26,4.1,1.3,2.7,1.4,14.9,6.3,10
0.93,1.09,1.0,1.01,1.51,0.95,0.92,0.94,1.02,1.05,1.04,1.06,0.84,0.92,1.14,1.0,0.93,Edgardo Henriquez,683618,FF,114,2026,1.01,4.6,1.6,3.3,0.8,17.8,7.5,10
1.08,0.98,1.0,0.99,0.96,1.04,1.01,1.0,0.97,1.04,0.99,1.01,1.15,0.89,0.84,1.01,1.05,Ronny Henriquez,678692,FF,433,2025,1.34,5.1,1.4,3.4,0.8,19.6,4.7,10
0.89,1.29,1.0,1.02,0.77,0.91,0.97,0.94,0.96,1.09,0.99,0.99,0.9,1.23,1.65,0.95,0.88,Cole Henry,669371,FF,89,2026,1.04,5.2,2.3,2.9,2.3,21.2,9.9,10
1.05,0.97,1.0,1.0,0.98,1.01,1.1,1.01,0.98,0.99,1.0,1.0,0.99,0.97,1.0,1.01,1.0,Tommy Henry,674072,FF,238,2024,1.27,18.9,5.3,11.9,3.4,73.1,20.9,10
0.93,1.06,0.98,1.06,0.86,0.94,0.96,1.05,0.97,0.97,0.86,0.99,1.22,1.1,0.73,0.93,0.94,Sam Hentges,656529,FF,154,2026,1.2,4.1,1.9,2.4,1.3,17.9,9.4,10
1.3,1.3,0.99,0.79,0.71,1.12,1.1,1.05,0.98,1.05,0.99,0.98,0.8,1.08,1.56,1.02,0.64,Jimmy Herget,623474,FF,29,2026,1.36,4.7,1.5,2.2,0.6,19.2,6.5,10
0.98,1.02,1.0,0.87,1.52,0.99,0.93,1.02,1.0,0.98,0.99,0.98,0.92,0.89,1.1,1.0,1.04,Kevin Herget,643361,FF,166,2025,1.21,6.9,3.2,5.0,2.6,26.3,12.8,10
0.97,0.91,1.01,1.06,0.99,0.98,0.75,1.06,1.0,1.02,1.07,1.03,0.9,0.86,1.04,0.99,1.05,Carlos Hernandez,672578,FF,695,2025,1.13,4.6,2.1,3.0,1.9,18.1,6.4,10
0.99,0.92,1.0,0.94,1.01,0.98,0.94,1.04,0.96,1.0,0.92,1.03,1.08,1.07,1.12,0.98,1.01,Daysbel Hernandez,678226,FF,458,2025,1.25,4.5,2.7,2.2,1.3,19.7,11.6,10
1.01,1.0,1.01,1.0,1.01,1.02,1.03,1.0,0.99,1.0,0.99,1.0,0.96,0.99,0.97,1.01,1.01,Elieser Hernandez,622694,FF,108,2024,1.23,7.1,6.7,4.8,5.4,27.9,24.5,9
1.08,0.99,1.0,1.0,0.97,1.0,0.97,1.0,1.0,1.0,1.0,1.0,0.97,1.0,1.0,1.01,1.0,Jose E. Hernandez,669796,FF,30,2024,1.26,3.4,0.8,2.1,1.6,12.7,2.6,7
0.96,1.28,1.0,1.01,1.03,1.06,0.96,1.0,1.0,1.05,1.03,0.97,1.09,1.06,0.58,0.99,1.06,Nick Hernandez,663321,FF,147,2025,1.23,5.2,2.9,3.1,2.0,22.1,14.3,10
1.0,1.0,1.0,1.0,1.0,1.0,1.0,1.0,1.0,1.0,1.0,1.0,1.0,1.0,1.0,1.0,1.0,Welinton Herrera,700327,FF,28,2026,1.21,3.3,0.6,2.3,1.2,15.0,5.2,3
1.0,1.01,1.0,1.0,1.01,1.0,0.94,1.0,0.99,1.0,1.0,1.0,0.99,1.06,1.08,0.99,1.0,DJ Herz,687792,FF,858,2024,1.19,20.1,2.5,14.2,2.9,84.4,6.1,10
1.03,0.95,1.01,1.1,0.84,1.09,1.16,0.93,0.97,1.06,1.06,1.02,0.77,0.48,1.64,1.01,0.9,Codi Heuer,676051,FF,89,2026,1.07,6.2,2.7,3.9,2.1,25.1,12.0,8
0.85,1.26,0.99,0.89,1.89,0.86,0.92,1.11,0.99,1.06,1.05,1.03,0.92,1.36,1.12,0.97,0.89,Jaden Hill,677955,FF,101,2026,1.13,3.6,1.3,2.6,1.5,14.4,7.1,10
1.0,1.03,1.01,1.0,0.99,1.02,1.07,0.97,0.97,1.0,0.98,1.0,0.97,1.0,0.97,1.02,1.0,Rich Hill,448179,FF,63,2025,1.25,9.7,9.2,5.7,5.9,40.3,35.4,6
1.01,1.06,1.0,0.91,0.87,1.05,1.26,1.16,1.0,1.01,1.02,1.0,0.9,0.84,0.69,1.0,1.1,Yaramil Hiraldo,682274,FF,132,2026,1.28,4.2,1.9,2.0,1.2,15.9,9.2,10
0.96,0.89,1.0,1.12,1.24,0.94,1.03,0.83,1.0,1.02,0.91,1.02,1.32,0.99,0.37,0.96,0.97,Porter Hodge,687863,FF,704,2025,1.1,4.1,1.9,2.5,0.5,19.1,9.2,10
1.02,1.0,1.0,1.0,0.99,1.01,1.02,0.99,1.01,1.0,1.01,1.0,1.0,1.0,1.01,1.01,0.99,Bryan Hoeing,663773,FF,37,2024,1.23,4.8,1.0,3.5,1.2,17.5,3.4,10
1.37,1.38,0.99,1.0,0.77,0.92,1.59,1.05,0.99,1.1,1.05,1.02,0.96,1.54,1.74,1.08,1.02,Jeff Hoffman,656546,FF,168,2026,1.64,4.1,1.4,2.4,0.5,18.6,6.1,10
0.9,0.88,1.0,1.01,1.28,1.02,0.98,0.77,0.96,0.98,0.91,1.0,0.92,0.61,0.69,0.98,0.98,Andrew Hoffmann,694851,FF,118,2026,0.94,6.9,2.2,3.9,2.2,27.5,7.4,10
1.13,0.93,1.01,1.01,0.96,1.02,1.12,1.0,1.0,1.01,1.0,1.0,0.95,0.97,0.99,1.04,1.02,Gunnar Hoglund,680684,FF,196,2025,1.34,23.0,2.4,16.0,1.1,91.0,5.9,6
1.0,1.07,0.99,1.02,0.92,1.0,0.94,1.04,1.0,1.1,1.0,1.0,0.87,1.09,1.37,1.0,0.94,Gavin Hollowell,668970,FF,104,2026,1.21,6.6,3.3,4.0,2.1,27.6,12.3,9
1.02,1.04,1.0,1.1,1.6,0.96,0.95,0.85,1.0,0.92,0.96,1.0,1.2,1.0,1.09,1.0,0.99,Grant Holman,680880,FF,330,2025,1.21,4.8,1.4,2.4,1.4,17.5,5.1,10
1.1,0.83,1.02,0.92,0.87,1.02,1.33,0.9,0.94,1.01,0.94,1.0,0.96,0.75,0.85,1.01,0.97,Grant Holmes,656550,FF,317,2026,1.22,22.1,3.9,15.4,2.9,82.9,10.5,10
0.94,0.98,1.0,0.99,1.01,1.0,0.97,0.98,1.01,0.99,1.0,1.0,1.01,0.97,0.97,0.99,1.0,Brent Honeywell,641703,FF,299,2024,1.14,5.8,1.1,4.9,1.2,23.1,5.5,10
0.54,0.89,1.01,1.0,0.92,1.14,0.54,0.95,1.2,1.0,0.91,1.01,1.31,0.9,0.71,0.99,0.97,Alex Hoppe,695380,FF,73,2026,0.95,4.7,2.1,2.7,1.6,18.6,8.0,10
0.96,0.85,1.01,0.97,1.76,1.03,0.85,0.69,1.0,1.1,0.96,1.01,1.18,0.84,0.28,1.0,1.05,Cade Horton,690990,FF,944,2026,1.02,17.5,6.3,14.1,5.4,64.7,23.2,10
1.01,0.99,1.01,1.02,1.21,1.03,0.86,1.06,1.0,0.98,1.07,1.01,1.01,0.99,1.09,0.99,0.92,Adrian Houser,605288,FF,127,2026,1.2,23.0,2.7,15.3,2.7,83.5,8.9,10
0.98,0.97,1.0,1.0,0.99,1.02,0.94,0.99,1.0,0.99,1.01,1.0,0.99,0.99,1.0,1.01,1.0,Spencer Howard,675921,FF,273,2024,1.21,15.9,3.9,9.2,4.1,59.6,15.1,9
0.7,0.7,0.97,1.12,1.13,0.86,0.75,0.85,0.98,0.95,1.0,0.97,1.59,1.14,1.27,0.91,0.83,Bryan Hudson,663542,FF,302,2026,1.04,3.9,1.4,3.0,0.7,13.1,5.4,10
0.98,0.94,1.0,1.0,1.03,0.98,1.01,0.98,1.01,0.99,0.98,1.0,1.01,0.94,0.98,0.99,0.96,Dakota Hudson,641712,FF,235,2024,1.16,22.2,3.8,15.1,4.5,81.2,11.7,10
1.01,0.97,1.0,1.0,1.0,1.04,1.01,0.99,0.99,1.01,1.01,1.0,0.97,1.02,1.0,1.01,1.0,Daniel Hudson,543339,FF,502,2024,1.22,4.3,0.8,2.5,0.7,16.3,4.4,10
1.06,1.0,1.0,1.0,0.97,1.0,1.11,1.01,1.02,1.0,1.0,1.0,0.98,0.99,1.01,1.03,1.0,Brandon Hughes,676714,FF,115,2024,1.3,6.7,3.2,3.9,1.4,26.1,11.6,10
0.77,1.17,1.02,1.0,1.5,1.01,0.86,0.91,0.97,0.9,1.1,1.02,1.22,1.78,1.11,0.92,1.07,Kyle Hurt,669165,FF,137,2026,0.96,3.7,0.7,2.4,0.7,13.1,3.7,10
0.97,1.01,0.99,0.94,1.07,0.97,0.94,0.82,0.99,0.96,0.99,0.98,1.27,1.26,0.62,1.0,0.9,Brant Hurter,676428,FF,12,2026,1.21,5.6,3.0,4.5,2.6,19.9,9.3,10
0.9,1.12,1.0,0.95,0.63,0.93,0.86,1.2,1.0,1.0,1.07,1.0,0.62,1.39,1.07,0.94,0.96,Raisel Iglesias,628452,FF,117,2026,1.01,4.0,1.3,2.7,0.5,14.9,6.2,10
1.06,0.99,1.0,0.95,1.53,1.03,0.83,0.95,0.81,0.94,0.84,1.0,1.14,0.99,1.37,0.95,0.83,Tatsuya Imai,837227,FF,237,2026,1.29,17.7,5.3,12.6,6.2,80.6,23.2,7
1.25,1.25,1.0,0.95,0.73,1.19,1.33,1.06,0.99,1.09,0.97,0.97,0.77,0.83,1.4,1.06,1.15,Shota Imanaga,684007,FF,455,2026,1.46,24.3,2.5,18.0,2.4,91.4,9.0,10
0.99,1.0,1.0,1.0,1.02,1.0,0.97,0.98,0.98,1.0,0.99,1.0,1.02,0.97,1.03,0.99,1.0,Jairo Iriarte,683568,FF,63,2024,1.19,5.0,2.1,3.0,1.5,22.8,10.3,6
1.1,0.97,1.0,1.0,0.98,1.02,1.01,0.99,1.01,0.99,1.0,1.0,0.99,0.97,1.06,1.02,1.0,Cole Irvin,608344,FF,405,2024,1.28,10.1,6.1,6.1,4.4,37.3,23.4,10
0.96,1.08,1.0,1.12,0.8,1.11,1.04,0.98,1.0,1.01,0.98,0.98,0.98,1.08,1.08,1.0,0.93,Jake Irvin,663623,FF,260,2026,1.19,20.8,2.9,14.0,2.4,85.5,9.8,10
0.97,0.99,1.0,1.0,1.18,1.0,0.97,1.01,1.0,1.0,1.0,1.0,1.0,1.0,1.01,0.99,1.0,Jay Jackson,543351,FF,116,2024,1.18,5.4,1.9,3.5,1.8,21.0,9.4,10
1.05,1.08,1.0,1.05,1.1,0.97,0.86,0.99,0.99,1.0,0.86,1.0,1.02,0.93,0.81,0.99,1.04,Luke Jackson,592426,FF,552,2025,1.25,4.3,1.2,3.2,1.3,17.7,6.6,10
1.01,1.05,0.99,1.13,0.87,0.99,1.0,1.07,1.0,1.0,0.95,0.91,0.93,1.18,1.64,1.0,0.93,Alek Jacob,689690,FF,319,2026,1.35,6.1,3.2,3.9,2.3,22.6,11.4,10
0.96,0.9,1.0,0.91,1.28,1.02,0.91,0.96,0.99,0.97,0.99,1.0,1.03,0.77,1.29,1.01,0.98,Bryce Jarvis,686826,FF,505,2025,1.2,8.6,6.5,5.3,5.3,35.7,26.1,10
1.06,1.07,1.0,0.93,0.89,1.0,0.93,1.2,0.96,0.95,1.01,0.98,0.73,0.88,0.77,0.98,1.06,Cristian Javier,664299,FF,84,2026,1.25,18.6,5.8,12.1,5.3,70.8,21.2,10
1.29,1.2,1.02,0.98,0.81,1.02,1.25,1.15,1.01,1.09,1.0,1.02,0.87,0.98,0.91,1.08,1.1,Griffin Jax,643377,FF,109,2026,1.58,9.9,6.2,7.3,4.9,37.1,19.2,10
1.11,0.98,1.0,0.99,0.98,1.01,1.08,0.99,0.98,1.0,0.98,1.0,1.02,0.97,0.99,1.02,1.01,Dany Jimenez,666204,FF,168,2024,1.32,5.0,1.8,2.7,0.8,20.1,8.4,10
0.94,0.99,1.0,1.01,1.02,1.0,0.91,1.0,0.98,1.0,1.0,1.0,1.0,1.03,1.02,0.98,1.01,Joe Jimenez,641729,FF,503,2024,1.15,4.3,1.3,2.9,0.7,16.6,4.4,10
0.96,0.98,1.01,0.92,1.0,0.96,0.95,0.96,0.96,1.02,0.96,1.02,1.09,0.67,0.95,0.98,1.05,Jackson Jobe,695549,FF,298,2025,1.17,21.6,2.3,14.6,2.2,87.3,6.6,10
0.97,1.19,0.99,0.88,0.92,0.91,0.92,1.13,1.01,1.0,0.82,1.01,0.77,1.05,1.28,0.99,1.02,Pierce Johnson,572955,FF,123,2026,1.23,4.2,1.8,2.7,1.8,18.4,8.2,10
1.15,1.2,0.99,0.98,0.92,0.93,0.94,1.25,1.01,1.04,0.93,1.03,0.93,0.9,0.81,0.99,1.14,Seth Johnson,686751,FF,178,2026,1.41,5.7,2.9,3.1,1.4,23.5,12.3,10
1.01,0.87,1.0,1.05,0.95,1.0,1.01,1.0,1.0,1.01,1.06,1.02,1.11,1.14,1.02,1.0,1.0,Jared Jones,683003,FF,969,2026,1.23,22.4,3.1,15.4,3.5,86.7,6.7,10
0.99,0.9,1.01,1.04,1.51,0.96,1.01,0.87,0.99,1.01,1.14,1.08,1.26,1.19,1.12,0.99,0.93,Ben Joyce,690829,FF,281,2025,1.11,4.1,0.9,2.5,1.3,13.7,3.2,10
0.54,1.29,1.0,1.0,1.3,0.84,0.54,0.98,0.87,1.01,0.98,1.01,0.85,0.92,1.01,0.94,1.04,Gage Jump,695611,FF,47,2026,0.92,25.0,,15.0,,88.0,,1
0.87,1.11,0.98,0.94,0.9,0.79,0.9,0.95,1.0,0.92,0.93,0.97,0.87,0.97,0.46,0.96,0.83,Jakob Junis,596001,FF,49,2026,1.01,4.7,2.5,3.5,2.0,16.7,9.5,10
0.78,0.89,1.01,0.97,1.35,1.04,0.82,0.98,1.02,1.0,1.03,1.0,0.97,0.64,0.75,0.97,1.18,Janson Junk,676083,FF,317,2026,0.98,23.6,3.4,16.7,2.2,87.4,13.0,10
0.99,0.95,1.0,1.03,1.84,0.97,0.97,0.95,0.98,0.97,0.85,1.0,1.11,1.0,0.86,1.0,1.01,Tommy Kahnle,592454,FF,292,2025,1.27,4.2,1.2,3.1,1.3,15.3,5.1,10
1.19,1.35,0.99,0.94,1.42,0.94,1.04,1.04,1.26,1.01,1.02,1.01,0.96,0.85,0.94,1.11,0.97,Anthony Kay,641743,FF,274,2026,1.42,21.8,3.4,14.6,3.3,88.9,7.9,10
0.88,1.06,1.0,0.93,2.1,0.92,0.85,0.88,0.98,1.04,0.94,1.03,1.19,0.84,0.26,0.99,0.95,Brad Keller,641745,FF,138,2026,1.13,4.2,1.3,2.5,0.5,17.3,3.0,10
0.84,1.07,1.0,1.02,1.02,0.98,0.74,0.95,1.05,1.02,1.06,0.99,1.0,0.8,1.12,1.01,1.0,Mitch Keller,656605,FF,341,2026,1.1,23.3,1.6,16.9,3.2,87.4,9.9,10
1.02,1.0,1.0,1.0,0.97,0.99,1.07,1.02,0.99,1.0,1.01,1.0,0.97,1.0,0.99,1.01,1.0,Casey Kelly,543391,FF,20,2024,1.25,6.8,4.5,5.0,4.1,25.5,15.8,4
1.06,0.99,1.0,1.0,0.99,1.01,1.0,1.0,1.04,1.0,1.0,1.0,0.99,0.98,1.03,1.02,0.99,Joe Kelly,523260,FF,132,2024,1.25,4.7,2.5,2.8,1.3,18.9,10.8,10
1.36,1.04,1.03,0.94,0.64,1.11,1.23,1.04,1.0,1.01,0.88,0.97,0.56,0.69,1.22,1.08,0.91,Merrill Kelly,518876,FF,219,2026,1.44,25.2,2.9,17.3,4.3,92.5,9.2,10
0.99,1.08,0.99,0.88,1.65,0.85,0.92,0.84,1.0,1.02,0.86,1.01,1.31,1.03,0.78,0.99,0.95,Michael Kelly,547184,FF,368,2026,1.24,5.0,2.2,2.3,0.9,19.1,10.1,10
0.95,0.83,1.0,0.94,1.08,0.83,1.03,0.72,0.98,1.16,0.98,0.98,1.41,0.58,0.31,0.93,0.8,Zak Kent,687849,FF,71,2026,0.99,6.8,2.9,4.5,2.1,24.3,12.7,10
0.92,1.35,0.99,0.96,1.23,0.92,0.88,0.88,1.01,1.01,0.95,1.02,1.39,1.41,1.45,0.97,1.01,Orion Kerkering,689147,FF,105,2026,1.23,3.5,1.2,2.1,1.1,14.8,5.6,10
1.03,1.01,1.0,0.99,0.96,0.99,1.03,0.99,1.03,1.0,1.01,1.0,1.01,1.0,0.99,1.01,1.0,Ray Kerr,678061,FF,171,2024,1.23,10.4,6.8,6.4,3.8,38.3,25.5,10
0.84,0.65,1.01,1.01,1.73,1.02,0.75,0.88,1.0,1.0,0.82,0.95,1.06,0.51,0.42,0.98,1.04,Clayton Kershaw,477132,FF,785,2025,1.07,18.8,5.8,13.7,4.9,73.7,22.3,10
1.04,0.88,1.0,1.05,1.73,1.08,1.04,0.94,1.03,0.98,1.02,1.0,1.06,1.01,0.86,1.0,1.07,Yusei Kikuchi,579328,FF,192,2026,1.17,20.6,4.6,14.2,4.0,82.3,18.9,10
0.86,1.14,0.99,1.02,1.01,0.86,0.92,0.98,0.94,1.03,0.98,1.02,1.15,0.66,0.34,0.94,1.03,Caleb Kilian,668873,FF,205,2026,1.08,4.8,1.4,3.2,1.7,19.3,6.8,10
0.97,1.27,0.99,1.04,0.93,0.96,1.17,0.96,0.98,1.0,1.01,0.99,0.89,1.26,1.48,1.0,0.92,Craig Kimbrel,518886,FF,190,2026,1.18,4.8,1.9,3.0,1.5,19.5,6.5,10
0.64,1.11,0.98,1.0,1.67,0.89,0.86,0.78,0.95,0.9,1.04,0.97,1.62,0.82,0.45,0.88,0.86,Bryan King,687911,FF,260,2026,0.9,5.1,1.9,3.2,1.5,21.4,8.7,10
1.02,1.31,0.98,0.91,1.19,0.85,1.03,1.0,0.99,1.01,0.92,1.0,1.18,1.44,0.98,0.99,0.94,Michael King,650633,FF,229,2026,1.35,23.1,2.1,17.3,2.8,92.5,10.0,10
0.9,1.37,1.01,1.0,1.43,0.97,1.13,0.88,0.88,0.97,1.21,1.02,1.58,1.01,1.12,0.97,0.84,George Kirby,669923,FF,353,2026,1.28,25.4,2.2,19.0,3.2,92.7,6.1,10
1.0,1.0,1.0,1.0,1.0,1.0,1.0,1.0,1.0,1.0,1.0,1.0,1.0,1.0,1.0,1.0,1.0,John Klein,804619,FF,41,2026,1.21,6.3,3.5,4.0,1.0,27.3,13.9,3
0.79,1.5,1.01,1.04,1.62,0.9,0.85,0.75,0.98,0.94,0.89,1.02,1.12,1.01,1.1,0.97,0.99,Will Klein,694361,FF,196,2026,0.98,4.1,1.9,3.3,1.6,16.5,8.0,10
1.06,1.1,1.0,0.91,0.82,1.06,1.22,1.08,1.0,1.02,0.98,0.99,0.75,0.85,0.9,1.02,1.08,Landon Knack,689017,FF,905,2025,1.25,18.5,5.3,12.7,4.0,77.2,23.5,10
1.09,1.42,1.01,0.97,0.66,0.93,1.03,0.94,1.03,1.0,0.93,1.02,0.9,0.87,0.89,1.0,0.88,Jack Kochanowicz,686799,FF,228,2026,1.16,24.2,3.7,16.6,4.2,88.6,13.1,10
0.97,1.02,0.99,0.96,1.17,0.95,0.89,0.93,0.98,0.97,0.97,1.0,1.31,0.91,0.85,0.97,0.85,Stephen Kolek,663568,FF,137,2026,1.21,24.7,2.6,19.3,3.9,91.2,10.4,10
0.96,1.15,0.99,1.04,1.03,0.91,0.92,1.03,0.99,1.06,0.93,1.03,1.17,1.32,1.01,1.0,1.05,Michael Kopech,656629,FF,1084,2025,1.33,3.8,1.0,2.2,1.0,17.6,5.1,10
1.01,0.98,1.0,1.0,0.98,1.01,1.05,1.0,0.95,0.99,1.01,1.0,0.99,0.96,1.04,1.0,1.0,Jackson Kowar,663804,FF,162,2025,1.24,4.7,1.6,3.2,1.7,17.0,7.3,10
0.94,1.01,1.0,1.01,1.01,0.97,0.92,0.99,0.99,1.0,1.03,1.0,1.02,1.02,0.93,0.98,1.01,Max Kranick,668820,FF,214,2025,1.14,7.1,2.2,4.6,1.6,23.6,7.0,10
1.25,1.53,1.0,0.96,0.62,1.01,1.44,0.99,0.98,0.98,0.96,0.99,0.83,0.9,0.83,1.07,1.14,Dean Kremer,665152,FF,1451,2026,1.47,19.7,6.7,14.8,6.2,80.9,27.0,10
0.98,1.01,1.0,1.0,1.2,1.03,0.94,1.01,1.04,1.0,0.98,1.0,0.98,0.97,0.99,1.01,1.01,Brooks Kriske,621139,FF,131,2025,1.2,5.6,2.1,3.4,1.3,24.7,12.2,10
0.99,0.95,1.0,1.05,1.14,0.97,0.99,0.96,1.0,1.0,1.03,1.0,1.0,0.93,1.13,1.0,0.99,Joel Kuhnel,669270,FF,21,2026,1.17,4.6,2.2,2.9,1.7,17.1,7.9,10
1.09,0.98,1.0,1.0,0.95,0.97,1.08,1.0,1.0,1.0,1.01,1.0,1.0,0.94,1.06,0.99,0.98,Joe La Sorsa,686747,FF,25,2025,1.22,5.0,3.1,3.3,1.9,15.8,7.3,10
1.06,1.03,1.02,0.94,1.0,1.01,0.91,1.1,1.0,1.0,1.08,1.0,0.92,0.93,1.08,1.01,1.09,Peter Lambert,663567,FF,225,2026,1.29,21.4,5.6,14.6,5.5,85.1,22.3,10
1.01,1.0,1.0,1.0,0.99,0.99,1.05,0.99,0.97,1.0,1.0,1.0,1.02,0.99,1.0,1.0,1.0,Dinelson Lamet,659275,FF,36,2024,1.24,5.7,2.5,4.3,1.5,24.3,11.9,3
1.12,0.99,1.0,1.0,0.99,1.01,1.05,0.99,0.96,1.0,1.01,1.0,1.04,1.01,0.99,1.02,0.98,Sauryn Lao,666659,FF,55,2025,1.34,6.1,3.1,3.8,1.4,23.1,13.5,8
0.94,0.97,1.0,0.99,1.16,0.99,0.97,0.95,0.97,0.99,0.99,1.0,1.08,0.92,1.07,0.98,0.97,Andry Lara,691251,FF,115,2025,1.15,8.6,3.8,4.2,2.4,28.2,12.1,9
0.8,1.11,1.02,1.01,1.14,1.04,0.82,1.1,0.93,0.99,1.09,1.0,1.19,0.99,1.07,0.94,1.19,Jacob Latz,656641,FF,218,2026,1.17,4.6,1.6,3.6,1.8,18.9,7.8,10
1.3,1.32,0.97,0.9,0.75,0.93,1.29,1.21,1.01,0.92,1.12,0.97,0.84,0.92,1.18,1.04,1.01,Eric Lauer,641778,FF,323,2026,1.53,18.8,6.7,13.0,4.9,70.4,25.9,10
0.99,1.01,1.0,1.0,1.05,0.99,0.97,1.0,1.01,0.99,1.0,1.0,1.0,0.99,0.97,1.0,1.0,Derek Law,571882,FF,185,2024,1.2,4.5,2.0,3.4,1.6,17.7,6.6,10
0.85,0.76,0.98,0.99,1.55,0.91,0.92,1.0,1.01,0.98,0.97,0.99,1.21,1.07,1.81,0.98,0.95,Cody Laweryson,689520,FF,134,2026,1.22,4.9,2.6,3.7,1.6,18.2,10.9,10
1.01,0.96,1.0,0.99,0.97,0.98,0.94,1.01,0.97,1.0,1.02,1.0,1.0,0.96,1.05,0.99,0.99,Casey Lawrence,596271,FF,19,2025,1.21,13.3,8.9,8.7,5.2,46.0,30.1,6
1.34,1.18,1.01,1.01,0.79,1.03,2.09,1.08,1.26,1.04,1.06,1.0,0.88,0.97,1.28,1.25,0.88,Justin Lawrence,664875,FF,70,2026,1.82,4.7,2.3,2.7,1.3,16.9,7.2,10
1.0,0.93,1.02,1.07,1.14,1.04,1.1,0.93,1.0,1.03,1.0,0.99,1.0,0.85,0.43,1.0,0.98,Max Lazar,676661,FF,478,2025,1.14,5.0,2.3,3.1,1.7,20.3,10.2,10
1.22,0.89,1.05,1.11,1.22,1.26,1.02,0.76,1.04,0.95,0.86,0.99,1.36,0.73,0.61,1.09,0.99,Kyle Leahy,681517,FF,285,2026,1.47,22.5,2.5,15.1,1.8,86.5,8.2,10
1.24,1.32,1.0,1.05,0.75,0.95,1.21,1.29,0.98,1.0,1.05,1.01,0.66,0.94,0.49,0.99,1.2,Jordan Leasure,673929,FF,164,2026,1.36,4.2,1.6,2.6,1.1,16.9,6.1,10
1.0,1.07,1.0,0.85,0.85,0.93,1.0,1.12,0.99,1.05,1.02,1.0,0.89,1.29,0.4,1.0,1.04,Jose Leclerc,600917,FF,493,2025,1.27,4.6,2.0,2.8,1.3,22.9,9.8,10
0.94,0.97,1.0,0.99,0.99,1.01,0.94,1.0,1.02,1.0,1.01,1.0,0.98,1.01,0.97,0.99,0.96,Chase Lee,695445,FF,126,2025,1.13,4.8,1.9,2.6,1.9,19.1,6.4,10
0.95,0.86,0.99,0.96,0.8,0.97,1.0,1.18,0.98,1.03,1.05,0.99,0.58,0.71,0.99,0.97,1.25,Dylan Lee,669276,FF,112,2026,1.08,3.9,1.1,2.7,0.9,15.9,5.9,10
0.98,1.04,1.0,1.04,0.9,1.01,0.86,0.96,1.01,1.04,1.08,0.99,1.0,0.94,1.66,0.98,0.93,Casey Legumina,668984,FF,149,2026,1.12,5.3,1.8,3.4,1.7,18.8,8.3,10
1.08,1.16,1.01,1.03,1.0,1.07,0.89,0.96,1.02,1.06,1.03,1.02,1.22,1.17,1.01,1.0,1.11,Jack Leiter,683004,FF,429,2026,1.29,24.3,2.6,16.7,3.2,94.8,7.2,10
0.54,0.9,1.04,1.0,1.18,1.21,0.54,1.0,0.87,0.93,0.91,0.99,1.0,0.72,0.97,0.93,1.02,Mark Leiter,643410,FF,58,2026,0.93,4.3,1.8,2.8,1.4,15.5,5.1,10
1.0,0.99,1.0,1.0,1.0,1.0,1.0,1.0,1.0,1.0,1.0,1.0,1.01,1.01,1.0,1.0,1.0,Dominic Leone,608678,FF,95,2024,1.22,3.7,1.6,2.0,0.9,16.8,8.6,10
1.11,1.04,1.02,0.96,1.05,1.06,1.06,0.97,1.05,0.9,0.96,1.0,1.04,0.48,0.82,1.06,1.04,Matthew Liberatore,669461,FF,330,2026,1.35,22.4,1.8,15.1,2.3,87.0,12.2,10
1.01,0.93,1.02,0.95,0.91,1.02,1.2,1.21,0.99,0.87,0.97,0.97,0.66,0.59,0.84,1.04,1.04,Zack Littell,641793,FF,257,2026,1.34,21.4,4.7,14.6,3.7,76.9,18.9,10
0.94,1.04,1.0,1.0,0.97,0.98,0.94,1.0,1.0,1.0,1.02,1.0,0.99,0.97,1.01,0.98,1.0,Jack Little,669193,FF,25,2025,1.13,7.0,5.7,4.0,1.4,22.0,18.4,2
0.96,0.99,1.0,1.09,2.09,0.98,0.94,0.68,0.99,1.0,0.89,1.01,1.69,0.93,1.03,0.99,0.96,Luke Little,681432,FF,330,2026,1.26,4.6,1.8,3.4,1.4,20.1,9.9,10
1.0,0.91,1.01,1.06,0.96,1.08,1.01,0.98,0.98,0.95,0.86,0.97,1.02,0.87,1.12,1.0,1.01,Ben Lively,594902,FF,970,2025,1.26,20.1,3.6,14.4,2.5,81.0,17.6,10
1.09,1.34,1.01,0.98,0.73,1.43,0.54,1.01,1.53,1.02,1.02,1.01,0.77,0.71,1.12,1.2,0.93,Jonathan Loaisiga,642528,FF,71,2026,1.27,2.8,1.1,2.0,1.1,11.1,6.0,10
1.16,1.23,1.0,0.96,0.58,1.03,1.28,1.07,1.0,1.0,0.92,1.0,0.86,1.28,2.09,1.01,0.57,Nick Lodolo,666157,FF,121,2026,1.33,21.5,5.8,15.3,4.5,82.8,21.4,10
1.04,0.93,1.0,0.94,1.01,0.99,1.06,0.96,0.95,1.0,1.02,0.99,1.12,0.83,0.88,1.0,1.0,Sam Long,669674,FF,545,2025,1.28,4.1,1.4,2.1,0.9,17.5,7.8,10
0.8,1.09,0.99,1.08,0.98,0.9,1.21,0.97,0.96,0.94,0.84,0.96,1.11,0.72,1.69,0.92,0.82,Jacob Lopez,682052,FF,330,2026,1.06,19.7,5.9,13.3,4.4,79.2,22.4,10
1.02,0.93,1.01,0.99,2.23,1.13,1.02,0.79,1.01,0.92,1.0,1.01,1.08,0.69,1.24,1.01,0.95,Jorge Lopez,605347,FF,256,2025,1.08,3.6,1.4,2.4,1.2,14.2,7.8,10
0.87,0.91,1.0,1.08,1.1,0.99,0.72,0.95,1.04,0.97,1.09,1.0,1.12,1.08,0.83,1.0,0.97,Pablo Lopez,641154,FF,1720,2025,1.12,22.3,2.9,15.7,2.6,89.1,12.6,10
0.82,0.72,0.99,1.0,0.94,0.94,0.88,1.02,1.03,0.89,1.0,1.0,0.93,0.63,0.89,0.99,1.05,Reynaldo Lopez,625643,FF,320,2026,1.05,8.8,4.8,5.4,3.4,34.9,25.9,10
0.81,1.16,0.99,0.84,1.26,1.19,0.97,0.97,1.02,1.04,1.08,1.0,1.09,1.26,1.96,1.03,0.68,Brad Lord,695418,FF,229,2026,1.2,8.4,3.0,6.2,2.3,34.5,9.7,10
1.14,1.21,1.01,0.9,0.92,1.13,1.32,0.94,0.99,1.03,0.94,1.0,0.89,0.47,1.27,1.09,0.89,Michael Lorenzen,547179,FF,217,2026,1.41,20.7,6.5,13.5,4.8,78.0,25.3,10
0.98,0.98,1.0,1.0,1.01,1.02,0.98,0.98,1.01,0.98,1.0,1.0,1.02,0.96,1.05,0.99,0.98,Ryan Loutos,702795,FF,126,2025,1.16,5.2,2.9,2.1,1.5,17.3,9.5,10
0.97,1.2,0.98,1.13,1.33,0.84,1.03,0.83,1.07,1.04,1.0,0.97,1.07,1.03,0.51,1.03,0.77,Richard Lovelady,663992,FF,76,2026,1.17,4.1,1.2,2.2,1.7,15.9,6.8,10
0.93,0.91,1.0,0.93,0.72,0.86,0.86,1.24,1.0,0.97,0.85,0.98,0.47,0.53,1.39,0.97,0.9,Rhett Lowder,695076,FF,155,2026,1.11,21.0,4.5,14.7,4.7,82.9,15.1,10
1.0,1.03,1.0,0.97,0.89,1.02,0.94,1.05,1.03,0.98,1.09,0.99,1.0,1.07,0.74,0.99,1.04,Easton Lucas,687922,FF,348,2025,1.18,14.2,6.0,9.5,4.9,56.6,23.5,10
0.99,0.93,0.99,0.94,1.35,0.96,0.95,0.94,0.98,1.0,1.03,0.97,1.28,0.9,0.78,0.99,0.96,Joey Lucchesi,664192,FF,215,2026,1.28,4.7,1.1,2.1,1.4,20.8,5.9,10
0.88,0.96,1.01,0.92,1.6,1.06,0.98,0.8,1.02,0.98,0.85,0.98,1.03,0.72,1.06,1.02,0.99,Seth Lugo,607625,FF,186,2026,1.11,24.5,2.4,17.9,2.9,90.9,6.4,10
0.89,1.35,0.98,0.88,0.85,0.87,0.87,0.93,1.02,0.97,1.01,1.03,0.82,0.73,1.46,1.0,0.89,Jesus Luzardo,666200,FF,319,2026,1.03,23.5,2.6,16.4,3.4,95.3,5.9,10
1.04,1.07,1.02,0.99,0.74,1.07,1.06,1.12,0.97,1.0,0.87,1.0,0.86,0.54,1.02,0.99,1.05,Daniel Lynch IV,663738,FF,62,2026,1.27,4.4,1.1,2.8,1.0,16.9,7.5,10
1.06,1.0,1.0,1.0,0.98,1.01,1.04,1.0,1.01,1.01,1.01,1.0,0.99,1.04,0.94,1.01,0.98,Lance Lynn,458681,FF,963,2024,1.25,22.2,2.3,15.8,3.4,88.1,6.4,10
0.94,1.15,0.99,0.96,1.3,0.87,0.54,0.99,0.72,0.99,1.09,1.0,0.71,0.85,0.93,1.06,1.0,Adam Macko,671936,FF,46,2026,1.4,4.0,2.1,2.6,2.1,15.8,7.0,8
0.99,1.35,1.0,0.91,1.35,1.05,0.93,0.76,0.97,1.02,1.02,0.99,1.5,0.51,0.63,0.97,0.95,Ty Madden,680744,FF,219,2026,1.18,16.0,6.4,11.9,5.0,64.2,25.8,9
1.01,1.01,1.0,0.99,0.99,0.99,1.08,1.01,1.02,1.0,0.98,1.0,0.96,0.97,0.99,1.02,1.0,Kenta Maeda,628317,FF,471,2025,1.25,8.0,5.1,4.9,3.7,32.2,22.2,10
1.06,1.37,1.0,1.02,1.25,0.97,0.94,0.98,0.98,1.0,0.88,0.98,1.17,0.93,1.44,1.0,1.15,Tyler Mahle,641816,FF,466,2026,1.4,23.0,1.8,15.7,2.7,88.3,6.1,10
1.02,1.13,1.0,0.88,0.9,0.98,0.91,1.04,0.99,1.0,0.96,0.98,0.77,0.77,1.52,0.98,1.02,Anthony Maldonado,687424,FF,161,2025,1.15,5.1,2.8,3.2,1.6,20.0,10.9,10
0.94,1.06,0.98,1.07,1.1,1.03,1.06,0.96,1.03,0.88,1.07,0.96,0.95,0.98,1.8,1.02,0.73,Sean Manaea,640455,FF,249,2026,1.18,13.4,5.5,8.3,3.3,53.8,20.9,10
1.06,0.98,1.0,1.0,0.96,1.0,0.99,1.0,1.01,1.0,1.0,1.0,0.98,1.0,0.95,1.02,1.01,Matt Manning,666159,FF,210,2024,1.27,24.6,2.5,16.2,2.4,87.4,4.2,5
0.99,1.0,1.0,1.0,1.02,0.99,0.97,0.99,1.0,1.0,0.99,1.0,1.01,1.02,0.99,0.99,1.0,Alek Manoah,666201,FF,109,2024,1.18,17.9,9.1,11.8,7.1,69.1,34.7,8
1.07,1.23,0.99,1.02,1.54,0.94,0.94,0.91,0.95,0.94,1.03,0.99,1.38,1.38,1.79,0.97,0.84,Ron Marinaccio,676760,FF,238,2026,1.33,6.4,3.7,4.9,2.5,26.4,15.4,10
1.16,0.84,1.0,0.82,0.86,1.06,1.04,0.97,1.0,0.93,0.96,1.0,0.94,0.67,1.6,1.04,0.91,German Marquez,608566,FF,188,2026,1.32,21.8,2.8,14.4,4.2,83.7,9.6,10
1.02,1.01,1.0,0.99,0.99,0.99,1.01,1.01,1.0,1.01,0.99,1.0,1.01,1.0,1.03,1.0,0.99,Alec Marsh,679525,FF,799,2024,1.24,19.4,5.3,13.0,4.7,77.1,21.3,10
1.03,0.99,1.0,1.0,1.1,1.04,1.03,1.0,1.0,1.0,1.0,1.0,0.98,1.0,1.01,1.02,1.0,Jose Marte,665896,FF,71,2024,1.26,6.1,2.1,4.2,1.5,23.8,7.5,10
1.01,0.99,1.0,1.0,0.99,1.01,1.04,1.01,1.02,1.0,0.99,1.0,1.02,0.98,1.01,1.02,1.0,Yunior Marte,628708,FF,65,2024,1.27,6.5,2.1,3.0,1.8,25.0,6.5,10
1.0,1.2,1.01,1.0,1.16,0.97,0.98,0.93,1.03,0.95,1.14,1.0,1.04,1.09,1.18,1.02,1.0,Chris Martin,455119,FF,43,2026,1.19,4.5,1.5,2.3,0.7,15.4,5.6,10
1.05,1.44,1.0,0.99,0.63,1.07,1.21,1.14,0.98,1.08,0.99,1.0,0.8,1.23,0.29,1.01,0.97,Corbin Martin,656686,FF,202,2026,1.3,4.5,2.0,2.4,1.7,19.8,9.4,10
0.81,1.23,0.98,0.98,1.0,0.91,0.71,0.87,1.08,1.02,1.01,1.0,0.87,1.3,0.76,0.98,0.93,Davis Martin,663436,FF,258,2026,0.9,24.2,1.5,18.9,1.7,91.4,7.7,10
0.54,0.71,1.0,0.95,0.92,0.86,0.54,1.07,0.96,1.02,1.1,1.0,0.81,0.93,0.82,0.81,1.06,Riley Martin,702303,FF,64,2026,0.51,3.9,1.0,2.9,1.0,14.5,6.2,8
1.8,1.04,0.99,1.01,0.83,1.05,1.75,0.92,0.54,1.0,1.04,1.0,1.34,1.41,1.02,1.15,1.03,Trevor Martin,694680,FF,55,2026,2.31,8.8,3.9,5.2,2.2,30.8,15.7,4
1.08,1.07,1.02,0.91,1.01,1.05,0.98,0.91,1.06,0.98,1.06,0.98,0.82,0.69,0.66,1.04,1.05,Nick Martinez,607259,FF,97,2026,1.15,24.4,3.0,18.1,3.0,83.5,7.5,10
1.0,0.96,1.0,1.01,0.99,0.99,0.98,1.0,1.01,0.99,0.99,1.0,1.0,0.99,1.04,1.0,0.97,Seth Martinez,661527,FF,305,2025,1.21,5.1,1.7,3.0,1.2,20.3,10.2,10
0.88,1.0,0.98,0.9,0.93,0.89,1.1,1.28,0.93,1.04,1.02,0.98,0.8,1.16,0.64,0.94,1.23,Yuki Matsui,673513,FF,86,2026,1.21,7.2,2.6,5.2,1.3,26.6,8.8,10
1.26,1.14,1.0,1.0,0.82,1.03,1.23,1.04,1.02,0.99,1.02,1.01,0.81,0.75,1.18,1.04,1.01,Zebby Matthews,805673,FF,148,2026,1.34,23.7,1.6,16.3,3.9,88.8,11.4,10
0.97,1.05,0.99,1.03,0.8,1.04,0.7,0.97,1.0,1.01,1.03,0.99,0.83,0.83,1.24,0.98,1.14,Isaac Mattson,676755,FF,288,2026,1.06,3.6,1.8,2.3,1.1,13.7,9.1,10
1.07,0.91,1.01,0.97,0.8,1.02,1.11,1.01,1.02,1.03,1.02,1.0,0.78,0.89,0.94,1.02,1.03,Tyler Matzek,554431,FF,192,2025,1.18,4.6,2.0,1.8,1.2,17.2,7.1,10
0.54,0.54,1.01,1.0,0.92,0.69,0.54,1.04,1.2,0.99,1.01,1.0,1.16,0.7,1.3,0.92,0.94,Brycen Mautz,802408,FF,26,2026,0.79,14.0,,8.0,,58.0,,1
0.96,0.97,0.99,0.94,0.73,0.93,1.07,1.09,1.02,1.06,0.95,1.04,0.71,0.73,1.1,1.05,1.08,Zach Maxwell,687209,FF,150,2026,1.25,5.6,1.6,3.2,1.1,22.0,9.0,10
0.94,1.04,1.0,1.04,0.9,1.08,1.04,0.97,1.0,1.0,0.96,1.03,0.98,0.78,1.27,0.96,0.93,Dustin May,669160,FF,243,2026,1.03,23.6,2.1,17.0,3.1,89.4,7.3,10
1.0,1.0,1.0,1.0,1.0,1.0,1.0,1.0,1.0,1.0,1.0,1.0,1.0,1.0,1.0,1.0,1.0,Tim Mayza,641835,FF,11,2026,1.21,4.6,2.8,3.5,2.2,16.8,9.9,10
0.95,0.98,1.02,0.93,0.82,1.09,1.15,1.06,1.0,1.01,0.96,1.0,0.8,0.78,0.6,1.02,1.06,Adam Mazur,800049,FF,347,2025,1.19,21.4,5.3,13.5,3.5,74.2,19.5,10
0.99,1.0,1.0,1.0,1.0,0.99,1.0,0.99,1.0,1.0,1.0,1.0,1.01,0.99,1.01,0.99,1.0,James McArthur,663704,FF,82,2024,1.18,3.9,1.0,2.1,1.8,15.8,3.0,10
1.0,0.99,1.0,1.0,0.98,1.0,0.98,1.0,0.97,1.0,0.99,1.0,0.97,0.99,1.0,0.99,1.0,Darren McCaughan,670766,FF,159,2025,1.2,13.9,6.9,9.3,4.3,50.9,25.5,10
1.3,1.03,1.0,1.02,1.1,0.96,0.58,0.97,1.2,0.97,0.99,1.01,1.01,1.06,1.1,1.08,1.01,Shane McClanahan,663556,FF,322,2026,1.39,20.3,1.9,15.2,2.0,79.1,8.5,10
1.05,1.04,1.01,0.92,1.01,1.04,1.08,0.86,0.99,1.0,0.94,0.97,1.11,1.22,0.99,1.02,0.93,Lance McCullers,621121,FF,30,2026,1.28,19.6,5.4,13.3,4.5,78.0,21.7,10
1.01,0.98,1.01,1.02,1.47,1.07,1.05,0.94,1.0,0.96,1.0,0.99,0.99,0.95,0.83,1.0,1.06,Chayce McDermott,694646,FF,139,2025,1.16,12.0,7.6,6.7,5.5,48.7,28.3,6
1.11,0.84,1.01,0.92,0.91,1.09,1.06,0.97,1.01,1.01,0.94,0.99,0.9,0.87,0.92,1.04,1.05,Scott McGough,543518,FF,402,2025,1.29,6.1,2.6,3.2,1.8,23.6,11.1,10
1.19,0.77,1.02,1.03,1.26,1.11,1.02,0.72,0.99,0.98,1.0,0.97,1.29,0.7,1.01,1.08,0.83,Michael McGreevy,700241,FF,231,2026,1.4,21.8,1.9,16.2,2.0,86.5,7.7,10
1.11,0.94,1.01,1.05,0.94,1.01,1.26,0.98,0.99,1.01,0.91,0.98,1.0,0.66,0.53,1.03,1.1,Triston McKenzie,663474,FF,781,2025,1.34,14.6,7.7,8.7,5.3,56.9,25.9,10
1.01,1.01,1.0,0.98,1.18,1.03,1.01,1.05,1.02,1.01,0.91,1.02,0.93,0.98,1.43,1.03,0.91,Nolan McLean,690997,FF,188,2026,1.3,23.5,4.0,17.1,3.6,92.4,8.4,10
1.0,1.0,1.0,1.0,0.99,0.99,1.03,1.0,1.02,1.0,0.99,1.0,1.01,0.99,1.0,1.0,1.0,John McMillon,669111,FF,70,2024,1.21,4.6,2.2,3.2,1.5,17.9,7.7,10
1.01,1.01,1.0,1.0,0.95,1.01,0.98,1.02,1.03,1.0,1.01,1.0,0.94,0.99,1.0,1.0,1.01,John Means,607644,FF,120,2024,1.18,20.0,5.5,15.5,5.0,79.5,19.4,4
0.82,1.14,0.99,1.01,1.42,0.97,0.82,1.0,1.01,0.98,1.02,1.0,1.24,0.54,0.92,0.98,1.19,Nick Mears,683232,FF,124,2026,1.19,4.1,1.5,2.2,1.4,16.7,7.3,10
1.0,1.15,1.02,0.94,0.87,1.06,0.98,1.0,1.03,1.04,0.97,1.03,0.96,1.14,0.92,1.04,1.0,Luis Medina,665622,FF,133,2026,1.27,6.5,3.2,4.5,2.6,25.3,12.2,10
0.93,1.08,1.01,1.01,1.03,1.07,0.69,1.05,1.02,1.04,1.04,1.03,1.04,1.09,0.58,1.01,1.22,Trevor Megill,656730,FF,204,2026,1.22,3.7,0.8,2.8,0.4,14.5,3.1,10
0.99,0.94,1.0,1.1,0.93,1.03,1.02,1.05,1.03,0.99,0.98,1.01,0.78,1.27,0.86,1.0,1.03,Tylor Megill,656731,FF,1159,2025,1.13,21.8,2.0,15.0,3.5,88.8,11.7,10
0.75,1.28,1.0,0.93,1.44,0.96,0.79,0.79,0.96,1.05,1.01,1.03,1.35,0.98,0.6,0.98,0.75,Juan Mejia,675848,FF,225,2026,1.06,4.7,1.4,2.9,1.5,20.2,7.3,10
0.95,1.01,1.02,1.05,0.91,0.97,0.86,0.98,0.98,0.96,1.02,1.02,0.92,0.69,0.74,0.97,0.95,Troy Melton,675512,FF,346,2026,1.04,12.5,7.3,9.1,5.4,44.1,23.1,10
1.05,0.81,1.0,0.97,0.79,1.03,1.16,1.06,1.0,1.01,0.98,1.02,0.97,0.91,1.33,1.02,1.02,Michael Mercado,675650,FF,170,2025,1.3,10.5,6.1,5.8,4.9,43.1,24.9,8
1.01,0.97,1.01,1.0,1.58,1.1,0.96,0.89,1.0,0.98,0.96,1.02,1.02,0.79,0.69,1.01,1.03,Julian Merryweather,657240,FF,287,2025,1.14,4.5,1.5,2.0,0.9,18.9,7.7,10
0.73,1.12,0.99,1.0,1.16,0.91,0.91,1.05,1.0,0.93,1.02,0.99,1.19,1.2,0.71,0.93,1.07,Parker Messick,800048,FF,335,2026,1.06,23.0,2.4,17.6,3.1,91.5,10.3,10
1.21,0.95,1.03,0.94,0.92,1.14,1.24,0.99,0.98,1.12,0.95,1.01,0.74,0.64,1.17,1.02,1.1,Max Meyer,676974,FF,256,2026,1.23,23.2,2.1,16.7,2.5,90.7,8.4,10
1.38,0.84,1.01,0.95,0.86,1.15,1.13,1.18,1.02,0.96,1.03,0.98,0.64,0.9,0.93,1.06,0.98,Miles Mikolas,571945,FF,213,2026,1.45,17.1,2.8,12.2,2.6,65.9,13.7,10
0.54,1.17,0.99,1.02,2.26,0.99,0.54,0.97,1.03,0.99,1.02,1.01,1.58,0.92,1.02,0.87,0.98,Spencer Miles,693686,FF,111,2026,0.89,10.6,5.1,7.9,3.4,41.0,20.4,10
0.99,0.95,0.99,0.93,1.16,0.93,0.93,0.92,1.0,0.99,1.0,0.97,1.05,0.79,0.61,1.0,1.03,Wade Miley,489119,FF,70,2025,1.19,16.8,3.9,10.8,4.2,64.4,20.3,5
1.06,0.99,1.0,1.01,1.01,1.02,1.12,0.99,1.02,1.0,1.01,1.0,0.97,0.98,1.0,1.03,1.01,Bobby Miller,676272,FF,417,2025,1.28,19.9,5.0,12.1,4.3,80.4,18.9,10
0.86,0.95,0.99,0.97,1.55,1.02,1.16,1.15,0.98,1.1,1.14,1.01,0.97,1.09,0.66,0.96,1.21,Bryce Miller,682243,FF,139,2026,1.13,20.9,2.6,15.8,2.1,80.9,10.0,10
0.85,1.46,0.99,1.04,1.65,0.8,1.04,0.91,0.99,1.1,1.07,1.07,1.71,1.85,0.78,0.96,1.07,Mason Miller,695243,FF,174,2026,1.3,4.6,1.6,2.8,0.6,21.7,7.3,10
0.99,1.0,1.0,1.0,0.99,0.99,1.01,1.0,0.98,1.0,1.0,1.0,1.02,1.0,1.02,0.99,1.0,Ryan Miller,668943,FF,93,2024,1.21,4.5,1.7,2.8,1.1,17.7,8.1,10
0.95,0.99,1.0,1.09,0.96,0.97,0.84,0.98,0.99,1.03,1.02,1.0,1.0,1.12,1.31,1.0,1.05,Shelby Miller,571946,FF,948,2025,1.2,3.8,1.4,2.4,1.2,15.2,6.3,10
1.01,0.99,1.0,1.01,1.0,1.0,0.97,1.0,1.01,0.99,1.0,1.0,1.0,1.03,0.94,1.0,0.97,Tyson Miller,668338,FF,441,2024,1.21,3.3,0.9,2.8,0.9,12.6,3.7,10
0.91,0.91,0.98,1.04,1.07,0.86,0.88,0.98,0.96,0.84,1.11,0.93,1.3,0.81,1.79,0.95,0.46,Hoby Milner,571948,FF,47,2026,1.2,3.9,1.9,2.9,1.7,15.6,7.5,10
1.02,0.9,1.0,0.98,1.28,0.97,0.97,1.03,0.99,1.05,0.96,1.0,1.06,0.99,0.8,1.0,1.05,A.J. Minter,621345,FF,325,2025,1.28,3.2,1.3,2.5,0.7,13.3,3.7,10
0.82,1.36,0.99,1.16,1.49,0.96,0.94,0.98,1.06,1.13,1.0,1.06,1.09,1.99,1.42,1.02,1.01,Jacob Misiorowski,694819,FF,678,2026,1.21,22.8,2.3,17.9,2.2,89.5,8.9,10
1.0,1.1,1.01,1.05,0.77,0.97,0.86,1.28,1.01,0.96,0.95,1.0,0.49,1.07,1.27,0.97,1.11,Casey Mize,663554,FF,232,2026,1.15,20.9,4.8,16.5,4.7,77.5,19.5,10
0.92,1.05,1.02,0.99,1.45,1.1,0.86,0.98,0.96,0.89,0.97,1.0,1.04,0.76,1.3,0.99,0.79,Carmen Mlodzinski,669387,FF,271,2026,1.16,21.8,2.8,15.1,2.0,85.0,8.5,10
1.03,0.87,1.03,0.97,1.71,1.11,1.12,0.81,1.03,0.99,0.98,1.0,1.22,0.69,0.91,1.06,0.98,Anthony Molina,683627,FF,787,2026,1.29,8.8,3.2,5.9,1.7,34.0,14.8,10
0.97,1.05,1.0,0.71,1.45,0.97,1.11,0.86,0.96,1.13,1.02,0.98,1.2,0.94,1.39,0.99,0.54,Sam Moll,594580,FF,38,2026,1.19,3.3,1.2,2.8,1.6,13.6,6.0,10
1.0,1.0,1.0,0.91,1.01,1.02,1.23,1.03,1.01,1.01,1.11,1.01,0.99,1.11,0.76,1.0,1.0,Frankie Montas,593423,FF,1044,2025,1.18,19.4,4.2,12.9,3.9,78.8,13.9,10
0.97,0.9,1.02,0.98,0.98,0.98,0.96,1.1,1.01,0.98,0.96,1.0,1.18,0.64,0.76,0.99,1.06,Keider Montero,672456,FF,290,2026,1.31,22.4,2.4,17.1,2.3,79.8,8.3,10
1.05,1.05,1.0,0.95,0.88,1.1,0.98,1.13,1.04,1.01,0.93,1.01,0.88,1.1,1.21,1.01,0.98,Rafael Montero,606160,FF,750,2025,1.28,3.8,1.8,2.4,1.8,15.0,6.0,10
0.95,1.02,1.0,1.0,1.21,0.99,0.92,0.97,0.99,1.0,1.02,1.0,1.04,0.98,0.96,0.98,1.0,Jordan Montgomery,656756,FF,331,2024,1.14,18.8,6.5,12.8,3.9,71.3,22.6,10
0.96,1.21,0.99,1.07,1.52,0.99,0.9,0.89,1.05,0.97,1.05,1.04,1.29,1.48,0.58,1.02,1.17,Mason Montgomery,682254,FF,246,2026,1.24,4.3,1.2,3.0,1.6,15.9,6.8,10
1.0,1.01,1.0,0.99,0.95,1.0,1.01,1.0,0.98,1.0,1.0,1.0,0.98,1.0,1.03,0.99,1.01,Matt Moore,519043,FF,424,2024,1.19,3.6,1.2,2.8,1.5,15.6,3.3,10
1.1,0.97,1.02,0.93,1.42,1.13,1.04,0.93,0.98,1.03,0.95,1.02,0.97,0.51,1.06,1.06,1.0,Luis Morales,806960,FF,86,2026,1.32,21.2,3.4,14.4,4.7,85.2,12.1,10
0.91,1.05,0.98,1.03,0.97,0.86,0.99,1.05,0.95,1.01,0.93,0.98,1.0,1.02,0.42,0.93,1.08,Jovani Moran,663558,FF,192,2026,1.11,4.7,2.1,3.1,1.4,19.9,9.4,10
1.06,1.67,0.99,0.96,1.14,0.89,1.02,0.9,1.0,1.07,1.15,1.05,1.35,2.07,0.66,1.01,0.96,Adrian Morejon,670970,FF,65,2026,1.34,3.2,0.9,2.4,1.1,12.5,5.1,10
0.95,1.04,1.0,1.0,0.97,0.95,0.91,1.01,0.93,1.0,0.98,1.0,0.99,0.99,1.03,0.97,1.01,Dauri Moreta,664294,FF,121,2025,1.18,4.0,1.8,2.6,1.8,16.8,9.0,10
1.0,1.16,0.99,0.91,1.15,0.91,0.95,1.1,1.0,1.07,1.1,1.03,0.83,1.16,0.82,0.98,0.98,David Morgan,688158,FF,67,2026,1.13,6.0,1.7,3.5,1.6,23.8,11.7,10
0.82,1.44,1.02,1.0,1.28,0.94,1.06,0.97,0.99,0.99,0.94,0.96,0.81,0.58,1.32,0.98,1.13,Eli Morgan,669212,FF,104,2026,1.07,5.5,2.2,2.5,1.1,20.7,5.8,10
0.87,1.0,1.0,0.98,1.57,1.03,0.79,0.89,1.02,0.96,1.05,1.04,1.53,1.5,0.64,0.95,1.02,Juan Morillo,666661,FF,211,2026,1.12,3.9,1.9,2.5,1.6,15.1,10.0,10
0.44,1.14,0.98,0.97,1.22,0.73,0.44,1.05,0.9,0.94,1.02,1.01,1.22,0.94,0.78,0.83,1.08,Andrew Morris,702193,FF,174,2026,0.77,4.0,1.5,2.4,0.8,16.2,9.0,10
1.0,0.94,1.01,0.95,0.88,1.05,1.18,1.1,0.99,1.0,0.92,1.0,0.86,0.95,1.48,0.99,0.93,Charlie Morton,450203,FF,1497,2025,1.22,18.8,6.2,11.8,5.3,75.1,23.5,10
0.98,0.98,1.0,1.0,1.07,0.99,0.94,0.96,1.0,1.0,1.02,1.0,1.03,1.0,0.92,0.99,1.0,Kyle Muller,666205,FF,386,2024,1.16,8.3,3.6,6.2,3.3,29.3,10.9,10
0.99,1.14,1.0,1.0,2.77,1.11,1.02,0.49,0.97,1.0,0.94,1.04,1.57,1.06,0.98,1.01,0.84,Andres Munoz,662253,FF,96,2026,1.09,4.4,1.2,2.5,0.7,15.4,5.5,10
1.03,1.09,1.01,0.94,0.78,1.04,1.13,1.1,1.01,1.0,0.98,1.01,0.85,0.87,1.11,1.02,0.99,Roddery Munoz,682610,FF,468,2026,1.27,6.7,2.8,3.8,1.6,30.5,11.1,10
0.98,1.03,1.0,1.0,1.04,1.0,0.94,0.97,0.96,1.0,1.0,1.0,1.05,1.0,0.96,0.99,0.96,Penn Murfee,682171,FF,82,2025,1.2,4.4,2.5,2.4,1.2,16.2,8.8,10
0.94,1.02,1.0,1.0,1.27,1.02,0.91,0.98,0.94,1.0,0.99,1.0,1.07,1.03,0.97,0.96,1.01,Chris Murphy,669684,FF,179,2025,1.14,6.6,2.9,3.9,2.5,24.3,12.7,10
1.09,0.91,1.02,0.95,0.94,1.07,0.86,0.95,1.01,1.06,1.08,1.01,0.95,0.92,1.16,0.98,0.97,Jayden Murray,681151,FF,85,2026,1.09,7.1,3.1,4.0,2.4,26.0,12.1,10
1.04,1.04,1.0,0.99,0.99,1.01,1.08,1.0,1.01,1.01,1.0,1.0,0.99,1.01,0.96,1.02,0.98,Joe Musgrove,605397,FF,364,2024,1.27,21.7,2.8,16.8,2.5,82.9,10.9,10
0.93,1.03,1.03,1.02,0.97,1.06,1.01,1.07,1.03,0.96,1.09,0.98,0.87,0.69,0.58,1.02,1.25,Tobias Myers,668964,FF,232,2026,1.19,5.0,1.6,3.3,1.3,16.1,6.7,10
0.91,1.25,1.0,1.03,1.01,1.04,0.85,1.07,1.0,1.04,1.03,1.0,0.93,1.35,0.91,1.0,1.09,Andrew Nardi,677053,FF,179,2026,1.22,3.7,1.1,2.7,0.8,13.4,2.9,10
1.06,1.0,1.0,1.0,0.99,0.99,1.06,1.01,0.98,1.0,0.97,1.0,0.99,0.99,0.96,1.0,1.02,Nick Nastrini,680897,FF,333,2024,1.26,19.3,3.0,11.9,3.9,81.6,8.7,9
1.02,1.0,1.0,1.0,0.99,1.01,1.06,1.0,0.99,1.0,1.0,1.0,0.98,1.01,0.99,1.01,1.0,Jack Neely,680891,FF,52,2024,1.24,4.7,1.6,2.7,0.5,16.3,3.5,6
0.97,0.97,1.0,1.0,1.1,1.0,0.97,1.0,1.0,1.0,1.0,1.0,1.03,0.98,0.99,0.99,1.0,Kyle Nelson,669459,FF,60,2025,1.19,3.6,1.2,2.2,1.7,13.0,5.3,10
1.07,1.16,1.0,1.03,0.76,1.03,1.03,0.97,0.96,1.0,1.17,1.02,1.01,0.96,0.38,1.03,1.2,Ryne Nelson,669194,FF,592,2026,1.27,23.7,5.8,16.7,6.2,85.8,20.5,10
1.05,0.95,1.0,0.94,0.89,1.12,1.13,1.08,1.0,1.02,1.01,0.98,0.76,0.97,1.1,1.0,1.04,Hector Neris,593576,FF,706,2025,1.19,4.6,1.9,2.7,1.3,20.8,8.7,10
0.87,0.99,0.98,0.88,1.13,0.91,0.91,1.11,0.99,0.98,1.01,1.0,1.04,1.49,1.27,0.96,0.95,Sean Newcomb,656794,FF,147,2026,1.19,6.3,1.5,5.1,2.0,23.8,6.3,10
0.95,1.19,1.01,1.08,0.94,0.94,0.86,1.15,0.98,1.03,0.92,1.02,0.87,0.8,1.03,0.98,1.09,Kyle Nicolas,693312,FF,96,2026,1.23,5.6,2.5,2.8,1.3,25.2,12.5,10
1.11,1.01,1.0,1.01,0.95,1.02,0.94,0.99,1.05,0.99,1.0,1.0,0.97,1.04,1.0,1.02,1.0,Doug Nikhazy,680951,FF,50,2025,1.25,10.7,8.6,5.7,3.1,49.0,37.0,3
1.26,1.11,1.02,1.07,0.6,1.04,1.31,1.25,1.01,1.01,0.86,0.98,0.44,0.86,1.62,1.05,0.94,Aaron Nola,605400,FF,258,2026,1.44,22.3,2.3,15.6,2.8,87.7,8.2,10
1.11,1.21,1.0,1.0,0.98,0.94,1.3,0.92,0.84,1.07,1.02,1.01,0.91,1.06,0.76,1.0,1.07,Anthony Nunez,689296,FF,123,2026,1.28,4.0,1.2,2.7,0.7,17.2,5.4,10
1.01,0.85,1.0,0.98,1.4,0.96,0.94,0.96,0.99,1.01,1.08,1.01,1.04,1.17,0.75,1.0,1.0,Dedniel Nunez,673380,FF,343,2025,1.18,4.1,1.1,2.7,1.6,18.3,4.5,10
0.91,0.99,1.0,0.99,0.93,0.96,0.91,1.02,1.03,1.01,0.99,1.0,0.96,1.02,0.97,0.96,1.0,Eduarniel Nunez,674384,FF,155,2025,1.06,6.1,3.1,3.3,1.6,24.9,11.5,10
0.99,0.99,1.0,1.0,1.07,1.01,0.99,0.98,1.01,1.0,1.0,1.0,1.03,0.96,1.02,1.01,0.99,Jack O'Loughlin,672552,FF,92,2024,1.22,11.8,5.6,6.8,3.9,44.0,18.0,4
1.23,1.27,1.01,1.1,0.9,1.01,1.16,1.18,0.97,0.99,1.02,0.94,0.64,0.72,1.03,1.0,1.08,Bailey Ober,641927,FF,324,2026,1.35,24.6,2.3,17.7,3.9,88.8,8.5,10
1.01,0.93,1.0,0.99,1.09,1.0,1.01,0.99,0.99,0.99,1.0,0.99,1.0,0.94,0.99,1.01,1.0,Shinnosuke Ogasawara,829272,FF,261,2025,1.24,6.9,2.8,4.7,2.4,23.9,9.2,10
1.06,0.92,1.0,0.99,1.02,1.02,0.87,1.01,1.13,1.0,0.99,1.0,0.95,0.92,1.03,1.03,1.02,Pierson Ohl,701487,FF,238,2025,1.21,8.3,5.0,5.2,3.1,32.2,19.7,10
0.69,1.03,1.01,1.02,1.43,1.01,0.84,0.81,0.95,1.07,1.09,1.04,1.54,1.28,0.63,0.91,0.92,Shohei Ohtani,660271,FF,382,2026,0.93,23.4,2.2,18.0,1.8,94.2,6.5,10
0.95,1.13,0.98,0.97,1.88,0.9,0.88,1.08,1.08,0.96,0.94,0.96,0.88,0.85,0.95,0.99,1.02,Steven Okert,595345,FF,111,2026,1.18,3.5,1.0,3.1,1.3,13.4,4.9,10
1.03,1.01,1.0,1.0,0.95,1.02,1.09,1.02,0.98,1.0,0.99,1.0,0.94,0.98,1.04,1.01,1.01,Adam Oller,670124,FF,296,2024,1.25,23.8,2.1,15.6,1.3,88.5,7.0,8
0.95,0.9,1.01,0.9,1.25,1.02,0.92,0.96,1.01,1.0,0.92,1.0,0.99,0.64,1.24,1.01,0.99,Reese Olson,681857,FF,663,2025,1.18,21.7,2.5,16.2,2.9,87.9,4.2,10
0.95,1.01,1.0,0.96,1.1,0.89,1.06,1.1,0.92,1.03,1.0,1.02,1.06,1.14,0.94,0.97,1.05,Kaleb Ort,672391,FF,630,2025,1.27,4.5,1.4,2.7,0.7,18.0,6.3,10
1.06,0.85,1.0,1.03,0.84,0.94,0.99,1.0,1.0,0.99,0.96,1.02,1.02,1.13,1.52,1.02,0.92,Luis Ortiz,682847,FF,1009,2025,1.3,24.2,2.6,16.7,2.1,94.3,6.5,10
1.14,0.97,1.0,0.97,0.84,0.99,1.17,1.11,0.99,1.01,0.94,1.03,0.8,1.25,1.41,1.0,1.0,Michel Otanez,671305,FF,294,2025,1.28,4.1,1.2,2.4,1.9,17.4,6.4,10
0.99,0.99,1.0,1.0,1.01,1.0,0.97,1.0,1.0,1.0,1.0,1.0,1.01,1.02,1.01,0.99,1.0,Adam Ottavino,493603,FF,100,2024,1.19,3.7,1.6,2.3,1.8,15.7,5.7,10
1.02,0.99,1.0,1.01,0.98,0.98,1.06,1.0,0.95,1.0,0.98,1.0,1.0,1.03,0.98,1.01,1.0,Johan Oviedo,670912,FF,246,2025,1.29,19.0,4.7,12.8,4.2,73.6,15.9,10
0.94,0.96,1.0,1.0,1.09,0.98,0.94,0.98,1.03,1.0,0.99,1.0,1.02,0.96,0.95,0.99,1.0,Tyler Owens,687074,FF,28,2025,1.14,5.0,2.6,3.0,0.0,22.0,8.5,3
0.83,1.26,0.98,1.06,1.08,0.92,0.81,1.12,1.03,0.95,1.02,0.98,0.79,0.91,0.93,0.98,1.2,Chris Paddack,663978,FF,288,2026,1.11,21.4,2.8,13.5,2.5,82.8,9.0,10
1.8,1.18,1.03,1.02,0.54,1.05,2.97,1.19,1.39,1.02,1.07,0.99,0.54,0.86,1.03,1.25,1.04,Jedixson Paez,699151,FF,23,2026,1.85,5.3,3.8,2.7,1.5,21.7,18.3,3
1.0,1.28,1.01,1.04,0.64,1.15,1.05,1.19,0.98,1.1,1.1,1.0,0.76,0.9,1.1,0.97,1.18,Emilio Pagan,641941,FF,135,2026,1.17,4.2,1.0,2.6,0.5,14.8,5.3,10
1.01,1.39,1.0,0.99,1.46,0.9,0.82,0.87,0.94,0.98,1.0,1.01,1.2,0.61,0.56,1.04,1.03,Andrew Painter,691725,FF,319,2026,1.35,21.3,3.4,14.5,3.0,82.7,11.7,10
0.82,1.46,1.01,1.05,1.27,0.88,0.83,0.98,1.07,1.01,1.07,1.05,1.06,1.23,1.11,1.0,1.04,Daniel Palencia,694037,FF,128,2026,1.1,3.8,1.0,2.4,0.8,15.1,4.2,10
0.82,0.89,1.01,1.0,3.08,0.99,0.89,0.18,0.92,0.98,0.91,1.01,2.03,0.76,0.3,0.97,0.78,Andre Pallante,669467,FF,301,2026,0.93,23.0,3.2,15.6,3.1,90.4,7.6,10
1.13,0.88,1.01,0.93,1.49,1.11,0.77,1.07,1.22,0.99,0.95,1.01,0.8,1.2,1.3,1.03,1.02,Peyton Pallette,688883,FF,230,2026,1.16,5.7,1.6,2.9,0.9,27.0,7.5,10
1.1,0.96,1.0,1.02,1.03,1.02,1.11,0.98,1.01,0.99,1.0,0.99,1.02,0.94,1.06,1.02,0.97,Carson Palmquist,687223,FF,370,2025,1.29,19.3,3.8,11.3,3.6,78.2,16.1,9
1.04,1.01,1.0,1.0,1.01,1.0,0.97,0.99,1.01,1.0,1.0,1.0,1.02,1.02,0.98,1.01,1.0,Enoli Paredes,660600,FF,129,2024,1.25,5.0,1.6,3.1,1.1,19.2,8.2,10
0.76,0.94,0.99,1.05,3.33,0.96,0.8,0.65,1.01,0.93,1.05,1.0,1.6,0.65,0.72,0.97,1.11,Mitchell Parker,680730,FF,145,2026,1.0,9.2,2.3,6.8,2.3,35.3,9.2,10
1.01,1.0,1.0,1.0,0.99,1.01,1.04,0.99,1.02,1.0,1.0,1.0,1.0,1.03,1.0,1.02,1.0,Wes Parsons,641149,FF,55,2024,1.25,9.5,3.1,6.0,1.4,36.5,15.0,4
0.97,1.24,1.0,0.93,0.9,0.99,0.83,1.0,1.04,1.0,1.03,1.0,0.91,1.18,1.06,0.97,1.01,Chad Patrick,694477,FF,178,2026,1.07,12.8,7.9,9.9,5.7,51.2,31.8,10
0.98,1.0,1.0,1.0,1.03,1.0,0.97,0.99,0.99,0.99,1.0,1.0,1.01,0.96,1.05,0.99,0.98,James Paxton,572020,FF,925,2024,1.18,20.5,6.4,13.8,5.1,78.3,26.6,10
1.09,1.13,1.0,0.94,0.56,1.03,0.99,1.31,0.98,1.05,0.98,0.99,0.5,1.38,0.59,1.01,0.91,Joel Payamps,606303,FF,61,2026,1.32,2.9,1.6,1.7,1.4,12.2,7.9,10
0.85,0.86,1.0,1.06,0.88,0.92,0.88,1.18,1.0,1.01,1.02,1.04,1.13,0.76,0.83,0.98,1.06,Nate Pearson,663878,FF,659,2026,1.25,6.0,3.1,3.6,2.1,23.2,11.5,10
0.93,1.11,0.99,0.82,0.94,0.96,1.05,0.95,0.96,0.97,1.07,1.06,1.4,1.0,0.74,0.96,0.88,Joel Peguero,666711,FF,175,2026,1.17,4.5,2.0,2.8,1.6,16.1,8.7,10
0.98,0.99,1.0,1.04,0.94,1.0,1.09,1.14,1.0,1.02,0.98,1.0,0.82,1.27,1.0,0.99,1.08,Ryan Pepiot,686752,FF,2292,2025,1.22,19.2,4.6,14.2,4.6,79.5,16.0,10
0.8,1.16,1.0,1.0,1.0,0.99,0.92,0.99,1.0,1.04,0.95,0.99,0.99,1.05,0.9,0.97,1.07,Freddy Peralta,642547,FF,613,2026,1.08,23.7,2.8,16.8,2.0,95.5,6.3,10
0.98,0.99,1.01,0.93,1.1,1.05,1.16,0.84,1.03,0.98,0.95,1.0,0.94,0.81,1.45,1.03,0.95,Luis Peralta,678821,FF,444,2025,1.13,4.8,1.4,2.3,1.3,20.8,7.1,10
0.97,0.99,1.0,1.0,1.27,1.01,0.94,0.96,0.99,1.0,1.0,1.0,1.07,0.97,1.05,0.99,0.96,Sammy Peralta,671111,FF,145,2025,1.18,9.6,4.2,5.6,3.3,31.9,12.5,10
1.01,1.01,1.0,1.0,1.01,0.98,0.94,0.99,0.97,1.0,1.0,1.0,1.06,1.0,0.96,1.0,1.0,Angel Perdomo,622780,FF,47,2025,1.26,4.0,2.2,2.2,2.1,17.5,11.8,4
1.05,0.55,1.04,0.89,1.78,1.06,0.89,0.59,0.98,0.91,0.83,1.02,1.43,0.51,0.79,1.01,0.9,Cionel Perez,672335,FF,69,2026,1.11,4.7,2.0,3.4,1.6,18.4,5.7,10
1.14,1.11,1.01,1.02,0.93,1.06,1.01,1.1,0.97,1.15,1.18,1.04,0.71,1.1,1.39,1.02,1.14,Eury Perez,691587,FF,503,2026,1.24,21.8,3.0,15.6,2.2,88.3,9.5,10
0.96,1.66,1.0,0.93,1.22,1.19,1.03,0.78,1.01,0.91,0.89,0.96,0.78,0.67,1.22,1.0,1.02,Martin Perez,527048,FF,53,2026,1.0,17.1,8.3,12.3,5.5,67.7,31.0,10
1.0,1.28,0.98,0.96,0.75,0.89,0.86,0.98,1.01,0.96,0.99,1.02,0.49,0.81,1.22,0.98,0.93,Jack Perkins,678022,FF,190,2026,0.93,7.4,4.1,4.9,4.0,27.6,13.4,10
1.06,1.22,1.0,0.96,0.79,1.05,0.92,1.34,0.98,1.01,1.14,1.03,0.79,1.14,1.01,0.98,1.24,Michael Petersen,656848,FF,193,2026,1.32,4.0,1.2,2.7,1.1,15.4,5.7,10
0.84,1.73,0.97,1.09,1.33,0.78,0.72,0.76,1.09,0.94,0.96,0.98,1.29,0.88,0.44,0.97,0.83,David Peterson,656849,FF,209,2026,1.02,19.6,4.6,12.4,2.2,71.1,17.3,10
1.0,1.0,1.0,1.0,1.0,1.0,1.0,1.0,1.0,1.0,1.0,1.0,1.0,1.0,1.0,1.0,1.0,Chase Petty,695534,FF,56,2026,1.21,17.0,7.7,10.4,6.6,61.2,30.4,5
1.02,0.85,1.0,1.02,2.43,1.04,0.97,0.77,1.02,1.06,1.02,1.0,1.63,1.03,0.82,1.06,0.92,Brandon Pfaadt,694297,FF,109,2026,1.44,11.7,8.4,8.1,6.2,42.6,30.8,10
1.02,0.72,1.02,0.94,0.93,0.93,0.97,0.92,1.02,1.07,0.8,1.04,1.02,0.7,1.28,1.02,1.03,Connor Phillips,683175,FF,267,2026,1.22,6.0,2.3,2.8,1.4,24.7,6.6,10
0.98,0.99,1.0,1.0,1.0,0.98,0.98,1.0,1.02,1.0,1.0,1.0,1.03,1.04,1.01,0.99,1.0,Evan Phillips,623465,FF,334,2024,1.18,3.1,1.1,2.3,0.8,11.9,4.7,10
0.98,0.64,1.0,0.98,1.27,0.88,1.03,0.74,1.01,0.97,1.03,1.02,1.25,0.5,1.02,1.0,0.95,Tyler Phillips,663969,FF,45,2026,1.06,10.2,5.7,6.9,3.9,37.2,20.7,10
1.06,0.97,1.0,1.0,0.95,0.99,1.02,1.0,1.04,1.0,0.99,1.0,0.95,0.99,1.07,1.03,0.99,Konnor Pilkington,663455,FF,295,2025,1.27,3.6,1.1,2.2,0.9,15.3,5.4,10
0.9,1.6,0.99,1.06,0.69,1.02,0.91,1.28,1.0,1.01,1.03,1.0,0.78,1.08,0.34,0.96,1.27,Nick Pivetta,601713,FF,163,2026,1.21,20.8,5.0,15.1,3.7,85.5,18.4,10
1.12,0.98,1.0,1.0,0.96,1.0,1.09,1.01,0.98,0.99,1.0,1.0,0.96,0.95,0.99,1.01,1.01,Zach Plesac,668676,FF,91,2024,1.29,18.0,5.0,12.7,4.7,68.7,13.9,3
0.98,1.07,1.01,1.12,1.05,1.01,1.05,0.93,1.0,0.98,0.92,0.98,1.05,0.88,0.47,0.98,1.1,Colin Poche,621363,FF,542,2025,1.15,3.7,1.3,2.0,1.4,17.4,6.8,10
0.94,1.12,1.0,0.9,0.75,0.96,1.03,1.23,1.03,1.12,1.03,0.98,0.61,1.23,0.5,0.97,1.19,Drew Pomeranz,519141,FF,215,2026,1.13,3.8,1.3,1.9,1.2,15.1,7.8,10
0.99,1.01,1.0,1.0,0.98,1.0,0.97,1.0,1.03,1.0,0.99,1.0,0.98,1.0,0.99,1.01,1.0,Cody Poteet,547001,FF,110,2024,1.21,18.7,3.3,13.7,4.3,75.3,11.3,6
0.97,0.76,1.03,0.99,1.22,1.17,0.95,0.88,0.97,0.94,0.85,0.95,1.46,0.51,1.86,1.01,0.57,PJ Poulin,676571,FF,141,2026,1.38,4.1,2.0,2.6,1.6,19.0,9.1,10
1.0,0.91,1.01,0.96,0.87,0.94,1.01,1.22,0.99,1.07,1.01,0.98,0.75,0.95,0.94,1.0,1.22,Cade Povich,700249,FF,130,2026,1.3,21.5,3.4,15.0,3.2,84.3,16.5,10
1.03,0.77,1.01,0.99,1.27,1.06,1.04,0.9,0.97,1.05,0.96,0.99,1.17,0.73,0.37,1.01,1.0,Ryan Pressly,519151,FF,562,2025,1.25,4.2,1.1,2.1,0.7,14.7,5.1,10
1.06,1.23,1.0,0.94,0.61,0.94,0.83,1.1,1.18,0.98,0.99,1.01,0.61,0.82,1.03,1.03,0.99,Connor Prielipp,687570,FF,181,2026,1.11,20.7,2.2,13.7,2.6,87.0,4.8,7
0.97,0.89,0.97,1.1,0.72,0.88,1.06,1.02,1.0,1.0,1.07,1.02,1.06,1.31,1.35,0.97,0.98,A.J. Puk,640462,FF,602,2025,1.15,4.4,0.5,2.5,1.0,18.6,5.5,10
0.54,1.26,1.0,0.99,1.69,1.32,0.54,0.93,1.28,0.98,0.94,1.0,1.23,1.0,1.1,1.07,1.02,Matt Pushard,690155,FF,54,2026,1.07,5.3,2.9,2.5,0.8,19.8,12.5,6
1.1,1.27,1.0,0.99,0.85,0.93,1.02,1.12,0.99,0.94,0.92,1.0,1.07,1.17,1.14,0.98,1.06,Cal Quantrill,615698,FF,58,2026,1.38,10.6,5.3,7.1,3.0,40.9,20.1,10
0.97,1.02,1.0,1.0,0.97,1.02,0.97,1.0,1.01,1.0,1.0,1.0,0.97,1.04,0.98,1.0,1.0,Jose Quijada,650671,FF,353,2024,1.18,4.4,1.3,2.3,0.8,21.7,7.5,10
0.89,1.41,0.99,1.0,0.82,0.9,1.04,0.91,0.96,0.93,1.01,0.96,1.1,0.85,0.51,0.93,0.92,Jose Quintana,500779,FF,203,2026,1.03,19.6,4.4,13.3,4.3,75.0,17.1,10
1.14,1.22,1.0,0.93,0.83,0.97,1.11,1.01,0.97,1.1,0.99,1.0,0.84,1.35,1.6,0.98,1.11,Cole Ragans,666142,FF,358,2026,1.23,18.7,6.0,13.4,4.9,78.3,25.1,10
1.02,1.0,1.0,1.0,0.97,1.01,1.1,1.02,0.98,1.0,1.02,1.0,0.97,1.01,0.97,1.02,1.01,Carson Ragsdale,685068,FF,27,2025,1.28,12.5,9.2,7.0,1.4,47.5,44.5,2
1.09,0.94,1.0,0.97,1.07,0.99,0.99,1.1,0.97,1.02,1.05,1.01,0.88,0.89,1.1,1.0,1.06,Tanner Rainey,663432,FF,771,2025,1.27,3.7,1.4,2.3,1.4,15.7,6.6,10
0.99,0.99,1.0,1.0,1.01,1.01,1.03,1.01,1.03,1.0,1.0,1.0,0.98,0.97,0.93,1.01,1.01,Emmanuel Ramirez,642629,FF,198,2024,1.21,7.3,3.5,4.3,2.6,30.4,13.2,10
1.1,1.15,0.99,1.06,0.97,0.84,1.03,0.87,0.98,1.01,1.01,1.01,1.07,0.93,1.41,1.01,0.84,Yohan Ramirez,670990,FF,126,2026,1.24,5.0,2.2,3.2,1.9,18.2,6.5,10
1.04,0.97,1.0,1.0,1.02,1.01,0.94,0.99,1.0,1.0,1.0,1.0,1.0,0.94,0.97,1.0,1.01,Alan Rangel,660604,FF,76,2025,1.22,9.7,6.8,6.7,5.0,36.3,21.9,6
0.98,1.01,1.0,1.0,1.04,1.01,0.91,0.99,1.02,1.0,0.98,1.0,1.03,0.99,0.94,1.02,1.01,Taylor Rashi,688497,FF,178,2025,1.25,6.3,2.5,3.9,2.2,24.9,12.2,10
0.88,1.27,1.0,1.0,1.91,0.96,1.07,0.81,0.99,1.08,1.06,1.02,1.44,1.1,0.52,1.01,1.09,Drew Rasmussen,656876,FF,251,2026,1.24,21.6,3.4,16.3,3.1,85.6,12.3,10
1.18,1.34,0.98,0.95,0.67,0.94,1.21,1.07,0.95,1.01,1.03,0.99,0.99,0.85,1.17,1.0,1.11,Robbie Ray,592662,FF,500,2026,1.4,22.5,2.5,15.1,3.2,95.0,7.1,10
1.06,1.1,1.0,1.04,1.59,1.02,0.8,0.82,1.08,0.94,1.0,0.99,1.55,0.8,1.08,1.02,0.89,Colin Rea,607067,FF,410,2026,1.33,23.0,2.9,16.0,3.2,90.2,8.0,10
0.94,0.98,1.0,1.0,1.03,1.0,0.94,1.0,0.96,1.0,0.99,1.0,1.04,1.0,0.99,0.98,1.01,Sean Reid-Foley,656887,FF,261,2024,1.18,3.9,1.9,2.6,1.6,16.1,7.1,10
0.97,1.02,1.0,1.0,0.97,1.01,0.97,1.01,1.04,1.0,1.0,1.0,0.97,0.99,1.02,1.0,1.0,Gerardo Reyes,622103,FF,48,2024,1.17,6.0,2.0,3.3,1.5,26.0,7.9,3
1.1,0.93,1.0,1.03,0.84,0.99,1.09,1.08,1.06,1.04,0.97,1.02,0.77,1.15,1.23,1.04,1.04,Sean Reynolds,669308,FF,365,2025,1.28,5.4,4.1,3.0,2.1,23.7,16.4,10
0.96,1.78,1.0,0.99,0.93,1.03,0.83,1.29,0.98,1.13,1.1,1.02,0.86,1.26,0.94,0.96,1.14,Orlando Ribalta,687377,FF,75,2026,1.28,4.0,1.6,2.9,1.2,14.9,7.8,10
0.9,0.93,1.0,1.0,0.76,0.96,1.02,1.28,0.95,0.98,1.06,0.98,0.47,0.5,0.92,0.98,1.24,Trevor Richards,670950,FF,136,2026,1.13,6.0,3.0,3.9,2.0,22.1,14.2,10
0.98,1.01,1.0,0.99,1.02,1.01,0.94,1.01,0.99,1.0,0.99,1.0,0.96,0.99,1.02,1.0,1.0,Lyon Richardson,680689,FF,145,2025,1.2,4.7,2.3,2.9,1.4,18.1,8.7,10
0.74,1.19,1.01,1.01,0.72,0.92,1.02,1.12,1.38,1.01,0.85,1.0,0.69,0.85,1.12,0.88,0.93,JR Ritchie,702275,FF,104,2026,0.55,23.0,3.5,15.2,2.6,89.6,5.5,5
0.54,1.32,1.04,1.01,2.07,0.99,0.54,0.77,0.87,0.98,1.08,1.0,1.46,1.33,0.69,0.9,1.04,Eduardo Rivera,700842,FF,28,2026,0.89,10.0,,10.0,,41.0,,1
1.28,1.11,1.0,0.99,0.92,1.14,1.96,0.95,0.87,0.97,0.92,1.01,0.85,1.24,1.07,1.11,0.94,Christian Roa,685005,FF,45,2026,1.6,6.1,3.6,3.9,2.7,24.2,11.6,9
1.02,0.96,1.0,1.0,0.96,1.06,1.1,0.99,1.09,1.0,0.99,1.0,0.97,1.01,1.0,1.02,1.0,Daniel Robert,642016,FF,106,2025,1.19,4.2,1.7,2.6,1.6,17.4,7.0,10
1.02,1.01,1.0,1.0,1.01,1.01,1.04,0.99,1.02,1.0,1.0,1.0,0.99,1.0,1.0,1.01,1.0,Nick Robertson,687798,FF,97,2024,1.22,6.1,3.6,4.4,2.2,24.1,17.8,9
1.01,0.89,1.0,1.04,1.34,0.97,1.07,0.94,0.99,0.93,1.02,1.0,1.33,0.73,1.27,0.99,0.78,Kumar Rocker,677958,FF,94,2026,1.27,21.7,4.3,15.1,4.7,85.2,16.3,10
1.09,1.21,1.0,0.94,0.76,1.01,1.16,1.15,0.96,1.02,0.96,1.0,0.75,0.97,1.18,0.98,1.16,Carlos Rodon,607074,FF,159,2026,1.26,22.8,2.8,16.7,2.7,93.1,9.4,10
0.85,1.23,0.99,0.95,1.34,0.88,0.92,0.99,0.97,1.03,0.96,1.04,1.38,1.16,0.96,0.96,1.06,Bradgley Rodriguez,699134,FF,98,2026,1.24,4.6,1.6,3.1,1.2,18.0,8.7,10
0.89,0.95,0.99,0.97,0.62,0.9,0.99,1.2,1.0,0.99,0.94,1.0,0.57,0.6,0.82,0.98,1.03,Carlos Rodriguez,692230,FF,49,2026,1.09,13.0,5.2,8.1,3.6,55.0,23.5,10
1.08,1.22,1.0,0.97,0.81,1.0,0.96,1.08,1.07,0.99,0.97,0.97,0.94,1.13,0.82,1.04,0.99,Eduardo Rodriguez,593958,FF,414,2026,1.38,25.2,2.3,18.4,3.8,95.3,5.7,10
1.09,0.77,1.01,1.01,0.67,0.99,0.54,1.08,1.28,0.92,0.86,1.0,0.54,1.24,1.14,1.03,0.87,Elmer Rodriguez,695684,FF,53,2026,1.02,21.3,2.3,13.0,1.0,79.3,15.0,3
1.13,1.02,1.0,1.0,0.94,0.99,1.2,1.01,0.98,1.01,1.0,1.0,0.96,1.01,0.98,1.03,1.02,Elvin Rodriguez,660730,FF,154,2025,1.35,12.9,8.5,7.9,5.8,47.7,28.4,7
0.97,0.78,1.02,1.09,0.96,1.1,1.0,1.11,1.05,1.0,0.95,1.02,0.85,0.9,1.48,1.03,0.98,Grayson Rodriguez,680570,FF,137,2026,1.24,23.6,2.9,16.7,3.1,94.3,7.2,10
0.95,0.96,1.01,1.01,1.28,0.97,0.85,0.92,1.02,1.01,0.96,1.03,1.24,1.12,0.59,0.98,1.0,Manuel Rodriguez,655889,FF,204,2025,1.15,4.1,1.3,2.5,0.7,12.6,5.3,10
0.97,0.98,1.0,1.02,1.1,0.96,0.91,0.99,0.99,1.06,0.95,1.02,1.18,1.17,0.79,0.97,1.05,Randy Rodriguez,678495,FF,873,2025,1.21,4.6,1.3,3.1,0.9,19.2,6.6,10
0.91,0.89,0.99,0.99,1.36,0.93,0.89,0.94,1.01,1.03,0.86,1.0,1.37,0.95,0.59,0.99,0.93,Yariel Rodriguez,684320,FF,1087,2025,1.28,3.9,1.0,2.4,1.3,14.7,4.7,10
1.02,1.0,1.0,1.0,1.02,1.0,1.0,0.98,0.99,1.0,0.99,1.0,1.02,0.99,1.03,1.01,0.99,Yerry Rodriguez,666720,FF,246,2024,1.25,7.2,3.6,4.3,3.2,29.6,17.0,10
0.99,0.99,1.0,1.0,1.01,1.0,1.0,1.0,0.99,1.0,0.99,1.0,0.99,0.97,1.0,1.01,0.99,Josh Rogers,642028,FF,61,2024,1.24,8.2,6.5,5.2,5.5,28.3,23.2,6
1.08,1.22,0.99,1.01,0.56,1.04,0.98,1.27,0.97,1.06,1.03,0.98,0.58,0.93,1.32,0.98,1.0,Trevor Rogers,669432,FF,368,2026,1.26,22.1,4.4,14.7,4.4,86.7,11.5,10
0.54,1.15,0.99,1.01,1.11,0.69,0.54,0.96,0.87,0.97,0.96,1.01,1.77,1.11,0.87,0.79,1.01,Kendry Rojas,696070,FF,92,2026,0.92,12.0,3.9,7.8,2.4,44.8,8.5,5
1.09,0.98,1.0,1.02,1.23,1.01,1.23,0.68,0.94,0.99,0.84,1.0,1.65,0.75,0.37,0.98,0.97,Ryan Rolison,669020,FF,132,2026,1.29,4.8,2.5,3.1,1.8,18.3,10.2,10
0.98,1.39,0.99,1.14,1.15,0.99,1.07,0.96,1.04,1.01,0.86,1.0,1.02,0.81,0.38,1.01,1.18,Jordan Romano,605447,FF,94,2026,1.23,3.8,1.6,2.2,1.0,18.0,8.7,10
1.01,1.04,1.0,0.83,0.93,0.99,0.93,1.0,1.0,0.99,0.94,1.0,1.0,0.98,1.32,1.0,0.94,JoJo Romero,668941,FF,10,2026,1.24,4.1,1.1,3.0,0.9,16.4,6.0,10
1.0,1.0,1.0,0.99,1.02,1.0,0.99,1.0,1.03,1.0,0.99,1.0,0.97,0.99,1.01,1.01,1.01,Kenny Rosenberg,670046,FF,196,2024,1.21,14.7,7.5,9.6,5.1,57.4,27.5,7
1.06,0.92,0.99,1.03,1.34,0.99,0.86,0.95,0.99,0.98,1.01,1.0,1.21,1.23,0.51,1.0,0.91,Joe Ross,605452,FF,500,2025,1.28,6.0,3.0,3.4,1.5,23.1,14.6,10
0.98,1.32,0.98,1.06,1.21,0.86,0.82,0.87,0.98,0.97,1.07,1.01,1.09,1.23,0.9,0.99,0.81,Chris Roycroft,688297,FF,336,2026,1.14,5.7,2.2,2.6,1.4,22.6,10.3,10
1.0,1.02,1.0,0.93,0.76,1.03,1.15,1.07,1.03,1.0,1.05,1.02,0.75,1.16,0.82,1.01,1.05,Jose Ruiz,614179,FF,350,2025,1.14,5.0,2.4,2.9,1.1,19.8,10.7,10
1.06,1.02,1.0,1.0,0.97,1.02,1.14,1.02,0.98,1.0,1.0,1.0,0.96,1.02,1.04,1.01,1.0,Jackson Rutledge,671131,FF,250,2025,1.27,5.5,2.8,3.1,1.6,21.7,11.4,10
1.04,1.01,0.98,1.06,0.92,0.97,0.94,1.12,0.98,0.98,1.06,0.98,0.88,1.25,1.62,0.96,0.87,Joe Ryan,657746,FF,443,2026,1.19,21.8,7.3,16.2,5.5,86.8,28.0,10
1.03,0.99,1.0,1.0,1.0,1.0,1.0,1.0,1.02,1.0,0.99,1.0,0.99,0.97,1.0,1.0,1.0,River Ryan,689981,FF,118,2024,1.21,20.2,2.2,15.2,1.0,73.8,14.3,4
1.07,0.98,1.0,1.0,0.97,1.03,0.97,1.01,0.99,1.0,1.0,1.0,0.99,1.0,1.02,1.01,0.99,Ryder Ryan,656924,FF,49,2024,1.27,6.7,4.0,4.1,2.8,24.3,13.1,10
0.99,1.0,1.0,0.99,1.02,0.99,0.94,0.98,0.98,1.0,1.02,1.0,1.02,0.98,0.96,0.99,0.97,Andrew Saalfrank,685314,FF,41,2025,1.18,4.2,1.5,2.7,1.3,17.7,7.6,10
1.04,0.97,0.98,1.03,0.65,0.97,0.95,1.21,1.08,1.1,0.96,1.0,0.46,1.41,1.22,1.0,1.22,Erik Sabrowski,681870,FF,237,2026,1.15,3.3,1.4,2.4,1.3,14.6,6.6,10
1.06,1.0,1.0,1.0,1.04,1.02,1.0,1.0,1.02,0.99,1.0,1.0,1.03,0.98,1.03,1.0,0.98,Eduardo Salazar,674285,FF,118,2025,1.23,5.2,2.0,2.7,0.9,18.9,9.6,10
0.94,1.28,1.0,1.01,1.11,0.98,1.02,0.97,1.07,0.99,1.05,1.01,0.84,1.06,1.84,1.04,0.62,Chris Sale,519242,FF,408,2026,1.15,24.2,2.7,18.1,2.8,94.8,9.2,10
0.54,1.31,0.99,1.04,1.43,0.96,0.54,0.99,1.12,0.97,1.05,1.0,0.98,1.08,0.76,1.0,0.98,Tyler Samaniego,701719,FF,65,2026,0.94,3.5,2.5,1.9,1.9,11.6,8.9,10
0.96,1.01,1.0,1.0,0.94,0.98,0.95,1.01,0.97,0.99,1.02,1.0,0.97,1.0,1.02,0.96,1.0,Bryan Sammons,676614,FF,147,2024,1.1,17.5,7.6,13.8,5.9,62.3,26.4,6
0.96,0.97,1.0,1.0,1.11,1.03,0.98,1.0,0.99,1.0,0.99,1.0,1.05,0.97,1.0,0.99,0.99,Sixto Sanchez,664350,FF,185,2024,1.19,13.8,7.5,8.8,5.3,53.2,27.5,10
1.02,1.1,1.0,0.98,0.92,0.99,1.03,1.08,0.99,1.06,0.98,1.01,0.93,1.02,0.77,1.0,1.01,Cam Sanders,676742,FF,134,2026,1.26,5.2,2.3,2.9,1.5,22.6,10.9,10
1.09,0.86,1.03,1.01,1.3,0.99,1.6,0.87,1.53,1.0,1.0,1.01,1.0,1.03,1.0,0.94,1.01,David Sandlin,689818,FF,27,2026,0.62,19.0,,17.0,,61.0,,1
1.07,1.0,1.0,1.03,0.69,1.02,1.11,1.21,1.0,1.01,0.91,0.98,0.65,0.85,1.57,1.02,0.94,Nick Sandlin,680704,FF,378,2026,1.34,4.6,2.2,3.2,1.7,17.5,9.2,10
0.99,0.98,1.0,1.0,1.05,0.99,0.97,0.99,0.99,0.99,0.99,1.0,1.03,0.98,0.99,1.0,1.0,Patrick Sandoval,663776,FF,230,2024,1.22,22.2,4.8,15.7,3.9,91.0,20.9,10
0.95,0.96,1.01,0.9,0.93,1.05,1.06,0.95,1.01,0.98,1.04,0.99,0.98,0.88,1.44,1.0,0.93,Cole Sands,663485,FF,705,2026,1.13,4.1,1.4,2.6,1.8,15.2,5.9,10
1.02,1.23,0.98,0.93,0.8,0.87,0.74,1.09,0.98,1.05,1.0,1.0,0.78,0.91,1.46,0.96,0.97,Dennis Santana,642701,FF,146,2026,1.14,4.2,1.7,2.3,1.2,16.2,6.6,10
1.03,1.04,1.0,0.92,0.78,0.98,1.21,1.08,1.02,1.01,1.03,1.0,0.88,0.97,1.5,1.01,0.87,Tony Santillan,663574,FF,236,2026,1.25,4.0,1.4,2.3,1.3,14.9,6.3,10
1.18,1.13,1.03,1.09,1.1,1.16,1.18,0.85,0.98,0.95,1.04,1.03,1.02,0.9,1.16,1.06,0.99,Roki Sasaki,808963,FF,393,2026,1.3,22.1,2.4,15.5,2.8,89.5,8.5,10
0.98,1.05,1.0,1.0,0.96,1.02,0.98,1.08,0.98,0.96,1.0,1.0,0.98,0.82,0.75,1.0,1.01,Matt Sauer,669422,FF,261,2025,1.25,12.9,7.7,8.9,4.5,51.1,29.3,10
1.0,1.0,1.0,1.0,1.0,1.02,0.94,1.0,1.02,1.0,1.01,1.0,0.99,0.99,0.98,1.01,1.01,Josh Sborz,622250,FF,130,2024,1.22,4.4,1.8,3.6,1.7,17.7,7.9,10
1.16,1.11,0.98,0.94,0.78,1.04,1.15,1.01,0.98,1.0,1.06,0.98,0.56,0.67,1.12,1.02,1.05,Max Scherzer,453286,FF,162,2026,1.16,18.0,5.3,11.2,5.4,72.4,19.1,10
0.78,1.46,0.99,1.03,0.84,0.99,0.79,1.07,0.98,1.06,1.12,1.04,1.01,1.57,0.67,0.96,1.07,Cam Schlittler,693645,FF,487,2026,1.08,23.4,2.6,18.3,2.8,92.3,9.5,10
0.94,1.02,1.0,1.0,0.99,0.97,0.94,1.0,1.02,1.01,1.01,1.0,1.01,1.01,0.98,0.98,1.0,Clarke Schmidt,657376,FF,92,2025,1.13,22.7,3.3,17.4,3.8,89.6,13.2,10
1.19,0.98,0.99,1.02,0.78,1.03,1.13,1.11,1.02,0.97,0.97,1.0,0.81,1.05,0.63,1.03,1.1,Jesse Scholtens,669947,FF,132,2026,1.35,18.5,4.9,13.4,3.7,69.3,20.8,10
0.99,1.37,1.0,0.98,0.93,0.88,0.97,0.89,1.07,0.99,0.99,0.98,0.98,1.2,1.28,1.02,0.64,John Schreiber,670167,FF,88,2026,1.17,3.7,1.6,3.0,1.3,13.6,8.5,10
1.01,1.25,0.99,0.98,1.24,0.83,0.81,1.01,0.87,1.05,0.95,1.01,1.01,1.08,1.23,0.93,0.88,Noah Schultz,702273,FF,162,2026,1.17,20.8,2.4,14.6,2.6,81.2,6.8,8
0.81,1.21,1.01,0.92,0.86,0.97,0.93,1.04,0.99,0.97,0.99,0.99,0.84,0.87,1.02,0.93,1.01,Paxton Schultz,687606,FF,113,2026,0.94,5.0,2.0,2.7,1.8,19.8,7.9,10
0.98,0.79,1.01,1.06,1.46,1.03,0.92,0.89,1.05,1.0,1.05,1.02,1.18,1.12,0.71,1.0,0.98,Spencer Schwellenbach,680885,FF,1096,2025,1.12,26.4,2.3,20.3,2.9,94.5,6.8,10
0.83,1.05,0.97,1.06,1.17,0.97,0.8,0.94,1.0,1.0,1.0,1.01,1.13,0.97,1.26,0.97,0.97,Christian Scott,681035,FF,285,2026,1.08,19.5,3.7,13.6,3.7,79.1,14.8,10
1.01,1.2,0.98,0.95,0.94,0.9,1.09,1.15,1.02,1.09,1.16,1.01,0.82,1.36,0.82,1.03,1.04,Tanner Scott,656945,FF,178,2026,1.3,3.8,1.0,3.0,0.5,14.9,4.6,10
0.99,1.14,0.99,0.88,0.98,0.99,1.0,1.04,1.03,0.95,0.9,0.97,1.11,1.19,1.73,0.98,0.87,Tayler Scott,605463,FF,835,2025,1.29,7.5,3.0,4.3,1.6,29.8,9.6,10
0.88,0.87,1.0,0.96,0.98,0.99,0.93,1.06,0.98,0.93,1.05,0.99,0.79,0.9,1.23,0.95,1.05,Connor Seabold,657756,FF,164,2026,0.99,5.0,2.2,3.1,1.9,19.0,9.3,10
1.05,1.02,0.99,0.98,0.84,1.02,1.16,1.04,1.02,0.94,1.04,0.97,0.82,1.03,1.47,1.0,0.97,JP Sears,676664,FF,1977,2025,1.19,21.0,3.4,14.5,2.5,85.6,15.5,10
1.02,1.0,1.0,1.0,0.95,1.02,1.27,0.99,1.05,1.0,1.01,1.0,0.97,1.0,1.0,1.02,1.0,Colin Selby,681882,FF,32,2025,1.21,5.4,1.8,3.8,1.4,19.3,6.3,10
1.11,0.95,1.0,0.98,0.68,1.07,1.03,1.06,1.01,1.01,0.96,1.02,0.68,0.98,0.84,1.03,1.06,Kodai Senga,673540,FF,137,2026,1.22,20.8,3.2,13.7,3.8,78.9,13.8,10
0.95,1.2,1.0,0.95,1.23,1.02,0.94,0.84,1.0,1.0,1.08,1.03,0.88,1.34,0.72,1.03,0.88,Antonio Senzatela,622608,FF,156,2026,1.06,7.1,2.3,5.5,2.0,24.1,8.9,10
0.96,1.18,1.0,1.0,1.34,1.03,0.9,1.17,1.04,0.97,1.07,1.02,0.82,1.14,0.98,1.0,1.02,Luis Severino,622663,FF,230,2026,1.19,23.1,6.1,16.5,5.3,90.8,24.0,10
1.13,1.23,1.0,0.98,0.61,1.02,1.25,1.15,0.98,1.1,1.08,0.97,0.5,1.02,1.48,1.03,0.81,Paul Sewald,623149,FF,190,2026,1.27,3.7,0.9,3.0,0.0,14.9,4.3,10
1.06,1.0,1.0,1.0,0.96,0.99,1.06,1.01,0.94,1.0,1.0,1.0,0.97,1.01,1.0,0.99,0.99,Carson Seymour,693313,FF,136,2025,1.25,9.3,4.9,6.4,3.9,38.6,20.1,10
0.93,1.36,1.0,0.97,0.8,1.03,0.99,1.11,1.03,0.96,1.0,0.97,0.82,0.9,0.89,1.0,1.1,Ian Seymour,693855,FF,98,2026,1.21,4.7,2.0,3.8,1.8,17.9,8.7,10
1.4,1.52,1.01,1.02,1.35,1.11,1.31,1.24,1.03,1.04,1.05,1.0,0.8,1.26,1.12,1.08,1.15,Emmet Sheehan,686218,FF,372,2026,1.67,21.7,3.2,15.6,2.8,87.7,11.3,10
1.22,1.05,1.02,0.96,1.8,1.0,1.19,0.94,1.01,0.91,0.87,1.02,1.17,1.1,1.11,1.07,1.01,Chase Shugart,663767,FF,35,2026,1.52,5.2,2.1,3.8,2.1,20.5,12.7,10
0.85,1.06,0.99,1.01,1.04,0.87,0.96,0.95,1.0,0.93,0.98,0.99,1.34,0.53,1.25,0.96,0.88,Jared Shuster,694363,FF,615,2026,1.17,7.5,3.4,4.5,2.2,26.4,13.7,10
0.9,1.43,0.98,0.92,1.08,0.9,0.99,1.02,1.01,1.05,0.96,1.02,1.13,1.42,0.96,0.97,1.02,Chase Silseth,681217,FF,118,2026,1.21,3.2,2.0,2.2,1.7,13.4,8.4,10
1.11,1.23,1.01,0.91,1.0,1.04,1.12,0.99,0.96,1.1,0.93,1.0,1.03,0.66,0.82,1.01,1.03,Lucas Sims,608371,FF,477,2026,1.33,5.3,2.5,3.1,1.7,20.0,8.9,10
1.01,1.0,0.99,1.07,1.22,0.96,0.96,0.94,1.01,1.03,0.84,0.97,1.2,0.97,0.83,1.02,0.97,Brady Singer,663903,FF,30,2026,1.37,21.8,3.5,14.1,3.1,83.8,14.2,10
0.85,1.18,0.98,1.04,0.9,1.02,0.94,1.15,1.01,0.96,1.1,1.03,0.81,1.29,1.63,0.97,0.85,Paul Skenes,694973,FF,371,2026,1.07,22.6,3.1,18.1,4.1,91.9,11.4,10
0.96,1.1,0.97,0.98,0.82,0.85,0.88,0.92,1.0,1.01,1.11,1.02,0.89,1.04,0.51,1.01,1.1,Tarik Skubal,669373,FF,240,2026,1.09,23.1,3.1,17.8,3.3,85.7,16.4,10
0.84,0.9,0.99,1.04,0.92,0.98,0.83,0.94,1.0,1.06,1.09,1.02,0.96,1.17,0.32,0.97,1.11,Justin Slaten,686580,FF,50,2026,0.97,3.9,1.4,2.6,0.7,15.4,6.1,10
0.99,1.03,0.99,1.04,1.29,1.1,1.02,0.95,0.97,1.01,1.04,0.99,1.64,1.07,0.65,1.0,1.09,Burch Smith,572143,FF,125,2026,1.46,5.1,1.7,3.3,1.9,20.4,7.5,10
0.92,1.01,0.99,1.12,1.25,0.97,0.72,0.88,1.03,1.0,1.06,1.02,1.16,1.41,0.92,1.01,1.06,Cade Smith,671922,FF,285,2026,1.16,3.9,0.7,2.7,0.7,15.6,4.6,10
1.02,1.01,1.0,1.0,0.97,1.01,0.99,1.02,1.0,1.01,1.01,1.0,0.95,1.01,0.99,1.01,1.01,Drew Smith,622098,FF,151,2024,1.24,3.8,1.1,2.3,1.1,15.2,5.6,10
1.01,0.95,1.0,1.0,1.22,0.99,0.91,0.98,1.0,1.01,1.0,1.0,1.05,1.0,0.94,0.97,1.01,Dylan Smith,681916,FF,82,2025,1.14,6.4,3.5,4.8,2.4,21.8,11.1,8
0.93,0.95,1.0,1.01,0.95,0.98,0.94,1.0,1.0,1.0,1.01,1.0,0.97,1.02,0.99,0.97,0.98,Shane Smith,681343,FF,1084,2025,1.09,20.2,3.8,14.2,4.9,84.5,14.6,10
0.98,0.98,1.0,0.99,1.02,0.99,0.98,0.98,1.02,1.0,1.0,1.0,0.97,0.96,0.99,1.01,1.01,Will Smith,519293,FF,193,2024,1.19,4.6,1.8,2.4,0.7,15.7,7.8,10
1.11,0.84,1.02,1.05,1.54,1.16,0.8,0.92,1.01,0.96,0.97,1.01,0.84,0.83,1.1,1.04,1.01,AJ Smith-Shawver,700363,FF,377,2025,1.19,20.8,4.5,14.6,4.4,79.5,18.6,10
0.92,1.18,0.98,1.04,1.3,0.86,0.89,0.93,1.02,1.02,0.94,1.01,1.16,1.07,0.64,0.98,1.05,Blake Snell,605483,FF,1291,2026,1.16,22.4,2.2,16.2,3.8,92.7,9.9,10
1.0,1.0,1.0,1.0,1.0,1.0,1.0,1.0,1.0,1.0,1.0,1.0,1.0,1.0,1.0,1.0,1.0,Robby Snelling,702281,FF,28,2026,1.21,22.0,,14.0,,86.0,,1
0.98,1.08,0.99,0.92,1.4,1.01,0.84,0.9,0.98,1.07,1.06,0.99,1.18,1.07,0.4,1.0,0.81,Collin Snider,676092,FF,395,2025,1.2,5.1,1.9,2.7,1.3,20.4,5.9,10
1.0,1.0,1.0,1.0,1.0,1.0,1.0,1.0,1.0,1.0,1.0,1.0,1.0,1.0,1.0,1.0,1.0,Chase Solesky,686678,FF,6,2026,1.21,17.0,,9.0,,58.0,,1
1.27,0.97,1.03,0.97,0.97,1.08,1.12,0.95,0.98,0.94,0.97,1.02,1.15,0.79,1.1,1.05,0.82,George Soriano,666277,FF,95,2026,1.45,3.6,0.8,2.4,1.0,13.7,5.1,10
1.2,0.93,1.01,1.03,0.71,1.05,1.11,1.1,1.0,0.96,0.91,1.03,0.75,0.92,1.27,1.04,0.85,Jose Soriano,667755,FF,273,2026,1.34,24.5,2.4,17.9,4.4,97.2,7.5,10
0.9,1.08,0.98,0.94,0.95,0.94,0.95,1.11,0.98,1.09,1.0,0.99,1.02,0.68,1.06,1.01,0.9,Michael Soroka,647336,FF,322,2026,1.31,23.5,2.1,16.7,3.3,89.7,7.6,10
0.94,1.11,1.0,1.01,1.48,0.96,0.83,1.04,1.02,1.0,1.0,1.03,1.32,1.0,1.31,0.98,0.92,Gregory Soto,642397,FF,92,2026,1.28,4.2,1.3,3.1,0.6,17.7,6.4,10
0.93,0.9,1.01,0.99,1.14,0.94,0.9,0.85,0.98,0.99,1.02,1.01,1.07,0.86,0.56,0.99,1.02,Bennett Sousa,656986,FF,302,2026,1.07,3.4,1.2,2.1,1.3,14.0,6.5,10
1.32,1.34,1.0,0.92,0.68,1.1,1.0,1.02,0.95,0.98,1.16,1.0,0.72,1.52,1.16,1.05,0.97,Gabe Speier,642100,FF,76,2026,1.38,3.7,1.3,2.3,1.1,15.3,7.6,10
0.98,1.0,1.0,1.0,0.97,0.99,1.03,1.01,1.01,1.0,0.99,1.0,0.98,0.99,0.98,1.0,1.0,Carson Spiers,686730,FF,498,2025,1.2,16.0,4.1,10.3,3.5,63.2,17.7,10
0.93,1.2,1.0,1.01,0.95,0.96,1.04,1.0,1.02,0.93,0.92,0.97,1.0,0.7,1.26,0.96,1.08,Jeffrey Springs,605488,FF,455,2026,1.12,23.4,2.8,16.0,3.7,86.5,9.3,10
1.1,0.55,1.0,0.96,0.99,1.06,0.96,0.99,0.97,0.89,0.93,1.02,0.99,0.99,1.0,1.05,0.84,Brandon Sproat,687075,FF,163,2026,1.34,19.7,2.9,13.9,2.9,78.6,9.3,10
1.02,1.25,1.0,0.92,0.85,0.97,0.93,1.14,1.01,1.01,1.11,1.03,0.77,1.33,1.16,1.02,1.13,Ryne Stanek,592773,FF,236,2026,1.26,3.6,0.7,2.5,0.5,14.3,4.6,10
0.91,0.98,0.99,0.98,1.3,0.97,0.93,0.85,0.99,1.01,1.05,0.97,1.22,0.94,0.31,0.99,0.98,Justin Steele,657006,FF,1387,2025,1.14,20.2,6.7,14.2,5.1,75.2,20.2,10
0.98,1.25,1.0,1.01,0.86,1.02,1.0,1.11,0.96,1.01,1.07,0.99,0.8,0.94,1.01,0.93,1.11,Justin Sterner,686993,FF,182,2026,1.05,3.1,0.9,2.4,1.1,12.7,5.5,10
0.89,0.82,1.0,1.0,0.88,0.99,0.96,1.11,0.98,1.09,1.11,1.02,0.83,1.35,0.79,1.0,0.96,Brock Stewart,592779,FF,451,2025,1.15,4.0,1.6,2.7,0.5,15.5,4.1,10
1.0,0.96,1.0,1.0,1.01,0.98,1.04,0.99,1.01,1.0,0.99,1.0,1.01,0.97,1.01,1.0,1.01,Gavin Stone,694813,FF,557,2024,1.21,22.1,3.2,15.2,3.9,83.6,6.6,10
0.96,1.27,0.99,0.96,0.45,1.0,1.14,1.24,0.98,1.11,1.04,0.96,0.61,1.17,1.75,0.96,1.08,Matt Strahm,621381,FF,102,2026,1.19,4.2,1.4,2.7,0.7,15.9,7.8,10
1.02,0.95,1.0,0.99,1.17,0.93,0.92,0.99,1.0,1.02,0.88,0.97,1.14,1.03,0.74,1.01,1.01,Chris Stratton,608717,FF,541,2025,1.36,6.5,2.9,4.0,1.3,25.4,10.2,10
0.97,0.98,1.0,0.99,0.93,0.93,1.0,1.02,1.01,1.04,1.06,1.01,0.84,0.97,0.61,1.0,0.99,Hunter Stratton,676702,FF,374,2025,1.12,4.4,2.3,2.8,1.8,16.1,10.2,10
1.01,1.01,1.0,0.92,0.93,1.01,0.96,1.05,0.99,0.99,1.01,0.99,0.9,0.86,0.9,0.98,0.99,Hunter Strickland,519326,FF,481,2025,1.16,4.7,2.5,2.9,1.7,18.0,9.1,10
1.06,1.18,1.01,1.03,1.04,0.92,0.99,0.99,1.02,1.02,1.02,1.01,1.05,0.95,1.12,1.01,1.1,Spencer Strider,675911,FF,263,2026,1.28,22.8,3.0,16.2,3.3,91.7,6.3,10
0.99,1.05,1.0,0.99,0.97,0.98,0.98,1.0,0.96,0.99,0.98,1.0,1.0,0.98,0.96,0.99,1.02,Ross Stripling,548389,FF,416,2024,1.22,10.5,7.7,7.1,6.6,38.5,28.0,10
0.94,1.0,1.0,1.0,1.3,0.98,0.94,0.99,0.94,1.0,0.99,1.0,1.09,1.03,0.95,0.97,1.0,Kade Strowd,669704,FF,74,2025,1.19,3.4,1.4,2.8,0.9,13.6,5.6,10
0.84,1.37,1.0,1.0,0.89,0.94,0.86,1.04,1.02,0.99,1.0,0.99,0.75,0.81,0.66,0.98,1.09,Albert Suarez,544150,FF,163,2026,1.03,10.1,4.6,7.2,3.1,38.6,16.9,10
0.93,1.12,0.99,0.92,1.18,0.97,0.93,1.06,1.07,1.03,0.88,0.98,0.93,1.1,0.97,0.99,1.07,Jose Suarez,660761,FF,213,2026,1.19,5.8,2.6,3.4,1.8,23.4,12.9,10
0.94,1.07,0.98,0.94,2.39,0.92,0.84,0.84,1.01,0.89,0.87,0.98,1.58,0.83,0.65,0.98,0.83,Ranger Suarez,624133,FF,177,2026,1.29,21.7,3.6,16.5,4.3,83.7,11.6,10
0.9,1.43,0.99,1.03,0.92,0.88,0.83,0.97,1.0,1.04,1.12,1.03,1.21,0.99,0.68,0.96,1.09,Robert Suarez,663158,FF,176,2026,1.12,4.0,1.1,3.2,0.4,16.6,6.7,10
1.18,0.91,1.02,0.95,1.15,1.15,1.23,0.91,1.02,1.05,1.02,0.98,1.2,0.62,0.72,1.09,0.95,Tomoyuki Sugano,608372,FF,192,2026,1.49,22.3,2.0,15.9,2.7,84.7,11.2,10
1.04,1.05,1.0,1.03,0.8,1.1,0.87,1.13,1.02,1.04,1.06,0.97,0.56,0.79,1.21,1.0,1.19,Cole Sulser,642121,FF,180,2026,1.13,3.6,0.7,2.6,1.4,15.9,5.0,10
0.84,1.2,0.96,1.14,1.73,0.83,0.99,0.81,0.97,0.94,1.06,0.92,1.25,0.64,0.32,0.96,0.98,Brent Suter,608718,FF,147,2026,1.08,5.4,2.9,3.7,2.2,20.6,10.8,10
1.0,0.96,1.0,1.04,1.6,1.0,0.95,0.96,0.99,0.99,0.99,0.98,1.09,0.92,1.01,1.01,1.04,Erik Swanson,657024,FF,390,2025,1.27,4.5,1.4,2.7,1.1,19.3,7.2,10
1.43,1.1,1.01,1.06,0.68,0.99,1.42,1.2,1.05,1.02,0.92,0.97,0.48,1.05,0.72,1.13,1.17,Jameson Taillon,592791,FF,292,2026,1.67,23.5,1.6,16.6,2.2,90.9,8.6,10
0.79,1.25,1.0,1.11,1.16,1.07,0.75,0.98,0.98,1.03,1.12,1.04,1.05,1.35,0.35,0.97,1.07,Grant Taylor,691799,FF,276,2026,1.02,4.9,1.8,3.7,2.0,21.3,7.9,10
1.0,0.88,0.99,0.96,0.88,0.94,1.07,1.05,0.98,1.02,0.93,1.02,0.87,0.86,1.64,1.01,0.95,Troy Taylor,700187,FF,247,2025,1.24,4.6,1.7,2.1,1.0,17.7,5.3,10
0.96,1.19,1.01,0.98,0.81,1.0,1.24,1.05,0.97,1.08,0.91,1.0,0.75,0.74,1.32,1.0,0.87,Kai-Wei Teng,678906,FF,171,2026,1.18,12.4,7.3,9.0,5.5,49.0,28.8,10
1.05,1.12,1.0,0.95,1.23,0.91,0.91,1.06,0.99,1.01,1.18,1.0,0.99,0.99,0.58,0.96,1.23,Caleb Thielbar,573204,FF,119,2026,1.15,3.5,1.2,2.3,1.1,16.0,6.1,10
1.04,1.0,1.0,1.0,0.98,1.0,1.02,1.0,1.02,1.01,1.0,1.0,1.0,1.01,0.96,1.0,0.99,Keegan Thompson,624522,FF,201,2024,1.21,5.6,3.6,3.5,2.5,23.1,13.4,10
0.94,0.98,1.0,1.0,1.15,0.99,0.94,0.98,1.06,1.0,1.01,1.0,0.99,1.01,1.0,1.01,1.01,Mason Thompson,666168,FF,44,2025,1.15,4.1,1.4,2.3,1.1,17.4,6.5,10
0.97,1.06,0.99,1.05,1.1,0.92,0.93,0.96,1.0,0.97,0.96,0.97,1.11,0.97,1.22,0.99,0.82,Ryan Thompson,657044,FF,16,2026,1.23,3.7,2.0,2.4,1.3,14.2,9.1,10
1.04,1.03,1.0,1.0,1.08,1.02,1.07,1.0,1.0,0.99,1.0,1.0,0.99,1.0,1.0,1.02,1.0,Zack Thompson,668868,FF,113,2024,1.27,16.6,7.7,10.0,4.8,63.4,28.0,5
1.05,1.07,1.02,0.96,2.1,1.04,0.98,0.77,1.01,1.02,1.0,1.0,1.22,0.97,0.56,1.01,1.05,Trent Thornton,663423,FF,500,2026,1.17,4.9,1.2,4.1,1.3,19.6,6.5,10
1.0,1.0,1.0,1.0,1.0,1.0,1.0,1.0,1.0,1.0,1.0,1.0,1.0,1.0,1.0,1.0,1.0,Zach Thornton,804267,FF,22,2026,1.21,19.0,,13.0,,80.0,,1
1.01,0.98,1.0,1.0,1.0,1.01,1.04,0.98,1.0,1.0,0.98,1.0,1.01,0.94,0.97,1.01,1.01,Drew Thorpe,689672,FF,231,2024,1.23,21.1,4.3,14.7,5.2,80.0,19.5,9
1.05,1.01,1.01,1.01,1.73,1.06,1.03,1.08,1.02,0.97,0.96,1.03,0.59,1.19,0.98,1.01,1.09,Blade Tidwell,694918,FF,76,2026,1.12,8.5,6.2,5.7,4.0,33.5,25.5,10
1.06,0.99,1.0,1.0,0.99,1.0,1.06,1.01,1.0,1.0,1.01,1.0,0.99,1.0,1.01,1.02,1.0,Jesus Tinoco,622786,FF,115,2025,1.29,3.8,0.9,2.7,1.4,14.5,4.5,10
0.8,1.21,0.96,1.12,0.8,0.75,1.0,1.25,0.95,0.98,1.14,1.02,1.05,1.36,1.16,0.88,0.98,Payton Tolle,801139,FF,274,2026,1.06,17.4,9.2,12.9,8.2,64.3,31.8,10
1.03,1.43,0.98,1.01,1.24,0.8,1.03,0.78,0.99,0.97,0.93,1.01,1.52,0.88,0.88,0.98,1.13,Jonah Tong,804636,FF,263,2026,1.3,16.6,6.1,11.0,5.7,67.9,27.1,7
0.98,1.05,1.0,0.92,0.88,0.94,0.98,0.99,1.03,1.01,1.02,0.98,0.85,1.03,1.58,1.02,0.89,Michael Tonkin,543859,FF,759,2025,1.2,4.9,2.5,2.8,1.5,17.2,8.0,10
1.06,0.7,1.0,0.89,0.65,1.12,0.93,1.05,1.0,0.98,1.14,1.0,0.76,0.79,1.21,1.01,0.95,Blake Treinen,595014,FF,28,2026,1.12,3.3,1.1,2.6,0.8,11.9,3.9,10
1.09,1.0,1.0,1.0,1.03,0.98,0.99,1.0,1.01,0.99,1.0,1.0,1.04,0.99,1.01,1.02,0.99,Lou Trivino,642152,FF,132,2025,1.31,5.0,2.6,2.5,1.6,18.1,9.1,10
1.03,1.08,1.0,0.95,1.18,1.01,1.06,0.91,0.99,1.04,0.97,0.96,1.08,0.84,0.36,1.02,0.88,Spencer Turnbull,605513,FF,368,2025,1.27,9.5,3.0,6.1,2.4,37.9,10.5,10
0.97,1.09,0.99,1.0,1.66,0.98,1.0,0.96,0.97,0.99,1.0,1.0,1.12,0.99,1.0,0.98,0.98,Kyle Tyler,667725,FF,80,2024,1.2,17.8,4.8,12.1,3.6,72.1,22.4,8
1.0,1.0,1.0,1.0,1.0,1.0,1.0,1.0,1.0,1.0,1.0,1.0,1.0,1.0,1.0,1.0,1.0,Tyler Uberstine,700413,FF,10,2026,1.21,11.0,,7.0,,45.0,,1
0.98,1.11,0.99,0.94,0.78,1.01,1.14,1.18,0.94,1.02,1.02,1.0,0.76,1.53,1.45,1.0,0.94,Edwin Uceta,670955,FF,758,2025,1.3,4.8,1.9,3.3,0.9,17.7,6.7,10
1.08,1.12,1.0,0.94,0.99,1.08,1.14,1.0,1.0,0.96,0.99,1.02,0.98,0.91,1.7,1.01,0.93,Jose Urena,570632,FF,187,2025,1.25,16.2,5.4,10.7,3.9,62.8,19.5,10
0.44,1.26,0.99,0.96,1.24,0.84,0.44,0.85,0.8,0.98,1.0,1.02,1.36,1.06,1.1,0.7,0.88,Walbert Urena,700712,FF,170,2026,0.4,19.3,7.1,13.3,6.0,75.9,26.1,10
1.09,1.29,0.99,0.95,1.69,0.99,0.54,1.07,1.28,1.0,1.21,0.99,1.23,1.11,1.06,0.98,1.11,Jose Urquidy,664353,FF,49,2026,1.14,7.1,2.7,3.7,1.8,26.6,8.1,7
0.94,1.01,1.0,1.0,1.04,1.02,0.94,0.99,0.99,1.0,0.99,1.0,1.03,1.01,1.03,1.0,0.99,Logan VanWey,701121,FF,96,2025,1.2,4.7,3.1,2.9,1.7,18.5,13.7,10
0.94,0.95,1.0,1.05,1.01,1.01,1.04,0.87,0.95,0.95,0.92,0.99,1.21,0.76,1.57,0.99,0.94,Ricky Vanasco,676568,FF,115,2026,1.21,6.1,2.8,3.1,1.8,23.8,14.0,9
0.95,1.24,1.03,1.03,1.06,1.13,0.73,0.97,1.01,1.0,1.01,1.01,0.94,1.13,1.17,0.98,1.16,Gus Varland,681402,FF,192,2026,1.09,4.3,1.2,2.9,1.3,15.6,7.7,10
0.83,0.98,0.99,1.07,1.17,0.98,0.79,0.91,1.0,0.98,1.07,1.04,1.38,1.1,0.98,0.94,1.03,Louis Varland,686973,FF,220,2026,1.04,4.8,1.6,3.3,1.6,18.7,8.1,10
1.01,1.03,1.0,1.0,0.97,0.99,1.07,1.01,0.97,1.0,0.99,1.0,1.01,1.05,0.99,1.0,0.99,Mike Vasil,678024,FF,231,2025,1.25,6.5,3.4,4.5,2.8,27.3,13.4,10
1.25,1.15,1.01,0.92,1.19,0.98,0.81,1.07,1.0,1.05,0.98,1.0,1.05,1.04,1.21,1.03,1.03,Randy Vasquez,681190,FF,306,2026,1.49,22.6,1.7,16.2,2.9,88.3,9.6,10
0.97,0.92,1.0,0.93,1.48,1.0,0.91,0.96,0.98,0.99,1.07,1.0,1.04,0.94,1.07,1.0,0.97,Anthony Veneziano,685107,FF,258,2025,1.18,5.2,3.3,3.2,2.4,23.3,14.6,10
1.02,1.31,1.02,0.9,0.77,1.0,0.98,1.11,1.0,1.03,0.98,0.99,0.47,0.61,1.17,1.01,1.13,Justin Verlander,434378,FF,1978,2026,1.13,23.3,3.0,16.9,3.5,95.1,13.0,10
1.08,1.5,0.99,0.97,0.7,0.94,1.03,1.23,0.95,1.07,1.03,0.97,0.61,1.15,0.56,0.94,1.35,Alex Vesia,681911,FF,191,2026,1.19,3.0,1.3,1.9,0.7,14.1,7.0,10
0.85,0.76,1.02,0.98,1.39,1.04,0.74,0.7,0.97,0.98,0.97,1.01,1.42,0.94,0.76,1.0,1.08,Will Vest,676684,FF,148,2026,1.11,4.5,2.1,2.8,1.3,18.3,7.5,10
1.03,1.0,1.0,1.0,1.05,1.01,1.02,0.99,1.0,1.0,1.0,1.0,1.02,1.01,1.02,1.0,1.0,Thyago Vieira,600986,FF,167,2024,1.23,6.5,2.9,4.6,2.6,27.3,11.8,10
1.0,1.03,1.0,1.0,0.98,1.0,0.97,1.0,1.01,1.0,1.0,1.0,0.99,0.99,1.0,1.0,1.0,Eli Villalobos,681871,FF,38,2024,1.2,6.0,2.0,4.3,1.5,23.7,4.7,3
0.99,0.96,1.0,1.0,1.04,1.01,0.99,1.0,1.0,1.0,1.0,1.0,0.98,0.94,1.01,1.01,1.01,Darius Vines,670241,FF,97,2024,1.22,16.5,6.6,10.2,6.2,64.2,26.3,4
1.0,1.1,1.0,1.03,1.55,1.02,0.8,0.56,0.96,0.98,0.95,1.04,1.27,1.07,0.68,1.0,0.85,Victor Vodnik,680767,FF,162,2026,1.0,4.9,1.7,2.4,1.6,20.0,6.9,10
1.09,0.7,1.03,0.97,0.78,0.95,1.01,0.73,1.01,0.98,0.88,0.97,0.99,0.33,0.76,1.01,1.09,Austin Voth,608723,FF,256,2026,1.08,6.4,5.3,3.9,2.9,25.4,19.4,10
1.01,1.15,1.0,1.03,0.78,0.91,0.86,1.05,1.03,0.94,1.02,0.98,0.93,0.94,0.68,1.0,1.15,Michael Wacha,608379,FF,318,2026,1.23,25.3,1.6,18.8,2.9,91.0,8.6,10
0.94,1.04,1.0,0.99,0.95,1.02,0.91,1.0,0.99,1.0,0.99,1.0,0.95,1.0,0.95,0.98,1.0,Brandon Waddell,663399,FF,116,2025,1.12,11.8,7.3,7.7,4.7,45.1,29.3,10
1.0,1.02,1.0,1.0,1.03,0.99,0.97,1.0,1.02,1.0,0.99,1.0,1.01,1.02,0.98,1.01,1.01,Jacob Waguespack,621097,FF,86,2024,1.24,12.8,4.4,7.0,4.2,55.2,16.5,4
1.03,1.03,0.95,1.01,1.5,0.84,1.48,0.98,0.54,1.02,0.87,1.0,1.57,0.66,1.11,1.0,1.04,Ken Waldichuk,686610,FF,49,2026,1.81,8.0,1.9,4.8,1.1,29.8,5.5,5
0.97,0.83,1.0,0.96,1.08,0.97,0.97,0.88,1.0,0.97,0.94,1.01,1.12,0.85,0.57,0.99,0.96,Hurston Waldrep,694462,FF,73,2025,1.12,22.2,3.0,16.9,1.9,86.1,13.6,10
0.9,1.75,1.0,1.03,1.14,0.88,1.06,1.12,0.98,0.9,1.1,0.97,0.74,1.05,1.0,0.97,0.89,Matt Waldron,663362,FF,82,2026,1.13,21.0,6.1,12.7,3.6,79.0,23.1,10
1.0,1.06,1.0,1.08,0.93,1.0,1.0,0.97,1.0,1.0,1.02,1.0,1.0,0.92,0.65,1.01,1.01,Josh Walker,677020,FF,87,2026,1.2,6.8,4.1,3.5,2.1,25.5,14.1,10
1.23,0.86,1.01,0.93,1.03,1.07,1.18,0.99,1.02,0.9,0.78,0.97,0.7,0.39,1.06,1.1,1.08,Taijuan Walker,592836,FF,42,2026,1.46,19.9,7.4,11.7,4.5,71.4,24.4,10
1.01,1.01,1.0,1.0,0.98,0.98,1.01,1.0,1.0,1.0,0.99,1.0,0.98,1.0,1.0,1.0,1.0,Blake Walston,686796,FF,112,2024,1.21,11.9,7.5,7.9,5.1,49.0,31.5,7
0.99,1.02,1.0,1.0,1.1,0.97,1.07,0.99,0.98,0.99,1.0,1.0,1.05,1.04,1.03,1.0,0.98,Brandon Walter,687888,FF,157,2025,1.24,23.4,3.7,17.3,2.2,90.2,6.8,9
0.97,1.01,1.0,1.0,0.98,0.98,0.97,1.0,1.0,1.0,1.01,1.0,0.99,1.01,0.99,0.99,1.0,Andrew Walters,689958,FF,102,2025,1.17,3.4,1.1,2.7,1.3,14.7,5.4,10
1.0,1.0,1.0,1.0,1.0,1.0,1.0,1.0,1.0,1.0,1.0,1.0,1.0,1.0,1.0,1.0,1.0,Andrew Wantz,681806,FF,21,2026,1.21,8.5,3.5,4.5,2.1,44.5,13.4,2
1.0,1.0,1.0,1.0,1.0,1.0,1.0,1.0,1.0,1.0,1.0,1.0,1.0,1.0,1.0,1.0,1.0,Austin Warren,681810,FF,43,2026,1.21,6.1,1.7,4.3,1.6,24.9,9.9,10
0.95,0.94,1.0,1.02,0.79,0.96,1.01,1.11,0.93,1.1,0.97,0.99,0.8,1.08,0.97,0.94,1.0,Will Warren,701542,FF,435,2026,1.1,23.0,2.7,16.3,3.1,89.2,5.2,10
1.21,1.24,1.02,1.05,2.31,1.11,0.44,0.96,1.24,0.98,1.04,1.0,1.08,1.1,0.97,1.05,1.01,Ryan Watson,670245,FF,126,2026,1.26,8.3,3.8,5.5,2.8,30.1,14.1,10
1.3,0.97,1.02,0.88,0.67,1.02,1.27,1.1,0.99,1.01,0.98,1.01,0.72,0.94,1.41,1.1,0.97,Ryan Weathers,677960,FF,292,2026,1.55,23.9,3.4,18.0,4.0,94.4,6.6,10
0.84,1.15,0.99,0.94,2.1,0.95,1.0,1.08,0.96,1.05,1.02,1.0,1.41,0.96,0.84,0.96,1.22,Luke Weaver,596133,FF,193,2026,1.33,4.8,0.9,3.3,1.2,17.9,4.0,10
1.03,1.11,1.0,0.98,1.19,1.12,0.89,1.03,0.97,1.05,1.05,0.99,1.07,1.09,1.22,1.02,1.03,Jacob Webb,657097,FF,224,2026,1.35,4.3,1.1,2.9,1.0,18.3,4.5,10
0.84,1.38,0.99,1.04,1.25,0.95,0.88,0.94,1.03,0.9,1.04,0.98,0.93,1.18,1.09,1.0,0.65,Logan Webb,657277,FF,86,2026,1.07,24.7,3.7,17.4,3.1,89.3,12.6,10
0.97,0.95,1.0,1.01,1.37,1.02,0.91,0.95,1.01,0.96,1.02,1.02,1.12,0.91,0.91,1.01,1.0,Jordan Weems,607179,FF,507,2025,1.2,6.6,2.4,3.4,1.7,27.7,9.9,10
1.51,1.02,1.02,0.99,0.77,1.16,2.22,1.03,1.26,1.03,1.0,1.01,0.7,0.84,0.88,1.25,1.05,Ryan Weiss,680802,FF,196,2026,1.75,14.6,6.1,8.6,3.6,58.8,24.6,9
0.84,1.05,0.99,0.91,0.85,0.87,1.0,1.13,0.94,0.98,1.19,0.99,1.03,0.96,1.16,0.92,0.8,Greg Weissert,669711,FF,106,2026,1.06,4.1,0.9,2.6,1.2,15.5,4.3,10
0.97,1.19,0.99,0.95,0.86,0.95,1.02,1.26,1.02,1.05,1.02,0.99,0.57,0.77,0.43,0.98,1.18,Tyler Wells,669330,FF,151,2026,1.15,5.3,2.2,3.4,1.3,21.9,9.2,10
1.03,0.97,1.0,1.08,1.18,1.0,0.88,0.98,1.04,1.0,0.98,0.99,1.02,0.82,0.73,1.01,1.04,Joey Wentz,666214,FF,1243,2025,1.22,21.4,2.8,14.0,3.7,87.5,9.9,10
1.0,0.92,1.01,1.06,1.49,0.98,1.03,0.77,0.98,0.99,1.01,1.0,1.49,0.73,0.89,1.01,0.95,Hayden Wesneski,669713,FF,571,2025,1.27,15.5,8.1,11.7,6.0,60.7,30.8,10
1.0,1.31,0.98,1.11,0.74,0.98,1.17,1.21,0.98,1.05,1.09,1.0,0.83,1.37,1.46,0.94,0.92,Zack Wheeler,554430,FF,242,2026,1.17,23.3,2.9,17.8,2.6,92.8,6.3,10
1.09,1.03,1.0,1.0,1.07,1.01,1.1,0.98,0.99,1.0,0.99,1.0,1.06,0.95,1.03,1.02,1.0,Carson Whisenhunt,687931,FF,194,2025,1.32,20.4,2.1,13.4,2.1,81.4,5.4,5
0.94,0.97,1.0,1.0,1.02,1.0,0.99,0.99,1.02,1.0,1.01,1.0,1.02,0.98,0.97,0.99,1.0,Mitch White,669952,FF,145,2024,1.15,7.4,4.2,4.2,2.3,28.6,17.3,10
0.94,0.98,1.0,1.0,1.09,1.02,0.94,0.98,0.96,1.0,1.01,1.0,1.01,0.95,1.0,1.0,1.0,Owen White,669391,FF,72,2025,1.2,8.8,5.9,4.8,4.9,31.3,21.7,6
1.04,1.01,1.0,1.0,1.04,1.01,1.03,1.0,0.98,1.0,1.0,1.0,0.98,1.0,1.02,1.0,1.0,Forrest Whitley,666215,FF,86,2025,1.23,6.6,2.6,3.5,2.0,25.6,12.5,10
0.98,1.09,1.0,0.96,2.27,1.02,0.95,0.88,1.02,1.0,1.17,0.98,1.19,0.99,0.4,0.99,0.99,Jordan Wicks,696136,FF,518,2026,1.12,10.0,7.3,5.6,3.8,34.5,26.2,10
1.0,1.0,1.0,1.0,1.0,1.0,1.0,1.0,1.0,1.0,1.0,1.0,1.0,1.0,1.0,1.0,1.0,Cole Wilcox,677961,FF,66,2026,1.21,6.6,2.2,3.5,2.0,26.0,9.7,10
0.85,1.27,0.99,1.14,1.4,0.92,0.82,1.12,0.97,1.0,0.93,1.0,1.03,1.62,1.47,0.95,1.01,Devin Williams,642207,FF,171,2026,1.22,3.4,1.1,2.4,0.7,13.1,7.7,10
1.15,1.35,1.0,1.07,0.97,0.99,1.04,1.1,1.0,0.99,1.04,1.02,0.87,1.33,1.45,1.06,0.92,Gavin Williams,668909,FF,297,2026,1.46,24.8,2.8,18.3,2.4,93.7,11.3,10
0.98,0.73,0.99,1.04,1.1,0.99,0.96,0.92,0.98,0.98,1.15,0.94,1.05,0.75,0.51,1.0,0.9,Trevor Williams,592866,FF,993,2025,1.15,21.3,2.7,14.5,3.2,81.2,7.2,10
1.06,0.93,0.99,0.93,0.55,0.98,1.07,1.03,1.02,0.94,0.87,0.98,0.53,0.61,1.1,1.02,1.1,Brandon Williamson,682227,FF,106,2026,1.13,18.7,4.7,12.7,4.7,76.8,17.5,10
0.98,1.2,1.0,0.99,0.96,1.03,1.2,1.03,1.01,0.98,1.0,0.99,0.76,1.12,1.02,1.02,1.0,Bryse Wilson,669060,FF,395,2025,1.19,15.6,9.6,9.7,5.5,58.1,33.9,10
1.11,1.02,0.98,0.94,0.91,0.97,1.09,1.01,1.04,0.99,1.05,1.0,1.05,1.31,0.74,1.02,1.06,Justin Wilson,458677,FF,782,2025,1.31,3.5,1.6,2.1,1.1,14.5,7.1,10
0.87,1.0,1.0,1.03,0.94,1.05,0.88,1.12,1.03,1.04,0.96,0.99,0.77,0.9,0.83,0.99,1.06,Steven Wilson,621051,FF,571,2025,1.12,3.7,1.6,2.6,1.2,17.5,6.2,10
1.01,1.0,1.0,1.0,1.02,1.04,0.94,1.0,1.04,1.0,0.99,1.0,0.97,1.0,0.97,1.01,1.0,Josh Winckowski,670174,FF,61,2025,1.2,7.5,4.6,4.7,2.1,30.3,21.8,10
0.99,0.99,1.0,1.0,1.01,1.0,0.97,0.97,0.99,1.0,1.0,1.0,1.01,0.99,1.0,1.0,1.0,Josh Winder,680739,FF,41,2024,1.2,9.5,3.3,6.8,1.5,35.2,8.4,4
0.99,0.99,1.0,1.0,1.02,1.01,1.0,0.99,1.0,1.0,1.0,1.0,1.02,0.99,1.01,1.0,1.0,Trey Wingenter,622259,FF,89,2024,1.21,5.9,2.0,3.1,1.1,25.4,7.6,7
0.99,1.15,1.01,1.06,1.3,1.17,0.92,0.9,1.0,1.03,1.03,1.01,0.76,1.11,0.74,1.02,1.08,Cole Winn,668390,FF,108,2026,1.06,3.9,1.1,2.5,1.1,14.3,6.9,10
0.99,0.88,1.0,0.95,0.95,0.95,1.03,0.88,0.99,1.01,0.97,1.02,1.13,0.58,1.23,0.99,0.92,Keaton Winn,676775,FF,85,2026,1.13,4.3,1.6,2.7,1.2,15.1,5.9,10
0.91,1.04,1.0,1.0,1.14,0.98,0.91,0.96,1.02,1.0,1.01,1.0,1.07,1.0,0.96,0.98,0.99,Grant Wolfram,664991,FF,77,2025,1.11,3.5,0.8,1.9,0.9,12.6,3.3,10
0.75,1.18,0.98,0.97,0.67,0.87,0.94,1.21,0.97,0.99,1.13,1.01,0.72,1.19,1.34,0.93,0.93,Bryan Woo,693433,FF,515,2026,0.98,23.2,3.0,16.8,3.9,86.4,13.5,10
1.08,1.13,0.98,0.99,0.74,0.89,1.06,1.16,1.01,1.02,1.14,0.98,0.71,1.17,0.56,0.97,1.15,Brandon Woodruff,605540,FF,175,2026,1.16,21.0,6.2,15.2,4.5,75.1,22.3,10
0.85,0.84,0.98,1.03,1.1,0.93,0.8,1.02,0.95,0.96,0.99,0.98,0.96,0.89,0.82,0.93,1.15,Simeon Woods Richardson,680573,FF,373,2026,1.02,18.1,6.9,10.7,4.2,68.6,25.5,10
0.75,1.15,1.0,0.84,0.91,0.88,0.84,1.03,1.05,1.05,1.04,0.99,0.96,0.93,0.77,0.95,1.01,Justin Wrobleski,680736,FF,467,2026,0.97,25.1,4.6,18.3,4.7,90.7,14.4,10
1.14,1.01,1.0,1.0,0.95,1.0,1.13,1.03,0.98,1.0,1.01,1.0,0.98,0.94,1.06,1.02,1.0,Randy Wynne,691094,FF,20,2025,1.34,13.0,,8.0,,47.0,,1
1.08,1.06,1.0,1.01,0.92,1.09,0.85,1.13,1.01,0.97,0.94,1.01,1.04,1.29,1.08,1.04,1.03,Yoshinobu Yamamoto,808967,FF,284,2026,1.47,24.8,2.3,18.7,2.6,96.4,7.1,10
1.09,1.07,0.99,0.96,0.99,0.92,1.17,1.04,0.98,0.84,0.89,0.93,1.1,0.86,1.66,0.97,0.83,Ryan Yarbrough,642232,FF,62,2026,1.34,7.9,3.1,5.6,2.1,30.6,13.0,10
1.06,1.08,0.98,0.94,0.75,1.0,1.12,1.21,0.94,0.98,1.01,0.96,0.78,1.46,1.87,0.96,0.84,Kirby Yates,489446,FF,1145,2026,1.29,3.9,0.9,2.3,0.8,16.2,5.6,10
0.69,1.1,0.99,0.94,1.06,0.89,0.74,1.07,1.01,0.99,0.99,1.0,1.26,0.92,0.54,0.89,1.27,Trey Yesavage,702056,FF,289,2026,0.98,21.0,2.7,15.0,2.8,85.4,9.8,10
1.0,0.95,1.0,1.0,1.25,1.02,0.94,0.97,1.0,1.0,0.98,1.0,1.08,0.99,1.08,0.99,0.98,Craig Yoho,684974,FF,67,2025,1.2,5.0,2.2,3.0,0.5,21.6,8.2,8
1.03,1.55,0.99,0.99,0.87,0.91,0.9,1.18,0.96,0.97,1.09,1.0,0.76,1.07,0.73,0.92,1.14,Brandon Young,687064,FF,284,2026,1.09,24.1,3.4,17.1,3.9,86.8,12.2,10
0.97,0.89,0.99,1.02,0.95,0.9,0.94,0.98,0.97,1.06,1.08,0.97,0.97,1.1,0.5,0.97,1.0,Rob Zastryzny,642239,FF,200,2025,1.12,3.4,1.3,2.1,1.2,12.7,6.0,10
1.05,1.24,0.99,1.01,0.69,0.91,0.98,0.95,0.96,0.99,0.88,1.03,0.94,1.5,0.57,0.99,1.06,Ryan Zeferjahn,666171,FF,117,2026,1.21,4.7,1.3,2.8,1.6,20.0,6.1,10
0.97,1.14,0.99,0.85,1.14,0.96,0.91,0.85,1.01,0.93,0.93,1.01,1.32,0.97,1.19,1.01,0.91,Angel Zerpa,672582,FF,11,2026,1.26,4.7,1.1,2.9,1.4,18.8,7.3,10
0.97,0.96,1.0,1.0,0.98,0.98,0.99,1.0,1.01,1.0,1.0,1.0,1.0,0.99,1.01,0.99,0.99,Guillo Zuniga,670871,FF,89,2024,1.17,4.1,2.0,3.0,1.5,14.9,9.9,10
1.35,0.9,1.02,1.02,0.71,1.16,1.37,1.17,1.02,1.07,1.13,1.03,0.74,1.1,1.0,1.07,1.06,Jacob deGrom,594798,FF,406,2026,1.46,22.0,3.1,16.4,3.9,88.3,9.7,10
0.88,0.98,1.01,1.07,1.01,1.05,0.88,1.4,1.04,0.99,0.98,1.01,0.88,0.52,0.73,1.03,1.96,Mick Abel,690953,SL,48,2026,0.92,18.5,5.0,11.8,5.6,74.7,15.0,10
1.03,1.09,1.01,0.99,1.17,1.03,0.91,0.36,1.01,1.14,0.9,1.0,1.16,1.17,1.26,1.01,-2.81,Bryan Abreu,650556,SL,187,2026,0.82,3.8,1.8,2.2,1.6,14.7,5.6,10
1.26,1.0,1.08,0.97,1.6,1.3,0.54,0.87,1.34,1.01,0.94,1.0,0.71,1.1,0.74,1.1,1.72,Garrett Acton,670183,SL,52,2026,0.87,6.4,1.3,4.2,1.6,27.2,7.4,5
1.0,0.89,0.99,0.97,1.15,1.02,0.83,0.69,0.93,1.03,1.07,0.98,1.1,1.17,0.25,0.98,0.34,Jason Adam,592094,SL,126,2026,1.02,3.6,0.7,2.4,1.0,13.6,5.5,10
0.94,1.0,1.0,0.99,1.05,0.98,0.92,1.06,1.05,1.02,0.99,1.0,1.0,1.02,1.11,0.99,0.82,Austin Adams,613534,SL,593,2024,0.99,3.3,1.2,2.4,1.1,14.5,6.0,10
1.15,1.41,1.0,0.98,0.64,0.87,1.14,1.38,0.98,0.96,0.97,0.99,0.91,1.2,1.11,0.96,0.34,Travis Adams,701519,SL,162,2026,1.21,6.0,3.2,3.6,2.1,22.0,12.9,10
1.01,0.98,1.0,1.0,1.04,1.01,1.04,1.0,1.02,1.0,1.01,1.0,1.01,0.98,1.0,1.0,1.0,Ty Adcock,686654,SL,55,2025,1.02,5.8,2.7,3.7,2.5,28.0,12.1,6
1.11,1.23,0.99,0.98,1.86,1.15,0.54,1.19,1.18,0.96,1.02,1.0,0.81,1.13,0.74,1.05,-0.31,Zach Agnos,688642,SL,86,2026,0.92,12.3,4.9,7.8,4.3,44.0,19.4,10
0.99,1.0,1.0,1.0,0.97,0.99,1.01,1.07,1.01,1.0,1.0,1.0,0.99,0.99,1.03,0.99,1.06,Julian Aguiar,687924,SL,94,2024,1.03,19.9,4.1,13.6,3.6,75.6,15.6,7
0.91,1.01,0.98,0.88,1.29,0.92,1.06,1.34,0.98,1.01,0.98,1.01,1.0,0.78,0.6,0.99,3.07,Keegan Akin,669211,SL,61,2026,1.14,4.4,1.7,2.7,0.9,18.2,5.5,10
0.94,0.86,1.0,0.92,1.15,0.96,1.01,1.17,1.01,1.01,0.99,1.05,0.94,0.88,0.81,0.98,1.6,Jorge Alcala,660896,SL,522,2025,0.95,4.8,1.8,2.7,0.8,20.4,8.6,10
1.08,0.87,1.01,0.94,1.96,1.09,1.08,1.45,0.98,0.98,0.94,0.99,1.15,0.85,1.05,1.02,1.48,Sandy Alcantara,645261,SL,122,2026,1.33,26.6,2.8,17.5,3.4,98.1,6.5,10
1.1,0.78,1.02,0.89,0.97,1.07,1.2,1.49,0.98,0.88,1.03,0.97,0.76,0.57,0.54,1.02,0.52,Sam Aldegheri,691951,SL,102,2026,1.07,18.4,6.8,10.4,5.1,69.7,22.0,9
1.05,0.97,1.0,0.97,1.86,1.01,1.06,0.73,1.0,0.99,0.92,0.97,1.04,0.96,0.84,0.99,0.1,Scott Alexander,518397,SL,193,2025,0.86,4.1,2.0,2.1,1.4,15.6,6.9,10
0.91,0.96,1.0,0.99,1.09,0.98,0.91,1.0,1.06,1.0,0.98,1.0,1.0,0.94,0.97,1.0,1.19,Dan Altavilla,656186,SL,114,2025,0.96,4.1,1.4,2.6,1.6,15.8,5.5,10
0.99,1.11,1.01,0.93,0.97,1.01,1.17,0.84,1.0,0.96,0.92,1.02,0.98,1.11,0.48,1.0,1.74,Elvis Alvarado,665660,SL,30,2026,1.01,4.4,3.4,2.9,1.7,18.2,12.9,10
1.13,1.07,1.02,0.97,0.7,1.02,0.97,1.13,1.01,1.1,0.92,0.98,0.72,1.21,0.56,1.04,-1.83,Andrew Alvarez,674841,SL,73,2026,0.99,16.2,4.7,11.7,4.0,67.2,21.9,10
1.06,1.01,1.0,1.0,1.02,1.0,1.1,1.03,1.02,1.0,0.99,1.0,0.99,0.99,1.03,1.01,1.05,Adbert Alzolay,640470,SL,154,2024,1.07,4.6,1.4,2.3,1.1,19.8,5.5,10
1.82,1.09,1.01,1.01,1.07,0.99,0.54,0.96,1.01,1.04,1.01,1.0,0.98,0.93,0.94,1.22,0.68,Drew Anderson,623454,SL,42,2026,1.71,8.7,4.6,6.6,4.3,33.7,16.9,10
1.0,1.0,1.0,1.0,1.0,1.0,1.0,1.0,1.0,1.0,1.0,1.0,1.0,1.0,1.0,1.0,1.0,Jack Anderson,681252,SL,26,2026,1.03,10.7,0.6,8.3,1.2,41.3,10.5,3
1.01,1.02,1.0,1.0,0.98,1.0,1.01,0.97,1.02,1.0,0.99,1.0,1.01,1.02,1.09,1.01,1.0,Justin Anderson,605121,SL,428,2024,1.05,3.7,1.3,2.1,1.3,16.2,5.5,10
1.03,0.64,1.01,1.04,2.04,1.0,0.95,1.38,1.05,1.13,1.02,1.04,0.78,0.8,1.15,1.04,2.69,Shaun Anderson,641312,SL,68,2026,0.88,7.8,4.0,5.2,2.8,30.6,16.5,10
0.97,1.0,1.0,1.0,0.98,0.98,0.97,1.02,0.99,1.0,0.99,1.0,0.98,1.0,0.99,0.98,1.06,Tyler Anderson,542881,SL,132,2025,0.98,22.3,3.2,15.2,2.7,84.6,6.1,10
1.0,1.0,1.0,1.0,1.0,1.0,1.0,1.0,1.0,1.0,1.0,1.0,1.0,1.0,1.0,1.0,1.0,Tanner Andrews,681084,SL,9,2026,1.03,5.5,3.5,4.0,1.4,21.5,9.2,2
1.0,1.0,1.0,1.0,1.0,1.0,1.0,1.0,1.0,1.0,1.0,1.0,1.0,1.0,1.0,1.0,1.0,Tejay Antone,622088,SL,7,2026,1.03,4.0,1.7,2.3,1.5,15.2,5.8,10
1.02,0.94,1.01,1.0,0.93,1.02,0.91,1.02,1.08,0.99,0.99,1.0,0.92,0.96,1.0,1.01,1.12,Luarbert Arias,678215,SL,96,2025,0.97,7.9,1.9,4.0,2.8,29.6,9.8,7
0.95,1.53,0.97,0.85,2.09,0.82,0.98,0.75,1.0,1.05,0.96,0.99,1.08,1.46,2.09,1.01,-3.54,Aaron Ashby,676879,SL,97,2026,0.92,5.8,1.6,4.6,1.7,23.3,6.1,10
0.69,0.96,1.0,0.97,1.64,0.99,0.75,-0.07,0.97,1.06,1.15,1.07,1.35,1.04,0.36,0.96,2.8,Braxton Ashcraft,677952,SL,256,2026,0.62,25.0,2.9,18.9,3.0,88.1,8.1,10
0.89,1.26,1.01,0.87,1.15,1.03,0.85,0.8,0.99,1.19,1.0,1.05,1.1,1.31,1.72,0.96,-0.21,Graham Ashcraft,668933,SL,218,2026,0.9,4.6,1.8,3.2,1.6,18.9,7.0,10
0.92,0.85,1.01,1.02,0.93,0.9,0.93,1.22,1.01,0.93,0.93,0.99,1.05,0.65,1.31,0.97,-0.21,Javier Assad,665871,SL,26,2026,0.97,14.4,7.4,10.4,5.7,57.0,28.6,10
1.26,1.23,0.96,1.02,0.81,0.79,0.54,0.92,1.6,1.04,0.88,1.01,0.87,1.03,1.24,1.21,0.23,Luinder Avila,679883,SL,109,2026,1.21,9.7,5.4,6.3,2.8,42.1,20.7,10
1.0,1.0,1.0,1.0,0.99,1.01,0.97,1.0,1.01,1.0,0.99,1.0,0.99,1.0,1.02,1.02,0.91,Pedro Avila,658648,SL,96,2024,1.05,5.6,1.9,3.7,1.5,23.3,9.4,10
1.0,1.22,1.02,0.93,1.57,0.96,1.04,0.5,0.95,1.1,0.99,1.05,1.19,1.31,0.36,1.0,2.08,Lake Bachar,669199,SL,117,2026,1.03,6.1,2.3,4.2,1.7,23.0,7.7,10
0.77,1.24,1.01,0.95,1.14,0.83,0.93,0.71,0.89,1.09,1.04,1.03,1.24,1.19,0.41,0.91,-0.55,Sam Bachman,696147,SL,232,2026,0.88,5.1,1.7,3.7,1.6,18.2,6.5,10
0.96,1.32,1.0,0.98,1.24,0.98,0.96,1.12,0.96,0.88,0.93,0.98,1.12,1.16,1.93,0.96,-0.84,Anthony Banda,607455,SL,188,2026,1.1,3.7,1.1,2.6,1.1,14.9,4.5,10
0.81,0.63,0.98,0.88,0.75,1.03,0.73,1.41,1.05,0.95,1.04,1.01,1.04,0.68,1.09,1.0,2.47,Tanner Banks,621383,SL,147,2026,1.18,5.4,2.2,3.2,1.8,20.2,9.4,10
1.36,0.92,1.0,0.98,1.34,0.69,1.92,0.98,0.84,0.95,0.77,0.98,1.11,0.68,0.88,0.89,-0.72,Hunter Barco,682995,SL,41,2026,1.03,10.3,5.9,6.3,3.8,39.6,21.8,7
1.0,1.0,1.01,1.02,1.16,1.05,1.21,0.92,1.0,1.05,0.91,0.99,1.03,1.05,1.53,1.03,0.91,Scott Barlow,605130,SL,13,2026,1.05,4.0,1.1,2.1,1.0,15.6,4.9,10
1.0,1.0,1.0,1.0,1.0,1.0,1.0,1.0,1.0,1.0,1.0,1.0,1.0,1.0,1.0,1.0,1.0,Charlie Barnes,656212,SL,13,2026,1.03,8.3,7.5,4.3,3.2,29.0,28.6,3
1.0,0.61,1.01,0.98,1.08,1.05,1.06,1.59,0.98,1.0,0.98,0.92,0.87,0.28,1.99,0.99,-2.78,Chris Bassitt,605135,SL,16,2026,0.9,22.2,3.4,14.4,4.4,82.1,14.0,10
0.99,0.98,1.0,1.0,0.98,0.97,1.0,1.03,1.0,1.0,1.0,1.01,0.99,0.98,0.96,1.01,1.33,Mike Baumann,657508,SL,255,2024,1.05,5.4,2.0,3.1,1.4,25.6,9.5,10
1.05,0.98,1.0,1.0,0.99,0.98,0.94,1.0,1.02,1.0,0.99,1.0,1.02,1.01,1.02,1.03,0.96,Felix Bautista,642585,SL,57,2025,1.12,3.9,1.3,2.7,0.5,19.3,6.4,10
1.04,0.87,1.0,1.06,0.88,0.94,0.88,1.44,1.03,1.01,1.01,1.02,0.8,0.8,0.96,1.0,1.85,Tristan Beck,663941,SL,228,2026,0.99,6.8,3.4,4.8,2.7,22.7,12.2,10
1.01,1.13,0.98,0.9,1.14,1.01,1.08,0.99,1.0,1.12,0.96,1.0,1.23,1.05,0.97,0.98,-3.48,Clayton Beeter,690925,SL,130,2026,1.09,4.2,1.6,2.6,0.7,18.1,7.0,10
0.86,1.07,1.01,0.91,1.56,1.1,0.88,1.31,1.02,1.13,0.98,1.0,0.91,0.6,1.37,0.99,-0.94,Anthony Bender,669622,SL,51,2026,0.75,3.8,1.2,3.4,1.1,14.4,5.4,10
1.01,1.0,1.0,1.0,0.98,0.97,0.97,1.03,1.03,1.01,0.99,1.0,0.99,1.0,0.98,1.01,1.14,Ryan Bergert,686701,SL,325,2025,1.05,21.0,2.5,15.4,2.8,85.8,7.0,10
0.99,1.01,1.0,1.0,1.0,0.97,1.03,1.01,0.96,1.0,1.0,1.0,1.02,1.02,0.97,0.98,1.05,Prelander Berroa,672860,SL,196,2024,1.03,5.1,1.3,3.6,1.2,20.6,7.1,10
0.97,1.01,1.0,1.0,1.0,1.0,0.97,1.0,0.99,1.0,1.0,1.0,1.01,1.01,1.01,1.0,1.05,Phil Bickford,641360,SL,36,2024,1.03,4.9,2.1,3.0,1.2,19.1,9.5,8
1.27,1.05,1.02,0.96,0.51,1.11,1.27,0.96,1.01,0.96,1.03,1.01,0.74,0.88,0.78,1.03,0.71,Osvaldo Bido,674370,SL,77,2026,0.95,7.8,4.1,5.0,3.0,30.1,16.2,10
1.98,1.02,1.01,1.0,0.7,1.05,0.54,1.39,1.07,1.06,0.98,1.0,0.98,1.06,1.16,1.04,-0.09,Brandan Bidois,684049,SL,69,2026,1.68,5.0,1.8,3.4,1.5,20.5,5.4,8
1.03,0.99,1.01,1.05,1.05,1.02,1.08,0.73,0.99,1.04,1.14,0.99,1.0,1.15,0.42,1.02,0.53,Shane Bieber,669456,SL,171,2025,0.98,22.7,1.8,17.2,1.2,90.1,5.6,9
0.94,1.15,1.02,1.06,0.83,1.03,0.92,1.73,0.99,0.96,0.98,1.02,0.62,1.12,1.01,1.0,2.4,Hunter Bigge,685801,SL,131,2026,1.02,5.0,2.4,3.2,2.0,18.0,6.5,10
1.02,0.95,1.0,1.0,0.94,1.1,1.06,0.92,0.96,0.99,1.0,1.01,0.96,1.05,0.59,1.0,1.85,Hayden Birdsong,806185,SL,543,2025,1.01,19.7,5.2,13.0,4.9,80.7,21.2,10
1.02,0.99,1.0,1.0,0.97,1.0,0.97,1.03,0.99,1.0,1.0,1.0,0.98,0.98,0.98,0.99,1.03,Mason Black,696131,SL,61,2024,1.01,10.9,7.3,7.0,5.1,45.0,28.1,10
1.01,0.91,1.01,1.01,1.25,1.04,1.0,0.86,0.99,1.02,0.97,0.99,1.18,0.86,0.89,1.0,0.14,Bradley Blalock,687134,SL,282,2025,1.05,22.1,3.4,14.1,3.2,81.7,9.3,10
0.95,1.02,0.99,1.06,0.96,0.91,0.83,1.01,0.98,0.95,1.15,1.0,0.99,1.07,0.66,0.98,1.94,Ronel Blanco,669854,SL,1079,2025,1.02,21.5,4.4,16.0,5.0,87.8,10.7,10
1.05,0.97,1.02,1.1,1.16,0.99,1.1,0.71,0.97,0.96,1.05,0.99,1.1,1.0,0.6,1.01,0.66,Scott Blewett,656240,SL,433,2025,1.0,7.8,2.5,5.3,2.4,29.8,12.1,10
1.04,0.99,1.0,1.0,0.98,0.99,1.09,1.04,0.99,1.0,1.0,1.0,0.99,0.99,1.0,1.0,1.09,Jake Bloss,814005,SL,54,2024,1.06,18.0,1.0,11.0,1.0,78.7,1.5,3
0.98,1.12,0.99,1.0,1.1,1.04,0.92,0.45,1.03,0.94,1.12,1.0,0.87,1.18,0.3,1.02,1.49,Ryan Borucki,621366,SL,143,2026,0.75,6.0,2.6,3.7,1.9,22.2,9.1,10
0.97,0.99,1.0,0.99,1.07,1.01,1.1,0.96,0.95,1.0,0.98,1.0,1.03,0.96,1.0,1.0,0.97,Caleb Boushley,676961,SL,102,2025,1.02,6.4,3.7,3.8,1.9,26.0,16.8,10
1.01,1.0,0.99,1.0,0.96,0.97,1.06,1.09,0.99,1.0,1.01,1.0,1.0,0.99,0.95,0.99,1.11,Ben Bowden,641386,SL,53,2025,1.06,4.2,1.3,2.6,0.7,16.5,6.7,10
1.16,1.11,1.02,1.03,2.08,1.06,1.15,0.93,0.96,1.02,1.03,1.01,1.29,1.18,0.74,1.02,-0.44,Jonathan Bowlan,680742,SL,37,2026,1.25,4.3,1.2,2.9,1.4,17.5,6.5,10
0.8,0.88,0.98,1.03,1.14,0.94,0.92,1.85,0.99,1.08,0.9,1.03,1.1,0.93,0.95,0.96,0.68,Joe Boyle,671212,SL,89,2026,1.25,20.4,3.6,13.3,3.4,82.5,15.1,10
1.06,0.98,1.0,1.01,1.08,1.04,0.94,0.97,1.0,0.99,1.01,1.0,1.01,0.97,1.0,1.01,1.06,Cody Bradford,674003,SL,84,2024,1.04,22.6,3.4,16.4,4.2,86.0,15.4,10
1.19,1.21,0.99,0.99,1.05,1.08,1.12,0.88,0.98,1.08,1.03,1.01,0.93,0.97,2.92,1.02,-0.13,Kyle Bradish,680694,SL,300,2026,0.92,24.2,3.0,16.6,2.9,95.2,4.9,10
0.86,1.34,0.98,1.01,2.63,0.95,0.83,0.78,1.03,1.21,0.89,1.01,1.29,1.2,3.08,0.98,-0.42,Matt Brash,666374,SL,125,2026,0.84,3.4,1.6,2.3,0.9,14.0,7.1,10
1.03,1.02,1.01,1.08,0.91,1.12,0.99,0.7,1.04,0.99,1.08,0.99,0.88,0.93,1.12,1.02,1.15,Ryan Brasier,518489,SL,295,2025,0.77,4.1,1.5,2.7,1.1,15.0,5.2,10
1.03,0.98,1.0,1.02,0.76,0.93,1.22,1.58,1.05,1.03,1.01,0.99,0.81,0.8,1.32,1.02,1.46,John Brebbia,605154,SL,713,2025,1.12,5.2,2.8,2.9,1.2,20.6,11.0,10
0.94,0.97,1.0,1.0,0.99,0.99,0.94,1.01,0.95,1.0,1.0,1.0,0.99,0.99,1.0,0.98,1.01,Colten Brewer,605155,SL,105,2024,0.97,5.3,1.9,2.6,1.5,20.8,9.0,10
1.04,0.99,1.0,1.0,0.98,1.01,1.06,1.0,1.06,1.0,0.98,1.0,0.97,0.99,0.98,1.0,0.95,Beau Brieske,689225,SL,199,2024,1.0,4.5,1.8,2.7,1.9,18.4,8.0,10
0.97,0.99,1.0,1.0,1.02,0.99,0.97,1.03,1.02,1.0,0.98,1.0,0.99,1.0,0.99,1.01,1.03,Jhony Brito,666745,SL,56,2024,1.03,7.9,3.6,5.1,2.8,27.6,12.5,10
1.02,1.01,1.0,1.0,0.99,1.01,1.03,0.99,1.01,1.0,1.0,1.0,1.0,0.99,0.97,1.02,0.95,Aaron Brooks,605156,SL,130,2024,1.06,20.5,8.8,13.5,6.2,69.7,27.1,6
1.0,0.97,1.0,1.04,1.67,0.92,1.0,0.82,1.0,0.95,0.97,1.05,1.23,0.86,0.84,1.01,1.71,Hunter Brown,686613,SL,462,2026,1.04,24.0,1.9,18.2,2.1,95.8,9.5,10
1.01,0.98,1.0,1.01,0.99,1.01,1.09,0.98,1.0,1.0,1.01,1.0,1.02,1.0,0.98,1.01,1.05,McCade Brown,685326,SL,96,2025,1.06,18.0,3.3,11.6,3.1,71.1,13.9,7
0.9,1.2,0.98,0.89,0.83,0.85,0.95,0.93,1.02,1.07,1.04,1.01,0.81,1.17,0.24,0.98,1.35,JT Brubaker,664141,SL,138,2026,0.86,6.3,2.9,4.4,2.7,24.9,11.0,10
1.01,1.22,0.99,1.05,1.68,1.05,0.8,1.36,1.04,1.06,0.94,0.99,0.93,1.01,0.57,1.03,-1.02,Kris Bubic,663460,SL,72,2026,1.01,22.2,3.1,15.9,4.2,87.2,10.6,10
0.94,0.98,1.01,1.04,1.03,1.02,0.89,1.41,1.03,1.0,1.03,1.01,1.17,0.71,1.81,0.99,1.8,Walker Buehler,621111,SL,82,2026,1.2,20.1,2.6,14.5,3.1,80.4,14.0,10
1.04,1.01,1.0,1.0,1.02,1.02,0.97,0.99,1.02,1.0,1.0,1.0,0.98,1.02,0.99,1.01,0.93,J.B. Bukauskas,656266,SL,45,2024,1.03,3.7,2.0,3.0,1.1,14.7,9.0,6
0.97,1.0,1.0,1.0,0.99,1.02,0.97,1.01,1.02,1.0,0.99,1.0,0.98,0.99,1.04,1.0,0.98,Nick Burdi,595897,SL,108,2025,0.99,4.7,2.9,2.6,2.4,19.4,9.6,10
0.98,0.85,1.01,1.04,1.02,1.02,0.94,1.55,1.02,0.93,0.9,1.0,0.75,1.27,0.34,1.02,2.66,Brock Burke,656271,SL,125,2026,1.2,4.0,1.9,2.9,1.7,14.0,6.5,10
1.1,0.84,1.0,1.06,1.0,0.98,1.17,1.57,1.03,1.03,1.04,1.01,0.83,0.86,1.12,1.03,2.58,Sean Burke,680732,SL,174,2026,1.19,22.8,1.6,16.7,3.0,88.8,9.0,10
1.01,1.25,0.99,1.02,1.11,0.95,1.04,1.01,0.99,1.08,1.1,1.02,1.04,1.07,1.29,1.01,0.94,Corbin Burnes,669203,SL,473,2025,1.05,24.1,3.0,17.8,2.3,90.7,8.9,10
1.1,1.37,1.02,0.98,1.31,0.99,1.12,0.69,0.95,1.12,1.05,1.06,1.23,1.56,0.63,1.0,0.41,Chase Burns,695505,SL,360,2026,1.2,23.0,2.6,17.9,1.3,91.2,4.4,10
1.0,1.01,1.0,1.01,1.0,1.02,1.02,0.93,0.99,1.0,1.01,1.0,1.0,1.01,1.0,1.02,0.82,Ryan Burr,621114,SL,375,2025,1.03,4.3,1.6,2.7,1.6,19.6,7.9,10
0.87,0.78,1.0,0.99,0.76,0.85,1.03,1.75,0.99,1.04,1.11,1.04,0.91,0.87,0.78,0.95,4.12,Mike Burrows,681347,SL,153,2026,1.2,24.8,3.2,17.2,2.2,91.8,6.0,10
0.97,1.0,1.0,1.0,0.98,1.01,1.02,1.01,0.98,1.0,1.0,1.0,0.99,0.99,1.0,0.98,0.97,Ky Bush,681066,SL,80,2024,0.97,21.5,3.7,12.5,3.9,81.8,15.4,4
1.04,1.15,1.0,0.98,1.16,0.97,0.93,0.94,0.96,1.03,1.03,1.0,1.02,1.14,0.71,1.03,0.52,Jose Butto,676130,SL,498,2026,1.12,4.8,1.8,2.3,0.9,18.5,6.2,10
0.99,1.02,1.01,0.99,1.75,0.96,0.98,0.92,0.97,0.99,0.98,1.02,1.37,1.24,0.35,0.95,2.01,Edward Cabrera,665795,SL,104,2026,1.27,22.6,3.9,16.4,3.3,87.1,10.9,10
1.19,0.89,1.02,0.97,1.09,1.16,0.95,1.23,1.06,1.02,1.11,0.99,0.89,0.61,0.6,1.06,1.94,Noah Cameron,702070,SL,102,2026,1.11,23.0,2.8,16.0,2.7,86.4,10.2,10
0.99,1.0,1.0,1.0,1.08,0.97,1.03,0.99,1.01,1.01,1.01,1.0,1.05,0.98,1.0,0.99,1.11,Isaiah Campbell,663462,SL,46,2025,1.03,5.8,2.3,2.5,1.9,17.5,8.4,10
1.11,0.92,1.02,0.92,1.49,1.18,1.05,0.86,1.01,1.13,1.01,1.02,0.97,1.02,0.59,1.07,-2.14,Griffin Canning,656288,SL,107,2026,0.96,19.7,4.8,13.6,4.2,77.0,18.1,10
0.87,0.78,1.01,0.9,1.52,0.91,1.0,1.13,1.0,1.02,0.78,0.99,1.38,0.91,2.75,0.98,1.03,Yennier Cano,666974,SL,48,2026,1.3,3.5,1.3,2.1,1.8,12.8,4.8,10
1.03,1.06,1.02,1.09,0.99,1.08,0.83,0.6,1.07,0.96,1.02,0.96,0.84,0.88,0.86,0.98,-3.11,Joey Cantillo,676282,SL,98,2026,0.51,20.6,3.0,14.6,3.5,83.1,10.6,10
1.04,0.96,1.01,1.04,0.93,1.08,1.18,0.91,1.0,0.97,1.04,0.98,0.96,0.92,0.74,1.02,1.42,Carlos Carrasco,471911,SL,603,2025,1.0,15.1,8.9,9.4,5.9,52.9,32.5,10
0.97,0.99,1.0,1.0,0.99,1.0,0.97,1.04,0.98,1.0,1.0,1.0,0.99,0.99,1.0,0.99,1.02,Diego Castillo,650895,SL,111,2024,1.01,6.1,2.9,4.0,2.2,25.3,10.8,7
0.96,1.01,1.01,1.0,1.1,1.02,0.92,0.9,0.98,1.0,1.02,1.0,1.0,0.97,1.02,1.0,0.78,Jose Castillo,620454,SL,236,2025,0.94,5.5,2.5,3.7,1.5,21.0,13.8,10
0.89,1.07,1.02,0.85,1.73,1.21,0.94,0.67,1.04,0.92,0.93,0.99,0.96,0.97,0.32,1.0,0.85,Luis Castillo,622491,SL,271,2026,0.75,20.7,4.9,13.5,3.5,86.1,17.4,10
1.0,0.99,1.0,1.0,0.99,0.97,1.02,1.02,1.0,1.01,0.99,1.0,1.0,0.99,1.08,1.0,1.01,Miguel Castro,612434,SL,119,2025,1.04,5.9,2.8,3.2,1.5,21.5,10.1,10
0.74,1.3,0.97,1.0,1.18,0.93,0.85,0.66,0.99,1.11,1.07,1.04,1.26,1.38,0.41,0.98,1.86,Dylan Cease,656302,SL,318,2026,1.03,23.7,2.8,16.7,3.2,98.8,9.8,10
0.97,1.35,0.98,1.0,0.98,0.89,0.93,0.68,1.0,1.01,1.01,0.95,0.97,1.33,0.48,1.01,0.3,Andrew Chafin,605177,SL,677,2025,1.0,3.1,1.4,2.0,0.7,13.6,7.4,10
1.02,1.01,0.99,1.03,0.9,1.01,1.02,0.6,0.99,1.0,0.97,1.05,1.0,0.84,0.47,1.01,1.23,Bubba Chandler,696149,SL,120,2026,0.8,21.6,2.5,14.1,2.8,85.7,8.0,10
0.95,1.02,1.0,1.15,0.93,0.99,0.85,1.15,0.99,0.97,0.94,1.01,1.01,1.06,1.95,0.99,1.73,Aroldis Chapman,547973,SL,50,2026,1.03,3.9,1.0,2.7,0.5,15.9,3.6,10
1.05,1.0,1.0,1.0,0.98,1.0,1.1,1.04,0.98,1.01,1.0,1.0,0.99,1.0,0.95,0.99,0.96,JT Chargois,608638,SL,228,2024,1.05,3.3,0.8,2.6,0.8,10.8,4.9,10
0.97,0.98,1.0,1.0,0.99,0.96,0.94,1.1,0.97,1.0,0.99,1.0,0.98,0.98,1.06,0.97,1.1,Yonny Chirinos,630023,SL,201,2024,1.0,24.0,3.5,14.7,1.2,85.8,4.1,6
1.06,1.04,0.99,0.97,0.97,0.97,1.12,0.82,0.99,0.94,1.07,1.04,1.11,1.18,0.51,1.0,1.46,Angel Chivilli,683409,SL,287,2026,1.15,5.8,2.0,3.4,1.8,23.2,7.6,10
0.98,0.97,1.0,1.0,1.01,0.97,0.94,1.03,0.97,1.0,0.99,0.99,1.02,0.97,1.16,0.98,1.42,Adam Cimber,643256,SL,136,2024,1.03,4.3,0.9,2.4,1.1,16.8,4.7,10
1.0,0.99,1.0,1.0,1.0,1.0,0.97,1.01,1.05,1.0,1.0,1.0,0.99,0.99,1.0,1.01,0.98,Jose Cisnero,542585,SL,91,2024,1.02,5.5,1.8,3.2,1.1,22.4,8.8,10
1.07,0.92,1.02,0.88,0.68,0.95,1.08,1.64,1.03,1.17,0.96,0.95,0.63,0.64,2.02,1.02,-1.97,Aaron Civale,650644,SL,34,2026,0.93,22.5,2.0,14.9,1.5,83.5,12.2,10
0.95,0.86,1.01,0.95,1.04,0.91,0.86,1.61,0.97,0.9,1.05,1.03,1.08,0.99,0.96,0.92,2.22,Taylor Clarke,664199,SL,108,2026,1.26,2.7,1.1,2.2,0.9,10.3,4.1,10
0.95,1.0,0.99,1.04,0.93,0.89,0.85,1.15,0.96,1.01,1.12,1.03,1.05,1.06,1.61,0.98,1.0,Emmanuel Clase,661403,SL,426,2025,1.08,4.2,1.3,3.2,1.5,16.1,5.8,10
1.08,1.21,1.01,0.95,0.7,1.16,1.08,1.32,1.01,1.08,1.05,1.01,0.59,1.02,1.34,1.04,0.07,Garrett Cleavinger,664076,SL,662,2026,0.87,3.7,1.3,2.8,1.3,13.6,7.3,10
0.85,1.29,1.0,0.96,0.99,0.84,0.85,2.13,0.99,1.03,1.07,1.03,0.83,1.14,1.05,0.94,1.39,Gerrit Cole,543037,SL,260,2026,1.24,23.3,2.1,18.2,3.6,88.0,11.9,10
0.94,1.0,1.0,1.01,0.96,0.97,1.1,1.04,0.97,1.0,1.0,1.0,0.96,1.0,1.01,0.99,1.19,Luis Contreras,664351,SL,70,2025,0.98,6.5,3.1,3.9,1.7,26.6,9.4,10
1.03,0.96,1.01,0.96,1.19,1.03,1.23,0.98,1.01,1.01,0.97,0.98,0.97,0.85,0.9,1.02,0.65,Roansy Contreras,672710,SL,306,2025,0.99,8.9,4.0,6.5,4.4,33.0,16.5,10
0.82,1.4,0.97,1.04,1.08,1.0,0.87,1.12,1.01,0.9,0.96,0.92,0.93,1.14,0.72,0.97,-0.52,Patrick Corbin,571578,SL,197,2026,0.92,21.2,1.6,14.7,2.3,78.0,8.3,10
0.91,0.97,1.0,1.0,1.05,1.02,0.98,0.96,0.97,1.0,0.99,1.0,1.05,0.97,1.0,0.98,1.14,Austin Cox,680735,SL,137,2025,0.97,8.3,5.3,5.1,2.7,33.8,20.7,10
1.04,0.98,1.0,1.0,0.97,0.99,0.94,1.09,1.05,0.99,1.0,1.0,0.96,0.96,0.97,1.0,1.08,Nabil Crismatt,622503,SL,30,2025,1.03,16.5,7.9,10.7,5.7,57.5,28.5,10
1.1,1.03,1.0,1.0,1.0,1.02,1.08,1.01,1.03,1.0,1.0,1.0,1.0,1.02,0.96,1.02,1.03,Jeff Criswell,676105,SL,142,2024,1.11,7.4,2.5,4.7,2.4,31.1,13.2,10
0.96,0.99,1.0,0.99,1.01,0.98,0.89,0.96,1.0,1.02,1.01,1.0,1.03,0.99,1.03,1.0,0.73,Declan Cronin,686539,SL,563,2024,1.01,4.3,1.7,3.2,1.1,15.2,7.9,10
1.04,1.02,1.0,0.99,0.95,1.0,1.05,1.02,1.0,0.99,1.0,1.0,0.98,1.02,0.98,1.01,1.03,Hans Crouse,668968,SL,169,2024,1.07,4.6,1.5,2.9,1.6,19.1,5.3,10
0.54,0.89,0.95,1.03,0.63,0.54,0.54,1.57,0.81,1.02,0.93,0.98,0.87,1.1,1.74,0.76,1.81,Fernando Cruz,518585,SL,53,2026,0.72,3.8,1.3,2.9,0.9,13.7,5.6,10
1.46,1.03,1.03,1.05,0.74,1.04,1.13,1.63,1.02,0.9,1.06,1.03,0.77,0.88,0.98,1.08,1.61,Steven Cruz,674444,SL,47,2026,1.41,5.0,2.4,2.8,1.0,20.6,11.6,10
1.1,0.98,1.0,1.0,0.98,1.04,0.97,1.02,1.04,1.0,0.99,1.0,0.98,0.97,0.98,1.04,1.13,Johnny Cueto,456501,SL,33,2024,1.12,24.5,3.5,18.0,2.8,83.5,0.7,2
0.99,0.97,1.0,1.0,0.94,1.01,1.01,1.07,1.05,1.0,1.02,1.0,0.95,0.97,1.03,1.01,1.01,Xzavion Curry,675540,SL,239,2025,1.01,7.3,5.3,5.5,5.4,26.6,20.4,10
0.99,0.96,1.0,1.0,0.97,0.99,1.02,0.97,1.03,1.0,1.0,1.0,0.98,0.95,0.99,1.01,0.97,John Curtiss,595928,SL,54,2025,0.99,3.8,1.5,3.2,1.8,15.8,8.0,10
1.08,0.54,1.02,0.98,0.66,1.04,1.14,1.45,1.03,0.89,1.04,0.98,0.85,0.91,0.47,1.02,1.95,Luis Curvelo,681168,SL,153,2026,1.26,4.6,2.3,3.1,2.2,17.8,8.3,10
1.0,0.84,0.99,1.01,1.1,0.96,1.03,0.93,1.03,0.93,1.0,1.0,1.08,0.84,1.15,1.0,0.69,Caden Dana,702674,SL,210,2025,1.01,19.3,5.0,12.6,5.5,76.6,19.4,10
1.02,0.74,1.0,1.02,1.04,1.0,0.99,1.34,0.99,1.06,1.06,1.0,0.94,0.8,1.15,1.01,0.98,Yu Darvish,506433,SL,453,2025,1.08,19.4,2.3,14.4,2.4,79.5,6.7,10
1.02,1.11,0.98,0.97,1.07,0.88,0.54,0.66,0.89,0.94,0.89,1.0,1.2,0.77,0.75,0.95,-1.04,Nick Davila,689546,SL,78,2026,0.91,4.1,0.7,3.1,0.7,17.3,5.6,7
0.44,1.0,1.04,1.03,1.95,1.09,0.44,0.83,0.56,1.03,1.03,1.01,1.21,0.83,1.2,0.78,0.42,Tyler Davis,699823,SL,91,2026,0.39,5.0,1.6,3.3,1.2,19.1,7.8,10
1.5,1.03,1.04,0.96,0.67,0.88,2.16,1.26,1.25,1.05,0.88,0.97,0.76,0.96,0.96,1.15,-1.5,Enmanuel De Jesus,646241,SL,36,2026,1.36,5.3,1.6,3.6,1.6,21.3,6.4,10
0.94,0.76,0.98,0.99,0.83,0.88,0.91,1.89,1.0,0.87,0.95,1.0,1.01,0.99,0.37,0.96,3.13,Enyel De Los Santos,660853,SL,111,2026,1.47,3.8,0.8,3.0,1.4,14.0,5.3,10
1.06,1.0,1.0,1.0,0.99,0.98,1.04,0.99,1.0,0.99,0.99,1.0,0.99,1.01,0.99,1.01,0.98,Yerry De los Santos,660787,SL,56,2025,1.07,6.9,3.6,4.5,3.2,28.6,15.1,10
1.03,0.96,1.0,1.0,1.02,1.01,1.25,1.0,0.97,1.0,1.0,1.0,1.02,0.99,0.99,1.0,1.17,Anthony DeSclafani,543101,SL,139,2025,1.07,13.4,2.9,9.5,2.6,50.7,13.8,10
0.85,1.25,1.02,0.98,0.94,0.94,1.02,0.7,0.98,1.0,1.1,1.0,1.07,1.08,0.75,1.01,-1.91,Reid Detmers,672282,SL,354,2026,0.87,24.1,2.5,17.3,4.2,94.7,4.1,10
1.04,0.96,1.0,1.17,0.99,1.06,1.19,1.08,1.0,1.05,1.06,1.02,0.94,0.93,0.7,1.01,1.79,Alexis Diaz,664747,SL,557,2025,0.95,4.4,1.4,2.9,1.0,20.0,7.6,10
0.78,1.18,1.01,1.08,1.14,1.03,0.96,0.41,0.93,0.95,1.04,1.03,1.06,1.03,0.58,0.97,1.47,Edwin Diaz,621242,SL,1004,2026,0.63,4.5,1.4,2.6,1.6,17.8,7.9,10
0.97,0.99,1.0,1.0,0.98,0.99,0.97,1.02,1.04,1.0,1.0,1.0,0.99,1.0,1.07,1.01,1.0,Jhonathan Diaz,646242,SL,35,2024,1.02,8.7,9.0,5.3,6.1,32.0,28.5,6
0.97,1.0,1.0,1.0,1.04,1.01,0.97,0.97,1.01,1.0,0.99,1.0,1.02,1.0,0.98,1.0,0.91,Yilber Diaz,700270,SL,149,2025,1.01,16.8,5.2,11.5,4.9,66.0,18.7,8
1.02,0.86,1.01,1.0,1.24,1.08,1.04,0.9,1.0,1.03,0.99,1.01,0.99,0.92,1.31,1.02,0.88,Hunter Dobbins,690928,SL,280,2026,0.94,17.0,3.8,12.1,3.8,63.7,15.8,10
1.01,0.99,1.0,0.99,1.01,0.99,0.97,1.01,0.97,1.0,1.0,1.0,1.01,0.99,1.02,0.99,0.94,Randy Dobnak,677976,SL,79,2025,1.03,10.5,5.5,7.3,5.0,43.5,20.5,6
1.17,1.33,1.04,1.0,1.35,1.25,0.95,1.13,1.02,1.11,0.92,1.02,1.02,0.92,1.33,1.04,-0.15,Chase Dollander,801403,SL,108,2026,1.06,18.9,7.6,13.2,6.3,74.2,31.7,10
1.5,0.89,1.0,1.02,0.63,1.22,2.16,0.95,1.25,0.96,1.07,1.01,0.76,0.92,1.01,1.2,1.07,Wilber Dotel,696062,SL,32,2026,1.29,8.3,3.1,6.3,4.2,32.8,11.5,6
0.99,1.26,1.02,0.98,2.83,1.1,1.04,0.01,0.97,1.08,1.02,1.03,1.43,1.31,1.3,1.03,-2.14,Camilo Doval,666808,SL,73,2026,0.79,3.2,1.5,2.2,0.8,13.3,6.7,10
0.99,0.89,1.01,1.02,1.12,0.94,0.78,0.47,1.0,0.99,1.1,1.03,1.07,1.03,0.71,0.97,2.53,Jack Dreyer,676263,SL,138,2026,0.82,4.4,1.2,3.0,1.3,18.4,4.7,10
0.83,1.04,0.96,0.97,1.3,0.71,0.44,0.49,1.16,1.09,1.12,1.0,1.07,1.05,0.94,0.88,0.05,Shane Drohan,675660,SL,74,2026,0.52,9.8,5.7,7.3,4.1,36.6,19.1,10
0.98,0.85,1.03,1.02,1.0,1.17,2.03,1.16,0.54,0.97,0.9,1.0,0.95,0.87,0.68,0.97,2.15,Connelly Early,813349,SL,66,2026,1.09,23.3,3.0,16.6,3.6,88.9,5.9,10
1.02,0.99,1.0,1.0,1.08,0.99,0.94,0.98,1.02,1.0,1.01,1.0,0.97,1.0,0.99,1.0,1.18,Jake Eder,671109,SL,55,2025,0.99,8.5,7.9,5.5,5.3,33.2,29.4,10
0.94,0.98,1.0,1.1,1.17,1.04,0.99,0.65,1.0,0.9,1.0,0.97,1.15,0.79,1.03,1.01,2.1,Brandon Eisert,685126,SL,526,2026,0.95,4.6,2.1,2.7,1.5,20.9,8.5,10
0.91,1.2,1.01,0.97,0.97,1.02,1.03,0.73,1.02,1.0,1.06,0.97,1.01,1.01,0.72,0.97,-1.87,Bryce Elder,693821,SL,291,2026,0.77,24.4,3.9,17.8,3.4,85.4,13.0,10
0.96,1.05,0.99,0.96,1.15,0.95,0.93,0.82,1.0,0.98,0.94,0.99,1.06,1.11,1.44,0.98,0.29,Fraser Ellard,686642,SL,185,2025,0.97,4.6,2.4,2.6,1.9,20.6,11.0,10
0.91,1.03,0.99,1.0,1.01,0.95,1.0,0.98,0.97,1.0,1.02,1.0,1.04,1.03,0.97,0.97,1.13,Nic Enright,663671,SL,135,2025,0.98,4.6,2.3,2.9,1.7,18.6,9.7,10
0.9,1.12,0.97,1.0,0.85,0.86,0.93,0.84,0.97,0.81,0.94,0.98,1.15,0.96,0.47,0.94,-1.14,Lucas Erceg,668674,SL,121,2026,0.96,4.6,1.3,2.4,1.0,17.0,6.0,10
1.06,0.66,1.0,0.93,0.85,1.08,1.09,1.78,1.0,1.0,1.13,0.96,0.7,0.73,1.2,1.02,1.14,Joey Estes,683155,SL,303,2025,1.16,20.2,4.7,12.9,4.7,74.2,16.5,10
0.99,0.78,0.99,0.96,0.86,0.96,0.9,1.47,0.99,0.96,0.98,1.02,0.9,0.75,1.13,0.99,1.23,Carlos Estevez,608032,SL,552,2025,1.09,4.1,1.2,2.5,0.7,17.5,5.3,10
1.02,0.96,1.0,1.06,1.23,0.99,1.15,1.1,1.0,0.95,0.95,1.03,1.05,1.05,0.98,1.0,1.61,Jeremiah Estrada,669093,SL,29,2026,1.09,3.6,1.2,2.4,1.1,13.3,4.7,10
1.01,1.01,1.0,1.0,1.01,0.97,1.03,0.93,1.0,1.01,0.99,1.0,1.03,1.02,0.98,0.99,0.83,Alex Faedo,656412,SL,399,2024,1.01,6.5,2.0,3.9,1.9,29.4,7.5,10
1.02,0.89,0.99,0.99,0.97,1.01,1.16,1.03,1.0,1.02,0.92,0.99,1.0,0.87,1.09,0.99,-0.22,Pete Fairbanks,664126,SL,48,2026,0.97,3.5,1.0,2.4,0.7,16.1,6.3,10
1.05,0.96,1.03,1.11,1.37,1.2,1.0,1.67,1.02,0.88,1.01,0.98,0.92,0.78,1.06,1.02,1.74,Bailey Falter,663559,SL,41,2026,1.18,13.7,4.9,7.4,4.0,50.2,22.2,10
1.03,0.99,1.0,0.99,0.97,0.99,0.99,1.06,1.02,1.01,0.98,1.0,0.98,1.01,1.09,0.99,1.11,Buck Farmer,571656,SL,405,2024,1.04,3.5,0.5,2.2,1.2,15.3,4.2,10
0.96,0.8,1.0,1.01,0.83,0.92,0.89,1.32,0.98,1.07,0.97,1.04,0.98,0.69,1.05,1.01,2.64,Ryan Feltner,663372,SL,90,2026,1.09,20.0,5.7,14.0,4.9,73.8,18.4,10
1.15,1.36,1.01,0.93,0.94,1.24,0.99,1.14,0.93,1.03,1.0,1.05,1.26,1.22,0.4,0.95,0.93,Jose Fermin,820862,SL,152,2026,1.33,3.9,1.4,2.3,1.3,17.8,7.9,10
1.18,1.29,0.98,1.0,0.95,0.96,1.14,0.32,0.97,1.07,1.09,1.01,1.18,1.39,0.69,1.0,0.31,Ryan Fernandez,681676,SL,892,2026,1.06,5.7,1.3,3.4,1.5,21.5,6.2,10
0.85,1.21,0.97,0.89,0.56,0.95,0.92,1.94,1.04,1.01,0.96,1.03,0.72,0.95,0.57,0.98,0.01,Jose A. Ferrer,678606,SL,59,2026,1.09,3.3,1.6,2.5,1.0,12.7,6.1,10
1.03,0.91,1.02,1.06,1.0,1.04,0.93,0.97,1.0,1.04,1.03,1.01,0.95,0.92,0.55,1.01,1.14,David Festa,701581,SL,585,2025,0.95,20.9,3.0,14.9,2.5,81.5,7.2,10
1.04,1.0,1.0,1.0,1.0,0.99,0.97,1.03,1.02,1.0,1.0,1.0,1.0,1.0,1.01,1.0,0.94,J.P. Feyereisen,656420,SL,43,2024,1.05,4.9,3.1,3.0,1.6,17.5,6.8,10
0.83,0.99,0.99,1.03,1.12,0.92,0.88,0.95,0.94,0.89,1.01,1.0,1.19,1.06,0.7,0.94,0.69,Kyle Finnegan,640448,SL,47,2026,1.03,4.7,0.9,2.4,1.2,16.1,4.7,10
1.0,1.04,0.99,0.85,1.46,1.01,0.82,0.95,0.98,0.93,1.03,1.03,1.21,0.93,0.45,0.97,2.64,Braydon Fisher,680755,SL,240,2026,1.17,4.0,1.2,3.0,0.9,15.9,7.2,10
1.12,0.82,1.01,1.03,1.04,1.04,1.2,1.08,0.96,0.99,1.04,1.01,0.93,0.78,0.94,1.03,0.74,Richard Fitts,690916,SL,302,2025,1.02,17.0,5.5,11.2,4.8,66.1,22.0,10
1.01,1.11,1.0,1.02,0.74,1.08,1.21,1.77,1.0,1.0,0.93,0.98,0.73,0.92,1.3,1.01,1.78,Jack Flaherty,656427,SL,264,2026,1.15,20.4,3.1,13.3,4.0,86.4,10.8,10
1.0,1.0,1.0,1.0,1.1,0.99,1.04,0.93,0.98,1.0,1.0,1.0,1.03,0.98,0.96,1.0,0.53,Chris Flexen,623167,SL,60,2025,1.0,11.1,5.2,7.2,3.5,42.5,19.0,10
0.96,1.0,1.0,1.0,0.96,0.97,0.99,0.99,0.99,0.98,0.99,1.0,0.97,1.0,0.94,0.99,1.15,Dylan Floro,571670,SL,274,2024,0.98,5.5,3.4,3.5,2.2,20.6,13.0,10
0.96,0.98,1.0,1.0,0.97,0.99,0.91,1.0,1.01,0.99,1.0,1.0,0.99,1.0,0.96,0.99,0.97,Jason Foley,671345,SL,285,2024,0.99,3.3,1.1,2.3,1.3,12.1,4.4,10
0.54,1.14,0.99,1.01,1.34,0.88,0.54,1.0,0.89,1.03,0.93,0.99,0.98,0.94,0.77,0.83,-0.91,Cameron Foster,671382,SL,41,2026,0.42,8.2,1.6,3.8,2.0,31.5,7.4,6
1.08,0.97,1.0,1.0,0.97,1.0,1.06,1.07,0.99,1.0,1.0,1.0,0.98,0.98,1.0,1.01,1.03,Matt Foster,641582,SL,33,2024,1.1,5.0,2.5,3.3,1.8,18.0,5.1,6
1.04,0.99,1.01,1.05,0.99,1.08,0.96,1.1,1.0,1.0,0.94,0.96,0.95,1.08,1.21,1.0,0.64,Bowden Francis,670102,SL,211,2025,1.06,19.8,3.8,12.4,4.7,78.7,10.5,10
1.36,0.93,0.98,0.99,1.41,0.81,0.44,1.59,0.77,1.02,0.99,0.99,0.93,0.88,0.82,0.84,0.71,Jose Franco,683742,SL,124,2026,1.11,8.8,3.3,5.1,2.0,33.3,11.7,9
1.0,1.0,1.0,1.0,1.0,1.0,1.0,1.0,1.0,1.0,1.0,1.0,1.0,1.0,1.0,1.0,1.0,Adam Frazier,624428,SL,14,2026,1.03,4.7,3.8,0.7,1.2,15.0,12.5,3
1.03,1.01,1.0,1.0,1.0,1.01,0.97,0.98,0.99,1.0,1.0,1.0,0.98,0.98,1.0,1.01,0.85,Luis Frias,666818,SL,36,2024,1.02,5.0,1.7,2.4,1.7,21.9,10.7,10
0.54,1.08,1.0,1.03,0.94,1.17,0.54,1.31,1.07,1.0,0.97,1.0,1.04,1.03,0.89,0.84,1.34,Didier Fuentes,800311,SL,98,2026,0.66,4.9,2.7,3.1,2.6,23.4,12.4,10
0.95,0.97,1.0,0.98,1.2,0.98,0.97,0.89,0.99,1.02,0.92,1.01,1.03,0.9,0.98,1.0,1.58,Carson Fulmer,608334,SL,317,2025,0.95,9.0,5.5,6.4,4.0,34.3,23.3,10
0.93,0.8,1.02,1.06,1.23,0.98,0.74,0.94,0.99,0.95,1.06,1.04,0.99,1.09,1.3,1.01,2.85,Hunter Gaddis,683769,SL,126,2026,0.99,3.9,0.9,2.6,1.1,14.3,4.0,10
1.08,1.19,0.99,0.99,1.05,1.03,0.92,0.92,1.01,0.94,0.96,0.98,1.0,0.66,0.91,1.01,0.56,Matt Gage,657424,SL,179,2026,0.94,3.2,1.4,2.1,1.5,12.4,7.3,10
0.99,1.01,1.0,0.99,1.06,0.99,0.99,1.0,1.01,1.0,1.0,1.0,1.03,1.01,0.96,1.0,1.01,Giovanny Gallegos,606149,SL,197,2024,1.05,5.3,3.1,3.2,2.9,21.8,11.9,10
1.06,1.06,1.02,1.02,2.29,1.0,1.39,0.45,0.98,0.96,1.01,1.03,1.38,1.0,0.99,1.01,2.24,Zac Gallen,668678,SL,234,2026,1.05,22.0,4.7,14.7,2.9,85.1,14.4,10
0.94,0.99,0.99,1.0,0.97,0.96,0.94,0.96,0.98,1.0,1.02,1.0,1.02,1.01,0.98,0.98,1.13,Gerson Garabito,642520,SL,51,2025,0.99,8.4,5.8,4.8,3.3,31.3,19.1,10
0.84,1.01,0.99,0.91,2.22,0.87,0.88,1.07,0.96,1.0,0.98,1.03,1.29,1.06,0.38,0.96,3.59,Rico Garcia,670329,SL,74,2026,1.18,3.6,1.7,2.4,1.7,13.7,7.7,10
1.0,0.79,1.01,1.03,0.78,0.92,0.98,1.38,1.02,1.0,1.02,1.0,0.76,0.76,0.88,1.02,1.18,Robert Garcia,676395,SL,411,2025,0.97,3.9,1.5,2.5,1.3,17.6,4.8,10
1.04,1.0,1.0,1.0,0.97,1.0,1.08,1.01,0.97,0.99,1.0,1.0,0.97,1.01,0.99,1.01,1.03,Amir Garrett,607237,SL,66,2024,1.06,4.0,0.9,2.5,0.5,17.3,7.0,6
0.97,0.98,1.0,1.0,1.05,0.99,0.97,1.01,0.98,1.0,1.01,1.0,1.02,0.98,0.99,0.99,1.0,Braxton Garrett,666129,SL,55,2024,1.01,20.9,5.7,13.7,6.8,79.6,15.2,9
1.06,0.86,1.01,1.02,0.86,0.98,1.01,1.15,0.97,0.94,0.77,0.98,1.06,0.95,0.29,1.01,2.08,Kevin Gausman,592332,SL,87,2026,1.27,23.7,1.3,17.1,2.1,93.0,5.2,10
1.0,1.0,1.0,1.0,1.0,1.0,1.0,1.0,1.0,1.0,1.0,1.0,1.0,1.0,1.0,1.0,1.0,Joey Gerber,680702,SL,21,2026,1.03,8.0,1.7,6.3,0.6,36.7,9.0,3
1.02,1.02,1.0,1.01,0.97,1.0,1.08,1.04,1.0,1.0,1.01,1.0,1.0,1.01,1.01,1.0,0.85,Paul Gervase,801434,SL,40,2025,1.05,7.6,3.5,4.9,2.7,25.9,13.3,8
0.99,0.98,1.0,1.01,0.96,1.01,0.94,1.02,1.05,1.0,1.01,1.0,0.96,0.99,1.02,1.0,0.98,Ian Gibaut,664139,SL,57,2025,0.98,4.6,1.7,3.3,1.6,17.0,6.6,10
0.99,0.89,1.01,0.93,1.16,1.02,0.89,1.05,0.98,1.1,1.0,0.99,1.06,0.71,0.75,1.0,1.57,Cade Gibson,806188,SL,103,2026,1.04,5.5,3.5,3.3,2.2,23.4,15.7,10
0.54,1.21,1.05,1.04,1.6,1.9,0.54,0.76,0.89,0.95,1.06,1.01,1.42,0.78,0.85,0.87,-1.01,Trey Gibson,694346,SL,42,2026,0.54,18.3,7.4,12.0,6.1,72.3,37.2,3
1.01,1.0,1.02,1.06,0.77,1.09,0.99,1.84,1.01,1.07,0.95,0.99,0.53,0.96,1.83,1.0,3.47,Luis Gil,661563,SL,71,2026,0.99,22.2,2.1,15.9,2.7,86.8,5.7,10
1.25,1.06,1.04,1.16,1.1,1.19,1.3,0.54,0.99,0.86,1.08,1.0,0.87,1.12,0.38,1.09,-1.12,Logan Gilbert,669302,SL,240,2026,0.89,23.3,2.2,17.1,2.8,91.9,4.5,10
0.99,1.24,1.0,1.04,1.07,1.05,0.79,1.19,0.97,0.99,1.01,0.99,1.27,1.2,0.91,0.95,-1.3,Kevin Ginkel,656464,SL,196,2026,1.24,3.1,0.9,2.0,0.8,12.9,3.2,10
0.95,1.17,0.98,1.03,1.09,0.94,1.26,0.72,1.03,0.97,0.94,1.0,1.13,0.92,1.16,1.0,-1.7,J.T. Ginn,669372,SL,155,2026,0.87,21.3,5.4,15.9,5.7,81.9,17.2,10
0.99,0.98,1.0,1.01,0.99,0.97,1.02,0.99,0.97,1.01,1.0,1.0,1.01,1.02,1.03,1.0,0.89,Sawyer Gipson-Long,687830,SL,99,2025,1.04,16.6,5.8,11.9,4.5,57.8,18.9,8
1.01,1.08,1.0,1.15,1.32,0.98,1.02,0.54,0.97,1.09,0.98,1.04,1.14,1.2,0.75,0.98,0.47,Tyler Glasnow,607192,SL,96,2026,0.83,21.1,7.1,16.0,6.5,84.3,30.8,10
1.06,0.81,1.0,1.04,1.05,1.05,1.06,1.23,1.01,0.99,1.02,0.98,0.99,0.7,1.0,1.02,1.34,Austin Gomber,596295,SL,590,2025,1.1,22.8,2.9,14.1,2.2,84.2,6.5,10
1.15,1.02,1.0,0.99,0.96,1.05,1.18,1.03,0.96,1.0,1.0,1.0,0.97,1.0,0.98,1.05,1.14,Tony Gonsolin,664062,SL,98,2025,1.19,22.4,2.8,15.1,2.4,86.6,6.9,7
1.5,0.92,1.01,0.97,1.34,1.05,0.54,0.54,1.25,0.99,1.03,1.0,0.98,1.02,0.8,1.18,0.8,Domingo Gonzalez,682445,SL,33,2026,1.27,6.0,1.4,3.8,1.0,22.5,9.6,4
0.97,1.0,1.0,1.0,1.12,1.0,0.97,1.0,0.99,1.0,0.99,1.0,1.01,0.98,0.98,0.99,1.01,Victor Gonzalez,624647,SL,110,2024,0.99,3.9,1.4,2.7,1.2,13.9,4.7,10
1.02,0.9,1.0,1.05,0.95,1.1,0.94,0.98,1.0,1.01,1.0,0.98,1.02,0.8,1.12,1.0,1.51,Colton Gordon,676467,SL,11,2026,0.99,13.3,5.2,8.5,4.6,52.2,20.6,10
1.05,0.8,1.01,0.95,0.96,0.98,0.98,1.23,1.04,0.85,1.03,1.01,0.77,0.78,0.4,1.03,2.91,Tanner Gordon,685299,SL,161,2026,1.03,17.4,5.8,11.5,3.1,66.0,14.5,10
1.18,0.74,1.0,1.06,0.71,1.09,0.87,1.08,0.98,0.87,0.96,1.0,0.93,0.9,0.75,0.99,2.23,MacKenzie Gore,669022,SL,97,2026,1.1,21.0,5.7,14.8,5.8,88.0,22.0,10
1.05,0.98,1.0,1.0,0.99,1.01,1.04,1.0,1.01,1.0,1.0,1.0,1.0,0.99,0.99,1.02,1.0,Anthony Gose,543238,SL,35,2024,1.08,7.3,1.5,3.7,0.6,26.3,6.8,3
0.94,0.91,1.01,0.98,1.5,0.94,0.81,1.23,1.03,0.99,1.09,1.04,1.16,0.61,0.33,0.97,1.27,Gordon Graceffo,700669,SL,91,2026,1.02,4.1,1.9,3.3,1.9,12.8,6.0,10
1.11,0.68,1.02,0.93,0.75,0.89,1.05,1.79,1.03,0.96,0.87,0.96,0.49,0.44,0.92,0.98,1.48,Andre Granillo,701552,SL,117,2026,0.89,5.7,3.2,3.0,2.1,23.0,10.3,10
0.97,1.02,1.0,1.0,1.04,0.99,0.97,1.01,0.99,1.0,1.01,1.0,1.03,1.01,1.0,0.99,1.01,Brusdar Graterol,660813,SL,31,2024,1.03,3.7,1.4,3.3,1.3,14.4,7.0,7
0.94,1.02,1.0,1.0,1.03,1.0,1.06,1.01,1.04,1.0,0.99,1.0,1.0,1.02,1.01,1.0,1.0,Kendall Graveman,608665,SL,71,2025,0.99,4.2,1.4,2.4,0.7,17.4,7.8,10
1.03,0.99,1.0,0.99,0.79,0.95,1.0,1.45,1.01,1.0,1.04,1.02,0.78,0.94,0.83,1.0,1.23,Jon Gray,592351,SL,799,2025,1.04,13.3,7.0,9.4,6.1,44.2,23.8,10
1.0,0.98,1.0,1.0,1.0,1.0,1.02,1.02,0.99,0.99,1.0,1.0,0.98,1.0,0.98,1.01,1.11,Josiah Gray,680686,SL,65,2024,1.04,22.0,0.0,12.0,1.4,87.5,12.0,2
1.06,0.67,1.01,1.03,2.13,1.09,0.54,1.15,0.93,1.01,0.93,1.0,0.9,0.75,0.83,0.94,2.55,Peyton Gray,682608,SL,49,2026,0.78,7.1,4.1,4.8,2.8,27.4,13.1,10
1.08,0.95,1.0,0.99,1.05,1.05,1.18,0.9,0.97,0.97,0.93,1.01,1.08,0.9,0.75,1.01,1.3,Chad Green,643338,SL,666,2025,1.09,4.7,1.4,2.6,0.8,17.0,5.0,10
1.0,1.07,0.99,1.01,0.8,0.92,1.19,1.23,1.0,1.0,1.0,1.02,0.91,1.26,1.17,0.98,1.43,Hunter Greene,668881,SL,1492,2025,1.1,22.6,4.1,17.4,5.3,94.0,8.7,10
1.01,1.0,1.0,1.01,1.11,0.98,0.95,0.92,0.97,1.0,1.0,1.0,1.04,0.99,0.99,0.99,0.89,Michael Grove,675627,SL,438,2024,1.0,5.1,2.5,3.5,2.2,18.4,7.8,10
1.0,0.9,1.0,0.98,0.96,0.97,0.85,0.93,0.96,0.97,1.0,0.92,0.98,0.83,2.82,0.99,-0.15,Sean Guenther,674944,SL,120,2025,0.96,4.6,2.0,3.2,1.9,16.1,8.0,10
0.96,1.01,1.0,0.99,0.96,0.99,0.91,1.0,1.0,1.0,0.99,1.0,0.99,1.0,0.99,1.01,0.82,Luis Guerrero,692285,SL,124,2025,1.02,5.9,2.2,3.7,2.4,24.5,11.2,10
1.0,1.19,1.0,1.01,0.89,0.98,0.96,0.94,1.0,1.02,1.06,0.98,0.98,1.52,0.75,0.98,0.74,Josh Hader,623352,SL,669,2025,1.12,5.1,1.7,3.9,1.4,22.7,8.7,10
0.99,1.0,1.0,1.0,1.0,0.99,0.94,0.97,0.98,1.0,1.01,1.0,1.0,1.0,0.99,0.99,1.04,Justin Hagenman,663795,SL,74,2025,1.0,11.0,5.3,8.0,3.4,42.4,23.4,9
1.0,0.92,1.01,1.06,0.93,0.98,0.98,1.04,1.02,1.01,0.99,0.99,0.96,0.84,1.41,0.99,0.5,DL Hall,669084,SL,30,2026,0.91,4.8,1.9,3.5,1.4,20.8,8.8,10
0.97,1.08,0.99,1.06,0.79,0.96,1.13,1.71,0.99,1.08,0.95,1.0,0.7,1.17,1.11,1.02,-1.3,Seth Halvorsen,678020,SL,57,2026,1.06,4.6,1.8,2.7,1.1,17.9,6.7,10
0.94,1.13,1.0,0.87,0.77,1.0,1.01,0.95,1.0,0.84,1.12,1.02,0.84,1.29,0.46,1.01,1.63,Ian Hamilton,641656,SL,580,2025,1.04,3.9,2.2,2.4,1.6,14.5,9.0,10
1.01,0.92,1.0,0.95,1.76,0.94,0.82,0.79,1.01,0.95,0.92,1.02,1.23,0.8,0.63,1.0,0.96,Brenan Hanifee,669724,SL,35,2026,1.03,4.5,2.5,3.3,2.7,14.3,8.2,10
1.21,0.44,1.01,0.97,1.07,1.12,1.03,1.25,1.0,0.97,0.99,1.03,0.79,0.67,0.92,1.04,3.07,Kyle Hart,606996,SL,117,2026,1.07,5.0,3.2,3.5,2.4,19.1,12.0,10
1.1,1.07,1.0,0.97,0.87,1.02,1.35,1.1,1.0,1.01,0.96,1.0,0.89,0.92,0.41,1.03,1.16,Geoff Hartlieb,664129,SL,93,2025,1.08,7.4,2.8,4.1,2.0,27.3,9.1,9
1.0,0.94,1.0,0.99,1.1,1.0,1.01,0.8,1.0,1.0,0.96,1.0,1.03,0.96,0.75,1.02,0.75,Hunter Harvey,640451,SL,80,2026,0.99,4.0,1.4,2.6,0.7,16.3,6.8,10
1.01,0.99,1.0,1.0,0.99,1.01,0.99,1.04,0.98,1.0,1.01,1.0,1.0,0.98,1.0,0.99,1.06,Thomas Hatch,641672,SL,108,2025,1.03,13.0,6.7,8.6,4.9,51.1,27.2,10
1.08,1.29,1.01,1.05,0.82,1.08,1.06,0.76,1.02,0.85,1.0,0.98,0.99,1.48,0.79,1.02,2.28,Brent Headrick,687396,SL,141,2026,1.18,4.4,1.3,2.8,1.0,15.9,5.9,10
1.02,1.14,1.01,0.96,1.01,1.05,1.08,0.85,1.0,1.01,1.06,0.96,0.91,1.02,0.68,1.03,0.6,Andrew Heaney,571760,SL,1084,2025,0.98,14.6,6.3,8.7,4.0,57.0,21.5,10
1.0,1.0,1.0,1.0,1.0,1.0,1.0,1.0,1.0,1.0,1.0,1.0,1.0,1.0,1.0,1.0,1.0,Jonathan Heasley,669169,SL,21,2026,1.03,9.6,6.8,5.6,3.4,34.2,22.2,5
0.89,1.05,0.98,1.03,1.02,0.78,0.83,0.97,0.96,0.99,1.13,1.04,0.98,1.29,0.85,1.0,0.73,Ryan Helsley,664854,SL,911,2025,1.02,3.7,0.9,2.4,0.7,15.3,4.5,10
1.0,1.05,1.0,1.01,0.97,0.99,1.05,1.02,1.01,0.99,1.01,1.0,1.0,1.04,0.97,1.0,1.06,Liam Hendriks,521230,SL,74,2025,1.05,4.1,1.3,2.7,1.4,14.9,6.3,10
1.06,1.11,0.98,1.0,1.07,0.91,1.42,1.25,0.73,1.04,0.94,1.01,1.02,1.11,1.17,0.99,0.56,Edgardo Henriquez,683618,SL,86,2026,1.24,4.6,1.6,3.3,0.8,17.8,7.5,10
1.05,0.99,1.0,1.02,1.18,1.19,1.01,0.78,0.9,1.03,1.07,1.02,1.14,1.11,0.86,0.98,1.68,Ronny Henriquez,678692,SL,371,2025,1.05,5.1,1.4,3.4,0.8,19.6,4.7,10
1.0,1.0,1.0,1.0,1.0,1.0,1.0,1.0,1.0,1.0,1.0,1.0,1.0,1.0,1.0,1.0,1.0,Sam Hentges,656529,SL,42,2026,1.03,4.1,1.9,2.4,1.3,17.9,9.4,10
0.87,0.71,0.98,0.79,0.73,1.02,0.89,1.91,1.03,1.09,1.05,1.0,0.61,1.05,0.43,0.98,3.64,Jimmy Herget,623474,SL,82,2026,1.18,4.7,1.5,2.2,0.6,19.2,6.5,10
1.08,0.93,1.0,1.07,0.86,1.02,0.96,1.2,0.96,0.91,1.0,1.01,0.92,1.0,0.8,1.0,1.02,Carlos Hernandez,672578,SL,235,2025,1.09,4.6,2.1,3.0,1.9,18.1,6.4,10
0.99,1.14,1.0,0.93,1.06,0.93,0.88,0.68,0.98,1.04,0.95,1.03,1.14,1.06,0.7,0.98,0.71,Daysbel Hernandez,678226,SL,581,2025,0.99,4.5,2.7,2.2,1.3,19.7,11.6,10
0.98,1.09,1.0,0.99,0.9,0.96,0.98,0.96,1.0,1.0,0.97,1.02,1.04,1.11,1.01,1.0,1.03,Jonathan Hernandez,642546,SL,410,2026,1.07,5.4,3.0,3.8,1.8,20.2,8.9,10
1.01,1.0,1.0,1.0,0.98,1.0,1.04,1.0,1.0,1.0,1.0,1.0,0.99,1.01,0.98,1.01,0.93,Jose E. Hernandez,669796,SL,59,2024,1.04,3.4,0.8,2.1,1.6,12.7,2.6,7
1.05,1.02,1.0,1.01,0.9,1.01,1.13,1.04,1.0,1.01,0.96,0.95,0.93,0.98,0.96,1.01,0.97,Nick Hernandez,663321,SL,182,2025,1.06,5.2,2.9,3.1,2.0,22.1,14.3,10
1.0,1.0,1.0,1.0,1.0,1.0,1.0,1.0,1.0,1.0,1.0,1.0,1.0,1.0,1.0,1.0,1.0,Welinton Herrera,700327,SL,10,2026,1.03,3.3,0.6,2.3,1.2,15.0,5.2,3
1.0,0.99,1.02,0.99,1.11,1.12,0.96,0.64,1.01,0.89,0.98,1.01,1.07,1.21,0.41,1.0,1.43,Tim Herrin,682120,SL,105,2026,1.0,3.4,0.5,1.9,0.9,13.1,3.6,10
0.98,0.99,1.0,1.0,0.98,1.0,1.06,0.98,0.96,0.99,1.0,1.0,0.99,0.98,0.95,0.99,1.06,DJ Herz,687792,SL,283,2024,0.99,20.1,2.5,14.2,2.9,84.4,6.1,10
0.96,0.9,1.02,0.91,0.79,1.09,0.99,0.95,1.02,1.02,0.9,1.03,0.81,1.17,0.67,1.02,-0.28,Jaden Hill,677955,SL,108,2026,0.89,3.6,1.3,2.6,1.5,14.4,7.1,10
1.0,1.0,1.0,1.0,1.0,1.0,1.0,1.0,1.0,1.0,1.0,1.0,1.0,1.0,1.0,1.0,1.0,Tim Hill,657612,SL,31,2026,1.03,3.5,1.9,1.6,1.3,11.9,6.4,10
1.0,0.96,0.99,0.93,1.4,0.98,0.94,0.88,1.0,0.97,1.0,1.01,1.16,0.95,0.9,1.0,1.46,Yaramil Hiraldo,682274,SL,100,2026,1.11,4.2,1.9,2.0,1.2,15.9,9.2,10
0.99,0.99,1.0,1.01,1.0,1.05,1.03,1.01,0.98,1.01,1.01,1.0,1.02,1.0,1.09,0.99,1.1,Porter Hodge,687863,SL,108,2025,1.02,4.1,1.9,2.5,0.5,19.1,9.2,10
0.94,1.02,1.0,1.0,1.0,0.99,0.94,0.97,1.05,0.99,0.98,1.0,0.99,1.0,0.97,1.01,0.8,Bryan Hoeing,663773,SL,179,2024,0.98,4.8,1.0,3.5,1.2,17.5,3.4,10
0.82,1.32,1.01,1.01,1.4,1.01,0.96,1.73,0.99,1.13,0.94,1.02,0.54,1.52,0.6,1.05,0.26,Jeff Hoffman,656546,SL,179,2026,0.98,4.1,1.4,2.4,0.5,18.6,6.1,10
1.26,0.86,0.96,1.01,1.6,0.67,1.75,1.08,0.81,0.98,0.86,1.0,1.04,0.88,0.98,0.87,1.05,Andrew Hoffmann,694851,SL,47,2026,0.99,6.9,2.2,3.9,2.2,27.5,7.4,10
1.09,1.01,1.0,1.0,0.97,0.99,1.2,0.98,0.99,1.0,1.0,1.0,1.01,0.97,0.96,1.05,1.46,Gunnar Hoglund,680684,SL,39,2025,1.17,23.0,2.4,16.0,1.1,91.0,5.9,6
0.96,1.01,0.99,1.1,0.92,0.87,0.93,1.12,1.0,0.91,0.91,1.0,0.96,0.98,0.29,0.98,0.87,Grant Holman,680880,SL,90,2025,0.99,4.8,1.4,2.4,1.4,17.5,5.1,10
1.35,1.37,1.0,0.94,1.43,1.1,0.91,0.13,1.02,1.13,1.1,0.99,1.04,1.31,0.43,1.07,-2.13,Grant Holmes,656550,SL,334,2026,0.91,22.1,3.9,15.4,2.9,82.9,10.5,10
0.99,0.98,1.0,1.0,0.98,0.97,0.98,1.04,0.97,1.0,1.0,1.0,1.02,0.97,1.04,1.0,1.03,Brent Honeywell,641703,SL,130,2024,1.07,5.8,1.1,4.9,1.2,23.1,5.5,10
0.88,1.17,1.01,1.01,1.47,1.08,0.54,0.89,1.41,0.99,0.96,1.01,0.93,1.04,1.01,1.15,-0.38,Alex Hoppe,695380,SL,110,2026,0.91,4.7,2.1,2.7,1.6,18.6,8.0,10
1.27,0.7,1.03,1.06,1.0,1.14,1.07,1.18,0.98,0.98,0.98,1.03,1.11,0.5,0.6,1.05,2.2,Adrian Houser,605288,SL,109,2026,1.26,23.0,2.7,15.3,2.7,83.5,8.9,10
1.02,0.98,1.0,1.0,0.96,0.98,1.03,1.03,0.98,0.99,1.01,1.0,0.98,1.0,1.01,1.0,1.1,Spencer Howard,675921,SL,135,2024,1.05,15.9,3.9,9.2,4.1,59.6,15.1,9
0.91,0.99,1.0,0.99,1.05,1.01,0.89,0.94,1.02,1.01,1.0,1.0,1.01,0.99,0.93,1.0,0.97,Dakota Hudson,641712,SL,363,2024,0.96,22.2,3.8,15.1,4.5,81.2,11.7,10
1.04,1.01,1.0,1.0,1.02,1.0,1.03,0.95,0.94,1.01,1.0,1.0,1.04,1.03,0.93,0.99,1.23,Daniel Hudson,543339,SL,409,2024,1.07,4.3,0.8,2.5,0.7,16.3,4.4,10
1.04,1.01,1.0,1.0,1.0,1.02,1.1,1.01,1.01,1.0,1.0,1.0,1.0,1.02,1.02,1.01,1.08,Brandon Hughes,676714,SL,139,2024,1.07,6.7,3.2,3.9,1.4,26.1,11.6,10
0.82,1.13,0.98,0.94,1.21,1.11,1.4,1.0,0.86,0.97,1.03,1.01,1.1,1.02,1.01,0.99,0.98,Tatsuya Imai,837227,SL,243,2026,1.04,17.7,5.3,12.6,6.2,80.6,23.2,7
1.09,0.98,1.0,1.0,0.96,1.01,1.17,1.06,1.02,0.99,1.0,1.0,0.98,0.99,0.98,1.02,1.23,Jay Jackson,543351,SL,252,2024,1.12,5.4,1.9,3.5,1.8,21.0,9.4,10
0.97,0.95,1.01,1.05,1.85,1.08,0.96,0.35,0.97,0.97,1.04,1.01,1.37,0.89,0.41,1.01,-0.57,Luke Jackson,592426,SL,854,2025,0.9,4.3,1.2,3.2,1.3,17.7,6.6,10
0.96,0.92,1.01,1.05,1.02,0.99,0.93,1.02,1.0,1.0,1.05,0.97,0.94,0.81,1.47,0.98,0.04,Kenley Jansen,445276,SL,27,2026,0.84,3.4,1.1,2.7,1.1,14.0,4.4,10
0.97,0.98,1.0,0.9,1.11,0.9,1.06,1.04,1.01,1.01,1.01,1.0,1.09,0.99,1.24,1.0,0.33,Bryce Jarvis,686826,SL,326,2025,1.13,8.6,6.5,5.3,5.3,35.7,26.1,10
0.97,1.01,1.0,1.0,0.99,1.0,0.97,1.0,1.01,1.0,1.0,1.0,0.99,1.01,1.01,0.99,1.07,Daulton Jefferies,641726,SL,69,2024,0.99,12.2,3.3,7.0,1.9,46.8,10.5,6
1.06,0.99,1.0,0.99,0.96,0.98,1.04,1.09,0.97,1.0,1.0,1.0,0.97,1.0,0.94,0.99,0.99,Dany Jimenez,666204,SL,262,2024,1.07,5.0,1.8,2.7,0.8,20.1,8.4,10
0.94,1.01,1.0,1.01,1.0,0.97,0.92,1.01,0.98,0.99,1.01,1.0,1.01,1.02,1.03,0.98,1.08,Joe Jimenez,641729,SL,539,2024,0.99,4.3,1.3,2.9,0.7,16.6,4.4,10
0.99,1.0,1.0,0.99,1.04,0.99,0.97,0.95,0.91,1.02,0.99,1.0,1.07,0.97,1.04,0.99,0.99,Jackson Jobe,695549,SL,275,2025,1.06,21.6,2.3,14.6,2.2,87.3,6.6,10
1.07,0.96,1.0,1.0,0.95,0.98,1.16,1.12,0.94,1.0,1.0,1.0,0.97,0.98,1.03,1.01,1.01,Ryan Johnson,696270,SL,16,2025,1.12,7.9,5.3,4.2,2.5,29.8,19.5,10
0.85,0.9,0.99,1.0,1.66,0.95,0.92,1.0,1.0,1.08,1.08,1.03,1.17,0.7,1.21,0.98,1.42,Seth Johnson,686751,SL,119,2026,0.9,5.7,2.9,3.1,1.4,23.5,12.3,10
0.98,1.04,1.0,1.05,1.13,1.03,0.98,0.89,1.0,1.01,1.1,1.02,0.98,1.09,0.94,0.99,1.03,Jared Jones,683003,SL,686,2026,0.9,22.4,3.1,15.4,3.5,86.7,6.7,10
1.0,0.99,1.0,1.0,1.08,1.0,0.97,0.98,1.01,1.0,0.99,1.0,1.02,1.0,1.03,1.0,0.94,Ben Joyce,690829,SL,82,2024,1.02,4.1,0.9,2.5,1.3,13.7,3.2,10
1.0,1.0,1.0,1.0,1.0,1.0,1.0,1.0,1.0,1.0,1.0,1.0,1.0,1.0,1.0,1.0,1.0,Gage Jump,695611,SL,19,2026,1.03,25.0,,15.0,,88.0,,1
0.95,0.92,0.98,0.92,0.73,0.76,0.89,1.36,1.0,1.01,0.9,0.95,0.77,0.63,3.41,0.98,-0.46,Jakob Junis,596001,SL,139,2026,0.86,4.7,2.5,3.5,2.0,16.7,9.5,10
0.98,0.66,0.99,1.0,1.03,1.01,0.93,1.2,1.01,1.0,1.09,1.0,1.13,0.55,1.25,1.02,1.1,Janson Junk,676083,SL,224,2026,1.13,23.6,3.4,16.7,2.2,87.4,13.0,10
0.54,1.52,1.01,0.97,1.86,1.05,0.54,0.29,0.54,1.01,0.96,1.0,1.42,1.07,0.99,0.87,-1.17,Anthony Kay,641743,SL,29,2026,0.62,21.8,3.4,14.6,3.3,88.9,7.9,10
0.92,0.95,1.0,0.93,0.91,0.93,1.1,1.58,0.98,1.11,1.0,1.01,0.69,0.76,1.4,0.93,-3.47,Brad Keller,641745,SL,87,2026,0.66,4.2,1.3,2.5,0.5,17.3,3.0,10
1.02,0.97,1.02,1.03,3.57,0.98,0.95,0.03,1.06,1.04,1.12,1.01,1.41,0.66,1.0,1.01,0.93,Mitch Keller,656605,SL,91,2026,0.58,23.3,1.6,16.9,3.2,87.4,9.9,10
1.09,0.99,1.0,1.0,0.98,1.01,1.0,1.05,1.01,1.01,1.0,1.0,1.0,0.98,1.07,1.0,0.91,Joe Kelly,523260,SL,120,2024,1.08,4.7,2.5,2.8,1.3,18.9,10.8,10
0.87,1.15,0.98,0.96,1.61,0.76,0.76,0.91,0.91,0.94,1.1,1.0,1.22,1.12,0.43,0.96,2.24,Merrill Kelly,518876,SL,115,2026,1.15,25.2,2.9,17.3,4.3,92.5,9.2,10
0.89,0.76,1.01,0.89,1.3,1.1,0.97,1.33,1.02,1.08,0.89,1.05,0.81,0.64,0.95,1.05,3.29,Michael Kelly,547184,SL,187,2026,0.94,5.0,2.2,2.3,0.9,19.1,10.1,10
1.1,1.06,1.01,0.96,0.72,1.11,0.96,1.69,1.0,1.13,1.01,1.01,0.78,1.02,1.2,1.03,-0.12,Zak Kent,687849,SL,71,2026,1.2,6.8,2.9,4.5,2.1,24.3,12.7,10
0.87,0.82,1.03,1.02,1.18,1.17,0.82,0.82,1.01,1.01,1.11,1.0,1.03,0.85,0.99,1.0,2.45,Clayton Kershaw,477132,SL,949,2025,0.86,18.8,5.8,13.7,4.9,73.7,22.3,10
0.88,0.86,1.02,1.06,0.96,1.14,0.94,1.43,0.99,0.99,1.05,1.01,1.06,0.89,0.8,1.02,0.61,Yusei Kikuchi,579328,SL,134,2026,1.17,20.6,4.6,14.2,4.0,82.3,18.9,10
2.11,0.93,1.01,1.0,0.67,1.19,3.18,1.47,1.12,1.02,1.09,1.01,0.9,1.08,1.05,1.24,0.43,Caleb Kilian,668873,SL,57,2026,2.06,4.8,1.4,3.2,1.7,19.3,6.8,10
1.2,0.86,1.02,0.93,1.35,1.0,1.26,0.97,0.99,1.16,0.94,0.96,1.09,0.68,1.47,1.05,-0.48,John King,667463,SL,79,2026,1.14,3.8,1.9,2.5,1.0,13.4,6.6,10
0.87,0.89,1.0,0.91,1.15,0.86,0.98,1.41,0.97,1.03,0.88,0.98,1.08,0.83,0.9,0.97,0.15,Michael King,650633,SL,60,2026,1.16,23.1,2.1,17.3,2.8,92.5,10.0,10
0.83,0.82,0.97,0.87,0.74,0.87,1.1,1.61,1.01,1.06,1.02,1.01,0.74,0.94,0.54,0.96,1.48,Tyler Kinley,641755,SL,270,2026,1.0,3.7,0.8,2.7,0.7,12.1,3.8,10
0.99,1.26,1.0,1.01,0.83,0.98,1.1,1.12,0.99,1.06,1.14,1.04,0.91,1.12,1.17,1.01,1.92,Andrew Kittredge,552640,SL,95,2026,1.03,4.0,1.8,2.2,1.0,13.8,4.8,10
1.0,1.0,1.0,1.0,1.0,1.0,1.0,1.0,1.0,1.0,1.0,1.0,1.0,1.0,1.0,1.0,1.0,George Klassen,691946,SL,21,2026,1.03,16.0,0.0,7.0,0.0,72.5,0.7,2
1.0,1.0,1.0,1.0,1.0,1.0,1.0,1.0,1.0,1.0,1.0,1.0,1.0,1.0,1.0,1.0,1.0,Will Klein,694361,SL,19,2026,1.03,4.1,1.9,3.3,1.6,16.5,8.0,10
1.0,0.86,1.01,0.92,0.94,1.03,1.05,1.46,1.0,1.04,1.01,0.98,0.78,0.87,0.97,1.0,0.93,Landon Knack,689017,SL,348,2025,1.04,18.5,5.3,12.7,4.0,77.2,23.5,10
0.84,0.99,1.0,0.98,0.98,1.04,0.94,0.93,1.01,1.16,0.79,1.0,1.12,1.06,1.27,1.01,-2.15,Jack Kochanowicz,686799,SL,178,2026,0.96,24.2,3.7,16.6,4.2,88.6,13.1,10
0.9,1.26,1.02,0.98,1.03,1.04,0.96,0.72,1.02,1.04,1.08,0.99,0.88,0.96,0.8,1.03,-0.62,Stephen Kolek,663568,SL,50,2026,0.73,24.7,2.6,19.3,3.9,91.2,10.4,10
1.02,1.04,1.0,1.0,0.96,0.98,1.07,0.97,0.97,1.0,0.99,1.0,0.97,1.04,0.98,1.0,0.85,Jackson Kowar,663804,SL,100,2025,1.02,4.7,1.6,3.2,1.7,17.0,7.3,10
1.02,0.91,1.01,1.01,0.98,1.02,1.03,1.08,0.96,0.99,1.01,1.01,0.98,0.93,0.96,1.01,1.48,Max Kranick,668820,SL,211,2025,1.07,7.1,2.2,4.6,1.6,23.6,7.0,10
0.99,1.0,1.0,1.0,1.02,0.98,0.95,1.01,1.03,1.0,1.0,1.0,1.01,1.01,1.0,1.0,0.96,Chad Kuhl,641771,SL,345,2024,1.03,5.3,2.1,3.0,1.6,22.0,6.6,10
1.0,1.0,1.0,1.0,1.0,1.0,1.0,1.0,1.0,1.0,1.0,1.0,1.0,1.0,1.0,1.0,1.0,Joel Kuhnel,669270,SL,35,2026,1.03,4.6,2.2,2.9,1.7,17.1,7.9,10
0.92,0.82,1.0,0.95,1.09,1.1,0.91,1.54,1.0,1.09,0.99,1.0,1.05,0.76,0.74,0.98,0.79,Peter Lambert,663567,SL,141,2026,1.15,21.4,5.6,14.6,5.5,85.1,22.3,10
1.05,1.07,1.02,0.99,1.06,1.06,0.81,0.72,1.01,0.93,1.03,1.02,1.24,1.09,0.41,0.99,-1.14,Alex Lange,656638,SL,134,2026,1.08,4.0,1.3,2.5,1.2,15.5,4.8,10
0.99,1.01,1.0,1.0,1.02,1.0,1.03,1.01,0.99,0.99,1.0,1.0,1.01,1.01,0.98,1.0,1.19,Sauryn Lao,666659,SL,89,2025,1.05,6.1,3.1,3.8,1.4,23.1,13.5,8
1.1,0.95,1.0,1.0,0.97,1.01,1.02,1.02,1.12,0.99,1.0,1.0,0.94,0.97,0.97,1.04,1.07,Andry Lara,691251,SL,83,2025,1.07,8.6,3.8,4.2,2.4,28.2,12.1,9
1.18,1.02,1.0,1.02,1.23,1.06,0.95,0.87,0.99,1.04,0.93,0.98,1.01,1.09,1.35,1.01,1.5,Jacob Latz,656641,SL,95,2026,1.09,4.6,1.6,3.6,1.8,18.9,7.8,10
0.84,0.9,1.01,0.9,0.85,1.02,0.88,1.49,0.99,0.9,1.0,0.96,0.8,0.51,0.77,0.98,2.25,Eric Lauer,641778,SL,63,2026,0.95,18.8,6.7,13.0,4.9,70.4,25.9,10
0.92,1.03,1.0,1.0,1.05,0.97,0.95,0.94,1.03,0.99,1.02,1.0,1.02,1.02,0.97,0.99,0.93,Derek Law,571882,SL,412,2024,0.96,4.5,2.0,3.4,1.6,17.7,6.6,10
0.92,0.68,1.01,1.1,1.84,1.01,0.71,1.2,1.08,0.96,1.03,1.04,1.24,0.5,1.21,1.0,2.38,Kyle Leahy,681517,SL,146,2026,1.01,22.5,2.5,15.1,1.8,86.5,8.2,10
1.47,1.19,1.0,1.05,0.77,1.0,1.18,1.19,1.07,1.0,0.98,1.0,0.82,1.13,1.36,1.13,1.86,Jordan Leasure,673929,SL,129,2026,1.43,4.2,1.6,2.6,1.1,16.9,6.1,10
0.97,1.02,0.99,0.85,1.09,0.89,0.96,0.94,1.01,1.0,0.94,0.94,1.0,1.21,2.13,1.02,1.21,Jose Leclerc,600917,SL,429,2025,1.19,4.6,2.0,2.8,1.3,22.9,9.8,10
0.94,1.06,0.98,0.99,0.8,1.08,1.18,0.85,0.99,0.88,1.16,0.98,0.94,1.35,0.44,0.95,2.53,Dylan Lee,669276,SL,223,2026,1.0,3.9,1.1,2.7,0.9,15.9,5.9,10
1.04,1.1,1.0,1.04,0.85,0.94,1.07,0.99,0.99,1.09,1.07,0.99,1.03,1.05,0.95,0.96,2.25,Casey Legumina,668984,SL,36,2026,1.05,5.3,1.8,3.4,1.7,18.8,8.3,10
1.02,0.97,1.0,1.0,1.0,0.99,1.05,1.0,1.01,1.0,1.0,1.0,1.01,0.98,0.99,1.01,1.09,Brandon Leibrandt,605335,SL,32,2024,1.06,16.0,9.9,9.5,3.5,58.5,30.4,2
1.14,1.06,1.02,1.02,1.18,1.1,1.08,1.03,1.02,1.08,0.99,1.01,0.92,1.01,0.77,1.04,-0.38,Jack Leiter,683004,SL,199,2026,1.0,24.3,2.6,16.7,3.2,94.8,7.2,10
1.0,1.0,1.0,1.0,1.0,1.0,1.0,1.0,1.0,1.0,1.0,1.0,1.0,1.0,1.0,1.0,1.0,Mark Leiter,643410,SL,5,2026,1.03,4.3,1.8,2.8,1.4,15.5,5.1,10
1.2,1.13,1.01,0.98,0.98,1.1,1.01,1.22,1.0,1.08,1.16,1.01,0.89,1.07,0.95,1.09,0.65,Matthew Liberatore,669461,SL,234,2026,1.26,22.4,1.8,15.1,2.3,87.0,12.2,10
1.22,0.72,1.03,0.96,0.84,1.16,1.11,2.11,1.02,0.87,1.01,1.02,0.68,0.66,0.46,1.03,6.0,Zack Littell,641793,SL,262,2026,1.44,21.4,4.7,14.6,3.7,76.9,18.9,10
1.01,0.92,1.0,1.07,0.84,1.01,0.95,1.25,1.0,0.9,1.04,0.95,0.81,0.93,1.09,1.0,1.74,Ben Lively,594902,SL,174,2025,1.02,20.1,3.6,14.4,2.5,81.0,17.6,10
0.99,0.99,1.0,0.94,0.86,1.02,0.95,1.06,0.99,0.96,1.02,0.99,0.92,1.04,0.55,1.01,1.16,Sam Long,669674,SL,415,2025,1.07,4.1,1.4,2.1,0.9,17.5,7.8,10
0.78,1.08,0.94,1.04,0.76,0.82,0.98,1.54,0.94,0.98,0.95,0.9,1.06,0.72,2.09,0.9,1.15,Jacob Lopez,682052,SL,295,2026,1.08,19.7,5.9,13.3,4.4,79.2,22.4,10
1.01,0.98,0.99,0.99,0.93,0.9,0.85,0.99,0.98,0.97,0.96,1.0,1.05,0.97,1.38,0.97,1.07,Jorge Lopez,605347,SL,231,2025,1.04,3.6,1.4,2.4,1.2,14.2,7.8,10
1.01,1.5,1.0,1.01,1.18,0.95,1.02,0.42,1.05,0.95,0.94,0.97,1.12,1.01,1.28,1.08,-0.09,Reynaldo Lopez,625643,SL,189,2026,0.98,8.8,4.8,5.4,3.4,34.9,25.9,10
1.07,1.16,0.98,0.83,1.37,1.04,1.11,0.73,0.98,1.05,0.96,0.99,1.45,0.79,0.44,1.01,-0.84,Brad Lord,695418,SL,147,2026,1.29,8.4,3.0,6.2,2.3,34.5,9.7,10
1.07,0.86,1.0,0.91,0.94,1.08,1.17,1.11,1.07,1.03,0.99,1.0,0.9,0.64,0.38,1.07,0.49,Michael Lorenzen,547179,SL,91,2026,1.04,20.7,6.5,13.5,4.8,78.0,25.3,10
0.94,1.0,1.0,1.0,1.15,1.02,1.1,0.89,0.97,1.0,0.99,1.0,1.05,0.99,0.96,1.0,0.76,Ryan Loutos,702795,SL,52,2025,0.98,5.2,2.9,2.1,1.5,17.3,9.5,10
0.88,1.11,1.03,0.94,1.2,0.99,0.96,0.9,0.99,1.14,0.97,0.99,1.13,0.92,0.67,1.0,-0.0,Rhett Lowder,695076,SL,163,2026,0.99,21.0,4.5,14.7,4.7,82.9,15.1,10
1.08,0.99,1.0,1.0,0.97,1.01,1.18,1.07,0.99,1.0,1.0,1.0,0.97,0.97,0.98,1.06,1.0,Easton Lucas,687922,SL,53,2025,1.17,14.2,6.0,9.5,4.9,56.6,23.5,10
1.06,0.88,1.01,0.9,0.67,1.08,0.93,1.62,1.01,1.08,0.97,0.98,0.76,0.79,1.1,1.03,0.77,Seth Lugo,607625,SL,105,2026,1.16,24.5,2.4,17.9,2.9,90.9,6.4,10
1.05,1.05,1.0,0.98,0.77,1.06,0.8,0.7,1.0,0.95,0.99,1.01,0.79,1.3,0.64,0.98,1.34,Daniel Lynch IV,663738,SL,87,2026,0.82,4.4,1.1,2.8,1.0,16.9,7.5,10
0.54,0.96,0.99,0.96,0.89,0.79,0.54,1.24,1.25,1.02,0.99,1.0,0.98,0.83,0.96,0.92,1.69,Adam Macko,671936,SL,51,2026,0.72,4.0,2.1,2.6,2.1,15.8,7.0,8
0.97,1.0,1.0,1.0,1.0,0.99,0.97,0.99,1.02,1.0,1.0,1.0,1.0,1.01,0.99,1.0,0.94,Ty Madden,680744,SL,71,2024,1.01,16.0,6.4,11.9,5.0,64.2,25.8,9
0.99,0.99,1.0,0.99,0.93,0.97,1.07,1.11,0.97,1.01,1.01,0.99,0.95,0.97,1.01,0.99,1.17,Kenta Maeda,628317,SL,444,2024,1.03,8.0,5.1,4.9,3.7,32.2,22.2,10
0.98,0.98,1.01,1.02,1.8,0.88,0.92,0.92,1.02,1.03,0.85,0.98,0.96,0.69,1.09,1.02,1.48,Tyler Mahle,641816,SL,93,2026,0.83,23.0,1.8,15.7,2.7,88.3,6.1,10
1.14,1.09,0.99,0.89,1.06,0.96,1.27,0.91,1.0,1.04,1.03,0.98,1.08,1.11,0.84,1.02,1.01,Anthony Maldonado,687424,SL,251,2025,1.25,5.1,2.8,3.2,1.6,20.0,10.9,10
0.97,0.99,1.0,1.0,1.04,0.99,0.97,1.02,0.99,1.0,1.0,1.0,1.0,0.97,1.0,0.99,1.02,Matt Manning,666159,SL,18,2024,1.0,24.6,2.5,16.2,2.4,87.4,4.2,5
1.0,0.95,1.0,1.06,0.91,1.01,1.06,1.12,1.01,1.0,1.01,0.95,0.96,0.96,1.35,1.01,0.64,Alek Manoah,666201,SL,142,2026,1.06,17.9,9.1,11.8,7.1,69.1,34.7,8
0.99,1.15,0.99,0.84,0.7,0.95,0.96,1.12,1.03,0.96,0.91,1.02,0.74,0.66,0.5,1.01,3.63,German Marquez,608566,SL,52,2026,0.91,21.8,2.8,14.4,4.2,83.7,9.6,10
1.0,1.01,1.0,0.99,1.0,0.99,0.99,0.99,1.02,1.0,1.01,1.0,0.98,0.99,0.97,1.01,0.92,Alec Marsh,679525,SL,386,2024,1.02,19.4,5.3,13.0,4.7,77.1,21.3,10
0.97,1.0,1.0,1.0,1.03,0.99,0.97,0.99,0.99,1.0,0.99,1.0,1.02,1.01,1.02,0.99,0.93,Jose Marte,665896,SL,120,2024,1.01,6.1,2.1,4.2,1.5,23.8,7.5,10
1.02,0.94,1.01,0.97,0.96,1.08,1.05,1.2,1.01,1.0,1.0,0.99,0.97,0.82,0.99,1.01,0.98,Yunior Marte,628708,SL,211,2026,1.07,6.5,2.1,3.0,1.8,25.0,6.5,10
0.99,0.99,1.0,1.0,1.1,1.01,1.03,0.99,0.98,1.0,0.99,1.0,1.01,1.0,1.0,1.0,1.2,Corbin Martin,656686,SL,107,2025,1.03,4.5,2.0,2.4,1.7,19.8,9.4,10
1.17,1.56,0.99,0.99,1.0,0.97,1.22,0.8,0.98,1.05,1.07,1.01,1.08,1.37,0.98,1.0,1.04,Davis Martin,663436,SL,149,2026,1.17,24.2,1.5,18.9,1.7,91.4,7.7,10
1.0,1.0,1.0,1.0,1.0,1.0,1.0,1.0,1.0,1.0,1.0,1.0,1.0,1.0,1.0,1.0,1.0,Riley Martin,702303,SL,18,2026,1.03,3.9,1.0,2.9,1.0,14.5,6.2,8
0.96,0.99,1.0,1.0,0.99,0.98,0.97,1.0,1.02,1.0,0.99,1.0,0.99,1.02,0.98,1.0,1.12,Justin Martinez,679885,SL,279,2025,1.01,4.2,2.1,2.5,1.5,17.7,8.7,10
1.08,1.06,0.99,0.9,0.92,0.9,0.97,0.9,0.97,1.09,0.95,1.0,1.05,1.29,0.91,1.01,2.68,Yuki Matsui,673513,SL,47,2026,1.28,7.2,2.6,5.2,1.3,26.6,8.8,10
1.06,1.11,1.02,0.98,1.17,1.02,1.07,0.89,0.99,0.97,1.12,1.01,1.08,1.17,0.62,1.03,0.95,Zebby Matthews,805673,SL,67,2026,1.17,23.7,1.6,16.3,3.9,88.8,11.4,10
1.2,0.83,0.97,1.03,0.91,0.97,0.98,0.97,1.04,0.95,1.07,0.96,0.81,0.68,1.94,1.03,-0.84,Steven Matz,571927,SL,85,2026,0.87,18.5,6.7,13.3,6.1,73.6,26.4,10
1.0,1.0,1.0,1.0,1.12,1.0,0.97,0.95,0.99,1.0,1.0,1.0,1.02,0.99,1.0,1.0,0.88,Tyler Matzek,554431,SL,100,2025,1.01,4.6,2.0,1.8,1.2,17.2,7.1,10
1.0,1.0,1.0,1.0,1.0,1.0,1.0,1.0,1.0,1.0,1.0,1.0,1.0,1.0,1.0,1.0,1.0,Brycen Mautz,802408,SL,9,2026,1.03,14.0,,8.0,,58.0,,1
1.0,1.0,1.0,1.0,1.0,1.0,1.0,1.0,1.0,1.0,1.0,1.0,1.0,1.0,1.0,1.0,1.0,Zach Maxwell,687209,SL,55,2026,1.03,5.6,1.6,3.2,1.1,22.0,9.0,10
1.01,1.07,1.01,1.08,1.12,1.1,1.14,0.26,1.0,0.92,0.95,1.01,1.25,0.75,0.41,1.02,-0.85,Tim Mayza,641835,SL,128,2026,0.79,4.6,2.8,3.5,2.2,16.8,9.9,10
1.0,0.84,1.01,0.96,1.06,0.9,0.94,0.98,0.98,1.01,1.03,1.01,1.04,0.91,0.62,0.98,1.03,Adam Mazur,800049,SL,336,2025,1.03,21.4,5.3,13.5,3.5,74.2,19.5,10
0.98,1.0,1.0,1.0,1.01,0.99,0.98,1.01,1.01,1.0,1.0,1.0,0.99,1.02,0.96,1.0,1.03,James McArthur,663704,SL,194,2024,1.02,3.9,1.0,2.1,1.8,15.8,3.0,10
1.42,1.01,1.01,1.03,0.88,1.02,0.77,0.92,1.02,0.98,1.07,1.01,0.89,0.93,0.8,1.02,1.12,Shane McClanahan,663556,SL,179,2026,1.09,20.3,1.9,15.2,2.0,79.1,8.5,10
1.04,1.0,1.0,0.99,1.03,0.99,1.02,0.98,0.99,1.0,0.99,1.0,1.03,0.99,0.96,1.01,0.85,Garrett McDaniels,680729,SL,100,2025,1.08,5.0,1.6,3.0,2.1,19.1,5.3,10
1.05,1.0,1.0,1.0,0.99,0.98,1.13,1.03,0.98,1.0,0.97,1.0,0.99,0.97,1.02,1.02,0.91,Chayce McDermott,694646,SL,70,2025,1.09,12.0,7.6,6.7,5.5,48.7,28.3,6
0.95,1.04,1.02,1.02,1.13,1.16,0.9,0.28,0.99,1.13,1.03,1.0,1.01,1.07,2.24,0.99,-2.33,Trevor McDonald,686790,SL,114,2026,0.52,21.2,7.2,16.2,5.8,74.6,24.2,9
1.09,0.84,1.0,0.92,0.99,0.95,1.1,1.16,0.98,1.05,1.05,1.0,1.07,0.86,0.98,0.98,1.24,Scott McGough,543518,SL,149,2025,1.18,6.1,2.6,3.2,1.8,23.6,11.1,10
2.46,0.88,1.06,1.02,0.89,1.33,0.54,0.74,1.01,1.0,0.98,0.99,0.69,0.76,0.92,1.53,-0.06,Michael McGreevy,700241,SL,41,2026,2.13,21.8,1.9,16.2,2.0,86.5,7.7,10
0.96,1.0,1.0,1.0,1.05,0.98,0.94,1.02,0.98,0.99,0.98,1.0,1.04,1.01,1.01,0.98,1.25,Triston McKenzie,663474,SL,273,2024,1.03,14.6,7.7,8.7,5.3,56.9,25.9,10
0.94,1.03,1.0,1.0,1.03,0.97,0.94,0.95,0.95,1.0,1.0,1.0,1.02,1.02,0.97,0.97,0.98,John McMillon,669111,SL,108,2024,0.96,4.6,2.2,3.2,1.5,17.9,7.7,10
0.97,0.99,1.0,1.0,1.1,1.0,0.97,0.99,1.01,1.0,0.99,1.0,1.0,1.0,0.98,1.0,1.12,John Means,607644,SL,73,2024,1.0,20.0,5.5,15.5,5.0,79.5,19.4,4
1.13,1.24,1.01,1.01,0.68,1.02,1.0,1.39,1.04,1.04,1.04,0.98,0.74,1.07,0.49,1.02,-1.91,Nick Mears,683232,SL,92,2026,1.02,4.1,1.5,2.2,1.4,16.7,7.3,10
1.06,0.99,0.99,0.96,0.66,0.84,0.94,1.01,0.96,1.02,0.95,1.01,0.87,1.17,1.53,0.96,1.4,Luis Medina,665622,SL,63,2026,1.0,6.5,3.2,4.5,2.6,25.3,12.2,10
0.97,1.17,1.01,1.1,1.63,1.04,0.86,0.69,1.01,1.03,0.99,0.99,0.91,1.07,1.1,1.0,-0.48,Tylor Megill,656731,SL,432,2025,0.65,21.8,2.0,15.0,3.5,88.8,11.7,10
1.0,1.0,1.0,1.0,1.0,1.0,1.0,1.0,1.0,1.0,1.0,1.0,1.0,1.0,1.0,1.0,1.0,Juan Mejia,675848,SL,12,2026,1.03,4.7,1.4,2.9,1.5,20.2,7.3,10
0.88,0.96,1.0,1.07,1.33,1.07,0.88,0.53,1.0,0.98,1.03,1.0,0.91,0.63,1.52,0.98,-0.48,Troy Melton,675512,SL,202,2026,0.41,12.5,7.3,9.1,5.4,44.1,23.1,10
0.98,0.9,1.0,1.0,1.74,1.02,0.82,0.78,0.99,0.93,0.97,0.98,1.11,0.91,0.38,1.01,0.0,Julian Merryweather,657240,SL,290,2025,0.95,4.5,1.5,2.0,0.9,18.9,7.7,10
1.06,0.89,0.98,1.01,0.88,0.91,1.12,1.16,0.98,0.97,0.96,1.01,1.11,0.81,1.29,0.99,2.53,Parker Messick,800048,SL,95,2026,1.22,23.0,2.4,17.6,3.1,91.5,10.3,10
1.01,0.95,0.99,1.03,0.95,0.96,1.07,1.44,1.0,0.96,0.97,1.01,0.91,1.05,1.43,1.01,1.81,Luis Mey,682825,SL,73,2026,1.19,5.7,2.3,3.5,1.9,25.5,6.5,10
1.17,1.1,1.01,0.95,1.1,1.12,1.2,0.4,0.96,1.09,1.06,1.05,1.26,1.26,0.37,1.04,-0.66,Max Meyer,676974,SL,281,2026,1.14,23.2,2.1,16.7,2.5,90.7,8.4,10
1.02,0.91,1.0,0.97,0.94,1.04,0.99,0.98,1.01,0.93,0.96,1.0,1.07,0.58,0.74,1.02,3.08,Miles Mikolas,571945,SL,172,2026,1.09,17.1,2.8,12.2,2.6,65.9,13.7,10
0.44,0.95,0.98,1.03,1.95,0.76,0.44,0.95,1.0,1.02,1.01,1.01,1.14,0.76,0.88,0.93,0.24,Spencer Miles,693686,SL,115,2026,0.57,10.6,5.1,7.9,3.4,41.0,20.4,10
1.02,0.99,1.0,1.0,1.0,0.99,1.06,1.03,1.0,1.0,0.99,1.0,1.0,0.99,1.01,1.01,1.01,Bobby Miller,676272,SL,101,2024,1.07,19.9,5.0,12.1,4.3,80.4,18.9,10
1.15,0.97,1.0,0.97,2.06,0.9,1.13,1.79,0.99,1.03,1.02,1.03,1.37,1.2,0.97,1.0,2.32,Bryce Miller,682243,SL,69,2026,1.76,20.9,2.6,15.8,2.1,80.9,10.0,10
0.54,1.39,0.98,1.01,1.86,0.98,0.54,0.74,0.54,1.03,0.91,1.0,1.49,1.26,0.89,0.83,0.48,Erik Miller,669062,SL,129,2026,0.91,4.0,0.7,2.6,0.8,19.1,5.0,10
0.75,1.4,0.97,1.05,1.11,0.82,0.79,0.61,0.95,1.0,0.93,1.02,1.37,1.68,2.09,0.91,-2.23,Mason Miller,695243,SL,226,2026,0.99,4.6,1.6,2.8,0.6,21.7,7.3,10
1.02,0.98,1.0,1.0,1.0,1.01,1.01,1.0,1.02,1.0,1.01,1.0,1.01,0.98,0.97,1.01,1.04,Ryan Miller,668943,SL,88,2024,1.05,4.5,1.7,2.8,1.1,17.7,8.1,10
1.0,1.0,1.0,1.0,1.0,1.0,1.0,1.0,1.0,1.0,1.0,1.0,1.0,1.0,1.0,1.0,1.0,Wyatt Mills,670090,SL,24,2026,1.03,5.0,2.2,1.5,1.0,20.5,11.5,4
0.64,0.8,0.99,1.15,0.86,0.78,0.97,0.89,1.0,1.03,1.13,1.09,1.1,0.86,0.62,0.89,3.43,Jacob Misiorowski,694819,SL,152,2026,0.65,22.8,2.3,17.9,2.2,89.5,8.9,10
1.01,0.73,1.0,1.06,0.83,1.02,0.88,1.83,0.98,0.9,0.89,1.02,0.62,0.93,0.68,0.96,3.2,Casey Mize,663554,SL,174,2026,1.03,20.9,4.8,16.5,4.7,77.5,19.5,10
0.79,0.96,1.02,1.0,1.16,1.03,0.85,1.98,1.0,0.96,0.96,1.05,0.79,0.59,0.47,0.98,4.21,Carmen Mlodzinski,669387,SL,41,2026,1.04,21.8,2.8,15.1,2.0,85.0,8.5,10
0.99,0.88,0.99,0.98,1.09,0.94,0.91,0.98,0.99,0.91,1.03,1.01,1.05,0.68,0.82,1.0,1.73,Anthony Molina,683627,SL,308,2025,1.01,8.8,3.2,5.9,1.7,34.0,14.8,10
1.07,1.11,1.0,0.93,1.06,1.12,1.1,0.94,0.99,1.01,0.96,1.01,0.97,0.91,1.16,1.02,0.92,Frankie Montas,593423,SL,264,2025,1.0,19.4,4.2,12.9,3.9,78.8,13.9,10
1.01,0.71,1.02,0.97,0.76,1.04,1.25,2.0,1.0,1.07,1.0,0.99,0.52,0.8,1.63,1.02,1.14,Keider Montero,672456,SL,149,2026,1.04,22.4,2.4,17.1,2.3,79.8,8.3,10
1.01,0.99,1.0,0.97,0.89,1.01,1.01,1.22,1.0,0.99,0.9,0.99,0.96,0.89,1.58,0.99,0.88,Rafael Montero,606160,SL,133,2025,1.06,3.8,1.8,2.4,1.8,15.0,6.0,10
0.91,1.0,0.99,1.06,2.44,0.89,1.02,0.33,0.94,1.09,1.05,1.04,1.46,1.1,0.4,0.98,0.81,Mason Montgomery,682254,SL,58,2026,0.92,4.3,1.2,3.0,1.6,15.9,6.8,10
2.19,1.14,1.01,0.97,0.81,0.98,3.31,1.48,1.15,1.07,0.93,0.99,0.54,0.86,1.48,1.15,1.2,Luis Morales,806960,SL,41,2026,1.57,21.2,3.4,14.4,4.7,85.2,12.1,10
1.01,0.78,1.0,0.96,1.35,0.94,0.93,0.32,1.02,1.18,0.95,1.03,1.16,1.1,1.21,1.02,-0.22,Adrian Morejon,670970,SL,102,2026,0.85,3.2,0.9,2.4,1.1,12.5,5.1,10
1.06,0.98,1.0,1.0,0.97,1.03,1.08,1.05,1.13,0.98,1.02,1.0,0.95,1.01,0.96,1.05,0.99,Dauri Moreta,664294,SL,162,2025,1.09,4.0,1.8,2.6,1.8,16.8,9.0,10
1.0,0.91,1.0,0.94,1.05,0.99,0.99,0.89,1.0,0.97,0.97,1.02,1.0,0.93,0.88,1.0,0.76,David Morgan,688158,SL,20,2026,0.96,6.0,1.7,3.5,1.6,23.8,11.7,10
0.97,1.12,0.99,0.98,0.68,1.06,0.97,1.58,1.04,1.0,1.03,1.0,0.92,1.12,0.69,1.05,2.07,Eli Morgan,669212,SL,80,2026,1.37,5.5,2.2,2.5,1.1,20.7,5.8,10
1.03,0.91,1.0,1.0,0.93,1.01,1.14,1.16,1.0,1.03,0.91,1.03,1.07,0.93,1.18,1.0,0.41,Juan Morillo,666661,SL,64,2026,1.11,3.9,1.9,2.5,1.6,15.1,10.0,10
0.98,0.96,1.0,1.0,1.02,1.02,0.99,1.0,1.02,0.99,1.02,1.0,1.01,0.97,0.95,1.0,1.03,Kyle Muller,666205,SL,179,2024,1.01,8.3,3.6,6.2,3.3,29.3,10.9,10
1.21,1.41,0.98,1.04,1.33,0.97,0.86,0.62,0.99,0.97,1.06,1.01,0.9,1.5,1.37,1.03,-0.44,Andres Munoz,662253,SL,217,2026,0.95,4.4,1.2,2.5,0.7,15.4,5.5,10
1.35,1.46,1.01,0.94,0.89,1.1,1.49,1.42,1.05,1.04,0.95,1.0,0.7,1.48,1.28,1.1,-2.6,Roddery Munoz,682610,SL,417,2026,1.3,6.7,2.8,3.8,1.6,30.5,11.1,10
1.0,1.0,1.0,1.0,1.0,1.0,1.0,1.0,1.0,1.0,1.0,1.0,1.0,1.0,1.0,1.0,1.0,Rolddy Munoz,691548,SL,63,2026,1.03,8.2,4.1,3.8,2.6,31.8,15.1,4
1.09,0.62,1.01,0.95,1.07,1.07,0.98,2.19,1.0,0.94,0.87,1.04,0.63,0.83,0.65,0.98,3.12,Chris Murphy,669684,SL,154,2026,1.22,6.6,2.9,3.9,2.5,24.3,12.7,10
0.81,0.79,1.0,1.02,1.56,0.99,0.8,1.14,0.94,0.86,1.03,0.95,1.07,0.61,1.21,0.96,-0.08,Tobias Myers,668964,SL,70,2026,0.87,5.0,1.6,3.3,1.3,16.1,6.7,10
1.31,1.04,1.0,0.94,1.1,1.02,0.92,0.67,1.04,1.11,1.03,1.02,1.1,0.95,0.25,1.06,-0.08,Tommy Nance,667297,SL,104,2026,1.15,4.0,1.2,3.2,0.9,15.0,7.3,10
2.11,0.92,1.03,1.01,0.89,1.19,1.42,1.1,1.12,0.99,0.97,1.0,1.02,0.89,1.07,1.12,1.06,Andrew Nardi,677053,SL,59,2026,1.73,3.7,1.1,2.7,0.8,13.4,2.9,10
1.02,1.0,1.0,1.0,0.98,0.98,1.02,1.07,0.99,0.99,1.0,1.0,0.98,1.0,0.95,1.0,1.0,Nick Nastrini,680897,SL,266,2024,1.06,19.3,3.0,11.9,3.9,81.6,8.7,9
0.97,1.01,1.0,1.0,1.04,0.98,0.97,0.95,0.99,0.99,1.01,1.0,1.01,1.02,0.98,0.99,0.98,Jack Neely,680891,SL,46,2024,0.99,4.7,1.6,2.7,0.5,16.3,3.5,6
1.0,1.01,1.0,1.0,1.0,1.02,1.03,0.98,1.04,1.0,1.0,1.0,0.99,1.0,1.0,1.02,1.02,Kyle Nelson,669459,SL,97,2025,1.03,3.6,1.2,2.2,1.7,13.0,5.3,10
0.91,0.95,1.01,1.02,1.17,0.92,0.83,1.17,0.99,0.99,0.98,1.03,0.84,0.86,0.94,0.97,1.8,Ryne Nelson,669194,SL,188,2026,0.8,23.7,5.8,16.7,6.2,85.8,20.5,10
0.9,1.06,1.0,1.07,1.8,0.96,0.91,1.21,1.01,1.05,0.94,1.05,1.07,1.03,0.83,1.0,1.66,Kyle Nicolas,693312,SL,66,2026,1.0,5.6,2.5,2.8,1.3,25.2,12.5,10
0.99,1.05,1.0,1.01,1.16,1.03,0.92,0.75,0.96,0.99,1.09,1.03,1.08,1.08,0.39,1.0,0.69,Dedniel Nunez,673380,SL,337,2025,0.97,4.1,1.1,2.7,1.6,18.3,4.5,10
1.01,1.04,1.0,0.99,1.08,1.0,1.06,0.96,1.07,1.01,1.0,1.0,1.0,1.02,1.04,1.02,0.9,Eduarniel Nunez,674384,SL,88,2025,1.03,6.1,3.1,3.3,1.6,24.9,11.5,10
0.9,0.83,1.04,1.06,0.64,1.34,0.94,1.47,1.01,1.01,0.97,1.06,0.73,0.81,0.52,1.0,2.76,Riley O'Brien,676617,SL,45,2026,0.85,4.3,1.7,2.5,1.0,16.4,8.3,10
1.03,0.99,1.0,1.0,0.98,1.0,0.97,1.04,1.01,1.0,1.0,1.0,0.99,1.01,0.99,1.0,0.95,Jack O'Loughlin,672552,SL,38,2024,1.05,11.8,5.6,6.8,3.9,44.0,18.0,4
0.81,0.72,1.03,1.1,0.97,1.16,1.09,1.94,0.95,0.86,1.04,0.96,0.85,0.43,0.92,0.96,3.72,Bailey Ober,641927,SL,164,2026,1.07,24.6,2.3,17.7,3.9,88.8,8.5,10
1.12,1.01,1.0,1.0,0.94,1.01,1.27,0.99,1.0,1.0,0.99,1.0,0.97,1.02,0.96,1.02,1.07,Shinnosuke Ogasawara,829272,SL,124,2025,1.1,6.9,2.8,4.7,2.4,23.9,9.2,10
0.97,0.98,1.0,1.03,1.11,0.98,0.94,0.71,0.99,1.03,1.08,1.02,1.01,1.09,0.79,1.0,0.64,Shohei Ohtani,660271,SL,9,2026,0.88,23.4,2.2,18.0,1.8,94.2,6.5,10
0.97,0.76,0.97,0.98,0.68,0.84,0.99,2.06,0.94,0.98,1.05,0.94,0.57,0.98,1.49,0.97,4.46,Steven Okert,595345,SL,260,2026,1.26,3.5,1.0,3.1,1.3,13.4,4.9,10
0.97,1.32,1.0,0.91,1.06,1.05,0.96,0.87,0.96,1.07,1.01,0.98,1.25,1.3,1.09,0.98,-0.11,Reese Olson,681857,SL,762,2025,1.23,21.7,2.5,16.2,2.9,87.9,4.2,10
1.04,1.02,1.0,1.06,0.78,0.97,1.12,1.2,0.99,0.99,1.03,1.0,0.85,1.01,1.35,1.02,0.86,Luis Ortiz,682847,SL,962,2025,1.03,24.2,2.6,16.7,2.1,94.3,6.5,10
1.07,0.96,0.99,1.1,1.79,0.9,1.12,1.54,0.99,1.05,0.83,1.01,1.03,0.75,0.95,1.01,3.21,Eric Orze,679358,SL,56,2026,1.2,5.5,2.2,3.9,1.4,19.1,5.9,10
0.94,1.02,1.0,1.0,1.01,0.99,0.94,1.04,1.0,0.99,1.0,1.0,0.99,1.03,0.98,0.98,1.06,Michel Otanez,671305,SL,290,2025,0.98,4.1,1.2,2.4,1.9,17.4,6.4,10
0.98,0.9,1.0,1.14,0.91,0.94,1.02,1.29,1.01,0.99,0.97,1.01,0.9,0.92,1.31,1.0,1.01,Johan Oviedo,670912,SL,227,2026,0.98,19.0,4.7,12.8,4.2,73.6,15.9,10
1.28,1.06,0.99,1.01,1.15,1.08,0.91,0.98,1.06,1.02,0.95,1.01,0.83,1.06,1.2,1.16,1.98,Andrew Painter,691725,SL,182,2026,1.26,21.3,3.4,14.5,3.0,82.7,11.7,10
0.96,0.93,1.0,1.02,1.04,0.98,0.88,0.68,1.02,0.97,1.03,1.03,1.12,1.09,0.63,1.0,0.95,Daniel Palencia,694037,SL,39,2026,0.98,3.8,1.0,2.4,0.8,15.1,4.2,10
0.9,1.03,1.0,1.02,1.11,0.92,0.79,1.14,0.98,0.96,1.01,1.02,1.13,0.99,1.09,0.96,0.31,Andre Pallante,669467,SL,284,2026,1.05,23.0,3.2,15.6,3.1,90.4,7.6,10
0.54,1.27,0.97,0.94,0.98,0.85,1.29,1.14,1.03,1.02,0.88,1.0,0.95,0.97,1.01,0.87,-0.35,Peyton Pallette,688883,SL,99,2026,0.57,5.7,1.6,2.9,0.9,27.0,7.5,10
0.94,0.99,1.0,1.0,1.02,0.97,0.94,1.0,1.0,1.01,1.01,1.0,1.0,0.98,1.04,0.99,1.02,Enoli Paredes,660600,SL,120,2024,0.98,5.0,1.6,3.1,1.1,19.2,8.2,10
1.19,1.01,1.0,1.05,0.83,1.21,1.27,1.13,1.02,0.93,1.1,0.97,1.01,1.14,1.84,1.02,0.36,Mitchell Parker,680730,SL,255,2026,1.23,9.2,2.3,6.8,2.3,35.3,9.2,10
1.01,0.99,1.0,1.0,1.0,1.01,1.04,1.01,1.03,1.0,1.01,1.0,0.99,0.98,0.99,1.02,1.0,Wes Parsons,641149,SL,30,2024,1.05,9.5,3.1,6.0,1.4,36.5,15.0,4
1.03,0.87,0.99,1.05,0.86,1.01,1.04,0.9,1.0,1.01,0.93,1.03,1.0,1.03,1.22,1.02,1.25,Nate Pearson,663878,SL,573,2026,1.02,6.0,3.1,3.6,2.1,23.2,11.5,10
0.95,1.21,1.0,1.08,1.43,0.99,1.0,0.32,0.99,1.04,1.01,1.03,1.15,1.17,0.86,1.0,0.18,Elvis Peguero,665625,SL,510,2025,0.76,6.1,2.8,3.6,1.8,23.2,11.7,10
0.88,1.19,1.0,0.87,0.79,0.89,0.88,0.64,1.0,1.05,1.03,1.07,1.18,0.74,1.01,0.97,2.26,Joel Peguero,666711,SL,143,2026,0.89,4.5,2.0,2.8,1.6,16.1,8.7,10
1.03,1.0,1.0,0.99,0.99,1.02,0.99,0.97,1.01,1.0,1.0,1.0,1.0,1.01,0.95,1.02,1.0,Walter Pennington,679156,SL,135,2024,1.07,5.8,3.9,3.4,2.7,22.3,13.8,10
1.12,0.88,1.0,1.03,0.84,1.0,1.16,1.52,1.03,1.03,1.07,1.03,0.88,0.84,1.39,1.01,2.53,Ryan Pepiot,686752,SL,854,2025,1.18,19.2,4.6,14.2,4.6,79.5,16.0,10
1.21,1.14,0.98,1.01,0.88,0.89,1.09,1.5,0.99,0.96,0.88,0.96,1.0,1.37,0.79,1.04,1.5,Freddy Peralta,642547,SL,100,2026,1.61,23.7,2.8,16.8,2.0,95.5,6.3,10
0.99,0.99,1.0,1.0,1.01,0.99,0.94,1.07,0.99,1.0,1.01,1.0,0.97,0.99,1.01,1.0,1.1,Sammy Peralta,671111,SL,74,2025,1.03,9.6,4.2,5.6,3.3,31.9,12.5,10
0.88,0.93,0.99,0.92,1.5,0.89,0.88,1.24,1.0,0.91,0.96,1.04,1.2,0.9,0.46,0.97,3.84,Wandy Peralta,593974,SL,72,2026,1.24,5.5,1.8,3.2,1.9,20.6,10.0,10
1.29,1.01,1.0,1.04,0.85,1.24,1.03,0.95,1.0,1.0,0.93,1.02,1.04,1.23,0.64,1.03,2.66,Eury Perez,691587,SL,159,2026,1.3,21.8,3.0,15.6,2.2,88.3,9.5,10
1.09,0.95,1.02,0.98,1.17,1.12,1.06,0.77,1.01,0.97,0.9,1.0,1.12,0.74,0.46,1.04,-1.08,Michael Petersen,656848,SL,88,2026,1.0,4.0,1.2,2.7,1.1,15.4,5.7,10
0.98,0.94,1.01,1.1,1.71,1.17,0.83,0.76,1.02,0.93,1.11,1.0,1.32,1.04,0.51,1.06,1.55,David Peterson,656849,SL,225,2026,1.22,19.6,4.6,12.4,2.2,71.1,17.3,10
0.54,1.0,0.99,1.0,0.81,1.12,0.54,0.37,1.15,0.95,1.05,1.02,0.92,0.74,0.68,1.01,1.57,Chase Petty,695534,SL,80,2026,0.38,17.0,7.7,10.4,6.6,61.2,30.4,5
1.2,1.01,1.0,1.0,0.96,1.03,1.38,0.99,1.01,1.0,0.99,1.0,0.97,1.02,0.95,1.05,0.97,Konnor Pilkington,663455,SL,97,2025,1.18,3.6,1.1,2.2,0.9,15.3,5.4,10
1.04,1.0,1.0,1.0,0.98,0.99,1.19,1.04,1.02,1.0,0.99,1.0,0.97,1.0,1.03,1.02,0.99,Riley Pint,666207,SL,71,2024,1.07,5.5,1.3,2.2,1.0,25.5,5.2,4
0.97,0.98,1.0,1.0,1.0,0.99,1.04,0.95,0.98,1.0,1.01,1.0,1.01,1.0,0.98,1.0,1.01,Ricardo Pinto,620982,SL,24,2024,1.01,9.8,4.9,5.2,3.8,36.7,21.6,6
1.03,0.85,1.0,1.13,0.83,0.98,0.99,1.61,0.98,1.0,0.94,0.96,0.85,0.96,1.23,1.0,1.23,Colin Poche,621363,SL,242,2025,1.18,3.7,1.3,2.0,1.4,17.4,6.8,10
0.96,1.05,1.0,1.02,1.41,0.93,0.93,0.84,0.99,1.0,0.93,1.0,1.12,0.9,1.08,0.99,0.56,Zach Pop,647315,SL,167,2026,0.94,5.9,3.3,3.1,1.9,21.6,10.4,10
1.08,1.17,0.98,0.96,0.89,0.98,1.15,0.78,1.01,1.03,0.94,1.01,0.98,1.1,1.12,1.01,4.22,Cade Povich,700249,SL,50,2026,1.09,21.5,3.4,15.0,3.2,84.3,16.5,10
0.95,0.91,1.02,0.98,1.51,1.04,0.71,0.73,1.0,1.07,1.12,1.03,1.18,0.84,1.04,0.97,1.23,Ryan Pressly,519151,SL,417,2025,0.87,4.2,1.1,2.1,0.7,14.7,5.1,10
1.32,1.16,1.0,0.94,0.92,1.06,0.8,0.89,1.01,1.1,0.99,1.01,0.99,0.95,0.85,0.92,0.62,Connor Prielipp,687570,SL,201,2026,0.93,20.7,2.2,13.7,2.6,87.0,4.8,7
1.01,1.05,1.0,0.99,1.07,1.02,1.1,0.87,0.92,1.01,1.05,1.0,1.06,0.94,0.91,0.97,0.6,Quinn Priester,682990,SL,888,2025,0.96,23.3,2.5,16.8,2.5,87.1,6.7,10
1.01,0.98,1.0,1.0,0.98,0.98,1.04,1.02,1.0,1.0,1.0,1.0,1.0,0.97,1.01,1.01,1.04,Austin Pruitt,643493,SL,27,2024,1.06,5.8,2.1,3.0,0.8,19.5,5.2,4
0.95,1.15,1.0,1.11,0.9,0.91,0.98,1.13,1.0,0.97,1.02,0.99,0.9,1.13,0.99,0.99,0.32,A.J. Puk,640462,SL,310,2025,0.96,4.4,0.5,2.5,1.0,18.6,5.5,10
1.0,1.0,1.0,1.0,1.0,1.0,1.0,1.0,1.0,1.0,1.0,1.0,1.0,1.0,1.0,1.0,1.0,Matt Pushard,690155,SL,27,2026,1.03,5.3,2.9,2.5,0.8,19.8,12.5,6
0.94,1.36,0.98,0.94,1.64,0.91,0.95,0.67,1.02,1.06,0.98,0.99,0.96,1.06,0.29,1.02,-0.15,Cole Ragans,666142,SL,85,2026,0.8,18.7,6.0,13.4,4.9,78.3,25.1,10
1.01,1.14,1.0,0.99,1.06,0.97,0.85,0.8,0.99,0.98,0.95,1.0,0.97,1.24,0.75,1.0,0.94,Tanner Rainey,663432,SL,354,2025,0.99,3.7,1.4,2.3,1.4,15.7,6.6,10
1.0,1.0,1.0,1.0,1.0,1.0,1.0,1.0,1.0,1.0,1.0,1.0,1.0,1.0,1.0,1.0,1.0,Alan Rangel,660604,SL,38,2026,1.03,9.7,6.8,6.7,5.0,36.3,21.9,6
1.0,1.0,1.0,1.0,1.0,1.0,1.0,1.0,1.0,1.0,1.0,1.0,1.0,1.0,1.0,1.0,1.0,Taylor Rashi,688497,SL,14,2026,1.03,6.3,2.5,3.9,2.2,24.9,12.2,10
1.38,1.09,1.0,0.96,0.93,1.3,1.17,0.71,0.96,0.91,0.99,0.99,0.91,1.01,0.47,1.08,3.22,Robbie Ray,592662,SL,327,2026,1.22,22.5,2.5,15.1,3.2,95.0,7.1,10
1.21,1.19,1.01,1.04,1.04,1.18,1.19,1.07,1.0,0.88,1.01,1.0,1.23,1.03,0.85,1.04,-0.32,Colin Rea,607067,SL,120,2026,1.37,23.0,2.9,16.0,3.2,90.2,8.0,10
0.97,0.98,1.0,1.0,1.02,1.0,0.97,0.98,0.99,1.0,1.0,1.0,1.0,0.98,1.03,1.0,0.99,Gerardo Reyes,622103,SL,24,2024,1.0,6.0,2.0,3.3,1.5,26.0,7.9,3
0.97,0.9,0.99,1.03,1.21,0.93,0.99,1.0,0.93,1.0,0.86,1.01,1.17,0.86,1.21,0.97,0.6,Sean Reynolds,669308,SL,256,2025,1.05,5.4,4.1,3.0,2.1,23.7,16.4,10
1.09,1.07,0.99,1.0,0.89,0.98,1.21,1.11,0.95,0.88,1.05,1.01,1.22,0.76,0.78,0.98,1.79,Orlando Ribalta,687377,SL,91,2026,1.27,4.0,1.6,2.9,1.2,14.9,7.8,10
1.0,1.0,1.0,1.0,1.0,1.0,1.0,1.0,1.0,1.0,1.0,1.0,1.0,1.0,1.0,1.0,1.0,Trevor Richards,670950,SL,11,2026,1.03,6.0,3.0,3.9,2.0,22.1,14.2,10
0.54,0.89,0.95,1.01,0.71,0.83,0.54,1.24,0.54,1.02,0.97,1.0,0.92,0.79,0.98,0.7,0.63,JR Ritchie,702275,SL,48,2026,0.41,23.0,3.5,15.2,2.6,89.6,5.5,5
1.0,1.0,1.0,1.0,1.0,1.0,1.0,1.0,1.0,1.0,1.0,1.0,1.0,1.0,1.0,1.0,1.0,Christian Roa,685005,SL,61,2026,1.03,6.1,3.6,3.9,2.7,24.2,11.6,9
1.0,1.01,1.0,1.0,1.0,0.98,1.02,1.01,0.98,1.0,1.0,1.0,1.0,0.99,1.04,1.0,0.94,David Robertson,502085,SL,112,2025,1.03,3.8,0.8,2.6,0.7,14.7,4.9,10
1.01,0.98,1.0,1.0,0.98,1.01,1.04,1.04,0.98,1.0,1.0,1.0,0.98,0.99,1.0,1.01,1.06,Nick Robertson,687798,SL,36,2024,1.05,6.1,3.6,4.4,2.2,24.1,17.8,9
0.95,1.33,1.01,1.05,1.05,0.95,0.92,0.75,0.99,0.89,0.99,0.97,0.96,1.05,0.32,1.0,-1.49,Kumar Rocker,677958,SL,351,2026,0.83,21.7,4.3,15.1,4.7,85.2,16.3,10
0.91,1.07,1.0,0.94,1.47,1.04,0.95,1.34,0.96,1.08,0.96,1.0,1.05,1.07,1.05,0.95,-0.17,Carlos Rodon,607074,SL,97,2026,1.04,22.8,2.8,16.7,2.7,93.1,9.4,10
0.54,1.45,0.96,1.02,0.94,0.71,0.54,0.66,0.89,1.0,0.93,0.97,1.2,1.23,2.24,1.01,-0.35,Elmer Rodriguez,695684,SL,34,2026,0.96,21.3,2.3,13.0,1.0,79.3,15.0,3
1.08,0.94,1.0,1.1,0.92,0.97,1.07,1.68,1.07,1.0,1.06,0.98,0.9,0.99,0.97,1.02,-0.48,Grayson Rodriguez,680570,SL,47,2026,1.24,23.6,2.9,16.7,3.1,94.3,7.2,10
0.94,1.05,0.99,1.03,1.26,0.99,0.84,0.83,1.03,0.99,1.05,1.03,1.1,0.96,0.86,0.98,0.7,Manuel Rodriguez,655889,SL,489,2025,0.89,4.1,1.3,2.5,0.7,12.6,5.3,10
1.04,1.02,1.0,1.02,0.84,0.98,0.92,1.05,0.95,1.06,1.08,0.99,0.98,1.04,1.96,0.99,0.91,Randy Rodriguez,678495,SL,708,2025,1.05,4.6,1.3,3.1,0.9,19.2,6.6,10
1.19,0.96,1.0,0.96,0.42,0.89,1.08,1.65,0.97,1.1,1.04,1.0,0.45,0.72,1.06,1.01,0.64,Yariel Rodriguez,684320,SL,948,2026,0.9,3.9,1.0,2.4,1.3,14.7,4.7,10
1.02,0.99,1.0,1.0,0.97,1.01,1.12,0.97,1.01,1.0,1.01,1.0,0.95,0.99,1.02,1.02,1.1,Yerry Rodriguez,666720,SL,134,2024,1.01,7.2,3.6,4.3,3.2,29.6,17.0,10
0.84,1.09,0.96,0.95,0.96,0.7,1.04,1.76,1.01,0.99,0.95,0.86,0.73,0.84,2.45,0.97,7.71,Tyler Rogers,643511,SL,81,2026,1.29,3.6,0.7,2.2,0.8,13.2,4.9,10
1.02,1.13,0.98,1.02,0.98,0.88,0.54,0.75,0.89,0.98,0.92,1.01,1.2,1.01,0.95,0.89,2.09,Kendry Rojas,696070,SL,64,2026,0.97,12.0,3.9,7.8,2.4,44.8,8.5,5
0.9,0.66,0.99,1.01,1.26,0.99,1.02,1.43,1.01,1.04,0.94,1.01,1.11,0.47,0.94,1.01,-0.74,Ryan Rolison,669020,SL,60,2026,1.05,4.8,2.5,3.1,1.8,18.3,10.2,10
1.18,1.08,1.02,1.13,0.8,1.11,1.23,0.94,1.05,0.89,1.03,0.98,0.98,1.15,0.6,1.05,-2.01,Jordan Romano,605447,SL,89,2026,1.1,3.8,1.6,2.2,1.0,18.0,8.7,10
1.04,0.97,1.01,1.05,0.94,1.01,1.06,1.04,1.0,0.91,1.07,1.0,1.06,1.03,0.71,1.03,1.27,Joe Ross,605452,SL,655,2026,1.19,6.0,3.0,3.4,1.5,23.1,14.6,10
0.94,1.0,1.0,1.0,1.45,1.03,0.87,0.93,0.99,0.98,0.99,1.0,1.0,1.03,0.91,0.99,0.87,Jackson Rutledge,671131,SL,383,2025,0.91,5.5,2.8,3.1,1.6,21.7,11.4,10
1.18,0.76,1.0,1.04,1.6,1.02,0.84,0.88,1.05,0.95,0.97,1.0,0.76,0.71,0.45,1.02,2.31,Joe Ryan,657746,SL,77,2026,0.75,21.8,7.3,16.2,5.5,86.8,28.0,10
0.99,0.99,1.0,1.0,1.0,0.98,0.97,0.99,1.01,1.0,1.0,1.0,1.0,1.0,1.0,1.0,0.93,River Ryan,689981,SL,67,2024,1.02,20.2,2.2,15.2,1.0,73.8,14.3,4
1.0,1.01,1.0,1.0,0.97,0.98,1.03,1.01,0.96,1.0,1.01,1.0,0.98,1.0,0.98,0.99,1.0,Ryder Ryan,656924,SL,149,2024,1.01,6.7,4.0,4.1,2.8,24.3,13.1,10
0.96,0.87,1.0,1.03,0.95,0.94,0.93,1.02,1.0,1.03,1.07,1.01,0.95,0.98,0.52,0.99,2.03,Erik Sabrowski,681870,SL,46,2026,0.98,3.3,1.4,2.4,1.3,14.6,6.6,10
1.02,1.02,1.0,1.03,1.14,0.94,1.25,1.05,1.01,0.91,1.0,1.02,1.07,1.11,1.09,1.01,0.47,Eduardo Salazar,674285,SL,384,2025,1.13,5.2,2.0,2.7,0.9,18.9,9.6,10
0.79,1.23,0.94,1.0,1.03,0.73,0.61,0.71,1.03,1.01,0.97,0.92,1.11,1.19,2.58,0.96,-2.36,Chris Sale,519242,SL,421,2026,0.86,24.2,2.7,18.1,2.8,94.8,9.2,10
1.14,1.06,1.01,1.06,1.13,1.0,1.08,0.49,1.0,0.85,0.97,1.0,1.03,1.13,0.43,1.02,-2.11,Cristopher Sanchez,650911,SL,217,2026,0.88,27.7,2.2,20.3,3.7,96.1,6.7,10
1.13,0.93,0.98,0.93,0.58,0.94,1.02,2.12,0.99,1.09,1.02,1.02,0.61,0.99,0.68,0.99,1.15,Cam Sanders,676742,SL,73,2026,1.26,5.2,2.3,2.9,1.5,22.6,10.9,10
0.99,0.85,1.01,1.02,0.77,0.99,1.07,1.66,0.99,1.11,0.89,0.9,0.84,1.16,3.99,1.02,4.24,Nick Sandlin,680704,SL,572,2026,1.39,4.6,2.2,3.2,1.7,17.5,9.2,10
0.98,0.96,1.0,1.0,1.1,1.04,1.0,0.99,1.02,1.01,1.0,1.0,1.04,0.97,1.07,1.02,1.14,Patrick Sandoval,663776,SL,356,2024,1.06,22.2,4.8,15.7,3.9,91.0,20.9,10
1.15,1.23,1.02,0.96,0.78,1.05,0.89,1.49,1.01,1.03,1.04,1.0,0.63,1.07,0.49,1.0,1.89,Dennis Santana,642701,SL,148,2026,1.04,4.2,1.7,2.3,1.2,16.2,6.6,10
0.98,0.92,1.0,0.91,0.82,0.95,1.0,1.43,0.95,0.95,0.91,1.01,0.86,1.1,1.51,0.98,1.08,Tony Santillan,663574,SL,6,2026,1.15,4.0,1.4,2.3,1.3,14.9,6.3,10
0.89,0.65,0.99,1.03,1.56,0.99,0.83,0.07,1.02,1.03,0.94,1.04,1.23,0.38,1.41,0.95,1.03,Gregory Santos,666619,SL,190,2026,0.39,5.1,1.7,2.9,1.3,20.4,7.8,10
0.79,1.03,0.98,1.06,1.02,0.93,1.03,1.02,0.95,0.91,0.98,1.0,1.08,1.15,0.65,0.84,-0.23,Roki Sasaki,808963,SL,191,2026,0.75,22.1,2.4,15.5,2.8,89.5,8.5,10
1.0,0.96,1.0,1.03,1.06,0.98,1.0,1.07,1.0,1.0,0.95,0.96,0.99,1.0,1.07,1.0,0.92,Tayler Saucedo,642048,SL,126,2026,1.07,5.2,3.7,3.5,2.8,17.7,11.9,10
0.91,0.98,1.0,1.0,0.99,1.01,0.91,1.05,1.08,1.0,1.02,1.0,0.95,0.95,1.03,1.0,0.63,Matt Sauer,669422,SL,96,2025,0.91,12.9,7.7,8.9,4.5,51.1,29.3,10
0.98,0.99,1.0,1.0,1.06,0.97,1.01,0.97,0.99,0.99,1.0,1.0,1.01,0.99,0.97,1.0,1.02,Josh Sborz,622250,SL,89,2024,1.01,4.4,1.8,3.6,1.7,17.7,7.9,10
1.29,1.02,1.0,0.95,0.8,1.04,1.42,1.76,0.95,0.99,1.14,1.0,0.74,0.72,0.7,1.02,3.06,Max Scherzer,453286,SL,77,2026,1.32,18.0,5.3,11.2,5.4,72.4,19.1,10
0.99,0.97,1.0,1.0,0.93,1.0,0.98,1.07,0.95,1.02,0.99,1.0,0.96,1.0,1.09,0.97,1.15,Clarke Schmidt,657376,SL,204,2025,0.98,22.7,3.3,17.4,3.8,89.6,13.2,10
1.23,0.68,1.02,1.03,1.0,1.13,1.05,1.29,1.01,0.98,1.01,1.03,0.87,0.47,0.94,1.05,4.03,Jesse Scholtens,669947,SL,195,2026,1.11,18.5,4.9,13.4,3.7,69.3,20.8,10
0.96,1.05,1.01,1.09,1.38,1.0,0.99,0.45,0.96,0.98,1.15,1.01,1.12,0.94,0.63,1.0,0.06,Spencer Schwellenbach,680885,SL,658,2025,0.76,26.4,2.3,20.3,2.9,94.5,6.8,10
1.02,1.02,1.0,1.07,0.96,0.91,1.04,1.17,1.01,1.0,1.03,1.01,0.99,0.85,0.95,1.01,1.25,Christian Scott,681035,SL,8,2026,1.06,19.5,3.7,13.6,3.7,79.1,14.8,10
0.79,1.22,1.02,0.97,1.38,0.92,0.79,0.73,0.98,1.08,1.07,1.04,1.08,1.15,1.3,0.95,1.29,Tanner Scott,656945,SL,166,2026,0.77,3.8,1.0,3.0,0.5,14.9,4.6,10
0.54,1.0,0.98,0.97,1.2,0.79,0.54,1.23,1.25,1.03,0.99,0.99,1.09,0.98,1.12,0.84,0.38,Connor Seabold,657756,SL,53,2026,0.64,5.0,2.2,3.1,1.9,19.0,9.3,10
1.02,0.83,1.0,0.99,0.63,1.14,1.35,1.65,0.99,0.97,1.04,0.93,0.71,0.86,0.95,1.01,2.89,JP Sears,676664,SL,400,2025,1.19,21.0,3.4,14.5,2.5,85.6,15.5,10
0.97,0.99,1.0,0.99,1.0,0.96,0.94,1.09,0.99,1.01,0.98,0.97,1.03,1.08,0.42,0.99,1.09,Kodai Senga,673540,SL,5,2026,1.14,20.8,3.2,13.7,3.8,78.9,13.8,10
1.07,1.0,1.02,0.92,1.01,1.01,1.19,1.1,0.99,0.97,0.96,1.01,1.02,0.83,1.0,1.03,1.29,Antonio Senzatela,622608,SL,14,2026,1.16,7.1,2.3,5.5,2.0,24.1,8.9,10
0.96,1.07,1.0,0.99,1.38,0.96,0.82,0.99,0.99,1.02,0.83,1.01,1.01,0.83,1.37,0.99,1.1,Luis Severino,622663,SL,46,2026,0.89,23.1,6.1,16.5,5.3,90.8,24.0,10
1.16,1.02,1.0,1.0,1.03,1.02,1.08,0.91,1.02,0.99,1.0,1.0,1.02,1.02,0.94,1.04,0.59,Carson Seymour,693313,SL,130,2025,1.14,9.3,4.9,6.4,3.9,38.6,20.1,10
1.5,0.93,0.96,0.99,0.67,0.88,2.16,0.94,0.54,0.95,1.15,0.98,0.98,0.86,0.99,1.15,3.24,Ian Seymour,693855,SL,20,2026,1.72,4.7,2.0,3.8,1.8,17.9,8.7,10
0.85,1.28,0.99,1.02,1.14,0.89,0.88,1.09,1.02,0.97,1.12,1.01,1.02,1.23,0.54,0.98,1.97,Emmet Sheehan,686218,SL,280,2026,1.05,21.7,3.2,15.6,2.8,87.7,11.3,10
0.98,0.86,0.98,1.02,1.13,0.89,0.85,1.23,1.02,0.97,1.02,1.0,0.94,0.86,0.54,1.0,1.68,Jared Shuster,694363,SL,466,2026,1.05,7.5,3.4,4.5,2.2,26.4,13.7,10
1.07,0.97,1.0,0.99,1.01,1.03,1.16,1.02,1.03,1.0,1.0,1.0,1.03,0.99,0.96,1.02,1.04,Josh Simpson,681006,SL,35,2025,1.12,3.7,1.7,2.3,1.1,16.7,8.3,10
1.23,1.15,1.02,1.05,0.92,1.01,0.98,1.12,1.04,0.99,0.94,0.96,0.92,0.95,0.99,1.02,-0.76,Brady Singer,663903,SL,299,2026,1.09,21.8,3.5,14.1,3.1,83.8,14.2,10
0.85,1.02,1.01,1.05,1.05,0.9,0.89,1.31,1.01,0.98,1.08,1.01,0.94,1.15,1.04,0.93,0.57,Paul Skenes,694973,SL,27,2026,0.92,22.6,3.1,18.1,4.1,91.9,11.4,10
0.91,0.9,1.02,1.0,2.75,1.16,0.99,0.4,1.03,0.92,0.94,1.04,1.47,0.98,0.7,0.99,2.25,Tarik Skubal,669373,SL,86,2026,0.93,23.1,3.1,17.8,3.3,85.7,16.4,10
1.01,0.99,1.0,1.0,1.0,0.98,0.97,1.03,0.98,1.01,1.01,1.0,0.99,1.0,1.02,1.0,0.94,Drew Smith,622098,SL,46,2024,1.04,3.8,1.1,2.3,1.1,15.2,5.6,10
0.89,0.7,1.02,1.04,0.68,1.01,1.07,0.89,1.0,0.89,1.02,1.05,0.9,0.39,0.69,0.97,2.44,Shane Smith,681343,SL,293,2026,0.64,20.2,3.8,14.2,4.9,84.5,14.6,10
0.98,0.99,1.0,0.99,0.94,0.96,1.02,1.04,1.03,1.0,1.0,0.99,0.97,0.99,1.03,0.99,0.92,Will Smith,519293,SL,299,2024,1.0,4.6,1.8,2.4,0.7,15.7,7.8,10
1.16,0.99,1.01,1.01,0.95,1.02,1.32,1.0,1.06,0.99,0.98,1.0,0.96,0.94,0.97,1.07,1.24,AJ Smith-Shawver,700363,SL,30,2025,1.16,20.8,4.5,14.6,4.4,79.5,18.6,10
0.99,1.01,1.0,1.0,1.04,1.01,1.01,0.96,0.99,1.0,0.99,1.0,1.02,1.01,0.99,1.0,1.1,Blake Snell,605483,SL,177,2024,1.03,22.4,2.2,16.2,3.8,92.7,9.9,10
0.94,1.04,1.01,1.01,0.96,1.01,1.16,1.01,0.99,0.99,1.0,1.0,0.97,1.01,1.08,1.01,0.93,Drew Sommers,805427,SL,33,2025,1.0,4.0,2.1,2.0,1.2,16.4,8.1,5
0.89,1.02,0.99,1.0,2.62,0.93,0.98,1.03,1.0,1.07,0.98,1.03,1.26,1.17,0.27,0.97,0.71,George Soriano,666277,SL,86,2026,1.03,3.6,0.8,2.4,1.0,13.7,5.1,10
1.04,1.08,1.01,1.05,1.26,1.06,1.06,0.7,1.0,1.0,1.06,1.03,1.09,1.1,0.57,1.01,0.62,Jose Soriano,667755,SL,58,2026,0.95,24.5,2.4,17.9,4.4,97.2,7.5,10
0.89,1.15,0.99,1.0,0.67,1.06,0.96,1.34,1.08,1.04,1.03,0.97,0.97,1.22,1.33,1.0,2.08,Gregory Soto,642397,SL,85,2026,1.21,4.2,1.3,3.1,0.6,17.7,6.4,10
0.94,1.01,1.0,0.99,0.65,0.92,0.92,1.29,1.0,0.94,0.98,0.98,0.75,1.03,0.91,0.97,-0.78,Bennett Sousa,656986,SL,471,2026,0.88,3.4,1.2,2.1,1.3,14.0,6.5,10
0.98,1.31,0.99,0.95,0.94,0.92,0.91,0.69,0.98,0.92,0.94,0.97,1.03,0.95,0.87,0.98,-1.09,Gabe Speier,642100,SL,76,2026,0.87,3.7,1.3,2.3,1.1,15.3,7.6,10
1.15,1.05,1.0,0.97,0.79,1.01,1.16,1.16,1.07,1.04,1.12,0.99,0.83,0.89,2.67,1.03,1.12,Mitch Spence,687765,SL,1167,2025,1.02,20.7,3.6,13.4,2.7,73.3,14.2,10
1.18,0.75,1.01,0.97,0.75,1.08,1.06,1.61,1.02,0.95,0.91,0.97,0.85,0.73,0.93,1.04,0.62,Jeffrey Springs,605488,SL,258,2026,1.29,23.4,2.8,16.0,3.7,86.5,9.3,10
0.96,0.98,1.0,1.0,1.1,0.98,0.91,0.99,1.0,1.01,1.0,1.0,1.02,0.98,0.97,0.99,0.82,Josh Staumont,622251,SL,256,2024,0.99,4.1,1.9,2.1,0.9,16.2,9.1,10
0.89,0.97,1.0,0.96,1.07,1.0,1.0,0.96,0.95,1.05,1.07,0.97,1.11,0.88,2.54,0.97,0.69,Justin Steele,657006,SL,702,2025,0.98,20.2,6.7,14.2,5.1,75.2,20.2,10
0.95,0.99,1.0,1.0,1.03,1.0,0.92,0.98,0.99,0.98,1.01,1.0,1.0,1.01,0.95,1.0,0.96,Gavin Stone,694813,SL,318,2024,1.0,22.1,3.2,15.2,3.9,83.6,6.6,10
0.8,0.93,0.99,0.95,0.54,0.92,0.87,1.87,0.96,1.1,0.97,0.94,0.52,0.89,1.33,0.95,2.64,Matt Strahm,621381,SL,81,2026,0.93,4.2,1.4,2.7,0.7,15.9,7.8,10
1.02,0.88,1.0,1.0,1.28,1.04,0.98,0.93,1.0,1.07,0.99,1.0,1.17,0.59,1.14,1.0,0.63,Chris Stratton,608717,SL,272,2025,0.98,6.5,2.9,4.0,1.3,25.4,10.2,10
0.99,1.08,0.99,1.03,1.05,0.88,0.85,1.46,0.99,1.06,1.0,0.99,0.94,1.08,1.85,0.97,1.0,Hunter Stratton,676702,SL,246,2025,1.12,4.4,2.3,2.8,1.8,16.1,10.2,10
0.98,0.94,0.99,0.93,1.25,0.94,0.86,0.77,0.99,1.05,0.99,0.99,1.04,0.86,1.16,1.0,0.55,Hunter Strickland,519326,SL,260,2025,0.91,4.7,2.5,2.9,1.7,18.0,9.1,10
1.23,1.21,1.01,1.05,0.79,1.2,1.33,1.33,1.03,0.91,1.01,0.98,0.8,1.35,0.93,1.01,2.7,Spencer Strider,675911,SL,141,2026,1.25,22.8,3.0,16.2,3.3,91.7,6.3,10
0.96,0.98,1.0,0.99,1.07,1.01,0.98,0.99,1.04,1.0,1.01,1.0,1.02,0.95,0.96,1.01,1.05,Ross Stripling,548389,SL,182,2024,1.01,10.5,7.7,7.1,6.6,38.5,28.0,10
0.96,1.04,1.0,0.99,1.25,1.01,0.96,0.94,1.0,1.01,1.0,1.0,1.04,0.97,1.0,1.0,0.7,Marcus Stroman,573186,SL,471,2025,0.97,19.4,4.0,12.5,4.3,76.8,13.8,10
0.95,1.07,1.0,0.93,2.21,1.03,0.86,1.08,1.03,1.18,1.01,0.95,1.03,0.9,1.43,1.0,-1.21,Jose Suarez,660761,SL,118,2026,0.87,5.8,2.6,3.4,1.8,23.4,12.9,10
1.03,1.09,1.0,0.98,0.95,1.0,1.12,1.16,1.0,0.94,0.95,0.93,0.88,1.23,1.64,1.01,1.6,Ranger Suarez,624133,SL,14,2026,1.18,21.7,3.6,16.5,4.3,83.7,11.6,10
1.89,1.13,1.01,0.98,1.07,1.14,1.68,1.18,0.91,1.03,0.92,1.0,1.01,0.79,0.92,1.23,0.35,Tomoyuki Sugano,608372,SL,108,2026,1.85,22.3,2.0,15.9,2.7,84.7,11.2,10
1.06,0.88,1.0,0.81,0.81,0.82,1.42,1.38,0.93,0.81,0.91,0.85,0.78,0.54,1.26,1.06,4.73,Brett Sullivan,664954,SL,38,2026,1.4,4.8,2.9,2.8,0.5,14.8,8.3,4
1.07,0.95,0.98,1.1,1.4,0.87,1.07,1.04,1.01,0.91,0.93,0.9,1.05,0.84,2.31,1.03,0.49,Brent Suter,608718,SL,93,2026,1.13,5.4,2.9,3.7,2.2,20.6,10.8,10
0.98,0.97,1.0,1.0,0.99,1.04,1.01,1.0,1.03,1.0,0.99,1.0,0.98,0.97,1.0,1.0,1.05,Erik Swanson,657024,SL,128,2024,0.98,4.5,1.4,2.7,1.1,19.3,7.2,10
0.92,0.98,0.98,1.1,1.1,0.91,0.92,1.55,0.99,1.08,0.97,1.04,0.87,0.91,1.54,0.99,0.74,Grant Taylor,691799,SL,83,2026,0.97,4.9,1.8,3.7,2.0,21.3,7.9,10
0.84,1.09,0.99,0.96,0.99,0.98,0.97,0.67,1.0,0.95,1.05,1.02,0.95,0.94,0.96,1.0,3.19,Caleb Thielbar,573204,SL,51,2026,0.81,3.5,1.2,2.3,1.1,16.0,6.1,10
0.99,1.03,0.97,1.03,0.63,0.72,0.93,2.5,1.02,0.94,1.09,0.9,0.67,0.77,3.14,0.94,4.56,Ryan Thompson,657044,SL,74,2026,1.42,3.7,2.0,2.4,1.3,14.2,9.1,10
1.06,0.99,1.0,1.0,0.98,1.01,1.09,1.03,0.99,0.99,1.0,1.0,0.97,0.99,0.99,1.0,0.99,Zack Thompson,668868,SL,87,2024,1.04,16.6,7.7,10.0,4.8,63.4,28.0,5
1.02,1.0,1.0,1.0,1.01,1.0,1.0,1.0,0.98,1.01,1.01,1.0,1.01,0.98,0.99,1.0,1.12,Trent Thornton,663423,SL,253,2025,1.05,4.9,1.2,4.1,1.3,19.6,6.5,10
0.94,1.0,1.0,1.0,0.99,1.01,0.94,1.01,1.03,1.0,1.0,1.0,0.99,0.99,1.0,1.0,0.82,Drew Thorpe,689672,SL,105,2024,0.98,21.1,4.3,14.7,5.2,80.0,19.5,9
0.96,1.01,0.98,0.97,1.22,0.84,0.95,1.09,1.01,1.01,0.94,1.0,0.98,1.03,1.5,0.97,1.1,Jesus Tinoco,622786,SL,464,2025,0.99,3.8,0.9,2.7,1.4,14.5,4.5,10
0.98,1.13,1.0,0.94,1.37,1.01,0.79,0.38,0.95,0.96,0.94,0.98,1.24,0.84,0.45,0.98,0.39,Michael Tonkin,543859,SL,605,2025,0.89,4.9,2.5,2.8,1.5,17.2,8.0,10
0.97,0.99,1.0,1.0,1.02,1.01,0.97,1.0,0.98,1.0,1.01,1.0,1.01,1.01,1.02,0.99,1.04,Spencer Turnbull,605513,SL,49,2024,1.01,9.5,3.0,6.1,2.4,37.9,10.5,10
1.0,1.0,1.0,1.0,0.99,0.99,0.97,1.0,0.99,1.0,1.0,1.0,1.0,1.0,1.04,1.0,0.97,Kyle Tyler,667725,SL,65,2024,1.03,17.8,4.8,12.1,3.6,72.1,22.4,8
0.96,0.84,0.98,0.96,1.06,0.85,0.96,1.32,1.04,0.97,0.93,1.01,0.99,0.91,0.8,1.01,2.2,Jose Urena,570632,SL,848,2025,1.19,16.2,5.4,10.7,3.9,62.8,19.5,10
0.83,1.13,0.98,1.0,0.73,0.81,0.96,1.62,0.98,1.04,0.87,1.01,0.97,1.15,2.37,0.94,2.32,Abner Uribe,682842,SL,121,2026,1.18,4.2,0.9,2.5,0.7,16.8,4.3,10
0.99,0.96,1.01,0.93,0.94,1.01,1.1,0.8,1.01,1.02,1.04,0.98,0.99,1.03,0.85,1.01,0.09,Framber Valdez,664285,SL,51,2026,0.98,24.5,2.9,16.8,3.5,89.4,12.2,10
0.93,0.98,1.0,1.0,0.99,0.95,1.06,1.04,1.01,1.0,1.01,1.01,0.99,0.97,0.97,0.98,1.04,Carlos Vargas,672841,SL,204,2025,0.96,4.7,2.5,3.1,1.9,15.3,8.1,10
1.06,1.04,1.02,1.03,0.92,1.03,0.98,1.26,1.09,0.91,1.02,1.02,0.86,0.8,0.41,1.04,1.02,Gus Varland,681402,SL,149,2026,1.02,4.3,1.2,2.9,1.3,15.6,7.7,10
0.95,1.23,1.0,0.93,1.35,0.98,0.92,0.91,1.0,1.2,1.04,1.01,1.05,1.0,1.3,0.99,2.33,Randy Vasquez,681190,SL,54,2026,0.96,22.6,1.7,16.2,2.9,88.3,9.6,10
1.23,0.99,1.01,0.99,1.0,1.08,1.13,0.99,0.95,1.0,0.99,1.0,1.01,0.99,0.96,1.04,1.06,Anthony Veneziano,685107,SL,114,2025,1.22,5.2,3.3,3.2,2.4,23.3,14.6,10
1.0,0.77,1.0,0.94,0.9,0.93,0.88,1.1,1.02,1.01,1.13,1.01,0.87,0.82,0.92,0.98,1.66,Justin Verlander,434378,SL,932,2026,0.92,23.3,3.0,16.9,3.5,95.1,13.0,10
0.9,1.23,0.98,0.98,0.97,0.92,1.03,1.11,1.02,0.97,0.92,0.98,0.8,1.25,1.29,0.97,1.69,Alex Vesia,681911,SL,116,2026,0.91,3.0,1.3,1.9,0.7,14.1,7.0,10
1.02,1.0,1.0,1.0,0.97,0.98,1.05,1.06,0.99,1.0,1.01,1.0,0.98,1.0,1.04,1.0,1.0,Nick Vespi,663989,SL,42,2024,1.05,4.5,1.9,3.4,1.1,15.8,6.6,10
0.96,1.22,1.02,0.99,1.67,0.92,0.96,0.24,0.99,1.09,1.04,1.02,1.2,1.28,0.76,1.01,-0.34,Will Vest,676684,SL,88,2026,0.83,4.5,2.1,2.8,1.3,18.3,7.5,10
1.08,0.99,1.0,1.0,0.97,1.01,1.14,1.03,1.03,1.0,0.99,1.0,0.98,1.0,0.97,1.03,1.08,Thyago Vieira,600986,SL,265,2024,1.11,6.5,2.9,4.6,2.6,27.3,11.8,10
0.88,1.12,1.01,1.06,2.58,0.98,0.93,0.31,1.01,0.99,0.82,1.03,1.47,1.02,0.57,0.99,-2.29,Victor Vodnik,680767,SL,82,2026,0.78,4.9,1.7,2.4,1.6,20.0,6.9,10
0.94,1.08,1.01,1.05,1.05,0.88,1.04,1.06,1.03,0.83,1.05,0.99,0.92,0.88,0.85,1.01,2.67,Michael Wacha,608379,SL,90,2026,1.0,25.3,1.6,18.8,2.9,91.0,8.6,10
1.15,0.99,1.0,1.0,0.99,0.97,1.11,0.99,1.11,1.0,1.03,1.0,0.98,0.97,1.01,1.04,1.17,Brandon Waddell,663399,SL,89,2025,1.12,11.8,7.3,7.7,4.7,45.1,29.3,10
0.95,0.87,1.0,0.99,1.28,0.93,0.88,0.6,1.05,0.95,0.96,1.01,0.94,0.77,0.53,1.0,0.45,Hurston Waldrep,694462,SL,130,2025,0.67,22.2,3.0,16.9,1.9,86.1,13.6,10
1.01,1.06,1.0,1.11,0.89,1.01,0.93,1.23,1.0,0.93,0.98,0.98,0.91,1.12,1.27,0.99,1.32,Josh Walker,677020,SL,170,2026,1.06,6.8,4.1,3.5,2.1,25.5,14.1,10
0.9,0.99,0.96,0.99,0.7,0.82,1.06,1.56,0.92,1.06,0.97,0.96,0.76,0.7,3.68,0.98,1.44,Ryan Walker,676254,SL,89,2026,0.96,4.6,1.8,2.5,1.2,18.6,6.2,10
0.89,0.98,0.99,0.92,1.22,0.91,0.92,1.8,0.98,0.98,1.02,0.94,0.78,0.62,1.62,1.0,2.1,Taijuan Walker,592836,SL,50,2026,1.11,19.9,7.4,11.7,4.5,71.4,24.4,10
0.97,1.0,1.0,1.0,1.0,0.99,0.97,1.03,1.02,1.0,1.0,1.0,1.0,1.01,1.01,0.99,1.0,Andrew Walters,689958,SL,59,2025,1.01,3.4,1.1,2.7,1.3,14.7,5.4,10
1.5,1.1,1.0,0.95,1.6,1.3,0.54,1.02,1.43,1.04,1.01,1.0,0.87,1.07,0.91,0.99,1.0,Ryan Weathers,677960,SL,92,2026,0.93,23.9,3.4,18.0,4.0,94.4,6.6,10
1.03,0.96,1.0,1.02,1.13,0.96,1.0,1.17,1.0,0.96,0.98,1.02,0.96,0.85,1.02,1.01,1.2,Jordan Weems,607179,SL,283,2025,1.03,6.6,2.4,3.4,1.7,27.7,9.9,10
1.12,0.9,0.99,0.96,0.88,1.06,1.08,1.68,0.98,1.02,1.01,1.02,0.96,0.75,1.21,1.04,2.24,Tyler Wells,669330,SL,71,2026,1.38,5.3,2.2,3.4,1.3,21.9,9.2,10
0.99,1.0,1.0,1.02,1.0,1.07,0.97,0.99,1.02,1.01,1.01,1.0,0.99,0.98,1.0,1.01,1.03,Joey Wentz,666214,SL,461,2025,1.0,21.4,2.8,14.0,3.7,87.5,9.9,10
0.94,0.98,1.0,1.0,1.08,1.02,0.94,1.0,1.02,1.0,0.98,1.0,0.99,0.97,0.96,1.0,0.88,Carson Whisenhunt,687931,SL,57,2025,0.96,20.4,2.1,13.4,2.1,81.4,5.4,5
1.09,0.99,1.0,1.0,0.97,1.01,1.12,1.01,1.01,1.0,1.0,1.0,0.99,0.98,0.99,1.03,1.0,Mitch White,669952,SL,47,2024,1.11,7.4,4.2,4.2,2.3,28.6,17.3,10
1.12,1.26,1.0,1.13,1.01,1.03,0.88,0.06,1.02,0.81,1.07,0.99,1.09,1.15,0.34,1.05,-1.15,Garrett Whitlock,676477,SL,105,2026,0.8,3.8,1.0,2.7,1.1,14.0,5.3,10
1.0,1.07,1.0,1.0,1.1,1.05,1.01,1.17,1.0,1.0,0.92,1.0,1.12,0.87,0.83,1.01,0.99,Jordan Wicks,696136,SL,99,2026,1.17,10.0,7.3,5.6,3.8,34.5,26.2,10
1.0,1.0,1.0,1.0,1.0,1.0,1.0,1.0,1.0,1.0,1.0,1.0,1.0,1.0,1.0,1.0,1.0,Joey Wiemer,686894,SL,16,2026,1.03,8.0,1.4,2.5,0.7,21.0,2.8,2
1.43,1.02,1.03,1.0,0.98,1.17,1.29,0.49,1.03,0.95,1.08,1.01,0.85,1.11,0.65,1.22,0.28,Cole Wilcox,677961,SL,84,2026,1.25,6.6,2.2,3.5,2.0,26.0,9.7,10
1.01,0.87,1.01,1.06,1.14,1.02,0.91,1.04,1.01,0.95,0.8,0.95,0.96,0.44,1.22,1.01,1.58,Trevor Williams,592866,SL,268,2025,0.89,21.3,2.7,14.5,3.2,81.2,7.2,10
0.89,1.03,1.0,0.96,1.5,0.99,0.85,0.78,1.04,0.98,1.05,1.02,1.03,1.01,0.64,1.0,1.2,Justin Wilson,458677,SL,479,2025,0.86,3.5,1.6,2.1,1.1,14.5,7.1,10
0.97,1.0,1.0,1.0,1.05,1.0,1.02,0.98,0.98,1.0,1.0,1.0,1.01,1.02,0.97,1.0,0.97,Trey Wingenter,622259,SL,80,2024,1.02,5.9,2.0,3.1,1.1,25.4,7.6,7
1.13,1.35,0.98,1.07,1.37,1.02,0.93,0.46,0.99,1.08,1.07,1.0,1.34,1.29,0.59,1.02,-2.13,Cole Winn,668390,SL,74,2026,1.11,3.9,1.1,2.5,1.1,14.3,6.9,10
1.02,0.99,1.01,0.97,1.2,1.06,1.05,0.84,1.0,1.0,1.01,1.02,1.06,1.03,0.87,1.02,0.93,Keaton Winn,676775,SL,14,2026,1.03,4.3,1.6,2.7,1.2,15.1,5.9,10
1.0,0.91,1.0,0.98,1.04,1.0,0.94,1.22,1.0,0.99,1.01,1.01,0.86,0.98,0.67,1.0,0.93,Grant Wolfram,664991,SL,152,2026,0.99,3.5,0.8,1.9,0.9,12.6,3.3,10
1.16,1.03,1.03,1.0,0.91,1.2,1.18,0.76,0.98,0.92,1.01,1.0,0.86,0.9,0.71,1.01,0.34,Bryan Woo,693433,SL,127,2026,0.84,23.2,3.0,16.8,3.9,86.4,13.5,10
0.97,1.0,1.0,1.0,0.97,0.97,0.94,1.02,1.01,0.99,0.97,1.0,1.0,0.99,1.07,0.98,0.84,Alex Wood,622072,SL,237,2024,0.98,20.3,4.4,13.0,3.9,83.6,14.1,9
1.12,0.91,1.03,1.02,0.77,1.15,0.94,1.58,1.01,0.92,0.94,1.0,0.68,0.53,0.85,1.01,3.71,Simeon Woods Richardson,680573,SL,202,2026,1.0,18.1,6.9,10.7,4.2,68.6,25.5,10
0.95,0.88,1.03,0.84,1.15,1.16,0.78,0.62,0.91,1.0,0.99,1.0,0.98,0.59,0.78,0.96,-0.02,Justin Wrobleski,680736,SL,299,2026,0.65,25.1,4.6,18.3,4.7,90.7,14.4,10
0.81,0.86,1.01,1.02,0.97,1.06,0.9,0.72,0.97,1.12,1.24,1.01,0.68,0.95,1.11,1.01,1.51,Yoshinobu Yamamoto,808967,SL,67,2026,0.51,24.8,2.3,18.7,2.6,96.4,7.1,10
0.95,1.0,0.99,0.92,1.63,1.04,0.86,0.05,0.98,0.94,1.17,1.03,1.45,0.99,0.9,0.96,3.42,Trey Yesavage,702056,SL,127,2026,0.94,21.0,2.7,15.0,2.8,85.4,9.8,10
0.94,1.37,1.0,0.97,1.01,0.97,1.07,1.33,0.98,0.86,0.99,0.97,1.22,1.15,0.47,1.02,0.57,Brandon Young,687064,SL,98,2026,1.48,24.1,3.4,17.1,3.9,86.8,12.2,10
0.79,0.72,1.02,1.03,1.55,1.18,0.97,1.09,1.0,1.05,0.93,1.03,1.43,0.49,1.5,0.99,-0.02,Ryan Zeferjahn,666171,SL,91,2026,1.04,4.7,1.3,2.8,1.6,20.0,6.1,10
1.04,1.07,1.03,0.87,2.68,1.06,1.0,0.84,0.95,1.04,0.93,1.0,1.29,0.52,0.61,1.0,-1.24,Angel Zerpa,672582,SL,45,2026,0.9,4.7,1.1,2.9,1.4,18.8,7.3,10
1.23,0.99,1.0,1.0,0.97,1.04,1.27,1.01,1.01,1.0,1.02,1.0,0.98,0.95,1.03,1.05,1.01,Tyler Zuber,676604,SL,49,2025,1.19,5.8,3.0,3.7,1.8,24.5,13.6,10
1.07,1.09,1.0,0.96,1.15,1.04,1.07,0.74,1.0,1.04,1.0,1.01,1.11,0.99,0.68,1.01,-0.01,Yosver Zulueta,691172,SL,140,2025,1.01,4.3,1.8,2.7,1.6,19.5,7.6,10
0.74,1.32,1.0,1.02,1.19,0.9,0.85,0.72,1.04,1.1,1.07,1.06,0.91,1.25,1.09,1.01,1.67,Jacob deGrom,594798,SL,343,2026,0.7,22.0,3.1,16.4,3.9,88.3,9.7,10
0.83,0.96,0.98,1.02,0.98,0.95,0.98,1.57,0.95,1.1,1.2,1.0,1.1,0.88,1.02,0.96,-1.23,Andrew Abbott,671096,ST,221,2026,0.82,22.3,2.4,15.8,2.8,90.4,8.6,10
0.54,1.11,0.95,1.04,0.73,0.71,0.54,1.08,1.15,1.02,1.0,1.0,0.99,0.97,1.04,0.83,1.38,Mick Abel,690953,ST,38,2026,0.76,18.5,5.0,11.8,5.6,74.7,15.0,10
0.99,1.0,1.0,0.99,1.06,0.98,1.11,0.82,0.98,1.0,0.93,0.95,1.13,1.13,1.1,1.0,-0.63,Jason Adam,592094,ST,18,2026,0.92,3.6,0.7,2.4,1.0,13.6,5.5,10
0.97,1.04,1.01,0.94,1.04,1.16,0.92,0.86,1.0,0.94,0.93,1.03,1.2,1.17,1.03,0.99,-1.71,Zach Agnos,688642,ST,95,2026,0.87,12.3,4.9,7.8,4.3,44.0,19.4,10
1.29,0.94,0.99,0.97,0.54,1.13,1.77,1.33,0.81,0.96,0.99,1.01,0.94,0.94,0.92,0.78,0.88,Sandy Alcantara,645261,ST,81,2026,1.2,26.6,2.8,17.5,3.4,98.1,6.5,10
1.03,0.91,1.01,1.02,0.86,1.04,1.15,0.96,1.0,1.01,0.86,0.96,0.91,0.92,1.14,1.01,0.59,Jason Alexander,669920,ST,18,2026,1.0,20.5,5.3,14.2,5.2,74.9,24.7,10
0.96,0.72,1.02,0.99,1.02,0.93,0.88,1.15,1.06,0.96,1.02,0.97,0.92,0.57,1.0,1.03,2.26,Tyler Alexander,641302,ST,61,2026,1.0,3.7,1.3,2.2,1.4,14.6,5.9,10
0.97,0.98,1.0,1.0,1.03,1.0,0.94,1.02,1.04,1.0,1.01,1.0,0.99,0.99,0.98,0.99,1.12,Logan Allen,663531,ST,99,2024,0.97,9.8,5.1,6.0,3.6,37.8,22.1,10
1.1,1.01,1.0,0.99,1.13,1.02,1.14,0.9,0.97,0.95,0.9,0.96,1.16,0.95,1.02,1.0,0.88,Logan Allen,671106,ST,947,2025,1.03,23.2,2.3,15.2,3.2,93.2,7.7,10
1.04,1.02,1.0,1.0,0.98,1.0,1.08,0.98,0.97,1.0,0.99,1.0,1.0,1.03,1.0,1.02,1.04,Yency Almonte,622075,ST,95,2024,1.01,4.1,1.4,2.9,1.3,15.9,5.0,10
0.96,1.0,1.0,0.99,1.0,0.98,0.98,1.0,1.01,1.0,1.0,1.0,1.0,0.99,1.01,0.99,0.77,Chase Anderson,502624,ST,154,2024,0.95,9.4,5.8,5.8,4.0,38.1,24.4,10
0.97,1.01,1.02,1.03,1.16,1.19,0.97,0.54,1.01,1.0,1.04,0.98,1.37,0.98,0.97,0.96,3.43,Grant Anderson,681982,ST,117,2026,1.04,3.6,1.5,2.2,1.3,14.6,8.5,10
1.0,1.0,1.0,1.0,1.0,1.0,1.0,1.0,1.0,1.0,1.0,1.0,1.0,1.0,1.0,1.0,1.0,Jack Anderson,681252,ST,15,2026,0.98,10.7,0.6,8.3,1.2,41.3,10.5,3
1.0,1.1,1.02,1.03,0.93,0.95,1.01,1.18,1.07,1.11,1.02,0.99,0.95,0.93,1.2,1.01,-3.06,Shaun Anderson,641312,ST,34,2026,0.84,7.8,4.0,5.2,2.8,30.6,16.5,10
0.54,1.2,1.0,1.0,2.07,0.97,0.54,1.03,1.12,1.03,0.91,1.01,1.11,1.03,0.96,0.95,1.97,Tejay Antone,622088,ST,66,2026,0.66,4.0,1.7,2.3,1.5,15.2,5.8,10
0.87,0.83,0.99,1.04,1.1,0.97,0.83,1.14,1.02,1.0,0.92,1.02,0.72,0.87,0.94,0.94,8.65,Shawn Armstrong,542888,ST,81,2026,1.17,3.6,1.0,2.1,1.0,15.0,6.0,10
0.83,0.85,1.01,1.13,0.95,0.92,0.94,1.59,0.96,1.05,1.06,0.96,0.91,0.77,1.19,0.97,1.9,Spencer Arrighetti,681293,ST,103,2026,0.93,24.5,1.8,17.9,2.7,95.1,4.9,10
0.95,1.04,1.0,1.02,0.86,0.95,0.99,0.99,1.0,0.95,0.91,0.98,1.13,0.97,0.97,0.99,1.18,Javier Assad,665871,ST,21,2026,0.98,14.4,7.4,10.4,5.7,57.0,28.6,10
1.14,1.12,1.03,0.92,1.28,1.11,0.86,0.65,1.08,1.19,0.95,1.05,1.11,1.08,0.7,1.04,-0.11,Lake Bachar,669199,ST,90,2026,0.99,6.1,2.3,4.2,1.7,23.0,7.7,10
1.13,1.29,0.98,1.09,0.83,0.84,1.24,1.07,1.01,0.82,0.99,0.95,0.98,1.01,0.8,0.99,2.64,Kyle Backhus,679775,ST,55,2026,1.13,4.1,1.8,2.5,1.2,16.1,10.2,10
1.01,0.96,1.01,0.89,0.54,0.9,1.07,1.27,1.07,0.89,1.01,1.0,0.57,0.93,0.98,1.0,2.0,Tanner Banks,621383,ST,96,2026,1.06,5.4,2.2,3.2,1.8,20.2,9.4,10
1.0,1.0,1.0,1.0,1.0,1.0,1.0,1.0,1.0,1.0,1.0,1.0,1.0,1.0,1.0,1.0,1.0,Hunter Barco,682995,ST,21,2026,0.98,10.3,5.9,6.3,3.8,39.6,21.8,7
0.92,1.18,0.99,1.03,1.29,1.03,0.69,1.14,1.01,0.93,0.92,0.96,1.05,1.13,0.84,0.96,6.95,Scott Barlow,605130,ST,151,2026,1.12,4.0,1.1,2.1,1.0,15.6,4.9,10
1.01,1.0,1.0,1.0,0.98,1.04,1.18,1.01,0.99,1.01,1.0,1.0,0.98,1.0,1.0,1.0,1.03,Mason Barnett,686930,ST,92,2025,0.99,18.8,5.0,12.0,3.2,78.8,22.2,6
0.83,1.06,0.97,0.96,0.67,0.8,0.94,1.22,1.01,0.92,1.11,0.89,0.77,1.21,1.34,0.98,-0.35,Chris Bassitt,605135,ST,55,2026,0.87,22.2,3.4,14.4,4.4,82.1,14.0,10
0.94,1.12,1.01,0.88,1.02,0.97,0.89,0.7,1.05,1.01,0.99,1.01,0.82,1.03,1.1,0.99,-3.64,Eduard Bazardo,660825,ST,153,2026,0.78,4.6,1.0,2.6,0.8,18.8,5.1,10
0.98,1.26,1.0,1.06,2.06,1.0,1.04,0.92,0.97,1.04,1.23,1.0,1.38,0.89,1.27,0.97,-0.29,Tristan Beck,663941,ST,299,2026,0.84,6.8,3.4,4.8,2.7,22.7,12.2,10
0.95,1.0,1.01,0.96,4.66,1.09,0.93,0.46,1.01,0.89,1.02,1.04,1.79,0.73,0.56,1.0,-2.92,Brayan Bello,678394,ST,107,2026,0.49,23.0,3.0,15.3,4.4,84.4,12.5,10
1.19,0.77,1.0,0.96,0.91,0.98,0.98,1.17,0.94,1.02,1.12,0.96,1.11,0.95,0.89,1.0,4.03,Valente Bellozo,678368,ST,35,2026,1.21,10.9,7.6,6.8,5.9,40.8,28.5,10
1.0,0.8,1.02,0.88,0.98,1.04,0.73,1.09,0.96,1.11,0.94,1.01,0.87,0.8,1.4,0.92,2.69,Anthony Bender,669622,ST,175,2026,1.05,3.8,1.2,3.4,1.1,14.4,5.4,10
1.01,0.97,1.0,1.0,1.09,0.96,1.09,1.03,1.0,1.01,0.99,1.0,1.01,0.99,1.01,1.0,0.8,Ryan Bergert,686701,ST,233,2025,0.98,21.0,2.5,15.4,2.8,85.8,7.0,10
1.02,0.98,1.0,1.0,0.99,1.0,1.05,1.0,1.01,1.0,1.0,1.0,1.0,1.0,1.0,0.99,1.0,Jonathan Bermudez,642834,ST,35,2024,1.0,11.0,4.6,6.7,5.0,40.3,12.5,3
1.04,0.86,1.01,1.04,0.91,0.98,0.96,1.07,0.95,1.01,1.07,1.01,1.01,0.95,1.11,0.98,-0.13,Tanner Bibee,676440,ST,22,2026,0.98,23.2,3.7,16.1,4.7,90.1,12.2,10
0.54,1.18,0.98,0.99,0.92,0.86,0.54,1.01,1.12,0.98,1.09,1.01,0.97,1.1,0.88,0.93,2.05,Osvaldo Bido,674370,ST,63,2026,0.77,7.8,4.1,5.0,3.0,30.1,16.2,10
0.97,1.0,1.0,1.0,1.02,0.99,0.97,1.02,1.02,1.0,1.0,1.0,1.0,1.0,0.99,1.0,0.8,Brandon Bielak,656232,ST,75,2024,0.96,9.2,3.5,5.3,3.5,32.5,10.1,10
0.96,0.83,1.0,0.91,0.81,1.03,1.07,1.09,1.0,1.05,0.91,1.03,0.96,1.17,1.01,1.0,5.18,Jake Bird,656234,ST,125,2026,1.13,3.1,1.1,1.9,0.9,13.1,5.1,10
1.01,0.93,1.0,0.99,1.0,1.12,0.99,0.91,1.0,0.93,1.08,1.0,0.96,0.96,0.94,1.01,2.15,Spencer Bivens,702352,ST,291,2025,1.03,5.9,4.4,3.9,3.3,22.7,15.4,10
0.98,0.7,1.0,0.99,1.71,1.07,1.06,1.2,0.99,1.01,0.97,1.0,1.22,0.52,0.92,1.01,-3.17,Mason Black,696131,ST,242,2026,0.76,10.9,7.3,7.0,5.1,45.0,28.1,10
0.96,0.94,0.99,0.96,1.13,0.72,1.04,0.9,0.99,1.06,1.06,1.01,1.03,0.96,1.11,0.98,-2.43,Paul Blackburn,621112,ST,23,2026,0.83,6.5,2.5,4.4,2.2,26.5,8.6,10
1.09,1.0,0.99,1.01,0.98,0.96,1.09,0.95,1.0,1.02,1.05,1.02,1.11,1.08,0.9,0.98,2.55,AJ Blubaugh,805123,ST,124,2026,1.09,7.5,3.7,5.4,2.9,29.7,14.3,10
0.9,0.8,0.99,0.98,0.61,0.96,1.01,1.34,0.98,1.04,1.02,1.0,0.41,0.98,1.09,0.96,1.16,Cody Bolton,675989,ST,40,2026,0.97,11.2,3.3,6.4,3.1,46.7,13.1,10
0.98,1.0,1.0,0.99,0.91,0.89,0.85,0.93,1.01,0.9,1.05,0.99,0.95,1.09,0.96,0.99,-0.93,Cam Booser,592155,ST,346,2025,0.91,3.8,1.9,1.8,1.0,14.6,8.5,10
0.85,0.87,1.01,1.01,0.84,0.93,0.92,1.18,0.97,0.98,0.9,0.99,0.85,1.08,0.98,0.95,-1.11,Ryan Borucki,621366,ST,36,2026,0.85,6.0,2.6,3.7,1.9,22.2,9.1,10
1.0,1.0,1.0,1.0,1.0,1.0,1.0,1.0,1.0,1.0,1.0,1.0,1.0,1.0,1.0,1.0,1.0,Jonathan Bowlan,680742,ST,43,2026,0.98,4.3,1.2,2.9,1.4,17.5,6.5,10
1.07,0.98,1.0,1.03,0.68,1.06,1.12,1.09,1.0,1.02,1.03,1.0,0.76,0.83,0.94,1.03,2.62,Matt Bowman,621199,ST,216,2025,1.11,6.7,2.8,4.0,1.8,26.3,11.8,10
0.87,0.98,0.99,1.03,0.62,0.96,1.18,1.74,1.02,1.02,1.05,1.03,0.66,0.74,1.16,0.97,1.1,Joe Boyle,671212,ST,27,2026,0.95,20.4,3.6,13.3,3.4,82.5,15.1,10
0.97,1.01,1.0,1.0,1.13,0.98,0.97,0.98,0.97,1.0,1.0,1.0,1.03,1.0,0.99,0.99,0.92,Jhony Brito,666745,ST,24,2024,0.96,7.9,3.6,5.1,2.8,27.6,12.5,10
0.81,0.9,1.0,1.06,1.24,1.01,0.89,1.41,1.08,1.0,0.97,0.96,0.57,0.73,1.32,1.01,-0.97,Justin Bruihl,677865,ST,160,2026,0.78,4.1,1.6,2.4,2.0,14.9,6.5,10
0.89,0.89,1.02,1.04,1.63,1.02,0.9,0.66,1.07,1.0,0.95,1.0,1.22,0.9,0.99,1.04,-3.51,Kris Bubic,663460,ST,140,2026,0.7,22.2,3.1,15.9,4.2,87.2,10.6,10
0.99,1.15,0.99,1.03,0.98,0.76,1.15,1.44,0.94,1.01,1.11,1.01,1.01,1.04,0.93,0.96,4.92,Walker Buehler,621111,ST,67,2026,1.12,20.1,2.6,14.5,3.1,80.4,14.0,10
0.97,1.16,0.99,1.02,1.25,1.0,0.9,0.95,1.04,0.89,1.0,0.98,1.0,1.38,1.0,1.03,0.67,Aaron Bummer,607481,ST,51,2026,0.93,4.8,2.3,2.5,1.0,17.5,10.0,10
1.16,0.99,1.0,1.0,0.99,1.0,1.06,0.98,1.04,1.01,1.02,1.0,1.0,1.01,1.0,1.04,0.97,Juan Burgos,686228,ST,70,2025,1.07,4.4,2.2,2.0,1.4,15.7,7.7,10
1.02,1.09,1.0,0.97,1.02,0.99,0.93,0.92,1.0,0.99,0.92,1.01,1.03,0.89,0.92,0.99,-0.88,Jose Butto,676130,ST,205,2025,0.93,4.8,1.8,2.3,0.9,18.5,6.2,10
1.01,0.99,1.0,1.0,0.98,1.01,1.03,1.0,0.99,1.0,1.01,1.0,0.99,0.99,1.01,1.02,0.88,Isaiah Campbell,663462,ST,55,2025,0.99,5.8,2.3,2.5,1.9,17.5,8.4,10
1.06,0.94,1.01,0.97,0.76,1.05,1.24,1.28,1.03,1.0,0.9,0.99,0.66,0.82,1.04,1.03,1.55,Jonathan Cannon,686563,ST,710,2025,1.06,17.3,8.8,11.1,6.8,64.5,29.5,10
0.97,1.0,1.0,1.0,0.99,0.99,0.97,1.02,0.99,1.0,1.0,1.0,0.99,1.0,1.0,0.99,1.08,Carlos Carrasco,471911,ST,54,2024,0.97,15.1,8.9,9.4,5.9,52.9,32.5,10
0.95,0.93,1.0,0.91,0.84,0.93,0.8,1.12,1.04,1.09,1.11,1.03,0.94,0.89,0.97,1.0,0.29,Ben Casparius,676508,ST,487,2026,0.94,4.5,1.2,2.7,0.7,18.5,6.4,10
1.0,1.0,1.0,1.0,1.0,1.0,1.0,1.0,1.0,1.0,1.0,1.0,1.0,1.0,1.0,1.0,1.0,Blas Castano,680604,ST,44,2026,0.98,10.5,4.8,6.2,2.9,39.3,14.7,6
0.94,1.01,1.0,1.0,1.15,0.96,0.94,0.95,0.99,0.99,0.98,1.0,1.08,1.03,1.0,0.98,1.03,Luis F. Castillo,622379,ST,42,2025,0.94,20.0,4.2,10.0,2.8,83.5,23.3,2
0.54,1.17,0.98,1.0,1.15,0.91,0.54,0.76,0.94,0.94,0.95,1.02,1.23,0.88,1.02,0.98,-2.84,Cade Cavalli,676917,ST,117,2026,0.59,22.6,4.6,15.1,4.7,84.9,14.6,10
0.9,1.26,1.0,1.0,1.74,0.93,0.88,0.52,0.99,1.09,0.87,1.02,1.34,0.88,0.81,0.98,-7.59,Dylan Cease,656302,ST,58,2026,0.56,23.7,2.8,16.7,3.2,98.8,9.8,10
1.55,1.0,0.99,1.01,1.3,0.94,2.19,1.15,0.89,0.97,0.94,1.0,1.2,0.84,0.95,1.05,0.8,Slade Cecconi,677944,ST,75,2026,1.26,22.8,3.1,15.1,3.0,84.4,9.3,10
0.54,1.0,1.0,1.01,1.5,0.89,0.54,1.17,0.97,0.98,1.01,1.03,1.33,1.01,0.84,0.93,0.81,Bubba Chandler,696149,ST,73,2026,0.68,21.6,2.5,14.1,2.8,85.7,8.0,10
0.95,1.07,1.0,0.94,1.27,0.93,0.85,0.9,0.99,1.05,1.02,0.99,0.97,1.19,1.19,1.0,-0.01,Garrett Cleavinger,664076,ST,303,2026,0.9,3.7,1.3,2.8,1.3,13.6,7.3,10
1.05,0.99,1.0,1.0,0.98,1.01,0.97,1.01,1.06,1.0,0.99,1.0,0.98,0.99,1.01,1.03,0.9,Mike Clevinger,605182,ST,80,2025,1.01,7.4,7.6,4.7,5.5,29.0,32.2,10
0.54,0.99,1.01,0.97,1.88,0.74,0.54,0.6,0.89,1.05,0.97,1.02,1.33,0.98,0.89,0.82,2.32,Gavin Collyer,686560,ST,79,2026,0.71,4.9,2.0,3.0,2.1,20.4,7.9,10
1.01,0.91,1.0,0.9,0.8,1.08,0.95,1.2,1.0,0.99,0.92,0.95,0.86,0.87,0.98,1.0,1.53,Nestor Cortes,641482,ST,529,2025,1.03,20.1,3.5,13.7,4.5,78.6,12.9,10
0.99,0.99,1.0,1.0,0.99,1.0,1.01,1.01,0.98,1.0,0.99,1.0,0.99,0.99,1.01,1.0,1.17,Tom Cosgrove,676680,ST,192,2025,0.99,5.5,1.7,3.5,1.6,23.4,7.3,10
0.87,1.17,0.99,0.91,0.78,1.04,0.94,0.94,0.96,1.02,1.12,0.98,0.86,0.97,0.91,0.97,-0.75,Danny Coulombe,543056,ST,311,2026,0.88,3.3,1.1,2.1,1.0,13.1,5.6,10
1.04,1.04,1.0,1.01,0.99,1.0,1.08,0.97,0.98,1.0,1.0,1.0,1.03,1.04,1.0,1.01,0.91,Jake Cousins,664776,ST,421,2024,1.01,3.6,0.8,2.4,1.5,16.9,5.8,10
1.07,1.0,1.0,0.99,0.97,1.0,1.08,1.06,0.95,0.98,1.03,1.0,0.97,0.98,0.99,1.0,1.08,Kutter Crawford,676710,ST,522,2024,1.03,23.0,4.4,16.9,3.7,87.0,9.8,10
1.01,1.17,0.99,1.05,0.55,0.94,1.0,1.2,1.01,1.02,0.9,0.96,0.57,0.81,1.35,1.01,5.85,Cooper Criswell,681867,ST,76,2026,1.2,4.4,1.8,2.7,1.6,17.0,5.4,10
1.13,1.14,1.04,1.05,1.34,1.36,1.12,0.52,1.06,0.94,1.19,1.01,1.12,1.0,1.01,1.04,-0.96,Garrett Crochet,676979,ST,74,2026,0.95,23.6,2.3,17.2,4.8,91.3,15.2,10
0.54,1.21,0.99,1.0,0.92,0.71,0.54,1.37,0.84,1.07,1.2,0.99,0.99,0.67,1.24,0.77,1.55,Coleman Crow,689441,ST,17,2026,0.77,19.7,1.5,14.3,2.9,67.7,8.0,3
1.03,1.0,1.0,1.0,0.98,1.0,1.17,1.02,1.01,1.0,0.99,1.0,0.97,1.01,1.0,1.02,1.01,Jose Cuas,621016,ST,74,2024,1.0,6.0,2.2,3.1,1.9,24.2,12.4,10
1.11,0.91,1.0,1.02,0.77,0.98,1.51,1.03,1.01,1.03,1.04,1.01,0.92,0.99,1.01,1.02,1.18,Yu Darvish,506433,ST,291,2025,1.07,19.4,2.3,14.4,2.4,79.5,6.7,10
1.02,1.14,1.0,0.89,1.38,0.98,1.07,0.68,1.0,1.03,0.99,0.97,1.11,1.06,1.21,1.01,0.46,Noah Davis,663562,ST,156,2025,0.94,8.1,2.6,3.6,2.0,30.4,7.5,10
1.05,0.92,0.99,0.97,0.94,0.95,0.94,1.08,0.99,0.95,0.95,0.95,0.91,0.99,1.05,0.99,0.7,Chris Devenski,606965,ST,100,2026,1.01,4.9,2.0,3.2,2.7,18.9,9.6,10
1.06,1.0,1.0,1.0,1.13,1.03,1.02,1.0,1.03,1.0,1.0,1.0,1.02,1.0,1.0,1.01,1.05,Jake Diekman,518617,ST,181,2024,1.01,3.9,1.0,1.5,1.2,17.2,6.2,10
0.91,1.0,1.0,1.0,1.22,0.95,0.91,0.95,0.97,1.0,1.0,1.0,1.07,0.97,1.01,0.95,1.0,Hunter Dobbins,690928,ST,96,2025,0.92,17.0,3.8,12.1,3.8,63.7,15.8,10
1.01,0.94,1.0,1.01,0.89,0.89,0.91,1.41,1.03,0.94,0.96,1.03,0.7,0.85,0.79,0.99,4.3,Seranthony Dominguez,622554,ST,123,2026,1.11,3.9,1.4,2.8,0.4,15.8,7.4,10
1.0,1.0,1.0,1.0,1.0,1.0,1.0,1.0,1.0,1.0,1.0,1.0,1.0,1.0,1.0,1.0,1.0,Daniel Duarte,650960,ST,4,2026,0.98,7.7,0.6,5.7,0.6,28.0,3.0,3
1.01,1.01,1.01,1.0,1.23,0.97,0.99,1.15,1.04,1.06,1.04,1.01,0.99,1.01,1.2,1.0,0.6,Shawn Dubin,681869,ST,174,2025,0.95,5.2,2.5,3.3,1.3,20.5,9.8,10
1.04,1.21,1.0,1.02,0.92,0.94,0.54,0.89,0.71,0.97,1.02,1.0,1.06,1.04,1.0,0.85,-0.14,Connelly Early,813349,ST,61,2026,1.0,23.3,3.0,16.6,3.6,88.9,5.9,10
1.06,0.99,1.0,1.0,1.07,0.99,1.14,0.98,1.0,1.0,1.01,1.0,1.02,0.98,0.98,0.99,0.95,Jake Eder,671109,ST,58,2025,1.01,8.5,7.9,5.5,5.3,33.2,29.4,10
0.94,0.98,1.0,0.99,1.09,1.05,1.07,0.99,0.97,1.0,1.0,1.0,1.02,1.01,0.97,0.99,1.08,Scott Effross,664123,ST,71,2025,0.95,4.6,1.6,2.5,1.1,14.9,6.0,10
1.01,0.9,0.98,1.0,0.96,0.91,1.1,0.95,0.98,0.97,1.14,0.97,1.14,0.87,0.95,1.0,1.31,Zach Eflin,621107,ST,397,2026,1.01,20.9,5.6,14.0,5.5,78.2,19.1,10
1.0,1.0,1.0,1.0,1.0,1.0,1.0,1.0,1.0,1.0,1.0,1.0,1.0,1.0,1.0,1.0,1.0,Josh Ekness,694795,ST,28,2026,0.98,3.7,1.8,2.3,0.8,16.3,10.4,6
0.97,0.99,0.99,1.0,0.99,0.98,0.97,0.98,0.97,1.0,0.99,1.0,1.01,0.99,1.0,0.98,0.96,Kent Emanuel,592288,ST,86,2024,0.97,5.2,2.4,3.5,2.2,19.5,9.8,10
0.9,0.92,1.0,0.93,0.82,0.94,0.93,1.21,0.95,0.98,1.18,0.95,0.75,0.75,1.13,0.96,2.4,Joey Estes,683155,ST,425,2025,1.0,20.2,4.7,12.9,4.7,74.2,16.5,10
1.03,1.01,1.0,0.99,0.98,1.06,0.97,1.01,1.06,1.01,1.0,1.0,0.96,0.96,1.01,1.03,0.83,Logan Evans,688138,ST,315,2025,0.99,20.6,3.6,14.3,2.5,81.4,13.7,10
1.17,1.2,1.02,0.94,1.07,1.02,1.03,1.05,1.04,1.16,1.0,1.06,0.96,1.14,1.03,1.04,-1.09,Calvin Faucher,676534,ST,82,2026,1.0,4.9,1.6,3.5,1.2,20.3,8.0,10
1.07,1.02,1.0,1.03,0.79,1.05,0.96,1.1,0.91,0.97,1.07,0.99,1.0,0.67,1.15,0.94,0.57,Erick Fedde,607200,ST,355,2026,1.03,21.5,2.2,14.5,3.6,85.5,8.2,10
0.98,0.73,1.0,1.02,0.81,0.99,1.01,1.25,0.97,1.03,1.07,1.02,1.0,0.93,0.82,0.99,0.8,Ryan Feltner,663372,ST,51,2026,0.99,20.0,5.7,14.0,4.9,73.8,18.4,10
0.99,1.03,1.0,0.96,0.88,0.98,0.84,1.06,0.96,0.99,0.95,1.02,0.92,0.93,0.83,1.0,1.11,Tyler Ferguson,621053,ST,518,2026,1.0,4.4,2.1,3.0,1.8,16.9,9.2,10
1.18,0.99,1.02,1.01,0.84,1.04,1.02,1.16,0.96,1.03,1.1,1.0,0.89,0.83,1.17,1.0,1.21,Matt Festa,670036,ST,178,2026,1.11,3.7,2.0,2.2,1.8,14.2,8.6,10
1.01,1.05,1.0,1.03,0.96,0.97,1.02,0.97,1.0,0.97,1.11,1.03,1.02,0.94,0.94,1.0,1.06,Richard Fitts,690916,ST,119,2025,1.0,17.0,5.5,11.2,4.8,66.1,22.0,10
1.0,1.0,1.0,1.0,1.0,1.0,1.0,1.0,1.0,1.0,1.0,1.0,1.0,1.0,1.0,1.0,1.0,Brian Fitzpatrick,702153,ST,7,2026,0.98,6.8,2.1,3.8,1.5,23.8,8.2,4
0.91,1.01,0.98,1.08,1.0,0.9,1.08,0.7,0.98,1.04,1.04,1.0,1.28,1.32,1.09,0.92,0.93,Mason Fluharty,689254,ST,160,2026,0.93,3.1,1.3,2.3,1.2,11.5,6.0,10
1.11,0.98,1.0,1.0,0.97,1.0,1.2,1.02,1.04,1.0,1.02,1.0,0.97,1.0,1.0,1.07,0.94,J.P. France,641585,ST,14,2024,1.04,16.9,8.5,10.4,5.2,65.9,31.6,10
1.07,0.87,1.01,1.03,0.92,1.09,1.01,0.88,0.99,0.89,1.14,1.0,0.89,1.04,0.75,1.02,-4.22,Kyle Freeland,607536,ST,125,2026,0.85,22.5,1.7,14.6,2.3,85.0,5.7,10
0.9,0.78,0.97,0.98,0.66,0.93,0.88,1.52,1.01,1.07,0.79,0.97,1.07,0.84,1.33,0.99,-0.7,Max Fried,608331,ST,90,2026,0.9,23.9,4.7,18.2,4.6,91.4,12.5,10
0.94,0.88,0.98,1.08,1.76,0.94,0.99,0.39,0.95,0.96,0.99,0.98,1.67,0.8,1.12,0.98,-2.71,Kody Funderburk,681892,ST,51,2026,0.76,4.1,2.0,2.9,1.9,14.5,7.3,10
0.97,0.94,0.99,0.87,0.96,0.94,0.94,1.02,0.99,1.04,0.99,1.03,1.03,1.14,1.11,0.99,0.27,Brandyn Garcia,805299,ST,117,2026,0.95,2.8,1.1,1.7,0.9,9.7,5.0,10
1.1,1.1,0.98,1.02,0.54,1.08,0.88,1.06,1.02,0.93,1.06,0.99,0.5,1.0,0.83,1.03,2.23,Luis Garcia,472610,ST,53,2026,1.12,4.5,1.4,2.5,1.6,16.7,4.4,10
1.0,0.92,1.0,0.92,1.09,0.98,1.06,1.12,1.0,1.03,0.98,1.04,1.04,1.06,0.98,1.0,2.99,Yimi Garcia,554340,ST,143,2025,1.05,4.2,1.5,2.6,0.7,17.8,10.6,10
0.95,1.05,1.0,1.02,1.41,0.89,0.96,0.66,0.99,0.96,1.06,1.01,1.17,0.8,0.75,0.96,2.49,Braxton Garrett,666129,ST,180,2026,0.97,20.9,5.7,13.7,6.8,79.6,15.2,9
0.98,1.02,0.99,0.96,1.21,0.93,0.82,0.91,1.0,1.05,0.93,1.04,0.99,1.17,0.95,0.99,1.37,Reed Garrett,657585,ST,402,2025,0.97,4.6,1.2,2.2,1.0,18.2,5.7,10
1.09,1.03,1.0,1.09,0.52,0.96,1.11,1.7,1.0,0.97,1.01,0.97,0.43,0.72,1.05,0.98,4.82,Robert Gasser,688107,ST,170,2026,1.21,20.3,4.2,14.1,3.8,74.2,13.9,9
1.13,0.96,1.0,1.01,1.02,0.99,1.14,1.0,1.0,1.0,0.99,1.0,1.04,0.96,1.01,1.0,0.89,Ian Gibaut,664139,ST,64,2025,1.05,4.6,1.7,3.3,1.6,17.0,6.6,10
1.07,1.05,0.98,0.91,1.29,1.03,0.95,1.01,1.03,1.23,1.06,0.97,0.95,0.96,1.59,1.04,-0.48,Cade Gibson,806188,ST,192,2026,0.94,5.5,3.5,3.3,2.2,23.4,15.7,10
0.99,1.11,1.0,1.08,1.22,0.94,0.87,0.8,1.05,0.97,1.1,0.99,0.97,1.21,0.95,1.01,0.68,Kyle Gibson,502043,ST,620,2025,0.94,21.8,5.4,13.7,5.6,82.1,17.1,10
1.0,0.93,1.0,0.9,0.85,0.94,0.89,1.18,1.0,0.98,0.97,0.98,0.92,1.21,0.72,1.0,0.88,Tyler Gilbert,656457,ST,292,2026,0.99,4.5,3.1,3.0,1.8,17.9,13.6,10
1.0,0.98,1.0,0.99,1.02,1.04,0.98,1.01,1.03,1.0,1.0,1.0,0.99,0.96,1.01,1.02,0.7,Connor Gillispie,687362,ST,139,2025,0.97,17.3,6.2,10.9,4.3,67.6,22.0,9
1.0,1.02,1.01,1.08,0.69,1.1,0.95,1.15,1.01,1.05,1.0,1.02,0.64,1.14,0.98,1.01,4.82,Yoendrys Gomez,672782,ST,105,2026,1.15,3.9,1.9,3.0,1.6,15.9,8.3,10
1.15,0.87,0.96,1.08,1.32,1.04,1.2,1.09,1.02,0.99,1.06,0.99,1.14,0.5,0.69,1.04,5.24,Colton Gordon,676467,ST,60,2026,1.18,13.3,5.2,8.5,4.6,52.2,20.6,10
1.1,1.53,1.01,1.02,1.11,1.11,0.89,0.32,1.02,1.04,1.22,1.02,0.99,1.2,1.1,1.08,-4.02,Sonny Gray,543243,ST,135,2026,0.85,20.7,3.9,14.6,3.8,78.3,15.6,10
1.25,1.04,1.02,0.98,1.02,1.03,0.88,0.98,1.11,0.98,0.93,0.98,1.08,1.08,1.14,1.15,-0.05,Foster Griffin,656492,ST,169,2026,1.08,23.6,2.2,16.6,2.4,92.6,6.7,10
0.99,0.82,1.0,0.88,1.13,0.97,0.93,1.23,1.0,0.96,0.98,1.02,1.06,0.92,1.04,1.0,1.49,Luis Guerrero,692285,ST,81,2025,0.98,5.9,2.2,3.7,2.4,24.5,11.2,10
1.07,0.95,1.01,1.0,0.92,1.01,1.0,1.08,0.97,0.98,1.01,1.0,0.93,0.97,0.99,1.0,1.27,Ryan Gusto,687473,ST,180,2025,1.04,16.6,9.4,11.4,6.6,65.7,37.3,10
1.0,1.0,1.0,1.0,1.0,1.0,1.0,1.0,1.0,1.0,1.0,1.0,1.0,1.0,1.0,1.0,1.0,DL Hall,669084,ST,50,2026,0.98,4.8,1.9,3.5,1.4,20.8,8.8,10
0.78,1.04,0.97,0.95,0.85,0.78,0.86,1.04,1.01,1.01,0.89,0.94,0.61,1.13,1.16,0.99,2.75,Emerson Hancock,676106,ST,203,2026,0.94,23.3,2.8,17.7,1.9,90.5,5.9,10
0.94,1.0,1.0,1.0,0.97,1.02,0.94,1.01,0.94,1.0,0.99,1.0,0.97,1.0,1.0,0.99,1.22,Thomas Harrington,802419,ST,39,2025,0.97,16.7,6.0,8.3,5.5,66.7,20.8,3
0.88,0.96,0.99,0.96,0.92,0.88,0.98,1.08,1.01,1.04,0.95,1.0,1.04,0.8,1.21,0.97,1.09,Kyle Hart,606996,ST,310,2026,0.93,5.0,3.2,3.5,2.4,19.1,12.0,10
1.03,1.05,1.01,1.0,0.97,1.04,0.97,1.02,0.95,1.0,1.03,1.01,0.97,1.07,0.99,1.0,1.02,Ronny Henriquez,678692,ST,326,2025,1.01,5.1,1.4,3.4,0.8,19.6,4.7,10
0.86,0.96,1.0,0.99,0.92,0.97,0.93,1.0,1.02,1.04,0.85,0.99,0.91,0.9,1.14,1.01,0.5,Cole Henry,669371,ST,63,2026,0.9,5.2,2.3,2.9,2.3,21.2,9.9,10
0.88,1.02,0.99,0.81,0.74,1.07,0.95,1.44,0.98,1.15,1.26,0.95,0.74,1.0,1.15,0.95,2.66,Jimmy Herget,623474,ST,88,2026,1.0,4.7,1.5,2.2,0.6,19.2,6.5,10
1.02,0.92,1.02,0.97,1.11,1.08,1.13,0.79,0.95,0.85,0.91,1.06,0.91,1.18,0.47,1.0,1.18,Jordan Hicks,663855,ST,110,2026,1.0,4.0,1.4,1.7,1.1,15.8,8.4,10
0.96,1.07,1.01,1.13,1.12,0.95,1.14,0.87,1.01,1.01,1.08,1.01,0.89,1.07,1.13,1.0,0.86,Porter Hodge,687863,ST,438,2025,0.95,4.1,1.9,2.5,0.5,19.1,9.2,10
1.0,1.0,1.0,1.0,1.0,1.0,1.0,1.0,1.0,1.0,1.0,1.0,1.0,1.0,1.0,1.0,1.0,Nolan Hoffman,676510,ST,11,2026,0.98,7.0,2.9,3.5,1.7,27.0,10.2,4
1.03,1.0,1.01,1.01,0.99,1.02,1.02,1.01,1.01,1.0,0.99,1.0,0.97,1.01,0.99,1.02,1.13,Gunnar Hoglund,680684,ST,95,2025,1.01,23.0,2.4,16.0,1.1,91.0,5.9,6
1.06,1.01,1.0,1.01,1.74,1.16,0.87,0.94,1.02,0.99,1.02,1.04,0.99,1.26,0.74,1.0,4.94,Colin Holderman,670059,ST,113,2026,1.09,3.5,1.3,2.7,1.3,15.4,6.5,10
1.01,0.87,1.0,1.02,1.35,0.96,1.07,0.98,1.0,1.0,0.98,1.03,1.08,0.87,0.81,1.01,1.24,Gavin Hollowell,668970,ST,75,2026,0.97,6.6,3.3,4.0,2.1,27.6,12.3,9
0.73,1.19,0.98,0.91,1.32,1.01,0.76,0.72,0.97,1.11,0.9,1.0,1.34,1.03,1.24,0.95,-3.48,Clay Holmes,605280,ST,155,2026,0.65,23.7,2.0,17.8,2.2,90.3,7.8,10
0.87,1.34,0.97,1.0,1.37,0.77,0.94,1.08,1.03,1.09,0.98,0.97,1.15,1.27,1.29,0.98,-0.94,Tyler Holton,663947,ST,76,2026,0.81,4.5,1.0,3.2,1.6,16.9,5.7,10
0.97,0.83,1.01,0.96,2.73,1.02,0.95,0.99,1.0,1.03,1.03,1.01,1.15,0.83,0.94,1.0,0.85,Bailey Horn,690544,ST,253,2025,0.81,5.0,1.8,3.0,1.7,22.4,7.7,10
1.11,1.02,1.0,0.99,1.02,1.03,1.06,1.01,0.96,1.0,1.03,1.0,1.0,1.03,0.99,0.97,0.67,Cade Horton,690990,ST,387,2025,1.03,17.5,6.3,14.1,5.4,64.7,23.2,10
1.03,0.93,1.01,0.94,1.2,1.1,1.02,0.72,1.0,1.01,0.98,1.01,1.07,0.99,1.06,1.05,-0.01,Tanner Houck,656557,ST,1395,2025,0.95,22.0,2.7,14.5,4.8,80.6,13.3,10
0.74,1.28,1.03,1.12,1.46,1.05,0.81,0.46,0.96,0.82,0.96,0.98,1.13,0.86,1.09,0.96,-3.91,Bryan Hudson,663542,ST,106,2026,0.63,3.9,1.4,3.0,0.7,13.1,5.4,10
0.86,1.13,0.98,0.92,1.48,0.82,1.04,0.82,1.02,1.02,0.91,0.99,1.43,1.21,0.94,0.97,1.52,Brant Hurter,676428,ST,95,2026,0.88,5.6,3.0,4.5,2.6,19.9,9.3,10
1.12,1.19,1.0,0.97,0.84,1.1,0.99,1.57,1.07,0.98,1.04,1.0,0.57,1.21,0.94,1.07,-0.21,Shota Imanaga,684007,ST,149,2026,1.02,24.3,2.5,18.0,2.4,91.4,9.0,10
0.91,1.11,0.98,1.06,1.02,1.06,1.15,1.15,1.07,0.99,1.04,1.0,1.03,0.94,0.96,1.17,3.02,Jake Irvin,663623,ST,74,2026,1.0,20.8,2.9,14.0,2.4,85.5,9.8,10
1.04,0.85,0.99,1.13,0.85,0.98,1.19,1.06,1.0,0.92,0.95,0.87,0.89,0.93,1.05,1.01,2.46,Alek Jacob,689690,ST,97,2025,1.07,6.1,3.2,3.9,2.3,22.6,11.4,10
0.82,0.8,1.01,0.94,0.87,0.96,1.05,1.34,0.99,1.0,0.87,0.96,1.09,0.83,1.06,0.98,1.86,Cristian Javier,664299,ST,44,2026,0.93,18.6,5.8,12.1,5.3,70.8,21.2,10
0.96,1.12,1.0,1.0,1.8,1.05,0.88,0.93,0.97,1.15,1.0,1.07,1.17,1.4,0.84,1.01,-0.15,Griffin Jax,643377,ST,125,2026,0.85,9.9,6.2,7.3,4.9,37.1,19.2,10
1.02,1.0,1.0,1.0,1.02,0.99,1.07,1.03,1.0,1.0,1.01,1.0,1.0,1.02,0.99,1.01,1.29,Ryan Johnson,696270,ST,61,2025,1.0,7.9,5.3,4.2,2.5,29.8,19.5,10
1.0,1.0,1.0,1.0,1.0,1.0,1.0,1.0,1.0,1.0,1.0,1.0,1.0,1.0,1.0,1.0,1.0,Gage Jump,695611,ST,11,2026,0.98,25.0,,15.0,,88.0,,1
1.16,0.87,1.0,1.02,1.18,1.04,0.93,1.28,0.95,0.92,1.15,0.97,0.98,0.43,1.04,0.98,1.35,Janson Junk,676083,ST,129,2026,1.07,23.6,3.4,16.7,2.2,87.4,13.0,10
0.83,1.0,1.01,0.95,0.9,1.05,0.44,0.93,1.26,0.96,0.79,1.0,0.74,0.93,0.96,0.93,0.32,Anthony Kay,641743,ST,218,2026,0.86,21.8,3.4,14.6,3.3,88.9,7.9,10
1.15,0.82,1.0,0.93,1.07,1.06,1.13,1.35,0.98,1.06,1.03,1.04,0.82,0.87,1.11,1.02,1.34,Brad Keller,641745,ST,54,2026,1.07,4.2,1.3,2.5,0.5,17.3,3.0,10
0.93,1.03,0.98,1.04,0.99,1.06,0.99,0.87,0.96,1.04,1.11,1.0,1.39,0.75,1.25,0.98,1.56,Mitch Keller,656605,ST,190,2026,0.97,23.3,1.6,16.9,3.2,87.4,9.9,10
1.1,0.86,0.99,1.1,0.99,0.92,1.1,1.15,0.99,0.98,1.0,0.95,0.99,0.72,1.38,1.0,5.0,Kevin Kelly,687330,ST,48,2026,1.18,3.4,1.6,2.8,1.5,13.5,7.1,10
1.04,0.8,1.01,0.89,0.89,0.88,1.0,0.8,0.98,1.04,1.1,1.01,0.95,0.74,1.18,1.0,-0.35,Michael Kelly,547184,ST,580,2025,0.97,5.0,2.2,2.3,0.9,19.1,10.1,10
0.83,1.07,0.98,1.11,2.7,0.91,0.94,1.09,1.0,1.01,1.04,0.99,1.16,0.96,1.31,0.94,2.18,Zack Kelly,677161,ST,62,2026,0.78,3.9,1.6,2.4,0.8,15.6,7.2,10
0.88,0.89,0.99,0.95,0.97,0.88,0.88,1.15,0.98,1.13,0.98,1.06,1.41,0.93,1.1,0.97,-1.0,Orion Kerkering,689147,ST,163,2026,0.85,3.5,1.2,2.1,1.1,14.8,5.6,10
0.92,1.19,1.02,1.05,1.1,1.01,0.88,1.04,1.01,1.01,1.11,1.04,0.75,1.09,0.95,1.03,0.33,Craig Kimbrel,518886,ST,40,2026,0.91,4.8,1.9,3.0,1.5,19.5,6.5,10
0.86,1.0,1.0,1.03,2.28,1.2,0.99,0.49,1.14,0.87,1.03,0.98,0.91,0.78,1.0,1.06,1.82,Bryan King,687911,ST,125,2026,0.81,5.1,1.9,3.2,1.5,21.4,8.7,10
0.54,1.18,0.97,0.97,0.85,0.54,0.54,1.05,0.71,1.05,0.99,1.0,1.06,0.82,1.05,0.71,-0.32,John King,667463,ST,48,2026,0.72,3.8,1.9,2.5,1.0,13.4,6.6,10
1.01,1.06,1.0,0.92,1.12,1.05,0.94,1.06,1.05,1.09,0.92,1.0,1.03,0.97,0.97,1.03,2.09,Michael King,650633,ST,213,2026,1.01,23.1,2.1,17.3,2.8,92.5,10.0,10
0.87,1.09,1.01,1.04,1.52,1.02,0.72,0.56,1.0,0.93,1.03,1.06,1.39,0.86,0.87,1.0,-3.38,George Kirby,669923,ST,308,2026,0.71,25.4,2.2,19.0,3.2,92.7,6.1,10
0.97,0.99,1.0,1.0,1.08,1.02,0.97,0.99,0.99,1.0,1.0,1.0,1.02,0.97,1.0,1.0,1.0,Austin Kitchen,685116,ST,36,2024,0.96,10.5,4.9,5.5,1.3,39.5,17.3,4
0.91,0.91,1.01,1.02,1.3,1.13,0.54,0.79,1.07,0.98,1.22,1.04,1.23,0.89,0.94,0.98,-1.22,Will Klein,694361,ST,94,2026,0.83,4.1,1.9,3.3,1.6,16.5,8.0,10
0.99,0.72,1.04,1.0,2.55,1.05,0.99,0.47,1.06,0.99,0.88,0.97,1.12,0.58,1.09,1.06,-4.75,Stephen Kolek,663568,ST,44,2026,0.63,24.7,2.6,19.3,3.9,91.2,10.4,10
0.97,0.99,1.0,1.0,1.08,0.98,0.97,0.99,0.98,1.0,0.99,1.0,1.01,1.0,1.0,0.98,1.0,Chad Kuhl,641771,ST,101,2024,0.96,5.3,2.1,3.0,1.6,22.0,6.6,10
1.04,0.77,0.99,0.99,0.88,0.93,1.15,1.04,1.0,0.9,1.05,0.93,0.95,0.86,0.95,0.99,0.76,Joe La Sorsa,686747,ST,75,2025,1.01,5.0,3.1,3.3,1.9,15.8,7.3,10
1.05,0.98,1.0,1.0,1.0,0.99,1.03,1.02,1.0,1.0,0.99,1.0,0.98,0.99,0.99,1.02,1.2,Casey Lawrence,596271,ST,68,2025,1.02,13.3,8.9,8.7,5.2,46.0,30.1,6
0.98,1.06,1.0,1.01,1.07,0.94,0.89,1.03,1.01,1.16,0.94,1.0,1.03,1.2,1.24,1.0,1.76,Justin Lawrence,664875,ST,154,2026,0.99,4.7,2.3,2.7,1.3,16.9,7.2,10
1.12,1.16,0.99,1.1,0.89,0.93,0.85,1.09,1.05,1.02,1.23,1.03,0.95,0.96,1.25,1.04,1.74,Kyle Leahy,681517,ST,122,2026,1.08,22.5,2.5,15.1,1.8,86.5,8.2,10
1.04,0.98,1.01,0.91,0.85,1.05,1.25,1.09,1.01,1.08,0.92,0.97,0.97,0.91,1.29,1.01,2.26,Chase Lee,695445,ST,229,2026,1.06,4.8,1.9,2.6,1.9,19.1,6.4,10
0.99,0.89,1.02,1.06,0.96,1.11,1.11,0.75,0.99,1.05,1.05,0.97,0.84,0.89,0.94,1.02,4.93,Casey Legumina,668984,ST,72,2026,1.12,5.3,1.8,3.4,1.7,18.8,8.3,10
0.94,1.01,1.01,0.94,1.24,0.94,0.93,0.76,1.01,0.84,0.96,0.96,1.11,0.7,0.9,0.99,-3.47,Zack Littell,641793,ST,86,2026,0.77,21.4,4.7,14.6,3.7,76.9,18.9,10
0.97,1.02,1.0,1.0,1.05,0.98,0.97,1.0,1.01,1.0,0.99,1.0,1.02,1.02,1.0,1.0,0.98,Luke Little,681432,ST,150,2025,0.96,4.6,1.8,3.4,1.4,20.1,9.9,10
0.98,0.94,1.01,1.08,0.87,0.93,1.02,1.15,1.0,0.85,1.04,0.96,0.85,0.76,0.78,1.0,1.6,Ben Lively,594902,ST,490,2025,1.01,20.1,3.6,14.4,2.5,81.0,17.6,10
1.0,1.12,1.01,1.1,1.32,1.07,1.07,0.79,0.98,0.97,1.05,1.02,1.08,1.02,0.91,1.0,0.66,Pablo Lopez,641154,ST,914,2025,0.95,22.3,2.9,15.7,2.6,89.1,12.6,10
1.29,1.23,1.0,0.92,0.79,0.99,1.77,1.01,0.81,1.01,0.98,1.0,0.94,0.88,0.9,1.04,0.69,Brad Lord,695418,ST,70,2026,1.17,8.4,3.0,6.2,2.3,34.5,9.7,10
1.06,0.82,1.01,0.92,0.63,1.09,0.88,0.76,1.01,0.97,1.01,1.01,0.76,0.93,0.64,1.0,0.01,Michael Lorenzen,547179,ST,79,2026,1.02,20.7,6.5,13.5,4.8,78.0,25.3,10
1.07,0.95,1.01,1.0,1.15,1.05,0.94,0.92,0.99,0.99,1.0,1.0,1.04,0.98,0.97,1.03,0.73,Ryan Loutos,702795,ST,32,2025,1.0,5.2,2.9,2.1,1.5,17.3,9.5,10
0.99,0.98,1.03,1.12,1.45,1.01,1.02,0.83,0.96,0.97,1.05,0.99,1.28,0.86,1.04,1.0,-0.67,Richard Lovelady,663992,ST,176,2026,0.88,4.1,1.2,2.2,1.7,15.9,6.8,10
1.47,0.95,1.0,0.9,0.67,1.14,0.98,1.23,0.99,1.1,0.99,0.95,0.61,0.45,1.11,1.06,0.33,Seth Lugo,607625,ST,109,2026,1.25,24.5,2.4,17.9,2.9,90.9,6.4,10
1.04,1.42,0.98,0.89,1.24,0.85,0.92,0.32,0.98,0.92,0.88,1.05,1.46,1.46,0.65,1.01,-0.78,Jesus Luzardo,666200,ST,412,2026,0.92,23.5,2.6,16.4,3.4,95.3,5.9,10
1.07,0.81,1.0,0.94,0.77,0.93,1.12,1.3,1.0,1.0,1.05,0.96,0.68,0.85,0.98,1.0,1.51,Kenta Maeda,628317,ST,289,2025,1.06,8.0,5.1,4.9,3.7,32.2,22.2,10
1.06,1.09,0.97,1.05,0.89,1.03,1.11,0.76,1.02,0.86,1.01,0.9,0.72,1.05,0.95,1.0,2.37,Sean Manaea,640455,ST,209,2026,1.07,13.4,5.5,8.3,3.3,53.8,20.9,10
0.97,0.99,1.0,1.0,0.98,0.98,0.99,1.06,0.99,0.99,1.0,1.0,0.97,1.0,0.97,0.99,1.52,Matt Manning,666159,ST,148,2024,0.99,24.6,2.5,16.2,2.4,87.4,4.2,5
0.91,0.75,1.0,1.06,0.69,1.13,1.0,1.07,1.06,0.9,1.13,1.0,0.66,0.5,0.74,1.02,5.02,Ron Marinaccio,676760,ST,29,2026,1.1,6.4,3.7,4.9,2.5,26.4,15.4,10
1.05,1.01,1.0,1.0,1.02,1.0,1.06,1.0,1.0,1.0,1.01,1.0,1.0,1.02,0.99,1.01,0.91,Alec Marsh,679525,ST,106,2024,1.01,19.4,5.3,13.0,4.7,77.1,21.3,10
1.0,1.0,1.0,1.0,1.0,1.0,1.0,1.0,1.0,1.0,1.0,1.0,1.0,1.0,1.0,1.0,1.0,Chris Martin,455119,ST,11,2026,0.98,4.5,1.5,2.3,0.7,15.4,5.6,10
1.0,1.0,1.0,1.0,1.0,1.0,1.0,1.0,1.0,1.0,1.0,1.0,1.0,1.0,1.0,1.0,1.0,Corbin Martin,656686,ST,13,2026,0.98,4.5,2.0,2.4,1.7,19.8,9.4,10
1.09,1.0,1.0,1.07,0.96,0.97,1.18,1.16,1.0,0.96,1.02,0.94,0.83,0.96,1.16,1.01,3.37,Seth Martinez,661527,ST,311,2025,1.12,5.1,1.7,3.0,1.2,20.3,10.2,10
1.15,0.82,1.02,1.09,1.14,1.25,1.14,1.55,1.01,1.05,0.96,1.01,1.01,0.85,0.98,1.05,4.71,Phil Maton,664208,ST,67,2026,1.18,4.2,0.9,2.6,0.7,16.3,3.5,10
0.96,1.14,1.0,1.03,1.34,0.97,0.88,0.89,1.0,1.21,0.96,1.04,1.11,1.08,1.17,1.01,-2.99,Dustin May,669160,ST,184,2026,0.79,23.6,2.1,17.0,3.1,89.4,7.3,10
0.94,1.0,1.0,1.0,0.97,0.99,0.94,1.01,1.01,1.0,0.98,1.0,0.94,0.98,1.0,1.01,0.67,Adam Mazur,800049,ST,60,2025,0.94,21.4,5.3,13.5,3.5,74.2,19.5,10
1.06,0.95,1.0,1.0,0.95,1.03,1.11,1.03,1.02,1.0,1.0,1.0,0.97,0.95,0.98,1.02,1.32,Darren McCaughan,670766,ST,307,2025,1.03,13.9,6.9,9.3,4.3,50.9,25.5,10
0.98,0.97,1.02,0.95,0.82,1.22,0.98,1.27,1.01,1.04,0.89,1.0,0.81,0.86,1.2,0.99,5.58,Lance McCullers,621121,ST,117,2026,1.15,19.6,5.4,13.3,4.5,78.0,21.7,10
0.98,0.99,0.99,0.89,0.98,0.93,0.99,1.02,1.03,0.97,0.94,0.95,1.14,0.9,1.14,1.0,0.17,T.J. McFarland,519008,ST,421,2025,0.94,2.7,2.1,1.3,0.7,10.9,8.3,10
1.12,1.17,1.02,1.03,1.29,1.11,0.99,0.44,1.02,0.95,0.96,0.99,0.91,0.94,1.0,1.07,-1.58,Michael McGreevy,700241,ST,109,2026,0.93,21.8,1.9,16.2,2.0,86.5,7.7,10
1.07,0.83,0.99,0.97,1.44,0.95,1.15,0.47,1.02,1.17,0.76,1.03,1.44,0.84,1.42,1.02,-2.1,Nolan McLean,690997,ST,187,2026,0.87,23.5,4.0,17.1,3.6,92.4,8.4,10
0.94,0.99,1.0,1.0,1.04,1.0,0.94,1.04,1.05,1.0,0.99,1.0,0.98,1.02,0.98,1.0,1.41,Victor Mederos,682989,ST,63,2025,0.96,11.3,7.7,6.8,4.4,44.6,26.8,10
0.94,1.35,1.02,0.94,0.97,1.13,1.07,1.18,0.99,1.09,1.01,1.03,0.76,1.32,1.04,1.0,-1.22,Juan Mejia,675848,ST,226,2026,0.88,4.7,1.4,2.9,1.5,20.2,7.3,10
1.07,1.28,1.03,0.94,1.5,1.07,0.8,0.6,0.99,1.05,0.99,1.07,1.14,1.13,0.69,1.05,-5.86,Max Meyer,676974,ST,292,2026,0.74,23.2,2.1,16.7,2.5,90.7,8.4,10
0.93,1.13,1.01,0.98,1.53,1.05,1.04,1.03,1.07,0.92,1.03,0.99,1.02,0.74,0.68,1.06,-1.38,Miles Mikolas,571945,ST,50,2026,0.81,17.1,2.8,12.2,2.6,65.9,13.7,10
1.02,0.99,1.0,1.0,0.99,1.0,0.97,0.98,0.99,1.0,1.0,1.0,1.0,0.97,1.0,1.0,1.02,Ryan Miller,668943,ST,37,2024,1.0,4.5,1.7,2.8,1.1,17.7,8.1,10
1.07,1.0,1.0,1.01,0.99,0.96,1.16,1.02,0.94,1.0,0.99,1.0,1.04,0.99,1.0,0.98,1.07,Shelby Miller,571946,ST,59,2025,1.03,3.8,1.4,2.4,1.2,15.2,6.3,10
0.96,1.01,1.0,1.02,0.97,0.98,0.99,1.06,0.97,1.0,1.03,1.0,0.98,0.98,0.99,0.98,2.24,Tyson Miller,668338,ST,408,2024,1.01,3.3,0.9,2.8,0.9,12.6,3.7,10
1.0,1.0,1.0,1.0,1.0,1.0,1.0,1.0,1.0,1.0,1.0,1.0,1.0,1.0,1.0,1.0,1.0,Wyatt Mills,670090,ST,13,2026,0.98,5.0,2.2,1.5,1.0,20.5,11.5,4
0.93,0.66,1.0,1.04,1.03,0.96,0.74,0.97,0.95,0.71,0.87,0.95,0.76,0.58,1.06,0.95,-0.2,Hoby Milner,571948,ST,100,2026,0.91,3.9,1.9,2.9,1.7,15.6,7.5,10
1.03,0.86,0.99,1.0,1.63,0.95,0.94,0.78,0.99,0.98,0.96,1.01,1.1,0.71,0.87,0.99,-2.04,Carmen Mlodzinski,669387,ST,80,2026,0.84,21.8,2.8,15.1,2.0,85.0,8.5,10
0.96,1.01,1.0,0.7,1.16,0.98,1.03,1.26,1.02,1.1,0.94,0.98,1.07,1.14,1.1,0.98,-1.66,Sam Moll,594580,ST,159,2026,0.85,3.3,1.2,2.8,1.6,13.6,6.0,10
1.0,0.9,1.01,0.93,0.95,1.03,1.03,1.22,1.0,0.97,0.93,1.03,0.91,0.89,0.76,1.0,3.14,Frankie Montas,593423,ST,202,2025,1.06,19.4,4.2,12.9,3.9,78.8,13.9,10
1.02,0.95,0.99,0.93,1.25,0.97,1.14,1.06,0.98,1.09,0.91,1.0,1.11,1.09,1.31,1.0,-0.22,Luis Morales,806960,ST,22,2026,0.93,21.2,3.4,14.4,4.7,85.2,12.1,10
1.0,1.0,1.0,1.0,1.0,1.0,1.0,1.0,1.0,1.0,1.0,1.0,1.0,1.0,1.0,1.0,1.0,Jovani Moran,663558,ST,26,2026,0.98,4.7,2.1,3.1,1.4,19.9,9.4,10
0.54,1.08,0.98,0.99,0.78,0.69,0.54,1.15,0.67,0.97,0.97,1.0,1.03,0.97,1.07,0.75,2.23,Andrew Morris,702193,ST,80,2026,0.82,4.0,1.5,2.4,0.8,16.2,9.0,10
0.94,1.04,1.0,1.0,1.04,1.02,0.94,0.96,1.0,1.0,0.99,1.0,1.0,1.01,1.0,1.01,1.07,Noah Murdock,668716,ST,77,2025,0.95,6.8,2.8,3.4,1.9,27.4,13.0,10
1.14,1.03,1.01,1.0,0.94,1.01,1.19,1.0,1.03,1.0,1.0,1.0,0.95,1.01,1.03,1.05,1.02,Penn Murfee,682171,ST,114,2025,1.07,4.4,2.5,2.4,1.2,16.2,8.8,10
0.85,1.03,1.0,0.96,0.66,0.88,0.92,0.84,1.01,0.93,1.09,0.99,0.72,0.76,1.14,0.96,-1.33,Jayden Murray,681151,ST,48,2026,0.85,7.1,3.1,4.0,2.4,26.0,12.1,10
1.03,1.0,1.0,1.0,1.0,0.99,1.03,0.98,0.97,1.01,0.99,1.0,1.0,1.01,1.02,0.99,0.61,Joe Musgrove,605397,ST,317,2024,0.99,21.7,2.8,16.8,2.5,82.9,10.9,10
1.13,0.99,1.03,1.04,0.6,1.18,1.21,1.28,0.98,0.96,1.05,1.0,0.75,1.21,1.05,1.06,3.3,Andrew Nardi,677053,ST,87,2026,1.17,3.7,1.1,2.7,0.8,13.4,2.9,10
1.0,0.99,1.0,1.0,1.02,1.0,1.01,0.99,0.97,1.0,1.01,1.0,1.02,0.99,1.0,1.0,1.15,Vinny Nittoli,657697,ST,53,2024,0.99,5.1,1.9,3.6,2.2,19.8,9.4,9
1.04,1.29,1.02,1.0,2.45,1.23,0.54,0.7,1.25,1.06,0.98,1.02,1.06,1.38,1.06,0.96,0.0,Anthony Nunez,689296,ST,121,2026,0.82,4.0,1.2,2.7,0.7,17.2,5.4,10
0.79,1.3,1.0,1.12,1.11,0.93,0.88,0.98,1.01,0.87,1.02,0.93,0.97,1.08,0.9,0.93,1.48,Bailey Ober,641927,ST,107,2026,0.88,24.6,2.3,17.7,3.9,88.8,8.5,10
0.83,1.1,1.0,1.03,1.37,0.82,0.87,1.05,0.98,1.05,0.99,1.03,1.08,1.25,1.1,0.94,3.5,Shohei Ohtani,660271,ST,251,2026,0.95,23.4,2.2,18.0,1.8,94.2,6.5,10
1.0,1.05,1.01,0.97,1.14,1.16,1.1,0.87,0.98,0.98,1.0,1.02,1.07,1.15,0.86,1.0,-0.25,Kaleb Ort,672391,ST,248,2025,0.93,4.5,1.4,2.7,0.7,18.0,6.3,10
0.98,0.99,1.0,1.01,1.01,0.99,1.02,1.0,0.99,1.0,1.0,1.0,0.99,0.99,1.02,0.99,1.0,Adam Ottavino,493603,ST,374,2024,0.97,3.7,1.6,2.3,1.8,15.7,5.7,10
0.94,1.22,0.99,1.03,1.05,0.94,1.2,1.1,1.11,0.95,1.01,0.98,0.96,0.9,0.91,1.06,-1.24,Chris Paddack,663978,ST,78,2026,0.86,21.4,2.8,13.5,2.5,82.8,9.0,10
0.54,1.03,0.98,1.01,0.77,0.83,1.36,0.9,1.07,1.0,0.97,1.0,0.94,0.92,1.06,0.89,1.52,Andrew Painter,691725,ST,100,2026,0.77,21.3,3.4,14.5,3.0,82.7,11.7,10
0.91,1.02,0.99,1.01,0.97,0.93,0.91,1.0,0.95,0.98,0.99,0.99,1.02,1.01,0.97,0.96,1.03,Carson Palmquist,687223,ST,221,2025,0.94,19.3,3.8,11.3,3.6,78.2,16.1,9
1.1,0.96,1.03,0.96,0.94,1.02,1.1,0.73,1.01,1.08,0.97,1.02,0.97,0.71,0.84,1.05,1.85,Joel Payamps,606303,ST,69,2026,1.07,2.9,1.6,1.7,1.4,12.2,7.9,10
1.02,1.05,1.01,0.99,0.91,1.09,1.01,1.01,1.0,1.0,0.99,0.96,0.9,0.98,0.96,1.03,1.35,Sammy Peralta,671111,ST,74,2026,1.02,9.6,4.2,5.6,3.3,31.9,12.5,10
1.29,0.89,0.96,1.03,1.2,0.88,1.17,1.63,0.96,0.97,1.03,1.01,1.08,0.98,0.66,1.01,9.66,Eury Perez,691587,ST,154,2026,1.43,21.8,3.0,15.6,2.2,88.3,9.5,10
0.95,1.13,0.99,0.98,1.03,0.92,0.93,1.06,1.0,1.05,1.02,1.04,0.94,1.21,0.91,0.99,1.32,Jack Perkins,678022,ST,147,2026,0.97,7.4,4.1,4.9,4.0,27.6,13.4,10
1.0,1.0,1.0,1.0,1.0,1.0,1.0,1.0,1.0,1.0,1.0,1.0,1.0,1.0,1.0,1.0,1.0,Chase Petty,695534,ST,40,2026,0.98,17.0,7.7,10.4,6.6,61.2,30.4,5
1.03,1.16,1.0,1.01,0.69,1.04,1.31,1.26,1.03,1.04,1.08,1.02,0.86,1.01,0.77,1.04,3.45,Brandon Pfaadt,694297,ST,85,2026,1.11,11.7,8.4,8.1,6.2,42.6,30.8,10
0.99,1.08,1.03,0.94,0.8,1.17,0.92,1.22,1.02,0.96,1.0,1.05,0.98,1.19,1.12,0.97,1.91,Connor Phillips,683175,ST,262,2026,1.03,6.0,2.3,2.8,1.4,24.7,6.6,10
1.0,1.02,1.0,1.0,0.98,0.98,1.0,1.0,1.0,1.0,1.0,1.0,0.99,1.0,1.02,1.01,0.95,Evan Phillips,623465,ST,353,2024,0.98,3.1,1.1,2.3,0.8,11.9,4.7,10
1.08,1.15,1.02,1.02,0.73,0.98,1.01,1.38,1.05,0.96,0.94,1.02,0.62,1.3,0.85,0.98,1.14,Tyler Phillips,663969,ST,150,2026,1.05,10.2,5.7,6.9,3.9,37.2,20.7,10
1.01,0.99,1.0,1.0,1.02,0.98,0.97,1.0,1.01,1.0,1.0,1.0,1.01,0.99,1.0,1.0,0.93,Cody Poteet,547001,ST,70,2025,0.99,18.7,3.3,13.7,4.3,75.3,11.3,6
1.38,1.05,1.01,1.02,0.6,1.47,1.19,1.21,0.97,0.91,0.99,0.96,0.47,0.89,0.55,1.06,4.8,PJ Poulin,676571,ST,158,2026,1.36,4.1,2.0,2.6,1.6,19.0,9.1,10
1.0,1.0,1.0,1.0,1.0,1.0,1.0,1.0,1.0,1.0,1.0,1.0,1.0,1.0,1.0,1.0,1.0,Matt Pushard,690155,ST,13,2026,0.98,5.3,2.9,2.5,0.8,19.8,12.5,6
0.89,0.78,0.98,0.92,0.79,1.07,0.79,1.1,1.02,1.13,1.11,0.98,0.81,0.82,1.26,1.0,4.34,Brooks Raley,548384,ST,158,2026,1.06,4.3,1.6,2.5,1.1,15.7,5.6,10
1.06,0.98,1.0,1.0,1.01,1.04,0.97,0.99,1.03,1.0,1.0,1.0,0.99,0.99,1.0,1.02,0.9,Nick Ramirez,598286,ST,45,2024,1.01,7.9,4.3,4.6,2.0,24.1,15.0,8
0.95,1.12,0.98,1.09,1.12,1.01,1.04,0.89,1.01,1.02,1.0,1.02,1.18,1.11,1.13,1.0,2.97,Yohan Ramirez,670990,ST,192,2026,1.01,5.0,2.2,3.2,1.9,18.2,6.5,10
1.29,0.94,1.0,1.01,0.73,0.99,1.77,1.04,1.61,0.97,1.11,1.0,0.74,0.64,1.09,1.17,-0.53,Nick Raquet,675919,ST,40,2026,1.07,4.2,1.1,2.6,0.9,18.2,6.2,5
1.09,0.88,1.04,1.03,1.07,0.99,0.95,0.86,0.98,0.99,0.94,1.03,0.82,0.42,0.94,1.02,-0.4,Drew Rasmussen,656876,ST,26,2026,0.98,21.6,3.4,16.3,3.1,85.6,12.3,10
0.94,0.99,0.99,1.04,0.72,0.79,0.88,1.25,0.98,0.94,1.02,1.0,0.88,0.69,1.16,0.95,2.28,Colin Rea,607067,ST,79,2026,1.02,23.0,2.9,16.0,3.2,90.2,8.0,10
1.04,0.99,1.0,1.0,0.99,1.0,0.94,1.0,1.01,1.0,1.0,1.0,1.02,0.99,1.01,0.99,1.01,Sean Reynolds,669308,ST,52,2025,1.01,5.4,4.1,3.0,2.1,23.7,16.4,10
1.0,0.93,1.0,0.94,0.91,0.98,1.04,1.14,1.0,1.03,1.03,1.02,0.93,0.97,0.95,1.0,1.45,Daniel Robert,642016,ST,156,2025,1.01,4.2,1.7,2.6,1.6,17.4,7.0,10
0.96,1.06,1.02,0.99,2.11,1.16,1.03,0.75,1.0,1.23,0.98,1.01,1.05,0.9,1.41,1.03,-0.58,Ethan Roberts,681799,ST,103,2026,0.81,5.4,1.8,3.8,1.8,22.4,7.4,10
0.97,0.83,1.0,1.02,1.16,1.02,0.94,1.18,0.99,0.93,1.05,0.97,1.03,0.89,0.94,0.99,1.79,Carlos Rodriguez,692230,ST,15,2026,0.98,13.0,5.2,8.1,3.6,55.0,23.5,10
1.07,1.0,1.0,1.0,0.99,1.02,0.94,0.95,1.03,1.0,1.0,1.0,1.01,1.01,0.99,1.0,1.05,Elvin Rodriguez,660730,ST,33,2025,1.02,12.9,8.5,7.9,5.8,47.7,28.4,7
0.99,0.99,1.0,1.0,0.98,1.0,0.97,1.01,1.0,1.0,1.01,1.0,0.99,0.99,1.0,1.0,0.97,Josh Rogers,642028,ST,65,2024,0.98,8.2,6.5,5.2,5.5,28.3,23.2,6
0.79,1.03,0.98,0.9,1.11,0.9,0.92,0.58,1.03,1.06,1.08,0.95,1.16,0.8,1.17,0.95,0.53,Taylor Rogers,573124,ST,166,2026,0.84,3.2,1.7,2.0,1.2,13.6,6.5,10
0.89,0.97,0.97,1.04,2.54,0.94,0.98,1.04,1.02,0.8,1.1,0.96,1.03,1.1,0.76,0.99,4.1,Trevor Rogers,669432,ST,89,2026,0.89,22.1,4.4,14.7,4.4,86.7,11.5,10
0.98,1.02,1.0,0.84,0.85,0.94,0.91,1.11,0.98,1.1,0.92,1.01,0.73,0.98,1.19,1.03,-0.1,JoJo Romero,668941,ST,164,2026,0.95,4.1,1.1,3.0,0.9,16.4,6.0,10
0.98,0.97,1.0,1.01,1.09,1.01,1.01,1.01,1.0,0.99,0.98,1.0,0.99,0.97,0.99,1.01,1.07,Chris Roycroft,688297,ST,125,2024,0.97,5.7,2.2,2.6,1.4,22.6,10.3,10
0.92,1.12,0.98,1.06,1.07,0.98,1.08,0.68,0.97,1.08,1.07,0.97,1.4,1.06,1.17,0.97,0.04,Joe Ryan,657746,ST,136,2026,0.9,21.8,7.3,16.2,5.5,86.8,28.0,10
1.14,1.0,1.02,1.05,0.92,0.89,0.54,1.0,0.75,0.97,0.94,1.0,0.85,0.96,0.92,1.07,1.15,Tyler Samaniego,701719,ST,54,2026,1.09,3.5,2.5,1.9,1.9,11.6,8.9,10
1.01,1.0,1.0,1.0,0.98,0.99,1.03,1.02,0.99,1.0,1.0,1.0,1.01,1.01,0.99,0.99,1.1,Bryan Sammons,676614,ST,72,2024,1.0,17.5,7.6,13.8,5.9,62.3,26.4,6
1.01,1.0,1.0,1.0,1.01,1.01,1.04,1.0,1.0,1.0,1.0,1.0,1.01,1.0,1.01,1.01,0.94,Patrick Sandoval,663776,ST,65,2024,0.99,22.2,4.8,15.7,3.9,91.0,20.9,10
1.05,1.0,1.0,1.0,0.98,0.99,1.11,1.01,1.0,1.0,1.0,1.0,0.98,1.02,0.99,1.01,1.08,Tayler Saucedo,642048,ST,97,2025,1.02,5.2,3.7,3.5,2.8,17.7,11.9,10
0.93,1.07,1.01,0.96,0.93,1.03,1.02,1.2,0.98,1.1,0.94,1.02,0.97,1.07,1.16,0.98,0.29,Clarke Schmidt,657376,ST,493,2025,0.93,22.7,3.3,17.4,3.8,89.6,13.2,10
1.09,1.15,0.98,1.01,0.73,0.97,1.44,1.14,1.12,0.99,1.04,0.99,0.83,0.98,1.02,0.97,0.88,Jesse Scholtens,669947,ST,61,2026,1.05,18.5,4.9,13.4,3.7,69.3,20.8,10
0.98,0.89,0.99,0.99,1.03,0.97,0.96,1.22,1.06,1.04,0.9,1.0,0.99,0.68,1.18,1.02,1.79,John Schreiber,670167,ST,81,2026,0.99,3.7,1.6,3.0,1.3,13.6,8.5,10
1.67,1.11,1.04,1.0,0.76,1.43,1.15,1.0,0.81,1.05,0.91,1.0,0.83,1.02,1.04,1.23,1.05,Noah Schultz,702273,ST,142,2026,1.39,20.8,2.4,14.6,2.6,81.2,6.8,8
1.05,1.02,1.0,1.07,0.73,0.99,1.14,1.51,1.0,0.94,1.01,0.98,0.75,1.03,1.26,1.0,5.4,Christian Scott,681035,ST,124,2026,1.19,19.5,3.7,13.6,3.7,79.1,14.8,10
1.0,0.9,1.01,0.88,1.47,1.14,1.02,0.88,0.99,1.05,0.98,1.0,1.08,0.93,0.92,1.01,0.34,Tayler Scott,605463,ST,340,2025,0.92,7.5,3.0,4.3,1.6,29.8,9.6,10
1.06,0.86,1.01,1.0,0.8,1.16,1.13,1.37,1.01,0.96,0.97,0.96,0.68,0.77,0.91,0.99,2.73,JP Sears,676664,ST,1348,2025,1.1,21.0,3.4,14.5,2.5,85.6,15.5,10
1.26,0.76,1.02,0.98,0.85,1.13,1.15,0.87,1.01,0.98,0.88,0.97,0.74,0.78,0.75,1.04,-3.84,Kodai Senga,673540,ST,39,2026,0.97,20.8,3.2,13.7,3.8,78.9,13.8,10
1.02,1.1,1.02,1.03,1.25,1.28,1.2,0.81,0.96,1.01,0.97,1.03,1.26,0.92,1.24,1.02,3.3,Luis Severino,622663,ST,267,2026,1.06,23.1,6.1,16.5,5.3,90.8,24.0,10
0.88,0.73,1.0,1.0,0.67,0.96,0.86,2.05,0.99,0.96,1.07,1.01,0.33,1.08,0.79,0.91,5.32,Paul Sewald,623149,ST,128,2026,1.1,3.7,0.9,3.0,0.0,14.9,4.3,10
1.04,0.97,0.98,0.99,0.78,1.04,1.0,1.58,1.02,0.85,1.08,1.0,0.97,1.35,0.84,1.0,7.93,Ian Seymour,693855,ST,95,2026,1.27,4.7,2.0,3.8,1.8,17.9,8.7,10
0.93,1.14,1.0,0.96,1.01,1.01,1.03,0.81,0.98,1.04,0.99,0.99,1.1,0.91,1.25,0.96,-0.19,Chase Shugart,663767,ST,66,2026,0.91,5.2,2.1,3.8,2.1,20.5,12.7,10
0.85,1.26,0.99,0.91,1.73,0.84,0.92,1.24,1.02,1.09,1.04,1.05,0.88,0.95,0.59,0.99,-0.18,Chase Silseth,681217,ST,47,2026,0.79,3.2,2.0,2.2,1.7,13.4,8.4,10
0.99,1.04,1.0,0.94,0.99,0.94,1.13,0.99,0.99,0.98,1.0,1.0,1.01,1.12,0.98,1.0,0.99,Josh Simpson,681006,ST,172,2026,0.98,3.7,1.7,2.3,1.1,16.7,8.3,10
1.04,1.0,0.99,0.92,0.97,0.98,1.02,1.11,1.0,1.08,0.96,1.02,1.06,1.01,1.11,1.02,1.88,Lucas Sims,608371,ST,539,2026,1.04,5.3,2.5,3.1,1.7,20.0,8.9,10
1.47,1.11,1.04,1.05,0.94,1.12,1.39,0.86,0.95,0.93,1.14,0.98,0.9,1.2,0.65,1.12,3.85,Brady Singer,663903,ST,103,2026,1.35,21.8,3.5,14.1,3.1,83.8,14.2,10
0.85,0.89,0.99,1.08,0.8,0.94,0.92,1.22,0.99,0.86,0.94,0.98,1.04,1.23,0.9,0.96,4.73,Evan Sisk,681895,ST,81,2026,1.05,3.9,1.4,3.1,1.1,16.8,7.7,10
0.89,0.7,0.98,1.05,1.34,0.93,0.84,1.4,0.94,0.93,0.97,1.02,1.12,0.88,0.8,0.94,5.04,Paul Skenes,694973,ST,160,2026,1.04,22.6,3.1,18.1,4.1,91.9,11.4,10
1.08,1.11,1.0,1.05,1.44,0.95,0.98,0.73,1.0,1.01,1.19,1.02,1.21,1.11,1.03,1.03,0.62,Justin Slaten,686580,ST,29,2026,0.98,3.9,1.4,2.6,0.7,15.4,6.1,10
1.01,1.0,1.0,1.13,1.27,1.06,0.93,1.08,1.0,0.87,0.99,1.02,1.13,1.04,0.93,0.99,1.76,Cade Smith,671922,ST,62,2026,0.99,3.9,0.7,2.7,0.7,15.6,4.6,10
0.94,1.0,1.0,1.0,1.15,0.96,0.94,0.97,1.0,1.0,1.0,1.0,1.01,1.01,0.98,0.98,1.25,Dylan Smith,681916,ST,56,2025,0.95,6.4,3.5,4.8,2.4,21.8,11.1,8
1.06,0.87,0.99,0.98,0.94,1.08,1.07,1.15,1.0,1.03,1.12,1.0,0.86,0.87,1.02,1.02,1.25,Collin Snider,676092,ST,403,2025,1.03,5.1,1.9,2.7,1.3,20.4,5.9,10
1.0,0.96,1.01,0.99,0.81,1.06,1.12,0.98,1.03,1.05,1.1,1.03,0.85,0.99,0.72,1.01,0.47,George Soriano,666277,ST,41,2026,0.98,3.6,0.8,2.4,1.0,13.7,5.1,10
0.99,1.0,1.0,1.0,0.75,1.04,1.02,1.39,0.98,0.99,1.03,1.0,0.82,1.29,0.94,0.99,1.33,Gregory Soto,642397,ST,106,2026,1.02,4.2,1.3,3.1,0.6,17.7,6.4,10
1.11,0.99,1.01,1.03,0.86,0.99,1.1,1.17,1.0,1.02,0.96,0.98,0.91,0.99,1.02,1.02,1.49,Carson Spiers,686730,ST,423,2025,1.07,16.0,4.1,10.3,3.5,63.2,17.7,10
1.15,0.69,0.99,0.96,0.94,1.02,1.01,0.92,0.98,0.9,0.9,0.93,0.79,0.53,1.02,1.01,-0.75,Jeffrey Springs,605488,ST,74,2026,1.01,23.4,2.8,16.0,3.7,86.5,9.3,10
1.09,0.95,1.01,0.99,0.78,0.93,1.02,1.14,0.98,0.94,0.99,1.05,0.86,1.13,0.85,1.02,4.6,Brandon Sproat,687075,ST,81,2026,1.18,19.7,2.9,13.9,2.9,78.6,9.3,10
0.9,1.39,1.01,1.04,1.03,1.09,1.12,0.73,0.98,1.04,1.04,0.99,1.26,1.35,1.04,0.96,3.4,Justin Sterner,686993,ST,131,2026,1.01,3.1,0.9,2.4,1.1,12.7,5.5,10
1.02,1.14,1.0,1.01,0.84,1.08,1.1,1.2,1.0,0.99,0.96,1.03,0.8,1.14,1.14,1.0,1.31,Brock Stewart,592779,ST,154,2025,1.02,4.0,1.6,2.7,0.5,15.5,4.1,10
0.97,1.01,1.0,1.0,1.03,0.97,0.97,0.98,0.99,1.0,1.0,1.0,1.04,0.98,0.99,0.99,0.95,Gavin Stone,694813,ST,37,2024,0.96,22.1,3.2,15.2,3.9,83.6,6.6,10
0.98,0.95,1.01,0.94,1.11,1.03,0.95,0.97,1.0,1.04,1.03,0.99,0.93,0.92,1.2,1.0,0.48,Hunter Strickland,519326,ST,142,2025,0.95,4.7,2.5,2.9,1.7,18.0,9.1,10
0.94,0.99,1.0,1.0,1.02,0.97,0.94,1.02,1.0,1.01,1.02,1.0,1.02,0.98,1.01,0.99,0.8,Kade Strowd,669704,ST,53,2025,0.94,3.4,1.4,2.8,0.9,13.6,5.6,10
1.08,0.58,1.03,0.97,0.79,0.97,0.93,1.47,0.98,0.99,1.02,1.02,0.69,0.51,0.64,0.98,2.54,Tomoyuki Sugano,608372,ST,99,2026,1.1,22.3,2.0,15.9,2.7,84.7,11.2,10
0.93,0.94,1.03,1.01,0.98,1.29,0.83,1.39,1.03,0.86,0.97,1.05,0.93,0.97,0.73,1.04,2.17,Matt Svanson,694335,ST,150,2026,0.99,4.7,1.1,2.9,0.7,18.1,5.0,10
0.99,1.2,0.98,1.07,0.93,0.79,1.15,1.08,0.92,1.06,1.24,0.97,1.09,0.94,1.11,0.92,-0.3,Jameson Taillon,592791,ST,154,2026,0.95,23.5,1.6,16.6,2.2,90.9,8.6,10
0.95,0.95,1.0,0.97,0.97,0.94,0.85,1.05,0.99,0.97,0.95,0.96,0.93,1.06,0.73,0.99,2.31,Dillon Tate,622253,ST,256,2025,1.01,5.1,2.3,2.9,1.3,20.1,9.1,10
1.03,0.98,1.01,0.94,0.97,0.98,1.15,0.8,1.01,1.05,1.04,1.03,0.99,1.0,1.04,1.01,-1.16,Troy Taylor,700187,ST,185,2025,0.93,4.6,1.7,2.1,1.0,17.7,5.3,10
0.79,1.11,1.01,0.99,1.5,0.89,0.84,0.73,1.01,1.07,1.04,1.03,1.33,1.03,1.08,0.96,0.66,Kai-Wei Teng,678906,ST,244,2026,0.81,12.4,7.3,9.0,5.5,49.0,28.8,10
1.0,1.0,1.0,1.0,1.0,1.0,1.0,1.0,1.0,1.0,1.0,1.0,1.0,1.0,1.0,1.0,1.0,Keegan Thompson,624522,ST,80,2026,0.98,5.6,3.6,3.5,2.5,23.1,13.4,10
0.95,0.89,1.02,0.96,0.94,1.05,0.84,1.19,1.0,1.07,1.09,0.98,0.83,0.86,1.14,0.97,0.83,Trent Thornton,663423,ST,465,2025,0.96,4.9,1.2,4.1,1.3,19.6,6.5,10
0.93,0.99,1.0,1.03,1.3,0.96,1.05,1.41,1.01,1.13,1.06,1.02,1.05,1.12,1.13,1.01,4.14,Blade Tidwell,694918,ST,74,2026,1.03,8.5,6.2,5.7,4.0,33.5,25.5,10
1.35,1.0,1.04,0.89,0.88,1.12,0.97,1.04,1.05,1.02,0.84,0.99,0.91,0.47,1.05,1.08,2.47,Justin Topa,623437,ST,60,2026,1.23,4.7,2.1,2.1,1.1,19.2,9.8,10
1.26,1.39,1.0,0.89,0.98,1.04,1.09,0.89,1.03,0.98,0.96,1.02,1.06,1.27,0.97,1.12,-0.6,Blake Treinen,595014,ST,129,2026,1.07,3.3,1.1,2.6,0.8,11.9,3.9,10
0.91,0.99,0.99,1.0,1.0,0.94,0.91,1.0,0.99,1.0,0.98,1.0,0.99,1.01,1.02,0.97,0.86,Lou Trivino,642152,ST,169,2025,0.93,5.0,2.6,2.5,1.6,18.1,9.1,10
0.97,0.99,1.0,1.0,0.98,1.01,0.96,1.01,0.99,1.0,0.99,1.0,0.99,1.0,1.0,0.99,1.36,Spencer Turnbull,605513,ST,331,2025,0.98,9.5,3.0,6.1,2.4,37.9,10.5,10
1.03,0.97,1.0,1.0,0.97,0.99,1.09,1.02,0.97,1.0,1.01,1.0,0.98,0.96,1.0,1.01,1.1,Edwin Uceta,670955,ST,61,2025,1.01,4.8,1.9,3.3,0.9,17.7,6.7,10
1.75,1.06,1.02,0.98,1.3,1.01,0.54,0.78,1.25,0.98,0.87,1.02,1.06,0.96,0.82,1.17,-0.35,Walbert Urena,700712,ST,107,2026,1.3,19.3,7.1,13.3,6.0,75.9,26.1,10
1.01,0.89,1.0,1.04,0.91,0.97,1.05,1.19,1.0,0.97,1.01,1.0,0.85,0.81,0.77,1.0,2.79,Logan VanWey,701121,ST,55,2026,1.06,4.7,3.1,2.9,1.7,18.5,13.7,10
0.96,0.98,1.0,1.0,1.08,0.98,0.94,1.0,1.03,1.0,0.98,1.0,1.05,0.99,1.03,0.99,0.44,Mike Vasil,678024,ST,264,2025,0.93,6.5,3.4,4.5,2.8,27.3,13.4,10
0.99,0.88,1.03,0.95,1.19,1.02,1.04,1.08,1.01,1.18,0.98,1.02,1.22,0.67,0.73,1.02,1.41,Randy Vasquez,681190,ST,43,2026,0.98,22.6,1.7,16.2,2.9,88.3,9.6,10
1.04,0.99,1.0,0.94,1.03,1.1,1.01,0.96,1.0,0.97,1.12,1.0,1.15,0.98,0.88,1.01,0.87,Anthony Veneziano,685107,ST,187,2025,1.0,5.2,3.3,3.2,2.4,23.3,14.6,10
0.91,0.97,1.0,0.99,1.09,0.97,0.94,0.95,0.96,1.0,1.0,1.0,1.05,0.99,0.98,0.95,0.69,Justin Verlander,434378,ST,204,2025,0.92,23.3,3.0,16.9,3.5,95.1,13.0,10
1.06,1.07,1.0,0.99,0.91,0.98,1.17,0.95,1.0,1.0,1.01,0.99,1.04,0.97,1.02,1.01,0.89,Austin Voth,608723,ST,252,2026,1.02,6.4,5.3,3.9,2.9,25.4,19.4,10
0.94,0.98,1.0,1.0,0.98,1.01,0.94,1.01,1.05,1.0,0.98,1.0,0.99,1.0,1.01,1.02,1.13,Brandon Waddell,663399,ST,120,2025,0.95,11.8,7.3,7.7,4.7,45.1,29.3,10
1.0,1.0,1.0,1.0,1.0,1.0,1.0,1.0,1.0,1.0,1.0,1.0,1.0,1.0,1.0,1.0,1.0,Ken Waldichuk,686610,ST,10,2026,0.98,8.0,1.9,4.8,1.1,29.8,5.5,5
1.08,0.78,0.99,1.06,0.82,0.97,1.11,1.18,0.96,0.87,0.86,0.99,0.7,0.46,0.89,1.02,4.36,Matt Waldron,663362,ST,62,2026,1.17,21.0,6.1,12.7,3.6,79.0,23.1,10
0.97,0.99,1.0,1.0,1.02,0.99,1.02,1.0,0.99,1.0,1.01,1.0,1.01,1.0,0.98,0.99,1.05,Blake Walston,686796,ST,58,2024,0.97,11.9,7.5,7.9,5.1,49.0,31.5,7
0.99,0.99,1.0,1.0,1.53,1.01,1.04,0.92,1.0,1.0,1.0,1.0,1.05,0.98,1.02,1.01,0.7,Brandon Walter,687888,ST,183,2025,0.92,23.4,3.7,17.3,2.2,90.2,6.8,9
0.89,0.76,1.01,1.0,0.87,1.01,0.85,1.33,1.08,1.05,0.95,1.02,0.66,0.7,1.08,1.04,-1.47,Austin Warren,681810,ST,153,2026,0.84,6.1,1.7,4.3,1.6,24.9,9.9,10
1.06,1.09,1.01,1.02,1.36,1.01,1.02,0.9,1.1,1.16,0.89,1.02,1.04,0.82,1.25,1.09,0.63,Will Warren,701542,ST,230,2026,0.96,23.0,2.7,16.3,3.1,89.2,5.2,10
0.81,1.02,0.99,1.06,1.61,0.94,1.04,1.4,0.83,0.9,1.03,1.02,1.21,1.05,0.92,1.04,3.45,Ryan Watson,670245,ST,117,2026,0.92,8.3,3.8,5.5,2.8,30.1,14.1,10
0.93,1.24,0.98,0.91,1.28,0.87,0.91,0.82,1.0,1.0,0.82,0.98,1.16,1.38,0.93,0.99,0.84,Ryan Weathers,677960,ST,198,2026,0.92,23.9,3.4,18.0,4.0,94.4,6.6,10
1.22,1.09,1.0,1.06,1.45,1.04,0.74,1.12,1.04,1.0,0.84,1.02,1.0,0.79,1.03,1.08,0.72,Logan Webb,657277,ST,165,2026,1.05,24.7,3.7,17.4,3.1,89.3,12.6,10
1.25,1.16,1.02,1.0,0.9,1.48,1.78,0.74,0.87,1.01,0.98,1.01,1.08,1.02,1.08,1.11,0.15,Ryan Weiss,680802,ST,171,2026,1.11,14.6,6.1,8.6,3.6,58.8,24.6,9
0.91,1.08,1.0,0.92,1.03,1.12,1.1,1.4,1.01,1.12,0.95,0.99,0.7,1.15,1.4,1.04,5.02,Greg Weissert,669711,ST,72,2026,1.07,4.1,0.9,2.6,1.2,15.5,4.3,10
1.01,1.11,0.99,1.07,1.01,0.96,1.06,1.04,1.0,1.03,0.96,1.01,0.86,1.11,1.22,1.02,0.8,Hayden Wesneski,669713,ST,562,2025,0.98,15.5,8.1,11.7,6.0,60.7,30.8,10
0.94,0.91,1.0,1.08,1.13,0.92,0.84,0.93,1.0,1.07,0.98,0.98,1.07,1.04,1.27,1.0,-1.38,Zack Wheeler,554430,ST,81,2026,0.86,23.3,2.9,17.8,2.6,92.8,6.3,10
1.04,1.0,1.0,1.0,1.05,0.98,0.94,1.0,1.03,1.0,1.01,1.0,1.03,0.98,1.01,1.01,0.79,Mitch White,669952,ST,93,2024,0.99,7.4,4.2,4.2,2.3,28.6,17.3,10
0.94,1.0,1.0,1.0,0.95,0.96,0.94,1.01,1.03,1.0,1.0,1.0,1.01,1.02,1.02,1.02,0.74,Owen White,669391,ST,33,2025,0.95,8.8,5.9,4.8,4.9,31.3,21.7,6
0.94,1.0,1.0,1.0,1.04,1.02,0.94,0.94,1.08,1.01,1.02,1.0,0.94,0.95,1.0,1.02,0.83,Jordan Wicks,696136,ST,60,2025,0.94,10.0,7.3,5.6,3.8,34.5,26.2,10
1.02,1.12,1.01,1.08,1.98,1.01,1.0,0.68,1.07,0.88,1.01,1.06,1.22,1.39,0.74,1.03,-0.08,Gavin Williams,668909,ST,291,2026,0.86,24.8,2.8,18.3,2.4,93.7,11.3,10
0.97,1.06,0.99,1.09,0.9,0.93,0.88,1.09,1.03,0.94,0.95,0.94,0.86,1.1,0.82,0.97,3.54,Trevor Williams,592866,ST,622,2025,1.06,21.3,2.7,14.5,3.2,81.2,7.2,10
0.54,1.26,1.0,0.97,0.92,0.94,0.54,1.19,1.49,1.01,1.08,0.99,0.89,1.13,1.06,0.88,1.34,Brandon Williamson,682227,ST,51,2026,0.72,18.7,4.7,12.7,4.7,76.8,17.5,10
1.0,0.72,1.01,1.02,0.63,0.96,1.0,1.34,1.01,1.01,1.06,1.0,0.67,0.91,1.08,0.99,1.03,Steven Wilson,621051,ST,882,2025,1.02,3.7,1.6,2.6,1.2,17.5,6.2,10
0.86,1.11,1.03,1.01,1.02,0.91,0.91,1.07,1.01,0.96,1.09,1.02,0.87,1.23,0.79,0.97,3.41,Bryan Woo,693433,ST,152,2026,0.99,23.2,3.0,16.8,3.9,86.4,13.5,10
0.91,1.17,1.02,1.01,1.28,1.06,1.1,0.75,0.99,0.99,1.0,1.0,0.91,0.89,1.18,1.03,0.79,Jake Woodford,663765,ST,44,2026,0.9,6.6,4.0,3.6,2.6,24.9,13.9,10
1.0,1.0,1.0,1.0,1.0,1.0,1.0,1.0,1.0,1.0,1.0,1.0,1.0,1.0,1.0,1.0,1.0,Brandon Woodruff,605540,ST,5,2026,0.98,21.0,6.2,15.2,4.5,75.1,22.3,10
1.02,0.94,1.01,0.86,0.98,1.02,1.02,1.0,1.0,1.0,0.97,1.03,0.97,0.98,0.96,1.03,0.77,Justin Wrobleski,680736,ST,8,2026,0.99,25.1,4.6,18.3,4.7,90.7,14.4,10
0.83,0.68,0.96,0.97,0.53,0.83,0.98,1.14,0.96,0.88,1.06,0.87,0.91,1.15,0.97,0.92,7.19,Ryan Yarbrough,642232,ST,66,2026,1.15,7.9,3.1,5.6,2.1,30.6,13.0,10
1.0,1.0,1.0,1.0,1.0,1.0,1.0,1.0,1.0,1.0,1.0,1.0,1.0,1.0,1.0,1.0,1.0,Kirby Yates,489446,ST,5,2026,0.98,3.9,0.9,2.3,0.8,16.2,5.6,10
1.01,1.03,1.0,1.0,1.02,1.0,1.0,0.94,1.02,1.01,0.98,1.0,1.03,1.04,1.03,1.02,0.91,Danny Young,664849,ST,429,2025,0.98,3.6,1.6,1.9,1.0,15.7,6.9,10
0.94,0.98,0.99,1.0,1.02,0.95,0.94,0.98,0.97,1.0,1.02,1.0,1.02,1.02,0.99,0.97,1.23,Rob Zastryzny,642239,ST,50,2025,0.96,3.4,1.3,2.1,1.2,12.7,6.0,10
1.01,1.06,1.02,1.04,0.79,1.11,1.22,1.56,0.97,1.03,1.04,1.03,0.69,1.28,1.02,0.99,4.75,Ryan Zeferjahn,666171,ST,171,2026,1.14,4.7,1.3,2.8,1.6,20.0,6.1,10
1.11,1.0,1.0,0.99,0.96,1.01,1.02,1.03,1.08,1.0,1.03,1.0,0.96,0.98,1.03,1.06,1.29,Tyler Zuber,676604,ST,108,2025,1.05,5.8,3.0,3.7,1.8,24.5,13.6,10
1.04,0.99,1.01,0.96,0.98,1.08,1.01,1.06,1.03,1.03,1.04,1.01,0.92,0.93,1.41,1.01,1.0,Travis Adams,701519,FC,162,2026,0.94,6.0,3.2,3.6,2.1,22.0,12.9,10
0.92,0.98,1.01,0.96,0.91,1.05,0.84,1.13,0.99,0.97,1.14,1.03,0.98,0.86,0.57,0.98,1.21,Zach Agnos,688642,FC,157,2026,0.94,12.3,4.9,7.8,4.3,44.0,19.4,10
0.84,1.0,0.99,0.94,0.73,0.94,0.94,1.19,0.98,0.92,0.92,1.0,0.62,0.87,0.54,0.95,0.78,Sandy Alcantara,645261,FC,153,2026,0.71,26.6,2.8,17.5,3.4,98.1,6.5,10
1.0,1.0,1.0,1.0,1.0,1.0,1.0,1.0,1.0,1.0,1.0,1.0,1.0,1.0,1.0,1.0,1.0,Jason Alexander,669920,FC,22,2026,0.96,20.5,5.3,14.2,5.2,74.9,24.7,10
1.04,0.75,0.97,0.98,0.7,0.95,1.13,1.41,1.01,0.98,0.87,0.98,0.95,0.78,0.69,1.01,1.22,Tyler Alexander,641302,FC,111,2026,1.08,3.7,1.3,2.2,1.4,14.6,5.9,10
1.17,1.04,0.99,0.98,0.81,1.0,1.0,0.93,1.0,0.83,1.0,0.93,1.01,1.15,1.71,1.03,0.57,Kolby Allard,663465,FC,40,2026,1.09,7.9,4.1,5.2,2.0,33.9,16.4,10
0.99,0.99,1.0,1.0,1.01,1.01,0.97,1.0,0.99,1.0,1.0,1.0,1.01,1.0,1.0,1.0,1.0,Logan Allen,663531,FC,103,2024,0.96,9.8,5.1,6.0,3.6,37.8,22.1,10
1.16,0.97,1.0,0.99,0.91,1.08,1.01,0.98,0.97,0.98,0.9,0.96,0.94,0.92,1.3,1.02,0.94,Logan Allen,671106,FC,568,2026,1.04,23.2,2.3,15.2,3.2,93.2,7.7,10
0.94,1.79,1.0,1.07,1.68,1.08,0.9,0.19,0.98,0.89,1.0,1.02,1.38,1.83,0.85,0.98,0.68,Jose Alvarado,621237,FC,128,2026,0.91,3.8,1.3,2.5,0.7,16.3,5.6,10
1.03,1.0,1.0,1.0,1.01,0.99,1.08,1.0,0.99,1.0,1.0,1.0,0.98,1.02,1.02,1.0,1.01,Adbert Alzolay,640470,FC,26,2024,0.96,4.6,1.4,2.3,1.1,19.8,5.5,10
1.05,0.98,1.0,0.99,1.01,0.99,1.08,0.99,1.01,1.0,1.0,1.0,0.99,0.99,1.01,1.01,0.99,Chase Anderson,502624,FC,343,2024,0.98,9.4,5.8,5.8,4.0,38.1,24.4,10
1.02,1.0,1.0,1.0,0.98,1.0,1.01,1.01,1.0,1.0,1.01,1.0,1.0,0.96,0.99,1.01,1.0,Justin Anderson,605121,FC,71,2024,0.99,3.7,1.3,2.1,1.3,16.2,5.5,10
0.95,1.15,0.99,0.95,1.0,0.97,0.93,0.88,1.07,0.98,0.98,0.94,1.08,0.93,0.76,0.99,1.22,Tyler Anderson,542881,FC,1006,2025,0.94,22.3,3.2,15.2,2.7,84.6,6.1,10
1.0,1.0,1.0,1.0,1.0,1.0,1.0,1.0,1.0,1.0,1.0,1.0,1.0,1.0,1.0,1.0,1.0,Tejay Antone,622088,FC,28,2026,0.96,4.0,1.7,2.3,1.5,15.2,5.8,10
0.95,0.79,1.01,1.03,0.59,1.08,0.89,1.28,1.02,1.0,1.01,1.0,0.67,1.22,1.48,0.99,1.08,Shawn Armstrong,542888,FC,56,2026,0.8,3.6,1.0,2.1,1.0,15.0,6.0,10
1.16,0.81,1.01,1.14,0.57,0.93,1.11,1.17,1.0,0.99,1.04,0.97,0.83,0.93,0.91,1.01,1.26,Spencer Arrighetti,681293,FC,40,2026,1.02,24.5,1.8,17.9,2.7,95.1,4.9,10
0.92,1.19,1.02,0.87,1.25,0.99,0.76,1.21,1.0,1.07,0.97,1.08,1.13,0.83,0.54,1.0,1.46,Graham Ashcraft,668933,FC,231,2026,1.06,4.6,1.8,3.2,1.6,18.9,7.0,10
0.91,0.91,1.0,1.01,1.24,1.21,1.04,0.87,1.01,0.9,0.96,0.98,1.14,0.67,1.72,1.01,0.72,Javier Assad,665871,FC,72,2026,0.92,14.4,7.4,10.4,5.7,57.0,28.6,10
0.97,0.99,1.0,1.0,1.02,1.02,0.97,0.99,1.02,1.0,1.0,1.0,0.98,0.98,1.01,1.01,0.98,Nick Avila,687014,FC,70,2024,0.93,7.0,2.4,4.0,2.2,28.1,8.4,8
0.92,1.4,1.0,1.03,1.22,0.92,0.84,0.44,1.03,0.99,0.98,1.0,1.12,1.27,1.36,1.0,0.85,Jacob Barnes,606930,FC,632,2025,0.86,5.3,2.3,3.1,1.5,20.2,9.9,10
1.11,1.17,0.98,0.98,1.16,0.98,1.17,1.17,1.0,0.89,0.97,1.0,0.92,1.03,0.69,1.02,1.18,Chris Bassitt,605135,FC,203,2026,1.03,22.2,3.4,14.4,4.4,82.1,14.0,10
0.97,0.87,1.0,1.0,1.13,0.94,0.95,0.82,1.0,0.95,0.98,0.99,0.98,1.15,0.91,0.99,1.0,Brady Basso,669620,FC,119,2026,0.84,4.8,2.3,2.5,1.2,16.6,12.4,10
0.91,1.07,0.99,1.01,1.25,0.93,1.05,0.9,0.99,0.97,1.11,1.0,1.13,0.8,1.08,0.96,0.77,Shane Baz,669358,FC,199,2026,0.88,25.6,3.0,17.6,2.3,98.8,3.4,10
1.03,1.18,1.0,1.0,1.06,0.99,0.99,1.01,0.99,0.98,0.9,0.94,1.06,1.15,0.83,0.99,0.69,Jalen Beeks,656222,FC,37,2026,1.01,3.9,1.2,2.5,0.8,13.8,5.2,10
1.36,1.12,1.0,0.97,1.13,1.07,1.35,0.31,0.99,0.97,1.04,0.97,1.11,1.88,0.27,1.09,0.35,Brayan Bello,678394,FC,159,2026,1.17,23.0,3.0,15.3,4.4,84.4,12.5,10
1.25,0.53,1.03,0.95,0.42,1.07,1.1,1.74,0.99,0.99,1.01,0.96,0.39,1.16,0.68,1.06,1.22,Valente Bellozo,678368,FC,40,2026,1.01,10.9,7.6,6.8,5.9,40.8,28.5,10
0.89,0.96,0.99,0.88,1.05,0.91,0.88,1.16,1.0,0.95,0.93,0.96,1.12,1.15,0.52,0.97,0.8,Brennan Bernardino,657514,FC,46,2026,0.98,4.0,1.2,2.7,0.8,12.9,3.9,10
0.97,1.09,1.0,0.99,0.84,1.02,0.9,0.95,1.01,0.98,1.13,1.01,0.96,0.77,0.6,1.0,1.13,Jose Berrios,621244,FC,249,2025,0.96,19.8,4.6,13.9,4.8,76.2,14.8,10
1.16,1.32,1.01,1.03,0.76,1.05,1.27,1.17,1.0,1.09,1.01,0.96,0.6,1.61,2.08,1.03,0.46,Tanner Bibee,676440,FC,288,2026,0.91,23.2,3.7,16.1,4.7,90.1,12.2,10
1.0,0.99,1.0,1.0,1.06,0.97,1.04,0.96,1.03,1.0,0.98,1.0,1.02,0.99,0.98,1.02,0.99,Shane Bieber,669456,FC,82,2025,0.97,22.7,1.8,17.2,1.2,90.1,5.6,9
0.97,0.95,1.0,0.99,1.36,0.91,0.82,1.01,1.04,0.96,1.01,1.02,0.98,0.8,0.75,0.98,1.09,Spencer Bivens,702352,FC,422,2025,0.83,5.9,4.4,3.9,3.3,22.7,15.4,10
0.98,0.98,1.0,0.98,0.96,0.99,1.02,1.02,0.97,1.0,1.02,0.99,0.97,0.99,0.96,1.0,0.94,Ty Blach,621389,FC,155,2024,0.96,12.2,5.9,6.9,3.8,43.6,18.5,10
1.08,0.97,1.0,0.96,1.12,1.04,0.96,1.11,0.99,1.02,1.03,1.02,0.85,0.86,1.15,1.01,1.09,Paul Blackburn,621112,FC,132,2026,0.93,6.5,2.5,4.4,2.2,26.5,8.6,10
0.91,0.96,1.0,1.0,1.1,0.99,0.91,0.98,1.01,1.0,1.0,1.0,1.02,0.99,1.04,0.99,0.96,Bradley Blalock,687134,FC,102,2025,0.88,22.1,3.4,14.1,3.2,81.7,9.3,10
1.0,1.0,1.0,1.0,1.0,1.0,1.0,1.0,1.0,1.0,1.0,1.0,1.0,1.0,1.0,1.0,1.0,AJ Blubaugh,805123,FC,30,2026,0.96,7.5,3.7,5.4,2.9,29.7,14.3,10
0.91,1.04,0.99,0.97,1.86,1.0,0.94,0.81,0.95,1.08,0.9,1.01,1.05,0.95,1.68,0.97,0.76,Cody Bolton,675989,FC,93,2026,0.73,11.2,3.3,6.4,3.1,46.7,13.1,10
1.06,1.17,1.0,1.0,1.03,1.06,1.08,0.86,0.98,0.94,0.93,0.98,0.99,1.19,1.02,0.99,0.7,Cam Booser,592155,FC,356,2025,0.95,3.8,1.9,1.8,1.0,14.6,8.5,10
1.45,1.34,1.01,1.0,0.83,1.02,2.11,1.41,0.54,0.99,1.22,1.0,0.77,0.85,1.4,0.9,1.09,Ryan Borucki,621366,FC,18,2026,1.23,6.0,2.6,3.7,1.9,22.2,9.1,10
0.97,1.0,1.0,0.99,1.08,0.99,1.01,1.06,1.07,1.0,0.98,1.0,1.0,1.0,0.97,1.0,1.04,Caleb Boushley,676961,FC,153,2025,0.91,6.4,3.7,3.8,1.9,26.0,16.8,10
0.98,0.86,0.99,1.03,1.04,0.93,0.99,0.94,1.02,0.97,0.94,1.0,1.05,0.87,0.81,0.99,0.98,Matt Bowman,621199,FC,212,2025,0.92,6.7,2.8,4.0,1.8,26.3,11.8,10
1.02,1.57,1.0,1.01,1.62,0.93,0.94,0.55,0.94,0.89,1.0,1.0,1.23,1.56,1.54,0.97,0.55,Taj Bradley,671737,FC,215,2026,0.92,23.5,3.7,16.8,3.1,96.2,11.3,10
1.02,1.0,1.0,1.01,1.02,0.99,0.94,0.99,0.97,1.0,1.0,1.0,1.02,0.96,0.99,0.99,1.02,Ryan Brasier,518489,FC,52,2025,0.97,4.1,1.5,2.7,1.1,15.0,5.2,10
1.01,0.99,1.0,1.11,1.0,1.02,1.08,1.0,0.99,0.99,0.89,0.97,0.95,1.01,1.22,1.0,0.92,Connor Brogdon,641401,FC,27,2026,0.92,4.4,2.0,2.8,1.5,17.6,9.3,10
1.1,1.0,1.0,1.04,1.32,0.96,1.46,0.92,1.0,0.99,0.95,1.04,1.12,0.98,0.98,1.02,1.1,Hunter Brown,686613,FC,480,2025,1.03,24.0,1.9,18.2,2.1,95.8,9.5,10
0.86,1.19,0.99,1.02,1.38,0.99,0.97,1.02,1.01,0.99,1.04,1.0,1.28,0.79,1.53,1.0,1.2,Walker Buehler,621111,FC,213,2026,1.01,20.1,2.6,14.5,3.1,80.4,14.0,10
0.54,0.98,1.0,1.0,0.64,0.81,0.54,1.47,0.54,0.95,1.11,0.99,0.74,0.94,0.74,0.72,1.01,Aaron Bummer,607481,FC,33,2026,0.56,4.8,2.3,2.5,1.0,17.5,10.0,10
1.03,1.05,1.0,1.0,0.98,1.0,0.94,0.97,1.01,1.0,0.99,1.0,0.96,1.05,1.0,1.01,0.98,Juan Burgos,686228,FC,73,2025,0.96,4.4,2.2,2.0,1.4,15.7,7.7,10
0.54,1.38,1.0,1.03,0.93,1.11,0.54,0.94,0.94,1.05,1.03,1.0,0.97,0.99,0.89,0.93,1.2,Sean Burke,680732,FC,52,2026,0.71,22.8,1.6,16.7,3.0,88.8,9.0,10
0.95,1.0,1.01,1.02,1.4,0.93,0.94,0.9,0.93,1.03,0.97,1.06,1.18,0.88,0.9,0.98,1.21,Corbin Burnes,669203,FC,1898,2025,0.96,24.1,3.0,17.8,2.3,90.7,8.9,10
0.92,1.14,1.01,0.94,1.7,0.91,0.78,0.66,1.0,0.94,1.03,1.0,1.19,1.41,0.67,0.98,0.92,Genesis Cabrera,650893,FC,549,2025,0.83,4.0,1.4,2.1,1.4,17.8,5.6,10
0.94,1.08,1.01,0.98,1.06,0.98,0.95,1.03,1.04,0.99,1.05,1.0,1.01,1.2,0.78,1.01,1.15,Noah Cameron,702070,FC,168,2026,0.94,23.0,2.8,16.0,2.7,86.4,10.2,10
2.1,0.54,1.04,0.96,0.68,0.95,1.89,0.99,0.83,1.02,1.03,1.0,0.94,0.72,0.79,1.04,0.9,Griffin Canning,656288,FC,21,2026,1.54,19.7,4.8,13.6,4.2,77.0,18.1,10
1.03,0.77,1.0,0.96,0.86,0.99,1.05,1.43,0.99,0.98,1.0,1.0,0.78,0.97,0.68,1.01,1.05,Jonathan Cannon,686563,FC,805,2025,0.96,17.3,8.8,11.1,6.8,64.5,29.5,10
1.0,1.0,1.0,1.0,1.0,1.0,1.0,1.0,1.0,1.0,1.0,1.0,1.0,1.0,1.0,1.0,1.0,Carlos Carrasco,471911,FC,12,2026,0.96,15.1,8.9,9.4,5.9,52.9,32.5,10
0.83,0.83,0.99,0.9,1.98,0.86,0.76,0.89,1.02,1.06,1.1,1.03,1.23,0.88,1.57,0.96,0.95,Ben Casparius,676508,FC,289,2026,0.73,4.5,1.2,2.7,0.7,18.5,6.4,10
0.84,1.04,0.99,1.01,1.07,0.88,0.89,0.75,0.97,0.93,0.98,0.98,1.02,0.94,0.82,0.92,0.78,Slade Cecconi,677944,FC,265,2026,0.74,22.8,3.1,15.1,3.0,84.4,9.3,10
1.0,1.0,1.0,1.0,1.0,1.0,1.0,1.0,1.0,1.0,1.0,1.0,1.0,1.0,1.0,1.0,1.0,Eric Cerantola,672021,FC,17,2026,0.96,6.0,3.5,3.7,2.1,26.0,15.6,3
0.99,0.94,0.99,0.97,0.85,0.94,1.06,1.34,1.02,0.95,0.94,0.99,1.03,0.85,0.76,1.0,1.19,Jesse Chavez,445926,FC,595,2025,1.07,7.8,3.9,5.0,2.5,30.0,16.3,10
0.78,1.06,1.0,0.89,0.86,1.09,1.0,1.48,1.0,1.09,0.94,0.98,0.77,0.97,1.86,0.94,1.25,Aaron Civale,650644,FC,326,2026,0.76,22.5,2.0,14.9,1.5,83.5,12.2,10
0.44,1.13,0.98,0.97,1.32,0.83,0.44,0.74,0.91,0.95,1.03,1.03,1.35,0.7,1.05,0.88,1.25,Taylor Clarke,664199,FC,71,2026,0.7,2.7,1.1,2.2,0.9,10.3,4.1,10
0.89,0.96,1.0,1.05,1.7,0.89,0.71,0.95,1.03,1.05,1.11,1.1,1.36,1.21,1.27,0.99,1.19,Emmanuel Clase,661403,FC,1275,2025,0.93,4.2,1.3,3.2,1.5,16.1,5.8,10
1.08,1.03,1.0,0.99,0.98,1.04,1.04,0.96,0.98,1.0,1.0,1.0,1.01,1.03,1.01,1.01,0.99,Garrett Cleavinger,664076,FC,275,2025,1.02,3.7,1.3,2.8,1.3,13.6,7.3,10
1.07,1.09,1.01,1.04,1.23,1.06,0.97,0.78,1.0,1.01,0.94,0.97,1.09,1.04,1.12,1.0,0.89,Mike Clevinger,605182,FC,59,2025,0.95,7.4,7.6,4.7,5.5,29.0,32.2,10
1.01,1.01,1.0,1.0,1.01,1.0,1.04,0.99,1.0,1.0,1.0,1.0,1.01,0.99,1.01,1.01,1.01,Gerrit Cole,543037,FC,242,2024,0.98,23.3,2.1,18.2,3.6,88.0,11.9,10
0.54,1.09,1.03,0.97,1.55,0.99,0.54,0.94,1.26,1.06,0.89,1.0,0.96,1.08,0.76,0.98,0.73,Gavin Collyer,686560,FC,112,2026,0.49,4.9,2.0,3.0,2.1,20.4,7.9,10
1.1,1.05,1.02,1.05,0.84,1.25,0.95,0.75,1.02,0.94,1.09,0.96,0.98,0.65,0.8,1.06,0.79,Patrick Corbin,571578,FC,139,2026,1.06,21.2,1.6,14.7,2.3,78.0,8.3,10
1.01,0.78,1.01,0.92,0.82,1.06,1.02,1.18,1.0,0.99,1.02,0.98,0.77,1.04,1.45,1.0,1.12,Nestor Cortes,641482,FC,1002,2025,0.86,20.1,3.5,13.7,4.5,78.6,12.9,10
0.97,1.33,0.99,0.93,2.25,1.02,1.04,0.42,0.99,1.03,0.99,0.96,1.37,1.17,1.31,1.0,0.77,Danny Coulombe,543056,FC,483,2026,0.86,3.3,1.1,2.1,1.0,13.1,5.6,10
1.0,1.03,1.0,0.99,1.03,0.97,1.04,0.95,0.97,1.01,1.01,1.0,1.04,1.02,1.08,0.99,1.01,Kutter Crawford,676710,FC,900,2024,0.97,23.0,4.4,16.9,3.7,87.0,9.8,10
1.1,1.39,0.98,1.05,1.36,0.92,1.05,1.05,1.0,0.97,0.98,0.97,1.2,1.02,0.7,1.02,0.73,Cooper Criswell,681867,FC,81,2026,1.15,4.4,1.8,2.7,1.6,17.0,5.4,10
0.92,1.02,1.02,1.06,1.27,1.12,0.96,0.59,0.99,1.09,1.13,1.0,0.9,0.98,0.96,1.02,0.84,Garrett Crochet,676979,FC,128,2026,0.76,23.6,2.3,17.2,4.8,91.3,15.2,10
0.9,1.12,1.01,1.0,0.83,1.17,1.17,1.24,0.81,1.1,1.01,0.99,0.73,0.93,0.95,1.01,0.94,Coleman Crow,689441,FC,72,2026,0.97,19.7,1.5,14.3,2.9,67.7,8.0,3
0.84,0.75,1.01,1.05,2.51,0.98,0.89,0.8,0.96,0.91,1.0,1.04,1.2,1.2,0.78,0.94,1.0,Steven Cruz,674444,FC,73,2026,0.58,5.0,2.4,2.8,1.0,20.6,11.6,10
1.03,1.02,1.0,1.0,0.96,1.0,1.06,1.0,1.03,1.01,1.01,1.0,1.0,0.98,0.99,1.0,1.0,John Curtiss,595928,FC,183,2025,0.97,3.8,1.5,3.2,1.8,15.8,8.0,10
1.04,1.02,1.0,1.0,0.96,1.01,0.94,1.01,1.02,1.0,0.99,1.0,0.96,1.02,1.0,1.0,0.96,Michael Darrell-Hicks,690382,FC,53,2025,0.95,6.1,2.3,4.1,1.6,22.6,9.5,7
1.12,0.97,1.01,1.0,0.98,1.08,1.18,1.01,1.02,1.0,1.0,1.0,0.96,0.98,0.98,1.05,1.02,Yu Darvish,506433,FC,193,2025,1.06,19.4,2.3,14.4,2.4,79.5,6.7,10
0.97,1.01,1.0,1.0,0.99,1.01,0.97,1.01,1.0,1.0,1.0,1.0,1.01,1.0,1.0,0.99,1.0,Austin Davis,656354,FC,54,2024,0.94,4.6,1.8,2.7,1.5,20.1,9.1,7
1.04,0.92,1.0,0.87,0.97,1.0,1.16,1.14,1.0,0.95,0.98,0.98,1.02,1.04,0.7,1.0,0.92,Noah Davis,663562,FC,122,2025,1.03,8.1,2.6,3.6,2.0,30.4,7.5,10
1.49,1.21,1.02,0.97,1.38,0.99,0.44,0.77,1.48,1.05,1.03,0.97,1.07,1.05,0.97,1.13,0.52,Enmanuel De Jesus,646241,FC,70,2026,1.09,5.3,1.6,3.6,1.6,21.3,6.4,10
1.0,1.12,1.0,0.99,1.14,1.04,0.95,0.92,1.0,0.97,0.97,0.96,1.02,0.95,1.01,1.0,0.93,Chris Devenski,606965,FC,119,2025,0.95,4.9,2.0,3.2,2.7,18.9,9.6,10
1.04,1.54,1.03,0.98,2.8,1.05,1.09,0.4,0.99,0.85,1.12,0.98,1.36,1.44,0.8,1.0,0.7,Dylan Dodd,689266,FC,334,2026,0.8,5.0,2.7,3.7,3.0,18.2,7.9,10
0.54,0.89,0.99,1.02,0.73,0.7,0.54,1.32,0.88,0.96,0.95,1.01,0.77,1.21,0.81,0.81,0.99,Wilber Dotel,696062,FC,34,2026,0.49,8.3,3.1,6.3,4.2,32.8,11.5,6
0.89,0.73,1.02,0.97,1.56,0.95,0.81,0.71,0.94,1.07,0.84,1.1,1.25,0.88,1.49,0.92,1.36,Camilo Doval,666808,FC,122,2026,0.76,3.2,1.5,2.2,0.8,13.3,6.7,10
1.07,0.99,1.01,0.98,0.71,0.94,0.99,0.91,0.79,1.05,1.11,1.01,0.93,0.83,0.72,0.96,1.3,Shane Drohan,675660,FC,85,2026,1.03,9.8,5.7,7.3,4.1,36.6,19.1,10
0.99,1.01,1.0,1.0,1.02,0.98,0.99,0.99,0.98,1.01,1.0,1.0,1.04,1.0,1.05,0.99,0.98,Shawn Dubin,681869,FC,153,2025,0.97,5.2,2.5,3.3,1.3,20.5,9.8,10
0.99,0.92,0.98,1.07,0.71,1.02,1.01,1.37,1.01,0.97,1.03,0.99,0.74,1.06,0.68,1.01,1.16,Dane Dunning,641540,FC,465,2025,0.93,7.0,3.6,4.5,2.9,28.3,14.2,10
1.06,0.77,1.0,1.01,0.67,1.01,1.07,1.28,1.01,0.97,0.96,0.99,0.77,0.88,0.55,1.0,1.02,Zach Eflin,621107,FC,933,2025,0.95,20.9,5.6,14.0,5.5,78.2,19.1,10
0.66,0.92,1.03,0.99,1.26,1.16,0.44,0.94,0.95,0.96,1.07,0.99,1.16,0.73,0.75,0.9,1.21,Bryce Elder,693821,FC,121,2026,0.71,24.4,3.9,17.8,3.4,85.4,13.0,10
1.13,0.73,1.03,0.98,0.92,1.04,0.97,0.99,1.02,0.9,1.01,0.95,0.74,0.85,0.74,1.04,0.34,Mason Englert,669438,FC,33,2026,0.91,7.2,5.2,4.4,3.9,25.7,17.5,10
0.99,1.01,1.0,0.98,1.47,1.02,0.99,0.81,1.01,0.95,0.9,0.96,1.07,0.91,0.85,1.0,0.7,Dietrich Enns,608650,FC,28,2026,0.88,4.9,1.9,3.0,1.6,18.3,8.2,10
1.22,1.1,1.02,1.06,0.75,0.97,1.13,1.38,0.99,0.94,1.06,1.01,0.81,1.26,0.67,1.07,1.32,Nathan Eovaldi,543135,FC,214,2026,1.19,26.2,1.8,18.8,3.3,92.9,6.0,10
0.99,0.97,1.0,0.99,1.14,1.01,0.94,0.97,0.97,1.01,1.0,1.0,1.03,1.01,0.96,0.99,0.89,Logan Evans,688138,FC,355,2025,0.94,20.6,3.6,14.3,2.5,81.4,13.7,10
1.08,1.36,0.99,0.97,0.66,1.04,0.92,1.75,1.0,1.05,1.06,1.01,0.69,1.15,1.79,0.98,0.46,Pete Fairbanks,664126,FC,75,2026,1.02,3.5,1.0,2.4,0.7,16.1,6.3,10
0.79,0.92,1.03,1.04,2.56,0.86,1.05,0.66,0.96,0.93,1.03,0.99,1.26,1.07,0.74,0.95,1.14,Mitch Farris,815083,FC,60,2026,0.6,10.2,5.2,6.7,3.9,40.2,19.6,10
0.72,0.95,1.02,0.92,1.4,1.01,0.77,0.72,0.95,1.15,0.98,1.03,1.18,0.98,1.22,0.97,0.43,Calvin Faucher,676534,FC,183,2026,0.8,4.9,1.6,3.5,1.2,20.3,8.0,10
1.23,0.78,1.01,1.03,0.8,0.99,1.39,1.22,1.0,0.89,0.93,1.0,1.09,0.6,0.95,1.04,0.76,Erick Fedde,607200,FC,200,2026,1.24,21.5,2.2,14.5,3.6,85.5,8.2,10
0.91,1.09,0.99,1.0,1.04,0.95,0.9,0.77,0.99,1.05,1.02,0.99,1.18,1.11,0.94,0.99,0.87,Caleb Ferguson,657571,FC,490,2025,0.97,4.2,1.2,3.1,1.2,15.3,4.3,10
0.96,0.82,1.0,0.95,1.04,1.0,0.93,1.04,1.0,1.0,0.92,1.01,0.9,0.98,0.67,0.99,0.93,Tyler Ferguson,621053,FC,214,2025,0.86,4.4,2.1,3.0,1.8,16.9,9.2,10
1.05,0.92,1.01,1.01,1.63,0.98,1.09,0.65,1.01,0.98,0.91,1.02,1.13,0.97,0.84,1.01,1.07,Ryan Fernandez,681676,FC,161,2025,0.87,5.7,1.3,3.4,1.5,21.5,6.2,10
1.0,0.9,0.99,0.99,0.81,0.92,0.95,1.09,1.0,1.02,1.08,1.01,0.82,1.1,1.35,1.01,0.97,Matt Festa,670036,FC,28,2026,0.9,3.7,2.0,2.2,1.8,14.2,8.6,10
1.0,1.0,1.0,1.0,1.0,1.0,1.0,1.0,1.0,1.0,1.0,1.0,1.0,1.0,1.0,1.0,1.0,Braydon Fisher,680755,FC,28,2026,0.96,4.0,1.2,3.0,0.9,15.9,7.2,10
0.94,0.98,1.0,1.0,1.02,1.02,0.94,1.01,0.98,0.99,0.99,1.0,0.99,0.98,0.99,0.97,0.99,Josh Fleming,676596,FC,135,2024,0.88,7.9,5.5,4.7,3.7,30.1,22.0,10
0.98,0.94,0.99,0.98,1.13,0.98,0.91,0.9,1.01,1.01,1.05,0.99,1.05,0.83,2.24,1.0,1.01,Chris Flexen,623167,FC,918,2025,0.9,11.1,5.2,7.2,3.5,42.5,19.0,10
0.89,1.23,0.99,1.05,1.13,1.04,0.79,1.28,1.01,1.1,0.97,1.01,0.89,0.97,0.95,0.96,1.33,Mason Fluharty,689254,FC,199,2026,0.84,3.1,1.3,2.3,1.2,11.5,6.0,10
1.03,1.14,1.0,0.97,0.81,0.97,1.0,1.13,1.0,1.0,0.96,0.97,0.83,0.99,1.18,1.01,0.95,J.P. France,641585,FC,168,2026,0.97,16.9,8.5,10.4,5.2,65.9,31.6,10
1.01,0.88,1.01,1.02,1.04,1.18,1.0,0.87,1.01,0.99,1.02,0.98,0.93,0.8,0.84,1.03,1.01,Kyle Freeland,607536,FC,121,2026,0.92,22.5,1.7,14.6,2.3,85.0,5.7,10
1.03,1.03,1.0,1.0,1.02,1.01,1.08,0.98,1.03,1.0,1.0,1.0,1.01,1.01,1.01,1.02,0.99,Luis Frias,666818,FC,106,2024,0.99,5.0,1.7,2.4,1.7,21.9,10.7,10
0.79,1.26,0.99,1.01,1.07,0.96,0.73,0.71,0.95,0.95,1.05,1.03,1.29,1.06,0.73,0.93,0.94,Max Fried,608331,FC,205,2026,0.92,23.9,4.7,18.2,4.6,91.4,12.5,10
1.02,1.0,1.0,1.0,0.96,0.97,0.94,1.02,1.0,1.0,1.01,1.0,0.96,0.99,1.06,1.0,0.97,Michael Fulmer,605242,FC,39,2025,0.95,7.7,5.0,5.0,2.0,30.0,29.5,3
0.87,1.14,0.99,1.08,1.54,0.88,0.93,1.19,1.0,0.96,1.01,1.02,0.99,1.14,0.58,0.99,1.49,Kody Funderburk,681892,FC,89,2026,0.84,4.1,2.0,2.9,1.9,14.5,7.3,10
1.08,0.9,1.01,0.96,0.89,1.07,1.15,0.96,0.99,1.02,0.97,1.02,0.89,1.19,1.01,1.01,0.98,Reed Garrett,657585,FC,507,2025,0.94,4.6,1.2,2.2,1.0,18.2,5.7,10
0.94,1.02,1.0,1.0,1.21,1.0,0.94,1.0,1.0,1.0,1.01,1.0,0.99,1.01,1.02,0.99,0.97,Justin Garza,621057,FC,43,2025,0.88,5.6,3.8,3.4,1.1,17.0,11.6,5
0.9,0.89,1.0,1.08,0.68,0.91,0.99,1.56,1.01,1.02,0.93,0.98,0.66,1.51,0.85,0.93,0.89,Robert Gasser,688107,FC,78,2026,0.74,20.3,4.2,14.1,3.8,74.2,13.9,9
1.0,1.0,1.0,1.0,1.0,1.0,1.0,1.0,1.0,1.0,1.0,1.0,1.0,1.0,1.0,1.0,1.0,Paul Gervase,801434,FC,25,2026,0.96,7.6,3.5,4.9,2.7,25.9,13.3,8
0.99,0.99,1.0,1.01,1.01,0.96,1.02,1.02,0.97,1.0,1.01,1.0,1.03,0.97,1.03,0.98,1.01,Ian Gibaut,664139,FC,66,2025,0.95,4.6,1.7,3.3,1.6,17.0,6.6,10
1.01,1.1,1.0,1.08,0.86,0.96,1.42,1.0,0.96,0.99,0.89,0.99,1.01,0.83,1.12,1.0,0.98,Kyle Gibson,502043,FC,611,2025,1.02,21.8,5.4,13.7,5.6,82.1,17.1,10
1.53,0.84,1.03,1.04,2.27,1.06,0.54,1.11,1.09,0.99,1.02,1.01,1.06,0.71,1.21,1.05,1.03,Trey Gibson,694346,FC,45,2026,1.02,18.3,7.4,12.0,6.1,72.3,37.2,3
0.81,0.83,1.02,1.16,0.91,1.14,1.01,1.46,1.0,0.98,0.98,1.02,0.63,0.81,1.22,0.98,1.4,Logan Gilbert,669302,FC,120,2026,0.7,23.3,2.2,17.1,2.8,91.9,4.5,10
1.01,0.9,1.0,0.93,0.79,1.01,0.97,1.24,1.0,0.98,1.08,0.98,0.8,1.0,0.71,1.0,1.12,Tyler Gilbert,656457,FC,182,2026,0.93,4.5,3.1,3.0,1.8,17.9,13.6,10
1.03,0.98,1.01,1.0,1.05,1.02,1.08,0.95,0.99,1.0,1.01,1.0,1.03,1.0,1.0,1.01,1.01,Logan Gillaspie,670810,FC,29,2025,0.99,6.9,4.8,4.6,3.6,21.6,19.2,10
1.16,1.01,1.0,0.99,1.01,1.0,1.13,0.99,0.97,1.0,1.01,1.0,1.01,1.02,0.97,1.01,1.0,Connor Gillispie,687362,FC,147,2025,1.06,17.3,6.2,10.9,4.3,67.6,22.0,9
1.11,1.05,0.99,1.05,1.04,1.03,0.97,0.78,0.93,0.9,0.9,1.02,0.9,0.71,0.56,0.97,0.94,J.T. Ginn,669372,FC,159,2026,0.9,21.3,5.4,15.9,5.7,81.9,17.2,10
1.05,0.97,1.0,1.01,1.25,1.02,0.94,0.99,1.0,1.0,1.02,1.0,1.0,0.98,0.98,1.01,1.0,Sawyer Gipson-Long,687830,FC,50,2025,0.94,16.6,5.8,11.9,4.5,57.8,18.9,8
1.03,1.0,1.0,1.0,1.02,1.02,0.94,1.01,1.08,1.0,1.01,1.0,0.99,1.0,1.01,1.02,1.0,Austin Gomber,596295,FC,46,2025,0.95,22.8,2.9,14.1,2.2,84.2,6.5,10
1.03,0.74,1.0,1.06,0.95,0.98,1.03,1.2,1.0,1.02,0.99,1.02,0.7,0.61,1.02,1.01,1.13,Yoendrys Gomez,672782,FC,61,2026,0.83,3.9,1.9,3.0,1.6,15.9,8.3,10
0.98,1.0,1.0,1.0,1.01,1.03,1.0,1.02,1.01,0.99,0.99,1.0,0.99,0.97,0.97,1.02,1.01,Marco Gonzales,594835,FC,130,2024,0.98,21.4,3.1,14.7,3.6,77.9,11.3,7
1.1,1.17,0.99,1.06,1.16,1.1,1.1,0.78,1.06,0.81,1.01,1.0,0.95,1.24,0.7,1.05,0.96,MacKenzie Gore,669022,FC,83,2026,0.96,21.0,5.7,14.8,5.8,88.0,22.0,10
0.81,1.11,0.99,1.01,1.52,0.86,0.7,0.66,1.06,1.1,1.02,0.99,1.23,0.65,1.23,0.96,0.52,Sonny Gray,543243,FC,177,2026,0.78,20.7,3.9,14.6,3.8,78.3,15.6,10
1.82,0.86,0.99,0.99,1.11,1.01,1.61,1.33,0.88,0.96,1.08,0.99,1.03,0.94,1.47,1.04,0.92,Foster Griffin,656492,FC,343,2026,1.46,23.6,2.2,16.6,2.4,92.6,6.7,10
1.03,1.01,1.0,1.0,1.02,1.01,0.99,0.97,1.06,1.0,0.99,1.0,0.98,0.98,1.02,1.01,1.04,Michael Grove,675627,FC,137,2024,0.94,5.1,2.5,3.5,2.2,18.4,7.8,10
1.01,0.94,1.01,1.0,1.02,1.04,0.99,0.99,1.0,1.0,1.02,1.0,0.98,1.0,1.04,1.03,0.98,Ryan Gusto,687473,FC,194,2025,0.98,16.6,9.4,11.4,6.6,65.7,37.3,10
1.07,1.02,1.0,1.0,0.97,1.04,1.09,1.03,1.06,1.0,1.01,1.0,0.96,1.01,0.95,1.0,1.02,Justin Hagenman,663795,FC,124,2025,0.95,11.0,5.3,8.0,3.4,42.4,23.4,9
0.99,1.07,0.99,0.97,0.76,0.98,1.1,1.08,1.01,0.95,0.89,0.95,0.96,1.36,1.26,0.98,0.46,Emerson Hancock,676106,FC,118,2026,0.95,23.3,2.8,17.7,1.9,90.5,5.9,10
0.97,1.01,1.0,1.0,1.01,0.99,0.97,0.99,0.98,1.0,1.01,1.0,1.0,1.01,0.98,0.99,1.0,Geoff Hartlieb,664129,FC,35,2024,0.94,7.4,2.8,4.1,2.0,27.3,9.1,9
1.05,1.06,1.0,1.0,0.94,1.06,1.15,1.01,1.03,1.01,1.01,1.0,0.99,1.0,0.97,1.02,1.03,Thomas Hatch,641672,FC,160,2025,1.01,13.0,6.7,8.6,4.9,51.1,27.2,10
0.97,1.03,1.0,1.0,0.98,0.99,0.97,1.0,0.98,1.0,1.0,1.0,0.98,1.03,0.98,0.98,0.98,Ben Heller,621294,FC,50,2024,0.92,8.1,2.0,4.0,1.9,31.4,7.4,8
1.02,0.88,1.0,1.02,0.89,1.0,1.09,1.23,1.0,1.01,0.99,0.98,0.95,0.8,0.9,1.0,0.93,Cole Henry,669371,FC,14,2026,1.0,5.2,2.3,2.9,2.3,21.2,9.9,10
1.02,0.88,1.0,0.89,0.88,1.09,0.97,0.92,1.0,0.96,0.98,0.97,0.95,0.79,0.76,1.0,0.93,Kevin Herget,643361,FC,66,2025,0.95,6.9,3.2,5.0,2.6,26.3,12.8,10
1.0,0.99,1.0,1.0,0.98,0.99,1.03,0.99,1.01,1.0,1.0,1.0,0.99,1.02,1.04,1.01,0.99,Elieser Hernandez,622694,FC,71,2024,0.96,7.1,6.7,4.8,5.4,27.9,24.5,9
0.94,1.02,1.0,1.0,1.0,0.97,0.94,0.98,0.98,1.0,0.99,1.0,0.96,0.94,0.99,0.98,1.0,Rich Hill,448179,FC,27,2025,0.89,9.7,9.2,5.7,5.9,40.3,35.4,6
1.0,1.01,1.0,1.06,1.27,0.91,1.03,0.83,0.97,0.96,0.96,1.01,1.01,0.81,0.75,0.98,0.91,Sean Hjelle,663546,FC,156,2025,0.87,5.7,4.1,3.0,2.6,20.4,13.7,10
0.54,0.67,0.98,1.0,0.64,1.02,0.54,1.4,0.88,1.0,0.98,0.99,1.01,0.7,0.89,0.96,0.91,Nolan Hoffman,676510,FC,28,2026,0.89,7.0,2.9,3.5,1.7,27.0,10.2,4
1.01,1.03,1.0,1.02,0.89,0.99,1.03,1.02,1.0,0.98,0.95,1.02,0.93,1.09,0.96,1.0,0.92,Colin Holderman,670059,FC,1,2026,0.95,3.5,1.3,2.7,1.3,15.4,6.5,10
1.07,1.51,0.98,0.92,1.35,0.95,0.99,0.41,1.01,1.07,0.96,0.99,1.22,0.96,0.63,1.01,0.39,Clay Holmes,605280,FC,58,2026,1.03,23.7,2.0,17.8,2.2,90.3,7.8,10
0.93,1.11,1.0,0.94,0.78,0.92,0.95,1.13,0.96,1.04,1.01,1.03,0.89,0.59,0.54,0.98,1.31,Grant Holmes,656550,FC,40,2026,0.97,22.1,3.9,15.4,2.9,82.9,10.5,10
0.87,0.83,1.02,1.01,1.3,1.17,1.02,0.75,0.94,1.0,1.02,0.97,1.3,0.76,1.49,0.97,0.74,Tyler Holton,663947,FC,142,2026,0.92,4.5,1.0,3.2,1.6,16.9,5.7,10
1.02,0.89,1.01,1.13,0.9,1.01,1.11,1.03,1.0,1.0,0.95,0.97,0.99,0.88,0.92,1.0,0.96,Bryan Hudson,663542,FC,13,2026,0.96,3.9,1.4,3.0,0.7,13.1,5.4,10
1.12,0.98,1.0,1.0,0.96,1.01,0.99,1.02,1.02,0.99,1.0,1.0,0.97,0.99,0.99,1.01,0.97,Cole Irvin,608344,FC,194,2024,1.01,10.1,6.1,6.1,4.4,37.3,23.4,10
1.46,0.8,1.01,1.12,0.85,1.21,0.99,0.84,1.03,0.99,1.03,0.99,0.78,0.72,0.91,1.08,1.09,Jake Irvin,663623,FC,101,2026,1.09,20.8,2.9,14.0,2.4,85.5,9.8,10
1.08,0.91,0.99,1.08,0.65,0.94,1.0,1.71,1.0,1.11,1.0,1.02,0.54,1.19,1.86,1.0,2.11,Kenley Jansen,445276,FC,210,2026,0.88,3.4,1.1,2.7,1.1,14.0,4.4,10
1.01,1.01,1.0,1.0,0.97,1.0,1.06,0.98,0.96,1.0,1.0,1.0,0.97,0.99,1.0,1.01,0.97,Bryce Jarvis,686826,FC,141,2025,0.98,8.6,6.5,5.3,5.3,35.7,26.1,10
0.54,0.81,0.98,1.0,0.73,0.68,0.54,1.16,1.12,1.06,0.93,1.02,0.74,0.7,0.86,0.89,1.02,Griffin Jax,643377,FC,31,2026,0.46,9.9,6.2,7.3,4.9,37.1,19.2,10
0.97,0.99,1.0,1.0,1.05,1.0,0.97,0.99,1.02,1.0,1.0,1.0,1.02,1.0,0.99,1.0,0.99,Tyler Jay,664079,FC,34,2024,0.94,7.2,3.0,4.0,2.3,30.6,8.4,5
1.08,0.98,1.0,1.0,0.98,1.01,1.16,1.01,1.05,1.0,1.01,1.0,0.98,1.0,1.0,1.02,1.01,Daulton Jefferies,641726,FC,41,2024,0.99,12.2,3.3,7.0,1.9,46.8,10.5,6
0.95,0.98,0.99,0.97,0.99,1.02,1.11,1.3,0.97,1.04,1.05,1.0,0.87,0.82,0.62,0.99,1.13,Ryan Johnson,696270,FC,177,2026,0.94,7.9,5.3,4.2,2.5,29.8,19.5,10
1.63,1.05,1.0,0.95,0.7,1.15,1.25,1.19,0.88,0.99,0.98,1.01,0.81,0.92,0.85,1.1,0.9,Anthony Kay,641743,FC,185,2026,1.44,21.8,3.4,14.6,3.3,88.9,7.9,10
0.88,1.37,0.98,1.04,1.94,0.9,1.13,0.73,1.01,1.03,1.06,1.01,1.12,0.97,0.5,0.97,1.32,Mitch Keller,656605,FC,61,2026,0.76,23.3,1.6,16.9,3.2,87.4,9.9,10
1.35,0.7,1.01,0.94,0.74,1.15,1.15,1.6,0.97,0.98,0.94,1.02,0.72,0.73,1.38,1.04,1.58,Merrill Kelly,518876,FC,129,2026,1.15,25.2,2.9,17.3,4.3,92.5,9.2,10
0.98,0.94,1.02,1.12,1.0,1.05,0.97,0.76,1.04,1.03,0.94,1.01,0.91,0.94,1.24,1.04,0.89,Zack Kelly,677161,FC,123,2026,0.87,3.9,1.6,2.4,0.8,15.6,7.2,10
1.02,1.01,1.0,1.0,1.01,0.98,1.06,0.99,0.99,1.0,0.99,1.0,1.01,0.98,1.0,1.0,0.99,Dallas Keuchel,572971,FC,45,2024,0.98,19.8,2.5,13.0,2.6,77.0,12.5,4
1.22,0.84,1.04,1.03,1.26,1.38,0.54,0.92,0.79,0.98,0.96,1.0,0.72,1.16,0.85,1.29,1.06,Yusei Kikuchi,579328,FC,65,2026,1.37,20.6,4.6,14.2,4.0,82.3,18.9,10
0.54,1.09,1.01,1.02,1.02,1.1,0.54,1.04,0.71,0.99,1.01,1.02,0.89,0.81,0.82,0.89,1.17,George Kirby,669923,FC,44,2026,0.69,25.4,2.2,19.0,3.2,92.7,6.1,10
1.0,1.0,1.0,1.0,1.0,1.0,1.0,1.0,1.0,1.0,1.0,1.0,1.0,1.0,1.0,1.0,1.0,John Klein,804619,FC,9,2026,0.96,6.3,3.5,4.0,1.0,27.3,13.9,3
1.06,0.88,0.99,0.96,0.73,0.93,0.96,1.16,0.99,1.01,1.06,1.01,1.0,0.82,0.59,1.0,1.06,Jared Koenig,657649,FC,434,2025,1.08,3.9,0.7,2.7,1.5,15.3,4.1,10
0.87,0.71,1.0,0.97,1.12,0.98,0.94,0.83,1.01,1.02,1.02,1.0,1.16,0.73,0.7,0.98,0.75,Stephen Kolek,663568,FC,59,2026,0.89,24.7,2.6,19.3,3.9,91.2,10.4,10
1.02,1.2,0.99,0.94,1.02,0.89,0.93,0.86,0.97,1.0,0.98,0.97,1.18,1.05,1.49,0.99,0.91,Dean Kremer,665152,FC,1053,2026,1.06,19.7,6.7,14.8,6.2,80.9,27.0,10
1.06,1.02,1.0,1.0,1.02,1.0,1.15,1.0,1.03,1.0,0.98,1.0,1.0,1.02,1.0,0.99,0.97,Brooks Kriske,621139,FC,42,2025,0.95,5.6,2.1,3.4,1.3,24.7,12.2,10
1.02,0.99,1.0,1.0,0.98,1.01,1.05,1.0,1.04,1.0,0.99,1.0,0.97,1.0,1.0,1.02,1.0,Chad Kuhl,641771,FC,91,2024,0.96,5.3,2.1,3.0,1.6,22.0,6.6,10
0.93,1.51,0.99,1.03,1.52,0.9,0.98,0.98,0.99,1.01,1.0,1.01,0.74,1.43,0.95,0.97,0.55,Joel Kuhnel,669270,FC,70,2026,0.69,4.6,2.2,2.9,1.7,17.1,7.9,10
0.54,0.74,0.99,0.98,0.83,1.15,0.54,1.26,1.28,0.99,0.93,1.01,0.93,1.0,0.88,1.0,1.26,Peter Lambert,663567,FC,84,2026,0.64,21.4,5.6,14.6,5.5,85.1,22.3,10
0.54,0.89,1.0,1.0,1.98,0.73,0.54,0.67,1.15,0.98,0.92,1.01,1.25,0.94,0.71,0.88,0.84,Alex Lange,656638,FC,50,2026,0.4,4.0,1.3,2.5,1.2,15.5,4.8,10
1.16,1.24,1.0,0.91,0.48,1.01,1.22,1.63,1.0,0.97,0.96,0.97,0.56,1.28,0.79,1.05,1.09,Eric Lauer,641778,FC,112,2026,1.12,18.8,6.7,13.0,4.9,70.4,25.9,10
0.9,1.04,1.0,1.0,1.16,1.0,0.92,0.92,1.02,0.99,0.99,1.0,1.05,1.02,0.96,0.99,1.01,Derek Law,571882,FC,513,2024,0.88,4.5,2.0,3.4,1.6,17.7,6.6,10
0.97,0.93,1.0,1.09,1.62,0.96,0.88,0.62,1.03,1.01,0.99,0.99,1.15,0.86,1.31,1.0,0.83,Max Lazar,676661,FC,145,2025,0.8,5.0,2.3,3.1,1.7,20.3,10.2,10
0.99,1.01,1.0,0.99,0.97,0.99,0.98,1.01,0.97,1.01,0.99,1.0,0.98,1.0,1.04,1.0,0.99,Jose Leclerc,600917,FC,187,2024,0.97,4.6,2.0,2.8,1.3,22.9,9.8,10
0.44,1.21,0.98,1.02,1.07,0.99,0.44,1.06,0.91,1.01,1.03,1.02,1.1,1.04,0.84,0.89,1.23,Jack Leiter,683004,FC,118,2026,0.68,24.3,2.6,16.7,3.2,94.8,7.2,10
1.04,0.94,1.01,1.03,0.9,1.06,1.08,0.97,0.99,1.0,1.0,0.99,0.89,0.88,0.95,1.01,0.97,Mark Leiter,643410,FC,34,2026,0.93,4.3,1.8,2.8,1.4,15.5,5.1,10
1.08,1.03,1.0,1.0,0.97,1.01,1.16,1.02,1.01,1.0,0.99,1.0,0.98,1.03,1.0,1.02,1.0,Dominic Leone,608678,FC,54,2024,1.02,3.7,1.6,2.0,0.9,16.8,8.6,10
0.95,1.17,1.0,0.89,1.12,0.95,1.08,0.63,0.98,0.95,1.05,1.04,1.12,1.13,0.63,1.0,0.92,Brendon Little,663893,FC,178,2026,0.96,4.0,2.2,2.3,1.3,15.7,8.2,10
0.78,0.76,0.97,1.08,0.73,0.93,0.96,1.68,1.04,0.91,1.0,0.96,0.46,1.0,0.69,0.96,0.99,Jacob Lopez,682052,FC,193,2026,0.63,19.7,5.9,13.3,4.4,79.2,22.4,10
0.92,0.82,1.02,0.92,1.13,0.91,0.9,0.75,1.01,1.04,1.01,1.01,1.06,0.86,0.68,1.0,0.79,Michael Lorenzen,547179,FC,141,2026,0.88,20.7,6.5,13.5,4.8,78.0,25.3,10
0.97,1.03,1.0,1.0,1.19,0.96,0.93,0.8,1.0,0.95,1.03,1.02,1.07,0.85,0.77,0.99,1.05,Easton Lucas,687922,FC,84,2025,0.91,14.2,6.0,9.5,4.9,56.6,23.5,10
1.25,0.72,0.99,0.92,0.83,0.96,0.97,1.52,1.06,0.97,1.14,1.0,0.57,1.0,0.53,1.02,1.51,Seth Lugo,607625,FC,172,2026,0.93,24.5,2.4,17.9,2.9,90.9,6.4,10
0.99,0.98,1.0,1.0,0.99,0.99,0.92,1.03,1.0,1.01,1.0,1.0,0.98,1.02,0.97,1.0,0.97,Lance Lynn,458681,FC,453,2024,0.95,22.2,2.3,15.8,3.4,88.1,6.4,10
1.08,1.97,1.01,0.92,0.83,0.9,1.08,0.41,0.97,1.07,1.01,0.98,1.21,1.64,0.88,0.99,0.55,Ty Madden,680744,FC,109,2026,1.15,16.0,6.4,11.9,5.0,64.2,25.8,9
0.97,1.02,1.0,1.0,1.0,0.98,0.97,1.01,0.99,1.0,1.02,1.0,1.01,1.02,1.0,0.99,1.01,Kenta Maeda,628317,FC,33,2024,0.94,8.0,5.1,4.9,3.7,32.2,22.2,10
0.85,0.65,1.01,1.04,1.11,0.92,0.85,1.07,0.99,1.02,0.94,0.98,0.9,0.4,0.99,0.97,1.57,Tyler Mahle,641816,FC,150,2026,0.76,23.0,1.8,15.7,2.7,88.3,6.1,10
0.98,1.02,1.0,1.11,1.04,0.97,0.93,0.92,1.01,1.0,0.97,0.99,1.0,0.91,0.94,0.99,0.99,Sean Manaea,640455,FC,34,2026,0.9,13.4,5.5,8.3,3.3,53.8,20.9,10
0.78,0.74,1.01,1.05,1.46,1.05,0.86,1.18,1.01,0.92,0.93,0.97,0.84,0.82,0.96,0.98,0.7,Ron Marinaccio,676760,FC,106,2026,0.66,6.4,3.7,4.9,2.5,26.4,15.4,10
0.94,0.7,1.0,1.01,0.8,0.95,1.12,1.58,1.01,0.94,1.09,1.02,0.74,1.08,0.68,1.02,1.07,Chris Martin,455119,FC,75,2026,0.93,4.5,1.5,2.3,0.7,15.4,5.6,10
1.02,1.05,1.01,0.99,1.85,1.2,0.93,1.0,1.08,1.03,0.99,1.0,0.89,1.14,0.81,1.2,0.97,Davis Martin,663436,FC,138,2026,1.04,24.2,1.5,18.9,1.7,91.4,7.7,10
1.09,0.91,1.01,1.02,0.93,1.21,1.48,0.86,1.15,0.94,1.0,1.0,1.11,0.75,1.22,1.07,0.83,Trevor Martin,694680,FC,39,2026,1.06,8.8,3.9,5.2,2.2,30.8,15.7,4
0.77,0.76,1.0,0.92,0.88,0.78,0.86,0.85,0.98,0.98,1.1,1.0,0.85,0.74,0.6,0.98,1.32,Nick Martinez,607259,FC,177,2026,0.74,24.4,3.0,18.1,3.0,83.5,7.5,10
0.91,0.85,0.98,1.1,1.15,0.95,0.69,1.47,1.05,1.07,0.95,1.0,0.8,1.06,0.92,0.99,1.2,Phil Maton,664208,FC,156,2026,0.8,4.2,0.9,2.6,0.7,16.3,3.5,10
1.07,1.06,1.01,1.01,0.94,1.06,0.94,0.99,1.02,1.02,1.07,1.01,1.1,1.01,0.78,1.0,1.1,Zebby Matthews,805673,FC,32,2026,1.05,23.7,1.6,16.3,3.9,88.8,11.4,10
1.0,0.91,1.0,0.97,1.01,1.02,1.04,0.96,1.0,1.0,1.07,1.04,1.01,1.03,0.72,1.0,1.04,Zach Maxwell,687209,FC,50,2026,0.95,5.6,1.6,3.2,1.1,22.0,9.0,10
0.77,1.39,0.99,1.05,1.25,1.03,0.75,0.61,1.0,1.02,1.08,1.04,1.11,0.93,0.56,0.95,1.16,Dustin May,669160,FC,227,2026,0.77,23.6,2.1,17.0,3.1,89.4,7.3,10
1.15,0.95,1.0,0.94,0.86,1.12,1.14,1.14,1.0,0.97,0.89,0.99,0.8,0.88,0.86,1.01,1.05,Lance McCullers,621121,FC,188,2026,0.98,19.6,5.4,13.3,4.5,78.0,21.7,10
1.0,1.0,1.0,1.0,1.0,1.0,1.0,1.0,1.0,1.0,1.0,1.0,1.0,1.0,1.0,1.0,1.0,Chayce McDermott,694646,FC,10,2026,0.96,12.0,7.6,6.7,5.5,48.7,28.3,6
1.11,0.94,0.98,1.04,0.94,0.87,1.01,1.3,1.0,0.97,0.97,0.96,1.12,0.58,0.81,1.0,0.72,Michael McGreevy,700241,FC,109,2026,1.16,21.8,1.9,16.2,2.0,86.5,7.7,10
0.99,0.85,1.0,1.02,0.98,1.0,0.93,1.11,1.01,1.04,0.99,1.01,0.8,1.1,0.76,1.0,0.93,Nolan McLean,690997,FC,116,2026,0.84,23.5,4.0,17.1,3.6,92.4,8.4,10
0.94,1.01,1.0,1.0,0.96,1.02,0.94,1.02,0.98,1.0,0.98,1.0,1.0,1.04,0.97,0.96,0.99,Victor Mederos,682989,FC,81,2025,0.89,11.3,7.7,6.8,4.4,44.6,26.8,10
1.03,0.88,1.01,1.08,0.89,1.09,1.41,1.07,0.99,0.99,1.06,1.01,0.89,0.78,1.08,1.01,0.9,Troy Melton,675512,FC,83,2026,0.94,12.5,7.3,9.1,5.4,44.1,23.1,10
1.02,0.98,1.0,1.0,0.99,0.99,1.06,1.01,1.0,1.0,1.0,1.0,1.0,1.01,0.98,1.0,0.99,Michael Mercado,675650,FC,66,2024,0.97,10.5,6.1,5.8,4.9,43.1,24.9,8
1.45,1.16,0.95,1.01,0.78,0.86,2.11,1.16,0.54,0.94,0.95,1.0,1.25,1.02,0.84,1.01,1.16,Parker Messick,800048,FC,95,2026,1.64,23.0,2.4,17.6,3.1,91.5,10.3,10
1.03,1.02,1.01,0.96,1.21,1.16,1.13,0.88,1.0,0.97,0.97,0.98,1.01,0.77,0.71,1.0,1.06,Wade Miley,489119,FC,115,2025,0.93,16.8,3.9,10.8,4.2,64.4,20.3,5
0.99,1.18,1.0,1.0,1.18,0.98,1.07,0.82,0.99,1.05,1.07,1.0,1.29,1.23,1.44,0.99,0.86,A.J. Minter,621345,FC,268,2025,1.05,3.2,1.3,2.5,0.7,13.3,3.7,10
1.03,0.98,1.0,1.0,1.06,1.02,0.94,0.98,1.04,1.0,1.0,1.0,1.01,1.0,1.02,1.03,0.97,Anthony Misiewicz,664948,FC,80,2025,0.99,4.8,2.4,2.5,2.1,24.2,10.4,6
0.44,0.84,0.98,1.1,1.73,0.94,0.44,0.77,1.15,1.05,1.02,1.04,1.18,0.81,0.71,0.84,1.01,Jacob Misiorowski,694819,FC,105,2026,0.29,22.8,2.3,17.9,2.2,89.5,8.9,10
1.04,1.01,0.99,0.92,0.91,1.04,1.09,0.93,1.0,0.99,0.95,1.02,1.05,0.99,0.61,1.04,1.0,Frankie Montas,593423,FC,565,2025,1.09,19.4,4.2,12.9,3.9,78.8,13.9,10
1.02,1.0,1.0,1.0,0.95,0.95,0.94,1.03,1.03,1.0,1.02,1.0,0.94,0.99,1.04,1.0,1.0,Patrick Monteverde,687287,FC,39,2025,0.93,20.0,,11.0,,87.0,,1
1.91,1.13,0.99,1.01,1.11,0.94,1.32,1.0,0.88,1.03,1.02,0.98,1.01,1.32,1.16,1.05,0.8,Jovani Moran,663558,FC,80,2026,1.47,4.7,2.1,3.1,1.4,19.9,9.4,10
1.32,0.83,1.0,0.99,0.97,1.36,1.89,0.91,1.12,0.99,1.01,1.0,0.94,1.08,1.5,1.32,0.89,Andrew Morris,702193,FC,60,2026,1.46,4.0,1.5,2.4,0.8,16.2,9.0,10
0.99,0.82,0.99,0.97,1.12,0.95,0.91,0.93,1.02,1.03,0.91,0.99,1.09,0.91,0.62,1.0,0.85,Charlie Morton,450203,FC,449,2025,0.96,18.8,6.2,11.8,5.3,75.1,23.5,10
1.0,1.01,1.0,1.0,1.02,1.0,1.07,0.99,1.0,1.0,0.99,1.0,1.0,1.03,0.98,1.0,0.99,Roddery Munoz,682610,FC,370,2025,0.95,6.7,2.8,3.8,1.6,30.5,11.1,10
0.99,0.98,1.0,1.0,0.98,0.99,0.94,1.0,1.0,1.0,0.98,1.0,0.98,1.03,1.01,1.0,0.97,Noah Murdock,668716,FC,89,2025,0.94,6.8,2.8,3.4,1.9,27.4,13.0,10
1.0,1.0,1.0,1.0,1.0,1.0,1.0,1.0,1.0,1.0,1.0,1.0,1.0,1.0,1.0,1.0,1.0,Jayden Murray,681151,FC,14,2026,0.96,7.1,3.1,4.0,2.4,26.0,12.1,10
0.96,0.96,1.0,0.99,1.03,0.96,0.95,1.04,0.99,1.01,1.01,1.0,1.0,1.01,1.0,0.99,0.99,Joe Musgrove,605397,FC,323,2024,0.93,21.7,2.8,16.8,2.5,82.9,10.9,10
0.94,0.99,1.0,1.0,0.98,0.99,1.0,0.99,1.02,1.01,1.01,1.0,0.98,0.97,1.08,1.01,1.0,Parker Mushinski,656786,FC,80,2024,0.93,5.0,2.7,3.4,2.1,19.4,13.0,10
0.89,1.06,1.01,1.04,1.46,0.99,0.87,0.99,1.03,0.9,1.0,0.97,0.97,0.79,1.6,1.0,1.48,Tobias Myers,668964,FC,55,2026,0.79,5.0,1.6,3.3,1.3,16.1,6.7,10
1.01,0.99,1.0,1.0,1.03,1.02,1.04,1.0,1.03,1.0,1.0,1.0,0.99,0.98,0.99,1.01,1.01,Kyle Nelson,669459,FC,31,2024,0.95,3.6,1.2,2.2,1.7,13.0,5.3,10
0.9,1.25,1.01,1.05,0.93,0.88,0.9,0.94,0.99,0.93,1.01,1.04,0.94,0.59,0.85,0.98,1.59,Ryne Nelson,669194,FC,101,2026,0.9,23.7,5.8,16.7,6.2,85.8,20.5,10
0.97,1.0,1.0,1.0,0.98,1.01,0.97,1.03,0.99,1.0,1.0,1.0,0.97,1.02,0.99,1.0,1.02,Vinny Nittoli,657697,FC,103,2024,0.94,5.1,1.9,3.6,2.2,19.8,9.4,9
0.85,1.13,1.02,1.09,1.93,1.12,1.03,0.76,1.13,0.95,1.09,0.96,0.7,1.07,0.58,1.05,0.96,Aaron Nola,605400,FC,82,2026,0.53,22.3,2.3,15.6,2.8,87.7,8.2,10
1.0,1.0,1.0,1.0,1.0,1.0,1.0,1.0,1.0,1.0,1.0,1.0,1.0,1.0,1.0,1.0,1.0,Anthony Nunez,689296,FC,11,2026,0.96,4.0,1.2,2.7,0.7,17.2,5.4,10
1.02,1.03,1.0,0.98,1.04,0.9,1.1,0.93,0.98,0.98,1.06,1.02,1.18,0.99,0.89,0.99,1.13,Kaleb Ort,672391,FC,179,2025,1.05,4.5,1.4,2.7,0.7,18.0,6.3,10
1.04,0.77,1.02,1.06,0.89,1.01,0.9,1.16,1.0,0.98,0.9,1.02,0.87,0.87,0.7,0.98,1.03,Luis Ortiz,682847,FC,606,2025,0.89,24.2,2.6,16.7,2.1,94.3,6.5,10
1.05,1.01,1.0,1.0,1.01,1.03,1.11,1.0,1.02,1.0,1.0,1.0,1.01,1.02,1.03,1.02,0.99,Adam Ottavino,493603,FC,109,2024,1.0,3.7,1.6,2.3,1.8,15.7,5.7,10
1.24,0.91,1.01,1.06,0.64,1.12,1.31,1.15,1.02,0.84,0.94,0.96,0.78,1.11,0.99,1.03,0.81,Chris Paddack,663978,FC,96,2026,1.04,21.4,2.8,13.5,2.5,82.8,9.0,10
1.0,1.03,0.99,1.07,1.77,0.98,1.19,0.86,1.02,1.0,0.97,0.97,0.98,1.24,1.44,1.01,0.83,Emilio Pagan,641941,FC,47,2026,0.76,4.2,1.0,2.6,0.5,14.8,5.3,10
1.23,1.01,1.0,1.01,0.95,1.03,1.32,1.02,0.99,0.99,0.98,0.99,0.96,1.01,0.98,1.04,0.98,Carson Palmquist,687223,FC,88,2025,1.11,19.3,3.8,11.3,3.6,78.2,16.1,9
0.75,1.3,0.99,0.96,0.85,1.02,0.85,1.31,1.05,1.02,1.08,1.0,0.8,1.39,1.07,0.96,1.52,Chad Patrick,694477,FC,301,2026,0.77,12.8,7.9,9.9,5.7,51.2,31.8,10
1.04,1.0,1.0,1.0,1.0,0.99,1.09,0.99,1.03,0.99,1.0,1.0,0.99,0.99,0.99,1.01,0.98,James Paxton,572020,FC,53,2024,0.97,20.5,6.4,13.8,5.1,78.3,26.6,10
0.99,1.0,1.0,1.0,1.01,1.02,0.97,1.0,1.02,1.0,1.0,1.0,1.0,0.99,0.99,0.99,1.0,Walter Pennington,679156,FC,88,2024,0.93,5.8,3.9,3.4,2.7,22.3,13.8,10
0.99,1.04,0.99,1.03,0.89,0.98,0.99,1.11,1.0,1.03,1.05,1.02,0.87,0.88,0.91,0.99,1.32,Ryan Pepiot,686752,FC,294,2025,0.91,19.2,4.6,14.2,4.6,79.5,16.0,10
1.33,0.92,1.01,0.95,0.93,1.2,1.3,1.34,1.03,0.93,0.87,0.96,0.81,0.77,0.6,1.08,1.17,Martin Perez,527048,FC,165,2026,1.19,17.1,8.3,12.3,5.5,67.7,31.0,10
1.0,0.94,0.99,0.97,1.48,0.92,1.02,0.51,0.98,1.03,1.21,1.03,1.39,1.01,0.58,0.99,0.92,Jack Perkins,678022,FC,35,2026,0.99,7.4,4.1,4.9,4.0,27.6,13.4,10
0.93,1.04,1.0,1.01,1.56,1.01,0.82,0.9,0.99,1.09,1.16,1.01,1.15,1.03,0.58,0.95,0.98,Brandon Pfaadt,694297,FC,86,2026,0.83,11.7,8.4,8.1,6.2,42.6,30.8,10
0.96,0.99,1.0,1.0,0.98,0.98,1.01,1.0,1.02,1.0,1.01,1.0,1.01,0.98,0.97,1.0,1.0,Evan Phillips,623465,FC,135,2024,0.94,3.1,1.1,2.3,0.8,11.9,4.7,10
1.06,1.0,1.0,1.06,1.42,1.01,1.01,0.83,0.94,0.99,0.95,1.0,1.12,0.78,1.34,1.0,1.09,Nick Pivetta,601713,FC,29,2026,0.96,20.8,5.0,15.1,3.7,85.5,18.4,10
0.99,1.0,1.0,1.01,0.91,0.99,1.01,1.02,1.0,1.0,0.98,1.03,0.95,0.96,0.68,1.0,0.99,Zach Pop,647315,FC,133,2026,0.95,5.9,3.3,3.1,1.9,21.6,10.4,10
0.99,0.97,1.0,1.0,1.11,1.01,0.92,1.0,1.06,1.0,0.99,1.0,1.0,1.0,0.93,0.99,1.06,Quinn Priester,682990,FC,507,2025,0.88,23.3,2.5,16.8,2.5,87.1,6.7,10
1.29,0.81,1.01,0.99,1.12,1.03,1.08,1.06,1.04,0.96,0.95,0.98,0.69,0.83,1.15,1.09,0.69,Cal Quantrill,615698,FC,103,2026,0.99,10.6,5.3,7.1,3.0,40.9,20.1,10
1.13,1.13,0.98,0.91,0.69,1.07,1.01,1.2,1.0,1.08,0.98,0.97,0.94,1.19,1.46,1.0,0.75,Brooks Raley,548384,FC,62,2026,1.09,4.3,1.6,2.5,1.1,15.7,5.6,10
1.0,0.87,1.0,0.97,0.89,1.0,1.29,1.07,1.02,0.98,0.96,0.99,0.87,0.94,0.64,1.01,1.18,Erasmo Ramirez,541640,FC,188,2025,0.92,5.3,3.0,3.6,2.0,21.3,14.0,10
0.92,1.15,0.98,1.02,1.16,0.98,0.89,0.61,0.95,1.1,1.07,1.01,1.13,1.02,1.41,0.97,0.54,Drew Rasmussen,656876,FC,318,2026,0.87,21.6,3.4,16.3,3.1,85.6,12.3,10
0.54,1.12,1.0,1.01,0.97,1.17,0.54,1.03,0.88,1.01,0.97,1.0,1.01,0.83,0.88,0.89,1.04,JR Ritchie,702275,FC,46,2026,0.68,23.0,3.5,15.2,2.6,89.6,5.5,5
0.94,0.99,1.0,1.0,0.98,0.97,0.94,1.02,1.03,1.0,1.0,1.0,1.0,1.02,1.01,0.97,0.99,Daniel Robert,642016,FC,70,2025,0.88,4.2,1.7,2.6,1.6,17.4,7.0,10
0.79,0.7,1.02,0.99,2.04,1.11,0.89,1.44,0.97,1.16,0.98,1.04,1.2,0.97,0.7,0.94,1.68,Ethan Roberts,681799,FC,123,2026,0.77,5.4,1.8,3.8,1.8,22.4,7.4,10
0.92,0.87,1.0,1.03,0.94,1.0,0.96,1.27,1.0,1.05,0.86,1.03,0.95,1.1,1.15,0.98,1.28,David Robertson,502085,FC,917,2025,0.91,3.8,0.8,2.6,0.7,14.7,4.9,10
1.13,1.36,1.0,1.04,0.87,1.02,0.93,0.77,1.01,0.92,1.04,1.0,1.1,1.27,0.57,1.05,0.78,Kumar Rocker,677958,FC,88,2026,1.17,21.7,4.3,15.1,4.7,85.2,16.3,10
0.54,1.29,1.0,0.99,2.27,1.02,0.54,0.81,0.54,1.03,1.01,0.99,1.43,1.3,1.13,0.79,0.74,Bradgley Rodriguez,699134,FC,42,2026,0.67,4.6,1.6,3.1,1.2,18.0,8.7,10
0.87,0.67,0.99,0.97,1.66,0.98,0.93,1.02,1.02,0.93,1.01,1.01,1.08,0.91,0.71,0.97,1.19,Carlos Rodriguez,692230,FC,49,2026,0.75,13.0,5.2,8.1,3.6,55.0,23.5,10
1.25,0.81,0.99,1.0,0.98,1.12,1.2,1.06,1.01,0.95,0.95,0.99,1.11,0.66,0.77,1.08,1.01,Eduardo Rodriguez,593958,FC,147,2026,1.26,25.2,2.3,18.4,3.8,95.3,5.7,10
1.09,1.0,1.0,1.0,0.95,1.0,1.32,1.01,1.1,1.0,0.98,1.0,0.96,0.95,1.01,1.03,0.99,Elvin Rodriguez,660730,FC,57,2025,0.98,12.9,8.5,7.9,5.8,47.7,28.4,7
0.54,1.12,0.97,0.96,0.54,0.95,0.54,1.17,1.7,0.98,0.89,0.99,0.74,0.96,0.79,1.13,0.84,Taylor Rogers,573124,FC,64,2026,0.63,3.2,1.7,2.0,1.2,13.6,6.5,10
0.92,1.29,1.0,1.04,0.63,1.12,0.94,0.94,0.97,0.9,0.81,0.92,0.77,1.1,1.38,1.01,0.42,Trevor Rogers,669432,FC,100,2026,0.9,22.1,4.4,14.7,4.4,86.7,11.5,10
1.0,0.99,1.0,1.0,1.09,0.99,1.03,0.98,1.02,1.0,1.0,1.0,1.01,0.99,1.0,1.0,0.97,Kenny Rosenberg,670046,FC,54,2024,0.93,14.7,7.5,9.6,5.1,57.4,27.5,7
0.98,1.06,0.99,0.97,1.28,0.93,0.95,1.24,1.01,0.99,0.95,0.98,0.96,1.14,1.32,1.01,0.64,Landen Roupp,694738,FC,134,2026,0.94,22.7,2.6,16.6,3.2,94.9,7.4,10
1.04,1.01,1.0,1.01,1.06,0.99,1.03,0.97,1.02,1.0,0.99,1.0,1.02,0.98,1.03,1.01,0.94,Chris Roycroft,688297,FC,92,2025,0.98,5.7,2.2,2.6,1.4,22.6,10.3,10
1.04,1.04,1.0,1.0,0.93,1.0,1.29,1.02,1.01,0.99,1.0,1.0,0.93,1.03,0.97,1.04,0.98,Jackson Rutledge,671131,FC,175,2025,1.02,5.5,2.8,3.1,1.6,21.7,11.4,10
1.0,1.0,1.0,1.0,1.0,1.0,1.0,1.0,1.0,1.0,1.0,1.0,1.0,1.0,1.0,1.0,1.0,Tyler Samaniego,701719,FC,21,2026,0.96,3.5,2.5,1.9,1.9,11.6,8.9,10
1.02,1.02,1.0,1.0,0.97,1.0,1.06,1.02,1.02,1.0,1.0,1.0,0.97,0.98,0.99,1.02,1.0,Bryan Sammons,676614,FC,95,2024,0.99,17.5,7.6,13.8,5.9,62.3,26.4,6
1.01,0.99,1.0,0.99,0.98,1.0,0.95,1.01,1.01,1.0,1.0,0.99,0.98,0.96,1.08,1.01,0.94,Sixto Sanchez,664350,FC,209,2024,0.97,13.8,7.5,8.8,5.3,53.2,27.5,10
1.0,1.0,1.0,1.0,1.0,1.0,1.0,1.0,1.0,1.0,1.0,1.0,1.0,1.0,1.0,1.0,1.0,David Sandlin,689818,FC,7,2026,0.96,19.0,,17.0,,61.0,,1
1.25,1.14,1.01,0.91,0.64,1.21,0.98,1.09,1.0,0.98,1.06,0.97,1.05,1.25,0.72,1.05,0.92,Cole Sands,663485,FC,655,2026,1.28,4.1,1.4,2.6,1.8,15.2,5.9,10
0.95,0.92,1.0,0.95,1.19,0.99,0.93,1.02,0.97,1.03,0.92,1.01,1.04,1.07,0.62,0.99,1.1,Dennis Santana,642701,FC,21,2026,0.93,4.2,1.7,2.3,1.2,16.2,6.6,10
1.03,0.99,1.0,1.0,1.09,1.0,1.07,0.99,0.98,1.01,1.01,1.0,1.02,0.98,1.05,1.0,0.99,Matt Sauer,669422,FC,162,2025,0.97,12.9,7.7,8.9,4.5,51.1,29.3,10
0.99,1.04,1.0,0.97,0.98,1.01,0.99,0.98,1.0,1.0,1.09,0.97,1.04,0.9,1.13,1.0,0.98,Max Scherzer,453286,FC,5,2026,0.98,18.0,5.3,11.2,5.4,72.4,19.1,10
0.9,1.06,0.99,1.04,1.2,0.98,0.88,0.96,1.02,1.04,1.11,1.05,1.3,1.04,1.84,0.96,1.26,Cam Schlittler,693645,FC,284,2026,0.95,23.4,2.6,18.3,2.8,92.3,9.5,10
0.95,0.9,1.0,0.96,0.71,0.92,0.94,1.31,1.02,1.07,1.07,1.03,0.82,1.17,0.67,1.0,1.05,Clarke Schmidt,657376,FC,1010,2025,0.94,22.7,3.3,17.4,3.8,89.6,13.2,10
0.99,1.18,1.0,1.0,0.78,1.0,1.0,0.81,0.97,1.04,1.02,0.99,1.04,0.76,0.53,1.0,0.57,John Schreiber,670167,FC,60,2026,1.04,3.7,1.6,3.0,1.3,13.6,8.5,10
1.22,1.04,1.01,0.99,1.05,1.08,0.54,1.06,0.92,1.06,0.87,1.0,0.81,0.88,1.01,1.03,1.02,Noah Schultz,702273,FC,119,2026,1.04,20.8,2.4,14.6,2.6,81.2,6.8,8
1.15,0.91,1.0,0.93,1.17,1.01,0.89,1.18,1.02,0.94,0.91,0.99,0.99,0.72,0.86,1.05,1.16,Paxton Schultz,687606,FC,147,2026,1.1,5.0,2.0,2.7,1.8,19.8,7.9,10
0.95,0.81,0.99,1.08,0.87,0.88,0.95,1.13,1.0,0.97,1.12,1.04,1.07,0.87,0.61,0.98,1.13,Spencer Schwellenbach,680885,FC,493,2025,0.97,26.4,2.3,20.3,2.9,94.5,6.8,10
0.44,0.8,0.97,1.04,0.93,0.76,0.44,0.71,0.99,1.01,1.04,0.99,0.63,0.76,1.12,0.93,0.81,Christian Scott,681035,FC,101,2026,0.34,19.5,3.7,13.6,3.7,79.1,14.8,10
0.83,1.07,1.02,1.0,1.72,1.0,0.98,0.68,0.97,1.0,0.95,1.0,1.46,1.22,0.52,0.96,0.85,Kodai Senga,673540,FC,82,2026,0.93,20.8,3.2,13.7,3.8,78.9,13.8,10
0.85,1.1,0.99,0.97,0.93,0.81,0.92,1.22,0.99,0.95,0.98,1.02,1.09,1.04,0.92,0.94,0.88,Antonio Senzatela,622608,FC,140,2026,0.94,7.1,2.3,5.5,2.0,24.1,8.9,10
0.78,1.36,0.98,1.02,1.68,0.87,0.77,0.5,0.94,0.96,0.99,1.05,1.37,0.82,0.61,0.94,1.3,Luis Severino,622663,FC,225,2026,0.85,23.1,6.1,16.5,5.3,90.8,24.0,10
0.94,0.98,1.0,1.0,1.17,0.98,0.94,0.97,1.01,1.0,0.99,1.0,1.04,0.97,0.96,0.99,0.99,Carson Seymour,693313,FC,62,2025,0.9,9.3,4.9,6.4,3.9,38.6,20.1,10
0.96,0.8,1.0,0.98,1.06,1.07,0.92,1.05,1.03,0.96,0.96,0.99,1.17,0.87,0.57,0.99,1.07,Ian Seymour,693855,FC,12,2026,1.0,4.7,2.0,3.8,1.8,17.9,8.7,10
1.02,0.99,1.0,1.0,1.02,1.02,0.97,1.0,0.97,1.0,1.0,1.0,1.02,1.0,1.0,0.99,1.0,Bryan Shaw,543766,FC,61,2024,0.97,4.6,2.6,2.0,2.1,19.0,7.7,5
0.98,0.96,1.0,0.96,0.85,0.9,1.02,1.3,1.0,1.0,0.98,1.01,0.86,0.77,1.11,0.97,0.94,Chase Shugart,663767,FC,85,2026,0.92,5.2,2.1,3.8,2.1,20.5,12.7,10
1.0,1.0,1.0,1.0,1.0,1.0,1.0,1.0,1.0,1.0,1.0,1.0,1.0,1.0,1.0,1.0,1.0,Jared Shuster,694363,FC,15,2026,0.96,7.5,3.4,4.5,2.2,26.4,13.7,10
0.94,1.02,1.0,0.99,1.02,0.98,0.99,1.02,0.98,1.01,1.01,1.0,1.0,1.01,1.02,0.97,1.02,Lucas Sims,608371,FC,136,2024,0.9,5.3,2.5,3.1,1.7,20.0,8.9,10
1.09,1.27,1.01,1.06,1.71,0.96,1.01,0.88,1.04,0.98,1.0,0.97,1.14,1.09,0.71,1.03,0.92,Brady Singer,663903,FC,58,2026,0.99,21.8,3.5,14.1,3.1,83.8,14.2,10
0.86,0.69,1.0,1.06,2.2,0.96,0.82,0.38,0.99,1.05,1.01,1.04,1.31,0.94,1.5,0.99,1.07,Justin Slaten,686580,FC,88,2026,0.67,3.9,1.4,2.6,0.7,15.4,6.1,10
0.95,1.02,1.01,1.05,1.66,0.96,0.9,0.43,1.01,0.99,0.97,0.98,1.55,0.8,1.36,1.01,0.59,Burch Smith,572143,FC,60,2026,1.03,5.1,1.7,3.3,1.9,20.4,7.5,10
1.0,1.01,1.0,1.0,1.0,1.03,1.02,0.99,1.01,1.0,1.01,1.0,0.99,1.02,1.03,1.01,1.0,Drew Smith,622098,FC,88,2024,0.96,3.8,1.1,2.3,1.1,15.2,5.6,10
0.97,0.99,1.0,1.0,1.01,0.99,0.97,1.01,0.97,1.0,1.0,1.0,0.99,1.02,0.99,0.99,1.01,Drew Smyly,592767,FC,34,2024,0.94,3.5,1.0,1.6,1.4,13.8,6.1,10
1.06,0.87,1.0,0.96,1.36,1.06,0.98,0.68,1.02,1.06,1.06,0.99,0.98,1.15,1.54,1.01,0.61,Collin Snider,676092,FC,215,2025,0.81,5.1,1.9,2.7,1.3,20.4,5.9,10
1.0,1.0,1.0,1.0,1.0,1.0,1.0,1.0,1.0,1.0,1.0,1.0,1.0,1.0,1.0,1.0,1.0,Chase Solesky,686678,FC,9,2026,0.96,17.0,,9.0,,58.0,,1
1.07,1.16,0.99,0.97,0.85,0.88,0.99,0.98,1.03,1.05,1.02,0.99,0.93,0.95,0.8,1.02,0.96,Michael Soroka,647336,FC,122,2026,1.02,23.5,2.1,16.7,3.3,89.7,7.6,10
0.95,0.66,1.02,0.98,2.42,1.06,0.96,0.45,0.98,1.08,0.96,1.02,1.35,0.78,1.06,0.98,0.92,Mitch Spence,687765,FC,1616,2026,0.71,20.7,3.6,13.4,2.7,73.3,14.2,10
1.0,0.99,1.0,1.0,0.98,1.0,0.99,1.0,1.06,1.0,1.01,1.0,0.98,0.99,0.99,1.01,0.99,Carson Spiers,686730,FC,292,2025,0.94,16.0,4.1,10.3,3.5,63.2,17.7,10
1.01,0.93,1.01,0.97,1.0,1.03,1.17,1.03,1.02,0.96,0.87,0.97,0.95,1.12,0.81,1.01,1.02,Jeffrey Springs,605488,FC,27,2026,0.94,23.4,2.8,16.0,3.7,86.5,9.3,10
0.87,0.82,1.0,0.99,0.72,1.12,1.19,1.1,1.16,0.94,0.97,1.02,0.89,1.02,0.77,1.0,1.02,Brandon Sproat,687075,FC,231,2026,0.81,19.7,2.9,13.9,2.9,78.6,9.3,10
0.97,1.02,1.0,0.99,0.94,1.0,1.01,1.03,1.02,1.02,1.02,1.0,0.97,1.07,0.96,1.0,0.94,Robert Stephenson,596112,FC,101,2025,0.94,3.8,1.5,2.4,0.7,13.2,6.7,10
0.9,1.13,1.0,1.03,2.08,1.14,1.01,0.39,1.05,1.09,1.06,0.98,1.68,1.32,1.05,0.97,0.82,Justin Sterner,686993,FC,133,2026,0.91,3.1,0.9,2.4,1.1,12.7,5.5,10
0.98,1.01,1.0,1.01,1.28,1.01,0.93,1.08,1.0,1.01,1.01,1.04,0.91,0.91,0.9,0.99,0.99,Brock Stewart,592779,FC,106,2025,0.85,4.0,1.6,2.7,0.5,15.5,4.1,10
0.97,0.99,1.0,1.0,0.99,0.99,0.99,1.0,1.01,1.0,1.01,1.0,0.99,0.98,0.98,1.01,1.02,Gavin Stone,694813,FC,111,2024,0.95,22.1,3.2,15.2,3.9,83.6,6.6,10
0.95,1.03,0.99,1.01,1.19,0.91,0.94,1.02,0.99,1.03,1.07,1.03,1.03,0.96,0.98,1.01,1.08,Hunter Stratton,676702,FC,288,2025,0.95,4.4,2.3,2.8,1.8,16.1,10.2,10
1.05,1.01,1.0,1.0,1.08,0.99,0.91,0.96,1.03,0.99,0.99,1.0,1.02,0.97,0.97,1.01,1.02,Ross Stripling,548389,FC,216,2024,0.97,10.5,7.7,7.1,6.6,38.5,28.0,10
1.02,1.09,1.0,0.91,0.77,1.14,1.27,1.08,1.05,1.02,1.03,0.99,0.83,0.73,0.71,1.0,0.97,Marcus Stroman,573186,FC,608,2025,0.93,19.4,4.0,12.5,4.3,76.8,13.8,10
0.94,1.04,1.0,1.0,1.07,0.98,0.97,0.95,0.95,1.01,1.0,1.0,1.07,1.03,1.06,0.98,0.96,Kade Strowd,669704,FC,167,2025,0.95,3.4,1.4,2.8,0.9,13.6,5.6,10
0.92,1.12,0.96,1.04,1.04,0.83,0.89,0.73,1.0,0.9,0.98,0.95,1.28,1.13,0.97,0.96,1.05,Albert Suarez,544150,FC,63,2026,0.97,10.1,4.6,7.2,3.1,38.6,16.9,10
0.96,1.03,0.98,0.95,0.86,0.95,1.17,1.36,1.01,0.88,1.09,0.98,1.01,0.55,0.56,0.97,1.05,Ranger Suarez,624133,FC,188,2026,1.03,21.7,3.6,16.5,4.3,83.7,11.6,10
0.54,1.53,0.98,1.02,0.83,0.83,0.54,0.97,1.35,1.0,0.96,1.03,0.97,1.04,0.79,1.09,1.26,Robert Suarez,663158,FC,63,2026,0.82,4.0,1.1,3.2,0.4,16.6,6.7,10
1.01,1.02,1.0,1.0,0.95,1.02,1.19,1.08,0.94,1.0,1.0,1.0,0.98,1.02,1.0,0.97,1.07,Wander Suero,593833,FC,107,2025,0.96,5.5,2.9,2.7,2.3,23.8,15.0,6
1.64,0.93,1.02,0.96,0.79,1.08,1.32,1.35,0.96,1.04,0.98,0.99,0.77,0.79,0.56,1.1,0.79,Tomoyuki Sugano,608372,FC,106,2026,1.39,22.3,2.0,15.9,2.7,84.7,11.2,10
0.95,1.43,0.97,1.03,1.47,0.91,0.97,1.11,1.03,0.97,1.03,0.98,0.98,0.73,1.21,1.0,1.06,Cole Sulser,642121,FC,51,2026,0.91,3.6,0.7,2.6,1.4,15.9,5.0,10
0.95,0.83,1.0,1.02,0.69,1.23,0.93,1.01,1.01,0.96,0.97,1.03,0.95,0.89,0.74,1.02,0.74,Matt Svanson,694335,FC,102,2026,0.97,4.7,1.1,2.9,0.7,18.1,5.0,10
1.15,0.79,1.0,1.05,0.8,0.98,1.14,1.31,1.01,1.05,0.96,0.96,0.91,1.12,1.96,1.03,1.13,Jameson Taillon,592791,FC,195,2026,1.05,23.5,1.6,16.6,2.2,90.9,8.6,10
1.04,1.0,1.0,0.99,1.09,1.03,1.12,0.97,0.98,1.01,0.99,1.0,0.99,0.94,0.96,1.02,0.97,Connor Thomas,671162,FC,27,2025,0.99,15.5,2.1,8.0,4.2,59.0,2.8,2
0.92,0.84,1.02,0.96,1.78,1.17,0.95,1.02,0.98,1.12,0.97,0.99,1.3,1.28,1.35,0.96,0.66,Keegan Thompson,624522,FC,195,2026,0.87,5.6,3.6,3.5,2.5,23.1,13.4,10
1.02,1.23,0.99,0.96,1.59,0.93,1.07,0.64,0.93,1.11,1.06,1.02,1.29,1.14,1.05,0.99,0.94,Trent Thornton,663423,FC,195,2026,1.0,4.9,1.2,4.1,1.3,19.6,6.5,10
2.36,1.01,1.01,1.0,1.11,1.65,2.11,0.79,1.22,0.99,1.06,0.98,0.77,0.9,1.11,1.4,0.76,Zach Thornton,804267,FC,40,2026,1.85,19.0,,13.0,,80.0,,1
0.94,0.98,1.0,1.0,1.17,0.97,1.0,0.98,0.99,1.0,0.99,1.0,1.03,0.96,1.02,0.97,0.98,Drew Thorpe,689672,FC,104,2024,0.87,21.1,4.3,14.7,5.2,80.0,19.5,9
0.54,0.94,0.99,1.06,0.83,1.32,0.54,1.32,1.09,0.99,1.09,1.0,0.8,1.0,0.96,0.85,0.95,Payton Tolle,801139,FC,89,2026,0.43,17.4,9.2,12.9,8.2,64.3,31.8,10
1.0,1.0,1.0,1.0,1.0,1.0,1.0,1.0,1.0,1.0,1.0,1.0,1.0,1.0,1.0,1.0,1.0,Jonah Tong,804636,FC,18,2026,0.96,16.6,6.1,11.0,5.7,67.9,27.1,7
0.94,1.25,0.98,0.9,1.0,0.96,0.98,1.37,0.99,0.96,1.05,1.02,0.92,0.78,1.19,0.97,1.04,Justin Topa,623437,FC,95,2026,0.97,4.7,2.1,2.1,1.1,19.2,9.8,10
1.06,1.07,1.0,0.87,0.83,1.17,1.22,1.12,1.0,1.03,1.02,1.02,0.93,1.01,0.62,1.0,1.02,Blake Treinen,595014,FC,23,2026,1.03,3.3,1.1,2.6,0.8,11.9,3.9,10
1.05,0.99,1.0,1.0,0.97,0.96,1.06,1.04,0.99,1.0,1.01,1.0,0.97,0.99,0.96,1.02,1.03,Lou Trivino,642152,FC,202,2025,1.01,5.0,2.6,2.5,1.6,18.1,9.1,10
1.02,0.99,1.0,1.01,1.01,1.02,0.99,0.97,1.03,0.99,0.99,1.0,1.0,0.97,1.07,1.02,1.02,Kyle Tyler,667725,FC,259,2024,0.97,17.8,4.8,12.1,3.6,72.1,22.4,8
0.98,1.03,1.0,0.96,0.78,0.94,0.97,1.19,1.02,1.03,1.06,1.0,0.8,1.16,0.6,1.01,1.08,Edwin Uceta,670955,FC,334,2025,0.93,4.8,1.9,3.3,0.9,17.7,6.7,10
0.98,0.97,1.01,1.0,1.01,1.03,1.04,1.0,0.97,0.99,1.01,1.01,0.99,0.99,0.98,0.99,1.0,Carlos Vargas,672841,FC,141,2025,0.94,4.7,2.5,3.1,1.9,15.3,8.1,10
1.01,1.0,1.01,1.0,1.08,1.04,0.91,0.97,0.95,1.0,1.01,1.0,1.0,1.05,0.97,1.01,0.93,Mike Vasil,678024,FC,90,2025,0.98,6.5,3.4,4.5,2.8,27.3,13.4,10
1.23,1.1,1.02,0.94,0.88,1.14,0.97,1.15,1.03,1.14,1.01,1.01,0.74,0.92,1.0,1.04,1.05,Randy Vasquez,681190,FC,241,2026,1.02,22.6,1.7,16.2,2.9,88.3,9.6,10
0.97,1.0,1.0,0.99,1.25,0.99,0.94,0.95,0.99,1.0,1.0,1.0,1.03,0.99,0.97,0.99,0.99,Nick Vespi,663989,FC,96,2024,0.9,4.5,1.9,3.4,1.1,15.8,6.6,10
1.32,0.98,1.05,1.03,0.54,0.81,1.89,1.44,1.41,0.98,1.22,1.02,0.54,0.79,0.93,0.89,0.68,Victor Vodnik,680767,FC,11,2026,0.61,4.9,1.7,2.4,1.6,20.0,6.9,10
0.95,1.03,1.0,1.0,0.98,0.97,0.96,0.99,1.02,1.0,1.01,1.0,1.01,1.03,1.01,0.98,0.97,Austin Voth,608723,FC,329,2024,0.91,6.4,5.3,3.9,2.9,25.4,19.4,10
1.03,0.8,1.0,1.06,1.21,1.05,0.85,0.92,1.0,0.9,1.0,1.0,0.88,0.71,0.78,1.01,1.23,Michael Wacha,608379,FC,167,2026,0.84,25.3,1.6,18.8,2.9,91.0,8.6,10
0.97,0.99,1.0,1.0,1.0,0.99,0.97,1.01,0.99,1.0,1.0,1.0,1.0,1.03,1.03,1.0,0.98,Jacob Waguespack,621097,FC,78,2024,0.95,12.8,4.4,7.0,4.2,55.2,16.5,4
1.0,1.0,1.0,1.0,1.0,1.0,1.0,1.0,1.0,1.0,1.0,1.0,1.0,1.0,1.0,1.0,1.0,Ken Waldichuk,686610,FC,27,2026,0.96,8.0,1.9,4.8,1.1,29.8,5.5,5
0.99,0.92,1.0,1.0,1.12,1.06,1.01,0.94,1.03,0.99,1.0,1.01,1.03,0.93,0.95,1.01,1.02,Hurston Waldrep,694462,FC,188,2025,0.93,22.2,3.0,16.9,1.9,86.1,13.6,10
0.88,1.31,0.96,1.04,0.86,0.87,0.96,0.95,0.93,0.9,1.07,0.98,1.44,0.73,0.72,0.95,1.07,Matt Waldron,663362,FC,77,2026,1.19,21.0,6.1,12.7,3.6,79.0,23.1,10
1.35,0.92,0.99,0.92,0.77,0.9,1.63,0.98,1.0,1.0,0.95,0.97,0.62,0.76,1.06,1.03,1.43,Taijuan Walker,592836,FC,84,2026,0.97,19.9,7.4,11.7,4.5,71.4,24.4,10
1.01,1.0,1.0,1.0,1.01,1.03,0.97,1.0,1.0,1.0,1.0,1.0,1.01,0.98,0.99,1.0,1.0,Blake Walston,686796,FC,58,2024,0.97,11.9,7.5,7.9,5.1,49.0,31.5,7
1.04,0.98,1.01,1.01,0.99,1.04,1.12,1.02,0.96,0.99,1.02,1.0,0.96,0.96,0.96,1.0,0.98,Brandon Walter,687888,FC,221,2025,0.97,23.4,3.7,17.3,2.2,90.2,6.8,9
1.0,1.0,1.0,1.0,1.0,1.0,1.0,1.0,1.0,1.0,1.0,1.0,1.0,1.0,1.0,1.0,1.0,Andrew Wantz,681806,FC,11,2026,0.96,8.5,3.5,4.5,2.1,44.5,13.4,2
1.95,1.03,1.02,1.06,0.68,1.08,0.8,0.92,1.08,0.94,1.09,1.01,0.83,0.81,0.76,1.26,1.0,Ryan Watson,670245,FC,127,2026,1.68,8.3,3.8,5.5,2.8,30.1,14.1,10
1.06,1.09,0.99,0.95,0.66,0.94,1.06,0.85,1.07,1.01,0.93,1.01,0.85,1.27,0.78,1.03,1.35,Luke Weaver,596133,FC,54,2026,0.96,4.8,0.9,3.3,1.2,17.9,4.0,10
0.99,1.01,0.97,1.06,1.36,0.88,0.94,1.11,0.99,0.97,1.09,1.01,1.07,1.04,0.49,1.01,0.86,Logan Webb,657277,FC,78,2026,0.98,24.7,3.7,17.4,3.1,89.3,12.6,10
1.11,1.08,0.98,0.96,0.6,1.07,1.12,1.52,0.99,1.03,1.12,1.01,0.58,1.44,1.62,1.02,1.28,Tyler Wells,669330,FC,115,2026,0.96,5.3,2.2,3.4,1.3,21.9,9.2,10
0.97,1.1,0.99,1.08,1.29,0.96,1.05,0.76,1.0,1.01,1.05,0.97,1.3,1.33,0.96,0.97,0.88,Joey Wentz,666214,FC,551,2025,0.96,21.4,2.8,14.0,3.7,87.5,9.9,10
0.95,1.04,1.0,1.07,0.97,0.96,0.97,1.09,0.97,1.02,0.99,0.99,1.01,1.05,1.4,0.97,0.82,Hayden Wesneski,669713,FC,152,2025,0.92,15.5,8.1,11.7,6.0,60.7,30.8,10
0.98,0.98,1.0,1.0,0.97,1.0,1.02,1.01,1.04,1.01,1.0,1.0,0.96,0.99,1.05,1.01,0.97,Forrest Whitley,666215,FC,68,2025,0.93,6.6,2.6,3.5,2.0,25.6,12.5,10
1.34,0.82,1.04,1.09,1.08,1.16,1.04,1.04,0.99,0.93,1.0,1.03,1.3,0.9,0.82,1.0,0.85,Gavin Williams,668909,FC,96,2026,1.24,24.8,2.8,18.3,2.4,93.7,11.3,10
1.05,0.64,1.01,0.93,1.17,1.18,1.12,1.05,1.0,1.02,0.91,0.99,1.17,0.88,1.16,1.02,1.14,Brandon Williamson,682227,FC,135,2026,1.05,18.7,4.7,12.7,4.7,76.8,17.5,10
1.09,0.94,1.0,1.01,0.77,1.01,1.0,1.17,1.0,0.96,0.99,0.99,0.73,0.99,0.79,1.05,1.04,Bryse Wilson,669060,FC,774,2025,0.99,15.6,9.6,9.7,5.5,58.1,33.9,10
0.97,1.09,0.99,0.96,1.73,0.95,0.92,1.0,0.99,1.0,1.08,1.02,1.18,0.77,1.01,0.98,1.2,Justin Wilson,458677,FC,315,2025,0.91,3.5,1.6,2.1,1.1,14.5,7.1,10
1.07,0.97,1.0,1.03,0.87,1.06,0.98,0.82,0.99,0.96,1.01,1.01,0.94,1.06,1.35,1.01,0.76,Josh Winckowski,670174,FC,488,2025,0.94,7.5,4.6,4.7,2.1,30.3,21.8,10
0.81,0.7,1.02,1.07,0.94,1.09,0.86,0.89,1.02,1.04,1.06,1.01,0.71,0.75,0.77,1.03,0.98,Cole Winn,668390,FC,95,2026,0.7,3.9,1.1,2.5,1.1,14.3,6.9,10
1.1,1.04,1.01,1.04,1.02,1.01,0.94,1.11,1.08,0.95,0.95,1.01,0.9,0.99,0.56,1.04,0.99,Jake Woodford,663765,FC,135,2026,1.0,6.6,4.0,3.6,2.6,24.9,13.9,10
0.84,0.89,1.01,1.0,0.73,0.91,0.88,1.41,0.99,0.99,0.94,0.98,0.85,0.61,0.82,0.96,1.45,Brandon Woodruff,605540,FC,50,2026,0.88,21.0,6.2,15.2,4.5,75.1,22.3,10
1.06,1.08,0.98,1.02,1.45,0.86,1.04,0.88,1.03,1.02,1.07,1.01,1.14,1.14,1.1,1.02,0.99,Yoshinobu Yamamoto,808967,FC,152,2026,0.98,24.8,2.3,18.7,2.6,96.4,7.1,10
0.98,0.81,0.98,0.98,1.09,0.92,1.08,1.41,1.04,0.87,0.9,0.96,1.16,0.81,0.7,1.02,1.16,Ryan Yarbrough,642232,FC,93,2026,1.12,7.9,3.1,5.6,2.1,30.6,13.0,10
1.0,1.07,1.0,1.03,1.0,1.04,1.07,0.84,1.0,1.03,1.02,0.96,1.02,1.13,1.65,0.99,0.83,Rob Zastryzny,642239,FC,173,2025,0.9,3.4,1.3,2.1,1.2,12.7,6.0,10
0.97,1.0,1.0,1.0,1.05,1.0,0.97,1.0,0.99,1.0,1.0,1.0,1.02,1.01,0.98,0.99,0.97,Brett de Geus,676969,FC,42,2024,0.94,4.7,2.6,2.1,1.6,18.4,11.8,10
0.97,0.95,1.01,1.05,0.95,0.98,0.89,0.99,1.0,1.08,1.07,1.02,0.92,0.94,0.99,1.0,1.11,Mick Abel,690953,SI,12,2026,0.71,18.5,5.0,11.8,5.6,74.7,15.0,10
1.07,1.01,1.0,1.0,0.99,1.0,1.08,0.98,1.0,1.0,1.01,1.0,1.01,1.02,0.99,1.02,1.0,Travis Adams,701519,SI,73,2025,0.84,6.0,3.2,3.6,2.1,22.0,12.9,10
1.09,1.03,1.0,1.0,0.99,1.0,1.23,0.96,0.99,1.0,1.0,1.0,1.01,1.03,1.0,1.01,1.01,Joan Adon,672851,SI,42,2024,0.83,5.9,4.7,3.5,3.7,22.0,20.1,8
1.89,1.1,0.99,0.98,0.58,0.93,0.44,1.64,1.26,1.02,1.1,1.0,0.86,0.54,0.98,1.08,1.11,Zach Agnos,688642,SI,75,2026,1.15,12.3,4.9,7.8,4.3,44.0,19.4,10
1.0,1.01,1.0,1.0,1.0,0.97,1.0,1.03,0.99,1.0,1.01,1.0,1.01,0.99,1.0,0.99,1.01,Julian Aguiar,687924,SI,96,2024,0.77,19.9,4.1,13.6,3.6,75.6,15.6,7
1.04,1.27,0.98,0.91,1.51,0.95,1.23,0.79,0.97,1.02,1.06,1.03,1.12,1.4,1.0,0.99,1.22,Jorge Alcala,660896,SI,209,2025,0.88,4.8,1.8,2.7,0.8,20.4,8.6,10
1.02,0.98,1.0,0.94,1.06,0.95,0.92,0.92,0.98,1.06,1.07,1.04,1.19,0.63,1.19,0.96,1.17,Sandy Alcantara,645261,SI,258,2026,0.73,26.6,2.8,17.5,3.4,98.1,6.5,10
1.0,0.66,1.01,1.01,0.79,1.11,1.01,0.94,1.01,0.95,0.9,0.97,0.85,0.94,1.13,1.03,0.33,Jason Alexander,669920,SI,70,2026,0.68,20.5,5.3,14.2,5.2,74.9,24.7,10
1.08,0.94,1.01,0.98,0.9,1.1,1.22,0.28,1.01,1.0,1.09,0.97,1.1,0.84,0.9,1.03,0.78,Scott Alexander,518397,SI,565,2025,0.78,4.1,2.0,2.1,1.4,15.6,6.9,10
0.79,1.06,0.98,0.98,0.97,0.76,1.18,1.37,0.99,0.96,1.02,0.97,0.94,0.51,1.09,0.95,1.22,Tyler Alexander,641302,SI,111,2026,0.66,3.7,1.3,2.2,1.4,14.6,5.9,10
1.14,1.16,0.98,0.98,1.01,0.95,1.23,0.15,0.96,0.9,1.2,0.96,1.25,1.08,0.91,1.01,1.64,Kolby Allard,663465,SI,20,2026,0.97,7.9,4.1,5.2,2.0,33.9,16.4,10
1.01,0.97,1.0,1.0,1.02,1.0,1.11,1.01,1.01,0.99,1.0,1.0,1.0,0.96,1.0,1.01,1.02,Logan Allen,663531,SI,79,2024,0.79,9.8,5.1,6.0,3.6,37.8,22.1,10
1.0,1.03,0.98,1.0,1.14,0.99,0.94,1.01,0.92,0.96,0.94,0.96,1.04,0.88,0.92,1.04,1.27,Logan Allen,671106,SI,577,2026,0.94,23.2,2.3,15.2,3.2,93.2,7.7,10
0.99,1.02,1.0,1.0,0.97,0.98,0.94,1.05,1.0,1.0,0.99,1.0,1.0,1.0,1.01,1.0,1.0,Yency Almonte,622075,SI,99,2024,0.78,4.1,1.4,2.9,1.3,15.9,5.0,10
1.05,1.01,1.0,1.0,0.99,0.99,1.06,1.07,1.01,1.0,1.0,1.0,1.0,1.06,1.01,0.99,1.01,Dan Altavilla,656186,SI,114,2025,0.78,4.1,1.4,2.6,1.6,15.8,5.5,10
1.44,1.09,1.02,0.92,0.6,1.16,0.88,2.07,1.0,1.14,1.06,1.04,0.78,0.8,1.13,1.05,1.25,Elvis Alvarado,665660,SI,38,2026,0.97,4.4,3.4,2.9,1.7,18.2,12.9,10
0.76,1.42,0.99,1.09,0.73,0.94,1.11,1.57,1.09,0.93,1.03,1.04,0.55,1.77,1.01,1.01,1.52,Jose Alvarado,621237,SI,246,2026,0.64,3.8,1.3,2.5,0.7,16.3,5.6,10
1.0,1.0,1.0,1.0,1.0,1.0,1.0,1.0,1.0,1.0,1.0,1.0,1.0,1.0,1.0,1.0,1.0,Andrew Alvarez,674841,SI,31,2026,0.77,16.2,4.7,11.7,4.0,67.2,21.9,10
1.06,1.02,1.0,1.0,0.99,1.0,1.11,1.0,0.99,1.0,1.0,1.0,1.0,0.99,1.0,1.02,1.02,Adbert Alzolay,640470,SI,77,2024,0.84,4.6,1.4,2.3,1.1,19.8,5.5,10
0.86,1.03,0.98,1.02,1.88,0.96,0.98,0.64,0.99,1.03,0.97,0.99,1.12,0.75,1.19,1.0,0.3,Grant Anderson,681982,SI,70,2026,0.67,3.6,1.5,2.2,1.3,14.6,8.5,10
0.99,1.05,1.0,1.0,1.06,1.0,0.94,0.93,1.0,0.99,0.99,1.0,1.03,1.02,1.0,1.0,1.01,Justin Anderson,605121,SI,132,2024,0.78,3.7,1.3,2.1,1.3,16.2,5.5,10
1.09,1.12,1.01,0.94,0.7,1.26,1.98,1.1,0.97,0.99,1.03,0.95,0.95,1.08,1.07,1.02,1.13,Tyler Anderson,542881,SI,179,2025,0.8,22.3,3.2,15.2,2.7,84.6,6.1,10
0.84,1.2,0.97,1.05,0.99,0.89,0.74,2.19,1.02,0.94,1.04,1.0,0.77,0.71,1.02,0.99,1.49,Shawn Armstrong,542888,SI,45,2026,0.74,3.6,1.0,2.1,1.0,15.0,6.0,10
1.02,1.36,0.97,1.16,1.36,0.94,1.13,1.38,1.02,1.05,0.93,1.0,1.04,0.57,1.15,1.02,1.17,Spencer Arrighetti,681293,SI,78,2026,0.83,24.5,1.8,17.9,2.7,95.1,4.9,10
0.94,1.05,1.01,0.85,0.89,1.06,0.85,1.37,1.0,0.97,0.9,1.04,0.91,1.03,0.97,0.98,1.08,Aaron Ashby,676879,SI,311,2026,0.7,5.8,1.6,4.6,1.7,23.3,6.1,10
0.6,0.99,1.03,1.0,1.8,1.0,0.7,-0.32,0.95,1.08,1.13,1.03,1.12,1.65,1.09,0.96,0.98,Braxton Ashcraft,677952,SI,158,2026,0.52,25.0,2.9,18.9,3.0,88.1,8.1,10
0.99,0.64,1.03,1.02,0.77,1.06,0.84,1.95,1.01,0.93,0.99,1.0,0.66,0.59,0.96,1.0,1.49,Javier Assad,665871,SI,177,2026,0.68,14.4,7.4,10.4,5.7,57.0,28.6,10
1.09,1.08,1.01,1.05,1.54,1.08,0.86,0.74,0.98,1.1,1.03,1.03,1.11,1.23,0.8,1.01,1.51,Luinder Avila,679883,SI,123,2026,0.88,9.7,5.4,6.3,2.8,42.1,20.7,10
0.97,1.0,1.0,1.0,0.98,1.01,0.97,1.04,1.04,1.0,1.01,1.0,0.98,0.99,1.0,1.0,1.02,Nick Avila,687014,SI,29,2024,0.73,7.0,2.4,4.0,2.2,28.1,8.4,8
0.97,1.02,1.0,1.0,1.02,1.0,1.0,0.97,0.97,1.0,1.0,1.0,1.02,0.98,0.99,0.98,1.02,Pedro Avila,658648,SI,177,2024,0.74,5.6,1.9,3.7,1.5,23.3,9.4,10
0.88,0.87,1.0,0.97,0.96,1.04,0.81,1.77,1.03,1.09,0.82,1.05,0.85,1.55,1.11,0.98,1.08,Sam Bachman,696147,SI,136,2026,0.71,5.1,1.7,3.7,1.6,18.2,6.5,10
0.84,0.83,0.99,1.14,1.42,1.01,0.87,1.47,1.04,1.01,1.06,0.97,0.97,0.79,1.24,1.01,0.09,Kyle Backhus,679775,SI,92,2026,0.64,4.1,1.8,2.5,1.2,16.1,10.2,10
0.88,0.8,1.0,0.98,1.03,0.96,0.99,1.09,0.94,0.94,1.03,1.0,1.15,1.05,1.07,0.95,1.37,Anthony Banda,607455,SI,97,2026,0.75,3.7,1.1,2.6,1.1,14.9,4.5,10
0.89,1.56,0.99,0.88,1.8,0.93,0.83,0.72,1.04,0.9,1.0,0.97,1.08,1.08,0.91,1.01,1.28,Tanner Banks,621383,SI,71,2026,0.83,5.4,2.2,3.2,1.8,20.2,9.4,10
1.06,0.83,1.0,0.99,1.21,1.04,1.69,1.25,0.54,0.98,1.0,1.0,1.0,0.91,1.04,1.0,1.0,Hunter Barco,682995,SI,59,2026,0.99,10.3,5.9,6.3,3.8,39.6,21.8,7
1.14,1.07,0.99,1.06,0.89,0.82,1.01,1.97,1.04,0.98,0.95,0.96,0.81,1.4,0.93,1.03,0.99,Scott Barlow,605130,SI,64,2026,1.01,4.0,1.1,2.1,1.0,15.6,4.9,10
0.74,0.67,0.99,0.98,2.65,0.95,0.92,0.7,1.12,0.96,1.0,0.98,1.12,1.05,1.1,1.0,0.72,Chris Bassitt,605135,SI,345,2026,0.65,22.2,3.4,14.4,4.4,82.1,14.0,10
1.07,1.01,1.0,1.0,0.97,1.04,1.2,1.23,1.0,1.01,1.0,1.01,0.96,1.14,0.91,0.98,1.23,Felix Bautista,642585,SI,386,2025,0.78,3.9,1.3,2.7,0.5,19.3,6.4,10
0.54,0.79,0.99,1.01,1.62,1.08,0.54,1.45,0.54,1.02,1.01,1.01,0.96,0.65,0.99,0.85,1.35,Shane Baz,669358,SI,66,2026,0.48,25.6,3.0,17.6,2.3,98.8,3.4,10
1.19,1.05,1.01,0.92,0.7,1.06,0.78,2.1,0.98,1.01,0.94,1.01,0.62,1.21,1.06,0.99,1.33,Eduard Bazardo,660825,SI,272,2026,0.81,4.6,1.0,2.6,0.8,18.8,5.1,10
1.04,1.21,1.02,0.97,1.21,1.05,0.79,0.69,1.14,0.93,0.95,1.01,0.98,1.16,1.09,1.03,0.85,Brayan Bello,678394,SI,403,2026,0.73,23.0,3.0,15.3,4.4,84.4,12.5,10
1.0,1.0,1.0,1.0,1.0,1.0,1.0,1.0,1.0,1.0,1.0,1.0,1.0,1.0,1.0,1.0,1.0,Valente Bellozo,678368,SI,19,2026,0.77,10.9,7.6,6.8,5.9,40.8,28.5,10
1.06,1.04,1.01,0.9,1.15,0.96,0.94,0.54,0.96,1.06,0.81,1.03,1.28,1.04,1.21,1.0,0.31,Anthony Bender,669622,SI,117,2026,0.84,3.8,1.2,3.4,1.1,14.4,5.4,10
0.54,1.06,0.97,1.06,1.34,0.92,0.54,0.44,0.8,0.96,1.06,0.99,1.25,0.65,1.05,0.89,0.85,Jake Bennett,687562,SI,58,2026,0.49,21.0,1.4,15.5,0.7,85.0,1.4,2
0.91,0.96,1.0,1.0,0.92,1.0,0.91,1.09,1.08,1.01,1.01,1.0,0.93,1.0,1.0,0.99,1.08,Ryan Bergert,686701,SI,84,2025,0.66,21.0,2.5,15.4,2.8,85.8,7.0,10
1.06,0.92,1.0,0.9,1.04,0.89,0.93,1.6,0.99,1.01,1.02,0.96,0.97,1.24,0.91,0.98,0.58,Brennan Bernardino,657514,SI,159,2026,0.88,4.0,1.2,2.7,0.8,12.9,3.9,10
1.16,1.02,1.01,1.0,0.88,1.1,1.14,1.5,1.01,0.97,0.97,0.99,0.88,0.77,1.05,1.01,1.16,Jose Berrios,621244,SI,1838,2025,0.8,19.8,4.6,13.9,4.8,76.2,14.8,10
1.09,0.85,1.0,1.03,1.46,0.99,1.04,0.61,0.99,0.99,0.98,1.0,1.06,1.49,0.93,1.0,1.45,Tanner Bibee,676440,SI,201,2026,0.88,23.2,3.7,16.1,4.7,90.1,12.2,10
0.93,1.09,1.0,1.0,0.95,0.9,0.92,0.99,0.95,1.07,1.04,1.01,1.0,0.79,1.06,0.95,1.08,Osvaldo Bido,674370,SI,65,2026,0.67,7.8,4.1,5.0,3.0,30.1,16.2,10
1.04,0.99,1.0,0.99,0.96,0.98,1.05,1.03,0.98,1.0,1.01,1.0,0.98,1.0,1.0,1.0,0.99,Brandon Bielak,656232,SI,126,2024,0.8,9.2,3.5,5.3,3.5,32.5,10.1,10
1.05,0.79,1.02,0.91,1.48,0.97,0.96,0.91,0.96,1.04,1.01,1.01,1.36,1.63,1.05,0.98,0.39,Jake Bird,656234,SI,99,2026,0.94,3.1,1.1,1.9,0.9,13.1,5.1,10
0.98,0.83,1.0,1.0,1.31,0.96,1.04,0.87,0.94,0.94,0.96,1.01,1.15,0.66,1.04,1.0,0.95,Spencer Bivens,702352,SI,846,2025,0.8,5.9,4.4,3.9,3.3,22.7,15.4,10
1.16,0.95,1.0,0.97,0.94,1.0,1.26,1.12,1.06,0.99,1.01,0.99,0.95,0.96,0.99,1.05,0.99,Ty Blach,621389,SI,572,2024,0.9,12.2,5.9,6.9,3.8,43.6,18.5,10
1.54,1.07,1.02,1.03,0.48,1.03,1.12,1.84,1.06,0.96,1.06,1.0,0.43,1.31,1.15,1.07,1.3,Mason Black,696131,SI,239,2026,0.96,10.9,7.3,7.0,5.1,45.0,28.1,10
0.85,0.68,1.0,0.98,0.96,0.97,0.99,1.22,1.04,0.96,0.96,1.0,0.92,0.61,0.9,1.0,1.42,Paul Blackburn,621112,SI,141,2026,0.68,6.5,2.5,4.4,2.2,26.5,8.6,10
1.32,1.13,0.99,0.98,0.74,1.1,1.25,1.21,1.03,1.04,1.03,1.01,0.86,0.83,1.01,1.04,1.06,Cody Bolton,675989,SI,59,2026,0.87,11.2,3.3,6.4,3.1,46.7,13.1,10
0.98,0.81,0.99,1.01,1.48,0.98,1.2,0.42,0.96,1.05,0.9,1.0,1.08,0.9,1.21,1.02,0.99,Ryan Borucki,621366,SI,133,2026,0.77,6.0,2.6,3.7,1.9,22.2,9.1,10
1.14,0.97,1.01,0.99,0.96,1.03,0.95,1.1,1.04,1.0,0.98,1.0,0.94,0.9,1.0,1.03,1.05,Caleb Boushley,676961,SI,207,2025,0.83,6.4,3.7,3.8,1.9,26.0,16.8,10
0.84,1.51,0.95,1.04,1.2,0.79,0.88,1.17,0.98,1.06,1.1,1.04,1.23,0.8,1.02,0.96,1.71,Jonathan Bowlan,680742,SI,44,2026,0.82,4.3,1.2,2.9,1.4,17.5,6.5,10
1.01,1.0,0.99,1.06,1.04,0.95,1.03,0.99,1.0,0.98,1.01,0.98,1.06,0.99,1.16,1.0,0.84,Matt Bowman,621199,SI,388,2025,0.79,6.7,2.8,4.0,1.8,26.3,11.8,10
1.39,1.48,0.97,1.02,0.81,0.89,0.54,0.82,0.82,1.06,0.96,1.02,1.04,1.02,1.02,1.11,0.9,Joe Boyle,671212,SI,51,2026,1.25,20.4,3.6,13.3,3.4,82.5,15.1,10
1.38,0.96,0.99,1.0,1.01,0.8,0.99,1.73,0.93,0.99,0.85,1.01,1.05,0.76,0.75,0.96,1.75,Kyle Bradish,680694,SI,339,2026,1.07,24.2,3.0,16.6,2.9,95.2,4.9,10
1.07,0.85,1.03,1.01,0.67,1.08,1.14,1.43,1.03,1.04,0.92,1.04,0.67,0.82,1.11,1.03,1.13,Matt Brash,666374,SI,42,2026,0.68,3.4,1.6,2.3,0.9,14.0,7.1,10
0.98,1.24,0.99,1.07,1.67,0.98,1.05,0.63,1.03,1.02,1.13,1.0,1.15,0.87,1.02,0.99,1.18,Ryan Brasier,518489,SI,127,2025,0.75,4.1,1.5,2.7,1.1,15.0,5.2,10
0.9,1.1,0.98,0.89,0.98,0.96,0.72,0.82,0.95,1.04,1.02,1.02,1.06,1.57,1.19,0.96,1.03,Huascar Brazoban,623211,SI,209,2026,0.75,4.9,1.7,3.5,1.1,18.9,7.5,10
0.93,0.96,1.01,0.93,0.73,1.12,1.3,1.47,1.0,1.07,1.01,1.02,0.88,0.88,0.87,0.98,1.36,Beau Brieske,689225,SI,257,2025,0.68,4.5,1.8,2.7,1.9,18.4,8.0,10
0.94,1.01,1.0,1.0,1.01,0.99,0.91,0.98,0.98,1.0,1.02,1.0,1.01,0.98,1.01,1.0,1.04,Jhony Brito,666745,SI,164,2024,0.76,7.9,3.6,5.1,2.8,27.6,12.5,10
1.04,0.97,1.0,1.0,0.99,1.0,0.98,0.97,0.94,0.99,1.03,1.0,1.01,0.96,1.01,1.0,1.01,Aaron Brooks,605156,SI,98,2024,0.81,20.5,8.8,13.5,6.2,69.7,27.1,6
0.7,1.19,0.98,1.02,1.48,0.83,0.44,0.7,0.77,0.99,1.0,1.02,1.09,1.05,0.99,0.82,1.42,Ben Brown,676962,SI,147,2026,0.49,13.4,8.1,10.3,6.3,49.7,26.6,10
0.85,1.45,0.93,1.04,1.12,0.68,0.85,1.01,1.01,1.0,1.08,1.02,1.24,1.21,0.92,0.98,1.27,Hunter Brown,686613,SI,1184,2025,0.92,24.0,1.9,18.2,2.1,95.8,9.5,10
1.04,1.05,1.01,0.89,0.78,1.09,0.72,1.7,1.12,1.02,0.93,1.0,0.7,0.91,1.03,1.02,1.22,JT Brubaker,664141,SI,229,2026,0.71,6.3,2.9,4.4,2.7,24.9,11.0,10
0.9,0.92,1.0,1.05,2.93,1.08,1.1,0.54,1.01,1.01,0.94,0.96,1.14,0.92,1.08,0.97,0.26,Justin Bruihl,677865,SI,210,2026,0.62,4.1,1.6,2.4,2.0,14.9,6.5,10
0.75,0.91,0.98,1.06,1.51,1.07,0.91,1.35,0.99,1.04,1.03,0.97,1.26,0.62,0.8,0.96,1.12,Kris Bubic,663460,SI,102,2026,0.71,22.2,3.1,15.9,4.2,87.2,10.6,10
0.63,0.78,0.99,1.02,1.08,0.87,0.61,1.72,1.02,0.96,0.83,1.0,0.89,0.65,0.92,0.97,1.72,Walker Buehler,621111,SI,147,2026,0.64,20.1,2.6,14.5,3.1,80.4,14.0,10
1.13,1.01,1.0,1.0,0.99,1.0,1.08,0.98,1.02,1.0,1.0,1.0,0.99,1.01,1.0,1.02,0.97,J.B. Bukauskas,656266,SI,43,2024,0.84,3.7,2.0,3.0,1.1,14.7,9.0,6
0.9,0.81,1.03,1.01,1.29,1.25,1.1,0.66,0.95,0.92,0.87,0.96,1.2,0.97,0.97,0.97,0.03,Aaron Bummer,607481,SI,109,2026,0.62,4.8,2.3,2.5,1.0,17.5,10.0,10
0.85,1.47,0.98,1.05,0.68,0.8,0.92,1.39,0.99,1.01,1.05,1.01,0.9,0.89,0.98,0.99,1.58,Brock Burke,656271,SI,50,2026,0.78,4.0,1.9,2.9,1.7,14.0,6.5,10
0.74,1.32,1.01,1.07,0.62,0.95,0.97,2.39,0.96,1.1,1.07,1.01,0.66,0.52,0.89,0.94,1.94,Sean Burke,680732,SI,167,2026,0.58,22.8,1.6,16.7,3.0,88.8,9.0,10
0.96,1.15,0.99,1.02,0.92,0.99,1.06,0.24,1.0,1.07,1.01,1.03,1.12,0.92,0.87,0.98,1.15,Corbin Burnes,669203,SI,325,2025,0.69,24.1,3.0,17.8,2.3,90.7,8.9,10
0.76,1.37,0.97,1.0,0.8,0.86,0.91,1.26,1.02,1.0,1.19,1.01,0.98,0.82,1.0,0.97,1.62,Mike Burrows,681347,SI,144,2026,0.68,24.8,3.2,17.2,2.2,91.8,6.0,10
1.05,1.3,1.01,1.0,1.4,0.95,0.83,0.81,1.08,1.0,1.03,1.0,1.1,1.08,0.97,1.0,1.1,Jose Butto,676130,SI,496,2026,0.81,4.8,1.8,2.3,0.9,18.5,6.2,10
1.24,1.17,1.04,1.0,0.83,1.01,1.3,1.75,1.05,1.02,1.02,1.02,0.72,0.44,1.12,1.06,1.23,Edward Cabrera,665795,SI,175,2026,0.85,22.6,3.9,16.4,3.3,87.1,10.9,10
1.05,1.01,1.0,0.93,0.82,1.08,1.19,1.3,1.0,1.03,0.99,1.02,0.88,1.03,1.01,1.02,1.2,Genesis Cabrera,650893,SI,394,2025,0.8,4.0,1.4,2.1,1.4,17.8,5.6,10
0.99,1.07,1.01,0.93,1.18,1.0,1.02,0.76,1.0,0.97,0.95,1.0,0.94,0.41,1.14,0.99,1.0,Griffin Canning,656288,SI,57,2026,0.63,19.7,4.8,13.6,4.2,77.0,18.1,10
1.06,0.88,1.03,0.96,1.02,1.09,1.32,1.01,1.0,0.99,0.98,0.99,0.9,0.85,1.0,1.01,0.89,Jonathan Cannon,686563,SI,957,2025,0.73,17.3,8.8,11.1,6.8,64.5,29.5,10
0.98,1.15,0.98,0.93,1.57,1.01,0.97,-1.06,0.9,0.93,1.04,1.01,1.38,1.45,1.05,0.92,-0.33,Yennier Cano,666974,SI,125,2026,0.57,3.5,1.3,2.1,1.8,12.8,4.8,10
0.97,1.0,1.0,1.0,1.03,1.01,0.97,1.01,1.03,1.0,1.0,1.0,0.99,0.99,1.0,1.01,1.0,Matt Carasiti,571539,SI,56,2024,0.76,6.1,2.6,3.3,1.4,24.1,6.6,7
1.04,0.9,1.02,1.05,0.84,1.0,1.22,0.94,1.0,0.97,1.01,0.97,0.75,0.93,0.93,1.03,0.87,Carlos Carrasco,471911,SI,464,2025,0.74,15.1,8.9,9.4,5.9,52.9,32.5,10
1.11,1.06,1.06,0.92,0.74,1.77,0.54,0.56,0.91,0.99,1.0,1.0,0.87,1.03,1.02,0.94,0.82,Blas Castano,680604,SI,74,2026,0.38,10.5,4.8,6.2,2.9,39.3,14.7,6
0.97,1.02,1.0,1.0,1.01,0.99,0.97,1.04,1.04,1.0,1.0,1.0,0.99,0.99,1.0,1.0,0.98,Humberto Castellanos,528748,SI,59,2024,0.74,6.9,5.6,4.3,3.0,26.6,19.0,7
0.97,0.99,1.0,1.0,0.99,1.0,0.97,0.99,0.98,1.0,0.99,1.0,1.0,0.97,1.0,0.99,0.99,Diego Castillo,650895,SI,45,2024,0.74,6.1,2.9,4.0,2.2,25.3,10.8,7
1.0,1.01,1.0,1.0,1.05,0.99,1.11,0.97,0.98,0.99,0.98,1.0,1.02,0.99,1.0,1.0,0.98,Jose Castillo,620454,SI,210,2025,0.79,5.5,2.5,3.7,1.5,21.0,13.8,10
1.32,0.89,1.0,0.87,1.1,1.14,0.96,0.49,1.03,0.95,1.1,1.02,1.02,0.65,1.21,1.09,0.66,Luis Castillo,622491,SI,182,2026,0.89,20.7,4.9,13.5,3.5,86.1,17.4,10
1.02,1.03,1.0,1.0,1.03,0.98,1.08,0.96,0.98,1.0,1.0,1.0,1.02,0.98,1.0,1.0,0.98,Miguel Castro,612434,SI,32,2024,0.79,5.9,2.8,3.2,1.5,21.5,10.1,10
0.99,0.96,1.01,1.0,1.16,1.06,1.0,1.21,0.98,0.99,1.09,1.02,0.94,0.8,0.96,0.99,1.08,Cade Cavalli,676917,SI,158,2026,0.7,22.6,4.6,15.1,4.7,84.9,14.6,10
1.0,1.26,0.98,1.0,1.12,0.92,0.99,1.73,0.99,1.09,0.98,1.03,0.96,1.18,0.76,0.99,1.82,Dylan Cease,656302,SI,104,2026,0.92,23.7,2.8,16.7,3.2,98.8,9.8,10
0.81,1.12,1.01,1.03,1.17,0.92,0.96,0.71,1.02,1.03,1.13,1.0,0.95,0.93,1.11,1.01,1.25,Slade Cecconi,677944,SI,188,2026,0.67,22.8,3.1,15.1,3.0,84.4,9.3,10
0.95,1.58,0.98,1.02,1.01,0.95,0.83,1.31,1.06,0.98,0.99,0.97,0.97,1.14,0.98,0.99,1.27,Andrew Chafin,605177,SI,629,2025,0.8,3.1,1.4,2.0,0.7,13.6,7.4,10
1.0,1.0,1.0,1.0,1.0,1.0,1.0,1.0,1.0,1.0,1.0,1.0,1.0,1.0,1.0,1.0,1.0,Bubba Chandler,696149,SI,54,2026,0.77,21.6,2.5,14.1,2.8,85.7,8.0,10
1.29,1.21,1.0,1.12,0.76,1.03,1.29,2.17,0.97,1.12,1.24,1.05,0.84,2.35,0.72,0.99,2.17,Aroldis Chapman,547973,SI,109,2026,1.11,3.9,1.0,2.7,0.5,15.9,3.6,10
0.96,0.97,1.0,1.0,0.98,1.0,0.96,1.11,1.01,1.0,1.0,1.0,0.97,1.0,1.01,1.0,1.01,JT Chargois,608638,SI,270,2024,0.75,3.3,0.8,2.6,0.8,10.8,4.9,10
1.0,0.73,1.01,0.97,0.8,1.03,1.28,1.51,1.0,0.95,0.86,0.96,0.89,0.68,1.06,1.01,1.0,Jesse Chavez,445926,SI,339,2025,0.77,7.8,3.9,5.0,2.5,30.0,16.3,10
1.0,0.98,1.0,1.0,0.96,1.0,1.11,1.02,1.01,1.0,1.01,1.0,0.97,0.99,1.01,1.02,1.0,Yonny Chirinos,630023,SI,153,2024,0.79,24.0,3.5,14.7,1.2,85.8,4.1,6
1.04,1.03,1.0,1.0,1.05,1.01,1.01,0.95,1.0,1.0,0.99,0.99,1.0,1.01,0.99,1.01,0.91,Adam Cimber,643256,SI,149,2024,0.8,4.3,0.9,2.4,1.1,16.8,4.7,10
0.94,1.05,1.0,1.0,1.19,0.99,1.05,1.02,0.95,1.0,1.0,1.0,1.02,1.01,1.01,0.98,1.01,Jose Cisnero,542585,SI,77,2024,0.75,5.5,1.8,3.2,1.1,22.4,8.8,10
1.14,1.05,1.01,0.89,0.58,1.11,1.53,2.63,1.06,1.04,0.93,0.97,0.68,0.89,0.93,1.04,1.68,Aaron Civale,650644,SI,179,2026,0.93,22.5,2.0,14.9,1.5,83.5,12.2,10
0.93,0.96,1.02,0.95,1.32,0.98,1.1,0.72,0.98,0.98,0.94,1.02,1.2,0.47,0.93,0.96,1.26,Taylor Clarke,664199,SI,63,2026,0.69,2.7,1.1,2.2,0.9,10.3,4.1,10
1.02,0.95,1.0,0.93,1.38,0.98,1.2,0.97,0.94,1.05,0.98,1.02,1.09,1.47,1.06,1.01,1.08,Garrett Cleavinger,664076,SI,422,2025,0.91,3.7,1.3,2.8,1.3,13.6,7.3,10
1.13,1.01,1.0,1.0,1.01,0.99,1.32,1.04,0.99,1.0,1.01,1.0,1.0,1.0,1.0,1.02,1.02,Mike Clevinger,605182,SI,27,2024,0.87,7.4,7.6,4.7,5.5,29.0,32.2,10
0.99,0.97,1.0,1.0,1.07,1.0,1.05,0.97,0.97,1.0,0.98,1.0,1.01,0.97,1.01,1.0,0.97,Alex Cobb,502171,SI,102,2024,0.78,20.7,0.6,16.7,2.5,80.7,1.2,3
0.54,0.8,0.98,0.99,0.94,1.07,0.54,0.6,1.17,1.04,0.79,1.01,1.25,0.54,1.07,0.77,0.67,Gavin Collyer,686560,SI,60,2026,0.03,4.9,2.0,3.0,2.1,20.4,7.9,10
0.97,1.04,1.0,1.0,0.98,1.0,0.94,0.98,0.97,1.0,1.0,1.0,0.99,0.97,0.99,1.0,1.06,Roansy Contreras,672710,SI,132,2025,0.77,8.9,4.0,6.5,4.4,33.0,16.5,10
1.13,0.96,1.02,1.04,1.04,1.15,1.16,1.39,1.06,0.95,1.05,0.97,0.84,0.51,0.98,1.07,1.45,Patrick Corbin,571578,SI,244,2026,0.84,21.2,1.6,14.7,2.3,78.0,8.3,10
0.98,1.01,1.0,1.0,1.06,0.99,1.02,1.04,1.02,1.0,1.01,1.0,0.99,0.99,0.99,1.0,0.96,Tom Cosgrove,676680,SI,86,2024,0.75,5.5,1.7,3.5,1.6,23.4,7.3,10
1.02,0.92,1.0,0.94,0.8,1.0,0.88,1.62,1.04,1.04,0.92,0.96,0.86,0.83,0.74,0.99,1.28,Danny Coulombe,543056,SI,205,2025,0.8,3.3,1.1,2.1,1.0,13.1,5.6,10
0.97,1.01,1.0,1.01,1.01,0.99,1.0,1.07,1.01,1.01,0.99,1.0,0.99,0.98,1.01,1.0,1.01,Jake Cousins,664776,SI,217,2024,0.76,3.6,0.8,2.4,1.5,16.9,5.8,10
0.91,0.97,1.0,1.0,0.97,1.01,0.91,1.0,1.0,1.0,0.99,1.0,0.99,0.96,0.99,1.0,1.03,Nabil Crismatt,622503,SI,135,2025,0.73,16.5,7.9,10.7,5.7,57.5,28.5,10
0.82,0.8,1.0,1.02,0.99,1.03,0.98,0.43,1.0,0.96,0.96,0.97,1.11,0.83,1.08,0.98,-0.42,Cooper Criswell,681867,SI,101,2026,0.54,4.4,1.8,2.7,1.6,17.0,5.4,10
1.05,1.47,0.97,1.06,1.03,0.9,0.96,0.99,1.07,1.09,0.95,1.02,1.01,1.58,1.07,1.02,1.1,Garrett Crochet,676979,SI,113,2026,0.89,23.6,2.3,17.2,4.8,91.3,15.2,10
0.96,0.94,1.0,0.99,1.3,1.01,0.87,0.86,0.96,1.03,0.99,1.0,1.03,1.02,0.98,0.99,0.9,Declan Cronin,686539,SI,443,2024,0.75,4.3,1.7,3.2,1.1,15.2,7.9,10
1.01,1.01,1.0,0.99,0.95,0.99,0.94,1.15,1.0,1.0,1.0,1.0,0.97,1.07,1.0,0.99,1.06,Hans Crouse,668968,SI,217,2024,0.77,4.6,1.5,2.9,1.6,19.1,5.3,10
1.29,0.85,1.0,1.0,0.94,0.95,0.54,1.8,1.52,1.08,1.06,0.99,0.76,0.89,1.0,1.15,1.06,Coleman Crow,689441,SI,37,2026,0.94,19.7,1.5,14.3,2.9,67.7,8.0,3
0.97,1.02,1.0,1.0,0.98,1.0,1.01,1.01,1.0,1.01,1.0,1.0,0.99,1.02,1.01,1.0,0.94,Jose Cuas,621016,SI,128,2024,0.75,6.0,2.2,3.1,1.9,24.2,12.4,10
0.99,0.96,1.0,0.99,0.96,1.01,1.05,1.07,1.0,1.0,1.0,1.0,0.99,0.97,1.01,1.0,1.01,Johnny Cueto,456501,SI,60,2024,0.76,24.5,3.5,18.0,2.8,83.5,0.7,2
1.03,1.01,1.0,1.0,1.05,1.01,1.14,1.07,0.97,1.01,1.0,1.0,1.02,0.99,1.01,0.99,1.03,Luis Curvelo,681168,SI,75,2025,0.79,4.6,2.3,3.1,2.2,17.8,8.3,10
1.13,0.97,1.0,1.0,0.98,1.02,1.07,1.07,1.05,1.0,1.0,1.0,0.96,0.97,1.01,1.03,1.03,Michael Darrell-Hicks,690382,SI,68,2025,0.84,6.1,2.3,4.1,1.6,22.6,9.5,7
0.91,1.06,0.99,1.05,0.93,0.96,1.18,1.13,0.94,1.02,1.03,1.0,1.09,1.19,1.05,0.96,0.96,Yu Darvish,506433,SI,442,2025,0.75,19.4,2.3,14.4,2.4,79.5,6.7,10
0.54,1.26,1.0,0.98,0.81,0.67,0.54,0.97,0.86,0.98,1.0,1.0,0.83,0.54,1.06,0.89,0.88,Nick Davila,689546,SI,24,2026,0.42,4.1,0.7,3.1,0.7,17.3,5.6,7
0.97,0.98,1.0,1.0,1.02,1.0,0.97,1.02,0.97,1.0,0.99,1.0,1.02,0.98,0.99,0.99,1.0,Austin Davis,656354,SI,53,2024,0.76,4.6,1.8,2.7,1.5,20.1,9.1,7
1.11,0.95,1.0,0.89,0.85,1.01,1.06,1.54,1.0,1.01,1.03,1.01,0.78,0.84,1.14,1.02,1.0,Noah Davis,663562,SI,240,2025,0.79,8.1,2.6,3.6,2.0,30.4,7.5,10
0.9,0.69,0.99,1.02,1.39,1.0,0.94,1.5,0.97,0.97,1.0,1.02,1.3,0.92,1.17,0.94,0.91,Yerry De los Santos,660787,SI,369,2026,0.75,6.9,3.6,4.5,3.2,28.6,15.1,10
1.14,1.0,1.0,1.0,0.99,1.02,1.22,1.07,1.0,1.0,1.01,1.0,0.98,0.98,1.01,1.02,1.03,Anthony DeSclafani,543101,SI,113,2025,0.85,13.4,2.9,9.5,2.6,50.7,13.8,10
0.97,1.12,1.0,0.98,0.97,0.98,0.94,1.06,0.99,0.98,1.09,1.02,1.08,1.01,0.88,1.0,1.28,Reid Detmers,672282,SI,29,2026,0.83,24.1,2.5,17.3,4.2,94.7,4.1,10
0.97,1.02,1.0,1.0,0.99,0.98,0.97,0.96,1.01,1.0,1.01,1.0,0.98,0.98,1.0,1.0,0.98,Jhonathan Diaz,646242,SI,36,2024,0.75,8.7,9.0,5.3,6.1,32.0,28.5,6
1.0,1.02,0.99,0.97,0.52,0.95,0.96,3.27,1.0,0.99,1.17,1.0,0.65,1.29,0.65,0.97,2.21,Dylan Dodd,689266,SI,276,2026,0.94,5.0,2.7,3.7,3.0,18.2,7.9,10
0.77,0.94,1.0,0.98,3.19,1.0,0.93,0.1,0.98,1.09,1.0,1.05,1.34,1.11,1.13,0.96,0.82,Chase Dollander,801403,SI,178,2026,0.63,18.9,7.6,13.2,6.3,74.2,31.7,10
1.18,0.92,1.01,1.0,1.07,1.2,1.12,0.88,1.05,1.01,1.01,1.04,0.9,0.98,1.02,1.06,1.26,Seranthony Dominguez,622554,SI,80,2026,0.81,3.9,1.4,2.8,0.4,15.8,7.4,10
0.95,1.04,1.01,0.96,1.59,1.13,0.86,1.04,0.98,1.16,1.1,1.04,1.05,1.36,0.57,0.94,0.52,Camilo Doval,666808,SI,141,2026,0.66,3.2,1.5,2.2,0.8,13.3,6.7,10
0.54,0.84,1.01,0.98,1.41,0.98,0.54,0.67,0.8,1.04,0.95,1.0,1.07,1.05,1.02,0.92,1.11,Shane Drohan,675660,SI,81,2026,0.54,9.8,5.7,7.3,4.1,36.6,19.1,10
0.94,0.99,1.0,1.0,1.1,0.99,0.94,0.99,1.01,1.0,0.99,1.0,1.01,0.99,1.01,0.99,1.01,Shawn Dubin,681869,SI,82,2025,0.73,5.2,2.5,3.3,1.3,20.5,9.8,10
1.1,0.86,1.01,1.07,0.9,1.06,1.28,0.72,0.99,0.99,0.92,0.97,0.92,1.06,0.98,1.02,1.04,Dane Dunning,641540,SI,750,2025,0.79,7.0,3.6,4.5,2.9,28.3,14.2,10
0.98,1.04,0.98,1.05,0.73,0.91,0.98,1.46,1.0,0.99,0.87,0.98,0.88,0.89,1.19,1.0,1.08,Connelly Early,813349,SI,186,2026,0.78,23.3,3.0,16.6,3.6,88.9,5.9,10
0.97,1.01,1.0,0.99,0.99,0.99,0.91,0.98,1.02,1.0,1.02,1.0,0.99,0.94,1.01,1.0,0.86,Scott Effross,664123,SI,74,2025,0.73,4.6,1.6,2.5,1.1,14.9,6.0,10
0.97,1.1,1.01,1.02,1.08,1.02,1.0,0.68,1.0,0.98,1.06,0.98,1.04,0.98,1.06,0.99,0.78,Zach Eflin,621107,SI,910,2025,0.7,20.9,5.6,14.0,5.5,78.2,19.1,10
1.02,1.09,0.99,1.01,0.98,0.98,1.12,0.92,0.94,0.99,1.01,1.0,1.02,0.96,1.01,0.97,1.01,Brandon Eisert,685126,SI,41,2025,0.75,4.6,2.1,2.7,1.5,20.9,8.5,10
0.89,1.02,1.01,0.97,1.06,1.12,1.2,0.61,0.97,0.95,0.94,0.98,0.89,1.04,0.94,1.04,1.04,Bryce Elder,693821,SI,252,2026,0.73,24.4,3.9,17.8,3.4,85.4,13.0,10
1.03,1.03,1.0,1.0,0.99,1.0,1.14,0.98,1.0,1.01,0.98,1.0,1.02,0.99,1.0,1.03,0.99,Fraser Ellard,686642,SI,49,2025,0.85,4.6,2.4,2.6,1.9,20.6,11.0,10
1.01,0.98,1.0,0.99,1.05,1.0,1.05,0.92,0.99,0.99,1.0,1.0,1.01,0.96,1.0,1.01,0.95,Kent Emanuel,592288,SI,175,2024,0.79,5.2,2.4,3.5,2.2,19.5,9.8,10
1.38,0.93,1.03,0.98,0.73,1.31,1.16,1.51,1.01,1.02,1.17,0.98,0.66,0.9,1.05,1.06,1.73,Mason Englert,669438,SI,54,2026,0.87,7.2,5.2,4.4,3.9,25.7,17.5,10
0.87,1.39,0.96,1.06,1.04,0.75,0.94,1.16,0.99,0.98,1.3,1.0,1.16,1.0,1.07,0.98,1.37,Nathan Eovaldi,543135,SI,83,2026,0.85,26.2,1.8,18.8,3.3,92.9,6.0,10
0.7,1.04,0.99,1.02,1.85,0.81,0.7,0.85,0.96,0.86,1.09,1.03,1.2,1.11,0.98,0.88,1.47,Lucas Erceg,668674,SI,94,2026,0.59,4.6,1.3,2.4,1.0,17.0,6.0,10
0.98,1.02,1.0,1.0,0.97,0.98,1.12,1.06,0.97,1.0,1.01,1.0,0.99,0.99,1.0,0.99,1.04,Joey Estes,683155,SI,79,2024,0.77,20.2,4.7,12.9,4.7,74.2,16.5,10
1.02,0.97,1.0,0.99,0.97,1.03,1.13,1.01,1.04,0.99,0.98,1.0,0.95,0.95,1.02,1.01,0.96,Logan Evans,688138,SI,225,2025,0.74,20.6,3.6,14.3,2.5,81.4,13.7,10
0.97,1.01,1.0,1.0,1.01,1.03,0.97,0.97,1.03,1.0,1.0,1.0,0.99,0.99,1.0,1.01,1.01,Alex Faedo,656412,SI,53,2024,0.75,6.5,2.0,3.9,1.9,29.4,7.5,10
1.02,1.01,1.0,1.0,0.95,0.99,1.0,1.08,0.99,1.01,1.01,1.0,0.99,1.01,1.01,1.01,0.99,Buck Farmer,571656,SI,278,2024,0.81,3.5,0.5,2.2,1.2,15.3,4.2,10
1.09,0.76,1.01,1.03,0.84,1.1,1.15,1.89,1.06,0.94,0.87,1.0,0.77,0.57,0.62,1.04,1.08,Erick Fedde,607200,SI,251,2026,0.81,21.5,2.2,14.5,3.6,85.5,8.2,10
0.79,0.73,1.0,1.01,1.64,1.01,0.98,1.17,0.94,1.11,1.06,1.01,0.92,1.17,0.76,0.99,0.97,Ryan Feltner,663372,SI,58,2026,0.71,20.0,5.7,14.0,4.9,73.8,18.4,10
0.85,1.31,0.97,1.0,1.44,0.82,0.84,0.67,1.04,1.02,1.03,1.0,1.16,1.17,0.97,0.96,1.15,Caleb Ferguson,657571,SI,345,2026,0.75,4.2,1.2,3.1,1.2,15.3,4.3,10
0.94,1.45,0.98,0.97,2.22,1.01,0.85,0.11,0.99,1.0,1.02,1.01,1.26,1.47,1.05,0.98,0.91,Tyler Ferguson,621053,SI,327,2025,0.78,4.4,2.1,3.0,1.8,16.9,9.2,10
0.66,0.8,0.99,0.93,0.94,0.94,0.78,0.83,0.94,0.98,1.15,1.04,1.11,1.26,1.23,0.9,0.89,Jose A. Ferrer,678606,SI,258,2026,0.5,3.3,1.6,2.5,1.0,12.7,6.1,10
1.02,1.0,1.0,1.01,1.04,1.0,0.91,1.05,1.0,1.01,1.01,1.0,1.0,0.99,0.98,0.99,1.09,David Festa,701581,SI,112,2025,0.77,20.9,3.0,14.9,2.5,81.5,7.2,10
1.0,1.0,1.0,1.0,1.0,1.0,1.0,1.0,1.0,1.0,1.0,1.0,1.0,1.0,1.0,1.0,1.0,Matt Festa,670036,SI,23,2026,0.77,3.7,2.0,2.2,1.8,14.2,8.6,10
0.91,1.09,1.0,1.0,1.24,0.97,0.91,0.98,1.0,1.0,1.03,1.0,1.02,1.03,0.98,0.99,1.08,Richard Fitts,690916,SI,66,2025,0.74,17.0,5.5,11.2,4.8,66.1,22.0,10
1.0,1.0,1.0,1.0,1.0,1.0,1.0,1.0,1.0,1.0,1.0,1.0,1.0,1.0,1.0,1.0,1.0,Jack Flaherty,656427,SI,43,2026,0.77,20.4,3.1,13.3,4.0,86.4,10.8,10
1.12,1.44,0.98,0.99,1.16,1.09,1.22,0.28,1.02,0.8,1.01,0.96,1.21,0.52,1.11,1.06,0.34,Josh Fleming,676596,SI,232,2026,0.84,7.9,5.5,4.7,3.7,30.1,22.0,10
0.95,0.98,1.0,1.0,0.99,0.99,0.94,1.03,1.01,0.99,0.98,0.99,0.98,0.95,1.0,1.0,1.01,Dylan Floro,571670,SI,499,2024,0.75,5.5,3.4,3.5,2.2,20.6,13.0,10
1.01,0.97,1.0,1.0,0.99,1.02,0.98,0.98,1.02,0.99,1.01,1.0,1.0,1.0,1.01,1.01,0.98,Jason Foley,671345,SI,499,2024,0.77,3.3,1.1,2.3,1.3,12.1,4.4,10
1.0,1.0,1.0,1.0,1.0,1.0,1.0,1.0,1.0,1.0,1.0,1.0,1.0,1.0,1.0,1.0,1.0,J.P. France,641585,SI,6,2026,0.77,16.9,8.5,10.4,5.2,65.9,31.6,10
1.11,0.92,1.0,1.02,1.33,0.95,1.27,1.11,1.04,1.02,1.11,0.98,0.93,0.67,0.93,1.03,1.02,Kyle Freeland,607536,SI,23,2026,0.83,22.5,1.7,14.6,2.3,85.0,5.7,10
0.97,0.98,1.0,1.0,1.01,0.99,0.97,1.0,1.0,1.0,1.02,1.0,0.99,0.98,1.0,1.01,1.03,Luis Frias,666818,SI,24,2024,0.78,5.0,1.7,2.4,1.7,21.9,10.7,10
0.66,1.08,0.99,1.02,1.46,0.9,0.67,0.09,0.93,0.97,1.04,0.99,1.29,1.18,0.73,0.92,0.59,Max Fried,608331,SI,202,2026,0.6,23.9,4.7,18.2,4.6,91.4,12.5,10
1.01,1.14,1.0,1.0,0.77,1.03,0.83,1.25,1.0,1.01,1.06,0.99,0.85,1.01,0.97,1.01,1.12,Carson Fulmer,608334,SI,461,2025,0.76,9.0,5.5,6.4,4.0,34.3,23.3,10
0.98,0.83,0.99,1.1,1.21,0.9,0.89,0.58,1.0,1.08,0.77,0.99,1.08,0.57,1.03,1.01,0.96,Kody Funderburk,681892,SI,102,2026,0.76,4.1,2.0,2.9,1.9,14.5,7.3,10
0.97,1.08,1.0,0.98,1.08,0.98,0.94,1.42,1.0,1.0,0.99,0.99,0.84,0.9,0.84,1.01,1.24,Matt Gage,657424,SI,20,2026,0.79,3.2,1.4,2.1,1.5,12.4,7.3,10
0.89,2.05,0.99,1.03,0.71,0.94,1.14,1.0,1.03,1.01,1.1,1.0,0.55,0.89,0.79,1.02,1.88,Zac Gallen,668678,SI,50,2026,0.66,22.0,4.7,14.7,2.9,85.1,14.4,10
0.97,1.01,1.0,1.0,1.01,1.0,0.97,1.04,1.01,1.0,1.0,1.0,1.01,0.99,1.0,1.0,1.0,Gerson Garabito,642520,SI,54,2024,0.76,8.4,5.8,4.8,3.3,31.3,19.1,10
0.75,0.59,1.03,0.86,1.17,1.04,0.81,0.6,0.96,1.04,0.93,1.04,1.24,0.45,1.04,0.93,0.35,Brandyn Garcia,805299,SI,232,2026,0.49,2.8,1.1,1.7,0.9,9.7,5.0,10
0.9,0.74,1.01,1.03,0.71,1.08,0.95,1.87,1.02,1.01,1.11,1.01,0.66,0.77,1.0,1.02,1.47,Luis Garcia,472610,SI,122,2026,0.67,4.5,1.4,2.5,1.6,16.7,4.4,10
0.95,1.31,0.99,0.93,0.98,0.93,0.85,0.74,1.01,1.06,1.03,1.02,0.98,1.07,1.15,0.99,0.97,Yimi Garcia,554340,SI,150,2025,0.71,4.2,1.5,2.6,0.7,17.8,10.6,10
1.36,0.82,1.02,1.04,0.8,1.08,0.94,2.06,1.04,1.01,0.97,0.97,0.43,1.16,1.03,1.06,0.95,Braxton Garrett,666129,SI,230,2026,0.88,20.9,5.7,13.7,6.8,79.6,15.2,9
0.81,1.29,0.99,0.96,1.04,1.01,0.8,0.95,1.08,1.04,1.04,1.03,0.92,1.24,1.1,1.0,1.02,Reed Garrett,657585,SI,359,2025,0.63,4.6,1.2,2.2,1.0,18.2,5.7,10
0.94,0.98,1.0,1.0,0.99,0.96,0.94,1.04,0.99,1.0,1.01,1.0,0.99,1.02,1.0,0.99,1.0,Robert Gasser,688107,SI,97,2024,0.75,20.3,4.2,14.1,3.8,74.2,13.9,9
0.94,0.98,1.0,0.99,1.08,1.0,0.99,0.99,1.07,1.0,0.98,1.0,1.01,0.96,1.01,1.0,1.01,Cade Gibson,806188,SI,212,2025,0.72,5.5,3.5,3.3,2.2,23.4,15.7,10
1.02,1.03,1.02,1.08,1.03,1.12,1.13,0.56,1.0,0.98,0.91,0.98,0.91,0.78,0.95,1.0,0.96,Kyle Gibson,502043,SI,827,2025,0.64,21.8,5.4,13.7,5.6,82.1,17.1,10
1.16,1.31,1.0,1.04,1.01,0.96,0.54,0.75,0.94,0.97,0.93,1.0,1.09,0.83,1.0,0.93,0.95,Trey Gibson,694346,SI,60,2026,0.73,18.3,7.4,12.0,6.1,72.3,37.2,3
0.54,0.94,0.99,1.03,1.21,1.0,2.41,1.27,0.82,1.06,0.77,1.0,1.04,0.54,0.97,0.95,1.17,Luis Gil,661563,SI,44,2026,0.58,22.2,2.1,15.9,2.7,86.8,5.7,10
1.08,1.05,1.0,0.93,0.86,1.06,1.11,1.42,0.98,0.99,1.04,0.97,0.97,1.04,1.15,1.01,0.82,Tyler Gilbert,656457,SI,334,2026,0.84,4.5,3.1,3.0,1.8,17.9,13.6,10
0.95,0.93,0.98,1.09,1.21,0.87,0.85,0.54,1.0,1.01,1.03,1.01,1.17,0.9,0.99,0.98,1.19,Kevin Ginkel,656464,SI,13,2026,0.76,3.1,0.9,2.0,0.8,12.9,3.2,10
1.03,1.12,1.01,1.04,0.88,0.98,1.36,0.24,0.99,0.91,0.95,1.01,0.91,1.65,1.04,1.04,0.52,J.T. Ginn,669372,SI,333,2026,0.79,21.3,5.4,15.9,5.7,81.9,17.2,10
0.96,1.03,1.0,1.01,0.99,0.98,1.02,0.93,0.99,1.0,1.03,1.0,1.01,0.97,1.0,0.99,0.97,Sawyer Gipson-Long,687830,SI,85,2025,0.74,16.6,5.8,11.9,4.5,57.8,18.9,8
1.04,0.99,1.0,1.17,0.78,0.96,0.87,1.85,0.97,1.14,0.86,1.01,0.93,1.58,0.71,0.97,1.87,Tyler Glasnow,607192,SI,152,2026,0.93,21.1,7.1,16.0,6.5,84.3,30.8,10
0.99,1.3,0.98,1.05,0.62,0.93,0.92,1.66,0.98,1.08,1.05,1.0,0.82,1.12,1.12,0.98,1.51,Yoendrys Gomez,672782,SI,74,2026,0.78,3.9,1.9,3.0,1.6,15.9,8.3,10
0.97,1.03,1.0,1.0,0.99,1.0,0.97,1.05,1.02,1.0,1.01,1.0,0.99,0.97,1.0,1.0,1.02,Marco Gonzales,594835,SI,47,2024,0.75,21.4,3.1,14.7,3.6,77.9,11.3,7
1.52,0.87,1.01,0.97,0.67,0.94,0.54,1.57,1.49,1.01,1.09,1.0,0.83,0.82,1.11,1.27,0.92,Domingo Gonzalez,682445,SI,22,2026,1.26,6.0,1.4,3.8,1.0,22.5,9.6,4
1.01,0.99,1.0,1.0,0.98,1.02,0.99,1.02,0.96,1.0,0.99,1.0,1.0,1.01,1.02,1.0,1.0,Victor Gonzalez,624647,SI,182,2024,0.79,3.9,1.4,2.7,1.2,13.9,4.7,10
1.08,1.67,1.0,1.06,1.6,0.94,0.95,1.33,0.99,0.96,0.91,0.97,0.86,0.74,1.03,1.01,1.64,Colton Gordon,676467,SI,26,2026,0.85,13.3,5.2,8.5,4.6,52.2,20.6,10
1.9,1.11,1.04,0.99,0.94,1.56,2.04,1.22,1.64,0.99,1.06,0.99,0.74,0.96,0.88,1.26,1.44,Tanner Gordon,685299,SI,47,2026,1.11,17.4,5.8,11.5,3.1,66.0,14.5,10
0.54,1.36,0.99,1.04,1.62,0.94,0.54,1.55,1.17,0.99,1.06,1.01,0.97,1.1,0.95,1.04,1.4,MacKenzie Gore,669022,SI,70,2026,0.69,21.0,5.7,14.8,5.8,88.0,22.0,10
1.0,1.0,1.0,1.0,1.0,1.0,1.0,1.0,1.0,1.0,1.0,1.0,1.0,1.0,1.0,1.0,1.0,Andre Granillo,701552,SI,26,2026,0.77,5.7,3.2,3.0,2.1,23.0,10.3,10
1.17,1.05,1.01,1.0,0.96,1.04,0.91,1.0,1.08,1.0,0.99,1.0,0.96,1.02,1.0,1.02,1.03,Kendall Graveman,608665,SI,127,2025,0.81,4.2,1.4,2.4,0.7,17.4,7.8,10
1.23,0.6,1.01,1.02,1.19,0.94,1.42,1.18,1.06,1.09,1.0,0.98,0.94,1.33,0.74,1.04,1.02,Sonny Gray,543243,SI,130,2026,0.99,20.7,3.9,14.6,3.8,78.3,15.6,10
0.84,1.51,0.97,0.99,0.97,0.81,1.32,1.1,0.95,0.96,1.01,0.98,1.14,1.39,0.99,0.87,1.2,Foster Griffin,656492,SI,122,2026,0.68,23.6,2.2,16.6,2.4,92.6,6.7,10
1.03,0.98,1.0,1.0,0.99,0.98,1.14,1.06,0.98,1.0,1.0,1.0,0.98,1.02,0.98,1.0,1.07,Michael Grove,675627,SI,182,2024,0.8,5.1,2.5,3.5,2.2,18.4,7.8,10
1.01,0.7,1.01,0.99,1.26,0.99,0.85,0.75,0.97,0.96,0.94,0.96,1.06,0.93,0.89,0.99,0.9,Sean Guenther,674944,SI,153,2025,0.79,4.6,2.0,3.2,1.9,16.1,8.0,10
1.22,1.03,1.0,1.06,1.21,0.91,0.54,1.17,1.2,1.0,0.99,1.03,0.84,1.27,0.97,1.06,1.35,Tyron Guerrero,594027,SI,72,2026,0.9,4.0,2.1,2.3,1.6,16.0,10.5,6
1.06,0.98,1.0,1.0,1.06,1.0,0.99,0.98,1.03,1.01,1.0,1.0,1.01,1.01,1.01,1.01,1.01,Ryan Gusto,687473,SI,185,2025,0.8,16.6,9.4,11.4,6.6,65.7,37.3,10
1.09,1.07,0.97,1.05,0.42,0.92,1.74,2.95,0.93,1.02,1.22,1.02,0.54,2.25,0.67,0.97,1.61,Josh Hader,623352,SI,1284,2025,0.99,5.1,1.7,3.9,1.4,22.7,8.7,10
1.4,0.98,1.0,1.0,0.94,1.06,1.35,1.15,1.06,1.0,0.99,1.0,0.94,1.09,0.99,1.06,1.06,Justin Hagenman,663795,SI,96,2025,1.0,11.0,5.3,8.0,3.4,42.4,23.4,9
1.01,0.98,1.0,1.0,1.1,1.02,1.11,0.97,0.99,1.01,1.0,1.0,1.02,0.96,1.01,1.0,0.96,Jesse Hahn,534910,SI,42,2025,0.77,7.0,1.7,5.0,1.7,25.7,5.9,3
1.06,1.05,0.99,1.09,1.06,1.06,0.86,1.38,0.99,0.98,0.81,1.01,1.15,0.8,1.05,0.97,1.37,DL Hall,669084,SI,176,2026,0.81,4.8,1.9,3.5,1.4,20.8,8.8,10
0.93,1.05,1.0,0.89,0.9,1.01,0.92,1.39,1.03,1.0,0.94,1.01,0.96,0.97,1.09,1.01,1.04,Ian Hamilton,641656,SI,458,2025,0.77,3.9,2.2,2.4,1.6,14.5,9.0,10
1.03,0.8,1.02,0.96,1.17,1.04,1.1,0.18,0.95,1.08,1.24,1.01,1.05,0.65,1.2,1.02,0.11,Emerson Hancock,676106,SI,234,2026,0.65,23.3,2.8,17.7,1.9,90.5,5.9,10
0.73,0.91,1.01,0.96,1.37,1.04,0.75,0.23,0.96,0.96,1.04,1.01,1.1,0.75,1.08,0.96,0.53,Brenan Hanifee,669724,SI,98,2026,0.49,4.5,2.5,3.3,2.7,14.3,8.2,10
1.0,1.0,1.0,1.0,1.0,1.0,1.0,1.0,1.0,1.0,1.0,1.0,1.0,1.0,1.0,1.0,1.0,Kyle Harrison,690986,SI,12,2026,0.77,20.5,2.2,15.2,3.2,87.7,9.7,10
1.0,0.98,1.0,1.0,0.94,0.99,1.01,1.09,0.97,1.0,0.98,1.0,0.97,0.97,1.01,0.99,1.02,Kyle Hart,606996,SI,149,2025,0.76,5.0,3.2,3.5,2.4,19.1,12.0,10
1.06,1.01,1.0,1.0,0.99,1.01,0.97,0.99,0.98,1.0,1.01,1.0,0.98,0.99,0.99,1.01,0.99,Geoff Hartlieb,664129,SI,37,2024,0.81,7.4,2.8,4.1,2.0,27.3,9.1,9
1.06,1.02,1.0,1.0,0.98,0.99,1.07,1.01,1.0,1.0,1.0,1.0,1.0,1.03,1.01,1.0,0.99,Grant Hartwig,701643,SI,41,2024,0.8,7.8,3.3,4.8,1.3,29.5,13.6,4
0.96,0.97,1.0,1.0,1.07,1.01,1.03,0.99,0.96,1.01,1.0,1.0,1.03,0.96,0.99,1.0,1.03,Thomas Hatch,641672,SI,103,2025,0.78,13.0,6.7,8.6,4.9,51.1,27.2,10
0.54,1.34,1.0,1.04,1.01,0.97,0.54,0.77,1.28,1.04,1.15,1.0,0.67,1.38,1.0,1.13,1.39,Brent Headrick,687396,SI,53,2026,0.64,4.4,1.3,2.8,1.0,15.9,5.9,10
1.05,1.03,1.0,1.0,1.01,1.0,1.18,0.96,0.96,1.01,1.0,0.99,1.01,0.98,1.03,1.01,0.92,Andrew Heaney,571760,SI,231,2025,0.82,14.6,6.3,8.7,4.0,57.0,21.5,10
1.0,1.0,1.0,1.0,1.0,1.0,1.04,0.99,1.02,1.0,1.0,1.0,0.99,0.99,1.0,1.01,1.0,Ben Heller,621294,SI,64,2024,0.78,8.1,2.0,4.0,1.9,31.4,7.4,8
1.03,1.02,0.97,0.86,0.8,0.95,1.13,1.43,0.99,0.96,1.06,0.93,0.88,0.74,0.92,0.99,0.99,Kyle Hendricks,543294,SI,1741,2025,0.81,22.4,2.2,15.8,3.7,82.2,12.3,10
0.72,1.33,0.96,1.02,1.12,0.87,0.81,0.7,0.93,1.11,1.17,1.07,1.52,1.15,1.06,0.9,1.48,Edgardo Henriquez,683618,SI,94,2026,0.72,4.6,1.6,3.3,0.8,17.8,7.5,10
1.04,0.97,1.0,1.0,0.97,1.01,1.01,1.05,0.96,1.0,1.0,1.0,0.98,0.96,1.0,1.0,1.03,Tommy Henry,674072,SI,122,2024,0.79,18.9,5.3,11.9,3.4,73.1,20.9,10
0.87,0.76,0.99,1.09,0.64,0.9,1.05,1.61,1.01,0.99,0.88,0.99,0.79,0.71,0.76,0.98,1.65,Sam Hentges,656529,SI,89,2026,0.71,4.1,1.9,2.4,1.3,17.9,9.4,10
1.23,0.63,1.04,0.8,0.74,1.17,0.79,1.19,0.99,1.12,0.85,0.97,0.79,0.7,1.09,1.06,0.04,Jimmy Herget,623474,SI,64,2026,0.8,4.7,1.5,2.2,0.6,19.2,6.5,10
1.13,1.0,1.0,1.0,0.97,1.0,1.32,1.08,1.02,1.0,1.0,1.0,0.99,0.99,0.99,1.01,1.03,Elieser Hernandez,622694,SI,18,2024,0.84,7.1,6.7,4.8,5.4,27.9,24.5,9
1.1,1.04,1.0,1.0,0.99,1.03,1.12,0.93,1.02,1.0,1.0,1.0,1.01,1.01,1.01,1.01,0.99,Jonathan Hernandez,642546,SI,285,2024,0.81,5.4,3.0,3.8,1.8,20.2,8.9,10
0.97,1.11,1.0,1.01,1.94,0.92,0.93,0.23,0.94,1.02,0.96,1.0,1.22,1.03,1.02,0.97,0.72,Tim Herrin,682120,SI,69,2026,0.76,3.4,0.5,1.9,0.9,13.1,3.6,10
0.61,1.06,1.0,0.98,1.0,0.92,0.71,1.49,0.99,0.86,0.91,1.05,0.84,0.53,1.15,0.95,0.98,Jordan Hicks,663855,SI,193,2026,0.45,4.0,1.4,1.7,1.1,15.8,8.4,10
0.88,0.84,1.01,0.92,0.7,1.06,1.01,1.35,0.97,1.07,1.15,1.04,0.88,0.7,1.06,0.96,1.12,Jaden Hill,677955,SI,67,2026,0.57,3.6,1.3,2.6,1.5,14.4,7.1,10
0.65,0.97,0.99,1.02,2.41,1.04,0.74,-0.16,0.86,0.95,1.18,0.94,1.35,0.68,1.08,0.94,-0.71,Tim Hill,657612,SI,236,2026,0.48,3.5,1.9,1.6,1.3,11.9,6.4,10
0.96,0.81,1.01,1.05,1.21,0.98,0.9,0.76,0.99,1.03,0.9,1.01,1.1,0.8,0.96,1.0,0.87,Sean Hjelle,663546,SI,792,2025,0.75,5.7,4.1,3.0,2.6,20.4,13.7,10
1.04,0.8,1.01,0.99,0.97,1.03,0.89,0.64,0.99,0.92,0.99,1.0,1.05,0.78,1.11,1.02,0.92,Bryan Hoeing,663773,SI,464,2025,0.76,4.8,1.0,3.5,1.2,17.5,3.4,10
1.05,1.0,1.0,1.0,1.0,0.99,1.18,1.03,0.99,1.01,1.0,1.0,1.02,0.99,1.0,1.01,1.05,Gunnar Hoglund,680684,SI,90,2025,0.83,23.0,2.4,16.0,1.1,91.0,5.9,6
1.02,1.23,1.0,1.01,1.16,1.01,1.13,0.84,0.98,1.04,0.99,1.03,1.04,1.29,1.17,0.98,0.86,Colin Holderman,670059,SI,166,2026,0.74,3.5,1.3,2.7,1.3,15.4,6.5,10
0.94,1.08,1.0,1.0,1.01,0.98,0.94,0.95,0.99,1.01,0.99,1.0,1.03,1.11,1.01,0.99,0.96,Gavin Hollowell,668970,SI,36,2025,0.76,6.6,3.3,4.0,2.1,27.6,12.3,9
0.94,0.82,1.01,0.92,1.05,1.07,0.84,0.48,0.9,0.98,1.0,1.0,1.04,1.01,1.08,0.98,0.36,Clay Holmes,605280,SI,417,2026,0.66,23.7,2.0,17.8,2.2,90.3,7.8,10
0.54,0.77,1.02,0.97,1.88,1.11,0.54,1.04,0.88,1.02,0.94,1.0,1.0,0.8,0.97,0.94,0.99,Grant Holmes,656550,SI,65,2026,0.48,22.1,3.9,15.4,2.9,82.9,10.5,10
1.04,0.94,1.01,1.01,1.22,1.08,1.01,1.08,0.98,0.96,1.02,0.98,1.02,1.16,1.03,1.0,1.19,Tyler Holton,663947,SI,80,2026,0.82,4.5,1.0,3.2,1.6,16.9,5.7,10
1.03,0.99,1.0,1.0,1.03,0.99,1.14,0.95,1.03,1.0,1.0,1.0,1.01,0.96,0.99,1.0,1.03,Bailey Horn,690544,SI,44,2025,0.77,5.0,1.8,3.0,1.7,22.4,7.7,10
1.12,1.03,1.0,1.0,1.08,1.03,1.07,0.98,1.04,1.0,1.0,1.0,1.01,1.04,0.98,1.01,1.03,Cade Horton,690990,SI,97,2025,0.82,17.5,6.3,14.1,5.4,64.7,23.2,10
1.07,1.32,1.01,0.96,0.91,1.09,1.33,0.75,0.97,1.01,0.98,1.0,0.98,1.03,1.1,1.03,0.62,Tanner Houck,656557,SI,1173,2025,0.79,22.0,2.7,14.5,4.8,80.6,13.3,10
1.11,0.92,1.02,1.05,0.91,1.01,1.18,1.15,1.11,1.01,0.96,1.01,0.93,0.66,1.06,1.03,1.01,Adrian Houser,605288,SI,420,2026,0.75,23.0,2.7,15.3,2.7,83.5,8.9,10
0.99,0.97,1.01,1.0,1.12,1.02,1.0,0.94,1.01,0.99,1.0,1.0,1.01,0.94,0.98,1.01,0.95,Dakota Hudson,641712,SI,490,2024,0.76,22.2,3.8,15.1,4.5,81.2,11.7,10
1.05,1.0,1.0,1.0,0.98,1.0,0.97,1.0,1.0,1.0,1.01,1.0,0.99,1.0,1.0,1.0,1.01,Daniel Hudson,543339,SI,51,2024,0.79,4.3,0.8,2.5,0.7,16.3,4.4,10
1.1,1.04,1.0,1.0,0.96,0.99,1.02,1.08,1.04,1.0,1.0,1.0,0.99,0.98,1.01,1.03,1.01,Brandon Hughes,676714,SI,94,2024,0.86,6.7,3.2,3.9,1.4,26.1,11.6,10
0.87,0.92,0.99,0.95,2.07,0.92,0.77,0.4,0.98,0.95,1.01,0.98,1.11,0.72,1.07,0.94,0.32,Brant Hurter,676428,SI,210,2026,0.57,5.6,3.0,4.5,2.6,19.9,9.3,10
1.29,0.85,1.0,0.96,1.34,1.06,0.54,1.05,1.03,0.95,1.0,1.0,1.21,1.07,1.09,1.07,0.87,Tatsuya Imai,837227,SI,55,2026,1.07,17.7,5.3,12.6,6.2,80.6,23.2,7
0.44,1.14,1.02,0.98,0.99,1.03,0.44,0.92,0.65,1.07,1.06,0.98,1.07,1.03,1.05,0.8,1.17,Shota Imanaga,684007,SI,81,2026,0.34,24.3,2.5,18.0,2.4,91.4,9.0,10
1.05,1.01,1.0,1.0,0.99,0.99,1.14,1.07,1.05,0.99,1.01,1.0,1.0,0.95,1.0,1.01,1.06,Cole Irvin,608344,SI,410,2024,0.8,10.1,6.1,6.1,4.4,37.3,23.4,10
1.47,0.72,1.0,1.11,0.88,1.05,1.37,1.56,0.97,1.05,0.97,0.98,0.85,0.77,1.03,1.1,1.02,Jake Irvin,663623,SI,228,2026,1.11,20.8,2.9,14.0,2.4,85.5,9.8,10
0.97,0.98,1.0,1.0,1.0,0.98,0.97,1.04,1.03,1.0,1.0,1.0,0.99,0.97,1.0,0.99,1.02,Jay Jackson,543351,SI,25,2024,0.73,5.4,1.9,3.5,1.8,21.0,9.4,10
0.95,0.93,0.99,1.14,0.79,0.9,0.88,1.29,1.06,1.03,0.92,0.91,0.87,0.92,1.21,1.0,0.85,Alek Jacob,689690,SI,165,2025,0.73,6.1,3.2,3.9,2.3,22.6,11.4,10
1.03,1.0,1.0,1.0,1.01,0.99,1.1,0.98,1.03,1.0,1.0,1.0,0.99,1.01,1.0,1.02,0.95,Joe Jacques,682175,SI,32,2024,0.8,8.0,1.4,4.0,0.0,25.0,11.3,2
1.01,1.28,1.0,1.08,0.98,1.01,1.08,1.38,1.0,1.04,1.06,1.0,0.92,1.48,0.54,1.0,1.52,Kenley Jansen,445276,SI,27,2026,0.89,3.4,1.1,2.7,1.1,14.0,4.4,10
0.95,0.98,1.01,0.94,0.98,1.01,1.16,0.93,1.02,0.96,0.95,1.0,0.9,0.86,1.01,1.01,1.13,Bryce Jarvis,686826,SI,190,2025,0.71,8.6,6.5,5.3,5.3,35.7,26.1,10
1.02,1.08,1.01,0.94,0.94,1.04,0.94,1.25,1.0,1.02,0.95,0.99,0.91,1.09,0.97,1.01,1.2,Cristian Javier,664299,SI,12,2026,0.81,18.6,5.8,12.1,5.3,70.8,21.2,10
0.73,0.91,0.98,1.0,2.09,0.9,0.87,0.43,0.91,1.16,1.0,1.03,1.26,1.33,1.07,0.93,1.52,Griffin Jax,643377,SI,92,2026,0.7,9.9,6.2,7.3,4.9,37.1,19.2,10
0.97,1.0,1.0,1.0,1.05,1.01,0.97,1.01,0.98,1.0,1.01,1.0,1.01,1.01,1.0,0.99,1.0,Tyler Jay,664079,SI,81,2024,0.75,7.2,3.0,4.0,2.3,30.6,8.4,5
0.99,0.99,1.0,1.0,0.96,1.0,1.05,1.04,1.03,1.0,1.0,1.0,0.99,1.0,1.0,1.01,1.02,Daulton Jefferies,641726,SI,103,2024,0.77,12.2,3.3,7.0,1.9,46.8,10.5,6
1.1,1.03,1.0,0.99,0.98,1.05,1.04,0.91,1.05,1.01,1.01,1.0,1.0,1.07,1.01,1.02,1.03,Jackson Jobe,695549,SI,116,2025,0.81,21.6,2.3,14.6,2.2,87.3,6.6,10
1.02,0.55,1.02,0.96,1.02,1.04,1.02,1.59,1.0,1.03,1.03,0.99,0.85,0.57,0.98,1.03,0.69,Ryan Johnson,696270,SI,99,2026,0.76,7.9,5.3,4.2,2.5,29.8,19.5,10
0.95,1.12,1.0,1.07,1.37,0.89,0.85,0.33,0.98,0.92,1.03,1.02,1.13,1.49,0.94,0.97,0.85,Ben Joyce,690829,SI,224,2025,0.76,4.1,0.9,2.5,1.3,13.7,3.2,10
1.02,0.96,1.01,0.96,0.67,1.17,0.82,1.32,1.01,0.98,1.05,0.98,0.89,0.95,0.97,1.03,0.88,Jakob Junis,596001,SI,66,2026,0.76,4.7,2.5,3.5,2.0,16.7,9.5,10
0.54,0.8,1.0,1.0,0.88,0.82,0.54,0.9,0.98,1.0,1.17,1.0,0.84,0.77,0.95,0.94,1.33,Janson Junk,676083,SI,24,2026,0.46,23.6,3.4,16.7,2.2,87.4,13.0,10
1.22,1.38,1.01,0.95,2.29,1.09,1.29,0.67,0.85,1.01,1.13,1.01,1.09,1.19,1.03,1.06,0.83,Anthony Kay,641743,SI,197,2026,1.03,21.8,3.4,14.6,3.3,88.9,7.9,10
1.03,1.7,0.96,0.95,1.4,0.83,1.04,0.64,1.0,1.04,0.92,1.03,1.19,1.44,0.87,0.98,1.47,Brad Keller,641745,SI,77,2026,0.94,4.2,1.3,2.5,0.5,17.3,3.0,10
0.72,1.01,1.0,1.04,1.13,1.03,0.89,1.15,0.99,1.08,0.94,0.98,0.87,1.19,0.98,0.99,0.95,Mitch Keller,656605,SI,171,2026,0.63,23.3,1.6,16.9,3.2,87.4,9.9,10
0.94,0.99,1.0,1.0,1.09,0.98,0.94,0.96,0.97,1.0,1.0,1.0,1.03,0.98,1.01,0.98,0.99,Joe Kelly,523260,SI,162,2024,0.73,4.7,2.5,2.8,1.3,18.9,10.8,10
1.23,1.06,0.99,1.1,1.32,0.98,1.18,0.43,1.0,0.93,1.01,0.98,1.12,1.14,1.11,1.03,-0.49,Kevin Kelly,687330,SI,229,2026,0.84,3.4,1.6,2.8,1.5,13.5,7.1,10
1.32,0.9,1.02,0.95,0.96,1.02,1.33,0.52,1.07,1.03,1.04,0.99,0.86,0.44,1.11,1.12,0.87,Merrill Kelly,518876,SI,79,2026,0.92,25.2,2.9,17.3,4.3,92.5,9.2,10
1.16,1.26,0.99,1.05,1.34,0.88,0.54,0.65,1.34,1.0,0.94,1.01,1.0,0.89,1.03,1.16,1.21,Zack Kelly,677161,SI,48,2026,1.0,3.9,1.6,2.4,0.8,15.6,7.2,10
0.9,1.34,0.97,0.98,2.2,0.95,0.83,1.23,1.01,1.05,0.99,1.03,1.06,0.82,1.14,0.95,1.38,Orion Kerkering,689147,SI,76,2026,0.68,3.5,1.2,2.1,1.1,14.8,5.6,10
0.98,0.99,1.0,0.99,0.98,0.99,1.05,0.98,1.01,0.99,0.99,0.99,0.98,1.01,0.99,1.01,0.98,Dallas Keuchel,572971,SI,175,2024,0.78,19.8,2.5,13.0,2.6,77.0,12.5,4
0.68,1.39,0.99,0.94,1.25,0.97,0.81,-0.18,0.96,1.0,1.06,0.98,1.13,1.47,0.9,0.92,0.19,John King,667463,SI,104,2026,0.49,3.8,1.9,2.5,1.0,13.4,6.6,10
1.49,0.94,1.0,0.93,0.79,1.03,1.52,1.8,0.96,1.04,0.85,1.0,0.77,1.48,1.15,1.1,0.54,Michael King,650633,SI,289,2026,1.18,23.1,2.1,17.3,2.8,92.5,10.0,10
0.97,1.01,1.01,1.03,0.92,1.1,1.02,0.45,1.01,1.06,1.05,1.03,1.06,0.92,1.1,0.99,1.02,George Kirby,669923,SI,216,2026,0.63,25.4,2.2,19.0,3.2,92.7,6.1,10
0.99,1.0,1.0,0.99,1.16,1.0,1.05,1.01,1.03,0.99,1.01,1.0,1.01,0.97,1.01,1.0,0.97,Austin Kitchen,685116,SI,64,2024,0.75,10.5,4.9,5.5,1.3,39.5,17.3,4
0.98,1.13,0.98,1.02,1.4,0.89,0.88,0.48,1.02,1.06,1.02,1.01,1.18,0.98,1.08,0.97,1.28,Andrew Kittredge,552640,SI,73,2026,0.76,4.0,1.8,2.2,1.0,13.8,4.8,10
1.1,1.05,1.04,0.98,1.71,1.15,1.01,-0.11,0.85,0.98,1.02,1.02,1.24,1.19,0.87,1.0,0.6,Jack Kochanowicz,686799,SI,411,2026,0.81,24.2,3.7,16.6,4.2,88.6,13.1,10
0.94,0.84,0.99,0.98,0.84,0.93,0.89,1.58,0.97,1.04,0.95,1.01,0.98,1.36,0.97,0.98,1.17,Jared Koenig,657649,SI,1191,2026,0.84,3.9,0.7,2.7,1.5,15.3,4.1,10
0.86,1.01,1.0,0.98,0.97,1.04,0.73,0.75,0.97,1.01,1.06,1.0,0.98,0.77,0.98,0.95,0.6,Stephen Kolek,663568,SI,99,2026,0.54,24.7,2.6,19.3,3.9,91.2,10.4,10
0.97,0.89,0.99,0.96,0.89,0.92,0.86,1.58,1.09,1.0,1.0,0.99,0.9,0.75,0.98,1.01,1.27,Dean Kremer,665152,SI,840,2025,0.78,19.7,6.7,14.8,6.2,80.9,27.0,10
1.0,0.95,1.0,1.0,1.0,1.03,1.11,1.01,1.04,1.0,0.99,1.0,0.98,0.99,1.01,1.02,0.97,Chad Kuhl,641771,SI,218,2024,0.77,5.3,2.1,3.0,1.6,22.0,6.6,10
0.76,1.08,1.01,1.03,1.26,0.92,0.36,0.5,1.06,1.03,1.07,1.01,1.08,0.99,0.97,1.03,0.96,Joel Kuhnel,669270,SI,175,2026,0.71,4.6,2.2,2.9,1.7,17.1,7.9,10
0.95,0.79,1.0,1.0,0.83,0.92,1.22,1.22,1.03,0.99,0.94,0.96,0.9,0.88,1.14,1.0,0.9,Joe La Sorsa,686747,SI,179,2025,0.73,5.0,3.1,3.3,1.9,15.8,7.3,10
0.54,1.31,1.0,0.99,1.88,1.05,0.54,0.26,0.54,1.0,1.04,1.0,1.27,0.78,0.98,0.91,1.32,Peter Lambert,663567,SI,57,2026,0.64,21.4,5.6,14.6,5.5,85.1,22.3,10
1.22,1.1,1.0,0.99,0.65,1.08,1.02,0.85,1.02,0.98,0.96,1.02,0.66,1.63,1.1,1.03,0.9,Alex Lange,656638,SI,103,2026,0.78,4.0,1.3,2.5,1.2,15.5,4.8,10
0.94,1.01,1.01,1.0,1.03,1.05,0.94,0.98,1.04,1.0,1.03,1.0,0.98,1.01,1.0,1.01,0.99,Sauryn Lao,666659,SI,27,2025,0.72,6.1,3.1,3.8,1.4,23.1,13.5,8
1.01,1.0,1.0,1.0,1.08,1.02,0.94,0.96,1.01,1.0,1.0,1.0,1.02,0.98,1.0,1.02,1.03,Andry Lara,691251,SI,41,2025,0.81,8.6,3.8,4.2,2.4,28.2,12.1,9
0.96,1.01,1.0,1.0,1.01,1.0,0.94,1.06,0.98,1.0,1.01,1.0,1.0,1.0,0.99,1.0,1.04,Derek Law,571882,SI,135,2024,0.77,4.5,2.0,3.4,1.6,17.7,6.6,10
1.05,0.98,1.0,1.0,0.96,1.0,1.01,0.98,1.01,1.0,1.0,0.99,0.97,0.95,1.01,1.03,0.96,Casey Lawrence,596271,SI,110,2025,0.83,13.3,8.9,8.7,5.2,46.0,30.1,6
1.17,1.12,1.01,1.01,1.11,1.0,1.14,1.22,1.0,1.11,0.99,1.02,0.94,0.92,1.14,1.05,0.24,Justin Lawrence,664875,SI,164,2026,0.86,4.7,2.3,2.7,1.3,16.9,7.2,10
0.92,1.02,1.0,1.12,1.08,1.05,0.98,0.93,1.0,1.0,1.1,1.0,1.03,0.67,0.91,1.03,1.46,Kyle Leahy,681517,SI,130,2026,0.77,22.5,2.5,15.1,1.8,86.5,8.2,10
0.99,1.06,1.0,0.99,0.98,1.02,1.05,1.01,0.99,1.01,1.01,1.0,0.98,1.03,0.99,0.98,1.02,Jose Leclerc,600917,SI,84,2024,0.72,4.6,2.0,2.8,1.3,22.9,9.8,10
1.23,0.9,1.0,0.92,0.9,1.02,1.11,1.38,1.04,1.05,0.99,0.96,0.89,1.05,0.68,1.04,0.66,Chase Lee,695445,SI,251,2026,0.95,4.8,1.9,2.6,1.9,19.1,6.4,10
1.12,1.04,0.97,1.05,1.97,0.96,0.98,1.3,1.01,1.07,0.94,1.0,1.15,0.71,1.21,1.02,1.23,Casey Legumina,668984,SI,78,2026,0.92,5.3,1.8,3.4,1.7,18.8,8.3,10
1.09,1.11,0.98,1.05,0.75,1.02,0.95,1.91,0.98,1.1,1.09,1.02,0.87,0.4,0.95,1.02,1.82,Jack Leiter,683004,SI,87,2026,0.85,24.3,2.6,16.7,3.2,94.8,7.2,10
0.86,0.85,0.98,1.03,0.87,0.85,1.07,2.38,1.05,0.93,0.99,0.98,0.69,0.63,1.01,1.02,1.53,Mark Leiter,643410,SI,104,2026,0.79,4.3,1.8,2.8,1.4,15.5,5.1,10
1.04,1.0,1.0,1.0,0.99,0.99,1.05,0.95,0.99,1.0,1.01,1.0,1.01,0.97,1.0,1.01,1.0,Dominic Leone,608678,SI,31,2024,0.81,3.7,1.6,2.0,0.9,16.8,8.6,10
1.12,0.69,1.03,0.99,0.68,1.14,1.34,2.07,1.02,0.96,1.11,1.01,0.71,0.62,0.89,1.03,1.85,Matthew Liberatore,669461,SI,95,2026,0.81,22.4,1.8,15.1,2.3,87.0,12.2,10
1.68,0.92,1.0,0.97,0.59,1.12,1.52,1.94,1.01,0.9,1.14,0.98,0.58,0.49,0.98,1.11,1.52,Zack Littell,641793,SI,131,2026,1.11,21.4,4.7,14.6,3.7,76.9,18.9,10
0.97,1.05,1.01,0.87,1.66,1.01,0.87,-0.09,0.99,0.97,0.86,1.0,1.28,1.95,0.97,0.99,0.58,Brendon Little,663893,SI,1002,2026,0.85,4.0,2.2,2.3,1.3,15.7,8.2,10
0.99,0.81,0.99,1.08,0.81,0.99,1.06,1.67,0.99,0.97,1.1,0.98,0.94,0.98,0.94,0.98,1.23,Ben Lively,594902,SI,891,2025,0.79,20.1,3.6,14.4,2.5,81.0,17.6,10
0.78,1.4,0.99,1.0,2.26,0.89,1.0,0.88,0.99,1.06,1.11,1.04,1.08,1.42,1.14,0.92,1.04,Jonathan Loaisiga,642528,SI,106,2026,0.61,2.8,1.1,2.0,1.1,11.1,6.0,10
1.52,0.66,1.01,0.98,0.83,1.05,1.35,1.75,1.01,1.08,1.06,1.0,0.73,0.75,1.23,1.12,0.7,Nick Lodolo,666157,SI,105,2026,1.08,21.5,5.8,15.3,4.5,82.8,21.4,10
1.04,0.97,1.0,0.99,0.96,0.99,1.05,1.13,1.03,1.0,1.0,1.0,0.98,0.96,1.0,1.01,1.01,Sam Long,669674,SI,84,2025,0.8,4.1,1.4,2.1,0.9,17.5,7.8,10
1.15,0.91,0.99,1.1,0.59,0.87,1.26,1.96,1.03,0.94,0.89,0.96,0.9,0.86,1.19,1.01,0.92,Jacob Lopez,682052,SI,55,2026,0.91,19.7,5.9,13.3,4.4,79.2,22.4,10
1.03,1.01,0.99,1.01,0.8,1.02,0.95,0.85,1.02,0.95,0.97,1.01,1.01,1.17,1.09,1.01,1.06,Jorge Lopez,605347,SI,396,2025,0.78,3.6,1.4,2.4,1.2,14.2,7.8,10
1.04,1.23,0.99,1.1,0.9,0.92,1.09,0.75,1.0,0.96,1.1,1.0,0.98,1.1,0.99,1.01,1.0,Pablo Lopez,641154,SI,311,2025,0.8,22.3,2.9,15.7,2.6,89.1,12.6,10
0.58,0.96,1.0,0.86,1.55,1.01,0.65,0.35,0.96,1.05,1.16,1.01,1.29,0.95,1.22,0.9,0.48,Brad Lord,695418,SI,137,2026,0.43,8.4,3.0,6.2,2.3,34.5,9.7,10
1.05,0.81,1.03,0.91,1.97,1.08,1.0,0.57,1.03,1.01,1.0,1.0,1.0,0.66,1.01,1.04,1.16,Michael Lorenzen,547179,SI,157,2026,0.77,20.7,6.5,13.5,4.8,78.0,25.3,10
0.84,1.38,0.98,1.14,1.26,1.01,0.86,0.66,1.01,1.04,0.9,0.97,1.05,1.54,0.93,1.0,0.63,Richard Lovelady,663992,SI,112,2026,0.74,4.1,1.2,2.2,1.7,15.9,6.8,10
1.23,1.12,1.02,0.96,1.01,1.06,0.73,1.52,1.01,1.05,0.95,0.99,0.74,0.53,1.21,1.04,0.99,Rhett Lowder,695076,SI,193,2026,0.8,21.0,4.5,14.7,4.7,82.9,15.1,10
1.2,1.66,1.0,0.97,1.19,1.1,1.08,0.95,0.98,1.03,0.97,0.98,1.09,0.62,1.04,1.04,1.46,Joey Lucchesi,664192,SI,440,2026,0.94,4.7,1.1,2.1,1.4,20.8,5.9,10
1.22,0.66,1.01,0.93,0.9,1.03,1.18,1.53,1.04,1.08,0.99,0.98,0.74,1.02,1.07,1.1,1.12,Seth Lugo,607625,SI,223,2026,0.99,24.5,2.4,17.9,2.9,90.9,6.4,10
0.85,1.38,0.97,1.01,1.15,0.79,0.92,0.65,0.91,1.02,0.95,1.01,1.22,1.41,1.1,0.91,1.39,Daniel Lynch IV,663738,SI,103,2026,0.76,4.4,1.1,2.8,1.0,16.9,7.5,10
1.0,1.05,1.0,1.0,0.98,0.98,1.08,1.03,1.01,1.01,1.01,1.0,0.98,0.98,0.98,1.0,1.01,Lance Lynn,458681,SI,339,2024,0.77,22.2,2.3,15.8,3.4,88.1,6.4,10
0.96,0.99,1.0,1.0,0.98,0.99,0.94,0.99,1.0,1.0,1.0,1.0,0.98,1.0,1.0,0.99,1.01,Kenta Maeda,628317,SI,140,2024,0.73,8.0,5.1,4.9,3.7,32.2,22.2,10
1.02,0.98,0.99,1.07,0.92,0.95,0.84,0.91,1.03,0.94,1.0,0.96,1.01,0.82,1.27,1.02,0.61,Sean Manaea,640455,SI,114,2026,0.76,13.4,5.5,8.3,3.3,53.8,20.9,10
1.06,0.99,1.0,1.1,0.58,1.1,0.93,1.91,1.01,0.96,0.94,0.94,0.89,1.52,0.88,1.0,1.73,Alek Manoah,666201,SI,163,2026,0.93,17.9,9.1,11.8,7.1,69.1,34.7,8
1.2,0.88,1.0,0.97,0.91,1.22,0.94,0.38,0.94,0.99,0.98,0.95,1.03,0.51,1.22,1.03,0.28,Joe Mantiply,573009,SI,118,2026,0.72,3.7,1.1,2.7,1.1,13.8,4.8,10
1.03,0.56,1.0,0.85,0.56,1.03,1.06,1.91,1.0,0.99,1.08,1.0,0.7,0.5,1.04,1.0,1.6,German Marquez,608566,SI,52,2026,0.72,21.8,2.8,14.4,4.2,83.7,9.6,10
1.02,0.95,1.0,1.0,1.02,1.01,1.08,0.93,1.04,1.01,1.0,1.0,0.99,0.97,1.01,1.02,1.0,Alec Marsh,679525,SI,299,2024,0.78,19.4,5.3,13.0,4.7,77.1,21.3,10
0.94,1.04,1.0,1.0,0.99,0.98,0.94,0.99,0.99,1.0,1.0,1.0,1.02,1.0,1.0,0.98,0.99,Jose Marte,665896,SI,91,2024,0.73,6.1,2.1,4.2,1.5,23.8,7.5,10
0.96,1.03,1.0,1.0,1.03,0.99,1.0,0.96,1.01,1.01,1.0,1.0,1.01,1.05,1.01,1.0,1.02,Yunior Marte,628708,SI,182,2024,0.76,6.5,2.1,3.0,1.8,25.0,6.5,10
1.01,1.15,0.99,1.03,0.94,0.99,0.94,1.12,1.0,1.01,1.06,1.01,0.95,1.2,0.98,1.0,1.13,Chris Martin,455119,SI,20,2026,0.79,4.5,1.5,2.3,0.7,15.4,5.6,10
0.85,0.83,1.0,0.99,0.91,1.11,0.8,1.88,1.02,1.09,1.16,0.99,0.91,0.67,0.99,0.97,1.12,Davis Martin,663436,SI,163,2026,0.63,24.2,1.5,18.9,1.7,91.4,7.7,10
0.92,1.04,1.0,0.99,2.65,0.91,0.9,0.66,0.99,0.98,0.96,1.06,1.25,1.19,1.04,0.98,0.99,Justin Martinez,679885,SI,611,2025,0.8,4.2,2.1,2.5,1.5,17.7,8.7,10
0.85,1.04,0.98,0.93,0.69,0.93,0.89,1.34,1.03,1.06,1.08,0.99,0.9,0.66,1.0,0.96,1.61,Nick Martinez,607259,SI,292,2026,0.65,24.4,3.0,18.1,3.0,83.5,7.5,10
0.94,1.02,1.0,1.01,1.08,1.02,0.91,0.9,0.99,0.99,1.01,1.0,1.01,1.0,1.0,0.99,0.92,Seth Martinez,661527,SI,186,2025,0.71,5.1,1.7,3.0,1.2,20.3,10.2,10
1.0,1.05,0.99,1.09,1.11,0.94,0.93,0.97,1.0,1.03,0.9,0.95,1.09,1.13,0.97,1.0,0.97,Phil Maton,664208,SI,34,2026,0.86,4.2,0.9,2.6,0.7,16.3,3.5,10
1.0,1.0,1.0,1.0,1.0,1.0,1.0,1.0,1.0,1.0,1.0,1.0,1.0,1.0,1.0,1.0,1.0,Yuki Matsui,673513,SI,8,2026,0.77,7.2,2.6,5.2,1.3,26.6,8.8,10
1.43,0.65,0.98,1.01,0.68,0.93,1.15,2.68,1.05,1.01,1.04,1.0,0.64,1.42,1.04,1.03,1.57,Steven Matz,571927,SI,353,2026,1.09,18.5,6.7,13.3,6.1,73.6,26.4,10
1.04,0.87,1.02,1.04,1.43,1.23,1.27,0.44,1.01,1.08,1.1,1.03,1.06,0.99,1.17,1.04,0.79,Dustin May,669160,SI,163,2026,0.7,23.6,2.1,17.0,3.1,89.4,7.3,10
0.95,1.05,0.99,1.08,0.95,0.96,0.98,1.38,1.02,0.95,0.97,1.01,0.86,1.49,1.01,0.96,1.19,Tim Mayza,641835,SI,260,2026,0.71,4.6,2.8,3.5,2.2,16.8,9.9,10
0.97,1.0,0.99,0.99,1.02,0.96,0.91,1.01,1.03,1.01,1.03,1.0,1.02,0.98,0.99,0.99,1.07,Adam Mazur,800049,SI,78,2025,0.75,21.4,5.3,13.5,3.5,74.2,19.5,10
1.03,0.99,1.0,1.01,1.05,0.99,1.02,0.97,0.99,1.01,1.0,1.0,1.01,1.0,1.01,1.0,1.0,James McArthur,663704,SI,322,2024,0.79,3.9,1.0,2.1,1.8,15.8,3.0,10
0.94,1.01,1.0,1.0,1.01,0.99,1.04,1.06,1.0,1.0,1.0,1.0,0.99,0.97,1.01,1.0,1.01,Darren McCaughan,670766,SI,245,2025,0.75,13.9,6.9,9.3,4.3,50.9,25.5,10
0.98,0.7,1.0,0.95,1.46,1.15,1.1,1.21,1.02,0.95,0.87,0.97,1.07,1.01,1.03,1.0,0.78,Lance McCullers,621121,SI,158,2026,0.76,19.6,5.4,13.3,4.5,78.0,21.7,10
1.06,0.98,1.0,0.99,1.32,1.0,1.08,0.91,0.96,1.0,0.99,1.0,1.03,1.03,0.98,0.99,0.98,Garrett McDaniels,680729,SI,79,2025,0.8,5.0,1.6,3.0,2.1,19.1,5.3,10
0.36,1.06,1.02,1.03,8.21,1.01,0.36,0.96,0.88,1.03,1.03,1.0,1.08,1.21,1.04,0.92,0.48,Trevor McDonald,686790,SI,254,2026,0.46,21.2,7.2,16.2,5.8,74.6,24.2,9
0.96,1.01,1.02,0.84,2.0,0.98,0.87,0.05,0.97,0.95,1.03,0.96,1.18,0.86,1.12,0.98,0.55,T.J. McFarland,519008,SI,541,2025,0.7,2.7,2.1,1.3,0.7,10.9,8.3,10
1.11,0.99,1.0,1.0,0.97,0.99,1.06,0.98,1.01,1.01,1.0,1.0,0.99,1.0,1.01,1.01,1.0,Easton McGee,668834,SI,71,2025,0.82,6.4,3.7,4.1,2.1,22.9,13.7,10
0.97,1.01,1.0,1.0,1.01,1.0,0.97,0.98,1.01,1.0,1.0,1.0,1.01,0.99,1.0,0.99,1.04,Scott McGough,543518,SI,37,2025,0.74,6.1,2.6,3.2,1.8,23.6,11.1,10
0.83,0.92,0.99,1.04,2.61,1.01,0.74,0.77,0.97,1.01,1.07,0.96,1.04,0.94,0.78,0.96,0.75,Michael McGreevy,700241,SI,162,2026,0.65,21.8,1.9,16.2,2.0,86.5,7.7,10
0.92,1.24,0.98,0.99,1.05,0.95,1.07,0.81,0.95,1.0,0.94,1.01,1.1,1.26,1.18,0.95,0.73,Nolan McLean,690997,SI,385,2026,0.7,23.5,4.0,17.1,3.6,92.4,8.4,10
1.52,0.8,1.04,1.01,0.76,1.2,1.6,0.94,0.7,1.0,1.11,1.0,0.83,0.68,0.95,1.11,1.43,Nick Mears,683232,SI,41,2026,1.16,4.1,1.5,2.2,1.4,16.7,7.3,10
1.05,0.98,1.0,1.0,0.94,0.99,1.11,1.1,0.97,1.01,1.0,1.0,0.99,0.97,1.02,0.99,0.99,Victor Mederos,682989,SI,173,2025,0.79,11.3,7.7,6.8,4.4,44.6,26.8,10
1.16,0.8,1.01,0.96,1.08,1.04,0.94,0.77,1.03,1.12,0.93,1.03,0.84,0.7,1.0,1.05,1.56,Luis Medina,665622,SI,135,2026,0.81,6.5,3.2,4.5,2.6,25.3,12.2,10
0.99,1.2,0.99,1.12,1.19,0.96,1.03,0.67,0.95,1.0,1.06,1.01,1.07,1.16,1.02,0.99,1.02,Tylor Megill,656731,SI,374,2025,0.78,21.8,2.0,15.0,3.5,88.8,11.7,10
0.54,1.37,0.97,0.97,0.64,0.77,0.54,1.56,0.54,1.06,1.08,1.01,0.92,1.18,0.87,0.72,0.97,Juan Mejia,675848,SI,49,2026,0.38,4.7,1.4,2.9,1.5,20.2,7.3,10
1.15,0.99,1.0,1.01,0.97,1.01,1.09,0.95,0.96,1.0,0.99,1.0,0.99,0.97,1.0,1.01,1.02,Troy Melton,675512,SI,69,2025,0.85,12.5,7.3,9.1,5.4,44.1,23.1,10
0.91,0.86,1.02,1.01,1.17,0.98,0.93,1.62,1.05,0.93,1.06,0.98,0.87,0.87,0.89,1.05,1.4,Parker Messick,800048,SI,174,2026,0.85,23.0,2.4,17.6,3.1,91.5,10.3,10
1.14,1.28,1.01,1.02,1.06,0.97,1.1,1.39,0.99,1.07,0.93,1.06,1.01,1.96,0.98,1.01,0.83,Luis Mey,682825,SI,95,2026,0.97,5.7,2.3,3.5,1.9,25.5,6.5,10
0.83,0.99,0.98,0.95,1.32,0.91,0.85,0.42,0.93,1.12,1.07,1.0,1.24,0.5,1.1,0.96,1.15,Max Meyer,676974,SI,117,2026,0.68,23.2,2.1,16.7,2.5,90.7,8.4,10
1.3,0.89,1.0,0.97,0.86,0.93,1.23,1.8,1.01,0.98,1.24,0.99,0.84,0.85,1.02,0.99,1.3,Miles Mikolas,571945,SI,209,2026,0.9,17.1,2.8,12.2,2.6,65.9,13.7,10
1.11,0.93,0.97,1.03,0.97,0.94,0.9,1.01,0.85,1.02,1.04,1.01,1.13,1.38,1.05,0.99,0.98,Spencer Miles,693686,SI,210,2026,0.96,10.6,5.1,7.9,3.4,41.0,20.4,10
1.06,1.02,1.01,1.04,0.95,1.04,1.26,1.05,0.98,1.02,1.07,1.04,0.9,0.95,0.95,1.02,1.39,Bobby Miller,676272,SI,181,2025,0.79,19.9,5.0,12.1,4.3,80.4,18.9,10
1.0,0.72,1.02,1.0,1.1,1.05,1.06,0.96,0.99,1.05,0.93,1.01,0.99,0.78,0.99,1.03,1.25,Bryce Miller,682243,SI,7,2026,0.79,20.9,2.6,15.8,2.1,80.9,10.0,10
1.05,0.55,0.97,1.04,1.27,0.89,0.97,1.25,0.99,1.08,0.95,1.03,1.1,1.24,1.15,0.99,1.22,Erik Miller,669062,SI,157,2026,0.88,4.0,0.7,2.6,0.8,19.1,5.0,10
1.03,1.09,1.01,1.06,1.03,1.0,0.93,0.62,1.05,0.87,0.94,0.94,1.01,0.97,1.14,1.04,0.07,Hoby Milner,571948,SI,168,2026,0.76,3.9,1.9,2.9,1.7,15.6,7.5,10
1.01,1.2,0.99,1.06,0.94,0.93,0.98,1.66,0.99,1.04,1.25,1.0,0.99,1.11,0.95,0.96,1.92,Casey Mize,663554,SI,71,2026,0.84,20.9,4.8,16.5,4.7,77.5,19.5,10
0.92,0.92,1.01,1.02,1.09,1.1,0.82,0.8,1.03,0.92,0.88,1.01,0.89,0.54,1.12,1.03,0.87,Carmen Mlodzinski,669387,SI,183,2026,0.62,21.8,2.8,15.1,2.0,85.0,8.5,10
0.89,0.85,0.99,0.72,1.27,0.96,0.91,0.2,0.96,1.12,0.91,0.97,1.09,1.06,1.05,0.98,-0.25,Sam Moll,594580,SI,158,2026,0.66,3.3,1.2,2.8,1.6,13.6,6.0,10
1.04,0.94,1.01,0.92,0.84,1.0,1.0,1.04,1.01,1.01,1.03,1.02,0.94,0.85,0.99,1.0,1.12,Frankie Montas,593423,SI,629,2025,0.75,19.4,4.2,12.9,3.9,78.8,13.9,10
0.85,0.81,1.0,1.0,1.36,0.96,0.76,1.24,0.98,1.03,1.0,1.01,1.0,0.79,1.0,0.93,1.53,Keider Montero,672456,SI,168,2026,0.62,22.4,2.4,17.1,2.3,79.8,8.3,10
0.95,1.43,1.0,0.97,0.89,0.97,0.85,0.89,0.99,1.03,1.07,1.01,1.01,0.85,1.06,0.99,1.04,Rafael Montero,606160,SI,216,2025,0.72,3.8,1.8,2.4,1.8,15.0,6.0,10
0.98,1.05,1.0,1.01,0.94,1.0,1.04,1.05,1.05,1.0,1.01,1.0,0.97,1.02,1.0,1.02,1.05,Jordan Montgomery,656756,SI,596,2024,0.78,18.8,6.5,12.8,3.9,71.3,22.6,10
0.54,1.89,0.99,0.98,0.94,0.81,0.54,1.05,1.49,1.05,0.98,1.01,1.11,1.17,0.99,0.98,1.27,Luis Morales,806960,SI,37,2026,0.5,21.2,3.4,14.4,4.7,85.2,12.1,10
1.0,1.0,1.0,1.0,1.0,1.0,1.0,1.0,1.0,1.0,1.0,1.0,1.0,1.0,1.0,1.0,1.0,Jovani Moran,663558,SI,10,2026,0.77,4.7,2.1,3.1,1.4,19.9,9.4,10
0.56,0.92,0.97,0.98,1.5,0.74,0.53,1.14,0.98,1.11,1.1,1.06,1.15,1.47,1.03,0.92,1.24,Adrian Morejon,670970,SI,222,2026,0.65,3.2,0.9,2.4,1.1,12.5,5.1,10
0.77,1.24,0.96,0.94,1.75,0.83,0.89,0.53,0.95,1.0,1.02,1.03,1.24,1.01,1.07,0.94,0.86,David Morgan,688158,SI,90,2026,0.68,6.0,1.7,3.5,1.6,23.8,11.7,10
1.02,0.89,1.0,0.99,1.08,1.0,0.54,1.02,1.17,0.97,1.11,1.01,0.97,1.43,0.9,1.13,1.5,Andrew Morris,702193,SI,60,2026,1.02,4.0,1.5,2.4,0.8,16.2,9.0,10
1.05,0.75,1.03,0.96,1.32,1.1,1.1,0.72,0.99,1.01,0.98,1.0,1.0,0.88,1.12,1.0,0.8,Charlie Morton,450203,SI,665,2025,0.7,18.8,6.2,11.8,5.3,75.1,23.5,10
0.82,1.52,0.98,1.03,2.02,0.83,0.83,0.79,1.01,1.0,0.85,1.05,1.07,1.64,1.04,1.01,0.98,Andres Munoz,662253,SI,50,2026,0.84,4.4,1.2,2.5,0.7,15.4,5.5,10
1.14,0.8,1.01,0.96,0.81,1.14,1.26,1.2,1.0,1.03,0.94,1.02,0.86,1.0,1.05,1.03,0.95,Roddery Munoz,682610,SI,387,2025,0.79,6.7,2.8,3.8,1.6,30.5,11.1,10
1.0,1.0,1.0,1.0,1.0,1.0,1.0,1.0,1.0,1.0,1.0,1.0,1.0,1.0,1.0,1.0,1.0,Rolddy Munoz,691548,SI,15,2026,0.77,8.2,4.1,3.8,2.6,31.8,15.1,4
1.05,1.03,1.0,1.0,1.0,1.0,0.91,0.97,1.02,1.0,0.99,1.0,0.98,1.04,0.99,1.0,0.93,Noah Murdock,668716,SI,221,2025,0.77,6.8,2.8,3.4,1.9,27.4,13.0,10
0.94,1.0,1.0,1.0,0.96,1.01,0.94,0.96,1.07,1.0,1.0,1.0,0.98,0.97,0.98,1.01,0.94,Penn Murfee,682171,SI,34,2025,0.72,4.4,2.5,2.4,1.2,16.2,8.8,10
0.97,0.99,1.0,1.0,1.0,0.98,0.97,1.01,1.02,1.0,1.0,1.0,1.0,0.99,0.99,0.99,1.02,Parker Mushinski,656786,SI,22,2024,0.74,5.0,2.7,3.4,2.1,19.4,13.0,10
0.82,0.84,1.01,0.96,1.15,1.0,0.77,1.3,1.03,1.03,0.94,1.01,0.76,0.67,1.04,1.01,1.31,Tommy Nance,667297,SI,91,2026,0.62,4.0,1.2,3.2,0.9,15.0,7.3,10
0.97,1.06,1.0,1.0,0.99,0.99,0.97,1.02,0.99,1.0,1.0,1.0,1.0,0.97,1.0,1.0,1.02,Nick Nelson,656793,SI,29,2024,0.77,6.5,4.8,3.8,2.6,24.0,16.4,4
1.78,1.31,1.01,1.02,0.6,0.96,3.26,1.92,0.94,0.99,1.1,1.01,0.72,1.12,0.8,1.07,1.63,Ryne Nelson,669194,SI,42,2026,1.29,23.7,5.8,16.7,6.2,85.8,20.5,10
1.05,1.15,1.0,0.96,0.97,1.09,1.09,1.08,1.0,1.01,1.06,0.99,0.97,0.89,0.98,1.0,1.2,Hector Neris,593576,SI,120,2025,0.77,4.6,1.9,2.7,1.3,20.8,8.7,10
0.92,1.16,0.99,0.89,0.93,0.93,0.68,0.73,0.97,1.04,1.0,0.99,1.01,0.91,1.12,0.99,0.58,Sean Newcomb,656794,SI,148,2026,0.71,6.3,1.5,5.1,2.0,23.8,6.3,10
1.16,0.84,1.02,1.09,0.87,1.05,1.32,1.75,1.04,1.03,0.92,0.97,0.61,0.84,1.15,1.06,1.14,Aaron Nola,605400,SI,185,2026,0.81,22.3,2.3,15.6,2.8,87.7,8.2,10
1.52,1.06,0.98,1.01,1.15,0.94,1.6,0.53,1.01,1.04,1.0,1.01,1.11,0.94,1.03,1.25,1.14,Anthony Nunez,689296,SI,74,2026,1.47,4.0,1.2,2.7,0.7,17.2,5.4,10
0.88,1.1,0.98,1.06,1.46,0.86,0.77,0.19,1.0,1.02,1.08,1.05,1.29,1.33,1.11,0.99,0.67,Riley O'Brien,676617,SI,226,2026,0.77,4.3,1.7,2.5,1.0,16.4,8.3,10
1.66,1.06,0.99,1.12,0.58,1.13,1.49,1.33,1.01,0.96,1.04,0.95,0.75,0.84,0.95,1.1,1.36,Bailey Ober,641927,SI,34,2026,1.13,24.6,2.3,17.7,3.9,88.8,8.5,10
0.85,1.35,1.01,1.04,1.36,1.0,0.92,0.55,0.97,1.02,0.9,1.03,1.19,1.11,0.98,0.96,0.93,Shohei Ohtani,660271,SI,36,2026,0.68,23.4,2.2,18.0,1.8,94.2,6.5,10
0.91,1.67,0.98,0.98,0.61,0.92,1.02,1.01,1.01,1.05,0.87,0.97,1.04,0.19,1.02,0.99,1.34,Steven Okert,595345,SI,17,2026,0.72,3.5,1.0,3.1,1.3,13.4,4.9,10
1.0,1.03,1.0,1.0,0.99,0.99,1.03,1.0,0.99,1.0,1.0,1.0,1.0,1.0,1.0,1.0,1.03,Adam Oller,670124,SI,67,2024,0.78,23.8,2.1,15.6,1.3,88.5,7.0,8
0.97,0.76,1.02,0.92,1.29,1.03,0.66,1.08,1.09,1.0,0.92,1.0,0.98,0.42,1.03,0.98,1.17,Reese Olson,681857,SI,686,2025,0.62,21.7,2.5,16.2,2.9,87.9,4.2,10
0.93,0.95,1.0,1.05,2.64,1.0,0.89,0.62,0.98,1.02,1.05,1.01,1.13,0.94,1.08,0.99,0.76,Luis Ortiz,682847,SI,846,2025,0.71,24.2,2.6,16.7,2.1,94.3,6.5,10
0.97,0.99,1.0,1.0,0.99,0.99,1.01,0.96,1.02,1.0,1.0,1.0,1.0,1.0,1.0,0.99,1.04,Michel Otanez,671305,SI,137,2025,0.73,4.1,1.2,2.4,1.9,17.4,6.4,10
0.99,0.97,1.0,1.01,0.98,1.0,0.91,0.98,0.98,1.0,0.98,1.0,1.01,1.0,1.01,0.99,0.98,Adam Ottavino,493603,SI,354,2025,0.75,3.7,1.6,2.3,1.8,15.7,5.7,10
0.97,1.15,1.0,1.14,0.95,1.01,0.94,1.22,1.0,1.03,0.98,1.02,0.96,1.19,0.98,1.0,1.02,Johan Oviedo,670912,SI,75,2026,0.76,19.0,4.7,12.8,4.2,73.6,15.9,10
1.13,1.11,1.0,1.08,0.48,0.96,1.0,2.45,1.06,0.97,1.31,0.99,0.63,0.81,0.92,1.01,1.89,Chris Paddack,663978,SI,57,2026,0.84,21.4,2.8,13.5,2.5,82.8,9.0,10
1.0,1.0,1.0,1.0,1.0,1.0,1.0,1.0,1.0,1.0,1.0,1.0,1.0,1.0,1.0,1.0,1.0,Jedixson Paez,699151,SI,9,2026,0.77,5.3,3.8,2.7,1.5,21.7,18.3,3
1.44,1.3,1.01,1.01,0.66,1.07,1.9,1.19,0.65,0.99,1.1,1.01,0.88,0.9,0.88,1.05,1.52,Andrew Painter,691725,SI,100,2026,1.16,21.3,3.4,14.5,3.0,82.7,11.7,10
0.98,1.42,0.95,1.01,0.79,0.69,0.84,1.47,0.99,0.97,1.15,1.02,1.13,0.94,0.76,0.92,1.89,Andre Pallante,669467,SI,187,2026,0.87,23.0,3.2,15.6,3.1,90.4,7.6,10
1.0,1.04,1.0,1.0,1.01,1.0,0.97,1.05,1.0,1.0,0.99,1.0,1.0,1.02,0.99,0.99,1.01,Enoli Paredes,660600,SI,70,2024,0.76,5.0,1.6,3.1,1.1,19.2,8.2,10
1.23,0.95,1.01,0.94,0.86,1.08,1.12,1.74,1.0,0.99,0.92,1.01,0.97,1.07,1.04,1.0,1.37,Chad Patrick,694477,SI,147,2026,0.92,12.8,7.9,9.9,5.7,51.2,31.8,10
1.04,0.95,1.0,1.0,1.08,1.01,0.94,0.96,1.02,1.0,1.0,1.0,1.01,0.96,1.0,1.0,1.02,James Paxton,572020,SI,98,2024,0.77,20.5,6.4,13.8,5.1,78.3,26.6,10
1.08,1.02,1.0,0.97,1.03,0.98,1.03,1.14,1.0,1.03,1.06,1.0,0.96,0.97,0.99,1.0,1.06,Joel Payamps,606303,SI,16,2026,0.81,2.9,1.6,1.7,1.4,12.2,7.9,10
1.01,1.18,1.0,1.05,0.91,1.0,1.03,1.04,1.0,1.0,1.15,1.03,0.98,0.87,0.98,1.01,1.07,Nate Pearson,663878,SI,22,2026,0.76,6.0,3.1,3.6,2.1,23.2,11.5,10
1.0,1.13,1.01,1.1,1.08,0.95,0.87,0.77,1.02,0.94,0.98,1.02,0.96,1.01,1.05,1.0,0.8,Elvis Peguero,665625,SI,503,2025,0.71,6.1,2.8,3.6,1.8,23.2,11.7,10
0.91,0.94,1.0,0.98,0.97,0.98,0.91,0.99,0.96,1.01,0.99,1.01,1.0,0.98,1.0,0.97,1.02,Joel Peguero,666711,SI,107,2025,0.7,4.5,2.0,2.8,1.6,16.1,8.7,10
0.97,1.01,1.0,1.0,1.02,0.99,0.97,1.01,1.04,1.0,1.0,1.0,1.01,1.0,1.0,0.99,1.0,Walter Pennington,679156,SI,100,2024,0.73,5.8,3.9,3.4,2.7,22.3,13.8,10
0.94,1.01,1.0,1.0,1.05,1.03,0.94,1.02,1.01,1.01,0.98,1.0,1.01,0.96,0.99,0.98,1.07,Ryan Pepiot,686752,SI,70,2025,0.7,19.2,4.6,14.2,4.6,79.5,16.0,10
0.94,1.01,1.0,1.0,1.08,1.01,0.94,1.02,1.0,1.0,1.0,1.0,1.0,1.02,1.0,0.99,0.97,Sammy Peralta,671111,SI,49,2025,0.73,9.6,4.2,5.6,3.3,31.9,12.5,10
1.04,1.15,1.0,0.89,1.12,1.03,0.96,1.37,1.03,0.96,0.99,1.02,0.97,1.05,1.05,0.97,1.27,Wandy Peralta,593974,SI,170,2026,0.75,5.5,1.8,3.2,1.9,20.6,10.0,10
1.12,0.78,1.01,0.91,1.24,1.09,0.79,0.24,0.95,0.98,0.98,1.02,1.41,1.29,0.96,0.99,0.9,Cionel Perez,672335,SI,70,2026,0.9,4.7,2.0,3.4,1.6,18.4,5.7,10
1.11,1.16,1.0,0.95,0.92,1.01,0.85,0.79,0.94,0.92,0.87,0.96,0.99,0.41,1.1,1.03,1.17,Martin Perez,527048,SI,237,2026,0.84,17.1,8.3,12.3,5.5,67.7,31.0,10
1.02,0.97,1.02,1.11,1.13,1.09,0.76,1.13,1.07,0.98,0.95,0.98,0.89,0.87,0.92,1.04,1.08,David Peterson,656849,SI,280,2026,0.76,19.6,4.6,12.4,2.2,71.1,17.3,10
2.0,1.1,1.01,1.0,0.72,1.0,2.68,1.64,1.33,0.99,1.11,1.01,0.9,0.7,1.02,1.24,1.22,Chase Petty,695534,SI,37,2026,1.48,17.0,7.7,10.4,6.6,61.2,30.4,5
1.2,1.03,1.01,1.03,0.98,1.06,1.02,0.02,1.0,1.07,1.05,1.0,1.05,0.82,1.06,1.02,0.98,Brandon Pfaadt,694297,SI,129,2026,0.76,11.7,8.4,8.1,6.2,42.6,30.8,10
0.98,0.99,1.0,1.0,1.07,1.0,0.94,0.91,0.98,1.0,1.0,1.0,1.01,0.99,1.0,1.0,0.99,Evan Phillips,623465,SI,91,2024,0.77,3.1,1.1,2.3,0.8,11.9,4.7,10
1.09,0.98,1.0,1.0,1.49,1.02,1.07,0.34,0.94,0.97,0.97,1.03,1.25,0.45,1.16,0.94,1.21,Tyler Phillips,663969,SI,164,2026,0.67,10.2,5.7,6.9,3.9,37.2,20.7,10
0.99,1.03,1.0,1.0,1.04,0.98,0.94,0.98,1.02,0.99,1.0,1.0,1.0,1.01,1.01,0.99,1.0,Ricardo Pinto,620982,SI,99,2024,0.74,9.8,4.9,5.2,3.8,36.7,21.6,6
1.08,1.34,1.02,1.01,1.47,1.09,1.17,0.86,0.98,1.0,1.05,1.03,1.01,1.01,1.18,1.0,1.03,Zach Pop,647315,SI,686,2026,0.74,5.9,3.3,3.1,1.9,21.6,10.4,10
1.01,0.99,1.0,0.99,0.97,0.99,1.01,1.03,1.01,1.0,1.01,1.0,0.98,0.97,0.99,0.99,1.0,Cody Poteet,547001,SI,93,2024,0.75,18.7,3.3,13.7,4.3,75.3,11.3,6
0.96,1.21,0.99,0.99,1.96,0.99,0.92,0.39,0.97,0.96,0.98,0.96,1.15,0.3,1.13,0.97,0.18,PJ Poulin,676571,SI,85,2026,0.61,4.1,2.0,2.6,1.6,19.0,9.1,10
0.54,0.95,1.0,0.96,0.94,0.82,0.54,0.73,0.98,1.03,0.92,1.0,1.04,0.89,1.0,1.09,1.13,Connor Prielipp,687570,SI,51,2026,0.83,20.7,2.2,13.7,2.6,87.0,4.8,7
0.98,0.76,1.01,1.0,1.62,1.08,0.94,0.56,0.96,0.97,1.02,0.99,1.11,0.97,0.98,1.0,0.97,Quinn Priester,682990,SI,1263,2025,0.75,23.3,2.5,16.8,2.5,87.1,6.7,10
1.08,1.15,0.99,1.01,1.2,0.92,1.15,2.3,1.04,0.97,0.96,1.0,0.85,1.43,0.96,1.0,1.63,Cal Quantrill,615698,SI,116,2026,0.97,10.6,5.3,7.1,3.0,40.9,20.1,10
1.16,0.6,1.01,1.01,0.77,1.13,1.36,1.79,1.01,0.98,0.88,0.96,0.79,0.8,0.88,1.02,1.52,Jose Quintana,500779,SI,131,2026,0.85,19.6,4.4,13.3,4.3,75.0,17.1,10
0.85,0.99,0.99,0.91,1.29,1.04,0.92,0.98,1.01,1.11,0.79,0.97,1.04,1.46,1.09,0.99,0.66,Brooks Raley,548384,SI,79,2026,0.75,4.3,1.6,2.5,1.1,15.7,5.6,10
1.0,1.03,1.0,0.97,0.82,0.94,0.95,1.49,0.96,1.0,1.06,0.97,0.91,1.07,0.97,0.98,0.96,Erasmo Ramirez,541640,SI,170,2025,0.8,5.3,3.0,3.6,2.0,21.3,14.0,10
1.0,0.99,1.0,0.99,1.01,1.02,0.94,0.92,0.98,1.0,1.0,1.0,1.01,0.97,1.0,0.99,0.97,Nick Ramirez,598286,SI,94,2024,0.74,7.9,4.3,4.6,2.0,24.1,15.0,8
0.8,1.24,0.98,1.09,1.29,0.85,0.91,0.55,1.01,1.02,1.0,1.03,1.23,1.32,1.18,0.97,0.7,Yohan Ramirez,670990,SI,129,2026,0.71,5.0,2.2,3.2,1.9,18.2,6.5,10
1.0,1.0,1.0,1.0,1.0,1.0,1.0,1.0,1.0,1.0,1.0,1.0,1.0,1.0,1.0,1.0,1.0,Nick Raquet,675919,SI,17,2026,0.77,4.2,1.1,2.6,0.9,18.2,6.2,5
0.83,1.31,0.96,1.02,1.44,0.88,0.87,0.88,0.98,1.12,0.98,1.02,1.27,1.16,1.06,0.9,1.7,Drew Rasmussen,656876,SI,196,2026,0.7,21.6,3.4,16.3,3.1,85.6,12.3,10
1.51,1.36,1.01,1.05,0.63,0.98,1.27,1.56,1.01,0.98,1.07,0.99,0.7,0.68,0.94,1.06,1.19,Colin Rea,607067,SI,91,2026,1.01,23.0,2.9,16.0,3.2,90.2,8.0,10
0.84,1.26,0.96,1.01,1.23,0.81,0.88,1.45,1.03,1.13,1.0,1.03,0.98,0.76,0.93,0.97,1.73,Orlando Ribalta,687377,SI,50,2026,0.75,4.0,1.6,2.9,1.2,14.9,7.8,10
0.93,1.07,1.0,0.89,1.17,0.99,0.83,0.72,0.98,1.03,0.86,1.01,1.13,1.12,1.09,0.98,1.02,Lyon Richardson,680689,SI,206,2026,0.76,4.7,2.3,2.9,1.4,18.1,8.7,10
1.11,0.83,0.98,1.0,0.67,1.0,0.54,1.74,1.09,0.97,1.02,1.01,0.79,0.91,0.98,0.9,1.15,Christian Roa,685005,SI,57,2026,0.56,6.1,3.6,3.9,2.7,24.2,11.6,9
0.94,1.0,1.0,1.0,1.0,1.01,0.94,0.96,0.99,1.0,0.98,1.0,1.01,0.98,1.01,0.98,0.99,Joe Rock,697812,SI,63,2025,0.71,11.7,0.6,7.3,1.2,48.0,3.6,3
1.06,0.82,1.02,1.06,0.96,1.17,0.97,0.99,0.96,0.98,1.07,1.01,0.98,0.76,1.04,1.02,1.01,Kumar Rocker,677958,SI,332,2026,0.74,21.7,4.3,15.1,4.7,85.2,16.3,10
0.44,1.14,0.97,0.98,0.97,0.66,0.44,0.95,0.75,1.02,1.05,1.02,1.15,0.88,1.0,0.81,1.33,Bradgley Rodriguez,699134,SI,112,2026,0.46,4.6,1.6,3.1,1.2,18.0,8.7,10
0.88,1.01,0.99,1.0,1.3,0.94,0.99,1.65,1.01,1.02,1.03,0.98,0.88,0.27,0.75,0.99,1.56,Eduardo Rodriguez,593958,SI,69,2026,0.72,25.2,2.3,18.4,3.8,95.3,5.7,10
0.81,1.0,1.01,1.02,1.1,0.95,0.44,1.07,1.17,0.93,0.98,1.01,1.16,1.11,1.05,1.01,0.88,Elmer Rodriguez,695684,SI,99,2026,0.72,21.3,2.3,13.0,1.0,79.3,15.0,3
0.97,0.98,1.0,1.0,1.0,0.96,1.01,1.01,0.97,0.99,1.0,1.0,1.01,0.98,1.01,0.99,0.99,Joely Rodriguez,570257,SI,122,2024,0.77,5.0,2.3,2.8,1.9,18.9,8.3,10
0.98,1.1,1.0,1.02,1.39,0.98,1.07,0.81,0.98,1.0,1.03,1.03,1.11,1.19,0.95,0.99,1.12,Manuel Rodriguez,655889,SI,332,2025,0.8,4.1,1.3,2.5,0.7,12.6,5.3,10
1.13,1.19,1.0,1.01,0.75,0.98,1.24,1.33,1.01,1.05,1.01,1.01,0.95,1.04,1.06,1.01,1.16,Yariel Rodriguez,684320,SI,230,2025,0.86,3.9,1.0,2.4,1.3,14.7,4.7,10
1.38,0.69,1.03,0.91,0.79,1.06,1.14,2.13,1.01,0.97,0.89,0.98,0.72,0.69,1.12,1.07,1.09,Taylor Rogers,573124,SI,141,2026,1.01,3.2,1.7,2.0,1.2,13.6,6.5,10
1.12,0.67,0.99,1.05,1.89,0.94,0.99,0.96,1.06,1.07,0.97,0.99,0.97,0.76,1.19,1.01,1.11,Trevor Rogers,669432,SI,108,2026,0.78,22.1,4.4,14.7,4.4,86.7,11.5,10
0.51,0.82,0.95,0.95,1.71,0.77,0.64,-0.06,0.91,0.91,1.13,0.89,1.43,0.87,0.18,0.86,-1.46,Tyler Rogers,643511,SI,295,2026,0.47,3.6,0.7,2.2,0.8,13.2,4.9,10
1.11,0.79,1.03,0.85,1.59,1.06,0.82,0.06,0.97,1.01,0.83,1.0,1.08,1.13,1.11,0.99,0.19,JoJo Romero,668941,SI,188,2026,0.7,4.1,1.1,3.0,0.9,16.4,6.0,10
0.91,0.92,0.99,1.03,0.84,0.95,0.96,2.5,0.99,0.97,1.01,1.02,0.85,1.33,0.97,0.98,1.37,Joe Ross,605452,SI,716,2026,0.85,6.0,3.0,3.4,1.5,23.1,14.6,10
0.91,0.86,1.0,1.0,0.94,0.96,0.84,0.95,1.02,0.95,0.79,1.0,0.92,0.73,1.16,0.98,0.46,Landen Roupp,694738,SI,383,2026,0.6,22.7,2.6,16.6,3.2,94.9,7.4,10
0.92,1.19,1.0,1.09,1.33,1.02,0.95,0.44,0.99,0.99,1.03,1.02,1.12,1.24,1.08,0.98,0.84,Chris Roycroft,688297,SI,500,2026,0.68,5.7,2.2,2.6,1.4,22.6,10.3,10
1.16,0.84,1.01,0.99,0.72,1.15,1.22,1.75,0.99,1.02,1.03,1.02,0.85,0.83,1.1,1.0,1.1,Jackson Rutledge,671131,SI,494,2026,0.76,5.5,2.8,3.1,1.6,21.7,11.4,10
1.0,0.99,0.98,1.07,0.97,0.97,0.97,1.24,0.96,1.0,1.05,1.0,0.9,0.77,1.17,0.97,1.18,Joe Ryan,657746,SI,129,2026,0.68,21.8,7.3,16.2,5.5,86.8,28.0,10
0.97,1.0,1.0,1.0,0.99,0.99,0.97,0.91,1.02,1.0,1.02,1.0,0.99,1.01,1.0,0.99,1.0,River Ryan,689981,SI,30,2024,0.72,20.2,2.2,15.2,1.0,73.8,14.3,4
1.03,1.01,1.0,1.0,0.97,1.01,0.94,0.98,1.0,1.0,1.01,1.0,0.99,1.0,1.02,1.02,0.98,Ryder Ryan,656924,SI,141,2024,0.81,6.7,4.0,4.1,2.8,24.3,13.1,10
0.99,0.99,1.0,0.99,0.96,0.98,0.96,0.97,1.0,1.01,1.01,0.99,0.99,1.09,0.94,0.99,0.96,Andrew Saalfrank,685314,SI,195,2025,0.76,4.2,1.5,2.7,1.3,17.7,7.6,10
0.97,0.97,1.01,1.04,1.61,1.05,0.9,1.02,1.01,0.97,1.0,1.01,1.0,0.73,1.04,1.0,0.92,Eduardo Salazar,674285,SI,489,2025,0.69,5.2,2.0,2.7,0.9,18.9,9.6,10
0.79,1.19,0.97,1.02,1.67,0.81,1.03,-0.45,0.96,0.99,1.04,1.01,1.41,0.92,1.2,0.95,0.31,Chris Sale,519242,SI,83,2026,0.63,24.2,2.7,18.1,2.8,94.8,9.2,10
0.44,0.85,1.02,1.05,1.32,1.01,0.44,0.75,0.8,1.01,0.93,0.99,1.05,0.96,1.05,0.89,1.08,Tyler Samaniego,701719,SI,118,2026,0.41,3.5,2.5,1.9,1.9,11.6,8.9,10
1.41,0.92,1.04,1.08,0.95,1.17,0.82,0.49,1.02,0.98,1.0,1.01,1.08,0.91,1.21,1.07,0.56,Cristopher Sanchez,650911,SI,493,2026,0.91,27.7,2.2,20.3,3.7,96.1,6.7,10
1.06,0.92,1.01,1.05,0.93,1.08,1.42,0.83,0.99,1.01,1.0,0.98,1.08,0.74,1.12,1.02,0.79,Nick Sandlin,680704,SI,133,2026,0.78,4.6,2.2,3.2,1.7,17.5,9.2,10
1.01,0.98,1.0,1.0,0.96,1.01,1.06,1.14,1.02,0.99,0.99,1.0,0.97,1.01,0.99,1.02,1.07,Patrick Sandoval,663776,SI,252,2024,0.81,22.2,4.8,15.7,3.9,91.0,20.9,10
1.21,0.56,1.04,0.92,0.76,1.12,1.1,0.88,0.99,0.99,1.1,0.98,0.83,0.78,1.12,1.02,0.96,Cole Sands,663485,SI,232,2026,0.74,4.1,1.4,2.6,1.8,15.2,5.9,10
0.9,1.22,1.01,0.94,0.86,0.94,0.91,0.57,1.0,1.1,1.12,1.0,1.02,0.9,1.14,0.98,1.18,Dennis Santana,642701,SI,41,2026,0.67,4.2,1.7,2.3,1.2,16.2,6.6,10
0.54,0.78,1.02,1.02,0.81,1.16,0.54,0.84,1.03,1.03,1.1,1.02,0.99,0.96,0.87,1.04,0.96,Gregory Santos,666619,SI,29,2026,0.57,5.1,1.7,2.9,1.3,20.4,7.8,10
0.93,1.12,1.0,1.01,1.15,0.97,0.91,0.62,0.99,1.02,1.04,0.97,1.1,0.97,1.1,0.98,0.85,Tayler Saucedo,642048,SI,396,2025,0.71,5.2,3.7,3.5,2.8,17.7,11.9,10
1.03,1.07,0.99,1.03,0.94,0.95,1.03,1.02,1.0,0.98,1.04,1.01,1.04,0.94,0.95,0.99,1.24,Matt Sauer,669422,SI,118,2025,0.8,12.9,7.7,8.9,4.5,51.1,29.3,10
0.96,1.29,1.0,1.05,1.19,0.9,0.89,1.12,0.96,1.03,1.11,1.04,1.21,1.26,0.93,0.97,1.42,Cam Schlittler,693645,SI,200,2026,0.88,23.4,2.6,18.3,2.8,92.3,9.5,10
1.05,0.98,1.01,0.97,0.7,1.06,1.18,1.31,1.02,1.09,0.94,1.0,0.82,1.23,0.83,1.02,0.86,Clarke Schmidt,657376,SI,404,2025,0.8,22.7,3.3,17.4,3.8,89.6,13.2,10
0.93,1.37,0.98,1.02,0.76,0.8,0.97,1.22,0.99,1.0,1.1,0.99,0.9,1.28,0.99,0.98,1.36,Jesse Scholtens,669947,SI,147,2026,0.81,18.5,4.9,13.4,3.7,69.3,20.8,10
0.91,0.91,1.01,1.0,1.36,1.13,0.94,0.9,0.97,1.04,1.0,0.99,1.06,0.76,1.0,0.96,-0.22,John Schreiber,670167,SI,88,2026,0.55,3.7,1.6,3.0,1.3,13.6,8.5,10
1.11,0.84,1.01,0.98,0.63,0.93,1.43,1.69,0.88,1.08,0.92,1.01,0.86,0.68,1.11,0.98,0.95,Noah Schultz,702273,SI,170,2026,0.81,20.8,2.4,14.6,2.6,81.2,6.8,8
0.96,1.2,0.98,1.09,2.46,0.95,1.04,0.25,0.95,1.0,1.02,1.02,1.27,0.85,1.0,0.99,0.99,Spencer Schwellenbach,680885,SI,290,2025,0.78,26.4,2.3,20.3,2.9,94.5,6.8,10
0.94,0.88,1.01,1.0,0.92,1.03,0.8,0.88,1.0,0.91,1.04,0.97,1.07,0.85,1.05,0.98,0.99,JP Sears,676664,SI,465,2025,0.7,21.0,3.4,14.5,2.5,85.6,15.5,10
1.02,0.96,1.0,1.0,0.96,1.0,0.91,1.01,1.0,1.0,1.01,1.0,1.01,1.04,1.0,0.99,1.04,Colin Selby,681882,SI,90,2025,0.77,5.4,1.8,3.8,1.4,19.3,6.3,10
0.97,1.11,0.99,0.98,1.03,1.0,0.94,0.65,0.99,1.01,0.94,0.95,1.04,1.03,1.03,1.0,0.97,Kodai Senga,673540,SI,16,2026,0.78,20.8,3.2,13.7,3.8,78.9,13.8,10
1.02,0.96,0.99,0.99,1.28,1.07,0.54,0.14,0.7,1.0,1.07,1.01,1.33,0.54,0.94,0.94,0.96,Antonio Senzatela,622608,SI,53,2026,0.76,7.1,2.3,5.5,2.0,24.1,8.9,10
1.04,1.06,0.99,1.03,0.76,0.99,1.11,1.64,1.0,0.98,1.08,1.03,0.9,1.08,0.96,1.03,1.58,Luis Severino,622663,SI,256,2026,0.9,23.1,6.1,16.5,5.3,90.8,24.0,10
1.18,0.95,1.0,1.0,1.04,1.0,1.25,0.85,0.98,1.01,0.99,1.0,1.01,0.99,1.0,1.01,0.97,Carson Seymour,693313,SI,262,2025,0.86,9.3,4.9,6.4,3.9,38.6,20.1,10
0.96,1.02,0.96,0.97,0.73,0.86,1.0,1.39,1.03,0.92,0.82,0.97,1.03,0.88,1.04,1.0,1.22,Ian Seymour,693855,SI,80,2026,0.86,4.7,2.0,3.8,1.8,17.9,8.7,10
1.0,1.25,0.97,0.97,0.85,0.93,0.88,1.15,0.99,0.95,0.94,1.01,1.05,1.57,1.07,1.02,1.35,Chase Shugart,663767,SI,86,2026,0.95,5.2,2.1,3.8,2.1,20.5,12.7,10
0.97,1.0,1.0,1.0,1.01,0.99,1.03,0.96,1.03,1.0,1.01,1.0,1.0,0.98,1.0,1.0,1.01,Jared Shuster,694363,SI,61,2024,0.74,7.5,3.4,4.5,2.2,26.4,13.7,10
1.33,0.73,0.99,0.92,0.8,0.91,0.92,1.05,1.01,1.09,0.99,1.03,1.21,1.47,0.92,1.0,1.25,Chase Silseth,681217,SI,49,2026,1.08,3.2,2.0,2.2,1.7,13.4,8.4,10
1.03,0.91,1.0,0.93,1.21,1.09,1.05,0.88,0.99,1.02,0.95,1.0,1.08,0.82,1.0,1.0,0.91,Josh Simpson,681006,SI,156,2026,0.76,3.7,1.7,2.3,1.1,16.7,8.3,10
1.19,0.97,1.01,1.06,0.62,1.0,1.3,1.8,1.04,1.08,0.95,0.97,0.65,0.83,1.07,1.05,1.25,Brady Singer,663903,SI,422,2026,0.86,21.8,3.5,14.1,3.1,83.8,14.2,10
0.96,1.0,0.98,1.04,0.88,1.0,1.47,1.52,1.23,0.95,0.95,0.99,0.85,0.99,1.02,1.01,0.88,Evan Sisk,681895,SI,129,2026,0.66,3.9,1.4,3.1,1.1,16.8,7.7,10
0.84,1.21,1.01,1.05,1.01,1.08,0.89,0.9,0.99,1.01,0.95,1.03,1.03,0.57,1.15,0.94,0.96,Paul Skenes,694973,SI,148,2026,0.49,22.6,3.1,18.1,4.1,91.9,11.4,10
0.97,1.01,1.0,1.01,1.16,1.01,1.01,0.99,0.95,1.0,1.01,1.0,1.08,1.03,1.0,0.98,1.04,Shane Smith,681343,SI,300,2025,0.77,20.2,3.8,14.2,4.9,84.5,14.6,10
0.93,0.97,1.0,0.99,0.92,0.98,1.12,1.28,1.0,1.0,1.01,1.0,0.94,1.03,0.93,0.99,1.18,Drew Smyly,592767,SI,481,2024,0.75,3.5,1.0,1.6,1.4,13.8,6.1,10
0.98,1.01,1.0,1.0,0.98,1.0,0.94,0.96,0.99,1.0,1.0,1.0,1.0,1.0,1.02,0.99,0.98,Kirby Snead,669912,SI,80,2024,0.74,4.5,2.4,2.7,2.5,18.7,7.7,10
1.09,1.01,1.0,1.0,0.95,1.02,0.94,1.12,1.09,1.01,1.0,1.0,0.94,1.1,0.96,1.06,1.01,Collin Snider,676092,SI,84,2025,0.88,5.1,1.9,2.7,1.3,20.4,5.9,10
1.18,1.29,1.01,1.0,0.6,0.98,1.3,1.75,1.0,1.01,1.0,1.03,0.6,0.76,1.01,1.06,1.0,George Soriano,666277,SI,46,2026,0.84,3.6,0.8,2.4,1.0,13.7,5.1,10
1.09,1.29,1.02,1.06,1.15,1.08,0.73,0.32,0.96,0.89,1.07,1.03,1.12,1.71,1.0,0.99,0.36,Jose Soriano,667755,SI,321,2026,0.78,24.5,2.4,17.9,4.4,97.2,7.5,10
1.01,1.03,1.0,0.96,1.33,0.99,0.88,0.55,0.97,1.08,1.16,1.0,1.19,1.01,1.09,0.93,0.8,Michael Soroka,647336,SI,107,2026,0.67,23.5,2.1,16.7,3.3,89.7,7.6,10
0.86,1.17,0.98,1.01,1.09,0.95,0.76,0.84,0.94,1.06,0.88,1.02,1.03,0.8,1.14,0.97,1.12,Gregory Soto,642397,SI,155,2026,0.67,4.2,1.3,3.1,0.6,17.7,6.4,10
1.0,1.0,1.0,1.0,1.0,1.0,1.0,1.0,1.0,1.0,1.0,1.0,1.0,1.0,1.0,1.0,1.0,Bennett Sousa,656986,SI,3,2026,0.77,3.4,1.2,2.1,1.3,14.0,6.5,10
0.88,0.68,0.99,0.93,0.94,0.9,1.02,0.9,1.0,0.98,1.09,1.0,1.03,1.01,1.15,0.97,1.08,Gabe Speier,642100,SI,74,2026,0.69,3.7,1.3,2.3,1.1,15.3,7.6,10
0.99,1.11,1.02,0.94,1.49,1.08,1.01,0.6,1.0,1.06,0.98,0.99,1.18,1.03,0.59,0.98,0.84,Mitch Spence,687765,SI,506,2026,0.78,20.7,3.6,13.4,2.7,73.3,14.2,10
1.06,0.98,1.0,1.04,0.96,1.07,1.13,1.01,0.99,0.99,1.05,0.98,0.98,0.97,1.06,1.0,1.03,Carson Spiers,686730,SI,323,2025,0.76,16.0,4.1,10.3,3.5,63.2,17.7,10
0.94,1.23,0.97,0.99,1.16,0.86,1.02,1.08,0.97,0.91,0.93,1.03,1.06,1.15,1.04,0.97,0.81,Brandon Sproat,687075,SI,243,2026,0.78,19.7,2.9,13.9,2.9,78.6,9.3,10
0.94,1.03,1.0,1.0,0.96,0.98,0.94,1.12,1.0,1.0,0.99,1.0,0.97,1.05,0.98,1.0,1.07,Josh Staumont,622251,SI,122,2024,0.77,4.1,1.9,2.1,0.9,16.2,9.1,10
0.94,1.03,0.99,1.0,0.99,0.97,0.94,1.0,0.95,1.01,1.01,1.0,1.02,1.04,1.0,0.98,0.98,Brock Stewart,592779,SI,95,2025,0.75,4.0,1.6,2.7,0.5,15.5,4.1,10
0.98,1.03,1.0,1.0,0.96,0.96,1.01,1.03,0.96,0.99,1.03,1.0,1.01,0.99,1.0,0.99,1.08,Gavin Stone,694813,SI,465,2024,0.78,22.1,3.2,15.2,3.9,83.6,6.6,10
0.84,0.86,0.99,0.98,0.51,1.02,0.76,1.89,1.06,1.11,1.1,0.98,0.64,1.01,1.13,0.99,1.61,Matt Strahm,621381,SI,34,2026,0.63,4.2,1.4,2.7,0.7,15.9,7.8,10
1.05,0.96,1.0,0.94,0.86,1.04,1.18,0.46,0.99,1.01,1.02,0.99,0.89,0.97,1.02,1.01,0.89,Hunter Strickland,519326,SI,144,2025,0.7,4.7,2.5,2.9,1.7,18.0,9.1,10
0.96,1.02,1.0,1.0,1.01,0.97,0.91,1.05,1.05,0.99,1.01,1.0,0.99,0.97,0.99,1.0,1.05,Ross Stripling,548389,SI,185,2024,0.74,10.5,7.7,7.1,6.6,38.5,28.0,10
1.04,0.95,1.0,0.92,1.06,1.03,1.08,1.01,1.0,1.02,1.0,0.97,0.9,1.0,0.72,1.02,0.82,Marcus Stroman,573186,SI,1192,2025,0.82,19.4,4.0,12.5,4.3,76.8,13.8,10
0.94,0.97,1.0,1.0,1.03,1.0,0.94,1.06,1.01,1.0,0.99,1.0,1.01,0.99,0.99,0.98,1.03,Kade Strowd,669704,SI,62,2025,0.71,3.4,1.4,2.8,0.9,13.6,5.6,10
0.91,1.09,1.0,0.94,1.41,0.98,1.1,0.91,1.04,1.01,1.08,0.98,0.98,0.91,0.98,1.01,1.48,Jose Suarez,660761,SI,50,2026,0.76,5.8,2.6,3.4,1.8,23.4,12.9,10
0.73,1.18,1.0,0.95,1.36,0.89,0.84,1.09,1.01,0.92,0.94,0.97,0.88,1.05,0.96,0.99,0.84,Ranger Suarez,624133,SI,247,2026,0.67,21.7,3.6,16.5,4.3,83.7,11.6,10
0.87,1.1,0.99,1.06,0.86,0.9,0.87,0.9,1.0,1.1,1.17,1.05,0.86,0.39,0.83,0.98,1.98,Robert Suarez,663158,SI,20,2026,0.62,4.0,1.1,3.2,0.4,16.6,6.7,10
1.57,0.69,1.03,0.98,0.68,1.16,1.05,1.76,1.1,1.06,0.93,0.98,0.63,0.15,0.9,1.12,1.53,Tomoyuki Sugano,608372,SI,176,2026,1.01,22.3,2.0,15.9,2.7,84.7,11.2,10
0.85,1.16,0.98,1.15,0.9,0.96,1.07,1.6,1.03,0.97,0.97,0.94,0.98,1.11,0.79,0.99,1.64,Brent Suter,608718,SI,134,2026,0.83,5.4,2.9,3.7,2.2,20.6,10.8,10
1.12,0.79,1.01,1.03,0.96,1.0,1.15,1.74,1.02,1.05,1.03,1.03,0.77,1.1,1.05,1.09,1.04,Matt Svanson,694335,SI,229,2026,0.95,4.7,1.1,2.9,0.7,18.1,5.0,10
1.1,0.94,0.99,1.08,0.92,0.99,1.08,1.97,0.97,1.04,1.01,0.98,0.91,0.82,0.88,1.04,1.92,Jameson Taillon,592791,SI,93,2026,1.01,23.5,1.6,16.6,2.2,90.9,8.6,10
1.05,1.08,1.0,1.0,1.24,0.96,1.21,0.68,1.01,0.94,1.0,0.99,1.1,0.65,1.09,1.01,0.76,Dillon Tate,622253,SI,365,2025,0.77,5.1,2.3,2.9,1.3,20.1,9.1,10
1.68,1.15,0.97,1.06,0.94,0.7,0.54,0.71,0.91,1.02,1.05,1.03,1.04,1.17,0.9,0.92,1.3,Grant Taylor,691799,SI,32,2026,1.03,4.9,1.8,3.7,2.0,21.3,7.9,10
1.02,1.01,1.0,1.0,0.99,0.99,1.08,1.05,1.0,1.0,1.01,1.0,1.0,1.03,1.0,1.01,0.97,Julio Teheran,527054,SI,29,2024,0.81,16.0,,9.0,,68.0,,1
1.07,0.78,1.0,0.99,0.91,0.98,0.99,1.35,0.98,1.11,0.88,1.0,0.97,0.9,1.06,1.0,0.76,Kai-Wei Teng,678906,SI,119,2026,0.81,12.4,7.3,9.0,5.5,49.0,28.8,10
1.68,0.9,1.01,0.99,0.54,1.0,3.04,1.99,1.28,1.07,0.94,0.99,0.54,0.84,0.9,1.45,1.18,Keegan Thompson,624522,SI,28,2026,1.71,5.6,3.6,3.5,2.5,23.1,13.4,10
1.05,0.98,1.0,1.01,0.97,0.98,1.06,1.03,0.97,1.0,0.99,1.0,0.99,0.99,1.0,0.99,1.04,Mason Thompson,666168,SI,94,2025,0.79,4.1,1.4,2.3,1.1,17.4,6.5,10
0.86,1.68,1.0,1.05,1.82,0.99,0.8,0.21,0.97,0.92,1.06,0.95,1.17,1.22,0.82,0.95,-0.94,Ryan Thompson,657044,SI,193,2026,0.59,3.7,2.0,2.4,1.3,14.2,9.1,10
1.09,1.01,1.0,1.0,1.01,0.99,1.16,0.94,0.99,1.0,1.01,1.0,1.01,1.04,0.99,1.0,1.0,Trent Thornton,663423,SI,123,2025,0.82,4.9,1.2,4.1,1.3,19.6,6.5,10
0.94,1.08,1.01,0.97,0.98,1.01,0.85,0.94,1.02,1.01,1.08,1.02,0.88,0.82,1.19,1.0,0.88,Jesus Tinoco,622786,SI,291,2025,0.63,3.8,0.9,2.7,1.4,14.5,4.5,10
1.17,0.92,1.01,1.08,0.98,1.03,0.97,1.58,0.84,1.02,1.0,1.01,0.94,1.0,1.07,1.02,1.13,Payton Tolle,801139,SI,143,2026,0.95,17.4,9.2,12.9,8.2,64.3,31.8,10
0.94,1.09,0.99,1.0,1.03,0.97,0.91,0.99,1.04,1.0,1.0,1.0,1.0,1.02,1.02,1.01,0.95,Michael Tonkin,543859,SI,276,2025,0.76,4.9,2.5,2.8,1.5,17.2,8.0,10
0.83,0.76,1.01,0.91,1.34,1.02,0.84,1.01,1.01,1.01,0.97,1.0,1.04,0.84,1.19,1.02,0.16,Justin Topa,623437,SI,153,2026,0.67,4.7,2.1,2.1,1.1,19.2,9.8,10
1.04,1.01,1.0,1.01,1.02,1.02,0.94,0.96,1.05,1.0,0.98,1.0,0.99,0.98,1.0,1.03,0.99,Touki Toussaint,657053,SI,162,2025,0.81,10.7,4.5,6.0,3.3,43.8,17.0,10
1.11,0.98,1.01,0.9,1.03,0.99,0.84,0.17,0.99,1.05,1.08,1.02,1.16,1.36,1.18,0.98,0.76,Blake Treinen,595014,SI,93,2026,0.77,3.3,1.1,2.6,0.8,11.9,3.9,10
0.87,0.71,1.0,1.01,0.81,0.99,0.94,1.26,1.03,0.98,0.95,1.02,0.97,0.94,1.04,0.98,1.27,Lou Trivino,642152,SI,211,2026,0.68,5.0,2.6,2.5,1.6,18.1,9.1,10
1.05,1.0,1.0,1.0,0.98,1.01,1.09,1.02,0.99,1.0,1.0,1.0,0.99,0.99,1.0,1.01,0.99,Spencer Turnbull,605513,SI,118,2025,0.81,9.5,3.0,6.1,2.4,37.9,10.5,10
1.0,1.0,1.0,1.0,1.0,1.0,1.0,1.0,1.0,1.0,1.0,1.0,1.0,1.0,1.0,1.0,1.0,Tyler Uberstine,700413,SI,10,2026,0.77,11.0,,7.0,,45.0,,1
1.07,0.93,1.03,0.97,0.94,1.09,0.92,1.12,1.03,1.0,1.06,1.02,0.93,0.86,1.05,1.01,1.13,Jose Urena,570632,SI,1072,2025,0.73,16.2,5.4,10.7,3.9,62.8,19.5,10
1.26,1.35,0.99,0.97,2.04,0.97,1.36,0.62,0.94,1.0,0.9,1.03,1.12,1.17,1.06,1.03,0.92,Walbert Urena,700712,SI,223,2026,0.99,19.3,7.1,13.3,6.0,75.9,26.1,10
0.83,1.13,1.0,1.0,1.45,0.96,0.86,0.17,1.08,1.06,0.94,1.05,1.06,1.44,0.93,0.99,0.96,Abner Uribe,682842,SI,226,2026,0.64,4.2,0.9,2.5,0.7,16.8,4.3,10
0.54,0.84,1.0,0.97,1.08,0.81,0.54,1.06,0.86,1.01,1.05,1.0,1.11,0.54,0.99,0.93,1.43,Jose Urquidy,664353,SI,26,2026,0.6,7.1,2.7,3.7,1.8,26.6,8.1,7
1.15,0.87,1.02,0.91,0.73,1.12,0.94,1.23,0.99,1.0,0.99,1.0,0.89,0.78,1.03,1.01,0.78,Framber Valdez,664285,SI,500,2026,0.76,24.5,2.9,16.8,3.5,89.4,12.2,10
0.94,0.99,1.01,1.0,0.96,1.05,1.16,1.04,0.97,1.0,1.0,1.0,0.97,0.97,1.0,1.0,0.98,Brian Van Belle,687003,SI,33,2025,0.73,9.0,1.4,5.8,1.0,32.2,4.9,4
1.0,1.0,1.0,1.0,1.0,1.0,1.0,1.0,1.0,1.0,1.0,1.0,1.0,1.0,1.0,1.0,1.0,Logan VanWey,701121,SI,16,2026,0.77,4.7,3.1,2.9,1.7,18.5,13.7,10
0.93,1.03,1.0,1.01,1.05,0.98,0.9,0.83,0.97,1.0,1.0,1.01,1.03,1.01,1.0,0.97,0.94,Carlos Vargas,672841,SI,673,2025,0.69,4.7,2.5,3.1,1.9,15.3,8.1,10
0.99,0.96,1.0,0.99,0.98,0.98,1.0,1.06,0.96,1.0,0.99,1.0,1.0,1.01,0.99,0.98,0.93,Mike Vasil,678024,SI,653,2025,0.76,6.5,3.4,4.5,2.8,27.3,13.4,10
1.4,1.04,1.0,0.94,0.83,1.09,0.91,1.28,1.03,1.1,1.1,1.0,0.83,1.02,1.12,1.1,1.52,Randy Vasquez,681190,SI,129,2026,1.06,22.6,1.7,16.2,2.9,88.3,9.6,10
1.02,1.04,1.0,0.99,1.08,0.97,0.94,0.91,0.99,1.0,1.01,1.0,1.02,1.04,1.01,0.99,1.02,Anthony Veneziano,685107,SI,55,2025,0.78,5.2,3.3,3.2,2.4,23.3,14.6,10
0.73,1.74,0.97,1.0,1.26,0.8,0.85,0.56,0.9,0.98,1.08,1.01,1.46,0.85,0.96,0.9,1.46,Will Vest,676684,SI,46,2026,0.74,4.5,2.1,2.8,1.3,18.3,7.5,10
0.94,1.01,1.0,1.01,0.99,0.99,0.97,1.06,0.99,1.0,0.99,1.0,0.99,1.03,0.99,0.99,1.06,Thyago Vieira,600986,SI,298,2024,0.74,6.5,2.9,4.6,2.6,27.3,11.8,10
0.87,1.3,0.99,1.05,0.72,0.96,0.92,2.4,1.03,0.95,1.09,0.99,0.6,1.19,0.82,1.03,2.06,Michael Wacha,608379,SI,161,2026,0.85,25.3,1.6,18.8,2.9,91.0,8.6,10
1.11,1.0,1.0,1.0,0.98,1.02,1.02,0.93,0.96,1.0,1.01,1.0,0.98,1.01,1.0,1.02,1.02,Brandon Waddell,663399,SI,111,2025,0.85,11.8,7.3,7.7,4.7,45.1,29.3,10
0.96,1.02,1.0,1.0,1.03,1.0,0.91,1.0,1.05,1.0,0.99,1.0,0.99,1.04,0.98,0.99,1.04,Hurston Waldrep,694462,SI,162,2025,0.72,22.2,3.0,16.9,1.9,86.1,13.6,10
1.34,0.86,1.01,1.04,0.75,1.06,1.01,1.2,1.04,0.93,1.05,0.98,0.93,0.79,1.0,1.06,1.16,Matt Waldron,663362,SI,67,2026,0.96,21.0,6.1,12.7,3.6,79.0,23.1,10
0.97,1.01,1.0,1.0,1.08,0.99,0.97,0.95,0.99,1.0,1.0,1.0,1.02,0.99,1.0,0.99,1.01,Josh Walker,677020,SI,60,2024,0.75,6.8,4.1,3.5,2.1,25.5,14.1,10
0.94,1.17,0.98,0.99,1.0,0.99,0.69,1.0,1.0,1.1,0.88,1.01,1.08,1.16,1.19,1.0,0.57,Ryan Walker,676254,SI,201,2026,0.76,4.6,1.8,2.5,1.2,18.6,6.2,10
1.16,1.04,1.0,0.94,0.58,1.04,1.4,1.78,1.0,0.9,0.86,0.99,0.9,0.85,1.0,1.03,1.66,Taijuan Walker,592836,SI,95,2026,0.95,19.9,7.4,11.7,4.5,71.4,24.4,10
0.98,1.02,1.0,1.0,0.99,1.05,0.91,1.0,1.07,1.0,1.0,1.0,1.0,1.01,1.02,1.02,0.97,Brandon Walter,687888,SI,102,2025,0.75,23.4,3.7,17.3,2.2,90.2,6.8,9
1.38,0.9,0.99,1.01,0.81,0.98,1.2,1.58,1.0,1.04,0.92,1.0,0.93,1.0,1.2,1.01,0.86,Austin Warren,681810,SI,69,2026,0.95,6.1,1.7,4.3,1.6,24.9,9.9,10
1.0,1.14,1.03,1.04,1.32,1.17,1.05,0.66,0.98,1.1,0.94,1.0,0.94,1.5,1.1,1.02,0.71,Will Warren,701542,SI,278,2026,0.73,23.0,2.7,16.3,3.1,89.2,5.2,10
2.25,1.17,1.01,1.07,0.85,0.98,3.63,0.75,1.14,1.01,1.03,1.0,1.02,1.06,1.06,1.3,1.06,Ryan Watson,670245,SI,96,2026,1.77,8.3,3.8,5.5,2.8,30.1,14.1,10
1.03,1.1,1.0,0.9,0.87,0.96,1.0,1.46,0.98,1.04,1.0,1.0,0.89,0.57,1.17,1.03,1.28,Ryan Weathers,677960,SI,200,2026,0.83,23.9,3.4,18.0,4.0,94.4,6.6,10
0.92,1.18,1.03,1.06,1.7,1.15,0.78,0.53,0.93,0.9,1.03,0.99,1.18,0.91,1.06,0.99,0.13,Logan Webb,657277,SI,308,2026,0.66,24.7,3.7,17.4,3.1,89.3,12.6,10
0.54,1.36,0.98,1.0,0.99,0.94,0.54,0.89,0.7,1.02,1.01,1.0,1.04,1.19,0.98,0.9,1.19,Ryan Weiss,680802,SI,66,2026,0.59,14.6,6.1,8.6,3.6,58.8,24.6,9
0.85,1.05,1.01,0.93,0.93,0.97,0.86,0.39,1.0,0.99,0.93,1.0,1.08,0.75,1.16,0.98,0.5,Greg Weissert,669711,SI,142,2026,0.59,4.1,0.9,2.6,1.2,15.5,4.3,10
1.02,1.36,0.97,1.12,1.02,0.85,1.1,0.89,0.95,1.05,1.13,1.01,1.15,0.45,1.14,0.97,1.02,Zack Wheeler,554430,SI,110,2026,0.75,23.3,2.9,17.8,2.6,92.8,6.3,10
0.97,1.01,1.0,1.0,0.99,1.01,0.97,0.99,0.99,1.0,1.0,1.0,0.99,1.02,0.99,1.0,1.01,Mitch White,669952,SI,70,2024,0.76,7.4,4.2,4.2,2.3,28.6,17.3,10
1.08,0.97,1.0,1.0,1.03,1.03,1.09,1.03,1.1,1.01,1.01,1.0,0.97,0.94,1.0,1.03,1.04,Forrest Whitley,666215,SI,45,2025,0.79,6.6,2.6,3.5,2.0,25.6,12.5,10
1.07,0.87,0.97,1.13,1.17,0.9,0.83,2.72,1.01,0.99,1.13,1.01,0.88,1.27,0.82,1.0,2.1,Garrett Whitlock,676477,SI,157,2026,1.03,3.8,1.0,2.7,1.1,14.0,5.3,10
1.0,1.22,1.0,0.98,0.99,0.98,1.1,0.9,1.0,1.0,1.04,0.98,0.94,1.08,0.99,1.01,1.11,Jordan Wicks,696136,SI,145,2026,0.79,10.0,7.3,5.6,3.8,34.5,26.2,10
1.39,1.36,1.0,1.0,1.21,1.0,0.54,0.69,1.09,0.96,0.98,1.01,0.92,1.1,1.1,1.16,1.01,Cole Wilcox,677961,SI,55,2026,1.14,6.6,2.2,3.5,2.0,26.0,9.7,10
1.34,0.67,1.03,1.09,0.77,1.2,0.78,1.72,1.06,0.94,1.0,1.02,0.7,1.06,1.08,1.07,1.21,Gavin Williams,668909,SI,178,2026,0.88,24.8,2.8,18.3,2.4,93.7,11.3,10
1.06,1.32,1.0,1.07,0.88,1.03,0.89,1.22,1.01,0.94,0.98,0.94,0.95,1.23,0.93,1.01,0.79,Trevor Williams,592866,SI,256,2025,0.85,21.3,2.7,14.5,3.2,81.2,7.2,10
1.68,1.03,1.01,0.97,0.64,1.23,1.78,2.25,1.09,0.98,1.06,1.0,0.71,0.9,0.94,1.16,1.43,Brandon Williamson,682227,SI,55,2026,1.26,18.7,4.7,12.7,4.7,76.8,17.5,10
1.0,1.02,1.0,1.0,1.05,1.04,1.05,1.24,1.02,0.99,1.05,0.99,0.85,0.87,1.08,1.03,1.02,Bryse Wilson,669060,SI,728,2025,0.75,15.6,9.6,9.7,5.5,58.1,33.9,10
0.98,0.89,1.0,1.07,0.93,1.04,1.28,1.04,1.05,1.01,1.05,0.96,0.98,0.7,1.06,0.98,0.92,Allan Winans,642216,SI,87,2025,0.65,17.4,5.1,10.2,4.2,63.6,11.7,5
1.17,0.74,1.01,1.08,0.57,1.05,1.52,2.3,0.99,1.05,1.11,1.0,0.53,0.26,1.07,1.06,1.29,Cole Winn,668390,SI,11,2026,0.79,3.9,1.1,2.5,1.1,14.3,6.9,10
0.82,0.88,0.99,0.97,0.76,0.85,0.95,2.02,0.97,1.06,0.95,1.02,0.97,0.67,0.89,0.94,0.91,Keaton Winn,676775,SI,78,2026,0.7,4.3,1.6,2.7,1.2,15.1,5.9,10
1.0,1.05,0.99,0.96,0.75,1.0,0.95,1.53,1.04,1.03,1.09,1.02,0.77,1.63,0.97,1.03,1.68,Grant Wolfram,664991,SI,328,2026,0.87,3.5,0.8,1.9,0.9,12.6,3.3,10
1.15,1.14,0.99,0.99,1.18,1.07,1.08,0.6,0.97,1.05,1.17,1.02,1.06,0.69,1.08,0.99,0.7,Bryan Woo,693433,SI,185,2026,0.71,23.2,3.0,16.8,3.9,86.4,13.5,10
1.09,0.97,1.0,1.0,0.95,1.01,1.16,1.14,1.06,0.99,1.0,1.0,0.96,1.04,1.01,1.04,1.04,Alex Wood,622072,SI,346,2024,0.86,20.3,4.4,13.0,3.9,83.6,14.1,9
1.04,0.72,1.02,1.03,0.94,1.11,0.99,0.77,1.1,0.95,0.98,1.0,0.76,0.77,1.05,1.06,0.74,Jake Woodford,663765,SI,93,2026,0.65,6.6,4.0,3.6,2.6,24.9,13.9,10
1.04,0.74,1.0,1.01,0.72,0.87,1.42,1.79,0.94,1.06,1.05,0.99,0.85,0.81,0.95,0.97,1.9,Brandon Woodruff,605540,SI,77,2026,0.85,21.0,6.2,15.2,4.5,75.1,22.3,10
1.07,0.74,0.97,0.85,1.47,0.82,1.06,0.77,1.07,1.0,1.06,0.99,0.85,0.07,0.9,1.04,1.3,Justin Wrobleski,680736,SI,48,2026,0.77,25.1,4.6,18.3,4.7,90.7,14.4,10
0.85,1.07,0.99,1.02,1.25,1.1,0.96,1.33,0.98,1.06,1.02,1.02,1.04,1.14,0.98,0.97,1.58,Yoshinobu Yamamoto,808967,SI,125,2026,0.72,24.8,2.3,18.7,2.6,96.4,7.1,10
1.07,0.99,1.0,0.99,0.96,1.02,1.13,1.05,0.95,1.0,1.0,1.0,0.97,0.99,1.01,1.01,0.99,Alex Young,622065,SI,102,2024,0.82,4.2,2.3,2.5,1.4,17.9,11.1,10
0.77,1.19,0.98,1.01,0.74,0.98,1.17,1.15,0.87,0.93,1.06,1.0,0.93,0.89,0.99,0.96,1.35,Brandon Young,687064,SI,89,2026,0.66,24.1,3.4,17.1,3.9,86.8,12.2,10
0.96,1.0,1.0,0.99,1.02,1.01,0.94,0.91,0.97,1.01,0.99,1.0,1.0,0.99,1.02,1.01,0.94,Danny Young,664849,SI,326,2024,0.77,3.6,1.6,1.9,1.0,15.7,6.9,10
1.0,0.89,0.99,1.02,1.21,0.79,1.54,0.87,0.83,0.97,0.89,1.01,1.21,0.96,0.97,0.92,1.06,Ryan Zeferjahn,666171,SI,116,2026,0.83,4.7,1.3,2.8,1.6,20.0,6.1,10
0.85,0.57,1.01,0.88,1.94,1.08,0.95,0.01,0.97,0.93,0.93,1.02,1.24,1.27,1.14,1.02,0.47,Angel Zerpa,672582,SI,146,2026,0.73,4.7,1.1,2.9,1.4,18.8,7.3,10
0.94,0.94,1.01,1.0,0.97,0.99,0.94,1.05,0.94,1.0,0.99,1.0,0.95,0.94,1.0,0.99,0.99,Bruce Zimmermann,669145,SI,28,2025,0.73,28.0,,16.0,,91.0,,1
1.05,0.9,1.01,0.98,1.01,1.05,1.0,0.94,0.98,0.95,0.9,1.02,0.98,1.1,1.09,1.0,0.85,Yosver Zulueta,691172,SI,231,2025,0.76,4.3,1.8,2.7,1.6,19.5,7.6,10
1.05,1.0,1.0,1.0,0.97,1.02,1.19,1.01,0.98,1.0,1.01,1.0,0.99,0.97,1.01,1.0,1.0,Guillo Zuniga,670871,SI,93,2024,0.78,4.1,2.0,3.0,1.5,14.9,9.9,10
0.95,0.95,1.0,0.93,1.08,0.96,0.85,1.16,1.04,0.97,1.03,1.02,1.04,0.88,1.1,0.99,1.02,Brett de Geus,676969,SI,115,2025,0.73,4.7,2.6,2.1,1.6,18.4,11.8,10
1.0,1.0,1.0,1.0,1.0,1.0,1.0,1.0,1.0,1.0,1.0,1.0,1.0,1.0,1.0,1.0,1.0,Jacob deGrom,594798,SI,14,2026,0.77,22.0,3.1,16.4,3.9,88.3,9.7,10
0.99,1.32,1.01,0.93,0.71,1.05,1.17,2.0,1.02,1.06,1.1,1.0,1.04,1.05,0.95,1.02,0.37,Zach Agnos,688642,FS,63,2026,0.83,12.3,4.9,7.8,4.3,44.0,19.4,10
0.94,0.99,1.0,1.0,1.0,0.99,0.94,1.17,0.98,0.99,1.0,1.0,0.99,0.98,1.0,0.99,1.06,Logan Allen,663531,FS,98,2024,0.78,9.8,5.1,6.0,3.6,37.8,22.1,10
1.0,1.0,1.0,1.0,1.0,1.0,1.0,1.0,1.0,1.0,1.0,1.0,1.0,1.0,1.0,1.0,1.0,Jack Anderson,681252,FS,28,2026,0.82,10.7,0.6,8.3,1.2,41.3,10.5,3
0.54,0.72,1.02,0.99,1.01,0.99,0.54,3.52,0.72,1.19,0.99,1.03,0.79,0.65,1.17,0.86,1.42,Braxton Ashcraft,677952,FS,47,2026,0.52,25.0,2.9,18.9,3.0,88.1,8.1,10
0.84,1.09,0.96,0.93,0.89,0.73,0.88,2.77,1.01,1.21,0.94,0.97,0.9,1.0,1.43,0.97,1.86,Lake Bachar,669199,FS,59,2026,0.84,6.1,2.3,4.2,1.7,23.0,7.7,10
1.03,1.01,1.0,1.0,1.0,0.99,1.08,1.02,0.99,1.0,1.0,1.0,0.99,0.99,1.01,1.02,1.02,Matt Barnes,598264,FS,41,2024,0.85,4.3,1.5,2.6,0.5,17.1,6.5,10
0.98,1.0,0.99,1.0,1.48,0.98,0.91,0.89,0.95,0.98,1.0,1.0,1.05,1.05,0.98,0.97,1.22,Felix Bautista,642585,FS,179,2025,0.82,3.9,1.3,2.7,0.5,19.3,6.4,10
0.73,1.0,1.0,1.01,4.02,1.09,0.84,-2.37,0.92,1.24,1.15,1.05,1.66,1.05,0.87,0.93,1.04,David Bednar,670280,FS,158,2026,0.55,4.6,1.4,2.9,0.9,19.2,7.8,10
1.0,1.01,1.0,1.0,1.0,1.01,1.03,0.93,1.0,1.0,1.0,1.0,1.0,1.0,1.0,1.01,0.99,Tyler Beede,595881,FS,105,2024,0.81,5.2,1.7,2.6,1.5,21.1,8.8,10
1.04,0.88,1.0,1.0,0.97,0.99,1.08,3.09,0.95,1.0,0.99,1.0,1.03,0.88,0.84,1.0,1.54,Bradley Blalock,687134,FS,244,2025,0.93,22.1,3.4,14.1,3.2,81.7,9.3,10
1.02,0.94,1.0,1.08,0.9,1.05,1.01,1.34,0.99,0.85,1.02,0.98,0.91,0.92,0.65,1.0,0.94,Scott Blewett,656240,FS,203,2025,0.83,7.8,2.5,5.3,2.4,29.8,12.1,10
1.03,0.82,1.02,1.01,0.84,1.12,0.97,3.54,1.0,1.04,1.06,0.96,0.74,0.88,1.18,1.01,0.24,Ryan Borucki,621366,FS,50,2026,0.85,6.0,2.6,3.7,1.9,22.2,9.1,10
1.02,0.94,1.0,1.02,0.87,1.02,0.95,0.7,1.0,0.95,0.94,0.97,0.84,0.86,0.82,1.01,0.67,Matt Bowman,621199,FS,113,2025,0.8,6.7,2.8,4.0,1.8,26.3,11.8,10
0.92,0.72,1.03,0.99,1.12,1.07,0.96,1.21,1.05,1.26,0.94,1.05,0.96,1.21,0.94,0.99,1.98,Taj Bradley,671737,FS,203,2026,0.78,23.5,3.7,16.8,3.1,96.2,11.3,10
1.02,1.0,1.0,0.99,0.96,0.99,1.21,1.22,0.98,0.99,1.0,1.0,0.97,1.03,0.98,1.01,1.1,Genesis Cabrera,650893,FS,93,2025,0.85,4.0,1.4,2.1,1.4,17.8,5.6,10
1.08,1.33,1.0,0.9,0.95,1.08,0.92,-1.85,1.01,1.16,1.02,1.05,0.92,0.94,1.27,1.04,-1.43,Yennier Cano,666974,FS,88,2026,0.7,3.5,1.3,2.1,1.8,12.8,4.8,10
0.96,1.05,1.0,1.14,1.34,0.96,0.93,1.3,1.0,0.96,1.01,1.06,1.07,1.12,0.51,0.99,1.08,Aroldis Chapman,547973,FS,26,2026,0.86,3.9,1.0,2.7,0.5,15.9,3.6,10
0.97,1.0,1.0,1.0,0.99,1.0,1.03,1.17,0.97,1.0,1.0,1.0,1.01,0.99,0.99,0.99,1.01,Yonny Chirinos,630023,FS,76,2024,0.8,24.0,3.5,14.7,1.2,85.8,4.1,6
0.77,1.0,1.02,0.87,0.9,0.93,0.88,2.71,1.01,1.37,0.88,0.98,0.7,0.42,1.28,0.98,2.62,Aaron Civale,650644,FS,62,2026,0.7,22.5,2.0,14.9,1.5,83.5,12.2,10
1.02,1.0,1.0,0.99,0.99,1.0,0.94,0.95,0.97,1.01,1.01,1.0,1.0,0.97,1.0,1.01,0.93,Alex Cobb,502171,FS,106,2024,0.83,20.7,0.6,16.7,2.5,80.7,1.2,3
1.09,0.99,1.0,1.0,0.96,0.98,0.94,1.0,1.07,0.97,1.0,1.0,1.0,0.99,0.97,1.01,1.05,Austin Cox,680735,FS,44,2025,0.89,8.3,5.3,5.1,2.7,33.8,20.7,10
0.98,0.98,1.0,0.99,0.96,0.99,0.97,1.37,1.02,0.98,1.01,1.0,0.97,1.01,0.97,1.0,1.15,Kutter Crawford,676710,FS,242,2024,0.82,23.0,4.4,16.9,3.7,87.0,9.8,10
1.04,1.09,0.97,1.05,0.69,0.9,0.97,5.08,1.01,0.57,0.97,0.92,0.69,1.55,0.46,1.0,0.67,Fernando Cruz,518585,FS,210,2026,1.09,3.8,1.3,2.9,0.9,13.7,5.6,10
1.0,1.0,1.0,1.0,1.0,1.0,1.0,1.0,1.0,1.0,1.0,1.0,1.0,1.0,1.0,1.0,1.0,Luis Curvelo,681168,FS,14,2026,0.82,4.6,2.3,3.1,2.2,17.8,8.3,10
0.94,0.99,1.0,1.0,1.04,1.0,0.94,0.78,1.06,0.98,1.01,1.0,0.99,0.98,0.98,1.02,0.97,Davis Daniel,669721,FS,41,2025,0.78,20.1,6.9,13.3,5.5,76.3,24.4,9
1.04,0.97,1.0,1.0,0.96,0.97,0.94,0.98,0.97,0.99,0.98,1.0,0.99,0.97,0.96,1.0,1.07,Dugan Darnell,699911,FS,50,2025,0.85,5.6,1.7,3.7,2.2,20.7,8.6,9
1.0,1.0,1.0,1.03,0.96,1.0,1.03,2.11,0.97,0.91,1.02,1.0,1.02,0.93,0.64,1.02,0.81,Yu Darvish,506433,FS,172,2025,0.87,19.4,2.3,14.4,2.4,79.5,6.7,10
0.94,1.02,1.0,1.0,0.96,0.99,0.94,1.04,0.96,1.0,1.0,1.0,1.0,1.02,0.98,0.97,0.94,Anthony DeSclafani,543101,FS,129,2025,0.77,13.4,2.9,9.5,2.6,50.7,13.8,10
0.97,1.02,1.0,1.01,1.3,1.0,0.94,0.06,0.99,1.05,0.95,1.04,1.07,0.89,1.11,0.99,1.17,Hunter Dobbins,690928,FS,98,2026,0.75,17.0,3.8,12.1,3.8,63.7,15.8,10
1.21,1.15,0.99,1.0,0.91,0.95,1.06,3.27,1.02,0.7,0.96,0.99,0.67,1.49,0.82,1.07,0.64,Seranthony Dominguez,622554,FS,56,2026,1.12,3.9,1.4,2.8,0.4,15.8,7.4,10
1.16,0.76,1.05,0.92,2.04,1.23,0.88,-1.21,0.91,1.29,1.08,1.12,1.25,0.93,1.36,1.03,1.4,Jhoan Duran,661395,FS,123,2026,0.78,3.7,0.7,2.7,0.5,16.0,3.7,10
1.12,0.98,1.04,1.03,1.47,1.16,0.9,0.21,0.97,1.15,1.1,1.02,1.11,1.04,1.17,1.04,0.24,Nathan Eovaldi,543135,FS,386,2026,0.82,26.2,1.8,18.8,3.3,92.9,6.0,10
1.03,1.0,0.99,1.1,0.57,0.81,1.0,4.67,1.02,0.96,0.92,0.95,0.56,1.44,1.18,1.01,2.27,Jeremiah Estrada,669093,FS,97,2026,1.07,3.6,1.2,2.4,1.1,13.3,4.7,10
1.04,0.79,1.02,1.11,0.94,1.05,1.07,0.57,1.0,0.84,0.88,0.99,0.98,0.7,0.51,1.01,1.8,Bailey Falter,663559,FS,18,2026,0.82,13.7,4.9,7.4,4.0,50.2,22.2,10
1.02,0.88,1.02,1.01,1.22,1.14,1.17,0.58,1.01,0.8,0.97,1.01,1.01,0.72,0.87,1.01,1.76,Kyle Finnegan,640448,FS,145,2026,0.77,4.7,0.9,2.4,1.2,16.1,4.7,10
1.33,0.88,1.0,1.06,0.91,1.11,1.54,1.67,1.04,0.9,0.95,0.96,0.9,0.9,0.81,1.06,1.23,Bowden Francis,670102,FS,541,2025,1.04,19.8,3.8,12.4,4.7,78.7,10.5,10
0.54,0.73,0.97,1.02,1.17,0.89,0.54,1.02,0.91,1.22,0.88,1.02,0.88,0.78,1.25,1.05,1.58,Didier Fuentes,800311,FS,29,2026,0.55,4.9,2.7,3.1,2.6,23.4,12.4,10
0.91,1.12,0.97,1.01,1.56,0.96,0.81,1.42,1.01,1.06,1.02,1.01,0.96,0.94,0.98,1.0,1.3,Luis Garcia,472610,FS,83,2026,0.8,4.5,1.4,2.5,1.6,16.7,4.4,10
0.96,1.25,0.98,0.96,1.55,0.87,0.96,0.7,1.0,1.07,0.94,1.03,1.2,1.24,1.09,0.99,0.72,Reed Garrett,657585,FS,484,2025,0.85,4.6,1.2,2.2,1.0,18.2,5.7,10
0.77,1.3,0.96,1.02,0.78,0.84,0.82,2.44,1.0,1.17,0.98,0.97,0.86,1.06,1.22,0.95,1.37,Kevin Gausman,592332,FS,428,2026,0.75,23.7,1.3,17.1,2.1,93.0,5.2,10
0.97,1.17,0.99,1.13,1.28,0.98,1.05,2.61,1.04,0.53,0.96,0.94,0.96,1.16,0.4,0.95,-0.84,Logan Gilbert,669302,FS,174,2026,0.87,23.3,2.2,17.1,2.8,91.9,4.5,10
1.1,0.98,1.0,1.0,0.99,1.03,1.21,1.3,0.98,1.0,0.98,1.0,0.99,0.97,1.02,1.02,1.04,Tyler Gilbert,656457,FS,66,2025,0.89,4.5,3.1,3.0,1.8,17.9,13.6,10
1.1,1.0,1.0,1.0,0.96,1.02,1.21,1.05,1.03,0.98,1.01,1.0,0.97,0.98,0.95,1.05,0.98,Austin Gomber,596295,FS,45,2025,0.9,22.8,2.9,14.1,2.2,84.2,6.5,10
1.03,0.97,1.0,0.99,0.95,1.0,1.01,1.0,1.03,1.01,0.99,1.0,1.0,1.01,1.02,1.0,0.87,Tony Gonsolin,664062,FS,162,2025,0.83,22.4,2.8,15.1,2.4,86.6,6.9,7
1.01,0.95,1.0,1.02,1.0,0.99,1.11,1.67,0.99,0.98,0.85,1.02,0.94,0.9,0.96,1.0,1.22,Hunter Greene,668881,FS,402,2025,0.85,22.6,4.1,17.4,5.3,94.0,8.7,10
0.54,1.33,0.98,0.98,0.65,1.03,0.54,2.67,1.56,0.96,1.02,0.97,0.63,0.93,0.63,1.12,0.8,Foster Griffin,656492,FS,62,2026,0.61,23.6,2.2,16.6,2.4,92.6,6.7,10
0.94,1.02,1.0,1.0,1.0,0.98,0.94,1.02,0.97,0.99,1.0,1.0,1.01,0.98,1.0,0.98,0.95,Sean Guenther,674944,FS,76,2024,0.78,4.6,2.0,3.2,1.9,16.1,8.0,10
0.94,0.99,1.0,1.0,0.99,1.02,1.19,0.83,0.94,0.98,0.99,1.0,1.0,1.01,0.99,1.0,0.98,Thomas Harrington,802419,FS,47,2025,0.77,16.7,6.0,8.3,5.5,66.7,20.8,3
1.01,1.02,1.0,0.98,1.0,1.05,1.11,0.78,1.0,1.0,1.02,1.03,0.9,1.06,0.98,1.02,1.0,Hunter Harvey,640451,FS,235,2026,0.81,4.0,1.4,2.6,0.7,16.3,6.8,10
1.0,1.0,1.0,1.0,1.0,1.0,1.0,1.0,1.0,1.0,1.0,1.0,1.0,1.0,1.0,1.0,1.0,Brent Headrick,687396,FS,17,2026,0.82,4.4,1.3,2.8,1.0,15.9,5.9,10
0.95,0.95,0.99,1.08,1.01,0.88,0.88,1.48,1.0,0.96,0.97,1.03,0.9,1.18,0.96,1.0,1.79,Carlos Hernandez,672578,FS,215,2025,0.87,4.6,2.1,3.0,1.9,18.1,6.4,10
0.94,1.02,1.0,1.0,0.97,0.97,0.94,1.26,0.96,1.01,1.02,1.0,0.99,1.05,0.99,0.97,1.13,Yaramil Hiraldo,682274,FS,110,2025,0.79,4.2,1.9,2.0,1.2,15.9,9.2,10
0.95,1.0,1.0,0.98,1.05,0.94,0.96,1.63,1.01,0.92,1.02,1.0,1.08,0.98,0.87,0.99,0.74,Bryan Hoeing,663773,FS,212,2025,0.83,4.8,1.0,3.5,1.2,17.5,3.4,10
1.02,0.96,0.99,1.1,0.87,0.96,0.98,1.66,0.98,0.9,1.02,1.01,0.97,0.99,0.98,1.0,0.76,Grant Holman,680880,FS,243,2025,0.86,4.8,1.4,2.4,1.4,17.5,5.1,10
0.9,0.88,1.03,0.93,2.7,1.09,0.78,-0.4,0.98,1.17,1.01,1.02,1.11,0.67,1.14,0.98,0.27,Tanner Houck,656557,FS,823,2025,0.66,22.0,2.7,14.5,4.8,80.6,13.3,10
1.09,1.09,0.98,0.96,0.76,0.83,1.1,3.68,0.92,0.82,1.15,0.96,0.88,1.21,1.02,0.98,2.08,Shota Imanaga,684007,FS,378,2026,1.05,24.3,2.5,18.0,2.4,91.4,9.0,10
1.63,0.96,1.0,0.96,1.01,1.0,0.54,1.5,0.86,1.21,1.06,0.98,0.69,1.16,1.05,0.89,0.89,Ryan Johnson,696270,FS,64,2026,1.22,7.9,5.3,4.2,2.5,29.8,19.5,10
0.94,1.02,1.0,1.0,1.11,0.98,0.94,0.74,1.01,1.01,0.99,1.0,1.02,1.01,0.99,0.98,1.19,Clayton Kershaw,477132,FS,98,2025,0.78,18.8,5.8,13.7,4.9,73.7,22.3,10
1.91,0.95,1.01,1.04,0.58,0.92,2.13,2.4,0.72,1.11,0.9,1.0,0.9,0.89,0.93,1.18,2.03,Yusei Kikuchi,579328,FS,126,2026,1.55,20.6,4.6,14.2,4.0,82.3,18.9,10
0.95,0.96,0.97,0.96,1.26,0.78,1.03,1.46,0.96,0.91,1.03,0.95,0.98,1.22,1.0,0.95,3.27,Dean Kremer,665152,FS,1041,2026,0.92,19.7,6.7,14.8,6.2,80.9,27.0,10
0.98,0.93,1.01,0.95,0.95,1.01,0.89,1.63,1.01,0.89,0.93,0.96,0.93,0.91,0.81,1.0,0.68,Brooks Kriske,621139,FS,223,2026,0.82,5.6,2.1,3.4,1.3,24.7,12.2,10
0.96,1.23,1.0,1.01,0.88,1.0,0.95,2.23,1.12,0.56,1.09,0.98,0.56,1.26,0.54,1.05,1.0,Mark Leiter,643410,FS,129,2026,0.9,4.3,1.8,2.8,1.4,15.5,5.1,10
1.22,0.87,1.04,0.92,0.74,0.96,1.22,3.63,1.02,0.8,1.01,0.97,0.78,0.54,0.99,1.03,0.16,Zack Littell,641793,FS,178,2026,1.02,21.4,4.7,14.6,3.7,76.9,18.9,10
0.99,0.85,0.99,0.91,1.05,0.92,1.03,0.22,1.0,1.1,0.93,1.0,1.08,0.83,0.94,0.99,1.25,Sam Long,669674,FS,133,2025,0.8,4.1,1.4,2.1,0.9,17.5,7.8,10
0.97,1.01,1.0,1.0,1.06,1.01,0.97,0.9,0.97,1.0,1.0,1.0,1.01,1.01,1.0,0.99,0.99,Ty Madden,680744,FS,61,2024,0.79,16.0,6.4,11.9,5.0,64.2,25.8,9
1.11,1.03,1.0,0.99,1.02,1.03,1.12,0.91,1.03,1.0,1.0,1.0,1.0,0.98,0.99,1.03,0.83,Kenta Maeda,628317,FS,607,2024,0.88,8.0,5.1,4.9,3.7,32.2,22.2,10
1.04,1.01,0.98,1.01,0.76,0.88,0.98,0.98,0.98,1.22,1.09,0.99,0.93,0.74,1.23,1.0,1.7,Tyler Mahle,641816,FS,237,2026,0.85,23.0,1.8,15.7,2.7,88.3,6.1,10
0.97,1.03,1.0,1.0,1.0,0.99,0.97,1.02,1.02,1.02,0.99,1.0,1.0,0.99,1.02,1.01,1.0,Yunior Marte,628708,FS,30,2024,0.8,6.5,2.1,3.0,1.8,25.0,6.5,10
0.82,0.89,1.02,1.01,1.49,0.96,0.83,1.61,1.05,1.13,1.09,1.01,0.86,0.38,1.02,1.05,1.09,Chris Martin,455119,FS,20,2026,0.71,4.5,1.5,2.3,0.7,15.4,5.6,10
1.63,0.9,1.05,1.01,1.17,1.15,0.54,0.86,1.18,0.86,0.94,1.0,1.12,0.54,1.06,1.07,0.57,Trevor Martin,694680,FS,20,2026,1.15,8.8,3.9,5.2,2.2,30.8,15.7,4
0.98,1.01,1.0,1.0,1.05,0.96,0.94,0.88,1.05,0.98,1.0,1.0,1.01,1.04,0.99,1.0,0.98,Justin Martinez,679885,FS,341,2025,0.82,4.2,2.1,2.5,1.5,17.7,8.7,10
1.04,1.29,1.02,0.9,0.89,1.02,1.05,2.35,0.96,0.83,1.04,0.96,0.84,1.5,0.86,0.99,0.86,Yuki Matsui,673513,FS,58,2026,0.93,7.2,2.6,5.2,1.3,26.6,8.8,10
1.0,1.0,1.0,1.0,1.0,1.0,1.0,1.0,1.0,1.0,1.0,1.0,1.0,1.0,1.0,1.0,1.0,Tim Mayza,641835,FS,12,2026,0.82,4.6,2.8,3.5,2.2,16.8,9.9,10
1.05,1.0,1.0,0.92,0.86,0.97,0.97,0.7,1.0,1.0,1.0,0.98,0.97,1.11,0.87,0.99,1.36,Scott McGough,543518,FS,284,2025,0.86,6.1,2.6,3.2,1.8,23.6,11.1,10
0.97,1.0,1.0,1.08,1.09,1.02,0.94,0.07,0.99,0.98,0.96,1.02,1.11,0.83,0.9,0.99,0.77,Troy Melton,675512,FS,69,2026,0.74,12.5,7.3,9.1,5.4,44.1,23.1,10
0.99,0.86,1.0,0.99,0.66,0.95,0.94,1.87,0.99,0.89,1.09,0.99,0.89,0.85,1.09,1.0,1.06,Bryce Miller,682243,FS,57,2026,0.83,20.9,2.6,15.8,2.1,80.9,10.0,10
1.03,1.12,1.0,1.08,1.01,0.98,1.2,1.29,1.01,1.23,1.01,1.0,0.98,1.03,1.28,1.01,1.35,Shelby Miller,571946,FS,363,2025,0.85,3.8,1.4,2.4,1.2,15.2,6.3,10
0.96,0.99,0.99,1.04,1.05,0.99,0.94,-0.76,1.02,1.1,1.08,1.0,1.15,0.95,1.39,1.0,1.66,Casey Mize,663554,FS,185,2026,0.72,20.9,4.8,16.5,4.7,77.5,19.5,10
0.64,1.01,1.0,0.98,0.88,0.98,0.7,2.3,1.05,1.23,1.02,0.99,0.89,0.95,0.83,1.01,-0.17,Carmen Mlodzinski,669387,FS,257,2026,0.62,21.8,2.8,15.1,2.0,85.0,8.5,10
0.92,1.18,0.98,0.92,1.32,0.93,0.8,1.07,1.0,1.12,0.93,1.0,1.04,1.1,1.03,0.99,0.99,Frankie Montas,593423,FS,628,2025,0.8,19.4,4.2,12.9,3.9,78.8,13.9,10
0.94,1.01,1.0,1.0,1.12,0.97,1.01,0.88,0.94,1.03,0.99,1.0,1.04,1.01,1.02,0.97,0.89,Rafael Montero,606160,FS,509,2025,0.77,3.8,1.8,2.4,1.8,15.0,6.0,10
1.09,0.73,0.98,1.03,0.63,1.06,1.08,3.96,0.98,1.07,1.0,0.92,0.9,0.96,0.82,0.97,2.6,Tobias Myers,668964,FS,101,2026,0.97,5.0,1.6,3.3,1.3,16.1,6.7,10
1.01,1.05,0.98,0.94,0.81,0.91,1.07,1.8,1.0,0.91,0.99,0.97,0.96,1.05,0.91,1.01,0.45,Hector Neris,593576,FS,643,2025,0.88,4.6,1.9,2.7,1.3,20.8,8.7,10
0.54,1.17,1.02,1.01,2.26,1.18,0.54,1.12,0.84,1.07,1.0,1.01,1.02,1.07,1.08,1.02,0.92,Shohei Ohtani,660271,FS,82,2026,0.5,23.4,2.2,18.0,1.8,94.2,6.5,10
0.78,0.91,0.99,1.08,1.06,0.84,0.66,1.82,1.05,1.25,0.98,0.97,0.97,0.87,1.38,0.95,0.48,Eric Orze,679358,FS,238,2026,0.7,5.5,2.2,3.9,1.4,19.1,5.9,10
1.25,0.91,1.0,1.08,0.78,0.98,1.06,3.82,0.94,0.66,0.99,0.95,0.94,1.04,0.9,1.01,0.75,Emilio Pagan,641941,FS,47,2026,1.09,4.2,1.0,2.6,0.5,14.8,5.3,10
0.96,0.88,0.97,1.0,0.67,1.02,2.23,0.71,0.89,1.1,0.98,1.01,0.79,1.05,0.97,0.97,1.7,Andrew Painter,691725,FS,123,2026,0.77,21.3,3.4,14.5,3.0,82.7,11.7,10
1.0,1.0,1.0,1.0,1.0,1.0,1.0,1.0,1.0,1.0,1.0,1.0,1.0,1.0,1.0,1.0,1.0,Daniel Palencia,694037,FS,16,2026,0.82,3.8,1.0,2.4,0.8,15.1,4.2,10
0.81,1.19,1.0,1.02,1.0,1.04,0.88,-0.59,0.98,0.96,1.05,1.01,1.09,0.97,1.15,0.94,0.73,Tyler Phillips,663969,FS,160,2026,0.59,10.2,5.7,6.9,3.9,37.2,20.7,10
0.97,0.99,1.0,1.0,1.0,1.05,1.05,0.99,0.97,1.0,1.0,1.0,0.99,1.0,1.0,1.01,1.05,Ricardo Pinto,620982,FS,66,2024,0.78,9.8,4.9,5.2,3.8,36.7,21.6,6
1.09,1.02,1.0,0.98,0.77,1.08,1.05,4.09,1.0,0.8,0.94,0.99,0.84,0.64,0.96,1.02,1.45,Cal Quantrill,615698,FS,64,2026,0.94,10.6,5.3,7.1,3.0,40.9,20.1,10
0.97,1.01,1.0,1.0,0.99,1.0,0.97,1.07,0.98,0.98,1.0,1.0,1.0,1.01,0.98,0.99,0.99,Emmanuel Ramirez,642629,FS,137,2024,0.8,7.3,3.5,4.3,2.6,30.4,13.2,10
0.97,1.03,1.0,1.02,0.98,0.95,0.94,1.7,1.0,0.99,0.99,0.98,0.96,1.05,1.0,0.99,1.28,Taylor Rashi,688497,FS,86,2026,0.84,6.3,2.5,3.9,2.2,24.9,12.2,10
1.05,1.31,1.02,1.01,1.23,1.03,1.12,0.37,1.02,1.05,0.98,1.01,1.15,0.91,1.09,1.03,-0.57,Colin Rea,607067,FS,185,2026,0.8,23.0,2.9,16.0,3.2,90.2,8.0,10
3.07,0.97,1.04,1.0,0.85,1.07,2.74,0.77,1.29,1.05,0.94,1.01,0.88,0.9,1.18,1.4,1.2,Yariel Rodriguez,684320,FS,33,2026,2.27,3.9,1.0,2.4,1.3,14.7,4.7,10
0.97,0.99,0.99,1.0,1.0,0.95,1.02,1.01,0.97,1.0,0.99,1.0,1.03,0.99,1.02,0.97,0.97,Jackson Rutledge,671131,FS,126,2025,0.8,5.5,2.8,3.1,1.6,21.7,11.4,10
1.21,0.77,1.04,1.04,1.18,1.31,1.46,0.55,0.94,1.55,0.9,1.01,0.92,0.72,1.57,1.02,0.71,Joe Ryan,657746,FS,105,2026,0.79,21.8,7.3,16.2,5.5,86.8,28.0,10
1.0,1.01,1.0,1.0,0.98,0.99,1.05,0.99,0.96,1.01,1.0,1.0,1.0,1.03,1.01,0.99,0.9,Nick Sandlin,680704,FS,265,2024,0.82,4.6,2.2,3.2,1.7,17.5,9.2,10
0.99,0.99,1.01,0.89,1.16,1.07,0.76,0.34,0.96,1.06,1.07,1.01,1.08,0.7,1.22,1.0,0.53,Cole Sands,663485,FS,444,2025,0.72,4.1,1.4,2.6,1.8,15.2,5.9,10
1.47,0.94,1.0,1.06,0.79,0.87,1.03,0.94,0.94,0.85,1.02,1.02,0.94,0.99,0.88,1.05,0.7,Roki Sasaki,808963,FS,170,2026,1.18,22.1,2.4,15.5,2.8,89.5,8.5,10
0.93,0.93,1.03,1.02,0.66,0.99,1.29,2.88,0.87,0.86,1.01,0.98,0.83,0.67,0.94,1.04,0.54,Jesse Scholtens,669947,FS,66,2026,0.81,18.5,4.9,13.4,3.7,69.3,20.8,10
0.98,1.11,1.0,1.08,0.95,0.96,0.96,1.28,1.02,1.01,1.04,0.98,0.97,1.18,0.89,1.01,0.6,Spencer Schwellenbach,680885,FS,459,2025,0.85,26.4,2.3,20.3,2.9,94.5,6.8,10
1.0,1.0,1.0,1.05,0.97,0.95,1.0,1.62,1.0,1.0,1.01,0.98,1.01,0.85,1.16,1.0,1.01,Christian Scott,681035,FS,25,2026,0.83,19.5,3.7,13.6,3.7,79.1,14.8,10
0.93,1.09,0.98,0.88,1.01,0.8,1.03,0.61,0.99,1.02,0.96,0.98,1.08,0.99,0.82,1.0,0.22,Tayler Scott,605463,FS,439,2025,0.82,7.5,3.0,4.3,1.6,29.8,9.6,10
0.95,1.1,1.01,0.89,1.01,1.04,1.06,1.99,0.97,0.81,0.96,1.01,0.9,1.16,1.01,0.97,0.49,Chase Silseth,681217,FS,132,2026,0.8,3.2,2.0,2.2,1.7,13.4,8.4,10
0.66,1.02,1.01,1.03,3.45,1.02,0.71,-2.46,0.96,1.21,1.06,1.08,1.31,0.58,1.18,0.97,0.35,Paul Skenes,694973,FS,137,2026,0.45,22.6,3.1,18.1,4.1,91.9,11.4,10
0.79,1.14,1.01,1.12,1.17,1.0,0.74,0.9,1.04,0.44,0.98,1.0,0.87,1.21,0.68,0.97,-1.48,Cade Smith,671922,FS,119,2026,0.67,3.9,0.7,2.7,0.7,15.6,4.6,10
0.99,1.02,1.0,1.01,0.94,0.98,0.91,1.33,1.02,0.98,1.0,1.0,0.96,1.01,1.0,1.0,1.13,AJ Smith-Shawver,700363,FS,241,2025,0.83,20.8,4.5,14.6,4.4,79.5,18.6,10
1.11,1.24,0.97,1.05,2.08,0.75,0.9,-0.54,1.02,1.19,0.95,1.07,1.43,1.36,1.22,0.99,-0.05,Jose Soriano,667755,FS,215,2026,0.95,24.5,2.4,17.9,4.4,97.2,7.5,10
0.95,0.99,1.01,0.94,1.25,1.03,0.95,1.56,1.0,0.84,0.95,1.03,0.96,1.03,0.97,1.0,1.23,Ryne Stanek,592773,FS,57,2026,0.81,3.6,0.7,2.5,0.5,14.3,4.6,10
1.01,0.97,0.98,0.86,0.77,0.88,0.92,1.57,0.99,1.25,0.96,0.96,0.99,0.85,1.27,1.01,1.04,Marcus Stroman,573186,FS,369,2025,0.86,19.4,4.0,12.5,4.3,76.8,13.8,10
1.4,1.07,1.0,0.97,1.58,0.84,1.05,1.5,1.06,1.28,0.93,1.01,1.18,0.83,1.04,1.05,2.0,Tomoyuki Sugano,608372,FS,184,2026,1.18,22.3,2.0,15.9,2.7,84.7,11.2,10
1.16,1.06,1.0,1.03,0.83,1.08,1.35,2.08,1.01,0.94,1.06,0.96,0.84,0.9,0.94,1.04,0.98,Erik Swanson,657024,FS,262,2025,0.94,4.5,1.4,2.7,1.1,19.3,7.2,10
0.94,1.0,1.0,1.01,0.99,1.01,0.99,0.98,0.99,1.01,1.0,1.0,1.0,0.98,0.99,0.99,0.97,Touki Toussaint,657053,FS,182,2024,0.77,10.7,4.5,6.0,3.3,43.8,17.0,10
0.97,1.01,1.0,1.0,1.01,1.01,0.97,1.16,0.99,1.0,1.0,1.0,0.99,0.99,1.0,0.99,1.03,Naoyuki Uwasawa,683822,FS,35,2024,0.8,7.5,2.1,5.5,0.7,31.0,17.0,2
1.0,1.0,1.0,1.0,1.0,1.0,1.0,1.0,1.0,1.0,1.0,1.0,1.0,1.0,1.0,1.0,1.0,Austin Voth,608723,FS,4,2026,0.82,6.4,5.3,3.9,2.9,25.4,19.4,10
0.98,0.99,1.0,1.0,0.96,1.01,0.97,0.96,1.02,0.94,1.0,1.0,0.99,1.04,0.94,1.02,0.95,Hurston Waldrep,694462,FS,323,2025,0.81,22.2,3.0,16.9,1.9,86.1,13.6,10
1.38,0.83,1.06,0.93,1.0,1.19,1.18,1.23,1.04,1.04,1.06,1.0,0.93,0.54,1.06,1.11,1.28,Taijuan Walker,592836,FS,98,2026,1.01,19.9,7.4,11.7,4.5,71.4,24.4,10
1.0,1.3,1.0,1.1,1.0,0.86,1.07,0.38,1.04,1.15,1.04,1.0,0.86,1.18,1.26,0.98,0.42,Zack Wheeler,554430,FS,91,2026,0.83,23.3,2.9,17.8,2.6,92.8,6.3,10
0.94,1.03,1.0,1.0,1.02,0.99,0.94,0.99,0.99,0.99,1.0,1.0,1.03,0.99,1.0,0.99,1.0,Justin Wilson,458677,FS,41,2025,0.78,3.5,1.6,2.1,1.1,14.5,7.1,10
0.88,1.1,1.01,1.06,0.79,0.89,0.88,2.8,1.03,1.29,0.97,1.0,0.75,0.86,1.32,0.99,0.68,Cole Winn,668390,FS,45,2026,0.8,3.9,1.1,2.5,1.1,14.3,6.9,10
0.9,0.91,0.99,0.96,1.15,0.99,0.88,-0.79,1.03,1.14,1.08,1.03,1.02,1.07,1.22,1.0,-0.05,Keaton Winn,676775,FS,182,2026,0.67,4.3,1.6,2.7,1.2,15.1,5.9,10
1.3,0.88,1.0,1.04,1.38,1.08,1.32,1.6,1.03,0.86,0.88,1.0,1.0,0.58,1.09,1.09,2.1,Simeon Woods Richardson,680573,FS,227,2026,1.02,18.1,6.9,10.7,4.2,68.6,25.5,10
0.8,1.22,1.0,1.0,2.62,0.99,1.11,-2.77,0.95,1.09,1.02,1.06,1.44,1.11,1.12,0.94,0.66,Yoshinobu Yamamoto,808967,FS,297,2026,0.57,24.8,2.3,18.7,2.6,96.4,7.1,10
0.99,1.16,1.01,0.94,1.08,1.08,0.95,1.08,1.12,0.96,0.93,0.99,0.97,0.98,1.09,1.02,0.72,Kirby Yates,489446,FS,718,2025,0.78,3.9,0.9,2.3,0.8,16.2,5.6,10
0.89,1.15,0.99,0.91,0.66,0.93,0.86,5.49,1.03,1.05,0.91,0.96,0.78,1.26,1.07,0.98,2.01,Trey Yesavage,702056,FS,199,2026,0.95,21.0,2.7,15.0,2.8,85.4,9.8,10
1.13,0.79,1.02,0.99,0.74,1.12,1.27,2.31,1.02,1.08,0.98,1.0,0.71,0.51,0.97,1.05,1.35,Brandon Young,687064,FS,140,2026,0.88,24.1,3.4,17.1,3.9,86.8,12.2,10
0.97,1.0,1.0,1.0,0.97,1.0,0.97,1.36,1.06,1.0,1.0,1.0,0.97,0.99,0.98,1.02,1.0,Nick Avila,687014,KC,39,2024,0.81,7.0,2.4,4.0,2.2,28.1,8.4,8
0.97,1.0,1.0,1.0,0.99,0.99,0.97,1.02,0.99,0.99,1.0,1.0,0.99,0.99,0.98,0.99,1.0,Matt Barnes,598264,KC,103,2024,0.77,4.3,1.5,2.6,0.5,17.1,6.5,10
0.98,0.98,1.0,1.0,1.01,1.01,0.95,0.99,0.99,0.99,1.01,1.01,1.01,0.98,0.94,1.0,0.98,Mike Baumann,657508,KC,357,2024,0.77,5.4,2.0,3.1,1.4,25.6,9.5,10
1.04,0.91,1.02,1.01,1.06,1.05,0.8,0.68,1.02,1.07,1.1,1.04,1.09,0.81,0.79,0.99,1.12,Shane Baz,669358,KC,355,2026,0.72,25.6,3.0,17.6,2.3,98.8,3.4,10
1.05,0.98,1.01,1.0,1.25,1.03,0.91,0.67,1.0,1.0,1.01,1.0,1.03,0.97,1.01,1.0,1.03,Shane Bieber,669456,KC,120,2025,0.74,22.7,1.8,17.2,1.2,90.1,5.6,9
1.12,1.07,1.02,1.0,1.01,1.04,1.03,2.86,1.05,0.94,1.11,1.06,0.97,1.35,0.46,1.02,0.37,Ben Brown,676962,KC,276,2026,1.14,13.4,8.1,10.3,6.3,49.7,26.6,10
0.94,0.96,1.01,1.02,1.55,0.99,0.98,-1.28,1.0,1.02,0.96,1.01,1.16,1.02,0.79,1.0,1.29,Hunter Brown,686613,KC,928,2026,0.38,24.0,1.9,18.2,2.1,95.8,9.5,10
0.94,1.0,1.0,1.0,1.03,0.95,0.94,1.04,1.05,1.0,0.98,1.0,1.0,0.98,1.04,0.99,1.01,McCade Brown,685326,KC,89,2025,0.73,18.0,3.3,11.6,3.1,71.1,13.9,7
1.36,0.99,1.02,1.04,0.86,1.02,1.19,0.81,1.05,1.0,1.06,0.94,0.81,0.91,1.6,1.07,1.44,Walker Buehler,621111,KC,121,2026,0.98,20.1,2.6,14.5,3.1,80.4,14.0,10
1.0,0.79,1.02,1.07,1.37,1.17,0.9,1.02,1.0,0.98,0.88,0.97,0.97,0.67,0.66,1.01,1.36,Sean Burke,680732,KC,236,2026,0.73,22.8,1.6,16.7,3.0,88.8,9.0,10
1.02,0.89,1.0,0.9,0.68,1.04,0.96,4.74,0.99,1.0,0.87,0.98,0.7,0.79,1.68,1.0,0.86,Griffin Canning,656288,KC,8,2026,1.35,19.7,4.8,13.6,4.2,77.0,18.1,10
0.69,1.09,1.01,0.98,1.48,0.99,0.88,-1.13,0.99,0.89,0.98,1.04,1.35,1.22,1.17,0.96,1.16,Cade Cavalli,676917,KC,300,2026,0.28,22.6,4.6,15.1,4.7,84.9,14.6,10
1.24,0.98,1.0,1.0,1.19,0.96,1.1,-1.91,1.01,1.09,0.78,1.01,1.02,0.93,0.42,1.06,1.43,Dylan Cease,656302,KC,97,2026,0.5,23.7,2.8,16.7,3.2,98.8,9.8,10
0.99,0.98,1.0,1.0,1.15,1.01,0.91,0.76,1.02,1.01,1.0,1.0,1.0,0.99,1.02,0.99,1.04,Gerrit Cole,543037,KC,287,2024,0.72,23.3,2.1,18.2,3.6,88.0,11.9,10
1.0,0.96,1.0,0.93,1.0,1.06,1.01,-0.29,1.0,1.0,1.05,0.96,1.1,0.9,0.8,1.0,1.14,Danny Coulombe,543056,KC,98,2026,0.59,3.3,1.1,2.1,1.0,13.1,5.6,10
1.0,0.98,1.0,1.0,0.98,1.01,0.94,1.08,1.0,0.99,0.98,1.0,1.01,0.98,1.01,0.99,1.03,Kutter Crawford,676710,KC,201,2024,0.79,23.0,4.4,16.9,3.7,87.0,9.8,10
0.91,0.99,1.0,1.0,0.93,0.97,0.91,2.04,0.96,1.0,1.01,1.0,0.97,0.97,1.1,0.96,0.91,Anthony DeSclafani,543101,KC,136,2025,0.88,13.4,2.9,9.5,2.6,50.7,13.8,10
0.97,0.99,1.0,1.0,0.97,0.99,0.97,1.3,1.05,1.0,0.99,1.0,0.97,1.0,0.99,1.0,1.02,Yilber Diaz,700270,KC,66,2024,0.79,16.8,5.2,11.5,4.9,66.0,18.7,8
0.92,1.18,0.98,1.02,1.0,0.89,0.98,2.16,1.01,0.96,1.04,0.96,0.83,1.11,1.58,1.02,0.97,Jack Flaherty,656427,KC,206,2026,0.94,20.4,3.1,13.3,4.0,86.4,10.8,10
0.83,1.12,1.0,1.02,1.21,1.1,0.81,4.72,0.94,0.96,1.11,1.0,0.85,0.96,0.29,1.03,0.68,Kyle Freeland,607536,KC,172,2026,1.24,22.5,1.7,14.6,2.3,85.0,5.7,10
1.44,1.3,1.02,1.01,0.8,1.13,1.12,0.04,0.99,0.96,1.14,0.99,0.65,0.74,0.52,1.03,1.01,Zac Gallen,668678,KC,200,2026,0.89,22.0,4.7,14.7,2.9,85.1,14.4,10
0.54,1.0,1.02,1.06,1.34,1.05,1.2,2.64,0.78,1.06,0.93,0.99,1.0,1.14,0.94,0.84,1.3,Tyler Glasnow,607192,KC,126,2026,0.76,21.1,7.1,16.0,6.5,84.3,30.8,10
1.04,0.78,1.0,1.03,0.77,0.93,1.07,2.46,1.01,1.01,1.1,0.94,0.86,0.7,0.96,1.0,1.02,Austin Gomber,596295,KC,832,2025,1.0,22.8,2.9,14.1,2.2,84.2,6.5,10
1.1,0.93,1.01,1.06,0.8,1.04,1.25,3.82,1.0,0.98,0.93,1.01,0.82,0.88,0.83,1.02,0.87,Carlos Hernandez,672578,KC,140,2025,1.26,4.6,2.1,3.0,1.9,18.1,6.4,10
1.04,1.02,1.0,1.04,1.01,0.99,1.07,0.68,1.0,0.9,1.08,1.04,0.99,1.08,0.62,1.01,0.74,Sean Hjelle,663546,KC,506,2025,0.77,5.7,4.1,3.0,2.6,20.4,13.7,10
1.04,1.0,1.0,1.0,1.01,1.02,0.97,1.02,1.01,1.01,0.99,1.0,0.99,1.0,1.0,1.02,1.01,Joe Kelly,523260,KC,97,2024,0.82,4.7,2.5,2.8,1.3,18.9,10.8,10
0.96,1.12,0.97,1.0,0.76,0.8,1.29,0.25,1.21,1.04,1.01,0.99,0.84,1.09,1.2,1.08,1.24,Caleb Kilian,668873,KC,113,2026,0.65,4.8,1.4,3.2,1.7,19.3,6.8,10
0.84,0.73,1.0,1.03,1.03,1.06,0.95,-2.09,1.03,1.05,0.97,1.02,0.77,0.53,1.71,1.02,0.88,Craig Kimbrel,518886,KC,26,2026,0.21,4.8,1.9,3.0,1.5,19.5,6.5,10
0.82,1.16,1.0,1.03,3.27,1.04,0.69,-5.54,0.96,0.95,1.08,1.02,1.5,0.55,1.32,0.95,1.38,George Kirby,669923,KC,108,2026,0.01,25.4,2.2,19.0,3.2,92.7,6.1,10
1.0,0.8,1.01,0.91,1.11,1.02,1.02,1.0,1.0,1.09,0.87,0.97,0.96,0.76,1.08,1.01,1.2,Landon Knack,689017,KC,265,2025,0.76,18.5,5.3,12.7,4.0,77.2,23.5,10
1.03,0.96,1.0,1.08,1.95,1.12,0.88,-0.33,1.06,1.0,0.95,0.99,1.0,0.88,0.93,1.02,1.23,Max Lazar,676661,KC,215,2025,0.5,5.0,2.3,3.1,1.7,20.3,10.2,10
1.03,1.19,1.0,0.89,1.58,1.04,0.91,-1.15,0.94,0.86,1.0,1.05,1.07,1.34,0.47,1.0,0.93,Brendon Little,663893,KC,788,2025,0.49,4.0,2.2,2.3,1.3,15.7,8.2,10
0.97,0.92,0.99,0.98,1.48,0.95,0.95,-0.01,1.0,0.99,0.99,1.0,1.11,0.84,1.24,0.99,1.11,Jorge Lopez,605347,KC,170,2025,0.56,3.6,1.4,2.4,1.2,14.2,7.8,10
1.04,0.79,1.02,0.81,0.97,1.16,1.27,4.59,0.99,1.05,1.1,1.03,0.73,0.83,0.3,1.0,-0.01,German Marquez,608566,KC,189,2026,1.3,21.8,2.8,14.4,4.2,83.7,9.6,10
1.21,1.2,1.01,0.93,1.05,1.22,0.96,-0.73,1.02,1.13,1.02,0.99,0.91,1.25,1.87,1.04,0.93,Lance McCullers,621121,KC,108,2026,0.7,19.6,5.4,13.3,4.5,78.0,21.7,10
0.77,1.15,0.99,1.01,1.08,0.82,0.95,3.82,0.9,1.09,1.07,1.06,1.09,1.43,0.33,0.89,0.31,Trevor Megill,656730,KC,131,2026,1.07,3.7,0.8,2.8,0.4,14.5,3.1,10
1.37,0.75,1.03,0.98,0.64,1.12,1.37,6.99,0.98,1.15,1.11,0.98,0.48,0.57,1.54,1.03,0.77,Keider Montero,672456,KC,121,2026,1.86,22.4,2.4,17.1,2.3,79.8,8.3,10
0.99,1.0,1.0,1.0,1.0,0.99,1.02,1.06,0.99,1.0,0.99,1.0,1.01,1.0,0.99,1.0,1.0,Matt Moore,519043,KC,150,2024,0.79,3.6,1.2,2.8,1.5,15.6,3.3,10
0.77,1.27,0.94,1.05,1.98,0.84,1.07,-2.21,0.99,1.03,1.2,0.95,1.29,1.07,2.02,0.95,1.07,Aaron Nola,605400,KC,323,2026,0.11,22.3,2.3,15.6,2.8,87.7,8.2,10
1.0,0.97,1.0,1.0,1.0,0.98,1.05,0.81,0.98,1.01,0.98,0.99,1.04,0.99,1.0,0.98,1.07,Shinnosuke Ogasawara,829272,KC,129,2025,0.75,6.9,2.8,4.7,2.4,23.9,9.2,10
0.96,0.78,1.01,1.02,0.78,0.89,1.12,3.55,0.99,1.11,0.83,0.94,0.77,0.81,0.77,0.97,1.69,Andre Pallante,669467,KC,184,2026,1.11,23.0,3.2,15.6,3.1,90.4,7.6,10
0.97,0.99,1.0,1.0,0.96,1.02,0.96,1.21,0.99,0.98,0.99,1.0,0.99,1.0,0.91,0.99,0.94,James Paxton,572020,KC,515,2024,0.8,20.5,6.4,13.8,5.1,78.3,26.6,10
1.03,0.99,1.0,0.95,0.96,0.98,1.0,-0.92,1.0,1.0,0.84,0.98,1.06,1.0,1.08,1.0,1.06,Cole Ragans,666142,KC,54,2026,0.53,18.7,6.0,13.4,4.9,78.3,25.1,10
1.0,0.98,1.01,0.94,1.1,0.93,1.08,-0.12,1.06,0.89,0.86,0.96,1.07,1.08,0.71,1.03,0.74,Robbie Ray,592662,KC,92,2026,0.61,22.5,2.5,15.1,3.2,95.0,7.1,10
1.04,1.06,1.01,1.01,2.39,0.97,0.96,-0.43,1.0,1.04,1.01,1.02,1.12,0.87,1.03,1.02,1.06,David Robertson,502085,KC,427,2025,0.48,3.8,0.8,2.6,0.7,14.7,4.9,10
0.98,1.1,0.98,1.03,1.3,0.82,0.86,3.66,0.99,1.12,1.13,0.95,1.0,0.86,2.04,0.93,1.02,Joe Ryan,657746,KC,140,2026,1.09,21.8,7.3,16.2,5.5,86.8,28.0,10
0.96,0.97,0.99,0.92,1.76,0.96,0.85,1.22,1.0,1.13,0.95,1.03,1.07,0.91,1.31,0.99,1.13,Clarke Schmidt,657376,KC,465,2025,0.72,22.7,3.3,17.4,3.8,89.6,13.2,10
1.05,0.99,1.0,0.99,0.94,0.98,1.07,1.69,1.02,0.99,1.01,1.0,0.97,0.99,0.94,0.99,0.93,Drew Smyly,592767,KC,494,2024,0.9,3.5,1.0,1.6,1.4,13.8,6.1,10
1.03,1.06,0.98,1.05,0.84,0.86,1.05,3.16,1.03,0.95,0.93,1.04,0.88,1.25,1.71,1.0,0.69,Jose Soriano,667755,KC,285,2026,1.15,24.5,2.4,17.9,4.4,97.2,7.5,10
1.02,0.96,1.0,0.99,0.97,1.01,0.94,1.24,0.99,1.0,0.98,1.0,0.98,0.97,0.99,1.0,1.02,Ross Stripling,548389,KC,117,2024,0.83,10.5,7.7,7.1,6.6,38.5,28.0,10
0.76,1.12,1.03,1.06,1.69,1.14,0.82,0.7,0.98,1.0,1.12,1.06,1.13,0.94,0.75,0.99,0.85,Louis Varland,686973,KC,148,2026,0.55,4.8,1.6,3.3,1.6,18.7,8.1,10
0.97,0.99,1.0,1.0,1.07,0.97,0.97,0.99,0.98,1.0,1.0,1.0,1.02,0.98,1.0,0.99,1.01,Brett de Geus,676969,KC,53,2024,0.76,4.7,2.6,2.1,1.6,18.4,11.8,10
1.13,1.06,1.01,1.02,0.98,1.01,1.27,1.16,0.97,0.97,1.02,1.01,1.04,1.09,1.16,1.0,0.97,Jose Berrios,621244,SV,1499,2025,1.17,19.8,4.6,13.9,4.8,76.2,14.8,10
0.94,1.01,1.0,1.0,1.01,1.01,1.04,1.01,0.94,0.99,1.03,1.0,1.01,1.0,0.96,0.98,1.0,Spencer Bivens,702352,SV,69,2025,1.0,5.9,4.4,3.9,3.3,22.7,15.4,10
0.98,0.99,1.0,1.02,1.61,0.96,0.82,0.4,1.0,1.1,1.02,0.99,1.21,0.98,0.77,1.0,1.54,Caleb Ferguson,657571,SV,416,2025,0.85,4.2,1.2,3.1,1.2,15.3,4.3,10
0.94,1.01,1.0,1.01,1.07,0.95,0.94,0.98,1.03,1.0,0.99,1.0,0.98,1.03,1.02,1.01,0.99,Wikelman Gonzalez,682790,SV,86,2025,0.99,4.8,1.8,3.0,1.3,20.5,7.6,10
0.76,1.11,0.98,1.06,0.84,0.86,0.89,1.19,1.04,0.86,0.95,1.01,0.88,0.93,0.86,0.95,0.74,Kyle Harrison,690986,SV,253,2026,0.93,20.5,2.2,15.2,3.2,87.7,9.7,10
1.01,0.96,1.0,1.0,0.96,0.97,0.92,1.02,1.03,0.99,0.99,0.99,0.96,0.96,1.01,1.0,0.99,Cole Irvin,608344,SV,447,2024,1.06,10.1,6.1,6.1,4.4,37.3,23.4,10
0.88,0.77,1.03,0.98,0.8,1.07,0.99,1.51,1.04,1.1,0.84,0.99,0.75,0.75,1.3,1.0,1.39,Peter Lambert,663567,SV,82,2026,1.07,21.4,5.6,14.6,5.5,85.1,22.3,10
0.92,0.79,1.0,0.92,0.73,0.88,0.92,1.38,0.99,1.16,1.08,0.96,0.81,0.7,1.29,0.99,1.18,Seth Lugo,607625,SV,34,2026,1.08,24.5,2.4,17.9,2.9,90.9,6.4,10
0.96,0.9,0.99,0.9,1.33,0.94,0.89,0.75,1.02,1.12,1.0,1.01,1.33,0.92,1.51,1.01,0.97,Sean Newcomb,656794,SV,171,2026,0.93,6.3,1.5,5.1,2.0,23.8,6.3,10
0.97,0.99,1.0,1.0,1.01,0.99,0.94,1.02,0.96,1.0,1.0,1.0,1.01,1.01,0.99,0.99,0.99,Adam Oller,670124,SV,183,2024,1.02,23.8,2.1,15.6,1.3,88.5,7.0,8
1.05,1.16,1.0,0.98,1.01,1.1,0.92,1.13,0.99,0.95,1.05,1.04,1.07,0.86,0.38,0.99,0.66,Chad Patrick,694477,SV,91,2026,1.1,12.8,7.9,9.9,5.7,51.2,31.8,10
0.99,0.98,1.01,0.95,1.11,1.0,0.95,1.06,0.96,1.02,1.07,1.04,1.12,0.85,0.9,0.98,0.68,Cionel Perez,672335,SV,62,2026,1.03,4.7,2.0,3.4,1.6,18.4,5.7,10
1.25,1.11,0.98,1.04,1.0,0.8,1.25,1.24,1.0,0.91,1.07,0.98,1.14,0.86,0.5,0.99,-0.03,Jose Quintana,500779,SV,98,2026,1.26,19.6,4.4,13.3,4.3,75.0,17.1,10
1.2,1.17,1.04,0.96,1.18,1.16,1.14,0.92,1.01,0.89,0.9,1.03,1.04,0.8,0.92,1.1,1.09,Tony Santillan,663574,SV,126,2026,1.15,4.0,1.4,2.3,1.3,14.9,6.3,10
0.94,1.01,1.0,1.0,1.02,1.03,0.94,0.98,1.01,1.01,1.03,1.0,0.99,1.0,0.98,1.0,0.97,Collin Snider,676092,SV,51,2025,1.0,5.1,1.9,2.7,1.3,20.4,5.9,10
0.82,1.12,1.01,0.97,1.19,1.07,0.86,0.91,1.03,1.14,1.09,0.99,0.96,1.13,0.9,1.02,1.56,Michael Soroka,647336,SV,326,2026,0.88,23.5,2.1,16.7,3.3,89.7,7.6,10
1.05,1.02,1.0,0.95,0.94,1.02,0.96,0.97,0.99,1.04,0.9,1.01,1.0,0.93,1.25,1.02,0.76,Marcus Stroman,573186,SV,504,2025,1.08,19.4,4.0,12.5,4.3,76.8,13.8,10
1.0,1.0,1.0,1.0,1.0,1.0,1.0,1.0,1.0,1.0,1.0,1.0,1.0,1.0,1.0,1.0,1.0,Jose Trevino,624431,KN,26,2026,0.92,4.6,2.8,2.3,2.1,15.1,6.7,7
0.97,0.79,1.03,1.01,1.73,1.06,1.08,0.81,1.0,0.91,1.04,1.04,1.29,0.85,0.64,0.99,0.83,Matt Waldron,663362,KN,110,2026,1.06,21.0,6.1,12.7,3.6,79.0,23.1,10
0.97,0.99,1.0,1.0,0.99,1.0,1.14,1.01,1.04,0.99,1.0,1.0,0.98,0.99,0.99,1.02,1.09,Matt Carasiti,571539,FO,53,2024,0.31,6.1,2.6,3.3,1.4,24.1,6.6,7
1.37,0.75,1.02,1.08,0.96,1.03,1.21,0.94,0.98,0.63,0.9,1.02,1.15,0.85,0.54,1.01,6.23,Roki Sasaki,808963,FO,141,2026,0.31,22.1,2.4,15.5,2.8,89.5,8.5,10
0.93,0.97,1.01,0.94,0.88,0.91,0.87,1.56,0.98,1.18,1.02,1.0,0.94,1.07,1.44,0.99,-1.14,Kodai Senga,673540,FO,86,2026,0.31,20.8,3.2,13.7,3.8,78.9,13.8,10
0.97,1.0,1.0,1.0,1.05,1.03,0.97,0.98,1.03,1.0,1.0,1.0,1.0,1.0,1.0,1.0,0.59,Zack Thompson,668868,FO,72,2024,0.31,16.6,7.7,10.0,4.8,63.4,28.0,5
