"last_name, first_name","player_id","year","pa"
"Gibaut, Ian",664139,2022,161
"Wade, Konner",592831,2021,64
"White, Mitch",669952,2021,197
"Gallegos, Giovanny",606149,2021,310
"Swanson, Erik",657024,2022,206
"Núñez, Eduarniel",674384,2025,60
"Estrada, Lazaro",681751,2026,14
"Hall, DL",669084,2025,155
"Rea, Colin",607067,2021,24
"Blach, Ty",621389,2022,193
"May, Dustin",669160,2022,127
"Brentz, Jake",641394,2021,278
"Roberts, Ethan",681799,2024,118
"De Jong, Chase",608328,2022,293
"Gray, Josiah",680686,2024,44
"Howard, Sam",607572,2022,12
"Koch, Matt",571863,2022,19
"Kowar, Jackson",663804,2021,154
"Drohan, Shane",675660,2026,130
"Funkhouser, Kyle",608335,2021,298
"Acevedo, Domingo",642758,2023,47
"Hoffmann, Andrew",694851,2026,59
"Davitt, Duncan",701474,2026,3
"Bieber, Shane",669456,2022,791
"Yardley, Eric",642233,2021,89
"Wacha, Michael",608379,2024,685
"Estévez, Carlos",608032,2022,235
"Pilkington, Konnor",663455,2025,123
"Sewald, Paul",623149,2025,81
"Keller, Mitch",656605,2025,749
"Speas, Alex",666208,2023,12
"Sceroler, Mac",669135,2021,48
"Sherriff, Ryan",595411,2021,72
"Rodriguez, Eduardo",593958,2021,675
"Maldonado, Anthony",687424,2025,33
"Gallen, Zac",668678,2025,813
"Wood, Alex",622072,2022,555
"Pearson, Nate",663878,2021,71
"Bolaños, Ronald",671790,2021,25
"Megill, Tylor",656731,2025,305
"Ashcraft, Braxton",677952,2026,297
"Bednar, David",670280,2026,111
"Burr, Ryan",621114,2021,151
"Berríos, José",621244,2022,753
"Castro, Anthony",621593,2021,109
"Hanhold, Eric",621098,2021,47
"Bernardino, Brennan",657514,2026,103
"Zeferjahn, Ryan",666171,2026,122
"Avila, Luinder",679883,2025,56
"Contreras, Roansy",672710,2025,51
"Jacob, Alek",689690,2024,57
"Cruz, Fernando",518585,2024,288
"Scherzer, Max",453286,2026,84
"McKenzie, Triston",663474,2023,73
"Mattson, Isaac",676755,2025,198
"Strowd, Kade",669704,2025,105
"Fairbanks, Pete",664126,2024,185
"Weaver, Luke",596133,2026,105
"Hentges, Sam",656529,2026,38
"Woodford, Jake",663765,2025,170
"Mills, Alec",621219,2022,84
"Spiers, Carson",686730,2024,410
"Feyereisen, J.P.",656420,2021,234
"Cease, Dylan",656302,2022,747
"Ginkel, Kevin",656464,2026,96
"López, Reynaldo",625643,2023,278
"Kittredge, Andrew",552640,2026,56
"Guduan, Reymin",594056,2021,65
"Bernardino, Brennan",657514,2024,226
"Cabrera, Edward",665795,2021,120
"Maeda, Kenta",628317,2023,428
"Silseth, Chase",681217,2026,90
"Weiss, Zack",592848,2023,58
"Thielbar, Caleb",573204,2025,220
"Nola, Aaron",605400,2024,820
"Wheeler, Zack",554430,2024,787
"Gómez, Yoendrys",672782,2025,277
"Chapman, Aroldis",547973,2025,228
"Tonkin, Michael",543859,2023,325
"Scott, Tayler",605463,2025,134
"Wilson, Will",669717,2025,8
"Tong, Jonah",804636,2026,47
"Okert, Steven",595345,2026,107
"Kittredge, Andrew",552640,2023,50
"Núñez, Darien",628345,2021,33
"Nittoli, Vinny",657697,2024,46
"Kelly, Michael",547184,2024,128
"Clippard, Tyler",461325,2022,28
"Gilbert, Logan",669302,2021,503
"Bradley, Taj",671737,2025,605
"Cameron, Noah",702070,2025,556
"Strzelecki, Peter",657265,2023,163
"Knebel, Corey",608349,2022,193
"Kent, Zak",687849,2025,76
"Rodríguez, Yariel",684320,2024,368
"Cobb, Alex",502171,2021,393
"Festa, Matt",670036,2022,219
"Karinchak, James",675916,2022,160
"Ross, Joe",605452,2026,22
"Ramírez, Erasmo",541640,2025,42
"Milone, Tommy",543548,2021,65
"Kerr, Ray",678061,2022,21
"Díaz, Alexis",664747,2022,255
"Holton, Tyler",663947,2026,116
"Orze, Eric",679358,2026,118
"Snelling, Robby",702281,2026,22
"Szapucki, Thomas",663378,2021,20
"Fisher, Nate",688010,2022,11
"Arrighetti, Spencer",681293,2024,632
"Headrick, Brent",687396,2025,92
"Estes, Joey",683155,2024,543
"Luzardo, Jesús",666200,2021,437
"Scholtens, Jesse",669947,2026,164
"Peguero, Elvis",665625,2023,252
"Buchanan, David",571527,2024,14
"Martinez, Seth",661527,2024,222
"Avila, Pedro",658648,2024,353
"Brice, Austin",592169,2022,27
"Dunning, Dane",641540,2022,671
"Henry, Tommy",674072,2022,205
"Hudson, Bryan",663542,2024,231
"Hamel, Dom",687589,2025,6
"Woodruff, Brandon",605540,2023,253
"O'Brien, Riley",676617,2024,46
"Peacock, Matt",676840,2022,46
"Bleier, Richard",542947,2023,132
"Brogdon, Connor",641401,2023,127
"Brazobán, Huascar",623211,2026,124
"Juenger, Hayden",696522,2026,7
"Thompson, Ryan",657044,2025,175
"Chafin, Andrew",605177,2025,143
"Kremer, Dean",665152,2021,245
"Martinez, Carlos",593372,2021,363
"Abbott, Andrew",671096,2023,459
"Adon, Joan",672851,2024,48
"Lee, Dylan",669276,2022,201
"Bradford, Cody",674003,2024,308
"Gil, Luis",661563,2025,244
"Gore, MacKenzie",669022,2022,309
"Kuhnel, Joel",669270,2022,255
"Abbott, Cory",676265,2023,184
"Wood, Alex",622072,2024,186
"Rainey, Tanner",663432,2024,231
"DeSclafani, Anthony",543101,2023,419
"Willingham, Amos",686294,2024,5
"Woods Richardson, Simeon",680573,2025,471
"Flaherty, Jack",656427,2025,681
"Boxberger, Brad",502202,2022,268
"Warren, Will",701542,2024,110
"Lynn, Lance",458681,2021,641
"Houser, Adrian",605288,2023,481
"Boyd, Matthew",571510,2025,718
"Skenes, Paul",694973,2026,255
"Teng, Kai-Wei",678906,2024,55
"Paddack, Chris",663978,2025,670
"Gordon, Tanner",685299,2025,337
"Estrada, Jeremiah",669093,2023,56
"Walker, Taijuan",592836,2026,115
"Sanchez, Aaron",592717,2022,265
"Fernandez, Ryan",681676,2025,140
"Burns, Andy",542992,2021,6
"Borucki, Ryan",621366,2021,98
"Smith-Shawver, AJ",700363,2023,105
"Jackson, Luke",592426,2024,235
"Boyle, Joe",671212,2023,60
"Young, Alex",622065,2024,68
"Alvarez, Eddy",657193,2024,5
"Stanek, Ryne",592773,2023,213
"Joyce, Ben",690829,2025,21
"Pruitt, Austin",643493,2024,24
"Mayers, Mike",594577,2021,315
"Kennedy, Brett",664028,2023,83
"Gil, Luis",661563,2026,85
"Thompson, Ryan",657044,2024,272
"Small, Ethan",663629,2023,23
"Eickhoff, Jerad",595191,2021,104
"Patiño, Luis",672715,2023,99
"Little, Luke",681432,2026,5
"Hendrix, Ryan",641682,2021,142
"Adams, Travis",701519,2026,51
"Bieber, Shane",669456,2021,405
"Chavez, Jesse",445926,2022,292
"García, Rony",665621,2022,206
"López, Jorge",605347,2025,105
"Armstrong, Shawn",542888,2022,270
"Woodruff, Brandon",605540,2026,121
"Lawrence, Justin",664875,2022,191
"Cornelio, Riley",683000,2026,12
"Brasier, Ryan",518489,2022,263
"Kranick, Max",668820,2025,150
"Sulser, Cole",642121,2024,66
"Birdsong, Hayden",806185,2024,315
"Valdez, Framber",664285,2024,703
"Detwiler, Ross",446321,2021,229
"Burnes, Corbin",669203,2021,657
"Kaprielian, James",621076,2023,280
"Beede, Tyler",595881,2021,6
"Sims, Lucas",608371,2024,215
"Cishek, Steve",518553,2021,308
"Megill, Trevor",656730,2024,183
"Corbin, Patrick",571578,2026,211
"Eovaldi, Nathan",543135,2026,314
"Hart, Kyle",606996,2026,68
"Brieske, Beau",689225,2022,339
"Peguero, Joel",666711,2025,86
"Harvey, Hunter",640451,2024,219
"Fedde, Erick",607200,2021,590
"Nelson, Jimmy",519076,2021,116
"Abner, Philip",691769,2026,8
"Borucki, Ryan",621366,2022,111
"Raley, Brooks",548384,2023,236
"Stephenson, Robert",596112,2023,201
"Rivera, Eduardo",700842,2026,10
"Duarte, Daniel",650960,2026,7
"Waldrep, Hurston",694462,2024,36
"Quijada, José",650671,2023,41
"Pérez, Oliver",424144,2022,24
"Houck, Tanner",656557,2022,247
"Solomon, Peter",656981,2023,67
"Peralta, Wily",503449,2021,402
"Hudson, Daniel",543339,2023,14
"Cleavinger, Garrett",664076,2026,55
"Muñoz, Rolddy",691548,2025,21
"Tetreault, Jackson",676194,2022,96
"Anderson, Tyler",542881,2024,765
"Kickham, Mike",592464,2021,12
"Gilbreath, Lucas",656458,2024,12
"Green, Chad",643338,2025,190
"Buehler, Walker",621111,2021,815
"Green, Chad",643338,2023,52
"Kikuchi, Yusei",579328,2022,454
"Duran, Jhoan",661395,2024,228
"Tepera, Ryan",572193,2021,241
"Ramírez, Yohan",670990,2022,167
"Sims, Lucas",608371,2025,72
"Daniel, Davis",669721,2024,134
"Blanco, Ronel",669854,2022,32
"Kremer, Dean",665152,2024,553
"Cortes, Nestor",641482,2021,374
"De Jong, Chase",608328,2023,60
"Altavilla, Dan",656186,2021,5
"Ramirez, Emmanuel",642629,2024,92
"Sánchez, Cristopher",650911,2023,396
"Pérez, Martín",527048,2025,228
"Suárez, Andrew",605498,2023,130
"Peralta, Sammy",671111,2023,90
"Espada, Jose",664744,2023,5
"McGee, Jake",459429,2022,163
"McArthur, James",663704,2023,90
"Junk, Janson",676083,2021,71
"Rasmussen, Drew",656876,2024,116
"O'Brien, Riley",676617,2022,5
"Giolito, Lucas",608337,2026,57
"Akin, Keegan",669211,2022,329
"Simpson, Josh",681006,2025,151
"Garza, Justin",621057,2021,128
"Newcomb, Sean",656794,2021,150
"Ramírez, Erasmo",541640,2024,85
"Hurter, Brant",676428,2024,175
"Cecconi, Slade",677944,2026,272
"Grove, Michael",675627,2024,216
"Strider, Spencer",675911,2023,763
"Brasier, Ryan",518489,2024,110
"Andrews, Clayton",677076,2023,22
"White, Owen",669391,2023,19
"Gordon, Tanner",685299,2026,158
"Jiménez, Joe",641729,2022,231
"Brogdon, Connor",641401,2024,19
"Farmer, Buck",571656,2022,199
"Lugo, Seth",607625,2024,836
"Burnes, Corbin",669203,2024,784
"Irvin, Cole",608344,2023,336
"Shuster, Jared",694363,2023,230
"Cousins, Jake",664776,2024,155
"Yarbrough, Ryan",642232,2025,264
"Ortiz, Luis",656814,2023,80
"García, Deivi",665620,2023,67
"Bellatti, Andrew",571479,2022,231
"McGough, Scott",543518,2023,301
"Winans, Allan",642216,2024,41
"Hurter, Brant",676428,2026,101
"Lakins, Travis",664042,2021,123
"Mattson, Isaac",676755,2024,23
"Woodford, Jake",663765,2023,222
"Sampson, Adrian",592716,2022,428
"Klobosits, Gabe",656620,2021,52
"Festa, Matt",670036,2024,100
"Gibson, Cade",806188,2025,230
"Dodd, Dylan",689266,2023,164
"Rogers, Tyler",643511,2022,319
"Ferguson, Caleb",657571,2026,19
"Santos, Gregory",666619,2021,13
"Jansen, Kenley",445276,2025,234
"Mayers, Mike",594577,2023,119
"Severino, Luis",622663,2022,405
"Rodríguez, Elvin",660730,2025,90
"Suárez, Albert",544150,2024,565
"Kuhl, Chad",641771,2024,240
"Scholtens, Jesse",669947,2025,38
"Stephens, Jackson",623451,2023,52
"Lucas, Easton",687922,2025,108
"López, Pablo",641154,2021,418
"Latz, Jacob",656641,2025,348
"Graceffo, Gordon",700669,2025,193
"Dugger, Robert",667498,2021,121
"Wicks, Jordan",696136,2023,147
"Davidson, Tucker",656353,2021,83
"Zerpa, Angel",672582,2021,20
"Seabold, Connor",657756,2022,97
"Criswell, Cooper",681867,2023,151
"Warren, Austin",681810,2026,83
"Martinez, Adrián",661309,2022,259
"Sanmartin, Reiver",665665,2025,8
"Rolison, Ryan",669020,2025,193
"Lee, Dylan",669276,2024,240
"Kinley, Tyler",641755,2025,308
"Lodolo, Nick",666157,2025,642
"Bolton, Cody",675989,2026,95
"Junis, Jakob",596001,2026,102
"De Jesus, Enmanuel",646241,2026,112
"Treinen, Blake",595014,2025,129
"Baez, Michel",673258,2022,7
"Sommers, Drew",805427,2026,4
"Tinoco, Jesus",622786,2022,84
"Hill, Rich",448179,2023,660
"Winder, Josh",680739,2023,147
"Fuentes, Didier",800311,2026,94
"Senga, Kodai",673540,2026,97
"Martin, Chris",455119,2026,49
"King, Michael",650633,2023,431
"Howard, Spencer",675921,2023,18
"Liberatore, Matthew",669461,2024,358
"Hamilton, Ian",641656,2023,239
"Alexander, Tyler",641302,2022,427
"González, Wikelman",682790,2025,87
"González, Victor",624647,2024,97
"Rodriguez, Grayson",680570,2024,491
"Snell, Blake",605483,2023,742
"Givens, Mychal",571710,2022,260
"Alcala, Jorge",660896,2024,235
"Alcala, Jorge",660896,2021,229
"Bazardo, Eduard",660825,2023,67
"Holmes, Clay",605280,2024,271
"Heasley, Jonathan",669169,2021,59
"Alzolay, Adbert",640470,2024,75
"Garrett, Reed",657585,2024,247
"Greinke, Zack",425844,2021,697
"Lambert, Jimmy",669424,2023,172
"Hall, DL",669084,2026,118
"Romano, Sal",607219,2021,118
"Laweryson, Cody",689520,2026,30
"Musgrove, Joe",605397,2022,740
"Yamamoto, Jordan",657141,2021,33
"Kilian, Caleb",668873,2024,48
"Baz, Shane",669358,2024,319
"Woodruff, Brandon",605540,2021,708
"VerHagen, Drew",572403,2023,268
"Bielak, Brandon",656232,2023,353
"Young, Danny",664849,2024,165
"Muñoz, Andrés",662253,2026,99
"Eflin, Zach",621107,2022,313
"Rodriguez, Grayson",680570,2026,86
"Rodríguez, Dereck",605446,2022,34
"Soriano, José",667755,2024,468
"Stroman, Marcus",573186,2021,729
"Mikolas, Miles",571945,2026,245
"Bazardo, Eduard",660825,2026,113
"Trivino, Lou",642152,2022,250
"Pop, Zach",647315,2024,209
"Pinto, Ricardo",620982,2024,59
"Estévez, Carlos",608032,2024,212
"López, Pablo",641154,2025,312
"Crow, Coleman",689441,2026,58
"Burrows, Mike",681347,2025,402
"Bubic, Kris",663460,2026,207
"Spence, Mitch",687765,2026,21
"Fried, Max",608331,2022,733
"Margevicius, Nick",676606,2021,59
"Overton, Connor",656818,2023,55
"Waites, Cole",686972,2022,25
"Ríos, Yacksel",605441,2021,114
"Montgomery, Jordan",656756,2024,532
"Cortes, Nestor",641482,2024,710
"Lambert, Peter",663567,2023,375
"Cole, Gerrit",543037,2023,821
"Davis, Noah",663562,2023,146
"Harrison, Kyle",690986,2023,147
"Armstrong, Shawn",542888,2023,207
"Castillo, Luis F.",622379,2022,14
"Svanson, Matt",694335,2025,234
"Mears, Nick",683232,2025,222
"Canning, Griffin",656288,2026,120
"Ridings, Stephen",670050,2021,20
"Winckowski, Josh",670174,2022,316
"Hudson, Dakota",641712,2024,404
"Mlodzinski, Carmen",669387,2025,419
"Luzardo, Jesús",666200,2022,400
"Agnos, Zach",688642,2025,137
"Cease, Dylan",656302,2021,708
"Quantrill, Cal",615698,2021,616
"King, Michael",650633,2025,308
"Kuhnel, Joel",669270,2026,98
"Rodriguez, Bradgley",699134,2026,117
"Suero, Wander",593833,2025,32
"Fulmer, Michael",605242,2021,297
"Plesac, Zach",668676,2021,598
"Blach, Ty",621389,2023,352
"Phillips, Connor",683175,2023,96
"Kochanowicz, Jack",686799,2026,288
"Morán, Jovani",663558,2025,20
"De León, José",592254,2025,28
"Patiño, Luis",672715,2022,98
"Kelly, Merrill",518876,2021,667
"Lovelady, Richard",663992,2023,96
"Finnegan, Kyle",640448,2024,271
"Holmes, Clay",605280,2025,708
"Márquez, Germán",608566,2023,80
"Rogers, Tyler",643511,2023,309
"Santos, Gregory",666619,2026,22
"Allen, Logan",671106,2026,19
"Calvo, Blair",663971,2023,3
"Blewett, Scott",656240,2025,194
"Howard, Sam",607572,2021,200
"Stewart, Brock",592779,2023,109
"Wright Jr., Mike",605541,2021,81
"Stewart, Kohl",640464,2021,64
"Winckowski, Josh",670174,2024,336
"Barnes, Jacob",606930,2022,97
"Fulmer, Michael",605242,2022,276
"Payamps, Joel",606303,2022,241
"Alcala, Jorge",660896,2022,10
"Toussaint, Touki",657053,2021,216
"Davis, Austin",656354,2022,264
"Bazardo, Eduard",660825,2021,12
"Aldegheri, Sam",691951,2024,67
"Ferguson, Caleb",657571,2023,270
"Maton, Phil",664208,2023,274
"Sisk, Evan",681895,2025,80
"Skubal, Tarik",669373,2024,753
"Ragans, Cole",666142,2024,762
"Suter, Brent",608718,2021,313
"Irvin, Cole",608344,2021,768
"Banda, Anthony",607455,2025,269
"Vásquez, Randy",681190,2024,431
"Boyd, Matthew",571510,2026,100
"McClanahan, Shane",663556,2026,222
"Faucher, Calvin",676534,2024,235
"Gilbert, Tyler",656457,2024,38
"Ashby, Aaron",676879,2026,158
"Smith, Will",519293,2022,261
"Gilbreath, Lucas",656458,2025,4
"Alexander, Scott",518397,2022,63
"Kittredge, Andrew",552640,2024,287
"Quintana, Jose",500779,2024,717
"Hader, Josh",623352,2023,231
"Roupp, Landen",694738,2025,476
"Quijada, José",650671,2024,84
"Eisert, Brandon",685126,2025,306
"La Sorsa, Joe",686747,2023,145
"Gustave, Jandel",594311,2022,120
"Hentges, Sam",656529,2023,223
"McGee, Easton",668834,2025,62
"Cruz, Steven",674444,2025,189
"Parsons, Wes",641149,2024,38
"Martin, Corbin",656686,2022,101
"Holmes, Grant",656550,2026,244
"Walker, Taijuan",592836,2022,649
"Sasaki, Roki",808963,2025,161
"Enns, Dietrich",608650,2025,200
"Weems, Jordan",607179,2021,30
"Rodríguez, Elvin",660730,2022,143
"Pomeranz, Drew",519141,2025,203
"Senga, Kodai",673540,2025,482
"Hoffman, Nolan",676510,2026,21
"Sullivan, Brett",664954,2026,19
"Tong, Jonah",804636,2025,87
"Pepiot, Ryan",686752,2024,539
"Ort, Kaleb",672391,2023,107
"Yoho, Craig",684974,2025,41
"Hatch, Thomas",641672,2025,152
"Schreiber, John",670167,2021,13
"Diekman, Jake",518617,2024,145
"Cruz, Fernando",518585,2022,64
"Bird, Jake",656234,2025,248
"Happ, J.A.",457918,2021,671
"Miller, Mason",695243,2023,139
"Flexen, Chris",623167,2025,178
"Hudson, Daniel",543339,2022,97
"Valdez, César",491624,2021,210
"Steele, Justin",657006,2023,716
"Wynne, Randy",691094,2023,11
"Peralta, Sammy",671111,2024,72
"Feyereisen, J.P.",656420,2024,48
"Gallegos, Giovanny",606149,2024,94
"Assad, Javier",665871,2024,638
"White, Brendan",686839,2023,177
"Hjelle, Sean",663546,2023,139
"McDonald, Trevor",686790,2026,144
"Kuhnel, Joel",669270,2023,58
"Romano, Jordan",605447,2026,42
"Martinez, Nick",607259,2022,448
"Hentges, Sam",656529,2021,318
"Suarez, Ranger",624133,2025,651
"Ryan, Joe",657746,2022,604
"Syndergaard, Noah",592789,2022,565
"Winn, Keaton",676775,2024,238
"Hampson, Garrett",641658,2024,4
"Pepiot, Ryan",686752,2023,159
"Winn, Cole",668390,2025,162
"Blubaugh, AJ",805123,2025,125
"Reed, Cody",642003,2021,42
"Crochet, Garrett",676979,2021,230
"Dunning, Dane",641540,2023,722
"Sewald, Paul",623149,2023,249
"Feltner, Ryan",663372,2024,692
"Barria, Jaime",642545,2023,362
"Naughton, Packy",676050,2023,17
"Abbott, Cory",676265,2021,82
"Quijada, José",650671,2022,169
"Scherzer, Max",453286,2021,693
"Workman, Brandon",519443,2021,136
"Tate, Dillon",622253,2022,292
"Burnes, Corbin",669203,2022,797
"García, Jarlín",606424,2022,270
"Scott, Tanner",656945,2026,94
"Bivens, Spencer",702352,2024,202
"Brito, Jhony",666745,2024,185
"Moronta, Reyes",606625,2022,161
"Lorenzen, Michael",547179,2024,535
"Sánchez, Cristopher",650911,2024,754
"Odorizzi, Jake",543606,2021,441
"Santana, Dennis",642701,2021,237
"Bradley, Taj",671737,2023,460
"Baker, Bryan",641329,2025,274
"Hembree, Heath",592390,2023,4
"Zuber, Tyler",676604,2025,59
"Stratton, Chris",608717,2024,257
"Sborz, Josh",622250,2024,68
"Rutledge, Jackson",671131,2025,331
"Cruz, Steven",674444,2026,68
"Helsley, Ryan",664854,2024,266
"Jiménez, Dany",666204,2023,94
"Guilmet, Preston",543258,2021,7
"Ureña, José",570632,2024,463
"Gausman, Kevin",592332,2025,775
"Cox, Austin",680735,2023,149
"Wrobleski, Justin",680736,2026,250
"Poteet, Cody",547001,2021,132
"Sánchez, Miguel",667376,2022,58
"Márquez, Germán",608566,2022,779
"Morimando, Shawn",596049,2021,54
"Abbott, Andrew",671096,2024,586
"deGrom, Jacob",594798,2021,324
"Domínguez, Seranthony",622554,2023,224
"Sterner, Justin",686993,2024,19
"Chargois, JT",608638,2022,86
"Lawrence, Justin",664875,2026,106
"Smyly, Drew",592767,2024,257
"Cousins, Jake",664776,2023,45
"Olson, Reese",681857,2024,465
"Eflin, Zach",621107,2023,703
"Schultz, Paxton",687606,2026,98
"Borucki, Ryan",621366,2026,104
"Davies, Zach",605200,2022,570
"Megill, Trevor",656730,2023,148
"Toussaint, Touki",657053,2024,117
"Montero, Rafael",606160,2021,225
"Lauer, Eric",641778,2025,426
"Herrera, Welinton",700327,2026,10
"Manaea, Sean",640455,2021,754
"Miller, Andrew",453192,2021,164
"Lynch IV, Daniel",663738,2025,289
"Matthews, Zebby",805673,2026,95
"Giles, Ken",571704,2022,17
"Wright, Kyle",657140,2022,738
"Lovelady, Richard",663992,2026,122
"Mushinski, Parker",656786,2023,69
"Strickland, Hunter",519326,2025,91
"Raley, Brooks",548384,2025,99
"Ramirez, Nick",598286,2023,172
"Stroman, Marcus",573186,2024,675
"Ray, Robbie",592662,2026,269
"Hill, Rich",448179,2022,526
"Gilbert, Logan",669302,2022,766
"Nola, Aaron",605400,2021,749
"Abreu, Albert",656061,2023,268
"Musgrove, Joe",605397,2023,399
"Holderman, Colin",670059,2025,125
"Koenig, Jared",657649,2022,177
"Frías, Luis",666818,2023,139
"Sims, Lucas",608371,2023,258
"Garabito, Gerson",642520,2025,41
"Alcantara, Sandy",645261,2021,837
"Iglesias, Raisel",628452,2025,267
"deGrom, Jacob",594798,2026,259
"Okert, Steven",595345,2024,160
"Dodd, Dylan",689266,2024,9
"Baz, Shane",669358,2022,117
"Cecconi, Slade",677944,2024,338
"Richards, Trevor",670950,2021,251
"Reyes, Alex",621052,2021,317
"Smith, Caleb",592761,2021,500
"Yamamoto, Yoshinobu",808967,2025,684
"Manaea, Sean",640455,2026,176
"Buttó, José",676130,2026,16
"Kennedy, Ian",453178,2022,232
"Sousa, Bennett",656986,2025,199
"Sheffield, Justus",656954,2021,385
"Zuñiga, Guillo",670871,2023,8
"Nardi, Andrew",677053,2026,99
"Phillips, Tyler",663969,2026,165
"Adcock, Ty",686654,2023,58
"Chapman, Aroldis",547973,2022,160
"Alvarado, José",621237,2021,251
"Matz, Steven",571927,2021,647
"Yamamoto, Yoshinobu",808967,2026,270
"Kirby, George",669923,2022,542
"McClanahan, Shane",663556,2022,640
"Nicolas, Kyle",693312,2025,167
"Saucedo, Tayler",642048,2021,109
"Kay, Anthony",641743,2023,66
"Gómez, Yoendrys",672782,2026,131
"Sears, JP",676664,2022,288
"Darvish, Yu",506433,2024,331
"Alexander, Jason",669920,2022,321
"López, Pablo",641154,2022,736
"Alvarez, R.J.",571439,2022,13
"Castillo, Diego",650895,2021,233
"Kershaw, Clayton",477132,2021,488
"Báez, Pedro",520980,2021,15
"Anderson, Nick",623433,2024,153
"Gasser, Robert",688107,2024,114
"Shuster, Jared",694363,2024,321
"Wilson, Steven",621051,2025,241
"Johnson, Pierce",572955,2022,64
"Okert, Steven",595345,2021,142
"Rashi, Taylor",688497,2025,72
"Ramos, AJ",573109,2021,16
"Singer, Brady",663903,2021,586
"Mills, Alec",621219,2023,10
"Taylor, Grant",691799,2026,122
"Cleavinger, Garrett",664076,2023,48
"Kolarek, Adam",592473,2023,22
"Winn, Keaton",676775,2025,42
"Lawrence, Justin",664875,2025,69
"Mederos, Victor",682989,2024,27
"Bermúdez, Jonathan",642834,2024,33
"Uelmen, Erich",657272,2022,122
"Pepiot, Ryan",686752,2022,160
"Banda, Anthony",607455,2024,209
"Treinen, Blake",595014,2021,286
"Beede, Tyler",595881,2024,68
"Almonte, Yency",622075,2021,217
"Stanek, Ryne",592773,2021,290
"Heaney, Andrew",571760,2025,536
"Schwellenbach, Spencer",680885,2025,434
"Shuster, Jared",694363,2025,82
"Wilcox, Cole",677961,2025,12
"Curtiss, John",595928,2023,81
"Minor, Mike",501985,2022,455
"Loáisiga, Jonathan",642528,2025,135
"Lively, Ben",594902,2025,178
"Del Pozo, Miguel",600887,2021,25
"Kelly, Joe",523260,2024,143
"Pressly, Ryan",519151,2022,181
"Senzatela, Antonio",622608,2021,670
"Williams, Devin",642207,2025,259
"Manaea, Sean",640455,2024,738
"Erceg, Lucas",668674,2026,104
"Hanifee, Brenan",669724,2023,23
"Chacín, Jhoulys",468504,2022,219
"Curtiss, John",595928,2021,187
"Castillo, Luis",622491,2022,615
"Stephenson, Robert",596112,2022,247
"Hess, David",605276,2021,102
"Muñoz, Roddery",682610,2024,379
"Roberts, Ethan",681799,2026,61
"Middleton, Keynan",641871,2021,140
"Soto, Gregory",642397,2023,250
"Holton, Tyler",663947,2025,312
"Junis, Jakob",596001,2025,274
"Gray, Jon",592351,2022,521
"Newberry, Jake",623470,2021,24
"Ashby, Aaron",676879,2021,133
"Ort, Kaleb",672391,2024,93
"Assad, Javier",665871,2026,108
"Schmidt, Clarke",657376,2022,236
"Ray, Robbie",592662,2023,19
"Hagenman, Justin",663795,2025,99
"Hardy, Blaine",543278,2021,7
"Tapia, Domingo",593619,2022,90
"Richards, Garrett",572070,2022,185
"Mayza, Tim",641835,2021,211
"Suter, Brent",608718,2025,291
"Bush, Matt",456713,2022,244
"Strider, Spencer",675911,2026,127
"Cortes, Nestor",641482,2022,615
"Krol, Ian",571871,2021,86
"Lowder, Rhett",695076,2024,128
"Bido, Osvaldo",674370,2024,259
"Rodriguez, Eduardo",593958,2025,694
"Okert, Steven",595345,2022,221
"Rangel, Alan",660604,2026,12
"Sims, Lucas",608371,2021,195
"Falter, Bailey",663559,2023,347
"Festa, David",701581,2025,229
"Bumgarner, Madison",518516,2023,90
"Sugano, Tomoyuki",608372,2026,265
"Graterol, Brusdar",660813,2023,257
"Beede, Tyler",595881,2022,285
"Thielbar, Caleb",573204,2021,266
"Bradley, Taj",671737,2026,236
"Romero, JoJo",668941,2021,44
"Stephan, Trevor",663986,2021,282
"Curvelo, Luis",681168,2026,21
"Tonkin, Michael",543859,2025,103
"Marte, José",665896,2024,80
"Rasmussen, Drew",656876,2022,584
"Hollowell, Gavin",668970,2022,32
"Barria, Jaime",642545,2021,250
"Hicks, Jordan",663855,2023,285
"Bielak, Brandon",656232,2022,54
"Vargas, Carlos",672841,2023,22
"Miley, Wade",489119,2024,30
"Ryan, Joe",657746,2024,538
"Kluber, Corey",446372,2023,257
"Wolfram, Grant",664991,2025,133
"Wood, Hunter",621056,2021,19
"Sheffield, Jordan",642068,2021,116
"Peralta, Freddy",642547,2023,680
"Rogers, Taylor",573124,2021,166
"Hollowell, Gavin",668970,2026,11
"Lester, Jon",452657,2021,627
"Otañez, Michel",671305,2024,151
"Rodríguez, Yerry",666720,2023,66
"McLean, Nolan",690997,2026,276
"Heaney, Andrew",571760,2021,558
"Povich, Cade",700249,2026,82
"Sproat, Brandon",687075,2026,217
"Phillips, Evan",623465,2025,22
"Bachar, Lake",669199,2024,40
"Littell, Zack",641793,2021,252
"Quantrill, Cal",615698,2023,444
"Waldrep, Hurston",694462,2025,229
"Springs, Jeffrey",605488,2026,277
"Kay, Anthony",641743,2022,10
"Hart, Kyle",606996,2025,179
"Estévez, Carlos",608032,2025,269
"Zerpa, Angel",672582,2023,182
"Eder, Jake",671109,2026,15
"Alexy, A.J.",669935,2021,97
"Rasmussen, Drew",656876,2025,585
"Willingham, Amos",686294,2023,116
"Nola, Aaron",605400,2026,264
"Morgan, David",688158,2026,68
"Ashcraft, Graham",668933,2022,464
"Nikhazy, Doug",680951,2025,23
"Lugo, Seth",607625,2021,195
"Rosenberg, Kenny",670046,2024,104
"Garcia, Luis",677651,2021,633
"Glasnow, Tyler",607192,2023,485
"Eaton, Adam",594809,2021,5
"Saucedo, Tayler",642048,2022,15
"Arrighetti, Spencer",681293,2026,198
"Holland, Greg",518813,2022,20
"Kopech, Michael",656629,2025,53
"Alaniz, R.J.",595798,2021,13
"Mahle, Tyler",641816,2024,56
"Díaz, Edwin",621242,2026,33
"Hudson, Bryan",663542,2023,44
"Whisenhunt, Carson",687931,2025,102
"Fernández, Junior",658551,2021,96
"Brash, Matt",666374,2023,308
"Henriquez, Ronny",678692,2024,82
"Reid-Foley, Sean",656887,2023,34
"Sborz, Josh",622250,2022,100
"Cleavinger, Garrett",664076,2022,92
"Snyder, Nick",676766,2021,15
"deGrom, Jacob",594798,2022,239
"Barlow, Scott",605130,2024,241
"Criswell, Cooper",681867,2021,10
"Curry, Xzavion",675540,2022,47
"Kimbrel, Craig",518886,2024,232
"Romano, Jordan",605447,2024,62
"Underwood Jr., Duane",621249,2023,100
"Medina, Luis",665622,2026,105
"Kelly, Kevin",687330,2025,171
"Blewett, Scott",656240,2024,85
"Mikolas, Miles",571945,2023,860
"Watson, Ryan",670245,2026,151
"Zimmermann, Bruce",669145,2022,320
"Stephens, Jackson",623451,2022,235
"Ottavino, Adam",493603,2022,258
"Zimmermann, Jordan",519455,2021,26
"Stripling, Ross",548389,2021,431
"Turnbull, Spencer",605513,2023,145
"Ortega, Oliver",661383,2022,148
"Matsui, Yuki",673513,2026,61
"De Los Santos, Enyel",660853,2022,215
"Wacha, Michael",608379,2022,515
"Mazza, Chris",607391,2022,35
"Kahnle, Tommy",592454,2022,46
"Smith, Riley",642092,2021,301
"Montero, Keider",672456,2025,389
"Hernández, Darwinzon",650382,2022,43
"Beasley, Jeremy",676886,2021,47
"Hill, Tim",657612,2024,291
"Raquet, Nick",675919,2025,7
"Stock, Robert",476594,2021,45
"Castillo, Max",666721,2022,170
"Luetge, Lucas",476595,2021,301
"Sammons, Bryan",676614,2024,104
"Hendricks, Kyle",543294,2024,567
"Bolton, Cody",675989,2023,107
"Parsons, Wes",641149,2023,26
"Wilson, Justin",458677,2022,13
"Anderson, Ian",666120,2025,51
"Rodríguez, Joely",570257,2021,207
"Weathers, Ryan",677960,2026,259
"Baumler, Carter",691945,2026,27
"Gordon, Colton",676467,2026,50
"Kaprielian, James",621076,2022,577
"Martinez, Seth",661527,2025,27
"Banda, Anthony",607455,2021,153
"Pop, Zach",647315,2022,157
"Allen, Logan",671106,2024,432
"Carrasco, Carlos",471911,2021,237
"Cameron, Noah",702070,2026,252
"Montero, Keider",672456,2026,242
"Mayza, Tim",641835,2023,215
"Nance, Tommy",667297,2021,127
"Ottavino, Adam",493603,2025,9
"Liberatore, Matthew",669461,2022,161
"Germán, Domingo",593334,2023,444
"Bachar, Lake",669199,2025,296
"Familia, Jeurys",544727,2023,64
"Thompson, Zach",605507,2022,543
"Rogers, Tyler",643511,2026,109
"Sauer, Matt",669422,2025,129
"Hernandez, Nick",663321,2023,18
"Gibson, Kyle",502043,2021,754
"Herget, Jimmy",623474,2025,347
"Padilla, Nicholas",656820,2022,9
"Barlow, Scott",605130,2023,299
"Warren, Art",605521,2021,82
"De Jong, Chase",608328,2021,196
"Moreta, Dauri",664294,2022,160
"Doval, Camilo",666808,2025,278
"Francis, Bowden",670102,2023,136
"Lange, Alex",656638,2026,109
"Nicolas, Kyle",693312,2026,42
"Pallante, Andre",669467,2022,457
"Veneziano, Anthony",685107,2024,58
"Castillo, Diego",650895,2024,43
"Wacha, Michael",608379,2023,553
"Hartlieb, Geoff",664129,2024,44
"Jump, Gage",695611,2026,49
"Ohtani, Shohei",660271,2025,187
"Head, Louis",545343,2022,138
"Mikolas, Miles",571945,2024,720
"Chandler, Bubba",696149,2026,259
"Romano, Jordan",605447,2023,248
"Keuchel, Dallas",572971,2024,79
"Wheeler, Zack",554430,2023,787
"Cano, Yennier",666974,2023,283
"Vanasco, Ricky",676568,2024,15
"Paddack, Chris",663978,2026,215
"Markel, Parker",571917,2022,13
"Ottavino, Adam",493603,2023,261
"Saalfrank, Andrew",685314,2024,8
"Henriquez, Ronny",678692,2025,303
"Mejía, Francisco",642336,2021,14
"Vest, Will",676684,2022,272
"González, Victor",624647,2023,135
"Guerrero, Tyron",594027,2026,24
"Molina, Anthony",683627,2026,6
"Guzmán, Jorge",660422,2021,15
"Hahn, Jesse",534910,2021,19
"Young, Danny",664849,2022,32
"Ragans, Cole",666142,2023,392
"Lambert, Peter",663567,2026,190
"Winans, Allan",642216,2025,46
"Assad, Javier",665871,2022,166
"Bender, Anthony",669622,2024,228
"Williams, Devin",642207,2021,226
"Duran, Jhoan",661395,2025,287
"Megill, Trevor",656730,2021,115
"Fujinami, Shintaro",660261,2023,357
"Alvarado, José",621237,2022,214
"Mills, Wyatt",670090,2026,21
"Robert, Daniel",642016,2024,26
"García, Yimi",554340,2021,237
"Walker, Taijuan",592836,2025,538
"Sousa, Bennett",656986,2022,96
"Biddle, Jesse",592145,2021,51
"Berríos, José",621244,2021,781
"Suárez, Albert",544150,2026,86
"Davis, Wade",451584,2021,190
"Vines, Darius",670241,2023,84
"McAllister, Zach",502083,2023,29
"Lynch IV, Daniel",663738,2022,600
"de Geus, Brett",676969,2025,10
"Overton, Connor",656818,2021,63
"Emanuel, Kent",592288,2021,68
"Lee, Evan",681885,2022,43
"Miller, Tyson",668338,2024,235
"Imanaga, Shota",684007,2024,694
"Gonsolin, Tony",664062,2023,435
"Walker, Josh",677020,2024,56
"Hancock, Emerson",676106,2025,385
"Gray, Sonny",543243,2026,206
"Krook, Matt",640454,2024,6
"Senzatela, Antonio",622608,2024,54
"Mize, Casey",663554,2022,45
"Irvin, Cole",608344,2024,492
"Strickland, Hunter",519326,2021,242
"Fried, Max",608331,2026,240
"Jansen, Kenley",445276,2024,218
"Paxton, James",572020,2024,437
"Estévez, Carlos",608032,2021,270
"Schoop, Jonathan",570731,2023,5
"Strider, Spencer",675911,2021,9
"Shoemaker, Matt",533167,2021,284
"Rocker, Kumar",677958,2026,240
"Lee, Chase",695445,2026,15
"García, Deivi",665620,2024,68
"Hernández, Carlos",672578,2021,358
"Robertson, David",502085,2023,269
"Verlander, Justin",434378,2025,662
"Santana, Dennis",642701,2022,255
"Richardson, Lyon",680689,2025,172
"Gutierrez, Vladimir",661269,2022,179
"Ray, Robbie",592662,2022,775
"Dugger, Robert",667498,2022,72
"Thompson, Mason",666168,2022,100
"Miller, Tyson",668338,2022,56
"Barlow, Joe",669618,2021,111
"Palencia, Daniel",694037,2026,53
"Helsley, Ryan",664854,2023,146
"Jackson, Jay",543351,2024,114
"Taylor, Troy",700187,2024,81
"Rosenberg, Kenny",670046,2022,47
"Velasquez, Vince",592826,2023,162
"Perkins, Jack",678022,2026,125
"Brebbia, John",605154,2025,115
"Gervase, Paul",801434,2025,39
"Senga, Kodai",673540,2024,20
"Rogers, Trevor",669432,2024,562
"Weaver, Luke",596133,2024,331
"Young, Brandon",687064,2025,256
"Robertson, Nick",687798,2023,106
"Arano, Víctor",644364,2022,187
"Ginkel, Kevin",656464,2023,255
"Edwards Jr., Carl",605218,2025,24
"Davies, Zach",605200,2023,377
"Grichuk, Randal",545341,2022,3
"Cimber, Adam",643256,2021,286
"Oller, Adam",670124,2023,101
"Gallen, Zac",668678,2026,261
"Lobstein, Kyle",543456,2021,8
"Vesia, Alex",681911,2021,161
"De Jesus, Angel",669804,2022,54
"Zeuch, T.J.",643615,2022,64
"Santana, Ervin",429722,2021,277
"Gallen, Zac",668678,2023,846
"Mikolas, Miles",571945,2025,669
"Jefferies, Daulton",641726,2024,73
"Bednar, David",670280,2024,262
"Vodnik, Victor",680767,2024,320
"Stripling, Ross",548389,2023,381
"Quintana, Jose",500779,2025,556
"Hatch, Thomas",641672,2021,45
"Miller, Mason",695243,2024,249
"Ober, Bailey",641927,2021,379
"Eovaldi, Nathan",543135,2021,764
"Bristo, Braden",668754,2023,30
"Bird, Jake",656234,2026,79
"Jax, Griffin",643377,2021,360
"May, Trevor",543507,2021,266
"Houck, Tanner",656557,2023,463
"Bednar, David",670280,2025,251
"Farrell, Luke",608652,2022,70
"Howard, Spencer",675921,2021,229
"Ray, Robbie",592662,2025,755
"Tidwell, Blade",694918,2025,78
"Gerber, Joey",680702,2025,15
"Snead, Kirby",669912,2024,48
"Ashcraft, Graham",668933,2024,350
"Pfaadt, Brandon",694297,2023,421
"Mayza, Tim",641835,2026,109
"Junk, Janson",676083,2026,255
"Navarro, Edgar",679346,2023,39
"Martinez, Justin",679885,2023,57
"Hatch, Thomas",641672,2022,26
"Hentges, Sam",656529,2022,245
"Mears, Nick",683232,2024,256
"McLean, Nolan",690997,2025,188
"Steckenrider, Drew",608716,2022,68
"Lorenzen, Michael",547179,2023,624
"Bracho, Silvino",611093,2023,31
"Bassitt, Chris",605135,2022,745
"Slaten, Justin",686580,2024,224
"Kelly, Michael",547184,2025,166
"Scott, Tayler",605463,2022,59
"Foley, Jason",671345,2023,276
"Milner, Hoby",571948,2025,293
"Gustave, Jandel",594311,2021,79
"Fairbanks, Pete",664126,2026,66
"Pintaro, Jonathan",702752,2026,12
"Francis, Bowden",670102,2025,288
"Senzatela, Antonio",622608,2026,130
"Wojciechowski, Asher",592879,2021,19
"Espino, Paolo",502179,2022,487
"Cavalli, Cade",676917,2022,23
"Nelson, Ryne",669194,2022,69
"McGee, Jake",459429,2021,239
"Cantillo, Joey",676282,2025,401
"Reyes, Gerardo",622103,2022,12
"Selman, Sam",572125,2022,75
"Porter, Logan",682515,2025,5
"Martin, Corbin",656686,2021,86
"Warren, Austin",681810,2023,6
"Bernardino, Brennan",657514,2022,13
"Dana, Caden",702674,2024,52
"Maciejewski, Josh",656671,2024,27
"Hoffman, Jeff",656546,2022,197
"Waldichuk, Ken",686610,2023,639
"Heasley, Jonathan",669169,2026,19
"Martin, Trevor",694680,2026,50
"Blackburn, Paul",621112,2022,467
"McGreevy, Michael",700241,2024,86
"Gaddis, Hunter",683769,2024,278
"Anderson, Nick",623433,2025,62
"Lamet, Dinelson",659275,2022,149
"Mejia, Juan",675848,2026,130
"Wright, Kyle",657140,2021,35
"Contreras, Luis",664351,2024,26
"Chavez, Jesse",445926,2023,144
"Cruz, Fernando",518585,2026,104
"Suter, Brent",608718,2022,272
"Snyder, Nick",676766,2022,7
"Hurt, Kyle",669165,2026,73
"Nicolas, Kyle",693312,2023,26
"Yang, Hyeon-Jong",660365,2021,160
"Brazobán, Huascar",623211,2023,257
"Mayza, Tim",641835,2022,193
"Faucher, Calvin",676534,2022,101
"Megill, Tylor",656731,2021,379
"Williams, Gavin",668909,2025,704
"Springs, Jeffrey",605488,2023,55
"Bush, Matt",456713,2021,17
"Blalock, Bradley",687134,2024,147
"Hunter, Tommy",488984,2022,94
"Thornton, Trent",663423,2024,294
"Marinaccio, Ron",676760,2026,126
"Melton, Troy",675512,2025,180
"McCullers Jr., Lance",621121,2026,172
"McDermott, Chayce",694646,2026,4
"Fry, Paul",643316,2022,61
"Pressly, Ryan",519151,2024,244
"Boyd, Matthew",571510,2023,303
"Severino, Luis",622663,2026,271
"Alzolay, Adbert",640470,2022,52
"Lindgren, Jeff",689167,2023,28
"Gore, MacKenzie",669022,2026,257
"Smith, Burch",572143,2026,73
"Steele, Justin",657006,2025,92
"Moreta, Dauri",664294,2025,68
"Criswell, Cooper",681867,2024,424
"Bukauskas, J.B.",656266,2024,22
"Lord, Brad",695418,2025,546
"Jacques, Joe",682175,2023,122
"Sulser, Cole",642121,2026,105
"Houser, Adrian",605288,2022,454
"Detwiler, Ross",446321,2022,122
"Poulin, PJ",676571,2026,106
"Hancock, Emerson",676106,2026,271
"Fluharty, Mason",689254,2026,98
"Adams, Austin",613534,2023,81
"Abel, Mick",690953,2025,174
"Smith, Dylan",681916,2025,48
"Castro, Miguel",612434,2024,64
"Manning, Matt",666159,2024,123
"Graveman, Kendall",608665,2021,222
"Norwood, James",656803,2021,23
"Clase, Emmanuel",661403,2021,279
"Jiménez, Joe",641729,2021,210
"Bradish, Kyle",680694,2022,509
"Crismatt, Nabil",622503,2022,280
"Martin, Corbin",656686,2025,89
"Mella, Keury",622492,2021,15
"Kershaw, Clayton",477132,2024,133
"Clarke, Taylor",664199,2023,266
"Bowden, Ben",641386,2025,47
"Musgrove, Joe",605397,2024,410
"Helsley, Ryan",664854,2026,46
"Emanuel, Kent",592288,2024,82
"Crochet, Garrett",676979,2024,595
"Soto, Gregory",642397,2025,279
"Kowar, Jackson",663804,2025,71
"Curry, Xzavion",675540,2025,16
"Henry, Tommy",674072,2024,182
"Ribalta, Orlando",687377,2024,23
"Pearson, Nate",663878,2024,285
"Singer, Brady",663903,2023,702
"Kershaw, Clayton",477132,2023,523
"Sánchez, Cristopher",650911,2025,807
"Topa, Justin",623437,2026,92
"Tolle, Payton",801139,2026,161
"Arias, Luarbert",678215,2025,55
"McDaniels, Garrett",680729,2025,50
"Schmidt, Clarke",657376,2025,316
"Vasil, Mike",678024,2025,423
"Sims, Lucas",608371,2026,46
"Oviedo, Johan",670912,2025,170
"Falter, Bailey",663559,2021,139
"Brasier, Ryan",518489,2025,105
"Hendriks, Liam",521230,2025,59
"Wainwright, Adam",425794,2021,828
"Pfaadt, Brandon",694297,2025,767
"Lorenzen, Michael",547179,2025,606
"Pallante, Andre",669467,2026,251
"Helsley, Ryan",664854,2022,239
"Tinoco, Jesus",622786,2025,80
"Gaddis, Hunter",683769,2022,40
"Pineda, Michael",501381,2021,458
"Junis, Jakob",596001,2023,367
"Garcia, Robert",676395,2025,269
"Petty, Chase",695534,2026,45
"Bradish, Kyle",680694,2025,126
"Berroa, Prelander",672860,2024,83
"Kelley, Trevor",665001,2022,107
"Johnson, Pierce",572955,2021,244
"Cosgrove, Tom",676680,2023,205
"King, John",667463,2025,222
"Phillips, Tyler",663969,2025,313
"Estrada, Jeremiah",669093,2026,82
"deGrom, Jacob",594798,2024,44
"Bazardo, Eduard",660825,2022,65
"Akin, Keegan",669211,2024,313
"Peterson, David",656849,2024,510
"Gil, Luis",661563,2024,637
"Ober, Bailey",641927,2024,709
"Spence, Mitch",687765,2025,375
"Santillan, Tony",663574,2023,18
"Lodolo, Nick",666157,2023,166
"González, Victor",624647,2021,155
"Diplán, Marcos",650959,2021,123
"Smith, Will",519293,2024,186
"Canning, Griffin",656288,2024,739
"Busenitz, Alan",641427,2023,29
"Assad, Javier",665871,2025,153
"Castellanos, Humberto",528748,2021,196
"Underwood Jr., Duane",621249,2021,320
"Bello, Brayan",678394,2026,256
"Sanders, Cam",676742,2026,30
"Germán, Domingo",593334,2024,100
"Teheran, Julio",527054,2023,288
"Buehler, Walker",621111,2025,564
"Covey, Dylan",592229,2023,191
"Farris, Mitch",815083,2026,103
"Fletcher, Aaron",667465,2021,20
"Beeks, Jalen",656222,2025,231
"Quintana, Jose",500779,2022,679
"Webb, Jacob",657097,2024,237
"De Los Santos, Enyel",660853,2025,280
"Matz, Steven",571927,2022,207
"Bruihl, Justin",677865,2023,121
"Pop, Zach",647315,2023,56
"Anderson, Nick",623433,2023,141
"Fulmer, Michael",605242,2025,23
"Plesac, Zach",668676,2024,54
"Miley, Wade",489119,2021,690
"Blalock, Bradley",687134,2025,275
"Gomber, Austin",596295,2025,272
"Shaw, Bryan",543766,2022,261
"Richardson, Lyon",680689,2023,81
"Bolton, Cody",675989,2025,10
"Hjelle, Sean",663546,2022,115
"Watkins, Spenser",657093,2021,255
"Loup, Aaron",571901,2023,231
"Mahle, Tyler",641816,2026,249
"Robles, Hansel",570663,2021,297
"García, Yimi",554340,2023,282
"Cavalli, Cade",676917,2025,219
"Casparius, Ben",676508,2026,23
"Contreras, Luis",664351,2025,54
"Rangel, Alan",660604,2025,46
"Stephenson, Robert",596112,2021,197
"Guerrero, Luis",692285,2024,36
"Bumgarner, Madison",518516,2021,613
"Patton, Spencer",607359,2023,55
"Petty, Chase",695534,2025,40
"Suarez, José",660761,2025,81
"Palisch, Jake",669449,2025,6
"Santos, Gregory",666619,2025,36
"Santos, Gregory",666619,2023,289
"Anderson, Grant",681982,2025,299
"Legumina, Casey",668984,2023,61
"Duffey, Tyler",608648,2023,7
"Keller, Brad",641745,2026,105
"Velasquez, Vince",592826,2026,8
"Lambert, Jimmy",669424,2022,204
"Henry, Tommy",674072,2025,26
"Marinaccio, Ron",676760,2024,99
"Lange, Alex",656638,2024,90
"Weaver, Luke",596133,2021,275
"Castillo, Diego",650895,2022,222
"Chavez, Jesse",445926,2025,43
"Burke, Sean",680732,2024,76
"Miller, Bryce",682243,2024,704
"Thompson, Mason",666168,2023,240
"Hendriks, Liam",521230,2022,235
"Kelly, Merrill",518876,2026,234
"Miller, Justin",502522,2021,83
"McDermott, Chayce",694646,2025,51
"Perdomo, Angel",622780,2021,79
"Alzolay, Adbert",640470,2023,253
"Wittgren, Nick",621295,2023,128
"Doyle, Tommy",656382,2023,103
"Jackson, Zach",667427,2022,202
"Nardi, Andrew",677053,2023,237
"Montgomery, Mason",682254,2024,37
"Gaddis, Hunter",683769,2023,182
"Vásquez, Randy",681190,2026,269
"Taillon, Jameson",592791,2021,603
"Yesavage, Trey",702056,2026,149
"Clase, Emmanuel",661403,2025,201
"Banda, Anthony",607455,2023,35
"Coleman, Dylan",669395,2022,289
"Knebel, Corey",608349,2021,101
"Hill, Garrett",682051,2022,263
"Waldron, Matt",663362,2025,25
"Flaherty, Jack",656427,2022,167
"Trivino, Lou",642152,2021,310
"Clevinger, Mike",605182,2023,549
"Snell, Blake",605483,2025,254
"Ramírez, Erasmo",541640,2021,109
"Rainey, Tanner",663432,2021,151
"Harrison, Kyle",690986,2024,532
"Wilson, Justin",458677,2025,207
"Burdi, Nick",595897,2023,15
"Thompson, Keegan",624522,2021,243
"Jobe, Jackson",695549,2025,218
"Santillan, Tony",663574,2022,96
"Brigham, Jeff",656257,2022,101
"Pruitt, Austin",643493,2022,224
"Bednar, David",670280,2022,210
"Morgan, Eli",669212,2025,35
"Kelly, Joe",523260,2022,170
"Little, Brendon",663893,2025,295
"Elder, Bryce",693821,2025,679
"Barraclough, Kyle",607457,2021,60
"Smith-Shawver, AJ",700363,2024,18
"Romero, Tommy",676720,2022,44
"Jackson, Andre",656578,2022,42
"Bassitt, Chris",605135,2024,758
"Velasquez, Vince",592826,2021,417
"Cronin, Declan",686539,2024,307
"Turnbull, Spencer",605513,2025,33
"Naile, James",664942,2022,37
"Singer, Brady",663903,2022,621
"Mejía, Humberto",650668,2021,105
"Adon, Joan",672851,2023,240
"Montas, Frankie",593423,2023,7
"Santana, Dennis",642701,2026,114
"Smyly, Drew",592767,2023,626
"Halvorsen, Seth",678020,2025,172
"Patton, Spencer",607359,2021,172
"Smith, Burch",572143,2024,241
"Suter, Brent",608718,2026,136
"Díaz, Alexis",664747,2023,286
"Kerkering, Orion",689147,2023,14
"Vieira, Thyago",600986,2023,10
"Stashak, Cody",664054,2021,75
"Strasburg, Stephen",544931,2021,95
"Woodruff, Brandon",605540,2025,257
"Keller, Mitch",656605,2022,687
"Arrighetti, Spencer",681293,2025,156
"Orze, Eric",679358,2025,178
"Clarke, Taylor",664199,2021,194
"Hearn, Taylor",621368,2021,441
"Bernardino, Brennan",657514,2023,216
"Vespi, Nick",663989,2022,112
"Allard, Kolby",663465,2026,45
"Salazar, Eduardo",674285,2024,133
"González, Chi Chi",592346,2022,99
"Wisler, Matt",605538,2022,176
"Topa, Justin",623437,2023,279
"Espino, Paolo",502179,2023,28
"Marte, Yunior",628708,2023,182
"Vesia, Alex",681911,2024,263
"Payamps, Joel",606303,2021,205
"Archer, Chris",502042,2022,437
"Bautista, Félix",642585,2025,142
"Burke, Brock",656271,2023,250
"Harrington, Thomas",802419,2025,50
"Gibaut, Ian",664139,2021,28
"Paddack, Chris",663978,2022,93
"Johnson, Pierce",572955,2025,238
"Montgomery, Jordan",656756,2021,661
"Bruihl, Justin",677865,2026,125
"Castro, Miguel",612434,2022,131
"Webb, Logan",657277,2024,841
"Scholtens, Jesse",669947,2023,377
"Fairbanks, Pete",664126,2023,184
"Hughes, Brandon",676714,2023,63
"Carlton, Drew",656290,2021,19
"Wainwright, Adam",425794,2023,484
"Scott, Christian",681035,2026,135
"Maxwell, Zach",687209,2026,25
"Saucedo, Tayler",642048,2024,166
"Thompson, Zack",668868,2022,136
"Rodón, Carlos",607074,2021,534
"Moore, Matt",519043,2023,218
"Akin, Keegan",669211,2023,112
"Murphy, Patrick",641907,2022,34
"Murdock, Noah",668716,2025,98
"Falter, Bailey",663559,2024,589
"Thompson, Zach",605507,2025,12
"Weathers, Ryan",677960,2022,21
"Lawrence, Casey",596271,2023,122
"Paredes, Enoli",660600,2021,53
"Poppen, Sean",664092,2021,110
"Green, Chad",643338,2022,62
"May, Trevor",543507,2022,111
"Ginn, J.T.",669372,2025,392
"Wells, Tyler",669330,2022,423
"Morillo, Juan",666661,2025,152
"Rodriguez, Chris",669735,2021,134
"Head, Louis",545343,2021,134
"Rainey, Tanner",663432,2025,47
"Akin, Keegan",669211,2021,427
"Silseth, Chase",681217,2023,221
"Palencia, Daniel",694037,2025,215
"Rutledge, Jackson",671131,2023,88
"Beck, Tristan",663941,2025,232
"Fisher, Braydon",680755,2026,126
"Rainey, Tanner",663432,2023,5
"Thompson, Mason",666168,2021,121
"Ponce de Leon, Daniel",594965,2021,159
"Bride, Jonah",681146,2025,37
"Rogers, Josh",642028,2022,113
"Stanek, Ryne",592773,2024,241
"Bard, Daniel",453268,2021,304
"Lucchesi, Joey",664192,2023,195
"Sulser, Cole",642121,2023,23
"Peguero, Elvis",665625,2021,17
"Small, Ethan",663629,2022,33
"Avila, Nick",687014,2024,55
"Taillon, Jameson",592791,2026,280
"Frazier, Adam",624428,2026,14
"Kuhl, Chad",641771,2022,617
"McDermott, Chayce",694646,2024,18
"Cole, Gerrit",543037,2024,390
"Bradley, Archie",605151,2021,224
"Lauer, Eric",641778,2021,489
"Ramírez, Erasmo",541640,2023,274
"Minter, A.J.",621345,2025,43
"Law, Derek",571882,2021,67
"Webb, Jacob",657097,2023,232
"Winckowski, Josh",670174,2023,367
"Ferrer, José A.",678606,2025,324
"Liberatore, Matthew",669461,2025,648
"Rucker, Michael",621074,2023,176
"Ribalta, Orlando",687377,2026,60
"Pivetta, Nick",601713,2024,595
"Clase, Emmanuel",661403,2024,270
"Carpenter, Matt",572761,2021,6
"Alexander, Tyler",641302,2025,423
"Sheehan, Emmet",686218,2026,239
"Gibson, Kyle",502043,2022,718
"Ruiz, José",614179,2022,265
"Perdomo, Angel",622780,2025,16
"Hanifee, Brenan",669724,2024,120
"Miller, Erik",669062,2024,284
"Dotel, Wilber",696062,2026,61
"Fiers, Mike",571666,2021,45
"de Geus, Brett",676969,2021,238
"Herget, Kevin",643361,2022,30
"Lugo, Seth",607625,2023,604
"Sands, Cole",663485,2025,299
"Cruz, Jesus",672911,2022,39
"O'Brien, Riley",676617,2025,199
"Springs, Jeffrey",605488,2021,179
"Coonrod, Sam",656322,2022,58
"Parker, Mitchell",680730,2024,646
"Banks, Tanner",621383,2026,108
"Balazovic, Jordan",666364,2023,108
"Milone, Tommy",543548,2023,40
"Laweryson, Cody",689520,2025,26
"Martinez, Nick",607259,2023,461
"McRae, Alex",656725,2021,10
"Núñez, Dedniel",673380,2024,135
"Ortiz, Luis",656814,2022,33
"Ferguson, Caleb",657571,2025,270
"Irvin, Jake",663623,2025,787
"Matthews, Zebby",805673,2025,354
"Smith, Shane",681343,2026,49
"Booser, Cam",592155,2025,143
"Foster, Matt",641582,2022,193
"Cueto, Johnny",456501,2021,490
"Elder, Bryce",693821,2026,320
"Burr, Ryan",621114,2022,39
"Gasser, Robert",688107,2025,29
"Llovera, Mauricio",661440,2021,35
"Walker, Josh",677020,2025,25
"Herrin, Tim",682120,2025,194
"Price, David",456034,2022,167
"Loáisiga, Jonathan",642528,2023,69
"Kimbrel, Craig",518886,2022,260
"Valdez, Framber",664285,2022,827
"Marinaccio, Ron",676760,2025,42
"Cox, Austin",680735,2025,102
"Cease, Dylan",656302,2024,762
"Foley, Jason",671345,2024,250
"Fleming, Josh",676596,2026,18
"Machado, Andrés",600921,2022,262
"Maxwell, Zach",687209,2025,43
"Legumina, Casey",668984,2024,47
"O'Brien, Riley",676617,2026,109
"Blackburn, Paul",621112,2026,104
"Peguero, Elvis",665625,2024,227
"Gray, Sonny",543243,2021,575
"Yates, Kirby",489446,2023,254
"Trivino, Lou",642152,2025,207
"Sittinger, Brandyn",670087,2021,21
"García, Luis",472610,2022,258
"Morán, Jovani",663558,2021,38
"Diplán, Marcos",650959,2022,27
"Estrada, Jeremiah",669093,2024,252
"Peralta, Luis",678821,2025,101
"Stewart, Brock",592779,2024,67
"Hoffman, Jeff",656546,2024,265
"Burns, Chase",695505,2025,188
"Boushley, Caleb",676961,2025,193
"Suarez, Robert",663158,2024,258
"Romano, Jordan",605447,2022,258
"Rogers, Trevor",669432,2022,477
"Lao, Sauryn",666659,2025,49
"Howard, Spencer",675921,2022,179
"Cousins, Jake",664776,2022,59
"Kremer, Dean",665152,2025,708
"Skubal, Tarik",669373,2026,166
"Kela, Keone",605309,2021,48
"Ferrer, José A.",678606,2024,129
"Garza Jr., Ralph",621248,2022,153
"Shaw, Bryan",543766,2021,334
"Castillo, Luis",622491,2025,745
"Henry, Cole",669371,2025,241
"Legumina, Casey",668984,2026,111
"Lugo, Seth",607625,2025,611
"Miller, Shelby",571946,2023,163
"Harvey, Hunter",640451,2025,39
"Boyle, Joe",671212,2025,226
"Funderburk, Kody",681892,2026,82
"Rea, Colin",607067,2026,257
"King, John",667463,2022,222
"Otto Jr., Glenn",657248,2023,51
"Hoeing, Bryan",663773,2025,36
"Henriquez, Ronny",678692,2022,50
"Lively, Ben",594902,2024,632
"Alcala, Jorge",660896,2023,75
"Trivino, Lou",642152,2026,18
"McCaughan, Darren",670766,2025,23
"Ortiz, Luis",682847,2025,382
"Booser, Cam",592155,2026,7
"Ashby, Aaron",676879,2022,475
"Alexander, Scott",518397,2024,160
"Adams, Austin",613534,2021,241
"Allen, Logan",663531,2021,222
"Myers, Tobias",668964,2025,220
"Rogers, Taylor",573124,2026,96
"Soto, Gregory",642397,2024,244
"Phillips, Connor",683175,2025,98
"Armstrong, Shawn",542888,2025,284
"López, Jorge",605347,2021,555
"Uceta, Edwin",670955,2025,321
"Cueto, Johnny",456501,2022,651
"Berroa, Prelander",672860,2023,8
"Petricka, Jake",502593,2021,32
"Otañez, Michel",671305,2025,28
"Ferguson, Tyler",621053,2024,207
"Corbin, Patrick",571578,2021,751
"Flexen, Chris",623167,2021,741
"Stroman, Marcus",573186,2023,575
"Leone, Dominic",608678,2023,235
"Hartlieb, Geoff",664129,2023,16
"Little, Luke",681432,2023,30
"Eder, Jake",671109,2025,78
"Smith, Drew",622098,2024,79
"Sears, JP",676664,2023,735
"Olson, Reese",681857,2023,422
"Bigge, Hunter",685801,2026,85
"Stock, Robert",476594,2025,15
"Minaya, Juan",573668,2021,167
"Gomber, Austin",596295,2023,603
"Littell, Zack",641793,2025,759
"Ashby, Aaron",676879,2025,270
"Burke, Brock",656271,2022,328
"Garza Jr., Ralph",621248,2021,127
"Cuas, Jose",621016,2024,83
"Schreiber, John",670167,2025,265
"Shaw, Bryan",543766,2023,190
"Hernández, Jonathan",642546,2023,147
"Cleavinger, Garrett",664076,2021,85
"Waddell, Brandon",663399,2025,134
"Latz, Jacob",656641,2021,19
"Alexander, Scott",518397,2021,67
"Soto, Gregory",642397,2021,276
"Crochet, Garrett",676979,2025,814
"Castillo, Luis",622491,2026,250
"Phelps, David",475479,2022,272
"Whitley, Kodi",676831,2022,59
"Scott, Tanner",656945,2023,307
"Fermin, José",820862,2026,71
"Kremer, Dean",665152,2026,43
"Brennan, Brandon",592165,2021,11
"Krehbiel, Joey",607216,2021,34
"Gutierrez, Vladimir",661269,2024,17
"Ryu, Hyun Jin",547943,2022,113
"Jackson, Luke",592426,2021,261
"Dobnak, Randy",677976,2021,228
"Bazardo, Eduard",660825,2025,313
"Jackson, Jay",543351,2023,116
"Corniell, Jose",692030,2025,9
"Gsellman, Robert",607229,2022,64
"Pagán, Emilio",641941,2021,263
"Woo, Bryan",693433,2023,371
"Dubin, Shawn",681869,2023,42
"Rogers, Trevor",669432,2026,220
"Wells, Tyler",669330,2026,114
"Soriano, George",666277,2026,101
"Bowman, Matt",621199,2024,132
"Lorenzen, Michael",547179,2026,279
"Gonzalez, Domingo",682445,2026,24
"Burns, Chase",695505,2026,249
"Wittgren, Nick",621295,2022,134
"Maton, Phil",664208,2021,297
"Chivilli, Angel",683409,2025,275
"Menez, Conner",669214,2021,62
"Alvarado, José",621237,2023,172
"Beasley, Jeremy",676886,2022,64
"Gilbreath, Lucas",656458,2022,187
"Erlin, Robbie",572362,2022,9
"Scott, Tanner",656945,2025,237
"Severino, Luis",622663,2025,705
"King, John",667463,2023,157
"Fernandez, Ryan",681676,2026,43
"Gallegos, Giovanny",606149,2022,235
"Zulueta, Yosver",691172,2025,32
"Smith, Joe",501925,2021,173
"Leahy, Kyle",681517,2024,191
"Seabold, Connor",657756,2023,408
"Stephan, Trevor",663986,2023,294
"Edwards Jr., Carl",605218,2023,142
"Ryan, Kyle",594986,2021,62
"Alcantara, Sandy",645261,2022,886
"Vest, Will",676684,2024,289
"Bubic, Kris",663460,2025,476
"Milner, Hoby",571948,2026,107
"Waldichuk, Ken",686610,2026,40
"Bieber, Shane",669456,2025,159
"Mazur, Adam",800049,2025,139
"Harvey, Hunter",640451,2021,36
"Holman, Grant",680880,2024,73
"Walters, Andrew",689958,2024,32
"Warren, Will",701542,2026,271
"Keller, Kyle",664918,2021,155
"Vines, Darius",670241,2024,66
"Ortiz, Luis",682847,2024,556
"Sabrowski, Erik",681870,2024,47
"Wicks, Jordan",696136,2025,67
"Wheeler, Zack",554430,2022,607
"Woodford, Jake",663765,2024,167
"Gage, Matt",657424,2022,50
"Ryan, Joe",657746,2023,672
"Gore, MacKenzie",669022,2025,679
"Sulser, Cole",642121,2022,149
"Assad, Javier",665871,2023,449
"Gage, Matt",657424,2023,27
"Aldegheri, Sam",691951,2025,73
"Biagini, Joe",607352,2021,13
"Fleming, Josh",676596,2024,138
"Pérez, Eury",691587,2023,374
"Strahm, Matt",621381,2025,256
"Bergen, Travis",664157,2021,46
"Wilson, Steven",621051,2022,214
"Neris, Héctor",593576,2021,310
"Middleton, Keynan",641871,2023,212
"Yarbrough, Ryan",642232,2022,355
"Steele, Justin",657006,2021,248
"Winder, Josh",680739,2022,287
"Brieske, Beau",689225,2025,103
"Meyer, Max",676974,2024,248
"Brazobán, Huascar",623211,2025,262
"Vest, Will",676684,2025,284
"Abbott, Andrew",671096,2026,298
"Mears, Nick",683232,2022,8
"Baragar, Caleb",670056,2021,98
"Morton, Charlie",450203,2022,728
"Johnson, Seth",686751,2026,21
"Giolito, Lucas",608337,2022,698
"Santillan, Tony",663574,2026,99
"Romo, Sergio",489265,2022,79
"López, Reynaldo",625643,2026,151
"Lynch IV, Daniel",663738,2026,96
"Hand, Brad",543272,2023,236
"Whitley, Kodi",676831,2021,101
"Lauer, Eric",641778,2026,204
"Oviedo, Luis",665854,2021,147
"Lamet, Dinelson",659275,2024,18
"Latz, Jacob",656641,2024,192
"Dobbins, Hunter",690928,2026,34
"Crawford, Brandon",543063,2023,5
"Davis, Austin",656354,2021,117
"Pérez, Francisco",660906,2022,48
"Bolaños, Ronald",671790,2022,87
"Povich, Cade",700249,2024,352
"Kay, Anthony",641743,2021,156
"Sedlock, Cody",642060,2022,16
"Fry, Paul",643316,2021,215
"Suarez, José",660761,2021,413
"Rodón, Carlos",607074,2026,81
"Cantillo, Joey",676282,2026,266
"Ekness, Josh",694795,2026,22
"Manoah, Alek",666201,2022,786
"Madden, Ty",680744,2024,101
"Mantiply, Joe",573009,2024,243
"Kopech, Michael",656629,2021,285
"Barnes, Jacob",606930,2023,61
"Scott, Tanner",656945,2022,289
"Trevino, Jose",624431,2026,29
"Garcia, Luis",677651,2022,643
"Alvarado, José",621237,2026,99
"Javier, Cristian",664299,2021,424
"Sewald, Paul",623149,2022,243
"Martinez, Seth",661527,2021,16
"Ashby, Aaron",676879,2024,119
"Graterol, Brusdar",660813,2024,26
"Rodriguez, Eduardo",593958,2024,224
"Sandoval, Patrick",663776,2024,353
"Pivetta, Nick",601713,2023,587
"Nelson, Kyle",669459,2023,239
"Zuber, Tyler",676604,2021,123
"Lynn, Lance",458681,2024,511
"Fried, Max",608331,2023,311
"Coulombe, Danny",543056,2024,107
"Skubal, Tarik",669373,2023,310
"Bowlan, Jonathan",680742,2026,71
"Glasnow, Tyler",607192,2026,148
"Weissert, Greg",669711,2025,278
"Ponce, Cody",664074,2026,10
"Sandlin, Nick",680704,2021,141
"Hand, Brad",543272,2021,278
"Suter, Brent",608718,2023,292
"Hentges, Sam",656529,2024,91
"Mears, Nick",683232,2023,87
"Bowlan, Jonathan",680742,2023,14
"Schmidt, Clarke",657376,2024,353
"Dolis, Rafael",503569,2021,156
"Espinal, Raynel",642659,2021,8
"Ginn, J.T.",669372,2024,142
"Webb, Jacob",657097,2025,267
"Karinchak, James",675916,2023,171
"Bassitt, Chris",605135,2023,826
"Banks, Tanner",621383,2023,255
"Richards, Trevor",670950,2026,71
"Fermin, José",820862,2025,152
"Alcala, Jorge",660896,2025,257
"McHugh, Collin",543521,2022,272
"Civale, Aaron",650644,2022,407
"Sadler, Casey",594987,2021,145
"Garcia, Rico",670329,2022,35
"Alexander, Tyler",641302,2024,455
"Kolek, Stephen",663568,2026,121
"Gray, Sonny",543243,2022,488
"Stratton, Hunter",676702,2025,89
"Swarmer, Matt",664161,2022,153
"Avila, Pedro",658648,2022,18
"Bubic, Kris",663460,2021,556
"Petit, Yusmeiro",433589,2021,313
"Rucker, Michael",621074,2022,229
"Foster, Matt",641582,2021,174
"Yarbrough, Ryan",642232,2021,653
"Bender, Anthony",669622,2021,247
"Richards, Garrett",572070,2021,617
"Webb, Logan",657277,2026,228
"McGough, Scott",543518,2024,150
"Kolek, Stephen",663568,2024,211
"Gott, Trevor",641627,2023,261
"Moreta, Dauri",664294,2023,239
"Knehr, Reiss",663753,2022,59
"Jackson, Zach",667427,2023,80
"Moll, Sam",594580,2024,152
"Kimbrel, Craig",518886,2021,235
"Peacock, Matt",676840,2021,386
"Sandoval, Patrick",663776,2021,363
"Castillo, Diego",650895,2023,41
"Feltner, Ryan",663372,2026,108
"Kriske, Brooks",621139,2021,56
"Kintzler, Brandon",445213,2021,141
"Herget, Jimmy",623474,2021,78
"Hoeing, Bryan",663773,2022,61
"Stashak, Cody",664054,2022,65
"Cease, Dylan",656302,2023,784
"Cruz, Yovanny",672442,2026,9
"Klein, John",804619,2026,19
"Bundy, Dylan",605164,2022,595
"Jax, Griffin",643377,2022,290
"Rojas, Kendry",696070,2026,61
"Campbell, Isaiah",663462,2025,35
"Brooks, Aaron",605156,2022,43
"Verlander, Justin",434378,2024,396
"Kaprielian, James",621076,2021,502
"Curry, Xzavion",675540,2023,404
"Senzatela, Antonio",622608,2025,618
"Crowe, Wil",640444,2023,47
"Ohtani, Shohei",660271,2022,660
"Faucher, Calvin",676534,2023,120
"Mena, Cristian",691441,2024,15
"Wilson, Bryse",669060,2021,322
"Honeywell, Brent",641703,2023,235
"Garrett, Amir",607237,2024,24
"Martinez, Seth",661527,2023,195
"Givens, Mychal",571710,2023,22
"Leclerc, José",600917,2025,46
"Northcraft, Aaron",573062,2021,34
"Blanco, Ronel",669854,2024,676
"Wesneski, Hayden",669713,2023,379
"Plesac, Zach",668676,2023,105
"Veneziano, Anthony",685107,2023,12
"Lawrence, Justin",664875,2023,326
"Milner, Hoby",571948,2024,268
"Castaño, Blas",680604,2025,16
"Feliz, Michael",593140,2021,90
"Brebbia, John",605154,2021,87
"Logue, Zach",656657,2024,12
"Barnes, Matt",598264,2022,176
"Kuhl, Chad",641771,2021,349
"Cessa, Luis",570666,2021,263
"Brebbia, John",605154,2023,161
"Hand, Brad",543272,2022,198
"Snead, Kirby",669912,2022,210
"Alvarado, José",621237,2025,114
"Shreve, Chasen",592741,2021,235
"Suarez, Ranger",624133,2023,540
"Gerber, Joey",680702,2026,9
"Oviedo, Johan",670912,2022,242
"Whitlock, Garrett",676477,2022,311
"Barco, Hunter",682995,2025,12
"Weigel, Patrick",622256,2021,21
"McCullers Jr., Lance",621121,2022,195
"Daniel, Davis",669721,2023,52
"Peralta, Wily",503449,2022,168
"Jansen, Kenley",445276,2022,260
"Alexander, Jason",669920,2026,84
"Thompson, Ryan",657044,2021,134
"Anderson, Chase",502624,2024,255
"Kittredge, Andrew",552640,2022,75
"Richards, Trevor",670950,2022,281
"Green, Chad",643338,2024,210
"Suárez, Albert",544150,2025,44
"Gilbert, Tyler",656457,2021,157
"Zuber, Tyler",676604,2024,15
"Keller, Brad",641745,2025,276
"Appel, Mark",571446,2022,40
"Clay, Sam",621348,2021,214
"Casparius, Ben",676508,2024,37
"Saalfrank, Andrew",685314,2023,41
"Loup, Aaron",571901,2021,218
"Montero, Rafael",606160,2023,298
"Falter, Bailey",663559,2022,349
"Thorpe, Lewis",626929,2021,66
"Strahm, Matt",621381,2022,193
"Bergert, Ryan",686701,2025,323
"Baz, Shane",669358,2025,711
"Cabrera, Génesis",650893,2024,271
"Wilson, Justin",458677,2021,149
"Reyes, Gerardo",622103,2023,49
"Cronin, Declan",686539,2023,51
"Hill, Rich",448179,2025,43
"Faria, Jake",607188,2021,154
"Brubaker, JT",664141,2021,537
"Floro, Dylan",571670,2023,248
"Anderson, Tyler",542881,2025,599
"Nogowski, John",596056,2021,16
"Black, Mason",696131,2026,38
"Steele, Justin",657006,2022,512
"Honeywell, Brent",641703,2021,21
"Orze, Eric",679358,2024,11
"Harris, Hogan",663687,2024,305
"Weissert, Greg",669711,2023,87
"Underwood Jr., Duane",621249,2022,259
"Neris, Héctor",593576,2025,124
"Long, Sam",669674,2025,189
"Barlow, Scott",605130,2022,290
"Gillaspie, Logan",670810,2025,31
"Ort, Kaleb",672391,2022,134
"Wells, Tyler",669330,2023,470
"Miley, Wade",489119,2023,490
"Zerpa, Angel",672582,2022,44
"Singer, Brady",663903,2024,762
"Gipson-Long, Sawyer",687830,2023,82
"Jarvis, Bryce",686826,2023,92
"Hudson, Bryan",663542,2026,118
"Kimbrel, Craig",518886,2025,49
"Burrows, Mike",681347,2024,14
"Sadzeck, Connor",592712,2022,13
"Contreras, Roansy",672710,2024,298
"King, John",667463,2024,248
"Iglesias, Raisel",628452,2021,273
"Ingram, Kolton",688427,2023,30
"Wieck, Brad",623364,2021,71
"Topa, Justin",623437,2024,8
"Morgan, Eli",669212,2021,379
"Mantiply, Joe",573009,2026,71
"Herget, Kevin",643361,2025,56
"Jewell, Jake",657228,2021,51
"Varland, Gus",681402,2023,103
"Murfee, Penn",682171,2023,58
"Burgos, Juan",686228,2025,65
"Anderson, Chase",502624,2022,103
"Erceg, Lucas",668674,2024,253
"Hatch, Thomas",641672,2023,129
"Morán, Jovani",663558,2026,126
"Nittoli, Vinny",657697,2022,8
"Mautz, Brycen",802408,2026,14
"Tapia, Domingo",593619,2021,135
"Cody, Kyle",621129,2021,55
"Rogers, Josh",642028,2024,50
"Dreyer, Jack",676263,2025,307
"De Los Santos, Enyel",660853,2023,262
"Ryan, Joe",657746,2025,689
"Coulombe, Danny",543056,2026,49
"Lee, Dylan",669276,2021,9
"Quintana, Jose",500779,2021,297
"Boxberger, Brad",502202,2023,84
"Arihara, Kohei",685503,2021,178
"Wells, Alex",649144,2021,197
"Fitts, Richard",690916,2024,85
"Santa, Alimber",695001,2026,15
"Abreu, Bryan",650556,2026,98
"Kelly, Michael",547184,2023,71
"Mayza, Tim",641835,2025,74
"Schlittler, Cam",693645,2025,304
"Toussaint, Touki",657053,2023,384
"Bruihl, Justin",677865,2024,27
"Lynn, Lance",458681,2022,512
"Nogosek, Stephen",668665,2021,12
"Soriano, George",666277,2024,131
"Brieske, Beau",689225,2024,282
"Wilson, Steven",621051,2023,219
"Taylor, Blake",642130,2021,188
"Junis, Jakob",596001,2024,253
"Nelson, Kyle",669459,2021,49
"Madden, Ty",680744,2026,58
"Chargois, JT",608638,2023,174
"Manoah, Alek",666201,2024,103
"Speier, Gabe",642100,2024,104
"Guerra, Junior",448855,2021,307
"Urquidy, José",664353,2022,681
"Suarez, Robert",663158,2026,100
"Fulton, Dax",690978,2026,16
"Montes De Oca, Christian",801216,2025,9
"Winder, Josh",680739,2024,38
"Goudeau, Ashton",623485,2022,94
"Detmers, Reid",672282,2025,266
"Nolin, Sean",543594,2023,18
"Ferguson, Tyler",621053,2026,8
"Martinez, Seth",661527,2022,155
"Kelly, Merrill",518876,2024,300
"Musgrove, Joe",605397,2021,748
"Bird, Jake",656234,2023,381
"Chapman, Aroldis",547973,2026,72
"Irvin, Cole",608344,2022,741
"Young, Danny",664849,2023,35
"Jameson, Drey",686753,2025,13
"Adam, Jason",592094,2021,50
"García, Yimi",554340,2024,153
"Kelly, Zack",677161,2022,59
"Marinaccio, Ron",676760,2022,181
"Soroka, Michael",647336,2023,145
"Ferrer, José A.",678606,2023,142
"Pannone, Thomas",623381,2023,14
"Velasquez, Vince",592826,2022,319
"Banks, Tanner",621383,2024,310
"Maeda, Kenta",628317,2021,453
"Crismatt, Nabil",622503,2025,153
"Beeks, Jalen",656222,2024,312
"McFarland, T.J.",519008,2024,235
"Barnes, Matt",598264,2023,99
"Zeuch, T.J.",643615,2021,74
"Romano, Jordan",605447,2025,187
"Leibrandt, Brandon",605335,2024,32
"Wilson, Bryse",669060,2023,314
"Rodón, Carlos",607074,2025,789
"Zastryzny, Rob",642239,2023,97
"Romero, JoJo",668941,2023,147
"Hanifee, Brenan",669724,2025,260
"Anderson, Justin",605121,2024,243
"Funderburk, Kody",681892,2024,161
"Bautista, Félix",642585,2023,237
"Santillan, Tony",663574,2025,301
"Winn, Keaton",676775,2023,172
"Pérez, Francisco",660906,2021,28
"García, Rony",665621,2021,12
"Brown, Ben",676962,2024,222
"Rodón, Carlos",607074,2024,736
"Gibaut, Ian",664139,2023,318
"Cosgrove, Tom",676680,2024,76
"Morejon, Adrian",670970,2025,286
"Burke, Brock",656271,2026,124
"Thornton, Trent",663423,2025,180
"Fernández, Julian",642759,2021,33
"Santana, Dennis",642701,2024,287
"Montas, Frankie",593423,2024,655
"Klein, Will",694361,2024,38
"Civale, Aaron",650644,2025,435
"Rogers, Trevor",669432,2023,79
"Lowder, Rhett",695076,2026,166
"Avilán, Luis",501593,2021,27
"Sánchez, Cristopher",650911,2021,59
"Stone, Gavin",694813,2024,580
"Nola, Aaron",605400,2023,793
"Garza, Justin",621057,2023,91
"Barraclough, Kyle",607457,2022,37
"Holderman, Colin",670059,2023,240
"Neely, Jack",680891,2024,28
"Manaea, Sean",640455,2022,671
"Espinoza, Anderson",659262,2022,85
"Bednar, David",670280,2023,277
"Stone, Gavin",694813,2023,152
"Wheeler, Zack",554430,2026,164
"Leiter Jr., Mark",643410,2022,282
"Weaver, Luke",596133,2022,174
"Reed, Jake",596082,2022,77
"Gallen, Zac",668678,2024,621
"Cisnero, José",542585,2021,265
"Taillon, Jameson",592791,2023,655
"Campbell, Isaiah",663462,2024,37
"Wrobleski, Justin",680736,2025,280
"Vespi, Nick",663989,2023,59
"Castano, Daniel",641447,2021,92
"Duffey, Tyler",608648,2022,185
"Nardi, Andrew",677053,2024,210
"Kirby, George",669923,2023,757
"Morales, Francisco",672839,2022,21
"Shook, TJ",669298,2026,3
"Thielbar, Caleb",573204,2024,216
"Ellis, Chris",595939,2021,121
"Barreda, Manny",518435,2021,14
"Iriarte, Jairo",683568,2024,30
"Sandlin, Nick",680704,2022,180
"Brazobán, Huascar",623211,2024,217
"Lee, Dylan",669276,2023,101
"Sousa, Bennett",656986,2026,17
"Effross, Scott",664123,2022,229
"Seabold, Connor",657756,2021,12
"Gil, Luis",661563,2021,129
"Guerra, Deolis",500610,2021,269
"Zamora, Daniel",623354,2021,18
"Senzatela, Antonio",622608,2022,413
"Minter, A.J.",621345,2024,134
"Espinal, Raynel",642659,2022,21
"Uribe, Abner",682842,2025,298
"Vasquez, Andrew",607755,2022,39
"Payamps, Joel",606303,2025,117
"Howard, Spencer",675921,2024,144
"O'Brien, Riley",676617,2021,9
"Zeferjahn, Ryan",666171,2025,256
"Crawford, Kutter",676710,2024,759
"Contreras, Roansy",672710,2023,302
"Bradish, Kyle",680694,2024,163
"Pearson, Nate",663878,2025,75
"McKenzie, Triston",663474,2025,30
"Moore, Matt",519043,2024,210
"Peterson, David",656849,2023,492
"Reyes, Gerardo",622103,2024,18
"Beeks, Jalen",656222,2026,107
"Ureña, José",570632,2022,432
"Peña, Félix",570240,2021,16
"Elder, Bryce",693821,2024,226
"Marsh, Alec",679525,2024,548
"Roycroft, Chris",688297,2026,25
"Gusto, Ryan",687473,2026,14
"Martinez, Justin",679885,2025,67
"Garrett, Braxton",666129,2023,659
"Kowar, Jackson",663804,2023,137
"Santana, Edgar",650828,2021,175
"Ohl, Pierson",701487,2025,133
"Woodford, Jake",663765,2022,188
"Greene, Hunter",668881,2024,611
"Allard, Kolby",663465,2021,534
"Burdi, Nick",595897,2024,45
"Justice, Evan",687145,2023,42
"Gonzales, Marco",594835,2024,151
"Gómez, Yoendrys",672782,2024,54
"Valdez, Framber",664285,2021,572
"Kochanowicz, Jack",686799,2025,512
"Bachman, Sam",696147,2023,77
"Castillo, José",620454,2022,5
"Snell, Blake",605483,2026,18
"Núñez, Dedniel",673380,2025,41
"Anderson, Drew",623454,2021,91
"Patiño, Luis",672715,2021,333
"González, Chi Chi",592346,2023,19
"Muñoz, Andrés",662253,2022,248
"Avila, Luinder",679883,2026,116
"Palmquist, Carson",687223,2025,175
"Leone, Dominic",608678,2024,89
"Saalfrank, Andrew",685314,2025,113
"Peralta, Freddy",642547,2021,580
"Steckenrider, Drew",608716,2021,267
"Nance, Tommy",667297,2024,93
"Henriquez, Edgardo",683618,2024,14
"De Jesus, Enmanuel",646241,2023,34
"Thielbar, Caleb",573204,2023,120
"Springs, Jeffrey",605488,2024,142
"Lynch IV, Daniel",663738,2021,311
"Montgomery, Jordan",656756,2023,777
"Hartlieb, Geoff",664129,2021,50
"Gibson, Cade",806188,2026,43
"Feyereisen, J.P.",656420,2025,23
"Hudson, Dakota",641712,2021,34
"Smeltzer, Devin",656970,2022,287
"Piña, Robinson",673820,2025,14
"King, Michael",650633,2021,275
"Zeferjahn, Ryan",666171,2024,64
"Morejon, Adrian",670970,2026,122
"Maton, Phil",664208,2026,89
"Robertson, David",502085,2024,297
"Then, Juan",672730,2023,48
"Holmes, Clay",605280,2022,260
"Anderson, Shaun",641312,2022,7
"McGee, Easton",668834,2026,6
"McKenzie, Triston",663474,2024,340
"Anderson, Grant",681982,2024,120
"Cobb, Alex",502171,2024,62
"Colomé, Alex",517008,2021,290
"Rodriguez, Eduardo",593958,2023,621
"Cimber, Adam",643256,2024,107
"Darvish, Yu",506433,2021,681
"Weathers, Ryan",677960,2021,401
"Kikuchi, Yusei",579328,2021,666
"González, Chi Chi",592346,2021,448
"Bassitt, Chris",605135,2025,736
"Henriquez, Edgardo",683618,2026,90
"Black, Mason",696131,2024,169
"Heller, Ben",621294,2023,82
"Miller, Shelby",571946,2022,30
"Gipson-Long, Sawyer",687830,2025,133
"Eshelman, Thomas",664045,2021,126
"Hill, Jaden",677955,2024,45
"Castro, Anthony",621593,2022,65
"Lugo, Seth",607625,2026,299
"Crichton, Stefan",592233,2021,117
"Ramírez, Yefry",606162,2021,6
"Wendelken, J.B.",605525,2022,122
"Sheehan, Emmet",686218,2023,248
"Englert, Mason",669438,2026,73
"Buttó, José",676130,2022,23
"Wrobleski, Justin",680736,2024,154
"Krook, Matt",640454,2025,15
"Bukauskas, J.B.",656266,2021,81
"Fried, Max",608331,2024,714
"Pepiot, Ryan",686752,2025,679
"Gausman, Kevin",592332,2026,305
"Anderson, Jack",681252,2026,32
"Heuer, Codi",676051,2026,29
"Anderson, Tanner",664196,2021,19
"Leone, Dominic",608678,2021,219
"Pressly, Ryan",519151,2023,268
"Crouse, Hans",668968,2024,107
"Flaherty, Jack",656427,2021,322
"Smith, Drew",622098,2023,244
"Wacha, Michael",608379,2025,716
"Antone, Tejay",622088,2021,127
"Booser, Cam",592155,2024,183
"Kinley, Tyler",641755,2024,285
"Sandlin, Nick",680704,2023,239
"Kent, Zak",687849,2026,44
"Johnson, Ryan",696270,2026,47
"Kerkering, Orion",689147,2024,257
"Guenther, Sean",674944,2025,43
"Boyd, Matthew",571510,2022,53
"Greinke, Zack",425844,2023,593
"Hoffman, Jeff",656546,2026,123
"Wantz, Andrew",681806,2026,11
"Devenski, Chris",606965,2021,35
"Reid-Foley, Sean",656887,2021,92
"Chirinos, Yonny",630023,2024,144
"Scott, Tanner",656945,2021,251
"Englert, Mason",669438,2023,253
"Holmes, Grant",656550,2025,492
"Aleman, Franco",680916,2026,10
"Knack, Landon",689017,2024,286
"Zerpa, Angel",672582,2026,55
"Thielbar, Caleb",573204,2022,245
"Minter, A.J.",621345,2023,260
"Vest, Will",676684,2023,199
"Kelly, Michael",547184,2026,32
"Cole, A.J.",595918,2021,30
"Rogers, Taylor",573124,2022,274
"Whitlock, Garrett",676477,2026,81
"Cavalli, Cade",676917,2026,291
"Martin, Davis",663436,2026,288
"Halvorsen, Seth",678020,2026,56
"Gonsolin, Tony",664062,2022,498
"Speier, Gabe",642100,2023,216
"McKay, David",641853,2022,32
"Ogando, Cristofer",642657,2022,17
"Roa, Christian",685005,2026,43
"Peralta, Wandy",593974,2022,223
"Muñoz, Andrés",662253,2024,232
"Devenski, Chris",606965,2025,65
"Zulueta, Yosver",691172,2024,69
"Gray, Josiah",680686,2021,307
"Anderson, Tyler",542881,2023,629
"Cisnero, José",542585,2024,74
"Graceffo, Gordon",700669,2024,31
"Darvish, Yu",506433,2025,296
"Mears, Nick",683232,2021,107
"Moore, Matt",519043,2022,304
"Kelly, Zack",677161,2025,152
"Ramírez, Yohan",670990,2025,155
"Greene, Hunter",668881,2023,498
"Iglesias, Raisel",628452,2023,231
"Poche, Colin",621363,2022,245
"Glasnow, Tyler",607192,2022,26
"Jacob, Alek",689690,2025,153
"Murfee, Penn",682171,2025,63
"Lucchesi, Joey",664192,2021,157
"Burr, Ryan",621114,2024,140
"Varland, Louis",686973,2025,296
"Díaz, Yilber",700270,2025,15
"Kikuchi, Yusei",579328,2026,142
"Muñoz, Andrés",662253,2023,211
"Gose, Anthony",543238,2021,24
"Loutos, Ryan",702795,2025,68
"Sproat, Brandon",687075,2025,84
"Bowden, Ben",641386,2021,177
"Rutledge, Jackson",671131,2024,34
"Lazar, Max",676661,2024,54
"Ferguson, Tyler",621053,2025,246
"Davis, Noah",663562,2022,7
"Manoah, Alek",666201,2023,415
"Martin, Brett",656685,2022,212
"Morales, Luis",806960,2026,55
"Selby, Colin",681882,2025,60
"Raley, Brooks",548384,2024,25
"Abreu, Albert",656061,2022,172
"Suarez, José",660761,2024,240
"Herz, DJ",687792,2024,382
"Buttó, José",676130,2023,179
"Roark, Tanner",543699,2021,31
"Dunshee, Parker",670161,2024,14
"Gaddis, Hunter",683769,2026,71
"Gausman, Kevin",592332,2022,725
"Brzykcy, Zach",694350,2024,28
"Keller, Mitch",656605,2024,773
"Ragans, Cole",666142,2025,257
"Gómez, Yoendrys",672782,2023,8
"Henderson, Logan",701656,2026,90
"Ramírez, Yohan",670990,2024,208
"Curtiss, John",595928,2024,12
"Law, Derek",571882,2022,92
"Walker, Taijuan",592836,2021,654
"Gray, Jon",592351,2023,656
"Nelson, Kyle",669459,2022,151
"Kowar, Jackson",663804,2022,82
"German, Frank",681464,2022,23
"Misiewicz, Anthony",664948,2021,236
"Marte, José",665896,2023,48
"Barraclough, Kyle",607457,2023,46
"Woodford, Jake",663765,2026,96
"Graveman, Kendall",608665,2022,285
"Stripling, Ross",548389,2024,381
"Ureña, José",570632,2021,456
"Peralta, Wandy",593974,2021,219
"Alcantara, Sandy",645261,2026,349
"Almonte, Yency",622075,2024,67
"Loáisiga, Jonathan",642528,2026,94
"Brown, Hunter",686613,2026,43
"Woodruff, Brandon",605540,2022,620
"Peralta, Wandy",593974,2025,313
"Koch, Matt",571863,2023,163
"Whitlock, Garrett",676477,2024,75
"Kahnle, Tommy",592454,2024,179
"Jay, Tyler",664079,2024,36
"Doval, Camilo",666808,2026,94
"Hunter, Tommy",488984,2021,33
"Toussaint, Touki",657053,2025,11
"Eisert, Brandon",685126,2024,26
"Montero, Keider",672456,2024,412
"Junk, Janson",676083,2025,447
"Ramírez, Yohan",670990,2026,147
"Frankoff, Seth",571676,2021,74
"Moronta, Reyes",606625,2023,11
"Puk, A.J.",640462,2024,294
"Pérez, Martín",527048,2021,509
"Burnes, Corbin",669203,2023,784
"Selby, Colin",681882,2024,28
"Cabrera, Edward",665795,2025,581
"Mlodzinski, Carmen",669387,2023,152
"Lemoine, Jake",621082,2022,74
"Morejon, Adrian",670970,2023,44
"Marte, José",665896,2021,18
"Hanifee, Brenan",669724,2026,52
"Lawrence, Justin",664875,2024,279
"Dobnak, Randy",677976,2024,45
"Gray, Sonny",543243,2023,754
"De los Santos, Yerry",660787,2025,160
"Vest, Will",676684,2021,156
"de Geus, Brett",676969,2024,52
"Yates, Kirby",489446,2026,37
"Funderburk, Kody",681892,2023,47
"Cease, Dylan",656302,2026,258
"Henry, Cole",669371,2026,52
"Williams, Devin",642207,2024,88
"Horn, Bailey",690544,2024,88
"Estes, Joey",683155,2023,47
"Maile, Luke",571912,2021,5
"Wick, Rowan",592858,2021,100
"Betances, Dellin",476454,2021,5
"Herrin, Tim",682120,2023,121
"Dubin, Shawn",681869,2025,145
"Thompson, Keegan",624522,2026,27
"Davidson, Tucker",656353,2023,236
"O'Day, Darren",503285,2021,46
"Criswell, Jeff",676105,2024,87
"Dunn, Justin",643290,2022,138
"Norwood, James",656803,2022,85
"Bradish, Kyle",680694,2023,671
"Pérez, Francisco",660906,2023,74
"Roberts, Ethan",681799,2022,38
"Williams, Taylor",592865,2021,55
"Foley, Jason",671345,2022,256
"Boyle, Joe",671212,2024,226
"Oswalt, Corey",621261,2021,42
"Megill, Tylor",656731,2022,200
"Hollowell, Gavin",668970,2025,43
"Shreve, Chasen",592741,2024,4
"Harvey, Hunter",640451,2023,235
"Sands, Cole",663485,2023,99
"Schreiber, John",670167,2022,257
"Feltner, Ryan",663372,2022,428
"Dodd, Dylan",689266,2025,136
"Soria, Joakim",465657,2021,159
"Rodríguez, Dereck",605446,2023,30
"Pop, Zach",647315,2026,31
"Strahm, Matt",621381,2026,75
"Perkins, Jack",678022,2025,161
"Widener, Taylor",642203,2022,82
"Finnegan, Kyle",640448,2026,117
"Grimm, Justin",518748,2022,71
"Horton, Cade",690990,2026,26
"Dana, Caden",702674,2025,141
"Ellard, Fraser",686642,2025,74
"Rodriguez, Eduardo",593958,2022,391
"Clevinger, Mike",605182,2022,485
"Guerra, Javy",642770,2023,97
"Hendriks, Liam",521230,2021,267
"Hurter, Brant",676428,2025,277
"Reyes, Denyi",660593,2023,90
"Black, Mason",696131,2025,19
"Rodriguez, Nivaldo",670550,2021,31
"Rivera, Emmanuel",656896,2024,20
"Familia, Jeurys",544727,2021,262
"Rodríguez, Elmer",695684,2026,64
"Banda, Anthony",607455,2022,135
"Walter, Brandon",687888,2025,212
"VanWey, Logan",701121,2026,10
"Brzykcy, Zach",694350,2025,110
"Rodriguez, Jefry",622446,2021,112
"Ynoa, Huascar",660623,2021,372
"Raley, Brooks",548384,2022,219
"De Los Santos, Enyel",660853,2024,278
"Nelson, Kyle",669459,2024,42
"Gilbert, Tyler",656457,2025,215
"Santos, Gregory",666619,2022,17
"Effross, Scott",664123,2024,14
"López, Jorge",605347,2023,266
"Berríos, José",621244,2025,698
"Martin, Davis",663436,2025,601
"Messick, Parker",800048,2026,272
"Escobar, Alcides",444876,2022,10
"Adcock, Ty",686654,2025,14
"Pagán, Emilio",641941,2024,158
"Miller, Shelby",571946,2024,225
"Ragans, Cole",666142,2026,151
"Kilian, Caleb",668873,2022,56
"Adam, Jason",592094,2026,82
"Montgomery, Mason",682254,2026,97
"Smith, Chad",663385,2022,85
"Vodnik, Victor",680767,2025,215
"Hernández, Elieser",622694,2024,64
"Morán, Jovani",663558,2022,164
"Brothers, Rex",571521,2021,236
"Montas, Frankie",593423,2021,778
"Young, Alex",622065,2023,236
"Paredes, Enoli",660600,2024,87
"Eflin, Zach",621107,2025,309
"Davila, Nick",689546,2026,29
"Guenther, Sean",674944,2021,103
"Burgos, Raymond",670103,2024,7
"Armstrong, Shawn",542888,2021,165
"Vasquez, Andrew",607755,2021,6
"Eder, Jake",671109,2024,9
"Minaya, Juan",573668,2022,45
"Williams, Trevor",592866,2023,658
"Mahle, Tyler",641816,2025,346
"Rodríguez, Yerry",666720,2022,4
"Pagán, Emilio",641941,2023,273
"Matsui, Yuki",673513,2025,272
"Hunter, Tommy",488984,2023,106
"Paredes, Mike",702474,2026,17
"Wantz, Andrew",681806,2022,204
"Cousins, Jake",664776,2021,125
"Gilbreath, Lucas",656458,2021,185
"Adon, Joan",672851,2022,310
"Voth, Austin",608723,2023,160
"Littell, Zack",641793,2026,259
"Mears, Nick",683232,2026,83
"Pérez, Martín",527048,2026,205
"Logue, Zach",656657,2022,257
"McFarland, T.J.",519008,2021,144
"Rocker, Kumar",677958,2024,55
"Wesneski, Hayden",669713,2024,283
"Kahnle, Tommy",592454,2025,267
"Sewald, Paul",623149,2026,84
"Brown, Hunter",686613,2022,80
"Irvin, Jake",663623,2023,530
"Greene, Shane",572888,2021,113
"Díaz, Edwin",621242,2021,257
"Leiter Jr., Mark",643410,2025,219
"Moreta, Dauri",664294,2021,14
"Reid-Foley, Sean",656887,2022,44
"Hicks, Jordan",663855,2024,481
"Lange, Alex",656638,2025,6
"Payamps, Joel",606303,2023,287
"Stallings, Jacob",607732,2023,36
"Garcia, Rico",670329,2023,60
"May, Dustin",669160,2026,279
"Andrews, Tanner",681084,2026,11
"Keller, Brad",641745,2022,617
"Pérez, Cionel",672335,2024,238
"Clippard, Tyler",461325,2021,111
"Hill, Rich",448179,2021,661
"Heasley, Jonathan",669169,2024,29
"Evans, Demarcus",663770,2021,120
"Ramsey, Lane",682010,2023,92
"McCaughan, Darren",670766,2021,39
"Nelson, Ryne",669194,2023,619
"Kennedy, Ian",453178,2023,75
"Miller, Bryce",682243,2026,79
"Cabrera, Edward",665795,2026,227
"Acevedo, Domingo",642758,2022,266
"Holderman, Colin",670059,2024,223
"Cuas, Jose",621016,2022,180
"Alcantara, Sandy",645261,2023,762
"Bido, Osvaldo",674370,2026,81
"Johnson, Pierce",572955,2026,92
"Crawford, Kutter",676710,2021,13
"Civale, Aaron",650644,2024,689
"De Los Santos, Enyel",660853,2026,98
"Leibrandt, Brandon",605335,2026,30
"McFarland, T.J.",519008,2025,74
"Brach, Brad",542960,2021,139
"Sabrowski, Erik",681870,2025,121
"Keuchel, Dallas",572971,2021,720
"Cannon, Jonathan",686563,2025,466
"Ross, Joe",605452,2025,228
"Snell, Blake",605483,2022,535
"Barnes, Charlie",656212,2021,175
"Varland, Louis",686973,2022,106
"Zerpa, Angel",672582,2024,240
"Skenes, Paul",694973,2025,733
"Nunez, Anthony",689296,2026,118
"Vanasco, Ricky",676568,2026,40
"Stephan, Trevor",663986,2022,267
"Zimmermann, Bruce",669145,2025,28
"Bielak, Brandon",656232,2024,140
"Silseth, Chase",681217,2022,129
"Webb, Logan",657277,2021,596
"Brown, Hunter",686613,2023,665
"Henderson, Logan",701656,2025,99
"Warren, Austin",681810,2022,70
"Speier, Gabe",642100,2026,64
"Wilcox, Cole",677961,2026,70
"Ramirez, Noé",598287,2022,215
"Mikolas, Miles",571945,2022,805
"Lodolo, Nick",666157,2022,441
"Milner, Hoby",571948,2022,272
"Dohy, Kyle",675971,2021,5
"Taillon, Jameson",592791,2024,675
"Matzek, Tyler",554431,2024,48
"Carrasco, Carlos",471911,2025,212
"Miller, Mason",695243,2026,96
"Woo, Bryan",693433,2026,279
"Pomeranz, Drew",519141,2021,102
"Curvelo, Luis",681168,2025,84
"Ramirez, Nick",598286,2021,91
"Bello, Brayan",678394,2023,668
"Allard, Kolby",663465,2023,56
"Barlow, Joe",669618,2023,44
"Ivey, Tyler",663959,2021,20
"Santillan, Tony",663574,2021,190
"Fernández, Junior",658551,2022,84
"Ottavino, Adam",493603,2024,245
"Pivetta, Nick",601713,2021,661
"Smith, Cade",671922,2025,300
"Williams, Trevor",592866,2022,372
"Adam, Jason",592094,2022,237
"Gillaspie, Logan",670810,2022,74
"Castillo, Luis",622491,2024,719
"Freeland, Kyle",607536,2026,230
"Moll, Sam",594580,2026,109
"Minter, A.J.",621345,2026,13
"Mederos, Victor",682989,2023,17
"Newsome, Ljay",664714,2021,70
"Scott, Christian",681035,2024,197
"Garrett, Reed",657585,2022,49
"Castillo, Luis",622491,2023,802
"Lucas, Easton",687922,2023,35
"McGee, Easton",668834,2023,22
"La Sorsa, Joe",686747,2025,33
"Henriquez, Edgardo",683618,2025,78
"Foster, Matt",641582,2024,30
"Sears, JP",676664,2024,758
"Suarez, Robert",663158,2025,269
"Aldegheri, Sam",691951,2026,48
"Abad, Fernando",472551,2021,82
"Long, Sam",669674,2024,176
"Griffin, Foster",656492,2022,32
"Alexander, Tyler",641302,2021,451
"Estévez, Carlos",608032,2023,281
"Law, Derek",571882,2023,240
"Johnson, Ryan",696270,2025,72
"DeSclafani, Anthony",543101,2025,169
"Espino, Paolo",502179,2024,44
"Morton, Charlie",450203,2024,701
"Herget, Jimmy",623474,2022,266
"Priester, Quinn",682990,2024,221
"deGrom, Jacob",594798,2023,115
"Hill, Jaden",677955,2026,94
"Swarzak, Anthony",461872,2021,56
"Feltner, Ryan",663372,2021,33
"Chirinos, Yonny",630023,2023,367
"Suarez, José",660761,2023,165
"Schreiber, John",670167,2026,97
"Chatwood, Tyler",543022,2021,145
"Hernández, Daysbel",678226,2025,163
"Brogdon, Connor",641401,2022,188
"Brito, Jhony",666745,2023,372
"Ferguson, Caleb",657571,2022,142
"Morgan, Adam",605388,2021,108
"Neidert, Nick",663734,2022,20
"Miller, Bobby",676272,2024,258
"Kerkering, Orion",689147,2026,95
"Blandino, Alex",607468,2021,18
"Falter, Bailey",663559,2026,57
"Fisher, Braydon",680755,2025,202
"Morgan, Eli",669212,2024,167
"Murfee, Penn",682171,2022,272
"Ellard, Fraser",686642,2024,101
"Sánchez, Cristopher",650911,2022,177
"Valdez, César",491624,2022,5
"Wood, Alex",622072,2021,585
"Urquidy, José",664353,2021,423
"Wantz, Andrew",681806,2023,160
"Cyr, Tyler",664202,2022,55
"Greene, Shane",572888,2022,13
"Heaney, Andrew",571760,2024,693
"Medina, Luis",665622,2023,495
"Hendricks, Kyle",543294,2023,578
"Devenski, Chris",606965,2026,12
"Basso, Brady",669620,2025,56
"Kriske, Brooks",621139,2025,88
"Bello, Brayan",678394,2024,702
"Mize, Casey",663554,2021,612
"Irvin, Jake",663623,2026,228
"Maton, Phil",664208,2022,283
"Iglesias, Raisel",628452,2022,246
"Maton, Phil",664208,2024,265
"Ferguson, Caleb",657571,2024,249
"Hartlieb, Geoff",664129,2025,24
"Santos, Gregory",666619,2024,31
"Kittredge, Andrew",552640,2021,282
"Ramos, Wilkin",678576,2026,11
"Estrada, Lazaro",681751,2025,35
"Díaz, Jhonathan",646242,2021,59
"Mattson, Isaac",676755,2026,87
"Sousa, Bennett",656986,2023,34
"Detmers, Reid",672282,2021,101
"Rodriguez, Carlos",692230,2024,57
"Rodriguez, Grayson",680570,2023,515
"Soroka, Michael",647336,2026,280
"Lowther, Zac",675912,2022,28
"Kinley, Tyler",641755,2022,100
"Gibaut, Ian",664139,2024,10
"Devenski, Chris",606965,2024,122
"Weissert, Greg",669711,2022,48
"Lively, Ben",594902,2023,383
"Meyer, Max",676974,2026,277
"Poche, Colin",621363,2023,246
"Kopech, Michael",656629,2022,494
"Jackson, Andre",656578,2021,50
"Hoffman, Jeff",656546,2021,335
"Fulmer, Michael",605242,2023,237
"Stratton, Chris",608717,2023,338
"Birdsong, Hayden",806185,2025,298
"Medina, Adonis",658431,2021,36
"France, J.P.",641585,2024,121
"Allen, Logan",663531,2022,40
"Ortiz, Luis",682847,2023,400
"Anderson, Ian",666120,2022,493
"Montgomery, Jordan",656756,2022,724
"Cortes, Nestor",641482,2025,157
"Robert, Daniel",642016,2025,59
"Boxberger, Brad",502202,2021,266
"Minter, A.J.",621345,2021,221
"Lynn, Lance",458681,2023,808
"Burleson, Alec",676475,2023,13
"Freeland, Kyle",607536,2022,766
"Rooney, John",680701,2025,6
"Keuchel, Dallas",572971,2023,172
"Javier, Cristian",664299,2026,48
"Enns, Dietrich",608650,2026,70
"Campbell, Isaiah",663462,2023,120
"Koenig, Jared",657649,2024,265
"Vesia, Alex",681911,2022,227
"Berríos, José",621244,2024,786
"Rodríguez, Yariel",684320,2025,298
"Estrada, Jeremiah",669093,2025,304
"Rodón, Carlos",607074,2022,710
"Wantz, Andrew",681806,2021,120
"Vespi, Nick",663989,2024,49
"Lopez, José",673111,2023,10
"Alvarez, Andrew",674841,2025,98
"McGuire, Reese",624512,2025,6
"Holderman, Colin",670059,2022,118
"Ellis, Chris",595939,2022,25
"Casparius, Ben",676508,2025,333
"Sborz, Josh",622250,2021,257
"Keller, Mitch",656605,2021,470
"Maile, Luke",571912,2024,18
"Winn, Keaton",676775,2026,97
"Kelly, Casey",543391,2025,6
"Tully, Tanner",668684,2022,30
"Freeland, Kyle",607536,2021,515
"Mederos, Victor",682989,2026,6
"White, Mitch",669952,2023,60
"Doolittle, Sean",448281,2022,17
"Cisnero, José",542585,2022,105
"Steele, Justin",657006,2024,555
"Kim, Kwang Hyun",547942,2021,452
"Bigge, Hunter",685801,2024,73
"Skubal, Tarik",669373,2025,748
"Civale, Aaron",650644,2026,246
"Castro, Kervin",665645,2022,57
"Rutledge, Jackson",671131,2026,12
"Cole, Gerrit",543037,2026,45
"Bard, Daniel",453268,2022,245
"Richards, Trevor",670950,2025,29
"Alexy, A.J.",669935,2022,38
"Rosscup, Zac",573127,2021,13
"Poulin, PJ",676571,2025,110
"France, J.P.",641585,2025,16
"Rucker, Michael",621074,2021,126
"Morejon, Adrian",670970,2021,20
"Kelly, Casey",543391,2024,21
"Bass, Anthony",542914,2023,88
"Kimbrel, Craig",518886,2023,278
"Nittoli, Vinny",657697,2021,6
"Gray, Sonny",543243,2024,671
"Williams, Gavin",668909,2024,332
"Wacha, Michael",608379,2026,302
"Civale, Aaron",650644,2021,498
"Smeltzer, Devin",656970,2023,100
"Ferrer, José A.",678606,2026,114
"Lucchesi, Joey",664192,2026,24
"Martin, Chris",455119,2022,225
"Stanek, Ryne",592773,2022,224
"Marte, Yunior",628708,2024,127
"Strzelecki, Peter",657265,2024,47
"Rea, Colin",607067,2024,714
"Graveman, Kendall",608665,2023,282
"Williamson, Brandon",682227,2026,128
"Strahm, Matt",621381,2021,36
"Jackson, Jay",543351,2022,5
"Owens, Tyler",687074,2025,15
"Reyes, Denyi",660593,2022,31
"Poteet, Cody",547001,2022,114
"Leclerc, José",600917,2024,288
"Little, Brendon",663893,2024,193
"Castillo, Max",666721,2023,89
"Kopech, Michael",656629,2024,279
"Staumont, Josh",622251,2023,89
"Miller, Shelby",571946,2025,186
"Robertson, David",502085,2022,264
"Morgan, Eli",669212,2022,256
"Almonte, Yency",622075,2023,207
"Patrick, Chad",694477,2025,503
"Gillaspie, Logan",670810,2024,49
"Medina, Adonis",658431,2022,110
"Smith, Drew",622098,2022,187
"Flaherty, Jack",656427,2024,649
"Espino, Paolo",502179,2021,455
"Oviedo, Johan",670912,2023,781
"Samaniego, Tyler",701719,2026,90
"Merryweather, Julian",657240,2022,119
"Garcia, Bryan",650530,2022,84
"Gray, Jon",592351,2021,644
"Bradley, Archie",605151,2023,39
"Holton, Tyler",663947,2022,39
"Yamamoto, Yoshinobu",808967,2024,368
"Misiewicz, Anthony",664948,2023,55
"Claudio, Alex",592222,2021,148
"Reyes, Franmil",614177,2022,3
"Vodnik, Victor",680767,2023,44
"Ureña, Walbert",700712,2026,194
"Strop, Pedro",467008,2021,10
"Smith, Caleb",592761,2022,302
"Dunning, Dane",641540,2024,421
"Rasmussen, Drew",656876,2023,177
"Taylor, Josh",657031,2023,83
"Sampson, Adrian",592716,2021,145
"Sauer, Matt",669422,2024,84
"Cisnero, José",542585,2023,267
"Rodríguez, José",642578,2023,12
"Kranick, Max",668820,2022,19
"Curry, Xzavion",675540,2024,172
"Ashcraft, Graham",668933,2025,284
"Marinaccio, Ron",676760,2023,205
"Miller, Bryce",682243,2025,392
"Paredes, Enoli",660600,2022,14
"Reynolds, Sean",669308,2025,117
"Chirinos, Yonny",630023,2022,30
"Raley, Brooks",548384,2021,205
"Wentz, Joey",666214,2023,492
"McCaughan, Darren",670766,2023,27
"Luetge, Lucas",476595,2023,65
"Baumann, Mike",657508,2024,264
"Bradley, Taj",671737,2024,578
"Hamilton, Ian",641656,2026,7
"Bidois, Brandan",684049,2026,41
"Díaz, Alexis",664747,2025,85
"Flaherty, Jack",656427,2023,650
"Greene, Hunter",668881,2025,420
"Muñoz, Rolddy",691548,2026,12
"Backhus, Kyle",679775,2026,41
"Brubaker, JT",664141,2022,646
"Gose, Anthony",543238,2024,22
"Domínguez, Seranthony",622554,2026,97
"Bush, Ky",681066,2024,87
"Matsui, Yuki",673513,2024,257
"Castillo, Luis",622491,2021,803
"Mize, Casey",663554,2026,185
"Klein, Will",694361,2025,70
"Cueto, Johnny",456501,2024,50
"Mengden, Daniel",596043,2022,32
"Faria, Jake",607188,2023,14
"Wiles, Nathan",686249,2025,7
"Nance, Tommy",667297,2025,126
"Ashcraft, Braxton",677952,2025,292
"Mariot, Michael",592527,2023,13
"Hernández, Daysbel",678226,2023,20
"Contreras, Roansy",672710,2021,12
"Barnes, Matt",598264,2024,60
"Poche, Colin",621363,2024,153
"Rodríguez, Manuel",655889,2021,83
"Hjelle, Sean",663546,2024,337
"Schultz, Paxton",687606,2025,110
"Thorpe, Drew",689672,2024,190
"Saucedo, Tayler",642048,2023,207
"Blackburn, Paul",621112,2023,464
"Bibee, Tanner",676440,2026,290
"Rogers, Taylor",573124,2023,216
"Schlittler, Cam",693645,2026,295
"Muller, Kyle",666205,2023,372
"Romero, JoJo",668941,2025,255
"Miller, Tyson",668338,2023,64
"Plesac, Zach",668676,2022,568
"Loup, Aaron",571901,2022,260
"Minter, A.J.",621345,2022,271
"Raquet, Nick",675919,2026,14
"Means, John",607644,2022,34
"Pop, Zach",647315,2021,246
"Voth, Austin",608723,2021,248
"Hamilton, Ian",641656,2024,163
"Crowe, Wil",640444,2022,332
"Lazar, Max",676661,2025,170
"Stammen, Craig",489334,2022,177
"Ward, Thaddeus",663658,2023,160
"Doval, Camilo",666808,2022,286
"Selby, Colin",681882,2023,114
"Harrison, Kyle",690986,2025,156
"Allard, Kolby",663465,2022,87
"Priester, Quinn",682990,2025,653
"Flaherty, Jack",656427,2026,271
"Graterol, Brusdar",660813,2021,150
"Wendelken, J.B.",605525,2021,194
"Hancock, Emerson",676106,2024,266
"Iglesias, Raisel",628452,2024,259
"Leiter, Jack",683004,2025,646
"Barker, Luke",673316,2022,19
"Pérez, Martín",527048,2024,590
"Gore, MacKenzie",669022,2023,582
"Adam, Jason",592094,2023,222
"Hernández, Carlos",672578,2025,203
"Ober, Bailey",641927,2026,281
"García, Edgar",658305,2021,72
"Strasburg, Stephen",544931,2022,23
"Dubin, Shawn",681869,2024,207
"Alzolay, Adbert",640470,2021,519
"Fulmer, Carson",608334,2023,39
"Luetge, Lucas",476595,2022,251
"Gray, Jon",592351,2025,63
"Javier, Cristian",664299,2024,150
"Erceg, Lucas",668674,2025,249
"Luzardo, Jesús",666200,2026,285
"Yesavage, Trey",702056,2025,62
"De Los Santos, Enyel",660853,2021,173
"Bird, Jake",656234,2024,185
"Soriano, George",666277,2023,228
"Liberatore, Matthew",669461,2023,275
"Brasier, Ryan",518489,2023,239
"Colomé, Alex",517008,2023,15
"Smith, Cade",671922,2024,289
"Díaz, Yilber",700270,2024,119
"Dollander, Chase",801403,2025,441
"Tate, Dillon",622253,2024,164
"Manning, Matt",666159,2023,316
"Bubic, Kris",663460,2023,68
"Vodnik, Victor",680767,2026,90
"Morgan, Eli",669212,2026,81
"Hill, Tim",657612,2026,100
"Misiewicz, Anthony",664948,2025,23
"Priester, Quinn",682990,2023,234
"May, Trevor",543507,2023,205
"Trevino, Jose",624431,2024,13
"Pérez, Oliver",424144,2021,18
"Brieske, Beau",689225,2026,11
"Banks, Tanner",621383,2022,217
"Verlander, Justin",434378,2022,666
"Cobb, Alex",502171,2022,631
"Simpson, Josh",681006,2026,10
"Whitley, Forrest",666215,2024,20
"Peters, Dillon",596071,2022,165
"Andriese, Matt",542882,2021,222
"Alcantara, Sandy",645261,2025,745
"Pilkington, Konnor",663455,2023,8
"Oller, Adam",670124,2022,337
"Buehler, Walker",621111,2022,274
"Kolarek, Adam",592473,2021,51
"Martinez, Adrián",661309,2023,241
"Dickson, Brandon",505447,2021,10
"Fairbanks, Pete",664126,2021,189
"Zastryzny, Rob",642239,2022,16
"Houser, Adrian",605288,2025,518
"Herget, Jimmy",623474,2024,52
"Wells, Tyler",669330,2021,224
"Doval, Camilo",666808,2023,281
"Hernández, Jonathan",642546,2026,21
"VerHagen, Drew",572403,2022,106
"Freeland, Kyle",607536,2025,709
"Brice, Austin",592169,2021,64
"Megill, Tylor",656731,2023,567
"Horton, Cade",690990,2025,476
"Stratton, Chris",608717,2025,104
"Rodríguez, Manuel",655889,2022,57
"Kelly, Zack",677161,2023,43
"Castano, Daniel",641447,2022,156
"Latz, Jacob",656641,2023,22
"King, Michael",650633,2026,273
"Misiewicz, Anthony",664948,2022,121
"Varland, Louis",686973,2023,283
"Blanco, Ronel",669854,2023,226
"Hancock, Emerson",676106,2023,49
"Walker, Josh",677020,2023,48
"Gray, Peyton",682608,2026,80
"Peralta, Wandy",593974,2026,113
"Monteverde, Patrick",687287,2025,20
"Bloss, Jake",814005,2024,55
"Gilbert, Logan",669302,2023,770
"Colomé, Alex",517008,2022,215
"Crochet, Garrett",676979,2026,138
"Hughes, Brandon",676714,2022,240
"Poteet, Cody",547001,2025,16
"Danish, Tyler",641501,2022,173
"Cabrera, Edward",665795,2024,417
"Sewald, Paul",623149,2021,264
"Warren, Austin",681810,2024,42
"Nikhazy, Doug",680951,2026,9
"Thompson, Keegan",624522,2022,485
"Tarnok, Freddy",676206,2025,28
"Alldred, Cam",682027,2022,4
"Zabala, Aneurys",656008,2022,11
"Francis, Bowden",670102,2024,408
"Cabrera, Génesis",650893,2023,239
"Beeks, Jalen",656222,2023,192
"Pagán, Emilio",641941,2022,274
"Young, Brandon",687064,2026,189
"Gott, Trevor",641627,2022,186
"Lugo, Seth",607625,2022,272
"Garrett, Reed",657585,2025,238
"Legumina, Casey",668984,2025,219
"Ryan, Joe",657746,2026,282
"Buchter, Ryan",488748,2021,78
"Urquidy, José",664353,2026,36
"Zastryzny, Rob",642239,2024,29
"Ruiz, José",614179,2024,217
"Chargois, JT",608638,2021,216
"Cabrera, Edward",665795,2023,434
"Shaw, Bryan",543766,2024,24
"Feigl, Brady",621399,2024,11
"Kirby, George",669923,2024,778
"Slaten, Justin",686580,2026,43
"Marte, Yunior",628708,2022,214
"Coulombe, Danny",543056,2023,210
"Jax, Griffin",643377,2023,274
"Lynch IV, Daniel",663738,2023,223
"Cease, Dylan",656302,2025,722
"Bumgarner, Madison",518516,2022,698
"Yates, Kirby",489446,2025,179
"Gibaut, Ian",664139,2025,109
"Martin, Chris",455119,2024,180
"Walker, Taijuan",592836,2024,381
"Cecconi, Slade",677944,2025,545
"Hill, Rich",448179,2024,15
"Brubaker, JT",664141,2026,124
"Clarke, Taylor",664199,2026,93
"Moronta, Reyes",606625,2021,13
"Wilson, Bryse",669060,2024,442
"Jacob, Alek",689690,2023,10
"Bush, Matt",456713,2023,48
"Gausman, Kevin",592332,2024,756
"Wantz, Andrew",681806,2024,6
"Alexander, Jason",669920,2025,336
"May, Dustin",669160,2025,584
"Severino, Luis",622663,2024,761
"Heasley, Jonathan",669169,2023,63
"Sasaki, Roki",808963,2026,222
"Garcia, Brandyn",805299,2026,43
"Shuster, Jared",694363,2026,32
"Higgins, P.J.",664731,2026,3
"Javier, Cristian",664299,2025,157
"Wells, Alex",649144,2022,16
"Sulser, Cole",642121,2021,257
"Verlander, Justin",434378,2023,669
"Neal, Zach",594943,2023,124
"Leiter, Jack",683004,2024,173
"Hernández, Jonathan",642546,2022,131
"Ottavino, Adam",493603,2021,277
"Woods Richardson, Simeon",680573,2026,227
"Brewer, Colten",605155,2021,9
"Veneziano, Anthony",685107,2025,117
"Rock, Joe",697812,2025,35
"Weber, Ryan",543901,2022,37
"Carlton, Drew",656290,2022,32
"Rodríguez, Richard",593144,2021,251
"Duffey, Tyler",608648,2021,254
"Megill, Trevor",656730,2022,196
"Heaney, Andrew",571760,2022,310
"Bieber, Shane",669456,2024,45
"Halvorsen, Seth",678020,2024,46
"Dozier, Hunter",641531,2022,6
"Bummer, Aaron",607481,2023,267
"Ober, Bailey",641927,2022,227
"Sweet, Devin",682967,2023,43
"Guerra, Javy",642770,2022,82
"Duplantier, Jon",641541,2021,70
"Weber, Ryan",543901,2021,45
"Penrod, Zach",683068,2024,20
"Mushinski, Parker",656786,2022,30
"Neris, Héctor",593576,2023,273
"Detmers, Reid",672282,2026,288
"Chivilli, Angel",683409,2026,13
"Boyle, Joe",671212,2026,66
"Díaz, Alexis",664747,2024,242
"Thompson, Zack",668868,2024,83
"Castellanos, Humberto",528748,2022,194
"Kelly, Zack",677161,2026,71
"Hill, Tim",657612,2023,202
"Cotton, Jharel",605194,2021,137
"Gordon, Tanner",685299,2024,160
"Lauer, Eric",641778,2023,211
"Thompson, Zack",668868,2023,287
"Thornton, Trent",663423,2026,51
"Chandler, Bubba",696149,2025,124
"Anderson, Chase",502624,2021,215
"Kluber, Corey",446372,2021,341
"Weathers, Ryan",677960,2023,257
"Machado, Andrés",600921,2023,207
"Gillaspie, Logan",670810,2023,46
"Acton, Garrett",670183,2023,32
"Borucki, Ryan",621366,2023,152
"Kershaw, Clayton",477132,2022,493
"Phillips, Connor",683175,2026,133
"Johnson, Seth",686751,2025,54
"Hale, David",571735,2021,116
"Varland, Gus",681402,2024,115
"Means, John",607644,2024,80
"Freeland, Kyle",607536,2024,490
"Snell, Blake",605483,2021,550
"Gausman, Kevin",592332,2021,775
"Price, David",456034,2021,326
"Warren, Will",701542,2025,711
"López, Reynaldo",625643,2022,254
"Feltner, Ryan",663372,2025,135
"Snell, Blake",605483,2024,418
"Williams, Trevor",592866,2021,405
"Garcia, Luis",677651,2023,115
"Vásquez, Randy",681190,2023,166
"Barria, Jaime",642545,2022,316
"Adam, Jason",592094,2024,282
"Cyr, Tyler",664202,2023,6
"Wingenter, Trey",622259,2023,76
"Murphy, Chris",669684,2023,212
"Antone, Tejay",622088,2024,11
"Banda, Anthony",607455,2026,115
"Pushard, Matt",690155,2026,32
"Pilkington, Konnor",663455,2022,258
"Wesneski, Hayden",669713,2022,132
"Kerkering, Orion",689147,2025,266
"Elledge, Seth",676220,2021,52
"Leasure, Jordan",673929,2024,142
"Uceta, Edwin",670955,2023,11
"Jameson, Drey",686753,2023,174
"Waldron, Matt",663362,2026,110
"Brown, McCade",685326,2025,126
"Gilbert, Tyler",656457,2023,72
"Beeter, Clayton",690925,2026,66
"Trevino, Jose",624431,2025,12
"Jobe, Jackson",695549,2024,16
"Castro, Miguel",612434,2021,303
"Headrick, Brent",687396,2026,123
"Paulino, David",600944,2021,9
"Archer, Chris",502042,2021,83
"DeSclafani, Anthony",543101,2022,94
"Martinez, Justin",679885,2024,308
"Neris, Héctor",593576,2022,263
"Marsh, Alec",679525,2023,342
"Grove, Michael",675627,2023,302
"Quintana, Jose",500779,2026,181
"Saucedo, Tayler",642048,2026,8
"Myers, Tobias",668964,2024,569
"Tepera, Ryan",572193,2022,232
"Coulombe, Danny",543056,2025,176
"Hernández, Enrique",571771,2025,37
"Kochanowicz, Jack",686799,2024,266
"Garrett, Braxton",666129,2026,28
"Mayers, Mike",594577,2022,223
"Barnes, Jacob",606930,2021,128
"Altavilla, Dan",656186,2024,21
"Llovera, Mauricio",661440,2022,72
"Sborz, Josh",622250,2023,215
"Lovelady, Richard",663992,2025,57
"Armstrong, Shawn",542888,2026,67
"Suarez, José",660761,2022,462
"Stewart, Brock",592779,2025,159
"Brazobán, Huascar",623211,2022,141
"Hill, Tim",657612,2025,269
"Wentz, Joey",666214,2025,442
"Herget, Kevin",643361,2023,105
"Antone, Tejay",622088,2026,41
"Jarvis, Bryce",686826,2024,258
"De León, José",592254,2023,70
"Holloway, Jordan",656548,2022,11
"Sanders, Cam",676742,2025,34
"Elías, Roenis",606273,2022,33
"Berríos, José",621244,2023,782
"Parker, Mitchell",680730,2026,128
"Merryweather, Julian",657240,2023,303
"Leone, Dominic",608678,2022,222
"Beck, Brendan",694341,2026,13
"Quijada, José",650671,2025,8
"Garrett, Amir",607237,2021,215
"Brubaker, JT",664141,2025,117
"Uceta, Edwin",670955,2021,92
"Alvarez, Jose",501625,2021,266
"Diekman, Jake",518617,2023,243
"Thompson, Ryan",657044,2023,121
"Benjamin, Wes",605138,2021,112
"García, Luis",472610,2021,135
"Chivilli, Angel",683409,2024,133
"Holton, Tyler",663947,2023,324
"Beck, Tristan",663941,2026,27
"Barco, Hunter",682995,2026,60
"Stratton, Hunter",676702,2026,3
"Gore, MacKenzie",669022,2024,731
"Fedde, Erick",607200,2024,726
"Farmer, Buck",571656,2023,309
"Hernández, Carlos",672578,2023,301
"Brown, Hunter",686613,2025,729
"Peralta, Freddy",642547,2025,723
"Hartman, Ryan",670057,2021,10
"Waguespack, Jacob",621097,2024,51
"Solomon, Jared",676660,2022,39
"Irvin, Jake",663623,2024,769
"Plassmeyer, Michael",674681,2023,23
"VanWey, Logan",701121,2025,49
"Estes, Joey",683155,2025,55
"Blackburn, Paul",621112,2021,175
"Leasure, Jordan",673929,2025,269
"Sugano, Tomoyuki",608372,2025,675
"Jansen, Kenley",445276,2026,62
"Hoppe, Alex",695380,2026,57
"Gray, Jon",592351,2024,439
"Lyles, Jordan",543475,2023,748
"Elder, Bryce",693821,2023,732
"Bolton, Cody",675989,2024,83
"Weathers, Ryan",677960,2024,367
"Vesia, Alex",681911,2025,237
"Holloway, Jordan",656548,2021,158
"McCaughan, Darren",670766,2024,195
"Kikuchi, Yusei",579328,2025,772
"Soto, Gregory",642397,2022,263
"Feyereisen, J.P.",656420,2022,86
"Matz, Steven",571927,2026,195
"Garrett, Amir",607237,2023,112
"Rondón, Angel",667373,2021,7
"Ramirez, Noé",598287,2021,147
"Meyer, Max",676974,2025,285
"Pagán, Emilio",641941,2026,62
"Pallante, Andre",669467,2024,509
"Warren, Austin",681810,2025,34
"Contreras, Roansy",672710,2022,408
"Hernández, Carlos",672578,2022,266
"Ryan, Joe",657746,2021,100
"Misiorowski, Jacob",694819,2025,272
"Winans, Allan",642216,2023,141
"Sánchez, Miguel",667376,2021,120
"Soroka, Michael",647336,2024,347
"Harvey, Matt",518774,2021,582
"Swanson, Erik",657024,2025,30
"Abreu, Albert",656061,2021,156
"Hernández, Carlos",672578,2024,129
"Almonte, Yency",622075,2022,135
"Payamps, Joel",606303,2024,235
"Anderson, Chase",502624,2023,372
"Coleman, Dylan",669395,2024,4
"Abbott, Andrew",671096,2025,684
"Hill, Garrett",682051,2023,80
"Ritchie, JR",702275,2026,114
"Mejía, J.C.",650496,2022,16
"Bello, Brayan",678394,2022,268
"Spiers, Carson",686730,2025,60
"McGee, Easton",668834,2022,14
"Allard, Kolby",663465,2025,266
"Brieske, Beau",689225,2023,152
"Bostick, Akeem",641384,2021,4
"Nelson, Kyle",669459,2025,11
"Junk, Janson",676083,2024,48
"Manoah, Alek",666201,2026,39
"Cabrera, Edward",665795,2022,291
"Sabrowski, Erik",681870,2026,83
"Hughes, Brandon",676714,2024,89
"Sears, JP",676664,2025,583
"Walsh, Jake",673904,2022,15
"Buehler, Walker",621111,2024,344
"Schmidt, Clarke",657376,2023,694
"Ureña, José",570632,2023,203
"Snider, Collin",676092,2023,95
"Hoglund, Gunnar",680684,2025,139
"Ruiz, José",614179,2025,79
"Singer, Brady",663903,2025,716
"Stroman, Marcus",573186,2025,175
"Anderson, Nick",623433,2021,24
"Snider, Collin",676092,2022,151
"Knight, Dusten",643400,2022,49
"Faedo, Alex",656412,2024,246
"Chapman, Aroldis",547973,2024,264
"Díaz, Miguel",622766,2022,14
"Cishek, Steve",518553,2022,287
"Waites, Cole",686972,2023,15
"Pérez, Cionel",672335,2025,110
"King, Michael",650633,2022,199
"Smyly, Drew",592767,2021,546
"Harris, Hogan",663687,2026,130
"Gage, Matt",657424,2025,137
"Smith, Will",519293,2021,283
"Ortega, Oliver",661383,2021,39
"Roa, Christian",685005,2025,12
"Hiraldo, Yaramil",682274,2025,84
"Glasnow, Tyler",607192,2025,366
"Ross, Joe",605452,2024,321
"Jackson, Andre",656578,2023,257
"Imai, Tatsuya",837227,2026,126
"Dayton, Grant",594795,2021,62
"Carrasco, Carlos",471911,2022,645
"Springs, Jeffrey",605488,2022,549
"Brash, Matt",666374,2025,199
"Seymour, Carson",693313,2025,156
"Santillan, Tony",663574,2024,122
"Clarke, Taylor",664199,2025,206
"Vesia, Alex",681911,2026,80
"Festa, Matt",670036,2026,112
"Voth, Austin",608723,2024,248
"Mantiply, Joe",573009,2025,58
"Graveman, Kendall",608665,2025,82
"Muller, Kyle",666205,2022,59
"Weiss, Ryan",680802,2026,131
"Criswell, Cooper",681867,2026,108
"Thornton, Trent",663423,2022,189
"Borucki, Ryan",621366,2024,51
"Vasquez, Andrew",607755,2023,219
"Hall, DL",669084,2023,81
"Crawford, Brandon",543063,2024,10
"Bazardo, Eduard",660825,2024,108
"Eovaldi, Nathan",543135,2024,696
"Spence, Mitch",687765,2024,651
"Frías, Luis",666818,2024,53
"Swanson, Erik",657024,2021,144
"Davidson, Tucker",656353,2024,19
"Mantiply, Joe",573009,2022,243
"Williams, Devin",642207,2022,240
"Puk, A.J.",640462,2021,65
"Campbell, Paul",669294,2021,124
"Fulmer, Carson",608334,2024,379
"Mushinski, Parker",656786,2024,50
"Mahle, Tyler",641816,2023,102
"Knehr, Reiss",663753,2023,32
"Crick, Kyle",605195,2022,66
"Brasier, Ryan",518489,2021,50
"Mazza, Chris",607391,2021,112
"Young, Alex",622065,2022,116
"Mize, Casey",663554,2025,627
"Cessa, Luis",570666,2023,132
"Webb, Jacob",657097,2026,106
"Britton, Zack",502154,2021,81
"Odorizzi, Jake",543606,2022,453
"Dunning, Dane",641540,2025,95
"Uwasawa, Naoyuki",683822,2024,16
"Krook, Matt",640454,2023,27
"Padilla, Nicholas",656820,2023,23
"Chargois, JT",608638,2024,146
"Ruiz, Norge",650204,2022,94
"Brown, Hunter",686613,2024,712
"Sanmartin, Reiver",665665,2022,256
"Cole, Gerrit",543037,2022,793
"Cabrera, Génesis",650893,2025,187
"Brault, Steven",643230,2021,127
"Brigham, Jeff",656257,2025,18
"Beeter, Clayton",690925,2025,104
"Jacques, Joe",682175,2024,16
"McCullers Jr., Lance",621121,2025,274
"Eovaldi, Nathan",543135,2025,496
"Pallette, Peyton",688883,2026,97
"Vest, Will",676684,2026,83
"Castro, Kervin",665645,2021,56
"Strahm, Matt",621381,2023,351
"Gonzales, Marco",594835,2022,783
"Bummer, Aaron",607481,2026,77
"Zastryzny, Rob",642239,2025,93
"Garrett, Braxton",666129,2021,159
"Baumann, Mike",657508,2021,50
"Dunning, Dane",641540,2021,511
"Freeland, Kyle",607536,2023,677
"Giolito, Lucas",608337,2023,794
"Davis, Austin",656354,2024,33
"Jackson, Luke",592426,2025,219
"Soto, Gregory",642397,2026,107
"Camarena, Daniel",547176,2021,47
"Allen, Logan",671106,2025,676
"Giolito, Lucas",608337,2025,613
"Martinez, Nick",607259,2026,269
"Fishman, Jake",670288,2022,48
"Graterol, Brusdar",660813,2022,197
"Bass, Anthony",542914,2022,275
"Morgan, David",688158,2025,193
"Gray, Josiah",680686,2023,698
"Rodríguez, Manuel",655889,2024,158
"Rogers, Trevor",669432,2025,423
"Karcher, Ricky",676689,2023,4
"Jax, Griffin",643377,2026,147
"Clase, Emmanuel",661403,2023,302
"Germán, Domingo",593334,2022,298
"Merryweather, Julian",657240,2025,88
"Hudson, Daniel",543339,2024,253
"Garrett, Reed",657585,2023,87
"Festa, Matt",670036,2025,226
"Ross, Joe",605452,2021,460
"Rodriguez, Eduardo",593958,2026,296
"Thomas, Connor",671162,2025,31
"Granillo, Andre",701552,2025,91
"Hernández, Darwinzon",650382,2021,182
"Sandlin, Nick",680704,2026,40
"Familia, Jeurys",544727,2022,204
"Naughton, Packy",676050,2021,108
"Mejía, J.C.",650496,2021,238
"Bigge, Hunter",685801,2025,60
"Snead, Kirby",669912,2021,30
"Meyer, Max",676974,2022,26
"Weber, Ryan",543901,2023,60
"Walker, Josh",677020,2026,16
"Williams, Devin",642207,2023,231
"Peterson, David",656849,2025,723
"Crismatt, Nabil",622503,2023,65
"Coleman, Dylan",669395,2021,25
"Headrick, Brent",687396,2024,13
"Strahm, Matt",621381,2024,237
"Díaz, Jhonathan",646242,2023,42
"Jannis, Mickey",595263,2021,21
"Garabito, Gerson",642520,2024,115
"Bender, Anthony",669622,2022,78
"St. John, Locke",657766,2022,9
"Middleton, Keynan",641871,2022,69
"Luzardo, Jesús",666200,2024,274
"Houck, Tanner",656557,2025,203
"Vásquez, Randy",681190,2025,570
"Mejía, J.C.",650496,2023,50
"Gsellman, Robert",607229,2021,119
"Keller, Brad",641745,2023,211
"Bellozo, Valente",678368,2025,348
"Watson, Tony",453265,2021,225
"Muckenhirn, Zach",669105,2023,31
"Brebbia, John",605154,2022,288
"Baker, Bryan",641329,2022,291
"Anderson, Ian",666120,2021,535
"Urías, Julio",628711,2021,745
"Herrin, Tim",682120,2026,93
"Schreiber, John",670167,2024,224
"García, Jarlín",606424,2021,269
"Erceg, Lucas",668674,2023,251
"Keller, Mitch",656605,2026,280
"Diehl, Phillip",670426,2022,28
"Holton, Tyler",663947,2024,354
"Díaz, Jhonathan",646242,2024,47
"Houser, Adrian",605288,2024,309
"Bednar, David",670280,2021,237
"Miles, Spencer",693686,2026,150
"Speier, Gabe",642100,2021,33
"Weems, Jordan",607179,2024,196
"O'Day, Darren",503285,2022,94
"Topa, Justin",623437,2021,23
"Flexen, Chris",623167,2022,590
"Tice, Ty",676709,2021,39
"Brault, Steven",643230,2022,39
"Hearn, Taylor",621368,2023,76
"Duron, Nick",663975,2022,4
"Stewart, Brock",592779,2026,7
"Gallen, Zac",668678,2022,714
"Anderson, Tyler",542881,2022,707
"Smith, Burch",572143,2021,188
"Martin, Davis",663436,2024,220
"Clarke, Taylor",664199,2022,203
"Díaz, Edwin",621242,2024,216
"Rodríguez, Joely",570257,2024,64
"Gibson, Kyle",502043,2024,722
"Sandoval, Patrick",663776,2023,652
"Leiter Jr., Mark",643410,2023,269
"Effross, Scott",664123,2025,51
"Ynoa, Huascar",660623,2022,37
"Collyer, Gavin",686560,2026,76
"Montero, Rafael",606160,2022,270
"Enright, Nic",663671,2025,127
"Poteet, Cody",547001,2024,96
"Cáceres, Kelvin",680983,2023,8
"Nicolas, Kyle",693312,2024,244
"Hader, Josh",623352,2024,278
"Buttó, José",676130,2024,294
"Kinley, Tyler",641755,2023,76
"Suarez, Robert",663158,2023,108
"Morris, Andrew",702193,2026,110
"McArthur, James",663704,2024,246
"Kelly, Joe",523260,2021,182
"Johnson, DJ",597113,2021,15
"Boushley, Caleb",676961,2024,20
"Anderson, Shaun",641312,2024,85
"Maeda, Kenta",628317,2024,485
"Corbin, Patrick",571578,2024,764
"Stanek, Ryne",592773,2025,255
"Luzardo, Jesús",666200,2025,758
"Imanaga, Shota",684007,2026,284
"Patton, Spencer",607359,2022,29
"Nardi, Andrew",677053,2022,83
"Kranick, Max",668820,2021,182
"Bassitt, Chris",605135,2021,637
"Rodríguez, Joely",570257,2023,51
"Clase, Emmanuel",661403,2022,271
"Sheehan, Emmet",686218,2025,291
"Herget, Jimmy",623474,2023,127
"Murphy, Chris",669684,2025,148
"McFarland, T.J.",519008,2022,145
"McHugh, Collin",543521,2023,268
"Ramírez, Erasmo",541640,2022,347
"Peralta, Freddy",642547,2022,317
"Maeda, Kenta",628317,2025,43
"Allgeyer, Nick",680430,2021,3
"Kuhnel, Joel",669270,2024,39
"Neris, Héctor",593576,2024,260
"Gonzales, Marco",594835,2021,585
"Detmers, Reid",672282,2023,644
"Abbott, Cory",676265,2022,216
"Cerantola, Eric",672021,2026,18
"Mattson, Isaac",676755,2021,23
"Englert, Mason",669438,2024,93
"Merryweather, Julian",657240,2024,74
"Bellozo, Valente",678368,2026,48
"Kinley, Tyler",641755,2026,107
"Díaz, Miguel",622766,2021,172
"Turnbull, Spencer",605513,2021,201
"Fletcher, Aaron",667465,2022,52
"Keller, Brad",641745,2021,613
"Ryu, Hyun Jin",547943,2023,224
"Yarbrough, Ryan",642232,2026,87
"Montas, Frankie",593423,2022,608
"Teheran, Julio",527054,2021,20
"Sands, Cole",663485,2022,145
"Adcock, Ty",686654,2024,21
"Rosenberg, Kenny",670046,2023,146
"Roberts, Ethan",681799,2025,39
"Sánchez, Sixto",664350,2024,162
"Montero, Rafael",606160,2025,253
"Martin, Davis",663436,2022,269
"Phillips, Evan",623465,2024,228
"Webb, Jacob",657097,2021,153
"Peguero, Elvis",665625,2025,47
"Mejia, Juan",675848,2025,261
"McFarland, T.J.",519008,2023,11
"Díaz, Edwin",621242,2022,235
"Alvarado, José",621237,2024,258
"Fluharty, Mason",689254,2025,215
"Pérez, Eury",691587,2026,265
"Adams, Austin",613534,2022,9
"Mahle, Tyler",641816,2022,503
"López, Jorge",605347,2022,298
"Hoyt, James",624586,2021,46
"Hall, DL",669084,2024,197
"Marte, José",665896,2022,58
"Hernández, Elieser",622694,2021,225
"Paddack, Chris",663978,2023,22
"Pearson, Nate",663878,2026,14
"Sandoval, Patrick",663776,2022,638
"Nelson, Ryne",669194,2026,278
"Nogosek, Stephen",668665,2022,95
"Bido, Osvaldo",674370,2025,363
"Norris, Daniel",596057,2022,249
"Backhus, Kyle",679775,2025,115
"Sommers, Drew",805427,2025,19
"Mlodzinski, Carmen",669387,2024,209
"Kittredge, Andrew",552640,2025,208
"Peralta, Freddy",642547,2026,285
"Beeks, Jalen",656222,2022,250
"Matzek, Tyler",554431,2025,35
"Matthews, Zebby",805673,2024,177
"Sulser, Beau",676641,2022,99
"Rea, Colin",607067,2025,662
"Jacob, Alek",689690,2026,12
"Williamson, Brandon",682227,2024,59
"Pallante, Andre",669467,2025,715
"Bido, Osvaldo",674370,2023,236
"Okert, Steven",595345,2025,276
"Harrison, Kyle",690986,2026,229
"Latz, Jacob",656641,2026,98
"Doval, Camilo",666808,2021,109
"Adam, Jason",592094,2025,270
"Miley, Wade",489119,2025,55
"Little, Jack",669193,2025,14
"Daniel, Davis",669721,2025,46
"Buttó, José",676130,2025,284
"Wells, Tyler",669330,2025,82
"Manning, Matt",666159,2021,385
"Lovelady, Richard",663992,2024,147
"Márquez, Germán",608566,2025,591
"Pérez, Eury",691587,2025,385
"Canning, Griffin",656288,2025,327
"Wolf, Jackson",680232,2023,22
"Swanson, Erik",657024,2024,168
"Kitchen, Austin",685116,2024,42
"Scott, Tayler",605463,2024,282
"Matzek, Tyler",554431,2021,264
"McDonald, Trevor",686790,2025,60
"Phelps, David",475479,2021,42
"Báez, Pedro",520980,2022,16
"Zimmermann, Bruce",669145,2021,285
"Bird, Jake",656234,2022,211
"Bachman, Sam",696147,2025,94
"Barnes, Jacob",606930,2025,36
"Junk, Janson",676083,2022,37
"Sherriff, Ryan",595411,2023,29
"Mantiply, Joe",573009,2023,157
"Bruihl, Justin",677865,2025,65
"Lodolo, Nick",666157,2024,493
"Kelley, Trevor",665001,2023,69
"Martin, Chris",455119,2023,199
"Varland, Gus",681402,2026,99
"Burdi, Nick",595897,2025,21
"Castro, Miguel",612434,2023,268
"Eisert, Brandon",685126,2026,51
"Adon, Joan",672851,2021,24
"Cantillo, Joey",676282,2024,163
"Chavez, Jesse",445926,2024,264
"Seymour, Ian",693855,2025,242
"Baker, Bryan",641329,2021,4
"Voth, Austin",608723,2026,31
"Chafin, Andrew",605177,2021,266
"Bivens, Spencer",702352,2025,343
"Seabold, Connor",657756,2026,76
"Lindblom, Josh",458676,2021,85
"Leiter Jr., Mark",643410,2024,256
"Cecconi, Slade",677944,2023,111
"Stanek, Ryne",592773,2026,108
"Altavilla, Dan",656186,2025,120
"Martin, Chris",455119,2021,180
"France, J.P.",641585,2023,581
"Uribe, Abner",682842,2026,95
"Weaver, Luke",596133,2023,563
"Shugart, Chase",663767,2024,36
"Kolarek, Adam",592473,2022,79
"Carrasco, Carlos",471911,2024,447
"Garcia, Rico",670329,2026,93
"Yajure, Miguel",664337,2022,119
"Domínguez, Seranthony",622554,2024,255
"Woo, Bryan",693433,2024,472
"Barlow, Scott",605130,2021,306
"McGreevy, Michael",700241,2026,262
"Webb, Tyler",643778,2021,92
"Sawamura, Hirokazu",617228,2021,232
"Pressly, Ryan",519151,2025,182
"Davis, Noah",663562,2024,96
"Díaz, Jhonathan",646242,2022,66
"Milner, Hoby",571948,2023,252
"Manaea, Sean",640455,2025,263
"Soriano, José",667755,2023,185
"Heuer, Codi",676051,2025,21
"Lambert, Peter",663567,2021,30
"Severino, Anderson",644429,2022,34
"Pfaadt, Brandon",694297,2024,760
"Pérez, Martín",527048,2023,608
"Ashcraft, Graham",668933,2023,624
"Warren, Art",605521,2022,165
"Maples, Dillon",596027,2021,139
"Keller, Brad",641745,2024,192
"Blach, Ty",621389,2024,330
"Hernandez, Jose E.",669796,2024,25
"Grove, Michael",675627,2022,133
"Winckowski, Josh",670174,2025,52
"Gilbert, Logan",669302,2024,803
"Beeter, Clayton",690925,2024,15
"Parker, Mitchell",680730,2025,725
"Newcomb, Sean",656794,2026,143
"Edwards Jr., Carl",605218,2026,25
"Curtiss, John",595928,2025,141
"Heaney, Andrew",571760,2023,641
"Misiewicz, Anthony",664948,2024,6
"Whitlock, Garrett",676477,2025,293
"Valdez, Framber",664285,2026,295
"Vargas, Carlos",672841,2025,331
"Guerra, Javy",642770,2021,18
"Cano, Yennier",666974,2026,74
"Guerra, Javy",457915,2021,37
"Foley, Jason",671345,2021,45
"Hicks, Jordan",663855,2021,44
"Cano, Yennier",666974,2022,97
"Mills, Alec",621219,2021,517
"Alexander, Scott",518397,2023,208
"Peralta, Wandy",593974,2023,227
"Staumont, Josh",622251,2024,102
"Alvarado, Elvis",665660,2026,44
"Suero, Wander",593833,2021,190
"Paddack, Chris",663978,2024,384
"Rucinski, Drew",607968,2023,95
"Baldonado, Alberto",593604,2021,49
"Márquez, Germán",608566,2024,20
"Littell, Zack",641793,2022,190
"Baumann, Mike",657508,2022,149
"Hudson, Daniel",543339,2021,210
"Bernardino, Brennan",657514,2025,225
"Crowe, Wil",640444,2021,524
"Fleming, Josh",676596,2023,221
"Chapman, Aroldis",547973,2023,249
"Baker, Bryan",641329,2026,102
"Stratton, Hunter",676702,2023,47
"Koerner, Brody",621259,2021,13
"Peralta, Luis",678821,2024,49
"Rogers, Trevor",669432,2021,550
"Hartwig, Grant",701643,2023,158
"Burke, Sean",680732,2026,270
"Abel, Mick",690953,2026,93
"Williams, Gavin",668909,2026,303
"Hodge, Porter",687863,2025,147
"Pressly, Ryan",519151,2021,250
"McClanahan, Shane",663556,2023,469
"Quantrill, Cal",615698,2025,513
"Carlton, Drew",656290,2023,85
"Thompson, Ryan",657044,2026,81
"Cimber, Adam",643256,2023,95
"Sheffield, Jordan",642068,2022,8
"Tyler, Kyle",667725,2022,14
"Montgomery, Mason",682254,2025,209
"Hembree, Heath",592390,2021,243
"Ruiz, José",614179,2021,271
"Senga, Kodai",673540,2023,694
"Díaz, Edwin",621242,2025,258
"Kriske, Brooks",621139,2023,25
"Strider, Spencer",675911,2022,528
"Nittoli, Vinny",657697,2023,15
"Knehr, Reiss",663753,2021,129
"Peraza, Oswald",672724,2025,16
"Morton, Charlie",450203,2025,654
"Burke, Brock",656271,2025,257
"Means, John",607644,2023,88
"Misiorowski, Jacob",694819,2026,273
"Megill, Trevor",656730,2026,90
"Harris, Hayden",802686,2025,12
"Aguiar, Julian",687924,2024,140
"Medina, Luis",665622,2024,180
"Suarez, Ranger",624133,2024,626
"Ohtani, Shohei",660271,2023,531
"Domínguez, Seranthony",622554,2025,261
"Ríos, Yacksel",605441,2023,13
"Anderson, Grant",681982,2026,89
"Holmes, Clay",605280,2023,262
"De los Santos, Yerry",660787,2026,21
"Hearn, Taylor",621368,2022,449
"Loutos, Ryan",702795,2024,10
"Syndergaard, Noah",592789,2023,391
"Walker, Ryan",676254,2023,263
"Faedo, Alex",656412,2022,244
"Morejon, Adrian",670970,2024,272
"Weems, Jordan",607179,2022,166
"Blackburn, Paul",621112,2024,316
"King, Bryan",687911,2024,109
"Tidwell, Blade",694918,2026,47
"Merryweather, Julian",657240,2021,55
"Nelson, Nick",656793,2021,78
"Garcia, Robert",676395,2026,34
"Ríos, Yacksel",605441,2026,5
"Widener, Taylor",642203,2021,319
"Kelly, Zack",677161,2024,241
"Sands, Cole",663485,2024,292
"Nola, Aaron",605400,2025,404
"Chafin, Andrew",605177,2022,243
"Barnett, Mason",686930,2025,104
"Abreu, Bryan",650556,2025,296
"Greene, Shane",572888,2023,12
"Felipe, Angel",665734,2023,64
"Schmidt, Clarke",657376,2021,38
"Molina, Anthony",683627,2025,160
"Lakins, Travis",664042,2022,50
"Helsley, Ryan",664854,2025,252
"Wentz, Joey",666214,2024,304
"Gusto, Ryan",687473,2025,453
"Lamet, Dinelson",659275,2023,145
"Syndergaard, Noah",592789,2021,8
"Garrett, Braxton",666129,2024,161
"Rasmussen, Drew",656876,2021,307
"Whitlock, Garrett",676477,2023,304
"Paxton, James",572020,2023,411
"Sale, Chris",519242,2025,510
"Sims, Lucas",608371,2022,31
"Barnes, Jacob",606930,2024,277
"Lucchesi, Joey",664192,2025,165
"Woodford, Jake",663765,2021,293
"Baumann, Mike",657508,2023,273
"Moll, Sam",594580,2023,268
"Baker, Bryan",641329,2023,186
"Mills, Wyatt",670090,2022,128
"Ginkel, Kevin",656464,2021,129
"Festa, Matt",670036,2023,43
"Ogasawara, Shinnosuke",829272,2025,173
"Romero, JoJo",668941,2022,67
"Thielbar, Caleb",573204,2026,55
"Castro, Miguel",612434,2025,28
"Bettinger, Alec",676424,2021,51
"Mikolas, Miles",571945,2021,186
"Lucas, Easton",687922,2024,61
"Feltner, Ryan",663372,2023,201
"Garrett, Amir",607237,2022,196
"Fuentes, Didier",800311,2025,69
"Sale, Chris",519242,2024,702
"Uribe, Abner",682842,2024,66
"Ginn, J.T.",669372,2026,241
"Mahle, Tyler",641816,2021,759
"Machado, Andrés",600921,2021,154
"Bibee, Tanner",676440,2024,710
"Tate, Dillon",622253,2021,287
"Thornton, Trent",663423,2021,216
"Koenig, Jared",657649,2025,268
"De los Santos, Yerry",660787,2023,104
"Kelly, Kevin",687330,2024,278
"Brigham, Jeff",656257,2023,160
"Thompson, Mason",666168,2025,60
"Pagán, Emilio",641941,2025,270
"Corbin, Patrick",571578,2022,713
"Hudson, Dakota",641712,2022,596
"Blackburn, Paul",621112,2025,175
"Bradley, Archie",605151,2022,78
"Manaea, Sean",640455,2023,499
"Seymour, Ian",693855,2026,134
"Moll, Sam",594580,2022,187
"Neidert, Nick",663734,2021,157
"Mercado, Michael",675650,2024,64
"Molina, Anthony",683627,2024,264
"Bradford, Cody",674003,2023,234
"Akin, Keegan",669211,2026,66
"Solesky, Chase",686678,2026,17
"Ashcraft, Graham",668933,2026,109
"Hodge, Porter",687863,2024,164
"Thompson, Ryan",657044,2022,181
"Taylor, Josh",657031,2021,209
"Cruz, Fernando",518585,2023,279
"Olson, Reese",681857,2025,285
"Hembree, Heath",592390,2022,107
"Castaño, Blas",680604,2026,53
"Baz, Shane",669358,2021,49
"Reynolds, Sean",669308,2024,49
"Scherzer, Max",453286,2024,177
"Walter, Brandon",687888,2023,106
"Lorenzen, Michael",547179,2022,411
"Jackson, Jay",543351,2021,90
"Long, Sam",669674,2022,181
"Means, John",607644,2021,590
"Kolek, Stephen",663568,2025,461
"Perdomo, Angel",622780,2023,117
"Ort, Kaleb",672391,2025,194
"Gillispie, Connor",687362,2025,123
"Cleavinger, Garrett",664076,2025,243
"Suarez, Ranger",624133,2021,418
"Flexen, Chris",623167,2023,466
"Soriano, José",667755,2025,724
"Holmes, Clay",605280,2026,215
"Brewer, Colten",605155,2023,34
"Castano, Daniel",641447,2023,20
"Mitchell, Bryan",571951,2021,18
"Basso, Brady",669620,2026,14
"Soriano, George",666277,2025,173
"Sherfy, James",642073,2021,63
"Peacock, Brad",502748,2021,26
"Gilbert, Logan",669302,2026,298
"Davis, Tyler",699823,2026,74
"Pruitt, Austin",643493,2021,29
"Cimber, Adam",643256,2022,293
"Abreu, Bryan",650556,2022,248
"Albers, Andrew",452027,2021,89
"Mize, Casey",663554,2024,452
"Boyd, Matthew",571510,2021,337
"Banks, Tanner",621383,2025,267
"Thornburg, Tyler",592804,2022,87
"Lyles, Jordan",543475,2021,769
"Tapia, Domingo",593619,2023,75
"Early, Connelly",813349,2026,277
"Melton, Troy",675512,2026,50
"Tolle, Payton",801139,2025,74
"Hildenberger, Trevor",657610,2021,14
"Milone, Tommy",543548,2022,69
"Dion, Will",702021,2026,29
"Ortega, Oliver",661383,2023,62
"Pérez, Cionel",672335,2021,111
"Junis, Jakob",596001,2021,168
"Mantiply, Joe",573009,2021,177
"Puk, A.J.",640462,2025,35
"Rodríguez, Manuel",655889,2025,121
"Matz, Steven",571927,2023,449
"Johnson, Pierce",572955,2023,277
"Wells, Tyler",669330,2024,67
"Sale, Chris",519242,2023,425
"Criswell, Cooper",681867,2022,13
"Sanders, Phoenix",676637,2022,57
"Iglesias, Raisel",628452,2026,71
"Davidson, Tucker",656353,2022,243
"Montero, Rafael",606160,2024,164
"Hudson, Dakota",641712,2023,354
"Rolison, Ryan",669020,2026,77
"Hader, Josh",623352,2022,219
"Festa, David",701581,2024,277
"Bello, Brayan",678394,2025,700
"Yacabonis, Jimmy",642231,2023,62
"Castellani, Ryan",624418,2022,11
"Keuchel, Dallas",572971,2022,303
"Garcia, Brandyn",805299,2025,66
"Snead, Kirby",669912,2023,56
"Foster, Cameron",671382,2026,49
"Gonsalves, Stephen",624427,2021,18
"Kimbrel, Craig",518886,2026,68
"Bleier, Richard",542947,2022,222
"Dodd, Dylan",689266,2026,40
"Lyles, Jordan",543475,2022,774
"Ginkel, Kevin",656464,2024,291
"Lawrence, Casey",596271,2025,80
"Clevinger, Mike",605182,2025,31
"Santiago, Héctor",502327,2021,117
"Vieaux, Cam",664944,2022,48
"Granillo, Andre",701552,2026,50
"Garrett, Braxton",666129,2022,373
"Snider, Collin",676092,2025,119
"Phillips, Tyler",663969,2024,160
"Nelson, Nick",656793,2024,26
"Allen, Logan",663531,2024,128
"Bibee, Tanner",676440,2023,585
"Williamson, Ben",810938,2026,8
"Wisler, Matt",605538,2021,195
"Farmer, Buck",571656,2021,171
"Dowdy, Kyle",664871,2022,27
"Nance, Tommy",667297,2022,196
"Klassen, George",691946,2026,32
"Thornton, Zach",804267,2026,19
"Loáisiga, Jonathan",642528,2022,203
"Palencia, Daniel",694037,2024,69
"Uceta, Edwin",670955,2024,159
"Godley, Zack",643327,2021,21
"Hernandez, Nick",663321,2024,34
"Fleming, Josh",676596,2022,169
"Szapucki, Thomas",663378,2022,67
"Lawrence, Casey",596271,2022,79
"Peterson, David",656849,2021,287
"López, Pablo",641154,2023,801
"Watkins, Spenser",657093,2023,21
"Coulombe, Danny",543056,2021,139
"Eflin, Zach",621107,2026,17
"Crismatt, Nabil",622503,2024,26
"Crismatt, Nabil",622503,2021,351
"Kopech, Michael",656629,2023,591
"Domínguez, Seranthony",622554,2022,207
"Waddell, Brandon",663399,2021,51
"Skenes, Paul",694973,2024,514
"Hernández, Daysbel",678226,2024,74
"Long, Sam",669674,2023,199
"Houser, Adrian",605288,2021,599
"Weaver, Luke",596133,2025,262
"Blach, Ty",621389,2026,9
"Carrillo, Alex",692024,2025,22
"Nelson, Ryne",669194,2025,619
"Santana, Dennis",642701,2023,50
"Javier, Cristian",664299,2022,585
"Alexander, Scott",518397,2025,81
"Blanco, Ronel",669854,2025,199
"Bummer, Aaron",607481,2024,244
"Peralta, Freddy",642547,2024,725
"Brown, Ben",676962,2025,472
"Logue, Zach",656657,2023,49
"Nogosek, Stephen",668665,2023,118
"Barlow, Joe",669618,2022,146
"Rainey, Tanner",663432,2022,128
"Toussaint, Touki",657053,2022,108
"Adams, Austin",613534,2024,191
"Staumont, Josh",622251,2022,176
"Tonkin, Michael",543859,2024,340
"Fry, Jace",605240,2021,31
"Mazur, Adam",800049,2024,158
"Jansen, Kenley",445276,2021,278
"Zimmermann, Bruce",669145,2023,61
"Varland, Louis",686973,2026,120
"Castillo, José",620454,2025,149
"Sterner, Justin",686993,2025,266
"Pruitt, Austin",643493,2023,197
"Joyce, Ben",690829,2023,48
"Woods Richardson, Simeon",680573,2022,20
"Nelson, Nick",656793,2023,20
"Domínguez, Seranthony",622554,2021,3
"Strzelecki, Peter",657265,2022,148
"Brewer, Colten",605155,2024,95
"Acton, Garrett",670183,2026,28
"Diekman, Jake",518617,2022,269
"Rosso, Ramón",665759,2021,35
"Uceta, Edwin",670955,2022,73
"Leiter, Jack",683004,2026,287
"Mey, Luis",682825,2026,40
"Garcia, Luis",677651,2025,27
"Slaten, Justin",686580,2025,137
"Allen, Logan",671106,2023,537
"Newcomb, Sean",656794,2025,391
"Brogdon, Connor",641401,2026,67
"Kazmir, Scott",431148,2021,55
"Hamilton, Ian",641656,2025,166
"Martinez, Nick",607259,2024,570
"Gant, John",607231,2021,491
"Swanson, Erik",657024,2023,262
"Kloffenstein, Adam",680572,2024,3
"Lovelady, Richard",663992,2021,84
"Stroman, Marcus",573186,2022,569
"Rodriguez, Carlos",692230,2025,50
"Garcia, Robert",676395,2024,251
"Weissert, Greg",669711,2026,108
"Gamboa, Alec",687941,2026,3
"García, Yimi",554340,2025,90
"Davis, Noah",663562,2025,65
"Jones, Nate",518858,2021,87
"Ortiz, Luis",682847,2022,69
"Ginkel, Kevin",656464,2022,124
"Tarnok, Freddy",676206,2023,65
"Paez, Jedixson",699151,2026,16
"Horn, Bailey",690544,2025,50
"Tyler, Kyle",667725,2024,142
"Dermody, Matt",571616,2022,7
"Kempner, William",687531,2026,12
"Tropeano, Nick",607374,2021,34
"Bummer, Aaron",607481,2025,236
"Eovaldi, Nathan",543135,2023,577
"Ramírez, Yohan",670990,2021,114
"Cruz, Steven",674444,2023,62
"Doval, Camilo",666808,2024,271
"Duarte, Daniel",650960,2022,14
"Gallegos, Giovanny",606149,2023,229
"Selman, Sam",572125,2021,110
"Mercado, Michael",675650,2025,20
"Otto Jr., Glenn",657248,2021,111
"Burr, Ryan",621114,2025,8
"Ladwig, A.J.",607609,2022,15
"Bukauskas, J.B.",656266,2023,30
"Phillips, Evan",623465,2021,58
"Robertson, Nick",687798,2024,55
"Alvarez, Jose",501625,2022,76
"Fairbanks, Pete",664126,2022,87
"Jax, Griffin",643377,2024,276
"Treinen, Blake",595014,2026,77
"Enns, Dietrich",608650,2021,88
"Ryu, Hyun Jin",547943,2021,701
"Valdez, Framber",664285,2025,802
"Morris, Cody",663752,2023,38
"Martin, Riley",702303,2026,32
"Romero, Jhon",664584,2022,24
"Davies, Zach",605200,2021,668
"Martinez, Nick",607259,2025,683
"Norris, Daniel",596057,2023,63
"Teng, Kai-Wei",678906,2025,139
"Little, Luke",681432,2025,15
"Lyles, Jordan",543475,2024,19
"Falter, Bailey",663559,2025,518
"Rodríguez, Elvin",660730,2023,10
"Reed, Jake",596082,2021,43
"Miller, Erik",669062,2026,75
"Taillon, Jameson",592791,2022,728
"Bautista, Félix",642585,2022,253
"Joyce, Ben",690829,2024,142
"Svanson, Matt",694335,2026,126
"Jarvis, Bryce",686826,2025,98
"Sulser, Cole",642121,2025,90
"Teheran, Julio",527054,2024,16
"Morris, Cody",663752,2022,100
"Kahnle, Tommy",592454,2023,165
"Boushley, Caleb",676961,2023,10
"Peralta, Wandy",593974,2024,162
"Bummer, Aaron",607481,2022,117
"Kilian, Caleb",668873,2023,33
"King, John",667463,2026,99
"Saucedo, Tayler",642048,2025,66
"Pop, Zach",647315,2025,39
"Boyd, Matthew",571510,2024,166
"Bieber, Shane",669456,2023,533
"Gervase, Paul",801434,2026,21
"Harvey, Hunter",640451,2022,157
"Jameson, Drey",686753,2022,98
"Severino, Luis",622663,2023,417
"Crochet, Garrett",676979,2023,64
"Ramírez, Yohan",670990,2023,176
"Baz, Shane",669358,2026,305
"Kremer, Dean",665152,2022,512
"Hendricks, Kyle",543294,2022,356
"Pearson, Nate",663878,2023,182
"Yacabonis, Jimmy",642231,2022,73
"Suter, Brent",608718,2024,270
"Houck, Tanner",656557,2024,743
"McKenzie, Triston",663474,2021,495
"Tomlin, Josh",458708,2021,218
"Ryan, Ryder",656924,2023,4
"Moore, Matt",519043,2021,334
"Schreiber, John",670167,2023,204
"Valdez, Framber",664285,2023,808
"Roycroft, Chris",688297,2024,155
"Weems, Jordan",607179,2025,23
"Burke, Brock",656271,2024,154
"Wilson, Steven",621051,2024,163
"Floro, Dylan",571670,2021,270
"Topa, Justin",623437,2025,268
"Springs, Jeffrey",605488,2025,713
"Bracho, Silvino",611093,2022,18
"Gomber, Austin",596295,2024,696
"Miller, Erik",669062,2025,128
"Fulmer, Carson",608334,2021,116
"Javier, Cristian",664299,2023,687
"Fernández, Julian",642759,2026,18
"Harvey, Hunter",640451,2026,18
"Mey, Luis",682825,2025,96
"Pérez, Cionel",672335,2026,84
"Keller, Mitch",656605,2023,825
"Luzardo, Jesús",666200,2023,741
"Lopez, Jacob",682052,2023,54
"Glasnow, Tyler",607192,2024,522
"Richards, Trevor",670950,2023,315
"Hader, Josh",623352,2025,206
"Waldron, Matt",663362,2023,173
"Holmes, Clay",605280,2021,292
"Manoah, Alek",666201,2021,459
"Santana, Dennis",642701,2025,270
"Fried, Max",608331,2025,801
"Hurt, Kyle",669165,2023,6
"Miller, Mason",695243,2025,234
"Sánchez, Aníbal",434671,2022,292
"Wheeler, Zack",554430,2021,849
"Darvish, Yu",506433,2023,573
"Cano, Yennier",666974,2025,251
"Tepera, Ryan",572193,2023,57
"Pomeranz, Drew",519141,2026,85
"Pennington, Walter",679156,2024,84
"Lodolo, Nick",666157,2026,120
"Lail, Brady",621078,2021,10
"Cortes, Nestor",641482,2023,266
"Imanaga, Shota",684007,2025,567
"Burrows, Mike",681347,2026,300
"Quantrill, Cal",615698,2026,88
"Little, Brendon",663893,2026,24
"Stripling, Ross",548389,2022,536
"Woods Richardson, Simeon",680573,2024,569
"Carasiti, Matt",571539,2023,110
"May, Dustin",669160,2023,187
"Sisk, Evan",681895,2026,99
"Wolfram, Grant",664991,2026,73
"Lamet, Dinelson",659275,2021,209
"Bielak, Brandon",656232,2021,218
"Winn, Cole",668390,2026,89
"Kilian, Caleb",668873,2026,112
"Flaa, Jay",664852,2021,13
"Macko, Adam",671936,2026,32
"Farris, Mitch",815083,2025,107
"Hill, Jaden",677955,2025,129
"Honeywell, Brent",641703,2024,150
"Gallen, Zac",668678,2021,523
"Bruihl, Justin",677865,2022,100
"McMillon, John",669111,2023,13
"Miller, Bobby",676272,2025,28
"Osich, Josh",592612,2021,60
"Petersen, Michael",656848,2024,90
"Wittgren, Nick",621295,2021,258
"Hill, Tim",657612,2022,199
"Dreyer, Jack",676263,2026,89
"Thornton, Trent",663423,2023,125
"Anderson, Shaun",641312,2025,56
"Cabrera, Génesis",650893,2021,296
"Bruihl, Justin",677865,2021,73
"Ragsdale, Carson",685068,2025,25
"Whitley, Forrest",666215,2025,66
"Poppen, Sean",664092,2022,120
"Wright, Kyle",657140,2023,155
"Abner, Philip",691769,2025,18
"Varland, Louis",686973,2024,238
"deGrom, Jacob",594798,2025,669
"Soriano, José",667755,2026,314
"Rogers, Tyler",643511,2024,290
"Johnson, Pierce",572955,2024,236
"Arihara, Kohei",685503,2022,108
"Cano, Yennier",666974,2024,249
"McHugh, Collin",543521,2021,247
"Franco, Jose",683742,2026,79
"Taylor, Troy",700187,2025,37
"McCullers Jr., Lance",621121,2021,684
"Cobb, Alex",502171,2023,646
"Rodriguez, Carlos",692230,2026,42
"Messick, Parker",800048,2025,165
"Díaz, Yennsy",660546,2021,113
"Valdez, Phillips",570488,2022,72
"Law, Derek",571882,2024,365
"Bauer, Trevor",545333,2021,432
"Gonsolin, Tony",664062,2021,239
"Yates, Kirby",489446,2024,237
"Suarez, José",660761,2026,134
"Warren, Austin",681810,2021,84
"Bender, Anthony",669622,2025,204
"Kuhl, Chad",641771,2023,187
"Criswell, Cooper",681867,2025,80
"Nolin, Sean",543594,2021,123
"Wicks, Jordan",696136,2024,212
"Bickford, Phil",641360,2021,207
"Corbin, Patrick",571578,2023,790
"Fedde, Erick",607200,2025,623
"Junk, Janson",676083,2023,33
"Devenski, Chris",606965,2023,173
"Lord, Brad",695418,2026,152
"Akin, Keegan",669211,2025,268
"Bellatti, Andrew",571479,2023,113
"Kerr, Ray",678061,2023,114
"Thompson, Keegan",624522,2023,125
"Dollander, Chase",801403,2026,189
"López, Yoan",661255,2021,61
"Urquidy, José",664353,2025,14
"Vincent, Nick",543883,2021,47
"Knight, Dusten",643400,2021,44
"Smith, Will",519293,2023,226
"Kershaw, Clayton",477132,2025,463
"Jansen, Kenley",445276,2023,188
"Cruz, Omar",678316,2025,18
"Hahn, Jesse",534910,2025,25
"Ryan, River",689981,2024,81
"Feliz, Neftalí",491703,2021,19
"Megill, Tylor",656731,2024,337
"Minor, Mike",501985,2021,669
"Chafin, Andrew",605177,2023,224
"Suarez, Ranger",624133,2026,238
"Woods, William",682016,2022,8
"Mena, Cristian",691441,2025,26
"Englert, Mason",669438,2025,185
"Solomon, Peter",656981,2021,55
"Ryan, Ryder",656924,2024,93
"Kinley, Tyler",641755,2021,295
"Phillips, Evan",623465,2022,233
"Frías, Luis",666818,2021,16
"Smeltzer, Devin",656970,2021,17
"Flexen, Chris",623167,2024,707
"Houck, Tanner",656557,2021,285
"Civale, Aaron",650644,2023,504
"Lee, Dylan",669276,2026,100
"Crouse, Hans",668968,2021,32
"Detmers, Reid",672282,2024,391
"Green, Chad",643338,2021,315
"Hoeing, Bryan",663773,2023,304
"De los Santos, Yerry",660787,2022,112
"Uribe, Abner",682842,2023,127
"Glasnow, Tyler",607192,2021,340
"Wacha, Michael",608379,2021,528
"Wheeler, Zack",554430,2025,585
"Rodríguez, Yerry",666720,2024,105
"Bowlan, Jonathan",680742,2025,180
"Gonsolin, Tony",664062,2025,157
"Valdez, Phillips",570488,2021,177
"Kerr, Ray",678061,2024,103
"Herget, Kevin",643361,2024,43
"Yates, Kirby",489446,2022,33
"Norris, Daniel",596057,2021,248
"McMillon, John",669111,2024,47
"Romero, JoJo",668941,2026,113
"Sandlin, David",689818,2026,42
"Frías, Luis",666818,2022,90
"Morejon, Adrian",670970,2022,141
"Anderson, Brett",474463,2021,409
"Kelly, Merrill",518876,2023,721
"Márquez, Germán",608566,2026,128
"Oviedo, Johan",670912,2026,18
"Rogers, Tyler",643511,2025,299
"Cuas, Jose",621016,2023,292
"Shugart, Chase",663767,2026,75
"Moll, Sam",594580,2021,44
"Greene, Hunter",668881,2022,531
"Hicks, Jordan",663855,2022,263
"Eovaldi, Nathan",543135,2022,460
"Klein, Will",694361,2026,103
"Antone, Tejay",622088,2023,21
"Blewett, Scott",656240,2021,21
"Loáisiga, Jonathan",642528,2021,283
"Arcia, Orlando",606115,2026,5
"Floro, Dylan",571670,2022,220
"Weathers, Ryan",677960,2025,166
"Tate, Dillon",622253,2025,34
"Wingenter, Trey",622259,2024,42
"Yarbrough, Ryan",642232,2024,398
"Petersen, Michael",656848,2026,94
"Slegers, Aaron",642083,2021,149
"Cueto, Johnny",456501,2023,218
"Barlow, Scott",605130,2025,303
"Buehler, Walker",621111,2026,220
"Painter, Andrew",691725,2026,236
"Kelly, Kevin",687330,2026,98
"Peguero, Elvis",665625,2022,77
"Payamps, Joel",606303,2026,36
"López, Reynaldo",625643,2025,25
"Cahill, Trevor",502239,2021,166
"Megill, Trevor",656730,2025,192
"Cabrera, Génesis",650893,2022,194
"Walker, Ryan",676254,2026,73
"Murphy, Chris",669684,2026,37
"Leahy, Kyle",681517,2023,15
"Hendriks, Liam",521230,2023,20
"Lopez, Jacob",682052,2025,399
"Williams, Trevor",592866,2025,373
"Walston, Blake",686796,2024,83
"Romo, Sergio",489265,2021,259
"Walker, Taijuan",592836,2023,733
"Taylor, Blake",642130,2022,74
"Pérez, Cionel",672335,2023,247
"Kluber, Corey",446372,2022,689
"Hollowell, Gavin",668970,2023,154
"Waldichuk, Ken",686610,2022,146
"McClanahan, Shane",663556,2021,517
"Ray, Robbie",592662,2021,773
"Fried, Max",608331,2021,667
"Leclerc, José",600917,2023,233
"Miller, Bryce",682243,2023,537
"Alvarez, Andrew",674841,2026,64
"Garcia, Rico",670329,2025,142
"Villalobos, Eli",681871,2024,18
"Díaz, Miguel",622766,2024,3
"Sale, Chris",519242,2022,25
"Palencia, Daniel",694037,2023,119
"Suero, Wander",593833,2023,35
"Murray, Jayden",681151,2026,53
"Brash, Matt",666374,2026,56
"Gutierrez, Vladimir",661269,2021,496
"Brown, Ben",676962,2026,201
"Herrin, Tim",682120,2024,257
"Bowman, Matt",621199,2025,114
"Lee, Chase",695445,2025,148
"Gibson, Kyle",502043,2023,807
"Ray, Robbie",592662,2024,129
"Wong, Jake",673858,2023,15
"Heasley, Jonathan",669169,2022,465
"Gray, Sonny",543243,2025,753
"Kelly, Kevin",687330,2023,276
"Crick, Kyle",605195,2021,107
"Zuñiga, Guillo",670871,2024,76
"Sheffield, Justus",656954,2022,51
"DeSclafani, Anthony",543101,2021,676
"Canning, Griffin",656288,2023,536
"Wilson, Bryse",669060,2025,224
"Stoudt, Levi",686651,2023,55
"Mills, Wyatt",670090,2021,64
"Weston, Cameron",687721,2026,3
"Duran, Jhoan",661395,2022,266
"Edwards Jr., Carl",605218,2022,256
"Wynne, Randy",691094,2025,13
"Coulombe, Danny",543056,2022,53
"Jiménez, Joe",641729,2023,238
"Walker, Ryan",676254,2025,266
"Anderson, Drew",623454,2026,162
"Verlander, Justin",434378,2026,19
"Wainwright, Adam",425794,2022,803
"Lowther, Zac",675912,2021,138
"Effross, Scott",664123,2021,58
"Severino, Luis",622663,2021,22
"Holmes, Grant",656550,2024,282
"Salazar, Eduardo",674285,2023,61
"Quijada, José",650671,2021,110
"Miley, Wade",489119,2022,159
"Speier, Gabe",642100,2022,77
"Overton, Connor",656818,2022,124
"Lambert, Peter",663567,2024,280
"Hader, Josh",623352,2021,224
"Beck, Tristan",663941,2023,354
"Elder, Bryce",693821,2022,227
"Sale, Chris",519242,2021,183
"Reid-Foley, Sean",656887,2024,90
"Woods Richardson, Simeon",680573,2023,24
"Wiemer, Joey",686894,2026,16
"Garza, Justin",621057,2025,28
"Márquez, Germán",608566,2021,756
"Díaz, Miguel",622766,2023,54
"Jones, Jared",683003,2026,21
"Burdi, Zack",641420,2021,49
"Sewald, Paul",623149,2024,165
"Eflin, Zach",621107,2024,684
"Brogdon, Connor",641401,2021,235
"Beck, Tristan",663941,2024,67
"Schultz, Noah",702273,2026,168
"Menez, Conner",669214,2022,5
"Gilbert, Tyler",656457,2026,15
"Borucki, Ryan",621366,2025,145
"Ginkel, Kevin",656464,2025,121
"McCarty, Kirk",668948,2022,159
"Kennedy, Ian",453178,2021,228
"Fleming, Josh",676596,2021,448
"Dunn, Justin",643290,2021,218
"Gasser, Robert",688107,2026,41
"Cessa, Luis",570666,2022,335
"Stout, Eric",657770,2022,110
"Eflin, Zach",621107,2021,442
"Wood, Alex",622072,2023,429
"Harris, Hobie",665048,2023,91
"Anderson, Shaun",641312,2026,73
"Spitzbarth, Shea",665661,2021,22
"Gillispie, Connor",687362,2024,32
"Urías, Julio",628711,2023,482
"Duran, Jhoan",661395,2023,255
"Suarez, Ranger",624133,2022,662
"Winkler, Dan",595465,2021,190
"Castillo, Luis F.",622379,2025,41
"Headrick, Brent",687396,2023,117
"France, J.P.",641585,2026,31
"Bennett, Jake",687562,2026,42
"Brash, Matt",666374,2022,222
"Rodríguez, Joely",570257,2022,216
"Coleman, Dylan",669395,2023,96
"Fitts, Richard",690916,2025,195
"Tinoco, Jesus",622786,2021,10
"Maton, Phil",664208,2025,249
"Staumont, Josh",622251,2021,264
"Helsley, Ryan",664854,2021,206
"Vesia, Alex",681911,2023,217
"Rashi, Taylor",688497,2026,15
"Junis, Jakob",596001,2022,478
"King, John",667463,2021,193
"Silseth, Chase",681217,2024,38
"Perdomo, Luis",606131,2022,96
"Diekman, Jake",518617,2021,262
"Finnegan, Kyle",640448,2023,288
"Smith, Joe",501925,2022,122
"Koenig, Jared",657649,2026,13
"Coonrod, Sam",656322,2021,185
"Stephens, Jackson",623451,2024,17
"Leahy, Kyle",681517,2025,363
"Ohtani, Shohei",660271,2026,213
"Sale, Chris",519242,2026,265
"Matz, Steven",571927,2024,190
"La Sorsa, Joe",686747,2024,74
"Faedo, Alex",656412,2023,262
"Uelmen, Erich",657272,2023,8
"Sterner, Justin",686993,2026,117
"Early, Connelly",813349,2025,79
"Gose, Anthony",543238,2022,92
"Nelson, Ryne",669194,2024,630
"Sanmartin, Reiver",665665,2023,70
"Leiter Jr., Mark",643410,2026,108
"Barlow, Scott",605130,2026,115
"Cannon, Jonathan",686563,2024,522
"Kikuchi, Yusei",579328,2024,736
"Schwellenbach, Spencer",680885,2024,500
"Williamson, Brandon",682227,2023,491
"Jiménez, Dany",666204,2024,117
"Estrada, Jeremiah",669093,2022,25
"LeBlanc, Wade",453281,2021,221
"Gaddis, Hunter",683769,2025,274
"Gilbert, Logan",669302,2025,535
"Rom, Drew",680723,2023,170
"Martin, Chris",455119,2025,173
"Stratton, Chris",608717,2021,337
"Prielipp, Connor",687570,2026,173
"García, Deivi",665620,2021,38
"Muller, Kyle",666205,2024,202
"Jefferies, Daulton",641726,2022,172
"Morgan, Eli",669212,2023,299
"Burnes, Corbin",669203,2025,265
"Kelly, Michael",547184,2022,16
"Phillips, Evan",623465,2023,234
"Wiles, Collin",621079,2022,41
"Clay, Sam",621348,2022,29
"Weems, Jordan",607179,2023,232
"Bickford, Phil",641360,2023,304
"Meeker, James",703231,2024,4
"Waldron, Matt",663362,2024,625
"Darrell-Hicks, Michael",690382,2025,43
"Lopez, Jacob",682052,2024,46
"Feliz, Michael",593140,2022,14
"Ohtani, Shohei",660271,2021,533
"Teng, Kai-Wei",678906,2026,167
"Bachman, Sam",696147,2026,114
"Rossman, Bubby",657745,2022,5
"Hiraldo, Yaramil",682274,2026,12
"Van Belle, Brian",687003,2025,36
"Sánchez, Ali",645305,2025,6
"Kristofak, Zac",670219,2024,11
"Okert, Steven",595345,2023,247
"Lawrence, Justin",664875,2021,86
"Puk, A.J.",640462,2022,281
"White, Owen",669391,2024,18
"Sandlin, Nick",680704,2024,246
"Patrick, Chad",694477,2026,185
"Weiss, Zack",592848,2022,56
"Murray, Jayden",681151,2025,47
"Rasmussen, Drew",656876,2026,236
"Graceffo, Gordon",700669,2026,115
"Barnett, Mason",686930,2026,9
"Greinke, Zack",425844,2022,585
"Lorenzen, Michael",547179,2021,125
"Bickford, Phil",641360,2024,39
"Strider, Spencer",675911,2025,539
"Muñoz, Andrés",662253,2025,254
"Molina, Yadier",425877,2022,12
"Strider, Spencer",675911,2024,42
"Ragans, Cole",666142,2022,174
"Burdi, Zack",641420,2023,20
"Morillo, Juan",666661,2026,105
"Herget, Jimmy",623474,2026,70
"Lauer, Eric",641778,2022,661
"Holman, Grant",680880,2025,103
"Loáisiga, Jonathan",642528,2024,20
"Vizcaíno, Arodys",527055,2022,29
"Duffy, Danny",518633,2021,252
"Harris, Hogan",663687,2023,284
"Smith, Chad",663385,2023,60
"Leasure, Jordan",673929,2026,78
"Sánchez, Cristopher",650911,2026,323
"Romero, Jhon",664584,2021,17
"Hendrix, Ryan",641682,2022,38
"Pivetta, Nick",601713,2026,66
"García, Luis",472610,2026,74
"Urías, Julio",628711,2022,689
"López, Pablo",641154,2024,772
"Abreu, Bryan",650556,2021,161
"Hurt, Kyle",669165,2024,27
"Anderson, Tyler",542881,2021,703
"Thompson, Zach",605507,2021,315
"Hammer, JD",670456,2021,94
"May, Dustin",669160,2021,92
"Chavez, Jesse",445926,2021,133
"Wilson, Justin",458677,2024,209
"Martin, Brett",656685,2021,264
"Barnes, Charlie",656212,2026,25
"Manning, Matt",666159,2022,263
"Melancon, Mark",453343,2022,247
"Webb, Logan",657277,2022,787
"Muñoz, Roddery",682610,2025,51
"Littell, Zack",641793,2023,379
"Muñoz, Roddery",682610,2026,25
"Bundy, Dylan",605164,2021,397
"Scherzer, Max",453286,2023,621
"Povich, Cade",700249,2025,488
"Leahy, Kyle",681517,2026,250
"Pivetta, Nick",601713,2022,773
"Detmers, Reid",672282,2022,539
"Fernandez, Ryan",681676,2024,285
"Holland, Greg",518813,2021,243
"Fitzpatrick, Brian",702153,2026,27
"Wicks, Jordan",696136,2026,34
"Santos, Antonio",665733,2021,46
"Jefferies, Daulton",641726,2021,58
"Duffey, Tyler",608648,2024,42
"Naughton, Packy",676050,2022,141
"Quantrill, Cal",615698,2022,770
"Avila, Pedro",658648,2021,20
"Long, Sam",669674,2021,176
"Yarbrough, Ryan",642232,2023,376
"Gonzales, Marco",594835,2023,215
"Scherzer, Max",453286,2025,358
"Hernandez, Nick",663321,2025,52
"Bellatti, Andrew",571479,2021,19
"Plassmeyer, Michael",674681,2022,29
"Cruz, Steven",674444,2024,18
"Soroka, Michael",647336,2025,379
"Anderson, Grant",681982,2023,154
"Senzatela, Antonio",622608,2023,30
"Pérez, Cionel",672335,2022,234
"Myers, Tobias",668964,2026,134
"Hernández, Jonathan",642546,2024,192
"Lee, Dylan",669276,2025,266
"Ramirez, Nick",598286,2024,63
"Shreve, Chasen",592741,2022,114
"Melancon, Mark",453343,2021,265
"Hoffman, Jeff",656546,2023,208
"Battenfield, Peyton",685410,2023,146
"Darnell, Dugan",699911,2025,49
"Tinoco, Jesus",622786,2024,162
"Gil, Luis",661563,2022,19
"Pint, Riley",666207,2024,22
"Bickford, Phil",641360,2022,247
"Smith-Shawver, AJ",700363,2025,191
"Fitzgerald, Ryan",680837,2025,8
"Hartwig, Grant",701643,2024,31
"O'Loughlin, Jack",672552,2024,47
"Heller, Ben",621294,2024,66
"Arrieta, Jake",453562,2021,469
"Carrasco, Carlos",471911,2023,417
"Montas, Frankie",593423,2025,178
"Carasiti, Matt",571539,2024,43
"Miller, Bobby",676272,2023,505
"Sandlin, Nick",680704,2025,69
"Young, Danny",664849,2025,37
"Little, Luke",681432,2024,109
"Leclerc, José",600917,2022,198
"Jiménez, Joe",641729,2024,277
"Lange, Alex",656638,2023,288
"White, Mitch",669952,2024,110
"Snider, Collin",676092,2024,169
"Hernández, Elieser",622694,2022,278
"Alvarado, Elvis",665660,2025,183
"Romero, JoJo",668941,2024,243
"López, Reynaldo",625643,2024,543
"Cole, Gerrit",543037,2021,726
"Webb, Logan",657277,2023,850
"Bachar, Lake",669199,2026,126
"Wynns, Austin",642851,2022,10
"Watkins, Spenser",657093,2022,459
"Voth, Austin",608723,2022,442
"Murphy, Patrick",641907,2021,128
"López, Jorge",605347,2024,216
"Speas, Alex",666208,2024,8
"Stratton, Hunter",676702,2024,158
"Finnegan, Kyle",640448,2025,229
"Clement, Ernie",676391,2022,11
"Sanmartin, Reiver",665665,2021,47
"Robles, Hansel",570663,2022,111
"Devenski, Chris",606965,2022,67
"Hollowell, Gavin",668970,2024,6
"Moore, McKinley",686842,2023,21
"Roupp, Landen",694738,2026,271
"Liberatore, Matthew",669461,2026,268
"García, Yimi",554340,2022,247
"Brebbia, John",605154,2024,242
"Smith, Drew",622098,2021,165
"Hutchison, Drew",571800,2021,91
"Rea, Colin",607067,2023,517
"Kirby, George",669923,2026,300
"Thompson, Keegan",624522,2024,127
"Rogers, Taylor",573124,2025,221
"Littell, Zack",641793,2024,656
"Treinen, Blake",595014,2022,17
"Scherzer, Max",453286,2022,565
"Stratton, Chris",608717,2022,279
"Scott, Tanner",656945,2024,294
"Hamilton, Ian",641656,2022,11
"Wick, Rowan",592858,2022,294
"Hernandez, Jose E.",669796,2023,223
"Shreve, Chasen",592741,2023,193
"Paxton, James",572020,2021,5
"Walters, Andrew",689958,2025,6
"Bubic, Kris",663460,2024,121
"Rodríguez, Randy",678495,2024,221
"Zimmer, Kyle",622092,2021,223
"Roycroft, Chris",688297,2025,101
"Montes de Oca, Bryce",656755,2022,19
"Woo, Bryan",693433,2025,731
"Spiers, Carson",686730,2023,64
"Pérez, Martín",527048,2022,821
"Fernández, Julian",642759,2025,20
"Parker, Blake",453284,2021,185
"Gilbert, Tyler",656457,2022,146
"Duran, Jhoan",661395,2026,71
"Wentz, Joey",666214,2022,135
"McKinstry, Zach",656716,2024,8
"Kelly, Joe",523260,2023,168
"Lopez, Jacob",682052,2026,243
"Peterson, David",656849,2026,266
"McGough, Scott",543518,2025,75
"Oller, Adam",670124,2024,189
"Doolittle, Sean",448281,2021,223
"Ureña, José",570632,2025,245
"Pivetta, Nick",601713,2025,721
"Burrows, Beau",663366,2021,58
"James, Josh",657624,2021,21
"Turnbull, Spencer",605513,2024,222
"Bummer, Aaron",607481,2021,242
"Uberstine, Tyler",700413,2026,11
"Petersen, Michael",656848,2025,79
"Peralta, Sammy",671111,2025,52
"Freeman, Caleb",673965,2025,16
"Newcomb, Sean",656794,2024,45
"Hall, DL",669084,2022,64
"Barnes, Matt",598264,2021,222
"Evans, Logan",688138,2025,350
"Lange, Alex",656638,2022,271
"Miller, Ryan",668943,2024,58
"Rowen, Ben",594985,2021,49
"Ponce, Cody",664074,2021,179
"Bender, Anthony",669622,2026,97
"Greene, Conner",641632,2021,121
"Hendricks, Kyle",543294,2021,785
"Bleier, Richard",542947,2021,225
"Kremer, Dean",665152,2023,735
"Kriske, Brooks",621139,2026,10
"Anderson, Shaun",641312,2021,124
"Quintana, Jose",500779,2023,319
"Matz, Steven",571927,2025,309
"Smith, Shane",681343,2025,616
"Hicks, Jordan",663855,2025,314
"Chafin, Andrew",605177,2024,246
"Díaz, Jhonathan",646242,2025,5
"Baker, Bryan",641329,2024,93
"Strickland, Hunter",519326,2024,294
"Giolito, Lucas",608337,2021,719
"Guerrero, Luis",692285,2025,72
"Pope, Austin",687166,2025,9
"Busenitz, Alan",641427,2024,21
"Brentz, Jake",641394,2022,38
"Armstrong, Shawn",542888,2024,295
"Yajure, Miguel",664337,2021,68
"Guenther, Sean",674944,2024,73
"Urquidy, José",664353,2023,275
"Faucher, Calvin",676534,2025,255
"Quantrill, Cal",615698,2024,656
"Morton, Charlie",450203,2021,756
"Ruiz, José",614179,2023,207
"Kirby, George",669923,2025,524
"King, Bryan",687911,2026,110
"Nola, Aaron",605400,2022,807
"Faucher, Calvin",676534,2026,106
"Farrell, Luke",608652,2021,113
"Lara, Andry",691251,2025,78
"Shugart, Chase",663767,2025,181
"Castellanos, Humberto",528748,2024,48
"Rogers, Tyler",643511,2021,326
"Canning, Griffin",656288,2021,277
"Kay, Anthony",641743,2026,258
"Skubal, Tarik",669373,2022,477
"Brooks, Aaron",605156,2024,119
"Romano, Jordan",605447,2021,253
"Funderburk, Kody",681892,2025,183
"Castellani, Ryan",624418,2021,17
"Hendricks, Kyle",543294,2025,695
"Naile, James",664942,2023,80
"Gray, Josiah",680686,2022,649
"Singer, Brady",663903,2026,238
"Cleavinger, Garrett",664076,2024,266
"Tyler, Kyle",667725,2021,52
"Bedrosian, Cam",592135,2021,116
"López, Reynaldo",625643,2021,222
"Peguero, Joel",666711,2026,48
"Jackson, Luke",592426,2023,143
"Farmer, Buck",571656,2024,299
"Fairbanks, Pete",664126,2025,244
"King, Bryan",687911,2025,275
"Scott, Tayler",605463,2023,88
"Holderman, Colin",670059,2026,84
"Robertson, David",502085,2025,78
"Pineda, Michael",501381,2022,200
"Givens, Mychal",571710,2021,216
"Chapman, Aroldis",547973,2021,243
"Taillon, Jameson",592791,2025,519
"Robertson, David",502085,2021,50
"Lucchesi, Joey",664192,2024,46
"Hoeing, Bryan",663773,2024,210
"Kauffmann, Karl",666154,2023,158
"Abreu, Bryan",650556,2023,287
"Ribalta, Orlando",687377,2025,120
"Cotton, Jharel",605194,2022,181
"Hicks, Jordan",663855,2026,87
"McGreevy, Michael",700241,2025,400
"Krehbiel, Joey",607216,2023,19
"Smyly, Drew",592767,2022,447
"Walker, Ryan",676254,2024,308
"Rogers, Josh",642028,2021,151
"Bowlan, Jonathan",680742,2024,17
"Duarte, Daniel",650960,2023,136
"Griffin, Foster",656492,2026,280
"Smith, Cade",671922,2026,111
"Sands, Cole",663485,2026,50
"Roupp, Landen",694738,2024,217
"Crawford, Kutter",676710,2023,527
"Fulmer, Carson",608334,2025,123
"Rodríguez, Randy",678495,2025,198
"Andriese, Matt",542882,2024,26
"Bard, Luke",572703,2022,59
"Maldonado, Anthony",687424,2024,82
"Bassitt, Chris",605135,2026,245
"Pallante, Andre",669467,2023,302
"Carrasco, Carlos",471911,2026,29
"Bard, Daniel",453268,2023,232
"Rocker, Kumar",677958,2025,287
"Harris, Hogan",663687,2025,277
"Gomber, Austin",596295,2022,529
"Muller, Kyle",666205,2021,155
"Meisinger, Ryan",664682,2021,38
"Finnegan, Kyle",640448,2021,294
"Germán, Domingo",593334,2021,410
"Treinen, Blake",595014,2024,184
"Gage, Matt",657424,2026,102
"Espada, Jose",664744,2026,4
"Winn, Cole",668390,2024,77
"Cruz, Fernando",518585,2025,200
"Newcomb, Sean",656794,2023,61
"Banuelos, Manny",544365,2022,175
"Bass, Anthony",542914,2021,260
"Finnegan, Kyle",640448,2022,268
"Lange, Alex",656638,2021,162
"Suarez, Robert",663158,2022,191
"Mlodzinski, Carmen",669387,2026,238
"Rogers, Taylor",573124,2024,249
"Acton, Garrett",670183,2025,5
"Sanchez, Aaron",592717,2021,156
"Heuer, Codi",676051,2021,281
"Avila, Pedro",658648,2023,220
"García, Luis",472610,2025,233
"Skubal, Tarik",669373,2021,634
"Paddack, Chris",663978,2021,459
"Rodríguez, Yariel",684320,2026,32
"Strickland, Hunter",519326,2022,284
"White, Owen",669391,2025,35
"Young, Alex",622065,2021,246
"Matzek, Tyler",554431,2022,184
"Hudson, Bryan",663542,2025,75
"Wesneski, Hayden",669713,2025,131
"Marshall, Evan",605359,2021,113
"Lambert, Jimmy",669424,2021,60
"García, Luis",472610,2024,254
"Holland, Derek",502706,2021,225
"Henry, Tommy",674072,2023,381
"Ober, Bailey",641927,2025,624
"Blubaugh, AJ",805123,2026,162
"Nelson, Nick",656793,2022,306
"Hoffmann, Andrew",694851,2025,61
"Vieira, Thyago",600986,2024,177
"Taylor, Michael A.",572191,2022,13
"Foltynewicz, Mike",592314,2021,586
"Jax, Griffin",643377,2025,283
"Kelly, Merrill",518876,2025,748
"Krehbiel, Joey",607216,2022,244
"Rodriguez, Bradgley",699134,2025,31
"Gordon, Colton",676467,2025,379
"Webb, Logan",657277,2025,856
"Cortes, Carlos",666126,2026,5
"Crawford, Kutter",676710,2022,334
"Harris, Will",501789,2021,30
"Hutchison, Drew",571800,2022,464
"Silseth, Chase",681217,2025,49
"Moll, Sam",594580,2025,81
"Garcia, Bryan",650530,2021,192
"Bibee, Tanner",676440,2025,762
"Morán, Jovani",663558,2023,184
"Kelly, Merrill",518876,2022,804
"Bradish, Kyle",680694,2026,281
"Hoffman, Nolan",676510,2025,7
"Topa, Justin",623437,2022,35
"Johnson, Seth",686751,2024,18
"Clevinger, Mike",605182,2024,78
"Speier, Gabe",642100,2025,243
"Gausman, Kevin",592332,2023,763
"Wilson, Bryse",669060,2022,509
"Dobnak, Randy",677976,2025,19
"Aguilar, Miguel",620396,2021,29
"Peters, Dillon",596071,2021,117
"Conley, Adam",543045,2021,76
"Newcomb, Sean",656794,2022,134
"Jones, Jared",683003,2024,504
"Williams, Trevor",592866,2024,260
"Morton, Charlie",450203,2023,716
"White, Mitch",669952,2022,440
"King, Michael",650633,2024,726
"Otto Jr., Glenn",657248,2022,587
"Gibson, Kyle",502043,2025,73
"Hjelle, Sean",663546,2025,73
"Allard, Kolby",663465,2024,117
"Abreu, Bryan",650556,2024,325
"Oviedo, Johan",670912,2021,288
"Gomber, Austin",596295,2021,488
"Alexander, Tyler",641302,2023,181
"Agnos, Zach",688642,2026,170
"Eickhoff, Jerad",595191,2022,27
"Church, Marc",687847,2024,4
"Pfaadt, Brandon",694297,2026,162
"Martin, Corbin",656686,2026,25
"Sawamura, Hirokazu",617228,2022,221
"De León, José",592254,2021,91
"López, Yoan",661255,2022,51
"Abad, Fernando",472551,2023,32
"McKenzie, Triston",663474,2022,741
"Williams, Devin",642207,2026,89
"Jiménez, Dany",666204,2022,145
"Llovera, Mauricio",661440,2023,160
"Espada, Jose",664744,2025,9
"Morales, Luis",806960,2025,199
"Claudio, Alex",592222,2022,13
"Bellozo, Valente",678368,2024,295
"Fedde, Erick",607200,2026,236
"Jones, Damon",676103,2022,26
"Richardson, Lyon",680689,2026,10
"Brogdon, Connor",641401,2025,199
"Stammen, Craig",489334,2021,355
"Burke, Sean",680732,2025,596
"Adams, Travis",701519,2025,158
"Knack, Landon",689017,2025,185
"Madero, Luís",650347,2021,56
"Lynch IV, Daniel",663738,2024,175
"Richards, Trevor",670950,2024,277
"Garcia, Robert",676395,2023,127
"Miller, Shelby",571946,2021,62
"McGowin, Kyle",641851,2021,128
"García, Luis",472610,2023,267
"Corbin, Patrick",571578,2025,663
"Coonrod, Sam",656322,2023,34
"Bowman, Matt",621199,2023,20
"Alexander, Tyler",641302,2026,114
"Bubic, Kris",663460,2022,587
"Seabold, Connor",657756,2025,48
"Ober, Bailey",641927,2023,577
"Mayza, Tim",641835,2024,195
"Houser, Adrian",605288,2026,257
"Harper, Ryne",607560,2021,148
"Schweitzer, Tyler",805326,2026,20
"Milner, Hoby",571948,2021,99
"Karinchak, James",675916,2021,235
"Hoffman, Jeff",656546,2025,287
"Raley, Brooks",548384,2026,96
"Castro, Kervin",665645,2026,8
"Salazar, Eduardo",674285,2025,151
"Acevedo, Domingo",642758,2021,44
"Goudeau, Ashton",623485,2021,141
"Dermody, Matt",571616,2023,17
"Darvish, Yu",506433,2022,771
"Stephenson, Robert",596112,2025,42
"Mederos, Victor",682989,2025,81
"Poche, Colin",621363,2025,52
"McDonald, Trevor",686790,2024,10
"Plutko, Adam",592644,2021,255
"Williams, Gavin",668909,2023,345
"Puk, A.J.",640462,2023,242
"Taylor, Grant",691799,2025,157
"Hill, Tim",657612,2021,255
"Whitlock, Garrett",676477,2021,298
"Gibson, Trey",694346,2026,55
"Rondón, Angel",667373,2022,20
"Rodón, Carlos",607074,2023,286
"Zerpa, Angel",672582,2025,275
"Fedde, Erick",607200,2022,573
"Peterson, David",656849,2022,454
"Duarte, Daniel",650960,2024,15
"Weissert, Greg",669711,2024,263
"Floro, Dylan",571670,2024,279
"Chacín, Jhoulys",468504,2021,269
"Kikuchi, Yusei",579328,2023,700
"Cosgrove, Tom",676680,2025,16
"Scrubb, Andre",668687,2021,86
"Church, Marc",687847,2025,23
"Nastrini, Nick",680897,2024,174
"Basso, Brady",669620,2024,93
"Dobbins, Hunter",690928,2025,256
"Cordero, Jimmy",622772,2023,132
"Edwards Jr., Carl",605218,2021,30
"Nance, Tommy",667297,2026,85