position,handedness,player,pitcher,p_throws,lineup_spot,away_team,home_team,status,rating,team,playerid,pred_odds,diff,sb_no_hr,pick,date,hr,book,odds,profit
LF,R,Davis Schneider,Kyle Freeland,L,1,TOR,COL,away,8.94,TOR,676914.0,-348.0,-52.0,80.0,0,2025-08-06,1,MGM,-400.0,0.0
3B,R,Ernie Clement,Kyle Freeland,L,2,TOR,COL,away,5.35,TOR,676391.0,-646.0,-454.0,91.7,0,2025-08-06,1,MGM,-1100.0,0.0
DH,R,Vladimir Guerrero,Kyle Freeland,L,3,TOR,COL,away,6.53,TOR,665489.0,-513.0,138.0,78.9,0,2025-08-06,1,MGM,-375.0,0.0
SS,R,Bo Bichette,Kyle Freeland,L,4,TOR,COL,away,6.21,TOR,666182.0,-545.0,45.0,83.3,0,2025-08-06,1,MGM,-500.0,0.0
1B,R,Ty France,Kyle Freeland,L,5,TOR,COL,away,5.87,TOR,664034.0,-580.0,-120.0,87.5,0,2025-08-06,0,MGM,-700.0,0.0
2B,R,Buddy Kennedy,Kyle Freeland,L,6,TOR,COL,away,7.16,TOR,671083.0,-459.0,-741.0,92.3,0,2025-08-06,0,MGM,-1200.0,0.0
RF,L,Nathan Lukes,Kyle Freeland,L,7,TOR,COL,away,5.54,TOR,664770.0,-625.0,-575.0,92.3,0,2025-08-06,0,MGM,-1200.0,0.0
C,S,Tyler Heineman,Kyle Freeland,L,8,TOR,COL,away,6.8,TOR,623168.0,-488.0,-1512.0,95.2,0,2025-08-06,0,MGM,-2000.0,0.0
CF,R,Myles Straw,Kyle Freeland,L,9,TOR,COL,away,5.79,TOR,664702.0,-590.0,-4410.0,98.0,0,2025-08-06,0,ESPN,-5000.0,0.0
RF,R,Tyler Freeman,Kevin Gausman,R,1,TOR,COL,home,4.87,COL,671289.0,-720.0,-180.0,90.0,0,2025-08-06,0,MGM,-900.0,0.0
CF,L,Mickey Moniak,Kevin Gausman,R,2,TOR,COL,home,6.59,COL,666160.0,-506.0,6.0,83.3,0,2025-08-06,0,MGM,-500.0,0.0
SS,R,Ezequiel Tovar,Kevin Gausman,R,3,TOR,COL,home,5.88,COL,678662.0,-580.0,-20.0,85.7,0,2025-08-06,0,MGM,-600.0,0.0
LF,R,Jordan Beck,Kevin Gausman,R,4,TOR,COL,home,5.6,COL,687597.0,-614.0,-86.0,87.5,0,2025-08-06,0,MGM,-700.0,0.0
3B,R,Kyle Farmer,Kevin Gausman,R,9,TOR,COL,home,4.4,COL,571657.0,-809.0,-391.0,92.3,0,2025-08-06,0,MGM,-1200.0,0.0
1B,R,Yandy Diaz,Tyler Anderson,L,2,TB,LAA,away,6.98,TB,650490.0,-475.0,75.0,80.0,0,2025-08-06,0,MGM,-400.0,0.0
3B,R,Junior Caminero,Tyler Anderson,L,3,TB,LAA,away,7.44,TB,691406.0,-438.0,63.0,78.9,0,2025-08-06,1,MGM,-375.0,0.0
2B,L,Brandon Lowe,Tyler Anderson,L,4,TB,LAA,away,7.34,TB,664040.0,-446.0,96.0,77.8,0,2025-08-06,0,MGM,-350.0,0.0
SS,R,Ha-Seong Kim,Tyler Anderson,L,5,TB,LAA,away,6.82,TB,673490.0,-488.0,-412.0,90.0,0,2025-08-06,0,MGM,-900.0,0.0
RF,L,Josh Lowe,Tyler Anderson,L,7,TB,LAA,away,5.62,TB,666139.0,-614.0,-186.0,88.9,0,2025-08-06,0,MGM,-800.0,0.0
DH,R,Christopher Morel,Tyler Anderson,L,8,TB,LAA,away,8.65,TB,666624.0,-363.0,-162.0,84.0,0,2025-08-06,1,MGM,-525.0,0.0
C,R,Nick Fortes,Tyler Anderson,L,9,TB,LAA,away,5.19,TB,663743.0,-669.0,-931.0,94.1,0,2025-08-06,1,MGM,-1600.0,0.0
SS,R,Zach Neto,Shane Baz,R,1,TB,LAA,home,6.75,LAA,687263.0,-492.0,-58.0,84.6,0,2025-08-06,0,MGM,-550.0,0.0
1B,L,Nolan Schanuel,Shane Baz,R,2,TB,LAA,home,5.56,LAA,694384.0,-619.0,-481.0,91.7,0,2025-08-06,0,MGM,-1100.0,0.0
DH,R,Mike Trout,Shane Baz,R,3,TB,LAA,home,7.33,LAA,545361.0,-446.0,146.0,75.0,0,2025-08-06,1,MGM,-300.0,0.0
LF,R,Taylor Ward,Shane Baz,R,4,TB,LAA,home,7.03,LAA,621493.0,-468.0,-82.0,84.6,0,2025-08-06,0,MGM,-550.0,0.0
RF,R,Jo Adell,Shane Baz,R,5,TB,LAA,home,7.13,LAA,666176.0,-462.0,12.0,81.8,0,2025-08-06,0,MGM,-450.0,0.0
C,R,Logan O'Hoppe,Shane Baz,R,6,TB,LAA,home,6.55,LAA,681351.0,-510.0,-15.0,84.0,0,2025-08-06,0,MGM,-525.0,0.0
3B,S,Luis Rengifo,Shane Baz,R,7,TB,LAA,home,4.82,LAA,650859.0,-733.0,-867.0,94.1,0,2025-08-06,0,MGM,-1600.0,0.0
2B,L,Brendan Donovan,Justin Wrobleski,L,1,STL,LAD,away,4.27,STL,680977.0,-835.0,-365.0,92.3,0,2025-08-06,0,MGM,-1200.0,0.0
DH,R,Ivan Herrera,Justin Wrobleski,L,2,STL,LAD,away,7.74,STL,671056.0,-418.0,-582.0,90.9,0,2025-08-06,0,MGM,-1000.0,0.0
1B,L,Alec Burleson,Justin Wrobleski,L,3,STL,LAD,away,5.42,STL,676475.0,-641.0,-109.0,88.2,0,2025-08-06,0,ESPN,-750.0,0.0
LF,L,Lars Nootbaar,Justin Wrobleski,L,4,STL,LAD,away,5.4,STL,663457.0,-641.0,-109.0,88.2,0,2025-08-06,0,MGM,-750.0,0.0
SS,R,Masyn Winn,Justin Wrobleski,L,5,STL,LAD,away,5.53,STL,691026.0,-625.0,-775.0,93.3,0,2025-08-06,0,MGM,-1400.0,0.0
3B,L,Nolan Gorman,Justin Wrobleski,L,6,STL,LAD,away,6.51,STL,669357.0,-513.0,-87.0,85.7,0,2025-08-06,0,MGM,-600.0,0.0
RF,R,Jordan Walker,Justin Wrobleski,L,7,STL,LAD,away,7.13,STL,691023.0,-462.0,-738.0,92.3,0,2025-08-06,0,MGM,-1200.0,0.0
C,R,Pedro Pages,Justin Wrobleski,L,8,STL,LAD,away,4.69,STL,686780.0,-755.0,-845.0,94.1,0,2025-08-06,0,MGM,-1600.0,0.0
DH,L,Shohei Ohtani,Matthew Liberatore,L,1,STL,LAD,home,8.34,LAD,660271.0,-381.0,131.0,71.4,0,2025-08-06,1,MGM,-250.0,0.0
SS,R,Mookie Betts,Matthew Liberatore,L,2,STL,LAD,home,5.01,LAD,605141.0,-700.0,150.0,84.6,0,2025-08-06,0,MGM,-550.0,0.0
C,R,Will Smith,Matthew Liberatore,L,3,STL,LAD,home,6.43,LAD,669257.0,-521.0,71.0,81.8,0,2025-08-06,0,MGM,-450.0,0.0
1B,L,Freddie Freeman,Matthew Liberatore,L,4,STL,LAD,home,5.31,LAD,518692.0,-652.0,27.0,86.2,0,2025-08-06,0,MGM,-625.0,0.0
RF,R,Teoscar Hernandez,Matthew Liberatore,L,5,STL,LAD,home,5.54,LAD,606192.0,-625.0,225.0,80.0,0,2025-08-06,0,MGM,-400.0,0.0
CF,R,Andy Pages,Matthew Liberatore,L,6,STL,LAD,home,4.64,LAD,681624.0,-762.0,137.0,86.2,0,2025-08-06,0,MGM,-625.0,0.0
2B,R,Miguel Rojas,Matthew Liberatore,L,7,STL,LAD,home,4.44,LAD,500743.0,-801.0,-1199.0,95.2,0,2025-08-06,0,ESPN,-2000.0,0.0
LF,R,Alex Call,Matthew Liberatore,L,8,STL,LAD,home,4.14,LAD,669743.0,-871.0,-729.0,94.1,0,2025-08-06,0,MGM,-1600.0,0.0
3B,R,Carlos Correa,Janson Junk,R,1,HOU,MIA,away,4.49,HOU,621043.0,-793.0,-207.0,90.9,0,2025-08-06,0,MGM,-1000.0,0.0
LF,L,Jesus Sanchez,Janson Junk,R,2,HOU,MIA,away,7.36,HOU,660821.0,-443.0,-307.0,88.2,0,2025-08-06,0,MGM,-750.0,0.0
2B,R,Jose Altuve,Janson Junk,R,3,HOU,MIA,away,4.82,HOU,514888.0,-733.0,-167.0,90.0,0,2025-08-06,0,MGM,-900.0,0.0
1B,R,Christian Walker,Janson Junk,R,4,HOU,MIA,away,5.96,HOU,572233.0,-571.0,-129.0,87.5,0,2025-08-06,1,MGM,-700.0,0.0
C,S,Victor Caratini,Janson Junk,R,5,HOU,MIA,away,5.51,HOU,605170.0,-625.0,-975.0,94.1,0,2025-08-06,0,MGM,-1600.0,0.0
DH,R,Yainer Diaz,Janson Junk,R,6,HOU,MIA,away,3.88,HOU,673237.0,-931.0,-69.0,90.9,0,2025-08-06,0,MGM,-1000.0,0.0
CF,L,Taylor Trammell,Janson Junk,R,7,HOU,MIA,away,5.23,HOU,666211.0,-663.0,-437.0,91.7,0,2025-08-06,0,MGM,-1100.0,0.0
SS,R,Mauricio Dubon,Janson Junk,R,9,HOU,MIA,away,3.16,HOU,643289.0,-1166.0,-1834.0,96.8,0,2025-08-06,0,MGM,-3000.0,0.0
SS,L,CJ Abrams,Jeffrey Springs,L,1,ATH,WSH,home,4.99,WSH,682928.0,-700.0,-200.0,90.0,0,2025-08-06,0,MGM,-900.0,0.0
LF,L,James Wood,Jeffrey Springs,L,2,ATH,WSH,home,6.31,WSH,695578.0,-533.0,-92.0,86.2,0,2025-08-06,0,MGM,-625.0,0.0
DH,S,Josh Bell,Jeffrey Springs,L,3,ATH,WSH,home,5.77,WSH,605137.0,-594.0,-31.0,86.2,0,2025-08-06,0,MGM,-625.0,0.0
1B,L,Nathaniel Lowe,Jeffrey Springs,L,4,ATH,WSH,home,4.61,WSH,663993.0,-770.0,-430.0,92.3,0,2025-08-06,0,MGM,-1200.0,0.0
C,R,Riley Adams,Jeffrey Springs,L,8,ATH,WSH,home,8.18,WSH,656180.0,-390.0,-260.0,86.7,0,2025-08-06,1,MGM,-650.0,0.0
CF,R,Jacob Young,Jeffrey Springs,L,9,ATH,WSH,home,3.89,WSH,696285.0,-931.0,-3069.0,97.6,0,2025-08-06,0,ESPN,-4000.0,0.0
3B,R,Alex Bregman,Michael Wacha,R,2,KC,BOS,home,6.17,BOS,608324.0,-549.0,24.0,84.0,0,2025-08-06,0,MGM,-525.0,0.0
CF,L,Jarren Duran,Michael Wacha,R,3,KC,BOS,home,5.99,BOS,680776.0,-567.0,-133.0,87.5,0,2025-08-06,0,MGM,-700.0,0.0
SS,R,Trevor Story,Michael Wacha,R,5,KC,BOS,home,6.64,BOS,596115.0,-502.0,-123.0,86.2,0,2025-08-06,0,MGM,-625.0,0.0
DH,L,Masataka Yoshida,Michael Wacha,R,6,KC,BOS,home,5.71,BOS,807799.0,-599.0,-1001.0,94.1,0,2025-08-06,0,MGM,-1600.0,0.0
RF,L,Wilyer Abreu,Michael Wacha,R,8,KC,BOS,home,6.55,BOS,677800.0,-510.0,-40.0,84.6,0,2025-08-06,0,MGM,-550.0,0.0
2B,R,Ceddanne Rafaela,Michael Wacha,R,9,KC,BOS,home,4.98,BOS,678882.0,-706.0,-394.0,91.7,0,2025-08-06,0,MGM,-1100.0,0.0
RF,L,Sal Frelick,Spencer Strider,R,1,MIL,ATL,away,4.47,MIL,686217.0,-793.0,-1707.0,96.2,0,2025-08-06,0,MGM,-2500.0,0.0
C,R,William Contreras,Spencer Strider,R,2,MIL,ATL,away,3.87,MIL,661388.0,-931.0,-469.0,93.3,0,2025-08-06,0,MGM,-1400.0,0.0
1B,R,Andrew Vaughn,Spencer Strider,R,3,MIL,ATL,away,5.96,MIL,683734.0,-571.0,-529.0,91.7,0,2025-08-06,1,MGM,-1100.0,0.0
DH,L,Christian Yelich,Spencer Strider,R,4,MIL,ATL,away,5.63,MIL,592885.0,-609.0,-491.0,91.7,0,2025-08-06,0,MGM,-1100.0,0.0
LF,S,Isaac Collins,Spencer Strider,R,5,MIL,ATL,away,3.84,MIL,686555.0,-942.0,-1058.0,95.2,0,2025-08-06,0,MGM,-2000.0,0.0
CF,S,Blake Perkins,Spencer Strider,R,6,MIL,ATL,away,5.39,MIL,663368.0,-641.0,-2859.0,97.2,0,2025-08-06,1,ESPN,-3500.0,0.0
2B,L,Brice Turang,Spencer Strider,R,7,MIL,ATL,away,4.14,MIL,668930.0,-871.0,-1629.0,96.2,0,2025-08-06,0,MGM,-2500.0,0.0
SS,R,Joey Ortiz,Spencer Strider,R,9,MIL,ATL,away,3.2,MIL,687401.0,-1150.0,-1850.0,96.8,0,2025-08-06,0,MGM,-3000.0,0.0
LF,S,Jurickson Profar,Jose Quintana,L,1,MIL,ATL,home,6.04,ATL,595777.0,-562.0,-638.0,92.3,0,2025-08-06,1,MGM,-1200.0,0.0
1B,L,Matt Olson,Jose Quintana,L,2,MIL,ATL,home,6.65,ATL,621566.0,-502.0,-23.0,84.0,0,2025-08-06,0,MGM,-525.0,0.0
DH,R,Marcell Ozuna,Jose Quintana,L,3,MIL,ATL,home,6.54,ATL,542303.0,-513.0,-237.0,88.2,0,2025-08-06,0,MGM,-750.0,0.0
CF,L,Michael Harris II,Jose Quintana,L,4,MIL,ATL,home,4.46,ATL,671739.0,-801.0,-399.0,92.3,0,2025-08-06,1,MGM,-1200.0,0.0
2B,S,Ozzie Albies,Jose Quintana,L,5,MIL,ATL,home,4.62,ATL,645277.0,-770.0,-630.0,93.3,0,2025-08-06,0,MGM,-1400.0,0.0
C,R,Sean Murphy,Jose Quintana,L,6,MIL,ATL,home,7.27,ATL,669221.0,-449.0,-201.0,86.7,0,2025-08-06,0,MGM,-650.0,0.0
RF,R,Eli White,Jose Quintana,L,7,MIL,ATL,home,5.3,ATL,642201.0,-658.0,-1342.0,95.2,0,2025-08-06,0,MGM,-2000.0,0.0
3B,R,Nacho Alvarez,Jose Quintana,L,8,MIL,ATL,home,7.03,ATL,805373.0,-468.0,-2532.0,96.8,0,2025-08-06,0,MGM,-3000.0,0.0
SS,R,Nick Allen,Jose Quintana,L,9,MIL,ATL,home,4.14,ATL,669397.0,-871.0,-3129.0,97.6,0,2025-08-06,0,ESPN,-4000.0,0.0
RF,L,Mike Tauchman,George Kirby,R,1,CWS,SEA,away,5.98,CWS,643565.0,-571.0,-629.0,92.3,0,2025-08-06,1,MGM,-1200.0,0.0
LF,L,Andrew Benintendi,George Kirby,R,3,CWS,SEA,away,6.14,CWS,643217.0,-554.0,-446.0,90.9,0,2025-08-06,0,MGM,-1000.0,0.0
CF,R,Luis Robert,George Kirby,R,4,CWS,SEA,away,5.49,CWS,673357.0,-630.0,-170.0,88.9,0,2025-08-06,0,MGM,-800.0,0.0
1B,R,Lenyn Sosa,George Kirby,R,8,CWS,SEA,away,4.83,CWS,672820.0,-726.0,-174.0,90.0,0,2025-08-06,1,MGM,-900.0,0.0
LF,R,Randy Arozarena,Jonathan Cannon,R,1,CWS,SEA,home,6.22,SEA,668227.0,-545.0,45.0,83.3,0,2025-08-06,0,MGM,-500.0,0.0
C,S,Cal Raleigh,Jonathan Cannon,R,2,CWS,SEA,home,8.58,SEA,663728.0,-367.0,92.0,73.3,0,2025-08-06,0,MGM,-275.0,0.0
CF,R,Julio Rodriguez,Jonathan Cannon,R,3,CWS,SEA,home,5.83,SEA,677594.0,-585.0,135.0,81.8,0,2025-08-06,1,MGM,-450.0,0.0
1B,L,Josh Naylor,Jonathan Cannon,R,4,CWS,SEA,home,5.18,SEA,647304.0,-675.0,75.0,85.7,0,2025-08-06,1,MGM,-600.0,0.0
3B,R,Eugenio Suarez,Jonathan Cannon,R,5,CWS,SEA,home,7.22,SEA,553993.0,-456.0,81.0,78.9,0,2025-08-06,0,MGM,-375.0,0.0
DH,S,Jorge Polanco,Jonathan Cannon,R,6,CWS,SEA,home,5.81,SEA,593871.0,-590.0,-160.0,88.2,0,2025-08-06,0,MGM,-750.0,0.0
RF,L,Dominic Canzone,Jonathan Cannon,R,7,CWS,SEA,home,6.08,SEA,686527.0,-558.0,-342.0,90.0,0,2025-08-06,0,MGM,-900.0,0.0
SS,L,J.P. Crawford,Jonathan Cannon,R,8,CWS,SEA,home,4.26,SEA,641487.0,-843.0,-1157.0,95.2,0,2025-08-06,0,MGM,-2000.0,0.0
RF,L,Corbin Carroll,Nestor Cortes,L,1,SD,ARI,home,6.57,ARI,682998.0,-510.0,-190.0,87.5,0,2025-08-06,1,MGM,-700.0,0.0
2B,S,Ketel Marte,Nestor Cortes,L,2,SD,ARI,home,7.1,ARI,606466.0,-465.0,90.0,78.9,0,2025-08-06,0,MGM,-375.0,0.0
SS,S,Geraldo Perdomo,Nestor Cortes,L,3,SD,ARI,home,4.28,ARI,672695.0,-835.0,-2665.0,97.2,0,2025-08-06,0,ESPN,-3500.0,0.0
LF,R,Lourdes Gurriel,Nestor Cortes,L,4,SD,ARI,home,4.48,ARI,666971.0,-793.0,-307.0,91.7,0,2025-08-06,0,MGM,-1100.0,0.0
CF,L,Alek Thomas,Nestor Cortes,L,7,SD,ARI,home,4.4,ARI,677950.0,-809.0,-1191.0,95.2,0,2025-08-06,0,MGM,-2000.0,0.0
C,R,James McCann,Nestor Cortes,L,8,SD,ARI,home,5.51,ARI,543510.0,-625.0,-575.0,92.3,0,2025-08-06,0,MGM,-1200.0,0.0
3B,R,Blaze Alexander,Nestor Cortes,L,9,SD,ARI,home,5.01,ARI,677942.0,-700.0,-1300.0,95.2,0,2025-08-06,0,MGM,-2000.0,0.0
2B,S,Xavier Edwards,Hurston Waldrep,R,1,MIA,ATL,away,3.82,MIA,669364.0,-871.0,-3129.0,97.6,0,2025-08-09,0,ESPN,-4000.0,0.0
2B,S,Xavier Edwards,Erick Fedde,R,1,MIA,ATL,away,3.79,MIA,669364.0,-880.0,-3120.0,97.6,0,2025-08-09,0,ESPN,-4000.0,0.0
LF,L,Kyle Stowers,Hurston Waldrep,R,2,MIA,ATL,away,7.86,MIA,669065.0,-374.0,-176.0,84.6,0,2025-08-09,0,MGM,-550.0,0.0
LF,L,Kyle Stowers,Erick Fedde,R,2,MIA,ATL,away,8.0,MIA,669065.0,-365.0,-185.0,84.6,0,2025-08-09,0,MGM,-550.0,0.0
C,R,Agustin Ramirez,Hurston Waldrep,R,3,MIA,ATL,away,5.46,MIA,682663.0,-580.0,-45.0,86.2,0,2025-08-09,0,MGM,-625.0,0.0
C,R,Agustin Ramirez,Erick Fedde,R,3,MIA,ATL,away,6.18,MIA,682663.0,-502.0,-123.0,86.2,0,2025-08-09,0,MGM,-625.0,0.0
1B,L,Liam Hicks,Hurston Waldrep,R,4,MIA,ATL,away,4.18,MIA,689414.0,-793.0,-1707.0,96.2,0,2025-08-09,0,MGM,-2500.0,0.0
1B,L,Liam Hicks,Erick Fedde,R,4,MIA,ATL,away,4.13,MIA,689414.0,-801.0,-1699.0,96.2,0,2025-08-09,0,MGM,-2500.0,0.0
SS,R,Otto Lopez,Hurston Waldrep,R,5,MIA,ATL,away,4.62,MIA,672640.0,-706.0,-894.0,94.1,0,2025-08-09,0,MGM,-1600.0,0.0
SS,R,Otto Lopez,Erick Fedde,R,5,MIA,ATL,away,4.1,MIA,672640.0,-809.0,-791.0,94.1,0,2025-08-09,0,MGM,-1600.0,0.0
DH,R,Heriberto Hernandez,Hurston Waldrep,R,7,MIA,ATL,away,5.44,MIA,681715.0,-585.0,-515.0,91.7,0,2025-08-09,0,MGM,-1100.0,0.0
DH,R,Heriberto Hernandez,Erick Fedde,R,7,MIA,ATL,away,5.55,MIA,681715.0,-571.0,-529.0,91.7,0,2025-08-09,0,MGM,-1100.0,0.0
RF,L,Troy Johnston,Hurston Waldrep,R,8,MIA,ATL,away,5.23,MIA,687859.0,-609.0,-1391.0,95.2,0,2025-08-09,0,MGM,-2000.0,0.0
RF,L,Troy Johnston,Erick Fedde,R,8,MIA,ATL,away,5.44,MIA,687859.0,-585.0,-1415.0,95.2,0,2025-08-09,0,MGM,-2000.0,0.0
3B,L,Graham Pauley,Hurston Waldrep,R,9,MIA,ATL,away,4.76,MIA,688363.0,-681.0,-1319.0,95.2,0,2025-08-09,0,MGM,-2000.0,0.0
3B,L,Graham Pauley,Erick Fedde,R,9,MIA,ATL,away,4.97,MIA,688363.0,-646.0,-1354.0,95.2,0,2025-08-09,0,MGM,-2000.0,0.0
LF,S,Jurickson Profar,Ryan Gusto,R,1,MIA,ATL,home,5.89,ATL,595777.0,-533.0,-267.0,88.9,0,2025-08-09,0,MGM,-800.0,0.0
LF,S,Jurickson Profar,Sandy Alcantara,R,1,MIA,ATL,home,5.92,ATL,595777.0,-529.0,-271.0,88.9,0,2025-08-09,0,MGM,-800.0,0.0
1B,L,Matt Olson,Ryan Gusto,R,2,MIA,ATL,home,7.12,ATL,621566.0,-424.0,24.0,80.0,0,2025-08-09,0,MGM,-400.0,0.0
1B,L,Matt Olson,Sandy Alcantara,R,2,MIA,ATL,home,7.05,ATL,621566.0,-429.0,29.0,80.0,0,2025-08-09,0,MGM,-400.0,0.0
DH,L,Drake Baldwin,Ryan Gusto,R,3,MIA,ATL,home,5.43,ATL,686948.0,-585.0,-215.0,88.9,0,2025-08-09,0,MGM,-800.0,0.0
C,L,Drake Baldwin,Sandy Alcantara,R,3,MIA,ATL,home,5.05,ATL,686948.0,-635.0,-165.0,88.9,0,2025-08-09,0,MGM,-800.0,0.0
C,R,Sean Murphy,Ryan Gusto,R,4,MIA,ATL,home,5.78,ATL,669221.0,-545.0,-155.0,87.5,0,2025-08-09,0,MGM,-700.0,0.0
CF,L,Michael Harris II,Ryan Gusto,R,5,MIA,ATL,home,5.3,ATL,671739.0,-604.0,-196.0,88.9,0,2025-08-09,1,MGM,-800.0,0.0
CF,L,Michael Harris II,Sandy Alcantara,R,5,MIA,ATL,home,5.31,ATL,671739.0,-599.0,-201.0,88.9,0,2025-08-09,1,MGM,-800.0,0.0
2B,S,Ozzie Albies,Ryan Gusto,R,6,MIA,ATL,home,4.12,ATL,645277.0,-801.0,-299.0,91.7,0,2025-08-09,0,MGM,-1100.0,0.0
2B,S,Ozzie Albies,Sandy Alcantara,R,6,MIA,ATL,home,4.37,ATL,645277.0,-755.0,-345.0,91.7,0,2025-08-09,0,MGM,-1100.0,0.0
RF,R,Eli White,Ryan Gusto,R,7,MIA,ATL,home,4.64,ATL,642201.0,-700.0,-900.0,94.1,0,2025-08-09,0,MGM,-1600.0,0.0
RF,R,Eli White,Sandy Alcantara,R,7,MIA,ATL,home,4.99,ATL,642201.0,-646.0,-954.0,94.1,0,2025-08-09,0,MGM,-1600.0,0.0
3B,R,Nacho Alvarez,Ryan Gusto,R,8,MIA,ATL,home,5.25,ATL,805373.0,-609.0,-2191.0,96.6,0,2025-08-09,0,ESPN,-2800.0,0.0
3B,R,Nacho Alvarez,Sandy Alcantara,R,8,MIA,ATL,home,5.6,ATL,805373.0,-567.0,-2233.0,96.6,0,2025-08-09,0,ESPN,-2800.0,0.0
SS,R,Nick Allen,Ryan Gusto,R,9,MIA,ATL,home,3.16,ATL,669397.0,-1076.0,-2924.0,97.6,0,2025-08-09,0,ESPN,-4000.0,0.0
SS,R,Nick Allen,Sandy Alcantara,R,9,MIA,ATL,home,3.47,ATL,669397.0,-975.0,-3025.0,97.6,0,2025-08-09,0,ESPN,-4000.0,0.0
SS,R,Jeremy Pena,Luis Gil,R,1,HOU,NYY,away,5.61,HOU,665161.0,-562.0,-538.0,91.7,0,2025-08-09,1,MGM,-1100.0,0.0
LF,L,Jesus Sanchez,Luis Gil,R,2,HOU,NYY,away,7.8,HOU,660821.0,-376.0,-249.0,86.2,0,2025-08-09,0,MGM,-625.0,0.0
DH,R,Jose Altuve,Luis Gil,R,3,HOU,NYY,away,5.22,HOU,514888.0,-614.0,-286.0,90.0,0,2025-08-09,0,MGM,-900.0,0.0
3B,R,Carlos Correa,Luis Gil,R,4,HOU,NYY,away,4.94,HOU,621043.0,-652.0,-248.0,90.0,0,2025-08-09,0,MGM,-900.0,0.0
1B,R,Christian Walker,Luis Gil,R,5,HOU,NYY,away,6.55,HOU,572233.0,-468.0,-157.0,86.2,0,2025-08-09,0,MGM,-625.0,0.0
C,R,Yainer Diaz,Luis Gil,R,6,HOU,NYY,away,5.23,HOU,673237.0,-609.0,-191.0,88.9,0,2025-08-09,0,MGM,-800.0,0.0
RF,R,Cam Smith,Luis Gil,R,7,HOU,NYY,away,4.04,HOU,701358.0,-817.0,-783.0,94.1,0,2025-08-09,0,MGM,-1600.0,0.0
CF,L,Taylor Trammell,Luis Gil,R,8,HOU,NYY,away,6.94,HOU,666211.0,-438.0,-462.0,90.0,0,2025-08-09,0,MGM,-900.0,0.0
CF,L,Trent Grisham,Framber Valdez,L,1,HOU,NYY,home,5.88,NYY,663757.0,-533.0,-567.0,91.7,0,2025-08-09,1,MGM,-1100.0,0.0
1B,R,Paul Goldschmidt,Framber Valdez,L,2,HOU,NYY,home,5.84,NYY,502671.0,-537.0,-363.0,90.0,0,2025-08-09,0,MGM,-900.0,0.0
DH,R,Aaron Judge,Framber Valdez,L,3,HOU,NYY,home,9.98,NYY,592450.0,-273.0,-27.0,75.0,0,2025-08-09,0,MGM,-300.0,0.0
LF,L,Cody Bellinger,Framber Valdez,L,4,HOU,NYY,home,4.07,NYY,641355.0,-817.0,-383.0,92.3,0,2025-08-09,0,MGM,-1200.0,0.0
RF,R,Giancarlo Stanton,Framber Valdez,L,5,HOU,NYY,home,6.68,NYY,519317.0,-459.0,-41.0,83.3,0,2025-08-09,0,ESPN,-500.0,0.0
SS,R,Anthony Volpe,Framber Valdez,L,7,HOU,NYY,home,4.73,NYY,683011.0,-687.0,-1313.0,95.2,0,2025-08-09,0,MGM,-2000.0,0.0
SS,L,CJ Abrams,Carson Whisenhunt,L,1,WSH,SF,away,1.85,WSH,682928.0,-1900.0,700.0,92.3,1,2025-08-09,0,MGM,-1200.0,0.83
LF,L,James Wood,Carson Whisenhunt,L,2,WSH,SF,away,5.43,WSH,695578.0,-585.0,-215.0,88.9,0,2025-08-09,1,MGM,-800.0,0.0
2B,R,Paul DeJong,Carson Whisenhunt,L,3,WSH,SF,away,6.61,WSH,657557.0,-462.0,-538.0,90.9,0,2025-08-09,1,MGM,-1000.0,0.0
DH,S,Josh Bell,Carson Whisenhunt,L,4,WSH,SF,away,5.8,WSH,605137.0,-541.0,-1059.0,94.1,0,2025-08-09,1,ESPN,-1600.0,0.0
3B,R,Brady House,Carson Whisenhunt,L,6,WSH,SF,away,2.3,WSH,691781.0,-1513.0,113.0,93.3,0,2025-08-09,0,MGM,-1400.0,0.0
C,R,Riley Adams,Carson Whisenhunt,L,8,WSH,SF,away,2.9,WSH,656180.0,-1182.0,82.0,91.7,0,2025-08-09,0,MGM,-1100.0,0.0
CF,R,Jacob Young,Carson Whisenhunt,L,9,WSH,SF,away,1.2,WSH,696285.0,-3025.0,-975.0,97.6,0,2025-08-09,0,ESPN,-4000.0,0.0
LF,R,Heliot Ramos,Brad Lord,R,1,WSH,SF,home,3.5,SF,671218.0,-964.0,-136.0,91.7,0,2025-08-09,0,MGM,-1100.0,0.0
1B,L,Rafael Devers,Brad Lord,R,2,WSH,SF,home,5.23,SF,646240.0,-609.0,109.0,83.3,0,2025-08-09,1,MGM,-500.0,0.0
SS,R,Willy Adames,Brad Lord,R,3,WSH,SF,home,4.67,SF,642715.0,-700.0,50.0,86.7,0,2025-08-09,0,MGM,-650.0,0.0
3B,R,Matt Chapman,Brad Lord,R,4,WSH,SF,home,4.47,SF,656305.0,-733.0,-17.0,88.2,0,2025-08-09,0,MGM,-750.0,0.0
CF,L,Jung Hoo Lee,Brad Lord,R,5,WSH,SF,home,3.07,SF,808982.0,-1120.0,-1380.0,96.2,0,2025-08-09,0,MGM,-2500.0,0.0
2B,R,Casey Schmitt,Brad Lord,R,7,WSH,SF,home,3.7,SF,669477.0,-910.0,-290.0,92.3,0,2025-08-09,0,MGM,-1200.0,0.0
C,S,Patrick Bailey,Brad Lord,R,8,WSH,SF,home,3.51,SF,672275.0,-964.0,-1036.0,95.2,0,2025-08-09,0,MGM,-2000.0,0.0
SS,R,Zach Neto,Charlie Morton,R,1,LAA,DET,away,5.82,LAA,687263.0,-541.0,-459.0,90.9,0,2025-08-09,0,ESPN,-1000.0,0.0
1B,L,Nolan Schanuel,Charlie Morton,R,2,LAA,DET,away,4.52,LAA,694384.0,-726.0,-2274.0,96.8,0,2025-08-09,0,MGM,-3000.0,0.0
DH,R,Mike Trout,Charlie Morton,R,3,LAA,DET,away,6.39,LAA,545361.0,-481.0,91.0,79.6,0,2025-08-09,0,ESPN,-390.0,0.0
LF,R,Taylor Ward,Charlie Morton,R,4,LAA,DET,away,6.65,LAA,621493.0,-459.0,-191.0,86.7,0,2025-08-09,1,ESPN,-650.0,0.0
RF,R,Jo Adell,Charlie Morton,R,6,LAA,DET,away,6.41,LAA,666176.0,-481.0,-119.0,85.7,0,2025-08-09,1,ESPN,-600.0,0.0
2B,R,Gleyber Torres,Yusei Kikuchi,L,2,LAA,DET,home,5.7,DET,650402.0,-554.0,-246.0,88.9,0,2025-08-09,0,ESPN,-800.0,0.0
LF,L,Riley Greene,Yusei Kikuchi,L,4,LAA,DET,home,6.84,DET,682985.0,-443.0,-457.0,90.0,0,2025-08-09,0,MGM,-900.0,0.0
1B,R,Spencer Torkelson,Yusei Kikuchi,L,5,LAA,DET,home,6.98,DET,679529.0,-432.0,-168.0,85.7,0,2025-08-09,0,MGM,-600.0,0.0
RF,S,Wenceel Perez,Yusei Kikuchi,L,6,LAA,DET,home,5.95,DET,672761.0,-525.0,-1075.0,94.1,0,2025-08-09,0,MGM,-1600.0,0.0
C,R,Dillon Dingler,Yusei Kikuchi,L,8,LAA,DET,home,5.25,DET,693307.0,-609.0,-591.0,92.3,0,2025-08-09,0,MGM,-1200.0,0.0
CF,R,Javier Baez,Yusei Kikuchi,L,9,LAA,DET,home,5.01,DET,595879.0,-641.0,-1359.0,95.2,0,2025-08-09,0,MGM,-2000.0,0.0
CF,L,TJ Friedl,Braxton Ashcraft,R,1,CIN,PIT,away,3.51,CIN,670770.0,-964.0,-1536.0,96.2,0,2025-08-09,0,MGM,-2500.0,0.0
2B,R,Matt McLain,Braxton Ashcraft,R,2,CIN,PIT,away,3.82,CIN,680574.0,-871.0,-729.0,94.1,0,2025-08-09,0,MGM,-1600.0,0.0
SS,S,Elly De La Cruz,Braxton Ashcraft,R,3,CIN,PIT,away,4.91,CIN,682829.0,-658.0,-442.0,91.7,0,2025-08-09,0,MGM,-1100.0,0.0
DH,L,Gavin Lux,Braxton Ashcraft,R,5,CIN,PIT,away,2.94,CIN,666158.0,-1166.0,-1834.0,96.8,0,2025-08-09,0,MGM,-3000.0,0.0
1B,R,Spencer Steer,Braxton Ashcraft,R,6,CIN,PIT,away,3.18,CIN,668715.0,-1076.0,-924.0,95.2,0,2025-08-09,0,MGM,-2000.0,0.0
C,R,Tyler Stephenson,Braxton Ashcraft,R,8,CIN,PIT,away,3.96,CIN,663886.0,-843.0,-757.0,94.1,0,2025-08-09,0,MGM,-1600.0,0.0
3B,R,Ke'Bryan Hayes,Braxton Ashcraft,R,9,CIN,PIT,away,2.52,CIN,663647.0,-1371.0,-2629.0,97.6,0,2025-08-09,0,ESPN,-4000.0,0.0
1B,L,Spencer Horwitz,Nick Martinez,R,1,CIN,PIT,home,5.85,PIT,687462.0,-537.0,-663.0,92.3,0,2025-08-09,0,MGM,-1200.0,0.0
DH,R,Andrew McCutchen,Nick Martinez,R,2,CIN,PIT,home,4.8,PIT,457705.0,-675.0,-425.0,91.7,0,2025-08-09,0,MGM,-1100.0,0.0
RF,S,Bryan Reynolds,Nick Martinez,R,3,CIN,PIT,home,5.07,PIT,668804.0,-635.0,-565.0,92.3,0,2025-08-09,0,MGM,-1200.0,0.0
2B,R,Nick Gonzales,Nick Martinez,R,4,CIN,PIT,home,3.4,PIT,693304.0,-999.0,-1001.0,95.2,0,2025-08-09,0,MGM,-2000.0,0.0
CF,L,Oneil Cruz,Nick Martinez,R,5,CIN,PIT,home,6.7,PIT,665833.0,-456.0,-194.0,86.7,0,2025-08-09,0,MGM,-650.0,0.0
LF,R,Tommy Pham,Nick Martinez,R,6,CIN,PIT,home,3.28,PIT,502054.0,-1036.0,-564.0,94.1,0,2025-08-09,0,MGM,-1600.0,0.0
SS,R,Jared Triolo,Nick Martinez,R,8,CIN,PIT,home,3.64,PIT,669707.0,-920.0,-680.0,94.1,0,2025-08-09,0,MGM,-1600.0,0.0
CF,L,Lawrence Butler,Brandon Young,R,1,ATH,BAL,away,6.41,ATH,671732.0,-481.0,-319.0,88.9,0,2025-08-09,0,MGM,-800.0,0.0
1B,L,Nick Kurtz,Brandon Young,R,2,ATH,BAL,away,9.85,ATH,701762.0,-277.0,-23.0,75.0,0,2025-08-09,0,MGM,-300.0,0.0
DH,R,Brent Rooker,Brandon Young,R,3,ATH,BAL,away,6.36,ATH,667670.0,-485.0,10.0,82.6,0,2025-08-09,1,ESPN,-475.0,0.0
C,R,Shea Langeliers,Brandon Young,R,4,ATH,BAL,away,2.92,ATH,669127.0,-1182.0,732.0,81.8,0,2025-08-09,1,MGM,-450.0,0.0
LF,L,Tyler Soderstrom,Brandon Young,R,5,ATH,BAL,away,7.44,ATH,691016.0,-400.0,-225.0,86.2,0,2025-08-09,0,MGM,-625.0,0.0
3B,R,Gio Urshela,Brandon Young,R,6,ATH,BAL,away,4.28,ATH,570482.0,-770.0,-1730.0,96.2,0,2025-08-09,0,MGM,-2500.0,0.0
2B,R,Luis Urias,Brandon Young,R,8,ATH,BAL,away,4.18,ATH,649966.0,-793.0,-1207.0,95.2,0,2025-08-09,0,MGM,-2000.0,0.0
SS,R,Darell Hernaiz,Brandon Young,R,9,ATH,BAL,away,4.3,ATH,687231.0,-762.0,-1238.0,95.2,0,2025-08-09,0,MGM,-2000.0,0.0
2B,L,Jackson Holliday,Jack Perkins,R,1,ATH,BAL,home,5.22,BAL,702616.0,-614.0,-186.0,88.9,0,2025-08-09,0,MGM,-800.0,0.0
3B,R,Jordan Westburg,Jack Perkins,R,2,ATH,BAL,home,4.09,BAL,676059.0,-809.0,309.0,83.3,0,2025-08-09,0,ESPN,-500.0,0.0
SS,L,Gunnar Henderson,Jack Perkins,R,3,ATH,BAL,home,5.44,BAL,683002.0,-585.0,195.0,79.6,0,2025-08-09,1,ESPN,-390.0,0.0
C,S,Adley Rutschman,Jack Perkins,R,4,ATH,BAL,home,4.48,BAL,668939.0,-733.0,83.0,86.7,0,2025-08-09,0,ESPN,-650.0,0.0
DH,R,Ryan Mountcastle,Jack Perkins,R,5,ATH,BAL,home,3.7,BAL,663624.0,-910.0,10.0,90.0,0,2025-08-09,0,MGM,-900.0,0.0
1B,R,Coby Mayo,Jack Perkins,R,6,ATH,BAL,home,3.75,BAL,691723.0,-890.0,-310.0,92.3,0,2025-08-09,0,MGM,-1200.0,0.0
LF,L,Steven Kwan,Sean Burke,R,1,CLE,CWS,away,4.83,CLE,680757.0,-669.0,-731.0,93.3,0,2025-08-09,0,MGM,-1400.0,0.0
CF,L,Daniel Schneemann,Sean Burke,R,2,CLE,CWS,away,7.51,CLE,682177.0,-395.0,-305.0,87.5,0,2025-08-09,0,MGM,-700.0,0.0
3B,S,Jose Ramirez,Sean Burke,R,3,CLE,CWS,away,6.5,CLE,608070.0,-471.0,21.0,81.8,0,2025-08-09,0,MGM,-450.0,0.0
DH,L,Kyle Manzardo,Sean Burke,R,4,CLE,CWS,away,7.02,CLE,700932.0,-429.0,-121.0,84.6,0,2025-08-09,0,MGM,-550.0,0.0
1B,S,Carlos Santana,Sean Burke,R,5,CLE,CWS,away,5.58,CLE,467793.0,-567.0,-183.0,88.2,0,2025-08-09,0,MGM,-750.0,0.0
C,L,Bo Naylor,Sean Burke,R,6,CLE,CWS,away,7.04,CLE,666310.0,-429.0,-171.0,85.7,0,2025-08-09,0,MGM,-600.0,0.0
SS,R,Gabriel Arias,Sean Burke,R,7,CLE,CWS,away,6.42,CLE,672356.0,-478.0,-322.0,88.9,0,2025-08-09,0,MGM,-800.0,0.0
2B,S,Brayan Rocchio,Sean Burke,R,9,CLE,CWS,away,4.64,CLE,677587.0,-700.0,-1800.0,96.2,0,2025-08-09,0,MGM,-2500.0,0.0
RF,L,Mike Tauchman,Joey Cantillo,L,1,CLE,CWS,home,5.53,CWS,643565.0,-571.0,-179.0,88.2,0,2025-08-09,0,MGM,-750.0,0.0
C,S,Edgar Quero,Joey Cantillo,L,2,CLE,CWS,home,3.68,CWS,700337.0,-910.0,160.0,88.2,1,2025-08-09,0,MGM,-750.0,1.33
CF,R,Luis Robert,Joey Cantillo,L,3,CLE,CWS,home,2.27,CWS,673357.0,-1539.0,1014.0,84.0,0,2025-08-09,0,MGM,-525.0,0.0
2B,R,Lenyn Sosa,Joey Cantillo,L,5,CLE,CWS,home,5.1,CWS,672820.0,-630.0,-120.0,88.2,0,2025-08-09,0,MGM,-750.0,0.0
1B,R,Curtis Mead,Joey Cantillo,L,6,CLE,CWS,home,5.64,CWS,678554.0,-558.0,-342.0,90.0,0,2025-08-09,0,MGM,-900.0,0.0
3B,S,Brooks Baldwin,Joey Cantillo,L,7,CLE,CWS,home,4.89,CWS,681460.0,-663.0,-337.0,90.9,0,2025-08-09,0,MGM,-1000.0,0.0
SS,L,Colson Montgomery,Joey Cantillo,L,8,CLE,CWS,home,5.72,CWS,695657.0,-549.0,-201.0,88.2,0,2025-08-09,0,MGM,-750.0,0.0
LF,R,Michael A. Taylor,Joey Cantillo,L,9,CLE,CWS,home,5.42,CWS,572191.0,-585.0,-115.0,87.5,0,2025-08-09,1,MGM,-700.0,0.0
SS,S,Francisco Lindor,Tobias Myers,R,1,NYM,MIL,away,5.56,NYM,596019.0,-571.0,-29.0,85.7,0,2025-08-09,0,ESPN,-600.0,0.0
RF,L,Juan Soto,Tobias Myers,R,2,NYM,MIL,away,4.36,NYM,665742.0,-755.0,355.0,80.0,0,2025-08-09,1,ESPN,-400.0,0.0
1B,R,Pete Alonso,Tobias Myers,R,3,NYM,MIL,away,6.75,NYM,624413.0,-452.0,-148.0,85.7,0,2025-08-09,1,ESPN,-600.0,0.0
LF,L,Brandon Nimmo,Tobias Myers,R,4,NYM,MIL,away,5.98,NYM,607043.0,-521.0,-179.0,87.5,0,2025-08-09,0,ESPN,-700.0,0.0
2B,L,Jeff McNeil,Tobias Myers,R,5,NYM,MIL,away,4.81,NYM,643446.0,-675.0,-925.0,94.1,0,2025-08-09,0,ESPN,-1600.0,0.0
DH,R,Mark Vientos,Tobias Myers,R,6,NYM,MIL,away,4.92,NYM,668901.0,-658.0,-142.0,88.9,0,2025-08-09,0,ESPN,-800.0,0.0
CF,L,Cedric Mullins,Tobias Myers,R,7,NYM,MIL,away,4.95,NYM,656775.0,-652.0,-748.0,93.3,0,2025-08-09,0,ESPN,-1400.0,0.0
3B,S,Ronny Mauricio,Tobias Myers,R,8,NYM,MIL,away,6.4,NYM,677595.0,-481.0,-719.0,92.3,0,2025-08-09,0,ESPN,-1200.0,0.0
C,R,Francisco Alvarez,Tobias Myers,R,9,NYM,MIL,away,4.6,NYM,682626.0,-706.0,-94.0,88.9,0,2025-08-09,0,ESPN,-800.0,0.0
RF,L,Sal Frelick,Frankie Montas,R,1,NYM,MIL,home,5.45,MIL,686217.0,-585.0,-1415.0,95.2,0,2025-08-09,0,ESPN,-2000.0,0.0
C,R,William Contreras,Frankie Montas,R,2,NYM,MIL,home,4.88,MIL,661388.0,-663.0,-537.0,92.3,0,2025-08-09,1,ESPN,-1200.0,0.0
LF,S,Isaac Collins,Frankie Montas,R,3,NYM,MIL,home,5.88,MIL,686555.0,-533.0,-867.0,93.3,0,2025-08-09,0,ESPN,-1400.0,0.0
DH,L,Christian Yelich,Frankie Montas,R,4,NYM,MIL,home,6.07,MIL,592885.0,-513.0,-387.0,90.0,0,2025-08-09,0,ESPN,-900.0,0.0
1B,R,Andrew Vaughn,Frankie Montas,R,5,NYM,MIL,home,3.31,MIL,683734.0,-1024.0,124.0,90.0,0,2025-08-09,0,ESPN,-900.0,0.0
CF,S,Blake Perkins,Frankie Montas,R,6,NYM,MIL,home,6.54,MIL,663368.0,-468.0,-1532.0,95.2,0,2025-08-09,0,ESPN,-2000.0,0.0
2B,L,Brice Turang,Frankie Montas,R,7,NYM,MIL,home,4.89,MIL,668930.0,-663.0,-1337.0,95.2,0,2025-08-09,1,ESPN,-2000.0,0.0
3B,S,Anthony Seigler,Frankie Montas,R,8,NYM,MIL,home,5.97,MIL,678011.0,-525.0,-1475.0,95.2,0,2025-08-09,0,ESPN,-2000.0,0.0
SS,R,Joey Ortiz,Frankie Montas,R,9,NYM,MIL,home,3.62,MIL,687401.0,-931.0,-1569.0,96.2,0,2025-08-09,0,ESPN,-2500.0,0.0
RF,L,Mike Yastrzemski,Bailey Ober,R,1,KC,MIN,away,6.93,KC,573262.0,-438.0,-62.0,83.3,0,2025-08-09,0,MGM,-500.0,0.0
SS,R,Bobby Witt,Bailey Ober,R,2,KC,MIN,away,6.58,KC,677951.0,-465.0,90.0,78.9,0,2025-08-09,0,MGM,-375.0,0.0
1B,L,Vinnie Pasquantino,Bailey Ober,R,3,KC,MIN,away,6.6,KC,686469.0,-465.0,-35.0,83.3,0,2025-08-09,0,MGM,-500.0,0.0
3B,R,Maikel Garcia,Bailey Ober,R,4,KC,MIN,away,4.24,KC,672580.0,-777.0,-123.0,90.0,0,2025-08-09,0,MGM,-900.0,0.0
C,R,Salvador Perez,Bailey Ober,R,5,KC,MIN,away,6.7,KC,521692.0,-456.0,6.0,81.8,0,2025-08-09,0,MGM,-450.0,0.0
2B,L,Adam Frazier,Bailey Ober,R,6,KC,MIN,away,4.25,KC,624428.0,-777.0,-823.0,94.1,0,2025-08-09,0,MGM,-1600.0,0.0
DH,R,Jonathan India,Bailey Ober,R,7,KC,MIN,away,4.97,KC,663697.0,-646.0,-154.0,88.9,0,2025-08-09,0,MGM,-800.0,0.0
CF,L,Kyle Isbel,Bailey Ober,R,9,KC,MIN,away,4.83,KC,664728.0,-669.0,-931.0,94.1,0,2025-08-09,0,MGM,-1600.0,0.0
CF,R,Austin Martin,Noah Cameron,L,1,KC,MIN,home,5.32,MIN,668885.0,-599.0,-2401.0,96.8,0,2025-08-09,0,MGM,-3000.0,0.0
DH,R,Ryan Jeffers,Noah Cameron,L,2,KC,MIN,home,5.73,MIN,680777.0,-549.0,-251.0,88.9,0,2025-08-09,0,MGM,-800.0,0.0
3B,R,Royce Lewis,Noah Cameron,L,4,KC,MIN,home,5.94,MIN,668904.0,-525.0,-275.0,88.9,0,2025-08-09,0,MGM,-800.0,0.0
2B,R,Luke Keaschall,Noah Cameron,L,5,KC,MIN,home,6.05,MIN,807712.0,-513.0,-1087.0,94.1,0,2025-08-09,0,MGM,-1600.0,0.0
1B,L,Kody Clemens,Noah Cameron,L,6,KC,MIN,home,5.67,MIN,665019.0,-558.0,-67.0,86.2,0,2025-08-09,0,MGM,-625.0,0.0
SS,S,Brooks Lee,Noah Cameron,L,7,KC,MIN,home,4.5,MIN,686797.0,-726.0,-874.0,94.1,0,2025-08-09,0,MGM,-1600.0,0.0
LF,L,Trevor Larnach,Noah Cameron,L,8,KC,MIN,home,4.73,MIN,663616.0,-687.0,-513.0,92.3,0,2025-08-09,0,MGM,-1200.0,0.0
SS,R,Trea Turner,Jacob deGrom,R,1,PHI,TEX,away,4.62,PHI,607208.0,-706.0,-494.0,92.3,0,2025-08-09,0,MGM,-1200.0,0.0
DH,L,Kyle Schwarber,Jacob deGrom,R,2,PHI,TEX,away,9.12,PHI,656941.0,-308.0,23.0,74.0,0,2025-08-09,0,MGM,-285.0,0.0
1B,L,Bryce Harper,Jacob deGrom,R,3,PHI,TEX,away,7.0,PHI,547180.0,-432.0,32.0,80.0,0,2025-08-09,0,MGM,-400.0,0.0
C,R,J.T. Realmuto,Jacob deGrom,R,4,PHI,TEX,away,4.8,PHI,592663.0,-675.0,-725.0,93.3,0,2025-08-09,0,MGM,-1400.0,0.0
CF,L,Brandon Marsh,Jacob deGrom,R,6,PHI,TEX,away,6.18,PHI,669016.0,-502.0,-498.0,90.9,0,2025-08-09,0,MGM,-1000.0,0.0
LF,L,Max Kepler,Jacob deGrom,R,7,PHI,TEX,away,6.4,PHI,596146.0,-481.0,-719.0,92.3,0,2025-08-09,0,ESPN,-1200.0,0.0
3B,R,Edmundo Sosa,Jacob deGrom,R,8,PHI,TEX,away,5.12,PHI,624641.0,-625.0,-1875.0,96.2,0,2025-08-09,0,ESPN,-2500.0,0.0
2B,L,Bryson Stott,Jacob deGrom,R,9,PHI,TEX,away,5.3,PHI,681082.0,-604.0,-796.0,93.3,0,2025-08-09,0,MGM,-1400.0,0.0
LF,S,Sam Haggerty,Jesus Luzardo,L,1,PHI,TEX,home,4.66,TEX,664059.0,-700.0,-2100.0,96.6,0,2025-08-09,0,ESPN,-2800.0,0.0
SS,L,Corey Seager,Jesus Luzardo,L,2,PHI,TEX,home,6.93,TEX,608369.0,-438.0,-187.0,86.2,0,2025-08-09,1,MGM,-625.0,0.0
2B,R,Marcus Semien,Jesus Luzardo,L,3,PHI,TEX,home,5.43,TEX,543760.0,-585.0,-315.0,90.0,0,2025-08-09,0,MGM,-900.0,0.0
RF,R,Adolis Garcia,Jesus Luzardo,L,4,PHI,TEX,home,6.64,TEX,666969.0,-462.0,-238.0,87.5,0,2025-08-09,0,MGM,-700.0,0.0
CF,R,Wyatt Langford,Jesus Luzardo,L,5,PHI,TEX,home,6.91,TEX,694671.0,-438.0,-212.0,86.7,0,2025-08-09,0,MGM,-650.0,0.0
3B,R,Josh Jung,Jesus Luzardo,L,6,PHI,TEX,home,5.69,TEX,673962.0,-554.0,-446.0,90.9,0,2025-08-09,0,MGM,-1000.0,0.0
C,S,Jonah Heim,Jesus Luzardo,L,9,PHI,TEX,home,4.3,TEX,641680.0,-762.0,-438.0,92.3,0,2025-08-09,0,MGM,-1200.0,0.0
1B,L,Michael Busch,Andre Pallante,R,1,CHC,STL,away,7.07,CHC,683737.0,-426.0,-274.0,87.5,0,2025-08-09,1,MGM,-700.0,0.0
RF,L,Kyle Tucker,Andre Pallante,R,2,CHC,STL,away,5.9,CHC,663656.0,-529.0,-71.0,85.7,0,2025-08-09,0,MGM,-600.0,0.0
DH,R,Seiya Suzuki,Andre Pallante,R,3,CHC,STL,away,5.69,CHC,673548.0,-554.0,-46.0,85.7,0,2025-08-09,0,MGM,-600.0,0.0
CF,L,Pete Crow-Armstrong,Andre Pallante,R,4,CHC,STL,away,6.53,CHC,691718.0,-471.0,-154.0,86.2,0,2025-08-09,0,MGM,-625.0,0.0
C,R,Carson Kelly,Andre Pallante,R,5,CHC,STL,away,3.73,CHC,608348.0,-900.0,-200.0,91.7,0,2025-08-09,0,MGM,-1100.0,0.0
LF,S,Ian Happ,Andre Pallante,R,6,CHC,STL,away,5.57,CHC,664023.0,-567.0,-183.0,88.2,0,2025-08-09,0,MGM,-750.0,0.0
SS,R,Dansby Swanson,Andre Pallante,R,7,CHC,STL,away,4.38,CHC,621020.0,-747.0,-353.0,91.7,0,2025-08-09,0,MGM,-1100.0,0.0
2B,R,Nico Hoerner,Andre Pallante,R,8,CHC,STL,away,2.89,CHC,663538.0,-1182.0,-2818.0,97.6,0,2025-08-09,0,ESPN,-4000.0,0.0
3B,R,Matt Shaw,Andre Pallante,R,9,CHC,STL,away,3.38,CHC,807713.0,-999.0,-401.0,93.3,0,2025-08-09,1,MGM,-1400.0,0.0
DH,R,Ivan Herrera,Colin Rea,R,2,CHC,STL,home,5.23,STL,671056.0,-609.0,-391.0,90.9,0,2025-08-09,0,MGM,-1000.0,0.0
LF,L,Alec Burleson,Colin Rea,R,3,CHC,STL,home,6.04,STL,676475.0,-517.0,-108.0,86.2,0,2025-08-09,0,MGM,-625.0,0.0
RF,L,Lars Nootbaar,Colin Rea,R,5,CHC,STL,home,5.66,STL,663457.0,-558.0,-192.0,88.2,0,2025-08-09,0,MGM,-750.0,0.0
SS,R,Masyn Winn,Colin Rea,R,6,CHC,STL,home,4.16,STL,691026.0,-793.0,-807.0,94.1,0,2025-08-09,0,MGM,-1600.0,0.0
3B,L,Nolan Gorman,Colin Rea,R,7,CHC,STL,home,6.76,STL,669357.0,-449.0,-176.0,86.2,0,2025-08-09,0,MGM,-625.0,0.0
C,R,Yohel Pozo,Colin Rea,R,8,CHC,STL,home,5.19,STL,650968.0,-619.0,-581.0,92.3,0,2025-08-09,0,MGM,-1200.0,0.0
DH,R,Marcell Ozuna,Sandy Alcantara,R,4,MIA,ATL,home,6.18,ATL,542303.0,-502.0,102.0,80.0,0,2025-08-09,1,ESPN,-400.0,0.0
RF,R,Tyler Freeman,Eduardo Rodriguez,L,1,COL,ARI,away,4.7,COL,671289.0,-694.0,-1306.0,95.2,0,2025-08-09,0,MGM,-2000.0,0.0
SS,R,Ezequiel Tovar,Eduardo Rodriguez,L,2,COL,ARI,away,6.44,COL,678662.0,-478.0,-622.0,91.7,0,2025-08-09,0,MGM,-1100.0,0.0
C,R,Hunter Goodman,Eduardo Rodriguez,L,3,COL,ARI,away,7.6,COL,696100.0,-390.0,-135.0,84.0,0,2025-08-09,0,MGM,-525.0,0.0
LF,R,Jordan Beck,Eduardo Rodriguez,L,4,COL,ARI,away,6.72,COL,687597.0,-452.0,-448.0,90.0,0,2025-08-09,0,MGM,-900.0,0.0
1B,R,Warming Bernabel,Eduardo Rodriguez,L,5,COL,ARI,away,6.55,COL,682653.0,-468.0,-1132.0,94.1,0,2025-08-09,0,MGM,-1600.0,0.0
CF,R,Brenton Doyle,Eduardo Rodriguez,L,6,COL,ARI,away,5.83,COL,686668.0,-537.0,-463.0,90.9,0,2025-08-09,1,MGM,-1000.0,0.0
DH,R,Kyle Farmer,Eduardo Rodriguez,L,7,COL,ARI,away,4.98,COL,571657.0,-646.0,-1854.0,96.2,0,2025-08-09,0,MGM,-2500.0,0.0
RF,L,Corbin Carroll,Bradley Blalock,R,1,COL,ARI,home,7.69,ARI,682998.0,-383.0,58.0,76.5,0,2025-08-09,1,MGM,-325.0,0.0
2B,S,Ketel Marte,Bradley Blalock,R,2,COL,ARI,home,7.03,ARI,606466.0,-429.0,-71.0,83.3,0,2025-08-09,0,MGM,-500.0,0.0
SS,S,Geraldo Perdomo,Bradley Blalock,R,3,COL,ARI,home,4.06,ARI,672695.0,-817.0,-783.0,94.1,0,2025-08-09,0,MGM,-1600.0,0.0
LF,R,Lourdes Gurriel,Bradley Blalock,R,4,COL,ARI,home,4.4,ARI,666971.0,-747.0,-3.0,88.2,0,2025-08-09,0,MGM,-750.0,0.0
1B,R,Tyler Locklear,Bradley Blalock,R,6,COL,ARI,home,5.7,ARI,682988.0,-554.0,-646.0,92.3,0,2025-08-09,0,MGM,-1200.0,0.0
CF,L,Alek Thomas,Bradley Blalock,R,7,COL,ARI,home,5.35,ARI,677950.0,-594.0,-806.0,93.3,0,2025-08-09,0,MGM,-1400.0,0.0
3B,R,Blaze Alexander,Bradley Blalock,R,9,COL,ARI,home,4.7,ARI,677942.0,-694.0,-706.0,93.3,0,2025-08-09,0,MGM,-1400.0,0.0
RF,R,Fernando Tatis,Lucas Giolito,R,1,BOS,SD,home,6.83,SD,665487.0,-443.0,-57.0,83.3,0,2025-08-09,0,MGM,-500.0,0.0
DH,L,Luis Arraez,Lucas Giolito,R,2,BOS,SD,home,4.21,SD,650333.0,-785.0,-1215.0,95.2,0,2025-08-09,0,MGM,-2000.0,0.0
3B,R,Manny Machado,Lucas Giolito,R,3,BOS,SD,home,6.21,SD,592518.0,-499.0,49.0,81.8,0,2025-08-09,0,MGM,-450.0,0.0
CF,L,Jackson Merrill,Lucas Giolito,R,4,BOS,SD,home,6.46,SD,701538.0,-475.0,-150.0,86.2,0,2025-08-09,0,MGM,-625.0,0.0
SS,R,Xander Bogaerts,Lucas Giolito,R,5,BOS,SD,home,4.79,SD,593428.0,-675.0,-525.0,92.3,0,2025-08-09,1,MGM,-1200.0,0.0
1B,L,Ryan O'Hearn,Lucas Giolito,R,6,BOS,SD,home,6.53,SD,656811.0,-471.0,-729.0,92.3,0,2025-08-09,0,ESPN,-1200.0,0.0
LF,R,Ramon Laureano,Lucas Giolito,R,7,BOS,SD,home,6.52,SD,657656.0,-471.0,-279.0,88.2,0,2025-08-09,0,MGM,-750.0,0.0
2B,L,Jake Cronenworth,Lucas Giolito,R,8,BOS,SD,home,6.93,SD,630105.0,-438.0,-662.0,91.7,0,2025-08-09,0,MGM,-1100.0,0.0
C,R,Freddy Fermin,Lucas Giolito,R,9,BOS,SD,home,4.36,SD,666023.0,-755.0,-1245.0,95.2,0,2025-08-09,0,MGM,-2000.0,0.0
LF,R,Davis Schneider,Blake Snell,L,1,TOR,LAD,away,8.94,TOR,676914.0,-317.0,-583.0,90.0,0,2025-08-09,0,MGM,-900.0,0.0
DH,R,Ty France,Blake Snell,L,2,TOR,LAD,away,6.32,TOR,664034.0,-488.0,-712.0,92.3,0,2025-08-09,0,MGM,-1200.0,0.0
1B,R,Vladimir Guerrero,Blake Snell,L,3,TOR,LAD,away,6.82,TOR,665489.0,-446.0,-154.0,85.7,0,2025-08-09,0,ESPN,-600.0,0.0
SS,R,Bo Bichette,Blake Snell,L,4,TOR,LAD,away,5.83,TOR,666182.0,-537.0,-263.0,88.9,0,2025-08-09,0,MGM,-800.0,0.0
C,R,Alejandro Kirk,Blake Snell,L,5,TOR,LAD,away,6.27,TOR,672386.0,-495.0,-705.0,92.3,0,2025-08-09,0,MGM,-1200.0,0.0
2B,R,Ernie Clement,Blake Snell,L,6,TOR,LAD,away,4.41,TOR,676391.0,-747.0,-1253.0,95.2,0,2025-08-09,1,MGM,-2000.0,0.0
3B,L,Addison Barger,Blake Snell,L,7,TOR,LAD,away,4.61,TOR,680718.0,-706.0,-44.0,88.2,0,2025-08-09,0,MGM,-750.0,0.0
CF,L,Daulton Varsho,Blake Snell,L,8,TOR,LAD,away,6.05,TOR,662139.0,-513.0,-587.0,91.7,0,2025-08-09,0,MGM,-1100.0,0.0
DH,L,Shohei Ohtani,Chris Bassitt,R,1,TOR,LAD,home,10.49,LAD,660271.0,-255.0,20.0,70.1,0,2025-08-09,1,MGM,-235.0,0.0
SS,R,Mookie Betts,Chris Bassitt,R,2,TOR,LAD,home,5.78,LAD,605141.0,-545.0,-355.0,90.0,0,2025-08-09,0,MGM,-900.0,0.0
1B,L,Freddie Freeman,Chris Bassitt,R,3,TOR,LAD,home,7.41,LAD,518692.0,-403.0,-197.0,85.7,0,2025-08-09,0,MGM,-600.0,0.0
3B,L,Max Muncy,Chris Bassitt,R,5,TOR,LAD,home,8.16,LAD,571970.0,-357.0,-143.0,83.3,0,2025-08-09,1,MGM,-500.0,0.0
RF,R,Teoscar Hernandez,Chris Bassitt,R,6,TOR,LAD,home,7.0,LAD,606192.0,-432.0,-268.0,87.5,0,2025-08-09,0,MGM,-700.0,0.0
LF,L,Michael Conforto,Chris Bassitt,R,7,TOR,LAD,home,6.09,LAD,624424.0,-510.0,-290.0,88.9,0,2025-08-09,0,MGM,-800.0,0.0
CF,R,Andy Pages,Chris Bassitt,R,8,TOR,LAD,home,6.17,LAD,681624.0,-502.0,-248.0,88.2,0,2025-08-09,0,ESPN,-750.0,0.0
CF,L,Chandler Simpson,Logan Evans,R,1,TB,SEA,away,3.54,TB,802415.0,-953.0,-4047.0,98.0,0,2025-08-09,0,ESPN,-5000.0,0.0
1B,L,Brandon Lowe,Logan Evans,R,2,TB,SEA,away,6.78,TB,664040.0,-449.0,-1.0,81.8,0,2025-08-09,1,MGM,-450.0,0.0
DH,R,Yandy Diaz,Logan Evans,R,3,TB,SEA,away,4.96,TB,650490.0,-652.0,-98.0,88.2,0,2025-08-09,0,MGM,-750.0,0.0
3B,R,Junior Caminero,Logan Evans,R,4,TB,SEA,away,6.6,TB,691406.0,-465.0,65.0,80.0,0,2025-08-09,1,MGM,-400.0,0.0
RF,L,Josh Lowe,Logan Evans,R,5,TB,SEA,away,5.64,TB,666139.0,-558.0,-192.0,88.2,0,2025-08-09,0,MGM,-750.0,0.0
2B,R,Ha-Seong Kim,Logan Evans,R,6,TB,SEA,away,5.43,TB,673490.0,-585.0,-815.0,93.3,0,2025-08-09,0,MGM,-1400.0,0.0
C,L,Hunter Feduccia,Logan Evans,R,8,TB,SEA,away,5.53,TB,676439.0,-571.0,-629.0,92.3,0,2025-08-09,0,MGM,-1200.0,0.0
LF,R,Randy Arozarena,Joe Boyle,R,1,TB,SEA,home,5.37,SEA,668227.0,-594.0,69.0,84.0,0,2025-08-09,0,MGM,-525.0,0.0
C,S,Cal Raleigh,Joe Boyle,R,2,TB,SEA,home,8.06,SEA,663728.0,-361.0,86.0,73.3,0,2025-08-09,1,MGM,-275.0,0.0
CF,R,Julio Rodriguez,Joe Boyle,R,3,TB,SEA,home,5.43,SEA,677594.0,-585.0,-40.0,86.2,0,2025-08-09,1,MGM,-625.0,0.0
3B,R,Eugenio Suarez,Joe Boyle,R,5,TB,SEA,home,6.38,SEA,553993.0,-485.0,-65.0,84.6,0,2025-08-09,0,MGM,-550.0,0.0
DH,S,Jorge Polanco,Joe Boyle,R,6,TB,SEA,home,4.91,SEA,593871.0,-658.0,-92.0,88.2,0,2025-08-09,0,MGM,-750.0,0.0
RF,L,Dominic Canzone,Joe Boyle,R,7,TB,SEA,home,5.7,SEA,686527.0,-554.0,-196.0,88.2,0,2025-08-09,0,MGM,-750.0,0.0
SS,L,J.P. Crawford,Joe Boyle,R,8,TB,SEA,home,3.98,SEA,641487.0,-835.0,-1165.0,95.2,0,2025-08-09,0,MGM,-2000.0,0.0
2B,L,Cole Young,Joe Boyle,R,9,TB,SEA,home,3.76,SEA,702284.0,-890.0,-1610.0,96.2,0,2025-08-09,0,MGM,-2500.0,0.0
RF,L,Mike Yastrzemski,Jose Urena,R,1,KC,MIN,away,7.08,KC,573262.0,-456.0,-244.0,87.5,0,2025-08-10,0,ESPN,-700.0,0.0
1B,L,Vinnie Pasquantino,Jose Urena,R,3,KC,MIN,away,6.4,KC,686469.0,-513.0,-187.0,87.5,0,2025-08-10,1,ESPN,-700.0,0.0
3B,R,Maikel Garcia,Jose Urena,R,4,KC,MIN,away,4.28,KC,672580.0,-817.0,-383.0,92.3,0,2025-08-10,0,ESPN,-1200.0,0.0
C,R,Salvador Perez,Jose Urena,R,5,KC,MIN,away,6.53,KC,521692.0,-502.0,-148.0,86.7,0,2025-08-10,0,ESPN,-650.0,0.0
2B,L,Adam Frazier,Jose Urena,R,6,KC,MIN,away,4.02,KC,624428.0,-880.0,-1620.0,96.2,0,2025-08-10,0,ESPN,-2500.0,0.0
DH,R,Jonathan India,Jose Urena,R,7,KC,MIN,away,4.44,KC,663697.0,-785.0,-615.0,93.3,0,2025-08-10,0,ESPN,-1400.0,0.0
LF,L,John Rave,Jose Urena,R,8,KC,MIN,away,5.78,KC,670231.0,-580.0,-1020.0,94.1,0,2025-08-10,0,ESPN,-1600.0,0.0
CF,L,Kyle Isbel,Jose Urena,R,9,KC,MIN,away,3.61,KC,664728.0,-987.0,-1013.0,95.2,0,2025-08-10,0,ESPN,-2000.0,0.0
CF,R,Austin Martin,Ryan Bergert,R,1,KC,MIN,home,4.36,MIN,668885.0,-801.0,-1699.0,96.2,0,2025-08-10,0,ESPN,-2500.0,0.0
2B,R,Luke Keaschall,Ryan Bergert,R,2,KC,MIN,home,6.0,MIN,807712.0,-554.0,-1046.0,94.1,0,2025-08-10,1,ESPN,-1600.0,0.0
C,R,Ryan Jeffers,Ryan Bergert,R,3,KC,MIN,home,5.11,MIN,680777.0,-669.0,-231.0,90.0,0,2025-08-10,0,ESPN,-900.0,0.0
1B,L,Kody Clemens,Ryan Bergert,R,4,KC,MIN,home,6.9,MIN,665019.0,-471.0,71.0,80.0,0,2025-08-10,0,ESPN,-400.0,0.0
DH,L,Trevor Larnach,Ryan Bergert,R,6,KC,MIN,home,5.46,MIN,663616.0,-619.0,-81.0,87.5,0,2025-08-10,0,ESPN,-700.0,0.0
SS,S,Brooks Lee,Ryan Bergert,R,7,KC,MIN,home,4.47,MIN,686797.0,-777.0,-623.0,93.3,0,2025-08-10,0,ESPN,-1400.0,0.0
LF,L,Alan Roden,Ryan Bergert,R,8,KC,MIN,home,4.75,MIN,702176.0,-726.0,-1274.0,95.2,0,2025-08-10,0,ESPN,-2000.0,0.0
C,R,Shea Langeliers,Cade Povich,L,1,ATH,BAL,away,6.64,ATH,669127.0,-492.0,17.0,82.6,0,2025-08-10,0,ESPN,-475.0,0.0
DH,L,Nick Kurtz,Cade Povich,L,2,ATH,BAL,away,9.04,ATH,701762.0,-335.0,-165.0,83.3,0,2025-08-10,0,ESPN,-500.0,0.0
RF,R,Brent Rooker,Cade Povich,L,3,ATH,BAL,away,7.37,ATH,667670.0,-435.0,-40.0,82.6,0,2025-08-10,0,ESPN,-475.0,0.0
LF,L,Tyler Soderstrom,Cade Povich,L,4,ATH,BAL,away,6.69,ATH,691016.0,-488.0,-212.0,87.5,0,2025-08-10,0,ESPN,-700.0,0.0
SS,R,Darell Hernaiz,Cade Povich,L,5,ATH,BAL,away,6.96,ATH,687231.0,-465.0,-1535.0,95.2,0,2025-08-10,0,ESPN,-2000.0,0.0
CF,R,Colby Thomas,Cade Povich,L,6,ATH,BAL,away,7.38,ATH,687515.0,-432.0,-968.0,93.3,0,2025-08-10,0,ESPN,-1400.0,0.0
2B,R,Luis Urias,Cade Povich,L,8,ATH,BAL,away,5.67,ATH,649966.0,-594.0,-1006.0,94.1,0,2025-08-10,0,ESPN,-1600.0,0.0
3B,R,Max Schuemann,Cade Povich,L,9,ATH,BAL,away,4.58,ATH,680474.0,-762.0,-1738.0,96.2,0,2025-08-10,0,ESPN,-2500.0,0.0
SS,R,Jeremy Pena,Max Fried,L,1,HOU,NYY,away,6.22,HOU,665161.0,-533.0,-1967.0,96.2,0,2025-08-10,0,ESPN,-2500.0,0.0
LF,R,Jose Altuve,Max Fried,L,2,HOU,NYY,away,6.52,HOU,514888.0,-502.0,-898.0,93.3,0,2025-08-10,1,ESPN,-1400.0,0.0
3B,R,Carlos Correa,Max Fried,L,3,HOU,NYY,away,6.62,HOU,621043.0,-495.0,-905.0,93.3,0,2025-08-10,1,ESPN,-1400.0,0.0
1B,R,Christian Walker,Max Fried,L,4,HOU,NYY,away,6.95,HOU,572233.0,-465.0,-735.0,92.3,0,2025-08-10,0,ESPN,-1200.0,0.0
RF,R,Cam Smith,Max Fried,L,6,HOU,NYY,away,6.19,HOU,701358.0,-537.0,-1963.0,96.2,0,2025-08-10,0,ESPN,-2500.0,0.0
CF,R,Chas McCormick,Max Fried,L,9,HOU,NYY,away,6.67,HOU,676801.0,-488.0,-2012.0,96.2,0,2025-08-10,0,ESPN,-2500.0,0.0
CF,L,Trent Grisham,Jason Alexander,R,1,HOU,NYY,home,8.62,NYY,663757.0,-357.0,-143.0,83.3,0,2025-08-10,0,ESPN,-500.0,0.0
DH,R,Aaron Judge,Jason Alexander,R,3,HOU,NYY,home,10.06,NYY,592450.0,-291.0,-9.0,75.0,0,2025-08-10,0,ESPN,-300.0,0.0
LF,L,Cody Bellinger,Jason Alexander,R,4,HOU,NYY,home,5.81,NYY,641355.0,-576.0,-24.0,85.7,0,2025-08-10,0,ESPN,-600.0,0.0
2B,L,Jazz Chisholm,Jason Alexander,R,6,HOU,NYY,home,7.74,NYY,665862.0,-408.0,-67.0,82.6,0,2025-08-10,0,ESPN,-475.0,0.0
SS,R,Anthony Volpe,Jason Alexander,R,7,HOU,NYY,home,4.78,NYY,683011.0,-720.0,-480.0,92.3,0,2025-08-10,0,ESPN,-1200.0,0.0
3B,L,Ryan McMahon,Jason Alexander,R,8,HOU,NYY,home,7.03,NYY,641857.0,-459.0,-341.0,88.9,0,2025-08-10,0,ESPN,-800.0,0.0
C,L,Austin Wells,Jason Alexander,R,9,HOU,NYY,home,6.33,NYY,669224.0,-521.0,-129.0,86.7,0,2025-08-10,0,ESPN,-650.0,0.0
2B,S,Xavier Edwards,Joey Wentz,L,1,MIA,ATL,away,2.39,MIA,669364.0,-1539.0,-1961.0,97.2,0,2025-08-10,0,ESPN,-3500.0,0.0
DH,R,Heriberto Hernandez,Joey Wentz,L,3,MIA,ATL,away,4.45,MIA,681715.0,-785.0,-415.0,92.3,0,2025-08-10,0,ESPN,-1200.0,0.0
SS,R,Otto Lopez,Joey Wentz,L,4,MIA,ATL,away,3.19,MIA,672640.0,-1135.0,-465.0,94.1,0,2025-08-10,0,ESPN,-1600.0,0.0
RF,R,Dane Myers,Joey Wentz,L,5,MIA,ATL,away,3.95,MIA,667472.0,-900.0,-1100.0,95.2,0,2025-08-10,0,ESPN,-2000.0,0.0
LF,L,Kyle Stowers,Joey Wentz,L,6,MIA,ATL,away,4.44,MIA,669065.0,-785.0,-115.0,90.0,0,2025-08-10,0,ESPN,-900.0,0.0
1B,R,Eric Wagaman,Joey Wentz,L,7,MIA,ATL,away,2.93,MIA,676572.0,-1251.0,-749.0,95.2,0,2025-08-10,0,ESPN,-2000.0,0.0
3B,R,Javier Sanoja,Joey Wentz,L,8,MIA,ATL,away,2.75,MIA,691594.0,-1329.0,-1471.0,96.6,0,2025-08-10,0,ESPN,-2800.0,0.0
LF,S,Jurickson Profar,Cal Quantrill,R,1,MIA,ATL,home,6.51,ATL,595777.0,-506.0,-494.0,90.9,0,2025-08-10,0,ESPN,-1000.0,0.0
1B,L,Matt Olson,Cal Quantrill,R,2,MIA,ATL,home,7.77,ATL,621566.0,-405.0,-345.0,88.2,0,2025-08-10,1,ESPN,-750.0,0.0
CF,L,Michael Harris II,Cal Quantrill,R,5,MIA,ATL,home,5.99,ATL,671739.0,-558.0,-442.0,90.9,0,2025-08-10,1,ESPN,-1000.0,0.0
2B,S,Ozzie Albies,Cal Quantrill,R,6,MIA,ATL,home,4.81,ATL,645277.0,-720.0,-680.0,93.3,0,2025-08-10,0,ESPN,-1400.0,0.0
RF,R,Eli White,Cal Quantrill,R,7,MIA,ATL,home,5.22,ATL,642201.0,-652.0,-948.0,94.1,0,2025-08-10,0,ESPN,-1600.0,0.0
3B,R,Nacho Alvarez,Cal Quantrill,R,8,MIA,ATL,home,5.81,ATL,805373.0,-576.0,-2224.0,96.6,0,2025-08-10,0,ESPN,-2800.0,0.0
SS,R,Nick Allen,Cal Quantrill,R,9,MIA,ATL,home,3.69,ATL,669397.0,-964.0,-3036.0,97.6,0,2025-08-10,0,ESPN,-4000.0,0.0
CF,L,TJ Friedl,Mike Burrows,R,1,CIN,PIT,away,4.58,CIN,670770.0,-762.0,-438.0,92.3,0,2025-08-10,0,ESPN,-1200.0,0.0
2B,R,Matt McLain,Mike Burrows,R,2,CIN,PIT,away,5.13,CIN,680574.0,-669.0,-931.0,94.1,0,2025-08-10,0,ESPN,-1600.0,0.0
SS,S,Elly De La Cruz,Mike Burrows,R,3,CIN,PIT,away,6.35,CIN,682829.0,-521.0,-379.0,90.0,0,2025-08-10,0,ESPN,-900.0,0.0
LF,R,Austin Hays,Mike Burrows,R,4,CIN,PIT,away,5.84,CIN,669720.0,-576.0,-824.0,93.3,0,2025-08-10,0,ESPN,-1400.0,0.0
DH,L,Gavin Lux,Mike Burrows,R,5,CIN,PIT,away,4.44,CIN,666158.0,-785.0,-1715.0,96.2,0,2025-08-10,0,ESPN,-2500.0,0.0
1B,R,Spencer Steer,Mike Burrows,R,6,CIN,PIT,away,4.3,CIN,668715.0,-817.0,-783.0,94.1,0,2025-08-10,1,ESPN,-1600.0,0.0
3B,R,Ke'Bryan Hayes,Mike Burrows,R,9,CIN,PIT,away,3.16,CIN,663647.0,-1150.0,-1650.0,96.6,0,2025-08-10,0,ESPN,-2800.0,0.0
1B,L,Spencer Horwitz,Zack Littell,R,1,CIN,PIT,home,6.61,PIT,687462.0,-495.0,-905.0,93.3,0,2025-08-10,0,ESPN,-1400.0,0.0
DH,R,Andrew McCutchen,Zack Littell,R,2,CIN,PIT,home,5.29,PIT,457705.0,-646.0,-754.0,93.3,0,2025-08-10,0,ESPN,-1400.0,0.0
RF,S,Bryan Reynolds,Zack Littell,R,3,CIN,PIT,home,6.24,PIT,668804.0,-529.0,-471.0,90.9,0,2025-08-10,0,ESPN,-1000.0,0.0
2B,R,Nick Gonzales,Zack Littell,R,4,CIN,PIT,home,3.63,PIT,693304.0,-987.0,-1513.0,96.2,0,2025-08-10,0,ESPN,-2500.0,0.0
CF,L,Oneil Cruz,Zack Littell,R,5,CIN,PIT,home,8.44,PIT,665833.0,-365.0,-185.0,84.6,0,2025-08-10,0,ESPN,-550.0,0.0
LF,R,Tommy Pham,Zack Littell,R,6,CIN,PIT,home,3.86,PIT,502054.0,-920.0,-680.0,94.1,0,2025-08-10,0,ESPN,-1600.0,0.0
C,R,Henry Davis,Zack Littell,R,7,CIN,PIT,home,5.35,PIT,680779.0,-635.0,-1365.0,95.2,0,2025-08-10,0,ESPN,-2000.0,0.0
3B,R,Isiah Kiner-Falefa,Zack Littell,R,9,CIN,PIT,home,3.44,PIT,643396.0,-1049.0,-3951.0,98.0,0,2025-08-10,0,ESPN,-5000.0,0.0
SS,R,Zach Neto,Casey Mize,R,1,LAA,DET,away,5.81,LAA,687263.0,-576.0,-624.0,92.3,0,2025-08-10,0,ESPN,-1200.0,0.0
1B,L,Nolan Schanuel,Casey Mize,R,2,LAA,DET,away,5.03,LAA,694384.0,-681.0,-1819.0,96.2,0,2025-08-10,1,ESPN,-2500.0,0.0
DH,R,Mike Trout,Casey Mize,R,3,LAA,DET,away,6.47,LAA,545361.0,-510.0,-40.0,84.6,0,2025-08-10,0,ESPN,-550.0,0.0
LF,R,Taylor Ward,Casey Mize,R,4,LAA,DET,away,6.35,LAA,621493.0,-521.0,-479.0,90.9,0,2025-08-10,0,ESPN,-1000.0,0.0
RF,R,Jo Adell,Casey Mize,R,6,LAA,DET,away,6.26,LAA,666176.0,-529.0,-371.0,90.0,0,2025-08-10,0,ESPN,-900.0,0.0
C,R,Logan O'Hoppe,Casey Mize,R,7,LAA,DET,away,5.79,LAA,681351.0,-580.0,-620.0,92.3,0,2025-08-10,0,ESPN,-1200.0,0.0
2B,R,Christian Moore,Casey Mize,R,8,LAA,DET,away,5.35,LAA,695681.0,-635.0,-2165.0,96.6,0,2025-08-10,0,ESPN,-2800.0,0.0
CF,R,Bryce Teodosio,Casey Mize,R,9,LAA,DET,away,5.22,LAA,669326.0,-652.0,-2848.0,97.2,0,2025-08-10,0,ESPN,-3500.0,0.0
3B,L,Colt Keith,Jack Kochanowicz,R,1,LAA,DET,home,5.69,DET,690993.0,-590.0,-810.0,93.3,0,2025-08-10,0,ESPN,-1400.0,0.0
2B,R,Gleyber Torres,Jack Kochanowicz,R,2,LAA,DET,home,4.51,DET,650402.0,-770.0,-630.0,93.3,0,2025-08-10,0,ESPN,-1400.0,0.0
DH,L,Kerry Carpenter,Jack Kochanowicz,R,3,LAA,DET,home,7.46,DET,681481.0,-426.0,-174.0,85.7,0,2025-08-10,1,ESPN,-600.0,0.0
LF,L,Riley Greene,Jack Kochanowicz,R,4,LAA,DET,home,6.67,DET,682985.0,-488.0,-212.0,87.5,0,2025-08-10,1,ESPN,-700.0,0.0
1B,R,Spencer Torkelson,Jack Kochanowicz,R,5,LAA,DET,home,5.95,DET,679529.0,-562.0,-238.0,88.9,0,2025-08-10,0,ESPN,-800.0,0.0
SS,L,Zach McKinstry,Jack Kochanowicz,R,7,LAA,DET,home,4.24,DET,656716.0,-826.0,-1174.0,95.2,0,2025-08-10,0,ESPN,-2000.0,0.0
C,R,Dillon Dingler,Jack Kochanowicz,R,8,LAA,DET,home,4.99,DET,693307.0,-687.0,-913.0,94.1,0,2025-08-10,0,ESPN,-1600.0,0.0
CF,R,Javier Baez,Jack Kochanowicz,R,9,LAA,DET,home,3.62,DET,595879.0,-987.0,-1013.0,95.2,0,2025-08-10,0,ESPN,-2000.0,0.0
LF,L,Steven Kwan,Davis Martin,R,1,CLE,CWS,away,4.8,CLE,680757.0,-720.0,-880.0,94.1,0,2025-08-10,0,ESPN,-1600.0,0.0
CF,L,Daniel Schneemann,Davis Martin,R,2,CLE,CWS,away,7.67,CLE,682177.0,-413.0,-487.0,90.0,0,2025-08-10,0,ESPN,-900.0,0.0
3B,S,Jose Ramirez,Davis Martin,R,3,CLE,CWS,away,6.56,CLE,608070.0,-499.0,-51.0,84.6,0,2025-08-10,0,ESPN,-550.0,0.0
DH,L,Kyle Manzardo,Davis Martin,R,4,CLE,CWS,away,7.12,CLE,700932.0,-452.0,-98.0,84.6,0,2025-08-10,1,ESPN,-550.0,0.0
C,L,Bo Naylor,Davis Martin,R,6,CLE,CWS,away,6.63,CLE,666310.0,-492.0,-308.0,88.9,0,2025-08-10,0,ESPN,-800.0,0.0
2B,S,Brayan Rocchio,Davis Martin,R,9,CLE,CWS,away,4.16,CLE,677587.0,-843.0,-1657.0,96.2,0,2025-08-10,0,ESPN,-2500.0,0.0
RF,L,Mike Tauchman,Slade Cecconi,R,1,CLE,CWS,home,7.18,CWS,643565.0,-446.0,-454.0,90.0,0,2025-08-10,0,ESPN,-900.0,0.0
2B,R,Lenyn Sosa,Slade Cecconi,R,2,CLE,CWS,home,5.97,CWS,672820.0,-558.0,-242.0,88.9,0,2025-08-10,1,ESPN,-800.0,0.0
LF,L,Andrew Benintendi,Slade Cecconi,R,3,CLE,CWS,home,7.56,CWS,643217.0,-421.0,-279.0,87.5,0,2025-08-10,0,ESPN,-700.0,0.0
CF,R,Luis Robert,Slade Cecconi,R,4,CLE,CWS,home,7.09,CWS,673357.0,-456.0,-144.0,85.7,0,2025-08-10,0,ESPN,-600.0,0.0
SS,L,Colson Montgomery,Slade Cecconi,R,5,CLE,CWS,home,8.84,CWS,695657.0,-344.0,-556.0,90.0,0,2025-08-10,1,ESPN,-900.0,0.0
1B,R,Curtis Mead,Slade Cecconi,R,7,CLE,CWS,home,6.44,CWS,678554.0,-510.0,-890.0,93.3,0,2025-08-10,0,ESPN,-1400.0,0.0
C,L,Kyle Teel,Slade Cecconi,R,8,CLE,CWS,home,7.25,CWS,691019.0,-443.0,-957.0,93.3,0,2025-08-10,0,ESPN,-1400.0,0.0
3B,S,Brooks Baldwin,Slade Cecconi,R,9,CLE,CWS,home,6.19,CWS,681460.0,-537.0,-463.0,90.9,0,2025-08-10,0,ESPN,-1000.0,0.0
SS,S,Francisco Lindor,Quinn Priester,R,1,NYM,MIL,away,5.72,NYM,596019.0,-590.0,-210.0,88.9,0,2025-08-10,0,ESPN,-800.0,0.0
RF,L,Juan Soto,Quinn Priester,R,2,NYM,MIL,away,8.39,NYM,665742.0,-369.0,-131.0,83.3,0,2025-08-10,0,ESPN,-500.0,0.0
1B,R,Pete Alonso,Quinn Priester,R,3,NYM,MIL,away,6.96,NYM,624413.0,-465.0,-85.0,84.6,0,2025-08-10,0,ESPN,-550.0,0.0
LF,L,Brandon Nimmo,Quinn Priester,R,4,NYM,MIL,away,6.25,NYM,607043.0,-529.0,-271.0,88.9,0,2025-08-10,0,ESPN,-800.0,0.0
2B,L,Jeff McNeil,Quinn Priester,R,5,NYM,MIL,away,5.33,NYM,643446.0,-641.0,-1359.0,95.2,0,2025-08-10,0,ESPN,-2000.0,0.0
CF,L,Cedric Mullins,Quinn Priester,R,7,NYM,MIL,away,5.85,NYM,656775.0,-571.0,-829.0,93.3,0,2025-08-10,1,ESPN,-1400.0,0.0
3B,S,Ronny Mauricio,Quinn Priester,R,8,NYM,MIL,away,7.35,NYM,677595.0,-435.0,-765.0,92.3,0,2025-08-10,0,ESPN,-1200.0,0.0
C,R,Francisco Alvarez,Quinn Priester,R,9,NYM,MIL,away,4.88,NYM,682626.0,-706.0,-894.0,94.1,0,2025-08-10,0,ESPN,-1600.0,0.0
3B,R,Caleb Durbin,Sean Manaea,L,1,NYM,MIL,home,5.36,MIL,702332.0,-635.0,-1865.0,96.2,0,2025-08-10,0,ESPN,-2500.0,0.0
C,R,William Contreras,Sean Manaea,L,2,NYM,MIL,home,4.98,MIL,661388.0,-687.0,-213.0,90.0,0,2025-08-10,1,ESPN,-900.0,0.0
1B,R,Andrew Vaughn,Sean Manaea,L,4,NYM,MIL,home,6.85,MIL,683734.0,-475.0,-175.0,86.7,0,2025-08-10,0,ESPN,-650.0,0.0
LF,S,Isaac Collins,Sean Manaea,L,5,NYM,MIL,home,5.65,MIL,686555.0,-594.0,-606.0,92.3,0,2025-08-10,1,ESPN,-1200.0,0.0
2B,L,Brice Turang,Sean Manaea,L,6,NYM,MIL,home,4.27,MIL,668930.0,-817.0,-2683.0,97.2,0,2025-08-10,0,ESPN,-3500.0,0.0
CF,S,Blake Perkins,Sean Manaea,L,7,NYM,MIL,home,6.08,MIL,663368.0,-545.0,-1955.0,96.2,0,2025-08-10,0,ESPN,-2500.0,0.0
SS,R,Joey Ortiz,Sean Manaea,L,9,NYM,MIL,home,4.35,MIL,687401.0,-801.0,-1699.0,96.2,0,2025-08-10,0,ESPN,-2500.0,0.0
SS,R,Trea Turner,Patrick Corbin,L,1,PHI,TEX,away,6.08,PHI,607208.0,-545.0,-355.0,90.0,0,2025-08-10,0,ESPN,-900.0,0.0
DH,L,Kyle Schwarber,Patrick Corbin,L,2,PHI,TEX,away,9.27,PHI,656941.0,-324.0,-66.0,79.6,0,2025-08-10,0,ESPN,-390.0,0.0
1B,L,Bryce Harper,Patrick Corbin,L,3,PHI,TEX,away,6.6,PHI,547180.0,-495.0,-55.0,84.6,0,2025-08-10,0,ESPN,-550.0,0.0
C,R,J.T. Realmuto,Patrick Corbin,L,4,PHI,TEX,away,6.29,PHI,592663.0,-525.0,-375.0,90.0,0,2025-08-10,0,ESPN,-900.0,0.0
RF,R,Nick Castellanos,Patrick Corbin,L,5,PHI,TEX,away,2.8,PHI,592206.0,-1308.0,308.0,90.9,1,2025-08-10,0,ESPN,-1000.0,1.0
CF,R,Harrison Bader,Patrick Corbin,L,6,PHI,TEX,away,6.76,PHI,664056.0,-481.0,-719.0,92.3,0,2025-08-10,0,ESPN,-1200.0,0.0
2B,R,Edmundo Sosa,Patrick Corbin,L,8,PHI,TEX,away,5.98,PHI,624641.0,-558.0,-1442.0,95.2,0,2025-08-10,1,ESPN,-2000.0,0.0
LF,R,Weston Wilson,Patrick Corbin,L,9,PHI,TEX,away,6.35,PHI,642215.0,-521.0,-1079.0,94.1,0,2025-08-10,0,ESPN,-1600.0,0.0
LF,L,Josh Smith,Zack Wheeler,R,1,PHI,TEX,home,5.47,TEX,669701.0,-619.0,-1381.0,95.2,0,2025-08-10,0,ESPN,-2000.0,0.0
SS,L,Corey Seager,Zack Wheeler,R,2,PHI,TEX,home,7.06,TEX,608369.0,-459.0,-141.0,85.7,0,2025-08-10,0,ESPN,-600.0,0.0
2B,R,Marcus Semien,Zack Wheeler,R,3,PHI,TEX,home,4.49,TEX,543760.0,-777.0,-423.0,92.3,0,2025-08-10,0,ESPN,-1200.0,0.0
RF,R,Adolis Garcia,Zack Wheeler,R,4,PHI,TEX,home,6.46,TEX,666969.0,-510.0,-290.0,88.9,0,2025-08-10,0,ESPN,-800.0,0.0
DH,L,Joc Pederson,Zack Wheeler,R,5,PHI,TEX,home,6.9,TEX,592626.0,-471.0,-529.0,90.9,0,2025-08-10,1,ESPN,-1000.0,0.0
CF,R,Wyatt Langford,Zack Wheeler,R,6,PHI,TEX,home,5.65,TEX,694671.0,-594.0,-806.0,93.3,0,2025-08-10,0,ESPN,-1400.0,0.0
1B,L,Rowdy Tellez,Zack Wheeler,R,8,PHI,TEX,home,6.69,TEX,642133.0,-488.0,-912.0,93.3,0,2025-08-10,0,ESPN,-1400.0,0.0
SS,L,CJ Abrams,Justin Verlander,R,1,WSH,SF,away,5.19,WSH,682928.0,-658.0,-942.0,94.1,0,2025-08-10,1,ESPN,-1600.0,0.0
LF,L,James Wood,Justin Verlander,R,2,WSH,SF,away,7.17,WSH,695578.0,-449.0,-301.0,88.2,0,2025-08-10,0,ESPN,-750.0,0.0
DH,S,Josh Bell,Justin Verlander,R,4,WSH,SF,away,5.13,WSH,605137.0,-669.0,-731.0,93.3,0,2025-08-10,0,ESPN,-1400.0,0.0
1B,L,Nathaniel Lowe,Justin Verlander,R,5,WSH,SF,away,4.26,WSH,663993.0,-826.0,-1174.0,95.2,0,2025-08-10,0,ESPN,-2000.0,0.0
3B,R,Brady House,Justin Verlander,R,6,WSH,SF,away,4.19,WSH,691781.0,-835.0,-1665.0,96.2,0,2025-08-10,0,ESPN,-2500.0,0.0
RF,L,Daylen Lile,Justin Verlander,R,7,WSH,SF,away,3.4,WSH,695734.0,-1063.0,-1737.0,96.6,0,2025-08-10,0,ESPN,-2800.0,0.0
CF,R,Jacob Young,Justin Verlander,R,9,WSH,SF,away,2.63,WSH,696285.0,-1393.0,-2607.0,97.6,0,2025-08-10,0,ESPN,-4000.0,0.0
LF,R,Heliot Ramos,MacKenzie Gore,L,1,WSH,SF,home,6.47,SF,671218.0,-510.0,-490.0,90.9,0,2025-08-10,0,ESPN,-1000.0,0.0
1B,L,Rafael Devers,MacKenzie Gore,L,2,WSH,SF,home,5.98,SF,646240.0,-558.0,-242.0,88.9,0,2025-08-10,0,ESPN,-800.0,0.0
SS,R,Willy Adames,MacKenzie Gore,L,3,WSH,SF,home,6.41,SF,642715.0,-513.0,-387.0,90.0,0,2025-08-10,0,ESPN,-900.0,0.0
3B,R,Matt Chapman,MacKenzie Gore,L,4,WSH,SF,home,6.1,SF,656305.0,-545.0,-205.0,88.2,0,2025-08-10,0,ESPN,-750.0,0.0
DH,R,Wilmer Flores,MacKenzie Gore,L,5,WSH,SF,home,4.89,SF,527038.0,-706.0,-894.0,94.1,0,2025-08-10,0,ESPN,-1600.0,0.0
2B,R,Casey Schmitt,MacKenzie Gore,L,6,WSH,SF,home,5.54,SF,669477.0,-609.0,-991.0,94.1,0,2025-08-10,0,ESPN,-1600.0,0.0
CF,L,Jung Hoo Lee,MacKenzie Gore,L,7,WSH,SF,home,3.27,SF,808982.0,-1105.0,-1695.0,96.6,0,2025-08-10,0,ESPN,-2800.0,0.0
C,S,Patrick Bailey,MacKenzie Gore,L,8,WSH,SF,home,4.5,SF,672275.0,-777.0,-1723.0,96.2,0,2025-08-10,0,ESPN,-2500.0,0.0
CF,L,Chandler Simpson,Bryan Woo,R,1,TB,SEA,away,2.64,TB,802415.0,-1393.0,-2607.0,97.6,0,2025-08-10,0,ESPN,-4000.0,0.0
1B,L,Brandon Lowe,Bryan Woo,R,2,TB,SEA,away,6.22,TB,664040.0,-533.0,-117.0,86.7,0,2025-08-10,0,ESPN,-650.0,0.0
DH,R,Yandy Diaz,Bryan Woo,R,3,TB,SEA,away,4.41,TB,650490.0,-793.0,-107.0,90.0,0,2025-08-10,0,ESPN,-900.0,0.0
3B,R,Junior Caminero,Bryan Woo,R,4,TB,SEA,away,6.4,TB,691406.0,-513.0,-87.0,85.7,0,2025-08-10,0,ESPN,-600.0,0.0
RF,L,Josh Lowe,Bryan Woo,R,5,TB,SEA,away,5.28,TB,666139.0,-646.0,-1354.0,95.2,0,2025-08-10,0,ESPN,-2000.0,0.0
2B,R,Ha-Seong Kim,Bryan Woo,R,6,TB,SEA,away,5.18,TB,673490.0,-658.0,-1842.0,96.2,0,2025-08-10,1,ESPN,-2500.0,0.0
LF,S,Jake Mangum,Bryan Woo,R,7,TB,SEA,away,3.57,TB,663968.0,-999.0,-2501.0,97.2,0,2025-08-10,0,ESPN,-3500.0,0.0
LF,R,Randy Arozarena,Adrian Houser,R,1,TB,SEA,home,5.75,SEA,668227.0,-585.0,-65.0,86.7,0,2025-08-10,0,ESPN,-650.0,0.0
C,S,Cal Raleigh,Adrian Houser,R,2,TB,SEA,home,8.73,SEA,663728.0,-350.0,0.0,77.8,0,2025-08-10,1,ESPN,-350.0,0.0
CF,R,Julio Rodriguez,Adrian Houser,R,3,TB,SEA,home,5.48,SEA,677594.0,-619.0,-581.0,92.3,0,2025-08-10,0,ESPN,-1200.0,0.0
1B,L,Josh Naylor,Adrian Houser,R,4,TB,SEA,home,2.57,SEA,647304.0,-1438.0,38.0,93.3,0,2025-08-10,1,ESPN,-1400.0,0.0
3B,R,Eugenio Suarez,Adrian Houser,R,5,TB,SEA,home,6.85,SEA,553993.0,-475.0,-75.0,84.6,0,2025-08-10,0,ESPN,-550.0,0.0
DH,S,Jorge Polanco,Adrian Houser,R,6,TB,SEA,home,5.55,SEA,593871.0,-609.0,-591.0,92.3,0,2025-08-10,0,ESPN,-1200.0,0.0
RF,L,Dominic Canzone,Adrian Houser,R,7,TB,SEA,home,5.93,SEA,686527.0,-562.0,-838.0,93.3,0,2025-08-10,0,ESPN,-1400.0,0.0
SS,L,J.P. Crawford,Adrian Houser,R,8,TB,SEA,home,4.16,SEA,641487.0,-843.0,-1957.0,96.6,0,2025-08-10,0,ESPN,-2800.0,0.0
RF,L,Nathan Lukes,Tyler Glasnow,R,1,TOR,LAD,away,6.66,TOR,664770.0,-492.0,-908.0,93.3,0,2025-08-10,0,ESPN,-1400.0,0.0
LF,L,Joey Loperfido,Tyler Glasnow,R,2,TOR,LAD,away,7.14,TOR,694388.0,-449.0,-1551.0,95.2,0,2025-08-10,0,ESPN,-2000.0,0.0
1B,R,Vladimir Guerrero,Tyler Glasnow,R,3,TOR,LAD,away,6.73,TOR,665489.0,-485.0,-165.0,86.7,0,2025-08-10,1,ESPN,-650.0,0.0
SS,R,Bo Bichette,Tyler Glasnow,R,4,TOR,LAD,away,4.7,TOR,666182.0,-740.0,-60.0,88.9,0,2025-08-10,0,ESPN,-800.0,0.0
3B,L,Addison Barger,Tyler Glasnow,R,5,TOR,LAD,away,6.74,TOR,680718.0,-485.0,-165.0,86.7,0,2025-08-10,1,ESPN,-650.0,0.0
C,R,Alejandro Kirk,Tyler Glasnow,R,6,TOR,LAD,away,5.26,TOR,672386.0,-646.0,-354.0,90.9,0,2025-08-10,0,ESPN,-1000.0,0.0
DH,R,Ty France,Tyler Glasnow,R,7,TOR,LAD,away,5.43,TOR,664034.0,-625.0,-975.0,94.1,0,2025-08-10,0,ESPN,-1600.0,0.0
CF,L,Daulton Varsho,Tyler Glasnow,R,8,TOR,LAD,away,7.67,TOR,662139.0,-413.0,-287.0,87.5,0,2025-08-10,0,ESPN,-700.0,0.0
2B,R,Ernie Clement,Tyler Glasnow,R,9,TOR,LAD,away,3.64,TOR,676391.0,-975.0,-1825.0,96.6,0,2025-08-10,1,ESPN,-2800.0,0.0
DH,L,Shohei Ohtani,Eric Lauer,L,1,TOR,LAD,home,5.31,LAD,660271.0,-641.0,431.0,67.7,0,2025-08-10,1,ESPN,-210.0,0.0
SS,R,Mookie Betts,Eric Lauer,L,2,TOR,LAD,home,5.47,LAD,605141.0,-619.0,69.0,84.6,0,2025-08-10,0,ESPN,-550.0,0.0
C,R,Will Smith,Eric Lauer,L,3,TOR,LAD,home,7.4,LAD,669257.0,-432.0,-18.0,81.8,0,2025-08-10,0,ESPN,-450.0,0.0
1B,L,Freddie Freeman,Eric Lauer,L,4,TOR,LAD,home,5.27,LAD,518692.0,-646.0,-54.0,87.5,0,2025-08-10,1,ESPN,-700.0,0.0
RF,R,Teoscar Hernandez,Eric Lauer,L,5,TOR,LAD,home,7.0,LAD,606192.0,-462.0,62.0,80.0,0,2025-08-10,0,ESPN,-400.0,0.0
CF,R,Andy Pages,Eric Lauer,L,6,TOR,LAD,home,5.45,LAD,681624.0,-619.0,-31.0,86.7,0,2025-08-10,0,ESPN,-650.0,0.0
2B,R,Miguel Rojas,Eric Lauer,L,7,TOR,LAD,home,4.98,LAD,500743.0,-687.0,-913.0,94.1,0,2025-08-10,0,ESPN,-1600.0,0.0
LF,R,Alex Call,Eric Lauer,L,8,TOR,LAD,home,4.7,LAD,669743.0,-740.0,-1260.0,95.2,0,2025-08-10,0,ESPN,-2000.0,0.0
3B,S,Alex Freeland,Eric Lauer,L,9,TOR,LAD,home,5.74,LAD,690976.0,-585.0,-815.0,93.3,0,2025-08-10,0,ESPN,-1400.0,0.0
LF,L,Roman Anthony,Dylan Cease,R,1,BOS,SD,away,6.67,BOS,701350.0,-488.0,-912.0,93.3,0,2025-08-10,0,ESPN,-1400.0,0.0
3B,R,Alex Bregman,Dylan Cease,R,2,BOS,SD,away,5.77,BOS,608324.0,-580.0,-120.0,87.5,0,2025-08-10,0,ESPN,-700.0,0.0
SS,R,Trevor Story,Dylan Cease,R,3,BOS,SD,away,6.28,BOS,596115.0,-525.0,-375.0,90.0,0,2025-08-10,0,ESPN,-900.0,0.0
CF,L,Jarren Duran,Dylan Cease,R,4,BOS,SD,away,6.76,BOS,680776.0,-481.0,-319.0,88.9,0,2025-08-10,0,ESPN,-800.0,0.0
RF,L,Wilyer Abreu,Dylan Cease,R,5,BOS,SD,away,7.68,BOS,677800.0,-413.0,-287.0,87.5,0,2025-08-10,0,ESPN,-700.0,0.0
DH,L,Masataka Yoshida,Dylan Cease,R,6,BOS,SD,away,5.83,BOS,807799.0,-576.0,-1424.0,95.2,0,2025-08-10,0,ESPN,-2000.0,0.0
1B,S,Abraham Toro,Dylan Cease,R,8,BOS,SD,away,5.44,BOS,647351.0,-625.0,-1375.0,95.2,0,2025-08-10,0,ESPN,-2000.0,0.0
2B,R,Ceddanne Rafaela,Dylan Cease,R,9,BOS,SD,away,5.24,BOS,678882.0,-652.0,-1348.0,95.2,0,2025-08-10,0,ESPN,-2000.0,0.0
RF,R,Fernando Tatis,Brayan Bello,R,1,BOS,SD,home,6.24,SD,665487.0,-529.0,-171.0,87.5,0,2025-08-10,0,ESPN,-700.0,0.0
DH,L,Luis Arraez,Brayan Bello,R,2,BOS,SD,home,3.85,SD,650333.0,-920.0,-2580.0,97.2,0,2025-08-10,0,ESPN,-3500.0,0.0
3B,R,Manny Machado,Brayan Bello,R,3,BOS,SD,home,5.47,SD,592518.0,-619.0,-81.0,87.5,0,2025-08-10,0,ESPN,-700.0,0.0
CF,L,Jackson Merrill,Brayan Bello,R,4,BOS,SD,home,6.3,SD,701538.0,-525.0,-675.0,92.3,0,2025-08-10,0,ESPN,-1200.0,0.0
SS,R,Xander Bogaerts,Brayan Bello,R,5,BOS,SD,home,3.69,SD,593428.0,-964.0,-1036.0,95.2,0,2025-08-10,0,ESPN,-2000.0,0.0
1B,L,Ryan O'Hearn,Brayan Bello,R,6,BOS,SD,home,5.59,SD,656811.0,-604.0,-396.0,90.9,0,2025-08-10,0,ESPN,-1000.0,0.0
LF,R,Ramon Laureano,Brayan Bello,R,7,BOS,SD,home,5.76,SD,657656.0,-585.0,-615.0,92.3,0,2025-08-10,0,ESPN,-1200.0,0.0
2B,L,Jake Cronenworth,Brayan Bello,R,8,BOS,SD,home,5.85,SD,630105.0,-571.0,-1429.0,95.2,0,2025-08-10,0,ESPN,-2000.0,0.0
C,R,Freddy Fermin,Brayan Bello,R,9,BOS,SD,home,3.98,SD,666023.0,-890.0,-1910.0,96.6,0,2025-08-10,0,ESPN,-2800.0,0.0
SS,R,Ezequiel Tovar,Brandon Pfaadt,R,2,COL,ARI,away,5.39,COL,678662.0,-630.0,-770.0,93.3,0,2025-08-10,0,ESPN,-1400.0,0.0
C,R,Hunter Goodman,Brandon Pfaadt,R,3,COL,ARI,away,6.46,COL,696100.0,-510.0,-190.0,87.5,0,2025-08-10,0,ESPN,-700.0,0.0
RF,L,Mickey Moniak,Brandon Pfaadt,R,5,COL,ARI,away,5.97,COL,666160.0,-558.0,-342.0,90.0,0,2025-08-10,0,ESPN,-900.0,0.0
1B,R,Warming Bernabel,Brandon Pfaadt,R,6,COL,ARI,away,5.64,COL,682653.0,-599.0,-1001.0,94.1,0,2025-08-10,0,ESPN,-1600.0,0.0
2B,S,Adael Amador,Brandon Pfaadt,R,9,COL,ARI,away,5.85,COL,691182.0,-571.0,-2229.0,96.6,0,2025-08-10,0,ESPN,-2800.0,0.0
RF,L,Corbin Carroll,Tanner Gordon,R,1,COL,ARI,home,7.19,ARI,682998.0,-446.0,96.0,77.8,0,2025-08-10,0,ESPN,-350.0,0.0
2B,S,Ketel Marte,Tanner Gordon,R,2,COL,ARI,home,6.48,ARI,606466.0,-506.0,6.0,83.3,0,2025-08-10,0,ESPN,-500.0,0.0
SS,S,Geraldo Perdomo,Tanner Gordon,R,3,COL,ARI,home,3.96,ARI,672695.0,-890.0,-310.0,92.3,0,2025-08-10,0,ESPN,-1200.0,0.0
LF,R,Lourdes Gurriel,Tanner Gordon,R,4,COL,ARI,home,3.84,ARI,666971.0,-920.0,170.0,88.2,1,2025-08-10,0,ESPN,-750.0,1.33
DH,L,Adrian Del Castillo,Tanner Gordon,R,5,COL,ARI,home,6.1,ARI,680728.0,-545.0,-255.0,88.9,0,2025-08-10,1,ESPN,-800.0,0.0
1B,R,Tyler Locklear,Tanner Gordon,R,6,COL,ARI,home,5.51,ARI,682988.0,-614.0,-286.0,90.0,0,2025-08-10,0,ESPN,-900.0,0.0
CF,L,Alek Thomas,Tanner Gordon,R,7,COL,ARI,home,5.31,ARI,677950.0,-641.0,-359.0,90.9,0,2025-08-10,0,ESPN,-1000.0,0.0
C,R,James McCann,Tanner Gordon,R,8,COL,ARI,home,4.82,ARI,543510.0,-713.0,-887.0,94.1,0,2025-08-10,0,ESPN,-1600.0,0.0
3B,R,Blaze Alexander,Tanner Gordon,R,9,COL,ARI,home,4.62,ARI,677942.0,-755.0,-645.0,93.3,0,2025-08-10,0,ESPN,-1400.0,0.0
1B,L,Michael Busch,Sonny Gray,R,1,CHC,STL,away,8.22,CHC,683737.0,-378.0,-422.0,88.9,0,2025-08-10,0,ESPN,-800.0,0.0
RF,L,Kyle Tucker,Sonny Gray,R,2,CHC,STL,away,6.5,CHC,663656.0,-506.0,-144.0,86.7,0,2025-08-10,0,ESPN,-650.0,0.0
DH,R,Seiya Suzuki,Sonny Gray,R,3,CHC,STL,away,7.07,CHC,673548.0,-456.0,-144.0,85.7,0,2025-08-10,0,ESPN,-600.0,0.0
CF,L,Pete Crow-Armstrong,Sonny Gray,R,4,CHC,STL,away,7.33,CHC,691718.0,-438.0,-262.0,87.5,0,2025-08-10,0,ESPN,-700.0,0.0
C,R,Carson Kelly,Sonny Gray,R,5,CHC,STL,away,2.59,CHC,608348.0,-1415.0,415.0,90.9,1,2025-08-10,0,ESPN,-1000.0,1.0
LF,S,Ian Happ,Sonny Gray,R,6,CHC,STL,away,3.16,CHC,664023.0,-1150.0,250.0,90.0,1,2025-08-10,0,ESPN,-900.0,1.11
SS,R,Dansby Swanson,Sonny Gray,R,7,CHC,STL,away,5.3,CHC,621020.0,-641.0,-1359.0,95.2,0,2025-08-10,0,ESPN,-2000.0,0.0
2B,R,Nico Hoerner,Sonny Gray,R,8,CHC,STL,away,3.62,CHC,663538.0,-987.0,-3013.0,97.6,0,2025-08-10,0,ESPN,-4000.0,0.0
DH,R,Ivan Herrera,Shota Imanaga,L,2,CHC,STL,home,6.99,STL,671056.0,-462.0,-338.0,88.9,0,2025-08-10,0,ESPN,-800.0,0.0
RF,L,Alec Burleson,Shota Imanaga,L,4,CHC,STL,home,4.69,STL,676475.0,-740.0,-460.0,92.3,0,2025-08-10,0,ESPN,-1200.0,0.0
SS,R,Masyn Winn,Shota Imanaga,L,6,CHC,STL,home,5.26,STL,691026.0,-646.0,-554.0,92.3,0,2025-08-10,0,ESPN,-1200.0,0.0
C,R,Pedro Pages,Shota Imanaga,L,8,CHC,STL,home,4.91,STL,686780.0,-700.0,-500.0,92.3,0,2025-08-10,1,ESPN,-1200.0,0.0
SS,R,Trea Turner,Andrew Abbott,L,1,PHI,CIN,away,6.25,PHI,607208.0,-548.0,-77.0,86.2,0,2025-08-11,0,MGM,-625.0,0.0
DH,L,Kyle Schwarber,Andrew Abbott,L,2,PHI,CIN,away,10.26,PHI,656941.0,-293.0,93.0,66.7,0,2025-08-11,1,MGM,-200.0,0.0
1B,L,Bryce Harper,Andrew Abbott,L,3,PHI,CIN,away,8.02,PHI,547180.0,-403.0,28.0,78.9,0,2025-08-11,0,MGM,-375.0,0.0
C,R,J.T. Realmuto,Andrew Abbott,L,4,PHI,CIN,away,6.62,PHI,592663.0,-512.0,-88.0,85.7,0,2025-08-11,0,MGM,-600.0,0.0
RF,R,Nick Castellanos,Andrew Abbott,L,5,PHI,CIN,away,6.27,PHI,592206.0,-544.0,19.0,84.0,0,2025-08-11,0,MGM,-525.0,0.0
CF,R,Harrison Bader,Andrew Abbott,L,6,PHI,CIN,away,7.31,PHI,664056.0,-453.0,-297.0,88.2,0,2025-08-11,0,MGM,-750.0,0.0
2B,R,Edmundo Sosa,Andrew Abbott,L,7,PHI,CIN,away,6.49,PHI,624641.0,-524.0,-476.0,90.9,0,2025-08-11,0,MGM,-1000.0,0.0
3B,R,Otto Kemp,Andrew Abbott,L,8,PHI,CIN,away,8.17,PHI,805249.0,-394.0,-356.0,88.2,0,2025-08-11,0,MGM,-750.0,0.0
LF,R,Weston Wilson,Andrew Abbott,L,9,PHI,CIN,away,6.73,PHI,642215.0,-501.0,-499.0,90.9,0,2025-08-11,0,MGM,-1000.0,0.0
CF,L,TJ Friedl,Taijuan Walker,R,1,PHI,CIN,home,6.27,CIN,670770.0,-544.0,-206.0,88.2,0,2025-08-11,0,MGM,-750.0,0.0
2B,R,Matt McLain,Taijuan Walker,R,2,PHI,CIN,home,6.28,CIN,680574.0,-544.0,-81.0,86.2,0,2025-08-11,0,MGM,-625.0,0.0
SS,S,Elly De La Cruz,Taijuan Walker,R,3,PHI,CIN,home,8.55,CIN,682829.0,-373.0,-77.0,81.8,0,2025-08-11,0,MGM,-450.0,0.0
DH,L,Gavin Lux,Taijuan Walker,R,5,PHI,CIN,home,5.42,CIN,666158.0,-647.0,-253.0,90.0,0,2025-08-11,0,MGM,-900.0,0.0
1B,R,Spencer Steer,Taijuan Walker,R,6,PHI,CIN,home,5.0,CIN,668715.0,-708.0,8.0,87.5,0,2025-08-11,0,MGM,-700.0,0.0
RF,R,Noelvi Marte,Taijuan Walker,R,7,PHI,CIN,home,5.51,CIN,682622.0,-636.0,11.0,86.2,0,2025-08-11,0,MGM,-625.0,0.0
C,R,Tyler Stephenson,Taijuan Walker,R,8,PHI,CIN,home,5.72,CIN,663886.0,-609.0,-16.0,86.2,0,2025-08-11,0,MGM,-625.0,0.0
3B,R,Ke'Bryan Hayes,Taijuan Walker,R,9,PHI,CIN,home,4.02,CIN,663647.0,-914.0,-486.0,93.3,0,2025-08-11,0,MGM,-1400.0,0.0
1B,L,Kody Clemens,Will Warren,R,2,MIN,NYY,away,8.33,MIN,665019.0,-385.0,-15.0,80.0,0,2025-08-11,0,MGM,-400.0,0.0
C,R,Ryan Jeffers,Will Warren,R,3,MIN,NYY,away,6.36,MIN,680777.0,-536.0,-214.0,88.2,0,2025-08-11,0,MGM,-750.0,0.0
2B,R,Luke Keaschall,Will Warren,R,4,MIN,NYY,away,3.56,MIN,807712.0,-1044.0,-56.0,91.7,0,2025-08-11,0,MGM,-1100.0,0.0
3B,R,Royce Lewis,Will Warren,R,5,MIN,NYY,away,6.29,MIN,668904.0,-544.0,-56.0,85.7,0,2025-08-11,0,MGM,-600.0,0.0
RF,L,Trevor Larnach,Will Warren,R,7,MIN,NYY,away,3.18,MIN,663616.0,-1177.0,377.0,88.9,1,2025-08-11,1,MGM,-800.0,-10.0
SS,S,Brooks Lee,Will Warren,R,8,MIN,NYY,away,5.6,MIN,686797.0,-625.0,-375.0,90.9,0,2025-08-11,0,MGM,-1000.0,0.0
CF,L,Trent Grisham,Zebby Matthews,R,1,MIN,NYY,home,8.92,NYY,663757.0,-352.0,2.0,77.8,0,2025-08-11,0,MGM,-350.0,0.0
1B,L,Ben Rice,Zebby Matthews,R,2,MIN,NYY,home,8.16,NYY,700250.0,-394.0,-81.0,82.6,0,2025-08-11,1,ESPN,-475.0,0.0
DH,R,Aaron Judge,Zebby Matthews,R,3,MIN,NYY,home,9.82,NYY,592450.0,-310.0,100.0,67.7,0,2025-08-11,0,MGM,-210.0,0.0
RF,L,Cody Bellinger,Zebby Matthews,R,4,MIN,NYY,home,6.62,NYY,641355.0,-512.0,62.0,81.8,0,2025-08-11,1,MGM,-450.0,0.0
2B,L,Jazz Chisholm,Zebby Matthews,R,5,MIN,NYY,home,9.01,NYY,665862.0,-348.0,-2.0,77.8,0,2025-08-11,1,MGM,-350.0,0.0
SS,R,Anthony Volpe,Zebby Matthews,R,7,MIN,NYY,home,5.15,NYY,683011.0,-688.0,-62.0,88.2,0,2025-08-11,0,MGM,-750.0,0.0
3B,L,Ryan McMahon,Zebby Matthews,R,8,MIN,NYY,home,7.71,NYY,641857.0,-424.0,-126.0,84.6,0,2025-08-11,0,MGM,-550.0,0.0
DH,R,Jahmai Jones,Tyler Alexander,L,1,DET,CWS,away,6.52,DET,663330.0,-520.0,-180.0,87.5,0,2025-08-11,0,MGM,-700.0,0.0
2B,R,Gleyber Torres,Tyler Alexander,L,2,DET,CWS,away,5.29,DET,650402.0,-665.0,-35.0,87.5,0,2025-08-11,0,MGM,-700.0,0.0
LF,L,Riley Greene,Tyler Alexander,L,3,DET,CWS,away,6.68,DET,682985.0,-505.0,-45.0,84.6,0,2025-08-11,0,MGM,-550.0,0.0
1B,R,Spencer Torkelson,Tyler Alexander,L,4,DET,CWS,away,6.22,DET,679529.0,-553.0,103.0,81.8,0,2025-08-11,1,MGM,-450.0,0.0
3B,R,Andy Ibanez,Tyler Alexander,L,5,DET,CWS,away,5.02,DET,628451.0,-707.0,-293.0,90.9,0,2025-08-11,0,MGM,-1000.0,0.0
C,R,Dillon Dingler,Tyler Alexander,L,6,DET,CWS,away,4.51,DET,693307.0,-796.0,-4.0,88.9,0,2025-08-11,0,MGM,-800.0,0.0
RF,S,Wenceel Perez,Tyler Alexander,L,7,DET,CWS,away,4.73,DET,672761.0,-757.0,-43.0,88.9,0,2025-08-11,0,MGM,-800.0,0.0
SS,L,Zach McKinstry,Tyler Alexander,L,8,DET,CWS,away,3.75,DET,656716.0,-982.0,-618.0,94.1,0,2025-08-11,0,MGM,-1600.0,0.0
CF,R,Javier Baez,Tyler Alexander,L,9,DET,CWS,away,3.8,DET,595879.0,-970.0,-30.0,90.9,0,2025-08-11,0,MGM,-1000.0,0.0
RF,L,Mike Tauchman,Chris Paddack,R,1,DET,CWS,home,6.48,CWS,643565.0,-524.0,-126.0,86.7,0,2025-08-11,0,MGM,-650.0,0.0
2B,R,Lenyn Sosa,Chris Paddack,R,2,DET,CWS,home,5.68,CWS,672820.0,-614.0,-36.0,86.7,0,2025-08-11,0,MGM,-650.0,0.0
DH,L,Andrew Benintendi,Chris Paddack,R,3,DET,CWS,home,7.12,CWS,643217.0,-469.0,-131.0,85.7,0,2025-08-11,0,MGM,-600.0,0.0
CF,R,Luis Robert,Chris Paddack,R,4,DET,CWS,home,6.87,CWS,673357.0,-490.0,-110.0,85.7,0,2025-08-11,0,MGM,-600.0,0.0
SS,L,Colson Montgomery,Chris Paddack,R,5,DET,CWS,home,8.49,CWS,695657.0,-375.0,-250.0,86.2,0,2025-08-11,1,MGM,-625.0,0.0
1B,R,Curtis Mead,Chris Paddack,R,6,DET,CWS,home,6.4,CWS,678554.0,-532.0,-468.0,90.9,0,2025-08-11,0,MGM,-1000.0,0.0
C,L,Kyle Teel,Chris Paddack,R,7,DET,CWS,home,7.63,CWS,691019.0,-429.0,-571.0,90.9,0,2025-08-11,0,MGM,-1000.0,0.0
LF,R,Michael A. Taylor,Chris Paddack,R,8,DET,CWS,home,6.43,CWS,572191.0,-528.0,-372.0,90.0,0,2025-08-11,0,MGM,-900.0,0.0
3B,S,Brooks Baldwin,Chris Paddack,R,9,DET,CWS,home,6.06,CWS,681460.0,-570.0,-330.0,90.0,0,2025-08-11,0,MGM,-900.0,0.0
LF,L,James Wood,Bailey Falter,L,1,WSH,KC,away,6.24,WSH,695578.0,-548.0,-252.0,88.9,0,2025-08-11,0,MGM,-800.0,0.0
SS,L,CJ Abrams,Bailey Falter,L,2,WSH,KC,away,4.99,WSH,682928.0,-714.0,-686.0,93.3,0,2025-08-11,0,MGM,-1400.0,0.0
2B,R,Paul DeJong,Bailey Falter,L,3,WSH,KC,away,6.86,WSH,657557.0,-490.0,-210.0,87.5,0,2025-08-11,1,MGM,-700.0,0.0
1B,L,Nathaniel Lowe,Bailey Falter,L,4,WSH,KC,away,3.82,WSH,663993.0,-959.0,-241.0,92.3,0,2025-08-11,0,MGM,-1200.0,0.0
DH,S,Josh Bell,Bailey Falter,L,5,WSH,KC,away,5.84,WSH,605137.0,-594.0,-306.0,90.0,0,2025-08-11,1,MGM,-900.0,0.0
C,R,Riley Adams,Bailey Falter,L,6,WSH,KC,away,8.38,WSH,656180.0,-382.0,-418.0,88.9,0,2025-08-11,0,MGM,-800.0,0.0
3B,R,Brady House,Bailey Falter,L,8,WSH,KC,away,5.65,WSH,691781.0,-619.0,-481.0,91.7,0,2025-08-11,0,MGM,-1100.0,0.0
CF,R,Jacob Young,Bailey Falter,L,9,WSH,KC,away,3.76,WSH,696285.0,-982.0,-4018.0,98.0,0,2025-08-11,0,ESPN,-5000.0,0.0
DH,R,Andrew McCutchen,Jose Quintana,L,2,PIT,MIL,away,6.64,PIT,457705.0,-509.0,-291.0,88.9,0,2025-08-11,0,MGM,-800.0,0.0
RF,S,Bryan Reynolds,Jose Quintana,L,3,PIT,MIL,away,5.84,PIT,668804.0,-594.0,-306.0,90.0,0,2025-08-11,0,MGM,-900.0,0.0
2B,R,Nick Gonzales,Jose Quintana,L,4,PIT,MIL,away,5.78,PIT,693304.0,-599.0,-601.0,92.3,0,2025-08-11,0,MGM,-1200.0,0.0
LF,R,Tommy Pham,Jose Quintana,L,6,PIT,MIL,away,5.09,PIT,502054.0,-695.0,-405.0,91.7,0,2025-08-11,0,MGM,-1100.0,0.0
SS,R,Jared Triolo,Jose Quintana,L,8,PIT,MIL,away,5.54,PIT,669707.0,-630.0,-970.0,94.1,0,2025-08-11,0,MGM,-1600.0,0.0
3B,R,Isiah Kiner-Falefa,Jose Quintana,L,9,PIT,MIL,away,4.44,PIT,643396.0,-812.0,-1688.0,96.2,0,2025-08-11,0,MGM,-2500.0,0.0
3B,R,Caleb Durbin,Andrew Heaney,L,1,PIT,MIL,home,5.57,MIL,702332.0,-629.0,-171.0,88.9,0,2025-08-11,0,MGM,-800.0,0.0
DH,R,William Contreras,Andrew Heaney,L,2,PIT,MIL,home,5.46,MIL,661388.0,-641.0,141.0,83.3,0,2025-08-11,0,MGM,-500.0,0.0
LF,L,Christian Yelich,Andrew Heaney,L,3,PIT,MIL,home,5.29,MIL,592885.0,-665.0,15.0,86.7,0,2025-08-11,1,MGM,-650.0,0.0
1B,R,Andrew Vaughn,Andrew Heaney,L,4,PIT,MIL,home,7.36,MIL,683734.0,-450.0,50.0,80.0,0,2025-08-11,0,MGM,-400.0,0.0
RF,S,Isaac Collins,Andrew Heaney,L,5,PIT,MIL,home,5.45,MIL,686555.0,-641.0,-9.0,86.7,0,2025-08-11,0,MGM,-650.0,0.0
2B,L,Brice Turang,Andrew Heaney,L,6,PIT,MIL,home,3.98,MIL,668930.0,-915.0,-185.0,91.7,0,2025-08-11,1,MGM,-1100.0,0.0
SS,R,Joey Ortiz,Andrew Heaney,L,9,PIT,MIL,home,4.49,MIL,687401.0,-804.0,-196.0,90.9,0,2025-08-11,0,MGM,-1000.0,0.0
DH,R,Tyler Freeman,Miles Mikolas,R,1,COL,STL,away,4.28,COL,671289.0,-848.0,-752.0,94.1,0,2025-08-11,0,MGM,-1600.0,0.0
SS,R,Ezequiel Tovar,Miles Mikolas,R,2,COL,STL,away,5.88,COL,678662.0,-589.0,-161.0,88.2,0,2025-08-11,0,MGM,-750.0,0.0
C,R,Hunter Goodman,Miles Mikolas,R,3,COL,STL,away,6.41,COL,696100.0,-532.0,32.0,83.3,0,2025-08-11,0,MGM,-500.0,0.0
LF,R,Jordan Beck,Miles Mikolas,R,4,COL,STL,away,5.11,COL,687597.0,-694.0,-306.0,90.9,0,2025-08-11,0,MGM,-1000.0,0.0
RF,L,Mickey Moniak,Miles Mikolas,R,5,COL,STL,away,6.39,COL,666160.0,-532.0,-68.0,85.7,0,2025-08-11,0,MGM,-600.0,0.0
1B,R,Warming Bernabel,Miles Mikolas,R,6,COL,STL,away,5.99,COL,682653.0,-575.0,-425.0,90.9,0,2025-08-11,0,MGM,-1000.0,0.0
CF,R,Brenton Doyle,Miles Mikolas,R,7,COL,STL,away,5.34,COL,686668.0,-658.0,-442.0,91.7,0,2025-08-11,0,MGM,-1100.0,0.0
2B,S,Adael Amador,Miles Mikolas,R,9,COL,STL,away,5.86,COL,691182.0,-590.0,-1410.0,95.2,0,2025-08-11,0,MGM,-2000.0,0.0
RF,L,Corbin Carroll,Nathan Eovaldi,R,1,ARI,TEX,away,8.25,ARI,682998.0,-390.0,-10.0,80.0,0,2025-08-11,1,MGM,-400.0,0.0
2B,S,Ketel Marte,Nathan Eovaldi,R,2,ARI,TEX,away,7.59,ARI,606466.0,-432.0,-168.0,85.7,0,2025-08-11,0,MGM,-600.0,0.0
SS,S,Geraldo Perdomo,Nathan Eovaldi,R,3,ARI,TEX,away,4.27,ARI,672695.0,-848.0,-552.0,93.3,0,2025-08-11,1,MGM,-1400.0,0.0
LF,R,Lourdes Gurriel,Nathan Eovaldi,R,4,ARI,TEX,away,4.76,ARI,666971.0,-750.0,-250.0,90.9,0,2025-08-11,0,MGM,-1000.0,0.0
DH,L,Adrian Del Castillo,Nathan Eovaldi,R,5,ARI,TEX,away,6.88,ARI,680728.0,-487.0,-313.0,88.9,0,2025-08-11,0,MGM,-800.0,0.0
1B,R,Tyler Locklear,Nathan Eovaldi,R,6,ARI,TEX,away,6.04,ARI,682988.0,-570.0,-1430.0,95.2,0,2025-08-11,1,MGM,-2000.0,0.0
CF,L,Alek Thomas,Nathan Eovaldi,R,7,ARI,TEX,away,6.19,ARI,677950.0,-553.0,-647.0,92.3,0,2025-08-11,0,MGM,-1200.0,0.0
3B,R,Blaze Alexander,Nathan Eovaldi,R,9,ARI,TEX,away,4.92,ARI,677942.0,-721.0,-1779.0,96.2,0,2025-08-11,1,MGM,-2500.0,0.0
LF,L,Josh Smith,Ryne Nelson,R,1,ARI,TEX,home,5.18,TEX,669701.0,-682.0,-318.0,90.9,0,2025-08-11,0,MGM,-1000.0,0.0
SS,L,Corey Seager,Ryne Nelson,R,2,ARI,TEX,home,7.45,TEX,608369.0,-442.0,67.0,78.9,0,2025-08-11,0,MGM,-375.0,0.0
2B,R,Marcus Semien,Ryne Nelson,R,3,ARI,TEX,home,4.62,TEX,543760.0,-780.0,80.0,87.5,0,2025-08-11,0,MGM,-700.0,0.0
DH,L,Joc Pederson,Ryne Nelson,R,4,ARI,TEX,home,6.9,TEX,592626.0,-486.0,-39.0,84.0,0,2025-08-11,0,MGM,-525.0,0.0
RF,R,Adolis Garcia,Ryne Nelson,R,5,ARI,TEX,home,6.1,TEX,666969.0,-566.0,66.0,83.3,0,2025-08-11,0,MGM,-500.0,0.0
CF,R,Wyatt Langford,Ryne Nelson,R,6,ARI,TEX,home,5.91,TEX,694671.0,-585.0,-15.0,85.7,0,2025-08-11,1,MGM,-600.0,0.0
1B,L,Rowdy Tellez,Ryne Nelson,R,7,ARI,TEX,home,6.18,TEX,642133.0,-557.0,-93.0,86.7,0,2025-08-11,1,MGM,-650.0,0.0
3B,R,Josh Jung,Ryne Nelson,R,8,ARI,TEX,home,4.47,TEX,673962.0,-805.0,-195.0,90.9,0,2025-08-11,0,MGM,-1000.0,0.0
SS,R,Jeremy Pena,Garrett Crochet,L,1,BOS,HOU,home,5.6,HOU,665161.0,-625.0,-1375.0,95.2,0,2025-08-11,0,MGM,-2000.0,0.0
LF,R,Jose Altuve,Garrett Crochet,L,2,BOS,HOU,home,5.96,HOU,514888.0,-579.0,-421.0,90.9,0,2025-08-11,0,MGM,-1000.0,0.0
3B,R,Carlos Correa,Garrett Crochet,L,3,BOS,HOU,home,5.62,HOU,621043.0,-620.0,-380.0,90.9,0,2025-08-11,0,MGM,-1000.0,0.0
1B,R,Christian Walker,Garrett Crochet,L,4,BOS,HOU,home,6.39,HOU,572233.0,-532.0,-268.0,88.9,0,2025-08-11,0,MGM,-800.0,0.0
C,R,Yainer Diaz,Garrett Crochet,L,5,BOS,HOU,home,5.47,HOU,673237.0,-641.0,-459.0,91.7,0,2025-08-11,0,MGM,-1100.0,0.0
RF,R,Cam Smith,Garrett Crochet,L,6,BOS,HOU,home,5.15,HOU,701358.0,-688.0,-1312.0,95.2,0,2025-08-11,0,MGM,-2000.0,0.0
CF,R,Chas McCormick,Garrett Crochet,L,9,BOS,HOU,home,5.5,HOU,676801.0,-636.0,-1364.0,95.2,0,2025-08-11,1,MGM,-2000.0,0.0
DH,L,Shohei Ohtani,Jose Soriano,R,1,LAD,LAA,away,9.67,LAD,660271.0,-317.0,67.0,71.4,0,2025-08-11,1,MGM,-250.0,0.0
SS,R,Mookie Betts,Jose Soriano,R,2,LAD,LAA,away,4.65,LAD,605141.0,-772.0,-228.0,90.9,0,2025-08-11,0,MGM,-1000.0,0.0
1B,L,Freddie Freeman,Jose Soriano,R,3,LAD,LAA,away,6.83,LAD,518692.0,-493.0,-207.0,87.5,0,2025-08-11,0,MGM,-700.0,0.0
C,R,Will Smith,Jose Soriano,R,4,LAD,LAA,away,5.8,LAD,669257.0,-599.0,-151.0,88.2,0,2025-08-11,0,MGM,-750.0,0.0
3B,L,Max Muncy,Jose Soriano,R,5,LAD,LAA,away,7.86,LAD,571970.0,-413.0,-187.0,85.7,0,2025-08-11,1,MGM,-600.0,0.0
LF,L,Michael Conforto,Jose Soriano,R,7,LAD,LAA,away,5.64,LAD,624424.0,-619.0,-481.0,91.7,0,2025-08-11,0,MGM,-1100.0,0.0
CF,R,Andy Pages,Jose Soriano,R,8,LAD,LAA,away,5.14,LAD,681624.0,-688.0,-312.0,90.9,0,2025-08-11,0,MGM,-1000.0,0.0
2B,S,Alex Freeland,Jose Soriano,R,9,LAD,LAA,away,6.53,LAD,690976.0,-520.0,-1480.0,95.2,0,2025-08-11,0,MGM,-2000.0,0.0
SS,R,Zach Neto,Yoshinobu Yamamoto,R,1,LAD,LAA,home,5.68,LAA,687263.0,-614.0,-36.0,86.7,0,2025-08-11,1,MGM,-650.0,0.0
1B,L,Nolan Schanuel,Yoshinobu Yamamoto,R,2,LAD,LAA,home,4.79,LAA,694384.0,-749.0,-1251.0,95.2,0,2025-08-11,0,MGM,-2000.0,0.0
DH,R,Mike Trout,Yoshinobu Yamamoto,R,3,LAD,LAA,home,6.77,LAA,545361.0,-497.0,97.0,80.0,0,2025-08-11,0,MGM,-400.0,0.0
LF,R,Taylor Ward,Yoshinobu Yamamoto,R,4,LAD,LAA,home,6.6,LAA,621493.0,-512.0,-138.0,86.7,0,2025-08-11,0,MGM,-650.0,0.0
RF,R,Jo Adell,Yoshinobu Yamamoto,R,6,LAD,LAA,home,3.72,LAA,666176.0,-993.0,493.0,83.3,0,2025-08-11,0,MGM,-500.0,0.0
CF,R,Bryce Teodosio,Yoshinobu Yamamoto,R,9,LAD,LAA,home,5.11,LAA,669326.0,-694.0,-3306.0,97.6,0,2025-08-11,0,ESPN,-4000.0,0.0
RF,R,Fernando Tatis,Logan Webb,R,1,SD,SF,away,5.09,SD,665487.0,-695.0,-405.0,91.7,0,2025-08-11,0,MGM,-1100.0,0.0
DH,L,Luis Arraez,Logan Webb,R,2,SD,SF,away,0.98,SD,650333.0,-4062.0,-938.0,98.0,0,2025-08-11,0,MGM,-5000.0,0.0
3B,R,Manny Machado,Logan Webb,R,3,SD,SF,away,4.38,SD,592518.0,-829.0,-171.0,90.9,0,2025-08-11,0,MGM,-1000.0,0.0
1B,L,Ryan O'Hearn,Logan Webb,R,4,SD,SF,away,4.6,SD,656811.0,-780.0,-820.0,94.1,0,2025-08-11,0,MGM,-1600.0,0.0
SS,R,Xander Bogaerts,Logan Webb,R,5,SD,SF,away,2.8,SD,593428.0,-1345.0,-655.0,95.2,0,2025-08-11,0,MGM,-2000.0,0.0
CF,L,Jackson Merrill,Logan Webb,R,6,SD,SF,away,5.13,SD,701538.0,-689.0,-711.0,93.3,0,2025-08-11,0,MGM,-1400.0,0.0
LF,R,Ramon Laureano,Logan Webb,R,7,SD,SF,away,4.7,SD,657656.0,-764.0,-836.0,94.1,0,2025-08-11,0,MGM,-1600.0,0.0
2B,L,Jake Cronenworth,Logan Webb,R,8,SD,SF,away,4.85,SD,630105.0,-735.0,-1765.0,96.2,0,2025-08-11,0,MGM,-2500.0,0.0
C,R,Freddy Fermin,Logan Webb,R,9,SD,SF,away,3.18,SD,666023.0,-1177.0,-2823.0,97.6,0,2025-08-11,1,ESPN,-4000.0,0.0
LF,R,Heliot Ramos,Yu Darvish,R,1,SD,SF,home,4.18,SF,671218.0,-875.0,-225.0,91.7,0,2025-08-11,0,MGM,-1100.0,0.0
1B,L,Rafael Devers,Yu Darvish,R,2,SD,SF,home,7.11,SF,646240.0,-470.0,-80.0,84.6,0,2025-08-11,1,MGM,-550.0,0.0
SS,R,Willy Adames,Yu Darvish,R,3,SD,SF,home,5.9,SF,642715.0,-585.0,-65.0,86.7,0,2025-08-11,0,MGM,-650.0,0.0
3B,R,Matt Chapman,Yu Darvish,R,5,SD,SF,home,5.68,SF,656305.0,-614.0,-136.0,88.2,0,2025-08-11,0,MGM,-750.0,0.0
CF,L,Jung Hoo Lee,Yu Darvish,R,7,SD,SF,home,4.31,SF,808982.0,-839.0,-1661.0,96.2,0,2025-08-11,0,MGM,-2500.0,0.0
C,S,Patrick Bailey,Yu Darvish,R,8,SD,SF,home,4.69,SF,672275.0,-764.0,-1736.0,96.2,0,2025-08-11,0,MGM,-2500.0,0.0
CF,L,Chandler Simpson,Jeffrey Springs,L,1,TB,ATH,away,3.65,TB,802415.0,-1018.0,-2982.0,97.6,0,2025-08-11,0,ESPN,-4000.0,0.0
1B,R,Yandy Diaz,Jeffrey Springs,L,2,TB,ATH,away,6.16,TB,650490.0,-557.0,157.0,80.0,0,2025-08-11,0,MGM,-400.0,0.0
3B,R,Junior Caminero,Jeffrey Springs,L,3,TB,ATH,away,7.19,TB,691406.0,-463.0,113.0,77.8,0,2025-08-11,1,MGM,-350.0,0.0
2B,R,Ha-Seong Kim,Jeffrey Springs,L,4,TB,ATH,away,6.01,TB,673490.0,-575.0,-525.0,91.7,0,2025-08-11,0,MGM,-1100.0,0.0
LF,S,Jake Mangum,Jeffrey Springs,L,5,TB,ATH,away,3.76,TB,663968.0,-982.0,-1818.0,96.6,0,2025-08-11,0,ESPN,-2800.0,0.0
RF,L,Josh Lowe,Jeffrey Springs,L,6,TB,ATH,away,4.31,TB,666139.0,-839.0,-361.0,92.3,0,2025-08-11,0,MGM,-1200.0,0.0
DH,R,Christopher Morel,Jeffrey Springs,L,7,TB,ATH,away,7.9,TB,666624.0,-410.0,-140.0,84.6,0,2025-08-11,0,MGM,-550.0,0.0
C,R,Nick Fortes,Jeffrey Springs,L,9,TB,ATH,away,4.59,TB,663743.0,-787.0,-613.0,93.3,0,2025-08-11,0,MGM,-1400.0,0.0
CF,L,Lawrence Butler,Ryan Pepiot,R,1,TB,ATH,home,5.97,ATH,671732.0,-579.0,-171.0,88.2,0,2025-08-11,0,MGM,-750.0,0.0
1B,L,Nick Kurtz,Ryan Pepiot,R,2,TB,ATH,home,9.64,ATH,701762.0,-318.0,-32.0,77.8,0,2025-08-11,0,MGM,-350.0,0.0
DH,R,Brent Rooker,Ryan Pepiot,R,3,TB,ATH,home,7.06,ATH,667670.0,-473.0,123.0,77.8,0,2025-08-11,0,MGM,-350.0,0.0
C,R,Shea Langeliers,Ryan Pepiot,R,4,TB,ATH,home,5.82,ATH,669127.0,-594.0,269.0,76.5,0,2025-08-11,0,MGM,-325.0,0.0
LF,L,Tyler Soderstrom,Ryan Pepiot,R,5,TB,ATH,home,6.99,ATH,691016.0,-480.0,-170.0,86.7,0,2025-08-11,0,MGM,-650.0,0.0
SS,R,Darell Hernaiz,Ryan Pepiot,R,7,TB,ATH,home,5.31,ATH,687231.0,-664.0,-436.0,91.7,0,2025-08-11,0,MGM,-1100.0,0.0
2B,R,Luis Urias,Ryan Pepiot,R,8,TB,ATH,home,4.72,ATH,649966.0,-757.0,-343.0,91.7,0,2025-08-11,0,MGM,-1100.0,0.0
LF,R,Randy Arozarena,Dean Kremer,R,1,SEA,BAL,away,5.51,SEA,668227.0,-614.0,114.0,83.3,0,2025-08-12,0,MGM,-500.0,0.0
C,S,Cal Raleigh,Dean Kremer,R,2,SEA,BAL,away,10.13,SEA,663728.0,-289.0,104.0,64.9,0,2025-08-12,0,MGM,-185.0,0.0
CF,R,Julio Rodriguez,Dean Kremer,R,3,SEA,BAL,away,5.32,SEA,677594.0,-640.0,190.0,81.8,0,2025-08-12,0,MGM,-450.0,0.0
1B,L,Josh Naylor,Dean Kremer,R,4,SEA,BAL,away,6.09,SEA,647304.0,-545.0,20.0,84.0,0,2025-08-12,0,MGM,-525.0,0.0
3B,R,Eugenio Suarez,Dean Kremer,R,5,SEA,BAL,away,6.49,SEA,553993.0,-505.0,130.0,78.9,0,2025-08-12,0,MGM,-375.0,0.0
DH,S,Jorge Polanco,Dean Kremer,R,6,SEA,BAL,away,6.44,SEA,593871.0,-510.0,-115.0,86.2,0,2025-08-12,0,MGM,-625.0,0.0
RF,L,Dominic Canzone,Dean Kremer,R,7,SEA,BAL,away,6.77,SEA,686527.0,-481.0,-144.0,86.2,0,2025-08-12,0,MGM,-625.0,0.0
SS,L,J.P. Crawford,Dean Kremer,R,8,SEA,BAL,away,4.79,SEA,641487.0,-720.0,-680.0,93.3,0,2025-08-12,0,MGM,-1400.0,0.0
2B,L,Cole Young,Dean Kremer,R,9,SEA,BAL,away,4.59,SEA,702284.0,-755.0,-845.0,94.1,0,2025-08-12,0,MGM,-1600.0,0.0
2B,L,Jackson Holliday,George Kirby,R,1,SEA,BAL,home,6.14,BAL,702616.0,-540.0,-260.0,88.9,0,2025-08-12,0,MGM,-800.0,0.0
3B,R,Jordan Westburg,George Kirby,R,2,SEA,BAL,home,5.3,BAL,676059.0,-641.0,-9.0,86.7,0,2025-08-12,0,MGM,-650.0,0.0
SS,L,Gunnar Henderson,George Kirby,R,3,SEA,BAL,home,6.06,BAL,683002.0,-549.0,24.0,84.0,0,2025-08-12,0,MGM,-525.0,0.0
C,S,Adley Rutschman,George Kirby,R,4,SEA,BAL,home,5.4,BAL,668939.0,-629.0,-71.0,87.5,0,2025-08-12,0,MGM,-700.0,0.0
DH,R,Ryan Mountcastle,George Kirby,R,5,SEA,BAL,home,4.67,BAL,663624.0,-740.0,-460.0,92.3,0,2025-08-12,0,MGM,-1200.0,0.0
1B,R,Coby Mayo,George Kirby,R,6,SEA,BAL,home,4.37,BAL,691723.0,-801.0,-599.0,93.3,0,2025-08-12,0,MGM,-1400.0,0.0
RF,L,Ryan Noda,George Kirby,R,7,SEA,BAL,home,6.34,BAL,676116.0,-520.0,-280.0,88.9,0,2025-08-12,0,MGM,-800.0,0.0
LF,S,Dylan Carlson,George Kirby,R,8,SEA,BAL,home,5.81,BAL,666185.0,-576.0,-824.0,93.3,0,2025-08-12,0,MGM,-1400.0,0.0
2B,S,Xavier Edwards,Logan Allen,L,1,MIA,CLE,away,3.73,MIA,669364.0,-953.0,-4047.0,98.0,0,2025-08-12,0,ESPN,-5000.0,0.0
C,R,Agustin Ramirez,Logan Allen,L,2,MIA,CLE,away,8.24,MIA,682663.0,-378.0,-122.0,83.3,0,2025-08-12,0,MGM,-500.0,0.0
SS,R,Otto Lopez,Logan Allen,L,3,MIA,CLE,away,4.92,MIA,672640.0,-700.0,-500.0,92.3,0,2025-08-12,0,MGM,-1200.0,0.0
RF,R,Dane Myers,Logan Allen,L,4,MIA,CLE,away,6.1,MIA,667472.0,-545.0,-355.0,90.0,0,2025-08-12,0,MGM,-900.0,0.0
DH,R,Heriberto Hernandez,Logan Allen,L,5,MIA,CLE,away,6.21,MIA,681715.0,-533.0,-267.0,88.9,0,2025-08-12,0,MGM,-800.0,0.0
LF,L,Jakob Marsee,Logan Allen,L,6,MIA,CLE,away,3.29,MIA,805300.0,-1090.0,-510.0,94.1,0,2025-08-12,0,MGM,-1600.0,0.0
1B,R,Eric Wagaman,Logan Allen,L,7,MIA,CLE,away,5.17,MIA,676572.0,-663.0,-437.0,91.7,0,2025-08-12,0,MGM,-1100.0,0.0
CF,R,Derek Hill,Logan Allen,L,8,MIA,CLE,away,7.0,MIA,656537.0,-461.0,-1139.0,94.1,0,2025-08-12,0,MGM,-1600.0,0.0
3B,R,Javier Sanoja,Logan Allen,L,9,MIA,CLE,away,4.38,MIA,691594.0,-800.0,-2200.0,96.8,0,2025-08-12,0,MGM,-3000.0,0.0
LF,L,Steven Kwan,Janson Junk,R,1,MIA,CLE,home,4.58,CLE,680757.0,-761.0,-839.0,94.1,0,2025-08-12,0,MGM,-1600.0,0.0
CF,L,Daniel Schneemann,Janson Junk,R,2,MIA,CLE,home,7.04,CLE,682177.0,-458.0,-342.0,88.9,0,2025-08-12,0,MGM,-800.0,0.0
3B,S,Jose Ramirez,Janson Junk,R,3,MIA,CLE,home,6.33,CLE,608070.0,-521.0,-29.0,84.6,0,2025-08-12,1,ESPN,-550.0,0.0
DH,L,Kyle Manzardo,Janson Junk,R,4,MIA,CLE,home,6.76,CLE,700932.0,-481.0,-19.0,83.3,0,2025-08-12,1,MGM,-500.0,0.0
1B,S,Carlos Santana,Janson Junk,R,5,MIA,CLE,home,5.19,CLE,467793.0,-658.0,-142.0,88.9,0,2025-08-12,0,MGM,-800.0,0.0
C,L,Bo Naylor,Janson Junk,R,6,MIA,CLE,home,6.62,CLE,666310.0,-495.0,-105.0,85.7,0,2025-08-12,0,MGM,-600.0,0.0
SS,R,Gabriel Arias,Janson Junk,R,7,MIA,CLE,home,5.24,CLE,672356.0,-651.0,-349.0,90.9,0,2025-08-12,0,MGM,-1000.0,0.0
RF,L,Nolan Jones,Janson Junk,R,8,MIA,CLE,home,5.73,CLE,666134.0,-585.0,-615.0,92.3,0,2025-08-12,0,MGM,-1200.0,0.0
2B,S,Brayan Rocchio,Janson Junk,R,9,MIA,CLE,home,4.07,CLE,677587.0,-870.0,-3130.0,97.6,0,2025-08-12,0,ESPN,-4000.0,0.0
SS,R,Trea Turner,Brady Singer,R,1,PHI,CIN,away,5.88,PHI,607208.0,-570.0,-130.0,87.5,0,2025-08-12,0,MGM,-700.0,0.0
DH,L,Kyle Schwarber,Brady Singer,R,2,PHI,CIN,away,11.01,PHI,656941.0,-257.0,57.0,66.7,0,2025-08-12,0,MGM,-200.0,0.0
1B,L,Bryce Harper,Brady Singer,R,3,PHI,CIN,away,7.67,PHI,547180.0,-412.0,137.0,73.3,0,2025-08-12,1,MGM,-275.0,0.0
RF,R,Nick Castellanos,Brady Singer,R,4,PHI,CIN,away,5.83,PHI,592206.0,-575.0,-125.0,87.5,0,2025-08-12,0,MGM,-700.0,0.0
CF,L,Brandon Marsh,Brady Singer,R,5,PHI,CIN,away,7.23,PHI,669016.0,-443.0,-182.0,86.2,0,2025-08-12,0,MGM,-625.0,0.0
3B,R,Edmundo Sosa,Brady Singer,R,6,PHI,CIN,away,6.65,PHI,624641.0,-491.0,-709.0,92.3,0,2025-08-12,0,MGM,-1200.0,0.0
LF,L,Max Kepler,Brady Singer,R,7,PHI,CIN,away,6.82,PHI,596146.0,-477.0,-23.0,83.3,0,2025-08-12,0,MGM,-500.0,0.0
2B,L,Bryson Stott,Brady Singer,R,8,PHI,CIN,away,6.85,PHI,681082.0,-474.0,-626.0,91.7,0,2025-08-12,0,MGM,-1100.0,0.0
C,S,Rafael Marchan,Brady Singer,R,9,PHI,CIN,away,6.94,PHI,665561.0,-468.0,-1132.0,94.1,0,2025-08-12,0,MGM,-1600.0,0.0
CF,L,TJ Friedl,Ranger Suarez,L,1,PHI,CIN,home,4.56,CIN,670770.0,-762.0,-1738.0,96.2,0,2025-08-12,0,MGM,-2500.0,0.0
1B,R,Spencer Steer,Ranger Suarez,L,2,PHI,CIN,home,5.7,CIN,668715.0,-590.0,-210.0,88.9,0,2025-08-12,0,MGM,-800.0,0.0
SS,S,Elly De La Cruz,Ranger Suarez,L,3,PHI,CIN,home,7.9,CIN,682829.0,-397.0,-603.0,90.9,0,2025-08-12,0,MGM,-1000.0,0.0
DH,R,Miguel Andujar,Ranger Suarez,L,4,PHI,CIN,home,5.99,CIN,609280.0,-557.0,-843.0,93.3,0,2025-08-12,1,MGM,-1400.0,0.0
LF,R,Austin Hays,Ranger Suarez,L,5,PHI,CIN,home,7.97,CIN,669720.0,-395.0,-405.0,88.9,0,2025-08-12,0,MGM,-800.0,0.0
RF,R,Noelvi Marte,Ranger Suarez,L,6,PHI,CIN,home,7.24,CIN,682622.0,-443.0,-657.0,91.7,0,2025-08-12,0,MGM,-1100.0,0.0
2B,R,Matt McLain,Ranger Suarez,L,7,PHI,CIN,home,6.2,CIN,680574.0,-536.0,-364.0,90.0,0,2025-08-12,0,MGM,-900.0,0.0
C,R,Jose Trevino,Ranger Suarez,L,8,PHI,CIN,home,5.08,CIN,624431.0,-674.0,-726.0,93.3,0,2025-08-12,0,MGM,-1400.0,0.0
3B,R,Santiago Espinal,Ranger Suarez,L,9,PHI,CIN,home,4.27,CIN,669289.0,-825.0,-1675.0,96.2,0,2025-08-12,0,MGM,-2500.0,0.0
LF,R,Austin Martin,Carlos Rodon,L,1,MIN,NYY,away,5.8,MIN,668885.0,-580.0,-1420.0,95.2,0,2025-08-12,0,ESPN,-2000.0,0.0
CF,R,Byron Buxton,Carlos Rodon,L,2,MIN,NYY,away,8.07,MIN,621439.0,-387.0,62.0,76.5,0,2025-08-12,0,MGM,-325.0,0.0
DH,R,Ryan Jeffers,Carlos Rodon,L,3,MIN,NYY,away,6.11,MIN,680777.0,-545.0,-105.0,86.7,0,2025-08-12,0,MGM,-650.0,0.0
2B,R,Luke Keaschall,Carlos Rodon,L,4,MIN,NYY,away,6.77,MIN,807712.0,-481.0,-419.0,90.0,0,2025-08-12,0,MGM,-900.0,0.0
3B,R,Royce Lewis,Carlos Rodon,L,5,MIN,NYY,away,6.57,MIN,668904.0,-498.0,-302.0,88.9,0,2025-08-12,0,MGM,-800.0,0.0
RF,L,Kody Clemens,Carlos Rodon,L,6,MIN,NYY,away,6.17,MIN,665019.0,-537.0,-113.0,86.7,0,2025-08-12,0,MGM,-650.0,0.0
C,S,Mickey Gasper,Carlos Rodon,L,7,MIN,NYY,away,6.35,MIN,681508.0,-520.0,-680.0,92.3,0,2025-08-12,0,ESPN,-1200.0,0.0
1B,L,Edouard Julien,Carlos Rodon,L,8,MIN,NYY,away,7.05,MIN,666397.0,-458.0,-942.0,93.3,0,2025-08-12,0,MGM,-1400.0,0.0
CF,L,Trent Grisham,Travis Adams,R,1,MIN,NYY,home,8.18,NYY,663757.0,-380.0,5.0,78.9,0,2025-08-12,0,MGM,-375.0,0.0
DH,R,Aaron Judge,Travis Adams,R,2,MIN,NYY,home,9.58,NYY,592450.0,-311.0,111.0,66.7,0,2025-08-12,1,ESPN,-200.0,0.0
LF,L,Cody Bellinger,Travis Adams,R,3,MIN,NYY,home,5.87,NYY,641355.0,-570.0,70.0,83.3,0,2025-08-12,0,MGM,-500.0,0.0
RF,R,Giancarlo Stanton,Travis Adams,R,4,MIN,NYY,home,7.83,NYY,519317.0,-402.0,77.0,76.5,0,2025-08-12,1,MGM,-325.0,0.0
C,L,Ben Rice,Travis Adams,R,5,MIN,NYY,home,7.03,NYY,700250.0,-459.0,9.0,81.8,0,2025-08-12,0,MGM,-450.0,0.0
2B,L,Jazz Chisholm,Travis Adams,R,6,MIN,NYY,home,7.5,NYY,665862.0,-424.0,49.0,78.9,0,2025-08-12,0,MGM,-375.0,0.0
1B,R,Paul Goldschmidt,Travis Adams,R,7,MIN,NYY,home,4.83,NYY,502671.0,-713.0,-87.0,88.9,0,2025-08-12,0,MGM,-800.0,0.0
3B,L,Ryan McMahon,Travis Adams,R,8,MIN,NYY,home,6.37,NYY,641857.0,-517.0,-83.0,85.7,0,2025-08-12,0,MGM,-600.0,0.0
SS,R,Anthony Volpe,Travis Adams,R,9,MIN,NYY,home,4.3,NYY,683011.0,-817.0,17.0,88.9,0,2025-08-12,1,ESPN,-800.0,0.0
1B,L,Michael Busch,Jose Berrios,R,1,CHC,TOR,away,7.8,CHC,683737.0,-405.0,-95.0,83.3,0,2025-08-12,0,MGM,-500.0,0.0
RF,L,Kyle Tucker,Jose Berrios,R,2,CHC,TOR,away,6.79,CHC,663656.0,-481.0,31.0,81.8,0,2025-08-12,0,MGM,-450.0,0.0
DH,R,Seiya Suzuki,Jose Berrios,R,3,CHC,TOR,away,7.56,CHC,673548.0,-420.0,20.0,80.0,0,2025-08-12,0,MGM,-400.0,0.0
CF,L,Pete Crow-Armstrong,Jose Berrios,R,4,CHC,TOR,away,7.12,CHC,691718.0,-452.0,2.0,81.8,0,2025-08-12,0,MGM,-450.0,0.0
C,R,Carson Kelly,Jose Berrios,R,5,CHC,TOR,away,5.47,CHC,608348.0,-619.0,-181.0,88.9,0,2025-08-12,0,MGM,-800.0,0.0
LF,S,Ian Happ,Jose Berrios,R,6,CHC,TOR,away,6.36,CHC,664023.0,-517.0,-233.0,88.2,0,2025-08-12,0,ESPN,-750.0,0.0
SS,R,Dansby Swanson,Jose Berrios,R,7,CHC,TOR,away,6.03,CHC,621020.0,-553.0,-97.0,86.7,0,2025-08-12,0,MGM,-650.0,0.0
2B,R,Nico Hoerner,Jose Berrios,R,8,CHC,TOR,away,4.43,CHC,663538.0,-785.0,-3215.0,97.6,0,2025-08-12,0,ESPN,-4000.0,0.0
3B,R,Matt Shaw,Jose Berrios,R,9,CHC,TOR,away,4.94,CHC,807713.0,-699.0,-401.0,91.7,0,2025-08-12,0,MGM,-1100.0,0.0
RF,L,Nathan Lukes,Javier Assad,R,1,CHC,TOR,home,5.71,TOR,664770.0,-589.0,-511.0,91.7,0,2025-08-12,0,MGM,-1100.0,0.0
SS,R,Bo Bichette,Javier Assad,R,2,CHC,TOR,home,4.33,TOR,666182.0,-809.0,9.0,88.9,0,2025-08-12,0,MGM,-800.0,0.0
1B,R,Vladimir Guerrero,Javier Assad,R,3,CHC,TOR,home,6.08,TOR,665489.0,-549.0,99.0,81.8,0,2025-08-12,0,MGM,-450.0,0.0
3B,L,Addison Barger,Javier Assad,R,4,CHC,TOR,home,6.53,TOR,680718.0,-502.0,-48.0,84.6,0,2025-08-12,0,MGM,-550.0,0.0
DH,R,Ty France,Javier Assad,R,5,CHC,TOR,home,4.6,TOR,664034.0,-755.0,-845.0,94.1,0,2025-08-12,0,MGM,-1600.0,0.0
C,R,Alejandro Kirk,Javier Assad,R,6,CHC,TOR,home,4.79,TOR,672386.0,-720.0,-80.0,88.9,0,2025-08-12,0,MGM,-800.0,0.0
CF,L,Daulton Varsho,Javier Assad,R,7,CHC,TOR,home,6.78,TOR,662139.0,-481.0,-19.0,83.3,0,2025-08-12,1,MGM,-500.0,0.0
2B,R,Ernie Clement,Javier Assad,R,8,CHC,TOR,home,3.43,TOR,676391.0,-1049.0,-951.0,95.2,0,2025-08-12,1,MGM,-2000.0,0.0
LF,S,Jurickson Profar,Clay Holmes,R,1,ATL,NYM,away,4.99,ATL,595777.0,-687.0,-513.0,92.3,0,2025-08-12,0,MGM,-1200.0,0.0
1B,L,Matt Olson,Clay Holmes,R,2,ATL,NYM,away,5.25,ATL,621566.0,-651.0,26.0,86.2,0,2025-08-12,0,MGM,-625.0,0.0
C,L,Drake Baldwin,Clay Holmes,R,3,ATL,NYM,away,3.91,ATL,686948.0,-909.0,109.0,88.9,0,2025-08-12,0,MGM,-800.0,0.0
DH,R,Marcell Ozuna,Clay Holmes,R,4,ATL,NYM,away,4.72,ATL,542303.0,-733.0,-17.0,88.2,0,2025-08-12,0,MGM,-750.0,0.0
CF,L,Michael Harris II,Clay Holmes,R,5,ATL,NYM,away,3.72,ATL,671739.0,-963.0,-237.0,92.3,0,2025-08-12,0,MGM,-1200.0,0.0
2B,S,Ozzie Albies,Clay Holmes,R,6,ATL,NYM,away,3.34,ATL,645277.0,-1076.0,-324.0,93.3,0,2025-08-12,0,MGM,-1400.0,0.0
RF,S,Vidal Brujan,Clay Holmes,R,7,ATL,NYM,away,3.6,ATL,660644.0,-998.0,-4002.0,98.0,0,2025-08-12,0,ESPN,-5000.0,0.0
3B,R,Nacho Alvarez,Clay Holmes,R,8,ATL,NYM,away,4.63,ATL,805373.0,-747.0,-2253.0,96.8,0,2025-08-12,0,MGM,-3000.0,0.0
SS,R,Nick Allen,Clay Holmes,R,9,ATL,NYM,away,2.74,ATL,669397.0,-1329.0,-8671.0,99.0,0,2025-08-12,0,ESPN,-10000.0,0.0
SS,S,Francisco Lindor,Spencer Strider,R,1,ATL,NYM,home,4.98,NYM,596019.0,-693.0,68.0,86.2,0,2025-08-12,0,MGM,-625.0,0.0
RF,L,Juan Soto,Spencer Strider,R,2,ATL,NYM,home,7.58,NYM,665742.0,-418.0,-82.0,83.3,0,2025-08-12,0,MGM,-500.0,0.0
LF,L,Brandon Nimmo,Spencer Strider,R,3,ATL,NYM,home,5.45,NYM,607043.0,-624.0,-126.0,88.2,0,2025-08-12,1,MGM,-750.0,0.0
1B,R,Pete Alonso,Spencer Strider,R,4,ATL,NYM,home,6.43,NYM,624413.0,-513.0,113.0,80.0,0,2025-08-12,1,MGM,-400.0,0.0
2B,L,Jeff McNeil,Spencer Strider,R,5,ATL,NYM,home,4.47,NYM,643446.0,-777.0,-423.0,92.3,0,2025-08-12,0,MGM,-1200.0,0.0
DH,R,Starling Marte,Spencer Strider,R,6,ATL,NYM,home,4.79,NYM,516782.0,-720.0,-880.0,94.1,0,2025-08-12,0,MGM,-1600.0,0.0
CF,L,Cedric Mullins,Spencer Strider,R,7,ATL,NYM,home,4.95,NYM,656775.0,-694.0,-406.0,91.7,0,2025-08-12,0,MGM,-1100.0,0.0
C,R,Francisco Alvarez,Spencer Strider,R,8,ATL,NYM,home,5.16,NYM,682626.0,-663.0,-437.0,91.7,0,2025-08-12,1,MGM,-1100.0,0.0
3B,L,Brett Baty,Spencer Strider,R,9,ATL,NYM,home,5.3,NYM,683146.0,-641.0,-259.0,90.0,0,2025-08-12,1,MGM,-900.0,0.0
DH,L,Colt Keith,Yoendrys Gomez,R,1,DET,CWS,away,6.11,DET,690993.0,-545.0,-205.0,88.2,0,2025-08-12,1,MGM,-750.0,0.0
2B,R,Gleyber Torres,Yoendrys Gomez,R,2,DET,CWS,away,4.73,DET,650402.0,-732.0,32.0,87.5,0,2025-08-12,0,MGM,-700.0,0.0
RF,L,Kerry Carpenter,Yoendrys Gomez,R,3,DET,CWS,away,6.9,DET,681481.0,-471.0,96.0,78.9,0,2025-08-12,0,MGM,-375.0,0.0
1B,R,Spencer Torkelson,Yoendrys Gomez,R,4,DET,CWS,away,5.5,DET,679529.0,-614.0,164.0,81.8,0,2025-08-12,0,MGM,-450.0,0.0
CF,S,Wenceel Perez,Yoendrys Gomez,R,5,DET,CWS,away,4.9,DET,672761.0,-706.0,6.0,87.5,0,2025-08-12,0,MGM,-700.0,0.0
LF,L,Riley Greene,Yoendrys Gomez,R,6,DET,CWS,away,6.63,DET,682985.0,-495.0,45.0,81.8,0,2025-08-12,0,MGM,-450.0,0.0
C,R,Dillon Dingler,Yoendrys Gomez,R,7,DET,CWS,away,4.2,DET,693307.0,-835.0,135.0,87.5,0,2025-08-12,1,MGM,-700.0,0.0
3B,L,Zach McKinstry,Yoendrys Gomez,R,8,DET,CWS,away,4.0,DET,656716.0,-880.0,-120.0,90.9,0,2025-08-12,0,MGM,-1000.0,0.0
SS,R,Javier Baez,Yoendrys Gomez,R,9,DET,CWS,away,3.75,DET,595879.0,-952.0,52.0,90.0,0,2025-08-12,0,MGM,-900.0,0.0
RF,L,Mike Tauchman,Jack Flaherty,R,1,DET,CWS,home,6.84,CWS,643565.0,-475.0,-225.0,87.5,0,2025-08-12,0,MGM,-700.0,0.0
2B,R,Lenyn Sosa,Jack Flaherty,R,2,DET,CWS,home,5.87,CWS,672820.0,-570.0,-55.0,86.2,0,2025-08-12,0,MGM,-625.0,0.0
SS,L,Colson Montgomery,Jack Flaherty,R,3,DET,CWS,home,8.85,CWS,695657.0,-344.0,-306.0,86.7,0,2025-08-12,0,MGM,-650.0,0.0
CF,R,Luis Robert,Jack Flaherty,R,4,DET,CWS,home,6.6,CWS,673357.0,-495.0,-130.0,86.2,0,2025-08-12,0,MGM,-625.0,0.0
LF,L,Andrew Benintendi,Jack Flaherty,R,5,DET,CWS,home,7.16,CWS,643217.0,-449.0,-201.0,86.7,0,2025-08-12,0,MGM,-650.0,0.0
1B,R,Miguel Vargas,Jack Flaherty,R,6,DET,CWS,home,5.29,CWS,678246.0,-646.0,-254.0,90.0,0,2025-08-12,0,MGM,-900.0,0.0
C,L,Kyle Teel,Jack Flaherty,R,7,DET,CWS,home,7.47,CWS,691019.0,-426.0,-774.0,92.3,0,2025-08-12,0,MGM,-1200.0,0.0
DH,S,Edgar Quero,Jack Flaherty,R,8,DET,CWS,home,4.11,CWS,700337.0,-861.0,-339.0,92.3,0,2025-08-12,1,MGM,-1200.0,0.0
3B,R,Curtis Mead,Jack Flaherty,R,9,DET,CWS,home,6.1,CWS,678554.0,-545.0,-555.0,91.7,0,2025-08-12,0,MGM,-1100.0,0.0
LF,L,James Wood,Michael Wacha,R,1,WSH,KC,away,7.54,WSH,695578.0,-421.0,-229.0,86.7,0,2025-08-12,0,MGM,-650.0,0.0
SS,L,CJ Abrams,Michael Wacha,R,2,WSH,KC,away,5.49,WSH,682928.0,-619.0,-781.0,93.3,0,2025-08-12,0,MGM,-1400.0,0.0
DH,S,Josh Bell,Michael Wacha,R,3,WSH,KC,away,5.45,WSH,605137.0,-624.0,-376.0,90.9,0,2025-08-12,0,MGM,-1000.0,0.0
3B,R,Paul DeJong,Michael Wacha,R,4,WSH,KC,away,6.29,WSH,657557.0,-525.0,-475.0,90.9,0,2025-08-12,0,MGM,-1000.0,0.0
1B,L,Nathaniel Lowe,Michael Wacha,R,5,WSH,KC,away,4.4,WSH,663993.0,-793.0,-407.0,92.3,0,2025-08-12,0,MGM,-1200.0,0.0
C,R,Riley Adams,Michael Wacha,R,6,WSH,KC,away,6.79,WSH,656180.0,-481.0,-619.0,91.7,0,2025-08-12,0,MGM,-1100.0,0.0
RF,L,Daylen Lile,Michael Wacha,R,7,WSH,KC,away,3.65,WSH,695734.0,-975.0,-1025.0,95.2,0,2025-08-12,0,MGM,-2000.0,0.0
2B,L,Luis Garcia,Michael Wacha,R,8,WSH,KC,away,4.97,WSH,671277.0,-693.0,-2107.0,96.6,0,2025-08-12,0,ESPN,-2800.0,0.0
CF,L,Robert Hassell III,Michael Wacha,R,9,WSH,KC,away,5.47,WSH,690987.0,-619.0,-1381.0,95.2,0,2025-08-12,0,MGM,-2000.0,0.0
3B,R,Maikel Garcia,Mitchell Parker,L,1,WSH,KC,home,4.87,KC,672580.0,-706.0,-694.0,93.3,0,2025-08-12,0,MGM,-1400.0,0.0
SS,R,Bobby Witt,Mitchell Parker,L,2,WSH,KC,home,6.5,KC,677951.0,-505.0,-120.0,86.2,0,2025-08-12,0,MGM,-625.0,0.0
1B,L,Vinnie Pasquantino,Mitchell Parker,L,3,WSH,KC,home,5.03,KC,686469.0,-681.0,-319.0,90.9,0,2025-08-12,1,MGM,-1000.0,0.0
C,R,Salvador Perez,Mitchell Parker,L,4,WSH,KC,home,7.06,KC,521692.0,-458.0,-92.0,84.6,0,2025-08-12,0,MGM,-550.0,0.0
RF,R,Randal Grichuk,Mitchell Parker,L,5,WSH,KC,home,6.94,KC,545341.0,-468.0,-82.0,84.6,0,2025-08-12,0,MGM,-550.0,0.0
2B,R,Jonathan India,Mitchell Parker,L,6,WSH,KC,home,5.1,KC,663697.0,-669.0,-931.0,94.1,0,2025-08-12,1,MGM,-1600.0,0.0
DH,L,Adam Frazier,Mitchell Parker,L,7,WSH,KC,home,3.15,KC,624428.0,-1150.0,-2850.0,97.6,0,2025-08-12,0,ESPN,-4000.0,0.0
LF,R,Nick Loftin,Mitchell Parker,L,8,WSH,KC,home,5.32,KC,679845.0,-640.0,-960.0,94.1,0,2025-08-12,0,MGM,-1600.0,0.0
CF,R,Tyler Tolbert,Mitchell Parker,L,9,WSH,KC,home,5.92,KC,686475.0,-566.0,-1934.0,96.2,0,2025-08-12,0,MGM,-2500.0,0.0
1B,L,Spencer Horwitz,Freddy Peralta,R,1,PIT,MIL,away,6.25,PIT,687462.0,-529.0,-471.0,90.9,0,2025-08-12,0,MGM,-1000.0,0.0
2B,R,Nick Gonzales,Freddy Peralta,R,2,PIT,MIL,away,3.83,PIT,693304.0,-930.0,-470.0,93.3,0,2025-08-12,0,MGM,-1400.0,0.0
RF,S,Bryan Reynolds,Freddy Peralta,R,3,PIT,MIL,away,5.64,PIT,668804.0,-599.0,-601.0,92.3,0,2025-08-12,0,MGM,-1200.0,0.0
CF,L,Oneil Cruz,Freddy Peralta,R,4,PIT,MIL,away,8.89,PIT,665833.0,-342.0,-258.0,85.7,0,2025-08-12,0,MGM,-600.0,0.0
DH,R,Andrew McCutchen,Freddy Peralta,R,5,PIT,MIL,away,5.12,PIT,457705.0,-668.0,-232.0,90.0,0,2025-08-12,0,MGM,-900.0,0.0
LF,L,Jack Suwinski,Freddy Peralta,R,6,PIT,MIL,away,7.06,PIT,669261.0,-458.0,-542.0,90.9,0,2025-08-12,0,MGM,-1000.0,0.0
SS,R,Jared Triolo,Freddy Peralta,R,7,PIT,MIL,away,4.67,PIT,669707.0,-740.0,-860.0,94.1,0,2025-08-12,0,MGM,-1600.0,0.0
C,R,Henry Davis,Freddy Peralta,R,8,PIT,MIL,away,5.54,PIT,680779.0,-609.0,-1391.0,95.2,0,2025-08-12,0,MGM,-2000.0,0.0
3B,R,Isiah Kiner-Falefa,Freddy Peralta,R,9,PIT,MIL,away,1.71,PIT,643396.0,-2223.0,-2777.0,98.0,0,2025-08-12,0,ESPN,-5000.0,0.0
RF,L,Sal Frelick,Paul Skenes,R,1,PIT,MIL,home,4.51,MIL,686217.0,-770.0,-1730.0,96.2,0,2025-08-12,1,MGM,-2500.0,0.0
C,R,William Contreras,Paul Skenes,R,2,PIT,MIL,home,4.01,MIL,661388.0,-880.0,-20.0,90.0,0,2025-08-12,0,ESPN,-900.0,0.0
LF,S,Isaac Collins,Paul Skenes,R,3,PIT,MIL,home,5.0,MIL,686555.0,-687.0,-713.0,93.3,0,2025-08-12,0,MGM,-1400.0,0.0
DH,L,Christian Yelich,Paul Skenes,R,4,PIT,MIL,home,5.73,MIL,592885.0,-585.0,-315.0,90.0,0,2025-08-12,1,MGM,-900.0,0.0
1B,R,Andrew Vaughn,Paul Skenes,R,5,PIT,MIL,home,5.63,MIL,683734.0,-599.0,-401.0,90.9,0,2025-08-12,1,MGM,-1000.0,0.0
CF,S,Blake Perkins,Paul Skenes,R,6,PIT,MIL,home,5.45,MIL,663368.0,-624.0,-2376.0,96.8,0,2025-08-12,0,MGM,-3000.0,0.0
2B,L,Brice Turang,Paul Skenes,R,7,PIT,MIL,home,4.58,MIL,668930.0,-761.0,-1239.0,95.2,0,2025-08-12,1,MGM,-2000.0,0.0
3B,S,Anthony Seigler,Paul Skenes,R,8,PIT,MIL,home,5.4,MIL,678011.0,-629.0,-2171.0,96.6,0,2025-08-12,0,ESPN,-2800.0,0.0
SS,R,Joey Ortiz,Paul Skenes,R,9,PIT,MIL,home,3.31,MIL,687401.0,-1090.0,-1910.0,96.8,0,2025-08-12,0,MGM,-3000.0,0.0
RF,R,Tyler Freeman,Matthew Liberatore,L,1,COL,STL,away,4.3,COL,671289.0,-817.0,-783.0,94.1,0,2025-08-12,0,MGM,-1600.0,0.0
SS,R,Ezequiel Tovar,Matthew Liberatore,L,2,COL,STL,away,5.81,COL,678662.0,-576.0,-424.0,90.9,0,2025-08-12,0,MGM,-1000.0,0.0
C,R,Hunter Goodman,Matthew Liberatore,L,3,COL,STL,away,6.06,COL,696100.0,-549.0,-51.0,85.7,0,2025-08-12,1,MGM,-600.0,0.0
LF,R,Jordan Beck,Matthew Liberatore,L,4,COL,STL,away,4.74,COL,687597.0,-732.0,-268.0,90.9,0,2025-08-12,0,MGM,-1000.0,0.0
1B,R,Warming Bernabel,Matthew Liberatore,L,5,COL,STL,away,3.84,COL,682653.0,-920.0,-1080.0,95.2,0,2025-08-12,0,MGM,-2000.0,0.0
CF,R,Brenton Doyle,Matthew Liberatore,L,6,COL,STL,away,4.4,COL,686668.0,-793.0,-307.0,91.7,0,2025-08-12,0,MGM,-1100.0,0.0
DH,R,Braxton Fulford,Matthew Liberatore,L,8,COL,STL,away,4.8,COL,690924.0,-720.0,-880.0,94.1,0,2025-08-12,0,MGM,-1600.0,0.0
2B,R,Kyle Farmer,Matthew Liberatore,L,9,COL,STL,away,3.66,COL,571657.0,-975.0,-1525.0,96.2,0,2025-08-12,0,MGM,-2500.0,0.0
2B,L,Brendan Donovan,Kyle Freeland,L,1,COL,STL,home,4.05,STL,680977.0,-871.0,-729.0,94.1,0,2025-08-12,0,MGM,-1600.0,0.0
DH,R,Ivan Herrera,Kyle Freeland,L,2,COL,STL,home,7.28,STL,671056.0,-440.0,-260.0,87.5,0,2025-08-12,0,ESPN,-700.0,0.0
LF,L,Alec Burleson,Kyle Freeland,L,4,COL,STL,home,4.9,STL,676475.0,-706.0,-394.0,91.7,0,2025-08-12,0,MGM,-1100.0,0.0
SS,R,Masyn Winn,Kyle Freeland,L,5,COL,STL,home,5.32,STL,691026.0,-640.0,-260.0,90.0,0,2025-08-12,0,MGM,-900.0,0.0
RF,R,Jordan Walker,Kyle Freeland,L,6,COL,STL,home,5.49,STL,691023.0,-619.0,-281.0,90.0,0,2025-08-12,0,ESPN,-900.0,0.0
C,R,Yohel Pozo,Kyle Freeland,L,7,COL,STL,home,6.29,STL,650968.0,-525.0,-275.0,88.9,0,2025-08-12,0,MGM,-800.0,0.0
SS,S,Geraldo Perdomo,Jack Leiter,R,1,ARI,TEX,away,5.08,ARI,672695.0,-674.0,-426.0,91.7,0,2025-08-12,0,MGM,-1100.0,0.0
2B,S,Ketel Marte,Jack Leiter,R,2,ARI,TEX,away,7.85,ARI,606466.0,-402.0,-48.0,81.8,0,2025-08-12,1,MGM,-450.0,0.0
RF,L,Corbin Carroll,Jack Leiter,R,3,ARI,TEX,away,8.04,ARI,682998.0,-390.0,65.0,76.5,0,2025-08-12,0,MGM,-325.0,0.0
LF,R,Lourdes Gurriel,Jack Leiter,R,4,ARI,TEX,away,4.96,ARI,666971.0,-693.0,-7.0,87.5,0,2025-08-12,0,MGM,-700.0,0.0
DH,L,Adrian Del Castillo,Jack Leiter,R,5,ARI,TEX,away,7.65,ARI,680728.0,-415.0,-285.0,87.5,0,2025-08-12,0,MGM,-700.0,0.0
1B,R,Tyler Locklear,Jack Leiter,R,6,ARI,TEX,away,6.74,ARI,682988.0,-484.0,-616.0,91.7,0,2025-08-12,0,MGM,-1100.0,0.0
CF,L,Alek Thomas,Jack Leiter,R,7,ARI,TEX,away,6.69,ARI,677950.0,-488.0,-712.0,92.3,0,2025-08-12,0,MGM,-1200.0,0.0
3B,R,Blaze Alexander,Jack Leiter,R,8,ARI,TEX,away,5.7,ARI,677942.0,-590.0,-810.0,93.3,0,2025-08-12,1,MGM,-1400.0,0.0
C,S,Jose Herrera,Jack Leiter,R,9,ARI,TEX,away,5.16,ARI,645444.0,-663.0,-9337.0,99.0,0,2025-08-12,0,ESPN,-10000.0,0.0
LF,L,Josh Smith,Anthony DeSclafani,R,1,ARI,TEX,home,5.38,TEX,669701.0,-630.0,-270.0,90.0,0,2025-08-12,0,MGM,-900.0,0.0
SS,L,Corey Seager,Anthony DeSclafani,R,2,ARI,TEX,home,7.04,TEX,608369.0,-458.0,83.0,78.9,0,2025-08-12,0,MGM,-375.0,0.0
2B,R,Marcus Semien,Anthony DeSclafani,R,3,ARI,TEX,home,4.9,TEX,543760.0,-706.0,-94.0,88.9,0,2025-08-12,0,MGM,-800.0,0.0
DH,L,Joc Pederson,Anthony DeSclafani,R,4,ARI,TEX,home,6.76,TEX,592626.0,-481.0,-19.0,83.3,0,2025-08-12,0,MGM,-500.0,0.0
CF,R,Wyatt Langford,Anthony DeSclafani,R,5,ARI,TEX,home,5.88,TEX,694671.0,-570.0,-30.0,85.7,0,2025-08-12,0,MGM,-600.0,0.0
1B,L,Rowdy Tellez,Anthony DeSclafani,R,6,ARI,TEX,home,5.85,TEX,642133.0,-571.0,-79.0,86.7,0,2025-08-12,0,MGM,-650.0,0.0
RF,R,Adolis Garcia,Anthony DeSclafani,R,7,ARI,TEX,home,5.41,TEX,666969.0,-629.0,4.0,86.2,0,2025-08-12,0,MGM,-625.0,0.0
3B,R,Josh Jung,Anthony DeSclafani,R,8,ARI,TEX,home,3.19,TEX,673962.0,-1135.0,235.0,90.0,1,2025-08-12,0,MGM,-900.0,1.11
C,R,Kyle Higashioka,Anthony DeSclafani,R,9,ARI,TEX,home,4.08,TEX,543309.0,-862.0,-238.0,91.7,0,2025-08-12,0,MGM,-1100.0,0.0
LF,L,Roman Anthony,Spencer Arrighetti,R,1,BOS,HOU,away,5.53,BOS,701350.0,-614.0,-136.0,88.2,0,2025-08-12,1,MGM,-750.0,0.0
3B,R,Alex Bregman,Spencer Arrighetti,R,2,BOS,HOU,away,5.32,BOS,608324.0,-640.0,90.0,84.6,0,2025-08-12,1,MGM,-550.0,0.0
SS,R,Trevor Story,Spencer Arrighetti,R,3,BOS,HOU,away,6.27,BOS,596115.0,-528.0,-97.0,86.2,0,2025-08-12,0,MGM,-625.0,0.0
CF,L,Jarren Duran,Spencer Arrighetti,R,4,BOS,HOU,away,6.04,BOS,680776.0,-553.0,-47.0,85.7,0,2025-08-12,0,MGM,-600.0,0.0
RF,L,Wilyer Abreu,Spencer Arrighetti,R,5,BOS,HOU,away,6.88,BOS,677800.0,-471.0,-54.0,84.0,0,2025-08-12,0,MGM,-525.0,0.0
DH,L,Masataka Yoshida,Spencer Arrighetti,R,6,BOS,HOU,away,4.81,BOS,807799.0,-719.0,-481.0,92.3,0,2025-08-12,0,MGM,-1200.0,0.0
1B,S,Abraham Toro,Spencer Arrighetti,R,7,BOS,HOU,away,4.6,BOS,647351.0,-755.0,-645.0,93.3,0,2025-08-12,0,MGM,-1400.0,0.0
2B,R,Ceddanne Rafaela,Spencer Arrighetti,R,8,BOS,HOU,away,4.72,BOS,678882.0,-733.0,-367.0,91.7,0,2025-08-12,0,MGM,-1100.0,0.0
C,R,Carlos Narvaez,Spencer Arrighetti,R,9,BOS,HOU,away,4.28,BOS,665966.0,-817.0,-183.0,90.9,0,2025-08-12,1,MGM,-1000.0,0.0
SS,R,Jeremy Pena,Dustin May,R,1,BOS,HOU,home,4.47,HOU,665161.0,-777.0,-623.0,93.3,0,2025-08-12,0,MGM,-1400.0,0.0
LF,L,Jesus Sanchez,Dustin May,R,2,BOS,HOU,home,7.26,HOU,660821.0,-443.0,-457.0,90.0,0,2025-08-12,0,MGM,-900.0,0.0
DH,R,Jose Altuve,Dustin May,R,3,BOS,HOU,home,5.35,HOU,514888.0,-635.0,-365.0,90.9,0,2025-08-12,0,MGM,-1000.0,0.0
3B,R,Carlos Correa,Dustin May,R,4,BOS,HOU,home,5.2,HOU,621043.0,-657.0,-343.0,90.9,0,2025-08-12,0,MGM,-1000.0,0.0
1B,R,Christian Walker,Dustin May,R,5,BOS,HOU,home,6.82,HOU,572233.0,-477.0,-173.0,86.7,0,2025-08-12,0,MGM,-650.0,0.0
C,R,Yainer Diaz,Dustin May,R,6,BOS,HOU,home,4.56,HOU,673237.0,-762.0,-138.0,90.0,0,2025-08-12,0,MGM,-900.0,0.0
CF,L,Taylor Trammell,Dustin May,R,8,BOS,HOU,home,7.32,HOU,666211.0,-437.0,-963.0,93.3,0,2025-08-12,0,MGM,-1400.0,0.0
SS,R,Zach Neto,Emmet Sheehan,R,1,LAD,LAA,home,6.41,LAA,687263.0,-513.0,13.0,83.3,0,2025-08-12,0,MGM,-500.0,0.0
1B,L,Nolan Schanuel,Emmet Sheehan,R,2,LAD,LAA,home,4.88,LAA,694384.0,-706.0,-394.0,91.7,0,2025-08-12,0,MGM,-1100.0,0.0
DH,R,Mike Trout,Emmet Sheehan,R,3,LAD,LAA,home,7.53,LAA,545361.0,-423.0,23.0,80.0,0,2025-08-12,0,MGM,-400.0,0.0
LF,R,Taylor Ward,Emmet Sheehan,R,4,LAD,LAA,home,6.95,LAA,621493.0,-465.0,-60.0,84.0,0,2025-08-12,1,MGM,-525.0,0.0
3B,S,Yoan Moncada,Emmet Sheehan,R,5,LAD,LAA,home,7.29,LAA,660162.0,-440.0,-210.0,86.7,0,2025-08-12,0,MGM,-650.0,0.0
RF,R,Jo Adell,Emmet Sheehan,R,6,LAD,LAA,home,6.88,LAA,666176.0,-471.0,21.0,81.8,0,2025-08-12,0,MGM,-450.0,0.0
C,R,Logan O'Hoppe,Emmet Sheehan,R,7,LAD,LAA,home,5.67,LAA,681351.0,-594.0,69.0,84.0,0,2025-08-12,0,MGM,-525.0,0.0
2B,R,Christian Moore,Emmet Sheehan,R,8,LAD,LAA,home,5.68,LAA,695681.0,-594.0,-806.0,93.3,0,2025-08-12,0,ESPN,-1400.0,0.0
CF,R,Bryce Teodosio,Emmet Sheehan,R,9,LAD,LAA,home,5.2,LAA,669326.0,-657.0,-1843.0,96.2,0,2025-08-12,0,MGM,-2500.0,0.0
RF,R,Fernando Tatis,Robbie Ray,L,1,SD,SF,away,5.91,SD,665487.0,-566.0,-334.0,90.0,0,2025-08-12,0,MGM,-900.0,0.0
DH,L,Luis Arraez,Robbie Ray,L,2,SD,SF,away,2.39,SD,650333.0,-1539.0,-2461.0,97.6,0,2025-08-12,0,ESPN,-4000.0,0.0
3B,R,Manny Machado,Robbie Ray,L,3,SD,SF,away,6.29,SD,592518.0,-525.0,-125.0,86.7,0,2025-08-12,0,MGM,-650.0,0.0
CF,L,Jackson Merrill,Robbie Ray,L,4,SD,SF,away,4.38,SD,701538.0,-800.0,-400.0,92.3,0,2025-08-12,1,MGM,-1200.0,0.0
SS,R,Xander Bogaerts,Robbie Ray,L,5,SD,SF,away,4.64,SD,593428.0,-747.0,-853.0,94.1,0,2025-08-12,0,MGM,-1600.0,0.0
LF,R,Ramon Laureano,Robbie Ray,L,6,SD,SF,away,5.86,SD,657656.0,-571.0,-529.0,91.7,0,2025-08-12,0,MGM,-1100.0,0.0
1B,L,Jake Cronenworth,Robbie Ray,L,7,SD,SF,away,4.27,SD,630105.0,-825.0,-1175.0,95.2,0,2025-08-12,0,MGM,-2000.0,0.0
2B,R,Jose Iglesias,Robbie Ray,L,8,SD,SF,away,3.68,SD,578428.0,-974.0,-4026.0,98.0,0,2025-08-12,1,ESPN,-5000.0,0.0
LF,R,Heliot Ramos,Nestor Cortes,L,1,SD,SF,home,7.02,SF,671218.0,-461.0,-339.0,88.9,0,2025-08-12,0,MGM,-800.0,0.0
1B,L,Rafael Devers,Nestor Cortes,L,2,SD,SF,home,6.06,SF,646240.0,-549.0,-51.0,85.7,0,2025-08-12,0,MGM,-600.0,0.0
SS,R,Willy Adames,Nestor Cortes,L,3,SD,SF,home,6.6,SF,642715.0,-495.0,-155.0,86.7,0,2025-08-12,0,MGM,-650.0,0.0
3B,R,Matt Chapman,Nestor Cortes,L,4,SD,SF,home,5.96,SF,656305.0,-562.0,-63.0,86.2,0,2025-08-12,0,MGM,-625.0,0.0
DH,R,Wilmer Flores,Nestor Cortes,L,5,SD,SF,home,4.61,SF,527038.0,-754.0,-346.0,91.7,0,2025-08-12,0,MGM,-1100.0,0.0
2B,R,Casey Schmitt,Nestor Cortes,L,6,SD,SF,home,5.15,SF,669477.0,-663.0,-337.0,90.9,0,2025-08-12,0,MGM,-1000.0,0.0
CF,L,Jung Hoo Lee,Nestor Cortes,L,7,SD,SF,home,3.34,SF,808982.0,-1076.0,-1424.0,96.2,0,2025-08-12,0,MGM,-2500.0,0.0
C,S,Patrick Bailey,Nestor Cortes,L,8,SD,SF,home,4.09,SF,672275.0,-862.0,-1138.0,95.2,0,2025-08-12,0,MGM,-2000.0,0.0
CF,L,Chandler Simpson,Jacob Lopez,L,1,TB,ATH,away,2.07,TB,802415.0,-1787.0,-1013.0,96.6,0,2025-08-12,0,ESPN,-2800.0,0.0
1B,R,Yandy Diaz,Jacob Lopez,L,2,TB,ATH,away,6.2,TB,650490.0,-536.0,136.0,80.0,0,2025-08-12,0,MGM,-400.0,0.0
3B,R,Junior Caminero,Jacob Lopez,L,3,TB,ATH,away,7.21,TB,691406.0,-446.0,96.0,77.8,0,2025-08-12,0,MGM,-350.0,0.0
2B,R,Ha-Seong Kim,Jacob Lopez,L,4,TB,ATH,away,5.76,TB,673490.0,-584.0,-316.0,90.0,0,2025-08-12,0,MGM,-900.0,0.0
LF,S,Jake Mangum,Jacob Lopez,L,5,TB,ATH,away,3.76,TB,663968.0,-942.0,-1858.0,96.6,0,2025-08-12,0,ESPN,-2800.0,0.0
DH,R,Christopher Morel,Jacob Lopez,L,7,TB,ATH,away,6.84,TB,666624.0,-475.0,-75.0,84.6,0,2025-08-12,0,MGM,-550.0,0.0
C,R,Nick Fortes,Jacob Lopez,L,9,TB,ATH,away,4.0,TB,663743.0,-880.0,-320.0,92.3,0,2025-08-12,0,MGM,-1200.0,0.0
CF,L,Lawrence Butler,Shane Baz,R,1,TB,ATH,home,6.07,ATH,671732.0,-549.0,-151.0,87.5,0,2025-08-12,0,MGM,-700.0,0.0
1B,L,Nick Kurtz,Shane Baz,R,2,TB,ATH,home,8.95,ATH,701762.0,-340.0,-10.0,77.8,0,2025-08-12,0,MGM,-350.0,0.0
DH,R,Brent Rooker,Shane Baz,R,3,TB,ATH,home,6.83,ATH,667670.0,-477.0,127.0,77.8,0,2025-08-12,0,MGM,-350.0,0.0
C,R,Shea Langeliers,Shane Baz,R,4,TB,ATH,home,5.66,ATH,669127.0,-594.0,299.0,74.7,0,2025-08-12,0,MGM,-295.0,0.0
LF,L,Tyler Soderstrom,Shane Baz,R,5,TB,ATH,home,6.79,ATH,691016.0,-481.0,-119.0,85.7,0,2025-08-12,0,MGM,-600.0,0.0
SS,R,Darell Hernaiz,Shane Baz,R,7,TB,ATH,home,5.09,ATH,687231.0,-674.0,-726.0,93.3,0,2025-08-12,0,MGM,-1400.0,0.0
2B,R,Luis Urias,Shane Baz,R,8,TB,ATH,home,2.48,ATH,649966.0,-1487.0,287.0,92.3,1,2025-08-12,0,MGM,-1200.0,0.83
3B,R,Gio Urshela,Shane Baz,R,9,TB,ATH,home,4.1,ATH,570482.0,-861.0,-1139.0,95.2,0,2025-08-12,0,MGM,-2000.0,0.0
3B,L,Colt Keith,Shane Smith,R,1,DET,CWS,away,6.89,DET,690993.0,-466.0,-534.0,90.9,0,2025-08-13,0,MGM,-1000.0,0.0
2B,R,Gleyber Torres,Shane Smith,R,2,DET,CWS,away,4.91,DET,650402.0,-694.0,-406.0,91.7,0,2025-08-13,0,MGM,-1100.0,0.0
LF,L,Kerry Carpenter,Shane Smith,R,3,DET,CWS,away,8.37,DET,681481.0,-366.0,-134.0,83.3,0,2025-08-13,0,MGM,-500.0,0.0
1B,R,Spencer Torkelson,Shane Smith,R,4,DET,CWS,away,6.63,DET,679529.0,-489.0,-136.0,86.2,0,2025-08-13,0,MGM,-625.0,0.0
DH,L,Riley Greene,Shane Smith,R,5,DET,CWS,away,8.64,DET,682985.0,-351.0,-249.0,85.7,0,2025-08-13,0,MGM,-600.0,0.0
RF,S,Wenceel Perez,Shane Smith,R,6,DET,CWS,away,6.2,DET,672761.0,-530.0,-470.0,90.9,0,2025-08-13,0,MGM,-1000.0,0.0
CF,R,Javier Baez,Shane Smith,R,7,DET,CWS,away,4.75,DET,595879.0,-720.0,-680.0,93.3,0,2025-08-13,0,MGM,-1400.0,0.0
2B,R,Lenyn Sosa,Troy Melton,R,2,DET,CWS,home,5.79,CWS,672820.0,-576.0,-324.0,90.0,0,2025-08-13,0,ESPN,-900.0,0.0
SS,L,Colson Montgomery,Troy Melton,R,3,DET,CWS,home,9.11,CWS,695657.0,-328.0,-372.0,87.5,0,2025-08-13,0,ESPN,-700.0,0.0
CF,R,Luis Robert,Troy Melton,R,4,DET,CWS,home,6.78,CWS,673357.0,-475.0,-425.0,90.0,0,2025-08-13,0,ESPN,-900.0,0.0
LF,L,Andrew Benintendi,Troy Melton,R,5,DET,CWS,home,7.0,CWS,643217.0,-459.0,-541.0,90.9,0,2025-08-13,0,ESPN,-1000.0,0.0
DH,L,Kyle Teel,Troy Melton,R,7,DET,CWS,home,7.08,CWS,691019.0,-451.0,-1549.0,95.2,0,2025-08-13,0,ESPN,-2000.0,0.0
3B,R,Curtis Mead,Troy Melton,R,9,DET,CWS,home,5.73,CWS,678554.0,-581.0,-1419.0,95.2,0,2025-08-13,0,ESPN,-2000.0,0.0
LF,L,James Wood,Seth Lugo,R,1,WSH,KC,away,7.78,WSH,695578.0,-403.0,-297.0,87.5,0,2025-08-13,0,MGM,-700.0,0.0
SS,L,CJ Abrams,Seth Lugo,R,2,WSH,KC,away,5.93,WSH,682928.0,-559.0,-841.0,93.3,0,2025-08-13,1,MGM,-1400.0,0.0
2B,L,Luis Garcia,Seth Lugo,R,3,WSH,KC,away,5.9,WSH,671277.0,-563.0,-1437.0,95.2,0,2025-08-13,0,ESPN,-2000.0,0.0
DH,S,Josh Bell,Seth Lugo,R,4,WSH,KC,away,5.86,WSH,605137.0,-567.0,-433.0,90.9,0,2025-08-13,0,MGM,-1000.0,0.0
1B,L,Nathaniel Lowe,Seth Lugo,R,5,WSH,KC,away,4.98,WSH,663993.0,-682.0,-718.0,93.3,0,2025-08-13,1,MGM,-1400.0,0.0
RF,L,Daylen Lile,Seth Lugo,R,7,WSH,KC,away,4.17,WSH,695734.0,-836.0,-764.0,94.1,0,2025-08-13,0,ESPN,-1600.0,0.0
RF,L,Mike Yastrzemski,Jake Irvin,R,1,WSH,KC,home,6.23,KC,573262.0,-526.0,-374.0,90.0,0,2025-08-13,0,MGM,-900.0,0.0
SS,R,Bobby Witt,Jake Irvin,R,2,WSH,KC,home,7.06,KC,677951.0,-453.0,-147.0,85.7,0,2025-08-13,0,ESPN,-600.0,0.0
1B,L,Vinnie Pasquantino,Jake Irvin,R,3,WSH,KC,home,5.91,KC,686469.0,-559.0,-341.0,90.0,0,2025-08-13,1,MGM,-900.0,0.0
3B,R,Maikel Garcia,Jake Irvin,R,4,WSH,KC,home,4.19,KC,672580.0,-835.0,-765.0,94.1,0,2025-08-13,0,ESPN,-1600.0,0.0
C,R,Salvador Perez,Jake Irvin,R,5,WSH,KC,home,6.82,KC,521692.0,-472.0,-228.0,87.5,0,2025-08-13,0,MGM,-700.0,0.0
2B,L,Adam Frazier,Jake Irvin,R,6,WSH,KC,home,3.69,KC,624428.0,-954.0,-3046.0,97.6,0,2025-08-13,0,ESPN,-4000.0,0.0
DH,R,Jonathan India,Jake Irvin,R,7,WSH,KC,home,4.95,KC,663697.0,-688.0,-912.0,94.1,0,2025-08-13,0,MGM,-1600.0,0.0
LF,L,John Rave,Jake Irvin,R,8,WSH,KC,home,6.15,KC,670231.0,-534.0,-1066.0,94.1,0,2025-08-13,0,MGM,-1600.0,0.0
CF,L,Kyle Isbel,Jake Irvin,R,9,WSH,KC,home,1.5,KC,664728.0,-2532.0,-1468.0,97.6,0,2025-08-13,0,ESPN,-4000.0,0.0
1B,L,Spencer Horwitz,Brandon Woodruff,R,1,PIT,MIL,away,6.97,PIT,687462.0,-459.0,-541.0,90.9,0,2025-08-13,0,MGM,-1000.0,0.0
RF,S,Bryan Reynolds,Brandon Woodruff,R,3,PIT,MIL,away,6.28,PIT,668804.0,-522.0,-578.0,91.7,0,2025-08-13,1,MGM,-1100.0,0.0
2B,R,Nick Gonzales,Brandon Woodruff,R,4,PIT,MIL,away,4.13,PIT,693304.0,-844.0,-556.0,93.3,0,2025-08-13,0,ESPN,-1400.0,0.0
LF,R,Tommy Pham,Brandon Woodruff,R,6,PIT,MIL,away,2.3,PIT,502054.0,-1595.0,195.0,93.3,1,2025-08-13,0,MGM,-1400.0,0.71
SS,R,Jared Triolo,Brandon Woodruff,R,8,PIT,MIL,away,5.05,PIT,669707.0,-675.0,-1325.0,95.2,0,2025-08-13,0,MGM,-2000.0,0.0
3B,R,Isiah Kiner-Falefa,Brandon Woodruff,R,9,PIT,MIL,away,3.68,PIT,643396.0,-964.0,-4036.0,98.0,0,2025-08-13,0,ESPN,-5000.0,0.0
RF,L,Sal Frelick,Mitch Keller,R,1,PIT,MIL,home,4.6,MIL,686217.0,-748.0,-852.0,94.1,0,2025-08-13,0,MGM,-1600.0,0.0
LF,S,Isaac Collins,Mitch Keller,R,2,PIT,MIL,home,5.33,MIL,686555.0,-631.0,-769.0,93.3,0,2025-08-13,0,MGM,-1400.0,0.0
C,R,William Contreras,Mitch Keller,R,3,PIT,MIL,home,4.03,MIL,661388.0,-871.0,121.0,88.2,0,2025-08-13,0,MGM,-750.0,0.0
DH,L,Christian Yelich,Mitch Keller,R,4,PIT,MIL,home,5.95,MIL,592885.0,-554.0,-146.0,87.5,0,2025-08-13,0,MGM,-700.0,0.0
1B,R,Andrew Vaughn,Mitch Keller,R,5,PIT,MIL,home,5.9,MIL,683734.0,-563.0,-87.0,86.7,0,2025-08-13,0,MGM,-650.0,0.0
3B,R,Caleb Durbin,Mitch Keller,R,6,PIT,MIL,home,3.98,MIL,702332.0,-881.0,-1119.0,95.2,0,2025-08-13,0,MGM,-2000.0,0.0
CF,S,Blake Perkins,Mitch Keller,R,8,PIT,MIL,home,5.52,MIL,663368.0,-605.0,-1895.0,96.2,0,2025-08-13,0,MGM,-2500.0,0.0
SS,R,Joey Ortiz,Mitch Keller,R,9,PIT,MIL,home,3.41,MIL,687401.0,-1049.0,-551.0,94.1,0,2025-08-13,0,ESPN,-1600.0,0.0
RF,R,Tyler Freeman,Michael McGreevy,R,1,COL,STL,away,3.37,COL,671289.0,-1063.0,-1437.0,96.2,0,2025-08-13,0,MGM,-2500.0,0.0
CF,L,Mickey Moniak,Michael McGreevy,R,2,COL,STL,away,5.92,COL,666160.0,-559.0,-66.0,86.2,0,2025-08-13,1,MGM,-625.0,0.0
SS,R,Ezequiel Tovar,Michael McGreevy,R,3,COL,STL,away,5.18,COL,678662.0,-653.0,-447.0,91.7,0,2025-08-13,0,MGM,-1100.0,0.0
LF,R,Jordan Beck,Michael McGreevy,R,4,COL,STL,away,4.65,COL,687597.0,-741.0,-359.0,91.7,0,2025-08-13,0,MGM,-1100.0,0.0
1B,R,Warming Bernabel,Michael McGreevy,R,5,COL,STL,away,5.54,COL,682653.0,-605.0,-1395.0,95.2,0,2025-08-13,0,ESPN,-2000.0,0.0
DH,L,Yanquiel Fernandez,Michael McGreevy,R,7,COL,STL,away,5.64,COL,692585.0,-590.0,-510.0,91.7,0,2025-08-13,0,MGM,-1100.0,0.0
C,R,Braxton Fulford,Michael McGreevy,R,8,COL,STL,away,5.47,COL,690924.0,-615.0,-1385.0,95.2,0,2025-08-13,0,MGM,-2000.0,0.0
2B,S,Adael Amador,Michael McGreevy,R,9,COL,STL,away,5.35,COL,691182.0,-631.0,-1869.0,96.2,0,2025-08-13,0,MGM,-2500.0,0.0
2B,L,Brendan Donovan,Austin Gomber,L,1,COL,STL,home,4.58,STL,680977.0,-755.0,-445.0,92.3,0,2025-08-13,0,MGM,-1200.0,0.0
LF,R,Ivan Herrera,Austin Gomber,L,2,COL,STL,home,8.56,STL,671056.0,-357.0,-243.0,85.7,0,2025-08-13,0,MGM,-600.0,0.0
SS,R,Masyn Winn,Austin Gomber,L,3,COL,STL,home,5.84,STL,691026.0,-567.0,-83.0,86.7,0,2025-08-13,0,MGM,-650.0,0.0
1B,L,Alec Burleson,Austin Gomber,L,4,COL,STL,home,5.04,STL,676475.0,-676.0,-74.0,88.2,0,2025-08-13,1,MGM,-750.0,0.0
DH,L,Nolan Gorman,Austin Gomber,L,5,COL,STL,home,6.41,STL,669357.0,-510.0,-40.0,84.6,0,2025-08-13,0,MGM,-550.0,0.0
RF,R,Jordan Walker,Austin Gomber,L,6,COL,STL,home,6.53,STL,691023.0,-499.0,-301.0,88.9,0,2025-08-13,0,MGM,-800.0,0.0
CF,L,Lars Nootbaar,Austin Gomber,L,7,COL,STL,home,5.26,STL,663457.0,-641.0,-109.0,88.2,0,2025-08-13,1,MGM,-750.0,0.0
C,R,Pedro Pages,Austin Gomber,L,9,COL,STL,home,5.28,STL,686780.0,-641.0,-359.0,90.9,0,2025-08-13,0,MGM,-1000.0,0.0
RF,L,Corbin Carroll,Merrill Kelly,R,1,ARI,TEX,away,8.16,ARI,682998.0,-379.0,94.0,74.0,0,2025-08-13,0,MGM,-285.0,0.0
2B,S,Ketel Marte,Merrill Kelly,R,2,ARI,TEX,away,7.45,ARI,606466.0,-424.0,-26.0,81.8,0,2025-08-13,1,MGM,-450.0,0.0
SS,S,Geraldo Perdomo,Merrill Kelly,R,3,ARI,TEX,away,4.66,ARI,672695.0,-740.0,-460.0,92.3,0,2025-08-13,1,MGM,-1200.0,0.0
LF,R,Lourdes Gurriel,Merrill Kelly,R,4,ARI,TEX,away,4.8,ARI,666971.0,-714.0,-36.0,88.2,0,2025-08-13,0,MGM,-750.0,0.0
DH,L,Adrian Del Castillo,Merrill Kelly,R,5,ARI,TEX,away,7.28,ARI,680728.0,-436.0,-214.0,86.7,0,2025-08-13,0,MGM,-650.0,0.0
1B,R,Tyler Locklear,Merrill Kelly,R,6,ARI,TEX,away,6.45,ARI,682988.0,-507.0,-693.0,92.3,0,2025-08-13,0,MGM,-1200.0,0.0
CF,L,Alek Thomas,Merrill Kelly,R,7,ARI,TEX,away,6.26,ARI,677950.0,-526.0,-674.0,92.3,0,2025-08-13,0,MGM,-1200.0,0.0
C,R,James McCann,Merrill Kelly,R,8,ARI,TEX,away,5.51,ARI,543510.0,-610.0,-990.0,94.1,0,2025-08-13,1,ESPN,-1600.0,0.0
3B,R,Blaze Alexander,Merrill Kelly,R,9,ARI,TEX,away,5.1,ARI,677942.0,-664.0,-736.0,93.3,0,2025-08-13,0,MGM,-1400.0,0.0
LF,L,Josh Smith,Zac Gallen,R,1,ARI,TEX,home,5.15,TEX,669701.0,-658.0,-542.0,92.3,0,2025-08-13,0,MGM,-1200.0,0.0
SS,L,Corey Seager,Zac Gallen,R,2,ARI,TEX,home,7.19,TEX,608369.0,-444.0,-6.0,81.8,0,2025-08-13,0,MGM,-450.0,0.0
2B,R,Marcus Semien,Zac Gallen,R,3,ARI,TEX,home,4.46,TEX,543760.0,-777.0,27.0,88.2,0,2025-08-13,0,MGM,-750.0,0.0
DH,L,Joc Pederson,Zac Gallen,R,4,ARI,TEX,home,6.71,TEX,592626.0,-482.0,-118.0,85.7,0,2025-08-13,0,MGM,-600.0,0.0
3B,R,Josh Jung,Zac Gallen,R,8,ARI,TEX,home,4.75,TEX,673962.0,-720.0,-380.0,91.7,0,2025-08-13,0,MGM,-1100.0,0.0
RF,R,Fernando Tatis,Kai-Wei Teng,R,1,SD,SF,away,5.99,SD,665487.0,-550.0,-200.0,88.2,0,2025-08-13,0,MGM,-750.0,0.0
DH,L,Luis Arraez,Kai-Wei Teng,R,2,SD,SF,away,3.74,SD,650333.0,-943.0,-3057.0,97.6,0,2025-08-13,0,ESPN,-4000.0,0.0
3B,R,Manny Machado,Kai-Wei Teng,R,3,SD,SF,away,5.2,SD,592518.0,-653.0,-47.0,87.5,0,2025-08-13,0,MGM,-700.0,0.0
1B,L,Ryan O'Hearn,Kai-Wei Teng,R,4,SD,SF,away,5.24,SD,656811.0,-647.0,-553.0,92.3,0,2025-08-13,0,MGM,-1200.0,0.0
SS,R,Xander Bogaerts,Kai-Wei Teng,R,5,SD,SF,away,3.4,SD,593428.0,-1049.0,-951.0,95.2,0,2025-08-13,0,MGM,-2000.0,0.0
CF,L,Jackson Merrill,Kai-Wei Teng,R,6,SD,SF,away,5.18,SD,701538.0,-653.0,-147.0,88.9,0,2025-08-13,0,MGM,-800.0,0.0
LF,R,Ramon Laureano,Kai-Wei Teng,R,7,SD,SF,away,5.03,SD,657656.0,-676.0,-424.0,91.7,0,2025-08-13,1,MGM,-1100.0,0.0
2B,L,Jake Cronenworth,Kai-Wei Teng,R,8,SD,SF,away,4.49,SD,630105.0,-770.0,-630.0,93.3,0,2025-08-13,0,MGM,-1400.0,0.0
LF,R,Heliot Ramos,Nick Pivetta,R,1,SD,SF,home,4.56,SF,671218.0,-756.0,-244.0,90.9,0,2025-08-13,0,MGM,-1000.0,0.0
DH,L,Rafael Devers,Nick Pivetta,R,2,SD,SF,home,7.71,SF,646240.0,-406.0,-194.0,85.7,0,2025-08-13,0,MGM,-600.0,0.0
SS,R,Willy Adames,Nick Pivetta,R,3,SD,SF,home,5.98,SF,642715.0,-554.0,-146.0,87.5,0,2025-08-13,0,MGM,-700.0,0.0
1B,L,Dominic Smith,Nick Pivetta,R,4,SD,SF,home,5.91,SF,642086.0,-559.0,-1041.0,94.1,0,2025-08-13,0,MGM,-1600.0,0.0
CF,L,Jung Hoo Lee,Nick Pivetta,R,6,SD,SF,home,2.25,SF,808982.0,-1626.0,-1174.0,96.6,0,2025-08-13,0,ESPN,-2800.0,0.0
2B,R,Casey Schmitt,Nick Pivetta,R,7,SD,SF,home,4.69,SF,669477.0,-734.0,-466.0,92.3,0,2025-08-13,0,MGM,-1200.0,0.0
CF,L,TJ Friedl,Cristopher Sanchez,L,1,PHI,CIN,home,3.44,CIN,670770.0,-1036.0,-1964.0,96.8,0,2025-08-13,0,MGM,-3000.0,0.0
1B,R,Spencer Steer,Cristopher Sanchez,L,2,PHI,CIN,home,4.91,CIN,668715.0,-694.0,-506.0,92.3,0,2025-08-13,0,MGM,-1200.0,0.0
SS,S,Elly De La Cruz,Cristopher Sanchez,L,3,PHI,CIN,home,6.8,CIN,682829.0,-475.0,-525.0,90.9,0,2025-08-13,0,MGM,-1000.0,0.0
LF,R,Austin Hays,Cristopher Sanchez,L,4,PHI,CIN,home,7.02,CIN,669720.0,-456.0,-344.0,88.9,0,2025-08-13,0,MGM,-800.0,0.0
DH,R,Miguel Andujar,Cristopher Sanchez,L,5,PHI,CIN,home,5.1,CIN,609280.0,-664.0,-1336.0,95.2,0,2025-08-13,1,MGM,-2000.0,0.0
RF,R,Noelvi Marte,Cristopher Sanchez,L,6,PHI,CIN,home,6.21,CIN,682622.0,-530.0,-870.0,93.3,0,2025-08-13,0,MGM,-1400.0,0.0
C,R,Tyler Stephenson,Cristopher Sanchez,L,7,PHI,CIN,home,6.59,CIN,663886.0,-492.0,-608.0,91.7,0,2025-08-13,0,MGM,-1100.0,0.0
3B,R,Ke'Bryan Hayes,Cristopher Sanchez,L,9,PHI,CIN,home,3.94,CIN,663647.0,-891.0,-1109.0,95.2,0,2025-08-13,0,MGM,-2000.0,0.0
SS,L,J.P. Crawford,Trevor Rogers,L,1,SEA,BAL,away,4.43,SEA,641487.0,-778.0,-1722.0,96.2,0,2025-08-13,0,MGM,-2500.0,0.0
CF,R,Julio Rodriguez,Trevor Rogers,L,2,SEA,BAL,away,5.43,SEA,677594.0,-620.0,70.0,84.6,0,2025-08-13,0,MGM,-550.0,0.0
DH,S,Cal Raleigh,Trevor Rogers,L,3,SEA,BAL,away,8.41,SEA,663728.0,-364.0,14.0,77.8,0,2025-08-13,0,MGM,-350.0,0.0
3B,R,Eugenio Suarez,Trevor Rogers,L,4,SEA,BAL,away,7.06,SEA,553993.0,-453.0,-147.0,85.7,0,2025-08-13,0,MGM,-600.0,0.0
LF,R,Randy Arozarena,Trevor Rogers,L,5,SEA,BAL,away,5.8,SEA,668227.0,-572.0,-78.0,86.7,0,2025-08-13,0,MGM,-650.0,0.0
1B,L,Josh Naylor,Trevor Rogers,L,6,SEA,BAL,away,4.3,SEA,647304.0,-809.0,-191.0,90.9,0,2025-08-13,0,MGM,-1000.0,0.0
2B,S,Jorge Polanco,Trevor Rogers,L,7,SEA,BAL,away,5.31,SEA,593871.0,-636.0,-164.0,88.9,0,2025-08-13,0,MGM,-800.0,0.0
C,R,Mitch Garver,Trevor Rogers,L,8,SEA,BAL,away,5.38,SEA,641598.0,-625.0,-375.0,90.9,0,2025-08-13,0,ESPN,-1000.0,0.0
2B,L,Jackson Holliday,Logan Gilbert,R,1,SEA,BAL,home,6.42,BAL,702616.0,-507.0,-593.0,91.7,0,2025-08-13,0,MGM,-1100.0,0.0
RF,R,Jackson Holliday,Logan Gilbert,R,7,SEA,BAL,home,4.15,BAL,702616.0,-843.0,-257.0,91.7,0,2025-08-13,0,MGM,-1100.0,0.0
3B,R,Jordan Westburg,Logan Gilbert,R,2,SEA,BAL,home,5.52,BAL,676059.0,-605.0,-195.0,88.9,0,2025-08-13,0,MGM,-800.0,0.0
SS,L,Gunnar Henderson,Logan Gilbert,R,3,SEA,BAL,home,6.42,BAL,683002.0,-507.0,-43.0,84.6,0,2025-08-13,0,MGM,-550.0,0.0
C,S,Adley Rutschman,Logan Gilbert,R,4,SEA,BAL,home,5.66,BAL,668939.0,-590.0,-160.0,88.2,0,2025-08-13,0,MGM,-750.0,0.0
DH,R,Ryan Mountcastle,Logan Gilbert,R,5,SEA,BAL,home,5.07,BAL,663624.0,-670.0,-330.0,90.9,0,2025-08-13,1,MGM,-1000.0,0.0
1B,R,Coby Mayo,Logan Gilbert,R,6,SEA,BAL,home,4.3,BAL,691723.0,-809.0,-191.0,90.9,0,2025-08-13,0,MGM,-1000.0,0.0
LF,S,Dylan Carlson,Logan Gilbert,R,8,SEA,BAL,home,5.48,BAL,666185.0,-614.0,-986.0,94.1,0,2025-08-13,0,MGM,-1600.0,0.0
2B,S,Xavier Edwards,Gavin Williams,R,1,MIA,CLE,away,3.83,MIA,669364.0,-920.0,-3080.0,97.6,0,2025-08-13,1,ESPN,-4000.0,0.0
LF,L,Kyle Stowers,Gavin Williams,R,2,MIA,CLE,away,8.13,MIA,669065.0,-381.0,-269.0,86.7,0,2025-08-13,0,MGM,-650.0,0.0
C,R,Agustin Ramirez,Gavin Williams,R,3,MIA,CLE,away,5.97,MIA,682663.0,-554.0,-196.0,88.2,0,2025-08-13,0,MGM,-750.0,0.0
1B,L,Liam Hicks,Gavin Williams,R,4,MIA,CLE,away,4.58,MIA,689414.0,-755.0,-2045.0,96.6,0,2025-08-13,0,ESPN,-2800.0,0.0
SS,R,Otto Lopez,Gavin Williams,R,5,MIA,CLE,away,4.46,MIA,672640.0,-777.0,-823.0,94.1,0,2025-08-13,0,MGM,-1600.0,0.0
CF,L,Jakob Marsee,Gavin Williams,R,6,MIA,CLE,away,6.75,MIA,805300.0,-479.0,-1521.0,95.2,0,2025-08-13,1,MGM,-2000.0,0.0
DH,R,Heriberto Hernandez,Gavin Williams,R,7,MIA,CLE,away,5.61,MIA,681715.0,-595.0,-805.0,93.3,0,2025-08-13,0,MGM,-1400.0,0.0
RF,L,Troy Johnston,Gavin Williams,R,8,MIA,CLE,away,5.82,MIA,687859.0,-572.0,-1028.0,94.1,0,2025-08-13,0,MGM,-1600.0,0.0
3B,L,Graham Pauley,Gavin Williams,R,9,MIA,CLE,away,5.28,MIA,688363.0,-641.0,-1359.0,95.2,0,2025-08-13,1,MGM,-2000.0,0.0
LF,L,Steven Kwan,Eury Perez,R,1,MIA,CLE,home,4.27,CLE,680757.0,-817.0,-783.0,94.1,0,2025-08-13,1,MGM,-1600.0,0.0
CF,L,Daniel Schneemann,Eury Perez,R,2,MIA,CLE,home,6.85,CLE,682177.0,-469.0,-331.0,88.9,0,2025-08-13,0,MGM,-800.0,0.0
3B,S,Jose Ramirez,Eury Perez,R,3,MIA,CLE,home,6.1,CLE,608070.0,-542.0,92.0,81.8,0,2025-08-13,0,MGM,-450.0,0.0
DH,L,Kyle Manzardo,Eury Perez,R,4,MIA,CLE,home,6.56,CLE,700932.0,-496.0,96.0,80.0,0,2025-08-13,0,MGM,-400.0,0.0
SS,R,Gabriel Arias,Eury Perez,R,6,MIA,CLE,home,5.67,CLE,672356.0,-590.0,-610.0,92.3,0,2025-08-13,1,MGM,-1200.0,0.0
C,L,Bo Naylor,Eury Perez,R,7,MIA,CLE,home,6.56,CLE,666310.0,-496.0,-129.0,86.2,0,2025-08-13,0,MGM,-625.0,0.0
2B,S,Brayan Rocchio,Eury Perez,R,9,MIA,CLE,home,4.18,CLE,677587.0,-836.0,-2164.0,96.8,0,2025-08-13,0,MGM,-3000.0,0.0
CF,R,Byron Buxton,Cam Schlittler,R,1,MIN,NYY,away,7.2,MIN,621439.0,-442.0,92.0,77.8,0,2025-08-13,0,MGM,-350.0,0.0
RF,L,Matt Wallner,Cam Schlittler,R,2,MIN,NYY,away,7.11,MIN,670242.0,-450.0,0.0,81.8,0,2025-08-13,0,MGM,-450.0,0.0
C,R,Ryan Jeffers,Cam Schlittler,R,3,MIN,NYY,away,5.53,MIN,680777.0,-605.0,-95.0,87.5,0,2025-08-13,0,MGM,-700.0,0.0
1B,L,Kody Clemens,Cam Schlittler,R,4,MIN,NYY,away,7.81,MIN,665019.0,-400.0,-50.0,81.8,0,2025-08-13,0,MGM,-450.0,0.0
2B,R,Luke Keaschall,Cam Schlittler,R,5,MIN,NYY,away,6.54,MIN,807712.0,-496.0,-254.0,88.2,0,2025-08-13,0,MGM,-750.0,0.0
DH,L,Trevor Larnach,Cam Schlittler,R,6,MIN,NYY,away,7.03,MIN,663616.0,-456.0,-344.0,88.9,0,2025-08-13,0,MGM,-800.0,0.0
SS,S,Brooks Lee,Cam Schlittler,R,7,MIN,NYY,away,5.82,MIN,686797.0,-572.0,-628.0,92.3,0,2025-08-13,0,MGM,-1200.0,0.0
3B,R,Royce Lewis,Cam Schlittler,R,8,MIN,NYY,away,5.87,MIN,668904.0,-567.0,42.0,84.0,0,2025-08-13,0,MGM,-525.0,0.0
CF,L,Trent Grisham,Joe Ryan,R,1,MIN,NYY,home,7.98,NYY,663757.0,-389.0,-11.0,80.0,0,2025-08-13,0,MGM,-400.0,0.0
DH,R,Aaron Judge,Joe Ryan,R,2,MIN,NYY,home,9.17,NYY,592450.0,-326.0,76.0,71.4,0,2025-08-13,0,MGM,-250.0,0.0
LF,L,Cody Bellinger,Joe Ryan,R,3,MIN,NYY,home,6.2,NYY,641355.0,-530.0,30.0,83.3,0,2025-08-13,1,MGM,-500.0,0.0
RF,R,Giancarlo Stanton,Joe Ryan,R,4,MIN,NYY,home,7.99,NYY,519317.0,-388.0,13.0,78.9,0,2025-08-13,0,MGM,-375.0,0.0
C,L,Ben Rice,Joe Ryan,R,5,MIN,NYY,home,7.44,NYY,700250.0,-425.0,-25.0,81.8,0,2025-08-13,0,MGM,-450.0,0.0
2B,L,Jazz Chisholm,Joe Ryan,R,6,MIN,NYY,home,8.58,NYY,665862.0,-355.0,-95.0,81.8,0,2025-08-13,0,MGM,-450.0,0.0
3B,L,Ryan McMahon,Joe Ryan,R,8,MIN,NYY,home,7.49,NYY,641857.0,-421.0,-129.0,84.6,0,2025-08-13,0,MGM,-550.0,0.0
SS,R,Anthony Volpe,Joe Ryan,R,9,MIN,NYY,home,5.06,NYY,683011.0,-670.0,-330.0,90.9,0,2025-08-13,0,MGM,-1000.0,0.0
1B,L,Michael Busch,Kevin Gausman,R,1,CHC,TOR,away,7.09,CHC,683737.0,-450.0,-200.0,86.7,0,2025-08-13,1,MGM,-650.0,0.0
RF,L,Kyle Tucker,Kevin Gausman,R,2,CHC,TOR,away,6.21,CHC,663656.0,-530.0,-95.0,86.2,0,2025-08-13,0,MGM,-625.0,0.0
DH,R,Seiya Suzuki,Kevin Gausman,R,3,CHC,TOR,away,7.07,CHC,673548.0,-453.0,-72.0,84.0,0,2025-08-13,0,MGM,-525.0,0.0
CF,L,Pete Crow-Armstrong,Kevin Gausman,R,4,CHC,TOR,away,6.46,CHC,691718.0,-503.0,-147.0,86.7,0,2025-08-13,0,MGM,-650.0,0.0
LF,S,Ian Happ,Kevin Gausman,R,6,CHC,TOR,away,5.61,CHC,664023.0,-595.0,-155.0,88.2,0,2025-08-13,0,MGM,-750.0,0.0
SS,R,Dansby Swanson,Kevin Gausman,R,7,CHC,TOR,away,5.5,CHC,621020.0,-610.0,-140.0,88.2,0,2025-08-13,0,MGM,-750.0,0.0
2B,R,Nico Hoerner,Kevin Gausman,R,8,CHC,TOR,away,4.06,CHC,663538.0,-862.0,-2138.0,96.8,0,2025-08-13,0,MGM,-3000.0,0.0
3B,R,Matt Shaw,Kevin Gausman,R,9,CHC,TOR,away,5.01,CHC,807713.0,-681.0,-519.0,92.3,0,2025-08-13,1,MGM,-1200.0,0.0
LF,L,Nathan Lukes,Cade Horton,R,1,CHC,TOR,home,5.39,TOR,664770.0,-625.0,-1375.0,95.2,0,2025-08-13,0,MGM,-2000.0,0.0
SS,R,Bo Bichette,Cade Horton,R,2,CHC,TOR,home,4.53,TOR,666182.0,-763.0,-37.0,88.9,0,2025-08-13,0,MGM,-800.0,0.0
1B,R,Vladimir Guerrero,Cade Horton,R,3,CHC,TOR,home,6.15,TOR,665489.0,-534.0,34.0,83.3,0,2025-08-13,0,MGM,-500.0,0.0
RF,L,Addison Barger,Cade Horton,R,4,CHC,TOR,home,6.24,TOR,680718.0,-526.0,-174.0,87.5,0,2025-08-13,0,MGM,-700.0,0.0
C,R,Alejandro Kirk,Cade Horton,R,5,CHC,TOR,home,4.76,TOR,672386.0,-720.0,-480.0,92.3,0,2025-08-13,0,MGM,-1200.0,0.0
CF,L,Daulton Varsho,Cade Horton,R,6,CHC,TOR,home,7.31,TOR,662139.0,-435.0,-215.0,86.7,0,2025-08-13,0,MGM,-650.0,0.0
DH,R,Ty France,Cade Horton,R,7,CHC,TOR,home,4.7,TOR,664034.0,-733.0,-1767.0,96.2,0,2025-08-13,0,ESPN,-2500.0,0.0
3B,R,Ernie Clement,Cade Horton,R,8,CHC,TOR,home,3.51,TOR,676391.0,-1012.0,-988.0,95.2,0,2025-08-13,0,MGM,-2000.0,0.0
2B,L,Andres Gimenez,Cade Horton,R,9,CHC,TOR,home,4.02,TOR,665926.0,-872.0,-2628.0,97.2,0,2025-08-13,0,ESPN,-3500.0,0.0
LF,L,Roman Anthony,Hunter Brown,R,1,BOS,HOU,away,5.92,BOS,701350.0,-559.0,-441.0,90.9,0,2025-08-13,0,MGM,-1000.0,0.0
3B,R,Alex Bregman,Hunter Brown,R,2,BOS,HOU,away,5.06,BOS,608324.0,-670.0,-30.0,87.5,0,2025-08-13,0,MGM,-700.0,0.0
SS,R,Trevor Story,Hunter Brown,R,3,BOS,HOU,away,5.6,BOS,596115.0,-595.0,-405.0,90.9,0,2025-08-13,0,MGM,-1000.0,0.0
CF,L,Jarren Duran,Hunter Brown,R,4,BOS,HOU,away,5.78,BOS,680776.0,-576.0,-174.0,88.2,0,2025-08-13,0,MGM,-750.0,0.0
RF,L,Wilyer Abreu,Hunter Brown,R,5,BOS,HOU,away,6.57,BOS,677800.0,-496.0,-154.0,86.7,0,2025-08-13,0,MGM,-650.0,0.0
DH,L,Masataka Yoshida,Hunter Brown,R,6,BOS,HOU,away,5.01,BOS,807799.0,-681.0,-919.0,94.1,0,2025-08-13,0,MGM,-1600.0,0.0
2B,R,Ceddanne Rafaela,Hunter Brown,R,8,BOS,HOU,away,4.7,BOS,678882.0,-733.0,-867.0,94.1,0,2025-08-13,0,MGM,-1600.0,0.0
SS,R,Jeremy Pena,Walker Buehler,R,1,BOS,HOU,home,5.09,HOU,665161.0,-669.0,-31.0,87.5,0,2025-08-13,1,MGM,-700.0,0.0
LF,L,Jesus Sanchez,Walker Buehler,R,2,BOS,HOU,home,7.41,HOU,660821.0,-427.0,-273.0,87.5,0,2025-08-13,0,MGM,-700.0,0.0
DH,R,Jose Altuve,Walker Buehler,R,3,BOS,HOU,home,5.21,HOU,514888.0,-647.0,-103.0,88.2,0,2025-08-13,0,MGM,-750.0,0.0
1B,R,Christian Walker,Walker Buehler,R,5,BOS,HOU,home,6.46,HOU,572233.0,-503.0,-147.0,86.7,0,2025-08-13,0,MGM,-650.0,0.0
C,R,Yainer Diaz,Walker Buehler,R,6,BOS,HOU,home,4.71,HOU,673237.0,-727.0,-273.0,90.9,0,2025-08-13,1,ESPN,-1000.0,0.0
RF,R,Cam Smith,Walker Buehler,R,7,BOS,HOU,home,3.7,HOU,701358.0,-954.0,-446.0,93.3,0,2025-08-13,0,MGM,-1400.0,0.0
2B,R,Mauricio Dubon,Walker Buehler,R,9,BOS,HOU,home,3.53,HOU,643289.0,-1011.0,-1489.0,96.2,0,2025-08-13,0,MGM,-2500.0,0.0
RF,R,Eli White,David Peterson,L,1,ATL,NYM,away,5.35,ATL,642201.0,-631.0,-1369.0,95.2,0,2025-08-13,0,MGM,-2000.0,0.0
2B,S,Ozzie Albies,David Peterson,L,2,ATL,NYM,away,4.2,ATL,645277.0,-827.0,-273.0,91.7,0,2025-08-13,0,MGM,-1100.0,0.0
1B,L,Matt Olson,David Peterson,L,3,ATL,NYM,away,5.31,ATL,621566.0,-636.0,-114.0,88.2,0,2025-08-13,0,MGM,-750.0,0.0
DH,R,Marcell Ozuna,David Peterson,L,4,ATL,NYM,away,5.65,ATL,542303.0,-590.0,-310.0,90.0,0,2025-08-13,1,ESPN,-900.0,0.0
C,R,Sean Murphy,David Peterson,L,5,ATL,NYM,away,7.26,ATL,669221.0,-438.0,-262.0,87.5,0,2025-08-13,0,MGM,-700.0,0.0
LF,S,Jurickson Profar,David Peterson,L,6,ATL,NYM,away,5.2,ATL,595777.0,-653.0,-447.0,91.7,0,2025-08-13,0,MGM,-1100.0,0.0
3B,R,Nacho Alvarez,David Peterson,L,8,ATL,NYM,away,6.4,ATL,805373.0,-510.0,-3490.0,97.6,0,2025-08-13,0,ESPN,-4000.0,0.0
SS,R,Nick Allen,David Peterson,L,9,ATL,NYM,away,3.98,ATL,669397.0,-881.0,-4119.0,98.0,0,2025-08-13,0,ESPN,-5000.0,0.0
SS,S,Francisco Lindor,Carlos Carrasco,R,1,ATL,NYM,home,5.35,NYM,596019.0,-631.0,-69.0,87.5,0,2025-08-13,0,MGM,-700.0,0.0
RF,L,Juan Soto,Carlos Carrasco,R,2,ATL,NYM,home,8.32,NYM,665742.0,-370.0,45.0,76.5,0,2025-08-13,1,MGM,-325.0,0.0
1B,R,Pete Alonso,Carlos Carrasco,R,3,ATL,NYM,home,7.27,NYM,624413.0,-438.0,38.0,80.0,0,2025-08-13,0,MGM,-400.0,0.0
LF,L,Brandon Nimmo,Carlos Carrasco,R,4,ATL,NYM,home,3.59,NYM,607043.0,-988.0,363.0,86.2,0,2025-08-13,0,MGM,-625.0,0.0
2B,L,Jeff McNeil,Carlos Carrasco,R,5,ATL,NYM,home,5.14,NYM,643446.0,-658.0,-542.0,92.3,0,2025-08-13,0,MGM,-1200.0,0.0
CF,L,Cedric Mullins,Carlos Carrasco,R,7,ATL,NYM,home,2.38,NYM,656775.0,-1539.0,639.0,90.0,1,2025-08-13,0,MGM,-900.0,1.11
C,R,Francisco Alvarez,Carlos Carrasco,R,9,ATL,NYM,home,5.32,NYM,682626.0,-636.0,-64.0,87.5,0,2025-08-13,0,MGM,-700.0,0.0
DH,L,Shohei Ohtani,Kyle Hendricks,R,1,LAD,LAA,away,11.28,LAD,660271.0,-247.0,47.0,66.7,0,2025-08-13,0,MGM,-200.0,0.0
SS,R,Mookie Betts,Kyle Hendricks,R,2,LAD,LAA,away,5.76,LAD,605141.0,-576.0,51.0,84.0,0,2025-08-13,0,MGM,-525.0,0.0
1B,L,Freddie Freeman,Kyle Hendricks,R,3,LAD,LAA,away,8.11,LAD,518692.0,-381.0,-19.0,80.0,0,2025-08-13,0,MGM,-400.0,0.0
C,R,Will Smith,Kyle Hendricks,R,4,LAD,LAA,away,7.16,LAD,669257.0,-445.0,-5.0,81.8,0,2025-08-13,1,MGM,-450.0,0.0
RF,R,Teoscar Hernandez,Kyle Hendricks,R,6,LAD,LAA,away,3.4,LAD,606192.0,-1049.0,549.0,83.3,0,2025-08-13,0,MGM,-500.0,0.0
CF,R,Andy Pages,Kyle Hendricks,R,8,LAD,LAA,away,6.05,LAD,681624.0,-546.0,-104.0,86.7,0,2025-08-13,0,MGM,-650.0,0.0
2B,S,Alex Freeland,Kyle Hendricks,R,9,LAD,LAA,away,7.2,LAD,690976.0,-442.0,-558.0,90.9,0,2025-08-13,0,MGM,-1000.0,0.0
SS,R,Zach Neto,Shohei Ohtani,R,1,LAD,LAA,home,5.44,LAA,687263.0,-619.0,-31.0,86.7,0,2025-08-13,0,MGM,-650.0,0.0
1B,L,Nolan Schanuel,Shohei Ohtani,R,2,LAD,LAA,home,4.06,LAA,694384.0,-862.0,-738.0,94.1,0,2025-08-13,0,MGM,-1600.0,0.0
DH,R,Mike Trout,Shohei Ohtani,R,3,LAD,LAA,home,6.19,LAA,545361.0,-530.0,130.0,80.0,0,2025-08-13,0,MGM,-400.0,0.0
LF,R,Taylor Ward,Shohei Ohtani,R,4,LAD,LAA,home,5.59,LAA,621493.0,-600.0,-100.0,87.5,0,2025-08-13,1,MGM,-700.0,0.0
RF,R,Jo Adell,Shohei Ohtani,R,6,LAD,LAA,home,5.29,LAA,666176.0,-636.0,186.0,81.8,0,2025-08-13,0,MGM,-450.0,0.0
C,R,Logan O'Hoppe,Shohei Ohtani,R,7,LAD,LAA,home,4.48,LAA,681351.0,-770.0,-230.0,90.9,0,2025-08-13,0,ESPN,-1000.0,0.0
2B,R,Christian Moore,Shohei Ohtani,R,8,LAD,LAA,home,4.82,LAA,695681.0,-707.0,-893.0,94.1,0,2025-08-13,0,MGM,-1600.0,0.0
CF,R,Bryce Teodosio,Shohei Ohtani,R,9,LAD,LAA,home,4.54,LAA,669326.0,-762.0,-3238.0,97.6,0,2025-08-13,0,ESPN,-4000.0,0.0
CF,L,Chandler Simpson,J.T. Ginn,R,1,TB,ATH,away,3.28,TB,802415.0,-1090.0,-3910.0,98.0,0,2025-08-13,0,ESPN,-5000.0,0.0
1B,R,Yandy Diaz,J.T. Ginn,R,3,TB,ATH,away,4.66,TB,650490.0,-740.0,-10.0,88.2,0,2025-08-13,0,MGM,-750.0,0.0
3B,R,Junior Caminero,J.T. Ginn,R,4,TB,ATH,away,6.33,TB,691406.0,-518.0,118.0,80.0,0,2025-08-13,1,MGM,-400.0,0.0
DH,L,Josh Lowe,J.T. Ginn,R,5,TB,ATH,away,5.57,TB,666139.0,-600.0,-400.0,90.9,0,2025-08-13,0,MGM,-1000.0,0.0
C,L,Hunter Feduccia,J.T. Ginn,R,6,TB,ATH,away,6.11,TB,676439.0,-538.0,-662.0,92.3,0,2025-08-13,0,MGM,-1200.0,0.0
2B,L,Brandon Lowe,J.T. Ginn,R,7,TB,ATH,away,5.65,TB,664040.0,-590.0,65.0,84.0,0,2025-08-13,1,MGM,-525.0,0.0
LF,S,Jake Mangum,J.T. Ginn,R,8,TB,ATH,away,3.52,TB,663968.0,-1011.0,-1789.0,96.6,0,2025-08-13,0,ESPN,-2800.0,0.0
SS,R,Ha-Seong Kim,J.T. Ginn,R,9,TB,ATH,away,4.54,TB,673490.0,-762.0,-838.0,94.1,0,2025-08-13,0,MGM,-1600.0,0.0
CF,L,Lawrence Butler,Drew Rasmussen,R,1,TB,ATH,home,4.82,ATH,671732.0,-707.0,-493.0,92.3,0,2025-08-13,1,MGM,-1200.0,0.0
DH,R,Brent Rooker,Drew Rasmussen,R,3,TB,ATH,home,5.72,ATH,667670.0,-581.0,81.0,83.3,0,2025-08-13,0,MGM,-500.0,0.0
C,R,Shea Langeliers,Drew Rasmussen,R,4,TB,ATH,home,4.75,ATH,669127.0,-720.0,270.0,81.8,0,2025-08-13,0,MGM,-450.0,0.0
LF,L,Tyler Soderstrom,Drew Rasmussen,R,5,TB,ATH,home,4.99,ATH,691016.0,-682.0,32.0,86.7,0,2025-08-13,0,MGM,-650.0,0.0
SS,R,Darell Hernaiz,Drew Rasmussen,R,7,TB,ATH,home,4.38,ATH,687231.0,-793.0,-1207.0,95.2,0,2025-08-13,0,MGM,-2000.0,0.0
3B,R,Gio Urshela,Drew Rasmussen,R,9,TB,ATH,home,3.24,ATH,570482.0,-1105.0,-1395.0,96.2,0,2025-08-13,0,MGM,-2500.0,0.0
2B,R,Nico Hoerner,Max Fried,L,1,CHC,NYY,away,3.94,CHC,663538.0,-777.0,-176.0,90.5,0,2025-07-12,0,,-953.0,0.0
RF,L,Kyle Tucker,Max Fried,L,2,CHC,NYY,away,6.5,CHC,663656.0,-435.0,85.0,77.8,0,2025-07-12,0,,-350.0,0.0
DH,R,Seiya Suzuki,Max Fried,L,3,CHC,NYY,away,7.64,CHC,673548.0,-355.0,-45.0,80.0,0,2025-07-12,0,,-400.0,0.0
C,R,Carson Kelly,Max Fried,L,4,CHC,NYY,away,5.47,CHC,608348.0,-533.0,-119.0,86.7,0,2025-07-12,1,,-652.0,0.0
CF,L,Pete Crow-Armstrong,Max Fried,L,5,CHC,NYY,away,6.53,CHC,691718.0,-432.0,-9.0,81.5,0,2025-07-12,0,,-441.0,0.0
SS,R,Dansby Swanson,Max Fried,L,6,CHC,NYY,away,6.37,CHC,621020.0,-443.0,-187.0,86.3,0,2025-07-12,0,,-630.0,0.0
LF,S,Ian Happ,Max Fried,L,7,CHC,NYY,away,5.68,CHC,664023.0,-510.0,-171.0,87.2,0,2025-07-12,0,,-681.0,0.0
1B,R,Justin Turner,Max Fried,L,8,CHC,NYY,away,3.95,CHC,457759.0,-777.0,-123.0,90.0,0,2025-07-12,0,,-900.0,0.0
3B,R,Jon Berti,Max Fried,L,9,CHC,NYY,away,3.66,CHC,542932.0,-852.0,-211.0,91.4,0,2025-07-12,0,,-1063.0,0.0
1B,R,Paul Goldschmidt,Matthew Boyd,L,1,CHC,NYY,home,6.18,NYY,502671.0,-462.0,112.0,77.8,0,2025-07-12,0,,-350.0,0.0
LF,L,Cody Bellinger,Matthew Boyd,L,2,CHC,NYY,home,4.96,NYY,641355.0,-599.0,150.0,81.8,0,2025-07-12,0,,-449.0,0.0
RF,R,Aaron Judge,Matthew Boyd,L,3,CHC,NYY,home,10.77,NYY,592450.0,-223.0,47.0,63.8,0,2025-07-12,1,,-176.0,0.0
DH,R,Giancarlo Stanton,Matthew Boyd,L,4,CHC,NYY,home,6.57,NYY,519317.0,-429.0,169.0,72.19999999999999,0,2025-07-12,0,,-260.0,0.0
2B,L,Jazz Chisholm,Matthew Boyd,L,5,CHC,NYY,home,6.67,NYY,665862.0,-421.0,31.0,79.6,0,2025-07-12,0,,-390.0,0.0
CF,L,Trent Grisham,Matthew Boyd,L,6,CHC,NYY,home,6.25,NYY,663757.0,-456.0,56.0,80.0,0,2025-07-12,0,,-400.0,0.0
SS,R,Anthony Volpe,Matthew Boyd,L,7,CHC,NYY,home,4.88,NYY,683011.0,-609.0,60.0,84.6,0,2025-07-12,0,,-549.0,0.0
C,L,Austin Wells,Matthew Boyd,L,8,CHC,NYY,home,5.38,NYY,669224.0,-545.0,96.0,81.8,0,2025-07-12,0,,-449.0,0.0
3B,R,Oswald Peraza,Matthew Boyd,L,9,CHC,NYY,home,5.7,NYY,672724.0,-510.0,-190.0,87.5,0,2025-07-12,0,,-700.0,0.0
SS,L,J.P. Crawford,Casey Mize,R,1,SEA,DET,away,4.65,SEA,641487.0,-646.0,-254.0,90.0,0,2025-07-12,0,,-900.0,0.0
C,S,Cal Raleigh,Casey Mize,R,3,SEA,DET,away,7.16,SEA,663728.0,-385.0,135.0,71.4,0,2025-07-12,0,,-250.0,0.0
LF,R,Randy Arozarena,Casey Mize,R,4,SEA,DET,away,4.91,SEA,668227.0,-609.0,110.0,83.3,0,2025-07-12,1,,-499.0,0.0
DH,S,Jorge Polanco,Casey Mize,R,5,SEA,DET,away,5.06,SEA,593871.0,-585.0,27.0,84.8,0,2025-07-12,0,,-558.0,0.0
1B,L,Luke Raley,Casey Mize,R,6,SEA,DET,away,6.03,SEA,670042.0,-475.0,-83.0,84.8,0,2025-07-12,1,,-558.0,0.0
RF,L,Dominic Canzone,Casey Mize,R,7,SEA,DET,away,5.72,SEA,686527.0,-506.0,-35.0,84.4,0,2025-07-12,0,,-541.0,0.0
3B,R,Ben Williamson,Casey Mize,R,8,SEA,DET,away,2.97,SEA,810938.0,-1063.0,-42.0,91.7,0,2025-07-12,0,,-1105.0,0.0
2B,L,Cole Young,Casey Mize,R,9,SEA,DET,away,3.56,SEA,702284.0,-871.0,-192.0,91.4,0,2025-07-12,0,,-1063.0,0.0
DH,L,Colt Keith,George Kirby,R,1,SEA,DET,home,5.83,DET,690993.0,-495.0,-104.0,85.7,0,2025-07-12,0,,-599.0,0.0
2B,R,Gleyber Torres,George Kirby,R,2,SEA,DET,home,3.96,DET,650402.0,-777.0,30.0,88.2,0,2025-07-12,0,,-747.0,0.0
RF,S,Wenceel Perez,George Kirby,R,3,SEA,DET,home,4.71,DET,672761.0,-635.0,36.0,85.7,0,2025-07-12,0,,-599.0,0.0
LF,L,Riley Greene,George Kirby,R,4,SEA,DET,home,6.22,DET,682985.0,-459.0,30.0,81.1,0,2025-07-12,1,,-429.0,0.0
1B,R,Spencer Torkelson,George Kirby,R,5,SEA,DET,home,4.78,DET,679529.0,-625.0,176.0,81.8,0,2025-07-12,0,,-449.0,0.0
3B,L,Zach McKinstry,George Kirby,R,6,SEA,DET,home,3.75,DET,656716.0,-826.0,-26.0,89.5,0,2025-07-12,1,,-852.0,0.0
CF,R,Matt Vierling,George Kirby,R,7,SEA,DET,home,4.5,DET,663837.0,-669.0,-157.0,89.2,0,2025-07-12,0,,-826.0,0.0
SS,L,Trey Sweeney,George Kirby,R,8,SEA,DET,home,4.98,DET,700242.0,-594.0,-58.0,86.7,0,2025-07-12,0,,-652.0,0.0
C,R,Jake Rogers,George Kirby,R,9,SEA,DET,home,4.31,DET,668670.0,-706.0,257.0,81.8,0,2025-07-12,0,,-449.0,0.0
1B,L,Spencer Horwitz,Travis Adams,R,1,PIT,MIN,away,6.27,PIT,687462.0,-452.0,-97.0,84.6,0,2025-07-12,0,,-549.0,0.0
DH,R,Andrew McCutchen,Travis Adams,R,2,PIT,MIN,away,5.27,PIT,457705.0,-558.0,77.0,82.8,0,2025-07-12,0,,-481.0,0.0
RF,S,Bryan Reynolds,Travis Adams,R,3,PIT,MIN,away,6.42,PIT,668804.0,-441.0,-8.0,81.8,0,2025-07-12,0,,-449.0,0.0
2B,R,Nick Gonzales,Travis Adams,R,4,PIT,MIN,away,4.23,PIT,693304.0,-720.0,121.0,85.7,0,2025-07-12,0,,-599.0,0.0
CF,L,Oneil Cruz,Travis Adams,R,5,PIT,MIN,away,8.45,PIT,665833.0,-312.0,27.0,74.0,0,2025-07-12,0,,-285.0,0.0
3B,R,Ke'Bryan Hayes,Travis Adams,R,6,PIT,MIN,away,3.58,PIT,663647.0,-871.0,0.0,89.7,0,2025-07-12,0,,-871.0,0.0
SS,R,Isiah Kiner-Falefa,Travis Adams,R,9,PIT,MIN,away,2.46,PIT,643396.0,-1308.0,203.0,91.7,0,2025-07-12,0,,-1105.0,0.0
CF,R,Byron Buxton,Mike Burrows,R,1,PIT,MIN,home,6.01,MIN,621439.0,-478.0,203.0,73.3,0,2025-07-12,1,,-275.0,0.0
LF,S,Willi Castro,Mike Burrows,R,2,PIT,MIN,home,4.64,MIN,650489.0,-646.0,171.0,82.6,0,2025-07-12,1,,-475.0,0.0
RF,L,Trevor Larnach,Mike Burrows,R,3,PIT,MIN,home,6.24,MIN,663616.0,-456.0,87.0,78.7,0,2025-07-12,0,,-369.0,0.0
C,R,Ryan Jeffers,Mike Burrows,R,4,PIT,MIN,home,4.97,MIN,680777.0,-599.0,50.0,84.6,0,2025-07-12,0,,-549.0,0.0
SS,S,Brooks Lee,Mike Burrows,R,5,PIT,MIN,home,4.37,MIN,686797.0,-694.0,268.0,81.0,0,2025-07-12,0,,-426.0,0.0
DH,L,Matt Wallner,Mike Burrows,R,6,PIT,MIN,home,6.84,MIN,670242.0,-408.0,8.0,80.0,0,2025-07-12,1,,-400.0,0.0
3B,R,Royce Lewis,Mike Burrows,R,7,PIT,MIN,home,5.01,MIN,668904.0,-594.0,194.0,80.0,0,2025-07-12,0,,-400.0,0.0
1B,R,Ty France,Mike Burrows,R,8,PIT,MIN,home,3.6,MIN,664034.0,-862.0,313.0,84.6,0,2025-07-12,0,,-549.0,0.0
2B,L,Kody Clemens,Mike Burrows,R,9,PIT,MIN,home,5.77,MIN,665019.0,-502.0,211.0,74.4,0,2025-07-12,1,,-291.0,0.0
RF,R,Ronald Acuna,Erick Fedde,R,1,ATL,STL,away,6.61,ATL,660670.0,-426.0,106.0,76.2,0,2025-07-12,1,,-320.0,0.0
1B,L,Matt Olson,Erick Fedde,R,2,ATL,STL,away,6.67,ATL,621566.0,-421.0,111.0,75.6,0,2025-07-12,0,,-310.0,0.0
DH,R,Marcell Ozuna,Erick Fedde,R,3,ATL,STL,away,5.96,ATL,542303.0,-481.0,55.0,81.0,0,2025-07-12,1,,-426.0,0.0
LF,S,Jurickson Profar,Erick Fedde,R,5,ATL,STL,away,4.89,ATL,595777.0,-609.0,-72.0,87.2,0,2025-07-12,0,,-681.0,0.0
C,L,Drake Baldwin,Erick Fedde,R,6,ATL,STL,away,5.02,ATL,686948.0,-590.0,-157.0,88.2,0,2025-07-12,0,,-747.0,0.0
2B,S,Ozzie Albies,Erick Fedde,R,7,ATL,STL,away,3.32,ATL,645277.0,-942.0,443.0,83.3,0,2025-07-12,0,,-499.0,0.0
CF,L,Michael Harris II,Erick Fedde,R,8,ATL,STL,away,4.25,ATL,671739.0,-720.0,121.0,85.7,0,2025-07-12,0,,-599.0,0.0
SS,R,Nick Allen,Erick Fedde,R,9,ATL,STL,away,2.29,ATL,669397.0,-1415.0,216.0,92.3,1,2025-07-12,0,,-1199.0,0.83
C,R,William Contreras,Shinnosuke Ogasawara,L,2,WSH,MIL,home,5.51,MIL,661388.0,-529.0,179.0,77.8,0,2025-07-12,0,,-350.0,0.0
2B,S,Xavier Edwards,Trevor Rogers,L,1,MIA,BAL,away,2.84,MIA,669364.0,-1120.0,373.0,88.2,0,2025-07-12,1,,-747.0,0.0
DH,R,Agustin Ramirez,Trevor Rogers,L,2,MIA,BAL,away,6.08,MIA,682663.0,-471.0,102.0,78.7,0,2025-07-12,0,,-369.0,0.0
SS,R,Otto Lopez,Trevor Rogers,L,3,MIA,BAL,away,4.61,MIA,672640.0,-652.0,53.0,85.7,0,2025-07-12,0,,-599.0,0.0
RF,R,Heriberto Hernandez,Trevor Rogers,L,4,MIA,BAL,away,3.81,MIA,681715.0,-809.0,210.0,85.7,0,2025-07-12,0,,-599.0,0.0
1B,R,Eric Wagaman,Trevor Rogers,L,5,MIA,BAL,away,4.76,MIA,676572.0,-630.0,72.0,84.8,0,2025-07-12,0,,-558.0,0.0
LF,R,Dane Myers,Trevor Rogers,L,7,MIA,BAL,away,5.62,MIA,667472.0,-517.0,-32.0,84.6,0,2025-07-12,0,,-549.0,0.0
C,R,Nick Fortes,Trevor Rogers,L,8,MIA,BAL,away,3.33,MIA,663743.0,-942.0,242.0,87.5,0,2025-07-12,0,,-700.0,0.0
CF,R,Derek Hill,Trevor Rogers,L,9,MIA,BAL,away,5.57,MIA,656537.0,-521.0,-131.0,86.7,0,2025-07-12,0,,-652.0,0.0
2B,L,Jackson Holliday,Janson Junk,R,1,MIA,BAL,home,3.47,BAL,702616.0,-900.0,479.0,80.8,0,2025-07-12,0,,-421.0,0.0
3B,R,Jordan Westburg,Janson Junk,R,2,MIA,BAL,home,5.56,BAL,676059.0,-525.0,196.0,76.7,0,2025-07-12,0,,-329.0,0.0
SS,L,Gunnar Henderson,Janson Junk,R,3,MIA,BAL,home,6.65,BAL,683002.0,-421.0,80.0,77.3,0,2025-07-12,0,,-341.0,0.0
1B,L,Ryan O'Hearn,Janson Junk,R,4,MIA,BAL,home,5.83,BAL,656811.0,-495.0,134.0,78.3,0,2025-07-12,0,,-361.0,0.0
RF,R,Ramon Laureano,Janson Junk,R,5,MIA,BAL,home,4.61,BAL,657656.0,-652.0,252.0,80.0,0,2025-07-12,0,,-400.0,0.0
LF,L,Colton Cowser,Janson Junk,R,6,MIA,BAL,home,6.12,BAL,681297.0,-468.0,87.0,79.2,0,2025-07-12,0,,-381.0,0.0
DH,R,Tyler O'Neill,Janson Junk,R,7,MIA,BAL,home,5.28,BAL,641933.0,-558.0,137.0,80.8,0,2025-07-12,0,,-421.0,0.0
CF,L,Cedric Mullins,Janson Junk,R,8,MIA,BAL,home,3.98,BAL,656775.0,-770.0,311.0,82.1,0,2025-07-12,0,,-459.0,0.0
C,R,Jacob Stallings,Janson Junk,R,9,MIA,BAL,home,2.72,BAL,607732.0,-1182.0,381.0,88.9,1,2025-07-12,0,,-801.0,1.25
DH,L,Shohei Ohtani,Landen Roupp,R,1,LAD,SF,away,8.5,LAD,660271.0,-308.0,23.0,74.0,0,2025-07-12,0,,-285.0,0.0
SS,R,Mookie Betts,Landen Roupp,R,2,LAD,SF,away,3.77,LAD,605141.0,-817.0,117.0,87.5,0,2025-07-12,0,,-700.0,0.0
1B,L,Freddie Freeman,Landen Roupp,R,3,LAD,SF,away,5.29,LAD,518692.0,-558.0,-142.0,87.5,0,2025-07-12,0,,-700.0,0.0
RF,R,Teoscar Hernandez,Landen Roupp,R,5,LAD,SF,away,4.61,LAD,606192.0,-652.0,0.0,86.7,0,2025-07-12,0,,-652.0,0.0
CF,R,Andy Pages,Landen Roupp,R,6,LAD,SF,away,3.56,LAD,681624.0,-871.0,272.0,85.7,0,2025-07-12,0,,-599.0,0.0
LF,L,Michael Conforto,Landen Roupp,R,7,LAD,SF,away,4.06,LAD,624424.0,-755.0,103.0,86.7,0,2025-07-12,0,,-652.0,0.0
3B,S,Tommy Edman,Landen Roupp,R,8,LAD,SF,away,3.31,LAD,669242.0,-953.0,-46.0,90.9,0,2025-07-12,0,,-999.0,0.0
2B,L,Hyeseong Kim,Landen Roupp,R,9,LAD,SF,away,2.59,LAD,808975.0,-1233.0,-160.0,93.3,0,2025-07-12,0,,-1393.0,0.0
RF,L,Mike Yastrzemski,Emmet Sheehan,R,1,LAD,SF,home,4.68,SF,573262.0,-641.0,92.0,84.6,0,2025-07-12,0,,-549.0,0.0
DH,L,Rafael Devers,Emmet Sheehan,R,2,LAD,SF,home,6.77,SF,646240.0,-413.0,63.0,77.8,0,2025-07-12,0,,-350.0,0.0
LF,R,Heliot Ramos,Emmet Sheehan,R,3,LAD,SF,home,3.94,SF,671218.0,-777.0,302.0,82.6,0,2025-07-12,0,,-475.0,0.0
3B,R,Matt Chapman,Emmet Sheehan,R,4,LAD,SF,home,4.66,SF,656305.0,-646.0,246.0,80.0,0,2025-07-12,0,,-400.0,0.0
CF,L,Jung Hoo Lee,Emmet Sheehan,R,5,LAD,SF,home,3.38,SF,808982.0,-931.0,130.0,88.9,0,2025-07-12,0,,-801.0,0.0
SS,R,Willy Adames,Emmet Sheehan,R,6,LAD,SF,home,4.54,SF,642715.0,-663.0,164.0,83.3,0,2025-07-12,0,,-499.0,0.0
C,S,Patrick Bailey,Emmet Sheehan,R,8,LAD,SF,home,2.9,SF,672275.0,-1090.0,-109.0,92.3,0,2025-07-12,0,,-1199.0,0.0
2B,R,Casey Schmitt,Emmet Sheehan,R,9,LAD,SF,home,3.26,SF,669477.0,-964.0,217.0,88.2,0,2025-07-12,0,,-747.0,0.0
DH,R,Yandy Diaz,Garrett Crochet,L,1,TB,BOS,away,7.06,TB,650490.0,-393.0,-206.0,85.7,0,2025-07-12,0,,-599.0,0.0
SS,R,Ha-Seong Kim,Garrett Crochet,L,2,TB,BOS,away,6.43,TB,673490.0,-441.0,-411.0,89.5,0,2025-07-12,0,,-852.0,0.0
3B,R,Junior Caminero,Garrett Crochet,L,3,TB,BOS,away,6.8,TB,691406.0,-410.0,-89.0,83.3,0,2025-07-12,0,,-499.0,0.0
CF,S,Jake Mangum,Garrett Crochet,L,5,TB,BOS,away,3.66,TB,663968.0,-852.0,-253.0,91.7,0,2025-07-12,0,,-1105.0,0.0
LF,R,Christopher Morel,Garrett Crochet,L,6,TB,BOS,away,6.02,TB,666624.0,-478.0,-121.0,85.7,0,2025-07-12,0,,-599.0,0.0
RF,R,Jose Caballero,Garrett Crochet,L,7,TB,BOS,away,3.46,TB,676609.0,-900.0,-163.0,91.4,0,2025-07-12,0,,-1063.0,0.0
2B,S,Taylor Walls,Garrett Crochet,L,8,TB,BOS,away,2.6,TB,670764.0,-1233.0,128.0,91.7,0,2025-07-12,0,,-1105.0,0.0
C,R,Danny Jansen,Garrett Crochet,L,9,TB,BOS,away,3.67,TB,643376.0,-843.0,191.0,86.7,0,2025-07-12,0,,-652.0,0.0
LF,L,Jarren Duran,Shane Baz,R,1,TB,BOS,home,6.11,BOS,680776.0,-468.0,42.0,81.0,0,2025-07-12,0,,-426.0,0.0
C,R,Carlos Narvaez,Shane Baz,R,4,TB,BOS,home,4.38,BOS,665966.0,-694.0,,,0,2025-07-12,0,,,0.0
RF,L,Wilyer Abreu,Shane Baz,R,5,TB,BOS,home,6.6,BOS,677800.0,-426.0,,,0,2025-07-12,0,,,0.0
1B,S,Abraham Toro,Shane Baz,R,6,TB,BOS,home,4.06,BOS,647351.0,-755.0,-145.0,90.0,0,2025-07-12,0,,-900.0,0.0
SS,R,Trevor Story,Shane Baz,R,7,TB,BOS,home,4.58,BOS,596115.0,-658.0,258.0,80.0,0,2025-07-12,0,,-400.0,0.0
2B,L,Marcelo Mayer,Shane Baz,R,8,TB,BOS,home,5.38,BOS,691785.0,-545.0,-136.0,87.2,0,2025-07-12,0,,-681.0,0.0
CF,R,Ceddanne Rafaela,Shane Baz,R,9,TB,BOS,home,5.31,BOS,678882.0,-554.0,-76.0,86.3,0,2025-07-12,0,,-630.0,0.0
LF,L,Steven Kwan,Sean Burke,R,1,CLE,CWS,away,4.66,CLE,680757.0,-646.0,-6.0,86.7,0,2025-07-12,0,,-652.0,0.0
DH,L,Kyle Manzardo,Sean Burke,R,2,CLE,CWS,away,6.26,CLE,700932.0,-456.0,161.0,74.7,0,2025-07-12,1,,-295.0,0.0
3B,S,Jose Ramirez,Sean Burke,R,3,CLE,CWS,away,5.89,CLE,608070.0,-488.0,233.0,71.80000000000001,0,2025-07-12,0,,-255.0,0.0
1B,S,Carlos Santana,Sean Burke,R,4,CLE,CWS,away,4.95,CLE,467793.0,-599.0,209.0,79.6,0,2025-07-12,0,,-390.0,0.0
2B,L,Daniel Schneemann,Sean Burke,R,5,CLE,CWS,away,7.07,CLE,682177.0,-390.0,-81.0,82.5,0,2025-07-12,0,,-471.0,0.0
CF,S,Angel Martinez,Sean Burke,R,6,CLE,CWS,away,4.22,CLE,682657.0,-720.0,221.0,83.3,0,2025-07-12,0,,-499.0,0.0
RF,L,Nolan Jones,Sean Burke,R,8,CLE,CWS,away,6.23,CLE,666134.0,-456.0,7.0,81.8,0,2025-07-12,0,,-449.0,0.0
SS,S,Brayan Rocchio,Sean Burke,R,9,CLE,CWS,away,3.67,CLE,677587.0,-843.0,-57.0,90.0,0,2025-07-12,0,,-900.0,0.0
RF,L,Mike Tauchman,Tanner Bibee,R,1,CLE,CWS,home,5.48,CWS,643565.0,-533.0,34.0,83.3,0,2025-07-12,0,,-499.0,0.0
2B,R,Chase Meidroth,Tanner Bibee,R,2,CLE,CWS,home,3.41,CWS,805367.0,-920.0,173.0,88.2,0,2025-07-12,0,,-747.0,0.0
LF,L,Andrew Benintendi,Tanner Bibee,R,3,CLE,CWS,home,6.92,CWS,643217.0,-403.0,22.0,79.2,0,2025-07-12,0,,-381.0,0.0
1B,R,Miguel Vargas,Tanner Bibee,R,4,CLE,CWS,home,4.77,CWS,678246.0,-630.0,269.0,78.3,0,2025-07-12,0,,-361.0,0.0
C,L,Kyle Teel,Tanner Bibee,R,5,CLE,CWS,home,6.47,CWS,691019.0,-438.0,-161.0,85.7,0,2025-07-12,0,,-599.0,0.0
CF,R,Luis Robert,Tanner Bibee,R,6,CLE,CWS,home,5.41,CWS,673357.0,-541.0,141.0,80.0,0,2025-07-12,0,,-400.0,0.0
DH,R,Lenyn Sosa,Tanner Bibee,R,7,CLE,CWS,home,4.26,CWS,672820.0,-713.0,155.0,84.8,0,2025-07-12,0,,-558.0,0.0
3B,L,Josh Rojas,Tanner Bibee,R,9,CLE,CWS,home,4.32,CWS,668942.0,-706.0,-41.0,88.2,0,2025-07-12,0,,-747.0,0.0
LF,L,Brandon Nimmo,Michael Lorenzen,R,1,NYM,KC,away,5.9,NYM,607043.0,-488.0,62.0,81.0,0,2025-07-12,0,,-426.0,0.0
SS,S,Francisco Lindor,Michael Lorenzen,R,2,NYM,KC,away,5.06,NYM,596019.0,-585.0,136.0,81.8,0,2025-07-12,0,,-449.0,0.0
RF,L,Juan Soto,Michael Lorenzen,R,3,NYM,KC,away,7.52,NYM,665742.0,-361.0,32.0,76.7,0,2025-07-12,1,,-329.0,0.0
1B,R,Pete Alonso,Michael Lorenzen,R,4,NYM,KC,away,6.52,NYM,624413.0,-432.0,122.0,75.6,0,2025-07-12,0,,-310.0,0.0
DH,R,Mark Vientos,Michael Lorenzen,R,5,NYM,KC,away,4.43,NYM,668901.0,-681.0,232.0,81.8,0,2025-07-12,0,,-449.0,0.0
CF,L,Jeff McNeil,Michael Lorenzen,R,6,NYM,KC,away,3.78,NYM,643446.0,-817.0,70.0,88.2,0,2025-07-12,0,,-747.0,0.0
C,R,Luis Torrens,Michael Lorenzen,R,8,NYM,KC,away,5.07,NYM,620443.0,-585.0,-315.0,90.0,0,2025-07-12,0,,-900.0,0.0
2B,L,Brett Baty,Michael Lorenzen,R,9,NYM,KC,away,4.89,NYM,683146.0,-609.0,,,0,2025-07-12,0,,,0.0
2B,R,Jonathan India,Frankie Montas,R,1,NYM,KC,home,4.19,KC,663697.0,-726.0,127.0,85.7,0,2025-07-12,0,,-599.0,0.0
SS,R,Bobby Witt,Frankie Montas,R,2,NYM,KC,home,6.92,KC,677951.0,-403.0,13.0,79.6,0,2025-07-12,0,,-390.0,0.0
1B,L,Vinnie Pasquantino,Frankie Montas,R,3,NYM,KC,home,5.11,KC,686469.0,-580.0,81.0,83.3,0,2025-07-12,0,,-499.0,0.0
3B,R,Maikel Garcia,Frankie Montas,R,4,NYM,KC,home,4.21,KC,672580.0,-726.0,-126.0,89.5,0,2025-07-12,0,,-852.0,0.0
DH,R,Salvador Perez,Frankie Montas,R,5,NYM,KC,home,5.61,KC,521692.0,-517.0,91.0,81.0,0,2025-07-12,0,,-426.0,0.0
RF,L,Jac Caglianone,Frankie Montas,R,6,NYM,KC,home,4.21,KC,695506.0,-726.0,227.0,83.3,0,2025-07-12,0,,-499.0,0.0
LF,R,Nick Loftin,Frankie Montas,R,7,NYM,KC,home,3.63,KC,679845.0,-852.0,51.0,88.9,0,2025-07-12,0,,-801.0,0.0
CF,L,Kyle Isbel,Frankie Montas,R,9,NYM,KC,home,3.34,KC,664728.0,-942.0,141.0,88.9,0,2025-07-12,0,,-801.0,0.0
SS,L,CJ Abrams,Brandon Woodruff,R,1,WSH,MIL,away,7.05,WSH,682928.0,-393.0,-56.0,81.8,0,2025-07-12,0,,-449.0,0.0
LF,L,James Wood,Brandon Woodruff,R,2,WSH,MIL,away,9.9,WSH,695578.0,-251.0,-99.0,77.8,0,2025-07-12,0,,-350.0,0.0
2B,L,Luis Garcia,Brandon Woodruff,R,3,WSH,MIL,away,7.72,WSH,671277.0,-350.0,-149.0,83.3,0,2025-07-12,0,,-499.0,0.0
1B,L,Nathaniel Lowe,Brandon Woodruff,R,4,WSH,MIL,away,6.24,WSH,663993.0,-456.0,-43.0,83.3,0,2025-07-12,0,,-499.0,0.0
DH,S,Josh Bell,Brandon Woodruff,R,5,WSH,MIL,away,6.71,WSH,605137.0,-418.0,-8.0,81.0,0,2025-07-12,0,,-426.0,0.0
RF,L,Daylen Lile,Brandon Woodruff,R,7,WSH,MIL,away,5.43,WSH,695734.0,-541.0,-206.0,88.2,0,2025-07-12,1,,-747.0,0.0
C,R,Riley Adams,Brandon Woodruff,R,8,WSH,MIL,away,5.57,WSH,656180.0,-521.0,-78.0,85.7,0,2025-07-12,0,,-599.0,0.0
CF,R,Jacob Young,Brandon Woodruff,R,9,WSH,MIL,away,3.42,WSH,696285.0,-910.0,-483.0,93.3,0,2025-07-12,0,,-1393.0,0.0
CF,R,Jackson Chourio,Shinnosuke Ogasawara,L,1,WSH,MIL,home,6.19,MIL,694192.0,-462.0,62.0,80.0,0,2025-07-12,0,,-400.0,0.0
DH,L,Christian Yelich,Shinnosuke Ogasawara,L,3,WSH,MIL,home,5.5,MIL,592885.0,-533.0,172.0,78.3,0,2025-07-12,0,,-361.0,0.0
LF,S,Isaac Collins,Shinnosuke Ogasawara,L,4,WSH,MIL,home,4.13,MIL,686555.0,-740.0,141.0,85.7,0,2025-07-12,0,,-599.0,0.0
3B,R,Caleb Durbin,Shinnosuke Ogasawara,L,5,WSH,MIL,home,4.65,MIL,702332.0,-646.0,,,0,2025-07-12,0,,,0.0
RF,L,Sal Frelick,Shinnosuke Ogasawara,L,6,WSH,MIL,home,3.38,MIL,686217.0,-931.0,279.0,86.7,0,2025-07-12,0,,-652.0,0.0
1B,R,Andrew Vaughn,Shinnosuke Ogasawara,L,7,WSH,MIL,home,5.91,MIL,683734.0,-488.0,208.0,73.7,0,2025-07-12,0,,-280.0,0.0
2B,L,Brice Turang,Shinnosuke Ogasawara,L,8,WSH,MIL,home,3.66,MIL,668930.0,-852.0,105.0,88.2,0,2025-07-12,0,,-747.0,0.0
SS,R,Joey Ortiz,Shinnosuke Ogasawara,L,9,WSH,MIL,home,3.77,MIL,687401.0,-817.0,318.0,83.3,0,2025-07-12,0,,-499.0,0.0
2B,R,Marcus Semien,Framber Valdez,L,1,TEX,HOU,away,5.14,TEX,543760.0,-576.0,-250.0,89.2,0,2025-07-12,1,,-826.0,0.0
LF,R,Wyatt Langford,Framber Valdez,L,2,TEX,HOU,away,6.32,TEX,694671.0,-449.0,-150.0,85.7,0,2025-07-12,0,,-599.0,0.0
SS,L,Corey Seager,Framber Valdez,L,3,TEX,HOU,away,6.14,TEX,608369.0,-465.0,36.0,81.1,0,2025-07-12,0,,-429.0,0.0
RF,R,Adolis Garcia,Framber Valdez,L,4,TEX,HOU,away,6.3,TEX,666969.0,-449.0,-203.0,86.7,0,2025-07-12,0,,-652.0,0.0
1B,R,Jake Burger,Framber Valdez,L,5,TEX,HOU,away,5.68,TEX,669394.0,-510.0,-48.0,84.8,0,2025-07-12,0,,-558.0,0.0
DH,S,Jonah Heim,Framber Valdez,L,6,TEX,HOU,away,3.99,TEX,641680.0,-770.0,-82.0,89.5,0,2025-07-12,0,,-852.0,0.0
C,R,Kyle Higashioka,Framber Valdez,L,7,TEX,HOU,away,5.03,TEX,543309.0,-590.0,,,0,2025-07-12,1,,,0.0
3B,R,Ezequiel Duran,Framber Valdez,L,8,TEX,HOU,away,3.34,TEX,677649.0,-942.0,-163.0,91.7,0,2025-07-12,0,,-1105.0,0.0
CF,S,Sam Haggerty,Framber Valdez,L,9,TEX,HOU,away,2.75,TEX,664059.0,-1166.0,167.0,90.9,0,2025-07-12,0,,-999.0,0.0
3B,R,Isaac Paredes,Jacob deGrom,R,1,TEX,HOU,home,3.63,HOU,670623.0,-852.0,403.0,81.8,0,2025-07-12,0,,-449.0,0.0
RF,R,Cam Smith,Jacob deGrom,R,2,TEX,HOU,home,3.69,HOU,701358.0,-843.0,244.0,85.7,0,2025-07-12,0,,-599.0,0.0
LF,R,Jose Altuve,Jacob deGrom,R,3,TEX,HOU,home,4.17,HOU,514888.0,-733.0,184.0,84.6,0,2025-07-12,1,,-549.0,0.0
1B,R,Christian Walker,Jacob deGrom,R,4,TEX,HOU,home,6.12,HOU,572233.0,-468.0,42.0,81.0,0,2025-07-12,0,,-426.0,0.0
C,R,Yainer Diaz,Jacob deGrom,R,5,TEX,HOU,home,4.71,HOU,673237.0,-635.0,-17.0,86.7,0,2025-07-12,1,,-652.0,0.0
DH,S,Cooper Hummel,Jacob deGrom,R,6,TEX,HOU,home,3.86,HOU,669450.0,-801.0,,,0,2025-07-12,0,,,0.0
CF,L,Taylor Trammell,Jacob deGrom,R,8,TEX,HOU,home,2.36,HOU,666211.0,-1371.0,500.0,89.7,1,2025-07-12,0,,-871.0,1.15
SS,R,Zack Short,Jacob deGrom,R,9,TEX,HOU,home,2.55,HOU,670097.0,-1270.0,,,0,2025-07-12,0,,,0.0
SS,R,Trea Turner,Yu Darvish,R,1,PHI,SD,away,4.56,PHI,607208.0,-663.0,164.0,83.3,0,2025-07-12,0,,-499.0,0.0
DH,L,Kyle Schwarber,Yu Darvish,R,2,PHI,SD,away,7.95,PHI,656941.0,-337.0,107.0,69.7,0,2025-07-12,0,,-230.0,0.0
1B,L,Bryce Harper,Yu Darvish,R,3,PHI,SD,away,5.69,PHI,547180.0,-510.0,210.0,75.0,0,2025-07-12,0,,-300.0,0.0
3B,R,Alec Bohm,Yu Darvish,R,4,PHI,SD,away,4.37,PHI,664761.0,-694.0,95.0,85.7,0,2025-07-12,0,,-599.0,0.0
RF,R,Nick Castellanos,Yu Darvish,R,5,PHI,SD,away,4.73,PHI,592206.0,-635.0,136.0,83.3,0,2025-07-12,0,,-499.0,0.0
LF,L,Max Kepler,Yu Darvish,R,6,PHI,SD,away,5.36,PHI,596146.0,-549.0,74.0,82.6,0,2025-07-12,0,,-475.0,0.0
C,R,J.T. Realmuto,Yu Darvish,R,7,PHI,SD,away,4.24,PHI,592663.0,-720.0,121.0,85.7,0,2025-07-12,0,,-599.0,0.0
2B,L,Bryson Stott,Yu Darvish,R,8,PHI,SD,away,4.26,PHI,681082.0,-713.0,32.0,87.2,0,2025-07-12,0,,-681.0,0.0
CF,L,Brandon Marsh,Yu Darvish,R,9,PHI,SD,away,4.66,PHI,669016.0,-646.0,-6.0,86.7,0,2025-07-12,0,,-652.0,0.0
RF,R,Fernando Tatis,Zack Wheeler,R,1,PHI,SD,home,6.44,SD,665487.0,-438.0,48.0,79.6,0,2025-07-12,0,,-390.0,0.0
1B,L,Luis Arraez,Zack Wheeler,R,2,PHI,SD,home,3.16,SD,650333.0,-999.0,-64.0,91.4,0,2025-07-12,0,,-1063.0,0.0
3B,R,Manny Machado,Zack Wheeler,R,3,PHI,SD,home,5.23,SD,592518.0,-562.0,136.0,81.0,0,2025-07-12,0,,-426.0,0.0
LF,L,Gavin Sheets,Zack Wheeler,R,4,PHI,SD,home,5.27,SD,657757.0,-558.0,59.0,83.3,0,2025-07-12,0,,-499.0,0.0
CF,L,Jackson Merrill,Zack Wheeler,R,5,PHI,SD,home,5.62,SD,701538.0,-517.0,18.0,83.3,0,2025-07-12,1,,-499.0,0.0
SS,R,Xander Bogaerts,Zack Wheeler,R,6,PHI,SD,home,3.01,SD,593428.0,-1049.0,302.0,88.2,1,2025-07-12,0,,-747.0,1.34
2B,L,Jake Cronenworth,Zack Wheeler,R,7,PHI,SD,home,4.98,SD,630105.0,-594.0,-5.0,85.7,0,2025-07-12,0,,-599.0,0.0
DH,L,Trenton Brooks,Zack Wheeler,R,8,PHI,SD,home,4.16,SD,670092.0,-733.0,-68.0,88.9,0,2025-07-12,0,,-801.0,0.0
C,R,Martin Maldonado,Zack Wheeler,R,9,PHI,SD,home,4.49,SD,455117.0,-675.0,-196.0,89.7,0,2025-07-12,0,,-871.0,0.0
2B,S,Ketel Marte,Yusei Kikuchi,L,1,ARI,LAA,away,8.08,ARI,606466.0,-329.0,89.0,70.6,0,2025-07-12,0,,-240.0,0.0
CF,L,Corbin Carroll,Yusei Kikuchi,L,2,ARI,LAA,away,7.0,ARI,682998.0,-395.0,54.0,77.3,0,2025-07-12,0,,-341.0,0.0
LF,R,Lourdes Gurriel,Yusei Kikuchi,L,3,ARI,LAA,away,5.26,ARI,666971.0,-558.0,109.0,81.8,0,2025-07-12,0,,-449.0,0.0
DH,R,Eugenio Suarez,Yusei Kikuchi,L,4,ARI,LAA,away,7.0,ARI,553993.0,-395.0,110.0,74.0,0,2025-07-12,1,,-285.0,0.0
RF,R,Randal Grichuk,Yusei Kikuchi,L,5,ARI,LAA,away,6.55,ARI,545341.0,-429.0,68.0,78.3,0,2025-07-12,0,,-361.0,0.0
1B,L,Josh Naylor,Yusei Kikuchi,L,6,ARI,LAA,away,4.7,ARI,647304.0,-641.0,215.0,81.0,0,2025-07-12,0,,-426.0,0.0
SS,S,Geraldo Perdomo,Yusei Kikuchi,L,7,ARI,LAA,away,4.15,ARI,672695.0,-733.0,-68.0,88.9,0,2025-07-12,0,,-801.0,0.0
C,R,James McCann,Yusei Kikuchi,L,9,ARI,LAA,away,6.46,ARI,543510.0,-438.0,-111.0,84.6,0,2025-07-12,0,,-549.0,0.0
SS,R,Zach Neto,Zac Gallen,R,1,ARI,LAA,home,6.85,LAA,687263.0,-408.0,8.0,80.0,0,2025-07-12,0,,-400.0,0.0
1B,L,Nolan Schanuel,Zac Gallen,R,2,ARI,LAA,home,5.41,LAA,694384.0,-541.0,-206.0,88.2,0,2025-07-12,0,,-747.0,0.0
DH,R,Mike Trout,Zac Gallen,R,3,ARI,LAA,home,7.37,LAA,545361.0,-372.0,142.0,69.7,0,2025-07-12,1,,-230.0,0.0
LF,R,Taylor Ward,Zac Gallen,R,4,ARI,LAA,home,6.86,LAA,621493.0,-405.0,36.0,78.7,0,2025-07-12,0,,-369.0,0.0
CF,R,Jo Adell,Zac Gallen,R,5,ARI,LAA,home,6.56,LAA,666176.0,-429.0,79.0,77.8,0,2025-07-12,0,,-350.0,0.0
RF,R,Jorge Soler,Zac Gallen,R,6,ARI,LAA,home,6.27,LAA,624585.0,-452.0,26.0,81.0,0,2025-07-12,0,,-426.0,0.0
3B,S,Yoan Moncada,Zac Gallen,R,8,ARI,LAA,home,5.65,LAA,660162.0,-513.0,87.0,81.0,0,2025-07-12,0,,-426.0,0.0
2B,S,Luis Rengifo,Zac Gallen,R,9,ARI,LAA,home,4.23,LAA,650859.0,-720.0,-180.0,90.0,0,2025-07-12,0,,-900.0,0.0
3B,R,Ernie Clement,Jacob Lopez,L,1,TOR,ATH,away,4.22,TOR,676391.0,-720.0,171.0,84.6,0,2025-07-12,0,,-549.0,0.0
RF,R,George Springer,Jacob Lopez,L,2,TOR,ATH,away,6.79,TOR,543807.0,-410.0,90.0,76.2,0,2025-07-12,0,,-320.0,0.0
1B,R,Vladimir Guerrero,Jacob Lopez,L,3,TOR,ATH,away,7.11,TOR,665489.0,-388.0,108.0,73.7,0,2025-07-12,0,,-280.0,0.0
SS,R,Bo Bichette,Jacob Lopez,L,4,TOR,ATH,away,4.79,TOR,666182.0,-625.0,244.0,79.2,0,2025-07-12,0,,-381.0,0.0
DH,R,Alejandro Kirk,Jacob Lopez,L,5,TOR,ATH,away,4.63,TOR,672386.0,-652.0,177.0,82.6,0,2025-07-12,0,,-475.0,0.0
LF,R,Davis Schneider,Jacob Lopez,L,6,TOR,ATH,away,5.44,TOR,676914.0,-537.0,176.0,78.3,0,2025-07-12,0,,-361.0,0.0
CF,R,Myles Straw,Jacob Lopez,L,7,TOR,ATH,away,3.56,TOR,664702.0,-871.0,-128.0,90.9,0,2025-07-12,0,,-999.0,0.0
2B,R,Leo Jimenez,Jacob Lopez,L,9,TOR,ATH,away,3.67,TOR,677870.0,-843.0,-57.0,90.0,0,2025-07-12,1,,-900.0,0.0
RF,L,Lawrence Butler,Kevin Gausman,R,1,TOR,ATH,home,5.75,ATH,671732.0,-502.0,76.0,81.0,0,2025-07-12,0,,-426.0,0.0
SS,R,Jacob Wilson,Kevin Gausman,R,2,TOR,ATH,home,3.05,ATH,805779.0,-1036.0,355.0,87.2,0,2025-07-12,0,,-681.0,0.0
DH,R,Brent Rooker,Kevin Gausman,R,3,TOR,ATH,home,6.15,ATH,667670.0,-465.0,170.0,74.7,0,2025-07-12,1,,-295.0,0.0
1B,L,Nick Kurtz,Kevin Gausman,R,4,TOR,ATH,home,7.87,ATH,701762.0,-341.0,12.0,76.7,0,2025-07-12,0,,-329.0,0.0
3B,R,Miguel Andujar,Kevin Gausman,R,5,TOR,ATH,home,3.51,ATH,609280.0,-890.0,,,0,2025-07-12,0,,,0.0
C,R,Shea Langeliers,Kevin Gausman,R,6,TOR,ATH,home,5.46,ATH,669127.0,-537.0,217.0,76.2,0,2025-07-12,0,,-320.0,0.0
LF,L,Tyler Soderstrom,Kevin Gausman,R,7,TOR,ATH,home,6.79,ATH,691016.0,-410.0,-16.0,81.0,0,2025-07-12,0,,-426.0,0.0
CF,R,Denzel Clarke,Kevin Gausman,R,9,TOR,ATH,home,4.62,ATH,672016.0,-652.0,0.0,86.7,0,2025-07-12,0,,-652.0,0.0
LF,L,Jarren Duran,Colin Rea,R,1,BOS,CHC,away,6.21,BOS,680776.0,-459.0,-40.0,83.3,0,2025-07-18,0,,-499.0,0.0
3B,R,Alex Bregman,Colin Rea,R,2,BOS,CHC,away,5.32,BOS,608324.0,-554.0,105.0,81.8,0,2025-07-18,0,,-449.0,0.0
C,R,Carlos Narvaez,Colin Rea,R,4,BOS,CHC,away,4.13,BOS,665966.0,-740.0,-7.0,88.2,0,2025-07-18,0,,-747.0,0.0
RF,L,Wilyer Abreu,Colin Rea,R,5,BOS,CHC,away,6.64,BOS,677800.0,-424.0,-17.0,81.5,0,2025-07-18,0,,-441.0,0.0
SS,R,Trevor Story,Colin Rea,R,6,BOS,CHC,away,4.37,BOS,596115.0,-694.0,95.0,85.7,0,2025-07-18,0,,-599.0,0.0
2B,L,Marcelo Mayer,Colin Rea,R,7,BOS,CHC,away,5.19,BOS,691785.0,-567.0,-180.0,88.2,0,2025-07-18,0,,-747.0,0.0
CF,R,Ceddanne Rafaela,Colin Rea,R,8,BOS,CHC,away,4.51,BOS,678882.0,-669.0,17.0,86.7,0,2025-07-18,0,,-652.0,0.0
1B,S,Abraham Toro,Colin Rea,R,9,BOS,CHC,away,3.46,BOS,647351.0,-900.0,153.0,88.2,0,2025-07-18,0,,-747.0,0.0
1B,L,Michael Busch,Lucas Giolito,R,1,BOS,CHC,home,7.48,CHC,683737.0,-363.0,-63.0,81.0,0,2025-07-18,0,,-426.0,0.0
RF,L,Kyle Tucker,Lucas Giolito,R,2,BOS,CHC,home,6.36,CHC,663656.0,-446.0,-53.0,83.3,0,2025-07-18,0,,-499.0,0.0
DH,R,Seiya Suzuki,Lucas Giolito,R,3,BOS,CHC,home,5.77,CHC,673548.0,-502.0,102.0,80.0,0,2025-07-18,1,,-400.0,0.0
CF,L,Pete Crow-Armstrong,Lucas Giolito,R,4,BOS,CHC,home,6.13,CHC,691718.0,-465.0,75.0,79.6,0,2025-07-18,0,,-390.0,0.0
C,R,Carson Kelly,Lucas Giolito,R,5,BOS,CHC,home,3.69,CHC,608348.0,-843.0,162.0,87.2,0,2025-07-18,0,,-681.0,0.0
LF,S,Ian Happ,Lucas Giolito,R,6,BOS,CHC,home,4.52,CHC,664023.0,-669.0,70.0,85.7,0,2025-07-18,0,,-599.0,0.0
SS,R,Dansby Swanson,Lucas Giolito,R,7,BOS,CHC,home,4.14,CHC,621020.0,-740.0,40.0,87.5,0,2025-07-18,0,,-700.0,0.0
2B,R,Nico Hoerner,Lucas Giolito,R,8,BOS,CHC,home,2.57,CHC,663538.0,-1251.0,-344.0,94.1,0,2025-07-18,0,,-1595.0,0.0
3B,R,Matt Shaw,Lucas Giolito,R,9,BOS,CHC,home,3.16,CHC,807713.0,-999.0,-106.0,91.7,0,2025-07-18,0,,-1105.0,0.0
2B,R,Chase Meidroth,Bailey Falter,L,2,CWS,PIT,away,4.03,CWS,805367.0,-762.0,-39.0,88.9,0,2025-07-18,0,,-801.0,0.0
LF,L,Andrew Benintendi,Bailey Falter,L,3,CWS,PIT,away,5.38,CWS,643217.0,-545.0,-136.0,87.2,0,2025-07-18,0,,-681.0,0.0
1B,R,Miguel Vargas,Bailey Falter,L,4,CWS,PIT,away,4.61,CWS,678246.0,-652.0,53.0,85.7,0,2025-07-18,0,,-599.0,0.0
CF,R,Luis Robert,Bailey Falter,L,6,CWS,PIT,away,5.36,CWS,673357.0,-549.0,74.0,82.6,0,2025-07-18,1,,-475.0,0.0
DH,R,Lenyn Sosa,Bailey Falter,L,7,CWS,PIT,away,4.64,CWS,672820.0,-646.0,-6.0,86.7,0,2025-07-18,0,,-652.0,0.0
LF,R,Tommy Pham,Jonathan Cannon,R,1,CWS,PIT,home,3.98,PIT,502054.0,-770.0,,,0,2025-07-18,0,,,0.0
DH,R,Andrew McCutchen,Jonathan Cannon,R,2,CWS,PIT,home,4.84,PIT,457705.0,-619.0,78.0,84.4,0,2025-07-18,0,,-541.0,0.0
RF,S,Bryan Reynolds,Jonathan Cannon,R,3,CWS,PIT,home,5.78,PIT,668804.0,-499.0,0.0,83.3,0,2025-07-18,0,,-499.0,0.0
2B,R,Nick Gonzales,Jonathan Cannon,R,4,CWS,PIT,home,3.76,PIT,693304.0,-826.0,79.0,88.2,0,2025-07-18,0,,-747.0,0.0
CF,L,Oneil Cruz,Jonathan Cannon,R,5,CWS,PIT,home,8.09,PIT,665833.0,-329.0,-21.0,77.8,0,2025-07-18,0,,-350.0,0.0
3B,R,Ke'Bryan Hayes,Jonathan Cannon,R,6,CWS,PIT,home,3.43,PIT,663647.0,-910.0,-153.0,91.4,0,2025-07-18,0,,-1063.0,0.0
1B,L,Spencer Horwitz,Jonathan Cannon,R,7,CWS,PIT,home,5.12,PIT,687462.0,-576.0,-124.0,87.5,0,2025-07-18,0,,-700.0,0.0
C,R,Joey Bart,Jonathan Cannon,R,8,CWS,PIT,home,4.02,PIT,663698.0,-762.0,,,0,2025-07-18,0,,,0.0
SS,R,Isiah Kiner-Falefa,Jonathan Cannon,R,9,CWS,PIT,home,2.52,PIT,643396.0,-1270.0,-123.0,93.3,0,2025-07-18,0,,-1393.0,0.0
RF,R,Fernando Tatis,Michael Soroka,R,1,SD,WSH,away,6.93,SD,665487.0,-400.0,80.0,76.2,0,2025-07-18,0,,-320.0,0.0
1B,L,Luis Arraez,Michael Soroka,R,2,SD,WSH,away,3.66,SD,650333.0,-852.0,-48.0,90.0,0,2025-07-18,0,,-900.0,0.0
3B,R,Manny Machado,Michael Soroka,R,3,SD,WSH,away,6.1,SD,592518.0,-468.0,127.0,77.3,0,2025-07-18,1,,-341.0,0.0
LF,L,Gavin Sheets,Michael Soroka,R,4,SD,WSH,away,5.79,SD,657757.0,-499.0,-50.0,84.6,0,2025-07-18,0,,-549.0,0.0
SS,R,Xander Bogaerts,Michael Soroka,R,5,SD,WSH,away,3.58,SD,593428.0,-871.0,272.0,85.7,0,2025-07-18,0,,-599.0,0.0
CF,L,Jackson Merrill,Michael Soroka,R,6,SD,WSH,away,5.82,SD,701538.0,-495.0,145.0,77.8,0,2025-07-18,0,,-350.0,0.0
2B,L,Jake Cronenworth,Michael Soroka,R,7,SD,WSH,away,5.06,SD,630105.0,-585.0,-14.0,85.7,0,2025-07-18,0,,-599.0,0.0
DH,L,Trenton Brooks,Michael Soroka,R,8,SD,WSH,away,4.06,SD,670092.0,-755.0,55.0,87.5,0,2025-07-18,0,,-700.0,0.0
SS,L,CJ Abrams,Dylan Cease,R,1,SD,WSH,home,5.21,WSH,682928.0,-567.0,18.0,84.6,0,2025-07-18,1,,-549.0,0.0
LF,L,James Wood,Dylan Cease,R,2,SD,WSH,home,8.09,WSH,695578.0,-329.0,-97.0,81.0,0,2025-07-18,0,,-426.0,0.0
2B,L,Luis Garcia,Dylan Cease,R,3,SD,WSH,home,5.88,WSH,671277.0,-492.0,-7.0,83.3,0,2025-07-18,0,,-499.0,0.0
1B,L,Nathaniel Lowe,Dylan Cease,R,4,SD,WSH,home,4.81,WSH,663993.0,-619.0,70.0,84.6,0,2025-07-18,0,,-549.0,0.0
DH,S,Josh Bell,Dylan Cease,R,5,SD,WSH,home,5.39,WSH,605137.0,-545.0,46.0,83.3,0,2025-07-18,0,,-499.0,0.0
RF,L,Daylen Lile,Dylan Cease,R,7,SD,WSH,home,3.71,WSH,695734.0,-835.0,183.0,86.7,0,2025-07-18,0,,-652.0,0.0
C,R,Riley Adams,Dylan Cease,R,8,SD,WSH,home,5.17,WSH,656180.0,-571.0,-81.0,86.7,0,2025-07-18,0,,-652.0,0.0
CF,R,Jacob Young,Dylan Cease,R,9,SD,WSH,home,2.58,WSH,696285.0,-1251.0,-57.0,92.9,0,2025-07-18,0,,-1308.0,0.0
SS,R,Zach Neto,Jesus Luzardo,L,1,LAA,PHI,away,7.19,LAA,687263.0,-383.0,-66.0,81.8,0,2025-07-18,0,,-449.0,0.0
1B,L,Nolan Schanuel,Jesus Luzardo,L,2,LAA,PHI,away,3.17,LAA,694384.0,-999.0,0.0,90.9,0,2025-07-18,0,,-999.0,0.0
DH,R,Mike Trout,Jesus Luzardo,L,3,LAA,PHI,away,5.89,LAA,545361.0,-488.0,159.0,76.7,0,2025-07-18,0,,-329.0,0.0
LF,R,Taylor Ward,Jesus Luzardo,L,4,LAA,PHI,away,6.53,LAA,621493.0,-432.0,-67.0,83.3,0,2025-07-18,1,,-499.0,0.0
CF,R,Jo Adell,Jesus Luzardo,L,5,LAA,PHI,away,7.1,LAA,666176.0,-388.0,-38.0,81.0,0,2025-07-18,1,,-426.0,0.0
RF,R,Jorge Soler,Jesus Luzardo,L,6,LAA,PHI,away,5.6,LAA,624585.0,-521.0,95.0,81.0,0,2025-07-18,1,,-426.0,0.0
2B,S,Luis Rengifo,Jesus Luzardo,L,9,LAA,PHI,away,3.22,LAA,650859.0,-975.0,174.0,88.9,0,2025-07-18,0,,-801.0,0.0
SS,R,Trea Turner,Jose Soriano,R,1,LAA,PHI,home,4.5,PHI,607208.0,-669.0,70.0,85.7,0,2025-07-18,0,,-599.0,0.0
DH,L,Kyle Schwarber,Jose Soriano,R,2,LAA,PHI,home,8.05,PHI,656941.0,-331.0,-30.0,78.3,0,2025-07-18,1,,-361.0,0.0
1B,L,Bryce Harper,Jose Soriano,R,3,LAA,PHI,home,5.43,PHI,547180.0,-541.0,42.0,83.3,0,2025-07-18,1,,-499.0,0.0
3B,R,Alec Bohm,Jose Soriano,R,4,LAA,PHI,home,4.23,PHI,664761.0,-720.0,-343.0,91.4,0,2025-07-18,0,,-1063.0,0.0
RF,R,Nick Castellanos,Jose Soriano,R,5,LAA,PHI,home,4.81,PHI,592206.0,-619.0,20.0,85.7,0,2025-07-18,0,,-599.0,0.0
2B,L,Bryson Stott,Jose Soriano,R,6,LAA,PHI,home,4.73,PHI,681082.0,-635.0,36.0,85.7,0,2025-07-18,0,,-599.0,0.0
C,R,J.T. Realmuto,Jose Soriano,R,7,LAA,PHI,home,4.13,PHI,592663.0,-740.0,110.0,86.3,0,2025-07-18,0,,-630.0,0.0
LF,L,Max Kepler,Jose Soriano,R,8,LAA,PHI,home,5.08,PHI,596146.0,-585.0,86.0,83.3,0,2025-07-18,0,,-499.0,0.0
CF,L,Brandon Marsh,Jose Soriano,R,9,LAA,PHI,home,5.04,PHI,669016.0,-590.0,-157.0,88.2,0,2025-07-18,0,,-747.0,0.0
RF,L,Mike Yastrzemski,Chris Bassitt,R,1,SF,TOR,away,5.68,SF,573262.0,-510.0,129.0,79.2,0,2025-07-18,0,,-381.0,0.0
LF,R,Heliot Ramos,Chris Bassitt,R,2,SF,TOR,away,5.36,SF,671218.0,-549.0,74.0,82.6,0,2025-07-18,0,,-475.0,0.0
DH,L,Rafael Devers,Chris Bassitt,R,3,SF,TOR,away,7.04,SF,646240.0,-393.0,64.0,76.7,0,2025-07-18,0,,-329.0,0.0
3B,R,Matt Chapman,Chris Bassitt,R,4,SF,TOR,away,6.44,SF,656305.0,-438.0,38.0,80.0,0,2025-07-18,0,,-400.0,0.0
SS,R,Willy Adames,Chris Bassitt,R,5,SF,TOR,away,5.8,SF,642715.0,-499.0,73.0,81.0,0,2025-07-18,0,,-426.0,0.0
CF,L,Jung Hoo Lee,Chris Bassitt,R,6,SF,TOR,away,4.34,SF,808982.0,-700.0,0.0,87.5,0,2025-07-18,0,,-700.0,0.0
2B,R,Casey Schmitt,Chris Bassitt,R,7,SF,TOR,away,4.56,SF,669477.0,-663.0,64.0,85.7,0,2025-07-18,0,,-599.0,0.0
1B,L,Dominic Smith,Chris Bassitt,R,8,SF,TOR,away,5.29,SF,642086.0,-558.0,-189.0,88.2,0,2025-07-18,0,,-747.0,0.0
C,S,Patrick Bailey,Chris Bassitt,R,9,SF,TOR,away,3.96,SF,672275.0,-777.0,-24.0,88.9,0,2025-07-18,0,,-801.0,0.0
CF,L,Nathan Lukes,Justin Verlander,R,1,SF,TOR,home,3.9,TOR,664770.0,-793.0,244.0,84.6,0,2025-07-18,0,,-549.0,0.0
DH,R,George Springer,Justin Verlander,R,2,SF,TOR,home,5.98,TOR,543807.0,-481.0,152.0,76.7,0,2025-07-18,0,,-329.0,0.0
1B,R,Vladimir Guerrero,Justin Verlander,R,3,SF,TOR,home,6.12,TOR,665489.0,-468.0,139.0,76.7,0,2025-07-18,0,,-329.0,0.0
SS,R,Bo Bichette,Justin Verlander,R,4,SF,TOR,home,4.07,TOR,666182.0,-755.0,306.0,81.8,0,2025-07-18,0,,-449.0,0.0
RF,L,Addison Barger,Justin Verlander,R,5,SF,TOR,home,5.67,TOR,680718.0,-513.0,87.0,81.0,0,2025-07-18,0,,-426.0,0.0
C,R,Alejandro Kirk,Justin Verlander,R,6,SF,TOR,home,4.51,TOR,672386.0,-669.0,70.0,85.7,0,2025-07-18,0,,-599.0,0.0
3B,L,Will Wagner,Justin Verlander,R,7,SF,TOR,home,3.61,TOR,695238.0,-862.0,,,0,2025-07-18,0,,,0.0
2B,R,Ernie Clement,Justin Verlander,R,8,SF,TOR,home,2.55,TOR,676391.0,-1270.0,469.0,88.9,1,2025-07-18,0,,-801.0,1.25
LF,L,Joey Loperfido,Justin Verlander,R,9,SF,TOR,home,5.84,TOR,694388.0,-495.0,-104.0,85.7,0,2025-07-18,0,,-599.0,0.0
RF,L,Lawrence Butler,Slade Cecconi,R,1,ATH,CLE,away,6.23,ATH,671732.0,-456.0,56.0,80.0,0,2025-07-18,0,,-400.0,0.0
SS,R,Jacob Wilson,Slade Cecconi,R,2,ATH,CLE,away,2.76,ATH,805779.0,-1150.0,298.0,89.5,0,2025-07-18,0,,-852.0,0.0
DH,R,Brent Rooker,Slade Cecconi,R,3,ATH,CLE,away,6.47,ATH,667670.0,-438.0,48.0,79.6,0,2025-07-18,1,,-390.0,0.0
1B,L,Nick Kurtz,Slade Cecconi,R,4,ATH,CLE,away,8.48,ATH,701762.0,-310.0,-31.0,77.3,0,2025-07-18,0,,-341.0,0.0
3B,R,Miguel Andujar,Slade Cecconi,R,5,ATH,CLE,away,3.09,ATH,609280.0,-1024.0,198.0,89.2,1,2025-07-18,0,,-826.0,1.21
C,R,Shea Langeliers,Slade Cecconi,R,6,ATH,CLE,away,4.63,ATH,669127.0,-652.0,271.0,79.2,0,2025-07-18,1,,-381.0,0.0
LF,L,Tyler Soderstrom,Slade Cecconi,R,7,ATH,CLE,away,6.65,ATH,691016.0,-421.0,-5.0,81.0,0,2025-07-18,0,,-426.0,0.0
CF,R,Denzel Clarke,Slade Cecconi,R,9,ATH,CLE,away,3.56,ATH,672016.0,-871.0,124.0,88.2,0,2025-07-18,0,,-747.0,0.0
RF,L,Nolan Jones,JP Sears,L,2,ATH,CLE,home,4.36,CLE,666134.0,-694.0,95.0,85.7,0,2025-07-18,0,,-599.0,0.0
3B,S,Jose Ramirez,JP Sears,L,3,ATH,CLE,home,5.07,CLE,608070.0,-585.0,305.0,73.7,0,2025-07-18,0,,-280.0,0.0
1B,S,Carlos Santana,JP Sears,L,5,ATH,CLE,home,4.34,CLE,467793.0,-700.0,251.0,81.8,0,2025-07-18,0,,-449.0,0.0
CF,S,Angel Martinez,JP Sears,L,7,ATH,CLE,home,3.5,CLE,682657.0,-890.0,291.0,85.7,0,2025-07-18,0,,-599.0,0.0
C,L,Bo Naylor,JP Sears,L,8,ATH,CLE,home,4.26,CLE,666310.0,-713.0,164.0,84.6,0,2025-07-18,0,,-549.0,0.0
SS,S,Brayan Rocchio,JP Sears,L,9,ATH,CLE,home,3.21,CLE,677587.0,-975.0,123.0,89.5,0,2025-07-18,0,,-852.0,0.0
CF,L,TJ Friedl,Sean Manaea,L,1,CIN,NYM,away,3.05,CIN,670770.0,-1036.0,136.0,90.0,0,2025-07-18,0,,-900.0,0.0
2B,R,Matt McLain,Sean Manaea,L,2,CIN,NYM,away,5.35,CIN,680574.0,-549.0,0.0,84.6,0,2025-07-18,1,,-549.0,0.0
SS,S,Elly De La Cruz,Sean Manaea,L,3,CIN,NYM,away,6.95,CIN,682829.0,-400.0,-81.0,82.8,0,2025-07-18,0,,-481.0,0.0
DH,R,Austin Hays,Sean Manaea,L,4,CIN,NYM,away,6.98,CIN,669720.0,-398.0,-101.0,83.3,0,2025-07-18,1,,-499.0,0.0
1B,R,Spencer Steer,Sean Manaea,L,6,CIN,NYM,away,4.25,CIN,668715.0,-720.0,121.0,85.7,0,2025-07-18,0,,-599.0,0.0
C,R,Tyler Stephenson,Sean Manaea,L,7,CIN,NYM,away,5.84,CIN,663886.0,-495.0,-104.0,85.7,0,2025-07-18,1,,-599.0,0.0
3B,R,Noelvi Marte,Sean Manaea,L,9,CIN,NYM,away,4.57,CIN,682622.0,-658.0,28.0,86.3,0,2025-07-18,0,,-630.0,0.0
SS,S,Francisco Lindor,Nick Lodolo,L,1,CIN,NYM,home,5.07,NYM,596019.0,-585.0,256.0,76.7,0,2025-07-18,0,,-329.0,0.0
DH,R,Mark Vientos,Nick Lodolo,L,2,CIN,NYM,home,5.42,NYM,668901.0,-541.0,70.0,82.5,0,2025-07-18,0,,-471.0,0.0
RF,L,Juan Soto,Nick Lodolo,L,3,CIN,NYM,home,6.32,NYM,665742.0,-449.0,-32.0,82.8,0,2025-07-18,1,,-481.0,0.0
1B,R,Pete Alonso,Nick Lodolo,L,4,CIN,NYM,home,6.97,NYM,624413.0,-398.0,98.0,75.0,0,2025-07-18,0,,-300.0,0.0
LF,L,Brandon Nimmo,Nick Lodolo,L,5,CIN,NYM,home,4.63,NYM,607043.0,-652.0,0.0,86.7,0,2025-07-18,0,,-652.0,0.0
3B,S,Ronny Mauricio,Nick Lodolo,L,6,CIN,NYM,home,4.53,NYM,677595.0,-663.0,,,0,2025-07-18,0,,,0.0
CF,R,Tyrone Taylor,Nick Lodolo,L,7,CIN,NYM,home,4.14,NYM,621438.0,-740.0,88.0,86.7,0,2025-07-18,0,,-652.0,0.0
C,R,Luis Torrens,Nick Lodolo,L,8,CIN,NYM,home,5.53,NYM,620443.0,-529.0,-171.0,87.5,0,2025-07-18,0,,-700.0,0.0
2B,L,Jeff McNeil,Nick Lodolo,L,9,CIN,NYM,home,2.42,NYM,643446.0,-1329.0,458.0,89.7,1,2025-07-18,0,,-871.0,1.15
DH,R,Jonathan India,Sandy Alcantara,R,1,KC,MIA,away,3.87,KC,663697.0,-793.0,112.0,87.2,0,2025-07-18,0,,-681.0,0.0
SS,R,Bobby Witt,Sandy Alcantara,R,2,KC,MIA,away,6.38,KC,677951.0,-443.0,43.0,80.0,0,2025-07-18,0,,-400.0,0.0
1B,L,Vinnie Pasquantino,Sandy Alcantara,R,3,KC,MIA,away,5.62,KC,686469.0,-517.0,46.0,82.5,0,2025-07-18,0,,-471.0,0.0
3B,R,Maikel Garcia,Sandy Alcantara,R,4,KC,MIA,away,3.88,KC,672580.0,-793.0,-107.0,90.0,0,2025-07-18,0,,-900.0,0.0
C,R,Salvador Perez,Sandy Alcantara,R,5,KC,MIA,away,5.16,KC,521692.0,-571.0,122.0,81.8,0,2025-07-18,0,,-449.0,0.0
RF,L,Jac Caglianone,Sandy Alcantara,R,6,KC,MIA,away,4.36,KC,695506.0,-694.0,153.0,84.4,0,2025-07-18,0,,-541.0,0.0
LF,R,Nick Loftin,Sandy Alcantara,R,8,KC,MIA,away,3.19,KC,679845.0,-987.0,,,0,2025-07-18,0,,,0.0
CF,L,Kyle Isbel,Sandy Alcantara,R,9,KC,MIA,away,4.02,KC,664728.0,-762.0,-237.0,90.9,0,2025-07-18,0,,-999.0,0.0
2B,S,Xavier Edwards,Seth Lugo,R,1,KC,MIA,home,3.58,MIA,669364.0,-871.0,-29.0,90.0,0,2025-07-18,0,,-900.0,0.0
RF,L,Jesus Sanchez,Seth Lugo,R,2,KC,MIA,home,7.57,MIA,660821.0,-359.0,-41.0,80.0,0,2025-07-18,1,,-400.0,0.0
C,R,Agustin Ramirez,Seth Lugo,R,3,KC,MIA,home,4.88,MIA,682663.0,-609.0,209.0,80.0,0,2025-07-18,0,,-400.0,0.0
LF,L,Kyle Stowers,Seth Lugo,R,4,KC,MIA,home,7.68,MIA,669065.0,-352.0,2.0,77.8,0,2025-07-18,1,,-350.0,0.0
SS,R,Otto Lopez,Seth Lugo,R,5,KC,MIA,home,4.58,MIA,672640.0,-658.0,59.0,85.7,0,2025-07-18,0,,-599.0,0.0
DH,L,Liam Hicks,Seth Lugo,R,7,KC,MIA,home,4.36,MIA,689414.0,-694.0,-132.0,89.2,0,2025-07-18,0,,-826.0,0.0
CF,R,Dane Myers,Seth Lugo,R,8,KC,MIA,home,4.56,MIA,667472.0,-663.0,-163.0,89.2,0,2025-07-18,0,,-826.0,0.0
3B,L,Graham Pauley,Seth Lugo,R,9,KC,MIA,home,4.59,MIA,688363.0,-658.0,,,0,2025-07-18,0,,,0.0
LF,S,Jasson Dominguez,Spencer Strider,R,1,NYY,ATL,away,4.61,NYY,691176.0,-652.0,153.0,83.3,0,2025-07-18,0,,-499.0,0.0
RF,R,Aaron Judge,Spencer Strider,R,2,NYY,ATL,away,7.92,NYY,592450.0,-339.0,105.0,70.1,0,2025-07-18,0,,-234.0,0.0
CF,L,Cody Bellinger,Spencer Strider,R,3,NYY,ATL,away,5.21,NYY,641355.0,-567.0,86.0,82.8,0,2025-07-18,0,,-481.0,0.0
DH,R,Giancarlo Stanton,Spencer Strider,R,4,NYY,ATL,away,6.56,NYY,519317.0,-429.0,8.0,80.8,0,2025-07-18,0,,-421.0,0.0
2B,L,Jazz Chisholm,Spencer Strider,R,5,NYY,ATL,away,7.32,NYY,665862.0,-374.0,-26.0,80.0,0,2025-07-18,0,,-400.0,0.0
C,L,Austin Wells,Spencer Strider,R,7,NYY,ATL,away,5.69,NYY,669224.0,-510.0,129.0,79.2,0,2025-07-18,0,,-381.0,0.0
SS,R,Anthony Volpe,Spencer Strider,R,8,NYY,ATL,away,4.02,NYY,683011.0,-762.0,-138.0,90.0,0,2025-07-18,0,,-900.0,0.0
RF,R,Ronald Acuna,Max Fried,L,1,NYY,ATL,home,7.16,ATL,660670.0,-385.0,-36.0,80.8,0,2025-07-18,0,,-421.0,0.0
1B,L,Matt Olson,Max Fried,L,2,NYY,ATL,home,6.03,ATL,621566.0,-475.0,75.0,80.0,0,2025-07-18,0,,-400.0,0.0
LF,S,Jurickson Profar,Max Fried,L,3,NYY,ATL,home,4.31,ATL,595777.0,-706.0,165.0,84.4,0,2025-07-18,0,,-541.0,0.0
2B,S,Ozzie Albies,Max Fried,L,5,NYY,ATL,home,3.47,ATL,645277.0,-900.0,200.0,87.5,0,2025-07-18,1,,-700.0,0.0
C,R,Sean Murphy,Max Fried,L,6,NYY,ATL,home,3.64,ATL,669221.0,-852.0,423.0,81.1,0,2025-07-18,0,,-429.0,0.0
3B,R,Nacho Alvarez,Max Fried,L,7,NYY,ATL,home,3.98,ATL,805373.0,-770.0,,,0,2025-07-18,0,,,0.0
CF,L,Michael Harris II,Max Fried,L,8,NYY,ATL,home,3.58,ATL,671739.0,-871.0,124.0,88.2,0,2025-07-18,0,,-747.0,0.0
SS,R,Nick Allen,Max Fried,L,9,NYY,ATL,home,2.82,ATL,669397.0,-1135.0,-258.0,93.3,0,2025-07-18,0,,-1393.0,0.0
2B,L,Jackson Holliday,Taj Bradley,R,1,BAL,TB,away,6.32,BAL,702616.0,-449.0,23.0,81.0,0,2025-07-18,0,,-426.0,0.0
3B,R,Jordan Westburg,Taj Bradley,R,2,BAL,TB,away,5.85,BAL,676059.0,-492.0,92.0,80.0,0,2025-07-18,0,,-400.0,0.0
SS,L,Gunnar Henderson,Taj Bradley,R,3,BAL,TB,away,5.67,BAL,683002.0,-513.0,163.0,77.8,0,2025-07-18,0,,-350.0,0.0
1B,L,Ryan O'Hearn,Taj Bradley,R,4,BAL,TB,away,5.57,BAL,656811.0,-521.0,72.0,81.8,0,2025-07-18,0,,-449.0,0.0
RF,R,Ramon Laureano,Taj Bradley,R,5,BAL,TB,away,5.18,BAL,657656.0,-571.0,122.0,81.8,0,2025-07-18,0,,-449.0,0.0
LF,L,Colton Cowser,Taj Bradley,R,6,BAL,TB,away,5.59,BAL,681297.0,-521.0,95.0,81.0,0,2025-07-18,0,,-426.0,0.0
CF,L,Cedric Mullins,Taj Bradley,R,8,BAL,TB,away,3.9,BAL,656775.0,-793.0,244.0,84.6,0,2025-07-18,0,,-549.0,0.0
C,R,Jacob Stallings,Taj Bradley,R,9,BAL,TB,away,2.93,BAL,607732.0,-1090.0,137.0,90.5,0,2025-07-18,0,,-953.0,0.0
CF,L,Chandler Simpson,Charlie Morton,R,1,BAL,TB,home,3.39,TB,802415.0,-920.0,268.0,86.7,0,2025-07-18,0,,-652.0,0.0
1B,L,Jonathan Aranda,Charlie Morton,R,2,BAL,TB,home,6.38,TB,666018.0,-443.0,-56.0,83.3,0,2025-07-18,0,,-499.0,0.0
DH,R,Yandy Diaz,Charlie Morton,R,3,BAL,TB,home,5.52,TB,650490.0,-529.0,103.0,81.0,0,2025-07-18,1,,-426.0,0.0
LF,S,Jake Mangum,Charlie Morton,R,4,BAL,TB,home,3.59,TB,663968.0,-871.0,-128.0,90.9,0,2025-07-18,0,,-999.0,0.0
RF,L,Josh Lowe,Charlie Morton,R,5,BAL,TB,home,5.1,TB,666139.0,-580.0,31.0,84.6,0,2025-07-18,0,,-549.0,0.0
3B,R,Junior Caminero,Charlie Morton,R,6,BAL,TB,home,6.03,TB,691406.0,-475.0,155.0,76.2,0,2025-07-18,1,,-320.0,0.0
SS,R,Ha-Seong Kim,Charlie Morton,R,7,BAL,TB,home,3.73,TB,673490.0,-835.0,-17.0,89.5,0,2025-07-18,0,,-852.0,0.0
2B,S,Taylor Walls,Charlie Morton,R,8,BAL,TB,home,2.92,TB,670764.0,-1090.0,137.0,90.5,0,2025-07-18,0,,-953.0,0.0
C,R,Danny Jansen,Charlie Morton,R,9,BAL,TB,home,3.67,TB,643376.0,-843.0,244.0,85.7,0,2025-07-18,1,,-599.0,0.0
2B,R,Gleyber Torres,Patrick Corbin,L,2,DET,TEX,away,6.47,DET,650402.0,-438.0,-83.0,83.9,0,2025-07-18,0,,-521.0,0.0
RF,S,Wenceel Perez,Patrick Corbin,L,3,DET,TEX,away,6.09,DET,672761.0,-471.0,-78.0,84.6,0,2025-07-18,0,,-549.0,0.0
LF,L,Riley Greene,Patrick Corbin,L,4,DET,TEX,away,6.88,DET,682985.0,-405.0,5.0,80.0,0,2025-07-18,0,,-400.0,0.0
1B,R,Spencer Torkelson,Patrick Corbin,L,5,DET,TEX,away,7.06,DET,679529.0,-393.0,52.0,77.3,0,2025-07-18,0,,-341.0,0.0
3B,L,Zach McKinstry,Patrick Corbin,L,6,DET,TEX,away,4.43,DET,656716.0,-681.0,-120.0,88.9,0,2025-07-18,0,,-801.0,0.0
C,R,Dillon Dingler,Patrick Corbin,L,7,DET,TEX,away,5.32,DET,693307.0,-554.0,-45.0,85.7,0,2025-07-18,0,,-599.0,0.0
SS,R,Javier Baez,Patrick Corbin,L,9,DET,TEX,away,4.52,DET,595879.0,-669.0,70.0,85.7,0,2025-07-18,0,,-599.0,0.0
3B,L,Josh Smith,Reese Olson,R,1,DET,TEX,home,5.03,TEX,669701.0,-590.0,-91.0,87.2,0,2025-07-18,0,,-681.0,0.0
SS,L,Corey Seager,Reese Olson,R,2,DET,TEX,home,7.19,TEX,608369.0,-383.0,42.0,77.3,0,2025-07-18,0,,-341.0,0.0
2B,R,Marcus Semien,Reese Olson,R,3,DET,TEX,home,3.96,TEX,543760.0,-777.0,278.0,83.3,0,2025-07-18,0,,-499.0,0.0
RF,R,Adolis Garcia,Reese Olson,R,4,DET,TEX,home,5.85,TEX,666969.0,-492.0,111.0,79.2,0,2025-07-18,0,,-381.0,0.0
CF,L,Evan Carter,Reese Olson,R,5,DET,TEX,home,5.4,TEX,694497.0,-541.0,-159.0,87.5,0,2025-07-18,0,,-700.0,0.0
LF,R,Wyatt Langford,Reese Olson,R,6,DET,TEX,home,5.22,TEX,694671.0,-567.0,92.0,82.6,0,2025-07-18,0,,-475.0,0.0
C,S,Jonah Heim,Reese Olson,R,7,DET,TEX,home,4.38,TEX,641680.0,-694.0,42.0,86.7,0,2025-07-18,0,,-652.0,0.0
DH,R,Kyle Higashioka,Reese Olson,R,9,DET,TEX,home,3.7,TEX,543309.0,-835.0,236.0,85.7,0,2025-07-18,0,,-599.0,0.0
CF,R,Byron Buxton,Kyle Freeland,L,1,MIN,COL,away,7.68,MIN,621439.0,-352.0,157.0,66.1,0,2025-07-18,1,,-195.0,0.0
DH,R,Ryan Jeffers,Kyle Freeland,L,2,MIN,COL,away,6.31,MIN,680777.0,-449.0,129.0,76.2,0,2025-07-18,0,,-320.0,0.0
SS,R,Carlos Correa,Kyle Freeland,L,3,MIN,COL,away,6.45,MIN,621043.0,-438.0,97.0,77.3,0,2025-07-18,0,,-341.0,0.0
RF,S,Willi Castro,Kyle Freeland,L,4,MIN,COL,away,5.28,MIN,650489.0,-558.0,9.0,84.6,0,2025-07-18,1,,-549.0,0.0
1B,R,Ty France,Kyle Freeland,L,5,MIN,COL,away,5.98,MIN,664034.0,-481.0,-68.0,84.6,0,2025-07-18,0,,-549.0,0.0
3B,R,Royce Lewis,Kyle Freeland,L,6,MIN,COL,away,6.43,MIN,668904.0,-441.0,80.0,78.3,0,2025-07-18,0,,-361.0,0.0
LF,R,Harrison Bader,Kyle Freeland,L,7,MIN,COL,away,6.38,MIN,664056.0,-443.0,17.0,81.0,0,2025-07-18,0,,-426.0,0.0
2B,S,Brooks Lee,Kyle Freeland,L,8,MIN,COL,away,4.34,MIN,686797.0,-700.0,201.0,83.3,0,2025-07-18,0,,-499.0,0.0
C,R,Christian Vazquez,Kyle Freeland,L,9,MIN,COL,away,4.11,MIN,543877.0,-747.0,0.0,88.2,0,2025-07-18,0,,-747.0,0.0
DH,R,Tyler Freeman,Chris Paddack,R,1,MIN,COL,home,3.41,COL,671289.0,-920.0,220.0,87.5,0,2025-07-18,0,,-700.0,0.0
LF,R,Jordan Beck,Chris Paddack,R,3,MIN,COL,home,5.31,COL,687597.0,-554.0,55.0,83.3,0,2025-07-18,1,,-499.0,0.0
RF,L,Mickey Moniak,Chris Paddack,R,5,MIN,COL,home,6.27,COL,666160.0,-452.0,91.0,78.3,0,2025-07-18,0,,-361.0,0.0
1B,S,Michael Toglia,Chris Paddack,R,6,MIN,COL,home,5.88,COL,669911.0,-492.0,142.0,77.8,0,2025-07-18,0,,-350.0,0.0
3B,L,Ryan McMahon,Chris Paddack,R,7,MIN,COL,home,6.74,COL,641857.0,-415.0,-11.0,81.0,0,2025-07-18,1,,-426.0,0.0
CF,R,Brenton Doyle,Chris Paddack,R,8,MIN,COL,home,5.55,COL,686668.0,-525.0,26.0,83.3,0,2025-07-18,0,,-499.0,0.0
LF,L,Brendan Donovan,Brandon Pfaadt,R,1,STL,ARI,away,5.54,STL,680977.0,-525.0,-74.0,85.7,0,2025-07-18,0,,-599.0,0.0
DH,R,Ivan Herrera,Brandon Pfaadt,R,2,STL,ARI,away,3.98,STL,671056.0,-770.0,70.0,87.5,0,2025-07-18,0,,-700.0,0.0
RF,L,Alec Burleson,Brandon Pfaadt,R,3,STL,ARI,away,5.78,STL,676475.0,-499.0,99.0,80.0,0,2025-07-18,0,,-400.0,0.0
C,R,William Contreras,Tyler Glasnow,R,2,MIL,LAD,away,4.55,MIL,661388.0,-663.0,164.0,83.3,0,2025-07-18,0,,-499.0,0.0
3B,R,Nolan Arenado,Brandon Pfaadt,R,5,STL,ARI,away,3.68,STL,571448.0,-843.0,394.0,81.8,0,2025-07-18,0,,-449.0,0.0
SS,R,Masyn Winn,Brandon Pfaadt,R,6,STL,ARI,away,3.89,STL,691026.0,-793.0,-206.0,90.9,0,2025-07-18,0,,-999.0,0.0
C,R,Pedro Pages,Brandon Pfaadt,R,8,STL,ARI,away,3.95,STL,686780.0,-777.0,-75.0,89.5,0,2025-07-18,0,,-852.0,0.0
RF,L,Corbin Carroll,Andre Pallante,R,1,STL,ARI,home,5.92,ARI,682998.0,-485.0,124.0,78.3,0,2025-07-18,0,,-361.0,0.0
SS,S,Geraldo Perdomo,Andre Pallante,R,3,STL,ARI,home,3.35,ARI,672695.0,-931.0,184.0,88.2,0,2025-07-18,0,,-747.0,0.0
1B,L,Josh Naylor,Andre Pallante,R,4,STL,ARI,home,4.7,ARI,647304.0,-641.0,166.0,82.6,0,2025-07-18,0,,-475.0,0.0
3B,R,Eugenio Suarez,Andre Pallante,R,5,STL,ARI,home,4.66,ARI,553993.0,-646.0,256.0,79.6,0,2025-07-18,0,,-390.0,0.0
DH,R,Lourdes Gurriel,Andre Pallante,R,6,STL,ARI,home,3.33,ARI,666971.0,-942.0,195.0,88.2,0,2025-07-18,0,,-747.0,0.0
CF,L,Alek Thomas,Andre Pallante,R,8,STL,ARI,home,4.52,ARI,677950.0,-669.0,-183.0,89.5,0,2025-07-18,0,,-852.0,0.0
C,S,Jose Herrera,Andre Pallante,R,9,STL,ARI,home,2.33,ARI,645444.0,-1393.0,394.0,90.9,0,2025-07-18,0,,-999.0,0.0
3B,R,Isaac Paredes,Luis Castillo,R,1,HOU,SEA,away,3.6,HOU,670623.0,-862.0,413.0,81.8,0,2025-07-18,0,,-449.0,0.0
RF,R,Cam Smith,Luis Castillo,R,2,HOU,SEA,away,3.08,HOU,701358.0,-1024.0,324.0,87.5,0,2025-07-18,0,,-700.0,0.0
LF,R,Jose Altuve,Luis Castillo,R,3,HOU,SEA,away,4.14,HOU,514888.0,-740.0,141.0,85.7,0,2025-07-18,0,,-599.0,0.0
1B,R,Christian Walker,Luis Castillo,R,4,HOU,SEA,away,5.53,HOU,572233.0,-529.0,129.0,80.0,0,2025-07-18,0,,-400.0,0.0
DH,S,Victor Caratini,Luis Castillo,R,5,HOU,SEA,away,4.78,HOU,605170.0,-625.0,26.0,85.7,0,2025-07-18,0,,-599.0,0.0
C,R,Yainer Diaz,Luis Castillo,R,6,HOU,SEA,away,4.51,HOU,673237.0,-669.0,120.0,84.6,0,2025-07-18,0,,-549.0,0.0
CF,L,Taylor Trammell,Luis Castillo,R,7,HOU,SEA,away,4.74,HOU,666211.0,-630.0,0.0,86.3,0,2025-07-18,0,,-630.0,0.0
SS,R,Mauricio Dubon,Luis Castillo,R,8,HOU,SEA,away,2.84,HOU,643289.0,-1120.0,167.0,90.5,0,2025-07-18,0,,-953.0,0.0
SS,L,J.P. Crawford,Brandon Walter,L,1,HOU,SEA,home,3.64,SEA,641487.0,-852.0,-48.0,90.0,0,2025-07-18,0,,-900.0,0.0
DH,S,Cal Raleigh,Brandon Walter,L,3,HOU,SEA,home,7.48,SEA,663728.0,-363.0,113.0,71.4,0,2025-07-18,0,,-250.0,0.0
LF,R,Randy Arozarena,Brandon Walter,L,4,HOU,SEA,home,5.8,SEA,668227.0,-499.0,24.0,82.6,0,2025-07-18,1,,-475.0,0.0
1B,R,Donovan Solano,Brandon Walter,L,5,HOU,SEA,home,3.66,SEA,456781.0,-852.0,-48.0,90.0,0,2025-07-18,0,,-900.0,0.0
C,R,Mitch Garver,Brandon Walter,L,6,HOU,SEA,home,4.66,SEA,641598.0,-646.0,175.0,82.5,0,2025-07-18,1,,-471.0,0.0
RF,R,Dylan Moore,Brandon Walter,L,7,HOU,SEA,home,4.58,SEA,664238.0,-658.0,6.0,86.7,0,2025-07-18,0,,-652.0,0.0
3B,R,Ben Williamson,Brandon Walter,L,8,HOU,SEA,home,3.19,SEA,810938.0,-987.0,-118.0,91.7,0,2025-07-18,0,,-1105.0,0.0
CF,R,Jackson Chourio,Tyler Glasnow,R,3,MIL,LAD,away,4.93,MIL,694192.0,-604.0,155.0,81.8,0,2025-07-18,0,,-449.0,0.0
DH,L,Christian Yelich,Tyler Glasnow,R,4,MIL,LAD,away,5.62,MIL,592885.0,-517.0,-113.0,86.3,0,2025-07-18,0,,-630.0,0.0
1B,R,Andrew Vaughn,Tyler Glasnow,R,5,MIL,LAD,away,6.11,MIL,683734.0,-468.0,,,0,2025-07-18,0,,,0.0
LF,S,Isaac Collins,Tyler Glasnow,R,6,MIL,LAD,away,3.48,MIL,686555.0,-900.0,153.0,88.2,0,2025-07-18,0,,-747.0,0.0
2B,L,Brice Turang,Tyler Glasnow,R,7,MIL,LAD,away,3.86,MIL,668930.0,-801.0,-152.0,90.5,0,2025-07-18,0,,-953.0,0.0
3B,R,Caleb Durbin,Tyler Glasnow,R,8,MIL,LAD,away,3.43,MIL,702332.0,-910.0,-153.0,91.4,0,2025-07-18,1,,-1063.0,0.0
SS,R,Joey Ortiz,Tyler Glasnow,R,9,MIL,LAD,away,3.43,MIL,687401.0,-910.0,84.0,89.2,0,2025-07-18,0,,-826.0,0.0
DH,L,Shohei Ohtani,Quinn Priester,R,1,MIL,LAD,home,9.5,LAD,660271.0,-265.0,85.0,64.30000000000001,0,2025-07-18,0,,-180.0,0.0
SS,R,Mookie Betts,Quinn Priester,R,2,MIL,LAD,home,4.36,LAD,605141.0,-694.0,245.0,81.8,0,2025-07-18,0,,-449.0,0.0
C,R,Will Smith,Quinn Priester,R,3,MIL,LAD,home,5.56,LAD,669257.0,-525.0,125.0,80.0,0,2025-07-18,0,,-400.0,0.0
1B,L,Freddie Freeman,Quinn Priester,R,4,MIL,LAD,home,6.13,LAD,518692.0,-465.0,39.0,81.0,0,2025-07-18,0,,-426.0,0.0
RF,R,Teoscar Hernandez,Quinn Priester,R,5,MIL,LAD,home,5.71,LAD,606192.0,-506.0,80.0,81.0,0,2025-07-18,0,,-426.0,0.0
CF,R,Andy Pages,Quinn Priester,R,6,MIL,LAD,home,4.59,LAD,681624.0,-658.0,209.0,81.8,0,2025-07-18,0,,-449.0,0.0
2B,S,Tommy Edman,Quinn Priester,R,7,MIL,LAD,home,4.03,LAD,669242.0,-762.0,15.0,88.2,0,2025-07-18,0,,-747.0,0.0
3B,R,Miguel Rojas,Quinn Priester,R,8,MIL,LAD,home,3.07,LAD,500743.0,-1036.0,,,0,2025-07-18,0,,,0.0
LF,R,Heliot Ramos,Eric Lauer,L,1,SF,TOR,away,6.99,SF,671218.0,-398.0,48.0,77.8,0,2025-07-19,0,,-350.0,0.0
DH,L,Rafael Devers,Eric Lauer,L,2,SF,TOR,away,6.18,SF,646240.0,-462.0,112.0,77.8,0,2025-07-19,0,,-350.0,0.0
SS,R,Willy Adames,Eric Lauer,L,3,SF,TOR,away,6.05,SF,642715.0,-475.0,106.0,78.7,0,2025-07-19,1,,-369.0,0.0
3B,R,Matt Chapman,Eric Lauer,L,4,SF,TOR,away,6.04,SF,656305.0,-475.0,125.0,77.8,0,2025-07-19,0,,-350.0,0.0
1B,R,Wilmer Flores,Eric Lauer,L,5,SF,TOR,away,3.98,SF,527038.0,-770.0,271.0,83.3,0,2025-07-19,0,,-499.0,0.0
2B,R,Casey Schmitt,Eric Lauer,L,6,SF,TOR,away,4.81,SF,669477.0,-619.0,120.0,83.3,0,2025-07-19,0,,-499.0,0.0
CF,L,Jung Hoo Lee,Eric Lauer,L,7,SF,TOR,away,3.13,SF,808982.0,-1011.0,412.0,85.7,0,2025-07-19,0,,-599.0,0.0
RF,R,Luis Matos,Eric Lauer,L,8,SF,TOR,away,3.8,SF,682641.0,-809.0,310.0,83.3,0,2025-07-19,0,,-499.0,0.0
3B,R,Ernie Clement,Logan Webb,R,1,SF,TOR,home,2.55,TOR,676391.0,-1270.0,271.0,90.9,1,2025-07-19,0,,-999.0,1.0
RF,R,George Springer,Logan Webb,R,2,SF,TOR,home,2.18,TOR,543807.0,-1487.0,1016.0,82.5,0,2025-07-19,0,,-471.0,0.0
1B,R,Vladimir Guerrero,Logan Webb,R,3,SF,TOR,home,5.61,TOR,665489.0,-517.0,117.0,80.0,0,2025-07-19,0,,-400.0,0.0
SS,R,Bo Bichette,Logan Webb,R,4,SF,TOR,home,4.1,TOR,666182.0,-747.0,148.0,85.7,0,2025-07-19,0,,-599.0,0.0
CF,L,TJ Friedl,Clay Holmes,R,1,CIN,NYM,away,3.09,CIN,670770.0,-1024.0,425.0,85.7,0,2025-07-19,0,,-599.0,0.0
DH,R,Matt McLain,Clay Holmes,R,2,CIN,NYM,away,3.95,CIN,680574.0,-777.0,228.0,84.6,0,2025-07-19,0,,-549.0,0.0
SS,S,Elly De La Cruz,Clay Holmes,R,3,CIN,NYM,away,5.14,CIN,682829.0,-576.0,77.0,83.3,0,2025-07-19,0,,-499.0,0.0
LF,R,Austin Hays,Clay Holmes,R,4,CIN,NYM,away,4.29,CIN,669720.0,-706.0,165.0,84.4,0,2025-07-19,0,,-541.0,0.0
1B,R,Spencer Steer,Clay Holmes,R,5,CIN,NYM,away,3.07,CIN,668715.0,-1036.0,515.0,83.9,0,2025-07-19,0,,-521.0,0.0
3B,R,Noelvi Marte,Clay Holmes,R,6,CIN,NYM,away,3.7,CIN,682622.0,-835.0,154.0,87.2,0,2025-07-19,0,,-681.0,0.0
C,R,Tyler Stephenson,Clay Holmes,R,7,CIN,NYM,away,3.75,CIN,663886.0,-826.0,305.0,83.9,0,2025-07-19,0,,-521.0,0.0
LF,L,Brandon Nimmo,Nick Martinez,R,1,CIN,NYM,home,5.64,NYM,607043.0,-513.0,184.0,76.7,0,2025-07-19,0,,-329.0,0.0
SS,S,Francisco Lindor,Nick Martinez,R,2,CIN,NYM,home,4.85,NYM,596019.0,-614.0,224.0,79.6,0,2025-07-19,0,,-390.0,0.0
RF,L,Juan Soto,Nick Martinez,R,3,CIN,NYM,home,7.03,NYM,665742.0,-393.0,118.0,73.3,0,2025-07-19,0,,-275.0,0.0
1B,R,Pete Alonso,Nick Martinez,R,4,CIN,NYM,home,5.94,NYM,624413.0,-485.0,215.0,73.0,0,2025-07-19,0,,-270.0,0.0
DH,R,Mark Vientos,Nick Martinez,R,5,CIN,NYM,home,4.25,NYM,668901.0,-720.0,279.0,81.5,0,2025-07-19,0,,-441.0,0.0
CF,L,Jeff McNeil,Nick Martinez,R,6,CIN,NYM,home,3.05,NYM,643446.0,-1036.0,565.0,82.5,0,2025-07-19,0,,-471.0,0.0
3B,S,Ronny Mauricio,Nick Martinez,R,7,CIN,NYM,home,3.65,NYM,677595.0,-852.0,403.0,81.8,0,2025-07-19,0,,-449.0,0.0
C,R,Luis Torrens,Nick Martinez,R,8,CIN,NYM,home,4.25,NYM,620443.0,-720.0,-27.0,88.2,0,2025-07-19,0,,-747.0,0.0
2B,L,Brett Baty,Nick Martinez,R,9,CIN,NYM,home,3.8,NYM,683146.0,-809.0,251.0,84.8,0,2025-07-19,1,,-558.0,0.0
DH,R,Jonathan India,Cal Quantrill,R,1,KC,MIA,away,4.15,KC,663697.0,-733.0,184.0,84.6,0,2025-07-19,0,,-549.0,0.0
SS,R,Bobby Witt,Cal Quantrill,R,2,KC,MIA,away,6.75,KC,677951.0,-413.0,44.0,78.7,0,2025-07-19,0,,-369.0,0.0
1B,L,Vinnie Pasquantino,Cal Quantrill,R,3,KC,MIA,away,5.84,KC,686469.0,-495.0,46.0,81.8,0,2025-07-19,0,,-449.0,0.0
3B,R,Maikel Garcia,Cal Quantrill,R,4,KC,MIA,away,3.98,KC,672580.0,-770.0,-31.0,88.9,0,2025-07-19,0,,-801.0,0.0
C,R,Salvador Perez,Cal Quantrill,R,5,KC,MIA,away,5.4,KC,521692.0,-541.0,191.0,77.8,0,2025-07-19,1,,-350.0,0.0
2B,L,Adam Frazier,Cal Quantrill,R,7,KC,MIA,away,3.56,KC,624428.0,-871.0,,,0,2025-07-19,0,,,0.0
LF,R,Nick Loftin,Cal Quantrill,R,8,KC,MIA,away,3.33,KC,679845.0,-942.0,71.0,89.7,0,2025-07-19,0,,-871.0,0.0
2B,S,Xavier Edwards,Michael Wacha,R,1,KC,MIA,home,3.27,MIA,669364.0,-964.0,-99.0,91.4,0,2025-07-19,0,,-1063.0,0.0
RF,L,Jesus Sanchez,Michael Wacha,R,2,KC,MIA,home,7.42,MIA,660821.0,-367.0,-59.0,81.0,0,2025-07-19,0,,-426.0,0.0
C,R,Agustin Ramirez,Michael Wacha,R,3,KC,MIA,home,4.95,MIA,682663.0,-599.0,150.0,81.8,0,2025-07-19,0,,-449.0,0.0
LF,L,Kyle Stowers,Michael Wacha,R,4,KC,MIA,home,7.59,MIA,669065.0,-357.0,-64.0,80.8,0,2025-07-19,0,,-421.0,0.0
SS,R,Otto Lopez,Michael Wacha,R,5,KC,MIA,home,4.22,MIA,672640.0,-720.0,39.0,87.2,0,2025-07-19,0,,-681.0,0.0
1B,R,Eric Wagaman,Michael Wacha,R,6,KC,MIA,home,3.67,MIA,676572.0,-843.0,-57.0,90.0,0,2025-07-19,0,,-900.0,0.0
DH,L,Liam Hicks,Michael Wacha,R,7,KC,MIA,home,4.03,MIA,689414.0,-762.0,-109.0,89.7,0,2025-07-19,0,,-871.0,0.0
CF,R,Dane Myers,Michael Wacha,R,8,KC,MIA,home,4.3,MIA,667472.0,-706.0,-120.0,89.2,0,2025-07-19,0,,-826.0,0.0
3B,L,Graham Pauley,Michael Wacha,R,9,KC,MIA,home,4.33,MIA,688363.0,-700.0,-101.0,88.9,0,2025-07-19,0,,-801.0,0.0
SS,R,Zach Neto,Taijuan Walker,R,1,LAA,PHI,away,5.91,LAA,687263.0,-488.0,119.0,78.7,0,2025-07-19,0,,-369.0,0.0
1B,L,Nolan Schanuel,Taijuan Walker,R,2,LAA,PHI,away,5.24,LAA,694384.0,-562.0,-138.0,87.5,0,2025-07-19,0,,-700.0,0.0
DH,R,Mike Trout,Taijuan Walker,R,3,LAA,PHI,away,6.87,LAA,545361.0,-405.0,145.0,72.19999999999999,0,2025-07-19,0,,-260.0,0.0
LF,R,Taylor Ward,Taijuan Walker,R,4,LAA,PHI,away,5.84,LAA,621493.0,-495.0,134.0,78.3,0,2025-07-19,1,,-361.0,0.0
CF,R,Jo Adell,Taijuan Walker,R,5,LAA,PHI,away,5.53,LAA,666176.0,-529.0,200.0,76.7,0,2025-07-19,1,,-329.0,0.0
3B,S,Yoan Moncada,Taijuan Walker,R,6,LAA,PHI,away,4.75,LAA,660162.0,-630.0,181.0,81.8,0,2025-07-19,1,,-449.0,0.0
RF,R,Jorge Soler,Taijuan Walker,R,7,LAA,PHI,away,4.65,LAA,624585.0,-646.0,217.0,81.1,0,2025-07-19,0,,-429.0,0.0
2B,S,Luis Rengifo,Taijuan Walker,R,9,LAA,PHI,away,3.09,LAA,650859.0,-1024.0,71.0,90.5,0,2025-07-19,0,,-953.0,0.0
SS,R,Trea Turner,Yusei Kikuchi,L,1,LAA,PHI,home,5.78,PHI,607208.0,-499.0,118.0,79.2,0,2025-07-19,0,,-381.0,0.0
1B,L,Bryce Harper,Yusei Kikuchi,L,2,LAA,PHI,home,6.24,PHI,547180.0,-456.0,136.0,76.2,0,2025-07-19,1,,-320.0,0.0
DH,L,Kyle Schwarber,Yusei Kikuchi,L,4,LAA,PHI,home,7.02,PHI,656941.0,-395.0,165.0,69.7,0,2025-07-19,1,,-230.0,0.0
RF,R,Nick Castellanos,Yusei Kikuchi,L,5,LAA,PHI,home,5.24,PHI,592206.0,-562.0,172.0,79.6,0,2025-07-19,0,,-390.0,0.0
C,R,J.T. Realmuto,Yusei Kikuchi,L,6,LAA,PHI,home,5.87,PHI,592663.0,-492.0,66.0,81.0,0,2025-07-19,0,,-426.0,0.0
2B,R,Edmundo Sosa,Yusei Kikuchi,L,7,LAA,PHI,home,4.73,PHI,624641.0,-635.0,86.0,84.6,0,2025-07-19,0,,-549.0,0.0
CF,R,Johan Rojas,Yusei Kikuchi,L,9,LAA,PHI,home,4.01,PHI,679032.0,-762.0,-39.0,88.9,0,2025-07-19,0,,-801.0,0.0
RF,L,Mike Tauchman,Mike Burrows,R,1,CWS,PIT,away,4.77,CWS,643565.0,-630.0,-51.0,87.2,0,2025-07-19,0,,-681.0,0.0
2B,R,Chase Meidroth,Mike Burrows,R,2,CWS,PIT,away,2.98,CWS,805367.0,-1063.0,64.0,90.9,0,2025-07-19,0,,-999.0,0.0
LF,L,Andrew Benintendi,Mike Burrows,R,3,CWS,PIT,away,6.11,CWS,643217.0,-468.0,-131.0,85.7,0,2025-07-19,0,,-599.0,0.0
1B,R,Miguel Vargas,Mike Burrows,R,4,CWS,PIT,away,4.11,CWS,678246.0,-747.0,189.0,84.8,0,2025-07-19,0,,-558.0,0.0
C,L,Kyle Teel,Mike Burrows,R,5,CWS,PIT,away,5.48,CWS,691019.0,-533.0,-214.0,88.2,0,2025-07-19,0,,-747.0,0.0
CF,R,Luis Robert,Mike Burrows,R,6,CWS,PIT,away,4.56,CWS,673357.0,-663.0,114.0,84.6,0,2025-07-19,0,,-549.0,0.0
DH,R,Lenyn Sosa,Mike Burrows,R,7,CWS,PIT,away,3.83,CWS,672820.0,-809.0,157.0,86.7,0,2025-07-19,0,,-652.0,0.0
3B,L,Josh Rojas,Mike Burrows,R,9,CWS,PIT,away,3.7,CWS,668942.0,-835.0,-118.0,90.5,0,2025-07-19,0,,-953.0,0.0
LF,R,Tommy Pham,Adrian Houser,R,1,CWS,PIT,home,3.62,PIT,502054.0,-862.0,115.0,88.2,0,2025-07-19,0,,-747.0,0.0
DH,R,Andrew McCutchen,Adrian Houser,R,2,CWS,PIT,home,4.55,PIT,457705.0,-663.0,64.0,85.7,0,2025-07-19,0,,-599.0,0.0
RF,S,Bryan Reynolds,Adrian Houser,R,3,CWS,PIT,home,5.53,PIT,668804.0,-529.0,54.0,82.6,0,2025-07-19,0,,-475.0,0.0
2B,R,Nick Gonzales,Adrian Houser,R,4,CWS,PIT,home,3.42,PIT,693304.0,-910.0,210.0,87.5,0,2025-07-19,0,,-700.0,0.0
CF,L,Oneil Cruz,Adrian Houser,R,5,CWS,PIT,home,7.44,PIT,665833.0,-367.0,-2.0,78.7,0,2025-07-19,0,,-369.0,0.0
3B,R,Ke'Bryan Hayes,Adrian Houser,R,6,CWS,PIT,home,3.12,PIT,663647.0,-1011.0,-94.0,91.7,0,2025-07-19,0,,-1105.0,0.0
1B,L,Spencer Horwitz,Adrian Houser,R,7,CWS,PIT,home,4.65,PIT,687462.0,-646.0,-101.0,88.2,0,2025-07-19,0,,-747.0,0.0
SS,R,Isiah Kiner-Falefa,Adrian Houser,R,9,CWS,PIT,home,2.23,PIT,643396.0,-1462.0,69.0,93.3,0,2025-07-19,0,,-1393.0,0.0
DH,L,Luis Arraez,Mitchell Parker,L,1,SD,WSH,away,2.59,SD,650333.0,-1233.0,128.0,91.7,0,2025-07-19,0,,-1105.0,0.0
3B,R,Manny Machado,Mitchell Parker,L,2,SD,WSH,away,7.35,SD,592518.0,-372.0,43.0,76.7,0,2025-07-19,0,,-329.0,0.0
CF,L,Jackson Merrill,Mitchell Parker,L,3,SD,WSH,away,5.08,SD,701538.0,-585.0,86.0,83.3,0,2025-07-19,0,,-499.0,0.0
RF,R,Fernando Tatis,Mitchell Parker,L,4,SD,WSH,away,6.3,SD,665487.0,-449.0,139.0,75.6,0,2025-07-19,0,,-310.0,0.0
SS,R,Xander Bogaerts,Mitchell Parker,L,5,SD,WSH,away,4.94,SD,593428.0,-604.0,5.0,85.7,0,2025-07-19,0,,-599.0,0.0
LF,L,Gavin Sheets,Mitchell Parker,L,6,SD,WSH,away,4.5,SD,657757.0,-669.0,70.0,85.7,0,2025-07-19,0,,-599.0,0.0
2B,R,Jose Iglesias,Mitchell Parker,L,7,SD,WSH,away,3.59,SD,578428.0,-871.0,-234.0,91.7,0,2025-07-19,0,,-1105.0,0.0
1B,L,Jake Cronenworth,Mitchell Parker,L,8,SD,WSH,away,3.63,SD,630105.0,-852.0,152.0,87.5,0,2025-07-19,0,,-700.0,0.0
C,R,Martin Maldonado,Mitchell Parker,L,9,SD,WSH,away,5.64,SD,455117.0,-513.0,-234.0,88.2,0,2025-07-19,0,,-747.0,0.0
SS,L,CJ Abrams,Yu Darvish,R,1,SD,WSH,home,5.18,WSH,682928.0,-571.0,90.0,82.8,0,2025-07-19,0,,-481.0,0.0
LF,L,James Wood,Yu Darvish,R,2,SD,WSH,home,7.71,WSH,695578.0,-350.0,-71.0,80.8,0,2025-07-19,0,,-421.0,0.0
2B,L,Luis Garcia,Yu Darvish,R,3,SD,WSH,home,5.79,WSH,671277.0,-499.0,-22.0,83.9,0,2025-07-19,0,,-521.0,0.0
1B,L,Nathaniel Lowe,Yu Darvish,R,4,SD,WSH,home,4.61,WSH,663993.0,-652.0,103.0,84.6,0,2025-07-19,1,,-549.0,0.0
DH,S,Josh Bell,Yu Darvish,R,5,SD,WSH,home,5.21,WSH,605137.0,-567.0,96.0,82.5,0,2025-07-19,0,,-471.0,0.0
RF,L,Daylen Lile,Yu Darvish,R,7,SD,WSH,home,3.75,WSH,695734.0,-826.0,25.0,88.9,0,2025-07-19,0,,-801.0,0.0
CF,R,Jacob Young,Yu Darvish,R,9,SD,WSH,home,2.36,WSH,696285.0,-1371.0,-142.0,93.8,0,2025-07-19,0,,-1513.0,0.0
DH,L,Colt Keith,Kumar Rocker,R,1,DET,TEX,away,7.26,DET,690993.0,-378.0,-163.0,84.4,0,2025-07-19,0,,-541.0,0.0
2B,R,Gleyber Torres,Kumar Rocker,R,2,DET,TEX,away,5.16,DET,650402.0,-571.0,-28.0,85.7,0,2025-07-19,0,,-599.0,0.0
RF,S,Wenceel Perez,Kumar Rocker,R,3,DET,TEX,away,5.97,DET,672761.0,-481.0,-18.0,83.3,0,2025-07-19,0,,-499.0,0.0
LF,L,Riley Greene,Kumar Rocker,R,4,DET,TEX,away,7.35,DET,682985.0,-372.0,31.0,77.3,0,2025-07-19,1,,-341.0,0.0
1B,R,Spencer Torkelson,Kumar Rocker,R,5,DET,TEX,away,5.47,DET,679529.0,-533.0,133.0,80.0,0,2025-07-19,0,,-400.0,0.0
3B,L,Zach McKinstry,Kumar Rocker,R,6,DET,TEX,away,4.39,DET,656716.0,-687.0,35.0,86.7,0,2025-07-19,0,,-652.0,0.0
CF,L,Parker Meadows,Kumar Rocker,R,8,DET,TEX,away,5.02,DET,678009.0,-590.0,-91.0,87.2,0,2025-07-19,0,,-681.0,0.0
3B,L,Josh Smith,Keider Montero,R,1,DET,TEX,home,5.33,TEX,669701.0,-549.0,-81.0,86.3,0,2025-07-19,0,,-630.0,0.0
SS,L,Corey Seager,Keider Montero,R,2,DET,TEX,home,7.88,TEX,608369.0,-341.0,41.0,75.0,0,2025-07-19,0,,-300.0,0.0
2B,R,Marcus Semien,Keider Montero,R,3,DET,TEX,home,4.26,TEX,543760.0,-713.0,264.0,81.8,0,2025-07-19,0,,-449.0,0.0
RF,R,Adolis Garcia,Keider Montero,R,4,DET,TEX,home,5.93,TEX,666969.0,-485.0,85.0,80.0,0,2025-07-19,0,,-400.0,0.0
CF,L,Evan Carter,Keider Montero,R,5,DET,TEX,home,5.81,TEX,694497.0,-499.0,-50.0,84.6,0,2025-07-19,0,,-549.0,0.0
LF,R,Wyatt Langford,Keider Montero,R,6,DET,TEX,home,5.46,TEX,694671.0,-537.0,66.0,82.5,0,2025-07-19,0,,-471.0,0.0
C,S,Jonah Heim,Keider Montero,R,7,DET,TEX,home,4.62,TEX,641680.0,-652.0,-48.0,87.5,0,2025-07-19,0,,-700.0,0.0
1B,L,Rowdy Tellez,Keider Montero,R,8,DET,TEX,home,3.01,TEX,642133.0,-1049.0,,,0,2025-07-19,1,,,0.0
DH,R,Kyle Higashioka,Keider Montero,R,9,DET,TEX,home,3.94,TEX,543309.0,-777.0,296.0,82.8,0,2025-07-19,0,,-481.0,0.0
2B,L,Jackson Holliday,Zack Littell,R,1,BAL,TB,away,6.51,BAL,702616.0,-432.0,-43.0,82.6,0,2025-07-19,0,,-475.0,0.0
3B,R,Jordan Westburg,Zack Littell,R,2,BAL,TB,away,6.6,BAL,676059.0,-426.0,116.0,75.6,0,2025-07-19,0,,-310.0,0.0
SS,L,Gunnar Henderson,Zack Littell,R,3,BAL,TB,away,6.22,BAL,683002.0,-459.0,159.0,75.0,0,2025-07-19,0,,-300.0,0.0
1B,L,Ryan O'Hearn,Zack Littell,R,4,BAL,TB,away,6.0,BAL,656811.0,-478.0,-21.0,83.3,0,2025-07-19,0,,-499.0,0.0
RF,R,Ramon Laureano,Zack Littell,R,5,BAL,TB,away,5.51,BAL,657656.0,-529.0,129.0,80.0,0,2025-07-19,0,,-400.0,0.0
LF,L,Colton Cowser,Zack Littell,R,6,BAL,TB,away,6.13,BAL,681297.0,-465.0,124.0,77.3,0,2025-07-19,0,,-341.0,0.0
DH,R,Tyler O'Neill,Zack Littell,R,7,BAL,TB,away,5.39,BAL,641933.0,-545.0,195.0,77.8,0,2025-07-19,0,,-350.0,0.0
CF,L,Cedric Mullins,Zack Littell,R,8,BAL,TB,away,4.6,BAL,656775.0,-652.0,226.0,81.0,0,2025-07-19,0,,-426.0,0.0
C,R,Jacob Stallings,Zack Littell,R,9,BAL,TB,away,3.51,BAL,607732.0,-890.0,-10.0,90.0,0,2025-07-19,0,,-900.0,0.0
CF,L,Chandler Simpson,Dean Kremer,R,1,BAL,TB,home,3.37,TB,802415.0,-931.0,31.0,90.0,0,2025-07-19,0,,-900.0,0.0
2B,L,Brandon Lowe,Dean Kremer,R,2,BAL,TB,home,6.58,TB,664040.0,-426.0,97.0,76.7,0,2025-07-19,0,,-329.0,0.0
DH,R,Yandy Diaz,Dean Kremer,R,3,BAL,TB,home,5.38,TB,650490.0,-545.0,164.0,79.2,0,2025-07-19,0,,-381.0,0.0
1B,L,Jonathan Aranda,Dean Kremer,R,4,BAL,TB,home,2.74,TB,666018.0,-1166.0,805.0,78.3,0,2025-07-19,0,,-361.0,0.0
3B,R,Junior Caminero,Dean Kremer,R,5,BAL,TB,home,6.15,TB,691406.0,-465.0,136.0,76.7,0,2025-07-19,0,,-329.0,0.0
RF,L,Josh Lowe,Dean Kremer,R,6,BAL,TB,home,4.63,TB,666139.0,-652.0,177.0,82.6,0,2025-07-19,0,,-475.0,0.0
LF,S,Jake Mangum,Dean Kremer,R,7,BAL,TB,home,3.22,TB,663968.0,-975.0,-24.0,90.9,0,2025-07-19,0,,-999.0,0.0
SS,R,Ha-Seong Kim,Dean Kremer,R,8,BAL,TB,home,3.37,TB,673490.0,-931.0,130.0,88.9,0,2025-07-19,0,,-801.0,0.0
SS,R,Jacob Wilson,Logan Allen,L,1,ATH,CLE,away,3.54,ATH,805779.0,-880.0,133.0,88.2,0,2025-07-19,1,,-747.0,0.0
RF,R,Brent Rooker,Logan Allen,L,2,ATH,CLE,away,7.53,ATH,667670.0,-361.0,20.0,77.3,0,2025-07-19,0,,-341.0,0.0
DH,L,Nick Kurtz,Logan Allen,L,3,ATH,CLE,away,6.82,ATH,701762.0,-408.0,18.0,79.6,0,2025-07-19,1,,-390.0,0.0
C,R,Shea Langeliers,Logan Allen,L,4,ATH,CLE,away,5.82,ATH,669127.0,-495.0,46.0,81.8,0,2025-07-19,1,,-449.0,0.0
LF,R,Miguel Andujar,Logan Allen,L,5,ATH,CLE,away,4.29,ATH,609280.0,-706.0,-95.0,88.9,0,2025-07-19,0,,-801.0,0.0
2B,R,Luis Urias,Logan Allen,L,6,ATH,CLE,away,4.34,ATH,649966.0,-700.0,,,0,2025-07-19,0,,,0.0
3B,R,Max Muncy,Logan Allen,L,8,ATH,CLE,away,5.52,ATH,691777.0,-529.0,-101.0,86.3,0,2025-07-19,0,,-630.0,0.0
CF,R,Denzel Clarke,Logan Allen,L,9,ATH,CLE,away,4.57,ATH,672016.0,-658.0,-89.0,88.2,0,2025-07-19,0,,-747.0,0.0
3B,S,Jose Ramirez,Luis Severino,R,3,ATH,CLE,home,5.34,CLE,608070.0,-549.0,239.0,75.6,0,2025-07-19,1,,-310.0,0.0
1B,S,Carlos Santana,Luis Severino,R,4,ATH,CLE,home,4.37,CLE,467793.0,-694.0,195.0,83.3,0,2025-07-19,0,,-499.0,0.0
CF,S,Angel Martinez,Luis Severino,R,5,ATH,CLE,home,3.45,CLE,682657.0,-910.0,280.0,86.3,0,2025-07-19,0,,-630.0,0.0
RF,L,Nolan Jones,Luis Severino,R,6,ATH,CLE,home,5.52,CLE,666134.0,-529.0,-20.0,84.6,0,2025-07-19,0,,-549.0,0.0
SS,S,Brayan Rocchio,Luis Severino,R,9,ATH,CLE,home,3.13,CLE,677587.0,-1011.0,-94.0,91.7,0,2025-07-19,0,,-1105.0,0.0
RF,R,Aaron Judge,Joey Wentz,L,2,NYY,ATL,away,7.39,NYY,592450.0,-369.0,199.0,63.0,0,2025-07-19,0,,-170.0,0.0
CF,L,Cody Bellinger,Joey Wentz,L,3,NYY,ATL,away,3.37,NYY,641355.0,-931.0,531.0,80.0,0,2025-07-19,1,,-400.0,0.0
DH,R,Giancarlo Stanton,Joey Wentz,L,4,NYY,ATL,away,4.68,NYY,519317.0,-641.0,366.0,73.3,0,2025-07-19,0,,-275.0,0.0
2B,L,Jazz Chisholm,Joey Wentz,L,5,NYY,ATL,away,4.36,NYY,665862.0,-694.0,268.0,81.0,0,2025-07-19,0,,-426.0,0.0
1B,R,Paul Goldschmidt,Joey Wentz,L,6,NYY,ATL,away,3.37,NYY,502671.0,-931.0,531.0,80.0,0,2025-07-19,0,,-400.0,0.0
C,L,Austin Wells,Joey Wentz,L,7,NYY,ATL,away,3.3,NYY,669224.0,-953.0,504.0,81.8,0,2025-07-19,0,,-449.0,0.0
SS,R,Anthony Volpe,Joey Wentz,L,8,NYY,ATL,away,2.67,NYY,683011.0,-1199.0,499.0,87.5,0,2025-07-19,1,,-700.0,0.0
3B,R,Oswald Peraza,Joey Wentz,L,9,NYY,ATL,away,3.26,NYY,672724.0,-964.0,163.0,88.9,0,2025-07-19,0,,-801.0,0.0
LF,S,Jurickson Profar,Will Warren,R,1,NYY,ATL,home,4.72,ATL,595777.0,-635.0,36.0,85.7,0,2025-07-19,0,,-599.0,0.0
1B,L,Matt Olson,Will Warren,R,2,NYY,ATL,home,6.77,ATL,621566.0,-413.0,84.0,76.7,0,2025-07-19,0,,-329.0,0.0
RF,R,Ronald Acuna,Will Warren,R,3,NYY,ATL,home,6.8,ATL,660670.0,-410.0,69.0,77.3,0,2025-07-19,0,,-341.0,0.0
C,L,Drake Baldwin,Will Warren,R,4,NYY,ATL,home,5.09,ATL,686948.0,-580.0,,,0,2025-07-19,0,,,0.0
DH,R,Marcell Ozuna,Will Warren,R,5,NYY,ATL,home,5.65,ATL,542303.0,-513.0,-8.0,83.9,0,2025-07-19,0,,-521.0,0.0
2B,S,Ozzie Albies,Will Warren,R,6,NYY,ATL,home,3.88,ATL,645277.0,-793.0,244.0,84.6,0,2025-07-19,1,,-549.0,0.0
3B,R,Nacho Alvarez,Will Warren,R,7,NYY,ATL,home,3.42,ATL,805373.0,-910.0,,,0,2025-07-19,0,,,0.0
CF,L,Michael Harris II,Will Warren,R,8,NYY,ATL,home,4.45,ATL,671739.0,-681.0,-19.0,87.5,0,2025-07-19,1,,-700.0,0.0
SS,R,Nick Allen,Will Warren,R,9,NYY,ATL,home,2.21,ATL,669397.0,-1462.0,-51.0,93.8,0,2025-07-19,0,,-1513.0,0.0
DH,R,Rob Refsnyder,Shota Imanaga,L,1,BOS,CHC,away,6.8,BOS,608701.0,-410.0,-89.0,83.3,0,2025-07-19,0,,-499.0,0.0
2B,R,Romy Gonzalez,Shota Imanaga,L,2,BOS,CHC,away,7.4,BOS,663853.0,-369.0,-31.0,80.0,0,2025-07-19,0,,-400.0,0.0
3B,R,Alex Bregman,Shota Imanaga,L,3,BOS,CHC,away,5.99,BOS,608324.0,-478.0,137.0,77.3,0,2025-07-19,0,,-341.0,0.0
SS,R,Trevor Story,Shota Imanaga,L,6,BOS,CHC,away,4.79,BOS,596115.0,-625.0,264.0,78.3,0,2025-07-19,0,,-361.0,0.0
LF,L,Jarren Duran,Shota Imanaga,L,7,BOS,CHC,away,4.82,BOS,680776.0,-619.0,20.0,85.7,0,2025-07-19,0,,-599.0,0.0
1B,S,Abraham Toro,Shota Imanaga,L,8,BOS,CHC,away,3.81,BOS,647351.0,-809.0,260.0,84.6,0,2025-07-19,0,,-549.0,0.0
CF,R,Ceddanne Rafaela,Shota Imanaga,L,9,BOS,CHC,away,6.02,BOS,678882.0,-478.0,29.0,81.8,0,2025-07-19,0,,-449.0,0.0
1B,L,Michael Busch,Brayan Bello,R,1,BOS,CHC,home,6.57,CHC,683737.0,-429.0,109.0,76.2,0,2025-07-19,1,,-320.0,0.0
RF,L,Kyle Tucker,Brayan Bello,R,2,BOS,CHC,home,5.99,CHC,663656.0,-478.0,88.0,79.6,0,2025-07-19,1,,-390.0,0.0
DH,R,Seiya Suzuki,Brayan Bello,R,3,BOS,CHC,home,6.11,CHC,673548.0,-468.0,87.0,79.2,0,2025-07-19,0,,-381.0,0.0
CF,L,Pete Crow-Armstrong,Brayan Bello,R,4,BOS,CHC,home,5.97,CHC,691718.0,-481.0,112.0,78.7,0,2025-07-19,1,,-369.0,0.0
LF,S,Ian Happ,Brayan Bello,R,6,BOS,CHC,home,5.12,CHC,664023.0,-576.0,176.0,80.0,0,2025-07-19,1,,-400.0,0.0
SS,R,Dansby Swanson,Brayan Bello,R,7,BOS,CHC,home,3.87,CHC,621020.0,-793.0,244.0,84.6,0,2025-07-19,0,,-549.0,0.0
2B,R,Nico Hoerner,Brayan Bello,R,8,BOS,CHC,home,2.5,CHC,663538.0,-1289.0,90.0,92.3,0,2025-07-19,0,,-1199.0,0.0
3B,R,Matt Shaw,Brayan Bello,R,9,BOS,CHC,home,2.95,CHC,807713.0,-1076.0,176.0,90.0,0,2025-07-19,1,,-900.0,0.0
LF,L,Brendan Donovan,Ryne Nelson,R,1,STL,ARI,away,5.31,STL,680977.0,-554.0,-98.0,86.7,0,2025-07-19,0,,-652.0,0.0
DH,R,Ivan Herrera,Ryne Nelson,R,2,STL,ARI,away,3.77,STL,671056.0,-817.0,218.0,85.7,0,2025-07-19,0,,-599.0,0.0
RF,L,Alec Burleson,Ryne Nelson,R,3,STL,ARI,away,5.12,STL,676475.0,-576.0,101.0,82.6,0,2025-07-19,1,,-475.0,0.0
C,R,William Contreras,Emmet Sheehan,R,2,MIL,LAD,away,4.02,MIL,661388.0,-762.0,442.0,76.2,0,2025-07-19,0,,-320.0,0.0
3B,R,Nolan Arenado,Ryne Nelson,R,5,STL,ARI,away,3.31,STL,571448.0,-953.0,354.0,85.7,0,2025-07-19,0,,-599.0,0.0
SS,R,Masyn Winn,Ryne Nelson,R,6,STL,ARI,away,3.13,STL,691026.0,-1011.0,159.0,89.5,0,2025-07-19,0,,-852.0,0.0
C,R,Pedro Pages,Ryne Nelson,R,8,STL,ARI,away,2.94,STL,686780.0,-1076.0,275.0,88.9,1,2025-07-19,0,,-801.0,1.25
RF,L,Corbin Carroll,Sonny Gray,R,1,STL,ARI,home,6.16,ARI,682998.0,-462.0,133.0,76.7,0,2025-07-19,0,,-329.0,0.0
SS,S,Geraldo Perdomo,Sonny Gray,R,2,STL,ARI,home,3.74,ARI,672695.0,-826.0,-173.0,90.9,0,2025-07-19,0,,-999.0,0.0
1B,L,Josh Naylor,Sonny Gray,R,3,STL,ARI,home,5.17,ARI,647304.0,-571.0,-230.0,88.9,0,2025-07-19,0,,-801.0,0.0
3B,R,Eugenio Suarez,Sonny Gray,R,4,STL,ARI,home,2.31,ARI,553993.0,-1393.0,1043.0,77.8,0,2025-07-19,1,,-350.0,0.0
LF,R,Lourdes Gurriel,Sonny Gray,R,5,STL,ARI,home,4.0,ARI,666971.0,-770.0,70.0,87.5,0,2025-07-19,0,,-700.0,0.0
DH,L,Adrian Del Castillo,Sonny Gray,R,6,STL,ARI,home,5.64,ARI,680728.0,-513.0,,,0,2025-07-19,0,,,0.0
2B,R,Blaze Alexander,Sonny Gray,R,7,STL,ARI,home,1.18,ARI,677942.0,-2841.0,1842.0,90.9,1,2025-07-19,0,,-999.0,1.0
CF,L,Alek Thomas,Sonny Gray,R,8,STL,ARI,home,4.89,ARI,677950.0,-609.0,-390.0,90.9,0,2025-07-19,0,,-999.0,0.0
CF,R,Byron Buxton,Antonio Senzatela,R,1,MIN,COL,away,6.75,MIN,621439.0,-413.0,218.0,66.1,0,2025-07-19,0,,-195.0,0.0
LF,S,Willi Castro,Antonio Senzatela,R,2,MIN,COL,away,4.56,MIN,650489.0,-663.0,164.0,83.3,0,2025-07-19,0,,-499.0,0.0
DH,L,Trevor Larnach,Antonio Senzatela,R,3,MIN,COL,away,6.02,MIN,663616.0,-478.0,109.0,78.7,0,2025-07-19,0,,-369.0,0.0
C,R,Ryan Jeffers,Antonio Senzatela,R,4,MIN,COL,away,5.57,MIN,680777.0,-521.0,121.0,80.0,0,2025-07-19,0,,-400.0,0.0
SS,R,Carlos Correa,Antonio Senzatela,R,5,MIN,COL,away,5.06,MIN,621043.0,-585.0,185.0,80.0,0,2025-07-19,0,,-400.0,0.0
2B,S,Brooks Lee,Antonio Senzatela,R,6,MIN,COL,away,4.37,MIN,686797.0,-694.0,,,0,2025-07-19,0,,,0.0
RF,L,Matt Wallner,Antonio Senzatela,R,7,MIN,COL,away,6.74,MIN,670242.0,-415.0,65.0,77.8,0,2025-07-19,0,,-350.0,0.0
1B,L,Kody Clemens,Antonio Senzatela,R,9,MIN,COL,away,6.33,MIN,665019.0,-449.0,129.0,76.2,0,2025-07-19,0,,-320.0,0.0
2B,L,Brice Turang,Emmet Sheehan,R,1,MIL,LAD,away,4.14,MIL,668930.0,-740.0,-112.0,89.5,0,2025-07-19,0,,-852.0,0.0
CF,R,Jackson Chourio,Emmet Sheehan,R,3,MIL,LAD,away,4.82,MIL,694192.0,-619.0,269.0,77.8,0,2025-07-19,0,,-350.0,0.0
DH,L,Christian Yelich,Emmet Sheehan,R,4,MIL,LAD,away,5.33,MIL,592885.0,-549.0,168.0,79.2,0,2025-07-19,0,,-381.0,0.0
1B,R,Andrew Vaughn,Emmet Sheehan,R,5,MIL,LAD,away,6.18,MIL,683734.0,-462.0,112.0,77.8,0,2025-07-19,0,,-350.0,0.0
LF,S,Isaac Collins,Emmet Sheehan,R,6,MIL,LAD,away,3.14,MIL,686555.0,-1011.0,412.0,85.7,0,2025-07-19,1,,-599.0,0.0
3B,R,Caleb Durbin,Emmet Sheehan,R,8,MIL,LAD,away,3.07,MIL,702332.0,-1036.0,289.0,88.2,0,2025-07-19,0,,-747.0,0.0
SS,R,Joey Ortiz,Emmet Sheehan,R,9,MIL,LAD,away,3.12,MIL,687401.0,-1011.0,311.0,87.5,0,2025-07-19,1,,-700.0,0.0
DH,L,Shohei Ohtani,Freddy Peralta,R,1,MIL,LAD,home,9.21,LAD,660271.0,-277.0,101.0,63.8,0,2025-07-19,1,,-176.0,0.0
1B,L,Freddie Freeman,Freddy Peralta,R,3,MIL,LAD,home,5.58,LAD,518692.0,-521.0,121.0,80.0,0,2025-07-19,0,,-400.0,0.0
C,R,Will Smith,Freddy Peralta,R,4,MIL,LAD,home,5.37,LAD,669257.0,-545.0,176.0,78.7,0,2025-07-19,0,,-369.0,0.0
RF,R,Teoscar Hernandez,Freddy Peralta,R,5,MIL,LAD,home,5.97,LAD,606192.0,-481.0,100.0,79.2,0,2025-07-19,0,,-381.0,0.0
CF,R,Andy Pages,Freddy Peralta,R,6,MIL,LAD,home,4.67,LAD,681624.0,-641.0,251.0,79.6,0,2025-07-19,0,,-390.0,0.0
LF,L,Michael Conforto,Freddy Peralta,R,7,MIL,LAD,home,5.07,LAD,624424.0,-585.0,86.0,83.3,0,2025-07-19,0,,-499.0,0.0
3B,S,Tommy Edman,Freddy Peralta,R,8,MIL,LAD,home,3.91,LAD,669242.0,-785.0,186.0,85.7,0,2025-07-19,1,,-599.0,0.0
2B,L,Hyeseong Kim,Freddy Peralta,R,9,MIL,LAD,home,1.52,LAD,808975.0,-2173.0,1426.0,88.2,1,2025-07-19,0,,-747.0,1.34
3B,R,Isaac Paredes,Logan Evans,R,1,HOU,SEA,away,4.75,HOU,670623.0,-630.0,181.0,81.8,0,2025-07-19,0,,-449.0,0.0
RF,R,Cam Smith,Logan Evans,R,2,HOU,SEA,away,4.44,HOU,701358.0,-681.0,82.0,85.7,0,2025-07-19,0,,-599.0,0.0
LF,R,Jose Altuve,Logan Evans,R,3,HOU,SEA,away,4.87,HOU,514888.0,-614.0,15.0,85.7,0,2025-07-19,0,,-599.0,0.0
1B,R,Christian Walker,Logan Evans,R,4,HOU,SEA,away,6.85,HOU,572233.0,-408.0,8.0,80.0,0,2025-07-19,0,,-400.0,0.0
DH,S,Victor Caratini,Logan Evans,R,5,HOU,SEA,away,5.58,HOU,605170.0,-521.0,-78.0,85.7,0,2025-07-19,0,,-599.0,0.0
C,R,Yainer Diaz,Logan Evans,R,6,HOU,SEA,away,5.16,HOU,673237.0,-571.0,72.0,83.3,0,2025-07-19,0,,-499.0,0.0
CF,L,Taylor Trammell,Logan Evans,R,7,HOU,SEA,away,4.92,HOU,666211.0,-604.0,5.0,85.7,0,2025-07-19,0,,-599.0,0.0
SS,R,Mauricio Dubon,Logan Evans,R,8,HOU,SEA,away,3.34,HOU,643289.0,-942.0,-57.0,90.9,0,2025-07-19,0,,-999.0,0.0
SS,L,J.P. Crawford,Lance McCullers,R,1,HOU,SEA,home,5.34,SEA,641487.0,-549.0,-198.0,88.2,0,2025-07-19,0,,-747.0,0.0
C,S,Cal Raleigh,Lance McCullers,R,3,HOU,SEA,home,8.24,SEA,663728.0,-322.0,92.0,69.7,0,2025-07-19,0,,-230.0,0.0
LF,R,Randy Arozarena,Lance McCullers,R,4,HOU,SEA,home,5.29,SEA,668227.0,-558.0,197.0,78.3,0,2025-07-19,0,,-361.0,0.0
DH,S,Jorge Polanco,Lance McCullers,R,5,HOU,SEA,home,5.58,SEA,593871.0,-521.0,72.0,81.8,0,2025-07-19,0,,-449.0,0.0
1B,L,Luke Raley,Lance McCullers,R,6,HOU,SEA,home,6.12,SEA,670042.0,-468.0,-31.0,83.3,0,2025-07-19,0,,-499.0,0.0
RF,L,Dominic Canzone,Lance McCullers,R,7,HOU,SEA,home,6.44,SEA,686527.0,-438.0,-37.0,82.6,0,2025-07-19,0,,-475.0,0.0
3B,R,Ben Williamson,Lance McCullers,R,8,HOU,SEA,home,3.37,SEA,810938.0,-931.0,,,0,2025-07-19,0,,,0.0
2B,L,Cole Young,Lance McCullers,R,9,HOU,SEA,home,4.19,SEA,702284.0,-726.0,-273.0,90.9,0,2025-07-19,0,,-999.0,0.0
CF,L,Jung Hoo Lee,Jose Berrios,R,1,SF,TOR,away,4.96,SF,808982.0,-599.0,0.0,85.7,0,2025-07-20,0,,-599.0,0.0
LF,R,Heliot Ramos,Jose Berrios,R,2,SF,TOR,away,5.24,SF,671218.0,-562.0,162.0,80.0,0,2025-07-20,0,,-400.0,0.0
DH,L,Rafael Devers,Jose Berrios,R,3,SF,TOR,away,6.98,SF,646240.0,-398.0,88.0,75.6,0,2025-07-20,0,,-310.0,0.0
SS,R,Willy Adames,Jose Berrios,R,4,SF,TOR,away,6.24,SF,642715.0,-456.0,115.0,77.3,0,2025-07-20,0,,-341.0,0.0
RF,L,Mike Yastrzemski,Jose Berrios,R,5,SF,TOR,away,5.67,SF,573262.0,-513.0,172.0,77.3,0,2025-07-20,0,,-341.0,0.0
3B,R,Matt Chapman,Jose Berrios,R,6,SF,TOR,away,6.42,SF,656305.0,-441.0,112.0,76.7,0,2025-07-20,1,,-329.0,0.0
1B,L,Dominic Smith,Jose Berrios,R,7,SF,TOR,away,5.87,SF,642086.0,-492.0,-255.0,88.2,0,2025-07-20,0,,-747.0,0.0
2B,L,Brett Wisely,Jose Berrios,R,8,SF,TOR,away,4.3,SF,689172.0,-706.0,6.0,87.5,0,2025-07-20,0,,-700.0,0.0
C,R,Andrew Knizner,Jose Berrios,R,9,SF,TOR,away,3.67,SF,668800.0,-843.0,96.0,88.2,0,2025-07-20,0,,-747.0,0.0
3B,R,Ernie Clement,Robbie Ray,L,1,SF,TOR,home,4.14,TOR,676391.0,-740.0,191.0,84.6,0,2025-07-20,0,,-549.0,0.0
DH,R,George Springer,Robbie Ray,L,2,SF,TOR,home,6.56,TOR,543807.0,-429.0,29.0,80.0,0,2025-07-20,1,,-400.0,0.0
1B,R,Vladimir Guerrero,Robbie Ray,L,3,SF,TOR,home,6.79,TOR,665489.0,-410.0,41.0,78.7,0,2025-07-20,1,,-369.0,0.0
SS,R,Bo Bichette,Robbie Ray,L,4,SF,TOR,home,5.05,TOR,666182.0,-585.0,136.0,81.8,0,2025-07-20,0,,-449.0,0.0
C,R,Alejandro Kirk,Robbie Ray,L,5,SF,TOR,home,5.11,TOR,672386.0,-580.0,31.0,84.6,0,2025-07-20,0,,-549.0,0.0
RF,L,Addison Barger,Robbie Ray,L,6,SF,TOR,home,3.6,TOR,680718.0,-862.0,313.0,84.6,0,2025-07-20,1,,-549.0,0.0
LF,R,Davis Schneider,Robbie Ray,L,7,SF,TOR,home,6.28,TOR,676914.0,-452.0,-47.0,83.3,0,2025-07-20,0,,-499.0,0.0
2B,R,Leo Jimenez,Robbie Ray,L,8,SF,TOR,home,4.13,TOR,677870.0,-740.0,59.0,87.2,0,2025-07-20,0,,-681.0,0.0
CF,R,Myles Straw,Robbie Ray,L,9,SF,TOR,home,3.95,TOR,664702.0,-777.0,-818.0,94.1,0,2025-07-20,0,,-1595.0,0.0
2B,L,Jackson Holliday,Ryan Pepiot,R,1,BAL,TB,away,6.58,BAL,702616.0,-426.0,-73.0,83.3,0,2025-07-20,1,,-499.0,0.0
3B,R,Jordan Westburg,Ryan Pepiot,R,2,BAL,TB,away,5.93,BAL,676059.0,-485.0,156.0,76.7,0,2025-07-20,0,,-329.0,0.0
SS,L,Gunnar Henderson,Ryan Pepiot,R,3,BAL,TB,away,5.8,BAL,683002.0,-499.0,138.0,78.3,0,2025-07-20,0,,-361.0,0.0
1B,L,Ryan O'Hearn,Ryan Pepiot,R,4,BAL,TB,away,5.6,BAL,656811.0,-521.0,22.0,83.3,0,2025-07-20,1,,-499.0,0.0
RF,R,Ramon Laureano,Ryan Pepiot,R,5,BAL,TB,away,5.49,BAL,657656.0,-533.0,133.0,80.0,0,2025-07-20,0,,-400.0,0.0
LF,L,Colton Cowser,Ryan Pepiot,R,6,BAL,TB,away,5.95,BAL,681297.0,-485.0,85.0,80.0,0,2025-07-20,0,,-400.0,0.0
DH,R,Tyler O'Neill,Ryan Pepiot,R,7,BAL,TB,away,5.51,BAL,641933.0,-529.0,219.0,75.6,0,2025-07-20,0,,-310.0,0.0
CF,L,Cedric Mullins,Ryan Pepiot,R,8,BAL,TB,away,4.56,BAL,656775.0,-663.0,164.0,83.3,0,2025-07-20,0,,-499.0,0.0
DH,R,Yandy Diaz,Trevor Rogers,L,1,BAL,TB,home,6.44,TB,650490.0,-438.0,12.0,81.0,0,2025-07-20,0,,-426.0,0.0
SS,R,Ha-Seong Kim,Trevor Rogers,L,2,BAL,TB,home,4.36,TB,673490.0,-694.0,95.0,85.7,0,2025-07-20,0,,-599.0,0.0
3B,R,Junior Caminero,Trevor Rogers,L,3,BAL,TB,home,5.92,TB,691406.0,-485.0,156.0,76.7,0,2025-07-20,0,,-329.0,0.0
CF,S,Jake Mangum,Trevor Rogers,L,5,BAL,TB,home,3.48,TB,663968.0,-900.0,-163.0,91.4,0,2025-07-20,0,,-1063.0,0.0
LF,R,Christopher Morel,Trevor Rogers,L,6,BAL,TB,home,6.3,TB,666624.0,-449.0,68.0,79.2,0,2025-07-20,0,,-381.0,0.0
RF,R,Jose Caballero,Trevor Rogers,L,7,BAL,TB,home,4.03,TB,676609.0,-762.0,-138.0,90.0,0,2025-07-20,0,,-900.0,0.0
2B,S,Taylor Walls,Trevor Rogers,L,8,BAL,TB,home,2.83,TB,670764.0,-1120.0,220.0,90.0,0,2025-07-20,0,,-900.0,0.0
C,R,Danny Jansen,Trevor Rogers,L,9,BAL,TB,home,4.25,TB,643376.0,-720.0,199.0,83.9,0,2025-07-20,1,,-521.0,0.0
LF,S,Jasson Dominguez,Grant Holmes,R,1,NYY,ATL,away,4.93,NYY,691176.0,-604.0,105.0,83.3,0,2025-07-20,0,,-499.0,0.0
RF,R,Aaron Judge,Grant Holmes,R,2,NYY,ATL,away,8.54,NYY,592450.0,-307.0,149.0,61.2,0,2025-07-20,1,,-158.0,0.0
CF,L,Cody Bellinger,Grant Holmes,R,3,NYY,ATL,away,4.92,NYY,641355.0,-604.0,204.0,80.0,0,2025-07-20,0,,-400.0,0.0
DH,R,Giancarlo Stanton,Grant Holmes,R,4,NYY,ATL,away,6.52,NYY,519317.0,-432.0,147.0,74.0,0,2025-07-20,0,,-285.0,0.0
2B,L,Jazz Chisholm,Grant Holmes,R,5,NYY,ATL,away,6.61,NYY,665862.0,-426.0,36.0,79.6,0,2025-07-20,0,,-390.0,0.0
1B,R,Paul Goldschmidt,Grant Holmes,R,6,NYY,ATL,away,4.19,NYY,502671.0,-726.0,177.0,84.6,0,2025-07-20,0,,-549.0,0.0
SS,R,Anthony Volpe,Grant Holmes,R,8,NYY,ATL,away,3.4,NYY,683011.0,-920.0,268.0,86.7,0,2025-07-20,0,,-652.0,0.0
LF,S,Jurickson Profar,Marcus Stroman,R,1,NYY,ATL,home,4.91,ATL,595777.0,-609.0,10.0,85.7,0,2025-07-20,0,,-599.0,0.0
1B,L,Matt Olson,Marcus Stroman,R,2,NYY,ATL,home,7.17,ATL,621566.0,-383.0,63.0,76.2,0,2025-07-20,1,,-320.0,0.0
RF,R,Ronald Acuna,Marcus Stroman,R,3,NYY,ATL,home,6.4,ATL,660670.0,-443.0,102.0,77.3,0,2025-07-20,1,,-341.0,0.0
C,L,Drake Baldwin,Marcus Stroman,R,4,NYY,ATL,home,4.88,ATL,686948.0,-609.0,110.0,83.3,0,2025-07-20,0,,-499.0,0.0
DH,R,Sean Murphy,Marcus Stroman,R,5,NYY,ATL,home,5.16,ATL,669221.0,-571.0,,,0,2025-07-20,0,,,0.0
2B,S,Ozzie Albies,Marcus Stroman,R,6,NYY,ATL,home,3.88,ATL,645277.0,-793.0,294.0,83.3,0,2025-07-20,0,,-499.0,0.0
3B,R,Nacho Alvarez,Marcus Stroman,R,7,NYY,ATL,home,3.27,ATL,805373.0,-964.0,,,0,2025-07-20,0,,,0.0
CF,L,Michael Harris II,Marcus Stroman,R,8,NYY,ATL,home,4.07,ATL,671739.0,-755.0,206.0,84.6,0,2025-07-20,0,,-549.0,0.0
SS,R,Nick Allen,Marcus Stroman,R,9,NYY,ATL,home,2.14,ATL,669397.0,-1513.0,120.0,93.3,0,2025-07-20,0,,-1393.0,0.0
DH,L,Luis Arraez,MacKenzie Gore,L,1,SD,WSH,away,2.51,SD,650333.0,-1289.0,-19.0,92.9,0,2025-07-20,0,,-1308.0,0.0
3B,R,Manny Machado,MacKenzie Gore,L,2,SD,WSH,away,7.63,SD,592518.0,-355.0,35.0,76.2,0,2025-07-20,0,,-320.0,0.0
RF,R,Fernando Tatis,MacKenzie Gore,L,4,SD,WSH,away,6.36,SD,665487.0,-446.0,46.0,80.0,0,2025-07-20,0,,-400.0,0.0
SS,R,Xander Bogaerts,MacKenzie Gore,L,5,SD,WSH,away,4.79,SD,593428.0,-625.0,-27.0,86.7,0,2025-07-20,1,,-652.0,0.0
LF,L,Gavin Sheets,MacKenzie Gore,L,6,SD,WSH,away,4.54,SD,657757.0,-663.0,-18.0,87.2,0,2025-07-20,0,,-681.0,0.0
2B,R,Jose Iglesias,MacKenzie Gore,L,7,SD,WSH,away,3.44,SD,578428.0,-910.0,-289.0,92.3,0,2025-07-20,0,,-1199.0,0.0
1B,L,Jake Cronenworth,MacKenzie Gore,L,8,SD,WSH,away,3.65,SD,630105.0,-852.0,105.0,88.2,0,2025-07-20,0,,-747.0,0.0
SS,L,CJ Abrams,Nick Pivetta,R,1,SD,WSH,home,5.57,WSH,682928.0,-521.0,50.0,82.5,0,2025-07-20,0,,-471.0,0.0
LF,L,James Wood,Nick Pivetta,R,2,SD,WSH,home,8.17,WSH,695578.0,-326.0,-35.0,78.3,0,2025-07-20,0,,-361.0,0.0
2B,L,Luis Garcia,Nick Pivetta,R,3,SD,WSH,home,6.14,WSH,671277.0,-465.0,-34.0,83.3,0,2025-07-20,0,,-499.0,0.0
1B,L,Nathaniel Lowe,Nick Pivetta,R,4,SD,WSH,home,5.03,WSH,663993.0,-590.0,91.0,83.3,0,2025-07-20,0,,-499.0,0.0
RF,L,Daylen Lile,Nick Pivetta,R,7,SD,WSH,home,4.09,WSH,695734.0,-747.0,0.0,88.2,0,2025-07-20,0,,-747.0,0.0
C,R,Riley Adams,Nick Pivetta,R,8,SD,WSH,home,5.27,WSH,656180.0,-558.0,-41.0,85.7,0,2025-07-20,1,,-599.0,0.0
CF,R,Jacob Young,Nick Pivetta,R,9,SD,WSH,home,2.79,WSH,696285.0,-1150.0,-49.0,92.3,0,2025-07-20,0,,-1199.0,0.0
SS,R,Zach Neto,Ranger Suarez,L,1,LAA,PHI,away,6.79,LAA,687263.0,-410.0,-16.0,81.0,0,2025-07-20,0,,-426.0,0.0
1B,L,Nolan Schanuel,Ranger Suarez,L,2,LAA,PHI,away,3.36,LAA,694384.0,-931.0,79.0,89.5,0,2025-07-20,0,,-852.0,0.0
DH,R,Mike Trout,Ranger Suarez,L,3,LAA,PHI,away,6.07,LAA,545361.0,-471.0,130.0,77.3,0,2025-07-20,0,,-341.0,0.0
LF,R,Taylor Ward,Ranger Suarez,L,4,LAA,PHI,away,7.15,LAA,621493.0,-385.0,-15.0,80.0,0,2025-07-20,0,,-400.0,0.0
CF,R,Jo Adell,Ranger Suarez,L,5,LAA,PHI,away,6.82,LAA,666176.0,-408.0,18.0,79.6,0,2025-07-20,0,,-390.0,0.0
RF,R,Jorge Soler,Ranger Suarez,L,6,LAA,PHI,away,5.58,LAA,624585.0,-521.0,140.0,79.2,0,2025-07-20,0,,-381.0,0.0
2B,S,Luis Rengifo,Ranger Suarez,L,9,LAA,PHI,away,3.14,LAA,650859.0,-1011.0,264.0,88.2,0,2025-07-20,0,,-747.0,0.0
SS,R,Trea Turner,Jose Soriano,R,1,LAA,PHI,home,4.5,PHI,607208.0,-669.0,194.0,82.6,0,2025-07-20,0,,-475.0,0.0
DH,L,Kyle Schwarber,Jose Soriano,R,2,LAA,PHI,home,8.05,PHI,656941.0,-331.0,91.0,70.6,0,2025-07-20,0,,-240.0,0.0
1B,L,Bryce Harper,Jose Soriano,R,3,LAA,PHI,home,5.43,PHI,547180.0,-541.0,212.0,76.7,0,2025-07-20,0,,-329.0,0.0
RF,R,Nick Castellanos,Jose Soriano,R,4,LAA,PHI,home,4.83,PHI,592206.0,-619.0,120.0,83.3,0,2025-07-20,0,,-499.0,0.0
2B,L,Bryson Stott,Jose Soriano,R,5,LAA,PHI,home,4.8,PHI,681082.0,-625.0,-176.0,88.9,0,2025-07-20,0,,-801.0,0.0
LF,L,Max Kepler,Jose Soriano,R,7,LAA,PHI,home,5.15,PHI,596146.0,-576.0,77.0,83.3,0,2025-07-20,0,,-499.0,0.0
CF,L,Brandon Marsh,Jose Soriano,R,9,LAA,PHI,home,5.04,PHI,669016.0,-590.0,115.0,82.6,0,2025-07-20,0,,-475.0,0.0
SS,R,Chase Meidroth,Andrew Heaney,L,1,CWS,PIT,away,3.99,CWS,805367.0,-770.0,-31.0,88.9,0,2025-07-20,0,,-801.0,0.0
RF,R,Austin Slater,Andrew Heaney,L,2,CWS,PIT,away,5.18,CWS,596103.0,-571.0,22.0,84.6,0,2025-07-20,0,,-549.0,0.0
1B,R,Miguel Vargas,Andrew Heaney,L,3,CWS,PIT,away,4.45,CWS,678246.0,-681.0,182.0,83.3,0,2025-07-20,1,,-499.0,0.0
C,S,Edgar Quero,Andrew Heaney,L,4,CWS,PIT,away,2.96,CWS,700337.0,-1076.0,477.0,85.7,0,2025-07-20,0,,-599.0,0.0
CF,R,Luis Robert,Andrew Heaney,L,6,CWS,PIT,away,5.49,CWS,673357.0,-533.0,133.0,80.0,0,2025-07-20,0,,-400.0,0.0
2B,R,Lenyn Sosa,Andrew Heaney,L,7,CWS,PIT,away,4.63,CWS,672820.0,-652.0,22.0,86.3,0,2025-07-20,0,,-630.0,0.0
LF,R,Michael A. Taylor,Andrew Heaney,L,9,CWS,PIT,away,6.07,CWS,572191.0,-471.0,-78.0,84.6,0,2025-07-20,0,,-549.0,0.0
DH,R,Andrew McCutchen,Aaron Civale,R,2,CWS,PIT,home,4.88,PIT,457705.0,-609.0,134.0,82.6,0,2025-07-20,0,,-475.0,0.0
RF,S,Bryan Reynolds,Aaron Civale,R,3,CWS,PIT,home,5.81,PIT,668804.0,-499.0,18.0,82.8,0,2025-07-20,0,,-481.0,0.0
2B,R,Nick Gonzales,Aaron Civale,R,4,CWS,PIT,home,3.94,PIT,693304.0,-777.0,96.0,87.2,0,2025-07-20,0,,-681.0,0.0
CF,L,Oneil Cruz,Aaron Civale,R,5,CWS,PIT,home,7.63,PIT,665833.0,-355.0,-14.0,78.7,0,2025-07-20,0,,-369.0,0.0
3B,R,Ke'Bryan Hayes,Aaron Civale,R,6,CWS,PIT,home,3.41,PIT,663647.0,-920.0,68.0,89.5,0,2025-07-20,0,,-852.0,0.0
1B,L,Spencer Horwitz,Aaron Civale,R,7,CWS,PIT,home,4.67,PIT,687462.0,-641.0,11.0,86.3,0,2025-07-20,0,,-630.0,0.0
C,R,Joey Bart,Aaron Civale,R,8,CWS,PIT,home,3.82,PIT,663698.0,-809.0,62.0,88.2,0,2025-07-20,0,,-747.0,0.0
SS,R,Isiah Kiner-Falefa,Aaron Civale,R,9,CWS,PIT,home,2.38,PIT,643396.0,-1349.0,244.0,91.7,1,2025-07-20,0,,-1105.0,0.9
RF,L,Lawrence Butler,Gavin Williams,R,1,ATH,CLE,away,5.68,ATH,671732.0,-510.0,69.0,81.5,0,2025-07-20,0,,-441.0,0.0
SS,R,Jacob Wilson,Gavin Williams,R,2,ATH,CLE,away,2.28,ATH,805779.0,-1415.0,216.0,92.3,1,2025-07-20,0,,-1199.0,0.83
DH,R,Brent Rooker,Gavin Williams,R,3,ATH,CLE,away,5.98,ATH,667670.0,-481.0,52.0,81.1,0,2025-07-20,0,,-429.0,0.0
1B,L,Nick Kurtz,Gavin Williams,R,4,ATH,CLE,away,7.87,ATH,701762.0,-341.0,0.0,77.3,0,2025-07-20,0,,-341.0,0.0
C,R,Shea Langeliers,Gavin Williams,R,6,ATH,CLE,away,4.21,ATH,669127.0,-726.0,300.0,81.0,0,2025-07-20,0,,-426.0,0.0
LF,L,Tyler Soderstrom,Gavin Williams,R,7,ATH,CLE,away,6.16,ATH,691016.0,-462.0,-37.0,83.3,0,2025-07-20,0,,-499.0,0.0
CF,R,Denzel Clarke,Gavin Williams,R,9,ATH,CLE,away,3.33,ATH,672016.0,-942.0,42.0,90.0,0,2025-07-20,0,,-900.0,0.0
DH,R,David Fry,Jeffrey Springs,L,2,ATH,CLE,home,5.48,CLE,681807.0,-533.0,104.0,81.1,0,2025-07-20,0,,-429.0,0.0
3B,S,Jose Ramirez,Jeffrey Springs,L,3,ATH,CLE,home,5.03,CLE,608070.0,-590.0,229.0,78.3,0,2025-07-20,0,,-361.0,0.0
1B,S,Carlos Santana,Jeffrey Springs,L,4,ATH,CLE,home,4.45,CLE,467793.0,-681.0,255.0,81.0,0,2025-07-20,0,,-426.0,0.0
CF,S,Angel Martinez,Jeffrey Springs,L,5,ATH,CLE,home,3.7,CLE,682657.0,-835.0,336.0,83.3,0,2025-07-20,1,,-499.0,0.0
RF,L,Nolan Jones,Jeffrey Springs,L,6,ATH,CLE,home,4.43,CLE,666134.0,-681.0,82.0,85.7,0,2025-07-20,0,,-599.0,0.0
2B,R,Will Wilson,Jeffrey Springs,L,7,ATH,CLE,home,4.34,CLE,669717.0,-700.0,-101.0,88.9,0,2025-07-20,0,,-801.0,0.0
C,R,Austin Hedges,Jeffrey Springs,L,8,ATH,CLE,home,3.39,CLE,595978.0,-920.0,119.0,88.9,0,2025-07-20,0,,-801.0,0.0
SS,S,Brayan Rocchio,Jeffrey Springs,L,9,ATH,CLE,home,3.22,CLE,677587.0,-975.0,22.0,90.5,0,2025-07-20,0,,-953.0,0.0
CF,L,TJ Friedl,David Peterson,L,1,CIN,NYM,away,2.6,CIN,670770.0,-1233.0,362.0,89.7,1,2025-07-20,0,,-871.0,1.15
DH,R,Matt McLain,David Peterson,L,2,CIN,NYM,away,4.75,CIN,680574.0,-630.0,131.0,83.3,0,2025-07-20,0,,-499.0,0.0
SS,S,Elly De La Cruz,David Peterson,L,3,CIN,NYM,away,6.22,CIN,682829.0,-459.0,-62.0,83.9,0,2025-07-20,0,,-521.0,0.0
LF,R,Austin Hays,David Peterson,L,4,CIN,NYM,away,6.34,CIN,669720.0,-446.0,-53.0,83.3,0,2025-07-20,0,,-499.0,0.0
1B,R,Spencer Steer,David Peterson,L,5,CIN,NYM,away,3.96,CIN,668715.0,-777.0,30.0,88.2,0,2025-07-20,0,,-747.0,0.0
3B,R,Noelvi Marte,David Peterson,L,6,CIN,NYM,away,4.27,CIN,682622.0,-713.0,83.0,86.3,0,2025-07-20,0,,-630.0,0.0
C,R,Tyler Stephenson,David Peterson,L,7,CIN,NYM,away,5.34,CIN,663886.0,-549.0,-9.0,84.8,0,2025-07-20,0,,-558.0,0.0
2B,R,Santiago Espinal,David Peterson,L,8,CIN,NYM,away,3.15,CIN,669289.0,-999.0,0.0,90.9,0,2025-07-20,0,,-999.0,0.0
RF,R,Connor Joe,David Peterson,L,9,CIN,NYM,away,3.59,CIN,656582.0,-871.0,-128.0,90.9,0,2025-07-20,0,,-999.0,0.0
SS,S,Francisco Lindor,Andrew Abbott,L,1,CIN,NYM,home,5.06,NYM,596019.0,-585.0,275.0,75.6,0,2025-07-20,0,,-310.0,0.0
DH,R,Mark Vientos,Andrew Abbott,L,2,CIN,NYM,home,5.49,NYM,668901.0,-533.0,192.0,77.3,0,2025-07-20,0,,-341.0,0.0
RF,L,Juan Soto,Andrew Abbott,L,3,CIN,NYM,home,6.2,NYM,665742.0,-459.0,130.0,76.7,0,2025-07-20,0,,-329.0,0.0
1B,R,Pete Alonso,Andrew Abbott,L,4,CIN,NYM,home,6.81,NYM,624413.0,-410.0,155.0,71.80000000000001,0,2025-07-20,0,,-255.0,0.0
LF,L,Brandon Nimmo,Andrew Abbott,L,5,CIN,NYM,home,4.43,NYM,607043.0,-681.0,210.0,82.5,0,2025-07-20,0,,-471.0,0.0
CF,R,Tyrone Taylor,Andrew Abbott,L,7,CIN,NYM,home,3.92,NYM,621438.0,-785.0,186.0,85.7,0,2025-07-20,0,,-599.0,0.0
C,R,Luis Torrens,Andrew Abbott,L,8,CIN,NYM,home,5.27,NYM,620443.0,-558.0,59.0,83.3,0,2025-07-20,0,,-499.0,0.0
2B,L,Jeff McNeil,Andrew Abbott,L,9,CIN,NYM,home,2.45,NYM,643446.0,-1308.0,437.0,89.7,1,2025-07-20,0,,-871.0,1.15
2B,R,Jonathan India,Janson Junk,R,1,KC,MIA,away,4.11,KC,663697.0,-747.0,148.0,85.7,0,2025-07-20,0,,-599.0,0.0
SS,R,Bobby Witt,Janson Junk,R,2,KC,MIA,away,6.71,KC,677951.0,-418.0,68.0,77.8,0,2025-07-20,0,,-350.0,0.0
DH,L,Vinnie Pasquantino,Janson Junk,R,3,KC,MIA,away,5.64,KC,686469.0,-513.0,42.0,82.5,0,2025-07-20,0,,-471.0,0.0
3B,R,Maikel Garcia,Janson Junk,R,4,KC,MIA,away,3.81,KC,672580.0,-809.0,-91.0,90.0,0,2025-07-20,0,,-900.0,0.0
1B,R,Salvador Perez,Janson Junk,R,5,KC,MIA,away,5.07,KC,521692.0,-585.0,136.0,81.8,0,2025-07-20,1,,-449.0,0.0
RF,L,Jac Caglianone,Janson Junk,R,6,KC,MIA,away,4.38,KC,695506.0,-694.0,145.0,84.6,0,2025-07-20,0,,-549.0,0.0
LF,L,Adam Frazier,Janson Junk,R,7,KC,MIA,away,3.21,KC,624428.0,-975.0,75.0,90.0,0,2025-07-20,0,,-900.0,0.0
C,R,Freddy Fermin,Janson Junk,R,8,KC,MIA,away,2.81,KC,666023.0,-1135.0,235.0,90.0,1,2025-07-20,0,,-900.0,1.11
CF,L,Kyle Isbel,Janson Junk,R,9,KC,MIA,away,3.25,KC,664728.0,-964.0,-141.0,91.7,0,2025-07-20,0,,-1105.0,0.0
2B,S,Xavier Edwards,Kris Bubic,L,1,KC,MIA,home,2.92,MIA,669364.0,-1090.0,-303.0,93.3,0,2025-07-20,0,,-1393.0,0.0
DH,R,Agustin Ramirez,Kris Bubic,L,2,KC,MIA,home,6.27,MIA,682663.0,-452.0,-23.0,82.6,0,2025-07-20,0,,-475.0,0.0
SS,R,Otto Lopez,Kris Bubic,L,3,KC,MIA,home,4.36,MIA,672640.0,-694.0,-177.0,89.7,0,2025-07-20,0,,-871.0,0.0
RF,R,Heriberto Hernandez,Kris Bubic,L,4,KC,MIA,home,4.19,MIA,681715.0,-726.0,,,0,2025-07-20,0,,,0.0
1B,R,Eric Wagaman,Kris Bubic,L,5,KC,MIA,home,4.23,MIA,676572.0,-720.0,,,0,2025-07-20,0,,,0.0
LF,R,Dane Myers,Kris Bubic,L,6,KC,MIA,home,4.73,MIA,667472.0,-635.0,-112.0,88.2,0,2025-07-20,0,,-747.0,0.0
3B,R,Javier Sanoja,Kris Bubic,L,9,KC,MIA,home,2.39,MIA,691594.0,-1349.0,,,0,2025-07-20,0,,,0.0
2B,R,Romy Gonzalez,Cade Horton,R,2,BOS,CHC,away,5.95,BOS,663853.0,-485.0,,,0,2025-07-20,0,,,0.0
C,R,Carlos Narvaez,Cade Horton,R,4,BOS,CHC,away,4.41,BOS,665966.0,-687.0,-60.0,88.2,0,2025-07-20,0,,-747.0,0.0
SS,R,Trevor Story,Cade Horton,R,5,BOS,CHC,away,4.83,BOS,596115.0,-619.0,-11.0,86.3,0,2025-07-20,0,,-630.0,0.0
LF,L,Jarren Duran,Cade Horton,R,6,BOS,CHC,away,6.2,BOS,680776.0,-459.0,-140.0,85.7,0,2025-07-20,0,,-599.0,0.0
3B,L,Marcelo Mayer,Cade Horton,R,8,BOS,CHC,away,5.84,BOS,691785.0,-495.0,-405.0,90.0,0,2025-07-20,0,,-900.0,0.0
CF,R,Ceddanne Rafaela,Cade Horton,R,9,BOS,CHC,away,2.25,BOS,678882.0,-1438.0,637.0,88.9,1,2025-07-20,0,,-801.0,1.25
LF,S,Ian Happ,Garrett Crochet,L,1,BOS,CHC,home,5.05,CHC,664023.0,-585.0,-315.0,90.0,0,2025-07-20,0,,-900.0,0.0
RF,L,Kyle Tucker,Garrett Crochet,L,2,BOS,CHC,home,5.42,CHC,663656.0,-541.0,-111.0,86.7,0,2025-07-20,0,,-652.0,0.0
DH,R,Seiya Suzuki,Garrett Crochet,L,3,BOS,CHC,home,6.69,CHC,673548.0,-418.0,-181.0,85.7,0,2025-07-20,0,,-599.0,0.0
C,R,Carson Kelly,Garrett Crochet,L,4,BOS,CHC,home,4.65,CHC,608348.0,-646.0,-101.0,88.2,0,2025-07-20,0,,-747.0,0.0
SS,R,Dansby Swanson,Garrett Crochet,L,5,BOS,CHC,home,5.32,CHC,621020.0,-554.0,-346.0,90.0,0,2025-07-20,0,,-900.0,0.0
CF,L,Pete Crow-Armstrong,Garrett Crochet,L,6,BOS,CHC,home,4.87,CHC,691718.0,-614.0,56.0,84.8,0,2025-07-20,0,,-558.0,0.0
2B,R,Nico Hoerner,Garrett Crochet,L,7,BOS,CHC,home,2.73,CHC,663538.0,-1166.0,-33.0,92.3,0,2025-07-20,0,,-1199.0,0.0
LF,S,Willi Castro,German Marquez,R,2,MIN,COL,away,5.07,MIN,650489.0,-585.0,136.0,81.8,0,2025-07-20,0,,-449.0,0.0
DH,L,Trevor Larnach,German Marquez,R,3,MIN,COL,away,5.9,MIN,663616.0,-488.0,127.0,78.3,0,2025-07-20,0,,-361.0,0.0
SS,R,Carlos Correa,German Marquez,R,5,MIN,COL,away,5.07,MIN,621043.0,-585.0,144.0,81.5,0,2025-07-20,0,,-441.0,0.0
RF,L,Matt Wallner,German Marquez,R,7,MIN,COL,away,6.52,MIN,670242.0,-432.0,182.0,71.4,0,2025-07-20,1,,-250.0,0.0
3B,R,Royce Lewis,German Marquez,R,8,MIN,COL,away,5.63,MIN,668904.0,-517.0,156.0,78.3,0,2025-07-20,1,,-361.0,0.0
1B,L,Kody Clemens,German Marquez,R,9,MIN,COL,away,6.27,MIN,665019.0,-452.0,222.0,69.7,0,2025-07-20,0,,-230.0,0.0
C,R,Hunter Goodman,Joe Ryan,R,2,MIN,COL,home,6.08,COL,696100.0,-471.0,196.0,73.3,0,2025-07-20,0,,-275.0,0.0
LF,R,Jordan Beck,Joe Ryan,R,3,MIN,COL,home,5.1,COL,687597.0,-580.0,81.0,83.3,0,2025-07-20,0,,-499.0,0.0
RF,L,Mickey Moniak,Joe Ryan,R,5,MIN,COL,home,6.2,COL,666160.0,-459.0,130.0,76.7,0,2025-07-20,1,,-329.0,0.0
1B,S,Michael Toglia,Joe Ryan,R,6,MIN,COL,home,5.63,COL,669911.0,-517.0,117.0,80.0,0,2025-07-20,0,,-400.0,0.0
3B,L,Ryan McMahon,Joe Ryan,R,7,MIN,COL,home,6.37,COL,641857.0,-443.0,53.0,79.6,0,2025-07-20,0,,-390.0,0.0
2B,R,Orlando Arcia,Joe Ryan,R,9,MIN,COL,home,3.13,COL,606115.0,-1011.0,,,0,2025-07-20,0,,,0.0
3B,R,Mauricio Dubon,Bryan Woo,R,1,HOU,SEA,away,2.76,HOU,643289.0,-1150.0,45.0,91.7,0,2025-07-20,0,,-1105.0,0.0
RF,R,Cam Smith,Bryan Woo,R,2,HOU,SEA,away,2.85,HOU,701358.0,-1120.0,420.0,87.5,0,2025-07-20,0,,-700.0,0.0
LF,R,Jose Altuve,Bryan Woo,R,3,HOU,SEA,away,3.96,HOU,514888.0,-777.0,302.0,82.6,0,2025-07-20,0,,-475.0,0.0
1B,R,Christian Walker,Bryan Woo,R,4,HOU,SEA,away,5.44,HOU,572233.0,-537.0,111.0,81.0,0,2025-07-20,1,,-426.0,0.0
DH,S,Victor Caratini,Bryan Woo,R,5,HOU,SEA,away,4.54,HOU,605170.0,-663.0,64.0,85.7,0,2025-07-20,0,,-599.0,0.0
C,R,Yainer Diaz,Bryan Woo,R,6,HOU,SEA,away,4.29,HOU,673237.0,-706.0,107.0,85.7,0,2025-07-20,0,,-599.0,0.0
CF,L,Taylor Trammell,Bryan Woo,R,7,HOU,SEA,away,4.52,HOU,666211.0,-669.0,39.0,86.3,0,2025-07-20,1,,-630.0,0.0
SS,L,J.P. Crawford,Hunter Brown,R,1,HOU,SEA,home,3.88,SEA,641487.0,-793.0,-107.0,90.0,0,2025-07-20,0,,-900.0,0.0
DH,S,Cal Raleigh,Hunter Brown,R,3,HOU,SEA,home,6.87,SEA,663728.0,-405.0,140.0,72.6,0,2025-07-20,0,,-265.0,0.0
LF,R,Randy Arozarena,Hunter Brown,R,4,HOU,SEA,home,4.66,SEA,668227.0,-646.0,197.0,81.8,0,2025-07-20,0,,-449.0,0.0
CF,R,Jackson Chourio,Clayton Kershaw,L,1,MIL,LAD,away,5.45,MIL,694192.0,-537.0,88.0,81.8,0,2025-07-20,0,,-449.0,0.0
C,R,William Contreras,Clayton Kershaw,L,2,MIL,LAD,away,4.78,MIL,661388.0,-625.0,150.0,82.6,0,2025-07-20,0,,-475.0,0.0
LF,S,Isaac Collins,Clayton Kershaw,L,4,MIL,LAD,away,3.67,MIL,686555.0,-843.0,394.0,81.8,0,2025-07-20,0,,-449.0,0.0
3B,R,Caleb Durbin,Clayton Kershaw,L,5,MIL,LAD,away,4.15,MIL,702332.0,-733.0,81.0,86.7,0,2025-07-20,0,,-652.0,0.0
1B,R,Andrew Vaughn,Clayton Kershaw,L,7,MIL,LAD,away,6.09,MIL,683734.0,-471.0,90.0,79.2,0,2025-07-20,0,,-381.0,0.0
SS,R,Joey Ortiz,Clayton Kershaw,L,9,MIL,LAD,away,3.8,MIL,687401.0,-809.0,179.0,86.3,0,2025-07-20,0,,-630.0,0.0
DH,L,Shohei Ohtani,Jose Quintana,L,1,MIL,LAD,home,7.51,LAD,660271.0,-363.0,168.0,66.1,0,2025-07-20,1,,-195.0,0.0
SS,R,Mookie Betts,Jose Quintana,L,2,MIL,LAD,home,5.4,LAD,605141.0,-541.0,,,0,2025-07-20,0,,,0.0
1B,L,Freddie Freeman,Jose Quintana,L,3,MIL,LAD,home,4.81,LAD,518692.0,-619.0,144.0,82.6,0,2025-07-20,0,,-475.0,0.0
C,R,Will Smith,Jose Quintana,L,4,MIL,LAD,home,7.2,LAD,669257.0,-383.0,,,0,2025-07-20,0,,,0.0
RF,R,Teoscar Hernandez,Jose Quintana,L,5,MIL,LAD,home,7.24,LAD,606192.0,-378.0,9.0,78.7,0,2025-07-20,0,,-369.0,0.0
CF,R,Andy Pages,Jose Quintana,L,6,MIL,LAD,home,5.37,LAD,681624.0,-545.0,116.0,81.1,0,2025-07-20,0,,-429.0,0.0
3B,S,Tommy Edman,Jose Quintana,L,8,MIL,LAD,home,4.47,LAD,669242.0,-675.0,117.0,84.8,0,2025-07-20,0,,-558.0,0.0
2B,L,Hyeseong Kim,Jose Quintana,L,9,MIL,LAD,home,3.88,LAD,808975.0,-793.0,163.0,86.3,0,2025-07-20,0,,-630.0,0.0
LF,L,Brendan Donovan,Merrill Kelly,R,1,STL,ARI,away,5.65,STL,680977.0,-513.0,-36.0,84.6,0,2025-07-20,0,,-549.0,0.0
DH,R,Ivan Herrera,Merrill Kelly,R,2,STL,ARI,away,4.07,STL,671056.0,-755.0,55.0,87.5,0,2025-07-20,0,,-700.0,0.0
RF,L,Alec Burleson,Merrill Kelly,R,3,STL,ARI,away,5.47,STL,676475.0,-533.0,164.0,78.7,0,2025-07-20,0,,-369.0,0.0
3B,R,Nolan Arenado,Merrill Kelly,R,5,STL,ARI,away,3.44,STL,571448.0,-910.0,210.0,87.5,0,2025-07-20,0,,-700.0,0.0
SS,R,Masyn Winn,Merrill Kelly,R,6,STL,ARI,away,3.48,STL,691026.0,-900.0,200.0,87.5,0,2025-07-20,0,,-700.0,0.0
RF,L,Corbin Carroll,Miles Mikolas,R,1,STL,ARI,home,6.38,ARI,682998.0,-443.0,168.0,73.3,0,2025-07-20,0,,-275.0,0.0
SS,S,Geraldo Perdomo,Miles Mikolas,R,3,STL,ARI,home,3.94,ARI,672695.0,-777.0,178.0,85.7,0,2025-07-20,0,,-599.0,0.0
3B,R,Eugenio Suarez,Miles Mikolas,R,4,STL,ARI,home,5.12,ARI,553993.0,-576.0,281.0,74.7,0,2025-07-20,1,,-295.0,0.0
1B,L,Josh Naylor,Miles Mikolas,R,5,STL,ARI,home,5.38,ARI,647304.0,-545.0,164.0,79.2,0,2025-07-20,0,,-381.0,0.0
DH,L,Adrian Del Castillo,Miles Mikolas,R,7,STL,ARI,home,5.93,ARI,680728.0,-485.0,104.0,79.2,0,2025-07-20,0,,-381.0,0.0
CF,L,Alek Thomas,Miles Mikolas,R,8,STL,ARI,home,5.12,ARI,677950.0,-576.0,-23.0,85.7,0,2025-07-20,0,,-599.0,0.0
C,S,Jose Herrera,Miles Mikolas,R,9,STL,ARI,home,2.95,ARI,645444.0,-1076.0,176.0,90.0,0,2025-07-20,0,,-900.0,0.0
DH,L,Colt Keith,Jacob Latz,L,1,DET,TEX,away,4.46,DET,690993.0,-675.0,,,0,2025-07-20,0,,,0.0
2B,R,Gleyber Torres,Jacob Latz,L,2,DET,TEX,away,4.34,DET,650402.0,-700.0,225.0,82.6,0,2025-07-20,0,,-475.0,0.0
RF,S,Wenceel Perez,Jacob Latz,L,3,DET,TEX,away,4.01,DET,672761.0,-762.0,213.0,84.6,0,2025-07-20,0,,-549.0,0.0
LF,L,Riley Greene,Jacob Latz,L,4,DET,TEX,away,5.07,DET,682985.0,-585.0,224.0,78.3,0,2025-07-20,0,,-361.0,0.0
1B,R,Spencer Torkelson,Jacob Latz,L,5,DET,TEX,away,4.48,DET,679529.0,-675.0,365.0,75.6,0,2025-07-20,0,,-310.0,0.0
3B,L,Zach McKinstry,Jacob Latz,L,6,DET,TEX,away,3.13,DET,656716.0,-1011.0,264.0,88.2,0,2025-07-20,0,,-747.0,0.0
C,R,Dillon Dingler,Jacob Latz,L,7,DET,TEX,away,3.43,DET,693307.0,-910.0,411.0,83.3,0,2025-07-20,0,,-499.0,0.0
SS,R,Javier Baez,Jacob Latz,L,9,DET,TEX,away,3.17,DET,595879.0,-999.0,400.0,85.7,0,2025-07-20,0,,-599.0,0.0
2B,R,Marcus Semien,Tarik Skubal,L,1,DET,TEX,home,5.08,TEX,543760.0,-585.0,-14.0,85.7,0,2025-07-20,0,,-599.0,0.0
LF,R,Wyatt Langford,Tarik Skubal,L,2,DET,TEX,home,6.63,TEX,694671.0,-424.0,-75.0,83.3,0,2025-07-20,0,,-499.0,0.0
SS,L,Corey Seager,Tarik Skubal,L,3,DET,TEX,home,6.49,TEX,608369.0,-435.0,35.0,80.0,0,2025-07-20,0,,-400.0,0.0
RF,R,Adolis Garcia,Tarik Skubal,L,4,DET,TEX,home,6.02,TEX,666969.0,-478.0,-43.0,83.9,0,2025-07-20,0,,-521.0,0.0
1B,R,Ezequiel Duran,Tarik Skubal,L,5,DET,TEX,home,3.68,TEX,677649.0,-843.0,-356.0,92.3,0,2025-07-20,0,,-1199.0,0.0
DH,S,Jonah Heim,Tarik Skubal,L,6,DET,TEX,home,4.02,TEX,641680.0,-762.0,15.0,88.2,0,2025-07-20,0,,-747.0,0.0
C,R,Kyle Higashioka,Tarik Skubal,L,7,DET,TEX,home,5.43,TEX,543309.0,-541.0,-58.0,85.7,0,2025-07-20,0,,-599.0,0.0
2B,L,Jackson Holliday,Tanner Bibee,R,1,BAL,CLE,away,6.88,BAL,702616.0,-405.0,-225.0,86.3,0,2025-07-21,0,,-630.0,0.0
3B,R,Jordan Westburg,Tanner Bibee,R,2,BAL,CLE,away,5.22,BAL,676059.0,-567.0,141.0,81.0,0,2025-07-21,0,,-426.0,0.0
SS,L,Gunnar Henderson,Tanner Bibee,R,3,BAL,CLE,away,6.18,BAL,683002.0,-462.0,62.0,80.0,0,2025-07-21,0,,-400.0,0.0
1B,L,Ryan O'Hearn,Tanner Bibee,R,4,BAL,CLE,away,5.83,BAL,656811.0,-495.0,-104.0,85.7,0,2025-07-21,0,,-599.0,0.0
LF,R,Ramon Laureano,Tanner Bibee,R,5,BAL,CLE,away,4.84,BAL,657656.0,-619.0,70.0,84.6,0,2025-07-21,1,,-549.0,0.0
DH,L,Colton Cowser,Tanner Bibee,R,6,BAL,CLE,away,6.08,BAL,681297.0,-471.0,45.0,81.0,0,2025-07-21,0,,-426.0,0.0
RF,R,Tyler O'Neill,Tanner Bibee,R,7,BAL,CLE,away,4.8,BAL,641933.0,-625.0,199.0,81.0,0,2025-07-21,0,,-426.0,0.0
CF,L,Cedric Mullins,Tanner Bibee,R,8,BAL,CLE,away,4.25,BAL,656775.0,-720.0,245.0,82.6,0,2025-07-21,0,,-475.0,0.0
C,R,Alex Jackson,Tanner Bibee,R,9,BAL,CLE,away,2.91,BAL,656577.0,-1090.0,190.0,90.0,1,2025-07-21,0,,-900.0,1.11
LF,L,Steven Kwan,Tomoyuki Sugano,R,1,BAL,CLE,home,4.96,CLE,680757.0,-599.0,-301.0,90.0,0,2025-07-21,0,,-900.0,0.0
CF,S,Angel Martinez,Tomoyuki Sugano,R,2,BAL,CLE,home,4.67,CLE,682657.0,-641.0,-160.0,88.9,0,2025-07-21,0,,-801.0,0.0
3B,S,Jose Ramirez,Tomoyuki Sugano,R,3,BAL,CLE,home,6.49,CLE,608070.0,-435.0,106.0,76.7,0,2025-07-21,1,,-329.0,0.0
DH,L,Kyle Manzardo,Tomoyuki Sugano,R,4,BAL,CLE,home,6.61,CLE,700932.0,-426.0,36.0,79.6,0,2025-07-21,1,,-390.0,0.0
1B,S,Carlos Santana,Tomoyuki Sugano,R,5,BAL,CLE,home,5.5,CLE,467793.0,-533.0,34.0,83.3,0,2025-07-21,0,,-499.0,0.0
RF,L,Nolan Jones,Tomoyuki Sugano,R,6,BAL,CLE,home,6.38,CLE,666134.0,-443.0,-209.0,86.7,0,2025-07-21,0,,-652.0,0.0
2B,L,Daniel Schneemann,Tomoyuki Sugano,R,7,BAL,CLE,home,6.35,CLE,682177.0,-446.0,-153.0,85.7,0,2025-07-21,0,,-599.0,0.0
SS,S,Brayan Rocchio,Tomoyuki Sugano,R,8,BAL,CLE,home,4.08,CLE,677587.0,-747.0,-358.0,91.7,0,2025-07-21,0,,-1105.0,0.0
C,L,Bo Naylor,Tomoyuki Sugano,R,9,BAL,CLE,home,5.82,CLE,666310.0,-495.0,20.0,82.6,0,2025-07-21,1,,-475.0,0.0
3B,L,Colt Keith,Paul Skenes,R,1,DET,PIT,away,5.48,DET,690993.0,-533.0,-167.0,87.5,0,2025-07-21,0,,-700.0,0.0
2B,R,Gleyber Torres,Paul Skenes,R,2,DET,PIT,away,3.36,DET,650402.0,-931.0,31.0,90.0,0,2025-07-21,0,,-900.0,0.0
DH,L,Riley Greene,Paul Skenes,R,3,DET,PIT,away,6.13,DET,682985.0,-465.0,65.0,80.0,0,2025-07-21,0,,-400.0,0.0
1B,R,Spencer Torkelson,Paul Skenes,R,4,DET,PIT,away,3.97,DET,679529.0,-777.0,278.0,83.3,0,2025-07-21,0,,-499.0,0.0
RF,L,Zach McKinstry,Paul Skenes,R,5,DET,PIT,away,3.51,DET,656716.0,-890.0,-10.0,90.0,0,2025-07-21,0,,-900.0,0.0
C,R,Dillon Dingler,Paul Skenes,R,6,DET,PIT,away,3.4,DET,693307.0,-920.0,220.0,87.5,0,2025-07-21,0,,-700.0,0.0
CF,L,Parker Meadows,Paul Skenes,R,7,DET,PIT,away,4.84,DET,678009.0,-619.0,-281.0,90.0,0,2025-07-21,0,,-900.0,0.0
LF,R,Matt Vierling,Paul Skenes,R,8,DET,PIT,away,3.04,DET,663837.0,-1036.0,-69.0,91.7,0,2025-07-21,0,,-1105.0,0.0
SS,L,Trey Sweeney,Paul Skenes,R,9,DET,PIT,away,4.01,DET,700242.0,-762.0,-138.0,90.0,0,2025-07-21,0,,-900.0,0.0
1B,L,Spencer Horwitz,Jack Flaherty,R,1,DET,PIT,home,5.81,PIT,687462.0,-499.0,-201.0,87.5,0,2025-07-21,0,,-700.0,0.0
DH,R,Andrew McCutchen,Jack Flaherty,R,2,DET,PIT,home,4.54,PIT,457705.0,-663.0,164.0,83.3,0,2025-07-21,0,,-499.0,0.0
RF,S,Bryan Reynolds,Jack Flaherty,R,3,DET,PIT,home,5.52,PIT,668804.0,-529.0,-20.0,84.6,0,2025-07-21,0,,-549.0,0.0
2B,R,Nick Gonzales,Jack Flaherty,R,4,DET,PIT,home,3.75,PIT,693304.0,-826.0,-26.0,89.5,0,2025-07-21,0,,-852.0,0.0
CF,L,Oneil Cruz,Jack Flaherty,R,5,DET,PIT,home,8.03,PIT,665833.0,-333.0,-36.0,78.7,0,2025-07-21,0,,-369.0,0.0
3B,R,Ke'Bryan Hayes,Jack Flaherty,R,6,DET,PIT,home,3.42,PIT,663647.0,-910.0,10.0,90.0,0,2025-07-21,0,,-900.0,0.0
LF,L,Jack Suwinski,Jack Flaherty,R,7,DET,PIT,home,4.86,PIT,669261.0,-614.0,65.0,84.6,0,2025-07-21,0,,-549.0,0.0
C,R,Henry Davis,Jack Flaherty,R,8,DET,PIT,home,4.2,PIT,680779.0,-726.0,-174.0,90.0,0,2025-07-21,0,,-900.0,0.0
SS,R,Isiah Kiner-Falefa,Jack Flaherty,R,9,DET,PIT,home,2.67,PIT,643396.0,-1199.0,-396.0,94.1,0,2025-07-21,0,,-1595.0,0.0
RF,R,Fernando Tatis,Eury Perez,R,1,SD,MIA,away,6.42,SD,665487.0,-441.0,131.0,75.6,0,2025-07-21,0,,-310.0,0.0
1B,L,Luis Arraez,Eury Perez,R,2,SD,MIA,away,3.24,SD,650333.0,-975.0,123.0,89.5,0,2025-07-21,0,,-852.0,0.0
3B,R,Manny Machado,Eury Perez,R,3,SD,MIA,away,5.24,SD,592518.0,-562.0,193.0,78.7,0,2025-07-21,0,,-369.0,0.0
LF,L,Gavin Sheets,Eury Perez,R,4,SD,MIA,away,5.39,SD,657757.0,-545.0,164.0,79.2,0,2025-07-21,0,,-381.0,0.0
SS,R,Xander Bogaerts,Eury Perez,R,5,SD,MIA,away,3.02,SD,593428.0,-1049.0,302.0,88.2,1,2025-07-21,0,,-747.0,1.34
CF,L,Jackson Merrill,Eury Perez,R,6,SD,MIA,away,5.74,SD,701538.0,-506.0,-43.0,84.6,0,2025-07-21,0,,-549.0,0.0
DH,L,Jake Cronenworth,Eury Perez,R,7,SD,MIA,away,5.16,SD,630105.0,-571.0,-28.0,85.7,0,2025-07-21,0,,-599.0,0.0
2B,R,Jose Iglesias,Eury Perez,R,8,SD,MIA,away,2.13,SD,578428.0,-1539.0,540.0,90.9,1,2025-07-21,0,,-999.0,1.0
C,R,Martin Maldonado,Eury Perez,R,9,SD,MIA,away,4.23,SD,455117.0,-720.0,-81.0,88.9,0,2025-07-21,0,,-801.0,0.0
2B,S,Xavier Edwards,Randy Vasquez,R,1,SD,MIA,home,3.64,MIA,669364.0,-852.0,-147.0,90.9,0,2025-07-21,0,,-999.0,0.0
RF,L,Jesus Sanchez,Randy Vasquez,R,2,SD,MIA,home,7.33,MIA,660821.0,-374.0,-26.0,80.0,0,2025-07-21,0,,-400.0,0.0
SS,R,Otto Lopez,Randy Vasquez,R,3,SD,MIA,home,4.64,MIA,672640.0,-646.0,47.0,85.7,0,2025-07-21,0,,-599.0,0.0
C,R,Agustin Ramirez,Randy Vasquez,R,4,SD,MIA,home,5.35,MIA,682663.0,-549.0,159.0,79.6,0,2025-07-21,0,,-390.0,0.0
LF,L,Kyle Stowers,Randy Vasquez,R,5,SD,MIA,home,7.34,MIA,669065.0,-372.0,43.0,76.7,0,2025-07-21,1,,-329.0,0.0
1B,L,Liam Hicks,Randy Vasquez,R,6,SD,MIA,home,4.12,MIA,689414.0,-740.0,40.0,87.5,0,2025-07-21,0,,-700.0,0.0
DH,R,Heriberto Hernandez,Randy Vasquez,R,7,SD,MIA,home,5.75,MIA,681715.0,-502.0,-150.0,86.7,0,2025-07-21,0,,-652.0,0.0
3B,L,Graham Pauley,Randy Vasquez,R,8,SD,MIA,home,4.33,MIA,688363.0,-700.0,-47.0,88.2,0,2025-07-21,0,,-747.0,0.0
CF,R,Dane Myers,Randy Vasquez,R,9,SD,MIA,home,4.0,MIA,667472.0,-770.0,-82.0,89.5,0,2025-07-21,0,,-852.0,0.0
CF,L,TJ Friedl,Jake Irvin,R,1,CIN,WSH,away,4.6,CIN,670770.0,-652.0,103.0,84.6,0,2025-07-21,0,,-549.0,0.0
2B,R,Matt McLain,Jake Irvin,R,2,CIN,WSH,away,5.36,CIN,680574.0,-549.0,149.0,80.0,0,2025-07-21,0,,-400.0,0.0
SS,S,Elly De La Cruz,Jake Irvin,R,3,CIN,WSH,away,7.63,CIN,682829.0,-355.0,64.0,74.4,0,2025-07-21,0,,-291.0,0.0
LF,R,Austin Hays,Jake Irvin,R,4,CIN,WSH,away,5.65,CIN,669720.0,-513.0,152.0,78.3,0,2025-07-21,0,,-361.0,0.0
DH,L,Gavin Lux,Jake Irvin,R,5,CIN,WSH,away,4.96,CIN,666158.0,-599.0,-53.0,86.7,0,2025-07-21,0,,-652.0,0.0
1B,R,Spencer Steer,Jake Irvin,R,6,CIN,WSH,away,4.6,CIN,668715.0,-652.0,226.0,81.0,0,2025-07-21,0,,-426.0,0.0
3B,R,Noelvi Marte,Jake Irvin,R,7,CIN,WSH,away,5.82,CIN,682622.0,-495.0,46.0,81.8,0,2025-07-21,0,,-449.0,0.0
RF,L,Jake Fraley,Jake Irvin,R,8,CIN,WSH,away,4.33,CIN,641584.0,-700.0,48.0,86.7,0,2025-07-21,0,,-652.0,0.0
C,R,Jose Trevino,Jake Irvin,R,9,CIN,WSH,away,3.32,CIN,624431.0,-942.0,195.0,88.2,1,2025-07-21,0,,-747.0,1.34
SS,L,CJ Abrams,Brady Singer,R,1,CIN,WSH,home,5.42,WSH,682928.0,-541.0,141.0,80.0,0,2025-07-21,0,,-400.0,0.0
LF,L,James Wood,Brady Singer,R,2,CIN,WSH,home,7.99,WSH,695578.0,-335.0,25.0,75.6,0,2025-07-21,0,,-310.0,0.0
DH,S,Josh Bell,Brady Singer,R,3,CIN,WSH,home,5.42,WSH,605137.0,-541.0,92.0,81.8,0,2025-07-21,1,,-449.0,0.0
1B,L,Nathaniel Lowe,Brady Singer,R,4,CIN,WSH,home,4.76,WSH,663993.0,-630.0,81.0,84.6,0,2025-07-21,0,,-549.0,0.0
RF,L,Daylen Lile,Brady Singer,R,6,CIN,WSH,home,4.02,WSH,695734.0,-762.0,213.0,84.6,0,2025-07-21,0,,-549.0,0.0
2B,R,Amed Rosario,Brady Singer,R,7,CIN,WSH,home,3.5,WSH,642708.0,-890.0,143.0,88.2,1,2025-07-21,0,,-747.0,1.34
C,R,Riley Adams,Brady Singer,R,8,CIN,WSH,home,4.55,WSH,656180.0,-663.0,64.0,85.7,0,2025-07-21,0,,-599.0,0.0
CF,R,Jacob Young,Brady Singer,R,9,CIN,WSH,home,2.58,WSH,696285.0,-1251.0,52.0,92.3,0,2025-07-21,0,,-1199.0,0.0
LF,L,Jarren Duran,Zack Wheeler,R,1,BOS,PHI,away,5.99,BOS,680776.0,-478.0,-71.0,84.6,0,2025-07-21,1,,-549.0,0.0
3B,R,Alex Bregman,Zack Wheeler,R,2,BOS,PHI,away,4.82,BOS,608324.0,-619.0,70.0,84.6,0,2025-07-21,0,,-549.0,0.0
SS,R,Trevor Story,Zack Wheeler,R,4,BOS,PHI,away,4.12,BOS,596115.0,-740.0,191.0,84.6,0,2025-07-21,0,,-549.0,0.0
RF,L,Wilyer Abreu,Zack Wheeler,R,5,BOS,PHI,away,6.51,BOS,677800.0,-432.0,11.0,80.8,0,2025-07-21,0,,-421.0,0.0
CF,R,Ceddanne Rafaela,Zack Wheeler,R,6,BOS,PHI,away,4.64,BOS,678882.0,-646.0,16.0,86.3,0,2025-07-21,0,,-630.0,0.0
2B,L,Marcelo Mayer,Zack Wheeler,R,7,BOS,PHI,away,5.44,BOS,691785.0,-537.0,-210.0,88.2,0,2025-07-21,0,,-747.0,0.0
C,R,Carlos Narvaez,Zack Wheeler,R,8,BOS,PHI,away,3.53,BOS,665966.0,-880.0,133.0,88.2,0,2025-07-21,0,,-747.0,0.0
1B,S,Abraham Toro,Zack Wheeler,R,9,BOS,PHI,away,3.64,BOS,647351.0,-852.0,-101.0,90.5,0,2025-07-21,0,,-953.0,0.0
SS,R,Trea Turner,Walker Buehler,R,1,BOS,PHI,home,4.65,PHI,607208.0,-646.0,105.0,84.4,0,2025-07-21,0,,-541.0,0.0
DH,L,Kyle Schwarber,Walker Buehler,R,2,BOS,PHI,home,8.33,PHI,656941.0,-317.0,83.0,70.1,0,2025-07-21,0,,-234.0,0.0
1B,L,Bryce Harper,Walker Buehler,R,3,BOS,PHI,home,6.03,PHI,547180.0,-475.0,134.0,77.3,0,2025-07-21,0,,-341.0,0.0
RF,R,Nick Castellanos,Walker Buehler,R,4,BOS,PHI,home,4.99,PHI,592206.0,-594.0,145.0,81.8,0,2025-07-21,0,,-449.0,0.0
C,R,J.T. Realmuto,Walker Buehler,R,5,BOS,PHI,home,4.41,PHI,592663.0,-687.0,188.0,83.3,0,2025-07-21,0,,-499.0,0.0
CF,L,Brandon Marsh,Walker Buehler,R,6,BOS,PHI,home,5.01,PHI,669016.0,-594.0,-258.0,89.5,0,2025-07-21,0,,-852.0,0.0
LF,L,Max Kepler,Walker Buehler,R,8,BOS,PHI,home,4.73,PHI,596146.0,-635.0,77.0,84.8,0,2025-07-21,0,,-558.0,0.0
2B,L,Bryson Stott,Walker Buehler,R,9,BOS,PHI,home,3.89,PHI,681082.0,-793.0,-107.0,90.0,0,2025-07-21,0,,-900.0,0.0
CF,L,Trent Grisham,Kevin Gausman,R,1,NYY,TOR,away,6.89,NYY,663757.0,-403.0,-18.0,80.8,0,2025-07-21,0,,-421.0,0.0
RF,R,Aaron Judge,Kevin Gausman,R,2,NYY,TOR,away,9.02,NYY,592450.0,-285.0,105.0,64.30000000000001,0,2025-07-21,0,,-180.0,0.0
2B,L,Jazz Chisholm,Kevin Gausman,R,3,NYY,TOR,away,7.06,NYY,665862.0,-393.0,32.0,78.3,0,2025-07-21,0,,-361.0,0.0
DH,R,Giancarlo Stanton,Kevin Gausman,R,4,NYY,TOR,away,7.82,NYY,519317.0,-344.0,104.0,70.6,0,2025-07-21,1,,-240.0,0.0
LF,S,Jasson Dominguez,Kevin Gausman,R,5,NYY,TOR,away,4.58,NYY,691176.0,-658.0,59.0,85.7,0,2025-07-21,0,,-599.0,0.0
1B,R,Paul Goldschmidt,Kevin Gausman,R,6,NYY,TOR,away,4.7,NYY,502671.0,-641.0,166.0,82.6,0,2025-07-21,0,,-475.0,0.0
C,L,Austin Wells,Kevin Gausman,R,7,NYY,TOR,away,5.55,NYY,669224.0,-525.0,104.0,80.8,0,2025-07-21,0,,-421.0,0.0
SS,R,Anthony Volpe,Kevin Gausman,R,8,NYY,TOR,away,4.47,NYY,683011.0,-675.0,76.0,85.7,0,2025-07-21,0,,-599.0,0.0
3B,R,Oswald Peraza,Kevin Gausman,R,9,NYY,TOR,away,5.15,NYY,672724.0,-576.0,-225.0,88.9,0,2025-07-21,0,,-801.0,0.0
3B,R,Ernie Clement,Carlos Rodon,L,1,NYY,TOR,home,4.44,TOR,676391.0,-681.0,-66.0,88.2,0,2025-07-21,0,,-747.0,0.0
DH,R,George Springer,Carlos Rodon,L,2,NYY,TOR,home,6.7,TOR,543807.0,-418.0,18.0,80.0,0,2025-07-21,0,,-400.0,0.0
1B,R,Vladimir Guerrero,Carlos Rodon,L,3,NYY,TOR,home,6.72,TOR,665489.0,-415.0,15.0,80.0,0,2025-07-21,0,,-400.0,0.0
SS,R,Bo Bichette,Carlos Rodon,L,4,NYY,TOR,home,5.25,TOR,666182.0,-562.0,63.0,83.3,0,2025-07-21,0,,-499.0,0.0
C,R,Alejandro Kirk,Carlos Rodon,L,5,NYY,TOR,home,5.47,TOR,672386.0,-533.0,-16.0,84.6,0,2025-07-21,0,,-549.0,0.0
LF,R,Davis Schneider,Carlos Rodon,L,6,NYY,TOR,home,6.17,TOR,676914.0,-462.0,-87.0,84.6,0,2025-07-21,0,,-549.0,0.0
CF,R,Myles Straw,Carlos Rodon,L,7,NYY,TOR,home,4.64,TOR,664702.0,-646.0,-662.0,92.9,0,2025-07-21,0,,-1308.0,0.0
2B,R,Leo Jimenez,Carlos Rodon,L,8,NYY,TOR,home,4.38,TOR,677870.0,-694.0,-158.0,89.5,0,2025-07-21,0,,-852.0,0.0
RF,L,Joey Loperfido,Carlos Rodon,L,9,NYY,TOR,home,4.41,TOR,694388.0,-687.0,-184.0,89.7,0,2025-07-21,0,,-871.0,0.0
SS,R,Zach Neto,Kodai Senga,R,1,LAA,NYM,away,6.06,LAA,687263.0,-471.0,45.0,81.0,0,2025-07-21,0,,-426.0,0.0
1B,L,Nolan Schanuel,Kodai Senga,R,2,LAA,NYM,away,4.69,LAA,694384.0,-641.0,-358.0,90.9,0,2025-07-21,0,,-999.0,0.0
DH,R,Mike Trout,Kodai Senga,R,3,LAA,NYM,away,6.85,LAA,545361.0,-408.0,123.0,74.0,0,2025-07-21,0,,-285.0,0.0
LF,R,Taylor Ward,Kodai Senga,R,4,LAA,NYM,away,6.28,LAA,621493.0,-452.0,23.0,81.1,0,2025-07-21,0,,-429.0,0.0
CF,R,Jo Adell,Kodai Senga,R,5,LAA,NYM,away,5.86,LAA,666176.0,-492.0,142.0,77.8,0,2025-07-21,0,,-350.0,0.0
3B,S,Yoan Moncada,Kodai Senga,R,6,LAA,NYM,away,4.72,LAA,660162.0,-635.0,114.0,83.9,0,2025-07-21,0,,-521.0,0.0
C,R,Logan O'Hoppe,Kodai Senga,R,7,LAA,NYM,away,5.11,LAA,681351.0,-580.0,239.0,77.3,0,2025-07-21,1,,-341.0,0.0
RF,L,LaMonte Wade,Kodai Senga,R,8,LAA,NYM,away,4.29,LAA,664774.0,-706.0,-146.0,89.5,0,2025-07-21,0,,-852.0,0.0
2B,S,Luis Rengifo,Kodai Senga,R,9,LAA,NYM,away,3.23,LAA,650859.0,-975.0,-88.0,91.4,0,2025-07-21,0,,-1063.0,0.0
LF,L,Brandon Nimmo,Tyler Anderson,L,1,LAA,NYM,home,6.37,NYM,607043.0,-443.0,43.0,80.0,0,2025-07-21,0,,-400.0,0.0
SS,S,Francisco Lindor,Tyler Anderson,L,2,LAA,NYM,home,5.95,NYM,596019.0,-485.0,156.0,76.7,0,2025-07-21,0,,-329.0,0.0
RF,L,Juan Soto,Tyler Anderson,L,3,LAA,NYM,home,7.37,NYM,665742.0,-372.0,132.0,70.6,0,2025-07-21,0,,-240.0,0.0
1B,R,Pete Alonso,Tyler Anderson,L,4,LAA,NYM,home,8.28,NYM,624413.0,-318.0,18.0,75.0,0,2025-07-21,0,,-300.0,0.0
CF,L,Jeff McNeil,Tyler Anderson,L,5,LAA,NYM,home,3.51,NYM,643446.0,-890.0,143.0,88.2,0,2025-07-21,0,,-747.0,0.0
DH,R,Mark Vientos,Tyler Anderson,L,6,LAA,NYM,home,6.23,NYM,668901.0,-456.0,30.0,81.0,0,2025-07-21,0,,-426.0,0.0
3B,L,Brett Baty,Tyler Anderson,L,7,LAA,NYM,home,4.63,NYM,683146.0,-652.0,111.0,84.4,0,2025-07-21,1,,-541.0,0.0
C,R,Francisco Alvarez,Tyler Anderson,L,8,LAA,NYM,home,5.73,NYM,682626.0,-506.0,-43.0,84.6,0,2025-07-21,0,,-549.0,0.0
2B,R,Luisangel Acuna,Tyler Anderson,L,9,LAA,NYM,home,2.79,NYM,682668.0,-1150.0,250.0,90.0,1,2025-07-21,0,,-900.0,1.11
CF,L,Jung Hoo Lee,Bryce Elder,R,1,SF,ATL,away,4.9,SF,808982.0,-609.0,-138.0,88.2,0,2025-07-21,0,,-747.0,0.0
LF,R,Heliot Ramos,Bryce Elder,R,2,SF,ATL,away,4.56,SF,671218.0,-663.0,282.0,79.2,0,2025-07-21,0,,-381.0,0.0
DH,L,Rafael Devers,Bryce Elder,R,3,SF,ATL,away,7.27,SF,646240.0,-378.0,93.0,74.0,0,2025-07-21,0,,-285.0,0.0
SS,R,Willy Adames,Bryce Elder,R,4,SF,ATL,away,5.5,SF,642715.0,-533.0,183.0,77.8,0,2025-07-21,1,,-350.0,0.0
3B,R,Matt Chapman,Bryce Elder,R,5,SF,ATL,away,5.85,SF,656305.0,-492.0,151.0,77.3,0,2025-07-21,0,,-341.0,0.0
RF,L,Mike Yastrzemski,Bryce Elder,R,6,SF,ATL,away,5.29,SF,573262.0,-558.0,132.0,81.0,0,2025-07-21,0,,-426.0,0.0
1B,R,Wilmer Flores,Bryce Elder,R,7,SF,ATL,away,3.25,SF,527038.0,-964.0,112.0,89.5,0,2025-07-21,0,,-852.0,0.0
2B,R,Casey Schmitt,Bryce Elder,R,8,SF,ATL,away,4.06,SF,669477.0,-755.0,125.0,86.3,0,2025-07-21,0,,-630.0,0.0
C,S,Patrick Bailey,Bryce Elder,R,9,SF,ATL,away,4.1,SF,672275.0,-747.0,-54.0,88.9,0,2025-07-21,0,,-801.0,0.0
LF,S,Jurickson Profar,Hayden Birdsong,R,1,SF,ATL,home,4.64,ATL,595777.0,-646.0,147.0,83.3,0,2025-07-21,0,,-499.0,0.0
1B,L,Matt Olson,Hayden Birdsong,R,2,SF,ATL,home,7.03,ATL,621566.0,-393.0,108.0,74.0,0,2025-07-21,0,,-285.0,0.0
RF,R,Ronald Acuna,Hayden Birdsong,R,3,SF,ATL,home,6.09,ATL,660670.0,-471.0,161.0,75.6,0,2025-07-21,0,,-310.0,0.0
DH,L,Drake Baldwin,Hayden Birdsong,R,4,SF,ATL,home,5.47,ATL,686948.0,-533.0,84.0,81.8,0,2025-07-21,0,,-449.0,0.0
2B,S,Ozzie Albies,Hayden Birdsong,R,5,SF,ATL,home,3.84,ATL,645277.0,-801.0,302.0,83.3,0,2025-07-21,0,,-499.0,0.0
C,R,Sean Murphy,Hayden Birdsong,R,6,SF,ATL,home,4.83,ATL,669221.0,-619.0,309.0,75.6,0,2025-07-21,0,,-310.0,0.0
3B,R,Nacho Alvarez,Hayden Birdsong,R,7,SF,ATL,home,3.07,ATL,805373.0,-1036.0,,,0,2025-07-21,0,,,0.0
CF,L,Michael Harris II,Hayden Birdsong,R,8,SF,ATL,home,4.09,ATL,671739.0,-747.0,198.0,84.6,0,2025-07-21,0,,-549.0,0.0
SS,R,Nick Allen,Hayden Birdsong,R,9,SF,ATL,home,1.99,ATL,669397.0,-1654.0,261.0,93.3,1,2025-07-21,0,,-1393.0,0.72
RF,L,Mike Tauchman,Shane Baz,R,1,CWS,TB,away,4.5,CWS,643565.0,-669.0,70.0,85.7,0,2025-07-21,0,,-599.0,0.0
SS,R,Chase Meidroth,Shane Baz,R,2,CWS,TB,away,3.11,CWS,805367.0,-1011.0,264.0,88.2,1,2025-07-21,0,,-747.0,1.34
DH,L,Andrew Benintendi,Shane Baz,R,3,CWS,TB,away,5.89,CWS,643217.0,-488.0,62.0,81.0,0,2025-07-21,0,,-426.0,0.0
1B,R,Miguel Vargas,Shane Baz,R,4,CWS,TB,away,4.27,CWS,678246.0,-713.0,264.0,81.8,0,2025-07-21,1,,-449.0,0.0
C,L,Kyle Teel,Shane Baz,R,5,CWS,TB,away,5.21,CWS,691019.0,-567.0,-85.0,86.7,0,2025-07-21,0,,-652.0,0.0
CF,R,Luis Robert,Shane Baz,R,6,CWS,TB,away,5.01,CWS,673357.0,-594.0,204.0,79.6,0,2025-07-21,0,,-390.0,0.0
2B,R,Lenyn Sosa,Shane Baz,R,8,CWS,TB,away,4.16,CWS,672820.0,-733.0,81.0,86.7,0,2025-07-21,0,,-652.0,0.0
LF,S,Brooks Baldwin,Shane Baz,R,9,CWS,TB,away,4.02,CWS,681460.0,-762.0,62.0,87.5,0,2025-07-21,1,,-700.0,0.0
CF,L,Chandler Simpson,Sean Burke,R,1,CWS,TB,home,3.4,TB,802415.0,-920.0,20.0,90.0,0,2025-07-21,0,,-900.0,0.0
DH,R,Yandy Diaz,Sean Burke,R,2,CWS,TB,home,5.59,TB,650490.0,-521.0,221.0,75.0,0,2025-07-21,1,,-300.0,0.0
1B,L,Jonathan Aranda,Sean Burke,R,3,CWS,TB,home,6.43,TB,666018.0,-441.0,131.0,75.6,0,2025-07-21,0,,-310.0,0.0
3B,R,Junior Caminero,Sean Burke,R,4,CWS,TB,home,6.42,TB,691406.0,-441.0,236.0,67.19999999999999,0,2025-07-21,0,,-205.0,0.0
RF,L,Josh Lowe,Sean Burke,R,5,CWS,TB,home,5.24,TB,666139.0,-562.0,242.0,76.2,0,2025-07-21,0,,-320.0,0.0
SS,R,Ha-Seong Kim,Sean Burke,R,6,CWS,TB,home,3.74,TB,673490.0,-826.0,327.0,83.3,0,2025-07-21,0,,-499.0,0.0
LF,R,Christopher Morel,Sean Burke,R,7,CWS,TB,home,6.03,TB,666624.0,-475.0,75.0,80.0,0,2025-07-21,0,,-400.0,0.0
C,R,Danny Jansen,Sean Burke,R,8,CWS,TB,home,4.11,TB,643376.0,-747.0,406.0,77.3,0,2025-07-21,0,,-341.0,0.0
2B,S,Taylor Walls,Sean Burke,R,9,CWS,TB,home,2.77,TB,670764.0,-1150.0,250.0,90.0,1,2025-07-21,0,,-900.0,1.11
CF,L,Lawrence Butler,Jack Leiter,R,1,ATH,TEX,away,6.73,ATH,671732.0,-415.0,-34.0,81.8,0,2025-07-21,0,,-449.0,0.0
SS,R,Jacob Wilson,Jack Leiter,R,2,ATH,TEX,away,3.25,ATH,805779.0,-964.0,-35.0,90.9,0,2025-07-21,0,,-999.0,0.0
1B,L,Nick Kurtz,Jack Leiter,R,3,ATH,TEX,away,9.54,ATH,701762.0,-264.0,-36.0,75.0,0,2025-07-21,1,,-300.0,0.0
DH,R,Brent Rooker,Jack Leiter,R,4,ATH,TEX,away,7.01,ATH,667670.0,-395.0,14.0,79.2,0,2025-07-21,0,,-381.0,0.0
C,R,Shea Langeliers,Jack Leiter,R,5,ATH,TEX,away,5.6,ATH,669127.0,-521.0,100.0,80.8,0,2025-07-21,0,,-421.0,0.0
LF,L,Tyler Soderstrom,Jack Leiter,R,6,ATH,TEX,away,7.69,ATH,691016.0,-350.0,-109.0,82.1,0,2025-07-21,0,,-459.0,0.0
RF,R,Miguel Andujar,Jack Leiter,R,7,ATH,TEX,away,1.56,ATH,609280.0,-2122.0,1251.0,89.7,1,2025-07-21,0,,-871.0,1.15
3B,R,Max Muncy,Jack Leiter,R,8,ATH,TEX,away,2.27,ATH,691777.0,-1438.0,957.0,82.8,0,2025-07-21,0,,-481.0,0.0
2B,R,Luis Urias,Jack Leiter,R,9,ATH,TEX,away,3.74,ATH,649966.0,-826.0,79.0,88.2,0,2025-07-21,0,,-747.0,0.0
CF,R,Michael Helman,Jacob Lopez,L,1,ATH,TEX,home,3.98,TEX,680737.0,-770.0,229.0,84.4,0,2025-07-21,1,,-541.0,0.0
SS,L,Corey Seager,Jacob Lopez,L,2,ATH,TEX,home,8.37,TEX,608369.0,-315.0,30.0,74.0,0,2025-07-21,0,,-285.0,0.0
2B,R,Marcus Semien,Jacob Lopez,L,3,ATH,TEX,home,4.74,TEX,543760.0,-630.0,155.0,82.6,0,2025-07-21,0,,-475.0,0.0
RF,R,Adolis Garcia,Jacob Lopez,L,4,ATH,TEX,home,5.11,TEX,666969.0,-580.0,180.0,80.0,0,2025-07-21,0,,-400.0,0.0
LF,R,Wyatt Langford,Jacob Lopez,L,5,ATH,TEX,home,5.86,TEX,694671.0,-492.0,111.0,79.2,0,2025-07-21,0,,-381.0,0.0
C,R,Kyle Higashioka,Jacob Lopez,L,6,ATH,TEX,home,4.63,TEX,543309.0,-652.0,153.0,83.3,0,2025-07-21,0,,-499.0,0.0
1B,L,Josh Smith,Jacob Lopez,L,7,ATH,TEX,home,3.21,TEX,669701.0,-975.0,174.0,88.9,0,2025-07-21,0,,-801.0,0.0
3B,R,Josh Jung,Jacob Lopez,L,8,ATH,TEX,home,4.66,TEX,673962.0,-646.0,97.0,84.6,0,2025-07-21,1,,-549.0,0.0
DH,R,Jonathan India,Ben Brown,R,1,KC,CHC,away,4.4,KC,663697.0,-687.0,-13.0,87.5,0,2025-07-21,0,,-700.0,0.0
SS,R,Bobby Witt,Ben Brown,R,2,KC,CHC,away,7.14,KC,677951.0,-385.0,-41.0,81.0,0,2025-07-21,0,,-426.0,0.0
1B,L,Vinnie Pasquantino,Ben Brown,R,3,KC,CHC,away,5.51,KC,686469.0,-529.0,54.0,82.6,0,2025-07-21,0,,-475.0,0.0
3B,R,Maikel Garcia,Ben Brown,R,4,KC,CHC,away,4.07,KC,672580.0,-755.0,-244.0,90.9,0,2025-07-21,0,,-999.0,0.0
C,R,Salvador Perez,Ben Brown,R,5,KC,CHC,away,5.44,KC,521692.0,-537.0,38.0,83.3,0,2025-07-21,1,,-499.0,0.0
RF,L,Jac Caglianone,Ben Brown,R,6,KC,CHC,away,3.86,KC,695506.0,-801.0,149.0,86.7,0,2025-07-21,1,,-652.0,0.0
2B,R,Nick Loftin,Ben Brown,R,7,KC,CHC,away,3.97,KC,679845.0,-777.0,-123.0,90.0,0,2025-07-21,0,,-900.0,0.0
LF,L,John Rave,Ben Brown,R,8,KC,CHC,away,4.43,KC,670231.0,-681.0,-171.0,89.5,0,2025-07-21,1,,-852.0,0.0
CF,L,Kyle Isbel,Ben Brown,R,9,KC,CHC,away,3.49,KC,664728.0,-890.0,-63.0,90.5,0,2025-07-21,0,,-953.0,0.0
2B,R,Nico Hoerner,Noah Cameron,L,1,KC,CHC,home,3.8,CHC,663538.0,-809.0,-91.0,90.0,0,2025-07-21,0,,-900.0,0.0
RF,L,Kyle Tucker,Noah Cameron,L,2,KC,CHC,home,5.44,CHC,663656.0,-537.0,111.0,81.0,0,2025-07-21,0,,-426.0,0.0
CF,R,Seiya Suzuki,Noah Cameron,L,3,KC,CHC,home,6.75,CHC,673548.0,-413.0,23.0,79.6,0,2025-07-21,0,,-390.0,0.0
C,R,Carson Kelly,Noah Cameron,L,4,KC,CHC,home,5.41,CHC,608348.0,-541.0,-58.0,85.7,0,2025-07-21,1,,-599.0,0.0
LF,S,Ian Happ,Noah Cameron,L,5,KC,CHC,home,5.04,CHC,664023.0,-590.0,-157.0,88.2,0,2025-07-21,0,,-747.0,0.0
SS,R,Dansby Swanson,Noah Cameron,L,6,KC,CHC,home,5.83,CHC,621020.0,-495.0,-104.0,85.7,0,2025-07-21,0,,-599.0,0.0
1B,L,Michael Busch,Noah Cameron,L,7,KC,CHC,home,5.63,CHC,683737.0,-517.0,76.0,81.5,0,2025-07-21,0,,-441.0,0.0
DH,R,Justin Turner,Noah Cameron,L,8,KC,CHC,home,3.9,CHC,457759.0,-793.0,-8.0,88.9,0,2025-07-21,0,,-801.0,0.0
3B,R,Matt Shaw,Noah Cameron,L,9,KC,CHC,home,3.76,CHC,807713.0,-826.0,-173.0,90.9,0,2025-07-21,1,,-999.0,0.0
2B,L,Brendan Donovan,Austin Gomber,L,1,STL,COL,away,5.24,STL,680977.0,-562.0,87.0,82.6,0,2025-07-21,0,,-475.0,0.0
SS,R,Masyn Winn,Austin Gomber,L,2,STL,COL,away,5.69,STL,691026.0,-510.0,-11.0,83.9,0,2025-07-21,0,,-521.0,0.0
DH,R,Ivan Herrera,Austin Gomber,L,3,STL,COL,away,7.77,STL,671056.0,-346.0,55.0,74.4,0,2025-07-21,0,,-291.0,0.0
C,R,William Contreras,George Kirby,R,2,MIL,SEA,away,3.55,MIL,661388.0,-880.0,281.0,85.7,0,2025-07-21,0,,-599.0,0.0
RF,R,Jordan Walker,Austin Gomber,L,5,STL,COL,away,7.41,STL,691023.0,-367.0,-2.0,78.7,0,2025-07-21,0,,-369.0,0.0
3B,R,Nolan Arenado,Austin Gomber,L,6,STL,COL,away,5.26,STL,571448.0,-558.0,298.0,72.19999999999999,0,2025-07-21,0,,-260.0,0.0
C,R,Pedro Pages,Austin Gomber,L,8,STL,COL,away,4.86,STL,686780.0,-614.0,115.0,83.3,0,2025-07-21,0,,-499.0,0.0
2B,L,Brice Turang,George Kirby,R,1,MIL,SEA,away,3.96,MIL,668930.0,-777.0,-24.0,88.9,0,2025-07-21,0,,-801.0,0.0
CF,R,Jackson Chourio,George Kirby,R,3,MIL,SEA,away,4.13,MIL,694192.0,-740.0,265.0,82.6,0,2025-07-21,0,,-475.0,0.0
DH,L,Christian Yelich,George Kirby,R,4,MIL,SEA,away,5.01,MIL,592885.0,-594.0,73.0,83.9,0,2025-07-21,0,,-521.0,0.0
1B,R,Andrew Vaughn,George Kirby,R,5,MIL,SEA,away,5.23,MIL,683734.0,-562.0,87.0,82.6,0,2025-07-21,0,,-475.0,0.0
LF,S,Isaac Collins,George Kirby,R,6,MIL,SEA,away,3.06,MIL,686555.0,-1036.0,136.0,90.0,0,2025-07-21,0,,-900.0,0.0
RF,S,Blake Perkins,George Kirby,R,7,MIL,SEA,away,3.81,MIL,663368.0,-809.0,-296.0,91.7,0,2025-07-21,0,,-1105.0,0.0
SS,R,Joey Ortiz,George Kirby,R,9,MIL,SEA,away,2.82,MIL,687401.0,-1135.0,136.0,90.9,0,2025-07-21,0,,-999.0,0.0
SS,L,J.P. Crawford,Brandon Woodruff,R,1,MIL,SEA,home,5.04,SEA,641487.0,-590.0,-281.0,89.7,0,2025-07-21,0,,-871.0,0.0
C,S,Cal Raleigh,Brandon Woodruff,R,3,MIL,SEA,home,8.62,SEA,663728.0,-303.0,58.0,71.0,0,2025-07-21,0,,-245.0,0.0
LF,R,Randy Arozarena,Brandon Woodruff,R,4,MIL,SEA,home,5.79,SEA,668227.0,-499.0,109.0,79.6,0,2025-07-21,0,,-390.0,0.0
DH,S,Jorge Polanco,Brandon Woodruff,R,5,MIL,SEA,home,2.37,SEA,593871.0,-1371.0,822.0,84.6,0,2025-07-21,0,,-549.0,0.0
1B,L,Luke Raley,Brandon Woodruff,R,6,MIL,SEA,home,6.16,SEA,670042.0,-462.0,-137.0,85.7,0,2025-07-21,0,,-599.0,0.0
RF,L,Dominic Canzone,Brandon Woodruff,R,7,MIL,SEA,home,6.44,SEA,686527.0,-438.0,-120.0,84.8,0,2025-07-21,0,,-558.0,0.0
3B,R,Ben Williamson,Brandon Woodruff,R,8,MIL,SEA,home,3.31,SEA,810938.0,-953.0,-355.0,92.9,0,2025-07-21,0,,-1308.0,0.0
2B,L,Cole Young,Brandon Woodruff,R,9,MIL,SEA,home,3.85,SEA,702284.0,-801.0,-304.0,91.7,0,2025-07-21,0,,-1105.0,0.0
RF,R,Cam Smith,Zac Gallen,R,1,HOU,ARI,away,3.43,HOU,701358.0,-910.0,109.0,88.9,0,2025-07-21,0,,-801.0,0.0
LF,R,Jose Altuve,Zac Gallen,R,2,HOU,ARI,away,4.22,HOU,514888.0,-720.0,121.0,85.7,0,2025-07-21,0,,-599.0,0.0
DH,S,Victor Caratini,Zac Gallen,R,3,HOU,ARI,away,4.99,HOU,605170.0,-594.0,36.0,84.8,0,2025-07-21,0,,-558.0,0.0
1B,R,Christian Walker,Zac Gallen,R,4,HOU,ARI,away,5.39,HOU,572233.0,-545.0,155.0,79.6,0,2025-07-21,0,,-390.0,0.0
CF,L,Taylor Trammell,Zac Gallen,R,6,HOU,ARI,away,4.75,HOU,666211.0,-630.0,31.0,85.7,0,2025-07-21,0,,-599.0,0.0
3B,R,Mauricio Dubon,Zac Gallen,R,7,HOU,ARI,away,2.73,HOU,643289.0,-1166.0,213.0,90.5,0,2025-07-21,0,,-953.0,0.0
SS,R,Zack Short,Zac Gallen,R,8,HOU,ARI,away,2.81,HOU,670097.0,-1135.0,,,0,2025-07-21,0,,,0.0
DH,S,Ketel Marte,Colton Gordon,L,1,HOU,ARI,home,6.88,ARI,606466.0,-405.0,85.0,76.2,0,2025-07-21,0,,-320.0,0.0
CF,L,Corbin Carroll,Colton Gordon,L,2,HOU,ARI,home,5.58,ARI,682998.0,-521.0,40.0,82.8,0,2025-07-21,0,,-481.0,0.0
LF,R,Lourdes Gurriel,Colton Gordon,L,3,HOU,ARI,home,4.91,ARI,666971.0,-609.0,10.0,85.7,0,2025-07-21,0,,-599.0,0.0
3B,R,Eugenio Suarez,Colton Gordon,L,4,HOU,ARI,home,6.15,ARI,553993.0,-465.0,195.0,73.0,0,2025-07-21,1,,-270.0,0.0
1B,L,Josh Naylor,Colton Gordon,L,5,HOU,ARI,home,3.77,ARI,647304.0,-817.0,218.0,85.7,0,2025-07-21,0,,-599.0,0.0
RF,R,Randal Grichuk,Colton Gordon,L,6,HOU,ARI,home,6.1,ARI,545341.0,-468.0,-31.0,83.3,0,2025-07-21,0,,-499.0,0.0
C,R,James McCann,Colton Gordon,L,7,HOU,ARI,home,5.41,ARI,543510.0,-541.0,-89.0,86.3,0,2025-07-21,0,,-630.0,0.0
2B,R,Blaze Alexander,Colton Gordon,L,8,HOU,ARI,home,5.09,ARI,677942.0,-580.0,-320.0,90.0,0,2025-07-21,0,,-900.0,0.0
SS,S,Geraldo Perdomo,Colton Gordon,L,9,HOU,ARI,home,1.53,ARI,672695.0,-2173.0,1174.0,90.9,1,2025-07-21,0,,-999.0,1.0
CF,R,Byron Buxton,Dustin May,R,1,MIN,LAD,away,6.8,MIN,621439.0,-410.0,176.0,70.1,0,2025-07-21,1,,-234.0,0.0
LF,S,Willi Castro,Dustin May,R,2,MIN,LAD,away,4.84,MIN,650489.0,-619.0,-81.0,87.5,0,2025-07-21,0,,-700.0,0.0
DH,L,Trevor Larnach,Dustin May,R,3,MIN,LAD,away,5.62,MIN,663616.0,-517.0,136.0,79.2,0,2025-07-21,0,,-381.0,0.0
C,R,Ryan Jeffers,Dustin May,R,4,MIN,LAD,away,5.19,MIN,680777.0,-567.0,,,0,2025-07-21,0,,,0.0
SS,R,Carlos Correa,Dustin May,R,5,MIN,LAD,away,5.19,MIN,621043.0,-567.0,118.0,81.8,0,2025-07-21,0,,-449.0,0.0
2B,S,Brooks Lee,Dustin May,R,6,MIN,LAD,away,4.12,MIN,686797.0,-740.0,,,0,2025-07-21,0,,,0.0
RF,L,Matt Wallner,Dustin May,R,7,MIN,LAD,away,6.71,MIN,670242.0,-418.0,28.0,79.6,0,2025-07-21,0,,-390.0,0.0
3B,R,Royce Lewis,Dustin May,R,8,MIN,LAD,away,5.77,MIN,668904.0,-502.0,53.0,81.8,0,2025-07-21,0,,-449.0,0.0
1B,L,Kody Clemens,Dustin May,R,9,MIN,LAD,away,6.02,MIN,665019.0,-478.0,97.0,79.2,0,2025-07-21,0,,-381.0,0.0
DH,L,Shohei Ohtani,David Festa,R,1,MIN,LAD,home,10.15,LAD,660271.0,-242.0,107.0,57.4,0,2025-07-21,1,,-135.0,0.0
SS,R,Mookie Betts,David Festa,R,2,MIN,LAD,home,5.0,LAD,605141.0,-594.0,299.0,74.7,0,2025-07-21,0,,-295.0,0.0
1B,L,Freddie Freeman,David Festa,R,3,MIN,LAD,home,6.23,LAD,518692.0,-456.0,,,0,2025-07-21,0,,,0.0
C,R,Will Smith,David Festa,R,4,MIN,LAD,home,6.39,LAD,669257.0,-443.0,102.0,77.3,0,2025-07-21,1,,-341.0,0.0
RF,R,Teoscar Hernandez,David Festa,R,5,MIN,LAD,home,6.66,LAD,606192.0,-421.0,136.0,74.0,0,2025-07-21,0,,-285.0,0.0
CF,R,Andy Pages,David Festa,R,6,MIN,LAD,home,5.36,LAD,681624.0,-549.0,249.0,75.0,0,2025-07-21,1,,-300.0,0.0
LF,L,Michael Conforto,David Festa,R,7,MIN,LAD,home,5.55,LAD,624424.0,-525.0,125.0,80.0,0,2025-07-21,0,,-400.0,0.0
3B,S,Tommy Edman,David Festa,R,8,MIN,LAD,home,2.28,LAD,669242.0,-1415.0,763.0,86.7,0,2025-07-21,0,,-652.0,0.0
2B,L,Hyeseong Kim,David Festa,R,9,MIN,LAD,home,3.69,LAD,808975.0,-843.0,-9.0,89.5,0,2025-07-21,0,,-852.0,0.0
1B,L,Colt Keith,Jake Irvin,R,1,DET,WSH,away,6.9,DET,690993.0,-403.0,13.0,79.6,0,2025-07-03,0,,-390.0,0.0
2B,R,Gleyber Torres,Jake Irvin,R,2,DET,WSH,away,4.86,DET,650402.0,-614.0,139.0,82.6,0,2025-07-03,0,,-475.0,0.0
LF,L,Riley Greene,Jake Irvin,R,4,DET,WSH,away,7.08,DET,682985.0,-390.0,140.0,71.4,0,2025-07-03,0,,-250.0,0.0
DH,R,Spencer Torkelson,Jake Irvin,R,5,DET,WSH,away,5.37,DET,679529.0,-545.0,184.0,78.3,0,2025-07-03,1,,-361.0,0.0
3B,L,Zach McKinstry,Jake Irvin,R,6,DET,WSH,away,4.33,DET,656716.0,-700.0,48.0,86.7,0,2025-07-03,0,,-652.0,0.0
C,R,Dillon Dingler,Jake Irvin,R,7,DET,WSH,away,4.52,DET,693307.0,-669.0,194.0,82.6,0,2025-07-03,0,,-475.0,0.0
CF,L,Parker Meadows,Jake Irvin,R,8,DET,WSH,away,5.59,DET,678009.0,-521.0,22.0,83.3,0,2025-07-03,0,,-499.0,0.0
SS,L,CJ Abrams,Dietrich Enns,L,1,DET,WSH,home,3.98,WSH,682928.0,-770.0,321.0,81.8,0,2025-07-03,0,,-449.0,0.0
LF,L,James Wood,Dietrich Enns,L,2,DET,WSH,home,5.6,WSH,695578.0,-521.0,171.0,77.8,0,2025-07-03,1,,-350.0,0.0
2B,R,Amed Rosario,Dietrich Enns,L,3,DET,WSH,home,4.9,WSH,642708.0,-609.0,10.0,85.7,0,2025-07-03,0,,-599.0,0.0
1B,L,Nathaniel Lowe,Dietrich Enns,L,4,DET,WSH,home,3.61,WSH,663993.0,-862.0,313.0,84.6,0,2025-07-03,0,,-549.0,0.0
RF,R,Alex Call,Dietrich Enns,L,5,DET,WSH,home,4.07,WSH,669743.0,-755.0,206.0,84.6,0,2025-07-03,0,,-549.0,0.0
DH,R,Paul DeJong,Dietrich Enns,L,6,DET,WSH,home,3.53,WSH,657557.0,-880.0,431.0,81.8,0,2025-07-03,1,,-449.0,0.0
C,R,Riley Adams,Dietrich Enns,L,8,DET,WSH,home,4.81,WSH,656180.0,-619.0,70.0,84.6,0,2025-07-03,0,,-549.0,0.0
CF,R,Jacob Young,Dietrich Enns,L,9,DET,WSH,home,2.59,WSH,696285.0,-1233.0,128.0,91.7,0,2025-07-03,0,,-1105.0,0.0
CF,L,Trent Grisham,Chris Bassitt,R,1,NYY,TOR,away,6.71,NYY,663757.0,-418.0,-57.0,82.6,0,2025-07-03,1,,-475.0,0.0
1B,L,Ben Rice,Chris Bassitt,R,2,NYY,TOR,away,6.5,NYY,700250.0,-435.0,74.0,78.3,0,2025-07-03,0,,-361.0,0.0
DH,R,Aaron Judge,Chris Bassitt,R,3,NYY,TOR,away,9.93,NYY,592450.0,-250.0,50.0,66.69999999999999,0,2025-07-03,0,,-200.0,0.0
RF,L,Cody Bellinger,Chris Bassitt,R,4,NYY,TOR,away,4.71,NYY,641355.0,-635.0,164.0,82.5,0,2025-07-03,0,,-471.0,0.0
3B,L,Jazz Chisholm Jr.,Chris Bassitt,R,5,NYY,TOR,away,6.46,NYY,665862.0,-438.0,38.0,80.0,0,2025-07-03,0,,-400.0,0.0
SS,R,Anthony Volpe,Chris Bassitt,R,7,NYY,TOR,away,4.06,NYY,683011.0,-755.0,156.0,85.7,0,2025-07-03,0,,-599.0,0.0
C,L,Austin Wells,Chris Bassitt,R,8,NYY,TOR,away,5.1,NYY,669224.0,-580.0,180.0,80.0,0,2025-07-03,0,,-400.0,0.0
2B,R,Oswald Peraza,Chris Bassitt,R,9,NYY,TOR,away,4.92,NYY,672724.0,-604.0,-267.0,89.7,0,2025-07-03,0,,-871.0,0.0
CF,L,Nathan Lukes,Clarke Schmidt,R,1,NYY,TOR,home,4.28,TOR,664770.0,-713.0,-187.0,90.0,0,2025-07-03,0,,-900.0,0.0
DH,R,George Springer,Clarke Schmidt,R,2,NYY,TOR,home,6.28,TOR,543807.0,-452.0,91.0,78.3,0,2025-07-03,1,,-361.0,0.0
1B,R,Vladimir Guerrero Jr.,Clarke Schmidt,R,3,NYY,TOR,home,6.46,TOR,665489.0,-438.0,118.0,76.2,0,2025-07-03,0,,-320.0,0.0
RF,L,Addison Barger,Clarke Schmidt,R,4,NYY,TOR,home,5.66,TOR,680718.0,-513.0,38.0,82.6,0,2025-07-03,1,,-475.0,0.0
C,R,Alejandro Kirk,Clarke Schmidt,R,5,NYY,TOR,home,4.51,TOR,672386.0,-669.0,-31.0,87.5,0,2025-07-03,0,,-700.0,0.0
SS,R,Ernie Clement,Clarke Schmidt,R,6,NYY,TOR,home,2.81,TOR,676391.0,-1135.0,435.0,87.5,0,2025-07-03,0,,-700.0,0.0
3B,L,Will Wagner,Clarke Schmidt,R,7,NYY,TOR,home,3.41,TOR,695238.0,-920.0,20.0,90.0,0,2025-07-03,0,,-900.0,0.0
LF,R,Davis Schneider,Clarke Schmidt,R,8,NYY,TOR,home,3.58,TOR,676914.0,-871.0,322.0,84.6,0,2025-07-03,0,,-549.0,0.0
CF,R,Jackson Chourio,David Peterson,L,1,MIL,NYM,away,5.26,MIL,694192.0,-558.0,9.0,84.6,0,2025-07-03,0,,-549.0,0.0
C,R,William Contreras,David Peterson,L,2,MIL,NYM,away,4.73,MIL,661388.0,-635.0,-17.0,86.7,0,2025-07-03,0,,-652.0,0.0
DH,L,Christian Yelich,David Peterson,L,3,MIL,NYM,away,3.51,MIL,592885.0,-890.0,143.0,88.2,0,2025-07-03,0,,-747.0,0.0
1B,R,Rhys Hoskins,David Peterson,L,4,MIL,NYM,away,5.49,MIL,656555.0,-533.0,58.0,82.6,0,2025-07-03,0,,-475.0,0.0
LF,S,Isaac Collins,David Peterson,L,5,MIL,NYM,away,2.94,MIL,686555.0,-1076.0,376.0,87.5,0,2025-07-03,0,,-700.0,0.0
RF,L,Sal Frelick,David Peterson,L,6,MIL,NYM,away,2.23,MIL,686217.0,-1462.0,-51.0,93.8,0,2025-07-03,0,,-1513.0,0.0
3B,R,Caleb Durbin,David Peterson,L,7,MIL,NYM,away,3.84,MIL,702332.0,-801.0,-198.0,90.9,0,2025-07-03,0,,-999.0,0.0
2B,L,Brice Turang,David Peterson,L,8,MIL,NYM,away,2.82,MIL,668930.0,-1135.0,30.0,91.7,0,2025-07-03,0,,-1105.0,0.0
SS,R,Joey Ortiz,David Peterson,L,9,MIL,NYM,away,3.82,MIL,687401.0,-809.0,109.0,87.5,0,2025-07-03,0,,-700.0,0.0
DH,R,Starling Marte,Jose Quintana,L,1,MIL,NYM,home,4.6,NYM,516782.0,-652.0,-48.0,87.5,0,2025-07-03,0,,-700.0,0.0
SS,S,Francisco Lindor,Jose Quintana,L,2,MIL,NYM,home,5.33,NYM,596019.0,-549.0,120.0,81.1,0,2025-07-03,0,,-429.0,0.0
RF,L,Juan Soto,Jose Quintana,L,3,MIL,NYM,home,6.74,NYM,665742.0,-415.0,-6.0,80.8,0,2025-07-03,0,,-421.0,0.0
1B,R,Pete Alonso,Jose Quintana,L,4,MIL,NYM,home,6.69,NYM,624413.0,-418.0,89.0,76.7,0,2025-07-03,0,,-329.0,0.0
LF,L,Brandon Nimmo,Jose Quintana,L,5,MIL,NYM,home,4.64,NYM,607043.0,-646.0,97.0,84.6,0,2025-07-03,1,,-549.0,0.0
3B,R,Mark Vientos,Jose Quintana,L,6,MIL,NYM,home,5.18,NYM,668901.0,-571.0,22.0,84.6,0,2025-07-03,0,,-549.0,0.0
C,R,Luis Torrens,Jose Quintana,L,7,MIL,NYM,home,6.26,NYM,620443.0,-456.0,-291.0,88.2,0,2025-07-03,0,,-747.0,0.0
CF,R,Tyrone Taylor,Jose Quintana,L,9,MIL,NYM,home,4.12,NYM,621438.0,-740.0,40.0,87.5,0,2025-07-03,0,,-700.0,0.0
SS,R,Zach Neto,Bryce Elder,R,1,LAA,ATL,away,5.24,LAA,687263.0,-562.0,162.0,80.0,0,2025-07-03,1,,-400.0,0.0
1B,L,Nolan Schanuel,Bryce Elder,R,2,LAA,ATL,away,5.14,LAA,694384.0,-576.0,-324.0,90.0,0,2025-07-03,1,,-900.0,0.0
DH,R,Mike Trout,Bryce Elder,R,3,LAA,ATL,away,7.28,LAA,545361.0,-376.0,85.0,74.4,0,2025-07-03,0,,-291.0,0.0
LF,R,Taylor Ward,Bryce Elder,R,4,LAA,ATL,away,6.09,LAA,621493.0,-471.0,110.0,78.3,0,2025-07-03,0,,-361.0,0.0
CF,R,Jo Adell,Bryce Elder,R,5,LAA,ATL,away,5.81,LAA,666176.0,-499.0,138.0,78.3,0,2025-07-03,0,,-361.0,0.0
RF,R,Jorge Soler,Bryce Elder,R,6,LAA,ATL,away,5.15,LAA,624585.0,-576.0,127.0,81.8,0,2025-07-03,0,,-449.0,0.0
C,R,Logan O'Hoppe,Bryce Elder,R,7,LAA,ATL,away,5.17,LAA,681351.0,-571.0,171.0,80.0,0,2025-07-03,0,,-400.0,0.0
3B,S,Luis Rengifo,Bryce Elder,R,8,LAA,ATL,away,3.68,LAA,650859.0,-843.0,-57.0,90.0,0,2025-07-03,0,,-900.0,0.0
LF,L,Steven Kwan,Cade Horton,R,1,CLE,CHC,away,4.39,CLE,680757.0,-687.0,-114.0,88.9,0,2025-07-03,0,,-801.0,0.0
DH,L,Kyle Manzardo,Cade Horton,R,2,CLE,CHC,away,5.88,CLE,700932.0,-492.0,92.0,80.0,0,2025-07-03,0,,-400.0,0.0
1B,S,Carlos Santana,Cade Horton,R,4,CLE,CHC,away,4.6,CLE,467793.0,-652.0,153.0,83.3,0,2025-07-03,0,,-499.0,0.0
CF,R,Lane Thomas,Cade Horton,R,5,CLE,CHC,away,3.63,CLE,657041.0,-852.0,353.0,83.3,0,2025-07-03,0,,-499.0,0.0
RF,L,Nolan Jones,Cade Horton,R,6,CLE,CHC,away,5.91,CLE,666134.0,-488.0,-164.0,86.7,0,2025-07-03,0,,-652.0,0.0
C,L,Bo Naylor,Cade Horton,R,8,CLE,CHC,away,5.42,CLE,666310.0,-541.0,115.0,81.0,0,2025-07-03,0,,-426.0,0.0
SS,S,Brayan Rocchio,Cade Horton,R,9,CLE,CHC,away,3.39,CLE,677587.0,-920.0,-79.0,90.9,0,2025-07-03,0,,-999.0,0.0
RF,L,Mike Yastrzemski,Brandon Pfaadt,R,1,SF,ARI,away,5.61,SF,573262.0,-517.0,42.0,82.6,0,2025-07-03,0,,-475.0,0.0
DH,L,Rafael Devers,Brandon Pfaadt,R,2,SF,ARI,away,6.69,SF,646240.0,-418.0,89.0,76.7,0,2025-07-03,0,,-329.0,0.0
LF,R,Heliot Ramos,Brandon Pfaadt,R,3,SF,ARI,away,4.52,SF,671218.0,-669.0,220.0,81.8,0,2025-07-03,0,,-449.0,0.0
CF,L,Jung Hoo Lee,Brandon Pfaadt,R,5,SF,ARI,away,4.21,SF,808982.0,-726.0,-75.0,88.9,0,2025-07-03,0,,-801.0,0.0
SS,R,Willy Adames,Brandon Pfaadt,R,6,SF,ARI,away,5.03,SF,642715.0,-590.0,109.0,82.8,0,2025-07-03,0,,-481.0,0.0
2B,R,Tyler Fitzgerald,Brandon Pfaadt,R,9,SF,ARI,away,3.21,SF,666149.0,-975.0,123.0,89.5,0,2025-07-03,0,,-852.0,0.0
DH,S,Ketel Marte,Robbie Ray,L,1,SF,ARI,home,6.18,ARI,606466.0,-462.0,177.0,74.0,0,2025-07-03,1,,-285.0,0.0
SS,S,Geraldo Perdomo,Robbie Ray,L,2,SF,ARI,home,2.94,ARI,672695.0,-1076.0,123.0,90.5,0,2025-07-03,0,,-953.0,0.0
LF,R,Lourdes Gurriel Jr.,Robbie Ray,L,3,SF,ARI,home,4.37,ARI,666971.0,-694.0,153.0,84.4,0,2025-07-03,0,,-541.0,0.0
RF,R,Randal Grichuk,Robbie Ray,L,5,SF,ARI,home,5.46,ARI,545341.0,-537.0,137.0,80.0,0,2025-07-03,0,,-400.0,0.0
2B,R,Blaze Alexander,Robbie Ray,L,6,SF,ARI,home,3.94,ARI,677942.0,-777.0,125.0,86.7,0,2025-07-03,0,,-652.0,0.0
C,R,James McCann,Robbie Ray,L,7,SF,ARI,home,6.97,ARI,543510.0,-398.0,-201.0,85.7,0,2025-07-03,0,,-599.0,0.0
1B,R,Tim Tawa,Robbie Ray,L,8,SF,ARI,home,4.1,ARI,694374.0,-747.0,95.0,86.7,0,2025-07-03,0,,-652.0,0.0
CF,L,Alek Thomas,Robbie Ray,L,9,SF,ARI,home,4.0,ARI,677950.0,-770.0,-130.0,90.0,0,2025-07-03,0,,-900.0,0.0
SS,L,J.P. Crawford,Seth Lugo,R,1,KC,SEA,home,4.65,SEA,641487.0,-646.0,-54.0,87.5,0,2025-07-03,0,,-700.0,0.0
C,S,Cal Raleigh,Seth Lugo,R,3,KC,SEA,home,7.22,SEA,663728.0,-381.0,160.0,68.8,0,2025-07-03,0,,-221.0,0.0
DH,S,Jorge Polanco,Seth Lugo,R,4,KC,SEA,home,5.12,SEA,593871.0,-576.0,27.0,84.6,0,2025-07-03,1,,-549.0,0.0
LF,R,Randy Arozarena,Seth Lugo,R,5,KC,SEA,home,4.61,SEA,668227.0,-652.0,203.0,81.8,0,2025-07-03,0,,-449.0,0.0
1B,L,Luke Raley,Seth Lugo,R,6,KC,SEA,home,6.38,SEA,670042.0,-443.0,-32.0,82.6,0,2025-07-03,0,,-475.0,0.0
RF,L,Dominic Canzone,Seth Lugo,R,7,KC,SEA,home,5.78,SEA,686527.0,-499.0,73.0,81.0,0,2025-07-03,1,,-426.0,0.0
3B,R,Ben Williamson,Seth Lugo,R,8,KC,SEA,home,2.97,SEA,810938.0,-1063.0,163.0,90.0,0,2025-07-03,0,,-900.0,0.0
2B,L,Cole Young,Seth Lugo,R,9,KC,SEA,home,3.9,SEA,702284.0,-793.0,-107.0,90.0,0,2025-07-03,0,,-900.0,0.0
RF,L,Mike Tauchman,Dustin May,R,1,CWS,LAD,away,5.52,CWS,643565.0,-529.0,-29.0,84.8,0,2025-07-03,0,,-558.0,0.0
SS,R,Chase Meidroth,Dustin May,R,2,CWS,LAD,away,3.46,CWS,805367.0,-900.0,48.0,89.5,0,2025-07-03,0,,-852.0,0.0
LF,L,Andrew Benintendi,Dustin May,R,3,CWS,LAD,away,5.93,CWS,643217.0,-485.0,-114.0,85.7,0,2025-07-03,0,,-599.0,0.0
1B,R,Miguel Vargas,Dustin May,R,4,CWS,LAD,away,4.88,CWS,678246.0,-609.0,183.0,81.0,0,2025-07-03,0,,-426.0,0.0
C,L,Kyle Teel,Dustin May,R,5,CWS,LAD,away,5.6,CWS,691019.0,-521.0,-179.0,87.5,0,2025-07-03,0,,-700.0,0.0
2B,R,Lenyn Sosa,Dustin May,R,6,CWS,LAD,away,4.57,CWS,672820.0,-658.0,6.0,86.7,0,2025-07-03,0,,-652.0,0.0
3B,L,Josh Rojas,Dustin May,R,8,CWS,LAD,away,4.74,CWS,668942.0,-630.0,-369.0,90.9,0,2025-07-03,0,,-999.0,0.0
DH,L,Shohei Ohtani,Aaron Civale,R,1,CWS,LAD,home,10.35,LAD,660271.0,-236.0,116.0,54.5,0,2025-07-03,0,,-120.0,0.0
SS,R,Mookie Betts,Aaron Civale,R,2,CWS,LAD,home,5.0,LAD,605141.0,-594.0,233.0,78.3,0,2025-07-03,1,,-361.0,0.0
1B,L,Freddie Freeman,Aaron Civale,R,3,CWS,LAD,home,6.2,LAD,518692.0,-459.0,139.0,76.2,0,2025-07-03,0,,-320.0,0.0
CF,R,Andy Pages,Aaron Civale,R,6,CWS,LAD,home,5.18,LAD,681624.0,-571.0,316.0,71.80000000000001,0,2025-07-03,0,,-255.0,0.0
LF,L,Michael Conforto,Aaron Civale,R,7,CWS,LAD,home,4.73,LAD,624424.0,-635.0,306.0,76.7,0,2025-07-03,1,,-329.0,0.0
2B,S,Tommy Edman,Aaron Civale,R,9,CWS,LAD,home,3.66,LAD,669242.0,-852.0,303.0,84.6,0,2025-07-03,0,,-549.0,0.0
2B,L,Brendan Donovan,Colin Rea,R,1,STL,CHC,away,5.21,STL,680977.0,-567.0,18.0,84.6,0,2025-07-04,1,,-549.0,0.0
SS,R,Masyn Winn,Colin Rea,R,2,STL,CHC,away,3.94,STL,691026.0,-777.0,351.0,81.0,0,2025-07-04,0,,-426.0,0.0
RF,L,Alec Burleson,Colin Rea,R,3,STL,CHC,away,5.56,STL,676475.0,-525.0,156.0,78.7,0,2025-07-04,0,,-369.0,0.0
C,R,William Contreras,Sandy Alcantara,R,4,MIL,MIA,away,4.45,MIL,661388.0,-681.0,132.0,84.6,0,2025-07-04,0,,-549.0,0.0
LF,L,Lars Nootbaar,Colin Rea,R,5,STL,CHC,away,5.64,STL,663457.0,-513.0,92.0,80.8,0,2025-07-04,0,,-421.0,0.0
3B,R,Nolan Arenado,Colin Rea,R,6,STL,CHC,away,3.38,STL,571448.0,-931.0,450.0,82.8,0,2025-07-04,0,,-481.0,0.0
DH,L,Nolan Gorman,Colin Rea,R,7,STL,CHC,away,6.15,STL,669357.0,-465.0,115.0,77.8,0,2025-07-04,0,,-350.0,0.0
C,R,Pedro Pages,Colin Rea,R,8,STL,CHC,away,3.66,STL,686780.0,-852.0,331.0,83.9,0,2025-07-04,0,,-521.0,0.0
LF,S,Ian Happ,Miles Mikolas,R,1,STL,CHC,home,6.37,CHC,664023.0,-443.0,102.0,77.3,0,2025-07-04,0,,-341.0,0.0
RF,L,Kyle Tucker,Miles Mikolas,R,2,STL,CHC,home,7.2,CHC,663656.0,-383.0,103.0,73.7,0,2025-07-04,0,,-280.0,0.0
DH,R,Seiya Suzuki,Miles Mikolas,R,3,STL,CHC,home,6.15,CHC,673548.0,-465.0,180.0,74.0,0,2025-07-04,1,,-285.0,0.0
CF,L,Pete Crow-Armstrong,Miles Mikolas,R,4,STL,CHC,home,6.27,CHC,691718.0,-452.0,111.0,77.3,0,2025-07-04,1,,-341.0,0.0
SS,R,Dansby Swanson,Miles Mikolas,R,5,STL,CHC,home,4.78,CHC,621020.0,-625.0,199.0,81.0,0,2025-07-04,1,,-426.0,0.0
1B,L,Michael Busch,Miles Mikolas,R,6,STL,CHC,home,7.05,CHC,683737.0,-393.0,-36.0,81.1,0,2025-07-04,1,,-429.0,0.0
C,R,Carson Kelly,Miles Mikolas,R,7,STL,CHC,home,3.9,CHC,608348.0,-793.0,294.0,83.3,0,2025-07-04,1,,-499.0,0.0
2B,R,Nico Hoerner,Miles Mikolas,R,8,STL,CHC,home,3.08,CHC,663538.0,-1024.0,-39.0,91.4,0,2025-07-04,0,,-1063.0,0.0
3B,R,Matt Shaw,Miles Mikolas,R,9,STL,CHC,home,3.69,CHC,807713.0,-843.0,42.0,88.9,0,2025-07-04,0,,-801.0,0.0
LF,S,Jasson Dominguez,Justin Hagenman,R,1,NYY,NYM,away,4.25,NYY,691176.0,-720.0,245.0,82.6,0,2025-07-04,1,,-475.0,0.0
RF,R,Aaron Judge,Justin Hagenman,R,2,NYY,NYM,away,7.56,NYY,592450.0,-359.0,194.0,62.3,0,2025-07-04,1,,-165.0,0.0
CF,L,Cody Bellinger,Justin Hagenman,R,3,NYY,NYM,away,2.68,NYY,641355.0,-1199.0,750.0,81.8,0,2025-07-04,1,,-449.0,0.0
DH,R,Giancarlo Stanton,Justin Hagenman,R,4,NYY,NYM,away,3.7,NYY,519317.0,-835.0,560.0,73.3,0,2025-07-04,0,,-275.0,0.0
3B,L,Jazz Chisholm Jr.,Justin Hagenman,R,5,NYY,NYM,away,3.42,NYY,665862.0,-910.0,590.0,76.2,0,2025-07-04,0,,-320.0,0.0
1B,R,Paul Goldschmidt,Justin Hagenman,R,6,NYY,NYM,away,3.15,NYY,502671.0,-999.0,550.0,81.8,0,2025-07-04,0,,-449.0,0.0
C,L,J.C. Escarra,Justin Hagenman,R,7,NYY,NYM,away,2.67,NYY,641555.0,-1199.0,600.0,85.7,0,2025-07-04,0,,-599.0,0.0
SS,R,Anthony Volpe,Justin Hagenman,R,8,NYY,NYM,away,3.27,NYY,683011.0,-964.0,112.0,89.5,0,2025-07-04,0,,-852.0,0.0
2B,R,DJ LeMahieu,Justin Hagenman,R,9,NYY,NYM,away,3.14,NYY,518934.0,-1011.0,12.0,90.9,0,2025-07-04,0,,-999.0,0.0
LF,L,Brandon Nimmo,Marcus Stroman,R,1,NYY,NYM,home,6.0,NYM,607043.0,-478.0,78.0,80.0,0,2025-07-04,0,,-400.0,0.0
SS,S,Francisco Lindor,Marcus Stroman,R,2,NYY,NYM,home,5.88,NYM,596019.0,-492.0,123.0,78.7,0,2025-07-04,0,,-369.0,0.0
RF,L,Juan Soto,Marcus Stroman,R,3,NYY,NYM,home,8.41,NYM,665742.0,-313.0,-7.0,76.2,0,2025-07-04,1,,-320.0,0.0
1B,R,Pete Alonso,Marcus Stroman,R,4,NYY,NYM,home,6.53,NYM,624413.0,-432.0,192.0,70.6,0,2025-07-04,0,,-240.0,0.0
2B,L,Jeff McNeil,Marcus Stroman,R,5,NYY,NYM,home,3.88,NYM,643446.0,-793.0,141.0,86.7,0,2025-07-04,1,,-652.0,0.0
C,R,Luis Torrens,Marcus Stroman,R,6,NYY,NYM,home,5.97,NYM,620443.0,-481.0,-266.0,88.2,0,2025-07-04,0,,-747.0,0.0
3B,L,Brett Baty,Marcus Stroman,R,7,NYY,NYM,home,5.78,NYM,683146.0,-499.0,-100.0,85.7,0,2025-07-04,1,,-599.0,0.0
DH,S,Ronny Mauricio,Marcus Stroman,R,8,NYY,NYM,home,3.92,NYM,677595.0,-785.0,186.0,85.7,0,2025-07-04,0,,-599.0,0.0
CF,R,Tyrone Taylor,Marcus Stroman,R,9,NYY,NYM,home,3.78,NYM,621438.0,-817.0,70.0,88.2,0,2025-07-04,0,,-747.0,0.0
RF,L,Josh Lowe,Chris Paddack,R,1,TB,MIN,away,6.14,TB,666139.0,-465.0,170.0,74.7,0,2025-07-04,0,,-295.0,0.0
DH,R,Yandy Diaz,Chris Paddack,R,2,TB,MIN,away,4.98,TB,650490.0,-594.0,233.0,78.3,0,2025-07-04,0,,-361.0,0.0
2B,L,Brandon Lowe,Chris Paddack,R,3,TB,MIN,away,6.66,TB,664040.0,-421.0,200.0,68.8,0,2025-07-04,0,,-221.0,0.0
3B,R,Junior Caminero,Chris Paddack,R,4,TB,MIN,away,6.42,TB,691406.0,-441.0,156.0,74.0,0,2025-07-04,0,,-285.0,0.0
1B,L,Jonathan Aranda,Chris Paddack,R,5,TB,MIN,away,6.87,TB,666018.0,-405.0,135.0,73.0,0,2025-07-04,0,,-270.0,0.0
LF,S,Jake Mangum,Chris Paddack,R,6,TB,MIN,away,3.84,TB,663968.0,-801.0,252.0,84.6,0,2025-07-04,0,,-549.0,0.0
SS,R,Ha-Seong Kim,Chris Paddack,R,7,TB,MIN,away,3.87,TB,673490.0,-793.0,93.0,87.5,0,2025-07-04,0,,-700.0,0.0
CF,L,Chandler Simpson,Chris Paddack,R,8,TB,MIN,away,3.46,TB,802415.0,-900.0,0.0,90.0,0,2025-07-04,0,,-900.0,0.0
C,R,Danny Jansen,Chris Paddack,R,9,TB,MIN,away,3.57,TB,643376.0,-871.0,350.0,83.9,0,2025-07-04,0,,-521.0,0.0
CF,R,Byron Buxton,Zack Littell,R,1,TB,MIN,home,6.48,MIN,621439.0,-435.0,239.0,66.19999999999999,0,2025-07-04,0,,-196.0,0.0
2B,S,Willi Castro,Zack Littell,R,2,TB,MIN,home,4.84,MIN,650489.0,-619.0,193.0,81.0,0,2025-07-04,0,,-426.0,0.0
RF,L,Trevor Larnach,Zack Littell,R,3,TB,MIN,home,6.23,MIN,663616.0,-456.0,156.0,75.0,0,2025-07-04,0,,-300.0,0.0
SS,R,Carlos Correa,Zack Littell,R,4,TB,MIN,home,4.34,MIN,621043.0,-700.0,201.0,83.3,0,2025-07-04,0,,-499.0,0.0
C,R,Ryan Jeffers,Zack Littell,R,5,TB,MIN,home,4.96,MIN,680777.0,-599.0,178.0,80.8,0,2025-07-04,0,,-421.0,0.0
DH,L,Matt Wallner,Zack Littell,R,6,TB,MIN,home,7.41,MIN,670242.0,-367.0,127.0,70.6,0,2025-07-04,0,,-240.0,0.0
3B,R,Royce Lewis,Zack Littell,R,7,TB,MIN,home,5.72,MIN,668904.0,-506.0,137.0,78.7,0,2025-07-04,0,,-369.0,0.0
1B,R,Ty France,Zack Littell,R,8,TB,MIN,home,4.44,MIN,664034.0,-681.0,51.0,86.3,0,2025-07-04,0,,-630.0,0.0
LF,R,Harrison Bader,Zack Littell,R,9,TB,MIN,home,4.53,MIN,664056.0,-663.0,-37.0,87.5,0,2025-07-04,1,,-700.0,0.0
1B,L,Spencer Horwitz,Bryan Woo,R,1,PIT,SEA,away,5.08,PIT,687462.0,-585.0,86.0,83.3,0,2025-07-04,0,,-499.0,0.0
DH,R,Andrew McCutchen,Bryan Woo,R,2,PIT,SEA,away,4.45,PIT,457705.0,-681.0,132.0,84.6,0,2025-07-04,0,,-549.0,0.0
RF,S,Bryan Reynolds,Bryan Woo,R,3,PIT,SEA,away,5.44,PIT,668804.0,-537.0,38.0,83.3,0,2025-07-04,0,,-499.0,0.0
2B,R,Nick Gonzales,Bryan Woo,R,4,PIT,SEA,away,3.42,PIT,693304.0,-910.0,109.0,88.9,0,2025-07-04,0,,-801.0,0.0
CF,L,Oneil Cruz,Bryan Woo,R,5,PIT,SEA,away,7.69,PIT,665833.0,-350.0,0.0,77.8,0,2025-07-04,0,,-350.0,0.0
3B,R,Ke'Bryan Hayes,Bryan Woo,R,6,PIT,SEA,away,3.12,PIT,663647.0,-1011.0,111.0,90.0,0,2025-07-04,0,,-900.0,0.0
LF,L,Adam Frazier,Bryan Woo,R,7,PIT,SEA,away,3.21,PIT,624428.0,-975.0,75.0,90.0,0,2025-07-04,0,,-900.0,0.0
C,R,Joey Bart,Bryan Woo,R,8,PIT,SEA,away,4.1,PIT,663698.0,-747.0,-153.0,90.0,0,2025-07-04,0,,-900.0,0.0
SS,R,Isiah Kiner-Falefa,Bryan Woo,R,9,PIT,SEA,away,2.4,PIT,643396.0,-1349.0,41.0,92.9,0,2025-07-04,0,,-1308.0,0.0
SS,L,J.P. Crawford,Bailey Falter,L,1,PIT,SEA,home,3.94,SEA,641487.0,-777.0,178.0,85.7,0,2025-07-04,0,,-599.0,0.0
DH,S,Cal Raleigh,Bailey Falter,L,3,PIT,SEA,home,7.24,SEA,663728.0,-378.0,148.0,69.7,0,2025-07-04,1,,-230.0,0.0
LF,R,Randy Arozarena,Bailey Falter,L,4,PIT,SEA,home,6.24,SEA,668227.0,-456.0,75.0,79.2,0,2025-07-04,1,,-381.0,0.0
1B,R,Donovan Solano,Bailey Falter,L,5,PIT,SEA,home,4.23,SEA,456781.0,-720.0,20.0,87.5,0,2025-07-04,0,,-700.0,0.0
C,R,Mitch Garver,Bailey Falter,L,6,PIT,SEA,home,5.37,SEA,641598.0,-545.0,119.0,81.0,0,2025-07-04,0,,-426.0,0.0
RF,R,Dylan Moore,Bailey Falter,L,7,PIT,SEA,home,5.45,SEA,664238.0,-537.0,-115.0,86.7,0,2025-07-04,1,,-652.0,0.0
3B,R,Ben Williamson,Bailey Falter,L,8,PIT,SEA,home,3.47,SEA,810938.0,-900.0,99.0,88.9,0,2025-07-04,0,,-801.0,0.0
2B,L,Cole Young,Bailey Falter,L,9,PIT,SEA,home,3.45,SEA,702284.0,-910.0,10.0,90.0,0,2025-07-04,0,,-900.0,0.0
1B,L,Josh Smith,Randy Vasquez,R,1,TEX,SD,away,5.08,TEX,669701.0,-585.0,-14.0,85.7,0,2025-07-04,0,,-599.0,0.0
SS,L,Corey Seager,Randy Vasquez,R,2,TEX,SD,away,7.47,TEX,608369.0,-365.0,45.0,76.2,0,2025-07-04,0,,-320.0,0.0
2B,R,Marcus Semien,Randy Vasquez,R,3,TEX,SD,away,4.44,TEX,543760.0,-681.0,206.0,82.6,0,2025-07-04,0,,-475.0,0.0
RF,R,Adolis Garcia,Randy Vasquez,R,4,TEX,SD,away,6.29,TEX,666969.0,-452.0,91.0,78.3,0,2025-07-04,0,,-361.0,0.0
LF,L,Alejandro Osuna,Randy Vasquez,R,5,TEX,SD,away,5.27,TEX,696030.0,-558.0,-189.0,88.2,0,2025-07-04,0,,-747.0,0.0
C,S,Jonah Heim,Randy Vasquez,R,6,TEX,SD,away,4.48,TEX,641680.0,-675.0,76.0,85.7,0,2025-07-04,0,,-599.0,0.0
DH,R,Jake Burger,Randy Vasquez,R,7,TEX,SD,away,5.96,TEX,669394.0,-481.0,91.0,79.6,0,2025-07-04,0,,-390.0,0.0
CF,S,Sam Haggerty,Randy Vasquez,R,9,TEX,SD,away,2.87,TEX,664059.0,-1105.0,205.0,90.0,0,2025-07-04,0,,-900.0,0.0
RF,R,Fernando Tatis Jr.,Kumar Rocker,R,1,TEX,SD,home,7.23,SD,665487.0,-381.0,12.0,78.7,0,2025-07-04,0,,-369.0,0.0
CF,L,Jackson Merrill,Kumar Rocker,R,2,TEX,SD,home,6.12,SD,701538.0,-468.0,42.0,81.0,0,2025-07-04,0,,-426.0,0.0
3B,R,Manny Machado,Kumar Rocker,R,3,TEX,SD,home,5.44,SD,592518.0,-537.0,137.0,80.0,0,2025-07-04,1,,-400.0,0.0
1B,L,Luis Arraez,Kumar Rocker,R,4,TEX,SD,home,3.04,SD,650333.0,-1036.0,-272.0,92.9,0,2025-07-04,0,,-1308.0,0.0
LF,L,Gavin Sheets,Kumar Rocker,R,5,TEX,SD,home,4.85,SD,657757.0,-614.0,165.0,81.8,0,2025-07-04,0,,-449.0,0.0
SS,R,Xander Bogaerts,Kumar Rocker,R,6,TEX,SD,home,3.12,SD,593428.0,-1011.0,159.0,89.5,0,2025-07-04,0,,-852.0,0.0
2B,L,Jake Cronenworth,Kumar Rocker,R,7,TEX,SD,home,4.72,SD,630105.0,-635.0,86.0,84.6,0,2025-07-04,0,,-549.0,0.0
DH,L,Trenton Brooks,Kumar Rocker,R,8,TEX,SD,home,4.95,SD,670092.0,-599.0,0.0,85.7,0,2025-07-04,0,,-599.0,0.0
C,R,Martin Maldonado,Kumar Rocker,R,9,TEX,SD,home,4.11,SD,455117.0,-747.0,-452.0,92.3,0,2025-07-04,0,,-1199.0,0.0
SS,R,Zach Neto,Eric Lauer,L,1,LAA,TOR,away,6.98,LAA,687263.0,-398.0,98.0,75.0,0,2025-07-04,0,,-300.0,0.0
1B,L,Nolan Schanuel,Eric Lauer,L,2,LAA,TOR,away,3.13,LAA,694384.0,-1011.0,210.0,88.9,0,2025-07-04,0,,-801.0,0.0
DH,R,Mike Trout,Eric Lauer,L,3,LAA,TOR,away,7.09,LAA,545361.0,-390.0,99.0,74.4,0,2025-07-04,0,,-291.0,0.0
LF,R,Taylor Ward,Eric Lauer,L,4,LAA,TOR,away,6.92,LAA,621493.0,-403.0,74.0,76.7,0,2025-07-04,0,,-329.0,0.0
CF,R,Jo Adell,Eric Lauer,L,5,LAA,TOR,away,6.45,LAA,666176.0,-438.0,147.0,74.4,0,2025-07-04,1,,-291.0,0.0
RF,R,Jorge Soler,Eric Lauer,L,6,LAA,TOR,away,5.47,LAA,624585.0,-533.0,172.0,78.3,0,2025-07-04,0,,-361.0,0.0
3B,S,Luis Rengifo,Eric Lauer,L,8,LAA,TOR,away,2.98,LAA,650859.0,-1063.0,433.0,86.3,0,2025-07-04,0,,-630.0,0.0
2B,R,Kevin Newman,Eric Lauer,L,9,LAA,TOR,away,2.84,LAA,621028.0,-1120.0,167.0,90.5,0,2025-07-04,0,,-953.0,0.0
SS,R,Bo Bichette,Kyle Hendricks,R,1,LAA,TOR,home,5.2,TOR,666182.0,-567.0,118.0,81.8,0,2025-07-04,0,,-449.0,0.0
RF,L,Addison Barger,Kyle Hendricks,R,2,LAA,TOR,home,6.86,TOR,680718.0,-405.0,44.0,78.3,0,2025-07-04,0,,-361.0,0.0
C,R,Alejandro Kirk,Kyle Hendricks,R,4,LAA,TOR,home,5.68,TOR,672386.0,-510.0,11.0,83.3,0,2025-07-04,0,,-499.0,0.0
DH,R,George Springer,Kyle Hendricks,R,5,LAA,TOR,home,6.6,TOR,543807.0,-426.0,97.0,76.7,0,2025-07-04,0,,-329.0,0.0
LF,L,Nathan Lukes,Kyle Hendricks,R,6,LAA,TOR,home,4.71,TOR,664770.0,-635.0,-166.0,88.9,0,2025-07-04,0,,-801.0,0.0
3B,R,Ernie Clement,Kyle Hendricks,R,7,LAA,TOR,home,3.63,TOR,676391.0,-852.0,105.0,88.2,0,2025-07-04,0,,-747.0,0.0
2B,L,Andres Gimenez,Kyle Hendricks,R,8,LAA,TOR,home,4.21,TOR,665926.0,-726.0,-21.0,88.2,0,2025-07-04,0,,-747.0,0.0
DH,L,Colt Keith,Slade Cecconi,R,1,DET,CLE,away,7.47,DET,690993.0,-365.0,-84.0,81.8,0,2025-07-04,0,,-449.0,0.0
2B,R,Gleyber Torres,Slade Cecconi,R,2,DET,CLE,away,4.5,DET,650402.0,-669.0,120.0,84.6,0,2025-07-04,0,,-549.0,0.0
RF,S,Wenceel Perez,Slade Cecconi,R,3,DET,CLE,away,6.36,DET,672761.0,-446.0,-3.0,81.8,0,2025-07-04,1,,-449.0,0.0
LF,L,Riley Greene,Slade Cecconi,R,4,DET,CLE,away,8.37,DET,682985.0,-315.0,5.0,75.6,0,2025-07-04,0,,-310.0,0.0
1B,R,Spencer Torkelson,Slade Cecconi,R,5,DET,CLE,away,5.08,DET,679529.0,-585.0,144.0,81.5,0,2025-07-04,0,,-441.0,0.0
3B,L,Zach McKinstry,Slade Cecconi,R,6,DET,CLE,away,4.29,DET,656716.0,-706.0,107.0,85.7,0,2025-07-04,1,,-599.0,0.0
CF,L,Parker Meadows,Slade Cecconi,R,8,DET,CLE,away,5.34,DET,678009.0,-549.0,50.0,83.3,0,2025-07-04,0,,-499.0,0.0
RF,L,Sal Frelick,Sandy Alcantara,R,1,MIL,MIA,away,4.27,MIL,686217.0,-713.0,-286.0,90.9,0,2025-07-04,0,,-999.0,0.0
CF,R,Jackson Chourio,Sandy Alcantara,R,2,MIL,MIA,away,4.98,MIL,694192.0,-594.0,95.0,83.3,0,2025-07-04,0,,-499.0,0.0
DH,L,Christian Yelich,Sandy Alcantara,R,3,MIL,MIA,away,6.14,MIL,592885.0,-465.0,-84.0,84.6,0,2025-07-04,0,,-549.0,0.0
2B,L,Brice Turang,Sandy Alcantara,R,5,MIL,MIA,away,4.86,MIL,668930.0,-614.0,-238.0,89.5,0,2025-07-04,0,,-852.0,0.0
LF,S,Isaac Collins,Sandy Alcantara,R,7,MIL,MIA,away,3.63,MIL,686555.0,-852.0,-19.0,89.7,0,2025-07-04,0,,-871.0,0.0
3B,R,Caleb Durbin,Sandy Alcantara,R,8,MIL,MIA,away,3.24,MIL,702332.0,-975.0,75.0,90.0,0,2025-07-04,0,,-900.0,0.0
SS,R,Joey Ortiz,Sandy Alcantara,R,9,MIL,MIA,away,1.75,MIL,687401.0,-1900.0,1048.0,89.5,1,2025-07-04,0,,-852.0,1.17
2B,S,Xavier Edwards,Quinn Priester,R,1,MIL,MIA,home,2.75,MIA,669364.0,-1166.0,167.0,90.9,0,2025-07-04,0,,-999.0,0.0
RF,L,Jesus Sanchez,Quinn Priester,R,2,MIL,MIA,home,7.03,MIA,660821.0,-393.0,-56.0,81.8,0,2025-07-04,0,,-449.0,0.0
SS,R,Otto Lopez,Quinn Priester,R,3,MIL,MIA,home,4.07,MIA,672640.0,-755.0,55.0,87.5,0,2025-07-04,1,,-700.0,0.0
C,R,Agustin Ramirez,Quinn Priester,R,4,MIL,MIA,home,3.91,MIA,682663.0,-785.0,336.0,81.8,0,2025-07-04,0,,-449.0,0.0
LF,L,Kyle Stowers,Quinn Priester,R,5,MIL,MIA,home,6.24,MIA,669065.0,-456.0,-25.0,82.8,0,2025-07-04,0,,-481.0,0.0
1B,R,Eric Wagaman,Quinn Priester,R,6,MIL,MIA,home,3.2,MIA,676572.0,-987.0,135.0,89.5,0,2025-07-04,0,,-852.0,0.0
DH,L,Liam Hicks,Quinn Priester,R,7,MIL,MIA,home,3.54,MIA,689414.0,-880.0,-73.0,90.5,0,2025-07-04,0,,-953.0,0.0
3B,R,Connor Norby,Quinn Priester,R,8,MIL,MIA,home,3.77,MIA,681393.0,-817.0,165.0,86.7,0,2025-07-04,1,,-652.0,0.0
CF,R,Dane Myers,Quinn Priester,R,9,MIL,MIA,home,4.39,MIA,667472.0,-687.0,-165.0,89.5,0,2025-07-04,0,,-852.0,0.0
2B,L,Jackson Holliday,Spencer Strider,R,1,BAL,ATL,away,6.6,BAL,702616.0,-426.0,-123.0,84.6,0,2025-07-04,0,,-549.0,0.0
SS,L,Gunnar Henderson,Spencer Strider,R,3,BAL,ATL,away,6.33,BAL,683002.0,-449.0,-32.0,82.8,0,2025-07-04,0,,-481.0,0.0
1B,L,Ryan O'Hearn,Spencer Strider,R,4,BAL,ATL,away,5.95,BAL,656811.0,-485.0,-114.0,85.7,0,2025-07-04,0,,-599.0,0.0
RF,R,Ramon Laureano,Spencer Strider,R,5,BAL,ATL,away,5.4,BAL,657656.0,-541.0,-89.0,86.3,0,2025-07-04,0,,-630.0,0.0
LF,L,Colton Cowser,Spencer Strider,R,6,BAL,ATL,away,7.23,BAL,681297.0,-381.0,-45.0,81.0,0,2025-07-04,0,,-426.0,0.0
C,R,Gary Sanchez,Spencer Strider,R,7,BAL,ATL,away,4.87,BAL,596142.0,-614.0,155.0,82.1,0,2025-07-04,0,,-459.0,0.0
CF,L,Cedric Mullins,Spencer Strider,R,9,BAL,ATL,away,4.38,BAL,656775.0,-694.0,145.0,84.6,0,2025-07-04,1,,-549.0,0.0
1B,L,Matt Olson,Charlie Morton,R,2,BAL,ATL,home,6.85,ATL,621566.0,-408.0,108.0,75.0,0,2025-07-04,0,,-300.0,0.0
DH,R,Marcell Ozuna,Charlie Morton,R,3,BAL,ATL,home,6.44,ATL,542303.0,-438.0,-11.0,81.8,0,2025-07-04,0,,-449.0,0.0
3B,R,Austin Riley,Charlie Morton,R,4,BAL,ATL,home,6.09,ATL,663586.0,-471.0,22.0,81.8,0,2025-07-04,0,,-449.0,0.0
LF,S,Jurickson Profar,Charlie Morton,R,5,BAL,ATL,home,4.0,ATL,595777.0,-770.0,171.0,85.7,0,2025-07-04,0,,-599.0,0.0
C,L,Drake Baldwin,Charlie Morton,R,6,BAL,ATL,home,5.21,ATL,686948.0,-567.0,18.0,84.6,0,2025-07-04,1,,-549.0,0.0
2B,S,Ozzie Albies,Charlie Morton,R,7,BAL,ATL,home,3.77,ATL,645277.0,-817.0,218.0,85.7,0,2025-07-04,0,,-599.0,0.0
CF,L,Michael Harris II,Charlie Morton,R,8,BAL,ATL,home,5.04,ATL,671739.0,-590.0,41.0,84.6,0,2025-07-04,0,,-549.0,0.0
SS,R,Nick Allen,Charlie Morton,R,9,BAL,ATL,home,2.22,ATL,669397.0,-1462.0,263.0,92.3,0,2025-07-04,0,,-1199.0,0.0
RF,L,Mike Tauchman,Antonio Senzatela,R,1,CWS,COL,away,5.66,CWS,643565.0,-513.0,-45.0,84.8,0,2025-07-04,0,,-558.0,0.0
2B,R,Chase Meidroth,Antonio Senzatela,R,2,CWS,COL,away,3.74,CWS,805367.0,-826.0,-127.0,90.5,0,2025-07-04,0,,-953.0,0.0
LF,L,Andrew Benintendi,Antonio Senzatela,R,3,CWS,COL,away,6.71,CWS,643217.0,-418.0,-63.0,82.8,0,2025-07-04,0,,-481.0,0.0
3B,R,Miguel Vargas,Antonio Senzatela,R,4,CWS,COL,away,5.07,CWS,678246.0,-585.0,224.0,78.3,0,2025-07-04,0,,-361.0,0.0
CF,R,Michael A. Taylor,Antonio Senzatela,R,9,CWS,COL,away,6.17,CWS,572191.0,-462.0,-37.0,83.3,0,2025-07-04,0,,-499.0,0.0
DH,R,Tyler Freeman,Adrian Houser,R,1,CWS,COL,home,3.78,COL,671289.0,-817.0,16.0,88.9,0,2025-07-04,0,,-801.0,0.0
C,R,Hunter Goodman,Adrian Houser,R,2,CWS,COL,home,7.13,COL,696100.0,-388.0,108.0,73.7,0,2025-07-04,0,,-280.0,0.0
LF,R,Jordan Beck,Adrian Houser,R,3,CWS,COL,home,5.25,COL,687597.0,-562.0,113.0,81.8,0,2025-07-04,0,,-449.0,0.0
3B,L,Ryan McMahon,Adrian Houser,R,4,CWS,COL,home,6.87,COL,641857.0,-405.0,44.0,78.3,0,2025-07-04,0,,-361.0,0.0
2B,R,Thairo Estrada,Adrian Houser,R,5,CWS,COL,home,3.43,COL,642731.0,-910.0,84.0,89.2,0,2025-07-04,0,,-826.0,0.0
1B,S,Michael Toglia,Adrian Houser,R,7,CWS,COL,home,6.0,COL,669911.0,-478.0,52.0,81.0,0,2025-07-04,0,,-426.0,0.0
RF,L,Mickey Moniak,Adrian Houser,R,8,CWS,COL,home,5.01,COL,666160.0,-594.0,119.0,82.6,0,2025-07-04,0,,-475.0,0.0
3B,R,Isaac Paredes,Ben Casparius,R,1,HOU,LAD,away,3.37,HOU,670623.0,-931.0,541.0,79.6,0,2025-07-04,1,,-390.0,0.0
CF,R,Jake Meyers,Ben Casparius,R,2,HOU,LAD,away,3.64,HOU,676694.0,-852.0,200.0,86.7,0,2025-07-04,0,,-652.0,0.0
2B,R,Jose Altuve,Ben Casparius,R,3,HOU,LAD,away,3.68,HOU,514888.0,-843.0,368.0,82.6,0,2025-07-04,1,,-475.0,0.0
RF,R,Cam Smith,Ben Casparius,R,4,HOU,LAD,away,3.52,HOU,701358.0,-890.0,391.0,83.3,0,2025-07-04,0,,-499.0,0.0
DH,S,Victor Caratini,Ben Casparius,R,5,HOU,LAD,away,3.61,HOU,605170.0,-862.0,363.0,83.3,0,2025-07-04,1,,-499.0,0.0
C,R,Yainer Diaz,Ben Casparius,R,6,HOU,LAD,away,3.63,HOU,673237.0,-852.0,426.0,81.0,0,2025-07-04,0,,-426.0,0.0
1B,R,Christian Walker,Ben Casparius,R,7,HOU,LAD,away,4.54,HOU,572233.0,-663.0,273.0,79.6,0,2025-07-04,1,,-390.0,0.0
LF,S,Cooper Hummel,Ben Casparius,R,8,HOU,LAD,away,2.61,HOU,669450.0,-1233.0,381.0,89.5,1,2025-07-04,0,,-852.0,1.17
SS,R,Mauricio Dubon,Ben Casparius,R,9,HOU,LAD,away,2.28,HOU,643289.0,-1415.0,515.0,90.0,1,2025-07-04,0,,-900.0,1.11
DH,L,Shohei Ohtani,Lance McCullers,R,1,HOU,LAD,home,11.59,LAD,660271.0,-199.0,29.0,63.0,0,2025-07-04,0,,-170.0,0.0
SS,R,Mookie Betts,Lance McCullers,R,2,HOU,LAD,home,5.88,LAD,605141.0,-492.0,131.0,78.3,0,2025-07-04,0,,-361.0,0.0
1B,L,Freddie Freeman,Lance McCullers,R,3,HOU,LAD,home,6.83,LAD,518692.0,-408.0,18.0,79.6,0,2025-07-04,0,,-390.0,0.0
C,R,Will Smith,Lance McCullers,R,4,HOU,LAD,home,6.54,LAD,669257.0,-432.0,71.0,78.3,0,2025-07-04,1,,-361.0,0.0
RF,R,Teoscar Hernandez,Lance McCullers,R,5,HOU,LAD,home,6.83,LAD,606192.0,-408.0,58.0,77.8,0,2025-07-04,0,,-350.0,0.0
CF,R,Andy Pages,Lance McCullers,R,6,HOU,LAD,home,5.93,LAD,681624.0,-485.0,156.0,76.7,0,2025-07-04,0,,-329.0,0.0
LF,L,Michael Conforto,Lance McCullers,R,7,HOU,LAD,home,6.13,LAD,624424.0,-465.0,-10.0,82.6,0,2025-07-04,0,,-475.0,0.0
2B,S,Tommy Edman,Lance McCullers,R,8,HOU,LAD,home,4.88,LAD,669242.0,-609.0,-21.0,86.3,0,2025-07-04,0,,-630.0,0.0
3B,R,Miguel Rojas,Lance McCullers,R,9,HOU,LAD,home,4.04,LAD,500743.0,-762.0,15.0,88.2,0,2025-07-04,0,,-747.0,0.0
2B,R,Jonathan India,Eduardo Rodriguez,L,1,KC,ARI,away,5.25,KC,663697.0,-562.0,-185.0,88.2,0,2025-07-04,0,,-747.0,0.0
3B,R,Maikel Garcia,Eduardo Rodriguez,L,3,KC,ARI,away,4.73,KC,672580.0,-635.0,-217.0,89.5,0,2025-07-04,0,,-852.0,0.0
DH,L,Vinnie Pasquantino,Eduardo Rodriguez,L,4,KC,ARI,away,4.45,KC,686469.0,-681.0,200.0,82.8,0,2025-07-04,1,,-481.0,0.0
1B,R,Salvador Perez,Eduardo Rodriguez,L,5,KC,ARI,away,6.2,KC,521692.0,-459.0,33.0,81.0,0,2025-07-04,0,,-426.0,0.0
LF,R,Mark Canha,Eduardo Rodriguez,L,6,KC,ARI,away,4.0,KC,592192.0,-770.0,-183.0,90.5,0,2025-07-04,1,,-953.0,0.0
RF,L,Jac Caglianone,Eduardo Rodriguez,L,7,KC,ARI,away,4.88,KC,695506.0,-609.0,-138.0,88.2,0,2025-07-04,0,,-747.0,0.0
C,R,Freddy Fermin,Eduardo Rodriguez,L,8,KC,ARI,away,3.42,KC,666023.0,-910.0,109.0,88.9,0,2025-07-04,0,,-801.0,0.0
2B,S,Ketel Marte,Kris Bubic,L,1,KC,ARI,home,6.0,ARI,606466.0,-478.0,128.0,77.8,0,2025-07-04,0,,-350.0,0.0
SS,S,Geraldo Perdomo,Kris Bubic,L,2,KC,ARI,home,2.86,ARI,672695.0,-1120.0,167.0,90.5,0,2025-07-04,0,,-953.0,0.0
LF,R,Lourdes Gurriel Jr.,Kris Bubic,L,3,KC,ARI,home,3.95,ARI,666971.0,-777.0,278.0,83.3,0,2025-07-04,0,,-499.0,0.0
DH,R,Eugenio Suarez,Kris Bubic,L,4,KC,ARI,home,5.09,ARI,553993.0,-580.0,230.0,77.8,0,2025-07-04,1,,-350.0,0.0
RF,R,Randal Grichuk,Kris Bubic,L,5,KC,ARI,home,4.79,ARI,545341.0,-625.0,176.0,81.8,0,2025-07-04,0,,-449.0,0.0
1B,L,Josh Naylor,Kris Bubic,L,6,KC,ARI,home,3.13,ARI,647304.0,-1011.0,210.0,88.9,1,2025-07-04,0,,-801.0,1.25
CF,R,Tim Tawa,Kris Bubic,L,7,KC,ARI,home,3.53,ARI,694374.0,-880.0,228.0,86.7,0,2025-07-04,0,,-652.0,0.0
3B,R,Blaze Alexander,Kris Bubic,L,8,KC,ARI,home,2.91,ARI,677942.0,-1090.0,238.0,89.5,1,2025-07-04,0,,-852.0,1.17
CF,L,Jung Hoo Lee,JP Sears,L,1,SF,ATH,away,3.91,SF,808982.0,-785.0,326.0,82.1,0,2025-07-04,0,,-459.0,0.0
SS,R,Willy Adames,JP Sears,L,2,SF,ATH,away,6.1,SF,642715.0,-468.0,218.0,71.4,0,2025-07-04,0,,-250.0,0.0
LF,R,Heliot Ramos,JP Sears,L,3,SF,ATH,away,7.31,SF,671218.0,-374.0,149.0,69.2,0,2025-07-04,0,,-225.0,0.0
3B,R,Wilmer Flores,JP Sears,L,4,SF,ATH,away,4.34,SF,527038.0,-700.0,359.0,77.3,0,2025-07-04,0,,-341.0,0.0
DH,L,Rafael Devers,JP Sears,L,5,SF,ATH,away,5.35,SF,646240.0,-549.0,289.0,72.19999999999999,0,2025-07-04,0,,-260.0,0.0
C,S,Patrick Bailey,JP Sears,L,8,SF,ATH,away,3.95,SF,672275.0,-777.0,302.0,82.6,0,2025-07-04,0,,-475.0,0.0
2B,R,Tyler Fitzgerald,JP Sears,L,9,SF,ATH,away,4.68,SF,666149.0,-641.0,241.0,80.0,0,2025-07-04,0,,-400.0,0.0
RF,L,Lawrence Butler,Justin Verlander,R,1,SF,ATH,home,5.84,ATH,671732.0,-495.0,166.0,76.7,0,2025-07-04,0,,-329.0,0.0
SS,R,Jacob Wilson,Justin Verlander,R,2,SF,ATH,home,2.38,ATH,805779.0,-1349.0,800.0,84.6,0,2025-07-04,0,,-549.0,0.0
DH,R,Brent Rooker,Justin Verlander,R,3,SF,ATH,home,6.13,ATH,667670.0,-465.0,231.0,70.1,0,2025-07-04,0,,-234.0,0.0
1B,L,Nick Kurtz,Justin Verlander,R,4,SF,ATH,home,8.11,ATH,701762.0,-327.0,17.0,75.6,0,2025-07-04,1,,-310.0,0.0
C,R,Shea Langeliers,Justin Verlander,R,5,SF,ATH,home,4.85,ATH,669127.0,-614.0,359.0,71.80000000000001,0,2025-07-04,0,,-255.0,0.0
LF,L,Tyler Soderstrom,Justin Verlander,R,6,SF,ATH,home,6.45,ATH,691016.0,-438.0,88.0,77.8,0,2025-07-04,0,,-350.0,0.0
3B,R,Max Muncy,Justin Verlander,R,7,SF,ATH,home,6.41,ATH,691777.0,-441.0,51.0,79.6,0,2025-07-04,0,,-390.0,0.0
CF,R,Denzel Clarke,Justin Verlander,R,9,SF,ATH,home,4.02,ATH,672016.0,-762.0,163.0,85.7,0,2025-07-04,1,,-599.0,0.0
CF,R,Byron Buxton,Taj Bradley,R,1,TB,MIN,home,6.4,MIN,621439.0,-443.0,168.0,73.3,0,2025-07-05,0,,-275.0,0.0
2B,S,Willi Castro,Taj Bradley,R,2,TB,MIN,home,4.41,MIN,650489.0,-687.0,138.0,84.6,0,2025-07-05,0,,-549.0,0.0
DH,L,Trevor Larnach,Taj Bradley,R,3,TB,MIN,home,6.06,MIN,663616.0,-471.0,-4.0,82.6,0,2025-07-05,0,,-475.0,0.0
SS,R,Carlos Correa,Taj Bradley,R,4,TB,MIN,home,4.45,MIN,621043.0,-681.0,82.0,85.7,0,2025-07-05,0,,-599.0,0.0
C,R,Ryan Jeffers,Taj Bradley,R,5,TB,MIN,home,4.7,MIN,680777.0,-641.0,166.0,82.6,0,2025-07-05,0,,-475.0,0.0
RF,L,Matt Wallner,Taj Bradley,R,6,TB,MIN,home,7.03,MIN,670242.0,-393.0,118.0,73.3,0,2025-07-05,0,,-275.0,0.0
3B,R,Royce Lewis,Taj Bradley,R,7,TB,MIN,home,5.36,MIN,668904.0,-549.0,149.0,80.0,0,2025-07-05,0,,-400.0,0.0
1B,L,Kody Clemens,Taj Bradley,R,8,TB,MIN,home,5.8,MIN,665019.0,-499.0,50.0,81.8,0,2025-07-05,1,,-449.0,0.0
LF,R,Harrison Bader,Taj Bradley,R,9,TB,MIN,home,3.86,MIN,664056.0,-801.0,120.0,87.2,0,2025-07-05,0,,-681.0,0.0
2B,L,Brendan Donovan,Jordan Wicks,L,1,STL,CHC,away,4.06,STL,680977.0,-755.0,306.0,81.8,0,2025-07-05,0,,-449.0,0.0
SS,R,Masyn Winn,Jordan Wicks,L,2,STL,CHC,away,4.24,STL,691026.0,-720.0,294.0,81.0,0,2025-07-05,0,,-426.0,0.0
C,R,William Contreras,Cal Quantrill,R,4,MIL,MIA,away,4.34,MIL,661388.0,-700.0,225.0,82.6,0,2025-07-05,0,,-475.0,0.0
RF,L,Alec Burleson,Jordan Wicks,L,4,STL,CHC,away,4.08,STL,676475.0,-747.0,456.0,74.4,0,2025-07-05,1,,-291.0,0.0
LF,L,Lars Nootbaar,Jordan Wicks,L,6,STL,CHC,away,4.04,STL,663457.0,-762.0,471.0,74.4,0,2025-07-05,0,,-291.0,0.0
DH,L,Nolan Gorman,Jordan Wicks,L,7,STL,CHC,away,4.52,STL,669357.0,-669.0,359.0,75.6,0,2025-07-05,1,,-310.0,0.0
C,R,Pedro Pages,Jordan Wicks,L,8,STL,CHC,away,3.21,STL,686780.0,-975.0,614.0,78.3,0,2025-07-05,0,,-361.0,0.0
LF,S,Ian Happ,Matthew Liberatore,L,1,STL,CHC,home,5.38,CHC,664023.0,-545.0,260.0,74.0,0,2025-07-05,0,,-285.0,0.0
RF,L,Kyle Tucker,Matthew Liberatore,L,2,STL,CHC,home,5.23,CHC,663656.0,-562.0,242.0,76.2,0,2025-07-05,0,,-320.0,0.0
DH,R,Seiya Suzuki,Matthew Liberatore,L,3,STL,CHC,home,5.47,CHC,673548.0,-533.0,312.0,68.8,0,2025-07-05,0,,-221.0,0.0
C,R,Carson Kelly,Matthew Liberatore,L,4,STL,CHC,home,3.69,CHC,608348.0,-843.0,543.0,75.0,0,2025-07-05,1,,-300.0,0.0
SS,R,Dansby Swanson,Matthew Liberatore,L,5,STL,CHC,home,4.29,CHC,621020.0,-706.0,421.0,74.0,0,2025-07-05,0,,-285.0,0.0
CF,L,Pete Crow-Armstrong,Matthew Liberatore,L,6,STL,CHC,home,4.15,CHC,691718.0,-733.0,307.0,81.0,0,2025-07-05,0,,-426.0,0.0
2B,R,Nico Hoerner,Matthew Liberatore,L,7,STL,CHC,home,2.6,CHC,663538.0,-1233.0,533.0,87.5,0,2025-07-05,0,,-700.0,0.0
1B,R,Justin Turner,Matthew Liberatore,L,8,STL,CHC,home,2.75,CHC,457759.0,-1166.0,740.0,81.0,0,2025-07-05,0,,-426.0,0.0
3B,R,Matt Shaw,Matthew Liberatore,L,9,STL,CHC,home,2.96,CHC,807713.0,-1076.0,577.0,83.3,0,2025-07-05,0,,-499.0,0.0
SS,R,Zach Neto,Max Scherzer,R,1,LAA,TOR,away,6.77,LAA,687263.0,-413.0,84.0,76.7,0,2025-07-05,0,,-329.0,0.0
1B,L,Nolan Schanuel,Max Scherzer,R,2,LAA,TOR,away,5.26,LAA,694384.0,-558.0,109.0,81.8,0,2025-07-05,0,,-449.0,0.0
DH,R,Mike Trout,Max Scherzer,R,3,LAA,TOR,away,8.75,LAA,545361.0,-297.0,76.0,68.8,0,2025-07-05,0,,-221.0,0.0
LF,R,Taylor Ward,Max Scherzer,R,4,LAA,TOR,away,7.47,LAA,621493.0,-365.0,36.0,76.7,0,2025-07-05,0,,-329.0,0.0
CF,R,Jo Adell,Max Scherzer,R,5,LAA,TOR,away,6.79,LAA,666176.0,-410.0,81.0,76.7,0,2025-07-05,0,,-329.0,0.0
RF,R,Jorge Soler,Max Scherzer,R,6,LAA,TOR,away,6.11,LAA,624585.0,-468.0,87.0,79.2,0,2025-07-05,0,,-381.0,0.0
3B,S,Luis Rengifo,Max Scherzer,R,8,LAA,TOR,away,3.55,LAA,650859.0,-880.0,133.0,88.2,0,2025-07-05,0,,-747.0,0.0
SS,R,Bo Bichette,Jack Kochanowicz,R,1,LAA,TOR,home,4.28,TOR,666182.0,-713.0,287.0,81.0,0,2025-07-05,0,,-426.0,0.0
RF,L,Addison Barger,Jack Kochanowicz,R,2,LAA,TOR,home,6.05,TOR,680718.0,-475.0,146.0,76.7,0,2025-07-05,0,,-329.0,0.0
1B,R,Vladimir Guerrero Jr.,Jack Kochanowicz,R,3,LAA,TOR,home,6.07,TOR,665489.0,-471.0,151.0,76.2,0,2025-07-05,0,,-320.0,0.0
C,R,Alejandro Kirk,Jack Kochanowicz,R,4,LAA,TOR,home,4.74,TOR,672386.0,-630.0,81.0,84.6,0,2025-07-05,0,,-549.0,0.0
DH,R,George Springer,Jack Kochanowicz,R,5,LAA,TOR,home,5.78,TOR,543807.0,-499.0,0.0,83.3,0,2025-07-05,1,,-499.0,0.0
LF,L,Nathan Lukes,Jack Kochanowicz,R,6,LAA,TOR,home,4.12,TOR,664770.0,-740.0,241.0,83.3,0,2025-07-05,0,,-499.0,0.0
3B,R,Ernie Clement,Jack Kochanowicz,R,7,LAA,TOR,home,3.01,TOR,676391.0,-1049.0,397.0,86.7,0,2025-07-05,0,,-652.0,0.0
1B,R,Romy Gonzalez,Mitchell Parker,L,1,BOS,WSH,away,6.53,BOS,663853.0,-432.0,103.0,76.7,0,2025-07-05,0,,-329.0,0.0
DH,R,Rob Refsnyder,Mitchell Parker,L,3,BOS,WSH,away,6.33,BOS,608701.0,-449.0,49.0,80.0,0,2025-07-05,0,,-400.0,0.0
C,R,Carlos Narvaez,Mitchell Parker,L,4,BOS,WSH,away,5.7,BOS,665966.0,-510.0,110.0,80.0,0,2025-07-05,0,,-400.0,0.0
SS,R,Trevor Story,Mitchell Parker,L,5,BOS,WSH,away,4.62,BOS,596115.0,-652.0,252.0,80.0,0,2025-07-05,0,,-400.0,0.0
LF,L,Jarren Duran,Mitchell Parker,L,6,BOS,WSH,away,4.33,BOS,680776.0,-700.0,201.0,83.3,0,2025-07-05,0,,-499.0,0.0
CF,R,Ceddanne Rafaela,Mitchell Parker,L,7,BOS,WSH,away,5.52,BOS,678882.0,-529.0,129.0,80.0,0,2025-07-05,1,,-400.0,0.0
3B,R,Nate Eaton,Mitchell Parker,L,9,BOS,WSH,away,2.0,BOS,681987.0,-1624.0,943.0,87.2,0,2025-07-05,0,,-681.0,0.0
SS,L,CJ Abrams,Walker Buehler,R,1,BOS,WSH,home,6.29,WSH,682928.0,-452.0,52.0,80.0,0,2025-07-05,0,,-400.0,0.0
LF,L,James Wood,Walker Buehler,R,2,BOS,WSH,home,8.4,WSH,695578.0,-313.0,-37.0,77.8,0,2025-07-05,0,,-350.0,0.0
1B,L,Nathaniel Lowe,Walker Buehler,R,4,BOS,WSH,home,5.77,WSH,663993.0,-502.0,3.0,83.3,0,2025-07-05,0,,-499.0,0.0
DH,S,Josh Bell,Walker Buehler,R,5,BOS,WSH,home,6.1,WSH,605137.0,-468.0,42.0,81.0,0,2025-07-05,0,,-426.0,0.0
RF,L,Daylen Lile,Walker Buehler,R,7,BOS,WSH,home,4.37,WSH,695734.0,-694.0,95.0,85.7,0,2025-07-05,0,,-599.0,0.0
CF,R,Jacob Young,Walker Buehler,R,9,BOS,WSH,home,2.77,WSH,696285.0,-1150.0,-158.0,92.9,0,2025-07-05,0,,-1308.0,0.0
CF,L,TJ Friedl,Ranger Suarez,L,1,CIN,PHI,away,2.61,CIN,670770.0,-1233.0,486.0,88.2,1,2025-07-05,0,,-747.0,1.34
DH,R,Matt McLain,Ranger Suarez,L,2,CIN,PHI,away,5.01,CIN,680574.0,-594.0,145.0,81.8,0,2025-07-05,0,,-449.0,0.0
SS,S,Elly De La Cruz,Ranger Suarez,L,3,CIN,PHI,away,6.83,CIN,682829.0,-408.0,-67.0,82.6,0,2025-07-05,0,,-475.0,0.0
LF,R,Austin Hays,Ranger Suarez,L,4,CIN,PHI,away,6.65,CIN,669720.0,-421.0,21.0,80.0,0,2025-07-05,0,,-400.0,0.0
C,R,Tyler Stephenson,Ranger Suarez,L,5,CIN,PHI,away,5.57,CIN,663886.0,-521.0,95.0,81.0,0,2025-07-05,0,,-426.0,0.0
1B,R,Spencer Steer,Ranger Suarez,L,6,CIN,PHI,away,3.9,CIN,668715.0,-793.0,244.0,84.6,0,2025-07-05,0,,-549.0,0.0
2B,R,Santiago Espinal,Ranger Suarez,L,9,CIN,PHI,away,3.06,CIN,669289.0,-1036.0,37.0,90.9,0,2025-07-05,0,,-999.0,0.0
SS,R,Trea Turner,Nick Lodolo,L,1,CIN,PHI,home,5.42,PHI,607208.0,-541.0,180.0,78.3,0,2025-07-05,0,,-361.0,0.0
1B,L,Bryce Harper,Nick Lodolo,L,2,CIN,PHI,home,5.39,PHI,547180.0,-545.0,195.0,77.8,0,2025-07-05,0,,-350.0,0.0
3B,R,Alec Bohm,Nick Lodolo,L,3,CIN,PHI,home,5.23,PHI,664761.0,-562.0,181.0,79.2,0,2025-07-05,1,,-381.0,0.0
DH,L,Kyle Schwarber,Nick Lodolo,L,4,CIN,PHI,home,7.34,PHI,656941.0,-372.0,132.0,70.6,0,2025-07-05,1,,-240.0,0.0
RF,R,Nick Castellanos,Nick Lodolo,L,5,CIN,PHI,home,5.46,PHI,592206.0,-537.0,137.0,80.0,0,2025-07-05,0,,-400.0,0.0
C,R,J.T. Realmuto,Nick Lodolo,L,6,CIN,PHI,home,5.74,PHI,592663.0,-506.0,80.0,81.0,0,2025-07-05,0,,-426.0,0.0
2B,R,Edmundo Sosa,Nick Lodolo,L,7,CIN,PHI,home,4.67,PHI,624641.0,-641.0,142.0,83.3,0,2025-07-05,1,,-499.0,0.0
CF,R,Johan Rojas,Nick Lodolo,L,9,CIN,PHI,home,4.02,PHI,679032.0,-762.0,-64.0,89.2,0,2025-07-05,0,,-826.0,0.0
2B,L,Jackson Holliday,Dylan Dodd,L,1,BAL,ATL,away,3.59,BAL,702616.0,-871.0,171.0,87.5,0,2025-07-05,0,,-700.0,0.0
3B,R,Jordan Westburg,Dylan Dodd,L,2,BAL,ATL,away,4.47,BAL,676059.0,-675.0,76.0,85.7,0,2025-07-05,1,,-599.0,0.0
SS,L,Gunnar Henderson,Dylan Dodd,L,3,BAL,ATL,away,3.37,BAL,683002.0,-931.0,373.0,84.8,0,2025-07-05,0,,-558.0,0.0
1B,L,Ryan O'Hearn,Dylan Dodd,L,4,BAL,ATL,away,2.77,BAL,656811.0,-1150.0,450.0,87.5,0,2025-07-05,0,,-700.0,0.0
DH,R,Tyler O'Neill,Dylan Dodd,L,5,BAL,ATL,away,4.37,BAL,641933.0,-694.0,145.0,84.6,0,2025-07-05,1,,-549.0,0.0
RF,R,Ramon Laureano,Dylan Dodd,L,6,BAL,ATL,away,3.23,BAL,657656.0,-975.0,376.0,85.7,0,2025-07-05,0,,-599.0,0.0
LF,L,Colton Cowser,Dylan Dodd,L,7,BAL,ATL,away,3.74,BAL,681297.0,-826.0,277.0,84.6,0,2025-07-05,1,,-549.0,0.0
C,R,Gary Sanchez,Dylan Dodd,L,8,BAL,ATL,away,3.21,BAL,596142.0,-975.0,426.0,84.6,0,2025-07-05,0,,-549.0,0.0
CF,L,Cedric Mullins,Dylan Dodd,L,9,BAL,ATL,away,2.36,BAL,656775.0,-1371.0,690.0,87.2,0,2025-07-05,0,,-681.0,0.0
1B,L,Matt Olson,Dean Kremer,R,2,BAL,ATL,home,6.94,ATL,621566.0,-400.0,145.0,71.80000000000001,0,2025-07-05,1,,-255.0,0.0
DH,R,Marcell Ozuna,Dean Kremer,R,3,BAL,ATL,home,6.28,ATL,542303.0,-452.0,62.0,79.6,0,2025-07-05,0,,-390.0,0.0
3B,R,Austin Riley,Dean Kremer,R,4,BAL,ATL,home,6.42,ATL,663586.0,-441.0,41.0,80.0,0,2025-07-05,1,,-400.0,0.0
LF,S,Jurickson Profar,Dean Kremer,R,5,BAL,ATL,home,4.33,ATL,595777.0,-700.0,151.0,84.6,0,2025-07-05,0,,-549.0,0.0
2B,S,Ozzie Albies,Dean Kremer,R,7,BAL,ATL,home,3.75,ATL,645277.0,-826.0,174.0,86.7,0,2025-07-05,0,,-652.0,0.0
CF,L,Michael Harris II,Dean Kremer,R,8,BAL,ATL,home,4.53,ATL,671739.0,-663.0,64.0,85.7,0,2025-07-05,0,,-599.0,0.0
SS,R,Nick Allen,Dean Kremer,R,9,BAL,ATL,home,2.17,ATL,669397.0,-1487.0,288.0,92.3,0,2025-07-05,0,,-1199.0,0.0
LF,L,Cody Bellinger,Frankie Montas,R,2,NYY,NYM,away,5.14,NYY,641355.0,-576.0,176.0,80.0,0,2025-07-05,0,,-400.0,0.0
RF,R,Aaron Judge,Frankie Montas,R,3,NYY,NYM,away,9.57,NYY,592450.0,-262.0,94.0,62.7,0,2025-07-05,0,,-168.0,0.0
3B,L,Jazz Chisholm Jr.,Frankie Montas,R,5,NYY,NYM,away,6.34,NYY,665862.0,-446.0,65.0,79.2,0,2025-07-05,1,,-381.0,0.0
SS,R,Anthony Volpe,Frankie Montas,R,7,NYY,NYM,away,3.99,NYY,683011.0,-770.0,171.0,85.7,0,2025-07-05,1,,-599.0,0.0
C,L,Austin Wells,Frankie Montas,R,8,NYY,NYM,away,5.03,NYY,669224.0,-590.0,141.0,81.8,0,2025-07-05,1,,-449.0,0.0
2B,R,DJ LeMahieu,Frankie Montas,R,9,NYY,NYM,away,3.6,NYY,518934.0,-862.0,-38.0,90.0,0,2025-07-05,0,,-900.0,0.0
SS,S,Francisco Lindor,Carlos Rodon,L,1,NYY,NYM,home,5.71,NYM,596019.0,-506.0,156.0,77.8,0,2025-07-05,0,,-350.0,0.0
DH,R,Starling Marte,Carlos Rodon,L,2,NYY,NYM,home,4.79,NYM,516782.0,-625.0,-27.0,86.7,0,2025-07-05,0,,-652.0,0.0
RF,L,Juan Soto,Carlos Rodon,L,3,NYY,NYM,home,6.62,NYM,665742.0,-424.0,24.0,80.0,0,2025-07-05,0,,-400.0,0.0
1B,R,Pete Alonso,Carlos Rodon,L,4,NYY,NYM,home,6.95,NYM,624413.0,-400.0,100.0,75.0,0,2025-07-05,1,,-300.0,0.0
LF,L,Brandon Nimmo,Carlos Rodon,L,5,NYY,NYM,home,4.74,NYM,607043.0,-630.0,131.0,83.3,0,2025-07-05,1,,-499.0,0.0
3B,R,Mark Vientos,Carlos Rodon,L,6,NYY,NYM,home,5.68,NYM,668901.0,-510.0,61.0,81.8,0,2025-07-05,0,,-449.0,0.0
CF,R,Tyrone Taylor,Carlos Rodon,L,8,NYY,NYM,home,4.41,NYM,621438.0,-687.0,-13.0,87.5,0,2025-07-05,0,,-700.0,0.0
RF,L,Sal Frelick,Cal Quantrill,R,1,MIL,MIA,away,4.28,MIL,686217.0,-713.0,-113.0,89.2,0,2025-07-05,0,,-826.0,0.0
CF,R,Jackson Chourio,Cal Quantrill,R,2,MIL,MIA,away,5.01,MIL,694192.0,-594.0,194.0,80.0,0,2025-07-05,0,,-400.0,0.0
DH,L,Christian Yelich,Cal Quantrill,R,3,MIL,MIA,away,6.42,MIL,592885.0,-441.0,-58.0,83.3,0,2025-07-05,0,,-499.0,0.0
2B,L,Brice Turang,Cal Quantrill,R,5,MIL,MIA,away,4.91,MIL,668930.0,-609.0,-291.0,90.0,0,2025-07-05,0,,-900.0,0.0
1B,R,Rhys Hoskins,Cal Quantrill,R,6,MIL,MIA,away,5.07,MIL,656555.0,-585.0,244.0,77.3,0,2025-07-05,0,,-341.0,0.0
LF,S,Isaac Collins,Cal Quantrill,R,7,MIL,MIA,away,3.36,MIL,686555.0,-931.0,130.0,88.9,0,2025-07-05,0,,-801.0,0.0
3B,R,Caleb Durbin,Cal Quantrill,R,8,MIL,MIA,away,3.17,MIL,702332.0,-999.0,347.0,86.7,0,2025-07-05,0,,-652.0,0.0
SS,R,Joey Ortiz,Cal Quantrill,R,9,MIL,MIA,away,3.14,MIL,687401.0,-1011.0,210.0,88.9,0,2025-07-05,0,,-801.0,0.0
2B,S,Xavier Edwards,Chad Patrick,R,1,MIL,MIA,home,2.75,MIA,669364.0,-1166.0,-33.0,92.3,0,2025-07-05,0,,-1199.0,0.0
RF,L,Jesus Sanchez,Chad Patrick,R,2,MIL,MIA,home,6.18,MIA,660821.0,-462.0,36.0,81.0,0,2025-07-05,0,,-426.0,0.0
SS,R,Otto Lopez,Chad Patrick,R,3,MIL,MIA,home,3.85,MIA,672640.0,-801.0,54.0,88.2,0,2025-07-05,0,,-747.0,0.0
C,R,Agustin Ramirez,Chad Patrick,R,4,MIL,MIA,home,1.04,MIA,682663.0,-3233.0,2734.0,83.3,0,2025-07-05,0,,-499.0,0.0
LF,L,Kyle Stowers,Chad Patrick,R,5,MIL,MIA,home,5.09,MIA,669065.0,-580.0,131.0,81.8,0,2025-07-05,1,,-449.0,0.0
1B,R,Eric Wagaman,Chad Patrick,R,6,MIL,MIA,home,3.08,MIA,676572.0,-1024.0,172.0,89.5,1,2025-07-05,0,,-852.0,1.17
DH,L,Liam Hicks,Chad Patrick,R,7,MIL,MIA,home,0.89,MIA,689414.0,-3746.0,2999.0,88.2,1,2025-07-05,0,,-747.0,1.34
3B,R,Connor Norby,Chad Patrick,R,8,MIL,MIA,home,3.32,MIA,681393.0,-942.0,195.0,88.2,0,2025-07-05,0,,-747.0,0.0
CF,R,Dane Myers,Chad Patrick,R,9,MIL,MIA,home,3.71,MIA,667472.0,-835.0,88.0,88.2,0,2025-07-05,0,,-747.0,0.0
2B,R,Jonathan India,Ryne Nelson,R,1,KC,ARI,away,3.91,KC,663697.0,-785.0,85.0,87.5,0,2025-07-05,0,,-700.0,0.0
3B,R,Maikel Garcia,Ryne Nelson,R,3,KC,ARI,away,3.36,KC,672580.0,-931.0,-22.0,90.5,0,2025-07-05,0,,-953.0,0.0
1B,L,Vinnie Pasquantino,Ryne Nelson,R,4,KC,ARI,away,4.49,KC,686469.0,-675.0,249.0,81.0,0,2025-07-05,0,,-426.0,0.0
C,R,Salvador Perez,Ryne Nelson,R,5,KC,ARI,away,4.72,KC,521692.0,-635.0,186.0,81.8,0,2025-07-05,0,,-449.0,0.0
DH,L,Jac Caglianone,Ryne Nelson,R,6,KC,ARI,away,4.32,KC,695506.0,-706.0,-41.0,88.2,0,2025-07-05,0,,-747.0,0.0
LF,R,Nick Loftin,Ryne Nelson,R,7,KC,ARI,away,3.49,KC,679845.0,-890.0,-10.0,90.0,0,2025-07-05,0,,-900.0,0.0
CF,L,Kyle Isbel,Ryne Nelson,R,9,KC,ARI,away,2.98,KC,664728.0,-1063.0,-42.0,91.7,0,2025-07-05,0,,-1105.0,0.0
SS,S,Geraldo Perdomo,Michael Wacha,R,1,KC,ARI,home,3.32,ARI,672695.0,-942.0,242.0,87.5,0,2025-07-05,0,,-700.0,0.0
DH,L,Pavin Smith,Michael Wacha,R,3,KC,ARI,home,6.35,ARI,656976.0,-446.0,-29.0,82.6,0,2025-07-05,0,,-475.0,0.0
1B,L,Josh Naylor,Michael Wacha,R,4,KC,ARI,home,4.88,ARI,647304.0,-609.0,60.0,84.6,0,2025-07-05,0,,-549.0,0.0
3B,R,Eugenio Suarez,Michael Wacha,R,5,KC,ARI,home,5.13,ARI,553993.0,-576.0,256.0,76.2,0,2025-07-05,0,,-320.0,0.0
LF,R,Lourdes Gurriel Jr.,Michael Wacha,R,6,KC,ARI,home,3.28,ARI,666971.0,-953.0,301.0,86.7,0,2025-07-05,0,,-652.0,0.0
CF,L,Alek Thomas,Michael Wacha,R,8,KC,ARI,home,4.95,ARI,677950.0,-599.0,-148.0,88.2,0,2025-07-05,0,,-747.0,0.0
2B,R,Gleyber Torres,Logan Allen,L,1,DET,CLE,away,5.51,DET,650402.0,-529.0,139.0,79.6,0,2025-07-05,0,,-390.0,0.0
DH,R,Jahmai Jones,Logan Allen,L,2,DET,CLE,away,6.87,DET,663330.0,-405.0,-94.0,83.3,0,2025-07-05,0,,-499.0,0.0
1B,R,Spencer Torkelson,Logan Allen,L,4,DET,CLE,away,5.72,DET,679529.0,-506.0,196.0,75.6,0,2025-07-05,1,,-310.0,0.0
CF,R,Matt Vierling,Logan Allen,L,5,DET,CLE,away,5.89,DET,663837.0,-488.0,-164.0,86.7,0,2025-07-05,0,,-652.0,0.0
RF,S,Wenceel Perez,Logan Allen,L,6,DET,CLE,away,5.11,DET,672761.0,-580.0,81.0,83.3,0,2025-07-05,0,,-499.0,0.0
SS,R,Javier Baez,Logan Allen,L,8,DET,CLE,away,4.32,DET,595879.0,-706.0,231.0,82.6,0,2025-07-05,0,,-475.0,0.0
3B,L,Zach McKinstry,Logan Allen,L,9,DET,CLE,away,3.26,DET,656716.0,-964.0,138.0,89.2,0,2025-07-05,0,,-826.0,0.0
LF,L,Steven Kwan,Casey Mize,R,1,DET,CLE,home,4.33,CLE,680757.0,-700.0,-101.0,88.9,0,2025-07-05,0,,-801.0,0.0
DH,L,Kyle Manzardo,Casey Mize,R,2,DET,CLE,home,6.15,CLE,700932.0,-465.0,124.0,77.3,0,2025-07-05,0,,-341.0,0.0
3B,S,Jose Ramirez,Casey Mize,R,3,DET,CLE,home,5.51,CLE,608070.0,-529.0,148.0,79.2,0,2025-07-05,0,,-381.0,0.0
1B,S,Carlos Santana,Casey Mize,R,4,DET,CLE,home,5.29,CLE,467793.0,-558.0,158.0,80.0,0,2025-07-05,0,,-400.0,0.0
SS,L,Daniel Schneemann,Casey Mize,R,6,DET,CLE,home,6.07,CLE,682177.0,-471.0,-159.0,86.3,0,2025-07-05,0,,-630.0,0.0
RF,L,Nolan Jones,Casey Mize,R,7,DET,CLE,home,5.77,CLE,666134.0,-502.0,-47.0,84.6,0,2025-07-05,0,,-549.0,0.0
3B,R,Isaac Paredes,Justin Wrobleski,L,1,HOU,LAD,away,4.86,HOU,670623.0,-614.0,193.0,80.8,0,2025-07-05,0,,-421.0,0.0
CF,R,Jake Meyers,Justin Wrobleski,L,2,HOU,LAD,away,5.56,HOU,676694.0,-525.0,-74.0,85.7,0,2025-07-05,0,,-599.0,0.0
2B,R,Jose Altuve,Justin Wrobleski,L,3,HOU,LAD,away,5.57,HOU,514888.0,-521.0,72.0,81.8,0,2025-07-05,0,,-449.0,0.0
RF,R,Cam Smith,Justin Wrobleski,L,4,HOU,LAD,away,7.09,HOU,701358.0,-390.0,-109.0,83.3,0,2025-07-05,0,,-499.0,0.0
DH,S,Victor Caratini,Justin Wrobleski,L,5,HOU,LAD,away,5.41,HOU,605170.0,-541.0,66.0,82.6,0,2025-07-05,0,,-475.0,0.0
C,R,Yainer Diaz,Justin Wrobleski,L,6,HOU,LAD,away,5.62,HOU,673237.0,-517.0,42.0,82.6,0,2025-07-05,1,,-475.0,0.0
1B,R,Christian Walker,Justin Wrobleski,L,7,HOU,LAD,away,6.02,HOU,572233.0,-478.0,78.0,80.0,0,2025-07-05,0,,-400.0,0.0
SS,R,Mauricio Dubon,Justin Wrobleski,L,9,HOU,LAD,away,3.39,HOU,643289.0,-920.0,20.0,90.0,0,2025-07-05,0,,-900.0,0.0
DH,L,Shohei Ohtani,Framber Valdez,L,1,HOU,LAD,home,7.68,LAD,660271.0,-352.0,112.0,70.6,0,2025-07-05,0,,-240.0,0.0
SS,R,Mookie Betts,Framber Valdez,L,2,HOU,LAD,home,5.23,LAD,605141.0,-562.0,63.0,83.3,0,2025-07-05,1,,-499.0,0.0
C,R,Will Smith,Framber Valdez,L,3,HOU,LAD,home,6.15,LAD,669257.0,-465.0,44.0,80.8,0,2025-07-05,0,,-421.0,0.0
1B,L,Freddie Freeman,Framber Valdez,L,4,HOU,LAD,home,4.35,LAD,518692.0,-700.0,219.0,82.8,0,2025-07-05,0,,-481.0,0.0
RF,R,Teoscar Hernandez,Framber Valdez,L,5,HOU,LAD,home,6.97,LAD,606192.0,-398.0,-83.0,82.8,0,2025-07-05,0,,-481.0,0.0
CF,R,Andy Pages,Framber Valdez,L,6,HOU,LAD,home,5.01,LAD,681624.0,-594.0,165.0,81.1,0,2025-07-05,0,,-429.0,0.0
2B,S,Tommy Edman,Framber Valdez,L,7,HOU,LAD,home,4.25,LAD,669242.0,-720.0,121.0,85.7,0,2025-07-05,0,,-599.0,0.0
LF,R,Enrique Hernandez,Framber Valdez,L,8,HOU,LAD,home,4.71,LAD,571771.0,-635.0,77.0,84.8,0,2025-07-05,0,,-558.0,0.0
RF,L,Mike Tauchman,German Marquez,R,1,CWS,COL,away,5.69,CWS,643565.0,-510.0,120.0,79.6,0,2025-07-05,0,,-390.0,0.0
C,L,Kyle Teel,German Marquez,R,5,CWS,COL,away,5.98,CWS,691019.0,-481.0,-118.0,85.7,0,2025-07-05,0,,-599.0,0.0
CF,R,Michael A. Taylor,German Marquez,R,8,CWS,COL,away,6.16,CWS,572191.0,-462.0,-285.0,88.2,0,2025-07-05,1,,-747.0,0.0
3B,L,Josh Rojas,German Marquez,R,9,CWS,COL,away,4.98,CWS,668942.0,-594.0,-469.0,91.4,0,2025-07-05,0,,-1063.0,0.0
DH,R,Tyler Freeman,Jonathan Cannon,R,1,CWS,COL,home,3.91,COL,671289.0,-785.0,236.0,84.6,0,2025-07-05,0,,-549.0,0.0
C,R,Hunter Goodman,Jonathan Cannon,R,2,CWS,COL,home,6.92,COL,696100.0,-403.0,203.0,66.69999999999999,0,2025-07-05,0,,-200.0,0.0
LF,R,Jordan Beck,Jonathan Cannon,R,3,CWS,COL,home,5.75,COL,687597.0,-502.0,192.0,75.6,0,2025-07-05,0,,-310.0,0.0
3B,L,Ryan McMahon,Jonathan Cannon,R,4,CWS,COL,home,7.45,COL,641857.0,-365.0,36.0,76.7,0,2025-07-05,0,,-329.0,0.0
2B,R,Thairo Estrada,Jonathan Cannon,R,5,CWS,COL,home,3.46,COL,642731.0,-900.0,301.0,85.7,0,2025-07-05,0,,-599.0,0.0
1B,S,Michael Toglia,Jonathan Cannon,R,7,CWS,COL,home,6.15,COL,669911.0,-465.0,115.0,77.8,0,2025-07-05,0,,-350.0,0.0
RF,L,Mickey Moniak,Jonathan Cannon,R,8,CWS,COL,home,5.65,COL,666160.0,-513.0,92.0,80.8,0,2025-07-05,0,,-421.0,0.0
1B,L,Josh Smith,Stephen Kolek,R,1,TEX,SD,away,3.6,TEX,669701.0,-862.0,61.0,88.9,0,2025-07-05,1,,-801.0,0.0
SS,L,Corey Seager,Stephen Kolek,R,2,TEX,SD,away,5.67,TEX,608369.0,-513.0,152.0,78.3,0,2025-07-05,0,,-361.0,0.0
2B,R,Marcus Semien,Stephen Kolek,R,3,TEX,SD,away,3.3,TEX,543760.0,-953.0,482.0,82.5,0,2025-07-05,0,,-471.0,0.0
RF,R,Adolis Garcia,Stephen Kolek,R,4,TEX,SD,away,4.49,TEX,666969.0,-675.0,176.0,83.3,0,2025-07-05,0,,-499.0,0.0
C,S,Jonah Heim,Stephen Kolek,R,6,TEX,SD,away,3.41,TEX,641680.0,-920.0,220.0,87.5,0,2025-07-05,0,,-700.0,0.0
DH,R,Jake Burger,Stephen Kolek,R,7,TEX,SD,away,4.58,TEX,669394.0,-658.0,209.0,81.8,0,2025-07-05,0,,-449.0,0.0
RF,R,Fernando Tatis Jr.,Patrick Corbin,L,1,TEX,SD,home,7.63,SD,665487.0,-355.0,14.0,77.3,0,2025-07-05,0,,-341.0,0.0
CF,L,Jackson Merrill,Patrick Corbin,L,2,TEX,SD,home,5.76,SD,701538.0,-502.0,53.0,81.8,0,2025-07-05,0,,-449.0,0.0
3B,R,Manny Machado,Patrick Corbin,L,3,TEX,SD,home,7.2,SD,592518.0,-383.0,83.0,75.0,0,2025-07-05,0,,-300.0,0.0
1B,L,Luis Arraez,Patrick Corbin,L,4,TEX,SD,home,2.87,SD,650333.0,-1105.0,-94.0,92.3,0,2025-07-05,0,,-1199.0,0.0
LF,L,Gavin Sheets,Patrick Corbin,L,5,TEX,SD,home,4.75,SD,657757.0,-630.0,31.0,85.7,0,2025-07-05,0,,-599.0,0.0
2B,L,Jake Cronenworth,Patrick Corbin,L,7,TEX,SD,home,4.33,SD,630105.0,-700.0,101.0,85.7,0,2025-07-05,1,,-599.0,0.0
RF,L,Mike Yastrzemski,Luis Severino,R,1,SF,ATH,away,5.46,SF,573262.0,-537.0,196.0,77.3,0,2025-07-05,0,,-341.0,0.0
DH,L,Rafael Devers,Luis Severino,R,2,SF,ATH,away,6.33,SF,646240.0,-449.0,228.0,68.8,0,2025-07-05,0,,-221.0,0.0
LF,R,Heliot Ramos,Luis Severino,R,3,SF,ATH,away,4.46,SF,671218.0,-675.0,384.0,74.4,0,2025-07-05,1,,-291.0,0.0
CF,L,Jung Hoo Lee,Luis Severino,R,5,SF,ATH,away,3.96,SF,808982.0,-777.0,228.0,84.6,0,2025-07-05,0,,-549.0,0.0
SS,R,Willy Adames,Luis Severino,R,6,SF,ATH,away,5.08,SF,642715.0,-585.0,185.0,80.0,0,2025-07-05,0,,-400.0,0.0
1B,L,Dominic Smith,Luis Severino,R,7,SF,ATH,away,4.92,SF,642086.0,-604.0,129.0,82.6,0,2025-07-05,0,,-475.0,0.0
C,S,Patrick Bailey,Luis Severino,R,8,SF,ATH,away,3.58,SF,672275.0,-871.0,171.0,87.5,0,2025-07-05,0,,-700.0,0.0
RF,L,Lawrence Butler,Logan Webb,R,1,SF,ATH,home,4.84,ATH,671732.0,-619.0,170.0,81.8,0,2025-07-05,0,,-449.0,0.0
SS,R,Jacob Wilson,Logan Webb,R,2,SF,ATH,home,0.89,ATH,805779.0,-3746.0,2945.0,88.9,1,2025-07-05,0,,-801.0,1.25
DH,R,Brent Rooker,Logan Webb,R,3,SF,ATH,home,5.38,ATH,667670.0,-545.0,145.0,80.0,0,2025-07-05,0,,-400.0,0.0
1B,L,Nick Kurtz,Logan Webb,R,4,SF,ATH,home,8.15,ATH,701762.0,-326.0,-123.0,81.8,0,2025-07-05,0,,-449.0,0.0
C,R,Shea Langeliers,Logan Webb,R,5,SF,ATH,home,4.86,ATH,669127.0,-614.0,188.0,81.0,0,2025-07-05,0,,-426.0,0.0
LF,L,Tyler Soderstrom,Logan Webb,R,6,SF,ATH,home,5.78,ATH,691016.0,-499.0,0.0,83.3,0,2025-07-05,0,,-499.0,0.0
3B,R,Max Muncy,Logan Webb,R,8,SF,ATH,home,5.31,ATH,691777.0,-554.0,-193.0,88.2,0,2025-07-05,0,,-747.0,0.0
CF,R,Denzel Clarke,Logan Webb,R,9,SF,ATH,home,3.46,ATH,672016.0,-900.0,48.0,89.5,0,2025-07-05,0,,-852.0,0.0
1B,L,Spencer Horwitz,Luis Castillo,R,1,PIT,SEA,away,5.31,PIT,687462.0,-554.0,-98.0,86.7,0,2025-07-05,0,,-652.0,0.0
DH,R,Andrew McCutchen,Luis Castillo,R,2,PIT,SEA,away,4.66,PIT,457705.0,-646.0,47.0,85.7,0,2025-07-05,0,,-599.0,0.0
RF,S,Bryan Reynolds,Luis Castillo,R,3,PIT,SEA,away,5.53,PIT,668804.0,-529.0,-70.0,85.7,0,2025-07-05,0,,-599.0,0.0
2B,R,Nick Gonzales,Luis Castillo,R,4,PIT,SEA,away,3.59,PIT,693304.0,-871.0,19.0,89.5,0,2025-07-05,0,,-852.0,0.0
CF,L,Oneil Cruz,Luis Castillo,R,5,PIT,SEA,away,7.77,PIT,665833.0,-346.0,-80.0,81.0,0,2025-07-05,0,,-426.0,0.0
3B,R,Ke'Bryan Hayes,Luis Castillo,R,6,PIT,SEA,away,3.29,PIT,663647.0,-953.0,-46.0,90.9,0,2025-07-05,0,,-999.0,0.0
LF,R,Tommy Pham,Luis Castillo,R,7,PIT,SEA,away,3.33,PIT,502054.0,-942.0,42.0,90.0,0,2025-07-05,0,,-900.0,0.0
SS,R,Isiah Kiner-Falefa,Luis Castillo,R,9,PIT,SEA,away,2.64,PIT,643396.0,-1216.0,17.0,92.3,0,2025-07-05,0,,-1199.0,0.0
SS,L,J.P. Crawford,Mike Burrows,R,1,PIT,SEA,home,4.42,SEA,641487.0,-687.0,-13.0,87.5,0,2025-07-05,0,,-700.0,0.0
C,S,Cal Raleigh,Mike Burrows,R,3,PIT,SEA,home,6.39,SEA,663728.0,-443.0,238.0,67.19999999999999,0,2025-07-05,0,,-205.0,0.0
DH,S,Jorge Polanco,Mike Burrows,R,4,PIT,SEA,home,4.69,SEA,593871.0,-641.0,215.0,81.0,0,2025-07-05,0,,-426.0,0.0
LF,R,Randy Arozarena,Mike Burrows,R,5,PIT,SEA,home,4.9,SEA,668227.0,-609.0,219.0,79.6,0,2025-07-05,0,,-390.0,0.0
1B,L,Luke Raley,Mike Burrows,R,6,PIT,SEA,home,5.92,SEA,670042.0,-485.0,85.0,80.0,0,2025-07-05,0,,-400.0,0.0
RF,L,Dominic Canzone,Mike Burrows,R,7,PIT,SEA,home,5.55,SEA,686527.0,-525.0,99.0,81.0,0,2025-07-05,0,,-426.0,0.0
3B,R,Ben Williamson,Mike Burrows,R,8,PIT,SEA,home,2.56,SEA,810938.0,-1251.0,252.0,90.9,0,2025-07-05,0,,-999.0,0.0
2B,L,Cole Young,Mike Burrows,R,9,PIT,SEA,home,3.4,SEA,702284.0,-920.0,20.0,90.0,0,2025-07-05,0,,-900.0,0.0
2B,L,Jackson Holliday,Grant Holmes,R,1,BAL,ATL,away,6.34,BAL,702616.0,-446.0,-53.0,83.3,0,2025-07-06,1,,-499.0,0.0
RF,R,Ramon Laureano,Grant Holmes,R,2,BAL,ATL,away,5.4,BAL,657656.0,-541.0,66.0,82.6,0,2025-07-06,0,,-475.0,0.0
SS,L,Gunnar Henderson,Grant Holmes,R,3,BAL,ATL,away,5.95,BAL,683002.0,-485.0,144.0,77.3,0,2025-07-06,0,,-341.0,0.0
DH,L,Ryan O'Hearn,Grant Holmes,R,4,BAL,ATL,away,5.13,BAL,656811.0,-576.0,127.0,81.8,0,2025-07-06,0,,-449.0,0.0
LF,L,Colton Cowser,Grant Holmes,R,6,BAL,ATL,away,6.06,BAL,681297.0,-471.0,45.0,81.0,0,2025-07-06,0,,-426.0,0.0
CF,L,Cedric Mullins,Grant Holmes,R,7,BAL,ATL,away,3.62,BAL,656775.0,-862.0,387.0,82.6,0,2025-07-06,0,,-475.0,0.0
LF,S,Jurickson Profar,Trevor Rogers,L,1,BAL,ATL,home,3.91,ATL,595777.0,-785.0,236.0,84.6,0,2025-07-06,0,,-549.0,0.0
1B,L,Matt Olson,Trevor Rogers,L,2,BAL,ATL,home,5.93,ATL,621566.0,-485.0,156.0,76.7,0,2025-07-06,0,,-329.0,0.0
3B,R,Austin Riley,Trevor Rogers,L,3,BAL,ATL,home,6.68,ATL,663586.0,-421.0,111.0,75.6,0,2025-07-06,0,,-310.0,0.0
C,R,Sean Murphy,Trevor Rogers,L,4,BAL,ATL,home,6.69,ATL,669221.0,-418.0,18.0,80.0,0,2025-07-06,1,,-400.0,0.0
2B,S,Ozzie Albies,Trevor Rogers,L,5,BAL,ATL,home,3.7,ATL,645277.0,-835.0,286.0,84.6,0,2025-07-06,0,,-549.0,0.0
SS,R,Nick Allen,Trevor Rogers,L,9,BAL,ATL,home,2.85,ATL,669397.0,-1120.0,220.0,90.0,0,2025-07-06,0,,-900.0,0.0
RF,R,Alex Call,Garrett Crochet,L,1,BOS,WSH,home,4.69,WSH,669743.0,-641.0,-59.0,87.5,0,2025-07-06,0,,-700.0,0.0
LF,L,James Wood,Garrett Crochet,L,2,BOS,WSH,home,6.32,WSH,695578.0,-449.0,-72.0,83.9,0,2025-07-06,0,,-521.0,0.0
2B,R,Amed Rosario,Garrett Crochet,L,3,BOS,WSH,home,4.7,WSH,642708.0,-641.0,-160.0,88.9,0,2025-07-06,0,,-801.0,0.0
1B,L,Nathaniel Lowe,Garrett Crochet,L,4,BOS,WSH,home,3.78,WSH,663993.0,-817.0,70.0,88.2,0,2025-07-06,0,,-747.0,0.0
SS,R,Paul DeJong,Garrett Crochet,L,5,BOS,WSH,home,3.84,WSH,657557.0,-801.0,149.0,86.7,0,2025-07-06,0,,-652.0,0.0
CF,R,Jacob Young,Garrett Crochet,L,9,BOS,WSH,home,2.53,WSH,696285.0,-1270.0,165.0,91.7,0,2025-07-06,0,,-1105.0,0.0
CF,L,TJ Friedl,Zack Wheeler,R,1,CIN,PHI,away,4.11,CIN,670770.0,-747.0,95.0,86.7,0,2025-07-06,0,,-652.0,0.0
2B,R,Matt McLain,Zack Wheeler,R,2,CIN,PHI,away,4.84,CIN,680574.0,-619.0,120.0,83.3,0,2025-07-06,0,,-499.0,0.0
SS,S,Elly De La Cruz,Zack Wheeler,R,3,CIN,PHI,away,7.18,CIN,682829.0,-383.0,-7.0,79.6,0,2025-07-06,0,,-390.0,0.0
DH,R,Austin Hays,Zack Wheeler,R,4,CIN,PHI,away,4.84,CIN,669720.0,-619.0,120.0,83.3,0,2025-07-06,1,,-499.0,0.0
LF,L,Gavin Lux,Zack Wheeler,R,5,CIN,PHI,away,4.89,CIN,666158.0,-609.0,-192.0,88.9,0,2025-07-06,0,,-801.0,0.0
1B,R,Spencer Steer,Zack Wheeler,R,6,CIN,PHI,away,3.75,CIN,668715.0,-826.0,174.0,86.7,0,2025-07-06,0,,-652.0,0.0
C,R,Tyler Stephenson,Zack Wheeler,R,7,CIN,PHI,away,4.72,CIN,663886.0,-635.0,36.0,85.7,0,2025-07-06,0,,-599.0,0.0
RF,L,Will Benson,Zack Wheeler,R,8,CIN,PHI,away,9.32,CIN,666181.0,-272.0,-277.0,84.6,0,2025-07-06,0,,-549.0,0.0
SS,R,Trea Turner,Chase Burns,R,1,CIN,PHI,home,4.83,PHI,607208.0,-619.0,219.0,80.0,0,2025-07-06,0,,-400.0,0.0
DH,L,Kyle Schwarber,Chase Burns,R,2,CIN,PHI,home,7.99,PHI,656941.0,-335.0,135.0,66.69999999999999,0,2025-07-06,0,,-200.0,0.0
1B,L,Bryce Harper,Chase Burns,R,3,CIN,PHI,home,5.95,PHI,547180.0,-485.0,225.0,72.19999999999999,0,2025-07-06,0,,-260.0,0.0
3B,R,Alec Bohm,Chase Burns,R,4,CIN,PHI,home,4.4,PHI,664761.0,-687.0,188.0,83.3,0,2025-07-06,0,,-499.0,0.0
RF,R,Nick Castellanos,Chase Burns,R,5,CIN,PHI,home,4.49,PHI,592206.0,-675.0,275.0,80.0,0,2025-07-06,0,,-400.0,0.0
LF,L,Max Kepler,Chase Burns,R,6,CIN,PHI,home,5.01,PHI,596146.0,-594.0,244.0,77.8,0,2025-07-06,0,,-350.0,0.0
C,R,J.T. Realmuto,Chase Burns,R,7,CIN,PHI,home,4.31,PHI,592663.0,-706.0,280.0,81.0,0,2025-07-06,0,,-426.0,0.0
2B,L,Bryson Stott,Chase Burns,R,8,CIN,PHI,home,3.79,PHI,681082.0,-817.0,117.0,87.5,0,2025-07-06,1,,-700.0,0.0
CF,L,Brandon Marsh,Chase Burns,R,9,CIN,PHI,home,4.26,PHI,669016.0,-713.0,114.0,85.7,0,2025-07-06,0,,-599.0,0.0
SS,R,Zach Neto,Kevin Gausman,R,1,LAA,TOR,away,5.58,LAA,687263.0,-521.0,131.0,79.6,0,2025-07-06,0,,-390.0,0.0
1B,L,Nolan Schanuel,Kevin Gausman,R,2,LAA,TOR,away,4.27,LAA,694384.0,-713.0,-34.0,88.2,0,2025-07-06,0,,-747.0,0.0
DH,R,Mike Trout,Kevin Gausman,R,3,LAA,TOR,away,7.05,LAA,545361.0,-393.0,118.0,73.3,0,2025-07-06,1,,-275.0,0.0
LF,R,Taylor Ward,Kevin Gausman,R,4,LAA,TOR,away,5.9,LAA,621493.0,-488.0,127.0,78.3,0,2025-07-06,0,,-361.0,0.0
CF,R,Jo Adell,Kevin Gausman,R,5,LAA,TOR,away,5.4,LAA,666176.0,-541.0,180.0,78.3,0,2025-07-06,0,,-361.0,0.0
C,R,Logan O'Hoppe,Kevin Gausman,R,6,LAA,TOR,away,5.79,LAA,681351.0,-499.0,138.0,78.3,0,2025-07-06,0,,-361.0,0.0
2B,S,Luis Rengifo,Kevin Gausman,R,7,LAA,TOR,away,3.57,LAA,650859.0,-871.0,45.0,89.2,0,2025-07-06,0,,-826.0,0.0
3B,R,Ernie Clement,Tyler Anderson,L,1,LAA,TOR,home,5.26,TOR,676391.0,-558.0,-41.0,85.7,0,2025-07-06,0,,-599.0,0.0
DH,R,George Springer,Tyler Anderson,L,2,LAA,TOR,home,7.65,TOR,543807.0,-355.0,14.0,77.3,0,2025-07-06,0,,-341.0,0.0
1B,R,Vladimir Guerrero Jr.,Tyler Anderson,L,3,LAA,TOR,home,7.61,TOR,665489.0,-357.0,47.0,75.6,0,2025-07-06,0,,-310.0,0.0
SS,R,Bo Bichette,Tyler Anderson,L,4,LAA,TOR,home,5.92,TOR,666182.0,-485.0,36.0,81.8,0,2025-07-06,1,,-449.0,0.0
C,R,Alejandro Kirk,Tyler Anderson,L,5,LAA,TOR,home,5.96,TOR,672386.0,-481.0,10.0,82.5,0,2025-07-06,0,,-471.0,0.0
LF,R,Davis Schneider,Tyler Anderson,L,6,LAA,TOR,home,5.6,TOR,676914.0,-521.0,40.0,82.8,0,2025-07-06,0,,-481.0,0.0
CF,R,Myles Straw,Tyler Anderson,L,7,LAA,TOR,home,5.35,TOR,664702.0,-549.0,-514.0,91.4,0,2025-07-06,0,,-1063.0,0.0
2B,R,Leo Jimenez,Tyler Anderson,L,9,LAA,TOR,home,2.82,TOR,677870.0,-1135.0,264.0,89.7,1,2025-07-06,0,,-871.0,1.15
2B,L,Colt Keith,Gavin Williams,R,1,DET,CLE,away,6.93,DET,690993.0,-400.0,0.0,80.0,0,2025-07-06,0,,-400.0,0.0
LF,L,Riley Greene,Gavin Williams,R,3,DET,CLE,away,8.18,DET,682985.0,-324.0,-26.0,77.8,0,2025-07-06,1,,-350.0,0.0
1B,R,Spencer Torkelson,Gavin Williams,R,4,DET,CLE,away,4.61,DET,679529.0,-652.0,283.0,78.7,0,2025-07-06,0,,-369.0,0.0
RF,S,Wenceel Perez,Gavin Williams,R,5,DET,CLE,away,5.29,DET,672761.0,-558.0,132.0,81.0,0,2025-07-06,0,,-426.0,0.0
C,R,Dillon Dingler,Gavin Williams,R,6,DET,CLE,away,3.96,DET,693307.0,-777.0,178.0,85.7,0,2025-07-06,0,,-599.0,0.0
CF,L,Parker Meadows,Gavin Williams,R,7,DET,CLE,away,5.44,DET,678009.0,-537.0,-62.0,85.7,0,2025-07-06,0,,-599.0,0.0
3B,R,Javier Baez,Gavin Williams,R,8,DET,CLE,away,3.53,DET,595879.0,-880.0,281.0,85.7,0,2025-07-06,0,,-599.0,0.0
LF,L,Steven Kwan,Tarik Skubal,L,1,DET,CLE,home,3.19,CLE,680757.0,-987.0,-212.0,92.3,0,2025-07-06,0,,-1199.0,0.0
DH,R,David Fry,Tarik Skubal,L,2,DET,CLE,home,4.42,CLE,681807.0,-687.0,57.0,86.3,0,2025-07-06,0,,-630.0,0.0
3B,S,Jose Ramirez,Tarik Skubal,L,3,DET,CLE,home,4.72,CLE,608070.0,-635.0,209.0,81.0,0,2025-07-06,0,,-426.0,0.0
1B,S,Carlos Santana,Tarik Skubal,L,4,DET,CLE,home,4.38,CLE,467793.0,-694.0,42.0,86.7,0,2025-07-06,0,,-652.0,0.0
CF,S,Angel Martinez,Tarik Skubal,L,5,DET,CLE,home,3.05,CLE,682657.0,-1036.0,83.0,90.5,0,2025-07-06,0,,-953.0,0.0
C,R,Austin Hedges,Tarik Skubal,L,8,DET,CLE,home,3.0,CLE,595978.0,-1063.0,-42.0,91.7,0,2025-07-06,0,,-1105.0,0.0
SS,S,Brayan Rocchio,Tarik Skubal,L,9,DET,CLE,home,3.14,CLE,677587.0,-1011.0,-188.0,92.3,0,2025-07-06,0,,-1199.0,0.0
RF,R,Aaron Judge,Brandon Waddell,L,3,NYY,NYM,away,8.8,NYY,592450.0,-294.0,140.0,60.6,0,2025-07-06,1,,-154.0,0.0
DH,R,Giancarlo Stanton,Brandon Waddell,L,4,NYY,NYM,away,5.09,NYY,519317.0,-580.0,295.0,74.0,0,2025-07-06,0,,-285.0,0.0
LF,L,Cody Bellinger,Brandon Waddell,L,5,NYY,NYM,away,3.38,NYY,641355.0,-931.0,581.0,77.8,0,2025-07-06,0,,-350.0,0.0
SS,R,Anthony Volpe,Brandon Waddell,L,6,NYY,NYM,away,3.45,NYY,683011.0,-910.0,361.0,84.6,0,2025-07-06,0,,-549.0,0.0
2B,R,DJ LeMahieu,Brandon Waddell,L,7,NYY,NYM,away,3.28,NYY,518934.0,-953.0,253.0,87.5,0,2025-07-06,0,,-700.0,0.0
C,L,Austin Wells,Brandon Waddell,L,8,NYY,NYM,away,3.67,NYY,669224.0,-843.0,394.0,81.8,0,2025-07-06,1,,-449.0,0.0
LF,R,Starling Marte,Max Fried,L,1,NYY,NYM,home,4.92,NYM,516782.0,-604.0,-296.0,90.0,0,2025-07-06,0,,-900.0,0.0
SS,S,Francisco Lindor,Max Fried,L,2,NYY,NYM,home,5.61,NYM,596019.0,-517.0,91.0,81.0,0,2025-07-06,0,,-426.0,0.0
RF,L,Juan Soto,Max Fried,L,3,NYY,NYM,home,7.24,NYM,665742.0,-378.0,-43.0,80.8,0,2025-07-06,0,,-421.0,0.0
1B,R,Pete Alonso,Max Fried,L,4,NYY,NYM,home,7.02,NYM,624413.0,-395.0,-31.0,81.0,0,2025-07-06,0,,-426.0,0.0
DH,L,Brandon Nimmo,Max Fried,L,5,NYY,NYM,home,4.8,NYM,607043.0,-625.0,67.0,84.8,0,2025-07-06,0,,-558.0,0.0
3B,R,Mark Vientos,Max Fried,L,6,NYY,NYM,home,5.48,NYM,668901.0,-533.0,-66.0,85.7,0,2025-07-06,0,,-599.0,0.0
CF,R,Tyrone Taylor,Max Fried,L,7,NYY,NYM,home,4.34,NYM,621438.0,-700.0,-152.0,89.5,0,2025-07-06,0,,-852.0,0.0
RF,L,Sal Frelick,Edward Cabrera,R,1,MIL,MIA,away,4.31,MIL,686217.0,-706.0,-146.0,89.5,0,2025-07-06,0,,-852.0,0.0
DH,R,William Contreras,Edward Cabrera,R,2,MIL,MIA,away,4.77,MIL,661388.0,-630.0,131.0,83.3,0,2025-07-06,0,,-499.0,0.0
LF,L,Christian Yelich,Edward Cabrera,R,3,MIL,MIA,away,6.46,MIL,592885.0,-438.0,-61.0,83.3,0,2025-07-06,0,,-499.0,0.0
CF,R,Jackson Chourio,Edward Cabrera,R,4,MIL,MIA,away,5.12,MIL,694192.0,-576.0,77.0,83.3,0,2025-07-06,1,,-499.0,0.0
2B,L,Brice Turang,Edward Cabrera,R,5,MIL,MIA,away,4.99,MIL,668930.0,-594.0,-153.0,88.2,0,2025-07-06,0,,-747.0,0.0
3B,R,Caleb Durbin,Edward Cabrera,R,6,MIL,MIA,away,3.58,MIL,702332.0,-871.0,219.0,86.7,0,2025-07-06,0,,-652.0,0.0
1B,L,Jake Bauers,Edward Cabrera,R,7,MIL,MIA,away,5.99,MIL,641343.0,-478.0,3.0,82.6,0,2025-07-06,0,,-475.0,0.0
DH,R,Yandy Diaz,Joe Ryan,R,1,TB,MIN,away,4.64,TB,650490.0,-646.0,197.0,81.8,0,2025-07-06,0,,-449.0,0.0
2B,L,Brandon Lowe,Joe Ryan,R,2,TB,MIN,away,6.51,TB,664040.0,-432.0,122.0,75.6,0,2025-07-06,0,,-310.0,0.0
3B,R,Junior Caminero,Joe Ryan,R,3,TB,MIN,away,6.67,TB,691406.0,-421.0,52.0,78.7,0,2025-07-06,0,,-369.0,0.0
1B,L,Jonathan Aranda,Joe Ryan,R,4,TB,MIN,away,6.88,TB,666018.0,-405.0,5.0,80.0,0,2025-07-06,0,,-400.0,0.0
LF,S,Jake Mangum,Joe Ryan,R,5,TB,MIN,away,3.75,TB,663968.0,-826.0,-74.0,90.0,0,2025-07-06,0,,-900.0,0.0
SS,S,Taylor Walls,Joe Ryan,R,7,TB,MIN,away,3.27,TB,670764.0,-964.0,163.0,88.9,0,2025-07-06,1,,-801.0,0.0
CF,L,Chandler Simpson,Joe Ryan,R,8,TB,MIN,away,3.52,TB,802415.0,-890.0,-418.0,92.9,0,2025-07-06,0,,-1308.0,0.0
C,L,Matt Thaiss,Joe Ryan,R,9,TB,MIN,away,4.96,TB,642136.0,-599.0,-148.0,88.2,0,2025-07-06,0,,-747.0,0.0
CF,R,Byron Buxton,Drew Rasmussen,R,1,TB,MIN,home,5.14,MIN,621439.0,-576.0,285.0,74.4,0,2025-07-06,1,,-291.0,0.0
LF,S,Willi Castro,Drew Rasmussen,R,2,TB,MIN,home,3.78,MIN,650489.0,-817.0,70.0,88.2,0,2025-07-06,0,,-747.0,0.0
RF,L,Trevor Larnach,Drew Rasmussen,R,3,TB,MIN,home,4.58,MIN,663616.0,-658.0,209.0,81.8,0,2025-07-06,0,,-449.0,0.0
SS,R,Carlos Correa,Drew Rasmussen,R,4,TB,MIN,home,3.57,MIN,621043.0,-871.0,422.0,81.8,0,2025-07-06,0,,-449.0,0.0
2B,S,Brooks Lee,Drew Rasmussen,R,5,TB,MIN,home,3.08,MIN,686797.0,-1024.0,575.0,81.8,0,2025-07-06,0,,-449.0,0.0
DH,L,Matt Wallner,Drew Rasmussen,R,6,TB,MIN,home,5.13,MIN,670242.0,-576.0,207.0,78.7,0,2025-07-06,0,,-369.0,0.0
C,R,Christian Vazquez,Drew Rasmussen,R,9,TB,MIN,home,2.61,MIN,543877.0,-1233.0,-160.0,93.3,0,2025-07-06,0,,-1393.0,0.0
RF,L,Mike Tauchman,Chase Dollander,R,1,CWS,COL,away,5.74,CWS,643565.0,-506.0,7.0,83.3,0,2025-07-06,0,,-499.0,0.0
2B,R,Chase Meidroth,Chase Dollander,R,2,CWS,COL,away,3.88,CWS,805367.0,-793.0,-78.0,89.7,0,2025-07-06,0,,-871.0,0.0
LF,L,Andrew Benintendi,Chase Dollander,R,3,CWS,COL,away,6.74,CWS,643217.0,-415.0,15.0,80.0,0,2025-07-06,0,,-400.0,0.0
3B,R,Miguel Vargas,Chase Dollander,R,4,CWS,COL,away,5.06,CWS,678246.0,-585.0,136.0,81.8,0,2025-07-06,0,,-449.0,0.0
CF,L,Mickey Moniak,Shane Smith,R,1,CWS,COL,home,5.86,COL,666160.0,-492.0,102.0,79.6,0,2025-07-06,1,,-390.0,0.0
LF,R,Jordan Beck,Shane Smith,R,2,CWS,COL,home,4.99,COL,687597.0,-594.0,145.0,81.8,0,2025-07-06,0,,-449.0,0.0
2B,R,Thairo Estrada,Shane Smith,R,3,CWS,COL,home,3.17,COL,642731.0,-999.0,400.0,85.7,0,2025-07-06,0,,-599.0,0.0
1B,S,Michael Toglia,Shane Smith,R,4,CWS,COL,home,6.41,COL,669911.0,-441.0,41.0,80.0,0,2025-07-06,1,,-400.0,0.0
3B,L,Ryan McMahon,Shane Smith,R,5,CWS,COL,home,6.75,COL,641857.0,-413.0,32.0,79.2,0,2025-07-06,0,,-381.0,0.0
1B,L,Spencer Horwitz,George Kirby,R,1,PIT,SEA,away,5.22,PIT,687462.0,-567.0,18.0,84.6,0,2025-07-06,0,,-549.0,0.0
DH,R,Andrew McCutchen,George Kirby,R,2,PIT,SEA,away,4.4,PIT,457705.0,-687.0,88.0,85.7,0,2025-07-06,0,,-599.0,0.0
RF,S,Bryan Reynolds,George Kirby,R,3,PIT,SEA,away,5.2,PIT,668804.0,-567.0,92.0,82.6,0,2025-07-06,0,,-475.0,0.0
2B,R,Nick Gonzales,George Kirby,R,4,PIT,SEA,away,3.31,PIT,693304.0,-953.0,206.0,88.2,1,2025-07-06,0,,-747.0,1.34
CF,L,Oneil Cruz,George Kirby,R,5,PIT,SEA,away,7.8,PIT,665833.0,-344.0,-105.0,81.8,0,2025-07-06,0,,-449.0,0.0
LF,R,Tommy Pham,George Kirby,R,6,PIT,SEA,away,3.1,PIT,502054.0,-1024.0,223.0,88.9,0,2025-07-06,0,,-801.0,0.0
C,R,Henry Davis,George Kirby,R,8,PIT,SEA,away,4.05,PIT,680779.0,-755.0,8.0,88.2,0,2025-07-06,0,,-747.0,0.0
SS,R,Isiah Kiner-Falefa,George Kirby,R,9,PIT,SEA,away,2.42,PIT,643396.0,-1329.0,224.0,91.7,0,2025-07-06,0,,-1105.0,0.0
SS,L,J.P. Crawford,Paul Skenes,R,1,PIT,SEA,home,3.48,SEA,641487.0,-900.0,153.0,88.2,0,2025-07-06,0,,-747.0,0.0
DH,S,Cal Raleigh,Paul Skenes,R,3,PIT,SEA,home,5.93,SEA,663728.0,-485.0,175.0,75.6,0,2025-07-06,0,,-310.0,0.0
2B,S,Jorge Polanco,Paul Skenes,R,4,PIT,SEA,home,3.89,SEA,593871.0,-793.0,194.0,85.7,0,2025-07-06,0,,-599.0,0.0
LF,R,Randy Arozarena,Paul Skenes,R,5,PIT,SEA,home,3.97,SEA,668227.0,-777.0,178.0,85.7,0,2025-07-06,1,,-599.0,0.0
1B,L,Luke Raley,Paul Skenes,R,6,PIT,SEA,home,5.79,SEA,670042.0,-499.0,-153.0,86.7,0,2025-07-06,0,,-652.0,0.0
RF,L,Dominic Canzone,Paul Skenes,R,8,PIT,SEA,home,5.06,SEA,686527.0,-585.0,-14.0,85.7,0,2025-07-06,0,,-599.0,0.0
DH,L,Shohei Ohtani,Ryan Gusto,R,1,HOU,LAD,home,10.38,LAD,660271.0,-234.0,76.0,61.2,0,2025-07-06,0,,-158.0,0.0
SS,R,Mookie Betts,Ryan Gusto,R,2,HOU,LAD,home,4.76,LAD,605141.0,-630.0,320.0,75.6,0,2025-07-06,0,,-310.0,0.0
1B,L,Freddie Freeman,Ryan Gusto,R,3,HOU,LAD,home,5.86,LAD,518692.0,-492.0,123.0,78.7,0,2025-07-06,0,,-369.0,0.0
CF,R,Andy Pages,Ryan Gusto,R,4,HOU,LAD,home,5.21,LAD,681624.0,-567.0,247.0,76.2,0,2025-07-06,0,,-320.0,0.0
LF,L,Michael Conforto,Ryan Gusto,R,5,HOU,LAD,home,5.19,LAD,624424.0,-567.0,141.0,81.0,0,2025-07-06,0,,-426.0,0.0
2B,R,Jonathan India,Anthony DeSclafani,R,1,KC,ARI,away,3.65,KC,663697.0,-852.0,105.0,88.2,0,2025-07-06,0,,-747.0,0.0
1B,L,Vinnie Pasquantino,Anthony DeSclafani,R,3,KC,ARI,away,3.87,KC,686469.0,-793.0,367.0,81.0,0,2025-07-06,0,,-426.0,0.0
DH,R,Salvador Perez,Anthony DeSclafani,R,4,KC,ARI,away,4.3,KC,521692.0,-706.0,231.0,82.6,0,2025-07-06,1,,-475.0,0.0
RF,L,Jac Caglianone,Anthony DeSclafani,R,6,KC,ARI,away,3.87,KC,695506.0,-793.0,294.0,83.3,0,2025-07-06,0,,-499.0,0.0
LF,L,John Rave,Anthony DeSclafani,R,8,KC,ARI,away,3.62,KC,670231.0,-862.0,-9.0,89.7,0,2025-07-06,0,,-871.0,0.0
CF,L,Kyle Isbel,Anthony DeSclafani,R,9,KC,ARI,away,2.64,KC,664728.0,-1216.0,153.0,91.4,0,2025-07-06,0,,-1063.0,0.0
RF,L,Corbin Carroll,Michael Lorenzen,R,1,KC,ARI,home,6.0,ARI,682998.0,-478.0,178.0,75.0,0,2025-07-06,0,,-300.0,0.0
2B,S,Ketel Marte,Michael Lorenzen,R,2,KC,ARI,home,6.46,ARI,606466.0,-438.0,138.0,75.0,0,2025-07-06,0,,-300.0,0.0
SS,S,Geraldo Perdomo,Michael Lorenzen,R,3,KC,ARI,home,3.29,ARI,672695.0,-953.0,53.0,90.0,0,2025-07-06,0,,-900.0,0.0
1B,L,Josh Naylor,Michael Lorenzen,R,4,KC,ARI,home,4.87,ARI,647304.0,-614.0,139.0,82.6,0,2025-07-06,0,,-475.0,0.0
3B,R,Eugenio Suarez,Michael Lorenzen,R,5,KC,ARI,home,5.07,ARI,553993.0,-585.0,256.0,76.7,0,2025-07-06,0,,-329.0,0.0
CF,L,Alek Thomas,Michael Lorenzen,R,8,KC,ARI,home,4.9,ARI,677950.0,-609.0,-243.0,89.5,0,2025-07-06,0,,-852.0,0.0
C,S,Jose Herrera,Michael Lorenzen,R,9,KC,ARI,home,2.31,ARI,645444.0,-1393.0,194.0,92.3,0,2025-07-06,0,,-1199.0,0.0
LF,L,Brendan Donovan,Matthew Boyd,L,1,STL,CHC,away,3.89,STL,680977.0,-793.0,-59.0,89.5,0,2025-07-06,0,,-852.0,0.0
SS,R,Masyn Winn,Matthew Boyd,L,2,STL,CHC,away,4.09,STL,691026.0,-747.0,0.0,88.2,0,2025-07-06,0,,-747.0,0.0
RF,L,Alec Burleson,Matthew Boyd,L,3,STL,CHC,away,3.82,STL,676475.0,-809.0,8.0,88.9,0,2025-07-06,0,,-801.0,0.0
LF,S,Ian Happ,Erick Fedde,R,1,STL,CHC,home,6.83,CHC,664023.0,-408.0,-41.0,81.8,0,2025-07-06,0,,-449.0,0.0
RF,L,Kyle Tucker,Erick Fedde,R,2,STL,CHC,home,7.24,CHC,663656.0,-378.0,-22.0,80.0,0,2025-07-06,0,,-400.0,0.0
DH,R,Seiya Suzuki,Erick Fedde,R,3,STL,CHC,home,6.79,CHC,673548.0,-410.0,-39.0,81.8,0,2025-07-06,1,,-449.0,0.0
CF,L,Pete Crow-Armstrong,Erick Fedde,R,4,STL,CHC,home,6.19,CHC,691718.0,-462.0,62.0,80.0,0,2025-07-06,0,,-400.0,0.0
SS,R,Dansby Swanson,Erick Fedde,R,5,STL,CHC,home,4.65,CHC,621020.0,-646.0,147.0,83.3,0,2025-07-06,0,,-499.0,0.0
1B,L,Michael Busch,Erick Fedde,R,6,STL,CHC,home,6.06,CHC,683737.0,-471.0,71.0,80.0,0,2025-07-06,0,,-400.0,0.0
2B,R,Nico Hoerner,Erick Fedde,R,8,STL,CHC,home,2.84,CHC,663538.0,-1120.0,220.0,90.0,0,2025-07-06,0,,-900.0,0.0
3B,R,Matt Shaw,Erick Fedde,R,9,STL,CHC,home,3.28,CHC,807713.0,-953.0,101.0,89.5,0,2025-07-06,0,,-852.0,0.0
2B,R,Marcus Semien,Adrian Morejon,L,1,TEX,SD,away,3.62,TEX,543760.0,-862.0,363.0,83.3,0,2025-07-06,0,,-499.0,0.0
LF,R,Wyatt Langford,Adrian Morejon,L,2,TEX,SD,away,4.61,TEX,694671.0,-652.0,203.0,81.8,0,2025-07-06,0,,-449.0,0.0
SS,L,Corey Seager,Adrian Morejon,L,3,TEX,SD,away,5.13,TEX,608369.0,-576.0,226.0,77.8,0,2025-07-06,0,,-350.0,0.0
RF,R,Adolis Garcia,Adrian Morejon,L,4,TEX,SD,away,4.14,TEX,666969.0,-740.0,314.0,81.0,0,2025-07-06,0,,-426.0,0.0
1B,R,Jake Burger,Adrian Morejon,L,5,TEX,SD,away,4.25,TEX,669394.0,-720.0,359.0,78.3,0,2025-07-06,0,,-361.0,0.0
DH,S,Jonah Heim,Adrian Morejon,L,6,TEX,SD,away,0.11,TEX,641680.0,-33233.0,32684.0,84.6,0,2025-07-06,0,,-549.0,0.0
C,R,Kyle Higashioka,Adrian Morejon,L,7,TEX,SD,away,3.09,TEX,543309.0,-1024.0,483.0,84.4,0,2025-07-06,0,,-541.0,0.0
CF,S,Sam Haggerty,Adrian Morejon,L,9,TEX,SD,away,1.96,TEX,664059.0,-1686.0,885.0,88.9,1,2025-07-06,0,,-801.0,1.25
DH,L,Luis Arraez,Jack Leiter,R,1,TEX,SD,home,3.78,SD,650333.0,-817.0,-9.0,89.2,0,2025-07-06,0,,-826.0,0.0
3B,R,Manny Machado,Jack Leiter,R,2,TEX,SD,home,6.03,SD,592518.0,-475.0,134.0,77.3,0,2025-07-06,0,,-341.0,0.0
CF,L,Jackson Merrill,Jack Leiter,R,3,TEX,SD,home,6.44,SD,701538.0,-438.0,69.0,78.7,0,2025-07-06,0,,-369.0,0.0
RF,R,Fernando Tatis Jr.,Jack Leiter,R,4,TEX,SD,home,7.5,SD,665487.0,-363.0,34.0,76.7,0,2025-07-06,0,,-329.0,0.0
SS,R,Xander Bogaerts,Jack Leiter,R,5,TEX,SD,home,3.85,SD,593428.0,-801.0,120.0,87.2,0,2025-07-06,0,,-681.0,0.0
LF,L,Gavin Sheets,Jack Leiter,R,6,TEX,SD,home,5.57,SD,657757.0,-521.0,46.0,82.6,0,2025-07-06,0,,-475.0,0.0
1B,L,Jake Cronenworth,Jack Leiter,R,8,TEX,SD,home,3.3,SD,630105.0,-953.0,454.0,83.3,0,2025-07-06,0,,-499.0,0.0
SS,R,Willy Adames,Jacob Lopez,L,2,SF,ATH,away,5.76,SF,642715.0,-502.0,202.0,75.0,0,2025-07-06,1,,-300.0,0.0
LF,R,Heliot Ramos,Jacob Lopez,L,3,SF,ATH,away,6.63,SF,671218.0,-424.0,174.0,71.4,0,2025-07-06,0,,-250.0,0.0
3B,R,Matt Chapman,Jacob Lopez,L,4,SF,ATH,away,5.81,SF,656305.0,-499.0,309.0,65.5,0,2025-07-06,0,,-190.0,0.0
DH,L,Rafael Devers,Jacob Lopez,L,5,SF,ATH,away,5.53,SF,646240.0,-529.0,274.0,71.80000000000001,0,2025-07-06,0,,-255.0,0.0
1B,R,Wilmer Flores,Jacob Lopez,L,6,SF,ATH,away,3.26,SF,527038.0,-964.0,603.0,78.3,0,2025-07-06,0,,-361.0,0.0
2B,R,Tyler Fitzgerald,Jacob Lopez,L,9,SF,ATH,away,2.48,SF,666149.0,-1308.0,759.0,84.6,0,2025-07-06,1,,-549.0,0.0
RF,L,Lawrence Butler,Hayden Birdsong,R,1,SF,ATH,home,6.18,ATH,671732.0,-462.0,152.0,75.6,0,2025-07-06,0,,-310.0,0.0
SS,R,Jacob Wilson,Hayden Birdsong,R,2,SF,ATH,home,2.69,ATH,805779.0,-1182.0,381.0,88.9,1,2025-07-06,0,,-801.0,1.25
DH,R,Brent Rooker,Hayden Birdsong,R,3,SF,ATH,home,6.71,ATH,667670.0,-418.0,108.0,75.6,0,2025-07-06,0,,-310.0,0.0
1B,L,Nick Kurtz,Hayden Birdsong,R,4,SF,ATH,home,8.42,ATH,701762.0,-312.0,21.0,74.4,0,2025-07-06,0,,-291.0,0.0
C,R,Shea Langeliers,Hayden Birdsong,R,5,SF,ATH,home,5.23,ATH,669127.0,-562.0,262.0,75.0,0,2025-07-06,0,,-300.0,0.0
LF,L,Tyler Soderstrom,Hayden Birdsong,R,6,SF,ATH,home,6.09,ATH,691016.0,-471.0,102.0,78.7,0,2025-07-06,1,,-369.0,0.0
2B,R,Zack Gelof,Hayden Birdsong,R,7,SF,ATH,home,3.86,ATH,680869.0,-801.0,302.0,83.3,0,2025-07-06,0,,-499.0,0.0
3B,R,Max Muncy,Hayden Birdsong,R,8,SF,ATH,home,6.52,ATH,691777.0,-432.0,-220.0,86.7,0,2025-07-06,0,,-652.0,0.0
CF,R,Denzel Clarke,Hayden Birdsong,R,9,SF,ATH,home,3.69,ATH,672016.0,-843.0,42.0,88.9,0,2025-07-06,0,,-801.0,0.0
DH,R,Yandy Diaz,Keider Montero,R,1,TB,DET,away,4.93,TB,650490.0,-604.0,129.0,82.6,0,2025-07-07,0,,-475.0,0.0
1B,L,Jonathan Aranda,Keider Montero,R,2,TB,DET,away,6.6,TB,666018.0,-426.0,36.0,79.6,0,2025-07-07,0,,-390.0,0.0
3B,R,Junior Caminero,Keider Montero,R,3,TB,DET,away,6.41,TB,691406.0,-441.0,112.0,76.7,0,2025-07-07,0,,-329.0,0.0
RF,L,Josh Lowe,Keider Montero,R,4,TB,DET,away,5.36,TB,666139.0,-549.0,-151.0,87.5,0,2025-07-07,0,,-700.0,0.0
LF,S,Jake Mangum,Keider Montero,R,5,TB,DET,away,3.41,TB,663968.0,-920.0,-143.0,91.4,0,2025-07-07,0,,-1063.0,0.0
2B,R,Jose Caballero,Keider Montero,R,6,TB,DET,away,3.51,TB,676609.0,-890.0,-10.0,90.0,0,2025-07-07,0,,-900.0,0.0
CF,L,Chandler Simpson,Keider Montero,R,7,TB,DET,away,3.15,TB,802415.0,-999.0,-514.0,93.8,0,2025-07-07,0,,-1513.0,0.0
SS,S,Taylor Walls,Keider Montero,R,8,TB,DET,away,2.98,TB,670764.0,-1063.0,316.0,88.2,1,2025-07-07,0,,-747.0,1.34
C,R,Danny Jansen,Keider Montero,R,9,TB,DET,away,3.56,TB,643376.0,-871.0,322.0,84.6,0,2025-07-07,0,,-549.0,0.0
DH,L,Colt Keith,Shane Baz,R,1,TB,DET,home,6.13,DET,690993.0,-465.0,-134.0,85.7,0,2025-07-07,1,,-599.0,0.0
2B,R,Gleyber Torres,Shane Baz,R,2,TB,DET,home,4.39,DET,650402.0,-687.0,35.0,86.7,0,2025-07-07,0,,-652.0,0.0
RF,L,Zach McKinstry,Shane Baz,R,3,TB,DET,home,4.02,DET,656716.0,-762.0,163.0,85.7,0,2025-07-07,1,,-599.0,0.0
LF,L,Riley Greene,Shane Baz,R,4,TB,DET,home,6.76,DET,682985.0,-413.0,-28.0,81.5,0,2025-07-07,0,,-441.0,0.0
1B,R,Spencer Torkelson,Shane Baz,R,5,TB,DET,home,4.74,DET,679529.0,-630.0,155.0,82.6,0,2025-07-07,0,,-475.0,0.0
C,R,Dillon Dingler,Shane Baz,R,6,TB,DET,home,4.14,DET,693307.0,-740.0,110.0,86.3,0,2025-07-07,0,,-630.0,0.0
CF,L,Parker Meadows,Shane Baz,R,7,TB,DET,home,5.47,DET,678009.0,-533.0,-167.0,87.5,0,2025-07-07,0,,-700.0,0.0
SS,L,Trey Sweeney,Shane Baz,R,8,TB,DET,home,4.7,DET,700242.0,-641.0,-106.0,88.2,0,2025-07-07,0,,-747.0,0.0
3B,R,Javier Baez,Shane Baz,R,9,TB,DET,home,3.75,DET,595879.0,-826.0,0.0,89.2,0,2025-07-07,1,,-826.0,0.0
RF,R,Tyler Freeman,Richard Fitts,R,1,COL,BOS,away,3.18,COL,671289.0,-987.0,240.0,88.2,1,2025-07-07,0,,-747.0,1.34
C,R,Hunter Goodman,Richard Fitts,R,2,COL,BOS,away,6.25,COL,696100.0,-456.0,146.0,75.6,0,2025-07-07,0,,-310.0,0.0
LF,L,Mickey Moniak,Richard Fitts,R,3,COL,BOS,away,5.23,COL,666160.0,-562.0,162.0,80.0,0,2025-07-07,0,,-400.0,0.0
2B,R,Thairo Estrada,Richard Fitts,R,4,COL,BOS,away,3.18,COL,642731.0,-987.0,186.0,88.9,1,2025-07-07,0,,-801.0,1.25
1B,S,Michael Toglia,Richard Fitts,R,5,COL,BOS,away,3.14,COL,669911.0,-1011.0,536.0,82.6,0,2025-07-07,0,,-475.0,0.0
3B,L,Ryan McMahon,Richard Fitts,R,6,COL,BOS,away,5.85,COL,641857.0,-492.0,17.0,82.6,0,2025-07-07,0,,-475.0,0.0
CF,R,Brenton Doyle,Richard Fitts,R,7,COL,BOS,away,4.96,COL,686668.0,-599.0,50.0,84.6,0,2025-07-07,0,,-549.0,0.0
3B,R,Nate Eaton,Austin Gomber,L,1,COL,BOS,home,5.95,BOS,681987.0,-485.0,-14.0,83.3,0,2025-07-07,0,,-499.0,0.0
2B,R,Romy Gonzalez,Austin Gomber,L,2,COL,BOS,home,7.21,BOS,663853.0,-381.0,106.0,73.3,0,2025-07-07,1,,-275.0,0.0
LF,R,Rob Refsnyder,Austin Gomber,L,4,COL,BOS,home,7.99,BOS,608701.0,-335.0,-55.0,79.6,0,2025-07-07,0,,-390.0,0.0
SS,R,Trevor Story,Austin Gomber,L,5,COL,BOS,home,5.16,BOS,596115.0,-571.0,301.0,73.0,0,2025-07-07,0,,-270.0,0.0
C,R,Carlos Narvaez,Austin Gomber,L,6,COL,BOS,home,6.19,BOS,665966.0,-462.0,121.0,77.3,0,2025-07-07,0,,-341.0,0.0
RF,L,Wilyer Abreu,Austin Gomber,L,7,COL,BOS,home,4.89,BOS,677800.0,-609.0,289.0,76.2,0,2025-07-07,0,,-320.0,0.0
1B,S,Abraham Toro,Austin Gomber,L,8,COL,BOS,home,4.37,BOS,647351.0,-694.0,219.0,82.6,0,2025-07-07,0,,-475.0,0.0
CF,R,Ceddanne Rafaela,Austin Gomber,L,9,COL,BOS,home,6.4,BOS,678882.0,-443.0,93.0,77.8,0,2025-07-07,1,,-350.0,0.0
2B,S,Xavier Edwards,Brady Singer,R,1,MIA,CIN,away,4.1,MIA,669364.0,-747.0,-206.0,90.5,0,2025-07-07,0,,-953.0,0.0
RF,L,Jesus Sanchez,Brady Singer,R,2,MIA,CIN,away,8.78,MIA,660821.0,-295.0,-66.0,78.3,0,2025-07-07,0,,-361.0,0.0
C,R,Agustin Ramirez,Brady Singer,R,3,MIA,CIN,away,5.63,MIA,682663.0,-517.0,148.0,78.7,0,2025-07-07,1,,-369.0,0.0
DH,L,Liam Hicks,Brady Singer,R,4,MIA,CIN,away,5.13,MIA,689414.0,-576.0,18.0,84.8,0,2025-07-07,0,,-558.0,0.0
LF,L,Kyle Stowers,Brady Singer,R,5,MIA,CIN,away,7.94,MIA,669065.0,-337.0,27.0,75.6,0,2025-07-07,0,,-310.0,0.0
1B,R,Eric Wagaman,Brady Singer,R,6,MIA,CIN,away,4.35,MIA,676572.0,-700.0,101.0,85.7,0,2025-07-07,0,,-599.0,0.0
3B,R,Connor Norby,Brady Singer,R,7,MIA,CIN,away,5.45,MIA,681393.0,-537.0,-4.0,84.4,0,2025-07-07,0,,-541.0,0.0
CF,R,Derek Hill,Brady Singer,R,8,MIA,CIN,away,6.84,MIA,656537.0,-408.0,-393.0,88.9,0,2025-07-07,0,,-801.0,0.0
SS,R,Javier Sanoja,Brady Singer,R,9,MIA,CIN,away,3.0,MIA,691594.0,-1063.0,316.0,88.2,1,2025-07-07,0,,-747.0,1.34
CF,L,TJ Friedl,Janson Junk,R,1,MIA,CIN,home,5.38,CIN,670770.0,-545.0,96.0,81.8,0,2025-07-07,0,,-449.0,0.0
2B,R,Matt McLain,Janson Junk,R,2,MIA,CIN,home,5.69,CIN,680574.0,-510.0,110.0,80.0,0,2025-07-07,0,,-400.0,0.0
SS,S,Elly De La Cruz,Janson Junk,R,3,MIA,CIN,home,8.25,CIN,682829.0,-320.0,25.0,74.7,0,2025-07-07,0,,-295.0,0.0
LF,R,Austin Hays,Janson Junk,R,4,MIA,CIN,home,5.56,CIN,669720.0,-525.0,125.0,80.0,0,2025-07-07,0,,-400.0,0.0
DH,L,Gavin Lux,Janson Junk,R,5,MIA,CIN,home,5.57,CIN,666158.0,-521.0,-131.0,86.7,0,2025-07-07,0,,-652.0,0.0
1B,R,Spencer Steer,Janson Junk,R,6,MIA,CIN,home,4.3,CIN,668715.0,-706.0,280.0,81.0,0,2025-07-07,0,,-426.0,0.0
C,R,Tyler Stephenson,Janson Junk,R,7,MIA,CIN,home,5.14,CIN,663886.0,-576.0,101.0,82.6,0,2025-07-07,0,,-475.0,0.0
RF,L,Will Benson,Janson Junk,R,8,MIA,CIN,home,10.39,CIN,666181.0,-234.0,-166.0,80.0,0,2025-07-07,0,,-400.0,0.0
3B,R,Noelvi Marte,Janson Junk,R,9,MIA,CIN,home,3.97,CIN,682622.0,-777.0,278.0,83.3,0,2025-07-07,0,,-499.0,0.0
CF,L,Nathan Lukes,Sean Burke,R,1,TOR,CWS,away,5.05,TOR,664770.0,-585.0,-267.0,89.5,0,2025-07-07,1,,-852.0,0.0
DH,R,George Springer,Sean Burke,R,2,TOR,CWS,away,6.54,TOR,543807.0,-432.0,141.0,74.4,0,2025-07-07,0,,-291.0,0.0
1B,R,Vladimir Guerrero,Sean Burke,R,3,TOR,CWS,away,7.46,TOR,665489.0,-365.0,55.0,75.6,0,2025-07-07,0,,-310.0,0.0
SS,R,Bo Bichette,Sean Burke,R,4,TOR,CWS,away,4.73,TOR,666182.0,-635.0,186.0,81.8,0,2025-07-07,0,,-449.0,0.0
RF,L,Addison Barger,Sean Burke,R,5,TOR,CWS,away,6.9,TOR,680718.0,-403.0,22.0,79.2,0,2025-07-07,1,,-381.0,0.0
C,R,Alejandro Kirk,Sean Burke,R,6,TOR,CWS,away,5.11,TOR,672386.0,-580.0,81.0,83.3,0,2025-07-07,0,,-499.0,0.0
3B,L,Will Wagner,Sean Burke,R,7,TOR,CWS,away,4.99,TOR,695238.0,-594.0,-207.0,88.9,0,2025-07-07,0,,-801.0,0.0
2B,R,Ernie Clement,Sean Burke,R,8,TOR,CWS,away,3.26,TOR,676391.0,-964.0,112.0,89.5,0,2025-07-07,0,,-852.0,0.0
LF,L,Joey Loperfido,Sean Burke,R,9,TOR,CWS,away,5.3,TOR,694388.0,-554.0,-193.0,88.2,0,2025-07-07,1,,-747.0,0.0
RF,L,Mike Tauchman,Jose Berrios,R,1,TOR,CWS,home,1.98,CWS,643565.0,-1654.0,1096.0,84.8,0,2025-07-07,0,,-558.0,0.0
2B,R,Chase Meidroth,Jose Berrios,R,2,TOR,CWS,home,3.75,CWS,805367.0,-826.0,25.0,88.9,0,2025-07-07,0,,-801.0,0.0
LF,L,Andrew Benintendi,Jose Berrios,R,3,TOR,CWS,home,6.69,CWS,643217.0,-418.0,-63.0,82.8,0,2025-07-07,0,,-481.0,0.0
1B,R,Miguel Vargas,Jose Berrios,R,4,TOR,CWS,home,4.97,CWS,678246.0,-599.0,150.0,81.8,0,2025-07-07,0,,-449.0,0.0
C,L,Kyle Teel,Jose Berrios,R,5,TOR,CWS,home,6.37,CWS,691019.0,-443.0,-156.0,85.7,0,2025-07-07,0,,-599.0,0.0
DH,R,Lenyn Sosa,Jose Berrios,R,6,TOR,CWS,home,4.82,CWS,672820.0,-619.0,-11.0,86.3,0,2025-07-07,0,,-630.0,0.0
CF,S,Brooks Baldwin,Jose Berrios,R,8,TOR,CWS,home,5.19,CWS,681460.0,-567.0,18.0,84.6,0,2025-07-07,0,,-549.0,0.0
3B,L,Josh Rojas,Jose Berrios,R,9,TOR,CWS,home,5.18,CWS,668942.0,-571.0,-329.0,90.0,0,2025-07-07,0,,-900.0,0.0
LF,R,Tommy Pham,Noah Cameron,L,1,PIT,KC,away,5.3,PIT,502054.0,-554.0,-98.0,86.7,0,2025-07-07,1,,-652.0,0.0
DH,R,Andrew McCutchen,Noah Cameron,L,2,PIT,KC,away,6.2,PIT,457705.0,-459.0,-90.0,84.6,0,2025-07-07,0,,-549.0,0.0
RF,S,Bryan Reynolds,Noah Cameron,L,3,PIT,KC,away,5.95,PIT,668804.0,-485.0,-64.0,84.6,0,2025-07-07,0,,-549.0,0.0
2B,R,Nick Gonzales,Noah Cameron,L,4,PIT,KC,away,6.09,PIT,693304.0,-471.0,-128.0,85.7,0,2025-07-07,0,,-599.0,0.0
3B,R,Ke'Bryan Hayes,Noah Cameron,L,5,PIT,KC,away,4.5,PIT,663647.0,-669.0,-132.0,88.9,0,2025-07-07,0,,-801.0,0.0
CF,R,Alexander Canario,Noah Cameron,L,6,PIT,KC,away,7.65,PIT,672744.0,-355.0,-446.0,88.9,0,2025-07-07,0,,-801.0,0.0
C,R,Henry Davis,Noah Cameron,L,7,PIT,KC,away,5.54,PIT,680779.0,-525.0,-127.0,86.7,0,2025-07-07,0,,-652.0,0.0
1B,R,Jared Triolo,Noah Cameron,L,8,PIT,KC,away,4.34,PIT,669707.0,-700.0,-200.0,90.0,0,2025-07-07,0,,-900.0,0.0
SS,R,Isiah Kiner-Falefa,Noah Cameron,L,9,PIT,KC,away,3.32,PIT,643396.0,-942.0,-366.0,92.9,0,2025-07-07,0,,-1308.0,0.0
2B,R,Jonathan India,Andrew Heaney,L,1,PIT,KC,home,5.08,KC,663697.0,-585.0,-67.0,86.7,0,2025-07-07,0,,-652.0,0.0
SS,R,Bobby Witt,Andrew Heaney,L,2,PIT,KC,home,6.33,KC,677951.0,-449.0,80.0,78.7,0,2025-07-07,1,,-369.0,0.0
1B,L,Vinnie Pasquantino,Andrew Heaney,L,3,PIT,KC,home,4.07,KC,686469.0,-755.0,206.0,84.6,0,2025-07-07,1,,-549.0,0.0
3B,R,Maikel Garcia,Andrew Heaney,L,4,PIT,KC,home,4.47,KC,672580.0,-675.0,23.0,86.7,0,2025-07-07,0,,-652.0,0.0
C,R,Salvador Perez,Andrew Heaney,L,5,PIT,KC,home,6.24,KC,521692.0,-456.0,95.0,78.3,0,2025-07-07,1,,-361.0,0.0
RF,L,Jac Caglianone,Andrew Heaney,L,6,PIT,KC,home,4.65,KC,695506.0,-646.0,-54.0,87.5,0,2025-07-07,0,,-700.0,0.0
DH,R,Mark Canha,Andrew Heaney,L,7,PIT,KC,home,3.75,KC,592192.0,-826.0,126.0,87.5,0,2025-07-07,0,,-700.0,0.0
LF,R,Nick Loftin,Andrew Heaney,L,8,PIT,KC,home,4.29,KC,679845.0,-706.0,-95.0,88.9,0,2025-07-07,1,,-801.0,0.0
CF,L,Kyle Isbel,Andrew Heaney,L,9,PIT,KC,home,2.51,KC,664728.0,-1289.0,-19.0,92.9,0,2025-07-07,0,,-1308.0,0.0
DH,L,Shohei Ohtani,Freddy Peralta,R,1,LAD,MIL,away,10.0,LAD,660271.0,-247.0,47.0,66.69999999999999,0,2025-07-07,0,,-200.0,0.0
SS,R,Mookie Betts,Freddy Peralta,R,2,LAD,MIL,away,3.78,LAD,605141.0,-817.0,368.0,81.8,0,2025-07-07,0,,-449.0,0.0
1B,L,Freddie Freeman,Freddy Peralta,R,3,LAD,MIL,away,5.75,LAD,518692.0,-502.0,76.0,81.0,0,2025-07-07,0,,-426.0,0.0
C,R,Will Smith,Freddy Peralta,R,4,LAD,MIL,away,4.74,LAD,669257.0,-630.0,171.0,82.1,0,2025-07-07,0,,-459.0,0.0
RF,R,Andy Pages,Freddy Peralta,R,5,LAD,MIL,away,4.39,LAD,681624.0,-687.0,212.0,82.6,0,2025-07-07,0,,-475.0,0.0
LF,L,Michael Conforto,Freddy Peralta,R,6,LAD,MIL,away,5.41,LAD,624424.0,-541.0,42.0,83.3,0,2025-07-07,0,,-499.0,0.0
2B,L,Hyeseong Kim,Freddy Peralta,R,7,LAD,MIL,away,3.9,LAD,808975.0,-793.0,-107.0,90.0,0,2025-07-07,0,,-900.0,0.0
3B,R,Miguel Rojas,Freddy Peralta,R,8,LAD,MIL,away,2.82,LAD,500743.0,-1135.0,483.0,86.7,0,2025-07-07,0,,-652.0,0.0
CF,L,James Outman,Freddy Peralta,R,9,LAD,MIL,away,3.64,LAD,681546.0,-852.0,471.0,79.2,0,2025-07-07,0,,-381.0,0.0
RF,L,Sal Frelick,Yoshinobu Yamamoto,R,1,LAD,MIL,home,3.96,MIL,686217.0,-777.0,-328.0,91.7,0,2025-07-07,0,,-1105.0,0.0
C,R,William Contreras,Yoshinobu Yamamoto,R,2,LAD,MIL,home,4.47,MIL,661388.0,-675.0,176.0,83.3,0,2025-07-07,0,,-499.0,0.0
CF,R,Jackson Chourio,Yoshinobu Yamamoto,R,3,LAD,MIL,home,4.71,MIL,694192.0,-635.0,136.0,83.3,0,2025-07-07,0,,-499.0,0.0
DH,L,Christian Yelich,Yoshinobu Yamamoto,R,4,LAD,MIL,home,5.99,MIL,592885.0,-478.0,-21.0,83.3,0,2025-07-07,1,,-499.0,0.0
1B,R,Andrew Vaughn,Yoshinobu Yamamoto,R,5,LAD,MIL,home,4.78,MIL,683734.0,-625.0,235.0,79.6,0,2025-07-07,1,,-390.0,0.0
LF,S,Isaac Collins,Yoshinobu Yamamoto,R,6,LAD,MIL,home,3.14,MIL,686555.0,-1011.0,111.0,90.0,0,2025-07-07,0,,-900.0,0.0
2B,L,Brice Turang,Yoshinobu Yamamoto,R,7,LAD,MIL,home,3.99,MIL,668930.0,-770.0,-335.0,91.7,0,2025-07-07,0,,-1105.0,0.0
3B,R,Caleb Durbin,Yoshinobu Yamamoto,R,8,LAD,MIL,home,3.21,MIL,702332.0,-975.0,22.0,90.5,0,2025-07-07,0,,-953.0,0.0
SS,R,Andruw Monasterio,Yoshinobu Yamamoto,R,9,LAD,MIL,home,3.18,MIL,655316.0,-987.0,488.0,83.3,0,2025-07-07,0,,-499.0,0.0
LF,L,Steven Kwan,Colton Gordon,L,1,CLE,HOU,away,3.6,CLE,680757.0,-862.0,-137.0,90.9,0,2025-07-07,0,,-999.0,0.0
DH,R,David Fry,Colton Gordon,L,2,CLE,HOU,away,5.66,CLE,681807.0,-513.0,14.0,83.3,0,2025-07-07,1,,-499.0,0.0
3B,S,Jose Ramirez,Colton Gordon,L,3,CLE,HOU,away,5.66,CLE,608070.0,-513.0,152.0,78.3,0,2025-07-07,1,,-361.0,0.0
1B,S,Carlos Santana,Colton Gordon,L,4,CLE,HOU,away,4.91,CLE,467793.0,-609.0,134.0,82.6,0,2025-07-07,0,,-475.0,0.0
RF,L,Nolan Jones,Colton Gordon,L,5,CLE,HOU,away,4.44,CLE,666134.0,-681.0,-120.0,88.9,0,2025-07-07,0,,-801.0,0.0
CF,S,Angel Martinez,Colton Gordon,L,6,CLE,HOU,away,3.78,CLE,682657.0,-817.0,-9.0,89.2,0,2025-07-07,0,,-826.0,0.0
2B,R,Will Wilson,Colton Gordon,L,7,CLE,HOU,away,4.95,CLE,669717.0,-599.0,-148.0,88.2,0,2025-07-07,0,,-747.0,0.0
C,L,Bo Naylor,Colton Gordon,L,8,CLE,HOU,away,4.36,CLE,666310.0,-694.0,-6.0,87.5,0,2025-07-07,0,,-700.0,0.0
SS,S,Brayan Rocchio,Colton Gordon,L,9,CLE,HOU,away,3.53,CLE,677587.0,-880.0,-183.0,91.4,0,2025-07-07,0,,-1063.0,0.0
3B,R,Isaac Paredes,Tanner Bibee,R,1,CLE,HOU,home,3.76,HOU,670623.0,-826.0,377.0,81.8,0,2025-07-07,1,,-449.0,0.0
RF,R,Cam Smith,Tanner Bibee,R,2,CLE,HOU,home,3.72,HOU,701358.0,-835.0,286.0,84.6,0,2025-07-07,0,,-549.0,0.0
2B,R,Jose Altuve,Tanner Bibee,R,3,CLE,HOU,home,4.17,HOU,514888.0,-733.0,234.0,83.3,0,2025-07-07,0,,-499.0,0.0
C,R,Yainer Diaz,Tanner Bibee,R,4,CLE,HOU,home,4.45,HOU,673237.0,-681.0,182.0,83.3,0,2025-07-07,0,,-499.0,0.0
1B,S,Victor Caratini,Tanner Bibee,R,5,CLE,HOU,home,5.03,HOU,605170.0,-590.0,115.0,82.6,0,2025-07-07,1,,-475.0,0.0
DH,S,Cooper Hummel,Tanner Bibee,R,6,CLE,HOU,home,3.92,HOU,669450.0,-785.0,-86.0,89.7,0,2025-07-07,0,,-871.0,0.0
SS,R,Zack Short,Tanner Bibee,R,8,CLE,HOU,home,3.04,HOU,670097.0,-1036.0,136.0,90.0,0,2025-07-07,0,,-900.0,0.0
DH,S,Sam Haggerty,Yusei Kikuchi,L,1,TEX,LAA,away,3.82,TEX,664059.0,-809.0,8.0,88.9,0,2025-07-07,0,,-801.0,0.0
SS,L,Corey Seager,Yusei Kikuchi,L,2,TEX,LAA,away,8.45,TEX,608369.0,-312.0,12.0,75.0,0,2025-07-07,1,,-300.0,0.0
2B,R,Marcus Semien,Yusei Kikuchi,L,3,TEX,LAA,away,5.57,TEX,543760.0,-521.0,-78.0,85.7,0,2025-07-07,0,,-599.0,0.0
RF,R,Adolis Garcia,Yusei Kikuchi,L,4,TEX,LAA,away,6.17,TEX,666969.0,-462.0,21.0,81.5,0,2025-07-07,0,,-441.0,0.0
LF,R,Wyatt Langford,Yusei Kikuchi,L,5,TEX,LAA,away,7.15,TEX,694671.0,-385.0,-36.0,80.8,0,2025-07-07,0,,-421.0,0.0
C,S,Jonah Heim,Yusei Kikuchi,L,6,TEX,LAA,away,4.2,TEX,641680.0,-726.0,185.0,84.4,0,2025-07-07,0,,-541.0,0.0
1B,R,Jake Burger,Yusei Kikuchi,L,7,TEX,LAA,away,7.32,TEX,669394.0,-374.0,-16.0,79.6,0,2025-07-07,0,,-390.0,0.0
3B,R,Ezequiel Duran,Yusei Kikuchi,L,8,TEX,LAA,away,3.99,TEX,677649.0,-770.0,-130.0,90.0,0,2025-07-07,0,,-900.0,0.0
SS,R,Zach Neto,Jacob deGrom,R,1,TEX,LAA,home,6.06,LAA,687263.0,-471.0,-4.0,82.6,0,2025-07-07,0,,-475.0,0.0
1B,L,Nolan Schanuel,Jacob deGrom,R,2,TEX,LAA,home,4.88,LAA,694384.0,-609.0,-243.0,89.5,0,2025-07-07,0,,-852.0,0.0
DH,R,Mike Trout,Jacob deGrom,R,3,TEX,LAA,home,7.54,LAA,545361.0,-361.0,20.0,77.3,0,2025-07-07,0,,-341.0,0.0
LF,R,Taylor Ward,Jacob deGrom,R,4,TEX,LAA,home,6.24,LAA,621493.0,-456.0,56.0,80.0,0,2025-07-07,0,,-400.0,0.0
CF,R,Jo Adell,Jacob deGrom,R,5,TEX,LAA,home,6.15,LAA,666176.0,-465.0,65.0,80.0,0,2025-07-07,0,,-400.0,0.0
RF,R,Jorge Soler,Jacob deGrom,R,6,TEX,LAA,home,5.66,LAA,624585.0,-513.0,87.0,81.0,0,2025-07-07,0,,-426.0,0.0
2B,S,Luis Rengifo,Jacob deGrom,R,7,TEX,LAA,home,3.68,LAA,650859.0,-843.0,-156.0,90.9,0,2025-07-07,0,,-999.0,0.0
C,R,Travis d'Arnaud,Jacob deGrom,R,8,TEX,LAA,home,2.79,LAA,518595.0,-1150.0,520.0,86.3,0,2025-07-07,1,,-630.0,0.0
RF,R,Fernando Tatis,Zac Gallen,R,1,ARI,SD,home,7.49,SD,665487.0,-363.0,68.0,74.7,0,2025-07-07,0,,-295.0,0.0
CF,L,Jackson Merrill,Zac Gallen,R,2,ARI,SD,home,6.79,SD,701538.0,-410.0,10.0,80.0,0,2025-07-07,0,,-400.0,0.0
3B,R,Manny Machado,Zac Gallen,R,3,ARI,SD,home,6.12,SD,592518.0,-468.0,148.0,76.2,0,2025-07-07,1,,-320.0,0.0
1B,L,Luis Arraez,Zac Gallen,R,4,ARI,SD,home,3.66,SD,650333.0,-852.0,-834.0,94.4,0,2025-07-07,0,,-1686.0,0.0
LF,L,Gavin Sheets,Zac Gallen,R,5,ARI,SD,home,5.72,SD,657757.0,-506.0,7.0,83.3,0,2025-07-07,0,,-499.0,0.0
SS,R,Xander Bogaerts,Zac Gallen,R,6,ARI,SD,home,3.82,SD,593428.0,-809.0,8.0,88.9,0,2025-07-07,0,,-801.0,0.0
2B,L,Jake Cronenworth,Zac Gallen,R,7,ARI,SD,home,5.76,SD,630105.0,-502.0,-47.0,84.6,0,2025-07-07,0,,-549.0,0.0
DH,L,Trenton Brooks,Zac Gallen,R,8,ARI,SD,home,6.11,SD,670092.0,-468.0,-213.0,87.2,0,2025-07-07,0,,-681.0,0.0
C,R,Martin Maldonado,Zac Gallen,R,9,ARI,SD,home,5.1,SD,455117.0,-580.0,-419.0,90.9,0,2025-07-07,0,,-999.0,0.0
SS,R,Trea Turner,Landen Roupp,R,1,PHI,SF,away,4.15,PHI,607208.0,-733.0,-68.0,88.9,0,2025-07-07,0,,-801.0,0.0
DH,L,Kyle Schwarber,Landen Roupp,R,2,PHI,SF,away,6.62,PHI,656941.0,-424.0,34.0,79.6,0,2025-07-07,0,,-390.0,0.0
1B,L,Bryce Harper,Landen Roupp,R,3,PHI,SF,away,3.95,PHI,547180.0,-777.0,228.0,84.6,0,2025-07-07,0,,-549.0,0.0
3B,R,Alec Bohm,Landen Roupp,R,4,PHI,SF,away,3.83,PHI,664761.0,-809.0,-390.0,92.3,0,2025-07-07,0,,-1199.0,0.0
RF,R,Nick Castellanos,Landen Roupp,R,5,PHI,SF,away,4.02,PHI,592206.0,-762.0,-90.0,89.5,0,2025-07-07,0,,-852.0,0.0
LF,L,Max Kepler,Landen Roupp,R,6,PHI,SF,away,3.44,PHI,596146.0,-910.0,58.0,89.5,0,2025-07-07,0,,-852.0,0.0
C,R,J.T. Realmuto,Landen Roupp,R,7,PHI,SF,away,3.75,PHI,592663.0,-826.0,-26.0,89.5,0,2025-07-07,0,,-852.0,0.0
2B,L,Bryson Stott,Landen Roupp,R,8,PHI,SF,away,3.38,PHI,681082.0,-931.0,-377.0,92.9,0,2025-07-07,0,,-1308.0,0.0
CF,L,Brandon Marsh,Landen Roupp,R,9,PHI,SF,away,3.75,PHI,669016.0,-826.0,-279.0,91.7,0,2025-07-07,0,,-1105.0,0.0
LF,R,Heliot Ramos,Cristopher Sanchez,L,1,PHI,SF,home,5.78,SF,671218.0,-499.0,-50.0,84.6,0,2025-07-07,0,,-549.0,0.0
DH,L,Rafael Devers,Cristopher Sanchez,L,2,PHI,SF,home,4.21,SF,646240.0,-726.0,177.0,84.6,0,2025-07-07,0,,-549.0,0.0
SS,R,Willy Adames,Cristopher Sanchez,L,3,PHI,SF,home,4.71,SF,642715.0,-635.0,-46.0,87.2,0,2025-07-07,0,,-681.0,0.0
3B,R,Matt Chapman,Cristopher Sanchez,L,4,PHI,SF,home,5.22,SF,656305.0,-567.0,118.0,81.8,0,2025-07-07,0,,-449.0,0.0
1B,R,Wilmer Flores,Cristopher Sanchez,L,5,PHI,SF,home,3.59,SF,527038.0,-871.0,70.0,88.9,0,2025-07-07,0,,-801.0,0.0
CF,L,Jung Hoo Lee,Cristopher Sanchez,L,7,PHI,SF,home,2.72,SF,808982.0,-1182.0,77.0,91.7,0,2025-07-07,0,,-1105.0,0.0
RF,R,Luis Matos,Cristopher Sanchez,L,8,PHI,SF,home,3.95,SF,682641.0,-777.0,-222.0,90.9,0,2025-07-07,0,,-999.0,0.0
C,S,Patrick Bailey,Cristopher Sanchez,L,9,PHI,SF,home,3.07,SF,672275.0,-1036.0,-163.0,92.3,0,2025-07-07,0,,-1199.0,0.0
LF,L,Brandon Nimmo,Brandon Young,R,1,NYM,BAL,away,6.48,NYM,607043.0,-435.0,115.0,76.2,0,2025-07-08,0,,-320.0,0.0
SS,S,Francisco Lindor,Brandon Young,R,2,NYM,BAL,away,6.51,NYM,596019.0,-432.0,122.0,75.6,0,2025-07-08,1,,-310.0,0.0
RF,L,Juan Soto,Brandon Young,R,3,NYM,BAL,away,9.39,NYM,665742.0,-269.0,29.0,70.6,0,2025-07-08,0,,-240.0,0.0
1B,R,Pete Alonso,Brandon Young,R,4,NYM,BAL,away,5.92,NYM,624413.0,-485.0,200.0,74.0,0,2025-07-08,1,,-285.0,0.0
DH,L,Jesse Winker,Brandon Young,R,5,NYM,BAL,away,5.29,NYM,608385.0,-558.0,9.0,84.6,0,2025-07-08,0,,-549.0,0.0
CF,L,Jeff McNeil,Brandon Young,R,6,NYM,BAL,away,4.29,NYM,643446.0,-706.0,231.0,82.6,0,2025-07-08,0,,-475.0,0.0
C,R,Luis Torrens,Brandon Young,R,7,NYM,BAL,away,4.89,NYM,620443.0,-609.0,-91.0,87.5,0,2025-07-08,0,,-700.0,0.0
3B,S,Ronny Mauricio,Brandon Young,R,8,NYM,BAL,away,4.45,NYM,677595.0,-681.0,132.0,84.6,0,2025-07-08,1,,-549.0,0.0
2B,L,Brett Baty,Brandon Young,R,9,NYM,BAL,away,4.91,NYM,683146.0,-609.0,10.0,85.7,0,2025-07-08,0,,-599.0,0.0
2B,L,Jackson Holliday,Clay Holmes,R,1,NYM,BAL,home,5.29,BAL,702616.0,-558.0,17.0,84.4,0,2025-07-08,1,,-541.0,0.0
3B,R,Jordan Westburg,Clay Holmes,R,2,NYM,BAL,home,4.97,BAL,676059.0,-599.0,128.0,82.5,0,2025-07-08,0,,-471.0,0.0
SS,L,Gunnar Henderson,Clay Holmes,R,3,NYM,BAL,home,4.81,BAL,683002.0,-619.0,250.0,78.7,0,2025-07-08,0,,-369.0,0.0
1B,L,Ryan O'Hearn,Clay Holmes,R,4,NYM,BAL,home,4.19,BAL,656811.0,-726.0,227.0,83.3,0,2025-07-08,0,,-499.0,0.0
RF,R,Ramon Laureano,Clay Holmes,R,5,NYM,BAL,home,3.72,BAL,657656.0,-835.0,236.0,85.7,0,2025-07-08,0,,-599.0,0.0
LF,L,Colton Cowser,Clay Holmes,R,6,NYM,BAL,home,4.58,BAL,681297.0,-658.0,268.0,79.6,0,2025-07-08,0,,-390.0,0.0
DH,R,Tyler O'Neill,Clay Holmes,R,7,NYM,BAL,home,4.71,BAL,641933.0,-635.0,160.0,82.6,0,2025-07-08,0,,-475.0,0.0
CF,L,Cedric Mullins,Clay Holmes,R,8,NYM,BAL,home,3.25,BAL,656775.0,-964.0,489.0,82.6,0,2025-07-08,0,,-475.0,0.0
C,R,Jacob Stallings,Clay Holmes,R,9,NYM,BAL,home,2.5,BAL,607732.0,-1289.0,184.0,91.7,0,2025-07-08,0,,-1105.0,0.0
DH,R,Yandy Diaz,Jack Flaherty,R,1,TB,DET,away,4.94,TB,650490.0,-604.0,254.0,77.8,0,2025-07-08,0,,-350.0,0.0
1B,L,Jonathan Aranda,Jack Flaherty,R,2,TB,DET,away,6.61,TB,666018.0,-426.0,0.0,81.0,0,2025-07-08,1,,-426.0,0.0
3B,R,Junior Caminero,Jack Flaherty,R,3,TB,DET,away,6.55,TB,691406.0,-429.0,29.0,80.0,0,2025-07-08,0,,-400.0,0.0
RF,L,Josh Lowe,Jack Flaherty,R,4,TB,DET,away,5.42,TB,666139.0,-541.0,-58.0,85.7,0,2025-07-08,0,,-599.0,0.0
SS,R,Ha-Seong Kim,Jack Flaherty,R,5,TB,DET,away,3.72,TB,673490.0,-835.0,-17.0,89.5,0,2025-07-08,0,,-852.0,0.0
LF,S,Jake Mangum,Jack Flaherty,R,6,TB,DET,away,3.51,TB,663968.0,-890.0,-503.0,93.3,0,2025-07-08,0,,-1393.0,0.0
CF,L,Chandler Simpson,Jack Flaherty,R,7,TB,DET,away,3.26,TB,802415.0,-964.0,-1262.0,95.7,0,2025-07-08,0,,-2226.0,0.0
2B,R,Jose Caballero,Jack Flaherty,R,8,TB,DET,away,3.4,TB,676609.0,-920.0,-185.0,91.7,0,2025-07-08,0,,-1105.0,0.0
C,L,Matt Thaiss,Jack Flaherty,R,9,TB,DET,away,4.74,TB,642136.0,-630.0,-222.0,89.5,0,2025-07-08,0,,-852.0,0.0
DH,L,Colt Keith,Ryan Pepiot,R,1,TB,DET,home,6.6,DET,690993.0,-426.0,-123.0,84.6,0,2025-07-08,1,,-549.0,0.0
2B,R,Gleyber Torres,Ryan Pepiot,R,2,TB,DET,home,4.85,DET,650402.0,-614.0,-38.0,86.7,0,2025-07-08,0,,-652.0,0.0
LF,L,Riley Greene,Ryan Pepiot,R,3,TB,DET,home,7.3,DET,682985.0,-376.0,-14.0,79.6,0,2025-07-08,0,,-390.0,0.0
1B,R,Spencer Torkelson,Ryan Pepiot,R,4,TB,DET,home,5.2,DET,679529.0,-567.0,146.0,80.8,0,2025-07-08,1,,-421.0,0.0
RF,S,Wenceel Perez,Ryan Pepiot,R,5,TB,DET,home,5.74,DET,672761.0,-506.0,-394.0,90.0,0,2025-07-08,0,,-900.0,0.0
C,R,Dillon Dingler,Ryan Pepiot,R,6,TB,DET,home,4.35,DET,693307.0,-700.0,48.0,86.7,0,2025-07-08,0,,-652.0,0.0
3B,L,Zach McKinstry,Ryan Pepiot,R,7,TB,DET,home,4.06,DET,656716.0,-755.0,-145.0,90.0,0,2025-07-08,0,,-900.0,0.0
CF,R,Matt Vierling,Ryan Pepiot,R,8,TB,DET,home,5.46,DET,663837.0,-537.0,-163.0,87.5,0,2025-07-08,0,,-700.0,0.0
SS,R,Javier Baez,Ryan Pepiot,R,9,TB,DET,home,1.57,DET,595879.0,-2122.0,1523.0,85.7,0,2025-07-08,0,,-599.0,0.0
SS,L,J.P. Crawford,Will Warren,R,1,SEA,NYY,away,5.43,SEA,641487.0,-541.0,-159.0,87.5,0,2025-07-08,0,,-700.0,0.0
DH,R,Johnathan Rodriguez,Hunter Brown,R,8,CLE,HOU,away,2.81,CLE,671286.0,-1135.0,,,0,2025-07-08,0,,,0.0
C,S,Cal Raleigh,Will Warren,R,3,SEA,NYY,away,8.88,SEA,663728.0,-291.0,116.0,63.6,0,2025-07-08,1,,-175.0,0.0
LF,R,Randy Arozarena,Will Warren,R,4,SEA,NYY,away,5.38,SEA,668227.0,-545.0,64.0,82.8,0,2025-07-08,0,,-481.0,0.0
DH,S,Jorge Polanco,Will Warren,R,5,SEA,NYY,away,6.66,SEA,593871.0,-421.0,-5.0,81.0,0,2025-07-08,0,,-426.0,0.0
1B,L,Luke Raley,Will Warren,R,6,SEA,NYY,away,7.5,SEA,670042.0,-363.0,-86.0,81.8,0,2025-07-08,0,,-449.0,0.0
RF,L,Dominic Canzone,Will Warren,R,7,SEA,NYY,away,6.78,SEA,686527.0,-413.0,32.0,79.2,0,2025-07-08,0,,-381.0,0.0
3B,R,Ben Williamson,Will Warren,R,8,SEA,NYY,away,3.31,SEA,810938.0,-953.0,-355.0,92.9,0,2025-07-08,0,,-1308.0,0.0
2B,L,Cole Young,Will Warren,R,9,SEA,NYY,away,4.58,SEA,702284.0,-658.0,-194.0,89.5,0,2025-07-08,0,,-852.0,0.0
LF,S,Jasson Dominguez,Logan Gilbert,R,1,SEA,NYY,home,5.43,NYY,691176.0,-541.0,221.0,76.2,0,2025-07-08,0,,-320.0,0.0
RF,R,Aaron Judge,Logan Gilbert,R,2,SEA,NYY,home,8.75,NYY,592450.0,-297.0,111.0,65.0,0,2025-07-08,1,,-186.0,0.0
CF,L,Cody Bellinger,Logan Gilbert,R,3,SEA,NYY,home,5.03,NYY,641355.0,-590.0,261.0,76.7,0,2025-07-08,0,,-329.0,0.0
DH,R,Giancarlo Stanton,Logan Gilbert,R,4,SEA,NYY,home,6.31,NYY,519317.0,-449.0,149.0,75.0,0,2025-07-08,1,,-300.0,0.0
2B,L,Jazz Chisholm,Logan Gilbert,R,5,SEA,NYY,home,7.26,NYY,665862.0,-378.0,83.0,74.7,0,2025-07-08,0,,-295.0,0.0
1B,R,Paul Goldschmidt,Logan Gilbert,R,6,SEA,NYY,home,4.6,NYY,502671.0,-652.0,153.0,83.3,0,2025-07-08,0,,-499.0,0.0
C,L,Austin Wells,Logan Gilbert,R,7,SEA,NYY,home,5.87,NYY,669224.0,-492.0,182.0,75.6,0,2025-07-08,1,,-310.0,0.0
SS,R,Anthony Volpe,Logan Gilbert,R,8,SEA,NYY,home,3.75,NYY,683011.0,-826.0,25.0,88.9,0,2025-07-08,0,,-801.0,0.0
3B,R,Oswald Peraza,Logan Gilbert,R,9,SEA,NYY,home,4.86,NYY,672724.0,-614.0,-187.0,88.9,0,2025-07-08,0,,-801.0,0.0
RF,R,Tyler Freeman,Brayan Bello,R,1,COL,BOS,away,3.05,COL,671289.0,-1036.0,37.0,90.9,0,2025-07-08,0,,-999.0,0.0
C,R,Hunter Goodman,Brayan Bello,R,2,COL,BOS,away,5.96,COL,696100.0,-481.0,32.0,81.8,0,2025-07-08,1,,-449.0,0.0
DH,L,Mickey Moniak,Brayan Bello,R,3,COL,BOS,away,5.46,COL,666160.0,-537.0,38.0,83.3,0,2025-07-08,0,,-499.0,0.0
LF,R,Jordan Beck,Brayan Bello,R,4,COL,BOS,away,4.35,COL,687597.0,-700.0,-101.0,88.9,0,2025-07-08,0,,-801.0,0.0
1B,S,Michael Toglia,Brayan Bello,R,5,COL,BOS,away,5.67,COL,669911.0,-513.0,-36.0,84.6,0,2025-07-08,0,,-549.0,0.0
3B,L,Ryan McMahon,Brayan Bello,R,6,COL,BOS,away,6.25,COL,641857.0,-456.0,-143.0,85.7,0,2025-07-08,0,,-599.0,0.0
CF,R,Brenton Doyle,Brayan Bello,R,7,COL,BOS,away,5.41,COL,686668.0,-541.0,-260.0,88.9,0,2025-07-08,0,,-801.0,0.0
2B,R,Orlando Arcia,Brayan Bello,R,8,COL,BOS,away,3.15,COL,606115.0,-999.0,-309.0,92.9,0,2025-07-08,0,,-1308.0,0.0
3B,R,Nate Eaton,Kyle Freeland,L,1,COL,BOS,home,5.79,BOS,681987.0,-499.0,-182.0,87.2,0,2025-07-08,0,,-681.0,0.0
2B,R,Romy Gonzalez,Kyle Freeland,L,2,COL,BOS,home,7.17,BOS,663853.0,-383.0,-38.0,80.8,0,2025-07-08,0,,-421.0,0.0
DH,R,Rob Refsnyder,Kyle Freeland,L,4,COL,BOS,home,7.29,BOS,608701.0,-376.0,-95.0,82.5,0,2025-07-08,0,,-471.0,0.0
SS,R,Trevor Story,Kyle Freeland,L,5,COL,BOS,home,4.99,BOS,596115.0,-594.0,194.0,80.0,0,2025-07-08,1,,-400.0,0.0
CF,R,Ceddanne Rafaela,Kyle Freeland,L,6,COL,BOS,home,6.38,BOS,678882.0,-443.0,-6.0,81.8,0,2025-07-08,0,,-449.0,0.0
LF,L,Jarren Duran,Kyle Freeland,L,7,COL,BOS,home,4.48,BOS,680776.0,-675.0,-6.0,87.2,0,2025-07-08,1,,-681.0,0.0
1B,S,Abraham Toro,Kyle Freeland,L,8,COL,BOS,home,4.1,BOS,647351.0,-747.0,117.0,86.3,0,2025-07-08,0,,-630.0,0.0
C,R,Connor Wong,Kyle Freeland,L,9,COL,BOS,home,4.29,BOS,657136.0,-706.0,-95.0,88.9,0,2025-07-08,0,,-801.0,0.0
2B,S,Xavier Edwards,Nick Martinez,R,1,MIA,CIN,away,3.56,MIA,669364.0,-871.0,-234.0,91.7,0,2025-07-08,0,,-1105.0,0.0
RF,L,Jesus Sanchez,Nick Martinez,R,2,MIA,CIN,away,7.38,MIA,660821.0,-369.0,40.0,76.7,0,2025-07-08,0,,-329.0,0.0
SS,R,Otto Lopez,Nick Martinez,R,3,MIA,CIN,away,4.51,MIA,672640.0,-669.0,120.0,84.6,0,2025-07-08,0,,-549.0,0.0
C,R,Agustin Ramirez,Nick Martinez,R,4,MIA,CIN,away,5.63,MIA,682663.0,-517.0,188.0,76.7,0,2025-07-08,0,,-329.0,0.0
LF,L,Kyle Stowers,Nick Martinez,R,5,MIA,CIN,away,6.75,MIA,669065.0,-413.0,93.0,76.2,0,2025-07-08,0,,-320.0,0.0
3B,R,Connor Norby,Nick Martinez,R,6,MIA,CIN,away,4.59,MIA,681393.0,-658.0,159.0,83.3,0,2025-07-08,0,,-499.0,0.0
1B,L,Liam Hicks,Nick Martinez,R,7,MIA,CIN,away,3.78,MIA,689414.0,-817.0,70.0,88.2,0,2025-07-08,0,,-747.0,0.0
DH,R,Heriberto Hernandez,Nick Martinez,R,8,MIA,CIN,away,4.6,MIA,681715.0,-652.0,94.0,84.8,0,2025-07-08,0,,-558.0,0.0
CF,R,Dane Myers,Nick Martinez,R,9,MIA,CIN,away,4.55,MIA,667472.0,-663.0,64.0,85.7,0,2025-07-08,0,,-599.0,0.0
CF,L,TJ Friedl,Eury Perez,R,1,MIA,CIN,home,5.1,CIN,670770.0,-580.0,154.0,81.0,0,2025-07-08,0,,-426.0,0.0
2B,R,Matt McLain,Eury Perez,R,2,MIA,CIN,home,5.63,CIN,680574.0,-517.0,167.0,77.8,0,2025-07-08,1,,-350.0,0.0
SS,S,Elly De La Cruz,Eury Perez,R,3,MIA,CIN,home,8.52,CIN,682829.0,-307.0,22.0,74.0,0,2025-07-08,0,,-285.0,0.0
DH,R,Austin Hays,Eury Perez,R,4,MIA,CIN,home,5.69,CIN,669720.0,-510.0,169.0,77.3,0,2025-07-08,0,,-341.0,0.0
LF,L,Gavin Lux,Eury Perez,R,5,MIA,CIN,home,5.79,CIN,666158.0,-499.0,-201.0,87.5,0,2025-07-08,0,,-700.0,0.0
1B,R,Spencer Steer,Eury Perez,R,6,MIA,CIN,home,4.52,CIN,668715.0,-669.0,243.0,81.0,0,2025-07-08,0,,-426.0,0.0
RF,L,Will Benson,Eury Perez,R,7,MIA,CIN,home,10.71,CIN,666181.0,-224.0,-202.0,81.0,0,2025-07-08,0,,-426.0,0.0
C,R,Jose Trevino,Eury Perez,R,8,MIA,CIN,home,3.21,CIN,624431.0,-975.0,417.0,84.8,0,2025-07-08,0,,-558.0,0.0
3B,R,Noelvi Marte,Eury Perez,R,9,MIA,CIN,home,4.21,CIN,682622.0,-726.0,227.0,83.3,0,2025-07-08,0,,-499.0,0.0
CF,L,Nathan Lukes,Aaron Civale,R,1,TOR,CWS,away,5.06,TOR,664770.0,-585.0,36.0,84.6,0,2025-07-08,0,,-549.0,0.0
DH,R,George Springer,Aaron Civale,R,2,TOR,CWS,away,6.75,TOR,543807.0,-413.0,113.0,75.0,0,2025-07-08,0,,-300.0,0.0
1B,R,Vladimir Guerrero,Aaron Civale,R,3,TOR,CWS,away,7.3,TOR,665489.0,-376.0,101.0,73.3,0,2025-07-08,0,,-275.0,0.0
SS,R,Bo Bichette,Aaron Civale,R,4,TOR,CWS,away,4.54,TOR,666182.0,-663.0,313.0,77.8,0,2025-07-08,0,,-350.0,0.0
3B,L,Addison Barger,Aaron Civale,R,5,TOR,CWS,away,6.33,TOR,680718.0,-449.0,184.0,72.6,0,2025-07-08,0,,-265.0,0.0
C,R,Alejandro Kirk,Aaron Civale,R,6,TOR,CWS,away,4.65,TOR,672386.0,-646.0,197.0,81.8,0,2025-07-08,0,,-449.0,0.0
RF,L,Joey Loperfido,Aaron Civale,R,7,TOR,CWS,away,4.46,TOR,694388.0,-675.0,176.0,83.3,0,2025-07-08,0,,-499.0,0.0
2B,R,Ernie Clement,Aaron Civale,R,8,TOR,CWS,away,2.87,TOR,676391.0,-1105.0,453.0,86.7,0,2025-07-08,0,,-652.0,0.0
LF,R,Davis Schneider,Aaron Civale,R,9,TOR,CWS,away,3.85,TOR,676914.0,-801.0,202.0,85.7,0,2025-07-08,1,,-599.0,0.0
RF,L,Mike Tauchman,Chris Bassitt,R,1,TOR,CWS,home,6.16,CWS,643565.0,-462.0,-87.0,84.6,0,2025-07-08,0,,-549.0,0.0
2B,R,Lenyn Sosa,Chris Bassitt,R,2,TOR,CWS,home,4.83,CWS,672820.0,-619.0,20.0,85.7,0,2025-07-08,0,,-599.0,0.0
DH,L,Andrew Benintendi,Chris Bassitt,R,3,TOR,CWS,home,6.67,CWS,643217.0,-421.0,-78.0,83.3,0,2025-07-08,0,,-499.0,0.0
1B,R,Miguel Vargas,Chris Bassitt,R,4,TOR,CWS,home,5.07,CWS,678246.0,-585.0,64.0,83.9,0,2025-07-08,0,,-521.0,0.0
C,L,Kyle Teel,Chris Bassitt,R,5,TOR,CWS,home,6.03,CWS,691019.0,-475.0,-206.0,87.2,0,2025-07-08,0,,-681.0,0.0
CF,R,Luis Robert,Chris Bassitt,R,6,TOR,CWS,home,5.01,CWS,673357.0,-594.0,45.0,84.6,0,2025-07-08,0,,-549.0,0.0
3B,L,Josh Rojas,Chris Bassitt,R,9,TOR,CWS,home,4.74,CWS,668942.0,-630.0,-369.0,90.9,0,2025-07-08,1,,-999.0,0.0
1B,L,Spencer Horwitz,Seth Lugo,R,1,PIT,KC,away,5.53,PIT,687462.0,-529.0,-272.0,88.9,0,2025-07-08,0,,-801.0,0.0
RF,S,Bryan Reynolds,Seth Lugo,R,3,PIT,KC,away,5.31,PIT,668804.0,-554.0,-45.0,85.7,0,2025-07-08,0,,-599.0,0.0
2B,R,Nick Gonzales,Seth Lugo,R,4,PIT,KC,away,3.86,PIT,693304.0,-801.0,0.0,88.9,0,2025-07-08,1,,-801.0,0.0
CF,L,Oneil Cruz,Seth Lugo,R,5,PIT,KC,away,7.74,PIT,665833.0,-348.0,-101.0,81.8,0,2025-07-08,1,,-449.0,0.0
3B,R,Ke'Bryan Hayes,Seth Lugo,R,6,PIT,KC,away,3.46,PIT,663647.0,-900.0,-205.0,91.7,0,2025-07-08,0,,-1105.0,0.0
LF,R,Tommy Pham,Seth Lugo,R,7,PIT,KC,away,3.68,PIT,502054.0,-843.0,-220.0,91.4,0,2025-07-08,0,,-1063.0,0.0
SS,R,Isiah Kiner-Falefa,Seth Lugo,R,9,PIT,KC,away,2.69,PIT,643396.0,-1182.0,-211.0,93.3,0,2025-07-08,0,,-1393.0,0.0
DH,R,Jonathan India,Mitch Keller,R,1,PIT,KC,home,3.79,KC,663697.0,-817.0,117.0,87.5,0,2025-07-08,0,,-700.0,0.0
SS,R,Bobby Witt,Mitch Keller,R,2,PIT,KC,home,6.23,KC,677951.0,-456.0,7.0,81.8,0,2025-07-08,0,,-449.0,0.0
1B,L,Vinnie Pasquantino,Mitch Keller,R,3,PIT,KC,home,4.68,KC,686469.0,-641.0,92.0,84.6,0,2025-07-08,0,,-549.0,0.0
3B,R,Maikel Garcia,Mitch Keller,R,4,PIT,KC,home,3.3,KC,672580.0,-953.0,53.0,90.0,0,2025-07-08,0,,-900.0,0.0
C,R,Salvador Perez,Mitch Keller,R,5,PIT,KC,home,4.84,KC,521692.0,-619.0,144.0,82.6,0,2025-07-08,0,,-475.0,0.0
RF,L,Jac Caglianone,Mitch Keller,R,6,PIT,KC,home,4.54,KC,695506.0,-663.0,-84.0,88.2,0,2025-07-08,1,,-747.0,0.0
2B,R,Nick Loftin,Mitch Keller,R,7,PIT,KC,home,3.54,KC,679845.0,-880.0,-119.0,90.9,0,2025-07-08,1,,-999.0,0.0
LF,L,John Rave,Mitch Keller,R,8,PIT,KC,home,4.44,KC,670231.0,-681.0,-318.0,90.9,0,2025-07-08,0,,-999.0,0.0
CF,L,Kyle Isbel,Mitch Keller,R,9,PIT,KC,home,3.34,KC,664728.0,-942.0,-57.0,90.9,0,2025-07-08,0,,-999.0,0.0
DH,L,Shohei Ohtani,Jacob Misiorowski,R,1,LAD,MIL,away,10.08,LAD,660271.0,-245.0,85.0,61.5,0,2025-07-08,1,,-160.0,0.0
SS,R,Mookie Betts,Jacob Misiorowski,R,2,LAD,MIL,away,3.5,LAD,605141.0,-890.0,464.0,81.0,0,2025-07-08,0,,-426.0,0.0
1B,L,Freddie Freeman,Jacob Misiorowski,R,3,LAD,MIL,away,5.41,LAD,518692.0,-541.0,115.0,81.0,0,2025-07-08,0,,-426.0,0.0
RF,R,Andy Pages,Jacob Misiorowski,R,4,LAD,MIL,away,2.48,LAD,681624.0,-1308.0,833.0,82.6,0,2025-07-08,0,,-475.0,0.0
LF,L,Michael Conforto,Jacob Misiorowski,R,5,LAD,MIL,away,2.67,LAD,624424.0,-1199.0,718.0,82.8,0,2025-07-08,0,,-481.0,0.0
2B,L,Hyeseong Kim,Jacob Misiorowski,R,6,LAD,MIL,away,2.01,LAD,808975.0,-1624.0,823.0,88.9,1,2025-07-08,0,,-801.0,1.25
C,L,Dalton Rushing,Jacob Misiorowski,R,7,LAD,MIL,away,4.15,LAD,687221.0,-733.0,81.0,86.7,0,2025-07-08,0,,-652.0,0.0
CF,L,James Outman,Jacob Misiorowski,R,8,LAD,MIL,away,8.44,LAD,681546.0,-312.0,-209.0,83.9,0,2025-07-08,0,,-521.0,0.0
3B,R,Miguel Rojas,Jacob Misiorowski,R,9,LAD,MIL,away,2.32,LAD,500743.0,-1393.0,646.0,88.2,1,2025-07-08,0,,-747.0,1.34
CF,R,Jackson Chourio,Clayton Kershaw,L,1,LAD,MIL,home,5.26,MIL,694192.0,-558.0,59.0,83.3,0,2025-07-08,0,,-499.0,0.0
C,R,William Contreras,Clayton Kershaw,L,2,LAD,MIL,home,4.82,MIL,661388.0,-619.0,170.0,81.8,0,2025-07-08,0,,-449.0,0.0
DH,L,Christian Yelich,Clayton Kershaw,L,3,LAD,MIL,home,4.42,MIL,592885.0,-687.0,297.0,79.6,0,2025-07-08,0,,-390.0,0.0
LF,S,Isaac Collins,Clayton Kershaw,L,4,LAD,MIL,home,2.93,MIL,686555.0,-1090.0,438.0,86.7,0,2025-07-08,0,,-652.0,0.0
RF,L,Sal Frelick,Clayton Kershaw,L,6,LAD,MIL,home,2.58,MIL,686217.0,-1251.0,450.0,88.9,1,2025-07-08,1,,-801.0,-10.0
1B,R,Andrew Vaughn,Clayton Kershaw,L,7,LAD,MIL,home,5.39,MIL,683734.0,-545.0,96.0,81.8,0,2025-07-08,0,,-449.0,0.0
2B,L,Brice Turang,Clayton Kershaw,L,8,LAD,MIL,home,2.84,MIL,668930.0,-1120.0,268.0,89.5,1,2025-07-08,0,,-852.0,1.17
SS,R,Joey Ortiz,Clayton Kershaw,L,9,LAD,MIL,home,3.73,MIL,687401.0,-835.0,-17.0,89.5,0,2025-07-08,0,,-852.0,0.0
LF,S,Ian Happ,Simeon Woods Richardson,R,1,CHC,MIN,away,5.67,CHC,664023.0,-513.0,123.0,79.6,0,2025-07-08,0,,-390.0,0.0
RF,L,Kyle Tucker,Simeon Woods Richardson,R,2,CHC,MIN,away,7.37,CHC,663656.0,-372.0,52.0,76.2,0,2025-07-08,0,,-320.0,0.0
DH,R,Seiya Suzuki,Simeon Woods Richardson,R,3,CHC,MIN,away,6.29,CHC,673548.0,-452.0,167.0,74.0,0,2025-07-08,0,,-285.0,0.0
CF,L,Pete Crow-Armstrong,Simeon Woods Richardson,R,4,CHC,MIN,away,6.29,CHC,691718.0,-452.0,123.0,76.7,0,2025-07-08,0,,-329.0,0.0
1B,L,Michael Busch,Simeon Woods Richardson,R,5,CHC,MIN,away,7.45,CHC,683737.0,-365.0,36.0,76.7,0,2025-07-08,0,,-329.0,0.0
SS,R,Dansby Swanson,Simeon Woods Richardson,R,6,CHC,MIN,away,4.7,CHC,621020.0,-641.0,200.0,81.5,0,2025-07-08,0,,-441.0,0.0
C,R,Carson Kelly,Simeon Woods Richardson,R,7,CHC,MIN,away,2.06,CHC,608348.0,-1595.0,1074.0,83.9,0,2025-07-08,0,,-521.0,0.0
2B,R,Nico Hoerner,Simeon Woods Richardson,R,8,CHC,MIN,away,2.8,CHC,663538.0,-1135.0,136.0,90.9,0,2025-07-08,0,,-999.0,0.0
3B,R,Matt Shaw,Simeon Woods Richardson,R,9,CHC,MIN,away,3.41,CHC,807713.0,-920.0,68.0,89.5,0,2025-07-08,0,,-852.0,0.0
CF,R,Byron Buxton,Shota Imanaga,L,1,CHC,MIN,home,6.78,MIN,621439.0,-413.0,188.0,69.2,0,2025-07-08,0,,-225.0,0.0
DH,R,Ryan Jeffers,Shota Imanaga,L,2,CHC,MIN,home,5.43,MIN,680777.0,-541.0,151.0,79.6,0,2025-07-08,1,,-390.0,0.0
RF,S,Willi Castro,Shota Imanaga,L,3,CHC,MIN,home,3.94,MIN,650489.0,-777.0,278.0,83.3,0,2025-07-08,1,,-499.0,0.0
SS,R,Carlos Correa,Shota Imanaga,L,4,CHC,MIN,home,5.38,MIN,621043.0,-545.0,119.0,81.0,0,2025-07-08,0,,-426.0,0.0
3B,R,Royce Lewis,Shota Imanaga,L,5,CHC,MIN,home,6.13,MIN,668904.0,-465.0,-10.0,82.6,0,2025-07-08,0,,-475.0,0.0
LF,R,Harrison Bader,Shota Imanaga,L,6,CHC,MIN,home,5.55,MIN,664056.0,-525.0,144.0,79.2,0,2025-07-08,1,,-381.0,0.0
1B,R,Ty France,Shota Imanaga,L,7,CHC,MIN,home,4.95,MIN,664034.0,-599.0,0.0,85.7,0,2025-07-08,0,,-599.0,0.0
2B,S,Brooks Lee,Shota Imanaga,L,8,CHC,MIN,home,3.56,MIN,686797.0,-871.0,171.0,87.5,0,2025-07-08,0,,-700.0,0.0
C,R,Christian Vazquez,Shota Imanaga,L,9,CHC,MIN,home,3.57,MIN,543877.0,-871.0,70.0,88.9,0,2025-07-08,0,,-801.0,0.0
SS,L,CJ Abrams,Sonny Gray,R,1,WSH,STL,away,5.71,WSH,682928.0,-506.0,-365.0,89.7,0,2025-07-08,0,,-871.0,0.0
LF,L,James Wood,Sonny Gray,R,2,WSH,STL,away,7.34,WSH,695578.0,-372.0,-127.0,83.3,0,2025-07-08,0,,-499.0,0.0
2B,L,Luis Garcia,Sonny Gray,R,3,WSH,STL,away,6.16,WSH,671277.0,-462.0,-438.0,90.0,0,2025-07-08,0,,-900.0,0.0
1B,L,Nathaniel Lowe,Sonny Gray,R,4,WSH,STL,away,5.05,WSH,663993.0,-585.0,-216.0,88.9,0,2025-07-08,0,,-801.0,0.0
DH,S,Josh Bell,Sonny Gray,R,5,WSH,STL,away,5.65,WSH,605137.0,-513.0,-288.0,88.9,0,2025-07-08,0,,-801.0,0.0
RF,L,Daylen Lile,Sonny Gray,R,7,WSH,STL,away,4.08,WSH,695734.0,-747.0,-358.0,91.7,0,2025-07-08,0,,-1105.0,0.0
CF,R,Jacob Young,Sonny Gray,R,9,WSH,STL,away,2.51,WSH,696285.0,-1289.0,-611.0,95.0,0,2025-07-08,0,,-1900.0,0.0
LF,L,Brendan Donovan,Jake Irvin,R,1,WSH,STL,home,5.29,STL,680977.0,-558.0,9.0,84.6,0,2025-07-08,1,,-549.0,0.0
SS,R,Masyn Winn,Jake Irvin,R,2,WSH,STL,home,3.94,STL,691026.0,-777.0,-24.0,88.9,0,2025-07-08,0,,-801.0,0.0
DH,L,Alec Burleson,Jake Irvin,R,3,WSH,STL,home,5.21,STL,676475.0,-567.0,141.0,81.0,0,2025-07-08,0,,-426.0,0.0
3B,L,Nolan Gorman,Jake Irvin,R,5,WSH,STL,home,6.63,STL,669357.0,-424.0,83.0,77.3,0,2025-07-08,0,,-341.0,0.0
RF,L,Lars Nootbaar,Jake Irvin,R,7,WSH,STL,home,5.65,STL,663457.0,-513.0,113.0,80.0,0,2025-07-08,1,,-400.0,0.0
C,R,Pedro Pages,Jake Irvin,R,8,WSH,STL,home,4.09,STL,686780.0,-747.0,272.0,82.6,0,2025-07-08,0,,-475.0,0.0
LF,L,Steven Kwan,Hunter Brown,R,1,CLE,HOU,away,3.66,CLE,680757.0,-852.0,,,0,2025-07-08,0,,,0.0
RF,L,Nolan Jones,Hunter Brown,R,2,CLE,HOU,away,5.51,CLE,666134.0,-529.0,,,0,2025-07-08,0,,,0.0
3B,S,Jose Ramirez,Hunter Brown,R,3,CLE,HOU,away,5.12,CLE,608070.0,-576.0,,,0,2025-07-08,1,,,0.0
1B,S,Carlos Santana,Hunter Brown,R,4,CLE,HOU,away,4.54,CLE,467793.0,-663.0,,,0,2025-07-08,0,,,0.0
2B,L,Daniel Schneemann,Hunter Brown,R,5,CLE,HOU,away,5.51,CLE,682177.0,-529.0,,,0,2025-07-08,0,,,0.0
CF,S,Angel Martinez,Hunter Brown,R,6,CLE,HOU,away,3.03,CLE,682657.0,-1049.0,,,0,2025-07-08,1,,,0.0
C,L,Bo Naylor,Hunter Brown,R,7,CLE,HOU,away,4.99,CLE,666310.0,-594.0,,,0,2025-07-08,0,,,0.0
SS,S,Brayan Rocchio,Hunter Brown,R,9,CLE,HOU,away,2.98,CLE,677587.0,-1063.0,,,0,2025-07-08,1,,,0.0
3B,R,Isaac Paredes,Joey Cantillo,L,1,CLE,HOU,home,3.8,HOU,670623.0,-809.0,,,0,2025-07-08,0,,,0.0
RF,R,Cam Smith,Joey Cantillo,L,2,CLE,HOU,home,5.51,HOU,701358.0,-529.0,,,0,2025-07-08,0,,,0.0
DH,R,Jose Altuve,Joey Cantillo,L,3,CLE,HOU,home,4.02,HOU,514888.0,-762.0,,,0,2025-07-08,0,,,0.0
C,R,Yainer Diaz,Joey Cantillo,L,4,CLE,HOU,home,4.2,HOU,673237.0,-726.0,,,0,2025-07-08,0,,,0.0
1B,S,Victor Caratini,Joey Cantillo,L,5,CLE,HOU,home,4.04,HOU,605170.0,-762.0,,,0,2025-07-08,0,,,0.0
LF,S,Cooper Hummel,Joey Cantillo,L,6,CLE,HOU,home,3.06,HOU,669450.0,-1036.0,,,0,2025-07-08,0,,,0.0
2B,R,Mauricio Dubon,Joey Cantillo,L,7,CLE,HOU,home,2.63,HOU,643289.0,-1216.0,,,0,2025-07-08,0,,,0.0
SS,R,Zack Short,Joey Cantillo,L,8,CLE,HOU,home,2.55,HOU,670097.0,-1270.0,,,0,2025-07-08,0,,,0.0
3B,L,Josh Smith,Jose Soriano,R,1,TEX,LAA,away,5.06,TEX,669701.0,-585.0,-115.0,87.5,0,2025-07-08,0,,-700.0,0.0
SS,L,Corey Seager,Jose Soriano,R,2,TEX,LAA,away,7.28,TEX,608369.0,-376.0,-14.0,79.6,0,2025-07-08,1,,-390.0,0.0
2B,R,Marcus Semien,Jose Soriano,R,3,TEX,LAA,away,4.29,TEX,543760.0,-706.0,157.0,84.6,0,2025-07-08,0,,-549.0,0.0
RF,R,Adolis Garcia,Jose Soriano,R,4,TEX,LAA,away,6.03,TEX,666969.0,-475.0,49.0,81.0,0,2025-07-08,0,,-426.0,0.0
CF,L,Evan Carter,Jose Soriano,R,5,TEX,LAA,away,5.79,TEX,694497.0,-499.0,-50.0,84.6,0,2025-07-08,0,,-549.0,0.0
LF,R,Wyatt Langford,Jose Soriano,R,6,TEX,LAA,away,5.06,TEX,694671.0,-585.0,114.0,82.5,0,2025-07-08,1,,-471.0,0.0
C,S,Jonah Heim,Jose Soriano,R,7,TEX,LAA,away,5.12,TEX,641680.0,-576.0,-124.0,87.5,0,2025-07-08,0,,-700.0,0.0
1B,R,Jake Burger,Jose Soriano,R,8,TEX,LAA,away,5.96,TEX,669394.0,-481.0,32.0,81.8,0,2025-07-08,1,,-449.0,0.0
DH,R,Kyle Higashioka,Jose Soriano,R,9,TEX,LAA,away,3.9,TEX,543309.0,-793.0,194.0,85.7,0,2025-07-08,0,,-599.0,0.0
SS,R,Zach Neto,Nathan Eovaldi,R,1,TEX,LAA,home,5.7,LAA,687263.0,-510.0,84.0,81.0,0,2025-07-08,0,,-426.0,0.0
1B,L,Nolan Schanuel,Nathan Eovaldi,R,2,TEX,LAA,home,4.49,LAA,694384.0,-675.0,23.0,86.7,0,2025-07-08,0,,-652.0,0.0
DH,R,Mike Trout,Nathan Eovaldi,R,3,TEX,LAA,home,7.66,LAA,545361.0,-352.0,67.0,74.0,0,2025-07-08,0,,-285.0,0.0
LF,R,Taylor Ward,Nathan Eovaldi,R,4,TEX,LAA,home,6.55,LAA,621493.0,-429.0,60.0,78.7,0,2025-07-08,0,,-369.0,0.0
CF,R,Jo Adell,Nathan Eovaldi,R,5,TEX,LAA,home,5.44,LAA,666176.0,-537.0,187.0,77.8,0,2025-07-08,0,,-350.0,0.0
C,R,Logan O'Hoppe,Nathan Eovaldi,R,7,TEX,LAA,home,6.22,LAA,681351.0,-459.0,10.0,81.8,0,2025-07-08,0,,-449.0,0.0
2B,S,Luis Rengifo,Nathan Eovaldi,R,9,TEX,LAA,home,3.56,LAA,650859.0,-871.0,70.0,88.9,0,2025-07-08,0,,-801.0,0.0
RF,L,Corbin Carroll,Nick Pivetta,R,1,ARI,SD,away,6.89,ARI,682998.0,-403.0,108.0,74.7,0,2025-07-08,0,,-295.0,0.0
2B,S,Ketel Marte,Nick Pivetta,R,2,ARI,SD,away,7.85,ARI,606466.0,-342.0,-48.0,79.6,0,2025-07-08,0,,-390.0,0.0
SS,S,Geraldo Perdomo,Nick Pivetta,R,3,ARI,SD,away,3.8,ARI,672695.0,-809.0,62.0,88.2,0,2025-07-08,0,,-747.0,0.0
1B,L,Josh Naylor,Nick Pivetta,R,4,ARI,SD,away,5.39,ARI,647304.0,-545.0,70.0,82.6,0,2025-07-08,0,,-475.0,0.0
3B,R,Eugenio Suarez,Nick Pivetta,R,5,ARI,SD,away,5.78,ARI,553993.0,-499.0,219.0,73.7,0,2025-07-08,0,,-280.0,0.0
LF,R,Lourdes Gurriel,Nick Pivetta,R,6,ARI,SD,away,4.26,ARI,666971.0,-713.0,155.0,84.8,0,2025-07-08,0,,-558.0,0.0
DH,L,Jake McCarthy,Nick Pivetta,R,7,ARI,SD,away,4.71,ARI,664983.0,-635.0,-236.0,89.7,0,2025-07-08,0,,-871.0,0.0
CF,L,Alek Thomas,Nick Pivetta,R,8,ARI,SD,away,6.06,ARI,677950.0,-471.0,-276.0,88.2,0,2025-07-08,0,,-747.0,0.0
C,S,Jose Herrera,Nick Pivetta,R,9,ARI,SD,away,2.86,ARI,645444.0,-1120.0,57.0,91.4,0,2025-07-08,0,,-1063.0,0.0
RF,R,Fernando Tatis,Merrill Kelly,R,1,ARI,SD,home,7.52,SD,665487.0,-361.0,20.0,77.3,0,2025-07-08,0,,-341.0,0.0
CF,L,Jackson Merrill,Merrill Kelly,R,2,ARI,SD,home,6.35,SD,701538.0,-446.0,20.0,81.0,0,2025-07-08,0,,-426.0,0.0
3B,R,Manny Machado,Merrill Kelly,R,3,ARI,SD,home,6.0,SD,592518.0,-478.0,78.0,80.0,0,2025-07-08,0,,-400.0,0.0
1B,L,Luis Arraez,Merrill Kelly,R,4,ARI,SD,home,3.59,SD,650333.0,-871.0,-437.0,92.9,0,2025-07-08,1,,-1308.0,0.0
LF,L,Gavin Sheets,Merrill Kelly,R,5,ARI,SD,home,5.71,SD,657757.0,-506.0,-52.0,84.8,0,2025-07-08,0,,-558.0,0.0
SS,R,Xander Bogaerts,Merrill Kelly,R,6,ARI,SD,home,3.91,SD,593428.0,-785.0,-41.0,89.2,0,2025-07-08,0,,-826.0,0.0
2B,L,Jake Cronenworth,Merrill Kelly,R,7,ARI,SD,home,5.69,SD,630105.0,-510.0,-48.0,84.8,0,2025-07-08,0,,-558.0,0.0
DH,L,Trenton Brooks,Merrill Kelly,R,8,ARI,SD,home,5.66,SD,670092.0,-513.0,-358.0,89.7,0,2025-07-08,0,,-871.0,0.0
SS,R,Trea Turner,Robbie Ray,L,1,PHI,SF,away,4.92,PHI,607208.0,-604.0,55.0,84.6,0,2025-07-08,0,,-549.0,0.0
1B,L,Bryce Harper,Robbie Ray,L,2,PHI,SF,away,5.0,PHI,547180.0,-594.0,135.0,82.1,0,2025-07-08,0,,-459.0,0.0
3B,R,Alec Bohm,Robbie Ray,L,3,PHI,SF,away,4.67,PHI,664761.0,-641.0,42.0,85.7,0,2025-07-08,0,,-599.0,0.0
DH,L,Kyle Schwarber,Robbie Ray,L,4,PHI,SF,away,5.66,PHI,656941.0,-513.0,144.0,78.7,0,2025-07-08,1,,-369.0,0.0
RF,R,Nick Castellanos,Robbie Ray,L,5,PHI,SF,away,4.59,PHI,592206.0,-658.0,59.0,85.7,0,2025-07-08,0,,-599.0,0.0
2B,R,Edmundo Sosa,Robbie Ray,L,7,PHI,SF,away,4.24,PHI,624641.0,-720.0,-27.0,88.2,0,2025-07-08,0,,-747.0,0.0
CF,R,Johan Rojas,Robbie Ray,L,9,PHI,SF,away,3.39,PHI,679032.0,-920.0,-593.0,93.8,0,2025-07-08,0,,-1513.0,0.0
RF,L,Mike Yastrzemski,Taijuan Walker,R,1,PHI,SF,home,5.72,SF,573262.0,-506.0,31.0,82.6,0,2025-07-08,0,,-475.0,0.0
DH,L,Rafael Devers,Taijuan Walker,R,2,PHI,SF,home,7.01,SF,646240.0,-395.0,66.0,76.7,0,2025-07-08,0,,-329.0,0.0
LF,R,Heliot Ramos,Taijuan Walker,R,3,PHI,SF,home,4.96,SF,671218.0,-599.0,173.0,81.0,0,2025-07-08,0,,-426.0,0.0
3B,R,Matt Chapman,Taijuan Walker,R,4,PHI,SF,home,5.31,SF,656305.0,-554.0,185.0,78.7,0,2025-07-08,0,,-369.0,0.0
CF,L,Jung Hoo Lee,Taijuan Walker,R,5,PHI,SF,home,3.94,SF,808982.0,-777.0,-75.0,89.5,0,2025-07-08,0,,-852.0,0.0
SS,R,Willy Adames,Taijuan Walker,R,6,PHI,SF,home,4.54,SF,642715.0,-663.0,214.0,81.8,0,2025-07-08,0,,-449.0,0.0
C,S,Patrick Bailey,Taijuan Walker,R,8,PHI,SF,home,3.35,SF,672275.0,-931.0,-22.0,90.5,0,2025-07-08,1,,-953.0,0.0
2B,R,Casey Schmitt,Taijuan Walker,R,9,PHI,SF,home,3.62,SF,669477.0,-862.0,232.0,86.3,0,2025-07-08,0,,-630.0,0.0
1B,L,Matt Olson,Jeffrey Springs,L,2,ATL,ATH,away,6.08,ATL,621566.0,-471.0,206.0,72.6,0,2025-07-08,0,,-265.0,0.0
3B,R,Austin Riley,Jeffrey Springs,L,3,ATL,ATH,away,7.05,ATL,663586.0,-393.0,163.0,69.7,0,2025-07-08,0,,-230.0,0.0
DH,R,Marcell Ozuna,Jeffrey Springs,L,4,ATL,ATH,away,6.74,ATL,542303.0,-415.0,65.0,77.8,0,2025-07-08,0,,-350.0,0.0
LF,S,Jurickson Profar,Jeffrey Springs,L,5,ATL,ATH,away,3.66,ATL,595777.0,-852.0,377.0,82.6,0,2025-07-08,0,,-475.0,0.0
2B,S,Ozzie Albies,Jeffrey Springs,L,6,ATL,ATH,away,4.05,ATL,645277.0,-755.0,256.0,83.3,0,2025-07-08,0,,-499.0,0.0
C,R,Sean Murphy,Jeffrey Springs,L,7,ATL,ATH,away,7.06,ATL,669221.0,-393.0,52.0,77.3,0,2025-07-08,0,,-341.0,0.0
SS,R,Nick Allen,Jeffrey Springs,L,9,ATL,ATH,away,3.25,ATL,669397.0,-964.0,-235.0,92.3,0,2025-07-08,0,,-1199.0,0.0
RF,L,Lawrence Butler,Didier Fuentes,R,1,ATL,ATH,home,5.88,ATH,671732.0,-492.0,102.0,79.6,0,2025-07-08,1,,-390.0,0.0
SS,R,Jacob Wilson,Didier Fuentes,R,2,ATL,ATH,home,2.61,ATH,805779.0,-1233.0,432.0,88.9,1,2025-07-08,0,,-801.0,1.25
DH,R,Brent Rooker,Didier Fuentes,R,3,ATL,ATH,home,6.53,ATH,667670.0,-432.0,137.0,74.7,0,2025-07-08,1,,-295.0,0.0
1B,L,Nick Kurtz,Didier Fuentes,R,4,ATL,ATH,home,7.92,ATH,701762.0,-339.0,29.0,75.6,0,2025-07-08,1,,-310.0,0.0
C,R,Shea Langeliers,Didier Fuentes,R,5,ATL,ATH,home,5.16,ATH,669127.0,-571.0,271.0,75.0,0,2025-07-08,0,,-300.0,0.0
LF,L,Tyler Soderstrom,Didier Fuentes,R,6,ATL,ATH,home,6.95,ATH,691016.0,-400.0,-26.0,81.0,0,2025-07-08,0,,-426.0,0.0
2B,R,Zack Gelof,Didier Fuentes,R,7,ATL,ATH,home,4.78,ATH,680869.0,-625.0,76.0,84.6,0,2025-07-08,0,,-549.0,0.0
3B,R,Max Muncy,Didier Fuentes,R,8,ATL,ATH,home,6.45,ATH,691777.0,-438.0,-161.0,85.7,0,2025-07-08,1,,-599.0,0.0
CF,R,Denzel Clarke,Didier Fuentes,R,9,ATL,ATH,home,4.34,ATH,672016.0,-700.0,0.0,87.5,0,2025-07-08,0,,-700.0,0.0
RF,L,Nathan Lukes,Adrian Houser,R,1,TOR,CWS,away,5.08,TOR,664770.0,-585.0,-216.0,88.9,0,2025-07-09,0,,-801.0,0.0
SS,R,Bo Bichette,Adrian Houser,R,2,TOR,CWS,away,4.82,TOR,666182.0,-619.0,20.0,85.7,0,2025-07-09,0,,-599.0,0.0
DH,R,Vladimir Guerrero,Adrian Houser,R,3,TOR,CWS,away,7.05,TOR,665489.0,-393.0,24.0,78.7,0,2025-07-09,0,,-369.0,0.0
3B,L,Addison Barger,Adrian Houser,R,4,TOR,CWS,away,6.73,TOR,680718.0,-415.0,95.0,76.2,0,2025-07-09,0,,-320.0,0.0
1B,L,Will Wagner,Adrian Houser,R,5,TOR,CWS,away,4.78,TOR,695238.0,-625.0,-122.0,88.2,0,2025-07-09,0,,-747.0,0.0
LF,L,Joey Loperfido,Adrian Houser,R,6,TOR,CWS,away,4.97,TOR,694388.0,-599.0,0.0,85.7,0,2025-07-09,0,,-599.0,0.0
CF,R,Myles Straw,Adrian Houser,R,7,TOR,CWS,away,3.02,TOR,664702.0,-1049.0,-14.0,91.4,0,2025-07-09,0,,-1063.0,0.0
C,S,Tyler Heineman,Adrian Houser,R,8,TOR,CWS,away,3.53,TOR,623168.0,-880.0,-20.0,90.0,0,2025-07-09,0,,-900.0,0.0
2B,R,Leo Jimenez,Adrian Houser,R,9,TOR,CWS,away,4.04,TOR,677870.0,-762.0,-90.0,89.5,0,2025-07-09,0,,-852.0,0.0
2B,R,Chase Meidroth,Eric Lauer,L,1,TOR,CWS,home,4.05,CWS,805367.0,-755.0,8.0,88.2,0,2025-07-09,0,,-747.0,0.0
RF,R,Austin Slater,Eric Lauer,L,2,TOR,CWS,home,5.3,CWS,596103.0,-554.0,55.0,83.3,0,2025-07-09,0,,-499.0,0.0
3B,R,Miguel Vargas,Eric Lauer,L,3,TOR,CWS,home,4.47,CWS,678246.0,-675.0,226.0,81.8,0,2025-07-09,0,,-449.0,0.0
C,S,Edgar Quero,Eric Lauer,L,4,TOR,CWS,home,2.73,CWS,700337.0,-1166.0,466.0,87.5,0,2025-07-09,0,,-700.0,0.0
CF,R,Luis Robert,Eric Lauer,L,5,TOR,CWS,home,5.15,CWS,673357.0,-576.0,105.0,82.5,0,2025-07-09,0,,-471.0,0.0
DH,R,Lenyn Sosa,Eric Lauer,L,6,TOR,CWS,home,4.23,CWS,672820.0,-720.0,90.0,86.3,0,2025-07-09,0,,-630.0,0.0
LF,R,Michael A. Taylor,Eric Lauer,L,9,TOR,CWS,home,5.28,CWS,572191.0,-558.0,-41.0,85.7,0,2025-07-09,0,,-599.0,0.0
DH,L,Shohei Ohtani,Jose Quintana,L,1,LAD,MIL,away,8.17,LAD,660271.0,-326.0,76.0,71.4,0,2025-07-09,0,,-250.0,0.0
SS,R,Mookie Betts,Jose Quintana,L,2,LAD,MIL,away,5.0,LAD,605141.0,-594.0,119.0,82.6,0,2025-07-09,0,,-475.0,0.0
C,R,Will Smith,Jose Quintana,L,3,LAD,MIL,away,6.25,LAD,669257.0,-456.0,-43.0,83.3,0,2025-07-09,0,,-499.0,0.0
1B,L,Freddie Freeman,Jose Quintana,L,4,LAD,MIL,away,4.72,LAD,518692.0,-635.0,86.0,84.6,0,2025-07-09,0,,-549.0,0.0
RF,R,Andy Pages,Jose Quintana,L,5,LAD,MIL,away,5.06,LAD,681624.0,-585.0,36.0,84.6,0,2025-07-09,0,,-549.0,0.0
2B,S,Tommy Edman,Jose Quintana,L,6,LAD,MIL,away,4.24,LAD,669242.0,-720.0,162.0,84.8,0,2025-07-09,0,,-558.0,0.0
3B,R,Miguel Rojas,Jose Quintana,L,7,LAD,MIL,away,3.34,LAD,500743.0,-942.0,261.0,87.2,0,2025-07-09,0,,-681.0,0.0
LF,R,Esteury Ruiz,Jose Quintana,L,8,LAD,MIL,away,5.37,LAD,665923.0,-545.0,-518.0,91.4,0,2025-07-09,0,,-1063.0,0.0
CF,L,James Outman,Jose Quintana,L,9,LAD,MIL,away,7.27,LAD,681546.0,-378.0,-252.0,86.3,0,2025-07-09,0,,-630.0,0.0
RF,L,Sal Frelick,Tyler Glasnow,R,1,LAD,MIL,home,4.83,MIL,686217.0,-619.0,-33.0,86.7,0,2025-07-09,0,,-652.0,0.0
C,R,William Contreras,Tyler Glasnow,R,2,LAD,MIL,home,5.34,MIL,661388.0,-549.0,50.0,83.3,0,2025-07-09,0,,-499.0,0.0
CF,R,Jackson Chourio,Tyler Glasnow,R,3,LAD,MIL,home,5.35,MIL,694192.0,-549.0,168.0,79.2,0,2025-07-09,0,,-381.0,0.0
DH,L,Christian Yelich,Tyler Glasnow,R,4,LAD,MIL,home,6.53,MIL,592885.0,-432.0,-67.0,83.3,0,2025-07-09,0,,-499.0,0.0
LF,S,Isaac Collins,Tyler Glasnow,R,5,LAD,MIL,home,3.95,MIL,686555.0,-777.0,125.0,86.7,0,2025-07-09,0,,-652.0,0.0
2B,L,Brice Turang,Tyler Glasnow,R,6,LAD,MIL,home,4.81,MIL,668930.0,-619.0,-128.0,88.2,0,2025-07-09,0,,-747.0,0.0
3B,R,Caleb Durbin,Tyler Glasnow,R,7,LAD,MIL,home,3.91,MIL,702332.0,-785.0,38.0,88.2,0,2025-07-09,0,,-747.0,0.0
1B,L,Jake Bauers,Tyler Glasnow,R,8,LAD,MIL,home,6.58,MIL,641343.0,-426.0,-132.0,84.8,0,2025-07-09,0,,-558.0,0.0
SS,R,Joey Ortiz,Tyler Glasnow,R,9,LAD,MIL,home,3.9,MIL,687401.0,-793.0,141.0,86.7,0,2025-07-09,0,,-652.0,0.0
SS,R,Trea Turner,Justin Verlander,R,1,PHI,SF,away,4.0,PHI,607208.0,-770.0,118.0,86.7,0,2025-07-09,0,,-652.0,0.0
DH,L,Kyle Schwarber,Justin Verlander,R,2,PHI,SF,away,6.65,PHI,656941.0,-421.0,92.0,76.7,0,2025-07-09,1,,-329.0,0.0
1B,L,Bryce Harper,Justin Verlander,R,3,PHI,SF,away,4.63,PHI,547180.0,-652.0,226.0,81.0,0,2025-07-09,1,,-426.0,0.0
3B,R,Alec Bohm,Justin Verlander,R,4,PHI,SF,away,3.78,PHI,664761.0,-817.0,-54.0,89.7,0,2025-07-09,0,,-871.0,0.0
RF,R,Nick Castellanos,Justin Verlander,R,5,PHI,SF,away,4.06,PHI,592206.0,-755.0,103.0,86.7,0,2025-07-09,0,,-652.0,0.0
LF,L,Max Kepler,Justin Verlander,R,6,PHI,SF,away,4.71,PHI,596146.0,-635.0,-17.0,86.7,0,2025-07-09,0,,-652.0,0.0
C,R,J.T. Realmuto,Justin Verlander,R,7,PHI,SF,away,4.07,PHI,592663.0,-755.0,103.0,86.7,0,2025-07-09,0,,-652.0,0.0
2B,L,Bryson Stott,Justin Verlander,R,8,PHI,SF,away,4.1,PHI,681082.0,-747.0,-252.0,90.9,0,2025-07-09,0,,-999.0,0.0
CF,L,Brandon Marsh,Justin Verlander,R,9,PHI,SF,away,4.51,PHI,669016.0,-669.0,-183.0,89.5,0,2025-07-09,0,,-852.0,0.0
LF,R,Heliot Ramos,Jesus Luzardo,L,1,PHI,SF,home,2.08,SF,671218.0,-1567.0,1118.0,81.8,0,2025-07-09,0,,-449.0,0.0
DH,L,Rafael Devers,Jesus Luzardo,L,2,PHI,SF,home,4.64,SF,646240.0,-646.0,88.0,84.8,0,2025-07-09,0,,-558.0,0.0
SS,R,Willy Adames,Jesus Luzardo,L,3,PHI,SF,home,5.17,SF,642715.0,-571.0,-28.0,85.7,0,2025-07-09,0,,-599.0,0.0
3B,R,Matt Chapman,Jesus Luzardo,L,4,PHI,SF,home,5.52,SF,656305.0,-529.0,54.0,82.6,0,2025-07-09,0,,-475.0,0.0
1B,R,Wilmer Flores,Jesus Luzardo,L,5,PHI,SF,home,3.74,SF,527038.0,-826.0,126.0,87.5,0,2025-07-09,0,,-700.0,0.0
2B,R,Casey Schmitt,Jesus Luzardo,L,6,PHI,SF,home,4.73,SF,669477.0,-635.0,-65.0,87.5,0,2025-07-09,0,,-700.0,0.0
CF,L,Jung Hoo Lee,Jesus Luzardo,L,7,PHI,SF,home,3.07,SF,808982.0,-1036.0,-69.0,91.7,0,2025-07-09,0,,-1105.0,0.0
RF,R,Luis Matos,Jesus Luzardo,L,8,PHI,SF,home,3.9,SF,682641.0,-793.0,-8.0,88.9,0,2025-07-09,0,,-801.0,0.0
C,R,Andrew Knizner,Jesus Luzardo,L,9,PHI,SF,home,3.93,SF,668800.0,-785.0,38.0,88.2,0,2025-07-09,0,,-747.0,0.0
DH,R,Yandy Diaz,Reese Olson,R,1,TB,DET,away,4.75,TB,650490.0,-630.0,81.0,84.6,0,2025-07-09,0,,-549.0,0.0
3B,R,Junior Caminero,Reese Olson,R,3,TB,DET,away,5.86,TB,691406.0,-492.0,21.0,82.5,0,2025-07-09,1,,-471.0,0.0
1B,L,Jonathan Aranda,Reese Olson,R,4,TB,DET,away,6.14,TB,666018.0,-465.0,-34.0,83.3,0,2025-07-09,0,,-499.0,0.0
LF,S,Jake Mangum,Reese Olson,R,5,TB,DET,away,3.11,TB,663968.0,-1011.0,-188.0,92.3,0,2025-07-09,0,,-1199.0,0.0
RF,L,Josh Lowe,Reese Olson,R,6,TB,DET,away,4.98,TB,666139.0,-594.0,-87.0,87.2,0,2025-07-09,0,,-681.0,0.0
SS,R,Ha-Seong Kim,Reese Olson,R,7,TB,DET,away,3.41,TB,673490.0,-920.0,20.0,90.0,0,2025-07-09,0,,-900.0,0.0
CF,L,Chandler Simpson,Reese Olson,R,8,TB,DET,away,1.29,TB,802415.0,-2603.0,917.0,94.4,1,2025-07-09,0,,-1686.0,0.59
C,R,Danny Jansen,Reese Olson,R,9,TB,DET,away,3.3,TB,643376.0,-953.0,454.0,83.3,0,2025-07-09,0,,-499.0,0.0
DH,L,Colt Keith,Zack Littell,R,1,TB,DET,home,6.49,DET,690993.0,-435.0,-114.0,84.6,0,2025-07-09,0,,-549.0,0.0
2B,R,Gleyber Torres,Zack Littell,R,2,TB,DET,home,4.56,DET,650402.0,-663.0,164.0,83.3,0,2025-07-09,0,,-499.0,0.0
RF,S,Wenceel Perez,Zack Littell,R,3,TB,DET,home,6.03,DET,672761.0,-475.0,-124.0,85.7,0,2025-07-09,0,,-599.0,0.0
LF,L,Riley Greene,Zack Littell,R,4,TB,DET,home,7.53,DET,682985.0,-361.0,32.0,76.7,0,2025-07-09,0,,-329.0,0.0
1B,R,Spencer Torkelson,Zack Littell,R,5,TB,DET,home,4.9,DET,679529.0,-609.0,259.0,77.8,0,2025-07-09,0,,-350.0,0.0
3B,L,Zach McKinstry,Zack Littell,R,6,TB,DET,home,4.34,DET,656716.0,-700.0,101.0,85.7,0,2025-07-09,0,,-599.0,0.0
CF,L,Parker Meadows,Zack Littell,R,8,TB,DET,home,5.42,DET,678009.0,-541.0,-58.0,85.7,0,2025-07-09,0,,-599.0,0.0
LF,L,Cody Bellinger,Logan Evans,R,2,SEA,NYY,home,5.81,NYY,641355.0,-499.0,99.0,80.0,0,2025-07-09,0,,-400.0,0.0
RF,R,Aaron Judge,Logan Evans,R,3,SEA,NYY,home,10.26,NYY,592450.0,-238.0,66.0,63.2,0,2025-07-09,0,,-172.0,0.0
DH,R,Giancarlo Stanton,Logan Evans,R,4,SEA,NYY,home,6.34,NYY,519317.0,-446.0,126.0,76.2,0,2025-07-09,0,,-320.0,0.0
2B,L,Jazz Chisholm,Logan Evans,R,5,SEA,NYY,home,7.06,NYY,665862.0,-393.0,43.0,77.8,0,2025-07-09,1,,-350.0,0.0
1B,R,Paul Goldschmidt,Logan Evans,R,6,SEA,NYY,home,5.12,NYY,502671.0,-576.0,,,0,2025-07-09,0,,,0.0
SS,R,Anthony Volpe,Logan Evans,R,7,SEA,NYY,home,3.93,NYY,683011.0,-785.0,186.0,85.7,0,2025-07-09,0,,-599.0,0.0
C,L,Austin Wells,Logan Evans,R,8,SEA,NYY,home,5.4,NYY,669224.0,-541.0,,,0,2025-07-09,0,,,0.0
3B,R,Oswald Peraza,Logan Evans,R,9,SEA,NYY,home,4.88,NYY,672724.0,-609.0,-138.0,88.2,0,2025-07-09,0,,-747.0,0.0
DH,R,Tyler Freeman,Lucas Giolito,R,1,COL,BOS,away,3.34,COL,671289.0,-942.0,141.0,88.9,0,2025-07-09,0,,-801.0,0.0
LF,R,Jordan Beck,Lucas Giolito,R,3,COL,BOS,away,4.89,COL,687597.0,-609.0,10.0,85.7,0,2025-07-09,0,,-599.0,0.0
1B,S,Michael Toglia,Lucas Giolito,R,6,COL,BOS,away,6.19,COL,669911.0,-462.0,-37.0,83.3,0,2025-07-09,0,,-499.0,0.0
3B,L,Ryan McMahon,Lucas Giolito,R,7,COL,BOS,away,6.46,COL,641857.0,-438.0,-37.0,82.6,0,2025-07-09,0,,-475.0,0.0
CF,R,Brenton Doyle,Lucas Giolito,R,8,COL,BOS,away,5.05,COL,686668.0,-585.0,110.0,82.6,0,2025-07-09,0,,-475.0,0.0
LF,L,Jarren Duran,Antonio Senzatela,R,1,COL,BOS,home,6.21,BOS,680776.0,-459.0,33.0,81.0,0,2025-07-09,1,,-426.0,0.0
C,R,Carlos Narvaez,Antonio Senzatela,R,4,COL,BOS,home,4.6,BOS,665966.0,-652.0,103.0,84.6,0,2025-07-09,1,,-549.0,0.0
RF,L,Wilyer Abreu,Antonio Senzatela,R,5,COL,BOS,home,7.35,BOS,677800.0,-372.0,-28.0,80.0,0,2025-07-09,1,,-400.0,0.0
SS,R,Trevor Story,Antonio Senzatela,R,6,COL,BOS,home,4.81,BOS,596115.0,-619.0,144.0,82.6,0,2025-07-09,0,,-475.0,0.0
3B,L,Marcelo Mayer,Antonio Senzatela,R,7,COL,BOS,home,6.39,BOS,691785.0,-443.0,-409.0,89.5,0,2025-07-09,0,,-852.0,0.0
2B,L,David Hamilton,Antonio Senzatela,R,8,COL,BOS,home,4.32,BOS,666152.0,-706.0,,,0,2025-07-09,0,,,0.0
2B,S,Xavier Edwards,Andrew Abbott,L,1,MIA,CIN,away,3.46,MIA,669364.0,-900.0,-299.0,92.3,0,2025-07-09,0,,-1199.0,0.0
DH,R,Agustin Ramirez,Andrew Abbott,L,2,MIA,CIN,away,8.37,MIA,682663.0,-315.0,-26.0,77.3,0,2025-07-09,0,,-341.0,0.0
SS,R,Otto Lopez,Andrew Abbott,L,3,MIA,CIN,away,5.1,MIA,672640.0,-580.0,31.0,84.6,0,2025-07-09,0,,-549.0,0.0
RF,R,Heriberto Hernandez,Andrew Abbott,L,4,MIA,CIN,away,5.4,MIA,681715.0,-541.0,-17.0,84.8,0,2025-07-09,0,,-558.0,0.0
1B,R,Eric Wagaman,Andrew Abbott,L,5,MIA,CIN,away,5.9,MIA,676572.0,-488.0,-11.0,83.3,0,2025-07-09,0,,-499.0,0.0
3B,R,Connor Norby,Andrew Abbott,L,6,MIA,CIN,away,6.03,MIA,681393.0,-475.0,-6.0,82.8,0,2025-07-09,1,,-481.0,0.0
LF,R,Dane Myers,Andrew Abbott,L,7,MIA,CIN,away,6.39,MIA,667472.0,-443.0,-56.0,83.3,0,2025-07-09,0,,-499.0,0.0
C,R,Nick Fortes,Andrew Abbott,L,8,MIA,CIN,away,4.16,MIA,663743.0,-733.0,33.0,87.5,0,2025-07-09,0,,-700.0,0.0
CF,R,Derek Hill,Andrew Abbott,L,9,MIA,CIN,away,6.66,MIA,656537.0,-421.0,-279.0,87.5,0,2025-07-09,0,,-700.0,0.0
CF,L,TJ Friedl,Sandy Alcantara,R,1,MIA,CIN,home,5.48,CIN,670770.0,-533.0,-8.0,84.4,0,2025-07-09,0,,-541.0,0.0
2B,R,Matt McLain,Sandy Alcantara,R,2,MIA,CIN,home,5.89,CIN,680574.0,-488.0,47.0,81.5,0,2025-07-09,0,,-441.0,0.0
SS,S,Elly De La Cruz,Sandy Alcantara,R,3,MIA,CIN,home,8.86,CIN,682829.0,-292.0,-89.0,79.2,0,2025-07-09,0,,-381.0,0.0
DH,R,Austin Hays,Sandy Alcantara,R,4,MIA,CIN,home,5.97,CIN,669720.0,-481.0,6.0,82.6,0,2025-07-09,0,,-475.0,0.0
LF,L,Gavin Lux,Sandy Alcantara,R,5,MIA,CIN,home,6.34,CIN,666158.0,-446.0,-235.0,87.2,0,2025-07-09,0,,-681.0,0.0
1B,R,Spencer Steer,Sandy Alcantara,R,6,MIA,CIN,home,4.87,CIN,668715.0,-614.0,115.0,83.3,0,2025-07-09,0,,-499.0,0.0
C,R,Tyler Stephenson,Sandy Alcantara,R,7,MIA,CIN,home,5.57,CIN,663886.0,-521.0,22.0,83.3,0,2025-07-09,0,,-499.0,0.0
RF,L,Will Benson,Sandy Alcantara,R,8,MIA,CIN,home,10.8,CIN,666181.0,-222.0,-237.0,82.1,0,2025-07-09,1,,-459.0,0.0
3B,R,Noelvi Marte,Sandy Alcantara,R,9,MIA,CIN,home,2.28,CIN,682622.0,-1415.0,866.0,84.6,0,2025-07-09,1,,-549.0,0.0
LF,R,Tommy Pham,Kris Bubic,L,1,PIT,KC,away,4.21,PIT,502054.0,-726.0,-174.0,90.0,0,2025-07-09,0,,-900.0,0.0
DH,R,Andrew McCutchen,Kris Bubic,L,2,PIT,KC,away,5.06,PIT,457705.0,-585.0,-286.0,89.7,0,2025-07-09,0,,-871.0,0.0
RF,S,Bryan Reynolds,Kris Bubic,L,3,PIT,KC,away,5.23,PIT,668804.0,-562.0,-309.0,89.7,0,2025-07-09,0,,-871.0,0.0
2B,R,Nick Gonzales,Kris Bubic,L,4,PIT,KC,away,4.51,PIT,693304.0,-669.0,-157.0,89.2,0,2025-07-09,0,,-826.0,0.0
3B,R,Ke'Bryan Hayes,Kris Bubic,L,5,PIT,KC,away,3.36,PIT,663647.0,-931.0,-132.0,91.4,0,2025-07-09,0,,-1063.0,0.0
1B,R,Jared Triolo,Kris Bubic,L,8,PIT,KC,away,3.23,PIT,669707.0,-975.0,-333.0,92.9,0,2025-07-09,0,,-1308.0,0.0
SS,R,Isiah Kiner-Falefa,Kris Bubic,L,9,PIT,KC,away,2.38,PIT,643396.0,-1349.0,-337.0,94.4,0,2025-07-09,0,,-1686.0,0.0
2B,R,Jonathan India,Bailey Falter,L,1,PIT,KC,home,5.02,KC,663697.0,-590.0,-110.0,87.5,0,2025-07-09,0,,-700.0,0.0
SS,R,Bobby Witt,Bailey Falter,L,2,PIT,KC,home,6.66,KC,677951.0,-421.0,52.0,78.7,0,2025-07-09,0,,-369.0,0.0
1B,L,Vinnie Pasquantino,Bailey Falter,L,3,PIT,KC,home,4.07,KC,686469.0,-755.0,256.0,83.3,0,2025-07-09,0,,-499.0,0.0
3B,R,Maikel Garcia,Bailey Falter,L,4,PIT,KC,home,4.26,KC,672580.0,-713.0,61.0,86.7,0,2025-07-09,0,,-652.0,0.0
C,R,Salvador Perez,Bailey Falter,L,5,PIT,KC,home,6.39,KC,521692.0,-443.0,82.0,78.3,0,2025-07-09,1,,-361.0,0.0
RF,L,Jac Caglianone,Bailey Falter,L,6,PIT,KC,home,4.71,KC,695506.0,-635.0,86.0,84.6,0,2025-07-09,1,,-549.0,0.0
LF,S,Ian Happ,David Festa,R,1,CHC,MIN,away,5.61,CHC,664023.0,-517.0,127.0,79.6,0,2025-07-09,0,,-390.0,0.0
RF,L,Kyle Tucker,David Festa,R,2,CHC,MIN,away,7.35,CHC,663656.0,-372.0,22.0,77.8,0,2025-07-09,0,,-350.0,0.0
DH,R,Seiya Suzuki,David Festa,R,3,CHC,MIN,away,6.39,CHC,673548.0,-443.0,114.0,76.7,0,2025-07-09,0,,-329.0,0.0
CF,L,Pete Crow-Armstrong,David Festa,R,4,CHC,MIN,away,6.16,CHC,691718.0,-462.0,101.0,78.3,0,2025-07-09,0,,-361.0,0.0
SS,R,Dansby Swanson,David Festa,R,5,CHC,MIN,away,4.75,CHC,621020.0,-630.0,155.0,82.6,0,2025-07-09,0,,-475.0,0.0
1B,L,Michael Busch,David Festa,R,6,CHC,MIN,away,7.44,CHC,683737.0,-367.0,-2.0,78.7,0,2025-07-09,0,,-369.0,0.0
2B,R,Nico Hoerner,David Festa,R,8,CHC,MIN,away,2.76,CHC,663538.0,-1150.0,151.0,90.9,0,2025-07-09,0,,-999.0,0.0
CF,R,Byron Buxton,Cade Horton,R,1,CHC,MIN,home,6.2,MIN,621439.0,-459.0,194.0,72.6,0,2025-07-09,0,,-265.0,0.0
LF,S,Willi Castro,Cade Horton,R,2,CHC,MIN,home,4.93,MIN,650489.0,-604.0,-143.0,88.2,0,2025-07-09,0,,-747.0,0.0
DH,L,Trevor Larnach,Cade Horton,R,3,CHC,MIN,home,6.48,MIN,663616.0,-435.0,-40.0,82.6,0,2025-07-09,0,,-475.0,0.0
SS,R,Carlos Correa,Cade Horton,R,4,CHC,MIN,home,4.83,MIN,621043.0,-619.0,98.0,83.9,0,2025-07-09,0,,-521.0,0.0
C,R,Ryan Jeffers,Cade Horton,R,6,CHC,MIN,home,4.9,MIN,680777.0,-609.0,110.0,83.3,0,2025-07-09,0,,-499.0,0.0
RF,L,Matt Wallner,Cade Horton,R,7,CHC,MIN,home,7.78,MIN,670242.0,-346.0,-54.0,80.0,0,2025-07-09,1,,-400.0,0.0
3B,R,Royce Lewis,Cade Horton,R,8,CHC,MIN,home,5.72,MIN,668904.0,-506.0,106.0,80.0,0,2025-07-09,0,,-400.0,0.0
SS,L,CJ Abrams,Andre Pallante,R,1,WSH,STL,away,4.96,WSH,682928.0,-599.0,-53.0,86.7,0,2025-07-09,0,,-652.0,0.0
LF,L,James Wood,Andre Pallante,R,2,WSH,STL,away,7.21,WSH,695578.0,-381.0,-118.0,83.3,0,2025-07-09,1,,-499.0,0.0
1B,L,Nathaniel Lowe,Andre Pallante,R,4,WSH,STL,away,4.57,WSH,663993.0,-658.0,-194.0,89.5,0,2025-07-09,1,,-852.0,0.0
DH,S,Josh Bell,Andre Pallante,R,5,WSH,STL,away,5.09,WSH,605137.0,-580.0,-120.0,87.5,0,2025-07-09,0,,-700.0,0.0
C,R,Riley Adams,Andre Pallante,R,8,WSH,STL,away,4.46,WSH,656180.0,-675.0,-388.0,91.4,0,2025-07-09,0,,-1063.0,0.0
CF,R,Jacob Young,Andre Pallante,R,9,WSH,STL,away,2.07,WSH,696285.0,-1567.0,-333.0,95.0,0,2025-07-09,0,,-1900.0,0.0
LF,L,Brendan Donovan,MacKenzie Gore,L,1,WSH,STL,home,4.15,STL,680977.0,-733.0,33.0,87.5,0,2025-07-09,0,,-700.0,0.0
SS,R,Masyn Winn,MacKenzie Gore,L,2,WSH,STL,home,4.6,STL,691026.0,-652.0,-48.0,87.5,0,2025-07-09,0,,-700.0,0.0
RF,L,Alec Burleson,MacKenzie Gore,L,3,WSH,STL,home,3.96,STL,676475.0,-777.0,278.0,83.3,0,2025-07-09,0,,-499.0,0.0
3B,R,Nolan Arenado,MacKenzie Gore,L,5,WSH,STL,home,4.05,STL,571448.0,-755.0,206.0,84.6,0,2025-07-09,0,,-549.0,0.0
C,R,Yohel Pozo,MacKenzie Gore,L,8,WSH,STL,home,3.18,STL,650968.0,-987.0,,,0,2025-07-09,0,,,0.0
LF,L,Steven Kwan,Brandon Walter,L,1,CLE,HOU,away,3.42,CLE,680757.0,-910.0,-89.0,90.9,0,2025-07-09,0,,-999.0,0.0
DH,R,David Fry,Brandon Walter,L,2,CLE,HOU,away,5.0,CLE,681807.0,-594.0,53.0,84.4,0,2025-07-09,0,,-541.0,0.0
3B,S,Jose Ramirez,Brandon Walter,L,3,CLE,HOU,away,5.42,CLE,608070.0,-541.0,160.0,79.2,0,2025-07-09,1,,-381.0,0.0
1B,S,Carlos Santana,Brandon Walter,L,4,CLE,HOU,away,4.76,CLE,467793.0,-630.0,109.0,83.9,0,2025-07-09,0,,-521.0,0.0
CF,S,Angel Martinez,Brandon Walter,L,5,CLE,HOU,away,3.33,CLE,682657.0,-942.0,195.0,88.2,0,2025-07-09,1,,-747.0,0.0
2B,R,Will Wilson,Brandon Walter,L,7,CLE,HOU,away,4.18,CLE,669717.0,-733.0,-93.0,89.2,0,2025-07-09,0,,-826.0,0.0
C,R,Austin Hedges,Brandon Walter,L,8,CLE,HOU,away,2.96,CLE,595978.0,-1076.0,77.0,90.9,0,2025-07-09,0,,-999.0,0.0
SS,S,Brayan Rocchio,Brandon Walter,L,9,CLE,HOU,away,2.96,CLE,677587.0,-1076.0,-29.0,91.7,0,2025-07-09,0,,-1105.0,0.0
DH,R,Isaac Paredes,Slade Cecconi,R,1,CLE,HOU,home,3.98,HOU,670623.0,-770.0,429.0,77.3,0,2025-07-09,0,,-341.0,0.0
2B,R,Jose Altuve,Slade Cecconi,R,3,CLE,HOU,home,4.66,HOU,514888.0,-646.0,171.0,82.6,0,2025-07-09,0,,-475.0,0.0
RF,R,Cam Smith,Slade Cecconi,R,4,CLE,HOU,home,3.9,HOU,701358.0,-793.0,244.0,84.6,0,2025-07-09,0,,-549.0,0.0
C,R,Yainer Diaz,Slade Cecconi,R,5,CLE,HOU,home,4.79,HOU,673237.0,-625.0,176.0,81.8,0,2025-07-09,0,,-449.0,0.0
1B,S,Victor Caratini,Slade Cecconi,R,6,CLE,HOU,home,5.32,HOU,605170.0,-554.0,79.0,82.6,0,2025-07-09,0,,-475.0,0.0
LF,S,Cooper Hummel,Slade Cecconi,R,7,CLE,HOU,home,4.01,HOU,669450.0,-762.0,163.0,85.7,0,2025-07-09,0,,-599.0,0.0
3B,R,Mauricio Dubon,Slade Cecconi,R,8,CLE,HOU,home,2.97,HOU,643289.0,-1063.0,363.0,87.5,0,2025-07-09,0,,-700.0,0.0
SS,R,Zack Short,Slade Cecconi,R,9,CLE,HOU,home,3.09,HOU,670097.0,-1024.0,277.0,88.2,1,2025-07-09,0,,-747.0,1.34
3B,L,Josh Smith,Kyle Hendricks,R,1,TEX,LAA,away,5.89,TEX,669701.0,-488.0,62.0,81.0,0,2025-07-09,0,,-426.0,0.0
SS,L,Corey Seager,Kyle Hendricks,R,2,TEX,LAA,away,8.07,TEX,608369.0,-329.0,119.0,67.69999999999999,0,2025-07-09,0,,-210.0,0.0
2B,R,Marcus Semien,Kyle Hendricks,R,3,TEX,LAA,away,5.23,TEX,543760.0,-562.0,242.0,76.2,0,2025-07-09,1,,-320.0,0.0
RF,R,Adolis Garcia,Kyle Hendricks,R,4,TEX,LAA,away,6.95,TEX,666969.0,-400.0,100.0,75.0,0,2025-07-09,0,,-300.0,0.0
CF,L,Evan Carter,Kyle Hendricks,R,5,TEX,LAA,away,6.6,TEX,694497.0,-426.0,26.0,80.0,0,2025-07-09,0,,-400.0,0.0
LF,R,Wyatt Langford,Kyle Hendricks,R,6,TEX,LAA,away,6.17,TEX,694671.0,-462.0,133.0,76.7,0,2025-07-09,0,,-329.0,0.0
C,S,Jonah Heim,Kyle Hendricks,R,7,TEX,LAA,away,5.63,TEX,641680.0,-517.0,68.0,81.8,0,2025-07-09,0,,-449.0,0.0
1B,R,Jake Burger,Kyle Hendricks,R,8,TEX,LAA,away,7.16,TEX,669394.0,-385.0,105.0,73.7,0,2025-07-09,0,,-280.0,0.0
DH,R,Kyle Higashioka,Kyle Hendricks,R,9,TEX,LAA,away,4.63,TEX,543309.0,-652.0,153.0,83.3,0,2025-07-09,1,,-499.0,0.0
SS,R,Zach Neto,Kumar Rocker,R,1,TEX,LAA,home,5.69,LAA,687263.0,-510.0,141.0,78.7,0,2025-07-09,0,,-369.0,0.0
1B,L,Nolan Schanuel,Kumar Rocker,R,2,TEX,LAA,home,4.74,LAA,694384.0,-630.0,-117.0,88.2,0,2025-07-09,0,,-747.0,0.0
DH,R,Mike Trout,Kumar Rocker,R,3,TEX,LAA,home,7.31,LAA,545361.0,-374.0,89.0,74.0,0,2025-07-09,1,,-285.0,0.0
LF,R,Taylor Ward,Kumar Rocker,R,4,TEX,LAA,home,6.28,LAA,621493.0,-452.0,52.0,80.0,0,2025-07-09,0,,-400.0,0.0
CF,R,Jo Adell,Kumar Rocker,R,5,TEX,LAA,home,5.58,LAA,666176.0,-521.0,211.0,75.6,0,2025-07-09,0,,-310.0,0.0
RF,R,Jorge Soler,Kumar Rocker,R,6,TEX,LAA,home,5.09,LAA,624585.0,-580.0,31.0,84.6,0,2025-07-09,1,,-549.0,0.0
3B,S,Yoan Moncada,Kumar Rocker,R,8,TEX,LAA,home,4.51,LAA,660162.0,-669.0,248.0,80.8,0,2025-07-09,0,,-421.0,0.0
2B,S,Luis Rengifo,Kumar Rocker,R,9,TEX,LAA,home,2.98,LAA,650859.0,-1063.0,163.0,90.0,1,2025-07-09,0,,-900.0,1.11
RF,L,Corbin Carroll,Dylan Cease,R,1,ARI,SD,away,6.34,ARI,682998.0,-446.0,186.0,72.19999999999999,0,2025-07-09,1,,-260.0,0.0
2B,S,Ketel Marte,Dylan Cease,R,2,ARI,SD,away,7.05,ARI,606466.0,-393.0,-7.0,80.0,0,2025-07-09,0,,-400.0,0.0
SS,S,Geraldo Perdomo,Dylan Cease,R,3,ARI,SD,away,3.45,ARI,672695.0,-910.0,210.0,87.5,0,2025-07-09,1,,-700.0,0.0
3B,R,Eugenio Suarez,Dylan Cease,R,5,ARI,SD,away,5.26,ARI,553993.0,-558.0,197.0,78.3,0,2025-07-09,1,,-361.0,0.0
DH,R,Lourdes Gurriel,Dylan Cease,R,6,ARI,SD,away,3.6,ARI,666971.0,-862.0,363.0,83.3,0,2025-07-09,0,,-499.0,0.0
LF,L,Jake McCarthy,Dylan Cease,R,7,ARI,SD,away,4.3,ARI,664983.0,-706.0,-293.0,90.9,0,2025-07-09,0,,-999.0,0.0
CF,L,Alek Thomas,Dylan Cease,R,9,ARI,SD,away,5.45,ARI,677950.0,-537.0,-264.0,88.9,0,2025-07-09,0,,-801.0,0.0
RF,R,Fernando Tatis,Brandon Pfaadt,R,1,ARI,SD,home,7.55,SD,665487.0,-359.0,18.0,77.3,0,2025-07-09,0,,-341.0,0.0
CF,L,Jackson Merrill,Brandon Pfaadt,R,2,ARI,SD,home,6.58,SD,701538.0,-426.0,-49.0,82.6,0,2025-07-09,0,,-475.0,0.0
3B,R,Manny Machado,Brandon Pfaadt,R,3,ARI,SD,home,5.78,SD,592518.0,-499.0,138.0,78.3,0,2025-07-09,0,,-361.0,0.0
1B,L,Luis Arraez,Brandon Pfaadt,R,4,ARI,SD,home,3.72,SD,650333.0,-835.0,-164.0,90.9,0,2025-07-09,0,,-999.0,0.0
LF,L,Gavin Sheets,Brandon Pfaadt,R,5,ARI,SD,home,5.53,SD,657757.0,-529.0,58.0,82.5,0,2025-07-09,1,,-471.0,0.0
SS,R,Xander Bogaerts,Brandon Pfaadt,R,6,ARI,SD,home,3.58,SD,593428.0,-871.0,241.0,86.3,0,2025-07-09,0,,-630.0,0.0
2B,L,Jake Cronenworth,Brandon Pfaadt,R,7,ARI,SD,home,5.61,SD,630105.0,-517.0,-32.0,84.6,0,2025-07-09,0,,-549.0,0.0
DH,L,Trenton Brooks,Brandon Pfaadt,R,8,ARI,SD,home,5.87,SD,670092.0,-492.0,-107.0,85.7,0,2025-07-09,0,,-599.0,0.0
C,R,Martin Maldonado,Brandon Pfaadt,R,9,ARI,SD,home,5.09,SD,455117.0,-580.0,-419.0,90.9,0,2025-07-09,0,,-999.0,0.0
RF,R,Ronald Acuna,Mitch Spence,R,1,ATL,ATH,away,5.81,ATL,660670.0,-499.0,204.0,74.7,0,2025-07-09,1,,-295.0,0.0
1B,L,Matt Olson,Mitch Spence,R,2,ATL,ATH,away,5.81,ATL,621566.0,-499.0,265.0,70.1,0,2025-07-09,0,,-234.0,0.0
DH,R,Marcell Ozuna,Mitch Spence,R,3,ATL,ATH,away,5.87,ATL,542303.0,-492.0,182.0,75.6,0,2025-07-09,1,,-310.0,0.0
3B,R,Austin Riley,Mitch Spence,R,4,ATL,ATH,away,5.2,ATL,663586.0,-567.0,267.0,75.0,0,2025-07-09,1,,-300.0,0.0
LF,S,Jurickson Profar,Mitch Spence,R,5,ATL,ATH,away,2.87,ATL,595777.0,-1105.0,584.0,83.9,0,2025-07-09,0,,-521.0,0.0
C,L,Drake Baldwin,Mitch Spence,R,6,ATL,ATH,away,5.12,ATL,686948.0,-576.0,117.0,82.1,0,2025-07-09,1,,-459.0,0.0
2B,S,Ozzie Albies,Mitch Spence,R,7,ATL,ATH,away,3.16,ATL,645277.0,-999.0,550.0,81.8,0,2025-07-09,0,,-449.0,0.0
CF,L,Michael Harris II,Mitch Spence,R,8,ATL,ATH,away,4.27,ATL,671739.0,-713.0,264.0,81.8,0,2025-07-09,0,,-449.0,0.0
SS,R,Nick Allen,Mitch Spence,R,9,ATL,ATH,away,2.07,ATL,669397.0,-1567.0,54.0,93.8,0,2025-07-09,0,,-1513.0,0.0
RF,L,Lawrence Butler,Bryce Elder,R,1,ATL,ATH,home,6.27,ATH,671732.0,-452.0,142.0,75.6,0,2025-07-09,0,,-310.0,0.0
DH,R,Brent Rooker,Bryce Elder,R,3,ATL,ATH,home,6.56,ATH,667670.0,-429.0,144.0,74.0,0,2025-07-09,0,,-285.0,0.0
1B,L,Nick Kurtz,Bryce Elder,R,4,ATL,ATH,home,8.91,ATH,701762.0,-289.0,-11.0,75.0,0,2025-07-09,0,,-300.0,0.0
C,R,Shea Langeliers,Bryce Elder,R,5,ATL,ATH,home,5.63,ATH,669127.0,-517.0,247.0,73.0,0,2025-07-09,0,,-270.0,0.0
LF,L,Tyler Soderstrom,Bryce Elder,R,6,ATL,ATH,home,6.75,ATH,691016.0,-413.0,72.0,77.3,0,2025-07-09,0,,-341.0,0.0
2B,R,Zack Gelof,Bryce Elder,R,7,ATL,ATH,home,4.33,ATH,680869.0,-700.0,300.0,80.0,0,2025-07-09,0,,-400.0,0.0
3B,R,Max Muncy,Bryce Elder,R,8,ATL,ATH,home,6.71,ATH,691777.0,-418.0,-81.0,83.3,0,2025-07-09,0,,-499.0,0.0
CF,R,Denzel Clarke,Bryce Elder,R,9,ATL,ATH,home,4.29,ATH,672016.0,-706.0,107.0,85.7,0,2025-07-09,0,,-599.0,0.0
LF,L,Steven Kwan,Shane Smith,R,1,CLE,CWS,away,4.2,CLE,680757.0,-726.0,-126.0,89.5,0,2025-07-11,0,,-852.0,0.0
DH,L,Kyle Manzardo,Shane Smith,R,2,CLE,CWS,away,5.82,CLE,700932.0,-495.0,114.0,79.2,0,2025-07-11,0,,-381.0,0.0
3B,S,Jose Ramirez,Shane Smith,R,3,CLE,CWS,away,5.48,CLE,608070.0,-533.0,223.0,75.6,0,2025-07-11,1,,-310.0,0.0
1B,S,Carlos Santana,Shane Smith,R,4,CLE,CWS,away,4.73,CLE,467793.0,-635.0,186.0,81.8,0,2025-07-11,1,,-449.0,0.0
2B,L,Daniel Schneemann,Shane Smith,R,5,CLE,CWS,away,6.78,CLE,682177.0,-413.0,-36.0,81.8,0,2025-07-11,1,,-449.0,0.0
CF,S,Angel Martinez,Shane Smith,R,6,CLE,CWS,away,3.92,CLE,682657.0,-785.0,186.0,85.7,0,2025-07-11,1,,-599.0,0.0
C,L,Bo Naylor,Shane Smith,R,7,CLE,CWS,away,5.55,CLE,666310.0,-525.0,96.0,81.1,0,2025-07-11,0,,-429.0,0.0
RF,L,Nolan Jones,Shane Smith,R,8,CLE,CWS,away,2.57,CLE,666134.0,-1251.0,752.0,83.3,0,2025-07-11,0,,-499.0,0.0
SS,S,Brayan Rocchio,Shane Smith,R,9,CLE,CWS,away,3.38,CLE,677587.0,-931.0,-22.0,90.5,0,2025-07-11,0,,-953.0,0.0
2B,R,Chase Meidroth,Logan Allen,L,1,CLE,CWS,home,4.58,CWS,805367.0,-658.0,-242.0,90.0,0,2025-07-11,0,,-900.0,0.0
RF,R,Austin Slater,Logan Allen,L,2,CLE,CWS,home,5.41,CWS,596103.0,-541.0,-89.0,86.3,0,2025-07-11,0,,-630.0,0.0
3B,R,Miguel Vargas,Logan Allen,L,3,CLE,CWS,home,5.18,CWS,678246.0,-571.0,190.0,79.2,0,2025-07-11,0,,-381.0,0.0
C,S,Edgar Quero,Logan Allen,L,5,CLE,CWS,home,3.58,CWS,700337.0,-871.0,372.0,83.3,0,2025-07-11,0,,-499.0,0.0
CF,R,Luis Robert,Logan Allen,L,6,CLE,CWS,home,6.22,CWS,673357.0,-459.0,38.0,80.8,0,2025-07-11,1,,-421.0,0.0
DH,R,Lenyn Sosa,Logan Allen,L,7,CLE,CWS,home,4.93,CWS,672820.0,-604.0,46.0,84.8,0,2025-07-11,1,,-558.0,0.0
2B,S,Xavier Edwards,Dean Kremer,R,1,MIA,BAL,away,3.67,MIA,669364.0,-843.0,-220.0,91.4,0,2025-07-11,0,,-1063.0,0.0
RF,L,Jesus Sanchez,Dean Kremer,R,2,MIA,BAL,away,7.58,MIA,660821.0,-359.0,-10.0,78.7,0,2025-07-11,0,,-369.0,0.0
SS,R,Otto Lopez,Dean Kremer,R,3,MIA,BAL,away,4.74,MIA,672640.0,-630.0,31.0,85.7,0,2025-07-11,1,,-599.0,0.0
C,R,Agustin Ramirez,Dean Kremer,R,4,MIA,BAL,away,4.58,MIA,682663.0,-658.0,183.0,82.6,0,2025-07-11,0,,-475.0,0.0
LF,L,Kyle Stowers,Dean Kremer,R,5,MIA,BAL,away,7.43,MIA,669065.0,-367.0,26.0,77.3,0,2025-07-11,0,,-341.0,0.0
1B,R,Eric Wagaman,Dean Kremer,R,6,MIA,BAL,away,3.66,MIA,676572.0,-852.0,171.0,87.2,0,2025-07-11,0,,-681.0,0.0
DH,L,Liam Hicks,Dean Kremer,R,7,MIA,BAL,away,4.07,MIA,689414.0,-755.0,8.0,88.2,0,2025-07-11,0,,-747.0,0.0
3B,R,Connor Norby,Dean Kremer,R,8,MIA,BAL,away,3.75,MIA,681393.0,-826.0,227.0,85.7,0,2025-07-11,0,,-599.0,0.0
2B,L,Jackson Holliday,Edward Cabrera,R,1,MIA,BAL,home,7.04,BAL,702616.0,-393.0,-82.0,82.6,0,2025-07-11,0,,-475.0,0.0
3B,R,Jordan Westburg,Edward Cabrera,R,2,MIA,BAL,home,5.15,BAL,676059.0,-576.0,127.0,81.8,0,2025-07-11,0,,-449.0,0.0
SS,L,Gunnar Henderson,Edward Cabrera,R,3,MIA,BAL,home,6.79,BAL,683002.0,-410.0,49.0,78.3,0,2025-07-11,0,,-361.0,0.0
1B,L,Ryan O'Hearn,Edward Cabrera,R,4,MIA,BAL,home,6.06,BAL,656811.0,-471.0,-28.0,83.3,0,2025-07-11,0,,-499.0,0.0
RF,R,Ramon Laureano,Edward Cabrera,R,5,MIA,BAL,home,4.97,BAL,657656.0,-599.0,100.0,83.3,0,2025-07-11,0,,-499.0,0.0
LF,L,Colton Cowser,Edward Cabrera,R,6,MIA,BAL,home,6.52,BAL,681297.0,-432.0,32.0,80.0,0,2025-07-11,0,,-400.0,0.0
DH,R,Tyler O'Neill,Edward Cabrera,R,7,MIA,BAL,home,5.59,BAL,641933.0,-521.0,95.0,81.0,0,2025-07-11,0,,-426.0,0.0
CF,L,Cedric Mullins,Edward Cabrera,R,8,MIA,BAL,home,4.99,BAL,656775.0,-594.0,119.0,82.6,0,2025-07-11,0,,-475.0,0.0
C,R,Jacob Stallings,Edward Cabrera,R,9,MIA,BAL,home,3.03,BAL,607732.0,-1049.0,-14.0,91.4,0,2025-07-11,0,,-1063.0,0.0
RF,L,Kyle Tucker,Carlos Rodon,L,2,CHC,NYY,away,6.44,CHC,663656.0,-438.0,138.0,75.0,0,2025-07-11,0,,-300.0,0.0
DH,R,Seiya Suzuki,Carlos Rodon,L,3,CHC,NYY,away,7.29,CHC,673548.0,-376.0,-24.0,80.0,0,2025-07-11,0,,-400.0,0.0
C,R,Carson Kelly,Carlos Rodon,L,4,CHC,NYY,away,5.64,CHC,608348.0,-513.0,64.0,81.8,0,2025-07-11,0,,-449.0,0.0
SS,R,Dansby Swanson,Carlos Rodon,L,5,CHC,NYY,away,6.56,CHC,621020.0,-429.0,-12.0,81.5,0,2025-07-11,0,,-441.0,0.0
CF,L,Pete Crow-Armstrong,Carlos Rodon,L,6,CHC,NYY,away,6.34,CHC,691718.0,-446.0,77.0,78.7,0,2025-07-11,0,,-369.0,0.0
2B,R,Nico Hoerner,Carlos Rodon,L,7,CHC,NYY,away,3.88,CHC,663538.0,-793.0,-59.0,89.5,0,2025-07-11,0,,-852.0,0.0
3B,R,Matt Shaw,Carlos Rodon,L,9,CHC,NYY,away,4.24,CHC,807713.0,-720.0,20.0,87.5,0,2025-07-11,0,,-700.0,0.0
LF,S,Jasson Dominguez,Chris Flexen,R,1,CHC,NYY,home,4.96,NYY,691176.0,-599.0,279.0,76.2,0,2025-07-11,0,,-320.0,0.0
RF,R,Aaron Judge,Chris Flexen,R,2,CHC,NYY,home,9.21,NYY,592450.0,-277.0,159.0,54.1,0,2025-07-11,0,,-118.0,0.0
CF,L,Cody Bellinger,Chris Flexen,R,3,CHC,NYY,home,5.12,NYY,641355.0,-576.0,247.0,76.7,0,2025-07-11,1,,-329.0,0.0
2B,L,Jazz Chisholm,Chris Flexen,R,5,CHC,NYY,home,6.76,NYY,665862.0,-413.0,93.0,76.2,0,2025-07-11,0,,-320.0,0.0
1B,R,Paul Goldschmidt,Chris Flexen,R,6,CHC,NYY,home,4.3,NYY,502671.0,-706.0,377.0,76.7,0,2025-07-11,0,,-329.0,0.0
SS,R,Anthony Volpe,Chris Flexen,R,8,CHC,NYY,home,3.44,NYY,683011.0,-910.0,411.0,83.3,0,2025-07-11,0,,-499.0,0.0
3B,R,Oswald Peraza,Chris Flexen,R,9,CHC,NYY,home,4.15,NYY,672724.0,-733.0,33.0,87.5,0,2025-07-11,0,,-700.0,0.0
LF,L,Jarren Duran,Joe Boyle,R,1,TB,BOS,home,5.73,BOS,680776.0,-506.0,7.0,83.3,0,2025-07-11,0,,-499.0,0.0
1B,S,Abraham Toro,Joe Boyle,R,3,TB,BOS,home,3.77,BOS,647351.0,-817.0,70.0,88.2,0,2025-07-11,0,,-747.0,0.0
C,R,Carlos Narvaez,Joe Boyle,R,4,TB,BOS,home,2.85,BOS,665966.0,-1120.0,571.0,84.6,0,2025-07-11,0,,-549.0,0.0
RF,L,Wilyer Abreu,Joe Boyle,R,5,TB,BOS,home,6.17,BOS,677800.0,-462.0,13.0,81.8,0,2025-07-11,0,,-449.0,0.0
SS,R,Trevor Story,Joe Boyle,R,6,TB,BOS,home,4.12,BOS,596115.0,-740.0,191.0,84.6,0,2025-07-11,0,,-549.0,0.0
3B,L,Marcelo Mayer,Joe Boyle,R,8,TB,BOS,home,4.49,BOS,691785.0,-675.0,-72.0,88.2,0,2025-07-11,0,,-747.0,0.0
CF,R,Ceddanne Rafaela,Joe Boyle,R,9,TB,BOS,home,4.59,BOS,678882.0,-658.0,-42.0,87.5,0,2025-07-11,1,,-700.0,0.0
SS,L,J.P. Crawford,Tarik Skubal,L,1,SEA,DET,away,3.5,SEA,641487.0,-890.0,-109.0,90.9,0,2025-07-11,0,,-999.0,0.0
C,S,Cal Raleigh,Tarik Skubal,L,3,SEA,DET,away,6.53,SEA,663728.0,-432.0,42.0,79.6,0,2025-07-11,1,,-390.0,0.0
LF,R,Randy Arozarena,Tarik Skubal,L,4,SEA,DET,away,5.52,SEA,668227.0,-529.0,-101.0,86.3,0,2025-07-11,0,,-630.0,0.0
DH,S,Jorge Polanco,Tarik Skubal,L,5,SEA,DET,away,4.93,SEA,593871.0,-604.0,,,0,2025-07-11,0,,,0.0
3B,R,Ben Williamson,Tarik Skubal,L,8,SEA,DET,away,3.75,SEA,810938.0,-826.0,-373.0,92.3,0,2025-07-11,0,,-1199.0,0.0
DH,L,Colt Keith,Luis Castillo,R,1,SEA,DET,home,6.22,DET,690993.0,-459.0,59.0,80.0,0,2025-07-11,0,,-400.0,0.0
2B,R,Gleyber Torres,Luis Castillo,R,2,SEA,DET,home,4.35,DET,650402.0,-700.0,101.0,85.7,0,2025-07-11,0,,-599.0,0.0
RF,S,Wenceel Perez,Luis Castillo,R,3,SEA,DET,home,5.0,DET,672761.0,-594.0,95.0,83.3,0,2025-07-11,0,,-499.0,0.0
LF,L,Riley Greene,Luis Castillo,R,4,SEA,DET,home,6.35,DET,682985.0,-446.0,96.0,77.8,0,2025-07-11,0,,-350.0,0.0
1B,R,Spencer Torkelson,Luis Castillo,R,5,SEA,DET,home,5.0,DET,679529.0,-594.0,225.0,78.7,0,2025-07-11,0,,-369.0,0.0
3B,L,Zach McKinstry,Luis Castillo,R,6,SEA,DET,home,3.89,DET,656716.0,-793.0,46.0,88.2,0,2025-07-11,0,,-747.0,0.0
C,R,Dillon Dingler,Luis Castillo,R,7,SEA,DET,home,4.03,DET,693307.0,-762.0,163.0,85.7,0,2025-07-11,0,,-599.0,0.0
CF,L,Parker Meadows,Luis Castillo,R,8,SEA,DET,home,5.05,DET,678009.0,-585.0,-162.0,88.2,0,2025-07-11,0,,-747.0,0.0
SS,R,Javier Baez,Luis Castillo,R,9,SEA,DET,home,3.58,DET,595879.0,-871.0,171.0,87.5,0,2025-07-11,0,,-700.0,0.0
DH,R,Tyler Freeman,Chase Burns,R,1,COL,CIN,away,3.92,COL,671289.0,-785.0,186.0,85.7,0,2025-07-11,0,,-599.0,0.0
C,R,Hunter Goodman,Chase Burns,R,2,COL,CIN,away,7.1,COL,696100.0,-388.0,108.0,73.7,0,2025-07-11,0,,-280.0,0.0
LF,R,Jordan Beck,Chase Burns,R,3,COL,CIN,away,5.85,COL,687597.0,-492.0,-7.0,83.3,0,2025-07-11,0,,-499.0,0.0
RF,L,Mickey Moniak,Chase Burns,R,5,COL,CIN,away,6.84,COL,666160.0,-408.0,58.0,77.8,0,2025-07-11,0,,-350.0,0.0
1B,S,Michael Toglia,Chase Burns,R,6,COL,CIN,away,7.01,COL,669911.0,-395.0,34.0,78.3,0,2025-07-11,0,,-361.0,0.0
3B,L,Ryan McMahon,Chase Burns,R,7,COL,CIN,away,7.07,COL,641857.0,-390.0,-59.0,81.8,0,2025-07-11,1,,-449.0,0.0
CF,R,Brenton Doyle,Chase Burns,R,8,COL,CIN,away,5.21,COL,686668.0,-567.0,68.0,83.3,0,2025-07-11,0,,-499.0,0.0
CF,L,TJ Friedl,German Marquez,R,1,COL,CIN,home,5.39,CIN,670770.0,-545.0,119.0,81.0,0,2025-07-11,0,,-426.0,0.0
2B,R,Matt McLain,German Marquez,R,2,COL,CIN,home,5.59,CIN,680574.0,-521.0,192.0,76.7,0,2025-07-11,0,,-329.0,0.0
SS,S,Elly De La Cruz,German Marquez,R,3,COL,CIN,home,8.74,CIN,682829.0,-297.0,32.0,72.6,0,2025-07-11,0,,-265.0,0.0
DH,R,Austin Hays,German Marquez,R,4,COL,CIN,home,6.1,CIN,669720.0,-468.0,148.0,76.2,0,2025-07-11,0,,-320.0,0.0
LF,L,Gavin Lux,German Marquez,R,5,COL,CIN,home,5.45,CIN,666158.0,-537.0,88.0,81.8,0,2025-07-11,0,,-449.0,0.0
1B,R,Spencer Steer,German Marquez,R,6,COL,CIN,home,4.64,CIN,668715.0,-646.0,225.0,80.8,0,2025-07-11,0,,-421.0,0.0
C,R,Tyler Stephenson,German Marquez,R,7,COL,CIN,home,5.78,CIN,663886.0,-499.0,109.0,79.6,0,2025-07-11,0,,-390.0,0.0
RF,L,Will Benson,German Marquez,R,8,COL,CIN,home,8.11,CIN,666181.0,-327.0,36.0,74.4,0,2025-07-11,0,,-291.0,0.0
3B,R,Noelvi Marte,German Marquez,R,9,COL,CIN,home,5.27,CIN,682622.0,-558.0,77.0,82.8,0,2025-07-11,1,,-481.0,0.0
LF,L,Brandon Nimmo,Michael Wacha,R,1,NYM,KC,away,6.0,NYM,607043.0,-478.0,137.0,77.3,0,2025-07-11,0,,-341.0,0.0
SS,S,Francisco Lindor,Michael Wacha,R,2,NYM,KC,away,4.86,NYM,596019.0,-614.0,264.0,77.8,0,2025-07-11,1,,-350.0,0.0
RF,L,Juan Soto,Michael Wacha,R,3,NYM,KC,away,7.44,NYM,665742.0,-367.0,57.0,75.6,0,2025-07-11,1,,-310.0,0.0
1B,R,Pete Alonso,Michael Wacha,R,4,NYM,KC,away,6.52,NYM,624413.0,-432.0,172.0,72.19999999999999,0,2025-07-11,0,,-260.0,0.0
CF,L,Jeff McNeil,Michael Wacha,R,6,NYM,KC,away,3.72,NYM,643446.0,-835.0,286.0,84.6,0,2025-07-11,0,,-549.0,0.0
3B,S,Ronny Mauricio,Michael Wacha,R,7,NYM,KC,away,2.24,NYM,677595.0,-1438.0,963.0,82.6,0,2025-07-11,0,,-475.0,0.0
C,R,Luis Torrens,Michael Wacha,R,8,NYM,KC,away,5.0,NYM,620443.0,-594.0,-106.0,87.5,0,2025-07-11,0,,-700.0,0.0
2B,L,Brett Baty,Michael Wacha,R,9,NYM,KC,away,5.0,NYM,683146.0,-594.0,-106.0,87.5,0,2025-07-11,0,,-700.0,0.0
SS,L,CJ Abrams,Quinn Priester,R,1,WSH,MIL,away,5.44,WSH,682928.0,-537.0,-12.0,84.6,0,2025-07-11,0,,-549.0,0.0
LF,L,James Wood,Quinn Priester,R,2,WSH,MIL,away,8.18,WSH,695578.0,-324.0,-125.0,81.8,0,2025-07-11,0,,-449.0,0.0
2B,L,Luis Garcia,Quinn Priester,R,3,WSH,MIL,away,6.03,WSH,671277.0,-475.0,-155.0,86.3,0,2025-07-11,0,,-630.0,0.0
1B,L,Nathaniel Lowe,Quinn Priester,R,4,WSH,MIL,away,4.69,WSH,663993.0,-641.0,42.0,85.7,0,2025-07-11,0,,-599.0,0.0
DH,S,Josh Bell,Quinn Priester,R,5,WSH,MIL,away,5.3,WSH,605137.0,-554.0,5.0,84.6,0,2025-07-11,0,,-549.0,0.0
RF,L,Daylen Lile,Quinn Priester,R,7,WSH,MIL,away,4.06,WSH,695734.0,-755.0,-145.0,90.0,0,2025-07-11,0,,-900.0,0.0
C,R,Riley Adams,Quinn Priester,R,8,WSH,MIL,away,3.83,WSH,656180.0,-809.0,62.0,88.2,0,2025-07-11,1,,-747.0,0.0
CF,R,Jackson Chourio,Mitchell Parker,L,1,WSH,MIL,home,5.49,MIL,694192.0,-533.0,107.0,81.0,0,2025-07-11,0,,-426.0,0.0
C,R,William Contreras,Mitchell Parker,L,2,WSH,MIL,home,5.18,MIL,661388.0,-571.0,221.0,77.8,0,2025-07-11,0,,-350.0,0.0
DH,L,Christian Yelich,Mitchell Parker,L,3,WSH,MIL,home,4.75,MIL,592885.0,-630.0,240.0,79.6,0,2025-07-11,1,,-390.0,0.0
LF,S,Isaac Collins,Mitchell Parker,L,4,WSH,MIL,home,3.69,MIL,686555.0,-843.0,344.0,83.3,0,2025-07-11,0,,-499.0,0.0
3B,R,Caleb Durbin,Mitchell Parker,L,5,WSH,MIL,home,4.71,MIL,702332.0,-635.0,36.0,85.7,0,2025-07-11,0,,-599.0,0.0
RF,L,Sal Frelick,Mitchell Parker,L,6,WSH,MIL,home,3.16,MIL,686217.0,-999.0,252.0,88.2,0,2025-07-11,0,,-747.0,0.0
1B,R,Andrew Vaughn,Mitchell Parker,L,7,WSH,MIL,home,5.87,MIL,683734.0,-492.0,123.0,78.7,0,2025-07-11,1,,-369.0,0.0
2B,L,Brice Turang,Mitchell Parker,L,8,WSH,MIL,home,3.33,MIL,668930.0,-942.0,116.0,89.2,0,2025-07-11,0,,-826.0,0.0
SS,R,Joey Ortiz,Mitchell Parker,L,9,WSH,MIL,home,4.27,MIL,687401.0,-713.0,32.0,87.2,0,2025-07-11,0,,-681.0,0.0
1B,L,Spencer Horwitz,Joe Ryan,R,1,PIT,MIN,away,5.95,PIT,687462.0,-485.0,-14.0,83.3,0,2025-07-11,0,,-499.0,0.0
DH,R,Andrew McCutchen,Joe Ryan,R,2,PIT,MIN,away,4.7,PIT,457705.0,-641.0,92.0,84.6,0,2025-07-11,0,,-549.0,0.0
RF,S,Bryan Reynolds,Joe Ryan,R,3,PIT,MIN,away,5.76,PIT,668804.0,-502.0,76.0,81.0,0,2025-07-11,0,,-426.0,0.0
2B,R,Nick Gonzales,Joe Ryan,R,4,PIT,MIN,away,4.02,PIT,693304.0,-762.0,15.0,88.2,0,2025-07-11,0,,-747.0,0.0
CF,L,Oneil Cruz,Joe Ryan,R,5,PIT,MIN,away,8.94,PIT,665833.0,-288.0,-32.0,76.2,0,2025-07-11,0,,-320.0,0.0
3B,R,Ke'Bryan Hayes,Joe Ryan,R,6,PIT,MIN,away,3.61,PIT,663647.0,-862.0,-201.0,91.4,0,2025-07-11,0,,-1063.0,0.0
LF,R,Tommy Pham,Joe Ryan,R,7,PIT,MIN,away,3.44,PIT,502054.0,-910.0,109.0,88.9,0,2025-07-11,0,,-801.0,0.0
SS,R,Isiah Kiner-Falefa,Joe Ryan,R,9,PIT,MIN,away,2.62,PIT,643396.0,-1233.0,-75.0,92.9,0,2025-07-11,0,,-1308.0,0.0
CF,R,Byron Buxton,Paul Skenes,R,1,PIT,MIN,home,5.31,MIN,621439.0,-554.0,,,0,2025-07-11,0,,,0.0
LF,S,Willi Castro,Paul Skenes,R,2,PIT,MIN,home,3.83,MIN,650489.0,-809.0,62.0,88.2,0,2025-07-11,0,,-747.0,0.0
DH,L,Trevor Larnach,Paul Skenes,R,3,PIT,MIN,home,5.46,MIN,663616.0,-537.0,16.0,83.9,0,2025-07-11,1,,-521.0,0.0
SS,R,Carlos Correa,Paul Skenes,R,4,PIT,MIN,home,3.68,MIN,621043.0,-843.0,96.0,88.2,0,2025-07-11,0,,-747.0,0.0
2B,S,Brooks Lee,Paul Skenes,R,5,PIT,MIN,home,3.67,MIN,686797.0,-843.0,294.0,84.6,0,2025-07-11,0,,-549.0,0.0
RF,L,Matt Wallner,Paul Skenes,R,7,PIT,MIN,home,6.28,MIN,670242.0,-452.0,3.0,81.8,0,2025-07-11,0,,-449.0,0.0
3B,R,Royce Lewis,Paul Skenes,R,8,PIT,MIN,home,4.56,MIN,668904.0,-663.0,164.0,83.3,0,2025-07-11,0,,-499.0,0.0
1B,L,Kody Clemens,Paul Skenes,R,9,PIT,MIN,home,5.83,MIN,665019.0,-495.0,46.0,81.8,0,2025-07-11,0,,-449.0,0.0
3B,L,Josh Smith,Lance McCullers,R,1,TEX,HOU,away,6.14,TEX,669701.0,-465.0,-235.0,87.5,0,2025-07-11,0,,-700.0,0.0
SS,L,Corey Seager,Lance McCullers,R,2,TEX,HOU,away,8.87,TEX,608369.0,-291.0,-38.0,76.7,0,2025-07-11,0,,-329.0,0.0
2B,R,Marcus Semien,Lance McCullers,R,3,TEX,HOU,away,5.29,TEX,543760.0,-558.0,59.0,83.3,0,2025-07-11,0,,-499.0,0.0
RF,R,Adolis Garcia,Lance McCullers,R,4,TEX,HOU,away,6.71,TEX,666969.0,-418.0,-8.0,81.0,0,2025-07-11,1,,-426.0,0.0
CF,L,Evan Carter,Lance McCullers,R,5,TEX,HOU,away,6.25,TEX,694497.0,-456.0,-291.0,88.2,0,2025-07-11,0,,-747.0,0.0
LF,R,Wyatt Langford,Lance McCullers,R,6,TEX,HOU,away,6.26,TEX,694671.0,-456.0,-43.0,83.3,0,2025-07-11,1,,-499.0,0.0
C,S,Jonah Heim,Lance McCullers,R,7,TEX,HOU,away,5.04,TEX,641680.0,-590.0,32.0,84.8,0,2025-07-11,0,,-558.0,0.0
1B,R,Jake Burger,Lance McCullers,R,8,TEX,HOU,away,6.38,TEX,669394.0,-443.0,43.0,80.0,0,2025-07-11,0,,-400.0,0.0
DH,R,Kyle Higashioka,Lance McCullers,R,9,TEX,HOU,away,4.49,TEX,543309.0,-675.0,117.0,84.8,0,2025-07-11,0,,-558.0,0.0
3B,R,Isaac Paredes,Jack Leiter,R,1,TEX,HOU,home,4.17,HOU,670623.0,-733.0,333.0,80.0,0,2025-07-11,0,,-400.0,0.0
LF,R,Jose Altuve,Jack Leiter,R,3,TEX,HOU,home,4.66,HOU,514888.0,-646.0,125.0,83.9,0,2025-07-11,0,,-521.0,0.0
RF,R,Cam Smith,Jack Leiter,R,4,TEX,HOU,home,1.56,HOU,701358.0,-2122.0,1573.0,84.6,0,2025-07-11,0,,-549.0,0.0
1B,R,Christian Walker,Jack Leiter,R,5,TEX,HOU,home,6.43,HOU,572233.0,-441.0,121.0,76.2,0,2025-07-11,0,,-320.0,0.0
C,R,Yainer Diaz,Jack Leiter,R,6,TEX,HOU,home,5.08,HOU,673237.0,-585.0,64.0,83.9,0,2025-07-11,0,,-521.0,0.0
DH,S,Cooper Hummel,Jack Leiter,R,7,TEX,HOU,home,1.9,HOU,669450.0,-1718.0,917.0,88.9,1,2025-07-11,0,,-801.0,1.25
RF,R,Ronald Acuna,Matthew Liberatore,L,1,ATL,STL,away,5.5,ATL,660670.0,-533.0,204.0,76.7,0,2025-07-11,0,,-329.0,0.0
1B,L,Matt Olson,Matthew Liberatore,L,2,ATL,STL,away,5.45,ATL,621566.0,-537.0,137.0,80.0,0,2025-07-11,0,,-400.0,0.0
3B,R,Austin Riley,Matthew Liberatore,L,3,ATL,STL,away,5.42,ATL,663586.0,-541.0,286.0,71.80000000000001,0,2025-07-11,0,,-255.0,0.0
LF,S,Jurickson Profar,Matthew Liberatore,L,5,ATL,STL,away,3.94,ATL,595777.0,-777.0,328.0,81.8,0,2025-07-11,0,,-449.0,0.0
2B,S,Ozzie Albies,Matthew Liberatore,L,6,ATL,STL,away,2.82,ATL,645277.0,-1135.0,586.0,84.6,0,2025-07-11,0,,-549.0,0.0
C,R,Sean Murphy,Matthew Liberatore,L,7,ATL,STL,away,4.55,ATL,669221.0,-663.0,273.0,79.6,0,2025-07-11,1,,-390.0,0.0
CF,L,Michael Harris II,Matthew Liberatore,L,8,ATL,STL,away,3.39,ATL,671739.0,-920.0,239.0,87.2,0,2025-07-11,0,,-681.0,0.0
SS,R,Nick Allen,Matthew Liberatore,L,9,ATL,STL,away,2.27,ATL,669397.0,-1438.0,375.0,91.4,1,2025-07-11,0,,-1063.0,0.94
2B,L,Brendan Donovan,Grant Holmes,R,1,ATL,STL,home,5.31,STL,680977.0,-554.0,105.0,81.8,0,2025-07-11,0,,-449.0,0.0
SS,R,Masyn Winn,Grant Holmes,R,2,ATL,STL,home,3.81,STL,691026.0,-809.0,260.0,84.6,0,2025-07-11,0,,-549.0,0.0
RF,L,Alec Burleson,Grant Holmes,R,3,ATL,STL,home,5.09,STL,676475.0,-580.0,199.0,79.2,0,2025-07-11,0,,-381.0,0.0
LF,L,Lars Nootbaar,Grant Holmes,R,5,ATL,STL,home,5.02,STL,663457.0,-590.0,164.0,81.0,0,2025-07-11,0,,-426.0,0.0
3B,R,Nolan Arenado,Grant Holmes,R,6,ATL,STL,home,3.3,STL,571448.0,-953.0,454.0,83.3,0,2025-07-11,0,,-499.0,0.0
DH,L,Nolan Gorman,Grant Holmes,R,7,ATL,STL,home,5.43,STL,669357.0,-541.0,141.0,80.0,0,2025-07-11,0,,-400.0,0.0
C,R,Pedro Pages,Grant Holmes,R,8,ATL,STL,home,3.37,STL,686780.0,-931.0,301.0,86.3,0,2025-07-11,0,,-630.0,0.0
2B,S,Ketel Marte,Tyler Anderson,L,1,ARI,LAA,away,8.58,ARI,606466.0,-305.0,90.0,68.3,0,2025-07-11,0,,-215.0,0.0
LF,R,Lourdes Gurriel,Tyler Anderson,L,3,ARI,LAA,away,5.4,ARI,666971.0,-541.0,172.0,78.7,0,2025-07-11,0,,-369.0,0.0
DH,R,Eugenio Suarez,Tyler Anderson,L,4,ARI,LAA,away,8.08,ARI,553993.0,-329.0,74.0,71.80000000000001,0,2025-07-11,0,,-255.0,0.0
RF,R,Randal Grichuk,Tyler Anderson,L,5,ARI,LAA,away,7.57,ARI,545341.0,-359.0,,,0,2025-07-11,1,,,0.0
1B,L,Josh Naylor,Tyler Anderson,L,6,ARI,LAA,away,5.26,ARI,647304.0,-558.0,197.0,78.3,0,2025-07-11,0,,-361.0,0.0
SS,S,Geraldo Perdomo,Tyler Anderson,L,7,ARI,LAA,away,4.72,ARI,672695.0,-635.0,-217.0,89.5,0,2025-07-11,0,,-852.0,0.0
SS,R,Zach Neto,Ryne Nelson,R,1,ARI,LAA,home,6.43,LAA,687263.0,-441.0,91.0,77.8,0,2025-07-11,1,,-350.0,0.0
1B,L,Nolan Schanuel,Ryne Nelson,R,2,ARI,LAA,home,4.43,LAA,694384.0,-681.0,-66.0,88.2,0,2025-07-11,0,,-747.0,0.0
DH,R,Mike Trout,Ryne Nelson,R,3,ARI,LAA,home,6.78,LAA,545361.0,-413.0,192.0,68.8,0,2025-07-11,0,,-221.0,0.0
LF,R,Taylor Ward,Ryne Nelson,R,4,ARI,LAA,home,6.43,LAA,621493.0,-441.0,72.0,78.7,0,2025-07-11,0,,-369.0,0.0
CF,R,Jo Adell,Ryne Nelson,R,5,ARI,LAA,home,5.97,LAA,666176.0,-481.0,181.0,75.0,0,2025-07-11,0,,-300.0,0.0
C,R,Logan O'Hoppe,Ryne Nelson,R,7,ARI,LAA,home,4.75,LAA,681351.0,-630.0,230.0,80.0,0,2025-07-11,0,,-400.0,0.0
3B,S,Yoan Moncada,Ryne Nelson,R,8,ARI,LAA,home,4.53,LAA,660162.0,-663.0,182.0,82.8,0,2025-07-11,1,,-481.0,0.0
2B,S,Luis Rengifo,Ryne Nelson,R,9,ARI,LAA,home,3.26,LAA,650859.0,-964.0,163.0,88.9,0,2025-07-11,0,,-801.0,0.0
DH,L,Luis Arraez,Ranger Suarez,L,1,PHI,SD,home,2.06,SD,650333.0,-1595.0,532.0,91.4,1,2025-07-11,0,,-1063.0,0.94
3B,R,Manny Machado,Ranger Suarez,L,2,PHI,SD,home,6.8,SD,592518.0,-410.0,69.0,77.3,0,2025-07-11,1,,-341.0,0.0
CF,L,Jackson Merrill,Ranger Suarez,L,3,PHI,SD,home,4.27,SD,701538.0,-713.0,-34.0,88.2,0,2025-07-11,0,,-747.0,0.0
RF,R,Fernando Tatis,Ranger Suarez,L,4,PHI,SD,home,5.81,SD,665487.0,-499.0,78.0,80.8,0,2025-07-11,0,,-421.0,0.0
SS,R,Xander Bogaerts,Ranger Suarez,L,5,PHI,SD,home,4.08,SD,593428.0,-747.0,-54.0,88.9,0,2025-07-11,0,,-801.0,0.0
LF,L,Gavin Sheets,Ranger Suarez,L,6,PHI,SD,home,3.94,SD,657757.0,-777.0,77.0,87.5,0,2025-07-11,0,,-700.0,0.0
2B,R,Jose Iglesias,Ranger Suarez,L,7,PHI,SD,home,2.87,SD,578428.0,-1105.0,-94.0,92.3,0,2025-07-11,0,,-1199.0,0.0
1B,L,Jake Cronenworth,Ranger Suarez,L,8,PHI,SD,home,3.44,SD,630105.0,-910.0,10.0,90.0,0,2025-07-11,0,,-900.0,0.0
CF,L,Nathan Lukes,Luis Severino,R,1,TOR,ATH,away,4.16,TOR,664770.0,-733.0,81.0,86.7,0,2025-07-11,0,,-652.0,0.0
DH,R,George Springer,Luis Severino,R,2,TOR,ATH,away,6.36,TOR,543807.0,-446.0,117.0,76.7,0,2025-07-11,0,,-329.0,0.0
1B,R,Vladimir Guerrero,Luis Severino,R,3,TOR,ATH,away,6.35,TOR,665489.0,-446.0,146.0,75.0,0,2025-07-11,0,,-300.0,0.0
SS,R,Bo Bichette,Luis Severino,R,4,TOR,ATH,away,3.9,TOR,666182.0,-793.0,483.0,75.6,0,2025-07-11,0,,-310.0,0.0
RF,L,Addison Barger,Luis Severino,R,5,TOR,ATH,away,6.16,TOR,680718.0,-462.0,228.0,70.1,0,2025-07-11,0,,-234.0,0.0
C,R,Alejandro Kirk,Luis Severino,R,6,TOR,ATH,away,4.46,TOR,672386.0,-675.0,285.0,79.6,0,2025-07-11,0,,-390.0,0.0
3B,L,Will Wagner,Luis Severino,R,7,TOR,ATH,away,3.85,TOR,695238.0,-801.0,302.0,83.3,0,2025-07-11,0,,-499.0,0.0
2B,R,Ernie Clement,Luis Severino,R,8,TOR,ATH,away,2.73,TOR,676391.0,-1166.0,466.0,87.5,0,2025-07-11,0,,-700.0,0.0
RF,L,Lawrence Butler,Max Scherzer,R,1,TOR,ATH,home,6.44,ATH,671732.0,-438.0,138.0,75.0,0,2025-07-11,0,,-300.0,0.0
DH,R,Brent Rooker,Max Scherzer,R,3,TOR,ATH,home,7.15,ATH,667670.0,-385.0,85.0,75.0,0,2025-07-11,0,,-300.0,0.0
1B,L,Nick Kurtz,Max Scherzer,R,4,TOR,ATH,home,8.23,ATH,701762.0,-322.0,67.0,71.80000000000001,0,2025-07-11,1,,-255.0,0.0
C,R,Shea Langeliers,Max Scherzer,R,5,TOR,ATH,home,5.4,ATH,669127.0,-541.0,311.0,69.7,0,2025-07-11,0,,-230.0,0.0
3B,R,Miguel Andujar,Max Scherzer,R,6,TOR,ATH,home,3.47,ATH,609280.0,-900.0,200.0,87.5,0,2025-07-11,0,,-700.0,0.0
LF,L,Tyler Soderstrom,Max Scherzer,R,7,TOR,ATH,home,6.31,ATH,691016.0,-449.0,139.0,75.6,0,2025-07-11,1,,-310.0,0.0
2B,R,Zack Gelof,Max Scherzer,R,8,TOR,ATH,home,4.59,ATH,680869.0,-658.0,100.0,84.8,0,2025-07-11,0,,-558.0,0.0
CF,R,Denzel Clarke,Max Scherzer,R,9,TOR,ATH,home,4.29,ATH,672016.0,-706.0,6.0,87.5,0,2025-07-11,0,,-700.0,0.0
DH,L,Shohei Ohtani,Logan Webb,R,1,LAD,SF,away,7.6,LAD,660271.0,-357.0,28.0,76.7,0,2025-07-11,1,,-329.0,0.0
SS,R,Mookie Betts,Logan Webb,R,2,LAD,SF,away,1.41,LAD,605141.0,-2339.0,1639.0,87.5,0,2025-07-11,0,,-700.0,0.0
1B,L,Freddie Freeman,Logan Webb,R,3,LAD,SF,away,5.24,LAD,518692.0,-562.0,-239.0,88.9,0,2025-07-11,0,,-801.0,0.0
C,R,Will Smith,Logan Webb,R,4,LAD,SF,away,4.33,LAD,669257.0,-700.0,-152.0,89.5,0,2025-07-11,0,,-852.0,0.0
RF,R,Teoscar Hernandez,Logan Webb,R,5,LAD,SF,away,4.07,LAD,606192.0,-755.0,-46.0,88.9,0,2025-07-11,0,,-801.0,0.0
CF,R,Andy Pages,Logan Webb,R,6,LAD,SF,away,3.85,LAD,681624.0,-801.0,-51.0,89.5,0,2025-07-11,0,,-852.0,0.0
LF,L,Michael Conforto,Logan Webb,R,7,LAD,SF,away,4.3,LAD,624424.0,-706.0,-194.0,90.0,0,2025-07-11,1,,-900.0,0.0
3B,S,Tommy Edman,Logan Webb,R,8,LAD,SF,away,3.66,LAD,669242.0,-852.0,-253.0,91.7,0,2025-07-11,0,,-1105.0,0.0
2B,L,Hyeseong Kim,Logan Webb,R,9,LAD,SF,away,2.86,LAD,808975.0,-1120.0,-188.0,92.9,0,2025-07-11,0,,-1308.0,0.0
RF,L,Mike Yastrzemski,Dustin May,R,1,LAD,SF,home,5.22,SF,573262.0,-567.0,68.0,83.3,0,2025-07-11,0,,-499.0,0.0
DH,L,Rafael Devers,Dustin May,R,2,LAD,SF,home,5.82,SF,646240.0,-495.0,46.0,81.8,0,2025-07-11,0,,-449.0,0.0
LF,R,Heliot Ramos,Dustin May,R,3,LAD,SF,home,4.48,SF,671218.0,-675.0,176.0,83.3,0,2025-07-11,0,,-499.0,0.0
3B,R,Matt Chapman,Dustin May,R,4,LAD,SF,home,5.03,SF,656305.0,-590.0,190.0,80.0,0,2025-07-11,0,,-400.0,0.0
CF,L,Jung Hoo Lee,Dustin May,R,5,LAD,SF,home,3.9,SF,808982.0,-793.0,-206.0,90.9,0,2025-07-11,0,,-999.0,0.0
SS,R,Willy Adames,Dustin May,R,6,LAD,SF,home,4.75,SF,642715.0,-630.0,155.0,82.6,0,2025-07-11,1,,-475.0,0.0
C,S,Patrick Bailey,Dustin May,R,8,LAD,SF,home,3.53,SF,672275.0,-880.0,-225.0,91.7,0,2025-07-11,0,,-1105.0,0.0
2B,R,Casey Schmitt,Dustin May,R,9,LAD,SF,home,3.75,SF,669477.0,-826.0,25.0,88.9,0,2025-07-11,0,,-801.0,0.0
