position,handedness,name,pitcher,p_throws,lineup_spot,away_team,home_team,status,hours_before,time
DH,L,James Wood,Robbie Ray,L,1,WSH,SF,away,0.0,
3B,R,Curtis Mead,Robbie Ray,L,2,WSH,SF,away,0.0,
1B,R,A. Chaparro,Robbie Ray,L,3,WSH,SF,away,0.0,
RF,R,Dylan Crews,Robbie Ray,L,4,WSH,SF,away,0.0,
LF,L,Daylen Lile,Robbie Ray,L,5,WSH,SF,away,0.0,
CF,R,Jacob Young,Robbie Ray,L,6,WSH,SF,away,0.0,
SS,S,Nasim Nunez,Robbie Ray,L,7,WSH,SF,away,0.0,
2B,L,Jorbit Vivas,Robbie Ray,L,8,WSH,SF,away,0.0,
C,S,Keibert Ruiz,Robbie Ray,L,9,WSH,SF,away,0.0,
SS,R,C. Schmitt,Foster Griffin,L,1,WSH,SF,home,0.0,
2B,L,Luis Arraez,Foster Griffin,L,2,WSH,SF,home,0.0,
3B,R,Matt Chapman,Foster Griffin,L,3,WSH,SF,home,0.0,
1B,L,R. Devers,Foster Griffin,L,4,WSH,SF,home,0.0,
RF,L,Jung Hoo Lee,Foster Griffin,L,5,WSH,SF,home,0.0,
DH,L,B. Eldridge,Foster Griffin,L,6,WSH,SF,home,0.0,
C,R,Daniel Susac,Foster Griffin,L,7,WSH,SF,home,0.0,
LF,R,V. Bericoto,Foster Griffin,L,8,WSH,SF,home,0.0,
CF,R,Jonah Cox,Foster Griffin,L,9,WSH,SF,home,0.0,
SS,R,Matt McLain,Michael King,R,1,CIN,SD,away,1.0,
LF,L,JJ Bleday,Michael King,R,2,CIN,SD,away,1.0,
3B,R,Sal Stewart,Michael King,R,3,CIN,SD,away,1.0,
2B,R,S. Steer,Michael King,R,4,CIN,SD,away,1.0,
1B,L,N. Lowe,Michael King,R,5,CIN,SD,away,1.0,
DH,R,E. Suarez,Michael King,R,6,CIN,SD,away,1.0,
CF,R,Dane Myers,Michael King,R,7,CIN,SD,away,1.0,
RF,R,Noelvi Marte,Michael King,R,8,CIN,SD,away,1.0,
C,R,P.J. Higgins,Michael King,R,9,CIN,SD,away,1.0,
2B,R,F. Tatis,Brady Singer,R,1,CIN,SD,home,1.0,
CF,L,J. Merrill,Brady Singer,R,2,CIN,SD,home,1.0,
3B,R,M. Machado,Brady Singer,R,3,CIN,SD,home,1.0,
1B,L,Gavin Sheets,Brady Singer,R,4,CIN,SD,home,1.0,
DH,L,Will Wagner,Brady Singer,R,5,CIN,SD,home,1.0,
LF,R,Samad Taylor,Brady Singer,R,6,CIN,SD,home,1.0,
RF,S,B. Johnson,Brady Singer,R,7,CIN,SD,home,1.0,
C,R,R. Duran,Brady Singer,R,8,CIN,SD,home,1.0,
SS,L,S. Song,Brady Singer,R,9,CIN,SD,home,1.0,
2B,L,Cole Young,Brandon Young,R,1,SEA,BAL,away,3.0,
CF,R,J. Rodriguez,Brandon Young,R,2,SEA,BAL,away,3.0,
1B,L,Josh Naylor,Brandon Young,R,3,SEA,BAL,away,3.0,
LF,R,R. Arozarena,Brandon Young,R,4,SEA,BAL,away,3.0,
RF,L,Luke Raley,Brandon Young,R,5,SEA,BAL,away,3.0,
DH,L,D. Canzone,Brandon Young,R,6,SEA,BAL,away,3.0,
3B,R,P. Wisdom,Brandon Young,R,7,SEA,BAL,away,3.0,
SS,L,Colt Emerson,Brandon Young,R,8,SEA,BAL,away,3.0,
C,R,J. Pereda,Brandon Young,R,9,SEA,BAL,away,3.0,
LF,R,Taylor Ward,George Kirby,R,1,SEA,BAL,home,3.0,
SS,L,G. Henderson,George Kirby,R,2,SEA,BAL,home,3.0,
C,S,A. Rutschman,George Kirby,R,3,SEA,BAL,home,3.0,
1B,R,Pete Alonso,George Kirby,R,4,SEA,BAL,home,3.0,
DH,L,S. Basallo,George Kirby,R,5,SEA,BAL,home,3.0,
CF,S,L. Taveras,George Kirby,R,6,SEA,BAL,home,3.0,
RF,L,C. Cowser,George Kirby,R,7,SEA,BAL,home,3.0,
3B,R,Coby Mayo,George Kirby,R,8,SEA,BAL,home,3.0,
2B,L,J. Holliday,George Kirby,R,9,SEA,BAL,home,3.0,
CF,R,Byron Buxton,Framber Valdez,L,1,MIN,DET,away,3.0,
3B,S,Brooks Lee,Framber Valdez,L,2,MIN,DET,away,3.0,
RF,R,A. Martin,Framber Valdez,L,3,MIN,DET,away,3.0,
DH,S,Josh Bell,Framber Valdez,L,4,MIN,DET,away,3.0,
1B,L,Kody Clemens,Framber Valdez,L,5,MIN,DET,away,3.0,
SS,R,O. Arcia,Framber Valdez,L,6,MIN,DET,away,3.0,
2B,R,L. Keaschall,Framber Valdez,L,7,MIN,DET,away,3.0,
C,S,V. Caratini,Framber Valdez,L,8,MIN,DET,away,3.0,
LF,R,R. Kreidler,Framber Valdez,L,9,MIN,DET,away,3.0,
3B,L,K. McGonigle,Mike Paredes,R,1,MIN,DET,home,3.0,
2B,R,G. Torres,Mike Paredes,R,2,MIN,DET,home,3.0,
RF,L,K. Carpenter,Mike Paredes,R,3,MIN,DET,home,3.0,
C,R,D. Dingler,Mike Paredes,R,4,MIN,DET,home,3.0,
LF,L,Riley Greene,Mike Paredes,R,5,MIN,DET,home,3.0,
1B,R,S. Torkelson,Mike Paredes,R,6,MIN,DET,home,3.0,
DH,L,Colt Keith,Mike Paredes,R,7,MIN,DET,home,3.0,
CF,L,Z. McKinstry,Mike Paredes,R,8,MIN,DET,home,3.0,
SS,R,Zack Short,Mike Paredes,R,9,MIN,DET,home,3.0,
DH,L,S. Ohtani,Jared Jones,R,1,LAD,PIT,away,3.0,
CF,R,Andy Pages,Jared Jones,R,2,LAD,PIT,away,3.0,
1B,L,F. Freeman,Jared Jones,R,3,LAD,PIT,away,3.0,
SS,R,Mookie Betts,Jared Jones,R,4,LAD,PIT,away,3.0,
3B,L,Max Muncy,Jared Jones,R,5,LAD,PIT,away,3.0,
RF,L,Kyle Tucker,Jared Jones,R,6,LAD,PIT,away,3.0,
LF,L,Ryan Ward,Jared Jones,R,7,LAD,PIT,away,3.0,
C,L,D. Rushing,Jared Jones,R,8,LAD,PIT,away,3.0,
2B,S,A. Freeland,Jared Jones,R,9,LAD,PIT,away,3.0,
1B,L,S. Horwitz,Shohei Ohtani,R,1,LAD,PIT,home,3.0,
2B,L,Brandon Lowe,Shohei Ohtani,R,2,LAD,PIT,home,3.0,
RF,S,B. Reynolds,Shohei Ohtani,R,3,LAD,PIT,home,3.0,
DH,L,Ryan O'Hearn,Shohei Ohtani,R,4,LAD,PIT,home,3.0,
3B,R,N. Gonzales,Shohei Ohtani,R,5,LAD,PIT,home,3.0,
CF,L,Oneil Cruz,Shohei Ohtani,R,6,LAD,PIT,home,3.0,
C,S,E. Rodriguez,Shohei Ohtani,R,7,LAD,PIT,home,3.0,
LF,S,Jake Mangum,Shohei Ohtani,R,8,LAD,PIT,home,3.0,
SS,R,Jared Triolo,Shohei Ohtani,R,9,LAD,PIT,home,3.0,
2B,S,Ketel Marte,Ryan Gusto,R,1,ARI,MIA,away,3.0,
RF,L,C. Carroll,Ryan Gusto,R,2,ARI,MIA,away,3.0,
C,R,G. Moreno,Ryan Gusto,R,3,ARI,MIA,away,3.0,
3B,R,N. Arenado,Ryan Gusto,R,4,ARI,MIA,away,3.0,
DH,L,Pavin Smith,Ryan Gusto,R,5,ARI,MIA,away,3.0,
SS,S,G. Perdomo,Ryan Gusto,R,6,ARI,MIA,away,3.0,
1B,S,I. Vargas,Ryan Gusto,R,7,ARI,MIA,away,3.0,
CF,R,R. Waldschmidt,Ryan Gusto,R,8,ARI,MIA,away,3.0,
LF,R,Tommy Troy,Ryan Gusto,R,9,ARI,MIA,away,3.0,
C,L,Liam Hicks,Ryne Nelson,R,1,ARI,MIA,home,3.0,
SS,R,Otto Lopez,Ryne Nelson,R,2,ARI,MIA,home,3.0,
DH,L,Kyle Stowers,Ryne Nelson,R,3,ARI,MIA,home,3.0,
2B,S,X. Edwards,Ryne Nelson,R,4,ARI,MIA,home,3.0,
LF,R,H. Hernandez,Ryne Nelson,R,5,ARI,MIA,home,3.0,
CF,L,Jakob Marsee,Ryne Nelson,R,6,ARI,MIA,home,3.0,
1B,R,C. Morel,Ryne Nelson,R,7,ARI,MIA,home,3.0,
RF,L,Owen Caissie,Ryne Nelson,R,8,ARI,MIA,home,3.0,
3B,R,J. Sanoja,Ryne Nelson,R,9,ARI,MIA,home,3.0,
DH,L,K. Schwarber,Max Scherzer,R,1,PHI,TOR,away,4.0,
SS,R,Trea Turner,Max Scherzer,R,2,PHI,TOR,away,4.0,
1B,L,Bryce Harper,Max Scherzer,R,3,PHI,TOR,away,4.0,
LF,L,B. Marsh,Max Scherzer,R,4,PHI,TOR,away,4.0,
3B,R,Alec Bohm,Max Scherzer,R,5,PHI,TOR,away,4.0,
2B,L,Bryson Stott,Max Scherzer,R,6,PHI,TOR,away,4.0,
C,R,J. Realmuto,Max Scherzer,R,7,PHI,TOR,away,4.0,
RF,R,A. Garcia,Max Scherzer,R,8,PHI,TOR,away,4.0,
CF,L,J. Crawford,Max Scherzer,R,9,PHI,TOR,away,4.0,
DH,R,G. Springer,Jesus Luzardo,L,1,PHI,TOR,home,4.0,
1B,R,V. Guerrero,Jesus Luzardo,L,2,PHI,TOR,home,4.0,
3B,R,K. Okamoto,Jesus Luzardo,L,3,PHI,TOR,home,4.0,
CF,L,D. Varsho,Jesus Luzardo,L,4,PHI,TOR,home,4.0,
SS,R,E. Clement,Jesus Luzardo,L,5,PHI,TOR,home,4.0,
RF,R,Myles Straw,Jesus Luzardo,L,6,PHI,TOR,home,4.0,
C,S,B. Valenzuela,Jesus Luzardo,L,7,PHI,TOR,home,4.0,
LF,L,Y. Pinango,Jesus Luzardo,L,8,PHI,TOR,home,4.0,
2B,R,C. McAdoo,Jesus Luzardo,L,9,PHI,TOR,home,4.0,
2B,L,J. Wetherholt,David Peterson,L,1,STL,NYM,away,4.0,
DH,R,Ivan Herrera,David Peterson,L,2,STL,NYM,away,4.0,
1B,L,A. Burleson,David Peterson,L,3,STL,NYM,away,4.0,
RF,R,J. Walker,David Peterson,L,4,STL,NYM,away,4.0,
LF,L,L. Nootbaar,David Peterson,L,5,STL,NYM,away,4.0,
SS,R,Masyn Winn,David Peterson,L,6,STL,NYM,away,4.0,
3B,L,Nolan Gorman,David Peterson,L,7,STL,NYM,away,4.0,
CF,L,N. Church,David Peterson,L,8,STL,NYM,away,4.0,
C,L,Jimmy Crooks,David Peterson,L,9,STL,NYM,away,4.0,
RF,L,Carson Benge,Andre Pallante,R,1,STL,NYM,home,4.0,
SS,R,Bo Bichette,Andre Pallante,R,2,STL,NYM,home,4.0,
LF,L,Juan Soto,Andre Pallante,R,3,STL,NYM,home,4.0,
1B,L,Jared Young,Andre Pallante,R,4,STL,NYM,home,4.0,
2B,R,M. Semien,Andre Pallante,R,5,STL,NYM,home,4.0,
CF,L,A.J. Ewing,Andre Pallante,R,6,STL,NYM,home,4.0,
DH,R,F. Alvarez,Andre Pallante,R,7,STL,NYM,home,4.0,
3B,L,Brett Baty,Andre Pallante,R,8,STL,NYM,home,4.0,
C,R,Luis Torrens,Andre Pallante,R,9,STL,NYM,home,4.0,
LF,R,M. Dubon,Davis Martin,R,1,ATL,CWS,away,4.0,
CF,L,M. Harris,Davis Martin,R,2,ATL,CWS,away,4.0,
1B,L,Matt Olson,Davis Martin,R,3,ATL,CWS,away,4.0,
2B,S,Ozzie Albies,Davis Martin,R,4,ATL,CWS,away,4.0,
DH,L,D. Smith,Davis Martin,R,5,ATL,CWS,away,4.0,
3B,R,Austin Riley,Davis Martin,R,6,ATL,CWS,away,4.0,
RF,L,M. Yastrzemski,Davis Martin,R,7,ATL,CWS,away,4.0,
SS,R,Jorge Mateo,Davis Martin,R,8,ATL,CWS,away,4.0,
C,S,Sandy Leon,Davis Martin,R,9,ATL,CWS,away,4.0,
2B,R,C. Meidroth,Chris Sale,L,1,ATL,CWS,home,4.0,
1B,R,M. Vargas,Chris Sale,L,2,ATL,CWS,home,4.0,
3B,L,C. Montgomery,Chris Sale,L,3,ATL,CWS,home,4.0,
RF,R,R. Grichuk,Chris Sale,L,4,ATL,CWS,home,4.0,
C,S,Edgar Quero,Chris Sale,L,5,ATL,CWS,home,4.0,
DH,L,A. Benintendi,Chris Sale,L,6,ATL,CWS,home,4.0,
CF,S,B. Montgomery,Chris Sale,L,7,ATL,CWS,home,4.0,
LF,L,S. Antonacci,Chris Sale,L,8,ATL,CWS,home,4.0,
SS,R,L. Acuna,Chris Sale,L,9,ATL,CWS,home,4.0,
DH,L,Joc Pederson,Seth Lugo,R,1,TEX,KC,away,4.0,
SS,L,Corey Seager,Seth Lugo,R,2,TEX,KC,away,4.0,
3B,R,Josh Jung,Seth Lugo,R,3,TEX,KC,away,4.0,
RF,L,B. Nimmo,Seth Lugo,R,4,TEX,KC,away,4.0,
LF,R,W. Langford,Seth Lugo,R,5,TEX,KC,away,4.0,
2B,R,E. Duran,Seth Lugo,R,6,TEX,KC,away,4.0,
1B,R,Jake Burger,Seth Lugo,R,7,TEX,KC,away,4.0,
CF,L,Evan Carter,Seth Lugo,R,8,TEX,KC,away,4.0,
C,R,K. Higashioka,Seth Lugo,R,9,TEX,KC,away,4.0,
CF,R,Lane Thomas,MacKenzie Gore,L,1,TEX,KC,home,4.0,
SS,R,Bobby Witt,MacKenzie Gore,L,2,TEX,KC,home,4.0,
3B,R,M. Garcia,MacKenzie Gore,L,3,TEX,KC,home,4.0,
C,R,S. Perez,MacKenzie Gore,L,4,TEX,KC,home,4.0,
DH,R,S. Marte,MacKenzie Gore,L,5,TEX,KC,home,4.0,
1B,L,V. Pasquantino,MacKenzie Gore,L,6,TEX,KC,home,4.0,
2B,R,Nick Loftin,MacKenzie Gore,L,7,TEX,KC,home,4.0,
RF,L,J. Caglianone,MacKenzie Gore,L,8,TEX,KC,home,4.0,
LF,R,T. Tolbert,MacKenzie Gore,L,9,TEX,KC,home,4.0,
CF,L,P. Crow-Armstrong,Michael Lorenzen,R,1,CHC,COL,away,5.0,
2B,R,Nico Hoerner,Michael Lorenzen,R,2,CHC,COL,away,5.0,
1B,L,M. Busch,Michael Lorenzen,R,3,CHC,COL,away,5.0,
3B,R,Alex Bregman,Michael Lorenzen,R,4,CHC,COL,away,5.0,
LF,S,Ian Happ,Michael Lorenzen,R,5,CHC,COL,away,5.0,
RF,R,Seiya Suzuki,Michael Lorenzen,R,6,CHC,COL,away,5.0,
DH,L,M. Ballesteros,Michael Lorenzen,R,7,CHC,COL,away,5.0,
C,R,Carson Kelly,Michael Lorenzen,R,8,CHC,COL,away,5.0,
SS,R,D. Swanson,Michael Lorenzen,R,9,CHC,COL,away,5.0,
RF,S,Willi Castro,Shota Imanaga,L,1,CHC,COL,home,5.0,
SS,R,E. Tovar,Shota Imanaga,L,2,CHC,COL,home,5.0,
1B,L,TJ Rumfield,Shota Imanaga,L,3,CHC,COL,home,5.0,
C,R,H. Goodman,Shota Imanaga,L,4,CHC,COL,home,5.0,
3B,R,Kyle Karros,Shota Imanaga,L,5,CHC,COL,home,5.0,
CF,S,Cole Carrigg,Shota Imanaga,L,6,CHC,COL,home,5.0,
LF,L,T. Johnston,Shota Imanaga,L,7,CHC,COL,home,5.0,
DH,R,B. Fulford,Shota Imanaga,L,8,CHC,COL,home,5.0,
2B,R,Chad Stevens,Shota Imanaga,L,9,CHC,COL,home,5.0,
DH,L,C. Yelich,Jack Perkins,R,1,MIL,ATH,away,6.0,
LF,R,J. Chourio,Jack Perkins,R,2,MIL,ATH,away,6.0,
2B,L,Brice Turang,Jack Perkins,R,3,MIL,ATH,away,6.0,
C,R,W. Contreras,Jack Perkins,R,4,MIL,ATH,away,6.0,
1B,L,Jake Bauers,Jack Perkins,R,5,MIL,ATH,away,6.0,
CF,L,G. Mitchell,Jack Perkins,R,6,MIL,ATH,away,6.0,
RF,L,Sal Frelick,Jack Perkins,R,7,MIL,ATH,away,6.0,
3B,S,Luis Rengifo,Jack Perkins,R,8,MIL,ATH,away,6.0,
SS,L,D. Hamilton,Jack Perkins,R,9,MIL,ATH,away,6.0,
1B,L,Nick Kurtz,Brandon Sproat,R,1,MIL,ATH,home,6.0,
RF,L,C. Cortes,Brandon Sproat,R,2,MIL,ATH,home,6.0,
C,R,S. Langeliers,Brandon Sproat,R,3,MIL,ATH,home,6.0,
DH,R,Brent Rooker,Brandon Sproat,R,4,MIL,ATH,home,6.0,
LF,L,T. Soderstrom,Brandon Sproat,R,5,MIL,ATH,home,6.0,
CF,R,Henry Bolte,Brandon Sproat,R,6,MIL,ATH,home,6.0,
SS,R,Max Muncy,Brandon Sproat,R,7,MIL,ATH,home,6.0,
2B,L,Jeff McNeil,Brandon Sproat,R,8,MIL,ATH,home,6.0,
3B,R,Zack Gelof,Brandon Sproat,R,9,MIL,ATH,home,6.0,
2B,R,Jose Altuve,Reid Detmers,L,1,HOU,LAA,away,6.0,
SS,R,Jeremy Pena,Reid Detmers,L,2,HOU,LAA,away,6.0,
DH,L,Y. Alvarez,Reid Detmers,L,3,HOU,LAA,away,6.0,
3B,R,I. Paredes,Reid Detmers,L,4,HOU,LAA,away,6.0,
1B,R,C. Walker,Reid Detmers,L,5,HOU,LAA,away,6.0,
CF,R,Jake Meyers,Reid Detmers,L,6,HOU,LAA,away,6.0,
RF,R,Cam Smith,Reid Detmers,L,7,HOU,LAA,away,6.0,
LF,R,B. Matthews,Reid Detmers,L,8,HOU,LAA,away,6.0,
C,R,C. Vazquez,Reid Detmers,L,9,HOU,LAA,away,6.0,
SS,R,Zach Neto,Peter Lambert,R,1,HOU,LAA,home,6.0,
CF,R,Mike Trout,Peter Lambert,R,2,HOU,LAA,home,6.0,
LF,L,Wade Meckler,Peter Lambert,R,3,HOU,LAA,home,6.0,
2B,R,O. Peraza,Peter Lambert,R,4,HOU,LAA,home,6.0,
1B,L,N. Schanuel,Peter Lambert,R,5,HOU,LAA,home,6.0,
RF,R,Jo Adell,Peter Lambert,R,6,HOU,LAA,home,6.0,
3B,R,D. Guzman,Peter Lambert,R,7,HOU,LAA,home,6.0,
DH,R,N. Madrigal,Peter Lambert,R,8,HOU,LAA,home,6.0,
C,R,L. O'Hoppe,Peter Lambert,R,9,HOU,LAA,home,6.0,
DH,L,Liam Hicks,Zack Wheeler,R,1,MIA,PHI,away,0.0,
SS,R,Otto Lopez,Zack Wheeler,R,2,MIA,PHI,away,0.0,
1B,L,Kyle Stowers,Zack Wheeler,R,3,MIA,PHI,away,0.0,
2B,S,X. Edwards,Zack Wheeler,R,4,MIA,PHI,away,0.0,
LF,R,H. Hernandez,Zack Wheeler,R,5,MIA,PHI,away,0.0,
RF,L,Owen Caissie,Zack Wheeler,R,6,MIA,PHI,away,0.0,
CF,L,Jakob Marsee,Zack Wheeler,R,7,MIA,PHI,away,0.0,
C,L,Joe Mack,Zack Wheeler,R,8,MIA,PHI,away,0.0,
3B,R,J. Sanoja,Zack Wheeler,R,9,MIA,PHI,away,0.0,
DH,L,K. Schwarber,Ryan Gusto,R,1,MIA,PHI,home,0.0,
SS,R,Trea Turner,Ryan Gusto,R,2,MIA,PHI,home,0.0,
1B,L,Bryce Harper,Ryan Gusto,R,3,MIA,PHI,home,0.0,
LF,L,B. Marsh,Ryan Gusto,R,4,MIA,PHI,home,0.0,
2B,L,Bryson Stott,Ryan Gusto,R,5,MIA,PHI,home,0.0,
C,R,J. Realmuto,Ryan Gusto,R,6,MIA,PHI,home,0.0,
RF,L,G. Rincones,Ryan Gusto,R,7,MIA,PHI,home,0.0,
CF,L,J. Crawford,Ryan Gusto,R,8,MIA,PHI,home,0.0,
3B,R,Edmundo Sosa,Ryan Gusto,R,9,MIA,PHI,home,0.0,
CF,R,Lane Thomas,Andrew Alvarez,L,1,KC,WSH,away,0.0,
SS,R,Bobby Witt,Andrew Alvarez,L,2,KC,WSH,away,0.0,
RF,L,J. Caglianone,Andrew Alvarez,L,3,KC,WSH,away,0.0,
3B,R,M. Garcia,Andrew Alvarez,L,4,KC,WSH,away,0.0,
DH,R,S. Marte,Andrew Alvarez,L,5,KC,WSH,away,0.0,
1B,R,S. Perez,Andrew Alvarez,L,6,KC,WSH,away,0.0,
2B,R,Nick Loftin,Andrew Alvarez,L,7,KC,WSH,away,0.0,
C,L,C. Jensen,Andrew Alvarez,L,8,KC,WSH,away,0.0,
LF,S,I. Collins,Andrew Alvarez,L,9,KC,WSH,away,0.0,
DH,L,James Wood,Mitch Spence,R,1,KC,WSH,home,0.0,
1B,L,Luis Garcia,Mitch Spence,R,2,KC,WSH,home,0.0,
3B,R,Curtis Mead,Mitch Spence,R,3,KC,WSH,home,0.0,
SS,L,CJ Abrams,Mitch Spence,R,4,KC,WSH,home,0.0,
RF,R,Dylan Crews,Mitch Spence,R,5,KC,WSH,home,0.0,
LF,L,Daylen Lile,Mitch Spence,R,6,KC,WSH,home,0.0,
CF,R,Jacob Young,Mitch Spence,R,7,KC,WSH,home,0.0,
C,S,Keibert Ruiz,Mitch Spence,R,8,KC,WSH,home,0.0,
2B,S,Nasim Nunez,Mitch Spence,R,9,KC,WSH,home,0.0,
RF,L,Carson Benge,Chase Burns,R,1,NYM,CIN,away,1.0,
SS,R,Bo Bichette,Chase Burns,R,2,NYM,CIN,away,1.0,
LF,L,Juan Soto,Chase Burns,R,3,NYM,CIN,away,1.0,
1B,L,Jared Young,Chase Burns,R,4,NYM,CIN,away,1.0,
CF,L,A.J. Ewing,Chase Burns,R,5,NYM,CIN,away,1.0,
2B,R,M. Semien,Chase Burns,R,6,NYM,CIN,away,1.0,
3B,L,Brett Baty,Chase Burns,R,7,NYM,CIN,away,1.0,
DH,L,MJ Melendez,Chase Burns,R,8,NYM,CIN,away,1.0,
C,R,F. Alvarez,Chase Burns,R,9,NYM,CIN,away,1.0,
CF,R,Blake Dunn,Tobias Myers,R,1,NYM,CIN,home,1.0,
LF,L,JJ Bleday,Tobias Myers,R,2,NYM,CIN,home,1.0,
DH,R,Sal Stewart,Tobias Myers,R,3,NYM,CIN,home,1.0,
1B,R,S. Steer,Tobias Myers,R,4,NYM,CIN,home,1.0,
3B,R,E. Suarez,Tobias Myers,R,5,NYM,CIN,home,1.0,
RF,R,Noelvi Marte,Tobias Myers,R,6,NYM,CIN,home,1.0,
SS,R,Matt McLain,Tobias Myers,R,7,NYM,CIN,home,1.0,
C,R,T. Stephenson,Tobias Myers,R,8,NYM,CIN,home,1.0,
2B,S,Edwin Arroyo,Tobias Myers,R,9,NYM,CIN,home,1.0,
RF,R,F. Tatis,Dustin May,R,1,SD,STL,away,1.0,
CF,L,J. Merrill,Dustin May,R,2,SD,STL,away,1.0,
DH,R,M. Machado,Dustin May,R,3,SD,STL,away,1.0,
LF,L,Gavin Sheets,Dustin May,R,4,SD,STL,away,1.0,
SS,R,X. Bogaerts,Dustin May,R,5,SD,STL,away,1.0,
3B,L,Will Wagner,Dustin May,R,6,SD,STL,away,1.0,
1B,R,Ty France,Dustin May,R,7,SD,STL,away,1.0,
2B,L,S. Song,Dustin May,R,8,SD,STL,away,1.0,
C,R,R. Duran,Dustin May,R,9,SD,STL,away,1.0,
2B,L,J. Wetherholt,Lucas Giolito,R,1,SD,STL,home,1.0,
DH,R,Ivan Herrera,Lucas Giolito,R,2,SD,STL,home,1.0,
1B,L,A. Burleson,Lucas Giolito,R,3,SD,STL,home,1.0,
RF,R,J. Walker,Lucas Giolito,R,4,SD,STL,home,1.0,
LF,L,L. Nootbaar,Lucas Giolito,R,5,SD,STL,home,1.0,
SS,R,Masyn Winn,Lucas Giolito,R,6,SD,STL,home,1.0,
C,L,Jimmy Crooks,Lucas Giolito,R,7,SD,STL,home,1.0,
3B,R,Blaze Jordan,Lucas Giolito,R,8,SD,STL,home,1.0,
CF,L,N. Church,Lucas Giolito,R,9,SD,STL,home,1.0,
RF,R,A. Martin,MacKenzie Gore,L,1,MIN,TEX,away,2.0,
CF,R,Byron Buxton,MacKenzie Gore,L,2,MIN,TEX,away,2.0,
1B,L,Kody Clemens,MacKenzie Gore,L,3,MIN,TEX,away,2.0,
3B,R,Royce Lewis,MacKenzie Gore,L,4,MIN,TEX,away,2.0,
DH,S,Josh Bell,MacKenzie Gore,L,5,MIN,TEX,away,2.0,
LF,R,Kyler Fedko,MacKenzie Gore,L,6,MIN,TEX,away,2.0,
DH,L,Joc Pederson,Mike Paredes,R,1,MIN,TEX,home,2.0,
3B,R,Josh Jung,Mike Paredes,R,2,MIN,TEX,home,2.0,
LF,R,W. Langford,Mike Paredes,R,3,MIN,TEX,home,2.0,
RF,L,B. Nimmo,Mike Paredes,R,4,MIN,TEX,home,2.0,
1B,R,Jake Burger,Mike Paredes,R,5,MIN,TEX,home,2.0,
CF,L,A. Osuna,Mike Paredes,R,6,MIN,TEX,home,2.0,
2B,R,Cody Freeman,Mike Paredes,R,7,MIN,TEX,home,2.0,
SS,L,Nicky Lopez,Mike Paredes,R,8,MIN,TEX,home,2.0,
C,R,Elias Diaz,Mike Paredes,R,9,MIN,TEX,home,2.0,
2B,S,Willi Castro,Shota Imanaga,L,1,COL,CHC,away,2.0,
RF,R,T. Freeman,Shota Imanaga,L,2,COL,CHC,away,2.0,
1B,L,TJ Rumfield,Shota Imanaga,L,3,COL,CHC,away,2.0,
DH,R,H. Goodman,Shota Imanaga,L,4,COL,CHC,away,2.0,
SS,R,E. Tovar,Shota Imanaga,L,5,COL,CHC,away,2.0,
CF,S,Cole Carrigg,Shota Imanaga,L,6,COL,CHC,away,2.0,
LF,L,J. McCarthy,Shota Imanaga,L,7,COL,CHC,away,2.0,
3B,R,Kyle Karros,Shota Imanaga,L,8,COL,CHC,away,2.0,
C,R,B. Fulford,Shota Imanaga,L,9,COL,CHC,away,2.0,
CF,L,P. Crow-Armstrong,Michael Lorenzen,R,1,COL,CHC,home,2.0,
3B,R,Alex Bregman,Michael Lorenzen,R,2,COL,CHC,home,2.0,
1B,L,M. Busch,Michael Lorenzen,R,3,COL,CHC,home,2.0,
DH,R,Seiya Suzuki,Michael Lorenzen,R,4,COL,CHC,home,2.0,
LF,S,Ian Happ,Michael Lorenzen,R,5,COL,CHC,home,2.0,
2B,R,Nico Hoerner,Michael Lorenzen,R,6,COL,CHC,home,2.0,
C,L,M. Ballesteros,Michael Lorenzen,R,7,COL,CHC,home,2.0,
RF,R,Matt Shaw,Michael Lorenzen,R,8,COL,CHC,home,2.0,
SS,R,D. Swanson,Michael Lorenzen,R,9,COL,CHC,home,2.0,
SS,L,K. McGonigle,Kai-Wei Teng,R,1,DET,HOU,away,2.0,
2B,R,G. Torres,Kai-Wei Teng,R,2,DET,HOU,away,2.0,
DH,L,K. Carpenter,Kai-Wei Teng,R,3,DET,HOU,away,2.0,
LF,L,Riley Greene,Kai-Wei Teng,R,4,DET,HOU,away,2.0,
C,R,D. Dingler,Kai-Wei Teng,R,5,DET,HOU,away,2.0,
3B,L,Colt Keith,Kai-Wei Teng,R,6,DET,HOU,away,2.0,
1B,R,S. Torkelson,Kai-Wei Teng,R,7,DET,HOU,away,2.0,
RF,L,Z. McKinstry,Kai-Wei Teng,R,8,DET,HOU,away,2.0,
CF,L,James Outman,Kai-Wei Teng,R,9,DET,HOU,away,2.0,
SS,R,Jeremy Pena,Enmanuel De Jesus,L,1,DET,HOU,home,2.0,
DH,L,Y. Alvarez,Enmanuel De Jesus,L,2,DET,HOU,home,2.0,
1B,R,C. Walker,Enmanuel De Jesus,L,3,DET,HOU,home,2.0,
3B,R,I. Paredes,Enmanuel De Jesus,L,4,DET,HOU,home,2.0,
2B,R,Jose Altuve,Enmanuel De Jesus,L,5,DET,HOU,home,2.0,
LF,L,T. Trammell,Enmanuel De Jesus,L,6,DET,HOU,home,2.0,
RF,R,Cam Smith,Enmanuel De Jesus,L,7,DET,HOU,home,2.0,
CF,R,B. Matthews,Enmanuel De Jesus,L,8,DET,HOU,home,2.0,
C,R,C. Vazquez,Enmanuel De Jesus,L,9,DET,HOU,home,2.0,
1B,L,S. Horwitz,J.T. Ginn,R,1,PIT,ATH,away,3.0,
2B,L,Brandon Lowe,J.T. Ginn,R,2,PIT,ATH,away,3.0,
LF,S,B. Reynolds,J.T. Ginn,R,3,PIT,ATH,away,3.0,
DH,L,Ryan O'Hearn,J.T. Ginn,R,4,PIT,ATH,away,3.0,
3B,R,N. Gonzales,J.T. Ginn,R,5,PIT,ATH,away,3.0,
RF,L,T. Callihan,J.T. Ginn,R,6,PIT,ATH,away,3.0,
C,S,E. Rodriguez,J.T. Ginn,R,7,PIT,ATH,away,3.0,
CF,S,Jake Mangum,J.T. Ginn,R,8,PIT,ATH,away,3.0,
SS,R,Jared Triolo,J.T. Ginn,R,9,PIT,ATH,away,3.0,
1B,L,Nick Kurtz,Jared Jones,R,1,PIT,ATH,home,3.0,
C,R,S. Langeliers,Jared Jones,R,2,PIT,ATH,home,3.0,
LF,L,T. Soderstrom,Jared Jones,R,3,PIT,ATH,home,3.0,
SS,R,Jacob Wilson,Jared Jones,R,4,PIT,ATH,home,3.0,
DH,L,C. Cortes,Jared Jones,R,5,PIT,ATH,home,3.0,
3B,R,Zack Gelof,Jared Jones,R,6,PIT,ATH,home,3.0,
RF,L,L. Butler,Jared Jones,R,7,PIT,ATH,home,3.0,
CF,R,Henry Bolte,Jared Jones,R,8,PIT,ATH,home,3.0,
2B,L,Jeff McNeil,Jared Jones,R,9,PIT,ATH,home,3.0,
SS,R,Zach Neto,Ryne Nelson,R,1,LAA,ARI,away,3.0,
CF,R,Mike Trout,Ryne Nelson,R,2,LAA,ARI,away,3.0,
LF,L,Wade Meckler,Ryne Nelson,R,3,LAA,ARI,away,3.0,
RF,R,Jo Adell,Ryne Nelson,R,4,LAA,ARI,away,3.0,
1B,L,N. Schanuel,Ryne Nelson,R,5,LAA,ARI,away,3.0,
3B,R,D. Guzman,Ryne Nelson,R,6,LAA,ARI,away,3.0,
C,R,L. O'Hoppe,Ryne Nelson,R,7,LAA,ARI,away,3.0,
DH,L,D. Walton,Ryne Nelson,R,8,LAA,ARI,away,3.0,
2B,R,O. Peraza,Ryne Nelson,R,9,LAA,ARI,away,3.0,
2B,S,Ketel Marte,Walbert Urena,R,1,LAA,ARI,home,3.0,
SS,S,G. Perdomo,Walbert Urena,R,2,LAA,ARI,home,3.0,
RF,L,C. Carroll,Walbert Urena,R,3,LAA,ARI,home,3.0,
C,R,G. Moreno,Walbert Urena,R,4,LAA,ARI,home,3.0,
DH,R,L. Gurriel,Walbert Urena,R,5,LAA,ARI,home,3.0,
3B,R,N. Arenado,Walbert Urena,R,6,LAA,ARI,home,3.0,
CF,R,J. Lawlar,Walbert Urena,R,7,LAA,ARI,home,3.0,
1B,L,Pavin Smith,Walbert Urena,R,8,LAA,ARI,home,3.0,
LF,R,Tommy Troy,Walbert Urena,R,9,LAA,ARI,home,3.0,
DH,R,Yandy Diaz,Eric Lauer,L,1,TB,LAD,away,4.0,
1B,L,J. Aranda,Eric Lauer,L,2,TB,LAD,away,4.0,
3B,R,J. Caminero,Eric Lauer,L,3,TB,LAD,away,4.0,
LF,R,Ryan Vilade,Eric Lauer,L,4,TB,LAD,away,4.0,
RF,R,A. Slater,Eric Lauer,L,5,TB,LAD,away,4.0,
2B,R,B. Williamson,Eric Lauer,L,6,TB,LAD,away,4.0,
C,R,Nick Fortes,Eric Lauer,L,7,TB,LAD,away,4.0,
CF,L,C. Mullins,Eric Lauer,L,8,TB,LAD,away,4.0,
SS,S,Taylor Walls,Eric Lauer,L,9,TB,LAD,away,4.0,
DH,L,S. Ohtani,Nick Martinez,R,1,TB,LAD,home,4.0,
CF,R,Andy Pages,Nick Martinez,R,2,TB,LAD,home,4.0,
1B,L,F. Freeman,Nick Martinez,R,3,TB,LAD,home,4.0,
SS,R,Mookie Betts,Nick Martinez,R,4,TB,LAD,home,4.0,
3B,L,Max Muncy,Nick Martinez,R,5,TB,LAD,home,4.0,
RF,L,Kyle Tucker,Nick Martinez,R,6,TB,LAD,home,4.0,
LF,L,Ryan Ward,Nick Martinez,R,7,TB,LAD,home,4.0,
C,L,D. Rushing,Nick Martinez,R,8,TB,LAD,home,4.0,
2B,S,A. Freeland,Nick Martinez,R,9,TB,LAD,home,4.0,
2B,S,X. Edwards,Jesus Luzardo,L,1,MIA,PHI,away,0.0,
SS,R,Otto Lopez,Jesus Luzardo,L,2,MIA,PHI,away,0.0,
C,L,Liam Hicks,Jesus Luzardo,L,3,MIA,PHI,away,0.0,
RF,R,H. Hernandez,Jesus Luzardo,L,4,MIA,PHI,away,0.0,
3B,R,J. Sanoja,Jesus Luzardo,L,5,MIA,PHI,away,0.0,
DH,R,Leo Jimenez,Jesus Luzardo,L,6,MIA,PHI,away,0.0,
LF,R,Esteury Ruiz,Jesus Luzardo,L,7,MIA,PHI,away,0.0,
CF,L,Jakob Marsee,Jesus Luzardo,L,8,MIA,PHI,away,0.0,
1B,R,Connor Norby,Jesus Luzardo,L,9,MIA,PHI,away,0.0,
LF,L,B. Marsh,Tyler Phillips,R,1,MIA,PHI,home,0.0,
1B,L,K. Schwarber,Tyler Phillips,R,2,MIA,PHI,home,0.0,
DH,L,Bryce Harper,Tyler Phillips,R,3,MIA,PHI,home,0.0,
3B,R,Alec Bohm,Tyler Phillips,R,4,MIA,PHI,home,0.0,
2B,L,Bryson Stott,Tyler Phillips,R,5,MIA,PHI,home,0.0,
C,R,J. Realmuto,Tyler Phillips,R,6,MIA,PHI,home,0.0,
RF,L,G. Rincones,Tyler Phillips,R,7,MIA,PHI,home,0.0,
CF,L,J. Crawford,Tyler Phillips,R,8,MIA,PHI,home,0.0,
SS,R,Edmundo Sosa,Tyler Phillips,R,9,MIA,PHI,home,0.0,
DH,R,G. Springer,Payton Tolle,L,1,TOR,BOS,away,0.0,
2B,R,E. Clement,Payton Tolle,L,2,TOR,BOS,away,0.0,
1B,R,V. Guerrero,Payton Tolle,L,3,TOR,BOS,away,0.0,
C,R,A. Kirk,Payton Tolle,L,4,TOR,BOS,away,0.0,
3B,R,K. Okamoto,Payton Tolle,L,5,TOR,BOS,away,0.0,
RF,L,Nathan Lukes,Payton Tolle,L,6,TOR,BOS,away,0.0,
LF,R,D. Schneider,Payton Tolle,L,7,TOR,BOS,away,0.0,
SS,L,A. Gimenez,Payton Tolle,L,8,TOR,BOS,away,0.0,
CF,R,Myles Straw,Payton Tolle,L,9,TOR,BOS,away,0.0,
DH,L,M. Yoshida,Dylan Cease,R,1,TOR,BOS,home,0.0,
CF,R,C. Rafaela,Dylan Cease,R,2,TOR,BOS,home,0.0,
RF,L,Wilyer Abreu,Dylan Cease,R,3,TOR,BOS,home,0.0,
1B,R,W. Contreras,Dylan Cease,R,4,TOR,BOS,home,0.0,
LF,L,Jarren Duran,Dylan Cease,R,5,TOR,BOS,home,0.0,
3B,R,Caleb Durbin,Dylan Cease,R,6,TOR,BOS,home,0.0,
2B,R,I. Kiner-Falefa,Dylan Cease,R,7,TOR,BOS,home,0.0,
SS,L,M. Mayer,Dylan Cease,R,8,TOR,BOS,home,0.0,
C,R,Connor Wong,Dylan Cease,R,9,TOR,BOS,home,0.0,
RF,R,Lane Thomas,Foster Griffin,L,1,KC,WSH,away,0.0,
SS,R,Bobby Witt,Foster Griffin,L,2,KC,WSH,away,0.0,
1B,L,J. Caglianone,Foster Griffin,L,3,KC,WSH,away,0.0,
3B,R,M. Garcia,Foster Griffin,L,4,KC,WSH,away,0.0,
DH,R,S. Marte,Foster Griffin,L,5,KC,WSH,away,0.0,
C,R,S. Perez,Foster Griffin,L,6,KC,WSH,away,0.0,
2B,R,Nick Loftin,Foster Griffin,L,7,KC,WSH,away,0.0,
LF,R,T. Tolbert,Foster Griffin,L,8,KC,WSH,away,0.0,
CF,L,K. Misner,Foster Griffin,L,9,KC,WSH,away,0.0,
RF,L,James Wood,Michael Wacha,R,1,KC,WSH,home,0.0,
1B,L,Luis Garcia,Michael Wacha,R,2,KC,WSH,home,0.0,
3B,R,Curtis Mead,Michael Wacha,R,3,KC,WSH,home,0.0,
SS,L,CJ Abrams,Michael Wacha,R,4,KC,WSH,home,0.0,
LF,R,Dylan Crews,Michael Wacha,R,5,KC,WSH,home,0.0,
DH,L,Daylen Lile,Michael Wacha,R,6,KC,WSH,home,0.0,
CF,R,Jacob Young,Michael Wacha,R,7,KC,WSH,home,0.0,
C,S,Drew Millas,Michael Wacha,R,8,KC,WSH,home,0.0,
2B,S,Nasim Nunez,Michael Wacha,R,9,KC,WSH,home,0.0,
LF,L,S. Antonacci,Gerrit Cole,R,1,CWS,NYY,away,1.0,
3B,R,M. Vargas,Gerrit Cole,R,2,CWS,NYY,away,1.0,
DH,L,A. Benintendi,Gerrit Cole,R,3,CWS,NYY,away,1.0,
SS,L,C. Montgomery,Gerrit Cole,R,4,CWS,NYY,away,1.0,
RF,S,B. Montgomery,Gerrit Cole,R,5,CWS,NYY,away,1.0,
2B,R,C. Meidroth,Gerrit Cole,R,6,CWS,NYY,away,1.0,
1B,L,J. Gonzalez,Gerrit Cole,R,7,CWS,NYY,away,1.0,
CF,L,T. Peters,Gerrit Cole,R,8,CWS,NYY,away,1.0,
C,S,Drew Romo,Gerrit Cole,R,9,CWS,NYY,away,1.0,
1B,L,Ben Rice,Davis Martin,R,1,CWS,NYY,home,1.0,
LF,L,C. Bellinger,Davis Martin,R,2,CWS,NYY,home,1.0,
DH,R,P. Goldschmidt,Davis Martin,R,3,CWS,NYY,home,1.0,
2B,L,J. Chisholm,Davis Martin,R,4,CWS,NYY,home,1.0,
CF,L,S. Jones,Davis Martin,R,5,CWS,NYY,home,1.0,
RF,R,J. Caballero,Davis Martin,R,6,CWS,NYY,home,1.0,
3B,L,Ryan McMahon,Davis Martin,R,7,CWS,NYY,home,1.0,
C,L,J.C. Escarra,Davis Martin,R,8,CWS,NYY,home,1.0,
SS,R,A. Volpe,Davis Martin,R,9,CWS,NYY,home,1.0,
RF,L,Carson Benge,Brady Singer,R,1,NYM,CIN,away,1.0,
SS,R,Bo Bichette,Brady Singer,R,2,NYM,CIN,away,1.0,
LF,L,Juan Soto,Brady Singer,R,3,NYM,CIN,away,1.0,
1B,L,Jared Young,Brady Singer,R,4,NYM,CIN,away,1.0,
CF,L,A.J. Ewing,Brady Singer,R,5,NYM,CIN,away,1.0,
2B,R,M. Semien,Brady Singer,R,6,NYM,CIN,away,1.0,
3B,L,Brett Baty,Brady Singer,R,7,NYM,CIN,away,1.0,
DH,L,MJ Melendez,Brady Singer,R,8,NYM,CIN,away,1.0,
C,R,F. Alvarez,Brady Singer,R,9,NYM,CIN,away,1.0,
CF,R,Blake Dunn,Kodai Senga,R,1,NYM,CIN,home,1.0,
LF,L,JJ Bleday,Kodai Senga,R,2,NYM,CIN,home,1.0,
1B,R,Sal Stewart,Kodai Senga,R,3,NYM,CIN,home,1.0,
DH,L,N. Lowe,Kodai Senga,R,4,NYM,CIN,home,1.0,
3B,R,E. Suarez,Kodai Senga,R,5,NYM,CIN,home,1.0,
RF,R,S. Steer,Kodai Senga,R,6,NYM,CIN,home,1.0,
C,R,T. Stephenson,Kodai Senga,R,7,NYM,CIN,home,1.0,
SS,R,Matt McLain,Kodai Senga,R,8,NYM,CIN,home,1.0,
2B,S,Edwin Arroyo,Kodai Senga,R,9,NYM,CIN,home,1.0,
2B,L,Luis Arraez,Grant Holmes,R,1,SF,ATL,away,1.0,
DH,L,B. Eldridge,Grant Holmes,R,2,SF,ATL,away,1.0,
3B,R,Matt Chapman,Grant Holmes,R,3,SF,ATL,away,1.0,
1B,L,R. Devers,Grant Holmes,R,4,SF,ATL,away,1.0,
RF,L,Jung Hoo Lee,Grant Holmes,R,5,SF,ATL,away,1.0,
SS,R,Willy Adames,Grant Holmes,R,6,SF,ATL,away,1.0,
LF,R,C. Schmitt,Grant Holmes,R,7,SF,ATL,away,1.0,
CF,L,Drew Gilbert,Grant Holmes,R,8,SF,ATL,away,1.0,
C,R,Daniel Susac,Grant Holmes,R,9,SF,ATL,away,1.0,
C,L,D. Baldwin,Adrian Houser,R,1,SF,ATL,home,1.0,
CF,L,M. Harris,Adrian Houser,R,2,SF,ATL,home,1.0,
1B,L,Matt Olson,Adrian Houser,R,3,SF,ATL,home,1.0,
2B,S,Ozzie Albies,Adrian Houser,R,4,SF,ATL,home,1.0,
DH,L,D. Smith,Adrian Houser,R,5,SF,ATL,home,1.0,
LF,R,M. Dubon,Adrian Houser,R,6,SF,ATL,home,1.0,
3B,R,Austin Riley,Adrian Houser,R,7,SF,ATL,home,1.0,
RF,L,M. Yastrzemski,Adrian Houser,R,8,SF,ATL,home,1.0,
SS,R,Ha-Seong Kim,Adrian Houser,R,9,SF,ATL,home,1.0,
2B,L,T. Bazzana,Robert Gasser,L,1,CLE,MIL,away,1.0,
SS,S,B. Rocchio,Robert Gasser,L,2,CLE,MIL,away,1.0,
DH,R,Rhys Hoskins,Robert Gasser,L,3,CLE,MIL,away,1.0,
RF,R,David Fry,Robert Gasser,L,4,CLE,MIL,away,1.0,
1B,L,K. Manzardo,Robert Gasser,L,5,CLE,MIL,away,1.0,
CF,R,S. Fairchild,Robert Gasser,L,6,CLE,MIL,away,1.0,
LF,L,Steven Kwan,Robert Gasser,L,7,CLE,MIL,away,1.0,
3B,R,G. Arias,Robert Gasser,L,8,CLE,MIL,away,1.0,
C,R,A. Hedges,Robert Gasser,L,9,CLE,MIL,away,1.0,
DH,L,C. Yelich,Slade Cecconi,R,1,CLE,MIL,home,1.0,
LF,R,J. Chourio,Slade Cecconi,R,2,CLE,MIL,home,1.0,
2B,L,Brice Turang,Slade Cecconi,R,3,CLE,MIL,home,1.0,
C,R,W. Contreras,Slade Cecconi,R,4,CLE,MIL,home,1.0,
RF,L,Jake Bauers,Slade Cecconi,R,5,CLE,MIL,home,1.0,
1B,R,A. Vaughn,Slade Cecconi,R,6,CLE,MIL,home,1.0,
CF,L,G. Mitchell,Slade Cecconi,R,7,CLE,MIL,home,1.0,
SS,R,Cooper Pratt,Slade Cecconi,R,8,CLE,MIL,home,1.0,
3B,L,D. Hamilton,Slade Cecconi,R,9,CLE,MIL,home,1.0,
2B,R,F. Tatis,Andre Pallante,R,1,SD,STL,away,1.0,
CF,L,J. Merrill,Andre Pallante,R,2,SD,STL,away,1.0,
3B,R,M. Machado,Andre Pallante,R,3,SD,STL,away,1.0,
SS,R,X. Bogaerts,Andre Pallante,R,4,SD,STL,away,1.0,
LF,L,Gavin Sheets,Andre Pallante,R,5,SD,STL,away,1.0,
RF,R,Samad Taylor,Andre Pallante,R,6,SD,STL,away,1.0,
1B,R,Ty France,Andre Pallante,R,7,SD,STL,away,1.0,
DH,L,Will Wagner,Andre Pallante,R,8,SD,STL,away,1.0,
C,R,R. Duran,Andre Pallante,R,9,SD,STL,away,1.0,
2B,L,J. Wetherholt,Michael King,R,1,SD,STL,home,1.0,
C,R,Ivan Herrera,Michael King,R,2,SD,STL,home,1.0,
1B,L,A. Burleson,Michael King,R,3,SD,STL,home,1.0,
RF,R,J. Walker,Michael King,R,4,SD,STL,home,1.0,
LF,L,L. Nootbaar,Michael King,R,5,SD,STL,home,1.0,
SS,R,Masyn Winn,Michael King,R,6,SD,STL,home,1.0,
DH,L,Jimmy Crooks,Michael King,R,7,SD,STL,home,1.0,
3B,R,Blaze Jordan,Michael King,R,8,SD,STL,home,1.0,
CF,L,N. Church,Michael King,R,9,SD,STL,home,1.0,
LF,L,T. Larnach,Kumar Rocker,R,1,MIN,TEX,away,2.0,
CF,R,Byron Buxton,Kumar Rocker,R,2,MIN,TEX,away,2.0,
RF,L,Kody Clemens,Kumar Rocker,R,3,MIN,TEX,away,2.0,
1B,R,Royce Lewis,Kumar Rocker,R,4,MIN,TEX,away,2.0,
DH,S,Josh Bell,Kumar Rocker,R,5,MIN,TEX,away,2.0,
3B,S,Brooks Lee,Kumar Rocker,R,6,MIN,TEX,away,2.0,
2B,R,L. Keaschall,Kumar Rocker,R,7,MIN,TEX,away,2.0,
SS,L,Tristan Gray,Kumar Rocker,R,8,MIN,TEX,away,2.0,
C,R,Alex Jackson,Kumar Rocker,R,9,MIN,TEX,away,2.0,
DH,L,Joc Pederson,Zebby Matthews,R,1,MIN,TEX,home,2.0,
3B,R,Josh Jung,Zebby Matthews,R,2,MIN,TEX,home,2.0,
LF,R,W. Langford,Zebby Matthews,R,3,MIN,TEX,home,2.0,
RF,L,B. Nimmo,Zebby Matthews,R,4,MIN,TEX,home,2.0,
SS,R,E. Duran,Zebby Matthews,R,5,MIN,TEX,home,2.0,
1B,R,Jake Burger,Zebby Matthews,R,6,MIN,TEX,home,2.0,
2B,L,Josh Smith,Zebby Matthews,R,7,MIN,TEX,home,2.0,
CF,L,A. Osuna,Zebby Matthews,R,8,MIN,TEX,home,2.0,
C,R,Elias Diaz,Zebby Matthews,R,9,MIN,TEX,home,2.0,
RF,L,J. McCarthy,Edward Cabrera,R,1,COL,CHC,away,2.0,
3B,S,Willi Castro,Edward Cabrera,R,2,COL,CHC,away,2.0,
1B,L,TJ Rumfield,Edward Cabrera,R,3,COL,CHC,away,2.0,
DH,R,H. Goodman,Edward Cabrera,R,4,COL,CHC,away,2.0,
LF,L,T. Johnston,Edward Cabrera,R,5,COL,CHC,away,2.0,
CF,S,Cole Carrigg,Edward Cabrera,R,6,COL,CHC,away,2.0,
C,L,B. Sullivan,Edward Cabrera,R,7,COL,CHC,away,2.0,
SS,R,E. Tovar,Edward Cabrera,R,8,COL,CHC,away,2.0,
2B,L,E. Julien,Edward Cabrera,R,9,COL,CHC,away,2.0,
CF,L,P. Crow-Armstrong,Ryan Feltner,R,1,COL,CHC,home,2.0,
3B,R,Alex Bregman,Ryan Feltner,R,2,COL,CHC,home,2.0,
1B,L,M. Busch,Ryan Feltner,R,3,COL,CHC,home,2.0,
DH,R,Seiya Suzuki,Ryan Feltner,R,4,COL,CHC,home,2.0,
LF,S,Ian Happ,Ryan Feltner,R,5,COL,CHC,home,2.0,
2B,R,Nico Hoerner,Ryan Feltner,R,6,COL,CHC,home,2.0,
RF,R,Matt Shaw,Ryan Feltner,R,7,COL,CHC,home,2.0,
C,R,Miguel Amaya,Ryan Feltner,R,8,COL,CHC,home,2.0,
SS,R,D. Swanson,Ryan Feltner,R,9,COL,CHC,home,2.0,
3B,L,K. McGonigle,Hunter Brown,R,1,DET,HOU,away,2.0,
C,R,D. Dingler,Hunter Brown,R,2,DET,HOU,away,2.0,
RF,L,K. Carpenter,Hunter Brown,R,3,DET,HOU,away,2.0,
LF,L,Riley Greene,Hunter Brown,R,4,DET,HOU,away,2.0,
1B,R,S. Torkelson,Hunter Brown,R,5,DET,HOU,away,2.0,
DH,L,Colt Keith,Hunter Brown,R,6,DET,HOU,away,2.0,
SS,L,Z. McKinstry,Hunter Brown,R,7,DET,HOU,away,2.0,
2B,R,Hao-Yu Lee,Hunter Brown,R,8,DET,HOU,away,2.0,
CF,L,James Outman,Hunter Brown,R,9,DET,HOU,away,2.0,
SS,R,Jeremy Pena,Framber Valdez,L,1,DET,HOU,home,2.0,
LF,L,Y. Alvarez,Framber Valdez,L,2,DET,HOU,home,2.0,
DH,R,C. Walker,Framber Valdez,L,3,DET,HOU,home,2.0,
1B,R,I. Paredes,Framber Valdez,L,4,DET,HOU,home,2.0,
2B,R,Jose Altuve,Framber Valdez,L,5,DET,HOU,home,2.0,
C,R,Yainer Diaz,Framber Valdez,L,6,DET,HOU,home,2.0,
RF,R,Cam Smith,Framber Valdez,L,7,DET,HOU,home,2.0,
CF,R,B. Matthews,Framber Valdez,L,8,DET,HOU,home,2.0,
3B,L,R. Delgado,Framber Valdez,L,9,DET,HOU,home,2.0,
1B,L,S. Horwitz,Jack Perkins,R,1,PIT,ATH,away,3.0,
2B,L,Brandon Lowe,Jack Perkins,R,2,PIT,ATH,away,3.0,
LF,S,B. Reynolds,Jack Perkins,R,3,PIT,ATH,away,3.0,
DH,L,Ryan O'Hearn,Jack Perkins,R,4,PIT,ATH,away,3.0,
3B,R,N. Gonzales,Jack Perkins,R,5,PIT,ATH,away,3.0,
RF,L,T. Callihan,Jack Perkins,R,6,PIT,ATH,away,3.0,
C,S,E. Rodriguez,Jack Perkins,R,7,PIT,ATH,away,3.0,
CF,S,Jake Mangum,Jack Perkins,R,8,PIT,ATH,away,3.0,
SS,R,Jared Triolo,Jack Perkins,R,9,PIT,ATH,away,3.0,
1B,L,Nick Kurtz,Mitch Keller,R,1,PIT,ATH,home,3.0,
C,R,S. Langeliers,Mitch Keller,R,2,PIT,ATH,home,3.0,
LF,L,T. Soderstrom,Mitch Keller,R,3,PIT,ATH,home,3.0,
SS,R,Jacob Wilson,Mitch Keller,R,4,PIT,ATH,home,3.0,
DH,L,C. Cortes,Mitch Keller,R,5,PIT,ATH,home,3.0,
3B,R,Zack Gelof,Mitch Keller,R,6,PIT,ATH,home,3.0,
RF,L,L. Butler,Mitch Keller,R,7,PIT,ATH,home,3.0,
CF,R,Henry Bolte,Mitch Keller,R,8,PIT,ATH,home,3.0,
2B,L,Jeff McNeil,Mitch Keller,R,9,PIT,ATH,home,3.0,
LF,R,Taylor Ward,Logan Gilbert,R,1,BAL,SEA,away,3.0,
SS,L,G. Henderson,Logan Gilbert,R,2,BAL,SEA,away,3.0,
C,S,A. Rutschman,Logan Gilbert,R,3,BAL,SEA,away,3.0,
1B,R,Pete Alonso,Logan Gilbert,R,4,BAL,SEA,away,3.0,
DH,L,S. Basallo,Logan Gilbert,R,5,BAL,SEA,away,3.0,
3B,R,Coby Mayo,Logan Gilbert,R,6,BAL,SEA,away,3.0,
CF,L,C. Cowser,Logan Gilbert,R,7,BAL,SEA,away,3.0,
RF,S,L. Taveras,Logan Gilbert,R,8,BAL,SEA,away,3.0,
2B,L,J. Holliday,Logan Gilbert,R,9,BAL,SEA,away,3.0,
3B,L,J. Crawford,Brandon Young,R,1,BAL,SEA,home,3.0,
CF,R,J. Rodriguez,Brandon Young,R,2,BAL,SEA,home,3.0,
1B,L,Josh Naylor,Brandon Young,R,3,BAL,SEA,home,3.0,
C,S,Cal Raleigh,Brandon Young,R,4,BAL,SEA,home,3.0,
LF,R,R. Arozarena,Brandon Young,R,5,BAL,SEA,home,3.0,
RF,L,Luke Raley,Brandon Young,R,6,BAL,SEA,home,3.0,
2B,L,Cole Young,Brandon Young,R,7,BAL,SEA,home,3.0,
DH,L,D. Canzone,Brandon Young,R,8,BAL,SEA,home,3.0,
SS,L,Colt Emerson,Brandon Young,R,9,BAL,SEA,home,3.0,
SS,R,Zach Neto,Merrill Kelly,R,1,LAA,ARI,away,3.0,
CF,R,Mike Trout,Merrill Kelly,R,2,LAA,ARI,away,3.0,
1B,L,N. Schanuel,Merrill Kelly,R,3,LAA,ARI,away,3.0,
RF,R,Jo Adell,Merrill Kelly,R,4,LAA,ARI,away,3.0,
2B,R,N. Madrigal,Merrill Kelly,R,5,LAA,ARI,away,3.0,
LF,L,Wade Meckler,Merrill Kelly,R,6,LAA,ARI,away,3.0,
3B,R,D. Guzman,Merrill Kelly,R,7,LAA,ARI,away,3.0,
C,R,L. O'Hoppe,Merrill Kelly,R,8,LAA,ARI,away,3.0,
DH,L,D. Walton,Merrill Kelly,R,9,LAA,ARI,away,3.0,
2B,S,Ketel Marte,Reid Detmers,L,1,LAA,ARI,home,3.0,
SS,S,G. Perdomo,Reid Detmers,L,2,LAA,ARI,home,3.0,
RF,L,C. Carroll,Reid Detmers,L,3,LAA,ARI,home,3.0,
LF,R,L. Gurriel,Reid Detmers,L,4,LAA,ARI,home,3.0,
3B,R,N. Arenado,Reid Detmers,L,5,LAA,ARI,home,3.0,
1B,S,I. Vargas,Reid Detmers,L,6,LAA,ARI,home,3.0,
CF,R,J. Lawlar,Reid Detmers,L,7,LAA,ARI,home,3.0,
C,L,A. Del Castillo,Reid Detmers,L,8,LAA,ARI,home,3.0,
DH,R,L. Groover,Reid Detmers,L,9,LAA,ARI,home,3.0,
DH,R,Yandy Diaz,Justin Wrobleski,L,1,TB,LAD,away,4.0,
1B,L,J. Aranda,Justin Wrobleski,L,2,TB,LAD,away,4.0,
3B,R,J. Caminero,Justin Wrobleski,L,3,TB,LAD,away,4.0,
LF,R,Ryan Vilade,Justin Wrobleski,L,4,TB,LAD,away,4.0,
RF,R,A. Slater,Justin Wrobleski,L,5,TB,LAD,away,4.0,
2B,R,B. Williamson,Justin Wrobleski,L,6,TB,LAD,away,4.0,
C,R,Nick Fortes,Justin Wrobleski,L,7,TB,LAD,away,4.0,
CF,L,C. Mullins,Justin Wrobleski,L,8,TB,LAD,away,4.0,
SS,S,Taylor Walls,Justin Wrobleski,L,9,TB,LAD,away,4.0,
DH,L,S. Ohtani,Drew Rasmussen,R,1,TB,LAD,home,4.0,
CF,R,Andy Pages,Drew Rasmussen,R,2,TB,LAD,home,4.0,
1B,L,F. Freeman,Drew Rasmussen,R,3,TB,LAD,home,4.0,
SS,R,Mookie Betts,Drew Rasmussen,R,4,TB,LAD,home,4.0,
3B,L,Max Muncy,Drew Rasmussen,R,5,TB,LAD,home,4.0,
RF,L,Kyle Tucker,Drew Rasmussen,R,6,TB,LAD,home,4.0,
LF,L,Ryan Ward,Drew Rasmussen,R,7,TB,LAD,home,4.0,
2B,S,A. Freeland,Drew Rasmussen,R,8,TB,LAD,home,4.0,
C,R,C. Robinson,Drew Rasmussen,R,9,TB,LAD,home,4.0,
1B,R,M. Vargas,Tarik Skubal,L,1,CWS,DET,away,0.0,
DH,R,R. Grichuk,Tarik Skubal,L,2,CWS,DET,away,0.0,
2B,R,C. Meidroth,Tarik Skubal,L,3,CWS,DET,away,0.0,
3B,L,C. Montgomery,Tarik Skubal,L,4,CWS,DET,away,0.0,
C,S,Edgar Quero,Tarik Skubal,L,5,CWS,DET,away,0.0,
RF,R,Junior Perez,Tarik Skubal,L,6,CWS,DET,away,0.0,
LF,L,S. Antonacci,Tarik Skubal,L,7,CWS,DET,away,0.0,
SS,R,L. Acuna,Tarik Skubal,L,8,CWS,DET,away,0.0,
CF,L,T. Peters,Tarik Skubal,L,9,CWS,DET,away,0.0,
SS,L,K. McGonigle,Erick Fedde,R,1,CWS,DET,home,0.0,
C,R,D. Dingler,Erick Fedde,R,2,CWS,DET,home,0.0,
CF,R,M. Vierling,Erick Fedde,R,3,CWS,DET,home,0.0,
LF,L,Riley Greene,Erick Fedde,R,4,CWS,DET,home,0.0,
1B,R,S. Torkelson,Erick Fedde,R,5,CWS,DET,home,0.0,
DH,L,K. Carpenter,Erick Fedde,R,6,CWS,DET,home,0.0,
2B,R,Hao-Yu Lee,Erick Fedde,R,7,CWS,DET,home,0.0,
3B,L,Colt Keith,Erick Fedde,R,8,CWS,DET,home,0.0,
RF,S,Trei Cruz,Erick Fedde,R,9,CWS,DET,home,0.0,
CF,R,Blake Dunn,Cam Schlittler,R,1,CIN,NYY,away,0.0,
LF,L,JJ Bleday,Cam Schlittler,R,2,CIN,NYY,away,0.0,
1B,R,Sal Stewart,Cam Schlittler,R,3,CIN,NYY,away,0.0,
DH,L,N. Lowe,Cam Schlittler,R,4,CIN,NYY,away,0.0,
RF,R,S. Steer,Cam Schlittler,R,5,CIN,NYY,away,0.0,
3B,R,E. Suarez,Cam Schlittler,R,6,CIN,NYY,away,0.0,
C,R,T. Stephenson,Cam Schlittler,R,7,CIN,NYY,away,0.0,
SS,R,Matt McLain,Cam Schlittler,R,8,CIN,NYY,away,0.0,
2B,S,Edwin Arroyo,Cam Schlittler,R,9,CIN,NYY,away,0.0,
DH,L,Ben Rice,Rhett Lowder,R,1,CIN,NYY,home,0.0,
RF,S,J. Dominguez,Rhett Lowder,R,2,CIN,NYY,home,0.0,
LF,L,C. Bellinger,Rhett Lowder,R,3,CIN,NYY,home,0.0,
1B,R,P. Goldschmidt,Rhett Lowder,R,4,CIN,NYY,home,0.0,
2B,L,J. Chisholm,Rhett Lowder,R,5,CIN,NYY,home,0.0,
CF,L,S. Jones,Rhett Lowder,R,6,CIN,NYY,home,0.0,
SS,R,A. Volpe,Rhett Lowder,R,7,CIN,NYY,home,0.0,
3B,L,Ryan McMahon,Rhett Lowder,R,8,CIN,NYY,home,0.0,
C,L,J.C. Escarra,Rhett Lowder,R,9,CIN,NYY,home,0.0,
2B,L,Luis Arraez,Dax Fulton,L,1,SF,MIA,away,0.0,
1B,L,B. Eldridge,Dax Fulton,L,2,SF,MIA,away,0.0,
3B,R,Matt Chapman,Dax Fulton,L,3,SF,MIA,away,0.0,
DH,L,R. Devers,Dax Fulton,L,4,SF,MIA,away,0.0,
RF,L,Jung Hoo Lee,Dax Fulton,L,5,SF,MIA,away,0.0,
SS,R,Willy Adames,Dax Fulton,L,6,SF,MIA,away,0.0,
LF,R,C. Schmitt,Dax Fulton,L,7,SF,MIA,away,0.0,
CF,L,Drew Gilbert,Dax Fulton,L,8,SF,MIA,away,0.0,
C,R,Daniel Susac,Dax Fulton,L,9,SF,MIA,away,0.0,
1B,L,Liam Hicks,Landen Roupp,R,1,SF,MIA,home,0.0,
RF,L,Owen Caissie,Landen Roupp,R,2,SF,MIA,home,0.0,
DH,R,H. Hernandez,Landen Roupp,R,3,SF,MIA,home,0.0,
LF,L,Kyle Stowers,Landen Roupp,R,4,SF,MIA,home,0.0,
SS,R,Otto Lopez,Landen Roupp,R,5,SF,MIA,home,0.0,
CF,L,Jakob Marsee,Landen Roupp,R,6,SF,MIA,home,0.0,
3B,R,Connor Norby,Landen Roupp,R,7,SF,MIA,home,0.0,
C,L,Joe Mack,Landen Roupp,R,8,SF,MIA,home,0.0,
2B,R,J. Sanoja,Landen Roupp,R,9,SF,MIA,home,0.0,
RF,L,James Wood,Griffin Jax,R,1,WSH,TB,away,0.0,
1B,L,Luis Garcia,Griffin Jax,R,2,WSH,TB,away,0.0,
DH,L,Jose Tena,Griffin Jax,R,3,WSH,TB,away,0.0,
SS,L,CJ Abrams,Griffin Jax,R,4,WSH,TB,away,0.0,
C,S,Keibert Ruiz,Griffin Jax,R,5,WSH,TB,away,0.0,
LF,L,Daylen Lile,Griffin Jax,R,6,WSH,TB,away,0.0,
2B,S,Nasim Nunez,Griffin Jax,R,7,WSH,TB,away,0.0,
3B,L,Jorbit Vivas,Griffin Jax,R,8,WSH,TB,away,0.0,
CF,R,Jacob Young,Griffin Jax,R,9,WSH,TB,away,0.0,
DH,R,Yandy Diaz,Miles Mikolas,R,1,WSH,TB,home,0.0,
1B,L,J. Aranda,Miles Mikolas,R,2,WSH,TB,home,0.0,
RF,R,Jonny DeLuca,Miles Mikolas,R,3,WSH,TB,home,0.0,
3B,R,J. Caminero,Miles Mikolas,R,4,WSH,TB,home,0.0,
CF,L,C. Mullins,Miles Mikolas,R,5,WSH,TB,home,0.0,
LF,L,C. Simpson,Miles Mikolas,R,6,WSH,TB,home,0.0,
2B,L,R. Palacios,Miles Mikolas,R,7,WSH,TB,home,0.0,
SS,S,Taylor Walls,Miles Mikolas,R,8,WSH,TB,home,0.0,
C,L,H. Feduccia,Miles Mikolas,R,9,WSH,TB,home,0.0,
DH,L,C. Yelich,Martin Perez,L,1,MIL,ATL,away,1.0,
LF,R,J. Chourio,Martin Perez,L,2,MIL,ATL,away,1.0,
2B,L,Brice Turang,Martin Perez,L,3,MIL,ATL,away,1.0,
C,R,W. Contreras,Martin Perez,L,4,MIL,ATL,away,1.0,
CF,L,G. Mitchell,Martin Perez,L,5,MIL,ATL,away,1.0,
1B,R,A. Vaughn,Martin Perez,L,6,MIL,ATL,away,1.0,
RF,S,B. Perkins,Martin Perez,L,7,MIL,ATL,away,1.0,
SS,R,Cooper Pratt,Martin Perez,L,8,MIL,ATL,away,1.0,
3B,R,Joey Ortiz,Martin Perez,L,9,MIL,ATL,away,1.0,
C,L,D. Baldwin,Jacob Misiorowski,R,1,MIL,ATL,home,1.0,
2B,S,Ozzie Albies,Jacob Misiorowski,R,2,MIL,ATL,home,1.0,
1B,L,Matt Olson,Jacob Misiorowski,R,3,MIL,ATL,home,1.0,
DH,L,D. Smith,Jacob Misiorowski,R,4,MIL,ATL,home,1.0,
CF,R,M. Dubon,Jacob Misiorowski,R,5,MIL,ATL,home,1.0,
3B,R,Austin Riley,Jacob Misiorowski,R,6,MIL,ATL,home,1.0,
RF,L,M. Yastrzemski,Jacob Misiorowski,R,7,MIL,ATL,home,1.0,
LF,R,Eli White,Jacob Misiorowski,R,8,MIL,ATL,home,1.0,
SS,R,Jorge Mateo,Jacob Misiorowski,R,9,MIL,ATL,home,1.0,
2B,R,F. Tatis,Jacob deGrom,R,1,SD,TEX,away,1.0,
RF,R,Samad Taylor,Jacob deGrom,R,2,SD,TEX,away,1.0,
CF,L,J. Merrill,Jacob deGrom,R,3,SD,TEX,away,1.0,
3B,R,M. Machado,Jacob deGrom,R,4,SD,TEX,away,1.0,
LF,L,Gavin Sheets,Jacob deGrom,R,5,SD,TEX,away,1.0,
SS,R,X. Bogaerts,Jacob deGrom,R,6,SD,TEX,away,1.0,
1B,R,Ty France,Jacob deGrom,R,7,SD,TEX,away,1.0,
DH,L,Will Wagner,Jacob deGrom,R,8,SD,TEX,away,1.0,
C,R,R. Duran,Jacob deGrom,R,9,SD,TEX,away,1.0,
DH,L,Joc Pederson,Randy Vasquez,R,1,SD,TEX,home,1.0,
3B,R,Josh Jung,Randy Vasquez,R,2,SD,TEX,home,1.0,
CF,R,W. Langford,Randy Vasquez,R,3,SD,TEX,home,1.0,
RF,L,B. Nimmo,Randy Vasquez,R,4,SD,TEX,home,1.0,
SS,R,E. Duran,Randy Vasquez,R,5,SD,TEX,home,1.0,
LF,L,A. Osuna,Randy Vasquez,R,6,SD,TEX,home,1.0,
1B,R,Jake Burger,Randy Vasquez,R,7,SD,TEX,home,1.0,
2B,L,Nicky Lopez,Randy Vasquez,R,8,SD,TEX,home,1.0,
C,R,Elias Diaz,Randy Vasquez,R,9,SD,TEX,home,1.0,
2B,L,T. Bazzana,Tatsuya Imai,R,1,CLE,HOU,away,1.0,
1B,L,K. Manzardo,Tatsuya Imai,R,2,CLE,HOU,away,1.0,
SS,S,B. Rocchio,Tatsuya Imai,R,3,CLE,HOU,away,1.0,
DH,R,Rhys Hoskins,Tatsuya Imai,R,4,CLE,HOU,away,1.0,
CF,L,D. Schneemann,Tatsuya Imai,R,5,CLE,HOU,away,1.0,
3B,R,G. Arias,Tatsuya Imai,R,6,CLE,HOU,away,1.0,
RF,L,K. Watson,Tatsuya Imai,R,7,CLE,HOU,away,1.0,
C,S,P. Bailey,Tatsuya Imai,R,8,CLE,HOU,away,1.0,
LF,L,Steven Kwan,Tatsuya Imai,R,9,CLE,HOU,away,1.0,
SS,R,Jeremy Pena,Tanner Bibee,R,1,CLE,HOU,home,1.0,
DH,L,Y. Alvarez,Tanner Bibee,R,2,CLE,HOU,home,1.0,
1B,R,C. Walker,Tanner Bibee,R,3,CLE,HOU,home,1.0,
3B,R,I. Paredes,Tanner Bibee,R,4,CLE,HOU,home,1.0,
2B,R,Jose Altuve,Tanner Bibee,R,5,CLE,HOU,home,1.0,
C,R,Yainer Diaz,Tanner Bibee,R,6,CLE,HOU,home,1.0,
RF,R,Cam Smith,Tanner Bibee,R,7,CLE,HOU,home,1.0,
LF,L,J. Loperfido,Tanner Bibee,R,8,CLE,HOU,home,1.0,
CF,R,Jake Meyers,Tanner Bibee,R,9,CLE,HOU,home,1.0,
2B,L,J. Wetherholt,Seth Lugo,R,1,STL,KC,away,2.0,
C,R,Ivan Herrera,Seth Lugo,R,2,STL,KC,away,2.0,
1B,L,A. Burleson,Seth Lugo,R,3,STL,KC,away,2.0,
RF,R,J. Walker,Seth Lugo,R,4,STL,KC,away,2.0,
LF,L,L. Nootbaar,Seth Lugo,R,5,STL,KC,away,2.0,
SS,R,Masyn Winn,Seth Lugo,R,6,STL,KC,away,2.0,
DH,L,Jimmy Crooks,Seth Lugo,R,7,STL,KC,away,2.0,
3B,R,Blaze Jordan,Seth Lugo,R,8,STL,KC,away,2.0,
CF,L,N. Church,Seth Lugo,R,9,STL,KC,away,2.0,
C,L,C. Jensen,Michael McGreevy,R,1,STL,KC,home,2.0,
CF,R,Lane Thomas,Michael McGreevy,R,2,STL,KC,home,2.0,
1B,L,J. Caglianone,Michael McGreevy,R,3,STL,KC,home,2.0,
DH,R,S. Perez,Michael McGreevy,R,4,STL,KC,home,2.0,
2B,L,M. Massey,Michael McGreevy,R,5,STL,KC,home,2.0,
3B,R,Nick Loftin,Michael McGreevy,R,6,STL,KC,home,2.0,
RF,L,John Rave,Michael McGreevy,R,7,STL,KC,home,2.0,
LF,S,I. Collins,Michael McGreevy,R,8,STL,KC,home,2.0,
SS,R,T. Tolbert,Michael McGreevy,R,9,STL,KC,home,2.0,
1B,L,S. Horwitz,Kyle Freeland,L,1,PIT,COL,away,2.0,
3B,R,N. Gonzales,Kyle Freeland,L,2,PIT,COL,away,2.0,
LF,S,B. Reynolds,Kyle Freeland,L,3,PIT,COL,away,2.0,
RF,L,Ryan O'Hearn,Kyle Freeland,L,4,PIT,COL,away,2.0,
DH,R,M. Ozuna,Kyle Freeland,L,5,PIT,COL,away,2.0,
2B,L,Brandon Lowe,Kyle Freeland,L,6,PIT,COL,away,2.0,
C,S,E. Rodriguez,Kyle Freeland,L,7,PIT,COL,away,2.0,
SS,R,Jared Triolo,Kyle Freeland,L,8,PIT,COL,away,2.0,
CF,R,Billy Cook,Kyle Freeland,L,9,PIT,COL,away,2.0,
LF,L,J. McCarthy,Bubba Chandler,R,1,PIT,COL,home,2.0,
2B,S,Willi Castro,Bubba Chandler,R,2,PIT,COL,home,2.0,
C,R,H. Goodman,Bubba Chandler,R,3,PIT,COL,home,2.0,
1B,L,TJ Rumfield,Bubba Chandler,R,4,PIT,COL,home,2.0,
RF,R,T. Freeman,Bubba Chandler,R,5,PIT,COL,home,2.0,
CF,S,Cole Carrigg,Bubba Chandler,R,6,PIT,COL,home,2.0,
DH,L,S. Thompson,Bubba Chandler,R,7,PIT,COL,home,2.0,
SS,R,E. Tovar,Bubba Chandler,R,8,PIT,COL,home,2.0,
3B,R,Kyle Karros,Bubba Chandler,R,9,PIT,COL,home,2.0,
SS,R,Zach Neto,Jeffrey Springs,L,1,LAA,ATH,away,3.0,
1B,L,N. Schanuel,Jeffrey Springs,L,2,LAA,ATH,away,3.0,
RF,R,Jo Adell,Jeffrey Springs,L,3,LAA,ATH,away,3.0,
2B,R,O. Peraza,Jeffrey Springs,L,4,LAA,ATH,away,3.0,
DH,R,C. Moore,Jeffrey Springs,L,5,LAA,ATH,away,3.0,
3B,R,D. Guzman,Jeffrey Springs,L,6,LAA,ATH,away,3.0,
C,R,L. O'Hoppe,Jeffrey Springs,L,7,LAA,ATH,away,3.0,
LF,L,Wade Meckler,Jeffrey Springs,L,8,LAA,ATH,away,3.0,
CF,R,Jose Siri,Jeffrey Springs,L,9,LAA,ATH,away,3.0,
3B,R,Zack Gelof,Jose Soriano,R,1,LAA,ATH,home,3.0,
1B,L,Nick Kurtz,Jose Soriano,R,2,LAA,ATH,home,3.0,
C,R,S. Langeliers,Jose Soriano,R,3,LAA,ATH,home,3.0,
LF,L,T. Soderstrom,Jose Soriano,R,4,LAA,ATH,home,3.0,
SS,R,Jacob Wilson,Jose Soriano,R,5,LAA,ATH,home,3.0,
DH,L,C. Cortes,Jose Soriano,R,6,LAA,ATH,home,3.0,
RF,L,L. Butler,Jose Soriano,R,7,LAA,ATH,home,3.0,
CF,R,Henry Bolte,Jose Soriano,R,8,LAA,ATH,home,3.0,
2B,L,Jeff McNeil,Jose Soriano,R,9,LAA,ATH,home,3.0,
LF,L,T. Larnach,Michael Soroka,R,1,MIN,ARI,away,3.0,
CF,R,Byron Buxton,Michael Soroka,R,2,MIN,ARI,away,3.0,
RF,L,Kody Clemens,Michael Soroka,R,3,MIN,ARI,away,3.0,
DH,S,Josh Bell,Michael Soroka,R,4,MIN,ARI,away,3.0,
1B,R,Royce Lewis,Michael Soroka,R,5,MIN,ARI,away,3.0,
3B,S,Brooks Lee,Michael Soroka,R,6,MIN,ARI,away,3.0,
C,S,V. Caratini,Michael Soroka,R,7,MIN,ARI,away,3.0,
SS,L,Tristan Gray,Michael Soroka,R,8,MIN,ARI,away,3.0,
2B,R,L. Keaschall,Michael Soroka,R,9,MIN,ARI,away,3.0,
2B,S,Ketel Marte,Connor Prielipp,L,1,MIN,ARI,home,3.0,
SS,S,G. Perdomo,Connor Prielipp,L,2,MIN,ARI,home,3.0,
RF,L,C. Carroll,Connor Prielipp,L,3,MIN,ARI,home,3.0,
C,R,G. Moreno,Connor Prielipp,L,4,MIN,ARI,home,3.0,
LF,R,L. Gurriel,Connor Prielipp,L,5,MIN,ARI,home,3.0,
3B,R,N. Arenado,Connor Prielipp,L,6,MIN,ARI,home,3.0,
1B,S,I. Vargas,Connor Prielipp,L,7,MIN,ARI,home,3.0,
CF,R,J. Lawlar,Connor Prielipp,L,8,MIN,ARI,home,3.0,
DH,R,L. Groover,Connor Prielipp,L,9,MIN,ARI,home,3.0,
DH,S,M. Gasper,Luis Castillo,R,1,BOS,SEA,away,3.0,
CF,R,C. Rafaela,Luis Castillo,R,2,BOS,SEA,away,3.0,
RF,L,Wilyer Abreu,Luis Castillo,R,3,BOS,SEA,away,3.0,
1B,R,W. Contreras,Luis Castillo,R,4,BOS,SEA,away,3.0,
LF,L,Jarren Duran,Luis Castillo,R,5,BOS,SEA,away,3.0,
SS,R,I. Kiner-Falefa,Luis Castillo,R,6,BOS,SEA,away,3.0,
3B,R,Caleb Durbin,Luis Castillo,R,7,BOS,SEA,away,3.0,
C,R,C. Narvaez,Luis Castillo,R,8,BOS,SEA,away,3.0,
2B,R,A. Monasterio,Luis Castillo,R,9,BOS,SEA,away,3.0,
DH,R,R. Refsnyder,Ranger Suarez,L,1,BOS,SEA,home,3.0,
C,S,Cal Raleigh,Ranger Suarez,L,2,BOS,SEA,home,3.0,
CF,R,J. Rodriguez,Ranger Suarez,L,3,BOS,SEA,home,3.0,
1B,L,Josh Naylor,Ranger Suarez,L,4,BOS,SEA,home,3.0,
RF,L,D. Canzone,Ranger Suarez,L,5,BOS,SEA,home,3.0,
2B,L,Cole Young,Ranger Suarez,L,6,BOS,SEA,home,3.0,
LF,R,V. Robles,Ranger Suarez,L,7,BOS,SEA,home,3.0,
SS,L,Colt Emerson,Ranger Suarez,L,8,BOS,SEA,home,3.0,
3B,R,W. Wilson,Ranger Suarez,L,9,BOS,SEA,home,3.0,
LF,R,Taylor Ward,Roki Sasaki,R,1,BAL,LAD,away,3.0,
SS,L,G. Henderson,Roki Sasaki,R,2,BAL,LAD,away,3.0,
C,S,A. Rutschman,Roki Sasaki,R,3,BAL,LAD,away,3.0,
1B,R,Pete Alonso,Roki Sasaki,R,4,BAL,LAD,away,3.0,
DH,L,S. Basallo,Roki Sasaki,R,5,BAL,LAD,away,3.0,
RF,S,L. Taveras,Roki Sasaki,R,6,BAL,LAD,away,3.0,
CF,L,C. Cowser,Roki Sasaki,R,7,BAL,LAD,away,3.0,
2B,L,J. Holliday,Roki Sasaki,R,8,BAL,LAD,away,3.0,
3B,R,B. Alexander,Roki Sasaki,R,9,BAL,LAD,away,3.0,
DH,L,S. Ohtani,Trey Gibson,R,1,BAL,LAD,home,3.0,
CF,R,Andy Pages,Trey Gibson,R,2,BAL,LAD,home,3.0,
1B,L,F. Freeman,Trey Gibson,R,3,BAL,LAD,home,3.0,
SS,R,Mookie Betts,Trey Gibson,R,4,BAL,LAD,home,3.0,
RF,L,Kyle Tucker,Trey Gibson,R,5,BAL,LAD,home,3.0,
LF,R,Alex Call,Trey Gibson,R,6,BAL,LAD,home,3.0,
3B,R,Miguel Rojas,Trey Gibson,R,7,BAL,LAD,home,3.0,
C,L,D. Rushing,Trey Gibson,R,8,BAL,LAD,home,3.0,
2B,S,A. Freeland,Trey Gibson,R,9,BAL,LAD,home,3.0,
2B,L,S. Antonacci,Troy Melton,R,1,CWS,DET,away,0.0,
3B,R,M. Vargas,Troy Melton,R,2,CWS,DET,away,0.0,
DH,L,A. Benintendi,Troy Melton,R,3,CWS,DET,away,0.0,
SS,L,C. Montgomery,Troy Melton,R,4,CWS,DET,away,0.0,
LF,R,R. Grichuk,Troy Melton,R,5,CWS,DET,away,0.0,
1B,L,J. Gonzalez,Troy Melton,R,6,CWS,DET,away,0.0,
RF,S,B. Montgomery,Troy Melton,R,7,CWS,DET,away,0.0,
CF,L,T. Peters,Troy Melton,R,8,CWS,DET,away,0.0,
C,S,Drew Romo,Troy Melton,R,9,CWS,DET,away,0.0,
3B,L,K. McGonigle,Joe Rock,L,1,CWS,DET,home,0.0,
DH,R,D. Dingler,Joe Rock,L,2,CWS,DET,home,0.0,
CF,R,M. Vierling,Joe Rock,L,3,CWS,DET,home,0.0,
LF,L,Riley Greene,Joe Rock,L,4,CWS,DET,home,0.0,
1B,R,S. Torkelson,Joe Rock,L,5,CWS,DET,home,0.0,
RF,L,K. Carpenter,Joe Rock,L,6,CWS,DET,home,0.0,
2B,R,Hao-Yu Lee,Joe Rock,L,7,CWS,DET,home,0.0,
C,R,Jake Rogers,Joe Rock,L,8,CWS,DET,home,0.0,
SS,L,Z. McKinstry,Joe Rock,L,9,CWS,DET,home,0.0,
CF,R,Blake Dunn,Will Warren,R,1,CIN,NYY,away,1.0,
LF,L,JJ Bleday,Will Warren,R,2,CIN,NYY,away,1.0,
3B,R,Sal Stewart,Will Warren,R,3,CIN,NYY,away,1.0,
DH,L,N. Lowe,Will Warren,R,4,CIN,NYY,away,1.0,
1B,R,S. Steer,Will Warren,R,5,CIN,NYY,away,1.0,
RF,R,Noelvi Marte,Will Warren,R,6,CIN,NYY,away,1.0,
SS,R,Matt McLain,Will Warren,R,7,CIN,NYY,away,1.0,
C,R,Jose Trevino,Will Warren,R,8,CIN,NYY,away,1.0,
2B,S,Edwin Arroyo,Will Warren,R,9,CIN,NYY,away,1.0,
1B,L,Ben Rice,Andrew Abbott,L,1,CIN,NYY,home,1.0,
3B,R,Amed Rosario,Andrew Abbott,L,2,CIN,NYY,home,1.0,
DH,R,P. Goldschmidt,Andrew Abbott,L,3,CIN,NYY,home,1.0,
CF,L,C. Bellinger,Andrew Abbott,L,4,CIN,NYY,home,1.0,
RF,S,J. Dominguez,Andrew Abbott,L,5,CIN,NYY,home,1.0,
LF,R,J. Caballero,Andrew Abbott,L,6,CIN,NYY,home,1.0,
2B,L,J. Chisholm,Andrew Abbott,L,7,CIN,NYY,home,1.0,
SS,R,A. Volpe,Andrew Abbott,L,8,CIN,NYY,home,1.0,
C,R,Ali Sanchez,Andrew Abbott,L,9,CIN,NYY,home,1.0,
DH,R,G. Springer,Colin Rea,R,1,TOR,CHC,away,1.0,
RF,L,Nathan Lukes,Colin Rea,R,2,TOR,CHC,away,1.0,
1B,R,V. Guerrero,Colin Rea,R,3,TOR,CHC,away,1.0,
C,S,B. Valenzuela,Colin Rea,R,4,TOR,CHC,away,1.0,
3B,R,K. Okamoto,Colin Rea,R,5,TOR,CHC,away,1.0,
CF,L,D. Varsho,Colin Rea,R,6,TOR,CHC,away,1.0,
2B,R,D. Schneider,Colin Rea,R,7,TOR,CHC,away,1.0,
SS,L,A. Gimenez,Colin Rea,R,8,TOR,CHC,away,1.0,
LF,R,Myles Straw,Colin Rea,R,9,TOR,CHC,away,1.0,
CF,L,P. Crow-Armstrong,Patrick Corbin,L,1,TOR,CHC,home,1.0,
2B,R,Nico Hoerner,Patrick Corbin,L,2,TOR,CHC,home,1.0,
DH,R,Seiya Suzuki,Patrick Corbin,L,3,TOR,CHC,home,1.0,
1B,L,M. Busch,Patrick Corbin,L,4,TOR,CHC,home,1.0,
3B,R,Alex Bregman,Patrick Corbin,L,5,TOR,CHC,home,1.0,
LF,S,Ian Happ,Patrick Corbin,L,6,TOR,CHC,home,1.0,
RF,R,Matt Shaw,Patrick Corbin,L,7,TOR,CHC,home,1.0,
C,R,Miguel Amaya,Patrick Corbin,L,8,TOR,CHC,home,1.0,
SS,R,D. Swanson,Patrick Corbin,L,9,TOR,CHC,home,1.0,
2B,R,F. Tatis,MacKenzie Gore,L,1,SD,TEX,away,3.0,
RF,R,Samad Taylor,MacKenzie Gore,L,2,SD,TEX,away,3.0,
CF,L,J. Merrill,MacKenzie Gore,L,3,SD,TEX,away,3.0,
3B,R,M. Machado,MacKenzie Gore,L,4,SD,TEX,away,3.0,
LF,L,Gavin Sheets,MacKenzie Gore,L,5,SD,TEX,away,3.0,
SS,R,X. Bogaerts,MacKenzie Gore,L,6,SD,TEX,away,3.0,
1B,R,Ty France,MacKenzie Gore,L,7,SD,TEX,away,3.0,
DH,L,Will Wagner,MacKenzie Gore,L,8,SD,TEX,away,3.0,
C,R,R. Duran,MacKenzie Gore,L,9,SD,TEX,away,3.0,
DH,L,Joc Pederson,Walker Buehler,R,1,SD,TEX,home,3.0,
3B,R,Josh Jung,Walker Buehler,R,2,SD,TEX,home,3.0,
CF,R,W. Langford,Walker Buehler,R,3,SD,TEX,home,3.0,
RF,L,B. Nimmo,Walker Buehler,R,4,SD,TEX,home,3.0,
SS,R,E. Duran,Walker Buehler,R,5,SD,TEX,home,3.0,
LF,L,J. Kelenic,Walker Buehler,R,6,SD,TEX,home,3.0,
1B,R,Jake Burger,Walker Buehler,R,7,SD,TEX,home,3.0,
2B,L,Nicky Lopez,Walker Buehler,R,8,SD,TEX,home,3.0,
C,R,K. Higashioka,Walker Buehler,R,9,SD,TEX,home,3.0,
LF,R,J. Chourio,Chris Sale,L,1,MIL,ATL,away,3.0,
2B,L,Brice Turang,Chris Sale,L,2,MIL,ATL,away,3.0,
C,R,W. Contreras,Chris Sale,L,3,MIL,ATL,away,3.0,
1B,R,A. Vaughn,Chris Sale,L,4,MIL,ATL,away,3.0,
DH,R,Gary Sanchez,Chris Sale,L,5,MIL,ATL,away,3.0,
CF,L,G. Mitchell,Chris Sale,L,6,MIL,ATL,away,3.0,
RF,S,B. Perkins,Chris Sale,L,7,MIL,ATL,away,3.0,
SS,R,Cooper Pratt,Chris Sale,L,8,MIL,ATL,away,3.0,
3B,R,Joey Ortiz,Chris Sale,L,9,MIL,ATL,away,3.0,
LF,R,M. Dubon,Kyle Harrison,L,1,MIL,ATL,home,3.0,
DH,L,D. Baldwin,Kyle Harrison,L,2,MIL,ATL,home,3.0,
2B,S,Ozzie Albies,Kyle Harrison,L,3,MIL,ATL,home,3.0,
1B,L,Matt Olson,Kyle Harrison,L,4,MIL,ATL,home,3.0,
3B,R,Austin Riley,Kyle Harrison,L,5,MIL,ATL,home,3.0,
RF,R,Eli White,Kyle Harrison,L,6,MIL,ATL,home,3.0,
CF,L,M. Harris,Kyle Harrison,L,7,MIL,ATL,home,3.0,
SS,R,Ha-Seong Kim,Kyle Harrison,L,8,MIL,ATL,home,3.0,
C,R,Joey Bart,Kyle Harrison,L,9,MIL,ATL,home,3.0,
2B,L,Luis Arraez,Max Meyer,R,1,SF,MIA,away,3.0,
DH,L,B. Eldridge,Max Meyer,R,2,SF,MIA,away,3.0,
3B,R,Matt Chapman,Max Meyer,R,3,SF,MIA,away,3.0,
1B,L,R. Devers,Max Meyer,R,4,SF,MIA,away,3.0,
RF,L,Jung Hoo Lee,Max Meyer,R,5,SF,MIA,away,3.0,
SS,R,Willy Adames,Max Meyer,R,6,SF,MIA,away,3.0,
LF,R,C. Schmitt,Max Meyer,R,7,SF,MIA,away,3.0,
CF,L,Drew Gilbert,Max Meyer,R,8,SF,MIA,away,3.0,
C,R,Eric Haase,Max Meyer,R,9,SF,MIA,away,3.0,
DH,L,Liam Hicks,Trevor McDonald,R,1,SF,MIA,home,3.0,
SS,R,Otto Lopez,Trevor McDonald,R,2,SF,MIA,home,3.0,
1B,L,Kyle Stowers,Trevor McDonald,R,3,SF,MIA,home,3.0,
2B,S,X. Edwards,Trevor McDonald,R,4,SF,MIA,home,3.0,
LF,R,H. Hernandez,Trevor McDonald,R,5,SF,MIA,home,3.0,
RF,L,Owen Caissie,Trevor McDonald,R,6,SF,MIA,home,3.0,
CF,L,Jakob Marsee,Trevor McDonald,R,7,SF,MIA,home,3.0,
C,L,Joe Mack,Trevor McDonald,R,8,SF,MIA,home,3.0,
3B,R,Leo Jimenez,Trevor McDonald,R,9,SF,MIA,home,3.0,
DH,L,James Wood,Ian Seymour,L,1,WSH,TB,away,3.0,
3B,R,Curtis Mead,Ian Seymour,L,2,WSH,TB,away,3.0,
1B,R,A. Chaparro,Ian Seymour,L,3,WSH,TB,away,3.0,
SS,L,CJ Abrams,Ian Seymour,L,4,WSH,TB,away,3.0,
RF,R,Dylan Crews,Ian Seymour,L,5,WSH,TB,away,3.0,
LF,L,Daylen Lile,Ian Seymour,L,6,WSH,TB,away,3.0,
CF,R,Jacob Young,Ian Seymour,L,7,WSH,TB,away,3.0,
2B,S,Nasim Nunez,Ian Seymour,L,8,WSH,TB,away,3.0,
C,S,Keibert Ruiz,Ian Seymour,L,9,WSH,TB,away,3.0,
DH,R,Yandy Diaz,Cade Cavalli,R,1,WSH,TB,home,3.0,
1B,L,J. Aranda,Cade Cavalli,R,2,WSH,TB,home,3.0,
CF,L,C. Mullins,Cade Cavalli,R,3,WSH,TB,home,3.0,
3B,R,J. Caminero,Cade Cavalli,R,4,WSH,TB,home,3.0,
2B,L,R. Palacios,Cade Cavalli,R,5,WSH,TB,home,3.0,
LF,L,C. Simpson,Cade Cavalli,R,6,WSH,TB,home,3.0,
RF,L,Victor Mesa,Cade Cavalli,R,7,WSH,TB,home,3.0,
C,L,H. Feduccia,Cade Cavalli,R,8,WSH,TB,home,3.0,
SS,S,Taylor Walls,Cade Cavalli,R,9,WSH,TB,home,3.0,
2B,L,T. Bazzana,Spencer Arrighetti,R,1,CLE,HOU,away,6.0,
1B,L,K. Manzardo,Spencer Arrighetti,R,2,CLE,HOU,away,6.0,
SS,S,B. Rocchio,Spencer Arrighetti,R,3,CLE,HOU,away,6.0,
DH,R,Rhys Hoskins,Spencer Arrighetti,R,4,CLE,HOU,away,6.0,
CF,L,D. Schneemann,Spencer Arrighetti,R,5,CLE,HOU,away,6.0,
LF,L,Steven Kwan,Spencer Arrighetti,R,6,CLE,HOU,away,6.0,
3B,R,G. Arias,Spencer Arrighetti,R,7,CLE,HOU,away,6.0,
RF,L,K. Watson,Spencer Arrighetti,R,8,CLE,HOU,away,6.0,
C,S,P. Bailey,Spencer Arrighetti,R,9,CLE,HOU,away,6.0,
SS,R,Jeremy Pena,Joey Cantillo,L,1,CLE,HOU,home,6.0,
DH,L,Y. Alvarez,Joey Cantillo,L,2,CLE,HOU,home,6.0,
1B,R,C. Walker,Joey Cantillo,L,3,CLE,HOU,home,6.0,
3B,R,I. Paredes,Joey Cantillo,L,4,CLE,HOU,home,6.0,
2B,R,Jose Altuve,Joey Cantillo,L,5,CLE,HOU,home,6.0,
C,R,Yainer Diaz,Joey Cantillo,L,6,CLE,HOU,home,6.0,
RF,R,Cam Smith,Joey Cantillo,L,7,CLE,HOU,home,6.0,
CF,R,Jake Meyers,Joey Cantillo,L,8,CLE,HOU,home,6.0,
LF,R,B. Matthews,Joey Cantillo,L,9,CLE,HOU,home,6.0,
RF,L,Carson Benge,Cristopher Sanchez,L,1,NYM,PHI,away,6.0,
SS,R,Bo Bichette,Cristopher Sanchez,L,2,NYM,PHI,away,6.0,
DH,L,Juan Soto,Cristopher Sanchez,L,3,NYM,PHI,away,6.0,
1B,R,Mark Vientos,Cristopher Sanchez,L,4,NYM,PHI,away,6.0,
C,R,F. Alvarez,Cristopher Sanchez,L,5,NYM,PHI,away,6.0,
2B,R,M. Semien,Cristopher Sanchez,L,6,NYM,PHI,away,6.0,
CF,L,A.J. Ewing,Cristopher Sanchez,L,7,NYM,PHI,away,6.0,
LF,R,Eric Wagaman,Cristopher Sanchez,L,8,NYM,PHI,away,6.0,
3B,L,Brett Baty,Cristopher Sanchez,L,9,NYM,PHI,away,6.0,
DH,L,K. Schwarber,Freddy Peralta,R,1,NYM,PHI,home,6.0,
SS,R,Trea Turner,Freddy Peralta,R,2,NYM,PHI,home,6.0,
1B,L,Bryce Harper,Freddy Peralta,R,3,NYM,PHI,home,6.0,
LF,L,B. Marsh,Freddy Peralta,R,4,NYM,PHI,home,6.0,
3B,R,Alec Bohm,Freddy Peralta,R,5,NYM,PHI,home,6.0,
2B,L,Bryson Stott,Freddy Peralta,R,6,NYM,PHI,home,6.0,
C,R,J. Realmuto,Freddy Peralta,R,7,NYM,PHI,home,6.0,
RF,L,G. Rincones,Freddy Peralta,R,8,NYM,PHI,home,6.0,
CF,L,J. Crawford,Freddy Peralta,R,9,NYM,PHI,home,6.0,
1B,L,S. Horwitz,Tomoyuki Sugano,R,1,PIT,COL,away,8.0,
2B,L,Brandon Lowe,Tomoyuki Sugano,R,2,PIT,COL,away,8.0,
LF,S,B. Reynolds,Tomoyuki Sugano,R,3,PIT,COL,away,8.0,
DH,L,Ryan O'Hearn,Tomoyuki Sugano,R,4,PIT,COL,away,8.0,
3B,R,N. Gonzales,Tomoyuki Sugano,R,5,PIT,COL,away,8.0,
RF,L,T. Callihan,Tomoyuki Sugano,R,6,PIT,COL,away,8.0,
C,S,E. Rodriguez,Tomoyuki Sugano,R,7,PIT,COL,away,8.0,
CF,S,Jake Mangum,Tomoyuki Sugano,R,8,PIT,COL,away,8.0,
SS,R,Jared Triolo,Tomoyuki Sugano,R,9,PIT,COL,away,8.0,
LF,L,J. McCarthy,Paul Skenes,R,1,PIT,COL,home,8.0,
2B,S,Willi Castro,Paul Skenes,R,2,PIT,COL,home,8.0,
1B,L,TJ Rumfield,Paul Skenes,R,3,PIT,COL,home,8.0,
C,R,H. Goodman,Paul Skenes,R,4,PIT,COL,home,8.0,
DH,L,T. Johnston,Paul Skenes,R,5,PIT,COL,home,8.0,
RF,R,T. Freeman,Paul Skenes,R,6,PIT,COL,home,8.0,
CF,S,Cole Carrigg,Paul Skenes,R,7,PIT,COL,home,8.0,
SS,R,E. Tovar,Paul Skenes,R,8,PIT,COL,home,8.0,
3B,R,Kyle Karros,Paul Skenes,R,9,PIT,COL,home,8.0,
SS,R,Zach Neto,J.T. Ginn,R,1,LAA,ATH,away,9.0,
LF,L,Wade Meckler,J.T. Ginn,R,2,LAA,ATH,away,9.0,
2B,R,V. Grissom,J.T. Ginn,R,3,LAA,ATH,away,9.0,
RF,R,Jo Adell,J.T. Ginn,R,4,LAA,ATH,away,9.0,
1B,L,N. Schanuel,J.T. Ginn,R,5,LAA,ATH,away,9.0,
3B,R,D. Guzman,J.T. Ginn,R,6,LAA,ATH,away,9.0,
C,R,L. O'Hoppe,J.T. Ginn,R,7,LAA,ATH,away,9.0,
DH,L,D. Walton,J.T. Ginn,R,8,LAA,ATH,away,9.0,
CF,R,Jose Siri,J.T. Ginn,R,9,LAA,ATH,away,9.0,
1B,L,Nick Kurtz,Walbert Urena,R,1,LAA,ATH,home,9.0,
C,R,S. Langeliers,Walbert Urena,R,2,LAA,ATH,home,9.0,
LF,L,T. Soderstrom,Walbert Urena,R,3,LAA,ATH,home,9.0,
SS,R,Jacob Wilson,Walbert Urena,R,4,LAA,ATH,home,9.0,
DH,L,C. Cortes,Walbert Urena,R,5,LAA,ATH,home,9.0,
3B,R,Zack Gelof,Walbert Urena,R,6,LAA,ATH,home,9.0,
RF,L,L. Butler,Walbert Urena,R,7,LAA,ATH,home,9.0,
CF,R,Henry Bolte,Walbert Urena,R,8,LAA,ATH,home,9.0,
2B,L,Jeff McNeil,Walbert Urena,R,9,LAA,ATH,home,9.0,
C,S,M. Gasper,Emerson Hancock,R,1,BOS,SEA,away,9.0,
CF,R,C. Rafaela,Emerson Hancock,R,2,BOS,SEA,away,9.0,
RF,L,Wilyer Abreu,Emerson Hancock,R,3,BOS,SEA,away,9.0,
1B,R,W. Contreras,Emerson Hancock,R,4,BOS,SEA,away,9.0,
LF,L,Jarren Duran,Emerson Hancock,R,5,BOS,SEA,away,9.0,
3B,R,Caleb Durbin,Emerson Hancock,R,6,BOS,SEA,away,9.0,
DH,L,M. Yoshida,Emerson Hancock,R,7,BOS,SEA,away,9.0,
2B,R,I. Kiner-Falefa,Emerson Hancock,R,8,BOS,SEA,away,9.0,
SS,L,M. Mayer,Emerson Hancock,R,9,BOS,SEA,away,9.0,
LF,R,R. Refsnyder,Connelly Early,L,1,BOS,SEA,home,9.0,
DH,S,Cal Raleigh,Connelly Early,L,2,BOS,SEA,home,9.0,
CF,R,J. Rodriguez,Connelly Early,L,3,BOS,SEA,home,9.0,
1B,L,Josh Naylor,Connelly Early,L,4,BOS,SEA,home,9.0,
C,R,Mitch Garver,Connelly Early,L,5,BOS,SEA,home,9.0,
2B,L,Cole Young,Connelly Early,L,6,BOS,SEA,home,9.0,
RF,R,V. Robles,Connelly Early,L,7,BOS,SEA,home,9.0,
SS,L,Colt Emerson,Connelly Early,L,8,BOS,SEA,home,9.0,
3B,R,W. Wilson,Connelly Early,L,9,BOS,SEA,home,9.0,
LF,R,Taylor Ward,Yoshinobu Yamamoto,R,1,BAL,LAD,away,9.0,
SS,L,G. Henderson,Yoshinobu Yamamoto,R,2,BAL,LAD,away,9.0,
C,S,A. Rutschman,Yoshinobu Yamamoto,R,3,BAL,LAD,away,9.0,
1B,R,Pete Alonso,Yoshinobu Yamamoto,R,4,BAL,LAD,away,9.0,
DH,L,S. Basallo,Yoshinobu Yamamoto,R,5,BAL,LAD,away,9.0,
RF,S,L. Taveras,Yoshinobu Yamamoto,R,6,BAL,LAD,away,9.0,
CF,L,C. Cowser,Yoshinobu Yamamoto,R,7,BAL,LAD,away,9.0,
2B,L,J. Holliday,Yoshinobu Yamamoto,R,8,BAL,LAD,away,9.0,
3B,R,B. Alexander,Yoshinobu Yamamoto,R,9,BAL,LAD,away,9.0,
RF,L,Kyle Tucker,Trevor Rogers,L,1,BAL,LAD,home,9.0,
CF,R,Andy Pages,Trevor Rogers,L,2,BAL,LAD,home,9.0,
1B,L,F. Freeman,Trevor Rogers,L,3,BAL,LAD,home,9.0,
SS,R,Mookie Betts,Trevor Rogers,L,4,BAL,LAD,home,9.0,
3B,L,Max Muncy,Trevor Rogers,L,5,BAL,LAD,home,9.0,
LF,S,Tommy Edman,Trevor Rogers,L,6,BAL,LAD,home,9.0,
DH,L,Ryan Ward,Trevor Rogers,L,7,BAL,LAD,home,9.0,
C,L,D. Rushing,Trevor Rogers,L,8,BAL,LAD,home,9.0,
2B,S,A. Freeland,Trevor Rogers,L,9,BAL,LAD,home,9.0,
LF,L,T. Larnach,Zac Gallen,R,1,MIN,ARI,away,9.0,
CF,R,Byron Buxton,Zac Gallen,R,2,MIN,ARI,away,9.0,
RF,L,Kody Clemens,Zac Gallen,R,3,MIN,ARI,away,9.0,
1B,R,Royce Lewis,Zac Gallen,R,4,MIN,ARI,away,9.0,
DH,S,Josh Bell,Zac Gallen,R,5,MIN,ARI,away,9.0,
C,S,V. Caratini,Zac Gallen,R,6,MIN,ARI,away,9.0,
3B,S,Brooks Lee,Zac Gallen,R,7,MIN,ARI,away,9.0,
SS,L,Tristan Gray,Zac Gallen,R,8,MIN,ARI,away,9.0,
2B,R,L. Keaschall,Zac Gallen,R,9,MIN,ARI,away,9.0,
2B,S,Ketel Marte,Taj Bradley,R,1,MIN,ARI,home,9.0,
SS,S,G. Perdomo,Taj Bradley,R,2,MIN,ARI,home,9.0,
RF,L,C. Carroll,Taj Bradley,R,3,MIN,ARI,home,9.0,
C,R,G. Moreno,Taj Bradley,R,4,MIN,ARI,home,9.0,
DH,R,L. Gurriel,Taj Bradley,R,5,MIN,ARI,home,9.0,
3B,R,N. Arenado,Taj Bradley,R,6,MIN,ARI,home,9.0,
1B,L,Pavin Smith,Taj Bradley,R,7,MIN,ARI,home,9.0,
CF,S,J. Barrosa,Taj Bradley,R,8,MIN,ARI,home,9.0,
LF,R,Tommy Troy,Taj Bradley,R,9,MIN,ARI,home,9.0,
CF,R,Blake Dunn,Elmer Rodriguez,R,1,CIN,NYY,away,2.0,
LF,L,JJ Bleday,Elmer Rodriguez,R,2,CIN,NYY,away,2.0,
1B,R,Sal Stewart,Elmer Rodriguez,R,3,CIN,NYY,away,2.0,
DH,L,N. Lowe,Elmer Rodriguez,R,4,CIN,NYY,away,2.0,
2B,R,S. Steer,Elmer Rodriguez,R,5,CIN,NYY,away,2.0,
3B,R,E. Suarez,Elmer Rodriguez,R,6,CIN,NYY,away,2.0,
RF,R,Noelvi Marte,Elmer Rodriguez,R,7,CIN,NYY,away,2.0,
C,R,T. Stephenson,Elmer Rodriguez,R,8,CIN,NYY,away,2.0,
SS,S,Edwin Arroyo,Elmer Rodriguez,R,9,CIN,NYY,away,2.0,
1B,L,Ben Rice,Chase Burns,R,1,CIN,NYY,home,2.0,
RF,S,J. Dominguez,Chase Burns,R,2,CIN,NYY,home,2.0,
DH,L,C. Bellinger,Chase Burns,R,3,CIN,NYY,home,2.0,
CF,L,S. Jones,Chase Burns,R,4,CIN,NYY,home,2.0,
2B,L,J. Chisholm,Chase Burns,R,5,CIN,NYY,home,2.0,
LF,R,J. Caballero,Chase Burns,R,6,CIN,NYY,home,2.0,
3B,L,Ryan McMahon,Chase Burns,R,7,CIN,NYY,home,2.0,
C,L,Austin Wells,Chase Burns,R,8,CIN,NYY,home,2.0,
SS,R,A. Volpe,Chase Burns,R,9,CIN,NYY,home,2.0,
DH,L,C. Yelich,Bryce Elder,R,1,MIL,ATL,away,2.0,
LF,R,J. Chourio,Bryce Elder,R,2,MIL,ATL,away,2.0,
2B,L,Brice Turang,Bryce Elder,R,3,MIL,ATL,away,2.0,
C,R,W. Contreras,Bryce Elder,R,4,MIL,ATL,away,2.0,
1B,L,Jake Bauers,Bryce Elder,R,5,MIL,ATL,away,2.0,
CF,L,G. Mitchell,Bryce Elder,R,6,MIL,ATL,away,2.0,
RF,L,Sal Frelick,Bryce Elder,R,7,MIL,ATL,away,2.0,
SS,R,Cooper Pratt,Bryce Elder,R,8,MIL,ATL,away,2.0,
3B,L,D. Hamilton,Bryce Elder,R,9,MIL,ATL,away,2.0,
LF,R,M. Dubon,Robert Gasser,L,1,MIL,ATL,home,2.0,
DH,L,D. Baldwin,Robert Gasser,L,2,MIL,ATL,home,2.0,
2B,S,Ozzie Albies,Robert Gasser,L,3,MIL,ATL,home,2.0,
1B,L,Matt Olson,Robert Gasser,L,4,MIL,ATL,home,2.0,
CF,L,M. Harris,Robert Gasser,L,5,MIL,ATL,home,2.0,
3B,R,Austin Riley,Robert Gasser,L,6,MIL,ATL,home,2.0,
C,R,Joey Bart,Robert Gasser,L,7,MIL,ATL,home,2.0,
RF,R,Eli White,Robert Gasser,L,8,MIL,ATL,home,2.0,
SS,R,Ha-Seong Kim,Robert Gasser,L,9,MIL,ATL,home,2.0,
LF,L,S. Antonacci,Keider Montero,R,1,CWS,DET,away,3.0,
DH,L,A. Benintendi,Keider Montero,R,2,CWS,DET,away,3.0,
3B,L,C. Montgomery,Keider Montero,R,3,CWS,DET,away,3.0,
2B,R,C. Meidroth,Keider Montero,R,4,CWS,DET,away,3.0,
RF,S,B. Montgomery,Keider Montero,R,5,CWS,DET,away,3.0,
1B,L,J. Gonzalez,Keider Montero,R,6,CWS,DET,away,3.0,
C,S,Edgar Quero,Keider Montero,R,7,CWS,DET,away,3.0,
CF,L,T. Peters,Keider Montero,R,8,CWS,DET,away,3.0,
SS,R,L. Acuna,Keider Montero,R,9,CWS,DET,away,3.0,
SS,L,K. McGonigle,Davis Martin,R,1,CWS,DET,home,3.0,
C,R,D. Dingler,Davis Martin,R,2,CWS,DET,home,3.0,
RF,L,K. Carpenter,Davis Martin,R,3,CWS,DET,home,3.0,
DH,L,Riley Greene,Davis Martin,R,4,CWS,DET,home,3.0,
1B,R,S. Torkelson,Davis Martin,R,5,CWS,DET,home,3.0,
3B,L,Colt Keith,Davis Martin,R,6,CWS,DET,home,3.0,
CF,L,James Outman,Davis Martin,R,7,CWS,DET,home,3.0,
LF,S,Trei Cruz,Davis Martin,R,8,CWS,DET,home,3.0,
2B,L,Z. McKinstry,Davis Martin,R,9,CWS,DET,home,3.0,
2B,L,Luis Arraez,Ryan Gusto,R,1,SF,MIA,away,3.0,
DH,L,B. Eldridge,Ryan Gusto,R,2,SF,MIA,away,3.0,
LF,R,C. Schmitt,Ryan Gusto,R,3,SF,MIA,away,3.0,
1B,L,R. Devers,Ryan Gusto,R,4,SF,MIA,away,3.0,
RF,L,Jung Hoo Lee,Ryan Gusto,R,5,SF,MIA,away,3.0,
SS,R,Willy Adames,Ryan Gusto,R,6,SF,MIA,away,3.0,
3B,R,Matt Chapman,Ryan Gusto,R,7,SF,MIA,away,3.0,
CF,L,Drew Gilbert,Ryan Gusto,R,8,SF,MIA,away,3.0,
C,R,Daniel Susac,Ryan Gusto,R,9,SF,MIA,away,3.0,
DH,L,Liam Hicks,Logan Webb,R,1,SF,MIA,home,3.0,
SS,R,Otto Lopez,Logan Webb,R,2,SF,MIA,home,3.0,
1B,L,Kyle Stowers,Logan Webb,R,3,SF,MIA,home,3.0,
2B,S,X. Edwards,Logan Webb,R,4,SF,MIA,home,3.0,
LF,R,H. Hernandez,Logan Webb,R,5,SF,MIA,home,3.0,
RF,L,Owen Caissie,Logan Webb,R,6,SF,MIA,home,3.0,
CF,L,Jakob Marsee,Logan Webb,R,7,SF,MIA,home,3.0,
C,L,Joe Mack,Logan Webb,R,8,SF,MIA,home,3.0,
3B,R,J. Sanoja,Logan Webb,R,9,SF,MIA,home,3.0,
RF,L,James Wood,Nick Martinez,R,1,WSH,TB,away,3.0,
1B,L,Luis Garcia,Nick Martinez,R,2,WSH,TB,away,3.0,
3B,R,Curtis Mead,Nick Martinez,R,3,WSH,TB,away,3.0,
SS,L,CJ Abrams,Nick Martinez,R,4,WSH,TB,away,3.0,
LF,L,Daylen Lile,Nick Martinez,R,5,WSH,TB,away,3.0,
CF,R,Dylan Crews,Nick Martinez,R,6,WSH,TB,away,3.0,
DH,L,Jose Tena,Nick Martinez,R,7,WSH,TB,away,3.0,
C,S,Drew Millas,Nick Martinez,R,8,WSH,TB,away,3.0,
2B,S,Nasim Nunez,Nick Martinez,R,9,WSH,TB,away,3.0,
DH,R,Yandy Diaz,Andrew Alvarez,L,1,WSH,TB,home,3.0,
CF,R,Jonny DeLuca,Andrew Alvarez,L,2,WSH,TB,home,3.0,
1B,L,J. Aranda,Andrew Alvarez,L,3,WSH,TB,home,3.0,
3B,R,J. Caminero,Andrew Alvarez,L,4,WSH,TB,home,3.0,
RF,R,Ryan Vilade,Andrew Alvarez,L,5,WSH,TB,home,3.0,
2B,R,B. Williamson,Andrew Alvarez,L,6,WSH,TB,home,3.0,
LF,L,C. Simpson,Andrew Alvarez,L,7,WSH,TB,home,3.0,
C,R,Nick Fortes,Andrew Alvarez,L,8,WSH,TB,home,3.0,
SS,S,Taylor Walls,Andrew Alvarez,L,9,WSH,TB,home,3.0,
2B,L,J. Wetherholt,Stephen Kolek,R,1,STL,KC,away,3.0,
DH,R,Ivan Herrera,Stephen Kolek,R,2,STL,KC,away,3.0,
1B,L,A. Burleson,Stephen Kolek,R,3,STL,KC,away,3.0,
RF,R,J. Walker,Stephen Kolek,R,4,STL,KC,away,3.0,
LF,L,L. Nootbaar,Stephen Kolek,R,5,STL,KC,away,3.0,
SS,R,Masyn Winn,Stephen Kolek,R,6,STL,KC,away,3.0,
C,L,Jimmy Crooks,Stephen Kolek,R,7,STL,KC,away,3.0,
3B,R,Blaze Jordan,Stephen Kolek,R,8,STL,KC,away,3.0,
CF,L,N. Church,Stephen Kolek,R,9,STL,KC,away,3.0,
DH,L,C. Jensen,Dustin May,R,1,STL,KC,home,3.0,
SS,R,M. Garcia,Dustin May,R,2,STL,KC,home,3.0,
1B,L,J. Caglianone,Dustin May,R,3,STL,KC,home,3.0,
C,R,S. Perez,Dustin May,R,4,STL,KC,home,3.0,
2B,L,M. Massey,Dustin May,R,5,STL,KC,home,3.0,
RF,R,Lane Thomas,Dustin May,R,6,STL,KC,home,3.0,
CF,L,K. Misner,Dustin May,R,7,STL,KC,home,3.0,
3B,R,Nick Loftin,Dustin May,R,8,STL,KC,home,3.0,
LF,S,I. Collins,Dustin May,R,9,STL,KC,home,3.0,
2B,L,T. Bazzana,Kai-Wei Teng,R,1,CLE,HOU,away,3.0,
1B,L,K. Manzardo,Kai-Wei Teng,R,2,CLE,HOU,away,3.0,
SS,S,B. Rocchio,Kai-Wei Teng,R,3,CLE,HOU,away,3.0,
DH,R,Rhys Hoskins,Kai-Wei Teng,R,4,CLE,HOU,away,3.0,
CF,L,D. Schneemann,Kai-Wei Teng,R,5,CLE,HOU,away,3.0,
LF,L,Steven Kwan,Kai-Wei Teng,R,6,CLE,HOU,away,3.0,
3B,R,G. Arias,Kai-Wei Teng,R,7,CLE,HOU,away,3.0,
RF,L,K. Watson,Kai-Wei Teng,R,8,CLE,HOU,away,3.0,
C,S,P. Bailey,Kai-Wei Teng,R,9,CLE,HOU,away,3.0,
SS,R,Jeremy Pena,Slade Cecconi,R,1,CLE,HOU,home,3.0,
DH,L,Y. Alvarez,Slade Cecconi,R,2,CLE,HOU,home,3.0,
1B,R,C. Walker,Slade Cecconi,R,3,CLE,HOU,home,3.0,
3B,R,I. Paredes,Slade Cecconi,R,4,CLE,HOU,home,3.0,
2B,R,Jose Altuve,Slade Cecconi,R,5,CLE,HOU,home,3.0,
RF,R,Cam Smith,Slade Cecconi,R,6,CLE,HOU,home,3.0,
LF,L,J. Loperfido,Slade Cecconi,R,7,CLE,HOU,home,3.0,
C,R,Yainer Diaz,Slade Cecconi,R,8,CLE,HOU,home,3.0,
CF,R,Jake Meyers,Slade Cecconi,R,9,CLE,HOU,home,3.0,
DH,R,G. Springer,Shota Imanaga,L,1,TOR,CHC,away,3.0,
1B,R,V. Guerrero,Shota Imanaga,L,2,TOR,CHC,away,3.0,
3B,R,K. Okamoto,Shota Imanaga,L,3,TOR,CHC,away,3.0,
C,R,A. Kirk,Shota Imanaga,L,4,TOR,CHC,away,3.0,
CF,L,D. Varsho,Shota Imanaga,L,5,TOR,CHC,away,3.0,
2B,R,E. Clement,Shota Imanaga,L,6,TOR,CHC,away,3.0,
RF,L,Nathan Lukes,Shota Imanaga,L,7,TOR,CHC,away,3.0,
LF,R,D. Schneider,Shota Imanaga,L,8,TOR,CHC,away,3.0,
SS,L,A. Gimenez,Shota Imanaga,L,9,TOR,CHC,away,3.0,
CF,L,P. Crow-Armstrong,Dylan Cease,R,1,TOR,CHC,home,3.0,
3B,R,Alex Bregman,Dylan Cease,R,2,TOR,CHC,home,3.0,
1B,L,M. Busch,Dylan Cease,R,3,TOR,CHC,home,3.0,
DH,R,Seiya Suzuki,Dylan Cease,R,4,TOR,CHC,home,3.0,
LF,S,Ian Happ,Dylan Cease,R,5,TOR,CHC,home,3.0,
RF,R,Matt Shaw,Dylan Cease,R,6,TOR,CHC,home,3.0,
2B,R,Nico Hoerner,Dylan Cease,R,7,TOR,CHC,home,3.0,
C,R,Carson Kelly,Dylan Cease,R,8,TOR,CHC,home,3.0,
SS,R,D. Swanson,Dylan Cease,R,9,TOR,CHC,home,3.0,
2B,R,F. Tatis,Nathan Eovaldi,R,1,SD,TEX,away,3.0,
1B,R,Ty France,Nathan Eovaldi,R,2,SD,TEX,away,3.0,
3B,R,M. Machado,Nathan Eovaldi,R,3,SD,TEX,away,3.0,
SS,R,X. Bogaerts,Nathan Eovaldi,R,4,SD,TEX,away,3.0,
CF,L,J. Merrill,Nathan Eovaldi,R,5,SD,TEX,away,3.0,
RF,R,Jase Bowen,Nathan Eovaldi,R,6,SD,TEX,away,3.0,
LF,R,Samad Taylor,Nathan Eovaldi,R,7,SD,TEX,away,3.0,
DH,R,Nick Solak,Nathan Eovaldi,R,8,SD,TEX,away,3.0,
C,R,R. Duran,Nathan Eovaldi,R,9,SD,TEX,away,3.0,
DH,L,Joc Pederson,Lucas Giolito,R,1,SD,TEX,home,3.0,
3B,R,Josh Jung,Lucas Giolito,R,2,SD,TEX,home,3.0,
LF,R,W. Langford,Lucas Giolito,R,3,SD,TEX,home,3.0,
RF,L,B. Nimmo,Lucas Giolito,R,4,SD,TEX,home,3.0,
SS,R,E. Duran,Lucas Giolito,R,5,SD,TEX,home,3.0,
1B,R,Jake Burger,Lucas Giolito,R,6,SD,TEX,home,3.0,
CF,L,A. Osuna,Lucas Giolito,R,7,SD,TEX,home,3.0,
C,R,K. Higashioka,Lucas Giolito,R,8,SD,TEX,home,3.0,
2B,L,Nicky Lopez,Lucas Giolito,R,9,SD,TEX,home,3.0,
1B,L,S. Horwitz,Michael Lorenzen,R,1,PIT,COL,away,4.0,
2B,L,Brandon Lowe,Michael Lorenzen,R,2,PIT,COL,away,4.0,
LF,S,B. Reynolds,Michael Lorenzen,R,3,PIT,COL,away,4.0,
DH,L,Ryan O'Hearn,Michael Lorenzen,R,4,PIT,COL,away,4.0,
3B,R,N. Gonzales,Michael Lorenzen,R,5,PIT,COL,away,4.0,
RF,L,T. Callihan,Michael Lorenzen,R,6,PIT,COL,away,4.0,
C,S,E. Rodriguez,Michael Lorenzen,R,7,PIT,COL,away,4.0,
CF,S,Jake Mangum,Michael Lorenzen,R,8,PIT,COL,away,4.0,
SS,R,Jared Triolo,Michael Lorenzen,R,9,PIT,COL,away,4.0,
LF,L,J. McCarthy,Jared Jones,R,1,PIT,COL,home,4.0,
2B,S,Willi Castro,Jared Jones,R,2,PIT,COL,home,4.0,
1B,L,TJ Rumfield,Jared Jones,R,3,PIT,COL,home,4.0,
C,R,H. Goodman,Jared Jones,R,4,PIT,COL,home,4.0,
DH,L,T. Johnston,Jared Jones,R,5,PIT,COL,home,4.0,
RF,R,T. Freeman,Jared Jones,R,6,PIT,COL,home,4.0,
CF,S,Cole Carrigg,Jared Jones,R,7,PIT,COL,home,4.0,
SS,R,E. Tovar,Jared Jones,R,8,PIT,COL,home,4.0,
3B,R,Kyle Karros,Jared Jones,R,9,PIT,COL,home,4.0,
LF,L,T. Larnach,Jose Cabrera,R,1,MIN,ARI,away,4.0,
CF,R,Byron Buxton,Jose Cabrera,R,2,MIN,ARI,away,4.0,
RF,L,Kody Clemens,Jose Cabrera,R,3,MIN,ARI,away,4.0,
1B,R,Royce Lewis,Jose Cabrera,R,4,MIN,ARI,away,4.0,
DH,S,Josh Bell,Jose Cabrera,R,5,MIN,ARI,away,4.0,
C,S,V. Caratini,Jose Cabrera,R,6,MIN,ARI,away,4.0,
3B,S,Brooks Lee,Jose Cabrera,R,7,MIN,ARI,away,4.0,
SS,L,Tristan Gray,Jose Cabrera,R,8,MIN,ARI,away,4.0,
2B,R,L. Keaschall,Jose Cabrera,R,9,MIN,ARI,away,4.0,
2B,S,Ketel Marte,Mike Paredes,R,1,MIN,ARI,home,4.0,
SS,S,G. Perdomo,Mike Paredes,R,2,MIN,ARI,home,4.0,
RF,L,C. Carroll,Mike Paredes,R,3,MIN,ARI,home,4.0,
C,R,G. Moreno,Mike Paredes,R,4,MIN,ARI,home,4.0,
DH,R,L. Gurriel,Mike Paredes,R,5,MIN,ARI,home,4.0,
3B,R,N. Arenado,Mike Paredes,R,6,MIN,ARI,home,4.0,
CF,S,J. Barrosa,Mike Paredes,R,7,MIN,ARI,home,4.0,
1B,L,Pavin Smith,Mike Paredes,R,8,MIN,ARI,home,4.0,
LF,R,Tommy Troy,Mike Paredes,R,9,MIN,ARI,home,4.0,
SS,R,Zach Neto,Jack Perkins,R,1,LAA,ATH,away,5.0,
LF,L,Wade Meckler,Jack Perkins,R,2,LAA,ATH,away,5.0,
2B,R,V. Grissom,Jack Perkins,R,3,LAA,ATH,away,5.0,
RF,R,Jo Adell,Jack Perkins,R,4,LAA,ATH,away,5.0,
1B,L,N. Schanuel,Jack Perkins,R,5,LAA,ATH,away,5.0,
3B,R,D. Guzman,Jack Perkins,R,6,LAA,ATH,away,5.0,
C,R,L. O'Hoppe,Jack Perkins,R,7,LAA,ATH,away,5.0,
DH,L,D. Walton,Jack Perkins,R,8,LAA,ATH,away,5.0,
CF,R,Jose Siri,Jack Perkins,R,9,LAA,ATH,away,5.0,
C,R,S. Langeliers,Reid Detmers,L,1,LAA,ATH,home,5.0,
1B,L,Nick Kurtz,Reid Detmers,L,2,LAA,ATH,home,5.0,
RF,R,Colby Thomas,Reid Detmers,L,3,LAA,ATH,home,5.0,
LF,L,T. Soderstrom,Reid Detmers,L,4,LAA,ATH,home,5.0,
SS,R,Jacob Wilson,Reid Detmers,L,5,LAA,ATH,home,5.0,
2B,R,Zack Gelof,Reid Detmers,L,6,LAA,ATH,home,5.0,
DH,R,Joey Meneses,Reid Detmers,L,7,LAA,ATH,home,5.0,
3B,R,Max Muncy,Reid Detmers,L,8,LAA,ATH,home,5.0,
CF,R,Henry Bolte,Reid Detmers,L,9,LAA,ATH,home,5.0,
C,S,M. Gasper,Logan Gilbert,R,1,BOS,SEA,away,5.0,
CF,R,C. Rafaela,Logan Gilbert,R,2,BOS,SEA,away,5.0,
RF,L,Wilyer Abreu,Logan Gilbert,R,3,BOS,SEA,away,5.0,
1B,R,W. Contreras,Logan Gilbert,R,4,BOS,SEA,away,5.0,
LF,L,Jarren Duran,Logan Gilbert,R,5,BOS,SEA,away,5.0,
3B,R,Caleb Durbin,Logan Gilbert,R,6,BOS,SEA,away,5.0,
DH,L,M. Yoshida,Logan Gilbert,R,7,BOS,SEA,away,5.0,
2B,R,A. Monasterio,Logan Gilbert,R,8,BOS,SEA,away,5.0,
SS,L,M. Mayer,Logan Gilbert,R,9,BOS,SEA,away,5.0,
LF,R,R. Refsnyder,Payton Tolle,L,1,BOS,SEA,home,5.0,
DH,S,Cal Raleigh,Payton Tolle,L,2,BOS,SEA,home,5.0,
CF,R,J. Rodriguez,Payton Tolle,L,3,BOS,SEA,home,5.0,
1B,L,Josh Naylor,Payton Tolle,L,4,BOS,SEA,home,5.0,
C,R,Mitch Garver,Payton Tolle,L,5,BOS,SEA,home,5.0,
2B,L,Cole Young,Payton Tolle,L,6,BOS,SEA,home,5.0,
RF,R,V. Robles,Payton Tolle,L,7,BOS,SEA,home,5.0,
SS,L,Colt Emerson,Payton Tolle,L,8,BOS,SEA,home,5.0,
3B,R,W. Wilson,Payton Tolle,L,9,BOS,SEA,home,5.0,
LF,R,Taylor Ward,Emmet Sheehan,R,1,BAL,LAD,away,5.0,
SS,L,G. Henderson,Emmet Sheehan,R,2,BAL,LAD,away,5.0,
1B,R,Pete Alonso,Emmet Sheehan,R,3,BAL,LAD,away,5.0,
DH,L,S. Basallo,Emmet Sheehan,R,4,BAL,LAD,away,5.0,
RF,S,L. Taveras,Emmet Sheehan,R,5,BAL,LAD,away,5.0,
CF,L,C. Cowser,Emmet Sheehan,R,6,BAL,LAD,away,5.0,
C,R,Sam Huff,Emmet Sheehan,R,7,BAL,LAD,away,5.0,
2B,L,J. Holliday,Emmet Sheehan,R,8,BAL,LAD,away,5.0,
3B,R,B. Alexander,Emmet Sheehan,R,9,BAL,LAD,away,5.0,
DH,L,S. Ohtani,Brandon Young,R,1,BAL,LAD,home,5.0,
CF,R,Andy Pages,Brandon Young,R,2,BAL,LAD,home,5.0,
1B,L,F. Freeman,Brandon Young,R,3,BAL,LAD,home,5.0,
SS,R,Mookie Betts,Brandon Young,R,4,BAL,LAD,home,5.0,
3B,L,Max Muncy,Brandon Young,R,5,BAL,LAD,home,5.0,
RF,L,Kyle Tucker,Brandon Young,R,6,BAL,LAD,home,5.0,
LF,L,Ryan Ward,Brandon Young,R,7,BAL,LAD,home,5.0,
C,L,D. Rushing,Brandon Young,R,8,BAL,LAD,home,5.0,
2B,S,Tommy Edman,Brandon Young,R,9,BAL,LAD,home,5.0,
RF,L,Carson Benge,Zack Wheeler,R,1,NYM,PHI,away,8.0,
SS,R,Bo Bichette,Zack Wheeler,R,2,NYM,PHI,away,8.0,
LF,L,Juan Soto,Zack Wheeler,R,3,NYM,PHI,away,8.0,
1B,L,Jared Young,Zack Wheeler,R,4,NYM,PHI,away,8.0,
CF,L,A.J. Ewing,Zack Wheeler,R,5,NYM,PHI,away,8.0,
2B,R,M. Semien,Zack Wheeler,R,6,NYM,PHI,away,8.0,
3B,L,Brett Baty,Zack Wheeler,R,7,NYM,PHI,away,8.0,
DH,L,MJ Melendez,Zack Wheeler,R,8,NYM,PHI,away,8.0,
C,R,F. Alvarez,Zack Wheeler,R,9,NYM,PHI,away,8.0,
DH,L,K. Schwarber,David Peterson,L,1,NYM,PHI,home,8.0,
SS,R,Trea Turner,David Peterson,L,2,NYM,PHI,home,8.0,
1B,L,Bryce Harper,David Peterson,L,3,NYM,PHI,home,8.0,
LF,L,B. Marsh,David Peterson,L,4,NYM,PHI,home,8.0,
3B,R,Alec Bohm,David Peterson,L,5,NYM,PHI,home,8.0,
2B,L,Bryson Stott,David Peterson,L,6,NYM,PHI,home,8.0,
C,R,J. Realmuto,David Peterson,L,7,NYM,PHI,home,8.0,
RF,L,G. Rincones,David Peterson,L,8,NYM,PHI,home,8.0,
CF,L,J. Crawford,David Peterson,L,9,NYM,PHI,home,8.0,
3B,R,Amed Rosario,Framber Valdez,L,1,NYY,DET,away,0.0,
DH,L,Ben Rice,Framber Valdez,L,2,NYY,DET,away,0.0,
1B,R,P. Goldschmidt,Framber Valdez,L,3,NYY,DET,away,0.0,
CF,L,C. Bellinger,Framber Valdez,L,4,NYY,DET,away,0.0,
SS,R,A. Volpe,Framber Valdez,L,5,NYY,DET,away,0.0,
2B,L,J. Chisholm,Framber Valdez,L,6,NYY,DET,away,0.0,
RF,S,J. Dominguez,Framber Valdez,L,7,NYY,DET,away,0.0,
LF,R,J. Caballero,Framber Valdez,L,8,NYY,DET,away,0.0,
C,R,Ali Sanchez,Framber Valdez,L,9,NYY,DET,away,0.0,
3B,L,K. McGonigle,Gerrit Cole,R,1,NYY,DET,home,0.0,
C,R,D. Dingler,Gerrit Cole,R,2,NYY,DET,home,0.0,
RF,L,K. Carpenter,Gerrit Cole,R,3,NYY,DET,home,0.0,
LF,L,Riley Greene,Gerrit Cole,R,4,NYY,DET,home,0.0,
1B,R,S. Torkelson,Gerrit Cole,R,5,NYY,DET,home,0.0,
DH,L,Colt Keith,Gerrit Cole,R,6,NYY,DET,home,0.0,
CF,L,James Outman,Gerrit Cole,R,7,NYY,DET,home,0.0,
2B,R,Hao-Yu Lee,Gerrit Cole,R,8,NYY,DET,home,0.0,
SS,L,Z. McKinstry,Gerrit Cole,R,9,NYY,DET,home,0.0,
DH,L,Joc Pederson,Tyler Phillips,R,1,TEX,MIA,away,1.0,
CF,R,W. Langford,Tyler Phillips,R,2,TEX,MIA,away,1.0,
3B,R,Josh Jung,Tyler Phillips,R,3,TEX,MIA,away,1.0,
RF,L,B. Nimmo,Tyler Phillips,R,4,TEX,MIA,away,1.0,
1B,R,Jake Burger,Tyler Phillips,R,5,TEX,MIA,away,1.0,
SS,R,E. Duran,Tyler Phillips,R,6,TEX,MIA,away,1.0,
LF,L,A. Osuna,Tyler Phillips,R,7,TEX,MIA,away,1.0,
C,R,Elias Diaz,Tyler Phillips,R,8,TEX,MIA,away,1.0,
2B,L,Nicky Lopez,Tyler Phillips,R,9,TEX,MIA,away,1.0,
LF,R,H. Hernandez,Kumar Rocker,R,1,TEX,MIA,home,1.0,
SS,R,Otto Lopez,Kumar Rocker,R,2,TEX,MIA,home,1.0,
1B,L,Kyle Stowers,Kumar Rocker,R,3,TEX,MIA,home,1.0,
2B,S,X. Edwards,Kumar Rocker,R,4,TEX,MIA,home,1.0,
CF,L,Jakob Marsee,Kumar Rocker,R,5,TEX,MIA,home,1.0,
RF,R,Esteury Ruiz,Kumar Rocker,R,6,TEX,MIA,home,1.0,
DH,L,G. Conine,Kumar Rocker,R,7,TEX,MIA,home,1.0,
3B,R,J. Sanoja,Kumar Rocker,R,8,TEX,MIA,home,1.0,
C,L,Joe Mack,Kumar Rocker,R,9,TEX,MIA,home,1.0,
C,L,C. Jensen,Drew Rasmussen,R,1,KC,TB,away,1.0,
SS,R,M. Garcia,Drew Rasmussen,R,2,KC,TB,away,1.0,
1B,L,J. Caglianone,Drew Rasmussen,R,3,KC,TB,away,1.0,
DH,R,S. Perez,Drew Rasmussen,R,4,KC,TB,away,1.0,
2B,L,M. Massey,Drew Rasmussen,R,5,KC,TB,away,1.0,
CF,R,Lane Thomas,Drew Rasmussen,R,6,KC,TB,away,1.0,
RF,L,John Rave,Drew Rasmussen,R,7,KC,TB,away,1.0,
3B,R,Nick Loftin,Drew Rasmussen,R,8,KC,TB,away,1.0,
LF,S,I. Collins,Drew Rasmussen,R,9,KC,TB,away,1.0,
DH,R,Yandy Diaz,Michael Wacha,R,1,KC,TB,home,1.0,
CF,R,Jonny DeLuca,Michael Wacha,R,2,KC,TB,home,1.0,
1B,L,J. Aranda,Michael Wacha,R,3,KC,TB,home,1.0,
3B,R,J. Caminero,Michael Wacha,R,4,KC,TB,home,1.0,
RF,R,Ryan Vilade,Michael Wacha,R,5,KC,TB,home,1.0,
LF,L,C. Simpson,Michael Wacha,R,6,KC,TB,home,1.0,
SS,R,B. Williamson,Michael Wacha,R,7,KC,TB,home,1.0,
C,R,Nick Fortes,Michael Wacha,R,8,KC,TB,home,1.0,
2B,L,R. Palacios,Michael Wacha,R,9,KC,TB,home,1.0,
SS,R,Trea Turner,Foster Griffin,L,1,PHI,WSH,away,1.0,
DH,L,K. Schwarber,Foster Griffin,L,2,PHI,WSH,away,1.0,
1B,L,Bryce Harper,Foster Griffin,L,3,PHI,WSH,away,1.0,
3B,R,Alec Bohm,Foster Griffin,L,4,PHI,WSH,away,1.0,
LF,R,Edmundo Sosa,Foster Griffin,L,5,PHI,WSH,away,1.0,
RF,L,B. Marsh,Foster Griffin,L,6,PHI,WSH,away,1.0,
CF,R,Derek Hill,Foster Griffin,L,7,PHI,WSH,away,1.0,
2B,L,Bryson Stott,Foster Griffin,L,8,PHI,WSH,away,1.0,
C,S,R. Marchan,Foster Griffin,L,9,PHI,WSH,away,1.0,
RF,L,James Wood,Alan Rangel,R,1,PHI,WSH,home,1.0,
3B,R,Curtis Mead,Alan Rangel,R,2,PHI,WSH,home,1.0,
LF,R,Dylan Crews,Alan Rangel,R,3,PHI,WSH,home,1.0,
SS,L,CJ Abrams,Alan Rangel,R,4,PHI,WSH,home,1.0,
CF,R,Jacob Young,Alan Rangel,R,5,PHI,WSH,home,1.0,
DH,L,Daylen Lile,Alan Rangel,R,6,PHI,WSH,home,1.0,
C,S,Keibert Ruiz,Alan Rangel,R,7,PHI,WSH,home,1.0,
1B,L,Luis Garcia,Alan Rangel,R,8,PHI,WSH,home,1.0,
2B,S,Nasim Nunez,Alan Rangel,R,9,PHI,WSH,home,1.0,
SS,R,Jeremy Pena,Dylan Cease,R,1,HOU,TOR,away,1.0,
LF,L,Y. Alvarez,Dylan Cease,R,2,HOU,TOR,away,1.0,
1B,R,C. Walker,Dylan Cease,R,3,HOU,TOR,away,1.0,
DH,R,I. Paredes,Dylan Cease,R,4,HOU,TOR,away,1.0,
2B,R,Jose Altuve,Dylan Cease,R,5,HOU,TOR,away,1.0,
C,R,Yainer Diaz,Dylan Cease,R,6,HOU,TOR,away,1.0,
RF,L,J. Loperfido,Dylan Cease,R,7,HOU,TOR,away,1.0,
CF,R,Jake Meyers,Dylan Cease,R,8,HOU,TOR,away,1.0,
3B,L,R. Delgado,Dylan Cease,R,9,HOU,TOR,away,1.0,
DH,R,G. Springer,Hunter Brown,R,1,HOU,TOR,home,1.0,
RF,L,Nathan Lukes,Hunter Brown,R,2,HOU,TOR,home,1.0,
1B,R,V. Guerrero,Hunter Brown,R,3,HOU,TOR,home,1.0,
C,R,A. Kirk,Hunter Brown,R,4,HOU,TOR,home,1.0,
CF,L,D. Varsho,Hunter Brown,R,5,HOU,TOR,home,1.0,
3B,R,K. Okamoto,Hunter Brown,R,6,HOU,TOR,home,1.0,
LF,L,J. Sanchez,Hunter Brown,R,7,HOU,TOR,home,1.0,
2B,R,E. Clement,Hunter Brown,R,8,HOU,TOR,home,1.0,
SS,L,A. Gimenez,Hunter Brown,R,9,HOU,TOR,home,1.0,
DH,L,C. Yelich,Brady Singer,R,1,MIL,CIN,away,1.0,
LF,R,J. Chourio,Brady Singer,R,2,MIL,CIN,away,1.0,
2B,L,Brice Turang,Brady Singer,R,3,MIL,CIN,away,1.0,
C,R,W. Contreras,Brady Singer,R,4,MIL,CIN,away,1.0,
1B,L,Jake Bauers,Brady Singer,R,5,MIL,CIN,away,1.0,
CF,L,G. Mitchell,Brady Singer,R,6,MIL,CIN,away,1.0,
RF,L,Sal Frelick,Brady Singer,R,7,MIL,CIN,away,1.0,
SS,R,Joey Ortiz,Brady Singer,R,8,MIL,CIN,away,1.0,
3B,L,D. Hamilton,Brady Singer,R,9,MIL,CIN,away,1.0,
CF,R,Blake Dunn,Brandon Woodruff,R,1,MIL,CIN,home,1.0,
LF,L,JJ Bleday,Brandon Woodruff,R,2,MIL,CIN,home,1.0,
1B,R,Sal Stewart,Brandon Woodruff,R,3,MIL,CIN,home,1.0,
DH,L,N. Lowe,Brandon Woodruff,R,4,MIL,CIN,home,1.0,
2B,R,S. Steer,Brandon Woodruff,R,5,MIL,CIN,home,1.0,
3B,R,E. Suarez,Brandon Woodruff,R,6,MIL,CIN,home,1.0,
RF,R,Noelvi Marte,Brandon Woodruff,R,7,MIL,CIN,home,1.0,
C,R,T. Stephenson,Brandon Woodruff,R,8,MIL,CIN,home,1.0,
SS,R,Matt McLain,Brandon Woodruff,R,9,MIL,CIN,home,1.0,
CF,L,P. Crow-Armstrong,Kodai Senga,R,1,CHC,NYM,away,1.0,
3B,R,Alex Bregman,Kodai Senga,R,2,CHC,NYM,away,1.0,
1B,L,M. Busch,Kodai Senga,R,3,CHC,NYM,away,1.0,
DH,R,Seiya Suzuki,Kodai Senga,R,4,CHC,NYM,away,1.0,
LF,S,Ian Happ,Kodai Senga,R,5,CHC,NYM,away,1.0,
RF,R,Matt Shaw,Kodai Senga,R,6,CHC,NYM,away,1.0,
2B,R,Nico Hoerner,Kodai Senga,R,7,CHC,NYM,away,1.0,
C,R,Carson Kelly,Kodai Senga,R,8,CHC,NYM,away,1.0,
SS,R,D. Swanson,Kodai Senga,R,9,CHC,NYM,away,1.0,
RF,L,Carson Benge,Shota Imanaga,L,1,CHC,NYM,home,1.0,
3B,R,Bo Bichette,Shota Imanaga,L,2,CHC,NYM,home,1.0,
LF,L,Juan Soto,Shota Imanaga,L,3,CHC,NYM,home,1.0,
2B,R,M. Semien,Shota Imanaga,L,4,CHC,NYM,home,1.0,
1B,R,Mark Vientos,Shota Imanaga,L,5,CHC,NYM,home,1.0,
DH,R,Eric Wagaman,Shota Imanaga,L,6,CHC,NYM,home,1.0,
C,R,F. Alvarez,Shota Imanaga,L,7,CHC,NYM,home,1.0,
CF,L,A.J. Ewing,Shota Imanaga,L,8,CHC,NYM,home,1.0,
SS,R,Zack Short,Shota Imanaga,L,9,CHC,NYM,home,1.0,
2B,L,T. Bazzana,Anthony Kay,L,1,CLE,CWS,away,2.0,
LF,R,David Fry,Anthony Kay,L,2,CLE,CWS,away,2.0,
SS,S,B. Rocchio,Anthony Kay,L,3,CLE,CWS,away,2.0,
1B,R,Rhys Hoskins,Anthony Kay,L,4,CLE,CWS,away,2.0,
DH,L,K. Manzardo,Anthony Kay,L,5,CLE,CWS,away,2.0,
3B,R,G. Arias,Anthony Kay,L,6,CLE,CWS,away,2.0,
RF,R,S. Fairchild,Anthony Kay,L,7,CLE,CWS,away,2.0,
C,R,A. Hedges,Anthony Kay,L,8,CLE,CWS,away,2.0,
CF,L,Petey Halpin,Anthony Kay,L,9,CLE,CWS,away,2.0,
LF,L,S. Antonacci,Gavin Williams,R,1,CLE,CWS,home,2.0,
1B,R,M. Vargas,Gavin Williams,R,2,CLE,CWS,home,2.0,
DH,L,A. Benintendi,Gavin Williams,R,3,CLE,CWS,home,2.0,
C,L,Kyle Teel,Gavin Williams,R,4,CLE,CWS,home,2.0,
3B,L,C. Montgomery,Gavin Williams,R,5,CLE,CWS,home,2.0,
2B,R,C. Meidroth,Gavin Williams,R,6,CLE,CWS,home,2.0,
RF,S,B. Montgomery,Gavin Williams,R,7,CLE,CWS,home,2.0,
CF,L,T. Peters,Gavin Williams,R,8,CLE,CWS,home,2.0,
SS,R,L. Acuna,Gavin Williams,R,9,CLE,CWS,home,2.0,
DH,L,S. Ohtani,Zebby Matthews,R,1,LAD,MIN,away,2.0,
CF,R,Andy Pages,Zebby Matthews,R,2,LAD,MIN,away,2.0,
1B,L,F. Freeman,Zebby Matthews,R,3,LAD,MIN,away,2.0,
SS,R,Mookie Betts,Zebby Matthews,R,4,LAD,MIN,away,2.0,
3B,L,Max Muncy,Zebby Matthews,R,5,LAD,MIN,away,2.0,
RF,L,Kyle Tucker,Zebby Matthews,R,6,LAD,MIN,away,2.0,
2B,S,Tommy Edman,Zebby Matthews,R,7,LAD,MIN,away,2.0,
C,L,D. Rushing,Zebby Matthews,R,8,LAD,MIN,away,2.0,
LF,L,Ryan Ward,Zebby Matthews,R,9,LAD,MIN,away,2.0,
LF,L,T. Larnach,Eric Lauer,L,1,LAD,MIN,home,2.0,
CF,R,Byron Buxton,Eric Lauer,L,2,LAD,MIN,home,2.0,
RF,L,Kody Clemens,Eric Lauer,L,3,LAD,MIN,home,2.0,
DH,S,Josh Bell,Eric Lauer,L,4,LAD,MIN,home,2.0,
1B,R,Royce Lewis,Eric Lauer,L,5,LAD,MIN,home,2.0,
C,S,V. Caratini,Eric Lauer,L,6,LAD,MIN,home,2.0,
3B,S,Brooks Lee,Eric Lauer,L,7,LAD,MIN,home,2.0,
2B,R,L. Keaschall,Eric Lauer,L,8,LAD,MIN,home,2.0,
SS,R,R. Kreidler,Eric Lauer,L,9,LAD,MIN,home,2.0,
2B,S,Ketel Marte,Andre Pallante,R,1,ARI,STL,away,2.0,
SS,S,G. Perdomo,Andre Pallante,R,2,ARI,STL,away,2.0,
RF,L,C. Carroll,Andre Pallante,R,3,ARI,STL,away,2.0,
1B,L,Pavin Smith,Andre Pallante,R,4,ARI,STL,away,2.0,
3B,R,N. Arenado,Andre Pallante,R,5,ARI,STL,away,2.0,
C,L,A. Del Castillo,Andre Pallante,R,6,ARI,STL,away,2.0,
DH,R,L. Gurriel,Andre Pallante,R,7,ARI,STL,away,2.0,
LF,R,Tommy Troy,Andre Pallante,R,8,ARI,STL,away,2.0,
CF,R,Tim Tawa,Andre Pallante,R,9,ARI,STL,away,2.0,
2B,L,J. Wetherholt,Merrill Kelly,R,1,ARI,STL,home,2.0,
C,R,Ivan Herrera,Merrill Kelly,R,2,ARI,STL,home,2.0,
1B,L,A. Burleson,Merrill Kelly,R,3,ARI,STL,home,2.0,
RF,R,J. Walker,Merrill Kelly,R,4,ARI,STL,home,2.0,
LF,L,L. Nootbaar,Merrill Kelly,R,5,ARI,STL,home,2.0,
SS,R,Masyn Winn,Merrill Kelly,R,6,ARI,STL,home,2.0,
DH,L,Jimmy Crooks,Merrill Kelly,R,7,ARI,STL,home,2.0,
3B,R,Blaze Jordan,Merrill Kelly,R,8,ARI,STL,home,2.0,
CF,L,N. Church,Merrill Kelly,R,9,ARI,STL,home,2.0,
C,S,M. Gasper,Ryan Feltner,R,1,BOS,COL,away,3.0,
CF,R,C. Rafaela,Ryan Feltner,R,2,BOS,COL,away,3.0,
RF,L,Wilyer Abreu,Ryan Feltner,R,3,BOS,COL,away,3.0,
1B,R,W. Contreras,Ryan Feltner,R,4,BOS,COL,away,3.0,
LF,L,Jarren Duran,Ryan Feltner,R,5,BOS,COL,away,3.0,
3B,R,Caleb Durbin,Ryan Feltner,R,6,BOS,COL,away,3.0,
DH,L,M. Yoshida,Ryan Feltner,R,7,BOS,COL,away,3.0,
2B,L,A. Seigler,Ryan Feltner,R,8,BOS,COL,away,3.0,
SS,L,M. Mayer,Ryan Feltner,R,9,BOS,COL,away,3.0,
2B,S,Willi Castro,Jake Bennett,L,1,BOS,COL,home,3.0,
RF,R,T. Freeman,Jake Bennett,L,2,BOS,COL,home,3.0,
1B,L,TJ Rumfield,Jake Bennett,L,3,BOS,COL,home,3.0,
C,R,H. Goodman,Jake Bennett,L,4,BOS,COL,home,3.0,
CF,S,Cole Carrigg,Jake Bennett,L,5,BOS,COL,home,3.0,
LF,L,J. McCarthy,Jake Bennett,L,6,BOS,COL,home,3.0,
DH,R,B. Fulford,Jake Bennett,L,7,BOS,COL,home,3.0,
SS,R,E. Tovar,Jake Bennett,L,8,BOS,COL,home,3.0,
3B,R,Kyle Karros,Jake Bennett,L,9,BOS,COL,home,3.0,
LF,R,Taylor Ward,Sam Aldegheri,L,1,BAL,LAA,away,4.0,
SS,L,G. Henderson,Sam Aldegheri,L,2,BAL,LAA,away,4.0,
DH,R,Pete Alonso,Sam Aldegheri,L,3,BAL,LAA,away,4.0,
RF,R,T. O'Neill,Sam Aldegheri,L,4,BAL,LAA,away,4.0,
1B,R,Coby Mayo,Sam Aldegheri,L,5,BAL,LAA,away,4.0,
2B,R,J. Jackson,Sam Aldegheri,L,6,BAL,LAA,away,4.0,
3B,R,B. Alexander,Sam Aldegheri,L,7,BAL,LAA,away,4.0,
C,R,Sam Huff,Sam Aldegheri,L,8,BAL,LAA,away,4.0,
CF,S,L. Taveras,Sam Aldegheri,L,9,BAL,LAA,away,4.0,
SS,R,Zach Neto,Kyle Bradish,R,1,BAL,LAA,home,4.0,
1B,L,N. Schanuel,Kyle Bradish,R,2,BAL,LAA,home,4.0,
RF,R,Jo Adell,Kyle Bradish,R,3,BAL,LAA,home,4.0,
DH,R,Jorge Soler,Kyle Bradish,R,4,BAL,LAA,home,4.0,
LF,L,Wade Meckler,Kyle Bradish,R,5,BAL,LAA,home,4.0,
3B,R,D. Guzman,Kyle Bradish,R,6,BAL,LAA,home,4.0,
2B,L,D. Walton,Kyle Bradish,R,7,BAL,LAA,home,4.0,
C,R,L. O'Hoppe,Kyle Bradish,R,8,BAL,LAA,home,4.0,
CF,R,Jose Siri,Kyle Bradish,R,9,BAL,LAA,home,4.0,
C,L,D. Baldwin,Michael King,R,1,ATL,SD,away,4.0,
CF,L,M. Harris,Michael King,R,2,ATL,SD,away,4.0,
1B,L,Matt Olson,Michael King,R,3,ATL,SD,away,4.0,
2B,S,Ozzie Albies,Michael King,R,4,ATL,SD,away,4.0,
DH,L,D. Smith,Michael King,R,5,ATL,SD,away,4.0,
SS,R,M. Dubon,Michael King,R,6,ATL,SD,away,4.0,
3B,R,Austin Riley,Michael King,R,7,ATL,SD,away,4.0,
LF,L,M. Yastrzemski,Michael King,R,8,ATL,SD,away,4.0,
RF,R,Eli White,Michael King,R,9,ATL,SD,away,4.0,
RF,R,F. Tatis,Grant Holmes,R,1,ATL,SD,home,4.0,
LF,R,Samad Taylor,Grant Holmes,R,2,ATL,SD,home,4.0,
CF,L,J. Merrill,Grant Holmes,R,3,ATL,SD,home,4.0,
3B,R,M. Machado,Grant Holmes,R,4,ATL,SD,home,4.0,
1B,L,Gavin Sheets,Grant Holmes,R,5,ATL,SD,home,4.0,
SS,R,X. Bogaerts,Grant Holmes,R,6,ATL,SD,home,4.0,
DH,R,M. Andujar,Grant Holmes,R,7,ATL,SD,home,4.0,
2B,L,Will Wagner,Grant Holmes,R,8,ATL,SD,home,4.0,
C,R,R. Duran,Grant Holmes,R,9,ATL,SD,home,4.0,
2B,R,Jose Altuve,Shane Bieber,R,1,HOU,TOR,away,0.0,
DH,L,Y. Alvarez,Shane Bieber,R,2,HOU,TOR,away,0.0,
1B,R,C. Walker,Shane Bieber,R,3,HOU,TOR,away,0.0,
3B,R,I. Paredes,Shane Bieber,R,4,HOU,TOR,away,0.0,
C,R,Yainer Diaz,Shane Bieber,R,5,HOU,TOR,away,0.0,
RF,R,Cam Smith,Shane Bieber,R,6,HOU,TOR,away,0.0,
LF,L,T. Trammell,Shane Bieber,R,7,HOU,TOR,away,0.0,
CF,R,B. Matthews,Shane Bieber,R,8,HOU,TOR,away,0.0,
SS,L,R. Delgado,Shane Bieber,R,9,HOU,TOR,away,0.0,
DH,R,G. Springer,Peter Lambert,R,1,HOU,TOR,home,0.0,
1B,R,V. Guerrero,Peter Lambert,R,2,HOU,TOR,home,0.0,
LF,L,J. Sanchez,Peter Lambert,R,3,HOU,TOR,home,0.0,
3B,R,K. Okamoto,Peter Lambert,R,4,HOU,TOR,home,0.0,
C,S,B. Valenzuela,Peter Lambert,R,5,HOU,TOR,home,0.0,
CF,L,D. Varsho,Peter Lambert,R,6,HOU,TOR,home,0.0,
2B,R,Luis Urias,Peter Lambert,R,7,HOU,TOR,home,0.0,
RF,R,Myles Straw,Peter Lambert,R,8,HOU,TOR,home,0.0,
SS,L,A. Gimenez,Peter Lambert,R,9,HOU,TOR,home,0.0,
DH,L,Ben Rice,Casey Mize,R,1,NYY,DET,away,2.0,
RF,S,J. Dominguez,Casey Mize,R,2,NYY,DET,away,2.0,
LF,L,C. Bellinger,Casey Mize,R,3,NYY,DET,away,2.0,
1B,R,P. Goldschmidt,Casey Mize,R,4,NYY,DET,away,2.0,
2B,L,J. Chisholm,Casey Mize,R,5,NYY,DET,away,2.0,
CF,L,S. Jones,Casey Mize,R,6,NYY,DET,away,2.0,
3B,R,J. Caballero,Casey Mize,R,7,NYY,DET,away,2.0,
C,L,Austin Wells,Casey Mize,R,8,NYY,DET,away,2.0,
SS,R,A. Volpe,Casey Mize,R,9,NYY,DET,away,2.0,
3B,L,K. McGonigle,Carlos Rodon,L,1,NYY,DET,home,2.0,
C,R,D. Dingler,Carlos Rodon,L,2,NYY,DET,home,2.0,
CF,R,M. Vierling,Carlos Rodon,L,3,NYY,DET,home,2.0,
LF,L,Riley Greene,Carlos Rodon,L,4,NYY,DET,home,2.0,
1B,R,S. Torkelson,Carlos Rodon,L,5,NYY,DET,home,2.0,
DH,R,Jahmai Jones,Carlos Rodon,L,6,NYY,DET,home,2.0,
2B,R,Hao-Yu Lee,Carlos Rodon,L,7,NYY,DET,home,2.0,
SS,L,Z. McKinstry,Carlos Rodon,L,8,NYY,DET,home,2.0,
RF,R,Ben Malgeri,Carlos Rodon,L,9,NYY,DET,home,2.0,
3B,L,J. Crawford,Mitch Keller,R,1,SEA,PIT,away,2.0,
C,S,Cal Raleigh,Mitch Keller,R,2,SEA,PIT,away,2.0,
CF,R,J. Rodriguez,Mitch Keller,R,3,SEA,PIT,away,2.0,
1B,L,Josh Naylor,Mitch Keller,R,4,SEA,PIT,away,2.0,
DH,R,R. Arozarena,Mitch Keller,R,5,SEA,PIT,away,2.0,
RF,L,Luke Raley,Mitch Keller,R,6,SEA,PIT,away,2.0,
2B,L,Cole Young,Mitch Keller,R,7,SEA,PIT,away,2.0,
LF,R,V. Robles,Mitch Keller,R,8,SEA,PIT,away,2.0,
SS,L,Colt Emerson,Mitch Keller,R,9,SEA,PIT,away,2.0,
1B,L,S. Horwitz,George Kirby,R,1,SEA,PIT,home,2.0,
2B,L,Brandon Lowe,George Kirby,R,2,SEA,PIT,home,2.0,
LF,S,B. Reynolds,George Kirby,R,3,SEA,PIT,home,2.0,
3B,R,N. Gonzales,George Kirby,R,4,SEA,PIT,home,2.0,
RF,L,Ryan O'Hearn,George Kirby,R,5,SEA,PIT,home,2.0,
C,S,E. Rodriguez,George Kirby,R,6,SEA,PIT,home,2.0,
DH,R,M. Ozuna,George Kirby,R,7,SEA,PIT,home,2.0,
CF,S,Jake Mangum,George Kirby,R,8,SEA,PIT,home,2.0,
SS,R,Jared Triolo,George Kirby,R,9,SEA,PIT,home,2.0,
1B,L,Joc Pederson,Sandy Alcantara,R,1,TEX,MIA,away,2.0,
CF,R,W. Langford,Sandy Alcantara,R,2,TEX,MIA,away,2.0,
DH,L,B. Nimmo,Sandy Alcantara,R,3,TEX,MIA,away,2.0,
3B,R,Josh Jung,Sandy Alcantara,R,4,TEX,MIA,away,2.0,
SS,R,E. Duran,Sandy Alcantara,R,5,TEX,MIA,away,2.0,
RF,L,A. Osuna,Sandy Alcantara,R,6,TEX,MIA,away,2.0,
LF,L,J. Kelenic,Sandy Alcantara,R,7,TEX,MIA,away,2.0,
C,R,K. Higashioka,Sandy Alcantara,R,8,TEX,MIA,away,2.0,
2B,L,Nicky Lopez,Sandy Alcantara,R,9,TEX,MIA,away,2.0,
CF,L,Jakob Marsee,Cal Quantrill,R,1,TEX,MIA,home,2.0,
SS,R,Otto Lopez,Cal Quantrill,R,2,TEX,MIA,home,2.0,
LF,L,Kyle Stowers,Cal Quantrill,R,3,TEX,MIA,home,2.0,
2B,S,X. Edwards,Cal Quantrill,R,4,TEX,MIA,home,2.0,
RF,L,Owen Caissie,Cal Quantrill,R,5,TEX,MIA,home,2.0,
DH,R,H. Hernandez,Cal Quantrill,R,6,TEX,MIA,home,2.0,
C,L,Joe Mack,Cal Quantrill,R,7,TEX,MIA,home,2.0,
1B,R,Connor Norby,Cal Quantrill,R,8,TEX,MIA,home,2.0,
3B,R,J. Sanoja,Cal Quantrill,R,9,TEX,MIA,home,2.0,
CF,R,Lane Thomas,Shane McClanahan,L,1,KC,TB,away,2.0,
3B,R,Nick Loftin,Shane McClanahan,L,2,KC,TB,away,2.0,
1B,L,J. Caglianone,Shane McClanahan,L,3,KC,TB,away,2.0,
C,R,S. Perez,Shane McClanahan,L,4,KC,TB,away,2.0,
DH,L,C. Jensen,Shane McClanahan,L,5,KC,TB,away,2.0,
RF,R,S. Marte,Shane McClanahan,L,6,KC,TB,away,2.0,
2B,L,M. Massey,Shane McClanahan,L,7,KC,TB,away,2.0,
SS,R,T. Tolbert,Shane McClanahan,L,8,KC,TB,away,2.0,
LF,L,K. Misner,Shane McClanahan,L,9,KC,TB,away,2.0,
DH,R,Yandy Diaz,Luinder Avila,R,1,KC,TB,home,2.0,
1B,L,J. Aranda,Luinder Avila,R,2,KC,TB,home,2.0,
CF,L,C. Mullins,Luinder Avila,R,3,KC,TB,home,2.0,
3B,R,J. Caminero,Luinder Avila,R,4,KC,TB,home,2.0,
2B,L,R. Palacios,Luinder Avila,R,5,KC,TB,home,2.0,
RF,R,Jonny DeLuca,Luinder Avila,R,6,KC,TB,home,2.0,
LF,L,C. Simpson,Luinder Avila,R,7,KC,TB,home,2.0,
SS,S,Taylor Walls,Luinder Avila,R,8,KC,TB,home,2.0,
C,L,H. Feduccia,Luinder Avila,R,9,KC,TB,home,2.0,
SS,R,Trea Turner,Zack Littell,R,1,PHI,WSH,away,3.0,
DH,L,K. Schwarber,Zack Littell,R,2,PHI,WSH,away,3.0,
1B,L,Bryce Harper,Zack Littell,R,3,PHI,WSH,away,3.0,
LF,L,B. Marsh,Zack Littell,R,4,PHI,WSH,away,3.0,
3B,R,Alec Bohm,Zack Littell,R,5,PHI,WSH,away,3.0,
2B,L,Bryson Stott,Zack Littell,R,6,PHI,WSH,away,3.0,
C,R,J. Realmuto,Zack Littell,R,7,PHI,WSH,away,3.0,
RF,L,G. Rincones,Zack Littell,R,8,PHI,WSH,away,3.0,
CF,L,J. Crawford,Zack Littell,R,9,PHI,WSH,away,3.0,
RF,L,James Wood,Jesus Luzardo,L,1,PHI,WSH,home,3.0,
1B,R,Curtis Mead,Jesus Luzardo,L,2,PHI,WSH,home,3.0,
DH,R,A. Chaparro,Jesus Luzardo,L,3,PHI,WSH,home,3.0,
SS,L,CJ Abrams,Jesus Luzardo,L,4,PHI,WSH,home,3.0,
LF,R,Dylan Crews,Jesus Luzardo,L,5,PHI,WSH,home,3.0,
CF,R,Jacob Young,Jesus Luzardo,L,6,PHI,WSH,home,3.0,
3B,L,Jorbit Vivas,Jesus Luzardo,L,7,PHI,WSH,home,3.0,
2B,S,Nasim Nunez,Jesus Luzardo,L,8,PHI,WSH,home,3.0,
C,S,Keibert Ruiz,Jesus Luzardo,L,9,PHI,WSH,home,3.0,
LF,R,J. Chourio,Nick Lodolo,L,1,MIL,CIN,away,3.0,
2B,L,Brice Turang,Nick Lodolo,L,2,MIL,CIN,away,3.0,
DH,R,W. Contreras,Nick Lodolo,L,3,MIL,CIN,away,3.0,
1B,R,A. Vaughn,Nick Lodolo,L,4,MIL,CIN,away,3.0,
RF,L,Jake Bauers,Nick Lodolo,L,5,MIL,CIN,away,3.0,
C,R,Gary Sanchez,Nick Lodolo,L,6,MIL,CIN,away,3.0,
CF,S,B. Perkins,Nick Lodolo,L,7,MIL,CIN,away,3.0,
SS,R,Cooper Pratt,Nick Lodolo,L,8,MIL,CIN,away,3.0,
3B,R,Joey Ortiz,Nick Lodolo,L,9,MIL,CIN,away,3.0,
CF,R,Blake Dunn,Brandon Sproat,R,1,MIL,CIN,home,3.0,
SS,S,E. De La Cruz,Brandon Sproat,R,2,MIL,CIN,home,3.0,
LF,L,JJ Bleday,Brandon Sproat,R,3,MIL,CIN,home,3.0,
1B,R,Sal Stewart,Brandon Sproat,R,4,MIL,CIN,home,3.0,
DH,L,N. Lowe,Brandon Sproat,R,5,MIL,CIN,home,3.0,
3B,R,E. Suarez,Brandon Sproat,R,6,MIL,CIN,home,3.0,
RF,R,Noelvi Marte,Brandon Sproat,R,7,MIL,CIN,home,3.0,
C,R,Jose Trevino,Brandon Sproat,R,8,MIL,CIN,home,3.0,
2B,S,Edwin Arroyo,Brandon Sproat,R,9,MIL,CIN,home,3.0,
CF,L,P. Crow-Armstrong,Kodai Senga,R,1,CHC,NYM,away,3.0,
3B,R,Alex Bregman,Kodai Senga,R,2,CHC,NYM,away,3.0,
1B,L,M. Busch,Kodai Senga,R,3,CHC,NYM,away,3.0,
DH,R,Seiya Suzuki,Kodai Senga,R,4,CHC,NYM,away,3.0,
LF,S,Ian Happ,Kodai Senga,R,5,CHC,NYM,away,3.0,
RF,R,Matt Shaw,Kodai Senga,R,6,CHC,NYM,away,3.0,
2B,R,Nico Hoerner,Kodai Senga,R,7,CHC,NYM,away,3.0,
C,R,Carson Kelly,Kodai Senga,R,8,CHC,NYM,away,3.0,
SS,R,D. Swanson,Kodai Senga,R,9,CHC,NYM,away,3.0,
RF,L,Carson Benge,Edward Cabrera,R,1,CHC,NYM,home,3.0,
SS,R,Bo Bichette,Edward Cabrera,R,2,CHC,NYM,home,3.0,
LF,L,Juan Soto,Edward Cabrera,R,3,CHC,NYM,home,3.0,
1B,L,Jared Young,Edward Cabrera,R,4,CHC,NYM,home,3.0,
CF,L,A.J. Ewing,Edward Cabrera,R,5,CHC,NYM,home,3.0,
2B,R,M. Semien,Edward Cabrera,R,6,CHC,NYM,home,3.0,
3B,L,Brett Baty,Edward Cabrera,R,7,CHC,NYM,home,3.0,
DH,L,MJ Melendez,Edward Cabrera,R,8,CHC,NYM,home,3.0,
C,R,F. Alvarez,Edward Cabrera,R,9,CHC,NYM,home,3.0,
2B,L,T. Bazzana,Sean Burke,R,1,CLE,CWS,away,3.0,
1B,L,K. Manzardo,Sean Burke,R,2,CLE,CWS,away,3.0,
SS,S,B. Rocchio,Sean Burke,R,3,CLE,CWS,away,3.0,
DH,R,Rhys Hoskins,Sean Burke,R,4,CLE,CWS,away,3.0,
CF,L,D. Schneemann,Sean Burke,R,5,CLE,CWS,away,3.0,
3B,R,G. Arias,Sean Burke,R,6,CLE,CWS,away,3.0,
RF,L,K. Watson,Sean Burke,R,7,CLE,CWS,away,3.0,
C,S,P. Bailey,Sean Burke,R,8,CLE,CWS,away,3.0,
LF,L,Steven Kwan,Sean Burke,R,9,CLE,CWS,away,3.0,
1B,R,M. Vargas,Parker Messick,L,1,CLE,CWS,home,3.0,
DH,R,R. Grichuk,Parker Messick,L,2,CLE,CWS,home,3.0,
2B,R,C. Meidroth,Parker Messick,L,3,CLE,CWS,home,3.0,
3B,L,C. Montgomery,Parker Messick,L,4,CLE,CWS,home,3.0,
CF,R,Junior Perez,Parker Messick,L,5,CLE,CWS,home,3.0,
RF,S,B. Montgomery,Parker Messick,L,6,CLE,CWS,home,3.0,
SS,R,L. Acuna,Parker Messick,L,7,CLE,CWS,home,3.0,
LF,L,S. Antonacci,Parker Messick,L,8,CLE,CWS,home,3.0,
C,S,Drew Romo,Parker Messick,L,9,CLE,CWS,home,3.0,
DH,L,S. Ohtani,Austin Voth,R,1,LAD,MIN,away,3.0,
CF,R,Andy Pages,Austin Voth,R,2,LAD,MIN,away,3.0,
1B,L,F. Freeman,Austin Voth,R,3,LAD,MIN,away,3.0,
SS,R,Mookie Betts,Austin Voth,R,4,LAD,MIN,away,3.0,
3B,L,Max Muncy,Austin Voth,R,5,LAD,MIN,away,3.0,
RF,L,Kyle Tucker,Austin Voth,R,6,LAD,MIN,away,3.0,
2B,S,Tommy Edman,Austin Voth,R,7,LAD,MIN,away,3.0,
C,L,D. Rushing,Austin Voth,R,8,LAD,MIN,away,3.0,
LF,L,Ryan Ward,Austin Voth,R,9,LAD,MIN,away,3.0,
LF,R,A. Martin,Justin Wrobleski,L,1,LAD,MIN,home,3.0,
CF,R,Byron Buxton,Justin Wrobleski,L,2,LAD,MIN,home,3.0,
DH,S,Josh Bell,Justin Wrobleski,L,3,LAD,MIN,home,3.0,
1B,R,Royce Lewis,Justin Wrobleski,L,4,LAD,MIN,home,3.0,
3B,S,Brooks Lee,Justin Wrobleski,L,5,LAD,MIN,home,3.0,
C,S,V. Caratini,Justin Wrobleski,L,6,LAD,MIN,home,3.0,
2B,R,L. Keaschall,Justin Wrobleski,L,7,LAD,MIN,home,3.0,
SS,R,R. Kreidler,Justin Wrobleski,L,8,LAD,MIN,home,3.0,
RF,R,Kyler Fedko,Justin Wrobleski,L,9,LAD,MIN,home,3.0,
2B,S,Ketel Marte,Kyle Leahy,R,1,ARI,STL,away,4.0,
SS,S,G. Perdomo,Kyle Leahy,R,2,ARI,STL,away,4.0,
RF,L,C. Carroll,Kyle Leahy,R,3,ARI,STL,away,4.0,
C,R,G. Moreno,Kyle Leahy,R,4,ARI,STL,away,4.0,
DH,R,L. Gurriel,Kyle Leahy,R,5,ARI,STL,away,4.0,
3B,R,N. Arenado,Kyle Leahy,R,6,ARI,STL,away,4.0,
1B,L,Pavin Smith,Kyle Leahy,R,7,ARI,STL,away,4.0,
CF,S,J. Barrosa,Kyle Leahy,R,8,ARI,STL,away,4.0,
LF,R,Tommy Troy,Kyle Leahy,R,9,ARI,STL,away,4.0,
2B,L,J. Wetherholt,Eduardo Rodriguez,L,1,ARI,STL,home,4.0,
DH,R,Ivan Herrera,Eduardo Rodriguez,L,2,ARI,STL,home,4.0,
LF,R,N. Velazquez,Eduardo Rodriguez,L,3,ARI,STL,home,4.0,
RF,R,J. Walker,Eduardo Rodriguez,L,4,ARI,STL,home,4.0,
3B,R,Jose Fermin,Eduardo Rodriguez,L,5,ARI,STL,home,4.0,
SS,R,Masyn Winn,Eduardo Rodriguez,L,6,ARI,STL,home,4.0,
CF,L,L. Nootbaar,Eduardo Rodriguez,L,7,ARI,STL,home,4.0,
1B,R,Blaze Jordan,Eduardo Rodriguez,L,8,ARI,STL,home,4.0,
C,R,Pedro Pages,Eduardo Rodriguez,L,9,ARI,STL,home,4.0,
LF,L,Jarren Duran,Sean Sullivan,L,1,BOS,COL,away,4.0,
CF,R,C. Rafaela,Sean Sullivan,L,2,BOS,COL,away,4.0,
RF,L,Wilyer Abreu,Sean Sullivan,L,3,BOS,COL,away,4.0,
1B,R,W. Contreras,Sean Sullivan,L,4,BOS,COL,away,4.0,
2B,R,A. Monasterio,Sean Sullivan,L,5,BOS,COL,away,4.0,
C,R,C. Narvaez,Sean Sullivan,L,6,BOS,COL,away,4.0,
3B,R,Caleb Durbin,Sean Sullivan,L,7,BOS,COL,away,4.0,
DH,R,Nate Eaton,Sean Sullivan,L,8,BOS,COL,away,4.0,
SS,L,M. Mayer,Sean Sullivan,L,9,BOS,COL,away,4.0,
CF,L,J. McCarthy,Sonny Gray,R,1,BOS,COL,home,4.0,
LF,L,M. Moniak,Sonny Gray,R,2,BOS,COL,home,4.0,
C,R,H. Goodman,Sonny Gray,R,3,BOS,COL,home,4.0,
1B,L,TJ Rumfield,Sonny Gray,R,4,BOS,COL,home,4.0,
RF,R,T. Freeman,Sonny Gray,R,5,BOS,COL,home,4.0,
3B,S,Willi Castro,Sonny Gray,R,6,BOS,COL,home,4.0,
DH,L,T. Johnston,Sonny Gray,R,7,BOS,COL,home,4.0,
SS,R,E. Tovar,Sonny Gray,R,8,BOS,COL,home,4.0,
2B,L,E. Julien,Sonny Gray,R,9,BOS,COL,home,4.0,
LF,R,Taylor Ward,Ryan Johnson,R,1,BAL,LAA,away,5.0,
SS,L,G. Henderson,Ryan Johnson,R,2,BAL,LAA,away,5.0,
1B,R,Pete Alonso,Ryan Johnson,R,3,BAL,LAA,away,5.0,
C,L,S. Basallo,Ryan Johnson,R,4,BAL,LAA,away,5.0,
RF,S,L. Taveras,Ryan Johnson,R,5,BAL,LAA,away,5.0,
CF,L,C. Cowser,Ryan Johnson,R,6,BAL,LAA,away,5.0,
DH,R,T. O'Neill,Ryan Johnson,R,7,BAL,LAA,away,5.0,
2B,L,J. Holliday,Ryan Johnson,R,8,BAL,LAA,away,5.0,
3B,R,B. Alexander,Ryan Johnson,R,9,BAL,LAA,away,5.0,
SS,R,Zach Neto,Shane Baz,R,1,BAL,LAA,home,5.0,
1B,L,N. Schanuel,Shane Baz,R,2,BAL,LAA,home,5.0,
RF,R,Jo Adell,Shane Baz,R,3,BAL,LAA,home,5.0,
DH,R,Jorge Soler,Shane Baz,R,4,BAL,LAA,home,5.0,
LF,L,Wade Meckler,Shane Baz,R,5,BAL,LAA,home,5.0,
3B,R,D. Guzman,Shane Baz,R,6,BAL,LAA,home,5.0,
2B,L,D. Walton,Shane Baz,R,7,BAL,LAA,home,5.0,
C,R,L. O'Hoppe,Shane Baz,R,8,BAL,LAA,home,5.0,
CF,R,Jose Siri,Shane Baz,R,9,BAL,LAA,home,5.0,
C,L,D. Baldwin,German Marquez,R,1,ATL,SD,away,5.0,
CF,L,M. Harris,German Marquez,R,2,ATL,SD,away,5.0,
1B,L,Matt Olson,German Marquez,R,3,ATL,SD,away,5.0,
2B,S,Ozzie Albies,German Marquez,R,4,ATL,SD,away,5.0,
DH,L,D. Smith,German Marquez,R,5,ATL,SD,away,5.0,
SS,R,M. Dubon,German Marquez,R,6,ATL,SD,away,5.0,
3B,R,Austin Riley,German Marquez,R,7,ATL,SD,away,5.0,
LF,L,M. Yastrzemski,German Marquez,R,8,ATL,SD,away,5.0,
RF,R,Eli White,German Marquez,R,9,ATL,SD,away,5.0,
RF,R,F. Tatis,JR Ritchie,R,1,ATL,SD,home,5.0,
CF,L,J. Merrill,JR Ritchie,R,2,ATL,SD,home,5.0,
3B,R,M. Machado,JR Ritchie,R,3,ATL,SD,home,5.0,
DH,L,Gavin Sheets,JR Ritchie,R,4,ATL,SD,home,5.0,
1B,R,Ty France,JR Ritchie,R,5,ATL,SD,home,5.0,
SS,R,X. Bogaerts,JR Ritchie,R,6,ATL,SD,home,5.0,
2B,L,Will Wagner,JR Ritchie,R,7,ATL,SD,home,5.0,
C,R,R. Duran,JR Ritchie,R,8,ATL,SD,home,5.0,
LF,R,Samad Taylor,JR Ritchie,R,9,ATL,SD,home,5.0,
2B,R,Zack Gelof,Robbie Ray,L,1,ATH,SF,away,6.0,
1B,L,Nick Kurtz,Robbie Ray,L,2,ATH,SF,away,6.0,
C,R,S. Langeliers,Robbie Ray,L,3,ATH,SF,away,6.0,
SS,R,Jacob Wilson,Robbie Ray,L,4,ATH,SF,away,6.0,
LF,L,T. Soderstrom,Robbie Ray,L,5,ATH,SF,away,6.0,
DH,R,Joey Meneses,Robbie Ray,L,6,ATH,SF,away,6.0,
RF,R,Colby Thomas,Robbie Ray,L,7,ATH,SF,away,6.0,
CF,R,Henry Bolte,Robbie Ray,L,8,ATH,SF,away,6.0,
3B,R,Max Muncy,Robbie Ray,L,9,ATH,SF,away,6.0,
2B,L,Luis Arraez,Aaron Civale,R,1,ATH,SF,home,6.0,
DH,L,B. Eldridge,Aaron Civale,R,2,ATH,SF,home,6.0,
LF,R,C. Schmitt,Aaron Civale,R,3,ATH,SF,home,6.0,
1B,L,R. Devers,Aaron Civale,R,4,ATH,SF,home,6.0,
RF,L,Jung Hoo Lee,Aaron Civale,R,5,ATH,SF,home,6.0,
SS,R,Willy Adames,Aaron Civale,R,6,ATH,SF,home,6.0,
3B,R,Matt Chapman,Aaron Civale,R,7,ATH,SF,home,6.0,
CF,L,Drew Gilbert,Aaron Civale,R,8,ATH,SF,home,6.0,
C,R,Daniel Susac,Aaron Civale,R,9,ATH,SF,home,6.0,
CF,L,P. Crow-Armstrong,Nolan McLean,R,1,CHC,NYM,away,0.0,
RF,L,M. Conforto,Nolan McLean,R,2,CHC,NYM,away,0.0,
1B,L,M. Busch,Nolan McLean,R,3,CHC,NYM,away,0.0,
DH,R,Seiya Suzuki,Nolan McLean,R,4,CHC,NYM,away,0.0,
LF,S,Ian Happ,Nolan McLean,R,5,CHC,NYM,away,0.0,
2B,R,Nico Hoerner,Nolan McLean,R,6,CHC,NYM,away,0.0,
3B,S,P. Ramirez,Nolan McLean,R,7,CHC,NYM,away,0.0,
C,R,Miguel Amaya,Nolan McLean,R,8,CHC,NYM,away,0.0,
SS,R,D. Swanson,Nolan McLean,R,9,CHC,NYM,away,0.0,
RF,L,Carson Benge,Javier Assad,R,1,CHC,NYM,home,0.0,
CF,L,A.J. Ewing,Javier Assad,R,2,CHC,NYM,home,0.0,
SS,R,Bo Bichette,Javier Assad,R,3,CHC,NYM,home,0.0,
1B,L,Jared Young,Javier Assad,R,4,CHC,NYM,home,0.0,
DH,R,F. Alvarez,Javier Assad,R,5,CHC,NYM,home,0.0,
3B,L,Brett Baty,Javier Assad,R,6,CHC,NYM,home,0.0,
2B,R,M. Semien,Javier Assad,R,7,CHC,NYM,home,0.0,
LF,L,MJ Melendez,Javier Assad,R,8,CHC,NYM,home,0.0,
C,R,Luis Torrens,Javier Assad,R,9,CHC,NYM,home,0.0,
2B,L,T. Bazzana,Erick Fedde,R,1,CLE,CWS,away,1.0,
SS,S,B. Rocchio,Erick Fedde,R,2,CLE,CWS,away,1.0,
LF,R,David Fry,Erick Fedde,R,3,CLE,CWS,away,1.0,
1B,L,K. Manzardo,Erick Fedde,R,4,CLE,CWS,away,1.0,
DH,R,Rhys Hoskins,Erick Fedde,R,5,CLE,CWS,away,1.0,
RF,L,K. Watson,Erick Fedde,R,6,CLE,CWS,away,1.0,
3B,L,D. Schneemann,Erick Fedde,R,7,CLE,CWS,away,1.0,
C,S,P. Bailey,Erick Fedde,R,8,CLE,CWS,away,1.0,
CF,L,Steven Kwan,Erick Fedde,R,9,CLE,CWS,away,1.0,
LF,L,S. Antonacci,Tanner Bibee,R,1,CLE,CWS,home,1.0,
3B,R,M. Vargas,Tanner Bibee,R,2,CLE,CWS,home,1.0,
DH,L,A. Benintendi,Tanner Bibee,R,3,CLE,CWS,home,1.0,
C,L,Kyle Teel,Tanner Bibee,R,4,CLE,CWS,home,1.0,
SS,L,C. Montgomery,Tanner Bibee,R,5,CLE,CWS,home,1.0,
2B,R,C. Meidroth,Tanner Bibee,R,6,CLE,CWS,home,1.0,
RF,S,B. Montgomery,Tanner Bibee,R,7,CLE,CWS,home,1.0,
CF,L,T. Peters,Tanner Bibee,R,8,CLE,CWS,home,1.0,
1B,L,J. Gonzalez,Tanner Bibee,R,9,CLE,CWS,home,1.0,
LF,R,Nate Eaton,Kyle Freeland,L,1,BOS,COL,away,2.0,
CF,R,C. Rafaela,Kyle Freeland,L,2,BOS,COL,away,2.0,
RF,L,Wilyer Abreu,Kyle Freeland,L,3,BOS,COL,away,2.0,
1B,R,W. Contreras,Kyle Freeland,L,4,BOS,COL,away,2.0,
3B,R,Caleb Durbin,Kyle Freeland,L,5,BOS,COL,away,2.0,
2B,L,A. Seigler,Kyle Freeland,L,6,BOS,COL,away,2.0,
SS,R,A. Monasterio,Kyle Freeland,L,7,BOS,COL,away,2.0,
DH,R,Connor Wong,Kyle Freeland,L,8,BOS,COL,away,2.0,
C,R,C. Narvaez,Kyle Freeland,L,9,BOS,COL,away,2.0,
2B,S,Willi Castro,Ranger Suarez,L,1,BOS,COL,home,2.0,
RF,R,T. Freeman,Ranger Suarez,L,2,BOS,COL,home,2.0,
1B,L,TJ Rumfield,Ranger Suarez,L,3,BOS,COL,home,2.0,
DH,R,H. Goodman,Ranger Suarez,L,4,BOS,COL,home,2.0,
CF,S,Cole Carrigg,Ranger Suarez,L,5,BOS,COL,home,2.0,
LF,L,J. McCarthy,Ranger Suarez,L,6,BOS,COL,home,2.0,
C,R,B. Fulford,Ranger Suarez,L,7,BOS,COL,home,2.0,
SS,R,E. Tovar,Ranger Suarez,L,8,BOS,COL,home,2.0,
3B,R,Kyle Karros,Ranger Suarez,L,9,BOS,COL,home,2.0,
LF,R,Taylor Ward,Jose Soriano,R,1,BAL,LAA,away,3.0,
SS,L,G. Henderson,Jose Soriano,R,2,BAL,LAA,away,3.0,
1B,R,Pete Alonso,Jose Soriano,R,3,BAL,LAA,away,3.0,
C,L,S. Basallo,Jose Soriano,R,4,BAL,LAA,away,3.0,
RF,S,L. Taveras,Jose Soriano,R,5,BAL,LAA,away,3.0,
CF,L,C. Cowser,Jose Soriano,R,6,BAL,LAA,away,3.0,
DH,R,T. O'Neill,Jose Soriano,R,7,BAL,LAA,away,3.0,
2B,L,J. Holliday,Jose Soriano,R,8,BAL,LAA,away,3.0,
3B,R,B. Alexander,Jose Soriano,R,9,BAL,LAA,away,3.0,
SS,R,Zach Neto,Trey Gibson,R,1,BAL,LAA,home,3.0,
1B,L,N. Schanuel,Trey Gibson,R,2,BAL,LAA,home,3.0,
RF,R,Jo Adell,Trey Gibson,R,3,BAL,LAA,home,3.0,
DH,R,Jorge Soler,Trey Gibson,R,4,BAL,LAA,home,3.0,
LF,L,Wade Meckler,Trey Gibson,R,5,BAL,LAA,home,3.0,
3B,R,D. Guzman,Trey Gibson,R,6,BAL,LAA,home,3.0,
2B,L,D. Walton,Trey Gibson,R,7,BAL,LAA,home,3.0,
C,R,L. O'Hoppe,Trey Gibson,R,8,BAL,LAA,home,3.0,
CF,R,Jose Siri,Trey Gibson,R,9,BAL,LAA,home,3.0,
CF,L,P. Crow-Armstrong,Nolan McLean,R,1,CHC,NYM,away,0.0,1pm
RF,L,M. Conforto,Nolan McLean,R,2,CHC,NYM,away,0.0,1pm
1B,L,M. Busch,Nolan McLean,R,3,CHC,NYM,away,0.0,1pm
DH,R,Seiya Suzuki,Nolan McLean,R,4,CHC,NYM,away,0.0,1pm
LF,S,Ian Happ,Nolan McLean,R,5,CHC,NYM,away,0.0,1pm
2B,R,Nico Hoerner,Nolan McLean,R,6,CHC,NYM,away,0.0,1pm
3B,S,P. Ramirez,Nolan McLean,R,7,CHC,NYM,away,0.0,1pm
C,R,Miguel Amaya,Nolan McLean,R,8,CHC,NYM,away,0.0,1pm
SS,R,D. Swanson,Nolan McLean,R,9,CHC,NYM,away,0.0,1pm
RF,L,Carson Benge,Javier Assad,R,1,CHC,NYM,home,0.0,1pm
CF,L,A.J. Ewing,Javier Assad,R,2,CHC,NYM,home,0.0,1pm
SS,R,Bo Bichette,Javier Assad,R,3,CHC,NYM,home,0.0,1pm
1B,L,Jared Young,Javier Assad,R,4,CHC,NYM,home,0.0,1pm
DH,R,F. Alvarez,Javier Assad,R,5,CHC,NYM,home,0.0,1pm
3B,L,Brett Baty,Javier Assad,R,6,CHC,NYM,home,0.0,1pm
2B,R,M. Semien,Javier Assad,R,7,CHC,NYM,home,0.0,1pm
LF,L,MJ Melendez,Javier Assad,R,8,CHC,NYM,home,0.0,1pm
C,R,Luis Torrens,Javier Assad,R,9,CHC,NYM,home,0.0,1pm
2B,L,T. Bazzana,Erick Fedde,R,1,CLE,CWS,away,1.0,1pm
SS,S,B. Rocchio,Erick Fedde,R,2,CLE,CWS,away,1.0,1pm
LF,R,David Fry,Erick Fedde,R,3,CLE,CWS,away,1.0,1pm
1B,L,K. Manzardo,Erick Fedde,R,4,CLE,CWS,away,1.0,1pm
DH,R,Rhys Hoskins,Erick Fedde,R,5,CLE,CWS,away,1.0,1pm
RF,L,K. Watson,Erick Fedde,R,6,CLE,CWS,away,1.0,1pm
3B,L,D. Schneemann,Erick Fedde,R,7,CLE,CWS,away,1.0,1pm
C,S,P. Bailey,Erick Fedde,R,8,CLE,CWS,away,1.0,1pm
CF,L,Steven Kwan,Erick Fedde,R,9,CLE,CWS,away,1.0,1pm
LF,L,S. Antonacci,Tanner Bibee,R,1,CLE,CWS,home,1.0,1pm
3B,R,M. Vargas,Tanner Bibee,R,2,CLE,CWS,home,1.0,1pm
DH,L,A. Benintendi,Tanner Bibee,R,3,CLE,CWS,home,1.0,1pm
C,L,Kyle Teel,Tanner Bibee,R,4,CLE,CWS,home,1.0,1pm
SS,L,C. Montgomery,Tanner Bibee,R,5,CLE,CWS,home,1.0,1pm
2B,R,C. Meidroth,Tanner Bibee,R,6,CLE,CWS,home,1.0,1pm
RF,S,B. Montgomery,Tanner Bibee,R,7,CLE,CWS,home,1.0,1pm
CF,L,T. Peters,Tanner Bibee,R,8,CLE,CWS,home,1.0,1pm
1B,L,J. Gonzalez,Tanner Bibee,R,9,CLE,CWS,home,1.0,1pm
LF,R,Nate Eaton,Kyle Freeland,L,1,BOS,COL,away,2.0,1pm
CF,R,C. Rafaela,Kyle Freeland,L,2,BOS,COL,away,2.0,1pm
RF,L,Wilyer Abreu,Kyle Freeland,L,3,BOS,COL,away,2.0,1pm
1B,R,W. Contreras,Kyle Freeland,L,4,BOS,COL,away,2.0,1pm
3B,R,Caleb Durbin,Kyle Freeland,L,5,BOS,COL,away,2.0,1pm
2B,L,A. Seigler,Kyle Freeland,L,6,BOS,COL,away,2.0,1pm
SS,R,A. Monasterio,Kyle Freeland,L,7,BOS,COL,away,2.0,1pm
DH,R,Connor Wong,Kyle Freeland,L,8,BOS,COL,away,2.0,1pm
C,R,C. Narvaez,Kyle Freeland,L,9,BOS,COL,away,2.0,1pm
2B,S,Willi Castro,Ranger Suarez,L,1,BOS,COL,home,2.0,1pm
RF,R,T. Freeman,Ranger Suarez,L,2,BOS,COL,home,2.0,1pm
1B,L,TJ Rumfield,Ranger Suarez,L,3,BOS,COL,home,2.0,1pm
DH,R,H. Goodman,Ranger Suarez,L,4,BOS,COL,home,2.0,1pm
CF,S,Cole Carrigg,Ranger Suarez,L,5,BOS,COL,home,2.0,1pm
LF,L,J. McCarthy,Ranger Suarez,L,6,BOS,COL,home,2.0,1pm
C,R,B. Fulford,Ranger Suarez,L,7,BOS,COL,home,2.0,1pm
SS,R,E. Tovar,Ranger Suarez,L,8,BOS,COL,home,2.0,1pm
3B,R,Kyle Karros,Ranger Suarez,L,9,BOS,COL,home,2.0,1pm
LF,R,Taylor Ward,Jose Soriano,R,1,BAL,LAA,away,3.0,1pm
SS,L,G. Henderson,Jose Soriano,R,2,BAL,LAA,away,3.0,1pm
1B,R,Pete Alonso,Jose Soriano,R,3,BAL,LAA,away,3.0,1pm
C,L,S. Basallo,Jose Soriano,R,4,BAL,LAA,away,3.0,1pm
RF,S,L. Taveras,Jose Soriano,R,5,BAL,LAA,away,3.0,1pm
CF,L,C. Cowser,Jose Soriano,R,6,BAL,LAA,away,3.0,1pm
DH,R,T. O'Neill,Jose Soriano,R,7,BAL,LAA,away,3.0,1pm
2B,L,J. Holliday,Jose Soriano,R,8,BAL,LAA,away,3.0,1pm
3B,R,B. Alexander,Jose Soriano,R,9,BAL,LAA,away,3.0,1pm
SS,R,Zach Neto,Trey Gibson,R,1,BAL,LAA,home,3.0,1pm
1B,L,N. Schanuel,Trey Gibson,R,2,BAL,LAA,home,3.0,1pm
RF,R,Jo Adell,Trey Gibson,R,3,BAL,LAA,home,3.0,1pm
DH,R,Jorge Soler,Trey Gibson,R,4,BAL,LAA,home,3.0,1pm
LF,L,Wade Meckler,Trey Gibson,R,5,BAL,LAA,home,3.0,1pm
3B,R,D. Guzman,Trey Gibson,R,6,BAL,LAA,home,3.0,1pm
2B,L,D. Walton,Trey Gibson,R,7,BAL,LAA,home,3.0,1pm
C,R,L. O'Hoppe,Trey Gibson,R,8,BAL,LAA,home,3.0,1pm
CF,R,Jose Siri,Trey Gibson,R,9,BAL,LAA,home,3.0,1pm
1B,R,P. Goldschmidt,Tarik Skubal,L,1,NYY,DET,away,1.0,5pm
DH,L,Ben Rice,Tarik Skubal,L,2,NYY,DET,away,1.0,5pm
RF,S,J. Dominguez,Tarik Skubal,L,3,NYY,DET,away,1.0,5pm
LF,L,C. Bellinger,Tarik Skubal,L,4,NYY,DET,away,1.0,5pm
SS,R,A. Volpe,Tarik Skubal,L,5,NYY,DET,away,1.0,5pm
2B,L,J. Chisholm,Tarik Skubal,L,6,NYY,DET,away,1.0,5pm
3B,R,J. Caballero,Tarik Skubal,L,7,NYY,DET,away,1.0,5pm
C,L,Austin Wells,Tarik Skubal,L,8,NYY,DET,away,1.0,5pm
CF,R,M. Schuemann,Tarik Skubal,L,9,NYY,DET,away,1.0,5pm
3B,L,K. McGonigle,Ryan Weathers,L,1,NYY,DET,home,1.0,5pm
DH,R,D. Dingler,Ryan Weathers,L,2,NYY,DET,home,1.0,5pm
CF,R,M. Vierling,Ryan Weathers,L,3,NYY,DET,home,1.0,5pm
LF,L,Riley Greene,Ryan Weathers,L,4,NYY,DET,home,1.0,5pm
1B,R,S. Torkelson,Ryan Weathers,L,5,NYY,DET,home,1.0,5pm
2B,R,Hao-Yu Lee,Ryan Weathers,L,6,NYY,DET,home,1.0,5pm
RF,R,Ben Malgeri,Ryan Weathers,L,7,NYY,DET,home,1.0,5pm
SS,L,Z. McKinstry,Ryan Weathers,L,8,NYY,DET,home,1.0,5pm
C,R,Jake Rogers,Ryan Weathers,L,9,NYY,DET,home,1.0,5pm
3B,L,J. Crawford,Braxton Ashcraft,R,1,SEA,PIT,away,1.0,5pm
C,S,Cal Raleigh,Braxton Ashcraft,R,2,SEA,PIT,away,1.0,5pm
CF,R,J. Rodriguez,Braxton Ashcraft,R,3,SEA,PIT,away,1.0,5pm
1B,L,Josh Naylor,Braxton Ashcraft,R,4,SEA,PIT,away,1.0,5pm
LF,R,R. Arozarena,Braxton Ashcraft,R,5,SEA,PIT,away,1.0,5pm
DH,L,D. Canzone,Braxton Ashcraft,R,6,SEA,PIT,away,1.0,5pm
RF,L,Luke Raley,Braxton Ashcraft,R,7,SEA,PIT,away,1.0,5pm
2B,L,Cole Young,Braxton Ashcraft,R,8,SEA,PIT,away,1.0,5pm
SS,L,Colt Emerson,Braxton Ashcraft,R,9,SEA,PIT,away,1.0,5pm
1B,L,S. Horwitz,Bryan Woo,R,1,SEA,PIT,home,1.0,5pm
2B,L,Brandon Lowe,Bryan Woo,R,2,SEA,PIT,home,1.0,5pm
LF,S,B. Reynolds,Bryan Woo,R,3,SEA,PIT,home,1.0,5pm
3B,R,N. Gonzales,Bryan Woo,R,4,SEA,PIT,home,1.0,5pm
DH,L,Ryan O'Hearn,Bryan Woo,R,5,SEA,PIT,home,1.0,5pm
C,S,E. Rodriguez,Bryan Woo,R,6,SEA,PIT,home,1.0,5pm
RF,L,T. Callihan,Bryan Woo,R,7,SEA,PIT,home,1.0,5pm
CF,S,Jake Mangum,Bryan Woo,R,8,SEA,PIT,home,1.0,5pm
SS,R,Jared Triolo,Bryan Woo,R,9,SEA,PIT,home,1.0,5pm
DH,L,C. Jensen,Griffin Jax,R,1,KC,TB,away,1.0,5pm
3B,R,Nick Loftin,Griffin Jax,R,2,KC,TB,away,1.0,5pm
1B,L,J. Caglianone,Griffin Jax,R,3,KC,TB,away,1.0,5pm
C,R,S. Perez,Griffin Jax,R,4,KC,TB,away,1.0,5pm
2B,L,M. Massey,Griffin Jax,R,5,KC,TB,away,1.0,5pm
LF,S,I. Collins,Griffin Jax,R,6,KC,TB,away,1.0,5pm
RF,L,John Rave,Griffin Jax,R,7,KC,TB,away,1.0,5pm
CF,L,K. Misner,Griffin Jax,R,8,KC,TB,away,1.0,5pm
SS,R,T. Tolbert,Griffin Jax,R,9,KC,TB,away,1.0,5pm
DH,R,Yandy Diaz,Noah Cameron,L,1,KC,TB,home,1.0,5pm
CF,R,Jonny DeLuca,Noah Cameron,L,2,KC,TB,home,1.0,5pm
3B,R,J. Caminero,Noah Cameron,L,3,KC,TB,home,1.0,5pm
RF,R,Ryan Vilade,Noah Cameron,L,4,KC,TB,home,1.0,5pm
1B,L,J. Aranda,Noah Cameron,L,5,KC,TB,home,1.0,5pm
2B,R,B. Williamson,Noah Cameron,L,6,KC,TB,home,1.0,5pm
SS,S,Taylor Walls,Noah Cameron,L,7,KC,TB,home,1.0,5pm
LF,L,C. Simpson,Noah Cameron,L,8,KC,TB,home,1.0,5pm
C,R,Nick Fortes,Noah Cameron,L,9,KC,TB,home,1.0,5pm
SS,R,Trea Turner,Miles Mikolas,R,1,PHI,WSH,away,1.0,5pm
LF,L,B. Marsh,Miles Mikolas,R,2,PHI,WSH,away,1.0,5pm
DH,L,Bryce Harper,Miles Mikolas,R,3,PHI,WSH,away,1.0,5pm
1B,R,Alec Bohm,Miles Mikolas,R,4,PHI,WSH,away,1.0,5pm
2B,L,Bryson Stott,Miles Mikolas,R,5,PHI,WSH,away,1.0,5pm
C,R,J. Realmuto,Miles Mikolas,R,6,PHI,WSH,away,1.0,5pm
RF,L,G. Rincones,Miles Mikolas,R,7,PHI,WSH,away,1.0,5pm
3B,R,Edmundo Sosa,Miles Mikolas,R,8,PHI,WSH,away,1.0,5pm
CF,L,J. Crawford,Miles Mikolas,R,9,PHI,WSH,away,1.0,5pm
RF,L,James Wood,Aaron Nola,R,1,PHI,WSH,home,1.0,5pm
1B,L,Luis Garcia,Aaron Nola,R,2,PHI,WSH,home,1.0,5pm
DH,L,Jose Tena,Aaron Nola,R,3,PHI,WSH,home,1.0,5pm
SS,L,CJ Abrams,Aaron Nola,R,4,PHI,WSH,home,1.0,5pm
LF,L,Daylen Lile,Aaron Nola,R,5,PHI,WSH,home,1.0,5pm
CF,R,Dylan Crews,Aaron Nola,R,6,PHI,WSH,home,1.0,5pm
3B,L,Jorbit Vivas,Aaron Nola,R,7,PHI,WSH,home,1.0,5pm
C,S,Drew Millas,Aaron Nola,R,8,PHI,WSH,home,1.0,5pm
2B,S,Nasim Nunez,Aaron Nola,R,9,PHI,WSH,home,1.0,5pm
2B,R,Jose Altuve,Trey Yesavage,R,1,HOU,TOR,away,2.0,5pm
DH,L,Y. Alvarez,Trey Yesavage,R,2,HOU,TOR,away,2.0,5pm
SS,R,Jeremy Pena,Trey Yesavage,R,3,HOU,TOR,away,2.0,5pm
1B,R,I. Paredes,Trey Yesavage,R,4,HOU,TOR,away,2.0,5pm
LF,L,J. Loperfido,Trey Yesavage,R,5,HOU,TOR,away,2.0,5pm
C,R,Yainer Diaz,Trey Yesavage,R,6,HOU,TOR,away,2.0,5pm
RF,R,Cam Smith,Trey Yesavage,R,7,HOU,TOR,away,2.0,5pm
CF,R,B. Matthews,Trey Yesavage,R,8,HOU,TOR,away,2.0,5pm
3B,L,R. Delgado,Trey Yesavage,R,9,HOU,TOR,away,2.0,5pm
DH,R,G. Springer,Mike Burrows,R,1,HOU,TOR,home,2.0,5pm
RF,L,Nathan Lukes,Mike Burrows,R,2,HOU,TOR,home,2.0,5pm
1B,R,V. Guerrero,Mike Burrows,R,3,HOU,TOR,home,2.0,5pm
3B,R,K. Okamoto,Mike Burrows,R,4,HOU,TOR,home,2.0,5pm
CF,L,D. Varsho,Mike Burrows,R,5,HOU,TOR,home,2.0,5pm
C,R,A. Kirk,Mike Burrows,R,6,HOU,TOR,home,2.0,5pm
LF,R,D. Schneider,Mike Burrows,R,7,HOU,TOR,home,2.0,5pm
SS,L,A. Gimenez,Mike Burrows,R,8,HOU,TOR,home,2.0,5pm
2B,R,Luis Urias,Mike Burrows,R,9,HOU,TOR,home,2.0,5pm
DH,L,C. Yelich,Rhett Lowder,R,1,MIL,CIN,away,2.0,5pm
LF,R,J. Chourio,Rhett Lowder,R,2,MIL,CIN,away,2.0,5pm
2B,L,Brice Turang,Rhett Lowder,R,3,MIL,CIN,away,2.0,5pm
C,R,W. Contreras,Rhett Lowder,R,4,MIL,CIN,away,2.0,5pm
1B,L,Jake Bauers,Rhett Lowder,R,5,MIL,CIN,away,2.0,5pm
CF,L,G. Mitchell,Rhett Lowder,R,6,MIL,CIN,away,2.0,5pm
RF,L,Sal Frelick,Rhett Lowder,R,7,MIL,CIN,away,2.0,5pm
SS,R,Cooper Pratt,Rhett Lowder,R,8,MIL,CIN,away,2.0,5pm
3B,L,D. Hamilton,Rhett Lowder,R,9,MIL,CIN,away,2.0,5pm
LF,R,Blake Dunn,Shane Drohan,L,1,MIL,CIN,home,2.0,5pm
SS,S,E. De La Cruz,Shane Drohan,L,2,MIL,CIN,home,2.0,5pm
CF,R,Dane Myers,Shane Drohan,L,3,MIL,CIN,home,2.0,5pm
3B,R,Sal Stewart,Shane Drohan,L,4,MIL,CIN,home,2.0,5pm
1B,R,S. Steer,Shane Drohan,L,5,MIL,CIN,home,2.0,5pm
DH,R,E. Suarez,Shane Drohan,L,6,MIL,CIN,home,2.0,5pm
RF,R,Noelvi Marte,Shane Drohan,L,7,MIL,CIN,home,2.0,5pm
C,R,T. Stephenson,Shane Drohan,L,8,MIL,CIN,home,2.0,5pm
2B,R,Matt McLain,Shane Drohan,L,9,MIL,CIN,home,2.0,5pm
CF,L,P. Crow-Armstrong,Sean Manaea,L,1,CHC,NYM,away,2.0,5pm
2B,R,Nico Hoerner,Sean Manaea,L,2,CHC,NYM,away,2.0,5pm
DH,R,Seiya Suzuki,Sean Manaea,L,3,CHC,NYM,away,2.0,5pm
1B,L,M. Busch,Sean Manaea,L,4,CHC,NYM,away,2.0,5pm
3B,R,Alex Bregman,Sean Manaea,L,5,CHC,NYM,away,2.0,5pm
LF,S,Ian Happ,Sean Manaea,L,6,CHC,NYM,away,2.0,5pm
RF,R,Matt Shaw,Sean Manaea,L,7,CHC,NYM,away,2.0,5pm
C,R,Carson Kelly,Sean Manaea,L,8,CHC,NYM,away,2.0,5pm
SS,R,D. Swanson,Sean Manaea,L,9,CHC,NYM,away,2.0,5pm
SS,S,F. Lindor,Shota Imanaga,L,1,CHC,NYM,home,2.0,5pm
3B,R,Bo Bichette,Shota Imanaga,L,2,CHC,NYM,home,2.0,5pm
RF,L,Carson Benge,Shota Imanaga,L,3,CHC,NYM,home,2.0,5pm
2B,R,M. Semien,Shota Imanaga,L,4,CHC,NYM,home,2.0,5pm
LF,R,Eric Wagaman,Shota Imanaga,L,5,CHC,NYM,home,2.0,5pm
C,R,F. Alvarez,Shota Imanaga,L,6,CHC,NYM,home,2.0,5pm
1B,R,Mark Vientos,Shota Imanaga,L,7,CHC,NYM,home,2.0,5pm
DH,R,Luis Torrens,Shota Imanaga,L,8,CHC,NYM,home,2.0,5pm
CF,L,A.J. Ewing,Shota Imanaga,L,9,CHC,NYM,home,2.0,5pm
P,L,S. Ohtani,Joe Ryan,R,1,LAD,MIN,away,2.0,5pm
CF,R,Andy Pages,Joe Ryan,R,2,LAD,MIN,away,2.0,5pm
1B,L,F. Freeman,Joe Ryan,R,3,LAD,MIN,away,2.0,5pm
SS,R,Mookie Betts,Joe Ryan,R,4,LAD,MIN,away,2.0,5pm
3B,L,Max Muncy,Joe Ryan,R,5,LAD,MIN,away,2.0,5pm
RF,R,Alex Call,Joe Ryan,R,6,LAD,MIN,away,2.0,5pm
LF,L,Ryan Ward,Joe Ryan,R,7,LAD,MIN,away,2.0,5pm
C,L,D. Rushing,Joe Ryan,R,8,LAD,MIN,away,2.0,5pm
2B,S,A. Freeland,Joe Ryan,R,9,LAD,MIN,away,2.0,5pm
LF,L,T. Larnach,Shohei Ohtani,R,1,LAD,MIN,home,2.0,5pm
CF,R,Byron Buxton,Shohei Ohtani,R,2,LAD,MIN,home,2.0,5pm
RF,L,Kody Clemens,Shohei Ohtani,R,3,LAD,MIN,home,2.0,5pm
DH,S,Josh Bell,Shohei Ohtani,R,4,LAD,MIN,home,2.0,5pm
1B,R,Royce Lewis,Shohei Ohtani,R,5,LAD,MIN,home,2.0,5pm
3B,S,Brooks Lee,Shohei Ohtani,R,6,LAD,MIN,home,2.0,5pm
C,S,V. Caratini,Shohei Ohtani,R,7,LAD,MIN,home,2.0,5pm
2B,L,Tristan Gray,Shohei Ohtani,R,8,LAD,MIN,home,2.0,5pm
SS,R,R. Kreidler,Shohei Ohtani,R,9,LAD,MIN,home,2.0,5pm
DH,S,Ketel Marte,M. Liberatore,L,1,ARI,STL,away,2.0,5pm
SS,S,G. Perdomo,M. Liberatore,L,2,ARI,STL,away,2.0,5pm
RF,L,C. Carroll,M. Liberatore,L,3,ARI,STL,away,2.0,5pm
C,R,G. Moreno,M. Liberatore,L,4,ARI,STL,away,2.0,5pm
3B,R,N. Arenado,M. Liberatore,L,5,ARI,STL,away,2.0,5pm
CF,R,Tommy Troy,M. Liberatore,L,6,ARI,STL,away,2.0,5pm
LF,R,L. Gurriel,M. Liberatore,L,7,ARI,STL,away,2.0,5pm
2B,S,I. Vargas,M. Liberatore,L,8,ARI,STL,away,2.0,5pm
1B,R,L. Groover,M. Liberatore,L,9,ARI,STL,away,2.0,5pm
2B,L,J. Wetherholt,Mitch Bratt,L,1,ARI,STL,home,2.0,5pm
DH,R,Ivan Herrera,Mitch Bratt,L,2,ARI,STL,home,2.0,5pm
RF,R,J. Walker,Mitch Bratt,L,3,ARI,STL,home,2.0,5pm
LF,R,N. Velazquez,Mitch Bratt,L,4,ARI,STL,home,2.0,5pm
3B,R,Jose Fermin,Mitch Bratt,L,5,ARI,STL,home,2.0,5pm
SS,R,Masyn Winn,Mitch Bratt,L,6,ARI,STL,home,2.0,5pm
CF,L,L. Nootbaar,Mitch Bratt,L,7,ARI,STL,home,2.0,5pm
1B,R,Blaze Jordan,Mitch Bratt,L,8,ARI,STL,home,2.0,5pm
C,R,Pedro Pages,Mitch Bratt,L,9,ARI,STL,home,2.0,5pm
LF,R,M. Dubon,JP Sears,L,1,ATL,SD,away,3.0,5pm
CF,L,M. Harris,JP Sears,L,2,ATL,SD,away,3.0,5pm
2B,S,Ozzie Albies,JP Sears,L,3,ATL,SD,away,3.0,5pm
1B,L,Matt Olson,JP Sears,L,4,ATL,SD,away,3.0,5pm
3B,R,Austin Riley,JP Sears,L,5,ATL,SD,away,3.0,5pm
RF,R,Eli White,JP Sears,L,6,ATL,SD,away,3.0,5pm
C,R,Joey Bart,JP Sears,L,7,ATL,SD,away,3.0,5pm
DH,R,Jorge Mateo,JP Sears,L,8,ATL,SD,away,3.0,5pm
SS,R,Ha-Seong Kim,JP Sears,L,9,ATL,SD,away,3.0,5pm
2B,R,F. Tatis,Martin Perez,L,1,ATL,SD,home,3.0,5pm
LF,R,Samad Taylor,Martin Perez,L,2,ATL,SD,home,3.0,5pm
3B,R,M. Machado,Martin Perez,L,3,ATL,SD,home,3.0,5pm
SS,R,X. Bogaerts,Martin Perez,L,4,ATL,SD,home,3.0,5pm
CF,L,J. Merrill,Martin Perez,L,5,ATL,SD,home,3.0,5pm
DH,R,M. Andujar,Martin Perez,L,6,ATL,SD,home,3.0,5pm
1B,R,Ty France,Martin Perez,L,7,ATL,SD,home,3.0,5pm
C,R,F. Fermin,Martin Perez,L,8,ATL,SD,home,3.0,5pm
RF,R,Jase Bowen,Martin Perez,L,9,ATL,SD,home,3.0,5pm
3B,R,Zack Gelof,Tyler Mahle,R,1,ATH,SF,away,4.0,5pm
1B,L,Nick Kurtz,Tyler Mahle,R,2,ATH,SF,away,4.0,5pm
C,R,S. Langeliers,Tyler Mahle,R,3,ATH,SF,away,4.0,5pm
LF,L,T. Soderstrom,Tyler Mahle,R,4,ATH,SF,away,4.0,5pm
SS,R,Jacob Wilson,Tyler Mahle,R,5,ATH,SF,away,4.0,5pm
DH,L,C. Cortes,Tyler Mahle,R,6,ATH,SF,away,4.0,5pm
RF,L,L. Butler,Tyler Mahle,R,7,ATH,SF,away,4.0,5pm
CF,R,Henry Bolte,Tyler Mahle,R,8,ATH,SF,away,4.0,5pm
2B,L,Jeff McNeil,Tyler Mahle,R,9,ATH,SF,away,4.0,5pm
LF,R,C. Schmitt,Gage Jump,L,1,ATH,SF,home,4.0,5pm
1B,L,R. Devers,Gage Jump,L,2,ATH,SF,home,4.0,5pm
2B,L,Luis Arraez,Gage Jump,L,3,ATH,SF,home,4.0,5pm
SS,R,Willy Adames,Gage Jump,L,4,ATH,SF,home,4.0,5pm
RF,L,Jung Hoo Lee,Gage Jump,L,5,ATH,SF,home,4.0,5pm
DH,L,B. Eldridge,Gage Jump,L,6,ATH,SF,home,4.0,5pm
3B,R,Matt Chapman,Gage Jump,L,7,ATH,SF,home,4.0,5pm
C,R,Daniel Susac,Gage Jump,L,8,ATH,SF,home,4.0,5pm
CF,R,Jonah Cox,Gage Jump,L,9,ATH,SF,home,4.0,5pm
C,L,C. Jensen,Ian Seymour,L,1,KC,TB,away,0.0,33:24.1
3B,R,Nick Loftin,Ian Seymour,L,2,KC,TB,away,0.0,33:24.1
1B,L,J. Caglianone,Ian Seymour,L,3,KC,TB,away,0.0,33:24.1
CF,R,Lane Thomas,Ian Seymour,L,4,KC,TB,away,0.0,33:24.1
2B,L,Josh Rojas,Ian Seymour,L,5,KC,TB,away,0.0,33:24.1
DH,R,S. Perez,Ian Seymour,L,6,KC,TB,away,0.0,33:24.1
LF,S,I. Collins,Ian Seymour,L,7,KC,TB,away,0.0,33:24.1
RF,R,S. Marte,Ian Seymour,L,8,KC,TB,away,0.0,33:24.1
SS,R,T. Tolbert,Ian Seymour,L,9,KC,TB,away,0.0,33:24.1
DH,R,Yandy Diaz,Seth Lugo,R,1,KC,TB,home,0.0,33:24.1
1B,L,J. Aranda,Seth Lugo,R,2,KC,TB,home,0.0,33:24.1
3B,R,J. Caminero,Seth Lugo,R,3,KC,TB,home,0.0,33:24.1
2B,L,R. Palacios,Seth Lugo,R,4,KC,TB,home,0.0,33:24.1
LF,L,C. Simpson,Seth Lugo,R,5,KC,TB,home,0.0,33:24.1
CF,L,C. Mullins,Seth Lugo,R,6,KC,TB,home,0.0,33:24.1
SS,S,Taylor Walls,Seth Lugo,R,7,KC,TB,home,0.0,33:24.1
RF,L,Victor Mesa,Seth Lugo,R,8,KC,TB,home,0.0,33:24.1
C,L,H. Feduccia,Seth Lugo,R,9,KC,TB,home,0.0,33:24.1
3B,L,J. Crawford,Bubba Chandler,R,1,SEA,PIT,away,0.0,33:24.1
DH,S,Cal Raleigh,Bubba Chandler,R,2,SEA,PIT,away,0.0,33:24.1
CF,R,J. Rodriguez,Bubba Chandler,R,3,SEA,PIT,away,0.0,33:24.1
1B,L,Josh Naylor,Bubba Chandler,R,4,SEA,PIT,away,0.0,33:24.1
LF,R,R. Arozarena,Bubba Chandler,R,5,SEA,PIT,away,0.0,33:24.1
RF,L,Luke Raley,Bubba Chandler,R,6,SEA,PIT,away,0.0,33:24.1
2B,L,Cole Young,Bubba Chandler,R,7,SEA,PIT,away,0.0,33:24.1
C,R,Mitch Garver,Bubba Chandler,R,8,SEA,PIT,away,0.0,33:24.1
SS,L,Colt Emerson,Bubba Chandler,R,9,SEA,PIT,away,0.0,33:24.1
CF,S,Jake Mangum,Bryce Miller,R,1,SEA,PIT,home,0.0,33:24.1
DH,L,Brandon Lowe,Bryce Miller,R,2,SEA,PIT,home,0.0,33:24.1
LF,S,B. Reynolds,Bryce Miller,R,3,SEA,PIT,home,0.0,33:24.1
3B,R,N. Gonzales,Bryce Miller,R,4,SEA,PIT,home,0.0,33:24.1
1B,L,Ryan O'Hearn,Bryce Miller,R,5,SEA,PIT,home,0.0,33:24.1
RF,R,E. Valdez,Bryce Miller,R,6,SEA,PIT,home,0.0,33:24.1
2B,L,T. Callihan,Bryce Miller,R,7,SEA,PIT,home,0.0,33:24.1
SS,R,Jared Triolo,Bryce Miller,R,8,SEA,PIT,home,0.0,33:24.1
C,R,Henry Davis,Bryce Miller,R,9,SEA,PIT,home,0.0,33:24.1
3B,R,Zack Gelof,Landen Roupp,R,1,ATH,SF,away,3.0,33:24.1
1B,L,Nick Kurtz,Landen Roupp,R,2,ATH,SF,away,3.0,33:24.1
C,R,S. Langeliers,Landen Roupp,R,3,ATH,SF,away,3.0,33:24.1
LF,L,T. Soderstrom,Landen Roupp,R,4,ATH,SF,away,3.0,33:24.1
SS,R,Jacob Wilson,Landen Roupp,R,5,ATH,SF,away,3.0,33:24.1
DH,S,Jonah Heim,Landen Roupp,R,6,ATH,SF,away,3.0,33:24.1
RF,L,L. Butler,Landen Roupp,R,7,ATH,SF,away,3.0,33:24.1
CF,R,Henry Bolte,Landen Roupp,R,8,ATH,SF,away,3.0,33:24.1
2B,L,Jeff McNeil,Landen Roupp,R,9,ATH,SF,away,3.0,33:24.1
LF,R,C. Schmitt,Jeffrey Springs,L,1,ATH,SF,home,3.0,33:24.1
1B,L,R. Devers,Jeffrey Springs,L,2,ATH,SF,home,3.0,33:24.1
2B,L,Luis Arraez,Jeffrey Springs,L,3,ATH,SF,home,3.0,33:24.1
SS,R,Willy Adames,Jeffrey Springs,L,4,ATH,SF,home,3.0,33:24.1
RF,L,Jung Hoo Lee,Jeffrey Springs,L,5,ATH,SF,home,3.0,33:24.1
DH,L,B. Eldridge,Jeffrey Springs,L,6,ATH,SF,home,3.0,33:24.1
3B,R,Matt Chapman,Jeffrey Springs,L,7,ATH,SF,home,3.0,33:24.1
C,R,Daniel Susac,Jeffrey Springs,L,8,ATH,SF,home,3.0,33:24.1
CF,R,Jonah Cox,Jeffrey Springs,L,9,ATH,SF,home,3.0,33:24.1
CF,R,Henry Bolte,Landen Roupp,R,1,ATH,SF,away,0.0,08:50.5
1B,L,Nick Kurtz,Landen Roupp,R,2,ATH,SF,away,0.0,08:50.5
DH,R,S. Langeliers,Landen Roupp,R,3,ATH,SF,away,0.0,08:50.5
LF,L,T. Soderstrom,Landen Roupp,R,4,ATH,SF,away,0.0,08:50.5
C,S,Jonah Heim,Landen Roupp,R,5,ATH,SF,away,0.0,08:50.5
RF,L,L. Butler,Landen Roupp,R,6,ATH,SF,away,0.0,08:50.5
3B,R,Max Muncy,Landen Roupp,R,7,ATH,SF,away,0.0,08:50.5
2B,L,Jeff McNeil,Landen Roupp,R,8,ATH,SF,away,0.0,08:50.5
SS,R,A. Williams,Landen Roupp,R,9,ATH,SF,away,0.0,08:50.5
3B,R,Matt Chapman,Jeffrey Springs,L,1,ATH,SF,home,0.0,08:50.5
1B,L,B. Eldridge,Jeffrey Springs,L,2,ATH,SF,home,0.0,08:50.5
2B,R,C. Schmitt,Jeffrey Springs,L,3,ATH,SF,home,0.0,08:50.5
DH,L,R. Devers,Jeffrey Springs,L,4,ATH,SF,home,0.0,08:50.5
SS,R,Willy Adames,Jeffrey Springs,L,5,ATH,SF,home,0.0,08:50.5
RF,L,Jung Hoo Lee,Jeffrey Springs,L,6,ATH,SF,home,0.0,08:50.5
LF,R,V. Bericoto,Jeffrey Springs,L,7,ATH,SF,home,0.0,08:50.5
C,R,Daniel Susac,Jeffrey Springs,L,8,ATH,SF,home,0.0,08:50.5
CF,R,Jonah Cox,Jeffrey Springs,L,9,ATH,SF,home,0.0,08:50.5
SS,R,Jeremy Pena,Troy Melton,R,1,HOU,DET,away,3.0,08:50.5
DH,L,Y. Alvarez,Troy Melton,R,2,HOU,DET,away,3.0,08:50.5
3B,R,I. Paredes,Troy Melton,R,3,HOU,DET,away,3.0,08:50.5
1B,R,C. Walker,Troy Melton,R,4,HOU,DET,away,3.0,08:50.5
2B,R,Jose Altuve,Troy Melton,R,5,HOU,DET,away,3.0,08:50.5
LF,L,J. Loperfido,Troy Melton,R,6,HOU,DET,away,3.0,08:50.5
RF,R,Cam Smith,Troy Melton,R,7,HOU,DET,away,3.0,08:50.5
CF,L,T. Trammell,Troy Melton,R,8,HOU,DET,away,3.0,08:50.5
C,R,C. Vazquez,Troy Melton,R,9,HOU,DET,away,3.0,08:50.5
DH,L,K. McGonigle,Tatsuya Imai,R,1,HOU,DET,home,3.0,08:50.5
RF,L,K. Carpenter,Tatsuya Imai,R,2,HOU,DET,home,3.0,08:50.5
C,R,D. Dingler,Tatsuya Imai,R,3,HOU,DET,home,3.0,08:50.5
LF,L,Riley Greene,Tatsuya Imai,R,4,HOU,DET,home,3.0,08:50.5
3B,L,Colt Keith,Tatsuya Imai,R,5,HOU,DET,home,3.0,08:50.5
1B,R,S. Torkelson,Tatsuya Imai,R,6,HOU,DET,home,3.0,08:50.5
SS,L,Z. McKinstry,Tatsuya Imai,R,7,HOU,DET,home,3.0,08:50.5
CF,L,James Outman,Tatsuya Imai,R,8,HOU,DET,home,3.0,08:50.5
2B,R,Hao-Yu Lee,Tatsuya Imai,R,9,HOU,DET,home,3.0,08:50.5
SS,R,Trea Turner,Cade Cavalli,R,1,PHI,WSH,away,3.0,08:50.5
DH,L,K. Schwarber,Cade Cavalli,R,2,PHI,WSH,away,3.0,08:50.5
1B,L,Bryce Harper,Cade Cavalli,R,3,PHI,WSH,away,3.0,08:50.5
LF,L,B. Marsh,Cade Cavalli,R,4,PHI,WSH,away,3.0,08:50.5
3B,R,Alec Bohm,Cade Cavalli,R,5,PHI,WSH,away,3.0,08:50.5
2B,L,Bryson Stott,Cade Cavalli,R,6,PHI,WSH,away,3.0,08:50.5
C,R,J. Realmuto,Cade Cavalli,R,7,PHI,WSH,away,3.0,08:50.5
RF,L,G. Rincones,Cade Cavalli,R,8,PHI,WSH,away,3.0,08:50.5
CF,L,J. Crawford,Cade Cavalli,R,9,PHI,WSH,away,3.0,08:50.5
DH,L,James Wood,C. Sanchez,L,1,PHI,WSH,home,3.0,08:50.5
3B,R,Curtis Mead,C. Sanchez,L,2,PHI,WSH,home,3.0,08:50.5
1B,R,A. Chaparro,C. Sanchez,L,3,PHI,WSH,home,3.0,08:50.5
RF,R,Dylan Crews,C. Sanchez,L,4,PHI,WSH,home,3.0,08:50.5
LF,L,Daylen Lile,C. Sanchez,L,5,PHI,WSH,home,3.0,08:50.5
CF,R,Jacob Young,C. Sanchez,L,6,PHI,WSH,home,3.0,08:50.5
SS,S,Nasim Nunez,C. Sanchez,L,7,PHI,WSH,home,3.0,08:50.5
2B,L,Jorbit Vivas,C. Sanchez,L,8,PHI,WSH,home,3.0,08:50.5
C,S,Keibert Ruiz,C. Sanchez,L,9,PHI,WSH,home,3.0,08:50.5
DH,L,Joc Pederson,Kevin Gausman,R,1,TEX,TOR,away,3.0,08:50.5
CF,R,W. Langford,Kevin Gausman,R,2,TEX,TOR,away,3.0,08:50.5
SS,L,Corey Seager,Kevin Gausman,R,3,TEX,TOR,away,3.0,08:50.5
RF,L,B. Nimmo,Kevin Gausman,R,4,TEX,TOR,away,3.0,08:50.5
1B,R,Jake Burger,Kevin Gausman,R,5,TEX,TOR,away,3.0,08:50.5
3B,R,E. Duran,Kevin Gausman,R,6,TEX,TOR,away,3.0,08:50.5
LF,L,A. Osuna,Kevin Gausman,R,7,TEX,TOR,away,3.0,08:50.5
C,R,K. Higashioka,Kevin Gausman,R,8,TEX,TOR,away,3.0,08:50.5
2B,L,Nicky Lopez,Kevin Gausman,R,9,TEX,TOR,away,3.0,08:50.5
DH,R,G. Springer,MacKenzie Gore,L,1,TEX,TOR,home,3.0,08:50.5
SS,R,E. Clement,MacKenzie Gore,L,2,TEX,TOR,home,3.0,08:50.5
1B,R,V. Guerrero,MacKenzie Gore,L,3,TEX,TOR,home,3.0,08:50.5
3B,R,K. Okamoto,MacKenzie Gore,L,4,TEX,TOR,home,3.0,08:50.5
C,R,A. Kirk,MacKenzie Gore,L,5,TEX,TOR,home,3.0,08:50.5
RF,L,Nathan Lukes,MacKenzie Gore,L,6,TEX,TOR,home,3.0,08:50.5
LF,R,D. Schneider,MacKenzie Gore,L,7,TEX,TOR,home,3.0,08:50.5
CF,R,Myles Straw,MacKenzie Gore,L,8,TEX,TOR,home,3.0,08:50.5
2B,R,Luis Urias,MacKenzie Gore,L,9,TEX,TOR,home,3.0,08:50.5
3B,R,Amed Rosario,Connelly Early,L,1,NYY,BOS,away,3.0,08:50.5
DH,L,Ben Rice,Connelly Early,L,2,NYY,BOS,away,3.0,08:50.5
1B,R,P. Goldschmidt,Connelly Early,L,3,NYY,BOS,away,3.0,08:50.5
CF,L,C. Bellinger,Connelly Early,L,4,NYY,BOS,away,3.0,08:50.5
SS,R,A. Volpe,Connelly Early,L,5,NYY,BOS,away,3.0,08:50.5
2B,L,J. Chisholm,Connelly Early,L,6,NYY,BOS,away,3.0,08:50.5
RF,S,J. Dominguez,Connelly Early,L,7,NYY,BOS,away,3.0,08:50.5
LF,R,J. Caballero,Connelly Early,L,8,NYY,BOS,away,3.0,08:50.5
C,L,Austin Wells,Connelly Early,L,9,NYY,BOS,away,3.0,08:50.5
DH,L,M. Yoshida,Cam Schlittler,R,1,NYY,BOS,home,3.0,08:50.5
CF,R,C. Rafaela,Cam Schlittler,R,2,NYY,BOS,home,3.0,08:50.5
RF,L,Wilyer Abreu,Cam Schlittler,R,3,NYY,BOS,home,3.0,08:50.5
1B,R,W. Contreras,Cam Schlittler,R,4,NYY,BOS,home,3.0,08:50.5
LF,L,Jarren Duran,Cam Schlittler,R,5,NYY,BOS,home,3.0,08:50.5
3B,R,Caleb Durbin,Cam Schlittler,R,6,NYY,BOS,home,3.0,08:50.5
2B,L,A. Seigler,Cam Schlittler,R,7,NYY,BOS,home,3.0,08:50.5
C,R,C. Narvaez,Cam Schlittler,R,8,NYY,BOS,home,3.0,08:50.5
SS,L,M. Mayer,Cam Schlittler,R,9,NYY,BOS,home,3.0,08:50.5
CF,L,P. Crow-Armstrong,Freddy Peralta,R,1,CHC,NYM,away,3.0,08:50.5
3B,R,Alex Bregman,Freddy Peralta,R,2,CHC,NYM,away,3.0,08:50.5
1B,L,M. Busch,Freddy Peralta,R,3,CHC,NYM,away,3.0,08:50.5
DH,R,Seiya Suzuki,Freddy Peralta,R,4,CHC,NYM,away,3.0,08:50.5
LF,S,Ian Happ,Freddy Peralta,R,5,CHC,NYM,away,3.0,08:50.5
RF,R,Matt Shaw,Freddy Peralta,R,6,CHC,NYM,away,3.0,08:50.5
2B,R,Nico Hoerner,Freddy Peralta,R,7,CHC,NYM,away,3.0,08:50.5
C,R,Carson Kelly,Freddy Peralta,R,8,CHC,NYM,away,3.0,08:50.5
SS,R,D. Swanson,Freddy Peralta,R,9,CHC,NYM,away,3.0,08:50.5
RF,L,Carson Benge,Matthew Boyd,L,1,CHC,NYM,home,3.0,08:50.5
SS,S,F. Lindor,Matthew Boyd,L,2,CHC,NYM,home,3.0,08:50.5
LF,L,Juan Soto,Matthew Boyd,L,3,CHC,NYM,home,3.0,08:50.5
3B,R,Bo Bichette,Matthew Boyd,L,4,CHC,NYM,home,3.0,08:50.5
1B,R,Mark Vientos,Matthew Boyd,L,5,CHC,NYM,home,3.0,08:50.5
C,R,F. Alvarez,Matthew Boyd,L,6,CHC,NYM,home,3.0,08:50.5
DH,R,Eric Wagaman,Matthew Boyd,L,7,CHC,NYM,home,3.0,08:50.5
CF,L,A.J. Ewing,Matthew Boyd,L,8,CHC,NYM,home,3.0,08:50.5
2B,S,R. Mauricio,Matthew Boyd,L,9,CHC,NYM,home,3.0,08:50.5
2B,S,Ketel Marte,Michael McGreevy,R,1,ARI,STL,away,4.0,08:50.5
SS,S,G. Perdomo,Michael McGreevy,R,2,ARI,STL,away,4.0,08:50.5
RF,L,C. Carroll,Michael McGreevy,R,3,ARI,STL,away,4.0,08:50.5
C,R,G. Moreno,Michael McGreevy,R,4,ARI,STL,away,4.0,08:50.5
1B,L,Pavin Smith,Michael McGreevy,R,5,ARI,STL,away,4.0,08:50.5
3B,R,N. Arenado,Michael McGreevy,R,6,ARI,STL,away,4.0,08:50.5
LF,R,L. Gurriel,Michael McGreevy,R,7,ARI,STL,away,4.0,08:50.5
DH,L,Max Kepler,Michael McGreevy,R,8,ARI,STL,away,4.0,08:50.5
CF,R,Tommy Troy,Michael McGreevy,R,9,ARI,STL,away,4.0,08:50.5
2B,L,J. Wetherholt,Zac Gallen,R,1,ARI,STL,home,4.0,08:50.5
C,R,Ivan Herrera,Zac Gallen,R,2,ARI,STL,home,4.0,08:50.5
1B,L,A. Burleson,Zac Gallen,R,3,ARI,STL,home,4.0,08:50.5
DH,R,J. Walker,Zac Gallen,R,4,ARI,STL,home,4.0,08:50.5
RF,L,L. Nootbaar,Zac Gallen,R,5,ARI,STL,home,4.0,08:50.5
SS,R,Masyn Winn,Zac Gallen,R,6,ARI,STL,home,4.0,08:50.5
CF,L,N. Church,Zac Gallen,R,7,ARI,STL,home,4.0,08:50.5
3B,R,Blaze Jordan,Zac Gallen,R,8,ARI,STL,home,4.0,08:50.5
LF,R,Jose Fermin,Zac Gallen,R,9,ARI,STL,home,4.0,08:50.5
SS,R,Jeremy Pena,Keider Montero,R,1,HOU,DET,away,1.0,46:01.9
DH,L,Y. Alvarez,Keider Montero,R,2,HOU,DET,away,1.0,46:01.9
3B,R,I. Paredes,Keider Montero,R,3,HOU,DET,away,1.0,46:01.9
1B,R,C. Walker,Keider Montero,R,4,HOU,DET,away,1.0,46:01.9
2B,R,Jose Altuve,Keider Montero,R,5,HOU,DET,away,1.0,46:01.9
LF,L,J. Loperfido,Keider Montero,R,6,HOU,DET,away,1.0,46:01.9
C,R,Yainer Diaz,Keider Montero,R,7,HOU,DET,away,1.0,46:01.9
RF,R,Cam Smith,Keider Montero,R,8,HOU,DET,away,1.0,46:01.9
CF,L,T. Trammell,Keider Montero,R,9,HOU,DET,away,1.0,46:01.9
SS,L,K. McGonigle,S. Arrighetti,R,1,HOU,DET,home,1.0,46:01.9
C,R,D. Dingler,S. Arrighetti,R,2,HOU,DET,home,1.0,46:01.9
RF,L,K. Carpenter,S. Arrighetti,R,3,HOU,DET,home,1.0,46:01.9
DH,L,Riley Greene,S. Arrighetti,R,4,HOU,DET,home,1.0,46:01.9
1B,R,S. Torkelson,S. Arrighetti,R,5,HOU,DET,home,1.0,46:01.9
3B,L,Colt Keith,S. Arrighetti,R,6,HOU,DET,home,1.0,46:01.9
2B,L,Z. McKinstry,S. Arrighetti,R,7,HOU,DET,home,1.0,46:01.9
LF,R,M. Vierling,S. Arrighetti,R,8,HOU,DET,home,1.0,46:01.9
CF,L,James Outman,S. Arrighetti,R,9,HOU,DET,home,1.0,46:01.9
CF,R,Blake Dunn,Paul Skenes,R,1,CIN,PIT,away,1.0,46:01.9
SS,S,E. De La Cruz,Paul Skenes,R,2,CIN,PIT,away,1.0,46:01.9
LF,L,JJ Bleday,Paul Skenes,R,3,CIN,PIT,away,1.0,46:01.9
1B,R,Sal Stewart,Paul Skenes,R,4,CIN,PIT,away,1.0,46:01.9
DH,L,N. Lowe,Paul Skenes,R,5,CIN,PIT,away,1.0,46:01.9
3B,R,E. Suarez,Paul Skenes,R,6,CIN,PIT,away,1.0,46:01.9
RF,R,S. Steer,Paul Skenes,R,7,CIN,PIT,away,1.0,46:01.9
C,R,T. Stephenson,Paul Skenes,R,8,CIN,PIT,away,1.0,46:01.9
2B,R,Matt McLain,Paul Skenes,R,9,CIN,PIT,away,1.0,46:01.9
SS,R,K. Griffin,Andrew Abbott,L,1,CIN,PIT,home,1.0,46:01.9
2B,L,Brandon Lowe,Andrew Abbott,L,2,CIN,PIT,home,1.0,46:01.9
LF,S,B. Reynolds,Andrew Abbott,L,3,CIN,PIT,home,1.0,46:01.9
DH,R,M. Ozuna,Andrew Abbott,L,4,CIN,PIT,home,1.0,46:01.9
1B,L,Ryan O'Hearn,Andrew Abbott,L,5,CIN,PIT,home,1.0,46:01.9
RF,R,E. Valdez,Andrew Abbott,L,6,CIN,PIT,home,1.0,46:01.9
3B,R,Jared Triolo,Andrew Abbott,L,7,CIN,PIT,home,1.0,46:01.9
CF,S,Jake Mangum,Andrew Abbott,L,8,CIN,PIT,home,1.0,46:01.9
C,R,Henry Davis,Andrew Abbott,L,9,CIN,PIT,home,1.0,46:01.9
RF,L,James Wood,Trevor Rogers,L,1,WSH,BAL,away,1.0,46:01.9
3B,R,Curtis Mead,Trevor Rogers,L,2,WSH,BAL,away,1.0,46:01.9
1B,R,A. Chaparro,Trevor Rogers,L,3,WSH,BAL,away,1.0,46:01.9
SS,L,CJ Abrams,Trevor Rogers,L,4,WSH,BAL,away,1.0,46:01.9
LF,R,Dylan Crews,Trevor Rogers,L,5,WSH,BAL,away,1.0,46:01.9
DH,L,Daylen Lile,Trevor Rogers,L,6,WSH,BAL,away,1.0,46:01.9
CF,R,Jacob Young,Trevor Rogers,L,7,WSH,BAL,away,1.0,46:01.9
2B,S,Nasim Nunez,Trevor Rogers,L,8,WSH,BAL,away,1.0,46:01.9
C,S,Keibert Ruiz,Trevor Rogers,L,9,WSH,BAL,away,1.0,46:01.9
LF,R,Taylor Ward,Andrew Alvarez,L,1,WSH,BAL,home,1.0,46:01.9
SS,L,G. Henderson,Andrew Alvarez,L,2,WSH,BAL,home,1.0,46:01.9
1B,R,Pete Alonso,Andrew Alvarez,L,3,WSH,BAL,home,1.0,46:01.9
DH,R,Coby Mayo,Andrew Alvarez,L,4,WSH,BAL,home,1.0,46:01.9
RF,R,T. O'Neill,Andrew Alvarez,L,5,WSH,BAL,home,1.0,46:01.9
C,L,S. Basallo,Andrew Alvarez,L,6,WSH,BAL,home,1.0,46:01.9
CF,S,L. Taveras,Andrew Alvarez,L,7,WSH,BAL,home,1.0,46:01.9
2B,L,J. Holliday,Andrew Alvarez,L,8,WSH,BAL,home,1.0,46:01.9
3B,R,B. Alexander,Andrew Alvarez,L,9,WSH,BAL,home,1.0,46:01.9
CF,R,W. Langford,Patrick Corbin,L,1,TEX,TOR,away,1.0,46:01.9
3B,R,Josh Jung,Patrick Corbin,L,2,TEX,TOR,away,1.0,46:01.9
RF,L,B. Nimmo,Patrick Corbin,L,3,TEX,TOR,away,1.0,46:01.9
1B,R,Jake Burger,Patrick Corbin,L,4,TEX,TOR,away,1.0,46:01.9
DH,R,J. Foscue,Patrick Corbin,L,5,TEX,TOR,away,1.0,46:01.9
SS,R,E. Duran,Patrick Corbin,L,6,TEX,TOR,away,1.0,46:01.9
C,R,K. Higashioka,Patrick Corbin,L,7,TEX,TOR,away,1.0,46:01.9
LF,L,A. Osuna,Patrick Corbin,L,8,TEX,TOR,away,1.0,46:01.9
2B,L,Nicky Lopez,Patrick Corbin,L,9,TEX,TOR,away,1.0,46:01.9
DH,R,G. Springer,Nathan Eovaldi,R,1,TEX,TOR,home,1.0,46:01.9
RF,L,Nathan Lukes,Nathan Eovaldi,R,2,TEX,TOR,home,1.0,46:01.9
1B,R,V. Guerrero,Nathan Eovaldi,R,3,TEX,TOR,home,1.0,46:01.9
3B,R,K. Okamoto,Nathan Eovaldi,R,4,TEX,TOR,home,1.0,46:01.9
CF,L,D. Varsho,Nathan Eovaldi,R,5,TEX,TOR,home,1.0,46:01.9
2B,R,E. Clement,Nathan Eovaldi,R,6,TEX,TOR,home,1.0,46:01.9
LF,L,J. Sanchez,Nathan Eovaldi,R,7,TEX,TOR,home,1.0,46:01.9
C,S,B. Valenzuela,Nathan Eovaldi,R,8,TEX,TOR,home,1.0,46:01.9
SS,L,A. Gimenez,Nathan Eovaldi,R,9,TEX,TOR,home,1.0,46:01.9
1B,R,P. Goldschmidt,Payton Tolle,L,1,NYY,BOS,away,1.0,46:01.9
DH,R,Amed Rosario,Payton Tolle,L,2,NYY,BOS,away,1.0,46:01.9
LF,L,C. Bellinger,Payton Tolle,L,3,NYY,BOS,away,1.0,46:01.9
RF,S,J. Dominguez,Payton Tolle,L,4,NYY,BOS,away,1.0,46:01.9
3B,R,J. Caballero,Payton Tolle,L,5,NYY,BOS,away,1.0,46:01.9
2B,L,J. Chisholm,Payton Tolle,L,6,NYY,BOS,away,1.0,46:01.9
SS,R,A. Volpe,Payton Tolle,L,7,NYY,BOS,away,1.0,46:01.9
CF,L,S. Jones,Payton Tolle,L,8,NYY,BOS,away,1.0,46:01.9
C,R,Ali Sanchez,Payton Tolle,L,9,NYY,BOS,away,1.0,46:01.9
DH,S,M. Gasper,Will Warren,R,1,NYY,BOS,home,1.0,46:01.9
CF,R,C. Rafaela,Will Warren,R,2,NYY,BOS,home,1.0,46:01.9
RF,L,Wilyer Abreu,Will Warren,R,3,NYY,BOS,home,1.0,46:01.9
1B,R,W. Contreras,Will Warren,R,4,NYY,BOS,home,1.0,46:01.9
LF,L,Jarren Duran,Will Warren,R,5,NYY,BOS,home,1.0,46:01.9
3B,R,Caleb Durbin,Will Warren,R,6,NYY,BOS,home,1.0,46:01.9
2B,L,A. Seigler,Will Warren,R,7,NYY,BOS,home,1.0,46:01.9
C,R,Connor Wong,Will Warren,R,8,NYY,BOS,home,1.0,46:01.9
SS,L,T. Cheng,Will Warren,R,9,NYY,BOS,home,1.0,46:01.9
LF,R,R. Arozarena,Joey Cantillo,L,1,SEA,CLE,away,1.0,46:01.9
CF,R,J. Rodriguez,Joey Cantillo,L,2,SEA,CLE,away,1.0,46:01.9
C,S,Cal Raleigh,Joey Cantillo,L,3,SEA,CLE,away,1.0,46:01.9
DH,L,D. Canzone,Joey Cantillo,L,4,SEA,CLE,away,1.0,46:01.9
1B,L,Josh Naylor,Joey Cantillo,L,5,SEA,CLE,away,1.0,46:01.9
3B,L,J. Crawford,Joey Cantillo,L,6,SEA,CLE,away,1.0,46:01.9
RF,R,R. Refsnyder,Joey Cantillo,L,7,SEA,CLE,away,1.0,46:01.9
2B,L,Cole Young,Joey Cantillo,L,8,SEA,CLE,away,1.0,46:01.9
SS,L,Colt Emerson,Joey Cantillo,L,9,SEA,CLE,away,1.0,46:01.9
2B,L,T. Bazzana,Luis Castillo,R,1,SEA,CLE,home,1.0,46:01.9
1B,L,K. Manzardo,Luis Castillo,R,2,SEA,CLE,home,1.0,46:01.9
SS,S,B. Rocchio,Luis Castillo,R,3,SEA,CLE,home,1.0,46:01.9
RF,L,K. Watson,Luis Castillo,R,4,SEA,CLE,home,1.0,46:01.9
DH,L,Cooper Ingle,Luis Castillo,R,5,SEA,CLE,home,1.0,46:01.9
SS,R,Trea Turner,Zach Thornton,L,1,PHI,NYM,away,1.0,46:01.9
DH,L,K. Schwarber,Zach Thornton,L,2,PHI,NYM,away,1.0,46:01.9
1B,L,Bryce Harper,Zach Thornton,L,3,PHI,NYM,away,1.0,46:01.9
3B,R,Alec Bohm,Zach Thornton,L,4,PHI,NYM,away,1.0,46:01.9
RF,L,B. Marsh,Zach Thornton,L,5,PHI,NYM,away,1.0,46:01.9
CF,R,Derek Hill,Zach Thornton,L,6,PHI,NYM,away,1.0,46:01.9
C,R,J. Realmuto,Zach Thornton,L,7,PHI,NYM,away,1.0,46:01.9
2B,L,Bryson Stott,Zach Thornton,L,8,PHI,NYM,away,1.0,46:01.9
LF,R,Edmundo Sosa,Zach Thornton,L,9,PHI,NYM,away,1.0,46:01.9
RF,L,Carson Benge,Zack Wheeler,R,1,PHI,NYM,home,1.0,46:01.9
LF,L,Juan Soto,Zack Wheeler,R,2,PHI,NYM,home,1.0,46:01.9
DH,R,Bo Bichette,Zack Wheeler,R,3,PHI,NYM,home,1.0,46:01.9
SS,S,F. Lindor,Zack Wheeler,R,4,PHI,NYM,home,1.0,46:01.9
1B,L,Jared Young,Zack Wheeler,R,5,PHI,NYM,home,1.0,46:01.9
CF,L,A.J. Ewing,Zack Wheeler,R,6,PHI,NYM,home,1.0,46:01.9
2B,S,R. Mauricio,Zack Wheeler,R,7,PHI,NYM,home,1.0,46:01.9
3B,L,Brett Baty,Zack Wheeler,R,8,PHI,NYM,home,1.0,46:01.9
C,R,Luis Torrens,Zack Wheeler,R,9,PHI,NYM,home,1.0,46:01.9
2B,S,Ketel Marte,Nick Martinez,R,1,ARI,TB,away,1.0,46:01.9
SS,S,G. Perdomo,Nick Martinez,R,2,ARI,TB,away,1.0,46:01.9
RF,L,C. Carroll,Nick Martinez,R,3,ARI,TB,away,1.0,46:01.9
C,R,G. Moreno,Nick Martinez,R,4,ARI,TB,away,1.0,46:01.9
3B,R,N. Arenado,Nick Martinez,R,5,ARI,TB,away,1.0,46:01.9
LF,L,Max Kepler,Nick Martinez,R,6,ARI,TB,away,1.0,46:01.9
DH,R,L. Gurriel,Nick Martinez,R,7,ARI,TB,away,1.0,46:01.9
1B,L,Pavin Smith,Nick Martinez,R,8,ARI,TB,away,1.0,46:01.9
CF,R,Tommy Troy,Nick Martinez,R,9,ARI,TB,away,1.0,46:01.9
DH,R,Yandy Diaz,Zac Gallen,R,1,ARI,TB,home,1.0,46:01.9
1B,L,J. Aranda,Zac Gallen,R,2,ARI,TB,home,1.0,46:01.9
3B,R,J. Caminero,Zac Gallen,R,3,ARI,TB,home,1.0,46:01.9
2B,L,R. Palacios,Zac Gallen,R,4,ARI,TB,home,1.0,46:01.9
RF,R,Jonny DeLuca,Zac Gallen,R,5,ARI,TB,home,1.0,46:01.9
CF,L,C. Mullins,Zac Gallen,R,6,ARI,TB,home,1.0,46:01.9
LF,L,Victor Mesa,Zac Gallen,R,7,ARI,TB,home,1.0,46:01.9
SS,S,Taylor Walls,Zac Gallen,R,8,ARI,TB,home,1.0,46:01.9
C,L,H. Feduccia,Zac Gallen,R,9,ARI,TB,home,1.0,46:01.9
C,L,C. Jensen,David Sandlin,R,1,KC,CWS,away,2.0,46:01.9
DH,R,Bobby Witt,David Sandlin,R,2,KC,CWS,away,2.0,46:01.9
RF,L,J. Caglianone,David Sandlin,R,3,KC,CWS,away,2.0,46:01.9
CF,R,Lane Thomas,David Sandlin,R,4,KC,CWS,away,2.0,46:01.9
2B,L,M. Massey,David Sandlin,R,5,KC,CWS,away,2.0,46:01.9
1B,R,S. Perez,David Sandlin,R,6,KC,CWS,away,2.0,46:01.9
SS,L,Josh Rojas,David Sandlin,R,7,KC,CWS,away,2.0,46:01.9
3B,R,Nick Loftin,David Sandlin,R,8,KC,CWS,away,2.0,46:01.9
LF,S,I. Collins,David Sandlin,R,9,KC,CWS,away,2.0,46:01.9
LF,L,S. Antonacci,Mitch Spence,R,1,KC,CWS,home,2.0,46:01.9
3B,R,M. Vargas,Mitch Spence,R,2,KC,CWS,home,2.0,46:01.9
C,L,Kyle Teel,Mitch Spence,R,3,KC,CWS,home,2.0,46:01.9
DH,L,A. Benintendi,Mitch Spence,R,4,KC,CWS,home,2.0,46:01.9
SS,L,C. Montgomery,Mitch Spence,R,5,KC,CWS,home,2.0,46:01.9
2B,R,C. Meidroth,Mitch Spence,R,6,KC,CWS,home,2.0,46:01.9
RF,S,B. Montgomery,Mitch Spence,R,7,KC,CWS,home,2.0,46:01.9
CF,L,T. Peters,Mitch Spence,R,8,KC,CWS,home,2.0,46:01.9
1B,L,J. Gonzalez,Mitch Spence,R,9,KC,CWS,home,2.0,46:01.9
CF,L,P. Crow-Armstrong,J. Misiorowski,R,1,CHC,MIL,away,2.0,46:01.9
3B,R,Alex Bregman,J. Misiorowski,R,2,CHC,MIL,away,2.0,46:01.9
1B,L,M. Busch,J. Misiorowski,R,3,CHC,MIL,away,2.0,46:01.9
DH,R,Seiya Suzuki,J. Misiorowski,R,4,CHC,MIL,away,2.0,46:01.9
LF,S,Ian Happ,J. Misiorowski,R,5,CHC,MIL,away,2.0,46:01.9
2B,R,Nico Hoerner,J. Misiorowski,R,6,CHC,MIL,away,2.0,46:01.9
C,R,Carson Kelly,J. Misiorowski,R,7,CHC,MIL,away,2.0,46:01.9
RF,R,Matt Shaw,J. Misiorowski,R,8,CHC,MIL,away,2.0,46:01.9
SS,R,D. Swanson,J. Misiorowski,R,9,CHC,MIL,away,2.0,46:01.9
DH,L,C. Yelich,Colin Rea,R,1,CHC,MIL,home,2.0,46:01.9
LF,R,J. Chourio,Colin Rea,R,2,CHC,MIL,home,2.0,46:01.9
2B,L,Brice Turang,Colin Rea,R,3,CHC,MIL,home,2.0,46:01.9
C,R,W. Contreras,Colin Rea,R,4,CHC,MIL,home,2.0,46:01.9
RF,L,Jake Bauers,Colin Rea,R,5,CHC,MIL,home,2.0,46:01.9
1B,R,A. Vaughn,Colin Rea,R,6,CHC,MIL,home,2.0,46:01.9
CF,L,G. Mitchell,Colin Rea,R,7,CHC,MIL,home,2.0,46:01.9
SS,R,Cooper Pratt,Colin Rea,R,8,CHC,MIL,home,2.0,46:01.9
3B,L,D. Hamilton,Colin Rea,R,9,CHC,MIL,home,2.0,46:01.9
RF,L,J. McCarthy,Taj Bradley,R,1,COL,MIN,away,2.0,46:01.9
LF,L,M. Moniak,Taj Bradley,R,2,COL,MIN,away,2.0,46:01.9
C,R,H. Goodman,Taj Bradley,R,3,COL,MIN,away,2.0,46:01.9
1B,L,TJ Rumfield,Taj Bradley,R,4,COL,MIN,away,2.0,46:01.9
3B,S,Willi Castro,Taj Bradley,R,5,COL,MIN,away,2.0,46:01.9
DH,L,T. Johnston,Taj Bradley,R,6,COL,MIN,away,2.0,46:01.9
CF,S,Cole Carrigg,Taj Bradley,R,7,COL,MIN,away,2.0,46:01.9
SS,R,E. Tovar,Taj Bradley,R,8,COL,MIN,away,2.0,46:01.9
2B,L,E. Julien,Taj Bradley,R,9,COL,MIN,away,2.0,46:01.9
LF,L,T. Larnach,Tomoyuki Sugano,R,1,COL,MIN,home,2.0,46:01.9
CF,R,Byron Buxton,Tomoyuki Sugano,R,2,COL,MIN,home,2.0,46:01.9
2B,L,Kody Clemens,Tomoyuki Sugano,R,3,COL,MIN,home,2.0,46:01.9
DH,S,Josh Bell,Tomoyuki Sugano,R,4,COL,MIN,home,2.0,46:01.9
C,S,V. Caratini,Tomoyuki Sugano,R,5,COL,MIN,home,2.0,46:01.9
1B,R,Royce Lewis,Tomoyuki Sugano,R,6,COL,MIN,home,2.0,46:01.9
3B,S,Brooks Lee,Tomoyuki Sugano,R,7,COL,MIN,home,2.0,46:01.9
SS,L,Tristan Gray,Tomoyuki Sugano,R,8,COL,MIN,home,2.0,46:01.9
RF,R,L. Keaschall,Tomoyuki Sugano,R,9,COL,MIN,home,2.0,46:01.9
CF,L,Jakob Marsee,Michael McGreevy,R,1,MIA,STL,away,2.0,46:01.9
RF,L,G. Conine,Michael McGreevy,R,2,MIA,STL,away,2.0,46:01.9
2B,S,X. Edwards,Michael McGreevy,R,3,MIA,STL,away,2.0,46:01.9
1B,L,Kyle Stowers,Michael McGreevy,R,4,MIA,STL,away,2.0,46:01.9
SS,R,Otto Lopez,Michael McGreevy,R,5,MIA,STL,away,2.0,46:01.9
DH,L,Owen Caissie,Michael McGreevy,R,6,MIA,STL,away,2.0,46:01.9
C,L,Joe Mack,Michael McGreevy,R,7,MIA,STL,away,2.0,46:01.9
LF,R,Esteury Ruiz,Michael McGreevy,R,8,MIA,STL,away,2.0,46:01.9
3B,L,G. Pauley,Michael McGreevy,R,9,MIA,STL,away,2.0,46:01.9
2B,L,J. Wetherholt,Max Meyer,R,1,MIA,STL,home,2.0,46:01.9
C,R,Ivan Herrera,Max Meyer,R,2,MIA,STL,home,2.0,46:01.9
1B,L,A. Burleson,Max Meyer,R,3,MIA,STL,home,2.0,46:01.9
RF,R,J. Walker,Max Meyer,R,4,MIA,STL,home,2.0,46:01.9
LF,L,L. Nootbaar,Max Meyer,R,5,MIA,STL,home,2.0,46:01.9
SS,R,Masyn Winn,Max Meyer,R,6,MIA,STL,home,2.0,46:01.9
CF,L,N. Church,Max Meyer,R,7,MIA,STL,home,2.0,46:01.9
3B,R,Blaze Jordan,Max Meyer,R,8,MIA,STL,home,2.0,46:01.9
DH,R,Jose Fermin,Max Meyer,R,9,MIA,STL,home,2.0,46:01.9
1B,R,P. Goldschmidt,Jake Bennett,L,1,NYY,BOS,away,0.0,08:59.0
DH,L,Ben Rice,Jake Bennett,L,2,NYY,BOS,away,0.0,08:59.0
3B,R,Amed Rosario,Jake Bennett,L,3,NYY,BOS,away,0.0,08:59.0
LF,L,C. Bellinger,Jake Bennett,L,4,NYY,BOS,away,0.0,08:59.0
RF,S,J. Dominguez,Jake Bennett,L,5,NYY,BOS,away,0.0,08:59.0
2B,R,J. Caballero,Jake Bennett,L,6,NYY,BOS,away,0.0,08:59.0
CF,R,M. Schuemann,Jake Bennett,L,7,NYY,BOS,away,0.0,08:59.0
SS,R,A. Volpe,Jake Bennett,L,8,NYY,BOS,away,0.0,08:59.0
C,L,Austin Wells,Jake Bennett,L,9,NYY,BOS,away,0.0,08:59.0
DH,L,M. Yoshida,Gerrit Cole,R,1,NYY,BOS,home,0.0,08:59.0
CF,R,C. Rafaela,Gerrit Cole,R,2,NYY,BOS,home,0.0,08:59.0
RF,L,Wilyer Abreu,Gerrit Cole,R,3,NYY,BOS,home,0.0,08:59.0
1B,R,W. Contreras,Gerrit Cole,R,4,NYY,BOS,home,0.0,08:59.0
LF,L,Jarren Duran,Gerrit Cole,R,5,NYY,BOS,home,0.0,08:59.0
3B,R,Caleb Durbin,Gerrit Cole,R,6,NYY,BOS,home,0.0,08:59.0
2B,L,A. Seigler,Gerrit Cole,R,7,NYY,BOS,home,0.0,08:59.0
C,R,C. Narvaez,Gerrit Cole,R,8,NYY,BOS,home,0.0,08:59.0
SS,L,T. Cheng,Gerrit Cole,R,9,NYY,BOS,home,0.0,08:59.0
SS,R,Jeremy Pena,Framber Valdez,L,1,HOU,DET,away,0.0,08:59.0
3B,R,I. Paredes,Framber Valdez,L,2,HOU,DET,away,0.0,08:59.0
2B,R,Jose Altuve,Framber Valdez,L,3,HOU,DET,away,0.0,08:59.0
1B,R,C. Walker,Framber Valdez,L,4,HOU,DET,away,0.0,08:59.0
RF,R,Cam Smith,Framber Valdez,L,5,HOU,DET,away,0.0,08:59.0
DH,R,Yainer Diaz,Framber Valdez,L,6,HOU,DET,away,0.0,08:59.0
CF,R,Jake Meyers,Framber Valdez,L,7,HOU,DET,away,0.0,08:59.0
LF,R,B. Matthews,Framber Valdez,L,8,HOU,DET,away,0.0,08:59.0
C,R,C. Vazquez,Framber Valdez,L,9,HOU,DET,away,0.0,08:59.0
3B,L,K. McGonigle,Kai-Wei Teng,R,1,HOU,DET,home,0.0,08:59.0
DH,L,Colt Keith,Kai-Wei Teng,R,2,HOU,DET,home,0.0,08:59.0
LF,L,Riley Greene,Kai-Wei Teng,R,3,HOU,DET,home,0.0,08:59.0
1B,R,S. Torkelson,Kai-Wei Teng,R,4,HOU,DET,home,0.0,08:59.0
RF,L,K. Carpenter,Kai-Wei Teng,R,5,HOU,DET,home,0.0,08:59.0
SS,L,Z. McKinstry,Kai-Wei Teng,R,6,HOU,DET,home,0.0,08:59.0
2B,R,Hao-Yu Lee,Kai-Wei Teng,R,7,HOU,DET,home,0.0,08:59.0
CF,L,James Outman,Kai-Wei Teng,R,8,HOU,DET,home,0.0,08:59.0
C,R,Jake Rogers,Kai-Wei Teng,R,9,HOU,DET,home,0.0,08:59.0
DH,L,Joc Pederson,Dylan Cease,R,1,TEX,TOR,away,2.0,08:59.0
CF,R,W. Langford,Dylan Cease,R,2,TEX,TOR,away,2.0,08:59.0
SS,L,Corey Seager,Dylan Cease,R,3,TEX,TOR,away,2.0,08:59.0
RF,L,B. Nimmo,Dylan Cease,R,4,TEX,TOR,away,2.0,08:59.0
3B,R,Josh Jung,Dylan Cease,R,5,TEX,TOR,away,2.0,08:59.0
1B,R,Jake Burger,Dylan Cease,R,6,TEX,TOR,away,2.0,08:59.0
LF,L,J. Kelenic,Dylan Cease,R,7,TEX,TOR,away,2.0,08:59.0
C,R,Elias Diaz,Dylan Cease,R,8,TEX,TOR,away,2.0,08:59.0
2B,L,Nicky Lopez,Dylan Cease,R,9,TEX,TOR,away,2.0,08:59.0
DH,R,G. Springer,Winston Santos,R,1,TEX,TOR,home,2.0,08:59.0
RF,L,Nathan Lukes,Winston Santos,R,2,TEX,TOR,home,2.0,08:59.0
1B,R,V. Guerrero,Winston Santos,R,3,TEX,TOR,home,2.0,08:59.0
C,R,A. Kirk,Winston Santos,R,4,TEX,TOR,home,2.0,08:59.0
CF,L,D. Varsho,Winston Santos,R,5,TEX,TOR,home,2.0,08:59.0
3B,R,K. Okamoto,Winston Santos,R,6,TEX,TOR,home,2.0,08:59.0
LF,L,J. Sanchez,Winston Santos,R,7,TEX,TOR,home,2.0,08:59.0
2B,R,E. Clement,Winston Santos,R,8,TEX,TOR,home,2.0,08:59.0
SS,L,A. Gimenez,Winston Santos,R,9,TEX,TOR,home,2.0,08:59.0
SS,S,E. De La Cruz,Jared Jones,R,1,CIN,PIT,away,3.0,08:59.0
3B,R,Sal Stewart,Jared Jones,R,2,CIN,PIT,away,3.0,08:59.0
LF,L,JJ Bleday,Jared Jones,R,3,CIN,PIT,away,3.0,08:59.0
DH,R,E. Suarez,Jared Jones,R,4,CIN,PIT,away,3.0,08:59.0
1B,L,N. Lowe,Jared Jones,R,5,CIN,PIT,away,3.0,08:59.0
RF,R,Noelvi Marte,Jared Jones,R,6,CIN,PIT,away,3.0,08:59.0
CF,R,Dane Myers,Jared Jones,R,7,CIN,PIT,away,3.0,08:59.0
C,R,Jose Trevino,Jared Jones,R,8,CIN,PIT,away,3.0,08:59.0
2B,S,Edwin Arroyo,Jared Jones,R,9,CIN,PIT,away,3.0,08:59.0
CF,S,Jake Mangum,Chase Burns,R,1,CIN,PIT,home,3.0,08:59.0
2B,L,Brandon Lowe,Chase Burns,R,2,CIN,PIT,home,3.0,08:59.0
LF,S,B. Reynolds,Chase Burns,R,3,CIN,PIT,home,3.0,08:59.0
3B,R,N. Gonzales,Chase Burns,R,4,CIN,PIT,home,3.0,08:59.0
1B,L,Ryan O'Hearn,Chase Burns,R,5,CIN,PIT,home,3.0,08:59.0
DH,R,M. Ozuna,Chase Burns,R,6,CIN,PIT,home,3.0,08:59.0
C,S,E. Rodriguez,Chase Burns,R,7,CIN,PIT,home,3.0,08:59.0
RF,L,T. Callihan,Chase Burns,R,8,CIN,PIT,home,3.0,08:59.0
SS,R,Jared Triolo,Chase Burns,R,9,CIN,PIT,home,3.0,08:59.0
DH,L,C. Jensen,Davis Martin,R,1,KC,CWS,away,3.0,08:59.0
SS,R,Bobby Witt,Davis Martin,R,2,KC,CWS,away,3.0,08:59.0
1B,L,J. Caglianone,Davis Martin,R,3,KC,CWS,away,3.0,08:59.0
CF,R,Lane Thomas,Davis Martin,R,4,KC,CWS,away,3.0,08:59.0
2B,L,M. Massey,Davis Martin,R,5,KC,CWS,away,3.0,08:59.0
C,R,S. Perez,Davis Martin,R,6,KC,CWS,away,3.0,08:59.0
RF,L,John Rave,Davis Martin,R,7,KC,CWS,away,3.0,08:59.0
3B,R,Nick Loftin,Davis Martin,R,8,KC,CWS,away,3.0,08:59.0
LF,S,I. Collins,Davis Martin,R,9,KC,CWS,away,3.0,08:59.0
LF,L,S. Antonacci,Michael Wacha,R,1,KC,CWS,home,3.0,08:59.0
3B,R,M. Vargas,Michael Wacha,R,2,KC,CWS,home,3.0,08:59.0
DH,L,A. Benintendi,Michael Wacha,R,3,KC,CWS,home,3.0,08:59.0
SS,L,C. Montgomery,Michael Wacha,R,4,KC,CWS,home,3.0,08:59.0
2B,R,C. Meidroth,Michael Wacha,R,5,KC,CWS,home,3.0,08:59.0
RF,S,B. Montgomery,Michael Wacha,R,6,KC,CWS,home,3.0,08:59.0
CF,L,T. Peters,Michael Wacha,R,7,KC,CWS,home,3.0,08:59.0
1B,L,J. Gonzalez,Michael Wacha,R,8,KC,CWS,home,3.0,08:59.0
C,S,Drew Romo,Michael Wacha,R,9,KC,CWS,home,3.0,08:59.0
SS,R,Trea Turner,Christian Scott,R,1,PHI,NYM,away,3.0,08:59.0
DH,L,K. Schwarber,Christian Scott,R,2,PHI,NYM,away,3.0,08:59.0
1B,L,Bryce Harper,Christian Scott,R,3,PHI,NYM,away,3.0,08:59.0
LF,L,B. Marsh,Christian Scott,R,4,PHI,NYM,away,3.0,08:59.0
2B,L,Bryson Stott,Christian Scott,R,5,PHI,NYM,away,3.0,08:59.0
3B,R,Edmundo Sosa,Christian Scott,R,6,PHI,NYM,away,3.0,08:59.0
RF,L,G. Rincones,Christian Scott,R,7,PHI,NYM,away,3.0,08:59.0
CF,L,J. Crawford,Christian Scott,R,8,PHI,NYM,away,3.0,08:59.0
C,S,R. Marchan,Christian Scott,R,9,PHI,NYM,away,3.0,08:59.0
RF,L,Carson Benge,Alan Rangel,R,1,PHI,NYM,home,3.0,08:59.0
LF,L,Juan Soto,Alan Rangel,R,2,PHI,NYM,home,3.0,08:59.0
3B,R,Bo Bichette,Alan Rangel,R,3,PHI,NYM,home,3.0,08:59.0
SS,S,F. Lindor,Alan Rangel,R,4,PHI,NYM,home,3.0,08:59.0
1B,L,Jared Young,Alan Rangel,R,5,PHI,NYM,home,3.0,08:59.0
C,R,F. Alvarez,Alan Rangel,R,6,PHI,NYM,home,3.0,08:59.0
CF,L,A.J. Ewing,Alan Rangel,R,7,PHI,NYM,home,3.0,08:59.0
DH,R,Mark Vientos,Alan Rangel,R,8,PHI,NYM,home,3.0,08:59.0
2B,L,Brett Baty,Alan Rangel,R,9,PHI,NYM,home,3.0,08:59.0
C,L,Kyle Teel,Trey Gibson,R,1,CWS,BAL,away,0.0,19:45.4
3B,R,M. Vargas,Trey Gibson,R,2,CWS,BAL,away,0.0,19:45.4
DH,L,A. Benintendi,Trey Gibson,R,3,CWS,BAL,away,0.0,19:45.4
SS,L,C. Montgomery,Trey Gibson,R,4,CWS,BAL,away,0.0,19:45.4
RF,S,B. Montgomery,Trey Gibson,R,5,CWS,BAL,away,0.0,19:45.4
2B,R,C. Meidroth,Trey Gibson,R,6,CWS,BAL,away,0.0,19:45.4
CF,L,T. Peters,Trey Gibson,R,7,CWS,BAL,away,0.0,19:45.4
1B,L,J. Gonzalez,Trey Gibson,R,8,CWS,BAL,away,0.0,19:45.4
LF,R,Junior Perez,Trey Gibson,R,9,CWS,BAL,away,0.0,19:45.4
SS,L,G. Henderson,Erick Fedde,R,1,CWS,BAL,home,0.0,19:45.4
DH,R,Taylor Ward,Erick Fedde,R,2,CWS,BAL,home,0.0,19:45.4
LF,L,D. Beavers,Erick Fedde,R,3,CWS,BAL,home,0.0,19:45.4
1B,R,Pete Alonso,Erick Fedde,R,4,CWS,BAL,home,0.0,19:45.4
C,L,S. Basallo,Erick Fedde,R,5,CWS,BAL,home,0.0,19:45.4
RF,S,L. Taveras,Erick Fedde,R,6,CWS,BAL,home,0.0,19:45.4
CF,L,C. Cowser,Erick Fedde,R,7,CWS,BAL,home,0.0,19:45.4
3B,R,B. Alexander,Erick Fedde,R,8,CWS,BAL,home,0.0,19:45.4
2B,L,J. Holliday,Erick Fedde,R,9,CWS,BAL,home,0.0,19:45.4
DH,L,Joc Pederson,Tanner Bibee,R,1,TEX,CLE,away,0.0,19:45.4
3B,R,Josh Jung,Tanner Bibee,R,2,TEX,CLE,away,0.0,19:45.4
SS,L,Corey Seager,Tanner Bibee,R,3,TEX,CLE,away,0.0,19:45.4
1B,R,Jake Burger,Tanner Bibee,R,4,TEX,CLE,away,0.0,19:45.4
RF,R,E. Duran,Tanner Bibee,R,5,TEX,CLE,away,0.0,19:45.4
CF,L,Evan Carter,Tanner Bibee,R,6,TEX,CLE,away,0.0,19:45.4
LF,L,A. Osuna,Tanner Bibee,R,7,TEX,CLE,away,0.0,19:45.4
C,R,Elias Diaz,Tanner Bibee,R,8,TEX,CLE,away,0.0,19:45.4
2B,L,Nicky Lopez,Tanner Bibee,R,9,TEX,CLE,away,0.0,19:45.4
2B,L,T. Bazzana,Jacob deGrom,R,1,TEX,CLE,home,0.0,19:45.4
DH,L,C. DeLauter,Jacob deGrom,R,2,TEX,CLE,home,0.0,19:45.4
1B,L,K. Manzardo,Jacob deGrom,R,3,TEX,CLE,home,0.0,19:45.4
RF,L,K. Watson,Jacob deGrom,R,4,TEX,CLE,home,0.0,19:45.4
LF,L,Cooper Ingle,Jacob deGrom,R,5,TEX,CLE,home,0.0,19:45.4
SS,L,D. Schneemann,Jacob deGrom,R,6,TEX,CLE,home,0.0,19:45.4
3B,R,G. Arias,Jacob deGrom,R,7,TEX,CLE,home,0.0,19:45.4
C,S,P. Bailey,Jacob deGrom,R,8,TEX,CLE,home,0.0,19:45.4
CF,L,Steven Kwan,Jacob deGrom,R,9,TEX,CLE,home,0.0,19:45.4
SS,R,K. Griffin,C. Sanchez,L,1,PIT,PHI,away,0.0,19:45.4
RF,R,E. Valdez,C. Sanchez,L,2,PIT,PHI,away,0.0,19:45.4
LF,S,B. Reynolds,C. Sanchez,L,3,PIT,PHI,away,0.0,19:45.4
DH,R,M. Ozuna,C. Sanchez,L,4,PIT,PHI,away,0.0,19:45.4
2B,R,N. Gonzales,C. Sanchez,L,5,PIT,PHI,away,0.0,19:45.4
1B,S,E. Rodriguez,C. Sanchez,L,6,PIT,PHI,away,0.0,19:45.4
3B,R,Jared Triolo,C. Sanchez,L,7,PIT,PHI,away,0.0,19:45.4
CF,R,Billy Cook,C. Sanchez,L,8,PIT,PHI,away,0.0,19:45.4
C,R,Henry Davis,C. Sanchez,L,9,PIT,PHI,away,0.0,19:45.4
SS,R,Trea Turner,Bubba Chandler,R,1,PIT,PHI,home,0.0,19:45.4
DH,L,K. Schwarber,Bubba Chandler,R,2,PIT,PHI,home,0.0,19:45.4
1B,L,Bryce Harper,Bubba Chandler,R,3,PIT,PHI,home,0.0,19:45.4
LF,L,B. Marsh,Bubba Chandler,R,4,PIT,PHI,home,0.0,19:45.4
3B,R,Alec Bohm,Bubba Chandler,R,5,PIT,PHI,home,0.0,19:45.4
2B,L,Bryson Stott,Bubba Chandler,R,6,PIT,PHI,home,0.0,19:45.4
C,R,J. Realmuto,Bubba Chandler,R,7,PIT,PHI,home,0.0,19:45.4
RF,L,G. Rincones,Bubba Chandler,R,8,PIT,PHI,home,0.0,19:45.4
CF,L,J. Crawford,Bubba Chandler,R,9,PIT,PHI,home,0.0,19:45.4
3B,L,K. McGonigle,Cam Schlittler,R,1,DET,NYY,away,1.0,19:45.4
C,R,D. Dingler,Cam Schlittler,R,2,DET,NYY,away,1.0,19:45.4
RF,L,K. Carpenter,Cam Schlittler,R,3,DET,NYY,away,1.0,19:45.4
LF,L,Riley Greene,Cam Schlittler,R,4,DET,NYY,away,1.0,19:45.4
DH,L,Colt Keith,Cam Schlittler,R,5,DET,NYY,away,1.0,19:45.4
1B,R,S. Torkelson,Cam Schlittler,R,6,DET,NYY,away,1.0,19:45.4
SS,L,Z. McKinstry,Cam Schlittler,R,7,DET,NYY,away,1.0,19:45.4
CF,L,James Outman,Cam Schlittler,R,8,DET,NYY,away,1.0,19:45.4
2B,R,Hao-Yu Lee,Cam Schlittler,R,9,DET,NYY,away,1.0,19:45.4
1B,R,P. Goldschmidt,Tarik Skubal,L,1,DET,NYY,home,1.0,19:45.4
3B,R,Amed Rosario,Tarik Skubal,L,2,DET,NYY,home,1.0,19:45.4
DH,L,Ben Rice,Tarik Skubal,L,3,DET,NYY,home,1.0,19:45.4
RF,S,J. Dominguez,Tarik Skubal,L,4,DET,NYY,home,1.0,19:45.4
SS,R,A. Volpe,Tarik Skubal,L,5,DET,NYY,home,1.0,19:45.4
2B,R,J. Caballero,Tarik Skubal,L,6,DET,NYY,home,1.0,19:45.4
CF,L,S. Jones,Tarik Skubal,L,7,DET,NYY,home,1.0,19:45.4
LF,R,M. Schuemann,Tarik Skubal,L,8,DET,NYY,home,1.0,19:45.4
C,R,Ali Sanchez,Tarik Skubal,L,9,DET,NYY,home,1.0,19:45.4
RF,L,Carson Benge,Kevin Gausman,R,1,NYM,TOR,away,1.0,19:45.4
LF,L,Juan Soto,Kevin Gausman,R,2,NYM,TOR,away,1.0,19:45.4
3B,R,Bo Bichette,Kevin Gausman,R,3,NYM,TOR,away,1.0,19:45.4
SS,S,F. Lindor,Kevin Gausman,R,4,NYM,TOR,away,1.0,19:45.4
1B,L,Jared Young,Kevin Gausman,R,5,NYM,TOR,away,1.0,19:45.4
CF,L,A.J. Ewing,Kevin Gausman,R,6,NYM,TOR,away,1.0,19:45.4
DH,R,F. Alvarez,Kevin Gausman,R,7,NYM,TOR,away,1.0,19:45.4
2B,L,Brett Baty,Kevin Gausman,R,8,NYM,TOR,away,1.0,19:45.4
C,R,Luis Torrens,Kevin Gausman,R,9,NYM,TOR,away,1.0,19:45.4
DH,R,G. Springer,Nolan McLean,R,1,NYM,TOR,home,1.0,19:45.4
RF,L,Nathan Lukes,Nolan McLean,R,2,NYM,TOR,home,1.0,19:45.4
C,R,A. Kirk,Nolan McLean,R,3,NYM,TOR,home,1.0,19:45.4
1B,L,Sean Keys,Nolan McLean,R,4,NYM,TOR,home,1.0,19:45.4
3B,R,E. Clement,Nolan McLean,R,5,NYM,TOR,home,1.0,19:45.4
CF,L,D. Varsho,Nolan McLean,R,6,NYM,TOR,home,1.0,19:45.4
2B,R,Luis Urias,Nolan McLean,R,7,NYM,TOR,home,1.0,19:45.4
LF,L,Y. Pinango,Nolan McLean,R,8,NYM,TOR,home,1.0,19:45.4
SS,L,A. Gimenez,Nolan McLean,R,9,NYM,TOR,home,1.0,19:45.4
DH,L,James Wood,Connelly Early,L,1,WSH,BOS,away,1.0,19:45.4
1B,R,A. Chaparro,Connelly Early,L,2,WSH,BOS,away,1.0,19:45.4
3B,R,Curtis Mead,Connelly Early,L,3,WSH,BOS,away,1.0,19:45.4
SS,L,CJ Abrams,Connelly Early,L,4,WSH,BOS,away,1.0,19:45.4
RF,R,Dylan Crews,Connelly Early,L,5,WSH,BOS,away,1.0,19:45.4
CF,R,Jacob Young,Connelly Early,L,6,WSH,BOS,away,1.0,19:45.4
LF,L,Daylen Lile,Connelly Early,L,7,WSH,BOS,away,1.0,19:45.4
2B,S,Nasim Nunez,Connelly Early,L,8,WSH,BOS,away,1.0,19:45.4
C,S,Keibert Ruiz,Connelly Early,L,9,WSH,BOS,away,1.0,19:45.4
2B,L,A. Seigler,Cade Cavalli,R,1,WSH,BOS,home,1.0,19:45.4
CF,R,C. Rafaela,Cade Cavalli,R,2,WSH,BOS,home,1.0,19:45.4
RF,L,Wilyer Abreu,Cade Cavalli,R,3,WSH,BOS,home,1.0,19:45.4
1B,R,W. Contreras,Cade Cavalli,R,4,WSH,BOS,home,1.0,19:45.4
LF,L,Jarren Duran,Cade Cavalli,R,5,WSH,BOS,home,1.0,19:45.4
DH,R,R. Gonzalez,Cade Cavalli,R,6,WSH,BOS,home,1.0,19:45.4
3B,R,Caleb Durbin,Cade Cavalli,R,7,WSH,BOS,home,1.0,19:45.4
C,R,C. Narvaez,Cade Cavalli,R,8,WSH,BOS,home,1.0,19:45.4
SS,L,T. Cheng,Cade Cavalli,R,9,WSH,BOS,home,1.0,19:45.4
2B,L,J. Wetherholt,Martin Perez,L,1,STL,ATL,away,1.0,19:45.4
C,R,Ivan Herrera,Martin Perez,L,2,STL,ATL,away,1.0,19:45.4
RF,R,J. Walker,Martin Perez,L,3,STL,ATL,away,1.0,19:45.4
DH,R,N. Velazquez,Martin Perez,L,4,STL,ATL,away,1.0,19:45.4
3B,R,Jose Fermin,Martin Perez,L,5,STL,ATL,away,1.0,19:45.4
SS,R,Masyn Winn,Martin Perez,L,6,STL,ATL,away,1.0,19:45.4
LF,L,L. Nootbaar,Martin Perez,L,7,STL,ATL,away,1.0,19:45.4
1B,R,Blaze Jordan,Martin Perez,L,8,STL,ATL,away,1.0,19:45.4
CF,L,N. Church,Martin Perez,L,9,STL,ATL,away,1.0,19:45.4
DH,L,D. Baldwin,M. Liberatore,L,1,STL,ATL,home,1.0,19:45.4
2B,S,Ozzie Albies,M. Liberatore,L,2,STL,ATL,home,1.0,19:45.4
1B,L,Matt Olson,M. Liberatore,L,3,STL,ATL,home,1.0,19:45.4
CF,L,M. Harris,M. Liberatore,L,4,STL,ATL,home,1.0,19:45.4
LF,R,M. Dubon,M. Liberatore,L,5,STL,ATL,home,1.0,19:45.4
RF,R,Eli White,M. Liberatore,L,6,STL,ATL,home,1.0,19:45.4
3B,R,Austin Riley,M. Liberatore,L,7,STL,ATL,home,1.0,19:45.4
C,R,Joey Bart,M. Liberatore,L,8,STL,ATL,home,1.0,19:45.4
SS,R,Jorge Mateo,M. Liberatore,L,9,STL,ATL,home,1.0,19:45.4
DH,R,Yandy Diaz,Noah Cameron,L,1,TB,KC,away,1.0,19:45.4
1B,L,J. Aranda,Noah Cameron,L,2,TB,KC,away,1.0,19:45.4
3B,R,J. Caminero,Noah Cameron,L,3,TB,KC,away,1.0,19:45.4
RF,R,Ryan Vilade,Noah Cameron,L,4,TB,KC,away,1.0,19:45.4
CF,R,Jonny DeLuca,Noah Cameron,L,5,TB,KC,away,1.0,19:45.4
LF,L,C. Simpson,Noah Cameron,L,6,TB,KC,away,1.0,19:45.4
2B,R,B. Williamson,Noah Cameron,L,7,TB,KC,away,1.0,19:45.4
SS,S,Taylor Walls,Noah Cameron,L,8,TB,KC,away,1.0,19:45.4
C,R,Nick Fortes,Noah Cameron,L,9,TB,KC,away,1.0,19:45.4
C,L,C. Jensen,Griffin Jax,R,1,TB,KC,home,1.0,19:45.4
SS,R,Bobby Witt,Griffin Jax,R,2,TB,KC,home,1.0,19:45.4
DH,L,J. Caglianone,Griffin Jax,R,3,TB,KC,home,1.0,19:45.4
CF,R,Lane Thomas,Griffin Jax,R,4,TB,KC,home,1.0,19:45.4
2B,L,M. Massey,Griffin Jax,R,5,TB,KC,home,1.0,19:45.4
1B,R,S. Perez,Griffin Jax,R,6,TB,KC,home,1.0,19:45.4
RF,L,John Rave,Griffin Jax,R,7,TB,KC,home,1.0,19:45.4
3B,R,Nick Loftin,Griffin Jax,R,8,TB,KC,home,1.0,19:45.4
LF,S,I. Collins,Griffin Jax,R,9,TB,KC,home,1.0,19:45.4
SS,S,E. De La Cruz,Brandon Sproat,R,1,CIN,MIL,away,1.0,19:45.4
1B,R,Sal Stewart,Brandon Sproat,R,2,CIN,MIL,away,1.0,19:45.4
LF,L,JJ Bleday,Brandon Sproat,R,3,CIN,MIL,away,1.0,19:45.4
3B,R,E. Suarez,Brandon Sproat,R,4,CIN,MIL,away,1.0,19:45.4
DH,L,N. Lowe,Brandon Sproat,R,5,CIN,MIL,away,1.0,19:45.4
RF,R,Noelvi Marte,Brandon Sproat,R,6,CIN,MIL,away,1.0,19:45.4
2B,S,Edwin Arroyo,Brandon Sproat,R,7,CIN,MIL,away,1.0,19:45.4
C,R,Jose Trevino,Brandon Sproat,R,8,CIN,MIL,away,1.0,19:45.4
CF,L,TJ Friedl,Brandon Sproat,R,9,CIN,MIL,away,1.0,19:45.4
DH,L,C. Yelich,Rhett Lowder,R,1,CIN,MIL,home,1.0,19:45.4
LF,R,J. Chourio,Rhett Lowder,R,2,CIN,MIL,home,1.0,19:45.4
2B,L,Brice Turang,Rhett Lowder,R,3,CIN,MIL,home,1.0,19:45.4
C,R,W. Contreras,Rhett Lowder,R,4,CIN,MIL,home,1.0,19:45.4
1B,L,Jake Bauers,Rhett Lowder,R,5,CIN,MIL,home,1.0,19:45.4
CF,L,G. Mitchell,Rhett Lowder,R,6,CIN,MIL,home,1.0,19:45.4
RF,L,Sal Frelick,Rhett Lowder,R,7,CIN,MIL,home,1.0,19:45.4
SS,R,Joey Ortiz,Rhett Lowder,R,8,CIN,MIL,home,1.0,19:45.4
3B,L,D. Hamilton,Rhett Lowder,R,9,CIN,MIL,home,1.0,19:45.4
2B,R,F. Tatis,Matthew Boyd,L,1,SD,CHC,away,2.0,19:45.4
LF,R,Samad Taylor,Matthew Boyd,L,2,SD,CHC,away,2.0,19:45.4
3B,R,M. Machado,Matthew Boyd,L,3,SD,CHC,away,2.0,19:45.4
DH,R,M. Andujar,Matthew Boyd,L,4,SD,CHC,away,2.0,19:45.4
1B,R,Ty France,Matthew Boyd,L,5,SD,CHC,away,2.0,19:45.4
CF,L,J. Merrill,Matthew Boyd,L,6,SD,CHC,away,2.0,19:45.4
SS,R,X. Bogaerts,Matthew Boyd,L,7,SD,CHC,away,2.0,19:45.4
RF,R,Jase Bowen,Matthew Boyd,L,8,SD,CHC,away,2.0,19:45.4
C,R,F. Fermin,Matthew Boyd,L,9,SD,CHC,away,2.0,19:45.4
CF,L,P. Crow-Armstrong,JP Sears,L,1,SD,CHC,home,2.0,19:45.4
3B,R,Alex Bregman,JP Sears,L,2,SD,CHC,home,2.0,19:45.4
DH,R,Seiya Suzuki,JP Sears,L,3,SD,CHC,home,2.0,19:45.4
C,R,Carson Kelly,JP Sears,L,4,SD,CHC,home,2.0,19:45.4
1B,L,M. Busch,JP Sears,L,5,SD,CHC,home,2.0,19:45.4
2B,R,Nico Hoerner,JP Sears,L,6,SD,CHC,home,2.0,19:45.4
LF,S,Ian Happ,JP Sears,L,7,SD,CHC,home,2.0,19:45.4
SS,R,D. Swanson,JP Sears,L,8,SD,CHC,home,2.0,19:45.4
RF,R,K. Alcantara,JP Sears,L,9,SD,CHC,home,2.0,19:45.4
LF,L,T. Larnach,Mike Burrows,R,1,MIN,HOU,away,2.0,19:45.4
3B,S,Brooks Lee,Mike Burrows,R,2,MIN,HOU,away,2.0,19:45.4
2B,L,Kody Clemens,Mike Burrows,R,3,MIN,HOU,away,2.0,19:45.4
DH,S,Josh Bell,Mike Burrows,R,4,MIN,HOU,away,2.0,19:45.4
1B,R,Royce Lewis,Mike Burrows,R,5,MIN,HOU,away,2.0,19:45.4
C,S,V. Caratini,Mike Burrows,R,6,MIN,HOU,away,2.0,19:45.4
CF,R,R. Kreidler,Mike Burrows,R,7,MIN,HOU,away,2.0,19:45.4
SS,L,Tristan Gray,Mike Burrows,R,8,MIN,HOU,away,2.0,19:45.4
RF,R,A. Martin,Mike Burrows,R,9,MIN,HOU,away,2.0,19:45.4
2B,R,Jose Altuve,Joe Ryan,R,1,MIN,HOU,home,2.0,19:45.4
LF,L,Y. Alvarez,Joe Ryan,R,2,MIN,HOU,home,2.0,19:45.4
DH,R,I. Paredes,Joe Ryan,R,3,MIN,HOU,home,2.0,19:45.4
1B,R,C. Walker,Joe Ryan,R,4,MIN,HOU,home,2.0,19:45.4
RF,R,Cam Smith,Joe Ryan,R,5,MIN,HOU,home,2.0,19:45.4
CF,L,T. Trammell,Joe Ryan,R,6,MIN,HOU,home,2.0,19:45.4
C,R,Yainer Diaz,Joe Ryan,R,7,MIN,HOU,home,2.0,19:45.4
SS,R,Nick Allen,Joe Ryan,R,8,MIN,HOU,home,2.0,19:45.4
3B,L,R. Delgado,Joe Ryan,R,9,MIN,HOU,home,2.0,19:45.4
1B,L,Liam Hicks,Tanner Gordon,R,1,MIA,COL,away,2.0,19:45.4
DH,L,Kyle Stowers,Tanner Gordon,R,2,MIA,COL,away,2.0,19:45.4
LF,L,G. Conine,Tanner Gordon,R,3,MIA,COL,away,2.0,19:45.4
2B,S,X. Edwards,Tanner Gordon,R,4,MIA,COL,away,2.0,19:45.4
CF,L,Jakob Marsee,Tanner Gordon,R,5,MIA,COL,away,2.0,19:45.4
RF,L,Owen Caissie,Tanner Gordon,R,6,MIA,COL,away,2.0,19:45.4
SS,R,J. Sanoja,Tanner Gordon,R,7,MIA,COL,away,2.0,19:45.4
C,L,Joe Mack,Tanner Gordon,R,8,MIA,COL,away,2.0,19:45.4
3B,R,Leo Jimenez,Tanner Gordon,R,9,MIA,COL,away,2.0,19:45.4
RF,L,J. McCarthy,Eury Perez,R,1,MIA,COL,home,2.0,19:45.4
LF,L,M. Moniak,Eury Perez,R,2,MIA,COL,home,2.0,19:45.4
C,R,H. Goodman,Eury Perez,R,3,MIA,COL,home,2.0,19:45.4
1B,L,TJ Rumfield,Eury Perez,R,4,MIA,COL,home,2.0,19:45.4
CF,S,Cole Carrigg,Eury Perez,R,5,MIA,COL,home,2.0,19:45.4
DH,R,T. Freeman,Eury Perez,R,6,MIA,COL,home,2.0,19:45.4
2B,L,E. Julien,Eury Perez,R,7,MIA,COL,home,2.0,19:45.4
3B,R,Kyle Karros,Eury Perez,R,8,MIA,COL,home,2.0,19:45.4
SS,R,E. Tovar,Eury Perez,R,9,MIA,COL,home,2.0,19:45.4
DH,L,S. Ohtani,Jeffrey Springs,L,1,LAD,ATH,away,3.0,19:45.4
CF,R,Andy Pages,Jeffrey Springs,L,2,LAD,ATH,away,3.0,19:45.4
1B,L,F. Freeman,Jeffrey Springs,L,3,LAD,ATH,away,3.0,19:45.4
SS,R,Mookie Betts,Jeffrey Springs,L,4,LAD,ATH,away,3.0,19:45.4
LF,R,T. Hernandez,Jeffrey Springs,L,5,LAD,ATH,away,3.0,19:45.4
RF,L,Kyle Tucker,Jeffrey Springs,L,6,LAD,ATH,away,3.0,19:45.4
3B,S,Tommy Edman,Jeffrey Springs,L,7,LAD,ATH,away,3.0,19:45.4
2B,R,Miguel Rojas,Jeffrey Springs,L,8,LAD,ATH,away,3.0,19:45.4
C,L,D. Rushing,Jeffrey Springs,L,9,LAD,ATH,away,3.0,19:45.4
CF,R,Henry Bolte,Justin Wrobleski,L,1,LAD,ATH,home,3.0,19:45.4
C,R,S. Langeliers,Justin Wrobleski,L,2,LAD,ATH,home,3.0,19:45.4
1B,L,Nick Kurtz,Justin Wrobleski,L,3,LAD,ATH,home,3.0,19:45.4
DH,S,Jonah Heim,Justin Wrobleski,L,4,LAD,ATH,home,3.0,19:45.4
LF,R,Joey Meneses,Justin Wrobleski,L,5,LAD,ATH,home,3.0,19:45.4
RF,R,Colby Thomas,Justin Wrobleski,L,6,LAD,ATH,home,3.0,19:45.4
3B,R,Max Muncy,Justin Wrobleski,L,7,LAD,ATH,home,3.0,19:45.4
SS,R,A. Williams,Justin Wrobleski,L,8,LAD,ATH,home,3.0,19:45.4
2B,R,J. Kuroda-Grauer,Justin Wrobleski,L,9,LAD,ATH,home,3.0,19:45.4
SS,R,Zach Neto,Bryan Woo,R,1,LAA,SEA,away,3.0,19:45.4
3B,R,D. Guzman,Bryan Woo,R,2,LAA,SEA,away,3.0,19:45.4
1B,L,N. Schanuel,Bryan Woo,R,3,LAA,SEA,away,3.0,19:45.4
DH,R,Jorge Soler,Bryan Woo,R,4,LAA,SEA,away,3.0,19:45.4
LF,L,Wade Meckler,Bryan Woo,R,5,LAA,SEA,away,3.0,19:45.4
RF,R,Jo Adell,Bryan Woo,R,6,LAA,SEA,away,3.0,19:45.4
2B,L,D. Walton,Bryan Woo,R,7,LAA,SEA,away,3.0,19:45.4
C,R,L. O'Hoppe,Bryan Woo,R,8,LAA,SEA,away,3.0,19:45.4
CF,L,Josh Lowe,Bryan Woo,R,9,LAA,SEA,away,3.0,19:45.4
3B,L,J. Crawford,Jose Soriano,R,1,LAA,SEA,home,3.0,19:45.4
CF,R,J. Rodriguez,Jose Soriano,R,2,LAA,SEA,home,3.0,19:45.4
1B,L,Josh Naylor,Jose Soriano,R,3,LAA,SEA,home,3.0,19:45.4
DH,R,R. Arozarena,Jose Soriano,R,4,LAA,SEA,home,3.0,19:45.4
C,S,Cal Raleigh,Jose Soriano,R,5,LAA,SEA,home,3.0,19:45.4
2B,L,Cole Young,Jose Soriano,R,6,LAA,SEA,home,3.0,19:45.4
SS,L,Colt Emerson,Jose Soriano,R,7,LAA,SEA,home,3.0,19:45.4
LF,R,V. Robles,Jose Soriano,R,8,LAA,SEA,home,3.0,19:45.4
RF,R,W. Wilson,Jose Soriano,R,9,LAA,SEA,home,3.0,19:45.4
2B,L,Luis Arraez,Brandon Pfaadt,R,1,SF,ARI,away,3.0,19:45.4
DH,L,B. Eldridge,Brandon Pfaadt,R,2,SF,ARI,away,3.0,19:45.4
SS,R,C. Schmitt,Brandon Pfaadt,R,3,SF,ARI,away,3.0,19:45.4
1B,L,R. Devers,Brandon Pfaadt,R,4,SF,ARI,away,3.0,19:45.4
RF,L,Jung Hoo Lee,Brandon Pfaadt,R,5,SF,ARI,away,3.0,19:45.4
LF,R,Heliot Ramos,Brandon Pfaadt,R,6,SF,ARI,away,3.0,19:45.4
3B,R,Matt Chapman,Brandon Pfaadt,R,7,SF,ARI,away,3.0,19:45.4
CF,L,Drew Gilbert,Brandon Pfaadt,R,8,SF,ARI,away,3.0,19:45.4
C,L,D. Cavanaugh,Brandon Pfaadt,R,9,SF,ARI,away,3.0,19:45.4
2B,S,Ketel Marte,Landen Roupp,R,1,SF,ARI,home,3.0,19:45.4
SS,S,G. Perdomo,Landen Roupp,R,2,SF,ARI,home,3.0,19:45.4
RF,L,C. Carroll,Landen Roupp,R,3,SF,ARI,home,3.0,19:45.4
C,R,G. Moreno,Landen Roupp,R,4,SF,ARI,home,3.0,19:45.4
DH,R,L. Gurriel,Landen Roupp,R,5,SF,ARI,home,3.0,19:45.4
LF,L,Max Kepler,Landen Roupp,R,6,SF,ARI,home,3.0,19:45.4
3B,R,N. Arenado,Landen Roupp,R,7,SF,ARI,home,3.0,19:45.4
1B,L,Pavin Smith,Landen Roupp,R,8,SF,ARI,home,3.0,19:45.4
CF,S,J. Barrosa,Landen Roupp,R,9,SF,ARI,home,3.0,19:45.4
CF,S,Jake Mangum,Alan Rangel,R,1,PIT,PHI,away,0.0,16:50.3
2B,L,Brandon Lowe,Alan Rangel,R,2,PIT,PHI,away,0.0,16:50.3
LF,S,B. Reynolds,Alan Rangel,R,3,PIT,PHI,away,0.0,16:50.3
RF,R,E. Valdez,Alan Rangel,R,4,PIT,PHI,away,0.0,16:50.3
1B,L,Ryan O'Hearn,Alan Rangel,R,5,PIT,PHI,away,0.0,16:50.3
3B,R,N. Gonzales,Alan Rangel,R,6,PIT,PHI,away,0.0,16:50.3
DH,R,M. Ozuna,Alan Rangel,R,7,PIT,PHI,away,0.0,16:50.3
C,S,E. Rodriguez,Alan Rangel,R,8,PIT,PHI,away,0.0,16:50.3
SS,R,Jared Triolo,Alan Rangel,R,9,PIT,PHI,away,0.0,16:50.3
SS,R,Trea Turner,Jared Jones,R,1,PIT,PHI,home,0.0,16:50.3
DH,L,K. Schwarber,Jared Jones,R,2,PIT,PHI,home,0.0,16:50.3
1B,L,Bryce Harper,Jared Jones,R,3,PIT,PHI,home,0.0,16:50.3
LF,L,B. Marsh,Jared Jones,R,4,PIT,PHI,home,0.0,16:50.3
3B,R,Alec Bohm,Jared Jones,R,5,PIT,PHI,home,0.0,16:50.3
2B,L,Bryson Stott,Jared Jones,R,6,PIT,PHI,home,0.0,16:50.3
RF,L,G. Rincones,Jared Jones,R,7,PIT,PHI,home,0.0,16:50.3
CF,L,J. Crawford,Jared Jones,R,8,PIT,PHI,home,0.0,16:50.3
C,S,R. Marchan,Jared Jones,R,9,PIT,PHI,home,0.0,16:50.3
SS,S,E. De La Cruz,J. Misiorowski,R,1,CIN,MIL,away,2.0,16:50.3
3B,R,Sal Stewart,J. Misiorowski,R,2,CIN,MIL,away,2.0,16:50.3
LF,L,JJ Bleday,J. Misiorowski,R,3,CIN,MIL,away,2.0,16:50.3
DH,R,E. Suarez,J. Misiorowski,R,4,CIN,MIL,away,2.0,16:50.3
1B,L,N. Lowe,J. Misiorowski,R,5,CIN,MIL,away,2.0,16:50.3
RF,R,Noelvi Marte,J. Misiorowski,R,6,CIN,MIL,away,2.0,16:50.3
2B,S,Edwin Arroyo,J. Misiorowski,R,7,CIN,MIL,away,2.0,16:50.3
C,R,Jose Trevino,J. Misiorowski,R,8,CIN,MIL,away,2.0,16:50.3
CF,L,TJ Friedl,J. Misiorowski,R,9,CIN,MIL,away,2.0,16:50.3
DH,L,C. Yelich,Chase Burns,R,1,CIN,MIL,home,2.0,16:50.3
LF,R,J. Chourio,Chase Burns,R,2,CIN,MIL,home,2.0,16:50.3
2B,L,Brice Turang,Chase Burns,R,3,CIN,MIL,home,2.0,16:50.3
C,R,W. Contreras,Chase Burns,R,4,CIN,MIL,home,2.0,16:50.3
1B,L,Jake Bauers,Chase Burns,R,5,CIN,MIL,home,2.0,16:50.3
CF,L,G. Mitchell,Chase Burns,R,6,CIN,MIL,home,2.0,16:50.3
RF,L,Sal Frelick,Chase Burns,R,7,CIN,MIL,home,2.0,16:50.3
SS,R,Cooper Pratt,Chase Burns,R,8,CIN,MIL,home,2.0,16:50.3
3B,L,D. Hamilton,Chase Burns,R,9,CIN,MIL,home,2.0,16:50.3
1B,L,Liam Hicks,Michael Lorenzen,R,1,MIA,COL,away,3.0,16:50.3
SS,R,Otto Lopez,Michael Lorenzen,R,2,MIA,COL,away,3.0,16:50.3
LF,L,Kyle Stowers,Michael Lorenzen,R,3,MIA,COL,away,3.0,16:50.3
2B,S,X. Edwards,Michael Lorenzen,R,4,MIA,COL,away,3.0,16:50.3
DH,L,G. Conine,Michael Lorenzen,R,5,MIA,COL,away,3.0,16:50.3
CF,L,Jakob Marsee,Michael Lorenzen,R,6,MIA,COL,away,3.0,16:50.3
RF,L,Owen Caissie,Michael Lorenzen,R,7,MIA,COL,away,3.0,16:50.3
C,L,Joe Mack,Michael Lorenzen,R,8,MIA,COL,away,3.0,16:50.3
3B,R,J. Sanoja,Michael Lorenzen,R,9,MIA,COL,away,3.0,16:50.3
RF,L,J. McCarthy,Ryan Gusto,R,1,MIA,COL,home,3.0,16:50.3
LF,L,M. Moniak,Ryan Gusto,R,2,MIA,COL,home,3.0,16:50.3
1B,L,TJ Rumfield,Ryan Gusto,R,3,MIA,COL,home,3.0,16:50.3
SS,S,Willi Castro,Ryan Gusto,R,4,MIA,COL,home,3.0,16:50.3
DH,L,T. Johnston,Ryan Gusto,R,5,MIA,COL,home,3.0,16:50.3
CF,S,Cole Carrigg,Ryan Gusto,R,6,MIA,COL,home,3.0,16:50.3
3B,R,Kyle Karros,Ryan Gusto,R,7,MIA,COL,home,3.0,16:50.3
C,L,B. Sullivan,Ryan Gusto,R,8,MIA,COL,home,3.0,16:50.3
2B,L,E. Julien,Ryan Gusto,R,9,MIA,COL,home,3.0,16:50.3
C,L,C. Jensen,Shane Baz,R,1,KC,BAL,away,0.0,2026-07-12 13:20:32.005018
SS,R,Bobby Witt,Shane Baz,R,2,KC,BAL,away,0.0,2026-07-12 13:20:32.005018
RF,L,J. Caglianone,Shane Baz,R,3,KC,BAL,away,0.0,2026-07-12 13:20:32.005018
CF,R,Lane Thomas,Shane Baz,R,4,KC,BAL,away,0.0,2026-07-12 13:20:32.005018
DH,L,V. Pasquantino,Shane Baz,R,5,KC,BAL,away,0.0,2026-07-12 13:20:32.005018
1B,R,S. Perez,Shane Baz,R,6,KC,BAL,away,0.0,2026-07-12 13:20:32.005018
2B,L,M. Massey,Shane Baz,R,7,KC,BAL,away,0.0,2026-07-12 13:20:32.005018
3B,L,Josh Rojas,Shane Baz,R,8,KC,BAL,away,0.0,2026-07-12 13:20:32.005018
LF,S,I. Collins,Shane Baz,R,9,KC,BAL,away,0.0,2026-07-12 13:20:32.005018
SS,L,G. Henderson,Seth Lugo,R,1,KC,BAL,home,0.0,2026-07-12 13:20:32.005018
DH,R,Taylor Ward,Seth Lugo,R,2,KC,BAL,home,0.0,2026-07-12 13:20:32.005018
LF,L,D. Beavers,Seth Lugo,R,3,KC,BAL,home,0.0,2026-07-12 13:20:32.005018
1B,R,Pete Alonso,Seth Lugo,R,4,KC,BAL,home,0.0,2026-07-12 13:20:32.005018
C,L,S. Basallo,Seth Lugo,R,5,KC,BAL,home,0.0,2026-07-12 13:20:32.005018
3B,R,B. Alexander,Seth Lugo,R,6,KC,BAL,home,0.0,2026-07-12 13:20:32.005018
CF,L,C. Cowser,Seth Lugo,R,7,KC,BAL,home,0.0,2026-07-12 13:20:32.005018
RF,S,L. Taveras,Seth Lugo,R,8,KC,BAL,home,0.0,2026-07-12 13:20:32.005018
2B,L,J. Holliday,Seth Lugo,R,9,KC,BAL,home,0.0,2026-07-12 13:20:32.005018
CF,L,T. Grisham,Cade Cavalli,R,1,NYY,WSH,away,0.0,2026-07-12 13:20:32.005018
1B,L,Ben Rice,Cade Cavalli,R,2,NYY,WSH,away,0.0,2026-07-12 13:20:32.005018
DH,S,J. Dominguez,Cade Cavalli,R,3,NYY,WSH,away,0.0,2026-07-12 13:20:32.005018
LF,L,C. Bellinger,Cade Cavalli,R,4,NYY,WSH,away,0.0,2026-07-12 13:20:32.005018
2B,L,J. Chisholm,Cade Cavalli,R,5,NYY,WSH,away,0.0,2026-07-12 13:20:32.005018
SS,R,J. Caballero,Cade Cavalli,R,6,NYY,WSH,away,0.0,2026-07-12 13:20:32.005018
3B,L,Ryan McMahon,Cade Cavalli,R,7,NYY,WSH,away,0.0,2026-07-12 13:20:32.005018
C,L,Austin Wells,Cade Cavalli,R,8,NYY,WSH,away,0.0,2026-07-12 13:20:32.005018
RF,R,M. Schuemann,Cade Cavalli,R,9,NYY,WSH,away,0.0,2026-07-12 13:20:32.005018
RF,L,James Wood,Will Warren,R,1,NYY,WSH,home,0.0,2026-07-12 13:20:32.005018
1B,L,Luis Garcia,Will Warren,R,2,NYY,WSH,home,0.0,2026-07-12 13:20:32.005018
DH,L,A. Ortiz,Will Warren,R,3,NYY,WSH,home,0.0,2026-07-12 13:20:32.005018
SS,L,CJ Abrams,Will Warren,R,4,NYY,WSH,home,0.0,2026-07-12 13:20:32.005018
CF,R,Dylan Crews,Will Warren,R,5,NYY,WSH,home,0.0,2026-07-12 13:20:32.005018
LF,L,Daylen Lile,Will Warren,R,6,NYY,WSH,home,0.0,2026-07-12 13:20:32.005018
2B,L,Jose Tena,Will Warren,R,7,NYY,WSH,home,0.0,2026-07-12 13:20:32.005018
3B,L,Jorbit Vivas,Will Warren,R,8,NYY,WSH,home,0.0,2026-07-12 13:20:32.005018
C,S,Keibert Ruiz,Will Warren,R,9,NYY,WSH,home,0.0,2026-07-12 13:20:32.005018
SS,R,Trea Turner,Tarik Skubal,L,1,PHI,DET,away,0.0,2026-07-12 13:20:32.005018
DH,L,K. Schwarber,Tarik Skubal,L,2,PHI,DET,away,0.0,2026-07-12 13:20:32.005018
1B,L,Bryce Harper,Tarik Skubal,L,3,PHI,DET,away,0.0,2026-07-12 13:20:32.005018
3B,R,Alec Bohm,Tarik Skubal,L,4,PHI,DET,away,0.0,2026-07-12 13:20:32.005018
LF,R,Edmundo Sosa,Tarik Skubal,L,5,PHI,DET,away,0.0,2026-07-12 13:20:32.005018
RF,L,B. Marsh,Tarik Skubal,L,6,PHI,DET,away,0.0,2026-07-12 13:20:32.005018
CF,R,Derek Hill,Tarik Skubal,L,7,PHI,DET,away,0.0,2026-07-12 13:20:32.005018
C,R,J. Realmuto,Tarik Skubal,L,8,PHI,DET,away,0.0,2026-07-12 13:20:32.005018
2B,L,Bryson Stott,Tarik Skubal,L,9,PHI,DET,away,0.0,2026-07-12 13:20:32.005018
SS,L,K. McGonigle,Zack Wheeler,R,1,PHI,DET,home,0.0,2026-07-12 13:20:32.005018
C,R,D. Dingler,Zack Wheeler,R,2,PHI,DET,home,0.0,2026-07-12 13:20:32.005018
3B,L,Colt Keith,Zack Wheeler,R,3,PHI,DET,home,0.0,2026-07-12 13:20:32.005018
LF,L,Riley Greene,Zack Wheeler,R,4,PHI,DET,home,0.0,2026-07-12 13:20:32.005018
1B,R,S. Torkelson,Zack Wheeler,R,5,PHI,DET,home,0.0,2026-07-12 13:20:32.005018
DH,L,K. Carpenter,Zack Wheeler,R,6,PHI,DET,home,0.0,2026-07-12 13:20:32.005018
2B,L,Z. McKinstry,Zack Wheeler,R,7,PHI,DET,home,0.0,2026-07-12 13:20:32.005018
RF,R,M. Vierling,Zack Wheeler,R,8,PHI,DET,home,0.0,2026-07-12 13:20:32.005018
CF,L,James Outman,Zack Wheeler,R,9,PHI,DET,home,0.0,2026-07-12 13:20:32.005018
CF,L,P. Crow-Armstrong,Andrew Abbott,L,1,CHC,CIN,away,0.0,2026-07-12 13:20:32.005018
RF,R,Seiya Suzuki,Andrew Abbott,L,2,CHC,CIN,away,0.0,2026-07-12 13:20:32.005018
3B,R,Alex Bregman,Andrew Abbott,L,3,CHC,CIN,away,0.0,2026-07-12 13:20:32.005018
C,R,Carson Kelly,Andrew Abbott,L,4,CHC,CIN,away,0.0,2026-07-12 13:20:32.005018
1B,L,M. Busch,Andrew Abbott,L,5,CHC,CIN,away,0.0,2026-07-12 13:20:32.005018
2B,R,Nico Hoerner,Andrew Abbott,L,6,CHC,CIN,away,0.0,2026-07-12 13:20:32.005018
LF,S,Ian Happ,Andrew Abbott,L,7,CHC,CIN,away,0.0,2026-07-12 13:20:32.005018
SS,R,D. Swanson,Andrew Abbott,L,8,CHC,CIN,away,0.0,2026-07-12 13:20:32.005018
DH,R,K. Alcantara,Andrew Abbott,L,9,CHC,CIN,away,0.0,2026-07-12 13:20:32.005018
SS,S,E. De La Cruz,Matthew Boyd,L,1,CHC,CIN,home,0.0,2026-07-12 13:20:32.005018
1B,R,Sal Stewart,Matthew Boyd,L,2,CHC,CIN,home,0.0,2026-07-12 13:20:32.005018
CF,R,S. Steer,Matthew Boyd,L,3,CHC,CIN,home,0.0,2026-07-12 13:20:32.005018
LF,L,JJ Bleday,Matthew Boyd,L,4,CHC,CIN,home,0.0,2026-07-12 13:20:32.005018
DH,R,E. Suarez,Matthew Boyd,L,5,CHC,CIN,home,0.0,2026-07-12 13:20:32.005018
C,R,T. Stephenson,Matthew Boyd,L,6,CHC,CIN,home,0.0,2026-07-12 13:20:32.005018
RF,R,Noelvi Marte,Matthew Boyd,L,7,CHC,CIN,home,0.0,2026-07-12 13:20:32.005018
2B,S,Edwin Arroyo,Matthew Boyd,L,8,CHC,CIN,home,0.0,2026-07-12 13:20:32.005018
3B,R,K. Hayes,Matthew Boyd,L,9,CHC,CIN,home,0.0,2026-07-12 13:20:32.005018
2B,L,A. Seigler,Zach Thornton,L,1,BOS,NYM,away,0.0,2026-07-12 13:20:32.005018
CF,R,C. Rafaela,Zach Thornton,L,2,BOS,NYM,away,0.0,2026-07-12 13:20:32.005018
RF,L,Wilyer Abreu,Zach Thornton,L,3,BOS,NYM,away,0.0,2026-07-12 13:20:32.005018
1B,R,R. Gonzalez,Zach Thornton,L,4,BOS,NYM,away,0.0,2026-07-12 13:20:32.005018
3B,R,Caleb Durbin,Zach Thornton,L,5,BOS,NYM,away,0.0,2026-07-12 13:20:32.005018
SS,R,A. Monasterio,Zach Thornton,L,6,BOS,NYM,away,0.0,2026-07-12 13:20:32.005018
DH,L,Jarren Duran,Zach Thornton,L,7,BOS,NYM,away,0.0,2026-07-12 13:20:32.005018
LF,R,Nate Eaton,Zach Thornton,L,8,BOS,NYM,away,0.0,2026-07-12 13:20:32.005018
C,R,Connor Wong,Zach Thornton,L,9,BOS,NYM,away,0.0,2026-07-12 13:20:32.005018
CF,L,A.J. Ewing,Payton Tolle,L,1,BOS,NYM,home,0.0,2026-07-12 13:20:32.005018
DH,L,Juan Soto,Payton Tolle,L,2,BOS,NYM,home,0.0,2026-07-12 13:20:32.005018
SS,S,F. Lindor,Payton Tolle,L,3,BOS,NYM,home,0.0,2026-07-12 13:20:32.005018
1B,R,Eric Wagaman,Payton Tolle,L,4,BOS,NYM,home,0.0,2026-07-12 13:20:32.005018
RF,L,Carson Benge,Payton Tolle,L,5,BOS,NYM,home,0.0,2026-07-12 13:20:32.005018
LF,R,T. Taylor,Payton Tolle,L,6,BOS,NYM,home,0.0,2026-07-12 13:20:32.005018
C,R,Luis Torrens,Payton Tolle,L,7,BOS,NYM,home,0.0,2026-07-12 13:20:32.005018
3B,L,Brett Baty,Payton Tolle,L,8,BOS,NYM,home,0.0,2026-07-12 13:20:32.005018
2B,R,Zack Short,Payton Tolle,L,9,BOS,NYM,home,0.0,2026-07-12 13:20:32.005018
2B,L,T. Bazzana,Tyler Phillips,R,1,CLE,MIA,away,0.0,2026-07-12 13:20:32.005018
SS,S,B. Rocchio,Tyler Phillips,R,2,CLE,MIA,away,0.0,2026-07-12 13:20:32.005018
DH,L,C. DeLauter,Tyler Phillips,R,3,CLE,MIA,away,0.0,2026-07-12 13:20:32.005018
1B,L,K. Manzardo,Tyler Phillips,R,4,CLE,MIA,away,0.0,2026-07-12 13:20:32.005018
RF,L,K. Watson,Tyler Phillips,R,5,CLE,MIA,away,0.0,2026-07-12 13:20:32.005018
3B,R,G. Arias,Tyler Phillips,R,6,CLE,MIA,away,0.0,2026-07-12 13:20:32.005018
CF,L,Petey Halpin,Tyler Phillips,R,7,CLE,MIA,away,0.0,2026-07-12 13:20:32.005018
C,S,P. Bailey,Tyler Phillips,R,8,CLE,MIA,away,0.0,2026-07-12 13:20:32.005018
LF,L,Steven Kwan,Tyler Phillips,R,9,CLE,MIA,away,0.0,2026-07-12 13:20:32.005018
SS,R,Otto Lopez,Joey Cantillo,L,1,CLE,MIA,home,0.0,2026-07-12 13:20:32.005018
LF,R,H. Hernandez,Joey Cantillo,L,2,CLE,MIA,home,0.0,2026-07-12 13:20:32.005018
1B,L,Liam Hicks,Joey Cantillo,L,3,CLE,MIA,home,0.0,2026-07-12 13:20:32.005018
2B,S,X. Edwards,Joey Cantillo,L,4,CLE,MIA,home,0.0,2026-07-12 13:20:32.005018
RF,R,J. Sanoja,Joey Cantillo,L,5,CLE,MIA,home,0.0,2026-07-12 13:20:32.005018
3B,R,Leo Jimenez,Joey Cantillo,L,6,CLE,MIA,home,0.0,2026-07-12 13:20:32.005018
CF,R,Esteury Ruiz,Joey Cantillo,L,7,CLE,MIA,home,0.0,2026-07-12 13:20:32.005018
DH,R,Rece Hinds,Joey Cantillo,L,8,CLE,MIA,home,0.0,2026-07-12 13:20:32.005018
C,R,B. Navarreto,Joey Cantillo,L,9,CLE,MIA,home,0.0,2026-07-12 13:20:32.005018
SS,L,J. Crawford,Ian Seymour,L,1,SEA,TB,away,0.0,2026-07-12 13:20:32.005018
LF,R,R. Arozarena,Ian Seymour,L,2,SEA,TB,away,0.0,2026-07-12 13:20:32.005018
DH,S,Cal Raleigh,Ian Seymour,L,3,SEA,TB,away,0.0,2026-07-12 13:20:32.005018
1B,L,Josh Naylor,Ian Seymour,L,4,SEA,TB,away,0.0,2026-07-12 13:20:32.005018
C,R,Mitch Garver,Ian Seymour,L,5,SEA,TB,away,0.0,2026-07-12 13:20:32.005018
2B,L,Cole Young,Ian Seymour,L,6,SEA,TB,away,0.0,2026-07-12 13:20:32.005018
CF,R,V. Robles,Ian Seymour,L,7,SEA,TB,away,0.0,2026-07-12 13:20:32.005018
RF,R,W. Wilson,Ian Seymour,L,8,SEA,TB,away,0.0,2026-07-12 13:20:32.005018
3B,R,B. Kennedy,Ian Seymour,L,9,SEA,TB,away,0.0,2026-07-12 13:20:32.005018
DH,R,Yandy Diaz,Emerson Hancock,R,1,SEA,TB,home,0.0,2026-07-12 13:20:32.005018
1B,L,J. Aranda,Emerson Hancock,R,2,SEA,TB,home,0.0,2026-07-12 13:20:32.005018
3B,R,J. Caminero,Emerson Hancock,R,3,SEA,TB,home,0.0,2026-07-12 13:20:32.005018
CF,L,C. Mullins,Emerson Hancock,R,4,SEA,TB,home,0.0,2026-07-12 13:20:32.005018
LF,L,C. Simpson,Emerson Hancock,R,5,SEA,TB,home,0.0,2026-07-12 13:20:32.005018
RF,L,Victor Mesa,Emerson Hancock,R,6,SEA,TB,home,0.0,2026-07-12 13:20:32.005018
SS,S,Taylor Walls,Emerson Hancock,R,7,SEA,TB,home,0.0,2026-07-12 13:20:32.005018
2B,L,R. Palacios,Emerson Hancock,R,8,SEA,TB,home,0.0,2026-07-12 13:20:32.005018
C,L,H. Feduccia,Emerson Hancock,R,9,SEA,TB,home,0.0,2026-07-12 13:20:32.005018
SS,R,Jacob Wilson,Noah Schultz,L,1,ATH,CWS,away,1.0,2026-07-12 13:20:32.005018
3B,R,J. Kuroda-Grauer,Noah Schultz,L,2,ATH,CWS,away,1.0,2026-07-12 13:20:32.005018
C,R,S. Langeliers,Noah Schultz,L,3,ATH,CWS,away,1.0,2026-07-12 13:20:32.005018
DH,S,Jonah Heim,Noah Schultz,L,4,ATH,CWS,away,1.0,2026-07-12 13:20:32.005018
LF,R,Colby Thomas,Noah Schultz,L,5,ATH,CWS,away,1.0,2026-07-12 13:20:32.005018
1B,R,Joey Meneses,Noah Schultz,L,6,ATH,CWS,away,1.0,2026-07-12 13:20:32.005018
RF,L,L. Butler,Noah Schultz,L,7,ATH,CWS,away,1.0,2026-07-12 13:20:32.005018
CF,R,Henry Bolte,Noah Schultz,L,8,ATH,CWS,away,1.0,2026-07-12 13:20:32.005018
2B,R,A. Williams,Noah Schultz,L,9,ATH,CWS,away,1.0,2026-07-12 13:20:32.005018
LF,L,S. Antonacci,J.T. Ginn,R,1,ATH,CWS,home,1.0,2026-07-12 13:20:32.005018
1B,L,M. Murakami,J.T. Ginn,R,2,ATH,CWS,home,1.0,2026-07-12 13:20:32.005018
3B,R,M. Vargas,J.T. Ginn,R,3,ATH,CWS,home,1.0,2026-07-12 13:20:32.005018
SS,L,C. Montgomery,J.T. Ginn,R,4,ATH,CWS,home,1.0,2026-07-12 13:20:32.005018
DH,L,A. Benintendi,J.T. Ginn,R,5,ATH,CWS,home,1.0,2026-07-12 13:20:32.005018
C,L,Kyle Teel,J.T. Ginn,R,6,ATH,CWS,home,1.0,2026-07-12 13:20:32.005018
RF,S,B. Montgomery,J.T. Ginn,R,7,ATH,CWS,home,1.0,2026-07-12 13:20:32.005018
CF,L,T. Peters,J.T. Ginn,R,8,ATH,CWS,home,1.0,2026-07-12 13:20:32.005018
2B,R,C. Meidroth,J.T. Ginn,R,9,ATH,CWS,home,1.0,2026-07-12 13:20:32.005018
SS,R,Zach Neto,Taj Bradley,R,1,LAA,MIN,away,1.0,2026-07-12 13:20:32.005018
DH,R,Mike Trout,Taj Bradley,R,2,LAA,MIN,away,1.0,2026-07-12 13:20:32.005018
1B,L,N. Schanuel,Taj Bradley,R,3,LAA,MIN,away,1.0,2026-07-12 13:20:32.005018
RF,R,Jorge Soler,Taj Bradley,R,4,LAA,MIN,away,1.0,2026-07-12 13:20:32.005018
LF,R,Jo Adell,Taj Bradley,R,5,LAA,MIN,away,1.0,2026-07-12 13:20:32.005018
CF,L,Josh Lowe,Taj Bradley,R,6,LAA,MIN,away,1.0,2026-07-12 13:20:32.005018
2B,R,O. Peraza,Taj Bradley,R,7,LAA,MIN,away,1.0,2026-07-12 13:20:32.005018
3B,R,D. Guzman,Taj Bradley,R,8,LAA,MIN,away,1.0,2026-07-12 13:20:32.005018
C,R,L. O'Hoppe,Taj Bradley,R,9,LAA,MIN,away,1.0,2026-07-12 13:20:32.005018
LF,L,T. Larnach,Jose Soriano,R,1,LAA,MIN,home,1.0,2026-07-12 13:20:32.005018
C,R,Ryan Jeffers,Jose Soriano,R,2,LAA,MIN,home,1.0,2026-07-12 13:20:32.005018
DH,S,Josh Bell,Jose Soriano,R,3,LAA,MIN,home,1.0,2026-07-12 13:20:32.005018
2B,L,Kody Clemens,Jose Soriano,R,4,LAA,MIN,home,1.0,2026-07-12 13:20:32.005018
1B,R,Royce Lewis,Jose Soriano,R,5,LAA,MIN,home,1.0,2026-07-12 13:20:32.005018
3B,S,Brooks Lee,Jose Soriano,R,6,LAA,MIN,home,1.0,2026-07-12 13:20:32.005018
RF,L,Alan Roden,Jose Soriano,R,7,LAA,MIN,home,1.0,2026-07-12 13:20:32.005018
CF,R,L. Keaschall,Jose Soriano,R,8,LAA,MIN,home,1.0,2026-07-12 13:20:32.005018
SS,R,R. Kreidler,Jose Soriano,R,9,LAA,MIN,home,1.0,2026-07-12 13:20:32.005018
C,L,D. Baldwin,Dustin May,R,1,ATL,STL,away,1.0,2026-07-12 13:20:32.005018
2B,S,Ozzie Albies,Dustin May,R,2,ATL,STL,away,1.0,2026-07-12 13:20:32.005018
1B,L,Matt Olson,Dustin May,R,3,ATL,STL,away,1.0,2026-07-12 13:20:32.005018
CF,L,M. Harris,Dustin May,R,4,ATL,STL,away,1.0,2026-07-12 13:20:32.005018
LF,R,M. Dubon,Dustin May,R,5,ATL,STL,away,1.0,2026-07-12 13:20:32.005018
DH,L,D. Smith,Dustin May,R,6,ATL,STL,away,1.0,2026-07-12 13:20:32.005018
3B,R,Austin Riley,Dustin May,R,7,ATL,STL,away,1.0,2026-07-12 13:20:32.005018
SS,L,Jim Jarvis,Dustin May,R,8,ATL,STL,away,1.0,2026-07-12 13:20:32.005018
RF,R,B. Hicklen,Dustin May,R,9,ATL,STL,away,1.0,2026-07-12 13:20:32.005018
2B,L,J. Wetherholt,JR Ritchie,R,1,ATL,STL,home,1.0,2026-07-12 13:20:32.005018
DH,R,Ivan Herrera,JR Ritchie,R,2,ATL,STL,home,1.0,2026-07-12 13:20:32.005018
RF,R,J. Walker,JR Ritchie,R,3,ATL,STL,home,1.0,2026-07-12 13:20:32.005018
1B,L,A. Burleson,JR Ritchie,R,4,ATL,STL,home,1.0,2026-07-12 13:20:32.005018
LF,L,L. Nootbaar,JR Ritchie,R,5,ATL,STL,home,1.0,2026-07-12 13:20:32.005018
SS,R,Masyn Winn,JR Ritchie,R,6,ATL,STL,home,1.0,2026-07-12 13:20:32.005018
CF,L,N. Church,JR Ritchie,R,7,ATL,STL,home,1.0,2026-07-12 13:20:32.005018
3B,R,Jose Fermin,JR Ritchie,R,8,ATL,STL,home,1.0,2026-07-12 13:20:32.005018
C,L,Jimmy Crooks,JR Ritchie,R,9,ATL,STL,home,1.0,2026-07-12 13:20:32.005018
SS,R,Jeremy Pena,MacKenzie Gore,L,1,HOU,TEX,away,1.0,2026-07-12 13:20:32.005018
DH,L,Y. Alvarez,MacKenzie Gore,L,2,HOU,TEX,away,1.0,2026-07-12 13:20:32.005018
3B,R,I. Paredes,MacKenzie Gore,L,3,HOU,TEX,away,1.0,2026-07-12 13:20:32.005018
1B,R,C. Walker,MacKenzie Gore,L,4,HOU,TEX,away,1.0,2026-07-12 13:20:32.005018
2B,R,Jose Altuve,MacKenzie Gore,L,5,HOU,TEX,away,1.0,2026-07-12 13:20:32.005018
RF,R,Cam Smith,MacKenzie Gore,L,6,HOU,TEX,away,1.0,2026-07-12 13:20:32.005018
LF,L,LaMonte Wade,MacKenzie Gore,L,7,HOU,TEX,away,1.0,2026-07-12 13:20:32.005018
CF,R,B. Matthews,MacKenzie Gore,L,8,HOU,TEX,away,1.0,2026-07-12 13:20:32.005018
C,R,C. Vazquez,MacKenzie Gore,L,9,HOU,TEX,away,1.0,2026-07-12 13:20:32.005018
DH,L,Joc Pederson,Cristian Javier,R,1,HOU,TEX,home,1.0,2026-07-12 13:20:32.005018
LF,R,W. Langford,Cristian Javier,R,2,HOU,TEX,home,1.0,2026-07-12 13:20:32.005018
3B,R,Josh Jung,Cristian Javier,R,3,HOU,TEX,home,1.0,2026-07-12 13:20:32.005018
RF,L,B. Nimmo,Cristian Javier,R,4,HOU,TEX,home,1.0,2026-07-12 13:20:32.005018
1B,R,Jake Burger,Cristian Javier,R,5,HOU,TEX,home,1.0,2026-07-12 13:20:32.005018
SS,R,E. Duran,Cristian Javier,R,6,HOU,TEX,home,1.0,2026-07-12 13:20:32.005018
CF,L,Evan Carter,Cristian Javier,R,7,HOU,TEX,home,1.0,2026-07-12 13:20:32.005018
2B,L,Nicky Lopez,Cristian Javier,R,8,HOU,TEX,home,1.0,2026-07-12 13:20:32.005018
C,R,K. Higashioka,Cristian Javier,R,9,HOU,TEX,home,1.0,2026-07-12 13:20:32.005018
LF,L,J. McCarthy,Trevor McDonald,R,1,COL,SF,away,3.0,2026-07-12 13:20:32.005018
DH,L,M. Moniak,Trevor McDonald,R,2,COL,SF,away,3.0,2026-07-12 13:20:32.005018
C,R,H. Goodman,Trevor McDonald,R,3,COL,SF,away,3.0,2026-07-12 13:20:32.005018
1B,L,TJ Rumfield,Trevor McDonald,R,4,COL,SF,away,3.0,2026-07-12 13:20:32.005018
CF,S,Cole Carrigg,Trevor McDonald,R,5,COL,SF,away,3.0,2026-07-12 13:20:32.005018
3B,R,Kyle Karros,Trevor McDonald,R,6,COL,SF,away,3.0,2026-07-12 13:20:32.005018
RF,L,T. Johnston,Trevor McDonald,R,7,COL,SF,away,3.0,2026-07-12 13:20:32.005018
2B,L,E. Julien,Trevor McDonald,R,8,COL,SF,away,3.0,2026-07-12 13:20:32.005018
SS,R,E. Tovar,Trevor McDonald,R,9,COL,SF,away,3.0,2026-07-12 13:20:32.005018
LF,R,Heliot Ramos,Michael Lorenzen,R,1,COL,SF,home,3.0,2026-07-12 13:20:32.005018
2B,L,Luis Arraez,Michael Lorenzen,R,2,COL,SF,home,3.0,2026-07-12 13:20:32.005018
3B,R,C. Schmitt,Michael Lorenzen,R,3,COL,SF,home,3.0,2026-07-12 13:20:32.005018
1B,L,R. Devers,Michael Lorenzen,R,4,COL,SF,home,3.0,2026-07-12 13:20:32.005018
RF,L,Jung Hoo Lee,Michael Lorenzen,R,5,COL,SF,home,3.0,2026-07-12 13:20:32.005018
DH,L,B. Eldridge,Michael Lorenzen,R,6,COL,SF,home,3.0,2026-07-12 13:20:32.005018
SS,R,Willy Adames,Michael Lorenzen,R,7,COL,SF,home,3.0,2026-07-12 13:20:32.005018
CF,L,Drew Gilbert,Michael Lorenzen,R,8,COL,SF,home,3.0,2026-07-12 13:20:32.005018
C,L,D. Cavanaugh,Michael Lorenzen,R,9,COL,SF,home,3.0,2026-07-12 13:20:32.005018
2B,S,Ketel Marte,Emmet Sheehan,R,1,ARI,LAD,away,3.0,2026-07-12 13:20:32.005018
SS,S,G. Perdomo,Emmet Sheehan,R,2,ARI,LAD,away,3.0,2026-07-12 13:20:32.005018
RF,L,C. Carroll,Emmet Sheehan,R,3,ARI,LAD,away,3.0,2026-07-12 13:20:32.005018
C,R,G. Moreno,Emmet Sheehan,R,4,ARI,LAD,away,3.0,2026-07-12 13:20:32.005018
DH,R,L. Gurriel,Emmet Sheehan,R,5,ARI,LAD,away,3.0,2026-07-12 13:20:32.005018
LF,L,Max Kepler,Emmet Sheehan,R,6,ARI,LAD,away,3.0,2026-07-12 13:20:32.005018
3B,R,N. Arenado,Emmet Sheehan,R,7,ARI,LAD,away,3.0,2026-07-12 13:20:32.005018
1B,S,I. Vargas,Emmet Sheehan,R,8,ARI,LAD,away,3.0,2026-07-12 13:20:32.005018
CF,R,R. Waldschmidt,Emmet Sheehan,R,9,ARI,LAD,away,3.0,2026-07-12 13:20:32.005018
DH,L,S. Ohtani,Mitch Bratt,L,1,ARI,LAD,home,3.0,2026-07-12 13:20:32.005018
CF,R,Andy Pages,Mitch Bratt,L,2,ARI,LAD,home,3.0,2026-07-12 13:20:32.005018
1B,L,F. Freeman,Mitch Bratt,L,3,ARI,LAD,home,3.0,2026-07-12 13:20:32.005018
SS,R,Mookie Betts,Mitch Bratt,L,4,ARI,LAD,home,3.0,2026-07-12 13:20:32.005018
2B,S,Tommy Edman,Mitch Bratt,L,5,ARI,LAD,home,3.0,2026-07-12 13:20:32.005018
RF,L,Kyle Tucker,Mitch Bratt,L,6,ARI,LAD,home,3.0,2026-07-12 13:20:32.005018
LF,R,T. Hernandez,Mitch Bratt,L,7,ARI,LAD,home,3.0,2026-07-12 13:20:32.005018
3B,L,Max Muncy,Mitch Bratt,L,8,ARI,LAD,home,3.0,2026-07-12 13:20:32.005018
C,S,E. Alfonzo,Mitch Bratt,L,9,ARI,LAD,home,3.0,2026-07-12 13:20:32.005018
2B,R,E. Clement,German Marquez,R,1,TOR,SD,away,3.0,2026-07-12 13:20:32.005018
RF,L,Nathan Lukes,German Marquez,R,2,TOR,SD,away,3.0,2026-07-12 13:20:32.005018
1B,R,V. Guerrero,German Marquez,R,3,TOR,SD,away,3.0,2026-07-12 13:20:32.005018
DH,R,G. Springer,German Marquez,R,4,TOR,SD,away,3.0,2026-07-12 13:20:32.005018
CF,L,D. Varsho,German Marquez,R,5,TOR,SD,away,3.0,2026-07-12 13:20:32.005018
3B,R,K. Okamoto,German Marquez,R,6,TOR,SD,away,3.0,2026-07-12 13:20:32.005018
C,R,A. Kirk,German Marquez,R,7,TOR,SD,away,3.0,2026-07-12 13:20:32.005018
LF,S,J. Clase,German Marquez,R,8,TOR,SD,away,3.0,2026-07-12 13:20:32.005018
SS,L,A. Gimenez,German Marquez,R,9,TOR,SD,away,3.0,2026-07-12 13:20:32.005018
RF,R,F. Tatis,Kevin Gausman,R,1,TOR,SD,home,3.0,2026-07-12 13:20:32.005018
CF,L,J. Merrill,Kevin Gausman,R,2,TOR,SD,home,3.0,2026-07-12 13:20:32.005018
SS,R,X. Bogaerts,Kevin Gausman,R,3,TOR,SD,home,3.0,2026-07-12 13:20:32.005018
DH,R,M. Machado,Kevin Gausman,R,4,TOR,SD,home,3.0,2026-07-12 13:20:32.005018
LF,L,Gavin Sheets,Kevin Gausman,R,5,TOR,SD,home,3.0,2026-07-12 13:20:32.005018
1B,R,Ty France,Kevin Gausman,R,6,TOR,SD,home,3.0,2026-07-12 13:20:32.005018
2B,L,J. Cronenworth,Kevin Gausman,R,7,TOR,SD,home,3.0,2026-07-12 13:20:32.005018
C,R,L. Campusano,Kevin Gausman,R,8,TOR,SD,home,3.0,2026-07-12 13:20:32.005018
3B,L,S. Song,Kevin Gausman,R,9,TOR,SD,home,3.0,2026-07-12 13:20:32.005018
DH,L,S. Ohtani,Gerrit Cole,R,1,LAD,NYY,away,0.0,2026-07-17 19:00:09.773494
CF,R,Andy Pages,Gerrit Cole,R,2,LAD,NYY,away,0.0,2026-07-17 19:00:09.773494
1B,L,F. Freeman,Gerrit Cole,R,3,LAD,NYY,away,0.0,2026-07-17 19:00:09.773494
SS,R,Mookie Betts,Gerrit Cole,R,4,LAD,NYY,away,0.0,2026-07-17 19:00:09.773494
3B,L,Max Muncy,Gerrit Cole,R,5,LAD,NYY,away,0.0,2026-07-17 19:00:09.773494
RF,L,Kyle Tucker,Gerrit Cole,R,6,LAD,NYY,away,0.0,2026-07-17 19:00:09.773494
LF,R,T. Hernandez,Gerrit Cole,R,7,LAD,NYY,away,0.0,2026-07-17 19:00:09.773494
C,L,D. Rushing,Gerrit Cole,R,8,LAD,NYY,away,0.0,2026-07-17 19:00:09.773494
2B,S,Tommy Edman,Gerrit Cole,R,9,LAD,NYY,away,0.0,2026-07-17 19:00:09.773494
CF,L,T. Grisham,Roki Sasaki,R,1,LAD,NYY,home,0.0,2026-07-17 19:00:09.773494
DH,L,Ben Rice,Roki Sasaki,R,2,LAD,NYY,home,0.0,2026-07-17 19:00:09.773494
1B,R,P. Goldschmidt,Roki Sasaki,R,3,LAD,NYY,home,0.0,2026-07-17 19:00:09.773494
LF,L,C. Bellinger,Roki Sasaki,R,4,LAD,NYY,home,0.0,2026-07-17 19:00:09.773494
RF,S,J. Dominguez,Roki Sasaki,R,5,LAD,NYY,home,0.0,2026-07-17 19:00:09.773494
2B,L,J. Chisholm,Roki Sasaki,R,6,LAD,NYY,home,0.0,2026-07-17 19:00:09.773494
SS,R,J. Caballero,Roki Sasaki,R,7,LAD,NYY,home,0.0,2026-07-17 19:00:09.773494
3B,L,Ryan McMahon,Roki Sasaki,R,8,LAD,NYY,home,0.0,2026-07-17 19:00:09.773494
C,L,Austin Wells,Roki Sasaki,R,9,LAD,NYY,home,0.0,2026-07-17 19:00:09.773494
DH,R,Yandy Diaz,Eduardo Rivera,L,1,TB,BOS,away,0.0,2026-07-17 19:00:09.773494
1B,L,J. Aranda,Eduardo Rivera,L,2,TB,BOS,away,0.0,2026-07-17 19:00:09.773494
3B,R,J. Caminero,Eduardo Rivera,L,3,TB,BOS,away,0.0,2026-07-17 19:00:09.773494
LF,R,Ryan Vilade,Eduardo Rivera,L,4,TB,BOS,away,0.0,2026-07-17 19:00:09.773494
CF,L,C. Mullins,Eduardo Rivera,L,5,TB,BOS,away,0.0,2026-07-17 19:00:09.773494
RF,R,Jonny DeLuca,Eduardo Rivera,L,6,TB,BOS,away,0.0,2026-07-17 19:00:09.773494
2B,R,B. Williamson,Eduardo Rivera,L,7,TB,BOS,away,0.0,2026-07-17 19:00:09.773494
C,L,H. Feduccia,Eduardo Rivera,L,8,TB,BOS,away,0.0,2026-07-17 19:00:09.773494
SS,S,Taylor Walls,Eduardo Rivera,L,9,TB,BOS,away,0.0,2026-07-17 19:00:09.773494
2B,L,A. Seigler,Mason Englert,R,1,TB,BOS,home,0.0,2026-07-17 19:00:09.773494
CF,R,C. Rafaela,Mason Englert,R,2,TB,BOS,home,0.0,2026-07-17 19:00:09.773494
RF,L,Wilyer Abreu,Mason Englert,R,3,TB,BOS,home,0.0,2026-07-17 19:00:09.773494
1B,R,W. Contreras,Mason Englert,R,4,TB,BOS,home,0.0,2026-07-17 19:00:09.773494
DH,L,M. Yoshida,Mason Englert,R,5,TB,BOS,home,0.0,2026-07-17 19:00:09.773494
3B,R,Caleb Durbin,Mason Englert,R,6,TB,BOS,home,0.0,2026-07-17 19:00:09.773494
LF,L,Jarren Duran,Mason Englert,R,7,TB,BOS,home,0.0,2026-07-17 19:00:09.773494
C,R,Connor Wong,Mason Englert,R,8,TB,BOS,home,0.0,2026-07-17 19:00:09.773494
SS,L,T. Cheng,Mason Englert,R,9,TB,BOS,home,0.0,2026-07-17 19:00:09.773494
LF,L,S. Antonacci,Spencer Miles,R,1,CWS,TOR,away,0.0,2026-07-17 19:00:09.773494
1B,L,M. Murakami,Spencer Miles,R,2,CWS,TOR,away,0.0,2026-07-17 19:00:09.773494
3B,R,M. Vargas,Spencer Miles,R,3,CWS,TOR,away,0.0,2026-07-17 19:00:09.773494
SS,L,C. Montgomery,Spencer Miles,R,4,CWS,TOR,away,0.0,2026-07-17 19:00:09.773494
DH,L,A. Benintendi,Spencer Miles,R,5,CWS,TOR,away,0.0,2026-07-17 19:00:09.773494
C,L,Kyle Teel,Spencer Miles,R,6,CWS,TOR,away,0.0,2026-07-17 19:00:09.773494
RF,S,B. Montgomery,Spencer Miles,R,7,CWS,TOR,away,0.0,2026-07-17 19:00:09.773494
CF,L,T. Peters,Spencer Miles,R,8,CWS,TOR,away,0.0,2026-07-17 19:00:09.773494
2B,R,C. Meidroth,Spencer Miles,R,9,CWS,TOR,away,0.0,2026-07-17 19:00:09.773494
SS,R,E. Clement,Anthony Kay,L,1,CWS,TOR,home,0.0,2026-07-17 19:00:09.773494
1B,R,V. Guerrero,Anthony Kay,L,2,CWS,TOR,home,0.0,2026-07-17 19:00:09.773494
3B,R,K. Okamoto,Anthony Kay,L,3,CWS,TOR,home,0.0,2026-07-17 19:00:09.773494
LF,R,G. Springer,Anthony Kay,L,4,CWS,TOR,home,0.0,2026-07-17 19:00:09.773494
C,R,A. Kirk,Anthony Kay,L,5,CWS,TOR,home,0.0,2026-07-17 19:00:09.773494
CF,L,D. Varsho,Anthony Kay,L,6,CWS,TOR,home,0.0,2026-07-17 19:00:09.773494
DH,S,B. Valenzuela,Anthony Kay,L,7,CWS,TOR,home,0.0,2026-07-17 19:00:09.773494
2B,R,Luis Urias,Anthony Kay,L,8,CWS,TOR,home,0.0,2026-07-17 19:00:09.773494
RF,R,Myles Straw,Anthony Kay,L,9,CWS,TOR,home,0.0,2026-07-17 19:00:09.773494
DH,R,J. Foscue,Chris Sale,L,1,TEX,ATL,away,0.0,2026-07-17 19:00:09.773494
LF,R,W. Langford,Chris Sale,L,2,TEX,ATL,away,0.0,2026-07-17 19:00:09.773494
RF,L,B. Nimmo,Chris Sale,L,3,TEX,ATL,away,0.0,2026-07-17 19:00:09.773494
3B,R,Josh Jung,Chris Sale,L,4,TEX,ATL,away,0.0,2026-07-17 19:00:09.773494
1B,R,Jake Burger,Chris Sale,L,5,TEX,ATL,away,0.0,2026-07-17 19:00:09.773494
SS,R,E. Duran,Chris Sale,L,6,TEX,ATL,away,0.0,2026-07-17 19:00:09.773494
CF,R,Cam Cauley,Chris Sale,L,7,TEX,ATL,away,0.0,2026-07-17 19:00:09.773494
C,R,Elias Diaz,Chris Sale,L,8,TEX,ATL,away,0.0,2026-07-17 19:00:09.773494
2B,L,Nicky Lopez,Chris Sale,L,9,TEX,ATL,away,0.0,2026-07-17 19:00:09.773494
C,L,D. Baldwin,Cal Quantrill,R,1,TEX,ATL,home,0.0,2026-07-17 19:00:09.773494
2B,S,Ozzie Albies,Cal Quantrill,R,2,TEX,ATL,home,0.0,2026-07-17 19:00:09.773494
1B,L,Matt Olson,Cal Quantrill,R,3,TEX,ATL,home,0.0,2026-07-17 19:00:09.773494
CF,L,M. Harris,Cal Quantrill,R,4,TEX,ATL,home,0.0,2026-07-17 19:00:09.773494
LF,R,M. Dubon,Cal Quantrill,R,5,TEX,ATL,home,0.0,2026-07-17 19:00:09.773494
DH,L,D. Smith,Cal Quantrill,R,6,TEX,ATL,home,0.0,2026-07-17 19:00:09.773494
3B,R,Austin Riley,Cal Quantrill,R,7,TEX,ATL,home,0.0,2026-07-17 19:00:09.773494
SS,L,Jim Jarvis,Cal Quantrill,R,8,TEX,ATL,home,0.0,2026-07-17 19:00:09.773494
RF,R,B. Hicklen,Cal Quantrill,R,9,TEX,ATL,home,0.0,2026-07-17 19:00:09.773494
DH,L,Liam Hicks,Logan Henderson,R,1,MIA,MIL,away,1.0,2026-07-17 19:00:09.773494
SS,R,Otto Lopez,Logan Henderson,R,2,MIA,MIL,away,1.0,2026-07-17 19:00:09.773494
2B,S,X. Edwards,Logan Henderson,R,3,MIA,MIL,away,1.0,2026-07-17 19:00:09.773494
1B,L,Kyle Stowers,Logan Henderson,R,4,MIA,MIL,away,1.0,2026-07-17 19:00:09.773494
LF,R,H. Hernandez,Logan Henderson,R,5,MIA,MIL,away,1.0,2026-07-17 19:00:09.773494
RF,L,G. Conine,Logan Henderson,R,6,MIA,MIL,away,1.0,2026-07-17 19:00:09.773494
CF,L,Jakob Marsee,Logan Henderson,R,7,MIA,MIL,away,1.0,2026-07-17 19:00:09.773494
C,L,Joe Mack,Logan Henderson,R,8,MIA,MIL,away,1.0,2026-07-17 19:00:09.773494
3B,R,J. Sanoja,Logan Henderson,R,9,MIA,MIL,away,1.0,2026-07-17 19:00:09.773494
DH,L,C. Yelich,Sandy Alcantara,R,1,MIA,MIL,home,1.0,2026-07-17 19:00:09.773494
LF,R,J. Chourio,Sandy Alcantara,R,2,MIA,MIL,home,1.0,2026-07-17 19:00:09.773494
2B,L,Brice Turang,Sandy Alcantara,R,3,MIA,MIL,home,1.0,2026-07-17 19:00:09.773494
C,R,W. Contreras,Sandy Alcantara,R,4,MIA,MIL,home,1.0,2026-07-17 19:00:09.773494
1B,L,Jake Bauers,Sandy Alcantara,R,5,MIA,MIL,home,1.0,2026-07-17 19:00:09.773494
CF,L,G. Mitchell,Sandy Alcantara,R,6,MIA,MIL,home,1.0,2026-07-17 19:00:09.773494
SS,R,Cooper Pratt,Sandy Alcantara,R,7,MIA,MIL,home,1.0,2026-07-17 19:00:09.773494
RF,L,Sal Frelick,Sandy Alcantara,R,8,MIA,MIL,home,1.0,2026-07-17 19:00:09.773494
3B,R,Joey Ortiz,Sandy Alcantara,R,9,MIA,MIL,home,1.0,2026-07-17 19:00:09.773494
LF,L,T. Larnach,Colin Rea,R,1,MIN,CHC,away,1.0,2026-07-17 19:00:09.773494
C,R,Ryan Jeffers,Colin Rea,R,2,MIN,CHC,away,1.0,2026-07-17 19:00:09.773494
DH,S,Josh Bell,Colin Rea,R,3,MIN,CHC,away,1.0,2026-07-17 19:00:09.773494
2B,L,Kody Clemens,Colin Rea,R,4,MIN,CHC,away,1.0,2026-07-17 19:00:09.773494
1B,R,Royce Lewis,Colin Rea,R,5,MIN,CHC,away,1.0,2026-07-17 19:00:09.773494
3B,S,Brooks Lee,Colin Rea,R,6,MIN,CHC,away,1.0,2026-07-17 19:00:09.773494
RF,L,Alan Roden,Colin Rea,R,7,MIN,CHC,away,1.0,2026-07-17 19:00:09.773494
CF,R,L. Keaschall,Colin Rea,R,8,MIN,CHC,away,1.0,2026-07-17 19:00:09.773494
SS,L,Tristan Gray,Colin Rea,R,9,MIN,CHC,away,1.0,2026-07-17 19:00:09.773494
CF,L,P. Crow-Armstrong,Bailey Ober,R,1,MIN,CHC,home,1.0,2026-07-17 19:00:09.773494
RF,R,Seiya Suzuki,Bailey Ober,R,2,MIN,CHC,home,1.0,2026-07-17 19:00:09.773494
1B,L,M. Busch,Bailey Ober,R,3,MIN,CHC,home,1.0,2026-07-17 19:00:09.773494
3B,R,Alex Bregman,Bailey Ober,R,4,MIN,CHC,home,1.0,2026-07-17 19:00:09.773494
LF,S,Ian Happ,Bailey Ober,R,5,MIN,CHC,home,1.0,2026-07-17 19:00:09.773494
2B,R,Nico Hoerner,Bailey Ober,R,6,MIN,CHC,home,1.0,2026-07-17 19:00:09.773494
DH,L,M. Conforto,Bailey Ober,R,7,MIN,CHC,home,1.0,2026-07-17 19:00:09.773494
C,R,Carson Kelly,Bailey Ober,R,8,MIN,CHC,home,1.0,2026-07-17 19:00:09.773494
SS,R,D. Swanson,Bailey Ober,R,9,MIN,CHC,home,1.0,2026-07-17 19:00:09.773494
RF,R,F. Tatis,Seth Lugo,R,1,SD,KC,away,1.0,2026-07-17 19:00:09.773494
CF,L,J. Merrill,Seth Lugo,R,2,SD,KC,away,1.0,2026-07-17 19:00:09.773494
SS,R,X. Bogaerts,Seth Lugo,R,3,SD,KC,away,1.0,2026-07-17 19:00:09.773494
3B,R,M. Machado,Seth Lugo,R,4,SD,KC,away,1.0,2026-07-17 19:00:09.773494
LF,L,Gavin Sheets,Seth Lugo,R,5,SD,KC,away,1.0,2026-07-17 19:00:09.773494
1B,R,Ty France,Seth Lugo,R,6,SD,KC,away,1.0,2026-07-17 19:00:09.773494
2B,L,J. Cronenworth,Seth Lugo,R,7,SD,KC,away,1.0,2026-07-17 19:00:09.773494
DH,R,M. Andujar,Seth Lugo,R,8,SD,KC,away,1.0,2026-07-17 19:00:09.773494
C,R,L. Campusano,Seth Lugo,R,9,SD,KC,away,1.0,2026-07-17 19:00:09.773494
C,L,C. Jensen,Michael King,R,1,SD,KC,home,1.0,2026-07-17 19:00:09.773494
SS,R,Bobby Witt,Michael King,R,2,SD,KC,home,1.0,2026-07-17 19:00:09.773494
RF,L,J. Caglianone,Michael King,R,3,SD,KC,home,1.0,2026-07-17 19:00:09.773494
CF,R,Lane Thomas,Michael King,R,4,SD,KC,home,1.0,2026-07-17 19:00:09.773494
1B,L,V. Pasquantino,Michael King,R,5,SD,KC,home,1.0,2026-07-17 19:00:09.773494
DH,R,S. Perez,Michael King,R,6,SD,KC,home,1.0,2026-07-17 19:00:09.773494
2B,L,M. Massey,Michael King,R,7,SD,KC,home,1.0,2026-07-17 19:00:09.773494
3B,R,Nick Loftin,Michael King,R,8,SD,KC,home,1.0,2026-07-17 19:00:09.773494
LF,S,I. Collins,Michael King,R,9,SD,KC,home,1.0,2026-07-17 19:00:09.773494
SS,L,G. Henderson,Peter Lambert,R,1,BAL,HOU,away,1.0,2026-07-17 19:00:09.773494
C,S,A. Rutschman,Peter Lambert,R,2,BAL,HOU,away,1.0,2026-07-17 19:00:09.773494
LF,R,Taylor Ward,Peter Lambert,R,3,BAL,HOU,away,1.0,2026-07-17 19:00:09.773494
1B,R,Pete Alonso,Peter Lambert,R,4,BAL,HOU,away,1.0,2026-07-17 19:00:09.773494
DH,L,S. Basallo,Peter Lambert,R,5,BAL,HOU,away,1.0,2026-07-17 19:00:09.773494
RF,L,D. Beavers,Peter Lambert,R,6,BAL,HOU,away,1.0,2026-07-17 19:00:09.773494
CF,L,C. Cowser,Peter Lambert,R,7,BAL,HOU,away,1.0,2026-07-17 19:00:09.773494
3B,R,Coby Mayo,Peter Lambert,R,8,BAL,HOU,away,1.0,2026-07-17 19:00:09.773494
2B,L,J. Holliday,Peter Lambert,R,9,BAL,HOU,away,1.0,2026-07-17 19:00:09.773494
SS,R,Jeremy Pena,Dean Kremer,R,1,BAL,HOU,home,1.0,2026-07-17 19:00:09.773494
DH,L,Y. Alvarez,Dean Kremer,R,2,BAL,HOU,home,1.0,2026-07-17 19:00:09.773494
3B,R,I. Paredes,Dean Kremer,R,3,BAL,HOU,home,1.0,2026-07-17 19:00:09.773494
1B,R,C. Walker,Dean Kremer,R,4,BAL,HOU,home,1.0,2026-07-17 19:00:09.773494
2B,R,Jose Altuve,Dean Kremer,R,5,BAL,HOU,home,1.0,2026-07-17 19:00:09.773494
LF,L,LaMonte Wade,Dean Kremer,R,6,BAL,HOU,home,1.0,2026-07-17 19:00:09.773494
RF,R,Cam Smith,Dean Kremer,R,7,BAL,HOU,home,1.0,2026-07-17 19:00:09.773494
CF,L,Lucas Spence,Dean Kremer,R,8,BAL,HOU,home,1.0,2026-07-17 19:00:09.773494
SS,S,E. De La Cruz,Gabriel Hughes,R,1,CIN,COL,away,2.0,2026-07-17 19:00:09.773494
1B,R,Sal Stewart,Gabriel Hughes,R,2,CIN,COL,away,2.0,2026-07-17 19:00:09.773494
LF,L,JJ Bleday,Gabriel Hughes,R,3,CIN,COL,away,2.0,2026-07-17 19:00:09.773494
RF,R,S. Steer,Gabriel Hughes,R,4,CIN,COL,away,2.0,2026-07-17 19:00:09.773494
DH,R,E. Suarez,Gabriel Hughes,R,5,CIN,COL,away,2.0,2026-07-17 19:00:09.773494
C,R,T. Stephenson,Gabriel Hughes,R,6,CIN,COL,away,2.0,2026-07-17 19:00:09.773494
CF,L,TJ Friedl,Gabriel Hughes,R,7,CIN,COL,away,2.0,2026-07-17 19:00:09.773494
2B,S,Edwin Arroyo,Gabriel Hughes,R,8,CIN,COL,away,2.0,2026-07-17 19:00:09.773494
3B,R,K. Hayes,Gabriel Hughes,R,9,CIN,COL,away,2.0,2026-07-17 19:00:09.773494
CF,L,J. McCarthy,Brady Singer,R,1,CIN,COL,home,2.0,2026-07-17 19:00:09.773494
LF,L,M. Moniak,Brady Singer,R,2,CIN,COL,home,2.0,2026-07-17 19:00:09.773494
C,R,H. Goodman,Brady Singer,R,3,CIN,COL,home,2.0,2026-07-17 19:00:09.773494
1B,L,TJ Rumfield,Brady Singer,R,4,CIN,COL,home,2.0,2026-07-17 19:00:09.773494
3B,R,Kyle Karros,Brady Singer,R,5,CIN,COL,home,2.0,2026-07-17 19:00:09.773494
2B,S,Willi Castro,Brady Singer,R,6,CIN,COL,home,2.0,2026-07-17 19:00:09.773494
DH,L,T. Johnston,Brady Singer,R,7,CIN,COL,home,2.0,2026-07-17 19:00:09.773494
RF,R,T. Freeman,Brady Singer,R,8,CIN,COL,home,2.0,2026-07-17 19:00:09.773494
SS,R,E. Tovar,Brady Singer,R,9,CIN,COL,home,2.0,2026-07-17 19:00:09.773494
CF,R,M. Vierling,Reid Detmers,L,1,DET,LAA,away,3.0,2026-07-17 19:00:09.773494
3B,L,K. McGonigle,Reid Detmers,L,2,DET,LAA,away,3.0,2026-07-17 19:00:09.773494
C,R,D. Dingler,Reid Detmers,L,3,DET,LAA,away,3.0,2026-07-17 19:00:09.773494
1B,R,S. Torkelson,Reid Detmers,L,4,DET,LAA,away,3.0,2026-07-17 19:00:09.773494
LF,L,Riley Greene,Reid Detmers,L,5,DET,LAA,away,3.0,2026-07-17 19:00:09.773494
DH,R,E. Valencia,Reid Detmers,L,6,DET,LAA,away,3.0,2026-07-17 19:00:09.773494
2B,R,Hao-Yu Lee,Reid Detmers,L,7,DET,LAA,away,3.0,2026-07-17 19:00:09.773494
RF,R,Ben Malgeri,Reid Detmers,L,8,DET,LAA,away,3.0,2026-07-17 19:00:09.773494
SS,L,Z. McKinstry,Reid Detmers,L,9,DET,LAA,away,3.0,2026-07-17 19:00:09.773494
SS,R,Zach Neto,Troy Melton,R,1,DET,LAA,home,3.0,2026-07-17 19:00:09.773494
CF,R,Mike Trout,Troy Melton,R,2,DET,LAA,home,3.0,2026-07-17 19:00:09.773494
1B,L,N. Schanuel,Troy Melton,R,3,DET,LAA,home,3.0,2026-07-17 19:00:09.773494
DH,R,Jorge Soler,Troy Melton,R,4,DET,LAA,home,3.0,2026-07-17 19:00:09.773494
LF,L,Josh Lowe,Troy Melton,R,5,DET,LAA,home,3.0,2026-07-17 19:00:09.773494
RF,R,Jo Adell,Troy Melton,R,6,DET,LAA,home,3.0,2026-07-17 19:00:09.773494
2B,R,V. Grissom,Troy Melton,R,7,DET,LAA,home,3.0,2026-07-17 19:00:09.773494
3B,R,D. Guzman,Troy Melton,R,8,DET,LAA,home,3.0,2026-07-17 19:00:09.773494
C,R,L. O'Hoppe,Troy Melton,R,9,DET,LAA,home,3.0,2026-07-17 19:00:09.773494
DH,L,James Wood,Gage Jump,L,1,WSH,ATH,away,3.0,2026-07-17 19:00:09.773494
3B,R,Curtis Mead,Gage Jump,L,2,WSH,ATH,away,3.0,2026-07-17 19:00:09.773494
1B,R,A. Chaparro,Gage Jump,L,3,WSH,ATH,away,3.0,2026-07-17 19:00:09.773494
SS,L,CJ Abrams,Gage Jump,L,4,WSH,ATH,away,3.0,2026-07-17 19:00:09.773494
RF,R,Dylan Crews,Gage Jump,L,5,WSH,ATH,away,3.0,2026-07-17 19:00:09.773494
C,R,Harry Ford,Gage Jump,L,6,WSH,ATH,away,3.0,2026-07-17 19:00:09.773494
LF,L,Daylen Lile,Gage Jump,L,7,WSH,ATH,away,3.0,2026-07-17 19:00:09.773494
CF,R,Jacob Young,Gage Jump,L,8,WSH,ATH,away,3.0,2026-07-17 19:00:09.773494
2B,S,Nasim Nunez,Gage Jump,L,9,WSH,ATH,away,3.0,2026-07-17 19:00:09.773494
DH,L,C. Cortes,Cade Cavalli,R,1,WSH,ATH,home,3.0,2026-07-17 19:00:09.773494
SS,R,Jacob Wilson,Cade Cavalli,R,2,WSH,ATH,home,3.0,2026-07-17 19:00:09.773494
LF,L,T. Soderstrom,Cade Cavalli,R,3,WSH,ATH,home,3.0,2026-07-17 19:00:09.773494
C,R,S. Langeliers,Cade Cavalli,R,4,WSH,ATH,home,3.0,2026-07-17 19:00:09.773494
3B,R,J. Kuroda-Grauer,Cade Cavalli,R,5,WSH,ATH,home,3.0,2026-07-17 19:00:09.773494
RF,L,L. Butler,Cade Cavalli,R,6,WSH,ATH,home,3.0,2026-07-17 19:00:09.773494
2B,L,D. Walton,Cade Cavalli,R,7,WSH,ATH,home,3.0,2026-07-17 19:00:09.773494
CF,R,Henry Bolte,Cade Cavalli,R,8,WSH,ATH,home,3.0,2026-07-17 19:00:09.773494
1B,R,Tommy White,Cade Cavalli,R,9,WSH,ATH,home,3.0,2026-07-17 19:00:09.773494
2B,L,J. Wetherholt,Merrill Kelly,R,1,STL,ARI,away,3.0,2026-07-17 19:00:09.773494
DH,R,Ivan Herrera,Merrill Kelly,R,2,STL,ARI,away,3.0,2026-07-17 19:00:09.773494
1B,L,A. Burleson,Merrill Kelly,R,3,STL,ARI,away,3.0,2026-07-17 19:00:09.773494
RF,R,J. Walker,Merrill Kelly,R,4,STL,ARI,away,3.0,2026-07-17 19:00:09.773494
LF,L,L. Nootbaar,Merrill Kelly,R,5,STL,ARI,away,3.0,2026-07-17 19:00:09.773494
SS,R,Masyn Winn,Merrill Kelly,R,6,STL,ARI,away,3.0,2026-07-17 19:00:09.773494
CF,L,N. Church,Merrill Kelly,R,7,STL,ARI,away,3.0,2026-07-17 19:00:09.773494
3B,R,Jose Fermin,Merrill Kelly,R,8,STL,ARI,away,3.0,2026-07-17 19:00:09.773494
C,L,Jimmy Crooks,Merrill Kelly,R,9,STL,ARI,away,3.0,2026-07-17 19:00:09.773494
2B,S,Ketel Marte,Michael McGreevy,R,1,STL,ARI,home,3.0,2026-07-17 19:00:09.773494
SS,S,G. Perdomo,Michael McGreevy,R,2,STL,ARI,home,3.0,2026-07-17 19:00:09.773494
RF,L,C. Carroll,Michael McGreevy,R,3,STL,ARI,home,3.0,2026-07-17 19:00:09.773494
C,R,G. Moreno,Michael McGreevy,R,4,STL,ARI,home,3.0,2026-07-17 19:00:09.773494
LF,L,Max Kepler,Michael McGreevy,R,5,STL,ARI,home,3.0,2026-07-17 19:00:09.773494
DH,R,L. Gurriel,Michael McGreevy,R,6,STL,ARI,home,3.0,2026-07-17 19:00:09.773494
3B,R,N. Arenado,Michael McGreevy,R,7,STL,ARI,home,3.0,2026-07-17 19:00:09.773494
1B,S,I. Vargas,Michael McGreevy,R,8,STL,ARI,home,3.0,2026-07-17 19:00:09.773494
CF,R,Tim Tawa,Michael McGreevy,R,9,STL,ARI,home,3.0,2026-07-17 19:00:09.773494
2B,L,Luis Arraez,Bryce Miller,R,1,SF,SEA,away,3.0,2026-07-17 19:00:09.773494
DH,L,B. Eldridge,Bryce Miller,R,2,SF,SEA,away,3.0,2026-07-17 19:00:09.773494
3B,R,C. Schmitt,Bryce Miller,R,3,SF,SEA,away,3.0,2026-07-17 19:00:09.773494
1B,L,R. Devers,Bryce Miller,R,4,SF,SEA,away,3.0,2026-07-17 19:00:09.773494
LF,R,Heliot Ramos,Bryce Miller,R,5,SF,SEA,away,3.0,2026-07-17 19:00:09.773494
RF,L,Jung Hoo Lee,Bryce Miller,R,6,SF,SEA,away,3.0,2026-07-17 19:00:09.773494
SS,R,Willy Adames,Bryce Miller,R,7,SF,SEA,away,3.0,2026-07-17 19:00:09.773494
CF,L,Drew Gilbert,Bryce Miller,R,8,SF,SEA,away,3.0,2026-07-17 19:00:09.773494
C,L,D. Cavanaugh,Bryce Miller,R,9,SF,SEA,away,3.0,2026-07-17 19:00:09.773494
3B,L,J. Crawford,Landen Roupp,R,1,SF,SEA,home,3.0,2026-07-17 19:00:09.773494
LF,R,R. Arozarena,Landen Roupp,R,2,SF,SEA,home,3.0,2026-07-17 19:00:09.773494
DH,L,D. Canzone,Landen Roupp,R,3,SF,SEA,home,3.0,2026-07-17 19:00:09.773494
C,S,Cal Raleigh,Landen Roupp,R,4,SF,SEA,home,3.0,2026-07-17 19:00:09.773494
1B,L,Josh Naylor,Landen Roupp,R,5,SF,SEA,home,3.0,2026-07-17 19:00:09.773494
2B,L,Cole Young,Landen Roupp,R,6,SF,SEA,home,3.0,2026-07-17 19:00:09.773494
RF,L,Luke Raley,Landen Roupp,R,7,SF,SEA,home,3.0,2026-07-17 19:00:09.773494
CF,R,V. Robles,Landen Roupp,R,8,SF,SEA,home,3.0,2026-07-17 19:00:09.773494
SS,L,Colt Emerson,Landen Roupp,R,9,SF,SEA,home,3.0,2026-07-17 19:00:09.773494
LF,L,T. Larnach,Tanner Bibee,R,1,MIN,CLE,away,2.0,2026-07-20 16:23:26.505348
CF,R,Byron Buxton,Tanner Bibee,R,2,MIN,CLE,away,2.0,2026-07-20 16:23:26.505348
2B,L,Kody Clemens,Tanner Bibee,R,3,MIN,CLE,away,2.0,2026-07-20 16:23:26.505348
DH,S,Josh Bell,Tanner Bibee,R,4,MIN,CLE,away,2.0,2026-07-20 16:23:26.505348
1B,R,Royce Lewis,Tanner Bibee,R,5,MIN,CLE,away,2.0,2026-07-20 16:23:26.505348
C,S,V. Caratini,Tanner Bibee,R,6,MIN,CLE,away,2.0,2026-07-20 16:23:26.505348
3B,S,Brooks Lee,Tanner Bibee,R,7,MIN,CLE,away,2.0,2026-07-20 16:23:26.505348
RF,L,Alan Roden,Tanner Bibee,R,8,MIN,CLE,away,2.0,2026-07-20 16:23:26.505348
SS,R,R. Kreidler,Tanner Bibee,R,9,MIN,CLE,away,2.0,2026-07-20 16:23:26.505348
LF,L,Steven Kwan,Joe Ryan,R,1,MIN,CLE,home,2.0,2026-07-20 16:23:26.505348
2B,L,T. Bazzana,Joe Ryan,R,2,MIN,CLE,home,2.0,2026-07-20 16:23:26.505348
RF,L,C. DeLauter,Joe Ryan,R,3,MIN,CLE,home,2.0,2026-07-20 16:23:26.505348
SS,S,B. Rocchio,Joe Ryan,R,4,MIN,CLE,home,2.0,2026-07-20 16:23:26.505348
DH,R,Rhys Hoskins,Joe Ryan,R,5,MIN,CLE,home,2.0,2026-07-20 16:23:26.505348
3B,L,D. Schneemann,Joe Ryan,R,6,MIN,CLE,home,2.0,2026-07-20 16:23:26.505348
1B,R,David Fry,Joe Ryan,R,7,MIN,CLE,home,2.0,2026-07-20 16:23:26.505348
C,S,P. Bailey,Joe Ryan,R,8,MIN,CLE,home,2.0,2026-07-20 16:23:26.505348
CF,L,Petey Halpin,Joe Ryan,R,9,MIN,CLE,home,2.0,2026-07-20 16:23:26.505348
3B,R,N. Gonzales,Ryan Weathers,L,1,PIT,NYY,away,3.0,2026-07-20 16:23:26.505348
2B,L,Brandon Lowe,Ryan Weathers,L,2,PIT,NYY,away,3.0,2026-07-20 16:23:26.505348
LF,S,B. Reynolds,Ryan Weathers,L,3,PIT,NYY,away,3.0,2026-07-20 16:23:26.505348
RF,R,E. Valdez,Ryan Weathers,L,4,PIT,NYY,away,3.0,2026-07-20 16:23:26.505348
1B,L,Ryan O'Hearn,Ryan Weathers,L,5,PIT,NYY,away,3.0,2026-07-20 16:23:26.505348
DH,R,M. Ozuna,Ryan Weathers,L,6,PIT,NYY,away,3.0,2026-07-20 16:23:26.505348
SS,R,Jared Triolo,Ryan Weathers,L,7,PIT,NYY,away,3.0,2026-07-20 16:23:26.505348
C,R,Henry Davis,Ryan Weathers,L,8,PIT,NYY,away,3.0,2026-07-20 16:23:26.505348
CF,R,Billy Cook,Ryan Weathers,L,9,PIT,NYY,away,3.0,2026-07-20 16:23:26.505348
CF,L,T. Grisham,Braxton Ashcraft,R,1,PIT,NYY,home,3.0,2026-07-20 16:23:26.505348
DH,L,Ben Rice,Braxton Ashcraft,R,2,PIT,NYY,home,3.0,2026-07-20 16:23:26.505348
1B,R,P. Goldschmidt,Braxton Ashcraft,R,3,PIT,NYY,home,3.0,2026-07-20 16:23:26.505348
LF,L,C. Bellinger,Braxton Ashcraft,R,4,PIT,NYY,home,3.0,2026-07-20 16:23:26.505348
2B,L,J. Chisholm,Braxton Ashcraft,R,5,PIT,NYY,home,3.0,2026-07-20 16:23:26.505348
RF,S,J. Dominguez,Braxton Ashcraft,R,6,PIT,NYY,home,3.0,2026-07-20 16:23:26.505348
3B,L,Ryan McMahon,Braxton Ashcraft,R,7,PIT,NYY,home,3.0,2026-07-20 16:23:26.505348
C,L,Austin Wells,Braxton Ashcraft,R,8,PIT,NYY,home,3.0,2026-07-20 16:23:26.505348
SS,R,J. Caballero,Braxton Ashcraft,R,9,PIT,NYY,home,3.0,2026-07-20 16:23:26.505348
DH,R,Yandy Diaz,Dylan Cease,R,1,TB,TOR,away,3.0,2026-07-20 16:23:26.505348
1B,L,J. Aranda,Dylan Cease,R,2,TB,TOR,away,3.0,2026-07-20 16:23:26.505348
3B,R,J. Caminero,Dylan Cease,R,3,TB,TOR,away,3.0,2026-07-20 16:23:26.505348
CF,L,C. Mullins,Dylan Cease,R,4,TB,TOR,away,3.0,2026-07-20 16:23:26.505348
LF,L,C. Simpson,Dylan Cease,R,5,TB,TOR,away,3.0,2026-07-20 16:23:26.505348
RF,L,Victor Mesa,Dylan Cease,R,6,TB,TOR,away,3.0,2026-07-20 16:23:26.505348
2B,L,R. Palacios,Dylan Cease,R,7,TB,TOR,away,3.0,2026-07-20 16:23:26.505348
SS,S,Taylor Walls,Dylan Cease,R,8,TB,TOR,away,3.0,2026-07-20 16:23:26.505348
C,L,H. Feduccia,Dylan Cease,R,9,TB,TOR,away,3.0,2026-07-20 16:23:26.505348
2B,R,E. Clement,Nick Martinez,R,1,TB,TOR,home,3.0,2026-07-20 16:23:26.505348
RF,L,Nathan Lukes,Nick Martinez,R,2,TB,TOR,home,3.0,2026-07-20 16:23:26.505348
1B,R,V. Guerrero,Nick Martinez,R,3,TB,TOR,home,3.0,2026-07-20 16:23:26.505348
DH,R,G. Springer,Nick Martinez,R,4,TB,TOR,home,3.0,2026-07-20 16:23:26.505348
3B,R,K. Okamoto,Nick Martinez,R,5,TB,TOR,home,3.0,2026-07-20 16:23:26.505348
CF,L,D. Varsho,Nick Martinez,R,6,TB,TOR,home,3.0,2026-07-20 16:23:26.505348
C,R,A. Kirk,Nick Martinez,R,7,TB,TOR,home,3.0,2026-07-20 16:23:26.505348
SS,L,A. Gimenez,Nick Martinez,R,8,TB,TOR,home,3.0,2026-07-20 16:23:26.505348
LF,R,Myles Straw,Nick Martinez,R,9,TB,TOR,home,3.0,2026-07-20 16:23:26.505348
LF,R,Taylor Ward,Payton Tolle,L,1,BAL,BOS,away,3.0,2026-07-20 16:23:26.505348
1B,R,Pete Alonso,Payton Tolle,L,2,BAL,BOS,away,3.0,2026-07-20 16:23:26.505348
SS,L,G. Henderson,Payton Tolle,L,3,BAL,BOS,away,3.0,2026-07-20 16:23:26.505348
RF,R,T. O'Neill,Payton Tolle,L,4,BAL,BOS,away,3.0,2026-07-20 16:23:26.505348
DH,R,Coby Mayo,Payton Tolle,L,5,BAL,BOS,away,3.0,2026-07-20 16:23:26.505348
CF,S,L. Taveras,Payton Tolle,L,6,BAL,BOS,away,3.0,2026-07-20 16:23:26.505348
2B,R,J. Jackson,Payton Tolle,L,7,BAL,BOS,away,3.0,2026-07-20 16:23:26.505348
3B,R,C. Encarnacion-Strand,Payton Tolle,L,8,BAL,BOS,away,3.0,2026-07-20 16:23:26.505348
C,R,Sam Huff,Payton Tolle,L,9,BAL,BOS,away,3.0,2026-07-20 16:23:26.505348
2B,L,A. Seigler,Shane Baz,R,1,BAL,BOS,home,3.0,2026-07-20 16:23:26.505348
CF,R,C. Rafaela,Shane Baz,R,2,BAL,BOS,home,3.0,2026-07-20 16:23:26.505348
RF,L,Wilyer Abreu,Shane Baz,R,3,BAL,BOS,home,3.0,2026-07-20 16:23:26.505348
1B,R,W. Contreras,Shane Baz,R,4,BAL,BOS,home,3.0,2026-07-20 16:23:26.505348
DH,L,M. Yoshida,Shane Baz,R,5,BAL,BOS,home,3.0,2026-07-20 16:23:26.505348
3B,R,Caleb Durbin,Shane Baz,R,6,BAL,BOS,home,3.0,2026-07-20 16:23:26.505348
LF,L,Jarren Duran,Shane Baz,R,7,BAL,BOS,home,3.0,2026-07-20 16:23:26.505348
C,R,Connor Wong,Shane Baz,R,8,BAL,BOS,home,3.0,2026-07-20 16:23:26.505348
SS,L,T. Cheng,Shane Baz,R,9,BAL,BOS,home,3.0,2026-07-20 16:23:26.505348
DH,L,S. Ohtani,C. Sanchez,L,1,LAD,PHI,away,3.0,2026-07-20 16:23:26.505348
CF,R,Andy Pages,C. Sanchez,L,2,LAD,PHI,away,3.0,2026-07-20 16:23:26.505348
3B,S,Tommy Edman,C. Sanchez,L,3,LAD,PHI,away,3.0,2026-07-20 16:23:26.505348
1B,L,F. Freeman,C. Sanchez,L,4,LAD,PHI,away,3.0,2026-07-20 16:23:26.505348
SS,R,Mookie Betts,C. Sanchez,L,5,LAD,PHI,away,3.0,2026-07-20 16:23:26.505348
2B,R,Miguel Rojas,C. Sanchez,L,6,LAD,PHI,away,3.0,2026-07-20 16:23:26.505348
LF,R,T. Hernandez,C. Sanchez,L,7,LAD,PHI,away,3.0,2026-07-20 16:23:26.505348
RF,R,Alex Call,C. Sanchez,L,8,LAD,PHI,away,3.0,2026-07-20 16:23:26.505348
C,L,D. Rushing,C. Sanchez,L,9,LAD,PHI,away,3.0,2026-07-20 16:23:26.505348
SS,R,Trea Turner,Emmet Sheehan,R,1,LAD,PHI,home,3.0,2026-07-20 16:23:26.505348
DH,L,K. Schwarber,Emmet Sheehan,R,2,LAD,PHI,home,3.0,2026-07-20 16:23:26.505348
1B,L,Bryce Harper,Emmet Sheehan,R,3,LAD,PHI,home,3.0,2026-07-20 16:23:26.505348
3B,R,Alec Bohm,Emmet Sheehan,R,4,LAD,PHI,home,3.0,2026-07-20 16:23:26.505348
LF,L,B. Marsh,Emmet Sheehan,R,5,LAD,PHI,home,3.0,2026-07-20 16:23:26.505348
2B,L,Bryson Stott,Emmet Sheehan,R,6,LAD,PHI,home,3.0,2026-07-20 16:23:26.505348
C,R,J. Realmuto,Emmet Sheehan,R,7,LAD,PHI,home,3.0,2026-07-20 16:23:26.505348
RF,L,G. Rincones,Emmet Sheehan,R,8,LAD,PHI,home,3.0,2026-07-20 16:23:26.505348
CF,L,J. Crawford,Emmet Sheehan,R,9,LAD,PHI,home,3.0,2026-07-20 16:23:26.505348
RF,R,F. Tatis,Bryce Elder,R,1,SD,ATL,away,3.0,2026-07-20 16:23:26.505348
CF,L,J. Merrill,Bryce Elder,R,2,SD,ATL,away,3.0,2026-07-20 16:23:26.505348
3B,R,M. Machado,Bryce Elder,R,3,SD,ATL,away,3.0,2026-07-20 16:23:26.505348
1B,R,Ty France,Bryce Elder,R,4,SD,ATL,away,3.0,2026-07-20 16:23:26.505348
LF,L,Gavin Sheets,Bryce Elder,R,5,SD,ATL,away,3.0,2026-07-20 16:23:26.505348
DH,R,X. Bogaerts,Bryce Elder,R,6,SD,ATL,away,3.0,2026-07-20 16:23:26.505348
2B,L,J. Cronenworth,Bryce Elder,R,7,SD,ATL,away,3.0,2026-07-20 16:23:26.505348
C,R,F. Fermin,Bryce Elder,R,8,SD,ATL,away,3.0,2026-07-20 16:23:26.505348
SS,L,S. Song,Bryce Elder,R,9,SD,ATL,away,3.0,2026-07-20 16:23:26.505348
DH,L,D. Baldwin,JP Sears,L,1,SD,ATL,home,3.0,2026-07-20 16:23:26.505348
2B,S,Ozzie Albies,JP Sears,L,2,SD,ATL,home,3.0,2026-07-20 16:23:26.505348
1B,L,Matt Olson,JP Sears,L,3,SD,ATL,home,3.0,2026-07-20 16:23:26.505348
3B,R,Austin Riley,JP Sears,L,4,SD,ATL,home,3.0,2026-07-20 16:23:26.505348
CF,L,M. Harris,JP Sears,L,5,SD,ATL,home,3.0,2026-07-20 16:23:26.505348
LF,R,M. Dubon,JP Sears,L,6,SD,ATL,home,3.0,2026-07-20 16:23:26.505348
C,R,Joey Bart,JP Sears,L,7,SD,ATL,home,3.0,2026-07-20 16:23:26.505348
SS,L,Jim Jarvis,JP Sears,L,8,SD,ATL,home,3.0,2026-07-20 16:23:26.505348
RF,R,Eli White,JP Sears,L,9,SD,ATL,home,3.0,2026-07-20 16:23:26.505348
2B,L,Luis Arraez,Michael Wacha,R,1,SF,KC,away,3.0,2026-07-20 16:23:26.505348
1B,L,B. Eldridge,Michael Wacha,R,2,SF,KC,away,3.0,2026-07-20 16:23:26.505348
3B,R,C. Schmitt,Michael Wacha,R,3,SF,KC,away,3.0,2026-07-20 16:23:26.505348
DH,L,R. Devers,Michael Wacha,R,4,SF,KC,away,3.0,2026-07-20 16:23:26.505348
LF,R,Heliot Ramos,Michael Wacha,R,5,SF,KC,away,3.0,2026-07-20 16:23:26.505348
RF,L,Jung Hoo Lee,Michael Wacha,R,6,SF,KC,away,3.0,2026-07-20 16:23:26.505348
SS,R,Willy Adames,Michael Wacha,R,7,SF,KC,away,3.0,2026-07-20 16:23:26.505348
CF,L,Drew Gilbert,Michael Wacha,R,8,SF,KC,away,3.0,2026-07-20 16:23:26.505348
C,R,Daniel Susac,Michael Wacha,R,9,SF,KC,away,3.0,2026-07-20 16:23:26.505348
C,L,C. Jensen,Trevor McDonald,R,1,SF,KC,home,3.0,2026-07-20 16:23:26.505348
SS,R,Bobby Witt,Trevor McDonald,R,2,SF,KC,home,3.0,2026-07-20 16:23:26.505348
RF,L,J. Caglianone,Trevor McDonald,R,3,SF,KC,home,3.0,2026-07-20 16:23:26.505348
CF,R,Lane Thomas,Trevor McDonald,R,4,SF,KC,home,3.0,2026-07-20 16:23:26.505348
1B,L,V. Pasquantino,Trevor McDonald,R,5,SF,KC,home,3.0,2026-07-20 16:23:26.505348
DH,R,S. Perez,Trevor McDonald,R,6,SF,KC,home,3.0,2026-07-20 16:23:26.505348
2B,L,M. Massey,Trevor McDonald,R,7,SF,KC,home,3.0,2026-07-20 16:23:26.505348
3B,L,Josh Rojas,Trevor McDonald,R,8,SF,KC,home,3.0,2026-07-20 16:23:26.505348
LF,S,I. Collins,Trevor McDonald,R,9,SF,KC,home,3.0,2026-07-20 16:23:26.505348
RF,L,A.J. Ewing,J. Misiorowski,R,1,NYM,MIL,away,3.0,2026-07-20 16:23:26.505348
LF,L,Juan Soto,J. Misiorowski,R,2,NYM,MIL,away,3.0,2026-07-20 16:23:26.505348
3B,R,Bo Bichette,J. Misiorowski,R,3,NYM,MIL,away,3.0,2026-07-20 16:23:26.505348
SS,S,F. Lindor,J. Misiorowski,R,4,NYM,MIL,away,3.0,2026-07-20 16:23:26.505348
DH,S,J. Polanco,J. Misiorowski,R,5,NYM,MIL,away,3.0,2026-07-20 16:23:26.505348
1B,L,Jared Young,J. Misiorowski,R,6,NYM,MIL,away,3.0,2026-07-20 16:23:26.505348
CF,R,Luis Robert,J. Misiorowski,R,7,NYM,MIL,away,3.0,2026-07-20 16:23:26.505348
2B,L,Brett Baty,J. Misiorowski,R,8,NYM,MIL,away,3.0,2026-07-20 16:23:26.505348
C,R,F. Alvarez,J. Misiorowski,R,9,NYM,MIL,away,3.0,2026-07-20 16:23:26.505348
DH,L,C. Yelich,Freddy Peralta,R,1,NYM,MIL,home,3.0,2026-07-20 16:23:26.505348
LF,R,J. Chourio,Freddy Peralta,R,2,NYM,MIL,home,3.0,2026-07-20 16:23:26.505348
2B,L,Brice Turang,Freddy Peralta,R,3,NYM,MIL,home,3.0,2026-07-20 16:23:26.505348
C,R,W. Contreras,Freddy Peralta,R,4,NYM,MIL,home,3.0,2026-07-20 16:23:26.505348
1B,L,Jake Bauers,Freddy Peralta,R,5,NYM,MIL,home,3.0,2026-07-20 16:23:26.505348
CF,L,G. Mitchell,Freddy Peralta,R,6,NYM,MIL,home,3.0,2026-07-20 16:23:26.505348
RF,S,Luis Lara,Freddy Peralta,R,7,NYM,MIL,home,3.0,2026-07-20 16:23:26.505348
SS,R,Cooper Pratt,Freddy Peralta,R,8,NYM,MIL,home,3.0,2026-07-20 16:23:26.505348
3B,R,Joey Ortiz,Freddy Peralta,R,9,NYM,MIL,home,3.0,2026-07-20 16:23:26.505348
LF,R,A. Martin,Parker Messick,L,1,MIN,CLE,away,2.0,2026-07-21 16:19:18.437381
CF,R,Byron Buxton,Parker Messick,L,2,MIN,CLE,away,2.0,2026-07-21 16:19:18.437381
C,R,Ryan Jeffers,Parker Messick,L,3,MIN,CLE,away,2.0,2026-07-21 16:19:18.437381
DH,S,Josh Bell,Parker Messick,L,4,MIN,CLE,away,2.0,2026-07-21 16:19:18.437381
2B,R,Royce Lewis,Parker Messick,L,5,MIN,CLE,away,2.0,2026-07-21 16:19:18.437381
1B,S,V. Caratini,Parker Messick,L,6,MIN,CLE,away,2.0,2026-07-21 16:19:18.437381
RF,R,L. Keaschall,Parker Messick,L,7,MIN,CLE,away,2.0,2026-07-21 16:19:18.437381
3B,S,Brooks Lee,Parker Messick,L,8,MIN,CLE,away,2.0,2026-07-21 16:19:18.437381
SS,R,R. Kreidler,Parker Messick,L,9,MIN,CLE,away,2.0,2026-07-21 16:19:18.437381
LF,L,Steven Kwan,Jack Anderson,R,1,MIN,CLE,home,2.0,2026-07-21 16:19:18.437381
SS,S,B. Rocchio,Jack Anderson,R,2,MIN,CLE,home,2.0,2026-07-21 16:19:18.437381
DH,L,C. DeLauter,Jack Anderson,R,3,MIN,CLE,home,2.0,2026-07-21 16:19:18.437381
1B,R,Rhys Hoskins,Jack Anderson,R,4,MIN,CLE,home,2.0,2026-07-21 16:19:18.437381
RF,R,David Fry,Jack Anderson,R,5,MIN,CLE,home,2.0,2026-07-21 16:19:18.437381
2B,L,T. Bazzana,Jack Anderson,R,6,MIN,CLE,home,2.0,2026-07-21 16:19:18.437381
3B,R,G. Arias,Jack Anderson,R,7,MIN,CLE,home,2.0,2026-07-21 16:19:18.437381
C,R,A. Hedges,Jack Anderson,R,8,MIN,CLE,home,2.0,2026-07-21 16:19:18.437381
CF,L,Petey Halpin,Jack Anderson,R,9,MIN,CLE,home,2.0,2026-07-21 16:19:18.437381
DH,L,S. Ohtani,Zack Wheeler,R,1,LAD,PHI,away,2.0,2026-07-21 16:19:18.437381
CF,R,Andy Pages,Zack Wheeler,R,2,LAD,PHI,away,2.0,2026-07-21 16:19:18.437381
1B,L,F. Freeman,Zack Wheeler,R,3,LAD,PHI,away,2.0,2026-07-21 16:19:18.437381
3B,L,Max Muncy,Zack Wheeler,R,4,LAD,PHI,away,2.0,2026-07-21 16:19:18.437381
SS,R,Mookie Betts,Zack Wheeler,R,5,LAD,PHI,away,2.0,2026-07-21 16:19:18.437381
RF,L,Kyle Tucker,Zack Wheeler,R,6,LAD,PHI,away,2.0,2026-07-21 16:19:18.437381
2B,S,Tommy Edman,Zack Wheeler,R,7,LAD,PHI,away,2.0,2026-07-21 16:19:18.437381
LF,R,Alex Call,Zack Wheeler,R,8,LAD,PHI,away,2.0,2026-07-21 16:19:18.437381
C,S,E. Alfonzo,Zack Wheeler,R,9,LAD,PHI,away,2.0,2026-07-21 16:19:18.437381
SS,R,Trea Turner,Justin Wrobleski,L,1,LAD,PHI,home,2.0,2026-07-21 16:19:18.437381
DH,L,K. Schwarber,Justin Wrobleski,L,2,LAD,PHI,home,2.0,2026-07-21 16:19:18.437381
1B,L,Bryce Harper,Justin Wrobleski,L,3,LAD,PHI,home,2.0,2026-07-21 16:19:18.437381
3B,R,Alec Bohm,Justin Wrobleski,L,4,LAD,PHI,home,2.0,2026-07-21 16:19:18.437381
LF,R,Edmundo Sosa,Justin Wrobleski,L,5,LAD,PHI,home,2.0,2026-07-21 16:19:18.437381
C,R,J. Realmuto,Justin Wrobleski,L,6,LAD,PHI,home,2.0,2026-07-21 16:19:18.437381
RF,L,B. Marsh,Justin Wrobleski,L,7,LAD,PHI,home,2.0,2026-07-21 16:19:18.437381
CF,R,Derek Hill,Justin Wrobleski,L,8,LAD,PHI,home,2.0,2026-07-21 16:19:18.437381
2B,L,Bryson Stott,Justin Wrobleski,L,9,LAD,PHI,home,2.0,2026-07-21 16:19:18.437381
DH,R,Yandy Diaz,Kevin Gausman,R,1,TB,TOR,away,3.0,2026-07-21 16:19:18.437381
1B,L,J. Aranda,Kevin Gausman,R,2,TB,TOR,away,3.0,2026-07-21 16:19:18.437381
3B,R,J. Caminero,Kevin Gausman,R,3,TB,TOR,away,3.0,2026-07-21 16:19:18.437381
CF,L,C. Mullins,Kevin Gausman,R,4,TB,TOR,away,3.0,2026-07-21 16:19:18.437381
LF,L,C. Simpson,Kevin Gausman,R,5,TB,TOR,away,3.0,2026-07-21 16:19:18.437381
RF,L,Victor Mesa,Kevin Gausman,R,6,TB,TOR,away,3.0,2026-07-21 16:19:18.437381
2B,L,R. Palacios,Kevin Gausman,R,7,TB,TOR,away,3.0,2026-07-21 16:19:18.437381
SS,S,Taylor Walls,Kevin Gausman,R,8,TB,TOR,away,3.0,2026-07-21 16:19:18.437381
C,L,H. Feduccia,Kevin Gausman,R,9,TB,TOR,away,3.0,2026-07-21 16:19:18.437381
RF,L,Nathan Lukes,Drew Rasmussen,R,1,TB,TOR,home,3.0,2026-07-21 16:19:18.437381
1B,R,V. Guerrero,Drew Rasmussen,R,2,TB,TOR,home,3.0,2026-07-21 16:19:18.437381
2B,R,E. Clement,Drew Rasmussen,R,3,TB,TOR,home,3.0,2026-07-21 16:19:18.437381
DH,R,G. Springer,Drew Rasmussen,R,4,TB,TOR,home,3.0,2026-07-21 16:19:18.437381
CF,L,D. Varsho,Drew Rasmussen,R,5,TB,TOR,home,3.0,2026-07-21 16:19:18.437381
3B,R,K. Okamoto,Drew Rasmussen,R,6,TB,TOR,home,3.0,2026-07-21 16:19:18.437381
C,S,B. Valenzuela,Drew Rasmussen,R,7,TB,TOR,home,3.0,2026-07-21 16:19:18.437381
SS,L,A. Gimenez,Drew Rasmussen,R,8,TB,TOR,home,3.0,2026-07-21 16:19:18.437381
LF,S,J. Clase,Drew Rasmussen,R,9,TB,TOR,home,3.0,2026-07-21 16:19:18.437381
LF,R,Taylor Ward,Eduardo Rivera,L,1,BAL,BOS,away,3.0,2026-07-21 16:19:18.437381
1B,R,Pete Alonso,Eduardo Rivera,L,2,BAL,BOS,away,3.0,2026-07-21 16:19:18.437381
SS,L,G. Henderson,Eduardo Rivera,L,3,BAL,BOS,away,3.0,2026-07-21 16:19:18.437381
RF,R,T. O'Neill,Eduardo Rivera,L,4,BAL,BOS,away,3.0,2026-07-21 16:19:18.437381
DH,R,Coby Mayo,Eduardo Rivera,L,5,BAL,BOS,away,3.0,2026-07-21 16:19:18.437381
CF,S,L. Taveras,Eduardo Rivera,L,6,BAL,BOS,away,3.0,2026-07-21 16:19:18.437381
3B,R,C. Encarnacion-Strand,Eduardo Rivera,L,7,BAL,BOS,away,3.0,2026-07-21 16:19:18.437381
2B,L,J. Holliday,Eduardo Rivera,L,8,BAL,BOS,away,3.0,2026-07-21 16:19:18.437381
C,R,C. Tromp,Eduardo Rivera,L,9,BAL,BOS,away,3.0,2026-07-21 16:19:18.437381
2B,L,A. Seigler,Kyle Bradish,R,1,BAL,BOS,home,3.0,2026-07-21 16:19:18.437381
CF,R,C. Rafaela,Kyle Bradish,R,2,BAL,BOS,home,3.0,2026-07-21 16:19:18.437381
RF,L,Wilyer Abreu,Kyle Bradish,R,3,BAL,BOS,home,3.0,2026-07-21 16:19:18.437381
1B,R,W. Contreras,Kyle Bradish,R,4,BAL,BOS,home,3.0,2026-07-21 16:19:18.437381
DH,L,M. Yoshida,Kyle Bradish,R,5,BAL,BOS,home,3.0,2026-07-21 16:19:18.437381
3B,R,Caleb Durbin,Kyle Bradish,R,6,BAL,BOS,home,3.0,2026-07-21 16:19:18.437381
LF,L,Jarren Duran,Kyle Bradish,R,7,BAL,BOS,home,3.0,2026-07-21 16:19:18.437381
SS,R,A. Monasterio,Kyle Bradish,R,8,BAL,BOS,home,3.0,2026-07-21 16:19:18.437381
C,R,C. Narvaez,Kyle Bradish,R,9,BAL,BOS,home,3.0,2026-07-21 16:19:18.437381
RF,R,F. Tatis,Reynaldo Lopez,R,1,SD,ATL,away,3.0,2026-07-21 16:19:18.437381
2B,L,J. Cronenworth,Reynaldo Lopez,R,2,SD,ATL,away,3.0,2026-07-21 16:19:18.437381
3B,R,M. Machado,Reynaldo Lopez,R,3,SD,ATL,away,3.0,2026-07-21 16:19:18.437381
1B,R,Ty France,Reynaldo Lopez,R,4,SD,ATL,away,3.0,2026-07-21 16:19:18.437381
CF,L,J. Merrill,Reynaldo Lopez,R,5,SD,ATL,away,3.0,2026-07-21 16:19:18.437381
C,R,L. Campusano,Reynaldo Lopez,R,6,SD,ATL,away,3.0,2026-07-21 16:19:18.437381
LF,L,Gavin Sheets,Reynaldo Lopez,R,7,SD,ATL,away,3.0,2026-07-21 16:19:18.437381
SS,R,X. Bogaerts,Reynaldo Lopez,R,8,SD,ATL,away,3.0,2026-07-21 16:19:18.437381
DH,S,Luis Rengifo,Reynaldo Lopez,R,9,SD,ATL,away,3.0,2026-07-21 16:19:18.437381
C,L,D. Baldwin,Walker Buehler,R,1,SD,ATL,home,3.0,2026-07-21 16:19:18.437381
2B,S,Ozzie Albies,Walker Buehler,R,2,SD,ATL,home,3.0,2026-07-21 16:19:18.437381
1B,L,Matt Olson,Walker Buehler,R,3,SD,ATL,home,3.0,2026-07-21 16:19:18.437381
3B,R,Austin Riley,Walker Buehler,R,4,SD,ATL,home,3.0,2026-07-21 16:19:18.437381
CF,L,M. Harris,Walker Buehler,R,5,SD,ATL,home,3.0,2026-07-21 16:19:18.437381
LF,R,M. Dubon,Walker Buehler,R,6,SD,ATL,home,3.0,2026-07-21 16:19:18.437381
DH,L,M. Yastrzemski,Walker Buehler,R,7,SD,ATL,home,3.0,2026-07-21 16:19:18.437381
RF,R,B. Hicklen,Walker Buehler,R,8,SD,ATL,home,3.0,2026-07-21 16:19:18.437381
SS,L,Jim Jarvis,Walker Buehler,R,9,SD,ATL,home,3.0,2026-07-21 16:19:18.437381
LF,R,Heliot Ramos,Luinder Avila,R,1,SF,KC,away,3.0,2026-07-21 16:19:18.437381
DH,L,B. Eldridge,Luinder Avila,R,2,SF,KC,away,3.0,2026-07-21 16:19:18.437381
3B,R,C. Schmitt,Luinder Avila,R,3,SF,KC,away,3.0,2026-07-21 16:19:18.437381
1B,L,R. Devers,Luinder Avila,R,4,SF,KC,away,3.0,2026-07-21 16:19:18.437381
SS,R,Willy Adames,Luinder Avila,R,5,SF,KC,away,3.0,2026-07-21 16:19:18.437381
RF,L,Jung Hoo Lee,Luinder Avila,R,6,SF,KC,away,3.0,2026-07-21 16:19:18.437381
C,R,J. Rodriguez,Luinder Avila,R,7,SF,KC,away,3.0,2026-07-21 16:19:18.437381
CF,L,Drew Gilbert,Luinder Avila,R,8,SF,KC,away,3.0,2026-07-21 16:19:18.437381
2B,R,C. Koss,Luinder Avila,R,9,SF,KC,away,3.0,2026-07-21 16:19:18.437381
C,L,C. Jensen,Tyler Mahle,R,1,SF,KC,home,3.0,2026-07-21 16:19:18.437381
CF,R,Lane Thomas,Tyler Mahle,R,2,SF,KC,home,3.0,2026-07-21 16:19:18.437381
RF,L,J. Caglianone,Tyler Mahle,R,3,SF,KC,home,3.0,2026-07-21 16:19:18.437381
DH,R,S. Perez,Tyler Mahle,R,4,SF,KC,home,3.0,2026-07-21 16:19:18.437381
1B,L,V. Pasquantino,Tyler Mahle,R,5,SF,KC,home,3.0,2026-07-21 16:19:18.437381
LF,R,S. Marte,Tyler Mahle,R,6,SF,KC,home,3.0,2026-07-21 16:19:18.437381
2B,L,M. Massey,Tyler Mahle,R,7,SF,KC,home,3.0,2026-07-21 16:19:18.437381
3B,R,Nick Loftin,Tyler Mahle,R,8,SF,KC,home,3.0,2026-07-21 16:19:18.437381
SS,R,T. Tolbert,Tyler Mahle,R,9,SF,KC,home,3.0,2026-07-21 16:19:18.437381
LF,L,A.J. Ewing,Brandon Sproat,R,1,NYM,MIL,away,3.0,2026-07-21 16:19:18.437381
DH,L,Juan Soto,Brandon Sproat,R,2,NYM,MIL,away,3.0,2026-07-21 16:19:18.437381
3B,R,Bo Bichette,Brandon Sproat,R,3,NYM,MIL,away,3.0,2026-07-21 16:19:18.437381
SS,S,F. Lindor,Brandon Sproat,R,4,NYM,MIL,away,3.0,2026-07-21 16:19:18.437381
RF,L,Carson Benge,Brandon Sproat,R,5,NYM,MIL,away,3.0,2026-07-21 16:19:18.437381
CF,R,Luis Robert,Brandon Sproat,R,6,NYM,MIL,away,3.0,2026-07-21 16:19:18.437381
1B,L,Jared Young,Brandon Sproat,R,7,NYM,MIL,away,3.0,2026-07-21 16:19:18.437381
2B,R,M. Semien,Brandon Sproat,R,8,NYM,MIL,away,3.0,2026-07-21 16:19:18.437381
C,R,F. Alvarez,Brandon Sproat,R,9,NYM,MIL,away,3.0,2026-07-21 16:19:18.437381
LF,R,J. Chourio,Zac Thornton,L,1,NYM,MIL,home,3.0,2026-07-21 16:19:18.437381
2B,L,Brice Turang,Zac Thornton,L,2,NYM,MIL,home,3.0,2026-07-21 16:19:18.437381
DH,R,W. Contreras,Zac Thornton,L,3,NYM,MIL,home,3.0,2026-07-21 16:19:18.437381
1B,R,A. Vaughn,Zac Thornton,L,4,NYM,MIL,home,3.0,2026-07-21 16:19:18.437381
CF,L,G. Mitchell,Zac Thornton,L,5,NYM,MIL,home,3.0,2026-07-21 16:19:18.437381
C,R,Gary Sanchez,Zac Thornton,L,6,NYM,MIL,home,3.0,2026-07-21 16:19:18.437381
RF,S,Luis Lara,Zac Thornton,L,7,NYM,MIL,home,3.0,2026-07-21 16:19:18.437381
SS,R,Cooper Pratt,Zac Thornton,L,8,NYM,MIL,home,3.0,2026-07-21 16:19:18.437381
3B,R,Joey Ortiz,Zac Thornton,L,9,NYM,MIL,home,3.0,2026-07-21 16:19:18.437381
CF,S,Jake Mangum,Gerrit Cole,R,1,PIT,NYY,away,0.0,2026-07-22 13:01:25.825258
2B,L,Brandon Lowe,Gerrit Cole,R,2,PIT,NYY,away,0.0,2026-07-22 13:01:25.825258
LF,S,B. Reynolds,Gerrit Cole,R,3,PIT,NYY,away,0.0,2026-07-22 13:01:25.825258
RF,R,E. Valdez,Gerrit Cole,R,4,PIT,NYY,away,0.0,2026-07-22 13:01:25.825258
DH,L,Ryan O'Hearn,Gerrit Cole,R,5,PIT,NYY,away,0.0,2026-07-22 13:01:25.825258
3B,R,N. Gonzales,Gerrit Cole,R,6,PIT,NYY,away,0.0,2026-07-22 13:01:25.825258
SS,L,J. Gonzalez,Gerrit Cole,R,7,PIT,NYY,away,0.0,2026-07-22 13:01:25.825258
C,R,Henry Davis,Gerrit Cole,R,8,PIT,NYY,away,0.0,2026-07-22 13:01:25.825258
1B,L,T. Callihan,Gerrit Cole,R,9,PIT,NYY,away,0.0,2026-07-22 13:01:25.825258
CF,L,T. Grisham,Mitch Keller,R,1,PIT,NYY,home,0.0,2026-07-22 13:01:25.825258
1B,L,Ben Rice,Mitch Keller,R,2,PIT,NYY,home,0.0,2026-07-22 13:01:25.825258
DH,L,S. Jones,Mitch Keller,R,3,PIT,NYY,home,0.0,2026-07-22 13:01:25.825258
LF,L,C. Bellinger,Mitch Keller,R,4,PIT,NYY,home,0.0,2026-07-22 13:01:25.825258
RF,S,J. Dominguez,Mitch Keller,R,5,PIT,NYY,home,0.0,2026-07-22 13:01:25.825258
2B,L,J. Chisholm,Mitch Keller,R,6,PIT,NYY,home,0.0,2026-07-22 13:01:25.825258
SS,R,J. Caballero,Mitch Keller,R,7,PIT,NYY,home,0.0,2026-07-22 13:01:25.825258
3B,L,Ryan McMahon,Mitch Keller,R,8,PIT,NYY,home,0.0,2026-07-22 13:01:25.825258
C,L,Austin Wells,Mitch Keller,R,9,PIT,NYY,home,0.0,2026-07-22 13:01:25.825258
LF,R,Taylor Ward,Jake Bennett,L,1,BAL,BOS,away,1.0,2026-07-22 13:01:25.825258
1B,R,Pete Alonso,Jake Bennett,L,2,BAL,BOS,away,1.0,2026-07-22 13:01:25.825258
SS,L,G. Henderson,Jake Bennett,L,3,BAL,BOS,away,1.0,2026-07-22 13:01:25.825258
RF,R,T. O'Neill,Jake Bennett,L,4,BAL,BOS,away,1.0,2026-07-22 13:01:25.825258
DH,R,Coby Mayo,Jake Bennett,L,5,BAL,BOS,away,1.0,2026-07-22 13:01:25.825258
CF,S,L. Taveras,Jake Bennett,L,6,BAL,BOS,away,1.0,2026-07-22 13:01:25.825258
3B,R,C. Encarnacion-Strand,Jake Bennett,L,7,BAL,BOS,away,1.0,2026-07-22 13:01:25.825258
2B,L,J. Holliday,Jake Bennett,L,8,BAL,BOS,away,1.0,2026-07-22 13:01:25.825258
C,R,Sam Huff,Jake Bennett,L,9,BAL,BOS,away,1.0,2026-07-22 13:01:25.825258
DH,L,M. Yoshida,Dean Kremer,R,1,BAL,BOS,home,1.0,2026-07-22 13:01:25.825258
CF,R,C. Rafaela,Dean Kremer,R,2,BAL,BOS,home,1.0,2026-07-22 13:01:25.825258
RF,L,Wilyer Abreu,Dean Kremer,R,3,BAL,BOS,home,1.0,2026-07-22 13:01:25.825258
1B,R,W. Contreras,Dean Kremer,R,4,BAL,BOS,home,1.0,2026-07-22 13:01:25.825258
3B,R,Caleb Durbin,Dean Kremer,R,5,BAL,BOS,home,1.0,2026-07-22 13:01:25.825258
2B,R,R. Gonzalez,Dean Kremer,R,6,BAL,BOS,home,1.0,2026-07-22 13:01:25.825258
LF,L,Jarren Duran,Dean Kremer,R,7,BAL,BOS,home,1.0,2026-07-22 13:01:25.825258
C,R,Connor Wong,Dean Kremer,R,8,BAL,BOS,home,1.0,2026-07-22 13:01:25.825258
SS,L,T. Cheng,Dean Kremer,R,9,BAL,BOS,home,1.0,2026-07-22 13:01:25.825258
2B,L,Luis Arraez,Seth Lugo,R,1,SF,KC,away,1.0,2026-07-22 13:01:25.825258
DH,L,B. Eldridge,Seth Lugo,R,2,SF,KC,away,1.0,2026-07-22 13:01:25.825258
LF,R,Heliot Ramos,Seth Lugo,R,3,SF,KC,away,1.0,2026-07-22 13:01:25.825258
1B,L,R. Devers,Seth Lugo,R,4,SF,KC,away,1.0,2026-07-22 13:01:25.825258
3B,R,C. Schmitt,Seth Lugo,R,5,SF,KC,away,1.0,2026-07-22 13:01:25.825258
RF,L,Jung Hoo Lee,Seth Lugo,R,6,SF,KC,away,1.0,2026-07-22 13:01:25.825258
SS,R,Willy Adames,Seth Lugo,R,7,SF,KC,away,1.0,2026-07-22 13:01:25.825258
CF,L,Drew Gilbert,Seth Lugo,R,8,SF,KC,away,1.0,2026-07-22 13:01:25.825258
C,L,D. Cavanaugh,Seth Lugo,R,9,SF,KC,away,1.0,2026-07-22 13:01:25.825258
C,L,C. Jensen,Landen Roupp,R,1,SF,KC,home,1.0,2026-07-22 13:01:25.825258
CF,R,Lane Thomas,Landen Roupp,R,2,SF,KC,home,1.0,2026-07-22 13:01:25.825258
1B,L,V. Pasquantino,Landen Roupp,R,3,SF,KC,home,1.0,2026-07-22 13:01:25.825258
DH,R,S. Perez,Landen Roupp,R,4,SF,KC,home,1.0,2026-07-22 13:01:25.825258
2B,L,M. Massey,Landen Roupp,R,5,SF,KC,home,1.0,2026-07-22 13:01:25.825258
LF,S,I. Collins,Landen Roupp,R,6,SF,KC,home,1.0,2026-07-22 13:01:25.825258
RF,R,S. Marte,Landen Roupp,R,7,SF,KC,home,1.0,2026-07-22 13:01:25.825258
3B,L,Josh Rojas,Landen Roupp,R,8,SF,KC,home,1.0,2026-07-22 13:01:25.825258
SS,R,A. Velazquez,Landen Roupp,R,9,SF,KC,home,1.0,2026-07-22 13:01:25.825258
CF,L,A.J. Ewing,Logan Henderson,R,1,NYM,MIL,away,1.0,2026-07-22 13:01:25.825258
SS,S,F. Lindor,Logan Henderson,R,2,NYM,MIL,away,1.0,2026-07-22 13:01:25.825258
3B,R,Bo Bichette,Logan Henderson,R,3,NYM,MIL,away,1.0,2026-07-22 13:01:25.825258
LF,L,Carson Benge,Logan Henderson,R,4,NYM,MIL,away,1.0,2026-07-22 13:01:25.825258
DH,S,J. Polanco,Logan Henderson,R,5,NYM,MIL,away,1.0,2026-07-22 13:01:25.825258
1B,L,Jared Young,Logan Henderson,R,6,NYM,MIL,away,1.0,2026-07-22 13:01:25.825258
2B,R,M. Semien,Logan Henderson,R,7,NYM,MIL,away,1.0,2026-07-22 13:01:25.825258
RF,L,Brett Baty,Logan Henderson,R,8,NYM,MIL,away,1.0,2026-07-22 13:01:25.825258
C,R,F. Alvarez,Logan Henderson,R,9,NYM,MIL,away,1.0,2026-07-22 13:01:25.825258
DH,L,C. Yelich,Christian Scott,R,1,NYM,MIL,home,1.0,2026-07-22 13:01:25.825258
LF,R,J. Chourio,Christian Scott,R,2,NYM,MIL,home,1.0,2026-07-22 13:01:25.825258
2B,L,Brice Turang,Christian Scott,R,3,NYM,MIL,home,1.0,2026-07-22 13:01:25.825258
C,R,W. Contreras,Christian Scott,R,4,NYM,MIL,home,1.0,2026-07-22 13:01:25.825258
CF,L,G. Mitchell,Christian Scott,R,5,NYM,MIL,home,1.0,2026-07-22 13:01:25.825258
1B,R,A. Vaughn,Christian Scott,R,6,NYM,MIL,home,1.0,2026-07-22 13:01:25.825258
RF,L,Jake Bauers,Christian Scott,R,7,NYM,MIL,home,1.0,2026-07-22 13:01:25.825258
SS,R,Cooper Pratt,Christian Scott,R,8,NYM,MIL,home,1.0,2026-07-22 13:01:25.825258
3B,R,Joey Ortiz,Christian Scott,R,9,NYM,MIL,home,1.0,2026-07-22 13:01:25.825258
DH,L,James Wood,Gabriel Hughes,R,1,WSH,COL,away,2.0,2026-07-22 13:01:25.825258
1B,L,Luis Garcia,Gabriel Hughes,R,2,WSH,COL,away,2.0,2026-07-22 13:01:25.825258
3B,R,Curtis Mead,Gabriel Hughes,R,3,WSH,COL,away,2.0,2026-07-22 13:01:25.825258
SS,L,CJ Abrams,Gabriel Hughes,R,4,WSH,COL,away,2.0,2026-07-22 13:01:25.825258
C,S,Keibert Ruiz,Gabriel Hughes,R,5,WSH,COL,away,2.0,2026-07-22 13:01:25.825258
LF,L,Daylen Lile,Gabriel Hughes,R,6,WSH,COL,away,2.0,2026-07-22 13:01:25.825258
RF,R,Dylan Crews,Gabriel Hughes,R,7,WSH,COL,away,2.0,2026-07-22 13:01:25.825258
CF,R,Jacob Young,Gabriel Hughes,R,8,WSH,COL,away,2.0,2026-07-22 13:01:25.825258
2B,S,Nasim Nunez,Gabriel Hughes,R,9,WSH,COL,away,2.0,2026-07-22 13:01:25.825258
RF,L,J. McCarthy,Cade Cavalli,R,1,WSH,COL,home,2.0,2026-07-22 13:01:25.825258
LF,L,M. Moniak,Cade Cavalli,R,2,WSH,COL,home,2.0,2026-07-22 13:01:25.825258
DH,R,H. Goodman,Cade Cavalli,R,3,WSH,COL,home,2.0,2026-07-22 13:01:25.825258
1B,L,TJ Rumfield,Cade Cavalli,R,4,WSH,COL,home,2.0,2026-07-22 13:01:25.825258
CF,S,Cole Carrigg,Cade Cavalli,R,5,WSH,COL,home,2.0,2026-07-22 13:01:25.825258
3B,R,Kyle Karros,Cade Cavalli,R,6,WSH,COL,home,2.0,2026-07-22 13:01:25.825258
SS,S,Willi Castro,Cade Cavalli,R,7,WSH,COL,home,2.0,2026-07-22 13:01:25.825258
2B,L,E. Julien,Cade Cavalli,R,8,WSH,COL,home,2.0,2026-07-22 13:01:25.825258
C,L,B. Sullivan,Cade Cavalli,R,9,WSH,COL,home,2.0,2026-07-22 13:01:25.825258
SS,S,E. De La Cruz,Emerson Hancock,R,1,CIN,SEA,away,3.0,2026-07-22 13:01:25.825258
3B,R,Sal Stewart,Emerson Hancock,R,2,CIN,SEA,away,3.0,2026-07-22 13:01:25.825258
LF,L,JJ Bleday,Emerson Hancock,R,3,CIN,SEA,away,3.0,2026-07-22 13:01:25.825258
1B,R,S. Steer,Emerson Hancock,R,4,CIN,SEA,away,3.0,2026-07-22 13:01:25.825258
DH,R,E. Suarez,Emerson Hancock,R,5,CIN,SEA,away,3.0,2026-07-22 13:01:25.825258
C,R,T. Stephenson,Emerson Hancock,R,6,CIN,SEA,away,3.0,2026-07-22 13:01:25.825258
RF,R,Noelvi Marte,Emerson Hancock,R,7,CIN,SEA,away,3.0,2026-07-22 13:01:25.825258
2B,S,Edwin Arroyo,Emerson Hancock,R,8,CIN,SEA,away,3.0,2026-07-22 13:01:25.825258
CF,L,TJ Friedl,Emerson Hancock,R,9,CIN,SEA,away,3.0,2026-07-22 13:01:25.825258
3B,L,J. Crawford,Brady Singer,R,1,CIN,SEA,home,3.0,2026-07-22 13:01:25.825258
CF,R,J. Rodriguez,Brady Singer,R,2,CIN,SEA,home,3.0,2026-07-22 13:01:25.825258
LF,R,R. Arozarena,Brady Singer,R,3,CIN,SEA,home,3.0,2026-07-22 13:01:25.825258
C,S,Cal Raleigh,Brady Singer,R,4,CIN,SEA,home,3.0,2026-07-22 13:01:25.825258
DH,L,D. Canzone,Brady Singer,R,5,CIN,SEA,home,3.0,2026-07-22 13:01:25.825258
1B,L,Josh Naylor,Brady Singer,R,6,CIN,SEA,home,3.0,2026-07-22 13:01:25.825258
RF,L,Luke Raley,Brady Singer,R,7,CIN,SEA,home,3.0,2026-07-22 13:01:25.825258
2B,L,Cole Young,Brady Singer,R,8,CIN,SEA,home,3.0,2026-07-22 13:01:25.825258
SS,L,Colt Emerson,Brady Singer,R,9,CIN,SEA,home,3.0,2026-07-22 13:01:25.825258
SS,R,Jacob Wilson,Merrill Kelly,R,1,ATH,ARI,away,3.0,2026-07-22 13:01:25.825258
LF,L,T. Soderstrom,Merrill Kelly,R,2,ATH,ARI,away,3.0,2026-07-22 13:01:25.825258
DH,R,S. Langeliers,Merrill Kelly,R,3,ATH,ARI,away,3.0,2026-07-22 13:01:25.825258
RF,L,C. Cortes,Merrill Kelly,R,4,ATH,ARI,away,3.0,2026-07-22 13:01:25.825258
3B,L,D. Walton,Merrill Kelly,R,5,ATH,ARI,away,3.0,2026-07-22 13:01:25.825258
1B,R,Tommy White,Merrill Kelly,R,6,ATH,ARI,away,3.0,2026-07-22 13:01:25.825258
2B,L,Jeff McNeil,Merrill Kelly,R,7,ATH,ARI,away,3.0,2026-07-22 13:01:25.825258
CF,L,L. Butler,Merrill Kelly,R,8,ATH,ARI,away,3.0,2026-07-22 13:01:25.825258
C,S,Jonah Heim,Merrill Kelly,R,9,ATH,ARI,away,3.0,2026-07-22 13:01:25.825258
2B,S,Ketel Marte,Gage Jump,L,1,ATH,ARI,home,3.0,2026-07-22 13:01:25.825258
SS,S,G. Perdomo,Gage Jump,L,2,ATH,ARI,home,3.0,2026-07-22 13:01:25.825258
RF,L,C. Carroll,Gage Jump,L,3,ATH,ARI,home,3.0,2026-07-22 13:01:25.825258
C,R,G. Moreno,Gage Jump,L,4,ATH,ARI,home,3.0,2026-07-22 13:01:25.825258
3B,R,N. Arenado,Gage Jump,L,5,ATH,ARI,home,3.0,2026-07-22 13:01:25.825258
1B,R,T. Locklear,Gage Jump,L,6,ATH,ARI,home,3.0,2026-07-22 13:01:25.825258
LF,R,Tim Tawa,Gage Jump,L,7,ATH,ARI,home,3.0,2026-07-22 13:01:25.825258
DH,S,I. Vargas,Gage Jump,L,8,ATH,ARI,home,3.0,2026-07-22 13:01:25.825258
CF,R,R. Waldschmidt,Gage Jump,L,9,ATH,ARI,home,3.0,2026-07-22 13:01:25.825258
2B,L,J. Wetherholt,Reid Detmers,L,1,STL,LAA,away,3.0,2026-07-22 13:01:25.825258
DH,R,Ivan Herrera,Reid Detmers,L,2,STL,LAA,away,3.0,2026-07-22 13:01:25.825258
RF,R,J. Walker,Reid Detmers,L,3,STL,LAA,away,3.0,2026-07-22 13:01:25.825258
1B,L,A. Burleson,Reid Detmers,L,4,STL,LAA,away,3.0,2026-07-22 13:01:25.825258
LF,R,N. Velazquez,Reid Detmers,L,5,STL,LAA,away,3.0,2026-07-22 13:01:25.825258
SS,R,Masyn Winn,Reid Detmers,L,6,STL,LAA,away,3.0,2026-07-22 13:01:25.825258
CF,R,Jose Fermin,Reid Detmers,L,7,STL,LAA,away,3.0,2026-07-22 13:01:25.825258
3B,R,Blaze Jordan,Reid Detmers,L,8,STL,LAA,away,3.0,2026-07-22 13:01:25.825258
C,R,Pedro Pages,Reid Detmers,L,9,STL,LAA,away,3.0,2026-07-22 13:01:25.825258
SS,R,Zach Neto,Hunter Dobbins,R,1,STL,LAA,home,3.0,2026-07-22 13:01:25.825258
CF,R,Mike Trout,Hunter Dobbins,R,2,STL,LAA,home,3.0,2026-07-22 13:01:25.825258
1B,L,N. Schanuel,Hunter Dobbins,R,3,STL,LAA,home,3.0,2026-07-22 13:01:25.825258
DH,R,Jorge Soler,Hunter Dobbins,R,4,STL,LAA,home,3.0,2026-07-22 13:01:25.825258
2B,R,V. Grissom,Hunter Dobbins,R,5,STL,LAA,home,3.0,2026-07-22 13:01:25.825258
LF,L,Josh Lowe,Hunter Dobbins,R,6,STL,LAA,home,3.0,2026-07-22 13:01:25.825258
RF,R,Jo Adell,Hunter Dobbins,R,7,STL,LAA,home,3.0,2026-07-22 13:01:25.825258
3B,R,D. Guzman,Hunter Dobbins,R,8,STL,LAA,home,3.0,2026-07-22 13:01:25.825258
C,R,L. O'Hoppe,Hunter Dobbins,R,9,STL,LAA,home,3.0,2026-07-22 13:01:25.825258
2B,L,J. Wetherholt,Reid Detmers,L,1,STL,LAA,away,0.0,2026-07-22 16:22:07.377943
DH,R,Ivan Herrera,Reid Detmers,L,2,STL,LAA,away,0.0,2026-07-22 16:22:07.377943
RF,R,J. Walker,Reid Detmers,L,3,STL,LAA,away,0.0,2026-07-22 16:22:07.377943
1B,L,A. Burleson,Reid Detmers,L,4,STL,LAA,away,0.0,2026-07-22 16:22:07.377943
LF,R,N. Velazquez,Reid Detmers,L,5,STL,LAA,away,0.0,2026-07-22 16:22:07.377943
SS,R,Masyn Winn,Reid Detmers,L,6,STL,LAA,away,0.0,2026-07-22 16:22:07.377943
CF,R,Jose Fermin,Reid Detmers,L,7,STL,LAA,away,0.0,2026-07-22 16:22:07.377943
3B,R,Blaze Jordan,Reid Detmers,L,8,STL,LAA,away,0.0,2026-07-22 16:22:07.377943
C,L,Jimmy Crooks,Reid Detmers,L,9,STL,LAA,away,0.0,2026-07-22 16:22:07.377943
SS,R,Zach Neto,Hunter Dobbins,R,1,STL,LAA,home,0.0,2026-07-22 16:22:07.377943
CF,R,Mike Trout,Hunter Dobbins,R,2,STL,LAA,home,0.0,2026-07-22 16:22:07.377943
1B,L,N. Schanuel,Hunter Dobbins,R,3,STL,LAA,home,0.0,2026-07-22 16:22:07.377943
3B,R,V. Grissom,Hunter Dobbins,R,4,STL,LAA,home,0.0,2026-07-22 16:22:07.377943
DH,R,Jo Adell,Hunter Dobbins,R,5,STL,LAA,home,0.0,2026-07-22 16:22:07.377943
LF,L,Wade Meckler,Hunter Dobbins,R,6,STL,LAA,home,0.0,2026-07-22 16:22:07.377943
2B,R,O. Peraza,Hunter Dobbins,R,7,STL,LAA,home,0.0,2026-07-22 16:22:07.377943
RF,L,Josh Lowe,Hunter Dobbins,R,8,STL,LAA,home,0.0,2026-07-22 16:22:07.377943
C,S,T. Heineman,Hunter Dobbins,R,9,STL,LAA,home,0.0,2026-07-22 16:22:07.377943
LF,L,T. Larnach,Slade Cecconi,R,1,MIN,CLE,away,2.0,2026-07-22 16:22:07.377943
SS,S,Brooks Lee,Slade Cecconi,R,2,MIN,CLE,away,2.0,2026-07-22 16:22:07.377943
2B,L,Kody Clemens,Slade Cecconi,R,3,MIN,CLE,away,2.0,2026-07-22 16:22:07.377943
DH,S,Josh Bell,Slade Cecconi,R,4,MIN,CLE,away,2.0,2026-07-22 16:22:07.377943
3B,R,Royce Lewis,Slade Cecconi,R,5,MIN,CLE,away,2.0,2026-07-22 16:22:07.377943
1B,S,V. Caratini,Slade Cecconi,R,6,MIN,CLE,away,2.0,2026-07-22 16:22:07.377943
RF,L,Alan Roden,Slade Cecconi,R,7,MIN,CLE,away,2.0,2026-07-22 16:22:07.377943
CF,R,L. Keaschall,Slade Cecconi,R,8,MIN,CLE,away,2.0,2026-07-22 16:22:07.377943
C,R,Alex Jackson,Slade Cecconi,R,9,MIN,CLE,away,2.0,2026-07-22 16:22:07.377943
LF,L,Steven Kwan,Bailey Ober,R,1,MIN,CLE,home,2.0,2026-07-22 16:22:07.377943
3B,S,Jose Ramirez,Bailey Ober,R,2,MIN,CLE,home,2.0,2026-07-22 16:22:07.377943
DH,L,C. DeLauter,Bailey Ober,R,3,MIN,CLE,home,2.0,2026-07-22 16:22:07.377943
SS,S,B. Rocchio,Bailey Ober,R,4,MIN,CLE,home,2.0,2026-07-22 16:22:07.377943
2B,L,T. Bazzana,Bailey Ober,R,5,MIN,CLE,home,2.0,2026-07-22 16:22:07.377943
1B,L,K. Manzardo,Bailey Ober,R,6,MIN,CLE,home,2.0,2026-07-22 16:22:07.377943
RF,L,D. Schneemann,Bailey Ober,R,7,MIN,CLE,home,2.0,2026-07-22 16:22:07.377943
C,S,P. Bailey,Bailey Ober,R,8,MIN,CLE,home,2.0,2026-07-22 16:22:07.377943
CF,L,Petey Halpin,Bailey Ober,R,9,MIN,CLE,home,2.0,2026-07-22 16:22:07.377943
DH,L,S. Ohtani,Aaron Nola,R,1,LAD,PHI,away,2.0,2026-07-22 16:22:07.377943
CF,R,Andy Pages,Aaron Nola,R,2,LAD,PHI,away,2.0,2026-07-22 16:22:07.377943
1B,L,F. Freeman,Aaron Nola,R,3,LAD,PHI,away,2.0,2026-07-22 16:22:07.377943
3B,L,Max Muncy,Aaron Nola,R,4,LAD,PHI,away,2.0,2026-07-22 16:22:07.377943
SS,R,Mookie Betts,Aaron Nola,R,5,LAD,PHI,away,2.0,2026-07-22 16:22:07.377943
RF,L,Kyle Tucker,Aaron Nola,R,6,LAD,PHI,away,2.0,2026-07-22 16:22:07.377943
LF,R,T. Hernandez,Aaron Nola,R,7,LAD,PHI,away,2.0,2026-07-22 16:22:07.377943
2B,S,Tommy Edman,Aaron Nola,R,8,LAD,PHI,away,2.0,2026-07-22 16:22:07.377943
C,L,D. Rushing,Aaron Nola,R,9,LAD,PHI,away,2.0,2026-07-22 16:22:07.377943
SS,R,Trea Turner,Eric Lauer,L,1,LAD,PHI,home,2.0,2026-07-22 16:22:07.377943
DH,L,K. Schwarber,Eric Lauer,L,2,LAD,PHI,home,2.0,2026-07-22 16:22:07.377943
1B,L,Bryce Harper,Eric Lauer,L,3,LAD,PHI,home,2.0,2026-07-22 16:22:07.377943
3B,R,Alec Bohm,Eric Lauer,L,4,LAD,PHI,home,2.0,2026-07-22 16:22:07.377943
LF,R,Edmundo Sosa,Eric Lauer,L,5,LAD,PHI,home,2.0,2026-07-22 16:22:07.377943
CF,R,Derek Hill,Eric Lauer,L,6,LAD,PHI,home,2.0,2026-07-22 16:22:07.377943
RF,R,B. De La Cruz,Eric Lauer,L,7,LAD,PHI,home,2.0,2026-07-22 16:22:07.377943
2B,L,Bryson Stott,Eric Lauer,L,8,LAD,PHI,home,2.0,2026-07-22 16:22:07.377943
C,S,R. Marchan,Eric Lauer,L,9,LAD,PHI,home,2.0,2026-07-22 16:22:07.377943
CF,S,Jake Mangum,Max Fried,L,1,PIT,NYY,away,3.0,2026-07-22 16:22:07.377943
2B,L,Brandon Lowe,Max Fried,L,2,PIT,NYY,away,3.0,2026-07-22 16:22:07.377943
LF,S,B. Reynolds,Max Fried,L,3,PIT,NYY,away,3.0,2026-07-22 16:22:07.377943
RF,R,E. Valdez,Max Fried,L,4,PIT,NYY,away,3.0,2026-07-22 16:22:07.377943
DH,L,Ryan O'Hearn,Max Fried,L,5,PIT,NYY,away,3.0,2026-07-22 16:22:07.377943
3B,R,N. Gonzales,Max Fried,L,6,PIT,NYY,away,3.0,2026-07-22 16:22:07.377943
1B,L,J. Gonzalez,Max Fried,L,7,PIT,NYY,away,3.0,2026-07-22 16:22:07.377943
SS,R,Jared Triolo,Max Fried,L,8,PIT,NYY,away,3.0,2026-07-22 16:22:07.377943
C,R,Henry Davis,Max Fried,L,9,PIT,NYY,away,3.0,2026-07-22 16:22:07.377943
CF,L,T. Grisham,Bubba Chandler,R,1,PIT,NYY,home,3.0,2026-07-22 16:22:07.377943
DH,L,Ben Rice,Bubba Chandler,R,2,PIT,NYY,home,3.0,2026-07-22 16:22:07.377943
1B,R,P. Goldschmidt,Bubba Chandler,R,3,PIT,NYY,home,3.0,2026-07-22 16:22:07.377943
LF,L,C. Bellinger,Bubba Chandler,R,4,PIT,NYY,home,3.0,2026-07-22 16:22:07.377943
2B,L,J. Chisholm,Bubba Chandler,R,5,PIT,NYY,home,3.0,2026-07-22 16:22:07.377943
RF,S,J. Dominguez,Bubba Chandler,R,6,PIT,NYY,home,3.0,2026-07-22 16:22:07.377943
3B,L,Ryan McMahon,Bubba Chandler,R,7,PIT,NYY,home,3.0,2026-07-22 16:22:07.377943
C,L,Austin Wells,Bubba Chandler,R,8,PIT,NYY,home,3.0,2026-07-22 16:22:07.377943
SS,R,J. Caballero,Bubba Chandler,R,9,PIT,NYY,home,3.0,2026-07-22 16:22:07.377943
DH,R,Yandy Diaz,Spencer Miles,R,1,TB,TOR,away,3.0,2026-07-22 16:22:07.377943
1B,L,J. Aranda,Spencer Miles,R,2,TB,TOR,away,3.0,2026-07-22 16:22:07.377943
3B,R,J. Caminero,Spencer Miles,R,3,TB,TOR,away,3.0,2026-07-22 16:22:07.377943
CF,L,C. Mullins,Spencer Miles,R,4,TB,TOR,away,3.0,2026-07-22 16:22:07.377943
LF,L,C. Simpson,Spencer Miles,R,5,TB,TOR,away,3.0,2026-07-22 16:22:07.377943
RF,L,Victor Mesa,Spencer Miles,R,6,TB,TOR,away,3.0,2026-07-22 16:22:07.377943
2B,L,R. Palacios,Spencer Miles,R,7,TB,TOR,away,3.0,2026-07-22 16:22:07.377943
SS,S,Taylor Walls,Spencer Miles,R,8,TB,TOR,away,3.0,2026-07-22 16:22:07.377943
C,L,H. Feduccia,Spencer Miles,R,9,TB,TOR,away,3.0,2026-07-22 16:22:07.377943
RF,L,Nathan Lukes,Griffin Jax,R,1,TB,TOR,home,3.0,2026-07-22 16:22:07.377943
1B,R,V. Guerrero,Griffin Jax,R,2,TB,TOR,home,3.0,2026-07-22 16:22:07.377943
2B,R,E. Clement,Griffin Jax,R,3,TB,TOR,home,3.0,2026-07-22 16:22:07.377943
DH,R,G. Springer,Griffin Jax,R,4,TB,TOR,home,3.0,2026-07-22 16:22:07.377943
CF,L,D. Varsho,Griffin Jax,R,5,TB,TOR,home,3.0,2026-07-22 16:22:07.377943
3B,R,K. Okamoto,Griffin Jax,R,6,TB,TOR,home,3.0,2026-07-22 16:22:07.377943
C,R,A. Kirk,Griffin Jax,R,7,TB,TOR,home,3.0,2026-07-22 16:22:07.377943
SS,L,A. Gimenez,Griffin Jax,R,8,TB,TOR,home,3.0,2026-07-22 16:22:07.377943
LF,S,J. Clase,Griffin Jax,R,9,TB,TOR,home,3.0,2026-07-22 16:22:07.377943
LF,R,Taylor Ward,Eduardo Rivera,L,1,BAL,BOS,away,3.0,2026-07-22 16:22:07.377943
1B,R,Pete Alonso,Eduardo Rivera,L,2,BAL,BOS,away,3.0,2026-07-22 16:22:07.377943
SS,L,G. Henderson,Eduardo Rivera,L,3,BAL,BOS,away,3.0,2026-07-22 16:22:07.377943
RF,R,T. O'Neill,Eduardo Rivera,L,4,BAL,BOS,away,3.0,2026-07-22 16:22:07.377943
DH,R,Coby Mayo,Eduardo Rivera,L,5,BAL,BOS,away,3.0,2026-07-22 16:22:07.377943
CF,S,L. Taveras,Eduardo Rivera,L,6,BAL,BOS,away,3.0,2026-07-22 16:22:07.377943
2B,R,J. Jackson,Eduardo Rivera,L,7,BAL,BOS,away,3.0,2026-07-22 16:22:07.377943
3B,R,C. Encarnacion-Strand,Eduardo Rivera,L,8,BAL,BOS,away,3.0,2026-07-22 16:22:07.377943
C,R,C. Tromp,Eduardo Rivera,L,9,BAL,BOS,away,3.0,2026-07-22 16:22:07.377943
2B,L,A. Seigler,Kyle Bradish,R,1,BAL,BOS,home,3.0,2026-07-22 16:22:07.377943
CF,R,C. Rafaela,Kyle Bradish,R,2,BAL,BOS,home,3.0,2026-07-22 16:22:07.377943
RF,L,Wilyer Abreu,Kyle Bradish,R,3,BAL,BOS,home,3.0,2026-07-22 16:22:07.377943
1B,R,W. Contreras,Kyle Bradish,R,4,BAL,BOS,home,3.0,2026-07-22 16:22:07.377943
DH,L,M. Yoshida,Kyle Bradish,R,5,BAL,BOS,home,3.0,2026-07-22 16:22:07.377943
3B,R,Caleb Durbin,Kyle Bradish,R,6,BAL,BOS,home,3.0,2026-07-22 16:22:07.377943
LF,L,Jarren Duran,Kyle Bradish,R,7,BAL,BOS,home,3.0,2026-07-22 16:22:07.377943
C,R,Connor Wong,Kyle Bradish,R,8,BAL,BOS,home,3.0,2026-07-22 16:22:07.377943
SS,L,T. Cheng,Kyle Bradish,R,9,BAL,BOS,home,3.0,2026-07-22 16:22:07.377943
RF,R,F. Tatis,Martin Perez,L,1,SD,ATL,away,3.0,2026-07-22 16:22:07.377943
DH,S,Luis Rengifo,Martin Perez,L,2,SD,ATL,away,3.0,2026-07-22 16:22:07.377943
3B,R,M. Machado,Martin Perez,L,3,SD,ATL,away,3.0,2026-07-22 16:22:07.377943
1B,R,Ty France,Martin Perez,L,4,SD,ATL,away,3.0,2026-07-22 16:22:07.377943
CF,L,J. Merrill,Martin Perez,L,5,SD,ATL,away,3.0,2026-07-22 16:22:07.377943
C,R,L. Campusano,Martin Perez,L,6,SD,ATL,away,3.0,2026-07-22 16:22:07.377943
SS,R,X. Bogaerts,Martin Perez,L,7,SD,ATL,away,3.0,2026-07-22 16:22:07.377943
2B,L,J. Cronenworth,Martin Perez,L,8,SD,ATL,away,3.0,2026-07-22 16:22:07.377943
LF,R,Jase Bowen,Martin Perez,L,9,SD,ATL,away,3.0,2026-07-22 16:22:07.377943
C,L,D. Baldwin,Michael King,R,1,SD,ATL,home,3.0,2026-07-22 16:22:07.377943
2B,S,Ozzie Albies,Michael King,R,2,SD,ATL,home,3.0,2026-07-22 16:22:07.377943
1B,L,Matt Olson,Michael King,R,3,SD,ATL,home,3.0,2026-07-22 16:22:07.377943
CF,L,M. Harris,Michael King,R,4,SD,ATL,home,3.0,2026-07-22 16:22:07.377943
3B,R,Austin Riley,Michael King,R,5,SD,ATL,home,3.0,2026-07-22 16:22:07.377943
DH,L,M. Yastrzemski,Michael King,R,6,SD,ATL,home,3.0,2026-07-22 16:22:07.377943
LF,R,M. Dubon,Michael King,R,7,SD,ATL,home,3.0,2026-07-22 16:22:07.377943
SS,L,Jim Jarvis,Michael King,R,8,SD,ATL,home,3.0,2026-07-22 16:22:07.377943
RF,R,B. Hicklen,Michael King,R,9,SD,ATL,home,3.0,2026-07-22 16:22:07.377943
RF,R,F. Tatis,Chris Sale,L,1,SD,ATL,away,0.0,2026-07-23 12:11:38.184058
LF,S,Luis Rengifo,Chris Sale,L,2,SD,ATL,away,0.0,2026-07-23 12:11:38.184058
3B,R,M. Machado,Chris Sale,L,3,SD,ATL,away,0.0,2026-07-23 12:11:38.184058
1B,R,Ty France,Chris Sale,L,4,SD,ATL,away,0.0,2026-07-23 12:11:38.184058
SS,R,X. Bogaerts,Chris Sale,L,5,SD,ATL,away,0.0,2026-07-23 12:11:38.184058
DH,L,Gavin Sheets,Chris Sale,L,6,SD,ATL,away,0.0,2026-07-23 12:11:38.184058
C,R,F. Fermin,Chris Sale,L,7,SD,ATL,away,0.0,2026-07-23 12:11:38.184058
CF,R,Jase Bowen,Chris Sale,L,8,SD,ATL,away,0.0,2026-07-23 12:11:38.184058
2B,L,J. Cronenworth,Chris Sale,L,9,SD,ATL,away,0.0,2026-07-23 12:11:38.184058
C,L,D. Baldwin,Griffin Canning,R,1,SD,ATL,home,0.0,2026-07-23 12:11:38.184058
2B,S,Ozzie Albies,Griffin Canning,R,2,SD,ATL,home,0.0,2026-07-23 12:11:38.184058
1B,L,Matt Olson,Griffin Canning,R,3,SD,ATL,home,0.0,2026-07-23 12:11:38.184058
CF,L,M. Harris,Griffin Canning,R,4,SD,ATL,home,0.0,2026-07-23 12:11:38.184058
LF,R,M. Dubon,Griffin Canning,R,5,SD,ATL,home,0.0,2026-07-23 12:11:38.184058
3B,R,Austin Riley,Griffin Canning,R,6,SD,ATL,home,0.0,2026-07-23 12:11:38.184058
DH,L,D. Smith,Griffin Canning,R,7,SD,ATL,home,0.0,2026-07-23 12:11:38.184058
RF,L,M. Yastrzemski,Griffin Canning,R,8,SD,ATL,home,0.0,2026-07-23 12:11:38.184058
SS,L,Jim Jarvis,Griffin Canning,R,9,SD,ATL,home,0.0,2026-07-23 12:11:38.184058
3B,S,Brooks Lee,Gavin Williams,R,1,MIN,CLE,away,1.0,2026-07-23 12:11:38.184058
CF,R,Byron Buxton,Gavin Williams,R,2,MIN,CLE,away,1.0,2026-07-23 12:11:38.184058
C,R,Ryan Jeffers,Gavin Williams,R,3,MIN,CLE,away,1.0,2026-07-23 12:11:38.184058
DH,S,Josh Bell,Gavin Williams,R,4,MIN,CLE,away,1.0,2026-07-23 12:11:38.184058
2B,L,Kody Clemens,Gavin Williams,R,5,MIN,CLE,away,1.0,2026-07-23 12:11:38.184058
1B,R,Royce Lewis,Gavin Williams,R,6,MIN,CLE,away,1.0,2026-07-23 12:11:38.184058
LF,R,A. Martin,Gavin Williams,R,7,MIN,CLE,away,1.0,2026-07-23 12:11:38.184058
RF,R,L. Keaschall,Gavin Williams,R,8,MIN,CLE,away,1.0,2026-07-23 12:11:38.184058
SS,R,R. Kreidler,Gavin Williams,R,9,MIN,CLE,away,1.0,2026-07-23 12:11:38.184058
LF,L,Steven Kwan,Taj Bradley,R,1,MIN,CLE,home,1.0,2026-07-23 12:11:38.184058
3B,S,Jose Ramirez,Taj Bradley,R,2,MIN,CLE,home,1.0,2026-07-23 12:11:38.184058
RF,L,C. DeLauter,Taj Bradley,R,3,MIN,CLE,home,1.0,2026-07-23 12:11:38.184058
SS,S,B. Rocchio,Taj Bradley,R,4,MIN,CLE,home,1.0,2026-07-23 12:11:38.184058
2B,L,T. Bazzana,Taj Bradley,R,5,MIN,CLE,home,1.0,2026-07-23 12:11:38.184058
DH,R,Rhys Hoskins,Taj Bradley,R,6,MIN,CLE,home,1.0,2026-07-23 12:11:38.184058
1B,L,K. Manzardo,Taj Bradley,R,7,MIN,CLE,home,1.0,2026-07-23 12:11:38.184058
C,S,P. Bailey,Taj Bradley,R,8,MIN,CLE,home,1.0,2026-07-23 12:11:38.184058
CF,L,Petey Halpin,Taj Bradley,R,9,MIN,CLE,home,1.0,2026-07-23 12:11:38.184058
DH,R,Yandy Diaz,Shane Bieber,R,1,TB,TOR,away,3.0,2026-07-23 12:11:38.184058
1B,L,J. Aranda,Shane Bieber,R,2,TB,TOR,away,3.0,2026-07-23 12:11:38.184058
3B,R,J. Caminero,Shane Bieber,R,3,TB,TOR,away,3.0,2026-07-23 12:11:38.184058
CF,L,C. Mullins,Shane Bieber,R,4,TB,TOR,away,3.0,2026-07-23 12:11:38.184058
LF,L,C. Simpson,Shane Bieber,R,5,TB,TOR,away,3.0,2026-07-23 12:11:38.184058
RF,L,Victor Mesa,Shane Bieber,R,6,TB,TOR,away,3.0,2026-07-23 12:11:38.184058
SS,R,B. Williamson,Shane Bieber,R,7,TB,TOR,away,3.0,2026-07-23 12:11:38.184058
2B,L,R. Palacios,Shane Bieber,R,8,TB,TOR,away,3.0,2026-07-23 12:11:38.184058
C,L,H. Feduccia,Shane Bieber,R,9,TB,TOR,away,3.0,2026-07-23 12:11:38.184058
SS,R,E. Clement,Ian Seymour,L,1,TB,TOR,home,3.0,2026-07-23 12:11:38.184058
1B,R,V. Guerrero,Ian Seymour,L,2,TB,TOR,home,3.0,2026-07-23 12:11:38.184058
3B,R,K. Okamoto,Ian Seymour,L,3,TB,TOR,home,3.0,2026-07-23 12:11:38.184058
DH,R,G. Springer,Ian Seymour,L,4,TB,TOR,home,3.0,2026-07-23 12:11:38.184058
C,R,A. Kirk,Ian Seymour,L,5,TB,TOR,home,3.0,2026-07-23 12:11:38.184058
CF,L,D. Varsho,Ian Seymour,L,6,TB,TOR,home,3.0,2026-07-23 12:11:38.184058
2B,R,Luis Urias,Ian Seymour,L,7,TB,TOR,home,3.0,2026-07-23 12:11:38.184058
LF,L,Nathan Lukes,Ian Seymour,L,8,TB,TOR,home,3.0,2026-07-23 12:11:38.184058
RF,R,Myles Straw,Ian Seymour,L,9,TB,TOR,home,3.0,2026-07-23 12:11:38.184058
2B,S,Ketel Marte,Michael McGreevy,R,1,ARI,STL,away,1.0,2026-07-23 16:19:35.898946
RF,L,C. Carroll,Michael McGreevy,R,2,ARI,STL,away,1.0,2026-07-23 16:19:35.898946
SS,S,G. Perdomo,Michael McGreevy,R,3,ARI,STL,away,1.0,2026-07-23 16:19:35.898946
C,R,G. Moreno,Michael McGreevy,R,4,ARI,STL,away,1.0,2026-07-23 16:19:35.898946
LF,L,Max Kepler,Michael McGreevy,R,5,ARI,STL,away,1.0,2026-07-23 16:19:35.898946
1B,R,Tim Tawa,Michael McGreevy,R,6,ARI,STL,away,1.0,2026-07-23 16:19:35.898946
DH,L,A. Del Castillo,Michael McGreevy,R,7,ARI,STL,away,1.0,2026-07-23 16:19:35.898946
3B,S,I. Vargas,Michael McGreevy,R,8,ARI,STL,away,1.0,2026-07-23 16:19:35.898946
CF,R,R. Waldschmidt,Michael McGreevy,R,9,ARI,STL,away,1.0,2026-07-23 16:19:35.898946
2B,L,J. Wetherholt,Brandon Pfaadt,R,1,ARI,STL,home,1.0,2026-07-23 16:19:35.898946
RF,R,J. Walker,Brandon Pfaadt,R,2,ARI,STL,home,1.0,2026-07-23 16:19:35.898946
DH,L,A. Burleson,Brandon Pfaadt,R,3,ARI,STL,home,1.0,2026-07-23 16:19:35.898946
LF,L,L. Nootbaar,Brandon Pfaadt,R,4,ARI,STL,home,1.0,2026-07-23 16:19:35.898946
SS,R,Masyn Winn,Brandon Pfaadt,R,5,ARI,STL,home,1.0,2026-07-23 16:19:35.898946
3B,R,Jose Fermin,Brandon Pfaadt,R,6,ARI,STL,home,1.0,2026-07-23 16:19:35.898946
CF,L,N. Church,Brandon Pfaadt,R,7,ARI,STL,home,1.0,2026-07-23 16:19:35.898946
1B,R,Blaze Jordan,Brandon Pfaadt,R,8,ARI,STL,home,1.0,2026-07-23 16:19:35.898946
C,L,Jimmy Crooks,Brandon Pfaadt,R,9,ARI,STL,home,1.0,2026-07-23 16:19:35.898946
C,L,C. Jensen,Troy Melton,R,1,KC,DET,away,2.0,2026-07-23 16:19:35.898946
CF,R,Lane Thomas,Troy Melton,R,2,KC,DET,away,2.0,2026-07-23 16:19:35.898946
1B,L,V. Pasquantino,Troy Melton,R,3,KC,DET,away,2.0,2026-07-23 16:19:35.898946
DH,R,S. Perez,Troy Melton,R,4,KC,DET,away,2.0,2026-07-23 16:19:35.898946
2B,L,M. Massey,Troy Melton,R,5,KC,DET,away,2.0,2026-07-23 16:19:35.898946
LF,S,I. Collins,Troy Melton,R,6,KC,DET,away,2.0,2026-07-23 16:19:35.898946
3B,L,Josh Rojas,Troy Melton,R,7,KC,DET,away,2.0,2026-07-23 16:19:35.898946
RF,R,Nick Loftin,Troy Melton,R,8,KC,DET,away,2.0,2026-07-23 16:19:35.898946
SS,R,A. Velazquez,Troy Melton,R,9,KC,DET,away,2.0,2026-07-23 16:19:35.898946
SS,L,K. McGonigle,Randy Dobnak,R,1,KC,DET,home,2.0,2026-07-23 16:19:35.898946
2B,R,G. Torres,Randy Dobnak,R,2,KC,DET,home,2.0,2026-07-23 16:19:35.898946
3B,L,Colt Keith,Randy Dobnak,R,3,KC,DET,home,2.0,2026-07-23 16:19:35.898946
DH,L,Riley Greene,Randy Dobnak,R,4,KC,DET,home,2.0,2026-07-23 16:19:35.898946
C,R,D. Dingler,Randy Dobnak,R,5,KC,DET,home,2.0,2026-07-23 16:19:35.898946
RF,L,K. Carpenter,Randy Dobnak,R,6,KC,DET,home,2.0,2026-07-23 16:19:35.898946
1B,R,S. Torkelson,Randy Dobnak,R,7,KC,DET,home,2.0,2026-07-23 16:19:35.898946
LF,L,Z. McKinstry,Randy Dobnak,R,8,KC,DET,home,2.0,2026-07-23 16:19:35.898946
CF,L,James Outman,Randy Dobnak,R,9,KC,DET,home,2.0,2026-07-23 16:19:35.898946
LF,L,J. McCarthy,Shane Drohan,L,1,COL,MIL,away,0.0,2026-07-24 15:56:20.355105
3B,R,Kyle Karros,Shane Drohan,L,2,COL,MIL,away,0.0,2026-07-24 15:56:20.355105
CF,S,Cole Carrigg,Shane Drohan,L,3,COL,MIL,away,0.0,2026-07-24 15:56:20.355105
C,R,H. Goodman,Shane Drohan,L,4,COL,MIL,away,0.0,2026-07-24 15:56:20.355105
2B,S,Willi Castro,Shane Drohan,L,5,COL,MIL,away,0.0,2026-07-24 15:56:20.355105
1B,L,T. Johnston,Shane Drohan,L,6,COL,MIL,away,0.0,2026-07-24 15:56:20.355105
DH,L,M. Moniak,Shane Drohan,L,7,COL,MIL,away,0.0,2026-07-24 15:56:20.355105
RF,R,T. Freeman,Shane Drohan,L,8,COL,MIL,away,0.0,2026-07-24 15:56:20.355105
SS,R,E. Tovar,Shane Drohan,L,9,COL,MIL,away,0.0,2026-07-24 15:56:20.355105
DH,L,C. Yelich,Tomoyuki Sugano,R,1,COL,MIL,home,0.0,2026-07-24 15:56:20.355105
LF,R,J. Chourio,Tomoyuki Sugano,R,2,COL,MIL,home,0.0,2026-07-24 15:56:20.355105
2B,L,Brice Turang,Tomoyuki Sugano,R,3,COL,MIL,home,0.0,2026-07-24 15:56:20.355105
C,R,W. Contreras,Tomoyuki Sugano,R,4,COL,MIL,home,0.0,2026-07-24 15:56:20.355105
CF,L,G. Mitchell,Tomoyuki Sugano,R,5,COL,MIL,home,0.0,2026-07-24 15:56:20.355105
RF,S,Luis Lara,Tomoyuki Sugano,R,6,COL,MIL,home,0.0,2026-07-24 15:56:20.355105
1B,L,Jake Bauers,Tomoyuki Sugano,R,7,COL,MIL,home,0.0,2026-07-24 15:56:20.355105
SS,R,Joey Ortiz,Tomoyuki Sugano,R,8,COL,MIL,home,0.0,2026-07-24 15:56:20.355105
3B,L,D. Hamilton,Tomoyuki Sugano,R,9,COL,MIL,home,0.0,2026-07-24 15:56:20.355105
DH,L,C. Jensen,Tarik Skubal,L,1,KC,DET,away,3.0,2026-07-24 15:56:20.355105
CF,R,Lane Thomas,Tarik Skubal,L,2,KC,DET,away,3.0,2026-07-24 15:56:20.355105
C,R,S. Perez,Tarik Skubal,L,3,KC,DET,away,3.0,2026-07-24 15:56:20.355105
RF,R,S. Marte,Tarik Skubal,L,4,KC,DET,away,3.0,2026-07-24 15:56:20.355105
1B,L,V. Pasquantino,Tarik Skubal,L,5,KC,DET,away,3.0,2026-07-24 15:56:20.355105
3B,R,Nick Loftin,Tarik Skubal,L,6,KC,DET,away,3.0,2026-07-24 15:56:20.355105
LF,S,I. Collins,Tarik Skubal,L,7,KC,DET,away,3.0,2026-07-24 15:56:20.355105
2B,L,M. Massey,Tarik Skubal,L,8,KC,DET,away,3.0,2026-07-24 15:56:20.355105
SS,R,T. Tolbert,Tarik Skubal,L,9,KC,DET,away,3.0,2026-07-24 15:56:20.355105
3B,L,Colt Keith,Noah Cameron,L,1,KC,DET,home,3.0,2026-07-24 15:56:20.355105
DH,R,G. Torres,Noah Cameron,L,2,KC,DET,home,3.0,2026-07-24 15:56:20.355105
C,R,D. Dingler,Noah Cameron,L,3,KC,DET,home,3.0,2026-07-24 15:56:20.355105
LF,L,Riley Greene,Noah Cameron,L,4,KC,DET,home,3.0,2026-07-24 15:56:20.355105
1B,R,S. Torkelson,Noah Cameron,L,5,KC,DET,home,3.0,2026-07-24 15:56:20.355105
2B,R,Hao-Yu Lee,Noah Cameron,L,6,KC,DET,home,3.0,2026-07-24 15:56:20.355105
SS,L,Z. McKinstry,Noah Cameron,L,7,KC,DET,home,3.0,2026-07-24 15:56:20.355105
CF,R,M. Vierling,Noah Cameron,L,8,KC,DET,home,3.0,2026-07-24 15:56:20.355105
RF,R,Ben Malgeri,Noah Cameron,L,9,KC,DET,home,3.0,2026-07-24 15:56:20.355105
CF,L,P. Crow-Armstrong,Jared Jones,R,1,CHC,PIT,away,3.0,2026-07-24 15:56:20.355105
RF,R,Seiya Suzuki,Jared Jones,R,2,CHC,PIT,away,3.0,2026-07-24 15:56:20.355105
1B,L,M. Busch,Jared Jones,R,3,CHC,PIT,away,3.0,2026-07-24 15:56:20.355105
3B,R,Alex Bregman,Jared Jones,R,4,CHC,PIT,away,3.0,2026-07-24 15:56:20.355105
LF,S,Ian Happ,Jared Jones,R,5,CHC,PIT,away,3.0,2026-07-24 15:56:20.355105
2B,R,Nico Hoerner,Jared Jones,R,6,CHC,PIT,away,3.0,2026-07-24 15:56:20.355105
DH,S,P. Ramirez,Jared Jones,R,7,CHC,PIT,away,3.0,2026-07-24 15:56:20.355105
C,R,Carson Kelly,Jared Jones,R,8,CHC,PIT,away,3.0,2026-07-24 15:56:20.355105
SS,R,D. Swanson,Jared Jones,R,9,CHC,PIT,away,3.0,2026-07-24 15:56:20.355105
CF,S,Jake Mangum,Matthew Boyd,L,1,CHC,PIT,home,3.0,2026-07-24 15:56:20.355105
3B,R,N. Gonzales,Matthew Boyd,L,2,CHC,PIT,home,3.0,2026-07-24 15:56:20.355105
LF,S,B. Reynolds,Matthew Boyd,L,3,CHC,PIT,home,3.0,2026-07-24 15:56:20.355105
RF,R,E. Valdez,Matthew Boyd,L,4,CHC,PIT,home,3.0,2026-07-24 15:56:20.355105
1B,L,Ryan O'Hearn,Matthew Boyd,L,5,CHC,PIT,home,3.0,2026-07-24 15:56:20.355105
DH,R,M. Ozuna,Matthew Boyd,L,6,CHC,PIT,home,3.0,2026-07-24 15:56:20.355105
2B,L,Brandon Lowe,Matthew Boyd,L,7,CHC,PIT,home,3.0,2026-07-24 15:56:20.355105
C,R,Henry Davis,Matthew Boyd,L,8,CHC,PIT,home,3.0,2026-07-24 15:56:20.355105
SS,R,Jared Triolo,Matthew Boyd,L,9,CHC,PIT,home,3.0,2026-07-24 15:56:20.355105
2B,S,Ketel Marte,Zack Littell,R,1,ARI,WSH,away,3.0,2026-07-24 15:56:20.355105
RF,L,C. Carroll,Zack Littell,R,2,ARI,WSH,away,3.0,2026-07-24 15:56:20.355105
SS,S,G. Perdomo,Zack Littell,R,3,ARI,WSH,away,3.0,2026-07-24 15:56:20.355105
C,R,G. Moreno,Zack Littell,R,4,ARI,WSH,away,3.0,2026-07-24 15:56:20.355105
3B,R,N. Arenado,Zack Littell,R,5,ARI,WSH,away,3.0,2026-07-24 15:56:20.355105
LF,L,Max Kepler,Zack Littell,R,6,ARI,WSH,away,3.0,2026-07-24 15:56:20.355105
1B,R,T. Locklear,Zack Littell,R,7,ARI,WSH,away,3.0,2026-07-24 15:56:20.355105
DH,L,A. Del Castillo,Zack Littell,R,8,ARI,WSH,away,3.0,2026-07-24 15:56:20.355105
CF,R,Tim Tawa,Zack Littell,R,9,ARI,WSH,away,3.0,2026-07-24 15:56:20.355105
LF,L,James Wood,E. Rodriguez,L,1,ARI,WSH,home,3.0,2026-07-24 15:56:20.355105
3B,R,Curtis Mead,E. Rodriguez,L,2,ARI,WSH,home,3.0,2026-07-24 15:56:20.355105
DH,R,A. Chaparro,E. Rodriguez,L,3,ARI,WSH,home,3.0,2026-07-24 15:56:20.355105
SS,L,CJ Abrams,E. Rodriguez,L,4,ARI,WSH,home,3.0,2026-07-24 15:56:20.355105
RF,R,Dylan Crews,E. Rodriguez,L,5,ARI,WSH,home,3.0,2026-07-24 15:56:20.355105
CF,R,Jacob Young,E. Rodriguez,L,6,ARI,WSH,home,3.0,2026-07-24 15:56:20.355105
C,R,Harry Ford,E. Rodriguez,L,7,ARI,WSH,home,3.0,2026-07-24 15:56:20.355105
1B,L,Luis Garcia,E. Rodriguez,L,8,ARI,WSH,home,3.0,2026-07-24 15:56:20.355105
2B,S,Nasim Nunez,E. Rodriguez,L,9,ARI,WSH,home,3.0,2026-07-24 15:56:20.355105
1B,R,P. Goldschmidt,Jesus Luzardo,L,1,NYY,PHI,away,3.0,2026-07-24 15:56:20.355105
DH,L,Ben Rice,Jesus Luzardo,L,2,NYY,PHI,away,3.0,2026-07-24 15:56:20.355105
3B,R,Amed Rosario,Jesus Luzardo,L,3,NYY,PHI,away,3.0,2026-07-24 15:56:20.355105
LF,L,C. Bellinger,Jesus Luzardo,L,4,NYY,PHI,away,3.0,2026-07-24 15:56:20.355105
RF,S,J. Dominguez,Jesus Luzardo,L,5,NYY,PHI,away,3.0,2026-07-24 15:56:20.355105
SS,R,A. Volpe,Jesus Luzardo,L,6,NYY,PHI,away,3.0,2026-07-24 15:56:20.355105
CF,L,T. Grisham,Jesus Luzardo,L,7,NYY,PHI,away,3.0,2026-07-24 15:56:20.355105
2B,R,J. Caballero,Jesus Luzardo,L,8,NYY,PHI,away,3.0,2026-07-24 15:56:20.355105
C,R,Ali Sanchez,Jesus Luzardo,L,9,NYY,PHI,away,3.0,2026-07-24 15:56:20.355105
SS,R,Trea Turner,Cam Schlittler,R,1,NYY,PHI,home,3.0,2026-07-24 15:56:20.355105
DH,L,K. Schwarber,Cam Schlittler,R,2,NYY,PHI,home,3.0,2026-07-24 15:56:20.355105
1B,L,Bryce Harper,Cam Schlittler,R,3,NYY,PHI,home,3.0,2026-07-24 15:56:20.355105
LF,L,B. Marsh,Cam Schlittler,R,4,NYY,PHI,home,3.0,2026-07-24 15:56:20.355105
3B,R,Alec Bohm,Cam Schlittler,R,5,NYY,PHI,home,3.0,2026-07-24 15:56:20.355105
2B,L,Bryson Stott,Cam Schlittler,R,6,NYY,PHI,home,3.0,2026-07-24 15:56:20.355105
C,R,J. Realmuto,Cam Schlittler,R,7,NYY,PHI,home,3.0,2026-07-24 15:56:20.355105
RF,L,G. Rincones,Cam Schlittler,R,8,NYY,PHI,home,3.0,2026-07-24 15:56:20.355105
CF,L,J. Crawford,Cam Schlittler,R,9,NYY,PHI,home,3.0,2026-07-24 15:56:20.355105
DH,L,D. Baldwin,Trevor Rogers,L,1,ATL,BAL,away,3.0,2026-07-24 15:56:20.355105
2B,S,Ozzie Albies,Trevor Rogers,L,2,ATL,BAL,away,3.0,2026-07-24 15:56:20.355105
1B,L,Matt Olson,Trevor Rogers,L,3,ATL,BAL,away,3.0,2026-07-24 15:56:20.355105
CF,L,M. Harris,Trevor Rogers,L,4,ATL,BAL,away,3.0,2026-07-24 15:56:20.355105
LF,R,M. Dubon,Trevor Rogers,L,5,ATL,BAL,away,3.0,2026-07-24 15:56:20.355105
3B,R,Austin Riley,Trevor Rogers,L,6,ATL,BAL,away,3.0,2026-07-24 15:56:20.355105
RF,R,Eli White,Trevor Rogers,L,7,ATL,BAL,away,3.0,2026-07-24 15:56:20.355105
C,R,Joey Bart,Trevor Rogers,L,8,ATL,BAL,away,3.0,2026-07-24 15:56:20.355105
SS,R,Jorge Mateo,Trevor Rogers,L,9,ATL,BAL,away,3.0,2026-07-24 15:56:20.355105
LF,L,D. Beavers,Grant Holmes,R,1,ATL,BAL,home,3.0,2026-07-24 15:56:20.355105
1B,R,Pete Alonso,Grant Holmes,R,2,ATL,BAL,home,3.0,2026-07-24 15:56:20.355105
SS,L,G. Henderson,Grant Holmes,R,3,ATL,BAL,home,3.0,2026-07-24 15:56:20.355105
DH,R,Taylor Ward,Grant Holmes,R,4,ATL,BAL,home,3.0,2026-07-24 15:56:20.355105
CF,L,C. Cowser,Grant Holmes,R,5,ATL,BAL,home,3.0,2026-07-24 15:56:20.355105
RF,S,L. Taveras,Grant Holmes,R,6,ATL,BAL,home,3.0,2026-07-24 15:56:20.355105
2B,L,J. Holliday,Grant Holmes,R,7,ATL,BAL,home,3.0,2026-07-24 15:56:20.355105
3B,R,C. Encarnacion-Strand,Grant Holmes,R,8,ATL,BAL,home,3.0,2026-07-24 15:56:20.355105
C,R,C. Tromp,Grant Holmes,R,9,ATL,BAL,home,3.0,2026-07-24 15:56:20.355105
DH,L,S. Ohtani,Sean Manaea,L,1,LAD,NYM,away,3.0,2026-07-24 15:56:20.355105
CF,R,Andy Pages,Sean Manaea,L,2,LAD,NYM,away,3.0,2026-07-24 15:56:20.355105
1B,L,F. Freeman,Sean Manaea,L,3,LAD,NYM,away,3.0,2026-07-24 15:56:20.355105
SS,R,Mookie Betts,Sean Manaea,L,4,LAD,NYM,away,3.0,2026-07-24 15:56:20.355105
2B,S,Tommy Edman,Sean Manaea,L,5,LAD,NYM,away,3.0,2026-07-24 15:56:20.355105
RF,L,Kyle Tucker,Sean Manaea,L,6,LAD,NYM,away,3.0,2026-07-24 15:56:20.355105
LF,R,T. Hernandez,Sean Manaea,L,7,LAD,NYM,away,3.0,2026-07-24 15:56:20.355105
3B,L,Max Muncy,Sean Manaea,L,8,LAD,NYM,away,3.0,2026-07-24 15:56:20.355105
C,L,D. Rushing,Sean Manaea,L,9,LAD,NYM,away,3.0,2026-07-24 15:56:20.355105
LF,L,A.J. Ewing,Roki Sasaki,R,1,LAD,NYM,home,3.0,2026-07-24 15:56:20.355105
DH,L,Juan Soto,Roki Sasaki,R,2,LAD,NYM,home,3.0,2026-07-24 15:56:20.355105
3B,R,Bo Bichette,Roki Sasaki,R,3,LAD,NYM,home,3.0,2026-07-24 15:56:20.355105
SS,S,F. Lindor,Roki Sasaki,R,4,LAD,NYM,home,3.0,2026-07-24 15:56:20.355105
RF,L,Carson Benge,Roki Sasaki,R,5,LAD,NYM,home,3.0,2026-07-24 15:56:20.355105
CF,R,Luis Robert,Roki Sasaki,R,6,LAD,NYM,home,3.0,2026-07-24 15:56:20.355105
1B,L,Jared Young,Roki Sasaki,R,7,LAD,NYM,home,3.0,2026-07-24 15:56:20.355105
2B,R,M. Semien,Roki Sasaki,R,8,LAD,NYM,home,3.0,2026-07-24 15:56:20.355105
C,R,F. Alvarez,Roki Sasaki,R,9,LAD,NYM,home,3.0,2026-07-24 15:56:20.355105
RF,R,F. Tatis,Dax Fulton,L,1,SD,MIA,away,3.0,2026-07-24 15:56:20.355105
2B,L,J. Cronenworth,Dax Fulton,L,2,SD,MIA,away,3.0,2026-07-24 15:56:20.355105
DH,R,M. Machado,Dax Fulton,L,3,SD,MIA,away,3.0,2026-07-24 15:56:20.355105
1B,R,Ty France,Dax Fulton,L,4,SD,MIA,away,3.0,2026-07-24 15:56:20.355105
CF,L,J. Merrill,Dax Fulton,L,5,SD,MIA,away,3.0,2026-07-24 15:56:20.355105
C,R,L. Campusano,Dax Fulton,L,6,SD,MIA,away,3.0,2026-07-24 15:56:20.355105
LF,L,Gavin Sheets,Dax Fulton,L,7,SD,MIA,away,3.0,2026-07-24 15:56:20.355105
SS,R,X. Bogaerts,Dax Fulton,L,8,SD,MIA,away,3.0,2026-07-24 15:56:20.355105
3B,L,S. Song,Dax Fulton,L,9,SD,MIA,away,3.0,2026-07-24 15:56:20.355105
SS,R,Otto Lopez,German Marquez,R,1,SD,MIA,home,3.0,2026-07-24 15:56:20.355105
1B,L,Kyle Stowers,German Marquez,R,2,SD,MIA,home,3.0,2026-07-24 15:56:20.355105
LF,R,H. Hernandez,German Marquez,R,3,SD,MIA,home,3.0,2026-07-24 15:56:20.355105
2B,S,X. Edwards,German Marquez,R,4,SD,MIA,home,3.0,2026-07-24 15:56:20.355105
DH,L,Liam Hicks,German Marquez,R,5,SD,MIA,home,3.0,2026-07-24 15:56:20.355105
RF,L,G. Conine,German Marquez,R,6,SD,MIA,home,3.0,2026-07-24 15:56:20.355105
CF,L,Jakob Marsee,German Marquez,R,7,SD,MIA,home,3.0,2026-07-24 15:56:20.355105
3B,R,J. Sanoja,German Marquez,R,8,SD,MIA,home,3.0,2026-07-24 15:56:20.355105
C,L,Joe Mack,German Marquez,R,9,SD,MIA,home,3.0,2026-07-24 15:56:20.355105
RF,S,A. Martinez,Shane McClanahan,L,1,CLE,TB,away,3.0,2026-07-24 15:56:20.355105
DH,L,C. DeLauter,Shane McClanahan,L,2,CLE,TB,away,3.0,2026-07-24 15:56:20.355105
1B,R,Rhys Hoskins,Shane McClanahan,L,3,CLE,TB,away,3.0,2026-07-24 15:56:20.355105
SS,S,B. Rocchio,Shane McClanahan,L,4,CLE,TB,away,3.0,2026-07-24 15:56:20.355105
LF,R,David Fry,Shane McClanahan,L,5,CLE,TB,away,3.0,2026-07-24 15:56:20.355105
2B,L,T. Bazzana,Shane McClanahan,L,6,CLE,TB,away,3.0,2026-07-24 15:56:20.355105
3B,R,G. Arias,Shane McClanahan,L,7,CLE,TB,away,3.0,2026-07-24 15:56:20.355105
C,R,A. Hedges,Shane McClanahan,L,8,CLE,TB,away,3.0,2026-07-24 15:56:20.355105
CF,L,Petey Halpin,Shane McClanahan,L,9,CLE,TB,away,3.0,2026-07-24 15:56:20.355105
DH,R,Yandy Diaz,Joey Cantillo,L,1,CLE,TB,home,3.0,2026-07-24 15:56:20.355105
1B,L,J. Aranda,Joey Cantillo,L,2,CLE,TB,home,3.0,2026-07-24 15:56:20.355105
3B,R,J. Caminero,Joey Cantillo,L,3,CLE,TB,home,3.0,2026-07-24 15:56:20.355105
CF,L,C. Mullins,Joey Cantillo,L,4,CLE,TB,home,3.0,2026-07-24 15:56:20.355105
RF,R,Jonny DeLuca,Joey Cantillo,L,5,CLE,TB,home,3.0,2026-07-24 15:56:20.355105
LF,L,C. Simpson,Joey Cantillo,L,6,CLE,TB,home,3.0,2026-07-24 15:56:20.355105
2B,R,Ryan Vilade,Joey Cantillo,L,7,CLE,TB,home,3.0,2026-07-24 15:56:20.355105
SS,R,B. Williamson,Joey Cantillo,L,8,CLE,TB,home,3.0,2026-07-24 15:56:20.355105
C,R,Nick Fortes,Joey Cantillo,L,9,CLE,TB,home,3.0,2026-07-24 15:56:20.355105
SS,R,E. Clement,Patrick Sandoval,L,1,TOR,BOS,away,3.0,2026-07-24 15:56:20.355105
1B,R,V. Guerrero,Patrick Sandoval,L,2,TOR,BOS,away,3.0,2026-07-24 15:56:20.355105
3B,R,K. Okamoto,Patrick Sandoval,L,3,TOR,BOS,away,3.0,2026-07-24 15:56:20.355105
DH,R,G. Springer,Patrick Sandoval,L,4,TOR,BOS,away,3.0,2026-07-24 15:56:20.355105
C,R,A. Kirk,Patrick Sandoval,L,5,TOR,BOS,away,3.0,2026-07-24 15:56:20.355105
LF,R,D. Schneider,Patrick Sandoval,L,6,TOR,BOS,away,3.0,2026-07-24 15:56:20.355105
CF,L,D. Varsho,Patrick Sandoval,L,7,TOR,BOS,away,3.0,2026-07-24 15:56:20.355105
2B,R,Luis Urias,Patrick Sandoval,L,8,TOR,BOS,away,3.0,2026-07-24 15:56:20.355105
RF,R,Myles Straw,Patrick Sandoval,L,9,TOR,BOS,away,3.0,2026-07-24 15:56:20.355105
2B,L,A. Seigler,Trey Yesavage,R,1,TOR,BOS,home,3.0,2026-07-24 15:56:20.355105
CF,R,C. Rafaela,Trey Yesavage,R,2,TOR,BOS,home,3.0,2026-07-24 15:56:20.355105
RF,L,Wilyer Abreu,Trey Yesavage,R,3,TOR,BOS,home,3.0,2026-07-24 15:56:20.355105
1B,R,W. Contreras,Trey Yesavage,R,4,TOR,BOS,home,3.0,2026-07-24 15:56:20.355105
DH,L,M. Yoshida,Trey Yesavage,R,5,TOR,BOS,home,3.0,2026-07-24 15:56:20.355105
3B,R,Caleb Durbin,Trey Yesavage,R,6,TOR,BOS,home,3.0,2026-07-24 15:56:20.355105
LF,L,Jarren Duran,Trey Yesavage,R,7,TOR,BOS,home,3.0,2026-07-24 15:56:20.355105
SS,R,A. Monasterio,Trey Yesavage,R,8,TOR,BOS,home,3.0,2026-07-24 15:56:20.355105
C,R,Connor Wong,Trey Yesavage,R,9,TOR,BOS,home,3.0,2026-07-24 15:56:20.355105
SS,R,Trea Turner,Kyle Bradish,R,1,PHI,BAL,away,1.0,2026-08-02 12:46:56.814110
DH,L,K. Schwarber,Kyle Bradish,R,2,PHI,BAL,away,1.0,2026-08-02 12:46:56.814110
1B,L,Bryce Harper,Kyle Bradish,R,3,PHI,BAL,away,1.0,2026-08-02 12:46:56.814110
3B,R,Alec Bohm,Kyle Bradish,R,4,PHI,BAL,away,1.0,2026-08-02 12:46:56.814110
LF,L,B. Marsh,Kyle Bradish,R,5,PHI,BAL,away,1.0,2026-08-02 12:46:56.814110
C,R,J. Realmuto,Kyle Bradish,R,6,PHI,BAL,away,1.0,2026-08-02 12:46:56.814110
2B,L,Bryson Stott,Kyle Bradish,R,7,PHI,BAL,away,1.0,2026-08-02 12:46:56.814110
CF,L,J. Crawford,Kyle Bradish,R,8,PHI,BAL,away,1.0,2026-08-02 12:46:56.814110
RF,R,B. De La Cruz,Kyle Bradish,R,9,PHI,BAL,away,1.0,2026-08-02 12:46:56.814110
LF,L,D. Beavers,Zack Wheeler,R,1,PHI,BAL,home,1.0,2026-08-02 12:46:56.814110
1B,R,Pete Alonso,Zack Wheeler,R,2,PHI,BAL,home,1.0,2026-08-02 12:46:56.814110
SS,L,G. Henderson,Zack Wheeler,R,3,PHI,BAL,home,1.0,2026-08-02 12:46:56.814110
DH,R,Taylor Ward,Zack Wheeler,R,4,PHI,BAL,home,1.0,2026-08-02 12:46:56.814110
2B,L,J. Holliday,Zack Wheeler,R,5,PHI,BAL,home,1.0,2026-08-02 12:46:56.814110
3B,R,C. Encarnacion-Strand,Zack Wheeler,R,6,PHI,BAL,home,1.0,2026-08-02 12:46:56.814110
RF,S,L. Taveras,Zack Wheeler,R,7,PHI,BAL,home,1.0,2026-08-02 12:46:56.814110
CF,L,C. Cowser,Zack Wheeler,R,8,PHI,BAL,home,1.0,2026-08-02 12:46:56.814110
C,R,Jake Rogers,Zack Wheeler,R,9,PHI,BAL,home,1.0,2026-08-02 12:46:56.814110
RF,L,James Wood,JR Ritchie,R,1,WSH,ATL,away,1.0,2026-08-02 12:46:56.814110
1B,L,Luis Garcia,JR Ritchie,R,2,WSH,ATL,away,1.0,2026-08-02 12:46:56.814110
DH,L,Jose Tena,JR Ritchie,R,3,WSH,ATL,away,1.0,2026-08-02 12:46:56.814110
SS,L,CJ Abrams,JR Ritchie,R,4,WSH,ATL,away,1.0,2026-08-02 12:46:56.814110
CF,R,Dylan Crews,JR Ritchie,R,5,WSH,ATL,away,1.0,2026-08-02 12:46:56.814110
LF,L,Daylen Lile,JR Ritchie,R,6,WSH,ATL,away,1.0,2026-08-02 12:46:56.814110
2B,S,Nasim Nunez,JR Ritchie,R,7,WSH,ATL,away,1.0,2026-08-02 12:46:56.814110
3B,L,Jorbit Vivas,JR Ritchie,R,8,WSH,ATL,away,1.0,2026-08-02 12:46:56.814110
C,S,Keibert Ruiz,JR Ritchie,R,9,WSH,ATL,away,1.0,2026-08-02 12:46:56.814110
C,L,D. Baldwin,Cade Cavalli,R,1,WSH,ATL,home,1.0,2026-08-02 12:46:56.814110
DH,R,Ronald Acuna,Cade Cavalli,R,2,WSH,ATL,home,1.0,2026-08-02 12:46:56.814110
1B,L,Matt Olson,Cade Cavalli,R,3,WSH,ATL,home,1.0,2026-08-02 12:46:56.814110
CF,L,M. Harris,Cade Cavalli,R,4,WSH,ATL,home,1.0,2026-08-02 12:46:56.814110
2B,S,Ozzie Albies,Cade Cavalli,R,5,WSH,ATL,home,1.0,2026-08-02 12:46:56.814110
LF,R,M. Dubon,Cade Cavalli,R,6,WSH,ATL,home,1.0,2026-08-02 12:46:56.814110
RF,L,M. Yastrzemski,Cade Cavalli,R,7,WSH,ATL,home,1.0,2026-08-02 12:46:56.814110
3B,R,Austin Riley,Cade Cavalli,R,8,WSH,ATL,home,1.0,2026-08-02 12:46:56.814110
SS,L,Jim Jarvis,Cade Cavalli,R,9,WSH,ATL,home,1.0,2026-08-02 12:46:56.814110
RF,L,L. Nootbaar,Max Scherzer,R,1,STL,TOR,away,1.0,2026-08-02 12:46:56.814110
DH,R,J. Walker,Max Scherzer,R,2,STL,TOR,away,1.0,2026-08-02 12:46:56.814110
1B,L,A. Burleson,Max Scherzer,R,3,STL,TOR,away,1.0,2026-08-02 12:46:56.814110
C,R,Ivan Herrera,Max Scherzer,R,4,STL,TOR,away,1.0,2026-08-02 12:46:56.814110
SS,R,Masyn Winn,Max Scherzer,R,5,STL,TOR,away,1.0,2026-08-02 12:46:56.814110
LF,L,Bryan Torres,Max Scherzer,R,6,STL,TOR,away,1.0,2026-08-02 12:46:56.814110
2B,R,Jose Fermin,Max Scherzer,R,7,STL,TOR,away,1.0,2026-08-02 12:46:56.814110
CF,L,N. Church,Max Scherzer,R,8,STL,TOR,away,1.0,2026-08-02 12:46:56.814110
3B,R,Blaze Jordan,Max Scherzer,R,9,STL,TOR,away,1.0,2026-08-02 12:46:56.814110
2B,R,Luis Urias,M. Liberatore,L,1,STL,TOR,home,1.0,2026-08-02 12:46:56.814110
DH,R,V. Guerrero,M. Liberatore,L,2,STL,TOR,home,1.0,2026-08-02 12:46:56.814110
1B,R,K. Okamoto,M. Liberatore,L,3,STL,TOR,home,1.0,2026-08-02 12:46:56.814110
LF,R,G. Springer,M. Liberatore,L,4,STL,TOR,home,1.0,2026-08-02 12:46:56.814110
C,R,A. Kirk,M. Liberatore,L,5,STL,TOR,home,1.0,2026-08-02 12:46:56.814110
3B,R,E. Clement,M. Liberatore,L,6,STL,TOR,home,1.0,2026-08-02 12:46:56.814110
RF,R,Myles Straw,M. Liberatore,L,7,STL,TOR,home,1.0,2026-08-02 12:46:56.814110
CF,L,D. Varsho,M. Liberatore,L,8,STL,TOR,home,1.0,2026-08-02 12:46:56.814110
SS,L,A. Gimenez,M. Liberatore,L,9,STL,TOR,home,1.0,2026-08-02 12:46:56.814110
RF,L,C. Carroll,Gavin Williams,R,1,ARI,CLE,away,1.0,2026-08-02 12:46:56.814110
SS,S,G. Perdomo,Gavin Williams,R,2,ARI,CLE,away,1.0,2026-08-02 12:46:56.814110
C,R,G. Moreno,Gavin Williams,R,3,ARI,CLE,away,1.0,2026-08-02 12:46:56.814110
DH,S,Ketel Marte,Gavin Williams,R,4,ARI,CLE,away,1.0,2026-08-02 12:46:56.814110
LF,L,Max Kepler,Gavin Williams,R,5,ARI,CLE,away,1.0,2026-08-02 12:46:56.814110
3B,R,N. Arenado,Gavin Williams,R,6,ARI,CLE,away,1.0,2026-08-02 12:46:56.814110
CF,R,Tim Tawa,Gavin Williams,R,7,ARI,CLE,away,1.0,2026-08-02 12:46:56.814110
2B,S,I. Vargas,Gavin Williams,R,8,ARI,CLE,away,1.0,2026-08-02 12:46:56.814110
1B,R,T. Locklear,Gavin Williams,R,9,ARI,CLE,away,1.0,2026-08-02 12:46:56.814110
LF,L,Steven Kwan,Merrill Kelly,R,1,ARI,CLE,home,1.0,2026-08-02 12:46:56.814110
DH,S,Jose Ramirez,Merrill Kelly,R,2,ARI,CLE,home,1.0,2026-08-02 12:46:56.814110
RF,L,C. DeLauter,Merrill Kelly,R,3,ARI,CLE,home,1.0,2026-08-02 12:46:56.814110
2B,L,T. Bazzana,Merrill Kelly,R,4,ARI,CLE,home,1.0,2026-08-02 12:46:56.814110
1B,L,K. Manzardo,Merrill Kelly,R,5,ARI,CLE,home,1.0,2026-08-02 12:46:56.814110
SS,S,B. Rocchio,Merrill Kelly,R,6,ARI,CLE,home,1.0,2026-08-02 12:46:56.814110
3B,R,G. Arias,Merrill Kelly,R,7,ARI,CLE,home,1.0,2026-08-02 12:46:56.814110
C,S,P. Bailey,Merrill Kelly,R,8,ARI,CLE,home,1.0,2026-08-02 12:46:56.814110
CF,L,Petey Halpin,Merrill Kelly,R,9,ARI,CLE,home,1.0,2026-08-02 12:46:56.814110
LF,S,Jake Mangum,Chase Burns,R,1,PIT,CIN,away,1.0,2026-08-02 12:46:56.814110
2B,L,Brandon Lowe,Chase Burns,R,2,PIT,CIN,away,1.0,2026-08-02 12:46:56.814110
DH,S,B. Reynolds,Chase Burns,R,3,PIT,CIN,away,1.0,2026-08-02 12:46:56.814110
RF,R,E. Valdez,Chase Burns,R,4,PIT,CIN,away,1.0,2026-08-02 12:46:56.814110
1B,L,S. Horwitz,Chase Burns,R,5,PIT,CIN,away,1.0,2026-08-02 12:46:56.814110
3B,R,N. Gonzales,Chase Burns,R,6,PIT,CIN,away,1.0,2026-08-02 12:46:56.814110
C,S,E. Rodriguez,Chase Burns,R,7,PIT,CIN,away,1.0,2026-08-02 12:46:56.814110
SS,L,J. Gonzalez,Chase Burns,R,8,PIT,CIN,away,1.0,2026-08-02 12:46:56.814110
CF,R,J. Garcia,Chase Burns,R,9,PIT,CIN,away,1.0,2026-08-02 12:46:56.814110
SS,S,E. De La Cruz,Mitch Keller,R,1,PIT,CIN,home,1.0,2026-08-02 12:46:56.814110
1B,R,Sal Stewart,Mitch Keller,R,2,PIT,CIN,home,1.0,2026-08-02 12:46:56.814110
LF,L,JJ Bleday,Mitch Keller,R,3,PIT,CIN,home,1.0,2026-08-02 12:46:56.814110
C,R,T. Stephenson,Mitch Keller,R,4,PIT,CIN,home,1.0,2026-08-02 12:46:56.814110
DH,L,N. Lowe,Mitch Keller,R,5,PIT,CIN,home,1.0,2026-08-02 12:46:56.814110
CF,R,Dane Myers,Mitch Keller,R,6,PIT,CIN,home,1.0,2026-08-02 12:46:56.814110
RF,R,Noelvi Marte,Mitch Keller,R,7,PIT,CIN,home,1.0,2026-08-02 12:46:56.814110
2B,R,Matt McLain,Mitch Keller,R,8,PIT,CIN,home,1.0,2026-08-02 12:46:56.814110
3B,R,K. Hayes,Mitch Keller,R,9,PIT,CIN,home,1.0,2026-08-02 12:46:56.814110
DH,L,Liam Hicks,Robert Stock,R,1,MIA,NYM,away,1.0,2026-08-02 12:46:56.814110
1B,L,Kyle Stowers,Robert Stock,R,2,MIA,NYM,away,1.0,2026-08-02 12:46:56.814110
SS,R,Otto Lopez,Robert Stock,R,3,MIA,NYM,away,1.0,2026-08-02 12:46:56.814110
2B,S,X. Edwards,Robert Stock,R,4,MIA,NYM,away,1.0,2026-08-02 12:46:56.814110
LF,L,G. Conine,Robert Stock,R,5,MIA,NYM,away,1.0,2026-08-02 12:46:56.814110
RF,L,Owen Caissie,Robert Stock,R,6,MIA,NYM,away,1.0,2026-08-02 12:46:56.814110
CF,L,Jakob Marsee,Robert Stock,R,7,MIA,NYM,away,1.0,2026-08-02 12:46:56.814110
C,L,Joe Mack,Robert Stock,R,8,MIA,NYM,away,1.0,2026-08-02 12:46:56.814110
3B,R,J. Sanoja,Robert Stock,R,9,MIA,NYM,away,1.0,2026-08-02 12:46:56.814110
LF,L,A.J. Ewing,Sandy Alcantara,R,1,MIA,NYM,home,1.0,2026-08-02 12:46:56.814110
SS,S,F. Lindor,Sandy Alcantara,R,2,MIA,NYM,home,1.0,2026-08-02 12:46:56.814110
3B,R,Bo Bichette,Sandy Alcantara,R,3,MIA,NYM,home,1.0,2026-08-02 12:46:56.814110
RF,L,Carson Benge,Sandy Alcantara,R,4,MIA,NYM,home,1.0,2026-08-02 12:46:56.814110
CF,R,Luis Robert,Sandy Alcantara,R,5,MIA,NYM,home,1.0,2026-08-02 12:46:56.814110
1B,L,Jared Young,Sandy Alcantara,R,6,MIA,NYM,home,1.0,2026-08-02 12:46:56.814110
2B,R,M. Semien,Sandy Alcantara,R,7,MIA,NYM,home,1.0,2026-08-02 12:46:56.814110
DH,S,J. Polanco,Sandy Alcantara,R,8,MIA,NYM,home,1.0,2026-08-02 12:46:56.814110
C,R,F. Alvarez,Sandy Alcantara,R,9,MIA,NYM,home,1.0,2026-08-02 12:46:56.814110
LF,L,S. Antonacci,Griffin Jax,R,1,CWS,TB,away,1.0,2026-08-02 12:46:56.814110
1B,L,M. Murakami,Griffin Jax,R,2,CWS,TB,away,1.0,2026-08-02 12:46:56.814110
3B,R,M. Vargas,Griffin Jax,R,3,CWS,TB,away,1.0,2026-08-02 12:46:56.814110
SS,L,C. Montgomery,Griffin Jax,R,4,CWS,TB,away,1.0,2026-08-02 12:46:56.814110
DH,L,A. Benintendi,Griffin Jax,R,5,CWS,TB,away,1.0,2026-08-02 12:46:56.814110
CF,L,T. Peters,Griffin Jax,R,6,CWS,TB,away,1.0,2026-08-02 12:46:56.814110
2B,R,C. Meidroth,Griffin Jax,R,7,CWS,TB,away,1.0,2026-08-02 12:46:56.814110
RF,R,E. Pereira,Griffin Jax,R,8,CWS,TB,away,1.0,2026-08-02 12:46:56.814110
C,S,Drew Romo,Griffin Jax,R,9,CWS,TB,away,1.0,2026-08-02 12:46:56.814110
DH,R,Yandy Diaz,Anthony Kay,L,1,CWS,TB,home,1.0,2026-08-02 12:46:56.814110
1B,L,J. Aranda,Anthony Kay,L,2,CWS,TB,home,1.0,2026-08-02 12:46:56.814110
3B,R,J. Caminero,Anthony Kay,L,3,CWS,TB,home,1.0,2026-08-02 12:46:56.814110
2B,R,Ryan Vilade,Anthony Kay,L,4,CWS,TB,home,1.0,2026-08-02 12:46:56.814110
LF,L,C. Simpson,Anthony Kay,L,5,CWS,TB,home,1.0,2026-08-02 12:46:56.814110
RF,R,Jonny DeLuca,Anthony Kay,L,6,CWS,TB,home,1.0,2026-08-02 12:46:56.814110
SS,R,B. Williamson,Anthony Kay,L,7,CWS,TB,home,1.0,2026-08-02 12:46:56.814110
CF,L,C. Mullins,Anthony Kay,L,8,CWS,TB,home,1.0,2026-08-02 12:46:56.814110
C,R,Nick Fortes,Anthony Kay,L,9,CWS,TB,home,1.0,2026-08-02 12:46:56.814110
DH,L,Joc Pederson,Peter Lambert,R,1,TEX,HOU,away,1.0,2026-08-02 12:46:56.814110
LF,R,W. Langford,Peter Lambert,R,2,TEX,HOU,away,1.0,2026-08-02 12:46:56.814110
SS,L,Corey Seager,Peter Lambert,R,3,TEX,HOU,away,1.0,2026-08-02 12:46:56.814110
RF,L,B. Nimmo,Peter Lambert,R,4,TEX,HOU,away,1.0,2026-08-02 12:46:56.814110
1B,R,Jake Burger,Peter Lambert,R,5,TEX,HOU,away,1.0,2026-08-02 12:46:56.814110
CF,L,Evan Carter,Peter Lambert,R,6,TEX,HOU,away,1.0,2026-08-02 12:46:56.814110
3B,R,E. Duran,Peter Lambert,R,7,TEX,HOU,away,1.0,2026-08-02 12:46:56.814110
C,R,Elias Diaz,Peter Lambert,R,8,TEX,HOU,away,1.0,2026-08-02 12:46:56.814110
2B,R,Cam Cauley,Peter Lambert,R,9,TEX,HOU,away,1.0,2026-08-02 12:46:56.814110
DH,R,Jeremy Pena,Kumar Rocker,R,1,TEX,HOU,home,1.0,2026-08-02 12:46:56.814110
LF,L,Y. Alvarez,Kumar Rocker,R,2,TEX,HOU,home,1.0,2026-08-02 12:46:56.814110
3B,R,I. Paredes,Kumar Rocker,R,3,TEX,HOU,home,1.0,2026-08-02 12:46:56.814110
1B,R,C. Walker,Kumar Rocker,R,4,TEX,HOU,home,1.0,2026-08-02 12:46:56.814110
CF,L,T. Trammell,Kumar Rocker,R,5,TEX,HOU,home,1.0,2026-08-02 12:46:56.814110
2B,R,Jose Altuve,Kumar Rocker,R,6,TEX,HOU,home,1.0,2026-08-02 12:46:56.814110
RF,R,Cam Smith,Kumar Rocker,R,7,TEX,HOU,home,1.0,2026-08-02 12:46:56.814110
SS,R,Nick Allen,Kumar Rocker,R,8,TEX,HOU,home,1.0,2026-08-02 12:46:56.814110
C,R,C. Vazquez,Kumar Rocker,R,9,TEX,HOU,home,1.0,2026-08-02 12:46:56.814110
CF,L,T. Grisham,Colin Rea,R,1,NYY,CHC,away,2.0,2026-08-02 12:46:56.814110
1B,L,Ben Rice,Colin Rea,R,2,NYY,CHC,away,2.0,2026-08-02 12:46:56.814110
DH,R,Amed Rosario,Colin Rea,R,3,NYY,CHC,away,2.0,2026-08-02 12:46:56.814110
LF,L,S. Jones,Colin Rea,R,4,NYY,CHC,away,2.0,2026-08-02 12:46:56.814110
RF,S,J. Dominguez,Colin Rea,R,5,NYY,CHC,away,2.0,2026-08-02 12:46:56.814110
2B,L,J. Chisholm,Colin Rea,R,6,NYY,CHC,away,2.0,2026-08-02 12:46:56.814110
3B,L,Ryan McMahon,Colin Rea,R,7,NYY,CHC,away,2.0,2026-08-02 12:46:56.814110
SS,R,J. Caballero,Colin Rea,R,8,NYY,CHC,away,2.0,2026-08-02 12:46:56.814110
C,L,Austin Wells,Colin Rea,R,9,NYY,CHC,away,2.0,2026-08-02 12:46:56.814110
CF,L,P. Crow-Armstrong,Gerrit Cole,R,1,NYY,CHC,home,2.0,2026-08-02 12:46:56.814110
RF,R,Seiya Suzuki,Gerrit Cole,R,2,NYY,CHC,home,2.0,2026-08-02 12:46:56.814110
1B,L,M. Busch,Gerrit Cole,R,3,NYY,CHC,home,2.0,2026-08-02 12:46:56.814110
3B,R,Alex Bregman,Gerrit Cole,R,4,NYY,CHC,home,2.0,2026-08-02 12:46:56.814110
LF,S,Ian Happ,Gerrit Cole,R,5,NYY,CHC,home,2.0,2026-08-02 12:46:56.814110
2B,R,Nico Hoerner,Gerrit Cole,R,6,NYY,CHC,home,2.0,2026-08-02 12:46:56.814110
DH,S,P. Ramirez,Gerrit Cole,R,7,NYY,CHC,home,2.0,2026-08-02 12:46:56.814110
SS,R,D. Swanson,Gerrit Cole,R,8,NYY,CHC,home,2.0,2026-08-02 12:46:56.814110
C,R,Miguel Amaya,Gerrit Cole,R,9,NYY,CHC,home,2.0,2026-08-02 12:46:56.814110
DH,L,C. Jensen,Kyle Freeland,L,1,KC,COL,away,2.0,2026-08-02 12:46:56.814110
2B,R,Nick Loftin,Kyle Freeland,L,2,KC,COL,away,2.0,2026-08-02 12:46:56.814110
RF,L,J. Caglianone,Kyle Freeland,L,3,KC,COL,away,2.0,2026-08-02 12:46:56.814110
1B,R,S. Perez,Kyle Freeland,L,4,KC,COL,away,2.0,2026-08-02 12:46:56.814110
LF,R,S. Marte,Kyle Freeland,L,5,KC,COL,away,2.0,2026-08-02 12:46:56.814110
CF,L,John Rave,Kyle Freeland,L,6,KC,COL,away,2.0,2026-08-02 12:46:56.814110
SS,R,T. Tolbert,Kyle Freeland,L,7,KC,COL,away,2.0,2026-08-02 12:46:56.814110
3B,L,Josh Rojas,Kyle Freeland,L,8,KC,COL,away,2.0,2026-08-02 12:46:56.814110
C,R,Luke Maile,Kyle Freeland,L,9,KC,COL,away,2.0,2026-08-02 12:46:56.814110
DH,L,J. McCarthy,Seth Lugo,R,1,KC,COL,home,2.0,2026-08-02 12:46:56.814110
LF,L,M. Moniak,Seth Lugo,R,2,KC,COL,home,2.0,2026-08-02 12:46:56.814110
CF,S,Cole Carrigg,Seth Lugo,R,3,KC,COL,home,2.0,2026-08-02 12:46:56.814110
1B,L,TJ Rumfield,Seth Lugo,R,4,KC,COL,home,2.0,2026-08-02 12:46:56.814110
3B,S,Willi Castro,Seth Lugo,R,5,KC,COL,home,2.0,2026-08-02 12:46:56.814110
RF,L,T. Johnston,Seth Lugo,R,6,KC,COL,home,2.0,2026-08-02 12:46:56.814110
2B,L,E. Julien,Seth Lugo,R,7,KC,COL,home,2.0,2026-08-02 12:46:56.814110
C,L,B. Sullivan,Seth Lugo,R,8,KC,COL,home,2.0,2026-08-02 12:46:56.814110
SS,R,E. Tovar,Seth Lugo,R,9,KC,COL,home,2.0,2026-08-02 12:46:56.814110
DH,L,C. Yelich,Walbert Urena,R,1,MIL,LAA,away,2.0,2026-08-02 12:46:56.814110
LF,R,J. Chourio,Walbert Urena,R,2,MIL,LAA,away,2.0,2026-08-02 12:46:56.814110
2B,L,Brice Turang,Walbert Urena,R,3,MIL,LAA,away,2.0,2026-08-02 12:46:56.814110
C,R,W. Contreras,Walbert Urena,R,4,MIL,LAA,away,2.0,2026-08-02 12:46:56.814110
RF,L,Jake Bauers,Walbert Urena,R,5,MIL,LAA,away,2.0,2026-08-02 12:46:56.814110
1B,R,A. Vaughn,Walbert Urena,R,6,MIL,LAA,away,2.0,2026-08-02 12:46:56.814110
CF,L,G. Mitchell,Walbert Urena,R,7,MIL,LAA,away,2.0,2026-08-02 12:46:56.814110
SS,R,Cooper Pratt,Walbert Urena,R,8,MIL,LAA,away,2.0,2026-08-02 12:46:56.814110
3B,L,D. Hamilton,Walbert Urena,R,9,MIL,LAA,away,2.0,2026-08-02 12:46:56.814110
SS,R,Zach Neto,J. Misiorowski,R,1,MIL,LAA,home,2.0,2026-08-02 12:46:56.814110
CF,R,Mike Trout,J. Misiorowski,R,2,MIL,LAA,home,2.0,2026-08-02 12:46:56.814110
1B,L,N. Schanuel,J. Misiorowski,R,3,MIL,LAA,home,2.0,2026-08-02 12:46:56.814110
DH,R,Jorge Soler,J. Misiorowski,R,4,MIL,LAA,home,2.0,2026-08-02 12:46:56.814110
2B,R,V. Grissom,J. Misiorowski,R,5,MIL,LAA,home,2.0,2026-08-02 12:46:56.814110
LF,L,Josh Lowe,J. Misiorowski,R,6,MIL,LAA,home,2.0,2026-08-02 12:46:56.814110
RF,R,Jo Adell,J. Misiorowski,R,7,MIL,LAA,home,2.0,2026-08-02 12:46:56.814110
3B,R,D. Guzman,J. Misiorowski,R,8,MIL,LAA,home,2.0,2026-08-02 12:46:56.814110
C,R,T. d'Arnaud,J. Misiorowski,R,9,MIL,LAA,home,2.0,2026-08-02 12:46:56.814110
3B,L,K. McGonigle,Gage Jump,L,1,DET,ATH,away,3.0,2026-08-02 12:46:56.814110
DH,R,G. Torres,Gage Jump,L,2,DET,ATH,away,3.0,2026-08-02 12:46:56.814110
C,R,D. Dingler,Gage Jump,L,3,DET,ATH,away,3.0,2026-08-02 12:46:56.814110
LF,L,Riley Greene,Gage Jump,L,4,DET,ATH,away,3.0,2026-08-02 12:46:56.814110
2B,R,Hao-Yu Lee,Gage Jump,L,5,DET,ATH,away,3.0,2026-08-02 12:46:56.814110
1B,R,S. Torkelson,Gage Jump,L,6,DET,ATH,away,3.0,2026-08-02 12:46:56.814110
CF,L,Max Clark,Gage Jump,L,7,DET,ATH,away,3.0,2026-08-02 12:46:56.814110
SS,R,Javier Baez,Gage Jump,L,8,DET,ATH,away,3.0,2026-08-02 12:46:56.814110
RF,R,Ben Malgeri,Gage Jump,L,9,DET,ATH,away,3.0,2026-08-02 12:46:56.814110
1B,L,Nick Kurtz,Keider Montero,R,1,DET,ATH,home,3.0,2026-08-02 12:46:56.814110
SS,R,Jacob Wilson,Keider Montero,R,2,DET,ATH,home,3.0,2026-08-02 12:46:56.814110
LF,L,T. Soderstrom,Keider Montero,R,3,DET,ATH,home,3.0,2026-08-02 12:46:56.814110
DH,L,C. Cortes,Keider Montero,R,4,DET,ATH,home,3.0,2026-08-02 12:46:56.814110
C,S,Jonah Heim,Keider Montero,R,5,DET,ATH,home,3.0,2026-08-02 12:46:56.814110
2B,L,D. Walton,Keider Montero,R,6,DET,ATH,home,3.0,2026-08-02 12:46:56.814110
3B,R,Tommy White,Keider Montero,R,7,DET,ATH,home,3.0,2026-08-02 12:46:56.814110
RF,L,L. Butler,Keider Montero,R,8,DET,ATH,home,3.0,2026-08-02 12:46:56.814110
CF,R,Henry Bolte,Keider Montero,R,9,DET,ATH,home,3.0,2026-08-02 12:46:56.814110
LF,L,T. Larnach,George Kirby,R,1,MIN,SEA,away,3.0,2026-08-02 12:46:56.814110
2B,L,Kody Clemens,George Kirby,R,2,MIN,SEA,away,3.0,2026-08-02 12:46:56.814110
C,R,Ryan Jeffers,George Kirby,R,3,MIN,SEA,away,3.0,2026-08-02 12:46:56.814110
DH,S,Josh Bell,George Kirby,R,4,MIN,SEA,away,3.0,2026-08-02 12:46:56.814110
1B,R,Royce Lewis,George Kirby,R,5,MIN,SEA,away,3.0,2026-08-02 12:46:56.814110
3B,S,Brooks Lee,George Kirby,R,6,MIN,SEA,away,3.0,2026-08-02 12:46:56.814110
CF,R,L. Keaschall,George Kirby,R,7,MIN,SEA,away,3.0,2026-08-02 12:46:56.814110
RF,L,Alan Roden,George Kirby,R,8,MIN,SEA,away,3.0,2026-08-02 12:46:56.814110
SS,R,R. Kreidler,George Kirby,R,9,MIN,SEA,away,3.0,2026-08-02 12:46:56.814110
2B,L,Cole Young,Taj Bradley,R,1,MIN,SEA,home,3.0,2026-08-02 12:46:56.814110
CF,R,J. Rodriguez,Taj Bradley,R,2,MIN,SEA,home,3.0,2026-08-02 12:46:56.814110
DH,L,D. Canzone,Taj Bradley,R,3,MIN,SEA,home,3.0,2026-08-02 12:46:56.814110
LF,R,R. Arozarena,Taj Bradley,R,4,MIN,SEA,home,3.0,2026-08-02 12:46:56.814110
1B,L,Josh Naylor,Taj Bradley,R,5,MIN,SEA,home,3.0,2026-08-02 12:46:56.814110
C,S,Cal Raleigh,Taj Bradley,R,6,MIN,SEA,home,3.0,2026-08-02 12:46:56.814110
RF,R,V. Robles,Taj Bradley,R,7,MIN,SEA,home,3.0,2026-08-02 12:46:56.814110
3B,R,W. Wilson,Taj Bradley,R,8,MIN,SEA,home,3.0,2026-08-02 12:46:56.814110
SS,L,Colt Emerson,Taj Bradley,R,9,MIN,SEA,home,3.0,2026-08-02 12:46:56.814110
2B,L,Luis Arraez,Michael King,R,1,SF,SD,away,3.0,2026-08-02 12:46:56.814110
LF,R,Heliot Ramos,Michael King,R,2,SF,SD,away,3.0,2026-08-02 12:46:56.814110
DH,L,B. Eldridge,Michael King,R,3,SF,SD,away,3.0,2026-08-02 12:46:56.814110
1B,L,R. Devers,Michael King,R,4,SF,SD,away,3.0,2026-08-02 12:46:56.814110
RF,L,Jung Hoo Lee,Michael King,R,5,SF,SD,away,3.0,2026-08-02 12:46:56.814110
SS,R,Willy Adames,Michael King,R,6,SF,SD,away,3.0,2026-08-02 12:46:56.814110
CF,L,Drew Gilbert,Michael King,R,7,SF,SD,away,3.0,2026-08-02 12:46:56.814110
C,L,D. Cavanaugh,Michael King,R,8,SF,SD,away,3.0,2026-08-02 12:46:56.814110
3B,R,C. Koss,Michael King,R,9,SF,SD,away,3.0,2026-08-02 12:46:56.814110
RF,R,F. Tatis,Landen Roupp,R,1,SF,SD,home,3.0,2026-08-02 12:46:56.814110
2B,L,J. Cronenworth,Landen Roupp,R,2,SF,SD,home,3.0,2026-08-02 12:46:56.814110
3B,R,M. Machado,Landen Roupp,R,3,SF,SD,home,3.0,2026-08-02 12:46:56.814110
1B,R,Ty France,Landen Roupp,R,4,SF,SD,home,3.0,2026-08-02 12:46:56.814110
CF,L,J. Merrill,Landen Roupp,R,5,SF,SD,home,3.0,2026-08-02 12:46:56.814110
LF,S,Luis Rengifo,Landen Roupp,R,6,SF,SD,home,3.0,2026-08-02 12:46:56.814110
DH,L,Gavin Sheets,Landen Roupp,R,7,SF,SD,home,3.0,2026-08-02 12:46:56.814110
SS,R,X. Bogaerts,Landen Roupp,R,8,SF,SD,home,3.0,2026-08-02 12:46:56.814110
C,R,L. Campusano,Landen Roupp,R,9,SF,SD,home,3.0,2026-08-02 12:46:56.814110
2B,R,G. Torres,Gage Jump,L,1,DET,ATH,away,0.3,2026-08-02 15:47:07.877738
DH,R,D. Dingler,Gage Jump,L,2,DET,ATH,away,0.3,2026-08-02 15:47:07.877738
SS,L,K. McGonigle,Gage Jump,L,3,DET,ATH,away,0.3,2026-08-02 15:47:07.877738
C,R,E. Valencia,Gage Jump,L,4,DET,ATH,away,0.3,2026-08-02 15:47:07.877738
1B,R,S. Torkelson,Gage Jump,L,5,DET,ATH,away,0.3,2026-08-02 15:47:07.877738
3B,R,Hao-Yu Lee,Gage Jump,L,6,DET,ATH,away,0.3,2026-08-02 15:47:07.877738
CF,L,Max Clark,Gage Jump,L,7,DET,ATH,away,0.3,2026-08-02 15:47:07.877738
LF,R,Ben Malgeri,Gage Jump,L,8,DET,ATH,away,0.3,2026-08-02 15:47:07.877738
RF,L,Z. McKinstry,Gage Jump,L,9,DET,ATH,away,0.3,2026-08-02 15:47:07.877738
2B,L,D. Walton,Keider Montero,R,1,DET,ATH,home,0.3,2026-08-02 15:47:07.877738
LF,L,T. Soderstrom,Keider Montero,R,2,DET,ATH,home,0.3,2026-08-02 15:47:07.877738
C,S,Jonah Heim,Keider Montero,R,3,DET,ATH,home,0.3,2026-08-02 15:47:07.877738
3B,R,Tommy White,Keider Montero,R,4,DET,ATH,home,0.3,2026-08-02 15:47:07.877738
RF,L,L. Butler,Keider Montero,R,5,DET,ATH,home,0.3,2026-08-02 15:47:07.877738
DH,L,C. Cortes,Keider Montero,R,6,DET,ATH,home,0.3,2026-08-02 15:47:07.877738
SS,R,A. Williams,Keider Montero,R,7,DET,ATH,home,0.3,2026-08-02 15:47:07.877738
1B,L,Jeff McNeil,Keider Montero,R,8,DET,ATH,home,0.3,2026-08-02 15:47:07.877738
CF,R,Henry Bolte,Keider Montero,R,9,DET,ATH,home,0.3,2026-08-02 15:47:07.877738
LF,L,T. Larnach,George Kirby,R,1,MIN,SEA,away,0.4,2026-08-02 15:47:07.877738
C,R,Ryan Jeffers,George Kirby,R,2,MIN,SEA,away,0.4,2026-08-02 15:47:07.877738
DH,S,Josh Bell,George Kirby,R,3,MIN,SEA,away,0.4,2026-08-02 15:47:07.877738
2B,L,Kody Clemens,George Kirby,R,4,MIN,SEA,away,0.4,2026-08-02 15:47:07.877738
1B,R,Royce Lewis,George Kirby,R,5,MIN,SEA,away,0.4,2026-08-02 15:47:07.877738
3B,S,Brooks Lee,George Kirby,R,6,MIN,SEA,away,0.4,2026-08-02 15:47:07.877738
RF,L,Alan Roden,George Kirby,R,7,MIN,SEA,away,0.4,2026-08-02 15:47:07.877738
CF,R,L. Keaschall,George Kirby,R,8,MIN,SEA,away,0.4,2026-08-02 15:47:07.877738
SS,R,R. Kreidler,George Kirby,R,9,MIN,SEA,away,0.4,2026-08-02 15:47:07.877738
2B,L,Cole Young,Taj Bradley,R,1,MIN,SEA,home,0.4,2026-08-02 15:47:07.877738
LF,R,R. Arozarena,Taj Bradley,R,2,MIN,SEA,home,0.4,2026-08-02 15:47:07.877738
DH,L,D. Canzone,Taj Bradley,R,3,MIN,SEA,home,0.4,2026-08-02 15:47:07.877738
CF,R,J. Rodriguez,Taj Bradley,R,4,MIN,SEA,home,0.4,2026-08-02 15:47:07.877738
1B,L,Josh Naylor,Taj Bradley,R,5,MIN,SEA,home,0.4,2026-08-02 15:47:07.877738
C,S,Cal Raleigh,Taj Bradley,R,6,MIN,SEA,home,0.4,2026-08-02 15:47:07.877738
RF,R,V. Robles,Taj Bradley,R,7,MIN,SEA,home,0.4,2026-08-02 15:47:07.877738
SS,L,Colt Emerson,Taj Bradley,R,8,MIN,SEA,home,0.4,2026-08-02 15:47:07.877738
3B,S,Leo Rivas,Taj Bradley,R,9,MIN,SEA,home,0.4,2026-08-02 15:47:07.877738
2B,L,Luis Arraez,Griffin Canning,R,1,SF,SD,away,0.4,2026-08-02 15:47:07.877738
DH,L,B. Eldridge,Griffin Canning,R,2,SF,SD,away,0.4,2026-08-02 15:47:07.877738
LF,R,Heliot Ramos,Griffin Canning,R,3,SF,SD,away,0.4,2026-08-02 15:47:07.877738
1B,L,R. Devers,Griffin Canning,R,4,SF,SD,away,0.4,2026-08-02 15:47:07.877738
RF,L,Jung Hoo Lee,Griffin Canning,R,5,SF,SD,away,0.4,2026-08-02 15:47:07.877738
SS,R,Willy Adames,Griffin Canning,R,6,SF,SD,away,0.4,2026-08-02 15:47:07.877738
C,L,D. Cavanaugh,Griffin Canning,R,7,SF,SD,away,0.4,2026-08-02 15:47:07.877738
CF,L,Drew Gilbert,Griffin Canning,R,8,SF,SD,away,0.4,2026-08-02 15:47:07.877738
3B,R,O. Basabe,Griffin Canning,R,9,SF,SD,away,0.4,2026-08-02 15:47:07.877738
LF,S,Luis Rengifo,Landen Roupp,R,1,SF,SD,home,0.4,2026-08-02 15:47:07.877738
2B,L,J. Cronenworth,Landen Roupp,R,2,SF,SD,home,0.4,2026-08-02 15:47:07.877738
DH,R,M. Machado,Landen Roupp,R,3,SF,SD,home,0.4,2026-08-02 15:47:07.877738
1B,R,Ty France,Landen Roupp,R,4,SF,SD,home,0.4,2026-08-02 15:47:07.877738
CF,L,J. Merrill,Landen Roupp,R,5,SF,SD,home,0.4,2026-08-02 15:47:07.877738
C,R,L. Campusano,Landen Roupp,R,6,SF,SD,home,0.4,2026-08-02 15:47:07.877738
RF,L,Gavin Sheets,Landen Roupp,R,7,SF,SD,home,0.4,2026-08-02 15:47:07.877738
SS,R,X. Bogaerts,Landen Roupp,R,8,SF,SD,home,0.4,2026-08-02 15:47:07.877738
3B,L,S. Song,Landen Roupp,R,9,SF,SD,home,0.4,2026-08-02 15:47:07.877738
