"last_name, first_name","player_id","year","pa"
"Hunter, Torii",116338,2015,567
"Ortiz, David",120074,2015,614
"Rodriguez, Alex",121347,2015,620
"Ramirez, Aramis",133380,2015,516
"Beltré, Adrian",134181,2015,619
"Beltrán, Carlos",136860,2015,531
"Werth, Jayson",150029,2015,378
"Cuddyer, Michael",150212,2015,408
"Pierzynski, A.J.",150229,2015,436
"Rollins, Jimmy",276519,2015,563
"Uribe, Juan",346874,2015,397
"Suzuki, Ichiro",400085,2015,438
"Martinez, Victor",400121,2015,485
"Utley, Chase",400284,2015,423
"Pujols, Albert",405395,2015,661
"Byrd, Marlon",407781,2015,544
"Holliday, Matt",407812,2015,277
"Teixeira, Mark",407893,2015,462
"Mauer, Joe",408045,2015,666
"Cabrera, Miguel",408234,2015,511
"González, Adrián",408236,2015,642
"Phillips, Brandon",408252,2015,623
"Infante, Omar",408299,2015,455
"Reyes, José",408314,2015,519
"Peralta, Jhonny",425509,2015,640
"Barmes, Clint",425549,2015,224
"LaRoche, Adam",425560,2015,484
"Rios, Alex",425567,2015,411
"Victorino, Shane",425664,2015,204
"Loney, James",425766,2015,388
"Choo, Shin-Soo",425783,2015,653
"Rivera, René",425784,2015,319
"Francoeur, Jeff",425796,2015,343
"Upton, B.J.",425834,2015,228
"Molina, Yadier",425877,2015,530
"Fielder, Prince",425902,2015,693
"Canó, Robinson",429664,2015,674
"Encarnación, Edwin",429665,2015,624
"Hardy, J.J.",429666,2015,437
"Howard, Ryan",429667,2015,502
"Sizemore, Grady",429713,2015,296
"DeJesus, David",430203,2015,317
"Gomes, Jonny",430404,2015,262
"Raburn, Ryan",430605,2015,201
"Johnson, Kelly",430637,2015,335
"Bourgeois, Jason",430652,2015,212
"Bautista, José",430832,2015,666
"Swisher, Nick",430897,2015,260
"Peña, Brayan",430910,2015,367
"Jones, Adam",430945,2015,581
"Aybar, Erick",430947,2015,638
"Callaspo, Alberto",430948,2015,261
"Hill, Aaron",431094,2015,353
"Martin, Russell",431145,2015,507
"McGehee, Casey",431171,2015,258
"Blanco, Andrés",433217,2015,261
"Granderson, Curtis",434158,2015,682
"Ruiz, Carlos",434563,2015,320
"Soto, Geovany",434567,2015,210
"Morse, Michael",434604,2015,256
"Pagán, Ángel",434636,2015,551
"Davis, Rajai",434658,2015,370
"Ramirez, Hanley",434670,2015,430
"Morales, Kendrys",434778,2015,639
"Kendrick, Howie",435062,2015,495
"Napoli, Mike",435063,2015,469
"Kinsler, Ian",435079,2015,675
"McCann, Brian",435263,2015,535
"Schumaker, Skip",435401,2015,268
"Walker, Neil",435522,2015,603
"Suzuki, Kurt",435559,2015,479
"Desmond, Ian",435622,2015,641
"Cruz, Nelson",443558,2015,655
"Jaso, John",444379,2015,216
"Trumbo, Mark",444432,2015,545
"Peralta, David",444482,2015,517
"Ethier, Andre",444843,2015,445
"Escobar, Alcides",444876,2015,662
"Jay, Jon",445055,2015,245
"Prado, Martín",445988,2015,551
"Duda, Lucas",446263,2015,554
"Wieters, Matt",446308,2015,282
"Longoria, Evan",446334,2015,670
"Cozart, Zack",446359,2015,214
"Guyer, Brandon",446386,2015,385
"Rodríguez, Sean",446481,2015,240
"Reynolds, Mark",448602,2015,432
"Davis, Chris",448801,2015,670
"Aviles, Mike",449107,2015,317
"Orlando, Paulo",449181,2015,251
"Zobrist, Ben",450314,2015,535
"Peterson, Shane",451089,2015,225
"Fowler, Dexter",451594,2015,690
"Flowers, Tyler",452095,2015,361
"Headley, Chase",452104,2015,642
"Drew, Stephen",452220,2015,428
"Smith, Seth",452234,2015,452
"Maxwell, Justin",452239,2015,274
"Lind, Adam",452252,2015,572
"Pence, Hunter",452254,2015,223
"Span, Denard",452655,2015,275
"Hanigan, Ryan",452672,2015,200
"Cabrera, Asdrúbal",452678,2015,551
"Ellsbury, Jacoby",453056,2015,499
"Tulowitzki, Troy",453064,2015,534
"Johnson, Chris",453400,2015,255
"Fuld, Sam",453539,2015,325
"Blackmon, Charlie",453568,2015,682
"Blanco, Grégor",453923,2015,372
"Frazier, Todd",453943,2015,678
"Ellis, A.J.",454560,2015,217
"Iannetta, Chris",455104,2015,317
"Maldonado, Martín",455117,2015,256
"Chirinos, Robinson",455139,2015,273
"Young, Chris",455759,2015,356
"Markakis, Nick",455976,2015,686
"Pedroia, Dustin",456030,2015,425
"Castillo, Welington",456078,2015,378
"Denorfia, Chris",456121,2015,231
"Bourn, Michael",456422,2015,482
"Núñez, Eduardo",456488,2015,204
"Pearce, Steve",456665,2015,325
"Butler, Billy",456714,2015,601
"Cain, Lorenzo",456715,2015,604
"Saltalamacchia, Jarrod",457454,2015,227
"De Aza, Alejandro",457477,2015,365
"McCutchen, Andrew",457705,2015,685
"Jackson, Austin",457706,2015,527
"Upton, Justin",457708,2015,619
"Maybin, Cameron",457727,2015,555
"Turner, Justin",457759,2015,439
"Posey, Buster",457763,2015,623
"Espinosa, Danny",457787,2015,412
"Bruce, Jay",457803,2015,649
"Votto, Joey",458015,2015,695
"Coghlan, Chris",458085,2015,503
"Rasmus, Colby",458675,2015,485
"Gardner, Brett",458731,2015,656
"Joyce, Matt",459964,2015,284
"Hundley, Nick",460026,2015,389
"Pennington, Cliff",460060,2015,249
"Braun, Ryan",460075,2015,567
"Gordon, Alex",460086,2015,422
"Gómez, Carlos",460576,2015,477
"Moss, Brandon",461235,2015,526
"Kemp, Matt",461314,2015,648
"Venable, Will",461416,2015,390
"Murphy, David",461815,2015,388
"Plouffe, Trevor",461858,2015,632
"Romine, Andrew",461865,2015,203
"Andrus, Elvis",462101,2015,661
"Cervelli, Francisco",465041,2015,510
"Cabrera, Melky",466320,2015,683
"Sandoval, Pablo",467055,2015,505
"Herrera, Elian",467070,2015,277
"Ramos, Wilson",467092,2015,504
"Santana, Carlos",467793,2015,666
"Parra, Gerardo",467827,2015,589
"Montero, Miguel",471083,2015,403
"González, Carlos",471865,2015,608
"Valbuena, Luis",472528,2015,493
"Conger, Hank",474233,2015,229
"De Jesús Jr., Iván",474443,2015,222
"Mercer, Jordy",474568,2015,430
"Belt, Brandon",474832,2015,556
"Carter, Chris",474892,2015,459
"Van Slyke, Scott",475100,2015,253
"Alonso, Yonder",475174,2015,402
"Flaherty, Ryan",475247,2015,301
"Smoak, Justin",475253,2015,328
"Zimmerman, Ryan",475582,2015,390
"Lowrie, Jed",476704,2015,263
"Álvarez, Pedro",476883,2015,491
"Davis, Ike",477195,2015,239
"Avila, Alex",488671,2015,219
"Barnes, Brandon",488681,2015,281
"Bourjos, Peter",488721,2015,225
"Brantley, Michael",488726,2015,596
"Castro, Jason",488771,2015,375
"Escobar, Yunel",488862,2015,591
"Moore, Tyler",489138,2015,200
"Morrison, Logan",489149,2015,511
"Aoki, Norichika",493114,2015,392
"Cespedes, Yoenis",493316,2015,676
"Ramirez, Alexei",493351,2015,622
"Campbell, Eric",493472,2015,206
"Beckham, Gordon",493596,2015,237
"Colabello, Chris",499624,2015,360
"Solarte, Yangervis",500208,2015,571
"Escobar, Eduardo",500871,2015,446
"Lagares, Juan",501571,2015,465
"Rosario, Wilin",501647,2015,242
"Almonte, Abraham",501659,2015,258
"Freese, David",501896,2015,470
"Davis, Khris",501981,2015,440
"Snider, Travis",501983,2015,265
"Chisenhall, Lonnie",502082,2015,362
"Martinez, J.D.",502110,2015,657
"Brown, Domonic",502126,2015,204
"Valencia, Danny",502143,2015,378
"Reddick, Josh",502210,2015,579
"Dyson, Jarrod",502481,2015,225
"Murphy, Daniel",502517,2015,538
"Goldschmidt, Paul",502671,2015,694
"Gonzalez, Marwin",503556,2015,370
"Amarista, Alexi",506560,2015,357
"Altuve, Jose",514888,2015,689
"Tejada, Rubén",514913,2015,407
"Hernández, César",514917,2015,452
"Segura, Jean",516416,2015,584
"Castro, Starlin",516770,2015,578
"Marte, Starling",516782,2015,633
"Paredes, Jimmy",517370,2015,384
"d'Arnaud, Travis",518595,2015,268
"Descalso, Daniel",518614,2015,209
"Dietrich, Derek",518618,2015,289
"Donaldson, Josh",518626,2015,711
"Freeman, Freddie",518692,2015,481
"Grandal, Yasmani",518735,2015,426
"Heyward, Jason",518792,2015,608
"LeMahieu, DJ",518934,2015,620
"Lucroy, Jonathan",518960,2015,415
"Middlebrooks, Will",519025,2015,270
"Moreland, Mitch",519048,2015,515
"Moustakas, Mike",519058,2015,614
"Norris, Derek",519083,2015,557
"Revere, Ben",519184,2015,634
"Rizzo, Anthony",519203,2015,701
"Robinson, Clint",519208,2015,352
"Rupp, Cameron",519237,2015,299
"Sogard, Eric",519299,2015,401
"Souza Jr., Steven",519306,2015,426
"Stanton, Giancarlo",519317,2015,318
"Vogt, Stephen",519390,2015,511
"Galvis, Freddy",520471,2015,603
"Perez, Salvador",521692,2015,553
"Forsythe, Logan",523253,2015,615
"Flores, Wilmer",527038,2015,510
"García, Avisaíl",541645,2015,601
"Pérez, Hernán",541650,2015,272
"Pérez, Carlos",542208,2015,283
"Inciarte, Ender",542255,2015,561
"Ozuna, Marcell",542303,2015,494
"Santana, Danny",542454,2015,277
"Beckham, Tim",542921,2015,223
"Burns, Billy",542993,2015,555
"Butler, Joey",542994,2015,276
"Crawford, Brandon",543063,2015,561
"Cron, C.J.",543068,2015,403
"Giavotella, Johnny",543213,2015,502
"Gillaspie, Conor",543216,2015,253
"Gomes, Yan",543228,2015,389
"Gose, Anthony",543238,2015,535
"Harrison, Josh",543281,2015,449
"Hicks, Aaron",543305,2015,390
"Hosmer, Eric",543333,2015,667
"Joseph, Caleb",543376,2015,354
"Kipnis, Jason",543401,2015,641
"Lawrie, Brett",543434,2015,602
"McCann, James",543510,2015,425
"Miller, Brad",543543,2015,497
"Rendon, Anthony",543685,2015,355
"Semien, Marcus",543760,2015,601
"Shaw, Travis",543768,2015,248
"Springer, George",543807,2015,451
"Strange-Gordon, Dee",543829,2015,653
"Wong, Kolten",543939,2015,613
"Gregorius, Didi",544369,2015,578
"Grichuk, Randal",545341,2015,350
"Marisnick, Jake",545350,2015,372
"Trout, Mike",545361,2015,682
"Herrera, Odúbel",546318,2015,537
"Harper, Bryce",547180,2015,654
"Pérez, Roberto",547379,2015,226
"Martin, Leonys",547982,2015,310
"Abreu, José",547989,2015,668
"Suárez, Eugenio",553993,2015,398
"Ackley, Dustin",554429,2015,264
"Polanco, Gregory",570256,2015,652
"Urshela, Gio",570482,2015,288
"Sánchez, Yolmer",570560,2015,420
"Schoop, Jonathan",570731,2015,321
"Arenado, Nolan",571448,2015,665
"Barnhart, Tucker",571466,2015,274
"Bour, Justin",571506,2015,446
"Gennett, Scooter",571697,2015,391
"Hamilton, Billy",571740,2015,454
"Hernández, Enrique",571771,2015,218
"Holt, Brock",571788,2015,509
"Lamb, Jake",571875,2015,390
"Myers, Wil",571976,2015,253
"Owings, Chris",572008,2015,552
"Paulsen, Ben",572019,2015,354
"Phegley, Josh",572033,2015,243
"Piscotty, Stephen",572039,2015,256
"Pollock, AJ",572041,2015,673
"Seager, Kyle",572122,2015,686
"Taylor, Michael A.",572191,2015,511
"Zunino, Mike",572287,2015,386
"Goins, Ryan",572365,2015,428
"Carpenter, Matt",572761,2015,665
"Dickerson, Corey",572816,2015,234
"Dozier, Brian",572821,2015,704
"Ruf, Darin",573131,2015,297
"Saladino, Tyler",573135,2015,254
"Gyorko, Jedd",576397,2015,458
"Iglesias, Jose",578428,2015,454
"Travis, Devon",581527,2015,239
"Hechavarría, Adeiny",588751,2015,499
"Bryant, Kris",592178,2015,650
"Canha, Mark",592192,2015,485
"Castellanos, Nick",592206,2015,595
"DeShields, Delino",592261,2015,492
"Machado, Manny",592518,2015,713
"Pederson, Joc",592626,2015,585
"Realmuto, J.T.",592663,2015,467
"Rosario, Eddie",592696,2015,474
"Simmons, Andrelton",592743,2015,583
"Yelich, Christian",592885,2015,525
"Bogaerts, Xander",593428,2015,654
"Sanó, Miguel",593934,2015,335
"Calhoun, Kole",594777,2015,686
"Eaton, Adam",594809,2015,689
"Gattis, Evan",594828,2015,604
"Kiermaier, Kevin",595281,2015,535
"Lindor, Francisco",596019,2015,438
"Odor, Rougned",596059,2015,470
"Swihart, Blake",596119,2015,309
"Franco, Maikel",596748,2015,335
"Bradley Jr., Jackie",598265,2015,255
"Ahmed, Nick",605113,2015,459
"Asche, Cody",605125,2015,456
"Betts, Mookie",605141,2015,654
"Panik, Joe",605412,2015,432
"Spangenberg, Cory",605486,2015,344
"Tucker, Preston",605512,2015,323
"Marte, Ketel",606466,2015,247
"Peterson, Jace",607054,2015,597
"Collins, Tyler",607385,2015,207
"Pillar, Kevin",607680,2015,628
"Ramírez, José",608070,2015,355
"Russell, Addison",608365,2015,523
"Plawecki, Kevin",608700,2015,258
"Correa, Carlos",621043,2015,432
"Duffy, Matt",622110,2015,612
"Puig, Yasiel",624577,2015,311
"Soler, Jorge",624585,2015,404
"Castillo, Rusney",628329,2015,289
"Kang, Jung Ho",628356,2015,467
"Tomás, Yasmany",630111,2015,426
"Guerrero, Alex",648717,2015,230
"Schwarber, Kyle",656941,2015,273
"Ortiz, David",120074,2016,626
"Rodriguez, Alex",121347,2016,243
"Beltré, Adrian",134181,2016,640
"Beltrán, Carlos",136860,2016,593
"Werth, Jayson",150029,2016,606
"Pierzynski, A.J.",150229,2016,259
"Uribe, Juan",346874,2016,259
"Suzuki, Ichiro",400085,2016,365
"Martinez, Victor",400121,2016,610
"Utley, Chase",400284,2016,565
"Pujols, Albert",405395,2016,650
"Holliday, Matt",407812,2016,426
"Teixeira, Mark",407893,2016,438
"Mauer, Joe",408045,2016,576
"Morneau, Justin",408047,2016,218
"Cabrera, Miguel",408234,2016,679
"González, Adrián",408236,2016,633
"Phillips, Brandon",408252,2016,584
"Reyes, José",408314,2016,279
"Ross, David",424325,2016,205
"Crisp, Coco",424825,2016,498
"Peralta, Jhonny",425509,2016,313
"Loney, James",425766,2016,366
"Choo, Shin-Soo",425783,2016,210
"Rivera, René",425784,2016,207
"Francoeur, Jeff",425796,2016,331
"Upton, B.J.",425834,2016,538
"Molina, Yadier",425877,2016,581
"Navarro, Dioner",425900,2016,334
"Fielder, Prince",425902,2016,370
"Canó, Robinson",429664,2016,715
"Encarnación, Edwin",429665,2016,701
"Hardy, J.J.",429666,2016,438
"Howard, Ryan",429667,2016,362
"Gutierrez, Franklin",429711,2016,283
"Weeks Jr., Rickie",430001,2016,205
"Raburn, Ryan",430605,2016,256
"Johnson, Kelly",430637,2016,333
"Bautista, José",430832,2016,517
"Jones, Adam",430945,2016,672
"Aybar, Erick",430947,2016,459
"Hill, Aaron",431094,2016,427
"Martin, Russell",431145,2016,535
"Blanco, Andrés",433217,2016,209
"Granderson, Curtis",434158,2016,633
"Ruiz, Carlos",434563,2016,233
"Pagán, Ángel",434636,2016,541
"Davis, Rajai",434658,2016,495
"Ramirez, Hanley",434670,2016,620
"Morales, Kendrys",434778,2016,618
"Kendrick, Howie",435062,2016,543
"Napoli, Mike",435063,2016,645
"Wilson, Bobby",435064,2016,251
"Kinsler, Ian",435079,2016,679
"McCann, Brian",435263,2016,492
"Walker, Neil",435522,2016,458
"Suzuki, Kurt",435559,2016,373
"Desmond, Ian",435622,2016,677
"Cruz, Nelson",443558,2016,667
"Jaso, John",444379,2016,432
"Trumbo, Mark",444432,2016,667
"Escobar, Alcides",444876,2016,682
"Jay, Jon",445055,2016,374
"Prado, Martín",445988,2016,658
"Wieters, Matt",446308,2016,464
"Longoria, Evan",446334,2016,685
"Cozart, Zack",446359,2016,508
"Barney, Darwin",446381,2016,306
"Guyer, Brandon",446386,2016,345
"Rodríguez, Sean",446481,2016,342
"Reynolds, Mark",448602,2016,441
"Davis, Chris",448801,2016,665
"Orlando, Paulo",449181,2016,483
"Zobrist, Ben",450314,2016,631
"Fowler, Dexter",451594,2016,551
"Flowers, Tyler",452095,2016,325
"Headley, Chase",452104,2016,529
"Smith, Seth",452234,2016,438
"Lind, Adam",452252,2016,430
"Pence, Hunter",452254,2016,442
"Span, Denard",452655,2016,637
"Cabrera, Asdrúbal",452678,2016,568
"Ellsbury, Jacoby",453056,2016,616
"Tulowitzki, Troy",453064,2016,544
"Johnson, Chris",453400,2016,264
"Blackmon, Charlie",453568,2016,641
"Blanco, Grégor",453923,2016,273
"Frazier, Todd",453943,2016,666
"Iannetta, Chris",455104,2016,338
"Maldonado, Martín",455117,2016,253
"Young, Chris",455759,2016,227
"Markakis, Nick",455976,2016,684
"Pedroia, Dustin",456030,2016,698
"Castillo, Welington",456078,2016,457
"Bourn, Michael",456422,2016,413
"Núñez, Eduardo",456488,2016,595
"Pearce, Steve",456665,2016,302
"Butler, Billy",456714,2016,274
"Cain, Lorenzo",456715,2016,434
"Saltalamacchia, Jarrod",457454,2016,292
"De Aza, Alejandro",457477,2016,267
"McCutchen, Andrew",457705,2016,675
"Jackson, Austin",457706,2016,203
"Upton, Justin",457708,2016,626
"Maybin, Cameron",457727,2016,391
"Turner, Justin",457759,2016,622
"Posey, Buster",457763,2016,614
"Jennings, Desmond",457775,2016,225
"Espinosa, Danny",457787,2016,601
"Bruce, Jay",457803,2016,589
"Votto, Joey",458015,2016,677
"Coghlan, Chris",458085,2016,300
"Rasmus, Colby",458675,2016,417
"Gardner, Brett",458731,2016,634
"Saunders, Michael",459431,2016,558
"Joyce, Matt",459964,2016,293
"Hundley, Nick",460026,2016,317
"Braun, Ryan",460075,2016,564
"Gordon, Alex",460086,2016,506
"Reimold, Nolan",460099,2016,227
"Gómez, Carlos",460576,2016,453
"Moss, Brandon",461235,2016,464
"Kemp, Matt",461314,2016,672
"Plouffe, Trevor",461858,2016,344
"Andrus, Elvis",462101,2016,568
"Petit, Gregorio",463610,2016,223
"Cervelli, Francisco",465041,2016,393
"Cabrera, Melky",466320,2016,646
"Ramos, Wilson",467092,2016,523
"Santana, Carlos",467793,2016,688
"Parra, Gerardo",467827,2016,381
"Montero, Miguel",471083,2016,284
"González, Carlos",471865,2016,632
"Valbuena, Luis",472528,2016,342
"De Jesús Jr., Iván",474443,2016,243
"Mercer, Jordy",474568,2016,584
"Belt, Brandon",474832,2016,655
"Carter, Chris",474892,2016,644
"Alonso, Yonder",475174,2016,532
"Smoak, Justin",475253,2016,341
"Zimmerman, Ryan",475582,2016,467
"Lowrie, Jed",476704,2016,369
"Álvarez, Pedro",476883,2016,376
"Wallace, Brett",477165,2016,256
"Carrera, Ezequiel",485567,2016,310
"Avila, Alex",488671,2016,209
"Bourjos, Peter",488721,2016,383
"Castro, Jason",488771,2016,376
"d'Arnaud, Chase",488818,2016,262
"Escobar, Yunel",488862,2016,567
"Morrison, Logan",489149,2016,398
"Rosales, Adam",489267,2016,248
"Aoki, Norichika",493114,2016,466
"Lee, Dae-Ho",493193,2016,317
"Cespedes, Yoenis",493316,2016,543
"Ramirez, Alexei",493351,2016,506
"Beckham, Gordon",493596,2016,279
"Solarte, Yangervis",500208,2016,443
"Rojas, Miguel",500743,2016,214
"Escobar, Eduardo",500871,2016,377
"Freese, David",501896,2016,492
"Davis, Khris",501981,2016,610
"Chisenhall, Lonnie",502082,2016,418
"Martinez, J.D.",502110,2016,517
"Valencia, Danny",502143,2016,517
"Reddick, Josh",502210,2016,438
"Dyson, Jarrod",502481,2016,337
"Murphy, Daniel",502517,2016,582
"O'Malley, Shawn",502523,2016,232
"Goldschmidt, Paul",502671,2016,704
"Gonzalez, Marwin",503556,2016,518
"León, Sandy",506702,2016,283
"Altuve, Jose",514888,2016,717
"Hernández, César",514917,2016,622
"Segura, Jean",516416,2016,694
"Castro, Starlin",516770,2016,610
"Marte, Starling",516782,2016,529
"d'Arnaud, Travis",518595,2016,276
"Descalso, Daniel",518614,2016,289
"Dietrich, Derek",518618,2016,412
"Donaldson, Josh",518626,2016,700
"Eibner, Brett",518649,2016,208
"Freeman, Freddie",518692,2016,693
"Grandal, Yasmani",518735,2016,457
"Heyward, Jason",518792,2016,592
"LeMahieu, DJ",518934,2016,635
"Lucroy, Jonathan",518960,2016,544
"Moreland, Mitch",519048,2016,503
"Norris, Derek",519083,2016,458
"Revere, Ben",519184,2016,375
"Rizzo, Anthony",519203,2016,676
"Robinson, Clint",519208,2016,224
"Rupp, Cameron",519237,2016,419
"Smolinski, Jake",519295,2016,319
"Souza Jr., Steven",519306,2016,468
"Stanton, Giancarlo",519317,2016,469
"Szczur, Matt",519333,2016,200
"Vogt, Stephen",519390,2016,532
"Galvis, Freddy",520471,2016,624
"Perez, Salvador",521692,2016,546
"Forsythe, Logan",523253,2016,567
"Flores, Wilmer",527038,2016,335
"Marte, Jefry",527043,2016,284
"Holt, Tyler",534627,2016,208
"García, Avisaíl",541645,2016,453
"Pérez, Hernán",541650,2016,430
"Bethancourt, Christian",542194,2016,204
"Pérez, Carlos",542208,2016,291
"Inciarte, Ender",542255,2016,578
"Ozuna, Marcell",542303,2016,608
"Villar, Jonathan",542340,2016,679
"Ortega, Rafael",542364,2016,201
"Adames, Cristhian",542436,2016,256
"Santana, Danny",542454,2016,248
"Arcia, Oswaldo",542455,2016,222
"Bandy, Jett",542908,2016,231
"Beckham, Tim",542921,2016,215
"Broxton, Keon",542979,2016,244
"Burns, Billy",542993,2016,332
"Crawford, Brandon",543063,2016,623
"Cron, C.J.",543068,2016,443
"Dickerson, Alex",543105,2016,285
"Giavotella, Johnny",543213,2016,367
"Gillaspie, Conor",543216,2016,205
"Gomes, Yan",543228,2016,264
"Grossman, Robbie",543257,2016,389
"Harrison, Josh",543281,2016,522
"Hicks, Aaron",543305,2016,361
"Hosmer, Eric",543333,2016,667
"Kipnis, Jason",543401,2016,688
"Lawrie, Brett",543434,2016,384
"McCann, James",543510,2016,373
"Miller, Brad",543543,2016,601
"Nieuwenhuis, Kirk",543590,2016,392
"Rendon, Anthony",543685,2016,647
"Semien, Marcus",543760,2016,621
"Shaw, Travis",543768,2016,530
"Shuck, JB",543776,2016,241
"Springer, George",543807,2016,744
"Strange-Gordon, Dee",543829,2016,346
"Wong, Kolten",543939,2016,361
"Gregorius, Didi",544369,2016,597
"Grichuk, Randal",545341,2016,478
"Marisnick, Jake",545350,2016,311
"Trout, Mike",545361,2016,681
"Herrera, Odúbel",546318,2016,656
"Wolters, Tony",547172,2016,230
"Harper, Bryce",547180,2016,627
"Kim, Hyun Soo",547957,2016,346
"Martin, Leonys",547982,2016,576
"Abreu, José",547989,2016,695
"Suárez, Eugenio",553993,2016,627
"Polanco, Gregory",570256,2016,587
"Santana, Domingo",570267,2016,281
"Flores, Ramón",570717,2016,289
"Schoop, Jonathan",570731,2016,647
"Adams, Matt",571431,2016,327
"Altherr, Aaron",571437,2016,227
"Arenado, Nolan",571448,2016,696
"Barnhart, Tucker",571466,2016,420
"Bour, Justin",571506,2016,321
"Gennett, Scooter",571697,2016,541
"Hamilton, Billy",571740,2016,460
"Hazelbaker, Jeremy",571757,2016,224
"Hernández, Enrique",571771,2016,244
"Holt, Brock",571788,2016,324
"Joseph, Tommy",571830,2016,347
"Lamb, Jake",571875,2016,594
"Myers, Wil",571976,2016,676
"Naquin, Tyler",571980,2016,365
"Owings, Chris",572008,2016,466
"Piscotty, Stephen",572039,2016,648
"Rickard, Joey",572073,2016,282
"Schimpf, Ryan",572114,2016,330
"Seager, Kyle",572122,2016,676
"Taylor, Michael A.",572191,2016,237
"Thompson, Trayce",572204,2016,262
"Carpenter, Matt",572761,2016,566
"Dickerson, Corey",572816,2016,548
"Dozier, Brian",572821,2016,691
"Saladino, Tyler",573135,2016,319
"Contreras, Willson",575929,2016,283
"Gyorko, Jedd",576397,2016,438
"Iglesias, Jose",578428,2016,513
"Travis, Devon",581527,2016,432
"Hechavarría, Adeiny",588751,2016,547
"Bryant, Kris",592178,2016,699
"Casali, Curt",592200,2016,256
"Castellanos, Nick",592206,2016,447
"DeShields, Delino",592261,2016,203
"Drury, Brandon",592273,2016,499
"Healy, Ryon",592387,2016,283
"Machado, Manny",592518,2016,696
"Pederson, Joc",592626,2016,476
"Realmuto, J.T.",592663,2016,545
"Rosario, Eddie",592696,2016,354
"Simmons, Andrelton",592743,2016,483
"Yelich, Christian",592885,2016,659
"Merrifield, Whit",593160,2016,332
"Bogaerts, Xander",593428,2016,719
"Polanco, Jorge",593871,2016,270
"Sanó, Miguel",593934,2016,495
"Calhoun, Kole",594777,2016,672
"Duvall, Adam",594807,2016,607
"Eaton, Adam",594809,2016,706
"Garcia, Greg",594824,2016,257
"Gattis, Evan",594828,2016,499
"Gosselin, Phil",594838,2016,240
"Schebler, Scott",594988,2016,282
"Kiermaier, Kevin",595281,2016,414
"Profar, Jurickson",595777,2016,307
"Báez, Javier",595879,2016,450
"Goeddel, Tyler",595963,2016,234
"Lindor, Francisco",596019,2016,684
"Odor, Rougned",596059,2016,632
"Story, Trevor",596115,2016,415
"Sánchez, Gary",596142,2016,229
"Cuthbert, Cheslor",596144,2016,510
"Kepler, Max",596146,2016,447
"Franco, Maikel",596748,2016,630
"Bradley Jr., Jackie",598265,2016,636
"Ahmed, Nick",605113,2016,308
"Asche, Cody",605125,2016,218
"Betts, Mookie",605141,2016,730
"Panik, Joe",605412,2016,526
"Smith, Mallex",605480,2016,215
"Arcia, Orlando",606115,2016,216
"Peraza, José",606299,2016,256
"Marte, Ketel",606466,2016,466
"Peterson, Jace",607054,2016,408
"Turner, Trea",607208,2016,324
"Rua, Ryan",607387,2016,269
"Pillar, Kevin",607680,2016,584
"Ramírez, José",608070,2016,618
"Bregman, Alex",608324,2016,217
"Russell, Addison",608365,2016,598
"Seager, Corey",608369,2016,687
"Mazara, Nomar",608577,2016,568
"Jankowski, Travis",608671,2016,382
"García, Adonis",611177,2016,562
"Correa, Carlos",621043,2016,660
"Dahl, David",621311,2016,237
"Buxton, Byron",621439,2016,331
"Duffy, Matt",622110,2016,366
"Conforto, Michael",624424,2016,348
"Puig, Yasiel",624577,2016,368
"Soler, Jorge",624585,2016,264
"Kang, Jung Ho",628356,2016,370
"Tomás, Yasmany",630111,2016,563
"Anderson, Tim",641313,2016,431
"White, Tyler",643603,2016,276
"Díaz, Aledmys",649557,2016,460
"Park, ByungHo",666560,2016,244
"Beltré, Adrian",134181,2017,389
"Beltrán, Carlos",136860,2017,509
"Werth, Jayson",150029,2017,289
"Suzuki, Ichiro",400085,2017,215
"Martinez, Victor",400121,2017,435
"Utley, Chase",400284,2017,353
"Pujols, Albert",405395,2017,636
"Holliday, Matt",407812,2017,427
"Mauer, Joe",408045,2017,597
"Cabrera, Miguel",408234,2017,529
"González, Adrián",408236,2017,251
"Phillips, Brandon",408252,2017,604
"Reyes, José",408314,2017,561
"Mathis, Jeff",425772,2017,203
"Choo, Shin-Soo",425783,2017,636
"Rivera, René",425784,2017,237
"Molina, Yadier",425877,2017,543
"Canó, Robinson",429664,2017,648
"Encarnación, Edwin",429665,2017,669
"Hardy, J.J.",429666,2017,268
"Bautista, José",430832,2017,686
"Jones, Adam",430945,2017,635
"Aybar, Erick",430947,2017,370
"Martin, Russell",431145,2017,365
"Granderson, Curtis",434158,2017,527
"Davis, Rajai",434658,2017,366
"Ramirez, Hanley",434670,2017,553
"Morales, Kendrys",434778,2017,608
"Kendrick, Howie",435062,2017,334
"Napoli, Mike",435063,2017,484
"Kinsler, Ian",435079,2017,613
"McCann, Brian",435263,2017,399
"Walker, Neil",435522,2017,448
"Suzuki, Kurt",435559,2017,309
"Desmond, Ian",435622,2017,373
"Cruz, Nelson",443558,2017,645
"Jaso, John",444379,2017,302
"Trumbo, Mark",444432,2017,603
"Peralta, David",444482,2017,577
"Piña, Manny",444489,2017,359
"Escobar, Alcides",444876,2017,629
"Jay, Jon",445055,2017,433
"Duda, Lucas",446263,2017,491
"Wieters, Matt",446308,2017,465
"Longoria, Evan",446334,2017,677
"Cozart, Zack",446359,2017,507
"Barney, Darwin",446381,2017,362
"Reynolds, Mark",448602,2017,593
"Davis, Chris",448801,2017,524
"Zobrist, Ben",450314,2017,496
"Fowler, Dexter",451594,2017,491
"Flowers, Tyler",452095,2017,370
"Headley, Chase",452104,2017,586
"Smith, Seth",452234,2017,373
"Lind, Adam",452252,2017,301
"Pence, Hunter",452254,2017,539
"Span, Denard",452655,2017,542
"Cabrera, Asdrúbal",452678,2017,540
"Ellsbury, Jacoby",453056,2017,405
"Tulowitzki, Troy",453064,2017,260
"Blackmon, Charlie",453568,2017,725
"Blanco, Grégor",453923,2017,256
"Frazier, Todd",453943,2017,576
"Iannetta, Chris",455104,2017,316
"Maldonado, Martín",455117,2017,471
"Chirinos, Robinson",455139,2017,309
"Young, Chris",455759,2017,276
"Markakis, Nick",455976,2017,670
"Pedroia, Dustin",456030,2017,463
"Castillo, Welington",456078,2017,365
"Núñez, Eduardo",456488,2017,491
"Pearce, Steve",456665,2017,348
"Cain, Lorenzo",456715,2017,645
"McCutchen, Andrew",457705,2017,650
"Jackson, Austin",457706,2017,318
"Upton, Justin",457708,2017,635
"Maybin, Cameron",457727,2017,450
"Turner, Justin",457759,2017,543
"Posey, Buster",457763,2017,568
"Espinosa, Danny",457787,2017,295
"Bruce, Jay",457803,2017,617
"Votto, Joey",458015,2017,707
"Gardner, Brett",458731,2017,682
"Saunders, Michael",459431,2017,234
"Joyce, Matt",459964,2017,544
"Hundley, Nick",460026,2017,303
"Pennington, Cliff",460060,2017,217
"Braun, Ryan",460075,2017,425
"Gordon, Alex",460086,2017,541
"Gimenez, Chris",460269,2017,225
"Gómez, Carlos",460576,2017,426
"Moss, Brandon",461235,2017,401
"Kemp, Matt",461314,2017,466
"Plouffe, Trevor",461858,2017,313
"Romine, Andrew",461865,2017,348
"Andrus, Elvis",462101,2017,689
"Cervelli, Francisco",465041,2017,304
"Cabrera, Melky",466320,2017,666
"Sandoval, Pablo",467055,2017,279
"Ramos, Wilson",467092,2017,222
"Santana, Carlos",467793,2017,667
"Parra, Gerardo",467827,2017,425
"Montero, Miguel",471083,2017,213
"González, Carlos",471865,2017,534
"Valbuena, Luis",472528,2017,401
"Mercer, Jordy",474568,2017,558
"Belt, Brandon",474832,2017,451
"Carter, Chris",474892,2017,208
"Alonso, Yonder",475174,2017,521
"Smoak, Justin",475253,2017,637
"Zimmerman, Ryan",475582,2017,576
"Lowrie, Jed",476704,2017,645
"Carrera, Ezequiel",485567,2017,325
"Avila, Alex",488671,2017,376
"Bourjos, Peter",488721,2017,203
"Brantley, Michael",488726,2017,375
"Castro, Jason",488771,2017,407
"Escobar, Yunel",488862,2017,381
"Moore, Tyler",489138,2017,203
"Morrison, Logan",489149,2017,601
"Rosales, Adam",489267,2017,312
"Hernández, Gorkys",491676,2017,348
"Aoki, Norichika",493114,2017,374
"Cespedes, Yoenis",493316,2017,321
"Gurriel, Yuli",493329,2017,564
"Solarte, Yangervis",500208,2017,512
"Rojas, Miguel",500743,2017,306
"Escobar, Eduardo",500871,2017,499
"Martínez, José A.",500874,2017,307
"Lagares, Juan",501571,2017,272
"Freese, David",501896,2017,503
"Davis, Khris",501981,2017,652
"Pham, Tommy",502054,2017,530
"Chisenhall, Lonnie",502082,2017,270
"Presley, Alex",502100,2017,263
"Martinez, J.D.",502110,2017,489
"Valencia, Danny",502143,2017,500
"Reddick, Josh",502210,2017,533
"Dyson, Jarrod",502481,2017,390
"Murphy, Daniel",502517,2017,593
"Goldschmidt, Paul",502671,2017,664
"Gonzalez, Marwin",503556,2017,515
"León, Sandy",506702,2017,301
"Altuve, Jose",514888,2017,662
"Hernández, César",514917,2017,577
"Segura, Jean",516416,2017,566
"Castro, Starlin",516770,2017,473
"Marte, Starling",516782,2017,339
"Pirela, José",517369,2017,344
"d'Arnaud, Travis",518595,2017,376
"Descalso, Daniel",518614,2017,398
"Dietrich, Derek",518618,2017,464
"Donaldson, Josh",518626,2017,496
"Freeman, Freddie",518692,2017,514
"Grandal, Yasmani",518735,2017,482
"Heyward, Jason",518792,2017,480
"LeMahieu, DJ",518934,2017,682
"Lucroy, Jonathan",518960,2017,481
"Moreland, Mitch",519048,2017,576
"Moustakas, Mike",519058,2017,598
"Revere, Ben",519184,2017,308
"Rizzo, Anthony",519203,2017,691
"Romine, Austin",519222,2017,252
"Rupp, Cameron",519237,2017,331
"Sogard, Eric",519299,2017,299
"Souza Jr., Steven",519306,2017,617
"Stanton, Giancarlo",519317,2017,692
"Szczur, Matt",519333,2017,237
"Thames, Eric",519346,2017,551
"Vogt, Stephen",519390,2017,303
"Galvis, Freddy",520471,2017,663
"Perez, Salvador",521692,2017,498
"Forsythe, Logan",523253,2017,439
"Flores, Wilmer",527038,2017,362
"Nava, Daniel",537953,2017,214
"García, Avisaíl",541645,2017,561
"Pérez, Hernán",541650,2017,458
"Inciarte, Ender",542255,2017,718
"Ozuna, Marcell",542303,2017,679
"Villar, Jonathan",542340,2017,436
"Aguilar, Jesús",542583,2017,311
"Beckham, Tim",542921,2017,575
"Broxton, Keon",542979,2017,463
"Crawford, Brandon",543063,2017,570
"Cron, C.J.",543068,2017,372
"Gomes, Yan",543228,2017,383
"Grossman, Robbie",543257,2017,456
"Harrison, Josh",543281,2017,542
"Herrmann, Chris",543302,2017,256
"Hicks, Aaron",543305,2017,361
"Hosmer, Eric",543333,2017,671
"Joseph, Caleb",543376,2017,266
"Kipnis, Jason",543401,2017,373
"Mahtook, Mikie",543484,2017,379
"McCann, James",543510,2017,391
"Miller, Brad",543543,2017,407
"Rendon, Anthony",543685,2017,605
"Semien, Marcus",543760,2017,386
"Shaw, Travis",543768,2017,606
"Springer, George",543807,2017,628
"Strange-Gordon, Dee",543829,2017,694
"Vázquez, Christian",543877,2017,345
"Wong, Kolten",543939,2017,411
"Gregorius, Didi",544369,2017,569
"García, Leury",544725,2017,326
"Grichuk, Randal",545341,2017,442
"Marisnick, Jake",545350,2017,259
"Trout, Mike",545361,2017,507
"Herrera, Odúbel",546318,2017,563
"Almora Jr., Albert",546991,2017,323
"Wolters, Tony",547172,2017,266
"Harper, Bryce",547180,2017,492
"Pérez, Roberto",547379,2017,248
"Kim, Hyun Soo",547957,2017,238
"Abreu, José",547989,2017,675
"Díaz, Elias",553869,2017,200
"Narváez, Omar",553882,2017,295
"Suárez, Eugenio",553993,2017,632
"Polanco, Gregory",570256,2017,410
"Santana, Domingo",570267,2017,607
"Sánchez, Yolmer",570560,2017,534
"Schoop, Jonathan",570731,2017,675
"Adams, Matt",571431,2017,367
"Altherr, Aaron",571437,2017,412
"Arenado, Nolan",571448,2017,679
"Barnhart, Tucker",571466,2017,423
"Bour, Justin",571506,2017,429
"Davidson, Matt",571602,2017,443
"Gennett, Scooter",571697,2017,497
"Goodwin, Brian",571718,2017,278
"Hamilton, Billy",571740,2017,633
"Haniger, Mitch",571745,2017,410
"Hernández, Enrique",571771,2017,342
"Joseph, Tommy",571830,2017,533
"Lamb, Jake",571875,2017,635
"Myers, Wil",571976,2017,649
"Owings, Chris",572008,2017,386
"Piscotty, Stephen",572039,2017,401
"Pollock, AJ",572041,2017,466
"Rickard, Joey",572073,2017,277
"Seager, Kyle",572122,2017,650
"Taylor, Michael A.",572191,2017,432
"Zunino, Mike",572287,2017,435
"Goins, Ryan",572365,2017,459
"Carpenter, Matt",572761,2017,622
"Dickerson, Corey",572816,2017,628
"Dozier, Brian",572821,2017,705
"Saladino, Tyler",573135,2017,281
"Vargas, Kennys",573627,2017,264
"Contreras, Willson",575929,2017,428
"Gyorko, Jedd",576397,2017,481
"Iglesias, Jose",578428,2017,489
"Hechavarría, Adeiny",588751,2017,348
"Torreyes, Ronald",591720,2017,336
"Osuna, José",591741,2017,227
"Bryant, Kris",592178,2017,665
"Castellanos, Nick",592206,2017,665
"DeShields, Delino",592261,2017,440
"Drury, Brandon",592273,2017,480
"Gamel, Ben",592325,2017,550
"Healy, Ryon",592387,2017,605
"Judge, Aaron",592450,2017,678
"Machado, Manny",592518,2017,690
"Pederson, Joc",592626,2017,323
"Realmuto, J.T.",592663,2017,579
"Renfroe, Hunter",592669,2017,479
"Rosario, Eddie",592696,2017,589
"Simmons, Andrelton",592743,2017,647
"Yelich, Christian",592885,2017,694
"Merrifield, Whit",593160,2017,630
"Bogaerts, Xander",593428,2017,635
"Bonifacio, Jorge",593528,2017,422
"Hanson, Alen",593700,2017,234
"Polanco, Jorge",593871,2017,544
"Sanó, Miguel",593934,2017,483
"Difo, Wilmer",594694,2017,365
"Calhoun, Kole",594777,2017,654
"Duvall, Adam",594807,2017,647
"Garcia, Greg",594824,2017,290
"Gattis, Evan",594828,2017,325
"Schebler, Scott",594988,2017,531
"Kiermaier, Kevin",595281,2017,421
"Knapp, Andrew",595284,2017,204
"Riddle, JT",595375,2017,247
"Báez, Javier",595879,2017,508
"Hedges, Austin",595978,2017,417
"Lindor, Francisco",596019,2017,723
"Odor, Rougned",596059,2017,651
"Story, Trevor",596115,2017,555
"Sánchez, Gary",596142,2017,525
"Kepler, Max",596146,2017,568
"Franco, Maikel",596748,2017,623
"Bradley Jr., Jackie",598265,2017,541
"Motter, Taylor",600301,2017,280
"Barnes, Austin",605131,2017,262
"Bell, Josh",605137,2017,620
"Betts, Mookie",605141,2017,712
"Panik, Joe",605412,2017,573
"Smith, Mallex",605480,2017,282
"Spangenberg, Cory",605486,2017,486
"Tomlinson, Kelby",605509,2017,222
"Zimmer, Bradley",605548,2017,332
"Arcia, Orlando",606115,2017,548
"Peraza, José",606299,2017,518
"Marte, Ketel",606466,2017,255
"Nimmo, Brandon",607043,2017,215
"Peterson, Jace",607054,2017,215
"Turner, Trea",607208,2017,447
"Smith, Kevan",607345,2017,293
"Pillar, Kevin",607680,2017,632
"Rivera, T.J.",608061,2017,231
"Ramírez, José",608070,2017,645
"Bregman, Alex",608324,2017,626
"Gallo, Joey",608336,2017,532
"Russell, Addison",608365,2017,385
"Seager, Corey",608369,2017,613
"Williams, Nick",608384,2017,343
"Mazara, Nomar",608577,2017,616
"Robertson, Daniel",621002,2017,254
"Swanson, Dansby",621020,2017,551
"Taylor, Chris",621035,2017,568
"Correa, Carlos",621043,2017,481
"Buxton, Byron",621439,2017,511
"Olson, Matt",621566,2017,216
"Maxwell, Bruce",622194,2017,253
"Margot, Manuel",622534,2017,529
"Camargo, Johan",622666,2017,256
"Kivlehan, Patrick",623182,2017,204
"Conforto, Michael",624424,2017,440
"Frazier, Adam",624428,2017,454
"Puig, Yasiel",624577,2017,570
"Heredia, Guillermo",628338,2017,426
"Pinder, Chad",640461,2017,308
"Anderson, Tim",641313,2017,606
"Asuaje, Carlos",641319,2017,343
"Bellinger, Cody",641355,2017,548
"Engel, Adam",641553,2017,336
"Mancini, Trey",641820,2017,586
"Córdoba, Allen",642707,2017,227
"Benintendi, Andrew",643217,2017,658
"Albies, Ozzie",645277,2017,244
"Devers, Rafael",646240,2017,240
"Díaz, Aledmys",649557,2017,301
"Chapman, Matt",656305,2017,326
"Hoskins, Rhys",656555,2017,212
"Schwarber, Kyle",656941,2017,486
"DeJong, Paul",657557,2017,443
"Moncada, Yoán",660162,2017,231
"Happ, Ian",664023,2017,413
"Beltré, Adrian",134181,2018,481
"Martinez, Victor",400121,2018,508
"Pujols, Albert",405395,2018,498
"Mauer, Joe",408045,2018,543
"Reyes, José",408314,2018,251
"Mathis, Jeff",425772,2018,218
"Choo, Shin-Soo",425783,2018,665
"Molina, Yadier",425877,2018,503
"Canó, Robinson",429664,2018,348
"Encarnación, Edwin",429665,2018,578
"Bautista, José",430832,2018,399
"Jones, Adam",430945,2018,613
"Martin, Russell",431145,2018,352
"Granderson, Curtis",434158,2018,403
"Davis, Rajai",434658,2018,216
"Morales, Kendrys",434778,2018,471
"Kinsler, Ian",435079,2018,534
"McCann, Brian",435263,2018,216
"Walker, Neil",435522,2018,398
"Suzuki, Kurt",435559,2018,388
"Desmond, Ian",435622,2018,619
"Cruz, Nelson",443558,2018,591
"Trumbo, Mark",444432,2018,358
"Peralta, David",444482,2018,614
"Piña, Manny",444489,2018,337
"Escobar, Alcides",444876,2018,531
"Jay, Jon",445055,2018,586
"Prado, Martín",445988,2018,209
"Duda, Lucas",446263,2018,367
"Wieters, Matt",446308,2018,271
"Longoria, Evan",446334,2018,512
"Cozart, Zack",446359,2018,253
"Guyer, Brandon",446386,2018,221
"Reynolds, Mark",448602,2018,235
"Davis, Chris",448801,2018,522
"Zobrist, Ben",450314,2018,520
"Fowler, Dexter",451594,2018,334
"Flowers, Tyler",452095,2018,296
"Pence, Hunter",452254,2018,248
"Span, Denard",452655,2018,501
"Cabrera, Asdrúbal",452678,2018,592
"Blackmon, Charlie",453568,2018,696
"Blanco, Grégor",453923,2018,203
"Frazier, Todd",453943,2018,472
"Iannetta, Chris",455104,2018,360
"Maldonado, Martín",455117,2018,404
"Chirinos, Robinson",455139,2018,426
"Markakis, Nick",455976,2018,705
"Kratz, Erik",456124,2018,219
"Núñez, Eduardo",456488,2018,502
"Pearce, Steve",456665,2018,251
"Cain, Lorenzo",456715,2018,620
"McCutchen, Andrew",457705,2018,682
"Jackson, Austin",457706,2018,375
"Upton, Justin",457708,2018,613
"Maybin, Cameron",457727,2018,384
"Turner, Justin",457759,2018,426
"Posey, Buster",457763,2018,448
"Bruce, Jay",457803,2018,361
"Votto, Joey",458015,2018,623
"Gardner, Brett",458731,2018,609
"Joyce, Matt",459964,2018,246
"Hundley, Nick",460026,2018,305
"Braun, Ryan",460075,2018,444
"Gordon, Alex",460086,2018,568
"Gómez, Carlos",460576,2018,408
"Kemp, Matt",461314,2018,506
"Andrus, Elvis",462101,2018,428
"Cervelli, Francisco",465041,2018,404
"Cabrera, Melky",466320,2018,278
"Sandoval, Pablo",467055,2018,252
"Ramos, Wilson",467092,2018,416
"Santana, Carlos",467793,2018,679
"Parra, Gerardo",467827,2018,443
"González, Carlos",471865,2018,504
"Valbuena, Luis",472528,2018,288
"Mercer, Jordy",474568,2018,436
"Belt, Brandon",474832,2018,456
"Alonso, Yonder",475174,2018,574
"Smoak, Justin",475253,2018,594
"Zimmerman, Ryan",475582,2018,323
"Lowrie, Jed",476704,2018,680
"Avila, Alex",488671,2018,234
"Brantley, Michael",488726,2018,630
"Morrison, Logan",489149,2018,359
"Hernández, Gorkys",491676,2018,451
"Gurriel, Yuli",493329,2018,573
"Rodríguez, Ronny",500135,2018,206
"Solarte, Yangervis",500208,2018,506
"Rojas, Miguel",500743,2018,528
"Escobar, Eduardo",500871,2018,631
"Martínez, José A.",500874,2018,590
"Adrianza, Ehire",501303,2018,366
"Freese, David",501896,2018,312
"Davis, Khris",501981,2018,654
"Pham, Tommy",502054,2018,570
"Martinez, J.D.",502110,2018,649
"Valencia, Danny",502143,2018,282
"Reddick, Josh",502210,2018,485
"Dyson, Jarrod",502481,2018,237
"Murphy, Daniel",502517,2018,351
"Goldschmidt, Paul",502671,2018,690
"Gonzalez, Marwin",503556,2018,552
"León, Sandy",506702,2018,288
"Altuve, Jose",514888,2018,599
"Hernández, César",514917,2018,708
"Segura, Jean",516416,2018,632
"Castro, Starlin",516770,2018,647
"Marte, Starling",516782,2018,606
"Pirela, José",517369,2018,473
"Culberson, Charlie",518586,2018,322
"Descalso, Daniel",518614,2018,423
"Dietrich, Derek",518618,2018,551
"Donaldson, Josh",518626,2018,219
"Freeman, Freddie",518692,2018,707
"Grandal, Yasmani",518735,2018,518
"Heyward, Jason",518792,2018,488
"LeMahieu, DJ",518934,2018,581
"Lucroy, Jonathan",518960,2018,454
"Mesoraco, Devin",519023,2018,274
"Moreland, Mitch",519048,2018,459
"Moustakas, Mike",519058,2018,635
"Rizzo, Anthony",519203,2018,665
"Romine, Austin",519222,2018,265
"Souza Jr., Steven",519306,2018,272
"Stanton, Giancarlo",519317,2018,705
"Thames, Eric",519346,2018,278
"Galvis, Freddy",520471,2018,656
"Perez, Salvador",521692,2018,544
"Forsythe, Logan",523253,2018,416
"Flores, Wilmer",527038,2018,429
"Marte, Jefry",527043,2018,209
"García, Avisaíl",541645,2018,385
"Pérez, Hernán",541650,2018,334
"Inciarte, Ender",542255,2018,660
"Ozuna, Marcell",542303,2018,628
"Villar, Jonathan",542340,2018,515
"Aguilar, Jesús",542583,2018,566
"Beckham, Tim",542921,2018,402
"Crawford, Brandon",543063,2018,594
"Cron, C.J.",543068,2018,560
"Gomes, Yan",543228,2018,435
"Grossman, Robbie",543257,2018,465
"Harrison, Josh",543281,2018,374
"Hicks, Aaron",543305,2018,581
"Hicks, John",543308,2018,312
"Hosmer, Eric",543333,2018,677
"Joseph, Caleb",543376,2018,280
"Kipnis, Jason",543401,2018,601
"Mahtook, Mikie",543484,2018,250
"McCann, James",543510,2018,457
"Miller, Brad",543543,2018,254
"Rendon, Anthony",543685,2018,597
"Semien, Marcus",543760,2018,703
"Shaw, Travis",543768,2018,587
"Springer, George",543807,2018,617
"Strange-Gordon, Dee",543829,2018,588
"Vázquez, Christian",543877,2018,269
"Wong, Kolten",543939,2018,407
"Gregorius, Didi",544369,2018,569
"García, Leury",544725,2018,275
"Grichuk, Randal",545341,2018,462
"Marisnick, Jake",545350,2018,234
"Stassi, Max",545358,2018,250
"Trout, Mike",545361,2018,608
"Herrera, Odúbel",546318,2018,597
"Almora Jr., Albert",546991,2018,479
"Delmonico, Nicky",547170,2018,318
"Wolters, Tony",547172,2018,216
"Harper, Bryce",547180,2018,695
"Pérez, Roberto",547379,2018,210
"Martin, Leonys",547982,2018,353
"Abreu, José",547989,2018,553
"Díaz, Elias",553869,2018,277
"Narváez, Omar",553882,2018,322
"Machado, Dixon",553988,2018,233
"Suárez, Eugenio",553993,2018,606
"Polanco, Gregory",570256,2018,534
"Santana, Domingo",570267,2018,235
"Sánchez, Yolmer",570560,2018,662
"Schoop, Jonathan",570731,2018,501
"Villanueva, Christian",570799,2018,384
"Adams, Matt",571431,2018,337
"Altherr, Aaron",571437,2018,285
"Arenado, Nolan",571448,2018,673
"Barnhart, Tucker",571466,2018,522
"Bour, Justin",571506,2018,501
"Davidson, Matt",571602,2018,496
"Gennett, Scooter",571697,2018,638
"Hamilton, Billy",571740,2018,556
"Haniger, Mitch",571745,2018,683
"Hernández, Enrique",571771,2018,462
"Holt, Brock",571788,2018,367
"Lamb, Jake",571875,2018,238
"Maile, Luke",571912,2018,231
"Muncy, Max",571970,2018,481
"Murphy, John Ryan",571974,2018,223
"Myers, Wil",571976,2018,343
"Owings, Chris",572008,2018,309
"Piscotty, Stephen",572039,2018,605
"Pollock, AJ",572041,2018,460
"Rickard, Joey",572073,2018,230
"Seager, Kyle",572122,2018,630
"Taylor, Michael A.",572191,2018,385
"Zunino, Mike",572287,2018,405
"Carpenter, Matt",572761,2018,676
"Dickerson, Corey",572816,2018,533
"Dozier, Brian",572821,2018,632
"Contreras, Willson",575929,2018,544
"Gyorko, Jedd",576397,2018,402
"Iglesias, Jose",578428,2018,464
"Travis, Devon",581527,2018,378
"Hechavarría, Adeiny",588751,2018,321
"Austin, Tyler",592122,2018,268
"Bryant, Kris",592178,2018,457
"Canha, Mark",592192,2018,411
"Castellanos, Nick",592206,2018,678
"DeShields, Delino",592261,2018,393
"Gamel, Ben",592325,2018,293
"Goodrum, Niko",592348,2018,492
"Healy, Ryon",592387,2018,524
"Jones, JaCoby",592444,2018,467
"Judge, Aaron",592450,2018,498
"Machado, Manny",592518,2018,709
"Moran, Colin",592567,2018,465
"Pederson, Joc",592626,2018,443
"Realmuto, J.T.",592663,2018,529
"Renfroe, Hunter",592669,2018,441
"Rosario, Eddie",592696,2018,592
"Simmons, Andrelton",592743,2018,600
"Yelich, Christian",592885,2018,651
"Merrifield, Whit",593160,2018,707
"Bogaerts, Xander",593428,2018,580
"Bonifacio, Jorge",593528,2018,270
"Hanson, Alen",593700,2018,310
"Polanco, Jorge",593871,2018,333
"Sanó, Miguel",593934,2018,299
"Herrera, Rosell",594011,2018,302
"Difo, Wilmer",594694,2018,456
"Calhoun, Kole",594777,2018,551
"Duvall, Adam",594807,2018,427
"Eaton, Adam",594809,2018,370
"Garcia, Greg",594824,2018,208
"Gattis, Evan",594828,2018,451
"Palka, Daniel",594953,2018,449
"Schebler, Scott",594988,2018,430
"Kiermaier, Kevin",595281,2018,367
"Knapp, Andrew",595284,2018,215
"Riddle, JT",595375,2018,332
"Alfaro, Jorge",595751,2018,377
"Profar, Jurickson",595777,2018,594
"Báez, Javier",595879,2018,645
"Bird, Greg",595885,2018,311
"Cave, Jake",595909,2018,309
"Hedges, Austin",595978,2018,326
"Lindor, Francisco",596019,2018,745
"Odor, Rougned",596059,2018,535
"Slater, Austin",596103,2018,225
"Story, Trevor",596115,2018,656
"Swihart, Blake",596119,2018,207
"Sánchez, Gary",596142,2018,374
"Kepler, Max",596146,2018,611
"Franco, Maikel",596748,2018,465
"Choi, Ji Man",596847,2018,221
"Bradley Jr., Jackie",598265,2018,535
"Severino, Pedro",600474,2018,213
"Núñez, Renato",600524,2018,261
"Candelario, Jeimer",600869,2018,619
"Ahmed, Nick",605113,2018,564
"Anderson, Brian",605119,2018,670
"Barnes, Austin",605131,2018,238
"Bell, Josh",605137,2018,583
"Betts, Mookie",605141,2018,614
"Caratini, Victor",605170,2018,200
"Panik, Joe",605412,2018,392
"Smith, Mallex",605480,2018,544
"Spangenberg, Cory",605486,2018,329
"Arcia, Orlando",606115,2018,366
"Hernández, Teoscar",606192,2018,523
"Peraza, José",606299,2018,683
"Marte, Ketel",606466,2018,580
"Nimmo, Brandon",607043,2018,535
"Peterson, Jace",607054,2018,246
"Turner, Trea",607208,2018,740
"Pillar, Kevin",607680,2018,542
"Ramírez, José",608070,2018,698
"Bregman, Alex",608324,2018,705
"Gallo, Joey",608336,2018,577
"Russell, Addison",608365,2018,465
"Williams, Nick",608384,2018,448
"Winker, Jesse",608385,2018,334
"Mazara, Nomar",608577,2018,536
"Guzmán, Ronald",608597,2018,428
"Field, Johnny",608654,2018,233
"Jankowski, Travis",608671,2018,387
"Plawecki, Kevin",608700,2018,277
"Mondesi, Adalberto",609275,2018,291
"Andujar, Miguel",609280,2018,606
"Reyes, Franmil",614177,2018,285
"Robertson, Daniel",621002,2018,340
"Swanson, Dansby",621020,2018,533
"Taylor, Chris",621035,2018,604
"Correa, Carlos",621043,2018,468
"Dahl, David",621311,2018,271
"Brinson, Lewis",621446,2018,405
"Wendle, Joey",621563,2018,545
"Olson, Matt",621566,2018,660
"Duffy, Matt",622110,2018,560
"Muñoz, Yairo",622168,2018,329
"Margot, Manuel",622534,2018,519
"Camargo, Johan",622666,2018,524
"Reyes, Victor",622682,2018,219
"Bote, David",623520,2018,210
"Conforto, Michael",624424,2018,638
"Frazier, Adam",624428,2018,352
"Puig, Yasiel",624577,2018,444
"Soler, Jorge",624585,2018,257
"Heredia, Guillermo",628338,2018,337
"Ervin, Phillip",640447,2018,247
"Pinder, Chad",640461,2018,333
"Anderson, Tim",641313,2018,606
"Asuaje, Carlos",641319,2018,218
"Bauers, Jake",641343,2018,388
"Bellinger, Cody",641355,2018,632
"Dozier, Hunter",641531,2018,388
"Engel, Adam",641553,2018,463
"Fowler, Dustin",641583,2018,203
"Garver, Mitch",641598,2018,335
"Mancini, Trey",641820,2018,636
"McMahon, Ryan",641857,2018,202
"Rosario, Amed",642708,2018,592
"Adames, Willy",642715,2018,323
"Benintendi, Andrew",643217,2018,661
"Kemp, Tony",643393,2018,294
"Kiner-Falefa, Isiah",643396,2018,396
"McNeil, Jeff",643446,2018,248
"White, Tyler",643603,2018,237
"Albies, Ozzie",645277,2018,684
"Devers, Rafael",646240,2018,490
"Díaz, Aledmys",649557,2018,452
"Torres, Gleyber",650402,2018,484
"Allen, Greg",656185,2018,291
"Chapman, Matt",656305,2018,616
"Hoskins, Rhys",656555,2018,660
"Schwarber, Kyle",656941,2018,510
"DeJong, Paul",657557,2018,490
"Moncada, Yoán",660162,2018,650
"Ohtani, Shohei",660271,2018,366
"Acuña Jr., Ronald",660670,2018,487
"Happ, Ian",664023,2018,462
"Bader, Harrison",664056,2018,427
"Fletcher, David",664058,2018,307
"Kingery, Scott",664068,2018,484
"Soto, Juan",665742,2018,494
"Gurriel Jr., Lourdes",666971,2018,263
"Pujols, Albert",405395,2019,545
"Cabrera, Miguel",408234,2019,549
"Mathis, Jeff",425772,2019,244
"Choo, Shin-Soo",425783,2019,660
"Molina, Yadier",425877,2019,452
"Canó, Robinson",429664,2019,423
"Encarnación, Edwin",429665,2019,486
"Jones, Adam",430945,2019,528
"Martin, Russell",431145,2019,249
"Granderson, Curtis",434158,2019,363
"Morales, Kendrys",434778,2019,201
"Kendrick, Howie",435062,2019,370
"Kinsler, Ian",435079,2019,281
"McCann, Brian",435263,2019,316
"Walker, Neil",435522,2019,381
"Suzuki, Kurt",435559,2019,309
"Desmond, Ian",435622,2019,482
"Cruz, Nelson",443558,2019,521
"Peralta, David",444482,2019,423
"Prado, Martín",445988,2019,260
"Longoria, Evan",446334,2019,508
"Davis, Chris",448801,2019,352
"Fowler, Dexter",451594,2019,574
"Flowers, Tyler",452095,2019,310
"Pence, Hunter",452254,2019,316
"Cabrera, Asdrúbal",452678,2019,514
"Blackmon, Charlie",453568,2019,634
"Frazier, Todd",453943,2019,499
"Maldonado, Martín",455117,2019,374
"Chirinos, Robinson",455139,2019,437
"Markakis, Nick",455976,2019,469
"Castillo, Welington",456078,2019,251
"Cain, Lorenzo",456715,2019,623
"Solano, Donovan",456781,2019,228
"McCutchen, Andrew",457705,2019,262
"Upton, Justin",457708,2019,256
"Maybin, Cameron",457727,2019,269
"Turner, Justin",457759,2019,549
"Posey, Buster",457763,2019,445
"Bruce, Jay",457803,2019,333
"Votto, Joey",458015,2019,608
"Gardner, Brett",458731,2019,550
"Joyce, Matt",459964,2019,238
"Braun, Ryan",460075,2019,508
"Gordon, Alex",460086,2019,633
"Andrus, Elvis",462101,2019,648
"Cabrera, Melky",466320,2019,397
"Sandoval, Pablo",467055,2019,296
"Ramos, Wilson",467092,2019,524
"Santana, Carlos",467793,2019,686
"Parra, Gerardo",467827,2019,301
"Mercer, Jordy",474568,2019,271
"Belt, Brandon",474832,2019,616
"Alonso, Yonder",475174,2019,335
"Smoak, Justin",475253,2019,500
"Avila, Alex",488671,2019,201
"Brantley, Michael",488726,2019,637
"Castro, Jason",488771,2019,275
"Gurriel, Yuli",493329,2019,612
"Beckham, Gordon",493596,2019,240
"Rodríguez, Ronny",500135,2019,294
"Rojas, Miguel",500743,2019,526
"Escobar, Eduardo",500871,2019,699
"Martínez, José A.",500874,2019,373
"Adrianza, Ehire",501303,2019,236
"Lagares, Juan",501571,2019,285
"Davis, Khris",501981,2019,533
"Pham, Tommy",502054,2019,654
"Martinez, J.D.",502110,2019,657
"Reddick, Josh",502210,2019,550
"Freeman, Mike",502273,2019,213
"Dyson, Jarrod",502481,2019,452
"Murphy, Daniel",502517,2019,478
"Goldschmidt, Paul",502671,2019,682
"Gonzalez, Marwin",503556,2019,463
"Altuve, Jose",514888,2019,548
"Hernández, César",514917,2019,667
"Segura, Jean",516416,2019,618
"Castro, Starlin",516770,2019,676
"Marte, Starling",516782,2019,586
"d'Arnaud, Travis",518595,2019,391
"Dietrich, Derek",518618,2019,306
"Donaldson, Josh",518626,2019,659
"Freeman, Freddie",518692,2019,692
"Grandal, Yasmani",518735,2019,632
"Heyward, Jason",518792,2019,589
"LeMahieu, DJ",518934,2019,655
"Lucroy, Jonathan",518960,2019,328
"Moreland, Mitch",519048,2019,335
"Moustakas, Mike",519058,2019,584
"Rizzo, Anthony",519203,2019,613
"Romine, Austin",519222,2019,240
"Sogard, Eric",519299,2019,442
"Thames, Eric",519346,2019,459
"Vogt, Stephen",519390,2019,280
"Galvis, Freddy",520471,2019,589
"Forsythe, Logan",523253,2019,367
"Flores, Wilmer",527038,2019,285
"García, Avisaíl",541645,2019,530
"Pérez, Hernán",541650,2019,246
"Inciarte, Ender",542255,2019,230
"Ozuna, Marcell",542303,2019,549
"Villar, Jonathan",542340,2019,714
"Santana, Danny",542454,2019,511
"Aguilar, Jesús",542583,2019,369
"Beckham, Tim",542921,2019,328
"Berti, Jon",542932,2019,287
"Broxton, Keon",542979,2019,228
"Crawford, Brandon",543063,2019,560
"Cron, C.J.",543068,2019,499
"Gomes, Yan",543228,2019,358
"Grossman, Robbie",543257,2019,482
"Hicks, Aaron",543305,2019,255
"Hicks, John",543308,2019,333
"Hosmer, Eric",543333,2019,667
"Kipnis, Jason",543401,2019,511
"McCann, James",543510,2019,476
"Nola, Austin",543592,2019,267
"Rendon, Anthony",543685,2019,646
"Semien, Marcus",543760,2019,747
"Shaw, Travis",543768,2019,270
"Springer, George",543807,2019,556
"Strange-Gordon, Dee",543829,2019,421
"Vázquez, Christian",543877,2019,521
"Wong, Kolten",543939,2019,549
"Gregorius, Didi",544369,2019,344
"García, Leury",544725,2019,618
"Vargas, Ildemaro",545121,2019,211
"Grichuk, Randal",545341,2019,628
"Marisnick, Jake",545350,2019,318
"Trout, Mike",545361,2019,600
"Almora Jr., Albert",546991,2019,363
"Ruiz, Rio",547004,2019,413
"Wolters, Tony",547172,2019,411
"Harper, Bryce",547180,2019,682
"Pérez, Roberto",547379,2019,449
"Martin, Leonys",547982,2019,264
"Abreu, José",547989,2019,693
"Díaz, Elias",553869,2019,332
"Narváez, Omar",553882,2019,482
"Astudillo, Willians",553902,2019,204
"Suárez, Eugenio",553993,2019,662
"Santana, Domingo",570267,2019,507
"Urshela, Gio",570482,2019,476
"Sánchez, Yolmer",570560,2019,555
"Schoop, Jonathan",570731,2019,464
"Adams, Matt",571431,2019,333
"Arenado, Nolan",571448,2019,662
"Barnhart, Tucker",571466,2019,364
"Goodwin, Brian",571718,2019,458
"Hamilton, Billy",571740,2019,353
"Haniger, Mitch",571745,2019,283
"Hernández, Enrique",571771,2019,460
"Holt, Brock",571788,2019,295
"Lamb, Jake",571875,2019,226
"Muncy, Max",571970,2019,589
"Myers, Wil",571976,2019,490
"Naquin, Tyler",571980,2019,294
"Phegley, Josh",572033,2019,342
"Piscotty, Stephen",572039,2019,393
"Pollock, AJ",572041,2019,342
"Seager, Kyle",572122,2019,443
"Voit, Luke",572228,2019,510
"Walker, Christian",572233,2019,603
"Zunino, Mike",572287,2019,289
"Carpenter, Matt",572761,2019,492
"Dickerson, Corey",572816,2019,279
"Dozier, Brian",572821,2019,482
"Yastrzemski, Mike",573262,2019,411
"Contreras, Willson",575929,2019,409
"Iglesias, Jose",578428,2019,530
"Hechavarría, Adeiny",588751,2019,221
"Osuna, José",591741,2019,285
"Bryant, Kris",592178,2019,634
"Canha, Mark",592192,2019,497
"Casali, Curt",592200,2019,236
"Castellanos, Nick",592206,2019,664
"DeShields, Delino",592261,2019,408
"Drury, Brandon",592273,2019,447
"Gamel, Ben",592325,2019,356
"Goodrum, Niko",592348,2019,472
"Jones, JaCoby",592444,2019,333
"Judge, Aaron",592450,2019,447
"Machado, Manny",592518,2019,661
"Moran, Colin",592567,2019,503
"Pederson, Joc",592626,2019,514
"Realmuto, J.T.",592663,2019,593
"Renfroe, Hunter",592669,2019,494
"Rosario, Eddie",592696,2019,590
"Simmons, Andrelton",592743,2019,424
"Wilkerson, Stevie",592859,2019,361
"Yelich, Christian",592885,2019,580
"Merrifield, Whit",593160,2019,735
"Bogaerts, Xander",593428,2019,698
"Alberto, Hanser",593643,2019,550
"Polanco, Jorge",593871,2019,704
"Sanó, Miguel",593934,2019,439
"Calhoun, Kole",594777,2019,632
"Eaton, Adam",594809,2019,656
"Garcia, Greg",594824,2019,372
"Kiermaier, Kevin",595281,2019,480
"Alfaro, Jorge",595751,2019,465
"Profar, Jurickson",595777,2019,518
"Báez, Javier",595879,2019,561
"Cave, Jake",595909,2019,228
"Hedges, Austin",595978,2019,347
"Lindor, Francisco",596019,2019,654
"Odor, Rougned",596059,2019,581
"Smith Jr., Dwight",596105,2019,392
"Story, Trevor",596115,2019,656
"Vogelbach, Daniel",596129,2019,558
"Sánchez, Gary",596142,2019,446
"Cuthbert, Cheslor",596144,2019,330
"Kepler, Max",596146,2019,596
"Franco, Maikel",596748,2019,428
"Choi, Ji Man",596847,2019,487
"Bradley Jr., Jackie",598265,2019,567
"La Stella, Tommy",600303,2019,321
"Severino, Pedro",600474,2019,341
"Núñez, Renato",600524,2019,599
"Candelario, Jeimer",600869,2019,386
"Ahmed, Nick",605113,2019,625
"Anderson, Brian",605119,2019,520
"Barnes, Austin",605131,2019,242
"Bell, Josh",605137,2019,613
"Betts, Mookie",605141,2019,706
"Caratini, Victor",605170,2019,279
"Davis, J.D.",605204,2019,453
"Panik, Joe",605412,2019,491
"Smith, Mallex",605480,2019,566
"Castro, Harold",605612,2019,369
"Arcia, Orlando",606115,2019,546
"Tapia, Raimel",606132,2019,447
"Aquino, Aristides",606157,2019,225
"Hernández, Teoscar",606192,2019,464
"Peraza, José",606299,2019,403
"Marte, Ketel",606466,2019,628
"Greiner, Grayson",606988,2019,224
"Nimmo, Brandon",607043,2019,254
"Turner, Trea",607208,2019,569
"Smith, Kevan",607345,2019,211
"Beaty, Matt",607461,2019,268
"Pillar, Kevin",607680,2019,645
"Stallings, Jacob",607732,2019,210
"Ramírez, José",608070,2019,542
"Bregman, Alex",608324,2019,690
"Gallo, Joey",608336,2019,297
"Kelly, Carson",608348,2019,365
"Russell, Addison",608365,2019,241
"Seager, Corey",608369,2019,541
"Winker, Jesse",608385,2019,384
"Lugo, Dawel",608475,2019,288
"Mazara, Nomar",608577,2019,469
"Murphy, Tom",608596,2019,281
"Guzmán, Ronald",608597,2019,295
"Mondesi, Adalberto",609275,2019,443
"Reyes, Franmil",614177,2019,548
"Robertson, Daniel",621002,2019,237
"Martin, Richie",621006,2019,309
"Swanson, Dansby",621020,2019,545
"Newman, Kevin",621028,2019,531
"Taylor, Chris",621035,2019,414
"Correa, Carlos",621043,2019,321
"Dahl, David",621311,2019,413
"Buxton, Byron",621439,2019,295
"Brinson, Lewis",621446,2019,248
"Duggar, Steven",621453,2019,281
"Stewart, Christin",621514,2019,416
"Wendle, Joey",621563,2019,263
"Olson, Matt",621566,2019,547
"Margot, Manuel",622534,2019,441
"Camargo, Johan",622666,2019,248
"Reyes, Victor",622682,2019,292
"Bote, David",623520,2019,356
"Ramírez, Harold",623912,2019,446
"Santander, Anthony",623993,2019,405
"Alonso, Pete",624413,2019,693
"Biggio, Cavan",624415,2019,430
"Conforto, Michael",624424,2019,648
"Frazier, Adam",624428,2019,608
"Puig, Yasiel",624577,2019,611
"Soler, Jorge",624585,2019,679
"Heredia, Guillermo",628338,2019,231
"Ervin, Phillip",640447,2019,260
"Frazier, Clint",640449,2019,246
"Meadows, Austin",640457,2019,591
"Mercado, Óscar",640458,2019,482
"Pinder, Chad",640461,2019,370
"Anderson, Tim",641313,2019,518
"Bauers, Jake",641343,2019,423
"Bellinger, Cody",641355,2019,661
"Calhoun, Willie",641432,2019,337
"Cordell, Ryan",641477,2019,247
"Crawford, J.P.",641487,2019,396
"Dixon, Brandon",641525,2019,420
"Dozier, Hunter",641531,2019,586
"Engel, Adam",641553,2019,248
"Garver, Mitch",641598,2019,359
"Hampson, Garrett",641658,2019,327
"Locastro, Tim",641796,2019,250
"Mancini, Trey",641820,2019,679
"McKinney, Billy",641856,2019,276
"McMahon, Ryan",641857,2019,539
"Tellez, Rowdy",642133,2019,409
"VanMeter, Josh",642165,2019,260
"Mejía, Francisco",642336,2019,244
"Rosario, Amed",642708,2019,655
"Adames, Willy",642715,2019,584
"Benintendi, Andrew",643217,2019,615
"Cooper, Garrett",643265,2019,421
"Jansen, Danny",643376,2019,384
"Kemp, Tony",643393,2019,279
"Kiner-Falefa, Isiah",643396,2019,222
"McNeil, Jeff",643446,2019,567
"Tauchman, Mike",643565,2019,296
"White, Tyler",643603,2019,279
"Albies, Ozzie",645277,2019,702
"Robles, Victor",645302,2019,617
"Devers, Rafael",646240,2019,702
"Naylor, Josh",647304,2019,279
"Díaz, Aledmys",649557,2019,247
"Urías, Luis",649966,2019,249
"Arraez, Luis",650333,2019,366
"Jiménez, Eloy",650391,2019,504
"Torres, Gleyber",650402,2019,604
"Díaz, Yandy",650490,2019,347
"Rengifo, Luis",650859,2019,406
"Allen, Greg",656185,2019,256
"Chapman, Matt",656305,2019,670
"Chavis, Michael",656308,2019,382
"Díaz, Isan",656371,2019,201
"Haseley, Adam",656514,2019,242
"Hoskins, Rhys",656555,2019,705
"Luplow, Jordan",656669,2019,261
"O'Hearn, Ryan",656811,2019,370
"Schwarber, Kyle",656941,2019,610
"Verdugo, Alex",657077,2019,377
"DeJong, Paul",657557,2019,664
"Laureano, Ramón",657656,2019,481
"Moncada, Yoán",660162,2019,559
"Ohtani, Shohei",660271,2019,425
"Acuña Jr., Ronald",660670,2019,715
"Riley, Austin",663586,2019,297
"France, Ty",664034,2019,201
"Lowe, Brandon",664040,2019,327
"Bader, Harrison",664056,2019,406
"Fletcher, David",664058,2019,653
"Kingery, Scott",664068,2019,500
"Moore, Dylan",664238,2019,282
"Tatis Jr., Fernando",665487,2019,372
"Guerrero Jr., Vladimir",665489,2019,514
"Soto, Juan",665742,2019,659
"Bichette, Bo",666182,2019,212
"Gurriel Jr., Lourdes",666971,2019,343
"Reynolds, Bryan",668804,2019,546
"Senzel, Nick",669222,2019,414
"Edman, Tommy",669242,2019,349
"Hiura, Keston",669374,2019,348
"Lopez, Nicky",670032,2019,402
"Alvarez, Yordan",670541,2019,369
"Cabrera, Miguel",408234,2020,231
"Cruz, Nelson",443558,2020,214
"Peralta, David",444482,2020,218
"Longoria, Evan",446334,2020,209
"Cabrera, Asdrúbal",452678,2020,213
"Blackmon, Charlie",453568,2020,247
"Solano, Donovan",456781,2020,203
"McCutchen, Andrew",457705,2020,241
"Votto, Joey",458015,2020,223
"Santana, Carlos",467793,2020,255
"Gurriel, Yuli",493329,2020,230
"Escobar, Eduardo",500871,2020,222
"Martinez, J.D.",502110,2020,237
"Reddick, Josh",502210,2020,210
"Goldschmidt, Paul",502671,2020,231
"Altuve, Jose",514888,2020,210
"Hernández, César",514917,2020,261
"Segura, Jean",516416,2020,217
"Marte, Starling",516782,2020,250
"Freeman, Freddie",518692,2020,262
"LeMahieu, DJ",518934,2020,216
"Rizzo, Anthony",519203,2020,243
"Flores, Wilmer",527038,2020,213
"García, Avisaíl",541645,2020,207
"Ozuna, Marcell",542303,2020,267
"Villar, Jonathan",542340,2020,207
"Aguilar, Jesús",542583,2020,216
"Hicks, Aaron",543305,2020,211
"Rendon, Anthony",543685,2020,232
"Semien, Marcus",543760,2020,236
"Springer, George",543807,2020,222
"Wong, Kolten",543939,2020,208
"Gregorius, Didi",544369,2020,237
"Grichuk, Randal",545341,2020,231
"Trout, Mike",545361,2020,241
"Ruiz, Rio",547004,2020,204
"Harper, Bryce",547180,2020,244
"Abreu, José",547989,2020,262
"Suárez, Eugenio",553993,2020,231
"Arenado, Nolan",571448,2020,201
"Muncy, Max",571970,2020,248
"Myers, Wil",571976,2020,218
"Pollock, AJ",572041,2020,210
"Seager, Kyle",572122,2020,248
"Voit, Luke",572228,2020,234
"Walker, Christian",572233,2020,243
"Dickerson, Corey",572816,2020,210
"Yastrzemski, Mike",573262,2020,225
"Contreras, Willson",575929,2020,225
"Canha, Mark",592192,2020,243
"Castellanos, Nick",592206,2020,242
"Machado, Manny",592518,2020,254
"Moran, Colin",592567,2020,200
"Rosario, Eddie",592696,2020,231
"Yelich, Christian",592885,2020,247
"Merrifield, Whit",593160,2020,265
"Bogaerts, Xander",593428,2020,225
"Alberto, Hanser",593643,2020,231
"Polanco, Jorge",593871,2020,226
"Sanó, Miguel",593934,2020,205
"Calhoun, Kole",594777,2020,228
"Duvall, Adam",594807,2020,209
"Profar, Jurickson",595777,2020,202
"Báez, Javier",595879,2020,235
"Lindor, Francisco",596019,2020,266
"Story, Trevor",596115,2020,259
"Franco, Maikel",596748,2020,243
"Bradley Jr., Jackie",598265,2020,217
"La Stella, Tommy",600303,2020,228
"Núñez, Renato",600524,2020,216
"Candelario, Jeimer",600869,2020,206
"Ahmed, Nick",605113,2020,217
"Anderson, Brian",605119,2020,229
"Bell, Josh",605137,2020,223
"Betts, Mookie",605141,2020,246
"Davis, J.D.",605204,2020,229
"Tapia, Raimel",606132,2020,206
"Hernández, Teoscar",606192,2020,207
"Nimmo, Brandon",607043,2020,225
"Turner, Trea",607208,2020,259
"Pillar, Kevin",607680,2020,223
"Ramírez, José",608070,2020,254
"Gallo, Joey",608336,2020,226
"Seager, Corey",608369,2020,232
"Mondesi, Adalberto",609275,2020,233
"Reyes, Franmil",614177,2020,241
"Swanson, Dansby",621020,2020,264
"Taylor, Chris",621035,2020,214
"Correa, Carlos",621043,2020,221
"Olson, Matt",621566,2020,245
"Reyes, Victor",622682,2020,213
"Alonso, Pete",624413,2020,239
"Biggio, Cavan",624415,2020,265
"Conforto, Michael",624424,2020,233
"Frazier, Adam",624428,2020,230
"Anderson, Tim",641313,2020,221
"Bellinger, Cody",641355,2020,243
"Crawford, J.P.",641487,2020,232
"Lewis, Kyle",641786,2020,242
"Adames, Willy",642715,2020,205
"Kiner-Falefa, Isiah",643396,2020,228
"McNeil, Jeff",643446,2020,209
"Devers, Rafael",646240,2020,248
"Jiménez, Eloy",650391,2020,226
"Schwarber, Kyle",656941,2020,224
"Verdugo, Alex",657077,2020,221
"White, Evan",657108,2020,202
"Laureano, Ramón",657656,2020,222
"Moncada, Yoán",660162,2020,231
"Acuña Jr., Ronald",660670,2020,202
"Riley, Austin",663586,2020,206
"Tucker, Kyle",663656,2020,228
"Grisham, Trent",663757,2020,252
"Happ, Ian",664023,2020,231
"Lowe, Brandon",664040,2020,224
"Fletcher, David",664058,2020,230
"Tatis Jr., Fernando",665487,2020,257
"Guerrero Jr., Vladimir",665489,2020,243
"Gurriel Jr., Lourdes",666971,2020,224
"Reynolds, Bryan",668804,2020,208
"Edman, Tommy",669242,2020,227
"Solak, Nick",669256,2020,233
"Hiura, Keston",669374,2020,246
"Robert Jr., Luis",673357,2020,227
"Pujols, Albert",405395,2021,296
"Cabrera, Miguel",408234,2021,526
"Molina, Yadier",425877,2021,473
"Suzuki, Kurt",435559,2021,247
"Cruz, Nelson",443558,2021,584
"Peralta, David",444482,2021,538
"Piña, Manny",444489,2021,208
"Escobar, Alcides",444876,2021,349
"Longoria, Evan",446334,2021,291
"Cabrera, Asdrúbal",452678,2021,352
"Blackmon, Charlie",453568,2021,582
"Maldonado, Martín",455117,2021,426
"Cain, Lorenzo",456715,2021,286
"Solano, Donovan",456781,2021,344
"McCutchen, Andrew",457705,2021,574
"Upton, Justin",457708,2021,362
"Turner, Justin",457759,2021,612
"Posey, Buster",457763,2021,454
"Votto, Joey",458015,2021,533
"Gardner, Brett",458731,2021,461
"Andrus, Elvis",462101,2021,541
"Santana, Carlos",467793,2021,659
"Belt, Brandon",474832,2021,381
"Zimmerman, Ryan",475582,2021,273
"Lowrie, Jed",476704,2021,512
"Brantley, Michael",488726,2021,508
"Gurriel, Yuli",493329,2021,605
"Rojas, Miguel",500743,2021,539
"Escobar, Eduardo",500871,2021,599
"Adrianza, Ehire",501303,2021,209
"Lagares, Juan",501571,2021,327
"Pham, Tommy",502054,2021,561
"Martinez, J.D.",502110,2021,634
"Goldschmidt, Paul",502671,2021,679
"Gonzalez, Marwin",503556,2021,307
"León, Sandy",506702,2021,220
"Altuve, Jose",514888,2021,678
"Hernández, César",514917,2021,637
"Segura, Jean",516416,2021,567
"Castro, Starlin",516770,2021,346
"Marte, Starling",516782,2021,526
"Culberson, Charlie",518586,2021,271
"d'Arnaud, Travis",518595,2021,229
"Donaldson, Josh",518626,2021,543
"Freeman, Freddie",518692,2021,695
"Grandal, Yasmani",518735,2021,375
"Heyward, Jason",518792,2021,353
"LeMahieu, DJ",518934,2021,679
"Moreland, Mitch",519048,2021,252
"Moustakas, Mike",519058,2021,206
"Rizzo, Anthony",519203,2021,576
"Stanton, Giancarlo",519317,2021,579
"Vogt, Stephen",519390,2021,238
"Galvis, Freddy",520471,2021,394
"Perez, Salvador",521692,2021,665
"Flores, Wilmer",527038,2021,436
"García, Avisaíl",541645,2021,515
"Ozuna, Marcell",542303,2021,208
"Villar, Jonathan",542340,2021,505
"Ortega, Rafael",542364,2021,330
"Aguilar, Jesús",542583,2021,510
"Berti, Jon",542932,2021,271
"Crawford, Brandon",543063,2021,549
"Cron, C.J.",543068,2021,547
"Dickerson, Alex",543105,2021,312
"Gomes, Yan",543228,2021,375
"Grossman, Robbie",543257,2021,671
"Harrison, Josh",543281,2021,558
"Higashioka, Kyle",543309,2021,211
"Hosmer, Eric",543333,2021,565
"McCann, James",543510,2021,412
"Miller, Brad",543543,2021,377
"Rendon, Anthony",543685,2021,249
"Semien, Marcus",543760,2021,724
"Shaw, Travis",543768,2021,250
"Springer, George",543807,2021,342
"Vázquez, Christian",543877,2021,498
"Wong, Kolten",543939,2021,492
"Gregorius, Didi",544369,2021,408
"García, Leury",544725,2021,474
"Grichuk, Randal",545341,2021,545
"Stassi, Max",545358,2021,319
"Herrera, Odúbel",546318,2021,492
"Harper, Bryce",547180,2021,599
"Abreu, José",547989,2021,659
"Díaz, Elias",553869,2021,371
"Narváez, Omar",553882,2021,445
"Astudillo, Willians",553902,2021,216
"Suárez, Eugenio",553993,2021,574
"Polanco, Gregory",570256,2021,382
"González, Erik",570481,2021,229
"Urshela, Gio",570482,2021,442
"Schoop, Jonathan",570731,2021,674
"Arenado, Nolan",571448,2021,653
"Barnhart, Tucker",571466,2021,388
"Farmer, Kyle",571657,2021,529
"Goodwin, Brian",571718,2021,271
"Haniger, Mitch",571745,2021,691
"Hernández, Enrique",571771,2021,585
"Holt, Brock",571788,2021,260
"Muncy, Max",571970,2021,592
"Myers, Wil",571976,2021,500
"Naquin, Tyler",571980,2021,454
"Pollock, AJ",572041,2021,422
"Seager, Kyle",572122,2021,670
"Taylor, Michael A.",572191,2021,528
"Voit, Luke",572228,2021,241
"Walker, Christian",572233,2021,445
"Zunino, Mike",572287,2021,375
"Carpenter, Matt",572761,2021,249
"Dickerson, Corey",572816,2021,365
"Ruf, Darin",573131,2021,312
"Yastrzemski, Mike",573262,2021,532
"Contreras, Willson",575929,2021,483
"Iglesias, Jose",578428,2021,511
"Torreyes, Ronald",591720,2021,344
"Bryant, Kris",592178,2021,586
"Canha, Mark",592192,2021,625
"Casali, Curt",592200,2021,231
"Castellanos, Nick",592206,2021,585
"Gamel, Ben",592325,2021,400
"Goodrum, Niko",592348,2021,325
"Judge, Aaron",592450,2021,633
"Machado, Manny",592518,2021,640
"Moran, Colin",592567,2021,359
"Pederson, Joc",592626,2021,481
"Realmuto, J.T.",592663,2021,537
"Renfroe, Hunter",592669,2021,572
"Rosario, Eddie",592696,2021,412
"Simmons, Andrelton",592743,2021,451
"Yelich, Christian",592885,2021,475
"Merrifield, Whit",593160,2021,720
"Bogaerts, Xander",593428,2021,603
"Alberto, Hanser",593643,2021,255
"Polanco, Jorge",593871,2021,644
"Sanó, Miguel",593934,2021,532
"Difo, Wilmer",594694,2021,240
"Duvall, Adam",594807,2021,555
"Eaton, Adam",594809,2021,288
"Gosselin, Phil",594838,2021,373
"Kiermaier, Kevin",595281,2021,390
"Alfaro, Jorge",595751,2021,311
"Profar, Jurickson",595777,2021,412
"Báez, Javier",595879,2021,547
"Evans, Phillip",595943,2021,247
"Hedges, Austin",595978,2021,312
"Lindor, Francisco",596019,2021,524
"Odor, Rougned",596059,2021,361
"Slater, Austin",596103,2021,306
"Story, Trevor",596115,2021,595
"Vogelbach, Daniel",596129,2021,258
"Sánchez, Gary",596142,2021,440
"Kepler, Max",596146,2021,490
"Franco, Maikel",596748,2021,403
"Choi, Ji Man",596847,2021,305
"Bradley Jr., Jackie",598265,2021,428
"La Stella, Tommy",600303,2021,242
"Severino, Pedro",600474,2021,419
"Candelario, Jeimer",600869,2021,626
"Daza, Yonathan",602074,2021,331
"Urías, Ramón",602104,2021,296
"Ahmed, Nick",605113,2021,473
"Anderson, Brian",605119,2021,264
"Barnes, Austin",605131,2021,225
"Bell, Josh",605137,2021,568
"Betts, Mookie",605141,2021,550
"Caratini, Victor",605170,2021,356
"Davis, J.D.",605204,2021,211
"Panik, Joe",605412,2021,257
"Pérez, Michael",605421,2021,231
"Zimmer, Bradley",605548,2021,348
"Castro, Harold",605612,2021,339
"Tapia, Raimel",606132,2021,533
"Aquino, Aristides",606157,2021,204
"Hernández, Teoscar",606192,2021,595
"Mercedes, Yermín",606213,2021,262
"Marte, Ketel",606466,2021,374
"Haase, Eric",606992,2021,381
"Nimmo, Brandon",607043,2021,386
"Peterson, Jace",607054,2021,302
"Turner, Trea",607208,2021,646
"Beaty, Matt",607461,2021,234
"Pillar, Kevin",607680,2021,347
"Stallings, Jacob",607732,2021,427
"Ramírez, José",608070,2021,636
"Bregman, Alex",608324,2021,400
"Gallo, Joey",608336,2021,616
"Kelly, Carson",608348,2021,359
"Seager, Corey",608369,2021,409
"Winker, Jesse",608385,2021,485
"Murphy, Tom",608596,2021,325
"Mayfield, Jack",608686,2021,290
"Reyes, Franmil",614177,2021,466
"Torrens, Luis",620443,2021,378
"Swanson, Dansby",621020,2021,653
"Newman, Kevin",621028,2021,554
"Taylor, Chris",621035,2021,582
"Correa, Carlos",621043,2021,640
"Dahl, David",621311,2021,220
"Phillips, Brett",621433,2021,292
"Taylor, Tyrone",621438,2021,271
"Buxton, Byron",621439,2021,254
"Brinson, Lewis",621446,2021,290
"Duggar, Steven",621453,2021,297
"Stewart, DJ",621466,2021,318
"Ward, Taylor",621493,2021,237
"Wisdom, Patrick",621550,2021,375
"Wendle, Joey",621563,2021,501
"Olson, Matt",621566,2021,673
"Duffy, Matt",622110,2021,322
"Margot, Manuel",622534,2021,464
"Reyes, Victor",622682,2021,220
"Mateo, Jorge",622761,2021,209
"Bote, David",623520,2021,327
"Ramírez, Harold",623912,2021,361
"Santander, Anthony",623993,2021,438
"Alonso, Pete",624413,2021,637
"Biggio, Cavan",624415,2021,294
"Conforto, Michael",624424,2021,479
"Frazier, Adam",624428,2021,639
"Trevino, Jose",624431,2021,302
"Gordon, Nick",624503,2021,216
"McGuire, Reese",624512,2021,217
"Nuñez, Dom",624513,2021,263
"Soler, Jorge",624585,2021,602
"Sosa, Edmundo",624641,2021,326
"Heredia, Guillermo",628338,2021,347
"Hernandez, Yadiel",628450,2021,289
"Ibáñez, Andy",628451,2021,272
"Cronenworth, Jake",630105,2021,643
"Frazier, Clint",640449,2021,218
"Meadows, Austin",640457,2021,591
"Mercado, Óscar",640458,2021,238
"Pinder, Chad",640461,2021,233
"Anderson, Tim",641313,2021,551
"Bauers, Jake",641343,2021,315
"Bellinger, Cody",641355,2021,350
"Calhoun, Willie",641432,2021,284
"Collins, Zack",641470,2021,231
"Crawford, J.P.",641487,2021,687
"Dozier, Hunter",641531,2021,543
"Fraley, Jake",641584,2021,265
"Garver, Mitch",641598,2021,243
"Hampson, Garrett",641658,2021,494
"Heim, Jonah",641680,2021,285
"Mancini, Trey",641820,2021,616
"McKinney, Billy",641856,2021,300
"McMahon, Ryan",641857,2021,596
"O'Neill, Tyler",641933,2021,537
"Smith, Dominic",642086,2021,493
"Tellez, Rowdy",642133,2021,325
"Valaika, Pat",642162,2021,281
"VanMeter, Josh",642165,2021,310
"White, Eli",642201,2021,220
"Mejía, Francisco",642336,2021,277
"Sierra, Magneuris",642423,2021,225
"Rosario, Amed",642708,2021,588
"Adames, Willy",642715,2021,555
"Gutiérrez, Kelvin",642721,2021,295
"Alcántara, Sergio",642727,2021,255
"Benintendi, Andrew",643217,2021,538
"Cooper, Garrett",643265,2021,250
"Jansen, Danny",643376,2021,205
"Kemp, Tony",643393,2021,397
"Kiner-Falefa, Isiah",643396,2021,677
"McNeil, Jeff",643446,2021,426
"Schwindel, Frank",643524,2021,259
"Chang, Yu",644374,2021,251
"Albies, Ozzie",645277,2021,686
"Robles, Victor",645302,2021,369
"Devers, Rafael",646240,2021,664
"Naylor, Josh",647304,2021,250
"Toro, Abraham",647351,2021,375
"Díaz, Aledmys",649557,2021,319
"Urías, Luis",649966,2021,570
"Arraez, Luis",650333,2021,479
"Jiménez, Eloy",650391,2021,231
"Torres, Gleyber",650402,2021,516
"Castro, Willi",650489,2021,450
"Díaz, Yandy",650490,2021,541
"De La Cruz, Bryan",650559,2021,219
"Bradley, Bobby",656252,2021,279
"Chapman, Matt",656305,2021,622
"Díaz, Isan",656371,2021,278
"Hilliard, Sam",656541,2021,238
"Hoskins, Rhys",656555,2021,443
"Joe, Connor",656582,2021,211
"Mullins, Cedric",656775,2021,675
"O'Hearn, Ryan",656811,2021,254
"Peters, DJ",656847,2021,240
"Schwarber, Kyle",656941,2021,471
"Smith, Pavin",656976,2021,545
"Thomas, Lane",657041,2021,264
"Verdugo, Alex",657077,2021,604
"DeJong, Paul",657557,2021,402
"Laureano, Ramón",657656,2021,378
"Fuentes, Joshua",658069,2021,284
"Moncada, Yoán",660162,2021,616
"Ohtani, Shohei",660271,2021,639
"Tsutsugo, Yoshi",660294,2021,262
"Acuña Jr., Ronald",660670,2021,360
"Sánchez, Jesús",660821,2021,251
"Varsho, Daulton",662139,2021,315
"Riley, Austin",663586,2021,662
"Madrigal, Nick",663611,2021,215
"Larnach, Trevor",663616,2021,301
"Mountcastle, Ryan",663624,2021,586
"Hayes, Ke'Bryan",663647,2021,396
"Tucker, Kyle",663656,2021,567
"India, Jonathan",663697,2021,631
"Grisham, Trent",663757,2021,527
"Stephenson, Tyler",663886,2021,402
"Rodgers, Brendan",663898,2021,415
"Lowe, Nathaniel",663993,2021,642
"Happ, Ian",664023,2021,535
"France, Ty",664034,2021,650
"Lowe, Brandon",664040,2021,615
"Bader, Harrison",664056,2021,401
"Stevenson, Andrew",664057,2021,213
"Fletcher, David",664058,2021,665
"Moore, Dylan",664238,2021,377
"Straw, Myles",664702,2021,638
"Bohm, Alec",664761,2021,417
"Wade Jr., LaMonte",664774,2021,381
"Brown, Seth",664913,2021,307
"Walsh, Jared",665120,2021,585
"Tatis Jr., Fernando",665487,2021,546
"Guerrero Jr., Vladimir",665489,2021,698
"Soto, Juan",665742,2021,654
"Chisholm Jr., Jazz",665862,2021,507
"Giménez, Andrés",665926,2021,210
"Kirilloff, Alex",666135,2021,231
"Lux, Gavin",666158,2021,381
"Bichette, Bo",666182,2021,690
"Carlson, Dylan",666185,2021,619
"Kieboom, Carter",666198,2021,249
"Dalbec, Bobby",666915,2021,453
"García, Adolis",666969,2021,622
"Gurriel Jr., Lourdes",666971,2021,541
"Rooker, Brent",667670,2021,213
"Arozarena, Randy",668227,2021,604
"Baddoo, Akil",668731,2021,461
"Reynolds, Bryan",668804,2021,646
"Rojas, Josh",668942,2021,550
"Marsh, Brandon",669016,2021,260
"Murphy, Sean",669221,2021,448
"Edman, Tommy",669242,2021,691
"Solak, Nick",669256,2021,511
"Smith, Will",669257,2021,501
"Espinal, Santiago",669289,2021,246
"Hays, Austin",669720,2021,529
"Lopez, Nicky",670032,2021,565
"Alvarez, Yordan",670541,2021,598
"García Jr., Luis",671277,2021,247
"Kelenic, Jarred",672284,2021,377
"Robert Jr., Luis",673357,2021,296
"Kim, Ha-Seong",673490,2021,298
"McCormick, Chas",676801,2021,320
"Franco, Wander",677551,2021,308
"Jeffers, Ryan",680777,2021,293
"Miller, Owen",680911,2021,202
"Vaughn, Andrew",683734,2021,469
"Pujols, Albert",405395,2022,351
"Cabrera, Miguel",408234,2022,433
"Molina, Yadier",425877,2022,270
"Cruz, Nelson",443558,2022,507
"Peralta, David",444482,2022,490
"Longoria, Evan",446334,2022,298
"Blackmon, Charlie",453568,2022,577
"Maldonado, Martín",455117,2022,379
"Chirinos, Robinson",455139,2022,220
"Solano, Donovan",456781,2022,304
"McCutchen, Andrew",457705,2022,580
"Turner, Justin",457759,2022,532
"Votto, Joey",458015,2022,376
"Andrus, Elvis",462101,2022,577
"Santana, Carlos",467793,2022,506
"Belt, Brandon",474832,2022,298
"Brantley, Michael",488726,2022,277
"Gurriel, Yuli",493329,2022,584
"Rojas, Miguel",500743,2022,507
"Escobar, Eduardo",500871,2022,542
"Pham, Tommy",502054,2022,622
"Martinez, J.D.",502110,2022,596
"Goldschmidt, Paul",502671,2022,651
"Gonzalez, Marwin",503556,2022,207
"Altuve, Jose",514888,2022,604
"Hernández, César",514917,2022,617
"Segura, Jean",516416,2022,387
"Marte, Starling",516782,2022,505
"d'Arnaud, Travis",518595,2022,426
"Donaldson, Josh",518626,2022,546
"Freeman, Freddie",518692,2022,708
"Grandal, Yasmani",518735,2022,376
"LeMahieu, DJ",518934,2022,541
"Moustakas, Mike",519058,2022,285
"Rizzo, Anthony",519203,2022,548
"Stanton, Giancarlo",519317,2022,452
"Perez, Salvador",521692,2022,473
"Flores, Wilmer",527038,2022,602
"García, Avisaíl",541645,2022,380
"Bethancourt, Christian",542194,2022,333
"Ozuna, Marcell",542303,2022,507
"Villar, Jonathan",542340,2022,220
"Ortega, Rafael",542364,2022,371
"Aguilar, Jesús",542583,2022,507
"Berti, Jon",542932,2022,404
"Crawford, Brandon",543063,2022,458
"Cron, C.J.",543068,2022,632
"Gomes, Yan",543228,2022,293
"Grossman, Robbie",543257,2022,477
"Harrison, Josh",543281,2022,425
"Hicks, Aaron",543305,2022,453
"Higashioka, Kyle",543309,2022,248
"Hosmer, Eric",543333,2022,419
"Miller, Brad",543543,2022,241
"Nola, Austin",543592,2022,397
"Semien, Marcus",543760,2022,724
"Springer, George",543807,2022,583
"Vázquez, Christian",543877,2022,426
"Wong, Kolten",543939,2022,497
"Gregorius, Didi",544369,2022,232
"García, Leury",544725,2022,315
"Vargas, Ildemaro",545121,2022,222
"Grichuk, Randal",545341,2022,538
"Stassi, Max",545358,2022,375
"Trout, Mike",545361,2022,499
"Almora Jr., Albert",546991,2022,235
"Harper, Bryce",547180,2022,426
"Abreu, José",547989,2022,679
"Díaz, Elias",553869,2022,381
"Narváez, Omar",553882,2022,296
"Suárez, Eugenio",553993,2022,629
"Urshela, Gio",570482,2022,551
"Schoop, Jonathan",570731,2022,510
"Arenado, Nolan",571448,2022,620
"Barnhart, Tucker",571466,2022,308
"Farmer, Kyle",571657,2022,583
"Haniger, Mitch",571745,2022,247
"Hernández, Enrique",571771,2022,402
"Maile, Luke",571912,2022,206
"Muncy, Max",571970,2022,565
"Myers, Wil",571976,2022,286
"Naquin, Tyler",571980,2022,334
"Pollock, AJ",572041,2022,527
"Taylor, Michael A.",572191,2022,456
"Thompson, Trayce",572204,2022,255
"Voit, Luke",572228,2022,568
"Walker, Christian",572233,2022,667
"Dickerson, Corey",572816,2022,297
"Ruf, Darin",573131,2022,388
"Yastrzemski, Mike",573262,2022,558
"Contreras, Willson",575929,2022,487
"Iglesias, Jose",578428,2022,467
"Canha, Mark",592192,2022,542
"Castellanos, Nick",592206,2022,558
"Drury, Brandon",592273,2022,568
"Gamel, Ben",592325,2022,423
"Judge, Aaron",592450,2022,696
"Machado, Manny",592518,2022,644
"Pederson, Joc",592626,2022,433
"Realmuto, J.T.",592663,2022,562
"Renfroe, Hunter",592669,2022,522
"Rosario, Eddie",592696,2022,270
"Yelich, Christian",592885,2022,671
"Merrifield, Whit",593160,2022,550
"Bogaerts, Xander",593428,2022,631
"Polanco, Jorge",593871,2022,445
"Calhoun, Kole",594777,2022,424
"Duvall, Adam",594807,2022,315
"Kiermaier, Kevin",595281,2022,221
"Alfaro, Jorge",595751,2022,274
"Profar, Jurickson",595777,2022,658
"Báez, Javier",595879,2022,590
"Hedges, Austin",595978,2022,338
"Lindor, Francisco",596019,2022,706
"Odor, Rougned",596059,2022,472
"Slater, Austin",596103,2022,325
"Story, Trevor",596115,2022,396
"Vogelbach, Daniel",596129,2022,461
"Sánchez, Gary",596142,2022,471
"Kepler, Max",596146,2022,446
"Franco, Maikel",596748,2022,388
"Choi, Ji Man",596847,2022,419
"Bradley Jr., Jackie",598265,2022,370
"Candelario, Jeimer",600869,2022,467
"Daza, Yonathan",602074,2022,408
"Urías, Ramón",602104,2022,445
"Anderson, Brian",605119,2022,383
"Barnes, Austin",605131,2022,212
"Bell, Josh",605137,2022,647
"Betts, Mookie",605141,2022,639
"Caratini, Victor",605170,2022,314
"Davis, J.D.",605204,2022,365
"Machín, Vimael",605353,2022,253
"Castro, Harold",605612,2022,443
"Arcia, Orlando",606115,2022,234
"Tapia, Raimel",606132,2022,433
"Aquino, Aristides",606157,2022,276
"Hernández, Teoscar",606192,2022,535
"Marte, Ketel",606466,2022,558
"Haase, Eric",606992,2022,351
"Nimmo, Brandon",607043,2022,673
"Peterson, Jace",607054,2022,328
"Turner, Trea",607208,2022,708
"Stallings, Jacob",607732,2022,384
"Ramírez, José",608070,2022,685
"Bregman, Alex",608324,2022,656
"Gallo, Joey",608336,2022,410
"Kelly, Carson",608348,2022,354
"Seager, Corey",608369,2022,663
"Winker, Jesse",608385,2022,547
"Reynolds, Matt",608703,2022,272
"Meneses, Joey",608841,2022,240
"Cordero, Franchy",614173,2022,275
"Reyes, Franmil",614177,2022,473
"Swanson, Dansby",621020,2022,696
"Newman, Kevin",621028,2022,309
"Taylor, Chris",621035,2022,454
"Correa, Carlos",621043,2022,590
"Phillips, Brett",621433,2022,225
"Taylor, Tyrone",621438,2022,405
"Buxton, Byron",621439,2022,382
"Ward, Taylor",621493,2022,564
"Nido, Tomás",621512,2022,313
"Wisdom, Patrick",621550,2022,534
"Wendle, Joey",621563,2022,371
"Olson, Matt",621566,2022,699
"Duffy, Matt",622110,2022,247
"Margot, Manuel",622534,2022,363
"Reyes, Victor",622682,2022,336
"Mateo, Jorge",622761,2022,533
"Velazquez, Andrew",623205,2022,349
"Ramírez, Harold",623912,2022,435
"Santander, Anthony",623993,2022,647
"Alonso, Pete",624413,2022,685
"Arroyo, Christian",624414,2022,300
"Biggio, Cavan",624415,2022,303
"Frazier, Adam",624428,2022,602
"Trevino, Jose",624431,2022,353
"Gordon, Nick",624503,2022,443
"McGuire, Reese",624512,2022,274
"Soler, Jorge",624585,2022,306
"Hernandez, Yadiel",628450,2022,327
"Cronenworth, Jake",630105,2022,684
"Pinder, Chad",640461,2022,379
"Azocar, José",640492,2022,216
"Anderson, Tim",641313,2022,351
"Bellinger, Cody",641355,2022,550
"Crawford, J.P.",641487,2022,603
"Dozier, Hunter",641531,2022,500
"Engel, Adam",641553,2022,260
"Fraley, Jake",641584,2022,247
"Garver, Mitch",641598,2022,215
"Guillorme, Luis",641645,2022,335
"Hampson, Garrett",641658,2022,226
"Heim, Jonah",641680,2022,450
"Mancini, Trey",641820,2022,587
"McMahon, Ryan",641857,2022,597
"Neuse, Sheldon",641914,2022,293
"O'Neill, Tyler",641933,2022,383
"Tellez, Rowdy",642133,2022,599
"Mejía, Francisco",642336,2022,299
"Siri, Jose",642350,2022,325
"Rosario, Amed",642708,2022,670
"Adames, Willy",642715,2022,617
"Alcántara, Sergio",642727,2022,224
"Estrada, Thairo",642731,2022,541
"Benintendi, Andrew",643217,2022,521
"Cooper, Garrett",643265,2022,469
"Dubón, Mauricio",643289,2022,265
"Jansen, Danny",643376,2022,248
"Kemp, Tony",643393,2022,558
"Kiner-Falefa, Isiah",643396,2022,531
"McNeil, Jeff",643446,2022,589
"Schwindel, Frank",643524,2022,292
"Albies, Ozzie",645277,2022,269
"Robles, Victor",645302,2022,407
"Devers, Rafael",646240,2022,614
"Naylor, Josh",647304,2022,498
"Toro, Abraham",647351,2022,352
"Díaz, Aledmys",649557,2022,327
"Urías, Luis",649966,2022,472
"Arraez, Luis",650333,2022,603
"Jiménez, Eloy",650391,2022,327
"Torres, Gleyber",650402,2022,572
"Castro, Willi",650489,2022,392
"Díaz, Yandy",650490,2022,558
"De La Cruz, Bryan",650559,2022,355
"Rengifo, Luis",650859,2022,511
"Chapman, Matt",656305,2022,621
"Chavis, Michael",656308,2022,426
"Hilliard, Sam",656541,2022,200
"Hoskins, Rhys",656555,2022,672
"Joe, Connor",656582,2022,467
"Luplow, Jordan",656669,2022,234
"Mullins, Cedric",656775,2022,672
"Rivera, Emmanuel",656896,2022,359
"Schwarber, Kyle",656941,2022,669
"Smith, Pavin",656976,2022,277
"Thomas, Lane",657041,2022,548
"Verdugo, Alex",657077,2022,644
"DeJong, Paul",657557,2022,237
"Laureano, Ramón",657656,2022,383
"Sheets, Gavin",657757,2022,410
"Moncada, Yoán",660162,2022,433
"Ohtani, Shohei",660271,2022,666
"Castillo, Diego",660636,2022,283
"Acuña Jr., Ronald",660670,2022,533
"Ruiz, Keibert",660688,2022,433
"Gonzalez, Oscar",660757,2022,382
"Yepez, Juan",660766,2022,274
"Sánchez, Jesús",660821,2022,343
"Contreras, William",661388,2022,376
"Serven, Brian",661531,2022,205
"Varsho, Daulton",662139,2022,592
"Nootbaar, Lars",663457,2022,347
"Hoerner, Nico",663538,2022,517
"Riley, Austin",663586,2022,693
"Madrigal, Nick",663611,2022,228
"Mountcastle, Ryan",663624,2022,609
"Hayes, Ke'Bryan",663647,2022,560
"Tucker, Kyle",663656,2022,609
"India, Jonathan",663697,2022,431
"Bart, Joey",663698,2022,291
"Raleigh, Cal",663728,2022,415
"Fortes, Nick",663743,2022,240
"Grisham, Trent",663757,2022,524
"Vierling, Matt",663837,2022,357
"Rivas III, Alfonso",663845,2022,287
"Rodgers, Brendan",663898,2022,581
"Lowe, Nathaniel",663993,2022,645
"Happ, Ian",664023,2022,641
"France, Ty",664034,2022,613
"Lowe, Brandon",664040,2022,266
"Bader, Harrison",664056,2022,313
"Fletcher, David",664058,2022,228
"Haggerty, Sam",664059,2022,201
"Moore, Dylan",664238,2022,255
"Straw, Myles",664702,2022,596
"Isbel, Kyle",664728,2022,278
"Higgins, P.J.",664731,2022,229
"Bohm, Alec",664761,2022,631
"Wade Jr., LaMonte",664774,2022,251
"Zavala, Seby",664874,2022,205
"Brown, Seth",664913,2022,555
"McCarthy, Jake",664983,2022,354
"Walsh, Jared",665120,2022,454
"Peña, Jeremy",665161,2022,558
"Celestino, Gilberto",665482,2022,347
"Guerrero Jr., Vladimir",665489,2022,706
"Pache, Cristian",665506,2022,260
"Soto, Juan",665742,2022,664
"Taveras, Leody",665750,2022,341
"Cruz, Oneil",665833,2022,361
"Chisholm Jr., Jazz",665862,2022,241
"Giménez, Andrés",665926,2022,557
"Lux, Gavin",666158,2022,471
"Adell, Jo",666176,2022,285
"Bichette, Bo",666182,2022,697
"Carlson, Dylan",666185,2022,488
"Morel, Christopher",666624,2022,425
"Castro, Rodolfo",666801,2022,277
"Dalbec, Bobby",666915,2022,353
"García, Adolis",666969,2022,657
"Gurriel Jr., Lourdes",666971,2022,493
"Arozarena, Randy",668227,2022,645
"Bleday, JJ",668709,2022,238
"Baddoo, Akil",668731,2022,225
"Mitchell, Cal",668751,2022,232
"Knizner, Andrew",668800,2022,293
"Reynolds, Bryan",668804,2022,614
"Rutschman, Adley",668939,2022,470
"Rojas, Josh",668942,2022,510
"Melendez, MJ",669004,2022,534
"Marsh, Brandon",669016,2022,461
"Murphy, Sean",669221,2022,612
"Senzel, Nick",669222,2022,420
"Edman, Tommy",669242,2022,630
"Smith, Will",669257,2022,578
"Suwinski, Jack",669261,2022,372
"Espinal, Santiago",669289,2022,491
"Miranda, Jose",669304,2022,483
"Gorman, Nolan",669357,2022,313
"Hiura, Keston",669374,2022,266
"Allen, Nick",669397,2022,326
"Hummel, Cooper",669450,2022,201
"Smith, Josh",669701,2022,253
"Hays, Austin",669720,2022,582
"Lopez, Nicky",670032,2022,480
"Alvarez, Yordan",670541,2022,561
"Paredes, Isaac",670623,2022,381
"Walls, Taylor",670764,2022,466
"González, Luis",670768,2022,350
"Friedl, TJ",670770,2022,258
"García Jr., Luis",671277,2022,377
"Harris II, Michael",671739,2022,441
"Kirk, Alejandro",672386,2022,541
"Perdomo, Geraldo",672695,2022,500
"Robert Jr., Luis",673357,2022,401
"Kim, Ha-Seong",673490,2022,582
"Suzuki, Seiya",673548,2022,446
"Velázquez, Nelson",676369,2022,206
"McCormick, Chas",676801,2022,407
"Franco, Wander",677551,2022,344
"Rodríguez, Julio",677594,2022,560
"Duran, Ezequiel",677649,2022,220
"Thomas, Alek",677950,2022,411
"Witt Jr., Bobby",677951,2022,632
"Torkelson, Spencer",679529,2022,404
"Kwan, Steven",680757,2022,638
"Duran, Jarren",680776,2022,223
"Jeffers, Ryan",680777,2022,236
"Miller, Owen",680911,2022,472
"Donovan, Brendan",680977,2022,468
"Stott, Bryson",681082,2022,466
"Abrams, CJ",682928,2022,302
"Greene, Riley",682985,2022,418
"Vaughn, Andrew",683734,2022,555
"Pasquantino, Vinnie",686469,2022,298
"Cabrera, Miguel",408234,2023,370
"Peralta, David",444482,2023,422
"Longoria, Evan",446334,2023,237
"Blackmon, Charlie",453568,2023,413
"Maldonado, Martín",455117,2023,407
"Solano, Donovan",456781,2023,450
"McCutchen, Andrew",457705,2023,473
"Turner, Justin",457759,2023,626
"Votto, Joey",458015,2023,242
"Andrus, Elvis",462101,2023,406
"Santana, Carlos",467793,2023,619
"Belt, Brandon",474832,2023,404
"Gurriel, Yuli",493329,2023,329
"Rojas, Miguel",500743,2023,423
"Escobar, Eduardo",500871,2023,309
"Pham, Tommy",502054,2023,481
"Martinez, J.D.",502110,2023,479
"Goldschmidt, Paul",502671,2023,687
"Altuve, Jose",514888,2023,410
"Segura, Jean",516416,2023,326
"Marte, Starling",516782,2023,341
"d'Arnaud, Travis",518595,2023,292
"Freeman, Freddie",518692,2023,730
"Grandal, Yasmani",518735,2023,405
"Heyward, Jason",518792,2023,377
"LeMahieu, DJ",518934,2023,562
"Moustakas, Mike",519058,2023,386
"Rizzo, Anthony",519203,2023,421
"Stanton, Giancarlo",519317,2023,415
"Perez, Salvador",521692,2023,580
"Flores, Wilmer",527038,2023,454
"Bethancourt, Christian",542194,2023,332
"Ozuna, Marcell",542303,2023,592
"Berti, Jon",542932,2023,424
"Crawford, Brandon",543063,2023,320
"Cron, C.J.",543068,2023,278
"Gomes, Yan",543228,2023,419
"Grossman, Robbie",543257,2023,420
"Hicks, Aaron",543305,2023,312
"Higashioka, Kyle",543309,2023,260
"McCann, James",543510,2023,226
"Semien, Marcus",543760,2023,753
"Springer, George",543807,2023,683
"Vázquez, Christian",543877,2023,355
"Wong, Kolten",543939,2023,250
"Vargas, Ildemaro",545121,2023,286
"Grichuk, Randal",545341,2023,471
"Trout, Mike",545361,2023,362
"Harper, Bryce",547180,2023,546
"Abreu, José",547989,2023,594
"Díaz, Elias",553869,2023,526
"Suárez, Eugenio",553993,2023,694
"Urshela, Gio",570482,2023,228
"Arenado, Nolan",571448,2023,612
"Farmer, Kyle",571657,2023,369
"Haniger, Mitch",571745,2023,229
"Hernández, Enrique",571771,2023,508
"Muncy, Max",571970,2023,579
"Taylor, Michael A.",572191,2023,388
"Walker, Christian",572233,2023,661
"Carpenter, Matt",572761,2023,237
"Yastrzemski, Mike",573262,2023,381
"Contreras, Willson",575929,2023,495
"Bryant, Kris",592178,2023,335
"Canha, Mark",592192,2023,507
"Castellanos, Nick",592206,2023,671
"Drury, Brandon",592273,2023,523
"Judge, Aaron",592450,2023,458
"Machado, Manny",592518,2023,601
"Pederson, Joc",592626,2023,425
"Realmuto, J.T.",592663,2023,540
"Renfroe, Hunter",592669,2023,548
"Rosario, Eddie",592696,2023,516
"Yelich, Christian",592885,2023,632
"Merrifield, Whit",593160,2023,592
"Bogaerts, Xander",593428,2023,665
"Polanco, Jorge",593871,2023,343
"Duvall, Adam",594807,2023,353
"Kiermaier, Kevin",595281,2023,408
"Profar, Jurickson",595777,2023,521
"Báez, Javier",595879,2023,547
"Cave, Jake",595909,2023,203
"Hedges, Austin",595978,2023,212
"Lindor, Francisco",596019,2023,687
"Slater, Austin",596103,2023,207
"Vogelbach, Daniel",596129,2023,319
"Sánchez, Gary",596142,2023,267
"Kepler, Max",596146,2023,491
"Candelario, Jeimer",600869,2023,576
"Urías, Ramón",602104,2023,396
"Ahmed, Nick",605113,2023,210
"Anderson, Brian",605119,2023,361
"Barnes, Austin",605131,2023,200
"Bell, Josh",605137,2023,617
"Betts, Mookie",605141,2023,693
"Caratini, Victor",605170,2023,226
"Davis, J.D.",605204,2023,546
"Castro, Harold",605612,2023,270
"Arcia, Orlando",606115,2023,533
"Hernández, Teoscar",606192,2023,678
"Marte, Ketel",606466,2023,650
"Haase, Eric",606992,2023,293
"Nimmo, Brandon",607043,2023,682
"Peterson, Jace",607054,2023,430
"Turner, Trea",607208,2023,691
"Pillar, Kevin",607680,2023,206
"Stallings, Jacob",607732,2023,276
"Ramírez, José",608070,2023,691
"Bregman, Alex",608324,2023,724
"Gallo, Joey",608336,2023,332
"Seager, Corey",608369,2023,536
"Jankowski, Travis",608671,2023,287
"Refsnyder, Rob",608701,2023,243
"Meneses, Joey",608841,2023,657
"Swanson, Dansby",621020,2023,638
"Newman, Kevin",621028,2023,253
"Taylor, Chris",621035,2023,384
"Correa, Carlos",621043,2023,580
"Taylor, Tyrone",621438,2023,243
"Buxton, Byron",621439,2023,347
"Ward, Taylor",621493,2023,409
"Wisdom, Patrick",621550,2023,302
"Wendle, Joey",621563,2023,318
"Olson, Matt",621566,2023,720
"Duffy, Matt",622110,2023,209
"Margot, Manuel",622534,2023,336
"Mateo, Jorge",622761,2023,350
"Ramírez, Harold",623912,2023,434
"Santander, Anthony",623993,2023,656
"Alonso, Pete",624413,2023,658
"Arroyo, Christian",624414,2023,206
"Biggio, Cavan",624415,2023,338
"Conforto, Michael",624424,2023,470
"Frazier, Adam",624428,2023,455
"McGuire, Reese",624512,2023,206
"Soler, Jorge",624585,2023,580
"Sosa, Edmundo",624641,2023,300
"Ibáñez, Andy",628451,2023,383
"Cronenworth, Jake",630105,2023,522
"Anderson, Tim",641313,2023,524
"Bauers, Jake",641343,2023,272
"Bellinger, Cody",641355,2023,556
"Crawford, J.P.",641487,2023,638
"Fraley, Jake",641584,2023,380
"Garver, Mitch",641598,2023,344
"Hampson, Garrett",641658,2023,252
"Heim, Jonah",641680,2023,501
"Mancini, Trey",641820,2023,263
"McMahon, Ryan",641857,2023,627
"O'Neill, Tyler",641933,2023,266
"Palacios, Joshua",641943,2023,264
"Smith, Dominic",642086,2023,586
"Tellez, Rowdy",642133,2023,351
"Thaiss, Matt",642136,2023,307
"Siri, Jose",642350,2023,364
"Rosario, Amed",642708,2023,545
"Adames, Willy",642715,2023,638
"Estrada, Thairo",642731,2023,530
"Benintendi, Andrew",643217,2023,621
"Cooper, Garrett",643265,2023,457
"Dubón, Mauricio",643289,2023,492
"Jansen, Danny",643376,2023,301
"Kemp, Tony",643393,2023,419
"Kiner-Falefa, Isiah",643396,2023,361
"McNeil, Jeff",643446,2023,648
"Tauchman, Mike",643565,2023,401
"Albies, Ozzie",645277,2023,660
"Ford, Mike",645801,2023,251
"Devers, Rafael",646240,2023,656
"Naylor, Josh",647304,2023,495
"Díaz, Aledmys",649557,2023,344
"Arraez, Luis",650333,2023,617
"Jiménez, Eloy",650391,2023,489
"Torres, Gleyber",650402,2023,672
"Castro, Willi",650489,2023,409
"Díaz, Yandy",650490,2023,600
"De La Cruz, Bryan",650559,2023,626
"Rengifo, Luis",650859,2023,445
"Monasterio, Andruw",655316,2023,315
"Chapman, Matt",656305,2023,581
"Fairchild, Stuart",656413,2023,255
"Garrett, Stone",656448,2023,271
"Joe, Connor",656582,2023,472
"McKinstry, Zach",656716,2023,518
"Mullins, Cedric",656775,2023,455
"O'Hearn, Ryan",656811,2023,368
"Rivera, Emmanuel",656896,2023,283
"Schwarber, Kyle",656941,2023,720
"Smith, Pavin",656976,2023,228
"Thomas, Lane",657041,2023,682
"Verdugo, Alex",657077,2023,602
"Wong, Connor",657136,2023,403
"DeJong, Paul",657557,2023,400
"Laureano, Ramón",657656,2023,404
"Sheets, Gavin",657757,2023,344
"Olivares, Edward",658668,2023,385
"Moncada, Yoán",660162,2023,357
"Ohtani, Shohei",660271,2023,599
"Acuña Jr., Ronald",660670,2023,735
"Ruiz, Keibert",660688,2023,562
"Montero, Elehuris",660707,2023,307
"Sánchez, Jesús",660821,2023,402
"Contreras, William",661388,2023,611
"Varsho, Daulton",662139,2023,581
"Nootbaar, Lars",663457,2023,503
"Hoerner, Nico",663538,2023,688
"Riley, Austin",663586,2023,715
"Madrigal, Nick",663611,2023,294
"Larnach, Trevor",663616,2023,212
"Mountcastle, Ryan",663624,2023,470
"Hayes, Ke'Bryan",663647,2023,525
"Tucker, Kyle",663656,2023,674
"India, Jonathan",663697,2023,529
"Raleigh, Cal",663728,2023,569
"Fortes, Nick",663743,2023,323
"Grisham, Trent",663757,2023,555
"Vierling, Matt",663837,2023,530
"Stephenson, Tyler",663886,2023,517
"Lowe, Nathaniel",663993,2023,724
"Happ, Ian",664023,2023,691
"France, Ty",664034,2023,665
"Lowe, Brandon",664040,2023,436
"Bader, Harrison",664056,2023,344
"Straw, Myles",664702,2023,518
"Isbel, Kyle",664728,2023,313
"Bohm, Alec",664761,2023,611
"Wade Jr., LaMonte",664774,2023,519
"Brown, Seth",664913,2023,378
"McCarthy, Jake",664983,2023,312
"Maton, Nick",665155,2023,293
"Peña, Jeremy",665161,2023,634
"Tatis Jr., Fernando",665487,2023,635
"Guerrero Jr., Vladimir",665489,2023,682
"Soto, Juan",665742,2023,708
"Taveras, Leody",665750,2023,554
"Cabrera, Oswaldo",665828,2023,330
"Chisholm Jr., Jazz",665862,2023,383
"Ruiz, Esteury",665923,2023,497
"Giménez, Andrés",665926,2023,616
"Fermin, Freddy",666023,2023,235
"Jones, Nolan",666134,2023,424
"Kirilloff, Alex",666135,2023,319
"Lowe, Josh",666139,2023,501
"Moniak, Mickey",666160,2023,323
"Sabol, Blake",666165,2023,344
"Benson, Will",666181,2023,329
"Bichette, Bo",666182,2023,601
"Carlson, Dylan",666185,2023,255
"Naylor, Bo",666310,2023,230
"Julien, Edouard",666397,2023,408
"Morel, Christopher",666624,2023,429
"Castro, Rodolfo",666801,2023,256
"García, Adolis",666969,2023,632
"Gurriel Jr., Lourdes",666971,2023,592
"Julks, Corey",667452,2023,323
"Rooker, Brent",667670,2023,526
"Arozarena, Randy",668227,2023,654
"Pratto, Nick",668472,2023,345
"Rogers, Jake",668670,2023,365
"Bleday, JJ",668709,2023,303
"Steer, Spencer",668715,2023,665
"Baddoo, Akil",668731,2023,357
"Knizner, Andrew",668800,2023,241
"Reynolds, Bryan",668804,2023,640
"Vientos, Mark",668901,2023,233
"Lewis, Royce",668904,2023,239
"Turang, Brice",668930,2023,448
"Rutschman, Adley",668939,2023,687
"Rojas, Josh",668942,2023,350
"Melendez, MJ",669004,2023,602
"Marsh, Brandon",669016,2023,472
"Langeliers, Shea",669127,2023,490
"Murphy, Sean",669221,2023,438
"Senzel, Nick",669222,2023,330
"Edman, Tommy",669242,2023,528
"Smith, Will",669257,2023,554
"Suwinski, Jack",669261,2023,534
"Espinal, Santiago",669289,2023,254
"Gorman, Nolan",669357,2023,464
"Burger, Jake",669394,2023,540
"Allen, Nick",669397,2023,329
"Schmitt, Casey",669477,2023,277
"Smith, Josh",669701,2023,232
"Triolo, Jared",669707,2023,209
"Hays, Austin",669720,2023,566
"Call, Alex",669743,2023,439
"Lopez, Nicky",670032,2023,262
"Raley, Luke",670042,2023,406
"Short, Zack",670097,2023,253
"Wallner, Matt",670242,2023,254
"Alvarez, Yordan",670541,2023,496
"Paredes, Isaac",670623,2023,571
"Walls, Taylor",670764,2023,349
"Friedl, TJ",670770,2023,556
"Casas, Triston",671213,2023,502
"Waters, Drew",671221,2023,337
"García Jr., Luis",671277,2023,482
"Harris II, Michael",671739,2023,539
"Bailey, Patrick",672275,2023,353
"Kelenic, Jarred",672284,2023,416
"Arias, Gabriel",672356,2023,345
"Kirk, Alejandro",672386,2023,422
"Diaz, Jordan",672478,2023,293
"Moreno, Gabriel",672515,2023,380
"Garcia, Maikel",672580,2023,515
"Perdomo, Geraldo",672695,2023,495
"Marcano, Tucupita",672779,2023,220
"Diaz, Yainer",673237,2023,377
"Robert Jr., Luis",673357,2023,595
"Kim, Ha-Seong",673490,2023,626
"Suzuki, Seiya",673548,2023,583
"Jung, Josh",673962,2023,515
"Westburg, Jordan",676059,2023,228
"Noda, Ryan",676116,2023,495
"Burleson, Alec",676475,2023,347
"Caballero, José",676609,2023,280
"Meyers, Jake",676694,2023,341
"Trejo, Alan",676701,2023,227
"McCormick, Chas",676801,2023,457
"Franco, Wander",677551,2023,491
"Rodríguez, Julio",677594,2023,714
"Duran, Ezequiel",677649,2023,439
"Thomas, Alek",677950,2023,402
"Witt Jr., Bobby",677951,2023,694
"Bae, Ji Hwan",678225,2023,371
"Vargas, Miguel",678246,2023,304
"Tovar, Ezequiel",678662,2023,615
"Peguero, Liover",678894,2023,213
"Torkelson, Spencer",679529,2023,684
"McLain, Matt",680574,2023,403
"Kwan, Steven",680757,2023,718
"Duran, Jarren",680776,2023,362
"Jeffers, Ryan",680777,2023,335
"Davis, Henry",680779,2023,255
"Gelof, Zack",680869,2023,300
"Miller, Owen",680911,2023,314
"Donovan, Brendan",680977,2023,371
"Stott, Bryson",681082,2023,640
"Carpenter, Kerry",681481,2023,459
"Outman, James",681546,2023,567
"Alvarez, Francisco",682626,2023,423
"Matos, Luis",682641,2023,253
"De La Cruz, Elly",682829,2023,427
"Rodríguez, Endy",682848,2023,204
"Abrams, CJ",682928,2023,614
"Greene, Riley",682985,2023,416
"Carroll, Corbin",682998,2023,645
"Henderson, Gunnar",683002,2023,622
"Volpe, Anthony",683011,2023,601
"Baty, Brett",683146,2023,389
"Vaughn, Andrew",683734,2023,615
"Frelick, Sal",686217,2023,223
"Pasquantino, Vinnie",686469,2023,260
"Doyle, Brenton",686668,2023,431
"Massey, Michael",686681,2023,461
"Brennan, Will",686823,2023,455
"Wiemer, Joey",686894,2023,410
"Neto, Zach",687263,2023,329
"Encarnacion-Strand, Christian",687952,2023,241
"Walker, Jordan",691023,2023,465
"Colás, Oscar",693049,2023,263
"Yoshida, Masataka",807799,2023,580
"Peralta, David",444482,2024,260
"Blackmon, Charlie",453568,2024,499
"Solano, Donovan",456781,2024,309
"McCutchen, Andrew",457705,2024,515
"Turner, Justin",457759,2024,539
"Santana, Carlos",467793,2024,594
"Rojas, Miguel",500743,2024,337
"Pham, Tommy",502054,2024,478
"Martinez, J.D.",502110,2024,495
"Goldschmidt, Paul",502671,2024,654
"Altuve, Jose",514888,2024,682
"Marte, Starling",516782,2024,370
"d'Arnaud, Travis",518595,2024,341
"Freeman, Freddie",518692,2024,638
"Grandal, Yasmani",518735,2024,243
"Heyward, Jason",518792,2024,258
"LeMahieu, DJ",518934,2024,228
"Rizzo, Anthony",519203,2024,375
"Stanton, Giancarlo",519317,2024,459
"Perez, Salvador",521692,2024,652
"Flores, Wilmer",527038,2024,242
"Ozuna, Marcell",542303,2024,688
"Grossman, Robbie",543257,2024,245
"Higashioka, Kyle",543309,2024,263
"McCann, James",543510,2024,233
"Rendon, Anthony",543685,2024,238
"Semien, Marcus",543760,2024,718
"Springer, George",543807,2024,614
"Vázquez, Christian",543877,2024,315
"Vargas, Ildemaro",545121,2024,303
"Grichuk, Randal",545341,2024,279
"Harper, Bryce",547180,2024,631
"Díaz, Elias",553869,2024,351
"Suárez, Eugenio",553993,2024,640
"Urshela, Gio",570482,2024,461
"Arenado, Nolan",571448,2024,635
"Farmer, Kyle",571657,2024,242
"Haniger, Mitch",571745,2024,423
"Hernández, Enrique",571771,2024,393
"Muncy, Max",571970,2024,293
"Singleton, Jon",572138,2024,405
"Taylor, Michael A.",572191,2024,300
"Walker, Christian",572233,2024,552
"Yastrzemski, Mike",573262,2024,474
"Contreras, Willson",575929,2024,358
"Iglesias, Jose",578428,2024,291
"Canha, Mark",592192,2024,462
"Castellanos, Nick",592206,2024,659
"Drury, Brandon",592273,2024,360
"Judge, Aaron",592450,2024,704
"Machado, Manny",592518,2024,643
"Pederson, Joc",592626,2024,449
"Realmuto, J.T.",592663,2024,413
"Renfroe, Hunter",592669,2024,424
"Rosario, Eddie",592696,2024,319
"Yelich, Christian",592885,2024,315
"Merrifield, Whit",593160,2024,335
"Bogaerts, Xander",593428,2024,463
"Polanco, Jorge",593871,2024,469
"Duvall, Adam",594807,2024,330
"Kiermaier, Kevin",595281,2024,281
"Profar, Jurickson",595777,2024,668
"Báez, Javier",595879,2024,289
"Cave, Jake",595909,2024,346
"Lindor, Francisco",596019,2024,689
"Slater, Austin",596103,2024,212
"Sánchez, Gary",596142,2024,280
"Kepler, Max",596146,2024,399
"Candelario, Jeimer",600869,2024,463
"Urías, Ramón",602104,2024,301
"Ahmed, Nick",605113,2024,228
"Bell, Josh",605137,2024,603
"Betts, Mookie",605141,2024,516
"Caratini, Victor",605170,2024,274
"Arcia, Orlando",606115,2024,602
"Hernández, Teoscar",606192,2024,652
"Marte, Ketel",606466,2024,583
"Nimmo, Brandon",607043,2024,663
"Turner, Trea",607208,2024,539
"Pillar, Kevin",607680,2024,314
"Stallings, Jacob",607732,2024,281
"Ramírez, José",608070,2024,682
"Bregman, Alex",608324,2024,634
"Gallo, Joey",608336,2024,260
"Kelly, Carson",608348,2024,313
"Seager, Corey",608369,2024,533
"Winker, Jesse",608385,2024,508
"Jankowski, Travis",608671,2024,207
"Refsnyder, Rob",608701,2024,307
"Meneses, Joey",608841,2024,313
"Andujar, Miguel",609280,2024,319
"Swanson, Dansby",621020,2024,593
"Newman, Kevin",621028,2024,311
"Taylor, Chris",621035,2024,246
"Correa, Carlos",621043,2024,367
"Taylor, Tyrone",621438,2024,345
"Buxton, Byron",621439,2024,388
"Ward, Taylor",621493,2024,663
"Olson, Matt",621566,2024,685
"Margot, Manuel",622534,2024,343
"Mateo, Jorge",622761,2024,208
"Ramírez, Harold",623912,2024,246
"Santander, Anthony",623993,2024,665
"Alonso, Pete",624413,2024,695
"Biggio, Cavan",624415,2024,224
"Conforto, Michael",624424,2024,488
"Frazier, Adam",624428,2024,294
"Trevino, Jose",624431,2024,234
"Gordon, Nick",624503,2024,275
"Soler, Jorge",624585,2024,574
"Sosa, Edmundo",624641,2024,274
"Ibáñez, Andy",628451,2024,244
"Cronenworth, Jake",630105,2024,656
"Anderson, Tim",641313,2024,241
"Bauers, Jake",641343,2024,346
"Bellinger, Cody",641355,2024,569
"Calhoun, Willie",641432,2024,254
"Crawford, J.P.",641487,2024,451
"Fraley, Jake",641584,2024,382
"Garver, Mitch",641598,2024,430
"Hampson, Garrett",641658,2024,231
"Heim, Jonah",641680,2024,491
"McMahon, Ryan",641857,2024,645
"O'Neill, Tyler",641933,2024,473
"Smith, Dominic",642086,2024,307
"Tellez, Rowdy",642133,2024,421
"Siri, Jose",642350,2024,448
"Rosario, Amed",642708,2024,346
"Adames, Willy",642715,2024,688
"Estrada, Thairo",642731,2024,381
"Benintendi, Andrew",643217,2024,522
"Dubón, Mauricio",643289,2024,428
"Jansen, Danny",643376,2024,324
"Kiner-Falefa, Isiah",643396,2024,496
"McNeil, Jeff",643446,2024,472
"Tauchman, Mike",643565,2024,350
"Albies, Ozzie",645277,2024,435
"Robles, Victor",645302,2024,295
"Devers, Rafael",646240,2024,601
"Naylor, Josh",647304,2024,633
"Toro, Abraham",647351,2024,364
"Arraez, Luis",650333,2024,672
"Jiménez, Eloy",650391,2024,349
"Torres, Gleyber",650402,2024,665
"Castro, Willi",650489,2024,635
"Díaz, Yandy",650490,2024,621
"De La Cruz, Bryan",650559,2024,622
"Rengifo, Luis",650859,2024,304
"Chapman, Matt",656305,2024,647
"Fairchild, Stuart",656413,2024,233
"Hoskins, Rhys",656555,2024,517
"Joe, Connor",656582,2024,416
"McKinstry, Zach",656716,2024,325
"Mullins, Cedric",656775,2024,499
"O'Hearn, Ryan",656811,2024,494
"Rivera, Emmanuel",656896,2024,302
"Schwarber, Kyle",656941,2024,692
"Thomas, Lane",657041,2024,528
"Verdugo, Alex",657077,2024,621
"Wong, Connor",657136,2024,487
"DeJong, Paul",657557,2024,482
"Laureano, Ramón",657656,2024,309
"Sheets, Gavin",657757,2024,501
"Ohtani, Shohei",660271,2024,731
"Bruján, Vidal",660644,2024,278
"Acuña Jr., Ronald",660670,2024,222
"Ruiz, Keibert",660688,2024,485
"Montero, Elehuris",660707,2024,247
"Yepez, Juan",660766,2024,249
"Sánchez, Jesús",660821,2024,537
"Contreras, William",661388,2024,679
"Varsho, Daulton",662139,2024,513
"Perkins, Blake",663368,2024,434
"Nootbaar, Lars",663457,2024,405
"Nevin, Tyler",663527,2024,278
"Hoerner, Nico",663538,2024,641
"Riley, Austin",663586,2024,469
"Larnach, Trevor",663616,2024,400
"Mountcastle, Ryan",663624,2024,507
"Hayes, Ke'Bryan",663647,2024,396
"Tucker, Kyle",663656,2024,339
"India, Jonathan",663697,2024,637
"Bart, Joey",663698,2024,282
"Raleigh, Cal",663728,2024,628
"Fortes, Nick",663743,2024,335
"Grisham, Trent",663757,2024,209
"Vierling, Matt",663837,2024,567
"Gonzalez, Romy",663853,2024,216
"Stephenson, Tyler",663886,2024,515
"Rodgers, Brendan",663898,2024,539
"Lowe, Nathaniel",663993,2024,565
"Happ, Ian",664023,2024,657
"France, Ty",664034,2024,535
"Lowe, Brandon",664040,2024,425
"Bader, Harrison",664056,2024,437
"Moore, Dylan",664238,2024,441
"Isbel, Kyle",664728,2024,426
"Bohm, Alec",664761,2024,606
"Wade Jr., LaMonte",664774,2024,401
"Brown, Seth",664913,2024,400
"McCarthy, Jake",664983,2024,495
"Peña, Jeremy",665161,2024,650
"Tatis Jr., Fernando",665487,2024,438
"Guerrero Jr., Vladimir",665489,2024,697
"Soto, Juan",665742,2024,713
"Taveras, Leody",665750,2024,529
"Amaya, Miguel",665804,2024,363
"Cabrera, Oswaldo",665828,2024,326
"Cruz, Oneil",665833,2024,599
"Valdez, Enmanuel",665839,2024,223
"Chisholm Jr., Jazz",665862,2024,621
"Giménez, Andrés",665926,2024,633
"Fermin, Freddy",666023,2024,368
"Jones, Nolan",666134,2024,297
"Lowe, Josh",666139,2024,387
"Fitzgerald, Tyler",666149,2024,341
"Fletcher, Dominic",666150,2024,241
"Hamilton, David",666152,2024,317
"Lux, Gavin",666158,2024,487
"Moniak, Mickey",666160,2024,418
"Rortvedt, Ben",666163,2024,328
"Adell, Jo",666176,2024,451
"Benson, Will",666181,2024,388
"Bichette, Bo",666182,2024,336
"Carlson, Dylan",666185,2024,265
"Naylor, Bo",666310,2024,389
"Julien, Edouard",666397,2024,301
"Morel, Christopher",666624,2024,611
"García, Adolis",666969,2024,637
"Gurriel Jr., Lourdes",666971,2024,553
"Rooker, Brent",667670,2024,614
"Arozarena, Randy",668227,2024,648
"Rogers, Jake",668670,2024,337
"Bleday, JJ",668709,2024,642
"Steer, Spencer",668715,2024,656
"Reynolds, Bryan",668804,2024,692
"Martin, Austin",668885,2024,257
"Vientos, Mark",668901,2024,454
"Lewis, Royce",668904,2024,325
"Turang, Brice",668930,2024,619
"Rutschman, Adley",668939,2024,638
"Rojas, Josh",668942,2024,476
"Mitchell, Garrett",669003,2024,224
"Melendez, MJ",669004,2024,451
"Marsh, Brandon",669016,2024,476
"Stowers, Kyle",669065,2024,209
"Langeliers, Shea",669127,2024,534
"Campusano, Luis",669134,2024,299
"Murphy, Sean",669221,2024,264
"Senzel, Nick",669222,2024,267
"Wells, Austin",669224,2024,414
"Malloy, Justyn-Henry",669234,2024,230
"Smith, Will",669257,2024,544
"Suwinski, Jack",669261,2024,277
"Espinal, Santiago",669289,2024,391
"Miranda, Jose",669304,2024,429
"Gorman, Nolan",669357,2024,402
"Edwards, Xavier",669364,2024,303
"Burger, Jake",669394,2024,579
"Smith, Josh",669701,2024,592
"Triolo, Jared",669707,2024,446
"Hays, Austin",669720,2024,255
"Toglia, Michael",669911,2024,458
"Lopez, Nicky",670032,2024,445
"Raley, Luke",670042,2024,455
"Wallner, Matt",670242,2024,261
"Alvarez, Yordan",670541,2024,635
"Paredes, Isaac",670623,2024,641
"Walls, Taylor",670764,2024,252
"Friedl, TJ",670770,2024,341
"Herrera, Iván",671056,2024,259
"Casas, Triston",671213,2024,243
"Ramos, Heliot",671218,2024,518
"García Jr., Luis",671277,2024,528
"Freeman, Tyler",671289,2024,383
"Butler, Lawrence",671732,2024,451
"Harris II, Michael",671739,2024,470
"Bailey, Patrick",672275,2024,448
"Siani, Michael",672279,2024,334
"Kelenic, Jarred",672284,2024,449
"Kirk, Alejandro",672386,2024,386
"Moreno, Gabriel",672515,2024,351
"Garcia, Maikel",672580,2024,626
"Lopez, Otto",672640,2024,434
"Perdomo, Geraldo",672695,2024,388
"Pérez, Wenceel",672761,2024,425
"Sosa, Lenyn",672820,2024,369
"Diaz, Yainer",673237,2024,619
"Robert Jr., Luis",673357,2024,425
"Kim, Ha-Seong",673490,2024,470
"Suzuki, Seiya",673548,2024,585
"Westburg, Jordan",676059,2024,447
"DeLuca, Jonny",676356,2024,362
"Velázquez, Nelson",676369,2024,230
"Clement, Ernie",676391,2024,452
"Burleson, Alec",676475,2024,595
"Caballero, José",676609,2024,483
"Meyers, Jake",676694,2024,513
"McCormick, Chas",676801,2024,267
"Schneider, Davis",676914,2024,454
"Rocchio, Brayan",677587,2024,442
"Rodríguez, Julio",677594,2024,613
"Duran, Ezequiel",677649,2024,285
"Abreu, Wilyer",677800,2024,447
"Jiménez, Leo",677870,2024,210
"Witt Jr., Bobby",677951,2024,709
"Meadows, Parker",678009,2024,298
"Vargas, Miguel",678246,2024,237
"Tovar, Ezequiel",678662,2024,695
"Rafaela, Ceddanne",678882,2024,571
"Rojas, Johan",679032,2024,363
"Torkelson, Spencer",679529,2024,381
"Schuemann, Max",680474,2024,459
"Palacios, Richie",680700,2024,316
"Barger, Addison",680718,2024,225
"Kwan, Steven",680757,2024,540
"Duran, Jarren",680776,2024,735
"Jeffers, Ryan",680777,2024,465
"Gelof, Zack",680869,2024,547
"Donovan, Brendan",680977,2024,652
"Stott, Bryson",681082,2024,571
"Bride, Jonah",681146,2024,272
"Cowser, Colton",681297,2024,561
"O'Hoppe, Logan",681351,2024,522
"Carpenter, Kerry",681481,2024,296
"Pages, Andy",681624,2024,443
"Fry, David",681807,2024,392
"Schneemann, Daniel",682177,2024,221
"Marte, Noelvi",682622,2024,242
"Alvarez, Francisco",682626,2024,342
"De La Cruz, Elly",682829,2024,696
"Abrams, CJ",682928,2024,602
"Greene, Riley",682985,2024,584
"Carroll, Corbin",682998,2024,684
"Henderson, Gunnar",683002,2024,719
"Volpe, Anthony",683011,2024,689
"Vaughn, Andrew",683734,2024,619
"Busch, Michael",683737,2024,567
"Frelick, Sal",686217,2024,524
"Pasquantino, Vinnie",686469,2024,554
"Doyle, Brenton",686668,2024,603
"Lee, Korey",686676,2024,394
"Massey, Michael",686681,2024,356
"Pagés, Pedro",686780,2024,218
"Brennan, Will",686823,2024,353
"Neto, Zach",687263,2024,602
"Ortiz, Joey",687401,2024,511
"Horwitz, Spencer",687462,2024,381
"Wisely, Brett",689172,2024,272
"Keith, Colt",690993,2024,556
"Soderstrom, Tyler",691016,2024,213
"Winn, Masyn",691026,2024,637
"Crow-Armstrong, Pete",691718,2024,410
"Gonzales, Nick",693304,2024,387
"Chourio, Jackson",694192,2024,573
"Schanuel, Nolan",694384,2024,607
"Loperfido, Joey",694388,2024,262
"Langford, Wyatt",694671,2024,557
"Wood, James",695578,2024,336
"Goodman, Hunter",696100,2024,224
"Young, Jacob",696285,2024,521
"Merrill, Jackson",701538,2024,593
"Lipscomb, Trey",702358,2024,211
"Holliday, Jackson",702616,2024,208
"Yoshida, Masataka",807799,2024,421
"McCutchen, Andrew",457705,2025,551
"Santana, Carlos",467793,2025,474
"Rojas, Miguel",500743,2025,317
"Pham, Tommy",502054,2025,449
"Goldschmidt, Paul",502671,2025,534
"Altuve, Jose",514888,2025,654
"Marte, Starling",516782,2025,329
"d'Arnaud, Travis",518595,2025,231
"Freeman, Freddie",518692,2025,627
"Stanton, Giancarlo",519317,2025,281
"Perez, Salvador",521692,2025,641
"Flores, Wilmer",527038,2025,463
"Ozuna, Marcell",542303,2025,592
"Higashioka, Kyle",543309,2025,327
"Semien, Marcus",543760,2025,534
"Springer, George",543807,2025,586
"Vázquez, Christian",543877,2025,214
"Grichuk, Randal",545341,2025,293
"Trout, Mike",545361,2025,556
"Harper, Bryce",547180,2025,580
"Díaz, Elias",553869,2025,283
"Suárez, Eugenio",553993,2025,657
"Arenado, Nolan",571448,2025,436
"Farmer, Kyle",571657,2025,300
"Hernández, Enrique",571771,2025,256
"Muncy, Max",571970,2025,388
"Taylor, Michael A.",572191,2025,325
"Walker, Christian",572233,2025,640
"Yastrzemski, Mike",573262,2025,558
"Contreras, Willson",575929,2025,563
"Iglesias, Jose",578428,2025,343
"Castellanos, Nick",592206,2025,589
"Judge, Aaron",592450,2025,679
"Machado, Manny",592518,2025,678
"Pederson, Joc",592626,2025,306
"Realmuto, J.T.",592663,2025,550
"Yelich, Christian",592885,2025,644
"Bogaerts, Xander",593428,2025,552
"Polanco, Jorge",593871,2025,524
"Profar, Jurickson",595777,2025,371
"Báez, Javier",595879,2025,437
"Lindor, Francisco",596019,2025,732
"Story, Trevor",596115,2025,654
"Kepler, Max",596146,2025,474
"Urías, Ramón",602104,2025,391
"Bell, Josh",605137,2025,533
"Betts, Mookie",605141,2025,663
"Caratini, Victor",605170,2025,386
"Arcia, Orlando",606115,2025,214
"Hernández, Teoscar",606192,2025,546
"Marte, Ketel",606466,2025,556
"Nimmo, Brandon",607043,2025,652
"Turner, Trea",607208,2025,639
"Ramírez, José",608070,2025,673
"Bregman, Alex",608324,2025,495
"Kelly, Carson",608348,2025,421
"Seager, Corey",608369,2025,445
"Refsnyder, Rob",608701,2025,209
"Andujar, Miguel",609280,2025,341
"Torrens, Luis",620443,2025,283
"Swanson, Dansby",621020,2025,645
"Correa, Carlos",621043,2025,584
"Taylor, Tyrone",621438,2025,341
"Buxton, Byron",621439,2025,542
"Ward, Taylor",621493,2025,663
"Olson, Matt",621566,2025,724
"Santander, Anthony",623993,2025,221
"Alonso, Pete",624413,2025,709
"Conforto, Michael",624424,2025,486
"Frazier, Adam",624428,2025,459
"Trevino, Jose",624431,2025,302
"Soler, Jorge",624585,2025,315
"Sosa, Edmundo",624641,2025,261
"Cronenworth, Jake",630105,2025,515
"Bauers, Jake",641343,2025,218
"Bellinger, Cody",641355,2025,656
"Crawford, J.P.",641487,2025,654
"Fraley, Jake",641584,2025,217
"Garver, Mitch",641598,2025,290
"Heim, Jonah",641680,2025,433
"McMahon, Ryan",641857,2025,586
"O'Neill, Tyler",641933,2025,209
"Smith, Dominic",642086,2025,225
"Tellez, Rowdy",642133,2025,312
"White, Eli",642201,2025,271
"Adames, Willy",642715,2025,686
"Benintendi, Andrew",643217,2025,470
"Dubón, Mauricio",643289,2025,398
"Jansen, Danny",643376,2025,337
"Kiner-Falefa, Isiah",643396,2025,459
"McNeil, Jeff",643446,2025,462
"Tauchman, Mike",643565,2025,385
"Albies, Ozzie",645277,2025,667
"Herrera, Jose",645444,2025,204
"Devers, Rafael",646240,2025,729
"Naylor, Josh",647304,2025,604
"Toro, Abraham",647351,2025,284
"Urías, Luis",649966,2025,330
"Arraez, Luis",650333,2025,675
"Torres, Gleyber",650402,2025,628
"Castro, Willi",650489,2025,454
"Díaz, Yandy",650490,2025,651
"Rengifo, Luis",650859,2025,541
"Adams, Riley",656180,2025,286
"Chapman, Matt",656305,2025,535
"Hoskins, Rhys",656555,2025,328
"McKinstry, Zach",656716,2025,511
"Mullins, Cedric",656775,2025,498
"O'Hearn, Ryan",656811,2025,544
"Schwarber, Kyle",656941,2025,724
"Smith, Pavin",656976,2025,288
"Verdugo, Alex",657077,2025,213
"DeJong, Paul",657557,2025,208
"Laureano, Ramón",657656,2025,488
"Sheets, Gavin",657757,2025,545
"Moncada, Yoán",660162,2025,289
"Ohtani, Shohei",660271,2025,727
"Acuña Jr., Ronald",660670,2025,412
"Ruiz, Keibert",660688,2025,267
"Sánchez, Jesús",660821,2025,497
"Contreras, William",661388,2025,659
"Varsho, Daulton",662139,2025,271
"Nootbaar, Lars",663457,2025,583
"Hoerner, Nico",663538,2025,649
"Riley, Austin",663586,2025,447
"Larnach, Trevor",663616,2025,567
"Mountcastle, Ryan",663624,2025,357
"Hayes, Ke'Bryan",663647,2025,570
"Tucker, Kyle",663656,2025,597
"India, Jonathan",663697,2025,567
"Bart, Joey",663698,2025,332
"Raleigh, Cal",663728,2025,705
"Fortes, Nick",663743,2025,242
"Grisham, Trent",663757,2025,581
"Gonzalez, Romy",663853,2025,341
"Stephenson, Tyler",663886,2025,342
"Mangum, Jake",663968,2025,428
"Lowe, Nathaniel",663993,2025,609
"Happ, Ian",664023,2025,663
"France, Ty",664034,2025,490
"Lowe, Brandon",664040,2025,553
"Bader, Harrison",664056,2025,501
"Moore, Dylan",664238,2025,243
"Straw, Myles",664702,2025,299
"Isbel, Kyle",664728,2025,409
"Bohm, Alec",664761,2025,504
"Lukes, Nathan",664770,2025,438
"Wade Jr., LaMonte",664774,2025,242
"McCarthy, Jake",664983,2025,222
"Clemens, Kody",665019,2025,386
"Peña, Jeremy",665161,2025,543
"Tatis Jr., Fernando",665487,2025,691
"Guerrero Jr., Vladimir",665489,2025,680
"Soto, Juan",665742,2025,715
"Cruz, Oneil",665833,2025,544
"Chisholm Jr., Jazz",665862,2025,531
"Giménez, Andrés",665926,2025,369
"Narváez, Carlos",665966,2025,446
"Aranda, Jonathan",666018,2025,422
"Fermin, Freddy",666023,2025,347
"Jones, Nolan",666134,2025,403
"Lowe, Josh",666139,2025,435
"Fitzgerald, Tyler",666149,2025,243
"Lux, Gavin",666158,2025,503
"Moniak, Mickey",666160,2025,461
"Adell, Jo",666176,2025,573
"Benson, Will",666181,2025,253
"Bichette, Bo",666182,2025,628
"Carlson, Dylan",666185,2025,241
"Naylor, Bo",666310,2025,414
"Julien, Edouard",666397,2025,208
"Morel, Christopher",666624,2025,305
"García, Adolis",666969,2025,547
"Gurriel Jr., Lourdes",666971,2025,546
"Myers, Dane",667472,2025,333
"Rooker, Brent",667670,2025,699
"Arozarena, Randy",668227,2025,709
"Bleday, JJ",668709,2025,344
"Steer, Spencer",668715,2025,568
"Reynolds, Bryan",668804,2025,654
"Vientos, Mark",668901,2025,463
"Lewis, Royce",668904,2025,403
"Turang, Brice",668930,2025,659
"Rutschman, Adley",668939,2025,365
"Rojas, Josh",668942,2025,211
"Marsh, Brandon",669016,2025,425
"Stowers, Kyle",669065,2025,457
"Langeliers, Shea",669127,2025,523
"Murphy, Sean",669221,2025,337
"Wells, Austin",669224,2025,448
"Edman, Tommy",669242,2025,377
"Smith, Will",669257,2025,436
"Espinal, Santiago",669289,2025,328
"Gorman, Nolan",669357,2025,402
"Edwards, Xavier",669364,2025,619
"Burger, Jake",669394,2025,376
"Allen, Nick",669397,2025,416
"Schmitt, Casey",669477,2025,348
"Smith, Josh",669701,2025,563
"Triolo, Jared",669707,2025,376
"Hays, Austin",669720,2025,416
"Call, Alex",669743,2025,322
"Toglia, Michael",669911,2025,337
"Raley, Luke",670042,2025,219
"Misner, Kameron",670224,2025,217
"Wallner, Matt",670242,2025,392
"Paredes, Isaac",670623,2025,438
"Walls, Taylor",670764,2025,317
"Friedl, TJ",670770,2025,685
"Herrera, Iván",671056,2025,452
"Ramos, Heliot",671218,2025,695
"Waters, Drew",671221,2025,219
"García Jr., Luis",671277,2025,526
"Freeman, Tyler",671289,2025,428
"Butler, Lawrence",671732,2025,630
"Harris II, Michael",671739,2025,641
"Bailey, Patrick",672275,2025,452
"Arias, Gabriel",672356,2025,471
"Kirk, Alejandro",672386,2025,506
"Moreno, Gabriel",672515,2025,309
"Garcia, Maikel",672580,2025,666
"Lopez, Otto",672640,2025,594
"Perdomo, Geraldo",672695,2025,720
"Peraza, Oswald",672724,2025,265
"Canario, Alexander",672744,2025,234
"Pérez, Wenceel",672761,2025,383
"Sosa, Lenyn",672820,2025,544
"Diaz, Yainer",673237,2025,567
"Robert Jr., Luis",673357,2025,431
"Suzuki, Seiya",673548,2025,651
"Jung, Josh",673962,2025,511
"Westburg, Jordan",676059,2025,352
"Clement, Ernie",676391,2025,588
"Burleson, Alec",676475,2025,546
"Wagaman, Eric",676572,2025,514
"Caballero, José",676609,2025,370
"Meyers, Jake",676694,2025,381
"Schneider, Davis",676914,2025,227
"Rocchio, Brayan",677587,2025,383
"Rodríguez, Julio",677594,2025,710
"Duran, Ezequiel",677649,2025,219
"Abreu, Wilyer",677800,2025,417
"Alexander, Blaze",677942,2025,266
"Thomas, Alek",677950,2025,469
"Witt Jr., Bobby",677951,2025,687
"Meadows, Parker",678009,2025,213
"Vargas, Miguel",678246,2025,569
"Mead, Curtis",678554,2025,264
"Tovar, Ezequiel",678662,2025,390
"Rafaela, Ceddanne",678882,2025,587
"Torkelson, Spencer",679529,2025,649
"Schuemann, Max",680474,2025,213
"McLain, Matt",680574,2025,577
"Barger, Addison",680718,2025,502
"Kwan, Steven",680757,2025,693
"Duran, Jarren",680776,2025,696
"Jeffers, Ryan",680777,2025,464
"Davis, Henry",680779,2025,283
"Donovan, Brendan",680977,2025,515
"Stott, Bryson",681082,2025,560
"Cowser, Colton",681297,2025,360
"O'Hoppe, Logan",681351,2025,451
"Norby, Connor",681393,2025,337
"Baldwin, Brooks",681460,2025,328
"Carpenter, Kerry",681481,2025,464
"Pages, Andy",681624,2025,624
"Hernández, Heriberto",681715,2025,294
"Schneemann, Daniel",682177,2025,422
"Marte, Noelvi",682622,2025,360
"Alvarez, Francisco",682626,2025,277
"Martínez, Angel",682657,2025,484
"Ramírez, Agustín",682663,2025,585
"De La Cruz, Elly",682829,2025,699
"Abrams, CJ",682928,2025,635
"Greene, Riley",682985,2025,655
"Carroll, Corbin",682998,2025,642
"Henderson, Gunnar",683002,2025,651
"Volpe, Anthony",683011,2025,596
"Baty, Brett",683146,2025,432
"Vaughn, Andrew",683734,2025,447
"Busch, Michael",683737,2025,592
"Frelick, Sal",686217,2025,594
"Pasquantino, Vinnie",686469,2025,682
"Canzone, Dominic",686527,2025,269
"Collins, Isaac",686555,2025,441
"Crews, Dylan",686611,2025,322
"Doyle, Brenton",686668,2025,538
"Massey, Michael",686681,2025,277
"Pagés, Pedro",686780,2025,389
"Lee, Brooks",686797,2025,527
"Baldwin, Drake",686948,2025,446
"Neto, Zach",687263,2025,554
"Scott II, Victor",687363,2025,463
"Ortiz, Joey",687401,2025,506
"Horwitz, Spencer",687462,2025,411
"Beck, Jordan",687597,2025,588
"Hicks, Liam",689414,2025,390
"Ritter, Ryan",690022,2025,207
"Hassell III, Robert",690987,2025,206
"Keith, Colt",690993,2025,468
"Soderstrom, Tyler",691016,2025,624
"Teel, Kyle",691019,2025,297
"Walker, Jordan",691023,2025,396
"Winn, Masyn",691026,2025,537
"Domínguez, Jasson",691176,2025,429
"Caminero, Junior",691406,2025,653
"Sanoja, Javier",691594,2025,342
"Crow-Armstrong, Pete",691718,2025,647
"Mayo, Coby",691723,2025,294
"Muncy, Max",691777,2025,220
"House, Brady",691781,2025,274
"Campbell, Kristian",692225,2025,263
"Gonzales, Nick",693304,2025,408
"Dingler, Dillon",693307,2025,469
"Chourio, Jackson",694192,2025,589
"Tawa, Tim",694374,2025,225
"Schanuel, Nolan",694384,2025,564
"Carter, Evan",694497,2025,220
"Langford, Wyatt",694671,2025,573
"Saggese, Thomas",695336,2025,295
"Caglianone, Jac",695506,2025,232
"Wood, James",695578,2025,689
"Montgomery, Colson",695657,2025,284
"Lile, Daylen",695734,2025,351
"Goodman, Hunter",696100,2025,579
"Young, Jacob",696285,2025,364
"Sweeney, Trey",700242,2025,326
"Rice, Ben",700250,2025,530
"Quero, Edgar",700337,2025,403
"Manzardo, Kyle",700932,2025,531
"Anthony, Roman",701350,2025,303
"Smith, Cam",701358,2025,493
"Merrill, Jackson",701538,2025,483
"Kurtz, Nick",701762,2025,489
"Young, Cole",702284,2025,257
"Durbin, Caleb",702332,2025,506
"Holliday, Jackson",702616,2025,649
"Simpson, Chandler",802415,2025,441
"Kemp, Otto",805249,2025,218
"Marsee, Jakob",805300,2025,234
"Meidroth, Chase",805367,2025,505
"Alvarez Jr., Nacho",805373,2025,208
"Wilson, Jacob",805779,2025,523
"Keaschall, Luke",807712,2025,207
"Shaw, Matt",807713,2025,437
"Yoshida, Masataka",807799,2025,205
"Lee, Jung Hoo",808982,2025,617
"Williamson, Ben",810938,2025,295