diff_threshold,pred_hr_threshold,train_picks,train_win_rate,train_profit,train_roi,num_picks,win_rate,total_profit,roi,sum_profit,sum_picks,weight,both_roi,decision
0.03,0.2,209,31.1,469.11,22.45,354,26.27,42.93,1.21,512.04,563,35,9.094849023,
0.015,0.22,197,30.46,234.51,11.9,314,29.3,222.09,7.07,456.6,511,50,8.935420744,This one
0.03,0.2,216,31.02,462.11,21.39,371,26.42,60.61,1.63,522.72,587,30,8.904940375,
0.015,0.22,214,30.37,250.03,11.68,357,29.13,184.48,5.17,434.51,571,35,7.609632224,
0.03,0.2,223,30.04,392.11,17.58,386,26.68,64.23,1.66,456.34,609,25,7.493267652,
0.025,0.2,216,31.02,543.55,25.16,379,24.54,-127.82,-3.37,415.73,595,50,6.987058824,
0.035,0.2,197,31.98,462.56,23.48,328,25.91,-100.3,-3.06,362.26,525,25,6.900190476,
0.025,0.2,229,30.57,509.05,22.23,386,24.87,-97.75,-2.53,411.3,615,45,6.687804878,
0.03,0.2,191,30.89,451.63,23.65,327,24.46,-120.03,-3.67,331.6,518,50,6.401544402,
0.015,0.22,206,30.58,259.07,12.58,343,28.28,90.55,2.64,349.62,549,40,6.368306011,
0.015,0.22,202,30.2,219.48,10.87,328,28.35,113.05,3.45,332.53,530,45,6.274150943,
0.03,0.2,197,30.46,422.59,21.45,334,24.85,-91.56,-2.74,331.03,531,45,6.234086629,
0.025,0.2,209,31.1,538,25.74,360,23.89,-200.43,-5.57,337.57,569,60,5.932688928,
0.02,0.22,220,30,203.49,9.25,351,29.06,130.68,3.72,334.17,571,25,5.852364273,
0.015,0.22,233,30.04,248.56,10.67,375,28.53,98.08,2.62,346.64,608,30,5.701315789,
0.03,0.2,202,30.69,443.61,21.96,342,24.56,-138.56,-4.05,305.05,544,40,5.607536765,
0.025,0.2,213,30.52,498,23.38,373,24.13,-181.84,-4.88,316.16,586,55,5.395221843,
0.015,0.2,404,29.7,468.83,11.6,642,27.41,76.92,1.2,545.75,1046,10,5.21749522,
0.03,0.2,187,31.02,461.6,24.68,316,23.73,-200.93,-6.36,260.67,503,55,5.182306163,
0.02,0.22,205,29.76,185.54,9.05,327,28.75,84.77,2.59,270.31,532,30,5.081015038,
0.025,0.2,242,29.75,452.12,18.68,401,24.94,-128.29,-3.2,323.83,643,40,5.036236392,
0.02,0.22,196,30.1,198.5,10.13,307,28.34,50.19,1.63,248.69,503,35,4.944135189,
0.035,0.1,547,21.39,679.24,12.42,849,19.2,9.27,0.11,688.51,1396,20,4.932020057,
0.025,0.2,206,30.58,507.01,24.61,352,23.58,-233.43,-6.63,273.58,558,65,4.902867384,
0.035,0.2,205,30.73,382.56,18.66,341,26.39,-115.13,-3.38,267.43,546,20,4.897985348,
0.015,0.25,253,30.43,8.17,0.32,387,32.3,294.58,7.61,302.75,640,10,4.73046875,
0.015,0.22,319,30.41,204.74,6.42,498,29.72,172.75,3.47,377.49,817,10,4.620440636,
0.045,0.1,458,20.52,608.23,13.28,682,17.3,-85.62,-1.26,522.61,1140,40,4.584298246,
0.025,0.2,194,30.41,493.94,25.46,336,23.21,-255.55,-7.61,238.39,530,85,4.497924528,
0.03,0.1,577,21.66,671.33,11.63,894,19.69,-20.25,-0.23,651.08,1471,15,4.426104691,
0.025,0.2,194,30.41,493.94,25.46,334,23.05,-273.57,-8.19,220.37,528,90,4.173674242,
0.045,0.1,438,21.23,685.55,15.65,652,17.18,-241.76,-3.71,443.79,1090,35,4.07146789,
0.015,0.25,218,27.98,-106.71,-4.89,349,32.66,334.44,9.58,227.73,567,15,4.016402116,
0.025,0.2,204,30.39,488.99,23.97,349,23.21,-268.92,-7.71,220.07,553,70,3.979566004,
0.035,0.12,484,22.93,761.22,15.73,749,19.89,-282.87,-3.78,478.35,1233,20,3.879562044,
0.04,0.1,487,21.15,506.99,10.41,732,18.44,-44.12,-0.6,462.87,1219,25,3.797128794,
0.025,0.2,204,30.39,488.99,23.97,343,23.03,-281.5,-8.21,207.49,547,75,3.793235832,
0.02,0.22,237,29.11,140.97,5.95,379,28.76,92.64,2.44,233.61,616,20,3.79237013,
0.025,0.2,247,29.55,431.11,17.45,413,24.7,-181.22,-4.39,249.89,660,35,3.786212121,
0.055,0.1,296,18.24,157.6,5.32,471,17.41,130.63,2.77,288.23,767,95,3.757887875,
0.025,0.2,191,30.37,494.95,25.91,331,22.66,-299.53,-9.05,195.42,522,95,3.743678161,
0.045,0.12,393,22.39,710.21,18.07,579,17.96,-347.76,-6.01,362.45,972,40,3.728909465,
0.035,0.2,193,30.57,236.36,12.25,323,28.48,-45.22,-1.4,191.14,516,10,3.704263566,
0.02,0.22,251,28.69,96.4,3.84,417,29.5,148.09,3.55,244.49,668,15,3.66002994,
0.055,0.12,244,20.9,402.16,16.48,390,17.95,-179.04,-4.59,223.12,634,95,3.519242902,
0.025,0.2,200,30.5,494.98,24.75,341,22.87,-305.55,-8.96,189.43,541,80,3.501478743,
0.02,0.1,664,22.74,663.23,9.99,1037,20.83,-87.76,-0.85,575.47,1701,10,3.383127572,
0.04,0.12,432,22.92,696.8,16.13,641,19.03,-341.51,-5.33,355.29,1073,25,3.311183597,
0.05,0.1,378,19.05,385.04,10.19,571,16.99,-77.7,-1.36,307.34,949,60,3.238566913,
0.02,0.2,340,28.24,370.49,10.9,570,26.32,-83.82,-1.47,286.67,910,15,3.15021978,
0.05,0.1,382,18.85,370.46,9.7,585,16.92,-75.48,-1.29,294.98,967,65,3.050465357,
0.035,0.08,582,20.27,434.5,7.47,919,18.39,16.34,0.18,450.84,1501,20,3.003597602,
0.03,0.12,518,22.97,713.31,13.77,803,20.3,-317.64,-3.96,395.67,1321,15,2.995230886,
0.035,0.18,263,28.9,503.24,19.13,418,23.44,-304.51,-7.28,198.73,681,25,2.918208517,
0.015,0.22,292,28.08,52.41,1.79,477,29.35,171.93,3.6,224.34,769,15,2.917295189,
0.03,0.18,307,27.69,523.18,17.04,487,23.2,-293.7,-6.03,229.48,794,30,2.890176322,
0.045,0.1,470,19.79,483.72,10.29,700,17,-148.27,-2.12,335.45,1170,45,2.867094017,
0.025,0.2,279,29.39,423.72,15.19,468,25.21,-213.07,-4.55,210.65,747,20,2.819946452,
0.03,0.2,237,28.69,272.13,11.48,397,26.2,-98.69,-2.49,173.44,634,20,2.735646688,
0.045,0.12,361,23.82,747.11,20.7,537,18.06,-501.69,-9.34,245.42,898,30,2.732962138,
0.03,0.18,306,27.45,478.23,15.63,499,23.65,-260.08,-5.21,218.15,805,25,2.709937888,
0.055,0.12,241,21.16,432.16,17.93,391,17.65,-261.5,-6.69,170.66,632,90,2.700316456,
0.025,0.2,253,29.25,413.66,16.35,427,24.59,-231.17,-5.41,182.49,680,30,2.683676471,
0.02,0.12,599,24.21,765.21,12.77,935,21.6,-359.9,-3.85,405.31,1534,10,2.642177314,
0.05,0.1,380,18.42,317.04,8.34,596,16.78,-59.76,-1,257.28,976,70,2.636065574,
0.02,0.25,220,29.09,-100.74,-4.58,338,32.54,245.4,7.26,144.66,558,10,2.592473118,
0.02,0.25,192,27.6,-129.19,-6.73,312,32.37,254.97,8.17,125.78,504,15,2.495634921,
0.03,0.2,227,31.28,361.41,15.92,380,27.11,-214.09,-5.63,147.32,607,10,2.427018122,
0.015,0.2,331,27.49,402.4,12.16,534,24.16,-194.19,-3.64,208.21,865,50,2.407052023,
0.015,0.2,350,27.43,397.92,11.37,581,24.61,-177.46,-3.05,220.46,931,35,2.367991407,
0.045,0.12,400,21.75,635.7,15.89,588,17.69,-405.16,-6.89,230.54,988,45,2.33340081,
0.055,0.08,321,17.13,12.86,0.4,525,16.57,181.42,3.46,194.28,846,95,2.296453901,
0.04,0.18,206,28.64,483.7,23.48,306,21.24,-367.2,-12,116.5,512,70,2.275390625,
0.04,0.18,210,29.05,525.77,25.04,313,21.09,-407.17,-13.01,118.6,523,60,2.267686424,
0.045,0.12,406,21.43,575.7,14.18,596,17.79,-352.29,-5.91,223.41,1002,50,2.229640719,
0.025,0.2,280,28.21,252.32,9.01,484,26.65,-86.78,-1.79,165.54,764,15,2.166753927,
0.015,0.22,253,28.46,119.52,4.72,400,28,20.59,0.51,140.11,653,25,2.145635528,
0.03,0.08,612,20.59,426.59,6.97,961,18.83,-99.46,-1.03,327.13,1573,15,2.079656707,
0.05,0.1,364,18.68,134.48,3.69,552,17.57,55.63,1.01,190.11,916,50,2.075436681,
0.025,0.2,269,29,409.71,15.23,455,24.84,-260.07,-5.72,149.64,724,25,2.066850829,
0.055,0.1,293,18.43,187.6,6.4,470,17.02,-31.83,-0.68,155.77,763,90,2.041546527,
0.015,0.25,195,26.67,-179.65,-9.21,311,32.48,282.9,9.1,103.25,506,20,2.040513834,
0.045,0.12,407,21.62,643.82,15.82,596,17.28,-443.29,-7.44,200.53,1003,55,1.999302094,
0.04,0.08,516,20.16,322.25,6.25,793,17.65,-63.33,-0.8,258.92,1309,25,1.977998472,
0.055,0.12,235,20.85,254.62,10.83,388,18.56,-131.48,-3.39,123.14,623,65,1.976565008,
0.03,0.18,303,27.39,500.18,16.51,479,22.76,-348.75,-7.28,151.43,782,35,1.936445013,
0.015,0.18,496,27.82,519.9,10.48,758,25.2,-277.39,-3.66,242.51,1254,10,1.933891547,
0.045,0.12,379,22.96,727.53,19.2,562,17.62,-549.15,-9.77,178.38,941,35,1.895642933,
0.02,0.2,328,29.57,327.69,9.99,535,26.92,-164.74,-3.08,162.95,863,10,1.888180765,
0.04,0.18,212,28.77,505.77,23.86,319,21.32,-407.2,-12.76,98.57,531,55,1.856308851,
0.015,0.2,317,27.76,432.43,13.64,504,23.61,-281.58,-5.59,150.85,821,60,1.837393423,
0.05,0.1,382,18.32,297.04,7.78,599,16.53,-117.77,-1.97,179.27,981,75,1.827420999,
0.04,0.18,213,28.64,495.77,23.28,322,21.43,-402.23,-12.49,93.54,535,50,1.748411215,
0.02,0.2,280,28.21,387.54,13.84,448,23.88,-261.46,-5.84,126.08,728,50,1.731868132,
0.045,0.08,498,19.08,313.49,6.29,754,16.45,-98.55,-1.31,214.94,1252,40,1.716773163,
0.02,0.2,227,29.52,484.34,21.34,384,22.4,-380.43,-9.91,103.91,611,95,1.700654664,
0.04,0.1,526,20.15,480.07,9.13,786,17.3,-258.74,-3.29,221.33,1312,30,1.686966463,
0.015,0.2,327,27.22,361.42,11.05,514,23.93,-226.55,-4.41,134.87,841,55,1.603686088,
0.045,0.08,469,20.04,480.81,10.25,716,16.34,-290.97,-4.06,189.84,1185,35,1.602025316,
0.04,0.18,204,27.94,448.76,22,300,21,-369.14,-12.3,79.62,504,75,1.579761905,
0.02,0.2,256,28.91,448,17.5,419,23.15,-343.39,-8.2,104.61,675,65,1.549777778,
0.05,0.12,308,21.1,419.04,13.61,467,17.99,-301.76,-6.46,117.28,775,50,1.513290323,
0.02,0.2,328,28.05,384.97,11.74,534,24.72,-255.15,-4.78,129.82,862,25,1.506032483,
0.02,0.2,290,28.28,407.97,14.07,455,23.74,-302.47,-6.65,105.5,745,45,1.416107383,
0.02,0.2,233,28.76,424.34,18.21,393,22.9,-337.87,-8.6,86.47,626,90,1.381309904,
0.05,0.1,391,18.16,308.11,7.88,605,16.2,-171.04,-2.83,137.07,996,90,1.376204819,
0.045,0.1,413,21.55,502.55,12.17,615,17.4,-362.02,-5.89,140.53,1028,30,1.367023346,
0.055,0.12,236,20.76,244.62,10.37,387,18.35,-159.5,-4.12,85.12,623,70,1.366292135,
0.04,0.18,217,29.03,513.75,23.68,326,21.17,-442.23,-13.57,71.52,543,45,1.317127072,
0.015,0.2,337,27.3,377.37,11.2,549,23.86,-265.84,-4.84,111.53,886,45,1.258803612,
0.02,0.08,712,21.49,413.49,5.81,1119,19.84,-200.69,-1.79,212.8,1831,10,1.162206445,
0.05,0.12,317,20.82,447.02,14.1,478,17.57,-355.09,-7.43,91.93,795,60,1.156352201,
0.045,0.1,485,19.18,333.72,6.88,718,16.85,-195.4,-2.72,138.32,1203,50,1.149792186,
0.015,0.2,303,27.72,417.88,13.79,483,23.19,-329.09,-6.81,88.79,786,75,1.129643766,
0.015,0.2,371,27.49,423.84,11.42,604,24.17,-313.86,-5.2,109.98,975,30,1.128,
0.02,0.2,244,28.28,375.33,15.38,408,23.28,-303.43,-7.44,71.9,652,75,1.102760736,
0.015,0.2,342,27.49,406.96,11.9,566,23.85,-308.34,-5.45,98.62,908,40,1.086123348,
0.04,0.18,208,28.37,463.7,22.29,313,21.09,-407.17,-13.01,56.53,521,65,1.085028791,
0.05,0.12,319,20.69,452.44,14.18,485,17.53,-367.62,-7.58,84.82,804,65,1.054975124,
0.02,0.22,267,29.96,115.77,4.34,427,29.04,-42.95,-1.01,72.82,694,10,1.049279539,
0.045,0.12,407,20.88,543.83,13.36,598,17.22,-438.82,-7.34,105.01,1005,60,1.044875622,
0.02,0.2,313,27.8,367.02,11.73,513,24.37,-281.06,-5.48,85.96,826,30,1.040677966,
0.035,0.2,214,28.97,230.6,10.78,347,26.51,-173.74,-5.01,56.86,561,15,1.013547237,
0.045,0.12,409,20.54,501.4,12.26,611,17.18,-398.93,-6.53,102.47,1020,70,1.004607843,
0.015,0.2,293,27.65,403.48,13.77,468,23.08,-328.19,-7.01,75.29,761,90,0.98935611,
0.05,0.1,371,18.33,107.21,2.89,565,17.17,-17.7,-0.31,89.51,936,55,0.956303419,
0.05,0.12,316,20.25,409.02,12.94,494,17.41,-331.9,-6.72,77.12,810,70,0.952098765,
0.02,0.2,304,27.96,379.98,12.5,492,23.98,-305.64,-6.21,74.34,796,35,0.933919598,
0.055,0.08,318,17.3,42.86,1.35,523,16.25,28.96,0.55,71.82,841,90,0.853983353,
0.05,0.1,390,17.95,275.56,7.07,607,16.14,-191.04,-3.15,84.52,997,95,0.84774323,
0.02,0.2,269,28.25,385.01,14.31,436,23.39,-326.98,-7.5,58.03,705,55,0.823120567,
0.05,0.08,408,17.89,190.3,4.66,633,16.11,-106.91,-1.69,83.39,1041,60,0.801056676,
0.055,0.12,240,20.42,287.12,11.96,392,17.86,-236.53,-6.03,50.59,632,85,0.800474684,
0.02,0.2,240,28.75,415.33,17.31,404,22.77,-364.87,-9.03,50.46,644,80,0.783540373,
0.04,0.12,457,21.88,622.05,13.61,676,17.9,-535.63,-7.92,86.42,1133,30,0.762753751,
0.055,0.12,242,20.66,294.59,12.17,393,17.81,-246.53,-6.27,48.06,635,80,0.756850394,
0.015,0.22,272,27.21,-5.48,-0.2,441,28.57,59.41,1.35,53.93,713,20,0.756381487,
0.05,0.12,315,20.32,419.02,13.3,494,17.21,-359.91,-7.29,59.11,809,75,0.73065513,
0.05,0.1,386,17.88,212.99,5.52,602,16.28,-141.04,-2.34,71.95,988,85,0.728238866,
0.015,0.2,309,27.18,357.88,11.58,487,23.41,-300,-6.16,57.88,796,70,0.727135678,
0.05,0.1,387,18.09,247.04,6.38,601,16.31,-175.79,-2.92,71.25,988,80,0.721153846,
0.02,0.2,260,28.46,408,15.69,425,23.06,-360.1,-8.47,47.9,685,60,0.699270073,
0.045,0.08,437,20.59,367.81,8.42,667,16.79,-291.23,-4.37,76.58,1104,30,0.69365942,
0.035,0.18,268,27.99,399.19,14.9,418,23.92,-351.87,-8.42,47.32,686,20,0.689795918,
0.025,0.22,214,28.5,40.4,1.89,365,29.04,-1.4,-0.04,39,579,15,0.67357513,
0.055,0.1,287,18.12,10.06,0.35,459,17.65,40.17,0.88,50.23,746,70,0.673324397,
0.04,0.18,230,28.7,341.81,14.86,332,24.1,-304.06,-9.16,37.75,562,20,0.671708185,
0.02,0.2,343,27.7,342.45,9.98,556,24.82,-283.19,-5.09,59.26,899,20,0.659176863,
0.045,0.08,512,18.55,293.98,5.74,777,16.09,-211.2,-2.72,82.78,1289,45,0.642203258,
0.015,0.2,290,27.59,399.47,13.77,463,22.89,-353.74,-7.64,45.73,753,95,0.607304117,
0.05,0.08,390,17.69,-20.26,-0.52,609,16.75,76.42,1.25,56.16,999,50,0.562162162,
0.02,0.2,251,28.29,382.38,15.23,416,23.08,-346.39,-8.33,35.99,667,70,0.53958021,
0.055,0.1,292,17.81,42.56,1.46,471,17.2,-6.86,-0.15,35.7,763,85,0.467889908,
0.04,0.12,378,24.07,581.21,15.38,571,19.44,-542.22,-9.5,38.99,949,20,0.41085353,
0.05,0.12,321,20.25,460.09,14.33,493,16.84,-427.93,-8.68,32.16,814,90,0.395085995,
0.02,0.18,394,27.92,368.37,9.35,621,25.28,-328.95,-5.3,39.42,1015,10,0.388374384,
0.025,0.22,205,29.76,144.41,7.04,334,27.54,-123.77,-3.71,20.64,539,20,0.382931354,
0.06,0.12,204,20.59,154.83,7.59,329,18.54,-136.54,-4.15,18.29,533,75,0.34315197,
0.015,0.2,311,27.01,337.88,10.86,497,23.34,-310.59,-6.25,27.29,808,65,0.337747525,
0.035,0.06,610,19.51,284.37,4.66,959,17.73,-234.41,-2.44,49.96,1569,20,0.318419375,
0.055,0.1,285,18.25,30.06,1.05,459,17.65,-6.56,-0.14,23.5,744,65,0.315860215,
0.015,0.2,297,27.61,410.87,13.83,474,22.78,-388.19,-8.19,22.68,771,85,0.294163424,
0.045,0.1,489,19.22,371.84,7.6,723,16.32,-336.4,-4.65,35.44,1212,55,0.292409241,
0.02,0.2,237,28.27,384.34,16.22,401,22.69,-367.87,-9.17,16.47,638,85,0.25815047,
0.055,0.12,241,20.33,224.59,9.32,392,18.11,-209.5,-5.34,15.09,633,75,0.238388626,
0.045,0.1,491,18.94,427.29,8.7,732,16.12,-401.93,-5.49,25.36,1223,60,0.207358953,
0.05,0.08,416,17.07,62.3,1.5,665,15.94,-42.69,-0.64,19.61,1081,70,0.181406105,
0.045,0.12,406,20.44,478.77,11.79,604,17.05,-462.29,-7.65,16.48,1010,65,0.163168317,
0.015,0.2,299,27.42,390.87,13.07,477,22.85,-381.15,-7.99,9.72,776,80,0.125257732,
0.02,0.2,298,27.85,365.01,12.25,477,23.48,-365.78,-7.67,-0.77,775,40,-0.009935484,
0.05,0.12,303,21.78,413.05,13.63,461,18,-415.21,-9.01,-2.16,764,45,-0.028272251,
0.05,0.12,320,20,427.54,13.36,494,16.8,-437.93,-8.86,-10.39,814,95,-0.127641278,
0.05,0.12,263,23.19,237.98,9.05,397,20.15,-247.65,-6.24,-9.67,660,25,-0.146515152,
0.05,0.08,417,17.51,125.72,3.01,651,15.98,-144.69,-2.22,-18.97,1068,65,-0.177621723,
0.05,0.1,355,19.44,168.49,4.75,540,17.41,-185.54,-3.44,-17.05,895,45,-0.190502793,
0.025,0.22,227,28.19,-48.42,-2.13,366,29.78,36.46,1,-11.96,593,10,-0.201686341,
0.05,0.12,314,20.38,317.02,10.1,476,17.65,-335.09,-7.04,-18.07,790,55,-0.228734177,
0.05,0.12,318,20.13,389.02,12.23,495,16.97,-407.93,-8.24,-18.91,813,80,-0.232595326,
0.035,0.18,252,27.38,393.71,15.62,400,22,-411.16,-10.28,-17.45,652,35,-0.267638037,
0.035,0.18,256,27.34,362.29,14.15,405,22.72,-384.56,-9.5,-22.27,661,30,-0.336913767,
0.025,0.2,273,28.21,123.95,4.54,442,27.38,-149.66,-3.39,-25.71,715,10,-0.35958042,
0.04,0.06,540,19.44,212.12,3.93,828,17.03,-264.08,-3.19,-51.96,1368,25,-0.379824561,
0.055,0.1,293,17.75,-19.97,-0.68,464,17.46,-9.83,-0.21,-29.8,757,75,-0.393659181,
0.055,0.08,316,16.77,-92.18,-2.92,524,16.41,53.93,1.03,-38.25,840,85,-0.455357143,
0.05,0.12,292,22.6,372.11,12.74,449,18.49,-406.07,-9.04,-33.96,741,35,-0.458299595,
0.06,0.12,205,20.49,144.83,7.06,329,18.24,-169.54,-5.15,-24.71,534,80,-0.462734082,
0.055,0.06,341,16.42,-57.27,-1.68,557,15.8,10.67,0.19,-46.6,898,95,-0.518930958,
0.04,0.1,423,21.99,318.93,7.54,637,18.84,-375.14,-5.89,-56.21,1060,20,-0.530283019,
0.035,0.18,249,27.71,423.71,17.02,392,21.43,-463.07,-11.81,-39.36,641,40,-0.614040562,
0.03,0.22,191,29.32,78.23,4.1,310,28.06,-109.58,-3.53,-31.35,501,15,-0.625748503,
0.05,0.08,378,18.52,43.75,1.16,591,16.75,-104.75,-1.77,-61,969,45,-0.629514964,
0.03,0.2,243,28.81,240.6,9.9,404,25.5,-282.23,-6.99,-41.63,647,15,-0.643431221,
0.05,0.12,316,19.94,364.97,11.55,492,16.87,-417.93,-8.49,-52.96,808,85,-0.655445545,
0.03,0.22,190,31.05,148.06,7.79,329,28.27,-183.19,-5.57,-35.13,519,10,-0.676878613,
0.05,0.08,419,16.95,32.3,0.77,669,15.7,-110.7,-1.65,-78.4,1088,75,-0.720588235,
0.055,0.1,294,18.03,50.03,1.7,471,16.99,-106.86,-2.27,-56.83,765,80,-0.742875817,
0.03,0.06,642,19.78,256.46,3.99,1004,18.13,-380.21,-3.79,-123.75,1646,15,-0.7518226,
0.055,0.08,306,17.32,-74.68,-2.44,504,16.87,13.75,0.27,-60.93,810,65,-0.752222222,
0.045,0.06,493,19.27,370.68,7.52,750,15.73,-481.72,-6.42,-111.04,1243,35,-0.893322607,
0.025,0.18,354,26.27,265.91,7.51,591,24.37,-351.09,-5.94,-85.18,945,15,-0.901375661,
0.055,0.08,310,17.1,-114.68,-3.7,506,16.8,40.48,0.8,-74.2,816,70,-0.909313725,
0.04,0.18,225,28.44,441.78,19.63,334,21.26,-493.12,-14.76,-51.34,559,35,-0.91842576,
0.04,0.18,221,28.05,419.7,18.99,332,21.08,-471.27,-14.19,-51.57,553,40,-0.932549729,
0.015,0.2,391,26.6,294.8,7.54,629,24.01,-391.35,-6.22,-96.55,1020,25,-0.946568627,
0.03,0.18,311,26.37,285.72,9.19,504,23.61,-363,-7.2,-77.28,815,20,-0.948220859,
0.055,0.08,317,17.03,-74.71,-2.36,520,16.35,-6.07,-0.12,-80.78,837,80,-0.965113501,
0.05,0.12,271,22.51,213.75,7.89,429,19.35,-282.53,-6.59,-68.78,700,30,-0.982571429,
0.045,0.12,413,19.85,413.35,10.01,617,16.69,-517.15,-8.38,-103.8,1030,80,-1.00776699,
0.04,0.08,568,18.84,165.33,2.91,862,16.47,-311.67,-3.62,-146.34,1430,30,-1.023356643,
0.045,0.14,226,25.66,116.83,5.17,345,24.64,-175.34,-5.08,-58.51,571,15,-1.02469352,
0.045,0.06,456,19.96,307.68,6.75,696,16.24,-431.98,-6.21,-124.3,1152,30,-1.078993056,
0.015,0.2,415,26.27,131.28,3.16,678,25.52,-251.74,-3.71,-120.46,1093,15,-1.1021043,
0.06,0.12,203,19.7,100.87,4.97,328,18.29,-159.54,-4.86,-58.67,531,85,-1.104896422,
0.045,0.12,300,24,310.59,10.35,462,20.13,-395.06,-8.55,-84.47,762,20,-1.108530184,
0.05,0.08,399,17.29,-67.53,-1.69,627,16.27,-46.91,-0.75,-114.44,1026,55,-1.11539961,
0.06,0.12,206,20.39,94.73,4.6,322,18.94,-154.75,-4.81,-60.02,528,55,-1.136742424,
0.055,0.12,226,22.12,191.69,8.48,362,19.61,-259.07,-7.16,-67.38,588,35,-1.145918367,
0.03,0.18,294,26.53,423.66,14.41,462,21.43,-513.24,-11.11,-89.58,756,45,-1.184920635,
0.035,0.14,402,23.88,415.83,10.34,628,20.7,-538.59,-8.58,-122.76,1030,20,-1.19184466,
0.04,0.12,473,21.35,561.93,11.88,714,17.23,-707.77,-9.91,-145.84,1187,35,-1.228643639,
0.045,0.1,495,18.38,312.23,6.31,742,15.9,-465.4,-6.27,-153.17,1237,65,-1.238237672,
0.04,0.08,444,21.17,214.19,4.82,682,18.18,-354.83,-5.2,-140.64,1126,20,-1.249023091,
0.045,0.1,503,18.29,284.86,5.66,753,15.94,-442.04,-5.87,-157.18,1256,70,-1.251433121,
0.06,0.12,208,20.67,142.3,6.84,324,18.52,-209.72,-6.47,-67.42,532,65,-1.267293233,
0.06,0.12,205,19.51,80.87,3.94,327,18.35,-149.54,-4.57,-68.67,532,90,-1.290789474,
0.05,0.08,436,16.74,88.37,2.03,682,15.25,-233.97,-3.43,-145.6,1118,90,-1.302325581,
0.045,0.12,414,19.57,371.3,8.97,616,16.72,-507.15,-8.23,-135.85,1030,85,-1.318932039,
0.06,0.12,205,20.49,104.73,5.11,324,18.83,-174.75,-5.39,-70.02,529,60,-1.32362949,
0.055,0.12,230,21.3,117.68,5.12,370,19.46,-200.27,-5.41,-82.59,600,40,-1.3765,
0.045,0.08,541,17.74,82.1,1.52,810,15.56,-268.96,-3.32,-186.86,1351,55,-1.383123612,
0.045,0.12,415,19.52,361.3,8.71,611,16.69,-503.23,-8.24,-141.93,1026,90,-1.383333333,
0.045,0.06,526,18.25,163.36,3.11,794,15.74,-349.3,-4.4,-185.94,1320,40,-1.408636364,
0.045,0.12,411,19.71,350.71,8.53,615,16.75,-497.15,-8.08,-146.44,1026,75,-1.427290448,
0.025,0.18,336,25.6,369.57,11,540,21.48,-497.17,-9.21,-127.6,876,50,-1.456621005,
0.04,0.18,234,27.78,287.43,12.28,337,23.15,-373.21,-11.07,-85.78,571,25,-1.502276708,
0.03,0.18,299,26.76,444.68,14.87,470,21.28,-560.24,-11.92,-115.56,769,40,-1.502730819,
0.03,0.14,569,20.91,146.3,2.57,862,19.49,-364.04,-4.22,-217.74,1431,35,-1.521593291,
0.05,0.08,428,16.59,23.25,0.54,678,15.34,-193.97,-2.86,-170.72,1106,85,-1.54358047,
0.015,0.2,406,25.86,162.41,4,663,24.74,-332.53,-5.02,-170.12,1069,20,-1.591393826,
0.03,0.18,290,26.55,432.7,14.92,456,21.05,-551.71,-12.1,-119.01,746,50,-1.595308311,
0.045,0.08,533,17.82,83.98,1.58,799,15.89,-298.33,-3.73,-214.35,1332,50,-1.609234234,
0.02,0.14,524,25,425.01,8.11,825,22.3,-645.62,-7.83,-220.61,1349,10,-1.635359526,
0.025,0.18,348,25.57,345.07,9.92,544,21.69,-492.05,-9.05,-146.98,892,45,-1.647757848,
0.045,0.08,544,17.46,127.55,2.34,822,15.33,-364.49,-4.43,-236.94,1366,60,-1.734553441,
0.045,0.06,543,17.86,254.7,4.69,820,15.37,-491.95,-6,-237.25,1363,45,-1.740645635,
0.035,0.12,534,21.35,453.27,8.49,815,18.4,-689.16,-8.46,-235.89,1349,25,-1.748628614,
0.06,0.1,219,19.63,-23.29,-1.06,332,19.58,-74.08,-2.23,-97.37,551,40,-1.767150635,
0.025,0.12,961,18.31,291.83,3.04,1454,16.85,-720.85,-4.96,-429.02,2415,45,-1.776480331,
0.055,0.12,231,20.35,159.66,6.91,385,18.44,-269.17,-6.99,-109.51,616,55,-1.77775974,
0.055,0.06,338,16.57,-27.27,-0.81,554,15.52,-131.79,-2.38,-159.06,892,90,-1.783183857,
0.055,0.12,233,20.6,202.16,8.68,387,18.09,-313.38,-8.1,-111.22,620,60,-1.793870968,
0.04,0.18,223,26.91,92.41,4.14,332,25.9,-194.47,-5.86,-102.06,555,15,-1.838918919,
0.05,0.06,411,17.03,-100.39,-2.44,641,16.07,-94.33,-1.47,-194.72,1052,50,-1.85095057,
0.055,0.12,216,22.22,98.07,4.54,338,20.41,-200.99,-5.95,-102.92,554,30,-1.857761733,
0.035,0.18,243,27.16,388.71,16,385,21.04,-506.1,-13.15,-117.39,628,45,-1.869267516,
0.035,0.18,225,28,478.68,21.27,354,19.77,-589.64,-16.66,-110.96,579,85,-1.916407599,
0.03,0.14,526,22.05,319.49,6.07,819,19.9,-580.02,-7.08,-260.53,1345,25,-1.937026022,
0.03,0.18,274,26.28,421.54,15.38,438,20.55,-559.78,-12.78,-138.24,712,70,-1.941573034,
0.02,0.18,452,25.22,221.56,4.9,714,23.81,-448.02,-6.27,-226.46,1166,15,-1.94219554,
0.05,0.08,436,16.51,45.82,1.05,685,15.18,-263.97,-3.85,-218.15,1121,95,-1.94603033,
0.025,0.18,376,26.6,424.79,11.3,594,22.56,-614.75,-10.35,-189.96,970,20,-1.958350515,
0.035,0.18,225,28,478.68,21.27,360,20,-593.64,-16.49,-114.96,585,80,-1.965128205,
0.055,0.08,316,16.77,-144.71,-4.58,512,16.6,-19.52,-0.38,-164.23,828,75,-1.983454106,
0.045,0.12,415,19.28,317.25,7.64,613,16.64,-523.23,-8.54,-205.98,1028,95,-2.003696498,
0.03,0.1,975,16.62,-181,-1.86,1447,16.17,-305.62,-2.11,-486.62,2422,40,-2.009165979,
0.015,0.14,696,23.99,366.14,5.26,1052,21.86,-724.39,-6.89,-358.25,1748,10,-2.049485126,
0.015,0.12,815,22.58,502.29,6.16,1233,20.36,-923.22,-7.49,-420.93,2048,10,-2.055322266,
0.04,0.06,457,20.79,214.06,4.68,707,17.68,-455.58,-6.44,-241.52,1164,20,-2.074914089,
0.03,0.18,309,26.86,281.28,9.1,485,23.71,-449.07,-9.26,-167.79,794,15,-2.113224181,
0.02,0.06,760,20.53,345.06,4.54,1190,18.74,-761.44,-6.4,-416.38,1950,10,-2.135282051,
0.055,0.06,320,16.88,-84.81,-2.65,530,16.23,-97,-1.83,-181.81,850,65,-2.138941176,
0.03,0.1,946,16.91,-155.97,-1.65,1396,16.62,-348.37,-2.5,-504.34,2342,35,-2.153458582,
0.015,0.18,530,23.58,162.12,3.06,825,22.18,-454.26,-5.51,-292.14,1355,35,-2.15601476,
0.05,0.06,432,17.13,80.17,1.86,669,15.4,-317.66,-4.75,-237.49,1101,60,-2.157039055,
0.035,0.18,221,27.6,63.39,2.87,353,26.91,-187.33,-5.31,-123.94,574,10,-2.159233449,
0.045,0.1,512,17.77,242.05,4.73,765,15.56,-520.26,-6.8,-278.21,1277,80,-2.17862177,
0.035,0.1,620,19.68,316.73,5.11,950,17.37,-662.27,-6.97,-345.54,1570,25,-2.20089172,
0.03,0.18,282,26.6,448.66,15.91,440,20.45,-612.64,-13.92,-163.98,722,60,-2.271191136,
0.04,0.14,325,25.54,496.05,15.26,485,20.21,-680.38,-14.03,-184.33,810,20,-2.275679012,
0.06,0.12,206,20.39,134.83,6.55,326,18.1,-256.75,-7.88,-121.92,532,70,-2.291729323,
0.03,0.12,822,17.76,202.96,2.47,1252,16.13,-683.5,-5.46,-480.54,2074,95,-2.316972035,
0.05,0.08,426,16.67,-37.7,-0.88,676,15.38,-218.72,-3.24,-256.42,1102,80,-2.326860254,
0.025,0.12,968,18.29,373.56,3.86,1484,16.51,-946.21,-6.38,-572.65,2452,50,-2.335440457,
0.05,0.06,395,17.97,3.62,0.09,620,16.13,-245.5,-3.96,-241.88,1015,45,-2.383054187,
0.03,0.1,995,16.48,-112.38,-1.13,1502,15.85,-483.53,-3.22,-595.91,2497,45,-2.386503805,
0.045,0.1,513,17.54,200,3.9,764,15.58,-510.26,-6.68,-310.26,1277,85,-2.429600626,
0.035,0.18,225,28,478.68,21.27,363,19.83,-623.64,-17.18,-144.96,588,75,-2.465306122,
0.03,0.18,264,26.14,403.55,15.29,429,20.28,-575.76,-13.42,-172.21,693,85,-2.484992785,
0.035,0.18,221,27.6,463.74,20.98,348,19.54,-605.59,-17.4,-141.85,569,95,-2.492970123,
0.035,0.18,226,27.88,468.68,20.74,366,19.95,-618.67,-16.9,-149.99,592,70,-2.533614865,
0.025,0.18,329,25.53,364.02,11.06,522,20.88,-579.78,-11.11,-215.76,851,60,-2.535370153,
0.03,0.12,775,18.45,55.36,0.71,1161,17.23,-548.67,-4.73,-493.31,1936,40,-2.548088843,
0.025,0.18,361,25.21,288.14,7.98,559,21.82,-522.59,-9.35,-234.45,920,40,-2.548369565,
0.04,0.1,557,19.21,269.95,4.85,844,16.35,-630.88,-7.47,-360.93,1401,35,-2.576231263,
0.055,0.06,334,16.17,-142.31,-4.26,553,15.73,-86.82,-1.57,-229.13,887,85,-2.583201804,
0.015,0.18,512,23.44,156.6,3.06,780,21.67,-490.99,-6.29,-334.39,1292,50,-2.588157895,
0.03,0.18,286,26.57,442.67,15.48,445,20.45,-632.61,-14.22,-189.94,731,55,-2.598358413,
0.055,0.06,326,16.56,-144.81,-4.44,533,16.14,-80.27,-1.51,-225.08,859,70,-2.620256112,
0.03,0.14,438,23.74,347.92,7.94,689,20.9,-643.36,-9.34,-295.44,1127,15,-2.621472937,
0.03,0.12,818,17.6,99.65,1.22,1250,16.24,-643.23,-5.15,-543.58,2068,85,-2.628529981,
0.03,0.12,810,17.78,72.24,0.89,1234,16.45,-609.82,-4.94,-537.58,2044,70,-2.630039139,
0.06,0.12,205,19.51,80.87,3.94,327,17.74,-221.55,-6.78,-140.68,532,95,-2.644360902,
0.05,0.14,209,25.84,157.83,7.55,317,22.4,-297.43,-9.38,-139.6,526,20,-2.653992395,
0.05,0.12,292,21.23,225.51,7.72,455,18.24,-424.52,-9.33,-199.01,747,40,-2.664123159,
0.015,0.1,938,20.68,188.08,2.01,1407,19.26,-819.31,-5.82,-631.23,2345,10,-2.691812367,
0.05,0.12,234,24.36,135.33,5.78,355,21.41,-294.49,-8.3,-159.16,589,20,-2.702207131,
0.045,0.08,551,16.88,-17.51,-0.32,836,15.19,-358.07,-4.28,-375.58,1387,65,-2.707858688,
0.045,0.1,514,17.51,190,3.7,762,15.49,-536.34,-7.04,-346.34,1276,90,-2.714263323,
0.035,0.12,405,22.96,329.43,8.13,628,20.38,-611.15,-9.73,-281.72,1033,15,-2.727202323,
0.06,0.12,206,20.87,129.7,6.3,317,18.93,-272.57,-8.6,-142.87,523,50,-2.731739962,
0.025,0.18,333,25.23,324.02,9.73,535,21.12,-561.19,-10.49,-237.17,868,55,-2.732373272,
0.035,0.18,236,27.54,426.66,18.08,378,20.37,-598.28,-15.83,-171.62,614,50,-2.795114007,
0.03,0.18,270,26.3,432.55,16.02,434,20.28,-629.68,-14.51,-197.13,704,75,-2.800142045,
0.05,0.1,343,18.95,-9.05,-0.26,528,17.61,-234.85,-4.45,-243.9,871,40,-2.800229621,
0.045,0.1,519,17.15,95.95,1.85,772,15.54,-459,-5.95,-363.05,1291,95,-2.812161115,
0.03,0.14,557,21.36,204.3,3.67,845,19.41,-598.93,-7.09,-394.63,1402,30,-2.814764622,
0.03,0.12,757,18.63,-29.61,-0.39,1138,17.75,-509.4,-4.48,-539.01,1895,35,-2.844379947,
0.045,0.1,508,17.72,199.41,3.93,759,15.55,-560.26,-7.38,-360.85,1267,75,-2.848066298,
0.03,0.1,887,17.47,-85.84,-0.97,1315,16.81,-543.03,-4.13,-628.87,2202,30,-2.855903724,
0.03,0.12,724,19.34,163.2,2.25,1100,17.82,-686.75,-6.24,-523.55,1824,30,-2.870339912,
0.025,0.18,364,25.27,287.13,7.89,569,21.79,-555.52,-9.76,-268.39,933,35,-2.876634512,
0.03,0.18,263,26.24,413.55,15.72,424,20.05,-611.82,-14.43,-198.27,687,95,-2.886026201,
0.015,0.18,547,23.95,228.04,4.17,841,21.88,-630.56,-7.5,-402.52,1388,30,-2.9,
0.04,0.06,598,18.23,136.05,2.28,903,15.84,-572.42,-6.34,-436.37,1501,30,-2.907195203,
0.03,0.12,783,18.26,56.8,0.73,1188,17,-633.76,-5.33,-576.96,1971,45,-2.927245053,
0.03,0.14,576,20.49,108.25,1.88,875,18.63,-533.29,-6.09,-425.04,1451,40,-2.929290145,
0.055,0.06,334,16.47,-114.84,-3.44,549,15.66,-146.82,-2.67,-261.66,883,80,-2.963306908,
0.035,0.18,223,27.35,443.74,19.9,353,19.55,-614.61,-17.41,-170.87,576,90,-2.966493056,
0.025,0.12,950,18,-42.76,-0.45,1437,17.12,-666.58,-4.64,-709.34,2387,40,-2.971679933,
0.025,0.12,982,18.23,453.82,4.62,1505,16.01,-1196.36,-7.95,-742.54,2487,60,-2.985685565,
0.025,0.12,990,18.08,467.93,4.73,1511,15.88,-1219.15,-8.07,-751.22,2501,65,-3.003678529,
0.035,0.1,875,15.89,-179.49,-2.05,1282,15.05,-470.95,-3.67,-650.44,2157,95,-3.015484469,
0.03,0.12,821,17.66,115.73,1.41,1249,16.17,-742.15,-5.94,-626.42,2070,80,-3.026183575,
0.045,0.08,561,16.76,-64.88,-1.16,850,15.18,-364.71,-4.29,-429.59,1411,70,-3.044578313,
0.03,0.12,668,20.21,373.29,5.59,1043,18.02,-895.38,-8.58,-522.09,1711,25,-3.051373466,
0.03,0.18,277,26.35,420.53,15.18,438,20.32,-638.72,-14.58,-218.19,715,65,-3.051608392,
0.035,0.08,673,18.42,16.99,0.25,1043,16.68,-544.94,-5.22,-527.95,1716,25,-3.076631702,
0.045,0.14,307,22.15,277.89,9.05,469,18.12,-517.64,-11.04,-239.75,776,70,-3.089561856,
0.015,0.18,522,23.56,171.16,3.28,810,21.6,-585.14,-7.22,-413.98,1332,40,-3.107957958,
0.03,0.1,801,18.35,146.91,1.83,1224,17.08,-776.72,-6.35,-629.81,2025,25,-3.11017284,
0.025,0.1,1261,16.34,91.87,0.73,1918,15.22,-1080.81,-5.64,-988.94,3179,45,-3.110852469,
0.055,0.12,229,20.09,35.29,1.54,381,18.9,-225.06,-5.91,-189.77,610,45,-3.110983607,
0.03,0.12,814,17.69,78.44,0.96,1234,16.29,-719.72,-5.83,-641.28,2048,75,-3.13125,
0.015,0.18,498,23.49,186.63,3.75,750,21.2,-578.38,-7.71,-391.75,1248,60,-3.139022436,
0.04,0.12,315,23.17,72,2.29,483,21.95,-322.65,-6.68,-250.65,798,15,-3.140977444,
0.03,0.12,821,17.66,147.17,1.79,1246,15.97,-799.19,-6.41,-652.02,2067,90,-3.154426705,
0.045,0.08,575,16.35,-42.75,-0.74,870,14.83,-417.67,-4.8,-460.42,1445,80,-3.186297578,
0.03,0.18,265,27.92,141.35,5.33,421,25.65,-360.94,-8.57,-219.59,686,10,-3.201020408,
0.03,0.18,268,26.12,409.63,15.28,432,20.14,-634.68,-14.69,-225.05,700,80,-3.215,
0.015,0.18,508,23.23,115.62,2.28,760,21.45,-523.35,-6.89,-407.73,1268,55,-3.215536278,
0.04,0.12,491,20.57,462.37,9.42,729,16.74,-855.92,-11.74,-393.55,1220,40,-3.225819672,
0.035,0.18,266,26.32,137.43,5.17,402,24.63,-353.01,-8.78,-215.58,668,15,-3.227245509,
0.05,0.06,444,16.22,-87.83,-1.98,704,15.2,-283.44,-4.03,-371.27,1148,70,-3.234059233,
0.015,0.16,603,25.37,349.15,5.79,909,22.77,-841.06,-9.25,-491.91,1512,10,-3.253373016,
0.025,0.1,1052,16.92,-325.17,-3.09,1572,16.79,-529.24,-3.37,-854.41,2624,25,-3.256135671,
0.025,0.18,376,25.53,310.78,8.27,594,22.22,-629.22,-10.59,-318.44,970,25,-3.282886598,
0.015,0.18,520,23.27,111.57,2.15,799,21.53,-550.01,-6.88,-438.44,1319,45,-3.324033359,
0.03,0.12,802,17.96,31.91,0.4,1216,16.45,-702.84,-5.78,-670.93,2018,60,-3.324727453,
0.025,0.18,326,25.15,333.03,10.22,514,20.62,-612.78,-11.92,-279.75,840,65,-3.330357143,
0.05,0.14,222,24.77,182.8,8.23,340,20.88,-370.73,-10.9,-187.93,562,25,-3.343950178,
0.04,0.12,498,20.48,523.58,10.51,749,16.42,-941.19,-12.57,-417.61,1247,50,-3.348917402,
0.03,0.12,805,17.89,71.23,0.88,1224,16.34,-751.4,-6.14,-680.17,2029,65,-3.352242484,
0.045,0.14,311,23.47,364.82,11.73,460,18.48,-623.48,-13.55,-258.66,771,40,-3.354863813,
0.05,0.06,444,16.67,-14.41,-0.32,688,15.26,-365.44,-5.31,-379.85,1132,65,-3.355565371,
0.035,0.1,865,15.84,-312.22,-3.61,1270,15.35,-406.18,-3.2,-718.4,2135,80,-3.364871194,
0.025,0.18,312,25,339.96,10.9,496,20.36,-614.9,-12.4,-274.94,808,85,-3.402722772,
0.035,0.1,869,15.65,-317.07,-3.65,1271,15.18,-417.06,-3.28,-734.13,2140,90,-3.430514019,
0.025,0.12,978,18.1,338.63,3.46,1497,16.17,-1190.23,-7.95,-851.6,2475,55,-3.440808081,
0.045,0.14,315,22.86,320.31,10.17,466,18.45,-591,-12.68,-270.69,781,50,-3.465941101,
0.04,0.18,230,27.39,291.9,12.69,332,21.69,-487.74,-14.69,-195.84,562,30,-3.484697509,
0.045,0.14,312,23.08,350.31,11.23,463,18.36,-620.88,-13.41,-270.57,775,45,-3.491225806,
0.045,0.12,242,24.79,106.81,4.41,375,23.2,-322.63,-8.6,-215.82,617,15,-3.497893031,
0.03,0.1,1103,15.78,5.82,0.05,1683,14.62,-983.73,-5.85,-977.91,2786,95,-3.510086145,
0.04,0.14,355,23.94,376.6,10.61,529,19.47,-687.23,-12.99,-310.63,884,25,-3.513914027,
0.025,0.18,312,25,339.96,10.9,493,20.28,-622.92,-12.64,-282.96,805,90,-3.515031056,
0.02,0.1,1015,18.13,-210.01,-2.07,1542,18.03,-691.96,-4.49,-901.97,2557,15,-3.527454048,
0.035,0.1,868,15.78,-342.22,-3.94,1265,15.26,-412.18,-3.26,-754.4,2133,85,-3.536802625,
0.025,0.12,1014,17.85,410.55,4.05,1527,15.65,-1311.57,-8.59,-901.02,2541,75,-3.5459268,
0.045,0.08,569,16.34,-65.39,-1.15,863,14.83,-447.67,-5.19,-513.06,1432,75,-3.582821229,
0.055,0.12,207,22.71,36.59,1.77,315,20.95,-224.04,-7.11,-187.45,522,25,-3.590996169,
0.04,0.1,580,18.79,295.83,5.1,873,15.81,-819.03,-9.38,-523.2,1453,40,-3.600825877,
0.05,0.08,365,18.08,-123.79,-3.39,573,16.93,-214.54,-3.74,-338.33,938,40,-3.606929638,
0.05,0.06,422,16.59,-167.66,-3.97,660,15.61,-227.66,-3.45,-395.32,1082,55,-3.653604436,
0.025,0.1,1234,16.13,-279.81,-2.27,1875,15.57,-856.63,-4.57,-1136.44,3109,40,-3.655323255,
0.025,0.12,638,20.85,205.7,3.22,1001,19.68,-808.6,-8.08,-602.9,1639,15,-3.678462477,
0.055,0.12,229,20.09,102.14,4.46,385,18.18,-329.05,-8.55,-226.91,614,50,-3.695602606,
0.025,0.12,998,17.94,425.1,4.26,1519,15.67,-1364.64,-8.98,-939.54,2517,70,-3.732777116,
0.035,0.18,226,27.88,468.68,20.74,376,19.68,-693.67,-18.45,-224.99,602,65,-3.737375415,
0.035,0.18,230,27.39,428.68,18.64,372,19.89,-653.67,-17.57,-224.99,602,60,-3.737375415,
0.015,0.18,484,23.35,172.08,3.56,729,20.85,-625.89,-8.59,-453.81,1213,75,-3.741220115,
0.025,0.12,1017,17.5,285.5,2.81,1549,15.62,-1251.24,-8.08,-965.74,2566,90,-3.763600935,
0.045,0.14,311,23.15,360.31,11.59,463,17.93,-652,-14.08,-291.69,774,55,-3.768604651,
0.05,0.14,242,23.97,256.95,10.62,365,19.45,-486.71,-13.33,-229.76,607,35,-3.785172982,
0.05,0.1,294,21.09,27.98,0.95,439,19.13,-305.63,-6.96,-277.65,733,25,-3.787858117,
0.045,0.08,577,16.12,-94.8,-1.64,874,14.76,-457.67,-5.24,-552.47,1451,85,-3.807512061,
0.04,0.1,654,17.28,177.84,2.72,980,14.9,-801.11,-8.17,-623.27,1634,90,-3.814381885,
0.055,0.06,333,16.22,-184.84,-5.55,540,15.93,-150.27,-2.78,-335.11,873,75,-3.83860252,
0.025,0.18,309,24.92,340.97,11.03,490,20,-648.88,-13.24,-307.91,799,95,-3.853692115,
0.025,0.12,1013,17.57,325.5,3.21,1543,15.62,-1311.05,-8.5,-985.55,2556,85,-3.855829421,
0.045,0.12,335,22.69,309.88,9.25,499,18.24,-632.5,-12.68,-322.62,834,25,-3.868345324,
0.025,0.12,1014,17.46,286.51,2.83,1546,15.52,-1277.2,-8.26,-990.69,2560,95,-3.869882813,
0.04,0.1,658,17.17,137.84,2.09,984,14.94,-777.01,-7.9,-639.17,1642,95,-3.892630938,
0.03,0.12,795,17.99,-26.59,-0.33,1198,16.69,-749.59,-6.26,-776.18,1993,50,-3.894530858,
0.05,0.1,254,22.44,-64.67,-2.55,380,21.05,-182.47,-4.8,-247.14,634,20,-3.898107256,
0.05,0.1,338,20.12,99.83,2.95,516,17.44,-433.74,-8.41,-333.91,854,35,-3.909953162,
0.015,0.18,563,23.62,139,2.47,865,21.85,-698.05,-8.07,-559.05,1428,25,-3.914915966,
0.045,0.16,211,25.59,-7.9,-0.37,320,25.31,-200.34,-6.26,-208.24,531,15,-3.92165725,
0.015,0.18,474,23.21,157.68,3.33,714,20.73,-624.99,-8.75,-467.31,1188,90,-3.933585859,
0.025,0.12,916,18.23,-51.46,-0.56,1400,17.07,-865.13,-6.18,-916.59,2316,35,-3.957642487,
0.035,0.1,853,15.83,-360,-4.22,1246,15.33,-470.79,-3.78,-830.79,2099,75,-3.958027632,
0.015,0.18,490,23.06,112.08,2.29,733,21.01,-596.8,-8.14,-484.72,1223,70,-3.963368765,
0.05,0.06,468,16.03,39.09,0.84,725,14.48,-514.72,-7.1,-475.63,1193,90,-3.986839899,
0.035,0.12,582,19.93,358.69,6.16,903,16.94,-951.18,-10.53,-592.49,1485,35,-3.98983165,
0.025,0.18,324,25,315.01,9.72,511,20.35,-648.27,-12.69,-333.26,835,70,-3.991137725,
0.04,0.12,513,19.49,384.22,7.49,785,15.8,-903.39,-11.51,-519.17,1298,95,-3.999768875,
0.03,0.1,1019,16.09,-315.77,-3.1,1532,15.47,-706.77,-4.61,-1022.54,2551,50,-4.008388867,
0.02,0.12,1102,18.15,-205.32,-1.86,1645,17.57,-895.9,-5.45,-1101.22,2747,25,-4.00880961,
0.045,0.08,578,16.09,-104.8,-1.81,872,14.68,-483.75,-5.55,-588.55,1450,90,-4.058965517,
0.015,0.15,640,24.69,303.85,4.75,966,22.15,-957.31,-9.91,-653.46,1606,10,-4.06886675,
0.035,0.18,232,27.59,437.67,18.87,379,19.79,-686.63,-18.12,-248.96,611,55,-4.074631751,
0.05,0.06,458,15.94,-6.03,-0.13,721,14.56,-474.72,-6.58,-480.75,1179,85,-4.077608142,
0.055,0.1,245,20,-91.93,-3.75,370,19.73,-158.97,-4.3,-250.9,615,30,-4.079674797,
0.035,0.1,705,17.87,44.48,0.63,1078,16.14,-772.52,-7.17,-728.04,1783,35,-4.08323051,
0.03,0.1,1047,15.85,-374.68,-3.58,1591,15.15,-702.66,-4.42,-1077.34,2638,60,-4.083927218,
0.02,0.15,487,25.46,307.86,6.32,767,22.56,-820.69,-10.7,-512.83,1254,10,-4.089553429,
0.04,0.1,603,18.41,292.28,4.85,912,15.46,-916.96,-10.05,-624.68,1515,50,-4.12330033,
0.035,0.14,357,24.09,266.73,7.47,546,21.43,-639.33,-11.71,-372.6,903,15,-4.126245847,
0.05,0.14,228,24.12,178.57,7.83,358,20.11,-420.71,-11.75,-242.14,586,30,-4.132081911,
0.05,0.06,448,16.07,-127.83,-2.85,708,14.97,-351.45,-4.96,-479.28,1156,75,-4.146020761,
0.02,0.16,464,25.65,213.16,4.59,730,23.15,-709.61,-9.72,-496.45,1194,10,-4.157872697,
0.025,0.18,324,25,315.01,9.72,505,20.2,-660.85,-13.09,-345.84,829,75,-4.171773221,
0.015,0.18,492,22.97,92.08,1.87,743,21,-607.39,-8.17,-515.31,1235,65,-4.172550607,
0.04,0.08,637,17.43,-43.91,-0.69,969,15.27,-626.44,-6.46,-670.35,1606,40,-4.174034869,
0.06,0.1,225,18.67,-115.34,-5.13,342,19.01,-122.53,-3.58,-237.87,567,45,-4.195238095,
0.04,0.14,375,21.6,290.42,7.74,571,17.34,-688.03,-12.05,-397.61,946,95,-4.203065539,
0.015,0.18,471,23.14,153.67,3.26,709,20.59,-650.54,-9.18,-496.87,1180,95,-4.210762712,
0.04,0.14,380,22.37,377.43,9.93,571,17.86,-778.02,-13.63,-400.59,951,50,-4.212302839,
0.04,0.12,495,20.61,476.42,9.62,740,16.35,-996.88,-13.47,-520.46,1235,45,-4.214251012,
0.035,0.1,760,16.97,-92.8,-1.22,1144,15.73,-710.25,-6.21,-803.05,1904,45,-4.21769958,
0.03,0.1,1074,15.55,-427.26,-3.98,1628,15.05,-714.89,-4.39,-1142.15,2702,70,-4.227054034,
0.025,0.12,1014,17.75,376.54,3.71,1537,15.48,-1455.62,-9.47,-1079.08,2551,80,-4.23002744,
0.035,0.14,459,20.92,155.03,3.38,701,18.26,-646.18,-9.22,-491.15,1160,45,-4.234051724,
0.03,0.12,799,17.9,-21.43,-0.27,1203,16.38,-827.85,-6.88,-849.28,2002,55,-4.242157842,
0.025,0.12,442,23.3,130.24,2.95,699,21.89,-614.47,-8.79,-484.23,1141,10,-4.243908852,
0.045,0.14,308,22.4,290.32,9.43,462,17.97,-617.53,-13.37,-327.21,770,60,-4.249480519,
0.035,0.1,851,15.86,-340,-4,1244,15.27,-550.96,-4.43,-890.96,2095,70,-4.252792363,
0.03,0.1,1100,15.64,-122.56,-1.11,1673,14.52,-1059.42,-6.33,-1181.98,2773,90,-4.26245943,
0.035,0.16,242,26.45,33.24,1.37,388,25.52,-302.42,-7.79,-269.18,630,10,-4.272698413,
0.045,0.06,567,17.11,14.7,0.26,846,15.13,-619.08,-7.32,-604.38,1413,50,-4.277282378,
0.045,0.06,576,17.01,2.82,0.05,860,14.77,-619.71,-7.21,-616.89,1436,55,-4.295891365,
0.025,0.1,735,19.32,54.4,0.74,1144,18.53,-861.71,-7.53,-807.31,1879,15,-4.296487493,
0.025,0.18,319,25.08,331,10.38,503,20.08,-684.9,-13.62,-353.9,822,80,-4.305352798,
0.03,0.14,577,20.1,27.23,0.47,884,18.33,-656.29,-7.42,-629.06,1461,45,-4.30568104,
0.025,0.1,1396,15.47,78.79,0.56,2145,14.08,-1605.73,-7.49,-1526.94,3541,95,-4.312171703,
0.04,0.08,608,17.93,-9.79,-0.16,928,15.62,-653.92,-7.05,-663.71,1536,35,-4.321028646,
0.025,0.1,1283,16.21,108.35,0.84,1969,14.83,-1516.17,-7.7,-1407.82,3252,50,-4.329089791,
0.045,0.1,332,21.99,90.59,2.73,504,19.25,-453.04,-8.99,-362.45,836,20,-4.335526316,
0.015,0.18,478,23.22,165.07,3.45,720,20.56,-684.99,-9.51,-519.92,1198,85,-4.339899833,
0.04,0.12,513,19.49,384.22,7.49,783,15.71,-947.49,-12.1,-563.27,1296,90,-4.346219136,
0.025,0.18,367,25.07,244.73,6.67,577,21.66,-655.37,-11.36,-410.64,944,30,-4.35,
0.035,0.14,428,22.9,269.76,6.3,667,19.49,-747.87,-11.21,-478.11,1095,25,-4.36630137,
0.04,0.1,594,18.69,305.12,5.14,892,15.47,-955.24,-10.71,-650.12,1486,45,-4.374966353,
0.03,0.12,614,20.52,313.17,5.1,946,18.39,-1000.48,-10.58,-687.31,1560,20,-4.405833333,
0.035,0.12,606,18.98,158.83,2.62,937,16.65,-841.38,-8.98,-682.55,1543,45,-4.423525599,
0.015,0.18,480,23.12,145.07,3.02,723,20.61,-677.95,-9.38,-532.88,1203,80,-4.429592685,
0.04,0.1,648,17.28,162.65,2.51,972,14.92,-886.49,-9.12,-723.84,1620,75,-4.468148148,
0.03,0.18,263,26.24,413.55,15.72,424,19.58,-721.72,-17.02,-308.17,687,90,-4.48573508,
0.04,0.1,632,17.88,171.83,2.72,942,15.18,-882.37,-9.37,-710.54,1574,60,-4.514231258,
0.025,0.1,923,18.2,-24.12,-0.26,1393,16.94,-1023.87,-7.35,-1047.99,2316,20,-4.525,
0.03,0.1,1032,15.99,-308.02,-2.98,1554,15.12,-864.94,-5.57,-1172.96,2586,55,-4.535808198,
0.055,0.1,281,18.15,-2.4,-0.09,453,17,-331.05,-7.31,-333.45,734,60,-4.542915531,
0.025,0.1,1114,16.34,-496.46,-4.46,1689,16.04,-780.4,-4.62,-1276.86,2803,30,-4.555333571,
0.02,0.12,1163,17.97,-0.25,0,1747,16.83,-1326.63,-7.59,-1326.88,2910,30,-4.559725086,
0.035,0.14,251,26.29,83.1,3.31,410,24.63,-384.92,-9.39,-301.82,661,10,-4.566111952,
0.025,0.1,1371,15.9,272.65,1.99,2081,14.13,-1851.71,-8.9,-1579.06,3452,75,-4.57433372,
0.035,0.14,475,20,44.86,0.94,716,17.74,-591.41,-8.26,-546.55,1191,80,-4.58900084,
0.035,0.1,804,16.54,-116.2,-1.45,1204,15.2,-805.67,-6.69,-921.87,2008,55,-4.590986056,
0.04,0.1,649,17.26,152.65,2.35,977,14.84,-899.56,-9.21,-746.91,1626,85,-4.593542435,
0.04,0.1,650,17.23,142.65,2.19,976,14.86,-889.56,-9.11,-746.91,1626,80,-4.593542435,
0.03,0.14,576,20.14,73.84,1.28,883,18.01,-744.76,-8.43,-670.92,1459,50,-4.598492118,
0.02,0.18,474,24.05,58.47,1.23,729,22.5,-612.33,-8.4,-553.86,1203,20,-4.603990025,
0.03,0.1,1058,15.69,-415.36,-3.93,1605,15.02,-811.22,-5.05,-1226.58,2663,65,-4.606008261,
0.02,0.12,854,19.67,-71.06,-0.83,1319,19.03,-933.49,-7.08,-1004.55,2173,15,-4.622871606,
0.02,0.1,1388,16.43,-462.37,-3.33,2089,16.04,-1145.95,-5.49,-1608.32,3477,25,-4.625596779,
0.015,0.18,567,23.1,-43.6,-0.77,887,22.55,-629.13,-7.09,-672.73,1454,20,-4.626753783,
0.03,0.1,1093,15.46,-317.26,-2.9,1674,14.7,-963.55,-5.76,-1280.81,2767,85,-4.628876039,
0.04,0.1,341,21.7,-88,-2.58,518,21.24,-310.63,-6,-398.63,859,15,-4.640628638,
0.03,0.16,423,23.64,267.36,6.32,663,20.66,-771.49,-11.64,-504.13,1086,25,-4.642081031,
0.02,0.18,468,23.93,63.62,1.36,721,22.19,-616.71,-8.55,-553.09,1189,25,-4.651724138,
0.015,0.12,1652,16.53,-540.99,-3.27,2473,15.97,-1380.37,-5.58,-1921.36,4125,60,-4.657842424,
0.035,0.14,476,19.96,34.86,0.73,710,17.61,-587.41,-8.27,-552.55,1186,85,-4.658937605,
0.03,0.1,711,18.99,161.87,2.28,1094,17.37,-1003.59,-9.17,-841.72,1805,20,-4.663268698,
0.025,0.14,660,20.45,-38.18,-0.58,1013,19.25,-742.27,-7.33,-780.45,1673,25,-4.664973102,
0.035,0.16,339,24.78,233.98,6.9,530,21.51,-640.15,-12.08,-406.17,869,20,-4.673993096,
0.04,0.14,375,21.6,290.42,7.74,569,17.22,-732.13,-12.87,-441.71,944,90,-4.679131356,
0.025,0.1,1394,15.42,-52.4,-0.38,2143,14.14,-1619.86,-7.56,-1672.26,3537,90,-4.727905004,
0.05,0.06,470,15.74,-23.46,-0.5,728,14.42,-544.72,-7.48,-568.18,1198,95,-4.742737896,
0.03,0.08,1120,15.27,-599.92,-5.36,1708,14.81,-742.85,-4.35,-1342.77,2828,40,-4.748125884,
0.045,0.14,304,22.04,255.26,8.4,466,17.81,-621,-13.33,-365.74,770,65,-4.74987013,
0.045,0.14,259,25.48,255.41,9.86,403,20.6,-570.6,-14.16,-315.19,662,20,-4.761178248,
0.025,0.1,1175,16.26,-410.87,-3.5,1798,15.63,-1004.86,-5.59,-1415.73,2973,35,-4.761957619,
0.025,0.1,1330,15.94,137.47,1.03,2045,14.33,-1746.47,-8.54,-1609,3375,65,-4.767407407,
0.04,0.14,282,24.47,91.86,3.26,433,22.63,-433.09,-10,-341.23,715,15,-4.772447552,
0.025,0.14,697,19.94,153.36,2.2,1087,17.76,-1007.29,-9.27,-853.93,1784,50,-4.786603139,
0.04,0.1,617,18.15,249.37,4.04,933,15.22,-992.38,-10.64,-743.01,1550,55,-4.793612903,
0.035,0.14,460,20.87,182.91,3.98,701,17.83,-740.79,-10.57,-557.88,1161,50,-4.805167959,
0.03,0.08,995,16.28,-365.02,-3.67,1504,15.62,-840.46,-5.59,-1205.48,2499,30,-4.82384954,
0.025,0.12,853,18.52,-188.9,-2.21,1293,17.79,-847.63,-6.56,-1036.53,2146,25,-4.830055918,
0.045,0.08,584,15.75,-208.85,-3.58,892,14.57,-506.41,-5.68,-715.26,1476,95,-4.845934959,
0.035,0.1,776,16.75,-142.46,-1.84,1168,15.41,-799.81,-6.85,-942.27,1944,50,-4.847067901,
0.06,0.08,230,18.7,-133.29,-5.8,352,18.75,-149.08,-4.24,-282.37,582,40,-4.851718213,
0.05,0.08,355,19.15,-70.17,-1.98,557,16.88,-373.43,-6.7,-443.6,912,35,-4.864035088,
0.03,0.12,348,24.71,128.3,3.69,558,22.4,-569.1,-10.2,-440.8,906,10,-4.865342163,
0.035,0.12,615,18.86,179.17,2.91,953,16.26,-943.53,-9.9,-764.36,1568,50,-4.874744898,
0.04,0.12,512,20.12,456.04,8.91,769,15.86,-1081.03,-14.06,-624.99,1281,60,-4.878922717,
0.035,0.12,263,25.86,113.08,4.3,432,23.84,-452.21,-10.47,-339.13,695,10,-4.879568345,
0.025,0.14,693,19.91,41.63,0.6,1069,18.05,-901.93,-8.44,-860.3,1762,45,-4.882519864,
0.05,0.06,380,17.63,-143.92,-3.79,600,16.33,-335.29,-5.59,-479.21,980,40,-4.889897959,
0.02,0.14,708,20.9,-157.32,-2.22,1082,20.61,-718.11,-6.64,-875.43,1790,15,-4.890670391,
0.025,0.1,1317,16.02,88.61,0.67,2022,14.44,-1726.15,-8.54,-1637.54,3339,60,-4.904282719,
0.06,0.06,234,18.8,-43.42,-1.86,362,18.23,-249.08,-6.88,-292.5,596,40,-4.907718121,
0.035,0.12,671,17.73,6.78,0.1,988,15.89,-821.18,-8.31,-814.4,1659,95,-4.908981314,
0.025,0.1,1353,15.89,222.45,1.64,2073,14.13,-1904.78,-9.19,-1682.33,3426,70,-4.910478692,
0.035,0.14,449,21.6,214.89,4.79,693,18.47,-775.82,-11.2,-560.93,1142,35,-4.911821366,
0.035,0.1,736,17.66,89.88,1.22,1110,15.59,-997.03,-8.98,-907.15,1846,40,-4.914138678,
0.035,0.12,667,17.69,-95.86,-1.44,991,16.25,-719.23,-7.26,-815.09,1658,80,-4.916103739,
0.04,0.14,203,25.62,-99.41,-4.9,328,26.22,-162.09,-4.94,-261.5,531,10,-4.924670433,
0.03,0.1,1096,15.51,-301.18,-2.75,1673,14.64,-1062.47,-6.35,-1363.65,2769,80,-4.924702059,
0.035,0.1,826,16.34,-90,-1.09,1227,15,-922.78,-7.52,-1012.78,2053,65,-4.933170969,
0.015,0.12,1648,16.38,-764.32,-4.64,2456,16.12,-1260.99,-5.13,-2025.31,4104,55,-4.934965887,
0.035,0.14,476,19.96,94.86,1.99,712,17.28,-683.36,-9.6,-588.5,1188,95,-4.953703704,
0.03,0.14,320,25.94,180.8,5.65,515,23.11,-594.5,-11.54,-413.7,835,10,-4.954491018,
0.015,0.12,1630,16.44,-758.22,-4.65,2454,16.22,-1265.95,-5.16,-2024.17,4084,50,-4.956341822,
0.035,0.15,365,24.38,298.68,8.18,568,20.77,-761.23,-13.4,-462.55,933,20,-4.957663451,
0.02,0.1,1234,16.77,-627.8,-5.09,1874,16.7,-917.04,-4.89,-1544.84,3108,20,-4.970527671,
0.03,0.08,1078,15.58,-569.89,-5.29,1633,15.25,-781.02,-4.78,-1350.91,2711,35,-4.983068978,
0.015,0.12,1539,17.22,-235.11,-1.53,2335,16.36,-1713,-7.34,-1948.11,3874,35,-5.028678369,
0.025,0.14,700,19.86,-22.87,-0.33,1078,18.27,-872.47,-8.09,-895.34,1778,40,-5.035658043,
0.055,0.1,258,19.77,-28.31,-1.1,403,18.61,-307.05,-7.62,-335.36,661,35,-5.073524962,
0.04,0.14,373,22.79,318.42,8.54,569,18.1,-796.48,-14,-478.06,942,35,-5.074946921,
0.035,0.12,670,17.61,-125.86,-1.88,985,16.14,-715.23,-7.26,-841.09,1655,85,-5.082114804,
0.015,0.14,1126,18.29,-439.17,-3.9,1697,17.68,-995.69,-5.87,-1434.86,2823,60,-5.082748849,
0.025,0.1,1384,15.53,47.6,0.34,2123,14.08,-1833.85,-8.64,-1786.25,3507,85,-5.093384659,
0.03,0.14,568,19.89,185.33,3.26,889,17.1,-929.39,-10.45,-744.06,1457,95,-5.106794784,
0.045,0.14,299,24.75,436.91,14.61,438,18.26,-814.77,-18.6,-377.86,737,30,-5.127001357,
0.03,0.1,1081,15.45,-451.06,-4.17,1640,14.82,-944.79,-5.76,-1395.85,2721,75,-5.129915472,
0.025,0.18,322,25.78,-46.8,-1.45,496,25.6,-373.88,-7.54,-420.68,818,10,-5.142787286,
0.025,0.12,769,20.03,222.17,2.89,1184,17.82,-1232.93,-10.41,-1010.76,1953,20,-5.175422427,
0.04,0.12,507,20.12,433.58,8.55,768,16.02,-1093.7,-14.24,-660.12,1275,55,-5.177411765,
0.015,0.08,1036,19.21,-211.3,-2.04,1577,17.95,-1141.89,-7.24,-1353.19,2613,10,-5.178683506,
0.03,0.14,576,20.14,127.15,2.21,887,17.47,-885.93,-9.99,-758.78,1463,60,-5.186466165,
0.035,0.14,456,21.49,212.46,4.66,696,18.1,-810.33,-11.64,-597.87,1152,40,-5.18984375,
0.04,0.08,657,17.35,20.32,0.31,1000,14.8,-882.65,-8.83,-862.33,1657,45,-5.204164152,
0.035,0.1,664,18.52,195.65,2.95,1020,16.18,-1072.33,-10.51,-876.68,1684,30,-5.205938242,
0.035,0.14,474,20.04,54.86,1.16,710,17.61,-671.27,-9.45,-616.41,1184,75,-5.206165541,
0.02,0.08,1127,16.95,-529.19,-4.7,1741,16.83,-964.39,-5.54,-1493.58,2868,15,-5.207740586,
0.04,0.14,365,23.01,298.54,8.18,546,18.5,-774.34,-14.18,-475.8,911,30,-5.222832053,
0.025,0.14,624,21.47,125.91,2.02,948,19.41,-947.55,-10,-821.64,1572,20,-5.226717557,
0.015,0.12,1339,17.85,-291.3,-2.18,2009,17.42,-1463.24,-7.28,-1754.54,3348,20,-5.240561529,
0.04,0.12,512,19.34,319.03,6.23,784,15.69,-998.22,-12.73,-679.19,1296,85,-5.24066358,
0.04,0.12,513,19.3,309.03,6.02,783,15.71,-988.22,-12.62,-679.19,1296,80,-5.24066358,
0.04,0.16,196,26.02,-99.34,-5.07,315,26.67,-169.59,-5.38,-268.93,511,10,-5.262818004,
0.02,0.18,428,23.13,-13.81,-0.32,650,21.38,-555.54,-8.55,-569.35,1078,50,-5.281539889,
0.03,0.14,574,20.03,138.95,2.42,886,17.38,-922.01,-10.41,-783.06,1460,65,-5.363424658,
0.025,0.12,888,18.13,-187.28,-2.11,1347,17.15,-1013.49,-7.52,-1200.77,2235,30,-5.372572707,
0.02,0.12,1005,18.51,-288.62,-2.87,1524,17.91,-1070.13,-7.02,-1358.75,2529,20,-5.372676947,
0.045,0.06,583,16.64,8.27,0.14,880,14.43,-795.24,-9.04,-786.97,1463,60,-5.379152427,
0.04,0.12,513,19.3,309.03,6.02,781,15.75,-1005.15,-12.87,-696.12,1294,75,-5.379598145,
0.02,0.18,438,23.29,6.62,0.15,657,21.31,-596.55,-9.08,-589.93,1095,45,-5.387488584,
0.025,0.1,1382,15.7,128.64,0.93,2102,13.99,-2005.76,-9.54,-1877.12,3484,80,-5.38783008,
0.045,0.14,307,21.17,147.2,4.79,468,17.74,-565.86,-12.09,-418.66,775,80,-5.402064516,
0.045,0.14,307,21.17,147.2,4.79,468,17.74,-565.86,-12.09,-418.66,775,75,-5.402064516,
0.03,0.14,576,19.79,89.96,1.56,890,17.42,-883.07,-9.92,-793.11,1466,70,-5.410027285,
0.035,0.12,597,19.6,276.26,4.63,917,16.47,-1095.69,-11.95,-819.43,1514,40,-5.412351387,
0.035,0.14,475,19.58,-10.08,-0.21,711,17.44,-632.38,-8.89,-642.46,1186,90,-5.41703204,
0.015,0.12,1127,18.28,-631.69,-5.61,1717,18.64,-910.12,-5.3,-1541.81,2844,15,-5.421272855,
0.05,0.1,308,20.45,31.47,1.02,483,18.01,-460.51,-9.53,-429.04,791,30,-5.424020228,
0.025,0.08,798,18.17,-230.4,-2.89,1251,17.67,-884.38,-7.07,-1114.78,2049,15,-5.440605173,
0.035,0.1,819,16.24,-220,-2.69,1217,15.04,-892.71,-7.34,-1112.71,2036,60,-5.465176817,
0.03,0.08,1160,15,-621.41,-5.36,1793,14.45,-994.59,-5.55,-1616,2953,45,-5.472400948,
0.03,0.08,775,17.81,-132.93,-1.72,1204,16.61,-951,-7.9,-1083.93,1979,20,-5.477160182,
0.04,0.12,209,25.84,-9.43,-0.45,341,25.22,-292.09,-8.57,-301.52,550,10,-5.482181818,
0.055,0.1,277,17.69,-112.62,-4.07,451,17.29,-286.84,-6.36,-399.46,728,55,-5.487087912,
0.025,0.08,1190,15.71,-674.09,-5.66,1823,15.47,-986.95,-5.41,-1661.04,3013,25,-5.51291072,
0.015,0.12,1659,16.34,-615.33,-3.71,2493,15.72,-1679.38,-6.74,-2294.71,4152,65,-5.526758189,
0.05,0.06,366,18.85,-50.3,-1.37,582,16.32,-474.18,-8.15,-524.48,948,35,-5.532489451,
0.035,0.16,348,24.71,257.91,7.41,546,20.51,-752.79,-13.79,-494.88,894,25,-5.53557047,
0.025,0.1,1307,15.91,-66.58,-0.51,2000,14.55,-1765.35,-8.83,-1831.93,3307,55,-5.539552464,
0.025,0.14,698,19.77,130.31,1.87,1078,17.35,-1114.96,-10.34,-984.65,1776,60,-5.54420045,
0.03,0.14,568,19.72,119.54,2.1,891,17.17,-929.12,-10.43,-809.58,1459,85,-5.548869088,
0.03,0.15,462,22.73,202.06,4.37,724,20.03,-862.8,-11.92,-660.74,1186,25,-5.571163575,
0.02,0.18,458,23.36,-4.33,-0.09,706,21.81,-647.67,-9.17,-652,1164,30,-5.60137457,
0.015,0.12,1569,17.02,-313.57,-2,2383,16.03,-1901.43,-7.98,-2215,3952,40,-5.604757085,
0.06,0.1,238,18.07,-125.27,-5.26,364,17.86,-212.73,-5.84,-338,602,55,-5.61461794,
0.035,0.12,669,17.34,-170.8,-2.55,986,16.02,-760.2,-7.71,-931,1655,90,-5.625377644,
0.015,0.14,1126,18.03,-526.15,-4.67,1691,17.5,-1059.17,-6.26,-1585.32,2817,70,-5.627689031,
0.04,0.1,637,17.43,39.76,0.62,952,15.02,-934.88,-9.82,-895.12,1589,70,-5.633228446,
0.015,0.14,1116,17.92,-540.55,-4.84,1680,17.38,-1037.29,-6.17,-1577.84,2796,90,-5.643204578,
0.05,0.08,264,21.59,-164.67,-6.24,395,20.51,-207.47,-5.25,-372.14,659,20,-5.647040971,
0.015,0.1,1685,16.26,-497.01,-2.95,2543,15.89,-1890.56,-7.43,-2387.57,4228,20,-5.647043519,
0.015,0.14,1132,18.11,-610.04,-5.39,1691,17.8,-986.31,-5.83,-1596.35,2823,55,-5.654799858,
0.025,0.14,700,19.71,110.31,1.58,1087,17.48,-1121.31,-10.32,-1011,1787,55,-5.657526581,
0.03,0.14,574,20.03,63.81,1.11,878,17.54,-885.66,-10.09,-821.85,1452,55,-5.660123967,
0.04,0.14,385,22.08,327.43,8.5,577,17.5,-872.99,-15.13,-545.56,962,55,-5.671101871,
0.035,0.12,659,17.75,-91.05,-1.38,981,16.11,-839.09,-8.55,-930.14,1640,75,-5.671585366,
0.02,0.12,1214,17.63,-86.51,-0.71,1815,16.31,-1631.67,-8.99,-1718.18,3029,35,-5.672433146,
0.045,0.14,307,20.85,115.15,3.75,462,17.75,-551.94,-11.95,-436.79,769,90,-5.679973992,
0.045,0.14,307,20.85,115.15,3.75,467,17.77,-555.86,-11.9,-440.71,774,85,-5.693927649,
0.04,0.1,634,17.51,69.76,1.1,951,15.04,-972.37,-10.22,-902.61,1585,65,-5.694700315,
0.015,0.14,1123,18.08,-496.15,-4.42,1695,17.4,-1110.79,-6.55,-1606.94,2818,75,-5.702413059,
0.03,0.14,498,21.89,147.02,2.95,772,19.82,-871.65,-11.29,-724.63,1270,20,-5.705748031,
0.015,0.14,1124,18.06,-506.15,-4.5,1698,17.49,-1104.7,-6.51,-1610.85,2822,65,-5.708185684,
0.04,0.14,379,21.37,250.42,6.61,571,17.16,-792.86,-13.89,-542.44,950,85,-5.709894737,
0.055,0.08,299,17.06,-182.4,-6.1,494,16.4,-270.74,-5.48,-453.14,793,60,-5.714249685,
0.045,0.15,214,25.7,27.04,1.26,334,24.25,-340.34,-10.19,-313.3,548,15,-5.717153285,
0.015,0.12,1600,16.69,-555.59,-3.47,2431,16,-1750.29,-7.2,-2305.88,4031,45,-5.720367155,
0.035,0.14,472,20.13,74.86,1.59,708,17.51,-751.44,-10.61,-676.58,1180,70,-5.733728814,
0.04,0.12,513,19.69,363.97,7.09,776,15.72,-1103.54,-14.22,-739.57,1289,70,-5.737548487,
0.04,0.08,669,17.04,-22.52,-0.34,1031,14.65,-954.37,-9.26,-976.89,1700,50,-5.746411765,
0.02,0.18,404,23.27,46.65,1.15,621,20.77,-637.47,-10.27,-590.82,1025,65,-5.764097561,
0.025,0.14,399,24.31,95.06,2.38,630,22.7,-690.01,-10.95,-594.95,1029,10,-5.781827017,
0.045,0.06,602,16.11,-63.31,-1.05,910,14.29,-815.46,-8.96,-878.77,1512,70,-5.811970899,
0.015,0.12,1668,16.25,-705.33,-4.23,2494,15.68,-1713.85,-6.87,-2419.18,4162,70,-5.812542047,
0.035,0.12,632,18.51,132.75,2.1,964,15.98,-1061.95,-11.02,-929.2,1596,55,-5.822055138,
0.025,0.14,531,22.03,32.19,0.61,850,20.82,-837.31,-9.85,-805.12,1381,15,-5.829978277,
0.025,0.14,685,20.15,16.26,0.24,1062,18.17,-1035.74,-9.75,-1019.48,1747,35,-5.835603892,
0.035,0.06,711,17.72,-92.29,-1.3,1100,15.91,-965.69,-8.78,-1057.98,1811,25,-5.841965765,
0.035,0.12,560,20.18,319.86,5.71,862,17.05,-1151.06,-13.35,-831.2,1422,30,-5.845288326,
0.03,0.08,886,16.93,-357.89,-4.04,1381,16,-969.3,-7.02,-1327.19,2267,25,-5.85438906,
0.05,0.06,455,15.82,-197.83,-4.35,718,14.62,-489.47,-6.82,-687.3,1173,80,-5.859335038,
0.02,0.1,1497,16.17,-285.96,-1.91,2260,15.22,-1917,-8.48,-2202.96,3757,30,-5.863614586,
0.015,0.14,1118,17.98,-513.16,-4.59,1683,17.29,-1129.79,-6.71,-1642.95,2801,85,-5.86558372,
0.03,0.14,572,19.76,125.62,2.2,894,17.11,-988.04,-11.05,-862.42,1466,80,-5.882810368,
0.045,0.14,306,20.59,81.1,2.65,460,17.83,-531.94,-11.56,-450.84,766,95,-5.885639687,
0.025,0.14,697,18.94,-53.75,-0.77,1076,17.19,-989.81,-9.2,-1043.56,1773,85,-5.885843204,
0.04,0.14,381,21.26,230.42,6.05,571,17.16,-792.86,-13.89,-562.44,952,80,-5.907983193,
0.03,0.14,572,19.76,100.97,1.77,887,17.25,-962.97,-10.86,-862,1459,75,-5.908156271,
0.04,0.08,752,15.96,-1.34,-0.02,1150,13.74,-1123.69,-9.77,-1125.03,1902,90,-5.914984227,
0.015,0.18,558,23.12,-220.07,-3.94,866,23.21,-623.3,-7.2,-843.37,1424,15,-5.922542135,
0.025,0.1,483,21.74,-92.04,-1.91,756,21.03,-642.14,-8.49,-734.18,1239,10,-5.925585149,
0.015,0.14,1116,17.83,-574.56,-5.15,1683,17.29,-1085.37,-6.45,-1659.93,2799,95,-5.930439443,
0.025,0.14,698,19.48,69.32,0.99,1074,17.23,-1120.39,-10.43,-1051.07,1772,65,-5.931546275,
0.025,0.14,697,18.94,-53.75,-0.77,1073,17.15,-997.83,-9.3,-1051.58,1770,90,-5.941129944,
0.04,0.08,756,15.87,-41.34,-0.55,1154,13.78,-1099.59,-9.53,-1140.93,1910,95,-5.973455497,
0.015,0.14,1117,17.99,-503.16,-4.5,1684,17.28,-1170.32,-6.95,-1673.48,2801,80,-5.974580507,
0.045,0.1,378,20.63,67.6,1.79,563,17.41,-630.17,-11.19,-562.57,941,25,-5.978427205,
0.02,0.12,1243,17.3,-226.36,-1.82,1853,16.14,-1625.85,-8.77,-1852.21,3096,40,-5.982590439,
0.015,0.12,1492,17.56,-154.61,-1.04,2263,16.26,-2092.14,-9.24,-2246.75,3755,30,-5.983355526,
0.015,0.12,1453,17.89,18.73,0.13,2184,16.39,-2197.13,-10.06,-2178.4,3637,25,-5.989551828,
0.025,0.08,1027,17.04,-263.3,-2.56,1569,15.87,-1296.56,-8.26,-1559.86,2596,20,-6.008705701,
0.02,0.12,1260,17.3,-120.53,-0.96,1865,15.92,-1757.42,-9.42,-1877.95,3125,45,-6.00944,
0.015,0.12,1688,16.05,-778.97,-4.61,2522,15.5,-1759.17,-6.98,-2538.14,4210,90,-6.028836105,
0.025,0.14,703,19.2,-18.7,-0.27,1074,17.13,-1052.81,-9.8,-1071.51,1777,75,-6.029881823,
0.04,0.14,380,22.37,300.27,7.9,574,17.6,-875.59,-15.25,-575.32,954,45,-6.030607966,
0.02,0.18,417,23.02,-16.34,-0.39,638,21,-621.06,-9.73,-637.4,1055,55,-6.041706161,
0.02,0.1,1637,15.58,-469.33,-2.87,2476,14.66,-2017.04,-8.15,-2486.37,4113,40,-6.045149526,
0.035,0.12,657,17.81,-71.05,-1.08,979,16.04,-919.26,-9.39,-990.31,1636,70,-6.053239609,
0.04,0.15,297,25.93,358.83,12.08,443,20.32,-810.38,-18.29,-451.55,740,20,-6.102027027,
0.025,0.14,694,18.88,-52.74,-0.76,1070,17.01,-1023.79,-9.57,-1076.53,1764,95,-6.102777778,
0.04,0.12,512,19.73,373.97,7.3,777,15.7,-1161.03,-14.94,-787.06,1289,65,-6.105973623,
0.03,0.16,436,23.17,254.31,5.83,668,19.61,-930.31,-13.93,-676,1104,35,-6.123188406,
0.02,0.18,451,23.28,-11.37,-0.25,692,21.39,-689.62,-9.97,-700.99,1143,35,-6.132895888,
0.015,0.1,1383,16.49,-1148.28,-8.3,2100,17.19,-989.94,-4.71,-2138.22,3483,15,-6.139018088,
0.035,0.14,469,20.47,133.85,2.85,712,17.42,-859.21,-12.07,-725.36,1181,55,-6.141913633,
0.035,0.15,378,24.07,282.61,7.48,591,19.8,-878.08,-14.86,-595.47,969,25,-6.145201238,
0.03,0.15,404,24.01,200.77,4.97,633,21.01,-838.43,-13.25,-637.66,1037,15,-6.149083896,
0.02,0.18,375,23.2,82.99,2.21,586,20.14,-674.51,-11.51,-591.52,961,95,-6.155254943,
0.015,0.12,1678,16.15,-805.33,-4.8,2507,15.6,-1772.83,-7.07,-2578.16,4185,75,-6.160477897,
0.03,0.16,379,24.27,126.07,3.33,596,21.64,-727.35,-12.2,-601.28,975,15,-6.166974359,
0.035,0.1,444,21.17,39.43,0.89,687,19.36,-739.13,-10.76,-699.7,1131,15,-6.186560566,
0.02,0.18,446,23.09,-36.34,-0.81,679,21.21,-659.86,-9.72,-696.2,1125,40,-6.188444444,
0.04,0.14,387,21.96,307.43,7.94,574,17.25,-902.96,-15.73,-595.53,961,60,-6.19698231,
0.04,0.14,381,21.26,230.42,6.05,570,17.19,-819.79,-14.38,-589.37,951,75,-6.197371188,
0.03,0.16,434,23.27,212.31,4.89,672,19.94,-897.76,-13.36,-685.45,1106,30,-6.19755877,
0.035,0.08,988,14.57,-678.92,-6.87,1490,14.03,-858.5,-5.76,-1537.42,2478,75,-6.204277643,
0.015,0.12,1688,16,-812.98,-4.82,2525,15.45,-1807.25,-7.16,-2620.23,4213,95,-6.219392357,
0.02,0.18,392,22.7,-26.02,-0.66,610,20.82,-597.51,-9.8,-623.53,1002,75,-6.222854291,
0.02,0.18,381,22.83,22.99,0.6,595,20.5,-631.95,-10.62,-608.96,976,90,-6.239344262,
0.02,0.1,1576,15.93,-274.41,-1.74,2380,14.79,-2197.06,-9.23,-2471.47,3956,35,-6.24739636,
0.02,0.18,408,23.04,6.65,0.16,627,20.73,-654.18,-10.43,-647.53,1035,60,-6.256328502,
0.015,0.16,816,20.47,-71.67,-0.88,1201,18.98,-1190.39,-9.91,-1262.06,2017,50,-6.257114527,
0.025,0.14,699,19.17,-12.71,-0.18,1074,17.04,-1096.86,-10.21,-1109.57,1773,80,-6.258150028,
0.035,0.08,1007,14.5,-701.14,-6.96,1523,13.99,-883.89,-5.8,-1585.03,2530,80,-6.264940711,
0.035,0.08,860,15.81,-291.98,-3.4,1318,14.57,-1072.83,-8.14,-1364.81,2178,45,-6.266345271,
0.02,0.14,847,19.72,-212.95,-2.51,1280,18.67,-1121.79,-8.76,-1334.74,2127,25,-6.275223319,
0.015,0.16,820,20.37,-67.65,-0.82,1184,18.83,-1190.25,-10.05,-1257.9,2004,55,-6.276946108,
0.055,0.1,227,20.7,-163.41,-7.2,339,20.35,-192.11,-5.67,-355.52,566,25,-6.281272085,
0.025,0.14,696,19.4,51.3,0.74,1072,17.07,-1165.88,-10.88,-1114.58,1768,70,-6.30418552,
0.035,0.08,985,14.62,-648.92,-6.59,1485,14.01,-908.67,-6.12,-1557.59,2470,70,-6.306032389,
0.015,0.16,810,20.49,3.36,0.04,1175,18.64,-1255.28,-10.68,-1251.92,1985,60,-6.306901763,
0.035,0.1,279,24.37,-46.92,-1.68,446,23.54,-410.37,-9.2,-457.29,725,10,-6.307448276,
0.045,0.1,261,22.99,-83.19,-3.19,394,22.59,-330.79,-8.4,-413.98,655,15,-6.320305344,
0.05,0.1,201,23.88,-85.06,-4.23,310,23.23,-238.11,-7.68,-323.17,511,15,-6.324266145,
0.035,0.08,729,17.28,-109.15,-1.5,1135,15.42,-1069.74,-9.43,-1178.89,1864,30,-6.324517167,
0.045,0.08,345,21.16,-39.41,-1.14,534,18.54,-518.15,-9.7,-557.56,879,20,-6.343117179,
0.03,0.1,371,23.18,-101.7,-2.74,588,21.94,-507.08,-8.62,-608.78,959,10,-6.348070907,
0.035,0.12,644,18.17,58.95,0.92,978,15.85,-1089.06,-11.14,-1030.11,1622,65,-6.350863132,
0.035,0.08,918,15.36,-350.12,-3.81,1408,14.06,-1128.1,-8.01,-1478.22,2326,55,-6.355202064,
0.015,0.14,1123,18.08,-693.94,-6.18,1701,17.81,-1111.27,-6.53,-1805.21,2824,50,-6.392386686,
0.04,0.16,279,25.81,214.13,7.67,415,21.2,-659.42,-15.89,-445.29,694,20,-6.416282421,
0.015,0.12,1678,16.09,-794.22,-4.73,2505,15.45,-1891.83,-7.55,-2686.05,4183,85,-6.421348315,
0.045,0.06,591,16.07,-146.79,-2.48,896,14.29,-808.82,-9.03,-955.61,1487,65,-6.426429052,
0.015,0.12,1676,16.11,-774.22,-4.62,2504,15.46,-1912.36,-7.64,-2686.58,4180,80,-6.42722488,
0.02,0.14,792,20.08,-248.19,-3.13,1215,19.18,-1042.66,-8.58,-1290.85,2007,20,-6.431738914,
0.05,0.14,242,22.73,172.85,7.14,369,18.7,-565.83,-15.33,-392.98,611,45,-6.431751227,
0.06,0.1,240,17.92,-105.17,-4.38,381,17.06,-294.52,-7.73,-399.69,621,75,-6.436231884,
0.035,0.08,784,16.45,-400.32,-5.11,1216,15.21,-890.04,-7.32,-1290.36,2000,35,-6.4518,
0.055,0.08,294,16.67,-282.62,-9.61,492,16.67,-226.53,-4.6,-509.15,786,55,-6.477735369,
0.02,0.18,399,22.81,-18.97,-0.48,618,20.71,-640.47,-10.36,-659.44,1017,70,-6.484169125,
0.045,0.06,622,15.59,-101.18,-1.63,934,13.92,-908.42,-9.73,-1009.6,1556,80,-6.488431877,
0.02,0.18,388,22.94,13.98,0.36,606,20.46,-658.95,-10.87,-644.97,994,80,-6.488631791,
0.035,0.12,644,18.17,58.95,0.92,973,15.83,-1108.99,-11.4,-1050.04,1617,60,-6.493753865,
0.035,0.15,244,26.23,13.24,0.54,401,24.69,-432.42,-10.78,-419.18,645,10,-6.498914729,
0.035,0.14,470,20.21,94.86,2.02,716,17.32,-866.32,-12.1,-771.46,1186,65,-6.504721754,
0.02,0.12,1262,17.04,-260.96,-2.07,1895,15.83,-1793.39,-9.46,-2054.35,3157,50,-6.507285398,
0.03,0.14,567,19.75,129.54,2.28,886,16.82,-1075.08,-12.13,-945.54,1453,90,-6.507501721,
0.05,0.08,307,20.2,-102.02,-3.32,461,18.44,-400.63,-8.69,-502.65,768,25,-6.544921875,
0.015,0.1,2085,15.35,-650.41,-3.12,3187,14.53,-2806.55,-8.81,-3456.96,5272,35,-6.557207891,
0.04,0.14,383,21.67,265.36,6.93,570,17.19,-892.99,-15.67,-627.63,953,70,-6.585834208,
0.055,0.1,265,18.87,-132.32,-4.99,418,18.18,-318.25,-7.61,-450.57,683,40,-6.596925329,
0.06,0.1,242,18.18,-97.7,-4.04,370,17.3,-307.7,-8.32,-405.4,612,65,-6.624183007,
0.045,0.06,613,15.66,-93.82,-1.53,926,13.93,-928.42,-10.03,-1022.24,1539,75,-6.642235218,
0.045,0.15,263,23.19,230.74,8.77,395,18.23,-667.85,-16.91,-437.11,658,70,-6.643009119,
0.025,0.16,448,23.44,50.34,1.12,728,21.84,-832.23,-11.43,-781.89,1176,15,-6.64872449,
0.04,0.08,352,21.02,-198,-5.63,539,20.59,-395.63,-7.34,-593.63,891,15,-6.662514029,
0.055,0.06,312,16.67,-182.53,-5.85,519,15.8,-371.49,-7.16,-554.02,831,60,-6.666907341,
0.035,0.08,1011,14.44,-741.14,-7.33,1524,13.85,-949.89,-6.23,-1691.03,2535,85,-6.670729783,
0.06,0.1,245,16.73,-219.13,-8.94,388,17.01,-204.93,-5.28,-424.06,633,90,-6.699210111,
0.06,0.1,239,17.99,-135.27,-5.66,370,17.57,-272.73,-7.37,-408,609,60,-6.699507389,
0.035,0.14,470,20.21,94.86,2.02,711,17.3,-886.25,-12.46,-791.39,1181,60,-6.701016088,
0.015,0.14,1108,18.5,-545.75,-4.93,1683,18,-1327.15,-7.89,-1872.9,2791,35,-6.710498029,
0.045,0.08,395,19.75,-102.4,-2.59,604,16.89,-569.86,-9.43,-672.26,999,25,-6.729329329,
0.06,0.1,237,18.57,-80.3,-3.39,358,17.88,-320.55,-8.95,-400.85,595,50,-6.73697479,
0.06,0.1,247,17,-151.41,-6.13,388,16.49,-276.94,-7.14,-428.35,635,95,-6.745669291,
0.02,0.1,1683,15.39,-563.41,-3.35,2539,14.38,-2293.68,-9.03,-2857.09,4222,45,-6.767148271,
0.04,0.1,219,24.66,-109.43,-5,349,24.93,-275,-7.88,-384.43,568,10,-6.768133803,
0.025,0.14,673,19.91,-126.85,-1.88,1034,18.38,-1028.66,-9.95,-1155.51,1707,30,-6.769244288,
0.04,0.06,356,21.07,-108.13,-3.04,550,20.18,-505.63,-9.19,-613.76,906,15,-6.774392936,
0.035,0.08,1023,14.47,-628.41,-6.14,1552,13.6,-1118.66,-7.21,-1747.07,2575,95,-6.784737864,
0.035,0.08,461,20.39,-130.57,-2.83,728,18.82,-678.82,-9.32,-809.39,1189,15,-6.807317073,
0.015,0.16,788,20.18,-45.59,-0.58,1142,18.3,-1269.39,-11.12,-1314.98,1930,90,-6.813367876,
0.04,0.06,681,16.74,-72.34,-1.06,1031,14.45,-1097.19,-10.64,-1169.53,1712,40,-6.831366822,
0.045,0.14,303,24.09,397.33,13.11,452,17.7,-914.87,-20.24,-517.54,755,35,-6.854834437,
0.04,0.14,382,21.99,226.22,5.92,578,17.65,-884.63,-15.31,-658.41,960,40,-6.8584375,
0.035,0.08,886,15.46,-441.64,-4.98,1357,14.3,-1097.24,-8.09,-1538.88,2243,50,-6.860811413,
0.015,0.16,802,20.2,-71.19,-0.89,1158,18.48,-1273.7,-11,-1344.89,1960,70,-6.861683673,
0.025,0.08,501,20.96,-272.04,-5.43,801,20.35,-621.83,-7.76,-893.87,1302,10,-6.865360983,
0.02,0.18,385,22.6,-17.01,-0.44,603,20.4,-661.95,-10.98,-678.96,988,85,-6.872064777,
0.045,0.06,352,21.02,20.46,0.58,546,18.13,-638.15,-11.69,-617.69,898,20,-6.878507795,
0.04,0.08,742,15.9,-97.01,-1.31,1145,13.71,-1202.14,-10.5,-1299.15,1887,85,-6.884737679,
0.055,0.08,256,19.14,-201.93,-7.89,391,18.93,-243.97,-6.24,-445.9,647,30,-6.891808346,
0.035,0.08,285,23.86,-106.92,-3.75,458,23.14,-405.37,-8.85,-512.29,743,10,-6.894885599,
0.055,0.06,260,19.23,-112.06,-4.31,401,18.45,-343.97,-8.58,-456.03,661,30,-6.899092284,
0.015,0.1,1994,15.55,-725.41,-3.64,3045,14.65,-2768.11,-9.09,-3493.52,5039,30,-6.932962889,
0.05,0.14,239,22.59,140.35,5.87,369,18.97,-562.68,-15.25,-422.33,608,40,-6.946217105,
0.035,0.14,440,21.82,193.71,4.4,675,18.52,-970.35,-14.38,-776.64,1115,30,-6.965381166,
0.015,0.16,799,20.28,-41.19,-0.52,1162,18.33,-1325.32,-11.41,-1366.51,1961,75,-6.968434472,
0.015,0.16,804,20.15,-91.19,-1.13,1168,18.49,-1284.29,-11,-1375.48,1972,65,-6.97505071,
0.04,0.06,645,17.21,-109.07,-1.69,980,14.9,-1024.67,-10.46,-1133.74,1625,35,-6.976861538,
0.02,0.12,1294,16.69,-332.77,-2.57,1936,15.44,-1924.95,-9.94,-2257.72,3230,65,-6.989845201,
0.015,0.1,1883,15.99,-494.15,-2.62,2869,14.85,-2843.39,-9.91,-3337.54,4752,25,-7.023442761,
0.05,0.06,313,20.13,-32.15,-1.03,473,17.97,-520.63,-11.01,-552.78,786,25,-7.032824427,
0.02,0.14,874,19.11,-346.22,-3.96,1315,18.25,-1195.23,-9.09,-1541.45,2189,30,-7.041799909,
0.015,0.14,1118,18.16,-668.85,-5.98,1705,17.65,-1319.69,-7.74,-1988.54,2823,45,-7.044066596,
0.04,0.14,385,21.56,245.36,6.37,576,17.19,-922.96,-16.02,-677.6,961,65,-7.050988554,
0.04,0.08,710,16.34,-262.97,-3.7,1080,14.26,-999.89,-9.26,-1262.86,1790,60,-7.055083799,
0.05,0.06,267,21.35,-194.67,-7.29,402,20.15,-277.47,-6.9,-472.14,669,20,-7.057399103,
0.035,0.08,959,15.02,-388.92,-4.06,1461,13.76,-1325.43,-9.07,-1714.35,2420,65,-7.084090909,
0.035,0.08,1017,14.26,-765.99,-7.53,1539,13.71,-1044.77,-6.79,-1810.76,2556,90,-7.084350548,
0.015,0.14,1021,18.9,-650.55,-6.37,1545,19.03,-1177.12,-7.62,-1827.67,2566,20,-7.122642245,
0.025,0.15,479,22.96,65.04,1.36,773,21.22,-957.52,-12.39,-892.48,1252,15,-7.128434505,
0.015,0.16,790,20.25,-18.2,-0.23,1145,18.17,-1361.89,-11.89,-1380.09,1935,85,-7.132248062,
0.055,0.08,271,18.82,-158.31,-5.84,430,17.91,-342.16,-7.96,-500.47,701,35,-7.139372325,
0.015,0.16,820,20.73,-45.91,-0.56,1231,19.09,-1418.81,-11.53,-1464.72,2051,35,-7.141491955,
0.015,0.14,1107,18.43,-546.83,-4.94,1686,17.67,-1448.27,-8.59,-1995.1,2793,40,-7.143215181,
0.015,0.16,792,20.2,-38.2,-0.48,1148,18.21,-1354.85,-11.8,-1393.05,1940,80,-7.180670103,
0.015,0.1,2178,15.15,-624.68,-2.87,3306,14.13,-3320.06,-10.04,-3944.74,5484,40,-7.19318016,
0.015,0.14,901,19.76,-536.45,-5.95,1390,19.78,-1113.21,-8.01,-1649.66,2291,15,-7.200611087,
0.045,0.16,237,23.63,166.04,7.01,355,18.87,-592.56,-16.69,-426.52,592,70,-7.20472973,
0.055,0.1,271,17.71,-130.14,-4.8,445,17.08,-386.72,-8.69,-516.86,716,50,-7.218715084,
0.015,0.16,788,20.05,-79.6,-1.01,1145,18.17,-1317.47,-11.51,-1397.07,1933,95,-7.227470253,
0.04,0.15,197,25.89,-109.34,-5.55,325,25.85,-269.59,-8.3,-378.93,522,10,-7.259195402,
0.03,0.16,408,23.28,100.03,2.45,643,20.84,-864.14,-13.44,-764.11,1051,20,-7.270313987,
0.04,0.16,294,24.15,290.44,9.88,448,18.53,-830.51,-18.54,-540.07,742,50,-7.278571429,
0.06,0.1,240,17.08,-169.13,-7.05,387,16.8,-287.52,-7.43,-456.65,627,85,-7.283094099,
0.025,0.08,1289,14.97,-989.21,-7.67,1992,14.66,-1411.46,-7.09,-2400.67,3281,30,-7.316885096,
0.045,0.06,624,15.38,-153.23,-2.46,943,13.79,-998.42,-10.59,-1151.65,1567,85,-7.349393746,
0.045,0.06,407,19.41,-92.53,-2.27,629,16.38,-670.61,-10.66,-763.14,1036,25,-7.366216216,
0.06,0.08,237,17.72,-235.34,-9.93,363,18.18,-207.53,-5.72,-442.87,600,45,-7.381166667,
0.045,0.08,268,22.39,-153.19,-5.72,408,22.06,-345.79,-8.48,-498.98,676,15,-7.381360947,
0.02,0.12,1287,16.71,-342.77,-2.66,1919,15.42,-2024.65,-10.55,-2367.42,3206,60,-7.384341859,
0.04,0.15,324,24.07,321.27,9.92,493,18.26,-926.69,-18.8,-605.42,817,35,-7.410281518,
0.04,0.08,742,15.77,-211.95,-2.86,1144,13.72,-1192.14,-10.42,-1404.09,1886,80,-7.444803818,
0.02,0.12,1279,16.89,-253.23,-1.98,1910,15.45,-2128.91,-11.15,-2382.14,3189,55,-7.469865161,
0.035,0.08,829,16.28,-274.72,-3.31,1278,14.48,-1299.61,-10.17,-1574.33,2107,40,-7.47190318,
0.06,0.1,208,19.23,-210.92,-10.14,319,19.44,-183.26,-5.74,-394.18,527,35,-7.479696395,
0.04,0.16,298,24.5,308.42,10.35,452,18.36,-870.51,-19.26,-562.09,750,45,-7.494533333,
0.02,0.12,1298,16.26,-565.44,-4.36,1953,15.41,-1879.06,-9.62,-2444.5,3251,75,-7.519224854,
0.035,0.16,352,23.58,237.9,6.76,545,19.08,-912.42,-16.74,-674.52,897,35,-7.519732441,
0.055,0.06,276,18.84,-78.44,-2.84,442,17.42,-462.16,-10.46,-540.6,718,35,-7.529247911,
0.02,0.12,1300,16.38,-508.39,-3.91,1955,15.4,-1944.66,-9.95,-2453.05,3255,70,-7.53625192,
0.045,0.14,286,23.78,184.72,6.46,415,19.04,-713.14,-17.18,-528.42,701,25,-7.538088445,
0.04,0.08,693,16.59,-165.43,-2.39,1065,14.27,-1159.79,-10.89,-1325.22,1758,55,-7.538225256,
0.04,0.16,297,24.58,266.57,8.98,451,18.85,-831.4,-18.43,-564.83,748,35,-7.551203209,
0.015,0.16,816,20.71,-16.99,-0.21,1219,18.7,-1519.81,-12.47,-1536.8,2035,40,-7.551842752,
0.03,0.08,1193,14.59,-914.8,-7.67,1839,14.03,-1377.83,-7.49,-2292.63,3032,50,-7.561444591,
0.035,0.06,475,20,-140.7,-2.96,754,18.3,-789.57,-10.47,-930.27,1229,15,-7.569324654,
0.015,0.14,1100,18.73,-552.21,-5.02,1659,17.9,-1550.43,-9.35,-2102.64,2759,30,-7.621022109,
0.04,0.16,294,24.15,290.44,9.88,447,18.34,-855.48,-19.14,-565.04,741,55,-7.62537112,
0.04,0.08,733,15.69,-342.15,-4.67,1129,13.91,-1079.07,-9.56,-1421.22,1862,75,-7.632760473,
0.06,0.06,242,17.77,-155.47,-6.42,374,17.65,-317.53,-8.49,-473,616,45,-7.678571429,
0.06,0.1,241,17.84,-115.17,-4.78,385,16.62,-367.52,-9.55,-482.69,626,80,-7.710702875,
0.045,0.16,243,24.69,228.46,9.4,359,18.66,-693.56,-19.32,-465.1,602,55,-7.725913621,
0.015,0.14,1092,18.86,-533.68,-4.89,1634,18.05,-1577.35,-9.65,-2111.03,2726,25,-7.744057227,
0.045,0.16,247,24.29,188.46,7.63,365,19.18,-662.56,-18.15,-474.1,612,50,-7.746732026,
0.035,0.08,939,15.02,-513.92,-5.47,1432,13.83,-1325.14,-9.25,-1839.06,2371,60,-7.756474062,
0.06,0.08,264,15.91,-321.41,-12.17,429,15.85,-216.63,-5.05,-538.04,693,95,-7.763924964,
0.015,0.16,818,20.42,-116.58,-1.43,1211,18.66,-1458.81,-12.05,-1575.39,2029,45,-7.764366683,
0.065,0.08,203,16.26,-246.16,-12.13,314,16.88,-155.82,-4.96,-401.98,517,80,-7.775241779,
0.05,0.14,244,21.72,128.84,5.28,367,18.26,-604.84,-16.48,-476,611,50,-7.790507365,
0.04,0.16,279,24.01,303.43,10.88,426,17.61,-854.63,-20.06,-551.2,705,95,-7.818439716,
0.015,0.1,2241,14.77,-1089.61,-4.86,3397,14.04,-3318.61,-9.77,-4408.22,5638,45,-7.81876552,
0.045,0.15,269,24.16,293.16,10.9,397,17.88,-814.64,-20.52,-521.48,666,55,-7.83003003,
0.02,0.1,1703,15.09,-793.75,-4.66,2604,14.17,-2584.41,-9.92,-3378.16,4307,50,-7.843417692,
0.045,0.15,273,23.81,253.16,9.27,403,18.36,-783.64,-19.45,-530.48,676,50,-7.847337278,
0.015,0.1,2304,14.54,-1342.25,-5.83,3473,14.05,-3194.77,-9.2,-4537.02,5777,50,-7.85359183,
0.02,0.14,890,18.76,-458.22,-5.15,1339,17.85,-1295.62,-9.68,-1753.84,2229,35,-7.868281741,
0.035,0.06,287,23.69,-126.92,-4.42,464,22.84,-465.37,-10.03,-592.29,751,10,-7.886684421,
0.02,0.14,904,18.36,-603.26,-6.67,1350,17.78,-1175.43,-8.71,-1778.69,2254,40,-7.891259982,
0.03,0.15,480,22.08,77.01,1.6,738,19.24,-1039.07,-14.08,-962.06,1218,30,-7.898686371,
0.03,0.15,485,21.86,89.01,1.84,739,18.94,-1056.68,-14.3,-967.67,1224,35,-7.905800654,
0.045,0.16,240,23.75,158.47,6.6,355,18.87,-629.09,-17.72,-470.62,595,60,-7.909579832,
0.045,0.06,630,15.24,-213.23,-3.38,942,13.69,-1034.5,-10.98,-1247.73,1572,90,-7.93721374,
0.02,0.1,1860,14.57,-620.1,-3.33,2835,13.37,-3107.41,-10.96,-3727.51,4695,95,-7.939318424,
0.02,0.12,1295,16.29,-535.44,-4.13,1960,15.2,-2050.5,-10.46,-2585.94,3255,80,-7.944516129,
0.04,0.16,279,24.01,303.43,10.88,427,17.56,-864.63,-20.25,-561.2,706,90,-7.949008499,
0.04,0.15,325,23.38,305.14,9.39,493,17.85,-955.8,-19.39,-650.66,818,50,-7.954278729,
0.06,0.1,241,17.84,-115.17,-4.78,374,16.84,-374.73,-10.02,-489.9,615,70,-7.965853659,
0.055,0.1,267,17.98,-156.99,-5.88,435,17.47,-403.04,-9.27,-560.03,702,45,-7.977635328,
0.02,0.14,907,18.19,-670.3,-7.39,1336,17.74,-1122.19,-8.4,-1792.49,2243,45,-7.991484619,
0.045,0.15,266,23.31,223.17,8.39,393,18.07,-750.17,-19.09,-527,659,60,-7.996965099,
0.02,0.1,1864,14.54,-660.1,-3.54,2838,13.46,-3100.09,-10.92,-3760.19,4702,90,-7.997001276,
0.04,0.08,714,15.97,-385.04,-5.39,1098,14.12,-1064.95,-9.7,-1449.99,1812,65,-8.002152318,
0.05,0.08,323,19.5,-118.53,-3.67,516,17.25,-555.62,-10.77,-674.15,839,30,-8.035160906,
0.015,0.1,2385,14.34,-1527.3,-6.4,3584,13.81,-3277.1,-9.14,-4804.4,5969,60,-8.048919417,
0.015,0.1,2348,14.4,-1508.35,-6.42,3528,13.92,-3242.95,-9.19,-4751.3,5876,55,-8.085942818,
0.065,0.06,208,16.35,-166.29,-7.99,325,16.31,-265.82,-8.18,-432.11,533,80,-8.107129456,
0.03,0.08,1239,14.29,-1037.43,-8.37,1926,13.66,-1528.72,-7.94,-2566.15,3165,60,-8.107898894,
0.055,0.08,237,19.83,-263.41,-11.11,354,19.77,-217.11,-6.13,-480.52,591,25,-8.130626058,
0.02,0.08,1415,15.41,-1180.55,-8.34,2198,15.2,-1758.1,-8,-2938.65,3613,20,-8.13354553,
0.04,0.15,329,23.71,323.12,9.82,497,17.71,-995.8,-20.04,-672.68,826,45,-8.143825666,
0.02,0.1,1794,14.55,-1027.44,-5.73,2752,13.81,-2678.3,-9.73,-3705.74,4546,70,-8.151649802,
0.02,0.12,1305,16.17,-564.09,-4.32,1983,15.13,-2116.22,-10.67,-2680.31,3288,85,-8.151794404,
0.02,0.1,1823,14.43,-1024.99,-5.62,2772,13.74,-2732.7,-9.86,-3757.69,4595,75,-8.177780196,
0.04,0.16,296,23.99,270.44,9.14,443,18.06,-875.45,-19.76,-605.01,739,60,-8.186874154,
0.03,0.08,382,22.51,-211.7,-5.54,610,21.31,-602.08,-9.87,-813.78,992,10,-8.203427419,
0.04,0.15,321,24.3,229.45,7.15,473,19.45,-882.3,-18.65,-652.85,794,25,-8.222292191,
0.03,0.16,438,22.6,198.69,4.54,668,18.56,-1109.42,-16.61,-910.73,1106,40,-8.234448463,
0.04,0.06,708,16.53,-78.11,-1.1,1065,13.99,-1383.4,-12.99,-1461.51,1773,45,-8.243147208,
0.04,0.15,264,24.62,-7.86,-0.3,410,22.68,-548.02,-13.37,-555.88,674,15,-8.247477745,
0.02,0.12,1309,16.2,-534.16,-4.08,1985,15.06,-2186.22,-11.01,-2720.38,3294,90,-8.258591378,
0.06,0.08,251,17.13,-255.27,-10.17,394,17.01,-277.84,-7.05,-533.11,645,55,-8.265271318,
0.02,0.12,1303,16.27,-474.16,-3.64,1977,14.92,-2238.78,-11.32,-2712.94,3280,95,-8.271158537,
0.03,0.16,299,25.75,-18.8,-0.63,477,23.69,-623.53,-13.07,-642.33,776,10,-8.277448454,
0.05,0.15,202,24.75,35.51,1.76,315,20.95,-465.66,-14.78,-430.15,517,25,-8.320116054,
0.04,0.16,292,23.63,228.37,7.82,436,18.12,-835.48,-19.16,-607.11,728,70,-8.339423077,
0.035,0.15,330,24.24,119.51,3.62,509,21.41,-819.33,-16.1,-699.82,839,15,-8.341120381,
0.02,0.16,583,22.3,-129.31,-2.22,905,21.1,-1112.08,-12.29,-1241.39,1488,15,-8.342674731,
0.015,0.16,823,21.02,-24.87,-0.3,1233,18.82,-1694.66,-13.74,-1719.53,2056,30,-8.363472763,
0.02,0.1,1781,14.71,-953.57,-5.35,2719,13.79,-2810.92,-10.34,-3764.49,4500,65,-8.365533333,
0.065,0.08,203,16.26,-246.16,-12.13,314,16.56,-186.78,-5.95,-432.94,517,85,-8.374081238,
0.04,0.08,719,15.86,-435.04,-6.05,1106,14.01,-1097.46,-9.92,-1532.5,1825,70,-8.397260274,
0.045,0.16,236,23.31,123.41,5.23,358,18.72,-622.56,-17.39,-499.15,594,65,-8.403198653,
0.03,0.08,1216,14.47,-890.77,-7.33,1879,13.62,-1716,-9.13,-2606.77,3095,55,-8.422520194,
0.025,0.06,851,17.39,-348.83,-4.1,1326,16.74,-1485.13,-11.2,-1833.96,2177,15,-8.42425356,
0.035,0.15,389,22.62,192.6,4.95,602,18.44,-1028.67,-17.09,-836.07,991,35,-8.436629667,
0.045,0.15,262,22.9,188.11,7.18,396,17.93,-743.64,-18.78,-555.53,658,65,-8.442705167,
0.025,0.06,522,20.31,-352.17,-6.75,833,19.69,-792.58,-9.51,-1144.75,1355,10,-8.448339483,
0.04,0.15,315,22.86,268.13,8.51,480,17.08,-940.88,-19.6,-672.75,795,95,-8.462264151,
0.035,0.16,349,23.5,156.72,4.49,541,19.59,-912.84,-16.87,-756.12,890,30,-8.495730337,
0.035,0.16,314,24.2,19.75,0.63,484,22.11,-698.37,-14.43,-678.62,798,15,-8.504010025,
0.03,0.06,829,17.01,-261.36,-3.15,1277,15.74,-1531.75,-11.99,-1793.11,2106,20,-8.514292498,
0.025,0.16,504,23.02,103.92,2.06,777,19.95,-1198.81,-15.43,-1094.89,1281,20,-8.547150664,
0.035,0.16,355,23.38,207.9,5.86,544,18.57,-976.86,-17.96,-768.96,899,40,-8.553503893,
0.04,0.16,258,24.42,-77.74,-3.01,390,23.33,-477.06,-12.23,-554.8,648,15,-8.561728395,
0.03,0.15,443,22.57,74.73,1.69,694,20.03,-1049.43,-15.12,-974.7,1137,20,-8.572559367,
0.02,0.1,1767,14.71,-983.66,-5.57,2687,13.81,-2845.37,-10.59,-3829.03,4454,60,-8.596834306,
0.045,0.06,271,22.14,-183.19,-6.76,414,21.74,-405.79,-9.8,-588.98,685,15,-8.598248175,
0.065,0.08,210,16.67,-161.12,-7.67,321,15.89,-296.78,-9.25,-457.9,531,95,-8.623352166,
0.06,0.08,249,17.67,-200.3,-8.04,384,17.19,-345.66,-9,-545.96,633,50,-8.624960506,
0.04,0.16,284,23.59,253.43,8.92,430,17.67,-870.42,-20.24,-616.99,714,85,-8.641316527,
0.02,0.14,904,17.92,-760.73,-8.42,1346,17.61,-1183.61,-8.79,-1944.34,2250,50,-8.641511111,
0.05,0.08,206,23.3,-135.06,-6.56,318,22.64,-318.11,-10,-453.17,524,15,-8.648282443,
0.045,0.06,637,14.91,-327.28,-5.14,962,13.62,-1057.16,-10.99,-1384.44,1599,95,-8.658161351,
0.045,0.16,248,25.4,204.99,8.27,362,19.34,-733.81,-20.27,-528.82,610,30,-8.669180328,
0.04,0.16,298,24.5,134.75,4.52,436,20.18,-771.22,-17.69,-636.47,734,25,-8.671253406,
0.045,0.15,259,22.39,140.05,5.41,393,17.81,-706.07,-17.97,-566.02,652,80,-8.681288344,
0.045,0.15,259,22.39,140.05,5.41,393,17.81,-706.07,-17.97,-566.02,652,75,-8.681288344,
0.04,0.08,224,24.11,-159.43,-7.12,356,24.44,-345,-9.69,-504.43,580,10,-8.697068966,
0.025,0.16,511,21.72,115.63,2.26,807,18.34,-1263.87,-15.66,-1148.24,1318,50,-8.71198786,
0.03,0.15,305,25.9,51.08,1.67,496,22.98,-749.43,-15.11,-698.35,801,10,-8.718476904,
0.02,0.1,1735,14.99,-751.21,-4.33,2643,13.81,-3067.34,-11.61,-3818.55,4378,55,-8.722133394,
0.03,0.06,390,22.31,-161.83,-4.15,622,20.9,-722.08,-11.61,-883.91,1012,10,-8.734288538,
0.05,0.14,244,21.31,112.24,4.6,375,17.87,-653.34,-17.42,-541.1,619,65,-8.741518578,
0.015,0.1,2405,14.22,-1539.05,-6.4,3629,13.59,-3736.02,-10.29,-5275.07,6034,65,-8.742243951,
0.045,0.15,258,22.09,118,4.57,391,17.9,-686.07,-17.55,-568.07,649,85,-8.753004622,
0.015,0.1,2426,14.18,-1576.58,-6.5,3645,13.55,-3737.53,-10.25,-5314.11,6071,70,-8.753269643,
0.02,0.1,1823,14.43,-1024.99,-5.62,2790,13.55,-3014.14,-10.8,-4039.13,4613,80,-8.755972252,
0.045,0.15,258,22.09,118,4.57,386,17.88,-682.15,-17.67,-564.15,644,90,-8.760093168,
0.055,0.06,305,16.39,-262.75,-8.61,515,15.92,-456.53,-8.86,-719.28,820,55,-8.771707317,
0.04,0.16,297,24.24,166.69,5.61,442,19.23,-815.9,-18.46,-649.21,739,30,-8.784979702,
0.04,0.15,323,23.84,231.39,7.16,480,18.54,-936.98,-19.52,-705.59,803,30,-8.786924035,
0.05,0.06,206,23.3,-135.06,-6.56,319,22.57,-328.11,-10.29,-463.17,525,15,-8.822285714,
0.045,0.15,277,23.83,217.67,7.86,404,18.32,-818.55,-20.26,-600.88,681,40,-8.82349486,
0.045,0.15,268,25.37,329.69,12.3,393,18.32,-914.77,-23.28,-585.08,661,30,-8.851437216,
0.04,0.06,224,24.11,-159.43,-7.12,357,24.37,-355,-9.94,-514.43,581,10,-8.854216867,
0.065,0.06,208,16.35,-166.29,-7.99,326,15.95,-306.78,-9.41,-473.07,534,85,-8.858988764,
0.02,0.1,1836,14.32,-1083.64,-5.9,2818,13.52,-3039.77,-10.79,-4123.41,4654,85,-8.859926945,
0.045,0.15,256,21.88,93.95,3.67,384,17.97,-662.15,-17.24,-568.2,640,95,-8.878125,
0.03,0.16,427,22.48,260.02,6.09,656,17.68,-1222.06,-18.63,-962.04,1083,60,-8.883102493,
0.04,0.16,302,23.84,214.37,7.1,457,18.38,-889.55,-19.46,-675.18,759,40,-8.895652174,
0.04,0.16,286,23.43,233.43,8.16,430,17.67,-870.42,-20.24,-636.99,716,80,-8.89650838,
0.06,0.06,258,17.05,-195.4,-7.57,406,16.5,-397.84,-9.8,-593.24,664,55,-8.934337349,
0.015,0.15,930,18.92,-546.39,-5.88,1377,17.86,-1517.63,-11.02,-2064.02,2307,60,-8.946770698,
0.015,0.15,939,18.85,-607.4,-6.47,1382,18.02,-1478.39,-10.7,-2085.79,2321,55,-8.986600603,
0.055,0.08,288,16.67,-300.14,-10.42,481,16.42,-391.35,-8.14,-691.49,769,50,-8.99206762,
0.035,0.16,353,22.66,132.9,3.76,541,18.48,-937.51,-17.33,-804.61,894,45,-9.000111857,
0.045,0.15,275,23.64,233.16,8.48,403,18.11,-843.52,-20.93,-610.36,678,45,-9.002359882,
0.03,0.16,435,22.3,157.67,3.62,669,18.39,-1152.42,-17.23,-994.75,1104,45,-9.010416667,
0.04,0.16,294,23.47,208.37,7.09,443,18.06,-875.45,-19.76,-667.08,737,65,-9.051289009,
0.025,0.08,1377,14.67,-1173.62,-8.52,2139,14.12,-2015.92,-9.42,-3189.54,3516,35,-9.071501706,
0.05,0.14,236,21.19,118.82,5.03,375,17.33,-673.65,-17.96,-554.83,611,80,-9.080687398,
0.04,0.15,329,23.1,265.14,8.06,496,17.54,-1020.77,-20.58,-755.63,825,55,-9.159151515,
0.05,0.14,237,21.1,134.7,5.68,373,17.16,-693.65,-18.6,-558.95,610,90,-9.163114754,
0.045,0.16,232,22.84,85.35,3.68,352,18.47,-620.78,-17.64,-535.43,584,80,-9.168321918,
0.05,0.14,239,20.92,88.82,3.72,380,17.63,-657.62,-17.31,-568.8,619,70,-9.18901454,
0.05,0.06,331,19.34,-68.66,-2.07,533,16.7,-725.62,-13.61,-794.28,864,30,-9.193055556,
0.04,0.16,290,23.1,193.43,6.67,432,17.82,-857.42,-19.85,-663.99,722,75,-9.196537396,
0.05,0.14,237,21.1,108.82,4.59,379,17.41,-675.63,-17.83,-566.81,616,75,-9.201461039,
0.065,0.08,197,16.75,-229.06,-11.63,303,16.83,-233.23,-7.7,-462.29,500,65,-9.2458,
0.045,0.16,231,22.51,63.3,2.74,350,18.57,-600.78,-17.17,-537.48,581,85,-9.250946644,
0.06,0.08,262,15.65,-389.13,-14.85,428,16.12,-249.56,-5.83,-638.69,690,90,-9.256376812,
0.015,0.1,2452,14.11,-1662.46,-6.78,3691,13.41,-4026.51,-10.91,-5688.97,6143,75,-9.260898584,
0.045,0.16,231,22.51,63.3,2.74,345,18.55,-596.86,-17.3,-533.56,576,90,-9.263194444,
0.04,0.15,315,22.86,268.13,8.51,480,16.88,-1004.98,-20.94,-736.85,795,90,-9.268553459,
0.055,0.08,279,17.92,-272.32,-9.76,450,17.33,-403.36,-8.96,-675.68,729,40,-9.268587106,
0.06,0.08,257,15.95,-339.13,-13.2,423,16.08,-292.15,-6.91,-631.28,680,85,-9.283529412,
0.06,0.06,256,17.58,-140.43,-5.49,396,16.67,-465.66,-11.76,-606.09,652,50,-9.295858896,
0.04,0.15,332,23.19,239.07,7.2,502,17.73,-1014.84,-20.22,-775.77,834,40,-9.301798561,
0.03,0.08,1264,14,-1218.11,-9.64,1954,13.46,-1777.28,-9.1,-2995.39,3218,65,-9.308234929,
0.045,0.16,250,24,158.46,6.34,366,18.85,-732.44,-20.01,-573.98,616,45,-9.317857143,
0.05,0.14,244,21.31,86.82,3.56,370,17.84,-660.81,-17.86,-573.99,614,60,-9.348371336,
0.05,0.14,244,21.31,86.82,3.56,370,17.84,-660.81,-17.86,-573.99,614,55,-9.348371336,
0.015,0.1,2472,14,-1766.6,-7.15,3707,13.35,-4011.1,-10.82,-5777.7,6179,80,-9.350542159,
0.03,0.08,1284,13.86,-1270.01,-9.89,1988,13.43,-1790.95,-9.01,-3060.96,3272,70,-9.355012225,
0.03,0.16,431,22.27,166.71,3.87,663,18.1,-1190.89,-17.96,-1024.18,1094,50,-9.36179159,
0.055,0.08,283,16.96,-316.99,-11.2,469,16.84,-387.67,-8.27,-704.66,752,45,-9.370478723,
0.02,0.15,628,21.5,-254.61,-4.05,970,20.52,-1243.39,-12.82,-1498,1598,15,-9.374217772,
0.025,0.16,517,21.66,33.78,0.65,800,18.5,-1268.51,-15.86,-1234.73,1317,45,-9.375322703,
0.015,0.1,2500,13.88,-1931.35,-7.73,3762,13.34,-3945.64,-10.49,-5876.99,6262,90,-9.385164484,
0.025,0.08,1462,14.36,-1302.56,-8.91,2261,13.89,-2192.69,-9.7,-3495.25,3723,40,-9.388262154,
0.045,0.16,229,22.27,39.25,1.71,343,18.66,-576.86,-16.82,-537.61,572,95,-9.398776224,
0.015,0.1,2476,13.97,-1806.6,-7.3,3710,13.34,-4010.57,-10.81,-5817.17,6186,85,-9.40376657,
0.045,0.16,254,24.02,122.97,4.84,367,19.07,-707.47,-19.28,-584.5,621,40,-9.412238325,
0.065,0.06,217,16.59,-101.25,-4.67,333,15.32,-416.78,-12.52,-518.03,550,95,-9.418727273,
0.015,0.15,912,18.53,-635.34,-6.97,1347,17.59,-1496.8,-11.11,-2132.14,2259,90,-9.438424081,
0.015,0.15,926,18.57,-660.94,-7.14,1363,17.75,-1501.11,-11.01,-2162.05,2289,70,-9.445391,
0.045,0.16,248,25,205.41,8.28,364,18.96,-783.84,-21.53,-578.43,612,35,-9.451470588,
0.045,0.16,233,22.75,75.35,3.23,353,18.41,-630.78,-17.87,-555.43,586,75,-9.478327645,
0.03,0.16,425,21.88,172.9,4.07,657,17.66,-1199.2,-18.25,-1026.3,1082,70,-9.485212569,
0.055,0.06,240,19.58,-293.41,-12.23,360,19.44,-277.11,-7.7,-570.52,600,25,-9.508666667,
0.015,0.1,2500,13.84,-1965.36,-7.86,3765,13.31,-3993.72,-10.61,-5959.08,6265,95,-9.51169992,
0.06,0.08,253,17,-275.27,-10.88,401,16.71,-347.84,-8.67,-623.11,654,60,-9.527675841,
0.02,0.16,640,21.41,-222.82,-3.48,978,19.84,-1318.79,-13.48,-1541.61,1618,20,-9.527873918,
0.03,0.16,423,22.22,221.89,5.25,654,17.58,-1248.14,-19.08,-1026.25,1077,65,-9.528783658,
0.025,0.16,522,22.22,52.26,1,806,19.35,-1318.4,-16.36,-1266.14,1328,25,-9.534186747,
0.015,0.15,923,18.63,-630.94,-6.84,1367,17.63,-1552.73,-11.36,-2183.67,2290,75,-9.535676856,
0.015,0.15,924,18.61,-640.94,-6.94,1370,17.74,-1546.64,-11.29,-2187.58,2294,65,-9.536094159,
0.035,0.15,393,22.39,152.6,3.88,602,17.94,-1103.11,-18.32,-950.51,995,40,-9.552864322,
0.05,0.14,236,20.76,102.15,4.33,372,17.2,-683.65,-18.38,-581.5,608,95,-9.564144737,
0.015,0.16,834,20.86,-126.41,-1.52,1242,18.76,-1859.14,-14.97,-1985.55,2076,25,-9.564306358,
0.035,0.06,786,16.41,-267.58,-3.4,1207,14.58,-1640.49,-13.59,-1908.07,1993,30,-9.573858505,
0.06,0.08,256,17.19,-237.7,-9.29,402,16.42,-392.81,-9.77,-630.51,658,65,-9.582218845,
0.065,0.08,205,16.1,-266.16,-12.98,319,16.3,-236.78,-7.42,-502.94,524,90,-9.598091603,
0.04,0.06,729,16.05,-210.95,-2.89,1106,13.74,-1555.12,-14.06,-1766.07,1835,50,-9.624359673,
0.025,0.16,529,21.55,-13.15,-0.25,813,18.7,-1279.05,-15.73,-1292.2,1342,40,-9.628912072,
0.045,0.16,231,25.54,58.24,2.52,354,21.19,-622.14,-17.57,-563.9,585,20,-9.639316239,
0.04,0.15,331,22.96,245.14,7.41,492,17.28,-1040.74,-21.15,-795.6,823,60,-9.667071689,
0.025,0.15,376,24.2,-92.16,-2.45,598,22.74,-850.08,-14.22,-942.24,974,10,-9.673921971,
0.045,0.15,239,25.52,108.12,4.52,375,20.53,-703.1,-18.75,-594.98,614,20,-9.690228013,
0.015,0.15,914,18.6,-607.95,-6.65,1350,17.48,-1589.3,-11.77,-2197.25,2264,85,-9.705167845,
0.025,0.15,549,22.04,-21.38,-0.39,842,19.36,-1330.12,-15.8,-1351.5,1391,20,-9.716031632,
0.05,0.14,234,20.94,94.77,4.05,372,17.2,-683.65,-18.38,-588.88,606,85,-9.717491749,
0.06,0.08,218,18.35,-310.92,-14.26,336,18.75,-228.26,-6.79,-539.18,554,35,-9.732490975,
0.03,0.06,1111,15.03,-802.91,-7.23,1651,14.42,-1886.41,-11.43,-2689.32,2762,30,-9.73685735,
0.015,0.15,916,18.56,-627.95,-6.86,1353,17.52,-1582.26,-11.69,-2210.21,2269,80,-9.740899074,
0.035,0.15,392,21.68,67.6,1.72,603,17.91,-1038.82,-17.23,-971.22,995,45,-9.761005025,
0.025,0.16,528,21.78,25.84,0.49,814,18.67,-1337.59,-16.43,-1311.75,1342,35,-9.774590164,
0.025,0.16,510,21.57,112.58,2.21,793,17.78,-1386.48,-17.48,-1273.9,1303,60,-9.776669225,
0.015,0.15,912,18.42,-669.35,-7.34,1350,17.48,-1544.88,-11.44,-2214.23,2262,95,-9.788815208,
0.025,0.16,514,21.4,72.58,1.41,806,17.99,-1367.89,-16.97,-1295.31,1320,55,-9.812954545,
0.02,0.14,908,17.62,-790.37,-8.7,1344,17.04,-1420.6,-10.57,-2210.97,2252,65,-9.817806394,
0.015,0.16,737,21.03,-456.87,-6.2,1133,20.56,-1390,-12.27,-1846.87,1870,15,-9.87631016,
0.03,0.15,487,21.36,33.39,0.69,740,17.97,-1245.79,-16.84,-1212.4,1227,40,-9.881010595,
0.015,0.15,930,18.82,-691.3,-7.43,1392,18.03,-1603.35,-11.52,-2294.65,2322,50,-9.882213609,
0.06,0.08,256,16.8,-265.17,-10.36,415,16.14,-399.63,-9.63,-664.8,671,75,-9.907600596,
0.06,0.06,275,15.64,-301.54,-10.97,449,15.14,-416.63,-9.28,-718.17,724,95,-9.919475138,
0.02,0.14,913,17.63,-830.83,-9.1,1351,17.17,-1419.13,-10.5,-2249.96,2264,55,-9.937985866,
0.05,0.15,206,24.27,51.28,2.49,326,19.94,-580.78,-17.82,-529.5,532,30,-9.953007519,
0.03,0.16,415,21.69,154.91,3.73,648,17.44,-1215.18,-18.75,-1060.27,1063,85,-9.974317968,
0.02,0.14,912,17.54,-830.37,-9.1,1349,17.05,-1427.31,-10.58,-2257.68,2261,60,-9.985316232,
0.035,0.15,384,22.66,131.42,3.42,593,18.72,-1108.13,-18.69,-976.71,977,30,-9.99703173,
0.015,0.16,802,20.45,-425.85,-5.31,1222,19.64,-1603.32,-13.12,-2029.17,2024,20,-10.02554348,
0.03,0.06,1278,13.93,-1183.01,-9.26,1892,13.58,-1997.51,-10.56,-3180.52,3170,40,-10.03318612,
0.025,0.08,1514,14.33,-1180.88,-7.8,2331,13.47,-2686.87,-11.53,-3867.75,3845,45,-10.05916775,
0.03,0.16,421,21.85,183.91,4.37,653,17.46,-1269.1,-19.43,-1085.19,1074,75,-10.10418994,
0.025,0.16,367,23.98,-196.98,-5.37,576,23.26,-759.12,-13.18,-956.1,943,10,-10.13891835,
0.03,0.16,427,22.25,176.68,4.14,652,17.64,-1271.79,-19.51,-1095.11,1079,55,-10.14930491,
0.04,0.15,327,22.63,203.07,6.21,488,17.21,-1030.77,-21.12,-827.7,815,70,-10.15582822,
0.03,0.06,1221,14.25,-1147.91,-9.4,1807,14,-1935.68,-10.71,-3083.59,3028,35,-10.18358653,
0.055,0.06,287,17.77,-222.45,-7.75,464,16.81,-543.36,-11.71,-765.81,751,40,-10.19720373,
0.03,0.06,977,15.76,-707.07,-7.24,1495,14.92,-1815.12,-12.14,-2522.19,2472,25,-10.20303398,
0.02,0.16,659,21.09,-230.68,-3.5,1002,19.26,-1465.94,-14.63,-1696.62,1661,25,-10.21444913,
0.05,0.15,215,24.19,109.73,5.1,328,19.21,-666.71,-20.33,-556.98,543,35,-10.25745856,
0.03,0.16,414,21.74,164.91,3.98,643,17.26,-1251.24,-19.46,-1086.33,1057,95,-10.27748344,
0.06,0.06,260,16.92,-215.4,-8.28,414,16.18,-477.84,-11.54,-693.24,674,60,-10.28545994,
0.02,0.06,1272,15.49,-1127.21,-8.86,1919,15.48,-2159.05,-11.25,-3286.26,3191,15,-10.29852711,
0.015,0.08,1600,14.94,-2061.03,-12.88,2467,15.52,-2136,-8.66,-4197.03,4067,15,-10.3197197,
0.02,0.14,906,17.11,-963.04,-10.63,1352,17.01,-1367.35,-10.11,-2330.39,2258,75,-10.32059345,
0.065,0.08,200,16.5,-259.06,-12.95,306,16.67,-263.23,-8.6,-522.29,506,70,-10.32193676,
0.015,0.08,2021,14.4,-1928.99,-9.54,3090,14.21,-3355.01,-10.86,-5284,5111,20,-10.33848562,
0.025,0.16,507,21.3,81.59,1.61,785,17.58,-1419.48,-18.08,-1337.89,1292,65,-10.35518576,
0.065,0.06,212,16.04,-206.29,-9.73,331,15.71,-356.78,-10.78,-563.07,543,90,-10.36961326,
0.035,0.16,348,22.7,150.85,4.33,538,17.84,-1069.69,-19.88,-918.84,886,50,-10.37065463,
0.045,0.15,270,24.81,310.11,11.49,399,17.79,-1004.8,-25.18,-694.69,669,35,-10.38400598,
0.03,0.16,419,21.72,160.99,3.84,651,17.36,-1274.1,-19.57,-1113.11,1070,80,-10.4028972,
0.02,0.14,913,17.2,-955.99,-10.47,1360,16.99,-1410.31,-10.37,-2366.3,2273,70,-10.41047074,
0.065,0.06,204,16.67,-169.19,-8.29,317,16.09,-373.23,-11.77,-542.42,521,70,-10.41113244,
0.02,0.14,902,17.18,-923.04,-10.23,1348,16.84,-1428.79,-10.6,-2351.83,2250,80,-10.45257778,
0.04,0.15,319,22.57,228.13,7.15,482,16.8,-1065.71,-22.11,-837.58,801,85,-10.45667915,
0.02,0.14,904,17.15,-874.22,-9.67,1359,16.7,-1496.97,-11.02,-2371.19,2263,90,-10.47808219,
0.055,0.06,291,16.84,-267.12,-9.18,485,16.29,-547.67,-11.29,-814.79,776,45,-10.49987113,
0.02,0.14,898,17.26,-814.22,-9.07,1351,16.51,-1549.53,-11.47,-2363.75,2249,95,-10.51022677,
0.02,0.08,1628,14.68,-1605.12,-9.86,2501,14.27,-2742.01,-10.96,-4347.13,4129,25,-10.52828772,
0.035,0.06,857,15.52,-569.5,-6.65,1314,14.16,-1720.79,-13.1,-2290.29,2171,35,-10.54947029,
0.015,0.15,928,19.18,-605.54,-6.53,1405,18.15,-1856.59,-13.21,-2462.13,2333,35,-10.55349336,
0.035,0.06,1038,14.16,-698.14,-6.73,1558,12.97,-2042.76,-13.11,-2740.9,2596,55,-10.55816641,
0.03,0.08,1298,13.71,-1363.81,-10.51,2011,13.18,-2130.85,-10.6,-3494.66,3309,75,-10.56107585,
0.025,0.16,496,20.97,58.52,1.18,771,17.38,-1399.49,-18.15,-1340.97,1267,85,-10.58382005,
0.06,0.06,264,17.05,-187.83,-7.11,416,15.87,-532.81,-12.81,-720.64,680,65,-10.59764706,
0.03,0.08,1319,13.72,-1273.93,-9.66,2049,13.03,-2298.53,-11.22,-3572.46,3368,80,-10.60706651,
0.04,0.15,329,22.49,183.07,5.56,494,17.21,-1060.74,-21.47,-877.67,823,65,-10.66427704,
0.025,0.16,496,20.97,58.52,1.18,768,17.32,-1407.51,-18.33,-1348.99,1264,90,-10.67238924,
0.04,0.15,321,22.43,208.13,6.48,482,16.8,-1065.71,-22.11,-857.58,803,80,-10.67970112,
0.025,0.16,522,21.65,-43.91,-0.84,804,18.78,-1374.79,-17.1,-1418.7,1326,30,-10.69909502,
0.025,0.06,1137,15.83,-641.19,-5.64,1710,14.68,-2412.38,-14.11,-3053.57,2847,20,-10.72557078,
0.025,0.06,1345,14.35,-1372.11,-10.2,2005,14.26,-2221.61,-11.08,-3593.72,3350,25,-10.72752239,
0.02,0.14,906,17,-964.15,-10.64,1362,16.74,-1476.97,-10.84,-2441.12,2268,85,-10.7633157,
0.025,0.15,582,20.45,-74,-1.27,905,17.57,-1529.51,-16.9,-1603.51,1487,50,-10.78352387,
0.025,0.15,571,21.19,-113.04,-1.98,878,18.79,-1454.77,-16.57,-1567.81,1449,25,-10.81994479,
0.025,0.08,1756,13.27,-1593.19,-9.07,2722,12.42,-3260.29,-11.98,-4853.48,4478,95,-10.83849933,
0.05,0.16,197,23.86,-53.54,-2.72,304,20.72,-489.82,-16.11,-543.36,501,30,-10.84550898,
0.065,0.08,201,16.42,-269.06,-13.39,308,16.56,-283.23,-9.2,-552.29,509,75,-10.85049116,
0.015,0.15,926,19.11,-596.62,-6.44,1404,17.81,-1937.71,-13.8,-2534.33,2330,40,-10.87695279,
0.025,0.16,505,21.19,63.57,1.26,783,17.37,-1464.97,-18.71,-1401.4,1288,70,-10.88043478,
0.055,0.06,299,16.39,-280.27,-9.37,501,15.77,-591.35,-11.8,-871.62,800,50,-10.89525,
0.025,0.08,1704,13.79,-1129.33,-6.63,2621,12.44,-3592.27,-13.71,-4721.6,4325,75,-10.91699422,
0.025,0.16,493,20.89,59.53,1.21,765,17.12,-1433.47,-18.74,-1373.94,1258,95,-10.92162162,
0.04,0.15,325,22.15,168.13,5.17,484,16.94,-1052.71,-21.75,-884.58,809,75,-10.9342398,
0.06,0.08,255,16.86,-255.17,-10.01,407,15.97,-469.84,-11.54,-725.01,662,70,-10.95181269,
0.03,0.08,1356,13.64,-1266.93,-9.34,2101,12.8,-2519.31,-11.99,-3786.24,3457,95,-10.95238646,
0.02,0.16,669,20.63,-261.52,-3.91,1007,18.77,-1574.91,-15.64,-1836.43,1676,30,-10.95721957,
0.025,0.08,1676,13.84,-1079.53,-6.44,2598,12.47,-3605.23,-13.88,-4684.76,4274,70,-10.96106692,
0.035,0.06,957,14.63,-701.16,-7.33,1447,13.48,-1938.78,-13.4,-2639.94,2404,45,-10.98144759,
0.06,0.08,206,19.42,-259.96,-12.62,313,19.17,-310.3,-9.91,-570.26,519,30,-10.98766859,
0.04,0.06,777,15.44,-372.15,-4.79,1172,13.23,-1770.64,-15.11,-2142.79,1949,60,-10.99430477,
0.015,0.06,1182,17.26,-949.19,-8.03,1766,16.31,-2292.7,-12.98,-3241.89,2948,10,-10.99691316,
0.015,0.15,930,18.82,-716.21,-7.7,1400,17.79,-1851.77,-13.23,-2567.98,2330,45,-11.02137339,
0.035,0.16,345,22.32,122.87,3.56,528,17.42,-1085.17,-20.55,-962.3,873,80,-11.02290951,
0.05,0.16,201,23.88,-10.03,-0.5,303,20.13,-545.75,-18.01,-555.78,504,35,-11.02738095,
0.025,0.08,1750,13.26,-1684.38,-9.63,2717,12.48,-3244.42,-11.94,-4928.8,4467,90,-11.03380345,
0.06,0.06,266,15.79,-299.26,-11.25,442,15.38,-482.15,-10.91,-781.41,708,85,-11.03686441,
0.06,0.08,257,16.73,-275.17,-10.71,419,15.75,-472.63,-11.28,-747.8,676,80,-11.06213018,
0.015,0.08,2613,13.43,-2408.87,-9.22,4018,12.87,-4942.27,-12.3,-7351.14,6631,35,-11.08602021,
0.065,0.06,206,16.5,-189.19,-9.18,319,15.99,-393.23,-12.33,-582.42,525,75,-11.09371429,
0.025,0.08,1733,13.39,-1514.38,-8.74,2692,12.44,-3408.41,-12.66,-4922.79,4425,85,-11.12494915,
0.04,0.06,853,14.54,-450.52,-5.28,1279,12.67,-1925.54,-15.06,-2376.06,2132,95,-11.14474672,
0.035,0.16,346,22.25,112.87,3.26,522,17.24,-1081.17,-20.71,-968.3,868,85,-11.15552995,
0.03,0.15,488,20.9,-47.63,-0.98,745,17.72,-1328.79,-17.84,-1376.42,1233,45,-11.16317924,
0.035,0.15,389,21.59,65.55,1.69,600,17.33,-1171,-19.52,-1105.45,989,50,-11.17745197,
0.015,0.15,799,20.15,-686.38,-8.59,1224,19.93,-1585.64,-12.95,-2272.02,2023,15,-11.23094414,
0.02,0.08,1800,14.33,-1508.42,-8.38,2750,13.53,-3602.17,-13.1,-5110.59,4550,30,-11.23206593,
0.035,0.16,345,22.32,182.87,5.3,522,16.86,-1157.12,-22.17,-974.25,867,95,-11.23702422,
0.025,0.08,1722,13.59,-1343.34,-7.8,2659,12.37,-3580.8,-13.47,-4924.14,4381,80,-11.23976261,
0.015,0.15,928,19.5,-554.5,-5.98,1400,18,-2062.44,-14.73,-2616.94,2328,30,-11.2411512,
0.015,0.15,890,19.33,-785.48,-8.83,1346,19.09,-1736.77,-12.9,-2522.25,2236,20,-11.28018784,
0.03,0.08,1336,13.47,-1490.01,-11.15,2065,12.98,-2349.61,-11.38,-3839.62,3401,85,-11.28967951,
0.025,0.16,507,21.1,43.57,0.86,779,17.2,-1497.55,-19.22,-1453.98,1286,75,-11.30622084,
0.03,0.16,414,21.74,164.91,3.98,643,16.95,-1361.14,-21.17,-1196.23,1057,90,-11.31721854,
0.035,0.16,345,22.32,122.87,3.56,531,17.33,-1115.17,-21,-992.3,876,75,-11.32762557,
0.035,0.16,346,22.25,112.87,3.26,534,17.42,-1110.2,-20.79,-997.33,880,70,-11.33329545,
0.025,0.15,584,20.72,-143.67,-2.46,899,18.02,-1538.17,-17.11,-1681.84,1483,35,-11.34079568,
0.06,0.06,273,15.38,-369.26,-13.53,448,15.4,-449.56,-10.03,-818.82,721,90,-11.35672677,
0.03,0.08,1348,13.58,-1345.31,-9.98,2074,12.78,-2545.48,-12.27,-3890.79,3422,90,-11.36992987,
0.065,0.06,200,16.5,-259.06,-12.95,312,16.35,-323.23,-10.36,-582.29,512,65,-11.37285156,
0.025,0.15,579,20.38,-195.73,-3.38,893,17.81,-1484.15,-16.62,-1679.88,1472,45,-11.41222826,
0.02,0.15,695,20.43,-448.12,-6.45,1060,19.15,-1555.16,-14.67,-2003.28,1755,20,-11.41470085,
0.015,0.08,2752,13.23,-2497.83,-9.08,4205,12.53,-5449.79,-12.96,-7947.62,6957,40,-11.42391836,
0.025,0.16,502,21.12,59.56,1.19,777,17.12,-1521.6,-19.58,-1462.04,1279,80,-11.43111806,
0.04,0.06,846,14.66,-380.52,-4.5,1271,12.59,-2039.51,-16.05,-2420.03,2117,90,-11.43141238,
0.055,0.08,194,21.65,-178.27,-9.19,306,20.59,-394.16,-12.88,-572.43,500,20,-11.4486,
0.025,0.08,1641,13.83,-1270.25,-7.74,2545,12.61,-3531.64,-13.88,-4801.89,4186,65,-11.47130913,
0.02,0.08,1921,13.95,-1796.39,-9.35,2938,13.17,-3782.1,-12.87,-5578.49,4859,35,-11.48073678,
0.025,0.15,591,20.3,-242.66,-4.11,904,18.03,-1474.69,-16.31,-1717.35,1495,40,-11.48729097,
0.025,0.08,1620,13.95,-1239.11,-7.65,2511,12.7,-3506.58,-13.96,-4745.69,4131,60,-11.48799322,
0.06,0.06,221,18.1,-340.92,-15.43,344,18.31,-308.26,-8.96,-649.18,565,35,-11.4899115,
0.03,0.15,484,20.87,-38.59,-0.8,739,17.46,-1367.26,-18.5,-1405.85,1223,50,-11.49509403,
0.03,0.06,1340,13.51,-1424.5,-10.63,2011,13.13,-2435.4,-12.11,-3859.9,3351,45,-11.51865115,
0.03,0.15,482,20.95,34.72,0.72,736,16.98,-1438.43,-19.54,-1403.71,1218,60,-11.52471264,
0.025,0.15,581,20.31,-77.05,-1.33,895,17.09,-1627.18,-18.18,-1704.23,1476,60,-11.54627371,
0.015,0.08,2302,13.94,-2405.77,-10.45,3537,13.32,-4370.2,-12.36,-6775.97,5839,25,-11.60467546,
0.06,0.06,265,16.6,-225.3,-8.5,434,15.44,-589.63,-13.59,-814.93,699,75,-11.65851216,
0.035,0.06,998,14.23,-839.53,-8.41,1497,13.16,-2073.19,-13.85,-2912.72,2495,50,-11.67422846,
0.025,0.08,1557,14.07,-1374.4,-8.83,2421,13.05,-3286.49,-13.57,-4660.89,3978,50,-11.71666667,
0.02,0.15,730,20.14,-420.31,-5.76,1100,18.55,-1731.58,-15.74,-2151.89,1830,25,-11.75896175,
0.035,0.16,347,22.48,131.86,3.8,541,17.38,-1178.04,-21.78,-1046.18,888,55,-11.78130631,
0.015,0.08,2471,13.6,-2560.99,-10.36,3802,12.99,-4840.14,-12.73,-7401.13,6273,30,-11.79838993,
0.025,0.15,585,20.17,-117.05,-2,905,17.24,-1643.53,-18.16,-1760.58,1490,55,-11.81597315,
0.02,0.16,667,20.54,-261.09,-3.91,1009,18.24,-1719.39,-17.04,-1980.48,1676,35,-11.81670644,
0.035,0.06,914,15.21,-563.9,-6.17,1394,13.41,-2165.43,-15.53,-2729.33,2308,40,-11.82551993,
0.015,0.15,934,19.49,-606.04,-6.49,1395,18.06,-2151.86,-15.43,-2757.9,2329,25,-11.8415629,
0.05,0.15,213,23,45.63,2.14,326,18.71,-685.83,-21.04,-640.2,539,45,-11.87755102,
0.035,0.16,344,21.8,77.93,2.27,521,17.08,-1106.14,-21.23,-1028.21,865,90,-11.88682081,
0.035,0.06,1130,13.27,-1246.94,-11.03,1660,12.77,-2073.33,-12.49,-3320.27,2790,70,-11.90060932,
0.035,0.06,1138,13.18,-1326.94,-11.66,1666,12.79,-2033.16,-12.2,-3360.1,2804,75,-11.98323823,
0.04,0.06,757,15.59,-393.86,-5.2,1154,13.26,-1900.54,-16.47,-2294.4,1911,55,-12.00627943,
0.015,0.08,2858,12.88,-3061.33,-10.71,4354,12.43,-5602.67,-12.87,-8664,7212,45,-12.01331115,
0.02,0.08,2018,13.48,-2351.31,-11.65,3074,13.01,-3776.34,-12.28,-6127.65,5092,40,-12.03387667,
0.035,0.06,1159,13.11,-1369.16,-11.81,1702,12.75,-2088.55,-12.27,-3457.71,2861,80,-12.08566935,
0.04,0.06,833,14.65,-446.19,-5.36,1263,12.59,-2087.96,-16.53,-2534.15,2096,85,-12.09041031,
0.02,0.16,657,19.94,-393.53,-5.99,979,18.08,-1584.67,-16.19,-1978.2,1636,50,-12.09168704,
0.02,0.16,667,20.09,-373.1,-5.59,986,18.05,-1625.68,-16.49,-1998.78,1653,45,-12.09183303,
0.03,0.15,478,20.71,-3.41,-0.07,734,16.89,-1464.51,-19.95,-1467.92,1212,65,-12.11155116,
0.025,0.15,578,20.07,-108.04,-1.87,888,16.89,-1670.18,-18.81,-1778.22,1466,65,-12.12974079,
0.03,0.15,480,20.42,-52.4,-1.09,738,16.94,-1425.57,-19.32,-1477.97,1218,70,-12.13440066,
0.03,0.15,470,20.43,-4.6,-0.1,728,16.62,-1451.82,-19.94,-1456.42,1198,95,-12.15709516,
0.06,0.06,263,16.73,-205.3,-7.81,423,15.37,-629.84,-14.89,-835.14,686,70,-12.17405248,
0.035,0.06,1066,13.79,-931.94,-8.74,1589,12.71,-2309.8,-14.54,-3241.74,2655,60,-12.2099435,
0.035,0.06,1188,13.05,-1281.5,-10.79,1745,12.38,-2309.47,-13.23,-3590.97,2933,95,-12.24333447,
0.02,0.16,673,20.06,-396.06,-5.88,1005,18.11,-1658.99,-16.51,-2055.05,1678,40,-12.24702026,
0.025,0.08,1587,13.86,-1499.44,-9.45,2469,12.84,-3470.78,-14.06,-4970.22,4056,55,-12.25399408,
0.04,0.06,830,14.58,-531.13,-6.4,1257,12.65,-2027.96,-16.13,-2559.09,2087,80,-12.26205079,
0.015,0.08,2949,12.61,-3593.97,-12.19,4481,12.41,-5533.63,-12.35,-9127.6,7430,50,-12.28479139,
0.02,0.08,2397,12.68,-2243.73,-9.36,3664,11.9,-5206.57,-14.21,-7450.3,6061,90,-12.29219601,
0.03,0.15,480,20.83,-28.62,-0.6,729,17.01,-1458.16,-20,-1486.78,1209,55,-12.29760132,
0.02,0.15,746,19.57,-511.15,-6.85,1119,18.14,-1784.88,-15.95,-2296.03,1865,30,-12.31115282,
0.02,0.08,2394,12.7,-2213.73,-9.25,3665,11.81,-5253.89,-14.34,-7467.62,6059,95,-12.32483908,
0.055,0.06,195,21.54,-188.27,-9.65,310,20.32,-434.16,-14.01,-622.43,505,20,-12.32534653,
0.035,0.06,1098,13.66,-926.94,-8.44,1631,12.57,-2440.09,-14.96,-3367.03,2729,65,-12.33796262,
0.025,0.15,573,19.55,-191.11,-3.34,883,16.76,-1609.46,-18.23,-1800.57,1456,85,-12.3665522,
0.02,0.08,2091,13.25,-2594.91,-12.41,3183,12.79,-3941.93,-12.38,-6536.84,5274,45,-12.39446341,
0.02,0.08,2133,13.13,-2494.96,-11.7,3282,12.61,-4221.81,-12.86,-6716.77,5415,50,-12.40400739,
0.035,0.16,344,22.38,132.87,3.86,543,17.13,-1235.08,-22.75,-1102.21,887,65,-12.42626832,
0.035,0.16,348,22.13,92.87,2.67,539,17.25,-1195.08,-22.17,-1102.21,887,60,-12.42626832,
0.025,0.15,573,19.55,-191.11,-3.34,880,16.7,-1617.48,-18.38,-1808.59,1453,90,-12.44728149,
0.04,0.06,789,14.96,-574.22,-7.28,1197,13.03,-1905.7,-15.92,-2479.92,1986,65,-12.48700906,
0.05,0.15,211,21.8,25.02,1.19,324,18.21,-693.34,-21.4,-668.32,535,65,-12.49196262,
0.06,0.06,209,19.14,-289.96,-13.87,319,18.81,-370.3,-11.61,-660.26,528,30,-12.50492424,
0.035,0.15,391,20.97,-12.43,-0.32,594,16.84,-1226.48,-20.65,-1238.91,985,80,-12.5777665,
0.025,0.15,576,19.97,-126.06,-2.19,886,16.7,-1715.67,-19.36,-1841.73,1462,70,-12.59733242,
0.025,0.15,570,19.47,-190.1,-3.34,877,16.53,-1643.44,-18.74,-1833.54,1447,95,-12.67131997,
0.015,0.08,3026,12.49,-3739.71,-12.36,4593,12.21,-5916.92,-12.88,-9656.63,7619,55,-12.67440609,
0.03,0.15,470,20.21,-70.39,-1.5,730,16.71,-1451.55,-19.88,-1521.94,1200,85,-12.68283333,
0.065,0.06,198,16.67,-395.21,-19.96,311,17.68,-250.52,-8.06,-645.73,509,55,-12.68624754,
0.035,0.15,392,20.92,-22.43,-0.57,588,16.67,-1222.48,-20.79,-1244.91,980,85,-12.70316327,
0.025,0.15,580,19.83,-166.06,-2.86,883,16.65,-1692.46,-19.17,-1858.52,1463,75,-12.70348599,
0.035,0.06,1168,13.01,-1459.16,-12.49,1707,12.6,-2194.55,-12.86,-3653.71,2875,85,-12.70855652,
0.025,0.15,577,20.45,-269.21,-4.67,884,18.1,-1591.16,-18,-1860.37,1461,30,-12.73353867,
0.06,0.06,266,16.54,-235.3,-8.85,438,15.07,-662.63,-15.13,-897.93,704,80,-12.7546875,
0.05,0.15,213,22.07,21.62,1.02,322,18.32,-704.84,-21.89,-683.22,535,50,-12.77046729,
0.03,0.15,476,20.38,-41.39,-0.87,735,16.73,-1505.47,-20.48,-1546.86,1211,75,-12.7734104,
0.025,0.15,575,19.83,-150.07,-2.61,881,16.57,-1716.51,-19.48,-1866.58,1456,80,-12.81991758,
0.065,0.06,197,16.75,-312.68,-15.87,310,16.45,-338.19,-10.91,-650.87,507,60,-12.83767258,
0.035,0.15,392,20.92,-22.43,-0.57,600,16.83,-1251.51,-20.86,-1273.94,992,70,-12.8421371,
0.035,0.15,391,20.97,-12.43,-0.32,597,16.75,-1256.48,-21.05,-1268.91,988,75,-12.84321862,
0.02,0.15,753,19.26,-600.72,-7.98,1130,17.79,-1822.84,-16.13,-2423.56,1883,35,-12.87073818,
0.015,0.08,3073,12.43,-3858.66,-12.56,4664,12.11,-6101.07,-13.08,-9959.73,7737,60,-12.8728577,
0.035,0.06,1179,12.81,-1534.01,-13.01,1731,12.48,-2225.58,-12.86,-3759.59,2910,90,-12.91955326,
0.04,0.06,817,14.57,-621.33,-7.61,1240,12.74,-2039.82,-16.45,-2661.15,2057,75,-12.93704424,
0.035,0.15,392,21.17,6.56,0.17,605,16.86,-1299.35,-21.48,-1292.79,997,55,-12.9668004,
0.02,0.08,2326,12.51,-2890.69,-12.43,3570,12.13,-4779.38,-13.39,-7670.07,5896,75,-13.00893826,
0.035,0.15,392,20.92,37.57,0.96,590,16.27,-1318.43,-22.35,-1280.86,982,95,-13.04338086,
0.03,0.15,474,20.25,-64.31,-1.36,733,16.64,-1510.47,-20.61,-1574.78,1207,80,-13.04705882,
0.02,0.08,2234,12.8,-2719.24,-12.17,3421,12.25,-4687.4,-13.7,-7406.64,5655,60,-13.09750663,
0.02,0.08,2193,12.95,-2622.53,-11.96,3353,12.32,-4669.37,-13.93,-7291.9,5546,55,-13.14803462,
0.02,0.08,2364,12.48,-2727.16,-11.54,3636,11.94,-5171.51,-14.22,-7898.67,6000,85,-13.16445,
0.02,0.08,2340,12.56,-2673.45,-11.42,3597,11.95,-5150.82,-14.32,-7824.27,5937,80,-13.17882769,
0.025,0.06,1480,13.51,-1902.3,-12.85,2224,13.35,-2992.27,-13.45,-4894.57,3704,30,-13.21428186,
0.02,0.08,2256,12.77,-2769.15,-12.27,3471,12.19,-4832.95,-13.92,-7602.1,5727,65,-13.27414004,
0.02,0.08,2288,12.59,-2918.08,-12.75,3525,12.17,-4800.44,-13.62,-7718.52,5813,70,-13.278032,
0.04,0.06,798,14.79,-664.22,-8.32,1212,12.87,-2008.21,-16.57,-2672.43,2010,70,-13.29567164,
0.05,0.15,212,22.64,-6.87,-0.32,329,18.84,-712.68,-21.66,-719.55,541,40,-13.30036969,
0.02,0.16,654,19.57,-423.1,-6.47,970,17.42,-1751.66,-18.06,-2174.76,1624,65,-13.39137931,
0.045,0.15,259,23.94,37.5,1.45,378,18.78,-893.14,-23.63,-855.64,637,25,-13.43233909,
0.02,0.15,761,18.79,-755.69,-9.93,1129,17.63,-1792.44,-15.88,-2548.13,1890,40,-13.48216931,
0.02,0.15,758,18.73,-762.73,-10.06,1110,17.57,-1759.13,-15.85,-2521.86,1868,45,-13.5003212,
0.015,0.08,3100,12.32,-3940.41,-12.71,4719,11.93,-6659.99,-14.11,-10600.4,7819,65,-13.55723238,
0.035,0.15,391,20.46,-67.37,-1.72,589,16.47,-1267.45,-21.52,-1334.82,980,90,-13.62061224,
0.03,0.06,1390,13.02,-1887.89,-13.58,2073,12.74,-2829.39,-13.65,-4717.28,3463,50,-13.62194629,
0.035,0.15,393,20.87,-32.43,-0.83,604,16.72,-1326.39,-21.96,-1358.82,997,60,-13.62908726,
0.025,0.06,1713,12.84,-2385.81,-13.93,2577,12.69,-3465.71,-13.45,-5851.52,4290,40,-13.63990676,
0.02,0.16,634,19.24,-416.88,-6.58,950,17.16,-1746.26,-18.38,-2163.14,1584,90,-13.65618687,
0.02,0.16,658,19.45,-463.1,-7.04,976,17.42,-1768.37,-18.12,-2231.47,1634,60,-13.65648715,
0.02,0.16,660,19.55,-473.56,-7.18,979,17.57,-1770.19,-18.08,-2243.75,1639,55,-13.68974985,
0.015,0.08,3154,12.21,-4182.94,-13.26,4770,11.89,-6675.98,-14,-10858.92,7924,70,-13.70383645,
0.035,0.15,390,21.03,-2.43,-0.06,608,16.61,-1366.39,-22.47,-1368.82,998,65,-13.71563126,
0.02,0.16,628,19.43,-356.88,-5.68,942,16.88,-1798.82,-19.1,-2155.7,1570,95,-13.73057325,
0.025,0.06,1789,12.86,-2080,-11.63,2690,12.23,-4095.19,-15.22,-6175.19,4479,45,-13.7869837,
0.02,0.16,642,19.16,-495.77,-7.72,959,17.41,-1711.7,-17.85,-2207.47,1601,75,-13.78806996,
0.045,0.16,242,23.97,-52.26,-2.16,353,19.55,-772.18,-21.87,-824.44,595,25,-13.85613445,
0.05,0.15,212,21.7,-10.4,-0.49,322,18.01,-730.81,-22.7,-741.21,534,60,-13.88033708,
0.05,0.15,212,21.7,-10.4,-0.49,322,18.01,-730.81,-22.7,-741.21,534,55,-13.88033708,
0.02,0.16,649,19.26,-488.72,-7.53,967,17.37,-1754.66,-18.15,-2243.38,1616,70,-13.88230198,
0.03,0.15,469,20.26,-60.39,-1.29,725,16.28,-1597.51,-22.03,-1657.9,1194,90,-13.88525963,
0.05,0.15,203,21.67,31.6,1.56,322,17.39,-763.58,-23.71,-731.98,525,80,-13.94247619,
0.05,0.16,196,22.45,-106.63,-5.44,304,19.74,-591.72,-19.46,-698.35,500,40,-13.967,
0.02,0.16,638,19.28,-455.77,-7.14,955,17.17,-1773.14,-18.57,-2228.91,1593,80,-13.99190207,
0.02,0.16,638,19.12,-456.88,-7.16,958,17.12,-1776.26,-18.54,-2233.14,1596,85,-13.99210526,
0.05,0.15,206,21.36,1.6,0.08,327,17.74,-747.55,-22.86,-745.95,533,70,-13.99530957,
0.05,0.15,204,21.57,21.6,1.06,326,17.48,-765.56,-23.48,-743.96,530,75,-14.03698113,
0.02,0.15,752,18.48,-823.16,-10.95,1111,17.46,-1798.12,-16.18,-2621.28,1863,50,-14.07020934,
0.025,0.06,1608,13.12,-2210.72,-13.75,2424,12.83,-3529.73,-14.56,-5740.45,4032,35,-14.23722718,
0.02,0.06,1641,13.71,-2443.64,-14.89,2470,13.81,-3440.41,-13.93,-5884.05,4111,20,-14.31294089,
0.015,0.08,3203,12.11,-4388.93,-13.7,4845,11.74,-7145.07,-14.75,-11534,8048,75,-14.33151093,
0.03,0.06,1464,12.57,-2290.52,-15.65,2204,12.34,-2972.53,-13.49,-5263.05,3668,60,-14.34855507,
0.015,0.08,3228,12.05,-4437.81,-13.75,4869,11.69,-7209.66,-14.81,-11647.47,8097,80,-14.38492034,
0.02,0.06,1921,13.12,-2684.24,-13.97,2868,12.97,-4230.33,-14.75,-6914.57,4789,25,-14.43844226,
0.015,0.08,3288,11.92,-4712.04,-14.33,4963,11.67,-7203.2,-14.51,-11915.24,8251,90,-14.44096473,
0.03,0.06,1423,12.86,-1963.86,-13.8,2129,12.35,-3178.31,-14.93,-5142.17,3552,55,-14.47682995,
0.015,0.06,1900,13.26,-3186.25,-16.77,2825,14.05,-3675.17,-13.01,-6861.42,4725,15,-14.52152381,
0.015,0.08,3290,11.88,-4766.05,-14.49,4967,11.64,-7261.28,-14.62,-12027.33,8257,95,-14.5662226,
0.015,0.06,2413,12.76,-3419.54,-14.17,3600,12.78,-5419.96,-15.06,-8839.5,6013,20,-14.70064859,
0.05,0.15,201,21.39,7.55,0.38,319,17.24,-773.58,-24.25,-766.03,520,85,-14.73134615,
0.015,0.08,3248,11.98,-4637.81,-14.28,4901,11.63,-7378.65,-15.06,-12016.46,8149,85,-14.74593202,
0.03,0.06,1526,12.25,-2417.11,-15.84,2293,12.12,-3229.96,-14.09,-5647.07,3819,70,-14.78677664,
0.03,0.06,1571,12.16,-2367.18,-15.07,2367,11.83,-3578.55,-15.12,-5945.73,3938,80,-15.09834942,
0.05,0.15,203,21.18,-12.45,-0.61,320,17.19,-783.58,-24.49,-796.03,523,90,-15.22045889,
0.03,0.06,1546,12.16,-2417.06,-15.63,2321,11.93,-3484.72,-15.01,-5901.78,3867,75,-15.26190846,
0.03,0.06,1493,12.32,-2511.2,-16.82,2243,12.17,-3201.22,-14.27,-5712.42,3736,65,-15.29020343,
0.015,0.06,3173,11.98,-3843.77,-12.11,4783,11.42,-8391.16,-17.54,-12234.93,7956,35,-15.37824284,
0.025,0.06,1848,12.55,-2433.52,-13.17,2795,11.88,-4709.67,-16.85,-7143.19,4643,50,-15.38485893,
0.02,0.15,750,18.13,-862.73,-11.5,1105,16.83,-1995.11,-18.06,-2857.84,1855,65,-15.40614555,
0.025,0.06,2136,11.7,-2963.74,-13.88,3215,11.14,-5304.49,-16.5,-8268.23,5351,95,-15.45174734,
0.03,0.06,1625,12.06,-2376.33,-14.62,2446,11.57,-3928.48,-16.06,-6304.81,4071,95,-15.48712847,
0.015,0.06,3351,11.85,-3748.24,-11.19,5017,11.1,-9227.83,-18.39,-12976.07,8368,40,-15.50677581,
0.02,0.15,755,18.15,-903.19,-11.96,1112,17,-1993.64,-17.93,-2896.83,1867,55,-15.51596144,
0.025,0.06,2128,11.7,-3034.93,-14.26,3208,11.19,-5268.62,-16.42,-8303.55,5336,90,-15.56137556,
0.03,0.06,1593,11.93,-2633.26,-16.53,2391,11.79,-3568.78,-14.93,-6202.04,3984,85,-15.56736948,
0.02,0.15,754,18.04,-902.73,-11.97,1110,16.85,-2001.82,-18.03,-2904.55,1864,60,-15.58234979,
0.015,0.06,2991,12.17,-3731.03,-12.47,4504,11.57,-7950.19,-17.65,-11681.22,7495,30,-15.58535023,
0.015,0.06,2764,12.45,-3743.39,-13.54,4167,11.9,-7063.35,-16.95,-10806.74,6931,25,-15.5918915,
0.025,0.06,2100,11.86,-2754.93,-13.12,3174,11.15,-5487.54,-17.29,-8242.47,5274,85,-15.62849829,
0.02,0.15,738,17.75,-935.4,-12.67,1099,16.83,-1939.36,-17.65,-2874.76,1837,75,-15.64921067,
0.05,0.15,202,20.79,-45,-2.23,319,17.24,-773.58,-24.25,-818.58,521,95,-15.71170825,
0.02,0.15,745,17.85,-928.35,-12.46,1107,16.8,-1982.32,-17.91,-2910.67,1852,70,-15.71636069,
0.03,0.06,1612,12.03,-2404.71,-14.92,2418,11.54,-3944.65,-16.31,-6349.36,4030,90,-15.75523573,
0.025,0.06,1897,12.39,-2454.38,-12.94,2858,11.65,-5043.96,-17.65,-7498.34,4755,55,-15.7693796,
0.02,0.06,2143,12.74,-2793.36,-13.03,3183,12.19,-5615.35,-17.64,-8408.71,5326,30,-15.7880398,
0.025,0.06,1949,12.37,-2384.05,-12.23,2924,11.46,-5319.76,-18.19,-7703.81,4873,60,-15.80917299,
0.02,0.15,734,17.85,-895.4,-12.2,1095,16.62,-2000.8,-18.27,-2896.2,1829,80,-15.83488245,
0.02,0.15,734,17.71,-896.51,-12.21,1101,16.53,-2018.98,-18.34,-2915.49,1835,90,-15.88822888,
0.015,0.06,3481,11.52,-4551.74,-13.08,5201,11.04,-9268,-17.82,-13819.74,8682,45,-15.91769178,
0.015,0.06,3604,11.38,-4684.28,-13,5368,10.97,-9598.96,-17.88,-14283.24,8972,50,-15.91979492,
0.025,0.06,2024,12.2,-2414.47,-11.93,3051,11.18,-5673.48,-18.6,-8087.95,5075,70,-15.93684729,
0.02,0.15,728,17.86,-836.51,-11.49,1093,16.29,-2071.54,-18.95,-2908.05,1821,95,-15.96952224,
0.025,0.06,2055,12.17,-2494.27,-12.14,3081,11.13,-5730.52,-18.6,-8224.79,5136,75,-16.01399922,
0.025,0.06,1974,12.26,-2455.19,-12.44,2970,11.35,-5464.82,-18.4,-7920.01,4944,65,-16.0194377,
0.025,0.06,2079,12.03,-2633.14,-12.67,3124,11.08,-5769.05,-18.47,-8402.19,5203,80,-16.14874111,
0.02,0.15,738,17.62,-936.51,-12.69,1109,16.5,-2048.98,-18.48,-2985.49,1847,85,-16.16399567,
0.02,0.06,2952,11.31,-3487.78,-11.81,4426,10.46,-8521.93,-19.25,-12009.71,7378,95,-16.27773109,
0.015,0.06,3702,11.24,-5040.02,-13.61,5508,10.82,-9953.39,-18.07,-14993.41,9210,55,-16.27948969,
0.02,0.06,2293,12.39,-3236.19,-14.11,3428,11.81,-6090.48,-17.77,-9326.67,5721,35,-16.30251704,
0.02,0.06,2589,11.7,-3782.37,-14.61,3907,11.24,-6864.96,-17.57,-10647.33,6496,50,-16.39059421,
0.015,0.06,3763,11.21,-5013.19,-13.32,5601,10.71,-10357.54,-18.49,-15370.73,9364,60,-16.41470525,
0.02,0.06,2946,11.3,-3568.63,-12.11,4415,10.53,-8515.46,-19.29,-12084.09,7361,90,-16.41637006,
0.02,0.06,2521,11.82,-3887.33,-15.42,3768,11.41,-6475.18,-17.18,-10362.51,6289,45,-16.47719828,
0.02,0.06,2430,11.93,-3906.72,-16.08,3608,11.64,-6230.54,-17.27,-10137.26,6038,40,-16.78910235,
0.02,0.06,2862,11.25,-3863.49,-13.5,4320,10.6,-8309.58,-19.24,-12173.07,7182,80,-16.9494152,
0.02,0.06,2659,11.58,-3865.01,-14.54,3992,10.97,-7452.52,-18.67,-11317.53,6651,55,-17.01628327,
0.02,0.06,2844,11.22,-4040.73,-14.21,4284,10.71,-8158.68,-19.04,-12199.41,7128,75,-17.11477273,
0.02,0.06,2911,11.13,-4032.06,-13.85,4386,10.56,-8470.4,-19.31,-12502.46,7297,85,-17.13369878,
0.015,0.06,3806,11.09,-5254.94,-13.81,5683,10.54,-11051.32,-19.45,-16306.26,9489,65,-17.18438192,
0.02,0.06,2802,11.28,-4028.12,-14.38,4228,10.76,-8069.74,-19.09,-12097.86,7030,70,-17.20890469,
0.02,0.06,2722,11.43,-4020.43,-14.77,4083,10.87,-7700.55,-18.86,-11720.98,6805,60,-17.22407054,
0.015,0.06,3873,10.97,-5627.47,-14.53,5765,10.48,-11247.44,-19.51,-16874.91,9638,70,-17.50872588,
0.02,0.06,2758,11.35,-4210.34,-15.27,4147,10.8,-7986.1,-19.26,-12196.44,6905,65,-17.66320058,
0.015,0.06,3972,10.85,-5862.06,-14.76,5903,10.32,-11736.91,-19.88,-17598.97,9875,80,-17.82174177,
0.015,0.06,4049,10.72,-6306.29,-15.57,6028,10.3,-11780.71,-19.54,-18087,10077,90,-17.94879428,
0.015,0.06,3939,10.89,-5868.32,-14.9,5861,10.36,-11791.39,-20.12,-17659.71,9800,75,-18.02011224,
0.015,0.06,4003,10.77,-6172.06,-15.42,5956,10.28,-11856.16,-19.91,-18028.22,9959,85,-18.10244,
0.015,0.06,4060,10.67,-6450.3,-15.89,6042,10.26,-11938.79,-19.76,-18389.09,10102,95,-18.20341517,
