diff_threshold,pred_hr_threshold,train_picks,train_win_rate,train_profit,train_roi,num_picks,win_rate,total_profit,roi,sum_profit,sum_picks,weight,both_roi,decision
0.045,0.84,339,86.73,69.74,2.06,520,88.08,189.88,3.65,259.62,859,15,3.022351572,this one
0.05,0.8,526,85.36,163.98,3.12,792,84.34,140.57,1.77,304.55,1318,65,2.310698027,
0.055,0.8,461,84.82,129.32,2.81,708,84.04,116.98,1.65,246.3,1169,45,2.106928999,
0.05,0.8,513,85.19,148.54,2.9,772,84.2,122.16,1.58,270.7,1285,70,2.106614786,
0.05,0.8,486,84.98,128.89,2.65,740,84.32,126.87,1.71,255.76,1226,85,2.086133768,
0.05,0.8,474,85.02,128.01,2.7,720,84.31,120.61,1.68,248.62,1194,90,2.082244556,
0.05,0.8,499,84.97,130.84,2.62,759,84.32,130.12,1.71,260.96,1258,75,2.074403816,
0.05,0.8,489,85.07,133.76,2.74,744,84.27,121.5,1.63,255.26,1233,80,2.070235199,
0.045,0.84,358,86.59,48.7,1.36,545,87.52,137.98,2.53,186.68,903,25,2.067331118,
0.07,0.8,294,83.33,56.64,1.93,435,83.45,82.23,1.89,138.87,729,25,1.904938272,
0.035,0.84,396,87.12,129.85,3.28,598,85.12,55.43,0.93,185.28,994,10,1.863983903,
0.05,0.8,540,85.37,168.5,3.12,817,83.72,83.25,1.02,251.75,1357,60,1.855195284,
0.075,0.8,303,82.18,80.26,2.65,443,81.04,56.66,1.28,136.92,746,10,1.83538874,
0.065,0.8,330,83.64,68.01,2.06,503,83.5,81.46,1.62,149.47,833,30,1.794357743,
0.05,0.8,583,84.39,116.74,2,886,84.2,145.41,1.64,262.15,1469,50,1.784547311,
0.055,0.8,435,84.6,110.68,2.54,676,83.73,85.73,1.27,196.41,1111,50,1.767866787,
0.045,0.8,659,84.98,151.62,2.3,976,84.22,133.87,1.37,285.49,1635,80,1.746116208,
0.05,0.8,609,84.56,132.24,2.17,926,84.02,134.83,1.46,267.07,1535,45,1.739869707,
0.045,0.8,642,85.05,150.1,2.34,956,84.21,126.24,1.32,276.34,1598,85,1.729286608,
0.05,0.8,699,84.55,154.09,2.2,1040,83.85,137.32,1.32,291.41,1739,35,1.67573318,
0.045,0.84,289,86.51,27.29,0.94,443,87.36,94.8,2.14,122.09,732,40,1.667896175,
0.055,0.8,411,84.18,83.59,2.03,646,83.9,92.69,1.43,176.28,1057,55,1.667738884,
0.04,0.84,571,86.16,46.75,0.82,808,87.25,181.72,2.25,228.47,1379,20,1.656780276,
0.05,0.78,611,83.63,99.56,1.63,885,83.84,148.19,1.67,247.75,1496,65,1.656082888,
0.055,0.8,539,84.23,115.04,2.13,828,83.7,110.5,1.33,225.54,1367,35,1.649890271,
0.045,0.84,368,86.41,48.69,1.32,569,86.82,105.24,1.85,153.93,937,20,1.642796158,
0.06,0.8,504,83.73,101.73,2.02,794,83.38,109.93,1.38,211.66,1298,25,1.630662558,
0.045,0.8,636,84.91,139.18,2.19,952,84.14,118.96,1.25,258.14,1588,90,1.625566751,
0.065,0.8,388,84.02,103.72,2.67,587,82.79,52.8,0.9,156.52,975,25,1.605333333,
0.055,0.8,492,83.94,87.5,1.78,755,83.84,108.44,1.44,195.94,1247,40,1.571291099,
0.04,0.84,441,85.94,8.4,0.19,617,87.84,156.47,2.54,164.87,1058,45,1.55831758,
0.055,0.78,546,82.97,64.9,1.19,809,83.68,145.96,1.8,210.86,1355,45,1.556162362,
0.045,0.8,694,85.01,162.56,2.34,1038,83.91,106.07,1.02,268.63,1732,65,1.550981524,
0.07,0.8,360,83.61,88.04,2.45,536,82.46,50.5,0.94,138.54,896,20,1.546205357,
0.06,0.8,393,84.48,109.16,2.78,605,82.98,44.31,0.73,153.47,998,35,1.537775551,
0.05,0.8,556,84.53,118,2.12,846,83.81,96.17,1.14,214.17,1402,55,1.527603424,
0.055,0.8,350,84.29,75.44,2.16,543,83.61,60.25,1.11,135.69,893,85,1.519484882,
0.04,0.84,430,85.81,0.88,0.02,603,87.89,155.52,2.58,156.4,1033,50,1.514036786,
0.055,0.8,580,84.31,131.73,2.27,904,83.41,91.22,1.01,222.95,1484,30,1.502358491,
0.06,0.8,360,83.61,61.2,1.7,552,83.51,75.35,1.37,136.55,912,40,1.497258772,
0.045,0.8,666,84.98,154.3,2.32,998,83.87,93.21,0.93,247.51,1664,75,1.487439904,
0.075,0.65,298,77.85,-4.65,-0.16,428,79.67,112.26,2.62,107.61,726,80,1.482231405,
0.05,0.8,647,84.39,128.38,1.98,977,83.73,112.27,1.15,240.65,1624,40,1.481834975,
0.06,0.8,448,83.71,85.35,1.91,677,83.31,80.27,1.19,165.62,1125,30,1.472177778,
0.045,0.84,333,86.79,47.11,1.41,505,86.73,76.21,1.51,123.32,838,30,1.471599045,
0.06,0.8,328,83.54,49.58,1.51,495,83.64,70.92,1.43,120.5,823,50,1.464155529,
0.05,0.78,579,83.42,78.41,1.35,848,83.73,127.06,1.5,205.47,1427,75,1.439873861,
0.06,0.8,342,83.33,44.84,1.31,520,83.65,79.12,1.52,123.96,862,45,1.438051044,
0.05,0.78,597,83.42,81.45,1.36,864,83.68,127.11,1.47,208.56,1461,70,1.4275154,
0.055,0.8,366,84.15,70.94,1.94,555,83.6,59.35,1.07,130.29,921,80,1.41465798,
0.045,0.8,674,84.87,147.3,2.19,1013,83.81,90.51,0.89,237.81,1687,70,1.409662122,
0.05,0.78,625,83.68,104.08,1.67,918,83.44,112.23,1.22,216.31,1543,60,1.401879456,
0.055,0.8,367,84.2,73.44,2,559,83.54,56.25,1.01,129.69,926,75,1.400539957,
0.04,0.84,467,85.87,6.39,0.14,660,87.58,150.56,2.28,156.95,1127,40,1.392635315,
0.06,0.8,314,83.76,54.93,1.75,483,83.44,55.81,1.16,110.74,797,55,1.389460477,
0.05,0.78,567,83.42,75.99,1.34,833,83.67,118.44,1.42,194.43,1400,80,1.388785714,
0.045,0.8,702,84.9,156.56,2.23,1057,83.73,85.93,0.81,242.49,1759,60,1.378567368,
0.055,0.8,344,84.01,62.24,1.81,537,83.61,58.72,1.09,120.96,881,90,1.372985244,
0.075,0,286,77.62,-8.29,-0.29,421,79.33,104.72,2.49,96.43,707,85,1.363932107,
0.075,0.6,286,77.62,-8.29,-0.29,421,79.33,104.72,2.49,96.43,707,85,1.363932107,
0.04,0.84,548,85.77,10.29,0.19,768,87.37,168.89,2.2,179.18,1316,25,1.361550152,
0.045,0.84,281,86.48,24.39,0.87,430,86.98,72.21,1.68,96.6,711,45,1.358649789,
0.045,0.84,310,86.13,16.52,0.53,466,87.12,88.73,1.9,105.25,776,35,1.356314433,
0.05,0.78,562,83.27,65.78,1.17,828,83.7,121.14,1.46,186.92,1390,85,1.344748201,
0.04,0.84,415,86.02,10.68,0.26,576,87.5,122.15,2.12,132.83,991,55,1.340363269,
0.05,0.78,550,83.27,64.9,1.18,808,83.66,114.88,1.42,179.78,1358,90,1.323858616,
0.06,0.8,297,83.5,41.42,1.39,445,83.6,56.62,1.27,98.04,742,65,1.321293801,
0.075,0,300,77.67,-8.93,-0.3,435,79.31,105.78,2.43,96.85,735,80,1.317687075,
0.075,0.6,300,77.67,-8.93,-0.3,435,79.31,105.78,2.43,96.85,735,80,1.317687075,
0.04,0.84,488,85.86,7.17,0.15,684,87.43,147.21,2.15,154.38,1172,35,1.317235495,
0.055,0.8,398,83.92,68.92,1.73,627,83.57,65.24,1.04,134.16,1025,60,1.308878049,
0.035,0.84,702,86.18,25.2,0.36,989,87.46,193.39,1.96,218.59,1691,35,1.292667061,
0.045,0.8,728,84.89,158.13,2.17,1100,83.64,76.61,0.7,234.74,1828,55,1.284135667,
0.045,0.78,722,83.52,77.43,1.07,1053,83.86,147.94,1.4,225.37,1775,90,1.269690141,
0.04,0.84,547,86.11,66.78,1.22,813,86.1,102.29,1.26,169.07,1360,15,1.243161765,
0.06,0.78,355,82.82,44.28,1.25,519,83.04,64.19,1.24,108.47,874,65,1.241075515,
0.055,0.8,384,83.33,37.98,0.99,600,83.83,82.94,1.38,120.92,984,65,1.228861789,
0.035,0.84,537,86.41,26.9,0.5,751,87.35,129.42,1.72,156.32,1288,90,1.213664596,
0.035,0.84,546,86.26,18.04,0.33,763,87.42,137.47,1.8,155.51,1309,85,1.188006112,
0.035,0.84,546,86.26,18.04,0.33,763,87.42,137.47,1.8,155.51,1309,80,1.188006112,
0.035,0.84,571,86.16,12.77,0.22,813,87.45,151.28,1.86,164.05,1384,65,1.18533237,
0.06,0.8,303,83.5,42.3,1.4,457,83.37,47,1.03,89.3,760,60,1.175,
0.07,0.8,432,81.94,100.52,2.33,632,80.38,24.4,0.39,124.92,1064,10,1.17406015,
0.065,0.8,452,83.85,118.98,2.63,708,82.06,17.06,0.24,136.04,1160,20,1.172758621,
0.045,0.78,731,83.58,83.58,1.14,1060,83.68,125.22,1.18,208.8,1791,85,1.165829146,
0.045,0.8,767,84.75,155.87,2.03,1154,83.54,67.51,0.59,223.38,1921,50,1.162831858,
0.06,0.78,361,82.83,45.16,1.25,532,82.89,57.24,1.08,102.4,893,60,1.146696529,
0.055,0.78,411,82.97,48.3,1.18,622,83.12,68.5,1.1,116.8,1033,85,1.130687318,
0.07,0.78,379,81,-7.78,-0.21,536,83.02,111.21,2.07,103.43,915,25,1.130382514,
0.065,0.78,415,81.45,3.59,0.09,604,83.11,110.44,1.83,114.03,1019,30,1.119038273,
0.03,0.84,774,86.18,4.78,0.06,1112,87.68,205.37,1.85,210.15,1886,90,1.11426299,
0.03,0.84,777,86.23,9.65,0.12,1116,87.63,200.17,1.79,209.82,1893,85,1.108399366,
0.055,0.78,405,82.72,35.1,0.87,615,83.25,76.97,1.25,112.07,1020,90,1.09872549,
0.05,0.78,676,82.99,60.9,0.9,996,83.43,122.4,1.23,183.3,1672,50,1.096291866,
0.045,0.78,748,83.56,85.1,1.14,1083,83.56,115.52,1.07,200.62,1831,80,1.095685418,
0.03,0.84,781,86.17,3.96,0.05,1118,87.66,202.95,1.82,206.91,1899,80,1.08957346,
0.05,0.65,878,80.3,31.88,0.36,1300,81.23,203.01,1.56,234.89,2178,75,1.078466483,
0.05,0.8,772,84.46,162.85,2.11,1162,83.05,45.5,0.39,208.35,1934,30,1.077300931,
0.04,0.84,390,85.64,-9.13,-0.23,563,87.39,111.51,1.98,102.38,953,60,1.07429171,
0.035,0.84,564,85.99,0.81,0.01,795,87.42,144.34,1.82,145.15,1359,70,1.068064753,
0.045,0.8,805,84.47,138.36,1.72,1204,83.55,75.41,0.63,213.77,2009,45,1.064061722,
0.065,0.8,303,82.84,31.55,1.04,460,83.04,49.52,1.08,81.07,763,35,1.062516383,
0.075,0.65,305,77.7,-12.25,-0.4,434,79.26,90.75,2.09,78.5,739,75,1.062246279,
0.05,0,883,80.18,30.32,0.34,1308,81.12,202.25,1.55,232.57,2191,75,1.061478777,
0.05,0.6,883,80.18,30.32,0.34,1308,81.12,202.25,1.55,232.57,2191,75,1.061478777,
0.05,0.78,809,83.19,92.96,1.15,1175,83.15,117.6,1,210.56,1984,35,1.061290323,
0.03,0.84,791,86.22,8.9,0.11,1132,87.54,192.97,1.7,201.87,1923,75,1.049765991,
0.035,0.84,559,85.87,-6.91,-0.12,782,87.47,147.42,1.89,140.51,1341,75,1.047800149,
0.055,0.78,519,82.66,43.59,0.84,768,83.2,90.68,1.18,134.27,1287,50,1.043278943,
0.04,0.84,346,85.84,-2.82,-0.08,510,87.25,91.56,1.8,88.74,856,90,1.036682243,
0.04,0.84,510,85.29,-24.13,-0.47,712,87.36,150.3,2.11,126.17,1222,30,1.032487725,
0.035,0.84,733,85.95,10.53,0.14,1029,87.17,171.17,1.66,181.7,1762,30,1.031214529,
0.06,0.78,340,82.94,46.22,1.36,497,82.7,40.03,0.81,86.25,837,70,1.03046595,
0.035,0.84,683,85.94,3.54,0.05,961,87.3,165.11,1.72,168.65,1644,40,1.025851582,
0.03,0.84,804,86.07,-4.56,-0.06,1161,87.6,204.85,1.76,200.29,1965,70,1.019287532,
0.06,0.78,479,82.46,47.41,0.99,706,82.72,73.29,1.04,120.7,1185,35,1.018565401,
0.05,0.65,902,80.27,27.02,0.3,1327,81.16,199.43,1.5,226.45,2229,70,1.015926424,
0.05,0,857,80.16,25.71,0.3,1270,81.1,190.17,1.5,215.88,2127,85,1.014950635,
0.05,0.6,857,80.16,25.71,0.3,1270,81.1,190.17,1.5,215.88,2127,85,1.014950635,
0.04,0.8,851,84.61,124.67,1.46,1261,83.9,87.62,0.69,212.29,2112,90,1.005160985,
0.05,0,907,80.15,25.46,0.28,1335,81.05,198.67,1.49,224.13,2242,70,0.999687779,
0.05,0.6,907,80.15,25.46,0.28,1335,81.05,198.67,1.49,224.13,2242,70,0.999687779,
0.035,0.84,648,85.8,-9.34,-0.14,913,87.4,165.23,1.81,155.89,1561,45,0.998654709,
0.05,0.78,704,83.24,81.74,1.16,1043,83.13,92.5,0.89,174.24,1747,45,0.997366915,
0.065,0.78,322,81.99,21.36,0.66,469,82.73,57.49,1.23,78.85,791,45,0.996839444,
0.075,0.8,327,82.87,69.5,2.13,468,81.2,9.7,0.21,79.2,795,15,0.996226415,
0.045,0.8,845,84.62,163.68,1.94,1276,83.31,46.34,0.36,210.02,2121,40,0.990193305,
0.05,0.65,853,80.19,17.27,0.2,1262,81.22,190.93,1.51,208.2,2115,85,0.984397163,
0.06,0.78,375,82.4,27.79,0.74,562,82.92,64.06,1.14,91.85,937,55,0.980256137,
0.05,0.6,843,80.07,15.61,0.19,1244,81.11,188.05,1.51,203.66,2087,90,0.975850503,
0.05,0,843,80.07,15.61,0.19,1244,81.11,188.05,1.51,203.66,2087,90,0.975850503,
0.07,0,433,78.29,6.36,0.15,601,79.2,91.56,1.52,97.92,1034,60,0.947001934,
0.07,0.6,433,78.29,6.36,0.15,601,79.2,91.56,1.52,97.92,1034,60,0.947001934,
0.05,0.65,839,80.1,7.17,0.09,1236,81.23,188.81,1.53,195.98,2075,90,0.944481928,
0.055,0.78,489,82.41,25.82,0.53,735,83.27,89.63,1.22,115.45,1224,55,0.943218954,
0.03,0.84,819,85.96,-14.3,-0.17,1181,87.55,202.47,1.71,188.17,2000,65,0.94085,
0.05,0.8,849,84.1,148.6,1.75,1315,82.97,53.06,0.4,201.66,2164,25,0.931885397,
0.055,0.8,381,83.2,31.36,0.82,582,83.51,57.65,0.99,89.01,963,70,0.924299065,
0.04,0.8,868,84.33,100.12,1.15,1278,83.96,98.07,0.77,198.19,2146,85,0.923532153,
0.06,0.78,615,82.11,43.27,0.7,932,82.62,98.22,1.05,141.49,1547,25,0.91460892,
0.055,0.8,668,83.53,94.87,1.42,1016,82.97,59,0.58,153.87,1684,25,0.91371734,
0.055,0.78,429,82.75,36.47,0.85,636,83.02,60.27,0.95,96.74,1065,80,0.908356808,
0.075,0,307,77.52,-16.53,-0.54,441,78.91,84.27,1.91,67.74,748,75,0.905614973,
0.075,0.6,307,77.52,-16.53,-0.54,441,78.91,84.27,1.91,67.74,748,75,0.905614973,
0.06,0,546,79.85,68.66,1.26,813,79.46,54.38,0.67,123.04,1359,90,0.905371597,
0.06,0.6,546,79.85,68.66,1.26,813,79.46,54.38,0.67,123.04,1359,90,0.905371597,
0.05,0.78,644,82.92,48.92,0.76,950,83.26,95.15,1,144.07,1594,55,0.903826851,
0.035,0.84,597,85.76,-13.21,-0.22,844,87.32,142.89,1.69,129.68,1441,55,0.899930604,
0.055,0.78,430,82.79,38.97,0.91,640,82.97,57.17,0.89,96.14,1070,75,0.898504673,
0.045,0.78,789,83.78,112.06,1.42,1154,83.1,61.07,0.53,173.13,1943,65,0.891044776,
0.05,0.65,862,80.16,15.13,0.18,1279,81.08,175.62,1.37,190.75,2141,80,0.890938814,
0.07,0.65,429,78.32,-2.08,-0.05,593,79.43,92.32,1.56,90.24,1022,60,0.88297456,
0.04,0.8,915,84.26,97.73,1.07,1345,83.94,100.55,0.75,198.28,2260,70,0.877345133,
0.05,0,867,80.05,13.57,0.16,1287,80.96,174.86,1.36,188.43,2154,80,0.874791086,
0.05,0.6,867,80.05,13.57,0.16,1287,80.96,174.86,1.36,188.43,2154,80,0.874791086,
0.045,0.78,755,83.58,87.78,1.16,1105,83.26,74.86,0.68,162.64,1860,75,0.874408602,
0.06,0.6,555,79.64,51.58,0.93,818,79.58,68.47,0.84,120.05,1373,85,0.874362709,
0.06,0,555,79.64,51.58,0.93,818,79.58,68.47,0.84,120.05,1373,85,0.874362709,
0.06,0.6,616,79.22,18.3,0.3,900,80,113.62,1.26,131.92,1516,65,0.870184697,
0.06,0,616,79.22,18.3,0.3,900,80,113.62,1.26,131.92,1516,65,0.870184697,
0.06,0.8,287,82.93,18.7,0.65,427,83.37,43.14,1.01,61.84,714,70,0.866106443,
0.06,0.65,542,79.89,60.22,1.11,805,79.63,55.14,0.68,115.36,1347,90,0.856421678,
0.055,0.65,878,79.5,-4.13,-0.05,1323,80.65,191.91,1.45,187.78,2201,45,0.853157656,
0.03,0.84,839,85.94,-15.52,-0.18,1207,87.41,188.87,1.56,173.35,2046,60,0.847262952,
0.06,0.78,337,82.79,40.37,1.2,493,82.56,29.69,0.6,70.06,830,75,0.844096386,
0.045,0.78,767,83.57,91.46,1.19,1123,83.17,67.5,0.6,158.96,1890,70,0.841058201,
0.04,0.8,922,84.27,100.07,1.09,1346,83.88,90.55,0.67,190.62,2268,65,0.84047619,
0.055,0.78,634,82.81,64.54,1.02,945,82.75,68.17,0.72,132.71,1579,35,0.840468651,
0.04,0.8,949,84.4,118.76,1.25,1398,83.76,77.05,0.55,195.81,2347,60,0.834299105,
0.065,0.8,563,81.71,18.6,0.33,863,82.39,99.94,1.16,118.54,1426,15,0.831276297,
0.06,0.65,612,79.25,9.86,0.16,892,80.16,114.38,1.28,124.24,1504,65,0.82606383,
0.06,0.78,329,82.67,35.55,1.08,478,82.64,31.08,0.65,66.63,807,80,0.825650558,
0.06,0.65,551,79.67,43.14,0.78,810,79.75,69.23,0.85,112.37,1361,85,0.82564291,
0.055,0,884,79.41,0.57,0.01,1332,80.48,181.15,1.36,181.72,2216,45,0.820036101,
0.055,0.6,884,79.41,0.57,0.01,1332,80.48,181.15,1.36,181.72,2216,45,0.820036101,
0.035,0.84,619,85.78,-12.47,-0.2,874,87.19,134.78,1.54,122.31,1493,50,0.819223041,
0.045,0.65,1035,80.68,20.1,0.19,1536,81.38,190.34,1.24,210.44,2571,90,0.818514197,
0.04,0.84,355,85.07,-34.03,-0.96,518,87.45,105.35,2.03,71.32,873,85,0.816953036,
0.045,0,1040,80.58,18.54,0.18,1544,81.28,189.58,1.23,208.12,2584,90,0.805417957,
0.045,0.6,1040,80.58,18.54,0.18,1544,81.28,189.58,1.23,208.12,2584,90,0.805417957,
0.05,0.65,926,80.24,22.23,0.24,1370,80.88,161.44,1.18,183.67,2296,65,0.799956446,
0.04,0.84,377,85.41,-20.78,-0.55,546,87.18,94.25,1.73,73.47,923,65,0.795991333,
0.055,0.8,774,83.59,129.01,1.67,1216,82.48,29.33,0.24,158.34,1990,20,0.795678392,
0.05,0.65,947,80.25,24.57,0.26,1417,80.8,162.51,1.15,187.08,2364,60,0.791370558,
0.05,0,931,80.13,20.67,0.22,1378,80.77,160.68,1.17,181.35,2309,65,0.785404937,
0.05,0.6,931,80.13,20.67,0.22,1378,80.77,160.68,1.17,181.35,2309,65,0.785404937,
0.05,0,952,80.15,23.01,0.24,1425,80.7,161.75,1.14,184.76,2377,60,0.777282289,
0.05,0.6,952,80.15,23.01,0.24,1425,80.7,161.75,1.14,184.76,2377,60,0.777282289,
0.04,0.8,1002,84.33,115.05,1.15,1450,83.72,75.21,0.52,190.26,2452,55,0.77593801,
0.055,0,674,79.67,26.9,0.4,1011,80.22,103.14,1.02,130.04,1685,85,0.771750742,
0.055,0.6,674,79.67,26.9,0.4,1011,80.22,103.14,1.02,130.04,1685,85,0.771750742,
0.04,0.8,870,84.37,103.96,1.19,1285,83.74,62.09,0.48,166.05,2155,80,0.770533643,
0.055,0.78,581,82.27,20.98,0.36,862,83.06,90.09,1.05,111.07,1443,40,0.76971587,
0.035,0.84,791,86.22,92.5,1.17,1159,85.59,57.23,0.49,149.73,1950,15,0.767846154,
0.06,0.65,626,79.39,25.13,0.4,924,79.87,93.27,1.01,118.4,1550,60,0.763870968,
0.055,0.78,688,82.7,65.26,0.95,1037,82.64,66.16,0.64,131.42,1725,30,0.761855072,
0.04,0.84,356,85.11,-32.69,-0.92,522,87.36,99.37,1.9,66.68,878,80,0.759453303,
0.045,0.78,797,83.69,106.06,1.33,1174,82.96,43.6,0.37,149.66,1971,60,0.759309995,
0.06,0.6,571,79.16,15.17,0.27,837,79.81,91.65,1.09,106.82,1408,80,0.758664773,
0.06,0,571,79.16,15.17,0.27,837,79.81,91.65,1.09,106.82,1408,80,0.758664773,
0.06,0.78,440,81.82,8.77,0.2,641,82.84,72.29,1.13,81.06,1081,40,0.74986124,
0.04,0.84,374,85.29,-25.62,-0.69,546,87.18,94.25,1.73,68.63,920,70,0.745978261,
0.07,0,767,76.79,-114.02,-1.49,1138,79.53,255.77,2.25,141.75,1905,25,0.744094488,
0.04,0.8,1053,84.24,107.08,1.02,1551,83.75,86.53,0.56,193.61,2604,45,0.743509985,
0.06,0,631,79.24,23.57,0.37,932,79.72,92.51,0.99,116.08,1563,60,0.742674344,
0.06,0.6,631,79.24,23.57,0.37,932,79.72,92.51,0.99,116.08,1563,60,0.742674344,
0.04,0.8,1108,84.3,119.93,1.08,1650,83.7,84.02,0.51,203.95,2758,40,0.739485134,
0.07,0,444,78.38,10.38,0.23,624,78.85,68.39,1.1,78.77,1068,55,0.737546816,
0.07,0.6,444,78.38,10.38,0.23,624,78.85,68.39,1.1,78.77,1068,55,0.737546816,
0.045,0.78,826,83.66,102.97,1.25,1222,82.98,47.52,0.39,150.49,2048,55,0.734814453,
0.045,0.65,1045,80.77,29.32,0.28,1545,81.23,160.69,1.04,190.01,2590,85,0.733629344,
0.045,0.65,1068,80.71,23.2,0.22,1578,81.24,170.58,1.08,193.78,2646,80,0.732350718,
0.055,0.65,670,79.7,18.46,0.28,1003,80.36,103.9,1.04,122.36,1673,85,0.731380753,
0.05,0.78,749,82.91,58.56,0.78,1106,82.91,76.53,0.69,135.09,1855,40,0.728247978,
0.06,0.78,316,82.91,46.36,1.47,467,82.23,10.12,0.22,56.48,783,90,0.721328225,
0.035,0.84,790,85.82,7.46,0.09,1100,86.64,128.85,1.17,136.31,1890,25,0.721216931,
0.045,0,1050,80.67,27.76,0.26,1553,81.13,159.93,1.03,187.69,2603,85,0.721052632,
0.045,0.6,1050,80.67,27.76,0.26,1553,81.13,159.93,1.03,187.69,2603,85,0.721052632,
0.045,0.6,1073,80.62,21.64,0.2,1586,81.15,169.82,1.07,191.46,2659,80,0.72004513,
0.045,0,1073,80.62,21.64,0.2,1586,81.15,169.82,1.07,191.46,2659,80,0.72004513,
0.06,0.8,284,82.75,12.85,0.45,425,83.29,38.14,0.9,50.99,709,75,0.719181946,
0.055,0,666,79.58,20.37,0.31,1000,80.2,98.59,0.99,118.96,1666,90,0.714045618,
0.055,0.6,666,79.58,20.37,0.31,1000,80.2,98.59,0.99,118.96,1666,90,0.714045618,
0.035,0.84,593,85.67,-19.56,-0.33,829,87.09,121.02,1.46,101.46,1422,60,0.71350211,
0.06,0.65,567,79.19,6.73,0.12,829,79.98,92.41,1.11,99.14,1396,80,0.71017192,
0.07,0.6,767,76.79,-114.02,-1.49,1137,79.51,248.88,2.19,134.86,1904,25,0.708298319,
0.035,0.8,1134,84.74,139.71,1.23,1641,83.91,55.36,0.34,195.07,2775,90,0.702954955,
0.06,0.8,583,83.02,76.32,1.31,922,82.32,29.16,0.32,105.48,1505,20,0.700863787,
0.035,0.8,1149,84.77,143.29,1.25,1683,83.9,54.71,0.33,198,2832,85,0.699152542,
0.065,0.65,451,79.16,25.62,0.57,638,79.31,50.16,0.79,75.78,1089,85,0.695867769,
0.05,0,1226,79.61,-39.15,-0.32,1824,80.76,245.76,1.35,206.61,3050,35,0.677409836,
0.07,0.65,440,78.41,1.94,0.04,616,79.06,69.15,1.12,71.09,1056,55,0.673200758,
0.035,0.8,1212,84.65,136.09,1.12,1780,83.93,65.32,0.37,201.41,2992,65,0.673161765,
0.055,0.65,662,79.61,11.93,0.18,992,80.34,99.35,1,111.28,1654,90,0.672793229,
0.06,0,585,79.15,12.35,0.21,854,79.74,83.65,0.98,96,1439,75,0.667129951,
0.06,0.6,585,79.15,12.35,0.21,854,79.74,83.65,0.98,96,1439,75,0.667129951,
0.045,0.8,899,83.98,103.83,1.15,1350,83.26,46.17,0.34,150,2249,35,0.666963095,
0.06,0.78,320,82.81,40.73,1.27,468,82.26,11.37,0.24,52.1,788,85,0.661167513,
0.07,0.65,760,76.84,-124.77,-1.64,1126,79.66,248.51,2.21,123.74,1886,25,0.656097561,
0.04,0.8,1033,84.12,91.69,0.89,1500,83.73,74.46,0.5,166.15,2533,50,0.655941571,
0.05,0.6,1226,79.61,-39.15,-0.32,1823,80.75,238.87,1.31,199.72,3049,35,0.655034438,
0.06,0.78,413,81.36,-18.95,-0.46,603,83.08,85.38,1.42,66.43,1016,45,0.653838583,
0.05,0.65,1016,79.82,-23.09,-0.23,1530,80.92,189.36,1.24,166.27,2546,50,0.653063629,
0.035,0.8,1151,84.71,135.79,1.18,1685,83.86,47.21,0.28,183,2836,80,0.645275035,
0.065,0.6,453,79.03,21.34,0.47,646,79.1,49.4,0.76,70.74,1099,85,0.643676069,
0.065,0,453,79.03,21.34,0.47,646,79.1,49.4,0.76,70.74,1099,85,0.643676069,
0.06,0.78,395,81.52,-12.22,-0.31,577,83.02,74.51,1.29,62.29,972,50,0.640843621,
0.05,0.65,1219,79.66,-49.9,-0.41,1813,80.86,243.91,1.35,194.01,3032,35,0.63987467,
0.05,0.78,890,83.37,123.08,1.38,1313,82.41,17.82,0.14,140.9,2203,30,0.639582388,
0.035,0.84,820,86.1,45.8,0.56,1164,86.08,80.99,0.7,126.79,1984,20,0.6390625,
0.07,0.65,365,78.63,9.72,0.27,513,78.95,46.35,0.9,56.07,878,90,0.638610478,
0.07,0.65,376,78.72,14.78,0.39,525,78.86,41.66,0.79,56.44,901,85,0.626415094,
0.05,0.6,1022,79.75,-18.39,-0.18,1539,80.77,178.6,1.16,160.21,2561,50,0.625575947,
0.05,0,1022,79.75,-18.39,-0.18,1539,80.77,178.6,1.16,160.21,2561,50,0.625575947,
0.06,0.65,581,79.17,3.91,0.07,846,79.91,84.41,1,88.32,1427,75,0.618920813,
0.06,0,1064,78.29,-65.67,-0.62,1644,79.81,233.09,1.42,167.42,2708,25,0.618242245,
0.055,0,839,79.14,-27.14,-0.32,1263,80.36,156.22,1.24,129.08,2102,50,0.614081827,
0.055,0.6,839,79.14,-27.14,-0.32,1263,80.36,156.22,1.24,129.08,2102,50,0.614081827,
0.06,0.65,684,78.36,-61.55,-0.9,1010,80.3,164.8,1.63,103.25,1694,50,0.609504132,
0.055,0,700,79.57,14.21,0.2,1037,80.14,91.22,0.88,105.43,1737,80,0.606966033,
0.055,0.6,700,79.57,14.21,0.2,1037,80.14,91.22,0.88,105.43,1737,80,0.606966033,
0.045,0.8,971,84.24,145.15,1.49,1490,82.95,3.67,0.02,148.82,2461,30,0.604713531,
0.04,0.8,890,84.04,70.36,0.79,1309,83.73,61.62,0.47,131.98,2199,75,0.600181901,
0.055,0.65,833,79.23,-31.84,-0.38,1255,80.48,156.98,1.25,125.14,2088,50,0.599329502,
0.065,0,782,77.37,-97.69,-1.25,1168,79.71,213.87,1.83,116.18,1950,30,0.595794872,
0.07,0.8,438,83.11,97.61,2.23,639,80.75,-33.47,-0.52,64.14,1077,15,0.595543175,
0.03,0.84,863,85.98,-14.31,-0.17,1235,87.04,138.89,1.12,124.58,2098,55,0.593803622,
0.06,0.65,1057,78.33,-76.42,-0.72,1631,79.95,235.83,1.45,159.41,2688,25,0.593043155,
0.06,0.6,1064,78.29,-65.67,-0.62,1643,79.79,226.2,1.38,160.53,2707,25,0.593018101,
0.06,0,689,78.23,-63.11,-0.92,1018,80.16,164.04,1.61,100.93,1707,50,0.591271236,
0.06,0.6,689,78.23,-63.11,-0.92,1018,80.16,164.04,1.61,100.93,1707,50,0.591271236,
0.04,0.8,1190,84.37,147.93,1.24,1741,83.34,25.23,0.14,173.16,2931,35,0.590788127,
0.045,0.8,1095,84.29,184.42,1.68,1664,82.75,-21.82,-0.13,162.6,2759,25,0.589343965,
0.065,0.6,598,78.43,-1.33,-0.02,882,79.25,88.35,1,87.02,1480,45,0.587972973,
0.065,0,598,78.43,-1.33,-0.02,882,79.25,88.35,1,87.02,1480,45,0.587972973,
0.045,0.65,1096,80.57,6.42,0.06,1643,81.07,154.52,0.94,160.94,2739,70,0.58758671,
0.045,0.65,1082,80.68,22.74,0.21,1613,81.03,135.12,0.84,157.86,2695,75,0.585751391,
0.065,0.78,486,82.1,48.56,1,708,81.78,21.15,0.3,69.71,1194,25,0.583835846,
0.03,0.84,927,85.65,-43.31,-0.47,1346,87.15,175.73,1.31,132.42,2273,40,0.582578091,
0.06,0.65,648,79.01,-4.69,-0.07,970,79.9,98.76,1.02,94.07,1618,55,0.581396786,
0.03,0.8,1478,85.05,176.91,1.2,2186,84.13,34.69,0.16,211.6,3664,85,0.577510917,
0.045,0.6,1101,80.47,4.86,0.04,1651,80.98,153.76,0.93,158.62,2752,70,0.576380814,
0.045,0,1101,80.47,4.86,0.04,1651,80.98,153.76,0.93,158.62,2752,70,0.576380814,
0.045,0.6,1087,80.59,21.18,0.19,1621,80.94,134.36,0.83,155.54,2708,75,0.57437223,
0.045,0,1087,80.59,21.18,0.19,1621,80.94,134.36,0.83,155.54,2708,75,0.57437223,
0.03,0.8,1475,85.02,172.04,1.17,2176,84.15,37.39,0.17,209.43,3651,90,0.573623665,
0.055,0.65,792,79.04,-47.38,-0.6,1204,80.56,161.78,1.34,114.4,1996,55,0.573146293,
0.055,0.65,771,78.99,-46.42,-0.6,1156,80.62,156.41,1.35,109.99,1927,60,0.570783601,
0.035,0.8,1197,84.54,119.63,1,1747,83.86,48.38,0.28,168.01,2944,70,0.570686141,
0.045,0.78,956,83.47,105.22,1.1,1417,82.78,29.97,0.21,135.19,2373,40,0.569700801,
0.065,0.65,592,78.55,-6.03,-0.1,874,79.41,89.11,1.02,83.08,1466,45,0.566712142,
0.055,0.65,696,79.6,5.77,0.08,1029,80.27,91.98,0.89,97.75,1725,80,0.566666667,
0.065,0.6,468,78.85,20.15,0.43,664,79.07,43.55,0.66,63.7,1132,80,0.562720848,
0.065,0,468,78.85,20.15,0.43,664,79.07,43.55,0.66,63.7,1132,80,0.562720848,
0.06,0.6,653,78.87,-6.25,-0.1,978,79.75,98,1,91.75,1631,55,0.56253832,
0.06,0,653,78.87,-6.25,-0.1,978,79.75,98,1,91.75,1631,55,0.56253832,
0.045,0.65,1127,80.75,30.69,0.27,1689,80.94,127.6,0.76,158.29,2816,65,0.562109375,
0.035,0.8,1241,84.53,118.48,0.95,1815,83.86,52.98,0.29,171.46,3056,60,0.561060209,
0.065,0.6,782,77.37,-97.69,-1.25,1167,79.69,206.98,1.77,109.29,1949,30,0.560749102,
0.035,0.8,1177,84.45,103,0.88,1721,83.9,58.98,0.34,161.98,2898,75,0.558937198,
0.055,0.6,797,78.92,-48.94,-0.61,1212,80.45,161.02,1.33,112.08,2009,55,0.557889497,
0.055,0,797,78.92,-48.94,-0.61,1212,80.45,161.02,1.33,112.08,2009,55,0.557889497,
0.065,0.65,449,79.06,18.91,0.42,635,79.21,41.56,0.65,60.47,1084,90,0.557841328,
0.055,0.78,455,81.54,-25.81,-0.57,683,83.31,89.2,1.31,63.39,1138,65,0.557029877,
0.04,0.82,855,85.61,86.97,1.02,1217,84.88,28.03,0.23,115,2072,20,0.555019305,
0.055,0,776,78.87,-47.98,-0.62,1164,80.5,155.65,1.34,107.67,1940,60,0.555,
0.055,0.6,776,78.87,-47.98,-0.62,1164,80.5,155.65,1.34,107.67,1940,60,0.555,
0.025,0.84,1137,85.84,-61.52,-0.54,1667,87.4,216.12,1.3,154.6,2804,70,0.551355207,
0.045,0,1132,80.65,29.13,0.26,1697,80.85,126.84,0.75,155.97,2829,65,0.551325557,
0.045,0.6,1132,80.65,29.13,0.26,1697,80.85,126.84,0.75,155.97,2829,65,0.551325557,
0.025,0.84,1090,85.5,-102.09,-0.94,1587,87.65,249.47,1.57,147.38,2677,90,0.550541651,
0.075,0.65,317,77.92,-2.26,-0.07,454,78.41,44.55,0.98,42.29,771,70,0.548508431,
0.045,0.78,869,83.43,86.05,0.99,1283,82.85,31.77,0.25,117.82,2152,50,0.547490706,
0.06,0.78,543,82.14,34.85,0.64,794,82.24,37.94,0.48,72.79,1337,30,0.544427823,
0.045,0.78,913,83.24,71.89,0.79,1337,82.95,50.35,0.38,122.24,2250,45,0.543288889,
0.065,0,475,78.95,29.1,0.61,687,78.89,33.52,0.49,62.62,1162,75,0.538898451,
0.065,0.6,475,78.95,29.1,0.61,687,78.89,33.52,0.49,62.62,1162,75,0.538898451,
0.065,0.65,775,77.42,-108.44,-1.4,1157,79.86,212.02,1.83,103.58,1932,30,0.536128364,
0.07,0,415,78.07,-5.78,-0.14,576,78.82,58.52,1.02,52.74,991,65,0.532189707,
0.07,0.6,415,78.07,-5.78,-0.14,576,78.82,58.52,1.02,52.74,991,65,0.532189707,
0.04,0.84,365,84.93,-41.61,-1.14,530,87.17,88.92,1.68,47.31,895,75,0.528603352,
0.06,0.6,596,79.03,3.63,0.06,873,79.61,73.85,0.85,77.48,1469,70,0.527433628,
0.06,0,596,79.03,3.63,0.06,873,79.61,73.85,0.85,77.48,1469,70,0.527433628,
0.055,0.78,474,82.07,5.81,0.12,714,82.91,56.84,0.8,62.65,1188,60,0.527356902,
0.05,0,980,79.69,-26.43,-0.27,1473,80.65,155.25,1.05,128.82,2453,55,0.525152874,
0.05,0.6,980,79.69,-26.43,-0.27,1473,80.65,155.25,1.05,128.82,2453,55,0.525152874,
0.05,0.75,796,80.78,-14.91,-0.19,1166,81.82,117.28,1.01,102.37,1962,75,0.521763507,
0.05,0.75,764,80.63,-24.12,-0.32,1110,81.89,121.65,1.1,97.53,1874,90,0.520437567,
0.045,0.82,549,85.79,70.81,1.29,818,84.72,0.18,0,70.99,1367,25,0.519312363,
0.04,0.78,946,83.62,74.17,0.78,1378,83.24,45.29,0.33,119.46,2324,90,0.514027539,
0.065,0.8,535,82.06,114.82,2.15,789,79.85,-46.92,-0.59,67.9,1324,10,0.512839879,
0.05,0.75,776,80.67,-23.24,-0.3,1132,81.89,120.98,1.07,97.74,1908,85,0.512264151,
0.05,0.65,974,79.77,-31.13,-0.32,1465,80.75,156.01,1.06,124.88,2439,55,0.51201312,
0.05,0.75,820,80.73,-19.77,-0.24,1188,81.82,122.54,1.03,102.77,2008,70,0.511802789,
0.07,0,367,78.47,5.44,0.15,520,78.65,39.87,0.77,45.31,887,90,0.510822999,
0.07,0.6,367,78.47,5.44,0.15,520,78.65,39.87,0.77,45.31,887,90,0.510822999,
0.025,0.84,1113,85.71,-74.18,-0.67,1635,87.4,214.18,1.31,140,2748,75,0.509461426,
0.05,0.65,1488,79.84,-0.77,-0.01,2269,80.39,191.32,0.84,190.55,3757,25,0.507186585,
0.045,0.82,634,85.33,83.96,1.32,951,84.23,-3.81,-0.04,80.15,1585,15,0.505678233,
0.045,0.82,341,85.34,13.48,0.4,508,85.43,29.22,0.58,42.7,849,85,0.502944641,
0.06,0,835,78.44,-42.43,-0.51,1257,79.71,147.62,1.17,105.19,2092,35,0.502820268,
0.06,0.6,835,78.44,-42.43,-0.51,1257,79.71,147.62,1.17,105.19,2092,35,0.502820268,
0.07,0.6,378,78.57,10.5,0.28,532,78.57,35.18,0.66,45.68,910,85,0.501978022,
0.07,0,378,78.57,10.5,0.28,532,78.57,35.18,0.66,45.68,910,85,0.501978022,
0.065,0.65,464,78.88,11.71,0.25,656,79.27,44.31,0.68,56.02,1120,80,0.500178571,
0.03,0.84,871,85.76,-35.96,-0.41,1250,87.04,141.83,1.13,105.87,2121,50,0.499151344,
0.05,0,1495,79.8,9.98,0.07,2283,80.25,178.58,0.78,188.56,3778,25,0.499100053,
0.03,0.84,974,85.52,-56.31,-0.58,1421,87.05,175.25,1.23,118.94,2395,35,0.496617954,
0.035,0.8,1378,84.69,166.33,1.21,2014,83.61,0.83,0,167.16,3392,45,0.492806604,
0.055,0,1112,78.87,-66.9,-0.6,1699,80.22,205.14,1.21,138.24,2811,30,0.491782284,
0.03,0.8,1536,85.03,182.61,1.19,2282,84.01,4.45,0.02,187.06,3818,70,0.489942378,
0.055,0.65,742,78.71,-68.78,-0.93,1107,80.67,158.9,1.44,90.12,1849,65,0.487398594,
0.055,0.75,783,80.2,-33.79,-0.43,1159,81.54,128.08,1.11,94.29,1942,45,0.485530381,
0.03,0.84,900,85.78,-31.38,-0.35,1304,86.96,137.94,1.06,106.56,2204,45,0.483484574,
0.03,0.8,1490,85.03,175.77,1.18,2218,83.99,3.23,0.01,179,3708,80,0.482740022,
0.04,0.78,966,83.33,44.96,0.47,1400,83.36,68.98,0.49,113.94,2366,85,0.481572274,
0.05,0.6,1495,79.8,9.98,0.07,2282,80.24,171.69,0.75,181.67,3777,25,0.480990204,
0.065,0.78,570,82.28,79.21,1.39,859,81.26,-10.62,-0.12,68.59,1429,20,0.479986004,
0.06,0.65,828,78.5,-53.18,-0.64,1247,79.87,152.66,1.22,99.48,2075,35,0.479421687,
0.06,0.65,592,79.05,-4.81,-0.08,865,79.77,74.61,0.86,69.8,1457,70,0.479066575,
0.065,0.65,471,78.98,20.66,0.44,679,79.09,34.28,0.5,54.94,1150,75,0.47773913,
0.045,0.82,343,85.42,16.68,0.49,512,85.35,24.09,0.47,40.77,855,80,0.476842105,
0.05,0.8,1000,83.6,137.27,1.37,1538,82.38,-16.28,-0.11,120.99,2538,20,0.476713948,
0.04,0.78,1170,83.42,64.64,0.55,1697,83.26,70.84,0.42,135.48,2867,45,0.472549704,
0.055,0,702,79.49,6.71,0.1,1049,79.98,75.96,0.72,82.67,1751,75,0.472130211,
0.055,0.6,702,79.49,6.71,0.1,1049,79.98,75.96,0.72,82.67,1751,75,0.472130211,
0.055,0.6,747,78.58,-70.34,-0.94,1115,80.54,158.14,1.42,87.8,1862,65,0.471535983,
0.055,0,747,78.58,-70.34,-0.94,1115,80.54,158.14,1.42,87.8,1862,65,0.471535983,
0.05,0.75,842,80.88,-4.56,-0.05,1221,81.65,101.16,0.83,96.6,2063,65,0.468250121,
0.055,0.6,1112,78.87,-66.9,-0.6,1698,80.21,198.25,1.17,131.35,2810,30,0.467437722,
0.025,0.84,1097,85.6,-90.66,-0.83,1610,87.45,216.63,1.35,125.97,2707,80,0.465349095,
0.045,0,1147,80.65,36.79,0.32,1725,80.7,95.96,0.56,132.75,2872,60,0.462221448,
0.045,0.6,1147,80.65,36.79,0.32,1725,80.7,95.96,0.56,132.75,2872,60,0.462221448,
0.03,0.8,1520,85.07,189.57,1.25,2249,83.9,-15.93,-0.07,173.64,3769,75,0.460705757,
0.07,0.65,411,78.1,-14.22,-0.35,568,79.05,59.28,1.04,45.06,979,65,0.460265577,
0.035,0.8,1506,84.46,143.87,0.96,2226,83.65,27.05,0.12,170.92,3732,35,0.457984995,
0.05,0.82,414,85.27,40.08,0.97,636,84.59,7.98,0.13,48.06,1050,20,0.457714286,
0.065,0.6,451,78.94,14.63,0.32,642,78.97,35.08,0.55,49.71,1093,90,0.454803294,
0.065,0,451,78.94,14.63,0.32,642,78.97,35.08,0.55,49.71,1093,90,0.454803294,
0.045,0.65,1141,80.72,32.09,0.28,1717,80.78,96.72,0.56,128.81,2858,60,0.45069979,
0.04,0.78,1113,83.38,56.59,0.51,1588,83.25,63.5,0.4,120.09,2701,55,0.444613106,
0.055,0.65,698,79.51,-1.73,-0.02,1041,80.12,76.72,0.74,74.99,1739,75,0.431224842,
0.025,0.84,1095,85.57,-93.86,-0.86,1606,87.42,210.23,1.31,116.37,2701,85,0.430840429,
0.055,0.65,1105,78.91,-77.65,-0.7,1687,80.32,197.88,1.17,120.23,2792,30,0.430623209,
0.05,0.78,979,82.94,90.19,0.92,1486,82.3,15.43,0.1,105.62,2465,25,0.428478702,
0.035,0.78,1328,83.89,90.98,0.69,1925,83.48,46.96,0.24,137.94,3253,65,0.424039348,
0.05,0.65,1061,79.92,-15.18,-0.14,1604,80.55,128.16,0.8,112.98,2665,45,0.423939962,
0.03,0.86,388,87.11,-17.14,-0.44,530,88.49,55.91,1.05,38.77,918,75,0.422331155,
0.065,0.6,494,78.74,15.83,0.32,730,78.9,35.76,0.49,51.59,1224,65,0.421486928,
0.065,0,494,78.74,15.83,0.32,730,78.9,35.76,0.49,51.59,1224,65,0.421486928,
0.05,0.6,1068,79.87,-4.43,-0.04,1613,80.41,117.4,0.73,112.97,2681,45,0.421372622,
0.05,0,1068,79.87,-4.43,-0.04,1613,80.41,117.4,0.73,112.97,2681,45,0.421372622,
0.035,0.85,306,85.62,-29.98,-0.98,421,87.65,60.49,1.44,30.51,727,15,0.419669876,
0.03,0.86,381,87.14,-15.47,-0.41,528,88.45,53.13,1.01,37.66,909,85,0.41430143,
0.07,0.78,468,81.41,21.57,0.46,669,81.46,25.44,0.38,47.01,1137,20,0.413456464,
0.04,0.78,1227,83.46,70.16,0.57,1805,83.16,54.35,0.3,124.51,3032,40,0.410653034,
0.06,0.65,762,78.35,-63.28,-0.83,1140,79.91,140.46,1.23,77.18,1902,40,0.405783386,
0.07,0,398,78.14,-4.51,-0.11,566,78.62,43.61,0.77,39.1,964,70,0.40560166,
0.07,0.6,398,78.14,-4.51,-0.11,566,78.62,43.61,0.77,39.1,964,70,0.40560166,
0.075,0.6,319,77.74,-6.54,-0.21,461,78.09,38.07,0.83,31.53,780,70,0.404230769,
0.075,0,319,77.74,-6.54,-0.21,461,78.09,38.07,0.83,31.53,780,70,0.404230769,
0.04,0.78,1057,83.35,52.29,0.49,1531,83.21,51.99,0.34,104.28,2588,60,0.402936631,
0.06,0,769,78.28,-52.53,-0.68,1149,79.72,129.7,1.13,77.17,1918,40,0.402346194,
0.06,0.6,769,78.28,-52.53,-0.68,1149,79.72,129.7,1.13,77.17,1918,40,0.402346194,
0.03,0.8,1568,84.82,152.03,0.97,2318,83.99,3.17,0.01,155.2,3886,65,0.399382398,
0.025,0.86,683,86.68,-52.39,-0.77,1038,88.34,121.05,1.17,68.66,1721,20,0.398954096,
0.04,0.78,1017,83.19,27.91,0.27,1476,83.33,70.15,0.48,98.06,2493,70,0.393341356,
0.03,0.84,1023,85.63,-43.74,-0.43,1505,86.78,143.16,0.95,99.42,2528,30,0.393275316,
0.03,0.86,393,87.02,-21.08,-0.54,547,88.48,58.04,1.06,36.96,940,70,0.393191489,
0.035,0.8,1272,84.51,123.41,0.97,1873,83.61,-1.29,-0.01,122.12,3145,55,0.388298887,
0.03,0.78,1592,84.36,129.6,0.81,2322,83.76,21.7,0.09,151.3,3914,90,0.386561063,
0.03,0.82,983,85.96,50.89,0.52,1420,85.77,41.57,0.29,92.46,2403,90,0.384769039,
0.07,0.65,468,78.21,-9.97,-0.21,652,78.83,53,0.81,43.03,1120,50,0.384196429,
0.05,0.75,782,80.69,-23.03,-0.29,1147,81.69,97.04,0.85,74.01,1929,80,0.383670295,
0.035,0.8,1450,84.76,187.51,1.29,2122,83.41,-50.77,-0.24,136.74,3572,40,0.38281075,
0.03,0.82,986,86,55.76,0.57,1424,85.74,36.37,0.26,92.13,2410,85,0.382282158,
0.06,0.65,718,77.99,-95.21,-1.33,1072,80.13,163.4,1.52,68.19,1790,45,0.380949721,
0.035,0.78,1259,83.88,82.16,0.65,1818,83.44,34.99,0.19,117.15,3077,85,0.380727982,
0.055,0.78,787,82.34,45.1,0.57,1171,82.24,29.33,0.25,74.43,1958,25,0.380132789,
0.045,0,1374,80.28,-12.61,-0.09,2060,80.78,143.06,0.69,130.45,3434,40,0.379877694,
0.045,0.6,1374,80.28,-12.61,-0.09,2060,80.78,143.06,0.69,130.45,3434,40,0.379877694,
0.03,0.86,385,87.01,-21.16,-0.55,530,88.49,55.91,1.05,34.75,915,80,0.379781421,
0.05,0.75,858,81,6.62,0.08,1261,81.44,73.48,0.58,80.1,2119,60,0.378008495,
0.045,0.75,984,81.3,-3.59,-0.04,1432,81.84,94.31,0.66,90.72,2416,80,0.375496689,
0.04,0.78,1028,83.17,28.26,0.27,1479,83.3,65.49,0.44,93.75,2507,65,0.373952932,
0.055,0.6,1024,78.91,-60.67,-0.59,1546,80.14,155.75,1.01,95.08,2570,35,0.369961089,
0.055,0,1024,78.91,-60.67,-0.59,1546,80.14,155.75,1.01,95.08,2570,35,0.369961089,
0.065,0.78,291,82.13,22.98,0.79,425,81.88,3.31,0.08,26.29,716,55,0.367178771,
0.03,0.78,1596,84.4,137.14,0.86,2337,83.7,7.01,0.03,144.15,3933,85,0.366514111,
0.035,0.78,1262,83.84,77.33,0.61,1823,83.43,35.5,0.19,112.83,3085,80,0.365737439,
0.045,0.65,1367,80.32,-23.36,-0.17,2050,80.88,148.1,0.72,124.74,3417,40,0.365057068,
0.065,0.65,490,78.78,7.39,0.15,722,79.09,36.52,0.51,43.91,1212,65,0.362293729,
0.07,0.6,473,78.01,-11.53,-0.24,660,78.64,52.24,0.79,40.71,1133,50,0.359311562,
0.07,0,473,78.01,-11.53,-0.24,660,78.64,52.24,0.79,40.71,1133,50,0.359311562,
0.055,0.65,1017,78.96,-71.42,-0.7,1536,80.27,160.79,1.05,89.37,2553,35,0.350058754,
0.04,0.78,1146,83.25,38.57,0.34,1641,83.24,58.09,0.35,96.66,2787,50,0.346824543,
0.065,0.6,483,78.88,23.49,0.49,709,78.7,17.65,0.25,41.14,1192,70,0.345134228,
0.065,0,483,78.88,23.49,0.49,709,78.7,17.65,0.25,41.14,1192,70,0.345134228,
0.06,0,724,77.9,-90.51,-1.25,1081,79.93,152.64,1.41,62.13,1805,45,0.344210526,
0.06,0.6,724,77.9,-90.51,-1.25,1081,79.93,152.64,1.41,62.13,1805,45,0.344210526,
0.035,0.8,1316,84.5,124.79,0.95,1933,83.55,-13.2,-0.07,111.59,3249,50,0.343459526,
0.035,0.78,1242,83.82,73.24,0.59,1774,83.43,30.3,0.17,103.54,3016,90,0.343302387,
0.035,0.78,1358,83.8,76.04,0.56,1961,83.43,37.29,0.19,113.33,3319,60,0.341458271,
0.05,0.82,287,84.67,-5.2,-0.18,444,85.36,30.05,0.68,24.85,731,45,0.33994528,
0.03,0.8,1614,84.76,145.95,0.9,2372,83.94,-10.51,-0.04,135.44,3986,60,0.339789262,
0.05,0,1134,79.45,-59.07,-0.52,1702,80.49,155.26,0.91,96.19,2836,40,0.339174894,
0.05,0.6,1134,79.45,-59.07,-0.52,1702,80.49,155.26,0.91,96.19,2836,40,0.339174894,
0.04,0.65,1282,81.05,-3.77,-0.03,1910,81.31,111.59,0.58,107.82,3192,90,0.337781955,
0.025,0.86,584,86.13,-99.67,-1.71,832,89.18,147.48,1.77,47.81,1416,90,0.337641243,
0.03,0.86,472,86.44,-52.04,-1.1,667,88.61,90.44,1.36,38.4,1139,30,0.33713784,
0.035,0.82,931,85.71,51.42,0.55,1330,85.34,23.59,0.18,75.01,2261,35,0.33175586,
0.04,0.8,1274,84.14,132.34,1.04,1869,83.04,-28.58,-0.15,103.76,3143,30,0.330130449,
0.07,0.65,394,78.17,-12.95,-0.33,558,78.85,44.37,0.8,31.42,952,70,0.330042017,
0.04,0,1287,80.96,-5.33,-0.04,1918,81.23,110.83,0.58,105.5,3205,90,0.329173167,
0.04,0.6,1287,80.96,-5.33,-0.04,1918,81.23,110.83,0.58,105.5,3205,90,0.329173167,
0.03,0.86,379,87.07,-18.67,-0.49,525,88.38,48.33,0.92,29.66,904,90,0.328097345,
0.045,0.78,1017,83.09,64.06,0.63,1501,82.68,18.49,0.12,82.55,2518,35,0.327839555,
0.025,0.84,1166,85.68,-85.52,-0.73,1702,87.19,179.23,1.05,93.71,2868,65,0.326743375,
0.04,0.78,969,83.28,38.8,0.4,1409,83.18,38.34,0.27,77.14,2378,80,0.324390244,
0.045,0.75,953,81.11,-26.69,-0.28,1394,81.92,102.53,0.74,75.84,2347,90,0.323135918,
0.03,0.82,1021,85.9,45.66,0.45,1490,85.7,35.05,0.24,80.71,2511,70,0.321425727,
0.05,0.65,1127,79.5,-69.82,-0.62,1692,80.61,160.3,0.95,90.48,2819,40,0.320964881,
0.03,0.82,996,85.94,50.18,0.5,1444,85.66,27.15,0.19,77.33,2440,80,0.31692623,
0.05,0,1346,79.79,-13.12,-0.1,2016,80.16,118.36,0.59,105.24,3362,30,0.31302796,
0.045,0.65,1184,80.57,8.33,0.07,1784,80.72,83.93,0.47,92.26,2968,55,0.310849057,
0.075,0,343,78.13,12.85,0.37,493,77.69,13.12,0.27,25.97,836,60,0.310645933,
0.075,0.6,343,78.13,12.85,0.37,493,77.69,13.12,0.27,25.97,836,60,0.310645933,
0.04,0.65,1302,80.88,-32.98,-0.25,1935,81.4,133.06,0.69,100.08,3237,85,0.309175162,
0.035,0.78,1310,83.74,66.51,0.51,1888,83.42,32.01,0.17,98.52,3198,70,0.308067542,
0.07,0.65,377,78.51,4.78,0.13,532,78.57,23.18,0.44,27.96,909,80,0.307590759,
0.06,0,940,78.09,-88.73,-0.94,1405,79.64,160.68,1.14,71.95,2345,30,0.306823028,
0.04,0.8,1611,83.8,150.1,0.93,2378,82.84,-29.63,-0.12,120.47,3989,20,0.302005515,
0.04,0,1307,80.8,-34.54,-0.26,1943,81.32,132.3,0.68,97.76,3250,85,0.3008,
0.04,0.6,1307,80.8,-34.54,-0.26,1943,81.32,132.3,0.68,97.76,3250,85,0.3008,
0.03,0.82,1006,85.98,55.12,0.55,1458,85.6,17.17,0.12,72.29,2464,75,0.29338474,
0.065,0.78,299,82.27,28.42,0.95,443,81.72,-6.68,-0.15,21.74,742,50,0.292991914,
0.05,0.6,1346,79.79,-13.12,-0.1,2015,80.15,111.47,0.55,98.35,3361,30,0.292621244,
0.045,0.82,335,85.07,2.56,0.08,504,85.32,21.94,0.44,24.5,839,90,0.292014303,
0.025,0.84,1177,85.73,-77.81,-0.66,1733,87.07,162.69,0.94,84.88,2910,60,0.291683849,
0.06,0.75,537,79.89,-21.43,-0.4,773,80.98,59.42,0.77,37.99,1310,65,0.29,
0.065,0.78,337,81.31,-6.21,-0.18,500,82.2,30.43,0.61,24.22,837,40,0.289366786,
0.045,0,1190,80.5,13.03,0.11,1793,80.59,73.17,0.41,86.2,2983,55,0.288970835,
0.045,0.6,1190,80.5,13.03,0.11,1793,80.59,73.17,0.41,86.2,2983,55,0.288970835,
0.065,0.65,558,78.49,-7.49,-0.13,823,79.1,47.25,0.57,39.76,1381,50,0.287907314,
0.065,0.65,479,78.91,15.05,0.31,701,78.89,18.41,0.26,33.46,1180,70,0.283559322,
0.03,0.78,1608,84.39,136,0.85,2369,83.58,-24.45,-0.1,111.55,3977,80,0.280487805,
0.025,0.86,613,86.46,-79.22,-1.29,883,88.79,121.12,1.37,41.9,1496,70,0.280080214,
0.025,0.86,529,86.96,-7.07,-0.13,792,87.5,43.83,0.55,36.76,1321,15,0.278274035,
0.06,0.6,940,78.09,-88.73,-0.94,1404,79.63,153.79,1.1,65.06,2344,30,0.277559727,
0.055,0.78,448,81.47,-30.44,-0.68,664,82.98,61.24,0.92,30.8,1112,70,0.276978417,
0.035,0.78,1288,83.62,44.54,0.35,1862,83.46,42.61,0.23,87.15,3150,75,0.276666667,
0.045,0.75,963,81.2,-17.47,-0.18,1402,81.81,82.88,0.59,65.41,2365,85,0.276575053,
0.075,0.6,366,78.14,13.97,0.38,515,77.67,10.32,0.2,24.29,881,55,0.275709421,
0.075,0,366,78.14,13.97,0.38,515,77.67,10.32,0.2,24.29,881,55,0.275709421,
0.055,0.65,930,78.71,-96.9,-1.04,1408,80.4,161.04,1.14,64.14,2338,40,0.27433704,
0.055,0,937,78.66,-86.15,-0.92,1417,80.24,150.28,1.06,64.13,2354,40,0.272429907,
0.055,0.6,937,78.66,-86.15,-0.92,1417,80.24,150.28,1.06,64.13,2354,40,0.272429907,
0.025,0.86,660,86.52,-78.9,-1.2,946,88.69,122.41,1.29,43.51,1606,50,0.270921544,
0.03,0.82,1036,85.81,35.92,0.35,1510,85.7,32.67,0.22,68.59,2546,65,0.269402985,
0.065,0.6,563,78.33,-9.05,-0.16,831,78.94,46.49,0.56,37.44,1394,50,0.268579627,
0.065,0,563,78.33,-9.05,-0.16,831,78.94,46.49,0.56,37.44,1394,50,0.268579627,
0.03,0.86,405,86.91,-26.48,-0.65,566,88.34,52.31,0.92,25.83,971,60,0.266014418,
0.025,0.86,645,86.51,-78.62,-1.22,922,88.72,120.1,1.3,41.48,1567,55,0.264709636,
0.04,0.6,1675,80.72,-45.28,-0.27,2484,81.24,154.94,0.62,109.66,4159,40,0.263669151,
0.04,0,1675,80.72,-45.28,-0.27,2484,81.24,154.94,0.62,109.66,4159,40,0.263669151,
0.03,0.78,1655,84.35,132.84,0.8,2437,83.59,-25.22,-0.1,107.62,4092,70,0.263000978,
0.025,0.84,1225,85.71,-82.23,-0.67,1804,87.03,161.85,0.9,79.62,3029,50,0.262859029,
0.04,0.8,1401,83.73,84.48,0.6,2085,83.12,6.65,0.03,91.13,3486,25,0.261417097,
0.05,0.65,1339,79.84,-23.87,-0.18,2004,80.24,111.1,0.55,87.23,3343,30,0.260933293,
0.06,0.65,933,78.14,-99.48,-1.07,1394,79.77,158.83,1.14,59.35,2327,30,0.25504942,
0.06,0.65,1253,78.29,-70.96,-0.57,1936,79.29,151.55,0.78,80.59,3189,20,0.252712449,
0.04,0.65,1668,80.76,-56.03,-0.34,2474,81.33,159.98,0.65,103.95,4142,40,0.250965717,
0.045,0.8,1524,83.01,115.85,0.76,2314,82.32,-20.29,-0.09,95.56,3838,15,0.248983846,
0.06,0,1260,78.25,-60.21,-0.48,1950,79.13,138.81,0.71,78.6,3210,20,0.244859813,
0.07,0.78,292,80.82,-18.12,-0.62,415,82.17,35.32,0.85,17.2,707,35,0.243281471,
0.025,0.84,1200,85.75,-76.14,-0.63,1767,86.98,148.29,0.84,72.15,2967,55,0.243174924,
0.05,0.75,921,80.35,-66.39,-0.72,1365,81.68,121.52,0.89,55.13,2286,50,0.241163605,
0.045,0,1466,80.01,-58.48,-0.4,2186,80.7,145.58,0.67,87.1,3652,35,0.238499452,
0.04,0.82,679,85.42,29.28,0.43,957,85.06,9.41,0.1,38.69,1636,35,0.236491443,
0.035,0.82,852,85.56,26.88,0.32,1213,85.41,21.43,0.18,48.31,2065,45,0.233946731,
0.03,0.78,1639,84.38,139.8,0.85,2404,83.49,-45.6,-0.19,94.2,4043,75,0.232995301,
0.045,0.82,585,85.98,98.91,1.69,898,83.96,-64.56,-0.72,34.35,1483,20,0.231625084,
0.045,0.82,363,85.67,29.14,0.8,553,84.81,-7.99,-0.14,21.15,916,60,0.230895197,
0.065,0,906,77.37,-113.4,-1.25,1363,79.16,165.34,1.21,51.94,2269,25,0.228911415,
0.03,0.65,1979,82.26,30.34,0.15,2931,82.19,81.89,0.28,112.23,4910,90,0.228574338,
0.03,0.6,1997,82.27,53.49,0.27,2960,82.06,59.11,0.2,112.6,4957,85,0.22715352,
0.03,0,1997,82.27,53.49,0.27,2960,82.06,59.11,0.2,112.6,4957,85,0.22715352,
0.07,0,664,76.51,-122.89,-1.85,975,79.08,159.99,1.64,37.1,1639,30,0.226357535,
0.06,0.6,1260,78.25,-60.21,-0.48,1949,79.12,131.92,0.68,71.71,3209,20,0.223465254,
0.03,0.6,1984,82.21,28.78,0.15,2939,82.14,81.13,0.28,109.91,4923,90,0.223258176,
0.03,0,1984,82.21,28.78,0.15,2939,82.14,81.13,0.28,109.91,4923,90,0.223258176,
0.035,0.78,1503,83.9,107.24,0.71,2175,83.17,-25.49,-0.12,81.75,3678,45,0.222267537,
0.025,0.8,1990,84.57,47.47,0.24,2959,84.52,62.52,0.21,109.99,4949,70,0.222246919,
0.075,0.65,339,78.17,4.41,0.13,485,77.94,13.88,0.29,18.29,824,60,0.221966019,
0.075,0.65,488,77.87,-8.78,-0.18,684,78.07,34.79,0.51,26.01,1172,35,0.221928328,
0.055,0.65,725,78.76,-67.67,-0.93,1077,80.32,107.39,1,39.72,1802,70,0.220421754,
0.03,0.65,1991,82.32,48.79,0.25,2952,82.11,59.87,0.2,108.66,4943,85,0.219826017,
0.045,0.6,1466,80.01,-58.48,-0.4,2185,80.69,138.69,0.63,80.21,3651,35,0.219693235,
0.075,0,383,78.07,11.23,0.29,541,77.63,9.01,0.17,20.24,924,50,0.219047619,
0.075,0.6,383,78.07,11.23,0.29,541,77.63,9.01,0.17,20.24,924,50,0.219047619,
0.075,0,495,77.78,1.97,0.04,693,77.78,24.03,0.35,26,1188,35,0.218855219,
0.075,0.6,495,77.78,1.97,0.04,693,77.78,24.03,0.35,26,1188,35,0.218855219,
0.055,0,1280,78.75,-84.57,-0.66,1930,79.79,153.63,0.8,69.06,3210,25,0.215140187,
0.065,0.65,1083,78.12,-25.95,-0.24,1656,78.62,84.44,0.51,58.49,2739,20,0.213545089,
0.035,0.8,1606,84.06,86.72,0.54,2361,83.48,-2.07,-0.01,84.65,3967,30,0.21338543,
0.045,0.65,1235,80.4,-21.95,-0.18,1859,80.74,87.22,0.47,65.27,3094,50,0.21095669,
0.045,0.6,1242,80.35,-11.2,-0.09,1868,80.62,76.46,0.41,65.26,3110,50,0.209839228,
0.045,0,1242,80.35,-11.2,-0.09,1868,80.62,76.46,0.41,65.26,3110,50,0.209839228,
0.055,0.78,915,82.4,74.63,0.82,1404,81.7,-26.22,-0.19,48.41,2319,20,0.208753773,
0.055,0.6,730,78.63,-69.23,-0.95,1085,80.18,106.63,0.98,37.4,1815,70,0.206060606,
0.055,0,730,78.63,-69.23,-0.95,1085,80.18,106.63,0.98,37.4,1815,70,0.206060606,
0.045,0.75,994,81.29,-5.21,-0.05,1459,81.63,55.53,0.38,50.32,2453,75,0.205136567,
0.045,0.65,1459,80.05,-69.23,-0.47,2175,80.78,143.73,0.66,74.5,3634,35,0.205008255,
0.065,0,1090,78.07,-15.2,-0.14,1670,78.44,71.7,0.43,56.5,2760,20,0.204710145,
0.065,0.6,906,77.37,-113.4,-1.25,1362,79.15,158.45,1.16,45.05,2268,25,0.198633157,
0.025,0.8,1909,84.49,31.08,0.16,2825,84.53,62.13,0.22,93.21,4734,90,0.196894804,
0.05,0.82,385,85.71,49.03,1.27,594,84.18,-29.8,-0.5,19.23,979,25,0.196424923,
0.055,0.6,1280,78.75,-84.57,-0.66,1929,79.78,146.74,0.76,62.17,3209,25,0.193736366,
0.055,0.65,1273,78.79,-95.32,-0.75,1917,79.92,156.37,0.82,61.05,3190,25,0.19137931,
0.075,0.65,362,78.18,5.53,0.15,507,77.91,11.08,0.22,16.61,869,55,0.191139241,
0.025,0.86,589,86.25,-91.88,-1.56,851,88.84,119.18,1.4,27.3,1440,80,0.189583333,
0.025,0.86,589,86.25,-91.88,-1.56,851,88.84,119.18,1.4,27.3,1440,75,0.189583333,
0.05,0.75,1098,80.51,-59.45,-0.54,1612,81.45,110.74,0.69,51.29,2710,35,0.189261993,
0.04,0.82,777,85.33,36.51,0.47,1109,84.85,-0.91,-0.01,35.6,1886,25,0.188759279,
0.045,0.75,1035,81.35,0.47,0,1528,81.54,47.78,0.31,48.25,2563,65,0.18825595,
0.045,0.75,1007,81.23,-11.53,-0.11,1485,81.62,58.34,0.39,46.81,2492,70,0.187841091,
0.05,0.82,323,85.14,14.21,0.44,486,84.77,0.96,0.02,15.17,809,35,0.187515451,
0.07,0,379,78.36,0.5,0.01,539,78.29,16.7,0.31,17.2,918,80,0.187363834,
0.07,0.6,379,78.36,0.5,0.01,539,78.29,16.7,0.31,17.2,918,80,0.187363834,
0.025,0.86,729,86.42,-86.79,-1.19,1078,88.4,120.64,1.12,33.85,1807,25,0.187327061,
0.025,0.8,1949,84.5,35.59,0.18,2901,84.49,54.26,0.19,89.85,4850,75,0.185257732,
0.07,0.6,664,76.51,-122.89,-1.85,974,79.06,153.1,1.57,30.21,1638,30,0.184432234,
0.045,0.65,1765,80.4,10.58,0.06,2674,80.37,69.93,0.26,80.51,4439,25,0.181369678,
0.04,0.78,1317,83.45,81.51,0.62,1908,82.76,-23.08,-0.12,58.43,3225,35,0.181178295,
0.055,0.75,743,79.95,-54.78,-0.74,1097,81.31,87.95,0.8,33.17,1840,50,0.180271739,
0.065,0.6,1090,78.07,-15.2,-0.14,1669,78.43,64.81,0.39,49.61,2759,20,0.179811526,
0.035,0.82,898,85.75,49.76,0.55,1287,85.16,-10.69,-0.08,39.07,2185,40,0.178810069,
0.045,0,1772,80.36,21.33,0.12,2688,80.25,57.19,0.21,78.52,4460,25,0.176053812,
0.035,0.82,757,85.6,24.88,0.33,1083,85.32,7.48,0.07,32.36,1840,65,0.175869565,
0.025,0.84,1302,85.48,-116.23,-0.89,1920,86.98,171.87,0.9,55.64,3222,40,0.172687772,
0.035,0.65,1723,81.43,-33.6,-0.2,2533,81.72,106.86,0.42,73.26,4256,65,0.172133459,
0.03,0.8,1803,84.25,57.88,0.32,2678,83.98,18.49,0.07,76.37,4481,40,0.170430707,
0.025,0.86,697,86.23,-105.08,-1.51,1008,88.69,133.91,1.33,28.83,1705,35,0.169090909,
0.03,0.78,1693,84.11,92.94,0.55,2479,83.58,-23.15,-0.09,69.79,4172,65,0.167281879,
0.045,0.8,1244,83.76,157.14,1.26,1932,82.25,-105.94,-0.55,51.2,3176,20,0.161209068,
0.045,0.6,1772,80.36,21.33,0.12,2687,80.24,50.3,0.19,71.63,4459,25,0.160641399,
0.035,0.78,1390,83.81,83.64,0.6,2024,83.15,-28.97,-0.14,54.67,3414,55,0.160134739,
0.07,0.6,383,78.07,-10.33,-0.27,546,78.39,25.19,0.46,14.86,929,75,0.159956943,
0.07,0,383,78.07,-10.33,-0.27,546,78.39,25.19,0.46,14.86,929,75,0.159956943,
0.04,0.65,1371,80.67,-70.66,-0.52,2037,81.35,125.14,0.61,54.48,3408,70,0.159859155,
0.035,0.82,721,85.58,20.15,0.28,1022,85.32,7.67,0.08,27.82,1743,85,0.159609868,
0.035,0.82,721,85.58,20.15,0.28,1022,85.32,7.67,0.08,27.82,1743,80,0.159609868,
0.075,0.6,450,77.33,-28.74,-0.64,625,78.08,45.7,0.73,16.96,1075,40,0.157767442,
0.075,0,450,77.33,-28.74,-0.64,625,78.08,45.7,0.73,16.96,1075,40,0.157767442,
0.035,0.6,1729,81.38,-28.9,-0.17,2542,81.63,96.1,0.38,67.2,4271,65,0.157340201,
0.035,0,1729,81.38,-28.9,-0.17,2542,81.63,96.1,0.38,67.2,4271,65,0.157340201,
0.045,0.82,361,85.6,25.14,0.7,545,84.77,-10.91,-0.2,14.23,906,65,0.157064018,
0.04,0,1591,80.64,-61.99,-0.39,2348,81.18,122.97,0.52,60.98,3939,45,0.154810866,
0.04,0.6,1591,80.64,-61.99,-0.39,2348,81.18,122.97,0.52,60.98,3939,45,0.154810866,
0.04,0,1376,80.6,-72.22,-0.52,2045,81.27,124.38,0.61,52.16,3421,70,0.152470038,
0.04,0.6,1376,80.6,-72.22,-0.52,2045,81.27,124.38,0.61,52.16,3421,70,0.152470038,
0.07,0.65,657,76.56,-133.64,-2.03,964,79.25,158.14,1.64,24.5,1621,30,0.151141271,
0.065,0.65,899,77.42,-124.15,-1.38,1351,79.27,158.08,1.17,33.93,2250,25,0.1508,
0.03,0.86,401,86.78,-31.9,-0.8,562,88.26,46.4,0.83,14.5,963,65,0.150571132,
0.045,0.78,1097,83.14,76.06,0.69,1656,82.37,-34.64,-0.21,41.42,2753,30,0.15045405,
0.04,0,1396,80.59,-62.69,-0.45,2058,81.2,114.64,0.56,51.95,3454,65,0.150405327,
0.04,0.6,1396,80.59,-62.69,-0.45,2058,81.2,114.64,0.56,51.95,3454,65,0.150405327,
0.07,0.65,536,77.8,-32.42,-0.6,762,78.61,51.85,0.68,19.43,1298,40,0.149691834,
0.035,0.6,1956,81.39,-20.33,-0.1,2866,81.54,91.97,0.32,71.64,4822,45,0.148569058,
0.035,0,1956,81.39,-20.33,-0.1,2866,81.54,91.97,0.32,71.64,4822,45,0.148569058,
0.04,0.82,647,85.16,6.5,0.1,923,85.16,16.76,0.18,23.26,1570,40,0.148152866,
0.035,0,2143,81.24,-53.81,-0.25,3174,81.54,131.69,0.41,77.88,5317,35,0.146473575,
0.025,0.8,1916,84.55,44.31,0.23,2845,84.43,25.39,0.09,69.7,4761,85,0.146397816,
0.075,0,666,75.83,-155.1,-2.33,963,78.71,178.8,1.86,23.7,1629,25,0.145488029,
0.05,0.75,884,80.43,-54.07,-0.61,1303,81.5,85.82,0.66,31.75,2187,55,0.14517604,
0.03,0.8,1645,84.74,139.1,0.85,2418,83.71,-80.17,-0.33,58.93,4063,55,0.14504061,
0.03,0.82,1067,85.66,20.7,0.19,1547,85.59,17.07,0.11,37.77,2614,60,0.144491201,
0.05,0.82,411,85.64,76.66,1.87,663,83.41,-61.16,-0.92,15.5,1074,15,0.144320298,
0.07,0.65,380,78.16,-12.72,-0.33,538,78.62,25.95,0.48,13.23,918,75,0.144117647,
0.04,0.82,612,85.13,2.51,0.04,866,85.22,18.67,0.22,21.18,1478,45,0.143301759,
0.035,0.82,987,85.51,38.75,0.39,1397,85.11,-4.63,-0.03,34.12,2384,30,0.143120805,
0.03,0.8,1892,84.09,28.8,0.15,2844,84,38.31,0.13,67.11,4736,35,0.141701858,
0.04,0.65,1584,80.68,-72.74,-0.46,2338,81.27,128.01,0.55,55.27,3922,45,0.140922998,
0.04,0.65,1390,80.65,-67.39,-0.48,2050,81.27,115.4,0.56,48.01,3440,65,0.139563953,
0.03,0.8,1683,84.55,108.71,0.65,2489,83.77,-50.51,-0.2,58.2,4172,50,0.139501438,
0.04,0,1924,80.72,-33.73,-0.18,2834,80.88,100.1,0.35,66.37,4758,30,0.139491383,
0.04,0,1793,80.65,-63.4,-0.35,2637,81.04,125.08,0.47,61.68,4430,35,0.139232506,
0.055,0.75,597,80.23,-18.38,-0.31,885,81.02,38.94,0.44,20.56,1482,85,0.138731444,
0.075,0.65,379,78.1,2.79,0.07,533,77.86,9.77,0.18,12.56,912,50,0.137719298,
0.035,0.65,1949,81.43,-31.08,-0.16,2856,81.62,97.01,0.34,65.93,4805,45,0.137211238,
0.035,0.6,2143,81.24,-53.81,-0.25,3173,81.53,124.8,0.39,70.99,5316,35,0.133540256,
0.045,0.65,1306,80.02,-78.05,-0.6,1941,80.83,120.17,0.62,42.12,3247,45,0.129719741,
0.045,0.6,1313,79.97,-67.3,-0.51,1950,80.72,109.41,0.56,42.11,3263,45,0.129053019,
0.045,0,1313,79.97,-67.3,-0.51,1950,80.72,109.41,0.56,42.11,3263,45,0.129053019,
0.025,0.8,1932,84.42,16.61,0.09,2866,84.47,44.21,0.15,60.82,4798,80,0.12676115,
0.04,0.6,1924,80.72,-33.73,-0.18,2833,80.87,93.21,0.33,59.48,4757,30,0.125036788,
0.04,0.6,1793,80.65,-63.4,-0.35,2636,81.03,118.19,0.45,54.79,4429,35,0.123707383,
0.025,0.86,587,86.2,-95.08,-1.62,847,88.78,112.78,1.33,17.7,1434,85,0.123430962,
0.075,0.65,444,77.48,-33.44,-0.75,617,78.28,46.46,0.75,13.02,1061,40,0.12271442,
0.05,0.82,273,83.88,-29.88,-1.09,429,85.55,38.39,0.89,8.51,702,50,0.121225071,
0.04,0.65,1548,80.62,-84.93,-0.55,2260,81.33,130.36,0.58,45.43,3808,50,0.119301471,
0.04,0.6,1555,80.58,-74.18,-0.48,2269,81.23,119.6,0.53,45.42,3824,50,0.118776151,
0.04,0,1555,80.58,-74.18,-0.48,2269,81.23,119.6,0.53,45.42,3824,50,0.118776151,
0.025,0.84,1338,85.58,-101.33,-0.76,1993,86.8,140.54,0.71,39.21,3331,35,0.117712399,
0.025,0.86,631,86.37,-87.91,-1.39,905,88.62,105.92,1.17,18.01,1536,60,0.117252604,
0.03,0.78,1739,84.07,86.86,0.5,2533,83.54,-36.83,-0.15,50.03,4272,60,0.117111423,
0.025,0.86,688,86.34,-95.29,-1.39,979,88.56,114.21,1.17,18.92,1667,40,0.113497301,
0.035,0.65,2136,81.27,-64.56,-0.3,3162,81.59,124.43,0.39,59.87,5298,35,0.113004908,
0.065,0.65,629,77.58,-80.1,-1.27,948,79.32,97.81,1.03,17.71,1577,40,0.112301839,
0.04,0.65,1315,80.68,-60.24,-0.46,1954,81.22,96,0.49,35.76,3269,80,0.109391251,
0.035,0.65,1759,81.3,-66.44,-0.38,2582,81.72,113.82,0.44,47.38,4341,60,0.109145358,
0.05,0.82,354,85.88,48.57,1.37,540,84.07,-38.84,-0.72,9.73,894,30,0.108836689,
0.04,0.78,992,82.96,0.54,0.01,1438,83.1,25.88,0.18,26.42,2430,75,0.10872428,
0.04,0.82,714,85.15,12.09,0.17,1012,84.98,6.5,0.06,18.59,1726,30,0.107705678,
0.03,0.6,2016,82.14,22.06,0.11,2997,81.98,31.48,0.11,53.54,5013,80,0.106802314,
0.03,0,2016,82.14,22.06,0.11,2997,81.98,31.48,0.11,53.54,5013,80,0.106802314,
0.075,0.6,666,75.83,-155.1,-2.33,962,78.69,171.91,1.79,16.81,1628,25,0.103255528,
0.065,0.78,379,80.74,-31.56,-0.83,547,82.27,41.12,0.75,9.56,926,35,0.103239741,
0.035,0,2051,81.47,-5.82,-0.03,3018,81.41,58.03,0.19,52.21,5069,40,0.102998619,
0.04,0.65,1917,80.75,-44.48,-0.23,2822,80.94,92.84,0.33,48.36,4739,30,0.102046845,
0.04,0.6,1320,80.61,-61.8,-0.47,1962,81.14,95.24,0.49,33.44,3282,80,0.101889092,
0.04,0,1320,80.61,-61.8,-0.47,1962,81.14,95.24,0.49,33.44,3282,80,0.101889092,
0.07,0,542,77.68,-27.72,-0.51,771,78.34,41.09,0.53,13.37,1313,40,0.101827875,
0.07,0.6,542,77.68,-27.72,-0.51,771,78.34,41.09,0.53,13.37,1313,40,0.101827875,
0.045,0.78,1233,83.29,122.03,0.99,1847,82.08,-90.72,-0.49,31.31,3080,25,0.101655844,
0.03,0.65,2010,82.19,17.36,0.09,2989,82.03,32.24,0.11,49.6,4999,80,0.099219844,
0.04,0.65,1786,80.68,-74.15,-0.42,2625,81.1,117.82,0.45,43.67,4411,35,0.099002494,
0.035,0.78,1435,83.76,75.02,0.52,2089,83.1,-40.2,-0.19,34.82,3524,50,0.098808173,
0.065,0.65,536,78.36,-19.96,-0.37,782,79.03,32.8,0.42,12.84,1318,55,0.097420334,
0.035,0,1765,81.25,-61.74,-0.35,2591,81.63,103.06,0.4,41.32,4356,60,0.094857668,
0.035,0.6,1765,81.25,-61.74,-0.35,2591,81.63,103.06,0.4,41.32,4356,60,0.094857668,
0.05,0.8,1223,82.75,102.27,0.84,1899,81.83,-72.74,-0.38,29.53,3122,15,0.094586803,
0.035,0.65,1600,81.5,-25.86,-0.16,2345,81.58,62.61,0.27,36.75,3945,90,0.093155894,
0.035,0.6,2051,81.47,-5.82,-0.03,3017,81.41,51.14,0.17,45.32,5068,40,0.089423836,
0.07,0.65,498,77.91,-26.99,-0.54,701,78.6,37.68,0.54,10.69,1199,45,0.089157631,
0.055,0.75,589,80.14,-24.91,-0.42,875,81.03,37.9,0.43,12.99,1464,90,0.088729508,
0.035,0.65,1636,81.42,-37,-0.23,2412,81.59,72.9,0.3,35.9,4048,80,0.088685771,
0.035,0,1701,81.31,-46.6,-0.27,2498,81.59,83.46,0.33,36.86,4199,70,0.087782805,
0.035,0.6,1701,81.31,-46.6,-0.27,2498,81.59,83.46,0.33,36.86,4199,70,0.087782805,
0.05,0.75,961,80.65,-36.13,-0.38,1431,81.27,57,0.4,20.87,2392,45,0.087249164,
0.035,0.6,1605,81.43,-27.42,-0.17,2353,81.51,61.85,0.26,34.43,3958,90,0.086988378,
0.035,0,1605,81.43,-27.42,-0.17,2353,81.51,61.85,0.26,34.43,3958,90,0.086988378,
0.06,0.75,549,79.96,-15.38,-0.28,799,80.6,26.89,0.34,11.51,1348,60,0.085385757,
0.035,0,1641,81.35,-38.56,-0.23,2420,81.53,72.14,0.3,33.58,4061,80,0.082688993,
0.035,0.6,1641,81.35,-38.56,-0.23,2420,81.53,72.14,0.3,33.58,4061,80,0.082688993,
0.035,0.82,1076,85.5,51.68,0.48,1512,84.85,-30.84,-0.2,20.84,2588,25,0.080525502,
0.065,0.6,541,78.19,-21.52,-0.4,790,78.86,32.04,0.41,10.52,1331,55,0.079038317,
0.065,0,541,78.19,-21.52,-0.4,790,78.86,32.04,0.41,10.52,1331,55,0.079038317,
0.035,0.65,1695,81.36,-51.3,-0.3,2490,81.65,84.22,0.34,32.92,4185,70,0.078661888,
0.035,0.65,2044,81.51,-16.57,-0.08,3007,81.48,56.18,0.19,39.61,5051,40,0.078420115,
0.035,0.78,1579,83.98,126.43,0.8,2290,82.93,-96.41,-0.42,30.02,3869,40,0.077591109,
0.025,0.86,630,86.35,-89.16,-1.42,901,88.57,100.92,1.12,11.76,1531,65,0.076812541,
0.055,0.75,621,80.19,-25.52,-0.41,910,80.99,37.02,0.41,11.5,1531,80,0.075114304,
0.035,0.65,1620,81.48,-34.09,-0.21,2396,81.59,64.2,0.27,30.11,4016,85,0.0749751,
0.035,0.82,708,85.59,21.01,0.3,1000,85.2,-8.38,-0.08,12.63,1708,90,0.073946136,
0.065,0.6,635,77.48,-75.4,-1.19,957,79.1,87.05,0.91,11.65,1592,40,0.073178392,
0.065,0,635,77.48,-75.4,-1.19,957,79.1,87.05,0.91,11.65,1592,40,0.073178392,
0.035,0.82,793,85.5,18.9,0.24,1130,85.22,-4.91,-0.04,13.99,1923,55,0.07275091,
0.055,0.65,1477,79.21,-13.34,-0.09,2284,79.33,40.4,0.18,27.06,3761,20,0.07194895,
0.07,0.78,327,80.12,-45.74,-1.4,459,82.35,51.33,1.12,5.59,786,30,0.071119593,
0.055,0.75,708,79.66,-74.17,-1.05,1055,81.33,86.51,0.82,12.34,1763,55,0.069994328,
0.025,0.8,2048,84.52,34.38,0.17,3059,84.34,0.95,0,35.33,5107,60,0.069179557,
0.07,0,503,77.73,-28.55,-0.57,709,78.42,36.92,0.52,8.37,1212,45,0.069059406,
0.07,0.6,503,77.73,-28.55,-0.57,709,78.42,36.92,0.52,8.37,1212,45,0.069059406,
0.035,0.6,1625,81.42,-35.65,-0.22,2404,81.53,63.44,0.26,27.79,4029,85,0.068974932,
0.035,0,1625,81.42,-35.65,-0.22,2404,81.53,63.44,0.26,27.79,4029,85,0.068974932,
0.025,0.82,1408,85.58,-23.3,-0.17,2056,85.94,46.32,0.23,23.02,3464,70,0.066454965,
0.055,0,1484,79.18,-2.59,-0.02,2298,79.2,27.66,0.12,25.07,3782,20,0.066287678,
0.05,0.78,1157,82.54,74.93,0.65,1751,81.78,-55.76,-0.32,19.17,2908,20,0.065921596,
0.03,0.8,1740,84.25,52.61,0.3,2584,83.86,-24.16,-0.09,28.45,4324,45,0.06579556,
0.035,0.8,1771,83.96,92.07,0.52,2616,83.18,-63.46,-0.24,28.61,4387,25,0.065215409,
0.035,0.78,1641,83.67,73.47,0.45,2407,83.05,-47.19,-0.2,26.28,4048,35,0.064920949,
0.035,0.82,744,85.35,0.92,0.01,1058,85.35,10.54,0.1,11.46,1802,70,0.063596004,
0.045,0.75,1047,81.28,-6.76,-0.06,1554,81.4,22.89,0.15,16.13,2601,60,0.06201461,
0.025,0.8,2033,84.46,17.79,0.09,3021,84.38,13.33,0.04,31.12,5054,65,0.06157499,
0.03,0.65,2073,82.1,0.74,0,3073,82.04,30.25,0.1,30.99,5146,70,0.060221531,
0.04,0.82,600,85,-7.01,-0.12,851,85.19,15.72,0.18,8.71,1451,50,0.060027567,
0.06,0.8,748,82.49,79.54,1.06,1170,81.2,-68.19,-0.58,11.35,1918,15,0.059176225,
0.025,0.86,716,86.31,-97.52,-1.36,1050,88.38,107.46,1.02,9.94,1766,30,0.056285391,
0.06,0.78,713,81.63,17.91,0.25,1093,81.52,-8.47,-0.08,9.44,1806,20,0.05227021,
0.03,0,2079,82.06,5.44,0.03,3082,81.96,19.49,0.06,24.93,5161,70,0.048304592,
0.03,0.6,2079,82.06,5.44,0.03,3082,81.96,19.49,0.06,24.93,5161,70,0.048304592,
0.055,0.6,1484,79.18,-2.59,-0.02,2297,79.19,20.77,0.09,18.18,3781,20,0.048082518,
0.04,0.65,1429,80.62,-77.66,-0.54,2116,81.19,93.64,0.44,15.98,3545,60,0.045077574,
0.045,0.82,347,85.3,12.14,0.35,527,84.82,-8.23,-0.16,3.91,874,75,0.044736842,
0.03,0,2055,82.09,11.27,0.05,3045,81.9,11.2,0.04,22.47,5100,75,0.044058824,
0.03,0.6,2055,82.09,11.27,0.05,3045,81.9,11.2,0.04,22.47,5100,75,0.044058824,
0.04,0.65,1496,80.68,-77.45,-0.52,2186,81.2,93.41,0.43,15.96,3682,55,0.043346008,
0.025,0.8,2097,84.45,20.37,0.1,3144,84.32,1.67,0.01,22.04,5241,55,0.042053043,
0.05,0.65,1741,79.84,19.29,0.11,2665,79.62,-1.51,-0.01,17.78,4406,20,0.040354063,
0.035,0.82,739,85.25,-6.8,-0.09,1045,85.36,13.62,0.13,6.82,1784,75,0.0382287,
0.065,0.6,513,78.17,-22.76,-0.44,760,78.82,27.58,0.36,4.82,1273,60,0.037863315,
0.065,0,513,78.17,-22.76,-0.44,760,78.82,27.58,0.36,4.82,1273,60,0.037863315,
0.03,0.65,2049,82.14,6.57,0.03,3037,81.96,11.96,0.04,18.53,5086,75,0.036433346,
0.045,0,1586,79.95,-74.24,-0.47,2407,80.43,88.75,0.37,14.51,3993,30,0.036338593,
0.05,0,1748,79.81,30.04,0.17,2679,79.51,-14.25,-0.05,15.79,4427,20,0.035667495,
0.075,0.65,659,75.87,-165.85,-2.52,951,78.86,171.54,1.8,5.69,1610,25,0.035341615,
0.03,0,2446,81.56,-113.71,-0.46,3623,82.09,134.74,0.37,21.03,6069,40,0.034651508,
0.025,0.84,1260,85.48,-117.32,-0.93,1860,86.83,127.77,0.69,10.45,3120,45,0.03349359,
0.04,0,1435,80.56,-72.96,-0.51,2125,81.08,82.88,0.39,9.92,3560,60,0.027865169,
0.04,0.6,1435,80.56,-72.96,-0.51,2125,81.08,82.88,0.39,9.92,3560,60,0.027865169,
0.04,0.6,1502,80.63,-72.75,-0.48,2195,81.09,82.65,0.38,9.9,3697,55,0.026778469,
0.04,0,1502,80.63,-72.75,-0.48,2195,81.09,82.65,0.38,9.9,3697,55,0.026778469,
0.035,0.82,818,85.45,13.64,0.17,1162,85.2,-9.02,-0.08,4.62,1980,50,0.023333333,
0.03,0.6,2446,81.56,-113.71,-0.46,3622,82.08,127.85,0.35,14.14,6068,40,0.023302571,
0.07,0.65,948,77.22,-94.78,-1,1413,78.34,99.7,0.71,4.92,2361,20,0.020838628,
0.05,0.6,1748,79.81,30.04,0.17,2678,79.5,-21.14,-0.08,8.9,4426,20,0.02010845,
0.045,0.82,352,85.23,10.14,0.29,533,84.8,-8.43,-0.16,1.71,885,70,0.019322034,
0.045,0.6,1586,79.95,-74.24,-0.47,2406,80.42,81.86,0.34,7.62,3992,30,0.019088176,
0.065,0.78,724,80.52,-33.06,-0.46,1086,81.22,36.48,0.34,3.42,1810,15,0.018895028,
0.04,0.65,2100,80.67,-55.03,-0.26,3145,80.79,64.74,0.21,9.71,5245,25,0.018512869,
0.075,0,328,77.74,-4.85,-0.15,472,77.54,6.32,0.13,1.47,800,65,0.018375,
0.075,0.6,328,77.74,-4.85,-0.15,472,77.54,6.32,0.13,1.47,800,65,0.018375,
0.025,0.78,2034,83.92,-28.01,-0.14,2986,84.16,35.81,0.12,7.8,5020,90,0.015537849,
0.04,0,2107,80.64,-44.28,-0.21,3159,80.69,52,0.16,7.72,5266,25,0.014660084,
0.03,0.84,1077,85.24,-83.51,-0.78,1597,86.35,87.1,0.55,3.59,2674,25,0.01342558,
0.07,0,955,77.17,-84.03,-0.88,1427,78.14,86.96,0.61,2.93,2382,20,0.012300588,
0.03,0.82,1258,85.29,-16.09,-0.13,1829,85.51,19.45,0.11,3.36,3087,35,0.010884354,
0.02,0.84,1499,85.79,-121.05,-0.81,2297,86.94,124.81,0.54,3.76,3796,80,0.009905163,
0.04,0.82,578,85.12,0.79,0.01,815,85.03,0.35,0,1.14,1393,55,0.008183776,
0.075,0.65,805,76.15,-146.23,-1.82,1179,78.2,147.61,1.25,1.38,1984,20,0.006955645,
0.025,0.78,2119,84,-13.61,-0.06,3127,84.11,16.88,0.05,3.27,5246,70,0.006233321,
0.03,0.65,2439,81.59,-124.46,-0.51,3611,82.14,127.48,0.35,3.02,6050,40,0.004991736,
0.03,0.82,1198,85.39,-5.09,-0.04,1735,85.48,5.93,0.03,0.84,2933,40,0.002863962,
0.04,0.6,2107,80.64,-44.28,-0.21,3158,80.68,45.11,0.14,0.83,5265,25,0.001576448,
0.025,0.82,1344,85.27,-73.87,-0.55,1955,86.09,73.67,0.38,-0.2,3299,90,-0.000606244,
0.035,0,2290,81.05,-93.73,-0.41,3392,81.34,93.24,0.27,-0.49,5682,30,-0.000862372,
0.035,0.6,1671,81.21,-66.46,-0.4,2463,81.53,66.09,0.27,-0.37,4134,75,-0.000895017,
0.035,0,1671,81.21,-66.46,-0.4,2463,81.53,66.09,0.27,-0.37,4134,75,-0.000895017,
0.06,0.75,666,79.13,-82.94,-1.25,974,80.9,82.62,0.85,-0.32,1640,40,-0.00195122,
0.075,0.65,325,77.85,-7.24,-0.22,464,77.8,7.08,0.15,-0.16,789,65,-0.002027883,
0.03,0.86,472,86.02,-71.57,-1.52,675,88.3,71.23,1.06,-0.34,1147,25,-0.002964255,
0.075,0,812,76.11,-135.48,-1.67,1193,77.95,134.87,1.13,-0.61,2005,20,-0.003042394,
0.02,0.84,1505,85.78,-123.73,-0.82,2304,86.94,122.44,0.53,-1.29,3809,75,-0.003386716,
0.025,0.82,1371,85.49,-37.96,-0.28,2008,85.91,36.38,0.18,-1.58,3379,75,-0.00467594,
0.045,0.65,1579,79.99,-84.99,-0.54,2395,80.5,81.49,0.34,-3.5,3974,30,-0.008807247,
0.05,0.82,303,84.82,0.96,0.03,465,84.73,-1.65,-0.04,-0.69,768,40,-0.008984375,
0.035,0.65,1665,81.26,-71.16,-0.43,2455,81.59,66.85,0.27,-4.31,4120,75,-0.010461165,
0.025,0.84,1394,85.87,-51.17,-0.37,2097,86.36,47.03,0.22,-4.14,3491,30,-0.011859066,
0.035,0.6,2290,81.05,-93.73,-0.41,3391,81.33,86.35,0.25,-7.38,5681,30,-0.012990671,
0.07,0.6,955,77.17,-84.03,-0.88,1426,78.12,80.07,0.56,-3.96,2381,20,-0.016631667,
0.065,0.65,509,78.19,-31.2,-0.61,752,78.99,28.34,0.38,-2.86,1261,60,-0.022680412,
0.04,0.75,1194,81.57,-31.72,-0.27,1754,81.81,24.85,0.14,-6.87,2948,90,-0.023303935,
0.035,0.6,1808,81.36,-27.52,-0.15,2664,81.38,16.74,0.06,-10.78,4472,55,-0.024105546,
0.035,0,1808,81.36,-27.52,-0.15,2664,81.38,16.74,0.06,-10.78,4472,55,-0.024105546,
0.035,0.65,1801,81.4,-38.27,-0.21,2655,81.47,27.5,0.1,-10.77,4456,55,-0.024169659,
0.02,0.84,1520,85.86,-108.17,-0.71,2323,86.83,98,0.42,-10.17,3843,70,-0.0264637,
0.03,0.86,454,86.34,-56.35,-1.24,643,88.18,53.42,0.83,-2.93,1097,35,-0.026709207,
0.045,0.75,1086,81.22,-18.98,-0.17,1614,81.35,10.79,0.07,-8.19,2700,55,-0.030333333,
0.025,0.84,1478,85.86,-42.59,-0.29,2207,86.23,31.03,0.14,-11.56,3685,25,-0.031370421,
0.035,0.65,2283,81.08,-104.48,-0.46,3380,81.39,85.98,0.25,-18.5,5663,30,-0.032668197,
0.03,0,2569,81.35,-179.69,-0.7,3857,82.08,157.42,0.41,-22.27,6426,35,-0.034656085,
0.03,0.75,1880,82.66,-14.25,-0.08,2758,82.63,-2.78,-0.01,-17.03,4638,90,-0.036718413,
0.075,0.6,812,76.11,-135.48,-1.67,1192,77.94,127.98,1.07,-7.5,2004,20,-0.03742515,
0.05,0.75,1338,80.49,-60.46,-0.45,2010,81.04,47.65,0.24,-12.81,3348,25,-0.038261649,
0.06,0.75,519,79.77,-28.26,-0.54,747,80.59,23.16,0.31,-5.1,1266,70,-0.04028436,
0.025,0.8,2279,84.25,-26.94,-0.12,3424,84.29,2.16,0.01,-24.78,5703,40,-0.043450815,
0.065,0,708,77.26,-103.76,-1.47,1049,79.12,95.9,0.91,-7.86,1757,35,-0.044735344,
0.065,0.6,708,77.26,-103.76,-1.47,1049,79.12,95.9,0.91,-7.86,1757,35,-0.044735344,
0.065,0.65,701,77.32,-114.51,-1.63,1040,79.33,106.66,1.03,-7.85,1741,35,-0.045089029,
0.03,0.6,2569,81.35,-179.69,-0.7,3856,82.08,150.53,0.39,-29.16,6425,35,-0.045385214,
0.025,0.82,1355,85.39,-54.44,-0.4,1983,85.93,38.83,0.2,-15.61,3338,80,-0.04676453,
0.025,0.78,2076,83.91,-30.83,-0.15,3068,84.06,5.95,0.02,-24.88,5144,75,-0.04836703,
0.045,0.75,1248,81.09,-38.64,-0.31,1854,81.39,23.11,0.12,-15.53,3102,40,-0.050064475,
0.03,0.65,2118,81.92,-43.09,-0.2,3127,82,16.04,0.05,-27.05,5245,65,-0.051572927,
0.03,0.75,1892,82.72,4.2,0.02,2778,82.54,-28.44,-0.1,-24.24,4670,85,-0.051905782,
0.04,0.78,1550,82.97,26.12,0.17,2288,82.56,-46.86,-0.2,-20.74,3838,25,-0.054038562,
0.04,0.65,1342,80.55,-83.95,-0.63,1989,81.1,63.25,0.32,-20.7,3331,75,-0.0621435,
0.025,0,2462,82.05,-158.24,-0.64,3645,82.74,119.92,0.33,-38.32,6107,90,-0.062747667,
0.025,0.6,2462,82.05,-158.24,-0.64,3645,82.74,119.92,0.33,-38.32,6107,90,-0.062747667,
0.03,0.65,2562,81.38,-190.44,-0.74,3845,82.13,150.16,0.39,-40.28,6407,35,-0.062868737,
0.02,0.84,1481,85.75,-128.01,-0.86,2256,86.88,104.5,0.46,-23.51,3737,90,-0.062911426,
0.02,0.84,1481,85.75,-128.01,-0.86,2256,86.88,104.5,0.46,-23.51,3737,85,-0.062911426,
0.03,0.6,2124,81.87,-38.39,-0.18,3136,81.92,5.28,0.02,-33.11,5260,65,-0.062946768,
0.03,0,2124,81.87,-38.39,-0.18,3136,81.92,5.28,0.02,-33.11,5260,65,-0.062946768,
0.035,0.75,1618,82.01,-46.21,-0.29,2356,82.22,20.9,0.09,-25.31,3974,65,-0.063688978,
0.04,0.75,1214,81.38,-60.93,-0.5,1778,81.89,41.87,0.24,-19.06,2992,85,-0.063703209,
0.075,0.78,361,80.33,-25.07,-0.69,484,81.2,19.55,0.4,-5.52,845,20,-0.065325444,
0.03,0.8,2019,84,19.87,0.1,3050,83.7,-53.65,-0.18,-33.78,5069,30,-0.066640363,
0.025,0.82,1440,85.49,-41.3,-0.29,2095,85.82,17.43,0.08,-23.87,3535,65,-0.067524752,
0.04,0.78,1785,82.97,69.69,0.39,2627,82.26,-99.69,-0.38,-30,4412,20,-0.067996374,
0.035,0.6,1870,81.28,-48.34,-0.26,2751,81.35,16.79,0.06,-31.55,4621,50,-0.068275265,
0.035,0,1870,81.28,-48.34,-0.26,2751,81.35,16.79,0.06,-31.55,4621,50,-0.068275265,
0.045,0.82,382,85.6,27.39,0.72,578,84.43,-33.95,-0.59,-6.56,960,55,-0.068333333,
0.035,0.65,1863,81.32,-59.09,-0.32,2742,81.44,27.55,0.1,-31.54,4605,50,-0.068490771,
0.04,0.6,1347,80.48,-85.51,-0.63,1997,81.02,62.49,0.31,-23.02,3344,75,-0.068839713,
0.04,0,1347,80.48,-85.51,-0.63,1997,81.02,62.49,0.31,-23.02,3344,75,-0.068839713,
0.025,0.65,2456,82.08,-162.94,-0.66,3637,82.79,120.68,0.33,-42.26,6093,90,-0.06935828,
0.04,0.8,1883,83.38,157.11,0.83,2822,82.1,-190.1,-0.67,-32.99,4705,15,-0.070116897,
0.035,0.78,1753,83.34,23.02,0.13,2560,82.97,-53.59,-0.21,-30.57,4313,30,-0.070878739,
0.03,0.82,1092,85.62,11.91,0.11,1576,85.34,-30.91,-0.2,-19,2668,55,-0.071214393,
0.025,0.78,2042,83.94,-24.78,-0.12,3011,84.03,-12.92,-0.04,-37.7,5053,85,-0.074609143,
0.025,0.8,2144,84.28,-22.28,-0.1,3216,84.27,-17.83,-0.06,-40.11,5360,50,-0.07483209,
0.035,0.82,784,85.33,2.55,0.03,1102,85.12,-16.78,-0.15,-14.23,1886,60,-0.075450689,
0.03,0,2280,81.67,-88.07,-0.39,3369,81.92,45.05,0.13,-43.02,5649,50,-0.076155072,
0.03,0.6,2280,81.67,-88.07,-0.39,3369,81.92,45.05,0.13,-43.02,5649,50,-0.076155072,
0.075,0.65,411,77.37,-36.29,-0.88,561,78.07,28.61,0.51,-7.68,972,45,-0.079012346,
0.03,0.6,2179,81.78,-61.96,-0.28,3206,81.94,19.37,0.06,-42.59,5385,60,-0.079090065,
0.03,0,2179,81.78,-61.96,-0.28,3206,81.94,19.37,0.06,-42.59,5385,60,-0.079090065,
0.03,0.65,2172,81.81,-72.71,-0.33,3197,82.01,30.13,0.09,-42.58,5369,60,-0.079307134,
0.03,0.6,2357,81.46,-148.6,-0.63,3498,82.05,101.82,0.29,-46.78,5855,45,-0.079897523,
0.03,0,2357,81.46,-148.6,-0.63,3498,82.05,101.82,0.29,-46.78,5855,45,-0.079897523,
0.025,0,2655,82.07,-148.85,-0.56,3947,82.65,94.85,0.24,-54,6602,60,-0.081793396,
0.025,0.6,2655,82.07,-148.85,-0.56,3947,82.65,94.85,0.24,-54,6602,60,-0.081793396,
0.025,0.65,2648,82.1,-159.6,-0.6,3938,82.71,105.61,0.27,-53.99,6586,60,-0.081976921,
0.055,0.75,623,80.1,-33.02,-0.53,918,80.83,20.1,0.22,-12.92,1541,75,-0.083841661,
0.03,0.78,1813,83.89,50.3,0.28,2660,83.35,-88.14,-0.33,-37.84,4473,50,-0.084596468,
0.025,0,2714,82.06,-156.64,-0.58,4059,82.61,99.28,0.24,-57.36,6773,55,-0.084689207,
0.025,0.6,2714,82.06,-156.64,-0.58,4059,82.61,99.28,0.24,-57.36,6773,55,-0.084689207,
0.03,0.65,2273,81.7,-98.82,-0.43,3359,81.99,50.09,0.15,-48.73,5632,50,-0.086523437,
0.03,0.65,2350,81.49,-159.35,-0.68,3488,82.11,106.86,0.31,-52.49,5838,45,-0.089910928,
0.025,0.82,1451,85.53,-33.59,-0.23,2126,85.75,0.89,0,-32.7,3577,60,-0.091417389,
0.025,0.78,2058,83.82,-52.48,-0.26,3032,84.07,5.9,0.02,-46.58,5090,80,-0.09151277,
0.025,0.65,2707,82.08,-167.39,-0.62,4049,82.66,104.32,0.26,-63.07,6756,55,-0.093354056,
0.025,0.82,1349,85.32,-65.64,-0.49,1974,85.92,34.43,0.17,-31.21,3323,85,-0.093921156,
0.03,0.78,2039,83.47,-34.9,-0.17,3043,83.54,-13.21,-0.04,-48.11,5082,35,-0.094667454,
0.025,0.86,673,86.18,-106.01,-1.58,963,88.37,90.51,0.94,-15.5,1636,45,-0.094743276,
0.055,0.75,688,79.51,-83.21,-1.21,1021,81.19,66.67,0.65,-16.54,1709,60,-0.096781744,
0.055,0.75,826,79.54,-106.31,-1.29,1234,81.2,85.87,0.7,-20.44,2060,40,-0.099223301,
0.075,0,416,77.16,-37.85,-0.91,569,77.86,27.85,0.49,-10,985,45,-0.101522843,
0.075,0.6,416,77.16,-37.85,-0.91,569,77.86,27.85,0.49,-10,985,45,-0.101522843,
0.055,0.75,900,79.89,-78.42,-0.87,1345,80.97,55.42,0.41,-23,2245,35,-0.102449889,
0.025,0,2573,82.08,-145.69,-0.57,3811,82.66,78.19,0.21,-67.5,6384,70,-0.105733083,
0.025,0.6,2573,82.08,-145.69,-0.57,3811,82.66,78.19,0.21,-67.5,6384,70,-0.105733083,
0.025,0.65,2566,82.11,-156.44,-0.61,3802,82.72,88.95,0.23,-67.49,6368,70,-0.10598304,
0.035,0.65,2507,81.37,1.77,0.01,3737,80.97,-68.06,-0.18,-66.29,6244,25,-0.106165919,
0.035,0,2514,81.34,12.52,0.05,3751,80.89,-80.8,-0.22,-68.28,6265,25,-0.108986433,
0.05,0.75,1015,80.3,-84.4,-0.83,1508,81.23,56.63,0.38,-27.77,2523,40,-0.11006738,
0.03,0.86,424,86.79,-34.45,-0.81,586,87.88,23.07,0.39,-11.38,1010,55,-0.112673267,
0.03,0.86,435,86.44,-52.52,-1.21,620,88.06,40.48,0.65,-12.04,1055,40,-0.114123223,
0.025,0.78,2163,83.91,-40.62,-0.19,3193,84,-21.59,-0.07,-62.21,5356,65,-0.116150112,
0.04,0.78,1409,83.25,61.94,0.44,2050,82.39,-102.82,-0.5,-40.88,3459,30,-0.118184446,
0.02,0.8,2426,84.58,-35.44,-0.15,3736,84.61,-37.63,-0.1,-73.07,6162,80,-0.118581629,
0.025,0.82,1484,85.51,-35.92,-0.24,2175,85.7,-7.51,-0.03,-43.43,3659,55,-0.118693632,
0.035,0.75,1649,81.93,-71.15,-0.43,2400,82.21,22.8,0.1,-48.35,4049,60,-0.119412201,
0.03,0.78,1941,83.62,-4.51,-0.02,2860,83.46,-53.08,-0.19,-57.59,4801,40,-0.119954176,
0.035,0.6,2514,81.34,12.52,0.05,3750,80.88,-87.69,-0.23,-75.17,6264,25,-0.120003193,
0.06,0.75,568,79.58,-44.2,-0.78,840,80.6,27.21,0.32,-16.99,1408,55,-0.120667614,
0.02,0.8,2446,84.55,-42.02,-0.17,3756,84.61,-33.17,-0.09,-75.19,6202,75,-0.121235085,
0.06,0.75,721,79.33,-75.58,-1.05,1068,80.62,53.42,0.5,-22.16,1789,35,-0.123868083,
0.045,0.82,434,85.48,29.4,0.68,662,84.29,-43,-0.65,-13.6,1096,40,-0.124087591,
0.075,0.78,307,79.48,-62.51,-2.04,409,82.15,53.37,1.3,-9.14,716,25,-0.127653631,
0.03,0.78,1772,84.03,72.68,0.41,2585,83.25,-128.48,-0.5,-55.8,4357,55,-0.128069773,
0.075,0.78,457,80.74,11.09,0.24,640,80.16,-25.22,-0.39,-14.13,1097,15,-0.128805834,
0.02,0.8,2468,84.64,-12.46,-0.05,3781,84.53,-68.61,-0.18,-81.07,6249,70,-0.129732757,
0.03,0,2734,81.57,-103.09,-0.38,4127,81.75,12.69,0.03,-90.4,6861,30,-0.131759219,
0.03,0.75,1963,82.68,-3.97,-0.02,2891,82.46,-60.77,-0.21,-64.74,4854,70,-0.133374536,
0.045,0.75,1134,81.04,-46.91,-0.41,1684,81.35,8.54,0.05,-38.37,2818,50,-0.136160397,
0.03,0.75,1907,82.7,-1.24,-0.01,2813,82.44,-63.72,-0.23,-64.96,4720,80,-0.137627119,
0.02,0.86,864,86.57,-112.14,-1.3,1316,88.22,81.74,0.62,-30.4,2180,80,-0.139449541,
0.03,0.6,2734,81.57,-103.09,-0.38,4126,81.75,5.8,0.01,-97.29,6860,30,-0.141822157,
0.07,0,587,77,-77.42,-1.32,868,78.46,56.57,0.65,-20.85,1455,35,-0.143298969,
0.07,0.6,587,77,-77.42,-1.32,868,78.46,56.57,0.65,-20.85,1455,35,-0.143298969,
0.03,0.65,2727,81.59,-113.84,-0.42,4114,81.82,15.43,0.04,-98.41,6841,30,-0.143853238,
0.07,0.65,580,77.07,-88.17,-1.52,859,78.7,67.33,0.78,-20.84,1439,35,-0.144822794,
0.03,0.82,1154,85.44,-3.16,-0.03,1672,85.29,-37.86,-0.23,-41.02,2826,45,-0.145152159,
0.025,0.6,2778,81.97,-187.83,-0.68,4145,82.58,86.81,0.21,-101.02,6923,50,-0.145919399,
0.025,0,2778,81.97,-187.83,-0.68,4145,82.58,86.81,0.21,-101.02,6923,50,-0.145919399,
0.025,0.78,2181,83.91,-41.36,-0.19,3234,83.95,-38.63,-0.12,-79.99,5415,60,-0.147719298,
0.025,0,2624,82.01,-175.63,-0.67,3887,82.63,77.7,0.2,-97.93,6511,65,-0.150407004,
0.025,0.6,2624,82.01,-175.63,-0.67,3887,82.63,77.7,0.2,-97.93,6511,65,-0.150407004,
0.025,0.65,2617,82.04,-186.38,-0.71,3878,82.7,88.46,0.23,-97.92,6495,65,-0.150762125,
0.04,0.75,1436,81.27,-98.62,-0.69,2076,81.89,44.57,0.21,-54.05,3512,50,-0.153900911,
0.06,0.75,601,78.87,-98.34,-1.64,872,80.96,75.62,0.87,-22.72,1473,50,-0.154243041,
0.025,0.65,2771,81.99,-198.58,-0.72,4135,82.64,91.85,0.22,-106.73,6906,50,-0.154546771,
0.065,0.75,658,78.42,-116.07,-1.76,966,80.64,90.57,0.94,-25.5,1624,30,-0.157019704,
0.035,0.8,2260,83.72,202.23,0.89,3364,82.22,-290.64,-0.86,-88.41,5624,15,-0.15720128,
0.02,0.86,870,86.55,-114.82,-1.32,1323,88.21,79.37,0.6,-35.45,2193,70,-0.161650707,
0.02,0.86,870,86.55,-114.82,-1.32,1323,88.21,79.37,0.6,-35.45,2193,75,-0.161650707,
0.03,0.82,1331,85.27,-15.52,-0.12,1954,85.21,-38.53,-0.2,-54.05,3285,30,-0.164535769,
0.03,0.84,1117,85.5,-30.96,-0.28,1666,85.65,-15.08,-0.09,-46.04,2783,20,-0.165432986,
0.06,0.75,919,79.11,-114.21,-1.24,1389,80.63,75.72,0.55,-38.49,2308,25,-0.166767764,
0.07,0.75,633,77.73,-145.87,-2.3,916,80.57,119.52,1.3,-26.35,1549,25,-0.170109748,
0.045,0.65,2006,80.36,40.58,0.2,3106,79.75,-128.47,-0.41,-87.89,5112,20,-0.171928795,
0.06,0.75,629,78.7,-114.64,-1.82,916,81,88.01,0.96,-26.63,1545,45,-0.17236246,
0.03,0.86,430,86.51,-48.26,-1.12,613,87.93,30.2,0.49,-18.06,1043,45,-0.173154362,
0.045,0,2013,80.33,51.33,0.25,3120,79.65,-141.21,-0.45,-89.88,5133,20,-0.175102279,
0.025,0,2957,81.84,-236.5,-0.8,4435,82.55,106.81,0.24,-129.69,7392,40,-0.175446429,
0.04,0.75,1469,81.35,-84.97,-0.58,2146,81.78,21.52,0.1,-63.45,3615,45,-0.175518672,
0.04,0.75,1278,81.14,-104.52,-0.82,1873,81.9,47.67,0.25,-56.85,3151,70,-0.180418915,
0.03,0.75,1944,82.66,-6.04,-0.03,2858,82.37,-81.15,-0.28,-87.19,4802,75,-0.181570179,
0.055,0.8,972,82.41,66.95,0.69,1485,81.28,-112.06,-0.75,-45.11,2457,15,-0.183597884,
0.035,0.75,1540,81.88,-69.32,-0.45,2242,82.11,-0.24,0,-69.56,3782,80,-0.18392385,
0.05,0.75,1207,80.7,-36.38,-0.3,1779,80.83,-18.54,-0.1,-54.92,2986,30,-0.183924983,
0.025,0.6,2957,81.84,-236.5,-0.8,4434,82.54,99.92,0.23,-136.58,7391,40,-0.184792315,
0.035,0.78,1932,83.33,40.41,0.21,2838,82.66,-129.59,-0.46,-89.18,4770,25,-0.186960168,
0.03,0.78,1873,83.56,-23.13,-0.12,2759,83.44,-63.74,-0.23,-86.87,4632,45,-0.187543178,
0.045,0.6,2013,80.33,51.33,0.25,3119,79.64,-148.1,-0.47,-96.77,5132,20,-0.188561964,
0.025,0.8,2195,84.19,-45.61,-0.21,3307,84.15,-58.34,-0.18,-103.95,5502,45,-0.188931298,
0.04,0.75,1543,81.4,-80.26,-0.52,2268,81.75,8,0.04,-72.26,3811,40,-0.189609027,
0.04,0.82,544,84.93,-13.02,-0.24,789,84.92,-12.29,-0.16,-25.31,1333,60,-0.189872468,
0.035,0.75,2000,81.9,-78.14,-0.39,2927,82.06,-15.44,-0.05,-93.58,4927,35,-0.189933022,
0.055,0.75,661,79.12,-111.93,-1.69,975,81.33,80.32,0.82,-31.61,1636,65,-0.193215159,
0.045,0.82,503,85.49,39.22,0.78,753,84.06,-63.59,-0.84,-24.37,1256,30,-0.194028662,
0.045,0.82,464,85.13,12.63,0.27,692,84.39,-35.07,-0.51,-22.44,1156,35,-0.194117647,
0.04,0.75,1293,81.13,-104.7,-0.81,1880,81.86,42.26,0.22,-62.44,3173,65,-0.196785377,
0.03,0,2228,81.82,-50.16,-0.23,3269,81.74,-58.61,-0.18,-108.77,5497,55,-0.197871566,
0.03,0.6,2228,81.82,-50.16,-0.23,3269,81.74,-58.61,-0.18,-108.77,5497,55,-0.197871566,
0.03,0.65,2221,81.86,-60.91,-0.27,3260,81.81,-47.85,-0.15,-108.76,5481,55,-0.198430943,
0.025,0.65,2950,81.86,-247.25,-0.84,4423,82.59,99.55,0.23,-147.7,7373,40,-0.200325512,
0.035,0.75,1507,81.95,-59.72,-0.4,2181,82.07,-14.86,-0.07,-74.58,3688,90,-0.202223427,
0.025,0.65,2514,82.02,-177.83,-0.71,3731,82.63,50.83,0.14,-127,6245,75,-0.20336269,
0.02,0.86,858,86.6,-109.51,-1.28,1298,88.14,65.59,0.51,-43.92,2156,85,-0.203710575,
0.02,0.86,858,86.6,-109.51,-1.28,1298,88.14,65.59,0.51,-43.92,2156,90,-0.203710575,
0.035,0.8,1990,83.72,89.17,0.45,2919,82.7,-189.22,-0.65,-100.05,4909,20,-0.20380933,
0.025,0.8,2516,84.46,70.74,0.28,3792,83.78,-199.34,-0.53,-128.6,6308,30,-0.203868104,
0.02,0.84,1543,85.61,-153.27,-0.99,2359,86.73,72.79,0.31,-80.48,3902,65,-0.206253203,
0.035,0.75,1825,82.03,-51.3,-0.28,2653,82.02,-41.24,-0.16,-92.54,4478,45,-0.206654757,
0.035,0.75,1527,81.93,-67.95,-0.44,2229,82.1,-10.92,-0.05,-78.87,3756,85,-0.209984026,
0.02,0,3091,82.53,-176.47,-0.57,4687,83.02,12.3,0.03,-164.17,7778,70,-0.211069684,
0.02,0.6,3091,82.53,-176.47,-0.57,4687,83.02,12.3,0.03,-164.17,7778,70,-0.211069684,
0.02,0.8,2392,84.57,-39.06,-0.16,3658,84.5,-88.68,-0.24,-127.74,6050,90,-0.211140496,
0.02,0.65,3084,82.56,-187.22,-0.61,4678,83.07,23.06,0.05,-164.16,7762,70,-0.211491884,
0.03,0.82,1115,85.47,-3.74,-0.03,1608,85.2,-53.97,-0.34,-57.71,2723,50,-0.211935365,
0.025,0,2520,81.98,-173.13,-0.69,3740,82.57,40.07,0.11,-133.06,6260,75,-0.212555911,
0.025,0.6,2520,81.98,-173.13,-0.69,3740,82.57,40.07,0.11,-133.06,6260,75,-0.212555911,
0.06,0.75,509,79.76,-29.54,-0.58,731,80.44,2.96,0.04,-26.58,1240,75,-0.214354839,
0.04,0.82,915,85.36,107,1.17,1338,83.41,-155.4,-1.16,-48.4,2253,15,-0.214824678,
0.02,0.8,2393,84.54,-49.06,-0.21,3660,84.51,-83.68,-0.23,-132.74,6053,85,-0.219296217,
0.025,0.78,2232,83.87,-50.03,-0.22,3325,83.85,-72.57,-0.22,-122.6,5557,55,-0.220622638,
0.035,0.75,1595,81.82,-85.89,-0.54,2317,82.13,-0.45,0,-86.34,3912,70,-0.220705521,
0.055,0.75,978,79.75,-97.15,-0.99,1477,80.84,42.63,0.29,-54.52,2455,30,-0.222077393,
0.025,0.82,1617,85.28,-74.01,-0.46,2372,85.62,-15.82,-0.07,-89.83,3989,40,-0.225194284,
0.045,0.75,1195,80.75,-88.1,-0.74,1758,81.4,21.27,0.12,-66.83,2953,45,-0.226312225,
0.045,0.78,1722,82.06,10.83,0.06,2594,81.69,-108.94,-0.42,-98.11,4316,15,-0.22731696,
0.065,0.75,510,79.22,-39.18,-0.77,739,80.11,10.47,0.14,-28.71,1249,45,-0.229863891,
0.025,0.78,2427,83.72,-87.97,-0.36,3627,83.87,-51.35,-0.14,-139.32,6054,40,-0.23012884,
0.075,0,563,76.73,-73.11,-1.3,803,77.71,41.57,0.52,-31.54,1366,30,-0.230893119,
0.045,0.78,1406,82.86,95.48,0.68,2161,81.63,-178.72,-0.83,-83.24,3567,20,-0.233361368,
0.025,0,2845,81.83,-237.2,-0.83,4271,82.51,68.97,0.16,-168.23,7116,45,-0.236410905,
0.03,0.75,2007,82.46,-52.25,-0.26,2944,82.44,-64.98,-0.22,-117.23,4951,65,-0.236780448,
0.02,0,3031,82.48,-201.87,-0.67,4626,83.05,15,0.03,-186.87,7657,80,-0.244051195,
0.02,0.6,3031,82.48,-201.87,-0.67,4626,83.05,15,0.03,-186.87,7657,80,-0.244051195,
0.02,0.65,3024,82.51,-212.62,-0.7,4617,83.11,25.76,0.06,-186.86,7641,80,-0.244549143,
0.02,0,3058,82.44,-214.74,-0.7,4655,83.05,25.69,0.06,-189.05,7713,75,-0.245105666,
0.02,0.6,3058,82.44,-214.74,-0.7,4655,83.05,25.69,0.06,-189.05,7713,75,-0.245105666,
0.04,0.65,2405,80.54,-68.38,-0.28,3601,80.37,-78.88,-0.22,-147.26,6006,20,-0.245188145,
0.025,0,2473,81.97,-185.01,-0.75,3675,82.56,34.26,0.09,-150.75,6148,85,-0.245201692,
0.025,0.6,2473,81.97,-185.01,-0.75,3675,82.56,34.26,0.09,-150.75,6148,85,-0.245201692,
0.02,0.65,3051,82.46,-225.49,-0.74,4646,83.1,36.45,0.08,-189.04,7697,75,-0.245602183,
0.025,0.6,2845,81.83,-237.2,-0.83,4270,82.51,62.08,0.15,-175.12,7115,45,-0.246127899,
0.04,0,2412,80.51,-57.63,-0.24,3615,80.28,-91.62,-0.25,-149.25,6027,20,-0.24763564,
0.03,0.78,2176,83.41,-42.47,-0.2,3263,83.3,-93.13,-0.29,-135.6,5439,30,-0.249310535,
0.025,0.8,2387,84.12,-47.98,-0.2,3591,84.02,-102.31,-0.28,-150.29,5978,35,-0.251405152,
0.025,0.65,2467,82,-189.71,-0.77,3667,82.6,35.02,0.1,-154.69,6134,85,-0.252184545,
0.025,0.84,1536,85.55,-69.46,-0.45,2331,85.84,-28.92,-0.12,-98.38,3867,20,-0.254409103,
0.025,0.65,2838,81.85,-247.95,-0.87,4260,82.56,67.12,0.16,-180.83,7098,45,-0.254761905,
0.025,0.85,924,85.82,-116.72,-1.26,1412,87.25,57.1,0.4,-59.62,2336,20,-0.255222603,
0.06,0.75,483,79.71,-30.31,-0.63,698,80.37,-0.05,0,-30.36,1181,85,-0.257070279,
0.025,0.75,2349,82.5,-183.2,-0.78,3456,83.19,33.93,0.1,-149.27,5805,90,-0.257140396,
0.025,0.65,2492,81.9,-214.26,-0.86,3692,82.64,54.29,0.15,-159.97,6184,80,-0.2586837,
0.04,0.6,2412,80.51,-57.63,-0.24,3614,80.27,-98.51,-0.27,-156.14,6026,20,-0.259110521,
0.035,0.82,1220,85.49,134.72,1.1,1780,83.54,-212.46,-1.19,-77.74,3000,15,-0.259133333,
0.025,0.65,3242,82.33,-47.84,-0.15,4900,82.06,-165.81,-0.34,-213.65,8142,30,-0.262404815,
0.04,0.75,1224,81.21,-85.47,-0.7,1794,81.72,6.18,0.03,-79.29,3018,80,-0.262723658,
0.025,0,3249,82.3,-37.09,-0.11,4914,81.99,-178.55,-0.36,-215.64,8163,30,-0.264167585,
0.06,0.75,497,79.48,-46.72,-0.94,715,80.56,14.35,0.2,-32.37,1212,80,-0.267079208,
0.025,0.6,2498,81.87,-209.56,-0.84,3701,82.57,43.53,0.12,-166.03,6199,80,-0.267833522,
0.025,0,2498,81.87,-209.56,-0.84,3701,82.57,43.53,0.12,-166.03,6199,80,-0.267833522,
0.025,0.82,1520,85.33,-68.01,-0.45,2234,85.59,-33.95,-0.15,-101.96,3754,50,-0.271603623,
0.025,0.6,3249,82.3,-37.09,-0.11,4913,81.99,-185.44,-0.38,-222.53,8162,30,-0.272641509,
0.03,0.75,2307,82.1,-149.5,-0.65,3381,82.58,-6.59,-0.02,-156.09,5688,40,-0.274419831,
0.035,0.75,1688,81.99,-55.97,-0.33,2471,81.95,-58.29,-0.24,-114.26,4159,55,-0.274729502,
0.03,0.8,2195,83.83,9.9,0.05,3278,83.37,-160.27,-0.49,-150.37,5473,25,-0.274748767,
0.045,0.82,416,85.34,18.5,0.44,634,84.23,-47.59,-0.75,-29.09,1050,45,-0.277047619,
0.035,0.75,1916,82.1,-39.58,-0.21,2788,81.89,-90.91,-0.33,-130.49,4704,40,-0.277402211,
0.075,0.6,563,76.73,-73.11,-1.3,802,77.68,34.68,0.43,-38.43,1365,30,-0.281538462,
0.04,0.75,1656,81.34,-91.17,-0.55,2404,81.57,-23.28,-0.1,-114.45,4060,35,-0.281896552,
0.03,0.85,501,85.83,-73.5,-1.47,688,87.65,39.69,0.58,-33.81,1189,75,-0.284356602,
0.02,0.8,2517,84.47,-61.8,-0.25,3854,84.41,-121.58,-0.32,-183.38,6371,65,-0.287835505,
0.04,0.75,1393,81.19,-110.06,-0.79,2010,81.74,11.09,0.06,-98.97,3403,55,-0.290831619,
0.04,0.75,1330,81.13,-108.61,-0.82,1944,81.74,12.48,0.06,-96.13,3274,60,-0.293616371,
0.02,0,3150,82.41,-219.51,-0.7,4776,82.96,-13.77,-0.03,-233.28,7926,65,-0.294322483,
0.02,0.6,3150,82.41,-219.51,-0.7,4776,82.96,-13.77,-0.03,-233.28,7926,65,-0.294322483,
0.02,0.65,3143,82.44,-230.26,-0.73,4767,83.01,-3.01,-0.01,-233.27,7910,65,-0.294905183,
0.03,0.85,494,85.83,-71.83,-1.45,686,87.61,36.91,0.54,-34.92,1180,85,-0.295932203,
0.03,0.86,332,86.75,-9.43,-0.28,450,86.67,-13.72,-0.3,-23.15,782,15,-0.296035806,
0.03,0.75,2056,82.34,-88.33,-0.43,3008,82.45,-62.31,-0.21,-150.64,5064,60,-0.297472354,
0.025,0.8,2716,84.17,7.02,0.03,4053,83.72,-208.64,-0.51,-201.62,6769,25,-0.297857882,
0.025,0.75,2448,82.56,-179.34,-0.73,3613,83.12,-2.51,-0.01,-181.85,6061,70,-0.300032998,
0.045,0.82,400,85.5,25.99,0.65,610,84.1,-56.35,-0.92,-30.36,1010,50,-0.300594059,
0.04,0.75,1777,81.37,-75.91,-0.43,2575,81.44,-55.38,-0.22,-131.29,4352,30,-0.30167739,
0.025,0.75,2526,82.54,-185.05,-0.73,3738,83.09,-4.14,-0.01,-189.19,6264,60,-0.302027458,
0.03,0.86,425,86.59,-44.45,-1.05,587,87.73,13.84,0.24,-30.61,1012,50,-0.302470356,
0.025,0.78,2282,83.74,-84.67,-0.37,3398,83.81,-89.4,-0.26,-174.07,5680,50,-0.306461268,
0.035,0.82,1163,85.38,60.02,0.52,1650,84.12,-146.7,-0.89,-86.68,2813,20,-0.308140775,
0.035,0.75,1567,81.68,-112.11,-0.72,2284,82.09,-9.8,-0.04,-121.91,3851,75,-0.316567125,
0.03,0.85,498,85.74,-77.52,-1.56,688,87.65,39.69,0.58,-37.83,1186,80,-0.318971332,
0.045,0.75,1610,80.99,-54.42,-0.34,2401,80.97,-73.7,-0.31,-128.12,4011,25,-0.319421591,
0.06,0.75,475,79.79,-23.23,-0.49,693,80.23,-14.14,-0.2,-37.37,1168,90,-0.31994863,
0.02,0.78,2584,84.06,-104.41,-0.4,3938,84.21,-104.74,-0.27,-209.15,6522,75,-0.320683839,
0.02,0.78,2606,84.15,-74.85,-0.29,3964,84.13,-137.51,-0.35,-212.36,6570,70,-0.323226788,
0.025,0,3090,81.91,-202.84,-0.66,4651,82.24,-49.54,-0.11,-252.38,7741,35,-0.326030229,
0.02,0.88,297,86.87,-64.38,-2.17,425,89.65,40.8,0.96,-23.58,722,20,-0.326592798,
0.075,0.65,556,76.8,-83.86,-1.51,792,77.9,39.72,0.5,-44.14,1348,30,-0.327448071,
0.02,0.82,1807,85.5,-92.83,-0.51,2745,85.79,-58.99,-0.21,-151.82,4552,80,-0.333523726,
0.025,0.6,3090,81.91,-202.84,-0.66,4650,82.24,-56.43,-0.12,-259.27,7740,35,-0.33497416,
0.02,0.78,2561,84.07,-105.84,-0.41,3917,84.2,-111.87,-0.29,-217.71,6478,80,-0.336075949,
0.02,0.82,1835,85.61,-65.95,-0.36,2775,85.69,-89.69,-0.32,-155.64,4610,70,-0.337613883,
0.02,0.82,1813,85.49,-95.51,-0.53,2753,85.8,-59.25,-0.22,-154.76,4566,75,-0.338939991,
0.025,0.85,944,85.59,-159.53,-1.69,1403,87.53,79.89,0.57,-79.64,2347,25,-0.3393268,
0.06,0.75,1086,78.91,-143.76,-1.32,1639,80.29,50.96,0.31,-92.8,2725,20,-0.340550459,
0.045,0.75,1332,80.78,-88.73,-0.67,1965,81.17,-24.53,-0.12,-113.26,3297,35,-0.343524416,
0.025,0.65,3083,81.93,-213.59,-0.69,4639,82.28,-56.8,-0.12,-270.39,7722,35,-0.3501554,
0.05,0.78,1413,81.74,13.9,0.1,2168,81.23,-140.08,-0.65,-126.18,3581,15,-0.352359676,
0.02,0.84,1558,85.69,-140.47,-0.9,2395,86.47,1.13,0,-139.34,3953,60,-0.352491778,
0.035,0.85,415,85.54,-64.37,-1.55,547,87.39,30.35,0.55,-34.02,962,30,-0.353638254,
0.025,0.75,2582,82.53,-191.62,-0.74,3838,83.01,-36.95,-0.1,-228.57,6420,55,-0.356028037,
0.03,0.75,2423,81.88,-217.1,-0.9,3601,82.56,0.92,0,-216.18,6024,35,-0.358864542,
0.07,0.78,585,81.2,33.91,0.58,838,79.83,-84.99,-1.01,-51.08,1423,15,-0.358959944,
0.02,0.8,2540,84.53,-43.18,-0.17,3897,84.27,-189.08,-0.49,-232.26,6437,60,-0.360820258,
0.03,0.86,445,85.84,-69.82,-1.57,640,87.66,30.52,0.48,-39.3,1085,20,-0.362211982,
0.065,0.75,388,79.12,-41.65,-1.07,533,80.3,8.22,0.15,-33.43,921,85,-0.362975027,
0.02,0.6,3180,82.42,-218.05,-0.69,4840,82.83,-73.92,-0.15,-291.97,8020,60,-0.364052369,
0.02,0,3180,82.42,-218.05,-0.69,4840,82.83,-73.92,-0.15,-291.97,8020,60,-0.364052369,
0.025,0.75,2497,82.5,-203.29,-0.81,3684,83.06,-25.55,-0.07,-228.84,6181,65,-0.370231354,
0.02,0.65,2988,82.43,-238.11,-0.8,4531,82.98,-41.26,-0.09,-279.37,7519,85,-0.371552068,
0.02,0.65,3173,82.45,-228.8,-0.72,4830,82.88,-68.88,-0.14,-297.68,8003,60,-0.371960515,
0.055,0.75,1308,79.89,-79.78,-0.61,1981,80.26,-42.61,-0.22,-122.39,3289,20,-0.372119185,
0.035,0.75,1746,81.9,-78.72,-0.45,2549,81.88,-82.95,-0.33,-161.67,4295,50,-0.376414435,
0.03,0.75,2223,82.01,-177.09,-0.8,3271,82.51,-30.97,-0.09,-208.06,5494,45,-0.378704041,
0.02,0.6,2994,82.4,-233.41,-0.78,4540,82.93,-52.02,-0.11,-285.43,7534,85,-0.378855853,
0.02,0,2994,82.4,-233.41,-0.78,4540,82.93,-52.02,-0.11,-285.43,7534,85,-0.378855853,
0.03,0.85,491,85.74,-76.7,-1.56,683,87.55,32.11,0.47,-44.59,1174,90,-0.379812606,
0.025,0.82,1677,85.27,-71.11,-0.42,2473,85.36,-87.15,-0.35,-158.26,4150,35,-0.381349398,
0.035,0.75,2137,81.56,-159.18,-0.74,3121,81.93,-42.8,-0.14,-201.98,5258,30,-0.384138456,
0.03,0.75,2149,82.22,-119.04,-0.55,3153,82.37,-85.44,-0.27,-204.48,5302,50,-0.385665786,
0.04,0.75,1943,81.16,-129.25,-0.67,2863,81.42,-58.02,-0.2,-187.27,4806,25,-0.38965876,
0.025,0.75,2400,82.46,-198.92,-0.83,3547,83.03,-33.83,-0.1,-232.75,5947,75,-0.391373802,
0.025,0.78,2338,83.66,-107.32,-0.46,3497,83.73,-121.22,-0.35,-228.54,5835,45,-0.391670951,
0.025,0.78,2678,83.94,9.08,0.03,4021,83.36,-272.12,-0.68,-263.04,6699,30,-0.39265562,
0.025,0.78,2544,83.61,-110.32,-0.43,3804,83.65,-141.79,-0.37,-252.11,6348,35,-0.397148708,
0.035,0.75,2340,81.88,-71.03,-0.3,3442,81.61,-158.76,-0.46,-229.79,5782,25,-0.397423037,
0.025,0.75,2644,82.45,-216.32,-0.82,3918,83,-45.98,-0.12,-262.3,6562,50,-0.399725693,
0.055,0.75,648,79.17,-108.18,-1.67,949,81.03,44.34,0.47,-63.84,1597,70,-0.39974953,
0.04,0.82,528,84.85,-18.67,-0.35,770,84.68,-33.55,-0.44,-52.22,1298,65,-0.402311248,
0.065,0.65,1368,77.12,-190.51,-1.39,2091,78.29,50.61,0.24,-139.9,3459,15,-0.404452154,
0.02,0.75,2962,82.95,-212.67,-0.72,4477,83.4,-89.52,-0.2,-302.19,7439,70,-0.406223955,
0.065,0,1375,77.09,-179.76,-1.31,2105,78.15,37.87,0.18,-141.89,3480,15,-0.407729885,
0.02,0.65,2981,82.42,-245.69,-0.82,4521,82.97,-60.43,-0.13,-306.12,7502,90,-0.408051186,
0.025,0.85,734,84.88,-199.27,-2.71,1050,88.29,126.43,1.2,-72.84,1784,90,-0.408295964,
0.075,0.65,1056,76.61,-112.86,-1.07,1580,77.15,4.46,0.03,-108.4,2636,15,-0.411229135,
0.03,0.8,2416,83.73,38.71,0.16,3599,82.94,-286.37,-0.8,-247.66,6015,20,-0.411737323,
0.025,0.75,2359,82.45,-199.97,-0.85,3485,83.01,-41.73,-0.12,-241.7,5844,85,-0.413586585,
0.03,0.85,512,85.55,-90.76,-1.77,711,87.62,40.17,0.56,-50.59,1223,70,-0.413654947,
0.025,0.85,882,85.26,-192.91,-2.19,1290,87.83,103.04,0.8,-89.87,2172,35,-0.413766114,
0.02,0,2987,82.39,-240.99,-0.81,4530,82.91,-71.19,-0.16,-312.18,7517,90,-0.415298656,
0.02,0.6,2987,82.39,-240.99,-0.81,4530,82.91,-71.19,-0.16,-312.18,7517,90,-0.415298656,
0.075,0,1063,76.58,-102.11,-0.96,1594,76.98,-8.28,-0.05,-110.39,2657,15,-0.415468574,
0.065,0.75,387,79.07,-44.72,-1.16,532,80.26,6.4,0.12,-38.32,919,90,-0.416974973,
0.04,0.75,1249,81.02,-117.81,-0.94,1826,81.65,-10.58,-0.06,-128.39,3075,75,-0.417528455,
0.06,0.75,810,79.14,-104.3,-1.29,1192,80.37,20.67,0.17,-83.63,2002,30,-0.417732268,
0.025,0.82,1557,85.16,-99.1,-0.64,2293,85.48,-61.92,-0.27,-161.02,3850,45,-0.418233766,
0.02,0.75,2931,82.87,-242.4,-0.83,4447,83.45,-68.85,-0.15,-311.25,7378,75,-0.421862293,
0.035,0.85,408,85.54,-64.8,-1.59,537,87.34,24.91,0.46,-39.89,945,35,-0.422116402,
0.03,0.85,526,85.55,-92.82,-1.76,733,87.59,39.45,0.54,-53.37,1259,60,-0.423907863,
0.025,0.75,2381,82.36,-223.42,-0.94,3509,83.04,-26.73,-0.08,-250.15,5890,80,-0.424702886,
0.02,0.86,889,86.16,-154.93,-1.74,1355,88.04,59.15,0.44,-95.78,2244,65,-0.426827094,
0.065,0.6,1375,77.09,-179.76,-1.31,2104,78.14,30.98,0.15,-148.78,3479,15,-0.427651624,
0.02,0.78,2527,84.05,-109.46,-0.43,3839,84.08,-162.92,-0.42,-272.38,6366,90,-0.427866792,
0.025,0.85,769,85.31,-168.8,-2.2,1108,87.91,88.42,0.8,-80.38,1877,70,-0.428236548,
0.02,0.75,2905,82.89,-239.53,-0.82,4422,83.45,-75.49,-0.17,-315.02,7327,80,-0.429944043,
0.05,0.75,1567,80.41,-68.88,-0.44,2358,80.41,-99.94,-0.42,-168.82,3925,20,-0.43011465,
0.025,0.75,2813,82.33,-264.47,-0.94,4185,82.99,-37.22,-0.09,-301.69,6998,40,-0.431108888,
0.02,0.84,1601,85.82,-115.62,-0.72,2450,86.24,-59.86,-0.24,-175.48,4051,55,-0.433176993,
0.025,0.85,912,85.42,-178.65,-1.96,1355,87.6,79.99,0.59,-98.66,2267,30,-0.435200706,
0.02,0.78,2528,84.02,-119.46,-0.47,3841,84.09,-157.92,-0.41,-277.38,6369,85,-0.43551578,
0.02,0.78,2658,84.01,-116.18,-0.44,4042,84.04,-177.13,-0.44,-293.31,6700,65,-0.437776119,
0.04,0.82,525,84.76,-23.51,-0.45,770,84.68,-33.55,-0.44,-57.06,1295,70,-0.440617761,
0.02,0.82,1778,85.43,-109.79,-0.62,2688,85.71,-87.3,-0.32,-197.09,4466,90,-0.441312136,
0.02,0.82,1778,85.43,-109.79,-0.62,2688,85.71,-87.3,-0.32,-197.09,4466,85,-0.441312136,
0.075,0.6,1063,76.58,-102.11,-0.96,1593,76.96,-15.17,-0.1,-117.28,2656,15,-0.441566265,
0.06,0.8,842,81.59,76.39,0.91,1294,79.83,-171.44,-1.32,-95.05,2136,10,-0.444990637,
0.025,0.82,1750,85.54,-10.95,-0.06,2605,85.03,-184.66,-0.71,-195.61,4355,30,-0.449161883,
0.045,0.75,1443,80.67,-113.56,-0.79,2156,81.08,-48.44,-0.22,-162,3599,30,-0.450125035,
0.02,0.84,1620,85.68,-143.53,-0.89,2483,86.31,-42.44,-0.17,-185.97,4103,50,-0.453253717,
0.05,0.8,1344,81.4,16.37,0.12,2053,80.66,-170.81,-0.83,-154.44,3397,10,-0.454636444,
0.055,0.75,1130,79.47,-139.48,-1.23,1665,80.6,12.02,0.07,-127.46,2795,25,-0.456028623,
0.07,0.75,393,78.88,-42.64,-1.08,534,79.78,0.17,0,-42.47,927,50,-0.458144552,
0.025,0.85,791,85.34,-170.81,-2.16,1135,87.84,81.57,0.72,-89.24,1926,60,-0.463343718,
0.03,0.75,2574,82.01,-184.07,-0.72,3844,82.31,-114.33,-0.3,-298.4,6418,30,-0.46494235,
0.025,0.8,2944,83.93,-9.21,-0.03,4429,83.36,-335.55,-0.76,-344.76,7373,20,-0.467597993,
0.02,0.8,2599,84.53,-43.51,-0.17,3988,84.1,-266.17,-0.67,-309.68,6587,55,-0.470138151,
0.03,0.75,2100,82.38,-82.09,-0.39,3066,82.19,-161.86,-0.53,-243.95,5166,55,-0.472222222,
0.025,0.85,866,85.22,-194.81,-2.25,1247,87.81,94.97,0.76,-99.84,2113,40,-0.472503549,
0.065,0.75,920,78.8,-97.09,-1.06,1371,79.65,-11.64,-0.08,-108.73,2291,20,-0.474596246,
0.04,0.78,2089,82.48,35.44,0.17,3110,81.58,-282.73,-0.91,-247.29,5199,15,-0.475649163,
0.03,0.65,2951,81.4,-164.79,-0.56,4436,81.38,-186.8,-0.42,-351.59,7387,25,-0.475957764,
0.03,0,2958,81.37,-154.04,-0.52,4450,81.3,-199.54,-0.45,-353.58,7408,25,-0.477294816,
0.025,0.78,2890,83.63,-73.39,-0.25,4305,83.32,-270.69,-0.63,-344.08,7195,25,-0.478220987,
0.055,0.82,286,84.62,10.3,0.36,457,83.59,-46.01,-1.01,-35.71,743,20,-0.480619112,
0.035,0.85,422,85.31,-70,-1.66,547,87.02,23.27,0.43,-46.73,969,20,-0.482249742,
0.035,0.78,2169,83.03,9.44,0.04,3174,82.2,-268.6,-0.85,-259.16,5343,20,-0.485045854,
0.04,0.82,490,85.1,-2.71,-0.06,724,84.39,-56.24,-0.78,-58.95,1214,90,-0.485584843,
0.03,0.6,2958,81.37,-154.04,-0.52,4449,81.3,-206.43,-0.46,-360.47,7407,25,-0.486661266,
0.025,0.65,3493,81.88,-223.23,-0.64,5250,81.94,-209.71,-0.4,-432.94,8743,25,-0.495184719,
0.025,0,3500,81.86,-212.48,-0.61,5264,81.88,-222.45,-0.42,-434.93,8764,25,-0.496268827,
0.025,0.85,790,85.32,-172.06,-2.18,1131,87.8,76.57,0.68,-95.49,1921,65,-0.497084852,
0.025,0.6,3500,81.86,-212.48,-0.61,5263,81.87,-229.34,-0.44,-441.82,8763,25,-0.504188063,
0.025,0.75,2707,82.31,-268.98,-0.99,4032,82.94,-72.42,-0.18,-341.4,6739,45,-0.506603354,
0.02,0.75,3018,82.84,-254.49,-0.84,4559,83.33,-130.11,-0.29,-384.6,7577,65,-0.507588755,
0.035,0.85,382,85.6,-59.48,-1.56,509,87.23,14.07,0.28,-45.41,891,45,-0.509652076,
0.065,0.75,479,79.12,-42.99,-0.9,695,79.86,-17.15,-0.25,-60.14,1174,50,-0.512265758,
0.025,0.85,830,85.3,-180.11,-2.17,1191,87.74,76.43,0.64,-103.68,2021,50,-0.51301336,
0.035,0.85,320,85.62,-51.86,-1.62,418,87.32,13.96,0.33,-37.9,738,90,-0.513550136,
0.02,0.8,2654,84.36,-89.34,-0.34,4067,84.12,-257.23,-0.63,-346.57,6721,50,-0.515652433,
0.025,0.85,739,84.98,-191.48,-2.59,1069,88.03,98.13,0.92,-93.35,1808,80,-0.516316372,
0.02,0.85,1060,85.75,-193.27,-1.82,1621,87.6,54.27,0.33,-139,2681,80,-0.51846326,
0.025,0.85,808,85.77,-77.96,-0.96,1231,86.35,-28.27,-0.23,-106.23,2039,15,-0.520990682,
0.025,0.85,745,85.1,-181.46,-2.44,1076,87.92,86.48,0.8,-94.98,1821,75,-0.521581549,
0.02,0.82,1869,85.39,-113.05,-0.6,2820,85.57,-132.9,-0.47,-245.95,4689,65,-0.524525485,
0.07,0.65,1208,77.32,-83.92,-0.69,1811,77.25,-74.48,-0.41,-158.4,3019,15,-0.524677045,
0.02,0.78,2683,84.05,-104.89,-0.39,4087,83.9,-251.96,-0.62,-356.85,6770,60,-0.527104874,
0.07,0,1215,77.28,-73.17,-0.6,1825,77.1,-87.22,-0.48,-160.39,3040,15,-0.527598684,
0.02,0,3254,82.36,-251.15,-0.77,4954,82.64,-187.06,-0.38,-438.21,8208,55,-0.533881579,
0.02,0.6,3254,82.36,-251.15,-0.77,4954,82.64,-187.06,-0.38,-438.21,8208,55,-0.533881579,
0.02,0.85,1066,85.74,-195.95,-1.84,1628,87.59,51.9,0.32,-144.05,2694,75,-0.534706756,
0.02,0.85,1066,85.74,-195.95,-1.84,1628,87.59,51.9,0.32,-144.05,2694,70,-0.534706756,
0.035,0.85,329,85.41,-60.72,-1.85,429,87.41,20.11,0.47,-40.61,758,85,-0.535751979,
0.035,0.85,329,85.41,-60.72,-1.85,429,87.41,20.11,0.47,-40.61,758,80,-0.535751979,
0.035,0.85,356,85.67,-53.07,-1.49,475,87.16,8.47,0.18,-44.6,831,55,-0.536702768,
0.02,0.86,897,86.18,-155.03,-1.73,1377,87.87,32.45,0.24,-122.58,2274,60,-0.539050132,
0.03,0.78,2364,83.21,-71.19,-0.3,3516,82.88,-247.03,-0.7,-318.22,5880,25,-0.541190476,
0.07,0.75,362,78.18,-72.14,-1.99,482,80.29,26.43,0.55,-45.71,844,60,-0.541587678,
0.02,0.65,3247,82.38,-261.9,-0.81,4944,82.69,-182.02,-0.37,-443.92,8191,55,-0.541960689,
0.025,0.75,3087,82.73,-112.84,-0.37,4624,82.48,-305.58,-0.66,-418.42,7711,30,-0.542627415,
0.02,0.75,2871,82.83,-256.48,-0.89,4341,83.32,-136.23,-0.31,-392.71,7212,85,-0.544523017,
0.065,0.75,601,78.2,-121.82,-2.03,872,80.28,40.8,0.47,-81.02,1473,35,-0.550033944,
0.07,0.6,1215,77.28,-73.17,-0.6,1824,77.08,-94.11,-0.52,-167.28,3039,15,-0.550444225,
0.03,0.85,628,85.03,-141.62,-2.26,892,87.56,57.74,0.65,-83.88,1520,30,-0.551842105,
0.02,0.6,3324,82.19,-314.78,-0.95,5058,82.68,-148.06,-0.29,-462.84,8382,50,-0.55218325,
0.02,0,3324,82.19,-314.78,-0.95,5058,82.68,-148.06,-0.29,-462.84,8382,50,-0.55218325,
0.025,0.85,811,85.33,-174.84,-2.16,1162,87.69,65.77,0.57,-109.07,1973,55,-0.552812975,
0.025,0.82,1872,85.42,-22.37,-0.12,2758,84.84,-234.66,-0.85,-257.03,4630,25,-0.555140389,
0.02,0.65,3317,82.21,-325.53,-0.98,5048,82.73,-143.02,-0.28,-468.55,8365,50,-0.5601315,
0.065,0.75,540,78.33,-100.88,-1.87,793,80.2,26.06,0.33,-74.82,1333,40,-0.561290323,
0.04,0.75,2225,80.99,-166.86,-0.75,3274,81.12,-143.86,-0.44,-310.72,5499,20,-0.565048191,
0.025,0.85,737,84.94,-194.68,-2.64,1065,87.98,91.73,0.86,-102.95,1802,85,-0.571309656,
0.035,0.78,2473,82.85,61.24,0.25,3659,81.69,-415.26,-1.13,-354.02,6132,15,-0.577332029,
0.02,0.75,2864,82.82,-264.06,-0.92,4335,83.3,-153.11,-0.35,-417.17,7199,90,-0.579483262,
0.06,0.78,921,81.11,-3.43,-0.04,1421,80.44,-132.91,-0.94,-136.34,2342,15,-0.582152007,
0.03,0.85,520,85.38,-101.58,-1.95,726,87.47,28.53,0.39,-73.05,1246,65,-0.586276083,
0.025,0.75,2938,82.33,-264.02,-0.9,4384,82.73,-166.32,-0.38,-430.34,7322,35,-0.587735591,
0.035,0.85,373,85.52,-61.51,-1.65,491,87.17,10.1,0.21,-51.41,864,50,-0.595023148,
0.045,0.65,2419,79.41,-207.2,-0.86,3698,79.64,-158.29,-0.43,-365.49,6117,15,-0.597498774,
0.02,0.75,3047,82.84,-256.54,-0.84,4614,83.2,-201.44,-0.44,-457.98,7661,60,-0.597807075,
0.045,0,2426,79.39,-196.45,-0.81,3712,79.55,-171.03,-0.46,-367.48,6138,15,-0.598696644,
0.03,0.82,1420,84.86,-69.29,-0.49,2083,84.73,-140.59,-0.67,-209.88,3503,25,-0.599143591,
0.045,0.6,2426,79.39,-196.45,-0.81,3711,79.55,-177.92,-0.48,-374.37,6137,15,-0.610021183,
0.02,0.78,2746,84.05,-107.21,-0.39,4187,83.76,-317.69,-0.76,-424.9,6933,55,-0.612866003,
0.035,0.65,2808,80.88,-136.39,-0.49,4176,80.46,-292.73,-0.7,-429.12,6984,20,-0.61443299,
0.035,0.85,343,85.42,-62.45,-1.82,455,87.25,13.4,0.29,-49.05,798,65,-0.614661654,
0.035,0,2815,80.85,-125.64,-0.45,4190,80.38,-305.47,-0.73,-431.11,7005,20,-0.615431834,
0.03,0.78,2598,83.18,-33.01,-0.13,3863,82.5,-367.06,-0.95,-400.07,6461,20,-0.619207553,
0.03,0.85,559,85.15,-124.58,-2.23,794,87.53,40.72,0.51,-83.86,1353,45,-0.619807834,
0.04,0.82,499,84.57,-33.92,-0.68,732,84.56,-42.45,-0.58,-76.37,1231,85,-0.620389927,
0.025,0.84,1598,85.04,-94.48,-0.59,2362,85.01,-151.41,-0.64,-245.89,3960,15,-0.620934343,
0.02,0.88,334,86.83,-82.56,-2.47,474,89.66,32.1,0.68,-50.46,808,85,-0.62450495,
0.02,0.88,334,86.83,-82.56,-2.47,474,89.66,32.1,0.68,-50.46,808,90,-0.62450495,
0.035,0.6,2815,80.85,-125.64,-0.45,4189,80.38,-312.36,-0.75,-438,7004,20,-0.625356939,
0.045,0.75,1826,80.89,-57.9,-0.32,2787,80.44,-232.78,-0.84,-290.68,4613,20,-0.630132235,
0.03,0.85,571,84.94,-140.49,-2.46,809,87.64,52.69,0.65,-87.8,1380,40,-0.636231884,
0.02,0.85,1049,85.7,-198.99,-1.9,1585,87.51,31.4,0.2,-167.59,2634,85,-0.636256644,
0.02,0.85,1049,85.7,-198.99,-1.9,1585,87.51,31.4,0.2,-167.59,2634,90,-0.636256644,
0.025,0.78,3134,83.41,-97.58,-0.31,4698,82.99,-402.89,-0.86,-500.47,7832,20,-0.639006639,
0.065,0.75,400,78.75,-59.57,-1.49,550,80.18,-1.14,-0.02,-60.71,950,80,-0.639052632,
0.035,0.85,341,85.34,-65.31,-1.92,448,87.28,14.82,0.33,-50.49,789,70,-0.639923954,
0.02,0.84,1667,85.66,-149.72,-0.9,2562,86.03,-120.97,-0.47,-270.69,4229,45,-0.640080397,
0.075,0.75,402,78.86,-31.91,-0.79,546,78.94,-28.8,-0.53,-60.71,948,35,-0.640400844,
0.02,0,3519,82.41,-225.22,-0.64,5359,82.35,-343.77,-0.64,-568.99,8878,40,-0.640898851,
0.02,0.82,1884,85.46,-100.25,-0.53,2856,85.36,-204.56,-0.72,-304.81,4740,60,-0.643059072,
0.02,0.78,2803,83.91,-147.7,-0.53,4270,83.77,-310.74,-0.73,-458.44,7073,50,-0.648154955,
0.02,0.6,3519,82.41,-225.22,-0.64,5358,82.34,-350.66,-0.65,-575.88,8877,40,-0.64873268,
0.02,0.8,2815,84.4,-69.15,-0.25,4302,83.84,-395.3,-0.92,-464.45,7117,40,-0.652592384,
0.04,0.82,500,84.6,-32.58,-0.65,736,84.51,-48.43,-0.66,-81.01,1236,80,-0.655420712,
0.025,0.85,850,85.06,-207.2,-2.44,1224,87.66,71.25,0.58,-135.95,2074,45,-0.655496625,
0.02,0.65,3512,82.43,-235.97,-0.67,5347,82.38,-351.03,-0.66,-587,8859,40,-0.662603003,
0.03,0.85,602,84.72,-159.29,-2.65,851,87.66,62.35,0.73,-96.94,1453,35,-0.66717137,
0.02,0.8,2736,84.32,-102.39,-0.37,4199,83.9,-366.74,-0.87,-469.13,6935,45,-0.676467195,
0.065,0.75,461,78.96,-52.63,-1.14,663,79.79,-23.42,-0.35,-76.05,1124,55,-0.676601423,
0.02,0.86,912,86.07,-167.37,-1.84,1401,87.72,10.72,0.08,-156.65,2313,55,-0.677258971,
0.02,0,3424,82.21,-312.09,-0.91,5224,82.47,-275.21,-0.53,-587.3,8648,45,-0.679116559,
0.03,0.84,1142,85.11,-38.35,-0.34,1671,84.56,-153.03,-0.92,-191.38,2813,15,-0.680341273,
0.02,0,3654,82.48,-187.11,-0.51,5533,82.18,-440.2,-0.8,-627.31,9187,35,-0.682823555,
0.02,0.6,3424,82.21,-312.09,-0.91,5223,82.46,-282.1,-0.54,-594.19,8647,45,-0.687163178,
0.02,0.6,3654,82.48,-187.11,-0.51,5532,82.18,-447.09,-0.81,-634.2,9186,35,-0.690398432,
0.02,0.84,1707,85.59,-164.68,-0.96,2611,85.98,-133.49,-0.51,-298.17,4318,40,-0.690528022,
0.05,0.65,2099,78.85,-198.37,-0.95,3251,79.11,-173.51,-0.53,-371.88,5350,15,-0.695102804,
0.035,0.85,402,85.32,-74.3,-1.85,535,87.1,9.13,0.17,-65.17,937,40,-0.695517609,
0.05,0,2106,78.82,-187.62,-0.89,3265,79.02,-186.25,-0.57,-373.87,5371,15,-0.696090114,
0.03,0.85,545,85.5,-100.79,-1.85,753,87.25,10.21,0.14,-90.58,1298,55,-0.697842835,
0.02,0.65,3417,82.24,-322.84,-0.94,5212,82.5,-282.47,-0.54,-605.31,8629,45,-0.70148337,
0.04,0.82,510,84.51,-39.5,-0.77,749,84.51,-48.88,-0.65,-88.38,1259,75,-0.701985703,
0.02,0.65,3647,82.51,-197.86,-0.54,5521,82.21,-447.46,-0.81,-645.32,9168,35,-0.703883072,
0.025,0.82,1984,85.08,-61.24,-0.31,2969,84.57,-288.61,-0.97,-349.85,4953,20,-0.706339592,
0.055,0.78,1153,81.35,-7.44,-0.06,1747,80.54,-198.09,-1.13,-205.53,2900,15,-0.708724138,
0.05,0.6,2106,78.82,-187.62,-0.89,3264,79.01,-193.14,-0.59,-380.76,5370,15,-0.709050279,
0.02,0.82,1929,85.59,-71.4,-0.37,2913,85.17,-273.55,-0.94,-344.95,4842,55,-0.712412226,
0.02,0.8,3288,84.22,-83.76,-0.25,4966,83.61,-505.14,-1.02,-588.9,8254,25,-0.713472256,
0.035,0.85,336,85.12,-73.03,-2.17,435,87.36,17.9,0.41,-55.13,771,75,-0.715045396,
0.07,0.75,334,78.14,-69.55,-2.08,456,80.04,12.6,0.28,-56.95,790,70,-0.720886076,
0.035,0.85,430,85.12,-85.42,-1.99,555,87.03,14.41,0.26,-71.01,985,25,-0.720913706,
0.025,0.75,3325,82.26,-299.67,-0.9,4947,82.45,-304.85,-0.62,-604.52,8272,25,-0.730802708,
0.02,0.75,3119,82.78,-283.65,-0.91,4725,83.03,-299.85,-0.63,-583.5,7844,55,-0.743880673,
0.02,0.86,923,85.81,-198.27,-2.15,1418,87.8,23.17,0.16,-175.1,2341,50,-0.747970953,
0.02,0.86,1036,86,-168.94,-1.63,1553,87.25,-26.42,-0.17,-195.36,2589,20,-0.754577057,
0.03,0.75,2783,81.82,-241.23,-0.87,4139,81.93,-284.9,-0.69,-526.13,6922,25,-0.760083791,
0.02,0.8,2930,84.37,-71.57,-0.24,4433,83.67,-490.19,-1.11,-561.76,7363,35,-0.762949885,
0.02,0.86,948,85.97,-184.35,-1.94,1455,87.63,0.99,0.01,-183.36,2403,45,-0.763046192,
0.02,0.78,2975,83.97,-123.48,-0.42,4519,83.51,-449.44,-0.99,-572.92,7494,40,-0.764504937,
0.07,0.75,372,78.23,-71.51,-1.92,502,79.88,4.48,0.09,-67.03,874,55,-0.766933638,
0.02,0.88,336,86.61,-91.31,-2.72,479,89.56,28.36,0.59,-62.95,815,80,-0.772392638,
0.07,0.75,548,77.37,-151.7,-2.77,783,80.08,48.86,0.62,-102.84,1331,30,-0.772652141,
0.02,0.85,1089,85.4,-241.05,-2.21,1664,87.44,26.69,0.16,-214.36,2753,65,-0.778641482,
0.02,0.82,1959,85.4,-113.31,-0.58,2963,85.18,-270.13,-0.91,-383.44,4922,50,-0.779032913,
0.02,0.78,2893,83.86,-164.73,-0.57,4412,83.59,-406.22,-0.92,-570.95,7305,45,-0.781587953,
0.03,0.85,553,85.17,-122.44,-2.21,765,87.32,19.35,0.25,-103.09,1318,50,-0.782169954,
0.02,0.8,3099,84.19,-125.76,-0.41,4662,83.68,-482.83,-1.04,-608.59,7761,30,-0.784164412,
0.065,0.75,436,78.9,-54.65,-1.25,636,79.72,-29.72,-0.47,-84.37,1072,60,-0.787033582,
0.07,0.75,347,77.81,-86.88,-2.5,465,80.22,22.74,0.49,-64.14,812,65,-0.789901478,
0.02,0.75,3185,82.64,-336.56,-1.06,4820,83.03,-296.07,-0.61,-632.63,8005,50,-0.790293567,
0.02,0.86,877,85.52,-164.9,-1.88,1322,87.07,-10.61,-0.08,-175.51,2199,15,-0.798135516,
0.03,0.65,3250,81.17,-217.07,-0.67,4888,80.85,-437.17,-0.89,-654.24,8138,20,-0.80393217,
0.03,0,3257,81.15,-206.32,-0.63,4902,80.78,-449.91,-0.92,-656.23,8159,20,-0.804301998,
0.02,0.65,3850,82.29,-297.59,-0.77,5828,82.14,-481.61,-0.83,-779.2,9678,30,-0.805125026,
0.02,0,3857,82.27,-286.84,-0.74,5842,82.08,-494.35,-0.85,-781.19,9699,30,-0.80543355,
0.025,0.65,3796,81.59,-300.27,-0.79,5742,81.49,-468.3,-0.82,-768.57,9538,20,-0.805797861,
0.025,0,3803,81.57,-289.52,-0.76,5756,81.43,-481.04,-0.84,-770.56,9559,20,-0.806109426,
0.07,0.75,419,78.76,-49.1,-1.17,579,79.27,-31.55,-0.54,-80.65,998,45,-0.808116232,
0.04,0.65,2799,80.03,-194.66,-0.7,4235,79.72,-373.87,-0.88,-568.53,7034,15,-0.808259881,
0.02,0.84,1945,85.45,-182.51,-0.94,2954,85.65,-213.59,-0.72,-396.1,4899,25,-0.808532354,
0.04,0,2806,80.01,-183.91,-0.66,4249,79.64,-386.61,-0.91,-570.52,7055,15,-0.808674699,
0.03,0.82,1514,85.01,-16.74,-0.11,2226,84.05,-286.77,-1.29,-303.51,3740,20,-0.811524064,
0.02,0.6,3857,82.27,-286.84,-0.74,5841,82.07,-501.24,-0.86,-788.08,9698,30,-0.812621159,
0.03,0.6,3257,81.15,-206.32,-0.63,4901,80.78,-456.8,-0.93,-663.12,8158,20,-0.812846286,
0.025,0.6,3803,81.57,-289.52,-0.76,5755,81.42,-487.93,-0.85,-777.45,9558,20,-0.813402385,
0.04,0.6,2806,80.01,-183.91,-0.66,4248,79.64,-393.5,-0.93,-577.41,7054,15,-0.818556847,
0.065,0.75,765,78.3,-145.2,-1.9,1127,79.77,-11.49,-0.1,-156.69,1892,25,-0.828171247,
0.02,0.84,1766,85.5,-183.9,-1.04,2691,85.8,-185.34,-0.69,-369.24,4457,35,-0.82844963,
0.02,0.86,1034,86.17,-159.82,-1.55,1563,87.2,-56.43,-0.36,-216.25,2597,25,-0.832691567,
0.07,0.75,488,77.87,-107.04,-2.19,700,79.71,7.93,0.11,-99.11,1188,35,-0.834259259,
0.035,0.65,3193,80.65,-151.4,-0.47,4792,79.99,-522.15,-1.09,-673.55,7985,15,-0.843519098,
0.035,0,3200,80.62,-140.65,-0.44,4806,79.92,-534.89,-1.11,-675.54,8006,15,-0.843792156,
0.03,0.8,2745,83.32,2.36,0.01,4067,82.08,-578.64,-1.42,-576.28,6812,15,-0.845977686,
0.075,0.75,365,78.36,-55.55,-1.52,493,79.11,-17.4,-0.35,-72.95,858,40,-0.8502331,
0.07,0.75,453,78.37,-70.56,-1.56,625,79.36,-21.24,-0.34,-91.8,1078,40,-0.851576994,
0.02,0.65,4093,82.21,-308.49,-0.75,6206,82,-569.38,-0.92,-877.87,10299,25,-0.852383727,
0.035,0.6,3200,80.62,-140.65,-0.44,4805,79.92,-541.78,-1.13,-682.43,8005,15,-0.852504685,
0.02,0,4100,82.2,-297.74,-0.73,6220,81.95,-582.12,-0.94,-879.86,10320,25,-0.852577519,
0.02,0.88,336,86.61,-91.31,-2.72,483,89.44,21.36,0.44,-69.95,819,65,-0.854090354,
0.02,0.88,336,86.61,-91.31,-2.72,483,89.44,21.36,0.44,-69.95,819,75,-0.854090354,
0.02,0.88,336,86.61,-91.31,-2.72,483,89.44,21.36,0.44,-69.95,819,70,-0.854090354,
0.055,0.8,1154,81.02,-13.76,-0.12,1767,80.08,-235.82,-1.33,-249.58,2921,10,-0.854433413,
0.02,0.6,4100,82.2,-297.74,-0.73,6219,81.94,-589.01,-0.95,-886.75,10319,25,-0.859337145,
0.02,0.78,3469,83.77,-158.15,-0.46,5228,83.24,-591.17,-1.13,-749.32,8697,25,-0.861584454,
0.025,0.8,3319,83.19,-180.78,-0.54,4913,82.74,-529.29,-1.08,-710.07,8232,15,-0.862572886,
0.02,0.85,1097,85.41,-241.15,-2.2,1686,87.31,-0.01,0,-241.16,2783,60,-0.866546892,
0.035,0.75,2626,81.3,-228.88,-0.87,3843,81.16,-338.62,-0.88,-567.5,6469,20,-0.877260782,
0.02,0.75,3369,82.81,-277.18,-0.82,5098,82.74,-477.3,-0.94,-754.48,8467,40,-0.891083028,
0.02,0.84,2067,85.24,-211.89,-1.03,3111,85.44,-250.68,-0.81,-462.57,5178,20,-0.893337196,
0.07,0.75,319,78.06,-71.82,-2.25,429,79.95,4.82,0.11,-67,748,85,-0.895721925,
0.035,0.85,352,85.51,-59.42,-1.69,460,86.74,-13.4,-0.29,-72.82,812,60,-0.89679803,
0.02,0.78,3092,83.93,-133.23,-0.43,4662,83.31,-562.97,-1.21,-696.2,7754,35,-0.897859169,
0.06,0.65,1590,77.74,-189.35,-1.19,2454,78.04,-177.55,-0.72,-366.9,4044,15,-0.90727003,
0.06,0,1597,77.71,-178.6,-1.12,2468,77.92,-190.29,-0.77,-368.89,4065,15,-0.907478475,
0.045,0.8,1646,81.9,47.68,0.29,2482,80.26,-425.3,-1.71,-377.62,4128,10,-0.914777132,
0.06,0.6,1597,77.71,-178.6,-1.12,2467,77.91,-197.18,-0.8,-375.78,4064,15,-0.924655512,
0.02,0.75,3281,82.66,-335.53,-1.02,4975,82.81,-429.24,-0.86,-764.77,8256,45,-0.926320252,
0.065,0.75,404,78.71,-62.79,-1.55,569,79.79,-27.6,-0.49,-90.39,973,75,-0.928982528,
0.075,0.75,536,76.87,-170.67,-3.18,750,79.73,50.53,0.67,-120.14,1286,25,-0.934214619,
0.07,0.75,793,77.81,-162.91,-2.05,1140,79.3,-19.31,-0.17,-182.22,1933,20,-0.942679772,
0.02,0.78,3271,83.71,-211.51,-0.65,4908,83.31,-560.9,-1.14,-772.41,8179,30,-0.944381954,
0.02,0.84,1868,85.33,-217.55,-1.16,2816,85.65,-224.86,-0.8,-442.41,4684,30,-0.944513237,
0.02,0.8,3582,83.78,-225.64,-0.63,5360,83.36,-620.03,-1.16,-845.67,8942,20,-0.945728025,
0.02,0.75,3497,82.87,-254.66,-0.73,5255,82.59,-575.19,-1.09,-829.85,8752,35,-0.948183272,
0.065,0.75,421,78.86,-56.06,-1.33,608,79.61,-41.54,-0.68,-97.6,1029,65,-0.948493683,
0.02,0.85,1125,85.51,-231.78,-2.06,1721,87.1,-38.38,-0.22,-270.16,2846,55,-0.949262122,
0.02,0.82,2015,85.36,-125.5,-0.62,3065,84.93,-362.66,-1.18,-488.16,5080,45,-0.960944882,
0.065,0.75,1168,77.65,-269.88,-2.31,1740,79.43,-11.08,-0.06,-280.96,2908,15,-0.966162311,
0.03,0.85,638,84.64,-167.79,-2.63,915,87.1,16.9,0.18,-150.89,1553,25,-0.971603348,
0.035,0.8,2479,81.93,-134.63,-0.54,3669,81.3,-472.79,-1.29,-607.42,6148,10,-0.987996096,
0.02,0.82,2075,85.35,-124.46,-0.6,3136,84.85,-391.18,-1.25,-515.64,5211,40,-0.989522165,
0.045,0.75,2213,79.89,-294.76,-1.33,3333,80.32,-258.58,-0.78,-553.34,5546,15,-0.997728092,
0.02,0.85,1138,85.24,-271.01,-2.38,1743,87.21,-17.58,-0.1,-288.59,2881,50,-1.001700798,
0.025,0.75,3605,81.97,-385.95,-1.07,5401,82.06,-516.4,-0.96,-902.35,9006,20,-1.001943149,
0.02,0.86,969,85.76,-210.66,-2.17,1482,87.38,-39.03,-0.26,-249.69,2451,40,-1.01872705,
0.02,0.75,3690,82.63,-368.7,-1,5538,82.57,-579.3,-1.05,-948,9228,30,-1.027308192,
0.03,0.85,623,84.43,-169.34,-2.72,908,86.89,11.28,0.12,-158.06,1531,20,-1.032397126,
0.07,0.78,662,79.31,-33.09,-0.5,952,78.57,-134.83,-1.42,-167.92,1614,10,-1.04039653,
0.03,0.75,3065,81.57,-307.08,-1,4550,81.47,-487.62,-1.07,-794.7,7615,20,-1.043598162,
0.055,0,1840,78.15,-213.21,-1.16,2826,78.2,-275.19,-0.97,-488.4,4666,15,-1.04672096,
0.055,0.65,1833,78.18,-223.96,-1.22,2812,78.31,-262.45,-0.93,-486.41,4645,15,-1.047168999,
0.02,0.82,2374,85.21,-140.29,-0.59,3575,84.62,-483.28,-1.35,-623.57,5949,25,-1.048192974,
0.07,0.75,321,77.88,-79.32,-2.47,441,79.82,-0.89,-0.02,-80.21,762,75,-1.052624672,
0.02,0.85,1171,85.4,-255.4,-2.18,1804,86.97,-58.03,-0.32,-313.43,2975,45,-1.053546218,
0.04,0.8,2030,81.58,-102.42,-0.5,3042,80.83,-434.16,-1.43,-536.58,5072,10,-1.057925868,
0.055,0.6,1840,78.15,-213.21,-1.16,2825,78.19,-282.08,-1,-495.29,4665,15,-1.061714898,
0.02,0.78,3778,83.32,-323.33,-0.86,5637,83.04,-691.35,-1.23,-1014.68,9415,20,-1.077727031,
0.02,0.75,3921,82.56,-386.46,-0.99,5893,82.44,-674.25,-1.14,-1060.71,9814,25,-1.080813124,
0.02,0.85,1313,85.61,-230.71,-1.76,2002,86.56,-128.53,-0.64,-359.24,3315,25,-1.083680241,
0.02,0.82,2149,85.3,-137.68,-0.64,3224,84.71,-451.03,-1.4,-588.71,5373,35,-1.095682114,
0.02,0.88,342,86.55,-94.61,-2.77,502,89.04,1.46,0.03,-93.15,844,60,-1.103672986,
0.02,0.88,342,86.55,-94.61,-2.77,502,89.04,1.46,0.03,-93.15,844,55,-1.103672986,
0.035,0.75,2981,81.11,-233.27,-0.78,4423,80.58,-596.45,-1.35,-829.72,7404,15,-1.120637493,
0.075,0.75,298,78.19,-53.49,-1.79,404,78.96,-25.46,-0.63,-78.95,702,55,-1.124643875,
0.02,0.85,1341,85.46,-243.09,-1.81,2045,86.41,-138.38,-0.68,-381.47,3386,20,-1.126609569,
0.04,0.75,2589,80.53,-269.5,-1.04,3867,80.35,-458.17,-1.18,-727.67,6456,15,-1.127122057,
0.02,0,4455,81.75,-515.37,-1.16,6710,81.7,-746.33,-1.11,-1261.7,11165,20,-1.130049261,
0.02,0.65,4448,81.77,-526.12,-1.18,6696,81.75,-733.59,-1.1,-1259.71,11144,20,-1.130393037,
0.07,0.75,320,77.81,-81.82,-2.56,435,79.77,-3.66,-0.08,-85.48,755,80,-1.13218543,
0.05,0.78,1574,80.37,-117.24,-0.74,2373,79.9,-330.04,-1.39,-447.28,3947,10,-1.1332151,
0.07,0.75,1011,78.04,-151.63,-1.5,1462,78.39,-129.02,-0.88,-280.65,2473,15,-1.13485645,
0.02,0.86,1019,85.67,-225.09,-2.21,1538,87.19,-65.46,-0.43,-290.55,2557,30,-1.13629253,
0.02,0.6,4455,81.75,-515.37,-1.16,6709,81.7,-753.22,-1.12,-1268.59,11164,20,-1.136322107,
0.025,0.78,3540,82.6,-325.75,-0.92,5222,82.29,-679.88,-1.3,-1005.63,8762,15,-1.147717416,
0.07,0.75,308,77.92,-76.88,-2.5,420,79.76,-6.85,-0.16,-83.73,728,90,-1.150137363,
0.05,0.75,1893,79.34,-285.93,-1.51,2888,79.85,-266.77,-0.92,-552.7,4781,15,-1.156034302,
0.02,0.8,3954,82.98,-477.59,-1.21,5881,83.06,-666.89,-1.13,-1144.48,9835,15,-1.163680732,
0.03,0.85,523,84.89,-98.91,-1.89,737,85.89,-47.91,-0.65,-146.82,1260,15,-1.165238095,
0.02,0.88,355,85.92,-123.09,-3.47,508,89.37,21.99,0.43,-101.1,863,45,-1.171494786,
0.02,0.88,355,85.92,-123.09,-3.47,508,89.37,21.99,0.43,-101.1,863,40,-1.171494786,
0.025,0.82,2182,84.19,-198.15,-0.91,3173,83.83,-436.99,-1.38,-635.14,5355,15,-1.186069094,
0.065,0.75,412,78.64,-68.4,-1.66,589,79.46,-50.87,-0.86,-119.27,1001,70,-1.191508492,
0.065,0.78,765,79.74,-18.79,-0.25,1109,78.45,-206.15,-1.86,-224.94,1874,10,-1.200320171,
0.075,0.75,455,78.02,-81.98,-1.8,623,78.65,-47.66,-0.77,-129.64,1078,30,-1.202597403,
0.03,0.78,2963,82.59,-150.62,-0.51,4369,81.57,-735.25,-1.68,-885.87,7332,15,-1.208224223,
0.02,0.82,2273,85.04,-199.33,-0.88,3391,84.61,-490.55,-1.45,-689.88,5664,30,-1.218008475,
0.02,0.88,365,86.3,-109.26,-2.99,517,88.97,0.8,0.02,-108.46,882,35,-1.229705215,
0.02,0.86,993,85.5,-244.45,-2.46,1511,87.23,-64.19,-0.42,-308.64,2504,35,-1.232587859,
0.075,0.78,530,78.87,-48.69,-0.92,760,78.42,-110.58,-1.45,-159.27,1290,10,-1.234651163,
0.02,0.85,1194,85.18,-290.04,-2.43,1839,86.84,-84.69,-0.46,-374.73,3033,40,-1.235509397,
0.02,0.84,2147,84.21,-390.29,-1.82,3195,85.04,-282.09,-0.88,-672.38,5342,15,-1.258667166,
0.025,0,4282,80.92,-548.66,-1.28,6390,80.81,-815.09,-1.28,-1363.75,10672,15,-1.277876687,
0.025,0.65,4275,80.94,-559.41,-1.31,6376,80.87,-802.35,-1.26,-1361.76,10651,15,-1.278527838,
0.075,0.75,862,77.15,-196.93,-2.28,1236,78.32,-72.43,-0.59,-269.36,2098,15,-1.283889418,
0.025,0.6,4282,80.92,-548.66,-1.28,6389,80.81,-821.98,-1.29,-1370.64,10671,15,-1.284453191,
0.02,0.85,1222,85.02,-242.27,-1.98,1888,85.96,-162.37,-0.86,-404.64,3110,15,-1.301093248,
0.055,0.82,278,83.81,-6.02,-0.22,432,82.41,-87.12,-2.02,-93.14,710,15,-1.311830986,
0.02,0.82,2575,84.66,-275.67,-1.07,3818,84.36,-564.37,-1.48,-840.04,6393,20,-1.313999687,
0.02,0.75,4254,82.11,-609.82,-1.43,6350,82.25,-788.73,-1.24,-1398.55,10604,20,-1.318889098,
0.02,0.88,352,85.8,-127.11,-3.61,511,89.24,12.71,0.25,-114.4,863,50,-1.325608343,
0.03,0,3696,80.65,-373.96,-1.01,5530,80.04,-865.72,-1.57,-1239.68,9226,15,-1.343680902,
0.035,0.78,2709,81.28,-268.24,-0.99,3989,80.8,-632.02,-1.58,-900.26,6698,10,-1.344072858,
0.03,0.65,3689,80.67,-384.71,-1.04,5516,80.09,-852.98,-1.55,-1237.69,9205,15,-1.344584465,
0.02,0.88,334,86.53,-87.2,-2.61,494,88.46,-24.23,-0.49,-111.43,828,25,-1.345772947,
0.03,0.6,3696,80.65,-373.96,-1.01,5529,80.03,-872.61,-1.58,-1246.57,9225,15,-1.351295393,
0.075,0.75,653,76.57,-216.27,-3.31,920,79.02,1.23,0.01,-215.04,1573,20,-1.367069294,
0.02,0.78,4179,82.51,-611.88,-1.46,6191,82.67,-814.81,-1.32,-1426.69,10370,15,-1.375785921,
0.02,0.85,1282,85.26,-287.69,-2.24,1951,86.47,-157.64,-0.81,-445.33,3233,30,-1.377451284,
0.02,0.88,359,86.07,-114.98,-3.2,511,88.85,-5.08,-0.1,-120.06,870,30,-1.38,
0.02,0.85,1234,85.09,-308.78,-2.5,1885,86.63,-128.14,-0.68,-436.92,3119,35,-1.400833601,
0.03,0.82,1657,84.31,-88.13,-0.53,2392,83.03,-486.72,-2.03,-574.85,4049,15,-1.419733267,
0.045,0.78,1876,80.97,-85.93,-0.46,2802,79.66,-584.53,-2.09,-670.46,4678,10,-1.433219324,
0.06,0.78,1072,80.04,-57.22,-0.53,1614,78.87,-330.67,-2.05,-387.89,2686,10,-1.444117647,
0.075,0.75,337,77.74,-78.96,-2.34,444,78.83,-34.22,-0.77,-113.18,781,45,-1.449167734,
0.075,0.75,312,77.88,-67.27,-2.16,423,78.72,-40.6,-0.96,-107.87,735,50,-1.467619048,
0.03,0.84,983,82.71,-206.79,-2.1,1397,83.61,-143.1,-1.02,-349.89,2380,10,-1.47012605,
0.04,0.78,2260,80.84,-236.03,-1.04,3362,80.28,-593.39,-1.76,-829.42,5622,10,-1.475311277,
0.025,0.75,4063,81.29,-641.28,-1.58,6005,81.37,-870.29,-1.45,-1511.57,10068,15,-1.501360747,
0.06,0.75,1387,78.23,-279.39,-2.01,2101,78.91,-246.76,-1.17,-526.15,3488,15,-1.508457569,
0.02,0,4928,81.01,-864.49,-1.75,7367,81.28,-990.99,-1.35,-1855.48,12295,15,-1.509133794,
0.02,0.65,4921,81.02,-875.24,-1.78,7353,81.33,-978.25,-1.33,-1853.49,12274,15,-1.510094509,
0.02,0.6,4928,81.01,-864.49,-1.75,7366,81.28,-997.88,-1.35,-1862.37,12294,15,-1.514860908,
0.02,0.82,2785,83.63,-517.96,-1.86,4082,84.17,-523.67,-1.28,-1041.63,6867,15,-1.516863259,
0.03,0.8,3089,81.45,-497.27,-1.61,4500,81.53,-667.32,-1.48,-1164.59,7589,10,-1.534576361,
0.055,0.78,1384,79.91,-147.37,-1.06,2087,79.3,-395.05,-1.89,-542.42,3471,10,-1.562719677,
0.05,0,2338,77.72,-414.99,-1.77,3576,77.91,-516.2,-1.44,-931.19,5914,10,-1.574551911,
0.05,0.65,2331,77.73,-425.74,-1.83,3562,77.99,-503.46,-1.41,-929.2,5893,10,-1.576786017,
0.05,0.6,2338,77.72,-414.99,-1.77,3575,77.9,-523.09,-1.46,-938.08,5913,10,-1.586470489,
0.055,0.75,1627,78.67,-311.52,-1.91,2454,79.1,-336.83,-1.37,-648.35,4081,15,-1.588703749,
0.035,0,3473,79.3,-565.99,-1.63,5192,79.22,-818.18,-1.58,-1384.17,8665,10,-1.597426428,
0.035,0.65,3466,79.31,-576.74,-1.66,5178,79.28,-805.44,-1.56,-1382.18,8644,10,-1.59900509,
0.03,0.75,3477,81.08,-466.58,-1.34,5146,80.63,-917.28,-1.78,-1383.86,8623,15,-1.604847501,
0.035,0.6,3473,79.3,-565.99,-1.63,5191,79.21,-825.07,-1.59,-1391.06,8664,10,-1.60556325,
0.035,0.82,1189,82.42,-179.82,-1.51,1703,82.27,-290.15,-1.7,-469.97,2892,10,-1.625069156,
0.02,0.75,4708,81.33,-960.75,-2.04,6981,81.79,-1036.19,-1.48,-1996.94,11689,15,-1.708392506,
0.04,0,3024,78.67,-533.78,-1.77,4565,78.62,-779.55,-1.71,-1313.33,7589,10,-1.730570563,
0.04,0.65,3017,78.69,-544.53,-1.8,4551,78.69,-766.81,-1.68,-1311.34,7568,10,-1.732743129,
0.045,0,2640,78.45,-383.68,-1.45,4005,77.95,-770.69,-1.92,-1154.37,6645,10,-1.737200903,
0.045,0.65,2633,78.47,-394.43,-1.5,3991,78.03,-757.95,-1.9,-1152.38,6624,10,-1.739704106,
0.04,0.6,3024,78.67,-533.78,-1.77,4564,78.62,-786.44,-1.72,-1320.22,7588,10,-1.739878756,
0.045,0.6,2640,78.45,-383.68,-1.45,4004,77.95,-777.58,-1.94,-1161.26,6644,10,-1.747832631,
0.03,0.78,3319,80.96,-630.88,-1.9,4820,81.1,-826.55,-1.71,-1457.43,8139,10,-1.79067453,
0.07,0,1426,75.53,-330.84,-2.32,2155,76.01,-320.99,-1.49,-651.83,3581,10,-1.820245741,
0.025,0.8,3544,81.57,-628.19,-1.77,5209,81.49,-965.89,-1.85,-1594.08,8753,10,-1.821181309,
0.07,0.65,1419,75.55,-341.59,-2.41,2141,76.13,-308.25,-1.44,-649.84,3560,10,-1.825393258,
0.07,0.6,1426,75.53,-330.84,-2.32,2154,76,-327.88,-1.52,-658.72,3580,10,-1.84,
0.065,0,1529,76,-316.54,-2.07,2312,76.12,-392.31,-1.7,-708.85,3841,10,-1.845482947,
0.065,0.65,1522,76.02,-327.29,-2.15,2298,76.24,-379.57,-1.65,-706.86,3820,10,-1.850418848,
0.065,0.6,1529,76,-316.54,-2.07,2311,76.11,-399.2,-1.73,-715.74,3840,10,-1.86390625,
0.06,0,1836,76.8,-354.97,-1.93,2817,76.78,-516.83,-1.83,-871.8,4653,10,-1.873629916,
0.06,0.65,1829,76.82,-365.72,-2,2803,76.88,-504.09,-1.8,-869.81,4632,10,-1.877828152,
0.055,0,2148,77.19,-445.12,-2.07,3290,77.36,-581.21,-1.77,-1026.33,5438,10,-1.887329901,
0.06,0.6,1836,76.8,-354.97,-1.93,2816,76.78,-523.72,-1.86,-878.69,4652,10,-1.888843508,
0.055,0.65,2141,77.21,-455.87,-2.13,3276,77.44,-568.47,-1.74,-1024.34,5417,10,-1.890972863,
0.02,0.8,4014,81.79,-743.99,-1.85,5979,81.75,-1150.5,-1.92,-1894.49,9993,10,-1.895817072,
0.055,0.6,2148,77.19,-445.12,-2.07,3289,77.35,-588.1,-1.79,-1033.22,5437,10,-1.900349457,
0.035,0.75,3251,79.64,-669.53,-2.06,4804,79.79,-870.66,-1.81,-1540.19,8055,10,-1.912091868,
0.03,0,4083,79.33,-928.63,-2.27,6023,79.68,-1012.71,-1.68,-1941.34,10106,10,-1.920977637,
0.03,0.65,4076,79.34,-939.38,-2.3,6009,79.73,-999.97,-1.66,-1939.35,10085,10,-1.923004462,
0.03,0.6,4083,79.33,-928.63,-2.27,6022,79.67,-1019.6,-1.69,-1948.23,10105,10,-1.927986145,
0.02,0.85,481,83.99,-99.27,-2.06,784,84.18,-145.04,-1.85,-244.31,1265,10,-1.931304348,
0.075,0,1294,74.96,-346.44,-2.68,1963,75.7,-296.74,-1.51,-643.18,3257,10,-1.974762051,
0.075,0.65,1287,74.98,-357.19,-2.78,1949,75.83,-284,-1.46,-641.19,3236,10,-1.981427689,
0.075,0.6,1294,74.96,-346.44,-2.68,1962,75.69,-303.63,-1.55,-650.07,3256,10,-1.996529484,
0.025,0.78,3774,81.13,-761.8,-2.02,5529,81.12,-1125.12,-2.03,-1886.92,9303,10,-2.028291949,
0.05,0.75,2116,78.07,-518.53,-2.45,3188,78.61,-568.68,-1.78,-1087.21,5304,10,-2.049792609,
0.02,0.78,4244,81.39,-877.6,-2.07,6299,81.41,-1309.73,-2.08,-2187.33,10543,10,-2.07467514,
0.025,0.84,1438,82.61,-337.71,-2.35,2100,82.95,-405.67,-1.93,-743.38,3538,10,-2.101130582,
0.025,0,4538,79.64,-1059.55,-2.33,6732,79.84,-1311.28,-1.95,-2370.83,11270,10,-2.103664596,
0.04,0.75,2802,79.01,-637.32,-2.27,4177,79.22,-832.03,-1.99,-1469.35,6979,10,-2.105387591,
0.025,0.65,4531,79.65,-1070.3,-2.36,6718,79.89,-1298.54,-1.93,-2368.84,11249,10,-2.10582274,
0.025,0.6,4538,79.64,-1059.55,-2.33,6731,79.84,-1318.17,-1.96,-2377.72,11269,10,-2.109965392,
0.02,0,5008,79.99,-1175.35,-2.35,7502,80.22,-1495.89,-1.99,-2671.24,12510,10,-2.135283773,
0.02,0.65,5001,80,-1186.1,-2.37,7488,80.26,-1483.15,-1.98,-2669.25,12489,10,-2.137280807,
0.02,0.6,5008,79.99,-1175.35,-2.35,7501,80.22,-1502.78,-2,-2678.13,12509,10,-2.140962507,
0.04,0.82,741,81.78,-145.39,-1.96,1078,81.54,-247.08,-2.29,-392.47,1819,10,-2.157614074,
0.045,0.75,2418,78.83,-487.22,-2.01,3617,78.57,-823.17,-2.28,-1310.39,6035,10,-2.171317316,
0.02,0.84,1908,82.81,-453.51,-2.38,2867,83.08,-596.28,-2.08,-1049.79,4775,10,-2.198513089,
0.03,0.75,3861,79.62,-1032.17,-2.67,5635,80.2,-1065.19,-1.89,-2097.36,9496,10,-2.208677338,
0.025,0.75,4316,79.91,-1163.09,-2.69,6344,80.31,-1363.76,-2.15,-2526.85,10660,10,-2.370403377,
0.03,0.82,1799,81.43,-542.46,-3.02,2534,82.36,-484.68,-1.91,-1027.14,4333,10,-2.370505423,
0.02,0.75,4786,80.25,-1278.89,-2.67,7114,80.66,-1548.37,-2.18,-2827.26,11900,10,-2.375848739,
0.055,0.75,1926,77.52,-548.66,-2.85,2902,78.05,-633.69,-2.18,-1182.35,4828,10,-2.448943662,
0.06,0.75,1614,77.14,-458.51,-2.84,2429,77.52,-569.31,-2.34,-1027.82,4043,10,-2.542221123,
0.02,0.82,2724,81.94,-789.18,-2.9,4013,82.38,-967.86,-2.41,-1757.04,6737,10,-2.608045124,
0.045,0.82,360,83.61,11.37,0.32,522,79.5,-241.56,-4.63,-230.19,882,10,-2.609863946,
0.025,0.82,2254,81.63,-673.38,-2.99,3243,82.12,-783.25,-2.42,-1456.63,5497,10,-2.649863562,
0.065,0.75,1307,76.28,-420.08,-3.21,1924,76.92,-444.79,-2.31,-864.87,3231,10,-2.676787372,
0.07,0.75,1204,75.75,-434.38,-3.61,1767,76.85,-373.47,-2.11,-807.85,2971,10,-2.719118142,
0.075,0.75,1072,75.09,-449.98,-4.2,1575,76.57,-349.22,-2.22,-799.2,2647,10,-3.019267095,
