"last_name, first_name","player_id","year","pa"
"Sampson, Adrian",592716,2018,96
"LeBlanc, Wade",453281,2016,252
"Gonzales, Marco",594835,2020,277
"Margevicius, Nick",676606,2020,170
"Zastryzny, Rob",642239,2017,62
"Betancourt, Rafael",429783,2015,175
"Peralta, Freddy",642547,2020,125
"García, Luis",472610,2019,278
"Hembree, Heath",592390,2018,260
"Chavez, Jesse",445926,2020,77
"Moya, Gabriel",622382,2018,159
"Hammel, Jason",434628,2017,804
"Gómez, Jeanmar",491646,2015,319
"Socolovich, Miguel",462515,2015,125
"Gsellman, Robert",607229,2016,185
"Clevinger, Mike",605182,2017,501
"Alcantara, Sandy",645261,2020,172
"Osuna, Roberto",532077,2015,271
"Buttrey, Ty",621142,2020,112
"Rollins, David",543716,2015,118
"Ege, Cody",643297,2016,55
"Melancon, Mark",453343,2019,284
"Jepsen, Kevin",448178,2018,77
"Thompson, Jake",622097,2018,76
"Sabathia, CC",282332,2017,623
"Robles, Hansel",570663,2015,216
"O'Grady, Chris",622217,2017,145
"Hand, Brad",543272,2020,86
"Strop, Pedro",467008,2019,178
"Drake, Oliver",543118,2018,209
"Hoyt, James",624586,2017,211
"Colomé, Alex",517008,2015,457
"Nola, Aaron",605400,2020,289
"McGee, Jake",459429,2016,205
"Green, Chad",643338,2020,100
"Cueto, Johnny",456501,2018,214
"Foltynewicz, Mike",592314,2018,743
"Duensing, Brian",488846,2015,209
"Singer, Brady",663903,2020,263
"Howard, Sam",607572,2019,91
"Meisinger, Ryan",664682,2018,87
"Green, Chad",643338,2017,253
"Lohse, Kyle",346798,2015,665
"Asher, Alec",594742,2015,138
"Garcia, Rico",670329,2020,44
"Jackson, Luke",592426,2016,62
"Lawrence, Casey",596271,2017,264
"McCarthy, Brandon",435221,2018,339
"Báez, Pedro",520980,2018,237
"Erlin, Robbie",572362,2018,439
"Madson, Ryan",425492,2017,219
"Sale, Chris",519242,2019,612
"Castillo, Luis",622491,2019,780
"Soroka, Michael",647336,2018,113
"Melancon, Mark",453343,2018,174
"Miley, Wade",489119,2015,831
"Chapman, Aroldis",547973,2017,209
"Williams, Jerome",425532,2015,553
"Romero, JoJo",668941,2020,47
"Thornton, Matt",407819,2015,171
"Kershaw, Clayton",477132,2016,544
"Montas, Frankie",593423,2017,152
"Pounders, Brooks",572044,2017,54
"Miller, Andrew",453192,2020,55
"Wilson, Alex",543935,2017,260
"Wilson, Tyler",592869,2016,414
"Ramos, AJ",573109,2016,278
"Ramírez, Neil",519166,2017,153
"Kahnle, Tommy",592454,2015,155
"Burgos, Enrique",542609,2016,178
"Gallen, Zac",668678,2019,334
"Santiago, Héctor",502327,2018,460
"Osuna, Roberto",532077,2016,288
"Perdomo, Luis",606131,2019,296
"Colomé, Alex",517008,2018,282
"Farquhar, Danny",543144,2015,219
"Doolittle, Sean",448281,2017,197
"Lindblom, Josh",458676,2017,51
"Gómez, Jeanmar",491646,2018,114
"Yamaguchi, Shun",685493,2020,120
"Ramos, Edubray",591693,2019,69
"Paredes, Eduardo",622161,2018,86
"Norris, Bud",502032,2017,267
"Cain, Matt",430912,2016,397
"DeSclafani, Anthony",543101,2016,507
"Griffin, A.J.",456167,2017,338
"Wood, Travis",475243,2016,252
"Shreve, Chasen",592741,2017,198
"González, Severino",605894,2015,143
"LeCure, Sam",459967,2015,83
"Quijada, José",650671,2019,144
"Betances, Dellin",476454,2018,272
"Pruitt, Austin",643493,2018,291
"Coulombe, Danny",543056,2016,193
"McGee, Jake",459429,2018,227
"Lugo, Seth",607625,2020,160
"Ramírez, Erasmo",541640,2017,539
"Zuber, Tyler",676604,2020,99
"Weaver, Jered",450308,2017,191
"Slegers, Aaron",642083,2018,60
"Arroyo, Bronson",276520,2017,322
"Gee, Dillon",518716,2016,551
"Gomber, Austin",596295,2020,119
"Bedrosian, Cam",592135,2016,162
"Lowe, Mark",450275,2015,214
"Lauer, Eric",641778,2019,651
"Thornburg, Tyler",592804,2019,86
"Strasburg, Stephen",544931,2017,701
"Rodney, Fernando",407845,2017,231
"House, TJ",543334,2015,73
"Knebel, Corey",608349,2015,209
"Teheran, Julio",527054,2019,754
"Chen, Wei-Yin",612672,2018,572
"Miller, Justin",502522,2018,215
"Delgado, Randall",517414,2017,259
"Lewis, Colby",407890,2016,472
"Rodríguez, Francisco",408061,2016,235
"Rosenthal, Trevor",572096,2016,197
"Suárez, Ranger",624133,2019,205
"Plesac, Zach",668676,2019,475
"Rondón, Bruce",541652,2018,154
"Cole, Gerrit",543037,2017,849
"Sánchez, Aníbal",434671,2017,482
"Edwards Jr., Carl",605218,2017,262
"Alvarez, Henderson",506693,2015,102
"Cuevas, William",571035,2018,83
"McHugh, Collin",543521,2017,270
"Ramirez, Nick",598286,2020,46
"Arrieta, Jake",453562,2019,594
"Hatcher, Chris",501822,2018,167
"Gray, Sonny",543243,2018,582
"Leake, Mike",502190,2018,783
"Pivetta, Nick",601713,2020,71
"Rondón, Héctor",444468,2016,200
"Wheeler, Zack",554430,2019,828
"McCullers Jr., Lance",621121,2018,527
"Bass, Anthony",542914,2020,100
"Swarzak, Anthony",461872,2018,116
"Richard, Clayton",453385,2017,858
"Layne, Tommy",518927,2017,63
"Blach, Ty",621389,2016,62
"Alvarez, Jose",501625,2017,203
"Lakins, Travis",664042,2020,116
"Beede, Tyler",595881,2019,523
"Claudio, Alex",592222,2019,267
"Buchanan, David",571527,2015,351
"Bassitt, Chris",605135,2015,361
"Kelley, Shawn",518875,2017,121
"Diaz, Jumbo",471822,2017,136
"Andriese, Matt",542882,2020,126
"Dermody, Matt",571616,2017,95
"Smyly, Drew",592767,2020,111
"Cashner, Andrew",488768,2018,681
"Rogers, Taylor",573124,2017,237
"Ramos, AJ",573109,2015,277
"Garza, Matt",490063,2017,504
"Strasburg, Stephen",544931,2016,598
"Holland, Greg",518813,2020,112
"Hernandez, David",456696,2016,321
"Britton, Zack",502154,2020,76
"Peters, Dillon",596071,2019,327
"Almonte, Yency",622075,2020,113
"Sale, Chris",519242,2015,854
"Holland, Greg",518813,2015,193
"Floro, Dylan",571670,2016,72
"Barnes, Jacob",606930,2018,217
"Rodón, Carlos",607074,2016,714
"Flaherty, Jack",656427,2017,94
"Romo, Sergio",489265,2017,224
"Mize, Casey",663554,2020,133
"Shoemaker, Matt",533167,2015,569
"Guerrero, Tayron",594027,2019,216
"Buchter, Ryan",488748,2016,247
"Verlander, Justin",434378,2019,847
"Yacabonis, Jimmy",642231,2018,177
"Kelley, Shawn",518875,2018,190
"Chacín, Jhoulys",468504,2015,111
"Montgomery, Mike",543557,2019,402
"Wood, Alex",622072,2017,614
"Musgrove, Joe",605397,2019,718
"Nova, Iván",467100,2020,88
"Hart, Donnie",643354,2017,190
"Cotton, Jharel",605194,2016,112
"Smith, Josh A.",595001,2016,260
"Cingrani, Tony",571561,2017,176
"Locke, Jeff",502046,2017,152
"Oh, Seunghwan",493200,2018,274
"Estévez, Carlos",608032,2020,116
"Dyson, Sam",473879,2019,249
"Smeltzer, Devin",656970,2019,202
"López, Yoan",661255,2020,87
"Shaw, Bryan",543766,2019,312
"Glasnow, Tyler",607192,2019,230
"Fillmyer, Heath",641571,2018,344
"Sheffield, Justus",656954,2020,232
"Stanek, Ryne",592773,2017,95
"Schreiber, John",670167,2019,59
"Leone, Dominic",608678,2018,106
"Davies, Zach",605200,2015,139
"Curtiss, John",595928,2020,99
"Fields, Josh",451661,2016,158
"Johnson, Jim",462382,2015,291
"Springs, Jeffrey",605488,2020,99
"Ponce, Cody",664074,2020,66
"Thielbar, Caleb",573204,2020,82
"Abad, Fernando",472551,2019,49
"Torres, Carlos",448614,2015,243
"Abad, Fernando",472551,2017,182
"Junis, Jakob",596001,2019,771
"Matz, Steven",571927,2019,691
"Sabathia, CC",282332,2018,665
"Anderson, Shaun",641312,2020,67
"Noesí, Hector",456051,2019,124
"Strickland, Hunter",519326,2019,105
"Báez, Sandy",622783,2018,66
"Rodríguez, Ricardo",600965,2017,60
"Sims, Lucas",608371,2020,104
"Mejía, Adalberto",606167,2019,145
"Hardy, Blaine",543278,2015,265
"Jansen, Kenley",445276,2017,257
"Breslow, Craig",444520,2017,159
"Cahill, Trevor",502239,2018,449
"McCullers Jr., Lance",621121,2017,512
"McGrath, Kyle",657681,2017,75
"Ramirez, Noé",598287,2017,49
"Walden, Marcus",519393,2020,71
"Hall, Matt",664180,2019,113
"Ureña, José",570632,2016,373
"Farmer, Buck",571656,2020,89
"Contreras, Carlos",542266,2015,125
"McRae, Alex",656725,2019,132
"Rosscup, Zac",573127,2015,117
"Albers, Matt",458006,2016,236
"Fried, Max",608331,2020,224
"Collmenter, Josh",518567,2016,173
"Coke, Phil",457435,2016,45
"Webb, Logan",657277,2019,174
"Milone, Tommy",543548,2017,221
"Clippard, Tyler",461325,2015,301
"Hendriks, Liam",521230,2020,92
"Bowman, Matt",621199,2016,281
"Parker, Blake",453284,2017,254
"Ottavino, Adam",493603,2017,243
"Girodo, Chad",643325,2016,44
"McCarthy, Kevin",641838,2019,268
"Moylan, Peter",493247,2017,243
"Shreve, Chasen",592741,2020,102
"Hunter, Tommy",488984,2018,270
"Bergman, Christian",548357,2017,230
"Barnes, Danny",592130,2016,58
"Adam, Jason",592094,2018,142
"Morrow, Brandon",453344,2018,122
"Logan, Boone",457429,2017,91
"Rodney, Fernando",407845,2016,283
"Syndergaard, Noah",592789,2018,644
"Paxton, James",572020,2015,297
"Hamels, Cole",430935,2016,848
"James, Josh",657624,2020,83
"Slegers, Aaron",642083,2020,101
"Kilome, Franklyn",642584,2020,58
"Fernández, Junior",658551,2019,54
"Cueto, Johnny",456501,2017,648
"Grace, Matt",594840,2017,215
"Morris, A.J.",571963,2016,47
"Beimel, Joe",346847,2015,196
"Rosario, Randy",600968,2018,200
"Whitley, Chase",595032,2017,238
"Wright, Steven",453214,2016,656
"Hammel, Jason",434628,2016,692
"Lynn, Lance",458681,2020,344
"Manaea, Sean",640455,2019,109
"Rosscup, Zac",573127,2018,47
"Otero, Dan",519096,2018,247
"Eickhoff, Jerad",595191,2019,245
"Ottavino, Adam",493603,2019,283
"Nova, Iván",467100,2019,806
"Rodón, Carlos",607074,2019,158
"Mejía, Adalberto",606167,2017,443
"Darvish, Yu",506433,2017,766
"Pérez, Martín",527048,2017,811
"Mitchell, Bryan",571951,2017,153
"Barnes, Jacob",606930,2020,78
"Grilli, Jason",276351,2015,140
"Castano, Daniel",641447,2020,126
"Garrett, Amir",607237,2020,69
"Stewart, Brock",592779,2016,126
"Ross Jr., Robbie",543726,2015,259
"Cease, Dylan",656302,2020,255
"Márquez, Germán",608566,2020,344
"Colomé, Alex",517008,2020,90
"Feliz, Michael",593140,2017,218
"Shipley, Braden",640463,2016,306
"Luzardo, Jesús",666200,2020,248
"Clippard, Tyler",461325,2019,241
"Luciano, Elvis",672773,2019,159
"Simon, Alfredo",430580,2016,298
"Norris, Daniel",596057,2020,116
"McFarland, T.J.",519008,2015,188
"Latos, Mat",502009,2015,494
"Ohlendorf, Ross",456027,2015,85
"James, Josh",657624,2019,266
"Armstrong, Shawn",542888,2018,57
"Green, Chad",643338,2018,298
"Thornton, Trent",663423,2019,676
"Porcello, Rick",519144,2016,890
"Purke, Matt",545357,2016,84
"Britton, Zack",502154,2015,253
"Kelly, Ryan",502462,2015,74
"McGowan, Dustin",430661,2015,118
"Axford, John",446099,2015,250
"Koch, Matt",571863,2016,69
"Lincecum, Tim",453311,2015,333
"Walden, Marcus",519393,2019,327
"Burr, Ryan",621114,2019,86
"Patton, Spencer",607359,2016,101
"Glasnow, Tyler",607192,2018,468
"Corbin, Patrick",571578,2015,357
"Hand, Brad",543272,2017,311
"Yacabonis, Jimmy",642231,2017,90
"Hendricks, Kyle",543294,2019,730
"Kluber, Corey",446372,2019,168
"Barraclough, Kyle",607457,2019,164
"García, Luis",472610,2018,204
"Milone, Tommy",543548,2016,311
"Castillo, Diego",650895,2019,290
"Familia, Jeurys",544727,2017,111
"Chirinos, Yonny",630023,2018,370
"Kelley, Shawn",518875,2015,205
"Heaney, Andrew",571760,2017,101
"Graveman, Kendall",608665,2018,158
"Romo, Sergio",489265,2018,283
"Colomé, Alex",517008,2017,281
"Kazmir, Scott",431148,2016,590
"Feliz, Michael",593140,2019,239
"Bauer, Trevor",545333,2018,717
"Elías, Roenis",606273,2015,490
"Rondon, Jorge",504083,2015,81
"Montero, Rafael",606160,2015,46
"Hudson, Daniel",543339,2019,304
"Williams, Devin",642207,2019,67
"Ramírez, JC",500724,2017,620
"Blackburn, Paul",621112,2017,238
"Straily, Dan",573185,2016,792
"Kontos, George",502004,2016,216
"Giolito, Lucas",608337,2019,705
"Bradley, Archie",605151,2018,296
"Skoglund, Eric",607215,2019,101
"Stock, Robert",476594,2018,166
"Mahle, Tyler",641816,2017,92
"Socolovich, Miguel",462515,2017,87
"Minaya, Juan",573668,2017,184
"Urías, Julio",628711,2017,102
"Betances, Dellin",476454,2016,299
"Bumgarner, Madison",518516,2018,551
"Fernández, José",605228,2016,737
"Jackson, Jay",543351,2019,132
"Olson, Tyler",621397,2019,140
"Araujo, Elvis",542587,2015,150
"Barnette, Tony",501817,2018,104
"Blevins, Jerry",460283,2018,188
"Chafin, Andrew",605177,2018,211
"Wilson, Justin",458677,2017,247
"Burnett, A.J.",150359,2015,699
"Sherriff, Ryan",595411,2017,60
"Montas, Frankie",593423,2020,237
"Hinojosa, Dalier",648737,2015,102
"Mella, Keury",622492,2020,42
"Harvey, Matt",518774,2019,266
"Houser, Adrian",605288,2018,59
"Fairbanks, Pete",664126,2020,117
"Harris, Mitch",518771,2015,122
"Civale, Aaron",650644,2019,227
"Givens, Mychal",571710,2016,313
"Leiter Jr., Mark",643410,2018,123
"Matz, Steven",571927,2017,298
"Chatwood, Tyler",543022,2020,86
"Betances, Dellin",476454,2017,261
"Newsome, Ljay",664714,2020,68
"Lucchesi, Joey",664192,2018,548
"Street, Huston",434718,2015,255
"Jackson, Edwin",429719,2015,228
"Merritt, Ryan",607320,2016,37
"Bergman, Christian",548357,2018,57
"Latos, Mat",502009,2016,309
"Skaggs, Tyler",572140,2016,219
"DeSclafani, Anthony",543101,2020,158
"Dobnak, Randy",677976,2020,200
"Cashner, Andrew",488768,2017,704
"Fiers, Mike",571666,2019,754
"Romero, Fernando",622864,2018,247
"Howell, J.P.",434442,2015,190
"Hill, Taylor",592398,2015,51
"Fister, Doug",450729,2018,289
"LeBlanc, Wade",453281,2020,103
"Merritt, Ryan",607320,2017,89
"Richards, Garrett",572070,2020,213
"Boyer, Blaine",430641,2018,109
"Vargas, Jason",450306,2017,756
"Geltz, Steve",544993,2015,268
"García, Jaime",448802,2015,510
"Noesí, Hector",456051,2015,154
"Mejía, Humberto",650668,2020,49
"Watson, Tony",453265,2018,261
"Bonilla, Lisalverto",570810,2017,172
"Wacha, Michael",608379,2019,561
"Eflin, Zach",621107,2018,548
"Hernández, Elieser",622694,2020,106
"Duke, Zach",435043,2019,106
"Andriese, Matt",542882,2019,310
"Straily, Dan",573185,2018,518
"Volquez, Edinson",450172,2016,853
"Hawkins, LaTroy",115629,2015,162
"Brogdon, Connor",641401,2020,44
"O'Day, Darren",503285,2015,257
"Richards, Garrett",572070,2015,865
"García, Deivi",665620,2020,146
"Bass, Anthony",542914,2018,62
"Wingenter, Trey",622259,2019,218
"McKay, David",641853,2019,115
"Street, Huston",434718,2016,105
"DuRapau, Montana",657566,2019,90
"Ross, Tyson",475115,2017,238
"Martes, Francis",642564,2017,249
"Qualls, Chad",430589,2017,72
"Stock, Robert",476594,2020,62
"Roark, Tanner",543699,2019,722
"Hill, Rich",448179,2019,242
"Lewicki, Artie",592499,2018,170
"Guerra, Junior",448855,2017,314
"Devenski, Chris",606965,2016,408
"Reynolds, Matt",519186,2015,62
"Scrubb, Andre",668687,2020,102
"Dobnak, Randy",677976,2019,118
"Bergman, Christian",548357,2015,286
"Santana, Ervin",429722,2016,748
"Moore, Andrew",621058,2017,243
"Conley, Adam",543045,2016,583
"Brault, Steven",643230,2017,162
"Ryu, Hyun Jin",547943,2019,723
"Moore, Matt",519043,2017,790
"Smith, Joe",501925,2015,271
"Anderson, Justin",605121,2019,217
"Anderson, Chase",502624,2019,592
"Iglesias, Raisel",628452,2016,325
"Font, Wilmer",521655,2020,85
"Guerra, Javy",457915,2019,287
"Bastardo, Antonio",455374,2015,239
"Harrell, Lucas",449173,2016,208
"Lester, Jon",452657,2016,796
"Springs, Jeffrey",605488,2018,141
"McCarthy, Brandon",435221,2017,384
"Gallardo, Yovani",451596,2016,525
"Gray, Jon",592351,2015,185
"Minaya, Juan",573668,2019,126
"Friedrich, Christian",543184,2015,270
"Gómez, Jeanmar",491646,2016,297
"Castillo, Luis",622491,2020,292
"Osich, Josh",592612,2017,201
"Tuivailala, Sam",592815,2019,95
"Bradley, Archie",605151,2015,161
"Menez, Conner",669214,2020,45
"Wainwright, Adam",425794,2019,745
"Yates, Kirby",489446,2017,231
"Norris, Bud",502032,2015,377
"Mattheus, Ryan",458919,2015,253
"Webb, Tyler",643778,2019,221
"Rodríguez, Richard",593144,2018,279
"Asher, Alec",594742,2017,265
"Smith, Carson",605476,2015,285
"García, Yimi",554340,2015,225
"Dolis, Rafael",503569,2020,100
"Alburquerque, Al",456379,2015,271
"Voth, Austin",608723,2018,55
"Gibson, Kyle",502043,2018,826
"Feliz, Neftalí",491703,2015,212
"Ureña, José",570632,2020,104
"Webb, Tyler",643778,2020,87
"Ray, Robbie",592662,2019,747
"Guerra, Javy",457915,2017,88
"Rodríguez, José",642578,2019,84
"Castillo, José",620454,2018,150
"Giolito, Lucas",608337,2018,775
"Peacock, Brad",502748,2017,546
"Williams, Trevor",592866,2020,252
"Guaipe, Mayckol",515052,2015,121
"Adcock, Nate",502264,2015,83
"Perkins, Glen",450282,2015,238
"Feliz, Michael",593140,2016,270
"Cessa, Luis",570666,2020,93
"Blackburn, Paul",621112,2018,119
"Dyson, Sam",473879,2017,260
"Pinder, Branden",572038,2015,122
"Barria, Jaime",642545,2020,132
"Farmer, Buck",571656,2015,186
"Tolleson, Shawn",474521,2016,168
"Cobb, Alex",502171,2019,60
"Webster, Allen",543903,2019,52
"Lyons, Tyler",544928,2018,83
"Nola, Aaron",605400,2015,318
"Tanaka, Masahiro",547888,2015,608
"Chapman, Aroldis",547973,2016,222
"Berríos, José",621244,2020,271
"McCullers Jr., Lance",621121,2015,520
"Medlen, Kris",450665,2015,243
"Armenteros, Rogelio",660494,2019,75
"Oberholtzer, Brett",519085,2016,321
"Santiago, Héctor",502327,2016,785
"Hoyt, James",624586,2016,91
"Axford, John",446099,2017,109
"Rzepczynski, Marc",519240,2017,136
"Cessa, Luis",570666,2017,160
"deGrom, Jacob",594798,2019,804
"Wainwright, Adam",425794,2020,262
"Peña, Félix",570240,2020,115
"Allen, Cody",592102,2017,282
"Turner, Jacob",545363,2016,122
"Lyons, Tyler",544928,2016,187
"Guerrieri, Taylor",605260,2019,123
"Phelps, David",475479,2017,238
"Nova, Iván",467100,2015,413
"Fiers, Mike",571666,2015,761
"Klein, Phil",607309,2015,86
"Leclerc, José",600917,2016,66
"Lobstein, Kyle",543456,2015,280
"Lucas, Josh",572998,2018,66
"Kluber, Corey",446372,2017,777
"Buehrle, Mark",279824,2015,827
"Graveman, Kendall",608665,2016,785
"Underwood Jr., Duane",621249,2020,88
"Gant, John",607231,2020,61
"Miller, Andrew",453192,2018,154
"Pomeranz, Drew",519141,2018,344
"Lackey, John",407793,2017,731
"Gregerson, Luke",502381,2015,239
"Lawrence, Casey",596271,2018,106
"Jaye, Myles",594867,2017,71
"Crockett, Kyle",641490,2015,74
"Duensing, Brian",488846,2016,55
"Musgrave, Harrison",643466,2019,47
"Nova, Iván",467100,2018,683
"Straily, Dan",573185,2015,76
"Edgin, Josh",572831,2016,45
"Yarbrough, Ryan",642232,2020,234
"Osich, Josh",592612,2015,120
"Smith, Carson",605476,2018,64
"Gray, Jon",592351,2018,742
"deGrom, Jacob",594798,2017,827
"Olson, Tyler",621397,2015,65
"Hill, Tim",657612,2020,79
"Williams, Trevor",592866,2016,61
"Neris, Héctor",593576,2019,275
"Diekman, Jake",518617,2018,243
"Márquez, Germán",608566,2018,815
"DeSclafani, Anthony",543101,2019,696
"Tazawa, Junichi",547749,2017,238
"Lorenzen, Michael",547179,2017,361
"Gearrin, Cory",518715,2017,285
"Helsley, Ryan",664854,2020,52
"García, Jarlín",606424,2019,206
"Dyson, Sam",473879,2018,273
"Guerra, Junior",448855,2020,103
"Pinto, Ricardo",620982,2017,146
"McGuire, Deck",592547,2017,56
"Nola, Aaron",605400,2017,693
"Lyles, Jordan",543475,2015,212
"Jenkins, Tyrell",592433,2016,237
"Duffy, Danny",518633,2016,731
"Webb, Logan",657277,2020,246
"Hessler, Keith",594857,2015,57
"Gaviglio, Sam",543208,2017,313
"Pagán, Emilio",641941,2017,196
"Nicasio, Juan",504379,2016,513
"Sulser, Cole",642121,2020,100
"Collmenter, Josh",518567,2017,87
"Law, Derek",571882,2017,168
"Oberg, Scott",623184,2019,223
"Detwiler, Ross",446321,2015,288
"Pelfrey, Mike",460059,2015,714
"Boxberger, Brad",502202,2020,79
"Finnegan, Brandon",605232,2018,103
"Stanek, Ryne",592773,2018,263
"Benoit, Joaquín",276542,2015,254
"Scahill, Rob",543746,2017,97
"Hembree, Heath",592390,2017,271
"Whitley, Chase",595032,2016,61
"Gausman, Kevin",592332,2019,451
"Stroman, Marcus",573186,2016,854
"Brewer, Colten",605155,2020,122
"Díaz, Jairo",545064,2015,78
"Parker, Blake",453284,2019,255
"Holland, Derek",502706,2017,626
"Curtis, Zac",657205,2016,67
"Tomlin, Josh",458708,2019,320
"Delgado, Randall",517414,2018,51
"Duffey, Tyler",608648,2020,92
"Cessa, Luis",570666,2019,343
"Cook, Ryan",475857,2018,76
"Villanueva, Carlos",453646,2016,321
"Busenitz, Alan",641427,2018,126
"Gorzelanny, Tom",452733,2015,181
"Beeks, Jalen",656222,2019,464
"Carpenter, Ryan",543001,2019,197
"Brice, Austin",592169,2018,162
"Musgrove, Joe",605397,2018,486
"Duke, Zach",435043,2015,254
"Owens, Henry",596064,2016,103
"Davis, Rookie",606959,2019,51
"Sandoval, Patrick",663776,2019,169
"Bard, Luke",572703,2019,199
"Price, David",456034,2015,888
"Treinen, Blake",595014,2019,266
"Riefenhauser, C.J.",592677,2015,62
"Moore, Matt",519043,2019,33
"Boyd, Matthew",571510,2018,709
"Dayton, Grant",594795,2017,102
"Detwiler, Ross",446321,2016,220
"Gray, Jon",592351,2020,174
"Kelly, Joe",523260,2019,226
"O'Sullivan, Sean",457711,2016,98
"Stratton, Chris",608717,2017,256
"Leone, Dominic",608678,2015,74
"Lorenzen, Michael",547179,2018,344
"De La Rosa, Rubby",523989,2016,222
"Duffey, Tyler",608648,2019,238
"Loup, Aaron",571901,2017,265
"Duffy, Danny",518633,2015,588
"Hatcher, Chris",501822,2016,181
"Godley, Zack",643327,2019,407
"Sale, Chris",519242,2018,617
"Holland, Derek",502706,2020,179
"Middleton, Keynan",641871,2020,53
"Kontos, George",502004,2017,278
"Foltynewicz, Mike",592314,2016,525
"Hader, Josh",623352,2020,78
"Biddle, Jesse",592145,2019,152
"Castro, Miguel",612434,2018,376
"Young, Alex",622065,2020,204
"Grilli, Jason",276351,2017,184
"Puk, A.J.",640462,2019,47
"Faria, Jake",607188,2019,95
"Robertson, David",502085,2015,250
"Hughes, Phil",461833,2016,259
"Hessler, Keith",594857,2016,103
"Thornburg, Tyler",592804,2015,151
"Almonte, Yency",622075,2019,157
"Lively, Ben",594902,2018,145
"Warren, Adam",476589,2017,223
"Mazzaro, Vin",476570,2015,55
"Barrett, Jake",545332,2017,121
"Adams, Austin",542866,2016,88
"Minor, Mike",501985,2019,863
"Bracho, Silvino",611093,2018,129
"Morin, Mike",573046,2016,227
"Jackson, Edwin",429719,2016,373
"Davies, Zach",605200,2016,682
"Ray, Robbie",592662,2017,665
"Bauer, Trevor",545333,2019,911
"Miller, Shelby",571946,2019,220
"Feliz, Michael",593140,2018,217
"Yardley, Eric",642233,2020,97
"Melancon, Mark",453343,2015,293
"Méndez, Yohander",622795,2017,52
"Montero, Rafael",606160,2020,72
"Vázquez, Felipe",553878,2019,236
"Jurado, Ariel",642558,2018,241
"Boshers, Buddy",542953,2017,153
"Cease, Dylan",656302,2019,326
"Taillon, Jameson",592791,2016,418
"Erlin, Robbie",572362,2020,122
"Harper, Ryne",607560,2020,110
"James, Josh",657624,2018,91
"Davies, Zach",605200,2018,280
"Ross, Joe",605452,2016,447
"Vargas, Jason",450306,2015,183
"Stanek, Ryne",592773,2019,327
"Hill, Cam",657611,2020,72
"Venditte, Pat",519381,2016,102
"Venditte, Pat",519381,2016,102
"Chacín, Jhoulys",468504,2017,765
"Butler, Eddie",572750,2015,370
"Despaigne, Odrisamer",628333,2015,548
"Bauer, Trevor",545333,2016,811
"Zeuch, T.J.",643615,2020,47
"Overton, Dillon",592614,2016,128
"Gregerson, Luke",502381,2017,263
"Ranaudo, Anthony",519168,2016,151
"López, Reynaldo",625643,2016,200
"Buehler, Walker",621111,2019,737
"Familia, Jeurys",544727,2018,302
"Belisle, Matt",279571,2017,247
"Wright, Kyle",657140,2020,168
"Mujica, Edward",465629,2015,194
"Therrien, Jesen",592279,2017,86
"Fedde, Erick",607200,2019,334
"Cueto, Johnny",456501,2019,67
"Castro, Miguel",612434,2017,274
"Lewis, Colby",407890,2015,859
"Barraclough, Kyle",607457,2016,306
"Smith, Caleb",592761,2020,60
"Lamb, John",543424,2018,50
"Conley, Adam",543045,2018,202
"Bowman, Matt",621199,2017,247
"Ryu, Hyun Jin",547943,2017,541
"Neal, Zach",594943,2016,281
"Adams, Austin",542866,2015,149
"Schultz, Bo",544759,2015,173
"Sabathia, CC",282332,2019,468
"Lorenzen, Michael",547179,2019,343
"Blevins, Jerry",460283,2019,141
"Kintzler, Brandon",445213,2018,263
"Lugo, Seth",607625,2016,260
"Diekman, Jake",518617,2015,260
"Brach, Brad",542960,2015,324
"Workman, Brandon",519443,2019,286
"Dull, Ryan",623430,2017,177
"Moylan, Peter",493247,2015,44
"Moscot, Jon",621209,2016,104
"Eflin, Zach",621107,2019,705
"Osuna, Roberto",532077,2018,150
"Lowe, Mark",450275,2016,224
"Eflin, Zach",621107,2016,272
"Cabrera, Génesis",650893,2020,96
"Melancon, Mark",453343,2020,95
"López, Javier",425657,2016,118
"Williams, Taylor",592865,2019,73
"Estrada, Marco",462136,2018,627
"Lugo, Seth",607625,2019,314
"Pineda, Michael",501381,2019,600
"Martin, Brett",656685,2019,280
"Goody, Nick",580792,2019,172
"López, Jorge",605347,2018,234
"Tepera, Ryan",572193,2020,89
"Sipp, Tony",448609,2017,165
"Lamet, Dinelson",659275,2020,267
"De León, José",592254,2016,80
"Mills, Alec",621219,2020,252
"Balester, Collin",444446,2015,77
"Rondón, Bruce",541652,2015,145
"Wright, Steven",453214,2018,223
"Despaigne, Odrisamer",628333,2018,188
"Nuño, Vidal",573064,2015,376
"Germen, Gonzalez",542674,2015,176
"Pruitt, Austin",643493,2019,193
"Duffey, Tyler",608648,2015,242
"Goody, Nick",580792,2017,221
"Copeland, Scott",571577,2015,69
"Richard, Clayton",453385,2015,181
"McFarland, T.J.",519008,2017,241
"Jepsen, Kevin",448178,2015,285
"Kremer, Dean",665152,2020,83
"Velasquez, Vince",592826,2016,551
"Cishek, Steve",518553,2017,174
"May, Dustin",669160,2020,224
"Armstrong, Shawn",542888,2016,44
"Barria, Jaime",642545,2019,365
"Pérez, Martín",527048,2019,737
"Morgan, Adam",605388,2017,229
"Gott, Trevor",641627,2018,84
"Gausman, Kevin",592332,2017,816
"Koehler, Tom",543408,2015,800
"Tillman, Chris",501957,2015,740
"Gomes, Brandon",460156,2015,245
"Kelly, Merrill",518876,2020,125
"Montgomery, Jordan",656756,2020,193
"Sherfy, James",642073,2017,37
"Rogers, Tyler",643511,2019,71
"Lester, Jon",452657,2019,764
"Cimber, Adam",643256,2018,284
"McCarthy, Kevin",641838,2018,293
"Keuchel, Dallas",572971,2015,911
"Garcia, Luis",677651,2020,49
"Hess, David",605276,2019,365
"Vargas, César",570714,2016,154
"Murray, Colton",605396,2016,141
"Rodríguez, Richard",593144,2019,285
"May, Trevor",543507,2018,103
"Richards, Garrett",572070,2017,108
"Flynn, Brian",543169,2016,221
"Walden, Marcus",519393,2018,59
"Gallardo, Yovani",451596,2015,793
"Norris, Daniel",596057,2015,251
"Rodríguez, Joely",570257,2017,134
"Reed, Cody",642003,2017,79
"Soto, Gregory",642397,2019,276
"Happ, J.A.",457918,2017,626
"Romo, Sergio",489265,2019,249
"Nicasio, Juan",504379,2017,290
"Finnegan, Brandon",605232,2015,197
"Castillo, Luis",622491,2017,359
"Kershaw, Clayton",477132,2017,678
"McCarthy, Brandon",435221,2015,94
"Minaya, Juan",573668,2016,47
"Romo, Sergio",489265,2016,117
"Stewart, Brock",592779,2018,90
"Snell, Blake",605483,2017,547
"Martinez, Carlos",593372,2016,809
"Liberatore, Adam",571893,2015,122
"Carrasco, Carlos",471911,2016,599
"Archer, Chris",502042,2018,638
"Miley, Wade",489119,2017,728
"Wieck, Brad",623364,2019,148
"Festa, Matt",670036,2019,101
"Strop, Pedro",467008,2016,187
"Burnes, Corbin",669203,2019,235
"Fields, Josh",451661,2015,209
"Gray, Sonny",543243,2015,831
"Goeddel, Erik",592340,2017,122
"Anderson, Brett",474463,2016,62
"Rodriguez, Jefry",622446,2018,233
"Rea, Colin",607067,2016,453
"Jiménez, Ubaldo",434622,2016,637
"Rainey, Tanner",663432,2020,75
"Pannone, Thomas",623381,2019,325
"Morgan, Adam",605388,2019,120
"Garza, Matt",490063,2016,461
"Scahill, Rob",543746,2015,142
"Mikolas, Miles",571945,2018,808
"Gibson, Kyle",502043,2016,653
"Voth, Austin",608723,2019,174
"Harvey, Joe",642840,2019,84
"Urquidy, José",664353,2020,116
"Fillmyer, Heath",641571,2019,109
"Bush, Matt",456713,2017,240
"Sánchez, Aníbal",434671,2020,245
"Thorpe, Lewis",626929,2019,124
"Irvin, Cole",608344,2019,181
"Otero, Dan",519096,2015,204
"Ramirez, Noé",598287,2020,85
"Crichton, Stefan",592233,2020,109
"Gant, John",607231,2017,76
"Shreve, Chasen",592741,2018,235
"Scott, Tanner",656945,2020,86
"Goeddel, Erik",592340,2016,157
"Banuelos, Manny",544365,2019,235
"Darvish, Yu",506433,2020,297
"Bellatti, Andrew",571479,2015,95
"Kelly, Merrill",518876,2019,777
"Young, Alex",622065,2019,349
"Johnson, DJ",597113,2019,116
"Bergen, Travis",664157,2019,85
"Blazek, Michael",518468,2015,222
"Flande, Yohan",456071,2015,296
"Odorizzi, Jake",543606,2016,773
"Worley, Vance",474699,2016,364
"Feldman, Scott",444857,2017,472
"Tropeano, Nick",607374,2015,161
"Buchholz, Clay",453329,2018,393
"Kela, Keone",605309,2015,243
"Boxberger, Brad",502202,2018,235
"Báez, Pedro",520980,2017,280
"Tuivailala, Sam",592815,2017,171
"Taylor, Ben",664701,2017,80
"Coleman, Louis",488786,2018,217
"Walker, Taijuan",592836,2017,683
"Sale, Chris",519242,2016,907
"Wisler, Matt",605538,2017,153
"Stewart, Kohl",640464,2019,109
"Chen, Wei-Yin",612672,2015,792
"Tonkin, Michael",543859,2016,315
"Carpenter, David",502304,2015,107
"Covey, Dylan",592229,2017,309
"Gamboa, Eddie",543195,2016,54
"Maton, Phil",664208,2019,163
"Escobar, Edwin",546276,2016,116
"McGuire, Deck",592547,2018,177
"Musgrave, Harrison",643466,2018,185
"Gray, Sonny",543243,2016,516
"Lobstein, Kyle",543456,2016,110
"Madson, Ryan",425492,2018,231
"Boyer, Blaine",430641,2017,178
"Bassitt, Chris",605135,2019,612
"Herrera, Kelvin",516969,2018,184
"McFarland, T.J.",519008,2018,292
"Sims, Lucas",608371,2017,255
"Wright Jr., Mike",605541,2017,109
"O'Rourke, Ryan",594951,2015,97
"Fry, Paul",643316,2019,255
"Soria, Joakim",465657,2018,255
"Greene, Shane",572888,2017,283
"Gee, Dillon",518716,2015,183
"Pounders, Brooks",572044,2016,58
"Kela, Keone",605309,2019,119
"Gagnon, Drew",543193,2018,56
"González, Chi Chi",592346,2015,280
"Morton, Charlie",450203,2020,170
"Cisnero, José",542585,2020,123
"Hammel, Jason",434628,2018,582
"Borucki, Ryan",621366,2018,415
"Porcello, Rick",519144,2015,737
"Miller, Shelby",571946,2015,860
"Jiménez, Ubaldo",434622,2015,791
"Ramírez, Neil",519166,2018,180
"Berríos, José",621244,2018,797
"Maeda, Kenta",628317,2016,716
"Perdomo, Luis",606131,2018,217
"Báez, Pedro",520980,2015,208
"Gómez, Jeanmar",491646,2017,100
"Wolf, Randy",150116,2015,161
"Morton, Charlie",450203,2016,71
"Severino, Luis",622663,2019,48
"Peralta, Wily",503449,2018,149
"Kershaw, Clayton",477132,2018,649
"Sabathia, CC",282332,2015,726
"Espino, Paolo",502179,2017,109
"Kimbrel, Craig",518886,2020,69
"Motte, Jason",435400,2015,206
"Richards, Garrett",572070,2016,148
"Brault, Steven",643230,2016,166
"Chargois, JT",608638,2018,135
"Goody, Nick",580792,2018,58
"Schultz, Jaime",621289,2018,125
"Sanchez, Aaron",592717,2016,790
"Taillon, Jameson",592791,2018,785
"VerHagen, Drew",572403,2018,233
"Barraclough, Kyle",607457,2017,286
"Vincent, Nick",543883,2020,92
"Harris, Will",501789,2018,230
"Peralta, Wandy",593974,2017,263
"Estrada, Marco",462136,2016,723
"Alexander, Scott",518397,2020,52
"García, Yimi",554340,2019,247
"Miley, Wade",489119,2019,720
"Yates, Kirby",489446,2019,243
"Neris, Héctor",593576,2018,203
"Montgomery, Jordan",656756,2017,649
"Brice, Austin",592169,2016,59
"Hembree, Heath",592390,2019,173
"Cobb, Alex",502171,2018,661
"Logan, Boone",457429,2015,168
"Cosart, Jarred",543054,2016,268
"López, Reynaldo",625643,2020,121
"Leon, Arnold",504186,2015,115
"Mahle, Tyler",641816,2018,506
"Butler, Eddie",572750,2018,228
"Scherzer, Max",453286,2015,899
"Wick, Rowan",592858,2019,140
"Zych, Tony",543964,2015,76
"Vizcaíno, Arodys",527055,2015,139
"Romero, Enny",544836,2015,140
"Kensing, Logan",434137,2015,64
"Kolarek, Adam",592473,2019,229
"Tepera, Ryan",572193,2018,263
"Lester, Jon",452657,2020,265
"Pressly, Ryan",519151,2017,252
"Wheeler, Zack",554430,2017,386
"Hutchison, Drew",571800,2015,664
"Esch, Jake",605222,2016,59
"Brach, Brad",542960,2019,242
"Strasburg, Stephen",544931,2018,544
"Cole, A.J.",595918,2017,230
"Nicolino, Justin",592593,2017,229
"Gibson, Kyle",502043,2015,821
"Olson, Tyler",621397,2017,77
"Watson, Tony",453265,2019,231
"García, Yimi",554340,2018,101
"Swarzak, Anthony",461872,2015,61
"Pérez, Martín",527048,2016,855
"Putnam, Zach",474029,2015,212
"Alcántara, Victor",622505,2019,182
"Mayza, Tim",641835,2019,227
"Morton, Charlie",450203,2017,617
"Junis, Jakob",596001,2017,422
"Chavez, Jesse",445926,2016,282
"Lewicki, Artie",592499,2017,52
"Brasier, Ryan",518489,2020,110
"Armstrong, Shawn",542888,2019,271
"Morin, Mike",573046,2017,93
"Wilson, Alex",543935,2019,57
"Scribner, Troy",644428,2017,99
"Palumbo, Joe",643478,2019,81
"Wilson, C.J.",450351,2015,553
"Musgrove, Joe",605397,2016,256
"Milner, Hoby",571948,2017,139
"Uehara, Koji",493157,2016,184
"Price, David",456034,2019,458
"Mariñez, Jhan",501697,2017,262
"Leone, Dominic",608678,2017,279
"Fien, Casey",502272,2016,169
"May, Trevor",543507,2019,266
"Farmer, Buck",571656,2017,219
"Greinke, Zack",425844,2017,801
"Pomeranz, Drew",519141,2016,703
"Albers, Andrew",452027,2017,177
"Tropeano, Nick",607374,2019,66
"Stock, Robert",476594,2019,56
"Davies, Zach",605200,2017,817
"Godley, Zack",643327,2017,627
"Workman, Brandon",519443,2017,163
"Martin, Chris",455119,2019,216
"Ray, Robbie",592662,2018,526
"Kahnle, Tommy",592454,2017,256
"deGrom, Jacob",594798,2015,751
"Ottavino, Adam",493603,2015,35
"Severino, Luis",622663,2016,312
"Hader, Josh",623352,2017,188
"Thomas, Ian",621962,2015,97
"Hamels, Cole",430935,2017,614
"McHugh, Collin",543521,2015,859
"Law, Derek",571882,2016,214
"Corbin, Patrick",571578,2020,295
"Wood, Alex",622072,2020,65
"Peters, Dillon",596071,2017,139
"Bedrosian, Cam",592135,2015,156
"Grotz, Zac",665093,2019,73
"Nolasco, Ricky",445060,2016,817
"López, Javier",425657,2015,147
"Bleier, Richard",542947,2017,265
"McFarland, T.J.",519008,2020,92
"Ramirez, Noé",598287,2019,280
"Claudio, Alex",592222,2018,299
"Chapman, Aroldis",547973,2019,235
"Fields, Josh",451661,2018,154
"Saupold, Warwick",599683,2017,280
"Benoit, Joaquín",276542,2017,213
"Widener, Taylor",642203,2020,88
"Jansen, Kenley",445276,2019,263
"McGee, Jake",459429,2019,180
"Zimmer, Kyle",622092,2019,102
"Doolittle, Sean",448281,2019,260
"García, Edgar",658305,2019,172
"Minter, A.J.",621345,2019,147
"Quintana, Jose",500779,2018,739
"Black, Ray",605143,2018,95
"Minor, Mike",501985,2018,640
"Sampson, Keyvius",572102,2015,251
"Otero, Dan",519096,2016,269
"Hernández, Darwinzon",650382,2019,147
"Melville, Tim",543532,2019,143
"Odorizzi, Jake",543606,2017,603
"Hudson, Daniel",543339,2017,271
"Santiago, Héctor",502327,2017,311
"Wheeler, Zack",554430,2020,288
"Banda, Anthony",607455,2017,115
"Ramirez, Noé",598287,2015,61
"Vargas, Jason",450306,2016,47
"Carrasco, Carlos",471911,2019,341
"LeBlanc, Wade",453281,2018,662
"Bettis, Chad",518452,2018,518
"Hughes, Jared",453172,2020,109
"Drake, Oliver",543118,2015,72
"Fried, Max",608331,2018,142
"Crick, Kyle",605195,2018,255
"Kennedy, Ian",453178,2018,518
"Pérez, Martín",527048,2015,338
"McCarthy, Brandon",435221,2016,171
"Fry, Paul",643316,2018,159
"Hughes, Jared",453172,2018,298
"Boyer, Blaine",430641,2015,268
"Ryan, Kyle",594986,2016,226
"Stashak, Cody",664054,2020,57
"Cloyd, Tyler",543031,2018,87
"Eovaldi, Nathan",543135,2020,199
"Morris, Akeel",592570,2018,65
"Syndergaard, Noah",592789,2015,603
"Holland, Derek",502706,2016,461
"Boxberger, Brad",502202,2017,121
"Kelley, Shawn",518875,2019,205
"Despaigne, Odrisamer",628333,2019,68
"Gonsolin, Tony",664062,2019,163
"Mitchell, Bryan",571951,2018,337
"Flynn, Brian",543169,2018,336
"Hammel, Jason",434628,2015,710
"Chafin, Andrew",605177,2019,225
"Heaney, Andrew",571760,2019,409
"Guerra, Junior",448855,2019,344
"Nesbitt, Angel",553970,2015,98
"Kiekhefer, Dean",518883,2016,98
"Rasmus, Cory",474284,2016,114
"Wojciechowski, Asher",592879,2019,361
"Pérez, Oliver",424144,2016,182
"Black, Ray",605143,2019,70
"Norris, Daniel",596057,2019,610
"Hill, Rich",448179,2018,547
"Watson, Tony",453265,2016,272
"Arrieta, Jake",453562,2020,190
"Buehler, Walker",621111,2020,147
"Hernández, Félix",433587,2019,325
"Kay, Anthony",641743,2019,63
"Kittredge, Andrew",552640,2017,66
"Casilla, Santiago",433586,2015,244
"Carroll, Scott",453222,2015,162
"García, Jaime",448802,2018,369
"Kelley, Shawn",518875,2016,224
"Bracho, Silvino",611093,2017,87
"Freeland, Kyle",607536,2019,472
"Paredes, Eduardo",622161,2017,92
"Snell, Blake",605483,2019,441
"Cravy, Tyler",572788,2016,116
"Leake, Mike",502190,2019,835
"Happ, J.A.",457918,2019,678
"Soroka, Michael",647336,2020,57
"Hochevar, Luke",460024,2015,214
"Smith, Will",519293,2015,264
"Detwiler, Ross",446321,2019,315
"Reed, Cody",642003,2018,188
"Albers, Matt",458006,2015,149
"Milone, Tommy",543548,2019,453
"Petit, Yusmeiro",433589,2018,368
"Gray, Sonny",543243,2017,678
"Graveman, Kendall",608665,2017,444
"Johnson, Jim",462382,2016,266
"Hudson, Dakota",641712,2019,757
"Ramírez, Erasmo",541640,2018,202
"Burnes, Corbin",669203,2018,152
"Corbin, Patrick",571578,2018,800
"Lyons, Tyler",544928,2017,220
"Zych, Tony",543964,2017,173
"Peralta, Wily",503449,2016,554
"Heaney, Andrew",571760,2020,279
"Johnson, Steve",489002,2016,75
"Taylor, Josh",657031,2019,195
"Kimbrel, Craig",518886,2018,247
"Wright Jr., Mike",605541,2016,328
"Nelson, Jimmy",519076,2016,807
"Cobb, Alex",502171,2020,226
"Finnegan, Brandon",605232,2017,59
"Hammer, JD",670456,2019,82
"Quintana, Jose",500779,2020,41
"Teheran, Julio",527054,2018,724
"Vincent, Nick",543883,2019,194
"Moore, Matt",519043,2015,278
"Scribner, Evan",519267,2016,49
"Stewart, Brock",592779,2017,147
"Winkler, Dan",595465,2017,53
"Hardy, Blaine",543278,2019,182
"Kickham, Mike",592464,2020,70
"Chacín, Jhoulys",468504,2018,796
"Anderson, Brett",474463,2019,743
"Jackson, Edwin",429719,2018,381
"Clippard, Tyler",461325,2020,98
"Yardley, Eric",642233,2019,52
"Hill, Rich",448179,2016,439
"Claudio, Alex",592222,2016,217
"Brice, Austin",592169,2020,87
"De La Rosa, Rubby",523989,2015,809
"Anderson, Chase",502624,2016,647
"Anderson, Chase",502624,2020,154
"Díaz, Dayan",500765,2017,58
"Affeldt, Jeremy",346793,2015,163
"López, Pablo",641154,2019,469
"Shaw, Bryan",543766,2018,257
"Jackson, Luke",592426,2017,224
"Axford, John",446099,2018,233
"Osich, Josh",592612,2018,61
"Farrell, Luke",608652,2017,61
"Morris, Bryan",457768,2017,94
"Lovelady, Richard",663992,2019,96
"Vincent, Nick",543883,2018,238
"Adam, Jason",592094,2019,91
"Keller, Brad",641745,2018,583
"Ziegler, Brad",446899,2017,211
"Gray, Jon",592351,2019,637
"Gallegos, Giovanny",606149,2019,279
"Sherfy, James",642073,2018,69
"Happ, J.A.",457918,2015,717
"Syndergaard, Noah",592789,2016,744
"Smoker, Josh",519294,2016,65
"Estrada, Marco",462136,2015,724
"Smith, Will",519293,2020,62
"Wright, Steven",453214,2015,310
"Villanueva, Carlos",453646,2015,250
"Loup, Aaron",571901,2016,62
"Blach, Ty",621389,2019,139
"Hale, David",571735,2019,157
"Bashlor, Tyler",641341,2018,135
"Bibens-Dirkx, Austin",502212,2017,299
"Mayza, Tim",641835,2017,79
"Ginkel, Kevin",656464,2020,79
"Cole, Gerrit",543037,2016,506
"Storen, Drew",519322,2016,228
"Ross Jr., Robbie",543726,2016,238
"Bundy, Dylan",605164,2018,750
"Reyes, Gerardo",622103,2019,117
"Milone, Tommy",543548,2020,181
"Manaea, Sean",640455,2018,654
"Bolsinger, Mike",502211,2017,196
"Rea, Colin",607067,2015,133
"Redmond, Todd",445170,2015,72
"Weems, Jordan",607179,2020,58
"Jurado, Ariel",642558,2019,541
"Ross, Tyson",475115,2018,634
"Pérez, Martín",527048,2020,262
"Mariot, Michael",592527,2016,95
"Ureña, José",570632,2018,712
"Howell, J.P.",434442,2016,220
"Benjamin, Wes",605138,2020,98
"Almonte, Yency",622075,2018,60
"Gee, Dillon",518716,2017,212
"Duensing, Brian",488846,2017,257
"Wood, Alex",622072,2018,637
"Rogers, Trevor",669432,2020,130
"Coulombe, Danny",543056,2015,72
"Williams, Taylor",592865,2020,67
"Lorenzen, Michael",547179,2016,202
"Dowdy, Kyle",664871,2019,110
"O'Day, Darren",503285,2018,82
"Kuhl, Chad",641771,2017,680
"Robertson, David",502085,2017,264
"Familia, Jeurys",544727,2015,308
"Carrasco, Carlos",471911,2015,730
"Jiménez, Joe",641729,2019,257
"Cecil, Brett",446399,2018,157
"Matz, Steven",571927,2016,547
"Castillo, Diego",650895,2018,222
"Smith, Burch",572143,2019,106
"Ramírez, Yefry",606162,2019,119
"Richard, Clayton",453385,2018,682
"Brault, Steven",643230,2018,414
"Sadler, Casey",594987,2019,194
"Britton, Zack",502154,2018,170
"Dull, Ryan",623430,2016,290
"Holder, Jonathan",656547,2017,171
"Sparkman, Glenn",642098,2019,606
"García, Luis",472610,2017,295
"Rodney, Fernando",407845,2015,277
"Selman, Sam",572125,2020,82
"Santana, Ervin",429722,2019,64
"Koehler, Tom",543408,2017,334
"Guerra, Deolis",500610,2017,105
"Ellington, Brian",623395,2015,105
"Erlin, Robbie",572362,2016,58
"Grace, Matt",594840,2019,206
"Lester, Jon",452657,2017,763
"Mateo, Marcos",456496,2015,113
"Pérez, Oliver",424144,2020,72
"Senzatela, Antonio",622608,2018,391
"Rasmussen, Rob",519169,2015,79
"Schreiber, John",670167,2020,70
"Hembree, Heath",592390,2020,90
"Soto, Gregory",642397,2020,98
"Cimber, Adam",643256,2020,49
"Rodríguez, Francisco",408061,2015,216
"Swarzak, Anthony",461872,2016,124
"Leone, Dominic",608678,2016,131
"Neshek, Pat",450212,2017,235
"Romero, Enny",544836,2017,245
"Bettis, Chad",518452,2015,502
"Arano, Víctor",644364,2017,42
"Aardsma, David",430911,2015,128
"Moscot, Jon",621209,2015,50
"Littell, Zack",641793,2019,146
"Garrett, Amir",607237,2017,321
"Jepsen, Kevin",448178,2016,224
"Maton, Phil",664208,2020,96
"Tepera, Ryan",572193,2019,91
"Tuivailala, Sam",592815,2018,165
"Suter, Brent",608718,2020,129
"Iglesias, Raisel",628452,2020,91
"Robles, Hansel",570663,2017,247
"O'Flaherty, Eric",447714,2015,159
"Leclerc, José",600917,2019,299
"Graterol, Brusdar",660813,2020,88
"Siegrist, Kevin",543779,2017,172
"Sneed, Cy",605482,2019,93
"Price, David",456034,2016,951
"Samardzija, Jeff",502188,2020,77
"Happ, J.A.",457918,2018,732
"Brault, Steven",643230,2020,178
"McGee, Jake",459429,2017,229
"Brady, Michael",572728,2017,136
"Pazos, James",572021,2019,39
"Bashlor, Tyler",641341,2019,103
"Gregerson, Luke",502381,2016,230
"Morrow, Brandon",453344,2016,68
"Domínguez, José",523848,2016,155
"Rogers, Josh",642028,2018,56
"Estrada, Marco",462136,2017,806
"Morin, Mike",573046,2015,151
"Pivetta, Nick",601713,2019,421
"Buchter, Ryan",488748,2018,163
"Strickland, Hunter",519326,2015,191
"Teheran, Julio",527054,2020,149
"Crick, Kyle",605195,2019,226
"Peralta, Joel",407908,2016,119
"Klein, Phil",607309,2016,86
"Barnes, Matt",598264,2019,285
"Middleton, Keynan",641871,2018,71
"Frasor, Jason",430630,2015,124
"Jackson, Luke",592426,2020,132
"Cingrani, Tony",571561,2018,95
"Alexander, Scott",518397,2017,284
"Morales, Franklin",462985,2015,258
"Breslow, Craig",444520,2015,280
"Chacín, Jhoulys",468504,2016,632
"Snell, Blake",605483,2016,401
"Moylan, Peter",493247,2016,191
"Stammen, Craig",489334,2020,105
"Mejía, Adalberto",606167,2018,92
"Ziegler, Brad",446899,2015,262
"Fry, Jace",605240,2020,83
"Rodriguez, Eduardo",593958,2019,859
"Zimmermann, Jordan",519455,2018,556
"Young, Chris",432934,2015,500
"Reed, Addison",592665,2016,304
"Beliveau, Jeff",542924,2017,70
"Márquez, Germán",608566,2019,721
"Albers, Matt",458006,2019,258
"Diekman, Jake",518617,2016,221
"Shreve, Chasen",592741,2016,142
"Germán, Domingo",593334,2019,594
"Bastardo, Antonio",455374,2016,297
"Moronta, Reyes",606625,2018,262
"Middleton, Keynan",641871,2017,246
"Verlander, Justin",434378,2015,535
"May, Trevor",543507,2020,96
"Canning, Griffin",656288,2019,384
"Wood, Alex",622072,2019,153
"Rusin, Chris",543734,2015,594
"Kikuchi, Yusei",579328,2020,194
"Stroman, Marcus",573186,2015,103
"Petit, Yusmeiro",433589,2019,308
"Patiño, Luis",672715,2020,85
"Urías, Julio",628711,2019,326
"Lincecum, Tim",453311,2016,200
"Alvarez, Jose",501625,2019,255
"Suero, Wander",593833,2019,296
"Gonzales, Marco",594835,2018,686
"Wilhelmsen, Tom",452666,2015,266
"Hursh, Jason",592422,2017,47
"Biagini, Joe",607352,2016,295
"Neris, Héctor",593576,2020,103
"Brigham, Jeff",656257,2019,161
"Marimon, Sugar Ray",516970,2015,117
"Yamamoto, Jordan",657141,2019,325
"García, Jarlín",606424,2018,278
"Miller, Shelby",571946,2016,460
"Kintzler, Brandon",445213,2020,101
"Báez, Pedro",520980,2016,294
"Rosscup, Zac",573127,2019,94
"Ravin, Josh",502051,2017,71
"Achter, A.J.",592091,2015,58
"Lyons, Tyler",544928,2015,255
"Romero, Enny",544836,2016,204
"Fister, Doug",450729,2016,778
"Salas, Fernando",477569,2016,293
"Ottavino, Adam",493603,2020,85
"Rogers, Tyler",643511,2020,123
"Hildenberger, Trevor",657610,2018,319
"López, Reynaldo",625643,2017,207
"Brewer, Colten",605155,2019,252
"Fleming, Josh",676596,2020,130
"Santos, Luis",608601,2017,68
"Volstad, Chris",458690,2017,76
"Wagner, Tyler",621281,2015,67
"Kingham, Nick",592468,2019,259
"Smith, Will",519293,2019,257
"Newberry, Jake",623470,2019,137
"Tomlin, Josh",458708,2015,251
"Davies, Zach",605200,2019,672
"Hernandez, Roberto",433584,2015,357
"Dunn, Mike",445197,2015,235
"Drake, Oliver",543118,2017,251
"Wilson, Alex",543935,2016,297
"Okert, Steven",595345,2017,118
"Brach, Brad",542960,2017,275
"Montgomery, Mike",543557,2017,540
"Ross, Joe",605452,2015,314
"Peavy, Jake",408241,2015,448
"Morrow, Brandon",453344,2017,170
"Wisler, Matt",605538,2018,166
"Pineda, Michael",501381,2015,668
"Junis, Jakob",596001,2020,114
"Suter, Brent",608718,2016,91
"Sparkman, Glenn",642098,2018,176
"Smith, Caleb",592761,2018,326
"Nolasco, Ricky",445060,2017,786
"Shields, James",448306,2016,821
"Nelson, Nick",656793,2020,90
"Sanchez, Aaron",592717,2019,605
"Pounders, Brooks",572044,2018,72
"Scherzer, Max",453286,2017,779
"Sale, Chris",519242,2017,851
"Hudson, Daniel",543339,2016,268
"Newberry, Jake",623470,2020,94
"Soria, Joakim",465657,2020,96
"Clase, Emmanuel",661403,2019,94
"De Los Santos, Enyel",660853,2018,81
"Hatcher, Chris",501822,2017,257
"Bettis, Chad",518452,2017,200
"Faria, Jake",607188,2017,357
"Anderson, Chase",502624,2015,640
"Ramos, Cesár",459987,2016,212
"Garton, Ryan",623439,2017,90
"Pomeranz, Drew",519141,2019,455
"Keuchel, Dallas",572971,2018,874
"Badenhop, Burke",488674,2015,285
"Rodney, Fernando",407845,2019,210
"Scherzer, Max",453286,2018,866
"Bell, Chad",518445,2017,293
"Valdez, César",491624,2020,53
"Hoffman, Jeff",656546,2019,315
"Cole, Gerrit",543037,2019,817
"Norwood, James",656803,2018,54
"Díaz, Miguel",622766,2018,85
"Kontos, George",502004,2015,284
"Anderson, Shaun",641312,2019,427
"Yarbrough, Ryan",642232,2018,628
"Fry, Jace",605240,2019,251
"Guerra, Javy",457915,2018,162
"Hernández, Elieser",622694,2018,284
"McCullers Jr., Lance",621121,2016,352
"Boxberger, Brad",502202,2019,122
"Maeda, Kenta",628317,2020,248
"May, Trevor",543507,2016,187
"Hathaway, Steve",643355,2016,65
"Diekman, Jake",518617,2019,282
"Hildenberger, Trevor",657610,2019,88
"Eovaldi, Nathan",543135,2016,525
"Heller, Ben",621294,2017,43
"Fister, Doug",450729,2017,392
"Kittredge, Andrew",552640,2019,210
"Keuchel, Dallas",572971,2019,487
"Rucinski, Drew",607968,2018,154
"Castro, Simon",501563,2015,47
"Perdomo, Luis",606131,2020,74
"Strahm, Matt",621381,2019,487
"Morton, Charlie",450203,2019,790
"Garrett, Reed",657585,2019,77
"Herrera, Kelvin",516969,2016,283
"Turnbull, Spencer",605513,2019,656
"Hembree, Heath",592390,2016,223
"Matz, Steven",571927,2020,142
"González, Victor",624647,2020,80
"Campos, Leonel",599998,2017,60
"Barnes, Matt",598264,2015,199
"Ziegler, Brad",446899,2016,289
"Javier, Cristian",664299,2020,214
"Marcum, Shaun",451788,2015,142
"Jimenez, Cesar",462945,2015,91
"Tillman, Chris",501957,2018,137
"Mengden, Daniel",596043,2018,476
"Cobb, Alex",502171,2017,742
"Mendez, Roman",542669,2015,58
"Cahill, Trevor",502239,2019,455
"Staumont, Josh",622251,2019,88
"Smyly, Drew",592767,2019,514
"Tanaka, Masahiro",547888,2019,759
"Wisler, Matt",605538,2016,671
"Buchholz, Clay",453329,2016,588
"Ramírez, Erasmo",541640,2020,53
"Freeman, Sam",518693,2017,254
"Familia, Jeurys",544727,2020,120
"Gearrin, Cory",518715,2016,198
"Kershaw, Clayton",477132,2015,890
"Detwiler, Ross",446321,2020,81
"Herrmann, Frank",497807,2016,69
"Patton, Spencer",607359,2015,109
"Osich, Josh",592612,2019,272
"Edwards Jr., Carl",605218,2019,78
"Sobotka, Chad",656977,2019,134
"Atchison, Scott",425786,2015,87
"Matzek, Tyler",554431,2020,121
"Hernández, Félix",433587,2018,684
"Paxton, James",572020,2016,511
"Tomlin, Josh",458708,2020,163
"Aquino, Jayson",593969,2017,62
"Treinen, Blake",595014,2020,107
"Jiménez, Eduardo",621592,2019,49
"Hicks, Jordan",663855,2019,110
"Wood, Hunter",621056,2019,195
"Siegrist, Kevin",543779,2016,248
"Torres, Alex",456776,2015,154
"Law, Derek",571882,2019,285
"Guthrie, Jeremy",425386,2015,664
"Howard, Sam",607572,2020,90
"Farrell, Luke",608652,2019,48
"Sipp, Tony",448609,2019,92
"Samardzija, Jeff",502188,2016,829
"O'Flaherty, Eric",447714,2016,136
"Sherfy, James",642073,2019,83
"Reininger, Zac",643617,2019,140
"Farrell, Luke",608652,2018,141
"Holmes, Clay",605280,2018,129
"Walker, Taijuan",592836,2018,56
"Cravy, Tyler",572788,2015,193
"Márquez, Germán",608566,2017,700
"Quintana, Jose",500779,2017,790
"Kennedy, Ian",453178,2016,818
"Ríos, Yacksel",605441,2018,165
"Eickhoff, Jerad",595191,2015,203
"Fedde, Erick",607200,2017,76
"Valdez, César",491624,2017,140
"Urquidy, José",664353,2019,167
"Bumgarner, Madison",518516,2015,869
"Boyd, Matthew",571510,2015,252
"Castillo, Luis",622491,2018,708
"Wright, Steven",453214,2017,114
"Chatwood, Tyler",543022,2019,324
"Stroman, Marcus",573186,2018,449
"Díaz, Edwin",621242,2018,280
"Domínguez, Seranthony",622554,2018,231
"Fulmer, Carson",608334,2018,164
"Pivetta, Nick",601713,2017,584
"Martín, Rafael",514669,2015,56
"VerHagen, Drew",572403,2016,90
"Hutchison, Drew",571800,2016,104
"Clevinger, Mike",605182,2019,499
"Cordero, Jimmy",622772,2019,146
"González, Miguel",456068,2018,66
"Leake, Mike",502190,2017,782
"Oberg, Scott",623184,2015,259
"Doubront, Felix",467094,2015,328
"Shafer, Justin",596101,2019,182
"Nelson, Jimmy",519076,2019,105
"Triggs, Andrew",592811,2018,182
"Osuna, Roberto",532077,2017,249
"Curtis, Zac",657205,2018,79
"Howard, Spencer",675921,2020,113
"Campos, Leonel",599998,2016,98
"Yates, Kirby",489446,2016,184
"Valdez, Framber",664285,2019,329
"Castro, Simon",501563,2017,153
"Cordero, Jimmy",622772,2020,124
"Givens, Mychal",571710,2020,93
"González, Chi Chi",592346,2020,91
"Reid-Foley, Sean",656887,2019,150
"Bailey, Homer",456701,2018,494
"Archer, Chris",502042,2017,852
"Avilán, Luis",501593,2016,82
"Martin, Corbin",656686,2019,92
"Johnson, Jim",462382,2017,256
"Solís, Sammy",519301,2018,177
"Stewart, Kohl",640464,2018,159
"Hendricks, Kyle",543294,2018,812
"Lorenzen, Michael",547179,2015,515
"Alvarez, Jose",501625,2015,283
"Suarez, José",660761,2019,375
"Ramirez, Noé",598287,2018,354
"Vázquez, Felipe",553878,2016,327
"García, Luis",472610,2015,304
"Gomber, Austin",596295,2018,334
"Wojciechowski, Asher",592879,2017,278
"Barnette, Tony",501817,2016,246
"Grimm, Justin",518748,2016,225
"Scribner, Evan",519267,2015,238
"Weaver, Luke",596133,2017,252
"Anderson, Cody",594736,2015,365
"Rzepczynski, Marc",519240,2015,158
"Paxton, James",572020,2019,633
"Hale, David",571735,2015,346
"Nova, Iván",467100,2016,684
"Garrett, Amir",607237,2019,246
"Sturdevant, Tyler",573188,2016,75
"Gant, John",607231,2019,269
"Socolovich, Miguel",462515,2016,64
"Mayers, Mike",594577,2019,89
"Hughes, Phil",461833,2018,152
"García, Jaime",448802,2016,741
"Barbato, Johnny",592127,2017,130
"Kimbrel, Craig",518886,2019,96
"Motte, Jason",435400,2016,109
"Cole, Gerrit",543037,2020,288
"Hoffman, Jeff",656546,2016,147
"Fulmer, Michael",605242,2018,558
"Porcello, Rick",519144,2018,808
"Phelps, David",475479,2015,482
"Bumgarner, Madison",518516,2020,190
"Rodríguez, Francisco",408061,2017,118
"Ríos, Yacksel",605441,2019,65
"Jackson, Luke",592426,2018,184
"Danks, John",433579,2015,768
"Barnes, Matt",598264,2020,102
"Layne, Tommy",518927,2016,187
"Bush, Matt",456713,2018,108
"Price, David",456034,2018,722
"Wilson, Tyler",592869,2015,149
"Doolittle, Sean",448281,2015,57
"Freeman, Sam",518693,2015,171
"Dull, Ryan",623430,2018,101
"Manaea, Sean",640455,2017,691
"Infante, Gregory",500872,2017,227
"Chatwood, Tyler",543022,2017,631
"Díaz, Edwin",621242,2016,217
"Betances, Dellin",476454,2020,59
"Sampson, Keyvius",572102,2016,188
"Wainwright, Adam",425794,2018,181
"Niese, Jonathon",477003,2015,770
"Danks, John",433579,2016,100
"Cabrera, Génesis",650893,2019,99
"Kopech, Michael",656629,2018,68
"Neshek, Pat",450212,2018,101
"Miley, Wade",489119,2016,711
"Cishek, Steve",518553,2016,258
"Hicks, Jordan",663855,2018,339
"Capuano, Chris",425626,2015,196
"Yamamoto, Jordan",657141,2020,67
"Ramírez, Neil",519166,2015,59
"Kennedy, Ian",453178,2015,712
"Darvish, Yu",506433,2016,416
"Tepera, Ryan",572193,2015,128
"Gonzalez, Gio",461829,2019,366
"Woodruff, Brandon",605540,2020,293
"Sadler, Casey",594987,2020,86
"Vieira, Thyago",600986,2018,85
"Smith, Drew",622098,2018,120
"Sipp, Tony",448609,2015,216
"Miller, Shelby",571946,2017,99
"Peralta, Joel",407908,2015,121
"Alcantara, Sandy",645261,2018,146
"Flaherty, Jack",656427,2018,615
"Andriese, Matt",542882,2017,374
"Nelson, Jimmy",519076,2015,752
"Shaw, Bryan",543766,2016,275
"Smith, Josh A.",595001,2015,161
"Araújo, Pedro",606478,2018,130
"Anderson, Brett",474463,2017,251
"Smith, Chris",434672,2017,250
"Liriano, Francisco",434538,2017,439
"Oviedo, Johan",670912,2020,112
"Swarzak, Anthony",461872,2019,234
"Slegers, Aaron",642083,2017,63
"Rondón, Bruce",541652,2016,144
"Bowman, Matt",621199,2018,109
"Bird, Kyle",613317,2019,65
"Rasmus, Cory",474284,2015,88
"Hearn, Taylor",621368,2020,76
"Tate, Dillon",622253,2020,64
"Floyd, Gavin",425856,2016,124
"Smith, Josh A.",595001,2019,139
"Rogers, Taylor",573124,2018,260
"Sánchez, Aníbal",434671,2015,660
"Montas, Frankie",593423,2019,394
"Claudio, Alex",592222,2020,81
"Chirinos, Yonny",630023,2020,52
"Nicasio, Juan",504379,2018,183
"Vargas, Jason",450306,2018,404
"García, Jarlín",606424,2017,225
"Anderson, Tyler",542881,2016,477
"Bundy, Dylan",605164,2019,700
"Graham, J.R.",543242,2015,283
"Ramírez, JC",500724,2016,335
"Velázquez, Hector",584171,2017,96
"Belisle, Matt",279571,2016,186
"Sampson, Adrian",592716,2019,563
"Sanchez, Aaron",592717,2018,474
"Maness, Seth",595307,2015,270
"Hand, Brad",543272,2019,242
"Ogando, Nefi",596331,2016,65
"Gott, Trevor",641627,2015,202
"Coonrod, Sam",656322,2020,71
"Kelly, Joe",523260,2017,238
"Diekman, Jake",518617,2020,84
"Anderson, Drew",623454,2018,59
"Senzatela, Antonio",622608,2017,564
"Lamb, John",543424,2015,220
"Lackey, John",407793,2015,896
"Smith, Joe",501925,2016,217
"Eshelman, Thomas",664045,2020,144
"Fulmer, Carson",608334,2017,101
"Bracho, Silvino",611093,2015,50
"Ynoa, Gabriel",593679,2016,88
"Corbin, Patrick",571578,2019,835
"Coonrod, Sam",656322,2019,114
"Smith, Joe",501925,2017,214
"Ynoa, Michael",573589,2017,141
"Buttrey, Ty",621142,2019,309
"Anderson, Chase",502624,2018,644
"Diaz, Jumbo",471822,2016,182
"Brault, Steven",643230,2019,505
"Odorizzi, Jake",543606,2018,711
"Wilkerson, Aaron",658792,2019,80
"Hahn, Jesse",534910,2017,315
"Romano, Sal",607219,2019,77
"Furbush, Charlie",518703,2015,82
"González, Severino",605894,2016,151
"Giles, Ken",571704,2018,212
"Vogelsong, Ryan",285064,2016,365
"O'Day, Darren",503285,2020,67
"Hernandez, David",456696,2015,144
"King, John",667463,2020,51
"Despaigne, Odrisamer",628333,2016,135
"Brasier, Ryan",518489,2019,241
"Papelbon, Jonathan",449097,2015,259
"Brach, Brad",542960,2016,311
"Trivino, Lou",642152,2020,93
"Salas, Fernando",477569,2018,170
"Walker, Taijuan",592836,2016,573
"Stephenson, Robert",596112,2020,43
"Cishek, Steve",518553,2019,267
"Doolittle, Sean",448281,2018,163
"Ray, Robbie",592662,2020,251
"Bettis, Chad",518452,2019,287
"Valdez, Phillips",570488,2019,75
"Skaggs, Tyler",572140,2018,533
"Fulmer, Michael",605242,2017,676
"Rodriguez, Eduardo",593958,2015,521
"Parnell, Bobby",458730,2015,113
"Ramírez, Neil",519166,2016,107
"Scahill, Rob",543746,2016,147
"Ponce de Leon, Daniel",594965,2018,132
"Rusin, Chris",543734,2018,241
"Hernandez, David",456696,2017,214
"Chapman, Aroldis",547973,2020,45
"Ramirez, Noé",598287,2016,61
"Jones, Nate",518858,2017,49
"Brebbia, John",605154,2017,209
"Roark, Tanner",543699,2017,776
"Bauer, Trevor",545333,2015,744
"Bedrosian, Cam",592135,2020,58
"Ryan, Kyle",594986,2020,66
"Skaggs, Tyler",572140,2019,335
"Hernandez, David",456696,2018,254
"Gausman, Kevin",592332,2016,757
"Dunning, Dane",641540,2020,142
"Hirano, Yoshihisa",673633,2020,63
"Anderson, Nick",623433,2020,58
"Reininger, Zac",643617,2018,100
"Guerra, Junior",448855,2018,610
"Nova, Iván",467100,2017,785
"Skubal, Tarik",669373,2020,134
"Allard, Kolby",663465,2019,208
"Fister, Doug",450729,2015,449
"Wood, Blake",502028,2016,330
"O'Day, Darren",503285,2017,240
"Eovaldi, Nathan",543135,2015,673
"Harris, Will",501789,2016,255
"Newcomb, Sean",656794,2017,456
"Teheran, Julio",527054,2016,758
"Mahle, Tyler",641816,2020,201
"Stammen, Craig",489334,2018,317
"Anderson, Tanner",664196,2018,56
"Faria, Jake",607188,2018,281
"Watson, Tony",453265,2015,293
"Keller, Mitch",656605,2020,87
"Bielak, Brandon",656232,2020,148
"Loáisiga, Jonathan",642528,2018,108
"Tanaka, Masahiro",547888,2018,635
"Wilson, Alex",543935,2015,273
"Whitley, Chase",595032,2015,84
"Phelps, David",475479,2020,85
"Fiers, Mike",571666,2017,670
"Lyles, Jordan",543475,2018,371
"Jeffress, Jeremy",502026,2020,88
"Winkler, Dan",595465,2018,256
"Skoglund, Eric",607215,2018,293
"Archer, Chris",502042,2015,868
"Brach, Brad",542960,2020,59
"Stammen, Craig",489334,2017,329
"Hess, David",605276,2018,454
"Velasquez, Vince",592826,2018,630
"Pérez, Oliver",424144,2015,183
"Narveson, Chris",429780,2015,121
"May, Trevor",543507,2015,492
"Alcala, Jorge",660896,2020,94
"Farmer, Buck",571656,2018,308
"Newcomb, Sean",656794,2020,70
"Hudson, Tim",218596,2015,525
"Colon, Bartolo",112526,2016,791
"Velázquez, Hector",584171,2019,247
"Reid-Foley, Sean",656887,2018,150
"Peterson, David",656849,2020,205
"Boyd, Matthew",571510,2020,271
"Anderson, Brett",474463,2020,202
"Wainwright, Adam",425794,2017,546
"Plesac, Zach",668676,2020,206
"Anderson, Tanner",664196,2019,105
"Peralta, Freddy",642547,2018,321
"Taillon, Jameson",592791,2017,587
"Hendriks, Liam",521230,2017,273
"Shaw, Bryan",543766,2015,265
"Greinke, Zack",425844,2016,667
"Kershaw, Clayton",477132,2020,221
"Pill, Tyler",543652,2017,99
"Cole, Taylor",518566,2018,135
"Karns, Nate",501992,2015,621
"Peralta, Wily",503449,2015,478
"Reed, Cody",642003,2016,229
"Williams, Jerome",425532,2016,81
"Shields, James",448306,2015,860
"Hahn, Jesse",534910,2016,203
"Anderson, Cody",594736,2016,270
"Scherzer, Max",453286,2019,693
"Bass, Anthony",542914,2019,189
"Beck, Chris",571476,2018,148
"Collmenter, Josh",518567,2015,499
"Grace, Matt",594840,2018,247
"Beeks, Jalen",656222,2018,223
"Wacha, Michael",608379,2016,606
"Pearson, Nate",663878,2020,81
"Torres, Carlos",448614,2017,322
"Sanchez, Aaron",592717,2017,167
"Vázquez, Felipe",553878,2015,189
"Elledge, Seth",676220,2020,52
"Givens, Mychal",571710,2018,317
"Wendelken, J.B.",605525,2016,64
"Toussaint, Touki",657053,2019,198
"LeBlanc, Wade",453281,2019,532
"Hernández, Félix",433587,2017,368
"Simon, Alfredo",430580,2015,820
"Nicolino, Justin",592593,2016,346
"Floro, Dylan",571670,2019,201
"Mills, Alec",621219,2018,71
"Wilk, Adam",573244,2017,74
"Allen, Cody",592102,2019,116
"Ramírez, JC",500724,2015,106
"Sipp, Tony",448609,2016,195
"Cisnero, José",542585,2019,162
"Peterson, Tim",623402,2018,118
"Arrieta, Jake",453562,2017,707
"Fien, Casey",502272,2017,62
"Strahm, Matt",621381,2020,83
"Alaniz, R.J.",595798,2019,71
"Petit, Yusmeiro",433589,2020,88
"Lynn, Lance",458681,2019,875
"Alexander, Scott",518397,2019,76
"Paxton, James",572020,2018,645
"Strickland, Hunter",519326,2017,268
"Herget, Jimmy",623474,2020,87
"Cingrani, Tony",571561,2015,155
"Shoemaker, Matt",533167,2019,108
"Holland, Greg",518813,2018,212
"Colomé, Alex",517008,2019,249
"Samardzija, Jeff",502188,2017,847
"Gallen, Zac",668678,2020,291
"Hudson, Dakota",641712,2020,151
"Davis, Rookie",606959,2017,122
"Thompson, Jake",622097,2017,210
"Roark, Tanner",543699,2015,466
"Alvarado, José",621237,2017,123
"Reed, Cody",642003,2020,55
"Anderson, Chase",502624,2017,569
"Arrieta, Jake",453562,2016,795
"Paddack, Chris",663978,2020,245
"Garrett, Amir",607237,2018,264
"Rondón, Bruce",541652,2017,76
"Cole, Taylor",518566,2019,231
"Loáisiga, Jonathan",642528,2019,139
"Vizcaíno, Arodys",527055,2018,158
"Devenski, Chris",606965,2018,196
"Mayers, Mike",594577,2018,226
"Hudson, Daniel",543339,2015,290
"Haley, Justin",595234,2017,81
"Stewart, Brock",592779,2019,124
"Watson, Tony",453265,2017,291
"Winkler, Dan",595465,2019,93
"Fulmer, Carson",608334,2016,53
"Cessa, Luis",570666,2016,285
"Fedde, Erick",607200,2020,222
"Davis, Wade",451584,2017,242
"Kelly, Joe",523260,2016,188
"Claudio, Alex",592222,2017,323
"Hartlieb, Geoff",664129,2020,101
"Jennings, Dan",543359,2015,244
"López, Yoan",661255,2019,246
"Jerez, Williams",605301,2019,48
"Kline, Branden",571858,2019,183
"Gilmartin, Sean",543219,2018,113
"Tolleson, Shawn",474521,2015,298
"Odorizzi, Jake",543606,2015,700
"Iglesias, Raisel",628452,2015,395
"Withrow, Chris",519437,2016,158
"Chavez, Jesse",445926,2017,586
"Cecil, Brett",446399,2015,214
"Altavilla, Dan",656186,2017,203
"Tate, Dillon",622253,2019,93
"Sewald, Paul",623149,2018,253
"Giolito, Lucas",608337,2020,288
"Ramírez, Neil",519166,2019,112
"Boshers, Buddy",542953,2016,152
"Gibaut, Ian",664139,2019,64
"Dull, Ryan",623430,2019,71
"Hirano, Yoshihisa",673633,2018,262
"Gant, John",607231,2016,222
"Petricka, Jake",502593,2017,122
"Papelbon, Jonathan",449097,2016,152
"Olson, Tyler",621397,2018,118
"Porcello, Rick",519144,2017,885
"Misiewicz, Anthony",664948,2020,83
"Berríos, José",621244,2019,842
"Burgos, Enrique",542609,2015,121
"Gohara, Luiz",627894,2017,123
"Borucki, Ryan",621366,2020,73
"Boxberger, Brad",502202,2016,113
"Lindblom, Josh",458676,2020,191
"Pressly, Ryan",519151,2019,211
"Stratton, Chris",608717,2016,43
"Trivino, Lou",642152,2019,269
"Covey, Dylan",592229,2018,541
"Martinez, Nick",607259,2017,478
"Clemens, Paul",518560,2016,314
"Anderson, Ian",666120,2020,138
"Santos, Sergio",435045,2015,73
"Cueto, Johnny",456501,2020,277
"Dunn, Mike",445197,2016,176
"Jansen, Kenley",445276,2020,102
"Buchholz, Clay",453329,2019,254
"Báez, Pedro",520980,2019,276
"Stripling, Ross",548389,2018,503
"Snell, Blake",605483,2018,700
"Eflin, Zach",621107,2017,280
"Herrera, Kelvin",516969,2015,286
"Kontos, George",502004,2018,116
"Bleier, Richard",542947,2019,235
"Allen, Logan",663531,2019,127
"Wendelken, J.B.",605525,2018,62
"Guerrero, Tayron",594027,2018,267
"Stauffer, Tim",431162,2015,100
"Bradford, Chasen",607473,2018,231
"Hughes, Phil",461833,2017,244
"Ramírez, Yohan",670990,2020,94
"Andriese, Matt",542882,2018,340
"Pelfrey, Mike",460059,2016,541
"Mayza, Tim",641835,2018,151
"Stephenson, Robert",596112,2017,383
"Hill, Rich",448179,2017,552
"Fernández, José",605228,2015,265
"Hill, Rich",448179,2020,156
"Martin, Cody",592533,2016,107
"Green, Chad",643338,2019,296
"Hardy, Blaine",543278,2018,351
"Conley, Adam",543045,2015,281
"Ramos, Cesár",459987,2015,221
"Severino, Luis",622663,2015,255
"Martinez, Nick",607259,2015,558
"Karns, Nate",501992,2016,417
"Hildenberger, Trevor",657610,2017,170
"Cunniff, Brandon",594792,2015,151
"Peacock, Brad",502748,2019,383
"Peralta, Wandy",593974,2019,172
"Tomlin, Josh",458708,2018,321
"Barraclough, Kyle",607457,2018,245
"Robertson, David",502085,2018,283
"Anderson, Brett",474463,2015,750
"Nicasio, Juan",504379,2015,260
"Pressly, Ryan",519151,2015,119
"Bolsinger, Mike",502211,2016,122
"Gonzales, Marco",594835,2019,866
"Treinen, Blake",595014,2016,263
"Eflin, Zach",621107,2020,245
"Wright Jr., Mike",605541,2019,147
"Barria, Jaime",642545,2018,537
"Cain, Matt",430912,2015,271
"Hernández, Carlos",672578,2020,67
"Putnam, Zach",474029,2016,114
"Sewald, Paul",623149,2019,80
"Rodón, Carlos",607074,2018,510
"Richards, Garrett",572070,2018,323
"Pestano, Vinnie",502260,2015,60
"Webb, Daniel",543900,2015,150
"Guerra, Junior",448855,2016,492
"Keuchel, Dallas",572971,2020,257
"VerHagen, Drew",572403,2015,106
"Kelly, Casey",543391,2016,102
"Covey, Dylan",592229,2020,60
"Pressly, Ryan",519151,2020,91
"Bumgarner, Madison",518516,2019,844
"Wright, Kyle",657140,2019,93
"Flexen, Chris",623167,2019,70
"Williams, Trevor",592866,2018,701
"Blevins, Jerry",460283,2017,217
"Salas, Fernando",477569,2017,263
"Quackenbush, Kevin",534812,2017,125
"Sadzeck, Connor",592712,2019,107
"Rosenthal, Trevor",572096,2020,91
"Locke, Jeff",502046,2016,563
"Fulmer, Michael",605242,2016,647
"Dickey, R.A.",285079,2015,884
"Lyles, Jordan",543475,2017,324
"Frías, Carlos",516910,2015,333
"deGrom, Jacob",594798,2020,268
"Liz, Radhames",467785,2015,106
"Guilmet, Preston",543258,2018,52
"Holland, Derek",502706,2018,727
"Romo, Sergio",489265,2015,230
"Rondón, Héctor",444468,2015,281
"Lakins, Travis",664042,2019,102
"Hughes, Phil",461833,2015,651
"Ranaudo, Anthony",519168,2015,73
"Lauer, Eric",641778,2020,61
"Gsellman, Robert",607229,2020,71
"Knebel, Corey",608349,2020,62
"Odorizzi, Jake",543606,2019,658
"Clippard, Tyler",461325,2016,262
"Eovaldi, Nathan",543135,2019,302
"Lively, Ben",594902,2017,372
"Worley, Vance",474699,2015,310
"Alcántara, Raúl",593417,2017,108
"Mengden, Daniel",596043,2019,260
"Lugo, Seth",607625,2017,436
"Blanton, Joe",430599,2015,309
"Freeland, Kyle",607536,2020,304
"Bailey, Andrew",457732,2016,190
"Scheppers, Tanner",489294,2015,176
"Stults, Eric",445590,2015,196
"Chacín, Jhoulys",468504,2019,470
"May, Dustin",669160,2019,141
"Moore, Matt",519043,2018,471
"Kintzler, Brandon",445213,2017,288
"Wilhelmsen, Tom",452666,2016,209
"Francis, Jeff",433585,2015,100
"Wang, Chien-Ming",425426,2016,231
"Stumpf, Daniel",621385,2017,160
"Brothers, Rex",571521,2015,46
"Kahnle, Tommy",592454,2018,107
"Rodriguez, Jefry",622446,2019,203
"Montero, Rafael",606160,2019,113
"Choate, Randy",329092,2015,117
"Osich, Josh",592612,2020,86
"Adleman, Tim",534947,2016,287
"González, Chi Chi",592346,2019,278
"Smith, Joe",501925,2018,180
"Glasnow, Tyler",607192,2020,238
"Newcomb, Sean",656794,2019,293
"Knebel, Corey",608349,2017,309
"Suárez, Albert",544150,2017,135
"Frieri, Ernesto",457117,2015,100
"McHugh, Collin",543521,2019,317
"Gallegos, Giovanny",606149,2018,45
"Casilla, Santiago",433586,2017,259
"Peña, Félix",570240,2017,155
"Parra, Manny",448159,2015,130
"Zeuch, T.J.",643615,2019,99
"López, Reynaldo",625643,2018,799
"Trivino, Lou",642152,2018,299
"Quackenbush, Kevin",534812,2015,243
"Clippard, Tyler",461325,2018,285
"Hendricks, Kyle",543294,2020,315
"Altavilla, Dan",656186,2020,89
"Morris, Bryan",457768,2015,277
"Jungmann, Taylor",543380,2016,126
"Ohtani, Shohei",660271,2018,211
"Biagini, Joe",607352,2017,517
"Thornburg, Tyler",592804,2018,107
"Richards, Trevor",670950,2020,150
"Chamberlain, Joba",501955,2015,128
"Hardy, Blaine",543278,2016,112
"Brigham, Jeff",656257,2018,77
"McHugh, Collin",543521,2018,283
"Davis, Wade",451584,2018,261
"Heaney, Andrew",571760,2018,749
"González, Miguel",456068,2017,684
"Solís, Sammy",519301,2016,172
"Cortes, Nestor",641482,2019,298
"Weber, Ryan",543901,2019,181
"Lackey, John",407793,2016,748
"Ynoa, Huascar",660623,2020,100
"Jones, Nate",518858,2018,137
"Hellickson, Jeremy",476451,2015,636
"Alvarez, Dario",516714,2017,82
"Roark, Tanner",543699,2020,220
"Castro, Miguel",612434,2016,67
"Germen, Gonzalez",542674,2016,182
"Sims, Lucas",608371,2018,77
"Glover, Koda",606983,2017,80
"Chargois, JT",608638,2019,88
"Romano, Jordan",605447,2019,75
"Alvarado, José",621237,2018,263
"Boxberger, Brad",502202,2015,271
"Alcántara, Victor",622505,2018,119
"Godley, Zack",643327,2018,791
"Harrison, Matt",457448,2015,69
"Otero, Dan",519096,2017,242
"Niese, Jonathon",477003,2016,546
"Wimmers, Alex",592872,2016,72
"Quackenbush, Kevin",534812,2016,253
"Gausman, Kevin",592332,2020,245
"Capuano, Chris",425626,2016,106
"Urías, Julio",628711,2020,224
"Rhame, Jacob",642008,2018,140
"Rogers, Esmil",469134,2015,153
"Bundy, Dylan",605164,2017,698
"Bundy, Dylan",605164,2020,267
"Mazza, Chris",607391,2020,136
"Duke, Zach",435043,2018,240
"Kimbrel, Craig",518886,2015,239
"Velasquez, Vince",592826,2017,315
"Thornburg, Tyler",592804,2016,263
"Knebel, Corey",608349,2016,145
"Syndergaard, Noah",592789,2017,124
"Lucas, Josh",572998,2019,69
"Ramos, Edubray",591693,2017,256
"Bard, Daniel",453268,2020,106
"Wittgren, Nick",621295,2017,182
"Romano, Jordan",605447,2020,57
"Quintana, Jose",500779,2019,745
"Straily, Dan",573185,2019,236
"Soria, Joakim",465657,2015,272
"Richard, Clayton",453385,2016,306
"Alexander, Tyler",641302,2020,152
"Bailey, Homer",456701,2019,696
"Grimm, Justin",518748,2018,83
"Jeffress, Jeremy",502026,2016,241
"Wood, Alex",622072,2016,254
"Olmos, Edgar",543607,2015,67
"Peacock, Brad",502748,2018,272
"Adleman, Tim",534947,2017,531
"Hoffman, Jeff",656546,2017,440
"Farquhar, Danny",543144,2016,158
"Soroka, Michael",647336,2019,701
"Williams, Taylor",592865,2018,236
"Koehler, Tom",543408,2016,774
"Darvish, Yu",506433,2018,180
"Kluber, Corey",446372,2018,842
"Lamb, John",543424,2016,318
"Suter, Brent",608718,2017,341
"Neverauskas, Dovydas",596720,2017,105
"Hale, David",571735,2018,62
"Minter, A.J.",621345,2018,260
"Leclerc, José",600917,2018,223
"Paxton, James",572020,2017,552
"Pérez, Oliver",424144,2017,143
"Ross, Joe",605452,2019,295
"Robles, Hansel",570663,2019,283
"Iglesias, Raisel",628452,2018,291
"Bradford, Chasen",607473,2017,143
"Holmes, Clay",605280,2019,240
"Liriano, Francisco",434538,2019,302
"Hendricks, Kyle",543294,2017,570
"Dyson, Sam",473879,2016,285
"Wada, Tsuyoshi",493159,2015,136
"Smith, Burch",572143,2018,358
"Miranda, Aríel",664641,2017,678
"Tepesch, Nick",519344,2017,80
"Lockett, Walker",621141,2020,73
"Báez, Pedro",520980,2020,70
"Alexander, Tyler",641302,2019,235
"Ramírez, Yefry",606162,2018,294
"Arrieta, Jake",453562,2018,722
"Eovaldi, Nathan",543135,2018,455
"Stanek, Ryne",592773,2020,48
"Springs, Jeffrey",605488,2019,155
"Banda, Anthony",607455,2018,56
"Stripling, Ross",548389,2017,304
"Abad, Fernando",472551,2015,205
"Boscan, Wilfredo",517448,2016,67
"Burke, Brock",656271,2019,120
"Cishek, Steve",518553,2018,288
"Severino, Luis",622663,2017,782
"Harris, Will",501789,2017,177
"Montgomery, Mike",543557,2015,395
"Hughes, Jared",453172,2019,289
"Fedde, Erick",607200,2018,217
"De La Rosa, Jorge",407822,2017,219
"Buchholz, Clay",453329,2015,469
"McKenzie, Triston",663474,2020,127
"Suero, Wander",593833,2020,102
"Volquez, Edinson",450172,2019,75
"Bradford, Chasen",607473,2019,69
"Jewell, Jake",657228,2019,114
"Hendriks, Liam",521230,2015,261
"Gonsolin, Tony",664062,2020,176
"Bieber, Shane",669456,2020,297
"Davis, Wade",451584,2016,176
"Wilson, Justin",458677,2015,244
"McClain, Reggie",596035,2019,95
"Albers, Matt",458006,2018,157
"Workman, Brandon",519443,2018,167
"Fiers, Mike",571666,2018,714
"Webster, Allen",543903,2015,142
"Loup, Aaron",571901,2015,186
"Covey, Dylan",592229,2019,279
"Bleier, Richard",542947,2018,133
"Chatwood, Tyler",543022,2018,486
"Dean, Pat",534737,2016,300
"Scott, Tayler",605463,2019,93
"Achter, A.J.",592091,2016,160
"Rodón, Carlos",607074,2017,297
"Rondón, Héctor",444468,2017,237
"Holland, Derek",502706,2015,245
"Woodford, Jake",663765,2020,85
"Grimm, Justin",518748,2017,232
"Giolito, Lucas",608337,2016,101
"Gagnon, Drew",543193,2019,117
"Duensing, Brian",488846,2018,181
"Dyson, Sam",473879,2015,309
"Vincent, Nick",543883,2015,100
"Eshelman, Thomas",664045,2019,164
"Hutchison, Drew",571800,2018,199
"Cessa, Luis",570666,2018,195
"Wilson, Justin",458677,2016,251
"Blackburn, Paul",621112,2019,57
"Cole, A.J.",595918,2019,118
"Bummer, Aaron",607481,2018,144
"González, Miguel",456068,2016,566
"Barnes, Matt",598264,2017,287
"Santiago, Héctor",502327,2019,163
"Jones, Nate",518858,2015,72
"Britton, Zack",502154,2016,254
"Reed, Addison",592665,2018,242
"Davis, Austin",656354,2019,98
"Quantrill, Cal",615698,2020,135
"Crockett, Kyle",641490,2016,70
"O'Sullivan, Sean",457711,2015,327
"Kahnle, Tommy",592454,2019,248
"Suter, Brent",608718,2019,65
"Strop, Pedro",467008,2018,240
"Quintana, Jose",500779,2016,837
"Feliz, Neftalí",491703,2016,218
"Porcello, Rick",519144,2020,261
"Verrett, Logan",548337,2017,47
"Medlen, Kris",450665,2016,119
"Clarke, Taylor",664199,2020,183
"Davis, Wade",451584,2015,251
"Salazar, Danny",517593,2017,439
"Chen, Wei-Yin",612672,2016,520
"Houck, Tanner",656557,2020,63
"Giles, Ken",571704,2015,298
"Kela, Keone",605309,2017,151
"Muñoz, Andrés",662253,2019,97
"Brice, Austin",592169,2017,137
"Neshek, Pat",450212,2016,185
"Leake, Mike",502190,2015,778
"Jennings, Dan",543359,2018,271
"Carrasco, Carlos",471911,2018,784
"Lyles, Jordan",543475,2016,272
"Matusz, Brian",451085,2015,206
"Logan, Boone",457429,2016,187
"Hill, Tim",657612,2018,198
"Miley, Wade",489119,2018,338
"Kim, Kwang Hyun",547942,2020,154
"McCarthy, Kevin",641838,2017,196
"Pressly, Ryan",519151,2016,328
"Lauer, Eric",641778,2018,504
"Hader, Josh",623352,2018,306
"Quantrill, Cal",615698,2019,443
"Neshek, Pat",450212,2019,78
"Jeffress, Jeremy",502026,2018,299
"Gilmartin, Sean",543219,2016,79
"Fernández, José Manuel",622774,2018,45
"Freeman, Sam",518693,2018,216
"Odorizzi, Jake",543606,2020,60
"Baez, Michel",673258,2019,131
"Duke, Zach",435043,2017,74
"Walden, Jordan",477229,2015,42
"Kintzler, Brandon",445213,2019,227
"Weaver, Luke",596133,2019,260
"Maurer, Brandon",543506,2015,206
"Toussaint, Touki",657053,2020,120
"Díaz, Jairo",545064,2019,245
"Oswalt, Corey",621261,2020,55
"Kinley, Tyler",641755,2020,96
"Arrieta, Jake",453562,2015,870
"Broadway, Mike",458678,2015,77
"Cahill, Trevor",502239,2020,105
"Barrett, Aaron",502578,2015,122
"Kahnle, Tommy",592454,2016,119
"Nola, Aaron",605400,2019,852
"Moylan, Peter",493247,2018,129
"Butler, Eddie",572750,2017,237
"Caminero, Arquimedes",491708,2016,280
"Ohlendorf, Ross",456027,2016,290
"Hunter, Tommy",488984,2017,228
"Corbin, Patrick",571578,2016,701
"Oh, Seunghwan",493200,2016,313
"Waguespack, Jacob",621097,2020,90
"Saupold, Warwick",599683,2018,158
"Treinen, Blake",595014,2018,314
"Alzolay, Adbert",640470,2020,87
"Allard, Kolby",663465,2020,152
"Gaviglio, Sam",543208,2019,392
"Lyles, Jordan",543475,2020,266
"Richards, Trevor",670950,2019,580
"Carrasco, Carlos",471911,2020,280
"Stephens, Jackson",623451,2017,101
"Venditte, Pat",519381,2015,119
"Venditte, Pat",519381,2015,119
"Kimbrel, Craig",518886,2016,220
"Nuño, Vidal",573064,2018,134
"Sánchez, Sixto",664350,2020,158
"Erlin, Robbie",572362,2019,251
"Gonzalez, Merandy",642571,2018,103
"Nolasco, Ricky",445060,2015,173
"Parker, Blake",453284,2020,69
"Wood, Travis",475243,2017,436
"Moore, Matt",519043,2016,838
"Keller, Brad",641745,2020,215
"Nolin, Sean",543594,2015,134
"Castellanos, Humberto",528748,2020,51
"Wittgren, Nick",621295,2019,232
"Montero, Rafael",606160,2017,550
"Paredes, Enoli",660600,2020,90
"Duffy, Danny",518633,2019,555
"Kinley, Tyler",641755,2019,221
"Banuelos, Manny",544365,2015,121
"Petit, Yusmeiro",433589,2017,354
"Madson, Ryan",425492,2016,270
"Funkhouser, Kyle",608335,2020,81
"Alcántara, Raúl",593417,2016,103
"Carpenter, Ryan",543001,2018,107
"Dull, Ryan",623430,2015,66
"Hinojosa, Dalier",648737,2016,44
"Zastryzny, Rob",642239,2016,66
"Cain, Matt",430912,2017,567
"Velasquez, Vince",592826,2020,154
"Buttrey, Ty",621142,2018,70
"Benoit, Joaquín",276542,2016,204
"Sabathia, CC",282332,2016,768
"Hu, Chih-Wei",629496,2017,40
"Clevinger, Mike",605182,2020,162
"Wright Jr., Mike",605541,2015,204
"Ryan, Kyle",594986,2015,237
"Cishek, Steve",518553,2015,243
"Wainwright, Adam",425794,2016,847
"Asher, Alec",594742,2016,111
"Senzatela, Antonio",622608,2019,582
"Bauer, Trevor",545333,2020,278
"Dunn, Mike",445197,2017,220
"Allen, Logan",663531,2020,49
"Reyes, Alex",621052,2016,189
"Wendelken, J.B.",605525,2019,131
"Brebbia, John",605154,2018,209
"Lester, Jon",452657,2018,761
"Hernández, Félix",433587,2015,825
"Corbin, Patrick",571578,2017,826
"Goldberg, Brad",643329,2017,62
"Krol, Ian",571871,2015,129
"Duffy, Danny",518633,2020,242
"Hochevar, Luke",460024,2016,151
"Thompson, Aaron",457744,2015,137
"Hernández, Elieser",622694,2019,353
"Poyner, Bobby",596074,2018,93
"González, Miguel",456068,2015,622
"McHugh, Collin",543521,2016,795
"Cecil, Brett",446399,2016,157
"Bracho, Silvino",611093,2016,119
"Herrera, Kelvin",516969,2019,235
"Volstad, Chris",458690,2018,216
"Barnes, Jacob",606930,2016,106
"Rodríguez, Richard",593144,2020,93
"Peralta, Wily",503449,2019,176
"Blach, Ty",621389,2017,692
"Rusin, Chris",543734,2016,350
"Rasmussen, Drew",656876,2020,71
"Brasier, Ryan",518489,2018,124
"Caminero, Arquimedes",491708,2015,318
"Butler, Eddie",572750,2016,293
"Sneed, Cy",605482,2020,83
"Wilson, Tyler",592869,2017,70
"Adam, Jason",592094,2020,58
"Marvel, James",621086,2019,84
"Maeda, Kenta",628317,2018,532
"Gonzalez, Gio",461829,2017,827
"Chafin, Andrew",605177,2015,306
"Neal, Zach",594943,2017,65
"Strickland, Hunter",519326,2018,201
"Buchter, Ryan",488748,2017,268
"Gibson, Kyle",502043,2017,693
"Hardy, Blaine",543278,2017,156
"Hendriks, Liam",521230,2018,104
"Edwards Jr., Carl",605218,2018,222
"Shields, James",448306,2018,871
"Cole, Gerrit",543037,2015,832
"Stripling, Ross",548389,2016,419
"Kela, Keone",605309,2016,150
"Cahill, Trevor",502239,2017,381
"Hernandez, David",456696,2019,199
"Neshek, Pat",450212,2015,223
"Smyly, Drew",592767,2016,738
"Latos, Mat",502009,2017,70
"McGee, Jake",459429,2015,147
"Robertson, David",502085,2016,267
"Andriese, Matt",542882,2016,527
"Ogando, Alexi",468396,2016,148
"Keuchel, Dallas",572971,2016,701
"Váldez, José A.",572308,2016,100
"Rumbelow, Nick",592705,2015,68
"Loup, Aaron",571901,2018,183
"Ponce de Leon, Daniel",594965,2020,143
"Romero, Fernando",622864,2019,72
"Wittgren, Nick",621295,2020,98
"Bailey, Homer",456701,2016,111
"Webb, Jacob",657097,2019,131
"Sanchez, Aaron",592717,2015,380
"Johnson, Brian",598271,2017,121
"Grimm, Justin",518748,2015,205
"Bedrosian, Cam",592135,2018,270
"Oaks, Trevor",656805,2018,65
"Smith, Chris",434672,2016,100
"Greinke, Zack",425844,2019,810
"Webb, Tyler",643778,2018,90
"Robles, Hansel",570663,2018,242
"Oberg, Scott",623184,2017,265
"Blanton, Joe",430599,2017,195
"Broxton, Jonathan",455009,2015,257
"Layne, Tommy",518927,2015,207
"López, Pablo",641154,2020,240
"Alvarez, R.J.",571439,2015,100
"Kennedy, Ian",453178,2019,266
"Paddack, Chris",663978,2019,568
"Lamet, Dinelson",659275,2017,485
"Zimmermann, Jordan",519455,2017,713
"Avilán, Luis",501593,2015,220
"Ferguson, Caleb",657571,2020,75
"Waguespack, Jacob",621097,2019,335
"Morin, Mike",573046,2019,210
"Tillman, Chris",501957,2017,444
"McGowan, Dustin",430661,2017,331
"McCullers Jr., Lance",621121,2020,227
"Nuño, Vidal",573064,2017,77
"Gsellman, Robert",607229,2019,278
"Blanton, Joe",430599,2016,315
"Crichton, Stefan",592233,2019,123
"Neverauskas, Dovydas",596720,2018,119
"Clevinger, Mike",605182,2018,809
"Steckenrider, Drew",608716,2017,151
"Pérez, Cionel",672335,2018,45
"Kelly, Joe",523260,2020,42
"Breslow, Craig",444520,2016,63
"Mitchell, Bryan",571951,2016,107
"Harvey, Matt",518774,2016,402
"Schugel, A.J.",519263,2016,204
"Hart, Kyle",606996,2020,67
"Tinoco, Jesus",622786,2019,161
"Fields, Josh",451661,2017,223
"Salazar, Danny",517593,2015,757
"López, Reynaldo",625643,2019,809
"Scott, Tanner",656945,2018,240
"Venters, Jonny",458924,2018,145
"Harvey, Matt",518774,2018,663
"Vincent, Nick",543883,2016,247
"Hembree, Heath",592390,2015,106
"Martinez, Carlos",593372,2018,521
"Barnette, Tony",501817,2017,252
"Wendelken, J.B.",605525,2020,106
"Grace, Matt",594840,2015,84
"Gibson, Kyle",502043,2019,706
"Warren, Adam",476589,2019,124
"Bowman, Matt",621199,2019,137
"Santana, Edgar",650828,2018,270
"Pagán, Emilio",641941,2018,262
"Devenski, Chris",606965,2017,316
"Johnson, Brian",598271,2018,434
"Kelly, Casey",543391,2018,104
"Glover, Koda",606983,2018,71
"Miranda, Aríel",664641,2016,232
"Pagán, Emilio",641941,2019,267
"Wilhelmsen, Tom",452666,2017,113
"Hatcher, Chris",501822,2015,166
"Hernández, Félix",433587,2016,655
"McGowin, Kyle",641851,2020,47
"Hudson, Dakota",641712,2018,118
"Uehara, Koji",493157,2017,178
"Nicasio, Juan",504379,2019,217
"Stephens, Jackson",623451,2018,183
"Vizcaíno, Arodys",527055,2017,235
"Peavy, Jake",408241,2016,520
"Betances, Dellin",476454,2015,332
"Phelps, David",475479,2019,147
"Carasiti, Matt",571539,2016,83
"Richard, Clayton",453385,2019,201
"Bard, Luke",572703,2018,53
"Estévez, Carlos",608032,2017,149
"Morgan, Adam",605388,2020,58
"Hunter, Tommy",488984,2020,102
"Cunniff, Brandon",594792,2016,74
"Hellickson, Jeremy",476451,2017,695
"Skaggs, Tyler",572140,2017,365
"Volquez, Edinson",450172,2015,850
"Pino, Yohan",464416,2015,82
"Steckenrider, Drew",608716,2018,272
"Chatwood, Tyler",543022,2016,669
"Workman, Brandon",519443,2020,101
"Wright, Daniel",642229,2016,179
"De Los Santos, Enyel",660853,2019,46
"Givens, Mychal",571710,2017,315
"Bieber, Shane",669456,2019,859
"Ottavino, Adam",493603,2018,308
"Marksberry, Matt",621408,2015,108
"Hart, Donnie",643354,2016,71
"Strasburg, Stephen",544931,2019,841
"Wittgren, Nick",621295,2018,148
"Pérez, Williams",554234,2016,233
"Ferrell, Jeff",594815,2015,50
"Miller, Justin",502522,2016,193
"Chapman, Aroldis",547973,2018,212
"Jennings, Dan",543359,2016,259
"Duplantier, Jon",641541,2019,163
"Civale, Aaron",650644,2020,312
"Parsons, Wes",641149,2019,157
"Alzolay, Adbert",640470,2019,60
"Tazawa, Junichi",547749,2016,208
"Jiménez, Joe",641729,2018,266
"Cotts, Neal",425840,2015,268
"O'Flaherty, Eric",447714,2017,83
"Anderson, Brett",474463,2018,333
"Bailey, Homer",456701,2017,420
"Minter, A.J.",621345,2017,60
"Kuhl, Chad",641771,2020,197
"Bleier, Richard",542947,2020,67
"Johnson, Erik",605304,2015,151
"Martin, Chris",455119,2020,66
"Magill, Matt",543483,2019,229
"Nelson, Jimmy",519076,2017,728
"Rodríguez, Joely",570257,2020,52
"Sobotka, Chad",656977,2018,58
"Volquez, Edinson",450172,2017,396
"Wright Jr., Mike",605541,2018,388
"Tepera, Ryan",572193,2016,85
"Miller, Justin",502522,2019,65
"Johnson, Jim",462382,2018,268
"Richards, Trevor",670950,2018,547
"Harris, Will",501789,2015,276
"Marshall, Evan",605359,2015,61
"Tonkin, Michael",543859,2015,99
"Martin, Cody",592533,2015,141
"Miley, Wade",489119,2020,67
"Knebel, Corey",608349,2018,223
"Gausman, Kevin",592332,2018,776
"Krol, Ian",571871,2017,214
"Wisler, Matt",605538,2015,478
"Bundy, Dylan",605164,2016,474
"Weber, Ryan",543901,2020,185
"Canning, Griffin",656288,2020,238
"Bacus, Dakota",621290,2020,57
"Dunn, Mike",445197,2018,83
"Wright, Daniel",642229,2017,85
"Gray, Sonny",543243,2019,708
"Allen, Cody",592102,2018,289
"Romano, Sal",607219,2017,384
"Flaherty, Jack",656427,2020,170
"Hendriks, Liam",521230,2019,332
"Coulombe, Danny",543056,2017,219
"Feldman, Scott",444857,2015,451
"Urías, Julio",628711,2016,336
"Tanaka, Masahiro",547888,2016,805
"King, Michael",650633,2020,121
"Soria, Joakim",465657,2016,293
"Dunn, Justin",643290,2020,198
"Bummer, Aaron",607481,2017,91
"Maples, Dillon",596027,2019,54
"Martinez, Carlos",593372,2019,200
"Mitchell, Bryan",571951,2015,143
"Alvarez, Jose",501625,2018,261
"Kingham, Nick",592468,2018,342
"Reed, Addison",592665,2017,306
"Berríos, José",621244,2016,281
"Plutko, Adam",592644,2020,116
"Gray, Sonny",543243,2020,235
"Estévez, Carlos",608032,2019,308
"Lyons, Tyler",544928,2019,54
"Glasnow, Tyler",607192,2017,305
"Lorenzen, Michael",547179,2020,147
"Tazawa, Junichi",547749,2018,134
"Bauer, Trevor",545333,2017,749
"Pineda, Michael",501381,2016,755
"Mengden, Daniel",596043,2020,58
"Neverauskas, Dovydas",596720,2020,89
"Farmer, Buck",571656,2019,288
"Phillips, Evan",623465,2019,140
"Liriano, Francisco",434538,2015,773
"Anderson, Nick",623433,2019,264
"Morrow, Brandon",453344,2015,126
"Gsellman, Robert",607229,2017,549
"Cahill, Trevor",502239,2016,284
"Ureña, José",570632,2019,369
"Torres, José",600526,2017,284
"Storen, Drew",519322,2015,228
"Flynn, Brian",543169,2019,139
"López, Jorge",605347,2020,174
"Voth, Austin",608723,2020,225
"Worley, Vance",474699,2017,333
"Masterson, Justin",475416,2015,273
"Garces, Frank",571057,2015,172
"Montas, Frankie",593423,2015,66
"Tillman, Chris",501957,2016,715
"Ross, Tyson",475115,2019,162
"Fried, Max",608331,2019,702
"Strop, Pedro",467008,2017,250
"Cingrani, Tony",571561,2016,271
"Castro, Miguel",612434,2020,115
"Roark, Tanner",543699,2018,760
"Phelps, David",475479,2016,352
"Hellickson, Jeremy",476451,2016,772
"Magill, Matt",543483,2018,249
"Reed, Addison",592665,2015,241
"Boyd, Matthew",571510,2016,412
"Ruiz, José",614179,2019,198
"Liberatore, Adam",571893,2018,54
"Gonzales, Marco",594835,2017,185
"Wood, Hunter",621056,2018,179
"Cordero, Jimmy",622772,2018,94
"Hancock, Justin",606995,2018,49
"Santiago, Héctor",502327,2015,776
"Pazos, James",572021,2018,212
"Soria, Joakim",465657,2017,232
"Edgin, Josh",572831,2017,166
"Turner, Jacob",545363,2017,170
"Menez, Conner",669214,2019,73
"Lugo, Seth",607625,2018,410
"Eickhoff, Jerad",595191,2017,576
"Fairbanks, Pete",664126,2019,99
"Ferguson, Caleb",657571,2018,202
"Kluber, Corey",446372,2015,886
"Jiménez, Joe",641729,2020,101
"Smith, Josh A.",595001,2020,121
"Giles, Ken",571704,2016,286
"Castillo, Diego",650895,2020,89
"Lamet, Dinelson",659275,2019,313
"Burawa, Danny",592181,2015,54
"Wilson, Justin",458677,2020,86
"McGowin, Kyle",641851,2019,76
"Kinley, Tyler",641755,2018,57
"Duffey, Tyler",608648,2017,310
"Ellington, Brian",623395,2017,219
"Kazmir, Scott",431148,2015,763
"Melancon, Mark",453343,2016,270
"Leathersich, Jack",605333,2015,52
"Allen, Cody",592102,2015,286
"Wainwright, Adam",425794,2015,111
"Kelly, Joe",523260,2015,587
"Tuivailala, Sam",592815,2015,65
"Hader, Josh",623352,2019,289
"Gott, Trevor",641627,2019,214
"Locke, Jeff",502046,2015,736
"Houser, Adrian",605288,2020,246
"Estévez, Carlos",608032,2016,246
"McFarland, T.J.",519008,2019,250
"Gsellman, Robert",607229,2018,345
"Rosenthal, Trevor",572096,2015,287
"Váldez, José A.",572308,2017,80
"Oberholtzer, Brett",519085,2015,171
"Jackson, Luke",592426,2019,315
"VerHagen, Drew",572403,2019,258
"Bummer, Aaron",607481,2019,263
"Cashner, Andrew",488768,2019,636
"Anderson, Tyler",542881,2019,106
"Sipp, Tony",448609,2018,151
"Kuhl, Chad",641771,2016,301
"Webb, Ryan",444436,2016,76
"Cabrera, Mauricio",606291,2016,162
"Davis, Wade",451584,2019,206
"McKirahan, Andrew",605374,2015,129
"Young, Chris",432934,2017,148
"Poche, Colin",621363,2019,207
"Gregerson, Luke",502381,2018,57
"Suero, Wander",593833,2018,200
"Bieber, Shane",669456,2018,485
"Gustave, Jandel",594311,2019,99
"Leiter Jr., Mark",643410,2017,395
"Jackson, Edwin",429719,2017,339
"Milner, Hoby",571948,2020,59
"Walker, Taijuan",592836,2015,705
"Krol, Ian",571871,2016,217
"Akin, Keegan",669211,2020,116
"Mahle, Tyler",641816,2019,556
"Hartlieb, Geoff",664129,2019,171
"Kelly, Joe",523260,2018,285
"Meyer, Alex",543542,2017,292
"Cashner, Andrew",488768,2015,804
"Moreno, Diego",514981,2015,45
"Staumont, Josh",622251,2020,112
"Araujo, Elvis",542587,2016,134
"Woodruff, Brandon",605540,2019,493
"Hand, Brad",543272,2015,408
"Jungmann, Taylor",543380,2015,501
"Overton, Dillon",592614,2017,103
"Busenitz, Alan",641427,2017,121
"Matzek, Tyler",554431,2015,102
"Whalen, Rob",547007,2016,110
"Jerez, Williams",605301,2018,71
"Bradley, Archie",605151,2017,290
"Ureña, José",570632,2017,724
"Archer, Chris",502042,2016,850
"Weber, Ryan",543901,2015,109
"Miller, Andrew",453192,2015,246
"Ginkel, Kevin",656464,2019,96
"Mengden, Daniel",596043,2016,332
"Roe, Chaz",475054,2016,124
"Wick, Rowan",592858,2020,74
"Varvaro, Anthony",460008,2015,51
"Belisle, Matt",279571,2018,162
"McGee, Jake",459429,2020,79
"Phillips, Evan",623465,2018,59
"Fulmer, Carson",608334,2020,46
"Domínguez, Seranthony",622554,2019,110
"Johnson, Pierce",572955,2018,186
"Ramírez, José",542432,2017,258
"Graveman, Kendall",608665,2015,502
"Taylor, Blake",642130,2020,87
"Johnson, Brian",598271,2019,193
"Harper, Ryne",607560,2019,225
"Alcantara, Sandy",645261,2019,838
"Suárez, Ranger",624133,2018,69
"Tonkin, Michael",543859,2017,97
"Carle, Shane",641438,2018,258
"Bradley, Archie",605151,2016,638
"Pérez, Martín",527048,2018,397
"Howell, J.P.",434442,2017,52
"Tazawa, Junichi",547749,2015,247
"Stripling, Ross",548389,2020,220
"Fried, Max",608331,2017,121
"Stephenson, Robert",596112,2019,262
"Buehler, Walker",621111,2018,541
"Ziegler, Brad",446899,2018,305
"Holder, Jonathan",656547,2018,272
"Rodríguez, Dereck",605446,2018,487
"Wacha, Michael",608379,2020,156
"Fulmer, Michael",605242,2020,136
"Cosart, Jarred",543054,2017,114
"Flores, Kendry",572309,2015,57
"Gallegos, Giovanny",606149,2020,57
"Lynn, Lance",458681,2018,700
"Pazos, James",572021,2017,240
"Keller, Kyle",664918,2019,46
"Erlin, Robbie",572362,2015,65
"Okert, Steven",595345,2016,58
"Otero, Dan",519096,2019,131
"Wingenter, Trey",622259,2018,81
"Thatcher, Joe",491159,2015,100
"Bergman, Christian",548357,2016,119
"Brooks, Aaron",605156,2019,482
"Chen, Wei-Yin",612672,2019,307
"Maton, Phil",664208,2018,214
"Triggs, Andrew",592811,2017,283
"Ynoa, Gabriel",593679,2017,147
"Chavez, Jesse",445926,2019,337
"Musgrove, Joe",605397,2017,461
"Rondón, Héctor",444468,2020,97
"Ferguson, Caleb",657571,2019,204
"Petricka, Jake",502593,2015,220
"Vogelsong, Ryan",285064,2015,598
"Webb, Ryan",444436,2015,204
"Díaz, Edwin",621242,2019,254
"Zych, Tony",543964,2016,60
"Agrazal, Dario",642607,2019,321
"Guerra, Deolis",500610,2016,220
"Scott, Tanner",656945,2019,122
"González, Chi Chi",592346,2016,62
"Poyner, Bobby",596074,2019,49
"Bumgarner, Madison",518516,2016,912
"Happ, J.A.",457918,2020,196
"Iwakuma, Hisashi",547874,2015,516
"Lail, Brady",621078,2020,71
"Jeffress, Jeremy",502026,2015,285
"Hagadone, Nick",444935,2015,124
"Meyer, Alex",543542,2016,117
"Ynoa, Michael",573589,2016,135
"Toussaint, Touki",657053,2018,123
"Zimmermann, Jordan",519455,2015,831
"Gonzalez, Gio",461829,2015,758
"Leake, Mike",502190,2016,757
"Thorpe, Lewis",626929,2020,77
"Anderson, Tyler",542881,2020,260
"Peacock, Brad",502748,2016,127
"Gossett, Daniel",605254,2017,414
"Rodriguez, Eduardo",593958,2016,457
"Karns, Nate",501992,2017,188
"Morton, Charlie",450203,2018,695
"Peralta, Wandy",593974,2020,114
"Rogers, Taylor",573124,2019,278
"Blazek, Michael",518468,2016,201
"Dayton, Grant",594795,2020,117
"Qualls, Chad",430589,2016,152
"Maeda, Kenta",628317,2019,624
"Oberg, Scott",623184,2018,228
"Paxton, James",572020,2020,90
"Mahle, Greg",657670,2016,86
"Sims, Lucas",608371,2019,177
"Pruitt, Austin",643493,2017,371
"Foster, Matt",641582,2020,109
"Mengden, Daniel",596043,2017,169
"Steckenrider, Drew",608716,2019,58
"Verrett, Logan",548337,2016,406
"Torres, Carlos",448614,2016,339
"Bassitt, Chris",605135,2020,261
"Zimmer, Kyle",622092,2020,91
"Bradley, Archie",605151,2019,317
"Estrada, Marco",462136,2019,106
"Koch, Matt",571863,2019,96
"Hellickson, Jeremy",476451,2019,183
"Santana, Ervin",429722,2015,457
"Pérez, Oliver",424144,2019,173
"Cooney, Tim",608641,2015,130
"Goeddel, Erik",592340,2015,132
"Fien, Casey",502272,2015,257
"Gonzalez, Gio",461829,2020,153
"Morris, Bryan",457768,2016,74
"Coleman, Louis",488786,2016,211
"Rainey, Tanner",663432,2019,214
"Stashak, Cody",664054,2019,104
"Rusin, Chris",543734,2017,340
"Rodriguez, Eduardo",593958,2017,582
"Floro, Dylan",571670,2020,98
"Janssen, Casey",445163,2015,167
"Montero, Rafael",606160,2016,93
"Kela, Keone",605309,2018,212
"Hamels, Cole",430935,2015,880
"Blach, Ty",621389,2018,512
"Shreve, Chasen",592741,2015,251
"Milone, Tommy",543548,2015,543
"Guerra, Deolis",500610,2015,74
"Vargas, Jason",450306,2019,649
"Yates, Kirby",489446,2018,250
"Feldman, Scott",444857,2016,338
"Holder, Jonathan",656547,2020,101
"López, Jorge",605347,2015,46
"Keuchel, Dallas",572971,2017,583
"McAllister, Zach",502083,2016,233
"Russell, James",460701,2015,148
"Jones, Nate",518858,2019,47
"Conley, Adam",543045,2019,283
"Peralta, Freddy",642547,2019,382
"Syndergaard, Noah",592789,2019,824
"Roe, Chaz",475054,2015,177
"Payano, Pedro",622797,2019,103
"Junis, Jakob",596001,2018,758
"Giles, Ken",571704,2019,208
"Qualls, Chad",430589,2015,202
"Hill, Rich",448179,2015,106
"Dugger, Robert",667498,2020,56
"Perdomo, Luis",606131,2017,716
"Hoover, J.J.",543331,2016,97
"Barlow, Scott",605130,2019,310
"Elías, Roenis",606273,2019,216
"Romano, Sal",607219,2018,644
"Salas, Fernando",477569,2015,269
"Kendrick, Kyle",452718,2015,629
"Siegrist, Kevin",543779,2015,312
"deGrom, Jacob",594798,2016,604
"Romo, Sergio",489265,2020,87
"Beck, Chris",571476,2016,123
"Font, Wilmer",521655,2018,192
"Petricka, Jake",502593,2018,208
"Morgan, Adam",605388,2015,352
"Jiménez, Joe",641729,2017,99
"Bleier, Richard",542947,2016,92
"Cosart, Jarred",543054,2015,296
"García, Luis",472610,2016,76
"Motte, Jason",435400,2017,166
"Keller, Brad",641745,2019,709
"Duffey, Tyler",608648,2018,107
"Iglesias, Raisel",628452,2019,279
"Freeland, Kyle",607536,2017,688
"Santana, Ervin",429722,2017,863
"Suárez, Albert",544150,2016,355
"Wojciechowski, Asher",592879,2020,168
"Givens, Mychal",571710,2015,117
"Smith, Will",519293,2018,210
"Romero, Enny",544836,2018,61
"Guduan, Reymin",594056,2017,83
"Alvarez, Jose",501625,2016,256
"Gibaut, Ian",664139,2020,59
"Morgan, Adam",605388,2018,213
"Hughes, Jared",453172,2017,244
"Tomlin, Josh",458708,2017,585
"Melancon, Mark",453343,2017,130
"Jordan, Taylor",518863,2015,77
"Cedeño, Xavier",458584,2016,173
"Duffey, Tyler",608648,2016,596
"Shoemaker, Matt",533167,2016,668
"Dayton, Grant",594795,2016,101
"Stratton, Chris",608717,2018,625
"Warren, Adam",476589,2015,534
"García, Jason",592329,2015,132
"McFarland, T.J.",519008,2016,112
"Stroman, Marcus",573186,2019,774
"Gómez, Jeanmar",491646,2019,73
"Cimber, Adam",643256,2019,244
"Porcello, Rick",519144,2019,768
"Biagini, Joe",607352,2019,281
"Venditte, Pat",519381,2018,57
"Venditte, Pat",519381,2018,57
"Eickhoff, Jerad",595191,2016,811
"Belisle, Matt",279571,2015,149
"Biddle, Jesse",592145,2018,266
"Maurer, Brandon",543506,2018,160
"Gallardo, Yovani",451596,2017,578
"Lynn, Lance",458681,2015,751
"Thompson, Jake",622097,2016,237
"Marshall, Evan",605359,2020,93
"Ureña, José",570632,2015,274
"Maton, Phil",664208,2017,180
"Hoyt, James",624586,2020,62
"Abad, Fernando",472551,2016,198
"Wittgren, Nick",621295,2016,213
"Gonsalves, Stephen",624427,2018,122
"Boyd, Matthew",571510,2017,605
"Bradley, Archie",605151,2020,73
"Valdez, Framber",664285,2018,154
"Plutko, Adam",592644,2018,326
"De La Rosa, Jorge",407822,2018,243
"Brennan, Brandon",592165,2019,195
"Garza, Matt",490063,2015,666
"Ventura, Yordano",570649,2016,816
"Giolito, Lucas",608337,2017,179
"Peters, Dillon",596071,2018,129
"Armstrong, Shawn",542888,2017,108
"Velázquez, Hector",584171,2018,370
"Maurer, Brandon",543506,2017,267
"Morton, Charlie",450203,2015,563
"Hatch, Thomas",641672,2020,109
"Woodruff, Brandon",605540,2017,184
"Coulombe, Danny",543056,2018,98
"Axelrod, Dylan",518420,2015,59
"Helsley, Ryan",664854,2019,153
"Rzepczynski, Marc",519240,2018,57
"Hunter, Tommy",488984,2016,139
"Graveman, Kendall",608665,2020,77
"Valdez, Phillips",570488,2020,137
"Means, John",607644,2019,637
"Floro, Dylan",571670,2018,271
"Verlander, Justin",434378,2018,833
"Rodriguez Jr., Fernando",451775,2015,242
"Chen, Wei-Yin",612672,2017,132
"Strahm, Matt",621381,2016,88
"Holland, Greg",518813,2019,152
"Kittredge, Andrew",552640,2018,181
"Wilson, Justin",458677,2018,236
"McAllister, Zach",502083,2018,198
"Kintzler, Brandon",445213,2016,224
"Ottavino, Adam",493603,2016,107
"Alvarez, Dario",516714,2016,114
"Germán, Domingo",593334,2018,375
"Martin, Chris",455119,2015,99
"Manaea, Sean",640455,2016,594
"Antone, Tejay",622088,2020,141
"Thornton, Matt",407819,2016,77
"Smith, Caleb",592761,2017,86
"Ramírez, José",542432,2016,143
"Fry, Jace",605240,2018,214
"Edwards, Jon",457754,2015,75
"Liriano, Francisco",434538,2016,731
"Robles, Hansel",570663,2016,331
"Brubaker, JT",664141,2020,205
"Velasquez, Vince",592826,2019,516
"Cahill, Trevor",502239,2015,187
"Phillips, Evan",623465,2020,68
"López, Pablo",641154,2018,247
"Morgan, Adam",605388,2016,507
"Ellington, Brian",623395,2016,141
"Hart, Donnie",643354,2018,99
"Rodriguez, Eduardo",593958,2018,553
"Rodón, Carlos",607074,2015,607
"Pagán, Emilio",641941,2020,87
"Tropeano, Nick",607374,2018,316
"Gant, John",607231,2018,487
"Rzepczynski, Marc",519240,2016,215
"García, Jarlín",606424,2020,74
"Green, Chad",643338,2016,198
"Liberatore, Adam",571893,2016,176
"Treinen, Blake",595014,2015,280
"Kluber, Corey",446372,2016,860
"Luzardo, Jesús",666200,2019,46
"Gearrin, Cory",518715,2018,248
"Chafin, Andrew",605177,2017,221
"Goforth, David",592341,2015,111
"DeSclafani, Anthony",543101,2015,785
"Samardzija, Jeff",502188,2015,910
"Tomlin, Josh",458708,2016,725
"Dickey, R.A.",285079,2017,815
"Pomeranz, Drew",519141,2020,73
"Montas, Frankie",593423,2018,283
"Barnes, Jacob",606930,2017,304
"Barbato, Johnny",592127,2016,57
"VerHagen, Drew",572403,2017,145
"Wilson, Justin",458677,2019,166
"Nola, Aaron",605400,2016,483
"García, Rony",665621,2020,96
"Stroman, Marcus",573186,2017,834
"Minor, Mike",501985,2020,239
"O'Day, Darren",503285,2016,131
"Solís, Sammy",519301,2017,112
"Yates, Kirby",489446,2015,92
"Jansen, Kenley",445276,2016,251
"Goody, Nick",580792,2020,55
"Rumbelow, Nick",592705,2018,77
"Cotton, Jharel",605194,2017,564
"Finnegan, Kyle",640448,2020,107
"Means, John",607644,2020,176
"Dickey, R.A.",285079,2016,728
"Castro, Miguel",612434,2019,319
"Strahm, Matt",621381,2018,245
"Johnson, Erik",605304,2016,146
"Jennings, Dan",543359,2017,266
"Manship, Jeff",453249,2015,144
"Montgomery, Mike",543557,2018,534
"Pineda, Michael",501381,2017,410
"Roe, Chaz",475054,2017,44
"Ryan, Kyle",594986,2019,260
"Magill, Matt",543483,2020,45
"Stumpf, Daniel",621385,2018,173
"Cecil, Brett",446399,2017,277
"Eveland, Dana",445968,2016,120
"Plutko, Adam",592644,2019,462
"Anderson, Justin",605121,2018,240
"Stumpf, Daniel",621385,2019,135
"García, Jaime",448802,2017,673
"Pelfrey, Mike",460059,2017,546
"Scherzer, Max",453286,2020,295
"Altavilla, Dan",656186,2018,85
"Oswalt, Corey",621261,2018,282
"Vázquez, Felipe",553878,2017,300
"Castro, Miguel",612434,2015,83
"Clarke, Taylor",664199,2019,369
"Tanaka, Masahiro",547888,2020,197
"Rosenthal, Trevor",572096,2017,202
"LeBlanc, Wade",453281,2017,283
"Harvey, Matt",518774,2015,754
"Cashner, Andrew",488768,2016,587
"Mariñez, Jhan",501697,2016,269
"Martin, Brett",656685,2020,61
"Bassitt, Chris",605135,2016,133
"Maeda, Kenta",628317,2017,557
"Santana, Edgar",650828,2017,81
"Gallegos, Giovanny",606149,2017,87
"Hendricks, Kyle",543294,2015,739
"Raley, Brooks",548384,2020,84
"Turley, Nik",543867,2020,92
"Flaherty, Jack",656427,2019,772
"Yacabonis, Jimmy",642231,2019,193
"Williams, Trevor",592866,2017,642
"Triggs, Andrew",592811,2016,238
"Fiers, Mike",571666,2020,257
"Manaea, Sean",640455,2020,222
"Dayton, Grant",594795,2019,51
"Tanaka, Masahiro",547888,2017,751
"Surkamp, Eric",474668,2016,197
"Freeland, Kyle",607536,2018,844
"Bedrosian, Cam",592135,2017,190
"Merryweather, Julian",657240,2020,55
"Edwards Jr., Carl",605218,2016,138
"Smith, Josh A.",595001,2017,151
"Baker, Scott",435044,2015,45
"Roe, Chaz",475054,2018,203
"Britton, Zack",502154,2017,161
"Sánchez, Aníbal",434671,2016,668
"McKay, Brendan",656713,2019,216
"Gallardo, Yovani",451596,2018,421
"Roark, Tanner",543699,2016,855
"Shaw, Bryan",543766,2017,312
"Rea, Colin",607067,2020,62
"Drake, Oliver",543118,2020,45
"Law, Derek",571882,2018,66
"Hu, Chih-Wei",629496,2018,50
"Treinen, Blake",595014,2017,325
"Rogers, Taylor",573124,2020,91
"Rodriguez, Wandy",434643,2015,392
"Blair, Aaron",594760,2016,324
"Hudson, Daniel",543339,2020,92
"Cotham, Caleb",571584,2016,117
"Hernández, Jonathan",642546,2019,78
"Harvey, Matt",518774,2017,431
"Owens, Henry",596064,2015,272
"Loup, Aaron",571901,2020,96
"Rogers, Josh",642028,2019,69
"Martinez, Carlos",593372,2020,104
"Darvish, Yu",506433,2019,731
"Lockett, Walker",621141,2019,103
"Milone, Tommy",543548,2018,118
"Nicolino, Justin",592593,2015,301
"Tarpley, Stephen",605501,2020,53
"Rodriguez Jr., Fernando",451775,2016,163
"Avilán, Luis",501593,2019,141
"Shields, James",448306,2017,516
"Sandoval, Patrick",663776,2020,159
"De La Rosa, Jorge",407822,2015,634
"Loáisiga, Jonathan",642528,2020,100
"Holland, Greg",518813,2017,235
"Guerra, Javy",642770,2020,67
"Lyles, Jordan",543475,2019,599
"Jeffress, Jeremy",502026,2019,225
"Underwood Jr., Duane",621249,2019,51
"Strasburg, Stephen",544931,2015,523
"Ríos, Yacksel",605441,2017,73
"Manship, Jeff",453249,2016,189
"Barrett, Jake",545332,2016,250
"Hernández, Ariel",554374,2017,108
"Adams, Chance",664856,2019,124
"Altavilla, Dan",656186,2019,64
"Glasnow, Tyler",607192,2016,105
"Sheffield, Justus",656954,2019,168
"Shoemaker, Matt",533167,2018,130
"Giles, Ken",571704,2017,247
"Griffin, A.J.",456167,2016,509
"Anderson, Tyler",542881,2018,736
"Ramírez, Erasmo",541640,2015,665
"Avilán, Luis",501593,2017,194
"Glover, Koda",606983,2016,83
"Williams, Trevor",592866,2019,636
"Casilla, Santiago",433586,2016,241
"Sánchez, Angel",605795,2017,54
"Stratton, Chris",608717,2019,344
"Broxton, Jonathan",455009,2016,259
"Clevinger, Mike",605182,2016,233
"Schultz, Bo",544759,2016,68
"Cordier, Erik",449170,2015,56
"Norris, Bud",502032,2016,495
"Díaz, Edwin",621242,2020,109
"Pannone, Thomas",623381,2018,181
"Teheran, Julio",527054,2015,843
"Font, Wilmer",521655,2019,357
"Devenski, Chris",606965,2019,298
"Taillon, Jameson",592791,2019,158
"Greene, Shane",572888,2016,256
"Bush, Matt",456713,2016,243
"Friedrich, Christian",543184,2016,567
"Mazza, Chris",607391,2019,74
"Colon, Bartolo",112526,2015,815
"Gonzalez, Gio",461829,2016,765
"Makita, Kazuhisa",628318,2018,149
"Pivetta, Nick",601713,2018,694
"Tropeano, Nick",607374,2016,296
"Warren, Adam",476589,2016,277
"Arano, Víctor",644364,2018,246
"Flexen, Chris",623167,2017,233
"Gott, Trevor",641627,2020,57
"Wagner, Tyler",621281,2016,40
"Barnes, Matt",598264,2018,265
"Hunter, Tommy",488984,2015,249
"Burnes, Corbin",669203,2020,240
"Margevicius, Nick",676606,2019,263
"Tarpley, Stephen",605501,2019,120
"Smoker, Josh",519294,2017,267
"Ventura, Yordano",570649,2015,693
"Scherzer, Max",453286,2016,902
"Smith, Joe",501925,2019,96
"Hellickson, Jeremy",476451,2018,370
"Warren, Adam",476589,2018,223
"Wacha, Michael",608379,2018,355
"Greinke, Zack",425844,2018,839
"Lester, Jon",452657,2015,827
"Senzatela, Antonio",622608,2020,303
"Paulino, David",600944,2017,127
"Peña, Félix",570240,2019,407
"Suárez, Andrew",605498,2019,148
"Wood, Blake",502028,2017,332
"Crick, Kyle",605195,2017,134
"Foltynewicz, Mike",592314,2017,692
"Weaver, Luke",596133,2020,236
"Swarzak, Anthony",461872,2017,303
"Liriano, Francisco",434538,2018,586
"Barraclough, Kyle",607457,2015,98
"Uehara, Koji",493157,2015,160
"Familia, Jeurys",544727,2016,321
"Vizcaíno, Arodys",527055,2016,181
"Leone, Dominic",608678,2019,180
"Martinez, Carlos",593372,2017,858
"Martinez, Carlos",593372,2015,755
"Gausman, Kevin",592332,2015,470
"Ogando, Alexi",468396,2015,277
"Boyer, Blaine",430641,2016,282
"Harris, Will",501789,2019,229
"Gregg, Kevin",276514,2015,51
"Greene, Shane",572888,2019,252
"Boshers, Buddy",542953,2019,91
"Harang, Aaron",421685,2015,748
"Roe, Chaz",475054,2019,229
"Gerber, Joey",680702,2020,62
"Stripling, Ross",548389,2019,370
"Peña, Félix",570240,2018,389
"Nuño, Vidal",573064,2016,247
"Aro, Jonathan",608167,2015,49
"Keller, Mitch",656605,2019,227
"Barlow, Scott",605130,2018,65
"Alexander, Scott",518397,2018,268
"Salazar, Danny",517593,2016,584
"Hernández, Jonathan",642546,2020,125
"Tepera, Ryan",572193,2017,319
"Casilla, Santiago",433586,2018,131
"McAllister, Zach",502083,2017,249
"Baumann, Buddy",571473,2017,72
"Miller, Justin",502522,2015,129
"Meyer, Ben",656738,2018,97
"Herrera, Kelvin",516969,2017,258
"Gilmartin, Sean",543219,2015,235
"Snell, Blake",605483,2020,203
"Bedrosian, Cam",592135,2019,258
"Iglesias, Raisel",628452,2017,306
"Greene, Shane",572888,2015,373
"Valdez, Framber",664285,2020,288
"Coke, Phil",457435,2015,56
"Givens, Mychal",571710,2019,260
"Pérez, Oliver",424144,2018,120
"Iwakuma, Hisashi",547874,2017,128
"Harris, Will",501789,2020,84
"Geltz, Steve",544993,2016,112
"Beck, Chris",571476,2017,294
"Castellani, Ryan",624418,2020,189
"Scott, Robby",582494,2017,141
"Lucchesi, Joey",664192,2019,686
"Greinke, Zack",425844,2015,843
"Buchter, Ryan",488748,2019,198
"Light, Pat",572990,2016,91
"Gonzalez, Gio",461829,2018,746
"Parker, Blake",453284,2018,276
"Hendriks, Liam",521230,2016,275
"Hand, Brad",543272,2016,364
"Masset, Nick",434665,2015,113
"De Jong, Chase",608328,2018,74
"Lynn, Lance",458681,2017,776
"Gohara, Luiz",627894,2018,82
"Jiménez, Ubaldo",434622,2017,648
"Gray, Jon",592351,2017,461
"Williams, Devin",642207,2020,100
"Altavilla, Dan",656186,2016,48
"Brebbia, John",605154,2019,304
"Carroll, Cody",606944,2018,84
"Jansen, Kenley",445276,2015,200
"Happ, J.A.",457918,2016,796
"Kay, Anthony",641743,2020,98
"Wilkerson, Aaron",658792,2017,37
"Barnes, Jacob",606930,2019,160
"Selman, Sam",572125,2019,44
"Goody, Nick",580792,2016,128
"Cobb, Alex",502171,2016,104
"Mikolas, Miles",571945,2019,764
"Wilson, Alex",543935,2018,245
"Iwakuma, Hisashi",547874,2016,836
"Young, Chris",432934,2016,406
"Duke, Zach",435043,2016,258
"Wojciechowski, Asher",592879,2015,79
"Matz, Steven",571927,2015,149
"Rodríguez, Dereck",605446,2019,439
"Harvey, Matt",518774,2020,65
"Armstrong, Shawn",542888,2020,57
"Barnes, Danny",592130,2018,190
"Stephenson, Robert",596112,2016,170
"Osuna, Roberto",532077,2019,253
"Lockett, Walker",621141,2018,76
"Bridwell, Parker",592170,2017,492
"Barlow, Scott",605130,2020,125
"Alexander, Scott",518397,2016,84
"Marshall, Evan",605359,2019,209
"Haren, Dan",429717,2015,768
"Davis, Austin",656354,2018,152
"Ryu, Hyun Jin",547943,2018,324
"Colon, Bartolo",112526,2017,648
"Guerra, Javy",457915,2020,70
"Ramos, AJ",573109,2017,258
"Correia, Kevin",429781,2015,114
"Minaya, Juan",573668,2018,209
"Fry, Paul",643316,2020,98
"Webb, Jacob",657097,2020,40
"Swanson, Erik",657024,2019,245
"Wacha, Michael",608379,2015,762
"Chavez, Jesse",445926,2018,377
"Stratton, Chris",608717,2020,131
"Broxton, Jonathan",455009,2017,78
"Deduno, Samuel",465679,2015,96
"Miller, Andrew",453192,2019,236
"Holmberg, David",571787,2017,272
"Cueto, Johnny",456501,2016,881
"Henderson, Jim",449104,2016,155
"Strahm, Matt",621381,2017,154
"Cueto, Johnny",456501,2015,866
"Ynoa, Gabriel",593679,2019,480
"Montgomery, Jordan",656756,2018,116
"McGowan, Dustin",430661,2016,279
"Walker, Taijuan",592836,2020,225
"Duffy, Danny",518633,2018,692
"Vincent, Nick",543883,2017,262
"Chafin, Andrew",605177,2016,98
"Severino, Luis",622663,2018,780
"Cole, A.J.",595918,2018,221
"Díaz, Jairo",545064,2020,106
"Holland, Derek",502706,2019,376
"Cervenka, Hunter",543017,2016,182
"Axford, John",446099,2016,289
"Wisler, Matt",605538,2019,224
"Hamels, Cole",430935,2018,805
"Villarreal, Pedro",543881,2015,214
"Kershaw, Clayton",477132,2019,706
"Gustave, Jandel",594311,2016,60
"Medina, Yoervis",500721,2015,97
"Kolarek, Adam",592473,2018,141
"Nola, Aaron",605400,2018,831
"Crichton, Stefan",592233,2017,62
"Garton, Ryan",623439,2016,171
"Rondón, Héctor",444468,2019,257
"Bassitt, Chris",605135,2018,204
"Kelly, Casey",543391,2015,56
"Wisler, Matt",605538,2020,107
"Smith, Josh D.",605479,2019,64
"Ramos, Edubray",591693,2018,173
"Bumgarner, Madison",518516,2017,450
"De Fratus, Justin",518603,2015,362
"Zimmermann, Jordan",519455,2016,450
"Hoffman, Jeff",656546,2020,104
"Leclerc, José",600917,2017,200
"Méndez, Yohander",622795,2018,121
"Grilli, Jason",276351,2016,251
"Maurer, Brandon",543506,2016,300
"Alvarado, José",621237,2019,146
"Santana, Dennis",642701,2020,73
"Cole, Gerrit",543037,2018,799
"deGrom, Jacob",594798,2018,835
"Marquis, Jason",150302,2015,216
"Colomé, Alex",517008,2016,226
"Yarbrough, Ryan",642232,2019,563
"Suter, Brent",608718,2018,424
"Adams, Austin",613534,2019,130
"Claudio, Alex",592222,2015,66
"Kikuchi, Yusei",579328,2019,721
"Machi, Jean",466948,2015,257
"Hill, Tim",657612,2019,161
"Colón J, Joe",571572,2016,50
"Samardzija, Jeff",502188,2018,207
"Rodney, Fernando",407845,2018,285
"Norris, Daniel",596057,2016,302
"Ryu, Hyun Jin",547943,2020,275
"Smith, Caleb",592761,2019,646
"Albers, Matt",458006,2017,233
"Ross, Tyson",475115,2015,823
"Germán, Domingo",593334,2017,62
"Drake, Oliver",543118,2016,74
"Woodruff, Brandon",605540,2018,176
"Bibens-Dirkx, Austin",502212,2018,203
"Teheran, Julio",527054,2017,812
"Barnes, Danny",592130,2017,265
"Rogers, Taylor",573124,2016,264
"Cody, Kyle",621129,2020,92
"Godley, Zack",643327,2015,150
"Miller, Shelby",571946,2018,79
"Graves, Brett",605255,2018,148
"Brooks, Aaron",605156,2015,250
"Schugel, A.J.",519263,2017,136
"Shepherd, Chandler",605469,2019,84
"Santos, Luis",608601,2018,91
"Kennedy, Ian",453178,2017,655
"Markel, Parker",571917,2019,110
"Brach, Brad",542960,2018,289
"Norris, Daniel",596057,2017,459
"Madson, Ryan",425492,2015,248
"Barnes, Matt",598264,2016,288
"Shipley, Braden",640463,2017,121
"Jansen, Kenley",445276,2018,289
"Pressly, Ryan",519151,2018,292
"Collins, Tim",525768,2018,99
"Smith, Will",519293,2016,167
"Maddox, Austin",545348,2017,67
"Jones, Nate",518858,2016,274
"Delabar, Steve",447755,2015,129
"Parker, Blake",453284,2016,79
"Archer, Chris",502042,2019,526
"Gaviglio, Sam",543208,2018,548
"Bettis, Chad",518452,2016,814
"Mayers, Mike",594577,2020,121
"Strop, Pedro",467008,2015,270
"Strickland, Hunter",519326,2016,250
"Wilson, Bryse",669060,2020,73
"Wilson, Bryse",669060,2019,93
"Verlander, Justin",434378,2017,849
"Winkler, Dan",595465,2020,76
"Gibson, Kyle",502043,2020,301
"Sánchez, Aníbal",434671,2019,712
"Gossett, Daniel",605254,2018,102
"Matz, Steven",571927,2018,654
"Dunn, Mike",445197,2019,75
"Karinchak, James",675916,2020,109
"Ramos, AJ",573109,2018,88
"Jones, Nate",518858,2020,86
"Delgado, Randall",517414,2016,337
"Britton, Zack",502154,2019,244
"Newcomb, Sean",656794,2018,696
"Vázquez, Felipe",553878,2018,296
"Goforth, David",592341,2016,55
"Cole, A.J.",595918,2016,168
"Holder, Jonathan",656547,2019,181
"Rosario, Randy",600968,2019,63
"Soria, Joakim",465657,2019,278
"Newberry, Jake",623470,2018,60
"Goeddel, Erik",592340,2018,155
"Norris, Bud",502032,2018,245
"Quintana, Jose",500779,2015,862
"Hahn, Jesse",534910,2015,406
"Capps, Carter",605169,2015,118
"Peralta, Wandy",593974,2018,227
"Godley, Zack",643327,2020,143
"Cishek, Steve",518553,2020,93
"Alburquerque, Al",456379,2017,71
"Peña, Ariel",516414,2015,120
"Floyd, Gavin",425856,2015,55
"Tropeano, Nick",607374,2020,66
"Maness, Seth",595307,2016,134
"Greene, Shane",572888,2018,279
"Minor, Mike",501985,2017,307
"Hale, David",571735,2020,75
"Garcia, Bryan",650530,2020,93
"Chargois, JT",608638,2016,100
"López, Jorge",605347,2019,548
"Ramírez, Erasmo",541640,2016,378
"Montgomery, Mike",543557,2016,414
"Bailey, Homer",456701,2015,51
"Kennedy, Ian",453178,2020,69
"Hahn, Jesse",534910,2020,65
"Elías, Roenis",606273,2018,210
"Turley, Nik",543867,2017,89
"Houser, Adrian",605288,2019,462
"Verlander, Justin",434378,2016,903
"Fiers, Mike",571666,2016,724
"Cole, A.J.",595918,2020,95
"Feliz, Neftalí",491703,2017,196
"Brigham, Jake",502010,2015,84
"Eades, Ryan",592280,2019,50
"Bolaños, Ronald",671790,2019,88
"Wood, Travis",475243,2015,419
"Wang, Wei-Chung",623913,2019,129
"Suárez, Andrew",605498,2018,665
"Shackelford, Kevin",594992,2017,135
"Doolittle, Sean",448281,2016,155
"Martinez, Nick",607259,2016,179
"Stammen, Craig",489334,2019,339
"Heuer, Codi",676051,2020,92
"Rienzo, André",516589,2015,89
"Mills, Alec",621219,2019,152
"Ross, Joe",605452,2018,68
"Sewald, Paul",623149,2017,275
"Pomeranz, Drew",519141,2017,739
"Chirinos, Yonny",630023,2019,530
"Norris, Daniel",596057,2018,200
"Weaver, Luke",596133,2018,609
"Jeffress, Jeremy",502026,2017,295
"Hughes, Jared",453172,2016,257
"Hoover, J.J.",543331,2017,197
"Kolarek, Adam",592473,2020,72
"Johnson, Pierce",572955,2020,80
"Drake, Oliver",543118,2019,219
"Berríos, José",621244,2017,616
"Clippard, Tyler",461325,2017,264
"Pimentel, Stolmy",516935,2015,46
"Koch, Matt",571863,2018,360
"Rodríguez, Paco",572089,2015,42
"Verrett, Logan",548337,2015,190
"Martin, Chris",455119,2018,177
"Carrasco, Carlos",471911,2017,798
"Gray, Jon",592351,2016,711
"Velasquez, Vince",592826,2015,231
"Allen, Cody",592102,2016,264
"Diekman, Jake",518617,2017,45
"Cedeño, Xavier",458584,2015,189
"Kennedy, Brett",664028,2018,128
"Shoemaker, Matt",533167,2017,326
"Storen, Drew",519322,2017,246
"Foltynewicz, Mike",592314,2015,399
"Thompson, Ryan",657044,2020,114
"Kimbrel, Craig",518886,2017,254
"O'Rourke, Ryan",594951,2016,101
"Wood, Blake",502028,2018,47
"Straily, Dan",573185,2017,769
"Smith, Riley",642092,2020,70
"Nix, Jacob",656798,2018,190
"Biagini, Joe",607352,2018,328
"Andriese, Matt",542882,2015,282
"Smith, Burch",572143,2020,44
"Samardzija, Jeff",502188,2019,740
"Avilán, Luis",501593,2018,197
"Shoemaker, Matt",533167,2020,115
"Baragar, Caleb",670056,2020,88
"Wacha, Michael",608379,2017,701
"Pomeranz, Drew",519141,2015,357
"Thayer, Dale",445612,2015,158
"Miller, Andrew",453192,2016,275
"Brice, Austin",592169,2019,199
"Reyes, Alex",621052,2020,86
"Greene, Shane",572888,2020,109
"Díaz, Miguel",622766,2017,192
"Skoglund, Eric",607215,2017,93
"Hirano, Yoshihisa",673633,2019,233
"Hand, Brad",543272,2018,301
"DeSclafani, Anthony",543101,2018,484
"Oh, Seunghwan",493200,2017,264
"Robles, Hansel",570663,2020,80
"Greinke, Zack",425844,2020,273
"Familia, Jeurys",544727,2019,274
"Dugger, Robert",667498,2019,156
"Duffy, Danny",518633,2017,609
"Delgado, Randall",517414,2015,307
"Miller, Andrew",453192,2017,244
"Jackson, Edwin",429719,2019,336
"Oh, Seunghwan",493200,2019,88
"Stephenson, Robert",596112,2018,63
"Diaz, Jumbo",471822,2015,255
"Petit, Yusmeiro",433589,2016,265
"Roberts, Ken",594977,2015,65
"Marshall, Evan",605359,2016,79
"Blevins, Jerry",460283,2016,178
"Shawaryn, Mike",642067,2019,103
"Petit, Yusmeiro",433589,2015,316
"Perdomo, Luis",606131,2016,661
"Márquez, Germán",608566,2016,98
"Bednar, David",670280,2019,48
"Weaver, Jered",450308,2015,669
"Santana, Ervin",429722,2018,114
"Heston, Chris",518790,2015,746
"Chavez, Jesse",445926,2015,672
"De Jong, Chase",608328,2017,125
"Osich, Josh",592612,2016,159
"Logan, Boone",457429,2018,58
"Kuhl, Chad",641771,2018,373
"Sánchez, Aníbal",434671,2018,553
"Minter, A.J.",621345,2020,85
"Díaz, Edwin",621242,2017,278
"Buchanan, Jake",594772,2017,77
"Albers, Andrew",452027,2016,85
"Moronta, Reyes",606625,2019,245
"Peralta, Wily",503449,2017,269
"Price, David",456034,2017,317
"Ray, Robbie",592662,2015,545
"Finnegan, Brandon",605232,2016,734
"Beeks, Jalen",656222,2020,81
"Hudson, Daniel",543339,2018,197
"Godley, Zack",643327,2016,335
"Ramirez, Nick",598286,2019,348
"De La Rosa, Jorge",407822,2016,614
"Davies, Zach",605200,2020,276
"Ramos, Edubray",591693,2016,160
"Hamels, Cole",430935,2019,617
"Heaney, Andrew",571760,2015,438
"Hughes, Jared",453172,2015,284
"Conley, Adam",543045,2017,463
"Ross, Joe",605452,2017,322
"Guilbeau, Taylor",607555,2019,51
"Turnbull, Spencer",605513,2018,69
"Despaigne, Odrisamer",628333,2017,254
"Farquhar, Danny",543144,2017,215
"Hoover, J.J.",543331,2015,264
"Chapman, Aroldis",547973,2015,278
"Chamberlain, Joba",501955,2016,82
"Neris, Héctor",593576,2017,320
"De La Cruz, Joel",503444,2016,276
"Bubic, Kris",663460,2020,222
"Musgrove, Joe",605397,2020,166
"Alvarez, Henderson",506693,2017,67
"Weaver, Luke",596133,2016,167
"Adams, Austin",542866,2019,80
"Fulmer, Carson",608334,2019,133
"Cedeño, Xavier",458584,2018,140
"Colon, Bartolo",112526,2018,628
"McAllister, Zach",502083,2015,299
"Turnbull, Spencer",605513,2020,242
"Capps, Carter",605169,2017,49
"Oberg, Scott",623184,2016,113
"Neris, Héctor",593576,2016,328
"Weber, Ryan",543901,2016,157
"Boyd, Matthew",571510,2019,788
"Rosenthal, Trevor",572096,2019,85
"Hendricks, Kyle",543294,2016,745
"Rowley, Chris",635903,2017,89
"Brothers, Rex",571521,2017,105
"Billingsley, Chad",451532,2015,165
"Ponce de Leon, Daniel",594965,2019,203
"Anderson, Tyler",542881,2017,362
"Smyly, Drew",592767,2015,275
"Gearrin, Cory",518715,2019,241
"Watson, Tony",453265,2020,73
"Littell, Zack",641793,2018,101
"Bolsinger, Mike",502211,2015,466
"Ramirez, Carlos",570702,2017,58
"Weaver, Jered",450308,2016,766
"Neris, Héctor",593576,2015,170
"Rondón, Héctor",444468,2018,250
"Solís, Sammy",519301,2015,94
"Smeltzer, Devin",656970,2020,72
"Wheeler, Zack",554430,2018,744
"Bass, Anthony",542914,2015,272
"García, Yimi",554340,2020,60
"Lambert, Peter",663567,2019,420
"Foltynewicz, Mike",592314,2019,491
"Pérez, Williams",554234,2015,514
"Pineda, Michael",501381,2020,111
"Holmberg, David",571787,2015,136
"Brown, Brooks",453156,2015,147
"Wood, Alex",622072,2015,801
"Loewen, Adam",429400,2015,93
"Morejon, Adrian",670970,2020,79
"Farmer, Buck",571656,2016,131
"Zimmermann, Jordan",519455,2019,504
"Ray, Robbie",592662,2016,776